Template_ID,Donor_Type,Solvent,Solvent_Component_IDs,Catalyst,Catalyst_Component_IDs,Temp_C,Time_min,has_solvent,has_catalyst,has_temp,has_time,Template_Support_Count,Alpha_Success_Count,Beta_Success_Count,Representative_Reaction_ID,Supporting_Reaction_IDs,Supporting_Sources,Condition_Recipe_Completeness,Unique_Full_Reaction_Count
CT_81a57c8eff2f7237,thioglycoside,Dichloromethane,3,N-Iodosuccinimide,5,25.0,30.0,1,1,1,1,66,26,40,31-013-CAS-15304342,31-013-CAS-10140172;31-013-CAS-10233903;31-013-CAS-11290150;31-013-CAS-11369982;31-013-CAS-11416677;31-013-CAS-11796224;31-013-CAS-1183257;31-013-CAS-12119921;31-013-CAS-12273664;31-013-CAS-1281187;31-013-CAS-13149231;31-013-CAS-13476910;31-013-CAS-13925780;31-013-CAS-14240488;31-013-CAS-14741869;31-013-CAS-15150591;31-013-CAS-15280740;31-013-CAS-15304342;31-013-CAS-15500340;31-013-CAS-1686035;31-013-CAS-1712789;31-013-CAS-1891598;31-013-CAS-18987289;31-013-CAS-18987290;31-013-CAS-18987292;31-013-CAS-19796379;31-013-CAS-20623534;31-013-CAS-20818644;31-013-CAS-20818648;31-013-CAS-21013682;31-013-CAS-2220531;31-013-CAS-2382764;31-013-CAS-2515446;31-013-CAS-2665220;31-013-CAS-2832294;31-013-CAS-3287675;31-013-CAS-3407711;31-013-CAS-3733563;31-013-CAS-3859987;31-013-CAS-4037463;31-013-CAS-4159257;31-013-CAS-4171613;31-013-CAS-440332;31-013-CAS-4651113;31-013-CAS-4786494;31-013-CAS-503131;31-013-CAS-5127134;31-013-CAS-5440454;31-013-CAS-5548184;31-013-CAS-5891655;31-013-CAS-6023114;31-013-CAS-6495154;31-013-CAS-6916824;31-013-CAS-7578178;31-013-CAS-7643019;31-013-CAS-8100988;31-013-CAS-8143526;31-013-CAS-847824;31-013-CAS-850505;31-013-CAS-8631144;31-013-CAS-9394061;31-013-CAS-9655089;31-013-CAS-9812928;31-013-CAS-9988480;31-614-CAS-39654500;31-614-CAS-44833731,"Angewandte Chemie, International Edition (2023), 62(1), e202211985;Carbohydrate Research (2004), 339(2), 181-193;Chemistry - A European Journal (2004), 10(14), 3517-3524;Chemistry - A European Journal (2005), 11(18), 5457-5467;Chemistry - An Asian Journal (2019), 14(1), 223-234;European Journal of Organic Chemistry (2010), (13), 2565-2570;European Journal of Organic Chemistry (2013), 2013(32), 7382-7390;European Journal of Organic Chemistry (2018), 2018(25), 3312-3316;Journal of Organic Chemistry (2019), 84(23), 15063-15078;Journal of the American Chemical Society (2005), 127(27), 9692-9693;Journal of the American Chemical Society (2009), 131(47), 17394-17405;Journal of the American Chemical Society (2020), 142(1), 456-467;Organic & Biomolecular Chemistry (2012), 10(48), 9570-9582;Synthesis (2024), 56(3), 487-495;Tetrahedron (2008), 64(37), 8685-8691;United States, US20120142560 A1 2012-06-07;United States, US20180264125 A1 2018-09-20;World Intellectual Property Organization, WO2010117803 A2 2010-10-14",skeleton_only; equivalents/concentration/addition_order/atmosphere not available,38
CT_ed2a5d002341800e,thioglycoside,Dichloromethane,3,N-Iodosuccinimide,5,25.0,60.0,1,1,1,1,29,8,21,31-013-CAS-17381406,31-013-CAS-10137508;31-013-CAS-10911479;31-013-CAS-12025130;31-013-CAS-12139860;31-013-CAS-13251956;31-013-CAS-17381406;31-013-CAS-17381408;31-013-CAS-17381410;31-013-CAS-17381412;31-013-CAS-17381425;31-013-CAS-17386196;31-013-CAS-19037577;31-013-CAS-19037590;31-013-CAS-20150689;31-013-CAS-20164630;31-013-CAS-20623539;31-013-CAS-20623541;31-013-CAS-20623543;31-013-CAS-21905508;31-013-CAS-3522722;31-013-CAS-3967489;31-013-CAS-5008597;31-013-CAS-5060810;31-013-CAS-5918493;31-013-CAS-7955565;31-614-CAS-24371495;31-614-CAS-31005281;31-614-CAS-44041084;31-614-CAS-44041095,"ACS Central Science (2017), 3(3), 224-231;Bioconjugate Chemistry (2020), 31(10), 2362-2366;Carbohydrate Research (2006), 341(14), 2420-2425;Carbohydrate Research (2011), 346(14), 2113-2120;Chemistry - A European Journal (2023), 29(64), e202302288;European Journal of Organic Chemistry (2013), 2013(32), 7382-7390;European Journal of Organic Chemistry (2014), 2014(15), 3232-3241;Journal of Medicinal Chemistry (2020), 63(8), 4227-4255;Journal of Organic Chemistry (2019), 84(11), 6576-6588;Journal of the American Chemical Society (2012), 134(37), 15556-15562;Journal of the American Chemical Society (2012), 134(39), 16430-16433;Journal of the American Chemical Society (2013), 135(45), 16895-16903;Organic & Biomolecular Chemistry (2012), 10(15), 3019-3032;Synthesis (2009), (15), 2584-2590;Tetrahedron Letters (2019), 60(12), 860-863;Tetrahedron: Asymmetry (2009), 20(4), 473-477;United States, US20180264125 A1 2018-09-20;World Intellectual Property Organization, WO2017156192 A1 2017-09-14",skeleton_only; equivalents/concentration/addition_order/atmosphere not available,28
CT_59b90124651fa728,thioglycoside,Dichloromethane,3,Triethylamine,4,25.0,60.0,1,1,1,1,20,6,14,31-013-CAS-7917329,31-006-CAS-13795131;31-013-CAS-10462327;31-013-CAS-1058357;31-013-CAS-12414632;31-013-CAS-12548374;31-013-CAS-13317444;31-013-CAS-14430869;31-013-CAS-15444979;31-013-CAS-21905507;31-013-CAS-21905513;31-013-CAS-22660148;31-013-CAS-3447636;31-013-CAS-7917329;31-614-CAS-24371505;31-614-CAS-24501395;31-614-CAS-28412006;31-614-CAS-29779875;31-614-CAS-35398222;31-614-CAS-39596688;31-614-CAS-44130786,"ACS Chemical Biology (2020), 15(9), 2382-2394;Bioconjugate Chemistry (2020), 31(10), 2362-2366;European Journal of Organic Chemistry (2020), 2020(34), 5580-5595;Journal of Medicinal Chemistry (2020), 63(8), 4227-4255;Journal of Medicinal Chemistry (2025), 68(3), 3356-3372;Journal of Organic Chemistry (2016), 81(1), 162-184;Journal of Organic Chemistry (2023), 88(9), 5554-5562;Journal of the American Chemical Society (2007), 129(42), 12795-12800;Journal of the American Chemical Society (2012), 134(21), 8988-8995;Journal of the American Chemical Society (2012), 134(39), 16430-16433;Journal of the American Chemical Society (2013), 135(41), 15382-15391;Organic & Biomolecular Chemistry (2014), 12(13), 2087-2098;United States, US11506664 B1 2022-11-22;World Intellectual Property Organization, WO2013184564 A1 2013-12-12",skeleton_only; equivalents/concentration/addition_order/atmosphere not available,19
CT_b40a24940f02663a,thioglycoside,Dichloromethane,3,Trifluoromethanesulfonic acid,6,25.0,30.0,1,1,1,1,14,10,4,31-013-CAS-10436330,31-013-CAS-10316632;31-013-CAS-10436330;31-013-CAS-11609556;31-013-CAS-12459743;31-013-CAS-17868344;31-013-CAS-22357494;31-013-CAS-4038549;31-013-CAS-8718266;31-013-CAS-8835573;31-614-CAS-23946122;31-614-CAS-23946125;31-614-CAS-37587985;31-614-CAS-37587999;31-614-CAS-37588004,"Carbohydrate Research (2008), 343(17), 2863-2869;Carbohydrate Research (2013), 380, 167-173;Chemistry - A European Journal (2018), 24(16), 4181-4187;Journal of the American Chemical Society (2020), 142(11), 5282-5292;Organic Letters (2021), 23(15), 6137-6142;World Intellectual Property Organization, WO2002057284 A1 2002-07-25;World Intellectual Property Organization, WO2010029185 A1 2010-03-18",skeleton_only; equivalents/concentration/addition_order/atmosphere not available,14
CT_4be0008f1c7d58da,thioglycoside,Dichloromethane;Diethyl ether,3;4,Tosyl chloride,13,25.0,30.0,1,1,1,1,13,3,10,31-013-CAS-17081679,31-013-CAS-11511551;31-013-CAS-11715456;31-013-CAS-11784711;31-013-CAS-17081671;31-013-CAS-17081678;31-013-CAS-17081679;31-013-CAS-17081680;31-013-CAS-553402;31-013-CAS-6854088;31-013-CAS-7451088;31-013-CAS-8978171;31-013-CAS-9587188;31-013-CAS-9669067,"Carbohydrate Research (2006), 341(10), 1669-1679;Carbohydrate Research (2016), 435, 180-194;Chemistry - A European Journal (2011), 17(36), 10106-10112, S10106/1-S10106/135",skeleton_only; equivalents/concentration/addition_order/atmosphere not available,13
CT_661325584fc82cd0,thioglycoside,Dichloromethane,3,Trifluoromethanesulfonic acid,6,25.0,60.0,1,1,1,1,12,4,8,31-013-CAS-15603246,31-013-CAS-13170869;31-013-CAS-15603246;31-013-CAS-15619086;31-013-CAS-18776248;31-013-CAS-1922953;31-013-CAS-22357476;31-013-CAS-23877545;31-013-CAS-23879287;31-013-CAS-6287649;31-013-CAS-7584459;31-013-CAS-9083796;31-614-CAS-30873545,"Angewandte Chemie, International Edition (2014), 53(37), 9876-9879;Chemistry - A European Journal (2018), 24(16), 4181-4187;China, CN105315315 A 2016-02-10;Journal of Organic Chemistry (2018), 83(9), 4963-4972;Journal of the American Chemical Society (2003), 125(52), 16334-16339;Journal of the American Chemical Society (2013), 135(41), 15382-15391;Nature Chemical Biology (2019), 15(7), 699-709",skeleton_only; equivalents/concentration/addition_order/atmosphere not available,12
CT_390684f09a1e8511,thioglycoside,Dichloromethane,3,N-Iodosuccinimide,5,25.0,15.0,1,1,1,1,10,10,0,31-013-CAS-7707758,31-013-CAS-11387102;31-013-CAS-11726967;31-013-CAS-12054238;31-013-CAS-14143061;31-013-CAS-17024986;31-013-CAS-5582564;31-013-CAS-7707758;31-013-CAS-9510973;31-013-CAS-972560;31-013-CAS-9842389,"Analytical Chemistry (Washington, DC, United States) (2017), 89(8), 4540-4549;Carbohydrate Research (2003), 338(23), 2591-2603;Organic & Biomolecular Chemistry (2003), 1(5), 775-784",skeleton_only; equivalents/concentration/addition_order/atmosphere not available,10
CT_6d56bce4a517e88a,thioglycoside,Dichloromethane,3,Trifluoromethanesulfonic anhydride,9,-60.0,30.0,1,1,1,1,9,0,9,31-013-CAS-9099641,31-013-CAS-112694;31-013-CAS-2791822;31-013-CAS-4596190;31-013-CAS-4912673;31-013-CAS-667641;31-013-CAS-7065488;31-013-CAS-9099641;31-357-CAS-10990353;31-357-CAS-6725732,"Chemistry Letters (2005), 34(11), 1556-1557;Journal of Organic Chemistry (2009), 74(6), 2486-2493;Journal of the American Chemical Society (2008), 130(41), 13790-13803",skeleton_only; equivalents/concentration/addition_order/atmosphere not available,9
CT_7ba70ecf01afe6d4,thioglycoside,Dichloromethane,3,Trimethylsilyl triflate,3,25.0,60.0,1,1,1,1,9,8,1,31-013-CAS-20074828,31-013-CAS-17386198;31-013-CAS-20074828;31-013-CAS-20074830;31-013-CAS-20074832;31-013-CAS-20074834;31-013-CAS-20074836;31-013-CAS-20074838;31-013-CAS-20074845;31-614-CAS-24501387,"ACS Central Science (2017), 3(3), 224-231;ACS Chemical Biology (2020), 15(9), 2382-2394;World Intellectual Property Organization, WO2018083490 A2 2018-05-11",skeleton_only; equivalents/concentration/addition_order/atmosphere not available,8
CT_d46b817bab6f9186,thioglycoside,Dichloromethane,3,Triethylamine,4,25.0,360.0,1,1,1,1,8,0,8,31-013-CAS-10626850,31-013-CAS-10626850;31-013-CAS-1120171;31-013-CAS-14176615;31-013-CAS-1437307;31-013-CAS-2955443;31-013-CAS-491815;31-013-CAS-5019079;31-013-CAS-9638871,"Journal of Carbohydrate Chemistry (2002), 21(5), 385-409",skeleton_only; equivalents/concentration/addition_order/atmosphere not available,8
CT_2279c7b328364f9d,thioglycoside,Dichloromethane,3,Trifluoromethanesulfonic anhydride,9,25.0,30.0,1,1,1,1,7,1,6,31-614-CAS-42125040,31-013-CAS-11969359;31-013-CAS-12386349;31-013-CAS-18395672;31-013-CAS-8454219;31-013-CAS-8454436;31-301-CAS-2505839;31-614-CAS-42125040,"Carbohydrate Research (2008), 343(17), 2853-2862;Carbohydrate Research (2017), 452, 47-53;ChemMedChem (2014), 9(5), 1071-1080;Helvetica Chimica Acta (2006), 89(11), 2591-2610;Journal of the American Chemical Society (2013), 135(45), 16895-16903;World Intellectual Property Organization, WO2024199442 A1 2024-10-03",skeleton_only; equivalents/concentration/addition_order/atmosphere not available,7
CT_253d6faff675006b,thioglycoside,Dichloromethane,3,Trimethylsilyl triflate,3,25.0,30.0,1,1,1,1,7,2,5,31-013-CAS-20094021,31-013-CAS-10003094;31-013-CAS-13505033;31-013-CAS-16004431;31-013-CAS-16004432;31-013-CAS-19191565;31-013-CAS-20094021;31-013-CAS-22936260,"Asian Journal of Organic Chemistry (2015), 4(8), 756-762;Journal of Organic Chemistry (2020), 85(24), 16082-16098;Organic & Biomolecular Chemistry (2018), 16(45), 8791-8803;Organic Letters (2014), 16(8), 2240-2243;Organic Letters (2018), 20(18), 5956-5959;United States, US20130217056 A1 2013-08-22",skeleton_only; equivalents/concentration/addition_order/atmosphere not available,7
CT_86c720144c1de8a2,thioglycoside,Dichloromethane,3,Sodium bicarbonate,8,-60.0,30.0,1,1,1,1,7,0,7,31-013-CAS-2439768,31-013-CAS-11112323;31-013-CAS-11684215;31-013-CAS-2439768;31-013-CAS-4022684;31-013-CAS-4942088;31-013-CAS-4982132;31-013-CAS-8624016,"Angewandte Chemie, International Edition (2004), 43(16), 2145-2148;Journal of Organic Chemistry (2011), 76(13), 5229-5239;Journal of Organic Chemistry (2012), 77(21), 9437-9446",skeleton_only; equivalents/concentration/addition_order/atmosphere not available,7
CT_93edf983fa15c975,thioglycoside,Dichloromethane;Toluene,3;5,Trifluoromethanesulfonic acid,6,25.0,60.0,1,1,1,1,7,3,4,31-614-CAS-34701874,31-614-CAS-34701874;31-614-CAS-34701877;31-614-CAS-34701878;31-614-CAS-34701884;31-614-CAS-34701885;31-614-CAS-36914093;31-614-CAS-36914120,"ChemRxiv (2022), 1-8;Chemistry - A European Journal (2021), 27(51), 13040-13051",skeleton_only; equivalents/concentration/addition_order/atmosphere not available,7
CT_ac7305cb11cc28f8,thioglycoside,Dichloromethane,3,Methyleugenol,21,25.0,60.0,1,1,1,1,7,0,7,31-301-CAS-14089757,31-301-CAS-14089757;31-301-CAS-2081601;31-614-CAS-27856064;31-614-CAS-29170155;31-614-CAS-29865809;31-614-CAS-30618647;31-614-CAS-30686019,"Journal of the American Chemical Society (2006), 128(47), 15084-15085;Journal of the American Chemical Society (2007), 129(11), 3080-3081;World Intellectual Property Organization, WO2009046314 A2 2009-04-09",skeleton_only; equivalents/concentration/addition_order/atmosphere not available,5
CT_1890b9b28d89d522,thioglycoside,Dichloromethane,3,Triethylamine,4,25.0,120.0,1,1,1,1,6,2,4,31-013-CAS-5434133,31-013-CAS-14147258;31-013-CAS-2000335;31-013-CAS-4150836;31-013-CAS-5434133;31-013-CAS-741372;31-614-CAS-39684276,"Chemistry - A European Journal (2023), 29(16), e202203672;Heterocycles (2009), 77(1), 333-349;Journal of Carbohydrate Chemistry (2005), 24(3), 251-259;Molecules (2011), 16, 637-651",skeleton_only; equivalents/concentration/addition_order/atmosphere not available,6
CT_296877eb920ebafe,thioglycoside,Dichloromethane,3,Triethylamine,4,0.0,30.0,1,1,1,1,6,5,1,31-013-CAS-16761012,31-013-CAS-13870844;31-013-CAS-16761012;31-013-CAS-452353;31-013-CAS-6864875;31-013-CAS-7197673;31-013-CAS-9392052,"Angewandte Chemie, International Edition (2017), 56(9), 2312-2317;Carbohydrate Research (2008), 343(4), 596-606;Tetrahedron (2010), 66(40), 8036-8046",skeleton_only; equivalents/concentration/addition_order/atmosphere not available,6
CT_85cc5d5b40d23cc5,thioglycoside,Dichloromethane;Toluene,3;5,Tosyl chloride,13,-72.0,120.0,1,1,1,1,6,6,0,31-013-CAS-17791367,31-013-CAS-17791367;31-013-CAS-17791369;31-013-CAS-17791371;31-013-CAS-17791385;31-013-CAS-17791387;31-013-CAS-17791389,"Chemistry - A European Journal (2017), 23(44), 10670-10677",skeleton_only; equivalents/concentration/addition_order/atmosphere not available,6
CT_c3dbbe14704d3286,thioglycoside,Dichloromethane,3,Triethylamine,4,25.0,30.0,1,1,1,1,6,3,3,31-013-CAS-5427820,31-013-CAS-13253389;31-013-CAS-22660146;31-013-CAS-5427820;31-013-CAS-7571275;31-013-CAS-906119;31-614-CAS-39596687,"Carbohydrate Research (2006), 341(10), 1619-1629;European Journal of Organic Chemistry (2007), (20), 3392-3401, S3392/1-S3392/17;European Journal of Organic Chemistry (2020), 2020(34), 5580-5595;Journal of Organic Chemistry (2023), 88(9), 5554-5562;Organic & Biomolecular Chemistry (2007), 5(22), 3690-3697",skeleton_only; equivalents/concentration/addition_order/atmosphere not available,6
CT_010f48dc306c3cb5,thioglycoside,Diethyl ether,4,Methyl triflate,11,25.0,180.0,1,1,1,1,5,5,0,31-013-CAS-7147589,31-013-CAS-11635380;31-013-CAS-13681362;31-013-CAS-2691821;31-013-CAS-7147589;31-013-CAS-9419983,"Carbohydrate Research (2006), 341(14), 2426-2433;Journal of Organic Chemistry (2005), 70(16), 6265-6273",skeleton_only; equivalents/concentration/addition_order/atmosphere not available,5
CT_5cd8d10620b0d07f,thioglycoside,Dichloromethane,3,Sodium bicarbonate,8,0.0,10.0,1,1,1,1,5,5,0,31-013-CAS-10414006,31-013-CAS-10414006;31-013-CAS-11788920;31-013-CAS-1278764;31-013-CAS-4770924;31-013-CAS-509523,"Organic Letters (2013), 15(1), 88-91;World Intellectual Property Organization, WO2014140626 A2 2014-09-18",skeleton_only; equivalents/concentration/addition_order/atmosphere not available,5
CT_94db14c7bdd4e813,thioglycoside,Dichloromethane;Toluene,3;5,Triethylamine,4,25.0,15.0,1,1,1,1,5,5,0,31-013-CAS-12769421,31-013-CAS-12769421;31-013-CAS-13040293;31-013-CAS-1517023;31-013-CAS-15171815;31-013-CAS-6042780,"Tetrahedron: Asymmetry (2005), 16(1), 187-197",skeleton_only; equivalents/concentration/addition_order/atmosphere not available,5
CT_d9754d65a015483b,thioglycoside,Dichloromethane,3,Trimethylsilyl triflate,3,-78.0,120.0,1,1,1,1,5,1,4,31-013-CAS-16968435,31-013-CAS-16968434;31-013-CAS-16968435;31-013-CAS-16968436;31-614-CAS-34954204;31-614-CAS-34954209,"Chemical Communications (Cambridge, United Kingdom) (2017), 53(4), 771-774;Organic Letters (2021), 23(15), 5922-5926",skeleton_only; equivalents/concentration/addition_order/atmosphere not available,5
CT_20072594ae0822aa,thioglycoside,Dichloromethane;Diethyl ether,3;4,Triethylamine,4,25.0,20.0,1,1,1,1,4,4,0,31-614-CAS-39832550,31-013-CAS-21774290;31-013-CAS-21774311;31-614-CAS-39832550;31-614-CAS-39832557,"Angewandte Chemie, International Edition (2020), 59(16), 6451-6458;Organic Letters (2023), 25(16), 2913-2917",skeleton_only; equivalents/concentration/addition_order/atmosphere not available,4
CT_2cfb44464c3873a2,thioglycoside,Dichloromethane,3,N-Iodosuccinimide,5,0.0,30.0,1,1,1,1,4,0,4,31-013-CAS-14531739,31-013-CAS-14531739;31-013-CAS-14761758;31-013-CAS-15039708;31-013-CAS-18800708,"ChemBioChem (2008), 9(11), 1716-1720;Journal of Organic Chemistry (2018), 83(11), 5920-5930;United States, US20090246200 A1 2009-10-01",skeleton_only; equivalents/concentration/addition_order/atmosphere not available,3
CT_2ee83d3f514bfde3,thioglycoside,Dichloromethane;Diethyl ether,3;4,Pyridine,12,25.0,60.0,1,1,1,1,4,0,4,31-013-CAS-7579377,31-013-CAS-13972345;31-013-CAS-37926;31-013-CAS-7579377;31-013-CAS-9710829,"Central European Journal of Chemistry (2005), 3(4), 803-829",skeleton_only; equivalents/concentration/addition_order/atmosphere not available,4
CT_3b01fcce5eeb35ea,thioglycoside,Dichloromethane,3,Silver triflate,10,25.0,30.0,1,1,1,1,4,4,0,31-614-CAS-41884465,31-614-CAS-37959480;31-614-CAS-37959633;31-614-CAS-41884159;31-614-CAS-41884465,"ChemRxiv (2022), 1-29;Nature Chemistry (2023), 15(8), 1108-1117",skeleton_only; equivalents/concentration/addition_order/atmosphere not available,2
CT_53b450444f1f51ba,thioglycoside,Dichloromethane;Diethyl ether,3;4,Trifluoromethanesulfonic acid,6,0.0,90.0,1,1,1,1,4,4,0,31-013-CAS-1179903,31-013-CAS-1179903;31-013-CAS-3002515;31-013-CAS-3582973;31-013-CAS-9970331,"Organic & Biomolecular Chemistry (2015), 13(36), 9504-9515",skeleton_only; equivalents/concentration/addition_order/atmosphere not available,4
CT_61ef99f37ff346b4,thioglycoside,Dichloromethane;Diethyl ether,3;4,N-Iodosuccinimide,5,25.0,30.0,1,1,1,1,4,3,1,31-013-CAS-2541337,31-013-CAS-18334609;31-013-CAS-2541337;31-013-CAS-6341435;31-614-CAS-27463098,"Journal of the American Chemical Society (2011), 133(46), 18975-18991;Organic Letters (2018), 20(2), 353-356;Tetrahedron Letters (2015), 56(7), 900-902",skeleton_only; equivalents/concentration/addition_order/atmosphere not available,4
CT_662e4af1089df14f,thioglycoside,Dichloromethane,3,N-Iodosuccinimide,5,-25.0,60.0,1,1,1,1,4,0,4,31-013-CAS-16946849,31-013-CAS-10898081;31-013-CAS-16946849;31-013-CAS-16946852;31-013-CAS-16946853,"Bioorganic & Medicinal Chemistry (2011), 19(3), 1306-1320;Trends in Carbohydrate Research (2016), 8(1), 14-25",skeleton_only; equivalents/concentration/addition_order/atmosphere not available,4
CT_796e770ae3ffcdda,thioglycoside,Dichloromethane;Diethyl ether,3;4,Triethylamine,4,-78.0,10.0,1,1,1,1,4,4,0,31-013-CAS-19733120,31-013-CAS-19733120;31-013-CAS-19733121;31-013-CAS-19733122;31-013-CAS-19733123,"Chemical Communications (Cambridge, United Kingdom) (2018), 54(72), 10120-10123",skeleton_only; equivalents/concentration/addition_order/atmosphere not available,4
CT_830e1daee9fb3a6f,thioglycoside,Dichloromethane,3,Sodium bicarbonate,8,0.0,15.0,1,1,1,1,4,4,0,31-013-CAS-15856712,31-013-CAS-15856712;31-013-CAS-15879290;31-013-CAS-15920353;31-013-CAS-15943747,"Molecules (2015), 20(4), 6167-6180",skeleton_only; equivalents/concentration/addition_order/atmosphere not available,4
CT_a209b2461af1c989,thioglycoside,Dichloromethane,3,Sodium thiosulfate,16,25.0,30.0,1,1,1,1,4,2,2,31-006-CAS-18977533,31-006-CAS-18977533;31-013-CAS-10173116;31-013-CAS-12308870;31-013-CAS-2596944,"European Journal of Organic Chemistry (2006), (22), 5158-5166;European Journal of Organic Chemistry (2007), (6), 988-1000;European Journal of Organic Chemistry (2018), 2018(19), 2214-2227",skeleton_only; equivalents/concentration/addition_order/atmosphere not available,4
CT_a22f378e61eff999,thioglycoside,Dichloromethane;Diethyl ether,3;4,Trifluoromethanesulfonic acid,6,25.0,60.0,1,1,1,1,4,2,2,31-013-CAS-14723929,31-013-CAS-113679;31-013-CAS-12570626;31-013-CAS-14723929;31-013-CAS-6201072,"Journal of Organic Chemistry (2003), 68(6), 2135-2142;Journal of the American Chemical Society (2007), 129(42), 12795-12800",skeleton_only; equivalents/concentration/addition_order/atmosphere not available,4
CT_d630e778e971c2bc,thioglycoside,Dichloromethane,3,Trifluoromethanesulfonic anhydride,9,25.0,60.0,1,1,1,1,4,1,3,31-013-CAS-8328637,31-013-CAS-1313681;31-013-CAS-8328637;31-049-CAS-14355506;31-614-CAS-29244011,"Journal of the American Chemical Society (2007), 129(42), 12795-12800;Journal of the American Chemical Society (2009), 131(16), 5792-5799;Journal of the American Chemical Society (2012), 134(39), 16430-16433",skeleton_only; equivalents/concentration/addition_order/atmosphere not available,4
CT_dfafc2e233aac2ee,thioglycoside,Dichloromethane;Diethyl ether,3;4,Silver triflate,10,-78.0,30.0,1,1,1,1,4,1,3,31-013-CAS-3050463,31-013-CAS-13488919;31-013-CAS-3050463;31-013-CAS-7026889;31-013-CAS-942112,"Chemistry - A European Journal (2010), 16(28), 8365-8375, S8365/1-S8365/273",skeleton_only; equivalents/concentration/addition_order/atmosphere not available,4
CT_eaaf892e931cefcc,thioglycoside,Dichloromethane,3,Trifluoromethanesulfonic acid,6,-40.0,30.0,1,1,1,1,4,0,4,31-013-CAS-6440966,31-013-CAS-10701943;31-013-CAS-2182975;31-013-CAS-4033104;31-013-CAS-6440966,"Journal of Biological Chemistry (2012), 287(9), 6592-6602",skeleton_only; equivalents/concentration/addition_order/atmosphere not available,4
CT_03805612f697c032,thioglycoside,Dichloromethane,3,Copper bromide,20,25.0,60.0,1,1,1,1,3,3,0,31-013-CAS-21812642,31-013-CAS-15248480;31-013-CAS-21812642;31-013-CAS-777929,"World Intellectual Property Organization, WO2014027203 A1 2014-02-20;World Intellectual Property Organization, WO2019211595 A1 2019-11-07",skeleton_only; equivalents/concentration/addition_order/atmosphere not available,2
CT_0901d4a5015cb1b4,thioglycoside,Dichloromethane,3,Trifluoromethanesulfonic acid,6,0.0,30.0,1,1,1,1,3,0,3,31-013-CAS-6494035,31-013-CAS-14570516;31-013-CAS-214326;31-013-CAS-6494035,"Chemistry - An Asian Journal (2013), 8(7), 1536-1550;Japan, JP2014224055 A 2014-12-04;Science China: Chemistry (2010), 53(9), 1963-1969",skeleton_only; equivalents/concentration/addition_order/atmosphere not available,3
CT_115d4e1eb28db363,thioglycoside,Dichloromethane,3,Trifluoromethanesulfonic acid,6,-5.0,30.0,1,1,1,1,3,0,3,31-013-CAS-5259422,31-013-CAS-4863402;31-013-CAS-5259422;31-013-CAS-7574988,"United States, US20040219158 A1 2004-11-04;World Intellectual Property Organization, WO2004058304 A1 2004-07-15;World Intellectual Property Organization, WO2005051920 A2 2005-06-09",skeleton_only; equivalents/concentration/addition_order/atmosphere not available,1
CT_1f6143afac615f3a,thioglycoside,Dichloromethane,3,Triethylamine,4,25.0,40.0,1,1,1,1,3,3,0,31-013-CAS-303473,31-013-CAS-10411776;31-013-CAS-303473;31-013-CAS-7376345,"European Journal of Organic Chemistry (2011), (3), 497-516, S497/1-S497/137;European Patent Organization, EP1829884 A1 2007-09-05;Journal of the American Chemical Society (2006), 128(33), 10666-10667",skeleton_only; equivalents/concentration/addition_order/atmosphere not available,1
CT_38276b10dc9efbf0,thioglycoside,Dichloromethane,3,N-Iodosuccinimide,5,22.0,60.0,1,1,1,1,3,3,0,31-013-CAS-10963089,31-013-CAS-10963089;31-013-CAS-1175625;31-013-CAS-8833991,"Synlett (2015), 26(16), 2267-2271",skeleton_only; equivalents/concentration/addition_order/atmosphere not available,3
CT_3da77e7323c1400f,thioglycoside,Dichloromethane;Toluene,3;5,Trifluoromethanesulfonic acid,6,0.0,60.0,1,1,1,1,3,2,1,31-013-CAS-10549598,31-013-CAS-10549598;31-013-CAS-12676411;31-614-CAS-38021979,"Organic & Biomolecular Chemistry (2022), 20(42), 8243-8258;World Intellectual Property Organization, WO2010104192 A1 2010-09-16",skeleton_only; equivalents/concentration/addition_order/atmosphere not available,3
CT_419d2b2ca50a56ae,thioglycoside,Dichloromethane,3,Pyridine,12,25.0,30.0,1,1,1,1,3,1,2,31-013-CAS-1407934,31-013-CAS-1407934;31-614-CAS-39928734;31-614-CAS-39928848,"China, CN117777216 A 2024-03-29;Organic Letters (2013), 15(2), 342-345;World Intellectual Property Organization, WO2024061271 A1 2024-03-28",skeleton_only; equivalents/concentration/addition_order/atmosphere not available,2
CT_55237ca8c4313fa7,thioglycoside,Dichloromethane,3,Silver triflate,10,25.0,20.0,1,1,1,1,3,2,1,31-013-CAS-379758,31-013-CAS-379758;31-614-CAS-37959617;31-614-CAS-41884456,"Carbohydrate Research (2004), 339(14), 2343-2354;ChemRxiv (2022), 1-29;Nature Chemistry (2023), 15(8), 1108-1117",skeleton_only; equivalents/concentration/addition_order/atmosphere not available,2
CT_8516719d397e9798,thioglycoside,Dichloromethane,3,Trifluoromethanesulfonic anhydride,9,0.0,30.0,1,1,1,1,3,0,3,31-013-CAS-6806986,31-013-CAS-1943497;31-013-CAS-6806986;31-013-CAS-78594,"Organic Letters (2007), 9(22), 4647-4650",skeleton_only; equivalents/concentration/addition_order/atmosphere not available,3
CT_87c240d2f05d0b2b,thioglycoside,Dichloromethane,3,N-Iodosuccinimide,5,25.0,10.0,1,1,1,1,3,3,0,31-013-CAS-17024989,31-013-CAS-17024989;31-013-CAS-20825224;31-013-CAS-22452791,"Analytical Chemistry (Washington, DC, United States) (2017), 89(8), 4540-4549;Angewandte Chemie, International Edition (2019), 58(51), 18577-18583;World Intellectual Property Organization, WO2020132625 A1 2020-06-25",skeleton_only; equivalents/concentration/addition_order/atmosphere not available,2
CT_87ff18cf37fd95de,thioglycoside,Toluene,5,Triethylamine,4,25.0,30.0,1,1,1,1,3,3,0,31-013-CAS-15220844,31-013-CAS-12686981;31-013-CAS-12781994;31-013-CAS-15220844,"Carbohydrate Research (2006), 341(10), 1619-1629;Journal of Medicinal Chemistry (2014), 57(11), 4511-4520",skeleton_only; equivalents/concentration/addition_order/atmosphere not available,3
CT_8dac9a15c9ee6e94,thioglycoside,Dichloromethane,3,N-Iodosuccinimide,5,0.0,180.0,1,1,1,1,3,1,2,31-013-CAS-7388606,31-013-CAS-5259694;31-013-CAS-7388606;31-013-CAS-9533892,"Tetrahedron Letters (2011), 52(43), 5567-5570",skeleton_only; equivalents/concentration/addition_order/atmosphere not available,3
CT_979f38a9a33e3239,thioglycoside,Dichloromethane,3,Triethylamine,4,-60.0,10.0,1,1,1,1,3,1,2,31-013-CAS-308870,31-013-CAS-308870;31-013-CAS-7630111;31-013-CAS-9761464,"European Journal of Organic Chemistry (2005), (5), 918-924;Organic & Biomolecular Chemistry (2007), 5(22), 3690-3697",skeleton_only; equivalents/concentration/addition_order/atmosphere not available,3
CT_99dd41d5554a129b,thioglycoside,Dichloromethane,3,Trifluoromethanesulfonic acid,6,78.0,180.0,1,1,1,1,3,3,0,31-614-CAS-32458042,31-614-CAS-32458042;31-614-CAS-32458057;31-614-CAS-34336262,"Japan, JP2022127918 A 2022-09-01;United States, US11332490 B1 2022-05-17",skeleton_only; equivalents/concentration/addition_order/atmosphere not available,2
CT_9d23373912fdcdbb,thioglycoside,Dichloromethane,3,Triethylamine,4,-72.0,5.0,1,1,1,1,3,3,0,31-013-CAS-14447502,31-013-CAS-14447502;31-013-CAS-3171404;31-013-CAS-7432441,"Chemistry - A European Journal (2011), 17(51), 14518-14526, S14518/1-S14518/35",skeleton_only; equivalents/concentration/addition_order/atmosphere not available,3
CT_a24d0cb83febf6cd,thioglycoside,Dichloromethane;Diethyl ether,3;4,N-Iodosuccinimide,5,25.0,60.0,1,1,1,1,3,0,3,31-013-CAS-2474397,31-013-CAS-20236289;31-013-CAS-20236304;31-013-CAS-2474397,"Angewandte Chemie, International Edition (2002), 41(21), 4087-4090;Journal of the American Chemical Society (2019), 141(16), 6484-6488",skeleton_only; equivalents/concentration/addition_order/atmosphere not available,3
CT_b16bcce2b1dfd465,thioglycoside,Dichloromethane,3,Sodium bicarbonate,8,-60.0,5.0,1,1,1,1,3,1,2,31-013-CAS-9351524,31-013-CAS-13075539;31-013-CAS-13946827;31-013-CAS-9351524,"Journal of Organic Chemistry (2005), 70(10), 4195-4198;Polish Journal of Chemistry (2005), 79(2), 297-307;Tetrahedron (2004), 60(5), 1057-1064",skeleton_only; equivalents/concentration/addition_order/atmosphere not available,3
CT_c5a8ab0ed98cb1cf,thioglycoside,Dichloromethane;Diethyl ether,3;4,Trifluoromethanesulfonic acid,6,0.0,60.0,1,1,1,1,3,3,0,31-013-CAS-13511159,31-013-CAS-11339593;31-013-CAS-13511159;31-013-CAS-13778249,"Journal of Organic Chemistry (2011), 76(15), 5895-5906",skeleton_only; equivalents/concentration/addition_order/atmosphere not available,2
CT_d52a22389fcee877,thioglycoside,Dichloromethane,3,Sulfobromophthalein,24,25.0,30.0,1,1,1,1,3,2,1,31-013-CAS-13207789,31-013-CAS-13207789;31-013-CAS-5828265;31-013-CAS-7954210,"Journal of the American Chemical Society (2005), 127(11), 3767-3773",skeleton_only; equivalents/concentration/addition_order/atmosphere not available,3
CT_e1924ab7694bbf74,thioglycoside,Dichloromethane,3,Trimethylsilyl triflate,3,0.0,30.0,1,1,1,1,3,0,3,31-013-CAS-22941545,31-013-CAS-22938507;31-013-CAS-22941545;31-013-CAS-3532904,"Journal of Organic Chemistry (2020), 85(24), 16082-16098;United States, US20090246200 A1 2009-10-01",skeleton_only; equivalents/concentration/addition_order/atmosphere not available,3
CT_e30ade12c4f14927,thioglycoside,Dichloromethane;Diethyl ether,3;4,Silver triflate,10,25.0,30.0,1,1,1,1,3,3,0,31-013-CAS-14359616,31-013-CAS-10372061;31-013-CAS-14359616;31-013-CAS-7641455,"Journal of Organic Chemistry (2015), 80(24), 12265-12279",skeleton_only; equivalents/concentration/addition_order/atmosphere not available,3
CT_f963cda7642b891b,thioglycoside,Dichloromethane,3,Trimethylsilyl triflate,3,-40.0,60.0,1,1,1,1,3,0,3,31-614-CAS-32798123,31-614-CAS-32798122;31-614-CAS-32798123;31-614-CAS-32798129,"Chemical Science (2016), 7(4), 2827-2831",skeleton_only; equivalents/concentration/addition_order/atmosphere not available,3
CT_0da913a5833b2377,thioglycoside,Diethyl ether,4,Methyl triflate,11,25.0,60.0,1,1,1,1,2,2,0,31-013-CAS-8233740,31-013-CAS-10361105;31-013-CAS-8233740,"Bioorganic & Medicinal Chemistry (2009), 17(4), 1514-1526",skeleton_only; equivalents/concentration/addition_order/atmosphere not available,2
CT_16b7478bebbd6206,thioglycoside,Dichloromethane,3,Bromine,18,0.0,30.0,1,1,1,1,2,2,0,31-013-CAS-23539710,31-013-CAS-23538269;31-013-CAS-23539710,"Journal of Organic Chemistry (2021), 86(9), 6090-6099",skeleton_only; equivalents/concentration/addition_order/atmosphere not available,2
CT_17759f1127b6a6ae,thioglycoside,Dichloromethane,3,Trimethylsilyl triflate,3,-20.0,30.0,1,1,1,1,2,2,0,31-013-CAS-22198141,31-013-CAS-22198140;31-013-CAS-22198141,"Organic Letters (2020), 22(12), 4638-4642",skeleton_only; equivalents/concentration/addition_order/atmosphere not available,2
CT_17c89bae7d496fcf,thioglycoside,Dichloromethane,3,Methyl triflate,11,25.0,30.0,1,1,1,1,2,0,2,31-013-CAS-8818646,31-013-CAS-13075291;31-013-CAS-8818646,"Organic Letters (2015), 17(5), 1102-1105;Tetrahedron (2006), 62(20), 4954-4978",skeleton_only; equivalents/concentration/addition_order/atmosphere not available,2
CT_1bbcd626d18bbaf6,thioglycoside,Dichloromethane,3,Triethylamine,4,25.0,240.0,1,1,1,1,2,0,2,31-013-CAS-7616373,31-013-CAS-10851823;31-013-CAS-7616373,"Chemistry - A European Journal (2012), 18(5), 1342-1351, S1342/1-S1342/48;Journal of the American Chemical Society (2013), 135(36), 13464-13472",skeleton_only; equivalents/concentration/addition_order/atmosphere not available,2
CT_227749b40e31c1eb,thioglycoside,Dichloromethane,3,Triethylamine,4,-60.0,30.0,1,1,1,1,2,1,1,31-614-CAS-40361033,31-013-CAS-3880260;31-614-CAS-40361033,"Angewandte Chemie, International Edition (2006), 45(45), 7575-7578;Nature Communications (2017), 8(1), 1-11",skeleton_only; equivalents/concentration/addition_order/atmosphere not available,2
CT_2bb8205424e8ad3c,thioglycoside,Dichloromethane,3,Triethylamine,4,-20.0,45.0,1,1,1,1,2,0,2,31-013-CAS-8627156,31-013-CAS-26474;31-013-CAS-8627156,"Journal of Organic Chemistry (2007), 72(16), 6107-6115;World Intellectual Property Organization, WO2008032817 A1 2008-03-20",skeleton_only; equivalents/concentration/addition_order/atmosphere not available,1
CT_2dec21bbdb7e3084,thioglycoside,Dichloromethane,3,N-Iodosuccinimide,5,-20.0,20.0,1,1,1,1,2,0,2,31-013-CAS-21762120,31-013-CAS-2096727;31-013-CAS-21762120,"European Journal of Organic Chemistry (2020), 2020(12), 1802-1810;Japan, JP2009215241 A 2009-09-24",skeleton_only; equivalents/concentration/addition_order/atmosphere not available,2
CT_30777727cf7c117b,thioglycoside,Dichloromethane,3,Triethylamine,4,-78.0,5.0,1,1,1,1,2,2,0,31-013-CAS-7193625,31-013-CAS-13595742;31-013-CAS-7193625,"Carbohydrate Research (2010), 345(12), 1713-1721",skeleton_only; equivalents/concentration/addition_order/atmosphere not available,2
CT_3861fb18ed8406a9,thioglycoside,Dichloromethane;Diethyl ether,3;4,Triethylamine,4,25.0,30.0,1,1,1,1,2,2,0,31-614-CAS-44061152,31-614-CAS-44061152;31-614-CAS-44137212,"Organic Letters (2023), 25(34), 6413-6418;Organic Letters (2023), 25(46), 8332-8337",skeleton_only; equivalents/concentration/addition_order/atmosphere not available,2
CT_43e599abe23f95b7,thioglycoside,Dichloromethane,3,Sodium thiosulfate,16,-70.0,20.0,1,1,1,1,2,1,1,31-013-CAS-12921527,31-013-CAS-12921527;31-013-CAS-6531232,"Tetrahedron Letters (2010), 51(14), 1910-1913",skeleton_only; equivalents/concentration/addition_order/atmosphere not available,2
CT_46a635ad61a0708c,thioglycoside,Diethyl ether,4,Triethylamine,4,-78.0,15.0,1,1,1,1,2,2,0,31-013-CAS-21608787,31-013-CAS-21608786;31-013-CAS-21608787,"Organic Letters (2020), 22(4), 1520-1524",skeleton_only; equivalents/concentration/addition_order/atmosphere not available,2
CT_486d71a7925b44b7,thioglycoside,Dichloromethane,3,Triethylamine,4,0.0,10.0,1,1,1,1,2,0,2,31-013-CAS-3103339,31-013-CAS-17286309;31-013-CAS-3103339,"ACS Nano (2014), 8(5), 4600-4607;China, CN103554198 A 2014-02-05",skeleton_only; equivalents/concentration/addition_order/atmosphere not available,1
CT_4d50a93ed9ca95cd,thioglycoside,Dichloromethane,3,Sodium bicarbonate,8,25.0,120.0,1,1,1,1,2,0,2,31-049-CAS-11753173,31-013-CAS-7871468;31-049-CAS-11753173,"ChemBioChem (2011), 12(5), 685-690;Organic Letters (2015), 17(5), 1102-1105",skeleton_only; equivalents/concentration/addition_order/atmosphere not available,2
CT_4e87884f8a0500fd,thioglycoside,Dichloromethane,3,Diphenyl sulfoxide,15,0.0,30.0,1,1,1,1,2,1,1,31-013-CAS-4338253,31-013-CAS-2224404;31-013-CAS-4338253,"Organic Letters (2007), 9(22), 4647-4650",skeleton_only; equivalents/concentration/addition_order/atmosphere not available,2
CT_54f8c180ed3aa701,thioglycoside,Dichloromethane;Methanol,3;7,N-Iodosuccinimide,5,0.0,60.0,1,1,1,1,2,0,2,31-013-CAS-17221620,31-013-CAS-17221620;31-614-CAS-29322574,"Organic & Biomolecular Chemistry (2017), 15(7), 1710-1717",skeleton_only; equivalents/concentration/addition_order/atmosphere not available,2
CT_5717edac658c0d7f,thioglycoside,Dichloromethane,3,Diphenyl sulfoxide,15,25.0,5.0,1,1,1,1,2,0,2,31-006-CAS-16647345,31-006-CAS-16647345;31-013-CAS-16647318,"Journal of the American Chemical Society (2017), 139(2), 1011-1018",skeleton_only; equivalents/concentration/addition_order/atmosphere not available,2
CT_59fd8cc0a294bb62,thioglycoside,Dichloromethane,3,Trifluoromethanesulfonic acid,6,-25.0,90.0,1,1,1,1,2,0,2,31-013-CAS-16396089,31-013-CAS-16396089;31-013-CAS-16396098,"Russian Chemical Bulletin (2015), 64(12), 2932-2941",skeleton_only; equivalents/concentration/addition_order/atmosphere not available,2
CT_63758f3a940e4dca,thioglycoside,Dichloromethane,3,Trifluoromethanesulfonic anhydride,9,25.0,45.0,1,1,1,1,2,0,2,31-614-CAS-28172097,31-614-CAS-27466391;31-614-CAS-28172097,"Tetrahedron (2011), 67(51), 9771-9778",skeleton_only; equivalents/concentration/addition_order/atmosphere not available,2
CT_642cc2fb270cfef6,thioglycoside,Dichloromethane,3,Sodium thiosulfate,16,0.0,10.0,1,1,1,1,2,2,0,31-013-CAS-13132878,31-013-CAS-13132878;31-013-CAS-20818633,"Journal of Organic Chemistry (2019), 84(23), 15063-15078;Nature Chemical Biology (2012), 8(2), 197-204",skeleton_only; equivalents/concentration/addition_order/atmosphere not available,2
CT_69c437ba2eed9975,thioglycoside,Dichloromethane,3,Trifluoromethanesulfonic acid,6,25.0,120.0,1,1,1,1,2,0,2,31-013-CAS-15095112,31-013-CAS-13457439;31-013-CAS-15095112,"Carbohydrate Research (2012), 361, 55-72;Journal of the American Chemical Society (2010), 132(42), 14849-14856",skeleton_only; equivalents/concentration/addition_order/atmosphere not available,2
CT_6a6e71bbbacf83b0,thioglycoside,Dichloromethane,3,Silver triflate,10,-60.0,30.0,1,1,1,1,2,0,2,31-614-CAS-40361044,31-614-CAS-40361037;31-614-CAS-40361044,"Nature Communications (2017), 8(1), 1-11",skeleton_only; equivalents/concentration/addition_order/atmosphere not available,2
CT_717c4a9e40718f21,thioglycoside,Dichloromethane,3,N-Iodosuccinimide,5,25.0,180.0,1,1,1,1,2,1,1,31-013-CAS-27980,31-013-CAS-21013701;31-013-CAS-27980,"Journal of Organic Chemistry (2013), 78(14), 6911-6934;Journal of the American Chemical Society (2020), 142(1), 456-467",skeleton_only; equivalents/concentration/addition_order/atmosphere not available,2
CT_78fdc187d4136a6a,thioglycoside,Toluene,5,N-Iodosuccinimide,5,0.0,30.0,1,1,1,1,2,2,0,31-013-CAS-22664054,31-013-CAS-22664010;31-013-CAS-22664054,"World Intellectual Property Organization, WO2020104697 A1 2020-05-28",skeleton_only; equivalents/concentration/addition_order/atmosphere not available,2
CT_79e536b35f48f330,thioglycoside,Dichloromethane,3,Sodium bicarbonate,8,-78.0,30.0,1,1,1,1,2,0,2,31-301-CAS-10315052,31-301-CAS-10315052;31-301-CAS-14860452,"Organic Letters (2006), 8(21), 4879-4882",skeleton_only; equivalents/concentration/addition_order/atmosphere not available,2
CT_7f9cda430905b8fa,thioglycoside,Dichloromethane,3,Trimethylsilyl triflate,3,-30.0,60.0,1,1,1,1,2,0,2,31-013-CAS-17453665,31-013-CAS-17453658;31-013-CAS-17453665,"Journal of Colloid and Interface Science (2017), 498, 395-404",skeleton_only; equivalents/concentration/addition_order/atmosphere not available,2
CT_8256d8a3c2edeeb0,thioglycoside,Dichloromethane,3,N-Iodosuccinimide,5,25.0,20.0,1,1,1,1,2,1,1,31-614-CAS-31204242,31-013-CAS-15624137;31-614-CAS-31204242,"ACS Chemical Biology (2020), 15(9), 2395-2405;Carbohydrate Research (2016), 426, 1-8",skeleton_only; equivalents/concentration/addition_order/atmosphere not available,2
CT_82f7bbd90f0f4af1,thioglycoside,Dichloromethane,3,1-(Phenylsulfonyl)piperidine,14,-60.0,15.0,1,1,1,1,2,0,2,31-614-CAS-44431802,31-614-CAS-36594426;31-614-CAS-44431802,"Japan, JP2024178476 A 2024-12-25;World Intellectual Property Organization, WO2023054285 A1 2023-04-06",skeleton_only; equivalents/concentration/addition_order/atmosphere not available,1
CT_86f748bb87952cfd,thioglycoside,Dichloromethane,3,Methyl triflate,11,21.0,240.0,1,1,1,1,2,2,0,31-013-CAS-3134189,31-013-CAS-14695973;31-013-CAS-3134189,"Journal of the American Chemical Society (2014), 136(46), 16260-16269",skeleton_only; equivalents/concentration/addition_order/atmosphere not available,2
CT_88fdf1adf5b7b27e,thioglycoside,Dichloromethane;Toluene,3;5,Pyridine,12,25.0,5.0,1,1,1,1,2,2,0,31-013-CAS-8455590,31-013-CAS-12991655;31-013-CAS-8455590,"Carbohydrate Research (2002), 337(17), 1517-1522",skeleton_only; equivalents/concentration/addition_order/atmosphere not available,2
CT_89d8021474945ee2,thioglycoside,Dichloromethane,3,N-Iodosuccinimide,5,25.0,120.0,1,1,1,1,2,1,1,31-013-CAS-9986793,31-013-CAS-15499890;31-013-CAS-9986793,"Angewandte Chemie, International Edition (2012), 51(40), 10123-10126, S10123/1-S10123/26;Molecules (2011), 16, 637-651",skeleton_only; equivalents/concentration/addition_order/atmosphere not available,2
CT_8cf3f05b58cde72c,thioglycoside,Dichloromethane;Diethyl ether,3;4,Tosyl chloride,13,-78.0,5.0,1,1,1,1,2,0,2,31-013-CAS-9514437,31-013-CAS-11641718;31-013-CAS-9514437,"Angewandte Chemie, International Edition (2014), 53(34), 9051-9058",skeleton_only; equivalents/concentration/addition_order/atmosphere not available,2
CT_8d4d32ac29ee2514,thioglycoside,Dichloromethane,3,Sodium bicarbonate,8,0.0,20.0,1,1,1,1,2,2,0,31-013-CAS-21359609,31-013-CAS-13461429;31-013-CAS-21359609,"Canada, CA2806561 C 2015-12-22;World Intellectual Property Organization, WO2003022860 A1 2003-03-20",skeleton_only; equivalents/concentration/addition_order/atmosphere not available,1
CT_912fb09f0888ecca,thioglycoside,Dichloromethane,3,Trifluoromethanesulfonic acid,6,-80.0,80.0,1,1,1,1,2,0,2,31-013-CAS-15393474,31-013-CAS-15393474;31-013-CAS-4102089,"Organic Letters (2015), 17(6), 1525-1528",skeleton_only; equivalents/concentration/addition_order/atmosphere not available,2
CT_95ada65f9c5d5957,thioglycoside,Dichloromethane,3,Triethylamine,4,-60.0,15.0,1,1,1,1,2,0,2,31-614-CAS-24503700,31-013-CAS-8958128;31-614-CAS-24503700,"Chemistry - A European Journal (2005), 11(3), 1010-1016;World Intellectual Property Organization, WO2021193951 A1 2021-09-30",skeleton_only; equivalents/concentration/addition_order/atmosphere not available,2
CT_a3af9a28c873cb70,thioglycoside,Dichloromethane,3,N-Iodosuccinimide,5,-20.0,15.0,1,1,1,1,2,0,2,31-013-CAS-9511600,31-013-CAS-7358853;31-013-CAS-9511600,"Mendeleev Communications (2007), 17(1), 10-13",skeleton_only; equivalents/concentration/addition_order/atmosphere not available,2
CT_a58ded828de598fd,thioglycoside,Acetonitrile;Dichloromethane,3;6,Tosyl chloride,13,25.0,60.0,1,1,1,1,2,0,2,31-013-CAS-18353674,31-013-CAS-18353673;31-013-CAS-18353674,"Organic Letters (2017), 19(24), 6558-6561",skeleton_only; equivalents/concentration/addition_order/atmosphere not available,2
CT_aca8abbb138011b9,thioglycoside,Dichloromethane;Toluene,3;5,Triethylamine,4,-72.0,5.0,1,1,1,1,2,2,0,31-614-CAS-35071256,31-614-CAS-35071256;31-614-CAS-35071257,"Organic Chemistry Frontiers (2018), 5(14), 2179-2188",skeleton_only; equivalents/concentration/addition_order/atmosphere not available,2
CT_ada85f6e6806719f,thioglycoside,Dichloromethane,3,N-Iodosuccinimide,5,-78.0,120.0,1,1,1,1,2,0,2,31-614-CAS-34956360,31-013-CAS-23435466;31-614-CAS-34956360,"ACS Chemical Biology (2021), 16(11), 2673-2689;Japan, JP2021028307 A 2021-02-25",skeleton_only; equivalents/concentration/addition_order/atmosphere not available,2
CT_ba72acc03dffdd0f,thioglycoside,Dichloromethane,3,Triethylamine,4,25.0,180.0,1,1,1,1,2,1,1,31-013-CAS-6664730,31-013-CAS-1469336;31-013-CAS-6664730,"Journal of Carbohydrate Chemistry (2004), 23(4), 201-215;Journal of Organic Chemistry (2012), 77(20), 8864-8878",skeleton_only; equivalents/concentration/addition_order/atmosphere not available,2
CT_becd009d3d5f6418,thioglycoside,Dichloromethane,3,Methyl triflate,11,25.0,1200.0,1,1,1,1,2,0,2,31-614-CAS-38186264,31-013-CAS-3150849;31-614-CAS-38186264,"Chemistry - A European Journal (2023), 29(4), e202203252;Journal of the American Chemical Society (2012), 134(19), 8030-8033",skeleton_only; equivalents/concentration/addition_order/atmosphere not available,2
CT_bf6ddc178362c419,thioglycoside,Dichloromethane,3,Triethylamine,4,25.0,90.0,1,1,1,1,2,0,2,31-013-CAS-12418933,31-013-CAS-12418933;31-013-CAS-15382044,"Bioorganic & Medicinal Chemistry Letters (2006), 16(4), 928-933;European Journal of Organic Chemistry (2007), (20), 3392-3401, S3392/1-S3392/17",skeleton_only; equivalents/concentration/addition_order/atmosphere not available,2
CT_c0bd278d38e95511,thioglycoside,Toluene,5,Trifluoromethanesulfonic acid,6,25.0,30.0,1,1,1,1,2,0,2,31-013-CAS-21022801,31-013-CAS-14790318;31-013-CAS-21022801,"European Journal of Organic Chemistry (2011), 2011(35), 7133-7139, S7133/1-S7133/26;Journal of the American Chemical Society (2018), 140(49), 17079-17085",skeleton_only; equivalents/concentration/addition_order/atmosphere not available,2
CT_c1b385305cc2d099,thioglycoside,Dichloromethane,3,Trimethylsilyl triflate,3,-20.0,60.0,1,1,1,1,2,0,2,31-013-CAS-10475617,31-013-CAS-10475617;31-013-CAS-18496614,"Angewandte Chemie, International Edition (2015), 54(37), 10953-10957;Nature Chemical Biology (2018), 14(1), 79-85",skeleton_only; equivalents/concentration/addition_order/atmosphere not available,2
CT_cbaa9340753e6bb1,thioglycoside,Acetonitrile,6,Potassium carbonate,27,25.0,300.0,1,1,1,1,2,0,2,31-013-CAS-21555454,31-013-CAS-21555453;31-013-CAS-21555454,"World Intellectual Property Organization, WO2019136399 A1 2019-07-11",skeleton_only; equivalents/concentration/addition_order/atmosphere not available,2
CT_cf62e1f6b73f47b2,thioglycoside,Dichloromethane,3,Trifluoromethanesulfonic acid,6,-30.0,60.0,1,1,1,1,2,1,1,31-013-CAS-19403890,31-013-CAS-19403890;31-013-CAS-7286890,"Organic & Biomolecular Chemistry (2010), 8(1), 128-136;Proceedings of the National Academy of Sciences of the United States of America (2017), 114(42), 11063-11068",skeleton_only; equivalents/concentration/addition_order/atmosphere not available,2
CT_d49f5b31253c554c,thioglycoside,Dichloromethane,3,N-Iodosuccinimide,5,-30.0,20.0,1,1,1,1,2,0,2,31-013-CAS-4188841,31-013-CAS-1880759;31-013-CAS-4188841,"Carbohydrate Research (2008), 343(17), 2894-2902;Journal of Medicinal Chemistry (2009), 52(7), 2052-2059",skeleton_only; equivalents/concentration/addition_order/atmosphere not available,1
CT_d834c6e16c78d3a7,thioglycoside,Dichloromethane;Diethyl ether,3;4,Trifluoromethanesulfonic acid,6,-40.0,120.0,1,1,1,1,2,0,2,31-013-CAS-23242169,31-013-CAS-23242169;31-013-CAS-23242756,"World Intellectual Property Organization, WO2020205034 A1 2020-10-08",skeleton_only; equivalents/concentration/addition_order/atmosphere not available,2
CT_db2c6e0af9116de6,thioglycoside,Dichloroethane,9,N-Iodosuccinimide,5,0.0,5.0,1,1,1,1,2,0,2,31-614-CAS-36830124,31-614-CAS-36830119;31-614-CAS-36830124,"European Journal of Organic Chemistry (2022), 2022(29), e202200374",skeleton_only; equivalents/concentration/addition_order/atmosphere not available,2
CT_db46894aa3fe7451,thioglycoside,Dichloromethane,3,N-Iodosuccinimide,5,-25.0,15.0,1,1,1,1,2,0,2,31-013-CAS-16946845,31-013-CAS-16946845;31-013-CAS-16946847,"Trends in Carbohydrate Research (2016), 8(1), 14-25",skeleton_only; equivalents/concentration/addition_order/atmosphere not available,2
CT_df612bad5a00a616,thioglycoside,Dichloromethane,3,Trimethylsilyl triflate,3,0.0,15.0,1,1,1,1,2,2,0,31-013-CAS-22581512,31-013-CAS-22581512;31-013-CAS-22581514,"RSC Advances (2019), 9(62), 36440-36454",skeleton_only; equivalents/concentration/addition_order/atmosphere not available,2
CT_e5f814bde6ab8822,thioglycoside,Dichloromethane,3,Diphenyl sulfoxide,15,25.0,30.0,1,1,1,1,2,1,1,31-013-CAS-7066819,31-013-CAS-2688288;31-013-CAS-7066819,"Carbohydrate Research (2014), 384, 1-8;European Journal of Organic Chemistry (2007), (1), 116-124",skeleton_only; equivalents/concentration/addition_order/atmosphere not available,2
CT_ebf34a16aece488c,thioglycoside,Dichloromethane,3,1-(Phenylsulfonyl)piperidine,14,-60.0,30.0,1,1,1,1,2,0,2,31-013-CAS-804369,31-013-CAS-13535004;31-013-CAS-804369,"Angewandte Chemie, International Edition (2004), 43(16), 2145-2148",skeleton_only; equivalents/concentration/addition_order/atmosphere not available,2
CT_ef28f4f33427565e,thioglycoside,Dichloromethane,3,Pyridine,12,25.0,120.0,1,1,1,1,2,0,2,31-013-CAS-12919728,31-013-CAS-12919728;31-013-CAS-2504738,"Russian Journal of Organic Chemistry (2005), 41(12), 1814-1823",skeleton_only; equivalents/concentration/addition_order/atmosphere not available,2
CT_f285f7ecd83eb6e1,thioglycoside,Dichloromethane,3,Trifluoromethanesulfonic acid,6,60.0,240.0,1,1,1,1,2,2,0,31-614-CAS-34336263,31-614-CAS-32458039;31-614-CAS-34336263,"Japan, JP2022127918 A 2022-09-01;United States, US11332490 B1 2022-05-17",skeleton_only; equivalents/concentration/addition_order/atmosphere not available,1
CT_f480a0115a867bba,thioglycoside,Dichloromethane;Diethyl ether,3;4,Triethylamine,4,-78.0,30.0,1,1,1,1,2,0,2,31-013-CAS-22452828,31-013-CAS-20825259;31-013-CAS-22452828,"Angewandte Chemie, International Edition (2019), 58(51), 18577-18583;World Intellectual Property Organization, WO2020132625 A1 2020-06-25",skeleton_only; equivalents/concentration/addition_order/atmosphere not available,1
CT_f5414fd00932bb27,thioglycoside,Dichloromethane;Diethyl ether,3;4,Silver triflate,10,-78.0,5.0,1,1,1,1,2,2,0,31-013-CAS-13163974,31-013-CAS-10425819;31-013-CAS-13163974,"Angewandte Chemie, International Edition (2012), 51(40), 10185-10189, S10185/1-S10185/246",skeleton_only; equivalents/concentration/addition_order/atmosphere not available,2
CT_fb33899f1f8af52c,thioglycoside,Dichloromethane,3,Trifluoromethanesulfonic acid,6,25.0,20.0,1,1,1,1,2,0,2,31-013-CAS-9459343,31-013-CAS-11583539;31-013-CAS-9459343,"Journal of the American Chemical Society (2012), 134(1), 426-435",skeleton_only; equivalents/concentration/addition_order/atmosphere not available,2
CT_fd5a31d53d2e6327,thioglycoside,Dichloromethane;Toluene,3;5,Trifluoromethanesulfonic acid,6,0.0,45.0,1,1,1,1,2,0,2,31-614-CAS-38021989,31-614-CAS-38021989;31-614-CAS-38021995,"Organic & Biomolecular Chemistry (2022), 20(42), 8243-8258",skeleton_only; equivalents/concentration/addition_order/atmosphere not available,2
CT_003b0ce264925011,thioglycoside,Dichloromethane,3,N-Iodosuccinimide,5,-60.0,120.0,1,1,1,1,1,0,1,31-013-CAS-22252755,31-013-CAS-22252755,"Bioorganic & Medicinal Chemistry (2018), 26(9), 2262-2270",skeleton_only; equivalents/concentration/addition_order/atmosphere not available,1
CT_00e0f2bca3273d4c,thioglycoside,Dichloromethane;Diethyl ether;Methanol,3;4;7,Sodium bicarbonate,8,0.0,60.0,1,1,1,1,1,0,1,31-614-CAS-28293923,31-614-CAS-28293923,"Organic & Biomolecular Chemistry (2017), 15(7), 1710-1717",skeleton_only; equivalents/concentration/addition_order/atmosphere not available,1
CT_0209ebf525cebaa9,thioglycoside,Dichloromethane;Methanol,3;7,Triethylamine,4,22.0,60.0,1,1,1,1,1,1,0,31-013-CAS-8223846,31-013-CAS-8223846,"Synlett (2015), 26(16), 2267-2271",skeleton_only; equivalents/concentration/addition_order/atmosphere not available,1
CT_026aa9f3269dcc8a,thioglycoside,Dichloromethane,3,N-Iodosuccinimide,5,-78.0,10.0,1,1,1,1,1,0,1,31-013-CAS-5931180,31-013-CAS-5931180,"Organic Letters (2011), 13(17), 4600-4603",skeleton_only; equivalents/concentration/addition_order/atmosphere not available,1
CT_057491f003ae0d8d,thioglycoside,Dichloromethane,3,1-(Phenylsulfonyl)piperidine,14,-60.0,60.0,1,1,1,1,1,1,0,31-614-CAS-24299301,31-614-CAS-24299301,"Organic Letters (2021), 23(19), 7313-7318",skeleton_only; equivalents/concentration/addition_order/atmosphere not available,1
CT_08f6a6bf99910ae3,thioglycoside,Dichloromethane,3,Methyl triflate,11,0.0,120.0,1,1,1,1,1,0,1,31-013-CAS-1202577,31-013-CAS-1202577,"Journal of the American Chemical Society (2003), 125(12), 3402-3403",skeleton_only; equivalents/concentration/addition_order/atmosphere not available,1
CT_09609c03049c8b99,thioglycoside,Dichloromethane,3,Sodium thiosulfate,16,-65.0,20.0,1,1,1,1,1,0,1,31-013-CAS-10791991,31-013-CAS-10791991,"Tetrahedron Letters (2010), 51(14), 1910-1913",skeleton_only; equivalents/concentration/addition_order/atmosphere not available,1
CT_09ec434366f6da68,thioglycoside,Benzene,14,N-Iodosuccinimide,5,7.0,4320.0,1,1,1,1,1,1,0,31-013-CAS-7890438,31-013-CAS-7890438,"Carbohydrate Research (2003), 338(6), 503-514",skeleton_only; equivalents/concentration/addition_order/atmosphere not available,1
CT_0ac5cb2579fd2364,thioglycoside,Toluene,5,Trimethylsilyl triflate,3,0.0,960.0,1,1,1,1,1,1,0,31-013-CAS-16587031,31-013-CAS-16587031,"Chemical Science (2013), 4(1), 468-481",skeleton_only; equivalents/concentration/addition_order/atmosphere not available,1
CT_0e2a4e3c961f6090,thioglycoside,Dichloromethane,3,Trifluoromethanesulfonic acid,6,-20.0,20.0,1,1,1,1,1,0,1,31-013-CAS-10771391,31-013-CAS-10771391,"Journal of the American Chemical Society (2003), 125(20), 6149-6159",skeleton_only; equivalents/concentration/addition_order/atmosphere not available,1
CT_13201d72aedc47ca,thioglycoside,Dichloromethane,3,N-Iodosuccinimide,5,-40.0,900.0,1,1,1,1,1,0,1,31-013-CAS-10274383,31-013-CAS-10274383,"Macromolecular Bioscience (2006), 6(10), 862-872",skeleton_only; equivalents/concentration/addition_order/atmosphere not available,1
CT_1414c02a65cf4266,thioglycoside,Dichloromethane;Toluene,3;5,N-Iodosuccinimide,5,25.0,60.0,1,1,1,1,1,0,1,31-614-CAS-43414513,31-614-CAS-43414513,"World Intellectual Property Organization, WO2024208383 A1 2024-10-10",skeleton_only; equivalents/concentration/addition_order/atmosphere not available,1
CT_1443c1dec7d79528,thioglycoside,Dichloromethane,3,Trifluoroacetic acid,17,25.0,120.0,1,1,1,1,1,0,1,31-013-CAS-20519347,31-013-CAS-20519347,"Carbohydrate Research (2019), 483, 107743",skeleton_only; equivalents/concentration/addition_order/atmosphere not available,1
CT_193f8f34a1545292,thioglycoside,Dichloromethane;Diethyl ether,3;4,Trifluoromethanesulfonic acid,6,-20.0,120.0,1,1,1,1,1,0,1,31-013-CAS-7313950,31-013-CAS-7313950,"United States, US5874411 A 1999-02-23",skeleton_only; equivalents/concentration/addition_order/atmosphere not available,1
CT_1a3d9605b39e0003,thioglycoside,Dichloromethane,3,Trimethylsilyl triflate,3,-20.0,10.0,1,1,1,1,1,0,1,31-013-CAS-16646504,31-013-CAS-16646504,"Journal of the American Chemical Society (2017), 139(2), 1011-1018",skeleton_only; equivalents/concentration/addition_order/atmosphere not available,1
CT_1bc019e8e9306354,thioglycoside,Acetic acid;Dichloromethane,3;22,Triethylamine,4,25.0,30.0,1,1,1,1,1,1,0,31-013-CAS-9961430,31-013-CAS-9961430,"Journal of Organic Chemistry (2015), 80(16), 8073-8083",skeleton_only; equivalents/concentration/addition_order/atmosphere not available,1
CT_1bdd43576b5c9ba6,thioglycoside,Toluene,5,Trifluoromethanesulfonic acid,6,0.0,480.0,1,1,1,1,1,1,0,31-013-CAS-2282258,31-013-CAS-2282258,"Organic Letters (2011), 13(3), 378-381",skeleton_only; equivalents/concentration/addition_order/atmosphere not available,1
CT_1cd2c62481abf89c,thioglycoside,Dichloromethane,3,N-Iodosuccinimide,5,-40.0,60.0,1,1,1,1,1,0,1,31-013-CAS-12680725,31-013-CAS-12680725,"Organic Letters (2012), 14(8), 2102-2105",skeleton_only; equivalents/concentration/addition_order/atmosphere not available,1
CT_212fb088fc689b4b,thioglycoside,Dichloromethane,3,Trifluoromethanesulfonic acid,6,-78.0,120.0,1,1,1,1,1,0,1,31-013-CAS-621425,31-013-CAS-621425,"Organic & Biomolecular Chemistry (2010), 8(1), 128-136",skeleton_only; equivalents/concentration/addition_order/atmosphere not available,1
CT_21352dae07dfc2c4,thioglycoside,Dichloroethane,9,Trimethylsilyl triflate,3,25.0,30.0,1,1,1,1,1,1,0,31-614-CAS-45240845,31-614-CAS-45240845,"Organic Letters (2024), 26(3), 745-750",skeleton_only; equivalents/concentration/addition_order/atmosphere not available,1
CT_2142447cd032ead7,thioglycoside,Dichloromethane,3,Trifluoromethanesulfonic anhydride,9,-78.0,20.0,1,1,1,1,1,0,1,31-013-CAS-16890476,31-013-CAS-16890476,"United States, US20160361436 A1 2016-12-15",skeleton_only; equivalents/concentration/addition_order/atmosphere not available,1
CT_2166aa7554689506,thioglycoside,Dichloromethane,3,Methyl triflate,11,25.0,10.0,1,1,1,1,1,0,1,31-013-CAS-7889658,31-013-CAS-7889658,"Organic Letters (2008), 10(5), 905-908",skeleton_only; equivalents/concentration/addition_order/atmosphere not available,1
CT_24101c5c60faa383,thioglycoside,Dichloromethane,3,N-Iodosuccinimide,5,-15.0,60.0,1,1,1,1,1,0,1,31-614-CAS-40218511,31-614-CAS-40218511,"Angewandte Chemie, International Edition (2021), 60(26), 14679-14692",skeleton_only; equivalents/concentration/addition_order/atmosphere not available,1
CT_24ccc65fb40150bc,thioglycoside,Dichloromethane,3,Trifluoromethanesulfonic acid,6,-78.0,360.0,1,1,1,1,1,0,1,31-614-CAS-40276979,31-614-CAS-40276979,"Carbohydrate Research (2023), 525, 108764",skeleton_only; equivalents/concentration/addition_order/atmosphere not available,1
CT_28c74213957feac8,thioglycoside,Dichloromethane;Diethyl ether,3;4,Triethylamine,4,25.0,60.0,1,1,1,1,1,1,0,31-013-CAS-5560590,31-013-CAS-5560590,"Journal of Organic Chemistry (2003), 68(10), 4020-4029",skeleton_only; equivalents/concentration/addition_order/atmosphere not available,1
CT_2994df057ed92ec1,thioglycoside,Dichloromethane,3,Triethylamine,4,-60.0,40.0,1,1,1,1,1,0,1,31-301-CAS-21409470,31-301-CAS-21409470,"Nature Chemistry (2016), 8(4), 338-346",skeleton_only; equivalents/concentration/addition_order/atmosphere not available,1
CT_29b0d5cb6a9f473c,thioglycoside,Dichloromethane,3,Bromine,18,0.0,90.0,1,1,1,1,1,1,0,31-013-CAS-5882,31-013-CAS-5882,"Organic & Biomolecular Chemistry (2013), 11(29), 4825-4830",skeleton_only; equivalents/concentration/addition_order/atmosphere not available,1
CT_2c313c07a4b8d4f9,thioglycoside,Dichloromethane,3,Trifluoromethanesulfonic acid,6,-60.0,240.0,1,1,1,1,1,1,0,31-614-CAS-37588026,31-614-CAS-37588026,"Journal of the American Chemical Society (2020), 142(11), 5282-5292",skeleton_only; equivalents/concentration/addition_order/atmosphere not available,1
CT_2cc5a0a4e269c435,thioglycoside,Dichloromethane,3,Triethylamine,4,-40.0,30.0,1,1,1,1,1,0,1,31-013-CAS-20421021,31-013-CAS-20421021,"Angewandte Chemie, International Edition (2019), 58(31), 10547-10552",skeleton_only; equivalents/concentration/addition_order/atmosphere not available,1
CT_2d08fcec419edf02,thioglycoside,Dichloromethane;Toluene,3;5,Trifluoromethanesulfonic acid,6,25.0,20.0,1,1,1,1,1,0,1,31-013-CAS-276591,31-013-CAS-276591,"World Intellectual Property Organization, WO9948515 A1 1999-09-30",skeleton_only; equivalents/concentration/addition_order/atmosphere not available,1
CT_2e7b37eb5f966b41,thioglycoside,Dichloromethane,3,Bromine,18,-30.0,120.0,1,1,1,1,1,1,0,31-013-CAS-8252853,31-013-CAS-8252853,"Nature Protocols (2013), 8(10), 1870-1889",skeleton_only; equivalents/concentration/addition_order/atmosphere not available,1
CT_2ef4087ec08ca87f,thioglycoside,Dichloromethane,3,N-Iodosuccinimide,5,25.0,45.0,1,1,1,1,1,0,1,31-013-CAS-2565194,31-013-CAS-2565194,"Tetrahedron: Asymmetry (2009), 20(6-8), 851-856",skeleton_only; equivalents/concentration/addition_order/atmosphere not available,1
CT_2f155805ae592084,thioglycoside,Dichloromethane,3,Triethyl phosphite,28,-60.0,30.0,1,1,1,1,1,0,1,31-013-CAS-11455285,31-013-CAS-11455285,"Tetrahedron (2010), 66(15), 2809-2814",skeleton_only; equivalents/concentration/addition_order/atmosphere not available,1
CT_321a18010e9fb5db,thioglycoside,Dichloromethane,3,Diphenyl sulfoxide,15,25.0,60.0,1,1,1,1,1,1,0,31-013-CAS-14640673,31-013-CAS-14640673,"Organic & Biomolecular Chemistry (2008), 6(15), 2692-2696",skeleton_only; equivalents/concentration/addition_order/atmosphere not available,1
CT_330bad92e32bff72,thioglycoside,Dichloromethane,3,N-Iodosuccinimide,5,-20.0,30.0,1,1,1,1,1,0,1,31-614-CAS-40218507,31-614-CAS-40218507,"Angewandte Chemie, International Edition (2021), 60(26), 14679-14692",skeleton_only; equivalents/concentration/addition_order/atmosphere not available,1
CT_331bba8a367a4f15,thioglycoside,Dichloromethane,3,N-Iodosuccinimide,5,-15.0,240.0,1,1,1,1,1,0,1,31-614-CAS-40218495,31-614-CAS-40218495,"Angewandte Chemie, International Edition (2021), 60(26), 14679-14692",skeleton_only; equivalents/concentration/addition_order/atmosphere not available,1
CT_35a22eea900cea19,thioglycoside,Dichloromethane,3,Trifluoromethanesulfonic acid,6,-42.0,80.0,1,1,1,1,1,0,1,31-013-CAS-15100866,31-013-CAS-15100866,"Carbohydrate Research (2006), 341(10), 1363-1369",skeleton_only; equivalents/concentration/addition_order/atmosphere not available,1
CT_3635a953c5893e9d,thioglycoside,Dichloromethane,3,Triethylamine,4,-78.0,15.0,1,1,1,1,1,1,0,31-013-CAS-12076595,31-013-CAS-12076595,"Carbohydrate Research (2009), 344(3), 285-290",skeleton_only; equivalents/concentration/addition_order/atmosphere not available,1
CT_3700ceae9c730ee2,thioglycoside,Dichloromethane;Toluene,3;5,Trifluoromethanesulfonic acid,6,0.0,30.0,1,1,1,1,1,0,1,31-614-CAS-38021969,31-614-CAS-38021969,"Organic & Biomolecular Chemistry (2022), 20(42), 8243-8258",skeleton_only; equivalents/concentration/addition_order/atmosphere not available,1
CT_376f9242493e009c,thioglycoside,Dichloromethane,3,Methyl triflate,11,25.0,900.0,1,1,1,1,1,0,1,31-013-CAS-2274810,31-013-CAS-2274810,"Organic & Biomolecular Chemistry (2009), 7(15), 3128-3140",skeleton_only; equivalents/concentration/addition_order/atmosphere not available,1
CT_37b64947d0bf08b0,thioglycoside,Toluene,5,Trifluoromethanesulfonic acid,6,25.0,360.0,1,1,1,1,1,1,0,31-013-CAS-7432796,31-013-CAS-7432796,"ACS Chemical Biology (2012), 7(8), 1420-1428",skeleton_only; equivalents/concentration/addition_order/atmosphere not available,1
CT_37d30883235458ef,thioglycoside,Dichloromethane,3,N-Iodosuccinimide,5,25.0,25.0,1,1,1,1,1,1,0,31-013-CAS-20839029,31-013-CAS-20839029,"Carbohydrate Research (2019), 485, 107817",skeleton_only; equivalents/concentration/addition_order/atmosphere not available,1
CT_38c35b41fd30e216,thioglycoside,Dichloromethane,3,1-(Phenylsulfonyl)piperidine,14,-60.0,5.0,1,1,1,1,1,0,1,31-013-CAS-11908517,31-013-CAS-11908517,"World Intellectual Property Organization, WO2012135049 A1 2012-10-04",skeleton_only; equivalents/concentration/addition_order/atmosphere not available,1
CT_3bb8ff7c20524a74,thioglycoside,Dichloromethane,3,N-Iodosuccinimide,5,-20.0,45.0,1,1,1,1,1,0,1,31-614-CAS-39984457,31-614-CAS-39984457,"Tetrahedron (2023), 137, 133379",skeleton_only; equivalents/concentration/addition_order/atmosphere not available,1
CT_3cf493cf63574e7d,thioglycoside,Dichloromethane,3,Triethylamine,4,-60.0,20.0,1,1,1,1,1,1,0,31-013-CAS-17261532,31-013-CAS-17261532,"Tetrahedron Letters (2017), 58(22), 2109-2112",skeleton_only; equivalents/concentration/addition_order/atmosphere not available,1
CT_3dd31269b9da6cde,thioglycoside,Dichloromethane;Diethyl ether,3;4,Triethylamine,4,0.0,30.0,1,1,1,1,1,1,0,31-013-CAS-11935268,31-013-CAS-11935268,"Tetrahedron (2008), 64(42), 9865-9873",skeleton_only; equivalents/concentration/addition_order/atmosphere not available,1
CT_3e4eb6b2c1ff7e89,thioglycoside,Dichloromethane,3,Diphenyl sulfoxide,15,25.0,10.0,1,1,1,1,1,0,1,31-013-CAS-11843237,31-013-CAS-11843237,"Organic Letters (2015), 17(4), 928-931",skeleton_only; equivalents/concentration/addition_order/atmosphere not available,1
CT_3fad9e418ec4aef1,thioglycoside,Dichloromethane,3,Sodium bicarbonate,8,-78.0,5.0,1,1,1,1,1,1,0,31-013-CAS-1252855,31-013-CAS-1252855,"e-EROS Encyclopedia of Reagents for Organic Synthesis (2004), 1-2",skeleton_only; equivalents/concentration/addition_order/atmosphere not available,1
CT_40dd53484dd304d2,thioglycoside,Toluene,5,N-Iodosuccinimide,5,25.0,30.0,1,1,1,1,1,0,1,31-013-CAS-3484263,31-013-CAS-3484263,"Tetrahedron (2010), 66(37), 7373-7383",skeleton_only; equivalents/concentration/addition_order/atmosphere not available,1
CT_4382f018913f9232,thioglycoside,Dichloromethane,3,N-Iodosuccinimide,5,-60.0,20.0,1,1,1,1,1,1,0,31-013-CAS-8661272,31-013-CAS-8661272,"Tetrahedron Letters (2010), 51(14), 1910-1913",skeleton_only; equivalents/concentration/addition_order/atmosphere not available,1
CT_43fe63d538260463,thioglycoside,Dichloromethane,3,Triethylamine,4,-40.0,20.0,1,1,1,1,1,0,1,31-013-CAS-21762108,31-013-CAS-21762108,"European Journal of Organic Chemistry (2020), 2020(12), 1802-1810",skeleton_only; equivalents/concentration/addition_order/atmosphere not available,1
CT_441dcd7d643d3e41,thioglycoside,Dichloromethane,3,Methyl triflate,11,25.0,60.0,1,1,1,1,1,0,1,31-013-CAS-1778263,31-013-CAS-1778263,"Journal of the American Chemical Society (2013), 135(45), 16895-16903",skeleton_only; equivalents/concentration/addition_order/atmosphere not available,1
CT_473c76b5921ad385,thioglycoside,Dichloromethane;Toluene,3;5,Silver triflate,10,0.0,30.0,1,1,1,1,1,0,1,31-013-CAS-13659998,31-013-CAS-13659998,"Carbohydrate Research (1997), 300(2), 127-138",skeleton_only; equivalents/concentration/addition_order/atmosphere not available,1
CT_475531a94534bc58,thioglycoside,Dichloromethane,3,Triethylamine,4,-60.0,60.0,1,1,1,1,1,0,1,31-013-CAS-5407380,31-013-CAS-5407380,"Science (Washington, DC, United States) (2013), 341(6144), 379-383",skeleton_only; equivalents/concentration/addition_order/atmosphere not available,1
CT_4bae0ff453486737,thioglycoside,Dichloromethane,3,Trifluoromethanesulfonic acid,6,25.0,180.0,1,1,1,1,1,0,1,31-013-CAS-8874229,31-013-CAS-8874229,"European Journal of Organic Chemistry (2003), (18), 3569-3586",skeleton_only; equivalents/concentration/addition_order/atmosphere not available,1
CT_4daa1b930a5e004b,thioglycoside,Dichloromethane,3,Trifluoromethanesulfonic anhydride,9,-60.0,90.0,1,1,1,1,1,0,1,31-013-CAS-13652356,31-013-CAS-13652356,"Organic & Biomolecular Chemistry (2015), 13(47), 11518-11528",skeleton_only; equivalents/concentration/addition_order/atmosphere not available,1
CT_4f3d312934657a70,thioglycoside,Dichloromethane,3,Triethylamine,4,-20.0,150.0,1,1,1,1,1,0,1,31-013-CAS-9389396,31-013-CAS-9389396,"Japan, JP2010229126 A 2010-10-14",skeleton_only; equivalents/concentration/addition_order/atmosphere not available,1
CT_4f3dcf425db5c343,thioglycoside,Dichloromethane,3,Diphenyl sulfoxide,15,-60.0,10.0,1,1,1,1,1,0,1,31-013-CAS-10860550,31-013-CAS-10860550,"Organic Letters (2012), 14(8), 2102-2105",skeleton_only; equivalents/concentration/addition_order/atmosphere not available,1
CT_4fc05eae5d6f44f5,thioglycoside,Dichloromethane,3,Tetrabutylammonium bromide,19,21.0,240.0,1,1,1,1,1,1,0,31-013-CAS-9933290,31-013-CAS-9933290,"Russian Chemical Bulletin (2015), 64(5), 1134-1141",skeleton_only; equivalents/concentration/addition_order/atmosphere not available,1
CT_5060d7b3da7c1272,thioglycoside,Dichloromethane;Methanol,3;7,N-Iodosuccinimide,5,-30.0,30.0,1,1,1,1,1,0,1,31-013-CAS-2225323,31-013-CAS-2225323,"European Journal of Organic Chemistry (2012), 2012(26), 5054-5068, S5054/1-S5054/12",skeleton_only; equivalents/concentration/addition_order/atmosphere not available,1
CT_50c6b2eaec88f08d,thioglycoside,Dichloromethane,3,Trifluoromethanesulfonic acid,6,-40.0,60.0,1,1,1,1,1,1,0,31-013-CAS-23633955,31-013-CAS-23633955,"Angewandte Chemie, International Edition (2021), 60(22), 12413-12423",skeleton_only; equivalents/concentration/addition_order/atmosphere not available,1
CT_5253b6c2bc3c21da,thioglycoside,Dichloromethane,3,Triethylamine,4,-35.0,90.0,1,1,1,1,1,0,1,31-013-CAS-621165,31-013-CAS-621165,"Beilstein Journal of Organic Chemistry (2010), 6, No pp. given, No. 80",skeleton_only; equivalents/concentration/addition_order/atmosphere not available,1
CT_5673c4e02c28d5f7,thioglycoside,Dichloromethane,3,Trifluoroacetic acid,17,-20.0,180.0,1,1,1,1,1,0,1,31-013-CAS-21945116,31-013-CAS-21945116,"Angewandte Chemie, International Edition (2019), 58(14), 4526-4530",skeleton_only; equivalents/concentration/addition_order/atmosphere not available,1
CT_56c86d8c85666f01,thioglycoside,Dichloromethane,3,Diphenyl sulfoxide,15,-72.0,5.0,1,1,1,1,1,1,0,31-614-CAS-27094234,31-614-CAS-27094234,"European Journal of Medicinal Chemistry (2017), 126, 1039-1055",skeleton_only; equivalents/concentration/addition_order/atmosphere not available,1
CT_5710c56eae716e55,thioglycoside,Dichloromethane,3,Trifluoromethanesulfonic acid,6,-60.0,30.0,1,1,1,1,1,0,1,31-614-CAS-45260380,31-614-CAS-45260380,"World Intellectual Property Organization, WO2025038915 A2 2025-02-20",skeleton_only; equivalents/concentration/addition_order/atmosphere not available,1
CT_597149f37d3bdab4,thioglycoside,Dichloromethane,3,Copper bromide,20,25.0,30.0,1,1,1,1,1,1,0,31-013-CAS-14210003,31-013-CAS-14210003,"United States, US5874411 A 1999-02-23",skeleton_only; equivalents/concentration/addition_order/atmosphere not available,1
CT_59c0e805189cfdee,thioglycoside,Dichloromethane,3,Triethylamine,4,-70.0,45.0,1,1,1,1,1,0,1,31-614-CAS-24965173,31-614-CAS-24965173,"Journal of the American Chemical Society (2009), 131(46), 16669-16671",skeleton_only; equivalents/concentration/addition_order/atmosphere not available,1
CT_5b2eff137ff91fff,thioglycoside,Dichloromethane;Diethyl ether,3;4,Trifluoromethanesulfonic acid,6,25.0,30.0,1,1,1,1,1,1,0,31-013-CAS-16017995,31-013-CAS-16017995,"Beilstein Journal of Organic Chemistry (2014), 10, 293-299, 7 pp.",skeleton_only; equivalents/concentration/addition_order/atmosphere not available,1
CT_5c32ddff13a3f86a,thioglycoside,Dichloromethane,3,Methyl triflate,11,0.0,180.0,1,1,1,1,1,0,1,31-013-CAS-1115685,31-013-CAS-1115685,"Carbohydrate Research (2007), 342(5), 675-695",skeleton_only; equivalents/concentration/addition_order/atmosphere not available,1
CT_5cc8b57ee0f4c694,thioglycoside,Dichloromethane;Diethyl ether;Methanol,3;4;7,Trifluoromethanesulfonic acid,6,0.0,90.0,1,1,1,1,1,0,1,31-013-CAS-9139379,31-013-CAS-9139379,"Bioorganic & Medicinal Chemistry (2014), 22(4), 1394-1403",skeleton_only; equivalents/concentration/addition_order/atmosphere not available,1
CT_5e7b27f1decb6c2c,thioglycoside,Dichloromethane,3,Sulfobromophthalein,24,-60.0,10.0,1,1,1,1,1,0,1,31-013-CAS-22252750,31-013-CAS-22252750,"Bioorganic & Medicinal Chemistry (2018), 26(9), 2262-2270",skeleton_only; equivalents/concentration/addition_order/atmosphere not available,1
CT_61200ebe642dfbce,thioglycoside,Dichloromethane,3,Trifluoromethanesulfonic acid,6,-30.0,40.0,1,1,1,1,1,0,1,31-013-CAS-6657006,31-013-CAS-6657006,"Science China: Chemistry (2010), 53(9), 1963-1969",skeleton_only; equivalents/concentration/addition_order/atmosphere not available,1
CT_636d2f17d1764cad,thioglycoside,Dichloromethane,3,N-Iodosuccinimide,5,0.0,120.0,1,1,1,1,1,0,1,31-013-CAS-21013700,31-013-CAS-21013700,"Journal of the American Chemical Society (2020), 142(1), 456-467",skeleton_only; equivalents/concentration/addition_order/atmosphere not available,1
CT_63b0e36f076af7bf,thioglycoside,Dichloromethane,3,Triethylamine,4,-78.0,180.0,1,1,1,1,1,0,1,31-013-CAS-3374199,31-013-CAS-3374199,"Nature Chemistry (2011), 3(7), 557-563",skeleton_only; equivalents/concentration/addition_order/atmosphere not available,1
CT_63cf38c05568ef84,thioglycoside,Dichloromethane;Triethylamine,3;10,Trimethylsilyl triflate,3,-25.0,180.0,1,1,1,1,1,1,0,31-013-CAS-13815318,31-013-CAS-13815318,"Tetrahedron Letters (2003), 44(18), 3691-3695",skeleton_only; equivalents/concentration/addition_order/atmosphere not available,1
CT_662f0de786080049,thioglycoside,Dichloromethane;Toluene,3;5,Triethylamine,4,25.0,30.0,1,1,1,1,1,1,0,31-013-CAS-21186032,31-013-CAS-21186032,"ACS Chemical Biology (2019), 14(9), 1921-1929",skeleton_only; equivalents/concentration/addition_order/atmosphere not available,1
CT_663871e2c0893178,thioglycoside,Dichloromethane;Triethylamine,3;10,N-Iodosuccinimide,5,25.0,120.0,1,1,1,1,1,1,0,31-013-CAS-8306668,31-013-CAS-8306668,"Chemical Communications (Cambridge, United Kingdom) (2008), (21), 2465-2467",skeleton_only; equivalents/concentration/addition_order/atmosphere not available,1
CT_68aa1705ef257565,thioglycoside,Dichloromethane,3,Trimethylsilyl triflate,3,25.0,45.0,1,1,1,1,1,0,1,31-013-CAS-1600664,31-013-CAS-1600664,"Journal of the American Chemical Society (2009), 131(46), 16669-16671",skeleton_only; equivalents/concentration/addition_order/atmosphere not available,1
CT_68ff84ba27632e99,thioglycoside,Dichloromethane,3,Trimethylsilyl triflate,3,-10.0,60.0,1,1,1,1,1,1,0,31-013-CAS-6871905,31-013-CAS-6871905,"Chemistry - A European Journal (2014), 20(13), 3578-3583",skeleton_only; equivalents/concentration/addition_order/atmosphere not available,1
CT_6a79fdd960f7950e,thioglycoside,Dichloromethane;Toluene,3;5,Bromine,18,25.0,240.0,1,1,1,1,1,0,1,31-013-CAS-2148806,31-013-CAS-2148806,"European Journal of Organic Chemistry (2003), (18), 3569-3586",skeleton_only; equivalents/concentration/addition_order/atmosphere not available,1
CT_6b10f7d0cdc69836,thioglycoside,Dichloromethane,3,Trifluoromethanesulfonic acid,6,-50.0,120.0,1,1,1,1,1,0,1,31-013-CAS-15942087,31-013-CAS-15942087,"Nature Chemistry (2016), 8(4), 338-346",skeleton_only; equivalents/concentration/addition_order/atmosphere not available,1
CT_6d32fef94fa11135,thioglycoside,Dichloroethane,9,Silver triflate,10,25.0,120.0,1,1,1,1,1,0,1,31-013-CAS-15735982,31-013-CAS-15735982,"Journal of Organic Chemistry (2016), 81(14), 5981-5987",skeleton_only; equivalents/concentration/addition_order/atmosphere not available,1
CT_6f0ded4f95bfa609,thioglycoside,Dichloromethane;Diethyl ether,3;4,Triethylamine,4,0.0,180.0,1,1,1,1,1,0,1,31-013-CAS-16760997,31-013-CAS-16760997,"Angewandte Chemie, International Edition (2017), 56(9), 2312-2317",skeleton_only; equivalents/concentration/addition_order/atmosphere not available,1
CT_6fbe4988a75d315e,thioglycoside,Dichloromethane;Toluene,3;5,Sodium thiosulfate,16,25.0,30.0,1,1,1,1,1,1,0,31-013-CAS-18792530,31-013-CAS-18792530,"World Intellectual Property Organization, WO2014052585 A1 2014-04-03",skeleton_only; equivalents/concentration/addition_order/atmosphere not available,1
CT_7138ec6928abc6c0,thioglycoside,Toluene,5,Trifluoromethanesulfonic acid,6,25.0,20.0,1,1,1,1,1,0,1,31-013-CAS-8037474,31-013-CAS-8037474,"Journal of the American Chemical Society (2003), 125(20), 6149-6159",skeleton_only; equivalents/concentration/addition_order/atmosphere not available,1
CT_733a7265e75930b2,thioglycoside,Propionitrile,20,Trifluoromethanesulfonic anhydride,9,-78.0,10.0,1,1,1,1,1,1,0,31-013-CAS-3859968,31-013-CAS-3859968,"Tetrahedron (2008), 64(11), 2611-2618",skeleton_only; equivalents/concentration/addition_order/atmosphere not available,1
CT_79a90f4ebb8b2cfd,thioglycoside,Toluene,5,N-Iodosuccinimide,5,25.0,60.0,1,1,1,1,1,0,1,31-013-CAS-11179214,31-013-CAS-11179214,"European Journal of Organic Chemistry (2013), 2013(32), 7382-7390",skeleton_only; equivalents/concentration/addition_order/atmosphere not available,1
CT_79c504e1b66aab0a,thioglycoside,Chloroform,11,Triethylamine,4,25.0,30.0,1,1,1,1,1,1,0,31-013-CAS-1216240,31-013-CAS-1216240,"Organic & Biomolecular Chemistry (2007), 5(18), 2953-2961",skeleton_only; equivalents/concentration/addition_order/atmosphere not available,1
CT_7cedeb6da5967e89,thioglycoside,Dichloromethane,3,Tetrabutylammonium bromide,19,25.0,10.0,1,1,1,1,1,1,0,31-013-CAS-12553374,31-013-CAS-12553374,"Journal of Organic Chemistry (2015), 80(10), 4851-4860",skeleton_only; equivalents/concentration/addition_order/atmosphere not available,1
CT_7ef32ae953e3118e,thioglycoside,Dichloromethane,3,N-Iodosuccinimide,5,-20.0,60.0,1,1,1,1,1,0,1,31-013-CAS-8286031,31-013-CAS-8286031,"Carbohydrate Research (2003), 338(12), 1313-1318",skeleton_only; equivalents/concentration/addition_order/atmosphere not available,1
CT_7f5afd5fe772921e,thioglycoside,Dichloromethane,3,Tetrabutylammonium bromide,19,25.0,60.0,1,1,1,1,1,1,0,31-013-CAS-21812652,31-013-CAS-21812652,"World Intellectual Property Organization, WO2019211595 A1 2019-11-07",skeleton_only; equivalents/concentration/addition_order/atmosphere not available,1
CT_815fe04a25cc248c,thioglycoside,Dichloromethane,3,Trifluoromethanesulfonic acid,6,-20.0,60.0,1,1,1,1,1,0,1,31-013-CAS-8257226,31-013-CAS-8257226,"Angewandte Chemie, International Edition (2016), 55(15), 4767-4771",skeleton_only; equivalents/concentration/addition_order/atmosphere not available,1
CT_82405096f1642dc6,thioglycoside,Dichloromethane,3,Trifluoromethanesulfonic acid,6,-78.0,60.0,1,1,1,1,1,0,1,31-013-CAS-4659620,31-013-CAS-4659620,"Journal of Medicinal Chemistry (2005), 48(9), 3126-3129",skeleton_only; equivalents/concentration/addition_order/atmosphere not available,1
CT_87cda5392e074181,thioglycoside,Dichloromethane;Methanol,3;7,N-Iodosuccinimide,5,22.0,60.0,1,1,1,1,1,1,0,31-013-CAS-1838282,31-013-CAS-1838282,"Synlett (2015), 26(16), 2267-2271",skeleton_only; equivalents/concentration/addition_order/atmosphere not available,1
CT_880ccb64a2105c76,thioglycoside,Dichloromethane;Methanol,3;7,Trifluoroacetic acid,17,25.0,30.0,1,1,1,1,1,0,1,31-614-CAS-38307143,31-614-CAS-38307143,"World Intellectual Property Organization, WO2023194941 A1 2023-10-12",skeleton_only; equivalents/concentration/addition_order/atmosphere not available,1
CT_899041890a43139a,thioglycoside,Dichloromethane,3,Triethylamine,4,4.0,60.0,1,1,1,1,1,0,1,31-013-CAS-7296941,31-013-CAS-7296941,"Journal of Organic Chemistry (2007), 72(16), 6107-6115",skeleton_only; equivalents/concentration/addition_order/atmosphere not available,1
CT_8a85b84abc52d940,thioglycoside,Dichloromethane,3,Triethylamine,4,-78.0,240.0,1,1,1,1,1,1,0,31-013-CAS-17391920,31-013-CAS-17391920,"Nature Chemistry (2011), 3(7), 557-563",skeleton_only; equivalents/concentration/addition_order/atmosphere not available,1
CT_8b81afa1fe661b40,thioglycoside,Dichloromethane,3,Triethylamine,4,-45.0,30.0,1,1,1,1,1,1,0,31-013-CAS-15226119,31-013-CAS-15226119,"Organic Letters (2004), 6(5), 839-841",skeleton_only; equivalents/concentration/addition_order/atmosphere not available,1
CT_9089bd5b22b88fd2,thioglycoside,Dichloromethane,3,Trifluoromethanesulfonic anhydride,9,-78.0,300.0,1,1,1,1,1,0,1,31-614-CAS-30818878,31-614-CAS-30818878,"World Intellectual Property Organization, WO2014066889 A1 2014-05-01",skeleton_only; equivalents/concentration/addition_order/atmosphere not available,1
CT_9274253a2fb17c9f,thioglycoside,Dichloromethane,3,Trifluoroacetic acid,17,-40.0,120.0,1,1,1,1,1,0,1,31-013-CAS-17243086,31-013-CAS-17243086,"World Intellectual Property Organization, WO2016198170 A1 2016-12-15",skeleton_only; equivalents/concentration/addition_order/atmosphere not available,1
CT_9518d8c97d67e8ef,thioglycoside,Dichloroethane,9,Sodium chloride,29,0.0,180.0,1,1,1,1,1,0,1,31-013-CAS-8917480,31-013-CAS-8917480,"Journal of Medicinal Chemistry (2005), 48(9), 3126-3129",skeleton_only; equivalents/concentration/addition_order/atmosphere not available,1
CT_994164cf760a5e00,thioglycoside,Dichloromethane,3,Trifluoromethanesulfonic acid,6,-40.0,120.0,1,1,1,1,1,0,1,31-013-CAS-15817613,31-013-CAS-15817613,"Nature Chemistry (2016), 8(4), 338-346",skeleton_only; equivalents/concentration/addition_order/atmosphere not available,1
CT_9b45950fcb1a230b,thioglycoside,Dichloromethane,3,Trifluoromethanesulfonic acid,6,78.0,240.0,1,1,1,1,1,1,0,31-614-CAS-34336268,31-614-CAS-34336268,"Japan, JP2022127918 A 2022-09-01",skeleton_only; equivalents/concentration/addition_order/atmosphere not available,1
CT_9f6ed58874273ad0,thioglycoside,Dichloromethane,3,Trifluoromethanesulfonic acid,6,25.0,5.0,1,1,1,1,1,0,1,31-013-CAS-7449015,31-013-CAS-7449015,"Tetrahedron (2008), 64(7), 1523-1535",skeleton_only; equivalents/concentration/addition_order/atmosphere not available,1
CT_a000a368b8572055,thioglycoside,Diethyl ether,4,Triethylamine,4,25.0,45.0,1,1,1,1,1,1,0,31-614-CAS-39596676,31-614-CAS-39596676,"Journal of Organic Chemistry (2023), 88(9), 5554-5562",skeleton_only; equivalents/concentration/addition_order/atmosphere not available,1
CT_a320578f26da2de1,thioglycoside,Dichloromethane,3,N-Iodosuccinimide,5,-40.0,180.0,1,1,1,1,1,0,1,31-013-CAS-21471842,31-013-CAS-21471842,"Chemistry - A European Journal (2019), 25(71), 16277-16287",skeleton_only; equivalents/concentration/addition_order/atmosphere not available,1
CT_a5402e4b0ee901a6,thioglycoside,Dichloromethane,3,Triethylamine,4,-20.0,60.0,1,1,1,1,1,0,1,31-013-CAS-20404994,31-013-CAS-20404994,"Proceedings of the National Academy of Sciences of the United States of America (2019), 116(8), 2837-2842",skeleton_only; equivalents/concentration/addition_order/atmosphere not available,1
CT_a75fae11ac7ba661,thioglycoside,Dichloromethane,3,Silver triflate,10,-40.0,900.0,1,1,1,1,1,0,1,31-013-CAS-14868192,31-013-CAS-14868192,"Macromolecular Bioscience (2006), 6(10), 862-872",skeleton_only; equivalents/concentration/addition_order/atmosphere not available,1
CT_a895e3d42a118628,thioglycoside,Dichloromethane,3,Sodium bicarbonate,8,25.0,30.0,1,1,1,1,1,0,1,31-013-CAS-5703022,31-013-CAS-5703022,"Carbohydrate Research (2015), 414, 1-7",skeleton_only; equivalents/concentration/addition_order/atmosphere not available,1
CT_ac636cfae034c999,thioglycoside,Dichloromethane,3,Tetrabutylammonium bromide,19,25.0,5.0,1,1,1,1,1,1,0,31-013-CAS-16173156,31-013-CAS-16173156,"Angewandte Chemie, International Edition (2016), 55(41), 12850-12853",skeleton_only; equivalents/concentration/addition_order/atmosphere not available,1
CT_b129977158d58214,thioglycoside,Dichloromethane,3,Tetrabutylammonium bromide,19,25.0,120.0,1,1,1,1,1,1,0,31-013-CAS-14626746,31-013-CAS-14626746,"Organic Letters (2005), 7(17), 3753-3756",skeleton_only; equivalents/concentration/addition_order/atmosphere not available,1
CT_b2223452d491cf79,thioglycoside,Dichloromethane,3,Trimethylsilyl triflate,3,-20.0,180.0,1,1,1,1,1,0,1,31-013-CAS-3991023,31-013-CAS-3991023,"Tetrahedron Letters (2010), 51(18), 2529-2532",skeleton_only; equivalents/concentration/addition_order/atmosphere not available,1
CT_b2439a0a0f9b2338,thioglycoside,Diethyl ether,4,Silver triflate,10,25.0,60.0,1,1,1,1,1,0,1,31-614-CAS-36745363,31-614-CAS-36745363,"Journal of Organic Chemistry (2022), 87(8), 5339-5357",skeleton_only; equivalents/concentration/addition_order/atmosphere not available,1
CT_b76b3d537ca8bcbf,thioglycoside,Dichloromethane,3,1-(Phenylsulfonyl)piperidine,14,25.0,120.0,1,1,1,1,1,0,1,31-013-CAS-11595421,31-013-CAS-11595421,"Journal of the American Chemical Society (2010), 132(42), 14849-14856",skeleton_only; equivalents/concentration/addition_order/atmosphere not available,1
CT_b7ebeae68f4781f4,thioglycoside,Dichloromethane;Toluene,3;5,Bromine,18,25.0,210.0,1,1,1,1,1,0,1,31-013-CAS-12262753,31-013-CAS-12262753,"European Journal of Organic Chemistry (2003), (18), 3569-3586",skeleton_only; equivalents/concentration/addition_order/atmosphere not available,1
CT_b8fe2ef2da6318ab,thioglycoside,Dichloromethane,3,N-Iodosuccinimide,5,0.0,10.0,1,1,1,1,1,1,0,31-013-CAS-3114823,31-013-CAS-3114823,"Carbohydrate Research (2014), 400, 9-13",skeleton_only; equivalents/concentration/addition_order/atmosphere not available,1
CT_b941f57813a44037,thioglycoside,Dichloromethane,3,Trifluoromethanesulfonic anhydride,9,25.0,5.0,1,1,1,1,1,0,1,31-013-CAS-11213156,31-013-CAS-11213156,"World Intellectual Property Organization, WO2008153394 A2 2008-12-18",skeleton_only; equivalents/concentration/addition_order/atmosphere not available,1
CT_b99da8dfccddc1e7,thioglycoside,Dichloromethane;Methanol,3;7,N-Iodosuccinimide,5,-10.0,120.0,1,1,1,1,1,1,0,31-614-CAS-24186973,31-614-CAS-24186973,"Synthesis (2021), 53(19), 3613-3620",skeleton_only; equivalents/concentration/addition_order/atmosphere not available,1
CT_bc069579eb5238f3,thioglycoside,Dichloromethane,3,Trifluoromethanesulfonic anhydride,9,-80.0,5.0,1,1,1,1,1,1,0,31-013-CAS-22548615,31-013-CAS-22548615,"Biochemistry (2020), 59(34), 3180-3185",skeleton_only; equivalents/concentration/addition_order/atmosphere not available,1
CT_bc1848d1f8899800,thioglycoside,Dichloromethane,3,Bromine,18,25.0,10.0,1,1,1,1,1,1,0,31-614-CAS-36685375,31-614-CAS-36685375,"Organic & Biomolecular Chemistry (2022), 20(21), 4431-4440",skeleton_only; equivalents/concentration/addition_order/atmosphere not available,1
CT_bd1dfd9fb8be1e0b,thioglycoside,Dichloromethane,3,Triethylamine,4,-40.0,60.0,1,1,1,1,1,0,1,31-013-CAS-19403832,31-013-CAS-19403832,"Proceedings of the National Academy of Sciences of the United States of America (2017), 114(42), 11063-11068",skeleton_only; equivalents/concentration/addition_order/atmosphere not available,1
CT_be0d527b6f551182,thioglycoside,Dichloromethane,3,N-Iodosuccinimide,5,10.0,60.0,1,1,1,1,1,0,1,31-013-CAS-3120111,31-013-CAS-3120111,"Tetrahedron Letters (2011), 52(43), 5567-5570",skeleton_only; equivalents/concentration/addition_order/atmosphere not available,1
CT_bf0871d6855a3468,thioglycoside,Dichloromethane,3,N-Iodosuccinimide,5,-20.0,120.0,1,1,1,1,1,0,1,31-013-CAS-21762119,31-013-CAS-21762119,"European Journal of Organic Chemistry (2020), 2020(12), 1802-1810",skeleton_only; equivalents/concentration/addition_order/atmosphere not available,1
CT_bf639ea263534c75,thioglycoside,Dichloromethane;Toluene,3;5,Trifluoromethanesulfonic acid,6,0.0,210.0,1,1,1,1,1,1,0,31-013-CAS-7147519,31-013-CAS-7147519,"Journal of Medicinal Chemistry (2014), 57(11), 4511-4520",skeleton_only; equivalents/concentration/addition_order/atmosphere not available,1
CT_c09742b733d2aaa3,thioglycoside,Dichloromethane,3,Trimethylsilyl triflate,3,-30.0,30.0,1,1,1,1,1,1,0,31-013-CAS-12326620,31-013-CAS-12326620,"Tetrahedron: Asymmetry (2013), 24(15-16), 942-946",skeleton_only; equivalents/concentration/addition_order/atmosphere not available,1
CT_c0c5fd3489b23d67,thioglycoside,Chloroform,11,Trifluoromethanesulfonic acid,6,-15.0,60.0,1,1,1,1,1,1,0,31-013-CAS-1901337,31-013-CAS-1901337,"ChemMedChem (2007), 2(9), 1328-1338",skeleton_only; equivalents/concentration/addition_order/atmosphere not available,1
CT_c191931d6cfcc091,thioglycoside,Dichloromethane,3,Methyl triflate,11,25.0,120.0,1,1,1,1,1,0,1,31-013-CAS-3282710,31-013-CAS-3282710,"Carbohydrate Research (2003), 338(21), 2163-2168",skeleton_only; equivalents/concentration/addition_order/atmosphere not available,1
CT_c3d69966f7b85e3b,thioglycoside,Dichloromethane,3,Sodium chloride,29,25.0,180.0,1,1,1,1,1,0,1,31-013-CAS-2162186,31-013-CAS-2162186,"Tetrahedron (2006), 62(35), 8262-8277",skeleton_only; equivalents/concentration/addition_order/atmosphere not available,1
CT_c5c785d004d6da39,thioglycoside,Dichloromethane;Diethyl ether,3;4,Trifluoromethanesulfonic acid,6,-40.0,60.0,1,1,1,1,1,0,1,31-013-CAS-739772,31-013-CAS-739772,"Bioorganic & Medicinal Chemistry (2006), 14(21), 7187-7195",skeleton_only; equivalents/concentration/addition_order/atmosphere not available,1
CT_c6ec82658e142f15,thioglycoside,Dichloromethane,3,Trifluoromethanesulfonic acid,6,25.0,960.0,1,1,1,1,1,0,1,31-013-CAS-5982480,31-013-CAS-5982480,"Journal of Organic Chemistry (2003), 68(19), 7281-7288",skeleton_only; equivalents/concentration/addition_order/atmosphere not available,1
CT_c6f2565f24ff066d,thioglycoside,Dichloromethane,3,Triethylamine,4,-30.0,180.0,1,1,1,1,1,0,1,31-013-CAS-8508020,31-013-CAS-8508020,"Synthesis (2005), (11), 1783-1788",skeleton_only; equivalents/concentration/addition_order/atmosphere not available,1
CT_c74541a506be7ed5,thioglycoside,Dichloromethane,3,Triethylamine,4,0.0,240.0,1,1,1,1,1,0,1,31-614-CAS-47697112,31-614-CAS-47697112,"China, CN120829375 A 2025-10-24",skeleton_only; equivalents/concentration/addition_order/atmosphere not available,1
CT_c7a10a3f7369ab78,thioglycoside,Dichloromethane,3,Sulfobromophthalein,24,-60.0,90.0,1,1,1,1,1,0,1,31-013-CAS-22252748,31-013-CAS-22252748,"Bioorganic & Medicinal Chemistry (2018), 26(9), 2262-2270",skeleton_only; equivalents/concentration/addition_order/atmosphere not available,1
CT_c7ffe005a807620b,thioglycoside,Acetonitrile;Dichloromethane,3;6,Silver triflate,10,25.0,30.0,1,1,1,1,1,0,1,31-013-CAS-10686625,31-013-CAS-10686625,"Chemistry - A European Journal (2008), 14(23), 7072-7081",skeleton_only; equivalents/concentration/addition_order/atmosphere not available,1
CT_cb1d13e1be3fb7d6,thioglycoside,Dichloromethane,3,Trifluoromethanesulfonic anhydride,9,-60.0,10.0,1,1,1,1,1,1,0,31-301-CAS-3738842,31-301-CAS-3738842,"Journal of Organic Chemistry (2005), 70(4), 1291-1296",skeleton_only; equivalents/concentration/addition_order/atmosphere not available,1
CT_cc81f481674e45d8,thioglycoside,Dichloromethane;Toluene,3;5,Triethylamine,4,25.0,45.0,1,1,1,1,1,1,0,31-006-CAS-21886620,31-006-CAS-21886620,"World Intellectual Property Organization, WO2020070258 A1 2020-04-09",skeleton_only; equivalents/concentration/addition_order/atmosphere not available,1
CT_cede69cd492b48ce,thioglycoside,Dichloromethane,3,Trifluoromethanesulfonic anhydride,9,-60.0,5.0,1,1,1,1,1,0,1,31-301-CAS-3348443,31-301-CAS-3348443,"Chemistry - A European Journal (2010), 16(44), 13163-13175, S13163/1-S13163/108",skeleton_only; equivalents/concentration/addition_order/atmosphere not available,1
CT_d03531867b9e7afd,thioglycoside,Dichloromethane,3,Trifluoromethanesulfonic anhydride,9,-60.0,60.0,1,1,1,1,1,0,1,31-013-CAS-12951668,31-013-CAS-12951668,"Journal of Organic Chemistry (2014), 79(11), 4878-4891",skeleton_only; equivalents/concentration/addition_order/atmosphere not available,1
CT_d18c1fee75475ba0,thioglycoside,Acetonitrile;Dichloromethane,3;6,Triethylamine,4,-78.0,30.0,1,1,1,1,1,0,1,31-013-CAS-4019424,31-013-CAS-4019424,"Chemistry - A European Journal (2008), 14(23), 7072-7081",skeleton_only; equivalents/concentration/addition_order/atmosphere not available,1
CT_d7852400f63790f6,thioglycoside,Dichloromethane,3,N-Iodosuccinimide,5,-25.0,30.0,1,1,1,1,1,0,1,31-013-CAS-16946850,31-013-CAS-16946850,"Trends in Carbohydrate Research (2016), 8(1), 14-25",skeleton_only; equivalents/concentration/addition_order/atmosphere not available,1
CT_d7e377421466fb95,thioglycoside,Acetonitrile;Dichloromethane,3;6,Trifluoromethanesulfonic acid,6,78.0,180.0,1,1,1,1,1,1,0,31-614-CAS-32458097,31-614-CAS-32458097,"United States, US11332490 B1 2022-05-17",skeleton_only; equivalents/concentration/addition_order/atmosphere not available,1
CT_d7f9ad979f749bbf,thioglycoside,Dichloromethane,3,Trifluoromethanesulfonic acid,6,-45.0,60.0,1,1,1,1,1,0,1,31-013-CAS-4357242,31-013-CAS-4357242,"Chemistry - An Asian Journal (2013), 8(7), 1536-1550",skeleton_only; equivalents/concentration/addition_order/atmosphere not available,1
CT_d824a2d22545b4dd,thioglycoside,Dichloromethane;Toluene,3;5,Silver triflate,10,-20.0,15.0,1,1,1,1,1,1,0,31-013-CAS-9001704,31-013-CAS-9001704,"Journal of Carbohydrate Chemistry (2012), 31(9), 673-685",skeleton_only; equivalents/concentration/addition_order/atmosphere not available,1
CT_da3220252846de43,thioglycoside,Dichloromethane,3,Pyridine,12,25.0,45.0,1,1,1,1,1,0,1,31-013-CAS-13235576,31-013-CAS-13235576,"Organic & Biomolecular Chemistry (2008), 6(12), 2095-2102",skeleton_only; equivalents/concentration/addition_order/atmosphere not available,1
CT_db5709a59fd90e0f,thioglycoside,Acetonitrile;Dichloromethane,3;6,Triethylamine,4,25.0,40.0,1,1,1,1,1,0,1,31-013-CAS-16304236,31-013-CAS-16304236,"Organic Letters (2016), 18(21), 5552-5555",skeleton_only; equivalents/concentration/addition_order/atmosphere not available,1
CT_dec3553f2a4f4e55,thioglycoside,Dichloromethane,3,Silver triflate,10,-30.0,150.0,1,1,1,1,1,0,1,31-013-CAS-19117128,31-013-CAS-19117128,"European Journal of Organic Chemistry (2018), 2018(31), 4296-4305",skeleton_only; equivalents/concentration/addition_order/atmosphere not available,1
CT_e00bbb287a718052,thioglycoside,Dichloromethane,3,Trifluoroacetic acid,17,-30.0,60.0,1,1,1,1,1,0,1,31-013-CAS-17243080,31-013-CAS-17243080,"World Intellectual Property Organization, WO2016198170 A1 2016-12-15",skeleton_only; equivalents/concentration/addition_order/atmosphere not available,1
CT_e0dd3a0f9f7ef42d,thioglycoside,Dichloromethane;Diethyl ether,3;4,N-Iodosuccinimide,5,25.0,120.0,1,1,1,1,1,0,1,31-013-CAS-13410195,31-013-CAS-13410195,"Angewandte Chemie, International Edition (2002), 41(21), 4087-4090",skeleton_only; equivalents/concentration/addition_order/atmosphere not available,1
CT_e0e5815d87562b42,thioglycoside,Diethyl ether,4,Triethylamine,4,25.0,420.0,1,1,1,1,1,1,0,31-013-CAS-9860387,31-013-CAS-9860387,"Journal of Organic Chemistry (2005), 70(18), 7196-7207",skeleton_only; equivalents/concentration/addition_order/atmosphere not available,1
CT_e15357c69721a266,thioglycoside,Dichloromethane,3,Pyridine,12,0.0,60.0,1,1,1,1,1,0,1,31-013-CAS-8836909,31-013-CAS-8836909,"Collection of Czechoslovak Chemical Communications (2004), 69(10), 1914-1938",skeleton_only; equivalents/concentration/addition_order/atmosphere not available,1
CT_e3a22c2819bb4471,thioglycoside,Dichloromethane,3,Trifluoromethanesulfonic acid,6,-20.0,150.0,1,1,1,1,1,0,1,31-013-CAS-17702336,31-013-CAS-17702336,"World Intellectual Property Organization, WO2016104647 A1 2016-06-30",skeleton_only; equivalents/concentration/addition_order/atmosphere not available,1
CT_e594197e3e9bbf52,thioglycoside,Dichloromethane,3,Silver triflate,10,25.0,120.0,1,1,1,1,1,0,1,31-013-CAS-20519350,31-013-CAS-20519350,"Carbohydrate Research (2019), 483, 107743",skeleton_only; equivalents/concentration/addition_order/atmosphere not available,1
CT_e59a7383c4e6a45e,thioglycoside,Dichloromethane,3,Silver triflate,10,0.0,120.0,1,1,1,1,1,1,0,31-013-CAS-12619535,31-013-CAS-12619535,"World Intellectual Property Organization, WO2014140626 A2 2014-09-18",skeleton_only; equivalents/concentration/addition_order/atmosphere not available,1
CT_e685888fa6ef7c36,thioglycoside,Dichloromethane;Toluene,3;5,Trifluoromethanesulfonic acid,6,0.0,40.0,1,1,1,1,1,0,1,31-614-CAS-38021984,31-614-CAS-38021984,"Organic & Biomolecular Chemistry (2022), 20(42), 8243-8258",skeleton_only; equivalents/concentration/addition_order/atmosphere not available,1
CT_e6dc853e918aab04,thioglycoside,Dichloromethane,3,Methyl triflate,11,25.0,45.0,1,1,1,1,1,0,1,31-013-CAS-6681942,31-013-CAS-6681942,"Tetrahedron (2006), 62(20), 4954-4978",skeleton_only; equivalents/concentration/addition_order/atmosphere not available,1
CT_e751e247383d7d9a,thioglycoside,Diethyl ether,4,Triethylamine,4,25.0,60.0,1,1,1,1,1,1,0,31-013-CAS-4635858,31-013-CAS-4635858,"Canadian Journal of Chemistry (2002), 80(8), 1105-1111",skeleton_only; equivalents/concentration/addition_order/atmosphere not available,1
CT_e76d3c3ac3921cf0,thioglycoside,Dichloromethane,3,N-Iodosuccinimide,5,-78.0,240.0,1,1,1,1,1,1,0,31-013-CAS-5792629,31-013-CAS-5792629,"Nature Chemistry (2011), 3(7), 557-563",skeleton_only; equivalents/concentration/addition_order/atmosphere not available,1
CT_e77ae0bfaa549b3f,thioglycoside,Dichloromethane,3,1-(Phenylsulfonyl)piperidine,14,25.0,30.0,1,1,1,1,1,0,1,31-013-CAS-7354964,31-013-CAS-7354964,"Helvetica Chimica Acta (2006), 89(11), 2591-2610",skeleton_only; equivalents/concentration/addition_order/atmosphere not available,1
CT_e807e45d9720990f,thioglycoside,Dichloromethane,3,Trifluoroacetic acid,17,-20.0,60.0,1,1,1,1,1,0,1,31-013-CAS-17243071,31-013-CAS-17243071,"World Intellectual Property Organization, WO2016198170 A1 2016-12-15",skeleton_only; equivalents/concentration/addition_order/atmosphere not available,1
CT_eab2824dec3d0515,thioglycoside,Dichloromethane,3,N-Iodosuccinimide,5,-50.0,15.0,1,1,1,1,1,0,1,31-013-CAS-1457571,31-013-CAS-1457571,"Journal of Medicinal Chemistry (2013), 56(3), 1350-1354",skeleton_only; equivalents/concentration/addition_order/atmosphere not available,1
CT_ed6d9d986ee9613f,thioglycoside,Dichloromethane,3,Trifluoromethanesulfonic anhydride,9,-60.0,40.0,1,1,1,1,1,0,1,31-614-CAS-34973175,31-614-CAS-34973175,"World Intellectual Property Organization, WO2022226425 A1 2022-10-27",skeleton_only; equivalents/concentration/addition_order/atmosphere not available,1
CT_ed876f5189a68acd,thioglycoside,Dichloromethane;Toluene,3;5,Silver triflate,10,25.0,15.0,1,1,1,1,1,1,0,31-013-CAS-4509020,31-013-CAS-4509020,"Carbohydrate Research (2008), 343(10-11), 1693-1706",skeleton_only; equivalents/concentration/addition_order/atmosphere not available,1
CT_edadc0674b874c42,thioglycoside,Dichloromethane,3,Triethylamine,4,-20.0,180.0,1,1,1,1,1,0,1,31-013-CAS-21762107,31-013-CAS-21762107,"European Journal of Organic Chemistry (2020), 2020(12), 1802-1810",skeleton_only; equivalents/concentration/addition_order/atmosphere not available,1
CT_f1770c1fa208e1df,thioglycoside,Dichloromethane,3,Diphenyl sulfoxide,15,-40.0,30.0,1,1,1,1,1,1,0,31-013-CAS-187934,31-013-CAS-187934,"Carbohydrate Research (2008), 343(4), 596-606",skeleton_only; equivalents/concentration/addition_order/atmosphere not available,1
CT_f3eb01e17ab307aa,thioglycoside,Dichloromethane,3,Trifluoromethanesulfonic anhydride,9,-78.0,30.0,1,1,1,1,1,0,1,31-614-CAS-27112817,31-614-CAS-27112817,"Journal of the American Chemical Society (2013), 135(35), 13113-13120",skeleton_only; equivalents/concentration/addition_order/atmosphere not available,1
CT_f3f03105ae9efb9c,thioglycoside,Dichloroethane,9,Methyl triflate,11,25.0,60.0,1,1,1,1,1,1,0,31-614-CAS-34709650,31-614-CAS-34709650,"Journal of Organic Chemistry (2022), 87(19), 12932-12953",skeleton_only; equivalents/concentration/addition_order/atmosphere not available,1
CT_f48f9c7ee2eb72d9,thioglycoside,Dichloromethane,3,N-Iodosuccinimide,5,-20.0,90.0,1,1,1,1,1,0,1,31-013-CAS-2932202,31-013-CAS-2932202,"Tetrahedron Letters (2009), 50(21), 2593-2596",skeleton_only; equivalents/concentration/addition_order/atmosphere not available,1
CT_f9fa2ad6e27a368e,thioglycoside,Toluene,5,N-Iodosuccinimide,5,0.0,480.0,1,1,1,1,1,1,0,31-013-CAS-15189017,31-013-CAS-15189017,"World Intellectual Property Organization, WO2012085668 A2 2012-06-28",skeleton_only; equivalents/concentration/addition_order/atmosphere not available,1
CT_fb89ea676bc1c4de,thioglycoside,Dichloromethane,3,Methyl triflate,11,0.0,840.0,1,1,1,1,1,0,1,31-013-CAS-4389262,31-013-CAS-4389262,"Organic & Biomolecular Chemistry (2009), 7(15), 3128-3140",skeleton_only; equivalents/concentration/addition_order/atmosphere not available,1
CT_fbb9fb592e1dfc24,thioglycoside,Dichloromethane;Diethyl ether,3;4,Tosyl chloride,13,-78.0,30.0,1,1,1,1,1,1,0,31-013-CAS-17081650,31-013-CAS-17081650,"Carbohydrate Research (2016), 435, 180-194",skeleton_only; equivalents/concentration/addition_order/atmosphere not available,1
CT_fc2227846ff99d17,thioglycoside,Dichloromethane,3,Sodium bicarbonate,8,25.0,5.0,1,1,1,1,1,0,1,31-614-CAS-35145137,31-614-CAS-35145137,"China, CN114478659 A 2022-05-13",skeleton_only; equivalents/concentration/addition_order/atmosphere not available,1
CT_fde44c1c04c84bff,thioglycoside,Dichloromethane,3,Triethylamine,4,-78.0,30.0,1,1,1,1,1,0,1,31-013-CAS-23514743,31-013-CAS-23514743,"Organic Letters (2020), 22(21), 8349-8353",skeleton_only; equivalents/concentration/addition_order/atmosphere not available,1
CT_fe69700a1baacd4c,thioglycoside,Dichloromethane,3,Methyl trifluoroacetate,43,0.0,240.0,1,1,1,1,1,0,1,31-013-CAS-4419623,31-013-CAS-4419623,"Journal of the American Chemical Society (2008), 130(20), 6330-6331",skeleton_only; equivalents/concentration/addition_order/atmosphere not available,1
CT_8f9f2f6cd15267eb,trichloroacetimidate,Dichloromethane,3,Trimethylsilyl triflate,3,0.0,60.0,1,1,1,1,10,6,4,31-010-CAS-16500849,31-010-CAS-10336392;31-010-CAS-12003761;31-010-CAS-16500849;31-010-CAS-16614012;31-010-CAS-1677913;31-010-CAS-17642142;31-010-CAS-3431516;31-010-CAS-3565915;31-010-CAS-3800337;31-010-CAS-8524792,"ACS Chemical Biology (2010), 5(11), 1075-1086;Carbohydrate Research (2002), 337(15), 1333-1342;Journal of Organic Chemistry (2009), 74(21), 8321-8331;Journal of the American Chemical Society (2014), 136(46), 16260-16269;Molecules (2012), 17, 9590-9620;Nature Communications (2012), 3(Dec.), 2267/1-2267/10;Synlett (2004), (5), 861-865;World Intellectual Property Organization, WO2001085745 A1 2001-11-15;World Intellectual Property Organization, WO2002062810 A2 2002-08-15",skeleton_only; equivalents/concentration/addition_order/atmosphere not available,10
CT_c8bacb39036a358d,trichloroacetimidate,Dichloromethane,3,Trimethylsilyl triflate,3,25.0,30.0,1,1,1,1,10,5,5,31-010-CAS-3595413,31-010-CAS-12546258;31-010-CAS-1290995;31-010-CAS-1516265;31-010-CAS-16500848;31-010-CAS-3595413;31-010-CAS-7834697;31-010-CAS-8150297;31-010-CAS-8171704;31-010-CAS-9842150;31-614-CAS-37304630,"ACS Chemical Biology (2008), 3(9), 567-576;Bioorganic & Medicinal Chemistry (2009), 17(22), 7670-7679;Carbohydrate Research (2002), 337(14), 1319-1324;Chemistry - A European Journal (2003), 9(1), 140-169;Nature Communications (2012), 3(Dec.), 2267/1-2267/10;Organic Letters (2003), 5(26), 4975-4978;World Intellectual Property Organization, WO2023129737 A1 2023-07-06;Zhejiang Daxue Xuebao, Gongxueban (2005), 39(2), 311-316",skeleton_only; equivalents/concentration/addition_order/atmosphere not available,10
CT_5ada44a516cf1dc2,trichloroacetimidate,Dichloromethane,3,Boron trifluoride etherate,7,40.0,60.0,1,1,1,1,9,0,9,31-010-CAS-12868606,31-010-CAS-12076484;31-010-CAS-12868606;31-010-CAS-14206798;31-010-CAS-3050829;31-010-CAS-5477157;31-010-CAS-5689094;31-010-CAS-8092747;31-010-CAS-8601663;31-010-CAS-9945299,"Beilstein Journal of Organic Chemistry (2010), 6, No pp. given, No. 17;Carbohydrate Research (2010), 345(9), 1216-1221;Journal of Organic Chemistry (2009), 74(21), 8321-8331;Journal of Organic Chemistry (2015), 80(16), 8073-8083",skeleton_only; equivalents/concentration/addition_order/atmosphere not available,9
CT_a7dfabe49e99fa0f,trichloroacetimidate,Dichloromethane,3,Triethylamine,4,25.0,60.0,1,1,1,1,7,2,5,31-614-CAS-38095642,31-010-CAS-11985866;31-010-CAS-12060642;31-010-CAS-8349698;31-010-CAS-9267848;31-010-CAS-9312819;31-614-CAS-38095642;31-614-CAS-44041067,"Carbohydrate Research (2010), 345(12), 1685-1697;Carbohydrate Research (2013), 381, 146-152;Chemistry - A European Journal (2023), 29(64), e202302288;Journal of Carbohydrate Chemistry (2006), 25(1), 53-68;Journal of Organic Chemistry (2011), 76(4), 1118-1125;Tetrahedron: Asymmetry (2009), 20(6-8), 781-794;World Intellectual Property Organization, WO2023183897 A1 2023-09-28",skeleton_only; equivalents/concentration/addition_order/atmosphere not available,7
CT_c948eabd3185f891,trichloroacetimidate,Dichloromethane,3,Trimethylsilyl triflate,3,0.0,120.0,1,1,1,1,7,2,5,31-010-CAS-7335329,31-010-CAS-1161485;31-010-CAS-14220855;31-010-CAS-16569614;31-010-CAS-2164593;31-010-CAS-7335329;31-010-CAS-7424216;31-010-CAS-8175489,"Beilstein Journal of Organic Chemistry (2012), 8, 1134-1143;Chemistry - A European Journal (2005), 11(8), 2493-2504;Chemistry - A European Journal (2015), 21(32), 11408-11416;European Journal of Organic Chemistry (2005), (20), 4382-4392;Organic Letters (2010), 12(7), 1608-1611;World Intellectual Property Organization, WO2008001109 A2 2008-01-03",skeleton_only; equivalents/concentration/addition_order/atmosphere not available,7
CT_913ea7ad418a6ab0,trichloroacetimidate,Toluene,5,Trimethylsilyl triflate,3,-20.0,15.0,1,1,1,1,6,3,3,31-010-CAS-12672266,31-010-CAS-11660554;31-010-CAS-12672266;31-010-CAS-15131203;31-010-CAS-2020028;31-010-CAS-349106;31-010-CAS-8748980,"World Intellectual Property Organization, WO2012121617 A1 2012-09-13",skeleton_only; equivalents/concentration/addition_order/atmosphere not available,6
CT_5f79448815dbc7a4,trichloroacetimidate,Dichloromethane,3,Trimethylsilyl triflate,3,0.0,20.0,1,1,1,1,5,1,4,31-614-CAS-40997622,31-010-CAS-1373105;31-010-CAS-7937622;31-614-CAS-34529820;31-614-CAS-36756610;31-614-CAS-40997622,"Chemistry - A European Journal (2003), 9(6), 1369-1376;Tetrahedron Letters (2004), 45(18), 3643-3645;World Intellectual Property Organization, WO2022191313 A1 2022-09-15;World Intellectual Property Organization, WO2023074843 A1 2023-05-04;World Intellectual Property Organization, WO2024053574 A1 2024-03-14",skeleton_only; equivalents/concentration/addition_order/atmosphere not available,3
CT_8d57156e28c57ded,trichloroacetimidate,Dichloromethane,3,Trimethylsilyl triflate,3,-25.0,240.0,1,1,1,1,5,3,2,31-010-CAS-1177690,31-010-CAS-1177690;31-010-CAS-12107099;31-010-CAS-12982389;31-010-CAS-3385661;31-010-CAS-5438768,"Chemistry - A European Journal (2003), 9(1), 140-169;World Intellectual Property Organization, WO2002058633 A2 2002-08-01",skeleton_only; equivalents/concentration/addition_order/atmosphere not available,4
CT_c4878c6b1fb21ecc,trichloroacetimidate,Dichloromethane,3,Trimethylsilyl triflate,3,0.0,30.0,1,1,1,1,5,0,5,31-010-CAS-4938490,31-010-CAS-11723554;31-010-CAS-4938490;31-010-CAS-6805326;31-013-CAS-1543424;31-614-CAS-45260375,"Carbohydrate Research (2010), 345(5), 607-620;ChemBioChem (2010), 11(11), 1563-1573;Synlett (2010), (20), 3023-3026;Tetrahedron Letters (2011), 52(26), 3320-3323;World Intellectual Property Organization, WO2025038915 A2 2025-02-20",skeleton_only; equivalents/concentration/addition_order/atmosphere not available,5
CT_e9a445a3862e3b6f,trichloroacetimidate,Dichloromethane,3,Trimethylsilyl triflate,3,0.0,10.0,1,1,1,1,5,2,3,31-010-CAS-1880696,31-010-CAS-1169851;31-010-CAS-11821946;31-010-CAS-1362588;31-010-CAS-1880696;31-010-CAS-6728808,"Molecular Diversity (2014), 18(1), 13-23;Organic & Biomolecular Chemistry (2006), 4(2), 232-242;Organic & Biomolecular Chemistry (2016), 14(3), 1013-1023",skeleton_only; equivalents/concentration/addition_order/atmosphere not available,5
CT_313f5a9320ec9aa3,trichloroacetimidate,Dichloromethane,3,"2,6-Di-tert-butyl-4-methylpyridine",25,25.0,30.0,1,1,1,1,4,0,4,31-010-CAS-8475811,31-010-CAS-10606536;31-010-CAS-14863653;31-010-CAS-2078925;31-010-CAS-8475811,"Organic & Biomolecular Chemistry (2014), 12(13), 2087-2098",skeleton_only; equivalents/concentration/addition_order/atmosphere not available,4
CT_a2c8c3290eb9d0b1,trichloroacetimidate,Dichloromethane,3,Boron trifluoride etherate,7,40.0,120.0,1,1,1,1,4,0,4,31-010-CAS-9949444,31-010-CAS-16569613;31-010-CAS-16569616;31-010-CAS-2949517;31-010-CAS-9949444,"Beilstein Journal of Organic Chemistry (2012), 8, 1134-1143;European Journal of Organic Chemistry (2011), 2011(34), 6864-6876, S6864/1-S6864/24;Journal of Organic Chemistry (2009), 74(21), 8321-8331",skeleton_only; equivalents/concentration/addition_order/atmosphere not available,4
CT_a90bb6d8dfb80311,trichloroacetimidate,Dichloromethane,3,Trimethylsilyl triflate,3,0.0,240.0,1,1,1,1,4,3,1,31-010-CAS-7849496,31-010-CAS-16630697;31-010-CAS-245058;31-010-CAS-4703464;31-010-CAS-7849496,"Bioorganic & Medicinal Chemistry (2012), 20(21), 6403-6415;Carbohydrate Research (2013), 381, 146-152;ChemBioChem (2013), 14(2), 251-259;World Intellectual Property Organization, WO2002058633 A2 2002-08-01",skeleton_only; equivalents/concentration/addition_order/atmosphere not available,4
CT_0e0985b354d5dbc1,trichloroacetimidate,Dichloromethane,3,Boron trifluoride etherate,7,25.0,60.0,1,1,1,1,3,0,3,31-010-CAS-12015352,31-010-CAS-12015352;31-010-CAS-7465131;31-010-CAS-8119072,"Biomacromolecules (2007), 8(1), 188-195;Carbohydrate Research (2010), 345(12), 1685-1697",skeleton_only; equivalents/concentration/addition_order/atmosphere not available,3
CT_2d07635eb996cc1b,trichloroacetimidate,Dichloromethane,3,Trimethylsilyl triflate,3,-30.0,120.0,1,1,1,1,3,0,3,31-010-CAS-15480737,31-010-CAS-14347021;31-010-CAS-15480737;31-010-CAS-9377356,"Journal of Organic Chemistry (2005), 70(1), 214-226;Journal of Organic Chemistry (2009), 74(2), 605-616",skeleton_only; equivalents/concentration/addition_order/atmosphere not available,3
CT_30f2cf8d9f75e438,trichloroacetimidate,Dichloromethane,3,Trimethylsilyl triflate,3,-40.0,30.0,1,1,1,1,3,0,3,31-010-CAS-12435719,31-010-CAS-12435719;31-010-CAS-13046518;31-013-CAS-10587625,"Carbohydrate Research (2010), 345(5), 607-620",skeleton_only; equivalents/concentration/addition_order/atmosphere not available,3
CT_3bba2cb7ec2645c9,trichloroacetimidate,Dichloromethane,3,Trimethylsilyl triflate,3,0.0,90.0,1,1,1,1,3,2,1,31-010-CAS-6138226,31-010-CAS-11036492;31-010-CAS-6021949;31-010-CAS-6138226,"Angewandte Chemie, International Edition (2008), 47(7), 1265-1268, S1265/1-S1265/18;Carbohydrate Research (2011), 346(13), 1820-1826;Chemistry - A European Journal (2005), 11(8), 2493-2504",skeleton_only; equivalents/concentration/addition_order/atmosphere not available,3
CT_46b8ff25d7f5dac7,trichloroacetimidate,Dichloromethane,3,Trimethylsilyl triflate,3,0.0,180.0,1,1,1,1,3,2,1,31-010-CAS-7855866,31-010-CAS-3623667;31-010-CAS-7855866;31-614-CAS-24990873,"Carbohydrate Research (2004), 339(1), 29-35;Synlett (2021), 32(20), 2053-2058;Zhejiang Daxue Xuebao, Gongxueban (2005), 39(2), 311-316",skeleton_only; equivalents/concentration/addition_order/atmosphere not available,2
CT_9121d1952f85ac37,trichloroacetimidate,Dichloromethane,3,Trimethylsilyl triflate,3,-20.0,120.0,1,1,1,1,3,0,3,31-010-CAS-19796349,31-010-CAS-19796349;31-010-CAS-19796376;31-010-CAS-19796378,"Chemistry - An Asian Journal (2019), 14(1), 223-234",skeleton_only; equivalents/concentration/addition_order/atmosphere not available,3
CT_ad704a80b28bcfed,trichloroacetimidate,Toluene,5,Trimethylsilyl triflate,3,-40.0,60.0,1,1,1,1,3,3,0,31-010-CAS-16587037,31-010-CAS-13613184;31-010-CAS-16587037;31-010-CAS-16587044,"Angewandte Chemie, International Edition (2011), 50(42), 9961-9964, S9961/1-S9961/25;Chemical Science (2013), 4(1), 468-481",skeleton_only; equivalents/concentration/addition_order/atmosphere not available,2
CT_c62283def5f0a2ec,trichloroacetimidate,Dichloromethane,3,Trimethylsilyl triflate,3,25.0,180.0,1,1,1,1,3,2,1,31-010-CAS-3719247,31-010-CAS-1302376;31-010-CAS-3719247;31-010-CAS-6562584,"Canadian Journal of Chemistry (2002), 80(8), 917-936;Carbohydrate Research (2008), 343(10-11), 1849-1857;Organic & Biomolecular Chemistry (2012), 10(4), 760-772",skeleton_only; equivalents/concentration/addition_order/atmosphere not available,3
CT_d69c20c45b8c711a,trichloroacetimidate,Dichloromethane,3,Boron trifluoride etherate,7,0.0,60.0,1,1,1,1,3,0,3,31-010-CAS-4215763,31-010-CAS-1428434;31-010-CAS-4215763;31-010-CAS-6476424,"Carbohydrate Research (2008), 343(17), 2914-2923;Journal of Organic Chemistry (2009), 74(21), 8321-8331",skeleton_only; equivalents/concentration/addition_order/atmosphere not available,2
CT_13174d39834d665e,trichloroacetimidate,Dichloromethane,3,Trimethylsilyl triflate,3,-78.0,30.0,1,1,1,1,2,0,2,31-010-CAS-14792858,31-010-CAS-10204303;31-010-CAS-14792858,"Carbohydrate Research (2007), 342(5), 675-695",skeleton_only; equivalents/concentration/addition_order/atmosphere not available,2
CT_17df66fd35b39fdd,trichloroacetimidate,Dichloromethane,3,Trimethylsilyl triflate,3,-65.0,120.0,1,1,1,1,2,0,2,31-010-CAS-884798,31-010-CAS-7267510;31-010-CAS-884798,"Journal of Organic Chemistry (2003), 68(7), 2752-2759",skeleton_only; equivalents/concentration/addition_order/atmosphere not available,2
CT_2b6318b29d32ffff,trichloroacetimidate,Dichloromethane,3,Boron trifluoride etherate,7,0.0,180.0,1,1,1,1,2,1,1,31-010-CAS-5525801,31-010-CAS-10624977;31-010-CAS-5525801,"Chemistry - A European Journal (2014), 20(16), 4554-4558;World Intellectual Property Organization, WO2011014793 A2 2011-02-03",skeleton_only; equivalents/concentration/addition_order/atmosphere not available,2
CT_39a00a4a12ef2f85,trichloroacetimidate,Dichloromethane,3,Boron trifluoride etherate,7,0.0,720.0,1,1,1,1,2,0,2,31-010-CAS-5721367,31-010-CAS-12108315;31-010-CAS-5721367,"Chemistry - A European Journal (2014), 20(1), 124-132;World Intellectual Property Organization, WO2014132468 A1 2014-09-04",skeleton_only; equivalents/concentration/addition_order/atmosphere not available,1
CT_4eb6707ceb57f728,trichloroacetimidate,Dichloromethane,3,"Triethylsilyl 1,1,1-trifluoromethanesulfonate",23,0.0,180.0,1,1,1,1,2,2,0,31-010-CAS-13714427,31-010-CAS-13714427;31-010-CAS-5152732,"Carbohydrate Research (2005), 340(3), 355-372",skeleton_only; equivalents/concentration/addition_order/atmosphere not available,2
CT_5d8fd83e40f50b88,trichloroacetimidate,Dichloromethane,3,Boron trifluoride etherate,7,0.0,90.0,1,1,1,1,2,0,2,31-010-CAS-8144216,31-010-CAS-12467349;31-010-CAS-8144216,"Journal of Organic Chemistry (2015), 80(10), 5004-5013;World Intellectual Property Organization, WO2014132468 A1 2014-09-04",skeleton_only; equivalents/concentration/addition_order/atmosphere not available,2
CT_642a7c70b179b008,trichloroacetimidate,Dichloromethane,3,Boron trifluoride etherate,7,-70.0,120.0,1,1,1,1,2,0,2,31-010-CAS-19037619,31-010-CAS-15949515;31-010-CAS-19037619,"Nature Chemistry (2016), 8(4), 338-346;World Intellectual Property Organization, WO2017156192 A1 2017-09-14",skeleton_only; equivalents/concentration/addition_order/atmosphere not available,1
CT_7d44a9437f619e9b,trichloroacetimidate,Dichloromethane,3,Triethylamine,4,-10.0,30.0,1,1,1,1,2,2,0,31-010-CAS-179324,31-010-CAS-16897565;31-010-CAS-179324,"Carbohydrate Research (2014), 388, 87-93;China, CN102617662 A 2012-08-01",skeleton_only; equivalents/concentration/addition_order/atmosphere not available,1
CT_815c7744b90a5f45,trichloroacetimidate,Dichloromethane,3,Triethylamine,4,0.0,120.0,1,1,1,1,2,1,1,31-010-CAS-5898048,31-010-CAS-5898048;31-010-CAS-8030366,"Nature Chemistry (2011), 3(7), 557-563",skeleton_only; equivalents/concentration/addition_order/atmosphere not available,2
CT_84ada01f93321714,trichloroacetimidate,Dichloromethane,3,Triethylamine,4,-40.0,60.0,1,1,1,1,2,2,0,31-010-CAS-16647883,31-010-CAS-16647872;31-010-CAS-16647883,"Bioconjugate Chemistry (2016), 27(12), 2886-2899",skeleton_only; equivalents/concentration/addition_order/atmosphere not available,2
CT_8524b42e6127eaeb,trichloroacetimidate,Acetonitrile;Dichloromethane,3;6,Trimethylsilyl triflate,3,-25.0,30.0,1,1,1,1,2,0,2,31-010-CAS-9368010,31-010-CAS-13632893;31-010-CAS-9368010,"Carbohydrate Research (2007), 342(17), 2522-2536",skeleton_only; equivalents/concentration/addition_order/atmosphere not available,2
CT_8618c67fff75c467,trichloroacetimidate,Dichloromethane,3,Trimethylsilyl triflate,3,25.0,60.0,1,1,1,1,2,0,2,31-010-CAS-16615720,31-010-CAS-16615720;31-010-CAS-477008,"ChemistryOpen (2013), 2(4), 156-163;Polish Journal of Chemistry (2005), 79(2), 297-307",skeleton_only; equivalents/concentration/addition_order/atmosphere not available,2
CT_8e96136a9ba2ade9,trichloroacetimidate,Dichloromethane,3,Boron trifluoride etherate,7,25.0,1260.0,1,1,1,1,2,0,2,31-010-CAS-23201394,31-010-CAS-23201394;31-010-CAS-23202756,"European Journal of Organic Chemistry (2019), 2019(39), 6631-6645",skeleton_only; equivalents/concentration/addition_order/atmosphere not available,2
CT_91c16bb47c348dab,trichloroacetimidate,Dichloromethane,3,Trimethylsilyl triflate,3,-30.0,30.0,1,1,1,1,2,1,1,31-013-CAS-16011297,31-010-CAS-16011315;31-013-CAS-16011297,"Organic Chemistry Frontiers (2014), 1(4), 405-414",skeleton_only; equivalents/concentration/addition_order/atmosphere not available,2
CT_95a0d777e204abf0,trichloroacetimidate,Dichloromethane;Toluene,3;5,Trimethylsilyl triflate,3,25.0,960.0,1,1,1,1,2,2,0,31-010-CAS-4294380,31-010-CAS-4294380;31-010-CAS-6108248,"World Intellectual Property Organization, WO2004005532 A2 2004-01-15",skeleton_only; equivalents/concentration/addition_order/atmosphere not available,2
CT_a5943c3b256e7899,trichloroacetimidate,Diethyl ether,4,Triethylamine,4,0.0,30.0,1,1,1,1,2,2,0,31-010-CAS-4674303,31-010-CAS-12331684;31-010-CAS-4674303,"Chemical Communications (Cambridge, United Kingdom) (2005), (4), 519-521;Tetrahedron (2010), 66(24), 4357-4369",skeleton_only; equivalents/concentration/addition_order/atmosphere not available,2
CT_a84a3eb628cd2c12,trichloroacetimidate,Dichloromethane,3,Trimethylsilyl triflate,3,25.0,120.0,1,1,1,1,2,0,2,31-010-CAS-14237873,31-010-CAS-14237873;31-010-CAS-1554973,"Carbohydrate Research (2009), 344(1), 140-144;Tetrahedron (2008), 64(40), 9599-9606",skeleton_only; equivalents/concentration/addition_order/atmosphere not available,2
CT_a9cc89fd8d491906,trichloroacetimidate,Dichloromethane,3,Trimethylsilyl triflate,3,0.0,720.0,1,1,1,1,2,0,2,31-010-CAS-7845848,31-010-CAS-11425939;31-010-CAS-7845848,"Journal of Carbohydrate Chemistry (2002), 21(5), 385-409;Journal of the American Chemical Society (2010), 132(42), 14849-14856",skeleton_only; equivalents/concentration/addition_order/atmosphere not available,2
CT_cebbecf816428341,trichloroacetimidate,Dichloromethane,3,Sodium bicarbonate,8,-15.0,20.0,1,1,1,1,2,0,2,31-010-CAS-13818677,31-010-CAS-13818677;31-010-CAS-16634881,"ARKIVOC (Gainesville, FL, United States) (2012), (6), 90-100;ChemBioChem (2013), 14(4), 482-488",skeleton_only; equivalents/concentration/addition_order/atmosphere not available,2
CT_d750ae5246d819c7,trichloroacetimidate,Dichloromethane,3,Sodium bicarbonate,8,25.0,180.0,1,1,1,1,2,2,0,31-010-CAS-11796742,31-010-CAS-11796742;31-010-CAS-9385339,"European Journal of Organic Chemistry (2005), (9), 1849-1858",skeleton_only; equivalents/concentration/addition_order/atmosphere not available,2
CT_ed539eef4da757d2,trichloroacetimidate,Dichloromethane;Toluene,3;5,Boron trifluoride etherate,7,25.0,20.0,1,1,1,1,2,0,2,31-010-CAS-16546345,31-010-CAS-16546344;31-010-CAS-16546345,"Chemical Science (2011), 2(10), 1952-1959",skeleton_only; equivalents/concentration/addition_order/atmosphere not available,2
CT_eea5c8ba32f3bc9d,trichloroacetimidate,Dichloromethane,3,Triethylamine,4,-78.0,120.0,1,1,1,1,2,0,2,31-010-CAS-1082512,31-010-CAS-1082512;31-010-CAS-21706630,"European Journal of Organic Chemistry (2020), 2020(5), 575-585;Organic Letters (2011), 13(19), 5306-5309",skeleton_only; equivalents/concentration/addition_order/atmosphere not available,2
CT_002ea8677045c470,trichloroacetimidate,Acetonitrile;Diethyl ether;Tetrahydrofuran,4;6;12,Triethylamine,4,25.0,60.0,1,1,1,1,1,1,0,31-010-CAS-5251218,31-010-CAS-5251218,"Chemical Science (2011), 2(12), 342-2352",skeleton_only; equivalents/concentration/addition_order/atmosphere not available,1
CT_017633b47a517ff1,trichloroacetimidate,Dichloromethane;Hexane,3;8,Trimethylsilyl triflate,3,0.0,120.0,1,1,1,1,1,0,1,31-010-CAS-11535237,31-010-CAS-11535237,"Letters in Organic Chemistry (2013), 10(2), 91-93",skeleton_only; equivalents/concentration/addition_order/atmosphere not available,1
CT_022df6d61f1d9fd4,trichloroacetimidate,Dichloromethane,3,Trimethylsilyl triflate,3,-15.0,30.0,1,1,1,1,1,1,0,31-010-CAS-914907,31-010-CAS-914907,"Journal of Organic Chemistry (2004), 69(12), 4081-4093",skeleton_only; equivalents/concentration/addition_order/atmosphere not available,1
CT_063613c5eca145bb,trichloroacetimidate,Dichloromethane;Methanol,3;7,Trimethylsilyl triflate,3,25.0,60.0,1,1,1,1,1,0,1,31-010-CAS-14897110,31-010-CAS-14897110,"Carbohydrate Research (2010), 345(16), 2305-2322",skeleton_only; equivalents/concentration/addition_order/atmosphere not available,1
CT_0639eee07dcbc484,trichloroacetimidate,Acetonitrile;Dichloromethane,3;6,Trimethylsilyl triflate,3,25.0,40.0,1,1,1,1,1,0,1,31-010-CAS-5087865,31-010-CAS-5087865,"Carbohydrate Research (2007), 342(17), 2522-2536",skeleton_only; equivalents/concentration/addition_order/atmosphere not available,1
CT_066a2e3d424b1acb,trichloroacetimidate,Dichloromethane;Diethyl ether;Methanol,3;4;7,Boron trifluoride etherate,7,-5.0,0.1,1,1,1,1,1,0,1,31-010-CAS-1510337,31-010-CAS-1510337,"United States, US5874411 A 1999-02-23",skeleton_only; equivalents/concentration/addition_order/atmosphere not available,1
CT_06f2ebe9b21108da,trichloroacetimidate,Dichloromethane;Diethyl ether,3;4,Boron trifluoride,37,25.0,60.0,1,1,1,1,1,0,1,31-010-CAS-20996842,31-010-CAS-20996842,"United States, US20190185502 A1 2019-06-20",skeleton_only; equivalents/concentration/addition_order/atmosphere not available,1
CT_0771be88ee7999e3,trichloroacetimidate,Dichloromethane,3,Trimethylsilyl triflate,3,-78.0,5.0,1,1,1,1,1,0,1,31-010-CAS-12756824,31-010-CAS-12756824,"Journal of the American Chemical Society (2013), 135(45), 16895-16903",skeleton_only; equivalents/concentration/addition_order/atmosphere not available,1
CT_09f3ce31c1481829,trichloroacetimidate,Dichloromethane,3,Boron trifluoride etherate,7,40.0,100.0,1,1,1,1,1,0,1,31-010-CAS-13420392,31-010-CAS-13420392,"Bioorganic & Medicinal Chemistry (2010), 18(20), 7174-7185",skeleton_only; equivalents/concentration/addition_order/atmosphere not available,1
CT_0af5c65f0442bb19,trichloroacetimidate,Dichloromethane,3,Boron trifluoride etherate,7,25.0,120.0,1,1,1,1,1,0,1,31-010-CAS-18605825,31-010-CAS-18605825,"Organic & Biomolecular Chemistry (2017), 15(47), 10064-10072",skeleton_only; equivalents/concentration/addition_order/atmosphere not available,1
CT_0ebad4294480865b,trichloroacetimidate,Dichloromethane;Toluene,3;5,Triethylamine,4,-30.0,120.0,1,1,1,1,1,1,0,31-010-CAS-5494498,31-010-CAS-5494498,"Journal of Organic Chemistry (2012), 77(18), 7823-7843",skeleton_only; equivalents/concentration/addition_order/atmosphere not available,1
CT_0f9eb79229666df6,trichloroacetimidate,Dichloromethane,3,Boron trifluoride etherate,7,25.0,5280.0,1,1,1,1,1,0,1,31-010-CAS-23200638,31-010-CAS-23200638,"European Journal of Organic Chemistry (2019), 2019(39), 6631-6645",skeleton_only; equivalents/concentration/addition_order/atmosphere not available,1
CT_0fa2f6f7d6c4052d,trichloroacetimidate,Dichloromethane,3,Perchloric acid,35,0.0,30.0,1,1,1,1,1,0,1,31-010-CAS-4589970,31-010-CAS-4589970,"Tetrahedron: Asymmetry (2011), 22(13), 1390-1394",skeleton_only; equivalents/concentration/addition_order/atmosphere not available,1
CT_1103e023753b7efb,trichloroacetimidate,Dichloromethane,3,Triethylamine,4,-30.0,30.0,1,1,1,1,1,0,1,31-614-CAS-44041075,31-614-CAS-44041075,"Chemistry - A European Journal (2023), 29(64), e202302288",skeleton_only; equivalents/concentration/addition_order/atmosphere not available,1
CT_1124d0148b5d5bfe,trichloroacetimidate,Dichloromethane,3,Triethylamine,4,0.0,1440.0,1,1,1,1,1,1,0,31-614-CAS-34295243,31-614-CAS-34295243,"ACS Chemical Biology (2021), 16(9), 1671-1679",skeleton_only; equivalents/concentration/addition_order/atmosphere not available,1
CT_11bb03bb47153cf4,trichloroacetimidate,Dichloromethane,3,Boron trifluoride etherate,7,-16.0,60.0,1,1,1,1,1,0,1,31-010-CAS-18013624,31-010-CAS-18013624,"Carbohydrate Research (2017), 449, 143-152",skeleton_only; equivalents/concentration/addition_order/atmosphere not available,1
CT_14680d214f4928fc,trichloroacetimidate,Dichloromethane;Methanol,3;7,Trimethylsilyl triflate,3,25.0,30.0,1,1,1,1,1,0,1,31-010-CAS-16717556,31-010-CAS-16717556,"Bioscience, Biotechnology, and Biochemistry (2014), 78(1), 29-37",skeleton_only; equivalents/concentration/addition_order/atmosphere not available,1
CT_16d83422cfda595a,trichloroacetimidate,Diethyl ether,4,Triethylamine,4,25.0,180.0,1,1,1,1,1,0,1,31-010-CAS-672245,31-010-CAS-672245,"Tetrahedron: Asymmetry (2005), 16(1), 149-158",skeleton_only; equivalents/concentration/addition_order/atmosphere not available,1
CT_1804847e2c845fa6,trichloroacetimidate,Diethyl ether;Toluene,4;5,Trimethylsilyl triflate,3,0.0,30.0,1,1,1,1,1,1,0,31-614-CAS-24415800,31-614-CAS-24415800,"Organic Letters (2021), 23(17), 6841-6845",skeleton_only; equivalents/concentration/addition_order/atmosphere not available,1
CT_1b05956c4ab602fa,trichloroacetimidate,Dichloromethane,3,Triethylamine,4,-60.0,120.0,1,1,1,1,1,0,1,31-010-CAS-18971959,31-010-CAS-18971959,"Organic Letters (2018), 20(13), 3862-3865",skeleton_only; equivalents/concentration/addition_order/atmosphere not available,1
CT_1ddc08b28f48f67f,trichloroacetimidate,Acetonitrile;Dichloromethane,3;6,Boron trifluoride etherate,7,-41.0,40.0,1,1,1,1,1,0,1,31-010-CAS-6786085,31-010-CAS-6786085,"Proceedings of the National Academy of Sciences of the United States of America (2009), 106(1), 18-23",skeleton_only; equivalents/concentration/addition_order/atmosphere not available,1
CT_1e16ffcd7bd31cce,trichloroacetimidate,Cyclohexane;Dichloromethane,3;16,Triethylamine,4,25.0,120.0,1,1,1,1,1,0,1,31-010-CAS-6294357,31-010-CAS-6294357,"Journal of Organic Chemistry (2004), 69(6), 2137-2146",skeleton_only; equivalents/concentration/addition_order/atmosphere not available,1
CT_1eb2dd23ed5616d4,trichloroacetimidate,Dichloromethane,3,Boron trifluoride etherate,7,-40.0,120.0,1,1,1,1,1,0,1,31-010-CAS-16546348,31-010-CAS-16546348,"Chemical Science (2011), 2(10), 1952-1959",skeleton_only; equivalents/concentration/addition_order/atmosphere not available,1
CT_200f1d7148b9b59f,trichloroacetimidate,Dichloromethane;Trichloroacetonitrile,3;19,Triethylamine,4,-78.0,960.0,1,1,1,1,1,1,0,31-010-CAS-10954471,31-010-CAS-10954471,"United States, US20060079483 A1 2006-04-13",skeleton_only; equivalents/concentration/addition_order/atmosphere not available,1
CT_236f80d7d9e29aa0,trichloroacetimidate,Dichloromethane,3,Trimethylsilyl triflate,3,25.0,2520.0,1,1,1,1,1,0,1,31-010-CAS-20254379,31-010-CAS-20254379,"Cell (Cambridge, MA, United States) (2018), 175(4), 1045-1058.e16",skeleton_only; equivalents/concentration/addition_order/atmosphere not available,1
CT_2386f7100f58a63d,trichloroacetimidate,Dichloromethane,3,Trifluoromethanesulfonic acid,6,-40.0,20.0,1,1,1,1,1,0,1,31-010-CAS-19309609,31-010-CAS-19309609,"Chemistry - A European Journal (2018), 24(31), 7970-7975",skeleton_only; equivalents/concentration/addition_order/atmosphere not available,1
CT_250813e38b4fa44e,trichloroacetimidate,Dichloromethane,3,Triethylamine,4,-25.0,90.0,1,1,1,1,1,1,0,31-010-CAS-7245483,31-010-CAS-7245483,"Journal of Organic Chemistry (2004), 69(12), 4081-4093",skeleton_only; equivalents/concentration/addition_order/atmosphere not available,1
CT_266b49e0668edb1e,trichloroacetimidate,Dichloromethane,3,Boron trifluoride etherate,7,-20.0,300.0,1,1,1,1,1,0,1,31-010-CAS-4207332,31-010-CAS-4207332,"Carbohydrate Research (2004), 339(17), 2769-2788",skeleton_only; equivalents/concentration/addition_order/atmosphere not available,1
CT_2689c830dab5e41f,trichloroacetimidate,Dichloromethane,3,Triethylamine,4,-25.0,60.0,1,1,1,1,1,1,0,31-010-CAS-10687263,31-010-CAS-10687263,"Chemistry - A European Journal (2006), 12(34), 8664-8686",skeleton_only; equivalents/concentration/addition_order/atmosphere not available,1
CT_2a1e27ad98685e13,trichloroacetimidate,Dichloromethane,3,Trimethylsilyl triflate,3,-25.0,2.4,1,1,1,1,1,1,0,31-010-CAS-161353,31-010-CAS-161353,"Chemistry - A European Journal (2003), 9(1), 140-169",skeleton_only; equivalents/concentration/addition_order/atmosphere not available,1
CT_2e4b029caef2f29e,trichloroacetimidate,Dichloromethane,3,Trimethylsilyl triflate,3,25.0,150.0,1,1,1,1,1,1,0,31-010-CAS-13389656,31-010-CAS-13389656,"Canadian Journal of Chemistry (2002), 80(8), 917-936",skeleton_only; equivalents/concentration/addition_order/atmosphere not available,1
CT_2f934edcbcbbe23d,trichloroacetimidate,Dichloromethane,3,Trimethylsilyl triflate,3,20.0,30.0,1,1,1,1,1,0,1,31-010-CAS-7037988,31-010-CAS-7037988,"Russian Chemical Bulletin (2014), 63(2), 511-521",skeleton_only; equivalents/concentration/addition_order/atmosphere not available,1
CT_2fe0c262583fd950,trichloroacetimidate,Dichloromethane;Diethyl ether,3;4,Trimethylsilyl triflate,3,0.0,0.45,1,1,1,1,1,1,0,31-614-CAS-31203171,31-614-CAS-31203171,"ACS Chemical Biology (2021), 16(11), 2297-2306",skeleton_only; equivalents/concentration/addition_order/atmosphere not available,1
CT_3055d6e487039667,trichloroacetimidate,Dichloromethane;Toluene,3;5,Triethylamine,4,25.0,720.0,1,1,1,1,1,1,0,31-010-CAS-5864708,31-010-CAS-5864708,"Carbohydrate Research (2010), 345(8), 999-1007",skeleton_only; equivalents/concentration/addition_order/atmosphere not available,1
CT_34123e4ded38731f,trichloroacetimidate,Dichloromethane;Toluene,3;5,Trimethylsilyl triflate,3,25.0,30.0,1,1,1,1,1,0,1,31-010-CAS-5837683,31-010-CAS-5837683,"World Intellectual Property Organization, WO2014151423 A1 2014-09-25",skeleton_only; equivalents/concentration/addition_order/atmosphere not available,1
CT_3629c97c849b87d5,trichloroacetimidate,Dichloromethane,3,Trifluoroacetic acid,17,25.0,30.0,1,1,1,1,1,1,0,31-006-CAS-2457473,31-006-CAS-2457473,"Organic & Biomolecular Chemistry (2005), 3(5), 764-786",skeleton_only; equivalents/concentration/addition_order/atmosphere not available,1
CT_38b1bb70d13aca1e,trichloroacetimidate,Dichloromethane,3,Sodium bicarbonate,8,25.0,30.0,1,1,1,1,1,1,0,31-010-CAS-4518168,31-010-CAS-4518168,"European Journal of Organic Chemistry (2003), (18), 3603-3620",skeleton_only; equivalents/concentration/addition_order/atmosphere not available,1
CT_39cbcbff99bfda65,trichloroacetimidate,Dichloromethane,3,Trimethylsilyl triflate,3,-10.0,20.0,1,1,1,1,1,0,1,31-010-CAS-16582633,31-010-CAS-16582633,"ARKIVOC (Gainesville, FL, United States) (2013), (2), 112-122",skeleton_only; equivalents/concentration/addition_order/atmosphere not available,1
CT_3c54dd1bedf6db20,trichloroacetimidate,Dichloromethane,3,Trimethylsilyl triflate,3,40.0,60.0,1,1,1,1,1,0,1,31-010-CAS-10738271,31-010-CAS-10738271,"Journal of Organic Chemistry (2009), 74(21), 8321-8331",skeleton_only; equivalents/concentration/addition_order/atmosphere not available,1
CT_3c7d3b030d71392b,trichloroacetimidate,Dichloromethane,3,Triethylamine,4,-45.0,60.0,1,1,1,1,1,1,0,31-010-CAS-20773553,31-010-CAS-20773553,"World Intellectual Property Organization, WO2018191598 A1 2018-10-18",skeleton_only; equivalents/concentration/addition_order/atmosphere not available,1
CT_3dab4aa76d911e88,trichloroacetimidate,Chloroform;Dichloromethane,3;11,Trimethylsilyl triflate,3,25.0,180.0,1,1,1,1,1,0,1,31-010-CAS-3640705,31-010-CAS-3640705,"Carbohydrate Research (2002), 337(21-23), 2111-2117",skeleton_only; equivalents/concentration/addition_order/atmosphere not available,1
CT_3fea175bf3bf2513,trichloroacetimidate,Acetonitrile;Diethyl ether;Tetrahydrofuran,4;6;12,Triethylamine,4,0.0,10.0,1,1,1,1,1,1,0,31-010-CAS-4841724,31-010-CAS-4841724,"Chemical Science (2011), 2(12), 342-2352",skeleton_only; equivalents/concentration/addition_order/atmosphere not available,1
CT_468a8481bf04ecd4,trichloroacetimidate,Dichloromethane,3,Boron trifluoride etherate,7,25.0,240.0,1,1,1,1,1,0,1,31-010-CAS-23204857,31-010-CAS-23204857,"European Journal of Organic Chemistry (2019), 2019(39), 6631-6645",skeleton_only; equivalents/concentration/addition_order/atmosphere not available,1
CT_478064002d341ee2,trichloroacetimidate,Dichloromethane,3,Boron trifluoride etherate,7,40.0,90.0,1,1,1,1,1,0,1,31-010-CAS-518399,31-010-CAS-518399,"European Journal of Organic Chemistry (2011), 2011(34), 6864-6876, S6864/1-S6864/24",skeleton_only; equivalents/concentration/addition_order/atmosphere not available,1
CT_47a115b808d2091e,trichloroacetimidate,Dichloromethane;Ethanol;Isopropanol,3;17;18,Trimethylsilyl triflate,3,25.0,60.0,1,1,1,1,1,1,0,31-006-CAS-18462356,31-006-CAS-18462356,"World Intellectual Property Organization, WO2001085745 A1 2001-11-15",skeleton_only; equivalents/concentration/addition_order/atmosphere not available,1
CT_47c25e64d4253cd0,trichloroacetimidate,Dichloromethane;Tetrahydrofuran,3;12,Boron trifluoride etherate,7,25.0,30.0,1,1,1,1,1,0,1,31-614-CAS-36199892,31-614-CAS-36199892,"International Journal of Molecular Sciences (2023), 24(4), 3718",skeleton_only; equivalents/concentration/addition_order/atmosphere not available,1
CT_4807190fe9dfb947,trichloroacetimidate,Dichloromethane,3,Boron trifluoride etherate,7,-20.0,720.0,1,1,1,1,1,0,1,31-010-CAS-22039672,31-010-CAS-22039672,"ChemRxiv (2020), 1-64",skeleton_only; equivalents/concentration/addition_order/atmosphere not available,1
CT_4ab1f520b70daf2f,trichloroacetimidate,Diethyl ether,4,Triethylamine,4,0.0,60.0,1,1,1,1,1,1,0,31-010-CAS-16587017,31-010-CAS-16587017,"Chemical Science (2013), 4(1), 468-481",skeleton_only; equivalents/concentration/addition_order/atmosphere not available,1
CT_516bdfb3945118c0,trichloroacetimidate,Dichloromethane,3,Triethylamine,4,-35.0,120.0,1,1,1,1,1,1,0,31-010-CAS-8875655,31-010-CAS-8875655,"World Intellectual Property Organization, WO2006129075 A1 2006-12-07",skeleton_only; equivalents/concentration/addition_order/atmosphere not available,1
CT_52fea005c7713c5b,trichloroacetimidate,Dichloromethane,3,Boron trifluoride etherate,7,-30.0,30.0,1,1,1,1,1,0,1,31-010-CAS-6693563,31-010-CAS-6693563,"Journal of the American Chemical Society (2009), 131(34), 12076-12077",skeleton_only; equivalents/concentration/addition_order/atmosphere not available,1
CT_545cc20d549b6ee6,trichloroacetimidate,Diethyl ether,4,Trimethylsilyl triflate,3,0.0,15.0,1,1,1,1,1,1,0,31-010-CAS-17927199,31-010-CAS-17927199,"Chemical Communications (Cambridge, United Kingdom) (2017), 53(46), 6227-6230",skeleton_only; equivalents/concentration/addition_order/atmosphere not available,1
CT_550f14e383d334e3,trichloroacetimidate,Chloroform;Dichloromethane,3;11,Sodium bicarbonate,8,25.0,30.0,1,1,1,1,1,1,0,31-010-CAS-3803419,31-010-CAS-3803419,"Synthesis (2008), (16), 2610-2616",skeleton_only; equivalents/concentration/addition_order/atmosphere not available,1
CT_5583b7c5163d2f4f,trichloroacetimidate,Toluene,5,Boron trifluoride etherate,7,-78.0,300.0,1,1,1,1,1,0,1,31-010-CAS-11980647,31-010-CAS-11980647,"European Journal of Organic Chemistry (2013), 2013(32), 7382-7390",skeleton_only; equivalents/concentration/addition_order/atmosphere not available,1
CT_558f44e9260ba3d1,trichloroacetimidate,Dichloromethane,3,Tetrabutylammonium iodide,38,-25.0,240.0,1,1,1,1,1,1,0,31-010-CAS-9822906,31-010-CAS-9822906,"Chemistry - A European Journal (2003), 9(1), 140-169",skeleton_only; equivalents/concentration/addition_order/atmosphere not available,1
CT_55edd308f51ac004,trichloroacetimidate,Dichloromethane,3,Triethylamine,4,-20.0,15.0,1,1,1,1,1,1,0,31-010-CAS-11403430,31-010-CAS-11403430,"Organic & Biomolecular Chemistry (2003), 1(13), 2253-2266",skeleton_only; equivalents/concentration/addition_order/atmosphere not available,1
CT_5608b7782bfc7da6,trichloroacetimidate,Dichloromethane;Diethyl ether,3;4,Boron trifluoride etherate,7,-5.0,60.0,1,1,1,1,1,0,1,31-010-CAS-12558988,31-010-CAS-12558988,"United States, US5874411 A 1999-02-23",skeleton_only; equivalents/concentration/addition_order/atmosphere not available,1
CT_5752df93532568bc,trichloroacetimidate,Dichloromethane,3,Boron trifluoride etherate,7,-20.0,360.0,1,1,1,1,1,0,1,31-010-CAS-14023399,31-010-CAS-14023399,"Carbohydrate Research (2013), 377, 28-34",skeleton_only; equivalents/concentration/addition_order/atmosphere not available,1
CT_5761d7a109125f66,trichloroacetimidate,Dichloromethane,3,Triethylamine,4,-20.0,60.0,1,1,1,1,1,1,0,31-010-CAS-16647879,31-010-CAS-16647879,"Bioconjugate Chemistry (2016), 27(12), 2886-2899",skeleton_only; equivalents/concentration/addition_order/atmosphere not available,1
CT_58c75890b47c8901,trichloroacetimidate,Dichloromethane;Toluene,3;5,Trimethylsilyl triflate,3,25.0,60.0,1,1,1,1,1,1,0,31-010-CAS-13993703,31-010-CAS-13993703,"Journal of the American Chemical Society (2002), 124(45), 13434-13436",skeleton_only; equivalents/concentration/addition_order/atmosphere not available,1
CT_5bdbef97b3c37cfc,trichloroacetimidate,Dichloromethane,3,Trimethylsilyl triflate,3,0.0,40.0,1,1,1,1,1,0,1,31-010-CAS-914,31-010-CAS-914,"Bioorganic & Medicinal Chemistry (2010), 18(20), 7174-7185",skeleton_only; equivalents/concentration/addition_order/atmosphere not available,1
CT_5d0a459534b89dbd,trichloroacetimidate,Dichloromethane;Diethyl ether,3;4,Pyridine,12,25.0,60.0,1,1,1,1,1,1,0,31-010-CAS-3788570,31-010-CAS-3788570,"Journal of the American Chemical Society (2012), 134(37), 15556-15562",skeleton_only; equivalents/concentration/addition_order/atmosphere not available,1
CT_5dad34d93645c367,trichloroacetimidate,Dichloromethane;Diethyl ether;Methanol,3;4;7,Sodium bicarbonate,8,-60.0,60.0,1,1,1,1,1,1,0,31-010-CAS-2630087,31-010-CAS-2630087,"Organic & Biomolecular Chemistry (2006), 4(7), 1328-1337",skeleton_only; equivalents/concentration/addition_order/atmosphere not available,1
CT_5defaa8eedfc6cba,trichloroacetimidate,Dichloromethane,3,Trimethylsilyl triflate,3,25.0,720.0,1,1,1,1,1,0,1,31-010-CAS-16472070,31-010-CAS-16472070,"Proceedings of the National Academy of Sciences of the United States of America (2016), 113(41), 11561-11566",skeleton_only; equivalents/concentration/addition_order/atmosphere not available,1
CT_5e8cf4b352dd1529,trichloroacetimidate,Dichloromethane;Diethyl ether,3;4,Trimethylsilyl triflate,3,25.0,30.0,1,1,1,1,1,1,0,31-010-CAS-16419863,31-010-CAS-16419863,"Carbohydrate Research (2016), 435, 83-96",skeleton_only; equivalents/concentration/addition_order/atmosphere not available,1
CT_6085b164b0007a48,trichloroacetimidate,Dichloromethane,3,Trimethylsilyl triflate,3,-20.0,30.0,1,1,1,1,1,1,0,31-010-CAS-11415296,31-010-CAS-11415296,"Chemistry - A European Journal (2006), 12(34), 8664-8686",skeleton_only; equivalents/concentration/addition_order/atmosphere not available,1
CT_64051b435b7c1725,trichloroacetimidate,Dichloromethane,3,Trimethylsilyl triflate,3,-20.0,1.2,1,1,1,1,1,0,1,31-010-CAS-19796375,31-010-CAS-19796375,"Chemistry - An Asian Journal (2019), 14(1), 223-234",skeleton_only; equivalents/concentration/addition_order/atmosphere not available,1
CT_684b0b3af0486e83,trichloroacetimidate,Dichloromethane,3,Trimethylsilyl triflate,3,-40.0,90.0,1,1,1,1,1,0,1,31-010-CAS-22198130,31-010-CAS-22198130,"Organic Letters (2020), 22(12), 4638-4642",skeleton_only; equivalents/concentration/addition_order/atmosphere not available,1
CT_6b503c451368e758,trichloroacetimidate,Dichloromethane,3,Trimethylsilyl triflate,3,21.0,60.0,1,1,1,1,1,0,1,31-010-CAS-23636152,31-010-CAS-23636152,"Nature Chemistry (2021), 13(5), 496-503",skeleton_only; equivalents/concentration/addition_order/atmosphere not available,1
CT_6ce7c752fbea084a,trichloroacetimidate,Toluene;Triethylamine,5;10,Trimethylsilyl triflate,3,-30.0,60.0,1,1,1,1,1,0,1,31-010-CAS-2983674,31-010-CAS-2983674,"Tetrahedron (2010), 66(40), 8036-8046",skeleton_only; equivalents/concentration/addition_order/atmosphere not available,1
CT_6d06f65a78d24e56,trichloroacetimidate,Dichloromethane,3,Sodium bicarbonate,8,-15.0,10.0,1,1,1,1,1,0,1,31-010-CAS-1044733,31-010-CAS-1044733,"Organic & Biomolecular Chemistry (2006), 4(2), 232-242",skeleton_only; equivalents/concentration/addition_order/atmosphere not available,1
CT_7127caa21a558d1f,trichloroacetimidate,Dichloromethane,3,Trimethylsilyl triflate,3,-15.0,60.0,1,1,1,1,1,1,0,31-010-CAS-6929657,31-010-CAS-6929657,"Journal of Organic Chemistry (2004), 69(12), 4081-4093",skeleton_only; equivalents/concentration/addition_order/atmosphere not available,1
CT_7261afd078c52905,trichloroacetimidate,Dichloromethane;Methanol,3;7,Boron trifluoride etherate,7,25.0,600.0,1,1,1,1,1,0,1,31-010-CAS-2508626,31-010-CAS-2508626,"Letters in Organic Chemistry (2005), 2(6), 521-523",skeleton_only; equivalents/concentration/addition_order/atmosphere not available,1
CT_74ad556b72a164e1,trichloroacetimidate,Diethyl ether,4,Trimethylsilyl triflate,3,0.0,720.0,1,1,1,1,1,1,0,31-010-CAS-16059825,31-010-CAS-16059825,"Nature Communications (2014), 5, 5051",skeleton_only; equivalents/concentration/addition_order/atmosphere not available,1
CT_7ce63dc8b0a3c062,trichloroacetimidate,Diethyl ether,4,"(1,1-Dimethylethyl)dimethylsilyl 1,1,1-trifluoromethanesulfonate",32,0.0,60.0,1,1,1,1,1,1,0,31-010-CAS-16586998,31-010-CAS-16586998,"Chemical Science (2013), 4(1), 468-481",skeleton_only; equivalents/concentration/addition_order/atmosphere not available,1
CT_7fe4ed7e15e5e190,trichloroacetimidate,Dichloromethane,3,Triethylamine,4,-20.0,10.0,1,1,1,1,1,0,1,31-010-CAS-12478494,31-010-CAS-12478494,"Monatshefte fuer Chemie (2009), 140(10), 1251-1256",skeleton_only; equivalents/concentration/addition_order/atmosphere not available,1
CT_81416461200e1054,trichloroacetimidate,Dichloromethane,3,Trimethylsilyl triflate,3,-30.0,60.0,1,1,1,1,1,0,1,31-010-CAS-12970683,31-010-CAS-12970683,"Journal of the American Chemical Society (2012), 134(37), 15556-15562",skeleton_only; equivalents/concentration/addition_order/atmosphere not available,1
CT_86b5d1704d486459,trichloroacetimidate,Diethyl ether,4,Trimethylsilyl triflate,3,0.0,30.0,1,1,1,1,1,1,0,31-010-CAS-4942183,31-010-CAS-4942183,"Organic & Biomolecular Chemistry (2005), 3(5), 764-786",skeleton_only; equivalents/concentration/addition_order/atmosphere not available,1
CT_8aeadcb06124e6fb,trichloroacetimidate,Dichloromethane,3,Diisopropylethylamine,31,-20.0,30.0,1,1,1,1,1,1,0,31-010-CAS-978790,31-010-CAS-978790,"Carbohydrate Research (2005), 340(3), 355-372",skeleton_only; equivalents/concentration/addition_order/atmosphere not available,1
CT_8cc4c3a1ad357caf,trichloroacetimidate,Dichloromethane,3,Trimethylsilyl triflate,3,25.0,40.0,1,1,1,1,1,0,1,31-010-CAS-1851980,31-010-CAS-1851980,"Carbohydrate Research (2014), 383, 89-96",skeleton_only; equivalents/concentration/addition_order/atmosphere not available,1
CT_8dc2a8a498847f43,trichloroacetimidate,Dichloromethane,3,Trimethylsilyl triflate,3,-20.0,60.0,1,1,1,1,1,0,1,31-010-CAS-13932702,31-010-CAS-13932702,"Carbohydrate Research (2009), 344(7), 856-868",skeleton_only; equivalents/concentration/addition_order/atmosphere not available,1
CT_8e20b95ed3a3ff42,trichloroacetimidate,Dichloromethane,3,Trimethylsilyl triflate,3,25.0,10.0,1,1,1,1,1,0,1,31-614-CAS-46131118,31-614-CAS-46131118,"JACS Au (2024), 4(10), 3953-3963",skeleton_only; equivalents/concentration/addition_order/atmosphere not available,1
CT_933c240802389585,trichloroacetimidate,Dichloromethane,3,Triethylamine,4,0.0,20.0,1,1,1,1,1,1,0,31-010-CAS-667934,31-010-CAS-667934,"Organic & Biomolecular Chemistry (2012), 10(10), 2146-2163",skeleton_only; equivalents/concentration/addition_order/atmosphere not available,1
CT_94712c0ed54babc2,trichloroacetimidate,Diethyl ether,4,Sodium bicarbonate,8,-20.0,90.0,1,1,1,1,1,1,0,31-010-CAS-8102873,31-010-CAS-8102873,"Carbohydrate Research (2011), 346(15), 2348-2361",skeleton_only; equivalents/concentration/addition_order/atmosphere not available,1
CT_94c9791ee9a369c9,trichloroacetimidate,Diethyl ether,4,Triethylamine,4,25.0,2160.0,1,1,1,1,1,0,1,31-614-CAS-31540777,31-614-CAS-31540777,"Journal of Organic Chemistry (2021), 86(23), 16901-16915",skeleton_only; equivalents/concentration/addition_order/atmosphere not available,1
CT_962096e322240706,trichloroacetimidate,Dichloromethane,3,Trimethylsilyl triflate,3,-45.0,60.0,1,1,1,1,1,1,0,31-010-CAS-9717301,31-010-CAS-9717301,"Chemistry - A European Journal (2003), 9(1), 140-169",skeleton_only; equivalents/concentration/addition_order/atmosphere not available,1
CT_983c4b3d432f5a24,trichloroacetimidate,Dichloromethane,3,Trimethylsilyl triflate,3,-30.0,0.3,1,1,1,1,1,0,1,31-010-CAS-16011286,31-010-CAS-16011286,"Organic Chemistry Frontiers (2014), 1(4), 405-414",skeleton_only; equivalents/concentration/addition_order/atmosphere not available,1
CT_9a16ddba1315668e,trichloroacetimidate,Dichloromethane,3,Trimethylsilyl triflate,3,-15.0,20.0,1,1,1,1,1,0,1,31-010-CAS-13055419,31-010-CAS-13055419,"Carbohydrate Research (2014), 384, 112-118",skeleton_only; equivalents/concentration/addition_order/atmosphere not available,1
CT_9bcf3110139f824e,trichloroacetimidate,Dichloromethane,3,Triethylamine,4,0.0,1080.0,1,1,1,1,1,0,1,31-010-CAS-2606532,31-010-CAS-2606532,"Carbohydrate Research (2003), 338(24), 2793-2812",skeleton_only; equivalents/concentration/addition_order/atmosphere not available,1
CT_9c7b8fd081c17a2c,trichloroacetimidate,Dichloromethane,3,Trimethylsilyl triflate,3,25.0,90.0,1,1,1,1,1,1,0,31-010-CAS-17642151,31-010-CAS-17642151,"World Intellectual Property Organization, WO2001085745 A1 2001-11-15",skeleton_only; equivalents/concentration/addition_order/atmosphere not available,1
CT_9e41f84ab0346b44,trichloroacetimidate,Dichloromethane,3,"(1,1-Dimethylethyl)dimethylsilyl 1,1,1-trifluoromethanesulfonate",32,-25.0,240.0,1,1,1,1,1,1,0,31-010-CAS-11953075,31-010-CAS-11953075,"Chemistry - A European Journal (2003), 9(1), 140-169",skeleton_only; equivalents/concentration/addition_order/atmosphere not available,1
CT_9eb77da3c521f03d,trichloroacetimidate,Dichloromethane,3,Triethylamine,4,-78.0,180.0,1,1,1,1,1,0,1,31-010-CAS-4044654,31-010-CAS-4044654,"Journal of the American Chemical Society (2009), 131(16), 5792-5799",skeleton_only; equivalents/concentration/addition_order/atmosphere not available,1
CT_9f62337ba48f8b68,trichloroacetimidate,Diethyl ether;Toluene,4;5,Triethylamine,4,25.0,90.0,1,1,1,1,1,1,0,31-010-CAS-3920193,31-010-CAS-3920193,"World Intellectual Property Organization, WO2001085746 A1 2001-11-15",skeleton_only; equivalents/concentration/addition_order/atmosphere not available,1
CT_a154ce289829f36d,trichloroacetimidate,Diethyl ether,4,Trimethylsilyl triflate,3,25.0,30.0,1,1,1,1,1,0,1,31-010-CAS-17642148,31-010-CAS-17642148,"World Intellectual Property Organization, WO2001085745 A1 2001-11-15",skeleton_only; equivalents/concentration/addition_order/atmosphere not available,1
CT_a19e208d3921b07a,trichloroacetimidate,Diethyl ether,4,Zinc iodide,36,0.0,30.0,1,1,1,1,1,0,1,31-614-CAS-31540785,31-614-CAS-31540785,"Journal of Organic Chemistry (2021), 86(23), 16901-16915",skeleton_only; equivalents/concentration/addition_order/atmosphere not available,1
CT_a1b1785d2ef58946,trichloroacetimidate,Dichloromethane;Diethyl ether,3;4,Boron trifluoride etherate,7,-10.0,15.0,1,1,1,1,1,0,1,31-010-CAS-4766213,31-010-CAS-4766213,"United States, US5874411 A 1999-02-23",skeleton_only; equivalents/concentration/addition_order/atmosphere not available,1
CT_a25741c83f6cd8d0,trichloroacetimidate,Dichloromethane,3,Copper(II) triflate,34,25.0,60.0,1,1,1,1,1,0,1,31-010-CAS-11632053,31-010-CAS-11632053,"Synlett (2008), (13), 1981-1984",skeleton_only; equivalents/concentration/addition_order/atmosphere not available,1
CT_a3608ec308a137a5,trichloroacetimidate,Dichloromethane,3,Sodium bicarbonate,8,40.0,60.0,1,1,1,1,1,0,1,31-010-CAS-9499748,31-010-CAS-9499748,"Carbohydrate Research (2012), 361, 91-99",skeleton_only; equivalents/concentration/addition_order/atmosphere not available,1
CT_a374c45c5c28cf02,trichloroacetimidate,Dichloromethane,3,Trimethylsilyl triflate,3,-25.0,90.0,1,1,1,1,1,1,0,31-010-CAS-7945671,31-010-CAS-7945671,"Chemistry - A European Journal (2006), 12(34), 8664-8686",skeleton_only; equivalents/concentration/addition_order/atmosphere not available,1
CT_a380fc1b8a59819c,trichloroacetimidate,Dichloromethane;Methanol,3;7,Triethylamine,4,0.0,720.0,1,1,1,1,1,1,0,31-010-CAS-7038974,31-010-CAS-7038974,"Angewandte Chemie, International Edition (2008), 47(43), 8215-8219",skeleton_only; equivalents/concentration/addition_order/atmosphere not available,1
CT_a55925f0a5152927,trichloroacetimidate,Dichloromethane;Diethyl ether,3;4,Trimethylsilyl triflate,3,0.0,180.0,1,1,1,1,1,0,1,31-010-CAS-1734712,31-010-CAS-1734712,"Carbohydrate Research (2008), 343(4), 607-614",skeleton_only; equivalents/concentration/addition_order/atmosphere not available,1
CT_a8929018174ad600,trichloroacetimidate,Dichloromethane;Diethyl ether,3;4,Trimethylsilyl triflate,3,0.0,20.0,1,1,1,1,1,1,0,31-010-CAS-19010376,31-010-CAS-19010376,"Organic Letters (2018), 20(15), 4526-4530",skeleton_only; equivalents/concentration/addition_order/atmosphere not available,1
CT_a8f8249580c21698,trichloroacetimidate,Dichloromethane,3,Triethylamine,4,0.0,150.0,1,1,1,1,1,0,1,31-010-CAS-11617057,31-010-CAS-11617057,"European Journal of Organic Chemistry (2003), (18), 3569-3586",skeleton_only; equivalents/concentration/addition_order/atmosphere not available,1
CT_a906f167bdd3009f,trichloroacetimidate,Dichloromethane,3,Triethylamine,4,25.0,900.0,1,1,1,1,1,0,1,31-010-CAS-2453120,31-010-CAS-2453120,"Journal of Organic Chemistry (2005), 70(1), 214-226",skeleton_only; equivalents/concentration/addition_order/atmosphere not available,1
CT_ae92680f42702184,trichloroacetimidate,Dichloromethane;Hexane,3;8,Boron trifluoride etherate,7,-25.0,60.0,1,1,1,1,1,0,1,31-010-CAS-8006751,31-010-CAS-8006751,"Bioorganic & Medicinal Chemistry Letters (2012), 22(4), 1719-1721",skeleton_only; equivalents/concentration/addition_order/atmosphere not available,1
CT_b4c5b6f6a8faa6c4,trichloroacetimidate,Dichloromethane,3,Trimethylsilyl triflate,3,-15.0,10.0,1,1,1,1,1,0,1,31-010-CAS-9775514,31-010-CAS-9775514,"Tetrahedron Letters (2009), 50(26), 3631-3634",skeleton_only; equivalents/concentration/addition_order/atmosphere not available,1
CT_b502778261630240,trichloroacetimidate,Dichloromethane;Diethyl ether,3;4,Boron trifluoride etherate,7,-20.0,30.0,1,1,1,1,1,0,1,31-010-CAS-9784528,31-010-CAS-9784528,"United States, US5874411 A 1999-02-23",skeleton_only; equivalents/concentration/addition_order/atmosphere not available,1
CT_b71e20b07ac2378c,trichloroacetimidate,Dichloromethane,3,Trimethylsilyl triflate,3,-40.0,120.0,1,1,1,1,1,0,1,31-010-CAS-8555525,31-010-CAS-8555525,"Organic Letters (2003), 5(21), 3775-3778",skeleton_only; equivalents/concentration/addition_order/atmosphere not available,1
CT_b802380a2480a9a1,trichloroacetimidate,Dichloromethane,3,Nitrosonium tetrafluoroborate,26,-10.0,45.0,1,1,1,1,1,1,0,31-010-CAS-5727917,31-010-CAS-5727917,"Journal of Carbohydrate Chemistry (2015), 34(9), 501-513",skeleton_only; equivalents/concentration/addition_order/atmosphere not available,1
CT_b88bbb508febd380,trichloroacetimidate,Dichloromethane,3,Trimethylsilyl triflate,3,-40.0,15.0,1,1,1,1,1,0,1,31-010-CAS-11159083,31-010-CAS-11159083,"Chemistry Letters (2011), 40(2), 194-195",skeleton_only; equivalents/concentration/addition_order/atmosphere not available,1
CT_c0ebc65bdbc1cf65,trichloroacetimidate,Dichloromethane;Toluene,3;5,Trimethylsilyl triflate,3,25.0,90.0,1,1,1,1,1,1,0,31-010-CAS-5827902,31-010-CAS-5827902,"World Intellectual Property Organization, WO2004005532 A2 2004-01-15",skeleton_only; equivalents/concentration/addition_order/atmosphere not available,1
CT_c153fbb82b0f5cbd,trichloroacetimidate,Dichloromethane,3,Trimethylsilyl triflate,3,-24.0,60.0,1,1,1,1,1,1,0,31-010-CAS-827960,31-010-CAS-827960,"Chemistry - A European Journal (2005), 11(8), 2493-2504",skeleton_only; equivalents/concentration/addition_order/atmosphere not available,1
CT_c27b4fdbf0b3290c,trichloroacetimidate,Dichloromethane,3,Triethylamine,4,25.0,960.0,1,1,1,1,1,0,1,31-010-CAS-3244651,31-010-CAS-3244651,"Journal of Organic Chemistry (2012), 77(16), 6760-6772",skeleton_only; equivalents/concentration/addition_order/atmosphere not available,1
CT_c4423b797cebb173,trichloroacetimidate,Dichloromethane,3,Triethylamine,4,3.0,1440.0,1,1,1,1,1,0,1,31-010-CAS-2073987,31-010-CAS-2073987,"Glycoconjugate Journal (2005), 22(3), 95-108",skeleton_only; equivalents/concentration/addition_order/atmosphere not available,1
CT_c44d3ddbc6ed9137,trichloroacetimidate,Dichloromethane,3,Boron trifluoride etherate,7,25.0,30.0,1,1,1,1,1,1,0,31-010-CAS-2797002,31-010-CAS-2797002,"Organic & Biomolecular Chemistry (2012), 10(10), 2146-2163",skeleton_only; equivalents/concentration/addition_order/atmosphere not available,1
CT_c686cf3ebf10a3ea,trichloroacetimidate,Dichloromethane,3,Boron trifluoride etherate,7,0.0,3000.0,1,1,1,1,1,0,1,31-010-CAS-8132868,31-010-CAS-8132868,"Liebigs Annalen (1996), (11), 1773-1784",skeleton_only; equivalents/concentration/addition_order/atmosphere not available,1
CT_c733776eb12301e6,trichloroacetimidate,Dichloromethane,3,Trimethylsilyl triflate,3,25.0,1440.0,1,1,1,1,1,0,1,31-010-CAS-2752672,31-010-CAS-2752672,"Collection of Czechoslovak Chemical Communications (2005), 70(10), 1615-1641",skeleton_only; equivalents/concentration/addition_order/atmosphere not available,1
CT_c9732b751d974c56,trichloroacetimidate,Dichloromethane,3,Sodium bicarbonate,8,-65.0,60.0,1,1,1,1,1,0,1,31-010-CAS-1862356,31-010-CAS-1862356,"Synlett (2004), (5), 861-865",skeleton_only; equivalents/concentration/addition_order/atmosphere not available,1
CT_cab00a3938bfe241,trichloroacetimidate,Dichloromethane;Diethyl ether,3;4,Boron trifluoride etherate,7,0.0,900.0,1,1,1,1,1,0,1,31-010-CAS-12408893,31-010-CAS-12408893,"United States, US5874411 A 1999-02-23",skeleton_only; equivalents/concentration/addition_order/atmosphere not available,1
CT_cb2d8596ddb3d128,trichloroacetimidate,Dichloromethane,3,Trimethylsilyl triflate,3,0.0,360.0,1,1,1,1,1,0,1,31-010-CAS-16614014,31-010-CAS-16614014,"Molecules (2012), 17, 9590-9620",skeleton_only; equivalents/concentration/addition_order/atmosphere not available,1
CT_cb8f8095332b959b,trichloroacetimidate,Dichloromethane,3,Boron trifluoride etherate,7,40.0,45.0,1,1,1,1,1,0,1,31-010-CAS-820306,31-010-CAS-820306,"European Journal of Organic Chemistry (2011), 2011(34), 6864-6876, S6864/1-S6864/24",skeleton_only; equivalents/concentration/addition_order/atmosphere not available,1
CT_cd868ee73a58a345,trichloroacetimidate,Dichloromethane,3,Trimethylsilyl triflate,3,25.0,450.0,1,1,1,1,1,1,0,31-010-CAS-7110317,31-010-CAS-7110317,"Canadian Journal of Chemistry (2002), 80(8), 917-936",skeleton_only; equivalents/concentration/addition_order/atmosphere not available,1
CT_d0631860533ded09,trichloroacetimidate,Dichloromethane,3,Boron trifluoride etherate,7,-20.0,60.0,1,1,1,1,1,0,1,31-010-CAS-1790037,31-010-CAS-1790037,"Carbohydrate Research (2004), 339(17), 2769-2788",skeleton_only; equivalents/concentration/addition_order/atmosphere not available,1
CT_d3198e2887423328,trichloroacetimidate,Dichloromethane,3,Trimethylsilyl triflate,3,-75.0,30.0,1,1,1,1,1,1,0,31-010-CAS-12746951,31-010-CAS-12746951,"Organic Letters (2003), 5(26), 4975-4978",skeleton_only; equivalents/concentration/addition_order/atmosphere not available,1
CT_d493d3680d501b97,trichloroacetimidate,Dichloromethane,3,Triethylamine,4,0.0,15.0,1,1,1,1,1,1,0,31-010-CAS-2212315,31-010-CAS-2212315,"Organic & Biomolecular Chemistry (2003), 1(13), 2253-2266",skeleton_only; equivalents/concentration/addition_order/atmosphere not available,1
CT_d79e425a4369a2e9,trichloroacetimidate,Dichloromethane;Triethylamine,3;10,Trimethylsilyl triflate,3,-20.0,240.0,1,1,1,1,1,0,1,31-010-CAS-5226356,31-010-CAS-5226356,"Carbohydrate Research (2002), 337(14), 1319-1324",skeleton_only; equivalents/concentration/addition_order/atmosphere not available,1
CT_d875b5d94be9142b,trichloroacetimidate,Dichloromethane,3,Trimethylsilyl triflate,3,-40.0,180.0,1,1,1,1,1,1,0,31-010-CAS-3951292,31-010-CAS-3951292,"Organic & Biomolecular Chemistry (2012), 10(4), 760-772",skeleton_only; equivalents/concentration/addition_order/atmosphere not available,1
CT_d9a10b0cc44837a3,trichloroacetimidate,Toluene,5,Trimethylsilyl triflate,3,-40.0,120.0,1,1,1,1,1,1,0,31-010-CAS-16587010,31-010-CAS-16587010,"Chemical Science (2013), 4(1), 468-481",skeleton_only; equivalents/concentration/addition_order/atmosphere not available,1
CT_da22f14d2b6ec5a3,trichloroacetimidate,Dichloromethane,3,Trimethylsilyl triflate,3,40.0,120.0,1,1,1,1,1,0,1,31-010-CAS-20490526,31-010-CAS-20490526,"Carbohydrate Research (2019), 482, 107730",skeleton_only; equivalents/concentration/addition_order/atmosphere not available,1
CT_da4bce6748ad06b6,trichloroacetimidate,Dichloromethane,3,Pyridine,12,25.0,30.0,1,1,1,1,1,1,0,31-010-CAS-1767038,31-010-CAS-1767038,"Organic Letters (2003), 5(26), 4975-4978",skeleton_only; equivalents/concentration/addition_order/atmosphere not available,1
CT_da6b6fec11bc63b3,trichloroacetimidate,Diethyl ether,4,Trimethylsilyl triflate,3,25.0,45.0,1,1,1,1,1,1,0,31-010-CAS-17658048,31-010-CAS-17658048,"World Intellectual Property Organization, WO2000039141 A1 2000-07-06",skeleton_only; equivalents/concentration/addition_order/atmosphere not available,1
CT_db052a0bc715a4f9,trichloroacetimidate,Dichloromethane,3,Trifluoromethanesulfonic acid,6,0.0,30.0,1,1,1,1,1,0,1,31-010-CAS-12729167,31-010-CAS-12729167,"Organic & Biomolecular Chemistry (2014), 12(13), 2087-2098",skeleton_only; equivalents/concentration/addition_order/atmosphere not available,1
CT_db476a6a8ab8d057,trichloroacetimidate,Diethyl ether,4,Triethylamine,4,25.0,90.0,1,1,1,1,1,1,0,31-010-CAS-20767187,31-010-CAS-20767187,"World Intellectual Property Organization, WO2001085740 A2 2001-11-15",skeleton_only; equivalents/concentration/addition_order/atmosphere not available,1
CT_dc1b49a4e669800b,trichloroacetimidate,Dichloromethane,3,Triethylamine,4,5.0,30.0,1,1,1,1,1,0,1,31-010-CAS-10298862,31-010-CAS-10298862,"World Intellectual Property Organization, WO2011014793 A2 2011-02-03",skeleton_only; equivalents/concentration/addition_order/atmosphere not available,1
CT_dfeeb86ac85049a0,trichloroacetimidate,Dichloromethane,3,Sodium bicarbonate,8,-40.0,60.0,1,1,1,1,1,0,1,31-010-CAS-14600737,31-010-CAS-14600737,"Synlett (2004), (5), 861-865",skeleton_only; equivalents/concentration/addition_order/atmosphere not available,1
CT_e1548eaaa109c681,trichloroacetimidate,Dichloromethane,3,Triethylamine,4,25.0,45.0,1,1,1,1,1,0,1,31-010-CAS-7801504,31-010-CAS-7801504,"Chemistry - A European Journal (2015), 21(32), 11408-11416",skeleton_only; equivalents/concentration/addition_order/atmosphere not available,1
CT_e39615f483dcf125,trichloroacetimidate,Dichloromethane,3,Boron trifluoride etherate,7,0.0,30.0,1,1,1,1,1,1,0,31-010-CAS-8871710,31-010-CAS-8871710,"China, CN102898487 A 2013-01-30",skeleton_only; equivalents/concentration/addition_order/atmosphere not available,1
CT_e3ab849fe10cb16e,trichloroacetimidate,Dichloromethane,3,Boron trifluoride etherate,7,40.0,180.0,1,1,1,1,1,0,1,31-010-CAS-7819517,31-010-CAS-7819517,"Journal of Organic Chemistry (2009), 74(21), 8321-8331",skeleton_only; equivalents/concentration/addition_order/atmosphere not available,1
CT_e602170b7c58f02f,trichloroacetimidate,Dichloromethane;Heptane,3;15,Trimethylsilyl triflate,3,25.0,15.0,1,1,1,1,1,1,0,31-010-CAS-16952812,31-010-CAS-16952812,"Biochemistry (1998), 37(38), 13421-13436",skeleton_only; equivalents/concentration/addition_order/atmosphere not available,1
CT_e93f0af3649ea67b,trichloroacetimidate,Dichloromethane,3,Trimethylsilyl triflate,3,25.0,270.0,1,1,1,1,1,1,0,31-010-CAS-2634829,31-010-CAS-2634829,"Canadian Journal of Chemistry (2002), 80(8), 917-936",skeleton_only; equivalents/concentration/addition_order/atmosphere not available,1
CT_ed546f979d281e1e,trichloroacetimidate,Dichloromethane;Toluene,3;5,Silver triflate,10,25.0,30.0,1,1,1,1,1,0,1,31-010-CAS-14298813,31-010-CAS-14298813,"Zhejiang Daxue Xuebao, Gongxueban (2005), 39(2), 311-316",skeleton_only; equivalents/concentration/addition_order/atmosphere not available,1
CT_eea044ebbb9f1164,trichloroacetimidate,Dichloromethane;Diethyl ether,3;4,Boron trifluoride etherate,7,-5.0,15.0,1,1,1,1,1,0,1,31-010-CAS-2584175,31-010-CAS-2584175,"United States, US5874411 A 1999-02-23",skeleton_only; equivalents/concentration/addition_order/atmosphere not available,1
CT_eec0d227064c97a3,trichloroacetimidate,Dichloromethane,3,Trimethylsilyl triflate,3,-45.0,210.0,1,1,1,1,1,1,0,31-010-CAS-15533193,31-010-CAS-15533193,"Tetrahedron Letters (2003), 44(1), 89-91",skeleton_only; equivalents/concentration/addition_order/atmosphere not available,1
CT_f05cfc1f431dd73c,trichloroacetimidate,Dichloromethane;Toluene,3;5,Boron trifluoride etherate,7,0.0,180.0,1,1,1,1,1,1,0,31-010-CAS-23017165,31-010-CAS-23017165,"World Intellectual Property Organization, WO2013115817 A1 2013-08-08",skeleton_only; equivalents/concentration/addition_order/atmosphere not available,1
CT_f30eb9a8e4e755b6,trichloroacetimidate,Dichloromethane,3,Trimethylsilyl triflate,3,-10.0,60.0,1,1,1,1,1,0,1,31-010-CAS-9786456,31-010-CAS-9786456,"United States, US5874411 A 1999-02-23",skeleton_only; equivalents/concentration/addition_order/atmosphere not available,1
CT_f420caecbefdc422,trichloroacetimidate,Dichloromethane,3,Trimethylsilyl triflate,3,0.0,840.0,1,1,1,1,1,0,1,31-010-CAS-5571602,31-010-CAS-5571602,"Chemistry - A European Journal (2015), 21(20), 7511-7519",skeleton_only; equivalents/concentration/addition_order/atmosphere not available,1
CT_f51ab753b3fa4b33,trichloroacetimidate,Dichloromethane,3,Triethylamine,4,0.0,30.0,1,1,1,1,1,0,1,31-010-CAS-8693853,31-010-CAS-8693853,"World Intellectual Property Organization, WO2011137181 A1 2011-11-03",skeleton_only; equivalents/concentration/addition_order/atmosphere not available,1
CT_f6dc2097e628d56f,trichloroacetimidate,Dichloromethane,3,"Triethylsilyl 1,1,1-trifluoromethanesulfonate",23,-25.0,180.0,1,1,1,1,1,1,0,31-010-CAS-11955200,31-010-CAS-11955200,"Tetrahedron Letters (2003), 44(42), 7767-7770",skeleton_only; equivalents/concentration/addition_order/atmosphere not available,1
CT_f8795fcd079d358d,trichloroacetimidate,Dichloromethane,3,Boron trifluoride etherate,7,40.0,150.0,1,1,1,1,1,0,1,31-010-CAS-23202499,31-010-CAS-23202499,"European Journal of Organic Chemistry (2019), 2019(39), 6631-6645",skeleton_only; equivalents/concentration/addition_order/atmosphere not available,1
CT_f8e1d6e9648ac9e0,trichloroacetimidate,Dichloromethane,3,Trimethylsilyl triflate,3,25.0,0.2,1,1,1,1,1,0,1,31-010-CAS-13363320,31-010-CAS-13363320,"European Journal of Organic Chemistry (2003), (18), 3569-3586",skeleton_only; equivalents/concentration/addition_order/atmosphere not available,1
CT_f9630e2401358f99,trichloroacetimidate,Dichloromethane;Diethyl ether,3;4,Nitrosonium tetrafluoroborate,26,-10.0,60.0,1,1,1,1,1,1,0,31-010-CAS-16631938,31-010-CAS-16631938,"RSC Advances (2014), 4(1), 54-60",skeleton_only; equivalents/concentration/addition_order/atmosphere not available,1
CT_fb247e6224e9f72b,trichloroacetimidate,Dichloromethane,3,Sodium bicarbonate,8,-30.0,60.0,1,1,1,1,1,0,1,31-010-CAS-3933972,31-010-CAS-3933972,"Synlett (2004), (5), 861-865",skeleton_only; equivalents/concentration/addition_order/atmosphere not available,1
CT_fb7e633c091af2ee,trichloroacetimidate,Dichloromethane;Toluene,3;5,Boron trifluoride etherate,7,25.0,390.0,1,1,1,1,1,0,1,31-010-CAS-16546346,31-010-CAS-16546346,"Chemical Science (2011), 2(10), 1952-1959",skeleton_only; equivalents/concentration/addition_order/atmosphere not available,1
CT_fdf8b7f268200b29,trichloroacetimidate,Dichloromethane;Toluene,3;5,Trimethylsilyl triflate,3,0.0,180.0,1,1,1,1,1,0,1,31-614-CAS-42085603,31-614-CAS-42085603,"Journal of Organic Chemistry (2023), 88(17), 12531-12541",skeleton_only; equivalents/concentration/addition_order/atmosphere not available,1
CT_fe270c98da3060f2,trichloroacetimidate,Diethyl ether;Tetrahydrofuran,4;12,Tetrabutylammonium fluoride,39,-20.0,90.0,1,1,1,1,1,1,0,31-010-CAS-6246955,31-010-CAS-6246955,"Carbohydrate Research (2011), 346(15), 2348-2361",skeleton_only; equivalents/concentration/addition_order/atmosphere not available,1
CT_fe4ce838ea50bc8c,trichloroacetimidate,Acetonitrile;Dichloromethane,3;6,Triethylamine,4,-20.0,10.0,1,1,1,1,1,1,0,31-010-CAS-6859118,31-010-CAS-6859118,"Carbohydrate Research (2008), 343(10-11), 1718-1729",skeleton_only; equivalents/concentration/addition_order/atmosphere not available,1
CT_ff5cac6aaa3170ee,trichloroacetimidate,Dichloromethane,3,Triethylamine,4,25.0,15.0,1,1,1,1,1,1,0,31-010-CAS-14562744,31-010-CAS-14562744,"Tetrahedron: Asymmetry (2005), 16(1), 187-197",skeleton_only; equivalents/concentration/addition_order/atmosphere not available,1
CT_ca5ac920e81664ad,trifluoroacetimidate,Dichloromethane;Toluene,3;5,Pyridine,12,25.0,60.0,1,1,1,1,6,6,0,31-010-CAS-2969316,31-010-CAS-2969316;31-010-CAS-5089795;31-010-CAS-7224533;31-010-CAS-7560425;31-010-CAS-9357436;31-010-CAS-9358549,"Journal of Organic Chemistry (2008), 73(21), 8411-8421;Tetrahedron Letters (2006), 47(21), 3583-3587",skeleton_only; equivalents/concentration/addition_order/atmosphere not available,6
CT_1d0e8bb249480538,trifluoroacetimidate,Dichloromethane,3,Pyridine,12,0.0,60.0,1,1,1,1,4,4,0,31-010-CAS-539862,31-010-CAS-12535844;31-010-CAS-13960199;31-010-CAS-2693928;31-010-CAS-539862,"Journal of the American Chemical Society (2011), 133(1), 102-107;Organic Letters (2010), 12(7), 1624-1627",skeleton_only; equivalents/concentration/addition_order/atmosphere not available,3
CT_29aa4871ce228895,trifluoroacetimidate,Dichloromethane,3,Trimethylsilyl triflate,3,25.0,30.0,1,1,1,1,4,0,4,31-614-CAS-38242450,31-013-CAS-18528259;31-614-CAS-24250566;31-614-CAS-38242450;31-614-CAS-42575643,"Chemistry - A European Journal (2020), 26(67), 15605-15612;Journal of the American Chemical Society (2018), 140(8), 3120-3127;Journal of the American Chemical Society (2022), 144(46), 21068-21079;World Intellectual Property Organization, WO2024168123 A1 2024-08-15",skeleton_only; equivalents/concentration/addition_order/atmosphere not available,4
CT_92ee5085734c4595,trifluoroacetimidate,Dichloromethane,3,Sodium bicarbonate,8,22.0,60.0,1,1,1,1,4,4,0,31-010-CAS-19353800,31-010-CAS-19353800;31-010-CAS-19353803;31-010-CAS-19353817;31-010-CAS-22654654,"Carbohydrate Research (2018), 464, 28-43;European Journal of Organic Chemistry (2020), 2020(27), 4146-4160",skeleton_only; equivalents/concentration/addition_order/atmosphere not available,4
CT_9781c4ea4668c686,trifluoroacetimidate,Dichloromethane,3,Triethylamine,4,25.0,20.0,1,1,1,1,3,0,3,31-010-CAS-20875067,31-010-CAS-20875061;31-010-CAS-20875067;31-010-CAS-20875071,"World Intellectual Property Organization, WO2019012476 A1 2019-01-17",skeleton_only; equivalents/concentration/addition_order/atmosphere not available,3
CT_3f4dc52ba780e389,trifluoroacetimidate,Dichloromethane,3,Triethylamine,4,25.0,60.0,1,1,1,1,2,0,2,31-010-CAS-16962395,31-010-CAS-16962395;31-013-CAS-14305684,"Chemistry - A European Journal (2016), 22(52), 18742-18746;World Intellectual Property Organization, WO2014161960 A1 2014-10-09",skeleton_only; equivalents/concentration/addition_order/atmosphere not available,2
CT_79d97c0c3b0b62b0,trifluoroacetimidate,Dichloromethane,3,Trimethylsilyl triflate,3,25.0,20.0,1,1,1,1,2,0,2,31-010-CAS-18600277,31-010-CAS-18600274;31-010-CAS-18600277,"World Intellectual Property Organization, WO2017175082 A1 2017-10-12",skeleton_only; equivalents/concentration/addition_order/atmosphere not available,2
CT_989ff64dcfdf18c3,trifluoroacetimidate,Dichloromethane,3,Trimethylsilyl triflate,3,25.0,60.0,1,1,1,1,2,0,2,31-614-CAS-42575636,31-614-CAS-42575632;31-614-CAS-42575636,"World Intellectual Property Organization, WO2024168123 A1 2024-08-15",skeleton_only; equivalents/concentration/addition_order/atmosphere not available,2
CT_b8e2426d4c63a15b,trifluoroacetimidate,Dichloromethane,3,Triethylamine,4,25.0,30.0,1,1,1,1,2,0,2,31-010-CAS-19655310,31-010-CAS-19655310;31-614-CAS-24250583,"ACS Chemical Biology (2018), 13(9), 2719-2727;Chemistry - A European Journal (2020), 26(67), 15605-15612",skeleton_only; equivalents/concentration/addition_order/atmosphere not available,2
CT_025a78f65c6336e5,trifluoroacetimidate,Dichloromethane,3,Sodium bicarbonate,8,-15.0,20.0,1,1,1,1,1,0,1,31-010-CAS-16634873,31-010-CAS-16634873,"ChemBioChem (2013), 14(4), 482-488",skeleton_only; equivalents/concentration/addition_order/atmosphere not available,1
CT_054402f11a21945d,trifluoroacetimidate,Dichloromethane,3,Triethylamine,4,0.0,210.0,1,1,1,1,1,0,1,31-010-CAS-22375200,31-010-CAS-22375200,"Angewandte Chemie, International Edition (2020), 59(32), 13362-13370",skeleton_only; equivalents/concentration/addition_order/atmosphere not available,1
CT_0b7b3505fdabc8d9,trifluoroacetimidate,Dichloromethane,3,Triethylamine,4,25.0,45.0,1,1,1,1,1,0,1,31-010-CAS-137050,31-010-CAS-137050,"Tetrahedron: Asymmetry (2009), 20(6-8), 851-856",skeleton_only; equivalents/concentration/addition_order/atmosphere not available,1
CT_0d108603ac4d4b89,trifluoroacetimidate,Dichloromethane,3,Triethylamine,4,-90.0,180.0,1,1,1,1,1,0,1,31-010-CAS-12184227,31-010-CAS-12184227,"Journal of Carbohydrate Chemistry (2009), 28(1), 1-11",skeleton_only; equivalents/concentration/addition_order/atmosphere not available,1
CT_13c913cf8dedf463,trifluoroacetimidate,Dichloromethane,3,Trimethylsilyl triflate,3,-30.0,60.0,1,1,1,1,1,0,1,31-010-CAS-23513245,31-010-CAS-23513245,"Organic Letters (2020), 22(21), 8349-8353",skeleton_only; equivalents/concentration/addition_order/atmosphere not available,1
CT_150815b025f6c1a8,trifluoroacetimidate,Dichloromethane,3,Triethylamine,4,-70.0,60.0,1,1,1,1,1,0,1,31-013-CAS-9679278,31-013-CAS-9679278,"Science (Washington, DC, United States) (2013), 341(6144), 379-383",skeleton_only; equivalents/concentration/addition_order/atmosphere not available,1
CT_1d60bc032fdad60e,trifluoroacetimidate,Dichloromethane,3,Trimethylsilyl triflate,3,0.0,60.0,1,1,1,1,1,1,0,31-013-CAS-11093804,31-013-CAS-11093804,"Angewandte Chemie, International Edition (2013), 52(28), 7181-7185",skeleton_only; equivalents/concentration/addition_order/atmosphere not available,1
CT_2abbf3c5cb10d749,trifluoroacetimidate,Dichloromethane,3,Sodium bicarbonate,8,-78.0,30.0,1,1,1,1,1,0,1,31-614-CAS-35275413,31-614-CAS-35275413,"Angewandte Chemie, International Edition (2021), 60(46), 24686-24693",skeleton_only; equivalents/concentration/addition_order/atmosphere not available,1
CT_2b763a934fca7664,trifluoroacetimidate,Dichloromethane;Methanol,3;7,Trimethylsilyl triflate,3,25.0,60.0,1,1,1,1,1,0,1,31-010-CAS-12429416,31-010-CAS-12429416,"Chemistry - An Asian Journal (2009), 4(4), 574-580",skeleton_only; equivalents/concentration/addition_order/atmosphere not available,1
CT_2d9c5e6d5fd414e1,trifluoroacetimidate,Dichloromethane,3,Trimethylsilyl triflate,3,25.0,120.0,1,1,1,1,1,1,0,31-013-CAS-13390852,31-013-CAS-13390852,"Bioorganic & Medicinal Chemistry (2015), 23(23), 7439-7447",skeleton_only; equivalents/concentration/addition_order/atmosphere not available,1
CT_39ae896d904951ec,trifluoroacetimidate,Toluene,5,Pyridine,12,100.0,60.0,1,1,1,1,1,1,0,31-010-CAS-6229676,31-010-CAS-6229676,"Angewandte Chemie, International Edition (2013), 52(28), 7181-7185",skeleton_only; equivalents/concentration/addition_order/atmosphere not available,1
CT_3b0338d3f5324850,trifluoroacetimidate,Dichloromethane,3,Triethylamine,4,0.0,30.0,1,1,1,1,1,1,0,31-010-CAS-2299030,31-010-CAS-2299030,"Angewandte Chemie, International Edition (2013), 52(28), 7181-7185",skeleton_only; equivalents/concentration/addition_order/atmosphere not available,1
CT_3bbc68f1ff1c0790,trifluoroacetimidate,Dichloromethane;Diethyl ether,3;4,Ytterbium triflate,40,-30.0,180.0,1,1,1,1,1,1,0,31-013-CAS-15255305,31-013-CAS-15255305,"Synlett (2004), (2), 275-278",skeleton_only; equivalents/concentration/addition_order/atmosphere not available,1
CT_3c6687a2817c4e1d,trifluoroacetimidate,Dichloromethane;Methanol,3;7,Trimethylsilyl triflate,3,0.0,120.0,1,1,1,1,1,1,0,31-013-CAS-4821839,31-013-CAS-4821839,"Bioorganic & Medicinal Chemistry (2015), 23(23), 7439-7447",skeleton_only; equivalents/concentration/addition_order/atmosphere not available,1
CT_3ce9f98e1451aca7,trifluoroacetimidate,Dichloromethane,3,Triethylamine,4,25.0,40.0,1,1,1,1,1,0,1,31-010-CAS-14898210,31-010-CAS-14898210,"Chemistry - A European Journal (2010), 16(44), 13163-13175, S13163/1-S13163/108",skeleton_only; equivalents/concentration/addition_order/atmosphere not available,1
CT_56737322e9d03d74,trifluoroacetimidate,Dichloromethane,3,Sodium bicarbonate,8,-40.0,60.0,1,1,1,1,1,1,0,31-010-CAS-16794672,31-010-CAS-16794672,"Molecules (2016), 21(5), 614/1-614/19",skeleton_only; equivalents/concentration/addition_order/atmosphere not available,1
CT_573af354edf628d0,trifluoroacetimidate,Dichloromethane,3,Trifluoromethanesulfonic acid,6,-78.0,60.0,1,1,1,1,1,0,1,31-010-CAS-23517749,31-010-CAS-23517749,"Organic Letters (2020), 22(21), 8349-8353",skeleton_only; equivalents/concentration/addition_order/atmosphere not available,1
CT_584a5b176774fd68,trifluoroacetimidate,Toluene,5,Pyridine,12,25.0,30.0,1,1,1,1,1,0,1,31-010-CAS-13291590,31-010-CAS-13291590,"Tetrahedron Letters (2009), 50(50), 7051-7054",skeleton_only; equivalents/concentration/addition_order/atmosphere not available,1
CT_64723d69b7986784,trifluoroacetimidate,Dichloromethane,3,Trimethylsilyl triflate,3,-20.0,240.0,1,1,1,1,1,0,1,31-010-CAS-21471841,31-010-CAS-21471841,"Chemistry - A European Journal (2019), 25(71), 16277-16287",skeleton_only; equivalents/concentration/addition_order/atmosphere not available,1
CT_6ab22f701eb4f4e9,trifluoroacetimidate,Dichloromethane;Diethyl ether,3;4,Silylium,33,-78.0,15.0,1,1,1,1,1,0,1,31-013-CAS-12466161,31-013-CAS-12466161,"Chemistry - An Asian Journal (2009), 4(4), 574-580",skeleton_only; equivalents/concentration/addition_order/atmosphere not available,1
CT_6ccde475415e7511,trifluoroacetimidate,Dichloromethane,3,Trifluoroacetic acid,17,0.0,10.0,1,1,1,1,1,1,0,31-614-CAS-41495780,31-614-CAS-41495780,"Organic Letters (2023), 25(23), 4400-4405",skeleton_only; equivalents/concentration/addition_order/atmosphere not available,1
CT_7af93e3a497263ad,trifluoroacetimidate,Dichloromethane,3,Trimethylsilyl triflate,3,-78.0,150.0,1,1,1,1,1,0,1,31-010-CAS-19429741,31-010-CAS-19429741,"Chemistry - An Asian Journal (2018), 13(12), 1544-1551",skeleton_only; equivalents/concentration/addition_order/atmosphere not available,1
CT_7d91e61a303d5e25,trifluoroacetimidate,Dichloromethane,3,Triethylamine,4,18.0,100.0,1,1,1,1,1,1,0,31-614-CAS-36324798,31-614-CAS-36324798,"Organic Letters (2022), 24(19), 3461-3465",skeleton_only; equivalents/concentration/addition_order/atmosphere not available,1
CT_859b9ce8f323e98e,trifluoroacetimidate,Dichloromethane,3,Trimethylsilyl triflate,3,-5.0,120.0,1,1,1,1,1,0,1,31-010-CAS-21471849,31-010-CAS-21471849,"Chemistry - A European Journal (2019), 25(71), 16277-16287",skeleton_only; equivalents/concentration/addition_order/atmosphere not available,1
CT_91f56d32508f2c19,trifluoroacetimidate,Dichloromethane,3,Trimethylsilyl triflate,3,0.0,180.0,1,1,1,1,1,1,0,31-013-CAS-6013588,31-013-CAS-6013588,"Bioorganic & Medicinal Chemistry (2015), 23(23), 7439-7447",skeleton_only; equivalents/concentration/addition_order/atmosphere not available,1
CT_a0b0e56b65e24ecf,trifluoroacetimidate,Dichloromethane;Methanol,3;7,Potassium carbonate,27,0.0,30.0,1,1,1,1,1,0,1,31-010-CAS-927587,31-010-CAS-927587,"European Journal of Organic Chemistry (2012), 2012(26), 5054-5068, S5054/1-S5054/12",skeleton_only; equivalents/concentration/addition_order/atmosphere not available,1
CT_a2cb0d5ffa3c89e4,trifluoroacetimidate,Dichloromethane;Methanol,3;7,Triethylamine,4,25.0,30.0,1,1,1,1,1,0,1,31-614-CAS-41430052,31-614-CAS-41430052,"Chemistry - A European Journal (2023), 29(30), e202300437",skeleton_only; equivalents/concentration/addition_order/atmosphere not available,1
CT_a34f7e9ca8c98562,trifluoroacetimidate,Dichloromethane,3,Sodium bicarbonate,8,-78.0,90.0,1,1,1,1,1,0,1,31-010-CAS-14362216,31-010-CAS-14362216,"Journal of Organic Chemistry (2011), 76(13), 5229-5239",skeleton_only; equivalents/concentration/addition_order/atmosphere not available,1
CT_b92e268bf17035ed,trifluoroacetimidate,Dichloromethane,3,Sodium bicarbonate,8,0.0,30.0,1,1,1,1,1,0,1,31-614-CAS-35275420,31-614-CAS-35275420,"Angewandte Chemie, International Edition (2021), 60(46), 24686-24693",skeleton_only; equivalents/concentration/addition_order/atmosphere not available,1
CT_d842d8adce262bef,trifluoroacetimidate,Dichloromethane,3,Triethylamine,4,-15.0,90.0,1,1,1,1,1,0,1,31-010-CAS-11999440,31-010-CAS-11999440,"Organic Letters (2007), 9(9), 1777-1779",skeleton_only; equivalents/concentration/addition_order/atmosphere not available,1
CT_dc14dc9842c65e0d,trifluoroacetimidate,Dichloromethane,3,Trimethylsilyl triflate,3,-7.0,60.0,1,1,1,1,1,0,1,31-614-CAS-40997648,31-614-CAS-40997648,"World Intellectual Property Organization, WO2024053574 A1 2024-03-14",skeleton_only; equivalents/concentration/addition_order/atmosphere not available,1
CT_e7953e523cdc087c,trifluoroacetimidate,Dichloromethane;Toluene,3;5,Diisopropylethylamine,31,25.0,60.0,1,1,1,1,1,1,0,31-010-CAS-4299451,31-010-CAS-4299451,"Carbohydrate Research (2012), 360, 56-68",skeleton_only; equivalents/concentration/addition_order/atmosphere not available,1
CT_e810614423787f1d,trifluoroacetimidate,Dichloromethane,3,Trimethylsilyl triflate,3,-15.0,30.0,1,1,1,1,1,0,1,31-010-CAS-16753631,31-010-CAS-16753631,"Chemistry Letters (2014), 43(9), 1461-1463",skeleton_only; equivalents/concentration/addition_order/atmosphere not available,1
CT_e95a1a57651623db,trifluoroacetimidate,Dichloromethane,3,Trimethylsilyl triflate,3,0.0,120.0,1,1,1,1,1,0,1,31-010-CAS-21471846,31-010-CAS-21471846,"Chemistry - A European Journal (2019), 25(71), 16277-16287",skeleton_only; equivalents/concentration/addition_order/atmosphere not available,1
CT_ebbf9527a081418f,trifluoroacetimidate,Dichloromethane,3,Trimethylsilyl triflate,3,25.0,10.0,1,1,1,1,1,1,0,31-614-CAS-41495813,31-614-CAS-41495813,"Organic Letters (2023), 25(23), 4400-4405",skeleton_only; equivalents/concentration/addition_order/atmosphere not available,1
CT_ec5108f226d482a6,trifluoroacetimidate,Dichloromethane,3,Trifluoromethanesulfonic acid,6,25.0,30.0,1,1,1,1,1,0,1,31-010-CAS-19947216,31-010-CAS-19947216,"Journal of the American Chemical Society (2018), 140(49), 17079-17085",skeleton_only; equivalents/concentration/addition_order/atmosphere not available,1
CT_eecb386f7c21c475,trifluoroacetimidate,Dichloromethane,3,Sodium bicarbonate,8,-20.0,40.0,1,1,1,1,1,0,1,31-010-CAS-16604921,31-010-CAS-16604921,"Chemistry - An Asian Journal (2017), 12(1), 27-30",skeleton_only; equivalents/concentration/addition_order/atmosphere not available,1
CT_fc7b6cfbda90f22f,trifluoroacetimidate,Dichloroethane,9,Trimethylsilyl triflate,3,25.0,30.0,1,1,1,1,1,0,1,31-010-CAS-6047664,31-010-CAS-6047664,"Organic Letters (2014), 16(18), 4892-4895",skeleton_only; equivalents/concentration/addition_order/atmosphere not available,1
CT_feeb9ccec9e75e2d,trifluoroacetimidate,Toluene,5,Pyridine,12,25.0,180.0,1,1,1,1,1,1,0,31-013-CAS-10768347,31-013-CAS-10768347,"Angewandte Chemie, International Edition (2013), 52(28), 7181-7185",skeleton_only; equivalents/concentration/addition_order/atmosphere not available,1
