Structural_Group_ID,Structural_Group_SHA256,Representative_Parent_ID,Representative_Reaction_ID,All_Parent_IDs,All_Parent_Reaction_IDs,Duplicate_Count,Donor_Canonical_SMILES,Original_Acceptor_Canonical_SMILES,O4_Acetylated_Acceptor_Canonical_SMILES,Donor_Type,Original_Target_C4_Index,Original_Target_O4_Index,Generated_Target_C4_Index,Generated_Target_O4_Index
SG-00c3ca63b2a53e8d,00c3ca63b2a53e8d9384683ea35e5b54215fc0c43d32afec557cd32874bf0902,586,31-010-CAS-19655310,586,31-010-CAS-19655310,1,O=C(O[C@H]1C(OC(=Nc2ccccc2)C(F)(F)F)O[C@@H]2CO[C@@H](c3ccccc3)O[C@H]2[C@@H]1OCc1ccccc1)c1ccccc1,C=CCO[C@H]1O[C@H](CO[Si](c2ccccc2)(c2ccccc2)C(C)(C)C)[C@@H](O)[C@H](OCc2ccccc2)[C@H]1NC(C)=O,C=CCO[C@H]1O[C@H](CO[Si](c2ccccc2)(c2ccccc2)C(C)(C)C)[C@@H](OC(C)=O)[C@H](OCc2ccccc2)[C@H]1NC(C)=O,trifluoroacetimidate,26,27,26,27
SG-00cd7255d946cf9e,00cd7255d946cf9ec1c75d8b5fa562b08ce7fbe5dd4fac4c6ebb9593447c206f,271,31-010-CAS-7037988,271,31-010-CAS-7037988,1,CC(=O)OC[C@H]1OC(OC(=N)C(Cl)(Cl)Cl)[C@H](OC(C)=O)[C@@H](OC(C)=O)[C@H]1OC(C)=O,CC(C)(C)[Si](C)(C)OC[C@H]1O[C@@H](OCCN=[N+]=[N-])[C@H](N2C(=O)c3ccccc3C2=O)[C@@H](O)[C@@H]1O,CC(=O)O[C@H]1[C@H](O)[C@@H](N2C(=O)c3ccccc3C2=O)[C@H](OCCN=[N+]=[N-])O[C@@H]1CO[Si](C)(C)C(C)(C)C,trichloroacetimidate,32,33,4,3
SG-0159f49e2019cc12,0159f49e2019cc12e1587b69e1fbc85cd17ad3681d86db5f0adb9471ee2311ba,1293,31-614-CAS-34956360,1293,31-614-CAS-34956360,1,Cc1ccc(S[C@@H]2O[C@@H]3CO[C@H](c4ccccc4)O[C@@H]3[C@H](OC(=O)c3ccccc3)[C@H]2OC(=O)c2ccccc2)cc1,CC(C)(C)[Si](OC[C@H]1O[C@@H](OCCCN=[N+]=[N-])[C@H](N2C(=O)c3ccccc3C2=O)[C@@H](O)[C@@H]1O)(c1ccccc1)c1ccccc1,CC(=O)O[C@H]1[C@H](O)[C@@H](N2C(=O)c3ccccc3C2=O)[C@H](OCCCN=[N+]=[N-])O[C@@H]1CO[Si](c1ccccc1)(c1ccccc1)C(C)(C)C,thioglycoside,31,32,4,3
SG-0167cd51c7e26ed5,0167cd51c7e26ed55febbc717654462501ae2d6f56ed167dcfc24b53e78b913f,469,31-010-CAS-10298862,469,31-010-CAS-10298862,1,CC(=O)CCC(=O)O[C@H]1[C@@H](OC(=N)C(Cl)(Cl)Cl)O[C@H](C(=O)OCc2ccccc2)[C@@H](O[C@H]2O[C@H](COC(C)=O)[C@@H](OCc3ccccc3)[C@H](OCc3ccccc3)[C@H]2N=[N+]=[N-])[C@@H]1OCc1ccccc1,CC(=O)O[C@H]1[C@H](O)[C@H]2CO[C@H](O2)[C@@H]1N=[N+]=[N-],CC(=O)O[C@@H]1[C@@H](N=[N+]=[N-])[C@@H]2OC[C@@H](O2)[C@H]1OC(C)=O,trichloroacetimidate,5,6,14,15
SG-01743178128e5f28,01743178128e5f2805a0008793af3ae56e205ed029c81ee66cd0f5c6063a3f9c,449,31-010-CAS-16614014,449,31-010-CAS-16614014,1,COC(=O)[C@@]1(O[C@H]2[C@@H](OC(C)=O)[C@@H](COC(=O)c3ccccc3)OC(OC(=N)C(Cl)(Cl)Cl)[C@@H]2OC(=O)c2ccccc2)C[C@H](OC(C)=O)[C@@H](NC(C)=O)[C@H]([C@H](OC(C)=O)[C@@H](COC(C)=O)OC(C)=O)O1,COC(=O)[C@@]1(OC[C@H]2O[C@@H](O[C@H]3[C@H](OCc4ccccc4)[C@@H](NC(C)=O)[C@H](OC[C@H]4O[C@@H](OCC[Si](C)(C)C)[C@H](OC(=O)c5ccccc5)[C@@H](O[C@@H]5O[C@H](COCc6ccccc6)[C@@H](O)[C@H](OCc6ccccc6)[C@H]5NC(C)=O)[C@H]4OC(C)=O)O[C@@H]3COCc3ccccc3)[C@H](OC(=O)c3ccccc3)[C@@H](OC(=O)c3ccccc3)[C@H]2OC(C)=O)C[C@H](OC(C)=O)[C@@H](NC(C)=O)[C@H]([C@H](OC(C)=O)[C@@H](COC(C)=O)OC(C)=O)O1,COC(=O)[C@@]1(OC[C@H]2O[C@@H](O[C@H]3[C@H](OCc4ccccc4)[C@@H](NC(C)=O)[C@H](OC[C@H]4O[C@@H](OCC[Si](C)(C)C)[C@H](OC(=O)c5ccccc5)[C@@H](O[C@@H]5O[C@H](COCc6ccccc6)[C@@H](OC(C)=O)[C@H](OCc6ccccc6)[C@H]5NC(C)=O)[C@H]4OC(C)=O)O[C@@H]3COCc3ccccc3)[C@H](OC(=O)c3ccccc3)[C@@H](OC(=O)c3ccccc3)[C@H]2OC(C)=O)C[C@H](OC(C)=O)[C@@H](NC(C)=O)[C@H]([C@H](OC(C)=O)[C@@H](COC(C)=O)OC(C)=O)O1,trichloroacetimidate,63,64,63,64
SG-0185dd7456de289a,0185dd7456de289a79f951cd71a22e5b0a36deeb32041dbff2adc1cf00d70124,860,31-013-CAS-8306668,860,31-013-CAS-8306668,1,C[C@@H]1O[C@@H](Sc2ccccc2)[C@H](O[Si](C)(C)C(C)(C)C)[C@H](O[Si](C)(C)C(C)(C)C)[C@H]1O[Si](C)(C)C(C)(C)C,CC(=O)N[C@H]1[C@H](OCc2ccccc2)O[C@H](COCc2ccccc2)[C@@H](O)[C@@H]1OC(C)=O,CC(=O)N[C@H]1[C@H](OCc2ccccc2)O[C@H](COCc2ccccc2)[C@@H](OC(C)=O)[C@@H]1OC(C)=O,thioglycoside,25,26,25,26
SG-0189acadb078d3e2,0189acadb078d3e2fda66064facdfe460243fce8791f8cb64d169c6f23ac5d95,1489,31-013-CAS-12313595,1489,31-013-CAS-12313595,1,Cc1ccc(S[C@@H]2O[C@H](COCc3ccccc3)[C@@H](O[C@@H]3O[C@H](COCc4ccccc4)[C@@H](O[Si](C)(C)C(C)(C)C)[C@H](OCc4ccccc4)[C@H]3N3C(=O)c4ccccc4C3=O)[C@H](O)[C@H]2N2C(=O)c3ccccc3C2=O)cc1,Cc1ccc(S[C@@H]2O[C@H](COCc3ccccc3)[C@@H](O[C@@H]3O[C@H](COCc4ccccc4)[C@@H](O)[C@H](OCc4ccccc4)[C@H]3N3C(=O)c4ccccc4C3=O)[C@H](OC(=O)CCl)[C@H]2N2C(=O)c3ccccc3C2=O)cc1,CC(=O)O[C@H]1[C@H](OCc2ccccc2)[C@@H](N2C(=O)c3ccccc3C2=O)[C@H](O[C@H]2[C@H](OC(=O)CCl)[C@@H](N3C(=O)c4ccccc4C3=O)[C@H](Sc3ccc(C)cc3)O[C@@H]2COCc2ccccc2)O[C@@H]1COCc1ccccc1,thioglycoside,32,33,4,3
SG-01c942701ec92327,01c942701ec92327c59d3597b2c87804507b4ffa75def8d2ec2250993853c005,442,31-010-CAS-3951292,442,31-010-CAS-3951292,1,CC(=O)CCC(=O)OC[C@@H]1OC(OC(=N)C(Cl)(Cl)Cl)[C@H](OC(=O)c2ccccc2)[C@@H](OCc2ccccc2)[C@@H]1O[C@H]1O[C@H](COC(=O)c2ccccc2)[C@@H](OCc2ccc3ccccc3c2)[C@H](OCc2ccccc2)[C@H]1N=[N+]=[N-],CO[C@H]1O[C@H](COC(=O)c2ccccc2)[C@@H](O[C@@H]2O[C@@H](COC(=O)CCC(C)=O)[C@@H](O[C@H]3O[C@H](COC(=O)c4ccccc4)[C@@H](O[C@@H]4O[C@@H](COC(=O)CCC(C)=O)[C@@H](O[C@H]5O[C@H](COC(=O)c6ccccc6)[C@@H](O)[C@H](OCc6ccccc6)[C@H]5N=[N+]=[N-])[C@H](OCc5ccccc5)[C@H]4OC(=O)c4ccccc4)[C@H](OCc4ccccc4)[C@H]3N=[N+]=[N-])[C@H](OCc3ccccc3)[C@H]2OC(=O)c2ccccc2)[C@H](OCc2ccccc2)[C@H]1N=[N+]=[N-],CO[C@H]1O[C@H](COC(=O)c2ccccc2)[C@@H](O[C@@H]2O[C@@H](COC(=O)CCC(C)=O)[C@@H](O[C@H]3O[C@H](COC(=O)c4ccccc4)[C@@H](O[C@@H]4O[C@@H](COC(=O)CCC(C)=O)[C@@H](O[C@H]5O[C@H](COC(=O)c6ccccc6)[C@@H](OC(C)=O)[C@H](OCc6ccccc6)[C@H]5N=[N+]=[N-])[C@H](OCc5ccccc5)[C@H]4OC(=O)c4ccccc4)[C@H](OCc4ccccc4)[C@H]3N=[N+]=[N-])[C@H](OCc3ccccc3)[C@H]2OC(=O)c2ccccc2)[C@H](OCc2ccccc2)[C@H]1N=[N+]=[N-],trichloroacetimidate,73,74,73,74
SG-02268520dbaebf70,02268520dbaebf70dd1a3d6b97cc4d10197a3886fa3536c5897701a52306fcb1,1232,31-013-CAS-18353674,1232,31-013-CAS-18353674,1,Cc1ccc(S[C@@H]2O[C@@H]3CO[C@H](c4ccccc4)O[C@@H]3[C@H](OCc3ccccc3)[C@H]2OC(=O)c2ccccc2)cc1,Cc1ccc(S[C@@H]2O[C@H](COCc3ccccc3)[C@@H](O)[C@H](O)[C@H]2N2C(=O)c3ccccc3C2=O)cc1,CC(=O)O[C@H]1[C@H](O)[C@@H](N2C(=O)c3ccccc3C2=O)[C@H](Sc2ccc(C)cc2)O[C@@H]1COCc1ccccc1,thioglycoside,18,19,4,3
SG-0230682ae8818933,0230682ae8818933f835a9b33192b6b413175515e29b28280b4f8d0d9208814b,502,31-010-CAS-16631938,502,31-010-CAS-16631938,1,C[C@@H]1O[C@@H](OC(=N)C(Cl)(Cl)Cl)[C@@H](OCc2ccccc2)[C@H](OCc2ccccc2)[C@@H]1O[C@@H]1O[C@H](COC(=O)c2ccccc2)[C@@H](OC(=O)c2ccccc2)[C@H](OC(=O)c2ccccc2)[C@H]1OC(=O)c1ccccc1,CCS[C@@H]1O[C@H](COCc2ccccc2)[C@@H](O)[C@H](OC(C)=O)[C@H]1N1C(=O)c2ccccc2C1=O,CCS[C@@H]1O[C@H](COCc2ccccc2)[C@@H](OC(C)=O)[C@H](OC(C)=O)[C@H]1N1C(=O)c2ccccc2C1=O,trichloroacetimidate,15,16,15,16
SG-0266e45e27e7a962,0266e45e27e7a962b19fef87068d7ef3b4f90f59c7bc474da0d9e26edee7cbea,935,31-013-CAS-9419983,935,31-013-CAS-9419983,1,CCS[C@H]1O[C@@H](C)[C@H](OCc2ccccc2)[C@@H](OCc2ccccc2)[C@H]1OCc1ccccc1,COC(C)=N[C@H]1[C@H](OC)O[C@H](COCc2ccccc2)[C@@H](O)[C@@H]1O[C@@H]1O[C@H](COC(C)=O)[C@H](OC(C)=O)[C@H](OC(C)=O)[C@H]1OC(C)=O,COC(C)=N[C@H]1[C@H](OC)O[C@H](COCc2ccccc2)[C@@H](OC(C)=O)[C@@H]1O[C@@H]1O[C@H](COC(C)=O)[C@H](OC(C)=O)[C@H](OC(C)=O)[C@H]1OC(C)=O,thioglycoside,20,21,20,21
SG-0357af6b7a211992,0357af6b7a2119920b7961a4d6a42efbcabd92728d2db883e8a0033113184393,1302,31-013-CAS-21359712,1302;1303,31-013-CAS-21359712;31-013-CAS-6321258,2,C=CCO[C@@H]1[C@@H](N=[N+]=[N-])[C@@H](O[C@H]2[C@H](OCc3ccccc3)[C@@H](OC(=O)c3ccccc3)[C@@H](Sc3ccc(C)cc3)O[C@H]2COc2ccc(OC)cc2)O[C@H](COC(=O)c2ccccc2)[C@H]1OC(=O)CCC(C)=O,CO[C@H]1O[C@H](COC(=O)c2ccccc2)[C@@H](O)[C@H](OCc2ccccc2)[C@H]1NC=C1C(=O)N(C)C(=O)N(C)C1=O,CO[C@H]1O[C@H](COC(=O)c2ccccc2)[C@@H](OC(C)=O)[C@H](OCc2ccccc2)[C@H]1NC=C1C(=O)N(C)C(=O)N(C)C1=O,thioglycoside,15,16,15,16
SG-03755376a2189f4a,03755376a2189f4ac5e508e4d4fb46682be2a6cf6b075436ef323d95fec0fd9e,1168,31-013-CAS-3171404,1168,31-013-CAS-3171404,1,CC(=O)N1C(=O)O[C@H]2[C@@H](O[Si](C)(C)C(C)(C)C)[C@@H](COCc3ccccc3)O[C@H](Sc3ccc(C)cc3)[C@@H]21,CO[C@H]1O[C@H](COCc2ccccc2)[C@H](O[C@H]2O[C@H](COCc3ccccc3)[C@H](O)[C@@H]3OC(=O)N(C(C)=O)[C@@H]23)[C@@H]2OC(=O)N(C(C)=O)[C@@H]12,CO[C@H]1O[C@H](COCc2ccccc2)[C@H](O[C@H]2O[C@H](COCc3ccccc3)[C@H](OC(C)=O)[C@@H]3OC(=O)N(C(C)=O)[C@@H]23)[C@@H]2OC(=O)N(C(C)=O)[C@@H]12,thioglycoside,28,29,28,29
SG-03891ccbb7c0a44b,03891ccbb7c0a44b99f3ce55fd1176ce8737d3e1471f1f9128d10eb86de8cf26,1520,31-614-CAS-30618647,1520,31-614-CAS-30618647,1,CC(C)(C)[Si](C)(C)O[C@H]1[C@H](OCc2ccccc2)[C@@H](N2C(=O)c3c(Cl)c(Cl)c(Cl)c(Cl)c3C2=O)[C@H](S(=O)c2ccccc2)O[C@@H]1COCc1ccccc1,O=C1c2c(Cl)c(Cl)c(Cl)c(Cl)c2C(=O)N1[C@@H]1[C@@H](O)[C@H](O)[C@@H](COCc2ccccc2)O[C@H]1Sc1ccccc1,CC(=O)O[C@H]1[C@H](O)[C@@H](N2C(=O)c3c(Cl)c(Cl)c(Cl)c(Cl)c3C2=O)[C@H](Sc2ccccc2)O[C@@H]1COCc1ccccc1,thioglycoside,18,19,4,3
SG-03a38ec6bf2e0eaf,03a38ec6bf2e0eaf67fc6776fb20cf0e089c2ed89ea1f4fe47f138bfcaa2aad8,498,31-010-CAS-477008,498,31-010-CAS-477008,1,CC(=O)OC[C@H]1O[C@@H](O[C@H]2[C@H](OCc3ccccc3)[C@@H](N3C(=O)c4ccccc4C3=O)[C@H](OC(=N)C(Cl)(Cl)Cl)O[C@@H]2COCc2ccccc2)[C@@H](OCc2ccccc2)[C@@H](OC(C)=O)[C@@H]1OCc1ccccc1,CC(C)(C)[Si](OC[C@H]1O[C@@H](N=[N+]=[N-])[C@H](N2C(=O)c3ccccc3C2=O)[C@@H](OCc2ccccc2)[C@@H]1O)(c1ccccc1)c1ccccc1,CC(=O)O[C@H]1[C@H](OCc2ccccc2)[C@@H](N2C(=O)c3ccccc3C2=O)[C@H](N=[N+]=[N-])O[C@@H]1CO[Si](c1ccccc1)(c1ccccc1)C(C)(C)C,trichloroacetimidate,34,35,4,3
SG-03d0a36dc2ea3a45,03d0a36dc2ea3a45bc008bc2d5d243c7fc32e6dfe3d9463b943fe0159376ffaf,1227,31-614-CAS-32798129,1227,31-614-CAS-32798129,1,CC(=O)O[C@H]1[C@@H](OC(C)=O)[C@@H](CO[Si](c2ccccc2)(c2ccccc2)C(C)(C)C)O[C@@H](Sc2ccc(C)cc2)[C@@H]1OC(C)=O,[N-]=[N+]=NCCCO[C@@H]1O[C@H](COCc2ccccc2)[C@@H](O)[C@H](O)[C@H]1N1C(=O)c2ccccc2C1=O,CC(=O)O[C@H]1[C@H](O)[C@@H](N2C(=O)c3ccccc3C2=O)[C@H](OCCCN=[N+]=[N-])O[C@@H]1COCc1ccccc1,thioglycoside,19,20,4,3
SG-041c3bf58648272f,041c3bf58648272f2d76323ef6cfe5430380fff2fe2035b18869b95c995a62fe,867,31-353-CAS-5905808,867,31-353-CAS-5905808,1,O=S(c1ccccc1)[C@H]1O[C@@H]2CO[C@@H](c3ccccc3)O[C@H]2[C@H](OCc2ccccc2)[C@@H]1OCc1ccccc1,CO[C@H]1O[C@H](COCc2ccccc2)[C@@H](O)[C@H](OCc2ccccc2)[C@H]1N(C(C)=O)C(C)=O,CO[C@H]1O[C@H](COCc2ccccc2)[C@@H](OC(C)=O)[C@H](OCc2ccccc2)[C@H]1N(C(C)=O)C(C)=O,thioglycoside,14,15,14,15
SG-044ddac6fbc11bfd,044ddac6fbc11bfd7b041c8c8c12de49c7a9542660ca8d43fbb455ead152ad68,418,31-010-CAS-7849619,418,31-010-CAS-7849619,1,COC(=O)[C@@]1(O[C@H]2[C@@H](O[C@@H]3O[C@H](COC(=O)c4ccccc4)[C@H](OC(C)=O)[C@H](OC(C)=O)[C@H]3NC(C)=O)[C@@H](COC(=O)c3ccccc3)OC(OC(=N)C(Cl)(Cl)Cl)[C@@H]2OC(=O)c2ccccc2)C[C@H](OC(C)=O)[C@@H](NC(C)=O)[C@H]([C@H](OC(C)=O)[C@@H](COC(C)=O)OC(C)=O)O1,CC(=O)N[C@H]1[C@H](O[C@@H]2[C@H](O[C@@H]3O[C@H](COCc4ccccc4)[C@@H](O)[C@H](OCc4ccccc4)[C@H]3NC(C)=O)[C@@H](OCc3ccccc3)[C@H](O[C@H]3[C@H](OCc4ccccc4)[C@@H](OCc4ccccc4)[C@H](OCC[Si](C)(C)C)O[C@@H]3COCc3ccccc3)O[C@@H]2COCc2ccccc2)O[C@H](COC(C)=O)[C@H](OC(C)=O)[C@@H]1O[C@@H]1O[C@H](COCc2ccccc2)[C@H](OCc2ccccc2)[C@H](OCc2ccccc2)[C@H]1OC(=O)c1ccccc1,CC(=O)N[C@H]1[C@H](O[C@@H]2[C@H](O[C@@H]3O[C@H](COCc4ccccc4)[C@@H](OC(C)=O)[C@H](OCc4ccccc4)[C@H]3NC(C)=O)[C@@H](OCc3ccccc3)[C@H](O[C@H]3[C@H](OCc4ccccc4)[C@@H](OCc4ccccc4)[C@H](OCC[Si](C)(C)C)O[C@@H]3COCc3ccccc3)O[C@@H]2COCc2ccccc2)O[C@H](COC(C)=O)[C@H](OC(C)=O)[C@@H]1O[C@@H]1O[C@H](COCc2ccccc2)[C@H](OCc2ccccc2)[C@H](OCc2ccccc2)[C@H]1OC(=O)c1ccccc1,trichloroacetimidate,22,23,22,23
SG-045c626ddf757f16,045c626ddf757f16b57218a39dd16a8f3d61d0644f53e223fb5ba44d597430bf,328,31-010-CAS-5353694,328,31-010-CAS-5353694,1,CC(=O)OC[C@H]1O[C@H](OC(=N)C(Cl)(Cl)Cl)[C@H](NC(=O)OCc2ccccc2)[C@H](OC(C)=O)[C@@H]1OC(C)=O,CC(=O)O[C@@H]1[C@H](O)[C@@H](COCc2ccccc2)O[C@@H](O[C@H]2[C@H](O)[C@H]3N=C(N(C)C)O[C@H]3[C@@H]2COCc2ccccc2)[C@@H]1NC(=O)OCc1ccccc1,CC(=O)O[C@H]1[C@@H](NC(=O)OCc2ccccc2)[C@H](O[C@H]2[C@H](O)[C@H]3N=C(N(C)C)O[C@H]3[C@@H]2COCc2ccccc2)O[C@H](COCc2ccccc2)[C@H]1OC(C)=O,trichloroacetimidate,5,6,51,52
SG-047b3cf7b01b2233,047b3cf7b01b22338c003c50be297a2ed35cdae47ac747e53f34161dff32ea97,841,31-013-CAS-12570626,841;842;843,31-013-CAS-12570626;31-013-CAS-3447636;31-013-CAS-1313681,3,CC(=O)CCC(=O)O[C@H]1[C@H](OCc2ccccc2)[C@@H](OC(=O)c2ccccc2)[C@H](Sc2ccc(C)cc2)O[C@@H]1CO[Si](c1ccccc1)(c1ccccc1)C(C)(C)C,CC(=O)OC[C@H]1O[C@@H](Sc2ccc(C)cc2)[C@H](N=[N+]=[N-])[C@@H](OCc2ccccc2)[C@@H]1O,CC(=O)OC[C@H]1O[C@@H](Sc2ccc(C)cc2)[C@H](N=[N+]=[N-])[C@@H](OCc2ccccc2)[C@@H]1OC(C)=O,thioglycoside,29,30,29,30
SG-04a5cb6c2cddc590,04a5cb6c2cddc5907e8493cb000c73703ed717b3993785f9edc5198fcd3714a7,1447,31-013-CAS-13320268,1447,31-013-CAS-13320268,1,CC(C)[Si](C#CCO[C@H]1[C@H](OCc2ccccc2)[C@@H](N2C(=O)c3ccccc3C2=O)[C@H](Sc2ccccc2)O[C@@H]1COCc1ccccc1)(C(C)C)C(C)C,[N-]=[N+]=N[C@@H]1O[C@H](COCc2ccccc2)[C@@H](O)[C@H](OCc2ccccc2)[C@H]1N1C(=O)c2ccccc2C1=O,CC(=O)O[C@H]1[C@H](OCc2ccccc2)[C@@H](N2C(=O)c3ccccc3C2=O)[C@H](N=[N+]=[N-])O[C@@H]1COCc1ccccc1,thioglycoside,15,16,4,3
SG-04eff9761116c2a9,04eff9761116c2a9d449671970e98f17908e78b96c09d0c7d93b523fb5801772,1279,31-013-CAS-16396098,1279,31-013-CAS-16396098,1,CCS[C@@H]1O[C@H](COCc2ccccc2)[C@@H](OC(=O)CCl)[C@H](OCc2ccccc2)[C@H]1N1C(=O)c2ccccc2C1=O,COc1ccc(O[C@@H]2O[C@H](COCc3ccccc3)[C@@H](O)[C@H](OCc3ccccc3)[C@H]2N2C(=O)c3ccccc3C2=O)cc1,COc1ccc(O[C@@H]2O[C@H](COCc3ccccc3)[C@@H](OC(C)=O)[C@H](OCc3ccccc3)[C@H]2N2C(=O)c3ccccc3C2=O)cc1,thioglycoside,19,20,19,20
SG-04f76ec612982dbf,04f76ec612982dbf318b7a84463ac717fb29cd1e12852dcb739d25050948d8f1,1506,31-013-CAS-19117130,1506,31-013-CAS-19117130,1,COc1ccc(COC[C@H]2O[C@@H](Sc3ccc(C)cc3)[C@H](OC(=O)CCl)[C@@H](OCc3ccccc3)[C@@H]2OC(C)=O)cc1,CC(=O)OC[C@H]1O[C@@H](O[C@H]2[C@H](OC(C)=O)[C@@H](N3C(=O)c4ccccc4C3=O)[C@H](N=[N+]=[N-])O[C@@H]2COC(C)=O)[C@H](N2C(=O)c3ccccc3C2=O)[C@@H](OC(C)=O)[C@@H]1O,CC(=O)OC[C@H]1O[C@@H](N=[N+]=[N-])[C@H](N2C(=O)c3ccccc3C2=O)[C@@H](OC(C)=O)[C@@H]1O[C@@H]1O[C@H](COC(C)=O)[C@@H](OC(C)=O)[C@H](OC(C)=O)[C@H]1N1C(=O)c2ccccc2C1=O,thioglycoside,55,56,38,39
SG-05061538f21b6625,05061538f21b6625956d7d5a0e77394fb7a08023e3d0bfd42dade09de57efbcf,223,31-010-CAS-634162,223,31-010-CAS-634162,1,COC(=O)[C@@H]1OC(OC(=N)C(Cl)(Cl)Cl)[C@H](OC(=O)CCC(C)=O)[C@@H](OCc2ccccc2)[C@@H]1OCc1ccccc1,CC(C)(C)[Si](C)(C)O[C@@H]1O[C@H](COCc2ccccc2)[C@@H](O)[C@H](OCc2ccccc2)[C@H]1N=[N+]=[N-],CC(=O)O[C@H]1[C@H](OCc2ccccc2)[C@@H](N=[N+]=[N-])[C@H](O[Si](C)(C)C(C)(C)C)O[C@@H]1COCc1ccccc1,trichloroacetimidate,20,21,4,3
SG-0509739d52a91084,0509739d52a910840eb2b44be7218c009ed6a36b263c87ab75427119e512c354,1362,31-013-CAS-6854088,1362,31-013-CAS-6854088,1,Cc1ccc(S[C@@H]2O[C@@H]3CO[C@@H](c4ccccc4)O[C@H]3[C@H](OCc3ccccc3)[C@H]2N2C(=O)c3ccccc3C2=O)cc1,Cc1ccc(S[C@@H]2O[C@H](COCc3ccccc3)[C@@H](O)[C@H](OCc3ccccc3)[C@H]2N2C(=O)c3ccccc3C2=O)cc1,CC(=O)O[C@H]1[C@H](OCc2ccccc2)[C@@H](N2C(=O)c3ccccc3C2=O)[C@H](Sc2ccc(C)cc2)O[C@@H]1COCc1ccccc1,thioglycoside,18,19,4,3
SG-05251549cea2ba4d,05251549cea2ba4d3a01f632ace74ae8a07a6b242e7b303c1dfdab13e7c6b650,1478,31-013-CAS-5019079,1478,31-013-CAS-5019079,1,COC(=O)[C@@]1(O[C@H]2[C@@H](OC(=O)c3ccccc3)[C@@H](COC(=O)c3ccccc3)O[C@@H](SC)[C@@H]2OC(=O)c2ccccc2)C[C@H](OC(C)=O)[C@@H](NC(C)=O)[C@H]([C@H](OC(C)=O)[C@@H](COC(C)=O)OC(C)=O)O1,CCCCCCCCCCCCCCCC(=O)N[C@H]1[C@H](O[C@H]2[C@@H](OCc3ccccc3)[C@@H](COCc3ccccc3)O[C@@H](O[C@H]3[C@H](OCc4ccccc4)[C@@H](OCc4ccccc4)[C@H](OCC[Si](C)(C)C)O[C@@H]3COCc3ccccc3)[C@@H]2OCc2ccccc2)O[C@H](COCc2ccccc2)[C@@H](O)[C@@H]1OCc1ccccc1,CCCCCCCCCCCCCCCC(=O)N[C@H]1[C@H](O[C@H]2[C@@H](OCc3ccccc3)[C@@H](COCc3ccccc3)O[C@@H](O[C@H]3[C@H](OCc4ccccc4)[C@@H](OCc4ccccc4)[C@H](OCC[Si](C)(C)C)O[C@@H]3COCc3ccccc3)[C@@H]2OCc2ccccc2)O[C@H](COCc2ccccc2)[C@@H](OC(C)=O)[C@@H]1OCc1ccccc1,thioglycoside,102,103,102,103
SG-055c43a59c9cc8f5,055c43a59c9cc8f50c15bfad2075bf7b536be416496f1b346e1b722312d2313b,299,31-010-CAS-13182905,299,31-010-CAS-13182905,1,CC(=O)O[C@H]1[C@@H](OC(=N)C(Cl)(Cl)Cl)O[C@@H](C(N)=O)[C@@H](OC2CCCCO2)[C@@H]1OCc1ccccc1,[N-]=[N+]=N[C@@H]1[C@@H](OCc2ccccc2)[C@H](O)[C@@H](COCc2ccccc2)O[C@H]1Sc1ccccc1,CC(=O)O[C@H]1[C@H](OCc2ccccc2)[C@@H](N=[N+]=[N-])[C@H](Sc2ccccc2)O[C@@H]1COCc1ccccc1,trichloroacetimidate,13,14,4,3
SG-0566d2b0a38a901a,0566d2b0a38a901aecd58889c7d9ded51e6d9c901b1c69f1ab97328f06e54033,100,31-010-CAS-3800337,100,31-010-CAS-3800337,1,C[C@H]1O[C@H](OC(=N)C(Cl)(Cl)Cl)[C@@H](OC(=O)c2ccccc2)[C@@H](OCc2ccccc2)[C@@H]1N=[N+]=[N-],CCS[C@H]1O[C@H](C)[C@@H](N=[N+]=[N-])[C@H](OCc2ccccc2)[C@@H]1O,CCS[C@H]1O[C@H](C)[C@@H](N=[N+]=[N-])[C@H](OCc2ccccc2)[C@@H]1OC(C)=O,trichloroacetimidate,20,21,20,21
SG-05704b273472c2e5,05704b273472c2e5ea64583c1a5174487d02d8e181c16764eb72062df843c7b6,1233,31-013-CAS-9970331,1233,31-013-CAS-9970331,1,CC(=O)O[C@H]1[C@H](OCc2ccccc2)[C@H](N2C(=O)c3ccccc3C2=O)[C@@H](Sc2ccccc2)O[C@@H]1CN=[N+]=[N-],CO[C@H]1O[C@H](CN=[N+]=[N-])[C@@H](O[C@H]2O[C@H](CN=[N+]=[N-])[C@@H](O[C@H]3O[C@H](CN=[N+]=[N-])[C@@H](O)[C@H](OCc4ccccc4)[C@@H]3N3C(=O)c4ccccc4C3=O)[C@H](OCc3ccccc3)[C@@H]2N2C(=O)c3ccccc3C2=O)[C@H](OCc2ccccc2)[C@@H]1N1C(=O)c2ccccc2C1=O,CO[C@H]1O[C@H](CN=[N+]=[N-])[C@@H](O[C@H]2O[C@H](CN=[N+]=[N-])[C@@H](O[C@H]3O[C@H](CN=[N+]=[N-])[C@@H](OC(C)=O)[C@H](OCc4ccccc4)[C@@H]3N3C(=O)c4ccccc4C3=O)[C@H](OCc3ccccc3)[C@@H]2N2C(=O)c3ccccc3C2=O)[C@H](OCc2ccccc2)[C@@H]1N1C(=O)c2ccccc2C1=O,thioglycoside,27,28,27,28
SG-05e501f9629f96cb,05e501f9629f96cb8a1b346710f4ae663d49d11f9fdf3473ea3f26cfb6b1657a,637,31-614-CAS-42575636,637,31-614-CAS-42575636,1,COC(=O)[C@@]1(O[C@H]2[C@@H](OC(C)=O)[C@@H](COC(C)=O)O[C@@H](OC(=Nc3ccccc3)C(F)(F)F)[C@@H]2OC(C)=O)C[C@@H]2OC(=O)N(C(C)=O)[C@H]2[C@H]([C@H](OC(C)=O)[C@@H](COC(C)=O)OC(C)=O)O1,CC(=O)O[C@H]1[C@H](OCc2ccc3ccccc3c2)[C@H](O[C@H]2[C@H](O)[C@@H](COCc3ccc4ccccc4c3)O[C@@H](Sc3ccccc3)[C@@H]2NC(=O)OCC(Cl)(Cl)Cl)O[C@@H](C)[C@H]1OC(C)=O,CC(=O)O[C@H]1[C@H](OCc2ccc3ccccc3c2)[C@H](O[C@@H]2[C@@H](NC(=O)OCC(Cl)(Cl)Cl)[C@H](Sc3ccccc3)O[C@H](COCc3ccc4ccccc4c3)[C@H]2OC(C)=O)O[C@@H](C)[C@H]1OC(C)=O,trifluoroacetimidate,21,22,54,55
SG-05f6b90617fa37ee,05f6b90617fa37ee3ae14d1d96dc6944dca07210265dbc2396ee4be9e2ab84c8,1446,31-013-CAS-7449015,1446,31-013-CAS-7449015,1,CC(=O)O[C@H]1[C@@H]2O[C@H](c3ccccc3)OC[C@H]2O[C@@H](Sc2cc(C(C)(C)C)ccc2C)[C@@H]1N1C(=O)c2ccccc2C1=O,CCOC(=O)CCCCCO[C@@H]1O[C@H](COCc2ccccc2)[C@@H](O)[C@H](O[C@@H]2O[C@@H](C)[C@@H](OCc3ccccc3)[C@@H](OCc3ccccc3)[C@@H]2OCc2ccccc2)[C@H]1N1C(=O)c2ccccc2C1=O,CCOC(=O)CCCCCO[C@@H]1O[C@H](COCc2ccccc2)[C@@H](OC(C)=O)[C@H](O[C@@H]2O[C@@H](C)[C@@H](OCc3ccccc3)[C@@H](OCc3ccccc3)[C@@H]2OCc2ccccc2)[C@H]1N1C(=O)c2ccccc2C1=O,thioglycoside,23,24,23,24
SG-05f8d76f5c81162e,05f8d76f5c81162ee84868c65a0a6447df58f0d154fed9c7fb6a85c9d3ef236c,1118,31-013-CAS-214326,1118,31-013-CAS-214326,1,O=C(OC[C@@H]1C[C@H](OC(=O)c2ccccc2)[C@@H](OC(=O)c2ccccc2)[C@H](Sc2ccccc2)O1)c1ccccc1,CO[C@@H]1O[C@H](COCc2ccccc2)[C@@H](O)[C@H](O)[C@H]1N1C(=O)c2ccccc2C1=O,CO[C@@H]1O[C@H](COCc2ccccc2)[C@@H](OC(C)=O)[C@H](O)[C@H]1N1C(=O)c2ccccc2C1=O,thioglycoside,14,15,14,15
SG-063e4004a966f6a9,063e4004a966f6a930a9ba722b519a11c9eb1df18cdb3c3060f60fbcbbec9bb3,1364,31-013-CAS-12139860,1364,31-013-CAS-12139860,1,CCS[C@@H]1O[C@H](COCc2ccccc2)[C@H](OC(C)=O)[C@H](OC(C)=O)[C@H]1OC(C)=O,CC(C)(C)[Si](OC[C@H]1O[C@@H](OCCCNC(=O)OCc2ccccc2)[C@H](N2C(=O)c3ccccc3C2=O)[C@@H](O)[C@@H]1O)(c1ccccc1)c1ccccc1,CC(=O)O[C@H]1[C@H](O)[C@@H](N2C(=O)c3ccccc3C2=O)[C@H](OCCCNC(=O)OCc2ccccc2)O[C@@H]1CO[Si](c1ccccc1)(c1ccccc1)C(C)(C)C,thioglycoside,39,40,4,3
SG-063f56c5f16dc8d6,063f56c5f16dc8d6f8795afb1c323e9ab31e6b3ffb7230b452ba2414d3896234,441,31-010-CAS-8693853,441,31-010-CAS-8693853,1,N=C(OC1O[C@H](COCc2ccccc2)[C@H](O[C@H]2O[C@H](COCc3ccccc3)[C@H](OCc3ccccc3)[C@H](OCc3ccccc3)[C@H]2OCc2ccccc2)[C@H](OCc2ccccc2)[C@H]1OC(=O)c1ccccc1)C(Cl)(Cl)Cl,[N-]=[N+]=N[C@H]1[C@@H]2OC[C@@H](O2)[C@@H](O)[C@@H]1OCc1ccccc1,CC(=O)O[C@H]1[C@H](OCc2ccccc2)[C@@H](N=[N+]=[N-])[C@@H]2OC[C@H]1O2,trichloroacetimidate,9,10,4,3
SG-0671adb8e81f18ac,0671adb8e81f18acccfc2ed11e26f49913917d7c7d447488d7d7f10dfec3fd77,1125,31-013-CAS-10756153,1125,31-013-CAS-10756153,1,c1ccc(CO[C@H]2[C@H]3O[C@@H](c4ccccc4)OC[C@H]3O[C@@H](Sc3ccccc3)[C@@H]2OCc2ccccc2)cc1,CO[C@@H]1O[C@H](CO[Si](C)(C)C(C)(C)C(C)C)[C@@H](O)[C@@H]2OC(=O)N(C(C)=O)[C@@H]12,CO[C@@H]1O[C@H](CO[Si](C)(C)C(C)(C)C(C)C)[C@@H](OC(C)=O)[C@@H]2OC(=O)N(C(C)=O)[C@@H]12,thioglycoside,16,17,16,17
SG-06ba6e202d792839,06ba6e202d79283978a902dc57f85721a7af2847efeaaff01fd5c288929b2c99,114,31-010-CAS-6728808,114,31-010-CAS-6728808,1,N=C(OC1O[C@H](COC(=O)c2ccccc2)[C@@H](OC(=O)c2ccccc2)[C@H](OC(=O)c2ccccc2)[C@@H]1OC(=O)c1ccccc1)C(Cl)(Cl)Cl,CC(=O)CCC(=O)O[C@H]1[C@H](O)[C@@H](COC(=O)Cc2ccccc2[N+](=O)[O-])O[C@@H](O[C@H]2CC[C@]3(C)[C@H]4CC=C5[C@@H]6CC(C)(C)CC[C@]6(C(=O)OCc6ccccc6)CC[C@@]5(C)[C@]4(C)CC[C@H]3C2(C)C)[C@@H]1NC(=O)OCC(Cl)(Cl)Cl,CC(=O)CCC(=O)O[C@@H]1[C@@H](NC(=O)OCC(Cl)(Cl)Cl)[C@H](O[C@H]2CC[C@]3(C)[C@H]4CC=C5[C@@H]6CC(C)(C)CC[C@]6(C(=O)OCc6ccccc6)CC[C@@]5(C)[C@]4(C)CC[C@H]3C2(C)C)O[C@H](COC(=O)Cc2ccccc2[N+](=O)[O-])[C@H]1OC(C)=O,trichloroacetimidate,9,10,76,77
SG-06de81c326ce4b14,06de81c326ce4b145419d9d933469f2ff1fa82037af4b4b50657799489e28f73,467,31-010-CAS-2634829,467,31-010-CAS-2634829,1,COC(=O)[C@@H]1OC(OC(=N)C(Cl)(Cl)Cl)[C@H](OC(C)=O)[C@@H](OCc2ccccc2)[C@@H]1O[C@H]1O[C@@H]2CO[C@@H](c3ccccc3)O[C@H]2[C@H](OCc2ccccc2)[C@H]1NC(C)=O,COC(=O)[C@@H]1O[C@@H](OC(C)C)[C@H](OC(=O)C(C)(C)C)[C@@H](OCc2ccccc2)[C@@H]1O[C@H]1O[C@H](COCc2ccccc2)[C@@H](O)[C@H](OCc2ccccc2)[C@H]1N=[N+]=[N-],COC(=O)[C@@H]1O[C@@H](OC(C)C)[C@H](OC(=O)C(C)(C)C)[C@@H](OCc2ccccc2)[C@@H]1O[C@H]1O[C@H](COCc2ccccc2)[C@@H](OC(C)=O)[C@H](OCc2ccccc2)[C@H]1N=[N+]=[N-],trichloroacetimidate,42,43,42,43
SG-070e25a4a39e4dcb,070e25a4a39e4dcb46137c300d15bf20aa3c8717d8f74aeea3272133064d3f7a,483,31-010-CAS-5827902,483;484,31-010-CAS-5827902;31-010-CAS-13993703,2,CC(C)[Si](OC[C@H]1O[C@H](O[C@@H]2[C@@H](OC[C@H]3O[C@H](OC(=N)C(Cl)(Cl)Cl)[C@@H](OCc4ccccc4)[C@@H](OCc4ccccc4)[C@@H]3OCc3ccccc3)O[C@H](COCc3ccccc3)[C@@H](OCc3ccccc3)[C@@H]2OCc2ccccc2)[C@@H](O[C@H]2O[C@H](COCc3ccccc3)[C@@H](OCc3ccccc3)[C@H](OCc3ccccc3)[C@@H]2OCc2ccccc2)[C@@H](OCc2ccccc2)[C@@H]1OCc1ccccc1)(C(C)C)C(C)C,CC1(C)O[C@@H]2[C@H](OCc3ccccc3)[C@@H](OCc3ccccc3)[C@H](OCc3ccccc3)[C@@H](O[C@H]3O[C@H](COCc4ccccc4)[C@@H](O)[C@H](OCc4ccccc4)[C@H]3N=[N+]=[N-])[C@@H]2O1,CC(=O)O[C@H]1[C@H](OCc2ccccc2)[C@@H](N=[N+]=[N-])[C@@H](O[C@@H]2[C@@H](OCc3ccccc3)[C@H](OCc3ccccc3)[C@@H](OCc3ccccc3)[C@H]3OC(C)(C)O[C@@H]23)O[C@@H]1COCc1ccccc1,trichloroacetimidate,46,47,4,3
SG-07428b51c5fa1850,07428b51c5fa18505c59805d3a86a3408aaf9a4917f237183b3dd8bc010d0e9a,224,31-010-CAS-11159083,224,31-010-CAS-11159083,1,CC(=O)OC[C@H]1O[C@@H](OC(=N)C(Cl)(Cl)Cl)[C@H](N2C(=O)c3ccccc3C2=O)[C@@H](OC(C)=O)[C@@H]1OC(C)=O,CC(=O)N[C@H]1[C@@H](OC(C)=O)O[C@H](COC(C)=O)[C@@H](O)[C@@H]1OC(C)=O,CC(=O)N[C@H]1[C@@H](OC(C)=O)O[C@H](COC(C)=O)[C@@H](OC(C)=O)[C@@H]1OC(C)=O,trichloroacetimidate,17,18,17,18
SG-074681d9f0eba765,074681d9f0eba7655e5a79ebec275f11d2b91623ff03cdc63154482616763d5b,516,31-010-CAS-8030366,516,31-010-CAS-8030366,1,CC(=O)OC[C@@H]1OC(OC(=N)C(Cl)(Cl)Cl)[C@H](OC(=O)c2ccccc2)[C@@H](OCc2ccccc2)[C@@H]1O[C@H]1O[C@H](CO[Si](c2ccccc2)(c2ccccc2)C(C)(C)C)[C@@H](OCc2ccc3ccccc3c2)[C@H](OCc2ccc(Br)cc2)[C@H]1N=[N+]=[N-],CC(=O)OC[C@@H]1O[C@@H](O[C@H]2[C@H](OC(=O)c3ccccc3)[C@@H](N=[N+]=[N-])[C@@H](O[C@H]3[C@H](OCc4ccccc4)[C@@H](OC(=O)c4ccccc4)[C@H]4OC[C@@H]3O4)O[C@@H]2CO[Si](c2ccccc2)(c2ccccc2)C(C)(C)C)[C@H](OC(=O)c2ccccc2)[C@@H](OCc2ccccc2)[C@@H]1O[C@H]1O[C@H](CO[Si](c2ccccc2)(c2ccccc2)C(C)(C)C)[C@@H](O)[C@H](OCc2ccc(Br)cc2)[C@H]1N=[N+]=[N-],CC(=O)OC[C@@H]1O[C@@H](O[C@H]2[C@H](OC(=O)c3ccccc3)[C@@H](N=[N+]=[N-])[C@@H](O[C@H]3[C@H](OCc4ccccc4)[C@@H](OC(=O)c4ccccc4)[C@H]4OC[C@@H]3O4)O[C@@H]2CO[Si](c2ccccc2)(c2ccccc2)C(C)(C)C)[C@H](OC(=O)c2ccccc2)[C@@H](OCc2ccccc2)[C@@H]1O[C@H]1O[C@H](CO[Si](c2ccccc2)(c2ccccc2)C(C)(C)C)[C@@H](OC(C)=O)[C@H](OCc2ccc(Br)cc2)[C@H]1N=[N+]=[N-],trichloroacetimidate,115,116,115,116
SG-07b5b0727de218d7,07b5b0727de218d78ee0f24b2d0b6ffb147d4cf22e4b0e2141dc581a4e15e63b,59,31-010-CAS-1880696,59,31-010-CAS-1880696,1,N=C(OC1O[C@@H]2CO[C@@H](c3ccccc3)O[C@H]2[C@H](OCc2ccccc2)[C@H]1NC(=O)OCC(Cl)(Cl)Cl)C(Cl)(Cl)Cl,C=CCOC(=O)N[C@H]1[C@@H](OCC=C)O[C@H](COCc2ccccc2)[C@@H](O)[C@@H]1O[C@H](C)C(=O)OCC,C=CCOC(=O)N[C@H]1[C@@H](OCC=C)O[C@H](COCc2ccccc2)[C@@H](OC(C)=O)[C@@H]1O[C@H](C)C(=O)OCC,trichloroacetimidate,24,25,24,25
SG-08195ca3ceee0877,08195ca3ceee087771af792eb6a8f36e7934b905d4e5286aa5c2e49479c31a30,31,31-010-CAS-11353502,31,31-010-CAS-11353502,1,N=C(O[C@H]1O[C@H](COCc2ccccc2)[C@@H](OCc2ccccc2)[C@H](OCc2ccccc2)[C@@H]1OS(=O)(=O)Cc1ccccc1)C(Cl)(Cl)Cl,C=CCO[C@H]1[C@H](O)[C@@H](COCc2ccc(OC)cc2)O[C@@H](O[Si](C)(C)C(C)(C)C(C)C)[C@@H]1NC(C)=O,C=CCO[C@@H]1[C@@H](NC(C)=O)[C@H](O[Si](C)(C)C(C)(C)C(C)C)O[C@H](COCc2ccc(OC)cc2)[C@H]1OC(C)=O,trichloroacetimidate,5,6,34,35
SG-0821becc777ce0ac,0821becc777ce0ac75f11217b2daf8928fa645650a3daa65dd462d92e394470d,1007,31-013-CAS-9787141,1007,31-013-CAS-9787141,1,CCS[C@@H]1O[C@@H]2CO[C@H](c3ccccc3)O[C@@H]2[C@H](OC(=O)CCl)[C@H]1OC(=O)c1ccccc1,CC(=O)N[C@H]1[C@H](OCCN=[N+]=[N-])O[C@H](COCc2ccccc2)[C@@H](O)[C@@H]1OCc1ccccc1,CC(=O)N[C@H]1[C@H](OCCN=[N+]=[N-])O[C@H](COCc2ccccc2)[C@@H](OC(C)=O)[C@@H]1OCc1ccccc1,thioglycoside,23,24,23,24
SG-088a124e366c3a0b,088a124e366c3a0bd0f90eee633d135f27b07886261007afb4d66e7000830737,1262,31-614-CAS-34336262,1262;1263,31-614-CAS-34336262;31-614-CAS-32458057,2,CC(=O)OC[C@@H]1O[C@@H](Sc2ccc(C)cc2)[C@H](OC(=O)c2ccccc2)[C@@H](OCc2ccccc2)[C@@H]1O[C@H]1O[C@H](CO[Si](c2ccccc2)(c2ccccc2)C(C)(C)C)[C@@H](O[C@@H]2O[C@@H](COC(C)=O)[C@@H](O[C@H]3O[C@H](CO[Si](c4ccccc4)(c4ccccc4)C(C)(C)C)[C@@H](OCc4ccc5ccccc5c4)[C@H](OCc4ccc(Br)cc4)[C@H]3N=[N+]=[N-])[C@H](OCc3ccccc3)[C@H]2OC(=O)c2ccccc2)[C@H](OCc2ccc(Br)cc2)[C@H]1N=[N+]=[N-],CC(=O)OC[C@@H]1O[C@@H](OCCCCCN(Cc2ccccc2)C(=O)OCc2ccccc2)[C@H](OC(=O)c2ccccc2)[C@@H](OCc2ccccc2)[C@@H]1O[C@H]1O[C@H](CO[Si](c2ccccc2)(c2ccccc2)C(C)(C)C)[C@@H](O)[C@H](OCc2ccc(Br)cc2)[C@H]1N=[N+]=[N-],CC(=O)OC[C@@H]1O[C@@H](OCCCCCN(Cc2ccccc2)C(=O)OCc2ccccc2)[C@H](OC(=O)c2ccccc2)[C@@H](OCc2ccccc2)[C@@H]1O[C@H]1O[C@H](CO[Si](c2ccccc2)(c2ccccc2)C(C)(C)C)[C@@H](OC(C)=O)[C@H](OCc2ccc(Br)cc2)[C@H]1N=[N+]=[N-],thioglycoside,75,76,75,76
SG-08986b9f1d1bd251,08986b9f1d1bd2519c08560c4284dc0170feb75bafc78900ef821cddb8fef179,875,31-013-CAS-3103339,875;876,31-013-CAS-3103339;31-013-CAS-17286309,2,O=C(OC[C@H]1O[C@@H](Sc2ccccc2)[C@H](OC(=O)c2ccccc2)[C@@H](OC(=O)c2ccccc2)[C@H]1OC(=O)c1ccccc1)c1ccccc1,C#CCO[C@@H]1O[C@H](CO[Si](C)(C)C(C)(C)C)[C@@H](O)[C@H](O)[C@H]1NC(C)=O,C#CCO[C@@H]1O[C@H](CO[Si](C)(C)C(C)(C)C)[C@@H](OC(C)=O)[C@H](O)[C@H]1NC(C)=O,thioglycoside,16,17,16,17
SG-08a3c4ca8e9a43e4,08a3c4ca8e9a43e4bdd1cf0f8cac6b13b5ab5f5dd01b62b24840aa5a0f015357,1127,31-013-CAS-11726967,1127,31-013-CAS-11726967,1,CCS[C@H]1O[C@H](C)[C@@H](NC(=O)[C@H]2CCO[C@@H](c3ccccc3)O2)[C@H](OCc2ccccc2)[C@@H]1OC(C)=O,COC(=O)CCCCCO[C@H]1O[C@H](C)[C@@H](NC(=O)[C@H]2CCO[C@@H](c3ccccc3)O2)[C@H](OCc2ccccc2)[C@@H]1O[C@H]1O[C@H](C)[C@@H](NC(=O)[C@H]2CCO[C@@H](c3ccccc3)O2)[C@H](OCc2ccccc2)[C@@H]1O,COC(=O)CCCCCO[C@H]1O[C@H](C)[C@@H](NC(=O)[C@H]2CCO[C@@H](c3ccccc3)O2)[C@H](OCc2ccccc2)[C@@H]1O[C@H]1O[C@H](C)[C@@H](NC(=O)[C@H]2CCO[C@@H](c3ccccc3)O2)[C@H](OCc2ccccc2)[C@@H]1OC(C)=O,thioglycoside,70,71,70,71
SG-08c6bf6c6a23b437,08c6bf6c6a23b43734d609dcdf556bc25d3d46865a262a5740d0e2223c909385,1504,31-614-CAS-29865809,1504,31-614-CAS-29865809,1,O=C1c2c(Cl)c(Cl)c(Cl)c(Cl)c2C(=O)N1[C@@H]1[C@@H](O)[C@H](O)[C@@H](COCc2ccccc2)O[C@H]1Sc1ccccc1,O=C1c2c(Cl)c(Cl)c(Cl)c(Cl)c2C(=O)N1[C@@H]1[C@@H](OCc2ccccc2)[C@H](O)[C@@H](COCc2ccccc2)O[C@H]1S(=O)c1ccccc1,CC(=O)O[C@H]1[C@H](OCc2ccccc2)[C@@H](N2C(=O)c3c(Cl)c(Cl)c(Cl)c(Cl)c3C2=O)[C@H](S(=O)c2ccccc2)O[C@@H]1COCc1ccccc1,thioglycoside,25,26,4,3
SG-08f42ee74cb67112,08f42ee74cb67112815383647232e0c09ca1583c57994bc2e4c96b619c5d2be5,229,31-010-CAS-11253839,229,31-010-CAS-11253839,1,CC(=O)O[C@H]1[C@@H](OC(C)=O)[C@@H](COCc2ccccc2)O[C@@H](OC(=N)C(Cl)(Cl)Cl)[C@@H]1OC(C)=O,CC(=O)N[C@H]1[C@H](OCCCCCCNC(=O)OCc2ccccc2)O[C@H](COCc2ccccc2)[C@@H](O)[C@@H]1O[C@@H]1O[C@@H](C)[C@@H](OCc2ccccc2)[C@@H](OCc2ccccc2)[C@@H]1OCc1ccccc1,CC(=O)N[C@H]1[C@H](OCCCCCCNC(=O)OCc2ccccc2)O[C@H](COCc2ccccc2)[C@@H](OC(C)=O)[C@@H]1O[C@@H]1O[C@@H](C)[C@@H](OCc2ccccc2)[C@@H](OCc2ccccc2)[C@@H]1OCc1ccccc1,trichloroacetimidate,35,36,35,36
SG-09625f5e1195b9fb,09625f5e1195b9fb8589f72a323ac54f156af5759205a5e72ab9b135bb3484ad,1084,31-013-CAS-12054238,1084,31-013-CAS-12054238,1,CCS[C@H]1O[C@H](C)[C@@H](NC(=O)[C@H]2CCO[C@@H](c3ccccc3)O2)[C@H](OCc2ccccc2)[C@@H]1OC(C)=O,COC(=O)CCCCCO[C@H]1O[C@H](C)[C@@H](NC(=O)[C@H]2CCO[C@@H](c3ccccc3)O2)[C@H](OCc2ccccc2)[C@@H]1O,COC(=O)CCCCCO[C@H]1O[C@H](C)[C@@H](NC(=O)[C@H]2CCO[C@@H](c3ccccc3)O2)[C@H](OCc2ccccc2)[C@@H]1OC(C)=O,thioglycoside,39,40,39,40
SG-09737010506429aa,09737010506429aa146a5ca6cfc7eb0ef86d71601ba63e68f52f1e82743a556a,826,31-301-CAS-9443004,826,31-301-CAS-9443004,1,C[C@@H]1O[C@H](S(=O)c2ccccc2)[C@@H](OCc2ccccc2)[C@H](OCc2ccccc2)[C@@H]1OCc1ccccc1,CC(=O)OC[C@H]1O[C@@H](O[C@H]2[C@H](O)[C@@H](COC(=O)C(C)(C)C)O[C@H](Sc3ccccc3)[C@@H]2N=[N+]=[N-])[C@H](OC(C)=O)[C@@H](OC(C)=O)[C@H]1OC(C)=O,CC(=O)OC[C@H]1O[C@@H](O[C@@H]2[C@@H](N=[N+]=[N-])[C@@H](Sc3ccccc3)O[C@H](COC(=O)C(C)(C)C)[C@H]2OC(C)=O)[C@H](OC(C)=O)[C@@H](OC(C)=O)[C@H]1OC(C)=O,thioglycoside,10,11,32,33
SG-099bbec4800b2ef8,099bbec4800b2ef886e3af20f6875ee6aeec60691b736f25feca16ccf02ba21f,1416,31-013-CAS-7726616,1416,31-013-CAS-7726616,1,CCS[C@@H]1O[C@H](COCc2ccccc2)[C@@H](OC(C)=O)[C@H](OC(C)=O)[C@H]1N1C(=O)c2ccccc2C1=O,COc1ccc(COC[C@H]2O[C@@H](N=[N+]=[N-])[C@H](N3C(=O)c4ccccc4C3=O)[C@@H](O)[C@@H]2O)cc1,COc1ccc(COC[C@H]2O[C@@H](N=[N+]=[N-])[C@H](N3C(=O)c4ccccc4C3=O)[C@@H](O)[C@@H]2OC(C)=O)cc1,thioglycoside,29,30,29,30
SG-0a24eb5774e1f2c8,0a24eb5774e1f2c86254122d8085ab07a796a396a3bf0bad19f02a7dc57e9d74,1472,31-013-CAS-6699934,1472,31-013-CAS-6699934,1,CCS[C@@H]1O[C@H](COCc2ccccc2)[C@H](OC(C)=O)[C@H](OC(C)=O)[C@H]1OC(C)=O,C=CCCCO[C@@H]1O[C@H](COCc2ccccc2)[C@@H](O)[C@H](O)[C@H]1N1C(=O)c2c(Cl)c(Cl)c(Cl)c(Cl)c2C1=O,C=CCCCO[C@@H]1O[C@H](COCc2ccccc2)[C@@H](OC(C)=O)[C@H](O)[C@H]1N1C(=O)c2c(Cl)c(Cl)c(Cl)c(Cl)c2C1=O,thioglycoside,18,19,18,19
SG-0a342b6b9ee0e056,0a342b6b9ee0e0562bc606cfa7f8b612afdae7accc7c702848ba96014418c213,973,31-013-CAS-1712789,973;974;975,31-013-CAS-1712789;31-013-CAS-11796224;31-013-CAS-3287675,3,CCS[C@@H]1O[C@@H]2CO[C@@H](c3ccccc3)O[C@H]2[C@H](OCc2ccccc2)[C@H]1OC(=O)CCC(C)=O,CC(=O)OC[C@H]1O[C@H](OCCCCCN(Cc2ccccc2)C(=O)OCc2ccccc2)[C@H](N=[N+]=[N-])[C@@H](OCc2ccccc2)[C@@H]1O,CC(=O)OC[C@H]1O[C@H](OCCCCCN(Cc2ccccc2)C(=O)OCc2ccccc2)[C@H](N=[N+]=[N-])[C@@H](OCc2ccccc2)[C@@H]1OC(C)=O,thioglycoside,45,46,45,46
SG-0a6a6adf19a2c093,0a6a6adf19a2c093f2be6ac4e76ac937a93ca961ffafd107218877589bcbb13c,1432,31-013-CAS-11006436,1432,31-013-CAS-11006436,1,CC(=O)OC[C@H]1O[C@@H](Sc2ccccc2)[C@H](NC(=O)OCC(Cl)(Cl)Cl)[C@@H](OC(C)=O)[C@H]1OC(C)=O,CO[C@@H]1O[C@H](COCc2ccccc2)[C@@H](O)[C@H](OCc2ccccc2)[C@H]1N1C(=O)c2ccccc2C1=O,CO[C@@H]1O[C@H](COCc2ccccc2)[C@@H](OC(C)=O)[C@H](OCc2ccccc2)[C@H]1N1C(=O)c2ccccc2C1=O,thioglycoside,14,15,14,15
SG-0ab45ab89d3e80d7,0ab45ab89d3e80d7bfdded9fb71824d460a4b3d3ff7bdc973fca1b9b699ef3f1,249,31-010-CAS-5024363,249,31-010-CAS-5024363,1,COC(=O)[C@H]1OC(OC(=N)C(Cl)(Cl)Cl)[C@H](OCc2ccccc2)[C@@H](OCc2ccccc2)[C@@H]1O[C@H]1O[C@H](COC(=O)c2ccccc2)[C@@H](OCc2ccccc2)[C@H](OCc2ccccc2)[C@H]1N=[N+]=[N-],COc1ccc(COC[C@H]2O[C@@H](O[Si](c3ccccc3)(c3ccccc3)C(C)(C)C)[C@H](N=[N+]=[N-])[C@@H](OC(=O)c3ccccc3)[C@@H]2O)cc1,COc1ccc(COC[C@H]2O[C@@H](O[Si](c3ccccc3)(c3ccccc3)C(C)(C)C)[C@H](N=[N+]=[N-])[C@@H](OC(=O)c3ccccc3)[C@@H]2OC(C)=O)cc1,trichloroacetimidate,44,45,44,45
SG-0acfddbafd17985b,0acfddbafd17985bd04ab2d6774c4bf56021b4b6e454d94b2cbcd4366e5c0169,431,31-010-CAS-21359681,431;432,31-010-CAS-21359681;31-010-CAS-9811894,2,COC(=O)[C@H]1OC(OC(=N)C(Cl)(Cl)Cl)[C@H](OC(=O)c2ccccc2)[C@@H](OCc2ccccc2)[C@@H]1O[C@H]1O[C@H](COCc2ccc(OC)cc2)[C@@H](OCc2ccccc2)[C@H](OCc2ccccc2)[C@H]1N=[N+]=[N-],COc1ccc(COC[C@H]2O[C@@H](O[Si](c3ccccc3)(c3ccccc3)C(C)(C)C)[C@H](N=[N+]=[N-])[C@@H](OC(=O)c3ccccc3)[C@@H]2O)cc1,COc1ccc(COC[C@H]2O[C@@H](O[Si](c3ccccc3)(c3ccccc3)C(C)(C)C)[C@H](N=[N+]=[N-])[C@@H](OC(=O)c3ccccc3)[C@@H]2OC(C)=O)cc1,trichloroacetimidate,44,45,44,45
SG-0aeca10b1aa89fbe,0aeca10b1aa89fbe03f8972d964dc475130e15a59cfada378fab2967473263ba,631,31-010-CAS-5298712,631,31-010-CAS-5298712,1,COC(=O)[C@@]1(O[C@H]2[C@@H](OC(C)=O)[C@@H](COC(C)=O)O[C@@H](OC(=Nc3ccccc3)C(F)(F)F)[C@@H]2OC(=O)c2ccccc2)C[C@H](OC(C)=O)[C@@H](NC(=O)OCC(Cl)(Cl)Cl)[C@H]([C@H](OC(C)=O)[C@@H](COC(C)=O)OC(C)=O)O1,C=CCOC(=O)NCCCCCCO[C@@H]1O[C@H](COCc2ccccc2)[C@@H](O[C@@H]2O[C@H](COCc3ccccc3)[C@H](OCc3ccccc3)[C@H](O[C@@H]3O[C@H](COCc4ccccc4)[C@@H](O)[C@H](OC(=O)CCC(C)=O)[C@H]3NC(=O)C(Cl)(Cl)Cl)[C@H]2OC(=O)c2ccccc2)[C@H](OC(=O)c2ccccc2)[C@H]1OC(=O)c1ccccc1,C=CCOC(=O)NCCCCCCO[C@@H]1O[C@H](COCc2ccccc2)[C@@H](O[C@@H]2O[C@H](COCc3ccccc3)[C@H](OCc3ccccc3)[C@H](O[C@@H]3O[C@H](COCc4ccccc4)[C@@H](OC(C)=O)[C@H](OC(=O)CCC(C)=O)[C@H]3NC(=O)C(Cl)(Cl)Cl)[C@H]2OC(=O)c2ccccc2)[C@H](OC(=O)c2ccccc2)[C@H]1OC(=O)c1ccccc1,trifluoroacetimidate,63,64,63,64
SG-0b4a6b5b5698286c,0b4a6b5b5698286c5ee735ec1c34c0d0672385a96c90649c6d2ac7c1bfe69957,1197,31-013-CAS-17791369,1197,31-013-CAS-17791369,1,CC(=O)N1C(=O)O[C@H]2[C@@H](O[Si](C)(C)C(C)(C)C)[C@@H](COCc3ccccc3)O[C@H](Sc3ccc(C)cc3)[C@@H]21,C=CCO[C@H]1O[C@H](COCc2ccccc2)[C@H](O[C@H]2O[C@H](COCc3ccccc3)[C@H](O)[C@@H]3OC(=O)N(C(C)=O)[C@@H]23)[C@@H]2OC(=O)N(C(C)=O)[C@@H]12,C=CCO[C@H]1O[C@H](COCc2ccccc2)[C@H](O[C@H]2O[C@H](COCc3ccccc3)[C@H](OC(C)=O)[C@@H]3OC(=O)N(C(C)=O)[C@@H]23)[C@@H]2OC(=O)N(C(C)=O)[C@@H]12,thioglycoside,30,31,30,31
SG-0b7beaf21a605a73,0b7beaf21a605a732fe5bc07a845e90e9aad29f17e79c9f1a10e070001d98952,364,31-010-CAS-21359670,364;365,31-010-CAS-21359670;31-010-CAS-10139664,2,COC(=O)[C@H]1OC(OC(=N)C(Cl)(Cl)Cl)[C@H](OC(=O)c2ccccc2)[C@@H](OCc2ccccc2)[C@@H]1O[C@H]1O[C@H](COCc2ccc(OC)cc2)[C@@H](OCc2ccccc2)[C@H](OCc2ccccc2)[C@H]1NC=C1C(=O)N(C)C(=O)N(C)C1=O,COc1ccc(OC[C@H]2O[C@@H](O[Si](c3ccccc3)(c3ccccc3)C(C)(C)C)[C@H](N=[N+]=[N-])[C@@H](OC(=O)c3ccccc3)[C@@H]2O)cc1,COc1ccc(OC[C@H]2O[C@@H](O[Si](c3ccccc3)(c3ccccc3)C(C)(C)C)[C@H](N=[N+]=[N-])[C@@H](OC(=O)c3ccccc3)[C@@H]2OC(C)=O)cc1,trichloroacetimidate,43,44,43,44
SG-0bafc7eaecb759db,0bafc7eaecb759dbf5c18a9fda0fff27d03ae3da37a88116152da18584f9dc61,1036,31-013-CAS-113679,1036,31-013-CAS-113679,1,COc1ccc(CO[C@H]2[C@@H](OCc3ccccc3)[C@@H](COCc3ccccc3)O[C@@H](Sc3ccc(C)cc3)[C@@H]2OC(=O)CCC(C)=O)cc1,CC(=O)O[C@H]1[C@H](O)[C@@H](COCc2ccccc2)O[C@@H](Sc2ccc(C)cc2)[C@@H]1NC(=O)OCC(Cl)(Cl)Cl,CC(=O)O[C@@H]1[C@@H](NC(=O)OCC(Cl)(Cl)Cl)[C@H](Sc2ccc(C)cc2)O[C@H](COCc2ccccc2)[C@H]1OC(C)=O,thioglycoside,5,6,35,36
SG-0bc0ffc808ba227f,0bc0ffc808ba227f9fbc064260b7565498397baab68a77083b2e6f909de08191,852,31-013-CAS-22593843,852,31-013-CAS-22593843,1,COC(=O)[C@H]1O[C@@H](Sc2ccc(C)cc2)[C@H](OC(=O)c2ccccc2)[C@@H](OCc2ccccc2)[C@@H]1O[C@H]1O[C@H](COC(C)=O)[C@@H](OC(=O)OCC2c3ccccc3-c3ccccc32)[C@H](OCc2ccccc2)[C@H]1N=[N+]=[N-],COC(=O)[C@H]1O[C@@H](Oc2ccc(OC)cc2)[C@H](OC(=O)c2ccccc2)[C@@H](OCc2ccccc2)[C@@H]1O[C@H]1O[C@H](COC(C)=O)[C@@H](O)[C@H](OCc2ccccc2)[C@H]1N=[N+]=[N-],COC(=O)[C@H]1O[C@@H](Oc2ccc(OC)cc2)[C@H](OC(=O)c2ccccc2)[C@@H](OCc2ccccc2)[C@@H]1O[C@H]1O[C@H](COC(C)=O)[C@@H](OC(C)=O)[C@H](OCc2ccccc2)[C@H]1N=[N+]=[N-],thioglycoside,45,46,45,46
SG-0bc69e053628a73b,0bc69e053628a73b9b9263795d14594b2909aa244c9b4cc1a7a34a09d07ecb45,158,31-010-CAS-11985866,158,31-010-CAS-11985866,1,CC(=O)OC[C@H]1O[C@H](OC(=N)C(Cl)(Cl)Cl)[C@H](NC(=O)C(Cl)(Cl)Cl)[C@@H](OC(C)=O)[C@@H]1OC(C)=O,COC(=O)[C@H](C)NC(=O)[C@@H](C)O[C@H]1[C@H](O)[C@@H](COCc2ccccc2)O[C@@H](OC)[C@@H]1NC(C)=O,COC(=O)[C@H](C)NC(=O)[C@@H](C)O[C@@H]1[C@@H](NC(C)=O)[C@H](OC)O[C@H](COCc2ccccc2)[C@H]1OC(C)=O,trichloroacetimidate,13,14,32,33
SG-0bf0ab3a7e96369c,0bf0ab3a7e96369c10dfa0134d445b9ecd4d1c12bd2ca7a8a69bb9b678b84a56,244,31-010-CAS-4864732,244,31-010-CAS-4864732,1,CC1=C(C)C(=O)N([C@H]2[C@H](OC(=N)C(Cl)(Cl)Cl)O[C@H](COCc3ccccc3)[C@@H](OC(=O)COc3ccccc3)[C@@H]2OCc2ccccc2)C1=O,CC1=C(C)C(=O)N([C@H]2[C@H](O[Si](C)(C)C(C)(C)C)O[C@H](COCc3ccccc3)[C@@H](O)[C@@H]2OCc2ccccc2)C1=O,CC(=O)O[C@H]1[C@H](OCc2ccccc2)[C@@H](N2C(=O)C(C)=C(C)C2=O)[C@H](O[Si](C)(C)C(C)(C)C)O[C@@H]1COCc1ccccc1,trichloroacetimidate,28,29,4,3
SG-0bf9680bc0e7988c,0bf9680bc0e7988cb1f4045356a361504f9eabe7b906d0fd088cee776c4f011f,1350,31-013-CAS-100772,1350,31-013-CAS-100772,1,CCS[C@@H]1O[C@H](COCc2ccccc2)[C@H](OC(=O)c2ccccc2)[C@H](OC(=O)c2ccccc2)[C@H]1OC(=O)c1ccccc1,COC(=O)CCCCCCCCO[C@@H]1O[C@H](COCc2ccccc2)[C@@H](O)[C@H](O[C@@H]2O[C@@H](C)[C@@H](OCc3ccccc3)[C@@H](OCc3ccccc3)[C@@H]2OCc2ccccc2)[C@H]1NC(=O)c1ccc(OC)c(OC)c1,COC(=O)CCCCCCCCO[C@@H]1O[C@H](COCc2ccccc2)[C@@H](OC(C)=O)[C@H](O[C@@H]2O[C@@H](C)[C@@H](OCc3ccccc3)[C@@H](OCc3ccccc3)[C@@H]2OCc2ccccc2)[C@H]1NC(=O)c1ccc(OC)c(OC)c1,thioglycoside,25,26,25,26
SG-0bffd13d4e083779,0bffd13d4e083779de494dd36f705119505b058b7159a86a57e226df6f84df64,149,31-010-CAS-8220760,149,31-010-CAS-8220760,1,CC(=O)OC[C@H]1O[C@H](OC(=N)C(Cl)(Cl)Cl)[C@H](OC(C)=O)[C@@H](OC(C)=O)[C@H]1OC(C)=O,COc1ccc(COC[C@H]2O[C@@H](O[C@H]3CC[C@@]4(C)[C@@H](CC[C@@H]5[C@@H]4CC[C@]4(C)[C@@H]6[C@H](C[C@@H]54)O[C@]4(CC[C@@H](C)CO4)[C@H]6C)C3)[C@H](N3C(=O)c4ccccc4C3=O)[C@@H](OC(C)=O)[C@@H]2O)cc1,COc1ccc(COC[C@H]2O[C@@H](O[C@H]3CC[C@@]4(C)[C@@H](CC[C@@H]5[C@@H]4CC[C@]4(C)[C@@H]6[C@H](C[C@@H]54)O[C@]4(CC[C@@H](C)CO4)[C@H]6C)C3)[C@H](N3C(=O)c4ccccc4C3=O)[C@@H](OC(C)=O)[C@@H]2OC(C)=O)cc1,trichloroacetimidate,59,60,59,60
SG-0c607892e95cf938,0c607892e95cf9380c52b76c823a80986cb82522e360e0bb67736e6dd405b6df,517,31-010-CAS-11403430,517,31-010-CAS-11403430,1,COC(=O)[C@@H]1OC(OC(=N)C(Cl)(Cl)Cl)[C@H](OC(=O)c2ccccc2)[C@@H](OCc2ccccc2)[C@@H]1O[C@H]1O[C@@H]2CO[C@@H](c3ccccc3)O[C@H]2[C@H](OCc2ccccc2)[C@H]1N=[N+]=[N-],COC(=O)[C@@H]1O[C@@H](OC(C)C)[C@H](OC(=O)c2ccccc2)[C@@H](OCc2ccccc2)[C@@H]1O[C@H]1O[C@H](COCc2ccc(OC)cc2)[C@@H](O)[C@H](OCc2ccccc2)[C@H]1N=[N+]=[N-],COC(=O)[C@@H]1O[C@@H](OC(C)C)[C@H](OC(=O)c2ccccc2)[C@@H](OCc2ccccc2)[C@@H]1O[C@H]1O[C@H](COCc2ccc(OC)cc2)[C@@H](OC(C)=O)[C@H](OCc2ccccc2)[C@H]1N=[N+]=[N-],trichloroacetimidate,46,47,46,47
SG-0c69c09d705e0832,0c69c09d705e0832edc9179076a62c7ea099e053b440e3b89250fa2299307fde,127,31-010-CAS-3431516,127,31-010-CAS-3431516,1,CC(=O)O[C@H]1[C@@H](OC(C)=O)[C@@H](COCc2ccccc2)O[C@H](OC(=N)C(Cl)(Cl)Cl)[C@@H]1OC(C)=O,CC(=O)N[C@H]1[C@H](Oc2ccc([N+](=O)[O-])cc2)O[C@H](COCc2ccccc2)[C@@H](O)[C@@H]1O[C@@H]1O[C@@H](C)[C@@H](OCc2ccccc2)[C@@H](OCc2ccccc2)[C@@H]1OCc1ccccc1,CC(=O)N[C@H]1[C@H](Oc2ccc([N+](=O)[O-])cc2)O[C@H](COCc2ccccc2)[C@@H](OC(C)=O)[C@@H]1O[C@@H]1O[C@@H](C)[C@@H](OCc2ccccc2)[C@@H](OCc2ccccc2)[C@@H]1OCc1ccccc1,trichloroacetimidate,27,28,27,28
SG-0c739451c3bdc2cf,0c739451c3bdc2cfc092e110e670dcc260390e63f4e571e9ff3589011f28f7e6,1023,31-614-CAS-36914093,1023,31-614-CAS-36914093,1,COC(=O)[C@@H]1OC(Sc2ccc(C)cc2)[C@H](OC(=O)c2ccccc2)[C@@H](OCc2ccccc2)[C@@H]1OCC#C[Si](C(C)C)(C(C)C)C(C)C,CC(=O)CCC(=O)OC[C@H]1O[C@H](OCCN=[N+]=[N-])[C@H](NC(C)=O)[C@@H](OCc2ccccc2)[C@@H]1O,CC(=O)CCC(=O)OC[C@H]1O[C@H](OCCN=[N+]=[N-])[C@H](NC(C)=O)[C@@H](OCc2ccccc2)[C@@H]1OC(C)=O,thioglycoside,32,33,32,33
SG-0c8b4d8e79c88ee4,0c8b4d8e79c88ee43430a441d2ba3316b61f58b537d01bbc17210e0ef7772ca3,139,31-010-CAS-10336392,139,31-010-CAS-10336392,1,CC(=O)OC[C@H]1O[C@@H](OC(=N)C(Cl)(Cl)Cl)[C@H](OC(C)=O)[C@@H](OC(C)=O)[C@H]1OC(C)=O,CC(C)(C)C(=O)OC[C@H]1O[C@@H](Sc2ccccc2)[C@H](N2C(=O)c3ccccc3C2=O)[C@@H](O)[C@@H]1O,CC(=O)O[C@H]1[C@H](O)[C@@H](N2C(=O)c3ccccc3C2=O)[C@H](Sc2ccccc2)O[C@@H]1COC(=O)C(C)(C)C,trichloroacetimidate,32,33,4,3
SG-0d31e208cdfb8dcd,0d31e208cdfb8dcd89a3b8139bfbfdf265229a124c0da71f3aac85be78aae237,1391,31-013-CAS-8958128,1391,31-013-CAS-8958128,1,O=C1c2ccccc2C(=O)N1[C@@H]1[C@@H](OCc2ccccc2)[C@@H]2O[C@H](c3ccccc3)OC[C@H]2O[C@H]1Sc1ccccc1,CO[C@H]1O[C@@H](CO[Si](c2ccccc2)(c2ccccc2)C(C)(C)C)[C@@H](OC(C)=O)[C@@H](O[C@@H]2O[C@H](CO[Si](C)(C)C(C)(C)C)[C@@H](O)[C@H](OCc3ccccc3)[C@@H]2N=[N+]=[N-])[C@@H]1N=[N+]=[N-],CO[C@H]1O[C@@H](CO[Si](c2ccccc2)(c2ccccc2)C(C)(C)C)[C@@H](OC(C)=O)[C@@H](O[C@@H]2O[C@H](CO[Si](C)(C)C(C)(C)C)[C@@H](OC(C)=O)[C@H](OCc3ccccc3)[C@@H]2N=[N+]=[N-])[C@@H]1N=[N+]=[N-],thioglycoside,43,44,43,44
SG-0d5552b56e5d48cc,0d5552b56e5d48cca5fce9de8374f690673d4ba7fd7ddc96ab0293eae3fcfa5d,93,31-010-CAS-14237873,93,31-010-CAS-14237873,1,CC(=O)OC[C@H]1O[C@H](OC(=N)C(Cl)(Cl)Cl)[C@H](OC(C)=O)[C@@H](OC(C)=O)[C@H]1OC(C)=O,CC(C)(C)[Si](OC[C@H]1O[C@@H](O[Si](c2ccccc2)(c2ccccc2)C(C)(C)C)[C@@H]2NC(=O)O[C@H]2[C@@H]1O)(c1ccccc1)c1ccccc1,CC(=O)O[C@H]1[C@@H]2OC(=O)N[C@H]2[C@H](O[Si](c2ccccc2)(c2ccccc2)C(C)(C)C)O[C@@H]1CO[Si](c1ccccc1)(c1ccccc1)C(C)(C)C,trichloroacetimidate,34,35,4,3
SG-0dea71a17d22d3ba,0dea71a17d22d3ba5530004fc304c5566eb313671aa2ce82b1b9da42162a5435,16,31-010-CAS-22198130,16,31-010-CAS-22198130,1,CC(=O)O[C@@H]1[C@@H](OC(C)=O)[C@H](OC(=N)C(Cl)(Cl)Cl)O[C@@H]2CO[C@@H](c3ccccc3)O[C@@H]12,Cc1ccc(S[C@@H]2O[C@H](CO[Si](c3ccccc3)(c3ccccc3)C(C)(C)C)[C@@H](O)[C@H](OCc3ccc4ccccc4c3)[C@H]2N=[N+]=[N-])cc1,CC(=O)O[C@H]1[C@H](OCc2ccc3ccccc3c2)[C@@H](N=[N+]=[N-])[C@H](Sc2ccc(C)cc2)O[C@@H]1CO[Si](c1ccccc1)(c1ccccc1)C(C)(C)C,trichloroacetimidate,28,29,4,3
SG-0e007169262aa59f,0e007169262aa59feb4c1758a3d36ca01e8a17b4ce9ae23343e6580853048257,1214,31-013-CAS-4617113,1214,31-013-CAS-4617113,1,CCS[C@@H]1O[C@H](COCc2ccccc2)[C@@H](OCc2ccccc2)[C@H](OCc2ccccc2)[C@H]1N1C(=O)c2ccccc2C1=O,C=CCO[C@H]1[C@H](O)[C@@H](COCc2ccccc2)O[C@H](OCc2ccccc2)[C@@H]1NC(C)=O,C=CCO[C@@H]1[C@@H](NC(C)=O)[C@@H](OCc2ccccc2)O[C@H](COCc2ccccc2)[C@H]1OC(C)=O,thioglycoside,5,6,30,31
SG-0e12ce6618c63162,0e12ce6618c6316201eb18582bb3e17959004ff76384fd57cb52be864c419b77,1017,31-013-CAS-15226119,1017,31-013-CAS-15226119,1,Cc1ccc(S[C@@H]2O[C@H](COCc3ccccc3)[C@H](OCc3ccccc3)[C@H](OCc3ccccc3)[C@H]2OCc2ccccc2)cc1,CC(=O)O[C@H]1[C@H](O)[C@@H](CO[Si](c2ccccc2)(c2ccccc2)C(C)(C)C)O[C@@H](Sc2ccc(C)cc2)[C@@H]1NC(=O)OCC(Cl)(Cl)Cl,CC(=O)O[C@@H]1[C@@H](NC(=O)OCC(Cl)(Cl)Cl)[C@H](Sc2ccc(C)cc2)O[C@H](CO[Si](c2ccccc2)(c2ccccc2)C(C)(C)C)[C@H]1OC(C)=O,thioglycoside,5,6,45,46
SG-0ea80fc454917a1e,0ea80fc454917a1e7f66ccde2ab4cf304bc9883baba25cc396825fb9d73c6250,1437,31-013-CAS-906119,1437,31-013-CAS-906119,1,O=C1c2ccccc2C(=O)N1[C@@H]1[C@@H](OCc2ccccc2)[C@@H]2O[C@H](c3ccccc3)OC[C@H]2O[C@H]1Sc1ccccc1,[N-]=[N+]=N[C@@H]1O[C@H](COCc2ccccc2)[C@@H](O)[C@H](OCc2ccccc2)[C@H]1N1C(=O)c2ccccc2C1=O,CC(=O)O[C@H]1[C@H](OCc2ccccc2)[C@@H](N2C(=O)c3ccccc3C2=O)[C@H](N=[N+]=[N-])O[C@@H]1COCc1ccccc1,thioglycoside,15,16,4,3
SG-0f34094f29f4c4ac,0f34094f29f4c4ac265fca1bad22340c33a5813bf68f2412f93ef6b5e0446cc8,67,31-010-CAS-12558988,67,31-010-CAS-12558988,1,CC(=O)O[C@H]1[C@@H](OC(C)=O)[C@@H](CCl)O[C@H](OC(=N)C(Cl)(Cl)Cl)[C@@H]1OC(C)=O,COC(=O)CCCCCCCCO[C@@H]1O[C@H](COCc2ccccc2)[C@@H](O)[C@H](O[C@@H]2O[C@@H](C)[C@@H](OCc3ccccc3)[C@@H](OCc3ccccc3)[C@@H]2OCc2ccccc2)[C@H]1NC(C)=O,COC(=O)CCCCCCCCO[C@@H]1O[C@H](COCc2ccccc2)[C@@H](OC(C)=O)[C@H](O[C@@H]2O[C@@H](C)[C@@H](OCc3ccccc3)[C@@H](OCc3ccccc3)[C@@H]2OCc2ccccc2)[C@H]1NC(C)=O,trichloroacetimidate,25,26,25,26
SG-0f6a6539481fc537,0f6a6539481fc53747b67445620a38bb17acfa75d3f64b03397754e6cee67b56,1474,31-013-CAS-3406433,1474,31-013-CAS-3406433,1,C=CCOC[C@H]1O[C@@H](O[C@H]2[C@H](OCc3ccccc3)[C@@H](N3C(=O)c4ccccc4C3=O)[C@H](SCC)O[C@@H]2COCc2ccccc2)[C@@H](OCc2ccccc2)[C@@H](OCC=C)[C@@H]1OCc1ccccc1,[N-]=[N+]=N[C@@H]1O[C@H](COCc2ccccc2)[C@@H](O)[C@H](OCc2ccccc2)[C@H]1N1C(=O)c2ccccc2C1=O,CC(=O)O[C@H]1[C@H](OCc2ccccc2)[C@@H](N2C(=O)c3ccccc3C2=O)[C@H](N=[N+]=[N-])O[C@@H]1COCc1ccccc1,thioglycoside,15,16,4,3
SG-0fa8df70a3b0f7d4,0fa8df70a3b0f7d46339c4917367da6fca25b1dd7b2d3b9842844233dd4c0c42,910,31-013-CAS-15444979,910,31-013-CAS-15444979,1,CC(=O)OC[C@H]1O[C@@H](Sc2ccc(C)cc2)[C@H](OC(=O)c2ccccc2)[C@@H](OCc2ccccc2)[C@@H]1O[C@H]1O[C@H](CO[Si](c2ccccc2)(c2ccccc2)C(C)(C)C)[C@@H](OCc2ccc3ccccc3c2)[C@H](OCc2ccc(Br)cc2)[C@H]1N=[N+]=[N-],CO[C@H]1O[C@H](COCc2ccccc2)[C@@H](O[C@@H]2O[C@H](COC(C)=O)[C@@H](O[C@H]3O[C@H](CO[Si](c4ccccc4)(c4ccccc4)C(C)(C)C)[C@@H](O)[C@H](OCc4ccc(Br)cc4)[C@H]3N=[N+]=[N-])[C@H](OCc3ccccc3)[C@H]2OC(=O)c2ccccc2)[C@H](OCc2ccccc2)[C@H]1N=[N+]=[N-],CO[C@H]1O[C@H](COCc2ccccc2)[C@@H](O[C@@H]2O[C@H](COC(C)=O)[C@@H](O[C@H]3O[C@H](CO[Si](c4ccccc4)(c4ccccc4)C(C)(C)C)[C@@H](OC(C)=O)[C@H](OCc4ccc(Br)cc4)[C@H]3N=[N+]=[N-])[C@H](OCc3ccccc3)[C@H]2OC(=O)c2ccccc2)[C@H](OCc2ccccc2)[C@H]1N=[N+]=[N-],thioglycoside,48,49,48,49
SG-0ff06d88c23c4285,0ff06d88c23c4285e11c62152b88ea87c7bf8139a9882c6a4b5ed6d2d586bb3e,1396,31-614-CAS-29322574,1396,31-614-CAS-29322574,1,COc1ccc(CO[C@H]2[C@@H](OC(=O)CCl)[C@@H](CN3C(=O)c4ccccc4C3=O)O[C@@H](Sc3ccccc3)[C@@H]2N2C(=O)c3ccccc3C2=O)cc1,COc1ccc(CO[C@H]2[C@@H](O)[C@@H](CN3C(=O)c4ccccc4C3=O)O[C@@H](O[C@@H]3[C@H](OCc4ccc(OC)cc4)[C@@H](N4C(=O)c5ccccc5C4=O)[C@H](OC)O[C@@H]3CN3C(=O)c4ccccc4C3=O)[C@@H]2N2C(=O)c3ccccc3C2=O)cc1,COc1ccc(CO[C@H]2[C@@H](OC(C)=O)[C@@H](CN3C(=O)c4ccccc4C3=O)O[C@@H](O[C@@H]3[C@H](OCc4ccc(OC)cc4)[C@@H](N4C(=O)c5ccccc5C4=O)[C@H](OC)O[C@@H]3CN3C(=O)c4ccccc4C3=O)[C@@H]2N2C(=O)c3ccccc3C2=O)cc1,thioglycoside,9,10,9,10
SG-100cc2487e88490f,100cc2487e88490feff05b964dea34c885aa0c0db6ecd3303db46d7fc8f04e66,790,31-013-CAS-12619535,790,31-013-CAS-12619535,1,COC(=O)[C@@H]1OC(Sc2ccccc2)[C@H](OC(=O)c2ccccc2)[C@@H](OCc2ccccc2)[C@@H]1O[C@H]1O[C@H](COCc2ccccc2)[C@@H](OC(=O)C(Cl)(Cl)Cl)[C@H](OCc2ccccc2)[C@H]1N=[N+]=[N-],COC(=O)[C@@H]1O[C@@H](OC)[C@H](OC(=O)c2ccccc2)[C@@H](OCc2ccccc2)[C@@H]1O[C@H]1O[C@H](COCc2ccccc2)[C@@H](O)[C@H](OCc2ccccc2)[C@H]1N=[N+]=[N-],COC(=O)[C@@H]1O[C@@H](OC)[C@H](OC(=O)c2ccccc2)[C@@H](OCc2ccccc2)[C@@H]1O[C@H]1O[C@H](COCc2ccccc2)[C@@H](OC(C)=O)[C@H](OCc2ccccc2)[C@H]1N=[N+]=[N-],thioglycoside,42,43,42,43
SG-101d0aa1dc85f8bd,101d0aa1dc85f8bd0ebba586b73d5920d7478db08c25bdc99dbd9f457e876ccc,1456,31-013-CAS-1120171,1456,31-013-CAS-1120171,1,COC(=O)[C@@]1(O[C@H]2[C@@H](OC(=O)c3ccccc3)[C@@H](COC(=O)c3ccccc3)O[C@@H](SC)[C@@H]2OC(=O)c2ccccc2)C[C@H](OC(C)=O)[C@@H](NC(C)=O)[C@H]([C@H](OC(C)=O)[C@@H](COC(C)=O)OC(C)=O)O1,C[Si](C)(C)CCO[C@@H]1O[C@H](COCc2ccccc2)[C@@H](O[C@@H]2O[C@H](COCc3ccccc3)[C@H](OCc3ccccc3)[C@H](O[C@@H]3O[C@H](COCc4ccccc4)[C@@H](O)[C@H](OCc4ccccc4)[C@H]3NC(=O)c3ccccc3)[C@H]2OCc2ccccc2)[C@H](OCc2ccccc2)[C@H]1OCc1ccccc1,CC(=O)O[C@H]1[C@H](OCc2ccccc2)[C@@H](NC(=O)c2ccccc2)[C@H](O[C@H]2[C@@H](OCc3ccccc3)[C@@H](COCc3ccccc3)O[C@@H](O[C@H]3[C@H](OCc4ccccc4)[C@@H](OCc4ccccc4)[C@H](OCC[Si](C)(C)C)O[C@@H]3COCc3ccccc3)[C@@H]2OCc2ccccc2)O[C@@H]1COCc1ccccc1,thioglycoside,56,57,4,3
SG-101d2917f1ef3acb,101d2917f1ef3acb8122a0383a738cbc007d65f8c9b6676f88a8778562b13a92,535,31-010-CAS-1415329,535,31-010-CAS-1415329,1,CC(=O)OC[C@H]1O[C@H](O[C@H]2[C@H](OCc3ccccc3)[C@@H](OC(=O)c3ccccc3)C(OC(=N)C(Cl)(Cl)Cl)O[C@@H]2COC(=O)CCl)[C@H](N=[N+]=[N-])[C@@H](OCc2ccccc2)[C@@H]1OCc1ccccc1,COc1ccc(O[C@@H]2O[C@H](COC(=O)CCl)[C@@H](O[C@H]3O[C@H](COC(C)=O)[C@@H](O[C@@H]4O[C@H](COC(=O)CCl)[C@@H](O[C@H]5O[C@H](COC(C)=O)[C@@H](O[C@@H]6O[C@H](COC(=O)CCl)[C@@H](O[C@H]7O[C@H](COC(C)=O)[C@@H](O)[C@H](OCc8ccccc8)[C@H]7N=[N+]=[N-])[C@H](OCc7ccccc7)[C@H]6OC(=O)c6ccccc6)[C@H](OCc6ccccc6)[C@H]5N=[N+]=[N-])[C@H](OCc5ccccc5)[C@H]4OC(=O)c4ccccc4)[C@H](OCc4ccccc4)[C@H]3N=[N+]=[N-])[C@H](OCc3ccccc3)[C@H]2OC(=O)c2ccccc2)cc1,COc1ccc(O[C@@H]2O[C@H](COC(=O)CCl)[C@@H](O[C@H]3O[C@H](COC(C)=O)[C@@H](O[C@@H]4O[C@H](COC(=O)CCl)[C@@H](O[C@H]5O[C@H](COC(C)=O)[C@@H](O[C@@H]6O[C@H](COC(=O)CCl)[C@@H](O[C@H]7O[C@H](COC(C)=O)[C@@H](OC(C)=O)[C@H](OCc8ccccc8)[C@H]7N=[N+]=[N-])[C@H](OCc7ccccc7)[C@H]6OC(=O)c6ccccc6)[C@H](OCc6ccccc6)[C@H]5N=[N+]=[N-])[C@H](OCc5ccccc5)[C@H]4OC(=O)c4ccccc4)[C@H](OCc4ccccc4)[C@H]3N=[N+]=[N-])[C@H](OCc3ccccc3)[C@H]2OC(=O)c2ccccc2)cc1,trichloroacetimidate,68,69,68,69
SG-1038bcb490c9d2f9,1038bcb490c9d2f94a0de2234e0db1f44fc65ab27a2e4f06c0a1cc41e92b3e7b,17,31-010-CAS-3595413,17,31-010-CAS-3595413,1,CC(=O)CCC(=O)O[C@H]1[C@H](OC(=N)C(Cl)(Cl)Cl)O[C@@H](COCc2ccccc2)[C@@H](OC(=O)OCC2c3ccccc3-c3ccccc32)[C@@H]1OCc1ccccc1,C=CCO[C@@H]1O[C@H](CO[Si](c2ccccc2)(c2ccccc2)C(C)(C)C)[C@@H](O)[C@H](OCc2ccccc2)[C@H]1N=[N+]=[N-],C=CCO[C@@H]1O[C@H](CO[Si](c2ccccc2)(c2ccccc2)C(C)(C)C)[C@@H](OC(C)=O)[C@H](OCc2ccccc2)[C@H]1N=[N+]=[N-],trichloroacetimidate,26,27,26,27
SG-103a44ac66d94fd4,103a44ac66d94fd43dc65b66755f580ad6a407952e2457cfa58d0df1d1d26cc3,173,31-010-CAS-11639207,173,31-010-CAS-11639207,1,[N-]=[N+]=N[C@H]1[C@@H](OC(=N)C(Cl)(Cl)Cl)O[C@H](COCc2ccccc2)[C@@H](OCc2ccccc2)[C@@H]1OCc1ccccc1,CCS[C@@H]1O[C@H](COCc2ccccc2)[C@@H](O)[C@H](OCc2ccccc2)[C@H]1N1C(=O)c2ccccc2C1=O,CCS[C@@H]1O[C@H](COCc2ccccc2)[C@@H](OC(C)=O)[C@H](OCc2ccccc2)[C@H]1N1C(=O)c2ccccc2C1=O,trichloroacetimidate,15,16,15,16
SG-1076f9f89bd28c14,1076f9f89bd28c14e90ac4a9bd7453d5617183b46dcc04fede2ec90e3089d046,547,31-010-CAS-7632976,547,31-010-CAS-7632976,1,COC(=O)[C@@]1(O[C@H]2[C@@H](OC(C)=O)[C@@H](COC(C)=O)O[C@@H](OC(=N)C(Cl)(Cl)Cl)[C@@H]2OC(C)=O)C[C@H](OC(C)=O)[C@@H](N(C(C)=O)C(C)=O)[C@H]([C@H](OC(C)=O)[C@@H](COC(C)=O)OC(C)=O)O1,CC(=O)O[C@H]1[C@H](OCc2ccccc2)[C@H](O[C@H]2[C@H](O)[C@@H](COCc3ccccc3)O[C@@H](Sc3ccccc3)[C@@H]2NC(=O)OCC(Cl)(Cl)Cl)O[C@@H](C)[C@H]1OC(C)=O,CC(=O)O[C@H]1[C@H](OCc2ccccc2)[C@H](O[C@@H]2[C@@H](NC(=O)OCC(Cl)(Cl)Cl)[C@H](Sc3ccccc3)O[C@H](COCc3ccccc3)[C@H]2OC(C)=O)O[C@@H](C)[C@H]1OC(C)=O,trichloroacetimidate,17,18,46,47
SG-10a81f8535828662,10a81f8535828662488428cbe7ace4bcdce6ee195e94bb2e722e20c959da38cc,1081,31-013-CAS-22664054,1081,31-013-CAS-22664054,1,Cc1ccc(S[C@@H]2O[C@@H]3CO[C@@H](c4ccccc4)O[C@H]3[C@H](OCc3ccccc3)[C@H]2OCc2ccccc2)cc1,O=C(N[C@H]1[C@H](O[C@H]2[C@H](OCc3ccccc3)[C@@H](COCc3ccccc3)O[C@H](COCc3ccc4ccccc4c3)[C@H]2OCc2ccccc2)O[C@H](COCc2ccccc2)[C@H](O)[C@@H]1O[C@@H]1O[C@H](COCc2ccccc2)[C@@H](OCc2ccccc2)[C@H](OCc2ccccc2)[C@H]1OCc1ccccc1)OCC(Cl)(Cl)Cl,CC(=O)O[C@@H]1[C@H](O[C@@H]2O[C@H](COCc3ccccc3)[C@@H](OCc3ccccc3)[C@H](OCc3ccccc3)[C@H]2OCc2ccccc2)[C@@H](NC(=O)OCC(Cl)(Cl)Cl)[C@H](O[C@H]2[C@H](OCc3ccccc3)[C@@H](COCc3ccccc3)O[C@H](COCc3ccc4ccccc4c3)[C@H]2OCc2ccccc2)O[C@@H]1COCc1ccccc1,thioglycoside,61,62,4,3
SG-10df5d09d8358f64,10df5d09d8358f6430899fd65533c566c096c5afcc11de614fc57376b809869d,987,31-013-CAS-6023114,987;988;989,31-013-CAS-6023114;31-013-CAS-503131;31-013-CAS-7578178,3,CCS[C@@H]1O[C@@H]2CO[C@@H](c3ccccc3)O[C@H]2[C@H](OCc2ccccc2)[C@H]1OC(=O)CCC(C)=O,CC(=O)CCC(=O)OC[C@H]1O[C@H](OCCCCCN(Cc2ccccc2)C(=O)OCc2ccccc2)[C@H](N=[N+]=[N-])[C@@H](OCc2ccccc2)[C@@H]1O,CC(=O)CCC(=O)OC[C@H]1O[C@H](OCCCCCN(Cc2ccccc2)C(=O)OCc2ccccc2)[C@H](N=[N+]=[N-])[C@@H](OCc2ccccc2)[C@@H]1OC(C)=O,thioglycoside,49,50,49,50
SG-114e3c6e7ad6b63a,114e3c6e7ad6b63a1c3cd580f9a290a8dbac5051650f5a4a1262f543bc8e24b8,1410,31-013-CAS-276591,1410,31-013-CAS-276591,1,CCS[C@@H]1O[C@H](COC(C)=O)[C@H](OC(C)=O)[C@H](O[C@@H]2O[C@H](COC(C)=O)[C@@H](O[C@@H]3O[C@H](COC(C)=O)[C@H](OC(C)=O)[C@H](OC(C)=O)[C@H]3O[C@@H]3O[C@@H](C)[C@@H](OC(C)=O)[C@@H](OC(C)=O)[C@@H]3OC(C)=O)[C@H](O[C@@H]3O[C@@H](C)[C@@H](OC(C)=O)[C@@H](OC(C)=O)[C@@H]3OC(C)=O)[C@H]2NC(C)=O)[C@H]1OC(=O)c1ccccc1,C[C@@H](O[C@H]1O[C@H](CO[Si](C)(C)C(C)(C)C)[C@H](O)[C@H](O)[C@H]1N=[N+]=[N-])[C@H](NC(=O)OCC1c2ccccc2-c2ccccc21)C(=O)OCc1ccccc1,CC(=O)O[C@@H]1[C@H](O)[C@@H](N=[N+]=[N-])[C@@H](O[C@H](C)[C@H](NC(=O)OCC2c3ccccc3-c3ccccc32)C(=O)OCc2ccccc2)O[C@@H]1CO[Si](C)(C)C(C)(C)C,thioglycoside,15,16,4,3
SG-1180619399bceb9f,1180619399bceb9f7c59c81316bee6ee18ff067276cd1c247498dfa12e00afbe,1065,31-013-CAS-7707758,1065,31-013-CAS-7707758,1,CCS[C@H]1O[C@H](C)[C@@H](NC(=O)[C@@H]2CCO[C@@H](c3ccccc3)O2)[C@H](OCc2ccccc2)[C@@H]1OC,COC(=O)CCCCCO[C@H]1O[C@H](C)[C@@H](NC(=O)[C@@H]2CCO[C@@H](c3ccccc3)O2)[C@H](OCc2ccccc2)[C@@H]1O,COC(=O)CCCCCO[C@H]1O[C@H](C)[C@@H](NC(=O)[C@@H]2CCO[C@@H](c3ccccc3)O2)[C@H](OCc2ccccc2)[C@@H]1OC(C)=O,thioglycoside,39,40,39,40
SG-1183059d30887029,1183059d308870296417e81df1fd1413350686daf0377bc31d3f46b4b2b89252,152,31-010-CAS-23201394,152,31-010-CAS-23201394,1,CC(=O)OC[C@H]1O[C@H](OC(=N)C(Cl)(Cl)Cl)[C@H](OC(C)=O)[C@@H](OC(C)=O)[C@H]1OC(C)=O,CC(=O)CCC(=O)O[C@@H]1[C@@H](NC(C)=O)[C@H](OCCCCCCCl)O[C@H](COC(=O)c2ccccc2)[C@H]1O[C@@H]1O[C@H](COC(=O)C(C)(C)C)[C@H](OC(C)=O)[C@H](O[C@@H]2O[C@H](COC(=O)c3ccccc3)[C@@H](O)[C@H](OC(C)=O)[C@H]2NC(=O)CCl)[C@H]1OC(C)=O,CC(=O)CCC(=O)O[C@@H]1[C@@H](NC(C)=O)[C@H](OCCCCCCCl)O[C@H](COC(=O)c2ccccc2)[C@H]1O[C@@H]1O[C@H](COC(=O)C(C)(C)C)[C@H](OC(C)=O)[C@H](O[C@@H]2O[C@H](COC(=O)c3ccccc3)[C@@H](OC(C)=O)[C@H](OC(C)=O)[C@H]2NC(=O)CCl)[C@H]1OC(C)=O,trichloroacetimidate,68,69,68,69
SG-1189b9b7ff83a48d,1189b9b7ff83a48db939a2f280fa123c870c02a91b707f3aafb6c9e89fb691f2,382,31-010-CAS-1241212,382,31-010-CAS-1241212,1,COC(=O)[C@@]1(O[C@H]2[C@@H](OC(C)=O)[C@@H](COCc3ccccc3)O[C@@H](OC(=N)C(Cl)(Cl)Cl)[C@@H]2OC(C)=O)C[C@H](OC(C)=O)[C@@H](NC(C)=O)[C@H]([C@H](OC(C)=O)[C@@H](COC(C)=O)OC(C)=O)O1,[N-]=[N+]=N[C@H]1[C@H](O[C@@H]2[C@@H](OCc3ccccc3)O[C@H](COCc3ccccc3)[C@@H](OCc3ccccc3)[C@@H]2OCc2ccccc2)O[C@H](COCc2ccccc2)[C@@H](O)[C@@H]1OCc1ccccc1,CC(=O)O[C@H]1[C@H](OCc2ccccc2)[C@@H](N=[N+]=[N-])[C@H](O[C@@H]2[C@@H](OCc3ccccc3)O[C@H](COCc3ccccc3)[C@@H](OCc3ccccc3)[C@@H]2OCc2ccccc2)O[C@@H]1COCc1ccccc1,trichloroacetimidate,56,57,4,3
SG-11a4eec7b29157fa,11a4eec7b29157fabcac0b9b0a4168aefdf526065d263cbe6f1518de68fd70b7,823,31-013-CAS-20421021,823,31-013-CAS-20421021,1,CC(=O)CCC(=O)O[C@@H]1[C@@H](OCc2ccc3ccccc3c2)[C@@H](OCc2ccccc2)[C@@H](COCc2ccccc2)O[C@H]1Sc1ccc(C)cc1,CC(C)C(C)(C)[Si](C)(C)O[C@@H]1O[C@H](COCc2ccccc2)[C@@H](O)[C@H](OCc2ccccc2)[C@H]1N=[N+]=[N-],CC(=O)O[C@H]1[C@H](OCc2ccccc2)[C@@H](N=[N+]=[N-])[C@H](O[Si](C)(C)C(C)(C)C(C)C)O[C@@H]1COCc1ccccc1,thioglycoside,22,23,4,3
SG-121a818cefc9f9ca,121a818cefc9f9ca22fdeaa35491f30f5a8b66b6dca0de88658e0004f4938c26,12,31-013-CAS-16011297,12,31-013-CAS-16011297,1,N=C(OC1O[C@@H]2CO[C@@H](c3ccccc3)O[C@H]2[C@H](OCc2ccccc2)[C@H]1OC(=O)c1ccccc1)C(Cl)(Cl)Cl,CO[C@H]1O[C@H](COC(=O)c2ccccc2)[C@@H](O)[C@H](OCc2ccccc2)[C@H]1N=[N+]=[N-],CO[C@H]1O[C@H](COC(=O)c2ccccc2)[C@@H](OC(C)=O)[C@H](OCc2ccccc2)[C@H]1N=[N+]=[N-],trichloroacetimidate,15,16,15,16
SG-12355b362bf05bc4,12355b362bf05bc46e55fbe0988bd92db90fa3fd4aa4de9e76167a3b571b9239,1152,31-013-CAS-6871905,1152,31-013-CAS-6871905,1,O=C(CCl)O[C@@H]1[C@@H](O[C@H]2[C@@H](OCc3ccccc3)[C@H](OCc3ccccc3)[C@@H](COCc3ccccc3)O[C@@H]2Sc2ccccc2)O[C@H](COCc2ccccc2)[C@@H](OCc2ccccc2)[C@@H]1OCc1ccccc1,[N-]=[N+]=N[C@@H]1O[C@H](COCc2ccccc2)[C@H](O)[C@H](OC(=O)c2ccccc2)[C@H]1NC(=O)OCC(Cl)(Cl)Cl,CC(=O)O[C@@H]1[C@H](OC(=O)c2ccccc2)[C@@H](NC(=O)OCC(Cl)(Cl)Cl)[C@H](N=[N+]=[N-])O[C@@H]1COCc1ccccc1,thioglycoside,15,16,4,3
SG-123e37912de66ba9,123e37912de66ba906be073766730e1747ceaf5f22833ec700f82845e9e54200,1481,31-013-CAS-14582829,1481,31-013-CAS-14582829,1,CC(=O)O[C@H]1[C@@H](OC(C)=O)[C@@H](COCc2ccccc2)O[C@@H](Sc2ccccc2)[C@@H]1OC(C)=O,COc1ccc(O[C@@H]2O[C@H](COCc3ccccc3)[C@@H](O)[C@H](O)[C@H]2N2C(=O)c3c(Cl)c(Cl)c(Cl)c(Cl)c3C2=O)cc1,COc1ccc(O[C@@H]2O[C@H](COCc3ccccc3)[C@@H](OC(C)=O)[C@H](O)[C@H]2N2C(=O)c3c(Cl)c(Cl)c(Cl)c(Cl)c3C2=O)cc1,thioglycoside,19,20,19,20
SG-123ef0c7816b09c4,123ef0c7816b09c4bfdbc8a38aedfc2e4715534d14d4cd84a2a5e8aad12d5413,676,31-013-CAS-20094021,676,31-013-CAS-20094021,1,COC(=O)[C@H]1O[C@@H](SC)[C@H](OC(=O)c2ccccc2)[C@@H](OC(=O)c2ccccc2)[C@@H]1OC(=O)c1ccccc1,CO[C@H]1O[C@H](COC(=O)c2ccccc2)[C@@H](O)[C@H](OCc2ccccc2)[C@H]1N=[N+]=[N-],CO[C@H]1O[C@H](COC(=O)c2ccccc2)[C@@H](OC(C)=O)[C@H](OCc2ccccc2)[C@H]1N=[N+]=[N-],thioglycoside,15,16,15,16
SG-13052e645169e62d,13052e645169e62dba1ec9bf114d8ee123d4fceef31424059fb6aab4006c4056,26,31-614-CAS-31203171,26,31-614-CAS-31203171,1,CC(=O)OC[C@H]1O[C@H](OC(=N)C(Cl)(Cl)Cl)[C@@H](OC(C)=O)[C@@H](OC(C)=O)[C@@H]1OC(C)=O,C=CCO[C@@H]1[C@H](OCc2ccc3ccccc3c2)[C@H](OCc2ccc3ccccc3c2)[C@@H](OCc2ccc3ccccc3c2)[C@H](OCc2ccc3ccccc3c2)[C@H]1O[C@H]1O[C@H](COCc2ccc3ccccc3c2)[C@@H](O)[C@H](OCc2ccc3ccccc3c2)[C@H]1N=[N+]=[N-],C=CCO[C@@H]1[C@H](OCc2ccc3ccccc3c2)[C@H](OCc2ccc3ccccc3c2)[C@@H](OCc2ccc3ccccc3c2)[C@H](OCc2ccc3ccccc3c2)[C@H]1O[C@H]1O[C@H](COCc2ccc3ccccc3c2)[C@@H](OC(C)=O)[C@H](OCc2ccc3ccccc3c2)[C@H]1N=[N+]=[N-],trichloroacetimidate,75,76,75,76
SG-13054e9f978e049a,13054e9f978e049a80d9dd5e22e74f3918661541af25de87759a74b15f5e715e,581,31-010-CAS-22593840,581,31-010-CAS-22593840,1,CC(=O)OC[C@H]1O[C@H](O[C@H]2[C@H](OCc3ccccc3)[C@@H](OC(=O)c3ccccc3)[C@H](OC(=Nc3ccccc3)C(F)(F)F)O[C@@H]2COC(=O)CCl)[C@H](N=[N+]=[N-])[C@@H](OCc2ccccc2)[C@@H]1OC(=O)OCC1c2ccccc2-c2ccccc21,COc1ccc(O[C@@H]2O[C@H](COC(=O)CCl)[C@@H](O[C@H]3O[C@H](COC(C)=O)[C@@H](O)[C@H](OCc4ccccc4)[C@H]3N=[N+]=[N-])[C@H](OCc3ccccc3)[C@H]2OC(=O)c2ccccc2)cc1,COc1ccc(O[C@@H]2O[C@H](COC(=O)CCl)[C@@H](O[C@H]3O[C@H](COC(C)=O)[C@@H](OC(C)=O)[C@H](OCc4ccccc4)[C@H]3N=[N+]=[N-])[C@H](OCc3ccccc3)[C@H]2OC(=O)c2ccccc2)cc1,trifluoroacetimidate,26,27,26,27
SG-130bbf7bc0cd003c,130bbf7bc0cd003c2cf6ee2e66f7f05b1b9271b1d704883f4a0c64b7ace5352d,1161,31-301-CAS-8365944,1161,31-301-CAS-8365944,1,O=S(c1ccccc1)[C@H]1O[C@@H]2CO[C@@H](c3ccccc3)O[C@H]2[C@H](OCc2ccccc2)[C@@H]1OCc1ccccc1,CO[C@@H]1O[C@H](COCc2ccccc2)[C@@H](O)[C@H](OCc2ccccc2)[C@H]1N1C(=O)c2ccccc2C1=O,CO[C@@H]1O[C@H](COCc2ccccc2)[C@@H](OC(C)=O)[C@H](OCc2ccccc2)[C@H]1N1C(=O)c2ccccc2C1=O,thioglycoside,14,15,14,15
SG-134443e6745b5aba,134443e6745b5abae4a4597747ab9c1adb4ad33e53c545c622841e957a0dbb07,190,31-010-CAS-146470,190,31-010-CAS-146470,1,CC(=O)OC[C@H]1O[C@H](OC(=N)C(Cl)(Cl)Cl)[C@H](OC(C)=O)[C@@H](OC(C)=O)[C@H]1OC(C)=O,CC(=O)O[C@H]1[C@H](OC(C)=O)[C@H](O[C@H]2[C@H](O)[C@@H](COC(=O)c3ccccc3)O[C@@H](Sc3ccccc3)[C@@H]2N2C(=O)c3ccccc3C2=O)O[C@@H](C)[C@H]1OC(C)=O,CC(=O)O[C@H]1[C@H](OC(C)=O)[C@H](O[C@H]2[C@H](OC(C)=O)[C@@H](COC(=O)c3ccccc3)O[C@@H](Sc3ccccc3)[C@@H]2N2C(=O)c3ccccc3C2=O)O[C@@H](C)[C@H]1OC(C)=O,trichloroacetimidate,13,14,13,14
SG-1367ec813e16a768,1367ec813e16a7689f3b71411613e5a2645420302bc69f8433121f8e76159535,326,31-010-CAS-12229862,326,31-010-CAS-12229862,1,CC(=O)OC[C@H]1O[C@H](OC(=N)C(Cl)(Cl)Cl)[C@H](NC(=O)OCc2ccccc2)[C@@H](OC(C)=O)[C@@H]1OC(C)=O,CC(=O)O[C@H]1[C@H](O)[C@@H](COCc2ccccc2)O[C@@H](O[C@H]2[C@H](O)[C@H]3N=C(C)S[C@H]3O[C@@H]2COCc2ccccc2)[C@@H]1NC(=O)OCc1ccccc1,CC(=O)O[C@@H]1[C@@H](NC(=O)OCc2ccccc2)[C@H](O[C@H]2[C@H](O)[C@H]3N=C(C)S[C@H]3O[C@@H]2COCc2ccccc2)O[C@H](COCc2ccccc2)[C@H]1OC(C)=O,trichloroacetimidate,5,6,50,51
SG-1388b862918afb88,1388b862918afb88ef4124f2f16bf736622d0133d4103d77309801954cf55c80,937,31-013-CAS-11635380,937,31-013-CAS-11635380,1,CCS[C@H]1O[C@@H](C)[C@@H](OCc2ccccc2)[C@@H](OCc2ccccc2)[C@@H]1OCc1ccccc1,CO[C@@H]1O[C@H](COCc2ccccc2)[C@@H](O)[C@H](O[C@@H]2O[C@H](COC(C)=O)[C@@H](OC(C)=O)[C@H](OC(C)=O)[C@H]2OC(C)=O)[C@H]1N(C(C)=O)C(C)=O,CO[C@@H]1O[C@H](COCc2ccccc2)[C@@H](OC(C)=O)[C@H](O[C@@H]2O[C@H](COC(C)=O)[C@@H](OC(C)=O)[C@H](OC(C)=O)[C@H]2OC(C)=O)[C@H]1N(C(C)=O)C(C)=O,thioglycoside,14,15,14,15
SG-13c4234c041c8687,13c4234c041c86876dbb5b4e75c6ae1ce9ee1749c55b97822fe5bea32563ebb4,766,31-013-CAS-15879290,766,31-013-CAS-15879290,1,COC(=O)[C@@H]1O[C@H](Sc2ccccc2)[C@H](OC(=O)c2ccccc2)[C@@H](OCc2ccccc2)[C@@H]1O[C@H]1O[C@H](COC(C)=O)[C@@H](OCc2ccc(OC)cc2)[C@H](OCc2ccccc2)[C@H]1N=[N+]=[N-],COC(=O)[C@@H]1O[C@@H](OC)[C@H](OC(=O)c2ccccc2)[C@@H](OCc2ccccc2)[C@@H]1O[C@H]1O[C@H](COC(C)=O)[C@@H](O[C@@H]2O[C@@H](C(=O)OC)[C@@H](O[C@H]3O[C@H](COCc4ccccc4)[C@@H](O)[C@H](OCc4ccccc4)[C@H]3N=[N+]=[N-])[C@H](OCc3ccccc3)[C@H]2OC(=O)c2ccccc2)[C@H](OCc2ccccc2)[C@H]1N=[N+]=[N-],COC(=O)[C@@H]1O[C@@H](OC)[C@H](OC(=O)c2ccccc2)[C@@H](OCc2ccccc2)[C@@H]1O[C@H]1O[C@H](COC(C)=O)[C@@H](O[C@@H]2O[C@@H](C(=O)OC)[C@@H](O[C@H]3O[C@H](COCc4ccccc4)[C@@H](OC(C)=O)[C@H](OCc4ccccc4)[C@H]3N=[N+]=[N-])[C@H](OCc3ccccc3)[C@H]2OC(=O)c2ccccc2)[C@H](OCc2ccccc2)[C@H]1N=[N+]=[N-],thioglycoside,61,62,61,62
SG-13d35e52f613e95b,13d35e52f613e95bb936fb23511a3b580ebf4af9705be4c6553167014912e91c,1222,31-013-CAS-17791389,1222,31-013-CAS-17791389,1,CC(=O)N1C(=O)O[C@H]2[C@@H](O[Si](C)(C)C(C)(C)C)[C@@H](COCc3ccccc3)O[C@H](Sc3ccc(C)cc3)[C@@H]21,C#CCO[C@H]1O[C@H](COCc2ccccc2)[C@H](O[C@H]2O[C@H](COCc3ccccc3)[C@H](O[C@H]3O[C@H](COCc4ccccc4)[C@H](O)[C@@H]4OC(=O)N(C(C)=O)[C@@H]34)[C@@H]3OC(=O)N(C(C)=O)[C@@H]23)[C@@H]2OC(=O)N(C(C)=O)[C@@H]12,C#CCO[C@H]1O[C@H](COCc2ccccc2)[C@H](O[C@H]2O[C@H](COCc3ccccc3)[C@H](O[C@H]3O[C@H](COCc4ccccc4)[C@H](OC(C)=O)[C@@H]4OC(=O)N(C(C)=O)[C@@H]34)[C@@H]3OC(=O)N(C(C)=O)[C@@H]23)[C@@H]2OC(=O)N(C(C)=O)[C@@H]12,thioglycoside,44,45,44,45
SG-13db33bb9992f5d9,13db33bb9992f5d9f53bc6f3b14da517b08733820bfefb310dceba40b9b8d357,1439,31-013-CAS-7488283,1439,31-013-CAS-7488283,1,CCS[C@@H]1O[C@@H]2CO[C@@H](c3ccccc3)O[C@H]2[C@H](OCc2ccccc2)[C@H]1N1C(=O)c2ccccc2C1=O,[N-]=[N+]=N[C@@H]1O[C@H](COCc2ccccc2)[C@@H](O)[C@H](OCc2ccccc2)[C@H]1N1C(=O)c2ccccc2C1=O,CC(=O)O[C@H]1[C@H](OCc2ccccc2)[C@@H](N2C(=O)c3ccccc3C2=O)[C@H](N=[N+]=[N-])O[C@@H]1COCc1ccccc1,thioglycoside,15,16,4,3
SG-13e4701a0be27a92,13e4701a0be27a928e2528e096aa690438f6bd511a4b9f0322785883b9b59723,472,31-010-CAS-8875655,472,31-010-CAS-8875655,1,COC(=O)[C@@H]1OC(OC(=N)C(Cl)(Cl)Cl)[C@H](OC(C)=O)[C@@H](OCc2ccccc2)[C@@H]1O[C@H]1O[C@H](COC(C)=O)[C@@H](OCc2ccc(OC)cc2)[C@H](OCc2ccccc2)[C@H]1N=[N+]=[N-],COC(=O)[C@@H]1O[C@@H](OC(C)=O)[C@H](OC(C)=O)[C@@H](OCc2ccccc2)[C@@H]1O[C@H]1O[C@H](COC(C)=O)[C@@H](O)[C@H](OCc2ccccc2)[C@H]1N=[N+]=[N-],COC(=O)[C@@H]1O[C@@H](OC(C)=O)[C@H](OC(C)=O)[C@@H](OCc2ccccc2)[C@@H]1O[C@H]1O[C@H](COC(C)=O)[C@@H](OC(C)=O)[C@H](OCc2ccccc2)[C@H]1N=[N+]=[N-],trichloroacetimidate,35,36,35,36
SG-13f9015131667c34,13f9015131667c341ca7da65f2895c4edd5f064808e876be673497f5f78747de,763,31-013-CAS-6495154,763;764;765,31-013-CAS-6495154;31-013-CAS-3733563;31-013-CAS-11369982,3,CCS[C@@H]1O[C@@H]2CO[C@@H](c3ccccc3)O[C@H]2[C@H](OCc2ccccc2)[C@H]1OC(C)=O,CC(=O)OC[C@H]1O[C@@H](O[Si](C)(C)C(C)(C)C(C)C)[C@H](N=[N+]=[N-])[C@@H](OCc2ccccc2)[C@@H]1O,CC(=O)OC[C@H]1O[C@@H](O[Si](C)(C)C(C)(C)C(C)C)[C@H](N=[N+]=[N-])[C@@H](OCc2ccccc2)[C@@H]1OC(C)=O,thioglycoside,31,32,31,32
SG-141c1e0d3bf20953,141c1e0d3bf209534fe510aba9ae45a5d73b3e8dbce653a5fb235169f90f3c9c,647,31-614-CAS-42575643,647,31-614-CAS-42575643,1,COC(=O)[C@@]1(O[C@H]2[C@@H](OC(C)=O)[C@@H](COC(C)=O)O[C@@H](OC(=Nc3ccccc3)C(F)(F)F)[C@@H]2OC(C)=O)C[C@@H]2OC(=O)N(C(C)=O)[C@H]2[C@H]([C@H](OC(C)=O)[C@@H](COC(C)=O)OC(C)=O)O1,CC(=O)O[C@H]1[C@H](OCc2ccc3ccccc3c2)[C@H](O[C@H]2[C@H](O)[C@@H](COCc3ccc4ccccc4c3)O[C@@H](Sc3c(C)cccc3C)[C@@H]2NC(=O)OCC(Cl)(Cl)Cl)O[C@@H](C)[C@H]1OC(C)=O,CC(=O)O[C@H]1[C@H](OCc2ccc3ccccc3c2)[C@H](O[C@@H]2[C@@H](NC(=O)OCC(Cl)(Cl)Cl)[C@H](Sc3c(C)cccc3C)O[C@H](COCc3ccc4ccccc4c3)[C@H]2OC(C)=O)O[C@@H](C)[C@H]1OC(C)=O,trifluoroacetimidate,21,22,56,57
SG-145e46adc65039c1,145e46adc65039c13b2b93f8e09f2b45d78592d11865db9389edbb3c6bc3b49e,615,31-010-CAS-22654654,615,31-010-CAS-22654654,1,CC(C)[Si](O[C@@H]1[C@H](OC(=Nc2ccccc2)C(F)(F)F)O[C@@H](C)[C@@H](OC(=O)c2ccccc2)[C@H]1OC(=O)c1ccccc1)(C(C)C)C(C)C,CC(=O)OC[C@H]1O[C@@H](O[C@H]2[C@H](O)[C@@H](CO[Si](c3ccccc3)(c3ccccc3)C(C)(C)C)O[C@@H](O[C@@H]3[C@@H](OC(=O)c4ccccc4)[C@H](C)O[C@@H](Oc4ccc(OCCCl)cc4)[C@@H]3OC(=O)c3ccccc3)[C@@H]2NC(=O)C(F)(F)F)[C@H](OC(C)=O)[C@@H](OC(C)=O)[C@H]1OC(C)=O,CC(=O)OC[C@H]1O[C@@H](O[C@@H]2[C@@H](NC(=O)C(F)(F)F)[C@H](O[C@@H]3[C@@H](OC(=O)c4ccccc4)[C@H](C)O[C@@H](Oc4ccc(OCCCl)cc4)[C@@H]3OC(=O)c3ccccc3)O[C@H](CO[Si](c3ccccc3)(c3ccccc3)C(C)(C)C)[C@H]2OC(C)=O)[C@H](OC(C)=O)[C@@H](OC(C)=O)[C@H]1OC(C)=O,trifluoroacetimidate,10,11,77,78
SG-147d800ba67398d8,147d800ba67398d8e38fbea7e71b6960b98794d9b7e27cb7bd9c133f3ca11f52,238,31-010-CAS-2752672,238,31-010-CAS-2752672,1,CC(=O)OC[C@H]1O[C@H](OC(=N)C(Cl)(Cl)Cl)[C@H](NC(=O)OCC(Cl)(Cl)Cl)[C@@H](OC(C)=O)[C@@H]1OC(C)=O,CC(=O)N[C@H]1[C@@H](OCc2ccccc2)O[C@H](COCc2ccccc2)[C@@H](O)[C@@H]1O[C@H](C)C(=O)OCCS(=O)(=O)c1ccccc1,CC(=O)N[C@H]1[C@@H](OCc2ccccc2)O[C@H](COCc2ccccc2)[C@@H](OC(C)=O)[C@@H]1O[C@H](C)C(=O)OCCS(=O)(=O)c1ccccc1,trichloroacetimidate,25,26,25,26
SG-14b8f29959a52ffd,14b8f29959a52ffd61b94b2decc5412f9628dfd203d96cf770f6991052e48764,92,31-010-CAS-10738271,92,31-010-CAS-10738271,1,CC(=O)OC[C@H]1O[C@H](OC(=N)C(Cl)(Cl)Cl)[C@H](OC(C)=O)[C@@H](OC(C)=O)[C@@H]1OC(C)=O,C=CCOC(=O)O[C@H]1[C@H](O)[C@@H](COCc2ccccc2)O[C@@H](OC)[C@@H]1NC(C)=O,C=CCOC(=O)O[C@@H]1[C@@H](NC(C)=O)[C@H](OC)O[C@H](COCc2ccccc2)[C@H]1OC(C)=O,trichloroacetimidate,8,9,27,28
SG-14db5d4050e83fa9,14db5d4050e83fa94499c12a3c69e59eccf00361bcf8f5b6f049365d3d639384,1496,31-013-CAS-15382044,1496,31-013-CAS-15382044,1,CC(=O)OC[C@H]1O[C@@H](Sc2ccc(C)cc2)[C@H](N2C(=O)c3ccccc3C2=O)[C@@H](OC(C)=O)[C@@H]1OC(C)=O,Cc1ccc(S[C@@H]2O[C@H](COC(=O)c3ccccc3)[C@@H](O)[C@H](OC(=O)c3ccccc3)[C@H]2NC(=O)OCC(Cl)(Cl)Cl)cc1,CC(=O)O[C@H]1[C@H](OC(=O)c2ccccc2)[C@@H](NC(=O)OCC(Cl)(Cl)Cl)[C@H](Sc2ccc(C)cc2)O[C@@H]1COC(=O)c1ccccc1,thioglycoside,19,20,4,3
SG-154b87f7cad0e401,154b87f7cad0e401fac116541c8d2912f052536d47e19d41865a9c751059c7ed,670,31-301-CAS-1576844,670,31-301-CAS-1576844,1,O=S(c1ccccc1)[C@H]1O[C@@H]2CO[C@@H](c3ccccc3)O[C@H]2[C@H](OCc2ccccc2)[C@@H]1OCc1ccccc1,[N-]=[N+]=N[C@H]1[C@@H]2OC[C@@H](O2)[C@@H](O)[C@@H]1OCc1ccccc1,CC(=O)O[C@H]1[C@H](OCc2ccccc2)[C@@H](N=[N+]=[N-])[C@@H]2OC[C@H]1O2,thioglycoside,9,10,4,3
SG-154b9075b3d7e9a3,154b9075b3d7e9a3a1ef245fc834376ec0c3f7db58a11fdf9029d489aefd24d7,1028,31-013-CAS-20281590,1028,31-013-CAS-20281590,1,C#CCO[C@H]1[C@@H](OCc2ccc(OC)cc2)[C@@H]2O[C@H](c3ccccc3)OC[C@H]2O[C@@H]1Sc1ccc(C)cc1,COc1ccc(O[C@H]2O[C@H](COCc3ccccc3)[C@@H](O)[C@H](OC(C)=O)[C@H]2NC(=O)OCC(Cl)(Cl)Cl)cc1,COc1ccc(O[C@H]2O[C@H](COCc3ccccc3)[C@@H](OC(C)=O)[C@H](OC(C)=O)[C@H]2NC(=O)OCC(Cl)(Cl)Cl)cc1,thioglycoside,19,20,19,20
SG-1559ff6543be1f28,1559ff6543be1f2845da0569a37bb15f775dbafb6d5796ae4fc33ccc48bc46fd,1368,31-013-CAS-7890438,1368;1369,31-013-CAS-7890438;31-013-CAS-9552016,2,C[C@@H]1O[C@H](Sc2ccccc2)[C@@H](OCc2ccccc2)[C@H](OCc2ccccc2)[C@@H]1OCc1ccccc1,COC(=O)[C@@]1(OC[C@H]2O[C@@H](O[C@H]3[C@@H](OCc4ccccc4)[C@@H](COCc4ccccc4)O[C@@H](O[C@H]4[C@H](OCc5ccccc5)[C@@H](OCc5ccccc5)[C@H](OCC[Si](C)(C)C)O[C@@H]4COCc4ccccc4)[C@@H]3OCc3ccccc3)[C@H](NC(C)=O)[C@@H](O[C@@H]3O[C@H](COC(=O)c4ccccc4)[C@H](OC(=O)c4ccccc4)[C@H](O[C@]4(C(=O)OC)C[C@H](OC(C)=O)[C@@H](NC(C)=O)[C@H]([C@H](OC(C)=O)[C@@H](COC(C)=O)OC(C)=O)O4)[C@H]3OC(=O)c3ccccc3)[C@@H]2O)C[C@H](OC(C)=O)[C@@H](NC(C)=O)[C@H]([C@H](OC(C)=O)[C@@H](COC(C)=O)OC(C)=O)O1,COC(=O)[C@@]1(OC[C@H]2O[C@@H](O[C@H]3[C@@H](OCc4ccccc4)[C@@H](COCc4ccccc4)O[C@@H](O[C@H]4[C@H](OCc5ccccc5)[C@@H](OCc5ccccc5)[C@H](OCC[Si](C)(C)C)O[C@@H]4COCc4ccccc4)[C@@H]3OCc3ccccc3)[C@H](NC(C)=O)[C@@H](O[C@@H]3O[C@H](COC(=O)c4ccccc4)[C@H](OC(=O)c4ccccc4)[C@H](O[C@]4(C(=O)OC)C[C@H](OC(C)=O)[C@@H](NC(C)=O)[C@H]([C@H](OC(C)=O)[C@@H](COC(C)=O)OC(C)=O)O4)[C@H]3OC(=O)c3ccccc3)[C@@H]2OC(C)=O)C[C@H](OC(C)=O)[C@@H](NC(C)=O)[C@H]([C@H](OC(C)=O)[C@@H](COC(C)=O)OC(C)=O)O1,thioglycoside,156,157,156,157
SG-16192bb7218fd5be,16192bb7218fd5beb65d2f81cd574f25c4b78238a86952cb620a672da5691d4a,1407,31-013-CAS-17868344,1407,31-013-CAS-17868344,1,CS[C@@H]1O[C@H](COC(C)=O)[C@H](OC(C)=O)[C@H](N=[N+]=[N-])[C@H]1OC(C)=O,CO[C@@H]1O[C@H](COC(C)=O)[C@@H](O)[C@H](O)[C@H]1N1C(=O)c2c(Cl)c(Cl)c(Cl)c(Cl)c2C1=O,CO[C@@H]1O[C@H](COC(C)=O)[C@@H](OC(C)=O)[C@H](O)[C@H]1N1C(=O)c2c(Cl)c(Cl)c(Cl)c(Cl)c2C1=O,thioglycoside,10,11,10,11
SG-162b6108251f423d,162b6108251f423da3f197b4b241717da51bd251e5017d3d5abb6ffd4f5b2c68,643,31-010-CAS-18600277,643,31-010-CAS-18600277,1,COC(=O)[C@@]1(O[C@H]2[C@@H](OC(=O)c3ccccc3)[C@@H](COC(=O)c3ccccc3)OC(OC(=Nc3ccccc3)C(F)(F)F)[C@@H]2OC(=O)c2ccccc2)C[C@H](OC(C)=O)[C@@H](NC(C)=O)[C@H]([C@H](OC(C)=O)[C@@H](COC(C)=O)OC(C)=O)O1,CC(C)(C)[Si](OC[C@H]1O[C@@H](OCCCN=[N+]=[N-])[C@H](N2C(=O)c3ccccc3C2=O)[C@@H](OCc2ccccc2)[C@@H]1O)(c1ccccc1)c1ccccc1,CC(=O)O[C@H]1[C@H](OCc2ccccc2)[C@@H](N2C(=O)c3ccccc3C2=O)[C@H](OCCCN=[N+]=[N-])O[C@@H]1CO[Si](c1ccccc1)(c1ccccc1)C(C)(C)C,trifluoroacetimidate,38,39,4,3
SG-165643abeb0aac30,165643abeb0aac308335219e3254b249f417d8f3d7ea65d90d6e738a93b14a44,882,31-013-CAS-7147589,882,31-013-CAS-7147589,1,CCS[C@H]1O[C@@H](C)[C@H](OC(C)=O)[C@@H](OC(C)=O)[C@H]1OC(C)=O,CO[C@@H]1O[C@H](COCc2ccccc2)[C@@H](O)[C@H](O[C@@H]2O[C@H](COC(C)=O)[C@H](OC(C)=O)[C@H](OC(C)=O)[C@H]2OC(C)=O)[C@H]1NC(C)=O,CO[C@@H]1O[C@H](COCc2ccccc2)[C@@H](OC(C)=O)[C@H](O[C@@H]2O[C@H](COC(C)=O)[C@H](OC(C)=O)[C@H](OC(C)=O)[C@H]2OC(C)=O)[C@H]1NC(C)=O,thioglycoside,14,15,14,15
SG-16607c993138ddce,16607c993138ddce6f483ce8d6347090f053a7c86bb23da91f4114a3f489403f,738,31-013-CAS-5495213,738,31-013-CAS-5495213,1,CS[C@H]1O[C@H](CO[C@H]2O[C@H](COCc3ccccc3)[C@@H](OCc3ccccc3)[C@H](OCc3ccccc3)[C@@H]2OCc2ccccc2)[C@@H](OCc2ccccc2)[C@H](OCc2ccccc2)[C@@H]1OCc1ccccc1,CC(C)(C)[Si](C)(C)O[C@@H]1O[C@H](COCc2ccccc2)[C@@H](O)[C@H](OCc2ccccc2)[C@H]1N=[N+]=[N-],CC(=O)O[C@H]1[C@H](OCc2ccccc2)[C@@H](N=[N+]=[N-])[C@H](O[Si](C)(C)C(C)(C)C)O[C@@H]1COCc1ccccc1,thioglycoside,20,21,4,3
SG-168f06fc86b049a8,168f06fc86b049a8733566e8b262ae0281f2a0c641c3f543312ee328d0e40a1b,1484,31-013-CAS-11684215,1484,31-013-CAS-11684215,1,CC(=O)OC[C@H]1O[C@@H](OC[C@H]2O[C@@H](OC[C@H]3O[C@@H](Sc4ccccc4)[C@H](N4C(=O)c5ccccc5C4=O)[C@@H](OC(=O)c4ccccc4)[C@@H]3OC(=O)c3ccccc3)[C@H](N3C(=O)c4ccccc4C3=O)[C@@H](OC(=O)c3ccccc3)[C@@H]2OC(=O)c2ccccc2)[C@H](N2C(=O)c3ccccc3C2=O)[C@@H](OC(C)=O)[C@@H]1OC(C)=O,CC(=O)O[C@H]1[C@H](O)[C@@H](COCc2ccccc2)O[C@@H](Sc2ccccc2)[C@@H]1N1C(=O)c2ccccc2C1=O,CC(=O)O[C@H]1[C@H](OC(C)=O)[C@@H](COCc2ccccc2)O[C@@H](Sc2ccccc2)[C@@H]1N1C(=O)c2ccccc2C1=O,thioglycoside,5,6,5,6
SG-16b9edd9f5417982,16b9edd9f5417982dd038328d6809dca8ae7d400bfaa865251025f695af7b1e9,536,31-010-CAS-3485314,536,31-010-CAS-3485314,1,CC(=O)OC[C@H]1O[C@H](O[C@H]2[C@H](OCc3ccccc3)[C@@H](OC(=O)c3ccccc3)C(OC(=N)C(Cl)(Cl)Cl)O[C@@H]2COC(=O)CCl)[C@H](N=[N+]=[N-])[C@@H](OCc2ccccc2)[C@@H]1OC(=O)OCC1c2ccccc2-c2ccccc21,COc1ccc(O[C@@H]2O[C@@H](COC(=O)CCl)[C@@H](O[C@H]3O[C@H](COC(C)=O)[C@@H](O)[C@H](OCc4ccccc4)[C@H]3N=[N+]=[N-])[C@H](OCc3ccccc3)[C@H]2OC(=O)c2ccccc2)cc1,COc1ccc(O[C@@H]2O[C@@H](COC(=O)CCl)[C@@H](O[C@H]3O[C@H](COC(C)=O)[C@@H](OC(C)=O)[C@H](OCc4ccccc4)[C@H]3N=[N+]=[N-])[C@H](OCc3ccccc3)[C@H]2OC(=O)c2ccccc2)cc1,trichloroacetimidate,26,27,26,27
SG-16c37e4b79d70080,16c37e4b79d70080c3115824216e9a30e2b67b15d7a812c5e0e0a1b9ede6dff0,1342,31-614-CAS-44041095,1342,31-614-CAS-44041095,1,CCS[C@@H]1O[C@H](COC(=O)c2ccccc2)[C@H](OCc2ccccc2)[C@H](OC(=O)CCC(C)=O)[C@H]1OC(=O)c1ccccc1,O=C(OC[C@H]1O[C@@H](O[C@H]2[C@@H](OCc3ccccc3)[C@@H](COC(=O)c3ccccc3)O[C@@H](O[C@H]3[C@H](OCc4ccccc4)[C@@H](OCc4ccccc4)[C@H](OCc4ccccc4)O[C@@H]3COCc3ccccc3)[C@@H]2OC(=O)c2ccccc2)[C@H](N2C(=O)c3ccccc3C2=O)[C@@H](OCc2ccccc2)[C@@H]1O)c1ccccc1,CC(=O)O[C@H]1[C@H](OCc2ccccc2)[C@@H](N2C(=O)c3ccccc3C2=O)[C@H](O[C@H]2[C@@H](OCc3ccccc3)[C@@H](COC(=O)c3ccccc3)O[C@@H](O[C@H]3[C@H](OCc4ccccc4)[C@@H](OCc4ccccc4)[C@H](OCc4ccccc4)O[C@@H]3COCc3ccccc3)[C@@H]2OC(=O)c2ccccc2)O[C@@H]1COC(=O)c1ccccc1,thioglycoside,102,103,4,3
SG-16f2edc71b258c2a,16f2edc71b258c2a0e99c25c9830df45b789790ce5ee15ead0f4207071752e82,901,31-614-CAS-27463098,901,31-614-CAS-27463098,1,Cc1ccc(S[C@@H]2O[C@H](COC(=O)OCC3c4ccccc4-c4ccccc43)[C@@H](OCc3ccccc3)[C@H](OCc3ccccc3)[C@H]2OCc2ccccc2)cc1,CC(C)(C)[Si](Oc1ccc(O[C@H]2O[C@H](COCc3ccccc3)[C@H](O)[C@H](O[C@@H]3O[C@H](COC(=O)OCC4c5ccccc5-c5ccccc54)[C@@H](OC(=O)c4ccccc4)[C@H](OC(=O)c4ccccc4)[C@H]3OC(=O)c3ccccc3)[C@H]2N=[N+]=[N-])cc1)(c1ccccc1)c1ccccc1,CC(=O)O[C@@H]1[C@H](O[C@@H]2O[C@H](COC(=O)OCC3c4ccccc4-c4ccccc43)[C@@H](OC(=O)c3ccccc3)[C@H](OC(=O)c3ccccc3)[C@H]2OC(=O)c2ccccc2)[C@@H](N=[N+]=[N-])[C@@H](Oc2ccc(O[Si](c3ccccc3)(c3ccccc3)C(C)(C)C)cc2)O[C@@H]1COCc1ccccc1,thioglycoside,23,24,4,3
SG-1701f4d753941d35,1701f4d753941d35d2c964b50375d175c92f775d5a1695837e299fd864b30855,1139,31-013-CAS-8773116,1139,31-013-CAS-8773116,1,CCS[C@@H]1O[C@H](COCc2ccccc2)[C@H](OC(C)=O)[C@H](OC(C)=O)[C@H]1OC(C)=O,CCS[C@@H]1O[C@H](COCc2ccccc2)[C@@H](O)[C@H](O)[C@H]1N1C(=O)c2ccccc2C1=O,CCS[C@@H]1O[C@H](COCc2ccccc2)[C@@H](OC(C)=O)[C@H](O)[C@H]1N1C(=O)c2ccccc2C1=O,thioglycoside,15,16,15,16
SG-1714fd416875bfd9,1714fd416875bfd90c4321dd92395edf3aa9dcc013fb43dde8d2e84cb668bd42,1230,31-013-CAS-11927315,1230,31-013-CAS-11927315,1,CCS[C@@H]1O[C@H](COCc2ccccc2)[C@@H](OC(=O)CCl)[C@H](OCc2ccccc2)[C@H]1N1C(=O)c2ccccc2C1=O,COc1ccc(OC[C@H]2O[C@@H](OC)[C@H](N3C(=O)c4ccccc4C3=O)[C@@H](OCc3ccccc3)[C@@H]2O)cc1,COc1ccc(OC[C@H]2O[C@@H](OC)[C@H](N3C(=O)c4ccccc4C3=O)[C@@H](OCc3ccccc3)[C@@H]2OC(C)=O)cc1,thioglycoside,34,35,34,35
SG-17a5d9cd07602f09,17a5d9cd07602f094504f6f7fa11307dcc1c0adee87240729cd745b2eebb9ccf,242,31-010-CAS-1290995,242,31-010-CAS-1290995,1,COC(=O)[C@@H]1O[C@H](OC(=N)C(Cl)(Cl)Cl)[C@H](OC(C)=O)[C@@H](OCc2ccccc2)[C@@H]1O[Si](C)(C)C(C)(C)C,COC(=O)[C@H]1O[C@@H]2OC(C)(C)O[C@@H]2[C@@H](OCc2ccccc2)[C@@H]1O[C@H]1O[C@H](COCc2ccccc2)[C@@H](O)[C@H](OCc2ccccc2)[C@H]1N=[N+]=[N-],COC(=O)[C@H]1O[C@@H]2OC(C)(C)O[C@@H]2[C@@H](OCc2ccccc2)[C@@H]1O[C@H]1O[C@H](COCc2ccccc2)[C@@H](OC(C)=O)[C@H](OCc2ccccc2)[C@H]1N=[N+]=[N-],trichloroacetimidate,36,37,36,37
SG-17b7feb3b0c78ec0,17b7feb3b0c78ec0cb368c1d5e43f253ca9b4c06e6be4a1aa169afe785a28f9b,564,31-010-CAS-7224533,564,31-010-CAS-7224533,1,CC(=O)OC[C@H]1OC(OC(=Nc2ccccc2)C(F)(F)F)[C@H](OCc2ccccc2)[C@@H](OCc2ccccc2)[C@@H]1OCc1ccccc1,CO[C@H]1O[C@H](COCc2ccccc2)[C@H](O)[C@H](OC(C)=O)[C@H]1N=[N+]=[N-],CO[C@H]1O[C@H](COCc2ccccc2)[C@H](OC(C)=O)[C@H](OC(C)=O)[C@H]1N=[N+]=[N-],trifluoroacetimidate,14,15,14,15
SG-17b9e9d598ad4180,17b9e9d598ad4180a75c0fea70afa337d4f16fe9c9751c7e4a583585a19f4ee5,630,31-010-CAS-11999440,630,31-010-CAS-11999440,1,COC(=O)[C@@]1(O[C@H]2[C@@H](OCc3ccccc3)[C@@H](COCc3ccccc3)OC(OC(=Nc3ccccc3)C(F)(F)F)[C@@H]2OC(C)=O)C[C@H](OC(C)=O)[C@@H](NC(=O)OCC(Cl)(Cl)Cl)[C@H]([C@H](OC(C)=O)[C@@H](COC(C)=O)OC(C)=O)O1,C=CCOC(=O)NCCCCCCO[C@@H]1O[C@H](COCc2ccccc2)[C@@H](O[C@@H]2O[C@H](COCc3ccccc3)[C@H](OCc3ccccc3)[C@H](O[C@@H]3O[C@H](COCc4ccccc4)[C@@H](O)[C@H](OC(=O)CCC(C)=O)[C@H]3NC(=O)C(Cl)(Cl)Cl)[C@H]2OC(=O)c2ccccc2)[C@H](OC(=O)c2ccccc2)[C@H]1OC(=O)c1ccccc1,C=CCOC(=O)NCCCCCCO[C@@H]1O[C@H](COCc2ccccc2)[C@@H](O[C@@H]2O[C@H](COCc3ccccc3)[C@H](OCc3ccccc3)[C@H](O[C@@H]3O[C@H](COCc4ccccc4)[C@@H](OC(C)=O)[C@H](OC(=O)CCC(C)=O)[C@H]3NC(=O)C(Cl)(Cl)Cl)[C@H]2OC(=O)c2ccccc2)[C@H](OC(=O)c2ccccc2)[C@H]1OC(=O)c1ccccc1,trifluoroacetimidate,63,64,63,64
SG-18296bdc8d4bf72c,18296bdc8d4bf72ca6a55f2566373b72c2a6f79614c9e0345798abae6e8b258d,909,31-614-CAS-40361033,909,31-614-CAS-40361033,1,O[C@H]1[C@@H](OCc2ccccc2)[C@H](OCc2ccccc2)[C@@H](COCc2ccccc2)O[C@@H]1Sc1ccccc1,CC(=O)O[C@H]1[C@H](O)[C@@H](CO[Si](C)(C)C(C)(C)C)O[C@@H](Sc2ccccc2)[C@@H]1NC(=O)OCC(Cl)(Cl)Cl,CC(=O)O[C@@H]1[C@@H](NC(=O)OCC(Cl)(Cl)Cl)[C@H](Sc2ccccc2)O[C@H](CO[Si](C)(C)C(C)(C)C)[C@H]1OC(C)=O,thioglycoside,5,6,34,35
SG-182f450f98b42b54,182f450f98b42b54584fa7854ef5be226ef31ada2b79afc7773ed616b55d6a03,941,31-013-CAS-12100948,941,31-013-CAS-12100948,1,CCS[C@H]1O[C@@H](C)[C@@H](OCc2ccccc2)[C@@H](OCc2ccccc2)[C@@H]1OCc1ccccc1,CC(=O)N[C@H]1[C@H](OCCN=[N+]=[N-])O[C@H](COCc2ccccc2)[C@@H](O)[C@@H]1O[C@@H]1O[C@H](COCc2ccccc2)[C@H](OCc2ccccc2)[C@H](OCc2ccccc2)[C@H]1OC(C)=O,CC(=O)N[C@H]1[C@H](OCCN=[N+]=[N-])O[C@H](COCc2ccccc2)[C@@H](OC(C)=O)[C@@H]1O[C@@H]1O[C@H](COCc2ccccc2)[C@H](OCc2ccccc2)[C@H](OCc2ccccc2)[C@H]1OC(C)=O,thioglycoside,23,24,23,24
SG-182fac41fe5b431e,182fac41fe5b431e7633def2b02ad6b0c9e41ff4a905e5221e9f2a48f1b5e668,374,31-010-CAS-21359667,374;375,31-010-CAS-21359667;31-010-CAS-3773168,2,COC(=O)[C@H]1OC(OC(=N)C(Cl)(Cl)Cl)[C@H](OC(=O)c2ccccc2)[C@@H](OCc2ccccc2)[C@@H]1O[C@H]1O[C@H](COC(=O)c2ccccc2)[C@@H](OCc2ccccc2)[C@H](OCc2ccccc2)[C@H]1NC=C1C(=O)N(C)C(=O)N(C)C1=O,COc1ccc(COC[C@H]2O[C@@H](O[Si](c3ccccc3)(c3ccccc3)C(C)(C)C)[C@H](N=[N+]=[N-])[C@@H](OCc3ccc(OC)cc3)[C@@H]2O)cc1,COc1ccc(COC[C@H]2O[C@@H](O[Si](c3ccccc3)(c3ccccc3)C(C)(C)C)[C@H](N=[N+]=[N-])[C@@H](OCc3ccc(OC)cc3)[C@@H]2OC(C)=O)cc1,trichloroacetimidate,45,46,45,46
SG-1832f9ed9d7239ba,1832f9ed9d7239ba8b42c93c710eaabe388d07a2a8de8a5df76152ffcc8fb57b,234,31-013-CAS-5827715,234,31-013-CAS-5827715,1,CC(=O)OC[C@H]1OC(OC(=N)C(Cl)(Cl)Cl)[C@H](OC(C)=O)[C@@H](OC(C)=O)[C@H]1OC(C)=O,CC(C)(C)[Si](C)(C)O[C@@H]1O[C@H](CO[Si](c2ccccc2)(c2ccccc2)C(C)(C)C)[C@@H](O)[C@H](O)[C@H]1NC(=O)OCC(Cl)(Cl)Cl,CC(=O)O[C@H]1[C@H](O)[C@@H](NC(=O)OCC(Cl)(Cl)Cl)[C@H](O[Si](C)(C)C(C)(C)C)O[C@@H]1CO[Si](c1ccccc1)(c1ccccc1)C(C)(C)C,trichloroacetimidate,30,31,4,3
SG-183b484a83475259,183b484a83475259ed084b9d359a2ff3452055ecfef38b64f34868e7bb899981,1273,31-013-CAS-12991655,1273,31-013-CAS-12991655,1,c1ccc(COC[C@H]2O[C@@H](Sc3ccccc3)[C@H](OCc3ccccc3)[C@@H](OCc3ccccc3)[C@H]2OCc2ccccc2)cc1,O=C1c2ccccc2C(=O)N1[C@H]1[C@H](O[C@H]2[C@H]3O[C@@H](c4ccccc4)OC[C@H]3O[C@@H](OCc3ccccc3)[C@@H]2OCc2ccccc2)O[C@H](COCc2ccccc2)[C@H](O)[C@@H]1OCc1ccccc1,CC(=O)O[C@@H]1[C@H](OCc2ccccc2)[C@@H](N2C(=O)c3ccccc3C2=O)[C@H](O[C@H]2[C@H]3O[C@@H](c4ccccc4)OC[C@H]3O[C@@H](OCc3ccccc3)[C@@H]2OCc2ccccc2)O[C@@H]1COCc1ccccc1,thioglycoside,57,58,4,3
SG-184df484b7367b7e,184df484b7367b7eb90caccaa9d30154393abb260e441f1a87321e9e0f56003f,997,31-614-CAS-39684276,997,31-614-CAS-39684276,1,Cc1ccc(S[C@H]2O[C@@H](C)[C@@H](OCc3ccccc3)[C@@H](OCc3ccccc3)[C@@H]2OCc2ccccc2)cc1,CC(=O)N[C@H]1[C@H](O[C@H]2[C@@H](OCc3ccccc3)[C@@H](COCc3ccccc3)O[C@@H](O[C@H]3[C@H](OCc4ccccc4)[C@@H](OCc4ccccc4)[C@H](OCCCN=[N+]=[N-])O[C@@H]3COCc3ccccc3)[C@@H]2OCc2ccccc2)O[C@H](COCc2ccccc2)[C@@H](O)[C@@H]1O[C@@H]1O[C@H](COCc2ccccc2)[C@H](OCc2ccccc2)[C@H](O[C@H]2O[C@H](COCc3ccccc3)[C@H](OCc3ccccc3)[C@H](OCc3ccccc3)[C@H]2OCc2ccccc2)[C@H]1O,CC(=O)N[C@H]1[C@H](O[C@H]2[C@@H](OCc3ccccc3)[C@@H](COCc3ccccc3)O[C@@H](O[C@H]3[C@H](OCc4ccccc4)[C@@H](OCc4ccccc4)[C@H](OCCCN=[N+]=[N-])O[C@@H]3COCc3ccccc3)[C@@H]2OCc2ccccc2)O[C@H](COCc2ccccc2)[C@@H](OC(C)=O)[C@@H]1O[C@@H]1O[C@H](COCc2ccccc2)[C@H](OCc2ccccc2)[C@H](O[C@H]2O[C@H](COCc3ccccc3)[C@H](OCc3ccccc3)[C@H](OCc3ccccc3)[C@H]2OCc2ccccc2)[C@H]1O,thioglycoside,88,89,88,89
SG-18646e0a901c4283,18646e0a901c4283230435a3c2089e138fcb8a119ad6cf117fbab0405e42389f,1296,31-614-CAS-38186264,1296,31-614-CAS-38186264,1,C=CCO[C@@H]1[C@@H](OC(=O)CCC(C)=O)[C@H](SCC)O[C@@H]2CO[C@@H](c3ccccc3)O[C@@H]12,O=C1c2ccccc2C(=O)N1[C@H]1[C@H](OCc2ccccc2)O[C@H](COCc2ccccc2)[C@@H](O)[C@@H]1OCc1ccccc1,CC(=O)O[C@H]1[C@H](OCc2ccccc2)[C@@H](N2C(=O)c3ccccc3C2=O)[C@H](OCc2ccccc2)O[C@@H]1COCc1ccccc1,thioglycoside,32,33,4,3
SG-18780e023aa17faf,18780e023aa17faf8a4b3cc01544a001ad188e5ed73fdf30d8763aa2b7198307,1145,31-013-CAS-972560,1145,31-013-CAS-972560,1,CCS[C@H]1O[C@H](C)[C@@H](NC(=O)[C@H]2CCO[C@@H](c3ccccc3)O2)[C@H](OCc2ccccc2)[C@@H]1OC(C)=O,COC(=O)CCCCCO[C@H]1O[C@H](C)[C@@H](NC(=O)[C@H]2CCO[C@@H](c3ccccc3)O2)[C@H](OCc2ccccc2)[C@@H]1O[C@H]1O[C@H](C)[C@@H](NC(=O)[C@H]2CCO[C@@H](c3ccccc3)O2)[C@H](OCc2ccccc2)[C@@H]1O[C@H]1O[C@H](C)[C@@H](NC(=O)[C@H]2CCO[C@@H](c3ccccc3)O2)[C@H](OCc2ccccc2)[C@@H]1O[C@H]1O[C@H](C)[C@@H](NC(=O)[C@H]2CCO[C@@H](c3ccccc3)O2)[C@H](OCc2ccccc2)[C@@H]1O[C@H]1O[C@H](C)[C@@H](NC(=O)[C@H]2CCO[C@@H](c3ccccc3)O2)[C@H](OCc2ccccc2)[C@@H]1O,COC(=O)CCCCCO[C@H]1O[C@H](C)[C@@H](NC(=O)[C@H]2CCO[C@@H](c3ccccc3)O2)[C@H](OCc2ccccc2)[C@@H]1O[C@H]1O[C@H](C)[C@@H](NC(=O)[C@H]2CCO[C@@H](c3ccccc3)O2)[C@H](OCc2ccccc2)[C@@H]1O[C@H]1O[C@H](C)[C@@H](NC(=O)[C@H]2CCO[C@@H](c3ccccc3)O2)[C@H](OCc2ccccc2)[C@@H]1O[C@H]1O[C@H](C)[C@@H](NC(=O)[C@H]2CCO[C@@H](c3ccccc3)O2)[C@H](OCc2ccccc2)[C@@H]1O[C@H]1O[C@H](C)[C@@H](NC(=O)[C@H]2CCO[C@@H](c3ccccc3)O2)[C@H](OCc2ccccc2)[C@@H]1OC(C)=O,thioglycoside,163,164,163,164
SG-18da99e2ae027883,18da99e2ae027883001d5485003c44441c7c680544d77f9915d6ecb0bf47219e,1353,31-013-CAS-16647318,1353,31-013-CAS-16647318,1,COc1ccc(CO[C@@H]2[C@H](OCc3ccccc3)[C@@H](Sc3ccccc3)O[C@@H]3CO[C@@H](c4ccccc4)O[C@@H]23)cc1,O=C1c2ccccc2C(=O)N1[C@H]1[C@H](O[C@H]2[C@H](OCc3ccccc3)[C@@H](N3C(=O)c4ccccc4C3=O)[C@H](OCc3ccccc3)O[C@@H]2COCc2ccccc2)O[C@H](COCc2ccccc2)[C@@H](O)[C@@H]1OCc1ccccc1,CC(=O)O[C@H]1[C@H](OCc2ccccc2)[C@@H](N2C(=O)c3ccccc3C2=O)[C@H](O[C@H]2[C@H](OCc3ccccc3)[C@@H](N3C(=O)c4ccccc4C3=O)[C@H](OCc3ccccc3)O[C@@H]2COCc2ccccc2)O[C@@H]1COCc1ccccc1,thioglycoside,67,68,4,3
SG-18eb8e7575895b14,18eb8e7575895b14c2722baa7bc61f39690769f45bc4532e63b44a22ffabee8f,985,31-013-CAS-21186032,985,31-013-CAS-21186032,1,CCSC1O[C@H]2CO[C@@H](c3ccccc3)O[C@H]2[C@H](OCc2ccccc2)[C@H]1OC(=O)CCC(C)=O,CC(=O)CCC(=O)OC[C@H]1O[C@H](OCCCCCN(Cc2ccccc2)C(=O)OCc2ccccc2)[C@H](N=[N+]=[N-])[C@@H](OCc2ccccc2)[C@@H]1O,CC(=O)CCC(=O)OC[C@H]1O[C@H](OCCCCCN(Cc2ccccc2)C(=O)OCc2ccccc2)[C@H](N=[N+]=[N-])[C@@H](OCc2ccccc2)[C@@H]1OC(C)=O,thioglycoside,49,50,49,50
SG-1901dca1dc6453f1,1901dca1dc6453f1744a896ef331ecd262c740be0cc49d720d2c0e81cd9532b1,457,31-010-CAS-9499748,457,31-010-CAS-9499748,1,COC(=O)[C@@]1(O[C@H]2[C@@H](OC(C)=O)[C@@H](COC(C)=O)O[C@H](OC(=N)C(Cl)(Cl)Cl)[C@@H]2OC(=O)c2ccccc2)C[C@H](OC(C)=O)[C@@H](NC(=O)C(F)(F)F)[C@H]([C@H](OC(C)=O)[C@@H](COC(C)=O)OC(C)=O)O1,Cc1ccc(S[C@@H]2O[C@H](COCc3ccccc3)[C@@H](O)[C@H](OC(=O)c3ccccc3)[C@H]2N2C(=O)c3ccccc3C2=O)cc1,CC(=O)O[C@H]1[C@H](OC(=O)c2ccccc2)[C@@H](N2C(=O)c3ccccc3C2=O)[C@H](Sc2ccc(C)cc2)O[C@@H]1COCc1ccccc1,trichloroacetimidate,18,19,4,3
SG-19615baf493c3660,19615baf493c3660ed7b98a4fb0b55c4e80640eb7cee3725ae39e2894ea379c2,394,31-010-CAS-2020028,394,31-010-CAS-2020028,1,CC(=O)OC[C@H]1O[C@H](O[C@H]2[C@H](OCc3ccccc3)[C@@H](OC(=O)c3ccccc3)[C@@H](OC(=N)C(Cl)(Cl)Cl)O[C@H]2COC(=O)CCl)[C@H](N=[N+]=[N-])[C@@H](OCc2ccccc2)[C@@H]1OC(=O)OCC1c2ccccc2-c2ccccc21,COc1ccc(O[C@@H]2O[C@@H](COC(=O)CCl)[C@@H](O[C@H]3O[C@H](COC(C)=O)[C@@H](O[C@@H]4O[C@@H](COC(=O)CCl)[C@@H](O[C@H]5O[C@H](COC(C)=O)[C@@H](O[C@@H]6O[C@@H](COC(=O)CCl)[C@@H](O[C@H]7O[C@H](COC(C)=O)[C@@H](O)[C@H](OCc8ccccc8)[C@H]7N=[N+]=[N-])[C@H](OCc7ccccc7)[C@H]6OC(=O)c6ccccc6)[C@H](OCc6ccccc6)[C@H]5N=[N+]=[N-])[C@H](OCc5ccccc5)[C@H]4OC(=O)c4ccccc4)[C@H](OCc4ccccc4)[C@H]3N=[N+]=[N-])[C@H](OCc3ccccc3)[C@H]2OC(=O)c2ccccc2)cc1,COc1ccc(O[C@@H]2O[C@@H](COC(=O)CCl)[C@@H](O[C@H]3O[C@H](COC(C)=O)[C@@H](O[C@@H]4O[C@@H](COC(=O)CCl)[C@@H](O[C@H]5O[C@H](COC(C)=O)[C@@H](O[C@@H]6O[C@@H](COC(=O)CCl)[C@@H](O[C@H]7O[C@H](COC(C)=O)[C@@H](OC(C)=O)[C@H](OCc8ccccc8)[C@H]7N=[N+]=[N-])[C@H](OCc7ccccc7)[C@H]6OC(=O)c6ccccc6)[C@H](OCc6ccccc6)[C@H]5N=[N+]=[N-])[C@H](OCc5ccccc5)[C@H]4OC(=O)c4ccccc4)[C@H](OCc4ccccc4)[C@H]3N=[N+]=[N-])[C@H](OCc3ccccc3)[C@H]2OC(=O)c2ccccc2)cc1,trichloroacetimidate,68,69,68,69
SG-1992dc00172b883e,1992dc00172b883ead891de22d698306d6bb3662fadcc4cb46f4353fca04bf42,1287,31-013-CAS-12076595,1287,31-013-CAS-12076595,1,CCCCCCCCCCCCS[C@H]1O[C@@H](C)[C@@H](OCc2ccccc2)[C@@H](OCc2ccccc2)[C@@H]1OCc1ccccc1,CO[C@H]1O[C@H](COCc2ccccc2)[C@@H](O)[C@H](O[C@@H]2O[C@H](COC(C)=O)[C@H](OC(C)=O)[C@H](OC(C)=O)[C@H]2OC(C)=O)[C@H]1N1C(=O)c2ccccc2C1=O,CO[C@H]1O[C@H](COCc2ccccc2)[C@@H](OC(C)=O)[C@H](O[C@@H]2O[C@H](COC(C)=O)[C@H](OC(C)=O)[C@H](OC(C)=O)[C@H]2OC(C)=O)[C@H]1N1C(=O)c2ccccc2C1=O,thioglycoside,14,15,14,15
SG-1a6b505f325bed10,1a6b505f325bed10146719cd3639b06f42c14ec24c35b121eee32ef5a6e52575,1165,31-013-CAS-11784711,1165,31-013-CAS-11784711,1,CC(=O)CCC(=O)OC[C@H]1O[C@@H](Sc2ccc(C)cc2)[C@H](OC(=O)c2ccccc2)[C@@H](OCc2ccccc2)[C@@H]1O[C@H]1O[C@H](COS(=O)(=O)OCC(Cl)(Cl)Cl)[C@@H](O[Si](C)(C)C(C)(C)C)[C@H](OCc2ccccc2)[C@H]1N=[N+]=[N-],CC(=O)CCC(=O)OC[C@H]1O[C@@H](OCCCN(Cc2ccccc2)C(=O)OCc2ccccc2)[C@H](OC(=O)c2ccccc2)[C@@H](OCc2ccccc2)[C@@H]1O[C@H]1O[C@H](COC(C)=O)[C@@H](O)[C@H](OCc2ccccc2)[C@H]1N=[N+]=[N-],CC(=O)CCC(=O)OC[C@H]1O[C@@H](OCCCN(Cc2ccccc2)C(=O)OCc2ccccc2)[C@H](OC(=O)c2ccccc2)[C@@H](OCc2ccccc2)[C@@H]1O[C@H]1O[C@H](COC(C)=O)[C@@H](OC(C)=O)[C@H](OCc2ccccc2)[C@H]1N=[N+]=[N-],thioglycoside,63,64,63,64
SG-1a89a6b5c60bf2ae,1a89a6b5c60bf2aedfbf9eb6255ca6428a2d45152e81cf0557436d9d16bfc378,1515,31-013-CAS-2791822,1515,31-013-CAS-2791822,1,CC(=O)OC[C@H]1O[C@@H](Sc2ccccc2)[C@H](N2C(=O)c3cc(Cl)c(Cl)cc3C2=O)[C@@H](OC(C)=O)[C@@H]1OC(C)=O,CC(=O)O[C@H]1[C@H](O)[C@@H](COCc2ccccc2)O[C@@H](Sc2ccccc2)[C@@H]1N1C(=O)c2c(Cl)c(Cl)c(Cl)c(Cl)c2C1=O,CC(=O)O[C@H]1[C@H](OC(C)=O)[C@@H](COCc2ccccc2)O[C@@H](Sc2ccccc2)[C@@H]1N1C(=O)c2c(Cl)c(Cl)c(Cl)c(Cl)c2C1=O,thioglycoside,5,6,5,6
SG-1aaa60c5618136b6,1aaa60c5618136b6f626efd78560f1cd20f5aa7c860a17dd703c93260c1a447b,741,31-013-CAS-6771514,741,31-013-CAS-6771514,1,Cc1ccc(S[C@@H]2O[C@H](COCc3ccccc3)[C@H](OCc3ccccc3)[C@H](OCc3ccccc3)[C@H]2OC(=O)c2ccccc2)cc1,Cc1ccc(S[C@H]2O[C@H](COCc3ccccc3)[C@@H](O)[C@H](OCc3ccccc3)[C@H]2N=[N+]=[N-])cc1,CC(=O)O[C@H]1[C@H](OCc2ccccc2)[C@@H](N=[N+]=[N-])[C@@H](Sc2ccc(C)cc2)O[C@@H]1COCc1ccccc1,thioglycoside,18,19,4,3
SG-1acade9306e3139a,1acade9306e3139aff5434579ae753fe8c904557b8769ac3f0e38d818d5251b7,803,31-013-CAS-23876375,803,31-013-CAS-23876375,1,CC(=O)OC[C@H]1O[C@H](Sc2ccc(C)cc2)[C@H](OC(C)=O)[C@@H](OC(C)=O)[C@H]1OC(C)=O,CC(=O)N[C@H]1[C@H](OC(C)=O)O[C@H](CO[Si](C)(C)C(C)(C)C)[C@@H](O)[C@@H]1OC(C)=O,CC(=O)N[C@H]1[C@H](OC(C)=O)O[C@H](CO[Si](C)(C)C(C)(C)C)[C@@H](OC(C)=O)[C@@H]1OC(C)=O,thioglycoside,21,22,21,22
SG-1b0885f6aa1f4b32,1b0885f6aa1f4b327217911076d66e83e65b6d7d660c3262883813f2ad2a4d72,1062,31-614-CAS-36685375,1062,31-614-CAS-36685375,1,CCS[C@H]1O[C@@H](C)[C@@H](OCc2ccccc2)[C@@H](OCc2ccccc2)[C@@H]1OCc1ccccc1,CCS[C@@H]1O[C@H](COC(=O)c2ccccc2)[C@@H](O[C@@H]2O[C@H](COCc3ccccc3)[C@H](OCc3ccccc3)[C@H](O[C@@H]3O[C@H](COCc4ccccc4)[C@@H](O)[C@H](O[C@@H]4O[C@H](COCc5ccccc5)[C@H](OCc5ccccc5)[C@H](OCc5ccccc5)[C@H]4O)[C@H]3NC(C)=O)[C@H]2OCc2ccccc2)[C@H](OC(=O)c2ccccc2)[C@H]1OC(=O)c1ccccc1,CCS[C@@H]1O[C@H](COC(=O)c2ccccc2)[C@@H](O[C@@H]2O[C@H](COCc3ccccc3)[C@H](OCc3ccccc3)[C@H](O[C@@H]3O[C@H](COCc4ccccc4)[C@@H](OC(C)=O)[C@H](O[C@@H]4O[C@H](COCc5ccccc5)[C@H](OCc5ccccc5)[C@H](OCc5ccccc5)[C@H]4O)[C@H]3NC(C)=O)[C@H]2OCc2ccccc2)[C@H](OC(=O)c2ccccc2)[C@H]1OC(=O)c1ccccc1,thioglycoside,53,54,53,54
SG-1b332fb3187fbcdd,1b332fb3187fbcddd43dfbe939190968f735f7dc8941876da240aa80c4f023b7,1366,31-013-CAS-1252855,1366;1367,31-013-CAS-1252855;31-013-CAS-15346520,2,CC(=O)OC[C@H]1O[C@@H](Sc2ccccc2)[C@@H]2NC(=O)O[C@H]2[C@@H]1OC(C)=O,CO[C@@H]1O[C@H](COCc2ccccc2)[C@@H](O)[C@H](OCc2ccccc2)[C@H]1N1C(=O)c2ccccc2C1=O,CO[C@@H]1O[C@H](COCc2ccccc2)[C@@H](OC(C)=O)[C@H](OCc2ccccc2)[C@H]1N1C(=O)c2ccccc2C1=O,thioglycoside,14,15,14,15
SG-1b99759c20ac8720,1b99759c20ac87201c85e21247cfd4762084675250520582451b3f3e49ba7884,1306,31-013-CAS-1600664,1306,31-013-CAS-1600664,1,CCS[C@@H]1O[C@H](COCc2ccccc2)[C@@H](OC(C)=O)[C@H](OCc2ccccc2)[C@H]1N1C(=O)c2ccccc2C1=O,CC(C)(C)[Si](OC[C@H]1O[C@@H](OCc2ccccc2)[C@H](N2C(=O)c3ccccc3C2=O)[C@@H](OCc2ccccc2)[C@@H]1O)(c1ccccc1)c1ccccc1,CC(=O)O[C@H]1[C@H](OCc2ccccc2)[C@@H](N2C(=O)c3ccccc3C2=O)[C@H](OCc2ccccc2)O[C@@H]1CO[Si](c1ccccc1)(c1ccccc1)C(C)(C)C,thioglycoside,39,40,4,3
SG-1ba1315592039f90,1ba1315592039f908ae0f98ff22d0e32012e538220267c299c57c7d194e4002e,520,31-010-CAS-2890237,520,31-010-CAS-2890237,1,CC(=O)OC[C@H]1O[C@H](O[C@H]2[C@H](OCc3ccccc3)[C@@H](OC(=O)c3ccccc3)C(OC(=N)C(Cl)(Cl)Cl)O[C@@H]2COC(=O)CCl)[C@H](N=[N+]=[N-])[C@@H](OCc2ccccc2)[C@@H]1OCc1ccccc1,COc1ccc(O[C@@H]2O[C@@H](COC(=O)CCl)[C@@H](O[C@H]3O[C@H](COC(C)=O)[C@@H](O[C@@H]4O[C@@H](COC(=O)CCl)[C@@H](O[C@H]5O[C@H](COC(C)=O)[C@@H](O[C@@H]6O[C@H](COC(=O)CCl)[C@@H](O[C@H]7O[C@H](COC(C)=O)[C@@H](O)[C@H](OCc8ccccc8)[C@H]7N=[N+]=[N-])[C@H](OCc7ccccc7)[C@H]6OC(=O)c6ccccc6)[C@H](OCc6ccccc6)[C@H]5N=[N+]=[N-])[C@H](OCc5ccccc5)[C@H]4OC(=O)c4ccccc4)[C@H](OCc4ccccc4)[C@H]3N=[N+]=[N-])[C@H](OCc3ccccc3)[C@H]2OC(=O)c2ccccc2)cc1,COc1ccc(O[C@@H]2O[C@@H](COC(=O)CCl)[C@@H](O[C@H]3O[C@H](COC(C)=O)[C@@H](O[C@@H]4O[C@@H](COC(=O)CCl)[C@@H](O[C@H]5O[C@H](COC(C)=O)[C@@H](O[C@@H]6O[C@H](COC(=O)CCl)[C@@H](O[C@H]7O[C@H](COC(C)=O)[C@@H](OC(C)=O)[C@H](OCc8ccccc8)[C@H]7N=[N+]=[N-])[C@H](OCc7ccccc7)[C@H]6OC(=O)c6ccccc6)[C@H](OCc6ccccc6)[C@H]5N=[N+]=[N-])[C@H](OCc5ccccc5)[C@H]4OC(=O)c4ccccc4)[C@H](OCc4ccccc4)[C@H]3N=[N+]=[N-])[C@H](OCc3ccccc3)[C@H]2OC(=O)c2ccccc2)cc1,trichloroacetimidate,68,69,68,69
SG-1c1efbbf45d4e453,1c1efbbf45d4e45393016ffa3b7a120aa2a9f591a615138fc6c951feb88a8942,1046,31-013-CAS-6494035,1046,31-013-CAS-6494035,1,CC(=O)CCC(=O)O[C@H]1[C@@H](OC(C)=O)[C@@H](CO[Si](c2ccccc2)(c2ccccc2)C(C)(C)C)O[C@@H](Sc2ccc(C)cc2)[C@@H]1OC(C)=O,COC(=O)CCCCCO[C@@H]1O[C@H](COCc2ccccc2)[C@@H](O)[C@H](OCc2ccccc2)[C@H]1NC(=O)C(Cl)(Cl)Cl,COC(=O)CCCCCO[C@@H]1O[C@H](COCc2ccccc2)[C@@H](OC(C)=O)[C@H](OCc2ccccc2)[C@H]1NC(=O)C(Cl)(Cl)Cl,thioglycoside,22,23,22,23
SG-1c31d31abaeeb812,1c31d31abaeeb8120fa4821e4ededeab73b2d7dd8c63703de204e77f1acf002f,1132,31-013-CAS-2596944,1132,31-013-CAS-2596944,1,CCS[C@H]1O[C@H](C)[C@@H](NC(=O)[C@H](CCOC(C)=O)OC(C)=O)[C@H](OCc2ccccc2)[C@@H]1OC(=O)CCC(C)=O,COC(=O)CCCCCO[C@H]1O[C@H](C)[C@@H](NC(=O)[C@H](CCOC(C)=O)OC(C)=O)[C@H](OCc2ccccc2)[C@@H]1O[C@H]1O[C@H](C)[C@@H](NC(=O)[C@H](CCOC(C)=O)OC(C)=O)[C@H](OCc2ccccc2)[C@@H]1O,COC(=O)CCCCCO[C@H]1O[C@H](C)[C@@H](NC(=O)[C@H](CCOC(C)=O)OC(C)=O)[C@H](OCc2ccccc2)[C@@H]1O[C@H]1O[C@H](C)[C@@H](NC(=O)[C@H](CCOC(C)=O)OC(C)=O)[C@H](OCc2ccccc2)[C@@H]1OC(C)=O,thioglycoside,68,69,68,69
SG-1caa633e44418ed0,1caa633e44418ed0e184064f8348e992fde9b2406234ba49e272148f1e2f265c,623,31-614-CAS-40997648,623,31-614-CAS-40997648,1,CC(=O)O[C@@H]1[C@@H](OC[C@H]2O[C@@H](O[C@H]3[C@H](OCc4ccccc4)[C@@H](N4C(=O)c5ccccc5C4=O)[C@H](OC(=Nc4ccccc4)C(F)(F)F)O[C@@H]3COCc3ccccc3)[C@@H](OCc3ccccc3)[C@@H](O[C@H]3O[C@H](COCc4ccccc4)[C@@H](OCc4ccccc4)[C@H](OCc4ccccc4)[C@@H]3OC(C)=O)[C@@H]2OCc2ccccc2)O[C@H](COCc2ccccc2)[C@@H](OCc2ccccc2)[C@@H]1OCc1ccccc1,COc1ccc(O[C@@H]2O[C@H](COCc3ccccc3)[C@@H](O)[C@H](OCc3ccccc3)[C@H]2N2C(=O)c3ccccc3C2=O)cc1,COc1ccc(O[C@@H]2O[C@H](COCc3ccccc3)[C@@H](OC(C)=O)[C@H](OCc3ccccc3)[C@H]2N2C(=O)c3ccccc3C2=O)cc1,trifluoroacetimidate,19,20,19,20
SG-1d3f13983d74edce,1d3f13983d74edceffd6e3828dcfc05322e0912f596675b1496a34699b8432d9,124,31-614-CAS-42085603,124,31-614-CAS-42085603,1,CC(=O)OC[C@H]1O[C@H](OC(=N)C(Cl)(Cl)Cl)[C@H](OC(C)=O)[C@@H](OC(C)=O)[C@H]1OC(C)=O,[N-]=[N+]=N[C@@H]1[C@@H](OCc2ccccc2)[C@H](O)[C@@H](COCc2ccccc2)O[C@H]1SC1CCCCC1,CC(=O)O[C@H]1[C@H](OCc2ccccc2)[C@@H](N=[N+]=[N-])[C@H](SC2CCCCC2)O[C@@H]1COCc1ccccc1,trichloroacetimidate,13,14,4,3
SG-1d774daa55e388f0,1d774daa55e388f0e63137cfcc7d2d607a4091ed980c8d849d04c8f12335bcbe,1401,31-013-CAS-7025003,1401,31-013-CAS-7025003,1,CC(=O)OC[C@H]1O[C@@H](Sc2ccccc2)[C@H](N2C(=O)c3ccccc3C2=O)[C@@H](OC(C)=O)[C@@H]1OC(C)=O,O=C1c2ccccc2C(=O)N1[C@@H]1[C@@H](OCc2ccccc2)[C@H](O)[C@@H](COCc2ccccc2)O[C@H]1F,CC(=O)O[C@H]1[C@H](OCc2ccccc2)[C@@H](N2C(=O)c3ccccc3C2=O)[C@H](F)O[C@@H]1COCc1ccccc1,thioglycoside,21,22,4,3
SG-1da06c2c31dcf65f,1da06c2c31dcf65ff922726af22825714d2d7d6b569f96b76ed41a2f5898c0dc,848,31-013-CAS-13488919,848,31-013-CAS-13488919,1,COc1ccc(CO[C@H]2[C@H](OCc3ccccc3)[C@@H](OC(=O)c3ccccc3)[C@H](Sc3ccc(C)cc3)O[C@H]2COC(=O)CCC(C)=O)cc1,CC(=O)CCC(=O)OC[C@@H]1O[C@@H](Sc2ccc(C)cc2)[C@H](OC(=O)c2ccccc2)[C@@H](OCc2ccccc2)[C@@H]1O[C@H]1O[C@H](COCc2ccccc2)[C@@H](O)[C@H](OCc2ccccc2)[C@H]1N=[N+]=[N-],CC(=O)CCC(=O)OC[C@@H]1O[C@@H](Sc2ccc(C)cc2)[C@H](OC(=O)c2ccccc2)[C@@H](OCc2ccccc2)[C@@H]1O[C@H]1O[C@H](COCc2ccccc2)[C@@H](OC(C)=O)[C@H](OCc2ccccc2)[C@H]1N=[N+]=[N-],thioglycoside,53,54,53,54
SG-1da0e7414060e012,1da0e7414060e012204a0412d7404c8e4c2c1e5a5b8b0733154a91ced57954e5,1104,31-614-CAS-34336268,1104;1105;1106,31-614-CAS-34336268;31-614-CAS-32458097;31-614-CAS-37588004,3,CC(=O)OC[C@@H]1O[C@@H](Sc2ccc(C)cc2)[C@H](OC(=O)c2ccccc2)[C@@H](OCc2ccccc2)[C@@H]1OCc1ccccc1,CC(=O)OC[C@@H]1O[C@@H](OCCCCCN(Cc2ccccc2)C(=O)OCc2ccccc2)[C@H](OC(=O)c2ccccc2)[C@@H](OCc2ccccc2)[C@@H]1O[C@H]1O[C@H](CO[Si](c2ccccc2)(c2ccccc2)C(C)(C)C)[C@@H](O)[C@H](OCc2ccc(Br)cc2)[C@H]1N=[N+]=[N-],CC(=O)OC[C@@H]1O[C@@H](OCCCCCN(Cc2ccccc2)C(=O)OCc2ccccc2)[C@H](OC(=O)c2ccccc2)[C@@H](OCc2ccccc2)[C@@H]1O[C@H]1O[C@H](CO[Si](c2ccccc2)(c2ccccc2)C(C)(C)C)[C@@H](OC(C)=O)[C@H](OCc2ccc(Br)cc2)[C@H]1N=[N+]=[N-],thioglycoside,75,76,75,76
SG-1dcac0a0ce2fd8cb,1dcac0a0ce2fd8cb7fd762735ee10c4162a2b38fed764864f9a79b2acdf71f7b,799,31-013-CAS-2515446,799;800;801,31-013-CAS-2515446;31-013-CAS-10140172;31-013-CAS-440332,3,CCS[C@@H]1O[C@@H]2CO[C@@H](c3ccccc3)O[C@H]2[C@H](OCc2ccccc2)[C@H]1OC(C)=O,CC(=O)CCC(=O)OC[C@H]1O[C@@H](O[Si](C)(C)C(C)(C)C(C)C)[C@H](N=[N+]=[N-])[C@@H](OCc2ccccc2)[C@@H]1O,CC(=O)CCC(=O)OC[C@H]1O[C@@H](O[Si](C)(C)C(C)(C)C(C)C)[C@H](N=[N+]=[N-])[C@@H](OCc2ccccc2)[C@@H]1OC(C)=O,thioglycoside,35,36,35,36
SG-1dd590b973ad1cff,1dd590b973ad1cff437a637f9836b33a2ca21e01035f8cac8325a7b62fb25af0,400,31-010-CAS-15131203,400,31-010-CAS-15131203,1,CC(=O)OC[C@H]1O[C@H](O[C@H]2[C@H](OCc3ccccc3)[C@@H](OC(=O)c3ccccc3)[C@H](OC(=N)C(Cl)(Cl)Cl)O[C@@H]2COC(=O)CCl)[C@H](N=[N+]=[N-])[C@@H](OCc2ccccc2)[C@@H]1OC(=O)OCC1c2ccccc2-c2ccccc21,COc1ccc(O[C@@H]2O[C@H](COC(=O)CCl)[C@@H](O[C@H]3O[C@H](COC(C)=O)[C@@H](O[C@@H]4O[C@H](COC(=O)CCl)[C@@H](O[C@H]5O[C@H](COC(C)=O)[C@@H](O)[C@H](OCc6ccccc6)[C@H]5N=[N+]=[N-])[C@H](OCc5ccccc5)[C@H]4OC(=O)c4ccccc4)[C@H](OCc4ccccc4)[C@H]3N=[N+]=[N-])[C@H](OCc3ccccc3)[C@H]2OC(=O)c2ccccc2)cc1,COc1ccc(O[C@@H]2O[C@H](COC(=O)CCl)[C@@H](O[C@H]3O[C@H](COC(C)=O)[C@@H](O[C@@H]4O[C@H](COC(=O)CCl)[C@@H](O[C@H]5O[C@H](COC(C)=O)[C@@H](OC(C)=O)[C@H](OCc6ccccc6)[C@H]5N=[N+]=[N-])[C@H](OCc5ccccc5)[C@H]4OC(=O)c4ccccc4)[C@H](OCc4ccccc4)[C@H]3N=[N+]=[N-])[C@H](OCc3ccccc3)[C@H]2OC(=O)c2ccccc2)cc1,trichloroacetimidate,47,48,47,48
SG-1e047cdaac212d9a,1e047cdaac212d9ad218edfd2ba94a999e4678524c77a87a9a4ef6c8bc49306a,166,31-010-CAS-14298813,166,31-010-CAS-14298813,1,CC(=O)OC[C@H]1OC(OC(=N)C(Cl)(Cl)Cl)[C@H](OC(C)=O)[C@@H](OC(C)=O)[C@H]1OC(C)=O,CCS[C@@H]1O[C@H](COCc2ccccc2)[C@@H](O)[C@H](O)[C@H]1N1C(=O)c2ccccc2C1=O,CCS[C@@H]1O[C@H](COCc2ccccc2)[C@@H](OC(C)=O)[C@H](O)[C@H]1N1C(=O)c2ccccc2C1=O,trichloroacetimidate,15,16,15,16
SG-1e15e6a380c8865d,1e15e6a380c8865d59e124c2dadd3dc9be4c669d78e3c3376aac10aa9daa4f6d,1513,31-013-CAS-14230652,1513,31-013-CAS-14230652,1,O=C1c2ccccc2C(=O)N1[C@@H]1[C@@H](OCc2ccccc2)[C@H](OCc2ccccc2)[C@@H](COCc2ccccc2)O[C@H]1Sc1ccccc1,O=C(OC[C@H]1O[C@@H](Sc2ccccc2)[C@H](N2C(=O)c3ccccc3C2=O)[C@@H](OCc2ccccc2)[C@@H]1O)c1c(F)c(F)c(F)c(F)c1F,CC(=O)O[C@H]1[C@H](OCc2ccccc2)[C@@H](N2C(=O)c3ccccc3C2=O)[C@H](Sc2ccccc2)O[C@@H]1COC(=O)c1c(F)c(F)c(F)c(F)c1F,thioglycoside,35,36,4,3
SG-1e1c015028c8700d,1e1c015028c8700d00786c5769bd787d77763aa2f13f028b1c0aaed1d4781227,1402,31-013-CAS-3793515,1402,31-013-CAS-3793515,1,CCS[C@@H]1O[C@@H](C)[C@@H](OCc2ccccc2)[C@@H](OCc2ccccc2)[C@@H]1OCc1ccccc1,CCS[C@@H]1O[C@H](COCc2ccccc2)[C@@H](O)[C@H](O[C@@H]2O[C@H](COCc3ccccc3)[C@H](OCc3ccccc3)[C@H](OCc3ccccc3)[C@H]2O)[C@H]1N1C(=O)c2ccccc2C1=O,CCS[C@@H]1O[C@H](COCc2ccccc2)[C@@H](OC(C)=O)[C@H](O[C@@H]2O[C@H](COCc3ccccc3)[C@H](OCc3ccccc3)[C@H](OCc3ccccc3)[C@H]2O)[C@H]1N1C(=O)c2ccccc2C1=O,thioglycoside,15,16,15,16
SG-1e52deb25e48c9de,1e52deb25e48c9de5563d495735e6f6fe31165cef33b5b6cfd3a495f27936825,1460,31-614-CAS-24965173,1460,31-614-CAS-24965173,1,COc1ccc(CO[C@H]2[C@@H]3O[C@H](c4ccccc4)OC[C@H]3O[C@H](S(=O)(=O)c3ccccc3)[C@H]2OCc2ccccc2)cc1,CC(C)(C)[Si](OC[C@H]1O[C@@H](OCc2ccccc2)[C@H](N2C(=O)c3ccccc3C2=O)[C@@H](OCc2ccccc2)[C@@H]1O[C@@H]1O[C@H](COCc2ccccc2)[C@@H](O)[C@H](OCc2ccccc2)[C@H]1N1C(=O)c2ccccc2C1=O)(c1ccccc1)c1ccccc1,CC(=O)O[C@H]1[C@H](OCc2ccccc2)[C@@H](N2C(=O)c3ccccc3C2=O)[C@H](O[C@H]2[C@H](OCc3ccccc3)[C@@H](N3C(=O)c4ccccc4C3=O)[C@H](OCc3ccccc3)O[C@@H]2CO[Si](c2ccccc2)(c2ccccc2)C(C)(C)C)O[C@@H]1COCc1ccccc1,thioglycoside,53,54,4,3
SG-1eaed6daf170b382,1eaed6daf170b382b6607cd03ce3ad2b8e6ee49ae5c698242b8f6df35cfefa25,528,31-010-CAS-3412341,528,31-010-CAS-3412341,1,COC(=O)[C@H]1O[C@@H](O[C@H]2[C@@H](OC(=O)c3ccccc3)[C@@H](COC(=O)c3ccccc3)O[C@H](OC(=N)C(Cl)(Cl)Cl)[C@@H]2OC(=O)c2ccccc2)[C@H](OC(=O)c2ccccc2)[C@@H](OC(=O)c2ccccc2)[C@@H]1OC(=O)c1ccccc1,CCCCCCCCO[C@@H]1O[C@H](CO[C@H]2O[C@H](CO[C@@H]3O[C@H](COCc4ccccc4)[C@@H](O)[C@H](OCc4ccccc4)[C@H]3NC(=O)C(Cl)(Cl)Cl)[C@@H](OCc3ccccc3)[C@H](OCc3ccccc3)[C@@H]2OCc2ccccc2)[C@@H](OCc2ccccc2)[C@H](OCc2ccccc2)[C@@H]1OCc1ccccc1,CCCCCCCCO[C@@H]1O[C@H](CO[C@H]2O[C@H](CO[C@@H]3O[C@H](COCc4ccccc4)[C@@H](OC(C)=O)[C@H](OCc4ccccc4)[C@H]3NC(=O)C(Cl)(Cl)Cl)[C@@H](OCc3ccccc3)[C@H](OCc3ccccc3)[C@@H]2OCc2ccccc2)[C@@H](OCc2ccccc2)[C@H](OCc2ccccc2)[C@@H]1OCc1ccccc1,trichloroacetimidate,31,32,31,32
SG-1f05b3521d9f39b2,1f05b3521d9f39b219f3403cb8a1695f3bb681c312812214b3bf3d68f302e480,78,31-010-CAS-1161485,78,31-010-CAS-1161485,1,CC(=O)O[C@@H]1[C@@H](OC(=N)C(Cl)(Cl)Cl)O[C@H](COCc2ccccc2)[C@@H](OCc2ccccc2)[C@@H]1OCc1ccccc1,C=CCO[C@@H]1[C@H](OCc2ccccc2)[C@H](OCc2ccccc2)[C@@H](OCc2ccccc2)[C@H](OCc2ccccc2)[C@H]1O[C@H]1O[C@H](COCc2ccccc2)[C@@H](O)[C@H](OCc2ccccc2)[C@H]1N=[N+]=[N-],C=CCO[C@@H]1[C@H](OCc2ccccc2)[C@H](OCc2ccccc2)[C@@H](OCc2ccccc2)[C@H](OCc2ccccc2)[C@H]1O[C@H]1O[C@H](COCc2ccccc2)[C@@H](OC(C)=O)[C@H](OCc2ccccc2)[C@H]1N=[N+]=[N-],trichloroacetimidate,55,56,55,56
SG-1f0c0661e0da231f,1f0c0661e0da231fc1a58cdd23aa22af643a4ae081ada436106a52d9934c1d7c,614,31-010-CAS-6047664,614,31-010-CAS-6047664,1,CC(=O)O[C@H]1[C@@H](N=[N+]=[N-])[C@@H](C)O[C@@H](OC(=Nc2ccccc2)C(F)(F)F)[C@@H]1NC(=O)C(Cl)(Cl)Cl,C=CCO[C@@H]1O[C@H](C)[C@H](N=[N+]=[N-])[C@H](O[C@@H]2O[C@@H](C(=O)OCc3ccccc3)[C@H](O)[C@H](OCc3ccccc3)[C@H]2NC(=O)C(Cl)(Cl)Cl)[C@H]1NC(=O)C(Cl)(Cl)Cl,C=CCO[C@@H]1O[C@H](C)[C@H](N=[N+]=[N-])[C@H](O[C@@H]2O[C@@H](C(=O)OCc3ccccc3)[C@H](OC(C)=O)[C@H](OCc3ccccc3)[C@H]2NC(=O)C(Cl)(Cl)Cl)[C@H]1NC(=O)C(Cl)(Cl)Cl,trifluoroacetimidate,27,28,27,28
SG-1f5d64e5c7d6fe67,1f5d64e5c7d6fe679d66ea22858c76aa43ece786973e1f53a3bfbdd1724d3040,573,31-010-CAS-22954860,573,31-010-CAS-22954860,1,COc1ccc(CO[C@H]2[C@H](OCc3ccccc3)[C@@H](N=[N+]=[N-])C(OC(=Nc3ccccc3)C(F)(F)F)O[C@@H]2COCc2ccccc2)cc1,[N-]=[N+]=N[C@H]1[C@@H](OCCCCCC(=O)OCc2ccccc2)O[C@H](COCc2ccccc2)[C@@H](O[C@H]2O[C@H](COCc3ccccc3)[C@@H](O)[C@H](OCc3ccccc3)[C@H]2N=[N+]=[N-])[C@@H]1OCc1ccccc1,CC(=O)O[C@H]1[C@H](OCc2ccccc2)[C@@H](N=[N+]=[N-])[C@@H](O[C@H]2[C@H](OCc3ccccc3)[C@@H](N=[N+]=[N-])[C@@H](OCCCCCC(=O)OCc3ccccc3)O[C@@H]2COCc2ccccc2)O[C@@H]1COCc1ccccc1,trifluoroacetimidate,46,47,4,3
SG-1f9496836d5806f6,1f9496836d5806f6673c8c760f6afa2842064520b910b3f1aea7adee10e1c731,639,31-010-CAS-21471841,639;640,31-010-CAS-21471841;31-010-CAS-20875061,2,COC(=O)[C@@]1(O[C@H]2[C@@H](OC(=O)c3ccccc3)[C@@H](COC(=O)c3ccccc3)OC(OC(=Nc3ccccc3)C(F)(F)F)[C@@H]2OC(=O)c2ccccc2)C[C@H](OC(C)=O)[C@@H](NC(C)=O)[C@H]([C@H](OC(C)=O)[C@@H](COC(C)=O)OC(C)=O)O1,CC(=O)O[C@H]1[C@H](O[C@@H]2[C@H](O[C@@H]3O[C@H](COCc4ccccc4)[C@@H](O)[C@H](OCc4ccccc4)[C@H]3N3C(=O)c4ccccc4C3=O)[C@@H](OC(=O)c3ccccc3)[C@H](OCCCN=[N+]=[N-])O[C@@H]2COC(=O)c2ccccc2)O[C@H](COCc2ccccc2)[C@@H](OCc2ccccc2)[C@@H]1OCc1ccccc1,CC(=O)O[C@H]1[C@H](O[C@@H]2[C@H](O[C@@H]3O[C@H](COCc4ccccc4)[C@@H](OC(C)=O)[C@H](OCc4ccccc4)[C@H]3N3C(=O)c4ccccc4C3=O)[C@@H](OC(=O)c3ccccc3)[C@H](OCCCN=[N+]=[N-])O[C@@H]2COC(=O)c2ccccc2)O[C@H](COCc2ccccc2)[C@@H](OCc2ccccc2)[C@@H]1OCc1ccccc1,trifluoroacetimidate,22,23,22,23
SG-1fa5793ab86c6f4e,1fa5793ab86c6f4e4ada238c6b1b24333565681ea0817cbe0e86c7252a103b1d,1250,31-013-CAS-10941513,1250,31-013-CAS-10941513,1,CCS[C@@H]1O[C@H](COCc2ccccc2)[C@H](OCc2ccccc2)[C@H](OCc2ccccc2)[C@H]1OC(C)=O,CCCCCCCCO[C@@H]1O[C@H](COCc2ccc(OC)cc2)[C@@H](O)[C@H](OCc2ccccc2)[C@H]1N1C(=O)c2ccccc2C1=O,CCCCCCCCO[C@@H]1O[C@H](COCc2ccc(OC)cc2)[C@@H](OC(C)=O)[C@H](OCc2ccccc2)[C@H]1N1C(=O)c2ccccc2C1=O,thioglycoside,23,24,23,24
SG-1fea39e5bb425861,1fea39e5bb425861b874dbdd879ab559c77419e5db73a88312bc3c4bfe29c3c2,853,31-013-CAS-8454219,853,31-013-CAS-8454219,1,COc1ccc([C@@H]2OC[C@H]3O[C@@H](Sc4ccccc4C)[C@H](OC(=O)c4ccccc4CN=[N+]=[N-])[C@@H](OCc4ccccc4)[C@@H]3O2)cc1,COc1ccc(COC[C@H]2O[C@@H](O[Si](C)(C)C(C)(C)C)[C@H](N=[N+]=[N-])[C@@H](OCc3ccccc3)[C@@H]2O)cc1,COc1ccc(COC[C@H]2O[C@@H](O[Si](C)(C)C(C)(C)C)[C@H](N=[N+]=[N-])[C@@H](OCc3ccccc3)[C@@H]2OC(C)=O)cc1,thioglycoside,33,34,33,34
SG-209edfc68cb49e79,209edfc68cb49e79f4a71a6304acbd3591bcf7de6c7575d477104794d8d46eb3,1217,31-013-CAS-22357476,1217,31-013-CAS-22357476,1,Cc1ccc(S[C@@H]2O[C@@H](C)[C@H](OCc3ccccc3)[C@@H](OCc3ccccc3)[C@H]2OC(=O)OCC2c3ccccc3-c3ccccc32)cc1,O=C(OCc1ccccc1)N(CCCCCO[C@@H]1O[C@H](COCc2ccccc2)[C@H](O)[C@H](OCc2ccc3ccccc3c2)[C@H]1NC(=O)C(Cl)(Cl)Cl)Cc1ccccc1,CC(=O)O[C@@H]1[C@H](OCc2ccc3ccccc3c2)[C@@H](NC(=O)C(Cl)(Cl)Cl)[C@H](OCCCCCN(Cc2ccccc2)C(=O)OCc2ccccc2)O[C@@H]1COCc1ccccc1,thioglycoside,29,30,4,3
SG-209ff3404b5a827e,209ff3404b5a827eea076568021b088ff861f42d09ef088b7c836b780957dd08,453,31-010-CAS-9385339,453,31-010-CAS-9385339,1,COC(=O)[C@@H]1OC(OC(=N)C(Cl)(Cl)Cl)[C@H](OC(=O)CCC(C)=O)[C@@H](OCc2ccccc2)[C@@H]1O[C@H]1O[C@@H]2CO[C@@H](c3ccccc3)O[C@H]2[C@H](OCc2ccccc2)[C@H]1N=[N+]=[N-],COC(=O)[C@@H]1O[C@@H](O[C@H]2[C@H](OCc3ccccc3)[C@@H](NC(C)=O)[C@@H](OC(C)C)O[C@@H]2COC(=O)c2ccccc2)[C@H](OC(=O)C(C)(C)C)[C@@H](OCc2ccccc2)[C@@H]1O[C@H]1O[C@H](COCc2ccccc2)[C@@H](O)[C@H](OCc2ccccc2)[C@H]1N=[N+]=[N-],COC(=O)[C@@H]1O[C@@H](O[C@H]2[C@H](OCc3ccccc3)[C@@H](NC(C)=O)[C@@H](OC(C)C)O[C@@H]2COC(=O)c2ccccc2)[C@H](OC(=O)C(C)(C)C)[C@@H](OCc2ccccc2)[C@@H]1O[C@H]1O[C@H](COCc2ccccc2)[C@@H](OC(C)=O)[C@H](OCc2ccccc2)[C@H]1N=[N+]=[N-],trichloroacetimidate,71,72,71,72
SG-20db2eab88135f64,20db2eab88135f642126213fbe08108650ec615c5aebacf4ee9c73095704dfd2,144,31-010-CAS-4518168,144,31-010-CAS-4518168,1,COC(=O)[C@@H]1OC(OC(=N)C(Cl)(Cl)Cl)[C@H](OC(C)=O)[C@@H](OCc2ccccc2)[C@@H]1OCc1ccc(OC)cc1,C=CCO[C@H]1O[C@H](COC(C)=O)[C@@H](O)[C@H](OCc2ccccc2)[C@H]1N=[N+]=[N-],C=CCO[C@H]1O[C@H](COC(C)=O)[C@@H](OC(C)=O)[C@H](OCc2ccccc2)[C@H]1N=[N+]=[N-],trichloroacetimidate,12,13,12,13
SG-212dd11d5c4beb2a,212dd11d5c4beb2a3893ee7203ef05c30b6e6de77465fdf727e0af1be8b876b0,607,31-010-CAS-19353817,607,31-010-CAS-19353817,1,CC(C)[Si](O[C@@H]1[C@H](OC(=Nc2ccccc2)C(F)(F)F)O[C@@H](C)[C@@H](OC(=O)c2ccccc2)[C@H]1OC(=O)c1ccccc1)(C(C)C)C(C)C,CC(=O)O[C@@H]1[C@@H](OC(C)=O)[C@H](C)O[C@@H](O[C@H]2[C@@H](OC(C)=O)[C@@H](CO[Si](c3ccccc3)(c3ccccc3)C(C)(C)C)O[C@@H](O[C@H]3[C@H](O)[C@@H](CO[Si](c4ccccc4)(c4ccccc4)C(C)(C)C)O[C@@H](Oc4ccc(OCCCl)cc4)[C@@H]3NC(=O)C(F)(F)F)[C@@H]2OC(C)=O)[C@@H]1OC(C)=O,CC(=O)O[C@@H]1[C@@H](OC(C)=O)[C@H](C)O[C@@H](O[C@H]2[C@@H](OC(C)=O)[C@@H](CO[Si](c3ccccc3)(c3ccccc3)C(C)(C)C)O[C@@H](O[C@@H]3[C@@H](NC(=O)C(F)(F)F)[C@H](Oc4ccc(OCCCl)cc4)O[C@H](CO[Si](c4ccccc4)(c4ccccc4)C(C)(C)C)[C@H]3OC(C)=O)[C@@H]2OC(C)=O)[C@@H]1OC(C)=O,trifluoroacetimidate,45,46,86,87
SG-213059ced13f7ffc,213059ced13f7ffc2e0e51351e18fdaa37535d1f1a1c099e3e1e46ff00cb4743,1121,31-013-CAS-2178728,1121;1122;1123,31-013-CAS-2178728;31-013-CAS-16806677;31-013-CAS-12451350,3,CC(=O)O[C@H]1[C@@H](OC(C)=O)[C@@H](COCc2ccccc2)O[C@@H](Sc2ccccc2)[C@@H]1OC(C)=O,C[Si](C)(C)CCO[C@@H]1O[C@H](COCc2ccccc2)[C@@H](O)[C@H](O)[C@H]1N1C(=O)c2ccccc2C1=O,CC(=O)O[C@H]1[C@H](O)[C@@H](N2C(=O)c3ccccc3C2=O)[C@H](OCC[Si](C)(C)C)O[C@@H]1COCc1ccccc1,thioglycoside,19,20,4,3
SG-2138e6af54f02ce4,2138e6af54f02ce4323f900419d99802402bd285492016b6b2e2d150e36b49c5,1476,31-013-CAS-667641,1476,31-013-CAS-667641,1,CC(=O)OC[C@H]1O[C@@H](Sc2ccccc2)[C@H](N2C(=O)c3cc(Cl)c(Cl)cc3C2=O)[C@@H](OC(C)=O)[C@@H]1OC(C)=O,CC(=O)O[C@H]1[C@H](O)[C@@H](COCc2ccccc2)O[C@@H](Sc2ccccc2)[C@@H]1N1C(=O)c2cc(Cl)c(Cl)cc2C1=O,CC(=O)O[C@H]1[C@H](OC(C)=O)[C@@H](COCc2ccccc2)O[C@@H](Sc2ccccc2)[C@@H]1N1C(=O)c2cc(Cl)c(Cl)cc2C1=O,thioglycoside,5,6,5,6
SG-21771caed8bcade6,21771caed8bcade601a9f665b7e81d55cc8e61ed5f1b4b74983f035e08bea504,391,31-010-CAS-17658048,391;392,31-010-CAS-17658048;31-010-CAS-12999057,2,CC(C)(C)[Si](O[C@@H]1[C@H](OCc2ccccc2)[C@@H](OC(=N)C(Cl)(Cl)Cl)O[C@H](CO[C@@H]2O[C@@H]3CO[C@@H](c4ccccc4)O[C@H]3[C@H](OCc3ccccc3)[C@H]2N2C(=O)c3ccccc3C2=O)[C@H]1OCc1ccccc1)(c1ccccc1)c1ccccc1,CC(C)[C@@H]1CC[C@@H](C)C[C@H]1OC(=O)O[C@H]1[C@H](O[C@H]2O[C@H](COCc3ccccc3)[C@@H](O)[C@H](OCc3ccccc3)[C@H]2N=[N+]=[N-])[C@H]2OC3(CCCCC3)O[C@@H]2[C@H]2OC3(CCCCC3)O[C@@H]12,CC(=O)O[C@H]1[C@H](OCc2ccccc2)[C@@H](N=[N+]=[N-])[C@@H](O[C@H]2[C@H](OC(=O)O[C@@H]3C[C@H](C)CC[C@H]3C(C)C)[C@@H]3OC4(CCCCC4)O[C@@H]3[C@H]3OC4(CCCCC4)O[C@H]23)O[C@@H]1COCc1ccccc1,trichloroacetimidate,29,30,4,3
SG-21c5e34f29c3cf07,21c5e34f29c3cf07e114911c138b3bd41a7cfbda8cfbc83817d1eb6c43561972,136,31-010-CAS-7937622,136,31-010-CAS-7937622,1,N=C(OC1O[C@@H]2CO[C@@H](c3ccccc3)O[C@H]2[C@H](OC(=O)Nc2ccccc2)[C@H]1OC(=O)CCl)C(Cl)(Cl)Cl,[N-]=[N+]=N[C@@H]1O[C@H](COCc2ccccc2)[C@@H](O[C@@H]2O[C@H](COCc3ccccc3)[C@@H](O)[C@H](OCc3ccccc3)[C@H]2N2C(=O)c3ccccc3C2=O)[C@H](OCc2ccccc2)[C@H]1N1C(=O)c2ccccc2C1=O,CC(=O)O[C@H]1[C@H](OCc2ccccc2)[C@@H](N2C(=O)c3ccccc3C2=O)[C@H](O[C@H]2[C@H](OCc3ccccc3)[C@@H](N3C(=O)c4ccccc4C3=O)[C@H](N=[N+]=[N-])O[C@@H]2COCc2ccccc2)O[C@@H]1COCc1ccccc1,trichloroacetimidate,29,30,4,3
SG-22635354e88dc1b6,22635354e88dc1b633f8ab9041f2fae18d22fa6cf2b39ddfd586369db33abd29,1423,31-013-CAS-11405498,1423,31-013-CAS-11405498,1,CCS[C@@H]1O[C@@H]2CO[C@H](c3ccccc3)O[C@@H]2[C@H](O[Si](C)(C)C(C)(C)C)[C@H]1N1C(=O)c2ccccc2C1=O,CC(=O)O[C@H]1[C@@H](O)[C@@H](COCc2ccccc2)O[C@H](OCCc2ccc([N+](=O)[O-])cc2)[C@@H]1N=[N+]=[N-],CC(=O)O[C@@H]1[C@@H](N=[N+]=[N-])[C@@H](OCCc2ccc([N+](=O)[O-])cc2)O[C@H](COCc2ccccc2)[C@@H]1OC(C)=O,thioglycoside,5,6,33,34
SG-2272272ac5beb7b7,2272272ac5beb7b7c9ee7c3fa98bb77267a36d2a69eed5ca9bf7466f7f8b30f4,729,31-013-CAS-3326537,729;730;731;732,31-013-CAS-3326537;31-013-CAS-14593441;31-013-CAS-10675195;31-013-CAS-15354316,4,COc1ccc(CO[C@@H]2[C@H](OCc3ccccc3)[C@@H](Sc3ccccc3)O[C@@H]3CO[C@@H](c4ccccc4)O[C@@H]23)cc1,C=CCCCO[C@@H]1O[C@H](COCc2ccccc2)[C@@H](O)[C@H](OCc2ccccc2)[C@H]1N=[N+]=[N-],C=CCCCO[C@@H]1O[C@H](COCc2ccccc2)[C@@H](OC(C)=O)[C@H](OCc2ccccc2)[C@H]1N=[N+]=[N-],thioglycoside,18,19,18,19
SG-22821b3d527a2829,22821b3d527a282988b59373e737b40b0fad0c966dd4459a44e785e806b3d8b4,1209,31-614-CAS-43414513,1209,31-614-CAS-43414513,1,CC(=O)OC[C@H]1O[C@@H](Sc2ccccc2)[C@H](OC(C)=O)[C@@H](N=[N+]=[N-])[C@H]1OC(C)=O,CO[C@@H]1O[C@H](COCc2ccccc2)[C@@H](O)[C@H](OCc2ccccc2)[C@H]1N1C(=O)c2ccccc2C1=O,CO[C@@H]1O[C@H](COCc2ccccc2)[C@@H](OC(C)=O)[C@H](OCc2ccccc2)[C@H]1N1C(=O)c2ccccc2C1=O,thioglycoside,14,15,14,15
SG-22e6457a12c7c583,22e6457a12c7c5833b3b03fd3a8ee68d6e266196902f2e0373769cdf95278bb0,308,31-010-CAS-6080970,308,31-010-CAS-6080970,1,CC(=O)OC[C@H]1O[C@@H](OC(=N)C(Cl)(Cl)Cl)[C@H](N2C(=O)c3ccccc3C2=O)[C@@H](OC(C)=O)[C@@H]1OC(C)=O,C=CCO[C@@H]1O[C@H](COC(=O)c2ccccc2)[C@@H](O)[C@H](OC(=O)c2ccccc2)[C@H]1N1C(=O)c2ccccc2C1=O,C=CCO[C@@H]1O[C@H](COC(=O)c2ccccc2)[C@@H](OC(C)=O)[C@H](OC(=O)c2ccccc2)[C@H]1N1C(=O)c2ccccc2C1=O,trichloroacetimidate,17,18,17,18
SG-22f00746172d70c9,22f00746172d70c91baf0bcb292219167cde848f57131e5cd5ebbb026238fe5f,611,31-010-CAS-13291590,611,31-010-CAS-13291590,1,COC(=O)O[C@H]1C(OC(=Nc2ccccc2)C(F)(F)F)O[C@H](COCc2ccccc2)[C@H](OCc2ccccc2)[C@@H]1OCc1ccccc1,C=CCO[C@@H]1O[C@H](COCc2ccccc2)[C@@H](O)[C@H](O)[C@H]1N1C(=O)c2ccccc2C1=O,C=CCO[C@@H]1O[C@H](COCc2ccccc2)[C@@H](OC(C)=O)[C@H](O)[C@H]1N1C(=O)c2ccccc2C1=O,trifluoroacetimidate,16,17,16,17
SG-22f396c3ddb082d4,22f396c3ddb082d46ff76ca5dad0fddd78be8801ddbaeec8e3a839f1e0a7dc79,482,31-010-CAS-7110317,482,31-010-CAS-7110317,1,COC(=O)[C@@H]1OC(OC(=N)C(Cl)(Cl)Cl)[C@H](OC(C)=O)[C@@H](OCc2ccccc2)[C@@H]1O[C@H]1O[C@@H]2CO[C@@H](c3ccccc3)O[C@H]2[C@H](OCc2ccccc2)[C@H]1NC(C)=O,COC(=O)[C@@H]1O[C@@H](OC(C)C)[C@H](OC(=O)C(C)(C)C)[C@@H](OCc2ccccc2)[C@@H]1O[C@H]1O[C@H](COC(C)=O)[C@@H](O)[C@H](OCc2ccccc2)[C@H]1N=[N+]=[N-],COC(=O)[C@@H]1O[C@@H](OC(C)C)[C@H](OC(=O)C(C)(C)C)[C@@H](OCc2ccccc2)[C@@H]1O[C@H]1O[C@H](COC(C)=O)[C@@H](OC(C)=O)[C@H](OCc2ccccc2)[C@H]1N=[N+]=[N-],trichloroacetimidate,38,39,38,39
SG-2319a38b11b69ec9,2319a38b11b69ec918b502844e2f7c1806d474eb304cab37fa44cad8c8087daa,1355,31-614-CAS-38021995,1355,31-614-CAS-38021995,1,O=C(CCl)O[C@@H]1[C@H](OCc2ccccc2)[C@@H](N2C(=O)c3ccccc3C2=O)[C@H](Sc2ccccc2)O[C@@H]1CN1C(=O)c2ccccc2C1=O,CO[C@@H]1O[C@H](CN2C(=O)c3ccccc3C2=O)[C@H](O[C@@H]2O[C@H](CN3C(=O)c4ccccc4C3=O)[C@H](O[C@@H]3O[C@H](CN4C(=O)c5ccccc5C4=O)[C@H](O[C@@H]4O[C@H](CN5C(=O)c6ccccc6C5=O)[C@H](O[C@@H]5O[C@H](CN6C(=O)c7ccccc7C6=O)[C@H](O)[C@H](OCc6ccccc6)[C@H]5N5C(=O)c6ccccc6C5=O)[C@H](OCc5ccccc5)[C@H]4N4C(=O)c5ccccc5C4=O)[C@H](OCc4ccccc4)[C@H]3N3C(=O)c4ccccc4C3=O)[C@H](OCc3ccccc3)[C@H]2N2C(=O)c3ccccc3C2=O)[C@H](OCc2ccccc2)[C@H]1N1C(=O)c2ccccc2C1=O,CO[C@@H]1O[C@H](CN2C(=O)c3ccccc3C2=O)[C@H](O[C@@H]2O[C@H](CN3C(=O)c4ccccc4C3=O)[C@H](O[C@@H]3O[C@H](CN4C(=O)c5ccccc5C4=O)[C@H](O[C@@H]4O[C@H](CN5C(=O)c6ccccc6C5=O)[C@H](O[C@@H]5O[C@H](CN6C(=O)c7ccccc7C6=O)[C@H](OC(C)=O)[C@H](OCc6ccccc6)[C@H]5N5C(=O)c6ccccc6C5=O)[C@H](OCc5ccccc5)[C@H]4N4C(=O)c5ccccc5C4=O)[C@H](OCc4ccccc4)[C@H]3N3C(=O)c4ccccc4C3=O)[C@H](OCc3ccccc3)[C@H]2N2C(=O)c3ccccc3C2=O)[C@H](OCc2ccccc2)[C@H]1N1C(=O)c2ccccc2C1=O,thioglycoside,85,86,85,86
SG-23235d72919227d1,23235d72919227d140963ba584929992fec94b73d95f2aa06a52cc3a30481e59,1243,31-013-CAS-12548374,1243,31-013-CAS-12548374,1,CC(=O)O[C@@H]1[C@@H](OCc2ccccc2)[C@@H](OCc2ccccc2)[C@@H](COCc2ccccc2)O[C@H]1Sc1ccc(C)cc1,Cc1ccc(S[C@@H]2O[C@H](COCc3ccccc3)[C@@H](O)[C@H](OCc3ccccc3)[C@H]2N2C(=O)c3ccccc3C2=O)cc1,CC(=O)O[C@H]1[C@H](OCc2ccccc2)[C@@H](N2C(=O)c3ccccc3C2=O)[C@H](Sc2ccc(C)cc2)O[C@@H]1COCc1ccccc1,thioglycoside,18,19,4,3
SG-2332c1976527a2af,2332c1976527a2af45ec8f9131c95b83e39fa71cd244d9887b41f598116c8134,1237,31-013-CAS-10325963,1237,31-013-CAS-10325963,1,C=CCO[C@H]1[C@@H](OC(C)=O)[C@@H](COC(C)=O)O[C@@H](SCC)[C@@H]1OC(C)=O,CCCCCCCCO[C@@H]1O[C@H](COCc2ccccc2)[C@@H](O)[C@H](OCc2ccccc2)[C@H]1N1C(=O)c2ccccc2C1=O,CCCCCCCCO[C@@H]1O[C@H](COCc2ccccc2)[C@@H](OC(C)=O)[C@H](OCc2ccccc2)[C@H]1N1C(=O)c2ccccc2C1=O,thioglycoside,21,22,21,22
SG-2351af265528779f,2351af265528779fdb4df64319efb8db2628feed6a48944c361b58b5a197b261,14,31-010-CAS-7636404,14,31-010-CAS-7636404,1,N=C(O[C@@H]1O[C@@H]2CO[C@@H](c3ccccc3)O[C@H]2[C@H](OCc2ccccc2)[C@H]1N1C(=O)c2ccccc2C1=O)C(Cl)(Cl)Cl,C=CC[C@@H]1O[C@H](COCc2ccccc2)[C@@H](O)[C@H](OCc2ccccc2)[C@H]1N1C(=O)c2ccccc2C1=O,C=CC[C@@H]1O[C@H](COCc2ccccc2)[C@@H](OC(C)=O)[C@H](OCc2ccccc2)[C@H]1N1C(=O)c2ccccc2C1=O,trichloroacetimidate,15,16,15,16
SG-236e6f6231915a38,236e6f6231915a38e566d6d8c3c11f52fc81ba8cefb03bc2f0d729034afec492,897,31-013-CAS-17081678,897;898,31-013-CAS-17081678;31-013-CAS-10425819,2,COc1ccc(CO[C@H]2[C@H](OCc3ccccc3)[C@@H](OC(=O)CCC(C)=O)[C@H](O[C@H]3[C@H](OCc4ccccc4)[C@@H](N=[N+]=[N-])[C@@H](O[C@H]4[C@H](OCc5ccccc5)[C@@H](OC(=O)c5ccccc5)[C@H](Sc5ccc(C)cc5)O[C@H]4CO[Si](c4ccccc4)(c4ccccc4)C(C)(C)C)O[C@@H]3COC(=O)CCC(C)=O)O[C@H]2CO[Si](c2ccccc2)(c2ccccc2)C(C)(C)C)cc1,Cc1ccc(S[C@@H]2O[C@H](CO[Si](c3ccccc3)(c3ccccc3)C(C)(C)C)[C@@H](O[C@H]3O[C@H](COCc4ccccc4)[C@@H](O)[C@H](OCc4ccccc4)[C@H]3N=[N+]=[N-])[C@H](OCc3ccccc3)[C@H]2OC(=O)c2ccccc2)cc1,CC(=O)O[C@H]1[C@H](OCc2ccccc2)[C@@H](N=[N+]=[N-])[C@@H](O[C@H]2[C@H](OCc3ccccc3)[C@@H](OC(=O)c3ccccc3)[C@H](Sc3ccc(C)cc3)O[C@@H]2CO[Si](c2ccccc2)(c2ccccc2)C(C)(C)C)O[C@@H]1COCc1ccccc1,thioglycoside,42,43,4,3
SG-2378ee93a3e7b86c,2378ee93a3e7b86c15a4cdfc5844e002de1d2e7049dead0257de02371cfa4a15,1285,31-013-CAS-13659998,1285,31-013-CAS-13659998,1,CCS[C@@H]1O[C@H](COC(C)=O)[C@H](OC(C)=O)[C@H](OCc2ccccc2)[C@H]1N1C(=O)c2ccccc2C1=O,C=CCO[C@H]1O[C@H](COCc2ccccc2)[C@@H](OCc2ccccc2)[C@H](OCc2ccccc2)[C@@H]1O[C@@H]1O[C@H](COCc2ccccc2)[C@@H](O)[C@H](OCc2ccccc2)[C@H]1N1C(=O)c2ccccc2C1=O,C=CCO[C@H]1O[C@H](COCc2ccccc2)[C@@H](OCc2ccccc2)[C@H](OCc2ccccc2)[C@@H]1O[C@@H]1O[C@H](COCc2ccccc2)[C@@H](OC(C)=O)[C@H](OCc2ccccc2)[C@H]1N1C(=O)c2ccccc2C1=O,thioglycoside,48,49,48,49
SG-237c00b663dc782d,237c00b663dc782d93cfc42825346d925b1747356c1bdb46a90dcb01c9d463da,1387,31-013-CAS-12685556,1387;1388;1389,31-013-CAS-12685556;31-013-CAS-16806675;31-013-CAS-6076988,3,CCS[C@@H]1O[C@H](COC(C)=O)[C@@H](OC(C)=O)[C@H](OC(C)=O)[C@H]1NC(=O)OCC(Cl)(Cl)Cl,C[Si](C)(C)CCO[C@@H]1O[C@H](COCc2ccccc2)[C@@H](O)[C@H](O)[C@H]1N1C(=O)c2ccccc2C1=O,CC(=O)O[C@H]1[C@H](O)[C@@H](N2C(=O)c3ccccc3C2=O)[C@H](OCC[Si](C)(C)C)O[C@@H]1COCc1ccccc1,thioglycoside,19,20,4,3
SG-23ad38984f013193,23ad38984f01319340718fb1860fa216b0ba7ea389e6b0d3839d2b4ca0a98ded,538,31-010-CAS-12025577,538,31-010-CAS-12025577,1,CC(=O)OC[C@H]1O[C@H](O[C@H]2[C@H](OCc3ccccc3)[C@@H](OC(=O)c3ccccc3)C(OC(=N)C(Cl)(Cl)Cl)O[C@@H]2COC(=O)CCl)[C@H](N=[N+]=[N-])[C@@H](OCc2ccccc2)[C@@H]1OCc1ccccc1,COc1ccc(O[C@@H]2O[C@@H](COC(=O)CCl)[C@@H](O[C@H]3O[C@H](COC(C)=O)[C@@H](O[C@@H]4O[C@H](COC(=O)CCl)[C@@H](O[C@H]5O[C@H](COC(C)=O)[C@@H](O[C@@H]6O[C@@H](COC(=O)CCl)[C@@H](O[C@H]7O[C@H](COC(C)=O)[C@@H](O)[C@H](OCc8ccccc8)[C@H]7N=[N+]=[N-])[C@H](OCc7ccccc7)[C@H]6OC(=O)c6ccccc6)[C@H](OCc6ccccc6)[C@H]5N=[N+]=[N-])[C@H](OCc5ccccc5)[C@H]4OC(=O)c4ccccc4)[C@H](OCc4ccccc4)[C@H]3N=[N+]=[N-])[C@H](OCc3ccccc3)[C@H]2OC(=O)c2ccccc2)cc1,COc1ccc(O[C@@H]2O[C@@H](COC(=O)CCl)[C@@H](O[C@H]3O[C@H](COC(C)=O)[C@@H](O[C@@H]4O[C@H](COC(=O)CCl)[C@@H](O[C@H]5O[C@H](COC(C)=O)[C@@H](O[C@@H]6O[C@@H](COC(=O)CCl)[C@@H](O[C@H]7O[C@H](COC(C)=O)[C@@H](OC(C)=O)[C@H](OCc8ccccc8)[C@H]7N=[N+]=[N-])[C@H](OCc7ccccc7)[C@H]6OC(=O)c6ccccc6)[C@H](OCc6ccccc6)[C@H]5N=[N+]=[N-])[C@H](OCc5ccccc5)[C@H]4OC(=O)c4ccccc4)[C@H](OCc4ccccc4)[C@H]3N=[N+]=[N-])[C@H](OCc3ccccc3)[C@H]2OC(=O)c2ccccc2)cc1,trichloroacetimidate,68,69,68,69
SG-23e750c4657b67d7,23e750c4657b67d761625accc4a0210ada6f558a4460b400f91934c2ffd6f15a,1154,31-013-CAS-1179903,1154,31-013-CAS-1179903,1,CC(=O)O[C@H]1[C@H](OCc2ccccc2)[C@H](N2C(=O)c3ccccc3C2=O)[C@@H](Sc2ccccc2)O[C@@H]1CN=[N+]=[N-],CO[C@H]1O[C@H](CN=[N+]=[N-])[C@@H](O)[C@H](OCc2ccccc2)[C@@H]1N1C(=O)c2ccccc2C1=O,CO[C@H]1O[C@H](CN=[N+]=[N-])[C@@H](OC(C)=O)[C@H](OCc2ccccc2)[C@@H]1N1C(=O)c2ccccc2C1=O,thioglycoside,9,10,9,10
SG-24637b173a580f6e,24637b173a580f6e54c72fdc2756d7a4ec47220fdd36bb243568232d091bce22,1170,31-614-CAS-40361037,1170,31-614-CAS-40361037,1,CCS[C@@H]1O[C@@H]2COC(c3ccccc3)O[C@@H]2[C@H](O)[C@H]1OC(=O)c1ccccc1,CCS[C@@H]1O[C@H](COCc2ccccc2)[C@@H](O)[C@H](O)[C@H]1N1C(=O)c2ccccc2C1=O,CCS[C@@H]1O[C@H](COCc2ccccc2)[C@@H](OC(C)=O)[C@H](O)[C@H]1N1C(=O)c2ccccc2C1=O,thioglycoside,15,16,15,16
SG-2479288c072500e2,2479288c072500e2615e2d36d9ec382bca4f6ae4d77a5bdabffbf731713486c7,169,31-010-CAS-3788570,169,31-010-CAS-3788570,1,[N-]=[N+]=N[C@H]1[C@@H](OC(=N)C(Cl)(Cl)Cl)O[C@H](COCc2ccccc2)[C@@H](OC(=O)OCC2c3ccccc3-c3ccccc32)[C@@H]1OCc1ccc2ccccc2c1,CC(=O)CCC(=O)O[C@@H]1[C@@H](NC(=O)OCC(Cl)(Cl)Cl)[C@H](O[Si](C)(C)C(C)(C)C(C)C)O[C@H](COCc2ccccc2)[C@H]1O[C@@H]1O[C@H](COCc2ccccc2)[C@@H](O)[C@H](OCc2ccccc2)[C@@H]1N=[N+]=[N-],CC(=O)CCC(=O)O[C@@H]1[C@@H](NC(=O)OCC(Cl)(Cl)Cl)[C@H](O[Si](C)(C)C(C)(C)C(C)C)O[C@H](COCc2ccccc2)[C@H]1O[C@@H]1O[C@H](COCc2ccccc2)[C@@H](OC(C)=O)[C@H](OCc2ccccc2)[C@@H]1N=[N+]=[N-],trichloroacetimidate,55,56,55,56
SG-24a3509988dc0a51,24a3509988dc0a51b28804fbf931bc916b75173fa9ad805f740a968a9e90d717,411,31-010-CAS-17927199,411,31-010-CAS-17927199,1,CC(C)(C)[Si](C)(C)OC[C@H]1O[C@H](O[C@@H]2[C@@H](OC[C@H]3O[C@H](OC(=N)C(Cl)(Cl)Cl)[C@@H](OCc4ccccc4)[C@@H](OCc4ccccc4)[C@@H]3OCc3ccccc3)O[C@H](COCc3ccccc3)[C@@H](OCc3ccccc3)[C@@H]2OCc2ccccc2)[C@@H](OCc2ccccc2)[C@@H](OCc2ccccc2)[C@@H]1OCc1ccccc1,COc1ccc(CO[C@@H]2[C@H](OCc3ccccc3)[C@H](OCc3ccccc3)[C@@H](OCc3ccccc3)[C@H](OCc3ccccc3)[C@H]2O[C@H]2O[C@H](COCc3ccccc3)[C@@H](O)[C@H](OCc3ccccc3)[C@H]2N=[N+]=[N-])cc1,COc1ccc(CO[C@@H]2[C@H](OCc3ccccc3)[C@H](OCc3ccccc3)[C@@H](OCc3ccccc3)[C@H](OCc3ccccc3)[C@H]2O[C@H]2O[C@H](COCc3ccccc3)[C@@H](OC(C)=O)[C@H](OCc3ccccc3)[C@H]2N=[N+]=[N-])cc1,trichloroacetimidate,59,60,59,60
SG-251f6e388bcba31e,251f6e388bcba31e958da3d36b771e42803ec610f802fbffa6353bf0150d1038,151,31-010-CAS-5149596,151,31-010-CAS-5149596,1,C=CCO[C@H]1[C@H](OCc2ccccc2)[C@@H](OC(C)=O)C(OC(=N)C(Cl)(Cl)Cl)O[C@H]1C(=O)OC,CO[C@H]1O[C@H](COC(C)=O)[C@@H](O)[C@H](OC(C)=O)[C@H]1NC(=O)OCc1ccccc1,CO[C@H]1O[C@H](COC(C)=O)[C@@H](OC(C)=O)[C@H](OC(C)=O)[C@H]1NC(=O)OCc1ccccc1,trichloroacetimidate,10,11,10,11
SG-252d7a4d3d517887,252d7a4d3d51788763850b2d9021b5b3137a90a3ab32b5eb58e85a3f692074dd,784,31-013-CAS-17243071,784,31-013-CAS-17243071,1,CCS[C@@H]1O[C@H](COCc2ccc3ccccc3c2)[C@@H](OCc2ccccc2)[C@H](OCc2ccccc2)[C@H]1OC(=O)CCC(C)=O,CC(=O)O[C@@H]1[C@H](O)[C@H](C)O[C@@H](O[Si](C)(C)C(C)(C)C(C)C)[C@H]1N=[N+]=[N-],CC(=O)O[C@H]1[C@H](N=[N+]=[N-])[C@H](O[Si](C)(C)C(C)(C)C(C)C)O[C@@H](C)[C@H]1OC(C)=O,thioglycoside,5,6,23,24
SG-2530571c41c508bf,2530571c41c508bf512227b682a0b36a87dde99b9fc3585d3c72e96f21fa4706,122,31-010-CAS-3623667,122,31-010-CAS-3623667,1,N=C(OC1O[C@@H]2CO[C@@H](c3ccccc3)O[C@H]2[C@H](OCc2ccccc2)[C@H]1N1C(=O)c2ccccc2C1=O)C(Cl)(Cl)Cl,O=C1c2ccccc2C(=O)N1[C@@H]1[C@@H](O)[C@H](O)[C@@H](COCc2ccccc2)O[C@H]1Sc1ccccc1,CC(=O)O[C@H]1[C@H](O)[C@@H](N2C(=O)c3ccccc3C2=O)[C@H](Sc2ccccc2)O[C@@H]1COCc1ccccc1,trichloroacetimidate,14,15,4,3
SG-25551f55d59c40f9,25551f55d59c40f9df33560f487571d366bba0ae514b9e535c48fa8b1688999e,681,31-614-CAS-34701874,681,31-614-CAS-34701874,1,CC(=O)OC[C@H]1O[C@@H](Sc2ccccc2)[C@H](OC(C)=O)[C@@H](OC(C)=O)[C@H]1OC(C)=O,CO[C@@H]1O[C@H](CF)[C@@H](O)[C@H](OCc2ccccc2)[C@H]1N=[N+]=[N-],CO[C@@H]1O[C@H](CF)[C@@H](OC(C)=O)[C@H](OCc2ccccc2)[C@H]1N=[N+]=[N-],thioglycoside,7,8,7,8
SG-25d67fe0f384bea9,25d67fe0f384bea98818bb1ad34028159865093075ce1fbc5d618405f5545079,131,31-010-CAS-10050841,131,31-010-CAS-10050841,1,CC(=O)O[C@H]1[C@H]2O[C@@H](c3ccccc3)OC[C@H]2OC(OC(=N)C(Cl)(Cl)Cl)[C@@H]1OC(C)=O,[N-]=[N+]=NCCCCCCO[C@@H]1O[C@H](COCc2ccccc2)[C@@H](O)[C@H](O)[C@H]1N1C(=O)c2ccccc2C1=O,CC(=O)O[C@H]1[C@H](O)[C@@H](N2C(=O)c3ccccc3C2=O)[C@H](OCCCCCCN=[N+]=[N-])O[C@@H]1COCc1ccccc1,trichloroacetimidate,22,23,4,3
SG-25dd20f8231e0ca3,25dd20f8231e0ca31531ced4ec08b72eeebbba306331a02232538dc426429d23,1290,31-013-CAS-4419623,1290,31-013-CAS-4419623,1,CS[C@@H]1O[C@@H](C)[C@H](OCc2ccccc2)[C@@H](O[Si](C)(C)C)[C@H]1OCc1ccc2ccccc2c1,COc1ccc(O[C@@H]2O[C@H](COCc3ccccc3)[C@@H](O)[C@H](OCc3ccccc3)[C@H]2N2C(=O)c3ccccc3C2=O)cc1,COc1ccc(O[C@@H]2O[C@H](COCc3ccccc3)[C@@H](OC(C)=O)[C@H](OCc3ccccc3)[C@H]2N2C(=O)c3ccccc3C2=O)cc1,thioglycoside,19,20,19,20
SG-264c58148a981f33,264c58148a981f33f83b1b015880afa7233a41bc3be8ce484c3aa14295b68ebf,148,31-010-CAS-884798,148,31-010-CAS-884798,1,CC(=O)OC[C@H]1O[C@H](OC(=N)C(Cl)(Cl)Cl)[C@H](OC(C)=O)[C@@H](OCc2ccc3ccccc3c2)[C@H]1OC(C)=O,CC(C)(C)C(=O)OC[C@H]1O[C@@H](Sc2ccccc2)[C@H](N2C(=O)c3ccccc3C2=O)[C@@H](O)[C@@H]1O,CC(=O)O[C@H]1[C@H](O)[C@@H](N2C(=O)c3ccccc3C2=O)[C@H](Sc2ccccc2)O[C@@H]1COC(=O)C(C)(C)C,trichloroacetimidate,32,33,4,3
SG-26cf2db35a1bd29e,26cf2db35a1bd29e823e00fa9cc4f20e7612198239f5e922115ca2ddac931d25,280,31-010-CAS-9267848,280,31-010-CAS-9267848,1,CC(=O)O[C@H]1[C@H](OCc2ccccc2)[C@@H](NC(=O)C(Cl)(Cl)Cl)[C@@H](OC(=N)C(Cl)(Cl)Cl)O[C@@H]1COCc1ccccc1,CC(C)(C)[Si](C)(C)O[C@@H]1O[C@H](COCc2ccccc2)[C@@H](O[C@@H]2O[C@H](COCc3ccccc3)[C@@H](O)[C@H](OCc3ccccc3)[C@H]2NC(=O)C(Cl)(Cl)Cl)[C@H](OCc2ccccc2)[C@H]1NC(=O)C(Cl)(Cl)Cl,CC(=O)O[C@H]1[C@H](OCc2ccccc2)[C@@H](NC(=O)C(Cl)(Cl)Cl)[C@H](O[C@H]2[C@H](OCc3ccccc3)[C@@H](NC(=O)C(Cl)(Cl)Cl)[C@H](O[Si](C)(C)C(C)(C)C)O[C@@H]2COCc2ccccc2)O[C@@H]1COCc1ccccc1,trichloroacetimidate,34,35,4,3
SG-26eb05c8c6d36cb2,26eb05c8c6d36cb2b069d597400df03105d94595f8fe4e68754b3421fd75fdad,1525,31-013-CAS-4596190,1525,31-013-CAS-4596190,1,CC(=O)O[C@H]1[C@H](OC(=O)CCl)[C@@H](COCc2ccccc2)O[C@@H](Sc2ccccc2)[C@@H]1N1C(=O)c2c(Cl)c(Cl)c(Cl)c(Cl)c2C1=O,CC(=O)O[C@H]1[C@H](O)[C@@H](COCc2ccccc2)O[C@@H](Sc2ccccc2)[C@@H]1N1C(=O)c2c(Cl)c(Cl)c(Cl)c(Cl)c2C1=O,CC(=O)O[C@H]1[C@H](OC(C)=O)[C@@H](COCc2ccccc2)O[C@@H](Sc2ccccc2)[C@@H]1N1C(=O)c2c(Cl)c(Cl)c(Cl)c(Cl)c2C1=O,thioglycoside,5,6,5,6
SG-26fec8485e17359f,26fec8485e17359f7f6fc9d1361d635461bfab2bc762d595a4fe9cdaf1123ad9,1404,31-013-CAS-13253389,1404,31-013-CAS-13253389,1,CC(=O)OC[C@H]1O[C@@H](Sc2ccc(C)cc2)[C@H](N2C(=O)c3ccccc3C2=O)[C@@H](OC(C)=O)[C@@H]1OC(C)=O,Cc1ccc(S[C@@H]2O[C@H](COC(=O)c3ccccc3)[C@@H](O)[C@H](OC(=O)c3ccccc3)[C@H]2N2C(=O)c3ccccc3C2=O)cc1,CC(=O)O[C@H]1[C@H](OC(=O)c2ccccc2)[C@@H](N2C(=O)c3ccccc3C2=O)[C@H](Sc2ccc(C)cc2)O[C@@H]1COC(=O)c1ccccc1,thioglycoside,19,20,4,3
SG-27107ab6e0cc1162,27107ab6e0cc1162fbde992af5a33668fa621bbc0c9cd9c44e838f902ee8c6e8,1548,31-013-CAS-4019424,1548,31-013-CAS-4019424,1,COC(=O)[C@@]1(O[C@H]2[C@H]3O[C@@H](c4ccccc4)OC[C@H]3O[C@@H](Sc3ccc(C)cc3)[C@@H]2OC(=O)c2ccccc2)C[C@H](OC(C)=O)[C@@H](NC(=O)C(Cl)(Cl)Cl)[C@H]([C@H](OC(C)=O)[C@@H](COC(C)=O)OC(C)=O)O1,Cc1ccc(S[C@@H]2O[C@H](COCc3ccccc3)[C@@H](O)[C@H](O)[C@H]2N2C(=O)c3ccccc3C2=O)cc1,CC(=O)O[C@H]1[C@H](O)[C@@H](N2C(=O)c3ccccc3C2=O)[C@H](Sc2ccc(C)cc2)O[C@@H]1COCc1ccccc1,thioglycoside,18,19,4,3
SG-27212dc71f206830,27212dc71f20683010ac0e61f5977b1f0cbb18bcff97f24ed352d1e7e5e25af7,582,31-010-CAS-12941802,582,31-010-CAS-12941802,1,O=C(OCC1c2ccccc2-c2ccccc21)OC[C@H]1O[C@H](OC(=Nc2ccccc2)C(F)(F)F)[C@H](OCc2ccccc2)[C@@H](OCc2ccccc2)[C@@H]1OCc1ccccc1,COC(=O)[C@H]1O[C@@H](Sc2ccccc2)[C@@H](N=[N+]=[N-])[C@@H](N=[N+]=[N-])[C@@H]1O,COC(=O)[C@H]1O[C@@H](Sc2ccccc2)[C@@H](N=[N+]=[N-])[C@@H](N=[N+]=[N-])[C@@H]1OC(C)=O,trifluoroacetimidate,22,23,22,23
SG-2739deaca139440f,2739deaca139440fdbe9de2d968a43b4a62138bb1d6ca6b189b3735fe02333b9,479,31-010-CAS-6562584,479,31-010-CAS-6562584,1,COC(=O)[C@@H]1OC(OC(=N)C(Cl)(Cl)Cl)[C@H](OC(C)=O)[C@@H](OCc2ccccc2)[C@@H]1O[C@H]1O[C@H](COC(=O)c2ccccc2)[C@@H](OCc2ccccc2)[C@H](OCc2ccccc2)[C@H]1NC(C)=O,COC(=O)[C@@H]1O[C@@H](OC(C)C)[C@H](OC(=O)C(C)(C)C)[C@@H](OCc2ccccc2)[C@@H]1O[C@H]1O[C@H](COCc2ccccc2)[C@@H](O[C@@H]2O[C@@H](C(=O)OC)[C@@H](O[C@H]3O[C@H](COC(=O)c4ccccc4)[C@@H](O[C@@H]4O[C@@H](C(=O)OC)[C@@H](O[C@H]5O[C@H](COCc6ccccc6)[C@@H](O)[C@H](OCc6ccccc6)[C@H]5N=[N+]=[N-])[C@H](OCc5ccccc5)[C@H]4OC(=O)C(C)(C)C)[C@H](OCc4ccccc4)[C@H]3NC(C)=O)[C@H](OCc3ccccc3)[C@H]2OCc2ccccc2)[C@H](OCc2ccccc2)[C@H]1N=[N+]=[N-],COC(=O)[C@@H]1O[C@@H](OC(C)C)[C@H](OC(=O)C(C)(C)C)[C@@H](OCc2ccccc2)[C@@H]1O[C@H]1O[C@H](COCc2ccccc2)[C@@H](O[C@@H]2O[C@@H](C(=O)OC)[C@@H](O[C@H]3O[C@H](COC(=O)c4ccccc4)[C@@H](O[C@@H]4O[C@@H](C(=O)OC)[C@@H](O[C@H]5O[C@H](COCc6ccccc6)[C@@H](OC(C)=O)[C@H](OCc6ccccc6)[C@H]5N=[N+]=[N-])[C@H](OCc5ccccc5)[C@H]4OC(=O)C(C)(C)C)[C@H](OCc4ccccc4)[C@H]3NC(C)=O)[C@H](OCc3ccccc3)[C@H]2OCc2ccccc2)[C@H](OCc2ccccc2)[C@H]1N=[N+]=[N-],trichloroacetimidate,89,90,89,90
SG-278b1c2b5e8657bf,278b1c2b5e8657bf0452df51644c17465e2684a45966c020515b91f74fb3f9b6,463,31-010-CAS-2797002,463,31-010-CAS-2797002,1,COC(=O)[C@@H]1O[C@@H](OC(=N)C(Cl)(Cl)Cl)[C@H](OC(=O)C(C)(C)C)[C@@H](OCc2ccccc2)[C@@H]1O[C@H]1O[C@H](COC(C)=O)[C@@H](OCc2ccccc2)[C@H](OCc2ccccc2)[C@H]1N=[N+]=[N-],COC(=O)[C@@H]1O[C@@H](OCCNC(=O)OCc2ccccc2)[C@H](OC(=O)C(C)(C)C)[C@@H](OCc2ccccc2)[C@@H]1O[C@H]1O[C@H](COC(C)=O)[C@@H](O[C@@H]2O[C@@H](C(=O)OC)[C@@H](O[C@H]3O[C@H](COC(C)=O)[C@@H](O)[C@H](OCc4ccccc4)[C@H]3N=[N+]=[N-])[C@H](OCc3ccccc3)[C@H]2OC(=O)C(C)(C)C)[C@H](OCc2ccccc2)[C@H]1N=[N+]=[N-],COC(=O)[C@@H]1O[C@@H](OCCNC(=O)OCc2ccccc2)[C@H](OC(=O)C(C)(C)C)[C@@H](OCc2ccccc2)[C@@H]1O[C@H]1O[C@H](COC(C)=O)[C@@H](O[C@@H]2O[C@@H](C(=O)OC)[C@@H](O[C@H]3O[C@H](COC(C)=O)[C@@H](OC(C)=O)[C@H](OCc4ccccc4)[C@H]3N=[N+]=[N-])[C@H](OCc3ccccc3)[C@H]2OC(=O)C(C)(C)C)[C@H](OCc2ccccc2)[C@H]1N=[N+]=[N-],trichloroacetimidate,67,68,67,68
SG-27ba0963b85dc2e1,27ba0963b85dc2e17d839bf1de669bc98827be9376e29f808e27e3823f2e3563,71,31-010-CAS-1373105,71,31-010-CAS-1373105,1,COC(=O)[C@@H]1O[C@@H](OC(=N)C(Cl)(Cl)Cl)[C@H](OC(C)=O)[C@@H](OCc2ccccc2)[C@@H]1OC(C)=O,C=CCO[C@H]1O[C@H](COCc2ccccc2)[C@@H](O)[C@H](OCc2ccccc2)[C@H]1N=[N+]=[N-],C=CCO[C@H]1O[C@H](COCc2ccccc2)[C@@H](OC(C)=O)[C@H](OCc2ccccc2)[C@H]1N=[N+]=[N-],trichloroacetimidate,16,17,16,17
SG-27bb54340d814942,27bb54340d814942e3ed516720df0e47fb44003bd291960049a0e8863a4667ed,576,31-010-CAS-9357436,576,31-010-CAS-9357436,1,CC(=O)OC[C@H]1OC(OC(=Nc2ccccc2)C(F)(F)F)[C@H](OCc2ccccc2)[C@@H](OCc2ccccc2)[C@@H]1OCc1ccccc1,CO[C@H]1O[C@H](COCc2ccccc2)[C@H](O)[C@H](O[C@@H]2O[C@H](CO[C@H]3O[C@H](COC(=O)c4ccccc4)[C@@H](OCc4ccccc4)[C@H](OCc4ccccc4)[C@H]3OCc3ccccc3)[C@@H](OC(=O)c3ccccc3)[C@H](OC(=O)c3ccccc3)[C@H]2OC(=O)c2ccccc2)[C@H]1N=[N+]=[N-],CO[C@H]1O[C@H](COCc2ccccc2)[C@H](OC(C)=O)[C@H](O[C@@H]2O[C@H](CO[C@H]3O[C@H](COC(=O)c4ccccc4)[C@@H](OCc4ccccc4)[C@H](OCc4ccccc4)[C@H]3OCc3ccccc3)[C@@H](OC(=O)c3ccccc3)[C@H](OC(=O)c3ccccc3)[C@H]2OC(=O)c2ccccc2)[C@H]1N=[N+]=[N-],trifluoroacetimidate,14,15,14,15
SG-27d50d78bd238653,27d50d78bd238653fa229acf01e7af16421be52703efd812f4f4c61dea887aeb,550,31-010-CAS-3718854,550,31-010-CAS-3718854,1,COC(=O)[C@H]1OC(OC(=N)C(Cl)(Cl)Cl)[C@H](OCc2ccccc2)[C@@H](OCc2ccccc2)[C@@H]1O[C@H]1O[C@H](COC(=O)c2ccccc2)[C@@H](OCc2ccccc2)[C@H](OCc2ccccc2)[C@H]1N=[N+]=[N-],COC(=O)[C@@H]1O[C@@H](O[C@H]2[C@H](OCc3ccccc3)[C@@H](N=[N+]=[N-])[C@@H](OC)O[C@@H]2COC(=O)c2ccccc2)[C@H](OC(=O)c2ccccc2)[C@@H](OCc2ccccc2)[C@@H]1O[C@H]1O[C@H](COCc2ccc(OC)cc2)[C@@H](O)[C@H](OC(=O)c2ccccc2)[C@H]1N=[N+]=[N-],COC(=O)[C@@H]1O[C@@H](O[C@H]2[C@H](OCc3ccccc3)[C@@H](N=[N+]=[N-])[C@@H](OC)O[C@@H]2COC(=O)c2ccccc2)[C@H](OC(=O)c2ccccc2)[C@@H](OCc2ccccc2)[C@@H]1O[C@H]1O[C@H](COCc2ccc(OC)cc2)[C@@H](OC(C)=O)[C@H](OC(=O)c2ccccc2)[C@H]1N=[N+]=[N-],trichloroacetimidate,72,73,72,73
SG-2801ce9f7cf6acae,2801ce9f7cf6acae712e1348967d86ab466586a37367173ff16de8ad74969181,222,31-010-CAS-15651930,222,31-010-CAS-15651930,1,CC(=O)OC[C@H]1O[C@H](OC(=N)C(Cl)(Cl)Cl)[C@H](N=[N+]=[N-])[C@@H](OC(C)=O)[C@H]1OC(C)=O,COc1ccc(O[C@@H]2O[C@H](COCc3ccccc3)[C@H](O)[C@H](OC(C)=O)[C@H]2N2C(=O)c3ccccc3C2=O)cc1,COc1ccc(O[C@@H]2O[C@H](COCc3ccccc3)[C@H](OC(C)=O)[C@H](OC(C)=O)[C@H]2N2C(=O)c3ccccc3C2=O)cc1,trichloroacetimidate,19,20,19,20
SG-284d0ab4af5a17e9,284d0ab4af5a17e9dafc99cedc48f220e93c024adcd17edd790bca18f7efc658,1458,31-013-CAS-20150689,1458,31-013-CAS-20150689,1,CCS[C@@H]1O[C@@H]2CO[C@@H](c3ccccc3)O[C@H]2[C@H](O[C@@H]2O[C@@H](C)[C@H](OCc3ccccc3)[C@@H](OCc3ccccc3)[C@@H]2N=[N+]=[N-])[C@H]1N1C(=O)c2ccccc2C1=O,COc1ccc(O[C@H]2O[C@H](CO[C@H]3O[C@H](COCc4ccccc4)[C@H](O)[C@H](O[C@@H]4O[C@@H](C)[C@@H](OCc5ccccc5)[C@@H](OCc5ccccc5)[C@@H]4N=[N+]=[N-])[C@H]3N=[N+]=[N-])[C@@H](OCc3ccccc3)[C@H](OCc3ccccc3)[C@H]2OCc2ccccc2)cc1,COc1ccc(O[C@H]2O[C@H](CO[C@H]3O[C@H](COCc4ccccc4)[C@H](OC(C)=O)[C@H](O[C@@H]4O[C@@H](C)[C@@H](OCc5ccccc5)[C@@H](OCc5ccccc5)[C@@H]4N=[N+]=[N-])[C@H]3N=[N+]=[N-])[C@@H](OCc3ccccc3)[C@H](OCc3ccccc3)[C@H]2OCc2ccccc2)cc1,thioglycoside,24,25,24,25
SG-28ab9f0ca4cbafb9,28ab9f0ca4cbafb9a00648c74bd1b5dd0926c8bd69323d3a0f1dc340833c4116,984,31-013-CAS-16004432,984,31-013-CAS-16004432,1,CCS[C@@H]1O[C@@H]2CO[C@@H](c3ccccc3)O[C@H]2[C@H](OC(=O)c2ccccc2)[C@H]1OC(=O)c1ccccc1,CC(=O)CCC(=O)OC[C@H]1O[C@@H](OCCOCCN(Cc2ccccc2)C(=O)OCc2ccccc2)[C@H](N=[N+]=[N-])[C@@H](OCc2ccccc2)[C@@H]1O,CC(=O)CCC(=O)OC[C@H]1O[C@@H](OCCOCCN(Cc2ccccc2)C(=O)OCc2ccccc2)[C@H](N=[N+]=[N-])[C@@H](OCc2ccccc2)[C@@H]1OC(C)=O,thioglycoside,49,50,49,50
SG-28aeaf1011361900,28aeaf1011361900f70d3c5215178495e6c4e4552d8d0d64c16abb08bca2ba94,1187,31-013-CAS-14640673,1187,31-013-CAS-14640673,1,c1ccc(COC[C@H]2O[C@H](Sc3ccccc3)[C@@H](OCc3ccccc3)[C@@H](OCc3ccccc3)[C@@H]2OCc2ccccc2)cc1,COc1ccc(O[C@@H]2O[C@H](COCc3ccccc3)[C@@H](O)[C@H](OCc3ccccc3)[C@H]2N2C(=O)c3ccccc3C2=O)cc1,COc1ccc(O[C@@H]2O[C@H](COCc3ccccc3)[C@@H](OC(C)=O)[C@H](OCc3ccccc3)[C@H]2N2C(=O)c3ccccc3C2=O)cc1,thioglycoside,19,20,19,20
SG-28ea737dac125b10,28ea737dac125b10752b289520a4a283a30469d21d7e774d0fbe3bf52acb1b73,844,31-013-CAS-20818648,844,31-013-CAS-20818648,1,COC(=O)[C@@H]1O[C@@H](Sc2ccccc2)[C@H](OC(=O)c2ccccc2)[C@@H](OCc2ccccc2)[C@@H]1O[C@H]1O[C@H](COCc2ccccc2)[C@@H](O[C@@H]2O[C@@H](C(=O)OC)[C@@H](O[C@H]3O[C@H](COCc4ccccc4)[C@@H](OCc4ccccc4)[C@H](OCc4ccccc4)[C@H]3N=[N+]=[N-])[C@H](OCc3ccccc3)[C@H]2OC(=O)c2ccccc2)[C@H](OCc2ccccc2)[C@H]1N=[N+]=[N-],[N-]=[N+]=N[C@H]1[C@@H](O[C@H]2[C@H](OCc3ccccc3)[C@H]3OC(=O)[C@@H]2O[C@H]3Sc2ccccc2)O[C@H](COCc2ccccc2)[C@@H](O)[C@@H]1OCc1ccccc1,CC(=O)O[C@H]1[C@H](OCc2ccccc2)[C@@H](N=[N+]=[N-])[C@@H](O[C@H]2[C@H](OCc3ccccc3)[C@H]3OC(=O)[C@@H]2O[C@H]3Sc2ccccc2)O[C@@H]1COCc1ccccc1,thioglycoside,41,42,4,3
SG-28fd4ce1d484a68e,28fd4ce1d484a68e2cf7a6cf8b0cdcc7dfca6394e9ac2fddb4aa3baf9e46c877,154,31-614-CAS-38095642,154,31-614-CAS-38095642,1,N=C(O[C@H]1O[C@H](COC(=O)c2ccccc2)[C@H](OC(=O)c2ccccc2)[C@H](OC(=O)c2ccccc2)[C@H]1OC(=O)c1ccccc1)C(Cl)(Cl)Cl,CCS[C@@H]1O[C@H](COCc2ccccc2)[C@@H](O)[C@H](OCc2ccccc2)[C@H]1N1C(=O)c2ccccc2C1=O,CCS[C@@H]1O[C@H](COCc2ccccc2)[C@@H](OC(C)=O)[C@H](OCc2ccccc2)[C@H]1N1C(=O)c2ccccc2C1=O,trichloroacetimidate,15,16,15,16
SG-2911341e4ac6f2f3,2911341e4ac6f2f314a3ccfcc3706725193a1d1d380f56ceeb8d3dc643067130,1180,31-013-CAS-992775,1180,31-013-CAS-992775,1,CCS[C@@H]1O[C@H](COC(C)=O)[C@H](OC(C)=O)[C@H](OC(C)=O)[C@H]1OC(C)=O,CO[C@@H]1O[C@H](COC(=O)c2ccccc2)[C@@H](O)[C@H](OC(=O)c2ccccc2)[C@H]1N1C(=O)c2ccccc2C1=O,CO[C@@H]1O[C@H](COC(=O)c2ccccc2)[C@@H](OC(C)=O)[C@H](OC(=O)c2ccccc2)[C@H]1N1C(=O)c2ccccc2C1=O,thioglycoside,15,16,15,16
SG-29512058f7789371,29512058f7789371c4c98f53f78a32f72df4ec32f709704dabab9fdac427f3dd,1512,31-013-CAS-8037474,1512,31-013-CAS-8037474,1,CCS[C@@H]1O[C@@H]2CO[C@@H](c3ccccc3)O[C@H]2[C@H](OC(C)=O)[C@H]1OC(=O)CCl,[N-]=[N+]=N[C@@H]1O[C@H](COCc2ccccc2)[C@@H](O[C@@H]2O[C@H](COCc3ccccc3)[C@@H](O)[C@H](OCc3ccccc3)[C@H]2N2C(=O)c3ccccc3C2=O)[C@H](OCc2ccccc2)[C@H]1N1C(=O)c2ccccc2C1=O,CC(=O)O[C@H]1[C@H](OCc2ccccc2)[C@@H](N2C(=O)c3ccccc3C2=O)[C@H](O[C@H]2[C@H](OCc3ccccc3)[C@@H](N3C(=O)c4ccccc4C3=O)[C@H](N=[N+]=[N-])O[C@@H]2COCc2ccccc2)O[C@@H]1COCc1ccccc1,thioglycoside,29,30,4,3
SG-29738489e7296eb4,29738489e7296eb49d1e12f02e7316727161bfa02e8c38c18d78cd2de73a024a,1398,31-614-CAS-24186973,1398,31-614-CAS-24186973,1,CC(=O)OC[C@H]1O[C@@H](Sc2ccc(C)cc2)[C@H](OCc2ccccc2)[C@@H](OCc2ccccc2)[C@@H]1OCc1ccccc1,COc1ccc(O[C@@H]2O[C@@H]3CO[C@@H](c4ccccc4)O[C@H]3[C@H](O[C@@H]3O[C@H](COCc4ccccc4)[C@H](O)[C@H](OCc4ccccc4)[C@H]3N=[N+]=[N-])[C@H]2N2C(=O)c3ccccc3C2=O)cc1,COc1ccc(O[C@@H]2O[C@@H]3CO[C@@H](c4ccccc4)O[C@H]3[C@H](O[C@@H]3O[C@H](COCc4ccccc4)[C@H](OC(C)=O)[C@H](OCc4ccccc4)[C@H]3N=[N+]=[N-])[C@H]2N2C(=O)c3ccccc3C2=O)cc1,thioglycoside,35,36,35,36
SG-29e8d4329db9eed2,29e8d4329db9eed20f5e4c742279523a9fa25a16a7bab5c895c87c149431ba97,1039,31-013-CAS-17261532,1039,31-013-CAS-17261532,1,Cc1ccc(S[C@H]2O[C@@H](C)[C@@H](OCc3ccccc3)[C@@H](OCc3ccccc3)[C@@H]2OCc2ccccc2)cc1,CC(=O)OC[C@H]1O[C@@H](O[C@H]2[C@H](O)[C@@H](COCc3ccccc3)O[C@@H](OCCCN=[N+]=[N-])[C@@H]2NC(=O)OCC(Cl)(Cl)Cl)[C@H](OC(C)=O)[C@@H](OC(C)=O)[C@H]1OC(C)=O,CC(=O)OC[C@H]1O[C@@H](O[C@@H]2[C@@H](NC(=O)OCC(Cl)(Cl)Cl)[C@H](OCCCN=[N+]=[N-])O[C@H](COCc3ccccc3)[C@H]2OC(C)=O)[C@H](OC(C)=O)[C@@H](OC(C)=O)[C@H]1OC(C)=O,thioglycoside,10,11,39,40
SG-2a11011786e8701b,2a11011786e8701b3ac22aeaf88057820f7994b388e3e2b0c0a2e58f2751de84,1226,31-013-CAS-4366967,1226,31-013-CAS-4366967,1,CCS[C@@H]1O[C@H](COCc2ccccc2)[C@H](OCc2ccccc2)[C@H](OCc2ccccc2)[C@H]1OC(C)=O,C=CCO[C@H]1[C@H](O)[C@@H](COCc2ccccc2)O[C@@H](OCCCCCCCC)[C@@H]1N1C(=O)c2ccccc2C1=O,C=CCO[C@H]1[C@H](OC(C)=O)[C@@H](COCc2ccccc2)O[C@@H](OCCCCCCCC)[C@@H]1N1C(=O)c2ccccc2C1=O,thioglycoside,5,6,5,6
SG-2ab88ca4529f7d57,2ab88ca4529f7d57bb5deafd00b8e18e12381721b4d04e6cb061853491e8e8b7,686,31-614-CAS-39834147,686,31-614-CAS-39834147,1,Cc1ccc(S[C@H]2O[C@@H]3CO[Si](C(C)(C)C)(C(C)(C)C)O[C@H]3[C@H](OCc3ccccc3)[C@H]2N=[N+]=[N-])cc1,CC(=O)O[C@H]1[C@H](O)[C@@H](COCc2ccccc2)O[C@@H](O[Si](C)(C)C(C)(C)C)[C@@H]1N=[N+]=[N-],CC(=O)O[C@@H]1[C@@H](N=[N+]=[N-])[C@H](O[Si](C)(C)C(C)(C)C)O[C@H](COCc2ccccc2)[C@H]1OC(C)=O,thioglycoside,5,6,29,30
SG-2b1c3f8a8d7dbeff,2b1c3f8a8d7dbeff92f296378f69949a175a6549f05ec4340ac6871b6b6406e7,212,31-010-CAS-5837683,212,31-010-CAS-5837683,1,COc1ccc(CO[C@H]2[C@@H](OC(=O)c3ccccc3)[C@@H](COC(=O)c3ccccc3)O[C@H](OC(=N)C(Cl)(Cl)Cl)[C@@H]2OC(=O)c2ccccc2)cc1,CC(C)(C)[Si](OC[C@H]1O[C@@H](OCCN=[N+]=[N-])[C@H](N2C(=O)c3ccccc3C2=O)[C@@H](O)[C@@H]1O)(c1ccccc1)c1ccccc1,CC(=O)O[C@H]1[C@H](O)[C@@H](N2C(=O)c3ccccc3C2=O)[C@H](OCCN=[N+]=[N-])O[C@@H]1CO[Si](c1ccccc1)(c1ccccc1)C(C)(C)C,trichloroacetimidate,30,31,4,3
SG-2bdd1889b659e870,2bdd1889b659e8700c073ca8146f6af6123a3572b07bb313d68106783eb97e4e,236,31-010-CAS-9784528,236,31-010-CAS-9784528,1,C[C@@H]1C[C@H](OC(=O)c2ccccc2)[C@@H](OC(=O)c2ccccc2)[C@@H](OC(=N)C(Cl)(Cl)Cl)O1,COc1ccc(COC[C@H]2O[C@@H](N=[N+]=[N-])[C@H](NC(C)=O)[C@@H](O[C@@H]3O[C@@H](C)[C@@H](OCc4ccc(OC)cc4)[C@@H](OCc4ccc(OC)cc4)[C@@H]3OCc3ccc(OC)cc3)[C@@H]2O)cc1,COc1ccc(COC[C@H]2O[C@@H](N=[N+]=[N-])[C@H](NC(C)=O)[C@@H](O[C@@H]3O[C@@H](C)[C@@H](OCc4ccc(OC)cc4)[C@@H](OCc4ccc(OC)cc4)[C@@H]3OCc3ccc(OC)cc3)[C@@H]2OC(C)=O)cc1,trichloroacetimidate,59,60,59,60
SG-2c919e8bf23545d6,2c919e8bf23545d6f6414e6c093500a1b8eba1c69a02ed08b4df7112d755df91,1371,31-013-CAS-13595742,1371,31-013-CAS-13595742,1,CC(=O)N1C(=O)O[C@H]2[C@@H](O[Si](C)(C)C(C)(C)C)[C@@H](CO[Si](C)(C)C(C)(C)C)O[C@@H](Sc3ccc(C)cc3)[C@@H]21,CC(=O)N1C(=O)O[C@H]2[C@@H](O[C@H]3O[C@H](COCc4ccccc4)[C@H](O)[C@@H]4OC(=O)N(C(C)=O)[C@@H]34)[C@@H](COCc3ccccc3)O[C@H](Sc3ccc(C)cc3)[C@@H]21,CC(=O)O[C@@H]1[C@@H]2OC(=O)N(C(C)=O)[C@H]2[C@@H](O[C@@H]2[C@@H]3OC(=O)N(C(C)=O)[C@H]3[C@@H](Sc3ccc(C)cc3)O[C@@H]2COCc2ccccc2)O[C@@H]1COCc1ccccc1,thioglycoside,22,23,4,3
SG-2ca5413010e6ae89,2ca5413010e6ae8933b556449d84448f12223936e95250726e9c9f545f84c82b,428,31-010-CAS-21359659,428;429,31-010-CAS-21359659;31-010-CAS-12041024,2,COC(=O)[C@H]1OC(OC(=N)C(Cl)(Cl)Cl)[C@H](OCc2ccccc2)[C@@H](OCc2ccccc2)[C@@H]1O[C@H]1O[C@H](COC(=O)c2ccccc2)[C@@H](OCc2ccccc2)[C@H](OCc2ccccc2)[C@H]1N=[N+]=[N-],COc1ccc(COC[C@H]2O[C@@H](O[Si](c3ccccc3)(c3ccccc3)C(C)(C)C)[C@H](N=[N+]=[N-])[C@@H](OCc3ccc(OC)cc3)[C@@H]2O)cc1,COc1ccc(COC[C@H]2O[C@@H](O[Si](c3ccccc3)(c3ccccc3)C(C)(C)C)[C@H](N=[N+]=[N-])[C@@H](OCc3ccc(OC)cc3)[C@@H]2OC(C)=O)cc1,trichloroacetimidate,45,46,45,46
SG-2ccd1ed9b2999279,2ccd1ed9b29992799cf5278cf8d97a9176395b2ca6c087d678eb5be3c2b542b7,258,31-010-CAS-7267510,258,31-010-CAS-7267510,1,CC(=O)OC[C@H]1O[C@H](OC(=N)C(Cl)(Cl)Cl)[C@H](OC(C)=O)[C@@H](OCc2ccc3ccccc3c2)[C@H]1OC(C)=O,O=C1c2ccccc2C(=O)N1[C@@H]1[C@@H](O)[C@H](O)[C@@H](COCc2ccccc2)O[C@H]1Sc1ccccc1,CC(=O)O[C@H]1[C@H](O)[C@@H](N2C(=O)c3ccccc3C2=O)[C@H](Sc2ccccc2)O[C@@H]1COCc1ccccc1,trichloroacetimidate,14,15,4,3
SG-2cda577e36869bfa,2cda577e36869bfa251b02132cb5e1db904cf9ab3b489066bf4648c327733236,706,31-013-CAS-15735982,706,31-013-CAS-15735982,1,COc1ccc(C2OC[C@H]3O[C@@H](Sc4nc5ccccc5o4)[C@H](OC(=O)CCC(C)=O)[C@@H](OCc4ccccc4)[C@@H]3O2)cc1,C=CCCCO[C@@H]1O[C@@H](C)[C@@H](O)[C@@H](OC(C)=O)[C@@H]1N=[N+]=[N-],C=CCCCO[C@@H]1O[C@@H](C)[C@@H](OC(C)=O)[C@@H](OC(C)=O)[C@@H]1N=[N+]=[N-],thioglycoside,10,11,10,11
SG-2cf6bdbdd287d77d,2cf6bdbdd287d77d7fcf26b816752a3adbe7db35bec8ccd90b63ec25a2beeb83,433,31-010-CAS-21359664,433;434,31-010-CAS-21359664;31-010-CAS-7177221,2,COC(=O)[C@H]1OC(OC(=N)C(Cl)(Cl)Cl)[C@H](OCc2ccccc2)[C@@H](OCc2ccccc2)[C@@H]1O[C@H]1O[C@H](COC(=O)c2ccccc2)[C@@H](OCc2ccccc2)[C@H](OCc2ccccc2)[C@H]1N=[N+]=[N-],COc1ccc(OC[C@H]2O[C@@H](O[Si](c3ccccc3)(c3ccccc3)C(C)(C)C)[C@H](N=[N+]=[N-])[C@@H](OC(=O)c3ccccc3)[C@@H]2O)cc1,COc1ccc(OC[C@H]2O[C@@H](O[Si](c3ccccc3)(c3ccccc3)C(C)(C)C)[C@H](N=[N+]=[N-])[C@@H](OC(=O)c3ccccc3)[C@@H]2OC(C)=O)cc1,trichloroacetimidate,43,44,43,44
SG-2d226490c9a7657f,2d226490c9a7657f7d34610f9fa6ff728767db21b2e2315520bb65ebc8d176c0,1406,31-013-CAS-9638871,1406,31-013-CAS-9638871,1,COC(=O)[C@@]1(O[C@H]2[C@@H](OC(=O)c3ccccc3)[C@@H](COC(=O)c3ccccc3)O[C@@H](SC)[C@@H]2OC(=O)c2ccccc2)C[C@H](OC(C)=O)[C@@H](NC(C)=O)[C@H]([C@H](OC(C)=O)[C@@H](COC(C)=O)OC(C)=O)O1,CCCC(=O)N[C@H]1[C@H](O[C@H]2[C@@H](OCc3ccccc3)[C@@H](COCc3ccccc3)O[C@@H](O[C@H]3[C@H](OCc4ccccc4)[C@@H](OCc4ccccc4)[C@H](OCC[Si](C)(C)C)O[C@@H]3COCc3ccccc3)[C@@H]2OCc2ccccc2)O[C@H](COCc2ccccc2)[C@@H](O)[C@@H]1OCc1ccccc1,CCCC(=O)N[C@H]1[C@H](O[C@H]2[C@@H](OCc3ccccc3)[C@@H](COCc3ccccc3)O[C@@H](O[C@H]3[C@H](OCc4ccccc4)[C@@H](OCc4ccccc4)[C@H](OCC[Si](C)(C)C)O[C@@H]3COCc3ccccc3)[C@@H]2OCc2ccccc2)O[C@H](COCc2ccccc2)[C@@H](OC(C)=O)[C@@H]1OCc1ccccc1,thioglycoside,90,91,90,91
SG-2d29ed4929a8a3b8,2d29ed4929a8a3b8aa408a40859e032979670d720c96d96e0280fe53d6c7477e,543,31-010-CAS-6015127,543,31-010-CAS-6015127,1,CC(=O)OC[C@H]1O[C@H](O[C@H]2[C@H](OCc3ccccc3)[C@@H](OC(=O)c3ccccc3)C(OC(=N)C(Cl)(Cl)Cl)O[C@H]2COC(=O)CCl)[C@H](N=[N+]=[N-])[C@@H](OCc2ccccc2)[C@@H]1OC(=O)OCC1c2ccccc2-c2ccccc21,COc1ccc(O[C@@H]2O[C@@H](COC(=O)CCl)[C@@H](O[C@H]3O[C@H](COC(C)=O)[C@@H](O[C@@H]4O[C@@H](COC(=O)CCl)[C@@H](O[C@H]5O[C@H](COC(C)=O)[C@@H](O)[C@H](OCc6ccccc6)[C@H]5N=[N+]=[N-])[C@H](OCc5ccccc5)[C@H]4OC(=O)c4ccccc4)[C@H](OCc4ccccc4)[C@H]3N=[N+]=[N-])[C@H](OCc3ccccc3)[C@H]2OC(=O)c2ccccc2)cc1,COc1ccc(O[C@@H]2O[C@@H](COC(=O)CCl)[C@@H](O[C@H]3O[C@H](COC(C)=O)[C@@H](O[C@@H]4O[C@@H](COC(=O)CCl)[C@@H](O[C@H]5O[C@H](COC(C)=O)[C@@H](OC(C)=O)[C@H](OCc6ccccc6)[C@H]5N=[N+]=[N-])[C@H](OCc5ccccc5)[C@H]4OC(=O)c4ccccc4)[C@H](OCc4ccccc4)[C@H]3N=[N+]=[N-])[C@H](OCc3ccccc3)[C@H]2OC(=O)c2ccccc2)cc1,trichloroacetimidate,47,48,47,48
SG-2d590e0d83c75b76,2d590e0d83c75b76e3847d0dccc7697361230ec6414704b17bf77ed14516101d,562,31-010-CAS-2969316,562,31-010-CAS-2969316,1,FC(F)(F)C(=Nc1ccccc1)OC1O[C@H](COCc2ccccc2)[C@@H](OCc2ccccc2)[C@H](OCc2ccccc2)[C@H]1OCc1ccccc1,CO[C@H]1O[C@H](COCc2ccccc2)[C@H](O)[C@H](OC(C)=O)[C@H]1N=[N+]=[N-],CO[C@H]1O[C@H](COCc2ccccc2)[C@H](OC(C)=O)[C@H](OC(C)=O)[C@H]1N=[N+]=[N-],trifluoroacetimidate,14,15,14,15
SG-2d68e7ca850c639a,2d68e7ca850c639ae5d4027e4b430d0acde79862c204d457920197e0fa004da1,970,31-013-CAS-4159257,970;971;972,31-013-CAS-4159257;31-013-CAS-6916824;31-013-CAS-14240488,3,CCSC1O[C@H]2CO[C@@H](c3ccccc3)O[C@H]2[C@H](OCc2ccccc2)[C@H]1OC(C)=O,CC(=O)CCC(=O)OC[C@H]1O[C@H](OCCCCCN(Cc2ccccc2)C(=O)OCc2ccccc2)[C@H](N=[N+]=[N-])[C@@H](OCc2ccccc2)[C@@H]1O,CC(=O)CCC(=O)OC[C@H]1O[C@H](OCCCCCN(Cc2ccccc2)C(=O)OCc2ccccc2)[C@H](N=[N+]=[N-])[C@@H](OCc2ccccc2)[C@@H]1OC(C)=O,thioglycoside,49,50,49,50
SG-2da32e293431a82f,2da32e293431a82f7a222d44882f0156182108c1d021792c6f85a41bd21ce40f,68,31-010-CAS-7335329,68,31-010-CAS-7335329,1,CC(=O)OC[C@H]1O[C@H](OC(=N)C(Cl)(Cl)Cl)[C@H](OC(C)=O)[C@@H](OC(C)=O)[C@H]1OC(C)=O,CC(C)(C)[Si](OC[C@H]1O[C@@H](N=[N+]=[N-])[C@H](N2C(=O)c3ccccc3C2=O)[C@@H](O)[C@@H]1O)(c1ccccc1)c1ccccc1,CC(=O)O[C@H]1[C@H](O)[C@@H](N2C(=O)c3ccccc3C2=O)[C@H](N=[N+]=[N-])O[C@@H]1CO[Si](c1ccccc1)(c1ccccc1)C(C)(C)C,trichloroacetimidate,27,28,4,3
SG-2daea940dd82f803,2daea940dd82f8036b1b37daa6c80542e884a54d5e4364b5ede4087fc33829bb,1110,31-013-CAS-10372061,1110,31-013-CAS-10372061,1,CC(=O)CCC(=O)OC[C@@H]1O[C@@H](Sc2ccc(C)cc2)[C@H](OC(=O)c2ccccc2)[C@@H](OCc2ccccc2)[C@@H]1O[C@H]1O[C@H](COC(C)=O)[C@@H](O[C@@H]2O[C@@H](COC(=O)CCC(C)=O)[C@@H](O[C@H]3O[C@H](COC(C)=O)[C@@H](O[Si](C)(C)C(C)(C)C)[C@H](OCc4ccccc4)[C@H]3N=[N+]=[N-])[C@H](OCc3ccccc3)[C@H]2OC(=O)c2ccccc2)[C@H](OCc2ccccc2)[C@H]1N=[N+]=[N-],CC(=O)CCC(=O)OC[C@@H]1O[C@@H](OCCCN(Cc2ccccc2)C(=O)OCc2ccccc2)[C@H](OC(=O)c2ccccc2)[C@@H](OCc2ccccc2)[C@@H]1O[C@H]1O[C@H](COC(C)=O)[C@@H](O)[C@H](OCc2ccccc2)[C@H]1N=[N+]=[N-],CC(=O)CCC(=O)OC[C@@H]1O[C@@H](OCCCN(Cc2ccccc2)C(=O)OCc2ccccc2)[C@H](OC(=O)c2ccccc2)[C@@H](OCc2ccccc2)[C@@H]1O[C@H]1O[C@H](COC(C)=O)[C@@H](OC(C)=O)[C@H](OCc2ccccc2)[C@H]1N=[N+]=[N-],thioglycoside,63,64,63,64
SG-2e24a65b39e72923,2e24a65b39e72923afbeaf7a885e3cf3ba5e9d48c5f9f623e3f46ca201e7db22,940,31-013-CAS-9459343,940,31-013-CAS-9459343,1,CCS[C@@H]1O[C@H](COC(=O)c2ccccc2)[C@H](OC(=O)c2ccccc2)[C@H](O[C@@H]2O[C@H](C(=O)OC)[C@@H](OC(=O)c3ccccc3)[C@H](OC(C)=O)[C@H]2OC(=O)c2ccccc2)[C@H]1OC(=O)c1ccccc1,CC(=O)N[C@H]1[C@H](OCCN=[N+]=[N-])O[C@H](COCc2ccccc2)[C@@H](O)[C@@H]1OCc1ccccc1,CC(=O)N[C@H]1[C@H](OCCN=[N+]=[N-])O[C@H](COCc2ccccc2)[C@@H](OC(C)=O)[C@@H]1OCc1ccccc1,thioglycoside,23,24,23,24
SG-2e25ae14ffdc46cf,2e25ae14ffdc46cf84bf518de39bd7e6081350429a430ca58e1144c8372e509a,289,31-010-CAS-961919,289;319,31-010-CAS-961919;31-010-CAS-13114690,2,CC(=O)CCC(=O)O[C@H]1[C@H](OC(C)=O)[C@@H](NC(=O)OCc2ccccc2)[C@@H](OC(=N)C(Cl)(Cl)Cl)O[C@@H]1COCc1ccccc1,CC1=N[C@@H]2[C@@H](O)[C@H](O)[C@@H](COCc3ccccc3)O[C@@H]2S1,CC(=O)O[C@H]1[C@H](O)[C@H]2N=C(C)S[C@H]2O[C@@H]1COCc1ccccc1,trichloroacetimidate,6,7,4,3
SG-2efb4517aa3d58f2,2efb4517aa3d58f271c59919bfbf8bb0240ce86730923777e72765e75773266e,751,31-013-CAS-5427820,751,31-013-CAS-5427820,1,COC(=O)[C@@H]1O[C@@H](Sc2ccccc2)[C@H](OC(=O)c2ccccc2)[C@@H](OCc2ccccc2)[C@@H]1O[C@H]1O[C@H](COC(C)=O)[C@@H](O[C@@H]2O[C@@H](C(=O)OC)[C@@H](OC(=O)CCC(C)=O)[C@H](OCc3ccccc3)[C@H]2OC(=O)c2ccccc2)[C@H](OCc2ccccc2)[C@H]1N=[N+]=[N-],CO[C@H]1O[C@H](COC(=O)c2ccccc2)[C@@H](O)[C@H](OCc2ccccc2)[C@H]1N=[N+]=[N-],CO[C@H]1O[C@H](COC(=O)c2ccccc2)[C@@H](OC(C)=O)[C@H](OCc2ccccc2)[C@H]1N=[N+]=[N-],thioglycoside,15,16,15,16
SG-2f363edbbc93c8f2,2f363edbbc93c8f2f397e1b9c508389d3605b66890f25127cd80952ae895967c,598,31-010-CAS-19353800,598,31-010-CAS-19353800,1,CC(C)[Si](O[C@@H]1[C@H](OC(=Nc2ccccc2)C(F)(F)F)O[C@@H](C)[C@@H](OC(=O)c2ccccc2)[C@H]1OC(=O)c1ccccc1)(C(C)C)C(C)C,CC(C)(C)[Si](OC[C@H]1O[C@@H](Oc2ccc(OCCCl)cc2)[C@H](NC(=O)C(F)(F)F)[C@@H](OC(=O)c2ccccc2)[C@@H]1O)(c1ccccc1)c1ccccc1,CC(=O)O[C@H]1[C@H](OC(=O)c2ccccc2)[C@@H](NC(=O)C(F)(F)F)[C@H](Oc2ccc(OCCCl)cc2)O[C@@H]1CO[Si](c1ccccc1)(c1ccccc1)C(C)(C)C,trifluoroacetimidate,39,40,4,3
SG-2f60f1e2f852d3fd,2f60f1e2f852d3fdf0b1c7a1a3106883316bd7c932498dca2a954043788d6a58,574,31-013-CAS-10768347,574,31-013-CAS-10768347,1,CC(=O)O[C@@H]1[C@@H](O[C@@H]2[C@@H](O[C@@H]3[C@@H](O[C@@H]4[C@@H](O[C@H]5[C@H](N=[N+]=[N-])[C@@H](C)O[C@H](OC(=Nc6ccccc6)C(F)(F)F)[C@H]5OC(C)=O)O[C@H](C)[C@@H](N=[N+]=[N-])[C@@H]4OCc4ccccc4)O[C@H](C)[C@@H](N=[N+]=[N-])[C@@H]3OCc3ccccc3)O[C@H](C)[C@@H](N=[N+]=[N-])[C@@H]2OCc2ccccc2)O[C@H](C)[C@@H](N=[N+]=[N-])[C@@H]1OCc1ccccc1,COC(=O)CCCCCO[C@H]1O[C@H](C)[C@@H](N=[N+]=[N-])[C@H](OCc2ccccc2)[C@@H]1O[C@H]1O[C@H](C)[C@@H](N=[N+]=[N-])[C@H](OCc2ccccc2)[C@@H]1O[C@H]1O[C@H](C)[C@@H](N=[N+]=[N-])[C@H](OCc2ccccc2)[C@@H]1O[C@H]1O[C@H](C)[C@@H](N=[N+]=[N-])[C@H](OCc2ccccc2)[C@@H]1O,COC(=O)CCCCCO[C@H]1O[C@H](C)[C@@H](N=[N+]=[N-])[C@H](OCc2ccccc2)[C@@H]1O[C@H]1O[C@H](C)[C@@H](N=[N+]=[N-])[C@H](OCc2ccccc2)[C@@H]1O[C@H]1O[C@H](C)[C@@H](N=[N+]=[N-])[C@H](OCc2ccccc2)[C@@H]1O[C@H]1O[C@H](C)[C@@H](N=[N+]=[N-])[C@H](OCc2ccccc2)[C@@H]1OC(C)=O,trifluoroacetimidate,84,85,84,85
SG-2f8da8751d7a3629,2f8da8751d7a36299644c6e113da1e3d508168916ae07be17c453da9a7bd0d94,415,31-010-CAS-7038974,415,31-010-CAS-7038974,1,CC(C)[Si](OC[C@H]1O[C@H](O[C@@H]2[C@@H](OC[C@H]3O[C@H](OC(=N)C(Cl)(Cl)Cl)[C@@H](OC(=O)c4ccccc4)[C@@H](OCc4ccccc4)[C@@H]3OCc3ccccc3)O[C@H](COCc3ccccc3)[C@@H](OCc3ccccc3)[C@@H]2OCc2ccccc2)[C@@H](OCc2ccccc2)[C@@H](OCc2ccccc2)[C@@H]1OCc1ccccc1)(C(C)C)C(C)C,C=CCO[C@@H]1[C@H](OCc2ccccc2)[C@H](OCc2ccccc2)[C@@H](OCc2ccccc2)[C@H](OCc2ccccc2)[C@H]1O[C@H]1O[C@H](COCc2ccccc2)[C@@H](O)[C@H](OCc2ccccc2)[C@H]1N=[N+]=[N-],C=CCO[C@@H]1[C@H](OCc2ccccc2)[C@H](OCc2ccccc2)[C@@H](OCc2ccccc2)[C@H](OCc2ccccc2)[C@H]1O[C@H]1O[C@H](COCc2ccccc2)[C@@H](OC(C)=O)[C@H](OCc2ccccc2)[C@H]1N=[N+]=[N-],trichloroacetimidate,55,56,55,56
SG-2f96f4857b2e1fad,2f96f4857b2e1fad66051cd3874672df37cdaa32716b8b193bf56198ab4d700c,241,31-010-CAS-14863653,241,31-010-CAS-14863653,1,COC(=O)[C@H]1OC(OC(=N)C(Cl)(Cl)Cl)[C@H](OC(=O)C(C)(C)CCOC(C)=O)[C@@H](OCc2ccccc2)[C@@H]1OCc1ccccc1,CC(=O)OC[C@H]1O[C@@H](O[Si](C)(C)C(C)(C)C(C)C)[C@H](N=[N+]=[N-])[C@@H](OCc2ccccc2)[C@@H]1O,CC(=O)OC[C@H]1O[C@@H](O[Si](C)(C)C(C)(C)C(C)C)[C@H](N=[N+]=[N-])[C@@H](OCc2ccccc2)[C@@H]1OC(C)=O,trichloroacetimidate,31,32,31,32
SG-3016c1e514acbc1c,3016c1e514acbc1c8c9825edcfc3befa832269c076ae0adcbc081839d45d192d,1535,31-614-CAS-31005281,1535,31-614-CAS-31005281,1,CC(=O)OC[C@H]1O[C@@H](O[C@H]2[C@H](OC(C)=O)[C@@H](N3C(=O)c4ccccc4C3=O)[C@H](S(=O)c3cc(C(C)(C)C)ccc3C)O[C@@H]2COCc2ccccc2)[C@H](NC(=O)OCc2ccccc2)[C@@H](OC(C)=O)[C@@H]1OC(C)=O,COc1ccc(C(=O)OC[C@H]2O[C@@H](O[C@H]3[C@H](OC(C)=O)[C@@H](N4C(=O)c5ccccc5C4=O)[C@H](OCc4ccccc4)O[C@@H]3CO[Si](c3ccccc3)(c3ccccc3)C(C)(C)C)[C@H](N3C(=O)c4ccccc4C3=O)[C@@H](OC(C)=O)[C@@H]2O)cc1,COc1ccc(C(=O)OC[C@H]2O[C@@H](O[C@H]3[C@H](OC(C)=O)[C@@H](N4C(=O)c5ccccc5C4=O)[C@H](OCc4ccccc4)O[C@@H]3CO[Si](c3ccccc3)(c3ccccc3)C(C)(C)C)[C@H](N3C(=O)c4ccccc4C3=O)[C@@H](OC(C)=O)[C@@H]2OC(C)=O)cc1,thioglycoside,79,80,79,80
SG-30b0ad7bd83786d4,30b0ad7bd83786d4c7791eed624d88ad25f43e24777737fe23781bdc9df1cc75,1495,31-013-CAS-7451088,1495,31-013-CAS-7451088,1,CC(=O)OC[C@H]1O[C@@H](Sc2ccc(C)cc2)[C@H](N2C(=O)c3ccccc3C2=O)[C@@H](OC(C)=O)[C@@H]1OC(C)=O,Cc1ccc(S[C@@H]2O[C@H](COCc3ccccc3)[C@@H](O)[C@H](OCc3ccccc3)[C@H]2NC(=O)OCC(Cl)(Cl)Cl)cc1,CC(=O)O[C@H]1[C@H](OCc2ccccc2)[C@@H](NC(=O)OCC(Cl)(Cl)Cl)[C@H](Sc2ccc(C)cc2)O[C@@H]1COCc1ccccc1,thioglycoside,18,19,4,3
SG-313baaefc18fdfab,313baaefc18fdfab816e149ad47ee7a3121988ac4a1b50a358ccc6f434ff4f59,316,31-010-CAS-1368352,316,31-010-CAS-1368352,1,CC(=O)O[C@H]1[C@@H](OC(C)=O)[C@@H](C)O[C@H](OC(=N)C(Cl)(Cl)Cl)[C@@H]1OC(C)=O,O=C1c2ccccc2C(=O)N1[C@@H]1[C@@H](O)[C@H](O)[C@@H](COCc2ccccc2)O[C@H]1Sc1ccccc1,CC(=O)O[C@H]1[C@H](O)[C@@H](N2C(=O)c3ccccc3C2=O)[C@H](Sc2ccccc2)O[C@@H]1COCc1ccccc1,trichloroacetimidate,14,15,4,3
SG-314542007ab4a39f,314542007ab4a39fd1550ba6cf138bca5878d1aaf4b31245c6532814f68fc342,1056,31-013-CAS-21022801,1056,31-013-CAS-21022801,1,C=CCO[C@H]1[C@@H]2O[C@@](C)(C(=O)OCc3ccccc3)OC[C@H]2OC(SCC)[C@@H]1OC(=O)CCC(C)=O,CC(=O)O[C@H]1[C@H](O)[C@@H](COCc2ccccc2)O[C@@H](O[Si](C)(C)C(C)(C)C(C)C)[C@@H]1NC(=O)C(Cl)(Cl)Cl,CC(=O)O[C@@H]1[C@@H](NC(=O)C(Cl)(Cl)Cl)[C@H](O[Si](C)(C)C(C)(C)C(C)C)O[C@H](COCc2ccccc2)[C@H]1OC(C)=O,thioglycoside,5,6,35,36
SG-317a1352eb2652eb,317a1352eb2652eb46538827785a32446f4eb715b8f27ae263390546166baeff,1359,31-013-CAS-22357494,1359,31-013-CAS-22357494,1,CC(=O)N[C@H]1[C@@H](O[C@@H]2[C@H](OCc3ccccc3)[C@@H](OCc3ccccc3)[C@H](C)O[C@H]2Sc2ccc(C)cc2)O[C@H](COCc2ccccc2)[C@@H](OCc2ccccc2)[C@@H]1OCc1ccccc1,O=C(OCc1ccccc1)N(CCCCCO[C@@H]1O[C@H](COCc2ccccc2)[C@H](O)[C@H](OCc2ccc3ccccc3c2)[C@H]1NC(=O)C(Cl)(Cl)Cl)Cc1ccccc1,CC(=O)O[C@@H]1[C@H](OCc2ccc3ccccc3c2)[C@@H](NC(=O)C(Cl)(Cl)Cl)[C@H](OCCCCCN(Cc2ccccc2)C(=O)OCc2ccccc2)O[C@@H]1COCc1ccccc1,thioglycoside,29,30,4,3
SG-324435720ad77772,324435720ad7777211d6d19d9331fa9a317a36936b6115dc2710ae559463b646,652,31-013-CAS-13511159,652;1053,31-013-CAS-13511159;31-013-CAS-11339593,2,CC(=O)O[C@H]1[C@H](OCc2ccccc2)[C@@H](N=[N+]=[N-])[C@H](Sc2ccccc2)O[C@@H]1CN1C(=O)c2ccccc2C1=O,CO[C@H]1O[C@H](CN=[N+]=[N-])[C@@H](O)[C@H](OCc2ccccc2)[C@H]1N=[N+]=[N-],CO[C@H]1O[C@H](CN=[N+]=[N-])[C@@H](OC(C)=O)[C@H](OCc2ccccc2)[C@H]1N=[N+]=[N-],thioglycoside,9,10,9,10
SG-3247333927e1b66a,3247333927e1b66aff1cc2e7d653b8293c612499934e8869c47ffb6c491a2bd7,1519,31-013-CAS-12606418,1519,31-013-CAS-12606418,1,CS[C@@H]1O[C@H](COC(C)=O)[C@H](OC(C)=O)[C@H](OC(C)=O)[C@H]1N1C(=O)c2ccccc2C1=O,COC(=O)[C@@]1(O[C@H]2[C@@H](O)[C@@H](COCc3ccccc3)O[C@@H](O[C@H]3[C@H](OCc4ccccc4)[C@@H](OCc4ccccc4)[C@H](OCC[Si](C)(C)C)O[C@@H]3COCc3ccccc3)[C@@H]2N=[N+]=[N-])C[C@H](OC(C)=O)[C@@H](NC(C)=O)[C@H]([C@H](OC(C)=O)[C@@H](COC(C)=O)OC(C)=O)O1,COC(=O)[C@@]1(O[C@@H]2[C@@H](N=[N+]=[N-])[C@H](O[C@H]3[C@H](OCc4ccccc4)[C@@H](OCc4ccccc4)[C@H](OCC[Si](C)(C)C)O[C@@H]3COCc3ccccc3)O[C@H](COCc3ccccc3)[C@@H]2OC(C)=O)C[C@H](OC(C)=O)[C@@H](NC(C)=O)[C@H]([C@H](OC(C)=O)[C@@H](COC(C)=O)OC(C)=O)O1,thioglycoside,7,8,62,63
SG-3272d722cb5e25ef,3272d722cb5e25ef91baf45aff3fcf5a8b48832f7f841af573db07e2639b0267,63,31-010-CAS-161353,63;64,31-010-CAS-161353;31-010-CAS-7849496,2,COC(=O)[C@@H]1O[C@H](OC(=N)C(Cl)(Cl)Cl)[C@H](OC(C)=O)[C@@H](OCc2ccccc2)[C@@H]1O[Si](C)(C)C(C)(C)C,C=CCCCO[C@@H]1O[C@H](C(=O)OC)[C@@H](O[C@H]2O[C@H](COC(C)=O)[C@@H](O)[C@H](OCc3ccccc3)[C@H]2N=[N+]=[N-])[C@H](OCc2ccccc2)[C@H]1OC(=O)CCC(C)=O,C=CCCCO[C@@H]1O[C@H](C(=O)OC)[C@@H](O[C@H]2O[C@H](COC(C)=O)[C@@H](OC(C)=O)[C@H](OCc3ccccc3)[C@H]2N=[N+]=[N-])[C@H](OCc2ccccc2)[C@H]1OC(=O)CCC(C)=O,trichloroacetimidate,23,24,23,24
SG-32b9c9a90e48b1be,32b9c9a90e48b1be701f562086b67ccda46000e7230452072e093473b06e40d6,1163,31-013-CAS-11323810,1163,31-013-CAS-11323810,1,CCS[C@H]1O[C@H](C)[C@@H](NC(=O)[C@H](CCOC(C)=O)OC(C)=O)[C@H](OCc2ccccc2)[C@@H]1O[C@H]1O[C@H](C)[C@@H](NC(=O)[C@H](CCOC(C)=O)OC(C)=O)[C@H](OCc2ccccc2)[C@@H]1OC(=O)CCC(C)=O,COC(=O)CCCCCO[C@H]1O[C@H](C)[C@@H](NC(=O)[C@H](CCOC(C)=O)OC(C)=O)[C@H](OCc2ccccc2)[C@@H]1O[C@H]1O[C@H](C)[C@@H](NC(=O)[C@H](CCOC(C)=O)OC(C)=O)[C@H](OCc2ccccc2)[C@@H]1O[C@H]1O[C@H](C)[C@@H](NC(=O)[C@H](CCOC(C)=O)OC(C)=O)[C@H](OCc2ccccc2)[C@@H]1O[C@H]1O[C@H](C)[C@@H](NC(=O)[C@H](CCOC(C)=O)OC(C)=O)[C@H](OCc2ccccc2)[C@@H]1O,COC(=O)CCCCCO[C@H]1O[C@H](C)[C@@H](NC(=O)[C@H](CCOC(C)=O)OC(C)=O)[C@H](OCc2ccccc2)[C@@H]1O[C@H]1O[C@H](C)[C@@H](NC(=O)[C@H](CCOC(C)=O)OC(C)=O)[C@H](OCc2ccccc2)[C@@H]1O[C@H]1O[C@H](C)[C@@H](NC(=O)[C@H](CCOC(C)=O)OC(C)=O)[C@H](OCc2ccccc2)[C@@H]1O[C@H]1O[C@H](C)[C@@H](NC(=O)[C@H](CCOC(C)=O)OC(C)=O)[C@H](OCc2ccccc2)[C@@H]1OC(C)=O,thioglycoside,128,129,128,129
SG-32da90ea70d06ece,32da90ea70d06eceec6039eb54f934bb02765f58bf7ee0d94ebbda9ed1db3069,163,31-010-CAS-5689094,163,31-010-CAS-5689094,1,CC(=O)OC[C@H]1O[C@H](OC(=N)C(Cl)(Cl)Cl)[C@H](OC(C)=O)[C@@H](OC(C)=O)[C@@H]1OC(C)=O,CO[C@@H]1O[C@H](COCc2ccccc2)[C@@H](O)[C@H](O[C@H]2O[C@H](COC(C)=O)[C@@H](OC(C)=O)[C@H](OC(C)=O)[C@@H]2OC(C)=O)[C@H]1NC(C)=O,CO[C@@H]1O[C@H](COCc2ccccc2)[C@@H](OC(C)=O)[C@H](O[C@H]2O[C@H](COC(C)=O)[C@@H](OC(C)=O)[C@H](OC(C)=O)[C@@H]2OC(C)=O)[C@H]1NC(C)=O,trichloroacetimidate,14,15,14,15
SG-331f8aad56f3f818,331f8aad56f3f8188b40527e8477cbc0e17830e51ec024b18f86f32765c8b8d4,669,31-301-CAS-2785269,669,31-301-CAS-2785269,1,O=S(c1ccccc1)[C@H]1O[C@H](COCc2ccccc2)[C@@H](OCc2ccccc2)[C@H](OCc2ccccc2)[C@@H]1OCc1ccccc1,[N-]=[N+]=N[C@H]1[C@@H]2OC[C@@H](O2)[C@@H](O)[C@@H]1OCc1ccccc1,CC(=O)O[C@H]1[C@H](OCc2ccccc2)[C@@H](N=[N+]=[N-])[C@@H]2OC[C@H]1O2,thioglycoside,9,10,4,3
SG-338cb7042fddfe8c,338cb7042fddfe8ccc04a876d3ddc5a7a04215e02864f4e11838671e5644043e,1555,31-013-CAS-5259422,1555;1556;1557,31-013-CAS-5259422;31-013-CAS-4863402;31-013-CAS-7574988,3,CCS[C@@H]1O[C@H](COC(=O)c2ccccc2)[C@H](OC(=O)c2ccccc2)[C@H](OC(=O)c2ccccc2)[C@H]1OC(=O)c1ccccc1,COC(=O)CCCCCCCCO[C@@H]1O[C@H](COCc2ccccc2)[C@@H](O)[C@H](O[C@@H]2O[C@@H](C)[C@@H](OCc3ccccc3)[C@@H](OCc3ccccc3)[C@@H]2OCc2ccccc2)[C@H]1NC(=O)c1cc(=O)n(Cc2ccccc2)c(=O)n1Cc1ccccc1,COC(=O)CCCCCCCCO[C@@H]1O[C@H](COCc2ccccc2)[C@@H](OC(C)=O)[C@H](O[C@@H]2O[C@@H](C)[C@@H](OCc3ccccc3)[C@@H](OCc3ccccc3)[C@@H]2OCc2ccccc2)[C@H]1NC(=O)c1cc(=O)n(Cc2ccccc2)c(=O)n1Cc1ccccc1,thioglycoside,25,26,25,26
SG-33bb954c2d4ecbfb,33bb954c2d4ecbfb8b3c0b557e760b5d5552876b4fb4ee228ac8c9672c5e35d7,41,31-010-CAS-8357186,41,31-010-CAS-8357186,1,COC(=O)[C@H]1O[C@@H](OC(=N)C(Cl)(Cl)Cl)[C@H](OC(=O)c2ccccc2)[C@@H](OC(=O)c2ccccc2)[C@@H]1OC(=O)CCC(C)=O,O=C1N[C@@H]2[C@@H](O1)[C@H](O)[C@@H](COCc1ccccc1)O[C@H]2Sc1ccccc1,CC(=O)O[C@H]1[C@@H]2OC(=O)N[C@H]2[C@H](Sc2ccccc2)O[C@@H]1COCc1ccccc1,trichloroacetimidate,6,7,4,3
SG-340adf8ad62a0f48,340adf8ad62a0f483b47bd231f49059b4aafffbf92dd7e94d9a3bd4fad609a69,703,31-301-CAS-11878337,703,31-301-CAS-11878337,1,O=S(c1ccccc1)[C@H]1O[C@@H]2CO[C@@H](c3ccccc3)O[C@H]2[C@H](OCc2ccccc2)[C@@H]1OCc1ccccc1,C=CCCCO[C@@H]1O[C@H](COCc2ccccc2)[C@@H](O)[C@H](OCc2ccccc2)[C@H]1N=[N+]=[N-],C=CCCCO[C@@H]1O[C@H](COCc2ccccc2)[C@@H](OC(C)=O)[C@H](OCc2ccccc2)[C@H]1N=[N+]=[N-],thioglycoside,18,19,18,19
SG-349c327d6a5e60f6,349c327d6a5e60f6af957c4b31e4627fac2f366cae292f71689876b8d0d96d6e,1261,31-614-CAS-37587999,1261,31-614-CAS-37587999,1,CC(=O)OC[C@@H]1O[C@@H](O[C@H]2[C@H](OCc3ccc(Br)cc3)[C@@H](N=[N+]=[N-])[C@@H](O[C@H]3[C@H](OCc4ccccc4)[C@@H](OC(=O)c4ccccc4)[C@H](Sc4ccc(C)cc4)O[C@@H]3COC(C)=O)O[C@@H]2CO[Si](c2ccccc2)(c2ccccc2)C(C)(C)C)[C@H](OC(=O)c2ccccc2)[C@@H](OCc2ccccc2)[C@@H]1O[C@H]1O[C@H](CO[Si](c2ccccc2)(c2ccccc2)C(C)(C)C)[C@@H](OCc2ccc3ccccc3c2)[C@H](OCc2ccc(Br)cc2)[C@H]1N=[N+]=[N-],CC(=O)OC[C@@H]1O[C@@H](OCCCCCN(Cc2ccccc2)C(=O)OCc2ccccc2)[C@H](OC(=O)c2ccccc2)[C@@H](OCc2ccccc2)[C@@H]1O[C@H]1O[C@H](CO[Si](c2ccccc2)(c2ccccc2)C(C)(C)C)[C@@H](O)[C@H](OCc2ccc(Br)cc2)[C@H]1N=[N+]=[N-],CC(=O)OC[C@@H]1O[C@@H](OCCCCCN(Cc2ccccc2)C(=O)OCc2ccccc2)[C@H](OC(=O)c2ccccc2)[C@@H](OCc2ccccc2)[C@@H]1O[C@H]1O[C@H](CO[Si](c2ccccc2)(c2ccccc2)C(C)(C)C)[C@@H](OC(C)=O)[C@H](OCc2ccc(Br)cc2)[C@H]1N=[N+]=[N-],thioglycoside,75,76,75,76
SG-354280076cf972f2,354280076cf972f2fe7256d7e763702cdd796187ca6c2f65d143a99085adf4de,786,31-614-CAS-44137212,786,31-614-CAS-44137212,1,C[C@@H]1O[C@H](Sc2ccccc2)[C@@H](N=[N+]=[N-])[C@H](OCc2ccccc2)[C@@H]1OCc1ccccc1,Cc1ccc(S[C@@H]2O[C@H](C(=O)OCc3ccccc3)[C@H](O)[C@H](OCc3ccc4ccccc4c3)[C@H]2N=[N+]=[N-])cc1,CC(=O)O[C@@H]1[C@H](OCc2ccc3ccccc3c2)[C@@H](N=[N+]=[N-])[C@H](Sc2ccc(C)cc2)O[C@@H]1C(=O)OCc1ccccc1,thioglycoside,19,20,4,3
SG-356ebf98d4567006,356ebf98d4567006ec134bfc53bfdbaef0755caa4c0859982d58a0144bd3558e,1518,31-013-CAS-7065488,1518,31-013-CAS-7065488,1,CC(=O)OC[C@H]1O[C@@H](Sc2ccccc2)[C@H](N2C(=O)c3c(Cl)c(Cl)c(Cl)c(Cl)c3C2=O)[C@@H](OC(C)=O)[C@@H]1OC(C)=O,CC(=O)O[C@H]1[C@H](O)[C@@H](COCc2ccccc2)O[C@@H](Sc2ccccc2)[C@@H]1N1C(=O)c2c(Cl)c(Cl)c(Cl)c(Cl)c2C1=O,CC(=O)O[C@H]1[C@H](OC(C)=O)[C@@H](COCc2ccccc2)O[C@@H](Sc2ccccc2)[C@@H]1N1C(=O)c2c(Cl)c(Cl)c(Cl)c(Cl)c2C1=O,thioglycoside,5,6,5,6
SG-3590be00d97f0796,3590be00d97f07966cf78106035025d4dc7fbd744e063eba584d888dba5b55b5,317,31-010-CAS-17830886,317,31-010-CAS-17830886,1,CC(=O)OC[C@H]1O[C@H](OC(=N)C(Cl)(Cl)Cl)[C@H](OC(C)=O)[C@@H](OC(C)=O)[C@H]1OC(C)=O,COc1ccc(O[C@H]2O[C@H](COCc3ccccc3)[C@@H](O)[C@H](O[C@H]3O[C@H](COCc4ccccc4)[C@H](OCc4ccccc4)[C@H](OCc4ccccc4)[C@H]3OCc3ccccc3)[C@H]2N=[N+]=[N-])cc1,COc1ccc(O[C@H]2O[C@H](COCc3ccccc3)[C@@H](OC(C)=O)[C@H](O[C@H]3O[C@H](COCc4ccccc4)[C@H](OCc4ccccc4)[C@H](OCc4ccccc4)[C@H]3OCc3ccccc3)[C@H]2N=[N+]=[N-])cc1,trichloroacetimidate,19,20,19,20
SG-35afbced594574f7,35afbced594574f748aadc04117d89d20e016b7a5c041353ca2a6434f0f9a603,621,31-010-CAS-9811876,621,31-010-CAS-9811876,1,O=C(OCC1c2ccccc2-c2ccccc21)O[C@H]1[C@H](OCc2ccccc2)[C@@H](OCc2ccccc2)C(OC(=Nc2ccccc2)C(F)(F)F)O[C@@H]1COCc1ccccc1,CC(=O)N[C@H]1[C@H](O[C@@H]2[C@H](OC(=O)c3ccccc3)[C@@H](OCCCCCN(Cc3ccccc3)C(=O)OCc3ccccc3)O[C@H](COCc3ccccc3)[C@H]2OCc2ccccc2)O[C@H](COCc2ccccc2)[C@H](O)[C@@H]1O[C@@H]1O[C@H](COCc2ccccc2)[C@@H](OCc2ccccc2)[C@H](OCc2ccccc2)[C@H]1OC(C)=O,CC(=O)N[C@H]1[C@H](O[C@@H]2[C@H](OC(=O)c3ccccc3)[C@@H](OCCCCCN(Cc3ccccc3)C(=O)OCc3ccccc3)O[C@H](COCc3ccccc3)[C@H]2OCc2ccccc2)O[C@H](COCc2ccccc2)[C@H](OC(C)=O)[C@@H]1O[C@@H]1O[C@H](COCc2ccccc2)[C@@H](OCc2ccccc2)[C@H](OCc2ccccc2)[C@H]1OC(C)=O,trifluoroacetimidate,74,75,74,75
SG-35d9d4266f6f93f7,35d9d4266f6f93f7fa5ff9425efc5d056ac306e2cac6ff307804ef372cb62cb2,1540,31-357-CAS-10990353,1540,31-357-CAS-10990353,1,CC(=O)O[C@H]1[C@H](O[C@@H]2O[C@H](COCc3ccccc3)[C@@H](O[C@@H]3O[C@H](COCc4ccccc4)[C@@H](O[C@@H]4O[C@H](COCc5ccccc5)[C@@H](OC(=O)CCl)[C@H](OC(C)=O)[C@H]4N4C(=O)c5c(Cl)c(Cl)c(Cl)c(Cl)c5C4=O)[C@H](OC(C)=O)[C@H]3N3C(=O)c4c(Cl)c(Cl)c(Cl)c(Cl)c4C3=O)[C@H](OC(C)=O)[C@H]2N2C(=O)c3c(Cl)c(Cl)c(Cl)c(Cl)c3C2=O)[C@@H](COCc2ccccc2)O[C@@H](Sc2ccccc2)[C@@H]1N1C(=O)c2c(Cl)c(Cl)c(Cl)c(Cl)c2C1=O,CC(=O)O[C@H]1[C@H](O[C@@H]2O[C@H](COCc3ccccc3)[C@@H](O)[C@H](OC(C)=O)[C@H]2N2C(=O)c3c(Cl)c(Cl)c(Cl)c(Cl)c3C2=O)[C@@H](COCc2ccccc2)O[C@@H](Sc2ccccc2)[C@@H]1N1C(=O)c2c(Cl)c(Cl)c(Cl)c(Cl)c2C1=O,CC(=O)O[C@H]1[C@H](O[C@@H]2O[C@H](COCc3ccccc3)[C@@H](OC(C)=O)[C@H](OC(C)=O)[C@H]2N2C(=O)c3c(Cl)c(Cl)c(Cl)c(Cl)c3C2=O)[C@@H](COCc2ccccc2)O[C@@H](Sc2ccccc2)[C@@H]1N1C(=O)c2c(Cl)c(Cl)c(Cl)c(Cl)c2C1=O,thioglycoside,19,20,19,20
SG-360950d298b09cbb,360950d298b09cbbae1f1f16039db90d2a3d48db1eee811165119e1ba595f072,138,31-010-CAS-12729167,138,31-010-CAS-12729167,1,COC(=O)[C@H]1OC(OC(=N)C(Cl)(Cl)Cl)[C@H](OC(=O)CCC(C)=O)[C@@H](OCc2ccccc2)[C@@H]1OCc1ccccc1,CC(=O)OC[C@H]1O[C@@H](O[Si](C)(C)C(C)(C)C(C)C)[C@H](N=[N+]=[N-])[C@@H](OCc2ccccc2)[C@@H]1O,CC(=O)OC[C@H]1O[C@@H](O[Si](C)(C)C(C)(C)C(C)C)[C@H](N=[N+]=[N-])[C@@H](OCc2ccccc2)[C@@H]1OC(C)=O,trichloroacetimidate,31,32,31,32
SG-362e1c0e3b812be5,362e1c0e3b812be50fe1f4a5704271e3287527e5c903b0f3b61b54101ff58f3c,824,31-013-CAS-8595491,824;825,31-013-CAS-8595491;31-013-CAS-11969359,2,COC(=O)[C@@H]1O[C@@H](Sc2ccccc2)[C@H](OC(=O)c2ccccc2)[C@@H](OCc2ccccc2)[C@@H]1OC(=O)OCC1c2ccccc2-c2ccccc21,CO[C@H]1O[C@H](COC(=O)c2ccccc2)[C@@H](O)[C@H](OCc2ccccc2)[C@H]1N=[N+]=[N-],CO[C@H]1O[C@H](COC(=O)c2ccccc2)[C@@H](OC(C)=O)[C@H](OCc2ccccc2)[C@H]1N=[N+]=[N-],thioglycoside,15,16,15,16
SG-3681b2979b02a84c,3681b2979b02a84c347bcb77cff63e096570c0d63dce2d3f5f7baef0c5ec7025,1119,31-013-CAS-15008621,1119,31-013-CAS-15008621,1,C[C@@H]1O[C@@H](Sc2ccccc2)[C@H](OCc2cccc3ccccc23)[C@H](OCc2ccccc2)[C@H]1OCc1ccccc1,CO[C@@H]1O[C@H](CO[Si](C)(C)C(C)(C)C(C)C)[C@@H](O)[C@@H]2OC(=O)N(C(C)=O)[C@@H]12,CO[C@@H]1O[C@H](CO[Si](C)(C)C(C)(C)C(C)C)[C@@H](OC(C)=O)[C@@H]2OC(=O)N(C(C)=O)[C@@H]12,thioglycoside,16,17,16,17
SG-36aac6f74b78e393,36aac6f74b78e393f3c11d0597ceafd0c8ae6133601c60f4a12dc01ff532a0c4,424,31-010-CAS-21359661,424;425,31-010-CAS-21359661;31-010-CAS-790434,2,COC(=O)[C@H]1OC(OC(=N)C(Cl)(Cl)Cl)[C@H](OCc2ccccc2)[C@@H](OCc2ccccc2)[C@@H]1O[C@H]1O[C@H](COCc2ccc(OC)cc2)[C@@H](OCc2ccccc2)[C@H](OCc2ccccc2)[C@H]1N=[N+]=[N-],COc1ccc(COC[C@H]2O[C@@H](O[Si](c3ccccc3)(c3ccccc3)C(C)(C)C)[C@H](N=[N+]=[N-])[C@@H](OC(=O)c3ccccc3)[C@@H]2O)cc1,COc1ccc(COC[C@H]2O[C@@H](O[Si](c3ccccc3)(c3ccccc3)C(C)(C)C)[C@H](N=[N+]=[N-])[C@@H](OC(=O)c3ccccc3)[C@@H]2OC(C)=O)cc1,trichloroacetimidate,44,45,44,45
SG-3807ec7016b6f9e5,3807ec7016b6f9e56a142d1d28386a4eda7fefb48fa777d56a374a5a1a6faf7b,420,31-010-CAS-21359657,420;421,31-010-CAS-21359657;31-010-CAS-7785607,2,COC(=O)[C@H]1OC(OC(=N)C(Cl)(Cl)Cl)[C@H](OCc2ccccc2)[C@@H](OCc2ccccc2)[C@@H]1O[C@H]1O[C@H](COCc2ccc(OC)cc2)[C@@H](OCc2ccccc2)[C@H](OCc2ccccc2)[C@H]1N=[N+]=[N-],COc1ccc(COC[C@H]2O[C@@H](O[Si](c3ccccc3)(c3ccccc3)C(C)(C)C)[C@H](N=[N+]=[N-])[C@@H](OCc3ccc(OC)cc3)[C@@H]2O)cc1,COc1ccc(COC[C@H]2O[C@@H](O[Si](c3ccccc3)(c3ccccc3)C(C)(C)C)[C@H](N=[N+]=[N-])[C@@H](OCc3ccc(OC)cc3)[C@@H]2OC(C)=O)cc1,trichloroacetimidate,45,46,45,46
SG-381f22bac0e346b2,381f22bac0e346b2d889a8eefaaf3d46eb96cf26e90210f090f8b23fa3477e1f,883,31-013-CAS-13317444,883,31-013-CAS-13317444,1,CC(=O)OC[C@H]1O[C@@H](Sc2ccc(C)cc2)[C@H](OC(=O)c2ccccc2)[C@@H](OCc2ccccc2)[C@@H]1O[C@H]1O[C@H](CO[Si](c2ccccc2)(c2ccccc2)C(C)(C)C)[C@@H](OCc2ccc3ccccc3c2)[C@H](OCc2ccc(Br)cc2)[C@H]1N=[N+]=[N-],CO[C@H]1O[C@H](COCc2ccccc2)[C@@H](O)[C@H](OCc2ccccc2)[C@H]1N=[N+]=[N-],CO[C@H]1O[C@H](COCc2ccccc2)[C@@H](OC(C)=O)[C@H](OCc2ccccc2)[C@H]1N=[N+]=[N-],thioglycoside,14,15,14,15
SG-386ef8801d9d4905,386ef8801d9d490540a29eff879f896eae5b5a13da56b7392d612a814e730fbc,530,31-010-CAS-10263463,530,31-010-CAS-10263463,1,CC(=O)OC[C@H]1O[C@H](O[C@H]2[C@H](OCc3ccccc3)[C@@H](OC(=O)c3ccccc3)C(OC(=N)C(Cl)(Cl)Cl)O[C@@H]2COC(=O)CCl)[C@H](N=[N+]=[N-])[C@@H](OCc2ccccc2)[C@@H]1OC(=O)OCC1c2ccccc2-c2ccccc21,COc1ccc(O[C@@H]2O[C@H](COC(=O)CCl)[C@@H](O[C@H]3O[C@H](COC(C)=O)[C@@H](O[C@@H]4O[C@H](COC(=O)CCl)[C@@H](O[C@H]5O[C@H](COC(C)=O)[C@@H](O)[C@H](OCc6ccccc6)[C@H]5N=[N+]=[N-])[C@H](OCc5ccccc5)[C@H]4OC(=O)c4ccccc4)[C@H](OCc4ccccc4)[C@H]3N=[N+]=[N-])[C@H](OCc3ccccc3)[C@H]2OC(=O)c2ccccc2)cc1,COc1ccc(O[C@@H]2O[C@H](COC(=O)CCl)[C@@H](O[C@H]3O[C@H](COC(C)=O)[C@@H](O[C@@H]4O[C@H](COC(=O)CCl)[C@@H](O[C@H]5O[C@H](COC(C)=O)[C@@H](OC(C)=O)[C@H](OCc6ccccc6)[C@H]5N=[N+]=[N-])[C@H](OCc5ccccc5)[C@H]4OC(=O)c4ccccc4)[C@H](OCc4ccccc4)[C@H]3N=[N+]=[N-])[C@H](OCc3ccccc3)[C@H]2OC(=O)c2ccccc2)cc1,trichloroacetimidate,47,48,47,48
SG-38b77e4189589ca8,38b77e4189589ca8be8805705b2b92199bffff76edaf91456efccf4b1d929730,1171,31-013-CAS-739772,1171,31-013-CAS-739772,1,CC(=O)OC[C@H]1O[C@@H](Sc2ccc(C)cc2)[C@H](NC(=O)OCC(Cl)(Cl)Cl)[C@@H](OC(C)=O)[C@@H]1OC(C)=O,CC(=O)N[C@H]1[C@@H](OCc2ccccc2)O[C@H](COC(=O)c2ccccc2)[C@@H](O)[C@@H]1O[C@H](C)C(=O)OCCS(=O)(=O)c1ccccc1,CC(=O)N[C@H]1[C@@H](OCc2ccccc2)O[C@H](COC(=O)c2ccccc2)[C@@H](OC(C)=O)[C@@H]1O[C@H](C)C(=O)OCCS(=O)(=O)c1ccccc1,thioglycoside,26,27,26,27
SG-38c9f6393cf56e66,38c9f6393cf56e666520635822c4fdd55f8034cca17cc27f730c2255db885d80,1102,31-013-CAS-22664010,1102,31-013-CAS-22664010,1,Cc1ccc(S[C@@H]2O[C@@H]3CO[C@@H](c4ccccc4)O[C@H]3[C@H](OCc3ccccc3)[C@H]2OCc2ccccc2)cc1,CC(=O)O[C@H]1[C@H](O[C@H]2[C@@H](O)[C@@H](COCc3ccccc3)O[C@@H](O[C@H]3[C@H](OCc4ccccc4)[C@@H](COCc4ccccc4)O[C@H](COCc4ccc5ccccc5c4)[C@H]3OCc3ccccc3)[C@@H]2NC(=O)OCC(Cl)(Cl)Cl)O[C@H](COCc2ccccc2)[C@@H](OCc2ccccc2)[C@@H]1OCc1ccccc1,CC(=O)O[C@@H]1[C@H](O[C@@H]2O[C@H](COCc3ccccc3)[C@@H](OCc3ccccc3)[C@H](OCc3ccccc3)[C@H]2OC(C)=O)[C@@H](NC(=O)OCC(Cl)(Cl)Cl)[C@H](O[C@H]2[C@H](OCc3ccccc3)[C@@H](COCc3ccccc3)O[C@H](COCc3ccc4ccccc4c3)[C@H]2OCc2ccccc2)O[C@@H]1COCc1ccccc1,thioglycoside,8,9,4,3
SG-393ab98f7250747b,393ab98f7250747b8faabff31d8a521f7fc374d522b6b117fcede4c4de8c3511,736,31-013-CAS-11935268,736,31-013-CAS-11935268,1,CC(C)(C)OC(=O)[C@@H]1O[C@@H](Sc2ccccc2)[C@H](OC(=O)c2ccccc2)[C@@H](OCc2ccccc2)[C@@H]1OCc1ccccc1,COc1ccc(OC[C@H]2O[C@H](O[C@H]3[C@H](OCc4ccccc4)[C@@H](OC(=O)c4ccccc4)[C@H](OC)O[C@H]3C(=O)OC(C)(C)C)[C@H](N=[N+]=[N-])[C@@H](OCc3ccccc3)[C@@H]2O)cc1,COc1ccc(OC[C@H]2O[C@H](O[C@H]3[C@H](OCc4ccccc4)[C@@H](OC(=O)c4ccccc4)[C@H](OC)O[C@H]3C(=O)OC(C)(C)C)[C@H](N=[N+]=[N-])[C@@H](OCc3ccccc3)[C@@H]2OC(C)=O)cc1,thioglycoside,57,58,57,58
SG-394de202a03d6119,394de202a03d611931e477ff5b081b8f285d0ba1a30d75806187fe4986d72b77,1239,31-614-CAS-34954209,1239,31-614-CAS-34954209,1,CC(=O)O[C@@H]1[C@@H](NC(=O)C(Cl)(Cl)Cl)[C@H](Sc2ccccc2)O[C@@H]2CO[C@H](c3ccccc3)O[C@H]12,COc1ccc(O[C@@H]2O[C@H](C(=O)OCc3ccccc3)[C@@H](O)[C@H](OC(=O)c3ccccc3)[C@H]2NC(=O)c2ccccc2)cc1,COc1ccc(O[C@@H]2O[C@H](C(=O)OCc3ccccc3)[C@@H](OC(C)=O)[C@H](OC(=O)c3ccccc3)[C@H]2NC(=O)c2ccccc2)cc1,thioglycoside,20,21,20,21
SG-3af5a6e6d52bccb3,3af5a6e6d52bccb31b13010b2c901a1fc164d152c094838df585c7c26e927822,1417,31-013-CAS-9124581,1417;1435,31-013-CAS-9124581;31-013-CAS-11518761,2,CC(=O)O[C@H]1[C@H](OCc2ccccc2)[C@@H](N2C(=O)c3ccccc3C2=O)[C@H](O[C@H]2[C@H](OCc3ccccc3)[C@@H](N3C(=O)c4ccccc4C3=O)[C@H](O[C@H]3[C@H](OCc4ccccc4)[C@@H](N4C(=O)c5ccccc5C4=O)[C@H](Sc4ccccc4)O[C@@H]3COCc3ccccc3)O[C@@H]2COCc2ccccc2)O[C@@H]1COCc1ccccc1,O=C1c2ccccc2C(=O)N1[C@@H]1[C@@H](OCc2ccccc2)[C@H](O[C@@H]2O[C@H](COCc3ccccc3)[C@@H](O[C@@H]3O[C@H](COCc4ccccc4)[C@@H](O[C@@H]4O[C@H](COCc5ccccc5)[C@@H](O)[C@H](OCc5ccccc5)[C@H]4N4C(=O)c5ccccc5C4=O)[C@H](OCc4ccccc4)[C@H]3N3C(=O)c4ccccc4C3=O)[C@H](OCc3ccccc3)[C@H]2N2C(=O)c3ccccc3C2=O)[C@@H](COCc2ccccc2)O[C@H]1F,CC(=O)O[C@H]1[C@H](OCc2ccccc2)[C@@H](N2C(=O)c3ccccc3C2=O)[C@H](O[C@H]2[C@H](OCc3ccccc3)[C@@H](N3C(=O)c4ccccc4C3=O)[C@H](O[C@H]3[C@H](OCc4ccccc4)[C@@H](N4C(=O)c5ccccc5C4=O)[C@H](O[C@H]4[C@H](OCc5ccccc5)[C@@H](N5C(=O)c6ccccc6C5=O)[C@H](F)O[C@@H]4COCc4ccccc4)O[C@@H]3COCc3ccccc3)O[C@@H]2COCc2ccccc2)O[C@@H]1COCc1ccccc1,thioglycoside,63,64,4,3
SG-3af67e75d48dbc56,3af67e75d48dbc56698f79c4d915a47993a4d7ee0bc7d06da232a3458e07f1f5,1254,31-013-CAS-1115685,1254;1255,31-013-CAS-1115685;31-013-CAS-12418933,2,COc1ccc(CO[C@H]2[C@@H](O[Si](c3ccccc3)(c3ccccc3)C(C)(C)C)[C@@H]3OC4(CCCCC4)OC[C@H]3O[C@@H]2SC)cc1,O=C1c2ccccc2C(=O)N1[C@H]1[C@H](OCc2ccccc2)O[C@H](COCc2ccccc2)[C@@H](O)[C@@H]1OCc1ccccc1,CC(=O)O[C@H]1[C@H](OCc2ccccc2)[C@@H](N2C(=O)c3ccccc3C2=O)[C@H](OCc2ccccc2)O[C@@H]1COCc1ccccc1,thioglycoside,32,33,4,3
SG-3b369d1f7a7025f9,3b369d1f7a7025f9e3779ffff5d89c7b92967a3140ea89e7a05f2024a2f311d1,1299,31-013-CAS-21608786,1299,31-013-CAS-21608786,1,Cc1ccc(S[C@H]2O[C@H](CO[Si](C)(C)C(C)(C)C)[C@@H](OCc3ccccc3)[C@H](OCc3ccccc3)[C@H]2N=[N+]=[N-])cc1,Cc1ccc(S[C@@H]2O[C@H](COCc3ccccc3)[C@@H](O)[C@H](OCc3ccccc3)[C@H]2N2C(=O)c3ccccc3C2=O)cc1,CC(=O)O[C@H]1[C@H](OCc2ccccc2)[C@@H](N2C(=O)c3ccccc3C2=O)[C@H](Sc2ccc(C)cc2)O[C@@H]1COCc1ccccc1,thioglycoside,18,19,4,3
SG-3b375e7165629716,3b375e716562971665c6f52f529f97c3a1e9d1f3315336fe2457aac07a20bdc3,1530,31-614-CAS-41884465,1530;1531,31-614-CAS-41884465;31-614-CAS-37959633,2,COC(=O)[C@@H]1O[C@@H](Sc2ccccc2)[C@H](OC(=O)CCC(C)=O)[C@@H](OCc2ccccc2)[C@@H]1O[C@H]1O[C@H](CO[Si](c2ccccc2)(c2ccccc2)C(C)(C)C)[C@@H](OC(=O)c2ccccc2)[C@H](OCc2ccccc2)[C@H]1N=[N+]=[N-],COC(=O)[C@@H]1O[C@@H](OCCCCCN(Cc2ccccc2)C(=O)OCc2ccc(CCC(F)(F)C(F)(F)C(F)(F)C(F)(F)C(F)(F)C(F)(F)F)cc2)[C@H](OC(=O)c2ccccc2)[C@@H](OCc2ccccc2)[C@@H]1O[C@H]1O[C@H](COCc2ccc3ccccc3c2)[C@@H](O)[C@H](OCc2ccccc2)[C@H]1NC(=O)C(F)(F)F,COC(=O)[C@@H]1O[C@@H](OCCCCCN(Cc2ccccc2)C(=O)OCc2ccc(CCC(F)(F)C(F)(F)C(F)(F)C(F)(F)C(F)(F)C(F)(F)F)cc2)[C@H](OC(=O)c2ccccc2)[C@@H](OCc2ccccc2)[C@@H]1O[C@H]1O[C@H](COCc2ccc3ccccc3c2)[C@@H](OC(C)=O)[C@H](OCc2ccccc2)[C@H]1NC(=O)C(F)(F)F,thioglycoside,89,90,89,90
SG-3b636005ec93303e,3b636005ec93303ed8b8fc2abe671bf54f7b1ddbc0597e562f76fac765b602c1,1024,31-013-CAS-12877153,1024;1025;1026,31-013-CAS-12877153;31-013-CAS-7511274;31-013-CAS-854940,3,C[C@@H]1O[C@@H](Sc2ccccc2)[C@@H]2OC(=O)O[C@@H]2[C@H]1OC(=O)c1ccccc1,CO[C@H]1O[C@H](COCc2ccccc2)[C@@H](O)[C@@H]2OC(=O)N(C(C)=O)[C@@H]12,CO[C@H]1O[C@H](COCc2ccccc2)[C@@H](OC(C)=O)[C@@H]2OC(=O)N(C(C)=O)[C@@H]12,thioglycoside,14,15,14,15
SG-3b6d73bb496b73cd,3b6d73bb496b73cd6ce5a6c952aa5a4c2c357c25e13f9015eb994aa74dc75d1a,282,31-010-CAS-9129880,282,31-010-CAS-9129880,1,CC(=O)OC[C@H]1O[C@H](OC(=N)C(Cl)(Cl)Cl)[C@H](NC(=O)OCc2ccccc2)[C@@H](OC(C)=O)[C@@H]1OC(C)=O,CC(=O)O[C@@H]1[C@@H](NC(=O)OCc2ccccc2)[C@H](O)O[C@H](COCc2ccccc2)[C@H]1O[C@@H]1O[C@H](COCc2ccccc2)[C@@H](O[C@@H]2O[C@H](COCc3ccccc3)[C@@H](O)[C@H](OC(C)=O)[C@H]2NC(=O)OCc2ccccc2)[C@H](OC(C)=O)[C@H]1NC(=O)OCc1ccccc1,CC(=O)O[C@@H]1[C@@H](NC(=O)OCc2ccccc2)[C@H](O)O[C@H](COCc2ccccc2)[C@H]1O[C@@H]1O[C@H](COCc2ccccc2)[C@@H](O[C@@H]2O[C@H](COCc3ccccc3)[C@@H](OC(C)=O)[C@H](OC(C)=O)[C@H]2NC(=O)OCc2ccccc2)[C@H](OC(C)=O)[C@H]1NC(=O)OCc1ccccc1,trichloroacetimidate,58,59,58,59
SG-3b7c7cc45b2d9bbe,3b7c7cc45b2d9bbe9ccc79114180a5627f1ca25b741b58e399cf63fe78191d05,965,31-013-CAS-1901337,965;966,31-013-CAS-1901337;31-013-CAS-1216240,2,C[C@@H]1O[C@H](Sc2ccccc2)[C@@H](OCc2ccccc2)[C@H](OCc2ccccc2)[C@@H]1OCc1ccccc1,CC(=O)N[C@@H]1[C@@H](OC(=O)c2ccccc2)[C@H](O)[C@@H](COC(=O)c2ccccc2)O[C@H]1N=[N+]=[N-],CC(=O)N[C@@H]1[C@@H](OC(=O)c2ccccc2)[C@H](OC(C)=O)[C@@H](COC(=O)c2ccccc2)O[C@H]1N=[N+]=[N-],thioglycoside,15,16,15,16
SG-3b8073647e22ad95,3b8073647e22ad95860d28099d24f98be2bb8e240215cf9cbbebfe88d54afab1,147,31-010-CAS-16717556,147,31-010-CAS-16717556,1,CC(=O)OC[C@H]1O[C@H](OC(=N)C(Cl)(Cl)Cl)[C@H](OC(C)=O)[C@@H](OC(C)=O)[C@H]1OC(C)=O,CCCCCCCCCCCCS[C@@H]1O[C@H](CO[Si](c2ccccc2)(c2ccccc2)C(C)(C)C)[C@@H](O)[C@H](OCc2ccccc2)[C@H]1N1C(=O)c2ccccc2C1=O,CCCCCCCCCCCCS[C@@H]1O[C@H](CO[Si](c2ccccc2)(c2ccccc2)C(C)(C)C)[C@@H](OC(C)=O)[C@H](OCc2ccccc2)[C@H]1N1C(=O)c2ccccc2C1=O,trichloroacetimidate,35,36,35,36
SG-3bcddfec0099387f,3bcddfec0099387ff4936d59f6cd911751786b2fb4c22ce1edd9796e5ffcf692,1189,31-013-CAS-7955565,1189;1190;1191,31-013-CAS-7955565;31-013-CAS-16646504;31-614-CAS-24371495,3,CCS[C@@H]1O[C@H](COCc2ccccc2)[C@@H](OC(C)=O)[C@H](OCc2ccccc2)[C@H]1N1C(=O)c2ccccc2C1=O,O=C1c2ccccc2C(=O)N1[C@H]1[C@H](OCc2ccccc2)O[C@H](COCc2ccccc2)[C@@H](O)[C@@H]1OCc1ccccc1,CC(=O)O[C@H]1[C@H](OCc2ccccc2)[C@@H](N2C(=O)c3ccccc3C2=O)[C@H](OCc2ccccc2)O[C@@H]1COCc1ccccc1,thioglycoside,32,33,4,3
SG-3c6d74f7efd2b973,3c6d74f7efd2b9737dc61e59c89bd1eaf94cf069259438fba68a12e44eda1092,693,31-013-CAS-15220844,693,31-013-CAS-15220844,1,CCS[C@@H]1O[C@@H](COC(C)=O)[C@@H](OC(C)=O)[C@H](OCc2ccccc2)[C@H]1OC(=O)c1ccccc1,[N-]=[N+]=N[C@H]1[C@@H]2OC[C@@H](O2)[C@@H](O)[C@@H]1OCc1ccccc1,CC(=O)O[C@H]1[C@H](OCc2ccccc2)[C@@H](N=[N+]=[N-])[C@@H]2OC[C@H]1O2,thioglycoside,9,10,4,3
SG-3cb625f40925bca4,3cb625f40925bca4951d4a38ce8e036a434db0b74230676319c3c29fb92d8cdd,993,31-013-CAS-10963089,993,31-013-CAS-10963089,1,CCS[C@H]1O[C@@H](C)[C@@H](OC(=O)c2ccccc2)[C@@H](O)[C@@H]1O[Si](C(C)C)(C(C)C)C(C)C,CC(C)(C)[Si](OC[C@H]1O[C@@H](Oc2ccc(OCCCl)cc2)[C@H](NC(=O)C(F)(F)F)[C@@H](OC(=O)CCl)[C@@H]1O)(c1ccccc1)c1ccccc1,CC(=O)O[C@H]1[C@H](OC(=O)CCl)[C@@H](NC(=O)C(F)(F)F)[C@H](Oc2ccc(OCCCl)cc2)O[C@@H]1CO[Si](c1ccccc1)(c1ccccc1)C(C)(C)C,thioglycoside,35,36,4,3
SG-3cee0629d1e4c14d,3cee0629d1e4c14de8320db46cf098cb5e944fe3b75b58823b86845d10d537c6,303,31-010-CAS-10174514,303,31-010-CAS-10174514,1,CC(=O)CCC(=O)O[C@@H]1[C@@H](OC(=N)C(Cl)(Cl)Cl)O[C@H](C)[C@@H](NC(=O)[C@@H](CCOC(C)=O)OC(C)=O)[C@@H]1OCc1ccccc1,CC(=O)OCC[C@@H](OC(C)=O)C(=O)N[C@H]1[C@H](OCc2ccccc2)[C@H](O)[C@@H](OC(C)=O)O[C@@H]1C,CC(=O)OCC[C@@H](OC(C)=O)C(=O)N[C@H]1[C@H](OCc2ccccc2)[C@H](OC(C)=O)[C@@H](OC(C)=O)O[C@@H]1C,trichloroacetimidate,24,25,24,25
SG-3d154170999d210a,3d154170999d210a7a918141a9df2c6ab318e5ae64ae7d08692f6941a69faae4,791,31-013-CAS-8631144,791;792;793,31-013-CAS-8631144;31-013-CAS-5891655;31-013-CAS-13476910,3,CCS[C@@H]1O[C@@H]2CO[C@@H](c3ccccc3)O[C@H]2[C@H](OCc2ccccc2)[C@H]1OC(=O)CCC(C)=O,CC(=O)OC[C@H]1O[C@@H](O[Si](C)(C)C(C)(C)C(C)C)[C@H](N=[N+]=[N-])[C@@H](OCc2ccccc2)[C@@H]1O,CC(=O)OC[C@H]1O[C@@H](O[Si](C)(C)C(C)(C)C(C)C)[C@H](N=[N+]=[N-])[C@@H](OCc2ccccc2)[C@@H]1OC(C)=O,thioglycoside,31,32,31,32
SG-3d3707c74b8dbe8c,3d3707c74b8dbe8ce01fa8766ad4817c895d8d1fd59702bf504cfda1b30f7834,1340,31-614-CAS-23946125,1340,31-614-CAS-23946125,1,CC(=O)O[C@H]1[C@@H](OCc2ccccc2)[C@H](N=[N+]=[N-])[C@@H](Sc2ccccc2)O[C@H]1C,C[C@@H]1O[C@@H](O[C@H]2[C@@H](OCc3ccccc3)[C@H](N=[N+]=[N-])[C@H](O[C@@H]3[C@@H](NC(=O)C(Cl)(Cl)Cl)[C@H](OCCCNC(=O)OCc4ccccc4)O[C@H](C)[C@H]3NC(=O)C[C@H](C)OCc3ccccc3)O[C@H]2C)[C@@H](N=[N+]=[N-])[C@H](OCc2ccccc2)[C@@H]1O,CC(=O)O[C@H]1[C@@H](OCc2ccccc2)[C@H](N=[N+]=[N-])[C@H](O[C@H]2[C@@H](OCc3ccccc3)[C@H](N=[N+]=[N-])[C@H](O[C@@H]3[C@@H](NC(=O)C(Cl)(Cl)Cl)[C@H](OCCCNC(=O)OCc4ccccc4)O[C@H](C)[C@H]3NC(=O)C[C@H](C)OCc3ccccc3)O[C@H]2C)O[C@H]1C,thioglycoside,80,81,4,3
SG-3d4460a6d1a5d9a0,3d4460a6d1a5d9a08bd49dab6942664e6e560fd4ea17233e51c0f30aae0432e8,920,31-013-CAS-18334609,920,31-013-CAS-18334609,1,CC(=O)CCC(=O)OC[C@H]1O[C@@H](Sc2ccc(C)cc2)[C@H](OCc2ccccc2)[C@@H](OCc2ccccc2)[C@@H]1OCc1ccccc1,CC(C)(C)[Si](Oc1ccc(O[C@H]2O[C@H](COCc3ccccc3)[C@H](O)[C@H](O[C@@H]3O[C@H](COC(=O)OCC4c5ccccc5-c5ccccc54)[C@@H](OC(=O)c4ccccc4)[C@H](OC(=O)c4ccccc4)[C@H]3OC(=O)c3ccccc3)[C@H]2N=[N+]=[N-])cc1)(c1ccccc1)c1ccccc1,CC(=O)O[C@@H]1[C@H](O[C@@H]2O[C@H](COC(=O)OCC3c4ccccc4-c4ccccc43)[C@@H](OC(=O)c3ccccc3)[C@H](OC(=O)c3ccccc3)[C@H]2OC(=O)c2ccccc2)[C@@H](N=[N+]=[N-])[C@@H](Oc2ccc(O[Si](c3ccccc3)(c3ccccc3)C(C)(C)C)cc2)O[C@@H]1COCc1ccccc1,thioglycoside,23,24,4,3
SG-3d450a2cbee3fc30,3d450a2cbee3fc30878770fb276d07fb4c5581665a095d44865acd3604138a5e,1541,31-614-CAS-45240845,1541,31-614-CAS-45240845,1,C[C@@H]1O[C@@H](O[C@H]2[C@H](OCc3ccccc3)[C@@H]([C@@H](COCc3ccccc3)OCc3ccccc3)O[C@@H](Sc3ccccc3)[C@H]2OCc2ccc3ccccc3c2)[C@H](OCc2ccccc2)C[C@H]1OCc1ccccc1,C[C@@H]1O[C@@H](O[C@@H]2[C@@H](NC(=O)C(Cl)(Cl)Cl)[C@H](OCCCNC(=O)OCc3ccccc3)O[C@H](C)[C@H]2NC(=O)C[C@@H]2C[C@H](C)O[C@H](c3ccccc3)O2)[C@@H](N=[N+]=[N-])[C@H](OCc2ccccc2)[C@@H]1O,CC(=O)O[C@H]1[C@@H](OCc2ccccc2)[C@H](N=[N+]=[N-])[C@H](O[C@@H]2[C@@H](NC(=O)C(Cl)(Cl)Cl)[C@H](OCCCNC(=O)OCc3ccccc3)O[C@H](C)[C@H]2NC(=O)C[C@@H]2C[C@H](C)O[C@H](c3ccccc3)O2)O[C@H]1C,thioglycoside,64,65,4,3
SG-3dac95dbc45393bf,3dac95dbc45393bf0829feee87881acbf7126b8f946a220540d75e3671043ebe,638,31-010-CAS-20875067,638,31-010-CAS-20875067,1,COC(=O)[C@@]1(O[C@H]2[C@@H](OC(=O)c3ccccc3)[C@@H](COC(=O)c3ccccc3)OC(OC(=Nc3ccccc3)C(F)(F)F)[C@@H]2OC(=O)c2ccccc2)C[C@H](OC(C)=O)[C@@H](NC(C)=O)[C@H]([C@H](OC(C)=O)[C@@H](COC(C)=O)OC(C)=O)O1,CC(=O)O[C@H]1[C@H](O[C@@H]2[C@H](O[C@@H]3O[C@H](COCc4ccccc4)[C@@H](O)[C@H](OCc4ccccc4)[C@H]3N3C(=O)c4ccccc4C3=O)[C@@H](OC(=O)c3ccccc3)[C@H](OCCCN=[N+]=[N-])O[C@@H]2COC(=O)c2ccccc2)O[C@H](COCc2ccccc2)[C@@H](O[C@@H]2O[C@H](COCc3ccccc3)[C@H](OCc3ccccc3)[C@H](OCc3ccccc3)[C@H]2OCc2ccccc2)[C@@H]1OCc1ccccc1,CC(=O)O[C@H]1[C@H](O[C@@H]2[C@H](O[C@@H]3O[C@H](COCc4ccccc4)[C@@H](OC(C)=O)[C@H](OCc4ccccc4)[C@H]3N3C(=O)c4ccccc4C3=O)[C@@H](OC(=O)c3ccccc3)[C@H](OCCCN=[N+]=[N-])O[C@@H]2COC(=O)c2ccccc2)O[C@H](COCc2ccccc2)[C@@H](O[C@@H]2O[C@H](COCc3ccccc3)[C@H](OCc3ccccc3)[C@H](OCc3ccccc3)[C@H]2OCc2ccccc2)[C@@H]1OCc1ccccc1,trifluoroacetimidate,22,23,22,23
SG-3e221453c392ec50,3e221453c392ec5012a32ba383d8a84f91c4ca3097d8876e6772c7b8dc69f0af,235,31-010-CAS-12076484,235,31-010-CAS-12076484,1,CC(=O)OC[C@H]1O[C@H](OC(=N)C(Cl)(Cl)Cl)[C@H](OC(C)=O)[C@@H](OC(=O)CCl)[C@H]1OC(C)=O,CC(=O)N[C@H]1[C@H](OCCCCCCCl)O[C@H](COCc2ccccc2)[C@@H](O)[C@@H]1OC(=O)CCl,CC(=O)N[C@H]1[C@H](OCCCCCCCl)O[C@H](COCc2ccccc2)[C@@H](OC(C)=O)[C@@H]1OC(=O)CCl,trichloroacetimidate,25,26,25,26
SG-3e4d05d494fc57d5,3e4d05d494fc57d502f42f4b48232cdc0a9a77aa0d07f8443340f2d17053a09e,1356,31-013-CAS-3150849,1356;1357,31-013-CAS-3150849;31-013-CAS-9300229,2,CCS[C@@H]1O[C@@H]2CO[C@@H](c3ccccc3)O[C@H]2[C@H](O[C@H]2O[C@H](COCc3ccccc3)[C@@H](OCc3ccccc3)[C@H](OCc3ccccc3)[C@@H]2OC(C)=O)[C@H]1OC(=O)CCC(C)=O,COc1ccc(O[C@@H]2O[C@H](COCc3ccccc3)[C@@H](O)[C@H](OCc3ccccc3)[C@H]2N2C(=O)c3ccccc3C2=O)cc1,COc1ccc(O[C@@H]2O[C@H](COCc3ccccc3)[C@@H](OC(C)=O)[C@H](OCc3ccccc3)[C@H]2N2C(=O)c3ccccc3C2=O)cc1,thioglycoside,19,20,19,20
SG-3e62b425ab062c8a,3e62b425ab062c8a96e5341e5f8a46f0d4ec00c7963bbdf7a8e53343b335b891,541,31-010-CAS-7244022,541;542,31-010-CAS-7244022;31-010-CAS-11210902,2,COC(=O)[C@@H]1OC(OC(=N)C(Cl)(Cl)Cl)[C@H](OC(=O)C(C)(C)C)[C@@H](OCc2ccccc2)[C@@H]1O[C@H]1O[C@@H]2CO[C@@H](c3ccccc3)O[C@H]2[C@H](OCc2ccccc2)[C@H]1N=[N+]=[N-],CC(=O)N[C@H]1[C@@H](OC(C)C)O[C@H](COC(=O)c2ccccc2)[C@@H](O)[C@@H]1OCc1ccccc1,CC(=O)N[C@H]1[C@@H](OC(C)C)O[C@H](COC(=O)c2ccccc2)[C@@H](OC(C)=O)[C@@H]1OCc1ccccc1,trichloroacetimidate,22,23,22,23
SG-3e863ef9f4333661,3e863ef9f4333661d4a2f4522649975c72c060628db7d8cb0f22ca6759b6a9cf,1111,31-013-CAS-892973,1111,31-013-CAS-892973,1,COC(=O)CO[C@@H]1[C@@H](N=[N+]=[N-])[C@H](SC)O[C@@H]2CO[C@@H](c3ccccc3)O[C@@H]12,CC(=O)O[C@H]1[C@H](O)[C@@H](COCc2ccccc2)OC[C@@H]1NC(C)=C1C(=O)CC(C)(C)CC1=O,CC(=O)O[C@H]1[C@H](OC(C)=O)[C@@H](COCc2ccccc2)OC[C@@H]1NC(C)=C1C(=O)CC(C)(C)CC1=O,thioglycoside,5,6,5,6
SG-3e88dcab1beef87f,3e88dcab1beef87f493a7471712a64739e881caf296cc9a48bfd66e08157f617,1044,31-013-CAS-1611774,1044,31-013-CAS-1611774,1,C[C@@H]1O[C@@H](Sc2ccccc2)[C@@H](OCc2ccccc2)[C@H](OCc2ccccc2)[C@@H]1OCc1ccccc1,CO[C@@H]1O[C@H](CO[Si](C)(C)C(C)(C)C(C)C)[C@@H](O)[C@@H]2OC(=O)N(C(C)=O)[C@@H]12,CO[C@@H]1O[C@H](CO[Si](C)(C)C(C)(C)C(C)C)[C@@H](OC(C)=O)[C@@H]2OC(=O)N(C(C)=O)[C@@H]12,thioglycoside,16,17,16,17
SG-3ecb5dd0be348218,3ecb5dd0be3482188f71f18987f7daff2b452479e2be2df9e477c966ca616028,227,31-010-CAS-22039672,227,31-010-CAS-22039672,1,CC(=O)OC[C@H]1O[C@H](OC(=N)C(Cl)(Cl)Cl)[C@H](NC(=O)OCC(Cl)(Cl)Cl)[C@@H](OC(C)=O)[C@@H]1OC(C)=O,CC(=O)N[C@H]1[C@H](OCc2ccccc2)O[C@H](C)[C@@H](O)[C@@H]1OC(=O)c1ccccc1,CC(=O)N[C@H]1[C@H](OCc2ccccc2)O[C@H](C)[C@@H](OC(C)=O)[C@@H]1OC(=O)c1ccccc1,trichloroacetimidate,17,18,17,18
SG-3f291d0070d9db97,3f291d0070d9db97f347fee8d9524e47b4b11205b4c588a51fac1a766529e119,1204,31-013-CAS-16396089,1204,31-013-CAS-16396089,1,CCS[C@@H]1O[C@H](COCc2ccccc2)[C@@H](OC(C)=O)[C@H](OCc2ccccc2)[C@H]1N1C(=O)c2ccccc2C1=O,COc1ccc(O[C@@H]2O[C@H](COCc3ccccc3)[C@@H](O)[C@H](OCc3ccccc3)[C@H]2N2C(=O)c3ccccc3C2=O)cc1,COc1ccc(O[C@@H]2O[C@H](COCc3ccccc3)[C@@H](OC(C)=O)[C@H](OCc3ccccc3)[C@H]2N2C(=O)c3ccccc3C2=O)cc1,thioglycoside,19,20,19,20
SG-3f37d3c66a779abe,3f37d3c66a779abefbfcaef4fdf05488988de98de59e482d1cc909a7e53a71dc,814,31-301-CAS-14860452,814,31-301-CAS-14860452,1,O=S(c1ccccc1)[C@H]1O[C@@H]2CO[C@@H](c3ccccc3)O[C@H]2[C@H](OCc2ccccc2)[C@@H]1OCC#Cc1cccc2ccccc12,C=CCCCO[C@@H]1O[C@H](COCc2ccccc2)[C@@H](O)[C@H](OCc2ccccc2)[C@H]1N=[N+]=[N-],C=CCCCO[C@@H]1O[C@H](COCc2ccccc2)[C@@H](OC(C)=O)[C@H](OCc2ccccc2)[C@H]1N=[N+]=[N-],thioglycoside,18,19,18,19
SG-3fcc06730c5f3326,3fcc06730c5f33262ec5869846ae2e66eb87f67bd827ffb8a2f506fddcd96c72,485,31-010-CAS-19226917,485,31-010-CAS-19226917,1,COc1ccc(C(=O)O[C@@H]2[C@H](OCc3ccc4ccccc4c3)[C@@H](OCc3ccc4ccccc4c3)[C@@H](OC[C@H]3O[C@H](O[C@@H]4[C@H](OC(C)=O)[C@@H](OC(=N)C(Cl)(Cl)Cl)O[C@H](CO[Si](c5ccccc5)(c5ccccc5)C(C)(C)C)[C@H]4OCc4ccccc4)[C@H](OCc4ccccc4)[C@@H](OCc4ccccc4)[C@H]3OCc3ccccc3)O[C@@H]2COCc2ccc3ccccc3c2)cc1,C=CCO[C@@H]1[C@H](OCc2ccccc2)[C@H](OCc2ccccc2)[C@@H](OCc2ccccc2)[C@H](OCc2ccccc2)[C@H]1O[C@H]1O[C@H](COCc2ccccc2)[C@@H](O)[C@H](OCc2ccccc2)[C@H]1N=[N+]=[N-],C=CCO[C@@H]1[C@H](OCc2ccccc2)[C@H](OCc2ccccc2)[C@@H](OCc2ccccc2)[C@H](OCc2ccccc2)[C@H]1O[C@H]1O[C@H](COCc2ccccc2)[C@@H](OC(C)=O)[C@H](OCc2ccccc2)[C@H]1N=[N+]=[N-],trichloroacetimidate,55,56,55,56
SG-3fcc09cde167dd15,3fcc09cde167dd15ba818cb90f6332d0e111e92cb21fef9d055303867eb5792f,1258,31-013-CAS-8836909,1258,31-013-CAS-8836909,1,CCS[C@@H]1O[C@H](COCc2ccccc2)[C@@H](OC(C)=O)[C@H](OCc2ccccc2)[C@H]1N1C(=O)c2ccccc2C1=O,CCS[C@@H]1O[C@H](COCc2ccccc2)[C@@H](O)[C@H](OCc2ccccc2)[C@H]1N1C(=O)c2ccccc2C1=O,CCS[C@@H]1O[C@H](COCc2ccccc2)[C@@H](OC(C)=O)[C@H](OCc2ccccc2)[C@H]1N1C(=O)c2ccccc2C1=O,thioglycoside,15,16,15,16
SG-4000865076128e8b,4000865076128e8bac89b7e33636c12e697f6ecf944c0587dfbf9ed0d0368d43,1063,31-301-CAS-8308590,1063,31-301-CAS-8308590,1,O=S(c1ccccc1)[C@H]1O[C@@H]2CO[C@@H](c3ccccc3)O[C@H]2[C@H](OCc2ccccc2)[C@@H]1OCc1ccccc1,CO[C@H]1O[C@H](COCc2ccccc2)[C@@H](O)[C@H](OCc2ccccc2)[C@H]1N(Cc1ccccc1)C(C)=O,CO[C@H]1O[C@H](COCc2ccccc2)[C@@H](OC(C)=O)[C@H](OCc2ccccc2)[C@H]1N(Cc1ccccc1)C(C)=O,thioglycoside,14,15,14,15
SG-40150178cf26b19e,40150178cf26b19e4d77bdb3663384fe255b9357ac8a2e7d34c98ceeb6604b47,588,31-010-CAS-8250667,588,31-010-CAS-8250667,1,COC(=O)O[C@H]1C(OC(=Nc2ccccc2)C(F)(F)F)O[C@H](COCc2ccccc2)[C@H](OCc2ccccc2)[C@@H]1OCc1ccccc1,C=CCOC(=O)O[C@H]1[C@H](O)[C@@H](COCc2ccccc2)O[C@@H](O[Si](C)(C)C(C)(C)C)[C@@H]1NC(=O)OCC(Cl)(Cl)Cl,C=CCOC(=O)O[C@@H]1[C@@H](NC(=O)OCC(Cl)(Cl)Cl)[C@H](O[Si](C)(C)C(C)(C)C)O[C@H](COCc2ccccc2)[C@H]1OC(C)=O,trifluoroacetimidate,8,9,38,39
SG-40eb3c2934cba17e,40eb3c2934cba17e1aaccb4165ebd60a46234d3d0c77b912608e4c6559d8f4bb,1277,31-013-CAS-11595421,1277,31-013-CAS-11595421,1,CC(=O)OC[C@H]1O[C@@H](Sc2ccc(C)cc2)[C@H](OC(C)=O)[C@@H](OC(C)=O)[C@H]1OC(C)=O,Cc1ccc(S[C@@H]2O[C@H](COCc3ccccc3)[C@@H](O)[C@H](OCc3ccccc3)[C@H]2N2C(=O)c3ccccc3C2=O)cc1,CC(=O)O[C@H]1[C@H](OCc2ccccc2)[C@@H](N2C(=O)c3ccccc3C2=O)[C@H](Sc2ccc(C)cc2)O[C@@H]1COCc1ccccc1,thioglycoside,18,19,4,3
SG-40f2b58665fec5b1,40f2b58665fec5b108f38affb9d5b47fcc8f781673bf69a982150eb33438bf5a,53,31-010-CAS-9259306,53,31-010-CAS-9259306,1,CC(=O)OC[C@H]1O[C@H](OC(=N)C(Cl)(Cl)Cl)[C@H](NC(=O)C(Cl)(Cl)Cl)[C@@H](OC(C)=O)[C@@H]1OC(C)=O,CC(=O)N[C@H]1[C@@H](OCc2ccccc2)O[C@H](COCc2ccccc2)[C@@H](O)[C@@H]1OCc1ccccc1,CC(=O)N[C@H]1[C@@H](OCc2ccccc2)O[C@H](COCc2ccccc2)[C@@H](OC(C)=O)[C@@H]1OCc1ccccc1,trichloroacetimidate,25,26,25,26
SG-414deb2662b674b9,414deb2662b674b919344e44deac37c08489664cbe47976637b64bbc29d1c432,881,31-614-CAS-39832550,881,31-614-CAS-39832550,1,[N-]=[N+]=N[C@@H]1[C@@H](OCc2ccccc2)[C@H]2O[C@@H](c3ccccc3)OC[C@H]2O[C@H]1Sc1ccccc1,CC(C)(C)[Si](OC[C@H]1O[C@H](OCCCNC(=O)OCc2ccccc2)[C@H](N=[N+]=[N-])[C@@H](OCc2ccccc2)[C@H]1O)(c1ccccc1)c1ccccc1,CC(=O)O[C@@H]1[C@H](OCc2ccccc2)[C@@H](N=[N+]=[N-])[C@@H](OCCCNC(=O)OCc2ccccc2)O[C@@H]1CO[Si](c1ccccc1)(c1ccccc1)C(C)(C)C,thioglycoside,38,39,4,3
SG-41dc2b1a2d9b6126,41dc2b1a2d9b612660144e3b4a1f6fd179199c8a855e51ebb44a6301787cbe9a,714,31-614-CAS-45260380,714,31-614-CAS-45260380,1,COc1ccc(CO[C@@H]2[C@H](OCc3ccccc3)[C@@H](Sc3ccc(C)cc3)O[C@@H]3CO[C@@H](c4ccccc4)O[C@@H]23)cc1,[N-]=[N+]=N[C@H]1[C@H](OCc2ccccc2)O[C@H](COCc2ccccc2)[C@@H](O)[C@@H]1OCc1ccccc1,CC(=O)O[C@H]1[C@H](OCc2ccccc2)[C@@H](N=[N+]=[N-])[C@H](OCc2ccccc2)O[C@@H]1COCc1ccccc1,thioglycoside,24,25,4,3
SG-4215229f15aeb9b7,4215229f15aeb9b7784513bb0de65e4ea118f543b88128eef1769f55f87633f5,1483,31-013-CAS-8624016,1483,31-013-CAS-8624016,1,CC(=O)OC[C@H]1O[C@@H](O[C@H]2[C@H](OC(C)=O)[C@@H](N3C(=O)c4ccccc4C3=O)[C@H](OC[C@H]3O[C@@H](Sc4ccccc4)[C@H](N4C(=O)c5ccccc5C4=O)[C@@H](OC(=O)c4ccccc4)[C@@H]3OC(=O)c3ccccc3)O[C@@H]2COCc2ccccc2)[C@H](N2C(=O)c3ccccc3C2=O)[C@@H](OC(C)=O)[C@@H]1OC(C)=O,CC(=O)O[C@H]1[C@H](O)[C@@H](COCc2ccccc2)O[C@@H](Sc2ccccc2)[C@@H]1N1C(=O)c2ccccc2C1=O,CC(=O)O[C@H]1[C@H](OC(C)=O)[C@@H](COCc2ccccc2)O[C@@H](Sc2ccccc2)[C@@H]1N1C(=O)c2ccccc2C1=O,thioglycoside,5,6,5,6
SG-422fc7035b531b80,422fc7035b531b80fd671ac3145ca3daf51011140123a538b2a72f51e292f786,1051,31-013-CAS-5482709,1051,31-013-CAS-5482709,1,Cc1ccc(S[C@@H]2O[C@H](COCc3ccccc3)[C@H](OCc3ccccc3)[C@H](OCc3ccccc3)[C@H]2OC(=O)c2ccccc2)cc1,CC(=O)CCC(=O)O[C@H]1[C@H](O)[C@@H](COCc2ccccc2)O[C@@H](Sc2ccc(C)cc2)[C@@H]1NC(=O)OCC(Cl)(Cl)Cl,CC(=O)CCC(=O)O[C@@H]1[C@@H](NC(=O)OCC(Cl)(Cl)Cl)[C@H](Sc2ccc(C)cc2)O[C@H](COCc2ccccc2)[C@H]1OC(C)=O,thioglycoside,9,10,39,40
SG-42d86c1e89e8be44,42d86c1e89e8be44b23562db26f40f5ea6a4a3e6dee9c4dd1384a1f2b1328b1c,1291,31-013-CAS-2510471,1291,31-013-CAS-2510471,1,CCS[C@@H]1O[C@H](COCc2ccccc2)[C@@H](OC(=O)CCl)[C@H](OCc2ccccc2)[C@H]1N1C(=O)c2ccccc2C1=O,COc1ccc(OC[C@H]2O[C@@H](OCc3ccccc3)[C@H](N3C(=O)c4ccccc4C3=O)[C@@H](OCc3ccccc3)[C@@H]2O)cc1,COc1ccc(OC[C@H]2O[C@@H](OCc3ccccc3)[C@H](N3C(=O)c4ccccc4C3=O)[C@@H](OCc3ccccc3)[C@@H]2OC(C)=O)cc1,thioglycoside,40,41,40,41
SG-42dbbc457e8521c3,42dbbc457e8521c31dd5e18a83514c40a1de3db9db5d1093454b5accf57839bd,321,31-010-CAS-11535237,321,31-010-CAS-11535237,1,CC(=O)OC[C@H]1O[C@H](OC(=N)C(Cl)(Cl)Cl)[C@H](NC(=O)OCc2ccccc2)[C@@H](OC(C)=O)[C@@H]1OC(C)=O,CC(=O)O[C@H]1[C@H](O)[C@@H](COCc2ccccc2)O[C@@H](O[C@H]2[C@H](O)[C@H]3OC(C)=N[C@H]3O[C@@H]2COCc2ccccc2)[C@@H]1NC(=O)OCc1ccccc1,CC(=O)O[C@@H]1[C@@H](NC(=O)OCc2ccccc2)[C@H](O[C@H]2[C@H](O)[C@H]3OC(C)=N[C@H]3O[C@@H]2COCc2ccccc2)O[C@H](COCc2ccccc2)[C@H]1OC(C)=O,trichloroacetimidate,5,6,50,51
SG-430e46086dceab5d,430e46086dceab5d307aa7f33964d69eb525567affc480b5096651b00f0453eb,1354,31-013-CAS-9394061,1354,31-013-CAS-9394061,1,COC(=O)[C@H]1O[C@@H](Sc2ccccc2)[C@H](OC(=O)c2ccccc2)[C@@H](OCc2ccccc2)[C@@H]1O[C@H]1O[C@H](COCc2ccc3ccccc3c2)[C@@H](OC(=O)CCl)[C@H](OCc2ccccc2)[C@H]1NC(=O)OCC(Cl)(Cl)Cl,COC(=O)[C@H]1O[C@@H](OCCCCCCNC(=O)OCc2ccccc2)[C@H](OC(=O)c2ccccc2)[C@@H](OCc2ccccc2)[C@@H]1O[C@H]1O[C@H](COCc2ccc3ccccc3c2)[C@@H](O[C@@H]2O[C@H](C(=O)OC)[C@@H](O[C@H]3O[C@H](COCc4ccc5ccccc5c4)[C@@H](O)[C@H](OCc4ccccc4)[C@H]3NC(=O)OCC(Cl)(Cl)Cl)[C@H](OCc3ccccc3)[C@H]2OC(=O)c2ccccc2)[C@H](OCc2ccccc2)[C@H]1NC(=O)OCC(Cl)(Cl)Cl,COC(=O)[C@H]1O[C@@H](OCCCCCCNC(=O)OCc2ccccc2)[C@H](OC(=O)c2ccccc2)[C@@H](OCc2ccccc2)[C@@H]1O[C@H]1O[C@H](COCc2ccc3ccccc3c2)[C@@H](O[C@@H]2O[C@H](C(=O)OC)[C@@H](O[C@H]3O[C@H](COCc4ccc5ccccc5c4)[C@@H](OC(C)=O)[C@H](OCc4ccccc4)[C@H]3NC(=O)OCC(Cl)(Cl)Cl)[C@H](OCc3ccccc3)[C@H]2OC(=O)c2ccccc2)[C@H](OCc2ccccc2)[C@H]1NC(=O)OCC(Cl)(Cl)Cl,thioglycoside,89,90,89,90
SG-432d4b504d3c91f7,432d4b504d3c91f7956530739f6caf03d5825e0958b076c495c061be20f54c56,2,31-010-CAS-19309609,2,31-010-CAS-19309609,1,CC(=O)OC[C@H]1O[C@H](OC(=N)C(Cl)(Cl)Cl)[C@H](OC(C)=O)[C@@H](OC(C)=O)[C@H]1OC(C)=O,CC(C)C(C)(C)[Si](C)(C)O[C@@H]1O[C@H](COCc2ccccc2)[C@@H](O)[C@H](OCc2ccccc2)[C@H]1N=[N+]=[N-],CC(=O)O[C@H]1[C@H](OCc2ccccc2)[C@@H](N=[N+]=[N-])[C@H](O[Si](C)(C)C(C)(C)C(C)C)O[C@@H]1COCc1ccccc1,trichloroacetimidate,22,23,4,3
SG-434dce94e159f551,434dce94e159f551469ddeda180c6442e5c4b0e93fb8b005374480f790021849,603,31-010-CAS-9560827,603,31-010-CAS-9560827,1,COc1ccc(CO[C@H]2[C@H](OCc3ccccc3)[C@@H](N=[N+]=[N-])[C@H](O[C@H]3[C@H](OC(=O)OCc4ccccc4)[C@@H](NC(=O)OCC(Cl)(Cl)Cl)[C@@H](OC(=Nc4ccccc4)C(F)(F)F)O[C@@H]3COCc3ccccc3)O[C@@H]2COCc2ccccc2)cc1,C=CCO[C@H]1O[C@H](COCc2ccccc2)[C@@H](O[C@@H]2O[C@H](COCc3ccccc3)[C@@H](O)[C@H](OCc3ccccc3)[C@H]2N=[N+]=[N-])[C@H](OC(=O)OCc2ccccc2)[C@H]1NC(=O)OCC(Cl)(Cl)Cl,C=CCO[C@H]1O[C@H](COCc2ccccc2)[C@@H](O[C@@H]2O[C@H](COCc3ccccc3)[C@@H](OC(C)=O)[C@H](OCc3ccccc3)[C@H]2N=[N+]=[N-])[C@H](OC(=O)OCc2ccccc2)[C@H]1NC(=O)OCC(Cl)(Cl)Cl,trifluoroacetimidate,30,31,30,31
SG-43676c3d2a012734,43676c3d2a012734ac95aa85c7cfd0858d4d803389123e325df3b41d600fe6cc,1405,31-614-CAS-40218511,1405,31-614-CAS-40218511,1,CCS[C@@H]1O[C@H](CO[C@]2(C(=O)OC)C[C@H](OC(C)=O)[C@@H](NC(C)=O)[C@H]([C@H](OC(C)=O)[C@@H](COC(C)=O)OC(C)=O)O2)[C@H](OCc2ccccc2)[C@H](OC(=O)c2ccccc2)[C@H]1OC(=O)c1ccccc1,CC(C)(C)[Si](C)(C)O[C@@H]1O[C@H](COCc2ccccc2)[C@@H](O)[C@H](OCc2ccccc2)[C@H]1NC(=O)C(Cl)(Cl)Cl,CC(=O)O[C@H]1[C@H](OCc2ccccc2)[C@@H](NC(=O)C(Cl)(Cl)Cl)[C@H](O[Si](C)(C)C(C)(C)C)O[C@@H]1COCc1ccccc1,thioglycoside,20,21,4,3
SG-43689d1ebbd0c61a,43689d1ebbd0c61abcb147274df2bf8065102de0287d615aa6240d5375faf043,1453,31-614-CAS-24299301,1453,31-614-CAS-24299301,1,Cc1ccc(S[C@H]2O[C@H](COC(=S)Oc3ccccc3)[C@H](N3C(=O)c4ccccc4C3=O)[C@H](OC(=O)c3ccccc3)[C@H]2N=[N+]=[N-])cc1,CC(=O)OC[C@@H](OC(=O)c1ccccc1)[C@@H]1O[C@@H](O[C@H]2[C@@H](O)[C@H]3CO[C@H](O3)[C@@H]2N=[N+]=[N-])[C@H](OC(=O)c2ccccc2)[C@H]1OC(=O)c1ccccc1,CC(=O)OC[C@@H](OC(=O)c1ccccc1)[C@@H]1O[C@@H](O[C@@H]2[C@@H](N=[N+]=[N-])[C@@H]3OC[C@@H](O3)[C@@H]2OC(C)=O)[C@H](OC(=O)c2ccccc2)[C@H]1OC(=O)c1ccccc1,thioglycoside,20,21,29,30
SG-43833fdfae3b8d7c,43833fdfae3b8d7cc2073cc65a5ca84353576de4a4acd6cef998ea8c157f5acd,73,31-010-CAS-16011286,73,31-010-CAS-16011286,1,N=C(OC1O[C@@H]2CO[C@@H](c3ccccc3)O[C@H]2[C@H](OCc2ccccc2)[C@H]1OC(=O)c1ccccc1)C(Cl)(Cl)Cl,COc1ccc(COC[C@H]2O[C@@H](O[Si](C)(C)C(C)(C)C)[C@H](N=[N+]=[N-])[C@@H](OCc3ccccc3)[C@@H]2O)cc1,COc1ccc(COC[C@H]2O[C@@H](O[Si](C)(C)C(C)(C)C)[C@H](N=[N+]=[N-])[C@@H](OCc3ccccc3)[C@@H]2OC(C)=O)cc1,trichloroacetimidate,33,34,33,34
SG-43bc27064ba7ecd1,43bc27064ba7ecd19bb7982b96e5c9d0a95c908cf932ffcaad3cbf17d54da834,342,31-010-CAS-21359705,342;343,31-010-CAS-21359705;31-010-CAS-15168580,2,COC(=O)[C@H]1OC(OC(=N)C(Cl)(Cl)Cl)[C@H](OCc2ccccc2)[C@@H](OCc2ccccc2)[C@@H]1O[C@H]1O[C@H](COC(=O)c2ccccc2)[C@@H](OCc2ccccc2)[C@H](OCc2ccccc2)[C@H]1N=[N+]=[N-],COc1ccc(OC[C@H]2O[C@@H](Sc3ccc(C)cc3)[C@@H]3NC(=O)O[C@H]3[C@@H]2O)cc1,COc1ccc(OC[C@H]2O[C@@H](Sc3ccc(C)cc3)[C@@H]3NC(=O)O[C@H]3[C@@H]2OC(C)=O)cc1,trichloroacetimidate,25,26,25,26
SG-43d29ae0c7c51cc4,43d29ae0c7c51cc463490941d86b95db18b43964110e1a69294ed3ac146c02af,1002,31-614-CAS-47697112,1002,31-614-CAS-47697112,1,CC(=O)O[C@@H]1[C@@H](OCc2ccccc2)[C@H](OCc2ccccc2)[C@@H](COCc2ccccc2)O[C@H]1Sc1ccc(C)cc1,CO[C@H]1O[C@H](CO)[C@@H](O)[C@H](OCc2ccccc2)[C@H]1NC(=O)OCc1ccccc1,CO[C@H]1O[C@H](CO)[C@@H](OC(C)=O)[C@H](OCc2ccccc2)[C@H]1NC(=O)OCc1ccccc1,thioglycoside,7,8,7,8
SG-43eaae226d246c5c,43eaae226d246c5c38b9fd7b6d7e600bfd8e904d9a605587a9759e6b69c6a3be,854,31-013-CAS-7210900,854,31-013-CAS-7210900,1,CC(=O)OC[C@H]1O[C@@H](Sc2ccccc2)[C@H](OC(C)=O)[C@@H](OCc2ccccc2)[C@H]1OC(C)=O,CO[C@H]1O[C@H](COC(=O)C(C)(C)C)[C@@H](O)[C@H](OC(=O)C(C)(C)C)[C@H]1NC(C)=O,CO[C@H]1O[C@H](COC(=O)C(C)(C)C)[C@@H](OC(C)=O)[C@H](OC(=O)C(C)(C)C)[C@H]1NC(C)=O,thioglycoside,13,14,13,14
SG-440d715062869075,440d71506286907502499a574795793e818044805c594194cdba0c0992efd8fc,1430,31-013-CAS-8917480,1430,31-013-CAS-8917480,1,COc1ccc(CO[C@H]2[C@@H](O[Si](c3ccccc3)(c3ccccc3)C(C)(C)C)[C@@H]3OC4(CCCCC4)OC[C@H]3O[C@@H]2SC)cc1,O=C1c2ccccc2C(=O)N1[C@H]1[C@H](O[C@H]2[C@H](OCc3ccccc3)[C@@H](N3C(=O)c4ccccc4C3=O)[C@H](OCc3ccccc3)O[C@@H]2COCc2ccccc2)O[C@H](COCc2ccccc2)[C@@H](O)[C@@H]1OCc1ccccc1,CC(=O)O[C@H]1[C@H](OCc2ccccc2)[C@@H](N2C(=O)c3ccccc3C2=O)[C@H](O[C@H]2[C@H](OCc3ccccc3)[C@@H](N3C(=O)c4ccccc4C3=O)[C@H](OCc3ccccc3)O[C@@H]2COCc2ccccc2)O[C@@H]1COCc1ccccc1,thioglycoside,67,68,4,3
SG-4495f492f49c6e81,4495f492f49c6e811fcf06a06c25110d26368cf931adb24f7b79d8552419f0cb,1087,31-013-CAS-7641455,1087,31-013-CAS-7641455,1,CC(=O)CCC(=O)OC[C@@H]1O[C@@H](Sc2ccc(C)cc2)[C@H](OC(=O)c2ccccc2)[C@@H](OCc2ccccc2)[C@@H]1O[C@H]1O[C@H](COC(C)=O)[C@@H](O[Si](C)(C)C(C)(C)C)[C@H](OCc2ccccc2)[C@H]1N=[N+]=[N-],CC(=O)CCC(=O)OC[C@@H]1O[C@@H](OCCCN(Cc2ccccc2)C(=O)OCc2ccccc2)[C@H](OC(=O)c2ccccc2)[C@@H](OCc2ccccc2)[C@@H]1O[C@H]1O[C@H](COC(C)=O)[C@@H](O)[C@H](OCc2ccccc2)[C@H]1N=[N+]=[N-],CC(=O)CCC(=O)OC[C@@H]1O[C@@H](OCCCN(Cc2ccccc2)C(=O)OCc2ccccc2)[C@H](OC(=O)c2ccccc2)[C@@H](OCc2ccccc2)[C@@H]1O[C@H]1O[C@H](COC(C)=O)[C@@H](OC(C)=O)[C@H](OCc2ccccc2)[C@H]1N=[N+]=[N-],thioglycoside,63,64,63,64
SG-454b6afa7cbda932,454b6afa7cbda9324fdbc7976c7f5300c23305a29aa7e043a63b4f79e8a193d0,664,31-013-CAS-22581514,664,31-013-CAS-22581514,1,CCS[C@H]1O[C@H](C)[C@@H](N=[N+]=[N-])[C@H](OCc2ccccc2)[C@@H]1OC(=O)c1ccccc1,C[C@H]1O[C@H](O[C@@H]2[C@@H](OCC[Si](C)(C)C)O[C@H](C)[C@@H](N=[N+]=[N-])[C@@H]2OCc2ccccc2)[C@@H](O)[C@@H](OCc2ccccc2)[C@@H]1N=[N+]=[N-],CC(=O)O[C@@H]1[C@@H](O[C@@H]2[C@@H](OCC[Si](C)(C)C)O[C@H](C)[C@@H](N=[N+]=[N-])[C@@H]2OCc2ccccc2)O[C@H](C)[C@@H](N=[N+]=[N-])[C@@H]1OCc1ccccc1,thioglycoside,30,31,4,3
SG-457e6073008b2e51,457e6073008b2e516590a73a458ba85d0ed9dc7b5a4a91ecfb45f55afb82fc40,857,31-013-CAS-5560590,857,31-013-CAS-5560590,1,CCS[C@H]1O[C@H](CO[C@H]2O[C@H](COCc3ccccc3)[C@@H](OCc3ccccc3)[C@H](OCc3ccccc3)[C@@H]2O[C@H]2O[C@H](CO[Si](C)(C)C(C)(C)C)[C@@H](OCc3ccccc3)[C@H](OCc3ccccc3)[C@@H]2OCc2ccccc2)[C@@H](OCc2ccccc2)[C@H](OCc2ccccc2)[C@@H]1OCc1ccccc1,CCCCCCCCCCCCCCCC(=O)O[C@@H]1[C@H](OCc2ccccc2)[C@@H](OCc2ccccc2)[C@H](OCc2ccccc2)[C@@H](O[C@H]2O[C@H](COCc3ccccc3)[C@@H](O)[C@H](OCc3ccccc3)[C@H]2N=[N+]=[N-])[C@@H]1OCc1ccc(OC)cc1,CCCCCCCCCCCCCCCC(=O)O[C@@H]1[C@H](OCc2ccccc2)[C@@H](OCc2ccccc2)[C@H](OCc2ccccc2)[C@@H](O[C@H]2O[C@H](COCc3ccccc3)[C@@H](OC(C)=O)[C@H](OCc3ccccc3)[C@H]2N=[N+]=[N-])[C@@H]1OCc1ccc(OC)cc1,thioglycoside,60,61,60,61
SG-45986997cc2442d5,45986997cc2442d582ee92d9d917413fdb3cb43cfdcc8c8d57e32ddd96a2216c,911,31-013-CAS-20074838,911;912,31-013-CAS-20074838;31-013-CAS-17386196,2,Cc1ccc(S[C@H]2O[C@H](C)[C@@H](OCCCCCN(Cc3ccccc3)C(=O)OCc3ccccc3)[C@H](OC(=O)c3ccccc3)[C@@H]2OC(=O)c2ccccc2)cc1,CO[C@H]1O[C@H](C)[C@@H](N=[N+]=[N-])[C@H](OCc2ccccc2)[C@@H]1O[C@H]1O[C@H](C)[C@@H](N=[N+]=[N-])[C@H](OCc2ccccc2)[C@@H]1O[C@H]1O[C@H](C)[C@@H](N=[N+]=[N-])[C@H](OCc2ccccc2)[C@@H]1O[C@H]1O[C@H](C)[C@@H](N=[N+]=[N-])[C@H](OCc2ccccc2)[C@@H]1O[C@H]1O[C@H](C)[C@@H](N=[N+]=[N-])[C@H](OCc2ccccc2)[C@@H]1O[C@H]1O[C@H](C)[C@@H](N=[N+]=[N-])[C@H](OCc2ccccc2)[C@@H]1O,CO[C@H]1O[C@H](C)[C@@H](N=[N+]=[N-])[C@H](OCc2ccccc2)[C@@H]1O[C@H]1O[C@H](C)[C@@H](N=[N+]=[N-])[C@H](OCc2ccccc2)[C@@H]1O[C@H]1O[C@H](C)[C@@H](N=[N+]=[N-])[C@H](OCc2ccccc2)[C@@H]1O[C@H]1O[C@H](C)[C@@H](N=[N+]=[N-])[C@H](OCc2ccccc2)[C@@H]1O[C@H]1O[C@H](C)[C@@H](N=[N+]=[N-])[C@H](OCc2ccccc2)[C@@H]1O[C@H]1O[C@H](C)[C@@H](N=[N+]=[N-])[C@H](OCc2ccccc2)[C@@H]1OC(C)=O,thioglycoside,114,115,114,115
SG-45b65a9b0c2d742d,45b65a9b0c2d742ddda6659eb819a460099a10982863a74a17c81126d7e4c145,292,31-010-CAS-2359359,292,31-010-CAS-2359359,1,CC1=C(C)C(=O)N([C@H]2[C@H](OC(=N)C(Cl)(Cl)Cl)O[C@H](COCc3ccccc3)[C@@H](OC(=O)COc3ccccc3)[C@@H]2OCc2ccccc2)C1=O,CC1=C(C)C(=O)N([C@H]2[C@H](OCc3ccccc3)O[C@H](COCc3ccccc3)[C@@H](O)[C@@H]2OCc2ccccc2)C1=O,CC(=O)O[C@H]1[C@H](OCc2ccccc2)[C@@H](N2C(=O)C(C)=C(C)C2=O)[C@H](OCc2ccccc2)O[C@@H]1COCc1ccccc1,trichloroacetimidate,28,29,4,3
SG-45bdc4833c81f8d6,45bdc4833c81f8d6aff136b00329e0bfc43a4e3e8cd3c8a1c175833584d9ae18,618,31-614-CAS-38242450,618,31-614-CAS-38242450,1,CC(=O)CCC(=O)O[C@@H]1C(OC(=Nc2ccccc2)C(F)(F)F)O[C@@H](C)[C@H](OCc2ccccc2)[C@H]1OCc1ccc2ccccc2c1,CC(=O)N[C@H]1[C@@H](OCCCN(Cc2ccccc2)C(=O)OCc2ccccc2)O[C@H](COC(=O)c2ccccc2)[C@@H](O)[C@@H]1OCc1ccccc1,CC(=O)N[C@H]1[C@@H](OCCCN(Cc2ccccc2)C(=O)OCc2ccccc2)O[C@H](COC(=O)c2ccccc2)[C@@H](OC(C)=O)[C@@H]1OCc1ccccc1,trifluoroacetimidate,40,41,40,41
SG-462187409ae9ff39,462187409ae9ff39021a00a2854e78b50afbf1cf0eecd5a3181d4693d9af7e6a,884,31-013-CAS-9389396,884;885,31-013-CAS-9389396;31-013-CAS-3991023,2,CCCCCCCCCCCCS[C@@H]1O[C@H](COC(C)=O)[C@@H](OC(C)=O)[C@H](OC(C)=O)[C@H]1NC(=O)OCC(Cl)(Cl)Cl,[N-]=[N+]=N[C@H]1[C@@H]2OC[C@@H](O2)[C@@H](O)[C@@H]1OCc1ccccc1,CC(=O)O[C@H]1[C@H](OCc2ccccc2)[C@@H](N=[N+]=[N-])[C@@H]2OC[C@H]1O2,thioglycoside,9,10,4,3
SG-46e32a227de89bad,46e32a227de89baddc0af8606b263c4aba0a2d2a7216209aec51225ccdbd9bed,33,31-010-CAS-12467349,33,31-010-CAS-12467349,1,C[C@H]1O[C@H](OC(=N)C(Cl)(Cl)Cl)[C@H](OCc2ccccc2)[C@@H](OCc2ccccc2)[C@H]1N=[N+]=[N-],CC(=O)O[C@H]1[C@H](O)[C@@H](COCc2ccccc2)O[C@@H](O[C@H]2[C@H](OCc3ccccc3)[C@@H](OC(=O)c3ccccc3)[C@H](OCCCc3ccccc3)O[C@@H]2CO[Si](c2ccccc2)(c2ccccc2)C(C)(C)C)[C@@H]1N1C(=O)c2ccccc2C1=O,CC(=O)O[C@H]1[C@H](OC(C)=O)[C@@H](COCc2ccccc2)O[C@@H](O[C@H]2[C@H](OCc3ccccc3)[C@@H](OC(=O)c3ccccc3)[C@H](OCCCc3ccccc3)O[C@@H]2CO[Si](c2ccccc2)(c2ccccc2)C(C)(C)C)[C@@H]1N1C(=O)c2ccccc2C1=O,trichloroacetimidate,5,6,5,6
SG-46e730709cc935c2,46e730709cc935c2f27abe44bd869824401750153d1c0a3ca4841c6103102eb9,1347,31-614-CAS-38021989,1347,31-614-CAS-38021989,1,O=C(CCl)O[C@@H]1[C@H](OCc2ccccc2)[C@@H](N2C(=O)c3ccccc3C2=O)[C@H](Sc2ccccc2)O[C@@H]1CN1C(=O)c2ccccc2C1=O,CO[C@@H]1O[C@H](CN2C(=O)c3ccccc3C2=O)[C@H](O[C@@H]2O[C@H](CN3C(=O)c4ccccc4C3=O)[C@H](O[C@@H]3O[C@H](CN4C(=O)c5ccccc5C4=O)[C@H](O[C@@H]4O[C@H](CN5C(=O)c6ccccc6C5=O)[C@H](O)[C@H](OCc5ccccc5)[C@H]4N4C(=O)c5ccccc5C4=O)[C@H](OCc4ccccc4)[C@H]3N3C(=O)c4ccccc4C3=O)[C@H](OCc3ccccc3)[C@H]2N2C(=O)c3ccccc3C2=O)[C@H](OCc2ccccc2)[C@H]1N1C(=O)c2ccccc2C1=O,CO[C@@H]1O[C@H](CN2C(=O)c3ccccc3C2=O)[C@H](O[C@@H]2O[C@H](CN3C(=O)c4ccccc4C3=O)[C@H](O[C@@H]3O[C@H](CN4C(=O)c5ccccc5C4=O)[C@H](O[C@@H]4O[C@H](CN5C(=O)c6ccccc6C5=O)[C@H](OC(C)=O)[C@H](OCc5ccccc5)[C@H]4N4C(=O)c5ccccc5C4=O)[C@H](OCc4ccccc4)[C@H]3N3C(=O)c4ccccc4C3=O)[C@H](OCc3ccccc3)[C@H]2N2C(=O)c3ccccc3C2=O)[C@H](OCc2ccccc2)[C@H]1N1C(=O)c2ccccc2C1=O,thioglycoside,68,69,68,69
SG-46f87bbefef5d5cd,46f87bbefef5d5cd6a1cadf58a315fb8de9e04efd12f6b548e8781f70de793db,492,31-010-CAS-3883933,492,31-010-CAS-3883933,1,CC(C)(C)C(=O)O[C@@H]1[C@@H](O[C@@H]2[C@@H](OC[C@H]3O[C@H](OC(=N)C(Cl)(Cl)Cl)[C@@H](OCc4ccccc4)[C@@H](OCc4ccccc4)[C@@H]3OCc3ccccc3)O[C@H](COCc3ccccc3)[C@@H](OCc3ccccc3)[C@@H]2OCc2ccccc2)O[C@H](COCc2ccccc2)[C@@H](OCc2ccccc2)[C@@H]1OCc1ccccc1,CC(C)[Si]1(C(C)C)O[C@H]2[C@H]3O[C@@]4(C[C@@H]5CC[C@@]4(C)C5(C)C)O[C@H]3[C@H](O[C@H]3O[C@H](COCc4ccccc4)[C@@H](O)[C@H](OCc4ccccc4)[C@H]3N=[N+]=[N-])[C@@H](O)[C@@H]2O[Si](C(C)C)(C(C)C)O1,CC(=O)O[C@H]1[C@H](OCc2ccccc2)[C@@H](N=[N+]=[N-])[C@@H](O[C@@H]2[C@@H](O)[C@@H]3O[Si](C(C)C)(C(C)C)O[Si](C(C)C)(C(C)C)O[C@H]3[C@H]3O[C@@]4(C[C@@H]5CC[C@@]4(C)C5(C)C)O[C@H]32)O[C@@H]1COCc1ccccc1,trichloroacetimidate,37,38,4,3
SG-46fe615f69067145,46fe615f69067145a656145703990e4b76a4078fb36adc91e8699adb9cc17459,1507,31-013-CAS-303473,1507;1508;1509,31-013-CAS-303473;31-013-CAS-10411776;31-013-CAS-7376345,3,O=C(CCl)O[C@H]1[C@@H]2OC(=O)N(Cc3ccccc3)[C@H]2[C@H](Sc2ccccc2)O[C@@H]1COCc1ccccc1,COc1ccc(O[C@@H]2O[C@H](COCc3ccccc3)[C@@H](O)[C@H](OCc3ccccc3)[C@H]2N2C(=O)c3ccccc3C2=O)cc1,COc1ccc(O[C@@H]2O[C@H](COCc3ccccc3)[C@@H](OC(C)=O)[C@H](OCc3ccccc3)[C@H]2N2C(=O)c3ccccc3C2=O)cc1,thioglycoside,19,20,19,20
SG-474287c136a308ba,474287c136a308ba70f524d6bec4eaa4787bfa247bea9625a7ce5246c1b50043,350,31-010-CAS-21359650,350;351,31-010-CAS-21359650;31-010-CAS-1116469,2,COC(=O)[C@H]1OC(OC(=N)C(Cl)(Cl)Cl)[C@H](OCc2ccccc2)[C@@H](OCc2ccccc2)[C@@H]1O[C@H]1O[C@H](COCc2ccc(OC)cc2)[C@@H](OCc2ccccc2)[C@H](OCc2ccccc2)[C@H]1NC=C1C(=O)N(C)C(=O)N(C)C1=O,COc1ccc(CO[C@H]2[C@H](O)[C@@H](COc3ccc(OC)cc3)O[C@@H](O[Si](c3ccccc3)(c3ccccc3)C(C)(C)C)[C@@H]2N=[N+]=[N-])cc1,COc1ccc(CO[C@@H]2[C@@H](N=[N+]=[N-])[C@H](O[Si](c3ccccc3)(c3ccccc3)C(C)(C)C)O[C@H](COc3ccc(OC)cc3)[C@H]2OC(C)=O)cc1,trichloroacetimidate,9,10,44,45
SG-4748ccfab6bdf0e4,4748ccfab6bdf0e4792ddb47d1f60489a0314060caea2d33bddf8c96ee70cbdb,658,31-013-CAS-20074832,658;659,31-013-CAS-20074832;31-013-CAS-17381410,2,CC(=O)O[C@H]1[C@@H](OCc2ccccc2)[C@H](N=[N+]=[N-])[C@@H](C)O[C@@H]1Sc1ccc(C)cc1,CO[C@H]1O[C@H](C)[C@@H](N=[N+]=[N-])[C@H](OCc2ccccc2)[C@@H]1O[C@H]1O[C@H](C)[C@@H](N=[N+]=[N-])[C@H](OCc2ccccc2)[C@@H]1O[C@H]1O[C@H](C)[C@@H](N=[N+]=[N-])[C@H](OCc2ccccc2)[C@@H]1O,CO[C@H]1O[C@H](C)[C@@H](N=[N+]=[N-])[C@H](OCc2ccccc2)[C@@H]1O[C@H]1O[C@H](C)[C@@H](N=[N+]=[N-])[C@H](OCc2ccccc2)[C@@H]1O[C@H]1O[C@H](C)[C@@H](N=[N+]=[N-])[C@H](OCc2ccccc2)[C@@H]1OC(C)=O,thioglycoside,57,58,57,58
SG-476aec4949bdc6a8,476aec4949bdc6a8c2e06a02f550d2704643d65c314c5b1eff15c41f64dcef43,137,31-010-CAS-245058,137,31-010-CAS-245058,1,CC(=O)CCC(=O)O[C@H]1C(OC(=N)C(Cl)(Cl)Cl)O[C@H](C(=O)OCc2ccccc2)[C@@H](OCc2ccccc2)[C@@H]1OCc1ccccc1,C=CCO[C@@H]1O[C@@H](C)[C@@H](O)[C@@H](OC(C)=O)[C@@H]1N=[N+]=[N-],C=CCO[C@@H]1O[C@@H](C)[C@@H](OC(C)=O)[C@@H](OC(C)=O)[C@@H]1N=[N+]=[N-],trichloroacetimidate,8,9,8,9
SG-476d868baae7d30b,476d868baae7d30b662b35d14677cae20b3635a7308d9c1f9b05eb4754381aba,546,31-010-CAS-12994226,546,31-010-CAS-12994226,1,CC[Si](CC)(CC)O[C@@H]1C(OC(=N)C(Cl)(Cl)Cl)O[C@H](CO[C@H]2O[C@H](COCc3ccc(OC)cc3)[C@@H](OCc3ccc(OC)cc3)[C@H](OCc3ccc(OC)cc3)[C@@H]2O[C@H]2O[C@H](CO[Si](C)(C)C(C)(C)C)[C@@H](OCc3ccc(OC)cc3)[C@H](OCc3ccc(OC)cc3)[C@@H]2OCc2ccc(OC)cc2)[C@@H](OCc2ccc(OC)cc2)[C@@H]1OCc1ccc(OC)cc1,CCCCCCCC/C=C\CCCCCCCC(=O)OC[C@@H](COP(=O)(OCCC#N)O[C@@H]1[C@H](OCc2ccc(OC)cc2)[C@H](OCc2ccc(OC)cc2)[C@@H](OCc2ccc(OC)cc2)[C@H](OCc2ccc(OC)cc2)[C@H]1O[C@H]1O[C@H](COCc2ccc(OC)cc2)[C@@H](O)[C@H](OCc2ccc(OC)cc2)[C@H]1N=[N+]=[N-])OC(=O)CCCCCCC/C=C\CCCCCCCC,CCCCCCCC/C=C\CCCCCCCC(=O)OC[C@@H](COP(=O)(OCCC#N)O[C@@H]1[C@H](OCc2ccc(OC)cc2)[C@H](OCc2ccc(OC)cc2)[C@@H](OCc2ccc(OC)cc2)[C@H](OCc2ccc(OC)cc2)[C@H]1O[C@H]1O[C@H](COCc2ccc(OC)cc2)[C@@H](OC(C)=O)[C@H](OCc2ccc(OC)cc2)[C@H]1N=[N+]=[N-])OC(=O)CCCCCCC/C=C\CCCCCCCC,trichloroacetimidate,93,94,93,94
SG-47b6e338b21a8da3,47b6e338b21a8da3879f1e506d5f201bd8834b31c8f4135e06cd6dcf74a76779,121,31-010-CAS-13012645,121,31-010-CAS-13012645,1,COC(=O)[C@H]1OC(OC(=N)C(Cl)(Cl)Cl)[C@H](OC(=O)C(C)(C)CCOC(C)=O)[C@@H](OCc2ccccc2)[C@@H]1OCc1ccc2ccccc2c1,CC(=O)CCC(=O)OC[C@H]1O[C@H](OCCCCCN(Cc2ccccc2)C(=O)OCc2ccccc2)[C@H](N=[N+]=[N-])[C@@H](OCc2ccccc2)[C@@H]1O,CC(=O)CCC(=O)OC[C@H]1O[C@H](OCCCCCN(Cc2ccccc2)C(=O)OCc2ccccc2)[C@H](N=[N+]=[N-])[C@@H](OCc2ccccc2)[C@@H]1OC(C)=O,trichloroacetimidate,49,50,49,50
SG-47db3578d99af282,47db3578d99af2824ff6fad3ee85d324380a04a929977eab11c6d2f3d8b33216,1268,31-013-CAS-1585686,1268;1269,31-013-CAS-1585686;31-013-CAS-7643019,2,CCS[C@@H]1O[C@@H]2CO[C@@H](c3ccccc3)O[C@H]2[C@H](OCc2ccc(OC)cc2)[C@H]1OC(C)=O,O=C1c2ccccc2C(=O)N1[C@H]1[C@H](OCc2ccccc2)O[C@H](COCc2ccccc2)[C@@H](O)[C@@H]1OCc1ccccc1,CC(=O)O[C@H]1[C@H](OCc2ccccc2)[C@@H](N2C(=O)c3ccccc3C2=O)[C@H](OCc2ccccc2)O[C@@H]1COCc1ccccc1,thioglycoside,32,33,4,3
SG-4852788ab8680188,4852788ab86801881c1ca365d42e9bd4240eb2b8f1242b53d286694e4be7e3ce,942,31-013-CAS-13870844,942,31-013-CAS-13870844,1,CC(C)(C)OC(=O)[C@@H]1O[C@@H](Sc2ccccc2)[C@H](OC(=O)c2ccccc2)[C@@H](OCc2ccccc2)[C@@H]1OCc1ccccc1,CO[C@H]1O[C@H](COCc2ccccc2)[C@@H](O)[C@H](OCc2ccccc2)[C@H]1NC(=O)OCc1ccccc1,CO[C@H]1O[C@H](COCc2ccccc2)[C@@H](OC(C)=O)[C@H](OCc2ccccc2)[C@H]1NC(=O)OCc1ccccc1,thioglycoside,14,15,14,15
SG-48aa0f0f79812669,48aa0f0f79812669c0665a7cc78ca071f047dc457fa7ce8da479c7b87809d1e4,196,31-010-CAS-7819517,196,31-010-CAS-7819517,1,CC(=O)OC[C@H]1O[C@H](OC(=N)C(Cl)(Cl)Cl)[C@H](OC(C)=O)[C@@H](OC(C)=O)[C@@H]1OC(C)=O,CO[C@@H]1O[C@H](COCc2ccccc2)[C@@H](O)[C@H](O[C@@H]2O[C@@H](C)[C@@H](OC(C)=O)[C@@H](OC(C)=O)[C@@H]2OC(C)=O)[C@H]1NC(C)=O,CO[C@@H]1O[C@H](COCc2ccccc2)[C@@H](OC(C)=O)[C@H](O[C@@H]2O[C@@H](C)[C@@H](OC(C)=O)[C@@H](OC(C)=O)[C@@H]2OC(C)=O)[C@H]1NC(C)=O,trichloroacetimidate,14,15,14,15
SG-48c8faad188560c7,48c8faad188560c7d53f1eedad0c604003860203b5420c3080fd28343fe1f47d,1169,31-013-CAS-12308870,1169,31-013-CAS-12308870,1,CCS[C@@H]1O[C@@H]2CO[C@@H](c3ccccc3)O[C@H]2C[C@H]1NC(=O)OCC(Cl)(Cl)Cl,CC(=O)N[C@H]1[C@@H](OCc2ccccc2)O[C@H](COCc2ccccc2)[C@@H](O)[C@@H]1O[C@H](C)C(=O)OCCS(=O)(=O)c1ccccc1,CC(=O)N[C@H]1[C@@H](OCc2ccccc2)O[C@H](COCc2ccccc2)[C@@H](OC(C)=O)[C@@H]1O[C@H](C)C(=O)OCCS(=O)(=O)c1ccccc1,thioglycoside,25,26,25,26
SG-494cb613285c1c65,494cb613285c1c65dcb753f40a659b0c6067482c59009acdb1a3eae926a979d3,74,31-010-CAS-8524792,74,31-010-CAS-8524792,1,CC(=O)O[C@H]1[C@H](OCc2ccccc2)[C@H](OC(=N)C(Cl)(Cl)Cl)O[C@@H](C)[C@H]1OC(C)=O,CC(=O)OC[C@H]1O[C@@H](O[Si](C)(C)C(C)(C)C(C)C)[C@H](N=[N+]=[N-])[C@@H](O[C@@H]2O[C@H](COC(C)=O)[C@@H]3OC(C)(C)O[C@@H]3[C@H]2O)[C@@H]1O,CC(=O)OC[C@H]1O[C@@H](O[C@@H]2[C@@H](N=[N+]=[N-])[C@H](O[Si](C)(C)C(C)(C)C(C)C)O[C@H](COC(C)=O)[C@H]2OC(C)=O)[C@H](O)[C@H]2OC(C)(C)O[C@H]21,trichloroacetimidate,41,42,32,33
SG-496ba8a791fbccda,496ba8a791fbccda6e1c583627457f2bbd17960d6d89e520c48922a87b4a8cc0,1372,31-013-CAS-2565194,1372,31-013-CAS-2565194,1,CC(=O)CCC(=O)O[C@@H]1[C@@H](OCc2ccc3ccccc3c2)[C@@H]2O[C@H](c3ccccc3)OC[C@H]2O[C@H]1Sc1ccc(C)cc1,CC(C)(C)[Si](C)(C)O[C@@H]1O[C@H](COCc2ccccc2)[C@@H](O)[C@H](OCc2ccccc2)[C@H]1N1C(=O)c2ccccc2C1=O,CC(=O)O[C@H]1[C@H](OCc2ccccc2)[C@@H](N2C(=O)c3ccccc3C2=O)[C@H](O[Si](C)(C)C(C)(C)C)O[C@@H]1COCc1ccccc1,thioglycoside,20,21,4,3
SG-4a186c09e1e5d27a,4a186c09e1e5d27aea371c73202d66fcd02d56436cbb4033a6077f248a34fc35,133,31-010-CAS-16630697,133,31-010-CAS-16630697,1,CC(=O)OC[C@H]1OC(OC(=N)C(Cl)(Cl)Cl)[C@H](OCc2ccccc2)[C@@H](OCc2ccccc2)[C@H]1OC(C)=O,[N-]=[N+]=N[C@H]1[C@H](OCCCCCCCl)O[C@H](COCc2ccccc2)[C@H](O)[C@@H]1OCc1ccccc1,CC(=O)O[C@@H]1[C@H](OCc2ccccc2)[C@@H](N=[N+]=[N-])[C@H](OCCCCCCCl)O[C@@H]1COCc1ccccc1,trichloroacetimidate,24,25,4,3
SG-4a5ed382c2ac06a7,4a5ed382c2ac06a74ce752d685d20ccc54e779a8182880b3dce552cffedf95fa,612,31-010-CAS-19353803,612,31-010-CAS-19353803,1,CC(C)[Si](O[C@@H]1[C@H](OC(=Nc2ccccc2)C(F)(F)F)O[C@@H](C)[C@@H](OC(=O)c2ccccc2)[C@H]1OC(=O)c1ccccc1)(C(C)C)C(C)C,CC(=O)OC[C@H]1O[C@@H](O[C@H]2[C@H](O)[C@@H](CO[Si](c3ccccc3)(c3ccccc3)C(C)(C)C)O[C@@H](Oc3ccc(OCCCl)cc3)[C@@H]2NC(=O)C(F)(F)F)[C@H](OC(C)=O)[C@@H](OC(C)=O)[C@H]1OC(C)=O,CC(=O)OC[C@H]1O[C@@H](O[C@@H]2[C@@H](NC(=O)C(F)(F)F)[C@H](Oc3ccc(OCCCl)cc3)O[C@H](CO[Si](c3ccccc3)(c3ccccc3)C(C)(C)C)[C@H]2OC(C)=O)[C@H](OC(C)=O)[C@@H](OC(C)=O)[C@H]1OC(C)=O,trifluoroacetimidate,10,11,51,52
SG-4a9ede558ceed73c,4a9ede558ceed73c1b0c77f422ba8b6c4b41b7712125a1dedb84547fe53f25d5,1103,31-614-CAS-35394448,1103,31-614-CAS-35394448,1,Cc1ccc(S[C@@H]2O[C@H](COC(=O)CCl)[C@@H](O[C@H]3O[C@H](CO[Si](c4ccccc4)(c4ccccc4)C(C)(C)C)[C@@H](OCc4ccccc4)[C@H](OCc4ccc5ccccc5c4)[C@H]3N=[N+]=[N-])[C@H](OCc3ccccc3)[C@H]2OC(=O)c2ccccc2)cc1,CC(C)(C)[Si](OC[C@H]1O[C@H](O[C@H]2[C@H](OCc3ccccc3)[C@@H](OC(=O)c3ccccc3)[C@H](OCCCNC(=O)OCc3ccccc3)O[C@@H]2COC(=O)CCl)[C@H](N=[N+]=[N-])[C@@H](OCc2ccc3ccccc3c2)[C@@H]1O)(c1ccccc1)c1ccccc1,CC(=O)O[C@H]1[C@H](OCc2ccc3ccccc3c2)[C@@H](N=[N+]=[N-])[C@@H](O[C@H]2[C@H](OCc3ccccc3)[C@@H](OC(=O)c3ccccc3)[C@H](OCCCNC(=O)OCc3ccccc3)O[C@@H]2COC(=O)CCl)O[C@@H]1CO[Si](c1ccccc1)(c1ccccc1)C(C)(C)C,thioglycoside,72,73,4,3
SG-4aa6fe26163da39d,4aa6fe26163da39d7211298847cf98e340c69ff5e2c9eab7804ed86e80cd7e29,422,31-010-CAS-21359658,422;423,31-010-CAS-21359658;31-010-CAS-9917911,2,COC(=O)[C@H]1OC(OC(=N)C(Cl)(Cl)Cl)[C@H](OCc2ccccc2)[C@@H](OCc2ccccc2)[C@@H]1O[C@H]1O[C@H](COCc2ccc(OC)cc2)[C@@H](OCc2ccccc2)[C@H](OCc2ccccc2)[C@H]1N=[N+]=[N-],COc1ccc(CO[C@H]2[C@H](O)[C@@H](COc3ccc(OC)cc3)O[C@@H](O[Si](c3ccccc3)(c3ccccc3)C(C)(C)C)[C@@H]2N=[N+]=[N-])cc1,COc1ccc(CO[C@@H]2[C@@H](N=[N+]=[N-])[C@H](O[Si](c3ccccc3)(c3ccccc3)C(C)(C)C)O[C@H](COc3ccc(OC)cc3)[C@H]2OC(C)=O)cc1,trichloroacetimidate,9,10,44,45
SG-4b17dc1b9434ac62,4b17dc1b9434ac6226c591a521a3d71cf671c6d732613c29ccd964db2d720b4d,599,31-614-CAS-24250583,599,31-614-CAS-24250583,1,CC(=O)OC[C@H]1OC(OC(=Nc2ccccc2)C(F)(F)F)[C@H](NC(=O)OCC(Cl)(Cl)Cl)[C@@H](OC(C)=O)[C@H]1OC(C)=O,CC(C)C(C)(C)[Si](C)(C)O[C@@H]1O[C@H](COCc2ccccc2)[C@@H](O)[C@H](OCc2ccc3ccccc3c2)[C@H]1N=[N+]=[N-],CC(=O)O[C@H]1[C@H](OCc2ccc3ccccc3c2)[C@@H](N=[N+]=[N-])[C@H](O[Si](C)(C)C(C)(C)C(C)C)O[C@@H]1COCc1ccccc1,trifluoroacetimidate,22,23,4,3
SG-4b19675997e2c54d,4b19675997e2c54d8e9330a0f8f58a16aaa442df9bb606126ff0d781ce934be8,1192,31-013-CAS-4659620,1192,31-013-CAS-4659620,1,CC(=O)O[C@H]1[C@H](OCc2ccccc2)[C@@H](N2C(=O)c3ccccc3C2=O)[C@H](Sc2ccccc2)O[C@@H]1COCc1ccccc1,O=C1c2ccccc2C(=O)N1[C@H]1[C@H](OCc2ccccc2)O[C@H](COCc2ccccc2)[C@@H](O)[C@@H]1OCc1ccccc1,CC(=O)O[C@H]1[C@H](OCc2ccccc2)[C@@H](N2C(=O)c3ccccc3C2=O)[C@H](OCc2ccccc2)O[C@@H]1COCc1ccccc1,thioglycoside,32,33,4,3
SG-4b4049f881c0b4fb,4b4049f881c0b4fb36879f62a766e1f37a2472df7dddcf7f6a805a7be5acc004,951,31-301-CAS-14974848,951,31-301-CAS-14974848,1,O=S(c1ccccc1)[C@H]1O[C@@H]2CO[C@@H](c3ccccc3)O[C@H]2[C@H](OCc2ccccc2)[C@@H]1OCc1ccccc1,CO[C@H]1O[C@H](COCc2ccccc2)[C@@H](O)[C@H](OCc2ccccn2)[C@H]1NC(C)=O,CO[C@H]1O[C@H](COCc2ccccc2)[C@@H](OC(C)=O)[C@H](OCc2ccccn2)[C@H]1NC(C)=O,thioglycoside,14,15,14,15
SG-4b7f6867176e447c,4b7f6867176e447cb73e2a15a03ab9cf4e7d245495f3a1b7dd5a03dd19ef9f72,98,31-010-CAS-19796378,98,31-010-CAS-19796378,1,CC(=O)OC[C@H]1O[C@H](OC(=N)C(Cl)(Cl)Cl)[C@H](OC(C)=O)[C@@H](OC(C)=O)[C@H]1OC(C)=O,CC(C)(C)[Si](OC[C@H]1O[C@@H](OCc2ccccc2)[C@H](N2C(=O)c3ccccc3C2=O)[C@@H](O)[C@@H]1O)(c1ccccc1)c1ccccc1,CC(=O)O[C@H]1[C@H](O)[C@@H](N2C(=O)c3ccccc3C2=O)[C@H](OCc2ccccc2)O[C@@H]1CO[Si](c1ccccc1)(c1ccccc1)C(C)(C)C,trichloroacetimidate,32,33,4,3
SG-4bc2326eade1addd,4bc2326eade1addd94b00afbeb3eda6e11244b751b07bb1c695809e03cfcab72,1532,31-614-CAS-41884159,1532;1533,31-614-CAS-41884159;31-614-CAS-37959480,2,COC(=O)[C@@H]1O[C@@H](Sc2ccccc2)[C@H](OC(=O)CCC(C)=O)[C@@H](OCc2ccccc2)[C@@H]1O[C@H]1O[C@H](CO[Si](c2ccccc2)(c2ccccc2)C(C)(C)C)[C@@H](OC(=O)c2ccccc2)[C@H](OCc2ccccc2)[C@H]1N=[N+]=[N-],COC(=O)[C@@H]1O[C@@H](OCCCCCN(Cc2ccccc2)C(=O)OCc2ccc(CCC(F)(F)C(F)(F)C(F)(F)C(F)(F)C(F)(F)C(F)(F)C(F)(F)C(F)(F)F)cc2)[C@H](OC(=O)c2ccccc2)[C@@H](OCc2ccccc2)[C@@H]1O[C@H]1O[C@H](COCc2ccc3ccccc3c2)[C@@H](O)[C@H](OCc2ccccc2)[C@H]1NC(=O)C(F)(F)F,COC(=O)[C@@H]1O[C@@H](OCCCCCN(Cc2ccccc2)C(=O)OCc2ccc(CCC(F)(F)C(F)(F)C(F)(F)C(F)(F)C(F)(F)C(F)(F)C(F)(F)C(F)(F)F)cc2)[C@H](OC(=O)c2ccccc2)[C@@H](OCc2ccccc2)[C@@H]1O[C@H]1O[C@H](COCc2ccc3ccccc3c2)[C@@H](OC(C)=O)[C@H](OCc2ccccc2)[C@H]1NC(=O)C(F)(F)F,thioglycoside,95,96,95,96
SG-4bffdb1f0675a58a,4bffdb1f0675a58aec9eac04044858c0113bc785bde0c47d25818bdb9cdb2214,1228,31-013-CAS-13431087,1228,31-013-CAS-13431087,1,COC(=O)[C@@]1(O[C@H]2[C@@H](OC(=O)c3ccccc3)[C@@H](COC(=O)c3ccccc3)O[C@@H](SC)[C@@H]2OC(=O)c2ccccc2)C[C@H](OC(C)=O)[C@@H](NC(C)=O)[C@H]([C@H](OC(C)=O)[C@@H](COC(C)=O)OC(C)=O)O1,CC(=O)N[C@H]1[C@H](O[C@H]2[C@@H](OCc3ccccc3)[C@@H](COCc3ccccc3)O[C@@H](OCC[Si](C)(C)C)[C@@H]2OCc2ccccc2)O[C@H](COCc2ccccc2)[C@@H](O)[C@@H]1O[C@@H]1O[C@@H](C)[C@@H](OCc2ccccc2)[C@@H](OCc2ccccc2)[C@@H]1OCc1ccccc1,CC(=O)N[C@H]1[C@H](O[C@H]2[C@@H](OCc3ccccc3)[C@@H](COCc3ccccc3)O[C@@H](OCC[Si](C)(C)C)[C@@H]2OCc2ccccc2)O[C@H](COCc2ccccc2)[C@@H](OC(C)=O)[C@@H]1O[C@@H]1O[C@@H](C)[C@@H](OCc2ccccc2)[C@@H](OCc2ccccc2)[C@@H]1OCc1ccccc1,thioglycoside,56,57,56,57
SG-4c5224af2a7b0181,4c5224af2a7b0181a381f8db315c554deadc0ed9cc97f54fe6b216ddc901f649,1006,31-013-CAS-15095112,1006,31-013-CAS-15095112,1,O=C(CCl)O[C@H]1[C@H]2O[C@@H](c3ccccc3)OC[C@H]2O[C@@H](Sc2ccccc2)[C@@H]1OC(=O)c1ccccc1,C[Si](C)(C)CCO[C@@H]1O[C@H](COCc2ccccc2)[C@@H](O)[C@H](OC(=O)CCl)[C@H]1NC(=O)OCC(Cl)(Cl)Cl,CC(=O)O[C@H]1[C@H](OC(=O)CCl)[C@@H](NC(=O)OCC(Cl)(Cl)Cl)[C@H](OCC[Si](C)(C)C)O[C@@H]1COCc1ccccc1,thioglycoside,19,20,4,3
SG-4c6b070c950ffefe,4c6b070c950ffefe571e243e0ba8be49e5c40d42d4c65ec8fde5b8f1e8bf1527,4,31-010-CAS-11496791,4,31-010-CAS-11496791,1,N=C(OC1O[C@@H]2CO[C@@H](c3ccccc3)O[C@H]2[C@H](OCc2ccccc2)[C@H]1NC(=O)OCC(Cl)(Cl)Cl)C(Cl)(Cl)Cl,C=CCO[C@H]1O[C@H](COCc2ccccc2)[C@@H](O)[C@H](O[C@H](C)C(=O)OCc2ccccc2)[C@H]1NC(=O)OCC(Cl)(Cl)Cl,C=CCO[C@H]1O[C@H](COCc2ccccc2)[C@@H](OC(C)=O)[C@H](O[C@H](C)C(=O)OCc2ccccc2)[C@H]1NC(=O)OCC(Cl)(Cl)Cl,trichloroacetimidate,16,17,16,17
SG-4ca635d33e474ac7,4ca635d33e474ac7c5933cb8a943f65c80b3c529f3a4267a34883747ec3889ff,264,31-010-CAS-6108248,264,31-010-CAS-6108248,1,CC(=O)O[C@@H]1[C@@H](OC(=N)C(Cl)(Cl)Cl)O[C@H](CO[Si](C(C)C)(C(C)C)C(C)C)[C@@H](OCc2ccccc2)[C@@H]1OCc1ccccc1,CC1(C)O[C@@H]2[C@H](OCc3ccccc3)[C@@H](OCc3ccccc3)[C@H](OCc3ccccc3)[C@@H](O[C@@H]3O[C@H](COCc4ccccc4)[C@@H](O)[C@H](OCc4ccccc4)[C@H]3N=[N+]=[N-])[C@@H]2O1,CC(=O)O[C@H]1[C@H](OCc2ccccc2)[C@@H](N=[N+]=[N-])[C@H](O[C@@H]2[C@@H](OCc3ccccc3)[C@H](OCc3ccccc3)[C@@H](OCc3ccccc3)[C@H]3OC(C)(C)O[C@@H]23)O[C@@H]1COCc1ccccc1,trichloroacetimidate,46,47,4,3
SG-4ce24d290aeb40f0,4ce24d290aeb40f03edcac91dc0b5e372801fe7b04a051347116b78fc57bdef2,540,31-010-CAS-14143291,540,31-010-CAS-14143291,1,CC(=O)OC[C@H]1O[C@H](O[C@H]2[C@H](OCc3ccccc3)[C@@H](OC(=O)c3ccccc3)C(OC(=N)C(Cl)(Cl)Cl)O[C@@H]2COC(=O)CCl)[C@H](N=[N+]=[N-])[C@@H](OCc2ccccc2)[C@@H]1OC(=O)OCC1c2ccccc2-c2ccccc21,COc1ccc(O[C@@H]2O[C@@H](COC(=O)CCl)[C@@H](O[C@H]3O[C@H](COC(C)=O)[C@@H](O[C@@H]4O[C@@H](COC(=O)CCl)[C@@H](O[C@H]5O[C@H](COC(C)=O)[C@@H](O)[C@H](OCc6ccccc6)[C@H]5N=[N+]=[N-])[C@H](OCc5ccccc5)[C@H]4OC(=O)c4ccccc4)[C@H](OCc4ccccc4)[C@H]3N=[N+]=[N-])[C@H](OCc3ccccc3)[C@H]2OC(=O)c2ccccc2)cc1,COc1ccc(O[C@@H]2O[C@@H](COC(=O)CCl)[C@@H](O[C@H]3O[C@H](COC(C)=O)[C@@H](O[C@@H]4O[C@@H](COC(=O)CCl)[C@@H](O[C@H]5O[C@H](COC(C)=O)[C@@H](OC(C)=O)[C@H](OCc6ccccc6)[C@H]5N=[N+]=[N-])[C@H](OCc5ccccc5)[C@H]4OC(=O)c4ccccc4)[C@H](OCc4ccccc4)[C@H]3N=[N+]=[N-])[C@H](OCc3ccccc3)[C@H]2OC(=O)c2ccccc2)cc1,trichloroacetimidate,47,48,47,48
SG-4cfac9caf86fc86c,4cfac9caf86fc86c15b4a532022bab538c9418578aef3bae2be0f668529798c9,1117,31-013-CAS-16968435,1117,31-013-CAS-16968435,1,CC(=O)OC[C@H]1O[C@@H](Sc2ccc(C)cc2)[C@H](NC(=O)OCC(Cl)(Cl)Cl)[C@@H](OC(C)=O)[C@@H]1OC(C)=O,CC(=O)N[C@H]1[C@@H](OCc2ccccc2)O[C@H](COC(C)=O)[C@@H](O)[C@@H]1O[C@H](C)C(=O)N[C@@H](C)C(=O)OCC[Si](C)(C)C,CC(=O)N[C@H]1[C@@H](OCc2ccccc2)O[C@H](COC(C)=O)[C@@H](OC(C)=O)[C@@H]1O[C@H](C)C(=O)N[C@@H](C)C(=O)OCC[Si](C)(C)C,thioglycoside,21,22,21,22
SG-4d0c83a57eb17a17,4d0c83a57eb17a176835870946923d7822a33a0740c8c10fa6e8cb9eb485a639,1045,31-013-CAS-7954210,1045,31-013-CAS-7954210,1,CCS[C@@H]1O[C@@H](C(=O)OC)[C@@H](O[C@H]2O[C@H](COC(C)=O)[C@@H](OC(=O)CCC(C)=O)[C@H](OCc3ccccc3)[C@H]2N=[N+]=[N-])[C@H](OCc2ccccc2)[C@H]1OC(=O)c1ccccc1,CO[C@H]1O[C@H](COCc2ccccc2)[C@@H](O)[C@H](OCc2ccccc2)[C@H]1NC(=O)OCc1ccccc1,CO[C@H]1O[C@H](COCc2ccccc2)[C@@H](OC(C)=O)[C@H](OCc2ccccc2)[C@H]1NC(=O)OCc1ccccc1,thioglycoside,14,15,14,15
SG-4d58cb2b407f8eed,4d58cb2b407f8eed7c03407442bdd40a0909f1cd6b6e56b0b11f9759464b2303,1413,31-013-CAS-15393474,1413,31-013-CAS-15393474,1,CC(=O)OC[C@H]1O[C@@H](Sc2ccc(C)cc2)[C@H](N2C(=O)c3ccccc3C2=O)[C@@H](OC(C)=O)[C@@H]1OC(C)=O,CC(=O)O[C@H]1[C@H](O)[C@@H](COCc2ccccc2)O[C@@H](Sc2ccc(C)cc2)[C@@H]1N1C(=O)c2ccccc2C1=O,CC(=O)O[C@H]1[C@H](OC(C)=O)[C@@H](COCc2ccccc2)O[C@@H](Sc2ccc(C)cc2)[C@@H]1N1C(=O)c2ccccc2C1=O,thioglycoside,5,6,5,6
SG-4daa7607395bdbd3,4daa7607395bdbd3ba6dff35844db9f0a30d423d70cfc99e38e546a90995aadf,211,31-010-CAS-16419863,211,31-010-CAS-16419863,1,C[C@@H]1O[C@H](OC(=N)C(Cl)(Cl)Cl)[C@@H](OCc2ccccc2)[C@H](OCc2ccccc2)[C@@H]1OCc1ccccc1,CC(=O)N[C@H]1[C@H](OCCCNC(=O)C(F)(F)F)O[C@H](COCc2ccccc2)[C@@H](O)[C@@H]1O[C@@H]1O[C@H](COC(C)=O)[C@H](OC(C)=O)[C@H](O[C@H]2O[C@H](COC(C)=O)[C@H](OC(C)=O)[C@H](OC(C)=O)[C@H]2OC(C)=O)[C@H]1O[C@@H]1O[C@@H](C)[C@@H](OC(C)=O)[C@@H](OC(C)=O)[C@@H]1OC(C)=O,CC(=O)N[C@H]1[C@H](OCCCNC(=O)C(F)(F)F)O[C@H](COCc2ccccc2)[C@@H](OC(C)=O)[C@@H]1O[C@@H]1O[C@H](COC(C)=O)[C@H](OC(C)=O)[C@H](O[C@H]2O[C@H](COC(C)=O)[C@H](OC(C)=O)[C@H](OC(C)=O)[C@H]2OC(C)=O)[C@H]1O[C@@H]1O[C@@H](C)[C@@H](OC(C)=O)[C@@H](OC(C)=O)[C@@H]1OC(C)=O,trichloroacetimidate,28,29,28,29
SG-4e1b77b26397cb99,4e1b77b26397cb992b6967551262095aef9dac67d8cbf9d94892c68a3fb108c6,1543,31-614-CAS-41884456,1543;1544,31-614-CAS-41884456;31-614-CAS-37959617,2,COC(=O)[C@@H]1O[C@@H](Sc2ccccc2)[C@H](OC(=O)CCC(C)=O)[C@@H](OCc2ccccc2)[C@@H]1O[C@H]1O[C@H](CO[Si](c2ccccc2)(c2ccccc2)C(C)(C)C)[C@@H](OC(=O)c2ccccc2)[C@H](OCc2ccccc2)[C@H]1N=[N+]=[N-],COC(=O)[C@@H]1O[C@@H](OCCCCCN(Cc2ccccc2)C(=O)OCc2ccc(CCC(F)(F)C(F)(F)C(F)(F)C(F)(F)C(F)(F)C(F)(F)F)cc2)[C@H](OC(=O)OCC2c3ccccc3-c3ccccc32)[C@@H](OCc2ccccc2)[C@@H]1O[C@H]1O[C@H](COCc2ccc3ccccc3c2)[C@@H](O)[C@H](OCc2ccccc2)[C@H]1NC(=O)C(F)(F)F,COC(=O)[C@@H]1O[C@@H](OCCCCCN(Cc2ccccc2)C(=O)OCc2ccc(CCC(F)(F)C(F)(F)C(F)(F)C(F)(F)C(F)(F)C(F)(F)F)cc2)[C@H](OC(=O)OCC2c3ccccc3-c3ccccc32)[C@@H](OCc2ccccc2)[C@@H]1O[C@H]1O[C@H](COCc2ccc3ccccc3c2)[C@@H](OC(C)=O)[C@H](OCc2ccccc2)[C@H]1NC(=O)C(F)(F)F,thioglycoside,98,99,98,99
SG-4e88325a6302b397,4e88325a6302b397070532fa78da42e016a6aea2623fc34adc4e2d349a686844,384,31-010-CAS-5898048,384,31-010-CAS-5898048,1,CC(=O)OC[C@@H]1OC(OC(=N)C(Cl)(Cl)Cl)[C@H](OC(=O)c2ccccc2)[C@@H](OCc2ccccc2)[C@@H]1O[C@H]1O[C@H](CO[Si](c2ccccc2)(c2ccccc2)C(C)(C)C)[C@@H](OCc2ccc3ccccc3c2)[C@H](OCc2ccc(Br)cc2)[C@H]1N=[N+]=[N-],CC(C)(C)[Si](OC[C@H]1O[C@H](O[C@H]2[C@H](OCc3ccccc3)[C@@H](OC(=O)c3ccccc3)[C@H]3OC[C@@H]2O3)[C@H](N=[N+]=[N-])[C@@H](OC(=O)c2ccccc2)[C@@H]1O)(c1ccccc1)c1ccccc1,CC(=O)O[C@H]1[C@H](OC(=O)c2ccccc2)[C@@H](N=[N+]=[N-])[C@@H](O[C@H]2[C@H](OCc3ccccc3)[C@@H](OC(=O)c3ccccc3)[C@H]3OC[C@@H]2O3)O[C@@H]1CO[Si](c1ccccc1)(c1ccccc1)C(C)(C)C,trichloroacetimidate,50,51,4,3
SG-4e8d7a9eb853d1d4,4e8d7a9eb853d1d41bda504a3c9c838e2cc8e171ab27c7b3f0c07af13e20c577,468,31-010-CAS-20773553,468,31-010-CAS-20773553,1,C[C@@H]1O[C@@H](OC(=N)C(Cl)(Cl)Cl)[C@@H]2OC(C)(C)O[C@@H]2[C@H]1O[C@@H]1OC[C@@H](OCc2ccccc2)[C@H](OCc2ccccc2)[C@H]1OCc1ccccc1,CC(C)[Si](O[C@@H]1O[C@H](COCc2ccccc2)[C@H](N=[N+]=[N-])[C@H](OCc2ccccc2)[C@H]1O)(C(C)C)C(C)C,CC(=O)O[C@H]1[C@H](O[Si](C(C)C)(C(C)C)C(C)C)O[C@H](COCc2ccccc2)[C@H](N=[N+]=[N-])[C@@H]1OCc1ccccc1,trichloroacetimidate,30,31,4,3
SG-4ebbdc90bf7fc133,4ebbdc90bf7fc1337a766207a8b63b6ca0f182ff7cba84bcfac07702e02dc7ba,1278,31-013-CAS-16173156,1278,31-013-CAS-16173156,1,CCS[C@H]1O[C@@H](C)[C@@H](OCc2ccccc2)C[C@@H]1OCc1ccccc1,CC(=O)OC[C@H]1O[C@@H](O[C@H]2[C@H](O)[C@@H](COCc3ccccc3)O[C@@H](O[C@@H]3[C@H](OCc4ccccc4)[C@@H](OCc4ccccc4)[C@@H](O[C@@H]4[C@@H](NC(=O)C(Cl)(Cl)Cl)[C@H](OCCOCCOCCN=[N+]=[N-])O[C@H](CBr)[C@H]4OCc4ccccc4)O[C@@H]3C(=O)OCc3ccccc3)[C@@H]2NC(=O)C(Cl)(Cl)Cl)[C@H](O)[C@@H](OC(C)=O)[C@H]1OC(C)=O,CC(=O)OC[C@H]1O[C@@H](O[C@@H]2[C@@H](NC(=O)C(Cl)(Cl)Cl)[C@H](O[C@@H]3[C@H](OCc4ccccc4)[C@@H](OCc4ccccc4)[C@@H](O[C@@H]4[C@@H](NC(=O)C(Cl)(Cl)Cl)[C@H](OCCOCCOCCN=[N+]=[N-])O[C@H](CBr)[C@H]4OCc4ccccc4)O[C@@H]3C(=O)OCc3ccccc3)O[C@H](COCc3ccccc3)[C@H]2OC(C)=O)[C@H](O)[C@@H](OC(C)=O)[C@H]1OC(C)=O,thioglycoside,10,11,99,100
SG-4f2a837ada8f6970,4f2a837ada8f697010088a555ab8969bf802b96b2ca5f3c31d44b96fd023ef07,198,31-010-CAS-9389868,198,31-010-CAS-9389868,1,CC(=O)OC[C@H]1O[C@H](OC(=N)C(Cl)(Cl)Cl)[C@H](OC(C)=O)[C@@H](OC(C)=O)[C@H]1OC(C)=O,C=CCO[C@@H]1O[C@H](COC(=O)c2ccccc2)[C@@H](O)[C@H](OC(C)=O)[C@H]1NC(C)=O,C=CCO[C@@H]1O[C@H](COC(=O)c2ccccc2)[C@@H](OC(C)=O)[C@H](OC(C)=O)[C@H]1NC(C)=O,trichloroacetimidate,17,18,17,18
SG-4f7229d352073bd0,4f7229d352073bd039fafe8dfa0001808de2466cec57531dd6e164b6f959267a,1341,31-013-CAS-23435466,1341,31-013-CAS-23435466,1,[N-]=[N+]=N[C@H]1[C@H](OCc2ccccc2)[C@@H](N2C(=O)c3ccccc3C2=O)[C@H](Sc2ccccc2)O[C@@H]1COCc1ccccc1,O=C1c2ccccc2C(=O)N1[C@H]1[C@H](OCc2ccccc2)O[C@H](COCc2ccccc2)[C@@H](O)[C@@H]1OCc1ccccc1,CC(=O)O[C@H]1[C@H](OCc2ccccc2)[C@@H](N2C(=O)c3ccccc3C2=O)[C@H](OCc2ccccc2)O[C@@H]1COCc1ccccc1,thioglycoside,32,33,4,3
SG-4f799ee75ee0584a,4f799ee75ee0584a49ae79bbfdef7f6217fab61c31ce0413357755d2317bb0b4,821,31-013-CAS-4770924,821,31-013-CAS-4770924,1,COC(=O)[C@@H]1O[C@@H](Sc2ccccc2)[C@H](OC(=O)c2ccccc2)[C@@H](OCc2ccccc2)[C@@H]1O[C@H]1O[C@H](COCc2ccccc2)[C@@H](OC(=O)C(Cl)(Cl)Cl)[C@H](OCc2ccccc2)[C@H]1N=[N+]=[N-],COC(=O)[C@@H]1O[C@@H](OC)[C@H](OC(=O)c2ccccc2)[C@@H](OCc2ccccc2)[C@@H]1O[C@H]1O[C@H](COCc2ccccc2)[C@@H](O[C@@H]2O[C@@H](C(=O)OC)[C@@H](O[C@H]3O[C@H](COCc4ccccc4)[C@@H](O[C@@H]4O[C@@H](C(=O)OC)[C@@H](O[C@H]5O[C@H](COCc6ccccc6)[C@@H](O)[C@H](OCc6ccccc6)[C@H]5N=[N+]=[N-])[C@H](OCc5ccccc5)[C@H]4OC(=O)c4ccccc4)[C@H](OCc4ccccc4)[C@H]3N=[N+]=[N-])[C@H](OCc3ccccc3)[C@H]2OC(=O)c2ccccc2)[C@H](OCc2ccccc2)[C@H]1N=[N+]=[N-],COC(=O)[C@@H]1O[C@@H](OC)[C@H](OC(=O)c2ccccc2)[C@@H](OCc2ccccc2)[C@@H]1O[C@H]1O[C@H](COCc2ccccc2)[C@@H](O[C@@H]2O[C@@H](C(=O)OC)[C@@H](O[C@H]3O[C@H](COCc4ccccc4)[C@@H](O[C@@H]4O[C@@H](C(=O)OC)[C@@H](O[C@H]5O[C@H](COCc6ccccc6)[C@@H](OC(C)=O)[C@H](OCc6ccccc6)[C@H]5N=[N+]=[N-])[C@H](OCc5ccccc5)[C@H]4OC(=O)c4ccccc4)[C@H](OCc4ccccc4)[C@H]3N=[N+]=[N-])[C@H](OCc3ccccc3)[C@H]2OC(=O)c2ccccc2)[C@H](OCc2ccccc2)[C@H]1N=[N+]=[N-],thioglycoside,88,89,88,89
SG-4fd6753bc4814d71,4fd6753bc4814d7184717f2ec865432f841cffc8da27f4a3bcb5eca445a73a26,1493,31-614-CAS-36830119,1493,31-614-CAS-36830119,1,O=C(CCl)O[C@@H]1[C@@H](OC(=O)c2ccccc2)[C@@H]2O[C@H](c3ccccc3)OC[C@H]2O[C@H]1Sc1ccccc1,CC(=O)OC[C@H]1O[C@@H](O[C@H]2[C@H](O)[C@@H](COC(=O)c3ccccc3)O[C@H](OCCNC(=O)OCc3ccccc3)[C@@H]2N=[N+]=[N-])[C@H](N2C(=O)c3ccccc3C2=O)[C@@H](OC(C)=O)[C@@H]1OC(C)=O,CC(=O)OC[C@H]1O[C@@H](O[C@@H]2[C@@H](N=[N+]=[N-])[C@@H](OCCNC(=O)OCc3ccccc3)O[C@H](COC(=O)c3ccccc3)[C@H]2OC(C)=O)[C@H](N2C(=O)c3ccccc3C2=O)[C@@H](OC(C)=O)[C@@H]1OC(C)=O,thioglycoside,10,11,41,42
SG-50048e1b617f6aa5,50048e1b617f6aa5441201237d59a6147b8f3733f1f7c53d90c6208749dc0190,687,31-013-CAS-16760997,687,31-013-CAS-16760997,1,CCS[C@@H]1O[C@@H]2CO[C@@H](c3ccccc3)O[C@H]2[C@H](OCc2ccccc2)[C@H]1OC(=O)c1ccccc1,CO[C@H]1O[C@H](COCc2ccccc2)[C@@H](O)[C@H](OCc2ccccc2)[C@H]1N=[N+]=[N-],CO[C@H]1O[C@H](COCc2ccccc2)[C@@H](OC(C)=O)[C@H](OCc2ccccc2)[C@H]1N=[N+]=[N-],thioglycoside,14,15,14,15
SG-5036f3c0af07e74f,5036f3c0af07e74f64d1ca04b5c75389ea1cc054d454f2381f8fc0791a70b15d,1471,31-013-CAS-1922953,1471,31-013-CAS-1922953,1,COc1ccc(CO[C@@H]2[C@@H](OC(=O)CCC(C)=O)[C@H](Sc3ccc(C)cc3)O[C@@H]3CO[C@@H](c4ccccc4)O[C@@H]23)cc1,[N-]=[N+]=NCCCCCO[C@@H]1O[C@H](COCc2ccccc2)[C@@H](O[C@@H]2O[C@H](COCc3ccccc3)[C@@H](O)[C@H](OCc3ccccc3)[C@H]2N2C(=O)c3ccccc3C2=O)[C@H](OCc2ccccc2)[C@H]1N1C(=O)c2ccccc2C1=O,CC(=O)O[C@H]1[C@H](OCc2ccccc2)[C@@H](N2C(=O)c3ccccc3C2=O)[C@H](O[C@H]2[C@H](OCc3ccccc3)[C@@H](N3C(=O)c4ccccc4C3=O)[C@H](OCCCCCN=[N+]=[N-])O[C@@H]2COCc2ccccc2)O[C@@H]1COCc1ccccc1,thioglycoside,35,36,4,3
SG-5037311e61919dc5,5037311e61919dc52682f909b9c64418206e1d0774461c3e59b555f67898c0e9,487,31-010-CAS-16634881,487,31-010-CAS-16634881,1,CCOC(=O)[C@@H](C)O[C@@H]1[C@@H](NC(=O)OCC(Cl)(Cl)Cl)[C@H](O[C@H]2[C@H](OCc3ccccc3)[C@@H](NC(=O)OCC(Cl)(Cl)Cl)C(OC(=N)C(Cl)(Cl)Cl)O[C@@H]2COCc2ccccc2)O[C@@H]2CO[C@@H](c3ccccc3)O[C@@H]12,C=CCO[C@H]1O[C@H](COCc2ccccc2)[C@@H](O[C@@H]2O[C@H](COCc3ccccc3)[C@@H](O)[C@H](O[C@H](C)C(=O)OCC)[C@H]2NC(=O)OCC(Cl)(Cl)Cl)[C@H](OCc2ccccc2)[C@H]1NC(=O)OCC(Cl)(Cl)Cl,C=CCO[C@H]1O[C@H](COCc2ccccc2)[C@@H](O[C@@H]2O[C@H](COCc3ccccc3)[C@@H](OC(C)=O)[C@H](O[C@H](C)C(=O)OCC)[C@H]2NC(=O)OCC(Cl)(Cl)Cl)[C@H](OCc2ccccc2)[C@H]1NC(=O)OCC(Cl)(Cl)Cl,trichloroacetimidate,30,31,30,31
SG-50bdba7d78c42d8e,50bdba7d78c42d8e67639fb9e766473b95c7eed7396b2f1efa35430d5c7053b5,1322,31-013-CAS-2927631,1322,31-013-CAS-2927631,1,CCS[C@@H]1O[C@@H]2CO[C@H](c3ccccc3)O[C@@H]2[C@H](O[Si](C)(C)C(C)(C)C)[C@H]1N1C(=O)c2ccccc2C1=O,CCS[C@@H]1O[C@H](COCc2ccccc2)[C@H](O)[C@H](OC(C)=O)[C@H]1N=[N+]=[N-],CCS[C@@H]1O[C@H](COCc2ccccc2)[C@H](OC(C)=O)[C@H](OC(C)=O)[C@H]1N=[N+]=[N-],thioglycoside,15,16,15,16
SG-51f0ffc860c78f8c,51f0ffc860c78f8cb647be27f5480c4271c46e812908408432b8c06dc2de2212,622,31-614-CAS-24250566,622,31-614-CAS-24250566,1,CC(=O)OC[C@H]1OC(OC(=Nc2ccccc2)C(F)(F)F)[C@H](N2C(=O)c3ccccc3C2=O)[C@@H](OC(C)=O)[C@H]1OC(C)=O,CC(C)C(C)(C)[Si](C)(C)O[C@@H]1O[C@H](COCc2ccccc2)[C@@H](O)[C@H](OCc2ccc3ccccc3c2)[C@H]1N1C(=O)c2ccccc2C1=O,CC(=O)O[C@H]1[C@H](OCc2ccc3ccccc3c2)[C@@H](N2C(=O)c3ccccc3C2=O)[C@H](O[Si](C)(C)C(C)(C)C(C)C)O[C@@H]1COCc1ccccc1,trifluoroacetimidate,22,23,4,3
SG-51fab0933170c114,51fab0933170c11496bb721b9f27968d631cf828e54ba6ad1fc5ffd08ac9cc02,992,31-013-CAS-1838282,992,31-013-CAS-1838282,1,CCS[C@H]1O[C@@H](C)[C@@H](OC(=O)c2ccccc2)[C@@H](OC(=O)C(F)(F)F)[C@@H]1O[Si](C(C)C)(C(C)C)C(C)C,CC(C)(C)[Si](OC[C@H]1O[C@@H](Oc2ccc(OCCCl)cc2)[C@H](NC(=O)C(F)(F)F)[C@@H](OC(=O)CCl)[C@@H]1O)(c1ccccc1)c1ccccc1,CC(=O)O[C@H]1[C@H](OC(=O)CCl)[C@@H](NC(=O)C(F)(F)F)[C@H](Oc2ccc(OCCCl)cc2)O[C@@H]1CO[Si](c1ccccc1)(c1ccccc1)C(C)(C)C,thioglycoside,35,36,4,3
SG-521b293d24a08e92,521b293d24a08e92dc20ea11ec802a5fcadacface17415ae3ee459429524159f,1218,31-013-CAS-103043,1218,31-013-CAS-103043,1,CCS[C@@H]1O[C@H](COCc2ccccc2)[C@H](OCc2ccccc2)[C@H](OCc2ccccc2)[C@H]1OC(C)=O,CCCCCCCCO[C@@H]1O[C@H](COCc2ccccc2)[C@@H](O)[C@H](OCc2ccccc2)[C@H]1N1C(=O)c2ccccc2C1=O,CCCCCCCCO[C@@H]1O[C@H](COCc2ccccc2)[C@@H](OC(C)=O)[C@H](OCc2ccccc2)[C@H]1N1C(=O)c2ccccc2C1=O,thioglycoside,21,22,21,22
SG-52464d8723840d4c,52464d8723840d4c0bbcd28c6debf2799189abd3b62a378a2adff850ad45fb5a,1462,31-013-CAS-6359962,1462,31-013-CAS-6359962,1,CCS[C@@H]1O[C@H](COCc2ccccc2)[C@H](OC(C)=O)[C@H](OC(C)=O)[C@H]1OC(C)=O,CCS[C@@H]1O[C@H](COCc2ccccc2)[C@@H](O)[C@H](O)[C@H]1N1C(=O)c2c(Cl)c(Cl)c(Cl)c(Cl)c2C1=O,CCS[C@@H]1O[C@H](COCc2ccccc2)[C@@H](OC(C)=O)[C@H](O)[C@H]1N1C(=O)c2c(Cl)c(Cl)c(Cl)c(Cl)c2C1=O,thioglycoside,15,16,15,16
SG-52519cd58689c2c2,52519cd58689c2c2d09c4325a3978cc8312a4d594c30061bdf20db80ec2ab2a3,330,31-010-CAS-16587010,330,31-010-CAS-16587010,1,CC(=O)CCC(=O)O[C@@H]1[C@@H](OC(=N)C(Cl)(Cl)Cl)O[C@H](CO[C@H]2O[C@H](COCc3ccccc3)[C@@H](OCc3ccccc3)[C@H](OCc3ccccc3)[C@@H]2O[C@H]2O[C@H](CO[Si](C(C)C)(C(C)C)C(C)C)[C@@H](OCc3ccccc3)[C@H](OCc3ccccc3)[C@@H]2OCc2ccccc2)[C@@H](OCc2ccc3ccccc3c2)[C@@H]1OCc1ccccc1,C=CCO[C@@H]1[C@H](OCc2ccccc2)[C@H](OCc2ccccc2)[C@@H](OCc2ccccc2)[C@H](OCc2ccccc2)[C@H]1O[C@H]1O[C@H](COCc2ccccc2)[C@@H](O)[C@H](OCc2ccccc2)[C@H]1N=[N+]=[N-],C=CCO[C@@H]1[C@H](OCc2ccccc2)[C@H](OCc2ccccc2)[C@@H](OCc2ccccc2)[C@H](OCc2ccccc2)[C@H]1O[C@H]1O[C@H](COCc2ccccc2)[C@@H](OC(C)=O)[C@H](OCc2ccccc2)[C@H]1N=[N+]=[N-],trichloroacetimidate,55,56,55,56
SG-5254d916d0eba7c7,5254d916d0eba7c7e9673b5f60a667bff4d73eb2060f2ae5ad609f96bedcbddd,1000,31-013-CAS-14531739,1000;1001,31-013-CAS-14531739;31-013-CAS-14761758,2,CCS[C@@H]1O[C@H](COCc2ccccc2)[C@H](OCc2ccccc2)[C@H](OCc2ccccc2)[C@H]1OC(C)=O,[N-]=[N+]=N[C@H]1[C@@H](OCCCCCN(Cc2ccccc2)C(=O)OCc2ccccc2)O[C@H](COCc2ccccc2)[C@@H](O)[C@@H]1OCc1ccc2ccccc2c1,CC(=O)O[C@H]1[C@H](OCc2ccc3ccccc3c2)[C@@H](N=[N+]=[N-])[C@@H](OCCCCCN(Cc2ccccc2)C(=O)OCc2ccccc2)O[C@@H]1COCc1ccccc1,thioglycoside,40,41,4,3
SG-525e596eb933d3ce,525e596eb933d3cea2e7893ed8f3c49d8c613ebbe0942d118c09d67badb718ca,1323,31-614-CAS-38021984,1323,31-614-CAS-38021984,1,O=C(CCl)O[C@@H]1[C@H](OCc2ccccc2)[C@@H](N2C(=O)c3ccccc3C2=O)[C@H](Sc2ccccc2)O[C@@H]1CN1C(=O)c2ccccc2C1=O,CO[C@@H]1O[C@H](CN2C(=O)c3ccccc3C2=O)[C@H](O[C@@H]2O[C@H](CN3C(=O)c4ccccc4C3=O)[C@H](O)[C@H](OCc3ccccc3)[C@H]2N2C(=O)c3ccccc3C2=O)[C@H](OCc2ccccc2)[C@H]1N1C(=O)c2ccccc2C1=O,CO[C@@H]1O[C@H](CN2C(=O)c3ccccc3C2=O)[C@H](O[C@@H]2O[C@H](CN3C(=O)c4ccccc4C3=O)[C@H](OC(C)=O)[C@H](OCc3ccccc3)[C@H]2N2C(=O)c3ccccc3C2=O)[C@H](OCc2ccccc2)[C@H]1N1C(=O)c2ccccc2C1=O,thioglycoside,34,35,34,35
SG-528377c1718e566e,528377c1718e566e2a38aeb1f48c5aa1edef2fcc92fb9eae2489ca4692526bda,1120,31-013-CAS-1175625,1120,31-013-CAS-1175625,1,CCS[C@H]1O[C@@H](C)[C@@H](OC(=O)c2ccccc2)[C@@H](OC(=O)c2ccccc2)[C@@H]1O[Si](C(C)C)(C(C)C)C(C)C,CC(=O)OC[C@H]1O[C@@H](O[C@H]2[C@H](O)[C@@H](CO[Si](c3ccccc3)(c3ccccc3)C(C)(C)C)O[C@@H](Oc3ccc(OCCCl)cc3)[C@@H]2NC(=O)C(F)(F)F)[C@H](OC(C)=O)[C@@H](OC(C)=O)[C@H]1OC(C)=O,CC(=O)OC[C@H]1O[C@@H](O[C@@H]2[C@@H](NC(=O)C(F)(F)F)[C@H](Oc3ccc(OCCCl)cc3)O[C@H](CO[Si](c3ccccc3)(c3ccccc3)C(C)(C)C)[C@H]2OC(C)=O)[C@H](OC(C)=O)[C@@H](OC(C)=O)[C@H]1OC(C)=O,thioglycoside,10,11,51,52
SG-52d8b6ad012bb327,52d8b6ad012bb3270f3fc1d8b4b0f8aae05563318702d8ea5579ed3d9758c9e9,140,31-010-CAS-20254379,140;141;293,31-010-CAS-20254379;31-010-CAS-16472070;31-010-CAS-14387949,3,CC(=O)OC[C@H]1O[C@H](OC(=N)C(Cl)(Cl)Cl)[C@H](NC(=O)OCC(Cl)(Cl)Cl)[C@@H](OC(C)=O)[C@@H]1OC(C)=O,CC(=O)N[C@H]1[C@@H](OCc2ccccc2)O[C@H](COCc2ccccc2)[C@@H](O)[C@@H]1O[C@H](C)C(=O)N[C@@H](C)C(=O)OCCS(=O)(=O)c1ccccc1,CC(=O)N[C@H]1[C@@H](OCc2ccccc2)O[C@H](COCc2ccccc2)[C@@H](OC(C)=O)[C@@H]1O[C@H](C)C(=O)N[C@@H](C)C(=O)OCCS(=O)(=O)c1ccccc1,trichloroacetimidate,25,26,25,26
SG-53195df93a00662f,53195df93a00662f4d51abd0963ee55d745ccedf4b220d83eda3328fe846f29e,231,31-010-CAS-23017165,231;232;233,31-010-CAS-23017165;31-010-CAS-11268512;31-010-CAS-10624977,3,COC(=O)[C@@H]1O[C@H](OC(=N)C(Cl)(Cl)Cl)[C@H](OC(=O)c2ccccc2)[C@@H](OCc2ccccc2)[C@@H]1OC(=O)CCC(C)=O,CO[C@H]1O[C@H](COC(=O)c2ccccc2)[C@@H](O)[C@H](OCc2ccccc2)[C@H]1N=[N+]=[N-],CO[C@H]1O[C@H](COC(=O)c2ccccc2)[C@@H](OC(C)=O)[C@H](OCc2ccccc2)[C@H]1N=[N+]=[N-],trichloroacetimidate,15,16,15,16
SG-532d9ae6160a8fcb,532d9ae6160a8fcb0523b183fae6127c884375885b2095d227003643f9e2d8c4,641,31-010-CAS-21471846,641,31-010-CAS-21471846,1,COC(=O)[C@@]1(O[C@H]2[C@@H](OC(=O)c3ccccc3)[C@@H](COC(=O)c3ccccc3)OC(OC(=Nc3ccccc3)C(F)(F)F)[C@@H]2OC(=O)c2ccccc2)C[C@H](OC(C)=O)[C@@H](NC(C)=O)[C@H]([C@H](OC(C)=O)[C@@H](COC(C)=O)OC(C)=O)O1,[N-]=[N+]=NCCCO[C@@H]1O[C@H](COC(=O)c2ccccc2)[C@@H](O[C@@H]2O[C@H](COC(=O)c3ccccc3)[C@H](O)[C@H](O[C@@H]3O[C@H](COCc4ccccc4)[C@@H](O)[C@H](OCc4ccccc4)[C@H]3N3C(=O)c4ccccc4C3=O)[C@H]2OC(=O)c2ccccc2)[C@H](OC(=O)c2ccccc2)[C@H]1OC(=O)c1ccccc1,CC(=O)O[C@H]1[C@H](OCc2ccccc2)[C@@H](N2C(=O)c3ccccc3C2=O)[C@H](O[C@H]2[C@@H](O)[C@@H](COC(=O)c3ccccc3)O[C@@H](O[C@H]3[C@H](OC(=O)c4ccccc4)[C@@H](OC(=O)c4ccccc4)[C@H](OCCCN=[N+]=[N-])O[C@@H]3COC(=O)c3ccccc3)[C@@H]2OC(=O)c2ccccc2)O[C@@H]1COCc1ccccc1,trifluoroacetimidate,51,52,4,3
SG-534d1c1d855ca3af,534d1c1d855ca3af0cebcb8e8fed853957d5108a1cc26005e71908d17477de34,473,31-010-CAS-19037619,473;474,31-010-CAS-19037619;31-010-CAS-15949515,2,CC(=O)O[C@@H]1[C@@H](OC[C@H]2O[C@@H](O[C@H]3[C@H](OCc4ccccc4)[C@@H](N4C(=O)c5ccccc5C4=O)[C@H](OC(=N)C(Cl)(Cl)Cl)O[C@@H]3COCc3ccccc3)[C@@H](OCc3ccccc3)[C@@H](O[C@H]3O[C@H](COCc4ccccc4)[C@@H](OCc4ccccc4)[C@H](OCc4ccccc4)[C@@H]3OC(C)=O)[C@@H]2OCc2ccccc2)O[C@H](COCc2ccccc2)[C@@H](OCc2ccccc2)[C@@H]1OCc1ccccc1,C[C@@H]1O[C@@H](OC[C@H]2O[C@@H](OCCCCCN=[N+]=[N-])[C@H](N3C(=O)c4ccccc4C3=O)[C@@H](OCc3ccccc3)[C@@H]2O)[C@@H](OCc2ccccc2)[C@H](OCc2ccccc2)[C@@H]1OCc1ccccc1,CC(=O)O[C@H]1[C@H](OCc2ccccc2)[C@@H](N2C(=O)c3ccccc3C2=O)[C@H](OCCCCCN=[N+]=[N-])O[C@@H]1CO[C@@H]1O[C@@H](C)[C@@H](OCc2ccccc2)[C@@H](OCc2ccccc2)[C@@H]1OCc1ccccc1,trichloroacetimidate,39,40,4,3
SG-5356076441ac8b34,5356076441ac8b344de3f4c7f83f65c5be76bba9bef0fddf75881eda1e6d3e7b,134,31-614-CAS-24415800,134,31-614-CAS-24415800,1,N=C(O[C@H]1O[C@@H]2CO[C@@H](c3ccc4ccccc4c3)O[C@H]2[C@H](OCc2ccccc2)[C@H]1OCc1ccccc1)C(Cl)(Cl)Cl,O=C1c2ccccc2C(=O)N1[C@H]1[C@H](OCc2ccccc2)O[C@H](COCc2ccccc2)[C@@H](O)[C@@H]1OCc1ccccc1,CC(=O)O[C@H]1[C@H](OCc2ccccc2)[C@@H](N2C(=O)c3ccccc3C2=O)[C@H](OCc2ccccc2)O[C@@H]1COCc1ccccc1,trichloroacetimidate,32,33,4,3
SG-5358e431486fda85,5358e431486fda85779cef768ba5b1019e313c4f3222ecac9f739a4e52b7de2b,1115,31-013-CAS-14147258,1115,31-013-CAS-14147258,1,CC(=O)OC[C@H]1O[C@@H](Sc2ccccc2)[C@H](OC(C)=O)[C@@H](OC(C)=O)[C@H]1OC(C)=O,C[Si](C)(C)CCO[C@@H]1O[C@H](COCc2ccccc2)[C@@H](O)[C@H](O)[C@H]1N1C(=O)c2ccccc2C1=O,CC(=O)O[C@H]1[C@H](O)[C@@H](N2C(=O)c3ccccc3C2=O)[C@H](OCC[Si](C)(C)C)O[C@@H]1COCc1ccccc1,thioglycoside,19,20,4,3
SG-53ea083931ec6615,53ea083931ec66159081ba3b1c9dc4d437571368144d286f92832b8ecd4616d0,1440,31-013-CAS-3467258,1440,31-013-CAS-3467258,1,CCS[C@@H]1O[C@H](COCc2ccccc2)[C@H](OCc2ccccc2)[C@H](O[C@@H]2O[C@@H](C)[C@@H](OCc3ccccc3)[C@@H](OCc3ccccc3)[C@@H]2OCc2ccccc2)[C@H]1N1C(=O)c2ccccc2C1=O,C=CCO[C@H]1[C@H](O)[C@@H](COCc2ccccc2)O[C@@H](O[C@H]2[C@@H](OCc3ccccc3)[C@@H](COCc3ccccc3)O[C@H](OCCCCCN=[N+]=[N-])[C@@H]2OCc2ccccc2)[C@@H]1N1C(=O)c2ccccc2C1=O,C=CCO[C@H]1[C@H](OC(C)=O)[C@@H](COCc2ccccc2)O[C@@H](O[C@H]2[C@@H](OCc3ccccc3)[C@@H](COCc3ccccc3)O[C@H](OCCCCCN=[N+]=[N-])[C@@H]2OCc2ccccc2)[C@@H]1N1C(=O)c2ccccc2C1=O,thioglycoside,5,6,5,6
SG-540d0c0e4c66c053,540d0c0e4c66c053ccfd5dd152ead28b5cc4226db4d1834656cfcecc4e77f497,1052,31-013-CAS-5918493,1052,31-013-CAS-5918493,1,C=CCOC(=O)O[C@@H]1[C@@H](OCc2ccccc2)[C@@H]2O[C@H](c3ccccc3)OC[C@H]2O[C@H]1SCC,CC(=O)CCC(=O)O[C@H]1[C@H](O)[C@@H](COCc2ccccc2)O[C@@H](O[Si](C)(C)C(C)(C)C(C)C)[C@@H]1NC(=O)OCC(Cl)(Cl)Cl,CC(=O)CCC(=O)O[C@@H]1[C@@H](NC(=O)OCC(Cl)(Cl)Cl)[C@H](O[Si](C)(C)C(C)(C)C(C)C)O[C@H](COCc2ccccc2)[C@H]1OC(C)=O,thioglycoside,9,10,41,42
SG-543cff39df6377a3,543cff39df6377a31858c060a8526081472067128b701bc65660e27ca37eac1d,362,31-010-CAS-21359651,362;363,31-010-CAS-21359651;31-010-CAS-3241716,2,COC(=O)[C@H]1OC(OC(=N)C(Cl)(Cl)Cl)[C@H](OCc2ccccc2)[C@@H](OCc2ccccc2)[C@@H]1O[C@H]1O[C@H](COC(=O)c2ccccc2)[C@@H](OCc2ccccc2)[C@H](OCc2ccccc2)[C@H]1NC=C1C(=O)N(C)C(=O)N(C)C1=O,COc1ccc(COC[C@H]2O[C@@H](O[Si](c3ccccc3)(c3ccccc3)C(C)(C)C)[C@H](N=[N+]=[N-])[C@@H](OCc3ccc(OC)cc3)[C@@H]2O)cc1,COc1ccc(COC[C@H]2O[C@@H](O[Si](c3ccccc3)(c3ccccc3)C(C)(C)C)[C@H](N=[N+]=[N-])[C@@H](OCc3ccc(OC)cc3)[C@@H]2OC(C)=O)cc1,trichloroacetimidate,45,46,45,46
SG-54421ba19ff06101,54421ba19ff061019226bebff1c0c358b93730d8548271106dfba6616673f2e2,873,31-013-CAS-4306041,873;874,31-013-CAS-4306041;31-013-CAS-8818646,2,CCS[C@@H]1O[C@H](CO[C@H]2O[C@H](COCc3ccccc3)[C@@H](OCc3ccccc3)[C@H](OCc3ccccc3)[C@@H]2O[Si](C)(C)C(C)(C)C)[C@@H](OCc2ccc(OC)cc2)[C@H](O[C@H]2O[C@H](COCc3ccccc3)[C@@H](OCc3ccccc3)[C@H](OCc3ccccc3)[C@@H]2O[Si](C)(C)C(C)(C)C)[C@H]1OC(=O)c1ccccc1,O=S(=O)(N[C@H]1[C@H](O[C@H]2[C@H](OCc3ccccc3)C=CO[C@@H]2COCc2ccccc2)O[C@H](COCc2ccccc2)[C@@H](O)[C@@H]1OCc1ccccc1)c1ccccc1,CC(=O)O[C@H]1[C@H](OCc2ccccc2)[C@@H](NS(=O)(=O)c2ccccc2)[C@H](O[C@H]2[C@H](OCc3ccccc3)C=CO[C@@H]2COCc2ccccc2)O[C@@H]1COCc1ccccc1,thioglycoside,41,42,4,3
SG-54bd09ccc9cb5746,54bd09ccc9cb57461a7373441506bba89a04a7e5d68d8ce400a2e1dea01da65d,1438,31-013-CAS-12262821,1438,31-013-CAS-12262821,1,CCS[C@@H]1O[C@H](COCc2ccccc2)[C@H](OCc2ccccc2)[C@H](O[C@@H]2O[C@@H](C)[C@@H](OCc3ccccc3)[C@@H](OCc3ccccc3)[C@@H]2OCc2ccccc2)[C@H]1N1C(=O)c2ccccc2C1=O,[N-]=[N+]=NCCCCCO[C@H]1O[C@H](COCc2ccccc2)[C@H](OCc2ccccc2)[C@H](O[C@@H]2O[C@H](COCc3ccccc3)[C@@H](O)[C@H](OCc3ccccc3)[C@H]2N2C(=O)c3ccccc3C2=O)[C@H]1OCc1ccccc1,CC(=O)O[C@H]1[C@H](OCc2ccccc2)[C@@H](N2C(=O)c3ccccc3C2=O)[C@H](O[C@H]2[C@@H](OCc3ccccc3)[C@@H](COCc3ccccc3)O[C@H](OCCCCCN=[N+]=[N-])[C@@H]2OCc2ccccc2)O[C@@H]1COCc1ccccc1,thioglycoside,44,45,4,3
SG-54c268bc06b03d2a,54c268bc06b03d2a883923459f9423f526d234f3dc055c9c80acb563c060d009,682,31-013-CAS-4038549,682,31-013-CAS-4038549,1,CCSC1O[C@H]2COC(C)(C)O[C@H]2[C@H](OCc2ccccc2)[C@H]1OC(=O)c1ccccc1,[N-]=[N+]=N[C@H]1[C@@H]2OC[C@@H](O2)[C@@H](O)[C@@H]1OCc1ccccc1,CC(=O)O[C@H]1[C@H](OCc2ccccc2)[C@@H](N=[N+]=[N-])[C@@H]2OC[C@H]1O2,thioglycoside,9,10,4,3
SG-54c4b075153da76e,54c4b075153da76e7b3dce97af35db7e5f60f0e3fa1fdd9a11175f85dcce3ed7,1375,31-013-CAS-2225323,1375,31-013-CAS-2225323,1,CCS[C@@H]1O[C@H](COCc2ccccc2)[C@@H](OC(=O)CCl)[C@H](OCc2ccccc2)[C@H]1N1C(=O)c2ccccc2C1=O,COc1ccc(OC[C@H]2O[C@@H](N=[N+]=[N-])[C@H](N3C(=O)c4ccccc4C3=O)[C@@H](OCc3ccccc3)[C@@H]2O)cc1,COc1ccc(OC[C@H]2O[C@@H](N=[N+]=[N-])[C@H](N3C(=O)c4ccccc4C3=O)[C@@H](OCc3ccccc3)[C@@H]2OC(C)=O)cc1,thioglycoside,35,36,35,36
SG-54d460f40858baa1,54d460f40858baa168c0631b6b20395fcbf23a9ee6a703591cdfe7ecba2b6162,1008,31-013-CAS-5259694,1008;1009,31-013-CAS-5259694;31-013-CAS-3120111,2,CC(=O)O[C@@H]1[C@H]2OC(=O)[C@@H](O[C@H]1Sc1ccccc1)[C@H]2OC(C)=O,COc1ccc(O[C@@H]2O[C@H](COCc3ccccc3)[C@@H](O)[C@@H]3OC(=O)N[C@@H]23)cc1,COc1ccc(O[C@@H]2O[C@H](COCc3ccccc3)[C@@H](OC(C)=O)[C@@H]3OC(=O)N[C@@H]23)cc1,thioglycoside,19,20,19,20
SG-54eb8577c3873ef9,54eb8577c3873ef9b15782614b44cf4f4aee0658d9baba365465cae41198bff6,718,31-614-CAS-34701884,718,31-614-CAS-34701884,1,CC(=O)OC[C@H]1O[C@@H](Sc2ccccc2)[C@H](OC(C)=O)[C@@H](OC(C)=O)[C@@H]1F,CO[C@@H]1O[C@H](COCc2ccccc2)[C@@H](O)[C@H](OCc2ccccc2)[C@H]1N=[N+]=[N-],CO[C@@H]1O[C@H](COCc2ccccc2)[C@@H](OC(C)=O)[C@H](OCc2ccccc2)[C@H]1N=[N+]=[N-],thioglycoside,14,15,14,15
SG-553aab249ac90ec4,553aab249ac90ec4042f2e9e94bc0810f6b1df10586ea1b4353daa5e6a2c3f29,51,31-010-CAS-11996000,51;52,31-010-CAS-11996000;31-010-CAS-10183422,2,CC(=O)OC[C@H]1OC(OC(=N)C(Cl)(Cl)Cl)[C@H](NC(=O)OCC(Cl)(Cl)Cl)[C@@H](OC(C)=O)[C@H]1OC(C)=O,C[Si](C)(C)CCO[C@@H]1O[C@H](COCc2ccccc2)[C@@H](O)[C@H](OC(=O)CCl)[C@H]1NC(=O)OCC(Cl)(Cl)Cl,CC(=O)O[C@H]1[C@H](OC(=O)CCl)[C@@H](NC(=O)OCC(Cl)(Cl)Cl)[C@H](OCC[Si](C)(C)C)O[C@@H]1COCc1ccccc1,trichloroacetimidate,19,20,4,3
SG-553dc0d7e95ec2f4,553dc0d7e95ec2f4a762807767936726142247ebf48f2ed7048cf8b75cfcbb28,1141,31-013-CAS-17791367,1141,31-013-CAS-17791367,1,CC(=O)N1C(=O)O[C@H]2[C@@H](O[Si](C)(C)C(C)(C)C)[C@@H](COCc3ccccc3)O[C@H](Sc3ccc(C)cc3)[C@@H]21,C=CCO[C@H]1O[C@H](COCc2ccccc2)[C@H](O)[C@@H]2OC(=O)N(C(C)=O)[C@@H]12,C=CCO[C@H]1O[C@H](COCc2ccccc2)[C@H](OC(C)=O)[C@@H]2OC(=O)N(C(C)=O)[C@@H]12,thioglycoside,16,17,16,17
SG-556e10e71190c457,556e10e71190c457b59c860758215ce559219d55dbde525ed92b62097749536d,759,31-013-CAS-15304342,759;760;761,31-013-CAS-15304342;31-013-CAS-1281187;31-013-CAS-13149231,3,CCSC1O[C@H]2CO[C@@H](c3ccccc3)O[C@H]2[C@H](OCc2ccccc2)[C@H]1OC(C)=O,CC(=O)OC[C@H]1O[C@@H](O[Si](C)(C)C(C)(C)C(C)C)[C@H](N=[N+]=[N-])[C@@H](OCc2ccccc2)[C@@H]1O,CC(=O)OC[C@H]1O[C@@H](O[Si](C)(C)C(C)(C)C(C)C)[C@H](N=[N+]=[N-])[C@@H](OCc2ccccc2)[C@@H]1OC(C)=O,thioglycoside,31,32,31,32
SG-5589b3bf7a0b5545,5589b3bf7a0b554542066acfbc4d5160072fa74d20d184af864ea33216174660,695,31-614-CAS-39834137,695,31-614-CAS-39834137,1,Cc1ccc(S[C@@H]2O[C@H]3CO[Si](C(C)(C)C)(C(C)(C)C)O[C@H]3[C@H](OCc3ccccc3)[C@H]2OC(=O)c2ccccc2)cc1,[N-]=[N+]=N[C@H]1[C@@H]2OC[C@@H](O2)[C@@H](O)[C@@H]1OCc1ccccc1,CC(=O)O[C@H]1[C@H](OCc2ccccc2)[C@@H](N=[N+]=[N-])[C@@H]2OC[C@H]1O2,thioglycoside,9,10,4,3
SG-5595fbf49fd79fc1,5595fbf49fd79fc195785964e74bd24c4f962365f6c9ffdaf5f22b0fe8d99b70,1238,31-013-CAS-2688288,1238,31-013-CAS-2688288,1,Cc1ccccc1S[C@@H]1O[C@H](COC(=O)c2ccccc2)[C@H](OC(=O)c2ccccc2)[C@H](OC(=O)c2ccccc2)[C@H]1OC(=O)c1ccccc1,Cc1ccccc1S[C@@H]1O[C@H](COCc2ccccc2)[C@@H](O)[C@H](O)[C@H]1N1C(=O)c2ccccc2C1=O,CC(=O)O[C@H]1[C@H](O)[C@@H](N2C(=O)c3ccccc3C2=O)[C@H](Sc2ccccc2C)O[C@@H]1COCc1ccccc1,thioglycoside,20,21,4,3
SG-56076e93432d49de,56076e93432d49de89579bdc3d39d5cca6e25dcc5b21c4164bed45733503eec7,925,31-013-CAS-19796368,925;926,31-013-CAS-19796368;31-013-CAS-5703022,2,O=C(O[C@H]1[C@H]2O[C@@H](c3ccccc3)OC[C@H]2O[C@@H](Sc2ccccc2)[C@@H]1OC(=O)c1ccccc1)c1ccccc1,CC(=O)N[C@H]1[C@@H](OCc2ccccc2)O[C@H](CO[Si](c2ccccc2)(c2ccccc2)C(C)(C)C)[C@@H](O)[C@@H]1O,CC(=O)N[C@H]1[C@@H](OCc2ccccc2)O[C@H](CO[Si](c2ccccc2)(c2ccccc2)C(C)(C)C)[C@@H](OC(C)=O)[C@@H]1O,thioglycoside,35,36,35,36
SG-5608d657158b0a9b,5608d657158b0a9b20f83917cc56aecdc5b0abf7f84c94934773dc8aec4810d8,1475,31-013-CAS-23731804,1475,31-013-CAS-23731804,1,CC(=O)O[C@H]1[C@H](O[C@@H]2O[C@H](COCc3ccccc3)[C@@H](O[C@@H]3O[C@H](COCc4ccccc4)[C@@H](OCc4ccccc4)[C@H](OCc4ccccc4)[C@H]3N=[N+]=[N-])[C@H](OC(C)=O)[C@H]2N2C(=O)c3ccccc3C2=O)[C@@H](COCc2ccccc2)O[C@@H](Sc2ccc(F)cc2)[C@@H]1N1C(=O)c2ccccc2C1=O,CC(=O)O[C@H]1[C@H](O)[C@@H](COCc2ccccc2)O[C@@H](Sc2ccc(F)cc2)[C@@H]1N1C(=O)c2ccccc2C1=O,CC(=O)O[C@H]1[C@H](OC(C)=O)[C@@H](COCc2ccccc2)O[C@@H](Sc2ccc(F)cc2)[C@@H]1N1C(=O)c2ccccc2C1=O,thioglycoside,5,6,5,6
SG-563517502e4fd088,563517502e4fd0882e2ca6b27594290012f3dec6b6083f514bf9c8867442410f,1325,31-013-CAS-16820821,1325;1326;1327,31-013-CAS-16820821;31-013-CAS-8851366;31-013-CAS-11243730,3,CC(=O)O[C@H]1[C@H](OCc2ccccc2)[C@@H](N2C(=O)c3ccccc3C2=O)[C@H](Sc2ccccc2)O[C@@H]1COCc1ccccc1,O=C1c2ccccc2C(=O)N1[C@@H]1[C@@H](OCc2ccccc2)[C@H](O)[C@@H](COCc2ccccc2)O[C@H]1F,CC(=O)O[C@H]1[C@H](OCc2ccccc2)[C@@H](N2C(=O)c3ccccc3C2=O)[C@H](F)O[C@@H]1COCc1ccccc1,thioglycoside,21,22,4,3
SG-563d6094f9090456,563d6094f9090456dd1a690ebd71b33b4403976bc835cf3234d4e980997b49e4,381,31-010-CAS-14562744,381,31-010-CAS-14562744,1,CC(=O)O[C@@H]1[C@@H](O[C@@H]2[C@@H](OC(=N)C(Cl)(Cl)Cl)O[C@H](C)[C@@H](N=[N+]=[N-])[C@@H]2OCc2ccccc2)O[C@H](C)[C@@H](N=[N+]=[N-])[C@@H]1OCc1ccccc1,CCS[C@H]1O[C@H](C)[C@@H](N=[N+]=[N-])[C@H](OCc2ccccc2)[C@@H]1O[C@H]1O[C@H](C)[C@@H](N=[N+]=[N-])[C@H](OCc2ccccc2)[C@@H]1O,CCS[C@H]1O[C@H](C)[C@@H](N=[N+]=[N-])[C@H](OCc2ccccc2)[C@@H]1O[C@H]1O[C@H](C)[C@@H](N=[N+]=[N-])[C@H](OCc2ccccc2)[C@@H]1OC(C)=O,trichloroacetimidate,39,40,39,40
SG-5684622d49644511,5684622d496445111cdbf84157528382e63b5c3601c1f2dd050ac73aa44862c1,955,31-013-CAS-15150591,955;956;957,31-013-CAS-15150591;31-013-CAS-9655089;31-013-CAS-1183257,3,CCS[C@@H]1O[C@@H]2CO[C@@H](c3ccccc3)O[C@H]2[C@H](OCc2ccccc2)[C@H]1OC(C)=O,CC(=O)OC[C@H]1O[C@H](OCCCCCN(Cc2ccccc2)C(=O)OCc2ccccc2)[C@H](N=[N+]=[N-])[C@@H](OCc2ccccc2)[C@@H]1O,CC(=O)OC[C@H]1O[C@H](OCCCCCN(Cc2ccccc2)C(=O)OCc2ccccc2)[C@H](N=[N+]=[N-])[C@@H](OCc2ccccc2)[C@@H]1OC(C)=O,thioglycoside,45,46,45,46
SG-569abb623070ea96,569abb623070ea962a03810e745bf2171a306f95f21fb410f5731a16f9055ee8,709,31-013-CAS-12386349,709,31-013-CAS-12386349,1,COc1ccc([C@@H]2OC[C@H]3O[C@@H](Sc4ccccc4C)[C@H](OC(=O)c4ccccc4)[C@@H](OCc4ccccc4)[C@@H]3O2)cc1,COc1ccc(COC[C@H]2O[C@H](OC)[C@H](N=[N+]=[N-])[C@@H](OCc3ccccc3)[C@@H]2O)cc1,COc1ccc(COC[C@H]2O[C@H](OC)[C@H](N=[N+]=[N-])[C@@H](OCc3ccccc3)[C@@H]2OC(C)=O)cc1,thioglycoside,27,28,27,28
SG-5708d25c8f860294,5708d25c8f860294ce262cfb5d9bef8e92420f27bbc853134b09bab099960d04,178,31-010-CAS-16546345,178,31-010-CAS-16546345,1,CC(=O)O[C@H]1[C@@H](OC(C)=O)[C@@H](CF)O[C@H](OC(=N)C(Cl)(Cl)Cl)[C@@H]1OC(C)=O,CC(=O)N[C@H]1[C@H](OCc2ccccc2)O[C@H](CO[Si](C)(C)C(C)(C)C)[C@@H](O)[C@@H]1O,CC(=O)N[C@H]1[C@H](OCc2ccccc2)O[C@H](CO[Si](C)(C)C(C)(C)C)[C@@H](OC(C)=O)[C@@H]1O,trichloroacetimidate,25,26,25,26
SG-574243d133e0465d,574243d133e0465d6d75eac7222dff52ad9efee046ef4b0f6681f973bb903419,1488,31-049-CAS-11753173,1488,31-049-CAS-11753173,1,COc1ccc(CO[C@H]2[C@@H]3O[C@H](c4ccccc4)OC[C@H]3O[C@H](S(=O)c3ccccc3)[C@H]2OCc2ccccc2)cc1,[N-]=[N+]=N[C@@H]1O[C@H](COCc2ccccc2)[C@@H](O[C@@H]2O[C@H](COCc3ccccc3)[C@@H](O)[C@H](OCc3ccccc3)[C@H]2N2C(=O)c3ccccc3C2=O)[C@H](OCc2ccccc2)[C@H]1N1C(=O)c2ccccc2C1=O,CC(=O)O[C@H]1[C@H](OCc2ccccc2)[C@@H](N2C(=O)c3ccccc3C2=O)[C@H](O[C@H]2[C@H](OCc3ccccc3)[C@@H](N3C(=O)c4ccccc4C3=O)[C@H](N=[N+]=[N-])O[C@@H]2COCc2ccccc2)O[C@@H]1COCc1ccccc1,thioglycoside,29,30,4,3
SG-5770807f3c5b6ef2,5770807f3c5b6ef2ad65974c73a0e44c020a0f3f6e3122793c88401d39dac95c,708,31-614-CAS-39834133,708,31-614-CAS-39834133,1,Cc1ccc(S[C@@H]2O[C@H]3CO[Si](C(C)(C)C)(C(C)(C)C)O[C@H]3[C@H](OCc3ccccc3)[C@H]2OC(=O)c2ccccc2)cc1,CO[C@H]1O[C@H](COCc2ccccc2)[C@@H](O)[C@H](OCc2ccccc2)[C@H]1N=[N+]=[N-],CO[C@H]1O[C@H](COCc2ccccc2)[C@@H](OC(C)=O)[C@H](OCc2ccccc2)[C@H]1N=[N+]=[N-],thioglycoside,14,15,14,15
SG-5777e6f09417c954,5777e6f09417c9541943b2438546c27ea25e0c0c948f9ae3a5265a682a5a0428,416,31-010-CAS-8748980,416,31-010-CAS-8748980,1,CC(=O)OC[C@H]1O[C@H](O[C@H]2[C@H](OCc3ccccc3)[C@@H](OC(=O)c3ccccc3)[C@@H](OC(=N)C(Cl)(Cl)Cl)O[C@H]2COC(=O)CCl)[C@H](N=[N+]=[N-])[C@@H](OCc2ccccc2)[C@@H]1OC(=O)OCC1c2ccccc2-c2ccccc21,COc1ccc(O[C@@H]2O[C@@H](COC(=O)CCl)[C@@H](O[C@H]3O[C@H](COC(C)=O)[C@@H](O[C@@H]4O[C@@H](COC(=O)CCl)[C@@H](O[C@H]5O[C@H](COC(C)=O)[C@@H](O)[C@H](OCc6ccccc6)[C@H]5N=[N+]=[N-])[C@H](OCc5ccccc5)[C@H]4OC(=O)c4ccccc4)[C@H](OCc4ccccc4)[C@H]3N=[N+]=[N-])[C@H](OCc3ccccc3)[C@H]2OC(=O)c2ccccc2)cc1,COc1ccc(O[C@@H]2O[C@@H](COC(=O)CCl)[C@@H](O[C@H]3O[C@H](COC(C)=O)[C@@H](O[C@@H]4O[C@@H](COC(=O)CCl)[C@@H](O[C@H]5O[C@H](COC(C)=O)[C@@H](OC(C)=O)[C@H](OCc6ccccc6)[C@H]5N=[N+]=[N-])[C@H](OCc5ccccc5)[C@H]4OC(=O)c4ccccc4)[C@H](OCc4ccccc4)[C@H]3N=[N+]=[N-])[C@H](OCc3ccccc3)[C@H]2OC(=O)c2ccccc2)cc1,trichloroacetimidate,47,48,47,48
SG-579b8949fd78bf71,579b8949fd78bf71100a864213231a1281d06e4356e5d3a04fe6907ae23243e2,1459,31-013-CAS-15100866,1459,31-013-CAS-15100866,1,CS[C@@H]1O[C@H](COC(C)=O)[C@H](OC(C)=O)[C@H](N=[N+]=[N-])[C@H]1OC(C)=O,CC(=O)OC[C@H]1O[C@@H](OCCBr)[C@H](N2C(=O)c3c(Cl)c(Cl)c(Cl)c(Cl)c3C2=O)[C@@H](O)[C@@H]1O,CC(=O)OC[C@H]1O[C@@H](OCCBr)[C@H](N2C(=O)c3c(Cl)c(Cl)c(Cl)c(Cl)c3C2=O)[C@@H](O)[C@@H]1OC(C)=O,thioglycoside,30,31,30,31
SG-58240bf83402f0d2,58240bf83402f0d27352df163180faf715977003bcfe785a1753bd9aff7fb4b5,161,31-010-CAS-8171704,161,31-010-CAS-8171704,1,CC(=O)OC[C@H]1O[C@H](OC(=N)C(Cl)(Cl)Cl)[C@H](OC(C)=O)[C@@H](OC(C)=O)[C@H]1OC(C)=O,CC(=O)O[C@H]1[C@H](O)[C@@H](COCc2ccccc2)O[C@@H](OCCCBr)[C@@H]1N1C(=O)c2ccccc2C1=O,CC(=O)O[C@H]1[C@H](OC(C)=O)[C@@H](COCc2ccccc2)O[C@@H](OCCCBr)[C@@H]1N1C(=O)c2ccccc2C1=O,trichloroacetimidate,5,6,5,6
SG-583569c136474e8f,583569c136474e8f1016b2262f4a408b20b0019fc417e7bfc9278940bc2e52b1,156,31-010-CAS-12060642,156,31-010-CAS-12060642,1,CC(=O)OC[C@H]1O[C@@H](OC(=N)C(Cl)(Cl)Cl)[C@H](N=[N+]=[N-])[C@@H](OC(C)=O)[C@H]1OC(C)=O,CCS[C@H]1O[C@H](C)[C@@H](N=[N+]=[N-])[C@H](OCc2ccccc2)[C@@H]1O,CCS[C@H]1O[C@H](C)[C@@H](N=[N+]=[N-])[C@H](OCc2ccccc2)[C@@H]1OC(C)=O,trichloroacetimidate,20,21,20,21
SG-584f8f792701c95e,584f8f792701c95ecff16803ef839b1003ae46f23f9a7ea02a03054aff63aaae,620,31-010-CAS-21471849,620,31-010-CAS-21471849,1,C=CCO[C@H]1[C@H]2O[C@@H](c3ccccc3)OC[C@H]2OC(OC(=Nc2ccccc2)C(F)(F)F)[C@@H]1OC(=O)c1ccccc1,[N-]=[N+]=NCCCO[C@@H]1O[C@H](COC(=O)c2ccccc2)[C@@H](O[C@@H]2O[C@H](COC(=O)c3ccccc3)[C@H](O)[C@H](O[C@@H]3O[C@H](COCc4ccccc4)[C@@H](O)[C@H](OCc4ccccc4)[C@H]3N3C(=O)c4ccccc4C3=O)[C@H]2OC(=O)c2ccccc2)[C@H](OC(=O)c2ccccc2)[C@H]1OC(=O)c1ccccc1,CC(=O)O[C@H]1[C@H](OCc2ccccc2)[C@@H](N2C(=O)c3ccccc3C2=O)[C@H](O[C@H]2[C@@H](O)[C@@H](COC(=O)c3ccccc3)O[C@@H](O[C@H]3[C@H](OC(=O)c4ccccc4)[C@@H](OC(=O)c4ccccc4)[C@H](OCCCN=[N+]=[N-])O[C@@H]3COC(=O)c3ccccc3)[C@@H]2OC(=O)c2ccccc2)O[C@@H]1COCc1ccccc1,trifluoroacetimidate,51,52,4,3
SG-586c0a0ba7bb6df7,586c0a0ba7bb6df783d1b6a5c8cc55aa9b49d01fbb2b8ca818c0db377b7b63b3,285,31-010-CAS-19796356,285,31-010-CAS-19796356,1,CC(=O)OC[C@H]1O[C@H](OC(=N)C(Cl)(Cl)Cl)[C@H](OC(C)=O)[C@@H](OC(C)=O)[C@H]1OC(C)=O,CCS[C@@H]1O[C@H](COCc2ccccc2)[C@@H](O)[C@H](O)[C@H]1N1C(=O)c2ccccc2C1=O,CCS[C@@H]1O[C@H](COCc2ccccc2)[C@@H](OC(C)=O)[C@H](O)[C@H]1N1C(=O)c2ccccc2C1=O,trichloroacetimidate,15,16,15,16
SG-587122b595cfaabf,587122b595cfaabf30c681dc452290f1ee0f5816b1cc86868aa3a8113df7386e,45,31-010-CAS-7945671,45,31-010-CAS-7945671,1,COC(=O)[C@@H]1O[C@H](OC(=N)C(Cl)(Cl)Cl)[C@H](OC(C)=O)[C@@H](OCc2ccccc2)[C@@H]1OCc1ccccc1,CC(C)(C)[Si](C)(C)O[C@@H]1O[C@H](COCc2ccccc2)[C@@H](O)[C@H](OCc2ccccc2)[C@H]1N=[N+]=[N-],CC(=O)O[C@H]1[C@H](OCc2ccccc2)[C@@H](N=[N+]=[N-])[C@H](O[Si](C)(C)C(C)(C)C)O[C@@H]1COCc1ccccc1,trichloroacetimidate,20,21,4,3
SG-58a167525e003932,58a167525e00393243aa25197c757be50347a40e95a22b59edb4580679e43993,962,31-013-CAS-7581446,962,31-013-CAS-7581446,1,CCS[C@@H]1O[C@H](COC(C)=O)[C@H](OC(C)=O)[C@H](OC(C)=O)[C@H]1OC(C)=O,CC(=O)N[C@H]1[C@H](OCc2ccc3ccccc3c2)O[C@H](COC(=O)c2ccccc2)[C@@H](O)[C@@H]1OC(=O)c1ccccc1,CC(=O)N[C@H]1[C@H](OCc2ccc3ccccc3c2)O[C@H](COC(=O)c2ccccc2)[C@@H](OC(C)=O)[C@@H]1OC(=O)c1ccccc1,thioglycoside,30,31,30,31
SG-58b2dd191c85bd6f,58b2dd191c85bd6f2f975562e33b3cc6cc889174e52d9ef45ff07067cd96ac68,448,31-010-CAS-13639242,448,31-010-CAS-13639242,1,COC(=O)[C@@H]1O[C@@H](OC(=N)C(Cl)(Cl)Cl)[C@H](OC(C)=O)[C@@H](OCc2ccccc2)[C@@H]1O[C@H]1O[C@@H]2CO[C@@H](c3ccccc3)O[C@H]2[C@H](OCc2ccccc2)[C@H]1N=[N+]=[N-],C=CCO[C@@H]1O[C@@H](C(=O)OC)[C@@H](O[C@H]2O[C@H](COCc3ccccc3)[C@@H](O)[C@H](OCc3ccccc3)[C@H]2N=[N+]=[N-])[C@H](OCc2ccccc2)[C@H]1OC(C)=O,C=CCO[C@@H]1O[C@@H](C(=O)OC)[C@@H](O[C@H]2O[C@H](COCc3ccccc3)[C@@H](OC(C)=O)[C@H](OCc3ccccc3)[C@H]2N=[N+]=[N-])[C@H](OCc2ccccc2)[C@H]1OC(C)=O,trichloroacetimidate,25,26,25,26
SG-58f6407ff8030f5a,58f6407ff8030f5a1e331ae3fd93551beb706d97a8bcb1163c8a5f40969d0a8a,566,31-013-CAS-4821839,566,31-013-CAS-4821839,1,[N-]=[N+]=N[C@H]1[C@@H](OC(=Nc2ccccc2)C(F)(F)F)O[C@@H]2CO[C@H](c3ccccc3)O[C@@H]2[C@@H]1OCc1ccccc1,C=CCCCO[C@H]1O[C@H](COC(C)=O)[C@H](O)[C@H](OCc2ccccc2)[C@H]1N=[N+]=[N-],C=CCCCO[C@H]1O[C@H](COC(C)=O)[C@H](OC(C)=O)[C@H](OCc2ccccc2)[C@H]1N=[N+]=[N-],trifluoroacetimidate,14,15,14,15
SG-5915795d1c1aafcb,5915795d1c1aafcb2c7f7f2b36962c48898a9fe2ee4e95cb13dc83cb7326d4db,716,31-614-CAS-44061152,716,31-614-CAS-44061152,1,CC(=O)O[C@@H]1[C@@H](N=[N+]=[N-])[C@H](Sc2ccccc2)O[C@@H]2CO[C@H](c3ccccc3)O[C@H]12,COc1ccc(O[C@H]2O[C@H](C)[C@@H](OCc3ccccc3)[C@H](O[C@H]3O[C@H](COCc4ccccc4)[C@H](O)[C@H](OCc4ccccc4)[C@H]3N=[N+]=[N-])[C@H]2N=[N+]=[N-])cc1,COc1ccc(O[C@H]2O[C@H](C)[C@@H](OCc3ccccc3)[C@H](O[C@H]3O[C@H](COCc4ccccc4)[C@H](OC(C)=O)[C@H](OCc4ccccc4)[C@H]3N=[N+]=[N-])[C@H]2N=[N+]=[N-])cc1,thioglycoside,34,35,34,35
SG-593f21bb8cbb8d69,593f21bb8cbb8d69e667904eade1bc808cf8add382a4dbb8468d4a72a75460af,1319,31-614-CAS-44041084,1319,31-614-CAS-44041084,1,CCS[C@@H]1O[C@H](COCc2ccccc2)[C@H](OCc2ccccc2)[C@H](OCc2ccccc2)[C@H]1OC(=O)c1ccccc1,COc1ccc(O[C@@H]2O[C@H](COC(=O)c3ccccc3)[C@H](OCc3ccccc3)[C@H](O[C@@H]3O[C@H](COC(=O)c4ccccc4)[C@@H](O)[C@H](OCc4ccccc4)[C@H]3N3C(=O)c4ccccc4C3=O)[C@H]2OC(=O)c2ccccc2)cc1,COc1ccc(O[C@@H]2O[C@H](COC(=O)c3ccccc3)[C@H](OCc3ccccc3)[C@H](O[C@@H]3O[C@H](COC(=O)c4ccccc4)[C@@H](OC(C)=O)[C@H](OCc4ccccc4)[C@H]3N3C(=O)c4ccccc4C3=O)[C@H]2OC(=O)c2ccccc2)cc1,thioglycoside,44,45,44,45
SG-599111cab128357d,599111cab128357d9467ae9b537146626a6cdbc90eaef5965f118c1475af7351,1200,31-013-CAS-12676411,1200;1203,31-013-CAS-12676411;31-013-CAS-13778249,2,CC(=O)O[C@H]1[C@H](OCc2ccccc2)[C@@H](N=[N+]=[N-])[C@H](Sc2ccccc2)O[C@@H]1CN1C(=O)c2ccccc2C1=O,CO[C@H]1O[C@H](CN=[N+]=[N-])[C@@H](O[C@H]2O[C@H](CN3C(=O)c4ccccc4C3=O)[C@@H](O[C@H]3O[C@H](CN4C(=O)c5ccccc5C4=O)[C@@H](O)[C@H](OCc4ccccc4)[C@H]3N=[N+]=[N-])[C@H](OCc3ccccc3)[C@H]2N=[N+]=[N-])[C@H](OCc2ccccc2)[C@H]1N=[N+]=[N-],CO[C@H]1O[C@H](CN=[N+]=[N-])[C@@H](O[C@H]2O[C@H](CN3C(=O)c4ccccc4C3=O)[C@@H](O[C@H]3O[C@H](CN4C(=O)c5ccccc5C4=O)[C@@H](OC(C)=O)[C@H](OCc4ccccc4)[C@H]3N=[N+]=[N-])[C@H](OCc3ccccc3)[C@H]2N=[N+]=[N-])[C@H](OCc2ccccc2)[C@H]1N=[N+]=[N-],thioglycoside,43,44,43,44
SG-599e018ffe4f7f27,599e018ffe4f7f27fa7ddbc6bc0c256b264ef1ae6f7351bc982483112a9fcefa,737,31-013-CAS-13207789,737,31-013-CAS-13207789,1,COC(=O)[C@H]1O[C@@H](O[C@H]2[C@H](OCc3ccccc3)[C@@H](N=[N+]=[N-])[C@@H](O[C@H]3[C@H](OCc4ccccc4)[C@@H](OC(=O)c4ccccc4)[C@H](Sc4ccccc4)O[C@H]3C(=O)OC)O[C@@H]2COC(C)=O)[C@H](OC(=O)c2ccccc2)[C@@H](OCc2ccccc2)[C@@H]1O[C@H]1O[C@H](COC(C)=O)[C@@H](OCc2ccccc2)[C@H](OCc2ccccc2)[C@H]1N=[N+]=[N-],CC(=O)OC[C@H]1O[C@@H](OC(C)C)[C@H](N=[N+]=[N-])[C@@H](OCc2ccccc2)[C@@H]1O,CC(=O)OC[C@H]1O[C@@H](OC(C)C)[C@H](N=[N+]=[N-])[C@@H](OCc2ccccc2)[C@@H]1OC(C)=O,thioglycoside,25,26,25,26
SG-59dfdcff95b4d850,59dfdcff95b4d85043b317c839550cde8e623477abb9d42642be3bd4b5f722db,930,31-013-CAS-12418488,930,31-013-CAS-12418488,1,C=CCOC[C@H]1O[C@@H](SCC)[C@H](OC(C)=O)[C@@H](OC(C)=O)[C@H]1OC(C)=O,CC1(C)[C@H]2CC[C@]1(C)[C@]1(C2)O[C@@H]2[C@H](OCc3ccccc3)[C@@H](OCc3ccccc3)[C@H](OCc3ccccc3)[C@@H](O[C@H]3O[C@H](COCc4ccccc4)[C@@H](O)[C@H](OCc4ccccc4)[C@H]3N=[N+]=[N-])[C@@H]2O1,CC(=O)O[C@H]1[C@H](OCc2ccccc2)[C@@H](N=[N+]=[N-])[C@@H](O[C@@H]2[C@@H](OCc3ccccc3)[C@H](OCc3ccccc3)[C@@H](OCc3ccccc3)[C@H]3O[C@]4(C[C@@H]5CC[C@@]4(C)C5(C)C)O[C@@H]23)O[C@@H]1COCc1ccccc1,thioglycoside,53,54,4,3
SG-59e871198c991608,59e871198c9916080d833bd4bfe7f05e465dcde1e2acebddd5d4a79a013a3724,213,31-010-CAS-11980647,213,31-010-CAS-11980647,1,CC(=O)OC[C@H]1O[C@H](OC(=N)C(Cl)(Cl)Cl)[C@H](NC(=O)OCc2ccccc2)[C@@H](OC(C)=O)[C@@H]1OC(C)=O,CC(=O)O[C@H]1[C@H](O)[C@@H](COCc2ccccc2)O[C@@H](Sc2cc(C(C)(C)C)ccc2C)[C@@H]1N1C(=O)c2ccccc2C1=O,CC(=O)O[C@H]1[C@H](OC(C)=O)[C@@H](COCc2ccccc2)O[C@@H](Sc2cc(C(C)(C)C)ccc2C)[C@@H]1N1C(=O)c2ccccc2C1=O,trichloroacetimidate,5,6,5,6
SG-5a024e7f44e09dbd,5a024e7f44e09dbde107047b500a3071b950b542d00ddadddd0049b6d3bddb21,1067,31-013-CAS-21812652,1067;1068,31-013-CAS-21812652;31-013-CAS-777929,2,CCS[C@H]1O[C@@H](C)[C@@H](OCc2ccc(OC)cc2)[C@@H](OCc2ccc(OC)cc2)[C@@H]1OCc1ccc(OC)cc1,CC(=O)N[C@@H]1[C@@H](O[C@@H]2O[C@H](COC(C)=O)[C@H](OC(C)=O)[C@H](OC(C)=O)[C@H]2O)[C@H](O)[C@@H](COC(C)=O)O[C@H]1SCC#N,CC(=O)N[C@@H]1[C@@H](O[C@@H]2O[C@H](COC(C)=O)[C@H](OC(C)=O)[C@H](OC(C)=O)[C@H]2O)[C@H](OC(C)=O)[C@@H](COC(C)=O)O[C@H]1SCC#N,thioglycoside,27,28,27,28
SG-5a0491ffc80e085e,5a0491ffc80e085e583f1f74970a61c9fbc74b43fe1baee1c13d7a624020c922,444,31-010-CAS-1525880,444,31-010-CAS-1525880,1,COC(=O)[C@@H]1O[C@@H](OC(=N)C(Cl)(Cl)Cl)[C@H](OC(C)=O)[C@@H](OCc2ccccc2)[C@@H]1O[C@H]1O[C@@H]2CO[C@@H](c3ccccc3)O[C@H]2[C@H](OCc2ccccc2)[C@H]1N=[N+]=[N-],C=CCO[C@@H]1O[C@@H](C(=O)OC)[C@@H](O[C@H]2O[C@H](COC(C)=O)[C@@H](O)[C@H](OCc3ccccc3)[C@H]2N=[N+]=[N-])[C@H](OCc2ccccc2)[C@H]1OC(C)=O,C=CCO[C@@H]1O[C@@H](C(=O)OC)[C@@H](O[C@H]2O[C@H](COC(C)=O)[C@@H](OC(C)=O)[C@H](OCc3ccccc3)[C@H]2N=[N+]=[N-])[C@H](OCc2ccccc2)[C@H]1OC(C)=O,trichloroacetimidate,21,22,21,22
SG-5a3cb0a349ff64e2,5a3cb0a349ff64e208d23cbfa49f09068e0264524eb471b7a31813a6c071fc1a,754,31-013-CAS-12781994,754,31-013-CAS-12781994,1,CCSC1O[C@H]2COC(C)(C)O[C@H]2[C@H](OCc2ccccc2)[C@H]1OC(=O)c1ccccc1,C#CCCCO[C@H]1O[C@H](COC(C)=O)[C@@H](O)[C@H](OCc2ccccc2)[C@H]1N=[N+]=[N-],C#CCCCO[C@H]1O[C@H](COC(C)=O)[C@@H](OC(C)=O)[C@H](OCc2ccccc2)[C@H]1N=[N+]=[N-],thioglycoside,14,15,14,15
SG-5a7b9170bedc671b,5a7b9170bedc671b56f18f3caac644cdd26e89a606ac4c26e1a9651ef7db15e4,77,31-010-CAS-1677913,77,31-010-CAS-1677913,1,C[C@H]1O[C@H](OC(=N)C(Cl)(Cl)Cl)[C@@H](OC(=O)c2ccccc2)[C@@H](OC(=O)c2ccccc2)[C@@H]1N=[N+]=[N-],CCS[C@H]1O[C@H](C)[C@@H](N=[N+]=[N-])[C@H](OCc2ccccc2)[C@@H]1O,CCS[C@H]1O[C@H](C)[C@@H](N=[N+]=[N-])[C@H](OCc2ccccc2)[C@@H]1OC(C)=O,trichloroacetimidate,20,21,20,21
SG-5aa4b5fa054c24c8,5aa4b5fa054c24c8a91fb1532f013c2f562eceb23888e037c2662dac72dcce06,1077,31-013-CAS-13815318,1077,31-013-CAS-13815318,1,C=CCO[C@H]1[C@H]2O[C@H](c3ccccc3)OC[C@H]2O[C@@H](SC(C)C)[C@@H]1OC(=O)c1ccccc1,COc1ccc(O[C@@H]2O[C@H](COC(=O)c3ccccc3)[C@@H](O)[C@H](OC(=O)c3ccccc3)[C@H]2NC(=O)C(Cl)(Cl)Cl)cc1,COc1ccc(O[C@@H]2O[C@H](COC(=O)c3ccccc3)[C@@H](OC(C)=O)[C@H](OC(=O)c3ccccc3)[C@H]2NC(=O)C(Cl)(Cl)Cl)cc1,thioglycoside,20,21,20,21
SG-5ab95a77bb9ed322,5ab95a77bb9ed3228957c4ebb8464a4f877c29f78077903fde59e8ed03e0da0e,928,31-013-CAS-11609556,928,31-013-CAS-11609556,1,Cc1ccc(S[C@@H]2O[C@H](COCc3ccccc3)[C@@H](O[Si](C)(C)C(C)(C)C)[C@H](O[Si](C)(C)C(C)(C)C)[C@H]2O[Si](C)(C)C(C)(C)C)cc1,CO[C@@H]1O[C@H](COCc2ccccc2)[C@@H](O)[C@@H](O)[C@H]1N1C(=O)C(C)=C(C)C1=O,CO[C@@H]1O[C@H](COCc2ccccc2)[C@@H](OC(C)=O)[C@@H](O)[C@H]1N1C(=O)C(C)=C(C)C1=O,thioglycoside,14,15,14,15
SG-5adc73d2c657dafd,5adc73d2c657dafd0f995fb3aac3379aab921b0d51e4172af03b66a6777eaad6,1090,31-013-CAS-2504738,1090,31-013-CAS-2504738,1,CCS[C@@H]1O[C@@H]2CO[C@H](c3ccccc3)O[C@@H]2[C@H](OC(=O)CCl)[C@H]1OCc1ccccc1,CC(=O)N[C@H]1[C@H](OCCNC(=O)C(F)(F)F)O[C@H](COCc2ccccc2)[C@@H](O)[C@@H]1OCc1ccccc1,CC(=O)N[C@H]1[C@H](OCCNC(=O)C(F)(F)F)O[C@H](COCc2ccccc2)[C@@H](OC(C)=O)[C@@H]1OCc1ccccc1,thioglycoside,27,28,27,28
SG-5b1ce774e60dfa8c,5b1ce774e60dfa8c711bfc6530026f4490a285810d35999bb22f13b8c029fbb9,1329,31-013-CAS-23242169,1329;1330,31-013-CAS-23242169;31-013-CAS-20236304,2,COc1ccc(CO[C@@H]2[C@@H](OC(=O)CCC(C)=O)[C@H](Sc3ccc(C)cc3)O[C@@H]3CO[C@@H](c4ccccc4)O[C@@H]23)cc1,O=C1c2ccccc2C(=O)N1[C@H]1[C@H](OCc2ccccc2)O[C@H](COCc2ccccc2)[C@@H](O)[C@@H]1OCc1ccccc1,CC(=O)O[C@H]1[C@H](OCc2ccccc2)[C@@H](N2C(=O)c3ccccc3C2=O)[C@H](OCc2ccccc2)O[C@@H]1COCc1ccccc1,thioglycoside,32,33,4,3
SG-5b4fab5f231f24c3,5b4fab5f231f24c3ed8aa47a28ce993bd588e8d4f59348db03882344cdf6dc60,19,31-010-CAS-21359701,19;20,31-010-CAS-21359701;31-010-CAS-2387387,2,C=CCOC(=O)O[C@H]1[C@H](OC(=N)C(Cl)(Cl)Cl)O[C@H](C(=O)OC)[C@@H](OC(=O)CCC(C)=O)[C@@H]1OCc1ccccc1,COc1ccc(OC[C@H]2O[C@@H](Sc3ccc(C)cc3)[C@@H]3NC(=O)O[C@H]3[C@@H]2O)cc1,COc1ccc(OC[C@H]2O[C@@H](Sc3ccc(C)cc3)[C@@H]3NC(=O)O[C@H]3[C@@H]2OC(C)=O)cc1,trichloroacetimidate,25,26,25,26
SG-5b6c431748881c1a,5b6c431748881c1ac083901f24e6dfcc6158fffe2b7537472c16db5650bc8888,22,31-010-CAS-6541067,22,31-010-CAS-6541067,1,CC(=O)O[C@@H]1[C@@H](OC(C)=O)[C@H](OC(=N)C(Cl)(Cl)Cl)O[C@@H]2CO[C@@H](c3ccccc3)O[C@@H]12,CC1=C(C)C(=O)N([C@H]2[C@H](O[Si](C)(C)C(C)(C)C(C)C)O[C@H](COCc3ccccc3)[C@@H](O)[C@@H]2OCc2ccccc2)C1=O,CC(=O)O[C@H]1[C@H](OCc2ccccc2)[C@@H](N2C(=O)C(C)=C(C)C2=O)[C@H](O[Si](C)(C)C(C)(C)C(C)C)O[C@@H]1COCc1ccccc1,trichloroacetimidate,30,31,4,3
SG-5bb5b01ab5abe667,5bb5b01ab5abe667c1b918623b07deba83f2fa66fe10caf66d9a1d5fa23f19b2,919,31-013-CAS-12414632,919,31-013-CAS-12414632,1,COC(=O)[C@@H]1O[C@@H](Sc2ccccc2)[C@H](OC(=O)CCC(C)=O)[C@@H](OCc2ccccc2)[C@@H]1OC(=O)OCC1c2ccccc2-c2ccccc21,CC(=O)CCC(=O)OC[C@H]1O[C@H](OCCCCCN(Cc2ccccc2)C(=O)OCc2ccccc2)[C@H](N=[N+]=[N-])[C@@H](OCc2ccccc2)[C@@H]1O,CC(=O)CCC(=O)OC[C@H]1O[C@H](OCCCCCN(Cc2ccccc2)C(=O)OCc2ccccc2)[C@H](N=[N+]=[N-])[C@@H](OCc2ccccc2)[C@@H]1OC(C)=O,thioglycoside,49,50,49,50
SG-5c00ea48a2fe24ef,5c00ea48a2fe24efd8cf7dd1e1a5242ac15acfe2eb153652ee6cbedbe089a0e1,924,31-013-CAS-6767602,924,31-013-CAS-6767602,1,COC(=O)[C@H]1O[C@@H](Sc2ccccc2)[C@H](OC(=O)c2ccccc2)[C@@H](OC(=O)c2ccccc2)[C@@H]1OC(=O)CCC(C)=O,C=CCCCO[C@H]1O[C@H](COCc2ccccc2)[C@@H](O)[C@H](OCc2ccccc2)[C@H]1N(C(C)=O)C(C)=O,C=CCCCO[C@H]1O[C@H](COCc2ccccc2)[C@@H](OC(C)=O)[C@H](OCc2ccccc2)[C@H]1N(C(C)=O)C(C)=O,thioglycoside,18,19,18,19
SG-5c7019ad503cf6b9,5c7019ad503cf6b9e2a60eb5af5b3242751736795dddb14f0783e9cf0e7e9b14,1253,31-013-CAS-9796530,1253,31-013-CAS-9796530,1,CS[C@@H]1O[C@H](COC(C)=O)[C@@H](OC(C)=O)[C@H](OC(C)=O)[C@H]1N1C(=O)c2ccccc2C1=O,O=C1c2ccccc2C(=O)N1[C@H]1[C@H](OCc2ccccc2)O[C@H](COCc2ccccc2)[C@@H](O)[C@@H]1OCc1ccccc1,CC(=O)O[C@H]1[C@H](OCc2ccccc2)[C@@H](N2C(=O)c3ccccc3C2=O)[C@H](OCc2ccccc2)O[C@@H]1COCc1ccccc1,thioglycoside,32,33,4,3
SG-5cda4a6474839146,5cda4a64748391460e0f87374001fbd0ee27588e6c54c59a8f77b4ef088acbbf,218,31-010-CAS-518399,218,31-010-CAS-518399,1,CC(=O)OC[C@H]1O[C@H](OC(=N)C(Cl)(Cl)Cl)[C@H](OC(C)=O)[C@@H](OC(=O)CCl)[C@H]1OC(C)=O,C=CCO[C@@H]1O[C@H](COCc2ccccc2)[C@@H](O)[C@H](OC(=O)OCC(Cl)(Cl)Cl)[C@H]1NC(C)=O,C=CCO[C@@H]1O[C@H](COCc2ccccc2)[C@@H](OC(C)=O)[C@H](OC(=O)OCC(Cl)(Cl)Cl)[C@H]1NC(C)=O,trichloroacetimidate,16,17,16,17
SG-5cf3eb3526448532,5cf3eb35264485322b073e9b562e9d25ebca5f766c862f3650658ccdf1c51580,510,31-010-CAS-2198909,510,31-010-CAS-2198909,1,CCOC(=O)[C@@H](C)O[C@H]1[C@H](O[C@@H]2O[C@H](COCc3ccccc3)[C@@H](O)[C@H](OCc3ccccc3)[C@H]2NC(=O)OCC(Cl)(Cl)Cl)[C@@H](COCc2ccccc2)OC(OC(=N)C(Cl)(Cl)Cl)[C@@H]1NC(=O)OCC(Cl)(Cl)Cl,C=CCO[C@H]1O[C@H](COCc2ccccc2)[C@@H](O[C@@H]2O[C@H](COCc3ccccc3)[C@@H](O)[C@H](OCc3ccccc3)[C@H]2NC(=O)OCC(Cl)(Cl)Cl)[C@H](O[C@H](C)C(=O)OCC)[C@H]1NC(=O)OCC(Cl)(Cl)Cl,C=CCO[C@H]1O[C@H](COCc2ccccc2)[C@@H](O[C@@H]2O[C@H](COCc3ccccc3)[C@@H](OC(C)=O)[C@H](OCc3ccccc3)[C@H]2NC(=O)OCC(Cl)(Cl)Cl)[C@H](O[C@H](C)C(=O)OCC)[C@H]1NC(=O)OCC(Cl)(Cl)Cl,trichloroacetimidate,30,31,30,31
SG-5d1345c2c26b3570,5d1345c2c26b357045e22ff555982ad1558510e579cd03fe89656eae47ff36d8,255,31-010-CAS-1862356,255,31-010-CAS-1862356,1,CC(=O)OC[C@H]1O[C@@H](OC(=N)C(Cl)(Cl)Cl)[C@H](OC(C)=O)[C@@H](OC(C)=O)[C@H]1OC(C)=O,CC(C)(C)C(=O)OC[C@H]1O[C@@H](OCc2ccc3ccccc3c2)[C@H](NC(=O)OCC(Cl)(Cl)Cl)[C@@H](O)[C@@H]1O,CC(=O)O[C@H]1[C@H](O)[C@@H](NC(=O)OCC(Cl)(Cl)Cl)[C@H](OCc2ccc3ccccc3c2)O[C@@H]1COC(=O)C(C)(C)C,trichloroacetimidate,35,36,4,3
SG-5d466b806f41b988,5d466b806f41b98803305f40ed5050638897224e81546c58cdf0c0414af4ea24,610,31-010-CAS-16753631,610,31-010-CAS-16753631,1,O=C(N[C@H]1C(OC(=Nc2ccccc2)C(F)(F)F)O[C@H](COCc2ccccc2)[C@@H](OC(=O)OCC2c3ccccc3-c3ccccc32)[C@@H]1OCc1ccccc1)OCC(Cl)(Cl)Cl,C=CCO[C@H]1O[C@H](COCc2ccccc2)[C@@H](O)[C@H](O[C@H](C)C(=O)OCC)[C@H]1NC(=O)OCC(Cl)(Cl)Cl,C=CCO[C@H]1O[C@H](COCc2ccccc2)[C@@H](OC(C)=O)[C@H](O[C@H](C)C(=O)OCC)[C@H]1NC(=O)OCC(Cl)(Cl)Cl,trifluoroacetimidate,16,17,16,17
SG-5d4b7b914b956ab8,5d4b7b914b956ab880f5c02e8bbe7caab1e887cc41e929bf6fedcf7d8cae511d,775,31-013-CAS-37926,775,31-013-CAS-37926,1,CCS[C@@H]1O[C@H](COCc2ccccc2)[C@@H](OCc2ccc(OC)cc2)[C@H](OCc2ccccc2)[C@H]1OC(=O)CCC(C)=O,C=CCO[C@@H]1O[C@H](CO[Si](c2ccccc2)(c2ccccc2)C(C)(C)C)[C@@H](O)[C@H](OCc2ccccc2)[C@H]1N=[N+]=[N-],C=CCO[C@@H]1O[C@H](CO[Si](c2ccccc2)(c2ccccc2)C(C)(C)C)[C@@H](OC(C)=O)[C@H](OCc2ccccc2)[C@H]1N=[N+]=[N-],thioglycoside,26,27,26,27
SG-5d51aab1269463ef,5d51aab1269463efeb5d4a509f94cdb57cba18af53243dfd631a42ab65172f49,552,31-010-CAS-8134904,552,31-010-CAS-8134904,1,CC(=O)OC[C@H]1O[C@H](O[C@H]2[C@H](OCc3ccccc3)[C@@H](OC(=O)c3ccccc3)C(OC(=N)C(Cl)(Cl)Cl)O[C@H]2COC(=O)CCl)[C@H](N=[N+]=[N-])[C@@H](OCc2ccccc2)[C@@H]1OCc1ccccc1,COc1ccc(O[C@@H]2O[C@@H](COC(=O)CCl)[C@@H](O[C@H]3O[C@H](COC(C)=O)[C@@H](O[C@@H]4O[C@@H](COC(=O)CCl)[C@@H](O[C@H]5O[C@H](COC(C)=O)[C@@H](O)[C@H](OCc6ccccc6)[C@H]5N=[N+]=[N-])[C@H](OCc5ccccc5)[C@H]4OC(=O)c4ccccc4)[C@H](OCc4ccccc4)[C@H]3N=[N+]=[N-])[C@H](OCc3ccccc3)[C@H]2OC(=O)c2ccccc2)cc1,COc1ccc(O[C@@H]2O[C@@H](COC(=O)CCl)[C@@H](O[C@H]3O[C@H](COC(C)=O)[C@@H](O[C@@H]4O[C@@H](COC(=O)CCl)[C@@H](O[C@H]5O[C@H](COC(C)=O)[C@@H](OC(C)=O)[C@H](OCc6ccccc6)[C@H]5N=[N+]=[N-])[C@H](OCc5ccccc5)[C@H]4OC(=O)c4ccccc4)[C@H](OCc4ccccc4)[C@H]3N=[N+]=[N-])[C@H](OCc3ccccc3)[C@H]2OC(=O)c2ccccc2)cc1,trichloroacetimidate,47,48,47,48
SG-5d5e0e5dd12998d7,5d5e0e5dd12998d7eba6dc8d78a28f6c6aa8ab111a75655a7be4433f2d63c4c7,172,31-010-CAS-23202499,172,31-010-CAS-23202499,1,CC(=O)OC[C@H]1O[C@H](OC(=N)C(Cl)(Cl)Cl)[C@H](OC(C)=O)[C@@H](OC(C)=O)[C@H]1OC(C)=O,CC(=O)CCC(=O)O[C@@H]1[C@@H](NC(C)=O)[C@H](OCCCCCCCl)O[C@H](COC(=O)c2ccccc2)[C@H]1O[C@@H]1O[C@H](COC(=O)C(C)(C)C)[C@H](OC(C)=O)[C@H](O[C@@H]2O[C@H](COC(=O)CCl)[C@@H](O)[C@H](OC(C)=O)[C@H]2NC(=O)CCl)[C@H]1OC(C)=O,CC(=O)CCC(=O)O[C@@H]1[C@@H](NC(C)=O)[C@H](OCCCCCCCl)O[C@H](COC(=O)c2ccccc2)[C@H]1O[C@@H]1O[C@H](COC(=O)C(C)(C)C)[C@H](OC(C)=O)[C@H](O[C@@H]2O[C@H](COC(=O)CCl)[C@@H](OC(C)=O)[C@H](OC(C)=O)[C@H]2NC(=O)CCl)[C@H]1OC(C)=O,trichloroacetimidate,64,65,64,65
SG-5d77787ffe0f140d,5d77787ffe0f140d79654dae167578384262bcde768f67b1aa84dee226b77ac0,788,31-013-CAS-13972345,788,31-013-CAS-13972345,1,CCS[C@@H]1O[C@H](COCc2ccccc2)[C@@H](OCc2ccc(OC)cc2)[C@H](OCc2ccccc2)[C@H]1OC(=O)CCC(C)=O,C=CCO[C@@H]1O[C@H](CO[Si](c2ccccc2)(c2ccccc2)C(C)(C)C)[C@@H](O)[C@H](OC(=O)CCC(C)=O)[C@H]1N=[N+]=[N-],C=CCO[C@@H]1O[C@H](CO[Si](c2ccccc2)(c2ccccc2)C(C)(C)C)[C@@H](OC(C)=O)[C@H](OC(=O)CCC(C)=O)[C@H]1N=[N+]=[N-],thioglycoside,26,27,26,27
SG-5d89ad905307444b,5d89ad905307444bcdf5086d010f1e129167a1a45fb5791904427dff61f5ada8,1537,31-013-CAS-18776248,1537,31-013-CAS-18776248,1,COC(=O)[C@@]1(O[C@H]2[C@@H](OC(C)=O)[C@@H](COCc3ccccc3)O[C@@H](Sc3ccccc3)[C@@H]2OC(C)=O)C[C@@H]2OC(=O)N(C(C)=O)[C@H]2[C@H]([C@H](OC(C)=O)[C@@H](COC(C)=O)OC(C)=O)O1,C[C@@H]1O[C@@H](O[C@H]2[C@H](O)[C@@H](COCc3ccccc3)O[C@@H](O[Si](c3ccccc3)(c3ccccc3)C(C)(C)C)[C@@H]2NC(=O)OCC(Cl)(Cl)Cl)[C@@H](OCc2ccccc2)[C@H](OCc2ccccc2)[C@@H]1OCc1ccccc1,CC(=O)O[C@H]1[C@H](O[C@@H]2O[C@@H](C)[C@@H](OCc3ccccc3)[C@@H](OCc3ccccc3)[C@@H]2OCc2ccccc2)[C@@H](NC(=O)OCC(Cl)(Cl)Cl)[C@H](O[Si](c2ccccc2)(c2ccccc2)C(C)(C)C)O[C@@H]1COCc1ccccc1,thioglycoside,6,7,4,3
SG-5db45d04011cda7a,5db45d04011cda7ae229ff70358053c2a1fbec58e7f9f1d3319c437a74347aea,1429,31-013-CAS-1469336,1429,31-013-CAS-1469336,1,COC(=O)[C@@]1(O[C@H]2[C@@H](OC(C)=O)[C@@H](COC(C)=O)O[C@@H](SC)[C@@H]2OC(=O)c2ccccc2)C[C@H](OC(C)=O)[C@@H](NC(=O)C(F)(F)F)[C@H]([C@H](OC(C)=O)[C@@H](COC(C)=O)OC(C)=O)O1,CCCCCCCCCCCCCCC(CCCCCCCCCCCCCC)CO[C@@H]1O[C@H](COc2ccc(OC)cc2)[C@@H](O)[C@H](O[C@@H]2O[C@@H](C)[C@@H](OCc3ccccc3)[C@@H](OCc3ccccc3)[C@@H]2OCc2ccccc2)[C@H]1NC(C)=O,CCCCCCCCCCCCCCC(CCCCCCCCCCCCCC)CO[C@@H]1O[C@H](COc2ccc(OC)cc2)[C@@H](OC(C)=O)[C@H](O[C@@H]2O[C@@H](C)[C@@H](OCc3ccccc3)[C@@H](OCc3ccccc3)[C@@H]2OCc2ccccc2)[C@H]1NC(C)=O,thioglycoside,44,45,44,45
SG-5de87145f48aa825,5de87145f48aa82592d2eadd9a1575f454c87c2cabc109ac0ba3f94056279ff1,1196,31-013-CAS-1342962,1196,31-013-CAS-1342962,1,CCS[C@@H]1O[C@H](COC(C)=O)[C@@H](OC(C)=O)[C@H](OC(C)=O)[C@H]1N1C(=O)c2ccccc2C1=O,C[Si](C)(C)CCO[C@@H]1O[C@H](COCc2ccccc2)[C@@H](O)[C@H](O)[C@H]1N1C(=O)c2ccccc2C1=O,CC(=O)O[C@H]1[C@H](O)[C@@H](N2C(=O)c3ccccc3C2=O)[C@H](OCC[Si](C)(C)C)O[C@@H]1COCc1ccccc1,thioglycoside,19,20,4,3
SG-5df491f2b078c158,5df491f2b078c1585dcb7588a4dd3f748310598f7eba61d885daf19958053047,1551,31-614-CAS-29170155,1551;1552,31-614-CAS-29170155;31-614-CAS-27856064,2,C[C@H]1O[C@@H](S(=O)c2ccccc2)[C@H](N2C(=O)c3c(Cl)c(Cl)c(Cl)c(Cl)c3C2=O)[C@@H](O)[C@@H]1O[C@@H]1O[C@H](C(=O)OCC[Si](C)(C)C)[C@H](OCc2ccccc2)[C@H](OCc2ccccc2)[C@H]1OC(=O)c1ccccc1,COc1ccc(COC[C@H]2O[C@@H](O[C@H]3[C@H](OCC[Si](C)(C)C)O[C@H](C(=O)Oc4ccccc4)[C@@](C)(O)[C@@H]3OC(=O)Oc3ccccc3)[C@H](N3C(=O)c4c(Cl)c(Cl)c(Cl)c(Cl)c4C3=O)[C@@H](OC(C)=O)[C@@H]2O)cc1,COc1ccc(COC[C@H]2O[C@@H](O[C@H]3[C@H](OCC[Si](C)(C)C)O[C@H](C(=O)Oc4ccccc4)[C@@](C)(O)[C@@H]3OC(=O)Oc3ccccc3)[C@H](N3C(=O)c4c(Cl)c(Cl)c(Cl)c(Cl)c4C3=O)[C@@H](OC(C)=O)[C@@H]2OC(C)=O)cc1,thioglycoside,68,69,68,69
SG-5df7e71a5badca1c,5df7e71a5badca1c69eecc91ab6373869e3fa07f5d544a8f3eb0779f65c235c8,929,31-614-CAS-44130786,929,31-614-CAS-44130786,1,CCS[C@@H]1O[C@@H]2CO[C@@H](c3ccccc3)O[C@H]2[C@H](OCc2ccccc2)[C@H]1OC(C)=O,COC(=O)[C@]12CCC(C)(C)C[C@H]1C1=CC[C@@H]3[C@@]4(C)CC[C@H](O[C@@H]5O[C@H](COCc6ccc(OC)cc6)[C@@H](O)[C@H](OCc6ccccc6)[C@H]5N=[N+]=[N-])C(C)(C)[C@@H]4CC[C@@]3(C)[C@]1(C)CC2,COC(=O)[C@]12CCC(C)(C)C[C@H]1C1=CC[C@@H]3[C@@]4(C)CC[C@H](O[C@@H]5O[C@H](COCc6ccc(OC)cc6)[C@@H](OC(C)=O)[C@H](OCc6ccccc6)[C@H]5N=[N+]=[N-])C(C)(C)[C@@H]4CC[C@@]3(C)[C@]1(C)CC2,thioglycoside,36,37,36,37
SG-5e1836ff6e298b05,5e1836ff6e298b0562409860b105be49acbc9ffb22ba8b4e1511db18b5dd8f65,895,31-013-CAS-18987289,895,31-013-CAS-18987289,1,CCS[C@H]1O[C@H]2CO[C@@H](c3ccc4ccccc4c3)O[C@H]2[C@H](OCc2ccccc2)[C@H]1OCc1ccccc1,CO[C@H]1O[C@H](COCc2ccccc2)[C@@H](O)[C@H](OCc2ccccc2)[C@H]1NC(C)=O,CO[C@H]1O[C@H](COCc2ccccc2)[C@@H](OC(C)=O)[C@H](OCc2ccccc2)[C@H]1NC(C)=O,thioglycoside,14,15,14,15
SG-5e47a4be492cda9c,5e47a4be492cda9caa5625d697a6daf4920874b1268e3d6c717dcf80a6c2a170,117,31-010-CAS-11723554,117,31-010-CAS-11723554,1,CC(=O)O[C@H]1[C@@H](OC(=N)C(Cl)(Cl)Cl)O[C@@H]2CO[C@@H](c3ccccc3)O[C@H]2[C@@H]1OC(=O)c1ccccc1,CCS[C@@H]1O[C@H](COCc2ccccc2)[C@@H](O)[C@H](OCc2ccccc2)[C@H]1N1C(=O)c2ccccc2C1=O,CCS[C@@H]1O[C@H](COCc2ccccc2)[C@@H](OC(C)=O)[C@H](OCc2ccccc2)[C@H]1N1C(=O)c2ccccc2C1=O,trichloroacetimidate,15,16,15,16
SG-5e962ba35117b1ed,5e962ba35117b1ed56df5cc56f4c4563a100ba1b473293612a418920a8fc53ae,1280,31-614-CAS-34954204,1280,31-614-CAS-34954204,1,CC(C)(C)[Si](C)(C)O[C@@H]1[C@@H](NC(=O)C(Cl)(Cl)Cl)[C@H](Sc2ccccc2)O[C@@H]2CO[C@H](c3ccccc3)O[C@H]12,COc1ccc(O[C@@H]2O[C@H](C(=O)OCc3ccccc3)[C@@H](O)[C@H](OC(=O)c3ccccc3)[C@H]2NC(=O)c2ccccc2)cc1,COc1ccc(O[C@@H]2O[C@H](C(=O)OCc3ccccc3)[C@@H](OC(C)=O)[C@H](OC(=O)c3ccccc3)[C@H]2NC(=O)c2ccccc2)cc1,thioglycoside,20,21,20,21
SG-5eb3d575dac368af,5eb3d575dac368afd1860a942224278a6181c2d1db20abc5c405eb2a20677afb,537,31-010-CAS-10214693,537,31-010-CAS-10214693,1,CC(=O)OC[C@H]1O[C@H](O[C@H]2[C@H](OCc3ccccc3)[C@@H](OC(=O)c3ccccc3)C(OC(=N)C(Cl)(Cl)Cl)O[C@H]2COC(=O)CCl)[C@H](N=[N+]=[N-])[C@@H](OCc2ccccc2)[C@@H]1OC(=O)OCC1c2ccccc2-c2ccccc21,COc1ccc(O[C@@H]2O[C@H](COC(=O)CCl)[C@@H](O[C@H]3O[C@H](COC(C)=O)[C@@H](O)[C@H](OCc4ccccc4)[C@H]3N=[N+]=[N-])[C@H](OCc3ccccc3)[C@H]2OC(=O)c2ccccc2)cc1,COc1ccc(O[C@@H]2O[C@H](COC(=O)CCl)[C@@H](O[C@H]3O[C@H](COC(C)=O)[C@@H](OC(C)=O)[C@H](OCc4ccccc4)[C@H]3N=[N+]=[N-])[C@H](OCc3ccccc3)[C@H]2OC(=O)c2ccccc2)cc1,trichloroacetimidate,26,27,26,27
SG-5ec2d5a241e82bfe,5ec2d5a241e82bfe3dff9e4a05d63247c1fb4aaa7bedb6df737b7a2c82397983,79,31-010-CAS-17642142,79,31-010-CAS-17642142,1,CC(C)(C)[Si](OC[C@H]1OC(OC(=N)C(Cl)(Cl)Cl)[C@H](OCc2ccccc2)[C@@H](OCc2ccccc2)[C@H]1OCc1ccccc1)(c1ccccc1)c1ccccc1,C=CCO[C@@H]1[C@H](OCc2ccccc2)[C@@H](OCc2ccccc2)[C@H](OCc2ccccc2)[C@@H](OCc2ccccc2)[C@H]1O[C@H]1O[C@H](COCc2ccccc2)[C@@H](O)[C@H](OCc2ccccc2)[C@H]1N=[N+]=[N-],C=CCO[C@@H]1[C@H](OCc2ccccc2)[C@@H](OCc2ccccc2)[C@H](OCc2ccccc2)[C@@H](OCc2ccccc2)[C@H]1O[C@H]1O[C@H](COCc2ccccc2)[C@@H](OC(C)=O)[C@H](OCc2ccccc2)[C@H]1N=[N+]=[N-],trichloroacetimidate,55,56,55,56
SG-5ef1b97a24b4440f,5ef1b97a24b4440f147a3b30d0e35f7334824967fd92fe765fd2a5f0d72cce32,745,31-013-CAS-20281580,745,31-013-CAS-20281580,1,CCS[C@H]1O[C@@H]2CO[C@@H](c3ccccc3)O[C@H]2[C@H](OCc2ccc(OC)cc2)[C@@H]1OCc1ccccc1,COc1ccc(O[C@H]2O[C@H](COCc3ccccc3)[C@H](O)[C@H](OC(C)=O)[C@H]2N=[N+]=[N-])cc1,COc1ccc(O[C@H]2O[C@H](COCc3ccccc3)[C@H](OC(C)=O)[C@H](OC(C)=O)[C@H]2N=[N+]=[N-])cc1,thioglycoside,19,20,19,20
SG-5f0d0ee8d22467a8,5f0d0ee8d22467a8e49914145234166aa11788470cbd2c1f9798f6d56e7047c3,1333,31-013-CAS-4389262,1333,31-013-CAS-4389262,1,C=CCO[C@@H]1[C@@H](OC(=O)CCC(C)=O)[C@H](SCC)O[C@@H]2COC(c3ccccc3)O[C@@H]12,COc1ccc(O[C@@H]2O[C@H](COCc3ccccc3)[C@@H](O)[C@H](OCc3ccccc3)[C@H]2N2C(=O)c3ccccc3C2=O)cc1,COc1ccc(O[C@@H]2O[C@H](COCc3ccccc3)[C@@H](OC(C)=O)[C@H](OCc3ccccc3)[C@H]2N2C(=O)c3ccccc3C2=O)cc1,thioglycoside,19,20,19,20
SG-5f900b5408bd6a9d,5f900b5408bd6a9d29284477c45baf47d0b721161e6435ca8c8a20101d4506a2,549,31-010-CAS-16396100,549,31-010-CAS-16396100,1,N=C(O[C@@H]1O[C@H](COCc2ccccc2)[C@@H](O[C@@H]2O[C@H](COCc3ccccc3)[C@@H](OC(=O)CCl)[C@H](OCc3ccccc3)[C@H]2N2C(=O)c3ccccc3C2=O)[C@H](OCc2ccccc2)[C@H]1N1C(=O)c2ccccc2C1=O)C(Cl)(Cl)Cl,[N-]=[N+]=NCCO[C@@H]1O[C@H](COCc2ccccc2)[C@@H](O[C@@H]2O[C@H](COCc3ccccc3)[C@@H](O[C@@H]3O[C@H](COCc4ccccc4)[C@@H](O)[C@H](OCc4ccccc4)[C@H]3N3C(=O)c4ccccc4C3=O)[C@H](OCc3ccccc3)[C@H]2N2C(=O)c3ccccc3C2=O)[C@H](OCc2ccccc2)[C@H]1N1C(=O)c2ccccc2C1=O,CC(=O)O[C@H]1[C@H](OCc2ccccc2)[C@@H](N2C(=O)c3ccccc3C2=O)[C@H](O[C@H]2[C@H](OCc3ccccc3)[C@@H](N3C(=O)c4ccccc4C3=O)[C@H](O[C@H]3[C@H](OCc4ccccc4)[C@@H](N4C(=O)c5ccccc5C4=O)[C@H](OCCN=[N+]=[N-])O[C@@H]3COCc3ccccc3)O[C@@H]2COCc2ccccc2)O[C@@H]1COCc1ccccc1,trichloroacetimidate,46,47,4,3
SG-5f90613af2f95a94,5f90613af2f95a944a8e44f0d68c851bf109bbc1a15f9c8b64b011abdfff5d12,1040,31-013-CAS-187934,1040;1041,31-013-CAS-187934;31-013-CAS-4338253,2,O=C(O[C@@H]1[C@@H](OCc2ccccc2)[C@@H]2O[C@H](c3cccc4ccccc34)OC[C@@H]2O[C@H]1Sc1ccccc1)c1ccccc1,COc1ccc(OC[C@H]2O[C@H](OC)[C@H](NC(=O)OCc3ccccc3)[C@@H](OCc3ccccc3)[C@@H]2O)cc1,COc1ccc(OC[C@H]2O[C@H](OC)[C@H](NC(=O)OCc3ccccc3)[C@@H](OCc3ccccc3)[C@@H]2OC(C)=O)cc1,thioglycoside,34,35,34,35
SG-5fa4c2a5b2dfa306,5fa4c2a5b2dfa306c5b9cb1f61b73cc5f446416bead660d6dc71b92f63852cdb,567,31-013-CAS-13390852,567,31-013-CAS-13390852,1,CC(=O)OC[C@H]1O[C@@H](OC(=Nc2ccccc2)C(F)(F)F)[C@H](N=[N+]=[N-])[C@@H](OCc2ccccc2)[C@H]1OCc1ccccc1,CC(=O)OC[C@H]1O[C@@H](O[Si](C)(C)C(C)(C)C(C)C)[C@H](N=[N+]=[N-])[C@@H](OCc2ccccc2)[C@H]1O,CC(=O)OC[C@H]1O[C@@H](O[Si](C)(C)C(C)(C)C(C)C)[C@H](N=[N+]=[N-])[C@@H](OCc2ccccc2)[C@H]1OC(C)=O,trifluoroacetimidate,31,32,31,32
SG-5fb82100c14bfe0e,5fb82100c14bfe0e061a0f5208f419bf41f93155d50e6e9dabce808e2a9e6df5,1486,31-013-CAS-14570516,1486;1487,31-013-CAS-14570516;31-013-CAS-12428615,2,CS[C@@H]1O[C@H](COC(C)=O)[C@H](OC(C)=O)[C@H](OC(C)=O)[C@H]1OC(C)=O,[N-]=[N+]=N[C@@H]1O[C@H](COCc2ccccc2)[C@@H](O[C@@H]2O[C@H](COCc3ccccc3)[C@@H](O)[C@H](OCc3ccccc3)[C@H]2N2C(=O)c3ccccc3C2=O)[C@H](OCc2ccccc2)[C@H]1N1C(=O)c2ccccc2C1=O,CC(=O)O[C@H]1[C@H](OCc2ccccc2)[C@@H](N2C(=O)c3ccccc3C2=O)[C@H](O[C@H]2[C@H](OCc3ccccc3)[C@@H](N3C(=O)c4ccccc4C3=O)[C@H](N=[N+]=[N-])O[C@@H]2COCc2ccccc2)O[C@@H]1COCc1ccccc1,thioglycoside,29,30,4,3
SG-5fc8b26312c89798,5fc8b26312c8979849e9c80c585face5f75528b30b0ff8bc8c8e5a4532e07647,1162,31-013-CAS-9669067,1162,31-013-CAS-9669067,1,CC(=O)CCC(=O)OC[C@H]1O[C@@H](Sc2ccc(C)cc2)[C@H](OC(=O)c2ccccc2)[C@@H](OCc2ccccc2)[C@@H]1O[C@H]1O[C@H](COC(C)=O)[C@@H](O[Si](C)(C)C(C)(C)C)[C@H](OCc2ccccc2)[C@H]1N=[N+]=[N-],CC(=O)CCC(=O)OC[C@H]1O[C@@H](OCCCN(Cc2ccccc2)C(=O)OCc2ccccc2)[C@H](OC(=O)c2ccccc2)[C@@H](OCc2ccccc2)[C@@H]1O[C@H]1O[C@H](COS(=O)(=O)OCC(Cl)(Cl)Cl)[C@@H](O)[C@H](OCc2ccccc2)[C@H]1N=[N+]=[N-],CC(=O)CCC(=O)OC[C@H]1O[C@@H](OCCCN(Cc2ccccc2)C(=O)OCc2ccccc2)[C@H](OC(=O)c2ccccc2)[C@@H](OCc2ccccc2)[C@@H]1O[C@H]1O[C@H](COS(=O)(=O)OCC(Cl)(Cl)Cl)[C@@H](OC(C)=O)[C@H](OCc2ccccc2)[C@H]1N=[N+]=[N-],thioglycoside,69,70,69,70
SG-5fca95a5d3d538cb,5fca95a5d3d538cb2c94d63439539e35baee582ef2b7cf7e176e76e3c5a2c08b,439,31-010-CAS-21359682,439;440,31-010-CAS-21359682;31-010-CAS-11950124,2,COC(=O)[C@H]1OC(OC(=N)C(Cl)(Cl)Cl)[C@H](OC(=O)c2ccccc2)[C@@H](OCc2ccccc2)[C@@H]1O[C@H]1O[C@H](COCc2ccc(OC)cc2)[C@@H](OCc2ccccc2)[C@H](OCc2ccccc2)[C@H]1N=[N+]=[N-],COc1ccc(OC[C@H]2O[C@@H](O[Si](c3ccccc3)(c3ccccc3)C(C)(C)C)[C@H](N=[N+]=[N-])[C@@H](OC(=O)c3ccccc3)[C@@H]2O)cc1,COc1ccc(OC[C@H]2O[C@@H](O[Si](c3ccccc3)(c3ccccc3)C(C)(C)C)[C@H](N=[N+]=[N-])[C@@H](OC(=O)c3ccccc3)[C@@H]2OC(C)=O)cc1,trichloroacetimidate,43,44,43,44
SG-5fd235c8747a885b,5fd235c8747a885b0b16ab0d0a4252afd1934ea779a677d0c42d7cd53f0dae91,604,31-614-CAS-36324798,604,31-614-CAS-36324798,1,COC(=O)[C@]1(C)OC[C@H]2O[C@H](OC[C@H]3OC(OC(=Nc4ccccc4)C(F)(F)F)[C@H](N=[N+]=[N-])[C@@H](OCc4ccccc4)[C@H]3OCc3ccccc3)[C@H](N=[N+]=[N-])[C@@H](OCc3ccccc3)[C@H]2O1,COC(=O)[C@H]1O[C@H](O[C@@H]2[C@@H](N=[N+]=[N-])[C@@H](OCCCCCN(Cc3ccccc3)C(=O)OCc3ccccc3)O[C@H](C)[C@H]2OCc2ccccc2)[C@H](N=[N+]=[N-])[C@@H](OCc2ccccc2)[C@H]1O,COC(=O)[C@H]1O[C@H](O[C@@H]2[C@@H](N=[N+]=[N-])[C@@H](OCCCCCN(Cc3ccccc3)C(=O)OCc3ccccc3)O[C@H](C)[C@H]2OCc2ccccc2)[C@H](N=[N+]=[N-])[C@@H](OCc2ccccc2)[C@H]1OC(C)=O,trifluoroacetimidate,63,64,63,64
SG-5fe489b09cd36e7a,5fe489b09cd36e7aad9afc905e5187b89abb283f48858d7b4fe9f818e5c6cf93,1542,31-013-CAS-21774311,1542,31-013-CAS-21774311,1,CC(=O)OC[C@H]1O[C@@H](Sc2ccc(C)cc2)[C@H](N=[N+]=[N-])[C@@H](OCc2ccccc2)[C@@H]1OCc1ccccc1,COC(=O)[C@H]1O[C@@H](O[C@H]2[C@H](NC(=O)OCC(Cl)(Cl)Cl)[C@@H](OC[C@H]3O[C@@H](OCCCN(Cc4ccccc4)C(=O)OCc4ccccc4)[C@H](NC(=O)OCC(Cl)(Cl)Cl)[C@@H](OC(C)=O)[C@@H]3O[C@H]3O[C@H]([C@H](COC(C)=O)OC(C)=O)[C@@H](OCc4ccccc4)[C@H](OCc4ccccc4)[C@@H]3OCc3ccccc3)O[C@@H](C)[C@H]2N(C)C(=O)OCc2ccccc2)[C@@H](N=[N+]=[N-])[C@@H](N=[N+]=[N-])[C@@H]1O,COC(=O)[C@H]1O[C@@H](O[C@H]2[C@H](NC(=O)OCC(Cl)(Cl)Cl)[C@@H](OC[C@H]3O[C@@H](OCCCN(Cc4ccccc4)C(=O)OCc4ccccc4)[C@H](NC(=O)OCC(Cl)(Cl)Cl)[C@@H](OC(C)=O)[C@@H]3O[C@H]3O[C@H]([C@H](COC(C)=O)OC(C)=O)[C@@H](OCc4ccccc4)[C@H](OCc4ccccc4)[C@@H]3OCc3ccccc3)O[C@@H](C)[C@H]2N(C)C(=O)OCc2ccccc2)[C@@H](N=[N+]=[N-])[C@@H](N=[N+]=[N-])[C@@H]1OC(C)=O,thioglycoside,128,129,128,129
SG-5ff8220a25eb5ea6,5ff8220a25eb5ea6489eca669ed82b8a7efc30602c727a163f7d419461357ff3,106,31-010-CAS-21359685,106;107,31-010-CAS-21359685;31-010-CAS-4869982,2,COC(=O)[C@H]1O[C@@H](OC(=N)C(Cl)(Cl)Cl)[C@H](OC(=O)c2ccccc2)[C@@H](OCc2ccccc2)[C@@H]1OC(=O)CCC(C)=O,COc1ccc(COC[C@H]2O[C@@H](Sc3ccc(C)cc3)[C@H](N=[N+]=[N-])[C@@H](OCc3ccc(OC)cc3)[C@@H]2O)cc1,COc1ccc(COC[C@H]2O[C@@H](Sc3ccc(C)cc3)[C@H](N=[N+]=[N-])[C@@H](OCc3ccc(OC)cc3)[C@@H]2OC(C)=O)cc1,trichloroacetimidate,35,36,35,36
SG-605d3af6b33b436a,605d3af6b33b436ac2bf168524ccdffd2442dfbe3cfb9bec95da1fa012577ff4,1346,31-013-CAS-10898081,1346,31-013-CAS-10898081,1,CC(=O)O[C@H]1[C@@H]2O[C@H](c3ccccc3)OC[C@H]2O[C@@H](Sc2cc(C(C)(C)C)ccc2C)[C@@H]1N1C(=O)c2ccccc2C1=O,CCOC(=O)CCCCCO[C@@H]1O[C@H](CO[Si](C)(C)C(C)(C)C)[C@@H](O)[C@H](O[Si](C)(C)C(C)(C)C)[C@H]1N1C(=O)c2ccccc2C1=O,CCOC(=O)CCCCCO[C@@H]1O[C@H](CO[Si](C)(C)C(C)(C)C)[C@@H](OC(C)=O)[C@H](O[Si](C)(C)C(C)(C)C)[C@H]1N1C(=O)c2ccccc2C1=O,thioglycoside,23,24,23,24
SG-60bc11a0d0775bce,60bc11a0d0775bced60163df714c024994aea2fd874b5a03a7a90cdb8d75c710,628,31-010-CAS-137050,628,31-010-CAS-137050,1,CC(=O)O[C@@H]1[C@H](O[C@H]2[C@H](OCc3ccccc3)[C@@H](N3C(=O)c4ccccc4C3=O)[C@H](OC(=Nc3ccccc3)C(F)(F)F)O[C@@H]2COCc2ccccc2)O[C@@H]2CO[C@@H](c3ccccc3)O[C@H]2[C@@H]1OCc1ccc2ccccc2c1,[N-]=[N+]=NCCCCCO[C@@H]1O[C@H](COCc2ccccc2)[C@@H](O)[C@H](OCc2ccccc2)[C@H]1N1C(=O)c2ccccc2C1=O,CC(=O)O[C@H]1[C@H](OCc2ccccc2)[C@@H](N2C(=O)c3ccccc3C2=O)[C@H](OCCCCCN=[N+]=[N-])O[C@@H]1COCc1ccccc1,trifluoroacetimidate,21,22,4,3
SG-60bdc97c4886c800,60bdc97c4886c80063b11b47e949f42b61022e0362ecf9bcbb56b732559d48c5,1305,31-013-CAS-3967489,1305,31-013-CAS-3967489,1,CC(=O)OC[C@H]1O[C@@H](Sc2ccccc2)[C@H](OC(C)=O)[C@@H](OC(C)=O)[C@H]1OC(C)=O,CO[C@H]1O[C@H](CO[C@@H]2O[C@H](COC(=O)c3ccccc3)[C@@H](O)[C@H](OC(C)=O)[C@H]2N2C(=O)c3ccccc3C2=O)[C@@H](OC(C)=O)[C@H](OC(C)=O)[C@H]1OC(C)=O,CO[C@H]1O[C@H](CO[C@@H]2O[C@H](COC(=O)c3ccccc3)[C@@H](OC(C)=O)[C@H](OC(C)=O)[C@H]2N2C(=O)c3ccccc3C2=O)[C@@H](OC(C)=O)[C@H](OC(C)=O)[C@H]1OC(C)=O,thioglycoside,20,21,20,21
SG-60e1913401037d25,60e1913401037d254bc163bde73da72fbeac17b699d0fdd72ab9d112d1b7cbf8,1229,31-013-CAS-16946849,1229,31-013-CAS-16946849,1,CC(=O)O[C@H]1[C@H](OCc2ccccc2)[C@@H](N2C(=O)c3ccccc3C2=O)[C@H](Sc2ccccc2)O[C@@H]1COCc1ccccc1,CO[C@H]1O[C@H](COCc2ccccc2)[C@@H](O[C@@H]2O[C@H](COCc3ccccc3)[C@@H](O)[C@H](OCc3ccccc3)[C@H]2N2C(=O)c3ccccc3C2=O)[C@H](OCc2ccccc2)[C@@H]1N=[N+]=[N-],CO[C@H]1O[C@H](COCc2ccccc2)[C@@H](O[C@@H]2O[C@H](COCc3ccccc3)[C@@H](OC(C)=O)[C@H](OCc3ccccc3)[C@H]2N2C(=O)c3ccccc3C2=O)[C@H](OCc2ccccc2)[C@@H]1N=[N+]=[N-],thioglycoside,28,29,28,29
SG-6191daeb93e06849,6191daeb93e06849d33699b6b4a27cea441ac2289ff1c329a35d112f71b4302f,866,31-013-CAS-18987292,866,31-013-CAS-18987292,1,CCS[C@H]1O[C@H]2CO[C@@H](c3ccccc3)O[C@H]2[C@H](OCc2ccccc2)[C@H]1OCc1ccccc1,CO[C@H]1O[C@H](COCc2ccccc2)[C@@H](O)[C@H](OCc2ccccc2)[C@H]1NC(C)=O,CO[C@H]1O[C@H](COCc2ccccc2)[C@@H](OC(C)=O)[C@H](OCc2ccccc2)[C@H]1NC(C)=O,thioglycoside,14,15,14,15
SG-61af60d29e512e4f,61af60d29e512e4f590ad9b8a6984315d143048f56c08493249202469749a7ee,889,31-013-CAS-22593841,889,31-013-CAS-22593841,1,CC(=O)OC[C@H]1O[C@H](O[C@H]2[C@H](OCc3ccccc3)[C@@H](OC(=O)c3ccccc3)[C@H](Sc3ccc(C)cc3)O[C@@H]2COC(=O)CCl)[C@H](N=[N+]=[N-])[C@@H](OCc2ccccc2)[C@@H]1OC(=O)OCC1c2ccccc2-c2ccccc21,COc1ccc(O[C@@H]2O[C@H](COC(=O)CCl)[C@@H](O[C@H]3O[C@H](COC(C)=O)[C@@H](O)[C@H](OCc4ccccc4)[C@H]3N=[N+]=[N-])[C@H](OCc3ccccc3)[C@H]2OC(=O)c2ccccc2)cc1,COc1ccc(O[C@@H]2O[C@H](COC(=O)CCl)[C@@H](O[C@H]3O[C@H](COC(C)=O)[C@@H](OC(C)=O)[C@H](OCc4ccccc4)[C@H]3N=[N+]=[N-])[C@H](OCc3ccccc3)[C@H]2OC(=O)c2ccccc2)cc1,thioglycoside,26,27,26,27
SG-61bec1a18374d87c,61bec1a18374d87c7a9c794d0e2d8c663fbcefecfa5ceacf753cb9a3c96c6cde,1521,31-013-CAS-23242756,1521;1522,31-013-CAS-23242756;31-013-CAS-20236289,2,COC(=O)[C@]1(OC[C@H]2O[C@@H](Sc3ccc(C)cc3)[C@H](OC(=O)c3ccccc3)[C@@H](OC(=O)c3ccccc3)[C@H]2OCc2ccccc2)O[C@@H]([C@H](OC(C)=O)[C@@H](COC(C)=O)OC(C)=O)[C@H](NC(C)=O)[C@@H](OC(C)=O)[C@H]1F,C=CCO[C@H]1O[C@H](COCc2ccccc2)[C@@H](OCc2ccccc2)[C@H](OCc2ccccc2)[C@@H]1O[C@@H]1O[C@H](COCc2ccccc2)[C@@H](O)[C@H](OCc2ccccc2)[C@H]1NC(=O)OCC(Cl)(Cl)Cl,C=CCO[C@H]1O[C@H](COCc2ccccc2)[C@@H](OCc2ccccc2)[C@H](OCc2ccccc2)[C@@H]1O[C@@H]1O[C@H](COCc2ccccc2)[C@@H](OC(C)=O)[C@H](OCc2ccccc2)[C@H]1NC(=O)OCC(Cl)(Cl)Cl,thioglycoside,48,49,48,49
SG-61f272044b9ab0dd,61f272044b9ab0dda484be7b785d434a2bdcaa14b7221d7648032867ccdc6be6,810,31-013-CAS-4651113,810;811;812,31-013-CAS-4651113;31-013-CAS-12273664;31-013-CAS-2220531,3,CCS[C@@H]1O[C@@H]2CO[C@@H](c3ccccc3)O[C@H]2[C@H](OCc2ccccc2)[C@H]1OC(=O)CCC(C)=O,CC(=O)CCC(=O)OC[C@H]1O[C@@H](O[Si](C)(C)C(C)(C)C(C)C)[C@H](N=[N+]=[N-])[C@@H](OCc2ccccc2)[C@@H]1O,CC(=O)CCC(=O)OC[C@H]1O[C@@H](O[Si](C)(C)C(C)(C)C(C)C)[C@H](N=[N+]=[N-])[C@@H](OCc2ccccc2)[C@@H]1OC(C)=O,thioglycoside,35,36,35,36
SG-61f5ec845b852d23,61f5ec845b852d2331e6045708cdcb2f20d958b2e6961bb86a918532d80ff8e6,674,31-013-CAS-5148511,674,31-013-CAS-5148511,1,CCS[C@@H]1O[C@H](COC(=O)c2ccccc2)[C@@H](OCc2ccccc2)[C@H](OCc2ccccc2)[C@H]1OCc1ccccc1,CO[C@H]1O[C@H](COCc2ccccc2)[C@H](O)[C@H](OC(C)=O)[C@H]1N=[N+]=[N-],CO[C@H]1O[C@H](COCc2ccccc2)[C@H](OC(C)=O)[C@H](OC(C)=O)[C@H]1N=[N+]=[N-],thioglycoside,14,15,14,15
SG-62121fd96a144788,62121fd96a144788930c78c382795f50a1da22ca49195ce894e785610e06b9e7,1497,31-013-CAS-11112323,1497,31-013-CAS-11112323,1,COc1ccc(CO[C@@H]2[C@H](OCc3ccccc3)[C@@H](Sc3ccccc3)O[C@@H]3CO[C@@H](c4ccccc4)O[C@@H]23)cc1,[N-]=[N+]=N[C@@H]1O[C@H](COCc2ccccc2)[C@@H](O[C@@H]2O[C@H](COCc3ccccc3)[C@@H](O)[C@H](OCc3ccccc3)[C@H]2N2C(=O)c3ccccc3C2=O)[C@H](OCc2ccccc2)[C@H]1N1C(=O)c2ccccc2C1=O,CC(=O)O[C@H]1[C@H](OCc2ccccc2)[C@@H](N2C(=O)c3ccccc3C2=O)[C@H](O[C@H]2[C@H](OCc3ccccc3)[C@@H](N3C(=O)c4ccccc4C3=O)[C@H](N=[N+]=[N-])O[C@@H]2COCc2ccccc2)O[C@@H]1COCc1ccccc1,thioglycoside,29,30,4,3
SG-624a33455d9b9154,624a33455d9b915482ee19ce41ca506df15f17fb024fc42ee76640b17bae8d99,135,31-010-CAS-6683350,135,31-010-CAS-6683350,1,CC(=O)O[C@@H]1C[C@@H](OCc2ccccc2)[C@@H](COCc2ccccc2)O[C@@H]1OC(=N)C(Cl)(Cl)Cl,C=CCOC(=O)OC[C@H]1O[C@@H](OCCCCCCCCCO[Si](c2ccccc2)(c2ccccc2)C(C)(C)C)[C@H](N2C(=O)c3ccccc3C2=O)[C@@H](OCc2ccc(OC)cc2)[C@@H]1O,C=CCOC(=O)OC[C@H]1O[C@@H](OCCCCCCCCCO[Si](c2ccccc2)(c2ccccc2)C(C)(C)C)[C@H](N2C(=O)c3ccccc3C2=O)[C@@H](OCc2ccc(OC)cc2)[C@@H]1OC(C)=O,trichloroacetimidate,62,63,62,63
SG-625c46ca1eb9d19d,625c46ca1eb9d19d96e7f00f5c85a15d3f542e60a36e97c9ff82ea2d5a6a23b1,199,31-010-CAS-8475811,199,31-010-CAS-8475811,1,COC(=O)[C@H]1OC(OC(=N)C(Cl)(Cl)Cl)[C@H](OC(=O)C(C)(C)CCOC(C)=O)[C@@H](OCc2ccccc2)[C@@H]1OC(=O)OCC1c2ccccc2-c2ccccc21,CC(=O)OC[C@H]1O[C@@H](O[Si](C)(C)C(C)(C)C(C)C)[C@H](N=[N+]=[N-])[C@@H](OCc2ccccc2)[C@@H]1O,CC(=O)OC[C@H]1O[C@@H](O[Si](C)(C)C(C)(C)C(C)C)[C@H](N=[N+]=[N-])[C@@H](OCc2ccccc2)[C@@H]1OC(C)=O,trichloroacetimidate,31,32,31,32
SG-628741d3f05735ae,628741d3f05735ae8f60b70af51fc04a76b5ab0bc9bddb1a7351dc1fd10aee21,1499,31-013-CAS-9761464,1499,31-013-CAS-9761464,1,O=C1c2ccccc2C(=O)N1[C@@H]1[C@@H](OCc2ccccc2)[C@@H]2O[C@H](c3ccccc3)OC[C@H]2O[C@H]1Sc1ccccc1,O=C(O[C@@H](CF)C[C@@H]1O[C@H](COCc2ccccc2)[C@@H](O)[C@H](OCc2ccccc2)[C@H]1N1C(=O)c2ccccc2C1=O)c1ccccc1,CC(=O)O[C@H]1[C@H](OCc2ccccc2)[C@@H](N2C(=O)c3ccccc3C2=O)[C@H](C[C@H](CF)OC(=O)c2ccccc2)O[C@@H]1COCc1ccccc1,thioglycoside,19,20,4,3
SG-62f1188aa491ad2b,62f1188aa491ad2b9109570fbaf012eb3f7f5b49d5027d2e566b30735971a474,331,31-010-CAS-16586998,331,31-010-CAS-16586998,1,CC(=O)O[C@@H]1[C@@H](OC(=N)C(Cl)(Cl)Cl)O[C@H](CO[Si](c2ccccc2)(c2ccccc2)C(C)(C)C)[C@@H](OCc2ccccc2)[C@@H]1O[C@H]1O[C@H](CO[C@H]2O[C@H](COCc3ccccc3)[C@H](OCc3ccccc3)[C@H](OCc3ccccc3)[C@H]2OCc2ccccc2)[C@H](OCc2ccccc2)[C@H](OCc2ccccc2)[C@H]1OCc1ccccc1,C=CCO[C@@H]1[C@H](OCc2ccccc2)[C@H](OCc2ccccc2)[C@@H](OCc2ccccc2)[C@H](OCc2ccccc2)[C@H]1O[C@H]1O[C@H](COCc2ccccc2)[C@@H](O)[C@H](OCc2ccccc2)[C@H]1N=[N+]=[N-],C=CCO[C@@H]1[C@H](OCc2ccccc2)[C@H](OCc2ccccc2)[C@@H](OCc2ccccc2)[C@H](OCc2ccccc2)[C@H]1O[C@H]1O[C@H](COCc2ccccc2)[C@@H](OC(C)=O)[C@H](OCc2ccccc2)[C@H]1N=[N+]=[N-],trichloroacetimidate,55,56,55,56
SG-62f825d79200b0df,62f825d79200b0dfb5ab90c2fcfd4abbb4788bdaed818729a6fb20d08a02a12d,217,31-010-CAS-4766213,217,31-010-CAS-4766213,1,CC(=O)OC[C@H]1O[C@H](OC(=N)C(Cl)(Cl)Cl)[C@H](OC(C)=O)[C@@H](OC(C)=O)[C@H]1OC(C)=O,COC(=O)CCCCCCCCO[C@@H]1O[C@H](COCc2ccccc2)[C@@H](O)[C@H](O[C@@H]2O[C@@H](C)[C@@H](OCc3ccccc3)[C@@H](OCc3ccccc3)[C@@H]2OCc2ccccc2)[C@H]1N=[N+]=[N-],COC(=O)CCCCCCCCO[C@@H]1O[C@H](COCc2ccccc2)[C@@H](OC(C)=O)[C@H](O[C@@H]2O[C@@H](C)[C@@H](OCc3ccccc3)[C@@H](OCc3ccccc3)[C@@H]2OCc2ccccc2)[C@H]1N=[N+]=[N-],trichloroacetimidate,25,26,25,26
SG-6377bca890482c84,6377bca890482c8412f7df229adf8c67091c956aaf964c7dbb875e4dd91066a9,1034,31-013-CAS-7354964,1034,31-013-CAS-7354964,1,COC(=O)[C@H]1O[C@@H](Sc2ccccc2)[C@H](OC(=O)c2ccccc2)[C@@H](OC(=O)c2ccccc2)[C@@H]1OC(=O)CCC(C)=O,O=C(N[C@H]1[C@@H](OCCOCCOCCSCc2ccccc2)O[C@H](COCc2ccccc2)[C@@H](O)[C@@H]1OCc1ccccc1)C(Cl)(Cl)Cl,CC(=O)O[C@H]1[C@H](OCc2ccccc2)[C@@H](NC(=O)C(Cl)(Cl)Cl)[C@@H](OCCOCCOCCSCc2ccccc2)O[C@@H]1COCc1ccccc1,thioglycoside,33,34,4,3
SG-639360d22477bf2b,639360d22477bf2b59076cb3c4888c3fb7a713fdab20553958f9d6bd77d01e5e,103,31-010-CAS-5152732,103;104,31-010-CAS-5152732;31-010-CAS-5846955,2,COC(=O)[C@@H]1O[C@@H](OC(=N)C(Cl)(Cl)Cl)[C@H](OC(C)=O)[C@@H](OC(=O)C(C)(C)C)[C@@H]1OC(=O)C(C)(C)C,CO[C@H]1O[C@H](COC(=O)C(C)(C)C)[C@@H](O)[C@H](OCc2ccccc2)[C@H]1N=[N+]=[N-],CO[C@H]1O[C@H](COC(=O)C(C)(C)C)[C@@H](OC(C)=O)[C@H](OCc2ccccc2)[C@H]1N=[N+]=[N-],trichloroacetimidate,13,14,13,14
SG-639a2643819b1859,639a2643819b18590a28dbe3d79a163b24544aa8219ef4b8a6331d4e422ffddc,644,31-010-CAS-927587,644,31-010-CAS-927587,1,O=C(CCl)O[C@H]1[C@@H](OC(=Nc2ccccc2)C(F)(F)F)O[C@@H]2CO[C@@H](c3ccccc3)O[C@H]2[C@@H]1OC(=O)Nc1ccccc1,COc1ccc(OC[C@H]2O[C@@H](N=[N+]=[N-])[C@H](N3C(=O)c4ccccc4C3=O)[C@@H](OCc3ccccc3)[C@@H]2O[C@@H]2O[C@H](COCc3ccccc3)[C@@H](O)[C@H](OCc3ccccc3)[C@H]2N2C(=O)c3ccccc3C2=O)cc1,COc1ccc(OC[C@H]2O[C@@H](N=[N+]=[N-])[C@H](N3C(=O)c4ccccc4C3=O)[C@@H](OCc3ccccc3)[C@@H]2O[C@@H]2O[C@H](COCc3ccccc3)[C@@H](OC(C)=O)[C@H](OCc3ccccc3)[C@H]2N2C(=O)c3ccccc3C2=O)cc1,trifluoroacetimidate,49,50,49,50
SG-63b636c2411e0805,63b636c2411e0805d15a7e901748d7b5a0daba0750f7ee5a769da67e08d0fdcf,80,31-010-CAS-12868606,80,31-010-CAS-12868606,1,CC(=O)OC[C@H]1O[C@H](OC(=N)C(Cl)(Cl)Cl)[C@H](OC(C)=O)[C@@H](OC(C)=O)[C@@H]1OC(C)=O,CO[C@@H]1O[C@H](COCc2ccccc2)[C@@H](O)[C@H](OC(=O)OCC(Cl)(Cl)Cl)[C@H]1NC(C)=O,CO[C@@H]1O[C@H](COCc2ccccc2)[C@@H](OC(C)=O)[C@H](OC(=O)OCC(Cl)(Cl)Cl)[C@H]1NC(C)=O,trichloroacetimidate,14,15,14,15
SG-63c5479c29a708eb,63c5479c29a708ebc7f04af592fe09eaf27591bdcd7e086e749f8a6b00ac216a,650,31-013-CAS-20074828,650;651,31-013-CAS-20074828;31-013-CAS-17381406,2,CC(=O)O[C@H]1[C@@H](OCc2ccccc2)[C@H](N=[N+]=[N-])[C@@H](C)O[C@@H]1Sc1ccc(C)cc1,CO[C@H]1O[C@H](C)[C@@H](N=[N+]=[N-])[C@H](OCc2ccccc2)[C@@H]1O,CO[C@H]1O[C@H](C)[C@@H](N=[N+]=[N-])[C@H](OCc2ccccc2)[C@@H]1OC(C)=O,thioglycoside,19,20,19,20
SG-644ac3ec7685830e,644ac3ec7685830e6ddbc772e64fc09a1e47cd863589d57c03b79b9f5eb73165,1083,31-013-CAS-19191565,1083,31-013-CAS-19191565,1,CC(=O)CCC(=O)O[C@H]1[C@H](OC(=O)c2ccccc2)[C@@H](OCc2ccccc2)[C@H](C)O[C@@H]1Sc1ccccc1,O=C(NCCCO[C@@H]1O[C@H](COCc2ccccc2)[C@@H](O)[C@H](OCc2ccccc2)[C@H]1NC(=O)C(Cl)(Cl)Cl)OCc1ccccc1,CC(=O)O[C@H]1[C@H](OCc2ccccc2)[C@@H](NC(=O)C(Cl)(Cl)Cl)[C@H](OCCCNC(=O)OCc2ccccc2)O[C@@H]1COCc1ccccc1,thioglycoside,19,20,4,3
SG-646947a98939d8c3,646947a98939d8c303adc039241ba6a46e445c93e5661fb31fce2b9d4b8afef5,1202,31-013-CAS-1457571,1202,31-013-CAS-1457571,1,CS[C@@H]1O[C@H](COC(C)=O)[C@H](OC(C)=O)[C@H](OCc2ccc(Oc3ccccc3)cc2)[C@H]1OC(C)=O,CC(=O)OC[C@H]1O[C@@H](OCCCN=[N+]=[N-])[C@H](N2C(=O)c3ccccc3C2=O)[C@@H](O)[C@@H]1O,CC(=O)OC[C@H]1O[C@@H](OCCCN=[N+]=[N-])[C@H](N2C(=O)c3ccccc3C2=O)[C@@H](O)[C@@H]1OC(C)=O,thioglycoside,29,30,29,30
SG-64b8f80485d9df3d,64b8f80485d9df3dc6cc3b3ea56d1f68b57e942e8c4f7f5e90049d5a2ff1d8f1,85,31-010-CAS-1471990,85,31-010-CAS-1471990,1,COC(=O)[C@H]1OC(OC(=N)C(Cl)(Cl)Cl)[C@H](OC(=O)C(C)(C)CCOC(C)=O)[C@@H](OCc2ccccc2)[C@@H]1OCc1ccc2ccccc2c1,CC(=O)CCC(=O)OC[C@H]1O[C@@H](O[Si](C)(C)C(C)(C)C(C)C)[C@H](N=[N+]=[N-])[C@@H](OCc2ccccc2)[C@@H]1O,CC(=O)CCC(=O)OC[C@H]1O[C@@H](O[Si](C)(C)C(C)(C)C(C)C)[C@H](N=[N+]=[N-])[C@@H](OCc2ccccc2)[C@@H]1OC(C)=O,trichloroacetimidate,35,36,35,36
SG-64c6252808170a77,64c6252808170a77de1bde69f2cc874504ba8f17b489130974667a010be15d1c,1315,31-013-CAS-621425,1315,31-013-CAS-621425,1,CC(=O)O[C@H]1[C@H]2O[C@@H](c3ccccc3)OC[C@H]2O[C@@H](Sc2ccc(Cl)cc2)[C@@H]1OC(C)=O,[N-]=[N+]=NCCCCCCO[C@@H]1O[C@H](COCc2ccccc2)[C@@H](O)[C@H](O)[C@H]1N1C(=O)c2ccccc2C1=O,CC(=O)O[C@H]1[C@H](O)[C@@H](N2C(=O)c3ccccc3C2=O)[C@H](OCCCCCCN=[N+]=[N-])O[C@@H]1COCc1ccccc1,thioglycoside,22,23,4,3
SG-64e309bf147fde80,64e309bf147fde800439c649826c4b7d0bdbd5bd31ba88b01f53e036c3f01c1f,1188,31-013-CAS-5982480,1188,31-013-CAS-5982480,1,Cc1ccc(S[C@@H]2O[C@@H]3CO[C@H](c4ccccc4F)O[C@@H]3[C@H](OC(=O)OCC3c4ccccc4-c4ccccc43)[C@H]2OC(=O)c2ccc(F)cc2)cc1,CC(=O)N[C@H]1[C@@H](OCC(=O)O)O[C@H](COCc2ccc(F)cc2)[C@@H](O)[C@@H]1OC(=O)c1ccccc1F,CC(=O)N[C@H]1[C@@H](OCC(=O)O)O[C@H](COCc2ccc(F)cc2)[C@@H](OC(C)=O)[C@@H]1OC(=O)c1ccccc1F,thioglycoside,23,24,23,24
SG-6519b3a666462ae6,6519b3a666462ae6370a42bdb10b5fcc96ae72a0266a73159dffaa269c90c2fb,402,31-010-CAS-11953075,402;403,31-010-CAS-11953075;31-010-CAS-1177690,2,COC(=O)[C@@H]1O[C@H](OC(=N)C(Cl)(Cl)Cl)[C@H](OC(C)=O)[C@@H](OCc2ccccc2)[C@@H]1O[C@H]1O[C@H](COC(C)=O)[C@@H](O[Si](C)(C)C(C)(C)C)[C@H](OC(C)=O)[C@H]1N=[N+]=[N-],C=CCCCO[C@@H]1O[C@H](C(=O)OC)[C@@H](O[C@H]2O[C@H](COC(C)=O)[C@@H](O)[C@H](OCc3ccccc3)[C@H]2N=[N+]=[N-])[C@H](OCc2ccccc2)[C@H]1OC(=O)CCl,C=CCCCO[C@@H]1O[C@H](C(=O)OC)[C@@H](O[C@H]2O[C@H](COC(C)=O)[C@@H](OC(C)=O)[C@H](OCc3ccccc3)[C@H]2N=[N+]=[N-])[C@H](OCc2ccccc2)[C@H]1OC(=O)CCl,trichloroacetimidate,23,24,23,24
SG-65b7b87fc11fa57c,65b7b87fc11fa57c837c104e43b6774029f69e1e0c7f596c2efaf4c241e1e660,699,31-013-CAS-23633955,699,31-013-CAS-23633955,1,Cc1ccc(S[C@@H]2O[C@H](COCc3ccccc3)[C@@H](OCc3ccccc3)[C@H](OCc3ccccc3)[C@@H]2OCc2ccccc2)cc1,Cc1ccc(S[C@H]2O[C@H](COCc3ccccc3)[C@@H](O)[C@H](OCc3ccccc3)[C@H]2N=[N+]=[N-])cc1,CC(=O)O[C@H]1[C@H](OCc2ccccc2)[C@@H](N=[N+]=[N-])[C@@H](Sc2ccc(C)cc2)O[C@@H]1COCc1ccccc1,thioglycoside,18,19,4,3
SG-65c5e65bf076b970,65c5e65bf076b97016f5ec91d2d1dfec27af83a4e8787230c4a740111ec0af81,1442,31-013-CAS-13946827,1442,31-013-CAS-13946827,1,CC(=O)OC[C@H]1O[C@@H](Sc2ccc(C)cc2)[C@H]2[C@@H](OC(=O)N2C(C)=O)[C@@H]1OC(C)=O,CO[C@@H]1O[C@H](COCc2ccccc2)[C@@H](O)[C@H](OCc2ccccc2)[C@H]1N1C(=O)c2ccccc2C1=O,CO[C@@H]1O[C@H](COCc2ccccc2)[C@@H](OC(C)=O)[C@H](OCc2ccccc2)[C@H]1N1C(=O)c2ccccc2C1=O,thioglycoside,14,15,14,15
SG-6645c4849e686a93,6645c4849e686a93acb0367e3d69b76c759b9a5b2f23d18be24a38e431fb3acd,556,31-010-CAS-5340598,556,31-010-CAS-5340598,1,CC(=O)OC[C@H]1O[C@H](O[C@H]2[C@H](OCc3ccccc3)[C@@H](OC(=O)c3ccccc3)C(OC(=N)C(Cl)(Cl)Cl)O[C@@H]2COC(=O)CCl)[C@H](N=[N+]=[N-])[C@@H](OCc2ccccc2)[C@@H]1OC(=O)OCC1c2ccccc2-c2ccccc21,COc1ccc(O[C@@H]2O[C@H](COC(=O)CCl)[C@@H](O[C@H]3O[C@H](COC(C)=O)[C@@H](O[C@@H]4O[C@@H](COC(=O)CCl)[C@@H](O[C@H]5O[C@H](COC(C)=O)[C@@H](O)[C@H](OCc6ccccc6)[C@H]5N=[N+]=[N-])[C@H](OCc5ccccc5)[C@H]4OC(=O)c4ccccc4)[C@H](OCc4ccccc4)[C@H]3N=[N+]=[N-])[C@H](OCc3ccccc3)[C@H]2OC(=O)c2ccccc2)cc1,COc1ccc(O[C@@H]2O[C@H](COC(=O)CCl)[C@@H](O[C@H]3O[C@H](COC(C)=O)[C@@H](O[C@@H]4O[C@@H](COC(=O)CCl)[C@@H](O[C@H]5O[C@H](COC(C)=O)[C@@H](OC(C)=O)[C@H](OCc6ccccc6)[C@H]5N=[N+]=[N-])[C@H](OCc5ccccc5)[C@H]4OC(=O)c4ccccc4)[C@H](OCc4ccccc4)[C@H]3N=[N+]=[N-])[C@H](OCc3ccccc3)[C@H]2OC(=O)c2ccccc2)cc1,trichloroacetimidate,47,48,47,48
SG-664693ef765ea6e6,664693ef765ea6e6590694f418168a8d4386df789b48697049802da8458c5ab4,208,31-010-CAS-10606536,208,31-010-CAS-10606536,1,COC(=O)[C@H]1OC(OC(=N)C(Cl)(Cl)Cl)[C@H](OC(C)=O)[C@@H](OCc2ccccc2)[C@@H]1OCc1ccccc1,CC(=O)OC[C@H]1O[C@@H](O[Si](C)(C)C(C)(C)C(C)C)[C@H](N=[N+]=[N-])[C@@H](OCc2ccccc2)[C@@H]1O,CC(=O)OC[C@H]1O[C@@H](O[Si](C)(C)C(C)(C)C(C)C)[C@H](N=[N+]=[N-])[C@@H](OCc2ccccc2)[C@@H]1OC(C)=O,trichloroacetimidate,31,32,31,32
SG-6659ae6e9057142b,6659ae6e9057142bc58e54b70a9fbc2fc871e11d0b000465b491f0e8d4d445b2,1411,31-013-CAS-22452791,1411;1412,31-013-CAS-22452791;31-013-CAS-20825224,2,COC(=O)[C@@H]1O[C@@H](Sc2ccccc2)[C@H](OC(=O)CCC(C)=O)[C@@H](OCc2ccccc2)[C@@H]1O[C@H]1O[C@H](CO[Si](c2ccccc2)(c2ccccc2)C(C)(C)C)[C@@H](OC(=O)c2ccccc2)[C@H](OCc2ccccc2)[C@H]1N=[N+]=[N-],COC(=O)[C@@H]1O[C@@H](OCC(=O)OC(C)(C)C)[C@H](OC(=O)OCC2c3ccccc3-c3ccccc32)[C@@H](OCc2ccccc2)[C@@H]1O[C@H]1O[C@H](COCc2ccc3ccccc3c2)[C@@H](O)[C@H](OCc2ccccc2)[C@H]1NC(=O)C(F)(F)F,COC(=O)[C@@H]1O[C@@H](OCC(=O)OC(C)(C)C)[C@H](OC(=O)OCC2c3ccccc3-c3ccccc32)[C@@H](OCc2ccccc2)[C@@H]1O[C@H]1O[C@H](COCc2ccc3ccccc3c2)[C@@H](OC(C)=O)[C@H](OCc2ccccc2)[C@H]1NC(=O)C(F)(F)F,thioglycoside,62,63,62,63
SG-667ade51d4aef708,667ade51d4aef7085b98d65bd57b6fe07e746bb66c42ed3409e570cf20d3a3df,414,31-010-CAS-5438768,414,31-010-CAS-5438768,1,COC(=O)[C@@H]1O[C@H](OC(=N)C(Cl)(Cl)Cl)[C@H](OC(C)=O)[C@@H](OCc2ccccc2)[C@@H]1O[C@H]1O[C@H](COC(C)=O)[C@@H](O[Si](C)(C)C(C)(C)C)[C@H](OCc2ccccc2)[C@H]1N=[N+]=[N-],C=CCCCO[C@@H]1O[C@H](C(=O)OC)[C@@H](O[C@H]2O[C@H](COC(C)=O)[C@@H](O)[C@H](OCc3ccccc3)[C@H]2N=[N+]=[N-])[C@H](OCc2ccccc2)[C@H]1OC(=O)CCC(C)=O,C=CCCCO[C@@H]1O[C@H](C(=O)OC)[C@@H](O[C@H]2O[C@H](COC(C)=O)[C@@H](OC(C)=O)[C@H](OCc3ccccc3)[C@H]2N=[N+]=[N-])[C@H](OCc2ccccc2)[C@H]1OC(=O)CCC(C)=O,trichloroacetimidate,23,24,23,24
SG-669138cdbf82856c,669138cdbf82856c0cb5f9c7696e67b1287530d457eb102343a7ed0018aa3993,1251,31-013-CAS-15203083,1251,31-013-CAS-15203083,1,CC(=O)O[C@H]1[C@@H]2O[C@H](c3ccccc3)OC[C@H]2O[C@@H](Sc2ccccc2)[C@@H]1N1C(=O)c2ccccc2C1=O,CO[C@@H]1O[C@H](COCc2ccccc2)[C@@H](O[C@@H]2O[C@H](COCc3ccccc3)[C@@H](O)[C@H](OC(C)=O)[C@H]2N2C(=O)c3ccccc3C2=O)[C@H](OC(C)=O)[C@H]1N1C(=O)c2ccccc2C1=O,CO[C@@H]1O[C@H](COCc2ccccc2)[C@@H](O[C@@H]2O[C@H](COCc3ccccc3)[C@@H](OC(C)=O)[C@H](OC(C)=O)[C@H]2N2C(=O)c3ccccc3C2=O)[C@H](OC(C)=O)[C@H]1N1C(=O)c2ccccc2C1=O,thioglycoside,28,29,28,29
SG-66dde4952c6ac85f,66dde4952c6ac85f1d0602b9422cbd826970a25c1bc820f809b8cedcfa19382e,587,31-614-CAS-41495813,587,31-614-CAS-41495813,1,C[C@@H]1OC(OC(=Nc2ccccc2)C(F)(F)F)[C@H](N=[N+]=[N-])[C@H](OCc2ccccc2)[C@H]1OCc1ccccc1,C[C@@H]1O[C@@H](O[C@@H]2[C@@H](N=[N+]=[N-])[C@@H](O[C@H]3[C@@H](O)[C@@H](C(=O)OCc4ccccc4)O[C@H](OCCCNC(=O)OCc4ccccc4)[C@@H]3N=[N+]=[N-])O[C@@H]3CO[C@@H](c4ccccc4)O[C@@H]23)[C@@H](N=[N+]=[N-])[C@H](OCc2ccc3ccccc3c2)[C@H]1OCc1ccccc1,CC(=O)O[C@@H]1[C@H](O[C@H]2O[C@@H]3CO[C@@H](c4ccccc4)O[C@H]3[C@H](O[C@@H]3O[C@@H](C)[C@H](OCc4ccccc4)[C@@H](OCc4ccc5ccccc5c4)[C@@H]3N=[N+]=[N-])[C@H]2N=[N+]=[N-])[C@@H](N=[N+]=[N-])[C@@H](OCCCNC(=O)OCc2ccccc2)O[C@@H]1C(=O)OCc1ccccc1,trifluoroacetimidate,13,14,4,3
SG-66e0cf514b49d780,66e0cf514b49d7803379f9e487e8d1e972dae8cb3222f0077ac1e7a43e5b57de,755,31-013-CAS-21359754,755;756,31-013-CAS-21359754;31-013-CAS-10090411,2,COC(=O)[C@H]1O[C@@H](O[C@H]2[C@H](OC(=O)c3ccccc3)[C@@H](N=[N+]=[N-])[C@@H](O[C@H]3[C@H](OCc4ccccc4)[C@@H](OC(=O)c4ccccc4)[C@@H](Sc4ccc(C)cc4)O[C@H]3C(=O)OC)O[C@@H]2COc2ccc(OC)cc2)[C@H](OCc2ccccc2)[C@@H](OCc2ccccc2)[C@@H]1O[C@H]1O[C@H](COC(=O)c2ccccc2)[C@@H](OCc2ccccc2)[C@H](OCc2ccccc2)[C@H]1N=[N+]=[N-],CO[C@H]1O[C@H](COC(=O)c2ccccc2)[C@@H](O)[C@H](OCc2ccccc2)[C@H]1N=[N+]=[N-],CO[C@H]1O[C@H](COC(=O)c2ccccc2)[C@@H](OC(C)=O)[C@H](OCc2ccccc2)[C@H]1N=[N+]=[N-],thioglycoside,15,16,15,16
SG-66e7b9763174f431,66e7b9763174f4318819cae64293dd04ffe8ef31307220e603db0aca762199e4,407,31-010-CAS-3719247,407;408;560,31-010-CAS-3719247;31-010-CAS-10954471;31-010-CAS-3688552,3,CC(=O)CCC(=O)OC[C@@H]1OC(OC(=N)C(Cl)(Cl)Cl)[C@H](OC(=O)c2ccccc2)[C@@H](OCc2ccccc2)[C@@H]1O[C@H]1O[C@H](COC(=O)c2ccccc2)[C@@H](OCc2ccc3ccccc3c2)[C@H](OCc2ccccc2)[C@H]1N=[N+]=[N-],CO[C@H]1O[C@H](COC(=O)c2ccccc2)[C@@H](O)[C@H](OCc2ccccc2)[C@H]1N=[N+]=[N-],CO[C@H]1O[C@H](COC(=O)c2ccccc2)[C@@H](OC(C)=O)[C@H](OCc2ccccc2)[C@H]1N=[N+]=[N-],trichloroacetimidate,15,16,15,16
SG-6705a8a9a472a956,6705a8a9a472a9563674b7deabbb2cd9b13f56bdf6c042bb08287df9d1b46833,240,31-010-CAS-5727917,240,31-010-CAS-5727917,1,[N-]=[N+]=N[C@H]1[C@@H](OC(=N)C(Cl)(Cl)Cl)O[C@H](COCc2ccccc2)[C@@H](OCc2ccccc2)[C@@H]1OCc1ccccc1,COc1ccc(O[C@@H]2O[C@H](COC(=O)c3ccccc3)[C@@H](O[C@@H]3O[C@H](COCc4ccccc4)[C@H](O)[C@H](OC(C)=O)[C@H]3N3C(=O)c4ccccc4C3=O)[C@H](OC(C)=O)[C@H]2OC(C)=O)cc1,COc1ccc(O[C@@H]2O[C@H](COC(=O)c3ccccc3)[C@@H](O[C@@H]3O[C@H](COCc4ccccc4)[C@H](OC(C)=O)[C@H](OC(C)=O)[C@H]3N3C(=O)c4ccccc4C3=O)[C@H](OC(C)=O)[C@H]2OC(C)=O)cc1,trichloroacetimidate,34,35,34,35
SG-6785d84d05082add,6785d84d05082addf6637058ddc2cbb824639d324051d6cbde2e914e746a6497,460,31-010-CAS-12331684,460,31-010-CAS-12331684,1,CC(=O)OC[C@H]1O[C@H](O[C@@H]2[C@@H](OC[C@H]3O[C@H](OC(=N)C(Cl)(Cl)Cl)[C@@H](OCc4ccccc4)[C@@H](OCc4ccccc4)[C@@H]3OCc3ccccc3)O[C@H](COCc3ccccc3)[C@@H](OCc3ccccc3)[C@@H]2OCc2ccccc2)[C@@H](O[C@H]2O[C@H](COCc3ccccc3)[C@@H](OCc3ccccc3)[C@H](OCc3ccccc3)[C@@H]2OCc2ccccc2)[C@@H](OCc2ccccc2)[C@@H]1OC(C)=O,C=CCO[C@@H]1[C@H](OCc2ccccc2)[C@@H](OCc2ccccc2)[C@H](OCc2ccccc2)[C@@H](O[C@H]2O[C@H](COCc3ccccc3)[C@@H](O)[C@H](OCc3ccccc3)[C@H]2N=[N+]=[N-])[C@@H]1OCc1ccc(OC)cc1,C=CCO[C@@H]1[C@H](OCc2ccccc2)[C@@H](OCc2ccccc2)[C@H](OCc2ccccc2)[C@@H](O[C@H]2O[C@H](COCc3ccccc3)[C@@H](OC(C)=O)[C@H](OCc3ccccc3)[C@H]2N=[N+]=[N-])[C@@H]1OCc1ccc(OC)cc1,trichloroacetimidate,46,47,46,47
SG-678947020e1cc888,678947020e1cc8881145e00afa992930e0d6bc36273cbfe7d9a58cdaa584ad9d,72,31-010-CAS-8871710,72,31-010-CAS-8871710,1,COC(=O)[C@@H]1O[C@H](OC(=N)C(Cl)(Cl)Cl)[C@H](OC(=O)c2ccccc2)[C@@H](OCc2ccccc2)[C@@H]1OC(=O)C(F)(F)F,CO[C@H]1O[C@H](COC(=O)c2ccccc2)[C@@H](O)[C@H](OCc2ccccc2)[C@H]1N=[N+]=[N-],CO[C@H]1O[C@H](COC(=O)c2ccccc2)[C@@H](OC(C)=O)[C@H](OCc2ccccc2)[C@H]1N=[N+]=[N-],trichloroacetimidate,15,16,15,16
SG-67901f5840560554,67901f5840560554f2acc4b243c6768024f4d45880e03d3d9c1d4fbae80f532d,1108,31-013-CAS-21555454,1108,31-013-CAS-21555454,1,CCS[C@H]1O[C@H](COCc2ccccc2)[C@@H](OCc2ccccc2)[C@H](OCc2ccccc2)[C@@H]1OCc1ccc2ccccc2c1,CCCCO[C@@H]1O[C@H](COCc2ccccc2)[C@@H](O)[C@H](OCc2ccccc2)[C@H]1N1C(=O)c2ccccc2C1=O,CCCCO[C@@H]1O[C@H](COCc2ccccc2)[C@@H](OC(C)=O)[C@H](OCc2ccccc2)[C@H]1N1C(=O)c2ccccc2C1=O,thioglycoside,17,18,17,18
SG-67a9f51bcf588aac,67a9f51bcf588aac6b099aa46ce56cc55a49253faddb08ff8cd2e70035063c92,153,31-010-CAS-11827435,153,31-010-CAS-11827435,1,CC(=O)OC[C@H]1O[C@@H](OC(=N)C(Cl)(Cl)Cl)[C@H](n2c(=O)ssc2=O)[C@@H](OC(C)=O)[C@@H]1OC(C)=O,CC(=O)N[C@@H]1[C@@H](OC(=O)c2ccccc2)[C@H](O)[C@@H](COC(=O)c2ccccc2)O[C@H]1N=[N+]=[N-],CC(=O)N[C@@H]1[C@@H](OC(=O)c2ccccc2)[C@H](OC(C)=O)[C@@H](COC(=O)c2ccccc2)O[C@H]1N=[N+]=[N-],trichloroacetimidate,15,16,15,16
SG-68000dfca4f897e3,68000dfca4f897e39ce8ed1d03ccc84017b45a817e6fb44715d5a8e75c5b8a1f,125,31-010-CAS-3565915,125,31-010-CAS-3565915,1,CC(=O)OC[C@H]1O[C@H](OC(=N)C(Cl)(Cl)Cl)[C@H](OC(C)=O)[C@@H](OC(C)=O)[C@@H]1OC(C)=O,CO[C@@H]1O[C@H](COCc2ccccc2)[C@@H](O)[C@H](O[C@H]2O[C@@H](C)[C@@H](OC(C)=O)[C@@H](OC(C)=O)[C@@H]2OC(C)=O)[C@H]1NC(C)=O,CO[C@@H]1O[C@H](COCc2ccccc2)[C@@H](OC(C)=O)[C@H](O[C@H]2O[C@@H](C)[C@@H](OC(C)=O)[C@@H](OC(C)=O)[C@@H]2OC(C)=O)[C@H]1NC(C)=O,trichloroacetimidate,14,15,14,15
SG-6815640cfba6f1f8,6815640cfba6f1f8b04b8747e387d9d863c4ad87aafef572c21e726ef85f02cf,193,31-010-CAS-13818677,193,31-010-CAS-13818677,1,CC(=O)OC[C@H]1OC(OC(=N)C(Cl)(Cl)Cl)[C@H](NC(=O)OCC(Cl)(Cl)Cl)[C@@H](OC(C)=O)[C@@H]1OC(C)=O,O=C(N[C@H]1[C@@H](OCc2ccccc2)O[C@H](COCc2ccccc2)[C@@H](O)[C@@H]1OC(=O)OCC(Cl)(Cl)Cl)OCC(Cl)(Cl)Cl,CC(=O)O[C@H]1[C@H](OC(=O)OCC(Cl)(Cl)Cl)[C@@H](NC(=O)OCC(Cl)(Cl)Cl)[C@@H](OCc2ccccc2)O[C@@H]1COCc1ccccc1,trichloroacetimidate,24,25,4,3
SG-68172fef28d44a64,68172fef28d44a64c9fe2e17980054cbe0651d2728403dbe09974f70e7580bf3,397,31-010-CAS-11660554,397,31-010-CAS-11660554,1,CC(=O)OC[C@H]1O[C@H](O[C@H]2[C@H](OCc3ccccc3)[C@@H](OC(=O)c3ccccc3)[C@@H](OC(=N)C(Cl)(Cl)Cl)O[C@H]2COC(=O)CCl)[C@H](N=[N+]=[N-])[C@@H](OCc2ccccc2)[C@@H]1OC(=O)OCC1c2ccccc2-c2ccccc21,COc1ccc(O[C@@H]2O[C@@H](COC(=O)CCl)[C@@H](O[C@H]3O[C@H](COC(C)=O)[C@@H](O)[C@H](OCc4ccccc4)[C@H]3N=[N+]=[N-])[C@H](OCc3ccccc3)[C@H]2OC(=O)c2ccccc2)cc1,COc1ccc(O[C@@H]2O[C@@H](COC(=O)CCl)[C@@H](O[C@H]3O[C@H](COC(C)=O)[C@@H](OC(C)=O)[C@H](OCc4ccccc4)[C@H]3N=[N+]=[N-])[C@H](OCc3ccccc3)[C@H]2OC(=O)c2ccccc2)cc1,trichloroacetimidate,26,27,26,27
SG-68238679f7fe117c,68238679f7fe117cfd5769c8284032f027ec3f50892e7d6e397e32641b6987aa,419,31-010-CAS-16582633,419,31-010-CAS-16582633,1,CC(=O)O[C@@H]1[C@H](O[C@H]2O[C@H](COCc3ccccc3)[C@H](OCc3ccccc3)[C@H](OCc3ccccc3)[C@H]2OCc2ccccc2)[C@@H](OC(=O)c2ccccc2)C(OC(=N)C(Cl)(Cl)Cl)O[C@@H]1COC(=O)c1ccccc1,C=CCCCCCCO[C@@H]1O[C@H](COCc2ccccc2)[C@@H](O)[C@H](OCc2ccccc2)[C@H]1N=[N+]=[N-],C=CCCCCCCO[C@@H]1O[C@H](COCc2ccccc2)[C@@H](OC(C)=O)[C@H](OCc2ccccc2)[C@H]1N=[N+]=[N-],trichloroacetimidate,21,22,21,22
SG-68a8f58b12cac8c8,68a8f58b12cac8c8ded28351c59a31f5bb53a03aa46db9e073cbb81a38745856,1010,31-013-CAS-22252748,1010,31-013-CAS-22252748,1,Cc1ccc(S[C@@H]2O[C@H](COC(=O)c3ccccc3)[C@@H]3OC(C)(C)O[C@@H]3[C@H]2OC(=O)c2ccccc2)cc1,COC(=O)CO[C@@H]1O[C@H](COCc2ccccc2)[C@@H](O)[C@H](OC(=O)c2ccccc2)[C@H]1NC(=O)OCC(Cl)(Cl)Cl,COC(=O)CO[C@@H]1O[C@H](COCc2ccccc2)[C@@H](OC(C)=O)[C@H](OC(=O)c2ccccc2)[C@H]1NC(=O)OCC(Cl)(Cl)Cl,thioglycoside,18,19,18,19
SG-68c974dba796d709,68c974dba796d709fbeac219a6c7460ffa3af12c4ae19b42de921ae73f0d088c,533,31-010-CAS-15475722,533,31-010-CAS-15475722,1,COC(=O)[C@@H]1OC(OC(=N)C(Cl)(Cl)Cl)[C@H](OC(=O)C(C)(C)C)[C@@H](OCc2ccccc2)[C@@H]1O[C@H]1O[C@@H]2CO[C@@H](c3ccccc3)O[C@H]2[C@H](OCc2ccccc2)[C@H]1N=[N+]=[N-],CC(C)O[C@H]1O[C@H](COC(=O)c2ccccc2)[C@@H](O)[C@H](OCc2ccccc2)[C@H]1N=[N+]=[N-],CC(=O)O[C@H]1[C@H](OCc2ccccc2)[C@@H](N=[N+]=[N-])[C@@H](OC(C)C)O[C@@H]1COC(=O)c1ccccc1,trichloroacetimidate,17,18,4,3
SG-68f8681ca0c61ff8,68f8681ca0c61ff8971f3e0e2e575c3cd70f69e1574b0dcc887136b9c9bce4ef,923,31-301-CAS-2505839,923,31-301-CAS-2505839,1,COC(=O)[C@H]1O[C@@H](S(=O)c2ccccc2)[C@H](OC(=O)c2ccccc2)[C@@H](OC(=O)c2ccccc2)[C@@H]1OC(=O)CCC(C)=O,C=CCCCO[C@H]1O[C@H](COCc2ccccc2)[C@@H](O)[C@H](OCc2ccccc2)[C@H]1N(C(C)=O)C(C)=O,C=CCCCO[C@H]1O[C@H](COCc2ccccc2)[C@@H](OC(C)=O)[C@H](OCc2ccccc2)[C@H]1N(C(C)=O)C(C)=O,thioglycoside,18,19,18,19
SG-6907a3029576d024,6907a3029576d02460bf310a896c5bb6014d72fa2afd78c253338580d3a51bf6,84,31-010-CAS-914907,84,31-010-CAS-914907,1,C=CCO[C@H]1[C@H](OCc2ccccc2)[C@@H](OC(C)=O)C(OC(=N)C(Cl)(Cl)Cl)O[C@H]1C(=O)OC,CC(C)(C)[Si](C)(C)O[C@@H]1O[C@H](COCc2ccccc2)[C@@H](O)[C@H](OCc2ccccc2)[C@H]1N=[N+]=[N-],CC(=O)O[C@H]1[C@H](OCc2ccccc2)[C@@H](N=[N+]=[N-])[C@H](O[Si](C)(C)C(C)(C)C)O[C@@H]1COCc1ccccc1,trichloroacetimidate,20,21,4,3
SG-6932abd111c300e0,6932abd111c300e00d134c7b7074dbef29b883b44decdc86ca7e6111b0496199,1363,31-013-CAS-1686035,1363,31-013-CAS-1686035,1,CCS[C@@H]1O[C@H](COCc2ccccc2)[C@@H](OCc2ccccc2)[C@H](OCc2ccccc2)[C@H]1OC(=O)CCC(C)=O,C[Si](C)(C)CCO[C@@H]1O[C@H](COCc2ccccc2)[C@@H](O[C@@H]2O[C@H](COCc3ccccc3)[C@@H](O)[C@H](OCc3ccccc3)[C@H]2N2C(=O)c3ccccc3C2=O)[C@H](OCc2ccccc2)[C@H]1N1C(=O)c2ccccc2C1=O,CC(=O)O[C@H]1[C@H](OCc2ccccc2)[C@@H](N2C(=O)c3ccccc3C2=O)[C@H](O[C@H]2[C@H](OCc3ccccc3)[C@@H](N3C(=O)c4ccccc4C3=O)[C@H](OCC[Si](C)(C)C)O[C@@H]2COCc2ccccc2)O[C@@H]1COCc1ccccc1,thioglycoside,33,34,4,3
SG-69524d37817ec20d,69524d37817ec20d884b42d2fb1a3128802292025fadb374fce5d3d964f54d22,835,31-013-CAS-1025278,835,31-013-CAS-1025278,1,CC(=O)OC[C@H]1O[C@H](Sc2ccccc2)[C@H](OC(C)=O)[C@@H](OCc2ccccc2)[C@H]1OC(C)=O,CC(=O)N[C@H]1[C@@H](OCc2ccccc2)O[C@H](COCc2ccccc2)[C@@H](O)[C@@H]1OCc1ccccc1,CC(=O)N[C@H]1[C@@H](OCc2ccccc2)O[C@H](COCc2ccccc2)[C@@H](OC(C)=O)[C@@H]1OCc1ccccc1,thioglycoside,25,26,25,26
SG-69562294f329f56f,69562294f329f56f0a8e63f67d35d95577f7eb48861c42a6c401520a37c1d5c8,724,31-614-CAS-40529879,724;725,31-614-CAS-40529879;31-013-CAS-10003094,2,Cc1ccc(S[C@@H]2O[C@H](CO[Si](c3ccccc3)(c3ccccc3)C(C)(C)C)[C@@H](OC(=O)c3ccccc3)[C@H](OC(=O)c3ccccc3)[C@H]2OC(=O)c2ccccc2)cc1,CO[C@H]1O[C@H](COCc2ccccc2)[C@@H](O)[C@H](OCc2ccccc2)[C@H]1N=[N+]=[N-],CO[C@H]1O[C@H](COCc2ccccc2)[C@@H](OC(C)=O)[C@H](OCc2ccccc2)[C@H]1N=[N+]=[N-],thioglycoside,14,15,14,15
SG-69706f6722b9dbb1,69706f6722b9dbb1c2533ca62b8be0efc1a61befabe45e2cd6cbf0c4b6d16c3d,646,31-614-CAS-42575632,646,31-614-CAS-42575632,1,COC(=O)[C@@]1(O[C@H]2[C@@H](OC(C)=O)[C@@H](COC(C)=O)O[C@@H](OC(=Nc3ccccc3)C(F)(F)F)[C@@H]2OC(C)=O)C[C@@H]2OC(=O)N(C(C)=O)[C@H]2[C@H]([C@H](OC(C)=O)[C@@H](COC(C)=O)OC(C)=O)O1,CC(=O)O[C@H]1[C@H](OCc2ccc3ccccc3c2)[C@H](O[C@H]2[C@H](O)[C@@H](COCc3ccc4ccccc4c3)O[C@@H](O[Si](c3ccccc3)(c3ccccc3)C(C)(C)C)[C@@H]2NC(=O)OCC(Cl)(Cl)Cl)O[C@@H](C)[C@H]1OC(C)=O,CC(=O)O[C@H]1[C@H](OCc2ccc3ccccc3c2)[C@H](O[C@@H]2[C@@H](NC(=O)OCC(Cl)(Cl)Cl)[C@H](O[Si](c3ccccc3)(c3ccccc3)C(C)(C)C)O[C@H](COCc3ccc4ccccc4c3)[C@H]2OC(C)=O)O[C@@H](C)[C@H]1OC(C)=O,trifluoroacetimidate,21,22,65,66
SG-69c7bd723a3c73b7,69c7bd723a3c73b759c7221707365c89ceff2bd1a55347b073f79ca1a2c8cb86,1418,31-013-CAS-16820825,1418,31-013-CAS-16820825,1,CC(=O)O[C@H]1[C@H](OCc2ccccc2)[C@@H](N2C(=O)c3ccccc3C2=O)[C@H](O[C@H]2[C@H](OCc3ccccc3)[C@@H](N3C(=O)c4ccccc4C3=O)[C@H](O[C@H]3[C@H](OCc4ccccc4)[C@@H](N4C(=O)c5ccccc5C4=O)[C@H](Sc4ccccc4)O[C@@H]3COCc3ccccc3)O[C@@H]2COCc2ccccc2)O[C@@H]1COCc1ccccc1,O=C1c2ccccc2C(=O)N1[C@@H]1[C@@H](OCc2ccccc2)[C@H](O)[C@@H](COCc2ccccc2)O[C@H]1Sc1ccccc1,CC(=O)O[C@H]1[C@H](OCc2ccccc2)[C@@H](N2C(=O)c3ccccc3C2=O)[C@H](Sc2ccccc2)O[C@@H]1COCc1ccccc1,thioglycoside,21,22,4,3
SG-69d7b0319c841439,69d7b0319c8414398b9ade00cb465466e63cb4f190eb28fc4e59b7b35743f2e3,832,31-013-CAS-3319595,832,31-013-CAS-3319595,1,COC(=O)[C@@H]1O[C@@H](O[C@H]2[C@H](OCc3ccccc3)[C@@H](N=[N+]=[N-])[C@@H](O[C@H]3[C@H](OCc4ccccc4)[C@@H](OC(=O)c4ccccc4)C(Sc4ccccc4)O[C@H]3C(=O)OC)O[C@@H]2COCc2ccccc2)[C@H](OC(=O)c2ccccc2)[C@@H](OCc2ccccc2)[C@@H]1O[C@H]1O[C@H](COCc2ccccc2)[C@@H](OC(=O)C(Cl)(Cl)Cl)[C@H](OCc2ccccc2)[C@H]1N=[N+]=[N-],COC(=O)[C@@H]1O[C@@H](OC[C@@H](COCc2ccccc2)OCc2ccccc2)[C@H](OC(=O)c2ccccc2)[C@@H](OCc2ccccc2)[C@@H]1O[C@H]1O[C@H](COCc2ccccc2)[C@@H](O[C@@H]2O[C@@H](C(=O)OC)[C@@H](O[C@H]3O[C@H](COCc4ccccc4)[C@@H](O)[C@H](OCc4ccccc4)[C@H]3N=[N+]=[N-])[C@H](OCc3ccccc3)[C@H]2OC(=O)c2ccccc2)[C@H](OCc2ccccc2)[C@H]1N=[N+]=[N-],COC(=O)[C@@H]1O[C@@H](OC[C@@H](COCc2ccccc2)OCc2ccccc2)[C@H](OC(=O)c2ccccc2)[C@@H](OCc2ccccc2)[C@@H]1O[C@H]1O[C@H](COCc2ccccc2)[C@@H](O[C@@H]2O[C@@H](C(=O)OC)[C@@H](O[C@H]3O[C@H](COCc4ccccc4)[C@@H](OC(C)=O)[C@H](OCc4ccccc4)[C@H]3N=[N+]=[N-])[C@H](OCc3ccccc3)[C@H]2OC(=O)c2ccccc2)[C@H](OCc2ccccc2)[C@H]1N=[N+]=[N-],thioglycoside,83,84,83,84
SG-69d858fce1d04c47,69d858fce1d04c47b1077ab392c9fc35d8bcf21d225a8286d0afb0ed0e8a9515,1523,31-013-CAS-19037590,1523;1524,31-013-CAS-19037590;31-013-CAS-15942087,2,COC(=O)[C@@]1(OC[C@H]2O[C@@H](Sc3ccc(C)cc3)[C@H](OC(=O)c3ccccc3)[C@@H](OC(=O)c3ccccc3)[C@H]2OCc2ccccc2)C[C@@H]2OC(=O)N[C@H]2[C@H]([C@H](OC(C)=O)[C@@H](COC(C)=O)OC(C)=O)O1,COc1ccc(O[C@H]2O[C@H](CO[C@@H]3O[C@H](COCc4ccccc4)[C@@H](O)[C@H](OCc4ccccc4)[C@H]3NC(=O)OCC(Cl)(Cl)Cl)[C@@H](OCc3ccccc3)[C@H](OCc3ccccc3)[C@@H]2O[C@@H]2O[C@H](COCc3ccccc3)[C@@H](O[C@@H]3O[C@H](COCc4ccccc4)[C@H](OCc4ccccc4)[C@H](OCc4ccccc4)[C@H]3OC(C)=O)[C@H](OCc3ccccc3)[C@H]2NC(=O)OCC(Cl)(Cl)Cl)cc1,COc1ccc(O[C@H]2O[C@H](CO[C@@H]3O[C@H](COCc4ccccc4)[C@@H](OC(C)=O)[C@H](OCc4ccccc4)[C@H]3NC(=O)OCC(Cl)(Cl)Cl)[C@@H](OCc3ccccc3)[C@H](OCc3ccccc3)[C@@H]2O[C@@H]2O[C@H](COCc3ccccc3)[C@@H](O[C@@H]3O[C@H](COCc4ccccc4)[C@H](OCc4ccccc4)[C@H](OCc4ccccc4)[C@H]3OC(C)=O)[C@H](OCc3ccccc3)[C@H]2NC(=O)OCC(Cl)(Cl)Cl)cc1,thioglycoside,24,25,24,25
SG-6a2a9397ec0d92f4,6a2a9397ec0d92f45b238b25e41567096554d36ddcaae4f802968e2c87096f5e,27,31-010-CAS-13363320,27,31-010-CAS-13363320,1,CC(=O)OC[C@H]1O[C@@H](OC(=N)C(Cl)(Cl)Cl)[C@H](N2C(=O)C(C)=C(C)C2=O)[C@@H](OC(C)=O)[C@H]1OC(C)=O,CCCCCCCCO[C@H]1O[C@H](COCc2ccccc2)[C@@H](OCc2ccccc2)[C@H](OCc2ccccc2)[C@@H]1O[C@@H]1O[C@H](COCc2ccccc2)[C@@H](O)[C@H](OCc2ccccc2)[C@H]1N1C(=O)c2ccccc2C1=O,CCCCCCCCO[C@H]1O[C@H](COCc2ccccc2)[C@@H](OCc2ccccc2)[C@H](OCc2ccccc2)[C@@H]1O[C@@H]1O[C@H](COCc2ccccc2)[C@@H](OC(C)=O)[C@H](OCc2ccccc2)[C@H]1N1C(=O)c2ccccc2C1=O,trichloroacetimidate,53,54,53,54
SG-6a3eae0f98cf003a,6a3eae0f98cf003a9e77806b4e8d398c6b01edfcfd5593d3c8ef3ba193e58c87,1131,31-013-CAS-16946847,1131,31-013-CAS-16946847,1,CC(=O)O[C@H]1[C@H](OCc2ccccc2)[C@@H](N2C(=O)c3ccccc3C2=O)[C@H](Sc2ccccc2)O[C@@H]1COCc1ccccc1,[N-]=[N+]=N[C@@H]1[C@@H](OCc2ccccc2)O[C@H](COCc2ccccc2)[C@@H](O)[C@@H]1OCc1ccccc1,CC(=O)O[C@H]1[C@H](OCc2ccccc2)[C@H](N=[N+]=[N-])[C@@H](OCc2ccccc2)O[C@@H]1COCc1ccccc1,thioglycoside,24,25,4,3
SG-6a62addb786f249c,6a62addb786f249c496db38bde8464932b1f638e61b8d69fd944d31aa1cbc6b2,42,31-010-CAS-4764767,42;43,31-010-CAS-4764767;31-010-CAS-2129116,2,CC(=O)O[C@H]1[C@H]2O[C@@H](c3ccccc3)OC[C@H]2O[C@H](OC(=N)C(Cl)(Cl)Cl)[C@@H]1OC(C)=O,[N-]=[N+]=NCCOCCO[C@@H]1O[C@H](COCc2ccccc2)[C@@H](O)[C@H](O)[C@H]1N1C(=O)c2ccccc2C1=O,CC(=O)O[C@H]1[C@H](O)[C@@H](N2C(=O)c3ccccc3C2=O)[C@H](OCCOCCN=[N+]=[N-])O[C@@H]1COCc1ccccc1,trichloroacetimidate,21,22,4,3
SG-6a9772eb8bc8f05d,6a9772eb8bc8f05d821a528f128b85999665b0288a79d419b9053ccb81733de3,500,31-010-CAS-7245483,500,31-010-CAS-7245483,1,C=CCO[C@H]1[C@H](OCc2ccccc2)[C@@H](OC(C)=O)[C@H](O[C@H]2[C@H](OCc3ccccc3)[C@@H](N(C(C)=O)C(C)=O)[C@@H](O[C@H]3[C@H](OCc4ccccc4)[C@@H](OC(C)=O)C(OC(=N)C(Cl)(Cl)Cl)O[C@H]3C(=O)OC)O[C@@H]2COCc2ccccc2)O[C@H]1C(=O)OC,CC(C)(C)[Si](C)(C)O[C@@H]1O[C@H](COCc2ccccc2)[C@@H](O)[C@H](OCc2ccccc2)[C@H]1N=[N+]=[N-],CC(=O)O[C@H]1[C@H](OCc2ccccc2)[C@@H](N=[N+]=[N-])[C@H](O[Si](C)(C)C(C)(C)C)O[C@@H]1COCc1ccccc1,trichloroacetimidate,20,21,4,3
SG-6b27c03a73302b43,6b27c03a73302b43018099dcce1fc97bb03a6ce03998efe6f3e3fad64ac142a5,616,31-010-CAS-16962395,616,31-010-CAS-16962395,1,O=C(N[C@H]1[C@@H](OC(=Nc2ccccc2)C(F)(F)F)O[C@H](COCc2ccccc2)[C@@H](O[C@@H]2O[C@@H]3CO[C@@H](c4ccccc4)O[C@H]3[C@H](OCc3ccc4ccccc4c3)[C@@H]2OCc2ccccc2)[C@@H]1OCc1ccccc1)OCC(Cl)(Cl)Cl,CC(=O)CCC(=O)OC[C@H]1O[C@@H](OCc2ccccc2)[C@H](NC(=O)OCC(Cl)(Cl)Cl)[C@@H](OCc2ccccc2)[C@@H]1O,CC(=O)CCC(=O)OC[C@H]1O[C@@H](OCc2ccccc2)[C@H](NC(=O)OCC(Cl)(Cl)Cl)[C@@H](OCc2ccccc2)[C@@H]1OC(C)=O,trifluoroacetimidate,39,40,39,40
SG-6ba6027e7f8a7985,6ba6027e7f8a798537ab92039e3bfab09eaec69d40f76ce7a306a290fae61131,943,31-013-CAS-4635858,943,31-013-CAS-4635858,1,CCS[C@H]1O[C@H](CO[Si](C)(C)C(C)(C)C)[C@@H](OCc2ccccc2)[C@H](OCc2ccccc2)[C@@H]1OC(=O)c1ccccc1,CC1(C)[C@H]2CC[C@]1(C)[C@]1(C2)O[C@@H]2[C@H](OCc3ccccc3)[C@@H](OCc3ccccc3)[C@H](OCc3ccccc3)[C@@H](O[C@H]3O[C@H](COCc4ccccc4)[C@@H](O)[C@H](OCc4ccccc4)[C@H]3N=[N+]=[N-])[C@@H]2O1,CC(=O)O[C@H]1[C@H](OCc2ccccc2)[C@@H](N=[N+]=[N-])[C@@H](O[C@@H]2[C@@H](OCc3ccccc3)[C@H](OCc3ccccc3)[C@@H](OCc3ccccc3)[C@H]3O[C@]4(C[C@@H]5CC[C@@]4(C)C5(C)C)O[C@@H]23)O[C@@H]1COCc1ccccc1,thioglycoside,53,54,4,3
SG-6bb82c4554118b8a,6bb82c4554118b8a3d76db069c9e895f175e1813331693aef2a98fe4b30fd968,253,31-010-CAS-7308832,253,31-010-CAS-7308832,1,CC(=O)O[C@@H]1[C@H](OC(C)=O)[C@@H](OC(C)=O)C(OC(=N)C(Cl)(Cl)Cl)O[C@@H]1COCc1ccccc1,C=CCO[C@H]1[C@H](O)[C@@H](COCc2ccccc2)O[C@@H](N=[N+]=[N-])[C@@H]1NC(C)=O,C=CCO[C@@H]1[C@@H](NC(C)=O)[C@H](N=[N+]=[N-])O[C@H](COCc2ccccc2)[C@H]1OC(C)=O,trichloroacetimidate,5,6,25,26
SG-6bfbb5fea6e148f6,6bfbb5fea6e148f6eba002ada634b1c2e004eb05a21925cc0482a55d7dae7ca9,1160,31-013-CAS-17453665,1160,31-013-CAS-17453665,1,CCS[C@@H]1O[C@H](COC(C)=O)[C@@H](OC(C)=O)[C@H](OC(C)=O)[C@H]1N1C(=O)c2ccccc2C1=O,CO[C@@H]1O[C@H](COC(=O)c2ccccc2)[C@@H](O)[C@H](O[C@H](C)C(=O)OCc2ccccc2)[C@H]1N1C(=O)c2ccccc2C1=O,CO[C@@H]1O[C@H](COC(=O)c2ccccc2)[C@@H](OC(C)=O)[C@H](O[C@H](C)C(=O)OCc2ccccc2)[C@H]1N1C(=O)c2ccccc2C1=O,thioglycoside,15,16,15,16
SG-6c485cba55b5d4d7,6c485cba55b5d4d787a9db6be2317f6378cb25f7646fc3cc53b0003c4698730e,94,31-010-CAS-7834697,94,31-010-CAS-7834697,1,CC(=O)O[C@@H]1[C@@H](OC(C)=O)[C@H](C)O[C@@H](OC(=N)C(Cl)(Cl)Cl)[C@@H]1OC(C)=O,C[C@@H]1CC[C@@]2(OC1)O[C@H]1C[C@H]3[C@@H]4CC=C5C[C@@H](O[C@@H]6O[C@H](COC(=O)c7ccccc7)[C@@H](O)[C@H](OC(=O)c7ccccc7)[C@H]6NC(=O)OCC(Cl)(Cl)Cl)CC[C@]5(C)[C@H]4CC[C@]3(C)[C@H]1[C@@H]2C,CC(=O)O[C@H]1[C@H](OC(=O)c2ccccc2)[C@@H](NC(=O)OCC(Cl)(Cl)Cl)[C@H](O[C@H]2CC[C@@]3(C)C(=CC[C@H]4[C@@H]5C[C@@H]6O[C@]7(CC[C@@H](C)CO7)[C@@H](C)[C@@H]6[C@@]5(C)CC[C@@H]43)C2)O[C@@H]1COC(=O)c1ccccc1,trichloroacetimidate,31,32,4,3
SG-6c9aa6b84beeab65,6c9aa6b84beeab65c5d6740eb9638ed71877196a3c3b6ed1e41bf04df94eb2f8,1480,31-013-CAS-13135500,1480,31-013-CAS-13135500,1,CC(=O)OC[C@H]1O[C@@H](Sc2ccccc2)[C@H](NC(=O)OCC(Cl)(Cl)Cl)[C@@H](OC(C)=O)[C@H]1OC(C)=O,O=C1c2ccccc2C(=O)N1[C@H]1[C@H](OCCCCCCCl)O[C@H](COCc2ccccc2)[C@@H](O)[C@@H]1OCc1ccccc1,CC(=O)O[C@H]1[C@H](OCc2ccccc2)[C@@H](N2C(=O)c3ccccc3C2=O)[C@H](OCCCCCCCl)O[C@@H]1COCc1ccccc1,thioglycoside,32,33,4,3
SG-6caa987f3fb35bfb,6caa987f3fb35bfb87a05df1a79faa08e97b26de51d57c239ece5b9fc575ec3a,744,31-013-CAS-5828265,744,31-013-CAS-5828265,1,COC(=O)[C@H]1O[C@@H](Sc2ccccc2)[C@H](OC(=O)c2ccccc2)[C@@H](OCc2ccccc2)[C@@H]1O[C@H]1O[C@H](COC(C)=O)[C@@H](OCc2ccccc2)[C@H](OCc2ccccc2)[C@H]1N=[N+]=[N-],[N-]=[N+]=N[C@H]1[C@@H]2OC[C@@H](O2)[C@@H](O)[C@@H]1OCc1ccccc1,CC(=O)O[C@H]1[C@H](OCc2ccccc2)[C@@H](N=[N+]=[N-])[C@@H]2OC[C@H]1O2,thioglycoside,9,10,4,3
SG-6ce7cdfb868acabc,6ce7cdfb868acabc845f452cb167dad338cbe749ce3f98e1d73ff6f836907ecd,263,31-010-CAS-5087865,263,31-010-CAS-5087865,1,CC(=O)OC[C@H]1O[C@H](OC(=N)C(Cl)(Cl)Cl)[C@H](OC(C)=O)[C@@H](OC(C)=O)[C@H]1OC(C)=O,CO[C@@H]1O[C@H](COC(=O)c2ccccc2)[C@@H](O)[C@H](O)[C@H]1N1C(=O)C(C)=C(C)C1=O,CO[C@@H]1O[C@H](COC(=O)c2ccccc2)[C@@H](OC(C)=O)[C@H](O)[C@H]1N1C(=O)C(C)=C(C)C1=O,trichloroacetimidate,15,16,15,16
SG-6cf549f51acca968,6cf549f51acca968db7ab90f8c7a0df89204d5941a519b17c636711990185aef,1300,31-301-CAS-3348443,1300,31-301-CAS-3348443,1,O=S(c1ccccc1)[C@H]1O[C@@H]2CO[C@@H](c3ccccc3)O[C@H]2[C@H](OCc2ccc3ccccc3c2)[C@@H]1OCc1ccccc1,CC(C)(C)[Si](C)(C)O[C@@H]1O[C@H](COCc2ccccc2)[C@@H](O)[C@H](OCc2ccccc2)[C@H]1N1C(=O)c2ccccc2C1=O,CC(=O)O[C@H]1[C@H](OCc2ccccc2)[C@@H](N2C(=O)c3ccccc3C2=O)[C@H](O[Si](C)(C)C(C)(C)C)O[C@@H]1COCc1ccccc1,thioglycoside,20,21,4,3
SG-6d65557f5f8025e7,6d65557f5f8025e719b5e13714c42b808bd1e3049c5ba101f2a0f8390cc6f133,1324,31-013-CAS-20164630,1324,31-013-CAS-20164630,1,CCS[C@@H]1O[C@@H]2CO[C@@H](c3ccccc3)O[C@H]2[C@H](OCc2ccccc2)[C@H]1N1C(=O)c2ccccc2C1=O,[N-]=[N+]=NCCCCO[C@@H]1O[C@H](COCc2ccccc2)[C@@H](O)[C@H](OCc2ccccc2)[C@H]1N1C(=O)c2ccccc2C1=O,CC(=O)O[C@H]1[C@H](OCc2ccccc2)[C@@H](N2C(=O)c3ccccc3C2=O)[C@H](OCCCCN=[N+]=[N-])O[C@@H]1COCc1ccccc1,thioglycoside,20,21,4,3
SG-6d7af2d4dfb702ac,6d7af2d4dfb702acc29aade06dd331585a2a16fd6731eab884f8f99405e25fe2,1003,31-614-CAS-27094234,1003,31-614-CAS-27094234,1,COC(=O)[C@@H]1O[C@@H](SS(=O)(=O)c2ccc(C)cc2)[C@H](OC(=O)c2ccccc2)[C@@H](OCc2ccccc2)[C@@H]1OC(=O)CCl,CO[C@H]1O[C@H](COC(=O)c2ccccc2)[C@@H](O)[C@H](OCc2ccccc2)[C@H]1N(C)C(=O)OCc1ccccc1,CO[C@H]1O[C@H](COC(=O)c2ccccc2)[C@@H](OC(C)=O)[C@H](OCc2ccccc2)[C@H]1N(C)C(=O)OCc1ccccc1,thioglycoside,15,16,15,16
SG-6d7ea5239e2f7c14,6d7ea5239e2f7c14de4fbfaf2adf14ffe20611bb53d72a054b064a4ede111b86,781,31-013-CAS-10414006,781,31-013-CAS-10414006,1,COC(=O)[C@@H]1O[C@H](Sc2ccccc2)[C@H](OC(=O)c2ccccc2)[C@@H](OCc2ccccc2)[C@@H]1O[C@H]1O[C@H](COCc2ccccc2)[C@@H](O[C@@H]2O[C@@H](C(=O)OC)[C@@H](O[C@H]3O[C@H](COCc4ccccc4)[C@@H](OCc4ccc(OC)cc4)[C@H](OCc4ccccc4)[C@H]3N=[N+]=[N-])[C@H](OCc3ccccc3)[C@H]2OC(=O)c2ccccc2)[C@H](OCc2ccccc2)[C@H]1N=[N+]=[N-],COC(=O)[C@@H]1O[C@@H](OC[C@@H](COCc2ccccc2)OCc2ccccc2)[C@H](OC(=O)c2ccccc2)[C@@H](OCc2ccccc2)[C@@H]1O[C@H]1O[C@H](COCc2ccccc2)[C@@H](O[C@@H]2O[C@@H](C(=O)OC)[C@@H](O[C@H]3O[C@H](COCc4ccccc4)[C@@H](O)[C@H](OCc4ccccc4)[C@H]3N=[N+]=[N-])[C@H](OCc3ccccc3)[C@H]2OC(=O)c2ccccc2)[C@H](OCc2ccccc2)[C@H]1N=[N+]=[N-],COC(=O)[C@@H]1O[C@@H](OC[C@@H](COCc2ccccc2)OCc2ccccc2)[C@H](OC(=O)c2ccccc2)[C@@H](OCc2ccccc2)[C@@H]1O[C@H]1O[C@H](COCc2ccccc2)[C@@H](O[C@@H]2O[C@@H](C(=O)OC)[C@@H](O[C@H]3O[C@H](COCc4ccccc4)[C@@H](OC(C)=O)[C@H](OCc4ccccc4)[C@H]3N=[N+]=[N-])[C@H](OCc3ccccc3)[C@H]2OC(=O)c2ccccc2)[C@H](OCc2ccccc2)[C@H]1N=[N+]=[N-],thioglycoside,83,84,83,84
SG-6dd7251282567d34,6dd7251282567d34ad51db4295a6f09d8e503689a6a6a72a5418e5494de823df,86,31-010-CAS-8677721,86,31-010-CAS-8677721,1,COC(=O)[C@H]1O[C@@H](OC(=N)C(Cl)(Cl)Cl)[C@H](OC(C)=O)[C@@H](OC(C)=O)[C@@H]1OC(C)=O,O=C1N[C@@H]2[C@@H](O1)[C@H](O)[C@@H](COCc1ccccc1)O[C@H]2Sc1ccccc1,CC(=O)O[C@H]1[C@@H]2OC(=O)N[C@H]2[C@H](Sc2ccccc2)O[C@@H]1COCc1ccccc1,trichloroacetimidate,6,7,4,3
SG-6e057061d493cb4f,6e057061d493cb4fe4ffb4e9df542af61dfc13d1b20061f6581d5da99ffd2787,1072,31-013-CAS-4879719,1072,31-013-CAS-4879719,1,CCSC1O[C@@H](C)[C@@H](OCc2ccccc2)[C@@H](OCc2ccccc2)[C@@H]1OCc1ccccc1,CC(=O)N[C@@H]1[C@@H](O[C@@H]2O[C@H](COCc3ccccc3)[C@H](OC(C)=O)[C@H](OC(C)=O)[C@H]2OC(C)=O)[C@H](O)[C@@H](COCc2ccccc2)O[C@H]1N=[N+]=[N-],CC(=O)N[C@@H]1[C@@H](O[C@@H]2O[C@H](COCc3ccccc3)[C@H](OC(C)=O)[C@H](OC(C)=O)[C@H]2OC(C)=O)[C@H](OC(C)=O)[C@@H](COCc2ccccc2)O[C@H]1N=[N+]=[N-],thioglycoside,34,35,34,35
SG-6e76ffad5f625150,6e76ffad5f625150c5c9ba1115cf7e681887f3ff2657af8905ce51e94fd5cc98,1020,31-013-CAS-21812642,1020;1021,31-013-CAS-21812642;31-013-CAS-15248480,2,CCS[C@H]1O[C@@H](C)[C@@H](OCc2ccc(OC)cc2)[C@@H](OCc2ccc(OC)cc2)[C@@H]1OCc1ccc(OC)cc1,CC(=O)N[C@@H]1[C@@H](O[C@@H]2O[C@H](COC(C)=O)[C@H](OC(C)=O)[C@H](OC(C)=O)[C@H]2OC(C)=O)[C@H](O)[C@@H](COC(C)=O)O[C@H]1SCC#N,CC(=O)N[C@@H]1[C@@H](O[C@@H]2O[C@H](COC(C)=O)[C@H](OC(C)=O)[C@H](OC(C)=O)[C@H]2OC(C)=O)[C@H](OC(C)=O)[C@@H](COC(C)=O)O[C@H]1SCC#N,thioglycoside,30,31,30,31
SG-6e84c080afe3c524,6e84c080afe3c52414f470c02f3071c253a1e640ab1232a289980fc699f4e136,677,31-013-CAS-3134189,677,31-013-CAS-3134189,1,CCS[C@H]1O[C@H](C)[C@@H](N=[N+]=[N-])[C@H](OCc2ccccc2)[C@@H]1O[C@H]1O[C@H](C)[C@@H](N=[N+]=[N-])[C@H](OCc2ccccc2)[C@@H]1OC(=O)c1ccccc1,COC(=O)CCCCCO[C@H]1O[C@H](C)[C@@H](N=[N+]=[N-])[C@H](OCc2ccccc2)[C@@H]1O,COC(=O)CCCCCO[C@H]1O[C@H](C)[C@@H](N=[N+]=[N-])[C@H](OCc2ccccc2)[C@@H]1OC(C)=O,thioglycoside,27,28,27,28
SG-6e8a8a9b72ed3296,6e8a8a9b72ed3296a84dfb2c33e67c756cd056aaf96f60e86b8fcf27d7084b2b,1137,31-013-CAS-9961430,1137,31-013-CAS-9961430,1,CCS[C@H]1O[C@@H](C)[C@@H](OCc2ccccc2)[C@@H](OCc2ccccc2)[C@@H]1OCc1ccccc1,CC(=O)N[C@H]1[C@H](OCCCCCCCl)O[C@H](COCc2ccccc2)[C@@H](O[C@@H]2O[C@H](COC(=O)C(C)(C)C)[C@H](OC(C)=O)[C@H](O[C@@H]3O[C@H](COCc4ccccc4)[C@@H](O)[C@H](O[C@@H]4O[C@H](COC(C)=O)[C@H](OC(C)=O)[C@H](OC(C)=O)[C@H]4OC(C)=O)[C@H]3NC(=O)C(Cl)(Cl)Cl)[C@H]2OC(C)=O)[C@@H]1O[C@@H]1O[C@@H](C)[C@@H](OCc2ccccc2)[C@@H](OCc2ccccc2)[C@@H]1OCc1ccccc1,CC(=O)N[C@H]1[C@H](OCCCCCCCl)O[C@H](COCc2ccccc2)[C@@H](O[C@@H]2O[C@H](COC(=O)C(C)(C)C)[C@H](OC(C)=O)[C@H](O[C@@H]3O[C@H](COCc4ccccc4)[C@@H](OC(C)=O)[C@H](O[C@@H]4O[C@H](COC(C)=O)[C@H](OC(C)=O)[C@H](OC(C)=O)[C@H]4OC(C)=O)[C@H]3NC(=O)C(Cl)(Cl)Cl)[C@H]2OC(C)=O)[C@@H]1O[C@@H]1O[C@@H](C)[C@@H](OCc2ccccc2)[C@@H](OCc2ccccc2)[C@@H]1OCc1ccccc1,thioglycoside,57,58,57,58
SG-6ea63b42113e32fd,6ea63b42113e32fd09e27e20c91a5a549b3b8ccd87dc6ffc4ce407e64631b84e,237,31-010-CAS-2949517,237,31-010-CAS-2949517,1,CC(=O)OC[C@H]1O[C@H](OC(=N)C(Cl)(Cl)Cl)[C@H](OC(C)=O)[C@@H](OC(C)=O)[C@H]1OC(C)=O,C=CCO[C@@H]1O[C@H](COCc2ccccc2)[C@@H](O[C@@H]2O[C@H](COC(C)=O)[C@H](OC(C)=O)[C@H](O[C@@H]3O[C@H](COCc4ccccc4)[C@@H](O)[C@H](OC(=O)CCl)[C@H]3NC(=O)C(Cl)(Cl)Cl)[C@H]2OC(C)=O)[C@H](OC(=O)OCC(Cl)(Cl)Cl)[C@H]1NC(C)=O,C=CCO[C@@H]1O[C@H](COCc2ccccc2)[C@@H](O[C@@H]2O[C@H](COC(C)=O)[C@H](OC(C)=O)[C@H](O[C@@H]3O[C@H](COCc4ccccc4)[C@@H](OC(C)=O)[C@H](OC(=O)CCl)[C@H]3NC(=O)C(Cl)(Cl)Cl)[C@H]2OC(C)=O)[C@H](OC(=O)OCC(Cl)(Cl)Cl)[C@H]1NC(C)=O,trichloroacetimidate,45,46,45,46
SG-6efdd939031adee9,6efdd939031adee9c0aab044d09ce61726934a623843a9095b35c1ba98f1fa21,524,31-010-CAS-686891,524,31-010-CAS-686891,1,CC(=O)OC[C@H]1O[C@@H](O[C@H]2[C@@H](OC(C)=O)[C@@H](COC(=O)c3ccccc3)O[C@@H](OC(=N)C(Cl)(Cl)Cl)[C@@H]2OC(=O)c2ccccc2)[C@H](N2C(=O)c3ccccc3C2=O)[C@@H](OC(C)=O)[C@H]1OC(C)=O,COc1ccc(O[C@@H]2O[C@H](COCc3ccccc3)[C@@H](O[C@@H]3O[C@H](COCc4ccccc4)[C@H](OC(C)=O)[C@H](O[C@@H]4O[C@H](COCc5ccccc5)[C@@H](O)[C@H](O)[C@H]4N4C(=O)c5ccccc5C4=O)[C@H]3OCc3ccccc3)[C@H](OCc3ccccc3)[C@H]2OCc2ccccc2)cc1,COc1ccc(O[C@@H]2O[C@H](COCc3ccccc3)[C@@H](O[C@@H]3O[C@H](COCc4ccccc4)[C@H](OC(C)=O)[C@H](O[C@@H]4O[C@H](COCc5ccccc5)[C@@H](OC(C)=O)[C@H](O)[C@H]4N4C(=O)c5ccccc5C4=O)[C@H]3OCc3ccccc3)[C@H](OCc3ccccc3)[C@H]2OCc2ccccc2)cc1,trichloroacetimidate,52,53,52,53
SG-6f2e780dbb935a5b,6f2e780dbb935a5b4bf78e6e9245cf3aec893c4c96db9737aec8d33f7d775cdf,452,31-010-CAS-12552790,452,31-010-CAS-12552790,1,COC(=O)[C@@]1(O[C@H]2[C@@H](OC(C)=O)[C@@H](COC(C)=O)OC(OC(=N)C(Cl)(Cl)Cl)[C@@H]2OC(=O)c2ccccc2)C[C@H](OC(C)=O)[C@@H](NC(=O)C(F)(F)F)[C@H]([C@H](OC(C)=O)[C@@H](COC(C)=O)OC(C)=O)O1,COc1ccc(CO[C@H]2[C@H](O)[C@@H](COC(=O)CCC(C)=O)O[C@@H](O[C@H]3[C@@H](OCc4ccccc4)[C@@H](COCc4ccccc4)O[C@@H](O[C@H]4[C@H](OCc5ccccc5)[C@@H](OCc5ccccc5)[C@H](OCC[Si](C)(C)C)O[C@@H]4COCc4ccccc4)[C@@H]3OCc3ccccc3)[C@@H]2NC(C)=O)cc1,COc1ccc(CO[C@@H]2[C@@H](NC(C)=O)[C@H](O[C@H]3[C@@H](OCc4ccccc4)[C@@H](COCc4ccccc4)O[C@@H](O[C@H]4[C@H](OCc5ccccc5)[C@@H](OCc5ccccc5)[C@H](OCC[Si](C)(C)C)O[C@@H]4COCc4ccccc4)[C@@H]3OCc3ccccc3)O[C@H](COC(=O)CCC(C)=O)[C@H]2OC(C)=O)cc1,trichloroacetimidate,9,10,97,98
SG-6f996fb41edb1412,6f996fb41edb1412e502f240912851db69945ecc9c7ede0a1790d6076762907f,97,31-010-CAS-13932702,97,31-010-CAS-13932702,1,CC(=O)OC[C@H]1OC(OC(=N)C(Cl)(Cl)Cl)[C@H](OC(C)=O)[C@@H](OC(C)=O)[C@H]1OC(C)=O,Cc1cccc(C)c1S[C@@H]1O[C@H](COCc2ccccc2)[C@@H](O)[C@H](OC(=O)c2ccccc2)[C@H]1NC(=O)OCC(Cl)(Cl)Cl,CC(=O)O[C@H]1[C@H](OC(=O)c2ccccc2)[C@@H](NC(=O)OCC(Cl)(Cl)Cl)[C@H](Sc2c(C)cccc2C)O[C@@H]1COCc1ccccc1,trichloroacetimidate,21,22,4,3
SG-6fb7a48e78193db4,6fb7a48e78193db478a3a1a4c21ce1593636b9a36f3e76f27040eef539cb1d19,1267,31-013-CAS-12189660,1267,31-013-CAS-12189660,1,COC(=O)[C@@]1(O[C@H]2[C@@H](OC(=O)c3ccccc3)[C@@H](COC(=O)c3ccccc3)O[C@@H](SC)[C@@H]2OC(=O)c2ccccc2)C[C@H](OC(C)=O)[C@@H](NC(C)=O)[C@H]([C@H](OC(C)=O)[C@@H](COC(C)=O)OC(C)=O)O1,COc1ccc(CO[C@H]2[C@H](O)[C@@H](COCc3ccccc3)O[C@@H](O[C@H]3[C@@H](OCc4ccccc4)[C@@H](COCc4ccccc4)O[C@@H](O[C@H]4[C@H](OCc5ccccc5)[C@@H](OCc5ccccc5)[C@H](OCC[Si](C)(C)C)O[C@@H]4COCc4ccccc4)[C@@H]3OCc3ccccc3)[C@@H]2NC(C)=O)cc1,COc1ccc(CO[C@@H]2[C@@H](NC(C)=O)[C@H](O[C@H]3[C@@H](OCc4ccccc4)[C@@H](COCc4ccccc4)O[C@@H](O[C@H]4[C@H](OCc5ccccc5)[C@@H](OCc5ccccc5)[C@H](OCC[Si](C)(C)C)O[C@@H]4COCc4ccccc4)[C@@H]3OCc3ccccc3)O[C@H](COCc3ccccc3)[C@H]2OC(C)=O)cc1,thioglycoside,9,10,97,98
SG-6fcd546b96e47853,6fcd546b96e47853cd778069f1c72dd67bad9ada90ee80ee8b3324763ab7e9ae,1085,31-614-CAS-36914120,1085,31-614-CAS-36914120,1,COC(=O)[C@@H]1OC(Sc2ccc(C)cc2)[C@H](OC(=O)c2ccccc2)[C@@H](OCc2ccccc2)[C@@H]1OCC#C[Si](C(C)C)(C(C)C)C(C)C,CC(=O)CCC(=O)OC[C@H]1O[C@H](OCCN=[N+]=[N-])[C@H](NC(=O)OCC(Cl)(Cl)Cl)[C@@H](OCc2ccccc2)[C@@H]1O,CC(=O)CCC(=O)OC[C@H]1O[C@H](OCCN=[N+]=[N-])[C@H](NC(=O)OCC(Cl)(Cl)Cl)[C@@H](OCc2ccccc2)[C@@H]1OC(C)=O,thioglycoside,37,38,37,38
SG-7016072fbde8dfd3,7016072fbde8dfd3a59b7330583a2aec336942cd787b07a1a6b3482861158426,949,31-013-CAS-19796364,949;950,31-013-CAS-19796364;31-013-CAS-13137320,2,CC(C)(C)[Si](OC[C@H]1O[C@@H](Sc2ccccc2)[C@H](OC(=O)c2ccccc2)[C@@H](OC(=O)c2ccccc2)[C@H]1OC(=O)c1ccccc1)(c1ccccc1)c1ccccc1,CC(=O)N[C@@H]1[C@@H](O)[C@H](O)[C@@H](CO[Si](c2ccccc2)(c2ccccc2)C(C)(C)C)O[C@H]1N=[N+]=[N-],CC(=O)N[C@@H]1[C@@H](O)[C@H](OC(C)=O)[C@@H](CO[Si](c2ccccc2)(c2ccccc2)C(C)(C)C)O[C@H]1N=[N+]=[N-],thioglycoside,7,8,7,8
SG-7043bf6cc7a6efc0,7043bf6cc7a6efc0a46a08a1d84946588b7f9beb5b6b87294e32b1d3a6e3a54d,683,31-013-CAS-22198141,683,31-013-CAS-22198141,1,CC(=O)O[C@@H]1[C@@H](OCc2ccccc2)[C@@H]2O[C@H](c3ccccc3)OC[C@@H]2O[C@H]1Sc1ccc(C)cc1,CO[C@H]1O[C@H](COC(C)=O)[C@@H](O)[C@H](OCc2ccccc2)[C@H]1N=[N+]=[N-],CO[C@H]1O[C@H](COC(C)=O)[C@@H](OC(C)=O)[C@H](OCc2ccccc2)[C@H]1N=[N+]=[N-],thioglycoside,10,11,10,11
SG-7052525ef2070e24,7052525ef2070e24fe7572e331ebc10ac0c8990858f22a45637fe34ab9159b79,219,31-010-CAS-3920193,219;220;221,31-010-CAS-3920193;31-010-CAS-20767187;31-010-CAS-17642154,3,CC(C)(C)[Si](OC[C@H]1OC(OC(=N)C(Cl)(Cl)Cl)[C@@H](OCc2ccccc2)[C@@H](OCc2ccccc2)[C@@H]1OCc1ccccc1)(c1ccccc1)c1ccccc1,CC1(C)[C@H]2CC[C@]1(C)[C@]1(C2)O[C@@H]2[C@H](OCc3ccccc3)[C@@H](OCc3ccccc3)[C@H](OCc3ccccc3)[C@@H](O[C@H]3O[C@H](COCc4ccccc4)[C@@H](O)[C@H](OCc4ccccc4)[C@H]3N=[N+]=[N-])[C@@H]2O1,CC(=O)O[C@H]1[C@H](OCc2ccccc2)[C@@H](N=[N+]=[N-])[C@@H](O[C@@H]2[C@@H](OCc3ccccc3)[C@H](OCc3ccccc3)[C@@H](OCc3ccccc3)[C@H]3O[C@]4(C[C@@H]5CC[C@@]4(C)C5(C)C)O[C@@H]23)O[C@@H]1COCc1ccccc1,trichloroacetimidate,53,54,4,3
SG-7073a3fda54b1708,7073a3fda54b17081ea231a8027cbb931de439f9c151b0c6c9e389fff307da5f,1304,31-013-CAS-17453658,1304,31-013-CAS-17453658,1,CCS[C@@H]1O[C@@H]2CO[C@@H](c3ccccc3)O[C@H]2[C@H](O[C@H](C)C(=O)OCc2ccccc2)[C@H]1N1C(=O)c2ccccc2C1=O,CO[C@@H]1O[C@H](COCc2ccccc2)[C@@H](O)[C@H](OC(C)=O)[C@H]1N1C(=O)c2ccccc2C1=O,CO[C@@H]1O[C@H](COCc2ccccc2)[C@@H](OC(C)=O)[C@H](OC(C)=O)[C@H]1N1C(=O)c2ccccc2C1=O,thioglycoside,14,15,14,15
SG-70b2d87cc0baf1c8,70b2d87cc0baf1c88649734e54b1f856a73ed9cb9c437f96721786cec60fff8e,1069,31-013-CAS-12798014,1069,31-013-CAS-12798014,1,COC(=O)[C@@H]1O[C@@H](Sc2ccccc2)[C@H](OC(=O)c2ccccc2)[C@@H](OCc2ccccc2)[C@@H]1OC(=O)OCC1c2ccccc2-c2ccccc21,CO[C@H]1O[C@H](COC(C)=O)[C@@H](O)[C@H](OCc2ccccc2)[C@H]1NC(=O)OCc1ccccc1,CO[C@H]1O[C@H](COC(C)=O)[C@@H](OC(C)=O)[C@H](OCc2ccccc2)[C@H]1NC(=O)OCc1ccccc1,thioglycoside,10,11,10,11
SG-70e059b5867eb260,70e059b5867eb26067ae9e1844348af58e0aa7eb62ee2095eb8c6ddf352aa075,1455,31-013-CAS-11253742,1455,31-013-CAS-11253742,1,COc1ccc(CO[C@H]2[C@@H](OC(=O)CCl)[C@@H](CN3C(=O)c4ccccc4C3=O)O[C@@H](Sc3ccccc3)[C@@H]2N2C(=O)c3ccccc3C2=O)cc1,COc1ccc(CO[C@H]2[C@@H](O)[C@@H](CN3C(=O)c4ccccc4C3=O)O[C@@H](O[C@@H]3[C@H](OCc4ccc(OC)cc4)[C@@H](N4C(=O)c5ccccc5C4=O)[C@H](OCCCBr)O[C@@H]3CN3C(=O)c4ccccc4C3=O)[C@@H]2N2C(=O)c3ccccc3C2=O)cc1,COc1ccc(CO[C@H]2[C@@H](OC(C)=O)[C@@H](CN3C(=O)c4ccccc4C3=O)O[C@@H](O[C@@H]3[C@H](OCc4ccc(OC)cc4)[C@@H](N4C(=O)c5ccccc5C4=O)[C@H](OCCCBr)O[C@@H]3CN3C(=O)c4ccccc4C3=O)[C@@H]2N2C(=O)c3ccccc3C2=O)cc1,thioglycoside,9,10,9,10
SG-711c46213058e58e,711c46213058e58e4d2d68ccec7e3d998dc8f3588fd111a8e07f295d9d4f718f,558,31-010-CAS-4356836,558,31-010-CAS-4356836,1,CC(=O)OC[C@H]1O[C@H](O[C@H]2[C@H](OCc3ccccc3)[C@@H](OC(=O)c3ccccc3)C(OC(=N)C(Cl)(Cl)Cl)O[C@@H]2COC(=O)CCl)[C@H](N=[N+]=[N-])[C@@H](OCc2ccccc2)[C@@H]1OCc1ccccc1,COc1ccc(O[C@@H]2O[C@H](COC(=O)CCl)[C@@H](O[C@H]3O[C@H](COC(C)=O)[C@@H](O[C@@H]4O[C@H](COC(=O)CCl)[C@@H](O[C@H]5O[C@H](COC(C)=O)[C@@H](O)[C@H](OCc6ccccc6)[C@H]5N=[N+]=[N-])[C@H](OCc5ccccc5)[C@H]4OC(=O)c4ccccc4)[C@H](OCc4ccccc4)[C@H]3N=[N+]=[N-])[C@H](OCc3ccccc3)[C@H]2OC(=O)c2ccccc2)cc1,COc1ccc(O[C@@H]2O[C@H](COC(=O)CCl)[C@@H](O[C@H]3O[C@H](COC(C)=O)[C@@H](O[C@@H]4O[C@H](COC(=O)CCl)[C@@H](O[C@H]5O[C@H](COC(C)=O)[C@@H](OC(C)=O)[C@H](OCc6ccccc6)[C@H]5N=[N+]=[N-])[C@H](OCc5ccccc5)[C@H]4OC(=O)c4ccccc4)[C@H](OCc4ccccc4)[C@H]3N=[N+]=[N-])[C@H](OCc3ccccc3)[C@H]2OC(=O)c2ccccc2)cc1,trichloroacetimidate,47,48,47,48
SG-71a81b534cc4c446,71a81b534cc4c44681ed3b918d34a4a84f31376f3219a8834ce9f4f7638d018c,475,31-010-CAS-6246955,475,31-010-CAS-6246955,1,CC(C)[Si](F)(O[Si](O[C@H]1[C@H](O[C@H]2O[C@H](COCc3ccccc3)[C@H](OCc3ccccc3)[C@H](OCc3ccccc3)[C@H]2OCc2ccccc2)[C@H](OC(=O)c2ccccc2)[C@@H](OC(=N)C(Cl)(Cl)Cl)O[C@@H]1CO[C@H]1O[C@H](COC(=O)c2ccccc2)[C@@H](OC(=O)c2ccccc2)[C@H](OC(=O)c2ccccc2)[C@@H]1OC(=O)c1ccccc1)(C(C)C)C(C)C)C(C)C,CCCCCCCCS[C@H]1O[C@H](COCc2ccccc2)[C@@H](O)[C@H](OCc2ccccc2)[C@H]1N=[N+]=[N-],CCCCCCCCS[C@H]1O[C@H](COCc2ccccc2)[C@@H](OC(C)=O)[C@H](OCc2ccccc2)[C@H]1N=[N+]=[N-],trichloroacetimidate,21,22,21,22
SG-71f39f9616b4bf32,71f39f9616b4bf321b52de69570d27826fc1838d35cf97d0cd8f4f35632933ad,409,31-010-CAS-9822906,409;410,31-010-CAS-9822906;31-010-CAS-3385661,2,COC(=O)[C@@H]1O[C@H](OC(=N)C(Cl)(Cl)Cl)[C@H](OC(C)=O)[C@@H](OCc2ccccc2)[C@@H]1O[C@H]1O[C@H](COC(C)=O)[C@@H](O[Si](C)(C)C(C)(C)C)[C@H](OC(C)=O)[C@H]1N=[N+]=[N-],C=CCCCO[C@@H]1O[C@H](C(=O)OC)[C@@H](O[C@H]2O[C@H](COC(C)=O)[C@@H](O)[C@H](OCc3ccccc3)[C@H]2N=[N+]=[N-])[C@H](OCc2ccccc2)[C@H]1OC(=O)CCC(C)=O,C=CCCCO[C@@H]1O[C@H](C(=O)OC)[C@@H](O[C@H]2O[C@H](COC(C)=O)[C@@H](OC(C)=O)[C@H](OCc3ccccc3)[C@H]2N=[N+]=[N-])[C@H](OCc2ccccc2)[C@H]1OC(=O)CCC(C)=O,trichloroacetimidate,23,24,23,24
SG-72183e902d4056ef,72183e902d4056efae5d1b2ebd812b2adb047e59361338956fdcceb6f0e79b0b,1310,31-013-CAS-1975073,1310,31-013-CAS-1975073,1,CCS[C@H]1O[C@@H](C)[C@@H](OCc2ccccc2)[C@@H](OCc2ccccc2)[C@@H]1OCc1ccccc1,CC(=O)OC[C@H]1O[C@@H](O[C@H]2[C@H](O)[C@@H](COCc3ccccc3)O[C@@H](Sc3ccccc3)[C@@H]2NC(=O)c2ccccc2C(=O)O)[C@H](OC(C)=O)[C@@H](OC(C)=O)[C@H]1OC(C)=O,CC(=O)OC[C@H]1O[C@@H](O[C@@H]2[C@@H](NC(=O)c3ccccc3C(=O)O)[C@H](Sc3ccccc3)O[C@H](COCc3ccccc3)[C@H]2OC(C)=O)[C@H](OC(C)=O)[C@@H](OC(C)=O)[C@H]1OC(C)=O,thioglycoside,10,11,42,43
SG-722b14b5d9c8e5c4,722b14b5d9c8e5c4692f1f480c1e034439b65b6babff8e07e84d0e9752fd3726,1408,31-013-CAS-5008597,1408,31-013-CAS-5008597,1,CCS[C@@H]1O[C@@H]2CO[C@H](c3ccccc3)O[C@@H]2[C@H](OC(C)=O)[C@H]1OC(C)=O,CC(C)(C)[Si](OC[C@H]1O[C@@H](OCCCNC(=O)OCc2ccccc2)[C@H](N2C(=O)c3ccccc3C2=O)[C@@H](O)[C@@H]1O)(c1ccccc1)c1ccccc1,CC(=O)O[C@H]1[C@H](O)[C@@H](N2C(=O)c3ccccc3C2=O)[C@H](OCCCNC(=O)OCc2ccccc2)O[C@@H]1CO[Si](c1ccccc1)(c1ccccc1)C(C)(C)C,thioglycoside,39,40,4,3
SG-723bd81073f0bbc7,723bd81073f0bbc7148b0062f34f320bdc72a615470e4e44461d72c1d4992131,1178,31-013-CAS-15500340,1178,31-013-CAS-15500340,1,CCS[C@@H]1O[C@H](COCc2ccccc2)[C@H](OCc2ccccc2)[C@H](OCc2ccccc2)[C@H]1OC(=O)CCC(C)=O,O=C(NCCCO[C@@H]1O[C@H](COCc2ccccc2)[C@@H](O)[C@H](OC(=O)OCC2c3ccccc3-c3ccccc32)[C@H]1NC(=O)OCC(Cl)(Cl)Cl)OCc1ccccc1,CC(=O)O[C@H]1[C@H](OC(=O)OCC2c3ccccc3-c3ccccc32)[C@@H](NC(=O)OCC(Cl)(Cl)Cl)[C@H](OCCCNC(=O)OCc2ccccc2)O[C@@H]1COCc1ccccc1,thioglycoside,19,20,4,3
SG-72872267e480adea,72872267e480adea50868f4b81321766beb6fe27e010c361c7d2ac562e4754e1,44,31-013-CAS-1543424,44,31-013-CAS-1543424,1,CC(=O)O[C@H]1[C@H](OCc2ccccc2)[C@@H](N2C(=O)c3ccccc3C2=O)[C@H](OC(=N)C(Cl)(Cl)Cl)O[C@@H]1COCc1ccccc1,COc1ccc(O[C@@H]2O[C@H](COCc3ccccc3)[C@@H](O)[C@H](OCc3ccccc3)[C@H]2N2C(=O)c3ccccc3C2=O)cc1,COc1ccc(O[C@@H]2O[C@H](COCc3ccccc3)[C@@H](OC(C)=O)[C@H](OCc3ccccc3)[C@H]2N2C(=O)c3ccccc3C2=O)cc1,trichloroacetimidate,19,20,19,20
SG-728da58935d5c3a7,728da58935d5c3a72c35e596f8497680ae04944a0884b3553aacef2eaf0dc1b3,486,31-614-CAS-44041075,486,31-614-CAS-44041075,1,N=C(OC1O[C@H](COC(=O)c2ccccc2)[C@H](OCc2ccccc2)[C@H](O[C@@H]2O[C@H](COC(=O)c3ccccc3)[C@@H](O[C@@H]3O[C@H](COCc4ccccc4)[C@H](OCc4ccccc4)[C@H](OCc4ccccc4)[C@H]3OC(=O)c3ccccc3)[C@H](OCc3ccccc3)[C@H]2N2C(=O)c3ccccc3C2=O)[C@H]1OC(=O)c1ccccc1)C(Cl)(Cl)Cl,O=C(OC[C@H]1O[C@@H](O[C@H]2[C@@H](OCc3ccccc3)[C@@H](COC(=O)c3ccccc3)O[C@@H](O[C@H]3[C@H](OCc4ccccc4)[C@@H](OCc4ccccc4)[C@H](OCc4ccccc4)O[C@@H]3COCc3ccccc3)[C@@H]2OC(=O)c2ccccc2)[C@H](N2C(=O)c3ccccc3C2=O)[C@@H](OCc2ccccc2)[C@@H]1O)c1ccccc1,CC(=O)O[C@H]1[C@H](OCc2ccccc2)[C@@H](N2C(=O)c3ccccc3C2=O)[C@H](O[C@H]2[C@@H](OCc3ccccc3)[C@@H](COC(=O)c3ccccc3)O[C@@H](O[C@H]3[C@H](OCc4ccccc4)[C@@H](OCc4ccccc4)[C@H](OCc4ccccc4)O[C@@H]3COCc3ccccc3)[C@@H]2OC(=O)c2ccccc2)O[C@@H]1COC(=O)c1ccccc1,trichloroacetimidate,102,103,4,3
SG-72963dff6b50779e,72963dff6b50779e80f5bc18b544eb40d6ea04b5a6947f2045419b452b8dd200,1335,31-013-CAS-13170869,1335,31-013-CAS-13170869,1,Cc1ccc(S[C@@H]2O[C@@H]3CO[C@@H](c4ccccc4)O[C@H]3[C@H](OCc3ccccc3)[C@H]2N2C(=O)c3ccccc3C2=O)cc1,[N-]=[N+]=NCCCCCO[C@@H]1O[C@H](COCc2ccccc2)[C@@H](O)[C@H](OCc2ccccc2)[C@H]1N1C(=O)c2ccccc2C1=O,CC(=O)O[C@H]1[C@H](OCc2ccccc2)[C@@H](N2C(=O)c3ccccc3C2=O)[C@H](OCCCCCN=[N+]=[N-])O[C@@H]1COCc1ccccc1,thioglycoside,21,22,4,3
SG-72bcc6100d3b0217,72bcc6100d3b02179f974abc2267ec32bf323a02e9b95a77cbd728a8007e6465,226,31-010-CAS-1667854,226,31-010-CAS-1667854,1,CC(=O)OC[C@H]1O[C@H](OC(=N)C(Cl)(Cl)Cl)[C@H](OC(C)=O)[C@@H](OC(C)=O)[C@H]1OC(C)=O,C=CCO[C@@H]1O[C@H](CO[Si](C)(C)C(C)(C)C)[C@@H](O)[C@H](O)[C@H]1NC(=O)OCC(Cl)(Cl)Cl,C=CCO[C@@H]1O[C@H](CO[Si](C)(C)C(C)(C)C)[C@@H](OC(C)=O)[C@H](O)[C@H]1NC(=O)OCC(Cl)(Cl)Cl,trichloroacetimidate,16,17,16,17
SG-7344a0422b833ee7,7344a0422b833ee7594970a2f0144b567ddef2ce93b4e80128a2fc89d432457f,113,31-010-CAS-2164593,113,31-010-CAS-2164593,1,CC(=O)OC[C@H]1O[C@@H](OC(=N)C(Cl)(Cl)Cl)[C@H](N2C(=O)c3ccccc3C2=O)[C@@H](OC(C)=O)[C@@H]1OC(C)=O,CC(=O)N[C@H]1[C@@H](OCc2ccccc2)O[C@H](COC(C)=O)[C@@H](O)[C@@H]1O[C@H](C)C(=O)N[C@@H](C)C(=O)OCC[Si](C)(C)C,CC(=O)N[C@H]1[C@@H](OCc2ccccc2)O[C@H](COC(C)=O)[C@@H](OC(C)=O)[C@@H]1O[C@H](C)C(=O)N[C@@H](C)C(=O)OCC[Si](C)(C)C,trichloroacetimidate,21,22,21,22
SG-7344d481f8694598,7344d481f8694598a02322df784b462d3ddf0462f613eff80db3e9a41ed28722,776,31-013-CAS-21359711,776;777,31-013-CAS-21359711;31-013-CAS-4184502,2,C=CCO[C@@H]1[C@@H](N=[N+]=[N-])[C@@H](O[C@H]2[C@H](OCc3ccccc3)[C@@H](OC(=O)c3ccccc3)[C@@H](Sc3ccc(C)cc3)O[C@H]2COc2ccc(OC)cc2)O[C@H](COC(=O)c2ccccc2)[C@H]1OC(=O)CCC(C)=O,CO[C@H]1O[C@H](COC(=O)c2ccccc2)[C@@H](O)[C@H](OCc2ccccc2)[C@H]1N=[N+]=[N-],CO[C@H]1O[C@H](COC(=O)c2ccccc2)[C@@H](OC(C)=O)[C@H](OCc2ccccc2)[C@H]1N=[N+]=[N-],thioglycoside,15,16,15,16
SG-73590d8d89df5d08,73590d8d89df5d0870d8b158b17c290693e5c98df27719f77d7476448aea4f09,15,31-010-CAS-14347021,15,31-010-CAS-14347021,1,CC(=O)OC[C@H]1O[C@@H](OC(=N)C(Cl)(Cl)Cl)[C@H](N2C(=O)c3ccccc3C2=O)[C@@H](OC(C)=O)[C@@H]1OC(C)=O,C=CC[C@@H]1O[C@H](COCc2ccccc2)[C@@H](O)[C@H](OCc2ccccc2)[C@H]1N1C(=O)c2ccccc2C1=O,C=CC[C@@H]1O[C@H](COCc2ccccc2)[C@@H](OC(C)=O)[C@H](OCc2ccccc2)[C@H]1N1C(=O)c2ccccc2C1=O,trichloroacetimidate,15,16,15,16
SG-739d7a55005f9a05,739d7a55005f9a0585f33ccbf098eccaf90448bc38c814012a94735a6691ad05,565,31-010-CAS-5089795,565,31-010-CAS-5089795,1,O=C(OC[C@H]1OC(OC(=Nc2ccccc2)C(F)(F)F)[C@H](OCc2ccccc2)[C@@H](OCc2ccccc2)[C@@H]1OCc1ccccc1)c1ccccc1,CO[C@H]1O[C@H](COCc2ccccc2)[C@H](O)[C@H](OC(C)=O)[C@H]1N=[N+]=[N-],CO[C@H]1O[C@H](COCc2ccccc2)[C@H](OC(C)=O)[C@H](OC(C)=O)[C@H]1N=[N+]=[N-],trifluoroacetimidate,14,15,14,15
SG-740040c8ce4868d3,740040c8ce4868d3ded08a9574c1e72fd40d0b7c0f42f1e786734932e767a30c,259,31-010-CAS-2630087,259,31-010-CAS-2630087,1,[N-]=[N+]=NC[C@H]1OC(OC(=N)C(Cl)(Cl)Cl)[C@H](N=[N+]=[N-])[C@@H](OCc2ccccc2)[C@@H]1OCc1ccccc1,CO[C@@H]1O[C@H](COC(C)=O)[C@@H](O)[C@H](O[C@@H]2O[C@H](COC(=O)c3ccccc3)[C@@H](OC(=O)c3ccccc3)[C@H]2OC(=O)c2ccccc2)[C@H]1N=[N+]=[N-],CO[C@@H]1O[C@H](COC(C)=O)[C@@H](OC(C)=O)[C@H](O[C@@H]2O[C@H](COC(=O)c3ccccc3)[C@@H](OC(=O)c3ccccc3)[C@H]2OC(=O)c2ccccc2)[C@H]1N=[N+]=[N-],trichloroacetimidate,10,11,10,11
SG-7465246cefaac677,7465246cefaac677870af29f000debdf52ea1e1d1db4aaff5ed2c60b24833e57,1099,31-013-CAS-1336992,1099;1100;1101,31-013-CAS-1336992;31-013-CAS-4631185;31-013-CAS-9977427,3,c1ccc(CO[C@H]2[C@H]3O[C@@H](c4ccccc4)OC[C@H]3O[C@@H](Sc3ccccc3)[C@@H]2OCc2ccccc2)cc1,CO[C@H]1O[C@H](COCc2ccccc2)[C@@H](O)[C@@H]2OC(=O)N(C(C)=O)[C@@H]12,CO[C@H]1O[C@H](COCc2ccccc2)[C@@H](OC(C)=O)[C@@H]2OC(=O)N(C(C)=O)[C@@H]12,thioglycoside,14,15,14,15
SG-74728c0fac7980c6,74728c0fac7980c683b79837ffc83cb8e627b1896196e4ea7b80f2d80f5d6bae,750,31-013-CAS-14723929,750,31-013-CAS-14723929,1,CC(=O)CCC(=O)O[C@H]1[C@H](OCc2ccccc2)[C@@H](OC(=O)c2ccccc2)[C@H](Sc2ccc(C)cc2)O[C@H]1CO[Si](c1ccccc1)(c1ccccc1)C(C)(C)C,CO[C@H]1O[C@H](COC(C)=O)[C@@H](O)[C@H](OCc2ccccc2)[C@H]1N=[N+]=[N-],CO[C@H]1O[C@H](COC(C)=O)[C@@H](OC(C)=O)[C@H](OCc2ccccc2)[C@H]1N=[N+]=[N-],thioglycoside,10,11,10,11
SG-747c1c0b5c83894b,747c1c0b5c83894b99ef5b90d50b9082cbd73f63fc85b02b94b0920759118cba,495,31-010-CAS-16614012,495,31-010-CAS-16614012,1,COC(=O)[C@@]1(OC[C@H]2O[C@H](OC(=N)C(Cl)(Cl)Cl)[C@H](OC(=O)c3ccccc3)[C@@H](OC(=O)c3ccccc3)[C@H]2OC(C)=O)C[C@H](OC(C)=O)[C@@H](NC(C)=O)[C@H]([C@H](OC(C)=O)[C@@H](COC(C)=O)OC(C)=O)O1,CC(=O)CCC(=O)O[C@H]1[C@H](OCc2ccccc2)[C@@H](NC(=O)OCC(Cl)(Cl)Cl)[C@H](O[C@H]2[C@@H](OC(C)=O)[C@@H](CO[C@@H]3O[C@H](COCc4ccccc4)[C@@H](O)[C@H](OCc4ccccc4)[C@H]3NC(=O)OCC(Cl)(Cl)Cl)O[C@@H](OCC[Si](C)(C)C)[C@@H]2OC(=O)c2ccccc2)O[C@@H]1COCc1ccccc1,CC(=O)CCC(=O)O[C@H]1[C@H](OCc2ccccc2)[C@@H](NC(=O)OCC(Cl)(Cl)Cl)[C@H](O[C@H]2[C@@H](OC(C)=O)[C@@H](CO[C@@H]3O[C@H](COCc4ccccc4)[C@@H](OC(C)=O)[C@H](OCc4ccccc4)[C@H]3NC(=O)OCC(Cl)(Cl)Cl)O[C@@H](OCC[Si](C)(C)C)[C@@H]2OC(=O)c2ccccc2)O[C@@H]1COCc1ccccc1,trichloroacetimidate,51,52,51,52
SG-747f24c3fb92ae9a,747f24c3fb92ae9a405fc7e3b17f086b879f72bddc9bc9e382c072580d7b481f,275,31-010-CAS-16569616,275,31-010-CAS-16569616,1,CC(C)(C)C(=O)OC[C@H]1O[C@H](OC(=N)C(Cl)(Cl)Cl)[C@H](OC(=O)C(C)(C)C)[C@@H](OC(=O)C(C)(C)C)[C@H]1F,CO[C@@H]1O[C@H](COC(=O)c2ccccc2)[C@@H](O)[C@H](OC(=O)CCl)[C@H]1NC(C)=O,CO[C@@H]1O[C@H](COC(=O)c2ccccc2)[C@@H](OC(C)=O)[C@H](OC(=O)CCl)[C@H]1NC(C)=O,trichloroacetimidate,15,16,15,16
SG-74830708e93a05ba,74830708e93a05bac1f2c572028c1107d0677bf22db2a3f34e0e50dbcd53ec69,675,31-301-CAS-13234743,675,31-301-CAS-13234743,1,O=S(c1ccccc1)[C@H]1O[C@@H]2CO[C@@H](c3ccccc3)O[C@H]2[C@H](OCc2ccccc2)[C@@H]1OCc1ccccc1,CO[C@@H]1O[C@H](COCc2ccccc2)[C@@H](O)[C@H](OCc2ccccc2)[C@H]1N=[N+]=[N-],CO[C@@H]1O[C@H](COCc2ccccc2)[C@@H](OC(C)=O)[C@H](OCc2ccccc2)[C@H]1N=[N+]=[N-],thioglycoside,14,15,14,15
SG-74a466a6ebcaeaeb,74a466a6ebcaeaeb19afa9cbbf7d2f60204cb5393e7d2c8f278651d433c94c0e,128,31-010-CAS-19010376,128,31-010-CAS-19010376,1,CC(=O)O[C@H]1[C@@H](NC(=O)OCC(Cl)(Cl)Cl)[C@@H](C)OC(OC(=N)C(Cl)(Cl)Cl)[C@@H]1N=[N+]=[N-],COc1ccc(O[C@@H]2O[C@H](COCc3ccccc3)[C@H](O)[C@H](O[C@@H]3O[C@@H]([C@@H](COCc4ccccc4)OCc4ccccc4)[C@H](OCc4ccccc4)[C@H]3OCc3ccccc3)[C@H]2N=[N+]=[N-])cc1,COc1ccc(O[C@@H]2O[C@H](COCc3ccccc3)[C@H](OC(C)=O)[C@H](O[C@@H]3O[C@@H]([C@@H](COCc4ccccc4)OCc4ccccc4)[C@H](OCc4ccccc4)[C@H]3OCc3ccccc3)[C@H]2N=[N+]=[N-])cc1,trichloroacetimidate,19,20,19,20
SG-74bfc90932837ce8,74bfc90932837ce831281e426cb0ac5dd10eaaeb962092dab48e10bf62d3e16d,21,31-010-CAS-820306,21,31-010-CAS-820306,1,CC(=O)OC[C@H]1O[C@H](OC(=N)C(Cl)(Cl)Cl)[C@H](OC(C)=O)[C@@H](OC(C)=O)[C@@H]1OC(C)=O,C=CCO[C@@H]1O[C@H](COCc2ccccc2)[C@@H](O[C@@H]2O[C@H](COC(C)=O)[C@H](OC(C)=O)[C@H](O[C@@H]3O[C@H](COCc4ccccc4)[C@@H](O)[C@H](OC(=O)CCl)[C@H]3NC(=O)C(Cl)(Cl)Cl)[C@H]2OC(C)=O)[C@H](OC(=O)OCC(Cl)(Cl)Cl)[C@H]1NC(C)=O,C=CCO[C@@H]1O[C@H](COCc2ccccc2)[C@@H](O[C@@H]2O[C@H](COC(C)=O)[C@H](OC(C)=O)[C@H](O[C@@H]3O[C@H](COCc4ccccc4)[C@@H](OC(C)=O)[C@H](OC(=O)CCl)[C@H]3NC(=O)C(Cl)(Cl)Cl)[C@H]2OC(C)=O)[C@H](OC(=O)OCC(Cl)(Cl)Cl)[C@H]1NC(C)=O,trichloroacetimidate,45,46,45,46
SG-74c38bc777ec3dbd,74c38bc777ec3dbd9e50ac6d689275824f37b029a5d2bf4d79f3f99de4187369,960,31-013-CAS-1943497,960,31-013-CAS-1943497,1,CCS[C@@H]1O[C@H](C(=O)OC(C)(C)C)[C@@H](OCc2ccccc2)[C@H](OCc2ccccc2)[C@H]1OC(=O)c1ccccc1,COc1ccc(OC[C@H]2O[C@H](OC)[C@H](NC(=O)OCc3ccccc3)[C@@H](OCc3ccccc3)[C@@H]2O)cc1,COc1ccc(OC[C@H]2O[C@H](OC)[C@H](NC(=O)OCc3ccccc3)[C@@H](OCc3ccccc3)[C@@H]2OC(C)=O)cc1,thioglycoside,34,35,34,35
SG-74c883fcc138d2f7,74c883fcc138d2f7f9fdc43be9b7fe10653c6558a26a2d3f5ee7a5d3b0be6e27,868,31-301-CAS-8971847,868,31-301-CAS-8971847,1,O=S(c1ccccc1)[C@H]1O[C@@H]2CO[C@@H](c3ccccc3)O[C@H]2[C@H](OCc2ccccc2)[C@@H]1OCc1ccccc1,CO[C@H]1O[C@H](COCc2ccccc2)[C@@H](O)[C@H](OCc2ccccc2)[C@H]1NC(C)=O,CO[C@H]1O[C@H](COCc2ccccc2)[C@@H](OC(C)=O)[C@H](OCc2ccccc2)[C@H]1NC(C)=O,thioglycoside,14,15,14,15
SG-7528594492c379ec,7528594492c379ec50e78913028587ce95a79c04bdfbd5ede461289f8b56105b,1205,31-013-CAS-7432441,1205,31-013-CAS-7432441,1,CC(=O)N1C(=O)O[C@H]2[C@@H](O[Si](C)(C)C(C)(C)C)[C@@H](COCc3ccccc3)O[C@H](Sc3ccc(C)cc3)[C@@H]21,CO[C@H]1O[C@H](COCc2ccccc2)[C@H](O[C@H]2O[C@H](COCc3ccccc3)[C@H](O[C@H]3O[C@H](COCc4ccccc4)[C@H](O)[C@@H]4OC(=O)N(C(C)=O)[C@@H]34)[C@@H]3OC(=O)N(C(C)=O)[C@@H]23)[C@@H]2OC(=O)N(C(C)=O)[C@@H]12,CO[C@H]1O[C@H](COCc2ccccc2)[C@H](O[C@H]2O[C@H](COCc3ccccc3)[C@H](O[C@H]3O[C@H](COCc4ccccc4)[C@H](OC(C)=O)[C@@H]4OC(=O)N(C(C)=O)[C@@H]34)[C@@H]3OC(=O)N(C(C)=O)[C@@H]23)[C@@H]2OC(=O)N(C(C)=O)[C@@H]12,thioglycoside,42,43,42,43
SG-75b957e764969dcc,75b957e764969dcca5d238c8e1f143fd4e19dc912d9caf9e5baef9af164036cb,132,31-010-CAS-10269107,132,31-010-CAS-10269107,1,N=C(O[C@@H]1O[C@H](COCc2ccccc2)[C@@H](OCc2ccccc2)[C@H](OCc2ccccc2)[C@@H]1OCc1ccccc1)C(Cl)(Cl)Cl,[N-]=[N+]=N[C@@H]1[C@@H](OCc2ccccc2)[C@H](O)[C@@H](COCc2ccccc2)O[C@@H]1Sc1ccccc1,CC(=O)O[C@H]1[C@H](OCc2ccccc2)[C@@H](N=[N+]=[N-])[C@@H](Sc2ccccc2)O[C@@H]1COCc1ccccc1,trichloroacetimidate,13,14,4,3
SG-76c0230ff20b1529,76c0230ff20b152942d7677021d652bfdfe53d8dba54553b7ce30961b5e0a7d0,1148,31-614-CAS-32798122,1148,31-614-CAS-32798122,1,CC(=O)OC[C@H]1O[C@@H](Sc2ccc(C)cc2)[C@H](OC(C)=O)[C@@H](OC(C)=O)[C@H]1OC(C)=O,CC(C)(C)[Si](OC[C@H]1O[C@@H](OCCCN=[N+]=[N-])[C@H](N2C(=O)c3ccccc3C2=O)[C@@H](O)[C@@H]1O)(c1ccccc1)c1ccccc1,CC(=O)O[C@H]1[C@H](O)[C@@H](N2C(=O)c3ccccc3C2=O)[C@H](OCCCN=[N+]=[N-])O[C@@H]1CO[Si](c1ccccc1)(c1ccccc1)C(C)(C)C,thioglycoside,31,32,4,3
SG-770afc3123a5fe76,770afc3123a5fe76992d10b532f66daf99278d43fd048d0f3d777db58450dfc3,1174,31-013-CAS-4171613,1174,31-013-CAS-4171613,1,CCS[C@@H]1O[C@H](COCc2ccccc2)[C@@H](OC(C)=O)[C@H](OCc2ccccc2)[C@H]1N1C(=O)c2ccccc2C1=O,C[Si](C)(C)CCO[C@@H]1O[C@H](COCc2ccccc2)[C@@H](O)[C@H](OCc2ccccc2)[C@H]1N1C(=O)c2ccccc2C1=O,CC(=O)O[C@H]1[C@H](OCc2ccccc2)[C@@H](N2C(=O)c3ccccc3C2=O)[C@H](OCC[Si](C)(C)C)O[C@@H]1COCc1ccccc1,thioglycoside,19,20,4,3
SG-770c3d706efd3491,770c3d706efd3491e4b841864c4aef59b5c5450e62fc41e305a678b663e7015e,358,31-010-CAS-21359669,358;359,31-010-CAS-21359669;31-010-CAS-8010563,2,COC(=O)[C@H]1OC(OC(=N)C(Cl)(Cl)Cl)[C@H](OC(=O)c2ccccc2)[C@@H](OCc2ccccc2)[C@@H]1O[C@H]1O[C@H](COCc2ccc(OC)cc2)[C@@H](OCc2ccccc2)[C@H](OCc2ccccc2)[C@H]1NC=C1C(=O)N(C)C(=O)N(C)C1=O,COc1ccc(COC[C@H]2O[C@@H](O[Si](c3ccccc3)(c3ccccc3)C(C)(C)C)[C@H](N=[N+]=[N-])[C@@H](OC(=O)c3ccccc3)[C@@H]2O)cc1,COc1ccc(COC[C@H]2O[C@@H](O[Si](c3ccccc3)(c3ccccc3)C(C)(C)C)[C@H](N=[N+]=[N-])[C@@H](OC(=O)c3ccccc3)[C@@H]2OC(C)=O)cc1,trichloroacetimidate,44,45,44,45
SG-77666d76c3454b23,77666d76c3454b231644f253c6305329ab28174d2d50904cf1e4b313be6b82c1,261,31-010-CAS-9945299,261,31-010-CAS-9945299,1,CC(=O)OC[C@H]1O[C@H](OC(=N)C(Cl)(Cl)Cl)[C@H](OC(C)=O)[C@@H](OC(C)=O)[C@H]1OC(C)=O,CC(=O)N[C@H]1[C@H](OCCCCCCCl)O[C@H](COCc2ccccc2)[C@@H](O)[C@@H]1OC(=O)CCl,CC(=O)N[C@H]1[C@H](OCCCCCCCl)O[C@H](COCc2ccccc2)[C@@H](OC(C)=O)[C@@H]1OC(=O)CCl,trichloroacetimidate,25,26,25,26
SG-7795033114415521,779503311441552199a7fe39776daac2abc9435415969db3698a6d356542a8a0,245,31-010-CAS-6294357,245,31-010-CAS-6294357,1,CC(=O)O[C@H]1[C@@H]2O[C@H](c3ccccc3)OC[C@H]2O[C@@H](OC(=N)C(Cl)(Cl)Cl)[C@@H]1N1C(=O)C(C)=C(C)C1=O,CC1=C(C)C(=O)N([C@H]2[C@H](O[Si](C)(C)C(C)(C)C)O[C@H](COCc3ccccc3)[C@@H](O)[C@@H]2OCc2ccccc2)C1=O,CC(=O)O[C@H]1[C@H](OCc2ccccc2)[C@@H](N2C(=O)C(C)=C(C)C2=O)[C@H](O[Si](C)(C)C(C)(C)C)O[C@@H]1COCc1ccccc1,trichloroacetimidate,28,29,4,3
SG-77c2bc14db93dd92,77c2bc14db93dd9244e0e328bcd49be38564e2e1c66016172ee3b2f69a176d00,192,31-006-CAS-2457473,192,31-006-CAS-2457473,1,N=C(OC1O[C@H](COCc2ccccc2)[C@H](OCc2ccccc2)[C@H](OCc2ccccc2)[C@H]1OCc1ccccc1)C(Cl)(Cl)Cl,CC1(C)[C@H]2CC[C@]1(C)[C@]1(C2)O[C@@H]2[C@H](OCc3ccccc3)[C@@H](OCc3ccccc3)[C@H](OCc3ccccc3)[C@@H](O[C@H]3O[C@H](COCc4ccc(O)cc4)[C@@H](O)[C@H](OCc4ccccc4)[C@H]3N=[N+]=[N-])[C@@H]2O1,CC(=O)O[C@H]1[C@H](OCc2ccccc2)[C@@H](N=[N+]=[N-])[C@@H](O[C@@H]2[C@@H](OCc3ccccc3)[C@H](OCc3ccccc3)[C@@H](OCc3ccccc3)[C@H]3O[C@]4(C[C@@H]5CC[C@@]4(C)C5(C)C)O[C@@H]23)O[C@@H]1COCc1ccc(O)cc1,trichloroacetimidate,54,55,4,3
SG-77e18698b7c13c9e,77e18698b7c13c9ed5565aff7a79acdafbdb8c79f9a8a8cab5224b1b5e063b0a,1464,31-013-CAS-4102089,1464,31-013-CAS-4102089,1,CC(=O)OC[C@H]1O[C@@H](Sc2ccc(C)cc2)[C@H](N2C(=O)c3ccccc3C2=O)[C@@H](OC(C)=O)[C@@H]1OC(C)=O,O=C1c2ccccc2C(=O)N1[C@@H]1[C@@H](OCc2ccccc2)[C@H](O)[C@@H](COCc2ccccc2)O[C@H]1Sc1ccc(F)cc1,CC(=O)O[C@H]1[C@H](OCc2ccccc2)[C@@H](N2C(=O)c3ccccc3C2=O)[C@H](Sc2ccc(F)cc2)O[C@@H]1COCc1ccccc1,thioglycoside,21,22,4,3
SG-77fb5af2f01f62b6,77fb5af2f01f62b664c8eedbff9fd9be2a56805e177644ed52a5a6aac5769a51,561,31-010-CAS-2299030,561,31-010-CAS-2299030,1,CC(=O)O[C@@H]1C(OC(=Nc2ccccc2)C(F)(F)F)O[C@H](C)[C@@H](N=[N+]=[N-])[C@@H]1OCc1ccccc1,CCS[C@H]1O[C@H](C)[C@@H](N=[N+]=[N-])[C@H](OCc2ccccc2)[C@@H]1O,CCS[C@H]1O[C@H](C)[C@@H](N=[N+]=[N-])[C@H](OCc2ccccc2)[C@@H]1OC(C)=O,trifluoroacetimidate,20,21,20,21
SG-780b1b3688d19273,780b1b3688d19273a8fab7d76663e316dd1382f6caf110599b1d81de2dd66d06,1545,31-013-CAS-16486920,1545,31-013-CAS-16486920,1,COC(=O)[C@@]1(OC[C@H]2O[C@@H](Sc3ccc(C)cc3)[C@H](OC(=O)c3ccccc3)[C@@H](OCc3ccccc3)[C@H]2OCc2ccccc2)C[C@@H]2OC(=O)N(C(C)=O)[C@H]2[C@H]([C@H](OC(C)=O)[C@@H](COC(C)=O)OC(C)=O)O1,[N-]=[N+]=NCCCCCO[C@@H]1O[C@H](COCc2ccccc2)[C@@H](O)[C@H](OCc2ccccc2)[C@H]1NC(=O)OCC(Cl)(Cl)Cl,CC(=O)O[C@H]1[C@H](OCc2ccccc2)[C@@H](NC(=O)OCC(Cl)(Cl)Cl)[C@H](OCCCCCN=[N+]=[N-])O[C@@H]1COCc1ccccc1,thioglycoside,21,22,4,3
SG-780f9035f49fba68,780f9035f49fba68bd26db124035649ffa07c5ca57a0866d0347d879b708c627,1457,31-013-CAS-7286890,1457,31-013-CAS-7286890,1,C[C@@H]1O[C@H](Sc2ccc(Cl)cc2)[C@@H](OCc2ccccc2)[C@H](OCc2ccccc2)[C@@H]1OCc1ccccc1,CC(=O)OC[C@H]1O[C@@H](O[C@H]2[C@H](O)[C@@H](COCc3ccccc3)O[C@@H](Sc3ccc(Cl)cc3)[C@@H]2N2C(=O)c3ccccc3C2=O)[C@H](OC(C)=O)[C@@H](OC(C)=O)[C@H]1OC(C)=O,CC(=O)OC[C@H]1O[C@@H](O[C@H]2[C@H](OC(C)=O)[C@@H](COCc3ccccc3)O[C@@H](Sc3ccc(Cl)cc3)[C@@H]2N2C(=O)c3ccccc3C2=O)[C@H](OC(C)=O)[C@@H](OC(C)=O)[C@H]1OC(C)=O,thioglycoside,10,11,10,11
SG-7869b7e3203ea277,7869b7e3203ea277721826b101bd8a4cbf7ccf8ec2407f6edff3935f6fb2ae9a,254,31-010-CAS-12015352,254,31-010-CAS-12015352,1,CC(=O)O[C@H]1[C@H](OCc2ccccc2)[C@@H](NC(=O)OCc2ccccc2)[C@@H](OC(=N)C(Cl)(Cl)Cl)O[C@@H]1COCc1ccccc1,CC(C)(C)[Si](C)(C)O[C@@H]1O[C@H](COCc2ccccc2)[C@@H](O)[C@H](OCc2ccccc2)[C@H]1NC(=O)OCc1ccccc1,CC(=O)O[C@H]1[C@H](OCc2ccccc2)[C@@H](NC(=O)OCc2ccccc2)[C@H](O[Si](C)(C)C(C)(C)C)O[C@@H]1COCc1ccccc1,trichloroacetimidate,20,21,4,3
SG-7881a76d8e3c8a9e,7881a76d8e3c8a9e685469de027726beca4a52e1ef2ea1eb083fe22113df0e9d,830,31-013-CAS-21905513,830,31-013-CAS-21905513,1,CCS[C@@H]1O[C@@H]2CO[C@@H](c3ccccc3)O[C@H]2[C@H](OCc2ccccc2)[C@H]1OC(C)=O,COc1ccc(COC[C@H]2O[C@H](OCCN=[N+]=[N-])[C@H](N=[N+]=[N-])[C@@H](OCc3ccc4ccccc4c3)[C@@H]2O)cc1,COc1ccc(COC[C@H]2O[C@H](OCCN=[N+]=[N-])[C@H](N=[N+]=[N-])[C@@H](OCc3ccc4ccccc4c3)[C@@H]2OC(C)=O)cc1,thioglycoside,35,36,35,36
SG-788ad22420e2dd39,788ad22420e2dd392f321cb3b61c25cc0a6192c0baa49418891a355946b06372,1193,31-013-CAS-8257226,1193,31-013-CAS-8257226,1,CC(=O)O[C@@H]1[C@H](OCc2ccccc2)[C@@H](N2C(=O)c3ccccc3C2=O)[C@H](Sc2ccccc2)O[C@@H]1COCc1ccccc1,O=C1c2ccccc2C(=O)N1[C@H]1[C@H](OCc2ccccc2)O[C@H](COCc2ccccc2)[C@@H](O)[C@@H]1OCc1ccccc1,CC(=O)O[C@H]1[C@H](OCc2ccccc2)[C@@H](N2C(=O)c3ccccc3C2=O)[C@H](OCc2ccccc2)O[C@@H]1COCc1ccccc1,thioglycoside,32,33,4,3
SG-78b45076d0c830db,78b45076d0c830db185576a8a03c3ecd0955666790828bcb9b13ceec9d61e086,1295,31-013-CAS-21608787,1295,31-013-CAS-21608787,1,Cc1ccc(S[C@H]2O[C@H](COC(=O)c3ccccc3)[C@@H](OCc3ccccc3)[C@H](OCc3ccccc3)[C@H]2N=[N+]=[N-])cc1,Cc1ccc(S[C@@H]2O[C@H](COCc3ccccc3)[C@@H](O)[C@H](OCc3ccccc3)[C@H]2N2C(=O)c3ccccc3C2=O)cc1,CC(=O)O[C@H]1[C@H](OCc2ccccc2)[C@@H](N2C(=O)c3ccccc3C2=O)[C@H](Sc2ccc(C)cc2)O[C@@H]1COCc1ccccc1,thioglycoside,18,19,4,3
SG-78b65cc1237b4c6e,78b65cc1237b4c6e9072e93389842e6d5b362892f7c7c5bdd17ae9c09cb853eb,869,31-013-CAS-6681942,869,31-013-CAS-6681942,1,CCS[C@@H]1O[C@H](CO[C@H]2O[C@H](COCc3ccccc3)[C@@H](OCc3ccccc3)[C@H](OCc3ccccc3)[C@@H]2O[Si](C)(C)C(C)(C)C)[C@@H](OCc2ccc(OC)cc2)[C@H](O[C@H]2O[C@H](COCc3ccccc3)[C@@H](OCc3ccccc3)[C@H](OCc3ccccc3)[C@@H]2O[Si](C)(C)C(C)(C)C)[C@H]1OC(C)=O,O=S(=O)(N[C@H]1[C@H](O[C@H]2[C@H](OCc3ccccc3)C=CO[C@@H]2COCc2ccccc2)O[C@H](COCc2ccccc2)[C@@H](O)[C@@H]1OCc1ccccc1)c1ccccc1,CC(=O)O[C@H]1[C@H](OCc2ccccc2)[C@@H](NS(=O)(=O)c2ccccc2)[C@H](O[C@H]2[C@H](OCc3ccccc3)C=CO[C@@H]2COCc2ccccc2)O[C@@H]1COCc1ccccc1,thioglycoside,41,42,4,3
SG-78c05a945e2d0187,78c05a945e2d01876590e2de5c6365b27e33cb488cd26ea17b74baa541351486,417,31-010-CAS-8366001,417,31-010-CAS-8366001,1,COC(=O)[C@@]1(O[C@H]2[C@@H](OC(=O)c3ccccc3)[C@@H](COC(=O)CCC(C)=O)OC(OC(=N)C(Cl)(Cl)Cl)[C@@H]2OC(=O)c2ccccc2)C[C@H](OC(C)=O)[C@@H](NC(C)=O)[C@H]([C@H](OC(C)=O)[C@@H](COC(C)=O)OC(C)=O)O1,COc1ccc(OC[C@H]2O[C@@H](O[C@H]3[C@@H](OCc4ccccc4)[C@@H](COCc4ccccc4)O[C@@H](O[C@H]4[C@H](OCc5ccccc5)[C@@H](OCc5ccccc5)[C@H](OCC[Si](C)(C)C)O[C@@H]4COCc4ccccc4)[C@@H]3OCc3ccccc3)[C@H](NC(C)=O)[C@@H](OCc3ccccc3)[C@@H]2O)cc1,COc1ccc(OC[C@H]2O[C@@H](O[C@H]3[C@@H](OCc4ccccc4)[C@@H](COCc4ccccc4)O[C@@H](O[C@H]4[C@H](OCc5ccccc5)[C@@H](OCc5ccccc5)[C@H](OCC[Si](C)(C)C)O[C@@H]4COCc4ccccc4)[C@@H]3OCc3ccccc3)[C@H](NC(C)=O)[C@@H](OCc3ccccc3)[C@@H]2OC(C)=O)cc1,trichloroacetimidate,96,97,96,97
SG-793abb14462a592a,793abb14462a592a81f8da9eed1d3dad27edd00a8b62c54b736abfecb2510af3,1292,31-013-CAS-23514743,1292,31-013-CAS-23514743,1,COc1ccc(CO[C@@H]2[C@H](OCc3ccccc3)[C@@H](Sc3ccccc3)O[C@@H]3CO[C@@H](c4ccccc4)O[C@@H]23)cc1,CC(C)C(C)(C)[Si](C)(C)O[C@@H]1O[C@H](COCc2ccccc2)[C@@H](O)[C@H](OCc2ccccc2)[C@H]1N1C(=O)c2ccccc2C1=O,CC(=O)O[C@H]1[C@H](OCc2ccccc2)[C@@H](N2C(=O)c3ccccc3C2=O)[C@H](O[Si](C)(C)C(C)(C)C(C)C)O[C@@H]1COCc1ccccc1,thioglycoside,22,23,4,3
SG-7944d5507183a79f,7944d5507183a79f9fa3fc6f0810c63e554ba242eac703cd40c63fd4c1ce5ae8,54,31-010-CAS-19796375,54,31-010-CAS-19796375,1,CC(=O)OC[C@H]1O[C@H](OC(=N)C(Cl)(Cl)Cl)[C@H](OC(C)=O)[C@@H](OC(C)=O)[C@H]1OC(C)=O,CCS[C@@H]1O[C@H](CO[Si](c2ccccc2)(c2ccccc2)C(C)(C)C)[C@@H](O)[C@H](O)[C@H]1N1C(=O)c2ccccc2C1=O,CCS[C@@H]1O[C@H](CO[Si](c2ccccc2)(c2ccccc2)C(C)(C)C)[C@@H](OC(C)=O)[C@H](O)[C@H]1N1C(=O)c2ccccc2C1=O,trichloroacetimidate,25,26,25,26
SG-79735fb3603a1d22,79735fb3603a1d22e21f361fe055208b39b3e9993cb5b03a172a080ae8bf0990,1452,31-013-CAS-14868192,1452,31-013-CAS-14868192,1,O=C(O[C@H]1[C@H](OC(=O)c2ccccc2)[C@@H](CF)O[C@@H](Sc2ccccc2)[C@@H]1N1C(=O)c2ccccc2C1=O)c1ccccc1,COc1ccc(CO[C@@H]2O[C@H](COC(C)=O)[C@@H](O)[C@H](OC(C)=O)[C@H]2N2C(=O)c3ccccc3C2=O)cc1,COc1ccc(CO[C@@H]2O[C@H](COC(C)=O)[C@@H](OC(C)=O)[C@H](OC(C)=O)[C@H]2N2C(=O)c3ccccc3C2=O)cc1,thioglycoside,16,17,16,17
SG-79e5dce2a5131e07,79e5dce2a5131e076fe4891bc6417cb6fc36d0afef405b40ab2f53c82e7ca233,1390,31-013-CAS-14742972,1390,31-013-CAS-14742972,1,CCS[C@@H]1O[C@H](COC(C)=O)[C@H](OC(C)=O)[C@H](OC(C)=O)[C@H]1NC(=O)OCC(Cl)(Cl)Cl,C[Si](C)(C)CCO[C@@H]1O[C@H](COCc2ccccc2)[C@@H](O)[C@H](O)[C@H]1N1C(=O)c2ccccc2C1=O,CC(=O)O[C@H]1[C@H](O)[C@@H](N2C(=O)c3ccccc3C2=O)[C@H](OCC[Si](C)(C)C)O[C@@H]1COCc1ccccc1,thioglycoside,19,20,4,3
SG-7a62b86a1c0b668b,7a62b86a1c0b668b89fd74e20490dc7ab580992a24c5d6dd445be8de8e31b8b0,673,31-013-CAS-4060852,673,31-013-CAS-4060852,1,CS[C@H]1O[C@H](COCc2ccccc2)[C@@H](OCc2ccccc2)[C@H](OCc2ccccc2)[C@@H]1OCc1ccccc1,CC(C)(C)[Si](C)(C)O[C@@H]1O[C@H](COCc2ccccc2)[C@@H](O)[C@H](OCc2ccccc2)[C@H]1N=[N+]=[N-],CC(=O)O[C@H]1[C@H](OCc2ccccc2)[C@@H](N=[N+]=[N-])[C@H](O[Si](C)(C)C(C)(C)C)O[C@@H]1COCc1ccccc1,thioglycoside,20,21,4,3
SG-7a81de7b439cb0e8,7a81de7b439cb0e844e718adc64770f610f73f24a99420636eed413cd90b2241,1494,31-013-CAS-5792629,1494,31-013-CAS-5792629,1,CC(=O)CCC(=O)O[C@H]1[C@H](OCc2ccc(Br)cc2)[C@@H](N(C(C)=O)C(C)=O)[C@@H](O[C@H]2[C@H](OCc3ccccc3)[C@@H](OC(=O)c3ccccc3)[C@H](Sc3ccc(C)cc3)O[C@H]2COC(C)=O)O[C@@H]1CO[Si](c1ccccc1)(c1ccccc1)C(C)(C)C,CO[C@H]1O[C@H](COCc2ccc3ccccc3c2)[C@@H](O[C@@H]2O[C@@H](COC(C)=O)[C@@H](O[C@H]3O[C@H](CO[Si](c4ccccc4)(c4ccccc4)C(C)(C)C)[C@@H](O)[C@H](OCc4ccc(Br)cc4)[C@H]3N=[N+]=[N-])[C@H](OCc3ccccc3)[C@H]2OC(=O)c2ccccc2)[C@H](OC(=O)c2ccccc2)[C@H]1NC(=O)OCc1ccccc1,CO[C@H]1O[C@H](COCc2ccc3ccccc3c2)[C@@H](O[C@@H]2O[C@@H](COC(C)=O)[C@@H](O[C@H]3O[C@H](CO[Si](c4ccccc4)(c4ccccc4)C(C)(C)C)[C@@H](OC(C)=O)[C@H](OCc4ccc(Br)cc4)[C@H]3N=[N+]=[N-])[C@H](OCc3ccccc3)[C@H]2OC(=O)c2ccccc2)[C@H](OC(=O)c2ccccc2)[C@H]1NC(=O)OCc1ccccc1,thioglycoside,52,53,52,53
SG-7a96a602c7b1fe6b,7a96a602c7b1fe6be6db922cbf14248793e6737b3f20e6d8b5803ca7041d0903,548,31-010-CAS-7761929,548,31-010-CAS-7761929,1,CC(=O)OC[C@H]1O[C@H](O[C@H]2[C@H](OCc3ccccc3)[C@@H](OC(=O)c3ccccc3)C(OC(=N)C(Cl)(Cl)Cl)O[C@H]2COC(=O)CCl)[C@H](N=[N+]=[N-])[C@@H](OCc2ccccc2)[C@@H]1OC(=O)OCC1c2ccccc2-c2ccccc21,COc1ccc(O[C@@H]2O[C@@H](COC(=O)CCl)[C@@H](O[C@H]3O[C@H](COC(C)=O)[C@@H](O[C@@H]4O[C@H](COC(=O)CCl)[C@@H](O[C@H]5O[C@H](COC(C)=O)[C@@H](O)[C@H](OCc6ccccc6)[C@H]5N=[N+]=[N-])[C@H](OCc5ccccc5)[C@H]4OC(=O)c4ccccc4)[C@H](OCc4ccccc4)[C@H]3N=[N+]=[N-])[C@H](OCc3ccccc3)[C@H]2OC(=O)c2ccccc2)cc1,COc1ccc(O[C@@H]2O[C@@H](COC(=O)CCl)[C@@H](O[C@H]3O[C@H](COC(C)=O)[C@@H](O[C@@H]4O[C@H](COC(=O)CCl)[C@@H](O[C@H]5O[C@H](COC(C)=O)[C@@H](OC(C)=O)[C@H](OCc6ccccc6)[C@H]5N=[N+]=[N-])[C@H](OCc5ccccc5)[C@H]4OC(=O)c4ccccc4)[C@H](OCc4ccccc4)[C@H]3N=[N+]=[N-])[C@H](OCc3ccccc3)[C@H]2OC(=O)c2ccccc2)cc1,trichloroacetimidate,47,48,47,48
SG-7a97104f5da065d8,7a97104f5da065d8618150bf40635a8a041d23a4245a40c7c02475c0106f648a,877,31-013-CAS-17081680,877;878,31-013-CAS-17081680;31-013-CAS-11641718,2,COc1ccc(CO[C@H]2[C@H](OCc3ccccc3)[C@@H](OC(=O)c3ccccc3)[C@H](O[C@H]3[C@H](OCc4ccccc4)[C@@H](N=[N+]=[N-])[C@@H](O[C@H]4[C@H](OCc5ccccc5)[C@@H](OC(=O)c5ccccc5)[C@H](Sc5ccc(C)cc5)O[C@@H]4CO[Si](c4ccccc4)(c4ccccc4)C(C)(C)C)O[C@@H]3COCc3ccccc3)O[C@@H]2CO[Si](c2ccccc2)(c2ccccc2)C(C)(C)C)cc1,Cc1ccc(S[C@@H]2O[C@H](CO[Si](c3ccccc3)(c3ccccc3)C(C)(C)C)[C@@H](O[C@H]3O[C@H](COCc4ccccc4)[C@@H](O)[C@H](OCc4ccccc4)[C@H]3N=[N+]=[N-])[C@H](OCc3ccccc3)[C@H]2OC(=O)c2ccccc2)cc1,CC(=O)O[C@H]1[C@H](OCc2ccccc2)[C@@H](N=[N+]=[N-])[C@@H](O[C@H]2[C@H](OCc3ccccc3)[C@@H](OC(=O)c3ccccc3)[C@H](Sc3ccc(C)cc3)O[C@@H]2CO[Si](c2ccccc2)(c2ccccc2)C(C)(C)C)O[C@@H]1COCc1ccccc1,thioglycoside,42,43,4,3
SG-7b4d0ca982cb2c1a,7b4d0ca982cb2c1a648e45bfe72c242ce283e518ae865d50e4a0c9ca25366426,387,31-010-CAS-4841724,387,31-010-CAS-4841724,1,C#CCO[C@@H]1[C@@H](OC(=N)C(Cl)(Cl)Cl)O[C@H](CO[C@H]2O[C@H](COCc3ccc(OC)cc3)[C@@H](OCc3ccc(OC)cc3)[C@H](OCc3ccc(OC)cc3)[C@@H]2O[C@H]2O[C@H](CO[Si](C)(C)C(C)(C)C)[C@@H](OCc3ccc(OC)cc3)[C@H](OCc3ccc(OC)cc3)[C@@H]2OCc2ccc(OC)cc2)[C@@H](OCc2ccc(OC)cc2)[C@@H]1OCc1ccc(OC)cc1,CCCCCCCCCCCCCCCCCC(=O)OC[C@@H](COP(=O)(OCCC#N)O[C@@H]1[C@H](OCc2ccc(OC)cc2)[C@H](OCc2ccc(OC)cc2)[C@@H](OCc2ccc(OC)cc2)[C@H](OCc2ccc(OC)cc2)[C@H]1O[C@H]1O[C@H](COCc2ccc(OC)cc2)[C@@H](O)[C@H](OCc2ccc(OC)cc2)[C@H]1N=[N+]=[N-])OC(=O)CCCCCCCCCCCCCCCCC,CCCCCCCCCCCCCCCCCC(=O)OC[C@@H](COP(=O)(OCCC#N)O[C@@H]1[C@H](OCc2ccc(OC)cc2)[C@H](OCc2ccc(OC)cc2)[C@@H](OCc2ccc(OC)cc2)[C@H](OCc2ccc(OC)cc2)[C@H]1O[C@H]1O[C@H](COCc2ccc(OC)cc2)[C@@H](OC(C)=O)[C@H](OCc2ccc(OC)cc2)[C@H]1N=[N+]=[N-])OC(=O)CCCCCCCCCCCCCCCCC,trichloroacetimidate,93,94,93,94
SG-7b56a856f849d956,7b56a856f849d9569c7fecdf85c82e923595d349760d55abca477cd21f3648e3,1281,31-013-CAS-17024989,1281,31-013-CAS-17024989,1,c1ccc(COC[C@H]2O[C@@H](Sc3ccccc3)[C@H](OCc3ccccc3)[C@@H](OCc3ccccc3)[C@H]2OCc2ccccc2)cc1,COc1ccc(O[C@@H]2O[C@H](COC(=O)c3ccccc3)[C@@H](O)[C@H](OC(C)=O)[C@H]2N2C(=O)c3ccccc3C2=O)cc1,COc1ccc(O[C@@H]2O[C@H](COC(=O)c3ccccc3)[C@@H](OC(C)=O)[C@H](OC(C)=O)[C@H]2N2C(=O)c3ccccc3C2=O)cc1,thioglycoside,20,21,20,21
SG-7b74dd622aa9122c,7b74dd622aa9122c68d04ac5ae280c2c24f0530d58417eebb155784902a9e251,323,31-010-CAS-14833384,323,31-010-CAS-14833384,1,CC(=O)OC[C@H]1O[C@H](OC(=N)C(Cl)(Cl)Cl)[C@H](NC(=O)OCc2ccccc2)[C@H](OC(C)=O)[C@@H]1OC(C)=O,CC(=O)O[C@H]1[C@@H](N)[C@H](O[C@H]2[C@H](O)[C@H]3N=C(N(C)C)O[C@H]3[C@@H]2COCc2ccccc2)O[C@H](COCc2ccccc2)[C@H]1O,CC(=O)O[C@H]1[C@@H](N)[C@H](O[C@H]2[C@H](O)[C@H]3N=C(N(C)C)O[C@H]3[C@@H]2COCc2ccccc2)O[C@H](COCc2ccccc2)[C@H]1OC(C)=O,trichloroacetimidate,41,42,41,42
SG-7b892b7c1b47bd18,7b892b7c1b47bd180f059efb115f4f4013f9a67af355369d20a652d92d245852,1201,31-013-CAS-1549204,1201,31-013-CAS-1549204,1,CC(=O)O[C@H]1[C@@H]2O[C@H](c3ccccc3)OC[C@H]2O[C@@H](Sc2ccccc2)[C@@H]1N1C(=O)c2ccccc2C1=O,CO[C@@H]1O[C@H](COCc2ccccc2)[C@@H](O)[C@H](OC(C)=O)[C@H]1N1C(=O)c2ccccc2C1=O,CO[C@@H]1O[C@H](COCc2ccccc2)[C@@H](OC(C)=O)[C@H](OC(C)=O)[C@H]1N1C(=O)c2ccccc2C1=O,thioglycoside,14,15,14,15
SG-7babfcc1ae6d9bab,7babfcc1ae6d9bab41c948164eb1cbe1edaaf38e85d74832ffdbbad1abb43fb4,570,31-010-CAS-4299451,570,31-010-CAS-4299451,1,O=C(OC[C@H]1OC(O/C(=N/c2ccccc2)C(F)(F)F)[C@H](OCc2ccccc2)[C@@H](OCc2ccccc2)[C@@H]1OCc1ccccc1)c1ccccc1,CO[C@H]1O[C@H](COCc2ccccc2)[C@H](O)[C@H](O[C@@H]2O[C@H](COC(C)=O)[C@@H](OCc3ccccc3)[C@H](O[C@@H]3O[C@@H](C)[C@H](OC(=O)c4ccccc4)[C@@H](OC(=O)c4ccccc4)[C@H]3OC(=O)c3ccccc3)[C@H]2OC(=O)c2ccccc2)[C@H]1N=[N+]=[N-],CO[C@H]1O[C@H](COCc2ccccc2)[C@H](OC(C)=O)[C@H](O[C@@H]2O[C@H](COC(C)=O)[C@@H](OCc3ccccc3)[C@H](O[C@@H]3O[C@@H](C)[C@H](OC(=O)c4ccccc4)[C@@H](OC(=O)c4ccccc4)[C@H]3OC(=O)c3ccccc3)[C@H]2OC(=O)c2ccccc2)[C@H]1N=[N+]=[N-],trifluoroacetimidate,14,15,14,15
SG-7be4255bd2eeabbb,7be4255bd2eeabbbd4a8f4b08730a7d7407f4ff5b1f005c929041b2f3bdc2ee7,13,31-010-CAS-16011315,13,31-010-CAS-16011315,1,N=C(O[C@@H]1O[C@H]2CO[C@@H](c3ccccc3)O[C@H]2[C@H](OCc2ccccc2)[C@H]1OC(=O)c1ccccc1)C(Cl)(Cl)Cl,CC(C)(C)[Si](C)(C)O[C@@H]1O[C@H](COC(=O)c2ccccc2)[C@@H](O)[C@H](OCc2ccccc2)[C@H]1N=[N+]=[N-],CC(=O)O[C@H]1[C@H](OCc2ccccc2)[C@@H](N=[N+]=[N-])[C@H](O[Si](C)(C)C(C)(C)C)O[C@@H]1COC(=O)c1ccccc1,trichloroacetimidate,21,22,4,3
SG-7be5f654224c97c4,7be5f654224c97c4e5c0fe5f38b4258fac730af7d45a78b92bccbca112073b7d,890,31-614-CAS-29244011,890;891,31-614-CAS-29244011;31-614-CAS-26064585,2,COc1ccc(CO[C@H]2[C@@H]3O[C@H](c4ccccc4)OC[C@H]3O[C@H](S(=O)c3ccccc3)[C@H]2OCc2ccccc2)cc1,C[C@@H]1O[C@@H](OC[C@H]2O[C@H](O[Si](C)(C)C(C)(C)C)[C@H](NS(=O)(=O)c3ccccc3)[C@@H](OCc3ccccc3)[C@@H]2O[C@@H]2O[C@H](COCc3ccccc3)[C@@H](O)[C@H](OCc3ccccc3)[C@H]2NS(=O)(=O)c2ccccc2)[C@@H](OCc2ccccc2)[C@H](OCc2ccccc2)[C@@H]1OCc1ccccc1,CC(=O)O[C@H]1[C@H](OCc2ccccc2)[C@@H](NS(=O)(=O)c2ccccc2)[C@H](O[C@H]2[C@H](OCc3ccccc3)[C@@H](NS(=O)(=O)c3ccccc3)[C@@H](O[Si](C)(C)C(C)(C)C)O[C@@H]2CO[C@@H]2O[C@@H](C)[C@@H](OCc3ccccc3)[C@@H](OCc3ccccc3)[C@@H]2OCc2ccccc2)O[C@@H]1COCc1ccccc1,thioglycoside,51,52,4,3
SG-7c079f26a7b74d39,7c079f26a7b74d39637a9ebff8f4b71d4dc5db9e356aa3e5e0383f7c23b7bb61,1554,31-013-CAS-16304236,1554,31-013-CAS-16304236,1,COC(=O)[C@@]1(O[C@H]2[C@H]3O[C@@H](c4ccccc4)OC[C@H]3O[C@@H](Sc3ccc(C)cc3)[C@@H]2OC(=O)c2ccccc2)C[C@@H]2OC(=O)N(C(C)=O)[C@H]2[C@H]([C@H](OC(C)=O)[C@@H](COC(C)=O)OC(C)=O)O1,Cc1ccc(S[C@@H]2O[C@H](COCc3ccccc3)[C@@H](O)[C@H](O)[C@H]2N2C(=O)c3ccccc3C2=O)cc1,CC(=O)O[C@H]1[C@H](O)[C@@H](N2C(=O)c3ccccc3C2=O)[C@H](Sc2ccc(C)cc2)O[C@@H]1COCc1ccccc1,thioglycoside,18,19,4,3
SG-7c3be541416f6d46,7c3be541416f6d469680467bf01e2c37cb36371e5bf03d6ad31991f0de6ebf5e,1177,31-013-CAS-21013701,1177,31-013-CAS-21013701,1,O=C(O[C@@H]1[C@@H](OCc2ccccc2)[C@@H]2O[C@H](c3ccccc3)OC[C@H]2O[C@H]1Sc1ccccc1)c1ccccc1,C=CCO[C@@H]1[C@H](O)[C@H](C)O[C@@H](O[C@@H]2[C@@H](NC(=O)C(Cl)(Cl)Cl)[C@H](OCCCNC(=O)OCc3ccccc3)O[C@H](C)[C@@H]2OCc2ccccc2)[C@H]1N=[N+]=[N-],C=CCO[C@H]1[C@H](N=[N+]=[N-])[C@H](O[C@@H]2[C@@H](NC(=O)C(Cl)(Cl)Cl)[C@H](OCCCNC(=O)OCc3ccccc3)O[C@H](C)[C@@H]2OCc2ccccc2)O[C@@H](C)[C@H]1OC(C)=O,thioglycoside,5,6,51,52
SG-7c457f9f0d029412,7c457f9f0d0294120ce7543218a6e55c48f2747d8429d6f2a8180ed778dde5c7,256,31-010-CAS-7465131,256,31-010-CAS-7465131,1,CC(=O)O[C@H]1[C@H](OCc2ccccc2)[C@@H](NC(=O)OCc2ccccc2)[C@@H](OC(=N)C(Cl)(Cl)Cl)O[C@@H]1COCc1ccccc1,CC(C)(C)[Si](C)(C)O[C@@H]1O[C@H](COCc2ccccc2)[C@@H](O)[C@H](OCc2ccccc2)[C@H]1NC(=O)C(Cl)(Cl)Cl,CC(=O)O[C@H]1[C@H](OCc2ccccc2)[C@@H](NC(=O)C(Cl)(Cl)Cl)[C@H](O[Si](C)(C)C(C)(C)C)O[C@@H]1COCc1ccccc1,trichloroacetimidate,20,21,4,3
SG-7c90010b7031da12,7c90010b7031da12abe23e77fc4392e17839f06df53184dba210d3bb51db295a,1419,31-013-CAS-13114298,1419;1420,31-013-CAS-13114298;31-013-CAS-9397693,2,CC(=O)O[C@H]1[C@H](OCc2ccccc2)[C@@H](N2C(=O)c3ccccc3C2=O)[C@H](O[C@H]2[C@H](OCc3ccccc3)[C@@H](N3C(=O)c4ccccc4C3=O)[C@H](O[C@H]3[C@H](OCc4ccccc4)[C@@H](N4C(=O)c5ccccc5C4=O)[C@H](Sc4ccccc4)O[C@@H]3COCc3ccccc3)O[C@@H]2COCc2ccccc2)O[C@@H]1COCc1ccccc1,O=C1c2ccccc2C(=O)N1[C@@H]1[C@@H](OCc2ccccc2)[C@H](O)[C@@H](COCc2ccccc2)O[C@H]1F,CC(=O)O[C@H]1[C@H](OCc2ccccc2)[C@@H](N2C(=O)c3ccccc3C2=O)[C@H](F)O[C@@H]1COCc1ccccc1,thioglycoside,21,22,4,3
SG-7cd7175f8e675f06,7cd7175f8e675f064b14ca569c6fd7901de0acf7081d63f384fbaa895dc369df,1221,31-614-CAS-35071257,1221,31-614-CAS-35071257,1,CC(=O)N1C(=O)O[C@H]2[C@@H](O[Si](C)(C)C(C)(C)C)[C@@H](COCc3ccccc3)O[C@H](Sc3ccc(C)cc3)[C@@H]21,CO[C@H]1O[C@H](COCc2ccccc2)[C@H](O[C@H]2O[C@H](COCc3ccccc3)[C@H](O[C@H]3O[C@H](COCc4ccccc4)[C@H](O[C@H]4O[C@H](COCc5ccccc5)[C@H](O[C@H]5O[C@H](COCc6ccccc6)[C@H](O)[C@@H]6OC(=O)N(C(C)=O)[C@@H]56)[C@@H]5OC(=O)N(C(C)=O)[C@@H]45)[C@@H]4OC(=O)N(C(C)=O)[C@@H]34)[C@@H]3OC(=O)N(C(C)=O)[C@@H]23)[C@@H]2OC(=O)N(C(C)=O)[C@@H]12,CO[C@H]1O[C@H](COCc2ccccc2)[C@H](O[C@H]2O[C@H](COCc3ccccc3)[C@H](O[C@H]3O[C@H](COCc4ccccc4)[C@H](O[C@H]4O[C@H](COCc5ccccc5)[C@H](O[C@H]5O[C@H](COCc6ccccc6)[C@H](OC(C)=O)[C@@H]6OC(=O)N(C(C)=O)[C@@H]56)[C@@H]5OC(=O)N(C(C)=O)[C@@H]45)[C@@H]4OC(=O)N(C(C)=O)[C@@H]34)[C@@H]3OC(=O)N(C(C)=O)[C@@H]23)[C@@H]2OC(=O)N(C(C)=O)[C@@H]12,thioglycoside,70,71,70,71
SG-7d317090c27af41a,7d317090c27af41a7524e3ddb4b1685f34416f6de8a7275399601d8b37b48c56,1241,31-013-CAS-2182975,1241,31-013-CAS-2182975,1,CCS[C@@H]1O[C@H](COC(=O)CCC(C)=O)[C@H](OCc2ccccc2)[C@H](OC(=O)OCC2c3ccccc3-c3ccccc32)[C@H]1OC(=O)C(C)(C)C,O=C(OCc1ccccc1)N(CCCCCO[C@@H]1O[C@H](COCc2ccccc2)[C@@H](O)[C@H](OCc2ccccc2)[C@H]1NC(=O)C(Cl)(Cl)Cl)Cc1ccccc1,CC(=O)O[C@H]1[C@H](OCc2ccccc2)[C@@H](NC(=O)C(Cl)(Cl)Cl)[C@H](OCCCCCN(Cc2ccccc2)C(=O)OCc2ccccc2)O[C@@H]1COCc1ccccc1,thioglycoside,29,30,4,3
SG-7d5e849fad9c9bbb,7d5e849fad9c9bbbcf7fc6aae8bd50f96ef1d748907e2d0545a476bcfc095f86,892,31-013-CAS-10774000,892,31-013-CAS-10774000,1,O=S(=O)(Cc1ccccc1)O[C@H]1[C@@H](OCc2ccccc2)[C@H](OCc2ccccc2)[C@@H](COCc2ccccc2)O[C@@H]1Sc1ccccn1,C=CCO[C@H]1[C@H](O)[C@@H](COCc2ccc(OC)cc2)O[C@@H](O[Si](C)(C)C(C)(C)C(C)C)[C@@H]1NC(C)=O,C=CCO[C@@H]1[C@@H](NC(C)=O)[C@H](O[Si](C)(C)C(C)(C)C(C)C)O[C@H](COCc2ccc(OC)cc2)[C@H]1OC(C)=O,thioglycoside,5,6,34,35
SG-7d825b25a07dd2bf,7d825b25a07dd2bf24efc37834f57d65e978a058310c70b0179964efa714d6fb,1394,31-013-CAS-8508020,1394,31-013-CAS-8508020,1,CCS[C@@H]1O[C@H](COC(C)=O)[C@H](OC(C)=O)[C@H](O[C@]2(C(=O)OC)C[C@H](OC(C)=O)[C@@H](NC(C)=O)[C@H]([C@H](OC(C)=O)[C@@H](COC(C)=O)OC(C)=O)O2)[C@H]1OC(C)=O,C[C@@H]1O[C@@H](O[C@H]2[C@H](O)[C@@H](COCc3ccccc3)O[C@@H](O[C@H]3[C@@H](OC(=O)c4ccccc4)[C@@H](COC(=O)c4ccccc4)O[C@@H](O[C@H]4[C@H](OC(=O)c5ccccc5)[C@@H](OC(=O)c5ccccc5)[C@H](OCCN=[N+]=[N-])O[C@@H]4COC(=O)c4ccccc4)[C@@H]3OC(=O)c3ccccc3)[C@@H]2NC(=O)C(Cl)(Cl)Cl)[C@@H](OCc2ccccc2)[C@H](OC(=O)c2ccccc2)[C@@H]1OC(=O)c1ccccc1,CC(=O)O[C@H]1[C@H](O[C@@H]2O[C@@H](C)[C@@H](OC(=O)c3ccccc3)[C@@H](OC(=O)c3ccccc3)[C@@H]2OCc2ccccc2)[C@@H](NC(=O)C(Cl)(Cl)Cl)[C@H](O[C@H]2[C@@H](OC(=O)c3ccccc3)[C@@H](COC(=O)c3ccccc3)O[C@@H](O[C@H]3[C@H](OC(=O)c4ccccc4)[C@@H](OC(=O)c4ccccc4)[C@H](OCCN=[N+]=[N-])O[C@@H]3COC(=O)c3ccccc3)[C@@H]2OC(=O)c2ccccc2)O[C@@H]1COCc1ccccc1,thioglycoside,6,7,4,3
SG-7d859c254fca4617,7d859c254fca4617115f04e3a4793d5b4e37c1ec4b2a0d20a049427d6c20b754,167,31-614-CAS-46131118,167,31-614-CAS-46131118,1,CC(=O)OC[C@H]1OC(OC(=N)C(Cl)(Cl)Cl)[C@H](OC(C)=O)[C@@H](OC(C)=O)[C@H]1OC(C)=O,CO[C@@H]1O[C@H](COCc2ccccc2)[C@@H](O)[C@H](OCc2ccccc2)[C@H]1N1C(=O)c2ccccc2C1=O,CO[C@@H]1O[C@H](COCc2ccccc2)[C@@H](OC(C)=O)[C@H](OCc2ccccc2)[C@H]1N1C(=O)c2ccccc2C1=O,trichloroacetimidate,14,15,14,15
SG-7d8a45e096ebaabe,7d8a45e096ebaabe032ee27bf87c2182dac3b828eb3cebfad604b5e12a3794e2,601,31-010-CAS-14362216,601,31-010-CAS-14362216,1,C=CCO[C@H]1[C@H]2O[C@@H](c3ccccc3)OC[C@H]2OC(OC(=Nc2ccccc2)C(F)(F)F)[C@@H]1NC(=O)C(Cl)(Cl)Cl,CC(C)(C)[Si](O[C@@H]1O[C@H](COCc2ccccc2)[C@@H](O)[C@H](OCc2ccccc2)[C@H]1NC(=O)C(Cl)(Cl)Cl)(c1ccccc1)c1ccccc1,CC(=O)O[C@H]1[C@H](OCc2ccccc2)[C@@H](NC(=O)C(Cl)(Cl)Cl)[C@H](O[Si](c2ccccc2)(c2ccccc2)C(C)(C)C)O[C@@H]1COCc1ccccc1,trifluoroacetimidate,18,19,4,3
SG-7d8dfe7a7ec5ab8e,7d8dfe7a7ec5ab8eb008db671e0370a5ad7d8c2068b1c84de3d0000dffff4be6,1433,31-013-CAS-2955443,1433,31-013-CAS-2955443,1,COC(=O)[C@@]1(O[C@H]2[C@@H](OC(=O)c3ccccc3)[C@@H](COC(=O)c3ccccc3)O[C@@H](SC)[C@@H]2OC(=O)c2ccccc2)C[C@H](OC(C)=O)[C@@H](NC(C)=O)[C@H]([C@H](OC(C)=O)[C@@H](COC(C)=O)OC(C)=O)O1,C[Si](C)(C)CCO[C@@H]1O[C@H](COCc2ccccc2)[C@@H](O[C@@H]2O[C@H](COCc3ccccc3)[C@H](OCc3ccccc3)[C@H](O[C@@H]3O[C@H](COCc4ccccc4)[C@@H](O)[C@H](OCc4ccccc4)[C@H]3NC(=O)OCc3ccccc3)[C@H]2OCc2ccccc2)[C@H](OCc2ccccc2)[C@H]1OCc1ccccc1,CC(=O)O[C@H]1[C@H](OCc2ccccc2)[C@@H](NC(=O)OCc2ccccc2)[C@H](O[C@H]2[C@@H](OCc3ccccc3)[C@@H](COCc3ccccc3)O[C@@H](O[C@H]3[C@H](OCc4ccccc4)[C@@H](OCc4ccccc4)[C@H](OCC[Si](C)(C)C)O[C@@H]3COCc3ccccc3)[C@@H]2OCc2ccccc2)O[C@@H]1COCc1ccccc1,thioglycoside,56,57,4,3
SG-7e07dfd503f345b4,7e07dfd503f345b4e206362be0b7e6ab662dcb722190a8cde5dd2528bc3bb746,1505,31-013-CAS-2166542,1505,31-013-CAS-2166542,1,COc1ccc(CO[C@H]2[C@@H](O[Si](c3ccccc3)(c3ccccc3)C(C)(C)C)[C@@H]3OC4(CCCCC4)OC[C@H]3O[C@@H]2SC)cc1,[N-]=[N+]=N[C@@H]1O[C@H](COCc2ccccc2)[C@@H](O[C@@H]2O[C@H](COCc3ccccc3)[C@@H](O)[C@H](OCc3ccccc3)[C@H]2N2C(=O)c3ccccc3C2=O)[C@H](OCc2ccccc2)[C@H]1N1C(=O)c2ccccc2C1=O,CC(=O)O[C@H]1[C@H](OCc2ccccc2)[C@@H](N2C(=O)c3ccccc3C2=O)[C@H](O[C@H]2[C@H](OCc3ccccc3)[C@@H](N3C(=O)c4ccccc4C3=O)[C@H](N=[N+]=[N-])O[C@@H]2COCc2ccccc2)O[C@@H]1COCc1ccccc1,thioglycoside,29,30,4,3
SG-7e1edf043054ab1c,7e1edf043054ab1cd498db36e89c46a8731193a462076f37551f4ffc1903dac1,32,31-010-CAS-10785379,32,31-010-CAS-10785379,1,COC(=O)[C@@]1(OC[C@H]2O[C@H](OC(=N)C(Cl)(Cl)Cl)[C@H](OC(=O)c3ccccc3)[C@@H](OCc3ccccc3)[C@H]2OC(=O)c2ccccc2)C[C@H](OC(C)=O)[C@@H](NC(=O)COC(C)=O)[C@H]([C@H](OC(C)=O)[C@@H](COC(C)=O)OC(C)=O)O1,CC(=O)N[C@H]1[C@H](O[C@H]2[C@@H](OCc3ccccc3)[C@@H](COCc3ccccc3)O[C@@H](O[C@H]3[C@H](OCc4ccccc4)[C@@H](OCc4ccccc4)[C@H](OCC[Si](C)(C)C)O[C@@H]3COCc3ccccc3)[C@@H]2OCc2ccccc2)O[C@H](COCc2ccccc2)[C@@H](O)[C@@H]1OCc1ccccc1,CC(=O)N[C@H]1[C@H](O[C@H]2[C@@H](OCc3ccccc3)[C@@H](COCc3ccccc3)O[C@@H](O[C@H]3[C@H](OCc4ccccc4)[C@@H](OCc4ccccc4)[C@H](OCC[Si](C)(C)C)O[C@@H]3COCc3ccccc3)[C@@H]2OCc2ccccc2)O[C@H](COCc2ccccc2)[C@@H](OC(C)=O)[C@@H]1OCc1ccccc1,trichloroacetimidate,88,89,88,89
SG-7e234a5491d989a5,7e234a5491d989a578155e16b46e3d47edb1ea0f3c76da4109f13d8600624ece,314,31-010-CAS-22193745,314,31-010-CAS-22193745,1,C[C@@H]1O[C@@H](OC(=N)C(Cl)(Cl)Cl)[C@H](OCc2ccc3ccccc3c2)[C@H](OC(=O)c2ccccn2)[C@H]1OCc1ccccc1,CCS[C@@H]1O[C@H](COCc2ccccc2)[C@@H](O)[C@H](OC(C)=O)[C@H]1N1C(=O)c2ccccc2C1=O,CCS[C@@H]1O[C@H](COCc2ccccc2)[C@@H](OC(C)=O)[C@H](OC(C)=O)[C@H]1N1C(=O)c2ccccc2C1=O,trichloroacetimidate,15,16,15,16
SG-7e834085cff1bee1,7e834085cff1bee19bba2267a4ade1310b5eac04570eca3557a67e92e1b55cba,480,31-614-CAS-44041067,480,31-614-CAS-44041067,1,N=C(OC1O[C@H](COC(=O)c2ccccc2)[C@H](OCc2ccccc2)[C@H](O[C@@H]2O[C@H](COC(=O)c3ccccc3)[C@@H](OCc3ccccc3)[C@H](O[C@@H]3O[C@H](COCc4ccccc4)[C@H](OCc4ccccc4)[C@H](OCc4ccccc4)[C@H]3OC(=O)c3ccccc3)[C@H]2N2C(=O)c3ccccc3C2=O)[C@H]1OC(=O)c1ccccc1)C(Cl)(Cl)Cl,O=C(OC[C@H]1O[C@@H](O[C@H]2[C@@H](OCc3ccccc3)[C@@H](COC(=O)c3ccccc3)O[C@@H](O[C@H]3[C@H](OCc4ccccc4)[C@@H](OCc4ccccc4)[C@H](OCc4ccccc4)O[C@@H]3COCc3ccccc3)[C@@H]2OC(=O)c2ccccc2)[C@H](N2C(=O)c3ccccc3C2=O)[C@@H](OCc2ccccc2)[C@@H]1O)c1ccccc1,CC(=O)O[C@H]1[C@H](OCc2ccccc2)[C@@H](N2C(=O)c3ccccc3C2=O)[C@H](O[C@H]2[C@@H](OCc3ccccc3)[C@@H](COC(=O)c3ccccc3)O[C@@H](O[C@H]3[C@H](OCc4ccccc4)[C@@H](OCc4ccccc4)[C@H](OCc4ccccc4)O[C@@H]3COCc3ccccc3)[C@@H]2OC(=O)c2ccccc2)O[C@@H]1COC(=O)c1ccccc1,trichloroacetimidate,102,103,4,3
SG-7f0ea251ad84ae80,7f0ea251ad84ae8082f434278bbea03cf749756b0af9cc010cb57ed508fe5173,112,31-010-CAS-8175489,112,31-010-CAS-8175489,1,CC(=O)CCC(=O)O[C@H]1[C@H](OCc2ccccc2)[C@@H](N2C(=O)c3ccccc3C2=O)[C@H](OC(=N)C(Cl)(Cl)Cl)O[C@@H]1COCc1ccccc1,[N-]=[N+]=NCCCCCO[C@@H]1O[C@H](COCc2ccccc2)[C@@H](O)[C@H](OCc2ccccc2)[C@H]1N1C(=O)c2ccccc2C1=O,CC(=O)O[C@H]1[C@H](OCc2ccccc2)[C@@H](N2C(=O)c3ccccc3C2=O)[C@H](OCCCCCN=[N+]=[N-])O[C@@H]1COCc1ccccc1,trichloroacetimidate,21,22,4,3
SG-7f38bdd32993b5f8,7f38bdd32993b5f8167be0b5488aa4abc9705544b8fa01c98b976109206e7297,1173,31-013-CAS-5060810,1173,31-013-CAS-5060810,1,CC(=O)O[C@H]1[C@@H](OC(C)=O)[C@@H](COCc2ccccc2)O[C@@H](Sc2ccccc2)[C@@H]1OC(C)=O,CC(=O)O[C@H]1[C@@H](O[C@@H]2O[C@H](COCc3ccccc3)[C@@H](O)[C@H](O)[C@H]2N2C(=O)c3ccccc3C2=O)[C@H](OCc2ccccc2)[C@H](OCC[Si](C)(C)C)O[C@H]1C,CC(=O)O[C@H]1[C@@H](O[C@@H]2O[C@H](COCc3ccccc3)[C@@H](OC(C)=O)[C@H](O)[C@H]2N2C(=O)c3ccccc3C2=O)[C@H](OCc2ccccc2)[C@H](OCC[Si](C)(C)C)O[C@H]1C,thioglycoside,19,20,19,20
SG-7f68094d038f9b1e,7f68094d038f9b1e2f83a43b5e09863289cf364538aa4399ef04182b86f4aec6,733,31-013-CAS-22064058,733,31-013-CAS-22064058,1,COc1ccc(CO[C@@H]2[C@H](N=[N+]=[N-])[C@@H](Sc3ccc(C)cc3)O[C@@H]3CO[C@@H](c4ccccc4)O[C@@H]23)cc1,COc1ccc(O[C@H]2O[C@H](COCc3ccccc3)[C@H](O)[C@H](OC(C)=O)[C@H]2N=[N+]=[N-])cc1,COc1ccc(O[C@H]2O[C@H](COCc3ccccc3)[C@H](OC(C)=O)[C@H](OC(C)=O)[C@H]2N=[N+]=[N-])cc1,thioglycoside,19,20,19,20
SG-7fb3fb844e7e60a5,7fb3fb844e7e60a5d4d588dcaa01677c23b31fb71f252dd92b10c42bc6c10d37,539,31-010-CAS-15140208,539,31-010-CAS-15140208,1,CC(=O)OC[C@H]1O[C@H](O[C@H]2[C@H](OCc3ccccc3)[C@@H](OC(=O)c3ccccc3)C(OC(=N)C(Cl)(Cl)Cl)O[C@@H]2COC(=O)CCl)[C@H](N=[N+]=[N-])[C@@H](OCc2ccccc2)[C@@H]1OC(=O)OCC1c2ccccc2-c2ccccc21,COc1ccc(O[C@@H]2O[C@H](COC(=O)CCl)[C@@H](O[C@H]3O[C@H](COC(C)=O)[C@@H](O)[C@H](OCc4ccccc4)[C@H]3N=[N+]=[N-])[C@H](OCc3ccccc3)[C@H]2OC(=O)c2ccccc2)cc1,COc1ccc(O[C@@H]2O[C@H](COC(=O)CCl)[C@@H](O[C@H]3O[C@H](COC(C)=O)[C@@H](OC(C)=O)[C@H](OCc4ccccc4)[C@H]3N=[N+]=[N-])[C@H](OCc3ccccc3)[C@H]2OC(=O)c2ccccc2)cc1,trichloroacetimidate,26,27,26,27
SG-7fca5a9fd3f81f86,7fca5a9fd3f81f86344aabf0e924642070e9d4cbc10a622fc7a6cac764c56aa5,722,31-013-CAS-21359610,722;723,31-013-CAS-21359610;31-013-CAS-7463166,2,COc1ccc(COC[C@@H]2O[C@H](Sc3ccc(C)cc3)[C@H](OC(=O)c3ccccc3)[C@@H](OCc3ccccc3)[C@@H]2OC(=O)CCC(C)=O)cc1,CO[C@H]1O[C@H](COC(=O)c2ccccc2)[C@@H](O)[C@H](OCc2ccccc2)[C@H]1N=[N+]=[N-],CO[C@H]1O[C@H](COC(=O)c2ccccc2)[C@@H](OC(C)=O)[C@H](OCc2ccccc2)[C@H]1N=[N+]=[N-],thioglycoside,15,16,15,16
SG-7ffb487481647362,7ffb48748164736258273f7fa67f57248694f0cd3a8247510e7a1326b91d84f4,1466,31-301-CAS-14089757,1466;1467,31-301-CAS-14089757;31-301-CAS-2081601,2,C[Si](C)(C)CCOC(=O)[C@H]1O[C@@H](S(=O)c2ccccc2)[C@H](OC(=O)c2ccccc2)[C@@H](OCc2ccccc2)[C@H]1OCc1ccccc1,C[C@H]1O[C@@H](Sc2ccccc2)[C@H](N2C(=O)c3c(Cl)c(Cl)c(Cl)c(Cl)c3C2=O)[C@@H](O)[C@@H]1O,CC(=O)O[C@H]1[C@H](O)[C@@H](N2C(=O)c3c(Cl)c(Cl)c(Cl)c(Cl)c3C2=O)[C@H](Sc2ccccc2)O[C@@H]1C,thioglycoside,29,30,4,3
SG-8026f66ff1ffb83f,8026f66ff1ffb83f427868ce06b863cbc488ffe209cf7da3635a196e21816cdd,340,31-010-CAS-21359728,340;341,31-010-CAS-21359728;31-010-CAS-14788058,2,C=CCOC(=O)O[C@H]1[C@H](OC(=N)C(Cl)(Cl)Cl)O[C@H](C(=O)OC)[C@@H](O[C@H]2O[C@H](COC(=O)c3ccccc3)[C@@H](OCc3ccccc3)[C@H](OCc3ccccc3)[C@H]2N=[N+]=[N-])[C@@H]1OCc1ccccc1,COC(=O)[C@@H]1O[C@H](Sc2ccc(C)cc2)[C@H](OC(=O)c2ccccc2)[C@@H](OCc2ccccc2)[C@@H]1O[C@H]1O[C@H](COCc2ccc(OC)cc2)[C@@H](O)[C@H](OCc2ccc(OC)cc2)[C@H]1N=[N+]=[N-],COC(=O)[C@@H]1O[C@H](Sc2ccc(C)cc2)[C@H](OC(=O)c2ccccc2)[C@@H](OCc2ccccc2)[C@@H]1O[C@H]1O[C@H](COCc2ccc(OC)cc2)[C@@H](OC(C)=O)[C@H](OCc2ccc(OC)cc2)[C@H]1N=[N+]=[N-],trichloroacetimidate,50,51,50,51
SG-8046569d6f87baa8,8046569d6f87baa8a3af864a6a98fea1e023ad8151f14602c0d69eb1662fa785,1283,31-013-CAS-10701943,1283,31-013-CAS-10701943,1,CCS[C@@H]1O[C@@H]2COC(c3ccccc3)O[C@@H]2[C@H](O[Si](C)(C)C(C)(C)C)[C@H]1OC(=O)C(C)(C)C,O=C(OCc1ccccc1)N(CCCCCO[C@@H]1O[C@H](COCc2ccccc2)[C@@H](O)[C@H](OCc2ccccc2)[C@H]1NC(=O)C(Cl)(Cl)Cl)Cc1ccccc1,CC(=O)O[C@H]1[C@H](OCc2ccccc2)[C@@H](NC(=O)C(Cl)(Cl)Cl)[C@H](OCCCCCN(Cc2ccccc2)C(=O)OCc2ccccc2)O[C@@H]1COCc1ccccc1,thioglycoside,29,30,4,3
SG-80603885c8c86ff9,80603885c8c86ff9641b4f783cf55247b77a7b4bb2eabbd8049538677382ab00,1166,31-013-CAS-553402,1166,31-013-CAS-553402,1,CC(=O)CCC(=O)OC[C@H]1O[C@@H](Sc2ccc(C)cc2)[C@H](OC(=O)c2ccccc2)[C@@H](OCc2ccccc2)[C@@H]1O[C@H]1O[C@H](COS(=O)(=O)OCC(Cl)(Cl)Cl)[C@@H](O[Si](C)(C)C(C)(C)C)[C@H](OCc2ccccc2)[C@H]1N=[N+]=[N-],CC(=O)CCC(=O)OC[C@H]1O[C@@H](OCCCN(Cc2ccccc2)C(=O)OCc2ccccc2)[C@H](OC(=O)c2ccccc2)[C@@H](OCc2ccccc2)[C@@H]1O[C@H]1O[C@H](COC(C)=O)[C@@H](O[C@@H]2O[C@H](COC(=O)CCC(C)=O)[C@@H](O[C@H]3O[C@H](COS(=O)(=O)OCC(Cl)(Cl)Cl)[C@@H](O)[C@H](OCc4ccccc4)[C@H]3N=[N+]=[N-])[C@H](OCc3ccccc3)[C@H]2OC(=O)c2ccccc2)[C@H](OCc2ccccc2)[C@H]1N=[N+]=[N-],CC(=O)CCC(=O)OC[C@H]1O[C@@H](OCCCN(Cc2ccccc2)C(=O)OCc2ccccc2)[C@H](OC(=O)c2ccccc2)[C@@H](OCc2ccccc2)[C@@H]1O[C@H]1O[C@H](COC(C)=O)[C@@H](O[C@@H]2O[C@H](COC(=O)CCC(C)=O)[C@@H](O[C@H]3O[C@H](COS(=O)(=O)OCC(Cl)(Cl)Cl)[C@@H](OC(C)=O)[C@H](OCc4ccccc4)[C@H]3N=[N+]=[N-])[C@H](OCc3ccccc3)[C@H]2OC(=O)c2ccccc2)[C@H](OCc2ccccc2)[C@H]1N=[N+]=[N-],thioglycoside,93,94,93,94
SG-8062371d6030b872,8062371d6030b872ba9057ebaa6dd3c8d11a662d83e155a09bb8948cd6c35a8c,827,31-013-CAS-9351324,827,31-013-CAS-9351324,1,CC(=O)OC[C@H]1O[C@@H](Sc2ccccc2)[C@H](OC(C)=O)[C@@H](OC(C)=O)[C@H]1OC(C)=O,CO[C@H]1O[C@H](COC(=O)C(C)(C)C)[C@@H](O)[C@H](OC(=O)C(C)(C)C)[C@H]1NC(C)=O,CO[C@H]1O[C@H](COC(=O)C(C)(C)C)[C@@H](OC(C)=O)[C@H](OC(=O)C(C)(C)C)[C@H]1NC(C)=O,thioglycoside,13,14,13,14
SG-8067d7c411eaad40,8067d7c411eaad40c52d2babbc16fb0bed7dc1e9a99351b29ec725bb08ac1481,740,31-013-CAS-11440399,740,31-013-CAS-11440399,1,CCSC1O[C@H](COCc2ccccc2)[C@@H](OCc2ccccc2)[C@H](OCc2ccccc2)[C@H]1OC(C)=O,CO[C@@H]1O[C@H](CO[Si](c2ccccc2)(c2ccccc2)C(C)(C)C)[C@@H](O)[C@H](OC(=O)CCC(C)=O)[C@H]1N=[N+]=[N-],CO[C@@H]1O[C@H](CO[Si](c2ccccc2)(c2ccccc2)C(C)(C)C)[C@@H](OC(C)=O)[C@H](OC(=O)CCC(C)=O)[C@H]1N=[N+]=[N-],thioglycoside,24,25,24,25
SG-807e4b8ee255fad5,807e4b8ee255fad51c6d86eb7f2db2403ae2ee83841567f615ed297190ae0b0c,1444,31-013-CAS-9511600,1444,31-013-CAS-9511600,1,CCS[C@@H]1O[C@H](COCc2ccccc2)[C@@H](O[C@@H]2O[C@H](COCc3ccccc3)[C@@H](OCc3ccccc3)[C@H](OCc3ccccc3)[C@H]2N=[N+]=[N-])[C@H](OCc2ccccc2)[C@H]1N1C(=O)c2ccccc2C1=O,COc1ccc(CO[C@H]2[C@H](OC)[C@H](OC[C@H]3O[C@@H](OC)[C@H](N4C(=O)c5ccccc5C4=O)[C@@H](OCc4ccccc4)[C@@H]3O[C@@H]3O[C@H](COCc4ccccc4)[C@@H](O)[C@H](OCc4ccccc4)[C@H]3N3C(=O)c4ccccc4C3=O)O[C@@H](C)[C@H]2OC(C)=O)cc1,COc1ccc(CO[C@H]2[C@H](OC)[C@H](OC[C@H]3O[C@@H](OC)[C@H](N4C(=O)c5ccccc5C4=O)[C@@H](OCc4ccccc4)[C@@H]3O[C@@H]3O[C@H](COCc4ccccc4)[C@@H](OC(C)=O)[C@H](OCc4ccccc4)[C@H]3N3C(=O)c4ccccc4C3=O)O[C@@H](C)[C@H]2OC(C)=O)cc1,thioglycoside,55,56,55,56
SG-80a167d47fd899bd,80a167d47fd899bd5dcc1b2b34381651ae628de695eb8ad75bccb4f7481227d3,743,31-013-CAS-20281572,743,31-013-CAS-20281572,1,CCS[C@@H]1O[C@@H]2CO[C@@H](c3ccccc3)O[C@H]2[C@H](OCc2ccc(OC)cc2)[C@H]1OCc1ccccc1,COc1ccc(O[C@H]2O[C@H](COCc3ccccc3)[C@H](O)[C@H](OC(C)=O)[C@H]2N=[N+]=[N-])cc1,COc1ccc(O[C@H]2O[C@H](COCc3ccccc3)[C@H](OC(C)=O)[C@H](OC(C)=O)[C@H]2N=[N+]=[N-])cc1,thioglycoside,19,20,19,20
SG-80bd21adf1654ac8,80bd21adf1654ac8b36a5f56bc165d1ea28bfa7c664e9c51233c70c4aea8a3bb,1553,31-013-CAS-7313950,1553,31-013-CAS-7313950,1,CC(=O)OC[C@H]1O[C@@H](Sc2ccccc2)[C@H](OC(C)=O)[C@@H](OC(C)=O)[C@H]1OC(C)=O,C[C@@H]1O[C@@H](O[C@H]2[C@H](O)[C@@H](COCc3ccccc3)O[C@@H](NC(=O)c3ccccc3)[C@@H]2N2C(=O)c3ccccc3C2=O)[C@@H](OCc2ccccc2)[C@H](OCc2ccccc2)[C@@H]1OCc1ccccc1,CC(=O)O[C@H]1[C@H](O[C@@H]2O[C@@H](C)[C@@H](OCc3ccccc3)[C@@H](OCc3ccccc3)[C@@H]2OCc2ccccc2)[C@@H](N2C(=O)c3ccccc3C2=O)[C@H](NC(=O)c2ccccc2)O[C@@H]1COCc1ccccc1,thioglycoside,6,7,4,3
SG-80c0163f27d77eea,80c0163f27d77eea18d10db3abaa2c25329b32b9adfd37a47f78f74f14609800,265,31-010-CAS-7479832,265,31-010-CAS-7479832,1,CC(=O)OC[C@H]1OC(OC(=N)C(Cl)(Cl)Cl)[C@H](OC(C)=O)[C@@H](OC(C)=O)[C@H]1OC(C)=O,CC(=O)O[C@H]1[C@H](OC(C)=O)[C@H](O[C@H]2[C@H](O)[C@@H](COC(=O)c3ccccc3)O[C@@H](Sc3ccccc3)[C@@H]2N2C(=O)c3ccccc3C2=O)O[C@@H](C)[C@H]1OC(C)=O,CC(=O)O[C@H]1[C@H](OC(C)=O)[C@H](O[C@H]2[C@H](OC(C)=O)[C@@H](COC(=O)c3ccccc3)O[C@@H](Sc3ccccc3)[C@@H]2N2C(=O)c3ccccc3C2=O)O[C@@H](C)[C@H]1OC(C)=O,trichloroacetimidate,13,14,13,14
SG-80d9da3237d4dc8f,80d9da3237d4dc8fb04fbda5a65b33452ab7177bbd690fe60a86875d36fb402d,770,31-013-CAS-7917329,770,31-013-CAS-7917329,1,Cc1ccc(S[C@@H]2O[C@@H]3CO[C@@H](c4ccccc4)O[C@H]3[C@H](OCc3ccccc3)[C@H]2OCc2ccccc2)cc1,CC(C)(C)[Si](C)(C)O[C@@H]1O[C@H](COC(=O)c2ccccc2)[C@@H](O)[C@H](OC(=O)c2ccccc2)[C@H]1N=[N+]=[N-],CC(=O)O[C@H]1[C@H](OC(=O)c2ccccc2)[C@@H](N=[N+]=[N-])[C@H](O[Si](C)(C)C(C)(C)C)O[C@@H]1COC(=O)c1ccccc1,thioglycoside,21,22,4,3
SG-80e0d583577a8cd7,80e0d583577a8cd75aef109d05537eae0adf640fb2e506a611fbd980cfdadfdb,177,31-010-CAS-2453120,177,31-010-CAS-2453120,1,CC(=O)OC[C@H]1O[C@@H](OC(=N)C(Cl)(Cl)Cl)[C@H](N2C(=O)c3ccccc3C2=O)[C@@H](OC(C)=O)[C@@H]1OC(C)=O,[2H]C(O[Si](C)(C)C(C)(C)C)[C@H]1O[C@@H](OCC=C)[C@H](N2C(=O)c3ccccc3C2=O)[C@@H](OC(C)=O)[C@@H]1O,[2H]C(O[Si](C)(C)C(C)(C)C)[C@H]1O[C@@H](OCC=C)[C@H](N2C(=O)c3ccccc3C2=O)[C@@H](OC(C)=O)[C@@H]1OC(C)=O,trichloroacetimidate,34,35,34,35
SG-80fa78d8b621a3e9,80fa78d8b621a3e96f8e64dabaf7fc3d04a8bdaefca3b38378e3f27abda20d26,1264,31-013-CAS-806847,1264,31-013-CAS-806847,1,CC(=O)OC[C@H]1O[C@@H](Sc2ccccc2)[C@H](N2C(=O)c3ccccc3C2=O)[C@@H](OC(C)=O)[C@@H]1OC(C)=O,COc1ccc(O[C@@H]2O[C@H](COCc3ccccc3)[C@@H](O)[C@H](OCc3ccccc3)[C@H]2N2C(=O)c3ccccc3C2=O)cc1,COc1ccc(O[C@@H]2O[C@H](COCc3ccccc3)[C@@H](OC(C)=O)[C@H](OCc3ccccc3)[C@H]2N2C(=O)c3ccccc3C2=O)cc1,thioglycoside,19,20,19,20
SG-80fefbb582537d38,80fefbb582537d388b6b44ce198c9f716dd960444b8cc35f1902647876386ba6,450,31-010-CAS-5494498,450,31-010-CAS-5494498,1,COC(=O)[C@@H]1OC(OC(=N)C(Cl)(Cl)Cl)[C@H](OC(C)=O)[C@@H](OCc2ccccc2)[C@@H]1O[C@H]1O[C@H](COC(C)=O)[C@@H](OCc2ccc(OC)cc2)[C@H](OCc2ccccc2)[C@H]1N=[N+]=[N-],COC(=O)[C@@H]1O[C@H](OC(C)=O)[C@H](OC(C)=O)[C@@H](OCc2ccccc2)[C@@H]1O[C@H]1O[C@H](COC(C)=O)[C@@H](O)[C@H](OCc2ccccc2)[C@H]1N=[N+]=[N-],COC(=O)[C@@H]1O[C@H](OC(C)=O)[C@H](OC(C)=O)[C@@H](OCc2ccccc2)[C@@H]1O[C@H]1O[C@H](COC(C)=O)[C@@H](OC(C)=O)[C@H](OCc2ccccc2)[C@H]1N=[N+]=[N-],trichloroacetimidate,35,36,35,36
SG-81619fa4acb6cf76,81619fa4acb6cf76de9e44709b7a8e9d5654cb2279d8166fa6a9d7734be5d95c,1392,31-013-CAS-4150836,1392,31-013-CAS-4150836,1,COC(=O)[C@@]1(O[C@H]2[C@@H](OC(C)=O)[C@@H](COC(C)=O)O[C@@H](SC)[C@@H]2OC(=O)c2ccccc2)C[C@H](OC(C)=O)[C@@H](NC(=O)C(F)(F)F)[C@H]([C@H](OC(C)=O)[C@@H](COC(C)=O)OC(C)=O)O1,COc1ccc(OC[C@H]2O[C@@H](O[C@H]3[C@@H](OCc4ccccc4)[C@@H](COCc4ccccc4)O[C@@H](O[C@H]4[C@H](OCc5ccccc5)[C@@H](OCc5ccccc5)[C@H](OCC[Si](C)(C)C)O[C@@H]4COCc4ccccc4)[C@@H]3OCc3ccccc3)[C@H](NC(C)=O)[C@@H](O[C@@H]3O[C@@H](C)[C@@H](OCc4ccccc4)[C@@H](OCc4ccccc4)[C@@H]3OCc3ccccc3)[C@@H]2O)cc1,COc1ccc(OC[C@H]2O[C@@H](O[C@H]3[C@@H](OCc4ccccc4)[C@@H](COCc4ccccc4)O[C@@H](O[C@H]4[C@H](OCc5ccccc5)[C@@H](OCc5ccccc5)[C@H](OCC[Si](C)(C)C)O[C@@H]4COCc4ccccc4)[C@@H]3OCc3ccccc3)[C@H](NC(C)=O)[C@@H](O[C@@H]3O[C@@H](C)[C@@H](OCc4ccccc4)[C@@H](OCc4ccccc4)[C@@H]3OCc3ccccc3)[C@@H]2OC(C)=O)cc1,thioglycoside,120,121,120,121
SG-82101720dd1872e8,82101720dd1872e87f3d74bc4ea0f7a60144250eefe1842691a120179941bcb7,390,31-010-CAS-2606532,390,31-010-CAS-2606532,1,COC(=O)[C@@]1(O[C@H]2[C@@H](OC(=O)c3ccccc3)[C@@H](COC(=O)c3ccccc3)OC(OC(=N)C(Cl)(Cl)Cl)[C@@H]2OC(=O)c2ccccc2)C[C@H](OC(C)=O)[C@@H](NC(=O)C(F)(F)F)[C@H]([C@H](OC(C)=O)[C@@H](COC(C)=O)OC(C)=O)O1,COc1ccc(CO[C@H]2[C@H](O)[C@@H](COc3ccc(OC)cc3)O[C@@H](O[C@H]3[C@@H](OCc4ccccc4)[C@@H](COCc4ccccc4)O[C@@H](O[C@H]4[C@H](OCc5ccccc5)[C@@H](OCc5ccccc5)[C@H](OCC[Si](C)(C)C)O[C@@H]4COCc4ccccc4)[C@@H]3OCc3ccccc3)[C@@H]2NC(C)=O)cc1,COc1ccc(CO[C@@H]2[C@@H](NC(C)=O)[C@H](O[C@H]3[C@@H](OCc4ccccc4)[C@@H](COCc4ccccc4)O[C@@H](O[C@H]4[C@H](OCc5ccccc5)[C@@H](OCc5ccccc5)[C@H](OCC[Si](C)(C)C)O[C@@H]4COCc4ccccc4)[C@@H]3OCc3ccccc3)O[C@H](COc3ccc(OC)cc3)[C@H]2OC(C)=O)cc1,trichloroacetimidate,9,10,98,99
SG-82231f594d85d21c,82231f594d85d21cef7a48be90a5d06de501dc187493fed5cdf9075d16f2c4aa,279,31-010-CAS-23200638,279,31-010-CAS-23200638,1,CC(=O)O[C@@H]1[C@H](OC(=O)CCl)[C@@H](OC(C)=O)[C@@H](OC(=N)C(Cl)(Cl)Cl)O[C@@H]1COC(=O)C(C)(C)C,CC(=O)CCC(=O)O[C@H]1[C@H](O)[C@@H](COC(=O)c2ccccc2)O[C@@H](OCCCCCCCl)[C@@H]1NC(C)=O,CC(=O)CCC(=O)O[C@@H]1[C@@H](NC(C)=O)[C@H](OCCCCCCCl)O[C@H](COC(=O)c2ccccc2)[C@H]1OC(C)=O,trichloroacetimidate,9,10,35,36
SG-82639f57c1954d4b,82639f57c1954d4b1a00dd45f55261195fffcb6866bed779a7365a7b1d2f3ef0,1185,31-013-CAS-23539710,1185,31-013-CAS-23539710,1,C[C@H]1O[C@@H](Sc2ccccc2)[C@H](N=[N+]=[N-])[C@@H](OCc2ccccc2)[C@H]1N1C(=O)c2ccccc2C1=O,CC(=O)O[C@H]1[C@@H](O)[C@@H](CO[Si](c2ccccc2)(c2ccccc2)C(C)(C)C)O[C@@H](Sc2ccccc2)[C@@H]1N=[N+]=[N-],CC(=O)O[C@@H]1[C@@H](N=[N+]=[N-])[C@H](Sc2ccccc2)O[C@H](CO[Si](c2ccccc2)(c2ccccc2)C(C)(C)C)[C@@H]1OC(C)=O,thioglycoside,5,6,38,39
SG-82c1f91b8c971696,82c1f91b8c971696789283af9cd4d80100ba777e7aafddd0e28c4c7848d52290,660,31-013-CAS-12769421,660,31-013-CAS-12769421,1,CCS[C@H]1O[C@H](C)[C@@H](N=[N+]=[N-])[C@H](OCc2ccccc2)[C@@H]1OC(C)=O,COC(=O)CCCCCO[C@H]1O[C@H](C)[C@@H](N=[N+]=[N-])[C@H](OCc2ccccc2)[C@@H]1O,COC(=O)CCCCCO[C@H]1O[C@H](C)[C@@H](N=[N+]=[N-])[C@H](OCc2ccccc2)[C@@H]1OC(C)=O,thioglycoside,27,28,27,28
SG-82ebd1d185607e74,82ebd1d185607e740313967eb7e704b40e6985bf989f4e91504cefcdeb34628c,1510,31-013-CAS-7371728,1510,31-013-CAS-7371728,1,CCS[C@@H]1O[C@@H]2CO[C@@H](c3ccccc3)O[C@H]2[C@H](OCc2ccccc2)[C@H]1OC(=O)c1ccc([N+](=O)[O-])cc1,COc1ccc(COC[C@H]2O[C@@H](N=[N+]=[N-])[C@H](N3C(=O)c4ccccc4C3=O)[C@@H](O)[C@@H]2O[C@@H]2O[C@H](COCc3ccccc3)[C@@H](O)[C@H](O)[C@H]2N2C(=O)c3ccccc3C2=O)cc1,COc1ccc(COC[C@H]2O[C@@H](N=[N+]=[N-])[C@H](N3C(=O)c4ccccc4C3=O)[C@@H](O)[C@@H]2O[C@@H]2O[C@H](COCc3ccccc3)[C@@H](OC(C)=O)[C@H](O)[C@H]2N2C(=O)c3ccccc3C2=O)cc1,thioglycoside,43,44,43,44
SG-8309e9bff822f45b,8309e9bff822f45b1f023ea7ad7d0b300f5fa4cd4c141371f0ef53f5621ab182,5,31-010-CAS-11632053,5,31-010-CAS-11632053,1,N=C(O[C@H]1O[C@@H]2CO[C@@H](c3ccccc3)O[C@H]2[C@H](OCc2ccccc2)[C@H]1NC(=O)OCC(Cl)(Cl)Cl)C(Cl)(Cl)Cl,CCCCCCCC/C=C\CCCCCCCCOc1ccc(CO[C@@H]2O[C@H](CO[Si](C)(C)C(C)(C)C)[C@@H](O)[C@H](OCc3ccccc3)[C@H]2NC(=O)OCC(Cl)(Cl)Cl)cc1,CCCCCCCC/C=C\CCCCCCCCOc1ccc(CO[C@@H]2O[C@H](CO[Si](C)(C)C(C)(C)C)[C@@H](OC(C)=O)[C@H](OCc3ccccc3)[C@H]2NC(=O)OCC(Cl)(Cl)Cl)cc1,trichloroacetimidate,37,38,37,38
SG-83474e01f0b5c379,83474e01f0b5c379249a54652fd7680031457e72c0813fdbd483278bb01550a8,1031,31-013-CAS-5524693,1031,31-013-CAS-5524693,1,CCS[C@@H]1O[C@@H]2CO[C@H](c3ccccc3)O[C@@H]2[C@H](OC(=O)c2ccccc2)[C@H]1OC(C)=O,CC(=O)N[C@H]1[C@H](OCCCNC(=O)C(F)(F)F)O[C@H](COCc2ccccc2)[C@@H](O)[C@@H]1OCc1ccccc1,CC(=O)N[C@H]1[C@H](OCCCNC(=O)C(F)(F)F)O[C@H](COCc2ccccc2)[C@@H](OC(C)=O)[C@@H]1OCc1ccccc1,thioglycoside,28,29,28,29
SG-8351ca776eab669c,8351ca776eab669c8977412b390241fb3e0023961c94878129faff4e0a3040ce,529,31-010-CAS-13010376,529,31-010-CAS-13010376,1,CC(=O)OC[C@H]1O[C@H](O[C@H]2[C@H](OCc3ccccc3)[C@@H](OC(=O)c3ccccc3)C(OC(=N)C(Cl)(Cl)Cl)O[C@H]2COC(=O)CCl)[C@H](N=[N+]=[N-])[C@@H](OCc2ccccc2)[C@@H]1OC(=O)OCC1c2ccccc2-c2ccccc21,COc1ccc(O[C@@H]2O[C@@H](COC(=O)CCl)[C@@H](O[C@H]3O[C@H](COC(C)=O)[C@@H](O)[C@H](OCc4ccccc4)[C@H]3N=[N+]=[N-])[C@H](OCc3ccccc3)[C@H]2OC(=O)c2ccccc2)cc1,COc1ccc(O[C@@H]2O[C@@H](COC(=O)CCl)[C@@H](O[C@H]3O[C@H](COC(C)=O)[C@@H](OC(C)=O)[C@H](OCc4ccccc4)[C@H]3N=[N+]=[N-])[C@H](OCc3ccccc3)[C@H]2OC(=O)c2ccccc2)cc1,trichloroacetimidate,26,27,26,27
SG-8354782acd45f1f3,8354782acd45f1f3c741657350fdad450edbdcdc7cf85ead4d0654988ceabbf8,947,31-013-CAS-78594,947,31-013-CAS-78594,1,CCS[C@@H]1O[C@H](COC(=O)c2ccccc2)[C@H](OC(=O)c2ccccc2)[C@H](OC(=O)c2ccccc2)[C@H]1OC(=O)c1ccccc1,COc1ccc(OC[C@H]2O[C@H](OC)[C@H](NC(=O)OCc3ccccc3)[C@@H](OCc3ccccc3)[C@@H]2O)cc1,COc1ccc(OC[C@H]2O[C@H](OC)[C@H](NC(=O)OCc3ccccc3)[C@@H](OCc3ccccc3)[C@@H]2OC(C)=O)cc1,thioglycoside,34,35,34,35
SG-8394b999a4e7a39d,8394b999a4e7a39dc44f296729ebc703f657445713d9bf3a0552c45651abef7d,443,31-010-CAS-13389656,443,31-010-CAS-13389656,1,COC(=O)[C@@H]1OC(OC(=N)C(Cl)(Cl)Cl)[C@H](OC(=O)C(C)(C)C)[C@@H](OCc2ccccc2)[C@@H]1O[C@H]1O[C@@H]2CO[C@@H](c3ccccc3)O[C@H]2[C@H](OCc2ccccc2)[C@H]1N=[N+]=[N-],COC(=O)[C@@H]1O[C@@H](OC(C)C)[C@H](OC(=O)C(C)(C)C)[C@@H](OCc2ccccc2)[C@@H]1O[C@H]1O[C@H](COCc2ccccc2)[C@@H](O[C@@H]2O[C@@H](C(=O)OC)[C@@H](O[C@H]3O[C@H](COC(=O)c4ccccc4)[C@@H](O)[C@H](OCc4ccccc4)[C@H]3NC(C)=O)[C@H](OCc3ccccc3)[C@H]2OCc2ccccc2)[C@H](OCc2ccccc2)[C@H]1N=[N+]=[N-],COC(=O)[C@@H]1O[C@@H](OC(C)C)[C@H](OC(=O)C(C)(C)C)[C@@H](OCc2ccccc2)[C@@H]1O[C@H]1O[C@H](COCc2ccccc2)[C@@H](O[C@@H]2O[C@@H](C(=O)OC)[C@@H](O[C@H]3O[C@H](COC(=O)c4ccccc4)[C@@H](OC(C)=O)[C@H](OCc4ccccc4)[C@H]3NC(C)=O)[C@H](OCc3ccccc3)[C@H]2OCc2ccccc2)[C@H](OCc2ccccc2)[C@H]1N=[N+]=[N-],trichloroacetimidate,66,67,66,67
SG-84443f73c1a0875d,84443f73c1a0875d4396018a910eda3cfde7cbdc33c854399bb40071f1df267d,1011,31-013-CAS-14346413,1011,31-013-CAS-14346413,1,COc1ccc(CO[C@H]2[C@@H](OCc3ccccc3)[C@@H](COCc3ccccc3)O[C@@H](Sc3ccc(C)cc3)[C@@H]2OC(=O)CCC(C)=O)cc1,COC(=O)CCCCCO[C@@H]1O[C@H](COCc2ccccc2)[C@@H](O)[C@H](OC(C)=O)[C@H]1NC(=O)OCC(Cl)(Cl)Cl,COC(=O)CCCCCO[C@@H]1O[C@H](COCc2ccccc2)[C@@H](OC(C)=O)[C@H](OC(C)=O)[C@H]1NC(=O)OCC(Cl)(Cl)Cl,thioglycoside,22,23,22,23
SG-8485024676539be0,8485024676539be08f975e40b7d9938bd350a4684f500188d6a5486e28d16114,649,31-010-CAS-19429741,649,31-010-CAS-19429741,1,[N-]=[N+]=Nc1ccc(CO[C@@H]2[C@H](OCc3ccccc3)[C@H](O[C@H]3[C@H](OCc4ccccc4)[C@@H](NC(=O)OCC(Cl)(Cl)Cl)C(OC(=Nc4ccccc4)C(F)(F)F)O[C@@H]3COCc3ccccc3)O[C@H](COC(=O)OCC3c4ccccc4-c4ccccc43)[C@H]2O[C@@H]2O[C@H](COCc3ccccc3)[C@@H](OCc3ccccc3)[C@H](OCc3ccccc3)[C@H]2NC(=O)OCC(Cl)(Cl)Cl)cc1Cl,C=CCOC(=O)[C@H](CC(=O)N[C@@H]1O[C@H](COCc2ccccc2)[C@@H](O)[C@H](OCc2ccccc2)[C@H]1NC(=O)OCC(Cl)(Cl)Cl)NC(=O)OCc1ccccc1,C=CCOC(=O)[C@H](CC(=O)N[C@@H]1O[C@H](COCc2ccccc2)[C@@H](OC(C)=O)[C@H](OCc2ccccc2)[C@H]1NC(=O)OCC(Cl)(Cl)Cl)NC(=O)OCc1ccccc1,trifluoroacetimidate,23,24,23,24
SG-849413c71222eab5,849413c71222eab527f43b73f892bb93f024d7878379a5905d831d6de029e3d5,632,31-013-CAS-18528259,632,31-013-CAS-18528259,1,[N-]=[N+]=N[C@H]1[C@H](OCc2ccccc2)[C@@H](C(=O)OCc2ccccc2)OC(OC(=Nc2ccccc2)C(F)(F)F)[C@@H]1NC(=O)C(Cl)(Cl)Cl,CC(=O)N[C@H]1[C@@H](OCCCN(Cc2ccccc2)C(=O)OCc2ccccc2)O[C@H](C)[C@@H](OCc2ccccc2)[C@@H]1O[C@@H]1O[C@@H](C)[C@@H](O)[C@@H](OCc2ccc3ccccc3c2)[C@@H]1NC(=O)OCC(Cl)(Cl)Cl,CC(=O)N[C@H]1[C@@H](OCCCN(Cc2ccccc2)C(=O)OCc2ccccc2)O[C@H](C)[C@@H](OCc2ccccc2)[C@@H]1O[C@@H]1O[C@@H](C)[C@@H](OC(C)=O)[C@@H](OCc2ccc3ccccc3c2)[C@@H]1NC(=O)OCC(Cl)(Cl)Cl,trifluoroacetimidate,46,47,46,47
SG-84981464421f0b63,84981464421f0b63b6c6eee8949c6f18ae1ae6dcb6c571d1bc374e86f391897d,822,31-301-CAS-14493604,822,31-301-CAS-14493604,1,CC(C)(C)C(=O)OC[C@H]1O[C@@H](S(=O)c2ccccc2)[C@H](OC(=O)C(C)(C)C)[C@@H](OC(=O)C(C)(C)C)[C@H]1OC(=O)C(C)(C)C,COc1ccc(CO[C@H]2[C@H](O)[C@@H](COC(=O)C(C)(C)C)O[C@H](Sc3ccccc3)[C@@H]2N=[N+]=[N-])cc1,COc1ccc(CO[C@@H]2[C@@H](N=[N+]=[N-])[C@@H](Sc3ccccc3)O[C@H](COC(=O)C(C)(C)C)[C@H]2OC(C)=O)cc1,thioglycoside,9,10,31,32
SG-84a20cdb64bc83f5,84a20cdb64bc83f525c9b551c6f9121b38ab2a53e884074a805bd6d7cfb818f2,829,31-013-CAS-7026889,829,31-013-CAS-7026889,1,COc1ccc(COC[C@H]2O[C@@H](Sc3ccc(C)cc3)[C@H](OC(=O)c3ccccc3)[C@@H](OCc3ccccc3)[C@@H]2O[Si](C)(C)C(C)(C)C)cc1,CC(=O)OC[C@H]1O[C@@H](Sc2ccc(C)cc2)[C@H](N=[N+]=[N-])[C@@H](OCc2ccccc2)[C@@H]1O,CC(=O)OC[C@H]1O[C@@H](Sc2ccc(C)cc2)[C@H](N=[N+]=[N-])[C@@H](OCc2ccccc2)[C@@H]1OC(C)=O,thioglycoside,29,30,29,30
SG-84a4d6048a40eaee,84a4d6048a40eaee8fa81586b6f9ff0e0ea1b2f9d90ca9bc4bbbe8c607e44ce2,596,31-010-CAS-12535844,596;597,31-010-CAS-12535844;31-010-CAS-13960199,2,CC(=O)O[C@H]1[C@@H](NC(=O)OCc2ccccc2)[C@@H](C)OC(OC(=Nc2ccccc2)C(F)(F)F)[C@@H]1N=[N+]=[N-],CC(C)(C)[Si](C)(C)O[C@@H]1O[C@H](COCc2ccccc2)[C@H](O)[C@H](OCc2ccc3ccccc3c2)[C@H]1N=[N+]=[N-],CC(=O)O[C@@H]1[C@H](OCc2ccc3ccccc3c2)[C@@H](N=[N+]=[N-])[C@H](O[Si](C)(C)C(C)(C)C)O[C@@H]1COCc1ccccc1,trifluoroacetimidate,20,21,4,3
SG-84a6df63ec52ad64,84a6df63ec52ad64a3be1e92ea72927d47f417fa4c49d7ddc041872077317879,260,31-010-CAS-18605825,260,31-010-CAS-18605825,1,CC(=O)OC[C@H]1O[C@H](OC(=N)C(Cl)(Cl)Cl)[C@H](OC(C)=O)[C@@H](OC(C)=O)[C@H]1OC(C)=O,CC(=O)N[C@@H]1[C@@H](OC(C)=O)[C@H](O)[C@@H](CO[Si](c2ccccc2)(c2ccccc2)C(C)(C)C)O[C@H]1N=[N+]=[N-],CC(=O)N[C@@H]1[C@@H](OC(C)=O)[C@H](OC(C)=O)[C@@H](CO[Si](c2ccccc2)(c2ccccc2)C(C)(C)C)O[C@H]1N=[N+]=[N-],trichloroacetimidate,10,11,10,11
SG-8537d3f9c32aa39b,8537d3f9c32aa39bcc48f525107377ff03efbcaf40bef59acdf5e4a74e848d79,959,31-013-CAS-452353,959,31-013-CAS-452353,1,CC(C)(C)OC(=O)[C@@H]1O[C@@H](Sc2ccccc2)[C@H](OC(=O)c2ccccc2)[C@@H](OCc2ccccc2)[C@@H]1OCc1ccccc1,COc1ccc(OC[C@H]2O[C@H](OC)[C@H](NC(=O)OCc3ccccc3)[C@@H](OCc3ccccc3)[C@@H]2O)cc1,COc1ccc(OC[C@H]2O[C@H](OC)[C@H](NC(=O)OCc3ccccc3)[C@@H](OCc3ccccc3)[C@@H]2OC(C)=O)cc1,thioglycoside,34,35,34,35
SG-8543dbffc235d41d,8543dbffc235d41d5bf939bb74ad68f81a94c8306ff066c6b4a85f4722a85111,978,31-013-CAS-9392052,978;979;980,31-013-CAS-9392052;31-013-CAS-5063674;31-013-CAS-7130644,3,CCS[C@@H]1O[C@H](COC(=O)CCl)[C@@H](OCc2cccc3ccccc23)[C@H](OCc2ccccc2)[C@H]1OC(=O)c1ccccc1,CO[C@H]1O[C@H](COCc2ccccc2)[C@@H](O)[C@H](OCc2ccccc2)[C@H]1NC(C)=O,CO[C@H]1O[C@H](COCc2ccccc2)[C@@H](OC(C)=O)[C@H](OCc2ccccc2)[C@H]1NC(C)=O,thioglycoside,14,15,14,15
SG-8560219f2f3cf674,8560219f2f3cf674e0ab09c551aaad3450840efda0d58db99735506c616db5be,1070,31-614-CAS-39596676,1070,31-614-CAS-39596676,1,CCS[C@H]1O[C@@H](C)[C@@H](OCc2ccccc2)[C@@H](OCc2ccccc2)[C@@H]1OCc1ccccc1,CC(=O)N[C@H]1[C@H](OCCCCCCCCCCl)O[C@H](COCc2ccccc2)[C@@H](O)[C@@H]1O[C@@H]1O[C@H](COC(C)=O)[C@H](OC(C)=O)[C@H](OC(=O)CCl)[C@H]1OC(C)=O,CC(=O)N[C@H]1[C@H](OCCCCCCCCCCl)O[C@H](COCc2ccccc2)[C@@H](OC(C)=O)[C@@H]1O[C@@H]1O[C@H](COC(C)=O)[C@H](OC(C)=O)[C@H](OC(=O)CCl)[C@H]1OC(C)=O,thioglycoside,28,29,28,29
SG-85647a4ea07eac43,85647a4ea07eac4347fd54bdaf1a9ac435e98ec81ec9c5aac783898621765f49,470,31-010-CAS-667934,470,31-010-CAS-667934,1,COC(=O)[C@@H]1O[C@@H](OC(=N)C(Cl)(Cl)Cl)[C@H](OC(=O)C(C)(C)C)[C@@H](OCc2ccccc2)[C@@H]1O[C@H]1O[C@H](COC(C)=O)[C@@H](OCc2ccccc2)[C@H](OCc2ccccc2)[C@H]1N=[N+]=[N-],COC(=O)[C@@H]1O[C@@H](OCCNC(=O)OCc2ccccc2)[C@H](OC(=O)C(C)(C)C)[C@@H](OCc2ccccc2)[C@@H]1O[C@H]1O[C@H](COC(C)=O)[C@@H](O)[C@H](OCc2ccccc2)[C@H]1N=[N+]=[N-],COC(=O)[C@@H]1O[C@@H](OCCNC(=O)OCc2ccccc2)[C@H](OC(=O)C(C)(C)C)[C@@H](OCc2ccccc2)[C@@H]1O[C@H]1O[C@H](COC(C)=O)[C@@H](OC(C)=O)[C@H](OCc2ccccc2)[C@H]1N=[N+]=[N-],trichloroacetimidate,48,49,48,49
SG-85a599d581cb8e34,85a599d581cb8e34e64e70cf2267ae565d038c8a75002d6e2f31a3c9d2029a07,1116,31-013-CAS-5582564,1116,31-013-CAS-5582564,1,CCS[C@H]1O[C@H](C)[C@@H](NC(=O)[C@@H]2CCO[C@@H](c3ccccc3)O2)[C@H](OCc2ccccc2)[C@@H]1OC,COC(=O)CCCCCO[C@H]1O[C@H](C)[C@@H](NC(=O)[C@@H]2CCO[C@@H](c3ccccc3)O2)[C@H](OCc2ccccc2)[C@@H]1O[C@H]1O[C@H](C)[C@@H](NC(=O)[C@@H]2CCO[C@@H](c3ccccc3)O2)[C@H](OCc2ccccc2)[C@@H]1O,COC(=O)CCCCCO[C@H]1O[C@H](C)[C@@H](NC(=O)[C@@H]2CCO[C@@H](c3ccccc3)O2)[C@H](OCc2ccccc2)[C@@H]1O[C@H]1O[C@H](C)[C@@H](NC(=O)[C@@H]2CCO[C@@H](c3ccccc3)O2)[C@H](OCc2ccccc2)[C@@H]1OC(C)=O,thioglycoside,70,71,70,71
SG-85ccd51c21a43d25,85ccd51c21a43d2515090a4f410eb2bd4f8726d77a69999528ca4a6e31ecac26,559,31-010-CAS-12809730,559,31-010-CAS-12809730,1,CC(=O)OC[C@@H]1OC(OC(=N)C(Cl)(Cl)Cl)[C@H](OC(=O)c2ccccc2)[C@@H](OCc2ccccc2)[C@@H]1O[C@H]1O[C@H](COC(=O)c2ccccc2)[C@@H](OCc2ccc3ccccc3c2)[C@H](OCc2ccccc2)[C@H]1N=[N+]=[N-],CO[C@H]1O[C@H](COC(=O)c2ccccc2)[C@@H](O)[C@H](OCc2ccccc2)[C@H]1N=[N+]=[N-],CO[C@H]1O[C@H](COC(=O)c2ccccc2)[C@@H](OC(C)=O)[C@H](OCc2ccccc2)[C@H]1N=[N+]=[N-],trichloroacetimidate,15,16,15,16
SG-85f308110fd1523b,85f308110fd1523b73106e53fed7419830778b1d201cd5a9dedc8de6fc9a6b9c,126,31-010-CAS-16569614,126,31-010-CAS-16569614,1,CC(C)(C)C(=O)OC[C@H]1O[C@H](OC(=N)C(Cl)(Cl)Cl)[C@H](OC(=O)C(C)(C)C)[C@@H](OC(=O)C(C)(C)C)[C@H]1Cl,CO[C@@H]1O[C@H](COC(=O)c2ccccc2)[C@@H](O)[C@H](OC(=O)CCl)[C@H]1NC(C)=O,CO[C@@H]1O[C@H](COC(=O)c2ccccc2)[C@@H](OC(C)=O)[C@H](OC(=O)CCl)[C@H]1NC(C)=O,trichloroacetimidate,15,16,15,16
SG-85f44e706a42dec5,85f44e706a42dec581d41c48132ac8a44b2fa82c4720684d3d210ec5e48910f4,700,31-013-CAS-14695973,700,31-013-CAS-14695973,1,CCS[C@H]1O[C@H](C)[C@@H](N=[N+]=[N-])[C@H](OCc2ccccc2)[C@@H]1O[C@H]1O[C@H](C)[C@@H](N=[N+]=[N-])[C@H](OCc2ccccc2)[C@@H]1OC(=O)c1ccccc1,COC(=O)CCCCCO[C@H]1O[C@H](C)[C@@H](N=[N+]=[N-])[C@H](OCc2ccccc2)[C@@H]1O[C@H]1O[C@H](C)[C@@H](N=[N+]=[N-])[C@H](OCc2ccccc2)[C@@H]1O[C@H]1O[C@H](C)[C@@H](N=[N+]=[N-])[C@H](OCc2ccccc2)[C@@H]1O,COC(=O)CCCCCO[C@H]1O[C@H](C)[C@@H](N=[N+]=[N-])[C@H](OCc2ccccc2)[C@@H]1O[C@H]1O[C@H](C)[C@@H](N=[N+]=[N-])[C@H](OCc2ccccc2)[C@@H]1O[C@H]1O[C@H](C)[C@@H](N=[N+]=[N-])[C@H](OCc2ccccc2)[C@@H]1OC(C)=O,thioglycoside,65,66,65,66
SG-8636c9246f0779fe,8636c9246f0779fe6250ab9b6772aa464cc64f45f127bffadc24fe01df2e8abe,225,31-010-CAS-10942279,225,31-010-CAS-10942279,1,CC(=O)O[C@@H]1C[C@@H](OCc2ccccc2)[C@@H](COCc2ccccc2)O[C@@H]1OC(=N)C(Cl)(Cl)Cl,COc1ccc(CO[C@@H]2[C@@H](N3C(=O)c4ccccc4C3=O)[C@H](OCCCCCCCCCO[Si](c3ccccc3)(c3ccccc3)C(C)(C)C)OC[C@H]2O)cc1,COc1ccc(CO[C@@H]2[C@@H](N3C(=O)c4ccccc4C3=O)[C@H](OCCCCCCCCCO[Si](c3ccccc3)(c3ccccc3)C(C)(C)C)OC[C@H]2OC(C)=O)cc1,trichloroacetimidate,52,53,52,53
SG-8683ebe8d60813c0,8683ebe8d60813c080a50f9345f0d8d24eded2f262e8f3f3b603bbd1f1f8cc65,796,31-013-CAS-4037463,796;797;798,31-013-CAS-4037463;31-013-CAS-5548184;31-013-CAS-1891598,3,CCSC1O[C@H]2CO[C@@H](c3ccccc3)O[C@H]2[C@H](OCc2ccccc2)[C@H]1OC(C)=O,CC(=O)CCC(=O)OC[C@H]1O[C@@H](O[Si](C)(C)C(C)(C)C(C)C)[C@H](N=[N+]=[N-])[C@@H](OCc2ccccc2)[C@@H]1O,CC(=O)CCC(=O)OC[C@H]1O[C@@H](O[Si](C)(C)C(C)(C)C(C)C)[C@H](N=[N+]=[N-])[C@@H](OCc2ccccc2)[C@@H]1OC(C)=O,thioglycoside,35,36,35,36
SG-868e6d06fefe601a,868e6d06fefe601ac1347c0a2e9b871a5183937166bdab37e3f4e8401be97cf4,787,31-013-CAS-10475617,787,31-013-CAS-10475617,1,C=CCOC(=O)O[C@@H]1[C@@H](OCc2ccccc2)[C@@H]2O[C@H](c3ccccc3)OC[C@H]2O[C@H]1SCC,CC(=O)OC[C@H]1O[C@@H](O[Si](C)(C)C(C)(C)C(C)C)[C@H](N=[N+]=[N-])[C@@H](OCc2ccccc2)[C@@H]1O,CC(=O)OC[C@H]1O[C@@H](O[Si](C)(C)C(C)(C)C(C)C)[C@H](N=[N+]=[N-])[C@@H](OCc2ccccc2)[C@@H]1OC(C)=O,thioglycoside,31,32,31,32
SG-869d5e5c7a9bb9a9,869d5e5c7a9bb9a93e88abbe2f4c83ca206fc9dc6bd2610be11c756f485e5dc9,123,31-010-CAS-11036492,123,31-010-CAS-11036492,1,CC(=O)OC[C@H]1OC(OC(=N)C(Cl)(Cl)Cl)[C@H](N=[N+]=[N-])[C@@H](OC(C)=O)[C@H]1OC(C)=O,C=CCO[C@@H]1O[C@H](COCc2ccccc2)[C@H](O)[C@H](OCc2ccccc2)[C@H]1N=[N+]=[N-],C=CCO[C@@H]1O[C@H](COCc2ccccc2)[C@H](OC(C)=O)[C@H](OCc2ccccc2)[C@H]1N=[N+]=[N-],trichloroacetimidate,16,17,16,17
SG-870af313e1f18fb1,870af313e1f18fb1bcf9b19849003a4cb07c92676d331c33fbeab3047072bd9f,642,31-010-CAS-20875071,642,31-010-CAS-20875071,1,COC(=O)[C@@]1(O[C@H]2[C@@H](OC(=O)c3ccccc3)[C@@H](COC(=O)c3ccccc3)OC(OC(=Nc3ccccc3)C(F)(F)F)[C@@H]2OC(=O)c2ccccc2)C[C@H](OC(C)=O)[C@@H](NC(C)=O)[C@H]([C@H](OC(C)=O)[C@@H](COC(C)=O)OC(C)=O)O1,CC(=O)O[C@H]1[C@H](O[C@@H]2[C@H](O[C@@H]3O[C@H](COCc4ccccc4)[C@@H](O)[C@H](OCc4ccccc4)[C@H]3N3C(=O)c4ccccc4C3=O)[C@@H](OC(=O)c3ccccc3)[C@H](O[C@H]3[C@H](OC(=O)c4ccccc4)[C@@H](OC(=O)c4ccccc4)[C@H](OCCCN=[N+]=[N-])O[C@@H]3COC(=O)c3ccccc3)O[C@@H]2COC(=O)c2ccccc2)O[C@H](COCc2ccccc2)[C@@H](OCc2ccccc2)[C@@H]1OCc1ccccc1,CC(=O)O[C@H]1[C@H](O[C@@H]2[C@H](O[C@@H]3O[C@H](COCc4ccccc4)[C@@H](OC(C)=O)[C@H](OCc4ccccc4)[C@H]3N3C(=O)c4ccccc4C3=O)[C@@H](OC(=O)c3ccccc3)[C@H](O[C@H]3[C@H](OC(=O)c4ccccc4)[C@@H](OC(=O)c4ccccc4)[C@H](OCCCN=[N+]=[N-])O[C@@H]3COC(=O)c3ccccc3)O[C@@H]2COC(=O)c2ccccc2)O[C@H](COCc2ccccc2)[C@@H](OCc2ccccc2)[C@@H]1OCc1ccccc1,trifluoroacetimidate,22,23,22,23
SG-871d9770c32a888f,871d9770c32a888f1f395ebcd7b256d42752df490a62ccd603489fda91ddec01,1272,31-013-CAS-18353673,1272,31-013-CAS-18353673,1,C=CCO[C@H]1[C@H]2O[C@@H](c3ccccc3)OC[C@H]2O[C@@H](Sc2ccc(C)cc2)[C@@H]1OC(=O)CCC(C)=O,Cc1ccc(S[C@@H]2O[C@H](COCc3ccccc3)[C@@H](O)[C@H](O)[C@H]2N2C(=O)c3ccccc3C2=O)cc1,CC(=O)O[C@H]1[C@H](O)[C@@H](N2C(=O)c3ccccc3C2=O)[C@H](Sc2ccc(C)cc2)O[C@@H]1COCc1ccccc1,thioglycoside,18,19,4,3
SG-872edafaa12c2830,872edafaa12c28301acedcf357f46dbd5d9ee6a2eea6e34dde17580fc1c6293f,1199,31-013-CAS-17791387,1199,31-013-CAS-17791387,1,CC(=O)N1C(=O)O[C@H]2[C@@H](O[Si](C)(C)C(C)(C)C)[C@@H](COCc3ccccc3)O[C@H](Sc3ccc(C)cc3)[C@@H]21,C#CCO[C@H]1O[C@H](COCc2ccccc2)[C@H](O[C@H]2O[C@H](COCc3ccccc3)[C@H](O)[C@@H]3OC(=O)N(C(C)=O)[C@@H]23)[C@@H]2OC(=O)N(C(C)=O)[C@@H]12,C#CCO[C@H]1O[C@H](COCc2ccccc2)[C@H](O[C@H]2O[C@H](COCc3ccccc3)[C@H](OC(C)=O)[C@@H]3OC(=O)N(C(C)=O)[C@@H]23)[C@@H]2OC(=O)N(C(C)=O)[C@@H]12,thioglycoside,30,31,30,31
SG-873be1eb4e9aae55,873be1eb4e9aae550e89d37e6fe9e88ba10f009fffd6acc435408bebaa7659fa,320,31-010-CAS-9337489,320,31-010-CAS-9337489,1,CC(=O)O[C@H]1[C@H](OCc2ccccc2)[C@@H](N2C(=O)c3ccccc3C2=O)[C@H](OC(=N)C(Cl)(Cl)Cl)O[C@@H]1COCc1ccccc1,C=CCO[C@@H]1O[C@H](COc2ccc(OC)cc2)[C@@H](O)[C@H](OCc2ccccc2)[C@H]1N1C(=O)c2ccccc2C1=O,C=CCO[C@@H]1O[C@H](COc2ccc(OC)cc2)[C@@H](OC(C)=O)[C@H](OCc2ccccc2)[C@H]1N1C(=O)c2ccccc2C1=O,trichloroacetimidate,17,18,17,18
SG-873ca53d5946d4db,873ca53d5946d4dbc68fa387204fd87303f3a5b0ed143755094e2df6a7f4c693,663,31-013-CAS-7092174,663,31-013-CAS-7092174,1,CCS[C@H]1O[C@H](C)[C@@H](N=[N+]=[N-])[C@H](OCc2ccccc2)[C@@H]1O[C@H]1O[C@H](C)[C@@H](N=[N+]=[N-])[C@H](OCc2ccccc2)[C@@H]1OC(C)=O,CO[C@H]1O[C@H](C)[C@@H](N=[N+]=[N-])[C@H](OCc2ccccc2)[C@@H]1O[C@H]1O[C@H](C)[C@@H](N=[N+]=[N-])[C@H](OCc2ccccc2)[C@@H]1O[C@H]1O[C@H](C)[C@@H](N=[N+]=[N-])[C@H](OCc2ccccc2)[C@@H]1O,CO[C@H]1O[C@H](C)[C@@H](N=[N+]=[N-])[C@H](OCc2ccccc2)[C@@H]1O[C@H]1O[C@H](C)[C@@H](N=[N+]=[N-])[C@H](OCc2ccccc2)[C@@H]1O[C@H]1O[C@H](C)[C@@H](N=[N+]=[N-])[C@H](OCc2ccccc2)[C@@H]1OC(C)=O,thioglycoside,57,58,57,58
SG-87ad0ba999c7cc00,87ad0ba999c7cc0066f8f5d48beb7ea32557066f13008b87678a9a23e563d9bf,87,31-010-CAS-9368010,87,31-010-CAS-9368010,1,CC(=O)OC[C@H]1O[C@H](OC(=N)C(Cl)(Cl)Cl)[C@H](OC(C)=O)[C@@H](OC(C)=O)[C@H]1OC(C)=O,CO[C@@H]1O[C@H](COCc2ccccc2)[C@@H](O)[C@H](O)[C@H]1N1C(=O)C(C)=C(C)C1=O,CO[C@@H]1O[C@H](COCc2ccccc2)[C@@H](OC(C)=O)[C@H](O)[C@H]1N1C(=O)C(C)=C(C)C1=O,trichloroacetimidate,14,15,14,15
SG-87fc1a5fcd801405,87fc1a5fcd801405a397bcde094dadfebc23b2029c5ca629314800a2bfa8c3f8,734,31-301-CAS-7607384,734;735,31-301-CAS-7607384;31-301-CAS-9324888,2,COc1ccc(CO[C@H]2[C@@H]3O[C@H](c4ccccc4)OC[C@H]3O[C@H](S(=O)c3ccccc3)[C@H]2OCc2ccccc2)cc1,C=CCCCO[C@@H]1O[C@H](COCc2ccccc2)[C@@H](O)[C@H](OCc2ccccc2)[C@H]1N=[N+]=[N-],C=CCCCO[C@@H]1O[C@H](COCc2ccccc2)[C@@H](OC(C)=O)[C@H](OCc2ccccc2)[C@H]1N=[N+]=[N-],thioglycoside,18,19,18,19
SG-8802505bfa7c7564,8802505bfa7c75643129a1fc83bcd90242686130ec5428f10903182a75afbd7f,204,31-010-CAS-16546346,204,31-010-CAS-16546346,1,CC(=O)O[C@@H]1[C@H](OC(C)=O)[C@@H](OC(C)=O)C(OC(=N)C(Cl)(Cl)Cl)O[C@@H]1C,CC(=O)N[C@H]1[C@H](OCc2ccccc2)O[C@H](CO[Si](C)(C)C(C)(C)C)[C@@H](O)[C@@H]1O,CC(=O)N[C@H]1[C@H](OCc2ccccc2)O[C@H](CO[Si](C)(C)C(C)(C)C)[C@@H](OC(C)=O)[C@@H]1O,trichloroacetimidate,25,26,25,26
SG-8868d6355fcd0d8d,8868d6355fcd0d8dc059abcfdfdc0d93f8fb59f79da06c82f323783983e84899,1215,31-614-CAS-35071256,1215,31-614-CAS-35071256,1,CC(=O)N1C(=O)O[C@H]2[C@@H](O[Si](C)(C)C(C)(C)C)[C@@H](COCc3ccccc3)O[C@H](Sc3ccc(C)cc3)[C@@H]21,CO[C@H]1O[C@H](COCc2ccccc2)[C@H](O[C@H]2O[C@H](COCc3ccccc3)[C@H](O[C@H]3O[C@H](COCc4ccccc4)[C@H](O[C@H]4O[C@H](COCc5ccccc5)[C@H](O)[C@@H]5OC(=O)N(C(C)=O)[C@@H]45)[C@@H]4OC(=O)N(C(C)=O)[C@@H]34)[C@@H]3OC(=O)N(C(C)=O)[C@@H]23)[C@@H]2OC(=O)N(C(C)=O)[C@@H]12,CO[C@H]1O[C@H](COCc2ccccc2)[C@H](O[C@H]2O[C@H](COCc3ccccc3)[C@H](O[C@H]3O[C@H](COCc4ccccc4)[C@H](O[C@H]4O[C@H](COCc5ccccc5)[C@H](OC(C)=O)[C@@H]5OC(=O)N(C(C)=O)[C@@H]45)[C@@H]4OC(=O)N(C(C)=O)[C@@H]34)[C@@H]3OC(=O)N(C(C)=O)[C@@H]23)[C@@H]2OC(=O)N(C(C)=O)[C@@H]12,thioglycoside,56,57,56,57
SG-88811f99d8bcdf00,88811f99d8bcdf006937fc88a2a5bd5d0f9a89b1691a4c654c3e8cbe07390183,938,31-013-CAS-9933290,938,31-013-CAS-9933290,1,CCS[C@H]1O[C@@H](C)[C@@H](OCc2ccccc2)[C@@H](OCc2ccccc2)[C@@H]1OCc1ccccc1,CC(=O)N[C@H]1[C@@H](OCc2ccccc2)O[C@H](COCc2ccccc2)[C@@H](O)[C@@H]1O[C@@H]1O[C@H](COC(C)=O)[C@H](OC(C)=O)[C@H](OC(C)=O)[C@H]1OC(C)=O,CC(=O)N[C@H]1[C@@H](OCc2ccccc2)O[C@H](COCc2ccccc2)[C@@H](OC(C)=O)[C@@H]1O[C@@H]1O[C@H](COC(C)=O)[C@H](OC(C)=O)[C@H](OC(C)=O)[C@H]1OC(C)=O,thioglycoside,25,26,25,26
SG-8890dc67de5d0974,8890dc67de5d0974e494d824b28992a8a792422d882aa604b93a0b85fb900371,1223,31-301-CAS-21409470,1223,31-301-CAS-21409470,1,COc1ccc(CO[C@H]2[C@@H]3O[C@H](c4ccccc4)OC[C@H]3O[C@H](S(=O)c3ccc(C)cc3)[C@H]2OCc2ccccc2)cc1,C=CCO[C@@H]1O[C@H](COCc2ccccc2)[C@@H](O)[C@@H](OCc2ccccc2)[C@H]1N1C(=O)c2ccccc2C1=O,C=CCO[C@@H]1O[C@H](COCc2ccccc2)[C@@H](OC(C)=O)[C@@H](OCc2ccccc2)[C@H]1N1C(=O)c2ccccc2C1=O,thioglycoside,16,17,16,17
SG-88fc15f7f48e4005,88fc15f7f48e400539de48bd24258503b2bd3e8a96bea9718e75bf5796bae971,913,31-013-CAS-18395672,913,31-013-CAS-18395672,1,CC(=O)O[C@H]1[C@@H](OC(C)=O)[C@@H](COCc2ccccc2)O[C@@H](Sc2ccccc2)[C@@H]1OC(C)=O,O=C(N[C@@H]1[C@@H](O)[C@H](O)[C@@H](COCc2ccccc2)O[C@H]1Sc1ccccc1)OCC(Cl)(Cl)Cl,CC(=O)O[C@H]1[C@H](O)[C@@H](NC(=O)OCC(Cl)(Cl)Cl)[C@H](Sc2ccccc2)O[C@@H]1COCc1ccccc1,thioglycoside,6,7,4,3
SG-8922fc9ce367e902,8922fc9ce367e902f71c22ebcd6f454049033db3cac1faed68b2fbe04a8668d9,1373,31-013-CAS-14717389,1373,31-013-CAS-14717389,1,CCS[C@@H]1O[C@H](COCc2ccccc2)[C@H](OCc2ccccc2)[C@H](OC(C)=O)[C@H]1N1C(=O)c2ccccc2C1=O,C=CCO[C@H]1[C@H](O)[C@@H](COCc2ccccc2)O[C@@H](O[C@H]2[C@@H](OCc3ccccc3)[C@@H](COCc3ccccc3)O[C@H](OCCCCCN=[N+]=[N-])[C@@H]2OCc2ccccc2)[C@@H]1N1C(=O)c2ccccc2C1=O,C=CCO[C@H]1[C@H](OC(C)=O)[C@@H](COCc2ccccc2)O[C@@H](O[C@H]2[C@@H](OCc3ccccc3)[C@@H](COCc3ccccc3)O[C@H](OCCCCCN=[N+]=[N-])[C@@H]2OCc2ccccc2)[C@@H]1N1C(=O)c2ccccc2C1=O,thioglycoside,5,6,5,6
SG-89523e45fed9f9eb,89523e45fed9f9eb4877aca256d156daf41b0af98323f71150841690c8e60705,1155,31-013-CAS-2932202,1155,31-013-CAS-2932202,1,CCCCCCCCCCCCS[C@@H]1O[C@H](COC(C)=O)[C@H](OC(C)=O)[C@H](OC(C)=O)[C@H]1OC(C)=O,O=C1c2ccccc2C(=O)N1[C@H]1[C@@H]2OC[C@@H](O2)[C@@H](O)[C@@H]1OCc1ccccc1,CC(=O)O[C@H]1[C@H](OCc2ccccc2)[C@@H](N2C(=O)c3ccccc3C2=O)[C@@H]2OC[C@H]1O2,thioglycoside,17,18,4,3
SG-89793e6f0d956acc,89793e6f0d956accadd2f41cc5838c4283e88ddf25a83637db74fbc67985bb50,1080,31-013-CAS-11649313,1080,31-013-CAS-11649313,1,CC(=O)OC[C@H]1O[C@@H](Sc2ccccc2)[C@H](OC(C)=O)[C@@H](OC(C)=O)[C@H]1OC(C)=O,CO[C@@H]1O[C@H](COC(=O)C(C)(C)C)[C@@H](O)[C@H](O)[C@H]1N1C(=O)c2ccccc2C1=O,CO[C@@H]1O[C@H](COC(=O)C(C)(C)C)[C@@H](OC(C)=O)[C@H](O)[C@H]1N1C(=O)c2ccccc2C1=O,thioglycoside,13,14,13,14
SG-89e37434f45f0782,89e37434f45f07824c114ea5df4594a234b655da57c6ea39847ea1d44c32a7a1,277,31-010-CAS-23636152,277,31-010-CAS-23636152,1,CC(=O)OC[C@H]1OC(OC(=N)C(Cl)(Cl)Cl)[C@H](OC(C)=O)[C@@H](OCc2ccc3ccccc3c2)[C@H]1OC(C)=O,[N-]=[N+]=NCCCCCO[C@@H]1O[C@H](COCc2ccccc2)[C@@H](O)[C@H](OCc2ccccc2)[C@H]1N=[N+]=[N-],CC(=O)O[C@H]1[C@H](OCc2ccccc2)[C@@H](N=[N+]=[N-])[C@H](OCCCCCN=[N+]=[N-])O[C@@H]1COCc1ccccc1,trichloroacetimidate,21,22,4,3
SG-89ebd1ecdceab8cb,89ebd1ecdceab8cb5b4a467cce8065b3e88d8bbbfc67d370333c74069f70e1a1,105,31-614-CAS-45260375,105,31-614-CAS-45260375,1,CC(=O)OC[C@H]1OC(OC(=N)C(Cl)(Cl)Cl)[C@H](OC(C)=O)[C@@H](OC(C)=O)[C@@H]1OC(C)=O,[N-]=[N+]=N[C@H]1[C@H](OCc2ccccc2)O[C@H](COCc2ccccc2)[C@@H](O)[C@@H]1OCc1ccccc1,CC(=O)O[C@H]1[C@H](OCc2ccccc2)[C@@H](N=[N+]=[N-])[C@H](OCc2ccccc2)O[C@@H]1COCc1ccccc1,trichloroacetimidate,24,25,4,3
SG-8a21caa12fa82985,8a21caa12fa829856d815e81367e1c978201244653898370bbc86734644b15fa,215,31-010-CAS-16500848,215,31-010-CAS-16500848,1,C[C@H]1O[C@H](OC(=N)C(Cl)(Cl)Cl)[C@H](OCc2ccccc2)[C@@H](OCc2ccccc2)[C@H]1N=[N+]=[N-],C=CCO[C@@H]1O[C@H](COC(C)=O)[C@@H](O)[C@H](OCc2ccccc2)[C@@H]1N=[N+]=[N-],C=CCO[C@@H]1O[C@H](COC(C)=O)[C@@H](OC(C)=O)[C@H](OCc2ccccc2)[C@@H]1N=[N+]=[N-],trichloroacetimidate,12,13,12,13
SG-8a58ee4bf3ef2f38,8a58ee4bf3ef2f384522d9d18425d67875085013b5e8b1eb815c5306463e8328,214,31-010-CAS-978790,214,31-010-CAS-978790,1,COC(=O)[C@@H]1O[C@@H](OC(=N)C(Cl)(Cl)Cl)[C@H](OC(C)=O)[C@@H](OC(=O)C(C)(C)C)[C@@H]1OC(=O)CCC(C)=O,CO[C@H]1O[C@H](COC(C)=O)[C@@H](O)[C@H](OCc2ccccc2)[C@H]1N=[N+]=[N-],CO[C@H]1O[C@H](COC(C)=O)[C@@H](OC(C)=O)[C@H](OCc2ccccc2)[C@H]1N=[N+]=[N-],trichloroacetimidate,10,11,10,11
SG-8aa12d743388a2ef,8aa12d743388a2ef1dbab00ce6a904b68f6614f441eca726cf26490e71a0ad5d,594,31-013-CAS-5629637,594,31-013-CAS-5629637,1,C[C@@H]1O[C@H](OC(=Nc2ccccc2)C(F)(F)F)[C@@H](OCc2ccccc2)[C@H](OCc2ccccc2)[C@@H]1OCc1ccccc1,CC(C)(C)[Si](O[C@@H]1O[C@H](COCc2ccccc2)[C@@H](O)[C@H](OC(=O)OCc2ccccc2)[C@H]1NC(=O)OCC(Cl)(Cl)Cl)(c1ccccc1)c1ccccc1,CC(=O)O[C@H]1[C@H](OC(=O)OCc2ccccc2)[C@@H](NC(=O)OCC(Cl)(Cl)Cl)[C@H](O[Si](c2ccccc2)(c2ccccc2)C(C)(C)C)O[C@@H]1COCc1ccccc1,trifluoroacetimidate,18,19,4,3
SG-8ac8c15c8be872f5,8ac8c15c8be872f5e57a9a8fe2939dd78ecc4776aea8e4039d306699f5ff3f71,23,31-010-CAS-12435719,23,31-010-CAS-12435719,1,CC(=O)OC[C@H]1O[C@@H](OC(=N)C(Cl)(Cl)Cl)[C@H](N2C(=O)c3ccccc3C2=O)[C@@H](OC(C)=O)[C@@H]1OC(C)=O,COc1ccc(O[C@@H]2O[C@H](COC(C)=O)[C@@H](O)[C@H](OC(C)=O)[C@H]2N2C(=O)c3ccccc3C2=O)cc1,COc1ccc(O[C@@H]2O[C@H](COC(C)=O)[C@@H](OC(C)=O)[C@H](OC(C)=O)[C@H]2N2C(=O)c3ccccc3C2=O)cc1,trichloroacetimidate,15,16,15,16
SG-8aeb1a44f3f4c901,8aeb1a44f3f4c9017d3f861c94ee0286e35853184920a312e75e3b490a94c7f3,325,31-010-CAS-16681816,325,31-010-CAS-16681816,1,CC(=O)OC[C@H]1O[C@H](OC(=N)C(Cl)(Cl)Cl)[C@H](NC(=O)OCc2ccccc2)[C@@H](OC(C)=O)[C@@H]1OC(C)=O,CC(=O)O[C@H]1[C@H](O)[C@@H](COCc2ccccc2)O[C@@H](O[C@@H]2[C@@H](COCc3ccccc3)[C@@H]3OC(N(C)C)=N[C@@H]3[C@H]2OCc2ccccc2)[C@@H]1NC(=O)OCc1ccccc1,CC(=O)O[C@@H]1[C@@H](NC(=O)OCc2ccccc2)[C@H](O[C@@H]2[C@@H](COCc3ccccc3)[C@@H]3OC(N(C)C)=N[C@@H]3[C@H]2OCc2ccccc2)O[C@H](COCc2ccccc2)[C@H]1OC(C)=O,trichloroacetimidate,5,6,58,59
SG-8aebe1d6b9577ecd,8aebe1d6b9577ecd3eccc6d2b7df42b2faf772c0dc11d722fca9cec220e71bbf,553,31-010-CAS-7421280,553,31-010-CAS-7421280,1,COc1ccc(CO[C@H]2[C@H](OCc3ccccc3)[C@@H](N=[N+]=[N-])[C@H](O[C@H]3[C@H](OC(=O)OCc4ccccc4)[C@@H](NC(=O)OCC(Cl)(Cl)Cl)[C@@H](OC(=N)C(Cl)(Cl)Cl)O[C@@H]3COCc3ccccc3)O[C@@H]2COCc2ccccc2)cc1,C=CCO[C@H]1O[C@H](COCc2ccccc2)[C@@H](O[C@@H]2O[C@H](COCc3ccccc3)[C@@H](O)[C@H](OCc3ccccc3)[C@H]2N=[N+]=[N-])[C@H](OC(=O)OCc2ccccc2)[C@H]1NC(=O)OCC(Cl)(Cl)Cl,C=CCO[C@H]1O[C@H](COCc2ccccc2)[C@@H](O[C@@H]2O[C@H](COCc3ccccc3)[C@@H](OC(C)=O)[C@H](OCc3ccccc3)[C@H]2N=[N+]=[N-])[C@H](OC(=O)OCc2ccccc2)[C@H]1NC(=O)OCC(Cl)(Cl)Cl,trichloroacetimidate,30,31,30,31
SG-8afe44adbb2ad189,8afe44adbb2ad18952aae174d0fe947ffe729fb346d9a7c24a23db3cefd6dc5c,116,31-010-CAS-6805326,116,31-010-CAS-6805326,1,CC(=O)OC[C@H]1OC(OC(=N)C(Cl)(Cl)Cl)[C@H](NC(=O)C(Cl)(Cl)Cl)[C@@H](OC(C)=O)[C@H]1OC(C)=O,C=CCCCO[C@@H]1O[C@H](COCc2ccccc2)[C@@H](O)[C@H](OCc2ccccc2)[C@H]1NC(=O)C(Cl)(Cl)Cl,C=CCCCO[C@@H]1O[C@H](COCc2ccccc2)[C@@H](OC(C)=O)[C@H](OCc2ccccc2)[C@H]1NC(=O)C(Cl)(Cl)Cl,trichloroacetimidate,18,19,18,19
SG-8b08127d264ffd10,8b08127d264ffd108dca182ef66afba0f1889f8c252b71f5796dc6abe1e5d88d,412,31-010-CAS-16587044,412,31-010-CAS-16587044,1,CC(=O)CCC(=O)O[C@@H]1[C@@H](OC(=N)C(Cl)(Cl)Cl)O[C@H](CO[C@H]2O[C@H](COCc3ccccc3)[C@@H](OCc3ccccc3)[C@H](OCc3ccccc3)[C@@H]2O[C@H]2O[C@H](CO[Si](C(C)C)(C(C)C)C(C)C)[C@@H](OCc3ccccc3)[C@H](OCc3ccccc3)[C@@H]2OCc2ccccc2)[C@@H](O[C@@H]2O[C@H](CO[C@@H]3O[C@H](COCc4ccccc4)[C@H](OCc4ccccc4)[C@H](OCc4ccccc4)[C@H]3OCc3ccccc3)[C@@H](OCc3ccccc3)[C@H](OCc3ccccc3)[C@H]2NC(C)=O)[C@@H]1OCc1ccccc1,C=CCO[C@@H]1[C@H](OCc2ccccc2)[C@H](OCc2ccccc2)[C@@H](OCc2ccccc2)[C@H](OCc2ccccc2)[C@H]1O[C@H]1O[C@H](COCc2ccccc2)[C@@H](O)[C@H](OCc2ccccc2)[C@H]1N=[N+]=[N-],C=CCO[C@@H]1[C@H](OCc2ccccc2)[C@H](OCc2ccccc2)[C@@H](OCc2ccccc2)[C@H](OCc2ccccc2)[C@H]1O[C@H]1O[C@H](COCc2ccccc2)[C@@H](OC(C)=O)[C@H](OCc2ccccc2)[C@H]1N=[N+]=[N-],trichloroacetimidate,55,56,55,56
SG-8b33b76bdc982788,8b33b76bdc982788d9ddeb091ebd14bc8bdcb7a0c505b2abc6ab548e7de68d92,56,31-010-CAS-12003761,56,31-010-CAS-12003761,1,CC(=O)O[C@@H]1[C@@H](OC(=N)C(Cl)(Cl)Cl)O[C@H](CO[Si](C(C)C)(C(C)C)C(C)C)[C@@H](OCc2ccccc2)[C@@H]1OCc1ccccc1,CC1(C)O[C@@H]2[C@H](OCc3ccccc3)[C@@H](OCc3ccccc3)[C@H](OCc3ccccc3)[C@@H](O[C@H]3O[C@H](COCc4ccccc4)[C@@H](O)[C@H](OCc4ccccc4)[C@H]3N=[N+]=[N-])[C@@H]2O1,CC(=O)O[C@H]1[C@H](OCc2ccccc2)[C@@H](N=[N+]=[N-])[C@@H](O[C@@H]2[C@@H](OCc3ccccc3)[C@H](OCc3ccccc3)[C@@H](OCc3ccccc3)[C@H]3OC(C)(C)O[C@@H]23)O[C@@H]1COCc1ccccc1,trichloroacetimidate,46,47,4,3
SG-8b7e2f366321bc8f,8b7e2f366321bc8fee4d898f3c027de323b6d7207e071c53806a974899aea462,311,31-010-CAS-9024708,311;312;313,31-010-CAS-9024708;31-010-CAS-6886995;31-010-CAS-10744515,3,CC(=O)OC[C@H]1O[C@H](OC(=N)C(Cl)(Cl)Cl)[C@H](OC(C)=O)[C@@H](OC(C)=O)[C@H]1OC(C)=O,CC(=O)N[C@H]1[C@@H](OC(C)=O)O[C@H](COC(C)=O)[C@@H](O)[C@@H]1OC(C)=O,CC(=O)N[C@H]1[C@@H](OC(C)=O)O[C@H](COC(C)=O)[C@@H](OC(C)=O)[C@@H]1OC(C)=O,trichloroacetimidate,17,18,17,18
SG-8b9f8f252da05482,8b9f8f252da0548255fee5e948867a8c555f81f29d72da19f77068ff0fc52328,963,31-614-CAS-26047459,963,31-614-CAS-26047459,1,CCS[C@@H]1O[C@H](CO[Si](C(C)C)(C(C)C)C(C)C)[C@@H]2OC(=O)O[C@@H]2[C@H]1OC(C)=O,CC(=O)O[C@@H]1[C@H](O[C@@H]2O[C@H](CO[Si](C(C)C)(C(C)C)C(C)C)[C@@H](O[C@@H]3O[C@@H](C)[C@@H](OCc4ccccc4)[C@@H](OCc4ccccc4)[C@@H]3OCc3ccccc3)[C@H](O[C@@H]3O[C@H](CO[Si](C(C)C)(C(C)C)C(C)C)[C@@H]4OC(=O)O[C@@H]4[C@H]3O[Si](C)(C)C(C)(C)C)[C@H]2NS(=O)(=O)c2ccccc2)[C@@H](OC(C)=O)[C@H](O[C@H]2[C@H](OCc3ccccc3)C=CO[C@@H]2COCc2ccccc2)O[C@@H]1CO[C@@H]1O[C@H](CO[Si](C(C)C)(C(C)C)C(C)C)[C@@H](O)[C@H](O[C@@H]2O[C@@H](C)[C@@H](OC(=O)c3ccccc3)[C@@H](OCc3ccccc3)[C@@H]2OCc2ccccc2)[C@H]1NS(=O)(=O)c1ccccc1,CC(=O)O[C@@H]1[C@H](O[C@@H]2O[C@H](CO[Si](C(C)C)(C(C)C)C(C)C)[C@@H](O[C@@H]3O[C@@H](C)[C@@H](OCc4ccccc4)[C@@H](OCc4ccccc4)[C@@H]3OCc3ccccc3)[C@H](O[C@@H]3O[C@H](CO[Si](C(C)C)(C(C)C)C(C)C)[C@@H]4OC(=O)O[C@@H]4[C@H]3O[Si](C)(C)C(C)(C)C)[C@H]2NS(=O)(=O)c2ccccc2)[C@@H](OC(C)=O)[C@H](O[C@H]2[C@H](OCc3ccccc3)C=CO[C@@H]2COCc2ccccc2)O[C@@H]1CO[C@@H]1O[C@H](CO[Si](C(C)C)(C(C)C)C(C)C)[C@@H](OC(C)=O)[C@H](O[C@@H]2O[C@@H](C)[C@@H](OC(=O)c3ccccc3)[C@@H](OCc3ccccc3)[C@@H]2OCc2ccccc2)[C@H]1NS(=O)(=O)c1ccccc1,thioglycoside,147,148,147,148
SG-8be753bbc6104691,8be753bbc6104691da297bd75177bffb87f404470093d05ea1bd6822533093b4,1318,31-013-CAS-16946853,1318,31-013-CAS-16946853,1,CC(=O)O[C@H]1[C@H](OCc2ccccc2)[C@@H](N2C(=O)c3ccccc3C2=O)[C@H](Sc2ccccc2)O[C@@H]1COCc1ccccc1,[N-]=[N+]=N[C@@H]1[C@@H](OCc2ccccc2)O[C@H](COCc2ccccc2)[C@@H](O[C@@H]2O[C@H](COCc3ccccc3)[C@@H](O[C@@H]3O[C@H](COCc4ccccc4)[C@@H](O)[C@H](OCc4ccccc4)[C@H]3N3C(=O)c4ccccc4C3=O)[C@H](OCc3ccccc3)[C@H]2N2C(=O)c3ccccc3C2=O)[C@@H]1OCc1ccccc1,CC(=O)O[C@H]1[C@H](OCc2ccccc2)[C@@H](N2C(=O)c3ccccc3C2=O)[C@H](O[C@H]2[C@H](OCc3ccccc3)[C@@H](N3C(=O)c4ccccc4C3=O)[C@H](O[C@H]3[C@H](OCc4ccccc4)[C@H](N=[N+]=[N-])[C@@H](OCc4ccccc4)O[C@@H]3COCc3ccccc3)O[C@@H]2COCc2ccccc2)O[C@@H]1COCc1ccccc1,thioglycoside,52,53,4,3
SG-8be7c7d746b2b815,8be7c7d746b2b81507d4a75988afa6f4d9a405693c1dc471e4b2762c7315f893,302,31-010-CAS-4679888,302,31-010-CAS-4679888,1,CC(=O)OC[C@H]1O[C@H](OC(=N)C(Cl)(Cl)Cl)[C@H](OC(C)=O)[C@@H](OC(C)=O)[C@@H]1OC(C)=O,CO[C@H]1O[C@H](COCc2ccccc2)[C@@H](O)[C@H](OCc2ccccc2)[C@H]1NC(=O)OCc1ccccc1,CO[C@H]1O[C@H](COCc2ccccc2)[C@@H](OC(C)=O)[C@H](OCc2ccccc2)[C@H]1NC(=O)OCc1ccccc1,trichloroacetimidate,14,15,14,15
SG-8bfb61f18c33fb31,8bfb61f18c33fb318203fd7690a70c9b288f1f9ec322b9ba057aba4410d9d75b,426,31-010-CAS-21359662,426;427,31-010-CAS-21359662;31-010-CAS-2953436,2,COC(=O)[C@H]1OC(OC(=N)C(Cl)(Cl)Cl)[C@H](OCc2ccccc2)[C@@H](OCc2ccccc2)[C@@H]1O[C@H]1O[C@H](COCc2ccc(OC)cc2)[C@@H](OCc2ccccc2)[C@H](OCc2ccccc2)[C@H]1N=[N+]=[N-],COc1ccc(OC[C@H]2O[C@@H](O[Si](c3ccccc3)(c3ccccc3)C(C)(C)C)[C@H](N=[N+]=[N-])[C@@H](OC(=O)c3ccccc3)[C@@H]2O)cc1,COc1ccc(OC[C@H]2O[C@@H](O[Si](c3ccccc3)(c3ccccc3)C(C)(C)C)[C@H](N=[N+]=[N-])[C@@H](OC(=O)c3ccccc3)[C@@H]2OC(C)=O)cc1,trichloroacetimidate,43,44,43,44
SG-8c3fb61df63bb73c,8c3fb61df63bb73c476c2fd43860ff007e899bf79e34dc789c599ab48073d5bb,142,31-010-CAS-11617057,142,31-010-CAS-11617057,1,CC(=O)O[C@H]1[C@@H](OC(C)=O)[C@@H](CN=[N+]=[N-])O[C@H](OC(=N)C(Cl)(Cl)Cl)[C@@H]1OC(C)=O,CCCCCCCCO[C@H]1O[C@H](COCc2ccccc2)[C@@H](OCc2ccccc2)[C@H](OCc2ccccc2)[C@@H]1O[C@@H]1O[C@H](COCc2ccccc2)[C@@H](O)[C@H](OCc2ccccc2)[C@H]1N1C(=O)c2ccccc2C1=O,CCCCCCCCO[C@H]1O[C@H](COCc2ccccc2)[C@@H](OCc2ccccc2)[C@H](OCc2ccccc2)[C@@H]1O[C@@H]1O[C@H](COCc2ccccc2)[C@@H](OC(C)=O)[C@H](OCc2ccccc2)[C@H]1N1C(=O)c2ccccc2C1=O,trichloroacetimidate,53,54,53,54
SG-8c9a4bd2aa8a4e04,8c9a4bd2aa8a4e0457cb8fd4779291b9df16460dcc7536ba1dda766caf40acb8,998,31-013-CAS-12686981,998,31-013-CAS-12686981,1,CCSC1O[C@@H](COC(C)=O)[C@@H](OC(C)=O)[C@H](OCc2ccccc2)[C@H]1OC(C)=O,CC(C)(C)[Si](OC[C@H]1O[C@H](OCCCCCN(Cc2ccccc2)C(=O)OCc2ccccc2)[C@H](N=[N+]=[N-])[C@@H](OCc2ccccc2)[C@@H]1O)(c1ccccc1)c1ccccc1,CC(=O)O[C@H]1[C@H](OCc2ccccc2)[C@@H](N=[N+]=[N-])[C@@H](OCCCCCN(Cc2ccccc2)C(=O)OCc2ccccc2)O[C@@H]1CO[Si](c1ccccc1)(c1ccccc1)C(C)(C)C,thioglycoside,47,48,4,3
SG-8ca4d9f2da03e8a7,8ca4d9f2da03e8a7cf5737930cd7d046c330de7ccb3cc9cecf8e3840a02ac63d,38,31-010-CAS-15414887,38;39;40,31-010-CAS-15414887;31-010-CAS-8082597;31-010-CAS-2030010,3,COc1ccc(CO[C@H]2[C@H](OCc3ccccc3)[C@@H](N=[N+]=[N-])[C@@H](OC(=N)C(Cl)(Cl)Cl)O[C@@H]2COCc2ccccc2)cc1,C=CCO[C@H]1O[C@H](COCc2ccccc2)[C@@H](O)[C@H](OC(=O)OCc2ccccc2)[C@H]1NC(=O)OCC(Cl)(Cl)Cl,C=CCO[C@H]1O[C@H](COCc2ccccc2)[C@@H](OC(C)=O)[C@H](OC(=O)OCc2ccccc2)[C@H]1NC(=O)OCC(Cl)(Cl)Cl,trichloroacetimidate,16,17,16,17
SG-8cb83b2f66d1f07f,8cb83b2f66d1f07fbf6948dc2748f079b62a712f8514a0bbfd053649b2c77804,458,31-010-CAS-1782285,458,31-010-CAS-1782285,1,COC(=O)[C@H]1OC(OC(=N)C(Cl)(Cl)Cl)[C@H](OCc2ccccc2)[C@@H](OCc2ccccc2)[C@@H]1O[C@H]1O[C@H](COC(=O)c2ccccc2)[C@@H](OCc2ccccc2)[C@H](OCc2ccccc2)[C@H]1N=[N+]=[N-],COc1ccc(OC[C@H]2O[C@@H](O[Si](c3ccccc3)(c3ccccc3)C(C)(C)C)[C@@H]3NC(=O)O[C@H]3[C@@H]2O)cc1,COc1ccc(OC[C@H]2O[C@@H](O[Si](c3ccccc3)(c3ccccc3)C(C)(C)C)[C@@H]3NC(=O)O[C@H]3[C@@H]2OC(C)=O)cc1,trichloroacetimidate,35,36,35,36
SG-8cc790b13c92c15a,8cc790b13c92c15ab53a250be0ab68c04be57300a6a1f6186d68cb1b5d3ea672,455,31-010-CAS-4793112,455,31-010-CAS-4793112,1,COC(=O)[C@@H]1OC(OC(=N)C(Cl)(Cl)Cl)[C@H](OC(=O)c2ccccc2)[C@@H](OCc2ccccc2)[C@@H]1O[C@H]1O[C@H](COC(C)=O)[C@@H](OCc2ccccc2)[C@H](OCc2ccccc2)[C@H]1N=[N+]=[N-],COC(=O)[C@@H]1O[C@@H](OC(C)C)[C@H](OC(=O)C(C)(C)C)[C@@H](OCc2ccccc2)[C@@H]1O[C@H]1O[C@H](COC(=O)c2ccccc2)[C@@H](O[C@@H]2O[C@@H](C(=O)OC)[C@@H](O[C@H]3O[C@H](COC(=O)c4ccccc4)[C@@H](O)[C@H](OCc4ccccc4)[C@H]3N=[N+]=[N-])[C@H](OCc3ccccc3)[C@H]2OC(=O)C(C)(C)C)[C@H](OCc2ccccc2)[C@H]1N=[N+]=[N-],COC(=O)[C@@H]1O[C@@H](OC(C)C)[C@H](OC(=O)C(C)(C)C)[C@@H](OCc2ccccc2)[C@@H]1O[C@H]1O[C@H](COC(=O)c2ccccc2)[C@@H](O[C@@H]2O[C@@H](C(=O)OC)[C@@H](O[C@H]3O[C@H](COC(=O)c4ccccc4)[C@@H](OC(C)=O)[C@H](OCc4ccccc4)[C@H]3N=[N+]=[N-])[C@H](OCc3ccccc3)[C@H]2OC(=O)C(C)(C)C)[C@H](OCc2ccccc2)[C@H]1N=[N+]=[N-],trichloroacetimidate,67,68,67,68
SG-8cf83213c3708c49,8cf83213c3708c49641db02d68d699799aadf11d6b22f0dc84ceec734c5c0b98,1153,31-013-CAS-8455590,1153,31-013-CAS-8455590,1,c1ccc(COC[C@H]2O[C@@H](Sc3ccccc3)[C@H](OCc3ccccc3)[C@@H](OCc3ccccc3)[C@H]2OCc2ccccc2)cc1,O=C1c2ccccc2C(=O)N1[C@H]1[C@H](OCc2ccccc2)O[C@H](COCc2ccccc2)[C@H](O)[C@@H]1OCc1ccccc1,CC(=O)O[C@@H]1[C@H](OCc2ccccc2)[C@@H](N2C(=O)c3ccccc3C2=O)[C@H](OCc2ccccc2)O[C@@H]1COCc1ccccc1,thioglycoside,32,33,4,3
SG-8d3b48be8039c9b8,8d3b48be8039c9b81faab2584144e60c8d5ce47fdb5f960d7ce0b5d8cffe74ec,509,31-010-CAS-1997350,509,31-010-CAS-1997350,1,COC(=O)[C@@H]1OC(OC(=N)C(Cl)(Cl)Cl)[C@H](OC(=O)C(C)(C)C)[C@@H](OCc2ccccc2)[C@@H]1O[C@H]1O[C@@H]2CO[C@@H](c3ccccc3)O[C@H]2[C@H](OCc2ccccc2)[C@H]1N=[N+]=[N-],COC(=O)[C@@H]1O[C@@H](OC(C)C)[C@H](OC(=O)C(C)(C)C)[C@@H](OCc2ccccc2)[C@@H]1O[C@H]1O[C@H](COC(=O)c2ccccc2)[C@@H](O)[C@H](OCc2ccccc2)[C@H]1N=[N+]=[N-],COC(=O)[C@@H]1O[C@@H](OC(C)C)[C@H](OC(=O)C(C)(C)C)[C@@H](OCc2ccccc2)[C@@H]1O[C@H]1O[C@H](COC(=O)c2ccccc2)[C@@H](OC(C)=O)[C@H](OCc2ccccc2)[C@H]1N=[N+]=[N-],trichloroacetimidate,43,44,43,44
SG-8d6f8b0d45dee0ba,8d6f8b0d45dee0ba9484d1c3fa1d722114070803135e2088b91478013c4024ce,1461,31-013-CAS-20839029,1461,31-013-CAS-20839029,1,Cc1ccc(S[C@H]2O[C@@H](C)[C@H]3OC(C)(C)O[C@H]3[C@@H]2OCc2ccccc2)cc1,CC(=O)OC[C@H]1O[C@@H](O[C@H]2[C@H](O)[C@@H](COCc3ccccc3)O[C@@H](OCCN=[N+]=[N-])[C@@H]2N2C(=O)c3ccccc3C2=O)[C@H](N2C(=O)c3ccccc3C2=O)[C@@H](OC(C)=O)[C@@H]1OC(C)=O,CC(=O)OC[C@H]1O[C@@H](O[C@H]2[C@H](OC(C)=O)[C@@H](COCc3ccccc3)O[C@@H](OCCN=[N+]=[N-])[C@@H]2N2C(=O)c3ccccc3C2=O)[C@H](N2C(=O)c3ccccc3C2=O)[C@@H](OC(C)=O)[C@@H]1OC(C)=O,thioglycoside,10,11,10,11
SG-8d7f56f9a7f69aa0,8d7f56f9a7f69aa03143226462cf57864797236c9c91d6af0b05c08fb8ebb5f6,295,31-010-CAS-9997587,295,31-010-CAS-9997587,1,CC(=O)OC[C@H]1O[C@H](OC(=N)C(Cl)(Cl)Cl)[C@H](NC=C2C(=O)N(C)C(=O)N(C)C2=O)[C@@H](OC(C)=O)[C@@H]1OC(C)=O,[N-]=[N+]=N[C@H]1[C@H](OCc2ccccc2)O[C@H](COCc2ccccc2)[C@@H](O)[C@@H]1OCc1ccccc1,CC(=O)O[C@H]1[C@H](OCc2ccccc2)[C@@H](N=[N+]=[N-])[C@H](OCc2ccccc2)O[C@@H]1COCc1ccccc1,trichloroacetimidate,24,25,4,3
SG-8d8b37be6874bdba,8d8b37be6874bdba93fb7f75f60b33d6a654bcc81751e6d2a72b7b0a80fb3db5,1086,31-013-CAS-6864875,1086,31-013-CAS-6864875,1,CC(C)(C)OC(=O)[C@@H]1O[C@@H](Sc2ccccc2)[C@H](OC(=O)c2ccccc2)[C@@H](OCc2ccccc2)[C@@H]1OCc1cccc2ccccc12,CO[C@H]1O[C@H](COC(=O)CCl)[C@@H](O)[C@H](OCc2ccccc2)[C@H]1NC(=O)OCc1ccccc1,CO[C@H]1O[C@H](COC(=O)CCl)[C@@H](OC(C)=O)[C@H](OCc2ccccc2)[C@H]1NC(=O)OCc1ccccc1,thioglycoside,11,12,11,12
SG-8da3613b848881af,8da3613b848881af2c44d4a0f6a3f1a918313c1af15665664eb7f242290eb8d4,1321,31-013-CAS-5127134,1321,31-013-CAS-5127134,1,COC(=O)[C@H]1O[C@@H](Sc2ccccc2)[C@H](OC(=O)c2ccccc2)[C@@H](OCc2ccccc2)[C@@H]1O[C@H]1O[C@H](COCc2ccc3ccccc3c2)[C@@H](OC(=O)CCl)[C@H](OCc2ccccc2)[C@H]1NC(=O)OCC(Cl)(Cl)Cl,COC(=O)[C@H]1O[C@@H](OCCCCCCNC(=O)OCc2ccccc2)[C@H](OC(=O)c2ccccc2)[C@@H](OCc2ccccc2)[C@@H]1O[C@H]1O[C@H](COCc2ccc3ccccc3c2)[C@@H](O)[C@H](OCc2ccccc2)[C@H]1NC(=O)OCC(Cl)(Cl)Cl,COC(=O)[C@H]1O[C@@H](OCCCCCCNC(=O)OCc2ccccc2)[C@H](OC(=O)c2ccccc2)[C@@H](OCc2ccccc2)[C@@H]1O[C@H]1O[C@H](COCc2ccc3ccccc3c2)[C@@H](OC(C)=O)[C@H](OCc2ccccc2)[C@H]1NC(=O)OCC(Cl)(Cl)Cl,thioglycoside,62,63,62,63
SG-8dbbe5771ec70998,8dbbe5771ec70998a1db76b61e6010c28c942337f4bff78626a3f86e1a634448,1492,31-614-CAS-36830124,1492,31-614-CAS-36830124,1,O=C(CCl)O[C@@H]1[C@@H](OC(=O)c2ccccc2)[C@@H]2O[C@H](c3ccccc3)OC[C@H]2O[C@H]1Sc1ccccc1,CC(=O)OC[C@H]1O[C@@H](O[C@H]2[C@H](O)[C@@H](COCc3ccccc3)O[C@H](OCCNC(=O)OCc3ccccc3)[C@@H]2N=[N+]=[N-])[C@H](N2C(=O)c3ccccc3C2=O)[C@@H](OC(C)=O)[C@@H]1OC(C)=O,CC(=O)OC[C@H]1O[C@@H](O[C@@H]2[C@@H](N=[N+]=[N-])[C@@H](OCCNC(=O)OCc3ccccc3)O[C@H](COCc3ccccc3)[C@H]2OC(C)=O)[C@H](N2C(=O)c3ccccc3C2=O)[C@@H](OC(C)=O)[C@@H]1OC(C)=O,thioglycoside,10,11,40,41
SG-8dfee8c57228b8eb,8dfee8c57228b8ebaa777b8adfb373bedb47fc65d156afecaae02dadb8dc4412,111,31-010-CAS-6138226,111,31-010-CAS-6138226,1,CC(=O)OC[C@H]1O[C@@H](OC(=N)C(Cl)(Cl)Cl)[C@H](OC(C)=O)[C@@H](OC(C)=O)[C@H]1OC(C)=O,CC(C)(C)[Si](OC[C@H]1O[C@@H](OCCOCCOCCN=[N+]=[N-])[C@H](N2C(=O)c3ccccc3C2=O)[C@@H](O)[C@@H]1O)(c1ccccc1)c1ccccc1,CC(=O)O[C@H]1[C@H](O)[C@@H](N2C(=O)c3ccccc3C2=O)[C@H](OCCOCCOCCN=[N+]=[N-])O[C@@H]1CO[Si](c1ccccc1)(c1ccccc1)C(C)(C)C,trichloroacetimidate,36,37,4,3
SG-8e7c8824c1ce571b,8e7c8824c1ce571b8389df29a087de2403c6dc43ec31dbc3ced35abbf949cb15,206,31-010-CAS-14206798,206,31-010-CAS-14206798,1,CC(=O)OC[C@H]1O[C@H](OC(=N)C(Cl)(Cl)Cl)[C@H](OC(C)=O)[C@@H](OC(=O)CCl)[C@H]1OC(C)=O,CC(=O)N[C@H]1[C@H](OCCCCCCN=[N+]=[N-])O[C@H](COCc2ccccc2)[C@@H](O)[C@@H]1OC(=O)CCl,CC(=O)N[C@H]1[C@H](OCCCCCCN=[N+]=[N-])O[C@H](COCc2ccccc2)[C@@H](OC(C)=O)[C@@H]1OC(=O)CCl,trichloroacetimidate,27,28,27,28
SG-8ec9fdcc1291c864,8ec9fdcc1291c864eb6d654e36daab9e1dc8c3d9b42b60c1f5bf4cd3cab6fa6f,75,31-010-CAS-1428434,75,31-010-CAS-1428434,1,CC(=O)OC[C@H]1O[C@H](OC(=N)C(Cl)(Cl)Cl)[C@H](OC(C)=O)[C@@H](OC(C)=O)[C@@H]1OC(C)=O,CO[C@@H]1O[C@H](COCc2ccccc2)[C@@H](O)[C@H](O[C@@H]2O[C@H](COC(C)=O)[C@@H](OC(C)=O)[C@H](OC(C)=O)[C@H]2OC(C)=O)[C@H]1NC(C)=O,CO[C@@H]1O[C@H](COCc2ccccc2)[C@@H](OC(C)=O)[C@H](O[C@@H]2O[C@H](COC(C)=O)[C@@H](OC(C)=O)[C@H](OC(C)=O)[C@H]2OC(C)=O)[C@H]1NC(C)=O,trichloroacetimidate,14,15,14,15
SG-8ed77071b67aa4a8,8ed77071b67aa4a80f908f08c20e29ef40a844a40cbbe8691ce0beb504c06ac3,393,31-010-CAS-7845848,393,31-010-CAS-7845848,1,COC(=O)[C@@]1(O[C@H]2[C@@H](OC(=O)c3ccccc3)[C@@H](COC(=O)c3ccccc3)O[C@@H](OC(=N)C(Cl)(Cl)Cl)[C@@H]2OC(=O)c2ccccc2)C[C@H](OC(C)=O)[C@@H](NC(=O)COC(C)=O)[C@H]([C@H](OC(C)=O)[C@@H](COC(C)=O)OC(C)=O)O1,CCCCCCCCCCCC(=O)N[C@H]1[C@H](O[C@H]2[C@@H](OCc3ccccc3)[C@@H](COCc3ccccc3)O[C@@H](O[C@H]3[C@H](OCc4ccccc4)[C@@H](OCc4ccccc4)[C@H](OCC[Si](C)(C)C)O[C@@H]3COCc3ccccc3)[C@@H]2OCc2ccccc2)O[C@H](COCc2ccccc2)[C@@H](O)[C@@H]1OCc1ccccc1,CCCCCCCCCCCC(=O)N[C@H]1[C@H](O[C@H]2[C@@H](OCc3ccccc3)[C@@H](COCc3ccccc3)O[C@@H](O[C@H]3[C@H](OCc4ccccc4)[C@@H](OCc4ccccc4)[C@H](OCC[Si](C)(C)C)O[C@@H]3COCc3ccccc3)[C@@H]2OCc2ccccc2)O[C@H](COCc2ccccc2)[C@@H](OC(C)=O)[C@@H]1OCc1ccccc1,trichloroacetimidate,98,99,98,99
SG-8f01728e99e56692,8f01728e99e5669228551465550e22a7d2cea00323db40acfe7cd4f3c690438e,297,31-010-CAS-13300982,297,31-010-CAS-13300982,1,CC(=O)OC[C@H]1O[C@H](OC(=N)C(Cl)(Cl)Cl)[C@H](OC(C)=O)[C@@H](F)[C@H]1OC(C)=O,CC(=O)O[C@H]1[C@H](O)[C@@H](COCc2ccc3ccccc3c2)O[C@@H](Sc2ccccc2)[C@@H]1N1C(=O)c2ccccc2C1=O,CC(=O)O[C@H]1[C@H](OC(C)=O)[C@@H](COCc2ccc3ccccc3c2)O[C@@H](Sc2ccccc2)[C@@H]1N1C(=O)c2ccccc2C1=O,trichloroacetimidate,5,6,5,6
SG-8f3193bd64c4096f,8f3193bd64c4096f1faf574e4f57a694a6a1c681e2c039e48381389d7dcb3d8e,595,31-010-CAS-19947216,595,31-010-CAS-19947216,1,CC(=O)CCC(=O)O[C@H]1C(OC(=Nc2ccccc2)C(F)(F)F)O[C@@H]2COC(c3ccccc3)O[C@H]2[C@@H]1OC(C)=O,C=CCO[C@@H]1O[C@H](COCc2ccccc2)[C@@H](O)[C@H](OC(C)=O)[C@H]1NC(=O)C(Cl)(Cl)Cl,C=CCO[C@@H]1O[C@H](COCc2ccccc2)[C@@H](OC(C)=O)[C@H](OC(C)=O)[C@H]1NC(=O)C(Cl)(Cl)Cl,trifluoroacetimidate,16,17,16,17
SG-8f54b41e5485253a,8f54b41e5485253abecbaba8cac9240d703422b41e3d806416e653de64f894f7,332,31-010-CAS-21359684,332;333,31-010-CAS-21359684;31-010-CAS-680407,2,COC(=O)[C@H]1OC(OC(=N)C(Cl)(Cl)Cl)[C@H](OC(=O)c2ccccc2)[C@@H](OCc2ccccc2)[C@@H]1O[C@H]1O[C@H](COC(=O)c2ccccc2)[C@@H](OCc2ccccc2)[C@H](OCc2ccccc2)[C@H]1N=[N+]=[N-],COc1ccc(OC[C@H]2O[C@@H](O[Si](c3ccccc3)(c3ccccc3)C(C)(C)C)[C@H](N=[N+]=[N-])[C@@H](OC(=O)c3ccccc3)[C@@H]2O)cc1,COc1ccc(OC[C@H]2O[C@@H](O[Si](c3ccccc3)(c3ccccc3)C(C)(C)C)[C@H](N=[N+]=[N-])[C@@H](OC(=O)c3ccccc3)[C@@H]2OC(C)=O)cc1,trichloroacetimidate,43,44,43,44
SG-8fd32a7f79c76d77,8fd32a7f79c76d77b60da8442039f561e202313d44839c624a866f7e5d19738d,1400,31-013-CAS-13235576,1400,31-013-CAS-13235576,1,COC(=O)[C@]1(C)OC[C@H]2O[C@@H](Sc3ccccc3)[C@H](OC(=O)c3ccccc3)[C@@H](OC(=O)c3ccccc3)[C@H]2O1,COc1ccc(O[C@@H]2O[C@H](COCc3ccccc3)[C@H](O)[C@H](OCc3ccccc3)[C@H]2N2C(=O)c3ccccc3C2=O)cc1,COc1ccc(O[C@@H]2O[C@H](COCc3ccccc3)[C@H](OC(C)=O)[C@H](OCc3ccccc3)[C@H]2N2C(=O)c3ccccc3C2=O)cc1,thioglycoside,19,20,19,20
SG-8fe4c1ea4aa20059,8fe4c1ea4aa200592494788f4c6b929349d9b0e86f623b4ff332bbd7442a16d6,1270,31-013-CAS-9351524,1270,31-013-CAS-9351524,1,C=CCO[C@@H]1[C@H](OCc2ccccc2)[C@@H](Sc2ccccc2)O[C@@H]2CO[C@@H](c3ccccc3)O[C@@H]12,COc1ccc(O[C@@H]2O[C@H](COCc3ccccc3)[C@@H](O)[C@H](OCc3ccccc3)[C@H]2N2C(=O)c3ccccc3C2=O)cc1,COc1ccc(O[C@@H]2O[C@H](COCc3ccccc3)[C@@H](OC(C)=O)[C@H](OCc3ccccc3)[C@H]2N2C(=O)c3ccccc3C2=O)cc1,thioglycoside,19,20,19,20
SG-8fe9f2d791d252d4,8fe9f2d791d252d47a3042e3908de6f62e4edab568fc31def65fee30c2f14d19,69,31-010-CAS-5721367,69;70,31-010-CAS-5721367;31-010-CAS-12108315,2,CC(=O)O[C@H]1[C@@H]2O[C@H](c3ccccc3)OC[C@H]2O[C@@H](OC(=N)C(Cl)(Cl)Cl)[C@@H]1N1C(=O)c2ccccc2C1=O,COc1ccc(O[C@@H]2O[C@H](COCc3ccccc3)[C@@H](O)[C@H](OC(C)=O)[C@H]2N2C(=O)c3ccccc3C2=O)cc1,COc1ccc(O[C@@H]2O[C@H](COCc3ccccc3)[C@@H](OC(C)=O)[C@H](OC(C)=O)[C@H]2N2C(=O)c3ccccc3C2=O)cc1,trichloroacetimidate,19,20,19,20
SG-8ff0bc5df353cad9,8ff0bc5df353cad93f0073e30a3e5f2a783fefbe8328527901eb0c583bd4900f,747,31-013-CAS-15856712,747,31-013-CAS-15856712,1,COC(=O)[C@@H]1O[C@H](Sc2ccccc2)[C@H](OC(=O)c2ccccc2)[C@@H](OCc2ccccc2)[C@@H]1O[C@H]1O[C@H](COCc2ccccc2)[C@@H](OCc2ccc(OC)cc2)[C@H](OCc2ccccc2)[C@H]1N=[N+]=[N-],COC(=O)[C@@H]1O[C@@H](OC)[C@H](OC(=O)c2ccccc2)[C@@H](OCc2ccccc2)[C@@H]1O[C@H]1O[C@H](COC(C)=O)[C@@H](O)[C@H](OCc2ccccc2)[C@H]1N=[N+]=[N-],COC(=O)[C@@H]1O[C@@H](OC)[C@H](OC(=O)c2ccccc2)[C@@H](OCc2ccccc2)[C@@H]1O[C@H]1O[C@H](COC(C)=O)[C@@H](OC(C)=O)[C@H](OCc2ccccc2)[C@H]1N=[N+]=[N-],thioglycoside,38,39,38,39
SG-90052a357e5a5ed4,90052a357e5a5ed4fe926a340b71e874dd7c5693802d58b92161148c6f010a0e,99,31-010-CAS-4589970,99,31-010-CAS-4589970,1,CC(=O)O[C@H]1[C@@H](OC(=N)C(Cl)(Cl)Cl)O[C@H](COCc2ccccc2)[C@H](OCc2ccccc2)[C@@H]1OCc1ccccc1,CCS[C@@H]1O[C@H](COCc2ccccc2)[C@@H](O)[C@H](OC(C)=O)[C@H]1N1C(=O)c2ccccc2C1=O,CCS[C@@H]1O[C@H](COCc2ccccc2)[C@@H](OC(C)=O)[C@H](OC(C)=O)[C@H]1N1C(=O)c2ccccc2C1=O,trichloroacetimidate,15,16,15,16
SG-903eed314ea4e915,903eed314ea4e91589e5edd6fc638da26fbfd5b2331d2536b2f1484548bcac4d,742,31-013-CAS-7579377,742,31-013-CAS-7579377,1,CCS[C@@H]1O[C@H](COCc2ccccc2)[C@@H](OCc2ccc(OC)cc2)[C@H](OCc2ccccc2)[C@H]1OC(C)=O,C=CCO[C@@H]1O[C@H](CO[Si](c2ccccc2)(c2ccccc2)C(C)(C)C)[C@@H](O)[C@H](OCc2ccccc2)[C@H]1N=[N+]=[N-],C=CCO[C@@H]1O[C@H](CO[Si](c2ccccc2)(c2ccccc2)C(C)(C)C)[C@@H](OC(C)=O)[C@H](OCc2ccccc2)[C@H]1N=[N+]=[N-],thioglycoside,26,27,26,27
SG-9065759ea3fd629e,9065759ea3fd629e1442a8a967e1e616ebb0cabe635b459e037ad7b9da935f54,1043,31-013-CAS-19733121,1043,31-013-CAS-19733121,1,CC(=O)CCC(=O)OC[C@@H]1O[C@@H](Sc2ccc(C)cc2)[C@H](OC(=O)c2ccccc2)[C@@H](OCc2ccccc2)[C@@H]1O[C@H]1O[C@H](COC(C)=O)[C@@H](OCc2ccccc2)[C@H](OCc2ccccc2)[C@H]1N=[N+]=[N-],CC(=O)CCC(=O)OC[C@@H]1O[C@@H](OCCCN(Cc2ccccc2)C(=O)OCc2ccccc2)[C@H](OC(=O)c2ccccc2)[C@@H](OCc2ccccc2)[C@@H]1O[C@H]1O[C@H](COC(C)=O)[C@@H](O)[C@H](OCc2ccccc2)[C@H]1N=[N+]=[N-],CC(=O)CCC(=O)OC[C@@H]1O[C@@H](OCCCN(Cc2ccccc2)C(=O)OCc2ccccc2)[C@H](OC(=O)c2ccccc2)[C@@H](OCc2ccccc2)[C@@H]1O[C@H]1O[C@H](COC(C)=O)[C@@H](OC(C)=O)[C@H](OCc2ccccc2)[C@H]1N=[N+]=[N-],thioglycoside,63,64,63,64
SG-907d83a42abf1dd4,907d83a42abf1dd42cde0c374a609b0eab50fc5f726f9fa68c5723b70db6985b,554,31-010-CAS-11738308,554,31-010-CAS-11738308,1,CC(C)(C)[Si](C)(C)OC[C@H]1O[C@H](O[C@@H]2[C@@H](OC[C@H]3O[C@H](OC(=N)C(Cl)(Cl)Cl)[C@@H](OC(=O)c4ccccc4)[C@@H](OC(=O)c4ccccc4)[C@@H]3OC(=O)c3ccccc3)O[C@H](COC(=O)c3ccccc3)[C@@H](OC(=O)c3ccccc3)[C@@H]2OC(=O)c2ccccc2)[C@@H](O[C@H]2O[C@H](COC(=O)c3ccccc3)[C@@H](OC(=O)c3ccccc3)[C@H](OC(=O)c3ccccc3)[C@@H]2OC(=O)c2ccccc2)[C@@H](OC(=O)c2ccccc2)[C@@H]1OC(=O)c1ccccc1,CC[Si](CC)(CC)OC[C@H]1O[C@H](O[C@@H]2[C@H]3OC4(CCCCC4)O[C@@H]3[C@H]3OC4(CCCCC4)O[C@H]3[C@H]2O[Si](C)(C)C(C)(C)C)[C@H](N=[N+]=[N-])[C@@H](OCOCC[Si](C)(C)C)[C@@H]1O,CC[Si](CC)(CC)OC[C@H]1O[C@H](O[C@@H]2[C@H]3OC4(CCCCC4)O[C@@H]3[C@H]3OC4(CCCCC4)O[C@H]3[C@H]2O[Si](C)(C)C(C)(C)C)[C@H](N=[N+]=[N-])[C@@H](OCOCC[Si](C)(C)C)[C@@H]1OC(C)=O,trichloroacetimidate,57,58,57,58
SG-90852a34c3ec3f60,90852a34c3ec3f6073a0470e2103d612a23db7f76b075bf9cc742c9c59fa8418,1298,31-013-CAS-13457439,1298,31-013-CAS-13457439,1,CC(=O)OC[C@H]1O[C@@H](Sc2ccc(C)cc2)[C@H](OC(C)=O)[C@@H](OC(C)=O)[C@H]1OC(C)=O,[N-]=[N+]=NCCCCCO[C@@H]1O[C@H](COCc2ccccc2)[C@@H](O)[C@H](OCc2ccccc2)[C@H]1N1C(=O)c2ccccc2C1=O,CC(=O)O[C@H]1[C@H](OCc2ccccc2)[C@@H](N2C(=O)c3ccccc3C2=O)[C@H](OCCCCCN=[N+]=[N-])O[C@@H]1COCc1ccccc1,thioglycoside,21,22,4,3
SG-9088f615fdfd73df,9088f615fdfd73df42a665b2c5da66950e97e814d69b301161b2b372578e922c,1397,31-614-CAS-39654500,1397,31-614-CAS-39654500,1,Cc1ccc(S[C@@H]2O[C@H](CO[Si](c3ccccc3)(c3ccccc3)C(C)(C)C)[C@@H](O[C@H]3O[C@H](COC(=O)OCC4c5ccccc5-c5ccccc54)[C@@H](O[Si](C)(C)C(C)(C)C)[C@H](OCc4ccccc4)[C@H]3N=[N+]=[N-])[C@H](OCc3ccccc3)[C@H]2OC(=O)OCC2c3ccccc3-c3ccccc32)cc1,C=CCO[C@@H]1O[C@@H](CO[Si](c2ccccc2)(c2ccccc2)C(C)(C)C)[C@@H](O[C@H]2O[C@H](COCc3ccc4ccccc4c3)[C@@H](O)[C@H](OCc3ccccc3)[C@H]2NC(=O)C(F)(F)F)[C@H](OCc2ccccc2)[C@H]1OC(=O)CCC(C)=O,C=CCO[C@@H]1O[C@@H](CO[Si](c2ccccc2)(c2ccccc2)C(C)(C)C)[C@@H](O[C@H]2O[C@H](COCc3ccc4ccccc4c3)[C@@H](OC(C)=O)[C@H](OCc3ccccc3)[C@H]2NC(=O)C(F)(F)F)[C@H](OCc2ccccc2)[C@H]1OC(=O)CCC(C)=O,thioglycoside,44,45,44,45
SG-910866e751c336a8,910866e751c336a83c1ef5ce244288e5fff5fe679e163ac2d63108dd27bafd99,678,31-013-CAS-1517023,678,31-013-CAS-1517023,1,CCS[C@H]1O[C@H](C)[C@@H](N=[N+]=[N-])[C@H](OCc2ccccc2)[C@@H]1O[C@H]1O[C@H](C)[C@@H](N=[N+]=[N-])[C@H](OCc2ccccc2)[C@@H]1OC(C)=O,COC(=O)CCCCCO[C@H]1O[C@H](C)[C@@H](N=[N+]=[N-])[C@H](OCc2ccccc2)[C@@H]1O[C@H]1O[C@H](C)[C@@H](N=[N+]=[N-])[C@H](OCc2ccccc2)[C@@H]1O,COC(=O)CCCCCO[C@H]1O[C@H](C)[C@@H](N=[N+]=[N-])[C@H](OCc2ccccc2)[C@@H]1O[C@H]1O[C@H](C)[C@@H](N=[N+]=[N-])[C@H](OCc2ccccc2)[C@@H]1OC(C)=O,thioglycoside,46,47,46,47
SG-91110506277d142b,91110506277d142baddbe38fe8dfbad5a4f7ca3644b548378e4219c57a39afa1,606,31-010-CAS-16794672,606,31-010-CAS-16794672,1,COc1ccc(CO[C@@H]2C(OC(=Nc3ccccc3)C(F)(F)F)O[C@@H](C)[C@@H](OC(C)=O)[C@H]2OC(C)=O)cc1,C=CCO[C@H]1[C@@H](OCc2ccccc2)[C@@H](COCc2ccccc2)O[C@@H](O[C@H]2[C@H](O)[C@@H](COCc3ccccc3)O[C@@H](O[Si](c3ccccc3)(c3ccccc3)C(C)(C)C)[C@@H]2NC(=O)C(Cl)(Cl)Cl)[C@@H]1OCc1ccccc1,C=CCO[C@H]1[C@@H](OCc2ccccc2)[C@@H](COCc2ccccc2)O[C@@H](O[C@@H]2[C@@H](NC(=O)C(Cl)(Cl)Cl)[C@H](O[Si](c3ccccc3)(c3ccccc3)C(C)(C)C)O[C@H](COCc3ccccc3)[C@H]2OC(C)=O)[C@@H]1OCc1ccccc1,trifluoroacetimidate,28,29,66,67
SG-9147612c225e35b5,9147612c225e35b522c3d34393eca02289dd992f3bb067b3833e5c1890b3b0d2,372,31-010-CAS-21359672,372;373,31-010-CAS-21359672;31-010-CAS-14406507,2,COC(=O)[C@H]1OC(OC(=N)C(Cl)(Cl)Cl)[C@H](OC(=O)c2ccccc2)[C@@H](OCc2ccccc2)[C@@H]1O[C@H]1O[C@H](COC(=O)c2ccccc2)[C@@H](OCc2ccccc2)[C@H](OCc2ccccc2)[C@H]1NC=C1C(=O)N(C)C(=O)N(C)C1=O,COc1ccc(OC[C@H]2O[C@@H](O[Si](c3ccccc3)(c3ccccc3)C(C)(C)C)[C@H](N=[N+]=[N-])[C@@H](OC(=O)c3ccccc3)[C@@H]2O)cc1,COc1ccc(OC[C@H]2O[C@@H](O[Si](c3ccccc3)(c3ccccc3)C(C)(C)C)[C@H](N=[N+]=[N-])[C@@H](OC(=O)c3ccccc3)[C@@H]2OC(C)=O)cc1,trichloroacetimidate,43,44,43,44
SG-9169c03c0d0afa22,9169c03c0d0afa2227b962c94d973d4676d16c52ee087eb888d08553b2f11429,515,31-010-CAS-878517,515,31-010-CAS-878517,1,CC(C)(C)[Si](C)(C)O[C@@H]1[C@H](OCc2ccccc2)[C@H](O[C@H]2[C@H](OCc3ccccc3)[C@@H](N=[N+]=[N-])[C@@H](OC(=N)C(Cl)(Cl)Cl)O[C@@H]2COCc2ccccc2)O[C@@H]2CO[C@@H](c3ccccc3)O[C@@H]12,C=CCCCO[C@@H]1O[C@H](COCc2ccccc2)[C@@H](O)[C@H](OCc2ccccc2)[C@H]1N=[N+]=[N-],C=CCCCO[C@@H]1O[C@H](COCc2ccccc2)[C@@H](OC(C)=O)[C@H](OCc2ccccc2)[C@H]1N=[N+]=[N-],trichloroacetimidate,18,19,18,19
SG-91837f87ba1566c3,91837f87ba1566c3cc79545f0192b7f25fd89d089c263332a214811df2e80d82,794,31-013-CAS-3407711,794;795,31-013-CAS-3407711;31-013-CAS-15280740,2,CCSC1O[C@H]2CO[C@H](c3ccccc3)O[C@H]2[C@H](OCc2ccccc2)[C@H]1OC(=O)CCC(C)=O,CC(=O)OC[C@H]1O[C@@H](O[Si](C)(C)C(C)(C)C(C)C)[C@H](N=[N+]=[N-])[C@@H](OCc2ccccc2)[C@@H]1O,CC(=O)OC[C@H]1O[C@@H](O[Si](C)(C)C(C)(C)C(C)C)[C@H](N=[N+]=[N-])[C@@H](OCc2ccccc2)[C@@H]1OC(C)=O,thioglycoside,31,32,31,32
SG-91a220cb95be47db,91a220cb95be47dbb15b6b95815f2a8e6e174b4842fb5339a3a04ed81a12a7f2,186,31-010-CAS-11796742,186,31-010-CAS-11796742,1,COC(=O)[C@@H]1OC(OC(=N)C(Cl)(Cl)Cl)[C@H](OC(=O)c2ccccc2)[C@@H](OCc2ccccc2)[C@@H]1OCc1ccccc1,COC(=O)[C@@H]1O[C@@H](O[C@H]2[C@H](OCc3ccccc3)[C@@H](NC(C)=O)[C@@H](OC(C)C)O[C@@H]2COC(=O)c2ccccc2)[C@H](OC(=O)C(C)(C)C)[C@@H](OCc2ccccc2)[C@@H]1O[C@H]1O[C@H](COCc2ccccc2)[C@@H](O[C@@H]2O[C@@H](C(=O)OC)[C@@H](O[C@H]3O[C@H](COC(=O)c4ccccc4)[C@@H](O)[C@H](OCc4ccccc4)[C@H]3N=[N+]=[N-])[C@H](OCc3ccccc3)[C@H]2OCc2ccccc2)[C@H](OCc2ccccc2)[C@H]1N=[N+]=[N-],COC(=O)[C@@H]1O[C@@H](O[C@H]2[C@H](OCc3ccccc3)[C@@H](N=[N+]=[N-])[C@@H](O[C@H]3[C@H](OCc4ccccc4)[C@@H](OC(=O)C(C)(C)C)[C@H](O[C@H]4[C@H](OCc5ccccc5)[C@@H](NC(C)=O)[C@@H](OC(C)C)O[C@@H]4COC(=O)c4ccccc4)O[C@H]3C(=O)OC)O[C@@H]2COCc2ccccc2)[C@H](OCc2ccccc2)[C@@H](OCc2ccccc2)[C@@H]1O[C@H]1O[C@H](COC(=O)c2ccccc2)[C@@H](OC(C)=O)[C@H](OCc2ccccc2)[C@H]1N=[N+]=[N-],trichloroacetimidate,95,96,126,127
SG-91fc98bb947c7ce1,91fc98bb947c7ce1f9cf22fb02f67545f1b285d2743c2388915c5644ba604c08,1320,31-013-CAS-12262753,1320,31-013-CAS-12262753,1,CCS[C@@H]1O[C@H](C)[C@H](OC(C)=O)[C@H](OC(C)=O)[C@H]1OC(C)=O,CCCCCCCCO[C@H]1O[C@H](COCc2ccccc2)[C@@H](OCc2ccccc2)[C@H](OCc2ccccc2)[C@@H]1O[C@@H]1O[C@H](COCc2ccccc2)[C@@H](O)[C@H](OCc2ccccc2)[C@H]1N1C(=O)c2ccccc2C1=O,CCCCCCCCO[C@H]1O[C@H](COCc2ccccc2)[C@@H](OCc2ccccc2)[C@H](OCc2ccccc2)[C@@H]1O[C@@H]1O[C@H](COCc2ccccc2)[C@@H](OC(C)=O)[C@H](OCc2ccccc2)[C@H]1N1C(=O)c2ccccc2C1=O,thioglycoside,53,54,53,54
SG-92bfe3ab3bb7635c,92bfe3ab3bb7635c8cf16d1ad482ae98bb4a3903ac10daaefdecd8d0ea542fa5,1095,31-013-CAS-12570705,1095,31-013-CAS-12570705,1,CCS[C@@H]1O[C@@H]2CO[C@@H](c3ccccc3)O[C@H]2[C@H](OCc2ccccc2)[C@H]1OCc1ccccc1,CO[C@H]1O[C@H](COCc2ccccc2)[C@@H](O)[C@@H]2OC(=O)N(C(C)=O)[C@@H]12,CO[C@H]1O[C@H](COCc2ccccc2)[C@@H](OC(C)=O)[C@@H]2OC(=O)N(C(C)=O)[C@@H]12,thioglycoside,14,15,14,15
SG-936827e7b8c2c3db,936827e7b8c2c3db7733251770bacacd7b4145e78e888a4f1048393dd7e6f1e2,1015,31-013-CAS-9533892,1015,31-013-CAS-9533892,1,COC(=O)[C@H]1O[C@@H](Sc2ccccc2)[C@H](OCc2ccccc2)[C@@H](OCc2ccccc2)[C@@H]1OCc1ccccc1,COc1ccc(O[C@@H]2O[C@H](COCc3ccccc3)[C@@H](O)[C@@H]3OC(=O)N[C@@H]23)cc1,COc1ccc(O[C@@H]2O[C@H](COCc3ccccc3)[C@@H](OC(C)=O)[C@@H]3OC(=O)N[C@@H]23)cc1,thioglycoside,19,20,19,20
SG-938edd2b40e6542b,938edd2b40e6542ba0df90f91362cab6b7f1bfeab077f42bf1417e8a3317f8df,129,31-010-CAS-4045835,129,31-010-CAS-4045835,1,CC(=O)O[C@H]1[C@@H](OC(C)=O)[C@@H](COCc2ccccc2)O[C@H](OC(=N)C(Cl)(Cl)Cl)[C@@H]1OC(C)=O,C[C@@H]1O[C@@H](O[C@H]2[C@H](O)[C@@H](COCc3ccccc3)O[C@@H](O[Si](c3ccccc3)(c3ccccc3)C(C)(C)C)[C@@H]2NC(=O)OCC(Cl)(Cl)Cl)[C@@H](OCc2ccccc2)[C@H](OCc2ccccc2)[C@@H]1OCc1ccccc1,CC(=O)O[C@H]1[C@H](O[C@@H]2O[C@@H](C)[C@@H](OCc3ccccc3)[C@@H](OCc3ccccc3)[C@@H]2OCc2ccccc2)[C@@H](NC(=O)OCC(Cl)(Cl)Cl)[C@H](O[Si](c2ccccc2)(c2ccccc2)C(C)(C)C)O[C@@H]1COCc1ccccc1,trichloroacetimidate,6,7,4,3
SG-939703a8355770d1,939703a8355770d1780be29b0cbb5d2cdee9599c00557dc5b12f23bee60b46d8,727,31-013-CAS-19403832,727;728,31-013-CAS-19403832;31-013-CAS-17243086,2,CCS[C@@H]1O[C@H](COCc2ccccc2)[C@@H](OCc2ccccc2)[C@H](OCc2ccccc2)[C@H]1OC(=O)CCC(C)=O,COc1ccc(CO[C@@H]2[C@H](O)[C@H](C)O[C@H](O[Si](C)(C)C(C)(C)C(C)C)[C@H]2N=[N+]=[N-])cc1,COc1ccc(CO[C@H]2[C@H](N=[N+]=[N-])[C@@H](O[Si](C)(C)C(C)(C)C(C)C)O[C@@H](C)[C@H]2OC(C)=O)cc1,thioglycoside,9,10,27,28
SG-93caf41915ad7dd2,93caf41915ad7dd2e23645c67b3388c8c6d3842c68d4d698d48b581e482227ed,1183,31-013-CAS-21359612,1183;1184,31-013-CAS-21359612;31-013-CAS-11618646,2,COc1ccc(COC[C@@H]2O[C@H](Sc3ccc(C)cc3)[C@H](OC(=O)c3ccccc3)[C@@H](OCc3ccccc3)[C@@H]2OC(=O)CCC(C)=O)cc1,CO[C@H]1O[C@H](COC(=O)c2ccccc2)[C@@H](O)[C@H](OCc2ccccc2)[C@H]1NC=C1C(=O)N(C)C(=O)N(C)C1=O,CO[C@H]1O[C@H](COC(=O)c2ccccc2)[C@@H](OC(C)=O)[C@H](OCc2ccccc2)[C@H]1NC=C1C(=O)N(C)C(=O)N(C)C1=O,thioglycoside,15,16,15,16
SG-944368960659f20a,944368960659f20a56bca2178f19533f5fde62686eb9679e1d1b91cc9953b32d,182,31-010-CAS-5847678,182,31-010-CAS-5847678,1,CC(=O)OC[C@H]1O[C@H](OC(=N)C(Cl)(Cl)Cl)[C@H](OC(=O)c2ccccc2)[C@@H](OC(=O)c2ccccc2)[C@H]1Cl,COC(=O)CCCCCCCCO[C@@H]1O[C@H](COCc2ccccc2)[C@@H](O)[C@H](O[C@@H]2O[C@@H](C)[C@@H](OCc3ccccc3)[C@@H](OCc3ccccc3)[C@@H]2OCc2ccccc2)[C@H]1NC(C)=O,COC(=O)CCCCCCCCO[C@@H]1O[C@H](COCc2ccccc2)[C@@H](OC(C)=O)[C@H](O[C@@H]2O[C@@H](C)[C@@H](OCc3ccccc3)[C@@H](OCc3ccccc3)[C@@H]2OCc2ccccc2)[C@H]1NC(C)=O,trichloroacetimidate,25,26,25,26
SG-946c88e7e99438c4,946c88e7e99438c44e71fb30c187f15a67a0780c5a7b4a1c622645c5c91d7e86,999,31-013-CAS-7388606,999,31-013-CAS-7388606,1,COC(=O)[C@H]1O[C@@H](Sc2ccccc2)[C@H](OC(C)=O)[C@@H](OC(C)=O)[C@@H]1OC(C)=O,COc1ccc(O[C@@H]2O[C@H](COCc3ccccc3)[C@@H](O)[C@@H]3OC(=O)N[C@@H]23)cc1,COc1ccc(O[C@@H]2O[C@H](COCc3ccccc3)[C@@H](OC(C)=O)[C@@H]3OC(=O)N[C@@H]23)cc1,thioglycoside,19,20,19,20
SG-9479c85f18549dba,9479c85f18549dba8b6add474ee5ae76f6dc02f631f2a4f47e744adec74e5241,276,31-010-CAS-1851980,276;290,31-010-CAS-1851980;31-010-CAS-19796358,2,CC(=O)O[C@H]1[C@@H](OC(C)=O)[C@@H](COCc2ccccc2)O[C@H](OC(=N)C(Cl)(Cl)Cl)[C@@H]1OC(C)=O,O=C1c2ccccc2C(=O)N1[C@@H]1[C@@H](O)[C@H](O)[C@@H](COCc2ccccc2)O[C@H]1Sc1ccccc1,CC(=O)O[C@H]1[C@H](O)[C@@H](N2C(=O)c3ccccc3C2=O)[C@H](Sc2ccccc2)O[C@@H]1COCc1ccccc1,trichloroacetimidate,14,15,4,3
SG-94943e7edfadcc95,94943e7edfadcc95307782c23888dc5c605565f50859a2aa386f04de6de5ddd7,512,31-010-CAS-3640705,512,31-010-CAS-3640705,1,COC(=O)[C@@]1(O[C@H]2[C@@H](OC(=O)c3ccccc3)[C@@H](COC(=O)c3ccccc3)O[C@H](OC(=N)C(Cl)(Cl)Cl)[C@@H]2OC(=O)c2ccccc2)C[C@H](OC(C)=O)[C@@H](NC(=O)C(F)(F)F)[C@H]([C@H](OC(C)=O)[C@@H](COC(C)=O)OC(C)=O)O1,COc1ccc(CO[C@H]2[C@H](O)[C@@H](COCc3ccccc3)O[C@@H](O[C@H]3[C@@H](OCc4ccccc4)[C@@H](COCc4ccccc4)O[C@@H](O[C@H]4[C@H](OCc5ccccc5)[C@@H](OCc5ccccc5)[C@H](OCC[Si](C)(C)C)O[C@@H]4COCc4ccccc4)[C@@H]3OCc3ccccc3)[C@@H]2NC(C)=O)cc1,COc1ccc(CO[C@@H]2[C@@H](NC(C)=O)[C@H](O[C@H]3[C@@H](OCc4ccccc4)[C@@H](COCc4ccccc4)O[C@@H](O[C@H]4[C@H](OCc5ccccc5)[C@@H](OCc5ccccc5)[C@H](OCC[Si](C)(C)C)O[C@@H]4COCc4ccccc4)[C@@H]3OCc3ccccc3)O[C@H](COCc3ccccc3)[C@H]2OC(C)=O)cc1,trichloroacetimidate,9,10,97,98
SG-94a6f915ed56d692,94a6f915ed56d69235e0f27983eb4be95685692613745eb7cd27a2b31087dd8c,921,31-013-CAS-7584459,921;922,31-013-CAS-7584459;31-013-CAS-1058357,2,Cc1ccc(S[C@@H]2O[C@H](COCc3ccccc3)[C@@H](O[C@H]3O[C@H](CO[Si](c4ccccc4)(c4ccccc4)C(C)(C)C)[C@@H](OCc4ccc5ccccc5c4)[C@H](OCc4ccc(Br)cc4)[C@H]3N=[N+]=[N-])[C@H](OCc3ccccc3)[C@H]2OC(=O)c2ccccc2)cc1,CC(=O)CCC(=O)O[C@H]1[C@H](O)[C@@H](CO[Si](c2ccccc2)(c2ccccc2)C(C)(C)C)O[C@H](O[C@H]2[C@H](OCc3ccccc3)[C@@H](OC(=O)CCC(C)=O)[C@H]3OC[C@@H]2O3)[C@@H]1N=[N+]=[N-],CC(=O)CCC(=O)O[C@@H]1[C@@H](N=[N+]=[N-])[C@@H](O[C@H]2[C@H](OCc3ccccc3)[C@@H](OC(=O)CCC(C)=O)[C@H]3OC[C@@H]2O3)O[C@H](CO[Si](c2ccccc2)(c2ccccc2)C(C)(C)C)[C@H]1OC(C)=O,thioglycoside,9,10,60,61
SG-94abc73d48dcefe4,94abc73d48dcefe4a775583d3a6e6f7ceda4f8dcd3fafa5454d978917da4c0ec,1066,31-013-CAS-19733123,1066,31-013-CAS-19733123,1,CC(=O)CCC(=O)OC[C@@H]1O[C@@H](Sc2ccc(C)cc2)[C@H](OC(=O)c2ccccc2)[C@@H](OCc2ccccc2)[C@@H]1O[C@H]1O[C@H](COC(C)=O)[C@@H](O[C@@H]2O[C@@H](COC(=O)CCC(C)=O)[C@@H](O[C@H]3O[C@H](COC(C)=O)[C@@H](OCc4ccccc4)[C@H](OCc4ccccc4)[C@H]3N=[N+]=[N-])[C@H](OCc3ccccc3)[C@H]2OC(=O)c2ccccc2)[C@H](OCc2ccccc2)[C@H]1N=[N+]=[N-],CC(=O)CCC(=O)OC[C@@H]1O[C@@H](OCCCN(Cc2ccccc2)C(=O)OCc2ccccc2)[C@H](OC(=O)c2ccccc2)[C@@H](OCc2ccccc2)[C@@H]1O[C@H]1O[C@H](COC(C)=O)[C@@H](O)[C@H](OCc2ccccc2)[C@H]1N=[N+]=[N-],CC(=O)CCC(=O)OC[C@@H]1O[C@@H](OCCCN(Cc2ccccc2)C(=O)OCc2ccccc2)[C@H](OC(=O)c2ccccc2)[C@@H](OCc2ccccc2)[C@@H]1O[C@H]1O[C@H](COC(C)=O)[C@@H](OC(C)=O)[C@H](OCc2ccccc2)[C@H]1N=[N+]=[N-],thioglycoside,63,64,63,64
SG-94acc9f34ddf3a9b,94acc9f34ddf3a9b4f8c41cb29c552cd4d8fbd293baa121d2304284e37afd72c,1275,31-614-CAS-39984457,1275,31-614-CAS-39984457,1,CCS[C@@H]1O[C@H](COC(C)=O)[C@@H](OC(C)=O)[C@H](OC(C)=O)[C@H]1OC(C)=O,COc1ccc(O[C@@H]2O[C@@H](C)[C@@H](OCc3ccccc3)[C@@H](O[C@H]3O[C@@H]4CO[C@@H](c5ccccc5)O[C@H]4[C@H](O[C@@H]4O[C@@H](C)[C@@H](OCc5ccccc5)[C@@H](O[C@@H]5O[C@H](COCc6ccccc6)[C@@H](O)[C@H](O)[C@H]5N5C(=O)c6ccccc6C5=O)[C@@H]4OCc4ccccc4)[C@H]3OCc3ccccc3)[C@@H]2OCc2ccccc2)cc1,COc1ccc(O[C@@H]2O[C@@H](C)[C@@H](OCc3ccccc3)[C@@H](O[C@H]3O[C@@H]4CO[C@@H](c5ccccc5)O[C@H]4[C@H](O[C@@H]4O[C@@H](C)[C@@H](OCc5ccccc5)[C@@H](O[C@@H]5O[C@H](COCc6ccccc6)[C@@H](OC(C)=O)[C@H](O)[C@H]5N5C(=O)c6ccccc6C5=O)[C@@H]4OCc4ccccc4)[C@H]3OCc3ccccc3)[C@@H]2OCc2ccccc2)cc1,thioglycoside,65,66,65,66
SG-94b648a010be4b25,94b648a010be4b25e5dafd0f5c8f7ff982bdde0b19bd20a57cb71a979be05b84,802,31-013-CAS-22938507,802,31-013-CAS-22938507,1,CCSC1O[C@@H]2CO[C@@H](c3ccccc3)O[C@H]2[C@H](OCc2ccccc2)[C@H]1OC(C)=O,CC(=O)CCC(=O)OC[C@H]1O[C@@H](O[Si](C)(C)C(C)(C)C(C)C)[C@H](N=[N+]=[N-])[C@@H](OCc2ccccc2)[C@@H]1O,CC(=O)CCC(=O)OC[C@H]1O[C@@H](O[Si](C)(C)C(C)(C)C(C)C)[C@H](N=[N+]=[N-])[C@@H](OCc2ccccc2)[C@@H]1OC(C)=O,thioglycoside,35,36,35,36
SG-94d61f2592c6a580,94d61f2592c6a58028c233a11d761056eced6c328fcddc97cc04ef36a138fb1a,1061,31-013-CAS-16587031,1061,31-013-CAS-16587031,1,CCS[C@H]1O[C@H](COCc2ccccc2)[C@@H](OCc2ccccc2)[C@H](OCc2ccccc2)[C@H]1OCc1ccccc1,C=CCO[C@H]1O[C@H](CO[Si](c2ccccc2)(c2ccccc2)C(C)(C)C)[C@@H](O[C@@H]2O[C@H](COCc3ccccc3)[C@H](O)[C@H](OCc3ccccc3)[C@H]2NC(=O)C(Cl)(Cl)Cl)[C@H](OCc2ccccc2)[C@@H]1OC(=O)CCC(C)=O,C=CCO[C@H]1O[C@H](CO[Si](c2ccccc2)(c2ccccc2)C(C)(C)C)[C@@H](O[C@@H]2O[C@H](COCc3ccccc3)[C@H](OC(C)=O)[C@H](OCc3ccccc3)[C@H]2NC(=O)C(Cl)(Cl)Cl)[C@H](OCc2ccccc2)[C@@H]1OC(=O)CCC(C)=O,thioglycoside,40,41,40,41
SG-94e4b0c097d9e606,94e4b0c097d9e60690c503729521127d126eb0904d78742c045e211c40ca16e4,1054,31-013-CAS-5407380,1054;1055,31-013-CAS-5407380;31-013-CAS-11908517,2,c1ccc(CO[C@H]2[C@@H](OCc3ccc4ccccc4c3)[C@@H]3O[C@H](c4ccccc4)OC[C@H]3O[C@@H]2Sc2ccccc2)cc1,CC(C)C(C)(C)[Si](C)(C)O[C@@H]1O[C@H](COCc2ccccc2)[C@@H](O)[C@H](OCc2ccccc2)[C@H]1NC(=O)OCC(Cl)(Cl)Cl,CC(=O)O[C@H]1[C@H](OCc2ccccc2)[C@@H](NC(=O)OCC(Cl)(Cl)Cl)[C@H](O[Si](C)(C)C(C)(C)C(C)C)O[C@@H]1COCc1ccccc1,thioglycoside,22,23,4,3
SG-94e9b6d596615b2e,94e9b6d596615b2eacd70b1fff5bda8331706ef10442471a44b369cefe910de7,252,31-010-CAS-2508626,252,31-010-CAS-2508626,1,CC(=O)OC[C@H]1O[C@@H](OC(=N)C(Cl)(Cl)Cl)[C@H](OC(C)=O)[C@@H](OC(C)=O)[C@H]1OC(C)=O,CCCCCCCCO[C@@H]1O[C@H](COCc2ccccc2)[C@@H](O)[C@H](O[C@@H]2O[C@@H](C)[C@@H](OCc3ccccc3)[C@@H](OCc3ccccc3)[C@@H]2OCc2ccccc2)[C@H]1NC(C)=O,CCCCCCCCO[C@@H]1O[C@H](COCc2ccccc2)[C@@H](OC(C)=O)[C@H](O[C@@H]2O[C@@H](C)[C@@H](OCc3ccccc3)[C@@H](OCc3ccccc3)[C@@H]2OCc2ccccc2)[C@H]1NC(C)=O,trichloroacetimidate,21,22,21,22
SG-9543f4b678199af0,9543f4b678199af04149676767d19a53081a45a1e986423867f0b84b0234a75c,109,31-010-CAS-1734712,109,31-010-CAS-1734712,1,CC(=O)O[C@H]1[C@@H](OC(=N)C(Cl)(Cl)Cl)O[C@H](COC(=O)c2ccccc2)[C@H](OC(=O)c2ccccc2)[C@@H]1OC(=O)c1ccccc1,CC(C)(C)[Si](C)(C)OC[C@H]1O[C@@H](OCCN=[N+]=[N-])[C@H](N2C(=O)c3ccccc3C2=O)[C@@H](OC(=O)c2ccccc2)[C@@H]1O,CC(=O)O[C@H]1[C@H](OC(=O)c2ccccc2)[C@@H](N2C(=O)c3ccccc3C2=O)[C@H](OCCN=[N+]=[N-])O[C@@H]1CO[Si](C)(C)C(C)(C)C,trichloroacetimidate,40,41,4,3
SG-955a763f8c540372,955a763f8c5403720c6d3581474192114a63840ce320efddf1518aa7156ce024,1248,31-013-CAS-3002515,1248,31-013-CAS-3002515,1,CC(=O)O[C@H]1[C@H](OCc2ccccc2)[C@H](N2C(=O)c3ccccc3C2=O)[C@@H](Sc2ccccc2)O[C@@H]1CN=[N+]=[N-],CO[C@H]1O[C@H](CN=[N+]=[N-])[C@@H](O[C@H]2O[C@H](CN=[N+]=[N-])[C@@H](O[C@H]3O[C@H](CN=[N+]=[N-])[C@@H](O[C@H]4O[C@H](CN=[N+]=[N-])[C@@H](O)[C@H](OCc5ccccc5)[C@@H]4N4C(=O)c5ccccc5C4=O)[C@H](OCc4ccccc4)[C@@H]3N3C(=O)c4ccccc4C3=O)[C@H](OCc3ccccc3)[C@@H]2N2C(=O)c3ccccc3C2=O)[C@H](OCc2ccccc2)[C@@H]1N1C(=O)c2ccccc2C1=O,CO[C@H]1O[C@H](CN=[N+]=[N-])[C@@H](O[C@H]2O[C@H](CN=[N+]=[N-])[C@@H](O[C@H]3O[C@H](CN=[N+]=[N-])[C@@H](O[C@H]4O[C@H](CN=[N+]=[N-])[C@@H](OC(C)=O)[C@H](OCc5ccccc5)[C@@H]4N4C(=O)c5ccccc5C4=O)[C@H](OCc4ccccc4)[C@@H]3N3C(=O)c4ccccc4C3=O)[C@H](OCc3ccccc3)[C@@H]2N2C(=O)c3ccccc3C2=O)[C@H](OCc2ccccc2)[C@@H]1N1C(=O)c2ccccc2C1=O,thioglycoside,36,37,36,37
SG-9577f66345e06239,9577f66345e062393902ad1bdb781cfa74fe7ba5030383e090e5126c28f82369,195,31-614-CAS-36199892,195,31-614-CAS-36199892,1,CC(=O)OC[C@H]1O[C@@H](OC(=N)C(Cl)(Cl)Cl)[C@H](OC(C)=O)[C@@H](OC(C)=O)[C@@H]1OC(C)=O,CC(=O)N[C@H]1[C@H](Oc2ccc([N+](=O)[O-])cc2)O[C@H](CO[Si](c2ccccc2)(c2ccccc2)C(C)(C)C)[C@@H](O)[C@@H]1O,CC(=O)N[C@H]1[C@H](Oc2ccc([N+](=O)[O-])cc2)O[C@H](CO[Si](c2ccccc2)(c2ccccc2)C(C)(C)C)[C@@H](OC(C)=O)[C@@H]1O,trichloroacetimidate,37,38,37,38
SG-95f522abcbe18031,95f522abcbe1803181dbdaa97d3088f0b602d00f4f19d1a033f990c973abb4ad,571,31-013-CAS-11093804,571,31-013-CAS-11093804,1,CC(=O)O[C@@H]1[C@@H](O[C@@H]2[C@@H](O[C@H]3[C@H](N=[N+]=[N-])[C@@H](C)OC(OC(=Nc4ccccc4)C(F)(F)F)[C@H]3OC(C)=O)O[C@H](C)[C@@H](N=[N+]=[N-])[C@@H]2OCc2ccccc2)O[C@H](C)[C@@H](N=[N+]=[N-])[C@@H]1OCc1ccccc1,COC(=O)CCCCCO[C@H]1O[C@H](C)[C@@H](N=[N+]=[N-])[C@H](OCc2ccccc2)[C@@H]1O[C@H]1O[C@H](C)[C@@H](N=[N+]=[N-])[C@H](OCc2ccccc2)[C@@H]1O,COC(=O)CCCCCO[C@H]1O[C@H](C)[C@@H](N=[N+]=[N-])[C@H](OCc2ccccc2)[C@@H]1O[C@H]1O[C@H](C)[C@@H](N=[N+]=[N-])[C@H](OCc2ccccc2)[C@@H]1OC(C)=O,trifluoroacetimidate,46,47,46,47
SG-9602fae9decef6e1,9602fae9decef6e165d279d31691b93f887078ac758bb99533d78eb881f86f72,900,31-614-CAS-35398222,900,31-614-CAS-35398222,1,CC(=O)OC[C@@H]1OC(Sc2ccc(C)cc2)[C@H](OC(=O)c2ccccc2)[C@@H](OCc2ccccc2)[C@@H]1O[C@H]1O[C@H](CO[Si](c2ccccc2)(c2ccccc2)C(C)(C)C)[C@@H](OCc2ccc3ccccc3c2)[C@H](OCc2ccc(Br)cc2)[C@H]1N=[N+]=[N-],CC(=O)OC[C@H]1O[C@@H](OC(C)=O)[C@H](OC(=O)c2ccccc2)[C@@H](OCc2ccccc2)[C@@H]1O[C@H]1O[C@H](CO[Si](c2ccccc2)(c2ccccc2)C(C)(C)C)[C@@H](O)[C@H](OCc2ccc(Br)cc2)[C@H]1N=[N+]=[N-],CC(=O)OC[C@H]1O[C@@H](OC(C)=O)[C@H](OC(=O)c2ccccc2)[C@@H](OCc2ccccc2)[C@@H]1O[C@H]1O[C@H](CO[Si](c2ccccc2)(c2ccccc2)C(C)(C)C)[C@@H](OC(C)=O)[C@H](OCc2ccc(Br)cc2)[C@H]1N=[N+]=[N-],thioglycoside,55,56,55,56
SG-9632ce6507c7e107,9632ce6507c7e10715c4f182c6987bca1a476bf0e3ff7b72d0928b52ee80c1a7,1147,31-013-CAS-14741869,1147,31-013-CAS-14741869,1,O=C1c2ccccc2C(=O)N1[C@@H]1[C@@H](OCc2ccccc2)C[C@@H](COCc2ccccc2)O[C@H]1Sc1ccccc1,O=C1c2ccccc2C(=O)N1[C@H]1[C@H](OCc2ccccc2)O[C@H](COCc2ccccc2)[C@@H](O)[C@@H]1OCc1ccccc1,CC(=O)O[C@H]1[C@H](OCc2ccccc2)[C@@H](N2C(=O)c3ccccc3C2=O)[C@H](OCc2ccccc2)O[C@@H]1COCc1ccccc1,thioglycoside,32,33,4,3
SG-969a6e1bc5345171,969a6e1bc5345171ba942951258659dbb7ee7202bbc83ccbd94eba548436c266,908,31-013-CAS-12760013,908,31-013-CAS-12760013,1,C=CCOC[C@H]1O[C@@H](SCC)[C@H](OCc2ccccc2)[C@@H](OCc2ccccc2)[C@H]1OCc1ccccc1,CC1(C)[C@H]2CC[C@]1(C)[C@]1(C2)O[C@@H]2[C@H](OCc3ccccc3)[C@@H](OCc3ccccc3)[C@H](OCc3ccccc3)[C@@H](O[C@H]3O[C@H](COCc4ccccc4)[C@@H](O)[C@H](OCc4ccccc4)[C@H]3N=[N+]=[N-])[C@@H]2O1,CC(=O)O[C@H]1[C@H](OCc2ccccc2)[C@@H](N=[N+]=[N-])[C@@H](O[C@@H]2[C@@H](OCc3ccccc3)[C@H](OCc3ccccc3)[C@@H](OCc3ccccc3)[C@H]3O[C@]4(C[C@@H]5CC[C@@]4(C)C5(C)C)O[C@@H]23)O[C@@H]1COCc1ccccc1,thioglycoside,53,54,4,3
SG-96a82f781e7929d3,96a82f781e7929d3889b36d3e733f93c233da45cf8917a90af95e8610faf6a78,243,31-010-CAS-13659910,243,31-010-CAS-13659910,1,CC(=O)O[C@@H]1[C@H](OC(=O)CCl)[C@@H](OC(C)=O)[C@@H](OC(=N)C(Cl)(Cl)Cl)O[C@@H]1CO[Si](c1ccccc1)(c1ccccc1)C(C)(C)C,CC(=O)N[C@H]1[C@H](OCCCCCCCl)O[C@H](COCc2ccccc2)[C@@H](O)[C@@H]1OC(=O)CCl,CC(=O)N[C@H]1[C@H](OCCCCCCCl)O[C@H](COCc2ccccc2)[C@@H](OC(C)=O)[C@@H]1OC(=O)CCl,trichloroacetimidate,25,26,25,26
SG-96af7783088bb486,96af7783088bb48627c945ee8d5490519faac714c83ba1bb2337bb779d237e47,1431,31-013-CAS-9139379,1431,31-013-CAS-9139379,1,COc1ccc(CO[C@H]2[C@@H](OC(=O)CCl)[C@@H](CN3C(=O)c4ccccc4C3=O)O[C@@H](Sc3ccccc3)[C@@H]2N2C(=O)c3ccccc3C2=O)cc1,COc1ccc(CO[C@H]2[C@@H](O)[C@@H](CN3C(=O)c4ccccc4C3=O)O[C@@H](OCCCBr)[C@@H]2N2C(=O)c3ccccc3C2=O)cc1,COc1ccc(CO[C@H]2[C@@H](OC(C)=O)[C@@H](CN3C(=O)c4ccccc4C3=O)O[C@@H](OCCCBr)[C@@H]2N2C(=O)c3ccccc3C2=O)cc1,thioglycoside,9,10,9,10
SG-96da81309f1a21c1,96da81309f1a21c187013113a356b7c647068f816f0cf7243eafda2e6d7fb19d,471,31-010-CAS-6859118,471,31-010-CAS-6859118,1,COc1ccc(CO[C@@H]2[C@@H](OC(=N)C(Cl)(Cl)Cl)O[C@H](CO[C@H]3O[C@H](COCc4ccccc4)[C@@H](OCc4ccccc4)[C@H](OCc4ccccc4)[C@@H]3O[C@H]3O[C@H](CO[Si](C)(C)C(C)(C)C)[C@@H](OCc4ccccc4)[C@H](OCc4ccccc4)[C@@H]3OCc3ccccc3)[C@@H](OCc3ccccc3)[C@@H]2OCc2ccccc2)cc1,CCCCCC/C=C\CCCCCCCC(=O)O[C@@H]1[C@H](OCc2ccccc2)[C@@H](OCc2ccccc2)[C@H](OCc2ccccc2)[C@@H](O[C@H]2O[C@H](COCc3ccccc3)[C@@H](O)[C@H](OCc3ccccc3)[C@H]2N=[N+]=[N-])[C@@H]1OP(=O)(OCCC#N)OC[C@@H](COCCCCCCCCCCCCCCCCCC)OC(=O)OCc1ccccc1,CCCCCC/C=C\CCCCCCCC(=O)O[C@@H]1[C@H](OCc2ccccc2)[C@@H](OCc2ccccc2)[C@H](OCc2ccccc2)[C@@H](O[C@H]2O[C@H](COCc3ccccc3)[C@@H](OC(C)=O)[C@H](OCc3ccccc3)[C@H]2N=[N+]=[N-])[C@@H]1OP(=O)(OCCC#N)OC[C@@H](COCCCCCCCCCCCCCCCCCC)OC(=O)OCc1ccccc1,trichloroacetimidate,60,61,60,61
SG-972027a490cf675d,972027a490cf675d063290035c02fe49a3d905d6d4a6ae3ea2b03f41d62c1b87,958,31-013-CAS-11583539,958,31-013-CAS-11583539,1,CCS[C@@H]1O[C@H](COC(=O)c2ccccc2)[C@H](OC(=O)c2ccccc2)[C@H](O[C@@H]2O[C@H](C(=O)OC)[C@@H](OC(=O)c3ccccc3)[C@H](OC(C)=O)[C@H]2OC(=O)c2ccccc2)[C@H]1OC(=O)c1ccccc1,COc1ccc(OC[C@H]2O[C@@H](OCCN=[N+]=[N-])[C@H](NC(C)=O)[C@@H](OCc3ccccc3)[C@@H]2O)cc1,COc1ccc(OC[C@H]2O[C@@H](OCCN=[N+]=[N-])[C@H](NC(C)=O)[C@@H](OCc3ccccc3)[C@@H]2OC(C)=O)cc1,thioglycoside,31,32,31,32
SG-973fa50a8e7df06a,973fa50a8e7df06a7e82642cdfdc721fd3820cf686a598a66a01f33f01b35c51,648,31-614-CAS-35275413,648,31-614-CAS-35275413,1,[N-]=[N+]=Nc1ccc(CO[C@@H]2[C@H](OCc3ccccc3)[C@H](O[C@H]3[C@H](OCc4ccccc4)[C@@H](NC(=O)OCC(Cl)(Cl)Cl)C(OC(=Nc4ccccc4)C(F)(F)F)O[C@@H]3COCc3ccccc3)O[C@@H]3CO[C@@H](c4ccccc4)O[C@@H]23)cc1Cl,C=CCOC(=O)[C@H](CC(=O)N[C@@H]1O[C@H](COCc2ccccc2)[C@@H](O)[C@H](OCc2ccccc2)[C@H]1NC(=O)OCC(Cl)(Cl)Cl)NC(=O)OCc1ccccc1,C=CCOC(=O)[C@H](CC(=O)N[C@@H]1O[C@H](COCc2ccccc2)[C@@H](OC(C)=O)[C@H](OCc2ccccc2)[C@H]1NC(=O)OCC(Cl)(Cl)Cl)NC(=O)OCc1ccccc1,trifluoroacetimidate,23,24,23,24
SG-97a0450712551464,97a0450712551464cdeeb451c7f70a9cbc77e42a40c061cd392c0e68852da48e,704,31-614-CAS-34701877,704,31-614-CAS-34701877,1,CC(=O)OC[C@H]1O[C@@H](Sc2ccccc2)[C@H](OC(C)=O)[C@@H](OC(C)=O)[C@H]1OC(C)=O,CO[C@@H]1O[C@H](COCc2ccccc2)[C@@H](O)[C@H](F)[C@H]1N=[N+]=[N-],CO[C@@H]1O[C@H](COCc2ccccc2)[C@@H](OC(C)=O)[C@H](F)[C@H]1N=[N+]=[N-],thioglycoside,14,15,14,15
SG-97c067e9c3fa4269,97c067e9c3fa42697b32e884957a03a52f307e185e71cd97843fc77946c5875e,894,31-013-CAS-13681362,894,31-013-CAS-13681362,1,CCS[C@H]1O[C@@H](C)[C@@H](OCc2ccccc2)[C@@H](OCc2ccccc2)[C@@H]1OCc1ccccc1,CO[C@@H]1O[C@H](COCc2ccccc2)[C@@H](O)[C@H](O[C@@H]2O[C@H](COC(C)=O)[C@H](OC(C)=O)[C@H](OC(C)=O)[C@H]2OC(C)=O)[C@H]1NC(C)=O,CO[C@@H]1O[C@H](COCc2ccccc2)[C@@H](OC(C)=O)[C@H](O[C@@H]2O[C@H](COC(C)=O)[C@H](OC(C)=O)[C@H](OC(C)=O)[C@H]2OC(C)=O)[C@H]1NC(C)=O,thioglycoside,14,15,14,15
SG-980b47c50bd9b955,980b47c50bd9b955e02a5459bb6ec3388d86f2147aa27d88d09ab67c41a0929d,1421,31-013-CAS-2382764,1421,31-013-CAS-2382764,1,COc1ccc([C@@H]2OC[C@H]3O[C@@H](Sc4cc(C(C)(C)C)ccc4C)[C@H](N4C(=O)c5ccccc5C4=O)[C@@H](OC(C)=O)[C@@H]3O2)cc1,CC(=O)O[C@H]1[C@H](O)[C@@H](CO[Si](c2ccccc2)(c2ccccc2)C(C)(C)C)O[C@@H](OCc2ccccc2)[C@@H]1N1C(=O)c2ccccc2C1=O,CC(=O)O[C@H]1[C@H](OC(C)=O)[C@@H](CO[Si](c2ccccc2)(c2ccccc2)C(C)(C)C)O[C@@H](OCc2ccccc2)[C@@H]1N1C(=O)c2ccccc2C1=O,thioglycoside,5,6,5,6
SG-9812e2c064705ea7,9812e2c064705ea7ab1e5ad3fef92d1c3803b4a2e5de69146a5a4b8f97e0fdc2,108,31-010-CAS-3891588,108,31-010-CAS-3891588,1,COC(=O)[C@H]1OC(OC(=N)C(Cl)(Cl)Cl)[C@H](OCc2ccccc2)[C@@H](OCc2ccccc2)[C@@H]1OC(=O)CCC(C)=O,COc1ccc(COC[C@H]2O[C@@H](Sc3ccc(C)cc3)[C@H](N=[N+]=[N-])[C@@H](OCc3ccc(OC)cc3)[C@@H]2O)cc1,COc1ccc(COC[C@H]2O[C@@H](Sc3ccc(C)cc3)[C@H](N=[N+]=[N-])[C@@H](OCc3ccc(OC)cc3)[C@@H]2OC(C)=O)cc1,trichloroacetimidate,35,36,35,36
SG-98268766f712528a,98268766f712528adc3e907072f926b15f961b2d3dfe6e885a36ce64abd51dd6,1005,31-013-CAS-19796363,1005,31-013-CAS-19796363,1,O=C(OC[C@H]1O[C@@H](Sc2ccccc2)[C@H](OC(=O)c2ccccc2)[C@@H](OC(=O)c2ccccc2)[C@H]1OC(=O)c1ccccc1)c1ccccc1,CC(=O)N[C@@H]1[C@@H](O)[C@H](O)[C@@H](CO[Si](c2ccccc2)(c2ccccc2)C(C)(C)C)O[C@H]1N=[N+]=[N-],CC(=O)N[C@@H]1[C@@H](O)[C@H](OC(C)=O)[C@@H](CO[Si](c2ccccc2)(c2ccccc2)C(C)(C)C)O[C@H]1N=[N+]=[N-],thioglycoside,7,8,7,8
SG-9855ad4ff7a0e405,9855ad4ff7a0e405d0d9ed7b6ce45a834f330fe5619caebd1f81b5f6cedeec66,366,31-010-CAS-21359656,366;367,31-010-CAS-21359656;31-010-CAS-5651856,2,COC(=O)[C@H]1OC(OC(=N)C(Cl)(Cl)Cl)[C@H](OCc2ccccc2)[C@@H](OCc2ccccc2)[C@@H]1O[C@H]1O[C@H](COC(=O)c2ccccc2)[C@@H](OCc2ccccc2)[C@H](OCc2ccccc2)[C@H]1NC=C1C(=O)N(C)C(=O)N(C)C1=O,COc1ccc(OC[C@H]2O[C@@H](O[Si](c3ccccc3)(c3ccccc3)C(C)(C)C)[C@H](N=[N+]=[N-])[C@@H](OC(=O)c3ccccc3)[C@@H]2O)cc1,COc1ccc(OC[C@H]2O[C@@H](O[Si](c3ccccc3)(c3ccccc3)C(C)(C)C)[C@H](N=[N+]=[N-])[C@@H](OC(=O)c3ccccc3)[C@@H]2OC(C)=O)cc1,trichloroacetimidate,43,44,43,44
SG-985e55e72eb34e8d,985e55e72eb34e8da7d947d04fe9a7a61b2ed430aa905256b50253750b7df749,1029,31-013-CAS-2439768,1029,31-013-CAS-2439768,1,COc1ccc(CO[C@@H]2[C@H](OCc3ccccc3)[C@@H](Sc3ccccc3)O[C@@H]3CO[C@@H](c4ccccc4)O[C@@H]23)cc1,CC(C)(C)[Si](O[C@@H]1O[C@H](COCc2ccccc2)[C@@H](O)[C@H](OCc2ccccc2)[C@H]1NC(=O)C(Cl)(Cl)Cl)(c1ccccc1)c1ccccc1,CC(=O)O[C@H]1[C@H](OCc2ccccc2)[C@@H](NC(=O)C(Cl)(Cl)Cl)[C@H](O[Si](c2ccccc2)(c2ccccc2)C(C)(C)C)O[C@@H]1COCc1ccccc1,thioglycoside,18,19,4,3
SG-98774b1f3c70449e,98774b1f3c70449ec434a8927c04b2c27959868cee26320d423adef70089f5c0,287,31-010-CAS-19796366,287,31-010-CAS-19796366,1,CC(=O)OC[C@H]1O[C@H](OC(=N)C(Cl)(Cl)Cl)[C@H](OC(C)=O)[C@@H](OC(C)=O)[C@H]1OC(C)=O,C=CCO[C@@H]1O[C@H](CO[Si](c2ccccc2)(c2ccccc2)C(C)(C)C)[C@@H](O)[C@H](O)[C@H]1NC(C)=O,C=CCO[C@@H]1O[C@H](CO[Si](c2ccccc2)(c2ccccc2)C(C)(C)C)[C@@H](OC(C)=O)[C@H](O)[C@H]1NC(C)=O,trichloroacetimidate,26,27,26,27
SG-98801a60cad4a147,98801a60cad4a147b2fa2de38aca5d0189ef5f4990caa0e36628cafcec2a9944,758,31-013-CAS-15920353,758,31-013-CAS-15920353,1,COC(=O)[C@@H]1O[C@H](Sc2ccccc2)[C@H](OC(=O)c2ccccc2)[C@@H](OCc2ccccc2)[C@@H]1O[C@H]1O[C@H](COCc2ccccc2)[C@@H](OCc2ccc(OC)cc2)[C@H](OCc2ccccc2)[C@H]1N=[N+]=[N-],COC(=O)[C@@H]1O[C@@H](OC)[C@H](OC(=O)c2ccccc2)[C@@H](OCc2ccccc2)[C@@H]1O[C@H]1O[C@H](COC(C)=O)[C@@H](O[C@@H]2O[C@@H](C(=O)OC)[C@@H](O[C@H]3O[C@H](COCc4ccccc4)[C@@H](O)[C@H](OCc4ccccc4)[C@H]3N=[N+]=[N-])[C@H](OCc3ccccc3)[C@H]2OC(=O)c2ccccc2)[C@H](OCc2ccccc2)[C@H]1N=[N+]=[N-],COC(=O)[C@@H]1O[C@@H](OC)[C@H](OC(=O)c2ccccc2)[C@@H](OCc2ccccc2)[C@@H]1O[C@H]1O[C@H](COC(C)=O)[C@@H](O[C@@H]2O[C@@H](C(=O)OC)[C@@H](O[C@H]3O[C@H](COCc4ccccc4)[C@@H](OC(C)=O)[C@H](OCc4ccccc4)[C@H]3N=[N+]=[N-])[C@H](OCc3ccccc3)[C@H]2OC(=O)c2ccccc2)[C@H](OCc2ccccc2)[C@H]1N=[N+]=[N-],thioglycoside,61,62,61,62
SG-98b686ee0542a721,98b686ee0542a72118173472e949b581935c151762a2c0823882308d45dccfee,519,31-010-CAS-14813958,519,31-010-CAS-14813958,1,CC(=O)OC[C@H]1O[C@H](O[C@H]2[C@H](OCc3ccccc3)[C@@H](OC(=O)c3ccccc3)C(OC(=N)C(Cl)(Cl)Cl)O[C@@H]2COC(=O)CCl)[C@H](N=[N+]=[N-])[C@@H](OCc2ccccc2)[C@@H]1OC(=O)OCC1c2ccccc2-c2ccccc21,COc1ccc(O[C@@H]2O[C@H](COC(=O)CCl)[C@@H](O[C@H]3O[C@H](COC(C)=O)[C@@H](O[C@@H]4O[C@H](COC(=O)CCl)[C@@H](O[C@H]5O[C@H](COC(C)=O)[C@@H](O[C@@H]6O[C@H](COC(=O)CCl)[C@@H](O[C@H]7O[C@H](COC(C)=O)[C@@H](O)[C@H](OCc8ccccc8)[C@H]7N=[N+]=[N-])[C@H](OCc7ccccc7)[C@H]6OC(=O)c6ccccc6)[C@H](OCc6ccccc6)[C@H]5N=[N+]=[N-])[C@H](OCc5ccccc5)[C@H]4OC(=O)c4ccccc4)[C@H](OCc4ccccc4)[C@H]3N=[N+]=[N-])[C@H](OCc3ccccc3)[C@H]2OC(=O)c2ccccc2)cc1,COc1ccc(O[C@@H]2O[C@H](COC(=O)CCl)[C@@H](O[C@H]3O[C@H](COC(C)=O)[C@@H](O[C@@H]4O[C@H](COC(=O)CCl)[C@@H](O[C@H]5O[C@H](COC(C)=O)[C@@H](O[C@@H]6O[C@H](COC(=O)CCl)[C@@H](O[C@H]7O[C@H](COC(C)=O)[C@@H](OC(C)=O)[C@H](OCc8ccccc8)[C@H]7N=[N+]=[N-])[C@H](OCc7ccccc7)[C@H]6OC(=O)c6ccccc6)[C@H](OCc6ccccc6)[C@H]5N=[N+]=[N-])[C@H](OCc5ccccc5)[C@H]4OC(=O)c4ccccc4)[C@H](OCc4ccccc4)[C@H]3N=[N+]=[N-])[C@H](OCc3ccccc3)[C@H]2OC(=O)c2ccccc2)cc1,trichloroacetimidate,68,69,68,69
SG-98e191692e5dd3f0,98e191692e5dd3f08843331e5d212a19f6c72485c08d2d1a8d182361276a274b,329,31-010-CAS-12672266,329,31-010-CAS-12672266,1,CC(=O)OC[C@H]1O[C@H](O[C@H]2[C@H](OCc3ccccc3)[C@@H](OC(=O)c3ccccc3)[C@H](OC(=N)C(Cl)(Cl)Cl)O[C@@H]2COC(=O)CCl)[C@H](N=[N+]=[N-])[C@@H](OCc2ccccc2)[C@@H]1OC(=O)OCC1c2ccccc2-c2ccccc21,COc1ccc(O[C@@H]2O[C@H](COC(=O)CCl)[C@@H](O[C@H]3O[C@H](COC(C)=O)[C@@H](O[C@@H]4O[C@H](COC(=O)CCl)[C@@H](O[C@H]5O[C@H](COC(C)=O)[C@@H](O[C@@H]6O[C@H](COC(=O)CCl)[C@@H](O[C@H]7O[C@H](COC(C)=O)[C@@H](O)[C@H](OCc8ccccc8)[C@H]7N=[N+]=[N-])[C@H](OCc7ccccc7)[C@H]6OC(=O)c6ccccc6)[C@H](OCc6ccccc6)[C@H]5N=[N+]=[N-])[C@H](OCc5ccccc5)[C@H]4OC(=O)c4ccccc4)[C@H](OCc4ccccc4)[C@H]3N=[N+]=[N-])[C@H](OCc3ccccc3)[C@H]2OC(=O)c2ccccc2)cc1,COc1ccc(O[C@@H]2O[C@H](COC(=O)CCl)[C@@H](O[C@H]3O[C@H](COC(C)=O)[C@@H](O[C@@H]4O[C@H](COC(=O)CCl)[C@@H](O[C@H]5O[C@H](COC(C)=O)[C@@H](O[C@@H]6O[C@H](COC(=O)CCl)[C@@H](O[C@H]7O[C@H](COC(C)=O)[C@@H](OC(C)=O)[C@H](OCc8ccccc8)[C@H]7N=[N+]=[N-])[C@H](OCc7ccccc7)[C@H]6OC(=O)c6ccccc6)[C@H](OCc6ccccc6)[C@H]5N=[N+]=[N-])[C@H](OCc5ccccc5)[C@H]4OC(=O)c4ccccc4)[C@H](OCc4ccccc4)[C@H]3N=[N+]=[N-])[C@H](OCc3ccccc3)[C@H]2OC(=O)c2ccccc2)cc1,trichloroacetimidate,68,69,68,69
SG-993a8add60c77d63,993a8add60c77d632092982556403958b0f9824f05b1f6aaef19841bd8f949de,886,31-013-CAS-17081671,886;887,31-013-CAS-17081671;31-013-CAS-13163974,2,COc1ccc(CO[C@H]2[C@H](OCc3ccccc3)[C@@H](OC(=O)CCC(C)=O)[C@H](Sc3ccc(C)cc3)O[C@H]2CO[Si](c2ccccc2)(c2ccccc2)C(C)(C)C)cc1,CC(=O)CCC(=O)OC[C@H]1O[C@H](O[C@H]2[C@H](OCc3ccccc3)[C@@H](OC(=O)c3ccccc3)[C@H](Sc3ccc(C)cc3)O[C@H]2CO[Si](c2ccccc2)(c2ccccc2)C(C)(C)C)[C@H](N=[N+]=[N-])[C@@H](OCc2ccccc2)[C@@H]1O,CC(=O)CCC(=O)OC[C@H]1O[C@H](O[C@H]2[C@H](OCc3ccccc3)[C@@H](OC(=O)c3ccccc3)[C@H](Sc3ccc(C)cc3)O[C@H]2CO[Si](c2ccccc2)(c2ccccc2)C(C)(C)C)[C@H](N=[N+]=[N-])[C@@H](OCc2ccccc2)[C@@H]1OC(C)=O,thioglycoside,76,77,76,77
SG-9962cbd32cc10a62,9962cbd32cc10a62145883d2c99f76b235814e7fc6c8eced8bede22396419e28,1436,31-013-CAS-16968434,1436,31-013-CAS-16968434,1,Cc1ccc(S[C@@H]2O[C@@H]3CO[C@@H](c4ccccc4)O[C@H]3C[C@H]2N2C(=O)c3ccccc3C2=O)cc1,CC(=O)N[C@H]1[C@@H](OCc2ccccc2)O[C@H](COC(C)=O)[C@@H](O)[C@@H]1O[C@H](C)C(=O)N[C@@H](C)C(=O)OCC[Si](C)(C)C,CC(=O)N[C@H]1[C@@H](OCc2ccccc2)O[C@H](COC(C)=O)[C@@H](OC(C)=O)[C@@H]1O[C@H](C)C(=O)N[C@@H](C)C(=O)OCC[Si](C)(C)C,thioglycoside,21,22,21,22
SG-99775e55a26b6b7f,99775e55a26b6b7f05a95428600b7d5b1be182c2abf3d6b53b25f6d78ef8ce68,1288,31-013-CAS-14512141,1288,31-013-CAS-14512141,1,COc1ccc(CO[C@H]2[C@@H](O[Si](c3ccccc3)(c3ccccc3)C(C)(C)C)[C@@H]3OC4(CCCCC4)OC[C@H]3O[C@@H]2SC)cc1,COc1ccc(O[C@@H]2O[C@H](COCc3ccccc3)[C@@H](O)[C@H](OCc3ccccc3)[C@H]2N2C(=O)c3ccccc3C2=O)cc1,COc1ccc(O[C@@H]2O[C@H](COCc3ccccc3)[C@@H](OC(C)=O)[C@H](OCc3ccccc3)[C@H]2N2C(=O)c3ccccc3C2=O)cc1,thioglycoside,19,20,19,20
SG-99a2bbf14bd546f3,99a2bbf14bd546f3a2debeba58c748feda29d1ae869e6e6ffc6178987244e9c1,555,31-010-CAS-14658592,555,31-010-CAS-14658592,1,COC(=O)[C@H]1O[C@@H](O[C@H]2[C@@H](OC(=O)c3ccccc3)[C@@H](COC(=O)c3ccccc3)O[C@H](OC(=N)C(Cl)(Cl)Cl)[C@@H]2OC(=O)c2ccccc2)[C@H](OC(=O)c2ccccc2)[C@@H](OC(=O)c2ccccc2)[C@@H]1OC(=O)c1ccccc1,CCCCCCCCO[C@@H]1O[C@H](CO[C@H]2O[C@H](COCc3ccccc3)[C@@H](OCc3ccccc3)[C@H](OCc3ccccc3)[C@@H]2O[C@@H]2O[C@H](COCc3ccccc3)[C@@H](O)[C@H](OCc3ccccc3)[C@H]2NC(=O)C(Cl)(Cl)Cl)[C@@H](OCc2ccccc2)[C@H](OCc2ccccc2)[C@@H]1OCc1ccccc1,CCCCCCCCO[C@@H]1O[C@H](CO[C@H]2O[C@H](COCc3ccccc3)[C@@H](OCc3ccccc3)[C@H](OCc3ccccc3)[C@@H]2O[C@@H]2O[C@H](COCc3ccccc3)[C@@H](OC(C)=O)[C@H](OCc3ccccc3)[C@H]2NC(=O)C(Cl)(Cl)Cl)[C@@H](OCc2ccccc2)[C@H](OCc2ccccc2)[C@@H]1OCc1ccccc1,trichloroacetimidate,58,59,58,59
SG-99be937204285246,99be937204285246d5992215f69aeba27e2d066b8ad24eb4b3d695af3523ffcf,902,31-013-CAS-8223846,902,31-013-CAS-8223846,1,CCS[C@H]1O[C@@H](C)[C@@H](OC(=O)C(F)(F)F)[C@@H](OC(=O)C(F)(F)F)[C@@H]1O[Si](C(C)C)(C(C)C)C(C)C,CC(C)(C)[Si](OC[C@H]1O[C@@H](Oc2ccc(OCCCl)cc2)[C@H](NC(=O)C(F)(F)F)[C@@H](OC(=O)CCl)[C@@H]1O)(c1ccccc1)c1ccccc1,CC(=O)O[C@H]1[C@H](OC(=O)CCl)[C@@H](NC(=O)C(F)(F)F)[C@H](Oc2ccc(OCCCl)cc2)O[C@@H]1CO[Si](c1ccccc1)(c1ccccc1)C(C)(C)C,thioglycoside,35,36,4,3
SG-9a04ba2af638ee07,9a04ba2af638ee07fbf25ab5ca231f79f587d4e4aae5991c4adfc4967d7d5949,818,31-013-CAS-8835573,818,31-013-CAS-8835573,1,CCSC1O[C@H]2COC(C)(C)O[C@H]2[C@H](OCc2ccccc2)[C@H]1OC(=O)c1ccccc1,C#CCCCO[C@H]1O[C@H](CO[Si](c2ccccc2)(c2ccccc2)C(C)(C)C)[C@@H](O)[C@H](OCc2ccccc2)[C@H]1N=[N+]=[N-],C#CCCCO[C@H]1O[C@H](CO[Si](c2ccccc2)(c2ccccc2)C(C)(C)C)[C@@H](OC(C)=O)[C@H](OCc2ccccc2)[C@H]1N=[N+]=[N-],thioglycoside,28,29,28,29
SG-9a0be602b65a6d0d,9a0be602b65a6d0d855aa5851f08970789d0f1fa060dc1b05948c5ee911ef132,696,31-013-CAS-13040293,696,31-013-CAS-13040293,1,CCS[C@H]1O[C@H](C)[C@@H](N=[N+]=[N-])[C@H](OCc2ccccc2)[C@@H]1O[C@H]1O[C@H](C)[C@@H](N=[N+]=[N-])[C@H](OCc2ccccc2)[C@@H]1OC(C)=O,COC(=O)CCCCCO[C@H]1O[C@H](C)[C@@H](N=[N+]=[N-])[C@H](OCc2ccccc2)[C@@H]1O[C@H]1O[C@H](C)[C@@H](N=[N+]=[N-])[C@H](OCc2ccccc2)[C@@H]1O[C@H]1O[C@H](C)[C@@H](N=[N+]=[N-])[C@H](OCc2ccccc2)[C@@H]1O[C@H]1O[C@H](C)[C@@H](N=[N+]=[N-])[C@H](OCc2ccccc2)[C@@H]1O,COC(=O)CCCCCO[C@H]1O[C@H](C)[C@@H](N=[N+]=[N-])[C@H](OCc2ccccc2)[C@@H]1O[C@H]1O[C@H](C)[C@@H](N=[N+]=[N-])[C@H](OCc2ccccc2)[C@@H]1O[C@H]1O[C@H](C)[C@@H](N=[N+]=[N-])[C@H](OCc2ccccc2)[C@@H]1O[C@H]1O[C@H](C)[C@@H](N=[N+]=[N-])[C@H](OCc2ccccc2)[C@@H]1OC(C)=O,thioglycoside,84,85,84,85
SG-9a1bd9856f3a2151,9a1bd9856f3a2151dac2de7202d6ec42ceaf584c1fe11c560095f3251e115f7e,684,31-013-CAS-3072578,684,31-013-CAS-3072578,1,CCOC(=S)S[C@@H]1O[C@H](COCc2ccccc2)[C@@H]2OC(C)(C)O[C@@H]2[C@H]1N=[N+]=[N-],COc1ccc(CO[C@H]2[C@@H](O)[C@@H](COCc3ccccc3)O[C@H](OC)[C@@H]2N=[N+]=[N-])cc1,COc1ccc(CO[C@@H]2[C@@H](N=[N+]=[N-])[C@@H](OC)O[C@H](COCc3ccccc3)[C@@H]2OC(C)=O)cc1,thioglycoside,9,10,27,28
SG-9a1c08cf72f2d90e,9a1c08cf72f2d90ef4f48e363f9847f3bf7a7d569b797f90e8806f9a319b197f,298,31-010-CAS-6624950,298,31-010-CAS-6624950,1,CC(=O)OC[C@H]1O[C@H](OC(=N)C(Cl)(Cl)Cl)[C@H](OC(C)=O)[C@@H](OC(C)=O)[C@H]1F,CC(C)(C)C(=O)OC[C@H]1O[C@@H](Sc2ccccc2)[C@H](N2C(=O)c3ccccc3C2=O)[C@@H](O)[C@@H]1O,CC(=O)O[C@H]1[C@H](O)[C@@H](N2C(=O)c3ccccc3C2=O)[C@H](Sc2ccccc2)O[C@@H]1COC(=O)C(C)(C)C,trichloroacetimidate,32,33,4,3
SG-9a39b97c484bb9d6,9a39b97c484bb9d63149a17cd39c3d4815f321b25bfd390570e09907658c8aca,575,31-010-CAS-22956845,575,31-010-CAS-22956845,1,COc1ccc(CO[C@H]2[C@H](OCc3ccccc3)[C@@H](N=[N+]=[N-])C(OC(=Nc3ccccc3)C(F)(F)F)O[C@@H]2COCc2ccccc2)cc1,[N-]=[N+]=N[C@H]1[C@@H](OCCCCCC(=O)OCc2ccccc2)O[C@H](COCc2ccccc2)[C@@H](O[C@H]2O[C@H](COCc3ccccc3)[C@@H](O[C@H]3O[C@H](COCc4ccccc4)[C@@H](O)[C@H](OCc4ccccc4)[C@H]3N=[N+]=[N-])[C@H](OCc3ccccc3)[C@H]2N=[N+]=[N-])[C@@H]1OCc1ccccc1,CC(=O)O[C@H]1[C@H](OCc2ccccc2)[C@@H](N=[N+]=[N-])[C@@H](O[C@H]2[C@H](OCc3ccccc3)[C@@H](N=[N+]=[N-])[C@@H](O[C@H]3[C@H](OCc4ccccc4)[C@@H](N=[N+]=[N-])[C@@H](OCCCCCC(=O)OCc4ccccc4)O[C@@H]3COCc3ccccc3)O[C@@H]2COCc2ccccc2)O[C@@H]1COCc1ccccc1,trifluoroacetimidate,60,61,4,3
SG-9a3c57210248301c,9a3c57210248301c6a739cf1f2405293629c6cc505bf3d4cfe8e2c0d372aef58,1500,31-013-CAS-11809252,1500,31-013-CAS-11809252,1,CC(=O)OC[C@H]1O[C@@H](Sc2ccccc2)[C@H]2[C@@H](OC(=O)N2Cc2ccccc2)[C@@H]1OC(C)=O,COc1ccc(O[C@@H]2O[C@H](COCc3ccccc3)[C@@H](O)[C@H](OCc3ccccc3)[C@H]2N2C(=O)c3ccccc3C2=O)cc1,COc1ccc(O[C@@H]2O[C@H](COCc3ccccc3)[C@@H](OC(C)=O)[C@H](OCc3ccccc3)[C@H]2N2C(=O)c3ccccc3C2=O)cc1,thioglycoside,19,20,19,20
SG-9a521952c6213fb2,9a521952c6213fb23e1de7eb056ad4b72e4e0dd5b6a9e22ff60d5b20be28f64a,715,31-301-CAS-601641,715,31-301-CAS-601641,1,CC(C)(C)[Si](C)(C)O[C@H]1[C@@H](OCc2ccccc2)[C@@H]2O[C@H](c3ccccc3)OC[C@H]2O[C@@H]1S(=O)c1ccccc1,C=CCCCO[C@@H]1O[C@H](COCc2ccccc2)[C@@H](O)[C@H](OCc2ccccc2)[C@H]1N=[N+]=[N-],C=CCCCO[C@@H]1O[C@H](COCc2ccccc2)[C@@H](OC(C)=O)[C@H](OCc2ccccc2)[C@H]1N=[N+]=[N-],thioglycoside,18,19,18,19
SG-9aaa7efd64020652,9aaa7efd64020652a498a30a1555f92964795c66dfbaa0ae53dd0f436858ef7f,609,31-013-CAS-4903118,609,31-013-CAS-4903118,1,O=C(N[C@H]1[C@H](OC(=Nc2ccccc2)C(F)(F)F)O[C@H](COCc2ccccc2)[C@@H](O[C@@H]2O[C@@H]3CO[C@@H](c4ccccc4)O[C@H]3[C@H](OCc3ccc4ccccc4c3)[C@@H]2OCc2ccccc2)[C@@H]1OCc1ccccc1)OCC(Cl)(Cl)Cl,O=C(N[C@H]1[C@H](OCc2ccccc2)O[C@H](COCc2ccccc2)[C@@H](O)[C@@H]1OCc1ccccc1)OCC(Cl)(Cl)Cl,CC(=O)O[C@H]1[C@H](OCc2ccccc2)[C@@H](NC(=O)OCC(Cl)(Cl)Cl)[C@H](OCc2ccccc2)O[C@@H]1COCc1ccccc1,trifluoroacetimidate,24,25,4,3
SG-9ab133ff73419976,9ab133ff7341997654905dc26eb4659c60d72d7e2d98a1f5bcf30a6ccf5bb664,404,31-010-CAS-22593839,404;405,31-010-CAS-22593839;31-010-CAS-349106,2,CC(=O)OC[C@H]1O[C@H](O[C@H]2[C@H](OCc3ccccc3)[C@@H](OC(=O)c3ccccc3)[C@H](OC(=N)C(Cl)(Cl)Cl)O[C@@H]2COC(=O)CCl)[C@H](N=[N+]=[N-])[C@@H](OCc2ccccc2)[C@@H]1OC(=O)OCC1c2ccccc2-c2ccccc21,COc1ccc(O[C@@H]2O[C@H](COC(=O)CCl)[C@@H](O[C@H]3O[C@H](COC(C)=O)[C@@H](O)[C@H](OCc4ccccc4)[C@H]3N=[N+]=[N-])[C@H](OCc3ccccc3)[C@H]2OC(=O)c2ccccc2)cc1,COc1ccc(O[C@@H]2O[C@H](COC(=O)CCl)[C@@H](O[C@H]3O[C@H](COC(C)=O)[C@@H](OC(C)=O)[C@H](OCc4ccccc4)[C@H]3N=[N+]=[N-])[C@H](OCc3ccccc3)[C@H]2OC(=O)c2ccccc2)cc1,trichloroacetimidate,26,27,26,27
SG-9ad0a344437c8822,9ad0a344437c882242b0fb33e5cd9568fa77b2298ed66f82369d14e7fa6bd162,872,31-013-CAS-942112,872,31-013-CAS-942112,1,CC(=O)CCC(=O)OC[C@H]1O[C@@H](Sc2ccc(C)cc2)[C@H](OC(=O)c2ccccc2)[C@@H](OCc2ccccc2)[C@@H]1O[C@H]1O[C@H](COC(C)=O)[C@@H](O[Si](C)(C)C(C)(C)C)[C@H](OCc2ccccc2)[C@H]1N=[N+]=[N-],CC(=O)CCC(=O)OC[C@H]1O[C@@H](Sc2ccc(C)cc2)[C@H](OC(=O)c2ccccc2)[C@@H](OCc2ccccc2)[C@@H]1O[C@H]1O[C@H](COC(C)=O)[C@@H](O)[C@H](OCc2ccccc2)[C@H]1N=[N+]=[N-],CC(=O)CCC(=O)OC[C@H]1O[C@@H](Sc2ccc(C)cc2)[C@H](OC(=O)c2ccccc2)[C@@H](OCc2ccccc2)[C@@H]1O[C@H]1O[C@H](COC(C)=O)[C@@H](OC(C)=O)[C@H](OCc2ccccc2)[C@H]1N=[N+]=[N-],thioglycoside,49,50,49,50
SG-9ae2644485876bc8,9ae2644485876bc8df2b6198767cb9f5ef62caa25449a0cd3eecbd29d6dc95ec,184,31-010-CAS-12105858,184,31-010-CAS-12105858,1,CC(=O)OC[C@H]1O[C@@H](OC(=N)C(Cl)(Cl)Cl)[C@H](n2c(=O)ssc2=O)[C@@H](OC(C)=O)[C@@H]1OC(C)=O,CC(=O)N[C@@H]1[C@@H](OC(=O)c2ccccc2)[C@H](O)[C@@H](COC(=O)c2ccccc2)O[C@H]1NC(=O)OCC1c2ccccc2-c2ccccc21,CC(=O)N[C@@H]1[C@@H](OC(=O)c2ccccc2)[C@H](OC(C)=O)[C@@H](COC(=O)c2ccccc2)O[C@H]1NC(=O)OCC1c2ccccc2-c2ccccc21,trichloroacetimidate,15,16,15,16
SG-9af33635f59693ba,9af33635f59693ba413b69fb828eeb0cf053d958aa5ded0f380c3db9e7691239,239,31-010-CAS-6693563,239;286,31-010-CAS-6693563;31-010-CAS-8307308,2,[N-]=[N+]=N[C@H]1[C@@H](OC(=N)C(Cl)(Cl)Cl)O[C@H](COCc2ccccc2)[C@@H](OCc2ccccc2)[C@@H]1OCc1ccccc1,COc1ccc(O[C@@H]2O[C@H](COCc3ccccc3)[C@@H](O)[C@H](OCc3ccccc3)[C@H]2N2C(=O)c3ccccc3C2=O)cc1,COc1ccc(O[C@@H]2O[C@H](COCc3ccccc3)[C@@H](OC(C)=O)[C@H](OCc3ccccc3)[C@H]2N2C(=O)c3ccccc3C2=O)cc1,trichloroacetimidate,19,20,19,20
SG-9b113603941af675,9b113603941af6758921e2d70d334aa72292202699c68cd6b157cf73ad2cbd6c,804,31-614-CAS-39834130,804,31-614-CAS-39834130,1,Cc1ccc(S[C@@H]2O[C@H]3CO[Si](C(C)(C)C)(C(C)(C)C)O[C@H]3[C@H](OCc3ccccc3)[C@H]2OC(=O)c2ccccc2)cc1,COc1ccc(O[C@@H]2O[C@H](COC(=O)c3ccccc3)[C@@H](O)[C@H](OC(=O)c3ccccc3)[C@H]2N=[N+]=[N-])cc1,COc1ccc(O[C@@H]2O[C@H](COC(=O)c3ccccc3)[C@@H](OC(C)=O)[C@H](OC(=O)c3ccccc3)[C@H]2N=[N+]=[N-])cc1,thioglycoside,20,21,20,21
SG-9b2efdf1d8d53cd4,9b2efdf1d8d53cd4a68c1edd163004ca26cdc05dc74e411702817885e9466b9a,344,31-010-CAS-21359730,344;345,31-010-CAS-21359730;31-010-CAS-9917863,2,C=CCOC(=O)O[C@H]1C(OC(=N)C(Cl)(Cl)Cl)O[C@H](C(=O)OC)[C@@H](O[C@H]2O[C@H](COc3ccc(OC)cc3)[C@@H](OCc3ccccc3)[C@H](OCc3ccccc3)[C@H]2N=[N+]=[N-])[C@@H]1OCc1ccccc1,COC(=O)[C@@H]1O[C@H](Sc2ccc(C)cc2)[C@H](OC(=O)c2ccccc2)[C@@H](OCc2ccccc2)[C@@H]1O[C@H]1O[C@H](COc2ccc(OC)cc2)[C@@H](O)[C@@H]2OC(=O)N[C@@H]12,COC(=O)[C@@H]1O[C@H](Sc2ccc(C)cc2)[C@H](OC(=O)c2ccccc2)[C@@H](OCc2ccccc2)[C@@H]1O[C@H]1O[C@H](COc2ccc(OC)cc2)[C@@H](OC(C)=O)[C@@H]2OC(=O)N[C@@H]12,trichloroacetimidate,49,50,49,50
SG-9b523d9710b50ad4,9b523d9710b50ad48b058c6a5b7948ae5632a3718c6625f95a071077f34d7131,401,31-010-CAS-8102873,401,31-010-CAS-8102873,1,CC(C)[Si]1(C(C)C)OC[C@H]2O[C@H](OC(=N)C(Cl)(Cl)Cl)[C@@H](OC(=O)c3ccccc3)[C@@H](O[C@H]3O[C@H](COCc4ccccc4)[C@H](OCc4ccccc4)[C@H](OCc4ccccc4)[C@H]3OCc3ccccc3)[C@@H]2O[Si](C(C)C)(C(C)C)O1,CCCCCCCCS[C@H]1O[C@H](COCc2ccccc2)[C@@H](O)[C@H](OCc2ccccc2)[C@H]1N=[N+]=[N-],CCCCCCCCS[C@H]1O[C@H](COCc2ccccc2)[C@@H](OC(C)=O)[C@H](OCc2ccccc2)[C@H]1N=[N+]=[N-],trichloroacetimidate,21,22,21,22
SG-9b58209903e690c6,9b58209903e690c6b7badab3fa52be36fbc3398a7b3fb4d9628dd4852e9972d2,388,31-010-CAS-16587017,388,31-010-CAS-16587017,1,CC(=O)CCC(=O)O[C@@H]1[C@@H](OC(=N)C(Cl)(Cl)Cl)O[C@H](CO[C@H]2O[C@H](COCc3ccccc3)[C@@H](OCc3ccccc3)[C@H](OCc3ccccc3)[C@@H]2O[C@H]2O[C@H](CO[Si](C(C)C)(C(C)C)C(C)C)[C@@H](OCc3ccccc3)[C@H](OCc3ccccc3)[C@@H]2OCc2ccccc2)[C@@H](O[C@@H]2O[C@H](COCc3ccccc3)[C@H](OCc3ccccc3)[C@H](OCc3ccccc3)[C@H]2NC(C)=O)[C@@H]1OCc1ccccc1,C=CCO[C@@H]1[C@H](OCc2ccccc2)[C@H](OCc2ccccc2)[C@@H](OCc2ccccc2)[C@H](OCc2ccccc2)[C@H]1O[C@H]1O[C@H](COCc2ccccc2)[C@@H](O)[C@H](OCc2ccccc2)[C@H]1N=[N+]=[N-],C=CCO[C@@H]1[C@H](OCc2ccccc2)[C@H](OCc2ccccc2)[C@@H](OCc2ccccc2)[C@H](OCc2ccccc2)[C@H]1O[C@H]1O[C@H](COCc2ccccc2)[C@@H](OC(C)=O)[C@H](OCc2ccccc2)[C@H]1N=[N+]=[N-],trichloroacetimidate,55,56,55,56
SG-9bea58a5989a23d5,9bea58a5989a23d5bb24e0770c4db3c07a1bbd94c787895221ff7b51c1f1be61,1465,31-013-CAS-491815,1465,31-013-CAS-491815,1,COC(=O)[C@@]1(O[C@H]2[C@@H](OC(=O)c3ccccc3)[C@@H](COC(=O)c3ccccc3)O[C@@H](SC)[C@@H]2OC(=O)c2ccccc2)C[C@H](OC(C)=O)[C@@H](NC(C)=O)[C@H]([C@H](OC(C)=O)[C@@H](COC(C)=O)OC(C)=O)O1,CCCCCCCC(=O)N[C@H]1[C@H](O[C@H]2[C@@H](OCc3ccccc3)[C@@H](COCc3ccccc3)O[C@@H](O[C@H]3[C@H](OCc4ccccc4)[C@@H](OCc4ccccc4)[C@H](OCC[Si](C)(C)C)O[C@@H]3COCc3ccccc3)[C@@H]2OCc2ccccc2)O[C@H](COCc2ccccc2)[C@@H](O)[C@@H]1OCc1ccccc1,CCCCCCCC(=O)N[C@H]1[C@H](O[C@H]2[C@@H](OCc3ccccc3)[C@@H](COCc3ccccc3)O[C@@H](O[C@H]3[C@H](OCc4ccccc4)[C@@H](OCc4ccccc4)[C@H](OCC[Si](C)(C)C)O[C@@H]3COCc3ccccc3)[C@@H]2OCc2ccccc2)O[C@H](COCc2ccccc2)[C@@H](OC(C)=O)[C@@H]1OCc1ccccc1,thioglycoside,94,95,94,95
SG-9bf95c2e66ae1adf,9bf95c2e66ae1adf533150a57eca6b10be2f37c059c52734690774d28701f517,671,31-301-CAS-4602455,671,31-301-CAS-4602455,1,O=S(c1ccccc1)[C@H]1O[C@@H]2COC(c3ccccc3)O[C@H]2[C@H](OCc2ccccc2)[C@@H]1OCc1ccccc1,[N-]=[N+]=N[C@H]1[C@@H]2OC[C@@H](O2)[C@@H](O)[C@@H]1OCc1ccccc1,CC(=O)O[C@H]1[C@H](OCc2ccccc2)[C@@H](N=[N+]=[N-])[C@@H]2OC[C@H]1O2,thioglycoside,9,10,4,3
SG-9c231eae4f890786,9c231eae4f8907860f014560409c5722d5e4cb94cc5b165455823e6109a2d343,1133,31-013-CAS-9510973,1133,31-013-CAS-9510973,1,CCS[C@H]1O[C@H](C)[C@@H](NC(=O)[C@@H]2CCO[C@@H](c3ccccc3)O2)[C@H](OCc2ccccc2)[C@@H]1OC,COC(=O)CCCCCO[C@H]1O[C@H](C)[C@@H](NC(=O)[C@@H]2CCO[C@@H](c3ccccc3)O2)[C@H](OCc2ccccc2)[C@@H]1O[C@H]1O[C@H](C)[C@@H](NC(=O)[C@@H]2CCO[C@@H](c3ccccc3)O2)[C@H](OCc2ccccc2)[C@@H]1O[C@H]1O[C@H](C)[C@@H](NC(=O)[C@@H]2CCO[C@@H](c3ccccc3)O2)[C@H](OCc2ccccc2)[C@@H]1O[C@H]1O[C@H](C)[C@@H](NC(=O)[C@@H]2CCO[C@@H](c3ccccc3)O2)[C@H](OCc2ccccc2)[C@@H]1O,COC(=O)CCCCCO[C@H]1O[C@H](C)[C@@H](NC(=O)[C@@H]2CCO[C@@H](c3ccccc3)O2)[C@H](OCc2ccccc2)[C@@H]1O[C@H]1O[C@H](C)[C@@H](NC(=O)[C@@H]2CCO[C@@H](c3ccccc3)O2)[C@H](OCc2ccccc2)[C@@H]1O[C@H]1O[C@H](C)[C@@H](NC(=O)[C@@H]2CCO[C@@H](c3ccccc3)O2)[C@H](OCc2ccccc2)[C@@H]1O[C@H]1O[C@H](C)[C@@H](NC(=O)[C@@H]2CCO[C@@H](c3ccccc3)O2)[C@H](OCc2ccccc2)[C@@H]1OC(C)=O,thioglycoside,132,133,132,133
SG-9c775ff764fe9ed6,9c775ff764fe9ed66ac6d065983a8a7c0bad2e3a9daec8c12f30881013b43275,1468,31-013-CAS-6531232,1468,31-013-CAS-6531232,1,CC(=O)CCC(=O)OC[C@H]1O[C@@H](Sc2ccc(C)cc2)[C@H](OCc2ccccc2)[C@@H](OCc2ccccc2)[C@H]1OCc1ccccc1,Cc1ccc(S[C@@H]2O[C@H](COCc3ccccc3)[C@H](O)[C@@H]3OC(=O)N(Cc4ccccc4)[C@H]32)cc1,CC(=O)O[C@@H]1[C@@H]2OC(=O)N(Cc3ccccc3)[C@H]2[C@H](Sc2ccc(C)cc2)O[C@@H]1COCc1ccccc1,thioglycoside,18,19,4,3
SG-9c7a5dd56b4a3df2,9c7a5dd56b4a3df2f748ef34db2a16e184a3d620b1b3254d027e40a079922d6f,55,31-010-CAS-5571602,55,31-010-CAS-5571602,1,CC(=O)OC[C@H]1O[C@H](OC(=N)C(Cl)(Cl)Cl)[C@H](NC(=O)OCC(Cl)(Cl)Cl)[C@@H](OC(C)=O)[C@@H]1OC(C)=O,C/C=C/[C@H]1O[C@H](COCc2ccccc2)[C@@H](O)[C@H](O[C@H](C)C(=O)N[C@@H](C)C(=O)OC)[C@H]1NC(C)=O,C/C=C/[C@H]1O[C@H](COCc2ccccc2)[C@@H](OC(C)=O)[C@H](O[C@H](C)C(=O)N[C@@H](C)C(=O)OC)[C@H]1NC(C)=O,trichloroacetimidate,15,16,15,16
SG-9c94e75d5e316de0,9c94e75d5e316de08a02b28f067b5aacc0c4c67f2ef5390add7b553c1b1f7296,964,31-013-CAS-22252750,964,31-013-CAS-22252750,1,CC(=O)CCC(=O)O[C@H]1[C@@H](OC(=O)CCC(C)=O)[C@@H](COC(=O)c2ccccc2)O[C@@H](Sc2ccc(C)cc2)[C@@H]1OC(=O)c1ccccc1,COC(=O)CO[C@@H]1O[C@H](COCc2ccccc2)[C@@H](O)[C@H](OC(=O)c2ccccc2)[C@H]1NC(=O)OCC(Cl)(Cl)Cl,COC(=O)CO[C@@H]1O[C@H](COCc2ccccc2)[C@@H](OC(C)=O)[C@H](OC(=O)c2ccccc2)[C@H]1NC(=O)OCC(Cl)(Cl)Cl,thioglycoside,18,19,18,19
SG-9cb349ed6e71166f,9cb349ed6e71166fa56aac5464cbec5f3033a6b1cf9e64367773bc32482f8ae4,534,31-010-CAS-3103899,534,31-010-CAS-3103899,1,COC(=O)[C@@H]1OC(OC(=N)C(Cl)(Cl)Cl)[C@H](OC(=O)C(C)(C)C)[C@@H](OCc2ccccc2)[C@@H]1O[C@H]1O[C@@H]2CO[C@@H](c3ccccc3)O[C@H]2[C@H](OCc2ccccc2)[C@H]1N=[N+]=[N-],COC(=O)[C@@H]1OC(OC(=O)CCC(N)=O)[C@H](OC(=O)C(C)(C)C)[C@@H](OCc2ccccc2)[C@@H]1O[C@H]1O[C@H](COC(=O)c2ccccc2)[C@@H](O)[C@H](OCc2ccccc2)[C@H]1N=[N+]=[N-],COC(=O)[C@@H]1OC(OC(=O)CCC(N)=O)[C@H](OC(=O)C(C)(C)C)[C@@H](OCc2ccccc2)[C@@H]1O[C@H]1O[C@H](COC(=O)c2ccccc2)[C@@H](OC(C)=O)[C@H](OCc2ccccc2)[C@H]1N=[N+]=[N-],trichloroacetimidate,47,48,47,48
SG-9cd4b0877377346d,9cd4b0877377346d3c7836fc90a6130b1d2412bcdb353632e8d0761ea296d299,1091,31-013-CAS-16946845,1091,31-013-CAS-16946845,1,CC(=O)O[C@H]1[C@H](OCc2ccccc2)[C@@H](N2C(=O)c3ccccc3C2=O)[C@H](Sc2ccccc2)O[C@@H]1COCc1ccccc1,CO[C@H]1O[C@H](COCc2ccccc2)[C@@H](O)[C@H](OCc2ccccc2)[C@@H]1N=[N+]=[N-],CO[C@H]1O[C@H](COCc2ccccc2)[C@@H](OC(C)=O)[C@H](OCc2ccccc2)[C@@H]1N=[N+]=[N-],thioglycoside,14,15,14,15
SG-9d262b59c805ee77,9d262b59c805ee776234a8f484c1d6324f553bc57d7c390d52aeb293b05235d2,1274,31-013-CAS-15212321,1274,31-013-CAS-15212321,1,CCS[C@@H]1O[C@H](COC(C)=O)[C@@H](OC(C)=O)[C@H](OC(C)=O)[C@H]1N1C(=O)c2ccccc2C1=O,O=C(OC[C@H]1O[C@@H](OCc2ccccc2)[C@H](N2C(=O)c3ccccc3C2=O)[C@@H](OC(=O)c2ccccc2)[C@@H]1O)c1ccccc1,CC(=O)O[C@H]1[C@H](OC(=O)c2ccccc2)[C@@H](N2C(=O)c3ccccc3C2=O)[C@H](OCc2ccccc2)O[C@@H]1COC(=O)c1ccccc1,thioglycoside,37,38,4,3
SG-9d4679b105c5e464,9d4679b105c5e4642784af16844c3e1b6a4a1b273057b400aa3bd39fa68ec602,629,31-010-CAS-23517749,629,31-010-CAS-23517749,1,COc1ccc(CO[C@@H]2[C@H](OCc3ccccc3)[C@H](O[C@H]3[C@H](OCc4ccccc4)[C@@H](N4C(=O)c5ccccc5C4=O)C(OC(=Nc4ccccc4)C(F)(F)F)O[C@@H]3COCc3ccccc3)O[C@@H]3CO[C@@H](c4ccccc4)O[C@@H]23)cc1,[N-]=[N+]=N[C@@H]1O[C@H](COCc2ccccc2)[C@@H](O)[C@H](OCc2ccccc2)[C@H]1N1C(=O)c2ccccc2C1=O,CC(=O)O[C@H]1[C@H](OCc2ccccc2)[C@@H](N2C(=O)c3ccccc3C2=O)[C@H](N=[N+]=[N-])O[C@@H]1COCc1ccccc1,trifluoroacetimidate,15,16,4,3
SG-9e008dbab4e79162,9e008dbab4e79162272520a5ed7fff0bbf4d6b9729e8b6895759fb0279b3af31,1526,31-013-CAS-11179214,1526,31-013-CAS-11179214,1,CC(=O)OC[C@H]1O[C@@H](O[C@H]2[C@H](OC(C)=O)[C@@H](N3C(=O)c4ccccc4C3=O)[C@H](Sc3cc(C(C)(C)C)ccc3C)O[C@@H]2COCc2ccccc2)[C@H](NC(=O)OCc2ccccc2)[C@@H](OC(C)=O)[C@@H]1OC(C)=O,CC(=O)O[C@H]1[C@H](O)[C@@H](COC(=O)c2ccccc2)O[C@@H](O[C@H]2[C@H](OC(C)=O)[C@@H](N3C(=O)c4ccccc4C3=O)[C@H](OCc3ccccc3)O[C@@H]2CO[Si](c2ccccc2)(c2ccccc2)C(C)(C)C)[C@@H]1N1C(=O)c2ccccc2C1=O,CC(=O)O[C@H]1[C@H](OC(C)=O)[C@@H](COC(=O)c2ccccc2)O[C@@H](O[C@H]2[C@H](OC(C)=O)[C@@H](N3C(=O)c4ccccc4C3=O)[C@H](OCc3ccccc3)O[C@@H]2CO[Si](c2ccccc2)(c2ccccc2)C(C)(C)C)[C@@H]1N1C(=O)c2ccccc2C1=O,thioglycoside,5,6,5,6
SG-9e2a2f27aa25e755,9e2a2f27aa25e755377c7d55f3d66ee74d8bbffb73625b5ae2d5d5f3380df9d0,143,31-010-CAS-3803419,143,31-010-CAS-3803419,1,CC(=O)O[C@H]1[C@H](OCc2ccccc2)[C@H](N=[N+]=[N-])[C@@H](OC(=N)C(Cl)(Cl)Cl)O[C@@H]1COCc1ccccc1,C=CCO[C@H]1O[C@H](COCc2ccccc2)[C@@H](O)[C@H](OCc2ccccc2)[C@@H]1N=[N+]=[N-],C=CCO[C@H]1O[C@H](COCc2ccccc2)[C@@H](OC(C)=O)[C@H](OCc2ccccc2)[C@@H]1N=[N+]=[N-],trichloroacetimidate,16,17,16,17
SG-9ed1300d6bada866,9ed1300d6bada86686fa6fc340621e5ab1cd215a4ef751d44e6627669762f80b,262,31-010-CAS-5864708,262,31-010-CAS-5864708,1,CO[C@@H]1[C@@H](OC(=N)C(Cl)(Cl)Cl)O[C@H](C)[C@@H](NC(=O)[C@@H](CCOC(C)=O)OC(C)=O)[C@@H]1OCc1ccccc1,COC(=O)CCCCCO[C@H]1O[C@H](C)[C@@H](NC(=O)[C@@H](CCOC(C)=O)OC(C)=O)[C@H](OCc2ccccc2)[C@@H]1O[C@H]1O[C@H](C)[C@@H](NC(=O)[C@@H](CCOC(C)=O)OC(C)=O)[C@H](OCc2ccccc2)[C@@H]1O[C@H]1O[C@H](C)[C@@H](NC(=O)[C@@H](CCOC(C)=O)OC(C)=O)[C@H](OCc2ccccc2)[C@@H]1O[C@H]1O[C@H](C)[C@@H](NC(=O)[C@@H](CCOC(C)=O)OC(C)=O)[C@H](OCc2ccccc2)[C@@H]1O[C@H]1O[C@H](C)[C@@H](NC(=O)[C@@H](CCOC(C)=O)OC(C)=O)[C@H](OCc2ccccc2)[C@@H]1O,COC(=O)CCCCCO[C@H]1O[C@H](C)[C@@H](NC(=O)[C@@H](CCOC(C)=O)OC(C)=O)[C@H](OCc2ccccc2)[C@@H]1O[C@H]1O[C@H](C)[C@@H](NC(=O)[C@@H](CCOC(C)=O)OC(C)=O)[C@H](OCc2ccccc2)[C@@H]1O[C@H]1O[C@H](C)[C@@H](NC(=O)[C@@H](CCOC(C)=O)OC(C)=O)[C@H](OCc2ccccc2)[C@@H]1O[C@H]1O[C@H](C)[C@@H](NC(=O)[C@@H](CCOC(C)=O)OC(C)=O)[C@H](OCc2ccccc2)[C@@H]1O[C@H]1O[C@H](C)[C@@H](NC(=O)[C@@H](CCOC(C)=O)OC(C)=O)[C@H](OCc2ccccc2)[C@@H]1OC(C)=O,trichloroacetimidate,158,159,158,159
SG-9eeb5ffaf337d5c6,9eeb5ffaf337d5c68d75d4fbcac8e14b9dd8b13fc77932668ee187d2bf5137c8,274,31-010-CAS-8119072,274,31-010-CAS-8119072,1,CC(=O)OC[C@H]1OC(OC(=N)C(Cl)(Cl)Cl)[C@H](NC(=O)OCC(Cl)(Cl)Cl)[C@@H](OC(C)=O)[C@@H]1OC(C)=O,CC(=O)N[C@H]1[C@@H](OC(C)=O)O[C@H](COC(C)=O)[C@@H](O)[C@@H]1OC(C)=O,CC(=O)N[C@H]1[C@@H](OC(C)=O)O[C@H](COC(C)=O)[C@@H](OC(C)=O)[C@@H]1OC(C)=O,trichloroacetimidate,17,18,17,18
SG-9eebaa1aec45c10d,9eebaa1aec45c10d32520d376af6573067924c0b073d41cdf1d75737adc56263,746,31-013-CAS-3859968,746,31-013-CAS-3859968,1,c1ccc(CO[C@H]2[C@H]3O[C@@H](c4ccccc4)OC[C@H]3O[C@@H](Sc3ccccc3)[C@@H]2OCc2ccccc2)cc1,CC(C)(C)[Si](O[C@@H]1O[C@H](COCc2ccccc2)[C@@H](O)[C@H](OCc2ccccc2)[C@H]1N=[N+]=[N-])(c1ccccc1)c1ccccc1,CC(=O)O[C@H]1[C@H](OCc2ccccc2)[C@@H](N=[N+]=[N-])[C@H](O[Si](c2ccccc2)(c2ccccc2)C(C)(C)C)O[C@@H]1COCc1ccccc1,thioglycoside,18,19,4,3
SG-9ef681227eaf38ca,9ef681227eaf38ca7b1f901ca1b55d844e9e28e903fb778a4fd965c7b368ff46,493,31-010-CAS-5757429,493,31-010-CAS-5757429,1,CC(=O)N[C@H]1[C@H](O[C@H]2[C@H](OCc3ccccc3)[C@H](OC(C)=O)[C@@H](OC(=N)C(Cl)(Cl)Cl)O[C@@H]2CO[C@H]2O[C@H](COCc3ccccc3)[C@@H](OCc3ccccc3)[C@H](OCc3ccccc3)[C@@H]2O[C@H]2O[C@H](CO[Si](c3ccccc3)(c3ccccc3)C(C)(C)C)[C@@H](OCc3ccccc3)[C@H](OCc3ccccc3)[C@@H]2OC(C)=O)O[C@H](COCc2ccccc2)[C@H](OCc2ccccc2)[C@@H]1OCc1ccccc1,COc1ccc(CO[C@@H]2[C@H](OCc3ccccc3)[C@H](OCc3ccccc3)[C@@H](OCc3ccccc3)[C@H](OCc3ccccc3)[C@H]2O[C@H]2O[C@H](COCc3ccccc3)[C@@H](O)[C@H](OCc3ccccc3)[C@H]2N=[N+]=[N-])cc1,COc1ccc(CO[C@@H]2[C@H](OCc3ccccc3)[C@H](OCc3ccccc3)[C@@H](OCc3ccccc3)[C@H](OCc3ccccc3)[C@H]2O[C@H]2O[C@H](COCc3ccccc3)[C@@H](OC(C)=O)[C@H](OCc3ccccc3)[C@H]2N=[N+]=[N-])cc1,trichloroacetimidate,59,60,59,60
SG-9f0c421c498e8c86,9f0c421c498e8c86ed97f46bf355192e42185c0d37edf4f21d67b0a58b5146ca,888,31-614-CAS-39832557,888,31-614-CAS-39832557,1,C[C@H]1O[C@@H](Sc2ccccc2)[C@H](N=[N+]=[N-])[C@@H](OCc2ccc3ccccc3c2)[C@H]1OCc1ccccc1,[N-]=[N+]=N[C@H]1[C@@H](OCCCNC(=O)OCc2ccccc2)O[C@H](C(=O)OCc2ccccc2)[C@H](O[C@H]2O[C@H](C(=O)OCc3ccccc3)[C@H](O)[C@H](OCc3ccccc3)[C@H]2N=[N+]=[N-])[C@@H]1OCc1ccccc1,CC(=O)O[C@@H]1[C@H](OCc2ccccc2)[C@@H](N=[N+]=[N-])[C@@H](O[C@@H]2[C@H](OCc3ccccc3)[C@@H](N=[N+]=[N-])[C@@H](OCCCNC(=O)OCc3ccccc3)O[C@@H]2C(=O)OCc2ccccc2)O[C@@H]1C(=O)OCc1ccccc1,thioglycoside,47,48,4,3
SG-9f2b941eff76ed32,9f2b941eff76ed32fd9c198cd25f7a39260c26cef9dff0ef564b25c8e7a1ab66,1469,31-013-CAS-14818016,1469,31-013-CAS-14818016,1,Cc1ccc(C(=O)O[C@@H]2[C@@H](OC(=O)CCl)[C@@H](OCc3ccccc3)[C@@H](COCc3ccccc3)O[C@H]2Sc2ccccc2)cc1,COc1ccc(O[C@@H]2O[C@H](COCc3ccc(O)c([N+](=O)[O-])c3)[C@@H](O)[C@H](OCc3ccccc3)[C@H]2N2C(=O)c3ccccc3C2=O)cc1,COc1ccc(O[C@@H]2O[C@H](COCc3ccc(O)c([N+](=O)[O-])c3)[C@@H](OC(C)=O)[C@H](OCc3ccccc3)[C@H]2N2C(=O)c3ccccc3C2=O)cc1,thioglycoside,23,24,23,24
SG-9f7285356e507d06,9f7285356e507d06e86cdedf8bf6c684cb056d462ab705ef42bdc01ec0c05dee,1019,31-013-CAS-13652356,1019,31-013-CAS-13652356,1,COc1ccc([C@H]2OC[C@H]3O[C@@H](Sc4ccc(C)cc4)[C@H](OC(=O)c4ccccc4)[C@@H](OC(=O)c4ccccc4)[C@H]3O2)cc1,COC(=O)CO[C@@H]1O[C@H](CO[Si](C)(C)C(C)(C)C)[C@@H](O)[C@H](OC(=O)c2ccccc2)[C@H]1NC(=O)OCC(Cl)(Cl)Cl,COC(=O)CO[C@@H]1O[C@H](CO[Si](C)(C)C(C)(C)C)[C@@H](OC(C)=O)[C@H](OC(=O)c2ccccc2)[C@H]1NC(=O)OCC(Cl)(Cl)Cl,thioglycoside,18,19,18,19
SG-9f772d1aae0285fd,9f772d1aae0285fd28cc76f2ae2620a2eb522617cd199dfa0507c543765b10ef,180,31-010-CAS-7801504,180,31-010-CAS-7801504,1,CC(=O)CCC(=O)O[C@H]1[C@H](OCc2ccccc2)[C@@H](N2C(=O)c3ccccc3C2=O)[C@H](OC(=N)C(Cl)(Cl)Cl)O[C@@H]1COCc1ccccc1,[N-]=[N+]=NCCCCCO[C@@H]1O[C@H](COCc2ccccc2)[C@@H](O[C@@H]2O[C@H](COCc3ccccc3)[C@@H](O)[C@H](OCc3ccccc3)[C@H]2N2C(=O)c3ccccc3C2=O)[C@H](OCc2ccccc2)[C@H]1N1C(=O)c2ccccc2C1=O,CC(=O)O[C@H]1[C@H](OCc2ccccc2)[C@@H](N2C(=O)c3ccccc3C2=O)[C@H](O[C@H]2[C@H](OCc3ccccc3)[C@@H](N3C(=O)c4ccccc4C3=O)[C@H](OCCCCCN=[N+]=[N-])O[C@@H]2COCc2ccccc2)O[C@@H]1COCc1ccccc1,trichloroacetimidate,35,36,4,3
SG-9f8784c490e6f50f,9f8784c490e6f50f259daac5335f4f9aea9c9213ce0cc067f7cc759c621ba537,1516,31-013-CAS-4912673,1516,31-013-CAS-4912673,1,CC(=O)OC[C@H]1O[C@@H](Sc2ccccc2)[C@H](N2C(=O)c3c(Cl)c(Cl)c(Cl)c(Cl)c3C2=O)[C@@H](OC(C)=O)[C@@H]1OC(C)=O,CC(=O)O[C@H]1[C@H](O)[C@@H](COCc2ccccc2)O[C@@H](Sc2ccccc2)[C@@H]1N1C(=O)c2cc(Cl)c(Cl)cc2C1=O,CC(=O)O[C@H]1[C@H](OC(C)=O)[C@@H](COCc2ccccc2)O[C@@H](Sc2ccccc2)[C@@H]1N1C(=O)c2cc(Cl)c(Cl)cc2C1=O,thioglycoside,5,6,5,6
SG-9f8f01b92b6e622a,9f8f01b92b6e622a7c64ebabffffc3941a569aed977dcd61bf9f0ea6caeee2b4,273,31-010-CAS-6214444,273,31-010-CAS-6214444,1,CC(=O)OC[C@H]1O[C@H](OC(=N)C(Cl)(Cl)Cl)[C@H](NC(=O)OCc2ccc([N+](=O)[O-])cc2)[C@@H](OC(C)=O)[C@H]1OC(C)=O,CO[C@@H]1O[C@H](COCc2ccccc2)[C@@H](O)[C@H](O)[C@H]1N1C(=O)c2ccccc2C1=O,CO[C@@H]1O[C@H](COCc2ccccc2)[C@@H](OC(C)=O)[C@H](O)[C@H]1N1C(=O)c2ccccc2C1=O,trichloroacetimidate,14,15,14,15
SG-9fc7563b69830fe7,9fc7563b69830fe7efe733e10bbc9d4b9c93facdd31324b7b790004286378205,817,31-006-CAS-13795131,817,31-006-CAS-13795131,1,Cc1ccc(S[C@@H]2O[C@@H]3CO[C@@H](c4ccccc4)O[C@H]3[C@H](OCc3ccccc3)[C@H]2OC(=O)c2ccccc2)cc1,CC(=O)CCC(=O)O[C@H]1[C@H](O)[C@@H](CO[Si](c2ccccc2)(c2ccccc2)C(C)(C)C)O[C@H](O[C@H]2[C@H](OCc3ccccc3)[C@@H](OC(=O)CCC(C)=O)[C@H]3OC[C@@H]2O3)[C@@H]1N=[N+]=[N-],CC(=O)CCC(=O)O[C@@H]1[C@@H](N=[N+]=[N-])[C@@H](O[C@H]2[C@H](OCc3ccccc3)[C@@H](OC(=O)CCC(C)=O)[C@H]3OC[C@@H]2O3)O[C@H](CO[Si](c2ccccc2)(c2ccccc2)C(C)(C)C)[C@H]1OC(C)=O,thioglycoside,9,10,60,61
SG-9fe058b711d9ba86,9fe058b711d9ba86234c8ab88ba303183f090eb30eb4e36d313d39fb161eba0f,385,31-614-CAS-34295243,385,31-614-CAS-34295243,1,CC(=O)N[C@@H]1[C@H](O[C@H]2[C@H](OCc3ccccc3)[C@@H](OCc3ccccc3)[C@@H](OC(=N)C(Cl)(Cl)Cl)O[C@@H]2COCc2ccccc2)O[C@@H]2CO[C@@H](c3ccccc3)O[C@H]2[C@@H]1OCc1ccccc1,CC(=O)N[C@@H]1[C@H](O[C@H]2[C@H](OCc3ccccc3)[C@@H](OCc3ccccc3)[C@H](OCCCN(Cc3ccccc3)C(=O)OCc3ccccc3)O[C@@H]2COCc2ccccc2)O[C@H](COCc2ccccc2)[C@@H](O)[C@@H]1OCc1ccccc1,CC(=O)N[C@@H]1[C@H](O[C@H]2[C@H](OCc3ccccc3)[C@@H](OCc3ccccc3)[C@H](OCCCN(Cc3ccccc3)C(=O)OCc3ccccc3)O[C@@H]2COCc2ccccc2)O[C@H](COCc2ccccc2)[C@@H](OC(C)=O)[C@@H]1OCc1ccccc1,trichloroacetimidate,71,72,71,72
SG-a001451b35b8db20,a001451b35b8db20d5bfc570043dbc9cc1e7962bd27565b6caf08cb1f15a06d6,863,31-013-CAS-3374199,863,31-013-CAS-3374199,1,CC(=O)CCC(=O)O[C@@H]1[C@@H](OCc2ccccc2)[C@H](OCc2ccccc2)[C@@H](COC(C)=O)O[C@H]1Sc1ccc(C)cc1,CC(C)(C)[Si](OC[C@H]1O[C@H](O[C@H]2[C@H](OCc3ccccc3)[C@@H](OC(=O)c3ccccc3)[C@H]3OC[C@@H]2O3)[C@H](N=[N+]=[N-])[C@@H](OCc2ccc(Br)cc2)[C@@H]1O)(c1ccccc1)c1ccccc1,CC(=O)O[C@H]1[C@H](OCc2ccc(Br)cc2)[C@@H](N=[N+]=[N-])[C@@H](O[C@H]2[C@H](OCc3ccccc3)[C@@H](OC(=O)c3ccccc3)[C@H]3OC[C@@H]2O3)O[C@@H]1CO[Si](c1ccccc1)(c1ccccc1)C(C)(C)C,thioglycoside,50,51,4,3
SG-a07f224eb9558a0d,a07f224eb9558a0d4bf423bbc0ddc428e59cd0fde836cbb9b94982c08d928897,205,31-010-CAS-2078925,205,31-010-CAS-2078925,1,COC(=O)[C@H]1OC(OC(=N)C(Cl)(Cl)Cl)[C@H](OC(=O)CCC(C)=O)[C@@H](OCc2ccccc2)[C@@H]1OC(=O)OCC1c2ccccc2-c2ccccc21,CC(=O)OC[C@H]1O[C@@H](O[Si](C)(C)C(C)(C)C(C)C)[C@H](N=[N+]=[N-])[C@@H](OCc2ccccc2)[C@@H]1O,CC(=O)OC[C@H]1O[C@@H](O[Si](C)(C)C(C)(C)C(C)C)[C@H](N=[N+]=[N-])[C@@H](OCc2ccccc2)[C@@H]1OC(C)=O,trichloroacetimidate,31,32,31,32
SG-a0aca85a4c66ebb3,a0aca85a4c66ebb3a45fed8fcb26988d85d0d6a6d4b81ace1ab8c957e227869c,849,31-013-CAS-112694,849,31-013-CAS-112694,1,COc1ccc(CO[C@H]2[C@@H](OCc3ccc(O[Si](c4ccccc4)(c4ccccc4)C(C)(C)C)c(F)c3)[C@@H]3O[C@H](c4ccccc4)OC[C@H]3O[C@@H]2Sc2ccccc2)cc1,CO[C@H]1O[C@H](COCc2ccccc2)[C@@H](O)[C@H](OCc2ccccc2)[C@H]1N=[N+]=[N-],CO[C@H]1O[C@H](COCc2ccccc2)[C@@H](OC(C)=O)[C@H](OCc2ccccc2)[C@H]1N=[N+]=[N-],thioglycoside,14,15,14,15
SG-a0b591805b7a7763,a0b591805b7a77638141d28ab53e58c55f8f3c7f12dbfe8dc67c6609990216f8,461,31-010-CAS-1743385,461,31-010-CAS-1743385,1,CC(=O)OC[C@H]1O[C@@H](O[C@H]2[C@H](OCc3ccccc3)[C@@H](N3C(=O)C(C)=C(C)C3=O)[C@H](OC(=N)C(Cl)(Cl)Cl)O[C@@H]2COCc2ccccc2)[C@H](N2C(=O)C(C)=C(C)C2=O)[C@@H](OC(C)=O)[C@@H]1OC(C)=O,CC1=C(C)C(=O)N([C@H]2[C@H](O[C@H]3[C@H](OCc4ccccc4)[C@@H](N4C(=O)C(C)=C(C)C4=O)[C@H](O[C@H]4[C@H](OCc5ccccc5)[C@@H](N5C(=O)C(C)=C(C)C5=O)[C@H](O[C@H]5[C@H](OCc6ccccc6)[C@@H](N6C(=O)C(C)=C(C)C6=O)[C@H](OCc6ccccc6)O[C@@H]5COCc5ccccc5)O[C@@H]4COCc4ccccc4)O[C@@H]3COCc3ccccc3)O[C@H](COCc3ccccc3)[C@@H](O)[C@@H]2OCc2ccccc2)C1=O,CC(=O)O[C@H]1[C@H](OCc2ccccc2)[C@@H](N2C(=O)C(C)=C(C)C2=O)[C@H](O[C@H]2[C@H](OCc3ccccc3)[C@@H](N3C(=O)C(C)=C(C)C3=O)[C@H](O[C@H]3[C@H](OCc4ccccc4)[C@@H](N4C(=O)C(C)=C(C)C4=O)[C@H](O[C@H]4[C@H](OCc5ccccc5)[C@@H](N5C(=O)C(C)=C(C)C5=O)[C@H](OCc5ccccc5)O[C@@H]4COCc4ccccc4)O[C@@H]3COCc3ccccc3)O[C@@H]2COCc2ccccc2)O[C@@H]1COCc1ccccc1,trichloroacetimidate,127,128,4,3
SG-a0d76c0b3bd09d89,a0d76c0b3bd09d89f429106dff82a9070c7a42f8c7bc126ffe14d6caa5fb41fb,1082,31-614-CAS-44833731,1082,31-614-CAS-44833731,1,CCS[C@H]1O[C@@H](C)[C@@H](OCc2ccccc2)[C@@H](OCc2ccccc2)[C@@H]1OCc1ccccc1,CCS[C@@H]1O[C@H](COCc2ccccc2)[C@@H](O)[C@H](O)[C@H]1N1C(=O)c2ccccc2C1=O,CCS[C@@H]1O[C@H](COCc2ccccc2)[C@@H](OC(C)=O)[C@H](O)[C@H]1N1C(=O)c2ccccc2C1=O,thioglycoside,15,16,15,16
SG-a0ee214f22f9b33f,a0ee214f22f9b33f560e643dc3b4543d6766d7c0ef09c4ec6f899fc16e023245,1424,31-614-CAS-27466391,1424,31-614-CAS-27466391,1,O=C1c2ccccc2C(=O)N1[C@@H]1[C@@H](O)[C@H](O[C@@H]2O[C@@H]3CO[C@@H](c4ccccc4)O[C@H]3[C@H](OCc3ccccc3)[C@H]2N2C(=O)c3ccccc3C2=O)[C@@H](COCc2ccccc2)O[C@H]1S(=O)c1ccccc1,O=C1c2ccccc2C(=O)N1[C@@H]1[C@@H](O)[C@H](O[C@@H]2O[C@H](COCc3ccccc3)[C@@H](O)[C@H](OCc3ccccc3)[C@H]2N2C(=O)c3ccccc3C2=O)[C@@H](COCc2ccccc2)O[C@H]1Sc1ccccc1,CC(=O)O[C@H]1[C@H](OCc2ccccc2)[C@@H](N2C(=O)c3ccccc3C2=O)[C@H](O[C@H]2[C@H](O)[C@@H](N3C(=O)c4ccccc4C3=O)[C@H](Sc3ccccc3)O[C@@H]2COCc2ccccc2)O[C@@H]1COCc1ccccc1,thioglycoside,28,29,4,3
SG-a0eefc61e529e04d,a0eefc61e529e04d32529188cab6b7893c590b360d54bc051a25f45522bae386,488,31-010-CAS-12478494,488,31-010-CAS-12478494,1,CC(=O)O[C@H]1[C@H](OCc2ccccc2)[C@@H](N=[N+]=[N-])[C@H](O[C@H]2[C@H](OCc3ccccc3)[C@@H](N3C(=O)c4ccccc4C3=O)C(OC(=N)C(Cl)(Cl)Cl)O[C@@H]2COCc2ccccc2)O[C@@H]1COCc1ccccc1,CC(C)(C)[Si](C)(C)O[C@@H]1O[C@H](COCc2ccccc2)[C@@H](O[C@@H]2O[C@H](COCc3ccccc3)[C@@H](O)[C@H](OCc3ccccc3)[C@H]2N=[N+]=[N-])[C@H](OCc2ccccc2)[C@H]1N1C(=O)c2ccccc2C1=O,CC(=O)O[C@H]1[C@H](OCc2ccccc2)[C@@H](N=[N+]=[N-])[C@H](O[C@H]2[C@H](OCc3ccccc3)[C@@H](N3C(=O)c4ccccc4C3=O)[C@H](O[Si](C)(C)C(C)(C)C)O[C@@H]2COCc2ccccc2)O[C@@H]1COCc1ccccc1,trichloroacetimidate,34,35,4,3
SG-a131dfd69880ce6c,a131dfd69880ce6cb611d88336fa25fee3d691b6b763a3ffc4da19976ca61de8,1112,31-013-CAS-15189017,1112;1113,31-013-CAS-15189017;31-013-CAS-2282258,2,CCS[C@@H]1O[C@@H]2CO[C@@H](c3ccccc3)O[C@H]2[C@H](OCc2ccccc2)[C@H]1OCc1ccccc1,CC(=O)O[C@H]1[C@H](O[C@H]2[C@@H](O)[C@@H](COCc3ccccc3)O[C@@H](O[C@@H]3[C@H](OCc4ccccc4)[C@@H](OCCCNC(=O)OCc4ccccc4)O[C@H](COCc4ccccc4)[C@H]3OCc3ccccc3)[C@@H]2NC(=O)OCC(Cl)(Cl)Cl)O[C@H](COCc2ccccc2)[C@@H](OCc2ccccc2)[C@@H]1OCc1ccccc1,CC(=O)O[C@@H]1[C@H](O[C@@H]2O[C@H](COCc3ccccc3)[C@@H](OCc3ccccc3)[C@H](OCc3ccccc3)[C@H]2OC(C)=O)[C@@H](NC(=O)OCC(Cl)(Cl)Cl)[C@H](O[C@@H]2[C@H](OCc3ccccc3)[C@@H](OCCCNC(=O)OCc3ccccc3)O[C@H](COCc3ccccc3)[C@H]2OCc2ccccc2)O[C@@H]1COCc1ccccc1,thioglycoside,8,9,4,3
SG-a1405c290b0837bf,a1405c290b0837bfaa298b44432970c8dae9cbb0efab3041f352f32fdd582b07,1428,31-013-CAS-13075291,1428,31-013-CAS-13075291,1,CCS[C@@H]1O[C@@H]2CO[C@H](c3ccccc3)O[C@@H]2[C@H](OC(=O)OCC2c3ccccc3-c3ccccc32)[C@H]1OC(=O)c1ccccc1,COc1ccc(O[C@@H]2O[C@H](COCc3ccccc3)[C@@H](O)[C@H](OCc3ccccc3)[C@H]2N2C(=O)c3ccccc3C2=O)cc1,COc1ccc(O[C@@H]2O[C@H](COCc3ccccc3)[C@@H](OC(C)=O)[C@H](OCc3ccccc3)[C@H]2N2C(=O)c3ccccc3C2=O)cc1,thioglycoside,19,20,19,20
SG-a1e9d74b7699ea8c,a1e9d74b7699ea8cec7453818f7aecce7c1c7d66ea9998691e31ba8d4403b564,230,31-010-CAS-13046518,230,31-010-CAS-13046518,1,CC(=O)OC[C@H]1O[C@@H](OC(=N)C(Cl)(Cl)Cl)[C@H](N2C(=O)c3ccccc3C2=O)[C@@H](OC(C)=O)[C@@H]1OC(C)=O,COc1ccc(O[C@@H]2O[C@H](COCc3ccccc3)[C@@H](O[C@@H]3O[C@H](COCc4ccccc4)[C@@H](O)[C@H](OCc4ccccc4)[C@H]3N3C(=O)c4ccccc4C3=O)[C@H](OCc3ccccc3)[C@H]2N2C(=O)c3ccccc3C2=O)cc1,COc1ccc(O[C@@H]2O[C@H](COCc3ccccc3)[C@@H](O[C@@H]3O[C@H](COCc4ccccc4)[C@@H](OC(C)=O)[C@H](OCc4ccccc4)[C@H]3N3C(=O)c4ccccc4C3=O)[C@H](OCc3ccccc3)[C@H]2N2C(=O)c3ccccc3C2=O)cc1,trichloroacetimidate,33,34,33,34
SG-a2161ccb7936ab71,a2161ccb7936ab7107d5828676adba65549491b40833d011f29d7f108b394c58,778,31-013-CAS-21359743,778;779,31-013-CAS-21359743;31-013-CAS-10424211,2,COC(=O)[C@H]1O[C@@H](O[C@H]2[C@H](OCc3ccc(OC)cc3)[C@@H](N=[N+]=[N-])[C@@H](O[C@H]3[C@H](OCc4ccccc4)[C@@H](OC(=O)c4ccccc4)[C@@H](Sc4ccc(C)cc4)O[C@H]3C(=O)OC)O[C@@H]2COc2ccc(OC)cc2)[C@H](OCc2ccccc2)[C@@H](OCc2ccccc2)[C@@H]1O[C@H]1O[C@H](COC(=O)c2ccccc2)[C@@H](OCc2ccccc2)[C@H](OCc2ccccc2)[C@H]1N=[N+]=[N-],CO[C@H]1O[C@H](COC(=O)c2ccccc2)[C@@H](O)[C@H](OCc2ccccc2)[C@H]1N=[N+]=[N-],CO[C@H]1O[C@H](COC(=O)c2ccccc2)[C@@H](OC(C)=O)[C@H](OCc2ccccc2)[C@H]1N=[N+]=[N-],thioglycoside,15,16,15,16
SG-a21b0b9d40439600,a21b0b9d404396005d08cd8985382715fa72c23d4116ea7ae97f5ab5e4ef94b0,30,31-010-CAS-8555525,30,31-010-CAS-8555525,1,CC(=O)OC[C@H]1O[C@H](OC(=N)C(Cl)(Cl)Cl)[C@H](OC(C)=O)[C@@H](OC(C)=O)[C@@H]1OC(C)=O,O=C1c2c(Cl)c(Cl)c(Cl)c(Cl)c2C(=O)N1[C@H]1[C@H](Oc2ccc([N+](=O)[O-])cc2)O[C@H](COCc2ccccc2)[C@@H](O)[C@@H]1O,CC(=O)O[C@H]1[C@H](O)[C@@H](N2C(=O)c3c(Cl)c(Cl)c(Cl)c(Cl)c3C2=O)[C@H](Oc2ccc([N+](=O)[O-])cc2)O[C@@H]1COCc1ccccc1,trichloroacetimidate,38,39,4,3
SG-a2482218e9a82027,a2482218e9a82027cc339e103649a4bb25df34448fc580297e264b55fae6db78,504,31-010-CAS-10204303,504,31-010-CAS-10204303,1,CC(=O)OC[C@H]1O[C@H](OC[C@H]2O[C@@H](O[C@H]3[C@H](OC(C)=O)[C@@H](N4C(=O)c5ccccc5C4=O)[C@H](OC(=N)C(Cl)(Cl)Cl)O[C@@H]3COC(C)=O)[C@@H](OC(C)=O)[C@@H](O[C@H]3O[C@H](COC(C)=O)[C@@H](OC(C)=O)[C@H](OC(C)=O)[C@@H]3O[C@@H]3O[C@H](COC(C)=O)[C@@H](OC(C)=O)[C@H](OC(C)=O)[C@H]3N3C(=O)c4ccccc4C3=O)[C@@H]2OC(C)=O)[C@@H](OC(C)=O)[C@@H](OC(C)=O)[C@@H]1OC(C)=O,COc1ccc(CO[C@H]2[C@H](O)[C@@H](CO[C@@H]3O[C@@H](C)[C@@H](OC(C)=O)[C@@H](OC(C)=O)[C@@H]3OCc3ccccc3)O[C@@H](OCc3ccccc3)[C@@H]2N2C(=O)c3ccccc3C2=O)cc1,COc1ccc(CO[C@H]2[C@H](OC(C)=O)[C@@H](CO[C@@H]3O[C@@H](C)[C@@H](OC(C)=O)[C@@H](OC(C)=O)[C@@H]3OCc3ccccc3)O[C@@H](OCc3ccccc3)[C@@H]2N2C(=O)c3ccccc3C2=O)cc1,trichloroacetimidate,9,10,9,10
SG-a29e8deaf7a08778,a29e8deaf7a08778e993f366ea3d13926d055540d6a29aa1ce270d137410bf5e,1352,31-013-CAS-8661272,1352,31-013-CAS-8661272,1,Cc1ccc(S[C@@H]2O[C@@H](C)[C@@H](OCc3ccccc3)[C@@H](OCc3ccccc3)[C@@H]2OCc2ccccc2)cc1,Cc1ccc(S[C@@H]2O[C@H](COCc3ccccc3)[C@H](O)[C@@H]3OC(=O)N(Cc4ccccc4)[C@H]32)cc1,CC(=O)O[C@@H]1[C@@H]2OC(=O)N(Cc3ccccc3)[C@H]2[C@H](Sc2ccc(C)cc2)O[C@@H]1COCc1ccccc1,thioglycoside,18,19,4,3
SG-a2b8a6542bfb1374,a2b8a6542bfb1374d9a91526e04928407fc69b443263e24d1ab6b06f16338e9c,83,31-010-CAS-12756824,83,31-010-CAS-12756824,1,N=C(O[C@@H]1O[C@@H]2CO[C@@H](c3ccccc3)O[C@H]2[C@H](OCc2ccccc2)[C@H]1N1C(=O)c2ccccc2C1=O)C(Cl)(Cl)Cl,CCS[C@@H]1O[C@H](COCc2ccccc2)[C@@H](O)[C@H](OCc2ccccc2)[C@H]1N1C(=O)c2ccccc2C1=O,CCS[C@@H]1O[C@H](COCc2ccccc2)[C@@H](OC(C)=O)[C@H](OCc2ccccc2)[C@H]1N1C(=O)c2ccccc2C1=O,trichloroacetimidate,15,16,15,16
SG-a2d49d12ed4b7d99,a2d49d12ed4b7d99cb606bcb4e81b6688fa15f93c3264a90335286ce401fc4d9,1539,31-357-CAS-6725732,1539,31-357-CAS-6725732,1,CC(=O)O[C@H]1[C@H](O[C@@H]2O[C@H](COCc3ccccc3)[C@@H](OC(=O)CCl)[C@H](OC(C)=O)[C@H]2N2C(=O)c3c(Cl)c(Cl)c(Cl)c(Cl)c3C2=O)[C@@H](COCc2ccccc2)O[C@@H](Sc2ccccc2)[C@@H]1N1C(=O)c2c(Cl)c(Cl)c(Cl)c(Cl)c2C1=O,CC(=O)O[C@H]1[C@H](O[C@@H]2O[C@H](COCc3ccccc3)[C@@H](O)[C@H](OC(C)=O)[C@H]2N2C(=O)c3c(Cl)c(Cl)c(Cl)c(Cl)c3C2=O)[C@@H](COCc2ccccc2)O[C@@H](Sc2ccccc2)[C@@H]1N1C(=O)c2c(Cl)c(Cl)c(Cl)c(Cl)c2C1=O,CC(=O)O[C@H]1[C@H](O[C@@H]2O[C@H](COCc3ccccc3)[C@@H](OC(C)=O)[C@H](OC(C)=O)[C@H]2N2C(=O)c3c(Cl)c(Cl)c(Cl)c(Cl)c3C2=O)[C@@H](COCc2ccccc2)O[C@@H](Sc2ccccc2)[C@@H]1N1C(=O)c2c(Cl)c(Cl)c(Cl)c(Cl)c2C1=O,thioglycoside,19,20,19,20
SG-a36efe82fb9589b1,a36efe82fb9589b12ff7ba83b73c299456a447bb16b383bee436911c9fcae6fa,266,31-010-CAS-3244651,266,31-010-CAS-3244651,1,CC(=O)O[C@H]1[C@H]2O[C@@H](c3ccccc3)OC[C@H]2O[C@H](OC(=N)C(Cl)(Cl)Cl)[C@@H]1OC(C)=O,O=C1c2ccccc2C(=O)N1[C@@H]1[C@@H](OCc2ccccc2)[C@H](O)[C@@H](COCc2ccccc2)O[C@H]1Sc1ccc(Cl)cc1,CC(=O)O[C@H]1[C@H](OCc2ccccc2)[C@@H](N2C(=O)c3ccccc3C2=O)[C@H](Sc2ccc(Cl)cc2)O[C@@H]1COCc1ccccc1,trichloroacetimidate,21,22,4,3
SG-a3a0870b4fffedc4,a3a0870b4fffedc4e7ff8d54447805a8e93b152e1407a32496437698a087ffd5,150,31-010-CAS-12546258,150,31-010-CAS-12546258,1,COC(=O)[C@H]1O[C@H](OC(=N)C(Cl)(Cl)Cl)[C@H](OCc2ccccc2)[C@@H](OCc2ccccc2)[C@@H]1OCc1ccccc1,COC(=O)[C@H]1O[C@@H]2OC(C)(C)O[C@@H]2[C@@H](OCc2ccccc2)[C@@H]1O[C@H]1O[C@H](COCc2ccccc2)[C@@H](O)[C@H](OCc2ccccc2)[C@H]1N=[N+]=[N-],COC(=O)[C@H]1O[C@@H]2OC(C)(C)O[C@@H]2[C@@H](OCc2ccccc2)[C@@H]1O[C@H]1O[C@H](COCc2ccccc2)[C@@H](OC(C)=O)[C@H](OCc2ccccc2)[C@H]1N=[N+]=[N-],trichloroacetimidate,36,37,36,37
SG-a3a53f9d06752250,a3a53f9d0675225086189adf33cd55e4ed3432abdb204e1ff11540a2a1e079a5,1370,31-013-CAS-2148806,1370,31-013-CAS-2148806,1,CCS[C@@H]1O[C@H](COCc2ccccc2)[C@H](OC(C)=O)[C@H](OCc2ccccc2)[C@H]1N1C(=O)c2ccccc2C1=O,CCCCCCCCO[C@H]1O[C@H](COCc2ccccc2)[C@@H](OCc2ccccc2)[C@H](OCc2ccccc2)[C@@H]1O[C@@H]1O[C@H](COCc2ccccc2)[C@@H](O)[C@H](OCc2ccccc2)[C@H]1N1C(=O)c2ccccc2C1=O,CCCCCCCCO[C@H]1O[C@H](COCc2ccccc2)[C@@H](OCc2ccccc2)[C@H](OCc2ccccc2)[C@@H]1O[C@@H]1O[C@H](COCc2ccccc2)[C@@H](OC(C)=O)[C@H](OCc2ccccc2)[C@H]1N1C(=O)c2ccccc2C1=O,thioglycoside,53,54,53,54
SG-a3aea81bb4a84ae4,a3aea81bb4a84ae4a1195c36d3a5432b0b36723cbf0e493b4ad7b37bb9c52416,1470,31-013-CAS-16968436,1470,31-013-CAS-16968436,1,CC(=O)O[C@H]1[C@@H]2O[C@H](c3ccccc3)OC[C@H]2O[C@@H](Sc2ccc(C)cc2)[C@@H]1N1C(=O)c2ccccc2C1=O,CC(=O)N[C@H]1[C@@H](OCc2ccccc2)O[C@H](COC(C)=O)[C@@H](O)[C@@H]1O[C@H](C)C(=O)N[C@@H](C)C(=O)OCC[Si](C)(C)C,CC(=O)N[C@H]1[C@@H](OCc2ccccc2)O[C@H](COC(C)=O)[C@@H](OC(C)=O)[C@@H]1O[C@H](C)C(=O)N[C@@H](C)C(=O)OCC[Si](C)(C)C,thioglycoside,21,22,21,22
SG-a3f55ef41a3b2f2d,a3f55ef41a3b2f2d60e9903c90087c241c45a8b34fc8831f50ad302a18497937,1210,31-013-CAS-3582973,1210,31-013-CAS-3582973,1,CC(=O)O[C@H]1[C@H](OCc2ccccc2)[C@H](N2C(=O)c3ccccc3C2=O)[C@@H](Sc2ccccc2)O[C@@H]1CN=[N+]=[N-],CO[C@H]1O[C@H](CN=[N+]=[N-])[C@@H](O[C@H]2O[C@H](CN=[N+]=[N-])[C@@H](O)[C@H](OCc3ccccc3)[C@@H]2N2C(=O)c3ccccc3C2=O)[C@H](OCc2ccccc2)[C@@H]1N1C(=O)c2ccccc2C1=O,CO[C@H]1O[C@H](CN=[N+]=[N-])[C@@H](O[C@H]2O[C@H](CN=[N+]=[N-])[C@@H](OC(C)=O)[C@H](OCc3ccccc3)[C@@H]2N2C(=O)c3ccccc3C2=O)[C@H](OCc2ccccc2)[C@@H]1N1C(=O)c2ccccc2C1=O,thioglycoside,18,19,18,19
SG-a4207e09e329c21b,a4207e09e329c21b9234e7f8d63ea2e9602e07a5850adeda642bf06af5ef7c34,183,31-010-CAS-4294380,183,31-010-CAS-4294380,1,CC(=O)OC[C@H]1O[C@H](OC(=N)C(Cl)(Cl)Cl)[C@@H](OCc2ccccc2)[C@@H](OCc2ccccc2)[C@@H]1OCc1ccccc1,CC1(C)O[C@@H]2[C@H](OCc3ccccc3)[C@@H](OCc3ccccc3)[C@H](OCc3ccccc3)[C@@H](O[C@H]3O[C@H](COCc4ccccc4)[C@@H](O)[C@H](OCc4ccccc4)[C@H]3N=[N+]=[N-])[C@@H]2O1,CC(=O)O[C@H]1[C@H](OCc2ccccc2)[C@@H](N=[N+]=[N-])[C@@H](O[C@@H]2[C@@H](OCc3ccccc3)[C@H](OCc3ccccc3)[C@@H](OCc3ccccc3)[C@H]3OC(C)(C)O[C@@H]23)O[C@@H]1COCc1ccccc1,trichloroacetimidate,46,47,4,3
SG-a4336bf40b04e11b,a4336bf40b04e11bc7fef6352e2a53ee79002125e17dffade0647c7ae7f10141,557,31-010-CAS-4898944,557,31-010-CAS-4898944,1,COC(=O)[C@@]1(O[C@H]2[C@@H](OC(=O)c3ccccc3)[C@@H](COC(=O)c3ccccc3)O[C@@H](OC(=N)C(Cl)(Cl)Cl)[C@@H]2OC(=O)c2ccccc2)C[C@H](OC(C)=O)[C@@H](NC(C)=O)[C@H]([C@H](OC(C)=O)[C@@H](COC(C)=O)OC(C)=O)O1,COc1ccc(CO[C@H]2[C@H](O)[C@@H](COCc3ccccc3)O[C@@H](OC[C@H]3O[C@H](O[C@H]4[C@@H](OCc5ccccc5)[C@@H](COCc5ccccc5)O[C@@H](O[C@H]5[C@H](OCc6ccccc6)[C@@H](OCc6ccccc6)[C@H](OCC[Si](C)(C)C)O[C@@H]5COCc5ccccc5)[C@@H]4OCc4ccccc4)[C@H](NC(C)=O)[C@H]4OC(C)(C)O[C@H]43)[C@@H]2NC(C)=O)cc1,COc1ccc(CO[C@@H]2[C@@H](NC(C)=O)[C@H](OC[C@H]3O[C@H](O[C@H]4[C@@H](OCc5ccccc5)[C@@H](COCc5ccccc5)O[C@@H](O[C@H]5[C@H](OCc6ccccc6)[C@@H](OCc6ccccc6)[C@H](OCC[Si](C)(C)C)O[C@@H]5COCc5ccccc5)[C@@H]4OCc4ccccc4)[C@H](NC(C)=O)[C@H]4OC(C)(C)O[C@H]43)O[C@H](COCc3ccccc3)[C@H]2OC(C)=O)cc1,trichloroacetimidate,9,10,114,115
SG-a44048a9b80939e4,a44048a9b80939e4eb36d406387d180a2a5387e298ef82a8217a909680dbd237,526,31-010-CAS-12677291,526,31-010-CAS-12677291,1,CC(=O)OC[C@H]1O[C@H](O[C@H]2[C@H](OCc3ccccc3)[C@@H](OC(=O)c3ccccc3)C(OC(=N)C(Cl)(Cl)Cl)O[C@H]2COC(=O)CCl)[C@H](N=[N+]=[N-])[C@@H](OCc2ccccc2)[C@@H]1OCc1ccccc1,COc1ccc(O[C@@H]2O[C@@H](COC(=O)CCl)[C@@H](O[C@H]3O[C@H](COC(C)=O)[C@@H](O[C@@H]4O[C@@H](COC(=O)CCl)[C@@H](O[C@H]5O[C@H](COC(C)=O)[C@@H](O[C@@H]6O[C@@H](COC(=O)CCl)[C@@H](O[C@H]7O[C@H](COC(C)=O)[C@@H](O)[C@H](OCc8ccccc8)[C@H]7N=[N+]=[N-])[C@H](OCc7ccccc7)[C@H]6OC(=O)c6ccccc6)[C@H](OCc6ccccc6)[C@H]5N=[N+]=[N-])[C@H](OCc5ccccc5)[C@H]4OC(=O)c4ccccc4)[C@H](OCc4ccccc4)[C@H]3N=[N+]=[N-])[C@H](OCc3ccccc3)[C@H]2OC(=O)c2ccccc2)cc1,COc1ccc(O[C@@H]2O[C@@H](COC(=O)CCl)[C@@H](O[C@H]3O[C@H](COC(C)=O)[C@@H](O[C@@H]4O[C@@H](COC(=O)CCl)[C@@H](O[C@H]5O[C@H](COC(C)=O)[C@@H](O[C@@H]6O[C@@H](COC(=O)CCl)[C@@H](O[C@H]7O[C@H](COC(C)=O)[C@@H](OC(C)=O)[C@H](OCc8ccccc8)[C@H]7N=[N+]=[N-])[C@H](OCc7ccccc7)[C@H]6OC(=O)c6ccccc6)[C@H](OCc6ccccc6)[C@H]5N=[N+]=[N-])[C@H](OCc5ccccc5)[C@H]4OC(=O)c4ccccc4)[C@H](OCc4ccccc4)[C@H]3N=[N+]=[N-])[C@H](OCc3ccccc3)[C@H]2OC(=O)c2ccccc2)cc1,trichloroacetimidate,68,69,68,69
SG-a466fed664de9ccc,a466fed664de9ccca647a6c784fe9bde9dacc2e555fc3e43dc12872d0bb54bea,752,31-013-CAS-7571275,752,31-013-CAS-7571275,1,COC(=O)[C@H]1O[C@@H](O[C@H]2[C@H](OCc3ccccc3)[C@@H](N=[N+]=[N-])[C@@H](O[C@H]3[C@H](OCc4ccccc4)[C@@H](OC(=O)c4ccccc4)[C@H](Sc4ccccc4)O[C@H]3C(=O)OC)O[C@@H]2COC(C)=O)[C@H](OC(C)=O)[C@@H](OCc2ccccc2)[C@@H]1OC(=O)CCC(C)=O,CO[C@H]1O[C@H](COC(=O)c2ccccc2)[C@@H](O)[C@H](OCc2ccccc2)[C@H]1N=[N+]=[N-],CO[C@H]1O[C@H](COC(=O)c2ccccc2)[C@@H](OC(C)=O)[C@H](OCc2ccccc2)[C@H]1N=[N+]=[N-],thioglycoside,15,16,15,16
SG-a4c60333c65707f8,a4c60333c65707f8ef37d84749eb8fd0a3eeb5d866146c0b69c4cc65a7ffcaba,1339,31-013-CAS-10274383,1339,31-013-CAS-10274383,1,CC(C)(C)[Si](C)(C)OC[C@H]1O[C@@H](Sc2ccccc2)[C@H](N2C(=O)c3ccccc3C2=O)[C@@H](OC(=O)c2ccccc2)[C@@H]1OC(=O)c1ccccc1,COc1ccc(CO[C@@H]2O[C@H](CO[Si](C)(C)C(C)(C)C)[C@@H](O)[C@H](OC(C)=O)[C@H]2N2C(=O)c3ccccc3C2=O)cc1,COc1ccc(CO[C@@H]2O[C@H](CO[Si](C)(C)C(C)(C)C)[C@@H](OC(C)=O)[C@H](OC(C)=O)[C@H]2N2C(=O)c3ccccc3C2=O)cc1,thioglycoside,20,21,20,21
SG-a4f1c8a8a09845a4,a4f1c8a8a09845a4e409f0609c11fdd12984c5585ff45d5b36ec088cf4e01fd5,489,31-010-CAS-2073987,489,31-010-CAS-2073987,1,COC(=O)[C@@]1(O[C@H]2[C@@H](OC(=O)c3ccccc3)[C@@H](COC(=O)c3ccccc3)OC(OC(=N)C(Cl)(Cl)Cl)[C@@H]2OC(=O)c2ccccc2)C[C@H](OC(C)=O)[C@@H](NC(=O)C(F)(F)F)[C@H]([C@H](OC(C)=O)[C@@H](COC(C)=O)OC(C)=O)O1,COc1ccc(OC[C@H]2O[C@@H](O[C@H]3[C@@H](OCc4ccccc4)[C@@H](COCc4ccccc4)O[C@@H](O[C@H]4[C@H](OCc5ccccc5)[C@@H](OCc5ccccc5)[C@H](OCC[Si](C)(C)C)O[C@@H]4COCc4ccccc4)[C@@H]3OCc3ccccc3)[C@H](NC(C)=O)[C@@H](OCc3ccccc3)[C@@H]2O)cc1,COc1ccc(OC[C@H]2O[C@@H](O[C@H]3[C@@H](OCc4ccccc4)[C@@H](COCc4ccccc4)O[C@@H](O[C@H]4[C@H](OCc5ccccc5)[C@@H](OCc5ccccc5)[C@H](OCC[Si](C)(C)C)O[C@@H]4COCc4ccccc4)[C@@H]3OCc3ccccc3)[C@H](NC(C)=O)[C@@H](OCc3ccccc3)[C@@H]2OC(C)=O)cc1,trichloroacetimidate,96,97,96,97
SG-a51d6b80fe6abeb9,a51d6b80fe6abeb95a53703cba06711ed4b02154824d85c68427e11b2599b902,1129,31-013-CAS-9842389,1129,31-013-CAS-9842389,1,CCS[C@H]1O[C@H](C)[C@@H](NC(=O)[C@@H]2CCO[C@@H](c3ccccc3)O2)[C@H](OCc2ccccc2)[C@@H]1OC,COC(=O)CCCCCO[C@H]1O[C@H](C)[C@@H](NC(=O)[C@@H]2CCO[C@@H](c3ccccc3)O2)[C@H](OCc2ccccc2)[C@@H]1O[C@H]1O[C@H](C)[C@@H](NC(=O)[C@@H]2CCO[C@@H](c3ccccc3)O2)[C@H](OCc2ccccc2)[C@@H]1O[C@H]1O[C@H](C)[C@@H](NC(=O)[C@@H]2CCO[C@@H](c3ccccc3)O2)[C@H](OCc2ccccc2)[C@@H]1O,COC(=O)CCCCCO[C@H]1O[C@H](C)[C@@H](NC(=O)[C@@H]2CCO[C@@H](c3ccccc3)O2)[C@H](OCc2ccccc2)[C@@H]1O[C@H]1O[C@H](C)[C@@H](NC(=O)[C@@H]2CCO[C@@H](c3ccccc3)O2)[C@H](OCc2ccccc2)[C@@H]1O[C@H]1O[C@H](C)[C@@H](NC(=O)[C@@H]2CCO[C@@H](c3ccccc3)O2)[C@H](OCc2ccccc2)[C@@H]1OC(C)=O,thioglycoside,101,102,101,102
SG-a558aeee957d655e,a558aeee957d655e756e801bd47c0b1401037fc9d7ba2a0af7c718cf605f359f,701,31-614-CAS-24965272,701,31-614-CAS-24965272,1,CC(C)(C)[Si](C)(C)O[C@H]1[C@@H]2O[C@H](c3ccccc3)OC[C@H]2O[C@H](S(=O)c2ccccc2)[C@H]1OCc1ccccc1,C=CCCCO[C@@H]1O[C@H](COCc2ccccc2)[C@@H](O)[C@H](OCc2ccccc2)[C@H]1N=[N+]=[N-],C=CCCCO[C@@H]1O[C@H](COCc2ccccc2)[C@@H](OC(C)=O)[C@H](OCc2ccccc2)[C@H]1N=[N+]=[N-],thioglycoside,18,19,18,19
SG-a55bfa733f097c99,a55bfa733f097c99bfc8b2fe37a962be633e50183ecc8c48dc54f84cbc3e389b,697,31-013-CAS-15171815,697,31-013-CAS-15171815,1,CCS[C@H]1O[C@H](C)[C@@H](N=[N+]=[N-])[C@H](OCc2ccccc2)[C@@H]1O[C@H]1O[C@H](C)[C@@H](N=[N+]=[N-])[C@H](OCc2ccccc2)[C@@H]1O[C@H]1O[C@H](C)[C@@H](N=[N+]=[N-])[C@H](OCc2ccccc2)[C@@H]1O[C@H]1O[C@H](C)[C@@H](N=[N+]=[N-])[C@H](OCc2ccccc2)[C@@H]1OC(C)=O,COC(=O)CCCCCO[C@H]1O[C@H](C)[C@@H](N=[N+]=[N-])[C@H](OCc2ccccc2)[C@@H]1O[C@H]1O[C@H](C)[C@@H](N=[N+]=[N-])[C@H](OCc2ccccc2)[C@@H]1O,COC(=O)CCCCCO[C@H]1O[C@H](C)[C@@H](N=[N+]=[N-])[C@H](OCc2ccccc2)[C@@H]1O[C@H]1O[C@H](C)[C@@H](N=[N+]=[N-])[C@H](OCc2ccccc2)[C@@H]1OC(C)=O,thioglycoside,46,47,46,47
SG-a55feda1d82c423b,a55feda1d82c423be6151698d534962df25564b298371bb1d6c828f2e8469d4c,563,31-010-CAS-9358549,563,31-010-CAS-9358549,1,CC(=O)O[C@H]1[C@H](OCc2ccccc2)[C@@H](COCc2ccccc2)OC(OC(=Nc2ccccc2)C(F)(F)F)[C@@H]1OCc1ccccc1,CO[C@H]1O[C@H](COCc2ccccc2)[C@H](O)[C@H](OC(C)=O)[C@H]1N=[N+]=[N-],CO[C@H]1O[C@H](COCc2ccccc2)[C@H](OC(C)=O)[C@H](OC(C)=O)[C@H]1N=[N+]=[N-],trifluoroacetimidate,14,15,14,15
SG-a5784f5edbe753fc,a5784f5edbe753fc4c1bded1aabafa3bee18e358e31f38d3cb4ad862d062f671,1560,31-013-CAS-7871468,1560,31-013-CAS-7871468,1,COC(=O)[C@@]1(O[C@H]2[C@H]3O[C@@H](c4ccccc4)OC[C@H]3O[C@@H](Sc3ccccc3)[C@@H]2OC(=O)c2ccccc2)C[C@@H]2OC(=O)N[C@H]2[C@H]([C@H](OC(=O)CCl)[C@@H](COC(=O)CCl)OC(=O)CCl)O1,CC(C)(C)[Si](C)(C)O[C@H]1[C@H](OCc2ccccc2)[C@@H](OC(=O)c2ccccc2)[C@H](O[C@@H]2[C@H](O[C@@H]3O[C@H](COCc4ccccc4)[C@@H](O)[C@H](OCc4ccccc4)[C@H]3N3C(=O)c4ccccc4C3=O)[C@@H](OC(=O)c3ccccc3)[C@H](OCCN=[N+]=[N-])O[C@@H]2COCc2ccccc2)O[C@@H]1COCc1ccccc1,CC(=O)O[C@H]1[C@H](OCc2ccccc2)[C@@H](N2C(=O)c3ccccc3C2=O)[C@H](O[C@H]2[C@@H](O[C@@H]3O[C@H](COCc4ccccc4)[C@@H](O[Si](C)(C)C(C)(C)C)[C@H](OCc4ccccc4)[C@H]3OC(=O)c3ccccc3)[C@@H](COCc3ccccc3)O[C@@H](OCCN=[N+]=[N-])[C@@H]2OC(=O)c2ccccc2)O[C@@H]1COCc1ccccc1,thioglycoside,45,46,4,3
SG-a5f0bb5e51d3e407,a5f0bb5e51d3e4070974f3bab61d50f9f2e03cfe817cf74a17ce8c9972511fad,346,31-010-CAS-21359729,346;347,31-010-CAS-21359729;31-010-CAS-7790716,2,C=CCOC(=O)O[C@H]1[C@H](OC(=N)C(Cl)(Cl)Cl)O[C@H](C(=O)OC)[C@@H](O[C@H]2O[C@H](COC(=O)c3ccccc3)[C@@H](OCc3ccccc3)[C@H](OCc3ccccc3)[C@H]2N=[N+]=[N-])[C@@H]1OCc1ccccc1,COC(=O)[C@@H]1O[C@H](Sc2ccc(C)cc2)[C@H](OC(=O)c2ccccc2)[C@@H](OCc2ccccc2)[C@@H]1O[C@H]1O[C@H](COc2ccc(OC)cc2)[C@@H](O)[C@@H]2OC(=O)N[C@@H]12,COC(=O)[C@@H]1O[C@H](Sc2ccc(C)cc2)[C@H](OC(=O)c2ccccc2)[C@@H](OCc2ccccc2)[C@@H]1O[C@H]1O[C@H](COc2ccc(OC)cc2)[C@@H](OC(C)=O)[C@@H]2OC(=O)N[C@@H]12,trichloroacetimidate,49,50,49,50
SG-a6c4b26ed7d88333,a6c4b26ed7d88333d9b4fb283f4cb8d253e5686bdbbcdfd8fde1ea02cf05e7bc,1049,31-013-CAS-7571329,1049;1050,31-013-CAS-7571329;31-013-CAS-2474397,2,CC(=O)CCC(=O)O[C@@H]1[C@@H](OCc2ccccc2)[C@@H](OCc2ccccc2)[C@@H](COCc2ccccc2)O[C@H]1Sc1ccc(C)cc1,CC(=O)CCC(=O)O[C@H]1[C@H](O)[C@@H](COCc2ccccc2)O[C@@H](Sc2ccc(C)cc2)[C@@H]1NC(=O)OCC(Cl)(Cl)Cl,CC(=O)CCC(=O)O[C@@H]1[C@@H](NC(=O)OCC(Cl)(Cl)Cl)[C@H](Sc2ccc(C)cc2)O[C@H](COCc2ccccc2)[C@H]1OC(C)=O,thioglycoside,9,10,39,40
SG-a6dd5321b28ae5cf,a6dd5321b28ae5cf7fffbc074c7e2e25d7fd3a12e642f7e08d17b9f3dea1236f,945,31-013-CAS-16004431,945,31-013-CAS-16004431,1,CCS[C@@H]1O[C@@H]2CO[C@@H](c3ccccc3)O[C@H]2[C@H](OC(=O)c2ccccc2)[C@H]1OC(=O)c1ccccc1,[N-]=[N+]=N[C@H]1[C@H](OCCOCCN(Cc2ccccc2)C(=O)OCc2ccccc2)O[C@H](COC(=O)c2ccccc2)[C@@H](O)[C@@H]1OCc1ccccc1,CC(=O)O[C@H]1[C@H](OCc2ccccc2)[C@@H](N=[N+]=[N-])[C@H](OCCOCCN(Cc2ccccc2)C(=O)OCc2ccccc2)O[C@@H]1COC(=O)c1ccccc1,thioglycoside,41,42,4,3
SG-a6e08de40f759766,a6e08de40f75976608e66f22278779f4cc8881ec1eb596698f0756a5699d4a99,1331,31-614-CAS-39834134,1331,31-614-CAS-39834134,1,Cc1ccc(S[C@@H]2O[C@H]3CO[Si](C(C)(C)C)(C(C)(C)C)O[C@H]3[C@H](OCc3ccccc3)[C@H]2OC(=O)c2ccccc2)cc1,COc1ccc(O[C@@H]2O[C@H](COCc3ccccc3)[C@@H](O)[C@H](OCc3ccccc3)[C@H]2N2C(=O)c3ccccc3C2=O)cc1,COc1ccc(O[C@@H]2O[C@H](COCc3ccccc3)[C@@H](OC(C)=O)[C@H](OCc3ccccc3)[C@H]2N2C(=O)c3ccccc3C2=O)cc1,thioglycoside,19,20,19,20
SG-a70e3fe20b094ebc,a70e3fe20b094ebcde0f5c0373f99c2d747e254af2219106bf71a55aca87363b,600,31-010-CAS-22375200,600,31-010-CAS-22375200,1,CC(=O)CCC(=O)O[C@H]1C(OC(=Nc2ccccc2)C(F)(F)F)O[C@H](COCc2ccccc2)[C@H](OCc2ccccc2)[C@@H]1OCc1ccccc1,CCS[C@@H]1O[C@H](COCc2ccccc2)[C@@H](O)[C@H](OC(=O)CCC(C)=O)[C@H]1NC(=O)C(Cl)(Cl)Cl,CCS[C@@H]1O[C@H](COCc2ccccc2)[C@@H](OC(C)=O)[C@H](OC(=O)CCC(C)=O)[C@H]1NC(=O)C(Cl)(Cl)Cl,trifluoroacetimidate,15,16,15,16
SG-a72b8c88ead4d81d,a72b8c88ead4d81d796d176774f67cf0d0dc1babd5cd536197dd9c1401bc0453,300,31-010-CAS-7264898,300,31-010-CAS-7264898,1,N=C(OC1O[C@H](COC(=O)c2ccccc2)[C@H](OC(=O)c2ccccc2)[C@H](OC(=O)c2ccccc2)[C@H]1OC(=O)c1ccccc1)C(Cl)(Cl)Cl,C=CCO[C@@H]1[C@H](O)[C@@H](COC(=O)c2ccccc2)O[C@@H](OCc2ccccc2)[C@@H]1NC(C)=O,C=CCO[C@H]1[C@@H](NC(C)=O)[C@H](OCc2ccccc2)O[C@H](COC(=O)c2ccccc2)[C@H]1OC(C)=O,trichloroacetimidate,5,6,31,32
SG-a772f8b77e836f3b,a772f8b77e836f3bce17c4d78cb80474a2eaa8adac1eee91b558d5fef9393234,1135,31-013-CAS-10173116,1135,31-013-CAS-10173116,1,CCS[C@@H]1O[C@H](COCc2ccccc2)C[C@H](OC(C)=O)[C@H]1NC(=O)OCC(Cl)(Cl)Cl,CC(=O)N[C@H]1[C@@H](OCc2ccccc2)O[C@H](COCc2ccccc2)[C@@H](O)[C@@H]1O[C@H](C)C(=O)OCCS(=O)(=O)c1ccccc1,CC(=O)N[C@H]1[C@@H](OCc2ccccc2)O[C@H](COCc2ccccc2)[C@@H](OC(C)=O)[C@@H]1O[C@H](C)C(=O)OCCS(=O)(=O)c1ccccc1,thioglycoside,25,26,25,26
SG-a79d6322500ed4bc,a79d6322500ed4bc9b05a8a0e89678f18bc212c0c71984a85ddef79f0577264e,635,31-010-CAS-23513245,635,31-010-CAS-23513245,1,COc1ccc(CO[C@@H]2[C@H](OCc3ccccc3)[C@H](O[C@H]3[C@H](OCc4ccccc4)[C@@H](N4C(=O)c5ccccc5C4=O)C(OC(=Nc4ccccc4)C(F)(F)F)O[C@@H]3COCc3ccccc3)O[C@@H]3CO[C@@H](c4ccccc4)O[C@@H]23)cc1,C[C@@H]1O[C@@H](OC[C@H]2O[C@@H](N=[N+]=[N-])[C@H](N3C(=O)c4ccccc4C3=O)[C@@H](OCc3ccccc3)[C@@H]2O)[C@@H](OCc2ccccc2)[C@H](OCc2ccccc2)[C@@H]1OCc1ccccc1,CC(=O)O[C@H]1[C@H](OCc2ccccc2)[C@@H](N2C(=O)c3ccccc3C2=O)[C@H](N=[N+]=[N-])O[C@@H]1CO[C@@H]1O[C@@H](C)[C@@H](OCc2ccccc2)[C@@H](OCc2ccccc2)[C@@H]1OCc1ccccc1,trifluoroacetimidate,33,34,4,3
SG-a7a4e1ea8735062c,a7a4e1ea8735062ce9648ac2148ea8f52ae8940d6ddc605f954256142eb0fd45,710,31-013-CAS-21359609,710;711,31-013-CAS-21359609;31-013-CAS-13461429,2,COc1ccc(OC[C@@H]2O[C@H](Sc3ccc(C)cc3)[C@H](OC(=O)c3ccccc3)[C@@H](OCc3ccccc3)[C@@H]2OC(=O)CCC(C)=O)cc1,CO[C@H]1O[C@H](COC(=O)c2ccccc2)[C@@H](O)[C@H](OCc2ccccc2)[C@H]1N=[N+]=[N-],CO[C@H]1O[C@H](COC(=O)c2ccccc2)[C@@H](OC(C)=O)[C@H](OCc2ccccc2)[C@H]1N=[N+]=[N-],thioglycoside,15,16,15,16
SG-a7bc2d9ebbe2c45d,a7bc2d9ebbe2c45de7577fa94caeb9534e3dc2215fca528e5782885185f22abf,7,31-010-CAS-15480737,7;8,31-010-CAS-15480737;31-010-CAS-14961642,2,CC(=O)OC[C@H]1O[C@@H](OC(=N)C(Cl)(Cl)Cl)[C@H](N2C(=O)c3ccccc3C2=O)[C@@H](OC(C)=O)[C@@H]1OC(C)=O,C=CCO[C@@H]1O[C@H]([C@H](C)OCc2ccc(OC)cc2)[C@@H](O)[C@H](OC(C)=O)[C@H]1N1C(=O)c2ccccc2C1=O,C=CCO[C@@H]1O[C@H]([C@H](C)OCc2ccc(OC)cc2)[C@@H](OC(C)=O)[C@H](OC(C)=O)[C@H]1N1C(=O)c2ccccc2C1=O,trichloroacetimidate,19,20,19,20
SG-a7d2e7f6674b4e3c,a7d2e7f6674b4e3c0a77a0e4a26e6ea0af4c85f09b84f0775489aee12e3bc49d,986,31-614-CAS-40218507,986,31-614-CAS-40218507,1,CCS[C@@H]1O[C@H](COC(=O)c2ccccc2)[C@H](OC(=O)c2ccccc2)[C@H](OC(=O)c2ccccc2)[C@H]1OC(=O)c1ccccc1,CC(C)(C)[Si](C)(C)O[C@@H]1O[C@H](COCc2ccccc2)[C@@H](O)[C@H](OCc2ccccc2)[C@H]1NC(=O)C(Cl)(Cl)Cl,CC(=O)O[C@H]1[C@H](OCc2ccccc2)[C@@H](NC(=O)C(Cl)(Cl)Cl)[C@H](O[Si](C)(C)C(C)(C)C)O[C@@H]1COCc1ccccc1,thioglycoside,20,21,4,3
SG-a807211e27c978fe,a807211e27c978fe85e4f8f1c54caf4728732346dc42ad138ed0ff66c2e2b20d,521,31-010-CAS-1709885,521,31-010-CAS-1709885,1,CC(=O)OC[C@H]1O[C@@H](OC(=N)C(Cl)(Cl)Cl)[C@H](OC(C)=O)[C@@H](O[C@H]2O[C@H](COCc3ccccc3)[C@H](OCc3ccccc3)[C@H](OCc3ccccc3)[C@H]2OCc2ccccc2)[C@H]1OC(C)=O,COc1ccc(O[C@@H]2O[C@H](COCc3ccccc3)[C@@H](O)[C@H](OCc3ccccc3)[C@H]2N2C(=O)c3ccccc3C2=O)cc1,COc1ccc(O[C@@H]2O[C@H](COCc3ccccc3)[C@@H](OC(C)=O)[C@H](OCc3ccccc3)[C@H]2N2C(=O)c3ccccc3C2=O)cc1,trichloroacetimidate,19,20,19,20
SG-a8411682ea1acc4a,a8411682ea1acc4a8d190901e0b912980e044745564cfe89b4bebe57c9c7939f,819,31-013-CAS-21905507,819,31-013-CAS-21905507,1,CCS[C@@H]1O[C@@H]2CO[C@@H](c3ccccc3)O[C@H]2[C@H](OCc2ccccc2)[C@H]1OC(C)=O,[N-]=[N+]=NCCO[C@H]1O[C@H](COCc2ccc3ccccc3c2)[C@@H](O)[C@H](OCc2ccccc2)[C@H]1N=[N+]=[N-],CC(=O)O[C@H]1[C@H](OCc2ccccc2)[C@@H](N=[N+]=[N-])[C@@H](OCCN=[N+]=[N-])O[C@@H]1COCc1ccc2ccccc2c1,thioglycoside,22,23,4,3
SG-a8533c91836af5b7,a8533c91836af5b7200d93617c2dfaeb5ef2c5d8e8a3e6335ad08b816b84e408,451,31-010-CAS-4674303,451,31-010-CAS-4674303,1,CC(=O)OC[C@H]1O[C@H](O[C@@H]2[C@@H](OC[C@H]3O[C@H](OC(=N)C(Cl)(Cl)Cl)[C@@H](OCc4ccccc4)[C@@H](OCc4ccccc4)[C@@H]3OCc3ccccc3)O[C@H](COCc3ccccc3)[C@@H](OCc3ccccc3)[C@@H]2OCc2ccccc2)[C@@H](O[C@H]2O[C@H](COCc3ccccc3)[C@@H](OCc3ccccc3)[C@H](OCc3ccccc3)[C@@H]2OCc2ccccc2)[C@@H](OCc2ccccc2)[C@@H]1OC(C)=O,COc1ccc(CO[C@@H]2[C@H](OCc3ccccc3)[C@H](OCc3ccccc3)[C@@H](OCc3ccccc3)[C@H](OCc3ccccc3)[C@H]2O[C@H]2O[C@H](COCc3ccccc3)[C@@H](O)[C@H](OCc3ccccc3)[C@H]2N=[N+]=[N-])cc1,COc1ccc(CO[C@@H]2[C@H](OCc3ccccc3)[C@H](OCc3ccccc3)[C@@H](OCc3ccccc3)[C@H](OCc3ccccc3)[C@H]2O[C@H]2O[C@H](COCc3ccccc3)[C@@H](OC(C)=O)[C@H](OCc3ccccc3)[C@H]2N=[N+]=[N-])cc1,trichloroacetimidate,59,60,59,60
SG-a875c109ca070c6f,a875c109ca070c6f4dd412ddb7f7d19aab649fa1910c897262bbe0ef843b3803,1445,31-013-CAS-12921527,1445,31-013-CAS-12921527,1,Cc1ccc(S[C@@H]2O[C@H](COCc3ccccc3)[C@H](OCc3ccccc3)[C@H](OCc3ccccc3)[C@H]2OC(=O)c2ccccc2)cc1,Cc1ccc(S[C@@H]2O[C@H](COCc3ccccc3)[C@H](O)[C@@H]3OC(=O)N(Cc4ccccc4)[C@H]32)cc1,CC(=O)O[C@@H]1[C@@H]2OC(=O)N(Cc3ccccc3)[C@H]2[C@H](Sc2ccc(C)cc2)O[C@@H]1COCc1ccccc1,thioglycoside,18,19,4,3
SG-a8aa3c6a35a14f7e,a8aa3c6a35a14f7e4d1d7a91eb44066bb4aea4421bb27458c6de2eed26a200e8,1393,31-614-CAS-37681427,1393,31-614-CAS-37681427,1,CC(=O)OC[C@H]1O[C@@H](Sc2ccc(F)cc2)[C@H](N2C(=O)c3ccccc3C2=O)[C@@H](OC(C)=O)[C@@H]1OC(C)=O,CC(=O)O[C@H]1[C@H](O)[C@@H](COCc2ccccc2)O[C@@H](Sc2ccc(F)cc2)[C@@H]1N1C(=O)c2ccccc2C1=O,CC(=O)O[C@H]1[C@H](OC(C)=O)[C@@H](COCc2ccccc2)O[C@@H](Sc2ccc(F)cc2)[C@@H]1N1C(=O)c2ccccc2C1=O,thioglycoside,5,6,5,6
SG-a8aec1f4dd41f10e,a8aec1f4dd41f10e0be6ae52f2f58632982a556b7b48f77b1db59c1eecb0b4fc,532,31-010-CAS-1774618,532,31-010-CAS-1774618,1,CC(=O)N[C@H]1[C@H](O[C@H]2[C@H](OCc3ccccc3)[C@H](OC(=O)c3ccccc3)[C@@H](OC(=N)C(Cl)(Cl)Cl)O[C@@H]2CO[C@H]2O[C@H](COCc3ccccc3)[C@@H](OCc3ccccc3)[C@H](OCc3ccccc3)[C@@H]2O[C@H]2O[C@H](CO[Si](C(C)C)(C(C)C)C(C)C)[C@@H](OCc3ccccc3)[C@H](OCc3ccccc3)[C@@H]2OC(C)=O)O[C@H](COCc2ccccc2)[C@H](OCc2ccccc2)[C@@H]1OCc1ccccc1,C=CCO[C@@H]1[C@H](OCc2ccccc2)[C@H](OCc2ccccc2)[C@@H](OCc2ccccc2)[C@H](OCc2ccccc2)[C@H]1O[C@H]1O[C@H](COCc2ccccc2)[C@@H](O)[C@H](OCc2ccccc2)[C@H]1N=[N+]=[N-],C=CCO[C@@H]1[C@H](OCc2ccccc2)[C@H](OCc2ccccc2)[C@@H](OCc2ccccc2)[C@H](OCc2ccccc2)[C@H]1O[C@H]1O[C@H](COCc2ccccc2)[C@@H](OC(C)=O)[C@H](OCc2ccccc2)[C@H]1N=[N+]=[N-],trichloroacetimidate,55,56,55,56
SG-a92ca24e823eaf86,a92ca24e823eaf86fee8f53611e7095c1bb2e262f87f99d7d6679a00eceff815,1301,31-013-CAS-7147519,1301,31-013-CAS-7147519,1,CCS[C@@H]1O[C@@H](C(=O)OC)[C@@H](O[C@H]2O[C@H](CO[Si](c3ccccc3)(c3ccccc3)C(C)(C)C)[C@@H](O[C@@H]3O[C@@H](C(=O)OC)[C@@H](OCc4ccccc4)[C@H](OCc4ccccc4)[C@H]3OC(=O)c3ccccc3)[C@H](OCc3ccccc3)[C@H]2NC(=O)OCC2c3ccccc3-c3ccccc32)[C@H](OCc2ccccc2)[C@H]1OC(=O)c1ccccc1,C#CCCCO[C@H]1O[C@H](CO[Si](c2ccccc2)(c2ccccc2)C(C)(C)C)[C@@H](O[C@@H]2O[C@@H](C(=O)OC)[C@@H](O[C@H]3O[C@H](CO[Si](c4ccccc4)(c4ccccc4)C(C)(C)C)[C@@H](O)[C@H](OCc4ccccc4)[C@H]3N=[N+]=[N-])[C@H](OCc3ccccc3)[C@H]2OCc2ccccc2)[C@H](OCc2ccccc2)[C@H]1NC(=O)OCC1c2ccccc2-c2ccccc21,C#CCCCO[C@H]1O[C@H](CO[Si](c2ccccc2)(c2ccccc2)C(C)(C)C)[C@@H](O[C@@H]2O[C@@H](C(=O)OC)[C@@H](O[C@H]3O[C@H](CO[Si](c4ccccc4)(c4ccccc4)C(C)(C)C)[C@@H](OC(C)=O)[C@H](OCc4ccccc4)[C@H]3N=[N+]=[N-])[C@H](OCc3ccccc3)[C@H]2OCc2ccccc2)[C@H](OCc2ccccc2)[C@H]1NC(=O)OCC1c2ccccc2-c2ccccc21,thioglycoside,61,62,61,62
SG-a952b3e360051dfa,a952b3e360051dfa9242bf21641a4438d31c9160a5a9cf361022de22a179c218,507,31-010-CAS-166934,507,31-010-CAS-166934,1,CC1=C(C)C(=O)N([C@H]2[C@H](OC(=N)C(Cl)(Cl)Cl)O[C@H](COCc3ccccc3)[C@@H](O[C@@H]3O[C@@H]4CO[C@@H](c5ccccc5)O[C@H]4[C@H](OC(=O)c4ccccc4)[C@@H]3OC(=O)c3ccccc3)[C@@H]2OCc2ccccc2)C1=O,CC1=C(C)C(=O)N([C@@H]2[C@@H](OCc3ccccc3)[C@H](O)[C@@H](COCc3ccccc3)O[C@H]2N=[N+]=[N-])C1=O,CC(=O)O[C@H]1[C@H](OCc2ccccc2)[C@@H](N2C(=O)C(C)=C(C)C2=O)[C@H](N=[N+]=[N-])O[C@@H]1COCc1ccccc1,trichloroacetimidate,17,18,4,3
SG-a9564737ce413d50,a9564737ce413d50eb40c45345206d83eaec96267bbf4c885b723397684d024c,1126,31-013-CAS-14447502,1126,31-013-CAS-14447502,1,CC(=O)N1C(=O)O[C@H]2[C@@H](O[Si](C)(C)C(C)(C)C)[C@@H](COCc3ccccc3)O[C@H](Sc3ccc(C)cc3)[C@@H]21,CO[C@H]1O[C@H](COCc2ccccc2)[C@H](O)[C@@H]2OC(=O)N(C(C)=O)[C@@H]12,CO[C@H]1O[C@H](COCc2ccccc2)[C@H](OC(C)=O)[C@@H]2OC(=O)N(C(C)=O)[C@@H]12,thioglycoside,14,15,14,15
SG-aa10ad06cef8e2b4,aa10ad06cef8e2b4788378c48fac96cc02526bb87576d83d54f485ce7ea48d2a,531,31-010-CAS-13346541,531,31-010-CAS-13346541,1,COC(=O)[C@@H]1OC(OC(=N)C(Cl)(Cl)Cl)[C@H](OC(=O)C(C)(C)C)[C@@H](OCc2ccccc2)[C@@H]1O[C@H]1O[C@@H]2CO[C@@H](c3ccccc3)O[C@H]2[C@H](OCc2ccccc2)[C@H]1N=[N+]=[N-],CC(C)O[C@H]1O[C@H](COCc2ccccc2)[C@@H](O)[C@H](OCc2ccccc2)[C@H]1N=[N+]=[N-],CC(=O)O[C@H]1[C@H](OCc2ccccc2)[C@@H](N=[N+]=[N-])[C@@H](OC(C)C)O[C@@H]1COCc1ccccc1,trichloroacetimidate,16,17,4,3
SG-aa7770797fd2e770,aa7770797fd2e7702580694027cc7297d763fd967ee364d80fcf4841903a594d,60,31-614-CAS-40997622,60;61;62,31-614-CAS-40997622;31-614-CAS-36756610;31-614-CAS-34529820,3,CC(=O)OC[C@H]1OC(OC(=N)C(Cl)(Cl)Cl)[C@H](OC(C)=O)[C@@H](OCc2ccc3ccccc3c2)[C@@H]1OC(C)=O,COc1ccc(O[C@@H]2O[C@H](COCc3ccccc3)[C@@H](O)[C@H](OCc3ccccc3)[C@H]2N2C(=O)c3ccccc3C2=O)cc1,COc1ccc(O[C@@H]2O[C@H](COCc3ccccc3)[C@@H](OC(C)=O)[C@H](OCc3ccccc3)[C@H]2N2C(=O)c3ccccc3C2=O)cc1,trichloroacetimidate,19,20,19,20
SG-aa85189e9f5fac19,aa85189e9f5fac19ffee2326f75ce64c9b36b3637b95aed61482143135932bae,447,31-614-CAS-31540777,447,31-614-CAS-31540777,1,COc1ccc(CO[C@@H]2[C@H](OCc3ccccc3)[C@@H](OC(=N)C(Cl)(Cl)Cl)O[C@@H]3CO[C@@H](c4ccc5ccccc5c4)O[C@@H]23)cc1,[N-]=[N+]=N[C@@H]1O[C@H](COCc2ccccc2)[C@@H](O[C@@H]2O[C@H](COCc3ccccc3)[C@@H](O)[C@H](OCc3ccccc3)[C@H]2N2C(=O)c3ccccc3C2=O)[C@H](OCc2ccccc2)[C@H]1N1C(=O)c2ccccc2C1=O,CC(=O)O[C@H]1[C@H](OCc2ccccc2)[C@@H](N2C(=O)c3ccccc3C2=O)[C@H](O[C@H]2[C@H](OCc3ccccc3)[C@@H](N3C(=O)c4ccccc4C3=O)[C@H](N=[N+]=[N-])O[C@@H]2COCc2ccccc2)O[C@@H]1COCc1ccccc1,trichloroacetimidate,29,30,4,3
SG-aaa3f3851adf1ea9,aaa3f3851adf1ea93cb2fd0f0311ec9f12e7c15436396d65aa43215ec43da8e6,782,31-013-CAS-9710829,782,31-013-CAS-9710829,1,CCS[C@@H]1O[C@H](COCc2ccccc2)[C@@H](OCc2ccc(OC)cc2)[C@H](OCc2ccccc2)[C@H]1OC(C)=O,C=CCO[C@@H]1O[C@H](CO[Si](c2ccccc2)(c2ccccc2)C(C)(C)C)[C@@H](O)[C@H](OC(=O)CCC(C)=O)[C@H]1N=[N+]=[N-],C=CCO[C@@H]1O[C@H](CO[Si](c2ccccc2)(c2ccccc2)C(C)(C)C)[C@@H](OC(C)=O)[C@H](OC(=O)CCC(C)=O)[C@H]1N=[N+]=[N-],thioglycoside,26,27,26,27
SG-aaa47fe776d69edd,aaa47fe776d69edd49763c0de647fe08d9b9f69e645ab6e0b204814cb22fdc2f,1140,31-013-CAS-11387102,1140,31-013-CAS-11387102,1,CCS[C@H]1O[C@H](C)[C@@H](NC(=O)[C@H]2CCO[C@@H](c3ccccc3)O2)[C@H](OCc2ccccc2)[C@@H]1OC(C)=O,COC(=O)CCCCCO[C@H]1O[C@H](C)[C@@H](NC(=O)[C@H]2CCO[C@@H](c3ccccc3)O2)[C@H](OCc2ccccc2)[C@@H]1O[C@H]1O[C@H](C)[C@@H](NC(=O)[C@H]2CCO[C@@H](c3ccccc3)O2)[C@H](OCc2ccccc2)[C@@H]1O[C@H]1O[C@H](C)[C@@H](NC(=O)[C@H]2CCO[C@@H](c3ccccc3)O2)[C@H](OCc2ccccc2)[C@@H]1O[C@H]1O[C@H](C)[C@@H](NC(=O)[C@H]2CCO[C@@H](c3ccccc3)O2)[C@H](OCc2ccccc2)[C@@H]1O,COC(=O)CCCCCO[C@H]1O[C@H](C)[C@@H](NC(=O)[C@H]2CCO[C@@H](c3ccccc3)O2)[C@H](OCc2ccccc2)[C@@H]1O[C@H]1O[C@H](C)[C@@H](NC(=O)[C@H]2CCO[C@@H](c3ccccc3)O2)[C@H](OCc2ccccc2)[C@@H]1O[C@H]1O[C@H](C)[C@@H](NC(=O)[C@H]2CCO[C@@H](c3ccccc3)O2)[C@H](OCc2ccccc2)[C@@H]1O[C@H]1O[C@H](C)[C@@H](NC(=O)[C@H]2CCO[C@@H](c3ccccc3)O2)[C@H](OCc2ccccc2)[C@@H]1OC(C)=O,thioglycoside,132,133,132,133
SG-aaf5233914a9f001,aaf5233914a9f001fe73a757a779f6903ee0ad916ac6e7ddc7635fe9d796f25d,1284,31-013-CAS-21774290,1284,31-013-CAS-21774290,1,CC(=O)OC[C@H](OC(C)=O)[C@H]1O[C@H](Sc2ccc(C)cc2)[C@@H](OCc2ccccc2)[C@@H](OCc2ccccc2)[C@@H]1OCc1ccccc1,CC(=O)O[C@H]1[C@H](O)[C@@H](CO[Si](c2ccccc2)(c2ccccc2)C(C)(C)C)O[C@@H](OCCCN(Cc2ccccc2)C(=O)OCc2ccccc2)[C@@H]1NC(=O)OCC(Cl)(Cl)Cl,CC(=O)O[C@@H]1[C@@H](NC(=O)OCC(Cl)(Cl)Cl)[C@H](OCCCN(Cc2ccccc2)C(=O)OCc2ccccc2)O[C@H](CO[Si](c2ccccc2)(c2ccccc2)C(C)(C)C)[C@H]1OC(C)=O,thioglycoside,5,6,59,60
SG-ab75508daabc96f3,ab75508daabc96f37665881a144758df2ef79cde6cdea8190bb56013779e49a8,95,31-010-CAS-1790037,95,31-010-CAS-1790037,1,CC(=O)OC[C@H]1O[C@@H](OC(=N)C(Cl)(Cl)Cl)[C@H](N2C(=O)c3ccccc3C2=O)[C@@H](OC(C)=O)[C@@H]1OC(C)=O,COc1ccc(CO[C@@H]2O[C@H](CO[Si](C)(C)C(C)(C)C)[C@@H](O)[C@H](OCc3ccc(OC)cc3)[C@H]2N2C(=O)c3ccccc3C2=O)cc1,COc1ccc(CO[C@@H]2O[C@H](CO[Si](C)(C)C(C)(C)C)[C@@H](OC(C)=O)[C@H](OCc3ccc(OC)cc3)[C@H]2N2C(=O)c3ccccc3C2=O)cc1,trichloroacetimidate,20,21,20,21
SG-ab7f9ae2477b5df5,ab7f9ae2477b5df521455a288b6637fa5025b7bfc9278bea490cd656451ef02a,445,31-010-CAS-12982389,445;446,31-010-CAS-12982389;31-010-CAS-12107099,2,COC(=O)[C@H]1O[C@H](OC(=N)C(Cl)(Cl)Cl)[C@H](OC(=O)CCC(C)=O)[C@@H](OCc2ccccc2)[C@@H]1O[C@H]1O[C@H](COC(C)=O)[C@@H](OCc2ccccc2)[C@H](OCc2ccccc2)[C@H]1N=[N+]=[N-],CC(=O)OC[C@H]1O[C@@H](O[Si](C)(C)C(C)(C)C)[C@H](N=[N+]=[N-])[C@@H](OC(C)=O)[C@@H]1O,CC(=O)OC[C@H]1O[C@@H](O[Si](C)(C)C(C)(C)C)[C@H](N=[N+]=[N-])[C@@H](OC(C)=O)[C@@H]1OC(C)=O,trichloroacetimidate,25,26,25,26
SG-abd5afe5796759bd,abd5afe5796759bd300efd3214872b9694022ef4452acc4dd6c2969a53dae9d4,115,31-010-CAS-20490526,115,31-010-CAS-20490526,1,CC(=O)O[C@@H]1[C@H](OC(=O)CCl)[C@@H](OC(C)=O)[C@@H](OC(=N)C(Cl)(Cl)Cl)O[C@@H]1COC(=O)C(C)(C)C,CCCCCO[C@@H]1O[C@H](COC(=O)c2ccccc2)[C@@H](O)[C@H](OC(=O)CCl)[C@H]1NC(C)=O,CCCCCO[C@@H]1O[C@H](COC(=O)c2ccccc2)[C@@H](OC(C)=O)[C@H](OC(=O)CCl)[C@H]1NC(C)=O,trichloroacetimidate,19,20,19,20
SG-ac0d4429a9e4a695,ac0d4429a9e4a695206bb343210122f4962a05d1e56a128b5ec9dcdd2a2b9732,395,31-010-CAS-16587037,395;396,31-010-CAS-16587037;31-010-CAS-13613184,2,CC(=O)CCC(=O)O[C@@H]1[C@@H](OC(=N)C(Cl)(Cl)Cl)O[C@H](CO[C@H]2O[C@H](COCc3ccccc3)[C@@H](OCc3ccccc3)[C@H](OCc3ccccc3)[C@@H]2O[C@H]2O[C@H](CO[Si](C(C)C)(C(C)C)C(C)C)[C@@H](OCc3ccccc3)[C@H](OCc3ccccc3)[C@@H]2OCc2ccccc2)[C@@H](O[C@@H]2O[C@H](COCc3ccccc3)[C@H](O[C@H]3O[C@H](COCc4ccccc4)[C@@H](OCc4ccccc4)[C@H](OCc4ccccc4)[C@H]3OCc3ccccc3)[C@H](OCc3ccccc3)[C@H]2NC(C)=O)[C@@H]1OCc1ccccc1,C=CCO[C@@H]1[C@H](OCc2ccccc2)[C@H](OCc2ccccc2)[C@@H](OCc2ccccc2)[C@H](OCc2ccccc2)[C@H]1O[C@H]1O[C@H](COCc2ccccc2)[C@@H](O)[C@H](OCc2ccccc2)[C@H]1N=[N+]=[N-],C=CCO[C@@H]1[C@H](OCc2ccccc2)[C@H](OCc2ccccc2)[C@@H](OCc2ccccc2)[C@H](OCc2ccccc2)[C@H]1O[C@H]1O[C@H](COCc2ccccc2)[C@@H](OC(C)=O)[C@H](OCc2ccccc2)[C@H]1N=[N+]=[N-],trichloroacetimidate,55,56,55,56
SG-ac698081927cedff,ac698081927cedff48fd47667c82285c79add1e08b47e25b05dcb170aa3da128,1079,31-013-CAS-21762120,1079,31-013-CAS-21762120,1,CC(=O)OC[C@H]1O[C@@H](Sc2ccc(C)cc2)[C@H](OC(=O)OCC2c3ccccc3-c3ccccc32)[C@@H](O[Si](C)(C)C(C)(C)C)[C@H]1OC(C)=O,COC(=O)CO[C@H]1O[C@H](COCc2ccccc2)[C@@H](O)[C@H](OCc2ccccc2)[C@H]1N(C(C)=O)C(C)=O,COC(=O)CO[C@H]1O[C@H](COCc2ccccc2)[C@@H](OC(C)=O)[C@H](OCc2ccccc2)[C@H]1N(C(C)=O)C(C)=O,thioglycoside,18,19,18,19
SG-ac8c63f710d3f227,ac8c63f710d3f2274116ad44bba56e7cc2ab9b8524e0518435c0257e39682d46,667,31-013-CAS-10436330,667,31-013-CAS-10436330,1,CCSC1O[C@@H](COC(C)=O)[C@@H](OC(C)=O)[C@H](OC)[C@H]1OC(C)=O,[N-]=[N+]=N[C@H]1[C@@H]2OC[C@@H](O2)[C@@H](O)[C@@H]1OCc1ccccc1,CC(=O)O[C@H]1[C@H](OCc2ccccc2)[C@@H](N=[N+]=[N-])[C@@H]2OC[C@H]1O2,thioglycoside,9,10,4,3
SG-acb3decc32a765d4,acb3decc32a765d4902cba52de6eae722b0546a1219bfb6fad7b935f1e848200,257,31-010-CAS-16615720,257,31-010-CAS-16615720,1,CC(=O)OC[C@H]1OC(OC(=N)C(Cl)(Cl)Cl)[C@H](OC(C)=O)[C@@H](OC(C)=O)[C@H]1OC(C)=O,Cc1ccc(S[C@@H]2O[C@H](COCc3ccccc3)[C@@H](O)[C@H](O)[C@H]2N2C(=O)c3ccccc3C2=O)cc1,CC(=O)O[C@H]1[C@H](O)[C@@H](N2C(=O)c3ccccc3C2=O)[C@H](Sc2ccc(C)cc2)O[C@@H]1COCc1ccccc1,trichloroacetimidate,18,19,4,3
SG-acce0edd609e7db9,acce0edd609e7db96eb7d1a57d26ffb9c57ae8b3d545d5c3554d889ee4d6896a,1234,31-013-CAS-17024986,1234,31-013-CAS-17024986,1,CC(=O)OC[C@H]1O[C@H](Sc2ccccc2)[C@@H](OC(C)=O)[C@@H](OC(C)=O)[C@@H]1OC(C)=O,COc1ccc(O[C@@H]2O[C@H](COC(=O)c3ccccc3)[C@@H](O)[C@H](OC(C)=O)[C@H]2N2C(=O)c3ccccc3C2=O)cc1,COc1ccc(O[C@@H]2O[C@H](COC(=O)c3ccccc3)[C@@H](OC(C)=O)[C@H](OC(C)=O)[C@H]2N2C(=O)c3ccccc3C2=O)cc1,thioglycoside,20,21,20,21
SG-ace7a533d9f20680,ace7a533d9f20680702c78997d54bef59f95d26fe00d2561bece5ccd1d3491ee,1399,31-013-CAS-10771391,1399,31-013-CAS-10771391,1,CC(=O)O[C@H]1[C@H](OCc2ccccc2)[C@@H](N2C(=O)c3ccccc3C2=O)[C@H](Sc2ccccc2)O[C@@H]1COCc1ccccc1,[N-]=[N+]=N[C@@H]1O[C@H](COCc2ccccc2)[C@@H](O)[C@H](OCc2ccccc2)[C@H]1N1C(=O)c2ccccc2C1=O,CC(=O)O[C@H]1[C@H](OCc2ccccc2)[C@@H](N2C(=O)c3ccccc3C2=O)[C@H](N=[N+]=[N-])O[C@@H]1COCc1ccccc1,thioglycoside,15,16,4,3
SG-acecc59666fefab4,acecc59666fefab4c0ec67032d73fbc56fe3547bfa6dedafdf8833e312ded9f6,807,31-013-CAS-1407934,807,31-013-CAS-1407934,1,CCS[C@@H]1O[C@H]2CO[C@@H](c3ccccc3)O[C@H]2[C@H](OCc2ccccc2)[C@H]1OC(=O)CCC(C)=O,CC(=O)CCC(=O)OC[C@H]1O[C@@H](O[Si](C)(C)C(C)(C)C(C)C)[C@H](N=[N+]=[N-])[C@@H](OCc2ccccc2)[C@@H]1O,CC(=O)CCC(=O)OC[C@H]1O[C@@H](O[Si](C)(C)C(C)(C)C(C)C)[C@H](N=[N+]=[N-])[C@@H](OCc2ccccc2)[C@@H]1OC(C)=O,thioglycoside,35,36,35,36
SG-ad46526d34018f8e,ad46526d34018f8e3a98c5d30353c3c5d19c0ba9c3415c677e4805592d732ce9,130,31-614-CAS-31540785,130,31-614-CAS-31540785,1,N=C(O[C@H]1O[C@@H]2CO[C@@H](c3ccc4ccccc4c3)O[C@H]2[C@H](OCc2ccccc2)[C@@H]1OCc1ccccc1)C(Cl)(Cl)Cl,O=C1c2ccccc2C(=O)N1[C@H]1[C@H](OCc2ccccc2)O[C@H](COCc2ccccc2)[C@@H](O)[C@@H]1OCc1ccccc1,CC(=O)O[C@H]1[C@H](OCc2ccccc2)[C@@H](N2C(=O)c3ccccc3C2=O)[C@H](OCc2ccccc2)O[C@@H]1COCc1ccccc1,trichloroacetimidate,32,33,4,3
SG-ad6857d913e1bc73,ad6857d913e1bc73a13e5adfd83308aaac36671e2b7882fdea5f82f1348fdb2f,613,31-013-CAS-12466161,613,31-013-CAS-12466161,1,[N-]=[N+]=Nc1ccc(CO[C@H]2[C@@H]3O[C@H](c4ccccc4)OC[C@H]3OC(OC(=Nc3ccccc3)C(F)(F)F)[C@H]2OCc2ccccc2)cc1Cl,C=CCO[C@H]1O[C@H](COCc2ccccc2)[C@@H](O)[C@H](OCc2ccccc2)[C@H]1NC(=O)OCC(Cl)(Cl)Cl,C=CCO[C@H]1O[C@H](COCc2ccccc2)[C@@H](OC(C)=O)[C@H](OCc2ccccc2)[C@H]1NC(=O)OCC(Cl)(Cl)Cl,trifluoroacetimidate,16,17,16,17
SG-ad77192d8589a9c8,ad77192d8589a9c8e890674342089d3866214001b01f603cac3ef816919e3c1d,368,31-010-CAS-21359655,368;369,31-010-CAS-21359655;31-010-CAS-11772795,2,COC(=O)[C@H]1OC(OC(=N)C(Cl)(Cl)Cl)[C@H](OCc2ccccc2)[C@@H](OCc2ccccc2)[C@@H]1O[C@H]1O[C@H](COC(=O)c2ccccc2)[C@@H](OCc2ccccc2)[C@H](OCc2ccccc2)[C@H]1NC=C1C(=O)N(C)C(=O)N(C)C1=O,COc1ccc(COC[C@H]2O[C@@H](O[Si](c3ccccc3)(c3ccccc3)C(C)(C)C)[C@H](N=[N+]=[N-])[C@@H](OC(=O)c3ccccc3)[C@@H]2O)cc1,COc1ccc(COC[C@H]2O[C@@H](O[Si](c3ccccc3)(c3ccccc3)C(C)(C)C)[C@H](N=[N+]=[N-])[C@@H](OC(=O)c3ccccc3)[C@@H]2OC(C)=O)cc1,trichloroacetimidate,44,45,44,45
SG-ad9f84a4872484ba,ad9f84a4872484ba23c416851012d5c7bacce608750c9f1fa3f2367d7387461e,1358,31-013-CAS-3114823,1358,31-013-CAS-3114823,1,CC(=O)O[C@@H]1[C@H](OC(C)=O)[C@H](C)O[C@H](Sc2ccc(C)cc2)[C@H]1OCc1ccccc1,COc1ccc(O[C@@H]2O[C@H](COCc3ccccc3)[C@@H](O)[C@H](O[C@@H]3O[C@H](COC(C)=O)[C@H](OC(C)=O)[C@H](O[C@@H]4O[C@@H](C)[C@H](OC(C)=O)[C@@H](OC(C)=O)[C@H]4OC(C)=O)[C@H]3OC(C)=O)[C@H]2N2C(=O)c3ccccc3C2=O)cc1,COc1ccc(O[C@@H]2O[C@H](COCc3ccccc3)[C@@H](OC(C)=O)[C@H](O[C@@H]3O[C@H](COC(C)=O)[C@H](OC(C)=O)[C@H](O[C@@H]4O[C@@H](C)[C@H](OC(C)=O)[C@@H](OC(C)=O)[C@H]4OC(C)=O)[C@H]3OC(C)=O)[C@H]2N2C(=O)c3ccccc3C2=O)cc1,thioglycoside,19,20,19,20
SG-adcc075ad4ef99de,adcc075ad4ef99de6975fa4474c56b72b2c3c70756736b5128e49c39aad905e8,1538,31-614-CAS-30686019,1538,31-614-CAS-30686019,1,CC(C)(C)[Si](C)(C)O[C@H]1[C@H](OCc2ccccc2)[C@@H](N2C(=O)c3c(Cl)c(Cl)c(Cl)c(Cl)c3C2=O)[C@H](O[C@H]2[C@H](O)[C@@H](N3C(=O)c4c(Cl)c(Cl)c(Cl)c(Cl)c4C3=O)[C@H](S(=O)c3ccccc3)O[C@@H]2COCc2ccccc2)O[C@@H]1COCc1ccccc1,O=C1c2c(Cl)c(Cl)c(Cl)c(Cl)c2C(=O)N1[C@@H]1[C@@H](O)[C@H](O[C@@H]2O[C@H](COCc3ccccc3)[C@@H](O)[C@H](OCc3ccccc3)[C@H]2N2C(=O)c3c(Cl)c(Cl)c(Cl)c(Cl)c3C2=O)[C@@H](COCc2ccccc2)O[C@H]1Sc1ccccc1,CC(=O)O[C@H]1[C@H](OCc2ccccc2)[C@@H](N2C(=O)c3c(Cl)c(Cl)c(Cl)c(Cl)c3C2=O)[C@H](O[C@H]2[C@H](O)[C@@H](N3C(=O)c4c(Cl)c(Cl)c(Cl)c(Cl)c4C3=O)[C@H](Sc3ccccc3)O[C@@H]2COCc2ccccc2)O[C@@H]1COCc1ccccc1,thioglycoside,32,33,4,3
SG-ae39bc2d30574ce8,ae39bc2d30574ce85c44054358b1298477ee3861040fe980290312dd9bc67685,1385,31-013-CAS-20519350,1385,31-013-CAS-20519350,1,O=C(O[C@@H]1[C@@H](OCc2ccccc2)[C@@H](OCc2ccccc2)[C@@H](COCc2ccccc2)O[C@H]1Sc1nc2ccccc2o1)c1ccccc1,O=C(O[C@H]1[C@H](O[C@H]2[C@H](OCc3ccccc3)[C@@H](OCc3ccccc3)[C@H](OCc3ccccc3)O[C@@H]2COCc2ccccc2)O[C@H](COC(=O)c2ccccn2)[C@H](OCc2ccccc2)[C@@H]1O[C@@H]1O[C@H](COCc2ccccc2)[C@@H](O)[C@H](OCc2ccccc2)[C@H]1N1C(=O)c2ccccc2C1=O)c1ccccc1,CC(=O)O[C@H]1[C@H](OCc2ccccc2)[C@@H](N2C(=O)c3ccccc3C2=O)[C@H](O[C@H]2[C@@H](OCc3ccccc3)[C@@H](COC(=O)c3ccccn3)O[C@@H](O[C@H]3[C@H](OCc4ccccc4)[C@@H](OCc4ccccc4)[C@H](OCc4ccccc4)O[C@@H]3COCc3ccccc3)[C@@H]2OC(=O)c2ccccc2)O[C@@H]1COCc1ccccc1,thioglycoside,80,81,4,3
SG-aec1a7bf715ee031,aec1a7bf715ee031b105e9aa3bd33a45168493c3cf2211da0ab115c116e92fec,490,31-010-CAS-5375486,490,31-010-CAS-5375486,1,CC(=O)N[C@H]1[C@H]([C@H](OCc2ccccc2)[C@@H](COCc2ccccc2)OCc2ccccc2)O[C@@]2(C[C@@H]1OCc1ccccc1)O[C@H]1[C@@H](OC2=O)[C@@H](COCc2ccccc2)O[C@@H](OC(=N)C(Cl)(Cl)Cl)[C@@H]1OCc1ccccc1,CC(C)(C)[Si](O[C@@H]1O[C@H](COCc2ccccc2)[C@@H](O)[C@H](OCc2ccccc2)[C@H]1N=[N+]=[N-])(c1ccccc1)c1ccccc1,CC(=O)O[C@H]1[C@H](OCc2ccccc2)[C@@H](N=[N+]=[N-])[C@H](O[Si](c2ccccc2)(c2ccccc2)C(C)(C)C)O[C@@H]1COCc1ccccc1,trichloroacetimidate,18,19,4,3
SG-aee0dca1bf4f5237,aee0dca1bf4f523735eac8d737cd22d8c338fa1230688d2da1c605fcebee7cc0,25,31-010-CAS-5525801,25,31-010-CAS-5525801,1,CC(=O)OC[C@H]1O[C@H](OC(=N)C(Cl)(Cl)Cl)[C@H](NC(=O)OCC(Cl)(Cl)Cl)[C@@H](OC(C)=O)[C@@H]1OC(C)=O,COc1cc(Cl)c(C(OC[C@H]2O[C@H](OCc3ccccc3)[C@H](NC(C)=O)[C@@H](O[C@H](C)C(=O)N[C@@H](C)C(=O)OCCS(=O)(=O)c3ccccc3)[C@@H]2O)c2ccc(Cl)cc2Cl)c(Cl)c1,COc1cc(Cl)c(C(OC[C@H]2O[C@H](OCc3ccccc3)[C@H](NC(C)=O)[C@@H](O[C@H](C)C(=O)N[C@@H](C)C(=O)OCCS(=O)(=O)c3ccccc3)[C@@H]2OC(C)=O)c2ccc(Cl)cc2Cl)c(Cl)c1,trichloroacetimidate,49,50,49,50
SG-aef62d63f24dba77,aef62d63f24dba77685e247249f46c4b3f059fffe0816bcd39af48cdddac1d9a,1479,31-013-CAS-14176615,1479,31-013-CAS-14176615,1,COC(=O)[C@@]1(O[C@H]2[C@@H](OC(=O)c3ccccc3)[C@@H](COC(=O)c3ccccc3)O[C@@H](SC)[C@@H]2OC(=O)c2ccccc2)C[C@H](OC(C)=O)[C@@H](NC(C)=O)[C@H]([C@H](OC(C)=O)[C@@H](COC(C)=O)OC(C)=O)O1,CCCCCCCCCCCC(=O)N[C@H]1[C@H](O[C@H]2[C@@H](OCc3ccccc3)[C@@H](COCc3ccccc3)O[C@@H](O[C@H]3[C@H](OCc4ccccc4)[C@@H](OCc4ccccc4)[C@H](OCC[Si](C)(C)C)O[C@@H]3COCc3ccccc3)[C@@H]2OCc2ccccc2)O[C@H](COCc2ccccc2)[C@@H](O)[C@@H]1OCc1ccccc1,CCCCCCCCCCCC(=O)N[C@H]1[C@H](O[C@H]2[C@@H](OCc3ccccc3)[C@@H](COCc3ccccc3)O[C@@H](O[C@H]3[C@H](OCc4ccccc4)[C@@H](OCc4ccccc4)[C@H](OCC[Si](C)(C)C)O[C@@H]3COCc3ccccc3)[C@@H]2OCc2ccccc2)O[C@H](COCc2ccccc2)[C@@H](OC(C)=O)[C@@H]1OCc1ccccc1,thioglycoside,98,99,98,99
SG-aefd8de48269a531,aefd8de48269a53132d4cc2da3750af106ba81ec9093c622ac62f58950a7c0f3,57,31-010-CAS-4215763,57;58,31-010-CAS-4215763;31-010-CAS-6476424,2,CC(=O)OC[C@H]1O[C@H](OC(=N)C(Cl)(Cl)Cl)[C@H](OC(C)=O)[C@@H](OC(C)=O)[C@@H]1OC(C)=O,CO[C@@H]1O[C@H](COCc2ccccc2)[C@@H](O)[C@H](OC(=O)CCl)[C@H]1NC(C)=O,CO[C@@H]1O[C@H](COCc2ccccc2)[C@@H](OC(C)=O)[C@H](OC(=O)CCl)[C@H]1NC(C)=O,trichloroacetimidate,14,15,14,15
SG-af7e8b07de833ee7,af7e8b07de833ee7553222e0f9c2bca6f7f698f2b638604beb8303b2c90fed90,1013,31-013-CAS-7197673,1013,31-013-CAS-7197673,1,O=C(CCl)OC[C@@H]1O[C@@H](Sc2ccccc2)[C@H](OC(=O)c2ccccc2)[C@@H](OCc2ccccc2)[C@@H]1OCc1ccccc1,COc1ccc(OC[C@H]2O[C@H](OC)[C@H](NC(=O)OCc3ccccc3)[C@@H](OCc3ccccc3)[C@@H]2O)cc1,COc1ccc(OC[C@H]2O[C@H](OC)[C@H](NC(=O)OCc3ccccc3)[C@@H](OCc3ccccc3)[C@@H]2OC(C)=O)cc1,thioglycoside,34,35,34,35
SG-af914c5fb5f55e64,af914c5fb5f55e644d0fa74b2b93eba5ec757892ef0e39e1370f71d7c7c0da74,1491,31-013-CAS-9814614,1491,31-013-CAS-9814614,1,CCS[C@@H]1O[C@H](COCc2ccccc2)[C@@H](O[C@@H]2O[C@H](COC(C)=O)[C@@H](OCc3ccccc3)[C@H](OC(C)=O)[C@@H]2OCc2ccccc2)[C@H](OCc2ccccc2)[C@H]1N1C(=O)c2ccccc2C1=O,[N-]=[N+]=N[C@@H]1O[C@H](COCc2ccccc2)[C@@H](O)[C@H](OCc2ccccc2)[C@H]1N1C(=O)c2ccccc2C1=O,CC(=O)O[C@H]1[C@H](OCc2ccccc2)[C@@H](N2C(=O)c3ccccc3C2=O)[C@H](N=[N+]=[N-])O[C@@H]1COCc1ccccc1,thioglycoside,15,16,4,3
SG-afb27f43cb955794,afb27f43cb9557944309a1a4addda2d4670b42b75c1c6b30fc2c705086e5f0e8,961,31-013-CAS-621165,961,31-013-CAS-621165,1,CCS[C@@H]1O[C@H](CO[Si](C)(C)C(C)(C)C)[C@H](OCc2ccccc2)[C@H](OC(C)=O)[C@H]1OC(C)=O,CC(=O)N[C@H]1[C@H](O[C@H]2[C@@H](OCc3ccccc3)[C@@H](COCc3ccccc3)O[C@@H](O[C@H]3[C@H](OCc4ccccc4)[C@@H](OCc4ccccc4)[C@H](OCCCN=[N+]=[N-])O[C@@H]3COCc3ccccc3)[C@@H]2OCc2ccccc2)O[C@H](COCc2ccccc2)[C@@H](O)[C@@H]1OC(C)=O,CC(=O)N[C@H]1[C@H](O[C@H]2[C@@H](OCc3ccccc3)[C@@H](COCc3ccccc3)O[C@@H](O[C@H]3[C@H](OCc4ccccc4)[C@@H](OCc4ccccc4)[C@H](OCCCN=[N+]=[N-])O[C@@H]3COCc3ccccc3)[C@@H]2OCc2ccccc2)O[C@H](COCc2ccccc2)[C@@H](OC(C)=O)[C@@H]1OC(C)=O,thioglycoside,88,89,88,89
SG-afc75984e66c85de,afc75984e66c85de9d4cfba7464f62e8e679542951afdd7137ee1d9e4d68fa4b,1317,31-013-CAS-17221620,1317,31-013-CAS-17221620,1,COc1ccc(CO[C@H]2[C@@H](OC(=O)CCl)[C@@H](CN3C(=O)c4ccccc4C3=O)O[C@@H](Sc3ccccc3)[C@@H]2N2C(=O)c3ccccc3C2=O)cc1,COc1ccc(CO[C@H]2[C@@H](O)[C@@H](CN3C(=O)c4ccccc4C3=O)O[C@@H](OC)[C@@H]2N2C(=O)c3ccccc3C2=O)cc1,COc1ccc(CO[C@H]2[C@@H](OC(C)=O)[C@@H](CN3C(=O)c4ccccc4C3=O)O[C@@H](OC)[C@@H]2N2C(=O)c3ccccc3C2=O)cc1,thioglycoside,9,10,9,10
SG-aff755108a841c18,aff755108a841c18b4a87978d03e2efe2f96b56d3760ac9cdb4e55aacda59314,982,31-013-CAS-850505,982;983,31-013-CAS-850505;31-013-CAS-847824,2,CCSC1O[C@H]2CO[C@H](c3ccccc3)O[C@H]2[C@H](OCc2ccccc2)[C@H]1OC(=O)CCC(C)=O,CC(=O)CCC(=O)OC[C@H]1O[C@H](OCCCCCN(Cc2ccccc2)C(=O)OCc2ccccc2)[C@H](N=[N+]=[N-])[C@@H](OCc2ccccc2)[C@@H]1O,CC(=O)CCC(=O)OC[C@H]1O[C@H](OCCCCCN(Cc2ccccc2)C(=O)OCc2ccccc2)[C@H](N=[N+]=[N-])[C@@H](OCc2ccccc2)[C@@H]1OC(C)=O,thioglycoside,49,50,49,50
SG-b0168ba204c1e117,b0168ba204c1e117e839274d2cb4040df02790a2b213e1d41c177f3d47a7e607,1376,31-013-CAS-2522636,1376,31-013-CAS-2522636,1,CS[C@H]1O[C@@H](C)[C@@H](OCc2ccccc2)[C@@H](OCc2ccccc2)[C@@H]1OCc1ccccc1,O=C(OC[C@H]1O[C@@H](O[C@H]2[C@H](O)[C@@H](COCc3ccccc3)O[C@@H](OCc3ccccc3)[C@@H]2N2C(=O)c3ccccc3C2=O)[C@H](OC(=O)c2ccccc2)[C@@H](OC(=O)c2ccccc2)[C@H]1OC(=O)c1ccccc1)c1ccccc1,CC(=O)O[C@H]1[C@H](O[C@@H]2O[C@H](COC(=O)c3ccccc3)[C@H](OC(=O)c3ccccc3)[C@H](OC(=O)c3ccccc3)[C@H]2OC(=O)c2ccccc2)[C@@H](N2C(=O)c3ccccc3C2=O)[C@H](OCc2ccccc2)O[C@@H]1COCc1ccccc1,thioglycoside,9,10,4,3
SG-b01704d484f6ca17,b01704d484f6ca172cba1a4a186add1115c1acd5e34005b84ade2f11af8251b5,870,31-013-CAS-14359616,870;871,31-013-CAS-14359616;31-013-CAS-19733122,2,CC(=O)CCC(=O)OC[C@@H]1O[C@@H](Sc2ccc(C)cc2)[C@H](OC(=O)c2ccccc2)[C@@H](OCc2ccccc2)[C@@H]1O[C@H]1O[C@H](COC(C)=O)[C@@H](O[Si](C)(C)C(C)(C)C)[C@H](OCc2ccccc2)[C@H]1N=[N+]=[N-],CC(=O)CCC(=O)OC[C@@H]1O[C@@H](Sc2ccc(C)cc2)[C@H](OC(=O)c2ccccc2)[C@@H](OCc2ccccc2)[C@@H]1O[C@H]1O[C@H](COC(C)=O)[C@@H](O)[C@H](OCc2ccccc2)[C@H]1N=[N+]=[N-],CC(=O)CCC(=O)OC[C@@H]1O[C@@H](Sc2ccc(C)cc2)[C@H](OC(=O)c2ccccc2)[C@@H](OCc2ccccc2)[C@@H]1O[C@H]1O[C@H](COC(C)=O)[C@@H](OC(C)=O)[C@H](OCc2ccccc2)[C@H]1N=[N+]=[N-],thioglycoside,49,50,49,50
SG-b0304267a8ab8012,b0304267a8ab80127b63af60a01e4fb3f233da0da85e7c221e7726de02af6829,201,31-010-CAS-11401813,201,31-010-CAS-11401813,1,N=C(O[C@H]1O[C@H](CCl)[C@H](Cl)[C@H](OC(=O)c2ccccc2)[C@H]1OC(=O)c1ccccc1)C(Cl)(Cl)Cl,COc1ccc(COC[C@H]2O[C@@H](N=[N+]=[N-])[C@H](NC(C)=O)[C@@H](O[C@@H]3O[C@@H](C)[C@@H](OCc4ccc(OC)cc4)[C@@H](OCc4ccc(OC)cc4)[C@@H]3OCc3ccc(OC)cc3)[C@@H]2O)cc1,COc1ccc(COC[C@H]2O[C@@H](N=[N+]=[N-])[C@H](NC(C)=O)[C@@H](O[C@@H]3O[C@@H](C)[C@@H](OCc4ccc(OC)cc4)[C@@H](OCc4ccc(OC)cc4)[C@@H]3OCc3ccc(OC)cc3)[C@@H]2OC(C)=O)cc1,trichloroacetimidate,59,60,59,60
SG-b06ddb51d1ac7e7b,b06ddb51d1ac7e7bc3a3666cfef23017dead9a6a127d1fe457711baaa6df0cc2,899,31-013-CAS-23877545,899,31-013-CAS-23877545,1,CC(=O)OC[C@@H]1O[C@@H](Sc2ccc(C)cc2)[C@H](OC(=O)c2ccccc2)[C@@H](OCc2ccccc2)[C@@H]1O[C@H]1O[C@H](CO[Si](c2ccccc2)(c2ccccc2)C(C)(C)C)[C@@H](OCc2ccc3ccccc3c2)[C@H](OCc2ccc(Br)cc2)[C@H]1N=[N+]=[N-],CC(=O)OC[C@H]1O[C@@H](OC(C)=O)[C@H](OC(=O)c2ccccc2)[C@@H](OCc2ccccc2)[C@@H]1O[C@H]1O[C@H](CO[Si](c2ccccc2)(c2ccccc2)C(C)(C)C)[C@@H](O)[C@H](OCc2ccc(Br)cc2)[C@H]1N=[N+]=[N-],CC(=O)OC[C@H]1O[C@@H](OC(C)=O)[C@H](OC(=O)c2ccccc2)[C@@H](OCc2ccccc2)[C@@H]1O[C@H]1O[C@H](CO[Si](c2ccccc2)(c2ccccc2)C(C)(C)C)[C@@H](OC(C)=O)[C@H](OCc2ccc(Br)cc2)[C@H]1N=[N+]=[N-],thioglycoside,55,56,55,56
SG-b07e7fde6f30d9ce,b07e7fde6f30d9cee1f46c41ac77712fe77576a776fb473bf9b5b0c1becb60c8,175,31-010-CAS-6595898,175,31-010-CAS-6595898,1,C[C@@H]1OC(OC(=N)C(Cl)(Cl)Cl)[C@@H](OCc2ccc(Cl)cc2)[C@H](OCc2ccc(Cl)cc2)[C@@H]1OCc1ccc(Cl)cc1,CC(=O)N[C@H]1C(OC(C)=O)O[C@H](COCc2ccccc2)[C@@H](O)[C@@H]1OC(C)=O,CC(=O)N[C@H]1C(OC(C)=O)O[C@H](COCc2ccccc2)[C@@H](OC(C)=O)[C@@H]1OC(C)=O,trichloroacetimidate,21,22,21,22
SG-b0c9e3ea719a0f36,b0c9e3ea719a0f36f4e9b670b81fe1de9d6255aa54d3bfed26a01b1be88edcb2,91,31-010-CAS-3425390,91,31-010-CAS-3425390,1,CC(=O)O[C@H]1[C@@H](OC(C)=O)[C@@H](COCc2ccccc2)O[C@H](OC(=N)C(Cl)(Cl)Cl)[C@@H]1OC(C)=O,[N-]=[N+]=N[C@H]1[C@H](O[C@@H]2[C@@H](OCc3ccccc3)O[C@H](COCc3ccccc3)[C@@H](OCc3ccccc3)[C@@H]2OCc2ccccc2)O[C@H](COCc2ccccc2)[C@@H](O)[C@@H]1OCc1ccccc1,CC(=O)O[C@H]1[C@H](OCc2ccccc2)[C@@H](N=[N+]=[N-])[C@H](O[C@@H]2[C@@H](OCc3ccccc3)O[C@H](COCc3ccccc3)[C@@H](OCc3ccccc3)[C@@H]2OCc2ccccc2)O[C@@H]1COCc1ccccc1,trichloroacetimidate,56,57,4,3
SG-b0f0dd7eb16b4eba,b0f0dd7eb16b4eba20acaf48e8cfc50ee089c8a531bba5661a89bbce902c6ea5,170,31-010-CAS-16546348,170,31-010-CAS-16546348,1,CC(=O)O[C@H]1[C@@H](OC(C)=O)[C@@H](CN=[N+]=[N-])O[C@H](OC(=N)C(Cl)(Cl)Cl)[C@@H]1OC(C)=O,CC(=O)N[C@H]1[C@H](OCc2ccccc2)O[C@H](CO[Si](C)(C)C(C)(C)C)[C@@H](O)[C@@H]1O,CC(=O)N[C@H]1[C@H](OCc2ccccc2)O[C@H](CO[Si](C)(C)C(C)(C)C)[C@@H](OC(C)=O)[C@@H]1O,trichloroacetimidate,25,26,25,26
SG-b101b8719da37bcb,b101b8719da37bcb036ce851645bcd605e1e3e1009fd8b5f50696d38a2761240,1377,31-013-CAS-20623543,1377,31-013-CAS-20623543,1,CC(=O)OC[C@H]1O[C@@H](Sc2ccc(C)cc2)[C@H](N2C(=O)c3ccccc3C2=O)[C@@H](OC(C)=O)[C@@H]1OC(C)=O,CC(=O)O[C@@H]1[C@@H](N=[N+]=[N-])[C@H](O[Si](C)(C)C(C)(C)C)O[C@H](COCc2ccccc2)[C@H]1O[C@@H]1O[C@H](COCc2ccccc2)[C@@H](O[C@@H]2O[C@H](COCc3ccccc3)[C@@H](O)[C@H](OC(C)=O)[C@H]2N2C(=O)c3ccccc3C2=O)[C@H](OC(C)=O)[C@H]1N1C(=O)c2ccccc2C1=O,CC(=O)O[C@@H]1[C@@H](N=[N+]=[N-])[C@H](O[Si](C)(C)C(C)(C)C)O[C@H](COCc2ccccc2)[C@H]1O[C@@H]1O[C@H](COCc2ccccc2)[C@@H](O[C@@H]2O[C@H](COCc3ccccc3)[C@@H](OC(C)=O)[C@H](OC(C)=O)[C@H]2N2C(=O)c3ccccc3C2=O)[C@H](OC(C)=O)[C@H]1N1C(=O)c2ccccc2C1=O,thioglycoside,57,58,57,58
SG-b13d991f376f06ec,b13d991f376f06ecc107984b2e90134904e0220f4fbe6d8ff63a308f06d1eef5,1259,31-013-CAS-21013682,1259,31-013-CAS-21013682,1,O=C(O[C@@H]1[C@@H](OCc2ccccc2)[C@@H]2O[C@H](c3ccccc3)OC[C@H]2O[C@H]1Sc1ccccc1)c1ccccc1,C[C@@H]1O[C@@H](O[C@@H]2[C@@H](NC(=O)C(Cl)(Cl)Cl)[C@H](OCCCNC(=O)OCc3ccccc3)O[C@H](C)[C@@H]2OCc2ccccc2)[C@@H](N=[N+]=[N-])[C@H](OCc2ccc3ccccc3c2)[C@@H]1O,CC(=O)O[C@H]1[C@@H](OCc2ccc3ccccc3c2)[C@H](N=[N+]=[N-])[C@H](O[C@@H]2[C@@H](NC(=O)C(Cl)(Cl)Cl)[C@H](OCCCNC(=O)OCc3ccccc3)O[C@H](C)[C@@H]2OCc2ccccc2)O[C@H]1C,thioglycoside,59,60,4,3
SG-b1685e99c2dc1e72,b1685e99c2dc1e7240a2a3751d4f8b938507ea85a39c310d620e55350bb89f96,1060,31-013-CAS-7432796,1060,31-013-CAS-7432796,1,CCS[C@@H]1O[C@@H]2CO[C@@H](c3ccccc3)O[C@H]2[C@H](OCc2ccccc2)[C@H]1OCc1ccccc1,COc1ccc(O[C@H]2O[C@H](COCc3ccccc3)[C@H](O)[C@H](O[C@@H]3O[C@H](COCc4ccccc4)[C@@H](OCc4ccccc4)[C@H](OCc4ccccc4)[C@H]3OC(C)=O)[C@H]2NC(=O)OCC(Cl)(Cl)Cl)cc1,COc1ccc(O[C@H]2O[C@H](COCc3ccccc3)[C@H](OC(C)=O)[C@H](O[C@@H]3O[C@H](COCc4ccccc4)[C@@H](OCc4ccccc4)[C@H](OCc4ccccc4)[C@H]3OC(C)=O)[C@H]2NC(=O)OCC(Cl)(Cl)Cl)cc1,thioglycoside,19,20,19,20
SG-b1a4dcfb78ed4243,b1a4dcfb78ed42435916b128eb8fae064db6892b72ff1919bb48389b49f75290,1559,31-013-CAS-18800708,1559,31-013-CAS-18800708,1,COC(=O)[C@@]1(O[C@H]2[C@H]3O[C@@H](c4ccccc4)OC[C@H]3O[C@@H](Sc3ccc(C)cc3)[C@@H]2OC(=O)c2ccccc2)C[C@@H]2OC(=O)N(C(C)=O)[C@H]2[C@H]([C@H](OC(C)=O)[C@@H](COC(C)=O)OC(C)=O)O1,CC(C)(C)[Si](C)(C)OC[C@H]1O[C@@H](O[C@H]2[C@H](OCc3ccccc3)[C@@H](OC(=O)c3ccccc3)[C@H](O[C@@H]3[C@@H](OCc4ccccc4)[C@H](OCCN=[N+]=[N-])O[C@H](COCc4ccccc4)[C@H]3OCc3ccccc3)O[C@@H]2COCc2ccccc2)[C@H](OC(=O)c2ccccc2)[C@@H](O[C@@H]2O[C@H](COCc3ccccc3)[C@@H](O)[C@H](OCc3ccccc3)[C@H]2N2C(=O)c3ccccc3C2=O)[C@H]1OCc1ccccc1,CC(=O)O[C@H]1[C@H](OCc2ccccc2)[C@@H](N2C(=O)c3ccccc3C2=O)[C@H](O[C@H]2[C@@H](OCc3ccccc3)[C@@H](CO[Si](C)(C)C(C)(C)C)O[C@@H](O[C@H]3[C@H](OCc4ccccc4)[C@@H](OC(=O)c4ccccc4)[C@H](O[C@@H]4[C@@H](OCc5ccccc5)[C@H](OCCN=[N+]=[N-])O[C@H](COCc5ccccc5)[C@H]4OCc4ccccc4)O[C@@H]3COCc3ccccc3)[C@@H]2OC(=O)c2ccccc2)O[C@@H]1COCc1ccccc1,thioglycoside,107,108,4,3
SG-b1ed265127629dab,b1ed265127629daba827155358473acf3ae12a36ae71be0fdd7f475fd867e68a,820,31-013-CAS-15620941,820,31-013-CAS-15620941,1,COC(=O)[C@@H]1O[C@@H](Sc2ccccc2)[C@H](OC(=O)c2ccccc2)[C@@H](OCc2ccccc2)[C@@H]1O[C@H]1O[C@H](COC(=O)c2ccccc2)[C@@H](OC(=O)C(Cl)(Cl)Cl)[C@H](OCc2ccccc2)[C@H]1N=[N+]=[N-],COC(=O)[C@@H]1O[C@@H](OC)[C@H](OC(=O)c2ccccc2)[C@@H](OCc2ccccc2)[C@@H]1O[C@H]1O[C@H](COC(=O)c2ccccc2)[C@@H](O)[C@H](OCc2ccccc2)[C@H]1N=[N+]=[N-],COC(=O)[C@@H]1O[C@@H](OC)[C@H](OC(=O)c2ccccc2)[C@@H](OCc2ccccc2)[C@@H]1O[C@H]1O[C@H](COC(=O)c2ccccc2)[C@@H](OC(C)=O)[C@H](OCc2ccccc2)[C@H]1N=[N+]=[N-],thioglycoside,43,44,43,44
SG-b27b9a574dbe5bac,b27b9a574dbe5bac052ffd0f8593db8dade03c045b5c3dd270aeb62f18b7fcec,1144,31-013-CAS-16017995,1144,31-013-CAS-16017995,1,CCS[C@H]1O[C@@H](C)[C@@H](OCc2ccccc2)[C@@H](OCc2ccccc2)[C@@H]1OCc1ccccc1,CCS[C@@H]1O[C@H](COCc2ccccc2)[C@@H](O)[C@H](OC(C)=O)[C@H]1N1C(=O)c2ccccc2C1=O,CCS[C@@H]1O[C@H](COCc2ccccc2)[C@@H](OC(C)=O)[C@H](OC(C)=O)[C@H]1N1C(=O)c2ccccc2C1=O,thioglycoside,15,16,15,16
SG-b27f5a32d4f6ba34,b27f5a32d4f6ba34c60f4f426036e6c4e129c9fb953332b4f0b55d3205d97f22,171,31-010-CAS-23204857,171,31-010-CAS-23204857,1,CC(=O)OC[C@H]1O[C@H](OC(=N)C(Cl)(Cl)Cl)[C@H](OC(C)=O)[C@@H](OC(C)=O)[C@H]1OC(C)=O,CC(=O)CCC(=O)O[C@@H]1[C@@H](NC(C)=O)[C@H](OCCCCCCCl)O[C@H](COC(=O)c2ccccc2)[C@H]1O[C@@H]1O[C@H](COC(=O)C(C)(C)C)[C@H](OC(C)=O)[C@H](O[C@@H]2O[C@H](COC(=O)CCl)[C@@H](O)[C@H](OC(C)=O)[C@H]2NC(C)=O)[C@H]1OC(C)=O,CC(=O)CCC(=O)O[C@@H]1[C@@H](NC(C)=O)[C@H](OCCCCCCCl)O[C@H](COC(=O)c2ccccc2)[C@H]1O[C@@H]1O[C@H](COC(=O)C(C)(C)C)[C@H](OC(C)=O)[C@H](O[C@@H]2O[C@H](COC(=O)CCl)[C@@H](OC(C)=O)[C@H](OC(C)=O)[C@H]2NC(C)=O)[C@H]1OC(C)=O,trichloroacetimidate,64,65,64,65
SG-b2a9cd9ee24adf28,b2a9cd9ee24adf28a7750147f0b8c5ad05d6219d3230d58abc389b3b80e643e1,389,31-010-CAS-4250253,389,31-010-CAS-4250253,1,COC(=O)[C@@]1(O[C@H]2[C@@H](OC(C)=O)[C@@H](COC(C)=O)OC(OC(=N)C(Cl)(Cl)Cl)[C@@H]2OC(C)=O)C[C@H](OC(C)=O)[C@@H](NC(C)=O)[C@H]([C@H](OC(C)=O)[C@@H](COC(C)=O)OC(C)=O)O1,[N-]=[N+]=NCCO[C@@H]1O[C@H](COC(=O)c2ccccc2)[C@@H](O[C@@H]2O[C@H](COC(=O)c3ccccc3)[C@H](OC(=O)c3ccccc3)[C@H](O[C@@H]3O[C@H](COCc4ccccc4)[C@@H](O)[C@H](OCc4ccccc4)[C@H]3NC(=O)C(Cl)(Cl)Cl)[C@H]2OC(=O)c2ccccc2)[C@H](OC(=O)c2ccccc2)[C@H]1OC(=O)c1ccccc1,CC(=O)O[C@H]1[C@H](OCc2ccccc2)[C@@H](NC(=O)C(Cl)(Cl)Cl)[C@H](O[C@H]2[C@@H](OC(=O)c3ccccc3)[C@@H](COC(=O)c3ccccc3)O[C@@H](O[C@H]3[C@H](OC(=O)c4ccccc4)[C@@H](OC(=O)c4ccccc4)[C@H](OCCN=[N+]=[N-])O[C@@H]3COC(=O)c3ccccc3)[C@@H]2OC(=O)c2ccccc2)O[C@@H]1COCc1ccccc1,trichloroacetimidate,58,59,4,3
SG-b313d3c78cc24f9d,b313d3c78cc24f9d9dbd91ef1b36ccac9bcfac81fb438e1a2b5370a6100dfe06,324,31-010-CAS-16630393,324,31-010-CAS-16630393,1,CC(=O)OC[C@H]1OC(OC(=N)C(Cl)(Cl)Cl)[C@H](N)[C@@H](OC(C)=O)[C@@H]1OC(C)=O,CNC1=N[C@H]2O[C@H](COCc3ccccc3)[C@@H](O[C@@H]3O[C@H](COCc4ccccc4)[C@@H](O)[C@H](OC(C)=O)[C@H]3NC(=O)OCc3ccccc3)[C@H](OCc3cc(OCCCOc4ccccc4)ccc3[N+](=O)[O-])[C@H]2O1,CNC1=N[C@H]2O[C@H](COCc3ccccc3)[C@@H](O[C@@H]3O[C@H](COCc4ccccc4)[C@@H](OC(C)=O)[C@H](OC(C)=O)[C@H]3NC(=O)OCc3ccccc3)[C@H](OCc3cc(OCCCOc4ccccc4)ccc3[N+](=O)[O-])[C@H]2O1,trichloroacetimidate,30,31,30,31
SG-b31441e26cc796c9,b31441e26cc796c97b376efd441020e7584e0680c55bd996255404381645e022,1219,31-013-CAS-17791371,1219,31-013-CAS-17791371,1,CC(=O)N1C(=O)O[C@H]2[C@@H](O[Si](C)(C)C(C)(C)C)[C@@H](COCc3ccccc3)O[C@H](Sc3ccc(C)cc3)[C@@H]21,C=CCO[C@H]1O[C@H](COCc2ccccc2)[C@H](O[C@H]2O[C@H](COCc3ccccc3)[C@H](O[C@H]3O[C@H](COCc4ccccc4)[C@H](O)[C@@H]4OC(=O)N(C(C)=O)[C@@H]34)[C@@H]3OC(=O)N(C(C)=O)[C@@H]23)[C@@H]2OC(=O)N(C(C)=O)[C@@H]12,C=CCO[C@H]1O[C@H](COCc2ccccc2)[C@H](O[C@H]2O[C@H](COCc3ccccc3)[C@H](O[C@H]3O[C@H](COCc4ccccc4)[C@H](OC(C)=O)[C@@H]4OC(=O)N(C(C)=O)[C@@H]34)[C@@H]3OC(=O)N(C(C)=O)[C@@H]23)[C@@H]2OC(=O)N(C(C)=O)[C@@H]12,thioglycoside,44,45,44,45
SG-b344d18545a7975d,b344d18545a7975dc64bd32440b2e05f0a7e1ef4583657c2b6e1f1de3e44fe9a,1482,31-013-CAS-4942088,1482,31-013-CAS-4942088,1,CC(=O)OC[C@H]1O[C@@H](OC[C@H]2O[C@@H](O[C@H]3[C@H](OC(C)=O)[C@@H](N4C(=O)c5ccccc5C4=O)[C@H](Sc4ccccc4)O[C@@H]3COCc3ccccc3)[C@H](N3C(=O)c4ccccc4C3=O)[C@@H](OC(=O)c3ccccc3)[C@@H]2OC(=O)c2ccccc2)[C@H](N2C(=O)c3ccccc3C2=O)[C@@H](OC(C)=O)[C@@H]1OC(C)=O,CC(=O)O[C@H]1[C@H](O)[C@@H](COCc2ccccc2)O[C@@H](Sc2ccccc2)[C@@H]1N1C(=O)c2ccccc2C1=O,CC(=O)O[C@H]1[C@H](OC(C)=O)[C@@H](COCc2ccccc2)O[C@@H](Sc2ccccc2)[C@@H]1N1C(=O)c2ccccc2C1=O,thioglycoside,5,6,5,6
SG-b365742cd2925d7f,b365742cd2925d7fabf1ef6f03df0f5606141c043cde202b7ab02d36f56bb9ee,757,31-013-CAS-4357242,757,31-013-CAS-4357242,1,CC(=O)CCC(=O)O[C@H]1[C@@H](OC(C)=O)[C@@H](CO[Si](c2ccccc2)(c2ccccc2)C(C)(C)C)O[C@@H](Sc2ccc(C)cc2)[C@@H]1OC(C)=O,CC(=O)O[C@@H]1O[C@H](COCc2ccccc2)[C@@H](O)[C@H](OCc2ccccc2)[C@H]1N=[N+]=[N-],CC(=O)O[C@@H]1O[C@H](COCc2ccccc2)[C@@H](OC(C)=O)[C@H](OCc2ccccc2)[C@H]1N=[N+]=[N-],thioglycoside,16,17,16,17
SG-b3bf1bc0700edd72,b3bf1bc0700edd72ed8c2b3e4006d342423535ae10333dc1f4adbdde3a171c1e,46,31-010-CAS-15533193,46,31-010-CAS-15533193,1,COC(=O)[C@@H]1O[C@H](OC(=N)C(Cl)(Cl)Cl)[C@H](OC(C)=O)[C@@H](OCc2ccccc2)[C@@H]1OC(=O)CCC(C)=O,C=CCCCO[C@@H]1O[C@H](COC(C)=O)[C@@H](O)[C@H](OCc2ccccc2)[C@H]1N=[N+]=[N-],C=CCCCO[C@@H]1O[C@H](COC(C)=O)[C@@H](OC(C)=O)[C@H](OCc2ccccc2)[C@H]1N=[N+]=[N-],trichloroacetimidate,14,15,14,15
SG-b3bf8c6645a64705,b3bf8c6645a64705006cbb4a0bbd9be2eb96f9ea4e8a423c1a4f06d44c5fd2a5,176,31-010-CAS-1554973,176,31-010-CAS-1554973,1,N=C(O[C@H]1O[C@H](COCc2ccccc2)[C@@H](OCc2ccccc2)[C@H](OCc2ccccc2)[C@H]1OC(=O)c1ccccc1)C(Cl)(Cl)Cl,C=CCO[C@H]1[C@H](O)[C@@H](COCc2ccc(OC)cc2)O[C@@H](O[Si](C)(C)C(C)(C)C(C)C)[C@@H]1NC(C)=O,C=CCO[C@@H]1[C@@H](NC(C)=O)[C@H](O[Si](C)(C)C(C)(C)C(C)C)O[C@H](COCc2ccc(OC)cc2)[C@H]1OC(C)=O,trichloroacetimidate,5,6,34,35
SG-b4c8401f77d3840f,b4c8401f77d3840f9a1f278d0e69f742a81429570b828a820707dc366620c9df,767,31-013-CAS-5827955,767,31-013-CAS-5827955,1,COC(=O)[C@H]1O[C@@H](O[C@H]2[C@H](OC(=O)c3ccccc3)[C@@H](N=[N+]=[N-])[C@@H](O[C@H]3[C@H](OCc4ccccc4)[C@@H](OC(=O)c4ccccc4)[C@@H](Sc4ccc(C)cc4)O[C@H]3C(=O)OC)O[C@@H]2COCc2ccc(OC)cc2)[C@H](OCc2ccccc2)[C@@H](OCc2ccccc2)[C@@H]1O[C@H]1O[C@H](COC(=O)c2ccccc2)[C@@H](OCc2ccccc2)[C@H](OCc2ccccc2)[C@H]1N=[N+]=[N-],CO[C@H]1O[C@H](COC(=O)c2ccccc2)[C@@H](O)[C@H](OCc2ccccc2)[C@H]1N=[N+]=[N-],CO[C@H]1O[C@H](COC(=O)c2ccccc2)[C@@H](OC(C)=O)[C@H](OCc2ccccc2)[C@H]1N=[N+]=[N-],thioglycoside,15,16,15,16
SG-b5005c5db9253a78,b5005c5db9253a78606a36bb94acb1947a60edd8882ea185c45d917fda6c0c52,1297,31-013-CAS-10911479,1297,31-013-CAS-10911479,1,CCS[C@@H]1O[C@@H]2CO[C@@H](c3ccccc3)O[C@H]2[C@H](OCc2ccccc2)[C@H]1OC(=O)CCC(C)=O,O=C1c2ccccc2C(=O)N1[C@H]1[C@H](Oc2ccccc2)O[C@H](COCc2ccccc2)[C@@H](O)[C@@H]1OCc1ccccc1,CC(=O)O[C@H]1[C@H](OCc2ccccc2)[C@@H](N2C(=O)c3ccccc3C2=O)[C@H](Oc2ccccc2)O[C@@H]1COCc1ccccc1,thioglycoside,31,32,4,3
SG-b566d1d35078f68b,b566d1d35078f68b63b42cc0ee4d38a47825ae6b2c66279c3353fea967cfe035,914,31-013-CAS-23879287,914;915;916;917,31-013-CAS-23879287;31-614-CAS-34336263;31-614-CAS-32458039;31-614-CAS-37588026,4,CC(=O)OC[C@@H]1O[C@@H](Sc2ccc(C)cc2)[C@H](OC(=O)c2ccccc2)[C@@H](OCc2ccccc2)[C@@H]1O[C@H]1O[C@H](CO[Si](c2ccccc2)(c2ccccc2)C(C)(C)C)[C@@H](OCc2ccc3ccccc3c2)[C@H](OCc2ccc(Br)cc2)[C@H]1N=[N+]=[N-],CC(C)(C)[Si](OC[C@H]1O[C@H](O[C@H]2[C@H](OCc3ccccc3)[C@@H](OC(=O)c3ccccc3)[C@H]3OC[C@@H]2O3)[C@H](N=[N+]=[N-])[C@@H](OCc2ccc(Br)cc2)[C@@H]1O)(c1ccccc1)c1ccccc1,CC(=O)O[C@H]1[C@H](OCc2ccc(Br)cc2)[C@@H](N=[N+]=[N-])[C@@H](O[C@H]2[C@H](OCc3ccccc3)[C@@H](OC(=O)c3ccccc3)[C@H]3OC[C@@H]2O3)O[C@@H]1CO[Si](c1ccccc1)(c1ccccc1)C(C)(C)C,thioglycoside,50,51,4,3
SG-b5a7bbb10570a2ac,b5a7bbb10570a2acfa743261d85f33e41ee5a535d7652fdc6e621bb276c74e80,9,31-010-CAS-5834517,9;10,31-010-CAS-5834517;31-010-CAS-9377356,2,CC(=O)OC[C@H]1O[C@@H](OC(=N)C(Cl)(Cl)Cl)[C@H](N2C(=O)c3ccccc3C2=O)[C@@H](OC(C)=O)[C@@H]1OC(C)=O,C=CCO[C@@H]1O[C@H]([C@@H](C)OCc2ccc(OC)cc2)[C@@H](O)[C@H](OC(C)=O)[C@H]1N1C(=O)c2ccccc2C1=O,C=CCO[C@@H]1O[C@H]([C@@H](C)OCc2ccc(OC)cc2)[C@@H](OC(C)=O)[C@H](OC(C)=O)[C@H]1N1C(=O)c2ccccc2C1=O,trichloroacetimidate,19,20,19,20
SG-b5f00f561bf6980b,b5f00f561bf6980b4986a9a5f2c1d0854146ce014859179f82d98c3d791ced15,1514,31-013-CAS-19117153,1514,31-013-CAS-19117153,1,COc1ccc([C@@H]2OC[C@H]3O[C@@H](Sc4ccc(C)cc4)[C@H](OC(=O)CCl)[C@@H](OCc4ccccc4)[C@@H]3O2)cc1,CC(=O)OC[C@H]1O[C@@H](O[C@H]2[C@H](OC(C)=O)[C@@H](N3C(=O)c4ccccc4C3=O)[C@H](N=[N+]=[N-])O[C@@H]2COC(C)=O)[C@H](N2C(=O)c3ccccc3C2=O)[C@@H](OC(C)=O)[C@@H]1O,CC(=O)OC[C@H]1O[C@@H](N=[N+]=[N-])[C@H](N2C(=O)c3ccccc3C2=O)[C@@H](OC(C)=O)[C@@H]1O[C@@H]1O[C@H](COC(C)=O)[C@@H](OC(C)=O)[C@H](OC(C)=O)[C@H]1N1C(=O)c2ccccc2C1=O,thioglycoside,55,56,38,39
SG-b61909191fe8971b,b61909191fe8971bc6d9c2295be6fa1dea5fe71aa8abe81f80c223959fdff2ec,145,31-010-CAS-10687263,145,31-010-CAS-10687263,1,COC(=O)[C@@H]1OC(OC(=N)C(Cl)(Cl)Cl)[C@H](OC(C)=O)[C@@H](OCc2ccccc2)[C@@H]1OC(=O)CCC(C)=O,[N-]=[N+]=N[C@H]1[C@H](OCCCCCNC(=O)OCc2ccccc2)O[C@H](COCc2ccccc2)[C@@H](O)[C@@H]1OCc1ccccc1,CC(=O)O[C@H]1[C@H](OCc2ccccc2)[C@@H](N=[N+]=[N-])[C@H](OCCCCCNC(=O)OCc2ccccc2)O[C@@H]1COCc1ccccc1,trichloroacetimidate,33,34,4,3
SG-b6264c04287ab107,b6264c04287ab1077098c373259b01be58555d2b146fecb88d442cb65ff4fd3d,146,31-010-CAS-13055419,146,31-010-CAS-13055419,1,CC(=O)O[C@@H]1[C@@H](NC(=O)OCC(Cl)(Cl)Cl)[C@@H](OC(=N)C(Cl)(Cl)Cl)O[C@@H]2CO[C@@H](c3ccccc3)O[C@@H]12,CCOC(=O)[C@@H](C)O[C@H]1[C@H](O)[C@@H](COCc2ccccc2)O[C@H](OCc2ccccc2)[C@@H]1NC(=O)OCC(Cl)(Cl)Cl,CCOC(=O)[C@@H](C)O[C@@H]1[C@@H](NC(=O)OCC(Cl)(Cl)Cl)[C@@H](OCc2ccccc2)O[C@H](COCc2ccccc2)[C@H]1OC(C)=O,trichloroacetimidate,9,10,39,40
SG-b637c208b4db4bfb,b637c208b4db4bfb58092e49e695c82b2b53debc750d27acc2ffdd79ae2a17b0,164,31-010-CAS-1510337,164,31-010-CAS-1510337,1,CC(=O)OC[C@H]1O[C@H](OC(=N)C(Cl)(Cl)Cl)[C@H](OC(C)=O)[C@@H](OC(C)=O)[C@H]1OC(C)=O,COC(=O)CCCCCCCCO[C@@H]1O[C@H](CN=[N+]=[N-])[C@@H](O)[C@H](O[C@@H]2O[C@@H](C)[C@@H](OCc3ccccc3)[C@@H](OCc3ccccc3)[C@@H]2OCc2ccccc2)[C@H]1NC(C)=O,COC(=O)CCCCCCCCO[C@@H]1O[C@H](CN=[N+]=[N-])[C@@H](OC(C)=O)[C@H](O[C@@H]2O[C@@H](C)[C@@H](OCc3ccccc3)[C@@H](OCc3ccccc3)[C@@H]2OCc2ccccc2)[C@H]1NC(C)=O,trichloroacetimidate,20,21,20,21
SG-b691cc2677c92741,b691cc2677c92741db1bf160de29f12145e2edbdc22bec101fbead75ee456271,376,31-010-CAS-21359671,376;377,31-010-CAS-21359671;31-010-CAS-12272978,2,COC(=O)[C@H]1OC(OC(=N)C(Cl)(Cl)Cl)[C@H](OC(=O)c2ccccc2)[C@@H](OCc2ccccc2)[C@@H]1O[C@H]1O[C@H](COC(=O)c2ccccc2)[C@@H](OCc2ccccc2)[C@H](OCc2ccccc2)[C@H]1NC=C1C(=O)N(C)C(=O)N(C)C1=O,COc1ccc(COC[C@H]2O[C@@H](O[Si](c3ccccc3)(c3ccccc3)C(C)(C)C)[C@H](N=[N+]=[N-])[C@@H](OC(=O)c3ccccc3)[C@@H]2O)cc1,COc1ccc(COC[C@H]2O[C@@H](O[Si](c3ccccc3)(c3ccccc3)C(C)(C)C)[C@H](N=[N+]=[N-])[C@@H](OC(=O)c3ccccc3)[C@@H]2OC(C)=O)cc1,trichloroacetimidate,44,45,44,45
SG-b6972ec3cd550e4c,b6972ec3cd550e4c65a22b8b5518bcb8bc4b30ba84b6fdbacdbb77b07418e80b,858,31-013-CAS-7925185,858,31-013-CAS-7925185,1,CCOC(=S)S[C@@H]1O[C@H](C)[C@H](NC(=O)OCc2ccccc2)[C@H](OC(C)=O)[C@H]1N=[N+]=[N-],[N-]=[N+]=N[C@H]1[C@@H]2OC[C@@H](O2)[C@H](O)[C@@H]1OCc1ccccc1,CC(=O)O[C@@H]1[C@H](OCc2ccccc2)[C@@H](N=[N+]=[N-])[C@@H]2OC[C@H]1O2,thioglycoside,9,10,4,3
SG-b6e518c20a65d9de,b6e518c20a65d9de751771149b56417193a3417c6d860682df35357d7105ab85,322,31-006-CAS-18462356,322,31-006-CAS-18462356,1,N=C(OC1O[C@H](COCc2ccccc2)[C@H](OCc2ccccc2)[C@H](OCc2ccccc2)[C@H]1OCc1ccccc1)C(Cl)(Cl)Cl,CC1(C)[C@H]2CC[C@]1(C)[C@]1(C2)O[C@@H]2[C@H](OCc3ccccc3)[C@@H](OCc3ccccc3)[C@H](OCc3ccccc3)[C@@H](O[C@H]3O[C@H](COCc4ccccc4)[C@@H](O)[C@H](OCc4ccccc4)[C@H]3N=[N+]=[N-])[C@@H]2O1,CC(=O)O[C@H]1[C@H](OCc2ccccc2)[C@@H](N=[N+]=[N-])[C@@H](O[C@@H]2[C@@H](OCc3ccccc3)[C@H](OCc3ccccc3)[C@@H](OCc3ccccc3)[C@H]3O[C@]4(C[C@@H]5CC[C@@]4(C)C5(C)C)O[C@@H]23)O[C@@H]1COCc1ccccc1,trichloroacetimidate,53,54,4,3
SG-b73364cca46e7fa4,b73364cca46e7fa48296bb7b6a43fc60504906d6048237062a63cbd808b8d502,1276,31-013-CAS-5538936,1276,31-013-CAS-5538936,1,CCS[C@@H]1O[C@H](COCc2ccccc2)[C@H](OCc2ccccc2)[C@H](OC(C)=O)[C@H]1N1C(=O)c2ccccc2C1=O,C=CCO[C@H]1[C@H](O)[C@@H](COCc2ccccc2)O[C@@H](SCC)[C@@H]1N1C(=O)c2ccccc2C1=O,C=CCO[C@H]1[C@H](OC(C)=O)[C@@H](COCc2ccccc2)O[C@@H](SCC)[C@@H]1N1C(=O)c2ccccc2C1=O,thioglycoside,5,6,5,6
SG-b73c1bedcd405a67,b73c1bedcd405a6787a5b7321ac4d9c075219ca857d3d50764461f20c385cd6f,370,31-010-CAS-21359652,370;371,31-010-CAS-21359652;31-010-CAS-5369572,2,COC(=O)[C@H]1OC(OC(=N)C(Cl)(Cl)Cl)[C@H](OCc2ccccc2)[C@@H](OCc2ccccc2)[C@@H]1O[C@H]1O[C@H](COC(=O)c2ccccc2)[C@@H](OCc2ccccc2)[C@H](OCc2ccccc2)[C@H]1NC=C1C(=O)N(C)C(=O)N(C)C1=O,COc1ccc(CO[C@H]2[C@H](O)[C@@H](COc3ccc(OC)cc3)O[C@@H](O[Si](c3ccccc3)(c3ccccc3)C(C)(C)C)[C@@H]2N=[N+]=[N-])cc1,COc1ccc(CO[C@@H]2[C@@H](N=[N+]=[N-])[C@H](O[Si](c3ccccc3)(c3ccccc3)C(C)(C)C)O[C@H](COc3ccc(OC)cc3)[C@H]2OC(C)=O)cc1,trichloroacetimidate,9,10,44,45
SG-b7595238a15b9e32,b7595238a15b9e3237433d29cc7f878f48a663be879516ef81ee60e08f7edb46,672,31-013-CAS-5609840,672,31-013-CAS-5609840,1,CCS[C@H]1O[C@H](C)[C@@H](N=[N+]=[N-])[C@H](OCc2ccccc2)[C@@H]1O[C@H]1O[C@H](C)[C@@H](N=[N+]=[N-])[C@H](OCc2ccccc2)[C@@H]1OC(C)=O,CO[C@H]1O[C@H](C)[C@@H](N=[N+]=[N-])[C@H](O[C@H]2O[C@H](C)[C@@H](N=[N+]=[N-])[C@H](OCc3ccccc3)[C@@H]2O[C@H]2O[C@H](C)[C@@H](N=[N+]=[N-])[C@H](OCc3ccccc3)[C@@H]2O)[C@@H]1OCc1ccccc1,CO[C@H]1O[C@H](C)[C@@H](N=[N+]=[N-])[C@H](O[C@H]2O[C@H](C)[C@@H](N=[N+]=[N-])[C@H](OCc3ccccc3)[C@@H]2O[C@H]2O[C@H](C)[C@@H](N=[N+]=[N-])[C@H](OCc3ccccc3)[C@@H]2OC(C)=O)[C@@H]1OCc1ccccc1,thioglycoside,48,49,48,49
SG-b771e063ff9afc82,b771e063ff9afc82932faded34c7f1543c27a1123b9ab3f403633996a467b042,6,31-010-CAS-8578743,6,31-010-CAS-8578743,1,CC(=O)OC[C@H]1O[C@@H](OC(=N)C(Cl)(Cl)Cl)[C@H](N2C(=O)c3ccccc3C2=O)[C@@H](OC(C)=O)[C@@H]1OC(C)=O,[2H]C(OCc1ccc(OC)cc1)[C@H]1O[C@@H](OCC=C)[C@H](N2C(=O)c3ccccc3C2=O)[C@@H](OC(C)=O)[C@@H]1O,[2H]C(OCc1ccc(OC)cc1)[C@H]1O[C@@H](OCC=C)[C@H](N2C(=O)c3ccccc3C2=O)[C@@H](OC(C)=O)[C@@H]1OC(C)=O,trichloroacetimidate,36,37,36,37
SG-b80e1b42126b8aaf,b80e1b42126b8aaf8bf0017b68f82747a02cb201bff3a62eba8a26b9477e6ed4,1167,31-013-CAS-11663642,1167,31-013-CAS-11663642,1,CC(=O)OC[C@H]1OC(Sc2ccccc2)[C@H](N2C(=O)c3ccccc3C2=O)[C@@H](OC(C)=O)[C@H]1OC(C)=O,CO[C@@H]1O[C@H](COC(C)=O)[C@@H](O)[C@H](OCc2ccccc2)[C@H]1N1C(=O)c2ccccc2C1=O,CO[C@@H]1O[C@H](COC(C)=O)[C@@H](OC(C)=O)[C@H](OCc2ccccc2)[C@H]1N1C(=O)c2ccccc2C1=O,thioglycoside,10,11,10,11
SG-b816d9a259b2a707,b816d9a259b2a707f17173994903cc1e709fccd316cce56ebcc44d3d91ad28e5,310,31-010-CAS-7407036,310,31-010-CAS-7407036,1,CC(C)(C)[Si](OC[C@H]1O[C@H](OC(=N)C(Cl)(Cl)Cl)[C@H](OCc2ccccc2)[C@@H](OCc2ccccc2)[C@H]1OCc1ccccc1)(c1ccccc1)c1ccccc1,CC1(C)[C@H]2CC[C@]1(C)[C@]1(C2)O[C@@H]2[C@H](OCc3ccccc3)[C@@H](OCc3ccccc3)[C@H](OCc3ccccc3)[C@@H](O[C@H]3O[C@H](COCc4ccccc4)[C@@H](O)[C@H](OCc4ccccc4)[C@H]3N=[N+]=[N-])[C@@H]2O1,CC(=O)O[C@H]1[C@H](OCc2ccccc2)[C@@H](N=[N+]=[N-])[C@@H](O[C@@H]2[C@@H](OCc3ccccc3)[C@H](OCc3ccccc3)[C@@H](OCc3ccccc3)[C@H]3O[C@]4(C[C@@H]5CC[C@@]4(C)C5(C)C)O[C@@H]23)O[C@@H]1COCc1ccccc1,trichloroacetimidate,53,54,4,3
SG-b848016d6ed632a4,b848016d6ed632a472dbff728b6c15687a5a1c1455f0c50d2f32617d0dccfd50,748,31-013-CAS-2541337,748,31-013-CAS-2541337,1,CCS[C@@H]1O[C@@H]2CO[C@@H](c3ccccc3)O[C@H]2[C@H](OCc2ccc(OC)cc2)[C@H]1OC(=O)c1ccccc1,[N-]=[N+]=N[C@H]1[C@H](OCc2ccccc2)O[C@H](COCc2ccccc2)[C@@H](O)[C@@H]1OCc1ccccc1,CC(=O)O[C@H]1[C@H](OCc2ccccc2)[C@@H](N=[N+]=[N-])[C@H](OCc2ccccc2)O[C@@H]1COCc1ccccc1,thioglycoside,24,25,4,3
SG-b8dbf818c50e6981,b8dbf818c50e6981ab2484e6b0633022b5a0a4d900b045d3a5a6124afadabdcb,1441,31-013-CAS-12780343,1441,31-013-CAS-12780343,1,CCS[C@@H]1O[C@H](COC(=O)c2ccccc2)[C@H](OC(C)=O)[C@H](O[Si](C)(C)C(C)(C)C)[C@H]1OC(=O)c1ccccc1,CCCCCCCCO[C@@H]1O[C@H](COCc2ccccc2)[C@@H](O[C@@H]2O[C@H](COC(=O)c3ccccc3)[C@H](OC(C)=O)[C@H](O[C@@H]3O[C@H](COCc4ccccc4)[C@@H](O)[C@H](O)[C@H]3N3C(=O)c4ccccc4C3=O)[C@H]2OC(=O)c2ccccc2)[C@H](OCc2ccccc2)[C@H]1N1C(=O)c2ccccc2C1=O,CCCCCCCCO[C@@H]1O[C@H](COCc2ccccc2)[C@@H](O[C@@H]2O[C@H](COC(=O)c3ccccc3)[C@H](OC(C)=O)[C@H](O[C@@H]3O[C@H](COCc4ccccc4)[C@@H](OC(C)=O)[C@H](O)[C@H]3N3C(=O)c4ccccc4C3=O)[C@H]2OC(=O)c2ccccc2)[C@H](OCc2ccccc2)[C@H]1N1C(=O)c2ccccc2C1=O,thioglycoside,55,56,55,56
SG-b910f8d08617dcb5,b910f8d08617dcb5c1cf6f7fc6a29be1cb0d8147ed6e68df9d447df32c28b498,1071,31-013-CAS-6440966,1071,31-013-CAS-6440966,1,CCS[C@@H]1O[C@H](COC(=O)CCC(C)=O)[C@H](OCc2ccccc2)[C@H](O[Si](C)(C)C(C)(C)C)[C@H]1OC(=O)C(C)(C)C,COc1ccc(CO[C@@H]2O[C@H](COCc3ccccc3)[C@@H](O)[C@H](OCc3ccccc3)[C@H]2NC(=O)C(Cl)(Cl)Cl)cc1,COc1ccc(CO[C@@H]2O[C@H](COCc3ccccc3)[C@@H](OC(C)=O)[C@H](OCc3ccccc3)[C@H]2NC(=O)C(Cl)(Cl)Cl)cc1,thioglycoside,20,21,20,21
SG-b932c43385431167,b932c433854311672c19ca97d94dfb56df1796437d09cd1d0e38de5cbef0545f,352,31-010-CAS-21359653,352;353,31-010-CAS-21359653;31-010-CAS-7505645,2,COC(=O)[C@H]1OC(OC(=N)C(Cl)(Cl)Cl)[C@H](OCc2ccccc2)[C@@H](OCc2ccccc2)[C@@H]1O[C@H]1O[C@H](COCc2ccc(OC)cc2)[C@@H](OCc2ccccc2)[C@H](OCc2ccccc2)[C@H]1NC=C1C(=O)N(C)C(=O)N(C)C1=O,COc1ccc(COC[C@H]2O[C@@H](O[Si](c3ccccc3)(c3ccccc3)C(C)(C)C)[C@H](N=[N+]=[N-])[C@@H](OC(=O)c3ccccc3)[C@@H]2O)cc1,COc1ccc(COC[C@H]2O[C@@H](O[Si](c3ccccc3)(c3ccccc3)C(C)(C)C)[C@H](N=[N+]=[N-])[C@@H](OC(=O)c3ccccc3)[C@@H]2OC(C)=O)cc1,trichloroacetimidate,44,45,44,45
SG-b9cbef928abe58ed,b9cbef928abe58ed48401b31431e85cf55aa8367764b8c1971e64013deaf4205,690,31-614-CAS-42125040,690;691,31-614-CAS-42125040;31-614-CAS-35145137,2,Cc1ccc(S[C@H]2O[C@@H]3CO[C@@H](c4ccccc4)O[C@H]3[C@H](OCc3ccccc3)[C@@H]2OCc2ccccc2)cc1,[N-]=[N+]=N[C@H]1[C@H](OCc2ccccc2)O[C@H](COCc2ccccc2)[C@@H](O)[C@@H]1OCc1ccccc1,CC(=O)O[C@H]1[C@H](OCc2ccccc2)[C@@H](N=[N+]=[N-])[C@H](OCc2ccccc2)O[C@@H]1COCc1ccccc1,thioglycoside,24,25,4,3
SG-ba1245cd48ed719b,ba1245cd48ed719b891751fee0db42f317f3c4634db2e04cb8a60f4a35b40582,589,31-010-CAS-12184227,589;590;591;592;593,31-010-CAS-12184227;31-010-CAS-8696313;31-010-CAS-1037433;31-010-CAS-4396207;31-010-CAS-3211530,5,FC(F)(F)C(=Nc1ccccc1)OC1O[C@@H]2CO[C@@H](c3ccccc3)O[C@H]2[C@H](OCc2ccccc2)[C@@H]1OCc1ccccc1,C=CCO[C@H]1O[C@H](COCc2ccccc2)[C@@H](O)[C@H](OCc2ccccc2)[C@H]1NC(=O)OCC(Cl)(Cl)Cl,C=CCO[C@H]1O[C@H](COCc2ccccc2)[C@@H](OC(C)=O)[C@H](OCc2ccccc2)[C@H]1NC(=O)OCC(Cl)(Cl)Cl,trifluoroacetimidate,16,17,16,17
SG-ba3dcb65e469c2ad,ba3dcb65e469c2ada35e470535ce00823d0ea2cd404f302b85a71bc17b293dbc,1057,31-013-CAS-6011919,1057,31-013-CAS-6011919,1,CS[C@H]1O[C@@H](C)[C@@H](OCc2ccccc2)[C@@H](OCc2ccccc2)[C@@H]1OCc1ccccc1,CC(=O)N[C@H]1[C@H](OCCCNC(=O)OCc2ccccc2)O[C@H](COC(C)=O)[C@@H](O)[C@@H]1O[C@@H]1O[C@H](COC(C)=O)[C@H](OC(C)=O)[C@H](OC(C)=O)[C@H]1OC(C)=O,CC(=O)N[C@H]1[C@H](OCCCNC(=O)OCc2ccccc2)O[C@H](COC(C)=O)[C@@H](OC(C)=O)[C@@H]1O[C@@H]1O[C@H](COC(C)=O)[C@H](OC(C)=O)[C@H](OC(C)=O)[C@H]1OC(C)=O,thioglycoside,28,29,28,29
SG-ba444dafe8f349ad,ba444dafe8f349ad985edca699098a5b028cd2c2369371d2767c7e994be09cb0,688,31-013-CAS-308870,688,31-013-CAS-308870,1,COc1ccc(S[C@H]2O[C@@H]3CO[C@@H](c4ccccc4)O[C@H]3[C@H](OCc3ccccc3)[C@@H]2N=[N+]=[N-])cc1,CC(C)(C)[Si](C)(C)O[C@@H]1O[C@H](COCc2ccccc2)[C@@H](O)[C@H](OCc2ccccc2)[C@H]1N=[N+]=[N-],CC(=O)O[C@H]1[C@H](OCc2ccccc2)[C@@H](N=[N+]=[N-])[C@H](O[Si](C)(C)C(C)(C)C)O[C@@H]1COCc1ccccc1,thioglycoside,20,21,4,3
SG-ba592e11f15ea542,ba592e11f15ea54290143077787f426983b4da2574b46bf982c9d6f85f9bc851,462,31-010-CAS-6763521,462,31-010-CAS-6763521,1,COC(=O)[C@@H]1OC(OC(=N)C(Cl)(Cl)Cl)[C@H](OC(=O)C(C)(C)C)[C@@H](OCc2ccccc2)[C@@H]1O[C@H]1O[C@@H]2CO[C@@H](c3ccccc3)O[C@H]2[C@H](OCc2ccccc2)[C@H]1N=[N+]=[N-],COC(=O)[C@@H]1O[C@@H](OC(C)C)[C@H](OC(=O)C(C)(C)C)[C@@H](OCc2ccccc2)[C@@H]1O[C@H]1O[C@H](COC(=O)c2ccccc2)[C@@H](O[C@@H]2O[C@@H](C(=O)OC)[C@@H](O[C@H]3O[C@H](COC(=O)c4ccccc4)[C@@H](O)[C@H](OCc4ccccc4)[C@H]3N=[N+]=[N-])[C@H](OCc3ccccc3)[C@H]2OC(=O)C(C)(C)C)[C@H](OCc2ccccc2)[C@H]1N=[N+]=[N-],COC(=O)[C@@H]1O[C@@H](OC(C)C)[C@H](OC(=O)C(C)(C)C)[C@@H](OCc2ccccc2)[C@@H]1O[C@H]1O[C@H](COC(=O)c2ccccc2)[C@@H](O[C@@H]2O[C@@H](C(=O)OC)[C@@H](O[C@H]3O[C@H](COC(=O)c4ccccc4)[C@@H](OC(C)=O)[C@H](OCc4ccccc4)[C@H]3N=[N+]=[N-])[C@H](OCc3ccccc3)[C@H]2OC(=O)C(C)(C)C)[C@H](OCc2ccccc2)[C@H]1N=[N+]=[N-],trichloroacetimidate,67,68,67,68
SG-ba8f1e9cca56cc9f,ba8f1e9cca56cc9f66e1b3eace8cfbbcc4ce6ba3728005c6baa36da0d38feed9,1109,31-013-CAS-10851823,1109,31-013-CAS-10851823,1,CCS[C@@H]1O[C@@H]2CO[C@H](c3ccccc3)O[C@@H]2[C@H](OC(C)=O)[C@H]1OC(C)=O,CC(=O)N[C@H]1[C@H](OCCCNC(=O)OCc2ccccc2)O[C@H](COCc2ccccc2)[C@@H](O)[C@@H]1O[C@@H]1O[C@@H](C)[C@@H](OCc2ccccc2)[C@@H](OCc2ccccc2)[C@@H]1OCc1ccccc1,CC(=O)N[C@H]1[C@H](OCCCNC(=O)OCc2ccccc2)O[C@H](COCc2ccccc2)[C@@H](OC(C)=O)[C@@H]1O[C@@H]1O[C@@H](C)[C@@H](OCc2ccccc2)[C@@H](OCc2ccccc2)[C@@H]1OCc1ccccc1,thioglycoside,32,33,32,33
SG-ba8fb71af7dacdf2,ba8fb71af7dacdf29d357b957e2dd7884edefd561242a8ad3b6e781c4d956063,833,31-013-CAS-20818633,833,31-013-CAS-20818633,1,COC(=O)[C@@H]1O[C@@H](Sc2ccccc2)[C@H](OC(=O)c2ccccc2)[C@@H](OCc2ccccc2)[C@@H]1O[C@H]1O[C@H](COCc2ccccc2)[C@@H](OCc2ccc(OC)cc2)[C@H](OCc2ccccc2)[C@H]1N=[N+]=[N-],[N-]=[N+]=N[C@H]1[C@@H](O[C@H]2[C@H](OCc3ccccc3)[C@H]3OC(=O)[C@@H]2O[C@@H]3Sc2ccccc2)O[C@H](COCc2ccccc2)[C@@H](O)[C@@H]1OCc1ccccc1,CC(=O)O[C@H]1[C@H](OCc2ccccc2)[C@@H](N=[N+]=[N-])[C@@H](O[C@H]2[C@H](OCc3ccccc3)[C@H]3OC(=O)[C@@H]2O[C@@H]3Sc2ccccc2)O[C@@H]1COCc1ccccc1,thioglycoside,41,42,4,3
SG-bb138cb2a5c23c11,bb138cb2a5c23c11964df5a13d1d3a2d6a6746faa731106dfec5989238315589,771,31-013-CAS-21359741,771;772,31-013-CAS-21359741;31-013-CAS-6157299,2,COC(=O)[C@H]1O[C@@H](O[C@H]2[C@H](OCc3ccc(OC)cc3)[C@@H](N=[N+]=[N-])[C@@H](O[C@H]3[C@H](OCc4ccccc4)[C@@H](OC(=O)c4ccccc4)[C@@H](Sc4ccc(C)cc4)O[C@H]3C(=O)OC)O[C@@H]2COCc2ccc(OC)cc2)[C@H](OCc2ccccc2)[C@@H](OCc2ccccc2)[C@@H]1O[C@H]1O[C@H](COC(=O)c2ccccc2)[C@@H](OCc2ccccc2)[C@H](OCc2ccccc2)[C@H]1N=[N+]=[N-],CO[C@H]1O[C@H](COC(=O)c2ccccc2)[C@@H](O)[C@H](OCc2ccccc2)[C@H]1N=[N+]=[N-],CO[C@H]1O[C@H](COC(=O)c2ccccc2)[C@@H](OC(C)=O)[C@H](OCc2ccccc2)[C@H]1N=[N+]=[N-],thioglycoside,15,16,15,16
SG-bb3d3e4ed879cac3,bb3d3e4ed879cac34cf539e3f75ff582e71cd18ec60b97afc67cfca1bf17d81e,856,31-013-CAS-12951668,856,31-013-CAS-12951668,1,COc1ccc([C@@H]2OC[C@H]3O[C@@H](Sc4ccccc4)[C@H](OC(=O)c4ccccc4)[C@@H](OCc4ccccc4)[C@@H]3O2)cc1,Cc1ccc(S[C@@H]2O[C@H](CO[Si](c3ccccc3)(c3ccccc3)C(C)(C)C)[C@@H](O)[C@H](OCOCC[Si](C)(C)C)[C@H]2N=[N+]=[N-])cc1,CC(=O)O[C@H]1[C@H](OCOCC[Si](C)(C)C)[C@@H](N=[N+]=[N-])[C@H](Sc2ccc(C)cc2)O[C@@H]1CO[Si](c1ccccc1)(c1ccccc1)C(C)(C)C,thioglycoside,28,29,4,3
SG-bbbedecc61a97389,bbbedecc61a97389caf37a9a1b8093ff98cd7b7883076b3ad001598e62368414,753,31-013-CAS-16761012,753,31-013-CAS-16761012,1,O=C(O[C@@H]1[C@@H](OCc2ccccc2)[C@@H]2O[C@H](c3cccc4ccccc34)OC[C@@H]2O[C@H]1Sc1ccccc1)c1ccccc1,CO[C@H]1O[C@H](COCc2ccccc2)[C@@H](O)[C@H](OCc2ccccc2)[C@H]1N=[N+]=[N-],CO[C@H]1O[C@H](COCc2ccccc2)[C@@H](OC(C)=O)[C@H](OCc2ccccc2)[C@H]1N=[N+]=[N-],thioglycoside,14,15,14,15
SG-bbbfbe29110193ae,bbbfbe29110193ae860acd20ad2798fb985603582cf3dc8ce4f5d566b01130ce,1172,31-013-CAS-10549598,1172,31-013-CAS-10549598,1,CC(=O)O[C@H]1[C@H](OCc2ccccc2)[C@@H](N=[N+]=[N-])[C@H](Sc2ccccc2)O[C@@H]1CN1C(=O)c2ccccc2C1=O,CO[C@H]1O[C@H](CN=[N+]=[N-])[C@@H](O[C@H]2O[C@H](CN3C(=O)c4ccccc4C3=O)[C@@H](O)[C@H](OCc3ccccc3)[C@H]2N=[N+]=[N-])[C@H](OCc2ccccc2)[C@H]1N=[N+]=[N-],CO[C@H]1O[C@H](CN=[N+]=[N-])[C@@H](O[C@H]2O[C@H](CN3C(=O)c4ccccc4C3=O)[C@@H](OC(C)=O)[C@H](OCc3ccccc3)[C@H]2N=[N+]=[N-])[C@H](OCc2ccccc2)[C@H]1N=[N+]=[N-],thioglycoside,26,27,26,27
SG-bbc21e16bdeb8cf8,bbc21e16bdeb8cf8c819c42141478fa8a1f8549f61244b28a503bc46cfebfa91,1138,31-614-CAS-41700171,1138,31-614-CAS-41700171,1,CC(=O)CCC(=O)O[C@@H]1[C@@H](N=[N+]=[N-])[C@H](Sc2ccccc2)O[C@H](C)[C@@H]1NC(=O)COc1ccccc1,C#CCO[C@@H]1O[C@@H]2CO[C@@](C)(C(=O)OC)O[C@@H]2[C@H](O[C@H]2O[C@@H]3CO[Si](C(C)(C)C)(C(C)(C)C)O[C@@H]([C@H]3O)[C@H]2N=[N+]=[N-])[C@H]1OC(=O)c1ccccc1,C#CCO[C@@H]1O[C@@H]2CO[C@@](C)(C(=O)OC)O[C@@H]2[C@H](O[C@H]2O[C@@H]3CO[Si](C(C)(C)C)(C(C)(C)C)O[C@H]([C@H]2N=[N+]=[N-])[C@H]3OC(C)=O)[C@H]1OC(=O)c1ccccc1,thioglycoside,35,36,39,40
SG-bc444f1429bcf870,bc444f1429bcf870ac7c1e545a1d9b1f493ed1740e98472c0920d2ba8356e062,383,31-010-CAS-5251218,383,31-010-CAS-5251218,1,C=CCO[C@@H]1[C@@H](OC(=N)C(Cl)(Cl)Cl)O[C@H](CO[C@H]2O[C@H](COCc3ccc(OC)cc3)[C@@H](OCc3ccc(OC)cc3)[C@H](OCc3ccc(OC)cc3)[C@@H]2O[C@H]2O[C@H](CO[Si](C)(C)C(C)(C)C)[C@@H](OCc3ccc(OC)cc3)[C@H](OCc3ccc(OC)cc3)[C@@H]2OCc2ccc(OC)cc2)[C@@H](OCc2ccc(OC)cc2)[C@@H]1OCc1ccc(OC)cc1,CCCCCCCCCCCCCCCCCC(=O)OC[C@@H](COP(=O)(OCCC#N)O[C@@H]1[C@H](OCc2ccc(OC)cc2)[C@H](OCc2ccc(OC)cc2)[C@@H](OCc2ccc(OC)cc2)[C@H](OCc2ccc(OC)cc2)[C@H]1O[C@H]1O[C@H](COCc2ccc(OC)cc2)[C@@H](O)[C@H](OCc2ccc(OC)cc2)[C@H]1N=[N+]=[N-])OC(=O)CCCCCCCCCCCCCCCCC,CCCCCCCCCCCCCCCCCC(=O)OC[C@@H](COP(=O)(OCCC#N)O[C@@H]1[C@H](OCc2ccc(OC)cc2)[C@H](OCc2ccc(OC)cc2)[C@@H](OCc2ccc(OC)cc2)[C@H](OCc2ccc(OC)cc2)[C@H]1O[C@H]1O[C@H](COCc2ccc(OC)cc2)[C@@H](OC(C)=O)[C@H](OCc2ccc(OC)cc2)[C@H]1N=[N+]=[N-])OC(=O)CCCCCCCCCCCCCCCCC,trichloroacetimidate,93,94,93,94
SG-bcf901ab93d048c5,bcf901ab93d048c5da8a68cd124c2b30bfb50cfcc2f286fd5c3b566ee77701fc,1134,31-614-CAS-32798123,1134,31-614-CAS-32798123,1,CC(=O)O[C@H]1[C@@H](OC(C)=O)[C@@H](CO[Si](c2ccccc2)(c2ccccc2)C(C)(C)C)O[C@@H](Sc2ccc(C)cc2)[C@@H]1OC(C)=O,CC(C)(C)[Si](OC[C@H]1O[C@@H](OCCCN=[N+]=[N-])[C@H](N2C(=O)c3ccccc3C2=O)[C@@H](O)[C@@H]1O)(c1ccccc1)c1ccccc1,CC(=O)O[C@H]1[C@H](O)[C@@H](N2C(=O)c3ccccc3C2=O)[C@H](OCCCN=[N+]=[N-])O[C@@H]1CO[Si](c1ccccc1)(c1ccccc1)C(C)(C)C,thioglycoside,31,32,4,3
SG-bd0d82be332e6edb,bd0d82be332e6edb47afc581bed519b63efdeb0f863f4caa94586fbe8f00b227,1249,31-614-CAS-39596687,1249,31-614-CAS-39596687,1,CCS[C@H]1O[C@@H](C)[C@@H](OCc2ccccc2)[C@@H](OCc2ccccc2)[C@@H]1OCc1ccccc1,CC(=O)N[C@H]1[C@H](OCCCCCCCCCCl)O[C@H](COCc2ccccc2)[C@@H](O)[C@@H]1O[C@@H]1O[C@H](COC(C)=O)[C@H](OC(C)=O)[C@H](O[C@@H]2O[C@@H]3CO[C@@H](c4ccccc4)O[C@H]3[C@H](OC(=O)CCl)[C@H]2NC(=O)C(Cl)(Cl)Cl)[C@H]1OC(C)=O,CC(=O)N[C@H]1[C@H](OCCCCCCCCCCl)O[C@H](COCc2ccccc2)[C@@H](OC(C)=O)[C@@H]1O[C@@H]1O[C@H](COC(C)=O)[C@H](OC(C)=O)[C@H](O[C@@H]2O[C@@H]3CO[C@@H](c4ccccc4)O[C@H]3[C@H](OC(=O)CCl)[C@H]2NC(=O)C(Cl)(Cl)Cl)[C@H]1OC(C)=O,thioglycoside,28,29,28,29
SG-bd639fcdacd26414,bd639fcdacd264146382fceabb2209bf3a34f6c8e58818a9fd2cd15c5066d422,210,31-010-CAS-3933972,210,31-010-CAS-3933972,1,CC(=O)OC[C@H]1O[C@@H](OC(=N)C(Cl)(Cl)Cl)[C@H](OC(C)=O)[C@@H](OC(C)=O)[C@H]1OC(C)=O,CC(=O)N[C@H]1[C@H](OCc2ccc3ccccc3c2)O[C@H](COC(=O)C(C)(C)C)[C@@H](O)[C@@H]1O,CC(=O)N[C@H]1[C@H](OCc2ccc3ccccc3c2)O[C@H](COC(=O)C(C)(C)C)[C@@H](OC(C)=O)[C@@H]1O,trichloroacetimidate,28,29,28,29
SG-bd6a037cf32635df,bd6a037cf32635df04003947493d000548952307a5a63fc05503c4600aa8a2d1,927,31-013-CAS-12459743,927,31-013-CAS-12459743,1,Cc1ccc(S[C@@H]2O[C@H](COCc3ccccc3)[C@@H](O[Si](C)(C)C(C)(C)C)[C@H](O[Si](C)(C)C(C)(C)C)[C@H]2O[Si](C)(C)C(C)(C)C)cc1,CO[C@H]1O[C@H](COCc2ccccc2)[C@@H](O)[C@@H](O)[C@H]1N1C(=O)C(C)=C(C)C1=O,CO[C@H]1O[C@H](COCc2ccccc2)[C@@H](OC(C)=O)[C@@H](O)[C@H]1N1C(=O)C(C)=C(C)C1=O,thioglycoside,14,15,14,15
SG-bd8e6ed666a8f1dc,bd8e6ed666a8f1dce137b2842a65864f3e492680ef5e184921ef6d86fdacc0b0,808,31-013-CAS-9812928,808;809,31-013-CAS-9812928;31-013-CAS-11290150,2,CCSC1O[C@H]2CO[C@H](c3ccccc3)O[C@H]2[C@H](OCc2ccccc2)[C@H]1OC(=O)CCC(C)=O,CC(=O)CCC(=O)OC[C@H]1O[C@@H](O[Si](C)(C)C(C)(C)C(C)C)[C@H](N=[N+]=[N-])[C@@H](OCc2ccccc2)[C@@H]1O,CC(=O)CCC(=O)OC[C@H]1O[C@@H](O[Si](C)(C)C(C)(C)C(C)C)[C@H](N=[N+]=[N-])[C@@H](OCc2ccccc2)[C@@H]1OC(C)=O,thioglycoside,35,36,35,36
SG-bd99ffca65b923e6,bd99ffca65b923e603723d915ac7438c29852ab855185d2315c5d65d4316fc5d,1550,31-614-CAS-24501387,1550,31-614-CAS-24501387,1,COC(=O)[C@@]1(O[C@H]2[C@@H](OC(=O)c3ccccc3)[C@@H](COC(=O)c3ccccc3)O[C@@H](Sc3ccc(C)cc3)[C@@H]2OC(=O)c2ccccc2)C[C@@H]2OC(=O)N(C(C)=O)[C@H]2[C@H]([C@H](OC(C)=O)[C@@H](COC(C)=O)OC(C)=O)O1,COc1ccc(O[C@H]2O[C@H](CO[C@@H]3O[C@H](COCc4ccccc4)[C@@H](O)[C@H](OCc4ccccc4)[C@H]3NC(=O)OCC(Cl)(Cl)Cl)[C@@H](OCc3ccccc3)[C@H](OCc3ccccc3)[C@@H]2O[C@@H]2O[C@H](COCc3ccccc3)[C@@H](O[C@@H]3O[C@H](COCc4ccccc4)[C@H](OCc4ccccc4)[C@H](OCc4ccccc4)[C@H]3OC(C)=O)[C@H](OCc3ccccc3)[C@H]2NC(=O)OCC(Cl)(Cl)Cl)cc1,COc1ccc(O[C@H]2O[C@H](CO[C@@H]3O[C@H](COCc4ccccc4)[C@@H](OC(C)=O)[C@H](OCc4ccccc4)[C@H]3NC(=O)OCC(Cl)(Cl)Cl)[C@@H](OCc3ccccc3)[C@H](OCc3ccccc3)[C@@H]2O[C@@H]2O[C@H](COCc3ccccc3)[C@@H](O[C@@H]3O[C@H](COCc4ccccc4)[C@H](OCc4ccccc4)[C@H](OCc4ccccc4)[C@H]3OC(C)=O)[C@H](OCc3ccccc3)[C@H]2NC(=O)OCC(Cl)(Cl)Cl)cc1,thioglycoside,24,25,24,25
SG-bda7a2e58ad1d1f4,bda7a2e58ad1d1f40f4767774f83633ffc39ebce6df3556df0fa12eccc7a4d8a,181,31-010-CAS-4663778,181,31-010-CAS-4663778,1,CC(=O)O[C@@H]1[C@H](OC(C)=O)[C@@H](OC(C)=O)C(OC(=N)C(Cl)(Cl)Cl)O[C@@H]1COCc1ccccc1,CC(=O)N[C@@H]1[C@@H](O[C@@H]2OC[C@@H](OCc3ccccc3)[C@@H](OCc3ccccc3)[C@@H]2OCc2ccccc2)[C@H](O)[C@@H](COCc2ccccc2)O[C@H]1N=[N+]=[N-],CC(=O)N[C@@H]1[C@@H](O[C@@H]2OC[C@@H](OCc3ccccc3)[C@@H](OCc3ccccc3)[C@@H]2OCc2ccccc2)[C@H](OC(C)=O)[C@@H](COCc2ccccc2)O[C@H]1N=[N+]=[N-],trichloroacetimidate,37,38,37,38
SG-bdffc4b585be376a,bdffc4b585be376a9a1f1f46aca478942216f409c2491870204c5f55572c8868,76,31-010-CAS-1362588,76,31-010-CAS-1362588,1,N=C(OC1O[C@@H]2CO[C@@H](c3ccccc3)O[C@H]2[C@H](OCc2ccccc2)[C@H]1NC(=O)OCC(Cl)(Cl)Cl)C(Cl)(Cl)Cl,C=CCOC(=O)O[C@H]1[C@H](O)[C@@H](COCc2ccccc2)O[C@H](OCC=C)[C@@H]1NC(=O)OCC(Cl)(Cl)Cl,C=CCOC(=O)O[C@@H]1[C@@H](NC(=O)OCC(Cl)(Cl)Cl)[C@@H](OCC=C)O[C@H](COCc2ccccc2)[C@H]1OC(C)=O,trichloroacetimidate,8,9,34,35
SG-be3d2c5fbbed5bfb,be3d2c5fbbed5bfba3935ba117ad2f42c8412fafb7cd647ff628aeef829d8d95,1294,31-614-CAS-40218495,1294,31-614-CAS-40218495,1,CCS[C@@H]1O[C@H](COCc2ccccc2)[C@H](OC(=O)c2ccccc2)[C@H](OC(=O)c2ccccc2)[C@H]1OC(=O)c1ccccc1,CC(=O)CCC(=O)O[C@H]1[C@H](O)[C@@H](COCc2ccccc2)O[C@@H](O[C@H]2[C@@H](OCc3ccccc3)[C@@H](COCc3ccccc3)O[C@@H](OCCCCCN(Cc3ccccc3)C(=O)OCc3ccccc3)[C@@H]2OC(=O)c2ccccc2)[C@@H]1NC(=O)C(Cl)(Cl)Cl,CC(=O)CCC(=O)O[C@@H]1[C@@H](NC(=O)C(Cl)(Cl)Cl)[C@H](O[C@H]2[C@@H](OCc3ccccc3)[C@@H](COCc3ccccc3)O[C@@H](OCCCCCN(Cc3ccccc3)C(=O)OCc3ccccc3)[C@@H]2OC(=O)c2ccccc2)O[C@H](COCc2ccccc2)[C@H]1OC(C)=O,thioglycoside,9,10,86,87
SG-be9a11e86f949a41,be9a11e86f949a41df9c550c89db8d21abf9d7be9f77e2d7333efb48a76c98ba,1517,31-013-CAS-8718266,1517,31-013-CAS-8718266,1,COC(=O)[C@@]1(O[C@H]2[C@@H](OC(C)=O)[C@@H](COC(C)=O)O[C@@H](Sc3ccc(C)cc3)[C@@H]2OC(C)=O)C[C@H](OC(C)=O)[C@@H](NC(C)=O)[C@H]([C@H](OC(C)=O)[C@@H](COC(C)=O)OC(C)=O)O1,CC(C)(C)[Si](OC[C@H]1O[C@@H](OCCCN=[N+]=[N-])[C@H](N2C(=O)c3ccccc3C2=O)[C@@H](O)[C@@H]1O)(c1ccccc1)c1ccccc1,CC(=O)O[C@H]1[C@H](O)[C@@H](N2C(=O)c3ccccc3C2=O)[C@H](OCCCN=[N+]=[N-])O[C@@H]1CO[Si](c1ccccc1)(c1ccccc1)C(C)(C)C,thioglycoside,31,32,4,3
SG-becdea839b4a389f,becdea839b4a389f5149d5b6e9d1ae3c375bf25dbabd06c5e4cb5a3e3aa5f1ba,48,31-010-CAS-12408893,48,31-010-CAS-12408893,1,N=C(O[C@H]1O[C@H](CCl)[C@H](Cl)[C@H](OC(=O)c2ccccc2)[C@H]1OC(=O)c1ccccc1)C(Cl)(Cl)Cl,COC(=O)CCCCCCCCO[C@@H]1O[C@H](COCc2ccccc2)[C@@H](O)[C@H](O[C@@H]2O[C@@H](C)[C@@H](OCc3ccccc3)[C@@H](OCc3ccccc3)[C@@H]2OCc2ccccc2)[C@H]1N=[N+]=[N-],COC(=O)CCCCCCCCO[C@@H]1O[C@H](COCc2ccccc2)[C@@H](OC(C)=O)[C@H](O[C@@H]2O[C@@H](C)[C@@H](OCc3ccccc3)[C@@H](OCc3ccccc3)[C@@H]2OCc2ccccc2)[C@H]1N=[N+]=[N-],trichloroacetimidate,25,26,25,26
SG-bedc2758492e0fd4,bedc2758492e0fd4ddf957dc77a7da7304eb69057a79123d385bf660ae38029a,1282,31-013-CAS-16946850,1282,31-013-CAS-16946850,1,CC(=O)O[C@H]1[C@H](OCc2ccccc2)[C@@H](N2C(=O)c3ccccc3C2=O)[C@H](Sc2ccccc2)O[C@@H]1COCc1ccccc1,[N-]=[N+]=N[C@@H]1[C@@H](OCc2ccccc2)O[C@H](COCc2ccccc2)[C@@H](O[C@@H]2O[C@H](COCc3ccccc3)[C@@H](O)[C@H](OCc3ccccc3)[C@H]2N2C(=O)c3ccccc3C2=O)[C@@H]1OCc1ccccc1,CC(=O)O[C@H]1[C@H](OCc2ccccc2)[C@@H](N2C(=O)c3ccccc3C2=O)[C@H](O[C@H]2[C@H](OCc3ccccc3)[C@H](N=[N+]=[N-])[C@@H](OCc3ccccc3)O[C@@H]2COCc2ccccc2)O[C@@H]1COCc1ccccc1,thioglycoside,38,39,4,3
SG-bf15bbb11d2cfc56,bf15bbb11d2cfc56994a67363616b3fbdddc1c686e7327775a5f69b625394772,785,31-013-CAS-19403890,785,31-013-CAS-19403890,1,CCS[C@@H]1O[C@H](COCc2ccc3ccccc3c2)[C@@H](OCc2ccccc2)[C@H](OCc2ccccc2)[C@H]1OC(=O)CCC(C)=O,CC(=O)O[C@@H]1[C@H](O)[C@H](C)O[C@H](O[Si](C)(C)C(C)(C)C(C)C)[C@H]1N=[N+]=[N-],CC(=O)O[C@H]1[C@H](N=[N+]=[N-])[C@@H](O[Si](C)(C)C(C)(C)C(C)C)O[C@@H](C)[C@H]1OC(C)=O,thioglycoside,5,6,23,24
SG-bf167dbbfc10e97a,bf167dbbfc10e97aae5e9a4c809cec16c8da20539176eda4b370de4cdf4d71ac,272,31-010-CAS-9842150,272,31-010-CAS-9842150,1,COc1ccc(COC[C@H]2O[C@@H](OC(=N)C(Cl)(Cl)Cl)[C@H](N3C(=O)c4ccccc4C3=O)[C@@H](OC(C)=O)[C@@H]2OC(=O)CCl)cc1,COc1ccc(COC[C@H]2O[C@@H](Sc3ccccc3)[C@H](N3C(=O)c4ccccc4C3=O)[C@@H](OC(C)=O)[C@@H]2O)cc1,COc1ccc(COC[C@H]2O[C@@H](Sc3ccccc3)[C@H](N3C(=O)c4ccccc4C3=O)[C@@H](OC(C)=O)[C@@H]2OC(C)=O)cc1,trichloroacetimidate,36,37,36,37
SG-bf7120f3639a8bb7,bf7120f3639a8bb7c55ba2e0181e86828fb6a6087a8601e1c857886729994778,668,31-006-CAS-18977533,668,31-006-CAS-18977533,1,Cc1ccc(S[C@@H]2O[C@H]3COC(C)(C)O[C@H]3[C@H](OCc3ccccc3)[C@H]2OC(=O)c2ccccc2)cc1,CO[C@H]1O[C@H](COC(=O)c2ccccc2)[C@@H](O)[C@H](OCc2ccccc2)[C@H]1N=[N+]=[N-],CO[C@H]1O[C@H](COC(=O)c2ccccc2)[C@@H](OC(C)=O)[C@H](OCc2ccccc2)[C@H]1N=[N+]=[N-],thioglycoside,15,16,15,16
SG-bfa6c11719d905dc,bfa6c11719d905dc11c7d85e07a0ff9830d466065544e87d9bd594da065dc1d0,348,31-010-CAS-21359649,348;349,31-010-CAS-21359649;31-010-CAS-14511681,2,COC(=O)[C@H]1OC(OC(=N)C(Cl)(Cl)Cl)[C@H](OCc2ccccc2)[C@@H](OCc2ccccc2)[C@@H]1O[C@H]1O[C@H](COCc2ccc(OC)cc2)[C@@H](OCc2ccccc2)[C@H](OCc2ccccc2)[C@H]1NC=C1C(=O)N(C)C(=O)N(C)C1=O,COc1ccc(COC[C@H]2O[C@@H](O[Si](c3ccccc3)(c3ccccc3)C(C)(C)C)[C@H](N=[N+]=[N-])[C@@H](OCc3ccc(OC)cc3)[C@@H]2O)cc1,COc1ccc(COC[C@H]2O[C@@H](O[Si](c3ccccc3)(c3ccccc3)C(C)(C)C)[C@H](N=[N+]=[N-])[C@@H](OCc3ccc(OC)cc3)[C@@H]2OC(C)=O)cc1,trichloroacetimidate,45,46,45,46
SG-c09ff8f5de45f6d9,c09ff8f5de45f6d9948217cb3385998bda11c6f59f6a94a0437450d2e4488673,1503,31-013-CAS-3880260,1503,31-013-CAS-3880260,1,CC1(C)COP(=O)(O[C@@H]2[C@@H](OCc3ccccc3)[C@H](OCc3ccccc3)[C@@H](COCc3ccccc3)O[C@H]2Sc2ccccc2)OC1,CC(=O)O[C@H]1[C@H](O)[C@@H](COCc2ccccc2)O[C@@H](Sc2ccccc2)[C@@H]1N1C(=O)c2c(Cl)c(Cl)c(Cl)c(Cl)c2C1=O,CC(=O)O[C@H]1[C@H](OC(C)=O)[C@@H](COCc2ccccc2)O[C@@H](Sc2ccccc2)[C@@H]1N1C(=O)c2c(Cl)c(Cl)c(Cl)c(Cl)c2C1=O,thioglycoside,5,6,5,6
SG-c0f6f1958c7fc083,c0f6f1958c7fc08389d35a7e23af76e43619faed328a03506d8189f5332c5bc6,608,31-013-CAS-9679278,608,31-013-CAS-9679278,1,O=C(N[C@H]1C(OC(=Nc2ccccc2)C(F)(F)F)O[C@H](COCc2ccccc2)[C@@H](O[C@@H]2O[C@@H]3CO[C@@H](c4ccccc4)O[C@H]3[C@H](OCc3ccc4ccccc4c3)[C@@H]2OCc2ccccc2)[C@@H]1OCc1ccccc1)OCC(Cl)(Cl)Cl,O=C(N[C@H]1[C@H](OCc2ccccc2)O[C@H](COCc2ccccc2)[C@@H](O)[C@@H]1OCc1ccccc1)OCC(Cl)(Cl)Cl,CC(=O)O[C@H]1[C@H](OCc2ccccc2)[C@@H](NC(=O)OCC(Cl)(Cl)Cl)[C@H](OCc2ccccc2)O[C@@H]1COCc1ccccc1,trifluoroacetimidate,24,25,4,3
SG-c131e5dcb5cefdff,c131e5dcb5cefdff26744092462b0bfab0796a2d65ffb6e10e9bd1fdb94e932c,1271,31-013-CAS-10192986,1271,31-013-CAS-10192986,1,COC(=O)[C@@]1(O[C@H]2[C@@H](OC(=O)c3ccccc3)[C@@H](COC(=O)c3ccccc3)O[C@@H](SC)[C@@H]2OC(=O)c2ccccc2)C[C@H](OC(C)=O)[C@@H](NC(C)=O)[C@H]([C@H](OC(C)=O)[C@@H](COC(C)=O)OC(C)=O)O1,CCCCCCCCCCCCCCC(CCCCCCCCCCCCCC)CO[C@@H]1O[C@H](COCc2ccccc2)[C@@H](O)[C@H](OCc2ccc(OC)cc2)[C@H]1NC(C)=O,CCCCCCCCCCCCCCC(CCCCCCCCCCCCCC)CO[C@@H]1O[C@H](COCc2ccccc2)[C@@H](OC(C)=O)[C@H](OCc2ccc(OC)cc2)[C@H]1NC(C)=O,thioglycoside,43,44,43,44
SG-c1cc0efe1a5122e0,c1cc0efe1a5122e082d2bb1f84bc13982e2a52ffb1779f728bf540f6b37b4ca0,89,31-010-CAS-9775514,89,31-010-CAS-9775514,1,N=C(OC1O[C@@H]2CO[C@@H](c3ccccc3)O[C@H]2[C@H](OCc2ccccc2)[C@H]1NC(=O)OCC(Cl)(Cl)Cl)C(Cl)(Cl)Cl,C=CCO[C@H]1O[C@H](COCc2ccccc2)[C@@H](O)[C@H](O[C@H](C)C(=O)OCC)[C@H]1NC(=O)OCC(Cl)(Cl)Cl,C=CCO[C@H]1O[C@H](COCc2ccccc2)[C@@H](OC(C)=O)[C@H](O[C@H](C)C(=O)OCC)[C@H]1NC(=O)OCC(Cl)(Cl)Cl,trichloroacetimidate,16,17,16,17
SG-c1d26cee9ef1664f,c1d26cee9ef1664f47d1615ddad3b8b6b62392a241e453eb9da6c812368a8c37,624,31-010-CAS-12429416,624,31-010-CAS-12429416,1,CC(=O)O[C@H]1[C@H](OCc2ccc(N=[N+]=[N-])c(Cl)c2)[C@H](OCc2ccccc2)[C@H](O[C@H]2[C@H](OCc3ccccc3)[C@@H](NC(=O)OCC(Cl)(Cl)Cl)C(OC(=Nc3ccccc3)C(F)(F)F)O[C@@H]2COCc2ccccc2)O[C@@H]1COC(=O)OCC1c2ccccc2-c2ccccc21,O=C(O)CCC(=O)OCc1ccc(CO[C@@H]2O[C@H](COCc3ccccc3)[C@@H](O)[C@H](OCc3ccccc3)[C@H]2NC(=O)OCC(Cl)(Cl)Cl)cc1,CC(=O)O[C@H]1[C@H](OCc2ccccc2)[C@@H](NC(=O)OCC(Cl)(Cl)Cl)[C@H](OCc2ccc(COC(=O)CCC(=O)O)cc2)O[C@@H]1COCc1ccccc1,trifluoroacetimidate,27,28,4,3
SG-c1d9408f000f8469,c1d9408f000f84691dcfe899e7f630664b687905319193e966e602c5babf31e5,496,31-010-CAS-6021949,496;497;518,31-010-CAS-6021949;31-010-CAS-16647883;31-010-CAS-14831299,3,CC(=O)O[C@@H]1[C@@H](O[C@@H]2[C@@H](O[C@@H]3[C@@H](OC[C@H]4O[C@H](OC(=N)C(Cl)(Cl)Cl)[C@@H](OC(=O)c5ccccc5)[C@@H](OCc5ccccc5)[C@@H]4OCc4ccccc4)O[C@H](COCc4ccccc4)[C@@H](OCc4ccccc4)[C@@H]3OCc3ccccc3)O[C@H](CO[Si](C(C)C)(C(C)C)C(C)C)[C@@H](OCc3ccccc3)[C@@H]2OCc2ccccc2)O[C@H](COCc2ccccc2)[C@@H](OCc2ccccc2)[C@@H]1OCc1ccccc1,C=CCO[C@@H]1[C@H](OCc2ccccc2)[C@H](OCc2ccccc2)[C@@H](OCc2ccccc2)[C@H](OCc2ccccc2)[C@H]1O[C@H]1O[C@H](COCc2ccccc2)[C@@H](O)[C@H](OCc2ccccc2)[C@H]1N=[N+]=[N-],C=CCO[C@@H]1[C@H](OCc2ccccc2)[C@H](OCc2ccccc2)[C@@H](OCc2ccccc2)[C@H](OCc2ccccc2)[C@H]1O[C@H]1O[C@H](COCc2ccccc2)[C@@H](OC(C)=O)[C@H](OCc2ccccc2)[C@H]1N=[N+]=[N-],trichloroacetimidate,55,56,55,56
SG-c1d9d0a171f0a939,c1d9d0a171f0a939f0e741b394aec769f4ad46adb7596dd5c775f02ef144c881,1114,31-013-CAS-9860387,1114,31-013-CAS-9860387,1,CCS[C@H]1O[C@H](CO[C@H]2O[C@H](COCc3ccccc3)[C@@H](OCc3ccccc3)[C@H](OCc3ccccc3)[C@@H]2OC(=O)c2ccccc2)[C@@H](OCc2ccccc2)[C@H](OCc2ccccc2)[C@@H]1OCc1ccccc1,CC1(C)O[C@@H]2[C@@H](O[C@H]3O[C@H](COP(=O)(CCNC(=O)OCc4ccccc4)OCc4ccccc4)[C@@H](O)[C@H](OCc4ccccc4)[C@H]3N=[N+]=[N-])[C@H](OP(=O)(OCc3ccccc3)OCc3ccccc3)[C@@H]3O[C@@]4(C[C@H]5CC[C@]4(C)C5(C)C)O[C@@H]3[C@H]2O1,CC(=O)O[C@H]1[C@H](OCc2ccccc2)[C@@H](N=[N+]=[N-])[C@@H](O[C@@H]2[C@H]3OC(C)(C)O[C@@H]3[C@H]3O[C@]4(C[C@H]5CC[C@]4(C)C5(C)C)O[C@H]3[C@H]2OP(=O)(OCc2ccccc2)OCc2ccccc2)O[C@@H]1COP(=O)(CCNC(=O)OCc1ccccc1)OCc1ccccc1,thioglycoside,35,36,4,3
SG-c1da0b7bc066cf0e,c1da0b7bc066cf0e6d72ee48f03f00e69766a80edcd0c9fb65b5b3f6c13dfb48,476,31-010-CAS-1169851,476,31-010-CAS-1169851,1,N=C(OC1O[C@H](COC(=O)c2ccccc2)[C@@H](O[C@@H]2O[C@H](COC(=O)c3ccccc3)[C@H](OC(=O)c3ccccc3)[C@H](OC(=O)c3ccccc3)[C@H]2OC(=O)c2ccccc2)[C@H](OC(=O)c2ccccc2)[C@H]1OC(=O)c1ccccc1)C(Cl)(Cl)Cl,CC(=O)CCC(=O)O[C@H]1[C@H](O)[C@@H](COC(=O)Cc2ccccc2[N+](=O)[O-])O[C@@H](O[C@H]2CC[C@]3(C)[C@H]4CC=C5[C@@H]6CC(C)(C)CC[C@]6(C(=O)OCc6ccccc6)CC[C@@]5(C)[C@]4(C)CC[C@H]3C2(C)C)[C@@H]1NC(=O)OCC(Cl)(Cl)Cl,CC(=O)CCC(=O)O[C@@H]1[C@@H](NC(=O)OCC(Cl)(Cl)Cl)[C@H](O[C@H]2CC[C@]3(C)[C@H]4CC=C5[C@@H]6CC(C)(C)CC[C@]6(C(=O)OCc6ccccc6)CC[C@@]5(C)[C@]4(C)CC[C@H]3C2(C)C)O[C@H](COC(=O)Cc2ccccc2[N+](=O)[O-])[C@H]1OC(C)=O,trichloroacetimidate,9,10,76,77
SG-c20e85f0b24779c6,c20e85f0b24779c6909e178e125220895b470068a68a6d9c961e9ebf750de865,1425,31-013-CAS-8978171,1425,31-013-CAS-8978171,1,Cc1ccc(S[C@@H]2O[C@@H]3CO[C@@H](c4ccccc4)O[C@H]3[C@H](O[Si](C)(C)C(C)(C)C)[C@H]2N2C(=O)c3ccccc3C2=O)cc1,Cc1ccc(S[C@@H]2O[C@H](COCc3ccccc3)[C@@H](O)[C@H](OCc3ccccc3)[C@H]2N2C(=O)c3ccccc3C2=O)cc1,CC(=O)O[C@H]1[C@H](OCc2ccccc2)[C@@H](N2C(=O)c3ccccc3C2=O)[C@H](Sc2ccc(C)cc2)O[C@@H]1COCc1ccccc1,thioglycoside,18,19,4,3
SG-c217d25ac3586d64,c217d25ac3586d643dcbcbd266fce2e0282fa68ffc324cca6fb88d32274c1af6,702,31-614-CAS-34701885,702,31-614-CAS-34701885,1,CC(=O)OC[C@H]1O[C@@H](Sc2ccccc2)[C@H](OC(C)=O)[C@@H](F)[C@H]1OC(C)=O,CO[C@@H]1O[C@H](COCc2ccccc2)[C@@H](O)[C@H](OCc2ccccc2)[C@H]1N=[N+]=[N-],CO[C@@H]1O[C@H](COCc2ccccc2)[C@@H](OC(C)=O)[C@H](OCc2ccccc2)[C@H]1N=[N+]=[N-],thioglycoside,14,15,14,15
SG-c261245d6ac8cc99,c261245d6ac8cc99408891d315a4c5b03332afc9dedea14753f8f21958f6a0e8,37,31-010-CAS-4938490,37,31-010-CAS-4938490,1,CC(=O)O[C@H]1[C@@H](OC(C)=O)[C@@H](COCc2ccccc2)O[C@H](OC(=N)C(Cl)(Cl)Cl)[C@@H]1OC(C)=O,CC(=O)N[C@H]1[C@H](O[Si](c2ccccc2)(c2ccccc2)C(C)(C)C)O[C@H](COCc2ccccc2)[C@@H](O)[C@@H]1O[C@@H]1O[C@@H](C)[C@@H](OC(C)=O)[C@@H](OC(C)=O)[C@@H]1OCc1ccccc1,CC(=O)N[C@H]1[C@H](O[Si](c2ccccc2)(c2ccccc2)C(C)(C)C)O[C@H](COCc2ccccc2)[C@@H](OC(C)=O)[C@@H]1O[C@@H]1O[C@@H](C)[C@@H](OC(C)=O)[C@@H](OC(C)=O)[C@@H]1OCc1ccccc1,trichloroacetimidate,35,36,35,36
SG-c28571e0edd13712,c28571e0edd13712fad4ed980bb1efbf11808b6c271930edaf916c96cbb8b398,976,31-013-CAS-4786494,976;977,31-013-CAS-4786494;31-013-CAS-12119921,2,CCSC1O[C@H]2CO[C@H](c3ccccc3)O[C@H]2[C@H](OCc2ccccc2)[C@H]1OC(=O)CCC(C)=O,CC(=O)OC[C@H]1O[C@H](OCCCCCN(Cc2ccccc2)C(=O)OCc2ccccc2)[C@H](N=[N+]=[N-])[C@@H](OCc2ccccc2)[C@@H]1O,CC(=O)OC[C@H]1O[C@H](OCCCCCN(Cc2ccccc2)C(=O)OCc2ccccc2)[C@H](N=[N+]=[N-])[C@@H](OCc2ccccc2)[C@@H]1OC(C)=O,thioglycoside,45,46,45,46
SG-c2af1663093a6b03,c2af1663093a6b03f4433d0235024a868942267dbc9e464d1c9e235ea33069f6,1247,31-013-CAS-13251956,1247,31-013-CAS-13251956,1,CCS[C@@H]1O[C@H](COCc2ccccc2)[C@H](OCc2ccccc2)[C@H](OCc2ccccc2)[C@H]1OC(=O)c1ccccc1,O=C1c2ccccc2C(=O)N1[C@@H]1[C@@H](OCc2ccccc2)[C@H](O)[C@@H](COCc2ccccc2)O[C@H]1Sc1ccccc1,CC(=O)O[C@H]1[C@H](OCc2ccccc2)[C@@H](N2C(=O)c3ccccc3C2=O)[C@H](Sc2ccccc2)O[C@@H]1COCc1ccccc1,thioglycoside,21,22,4,3
SG-c2f5d4569bf997d1,c2f5d4569bf997d1752ec7b6d605f11dacc39aad5496d00e91ec59c7bbb7cefd,633,31-013-CAS-21512690,633;634,31-013-CAS-21512690;31-013-CAS-19693636,2,[N-]=[N+]=N[C@H]1[C@H](OCc2ccccc2)[C@@H](C(=O)OCc2ccccc2)OC(OC(=Nc2ccccc2)C(F)(F)F)[C@@H]1NC(=O)C(Cl)(Cl)Cl,CC(=O)N[C@H]1[C@@H](OCCCN(Cc2ccccc2)C(=O)OCc2ccccc2)O[C@H](C)[C@@H](OCc2ccccc2)[C@@H]1O[C@@H]1O[C@@H](C)[C@@H](O)[C@@H](OCc2cccc3ccccc23)[C@@H]1NC(=O)OCC(Cl)(Cl)Cl,CC(=O)N[C@H]1[C@@H](OCCCN(Cc2ccccc2)C(=O)OCc2ccccc2)O[C@H](C)[C@@H](OCc2ccccc2)[C@@H]1O[C@@H]1O[C@@H](C)[C@@H](OC(C)=O)[C@@H](OCc2cccc3ccccc23)[C@@H]1NC(=O)OCC(Cl)(Cl)Cl,trifluoroacetimidate,46,47,46,47
SG-c357caaf67d520ae,c357caaf67d520aedccb938082dad009c90d1ef938e76aa1f219b10d92abd599,918,31-013-CAS-17391920,918,31-013-CAS-17391920,1,CC(=O)OC[C@@H]1O[C@@H](Sc2ccc(C)cc2)[C@H](OC(=O)c2ccccc2)[C@@H](OCc2ccccc2)[C@@H]1O[C@H]1O[C@H](CO[Si](c2ccccc2)(c2ccccc2)C(C)(C)C)[C@@H](O[C@@H]2O[C@@H](COC(C)=O)[C@@H](O[C@H]3O[C@H](CO[Si](c4ccccc4)(c4ccccc4)C(C)(C)C)[C@@H](O[C@@H]4O[C@@H](COC(C)=O)[C@@H](O[C@H]5O[C@H](CO[Si](c6ccccc6)(c6ccccc6)C(C)(C)C)[C@@H](OCc6ccc7ccccc7c6)[C@H](OCc6ccc(Br)cc6)[C@H]5N=[N+]=[N-])[C@H](OCc5ccccc5)[C@H]4OC(=O)c4ccccc4)[C@H](OCc4ccc(Br)cc4)[C@H]3N=[N+]=[N-])[C@H](OCc3ccccc3)[C@H]2OC(=O)c2ccccc2)[C@H](OC(=O)c2ccccc2)[C@H]1N=[N+]=[N-],CO[C@H]1O[C@H](CO[Si](c2ccccc2)(c2ccccc2)C(C)(C)C)[C@@H](O)[C@H](OCc2ccccc2)[C@H]1N=[N+]=[N-],CO[C@H]1O[C@H](CO[Si](c2ccccc2)(c2ccccc2)C(C)(C)C)[C@@H](OC(C)=O)[C@H](OCc2ccccc2)[C@H]1N=[N+]=[N-],thioglycoside,24,25,24,25
SG-c3586157206fa5f8,c3586157206fa5f80934cba62b0b8caabaeaeed859973013837d30a071931981,1528,31-013-CAS-8627156,1528;1529,31-013-CAS-8627156;31-013-CAS-26474,2,CC(=O)O[C@H]1[C@@H](O[C@H]2O[C@H](COCc3ccccc3)[C@@H](OC(=O)CCl)[C@@H]3OC(=O)N(Cc4ccccc4)[C@@H]23)[C@@H](COCc2ccccc2)O[C@@H](Sc2ccccc2)[C@@H]1OC(C)=O,COc1ccc(O[C@@H]2O[C@H](COCc3ccccc3)[C@@H](O)[C@H](OCc3ccccc3)[C@H]2N2C(=O)c3ccccc3C2=O)cc1,COc1ccc(O[C@@H]2O[C@H](COCc3ccccc3)[C@@H](OC(C)=O)[C@H](OCc3ccccc3)[C@H]2N2C(=O)c3ccccc3C2=O)cc1,thioglycoside,19,20,19,20
SG-c39e996e9c94d9b5,c39e996e9c94d9b52695cdb847a3a4138fa1f2109d67cbf5a58434b17045986d,855,31-049-CAS-11119860,855;864;865,31-049-CAS-11119860;31-614-CAS-25201498;31-614-CAS-27090868,3,COc1ccc(CO[C@H]2[C@@H]3O[C@H](c4ccccc4)OC[C@H]3O[C@H](S(=O)c3ccccc3)[C@H]2OCc2ccccc2)cc1,CC(C)(C)[Si](C)(C)O[C@H]1O[C@H](COCc2ccccc2)[C@@H](O[C@@H]2O[C@H](COCc3ccccc3)[C@@H](O)[C@H](OCc3ccccc3)[C@H]2NS(=O)(=O)c2ccccc2)[C@H](OCc2ccccc2)[C@H]1NS(=O)(=O)c1ccccc1,CC(=O)O[C@H]1[C@H](OCc2ccccc2)[C@@H](NS(=O)(=O)c2ccccc2)[C@H](O[C@H]2[C@H](OCc3ccccc3)[C@@H](NS(=O)(=O)c3ccccc3)[C@@H](O[Si](C)(C)C(C)(C)C)O[C@@H]2COCc2ccccc2)O[C@@H]1COCc1ccccc1,thioglycoside,34,35,4,3
SG-c3abd2e13d784915,c3abd2e13d784915f3959d9567d0df5cf1785167e639b2d7a143b7af4181173e,110,31-010-CAS-9786456,110,31-010-CAS-9786456,1,CC(=O)O[C@H]1[C@@H](OC(=N)C(Cl)(Cl)Cl)O[C@H](CCl)[C@H](Cl)[C@@H]1OC(C)=O,COC(=O)CCCCCCCCO[C@@H]1O[C@H](COCc2ccccc2)[C@@H](O)[C@H](O[C@@H]2O[C@@H](C)[C@@H](OCc3ccccc3)[C@@H](OCc3ccccc3)[C@@H]2OCc2ccccc2)[C@H]1NC(C)=O,COC(=O)CCCCCCCCO[C@@H]1O[C@H](COCc2ccccc2)[C@@H](OC(C)=O)[C@H](O[C@@H]2O[C@@H](C)[C@@H](OCc3ccccc3)[C@@H](OCc3ccccc3)[C@@H]2OCc2ccccc2)[C@H]1NC(C)=O,trichloroacetimidate,25,26,25,26
SG-c4d24ef8998478d8,c4d24ef8998478d89ae9546e9427684b5dc0929789b6488d48a389265001202a,306,31-010-CAS-5447774,306,31-010-CAS-5447774,1,CC(=O)O[C@@H]1C[C@@H](OC(=O)c2ccccc2)[C@@H](OC(=N)C(Cl)(Cl)Cl)O[C@@H]1COC(=O)c1ccccc1,O=C1c2ccccc2C(=O)N1[C@@H]1[C@@H](O)[C@H](O)[C@@H](COCc2ccccc2)O[C@H]1Sc1ccccc1,CC(=O)O[C@H]1[C@H](O)[C@@H](N2C(=O)c3ccccc3C2=O)[C@H](Sc2ccccc2)O[C@@H]1COCc1ccccc1,trichloroacetimidate,14,15,4,3
SG-c4ea7cf17ac31036,c4ea7cf17ac31036b0f9903929848b11c1f42fe704b2e26c4663f5100d2b6c01,859,31-013-CAS-17081650,859,31-013-CAS-17081650,1,CC(=O)CCC(=O)OC[C@@H]1O[C@@H](Sc2ccc(C)cc2)[C@H](OC(=O)c2ccccc2)[C@@H](OCc2ccccc2)[C@@H]1O[Si](C)(C)C(C)(C)C,CC(=O)CCC(=O)OC[C@H]1O[C@@H](Sc2ccc(C)cc2)[C@H](OC(=O)c2ccccc2)[C@@H](OCc2ccccc2)[C@@H]1O[C@H]1O[C@H](COCc2ccccc2)[C@@H](O)[C@H](OCc2ccccc2)[C@H]1N=[N+]=[N-],CC(=O)CCC(=O)OC[C@H]1O[C@@H](Sc2ccc(C)cc2)[C@H](OC(=O)c2ccccc2)[C@@H](OCc2ccccc2)[C@@H]1O[C@H]1O[C@H](COCc2ccccc2)[C@@H](OC(C)=O)[C@H](OCc2ccccc2)[C@H]1N=[N+]=[N-],thioglycoside,53,54,53,54
SG-c50092e42fe09f34,c50092e42fe09f34fbafcbc925d61fa329b6c2fd0549a9f575832b1150e2ea3a,459,31-010-CAS-11303200,459,31-010-CAS-11303200,1,C[C@@H](O[C@H]1[C@H](O[C@@H]2O[C@H](COCc3ccccc3)[C@@H](O)[C@H](OCc3ccccc3)[C@H]2NC(=O)OCC(Cl)(Cl)Cl)[C@@H](COCc2ccccc2)OC(OC(=N)C(Cl)(Cl)Cl)[C@@H]1NC(=O)OCC(Cl)(Cl)Cl)C(=O)OCc1ccccc1,C=CCO[C@H]1O[C@H](COCc2ccccc2)[C@@H](O[C@@H]2O[C@H](COCc3ccccc3)[C@@H](O)[C@H](OCc3ccccc3)[C@H]2NC(=O)OCC(Cl)(Cl)Cl)[C@H](O[C@H](C)C(=O)OCc2ccccc2)[C@H]1NC(=O)OCC(Cl)(Cl)Cl,C=CCO[C@H]1O[C@H](COCc2ccccc2)[C@@H](O[C@@H]2O[C@H](COCc3ccccc3)[C@@H](OC(C)=O)[C@H](OCc3ccccc3)[C@H]2NC(=O)OCC(Cl)(Cl)Cl)[C@H](O[C@H](C)C(=O)OCc2ccccc2)[C@H]1NC(=O)OCC(Cl)(Cl)Cl,trichloroacetimidate,30,31,30,31
SG-c52630aebe363d0d,c52630aebe363d0dcddf26ab641dc3f487ebd8dbf64dbdeb11105b1876a3a718,602,31-010-CAS-2693928,602,31-010-CAS-2693928,1,CC(=O)O[C@H]1[C@@H](NC(=O)OCc2ccccc2)[C@@H](C)OC(OC(=Nc2ccccc2)C(F)(F)F)[C@@H]1N=[N+]=[N-],CC(C)(C)[Si](C)(C)O[C@@H]1O[C@H](COCc2ccccc2)[C@H](O)[C@H](OC(=O)OCC2c3ccccc3-c3ccccc32)[C@H]1N=[N+]=[N-],CC(=O)O[C@@H]1[C@H](OC(=O)OCC2c3ccccc3-c3ccccc32)[C@@H](N=[N+]=[N-])[C@H](O[Si](C)(C)C(C)(C)C)O[C@@H]1COCc1ccccc1,trifluoroacetimidate,20,21,4,3
SG-c538cfc53475f568,c538cfc53475f56832650750251bbe95e926c934f96924fba38e56e76f4f961e,1206,31-013-CAS-10137508,1206,31-013-CAS-10137508,1,CCS[C@@H]1O[C@H](COC(C)=O)[C@@H](OC(C)=O)[C@H](OC(C)=O)[C@H]1N1C(=O)c2ccccc2C1=O,CO[C@@H]1O[C@H](COCc2ccccc2)[C@@H](O)[C@H](OCc2ccccc2)[C@H]1N1C(=O)c2ccccc2C1=O,CO[C@@H]1O[C@H](COCc2ccccc2)[C@@H](OC(C)=O)[C@H](OCc2ccccc2)[C@H]1N1C(=O)c2ccccc2C1=O,thioglycoside,14,15,14,15
SG-c5a2ff40bf8198ae,c5a2ff40bf8198ae899bac7655a5eb6a0a210cc29d9350cf965c72e2e50980e9,1030,31-013-CAS-21762119,1030,31-013-CAS-21762119,1,CC(=O)OC[C@H]1O[C@@H](Sc2ccc(C)cc2)[C@H](OC(=O)OCC2c3ccccc3-c3ccccc32)[C@@H](O[Si](C)(C)C(C)(C)C)[C@H]1OC(C)=O,COC(=O)CO[C@H]1O[C@H](COCc2ccccc2)[C@@H](O)[C@H](OCc2ccccc2)[C@H]1NC(C)=O,COC(=O)CO[C@H]1O[C@H](COCc2ccccc2)[C@@H](OC(C)=O)[C@H](OCc2ccccc2)[C@H]1NC(C)=O,thioglycoside,18,19,18,19
SG-c5f0086d9dbf3562,c5f0086d9dbf3562dc3d9abee1df8aa8ed2b491735d3b05637015c4f62f2a038,845,31-614-CAS-26439970,845,31-614-CAS-26439970,1,C[C@@H]1O[C@H](S(=O)c2ccccc2)[C@@H](OCc2ccccc2)[C@H](OCc2ccccc2)[C@@H]1OCc1ccccc1,CC(C)(C)C(=O)OC[C@H]1O[C@H](Sc2ccccc2)[C@H](N=[N+]=[N-])[C@@H](O[C@@H]2O[C@H](COCc3ccccc3)[C@H](OCc3ccccc3)[C@H](OCc3ccccc3)[C@H]2O)[C@@H]1O,CC(=O)O[C@H]1[C@H](O[C@@H]2O[C@H](COCc3ccccc3)[C@H](OCc3ccccc3)[C@H](OCc3ccccc3)[C@H]2O)[C@@H](N=[N+]=[N-])[C@@H](Sc2ccccc2)O[C@@H]1COC(=O)C(C)(C)C,thioglycoside,56,57,4,3
SG-c612b0c7428241de,c612b0c7428241de3af1308a503a479703568024a7f23eca326ea2ca4dc79ac9,478,31-013-CAS-10587625,478,31-013-CAS-10587625,1,CC(=O)OC[C@H]1O[C@@H](O[C@H]2[C@H](OC(C)=O)[C@@H](N3C(=O)c4ccccc4C3=O)[C@H](OC(=N)C(Cl)(Cl)Cl)O[C@@H]2COC(C)=O)[C@H](N2C(=O)c3ccccc3C2=O)[C@@H](OC(C)=O)[C@@H]1OC(C)=O,COc1ccc(O[C@@H]2O[C@H](COCc3ccccc3)[C@@H](O[C@@H]3O[C@H](COCc4ccccc4)[C@@H](O)[C@H](OCc4ccccc4)[C@H]3N3C(=O)c4ccccc4C3=O)[C@H](OCc3ccccc3)[C@H]2N2C(=O)c3ccccc3C2=O)cc1,COc1ccc(O[C@@H]2O[C@H](COCc3ccccc3)[C@@H](O[C@@H]3O[C@H](COCc4ccccc4)[C@@H](OC(C)=O)[C@H](OCc4ccccc4)[C@H]3N3C(=O)c4ccccc4C3=O)[C@H](OCc3ccccc3)[C@H]2N2C(=O)c3ccccc3C2=O)cc1,trichloroacetimidate,33,34,33,34
SG-c64ab1db030770fe,c64ab1db030770fede5113cc8aaea82e2a9e7acc200fa381711a97d2cab481ff,1536,31-013-CAS-10707464,1536,31-013-CAS-10707464,1,CCS[C@@H]1O[C@H](COCc2ccccc2)[C@H](OC(C)=O)[C@H](OC(C)=O)[C@H]1NC(=O)OCC(Cl)(Cl)Cl,COc1ccc(O[C@@H]2O[C@H](COCc3ccccc3)[C@@H](O)[C@H](O)[C@H]2N2C(=O)c3c(Cl)c(Cl)c(Cl)c(Cl)c3C2=O)cc1,COc1ccc(O[C@@H]2O[C@H](COCc3ccccc3)[C@@H](OC(C)=O)[C@H](O)[C@H]2N2C(=O)c3c(Cl)c(Cl)c(Cl)c(Cl)c3C2=O)cc1,thioglycoside,19,20,19,20
SG-c6b71b66f3e72121,c6b71b66f3e72121a4c24b10c0d3227c2df714faf54d0528f89554357a46b7a6,336,31-010-CAS-21359678,336;337,31-010-CAS-21359678;31-010-CAS-5547122,2,COC(=O)[C@H]1OC(OC(=N)C(Cl)(Cl)Cl)[C@H](OC(=O)c2ccccc2)[C@@H](OCc2ccccc2)[C@@H]1O[C@H]1O[C@H](COC(=O)c2ccccc2)[C@@H](OCc2ccccc2)[C@H](OCc2ccccc2)[C@H]1N=[N+]=[N-],COc1ccc(CO[C@H]2[C@H](O)[C@@H](COc3ccc(OC)cc3)O[C@@H](O[Si](c3ccccc3)(c3ccccc3)C(C)(C)C)[C@@H]2N=[N+]=[N-])cc1,COc1ccc(CO[C@@H]2[C@@H](N=[N+]=[N-])[C@H](O[Si](c3ccccc3)(c3ccccc3)C(C)(C)C)O[C@H](COc3ccc(OC)cc3)[C@H]2OC(C)=O)cc1,trichloroacetimidate,9,10,44,45
SG-c74b06009bb7f9d7,c74b06009bb7f9d7a633dbe9edc5971e7c59f7495123cb30229ba0a4f92926b9,656,31-013-CAS-22581512,656,31-013-CAS-22581512,1,CCS[C@H]1O[C@H](C)[C@@H](N=[N+]=[N-])[C@H](OCc2ccccc2)[C@@H]1OC(=O)c1ccccc1,C[C@H]1O[C@H](OCC[Si](C)(C)C)[C@@H](O)[C@@H](OCc2ccccc2)[C@@H]1N=[N+]=[N-],CC(=O)O[C@@H]1[C@@H](OCC[Si](C)(C)C)O[C@H](C)[C@@H](N=[N+]=[N-])[C@@H]1OCc1ccccc1,thioglycoside,11,12,4,3
SG-c88e389d263db7ab,c88e389d263db7ab6ee49b80658f4582bbad353dc2666a5598aca84a56f56f24,1078,31-013-CAS-4033104,1078,31-013-CAS-4033104,1,CCS[C@@H]1O[C@@H]2COC(c3ccccc3)O[C@@H]2[C@H](O[Si](C)(C)C(C)(C)C)[C@H]1OC(=O)C(C)(C)C,COc1ccc(CO[C@@H]2O[C@H](COCc3ccccc3)[C@@H](O)[C@H](OCc3ccccc3)[C@H]2NC(=O)C(Cl)(Cl)Cl)cc1,COc1ccc(CO[C@@H]2O[C@H](COCc3ccccc3)[C@@H](OC(C)=O)[C@H](OCc3ccccc3)[C@H]2NC(=O)C(Cl)(Cl)Cl)cc1,thioglycoside,20,21,20,21
SG-c89a63a5ec7f0929,c89a63a5ec7f09293b3d6653a46ba3416e8e87ab169e19d02f2b1b255339c361,1047,31-013-CAS-12680725,1047;1048,31-013-CAS-12680725;31-013-CAS-10860550,2,COC(=O)[C@H]1O[C@@H](Sc2ccccc2)[C@@H]2O[Si](C(C)(C)C)(C(C)(C)C)O[C@H]1[C@@H]2OCc1ccccc1,COc1ccc(O[C@@H]2O[C@H](COCc3ccccc3)[C@@H](O)[C@@H]3OC(=O)N[C@@H]23)cc1,COc1ccc(O[C@@H]2O[C@H](COCc3ccccc3)[C@@H](OC(C)=O)[C@@H]3OC(=O)N[C@@H]23)cc1,thioglycoside,19,20,19,20
SG-c8a696b325ee3584,c8a696b325ee358440c3f17cc5921ebb0fdc11753787abb644ef40a9dc4d8861,1220,31-013-CAS-10626850,1220,31-013-CAS-10626850,1,COC(=O)[C@@]1(O[C@H]2[C@@H](OC(=O)c3ccccc3)[C@@H](COC(=O)c3ccccc3)O[C@@H](SC)[C@@H]2OC(=O)c2ccccc2)C[C@H](OC(C)=O)[C@@H](NC(C)=O)[C@H]([C@H](OC(C)=O)[C@@H](COC(C)=O)OC(C)=O)O1,CC(=O)N[C@@H]1[C@H](O[C@H]2[C@@H](OCc3ccccc3)[C@@H](COCc3ccccc3)O[C@@H](O[C@H]3[C@H](OCc4ccccc4)[C@@H](OCc4ccccc4)[C@H](OCC[Si](C)(C)C)O[C@@H]3COCc3ccccc3)[C@@H]2OCc2ccccc2)O[C@H](COCc2ccccc2)[C@@H](O)[C@@H]1OCc1ccccc1,CC(=O)N[C@@H]1[C@H](O[C@H]2[C@@H](OCc3ccccc3)[C@@H](COCc3ccccc3)O[C@@H](O[C@H]3[C@H](OCc4ccccc4)[C@@H](OCc4ccccc4)[C@H](OCC[Si](C)(C)C)O[C@@H]3COCc3ccccc3)[C@@H]2OCc2ccccc2)O[C@H](COCc2ccccc2)[C@@H](OC(C)=O)[C@@H]1OCc1ccccc1,thioglycoside,88,89,88,89
SG-c8ac8f68b33271bb,c8ac8f68b33271bb02355ea1b378a60d67ace157ed9de16357a4fb68935ea22b,934,31-013-CAS-10361105,934,31-013-CAS-10361105,1,CCS[C@@H]1O[C@@H](C)[C@@H](OCc2ccccc2)[C@@H](OCc2ccccc2)[C@@H]1OCc1ccccc1,CO[C@@H]1O[C@H](COC(=O)c2ccccc2)[C@H](OC(=O)c2ccccc2)[C@H](O[C@@H]2O[C@H](COCc3ccccc3)[C@@H](O)[C@H](OC(C)=O)[C@H]2NC(=O)OCC(Cl)(Cl)Cl)[C@H]1OC(=O)c1ccccc1,CO[C@@H]1O[C@H](COC(=O)c2ccccc2)[C@H](OC(=O)c2ccccc2)[C@H](O[C@@H]2O[C@H](COCc3ccccc3)[C@@H](OC(C)=O)[C@H](OC(C)=O)[C@H]2NC(=O)OCC(Cl)(Cl)Cl)[C@H]1OC(=O)c1ccccc1,thioglycoside,39,40,39,40
SG-c8b1c102bd02062d,c8b1c102bd02062d1c7d9bed2f160df3aa6c065100c22a22ec9fd7be80af2509,354,31-010-CAS-21359654,354;355,31-010-CAS-21359654;31-010-CAS-9641920,2,COC(=O)[C@H]1OC(OC(=N)C(Cl)(Cl)Cl)[C@H](OCc2ccccc2)[C@@H](OCc2ccccc2)[C@@H]1O[C@H]1O[C@H](COCc2ccc(OC)cc2)[C@@H](OCc2ccccc2)[C@H](OCc2ccccc2)[C@H]1NC=C1C(=O)N(C)C(=O)N(C)C1=O,COc1ccc(OC[C@H]2O[C@@H](O[Si](c3ccccc3)(c3ccccc3)C(C)(C)C)[C@H](N=[N+]=[N-])[C@@H](OC(=O)c3ccccc3)[C@@H]2O)cc1,COc1ccc(OC[C@H]2O[C@@H](O[Si](c3ccccc3)(c3ccccc3)C(C)(C)C)[C@H](N=[N+]=[N-])[C@@H](OC(=O)c3ccccc3)[C@@H]2OC(C)=O)cc1,trichloroacetimidate,43,44,43,44
SG-c8b59dd5a3fa79c2,c8b59dd5a3fa79c2188c3788ece015a5c17a7005dfb3ea8ee4b56321915d34e6,291,31-010-CAS-14961584,291,31-010-CAS-14961584,1,CC(=O)OC[C@H]1O[C@H](OC(=N)C(Cl)(Cl)Cl)[C@H](OC(C)=O)[C@@H](OC(C)=O)[C@H]1OC(C)=O,O=C1c2ccccc2C(=O)N1[C@@H]1[C@@H](OCc2ccccc2)[C@H](O)[C@@H](COCc2ccccc2)O[C@H]1Sc1ccccc1,CC(=O)O[C@H]1[C@H](OCc2ccccc2)[C@@H](N2C(=O)c3ccccc3C2=O)[C@H](Sc2ccccc2)O[C@@H]1COCc1ccccc1,trichloroacetimidate,21,22,4,3
SG-c8f4368588858ce7,c8f4368588858ce7e9855cb50f970f1a06ea189659cc73555bec4dace7204d6e,1316,31-013-CAS-8168731,1316,31-013-CAS-8168731,1,COC(=O)[C@@]1(O[C@H]2[C@@H](OC(=O)c3ccccc3)[C@@H](COC(=O)c3ccccc3)O[C@@H](SC)[C@@H]2OC(=O)c2ccccc2)C[C@H](OC(C)=O)[C@@H](NC(C)=O)[C@H]([C@H](OC(C)=O)[C@@H](COC(C)=O)OC(C)=O)O1,CC(=O)N[C@H]1[C@H](OC[C@H]2O[C@@H](O[C@H]3[C@H](OCc4ccccc4)[C@@H](OCc4ccccc4)[C@H](OCC[Si](C)(C)C)O[C@@H]3COCc3ccccc3)[C@H](OCc3ccccc3)[C@@H](OCc3ccccc3)[C@H]2OC(C)=O)O[C@H](COCc2ccccc2)[C@@H](O)[C@@H]1OCc1ccccc1,CC(=O)N[C@H]1[C@H](OC[C@H]2O[C@@H](O[C@H]3[C@H](OCc4ccccc4)[C@@H](OCc4ccccc4)[C@H](OCC[Si](C)(C)C)O[C@@H]3COCc3ccccc3)[C@H](OCc3ccccc3)[C@@H](OCc3ccccc3)[C@H]2OC(C)=O)O[C@H](COCc2ccccc2)[C@@H](OC(C)=O)[C@@H]1OCc1ccccc1,thioglycoside,84,85,84,85
SG-c900d81b79992462,c900d81b79992462332c29753cf27e8fef6c455757ab29e82cf2cc0f98d2fef2,406,31-010-CAS-18971959,406,31-010-CAS-18971959,1,N=C(O[C@H]1O[C@H](COC(=O)c2ccccc2)[C@H](OC(=O)c2ccccc2)[C@H](O[C@H]2O[C@H](COCc3ccccc3)[C@H](OCc3ccccc3)[C@H](OCc3ccccc3)[C@H]2OCc2ccccc2)[C@H]1OC(=O)c1ccccc1)C(Cl)(Cl)Cl,COc1ccc(S[C@@H]2O[C@H](COCc3ccccc3)[C@@H](O)[C@H](O)[C@H]2N2C(=O)c3ccccc3C2=O)cc1,COc1ccc(S[C@@H]2O[C@H](COCc3ccccc3)[C@@H](OC(C)=O)[C@H](O)[C@H]2N2C(=O)c3ccccc3C2=O)cc1,trichloroacetimidate,19,20,19,20
SG-c912d5a087b90719,c912d5a087b90719fef0e340a1352091538f64d6f170a28999e5e7322311b4ac,119,31-010-CAS-4703464,119,31-010-CAS-4703464,1,CC(=O)OC[C@H]1O[C@H](OC(=N)C(Cl)(Cl)Cl)[C@@H](OC(C)=O)[C@@H](OC(C)=O)[C@@H]1OC(C)=O,CC(=O)OC[C@H]1O[C@@H](OC(C)=O)[C@H](N=Cc2ccc(C(F)(F)F)cc2)[C@@H](OC(C)=O)[C@@H]1O,CC(=O)OC[C@H]1O[C@@H](OC(C)=O)[C@H](N=Cc2ccc(C(F)(F)F)cc2)[C@@H](OC(C)=O)[C@@H]1OC(C)=O,trichloroacetimidate,30,31,30,31
SG-c932bd910de0f616,c932bd910de0f61602597208ea5f343982232d1f8f3e54ae62546b93955a58fe,66,31-010-CAS-4942183,66,31-010-CAS-4942183,1,CC(C)(C)[Si](OC[C@H]1O[C@H](OC(=N)C(Cl)(Cl)Cl)[C@@H](OCc2ccccc2)[C@@H](OCc2ccccc2)[C@@H]1OCc1ccccc1)(c1ccccc1)c1ccccc1,CC1(C)[C@H]2CC[C@]1(C)[C@]1(C2)O[C@@H]2[C@H](OCc3ccccc3)[C@@H](OCc3ccccc3)[C@H](OCc3ccccc3)[C@@H](O[C@H]3O[C@H](COCc4ccccc4)[C@@H](O)[C@H](OCc4ccccc4)[C@H]3N=[N+]=[N-])[C@@H]2O1,CC(=O)O[C@H]1[C@H](OCc2ccccc2)[C@@H](N=[N+]=[N-])[C@@H](O[C@@H]2[C@@H](OCc3ccccc3)[C@H](OCc3ccccc3)[C@@H](OCc3ccccc3)[C@H]3O[C@]4(C[C@@H]5CC[C@@]4(C)C5(C)C)O[C@@H]23)O[C@@H]1COCc1ccccc1,trichloroacetimidate,53,54,4,3
SG-c933f1a933f338de,c933f1a933f338de6a4301c41ca5a60236d1f0e08a89a34cb0a75f4388541926,1345,31-013-CAS-1583370,1345,31-013-CAS-1583370,1,CCS[C@H]1O[C@@H](C)[C@@H](OCc2ccccc2)[C@@H](OCc2ccccc2)[C@@H]1OCc1ccccc1,CCS[C@@H]1O[C@H](COCc2ccccc2)[C@@H](O)[C@H](OC(=O)OCC2c3ccccc3-c3ccccc32)[C@H]1N1C(=O)c2ccccc2C1=O,CCS[C@@H]1O[C@H](COCc2ccccc2)[C@@H](OC(C)=O)[C@H](OC(=O)OCC2c3ccccc3-c3ccccc32)[C@H]1N1C(=O)c2ccccc2C1=O,thioglycoside,15,16,15,16
SG-c98d580eb673b03c,c98d580eb673b03c3edd835e0346062995d472106841bc85ad1c27f5e7231cf3,1501,31-013-CAS-19037577,1501;1502,31-013-CAS-19037577;31-013-CAS-15817613,2,COC(=O)[C@@]1(OC[C@H]2O[C@@H](Sc3ccc(C)cc3)[C@H](OC(=O)c3ccccc3)[C@@H](OC(=O)c3ccccc3)[C@H]2OCc2ccccc2)C[C@@H]2OC(=O)N[C@H]2[C@H]([C@H](OC(C)=O)[C@@H](COC(C)=O)OC(C)=O)O1,C=CCO[C@H]1O[C@H](COCc2ccccc2)[C@@H](OCc2ccccc2)[C@H](OCc2ccccc2)[C@@H]1O[C@@H]1O[C@H](COCc2ccccc2)[C@@H](O)[C@H](OCc2ccccc2)[C@H]1NC(=O)OCC(Cl)(Cl)Cl,C=CCO[C@H]1O[C@H](COCc2ccccc2)[C@@H](OCc2ccccc2)[C@H](OCc2ccccc2)[C@@H]1O[C@@H]1O[C@H](COCc2ccccc2)[C@@H](OC(C)=O)[C@H](OCc2ccccc2)[C@H]1NC(=O)OCC(Cl)(Cl)Cl,thioglycoside,48,49,48,49
SG-c9996c2586c12554,c9996c2586c12554727b5855d9ad4fe9e9fb5335ef130b0a1caa17818b59bf24,1089,31-013-CAS-6657006,1089,31-013-CAS-6657006,1,CC(=O)O[C@@H]1C[C@@H](OC(=O)c2ccccc2)[C@H](Sc2ccccc2)O[C@@H]1COC(=O)c1ccccc1,CO[C@@H]1O[C@H](COCc2ccccc2)[C@@H](O)[C@H](O)[C@H]1N1C(=O)c2ccccc2C1=O,CO[C@@H]1O[C@H](COCc2ccccc2)[C@@H](OC(C)=O)[C@H](O)[C@H]1N1C(=O)c2ccccc2C1=O,thioglycoside,14,15,14,15
SG-ca1d354e5a263675,ca1d354e5a263675e3b87ee5a84df7ac6884706f956853594caf118a7581393b,430,31-010-CAS-1018725,430,31-010-CAS-1018725,1,COC(=O)[C@H]1OC(OC(=N)C(Cl)(Cl)Cl)[C@H](OC(=O)c2ccccc2)[C@@H](OCc2ccccc2)[C@@H]1O[C@H]1O[C@H](COCc2ccc(OC)cc2)[C@@H](OCc2ccccc2)[C@H](OCc2ccccc2)[C@H]1N=[N+]=[N-],COc1ccc(COC[C@H]2O[C@@H](O[Si](c3ccccc3)(c3ccccc3)C(C)(C)C)[C@H](N=[N+]=[N-])[C@@H](OCc3ccc(OC)cc3)[C@@H]2O)cc1,COc1ccc(COC[C@H]2O[C@@H](O[Si](c3ccccc3)(c3ccccc3)C(C)(C)C)[C@H](N=[N+]=[N-])[C@@H](OCc3ccc(OC)cc3)[C@@H]2OC(C)=O)cc1,trichloroacetimidate,45,46,45,46
SG-ca356d7f8b82f330,ca356d7f8b82f330a50650870232e5c4812b3d49304232cf878454af6054bd57,1311,31-013-CAS-12967646,1311;1312;1313;1314,31-013-CAS-12967646;31-013-CAS-13075539;31-013-CAS-2504423;31-013-CAS-8313698,4,CC(=O)O[C@@H]1[C@H](O[C@H]2O[C@H](COCc3ccccc3)[C@H](OCc3ccccc3)[C@H](OCc3ccccc3)[C@H]2OCc2ccccc2)[C@@H](OC(=O)c2ccccc2)[C@H](Sc2ccccc2)O[C@@H]1COC(=O)c1ccccc1,[N-]=[N+]=NCCCO[C@@H]1O[C@H](COCc2ccccc2)[C@@H](O)[C@H](OCc2ccccc2)[C@H]1N1C(=O)c2ccccc2C1=O,CC(=O)O[C@H]1[C@H](OCc2ccccc2)[C@@H](N2C(=O)c3ccccc3C2=O)[C@H](OCCCN=[N+]=[N-])O[C@@H]1COCc1ccccc1,thioglycoside,19,20,4,3
SG-ca3ccdf555904e3a,ca3ccdf555904e3a64931b91c85584fc9e587877057525e074a97b0dae771bdd,967,31-013-CAS-3859987,967;968;969,31-013-CAS-3859987;31-013-CAS-13925780;31-013-CAS-5440454,3,CCS[C@@H]1O[C@@H]2CO[C@@H](c3ccccc3)O[C@H]2[C@H](OCc2ccccc2)[C@H]1OC(C)=O,CC(=O)CCC(=O)OC[C@H]1O[C@H](OCCCCCN(Cc2ccccc2)C(=O)OCc2ccccc2)[C@H](N=[N+]=[N-])[C@@H](OCc2ccccc2)[C@@H]1O,CC(=O)CCC(=O)OC[C@H]1O[C@H](OCCCCCN(Cc2ccccc2)C(=O)OCc2ccccc2)[C@H](N=[N+]=[N-])[C@@H](OCc2ccccc2)[C@@H]1OC(C)=O,thioglycoside,49,50,49,50
SG-ca847f7dde8b4433,ca847f7dde8b443322584cbe2e9f1b156232a21c1c11f54eec7ba1b6af8e079a,689,31-614-CAS-34701878,689,31-614-CAS-34701878,1,CC(=O)O[C@@H]1[C@@H](OC(C)=O)[C@H](Sc2ccccc2)O[C@H](CF)[C@H]1OC(C)=O,CO[C@@H]1O[C@H](COCc2ccccc2)[C@@H](O)[C@H](OCc2ccccc2)[C@H]1N=[N+]=[N-],CO[C@@H]1O[C@H](COCc2ccccc2)[C@@H](OC(C)=O)[C@H](OCc2ccccc2)[C@H]1N=[N+]=[N-],thioglycoside,14,15,14,15
SG-caaca17158433acb,caaca17158433acb4d800230c76d831778928303ad6102025d4cf43480cf1406,1014,31-013-CAS-18496614,1014,31-013-CAS-18496614,1,C=CCOC(=O)O[C@@H]1[C@@H](OCc2ccccc2)[C@@H]2O[C@H](c3ccccc3)OC[C@H]2O[C@H]1SCC,CC(=O)O[C@H]1[C@H](O)[C@@H](COCc2ccccc2)O[C@@H](O[Si](C)(C)C(C)(C)C(C)C)[C@@H]1NC(=O)OCC(Cl)(Cl)Cl,CC(=O)O[C@@H]1[C@@H](NC(=O)OCC(Cl)(Cl)Cl)[C@H](O[Si](C)(C)C(C)(C)C(C)C)O[C@H](COCc2ccccc2)[C@H]1OC(C)=O,thioglycoside,5,6,37,38
SG-cac32ec02a61d76c,cac32ec02a61d76cdff84557492509f46e77c9e7aae23be1378f3aa7ad425579,948,31-013-CAS-21762108,948,31-013-CAS-21762108,1,CC(=O)O[C@@H]1[C@H](O[C@H]2O[C@@H]3CO[C@H](c4ccccc4)O[C@@H]3[C@H](OCc3ccccc3)[C@H]2OCc2ccccc2)[C@@H](OC(=O)c2ccccc2)[C@H](Sc2ccc(C)cc2)O[C@@H]1COC(=O)c1ccccc1,COC(=O)CO[C@H]1O[C@H](COCc2ccccc2)[C@@H](O)[C@H](OCc2ccccc2)[C@H]1N(C(C)=O)C(C)=O,COC(=O)CO[C@H]1O[C@H](COCc2ccccc2)[C@@H](OC(C)=O)[C@H](OCc2ccccc2)[C@H]1N(C(C)=O)C(C)=O,thioglycoside,18,19,18,19
SG-cac5dcdfc03639a4,cac5dcdfc03639a46b0a77581062ca910284c6caae746495e1d5f6c081a52b2b,1343,31-013-CAS-22452828,1343;1344,31-013-CAS-22452828;31-013-CAS-20825259,2,COC(=O)[C@@H]1O[C@@H](Sc2ccc(C)cc2)[C@H](OC(=O)OCC2c3ccccc3-c3ccccc32)[C@@H](OC(C)=O)[C@@H]1O[C@H]1O[C@H](CO[Si](c2ccccc2)(c2ccccc2)C(C)(C)C)[C@@H](OC(C)=O)[C@H](OC(C)=O)[C@H]1N=[N+]=[N-],C=CCO[C@@H]1O[C@@H](C(=O)OC)[C@@H](O[C@H]2O[C@H](COCc3ccc4ccccc4c3)[C@@H](O)[C@H](OC(C)=O)[C@H]2NC(=O)C(F)(F)F)[C@H](OC(C)=O)[C@H]1OC(=O)OCC(Cl)(Cl)Cl,C=CCO[C@@H]1O[C@@H](C(=O)OC)[C@@H](O[C@H]2O[C@H](COCc3ccc4ccccc4c3)[C@@H](OC(C)=O)[C@H](OC(C)=O)[C@H]2NC(=O)C(F)(F)F)[C@H](OC(C)=O)[C@H]1OC(=O)OCC(Cl)(Cl)Cl,thioglycoside,29,30,29,30
SG-cbdd3feffb063e60,cbdd3feffb063e6074f4661826a6858c2bd74d2cd861816f64162c8dc75dbba5,378,31-010-CAS-21359668,378;379,31-010-CAS-21359668;31-010-CAS-5890484,2,COC(=O)[C@H]1OC(OC(=N)C(Cl)(Cl)Cl)[C@H](OC(=O)c2ccccc2)[C@@H](OCc2ccccc2)[C@@H]1O[C@H]1O[C@H](COC(=O)c2ccccc2)[C@@H](OCc2ccccc2)[C@H](OCc2ccccc2)[C@H]1NC=C1C(=O)N(C)C(=O)N(C)C1=O,COc1ccc(CO[C@H]2[C@H](O)[C@@H](COc3ccc(OC)cc3)O[C@@H](O[Si](c3ccccc3)(c3ccccc3)C(C)(C)C)[C@@H]2N=[N+]=[N-])cc1,COc1ccc(CO[C@@H]2[C@@H](N=[N+]=[N-])[C@H](O[Si](c3ccccc3)(c3ccccc3)C(C)(C)C)O[C@H](COc3ccc(OC)cc3)[C@H]2OC(C)=O)cc1,trichloroacetimidate,9,10,44,45
SG-cbf8fa0744c1cab5,cbf8fa0744c1cab54b346f7cb2c9544c07e74684d322e54cfce28d79f70aadad,1427,31-013-CAS-14626746,1427,31-013-CAS-14626746,1,CCS[C@@H]1O[C@@H](C)[C@@H](OCc2ccccc2)[C@@H](OCc2ccccc2)[C@@H]1OCc1ccccc1,COc1ccc(CO[C@H]2[C@@H](OC(C)=O)[C@@H](COC(C)=O)O[C@@H](O[C@H]3[C@H](O)[C@@H](COCc4ccccc4)O[C@@H](OCCN=[N+]=[N-])[C@@H]3N3C(=O)c4ccccc4C3=O)[C@@H]2OC(C)=O)cc1,COc1ccc(CO[C@H]2[C@@H](OC(C)=O)[C@@H](COC(C)=O)O[C@@H](O[C@H]3[C@H](OC(C)=O)[C@@H](COCc4ccccc4)O[C@@H](OCCN=[N+]=[N-])[C@@H]3N3C(=O)c4ccccc4C3=O)[C@@H]2OC(C)=O)cc1,thioglycoside,24,25,24,25
SG-cc1f04d3c4a73011,cc1f04d3c4a73011d9726a97b34d6e81bc4644950ca17c1e63a6bc170aa3e490,569,31-010-CAS-7560425,569,31-010-CAS-7560425,1,CC(=O)OC[C@H]1OC(OC(=Nc2ccccc2)C(F)(F)F)[C@H](OCc2ccccc2)[C@@H](OC(C)=O)[C@@H]1OCc1ccccc1,CO[C@H]1O[C@H](COCc2ccccc2)[C@H](O)[C@H](O[C@@H]2O[C@H](COC(C)=O)[C@@H](OC(C)=O)[C@H](OC(C)=O)[C@H]2OC(C)=O)[C@H]1N=[N+]=[N-],CO[C@H]1O[C@H](COCc2ccccc2)[C@H](OC(C)=O)[C@H](O[C@@H]2O[C@H](COC(C)=O)[C@@H](OC(C)=O)[C@H](OC(C)=O)[C@H]2OC(C)=O)[C@H]1N=[N+]=[N-],trifluoroacetimidate,14,15,14,15
SG-cc846a5fd59fbaf3,cc846a5fd59fbaf30656c1c31a955abb8a290cab5624ab68828038eb76d2f6d1,185,31-010-CAS-2504773,185,31-010-CAS-2504773,1,CC(C)(C)[Si](OC[C@H]1O[C@H](OC(=N)C(Cl)(Cl)Cl)[C@H](OCc2ccccc2)[C@@H](OCc2ccccc2)[C@H]1OCc1ccccc1)(c1ccccc1)c1ccccc1,CC1(C)[C@H]2CC[C@]1(C)[C@]1(C2)O[C@@H]2[C@H](OCc3ccccc3)[C@@H](OCc3ccccc3)[C@H](OCc3ccccc3)[C@@H](O[C@H]3O[C@H](CO[Si](C)(C)C(C)(C)C)[C@@H](O)[C@H](OCc4ccccc4)[C@H]3N=[N+]=[N-])[C@@H]2O1,CC(=O)O[C@H]1[C@H](OCc2ccccc2)[C@@H](N=[N+]=[N-])[C@@H](O[C@@H]2[C@@H](OCc3ccccc3)[C@H](OCc3ccccc3)[C@@H](OCc3ccccc3)[C@H]3O[C@]4(C[C@@H]5CC[C@@]4(C)C5(C)C)O[C@@H]23)O[C@@H]1CO[Si](C)(C)C(C)(C)C,trichloroacetimidate,53,54,4,3
SG-cca5b2b1a9145da3,cca5b2b1a9145da327e9b93ee1e522326264edccd0f1519d5754a8eace0cd6ea,712,31-614-CAS-34973175,712;713,31-614-CAS-34973175;31-013-CAS-9099641,2,COc1ccc(CO[C@@H]2[C@H](OCc3ccccc3)[C@@H](Sc3ccccc3)O[C@@H]3CO[C@@H](c4ccccc4)O[C@@H]23)cc1,[N-]=[N+]=N[C@H]1[C@H](OCc2ccccc2)O[C@H](COCc2ccccc2)[C@@H](O)[C@@H]1OCc1ccccc1,CC(=O)O[C@H]1[C@H](OCc2ccccc2)[C@@H](N=[N+]=[N-])[C@H](OCc2ccccc2)O[C@@H]1COCc1ccccc1,thioglycoside,24,25,4,3
SG-cce2156ddf863474,cce2156ddf86347451350839f4a4909ba6497a2441d1e3ad90328978dce350e2,1149,31-013-CAS-14790318,1149,31-013-CAS-14790318,1,CCS[C@@H]1O[C@H](COCc2ccccc2)[C@H](OCc2ccccc2)[C@H](OCc2ccccc2)[C@H]1OC(C)=O,O=C1c2ccccc2C(=O)N1[C@@H]1[C@@H](O)[C@H](O)[C@@H](COCc2ccccc2)O[C@H]1Sc1ccccc1,CC(=O)O[C@H]1[C@H](O)[C@@H](N2C(=O)c3ccccc3C2=O)[C@H](Sc2ccccc2)O[C@@H]1COCc1ccccc1,thioglycoside,14,15,4,3
SG-cd677c3a9bc11b0a,cd677c3a9bc11b0a5fb60d6a113970332fd39b0bbabd3dd31e2e2b4718bc6837,466,31-010-CAS-8542794,466,31-010-CAS-8542794,1,COC(=O)[C@@H]1O[C@@H](OC(=N)C(Cl)(Cl)Cl)[C@H](OC(C)=O)[C@@H](OCc2ccccc2)[C@@H]1O[C@H]1O[C@H](COC(C)=O)[C@@H](OCc2ccccc2)[C@H](OCc2ccccc2)[C@H]1N=[N+]=[N-],C=CCO[C@@H]1O[C@@H](C(=O)OC)[C@@H](O[C@H]2O[C@H](COC(C)=O)[C@@H](O)[C@H](OCc3ccccc3)[C@H]2N=[N+]=[N-])[C@H](OCc2ccccc2)[C@H]1OC(C)=O,C=CCO[C@@H]1O[C@@H](C(=O)OC)[C@@H](O[C@H]2O[C@H](COC(C)=O)[C@@H](OC(C)=O)[C@H](OCc3ccccc3)[C@H]2N=[N+]=[N-])[C@H](OCc2ccccc2)[C@H]1OC(C)=O,trichloroacetimidate,21,22,21,22
SG-cd867aede498e8ee,cd867aede498e8eed9214aa4de05a2583408a548b52051fd53e20f8bb809496f,990,31-013-CAS-9083796,990,31-013-CAS-9083796,1,CCS[C@H]1O[C@H](CO[C@H]2O[C@H](CO[Si](c3ccccc3)(c3ccccc3)C(C)(C)C)[C@@H](OCc3ccccc3)[C@H](OCc3ccccc3)[C@@H]2OCc2ccccc2)[C@@H](OCc2ccccc2)[C@H](OCc2ccccc2)[C@@H]1OC(=O)CCl,CCCCCCCCCCCCCCCCCCOC[C@H](COP(=O)(OCCC#N)O[C@@H]1[C@H](OC(=O)CCCCCCCCCCCCCCC)[C@H](OCc2ccccc2)[C@@H](OCc2ccccc2)[C@H](OCc2ccccc2)[C@H]1O[C@H]1O[C@H](COCc2ccccc2)[C@@H](O)[C@H](OCc2ccccc2)[C@H]1N=[N+]=[N-])OC(=O)OCc1ccccc1,CCCCCCCCCCCCCCCCCCOC[C@H](COP(=O)(OCCC#N)O[C@@H]1[C@H](OC(=O)CCCCCCCCCCCCCCC)[C@H](OCc2ccccc2)[C@@H](OCc2ccccc2)[C@H](OCc2ccccc2)[C@H]1O[C@H]1O[C@H](COCc2ccccc2)[C@@H](OC(C)=O)[C@H](OCc2ccccc2)[C@H]1N=[N+]=[N-])OC(=O)OCc1ccccc1,thioglycoside,92,93,92,93
SG-cde39edca90f2cd0,cde39edca90f2cd027ea94173b818d9de6bd90eba48fd3d9be4ce04809919900,1334,31-614-CAS-38021979,1334,31-614-CAS-38021979,1,O=C(CCl)O[C@@H]1[C@H](OCc2ccccc2)[C@@H](N2C(=O)c3ccccc3C2=O)[C@H](Sc2ccccc2)O[C@@H]1CN1C(=O)c2ccccc2C1=O,CO[C@@H]1O[C@H](CN2C(=O)c3ccccc3C2=O)[C@H](O[C@@H]2O[C@H](CN3C(=O)c4ccccc4C3=O)[C@H](O[C@@H]3O[C@H](CN4C(=O)c5ccccc5C4=O)[C@H](O)[C@H](OCc4ccccc4)[C@H]3N3C(=O)c4ccccc4C3=O)[C@H](OCc3ccccc3)[C@H]2N2C(=O)c3ccccc3C2=O)[C@H](OCc2ccccc2)[C@H]1N1C(=O)c2ccccc2C1=O,CO[C@@H]1O[C@H](CN2C(=O)c3ccccc3C2=O)[C@H](O[C@@H]2O[C@H](CN3C(=O)c4ccccc4C3=O)[C@H](O[C@@H]3O[C@H](CN4C(=O)c5ccccc5C4=O)[C@H](OC(C)=O)[C@H](OCc4ccccc4)[C@H]3N3C(=O)c4ccccc4C3=O)[C@H](OCc3ccccc3)[C@H]2N2C(=O)c3ccccc3C2=O)[C@H](OCc2ccccc2)[C@H]1N1C(=O)c2ccccc2C1=O,thioglycoside,51,52,51,52
SG-ce37a9ecdd698152,ce37a9ecdd698152fb462312ba6cdf095ba4ab01d192c39414dbf9a6fcdd1089,270,31-010-CAS-14897110,270,31-010-CAS-14897110,1,CC(=O)O[C@H]1[C@H]2O[C@@H](c3ccccc3)OC[C@H]2O[C@H](OC(=N)C(Cl)(Cl)Cl)[C@@H]1OC(C)=O,C=CCCCCCCO[C@@H]1O[C@H](COCc2ccccc2)[C@@H](O)[C@H](OCc2ccccc2)[C@H]1N=[N+]=[N-],C=CCCCCCCO[C@@H]1O[C@H](COCc2ccccc2)[C@@H](OC(C)=O)[C@H](OCc2ccccc2)[C@H]1N=[N+]=[N-],trichloroacetimidate,21,22,21,22
SG-ce4e53aaf9cecb13,ce4e53aaf9cecb13414a51f9979c1a5ff05beebcc5479fc838eb9dac66594432,35,31-010-CAS-16059825,35,31-010-CAS-16059825,1,N#Cc1ccccc1CO[C@H]1[C@@H](OC(=N)C(Cl)(Cl)Cl)O[C@H](COCc2ccccc2)[C@@H](OCc2ccccc2)[C@@H]1OCc1ccccc1,[N-]=[N+]=N[C@H]1[C@@H]2OC[C@@H](O2)[C@@H](O)[C@@H]1OC(=O)c1ccccc1,CC(=O)O[C@H]1[C@H](OC(=O)c2ccccc2)[C@@H](N=[N+]=[N-])[C@@H]2OC[C@H]1O2,trichloroacetimidate,9,10,4,3
SG-ce9a3c6d5ad62c84,ce9a3c6d5ad62c849ed4f783d5a6020996bfb1eb0eacecad9a27ebaca8c8d5ee,1158,31-013-CAS-8100988,1158,31-013-CAS-8100988,1,CCS[C@@H]1O[C@H](COCc2ccccc2)[C@H](OCc2ccccc2)[C@H](OCc2ccccc2)[C@H]1OC(=O)CCC(C)=O,O=C(N[C@H]1[C@H](OCc2ccc(OC(=O)c3ccccc3)cc2)O[C@H](COCc2ccccc2)[C@@H](O)[C@@H]1OC(=O)OCC1c2ccccc2-c2ccccc21)OCC(Cl)(Cl)Cl,CC(=O)O[C@H]1[C@H](OC(=O)OCC2c3ccccc3-c3ccccc32)[C@@H](NC(=O)OCC(Cl)(Cl)Cl)[C@H](OCc2ccc(OC(=O)c3ccccc3)cc2)O[C@@H]1COCc1ccccc1,thioglycoside,33,34,4,3
SG-ceefaca789f8d139,ceefaca789f8d1390cccc391f4a4f4ca9cfc15ab9e4a2c50a2888f9fae89e2e5,481,31-010-CAS-2015247,481,31-010-CAS-2015247,1,CC(=O)O[C@@H]1[C@@H](O[C@@H]2[C@H](O[C@@H]3O[C@H](COCc4ccccc4)[C@@H](OCc4ccccc4)[C@H](OCc4ccccc4)[C@H]3N3C(=O)c4ccccc4C3=O)[C@H](O[C@H]3[C@H](OCc4ccccc4)[C@@H](N4C(=O)c5ccccc5C4=O)C(OC(=N)C(Cl)(Cl)Cl)O[C@@H]3COCc3ccccc3)O[C@@H]3CO[Si](C(C)(C)C)(C(C)(C)C)O[C@@H]23)O[C@H](COCc2ccccc2)[C@@H](OCc2ccccc2)[C@@H]1OCc1ccccc1,C[C@@H]1O[C@@H](OC[C@H]2O[C@@H](N=[N+]=[N-])[C@H](N3C(=O)c4ccccc4C3=O)[C@@H](OCc3ccccc3)[C@@H]2O)[C@@H](OCc2ccccc2)[C@H](OCc2ccccc2)[C@@H]1OCc1ccccc1,CC(=O)O[C@H]1[C@H](OCc2ccccc2)[C@@H](N2C(=O)c3ccccc3C2=O)[C@H](N=[N+]=[N-])O[C@@H]1CO[C@@H]1O[C@@H](C)[C@@H](OCc2ccccc2)[C@@H](OCc2ccccc2)[C@@H]1OCc1ccccc1,trichloroacetimidate,33,34,4,3
SG-cf6b02b34342a063,cf6b02b34342a063ceaf82eb35a81ad14b80fe73fb7dc84aeffd351b59dd79ca,1032,31-013-CAS-3532904,1032;1033,31-013-CAS-3532904;31-013-CAS-15039708,2,CCS[C@@H]1O[C@@H]2CO[C@@H](c3ccccc3)O[C@H]2[C@H](OCc2ccccc2)[C@H]1OC(C)=O,[N-]=[N+]=N[C@H]1[C@H](OCCCCCN(Cc2ccccc2)C(=O)OCc2ccccc2)O[C@H](COCc2ccccc2)[C@@H](O)[C@@H]1OCc1ccc2ccccc2c1,CC(=O)O[C@H]1[C@H](OCc2ccc3ccccc3c2)[C@@H](N=[N+]=[N-])[C@H](OCCCCCN(Cc2ccccc2)C(=O)OCc2ccccc2)O[C@@H]1COCc1ccccc1,thioglycoside,40,41,4,3
SG-cf78e2a6e180e353,cf78e2a6e180e3530223dcf8470feabb4f5eac8d24bfd5a43c525620dfeaa557,1360,31-013-CAS-4188841,1360;1361,31-013-CAS-4188841;31-013-CAS-1880759,2,Cc1ccc(S[C@@H]2O[C@H](COCc3ccccc3)[C@@H](OCc3ccccc3)[C@H](OCc3ccccc3)[C@H]2N2C(=O)c3ccccc3C2=O)cc1,[N-]=[N+]=N[C@@H]1O[C@H](COCc2ccccc2)[C@@H](O)[C@H](OCc2ccccc2)[C@H]1N1C(=O)c2ccccc2C1=O,CC(=O)O[C@H]1[C@H](OCc2ccccc2)[C@@H](N2C(=O)c3ccccc3C2=O)[C@H](N=[N+]=[N-])O[C@@H]1COCc1ccccc1,thioglycoside,15,16,4,3
SG-cfa7c614ef7f7d09,cfa7c614ef7f7d09167c7b0bbae80408b155966842f57471a2d99df612e51013,1207,31-013-CAS-8252853,1207;1208,31-013-CAS-8252853;31-013-CAS-5882,2,C[C@H]1O[C@@H](Sc2ccccc2)[C@H](N=[N+]=[N-])[C@@H](OC(=O)c2ccccc2)[C@H]1N1C(=O)c2ccccc2C1=O,CC(=O)O[C@H]1[C@@H](O)[C@@H](CO[Si](c2ccccc2)(c2ccccc2)C(C)(C)C)O[C@@H](Sc2ccccc2)[C@@H]1N=[N+]=[N-],CC(=O)O[C@@H]1[C@@H](N=[N+]=[N-])[C@H](Sc2ccccc2)O[C@H](CO[Si](c2ccccc2)(c2ccccc2)C(C)(C)C)[C@@H]1OC(C)=O,thioglycoside,5,6,38,39
SG-cfb4400866c37a90,cfb4400866c37a900b95db02212f2f31ec977687ba2209ae45974c37479fdb07,816,31-013-CAS-6287649,816,31-013-CAS-6287649,1,Cc1ccc(S[C@@H]2O[C@H](COCc3ccccc3)[C@@H](OCc3ccccc3)[C@H](OCc3ccccc3)[C@H]2OC(=O)c2ccccc2)cc1,CC(=O)CCC(=O)O[C@H]1[C@H](O)[C@@H](CO[Si](c2ccccc2)(c2ccccc2)C(C)(C)C)O[C@H](O[C@H]2[C@H](OCc3ccccc3)[C@@H](OC(=O)CCC(C)=O)[C@H]3OC[C@@H]2O3)[C@@H]1N=[N+]=[N-],CC(=O)CCC(=O)O[C@@H]1[C@@H](N=[N+]=[N-])[C@@H](O[C@H]2[C@H](OCc3ccccc3)[C@@H](OC(=O)CCC(C)=O)[C@H]3OC[C@@H]2O3)O[C@H](CO[Si](c2ccccc2)(c2ccccc2)C(C)(C)C)[C@H]1OC(C)=O,thioglycoside,9,10,60,61
SG-cfc1c6ae2770fdef,cfc1c6ae2770fdefce93fd64ac7a924a0dc86183006f066017f27aa9f2edf6d2,1179,31-013-CAS-21013700,1179,31-013-CAS-21013700,1,O=C(O[C@@H]1[C@@H](OCc2ccccc2)[C@@H]2O[C@H](c3ccccc3)OC[C@H]2O[C@H]1Sc1ccccc1)c1ccccc1,CC(=O)O[C@@H]1[C@H](O)[C@H](C)O[C@@H](O[C@@H]2[C@@H](NC(=O)C(Cl)(Cl)Cl)[C@H](OCCCNC(=O)OCc3ccccc3)O[C@H](C)[C@@H]2OCc2ccccc2)[C@H]1N=[N+]=[N-],CC(=O)O[C@H]1[C@H](N=[N+]=[N-])[C@H](O[C@@H]2[C@@H](NC(=O)C(Cl)(Cl)Cl)[C@H](OCCCNC(=O)OCc3ccccc3)O[C@H](C)[C@@H]2OCc2ccccc2)O[C@@H](C)[C@H]1OC(C)=O,thioglycoside,5,6,51,52
SG-d05507b98b16c78f,d05507b98b16c78fac32b4e8d62d52703b7bdf59bfe86f2ebeef76970d9d8e70,1414,31-013-CAS-3282710,1414,31-013-CAS-3282710,1,COc1ccc(CO[C@H]2[C@@H](O[Si](c3ccccc3)(c3ccccc3)C(C)(C)C)[C@@H]3OC4(CCCCC4)OC[C@H]3O[C@@H]2SC)cc1,C=CCO[C@@H]1O[C@H](COCc2ccccc2)[C@@H](O[C@@H]2O[C@H](COCc3ccccc3)[C@@H](O)[C@H](OCc3ccccc3)[C@H]2N2C(=O)c3ccccc3C2=O)[C@H](OCc2ccccc2)[C@H]1N1C(=O)c2ccccc2C1=O,C=CCO[C@@H]1O[C@H](COCc2ccccc2)[C@@H](O[C@@H]2O[C@H](COCc3ccccc3)[C@@H](OC(C)=O)[C@H](OCc3ccccc3)[C@H]2N2C(=O)c3ccccc3C2=O)[C@H](OCc2ccccc2)[C@H]1N1C(=O)c2ccccc2C1=O,thioglycoside,30,31,30,31
SG-d09ec765626d3f87,d09ec765626d3f873317705df0b3fa58fb9a3ee3e0a6ce393dc77c6e7d628215,251,31-010-CAS-16569613,251,31-010-CAS-16569613,1,CO[C@@H]1[C@H](OC(=O)C(C)(C)C)[C@@H](OC(=O)C(C)(C)C)[C@@H](OC(=N)C(Cl)(Cl)Cl)O[C@@H]1COC(=O)C(C)(C)C,CO[C@@H]1O[C@H](COCc2ccccc2)[C@@H](O)[C@H](OC(=O)CCl)[C@H]1NC(C)=O,CO[C@@H]1O[C@H](COCc2ccccc2)[C@@H](OC(C)=O)[C@H](OC(=O)CCl)[C@H]1NC(C)=O,trichloroacetimidate,14,15,14,15
SG-d0a4d96b0a9411c3,d0a4d96b0a9411c35ecc4fb03d5e236776098f18be93cc3dc6b122b38e763dd8,189,31-010-CAS-13420392,189,31-010-CAS-13420392,1,CC(=O)OC[C@H]1O[C@H](OC(=N)C(Cl)(Cl)Cl)[C@H](OC(C)=O)[C@@H](OC(C)=O)[C@H]1OC(C)=O,C=CCO[C@@H]1O[C@H](COCc2ccccc2)[C@@H](O)[C@H](OC(=O)CCl)[C@H]1NC(C)=O,C=CCO[C@@H]1O[C@H](COCc2ccccc2)[C@@H](OC(C)=O)[C@H](OC(=O)CCl)[C@H]1NC(C)=O,trichloroacetimidate,16,17,16,17
SG-d113a6f4fbb1236f,d113a6f4fbb1236fcd484242ae01f34518c33797e9830dc0a31368f80818cf0c,24,31-010-CAS-18013624,24,31-010-CAS-18013624,1,CC(=O)OC[C@H]1O[C@@H](OC(=N)C(Cl)(Cl)Cl)[C@H](N2C(=O)c3ccccc3C2=O)[C@@H](OC(C)=O)[C@@H]1OC(C)=O,CC(C)(C)[Si](C)(C)OC[C@H]1O[C@@H](N=[N+]=[N-])[C@H](N2C(=O)c3ccccc3C2=O)[C@@H](OC(=O)c2ccccc2)[C@@H]1O,CC(=O)O[C@H]1[C@H](OC(=O)c2ccccc2)[C@@H](N2C(=O)c3ccccc3C2=O)[C@H](N=[N+]=[N-])O[C@@H]1CO[Si](C)(C)C(C)(C)C,trichloroacetimidate,37,38,4,3
SG-d146d826bcf74957,d146d826bcf7495748101b385e06409392488f72fc169223d00f71663d3b9cbf,269,31-010-CAS-6263783,269,31-010-CAS-6263783,1,CC(=O)OC[C@H]1O[C@H](OC(=N)C(Cl)(Cl)Cl)[C@H](OC(=O)C(C)(C)C)[C@@H](OC(C)=O)[C@H]1OC(C)=O,CCS[C@@H]1O[C@H](COCc2ccccc2)[C@@H](O)[C@H](OCc2ccccc2)[C@H]1N1C(=O)c2ccccc2C1=O,CCS[C@@H]1O[C@H](COCc2ccccc2)[C@@H](OC(C)=O)[C@H](OCc2ccccc2)[C@H]1N1C(=O)c2ccccc2C1=O,trichloroacetimidate,15,16,15,16
SG-d14da41cd82c39e0,d14da41cd82c39e0c91e95acd02f2cf3485bd9847c534b0314519bdeea38874b,207,31-010-CAS-14600737,207,31-010-CAS-14600737,1,CC(=O)OC[C@H]1O[C@@H](OC(=N)C(Cl)(Cl)Cl)[C@H](OC(C)=O)[C@@H](OC(C)=O)[C@H]1OC(C)=O,CC(C)(C)C(=O)OC[C@H]1O[C@@H](OCc2ccc3ccccc3c2)[C@H](N2C(=O)c3ccccc3C2=O)[C@@H](O)[C@@H]1O,CC(=O)O[C@H]1[C@H](O)[C@@H](N2C(=O)c3ccccc3C2=O)[C@H](OCc2ccc3ccccc3c2)O[C@@H]1COC(=O)C(C)(C)C,trichloroacetimidate,37,38,4,3
SG-d176bf1cc9814708,d176bf1cc9814708b48ae0e5a2297669508a0b848348d472dae6d8498b02a537,160,31-010-CAS-8349698,160,31-010-CAS-8349698,1,CC(=O)OC[C@H]1O[C@H](OC(=N)C(Cl)(Cl)Cl)[C@H](OC(C)=O)[C@@H](OC(C)=O)[C@H]1OC(C)=O,CCCCCCCCO[C@@H]1O[C@H](CO[Si](C)(C)C(C)(C)C)[C@@H](O)[C@H](O)[C@H]1N1C(=O)c2ccccc2C1=O,CCCCCCCCO[C@@H]1O[C@H](CO[Si](C)(C)C(C)(C)C)[C@@H](OC(C)=O)[C@H](O)[C@H]1N1C(=O)c2ccccc2C1=O,trichloroacetimidate,21,22,21,22
SG-d18a7d75fa1fbc12,d18a7d75fa1fbc1293b61e6955ddfb4efed9305792517fcf7d01ed4c7d7f8522,1374,31-013-CAS-15624137,1374,31-013-CAS-15624137,1,Cc1ccc(S[C@@H]2O[C@@H]3CO[C@@H](c4ccccc4)O[C@H]3[C@H](OCc3ccccc3)[C@H]2OCc2ccccc2)cc1,COc1ccc(O[C@@H]2O[C@H](COCc3ccccc3)[C@@H](O)[C@H](OC(=O)CCl)[C@H]2N2C(=O)c3ccccc3C2=O)cc1,COc1ccc(O[C@@H]2O[C@H](COCc3ccccc3)[C@@H](OC(C)=O)[C@H](OC(=O)CCl)[C@H]2N2C(=O)c3ccccc3C2=O)cc1,thioglycoside,19,20,19,20
SG-d192dfcdee62f339,d192dfcdee62f339f418aaddac36ad1946443ce8a52f50688c047cacc9333e40,879,31-013-CAS-18987290,879,31-013-CAS-18987290,1,CCS[C@H]1O[C@H]2CO[C@@H](c3ccc(OC)cc3)O[C@H]2[C@H](OCc2ccccc2)[C@H]1OCc1ccccc1,CO[C@H]1O[C@H](COCc2ccccc2)[C@@H](O)[C@H](OCc2ccccc2)[C@H]1NC(C)=O,CO[C@H]1O[C@H](COCc2ccccc2)[C@@H](OC(C)=O)[C@H](OCc2ccccc2)[C@H]1NC(C)=O,thioglycoside,14,15,14,15
SG-d1ff9b64b8ec8480,d1ff9b64b8ec84805b0cc24df0d847d5b7ee312526593b30693a1500b7d1b1af,726,31-013-CAS-14123962,726,31-013-CAS-14123962,1,CCS[C@H]1O[C@H](C)[C@@H](N=[N+]=[N-])[C@H](O[C@H]2O[C@H](C)[C@@H](N=[N+]=[N-])[C@H](OCc3ccccc3)[C@@H]2OC(C)=O)[C@@H]1OC(C)=O,CO[C@H]1O[C@H](C)[C@@H](N=[N+]=[N-])[C@H](OCc2ccccc2)[C@@H]1O[C@H]1O[C@H](C)[C@@H](N=[N+]=[N-])[C@H](OCc2ccccc2)[C@@H]1O[C@H]1O[C@H](C)[C@@H](N=[N+]=[N-])[C@H](OCc2ccccc2)[C@@H]1O,CO[C@H]1O[C@H](C)[C@@H](N=[N+]=[N-])[C@H](OCc2ccccc2)[C@@H]1O[C@H]1O[C@H](C)[C@@H](N=[N+]=[N-])[C@H](OCc2ccccc2)[C@@H]1O[C@H]1O[C@H](C)[C@@H](N=[N+]=[N-])[C@H](OCc2ccccc2)[C@@H]1OC(C)=O,thioglycoside,57,58,57,58
SG-d22b50aea78b23e8,d22b50aea78b23e884c1d8f625e320955960b54ac9cbda61c3126b6af900799f,568,31-010-CAS-6229676,568,31-010-CAS-6229676,1,CC(=O)O[C@@H]1[C@@H](O[C@@H]2C(OC(=Nc3ccccc3)C(F)(F)F)O[C@H](C)[C@@H](N=[N+]=[N-])[C@@H]2OCc2ccccc2)O[C@H](C)[C@@H](N=[N+]=[N-])[C@@H]1OCc1ccccc1,CCS[C@H]1O[C@H](C)[C@@H](N=[N+]=[N-])[C@H](OCc2ccccc2)[C@@H]1O[C@H]1O[C@H](C)[C@@H](N=[N+]=[N-])[C@H](OCc2ccccc2)[C@@H]1O,CCS[C@H]1O[C@H](C)[C@@H](N=[N+]=[N-])[C@H](OCc2ccccc2)[C@@H]1O[C@H]1O[C@H](C)[C@@H](N=[N+]=[N-])[C@H](OCc2ccccc2)[C@@H]1OC(C)=O,trifluoroacetimidate,39,40,39,40
SG-d249e1bb417f10d4,d249e1bb417f10d47fa5fdb51cf73f585766fba9519bd8395df29f3ec0737a5e,1511,31-013-CAS-19117152,1511,31-013-CAS-19117152,1,COc1ccc([C@@H]2OC[C@H]3O[C@@H](Sc4ccc(C)cc4)[C@H](OC(=O)CCC(C)=O)[C@@H](OCc4ccccc4)[C@@H]3O2)cc1,CC(=O)OC[C@H]1O[C@@H](O[C@H]2[C@H](OC(C)=O)[C@@H](N3C(=O)c4ccccc4C3=O)[C@H](N=[N+]=[N-])O[C@@H]2COC(C)=O)[C@H](N2C(=O)c3ccccc3C2=O)[C@@H](OC(C)=O)[C@@H]1O,CC(=O)OC[C@H]1O[C@@H](N=[N+]=[N-])[C@H](N2C(=O)c3ccccc3C2=O)[C@@H](OC(C)=O)[C@@H]1O[C@@H]1O[C@H](COC(C)=O)[C@@H](OC(C)=O)[C@H](OC(C)=O)[C@H]1N1C(=O)c2ccccc2C1=O,thioglycoside,55,56,38,39
SG-d24bd67ecd2f98b2,d24bd67ecd2f98b23f185620b1893d18e549c2133a729340b41bb5b61367ea0f,679,31-013-CAS-20074845,679;680,31-013-CAS-20074845;31-013-CAS-17381425,2,CCS[C@H]1O[C@H](C)[C@@H](N=[N+]=[N-])[C@H](OCc2ccccc2)[C@@H]1O[C@H]1O[C@H](C)[C@@H](N=[N+]=[N-])[C@H](OC(=O)c2ccccc2)[C@@H]1OC(=O)c1ccccc1,COC(=O)CCCCCO[C@H]1O[C@H](C)[C@@H](N=[N+]=[N-])[C@H](OCc2ccccc2)[C@@H]1O,COC(=O)CCCCCO[C@H]1O[C@H](C)[C@@H](N=[N+]=[N-])[C@H](OCc2ccccc2)[C@@H]1OC(C)=O,thioglycoside,27,28,27,28
SG-d2618bbba43cbf19,d2618bbba43cbf1983777d2f7e480fc48340319cc0cdc47fdd89d14de5b972e7,435,31-010-CAS-21359660,435;436,31-010-CAS-21359660;31-010-CAS-14174102,2,COC(=O)[C@H]1OC(OC(=N)C(Cl)(Cl)Cl)[C@H](OCc2ccccc2)[C@@H](OCc2ccccc2)[C@@H]1O[C@H]1O[C@H](COC(=O)c2ccccc2)[C@@H](OCc2ccccc2)[C@H](OCc2ccccc2)[C@H]1N=[N+]=[N-],COc1ccc(CO[C@H]2[C@H](O)[C@@H](COc3ccc(OC)cc3)O[C@@H](O[Si](c3ccccc3)(c3ccccc3)C(C)(C)C)[C@@H]2N=[N+]=[N-])cc1,COc1ccc(CO[C@@H]2[C@@H](N=[N+]=[N-])[C@H](O[Si](c3ccccc3)(c3ccccc3)C(C)(C)C)O[C@H](COc3ccc(OC)cc3)[C@H]2OC(C)=O)cc1,trichloroacetimidate,9,10,44,45
SG-d26edd16cb467c21,d26edd16cb467c21dc85839ba35995b14129e64f3f7bdd87dbf66b521f681893,1012,31-013-CAS-21905508,1012,31-013-CAS-21905508,1,CCS[C@@H]1O[C@@H]2CO[C@@H](c3ccccc3)O[C@H]2[C@H](OCc2ccccc2)[C@H]1OC(C)=O,CC(=O)N[C@H]1[C@@H](OCCN=[N+]=[N-])O[C@H](COCc2ccc3ccccc3c2)[C@@H](O)[C@@H]1OCc1ccccc1,CC(=O)N[C@H]1[C@@H](OCCN=[N+]=[N-])O[C@H](COCc2ccc3ccccc3c2)[C@@H](OC(C)=O)[C@@H]1OCc1ccccc1,thioglycoside,27,28,27,28
SG-d275287ff4b52a20,d275287ff4b52a20dcd7c3283b761c3675348f2f5b98016515be5792584b1d10,334,31-010-CAS-21359677,334;335,31-010-CAS-21359677;31-010-CAS-1287355,2,COC(=O)[C@H]1OC(OC(=N)C(Cl)(Cl)Cl)[C@H](OC(=O)c2ccccc2)[C@@H](OCc2ccccc2)[C@@H]1O[C@H]1O[C@H](COC(=O)c2ccccc2)[C@@H](OCc2ccccc2)[C@H](OCc2ccccc2)[C@H]1N=[N+]=[N-],COc1ccc(COC[C@H]2O[C@@H](O[Si](c3ccccc3)(c3ccccc3)C(C)(C)C)[C@H](N=[N+]=[N-])[C@@H](OCc3ccc(OC)cc3)[C@@H]2O)cc1,COc1ccc(COC[C@H]2O[C@@H](O[Si](c3ccccc3)(c3ccccc3)C(C)(C)C)[C@H](N=[N+]=[N-])[C@@H](OCc3ccc(OC)cc3)[C@@H]2OC(C)=O)cc1,trichloroacetimidate,45,46,45,46
SG-d32398f7f58daace,d32398f7f58daace3084d616853c1f07e56519bb8681a321d2fc84a2fa931682,1426,31-614-CAS-28293923,1426,31-614-CAS-28293923,1,COc1ccc(CO[C@H]2[C@@H](OC(=O)CCl)[C@@H](CN3C(=O)c4ccccc4C3=O)O[C@@H](Sc3ccccc3)[C@@H]2N2C(=O)c3ccccc3C2=O)cc1,COc1ccc(CO[C@H]2[C@@H](O)[C@@H](CN3C(=O)c4ccccc4C3=O)O[C@@H](O[C@@H]3[C@H](OCc4ccc(OC)cc4)[C@@H](N4C(=O)c5ccccc5C4=O)[C@H](O[C@@H]4[C@H](OCc5ccc(OC)cc5)[C@@H](N5C(=O)c6ccccc6C5=O)[C@H](OC)O[C@@H]4CN4C(=O)c5ccccc5C4=O)O[C@@H]3CN3C(=O)c4ccccc4C3=O)[C@@H]2N2C(=O)c3ccccc3C2=O)cc1,COc1ccc(CO[C@H]2[C@@H](OC(C)=O)[C@@H](CN3C(=O)c4ccccc4C3=O)O[C@@H](O[C@@H]3[C@H](OCc4ccc(OC)cc4)[C@@H](N4C(=O)c5ccccc5C4=O)[C@H](O[C@@H]4[C@H](OCc5ccc(OC)cc5)[C@@H](N5C(=O)c6ccccc6C5=O)[C@H](OC)O[C@@H]4CN4C(=O)c5ccccc5C4=O)O[C@@H]3CN3C(=O)c4ccccc4C3=O)[C@@H]2N2C(=O)c3ccccc3C2=O)cc1,thioglycoside,9,10,9,10
SG-d39f5ab838c35201,d39f5ab838c35201c70bf672eabd4db17aa167aee29c007b8d381395eee6746d,698,31-013-CAS-17243080,698,31-013-CAS-17243080,1,CCS[C@@H]1O[C@H](COCc2ccccc2)[C@@H](OCc2ccccc2)[C@H](OCc2ccccc2)[C@H]1OC(=O)CCC(C)=O,CC(=O)O[C@@H]1[C@H](O)[C@H](C)O[C@@H](O[Si](C)(C)C(C)(C)C(C)C)[C@H]1N=[N+]=[N-],CC(=O)O[C@H]1[C@H](N=[N+]=[N-])[C@H](O[Si](C)(C)C(C)(C)C(C)C)O[C@@H](C)[C@H]1OC(C)=O,thioglycoside,5,6,23,24
SG-d3a8de442c372657,d3a8de442c3726574ba8f050532007ffba787b39e8b2ff23bd077d8a9ed47b20,1022,31-013-CAS-13410195,1022,31-013-CAS-13410195,1,COc1ccc(CO[C@H]2[C@@H](OCc3ccccc3)[C@@H](COCc3ccccc3)O[C@@H](Sc3ccc(C)cc3)[C@@H]2OC(=O)CCC(C)=O)cc1,COC(=O)CCCCCS[C@@H]1O[C@H](COCc2ccccc2)[C@@H](O)[C@H](OC(C)=O)[C@H]1NC(=O)OCC(Cl)(Cl)Cl,COC(=O)CCCCCS[C@@H]1O[C@H](COCc2ccccc2)[C@@H](OC(C)=O)[C@H](OC(C)=O)[C@H]1NC(=O)OCC(Cl)(Cl)Cl,thioglycoside,22,23,22,23
SG-d3fa73affee333f4,d3fa73affee333f4d0f38970f4d3d775225bc7d2481a3d328891391f523e5fa0,768,31-013-CAS-21359760,768;769,31-013-CAS-21359760;31-013-CAS-14625814,2,COC(=O)[C@H]1O[C@@H](O[C@H]2[C@H](OCc3ccc(OC)cc3)[C@@H](N=[N+]=[N-])[C@@H](O[C@H]3[C@H](OCc4ccccc4)[C@@H](OC(=O)c4ccccc4)[C@@H](Sc4ccc(C)cc4)O[C@H]3C(=O)OC)O[C@@H]2COC(=O)c2ccccc2)[C@H](OCc2ccccc2)[C@@H](OCc2ccccc2)[C@@H]1O[C@H]1O[C@H](COC(=O)c2ccccc2)[C@@H](OCc2ccccc2)[C@H](OCc2ccccc2)[C@H]1N=[N+]=[N-],CO[C@H]1O[C@H](COC(=O)c2ccccc2)[C@@H](O)[C@H](OCc2ccccc2)[C@H]1N=[N+]=[N-],CO[C@H]1O[C@H](COC(=O)c2ccccc2)[C@@H](OC(C)=O)[C@H](OCc2ccccc2)[C@H]1N=[N+]=[N-],thioglycoside,15,16,15,16
SG-d41f469fbde36903,d41f469fbde36903afb03dce7e7ec7eb4f5b2259dc62c3ebe2c6986a6236c0d7,1490,31-013-CAS-7630111,1490,31-013-CAS-7630111,1,O=C1c2ccccc2C(=O)N1[C@@H]1[C@@H](OCc2ccccc2)[C@@H]2O[C@H](c3ccccc3)OC[C@H]2O[C@H]1Sc1ccccc1,CC(=O)OC(CF)C[C@@H]1O[C@H](COCc2ccccc2)[C@@H](O)[C@H](OCc2ccccc2)[C@H]1N1C(=O)c2ccccc2C1=O,CC(=O)OC(CF)C[C@@H]1O[C@H](COCc2ccccc2)[C@@H](OC(C)=O)[C@H](OCc2ccccc2)[C@H]1N1C(=O)c2ccccc2C1=O,thioglycoside,20,21,20,21
SG-d41f8024db57c933,d41f8024db57c9334736f0ab0edfd8997a6422f23a700b23fa8c121b80d3d8e6,1042,31-013-CAS-2224404,1042,31-013-CAS-2224404,1,CCS[C@@H]1O[C@@H]2CO[C@@H](c3cccc4ccccc34)O[C@H]2[C@H](OCc2ccccc2)[C@H]1OC(=O)c1ccccc1,COc1ccc(OC[C@H]2O[C@H](OC)[C@H](NC(=O)OCc3ccccc3)[C@@H](OCc3ccccc3)[C@@H]2O)cc1,COc1ccc(OC[C@H]2O[C@H](OC)[C@H](NC(=O)OCc3ccccc3)[C@@H](OCc3ccccc3)[C@@H]2OC(C)=O)cc1,thioglycoside,34,35,34,35
SG-d422706c6d6d7490,d422706c6d6d7490469e8980f785571de567084670fb905cf2b0a0f4bda5280b,578,31-614-CAS-41430052,578,31-614-CAS-41430052,1,O=C(O[C@H]1C(OC(=Nc2ccccc2)C(F)(F)F)O[C@@H]2CO[C@@H](c3ccccc3)O[C@H]2[C@@H]1OCc1ccccc1)c1ccccc1,COc1ccc(O[C@@H]2O[C@H](CO[Si](c3ccccc3)(c3ccccc3)C(C)(C)C)[C@@H](O)[C@H](OCc3ccc(Br)cc3)[C@H]2N=[N+]=[N-])cc1,COc1ccc(O[C@@H]2O[C@H](CO[Si](c3ccccc3)(c3ccccc3)C(C)(C)C)[C@@H](OC(C)=O)[C@H](OCc3ccc(Br)cc3)[C@H]2N=[N+]=[N-])cc1,trifluoroacetimidate,29,30,29,30
SG-d492a7eec0a9652e,d492a7eec0a9652e981e43ef388c3744097438cdf83618aebfb1fdc138312c5f,456,31-010-CAS-17642151,456,31-010-CAS-17642151,1,CC(C)(C)C(=O)O[C@@H]1[C@@H](O[C@@H]2[C@@H](OC[C@H]3OC(OC(=N)C(Cl)(Cl)Cl)[C@@H](OCc4ccccc4)[C@@H](OCc4ccccc4)[C@@H]3OCc3ccccc3)O[C@H](COCc3ccccc3)[C@@H](OCc3ccccc3)[C@@H]2OCc2ccccc2)O[C@H](COCc2ccccc2)[C@@H](OCc2ccccc2)[C@@H]1OCc1ccccc1,C=CCO[C@@H]1[C@H](OCc2ccccc2)[C@@H](OCc2ccccc2)[C@H](OCc2ccccc2)[C@@H](OCc2ccccc2)[C@H]1O[C@H]1O[C@H](COCc2ccccc2)[C@@H](O)[C@H](OCc2ccccc2)[C@H]1N=[N+]=[N-],C=CCO[C@@H]1[C@H](OCc2ccccc2)[C@@H](OCc2ccccc2)[C@H](OCc2ccccc2)[C@@H](OCc2ccccc2)[C@H]1O[C@H]1O[C@H](COCc2ccccc2)[C@@H](OC(C)=O)[C@H](OCc2ccccc2)[C@H]1N=[N+]=[N-],trichloroacetimidate,55,56,55,56
SG-d49f57f18d2dfbcb,d49f57f18d2dfbcb7507b57aa190fa051b8a8a4e4a18372689e75b08e409ed77,437,31-010-CAS-21359675,437;438,31-010-CAS-21359675;31-010-CAS-5259024,2,COC(=O)[C@H]1OC(OC(=N)C(Cl)(Cl)Cl)[C@H](OC(=O)c2ccccc2)[C@@H](OCc2ccccc2)[C@@H]1O[C@H]1O[C@H](COCc2ccc(OC)cc2)[C@@H](OCc2ccccc2)[C@H](OCc2ccccc2)[C@H]1N=[N+]=[N-],COc1ccc(CO[C@H]2[C@H](O)[C@@H](COc3ccc(OC)cc3)O[C@@H](O[Si](c3ccccc3)(c3ccccc3)C(C)(C)C)[C@@H]2N=[N+]=[N-])cc1,COc1ccc(CO[C@@H]2[C@@H](N=[N+]=[N-])[C@H](O[Si](c3ccccc3)(c3ccccc3)C(C)(C)C)O[C@H](COc3ccc(OC)cc3)[C@H]2OC(C)=O)cc1,trichloroacetimidate,9,10,44,45
SG-d4ea71283bbf800a,d4ea71283bbf800ac10bb1c053b953336a27a0310a45224d6c37f9bf616868b7,1194,31-013-CAS-3504486,1194,31-013-CAS-3504486,1,CCS[C@@H]1O[C@H](COC(C)=O)[C@H](OC(C)=O)[C@H](OC(C)=O)[C@H]1N1C(=O)c2ccccc2C1=O,C[Si](C)(C)CCO[C@@H]1O[C@H](COCc2ccccc2)[C@@H](O)[C@H](O)[C@H]1N1C(=O)c2ccccc2C1=O,CC(=O)O[C@H]1[C@H](O)[C@@H](N2C(=O)c3ccccc3C2=O)[C@H](OCC[Si](C)(C)C)O[C@@H]1COCc1ccccc1,thioglycoside,19,20,4,3
SG-d513aa2de26617af,d513aa2de26617afca9e0759c42712166cd114389e43a65a95f384bfcc7b6ce8,1146,31-614-CAS-39596688,1146,31-614-CAS-39596688,1,CCS[C@H]1O[C@@H](C)[C@@H](OCc2ccccc2)[C@@H](OCc2ccccc2)[C@@H]1OCc1ccccc1,CC(=O)N[C@H]1[C@H](OCCCCCCCCCCl)O[C@H](COCc2ccccc2)[C@@H](OC(=O)OCC2c3ccccc3-c3ccccc32)[C@@H]1O[C@@H]1O[C@H](COC(C)=O)[C@H](OC(C)=O)[C@H](O[C@@H]2O[C@H](COCc3ccccc3)[C@@H](O)[C@H](OC(C)=O)[C@H]2NC(C)=O)[C@H]1OC(C)=O,CC(=O)N[C@H]1[C@H](O[C@H]2[C@@H](OC(C)=O)[C@@H](COC(C)=O)O[C@@H](O[C@@H]3[C@@H](NC(C)=O)[C@H](OCCCCCCCCCCl)O[C@H](COCc4ccccc4)[C@H]3OC(=O)OCC3c4ccccc4-c4ccccc43)[C@@H]2OC(C)=O)O[C@H](COCc2ccccc2)[C@@H](OC(C)=O)[C@@H]1OC(C)=O,thioglycoside,76,77,86,87
SG-d53f0925f45d3639,d53f0925f45d36394513d817c9b274ef23faf26cc60742eb231bd9b3d76cf68c,36,31-010-CAS-4980852,36,31-010-CAS-4980852,1,CC(=O)OC[C@H]1O[C@H](OC(=N)C(Cl)(Cl)Cl)[C@H](NC(=O)C(Cl)(Cl)Cl)[C@@H](OC(C)=O)[C@@H]1OC(C)=O,C=CCOC[C@H]1O[C@@H](OCc2ccccc2)[C@H](N=[N+]=[N-])[C@@H](OCc2ccccc2)[C@@H]1O,C=CCOC[C@H]1O[C@@H](OCc2ccccc2)[C@H](N=[N+]=[N-])[C@@H](OCc2ccccc2)[C@@H]1OC(C)=O,trichloroacetimidate,29,30,29,30
SG-d53f285939b45259,d53f285939b45259615a3f3489534264938aeff13d90cc7c8312717c9e237173,1337,31-013-CAS-1202577,1337;1338,31-013-CAS-1202577;31-013-CAS-2162186,2,COc1ccc(CO[C@H]2[C@@H](O[Si](c3ccccc3)(c3ccccc3)C(C)(C)C)[C@@H]3OC4(CCCCC4)OC[C@H]3O[C@@H]2SC)cc1,O=C1c2ccccc2C(=O)N1[C@@H]1[C@@H](OCc2ccccc2)[C@H](O)[C@@H](COCc2ccccc2)O[C@H]1F,CC(=O)O[C@H]1[C@H](OCc2ccccc2)[C@@H](N2C(=O)c3ccccc3C2=O)[C@H](F)O[C@@H]1COCc1ccccc1,thioglycoside,21,22,4,3
SG-d56f4db4e1bdb6a9,d56f4db4e1bdb6a9c794c456e6b69ef9f448e09d26ab6b126570f580283d57d8,11,31-010-CAS-11415296,11,31-010-CAS-11415296,1,COC(=O)[C@@H]1OC(OC(=N)C(Cl)(Cl)Cl)[C@H](OC(C)=O)[C@@H](OCc2ccccc2)[C@@H]1OC(=O)CCC(C)=O,CC(=O)OC[C@H]1O[C@@H](O[Si](C)(C)C(C)(C)C)[C@H](N=[N+]=[N-])[C@@H](OCc2ccccc2)[C@@H]1O,CC(=O)OC[C@H]1O[C@@H](O[Si](C)(C)C(C)(C)C)[C@H](N=[N+]=[N-])[C@@H](OCc2ccccc2)[C@@H]1OC(C)=O,trichloroacetimidate,29,30,29,30
SG-d57c94f43a936b67,d57c94f43a936b6734745dfed858640cbcf40946a34fb041a3c37f0ec01ed3e7,527,31-010-CAS-10545007,527,31-010-CAS-10545007,1,CC(=O)OC[C@H]1O[C@H](O[C@H]2[C@H](OCc3ccccc3)[C@@H](OC(=O)c3ccccc3)C(OC(=N)C(Cl)(Cl)Cl)O[C@H]2COC(=O)CCl)[C@H](N=[N+]=[N-])[C@@H](OCc2ccccc2)[C@@H]1OC(=O)OCC1c2ccccc2-c2ccccc21,COc1ccc(O[C@@H]2O[C@@H](COC(=O)CCl)[C@@H](O[C@H]3O[C@H](COC(C)=O)[C@@H](O[C@@H]4O[C@@H](COC(=O)CCl)[C@@H](O[C@H]5O[C@H](COC(C)=O)[C@@H](O[C@@H]6O[C@@H](COC(=O)CCl)[C@@H](O[C@H]7O[C@H](COC(C)=O)[C@@H](O)[C@H](OCc8ccccc8)[C@H]7N=[N+]=[N-])[C@H](OCc7ccccc7)[C@H]6OC(=O)c6ccccc6)[C@H](OCc6ccccc6)[C@H]5N=[N+]=[N-])[C@H](OCc5ccccc5)[C@H]4OC(=O)c4ccccc4)[C@H](OCc4ccccc4)[C@H]3N=[N+]=[N-])[C@H](OCc3ccccc3)[C@H]2OC(=O)c2ccccc2)cc1,COc1ccc(O[C@@H]2O[C@@H](COC(=O)CCl)[C@@H](O[C@H]3O[C@H](COC(C)=O)[C@@H](O[C@@H]4O[C@@H](COC(=O)CCl)[C@@H](O[C@H]5O[C@H](COC(C)=O)[C@@H](O[C@@H]6O[C@@H](COC(=O)CCl)[C@@H](O[C@H]7O[C@H](COC(C)=O)[C@@H](OC(C)=O)[C@H](OCc8ccccc8)[C@H]7N=[N+]=[N-])[C@H](OCc7ccccc7)[C@H]6OC(=O)c6ccccc6)[C@H](OCc6ccccc6)[C@H]5N=[N+]=[N-])[C@H](OCc5ccccc5)[C@H]4OC(=O)c4ccccc4)[C@H](OCc4ccccc4)[C@H]3N=[N+]=[N-])[C@H](OCc3ccccc3)[C@H]2OC(=O)c2ccccc2)cc1,trichloroacetimidate,68,69,68,69
SG-d58ab4c7e4a1c666,d58ab4c7e4a1c6661e8b354cf0019df1cf461cda723d5a287fde6d6601c2c945,283,31-010-CAS-8507735,283,31-010-CAS-8507735,1,CC(=O)OC[C@H]1O[C@@H](OC(=N)C(Cl)(Cl)Cl)[C@H](N2C(=O)c3ccccc3C2=O)[C@@H](OC(C)=O)[C@@H]1OC(C)=O,COc1ccc(COC[C@H]2O[C@@H](OCc3ccc(OC)cc3)[C@H](N3C(=O)c4ccccc4C3=O)[C@@H](OCc3ccc(OC)cc3)[C@@H]2O)cc1,COc1ccc(COC[C@H]2O[C@@H](OCc3ccc(OC)cc3)[C@H](N3C(=O)c4ccccc4C3=O)[C@@H](OCc3ccc(OC)cc3)[C@@H]2OC(C)=O)cc1,trichloroacetimidate,45,46,45,46
SG-d5aeb468a977f454,d5aeb468a977f4544c6e37c46f317bef8d604df43e8c13d1199c056dadf3d883,850,31-013-CAS-19733120,850,31-013-CAS-19733120,1,CC(=O)CCC(=O)OC[C@@H]1O[C@@H](Sc2ccc(C)cc2)[C@H](OC(=O)c2ccccc2)[C@@H](OCc2ccccc2)[C@@H]1O[C@H]1O[C@H](COC(C)=O)[C@@H](OCc2ccccc2)[C@H](OCc2ccccc2)[C@H]1N=[N+]=[N-],CC(=O)CCC(=O)OC[C@@H]1O[C@@H](Sc2ccc(C)cc2)[C@H](OC(=O)c2ccccc2)[C@@H](OCc2ccccc2)[C@@H]1O[C@H]1O[C@H](COC(C)=O)[C@@H](O)[C@H](OCc2ccccc2)[C@H]1N=[N+]=[N-],CC(=O)CCC(=O)OC[C@@H]1O[C@@H](Sc2ccc(C)cc2)[C@H](OC(=O)c2ccccc2)[C@@H](OCc2ccccc2)[C@@H]1O[C@H]1O[C@H](COC(C)=O)[C@@H](OC(C)=O)[C@H](OCc2ccccc2)[C@H]1N=[N+]=[N-],thioglycoside,49,50,49,50
SG-d5e8e7c96e5d574b,d5e8e7c96e5d574baef6e46d2384db20451ddf80a911b36badf0f66ab6c86bee,1252,31-013-CAS-2000335,1252,31-013-CAS-2000335,1,COC(=O)[C@@]1(O[C@H]2[C@@H](OC(C)=O)[C@@H](COC(C)=O)O[C@@H](SC)[C@@H]2OC(=O)c2ccccc2)C[C@H](OC(C)=O)[C@@H](NC(C)=O)[C@H]([C@H](OC(C)=O)[C@@H](COC(C)=O)OC(C)=O)O1,COc1ccc(OC[C@H]2O[C@@H](O[C@H]3[C@@H](OCc4ccccc4)[C@@H](COCc4ccccc4)O[C@@H](O[C@H]4[C@H](OCc5ccccc5)[C@@H](OCc5ccccc5)[C@H](OCC[Si](C)(C)C)O[C@@H]4COCc4ccccc4)[C@@H]3OCc3ccccc3)[C@H](NC(C)=O)[C@@H](O[C@@H]3O[C@@H](C)[C@@H](OCc4ccccc4)[C@@H](OCc4ccccc4)[C@@H]3OCc3ccccc3)[C@@H]2O)cc1,COc1ccc(OC[C@H]2O[C@@H](O[C@H]3[C@@H](OCc4ccccc4)[C@@H](COCc4ccccc4)O[C@@H](O[C@H]4[C@H](OCc5ccccc5)[C@@H](OCc5ccccc5)[C@H](OCC[Si](C)(C)C)O[C@@H]4COCc4ccccc4)[C@@H]3OCc3ccccc3)[C@H](NC(C)=O)[C@@H](O[C@@H]3O[C@@H](C)[C@@H](OCc4ccccc4)[C@@H](OCc4ccccc4)[C@@H]3OCc3ccccc3)[C@@H]2OC(C)=O)cc1,thioglycoside,120,121,120,121
SG-d639f7dab201fde7,d639f7dab201fde7d2ee9bf26d46c0dfad3c0fd983050130d35e972e8752b6c4,380,31-010-CAS-7551010,380;522,31-010-CAS-7551010;31-010-CAS-5970541,2,N=C(O[C@@H]1O[C@H](COCc2ccccc2)[C@@H](O[C@@H]2O[C@H](CO[C@H]3O[C@H](COCc4ccccc4)[C@@H](OCc4ccccc4)[C@H](OCc4ccccc4)[C@@H]3OCc3ccccc3)[C@@H](OCc3ccccc3)[C@H](O[C@H]3O[C@H](COCc4ccccc4)[C@@H](OCc4ccccc4)[C@H](OCc4ccccc4)[C@@H]3OCc3ccccc3)[C@@H]2OCc2ccccc2)[C@H](OCc2ccccc2)[C@H]1N1C(=O)c2ccccc2C1=O)C(Cl)(Cl)Cl,COc1ccc(O[C@@H]2O[C@H](COCc3ccccc3)[C@@H](O)[C@H](OCc3ccccc3)[C@H]2N2C(=O)c3ccccc3C2=O)cc1,COc1ccc(O[C@@H]2O[C@H](COCc3ccccc3)[C@@H](OC(C)=O)[C@H](OCc3ccccc3)[C@H]2N2C(=O)c3ccccc3C2=O)cc1,trichloroacetimidate,19,20,19,20
SG-d65619ca15610f00,d65619ca15610f00d2d04daf807831ff2c0c25f528dfc5d42785e7fc72ac3375,837,31-614-CAS-38307143,837,31-614-CAS-38307143,1,CCS[C@@H]1O[C@H](COC(C)=O)[C@H](OC(C)=O)[C@H](OC(C)=O)[C@H]1OC(C)=O,CC(=O)N[C@H]1[C@H](OCCCNC(=O)C(F)(F)F)O[C@H](COCc2ccccc2)[C@@H](O)[C@@H]1OC(C)=O,CC(=O)N[C@H]1[C@H](OCCCNC(=O)C(F)(F)F)O[C@H](COCc2ccccc2)[C@@H](OC(C)=O)[C@@H]1OC(C)=O,thioglycoside,28,29,28,29
SG-d7023d83d7a19259,d7023d83d7a19259c28ccbe8ae73fe349e6b208b2bb86d4cbd6508483780393e,545,31-010-CAS-16396095,545,31-010-CAS-16396095,1,CC(=O)O[C@H]1[C@H](OCc2ccccc2)[C@@H](N2C(=O)c3ccccc3C2=O)[C@H](O[C@H]2[C@H](OCc3ccccc3)[C@@H](N3C(=O)c4ccccc4C3=O)[C@H](OC(=N)C(Cl)(Cl)Cl)O[C@@H]2COCc2ccccc2)O[C@@H]1COCc1ccccc1,[N-]=[N+]=NCCO[C@@H]1O[C@H](COCc2ccccc2)[C@@H](O[C@@H]2O[C@H](COCc3ccccc3)[C@@H](O[C@@H]3O[C@H](COCc4ccccc4)[C@@H](O)[C@H](OCc4ccccc4)[C@H]3N3C(=O)c4ccccc4C3=O)[C@H](OCc3ccccc3)[C@H]2N2C(=O)c3ccccc3C2=O)[C@H](OCc2ccccc2)[C@H]1N1C(=O)c2ccccc2C1=O,CC(=O)O[C@H]1[C@H](OCc2ccccc2)[C@@H](N2C(=O)c3ccccc3C2=O)[C@H](O[C@H]2[C@H](OCc3ccccc3)[C@@H](N3C(=O)c4ccccc4C3=O)[C@H](O[C@H]3[C@H](OCc4ccccc4)[C@@H](N4C(=O)c5ccccc5C4=O)[C@H](OCCN=[N+]=[N-])O[C@@H]3COCc3ccccc3)O[C@@H]2COCc2ccccc2)O[C@@H]1COCc1ccccc1,trichloroacetimidate,46,47,4,3
SG-d7097387a2ea36f2,d7097387a2ea36f221e05104af8ecf356d11ff9d83d26fd0f46732291749d173,96,31-010-CAS-7424216,96,31-010-CAS-7424216,1,CC(=O)OC[C@H]1O[C@@H](OC(=N)C(Cl)(Cl)Cl)[C@H](N2C(=O)COCC2=O)[C@@H](OC(C)=O)[C@@H]1OC(C)=O,CC(C)C(C)(C)[Si](C)(C)O[C@@H]1O[C@H](COCc2ccccc2)[C@@H](O)[C@H](OCc2ccccc2)[C@H]1N=[N+]=[N-],CC(=O)O[C@H]1[C@H](OCc2ccccc2)[C@@H](N=[N+]=[N-])[C@H](O[Si](C)(C)C(C)(C)C(C)C)O[C@@H]1COCc1ccccc1,trichloroacetimidate,22,23,4,3
SG-d72a836b11ef550a,d72a836b11ef550ae924408de73692596cc427c968a53114fad150a5fd6cfce0,1198,31-013-CAS-21555453,1198,31-013-CAS-21555453,1,CCS[C@H]1O[C@@H]2COC3(CCCCC3)O[C@H]2[C@H](O[Si](C(C)C)(C(C)C)C(C)C)[C@@H]1OCc1ccc2ccccc2c1,CCCCO[C@@H]1O[C@H](COCc2ccccc2)[C@@H](O)[C@H](OCc2ccccc2)[C@H]1N1C(=O)c2ccccc2C1=O,CCCCO[C@@H]1O[C@H](COCc2ccccc2)[C@@H](OC(C)=O)[C@H](OCc2ccccc2)[C@H]1N1C(=O)c2ccccc2C1=O,thioglycoside,17,18,17,18
SG-d74bcd708c33d154,d74bcd708c33d1544e68746104d560ae56b85e16a49cb1a70ef66202a7a94911,525,31-010-CAS-1357773,525,31-010-CAS-1357773,1,CC(=O)OC[C@H]1O[C@H](O[C@H]2[C@H](OCc3ccccc3)[C@@H](OC(=O)c3ccccc3)C(OC(=N)C(Cl)(Cl)Cl)O[C@H]2COC(=O)CCl)[C@H](N=[N+]=[N-])[C@@H](OCc2ccccc2)[C@@H]1OCc1ccccc1,COc1ccc(O[C@@H]2O[C@H](COC(=O)CCl)[C@@H](O[C@H]3O[C@H](COC(C)=O)[C@@H](O[C@@H]4O[C@@H](COC(=O)CCl)[C@@H](O[C@H]5O[C@H](COC(C)=O)[C@@H](O[C@@H]6O[C@H](COC(=O)CCl)[C@@H](O[C@H]7O[C@H](COC(C)=O)[C@@H](O)[C@H](OCc8ccccc8)[C@H]7N=[N+]=[N-])[C@H](OCc7ccccc7)[C@H]6OC(=O)c6ccccc6)[C@H](OCc6ccccc6)[C@H]5N=[N+]=[N-])[C@H](OCc5ccccc5)[C@H]4OC(=O)c4ccccc4)[C@H](OCc4ccccc4)[C@H]3N=[N+]=[N-])[C@H](OCc3ccccc3)[C@H]2OC(=O)c2ccccc2)cc1,COc1ccc(O[C@@H]2O[C@H](COC(=O)CCl)[C@@H](O[C@H]3O[C@H](COC(C)=O)[C@@H](O[C@@H]4O[C@@H](COC(=O)CCl)[C@@H](O[C@H]5O[C@H](COC(C)=O)[C@@H](O[C@@H]6O[C@H](COC(=O)CCl)[C@@H](O[C@H]7O[C@H](COC(C)=O)[C@@H](OC(C)=O)[C@H](OCc8ccccc8)[C@H]7N=[N+]=[N-])[C@H](OCc7ccccc7)[C@H]6OC(=O)c6ccccc6)[C@H](OCc6ccccc6)[C@H]5N=[N+]=[N-])[C@H](OCc5ccccc5)[C@H]4OC(=O)c4ccccc4)[C@H](OCc4ccccc4)[C@H]3N=[N+]=[N-])[C@H](OCc3ccccc3)[C@H]2OC(=O)c2ccccc2)cc1,trichloroacetimidate,68,69,68,69
SG-d74e0646e26f0c64,d74e0646e26f0c64146f6f084c75e76d3bbe45f67b4d8fe4b1c4dc16db5d11a1,1422,31-013-CAS-21944308,1422,31-013-CAS-21944308,1,COc1ccc(COC[C@H]2O[C@@H](O[C@H]3[C@H](OCc4ccccc4)[C@@H](N4C(=O)c5ccccc5C4=O)[C@H](Sc4ccccc4)O[C@@H]3COCc3ccccc3)[C@@H](OCc3ccccc3)[C@@H](OCc3ccc(OC)cc3)[C@@H]2OCc2ccccc2)cc1,C[C@@H]1O[C@@H](OC[C@H]2O[C@@H](OCc3ccccc3)[C@H](N3C(=O)c4ccccc4C3=O)[C@@H](OCc3ccccc3)[C@@H]2O)[C@@H](OCc2ccccc2)[C@H](OCc2ccccc2)[C@@H]1OCc1ccccc1,CC(=O)O[C@H]1[C@H](OCc2ccccc2)[C@@H](N2C(=O)c3ccccc3C2=O)[C@H](OCc2ccccc2)O[C@@H]1CO[C@@H]1O[C@@H](C)[C@@H](OCc2ccccc2)[C@@H](OCc2ccccc2)[C@@H]1OCc1ccccc1,thioglycoside,38,39,4,3
SG-d7556116b4fa79e6,d7556116b4fa79e662a1068a2ac399cc5af7cccd79796b5632602174354dd191,1128,31-013-CAS-12025130,1128,31-013-CAS-12025130,1,CCS[C@@H]1O[C@H](COC(C)=O)[C@@H](OC(C)=O)[C@H](OC(C)=O)[C@H]1N1C(=O)c2ccccc2C1=O,CO[C@H]1O[C@H](COC(=O)c2ccccc2)[C@@H](O)[C@H](OCc2ccccc2)[C@@H]1N=[N+]=[N-],CO[C@H]1O[C@H](COC(=O)c2ccccc2)[C@@H](OC(C)=O)[C@H](OCc2ccccc2)[C@@H]1N=[N+]=[N-],thioglycoside,15,16,15,16
SG-d766d4c9106e52ce,d766d4c9106e52cebb5f5b3cac7245046a67f068c039a6f1149039842533afc0,1547,31-013-CAS-11151410,1547,31-013-CAS-11151410,1,CC(=O)OC[C@H]1O[C@@H](Sc2ccccc2)[C@H](OC(C)=O)[C@@H](OC(C)=O)[C@H]1OC(C)=O,C[C@H]1C[C@@H](OCc2ccccc2)[C@H](OCc2ccccc2)[C@H](O[C@H]2[C@H](O)[C@@H](COCc3ccccc3)O[C@@H](NC(=O)c3ccccc3)[C@@H]2N2C(=O)c3ccccc3C2=O)O1,CC(=O)O[C@H]1[C@H](O[C@@H]2O[C@@H](C)C[C@@H](OCc3ccccc3)[C@@H]2OCc2ccccc2)[C@@H](N2C(=O)c3ccccc3C2=O)[C@H](NC(=O)c2ccccc2)O[C@@H]1COCc1ccccc1,thioglycoside,24,25,4,3
SG-d7949ae2abc6184e,d7949ae2abc6184ef7747a7f6229612806d08a03ff1309abd91fea0e9ddf94e0,1164,31-013-CAS-11511551,1164,31-013-CAS-11511551,1,CC(=O)CCC(=O)OC[C@@H]1O[C@@H](Sc2ccc(C)cc2)[C@H](OC(=O)c2ccccc2)[C@@H](OCc2ccccc2)[C@@H]1O[C@H]1O[C@H](COS(=O)(=O)OCC(Cl)(Cl)Cl)[C@@H](O[Si](C)(C)C(C)(C)C)[C@H](OCc2ccccc2)[C@H]1N=[N+]=[N-],CC(=O)CCC(=O)OC[C@@H]1O[C@@H](OCCCN(Cc2ccccc2)C(=O)OCc2ccccc2)[C@H](OC(=O)c2ccccc2)[C@@H](OCc2ccccc2)[C@@H]1O[C@H]1O[C@H](COC(C)=O)[C@@H](O)[C@H](OCc2ccccc2)[C@H]1N=[N+]=[N-],CC(=O)CCC(=O)OC[C@@H]1O[C@@H](OCCCN(Cc2ccccc2)C(=O)OCc2ccccc2)[C@H](OC(=O)c2ccccc2)[C@@H](OCc2ccccc2)[C@@H]1O[C@H]1O[C@H](COC(C)=O)[C@@H](OC(C)=O)[C@H](OCc2ccccc2)[C@H]1N=[N+]=[N-],thioglycoside,63,64,63,64
SG-d7c2e86b6d15c1f0,d7c2e86b6d15c1f07cbbf7a649034a72805ccdc1fc96a8be35e94c246b99eadc,88,31-010-CAS-13632893,88,31-010-CAS-13632893,1,CC(=O)OC[C@H]1O[C@H](OC(=N)C(Cl)(Cl)Cl)[C@H](OC(C)=O)[C@@H](OC(C)=O)[C@H]1OC(C)=O,CO[C@@H]1O[C@H](CO[Si](c2ccccc2)(c2ccccc2)C(C)(C)C)[C@@H](O)[C@H](O)[C@H]1N1C(=O)C(C)=C(C)C1=O,CO[C@@H]1O[C@H](CO[Si](c2ccccc2)(c2ccccc2)C(C)(C)C)[C@@H](OC(C)=O)[C@H](O)[C@H]1N1C(=O)C(C)=C(C)C1=O,trichloroacetimidate,24,25,24,25
SG-d8a8ad17e43d4de6,d8a8ad17e43d4de6d6c50db9912940fc2919d65b4890a4ccf30845e65b737dab,1037,31-013-CAS-11843237,1037,31-013-CAS-11843237,1,[N-]=[N+]=N[C@H]1[C@@H](OCc2ccccc2)[C@@H]2O[C@H](c3ccccc3)OC[C@H]2O[C@@H]1Sc1ccccc1,COc1ccc(CO[C@@H]2[C@H](O)[C@H](C)O[C@@H](O[C@@H]3[C@@H](NC(=O)OCC(Cl)(Cl)Cl)[C@H](O[Si](C)(C)C(C)(C)C(C)C)O[C@H](C)[C@@H]3OCc3ccccc3)[C@H]2N=[N+]=[N-])cc1,COc1ccc(CO[C@H]2[C@H](N=[N+]=[N-])[C@H](O[C@@H]3[C@@H](NC(=O)OCC(Cl)(Cl)Cl)[C@H](O[Si](C)(C)C(C)(C)C(C)C)O[C@H](C)[C@@H]3OCc3ccccc3)O[C@@H](C)[C@H]2OC(C)=O)cc1,thioglycoside,9,10,52,53
SG-d8d4b8303aa5079e,d8d4b8303aa5079e35c4cc19dc009782f71d85989f29fd870bf88462955801ca,1136,31-013-CAS-14143061,1136,31-013-CAS-14143061,1,CCS[C@H]1O[C@H](C)[C@@H](NC(=O)[C@H]2CCO[C@@H](c3ccccc3)O2)[C@H](OCc2ccccc2)[C@@H]1OC(C)=O,COC(=O)CCCCCO[C@H]1O[C@H](C)[C@@H](NC(=O)[C@H]2CCO[C@@H](c3ccccc3)O2)[C@H](OCc2ccccc2)[C@@H]1O[C@H]1O[C@H](C)[C@@H](NC(=O)[C@H]2CCO[C@@H](c3ccccc3)O2)[C@H](OCc2ccccc2)[C@@H]1O[C@H]1O[C@H](C)[C@@H](NC(=O)[C@H]2CCO[C@@H](c3ccccc3)O2)[C@H](OCc2ccccc2)[C@@H]1O,COC(=O)CCCCCO[C@H]1O[C@H](C)[C@@H](NC(=O)[C@H]2CCO[C@@H](c3ccccc3)O2)[C@H](OCc2ccccc2)[C@@H]1O[C@H]1O[C@H](C)[C@@H](NC(=O)[C@H]2CCO[C@@H](c3ccccc3)O2)[C@H](OCc2ccccc2)[C@@H]1O[C@H]1O[C@H](C)[C@@H](NC(=O)[C@H]2CCO[C@@H](c3ccccc3)O2)[C@H](OCc2ccccc2)[C@@H]1OC(C)=O,thioglycoside,101,102,101,102
SG-d9233adb80641a32,d9233adb80641a3219a8a92bd8cbc5e31bce3fa29e278ac39346497c7586123d,296,31-010-CAS-11281477,296,31-010-CAS-11281477,1,CC(=O)OC[C@H]1O[C@@H](OC(=N)C(Cl)(Cl)Cl)[C@H](NC(=O)C(F)(F)F)[C@@H](OC(C)=O)[C@@H]1OC(C)=O,CC(=O)N[C@H]1[C@@H](OC(C)=O)O[C@H](COC(C)=O)[C@@H](O)[C@@H]1OC(C)=O,CC(=O)N[C@H]1[C@@H](OC(C)=O)O[C@H](COC(C)=O)[C@@H](OC(C)=O)[C@@H]1OC(C)=O,trichloroacetimidate,17,18,17,18
SG-d92cd50e3a4bb735,d92cd50e3a4bb7350b93de6697a315bd53b7c301261fba62b4047262aee97bff,544,31-010-CAS-14482114,544,31-010-CAS-14482114,1,CC(=O)OC[C@H]1O[C@H](O[C@H]2[C@H](OCc3ccccc3)[C@@H](OC(=O)c3ccccc3)C(OC(=N)C(Cl)(Cl)Cl)O[C@H]2COC(=O)CCl)[C@H](N=[N+]=[N-])[C@@H](OCc2ccccc2)[C@@H]1OC(=O)OCC1c2ccccc2-c2ccccc21,COc1ccc(O[C@@H]2O[C@H](COC(=O)CCl)[C@@H](O[C@H]3O[C@H](COC(C)=O)[C@@H](O[C@@H]4O[C@@H](COC(=O)CCl)[C@@H](O[C@H]5O[C@H](COC(C)=O)[C@@H](O)[C@H](OCc6ccccc6)[C@H]5N=[N+]=[N-])[C@H](OCc5ccccc5)[C@H]4OC(=O)c4ccccc4)[C@H](OCc4ccccc4)[C@H]3N=[N+]=[N-])[C@H](OCc3ccccc3)[C@H]2OC(=O)c2ccccc2)cc1,COc1ccc(O[C@@H]2O[C@H](COC(=O)CCl)[C@@H](O[C@H]3O[C@H](COC(C)=O)[C@@H](O[C@@H]4O[C@@H](COC(=O)CCl)[C@@H](O[C@H]5O[C@H](COC(C)=O)[C@@H](OC(C)=O)[C@H](OCc6ccccc6)[C@H]5N=[N+]=[N-])[C@H](OCc5ccccc5)[C@H]4OC(=O)c4ccccc4)[C@H](OCc4ccccc4)[C@H]3N=[N+]=[N-])[C@H](OCc3ccccc3)[C@H]2OC(=O)c2ccccc2)cc1,trichloroacetimidate,47,48,47,48
SG-d99c0a1b4a37f61d,d99c0a1b4a37f61dbc52bdb1ae9577608c373c5bfa7a3c5d9fe509b2df98b0f5,619,31-614-CAS-35275420,619,31-614-CAS-35275420,1,COC(=O)[C@@]1(OC[C@H]2OC(OC(=Nc3ccccc3)C(F)(F)F)[C@H](OC(=O)c3ccccc3)[C@@H](OC(=O)c3ccccc3)[C@H]2OC(C)=O)C[C@H](OC(C)=O)[C@@H](N=[N+]=[N-])[C@H]([C@H](OC(C)=O)[C@@H](COC(C)=O)OC(C)=O)O1,C=CCO[C@H]1O[C@H](COC(C)=O)[C@@H](OC(C)=O)[C@H](OC(=O)c2ccccc2)[C@@H]1O[C@@H]1O[C@H](COCc2ccccc2)[C@@H](O)[C@H](OCc2ccccc2)[C@H]1NC(=O)OCC(Cl)(Cl)Cl,C=CCO[C@H]1O[C@H](COC(C)=O)[C@@H](OC(C)=O)[C@H](OC(=O)c2ccccc2)[C@@H]1O[C@@H]1O[C@H](COCc2ccccc2)[C@@H](OC(C)=O)[C@H](OCc2ccccc2)[C@H]1NC(=O)OCC(Cl)(Cl)Cl,trifluoroacetimidate,41,42,41,42
SG-d9ebc444f33ddebd,d9ebc444f33ddebd8356232ddc4dc2dd5462c2695d9eb87e4ca288029188b88e,200,31-010-CAS-9949444,200,31-010-CAS-9949444,1,CC(=O)OC[C@H]1O[C@H](OC(=N)C(Cl)(Cl)Cl)[C@H](OC(C)=O)[C@@H](OC(C)=O)[C@@H]1OC(C)=O,CO[C@@H]1O[C@H](COCc2ccccc2)[C@@H](O)[C@H](O[C@@H]2O[C@@H](C)[C@H](OC(C)=O)[C@@H](OC(C)=O)[C@H]2OC(C)=O)[C@H]1NC(C)=O,CO[C@@H]1O[C@H](COCc2ccccc2)[C@@H](OC(C)=O)[C@H](O[C@@H]2O[C@@H](C)[C@H](OC(C)=O)[C@@H](OC(C)=O)[C@H]2OC(C)=O)[C@H]1NC(C)=O,trichloroacetimidate,14,15,14,15
SG-da0e7182b00c36fb,da0e7182b00c36fb90d3f92e8fa1fc473df145d2427daab8419588bd05b49859,946,31-013-CAS-6806986,946,31-013-CAS-6806986,1,CS[C@@H]1O[C@H](COC(=O)c2ccccc2)[C@@H](OC(=O)c2ccccc2)[C@H](OC(=O)c2ccccc2)[C@H]1OC(=O)c1ccccc1,COc1ccc(OC[C@H]2O[C@H](OC)[C@H](NC(=O)OCc3ccccc3)[C@@H](OCc3ccccc3)[C@@H]2O)cc1,COc1ccc(OC[C@H]2O[C@H](OC)[C@H](NC(=O)OCc3ccccc3)[C@@H](OCc3ccccc3)[C@@H]2OC(C)=O)cc1,thioglycoside,34,35,34,35
SG-dacbf1d8f9760e98,dacbf1d8f9760e98deaa19a027e608b546fe3560cf99fbcd0bea3e724a05133d,1211,31-614-CAS-44431802,1211;1212;1213,31-614-CAS-44431802;31-614-CAS-36594426;31-614-CAS-24503700,3,Cc1ccc(C(C)(C)C)cc1S[C@H]1O[C@@H]2CO[C@@H](c3ccccc3)O[C@H]2[C@H](OCc2ccccc2)[C@@H]1OCc1ccccc1,O=C1c2ccccc2C(=O)N1[C@H]1[C@H](OCc2ccccc2)O[C@H](COCc2ccccc2)[C@@H](O)[C@@H]1OCc1ccccc1,CC(=O)O[C@H]1[C@H](OCc2ccccc2)[C@@H](N2C(=O)c3ccccc3C2=O)[C@H](OCc2ccccc2)O[C@@H]1COCc1ccccc1,thioglycoside,32,33,4,3
SG-db02944063542e7c,db02944063542e7c2c4d07a85990eba407dded5da020aaf2c6641e0df5fc4c26,267,31-010-CAS-5477157,267,31-010-CAS-5477157,1,CC(=O)O[C@@H]1[C@H](OC(=O)CCl)[C@@H](OC(C)=O)[C@@H](OC(=N)C(Cl)(Cl)Cl)O[C@@H]1COC(=O)C(C)(C)C,CC(=O)N[C@H]1[C@H](OCCCCCCCl)O[C@H](COCc2ccccc2)[C@@H](O)[C@@H]1OC(=O)CCl,CC(=O)N[C@H]1[C@H](OCCCCCCCl)O[C@H](COCc2ccccc2)[C@@H](OC(C)=O)[C@@H]1OC(=O)CCl,trichloroacetimidate,25,26,25,26
SG-db28894740d34497,db28894740d34497826f39e3a04e89d3170959eaaa2371f3c98c6ed5a445a8a2,1463,31-013-CAS-10791991,1463,31-013-CAS-10791991,1,CC(=O)CCC(=O)O[C@@H]1[C@@H](OCc2ccccc2)[C@@H](OCc2ccccc2)[C@@H](COCc2ccccc2)O[C@H]1Sc1ccc(C)cc1,Cc1ccc(S[C@@H]2O[C@H](COCc3ccccc3)[C@H](O)[C@@H]3OC(=O)N(Cc4ccccc4)[C@H]32)cc1,CC(=O)O[C@@H]1[C@@H]2OC(=O)N(Cc3ccccc3)[C@H]2[C@H](Sc2ccc(C)cc2)O[C@@H]1COCc1ccccc1,thioglycoside,18,19,4,3
SG-db61beb996cc56ff,db61beb996cc56ffe675ca12be7d2effdc5ffae2385d3d365f997e92cac1125a,309,31-010-CAS-2778676,309,31-010-CAS-2778676,1,CC(=O)OC[C@H]1O[C@@H](OC(=N)C(Cl)(Cl)Cl)[C@H](OC(C)=O)[C@@H](OC(C)=O)[C@H]1OC(C)=O,CCCCCCCCO[C@@H]1O[C@H](COCc2ccccc2)[C@@H](O)[C@H](OCc2ccccc2)[C@H]1NC(C)=O,CCCCCCCCO[C@@H]1O[C@H](COCc2ccccc2)[C@@H](OC(C)=O)[C@H](OCc2ccccc2)[C@H]1NC(C)=O,trichloroacetimidate,21,22,21,22
SG-db8257a499b789c3,db8257a499b789c38f3a3cb7c9bc4e26a91bf4601fdd31d7145ba8ee79e84df3,1561,31-013-CAS-2096727,1561,31-013-CAS-2096727,1,CC(=O)O[C@H]1[C@H](O[C@@H]2O[C@H](Cn3cc(C)c(=O)n(C(=O)c4ccccc4)c3=O)[C@@H](OC(C)=O)[C@H](OC(=O)c3ccccc3)[C@H]2N2C(=O)c3ccccc3C2=O)[C@@H](Cn2cc(C)c(=O)n(C(=O)c3ccccc3)c2=O)O[C@@H](Sc2ccccc2)[C@@H]1N1C(=O)c2ccccc2C1=O,Cc1cn(C[C@H]2O[C@@H](O[C@H]3[C@H](O)[C@@H](N4C(=O)c5ccccc5C4=O)[C@H](F)O[C@@H]3Cn3cc(C)c(=O)n(C(=O)c4ccccc4)c3=O)[C@H](N3C(=O)c4ccccc4C3=O)[C@@H](O)[C@@H]2O)c(=O)n(C(=O)c2ccccc2)c1=O,CC(=O)O[C@H]1[C@H](O)[C@@H](N2C(=O)c3ccccc3C2=O)[C@H](O[C@H]2[C@H](O)[C@@H](N3C(=O)c4ccccc4C3=O)[C@H](F)O[C@@H]2Cn2cc(C)c(=O)n(C(=O)c3ccccc3)c2=O)O[C@@H]1Cn1cc(C)c(=O)n(C(=O)c2ccccc2)c1=O,thioglycoside,60,61,4,3
SG-db92cbf719fcc1cf,db92cbf719fcc1cf930dfe42462e06486090219eb7345a6dbf2e01539f5bc223,165,31-010-CAS-8259794,165,31-010-CAS-8259794,1,CC(=O)OC[C@H]1O[C@H](OC(=N)C(Cl)(Cl)Cl)[C@H](OC(C)=O)[C@@H](OC(C)=O)[C@H]1OC(C)=O,COC(=O)CCCCCCCCO[C@@H]1O[C@H](CCl)[C@@H](O)[C@H](O[C@@H]2O[C@@H](C)[C@@H](OCc3ccccc3)[C@@H](OCc3ccccc3)[C@@H]2OCc2ccccc2)[C@H]1NC(C)=O,COC(=O)CCCCCCCCO[C@@H]1O[C@H](CCl)[C@@H](OC(C)=O)[C@H](O[C@@H]2O[C@@H](C)[C@@H](OCc3ccccc3)[C@@H](OCc3ccccc3)[C@@H]2OCc2ccccc2)[C@H]1NC(C)=O,trichloroacetimidate,18,19,18,19
SG-dbb645edb766a409,dbb645edb766a409281788b6fb12f6d9365cf18fd833174b419d210759738cfb,398,31-010-CAS-827960,398;399,31-010-CAS-827960;31-010-CAS-3930999,2,CC(=O)O[C@@H]1[C@@H](O[C@@H]2[C@@H](OC[C@H]3O[C@H](OC(=N)C(Cl)(Cl)Cl)[C@@H](OC(=O)c4ccccc4)[C@@H](OCc4ccccc4)[C@@H]3OCc3ccccc3)O[C@H](COCc3ccccc3)[C@@H](OCc3ccccc3)[C@@H]2OCc2ccccc2)O[C@H](CO[Si](C(C)C)(C(C)C)C(C)C)[C@@H](OCc2ccccc2)[C@@H]1OCc1ccccc1,C=CCO[C@@H]1[C@H](OCc2ccccc2)[C@H](OCc2ccccc2)[C@@H](OCc2ccccc2)[C@H](OCc2ccccc2)[C@H]1O[C@H]1O[C@H](COCc2ccccc2)[C@@H](O)[C@H](OCc2ccccc2)[C@H]1N=[N+]=[N-],C=CCO[C@@H]1[C@H](OCc2ccccc2)[C@H](OCc2ccccc2)[C@@H](OCc2ccccc2)[C@H](OCc2ccccc2)[C@H]1O[C@H]1O[C@H](COCc2ccccc2)[C@@H](OC(C)=O)[C@H](OCc2ccccc2)[C@H]1N=[N+]=[N-],trichloroacetimidate,55,56,55,56
SG-dbcd0cf5d0611d93,dbcd0cf5d0611d931117ad7412cb016d403b997bf22ac67c637adde72397942b,1379,31-013-CAS-22660148,1379;1380,31-013-CAS-22660148;31-013-CAS-20623541,2,CC(=O)O[C@H]1[C@@H]2O[C@H](c3ccccc3)OC[C@H]2O[C@@H](Sc2ccc(C)cc2)[C@@H]1N1C(=O)c2ccccc2C1=O,CC(=O)O[C@@H]1[C@@H](N=[N+]=[N-])[C@H](O[Si](C)(C)C(C)(C)C)O[C@H](COCc2ccccc2)[C@H]1O[C@@H]1O[C@H](COCc2ccccc2)[C@@H](O)[C@H](OC(C)=O)[C@H]1N1C(=O)c2ccccc2C1=O,CC(=O)O[C@@H]1[C@@H](N=[N+]=[N-])[C@H](O[Si](C)(C)C(C)(C)C)O[C@H](COCc2ccccc2)[C@H]1O[C@@H]1O[C@H](COCc2ccccc2)[C@@H](OC(C)=O)[C@H](OC(C)=O)[C@H]1N1C(=O)c2ccccc2C1=O,thioglycoside,43,44,43,44
SG-dbd842ba630421a2,dbd842ba630421a2784853212dee22380a5e33f0a0ee80ed2b57bf8bad3e0c11,360,31-010-CAS-21359666,360;361,31-010-CAS-21359666;31-010-CAS-1619273,2,COC(=O)[C@H]1OC(OC(=N)C(Cl)(Cl)Cl)[C@H](OC(=O)c2ccccc2)[C@@H](OCc2ccccc2)[C@@H]1O[C@H]1O[C@H](COCc2ccc(OC)cc2)[C@@H](OCc2ccccc2)[C@H](OCc2ccccc2)[C@H]1NC=C1C(=O)N(C)C(=O)N(C)C1=O,COc1ccc(CO[C@H]2[C@H](O)[C@@H](COc3ccc(OC)cc3)O[C@@H](O[Si](c3ccccc3)(c3ccccc3)C(C)(C)C)[C@@H]2N=[N+]=[N-])cc1,COc1ccc(CO[C@@H]2[C@@H](N=[N+]=[N-])[C@H](O[Si](c3ccccc3)(c3ccccc3)C(C)(C)C)O[C@H](COc3ccc(OC)cc3)[C@H]2OC(C)=O)cc1,trichloroacetimidate,9,10,44,45
SG-dc1676830bd86eb0,dc1676830bd86eb05bffe20660ea2da71b89baddc852d1b1ae1b8196f41bccaa,783,31-013-CAS-14210003,783,31-013-CAS-14210003,1,C[C@@H]1O[C@H](Sc2ccc(Cl)cc2)[C@@H](OCc2ccccc2)[C@H](OCc2ccccc2)[C@@H]1OCc1ccccc1,COC(=O)CCCCCCCCO[C@@H]1O[C@H](COCc2ccccc2)[C@@H](O)[C@H](O[C@@H]2O[C@H](COC(C)=O)[C@H](OC(C)=O)[C@H](OC(C)=O)[C@H]2OC(C)=O)[C@H]1N=[N+]=[N-],COC(=O)CCCCCCCCO[C@@H]1O[C@H](COCc2ccccc2)[C@@H](OC(C)=O)[C@H](O[C@@H]2O[C@H](COC(C)=O)[C@H](OC(C)=O)[C@H](OC(C)=O)[C@H]2OC(C)=O)[C@H]1N=[N+]=[N-],thioglycoside,25,26,25,26
SG-dc1fb3b84488ab68,dc1fb3b84488ab687d91d6116e075c8d8a73d8a5e2d76baf325163b3f0def801,197,31-010-CAS-672245,197,31-010-CAS-672245,1,CC(=O)CCC(=O)O[C@H]1C(OC(=N)C(Cl)(Cl)Cl)O[C@H](COC(=O)c2ccccc2)[C@H](OC(C)=O)[C@@H]1OC(C)=O,CC(=O)O[C@H]1[C@H](OC(C)=O)[C@H](O[C@H]2[C@H](O)[C@@H](COC(=O)c3ccccc3)O[C@@H](Sc3ccccc3)[C@@H]2N2C(=O)c3ccccc3C2=O)O[C@@H](C)[C@H]1OC(C)=O,CC(=O)O[C@H]1[C@H](OC(C)=O)[C@H](O[C@H]2[C@H](OC(C)=O)[C@@H](COC(=O)c3ccccc3)O[C@@H](Sc3ccccc3)[C@@H]2N2C(=O)c3ccccc3C2=O)O[C@@H](C)[C@H]1OC(C)=O,trichloroacetimidate,13,14,13,14
SG-dc2113bd2cbd3ec2,dc2113bd2cbd3ec2a454f4998dab5c82dcdf44261f65643ddaa2a231a8fc24cc,1328,31-614-CAS-23946122,1328,31-614-CAS-23946122,1,C[C@@H]1O[C@H](Sc2ccccc2)[C@@H](N=[N+]=[N-])[C@H](OCc2ccccc2)[C@@H]1OC(=O)c1ccccc1,C[C@@H]1O[C@@H](O[C@@H]2[C@@H](NC(=O)C(Cl)(Cl)Cl)[C@H](OCCCNC(=O)OCc3ccccc3)O[C@H](C)[C@H]2NC(=O)C[C@H](C)OCc2ccccc2)[C@@H](N=[N+]=[N-])[C@H](OCc2ccccc2)[C@@H]1O,CC(=O)O[C@H]1[C@@H](OCc2ccccc2)[C@H](N=[N+]=[N-])[C@H](O[C@@H]2[C@@H](NC(=O)C(Cl)(Cl)Cl)[C@H](OCCCNC(=O)OCc3ccccc3)O[C@H](C)[C@H]2NC(=O)C[C@H](C)OCc2ccccc2)O[C@H]1C,thioglycoside,61,62,4,3
SG-dcacbad93fbd944b,dcacbad93fbd944b8985d6838e74b1b14f6a52f70f8362a7206b3944d800e756,551,31-010-CAS-16396093,551,31-010-CAS-16396093,1,CC(=O)O[C@H]1[C@H](OCc2ccccc2)[C@@H](N2C(=O)c3ccccc3C2=O)[C@H](O[C@H]2[C@H](OCc3ccccc3)[C@@H](N3C(=O)c4ccccc4C3=O)[C@H](OC(=N)C(Cl)(Cl)Cl)O[C@@H]2COCc2ccccc2)O[C@@H]1COCc1ccccc1,[N-]=[N+]=NCCO[C@@H]1O[C@H](COCc2ccccc2)[C@@H](O)[C@H](OCc2ccccc2)[C@H]1N1C(=O)c2ccccc2C1=O,CC(=O)O[C@H]1[C@H](OCc2ccccc2)[C@@H](N2C(=O)c3ccccc3C2=O)[C@H](OCCN=[N+]=[N-])O[C@@H]1COCc1ccccc1,trichloroacetimidate,18,19,4,3
SG-dd96cce0f5226cde,dd96cce0f5226cdeb4049ead41a4d0d12a8e3764cc2eb56e9de38a77add1131d,580,31-614-CAS-41495780,580,31-614-CAS-41495780,1,C[C@@H]1OC(OC(=Nc2ccccc2)C(F)(F)F)[C@H](N=[N+]=[N-])[C@H](OCc2ccccc2)[C@H]1OCc1ccccc1,[N-]=[N+]=N[C@H]1[C@@H](OCCCNC(=O)OCc2ccccc2)O[C@H](C(=O)OCc2ccccc2)[C@H](O)[C@@H]1OCc1ccc2ccccc2c1,CC(=O)O[C@@H]1[C@H](OCc2ccc3ccccc3c2)[C@@H](N=[N+]=[N-])[C@@H](OCCCNC(=O)OCc2ccccc2)O[C@@H]1C(=O)OCc1ccccc1,trifluoroacetimidate,32,33,4,3
SG-dda8538ee28d7f48,dda8538ee28d7f48b37b327a870a3c91c524e23fef27a4b39091a09147df3119,1365,31-013-CAS-11416677,1365,31-013-CAS-11416677,1,CC(=O)O[C@H]1[C@@H]2O[C@H](c3ccccc3)OC[C@H]2O[C@@H](Sc2cc(C(C)(C)C)ccc2C)[C@@H]1N1C(=O)c2ccccc2C1=O,CC(=O)O[C@H]1[C@H](O)[C@@H](CO[Si](c2ccccc2)(c2ccccc2)C(C)(C)C)O[C@@H](OCc2ccccc2)[C@@H]1N1C(=O)c2ccccc2C1=O,CC(=O)O[C@H]1[C@H](OC(C)=O)[C@@H](CO[Si](c2ccccc2)(c2ccccc2)C(C)(C)C)O[C@@H](OCc2ccccc2)[C@@H]1N1C(=O)c2ccccc2C1=O,thioglycoside,5,6,5,6
SG-dda8ddffeb00cce4,dda8ddffeb00cce4c41bc7504b0745d2dd8ded0a5ebaf15b690b7f37eedcd8b7,454,31-010-CAS-9717301,454,31-010-CAS-9717301,1,COC(=O)[C@@H]1O[C@H](OC(=N)C(Cl)(Cl)Cl)[C@H](OC(C)=O)[C@@H](OCc2ccccc2)[C@@H]1O[C@H]1O[C@H](COC(C)=O)[C@@H](OC(=O)CCC(C)=O)[C@H](OCc2ccccc2)[C@H]1N=[N+]=[N-],C=CCCCO[C@@H]1O[C@H](COC(C)=O)[C@@H](O)[C@H](OCc2ccccc2)[C@H]1N=[N+]=[N-],C=CCCCO[C@@H]1O[C@H](COC(C)=O)[C@@H](OC(C)=O)[C@H](OCc2ccccc2)[C@H]1N=[N+]=[N-],trichloroacetimidate,14,15,14,15
SG-ddc88b58d08f7df2,ddc88b58d08f7df2fabbf1f2385ddd638eb2a0aa9e1ddb35d95353ae28bb45bc,789,31-013-CAS-11788920,789,31-013-CAS-11788920,1,COC(=O)[C@@H]1O[C@@H](Sc2ccccc2)[C@H](OC(=O)c2ccccc2)[C@@H](OCc2ccccc2)[C@@H]1O[C@H]1O[C@H](COCc2ccccc2)[C@@H](OC(=O)C(Cl)(Cl)Cl)[C@H](OCc2ccccc2)[C@H]1N=[N+]=[N-],COC(=O)[C@@H]1O[C@@H](OC)[C@H](OC(=O)c2ccccc2)[C@@H](OCc2ccccc2)[C@@H]1O[C@H]1O[C@H](COCc2ccccc2)[C@@H](O)[C@H](OCc2ccccc2)[C@H]1N=[N+]=[N-],COC(=O)[C@@H]1O[C@@H](OC)[C@H](OC(=O)c2ccccc2)[C@@H](OCc2ccccc2)[C@@H]1O[C@H]1O[C@H](COCc2ccccc2)[C@@H](OC(C)=O)[C@H](OCc2ccccc2)[C@H]1N=[N+]=[N-],thioglycoside,42,43,42,43
SG-ddca5c39c533776b,ddca5c39c533776b6303b97d5d3586dbb8ff0a691521ecdd7fa06daafa0adb12,1473,31-013-CAS-4982132,1473,31-013-CAS-4982132,1,CC(=O)OC[C@H]1O[C@@H](OC[C@H]2O[C@@H](Sc3ccccc3)[C@H](N3C(=O)c4ccccc4C3=O)[C@@H](OC(=O)c3ccccc3)[C@@H]2OC(=O)c2ccccc2)[C@H](N2C(=O)c3ccccc3C2=O)[C@@H](OC(C)=O)[C@@H]1OC(C)=O,CC(=O)O[C@H]1[C@H](O)[C@@H](COCc2ccccc2)O[C@@H](Sc2ccccc2)[C@@H]1N1C(=O)c2ccccc2C1=O,CC(=O)O[C@H]1[C@H](OC(C)=O)[C@@H](COCc2ccccc2)O[C@@H](Sc2ccccc2)[C@@H]1N1C(=O)c2ccccc2C1=O,thioglycoside,5,6,5,6
SG-ddf8a77cdc914cbd,ddf8a77cdc914cbd7ec67dfe01875e36e4b5283163c377d6aa67e4fd866f508b,118,31-010-CAS-914,118,31-010-CAS-914,1,CC(=O)OC[C@H]1O[C@H](OC(=N)C(Cl)(Cl)Cl)[C@H](OC(C)=O)[C@@H](OC(C)=O)[C@H]1OC(C)=O,C=CCO[C@@H]1O[C@H](COCc2ccccc2)[C@@H](O)[C@H](O[C@@H]2O[C@@H](C)[C@@H](OCc3ccccc3)[C@@H](OCc3ccccc3)[C@@H]2OCc2ccccc2)[C@H]1NC(C)=O,C=CCO[C@@H]1O[C@H](COCc2ccccc2)[C@@H](OC(C)=O)[C@H](O[C@@H]2O[C@@H](C)[C@@H](OCc3ccccc3)[C@@H](OCc3ccccc3)[C@@H]2OCc2ccccc2)[C@H]1NC(C)=O,trichloroacetimidate,16,17,16,17
SG-de4376b4b76611a6,de4376b4b76611a6c41b2c94c243a6d996bd6a46be26553577d7e5d9a6d29933,499,31-010-CAS-16647872,499,31-010-CAS-16647872,1,CC(=O)O[C@@H]1[C@@H](O[C@@H]2[C@@H](O[C@@H]3[C@@H](OC[C@H]4O[C@H](OC(=N)C(Cl)(Cl)Cl)[C@@H](OC(=O)c5ccccc5)[C@@H](OCc5ccccc5)[C@@H]4OCc4ccccc4)O[C@H](COCc4ccccc4)[C@@H](OCc4ccccc4)[C@@H]3OCc3ccccc3)O[C@H](CO[Si](C(C)C)(C(C)C)C(C)C)[C@@H](OCc3ccccc3)[C@@H]2OCc2ccccc2)O[C@H](COCc2ccccc2)[C@@H](OCc2ccccc2)[C@@H]1OCc1ccccc1,C=CCO[C@@H]1CCCC[C@H]1O[C@H]1O[C@H](COCc2ccccc2)[C@@H](O)[C@H](OCc2ccccc2)[C@H]1N=[N+]=[N-],C=CCO[C@@H]1CCCC[C@H]1O[C@H]1O[C@H](COCc2ccccc2)[C@@H](OC(C)=O)[C@H](OCc2ccccc2)[C@H]1N=[N+]=[N-],trichloroacetimidate,23,24,23,24
SG-de461c4f893a17ed,de461c4f893a17ed96ee9f5f749c31a93ad0369ece7d506391daaa6ef408b7c0,665,31-013-CAS-20074836,665;666,31-013-CAS-20074836;31-013-CAS-17386198,2,CC(=O)O[C@H]1[C@@H](OCc2ccccc2)[C@H](N=[N+]=[N-])[C@@H](C)O[C@@H]1Sc1ccc(C)cc1,CO[C@H]1O[C@H](C)[C@@H](N=[N+]=[N-])[C@H](OCc2ccccc2)[C@@H]1O[C@H]1O[C@H](C)[C@@H](N=[N+]=[N-])[C@H](OCc2ccccc2)[C@@H]1O[C@H]1O[C@H](C)[C@@H](N=[N+]=[N-])[C@H](OCc2ccccc2)[C@@H]1O[C@H]1O[C@H](C)[C@@H](N=[N+]=[N-])[C@H](OCc2ccccc2)[C@@H]1O[C@H]1O[C@H](C)[C@@H](N=[N+]=[N-])[C@H](OCc2ccccc2)[C@@H]1O,CO[C@H]1O[C@H](C)[C@@H](N=[N+]=[N-])[C@H](OCc2ccccc2)[C@@H]1O[C@H]1O[C@H](C)[C@@H](N=[N+]=[N-])[C@H](OCc2ccccc2)[C@@H]1O[C@H]1O[C@H](C)[C@@H](N=[N+]=[N-])[C@H](OCc2ccccc2)[C@@H]1O[C@H]1O[C@H](C)[C@@H](N=[N+]=[N-])[C@H](OCc2ccccc2)[C@@H]1O[C@H]1O[C@H](C)[C@@H](N=[N+]=[N-])[C@H](OCc2ccccc2)[C@@H]1OC(C)=O,thioglycoside,95,96,95,96
SG-de46b37e406b893a,de46b37e406b893a5721eeeaf13f8e913fa5fdf33158af5cb30e6095d69805e5,386,31-010-CAS-14220855,386,31-010-CAS-14220855,1,CC(=O)O[C@@H]1[C@@H](OC[C@H]2O[C@H](OC(=N)C(Cl)(Cl)Cl)[C@@H](OC(=O)c3ccccc3)[C@@H](OCc3ccccc3)[C@@H]2OCc2ccccc2)O[C@H](COCc2ccccc2)[C@@H](OCc2ccccc2)[C@@H]1OCc1ccccc1,C=CCO[C@@H]1[C@H](OCc2ccccc2)[C@H](OCc2ccccc2)[C@@H](OCc2ccccc2)[C@H](OCc2ccccc2)[C@H]1O[C@H]1O[C@H](COCc2ccccc2)[C@@H](O)[C@H](OCc2ccccc2)[C@H]1N=[N+]=[N-],C=CCO[C@@H]1[C@H](OCc2ccccc2)[C@H](OCc2ccccc2)[C@@H](OCc2ccccc2)[C@H](OCc2ccccc2)[C@H]1O[C@H]1O[C@H](COCc2ccccc2)[C@@H](OC(C)=O)[C@H](OCc2ccccc2)[C@H]1N=[N+]=[N-],trichloroacetimidate,55,56,55,56
SG-de659088b1d5b0a8,de659088b1d5b0a87e55f5f4da9626ff65c012bc5c12fef5ad4d83551e1757d0,477,31-010-CAS-10902642,477,31-010-CAS-10902642,1,CC1=C(C)C(=O)N([C@H]2[C@H](O[C@H]3[C@H](OCc4ccccc4)[C@@H](N4C(=O)C(C)=C(C)C4=O)[C@H](OC(=N)C(Cl)(Cl)Cl)O[C@@H]3COCc3ccccc3)O[C@H](COCc3ccccc3)[C@@H](OC(=O)COc3ccccc3)[C@@H]2OCc2ccccc2)C1=O,CC1=C(C)C(=O)N([C@H]2[C@H](O[C@H]3[C@H](OCc4ccccc4)[C@@H](N4C(=O)C(C)=C(C)C4=O)[C@H](OCc4ccccc4)O[C@@H]3COCc3ccccc3)O[C@H](COCc3ccccc3)[C@@H](O)[C@@H]2OCc2ccccc2)C1=O,CC(=O)O[C@H]1[C@H](OCc2ccccc2)[C@@H](N2C(=O)C(C)=C(C)C2=O)[C@H](O[C@H]2[C@H](OCc3ccccc3)[C@@H](N3C(=O)C(C)=C(C)C3=O)[C@H](OCc3ccccc3)O[C@@H]2COCc2ccccc2)O[C@@H]1COCc1ccccc1,trichloroacetimidate,61,62,4,3
SG-de670c543210af1e,de670c543210af1ee01a8d312065a0360a03236371f42d0f1c2f85916421f588,893,31-013-CAS-5434133,893,31-013-CAS-5434133,1,C[C@H]1O[C@@H](Sc2ccccc2)[C@H](OCc2ccccc2)[C@@H](OCc2ccccc2)[C@H]1OCc1ccccc1,C[Si](C)(C)CCO[C@@H]1O[C@H](COCc2ccccc2)[C@@H](O)[C@H](OC(=O)CCl)[C@H]1NC(=O)OCC(Cl)(Cl)Cl,CC(=O)O[C@H]1[C@H](OC(=O)CCl)[C@@H](NC(=O)OCC(Cl)(Cl)Cl)[C@H](OCC[Si](C)(C)C)O[C@@H]1COCc1ccccc1,thioglycoside,19,20,4,3
SG-de84b9f5d810adc0,de84b9f5d810adc0494b90db267760d21fe8738d4eaa132b33a17a398909e923,1182,31-013-CAS-12326620,1182,31-013-CAS-12326620,1,CCS[C@@H]1O[C@@H](C)[C@H](OCc2ccccc2)[C@@H](OCc2ccccc2)[C@H]1OCc1ccccc1,CCS[C@@H]1O[C@H](COC(=O)c2ccccc2)[C@H](O)[C@H](OC(C)=O)[C@H]1N1C(=O)c2ccccc2C1=O,CCS[C@@H]1O[C@H](COC(=O)c2ccccc2)[C@H](OC(C)=O)[C@H](OC(C)=O)[C@H]1N1C(=O)c2ccccc2C1=O,thioglycoside,16,17,16,17
SG-de90a35e8dff218d,de90a35e8dff218dcb926a66465d4908740160fd34a4f3c88d0efa00a0f5e5e1,523,31-010-CAS-3211189,523,31-010-CAS-3211189,1,CC(=O)OC[C@H]1O[C@H](O[C@H]2[C@H](OCc3ccccc3)[C@@H](OC(=O)c3ccccc3)C(OC(=N)C(Cl)(Cl)Cl)O[C@@H]2COC(=O)CCl)[C@H](N=[N+]=[N-])[C@@H](OCc2ccccc2)[C@@H]1OCc1ccccc1,COc1ccc(O[C@@H]2O[C@H](COC(=O)CCl)[C@@H](O[C@H]3O[C@H](COC(C)=O)[C@@H](O[C@@H]4O[C@@H](COC(=O)CCl)[C@@H](O[C@H]5O[C@H](COC(C)=O)[C@@H](O[C@@H]6O[C@@H](COC(=O)CCl)[C@@H](O[C@H]7O[C@H](COC(C)=O)[C@@H](O)[C@H](OCc8ccccc8)[C@H]7N=[N+]=[N-])[C@H](OCc7ccccc7)[C@H]6OC(=O)c6ccccc6)[C@H](OCc6ccccc6)[C@H]5N=[N+]=[N-])[C@H](OCc5ccccc5)[C@H]4OC(=O)c4ccccc4)[C@H](OCc4ccccc4)[C@H]3N=[N+]=[N-])[C@H](OCc3ccccc3)[C@H]2OC(=O)c2ccccc2)cc1,COc1ccc(O[C@@H]2O[C@H](COC(=O)CCl)[C@@H](O[C@H]3O[C@H](COC(C)=O)[C@@H](O[C@@H]4O[C@@H](COC(=O)CCl)[C@@H](O[C@H]5O[C@H](COC(C)=O)[C@@H](O[C@@H]6O[C@@H](COC(=O)CCl)[C@@H](O[C@H]7O[C@H](COC(C)=O)[C@@H](OC(C)=O)[C@H](OCc8ccccc8)[C@H]7N=[N+]=[N-])[C@H](OCc7ccccc7)[C@H]6OC(=O)c6ccccc6)[C@H](OCc6ccccc6)[C@H]5N=[N+]=[N-])[C@H](OCc5ccccc5)[C@H]4OC(=O)c4ccccc4)[C@H](OCc4ccccc4)[C@H]3N=[N+]=[N-])[C@H](OCc3ccccc3)[C@H]2OC(=O)c2ccccc2)cc1,trichloroacetimidate,68,69,68,69
SG-dea8931f0ebc8e57,dea8931f0ebc8e575ee5712b96db12e54ae6f75d8db9b1c14fa2123c01ca042c,1159,31-013-CAS-10233903,1159,31-013-CAS-10233903,1,CCS[C@@H]1O[C@H](COCc2ccccc2)[C@H](OCc2ccccc2)[C@H](O[Si](CC)(CC)C(C)C)[C@H]1OC(=O)c1ccccc1,O=C(N[C@H]1[C@H](OCc2ccc(OC(=O)c3ccccc3)cc2)O[C@H](COCc2ccccc2)[C@@H](O)[C@@H]1OC(=O)OCC1c2ccccc2-c2ccccc21)OCC(Cl)(Cl)Cl,CC(=O)O[C@H]1[C@H](OC(=O)OCC2c3ccccc3-c3ccccc32)[C@@H](NC(=O)OCC(Cl)(Cl)Cl)[C@H](OCc2ccc(OC(=O)c3ccccc3)cc2)O[C@@H]1COCc1ccccc1,thioglycoside,33,34,4,3
SG-dea9daca52637a22,dea9daca52637a227b876f074f3da800f5549837d4ed40f4960df3fe2d75ae14,513,31-010-CAS-492126,513;514,31-010-CAS-492126;31-010-CAS-9402130,2,COC(=O)[C@@]1(O[C@H]2[C@@H](OC(C)=O)[C@@H](COCc3ccccc3)OC(OC(=N)C(Cl)(Cl)Cl)[C@@H]2OC(C)=O)C[C@H](OC(C)=O)[C@@H](NC(C)=O)[C@H]([C@H](OC(C)=O)[C@@H](COC(C)=O)OC(C)=O)O1,CC(=O)O[C@H]1[C@H](OCc2ccccc2)[C@H](O[C@H]2[C@H](O)[C@@H](COCc3ccccc3)O[C@@H](O[C@H]3[C@@H](OCc4ccccc4)[C@@H](COCc4ccccc4)O[C@@H](O[C@H]4[C@H](OCc5ccccc5)[C@@H](OC(=O)c5ccccc5)[C@H](OCc5ccccc5)O[C@@H]4COCc4ccccc4)[C@@H]3OCc3ccccc3)[C@@H]2NC(=O)OCC(Cl)(Cl)Cl)O[C@@H](C)[C@H]1OC(C)=O,CC(=O)O[C@H]1[C@H](OCc2ccccc2)[C@H](O[C@@H]2[C@@H](NC(=O)OCC(Cl)(Cl)Cl)[C@H](O[C@H]3[C@@H](OCc4ccccc4)[C@@H](COCc4ccccc4)O[C@@H](O[C@H]4[C@H](OCc5ccccc5)[C@@H](OC(=O)c5ccccc5)[C@H](OCc5ccccc5)O[C@@H]4COCc4ccccc4)[C@@H]3OCc3ccccc3)O[C@H](COCc3ccccc3)[C@H]2OC(C)=O)O[C@@H](C)[C@H]1OC(C)=O,trichloroacetimidate,17,18,112,113
SG-dede7c0641caeeef,dede7c0641caeeef4850e7e1e1dd7778c5fda299ebc601ce7064a7b1a9350090,1534,31-013-CAS-1437307,1534,31-013-CAS-1437307,1,COC(=O)[C@@]1(O[C@H]2[C@@H](OC(=O)c3ccccc3)[C@@H](COC(=O)c3ccccc3)O[C@@H](SC)[C@@H]2OC(=O)c2ccccc2)C[C@H](OC(C)=O)[C@@H](NC(C)=O)[C@H]([C@H](OC(C)=O)[C@@H](COC(C)=O)OC(C)=O)O1,C[Si](C)(C)CCO[C@@H]1O[C@H](COCc2ccccc2)[C@@H](O[C@@H]2O[C@H](COCc3ccccc3)[C@H](OCc3ccccc3)[C@H](O[C@@H]3O[C@H](COCc4ccccc4)[C@@H](O)[C@H](OCc4ccccc4)[C@H]3N3C(=O)c4ccccc4C3=O)[C@H]2OCc2ccccc2)[C@H](OCc2ccccc2)[C@H]1OCc1ccccc1,CC(=O)O[C@H]1[C@H](OCc2ccccc2)[C@@H](N2C(=O)c3ccccc3C2=O)[C@H](O[C@H]2[C@@H](OCc3ccccc3)[C@@H](COCc3ccccc3)O[C@@H](O[C@H]3[C@H](OCc4ccccc4)[C@@H](OCc4ccccc4)[C@H](OCC[Si](C)(C)C)O[C@@H]3COCc3ccccc3)[C@@H]2OCc2ccccc2)O[C@@H]1COCc1ccccc1,thioglycoside,56,57,4,3
SG-deeb271c2cf8fee7,deeb271c2cf8fee77c56949575f078d002f013ac29ec020304f505fc84b4d7ab,248,31-010-CAS-17642148,248,31-010-CAS-17642148,1,CC(=O)OC[C@H]1OC(OC(=N)C(Cl)(Cl)Cl)[C@H](OC(C)=O)[C@@H](OC(C)=O)[C@H]1OC(C)=O,C=CCO[C@@H]1[C@H](OCc2ccccc2)[C@@H](OCc2ccccc2)[C@H](OCc2ccccc2)[C@@H](OCc2ccccc2)[C@H]1O[C@H]1O[C@H](COCc2ccccc2)[C@@H](O)[C@H](OCc2ccccc2)[C@H]1N=[N+]=[N-],C=CCO[C@@H]1[C@H](OCc2ccccc2)[C@@H](OCc2ccccc2)[C@H](OCc2ccccc2)[C@@H](OCc2ccccc2)[C@H]1O[C@H]1O[C@H](COCc2ccccc2)[C@@H](OC(C)=O)[C@H](OCc2ccccc2)[C@H]1N=[N+]=[N-],trichloroacetimidate,55,56,55,56
SG-def013dba6d85ea0,def013dba6d85ea00d8a6689145d98ffd671481db3f16c4b919c66d29384c52e,338,31-010-CAS-22466733,338;339,31-010-CAS-22466733;31-010-CAS-1384810,2,C=CCOC(=O)O[C@H]1[C@H](OC(=N)C(Cl)(Cl)Cl)O[C@H](C(=O)OC)[C@@H](O[C@H]2O[C@H](COCc3ccc(OC)cc3)[C@@H](OCc3ccccc3)[C@H](OCc3ccccc3)[C@H]2N=[N+]=[N-])[C@@H]1OCc1ccccc1,COC(=O)[C@@H]1O[C@H](Sc2ccc(C)cc2)[C@H](OC(=O)c2ccccc2)[C@@H](OCc2ccccc2)[C@@H]1O[C@H]1O[C@H](COCc2ccc(OC)cc2)[C@@H](O)[C@H](OCc2ccc(OC)cc2)[C@H]1N=[N+]=[N-],COC(=O)[C@@H]1O[C@H](Sc2ccc(C)cc2)[C@H](OC(=O)c2ccccc2)[C@@H](OCc2ccccc2)[C@@H]1O[C@H]1O[C@H](COCc2ccc(OC)cc2)[C@@H](OC(C)=O)[C@H](OCc2ccc(OC)cc2)[C@H]1N=[N+]=[N-],trichloroacetimidate,50,51,50,51
SG-df43474e071d65fb,df43474e071d65fb2dee900fcf842a01ee24b921b391f8971ce1f9e55e2e18a6,65,31-010-CAS-6929657,65,31-010-CAS-6929657,1,C=CCO[C@H]1[C@H](OCc2ccccc2)[C@@H](OC(=O)c2ccccc2)C(OC(=N)C(Cl)(Cl)Cl)O[C@H]1C(=O)OC,CO[C@H]1O[C@H](COC(C)=O)[C@@H](O)[C@H](OC(C)=O)[C@H]1NC(=O)OCc1ccccc1,CO[C@H]1O[C@H](COC(C)=O)[C@@H](OC(C)=O)[C@H](OC(C)=O)[C@H]1NC(=O)OCc1ccccc1,trichloroacetimidate,10,11,10,11
SG-df5f3dff73d55c46,df5f3dff73d55c4684d3f0a174f67a590e7ea3fb1f97cb5d3f8386bc7c68ec98,247,31-010-CAS-11295135,247,31-010-CAS-11295135,1,COC(=O)[C@H]1O[C@@H](OC(=N)C(Cl)(Cl)Cl)[C@H](OC(=O)c2ccccc2)[C@@H](OCc2ccccc2)[C@@H]1OC(=O)CCC(C)=O,COc1ccc(COC[C@H]2O[C@@H](O[Si](c3ccccc3)(c3ccccc3)C(C)(C)C)[C@H](N=[N+]=[N-])[C@@H](OCc3ccc(OC)cc3)[C@@H]2O)cc1,COc1ccc(COC[C@H]2O[C@@H](O[Si](c3ccccc3)(c3ccccc3)C(C)(C)C)[C@H](N=[N+]=[N-])[C@@H](OCc3ccc(OC)cc3)[C@@H]2OC(C)=O)cc1,trichloroacetimidate,45,46,45,46
SG-df766e0a0a5dbfee,df766e0a0a5dbfee85d4fafcdce6089bf3ac3690208a20e825906500e70f0571,904,31-013-CAS-17702336,904;905;906,31-013-CAS-17702336;31-013-CAS-21762107;31-013-CAS-21945116,3,CC(=O)O[C@@H]1[C@H](O[C@H]2O[C@@H]3CO[C@H](c4ccccc4)O[C@@H]3[C@H](OCc3ccccc3)[C@H]2OCc2ccccc2)[C@@H](OC(=O)c2ccccc2)[C@H](Sc2ccc(C)cc2)O[C@@H]1COC(=O)c1ccccc1,COC(=O)CO[C@H]1O[C@H](COCc2ccccc2)[C@@H](O)[C@H](OCc2ccccc2)[C@H]1NC(C)=O,COC(=O)CO[C@H]1O[C@H](COCc2ccccc2)[C@@H](OC(C)=O)[C@H](OCc2ccccc2)[C@H]1NC(C)=O,thioglycoside,18,19,18,19
SG-df96eb26dced08e5,df96eb26dced08e55c37a8320b0c91e17891d14179e49fc6ded87712c300642f,851,31-013-CAS-11213156,851,31-013-CAS-11213156,1,CC(=O)OC[C@H]1O[C@@H](Sc2ccccc2)[C@H](NC(=O)C(F)(F)F)[C@@H](OC(C)=O)[C@@H]1OC(C)=O,CC(=O)O[C@H]1[C@H](O)[C@H]2CO[C@H](O2)[C@@H]1N=[N+]=[N-],CC(=O)O[C@@H]1[C@@H](N=[N+]=[N-])[C@@H]2OC[C@@H](O2)[C@H]1OC(C)=O,thioglycoside,5,6,14,15
SG-df9d40f74264735e,df9d40f74264735e6e00d90119a99d02a1927d2063df64d11bc088766680be1b,831,31-013-CAS-1278764,831,31-013-CAS-1278764,1,COC(=O)[C@@H]1O[C@@H](Sc2ccccc2)[C@H](OC(=O)c2ccccc2)[C@@H](OCc2ccccc2)[C@@H]1O[C@H]1O[C@H](COCc2ccccc2)[C@@H](O[C@@H]2O[C@@H](C(=O)OC)[C@@H](O[C@H]3O[C@H](COCc4ccccc4)[C@@H](OC(=O)C(Cl)(Cl)Cl)[C@H](OCc4ccccc4)[C@H]3N=[N+]=[N-])[C@H](OCc3ccccc3)[C@H]2OC(=O)c2ccccc2)[C@H](OCc2ccccc2)[C@H]1N=[N+]=[N-],COC(=O)[C@@H]1O[C@@H](OC[C@@H](COCc2ccccc2)OCc2ccccc2)[C@H](OC(=O)c2ccccc2)[C@@H](OCc2ccccc2)[C@@H]1O[C@H]1O[C@H](COCc2ccccc2)[C@@H](O[C@@H]2O[C@@H](C(=O)OC)[C@@H](O[C@H]3O[C@H](COCc4ccccc4)[C@@H](O)[C@H](OCc4ccccc4)[C@H]3N=[N+]=[N-])[C@H](OCc3ccccc3)[C@H]2OC(=O)c2ccccc2)[C@H](OCc2ccccc2)[C@H]1N=[N+]=[N-],COC(=O)[C@@H]1O[C@@H](OC[C@@H](COCc2ccccc2)OCc2ccccc2)[C@H](OC(=O)c2ccccc2)[C@@H](OCc2ccccc2)[C@@H]1O[C@H]1O[C@H](COCc2ccccc2)[C@@H](O[C@@H]2O[C@@H](C(=O)OC)[C@@H](O[C@H]3O[C@H](COCc4ccccc4)[C@@H](OC(C)=O)[C@H](OCc4ccccc4)[C@H]3N=[N+]=[N-])[C@H](OCc3ccccc3)[C@H]2OC(=O)c2ccccc2)[C@H](OCc2ccccc2)[C@H]1N=[N+]=[N-],thioglycoside,83,84,83,84
SG-dfe69b40f3a78f73,dfe69b40f3a78f73b67c63cb75b6396cf4cb152a414b0c2d0d4e1d9da8edda79,305,31-010-CAS-9081149,305,31-010-CAS-9081149,1,COC(=O)[C@@H]1OC(OC(=N)C(Cl)(Cl)Cl)[C@H](OC(=O)C(C)(C)C)[C@@H](OCc2ccccc2)[C@@H]1O[C@H]1O[C@@H]2CO[C@@H](c3ccccc3)O[C@H]2[C@H](OCc2ccccc2)[C@H]1N=[N+]=[N-],CC(=O)N[C@H]1[C@@H](OC(C)C)O[C@H](COCc2ccccc2)[C@@H](O)[C@@H]1OCc1ccccc1,CC(=O)N[C@H]1[C@@H](OC(C)C)O[C@H](COCc2ccccc2)[C@@H](OC(C)=O)[C@@H]1OCc1ccccc1,trichloroacetimidate,21,22,21,22
SG-e014546d96961a69,e014546d96961a69ac27496943110b7e9def379cbbdb925c67e17188778a221b,1549,31-614-CAS-24501395,1549,31-614-CAS-24501395,1,COC(=O)[C@@]1(O[C@H]2[C@@H](OC(=O)c3ccccc3)[C@@H](COC(=O)c3ccccc3)O[C@@H](Sc3ccc(C)cc3)[C@@H]2OC(=O)c2ccccc2)C[C@@H]2OC(=O)N(C(C)=O)[C@H]2[C@H]([C@H](OC(C)=O)[C@@H](COC(C)=O)OC(C)=O)O1,COc1ccc(O[C@H]2O[C@H](CO[C@@H]3O[C@H](COCc4ccccc4)[C@@H](O[C@@H]4O[C@H](COCc5ccccc5)[C@H](OCc5ccccc5)[C@H](OCc5ccccc5)[C@H]4OC(C)=O)[C@H](OCc4ccccc4)[C@H]3NC(=O)OCC(Cl)(Cl)Cl)[C@@H](OCc3ccccc3)[C@H](OCc3ccccc3)[C@@H]2O[C@@H]2O[C@H](COCc3ccccc3)[C@@H](O)[C@H](OCc3ccccc3)[C@H]2NC(=O)OCC(Cl)(Cl)Cl)cc1,COc1ccc(O[C@H]2O[C@H](CO[C@@H]3O[C@H](COCc4ccccc4)[C@@H](O[C@@H]4O[C@H](COCc5ccccc5)[C@H](OCc5ccccc5)[C@H](OCc5ccccc5)[C@H]4OC(C)=O)[C@H](OCc4ccccc4)[C@H]3NC(=O)OCC(Cl)(Cl)Cl)[C@@H](OCc3ccccc3)[C@H](OCc3ccccc3)[C@@H]2O[C@@H]2O[C@H](COCc3ccccc3)[C@@H](OC(C)=O)[C@H](OCc3ccccc3)[C@H]2NC(=O)OCC(Cl)(Cl)Cl)cc1,thioglycoside,112,113,112,113
SG-e03b670034c22cfc,e03b670034c22cfc95d2ad928a2315cdcb8044d0b57d6e6005bdb2dc69a51fd2,327,31-010-CAS-13775351,327,31-010-CAS-13775351,1,CC(=O)OC[C@H]1O[C@H](OC(=N)C(Cl)(Cl)Cl)[C@H](NC(=O)OCc2ccccc2)[C@@H](OC(C)=O)[C@@H]1OC(C)=O,CC(=O)O[C@H]1[C@H](O)[C@@H](COCc2ccccc2)O[C@@H](O[C@H]2[C@H](O)[C@H]3N=C(N(C)C)O[C@H]3O[C@@H]2COCc2ccccc2)[C@@H]1NC(=O)OCc1ccccc1,CC(=O)O[C@@H]1[C@@H](NC(=O)OCc2ccccc2)[C@H](O[C@H]2[C@H](O)[C@H]3N=C(N(C)C)O[C@H]3O[C@@H]2COCc2ccccc2)O[C@H](COCc2ccccc2)[C@H]1OC(C)=O,trichloroacetimidate,5,6,52,53
SG-e03ba79068ba37ba,e03ba79068ba37bada9ba01c9f9738ac9e93be747794baeb41416143b7187ea1,1395,31-013-CAS-20281589,1395,31-013-CAS-20281589,1,CCS[C@H]1O[C@@H]2CO[C@@H](c3ccccc3)O[C@H]2[C@H](OCc2ccc(OC)cc2)[C@@H]1OCc1ccccc1,COc1ccc(O[C@@H]2O[C@H](CO[C@H]3O[C@H](COCc4ccccc4)[C@H](OC(C)=O)[C@H](O[C@@H]4O[C@H](COC(=O)c5ccccc5)[C@H](O)[C@H](OC(C)=O)[C@H]4N4C(=O)c5ccccc5C4=O)[C@H]3OCc3ccccc3)[C@H](OCc3ccccc3)[C@H](OCc3ccccc3)[C@H]2OCc2ccccc2)cc1,COc1ccc(O[C@@H]2O[C@H](CO[C@H]3O[C@H](COCc4ccccc4)[C@H](OC(C)=O)[C@H](O[C@@H]4O[C@H](COC(=O)c5ccccc5)[C@H](OC(C)=O)[C@H](OC(C)=O)[C@H]4N4C(=O)c5ccccc5C4=O)[C@H]3OCc3ccccc3)[C@H](OCc3ccccc3)[C@H](OCc3ccccc3)[C@H]2OCc2ccccc2)cc1,thioglycoside,44,45,44,45
SG-e03be63f00d612ff,e03be63f00d612ffa3dd9ab2e0efb7b61ba419a8161a11ac6f1e5d8970e37db5,939,31-013-CAS-2691821,939,31-013-CAS-2691821,1,CCS[C@H]1O[C@@H](C)[C@@H](OCc2ccccc2)[C@@H](OCc2ccccc2)[C@@H]1OCc1ccccc1,CO[C@@H]1O[C@H](COCc2ccccc2)[C@@H](O)[C@H](O[C@@H]2O[C@H](COC(C)=O)[C@H](OC(C)=O)[C@H](OC(C)=O)[C@H]2OC(C)=O)[C@H]1N(C(C)=O)C(C)=O,CO[C@@H]1O[C@H](COCc2ccccc2)[C@@H](OC(C)=O)[C@H](O[C@@H]2O[C@H](COC(C)=O)[C@H](OC(C)=O)[C@H](OC(C)=O)[C@H]2OC(C)=O)[C@H]1N(C(C)=O)C(C)=O,thioglycoside,14,15,14,15
SG-e09967e6a05e0a7f,e09967e6a05e0a7f9381885b041df3eb16887f536991e2ca73029103d2d9637d,194,31-614-CAS-37304630,194,31-614-CAS-37304630,1,N=C(O[C@H]1O[C@H](COC(=O)c2ccccc2)[C@H](OC(=O)c2ccccc2)[C@H](OC(=O)c2ccccc2)[C@H]1OC(=O)c1ccccc1)C(Cl)(Cl)Cl,CC(=O)O[C@H]1[C@H](O)[C@@H](COCc2ccccc2)O[C@@H](OCCCCCN=[N+]=[N-])[C@@H]1NC(=O)C(F)(F)F,CC(=O)O[C@@H]1[C@@H](NC(=O)C(F)(F)F)[C@H](OCCCCCN=[N+]=[N-])O[C@H](COCc2ccccc2)[C@H]1OC(C)=O,trichloroacetimidate,5,6,34,35
SG-e09ef3abec29d115,e09ef3abec29d1154136459ccdd4b8f402921e84baef8746b67f15e6adcc7987,281,31-010-CAS-8092747,281,31-010-CAS-8092747,1,CC(=O)OC[C@H]1O[C@H](OC(=N)C(Cl)(Cl)Cl)[C@H](OC(C)=O)[C@@H](OC(=O)CCl)[C@H]1OC(C)=O,[N-]=[N+]=NCCCCCCO[C@@H]1O[C@H](COCc2ccccc2)[C@@H](O)[C@H](OC(=O)CCl)[C@H]1N1C(=O)c2ccccc2C1=O,CC(=O)O[C@H]1[C@H](OC(=O)CCl)[C@@H](N2C(=O)c3ccccc3C2=O)[C@H](OCCCCCCN=[N+]=[N-])O[C@@H]1COCc1ccccc1,trichloroacetimidate,22,23,4,3
SG-e0a87557b692bc5b,e0a87557b692bc5b8a9320b1424d3b400519c222323c63c65328c6bad16cbf62,464,31-010-CAS-11425939,464,31-010-CAS-11425939,1,COC(=O)[C@@]1(OC[C@H]2O[C@@H](OC(=N)C(Cl)(Cl)Cl)[C@H](OC(C)=O)[C@@H](OC(C)=O)[C@H]2OC(C)=O)C[C@H](OC(C)=O)[C@@H](NC(C)=O)[C@H]([C@H](OC(C)=O)[C@@H](COC(C)=O)OC(C)=O)O1,Cc1ccc(S[C@@H]2O[C@H](COCc3ccccc3)[C@@H](O)[C@H](OCc3ccccc3)[C@H]2NC(=O)OCC(Cl)(Cl)Cl)cc1,CC(=O)O[C@H]1[C@H](OCc2ccccc2)[C@@H](NC(=O)OCC(Cl)(Cl)Cl)[C@H](Sc2ccc(C)cc2)O[C@@H]1COCc1ccccc1,trichloroacetimidate,18,19,4,3
SG-e0b87e94a6466a6d,e0b87e94a6466a6dd52829c4f73e648576027c145bf4c2f6f5d8857805ba2cdd,1415,31-013-CAS-4022684,1415,31-013-CAS-4022684,1,CC(=O)OC[C@H]1O[C@@H](O[C@H]2[C@H](OC(C)=O)[C@@H](N3C(=O)c4ccccc4C3=O)[C@H](O[C@H]3[C@H](OC(C)=O)[C@@H](N4C(=O)c5ccccc5C4=O)[C@H](Sc4ccccc4)O[C@@H]3COCc3ccccc3)O[C@@H]2COCc2ccccc2)[C@H](N2C(=O)c3ccccc3C2=O)[C@@H](OC(C)=O)[C@@H]1OC(C)=O,CC(=O)O[C@H]1[C@H](O)[C@@H](COCc2ccccc2)O[C@@H](Sc2ccccc2)[C@@H]1N1C(=O)c2ccccc2C1=O,CC(=O)O[C@H]1[C@H](OC(C)=O)[C@@H](COCc2ccccc2)O[C@@H](Sc2ccccc2)[C@@H]1N1C(=O)c2ccccc2C1=O,thioglycoside,5,6,5,6
SG-e0c90a78a61d7260,e0c90a78a61d726040f87deaac93a5dbaccdfb06ea89d9f7a3df0e9eebc7dfcb,685,31-013-CAS-6042780,685,31-013-CAS-6042780,1,CCS[C@H]1O[C@H](C)[C@@H](N=[N+]=[N-])[C@H](OCc2ccccc2)[C@@H]1O[C@H]1O[C@H](C)[C@@H](N=[N+]=[N-])[C@H](OCc2ccccc2)[C@@H]1O[C@H]1O[C@H](C)[C@@H](N=[N+]=[N-])[C@H](OCc2ccccc2)[C@@H]1O[C@H]1O[C@H](C)[C@@H](N=[N+]=[N-])[C@H](OCc2ccccc2)[C@@H]1OC,COC(=O)CCCCCO[C@H]1O[C@H](C)[C@@H](N=[N+]=[N-])[C@H](OCc2ccccc2)[C@@H]1O[C@H]1O[C@H](C)[C@@H](N=[N+]=[N-])[C@H](OCc2ccccc2)[C@@H]1O,COC(=O)CCCCCO[C@H]1O[C@H](C)[C@@H](N=[N+]=[N-])[C@H](OCc2ccccc2)[C@@H]1O[C@H]1O[C@H](C)[C@@H](N=[N+]=[N-])[C@H](OCc2ccccc2)[C@@H]1OC(C)=O,thioglycoside,46,47,46,47
SG-e0cd4a590f8bac1d,e0cd4a590f8bac1deed1e1375e352beda7696a1fb67a87463c353e52ae32fe64,304,31-010-CAS-3748810,304,31-010-CAS-3748810,1,C[C@H]1OC(OC(=N)C(Cl)(Cl)Cl)[C@H](N=[N+]=[N-])[C@@H](OC(=O)c2ccccc2)[C@H]1N1C(=O)c2ccccc2C1=O,CC(C)(C)[Si](OC[C@H]1O[C@H](Sc2ccccc2)[C@H](N=[N+]=[N-])[C@@H](OCc2ccccc2)[C@H]1O)(c1ccccc1)c1ccccc1,CC(=O)O[C@@H]1[C@H](OCc2ccccc2)[C@@H](N=[N+]=[N-])[C@@H](Sc2ccccc2)O[C@@H]1CO[Si](c1ccccc1)(c1ccccc1)C(C)(C)C,trichloroacetimidate,30,31,4,3
SG-e0d704c296d1b76d,e0d704c296d1b76d70f7a65949ed6d528fdfe7246108e26b1e3f17ec71f1516f,294,31-010-CAS-1967717,294,31-010-CAS-1967717,1,CC(=O)O[C@H]1[C@H](OCc2ccccc2)[C@H](N=[N+]=[N-])[C@@H](OC(=N)C(Cl)(Cl)Cl)O[C@@H]1COCc1ccccc1,C=CCO[C@H]1O[C@H](COCc2ccccc2)[C@@H](O[C@H]2O[C@H](COCc3ccccc3)[C@@H](O)[C@H](OCc3ccccc3)[C@@H]2N=[N+]=[N-])[C@H](OCc2ccccc2)[C@@H]1N=[N+]=[N-],C=CCO[C@H]1O[C@H](COCc2ccccc2)[C@@H](O[C@H]2O[C@H](COCc3ccccc3)[C@@H](OC(C)=O)[C@H](OCc3ccccc3)[C@@H]2N=[N+]=[N-])[C@H](OCc2ccccc2)[C@@H]1N=[N+]=[N-],trichloroacetimidate,30,31,30,31
SG-e0f5e0d46c50e2f2,e0f5e0d46c50e2f248250348990cd11bbe6b3f98fffe1e4090418f7d3447fb0c,28,31-010-CAS-8144216,28,31-010-CAS-8144216,1,CC(=O)O[C@@H]1[C@H](OC(=O)CCl)[C@@H](OC(C)=O)[C@@H](OC(=N)C(Cl)(Cl)Cl)O[C@@H]1COC(=O)C(C)(C)C,CC(=O)N[C@H]1[C@H](OCCCCCCCl)O[C@H](COCc2ccccc2)[C@@H](O)[C@@H]1OC(=O)OCC(Cl)(Cl)Cl,CC(=O)N[C@H]1[C@H](OCCCCCCCl)O[C@H](COCc2ccccc2)[C@@H](OC(C)=O)[C@@H]1OC(=O)OCC(Cl)(Cl)Cl,trichloroacetimidate,25,26,25,26
SG-e0f858380ffa445c,e0f858380ffa445cd873d046f77c52834d2532331057cb5b45d28bd7c9546b03,191,31-010-CAS-1516265,191,31-010-CAS-1516265,1,N=C(OC1O[C@@H]2CO[C@@H](c3ccccc3)O[C@H]2[C@H](OCc2ccccc2)[C@H]1N1C(=O)c2ccccc2C1=O)C(Cl)(Cl)Cl,CCS[C@@H]1O[C@H](COCc2ccccc2)[C@@H](O)[C@H](OCc2ccccc2)[C@H]1N1C(=O)c2ccccc2C1=O,CCS[C@@H]1O[C@H](COCc2ccccc2)[C@@H](OC(C)=O)[C@H](OCc2ccccc2)[C@H]1N1C(=O)c2ccccc2C1=O,trichloroacetimidate,15,16,15,16
SG-e109e540c3b76084,e109e540c3b760844a82387db05dcbe39df13296d25536cbe37636941336e368,815,31-013-CAS-509523,815,31-013-CAS-509523,1,COC(=O)[C@@H]1O[C@@H](Sc2ccccc2)[C@H](OC(=O)c2ccccc2)[C@@H](OCc2ccccc2)[C@@H]1O[C@H]1O[C@H](COCc2ccccc2)[C@@H](OC(=O)C(Cl)(Cl)Cl)[C@H](OCc2ccccc2)[C@H]1N=[N+]=[N-],COC(=O)[C@@H]1O[C@@H](OC)[C@H](OC(=O)c2ccccc2)[C@@H](OCc2ccccc2)[C@@H]1O[C@H]1O[C@H](COCc2ccccc2)[C@@H](O[C@@H]2O[C@@H](C(=O)OC)[C@@H](O[C@H]3O[C@H](COCc4ccccc4)[C@@H](O)[C@H](OCc4ccccc4)[C@H]3N=[N+]=[N-])[C@H](OCc3ccccc3)[C@H]2OC(=O)c2ccccc2)[C@H](OCc2ccccc2)[C@H]1N=[N+]=[N-],COC(=O)[C@@H]1O[C@@H](OC)[C@H](OC(=O)c2ccccc2)[C@@H](OCc2ccccc2)[C@@H]1O[C@H]1O[C@H](COCc2ccccc2)[C@@H](O[C@@H]2O[C@@H](C(=O)OC)[C@@H](O[C@H]3O[C@H](COCc4ccccc4)[C@@H](OC(C)=O)[C@H](OCc4ccccc4)[C@H]3N=[N+]=[N-])[C@H](OCc3ccccc3)[C@H]2OC(=O)c2ccccc2)[C@H](OCc2ccccc2)[C@H]1N=[N+]=[N-],thioglycoside,65,66,65,66
SG-e171d75e8c364062,e171d75e8c364062698edd797d5ce2929eef34dc3032d4f030945073b847277e,605,31-010-CAS-16634873,605,31-010-CAS-16634873,1,CCOC(=O)[C@@H](C)O[C@@H]1[C@@H](NC(=O)OCC(Cl)(Cl)Cl)[C@H](O[C@H]2[C@H](OCc3ccccc3)[C@@H](NC(=O)OCC(Cl)(Cl)Cl)C(OC(=Nc3ccccc3)C(F)(F)F)O[C@@H]2COCc2ccccc2)O[C@@H]2CO[C@@H](c3ccccc3)O[C@@H]12,C=CCO[C@H]1O[C@H](COCc2ccccc2)[C@@H](O[C@@H]2O[C@H](COCc3ccccc3)[C@@H](O)[C@H](O[C@H](C)C(=O)OCC)[C@H]2NC(=O)OCC(Cl)(Cl)Cl)[C@H](OCc2ccccc2)[C@H]1NC(=O)OCC(Cl)(Cl)Cl,C=CCO[C@H]1O[C@H](COCc2ccccc2)[C@@H](O[C@@H]2O[C@H](COCc3ccccc3)[C@@H](OC(C)=O)[C@H](O[C@H](C)C(=O)OCC)[C@H]2NC(=O)OCC(Cl)(Cl)Cl)[C@H](OCc2ccccc2)[C@H]1NC(=O)OCC(Cl)(Cl)Cl,trifluoroacetimidate,30,31,30,31
SG-e17dc676abe52957,e17dc676abe529576bd4f887dcdc4b7631cf974397d404b8c432d43775805ee2,494,31-010-CAS-14792858,494,31-010-CAS-14792858,1,CC(=O)OC[C@H]1O[C@H](OC[C@H]2O[C@@H](O[C@H]3[C@H](OC(C)=O)[C@@H](N4C(=O)c5ccccc5C4=O)[C@H](OC(=N)C(Cl)(Cl)Cl)O[C@@H]3COC(C)=O)[C@@H](O[C@@H]3OC[C@@H](OC(C)=O)[C@H](OC(C)=O)[C@H]3OC(C)=O)[C@@H](O[C@H]3O[C@H](COC(C)=O)[C@@H](OC(C)=O)[C@H](OC(C)=O)[C@@H]3O[C@@H]3O[C@H](COC(C)=O)[C@@H](OC(C)=O)[C@H](OC(C)=O)[C@H]3N3C(=O)c4ccccc4C3=O)[C@@H]2OC(C)=O)[C@@H](OC(C)=O)[C@@H](OC(C)=O)[C@@H]1OC(C)=O,COc1ccc(CO[C@H]2[C@H](O)[C@@H](CO[C@@H]3O[C@@H](C)[C@@H](OC(C)=O)[C@@H](OC(C)=O)[C@@H]3OCc3ccccc3)O[C@@H](OCc3ccccc3)[C@@H]2N2C(=O)c3ccccc3C2=O)cc1,COc1ccc(CO[C@H]2[C@H](OC(C)=O)[C@@H](CO[C@@H]3O[C@@H](C)[C@@H](OC(C)=O)[C@@H](OC(C)=O)[C@@H]3OCc3ccccc3)O[C@@H](OCc3ccccc3)[C@@H]2N2C(=O)c3ccccc3C2=O)cc1,trichloroacetimidate,9,10,9,10
SG-e1bc24ece0e4688b,e1bc24ece0e4688b9080762c154fe2e22b53aad78aaa7719cf05aaa4cb189c26,174,31-010-CAS-4207332,174,31-010-CAS-4207332,1,COC(=O)[C@H]1O[C@H](OC(=N)C(Cl)(Cl)Cl)[C@H](OC(C)=O)[C@@H](OC(C)=O)[C@@H]1OC(C)=O,CC(=O)N[C@H]1[C@@H](OC(C)=O)O[C@H](COC(C)=O)[C@@H](O)[C@@H]1OC(C)=O,CC(=O)N[C@H]1[C@@H](OC(C)=O)O[C@H](COC(C)=O)[C@@H](OC(C)=O)[C@@H]1OC(C)=O,trichloroacetimidate,17,18,17,18
SG-e1bcb8ac91bf5680,e1bcb8ac91bf568027d95ee6b2abd95756edfde5b473bae29b26c6a4c19110ad,307,31-010-CAS-9408271,307,31-010-CAS-9408271,1,N=C(O[C@H]1O[C@@H]2CO[C@@H](c3ccccc3)O[C@H]2[C@H](OCc2ccccc2)[C@H]1NC(=O)OCC(Cl)(Cl)Cl)C(Cl)(Cl)Cl,C=CCO[C@H]1O[C@H](COCc2ccccc2)[C@@H](O)[C@H](OCc2ccccc2)[C@H]1NC(=O)OCC(Cl)(Cl)Cl,C=CCO[C@H]1O[C@H](COCc2ccccc2)[C@@H](OC(C)=O)[C@H](OCc2ccccc2)[C@H]1NC(=O)OCC(Cl)(Cl)Cl,trichloroacetimidate,16,17,16,17
SG-e1e259f30fecc9eb,e1e259f30fecc9ebfdea3c346202ffbcc8ab09e27594a2f99b7a49d66536a2dc,903,31-006-CAS-21886620,903,31-006-CAS-21886620,1,O=C(O[C@@H]1[C@@H](OCc2ccccc2)[C@@H]2O[C@H](c3ccccc3)OC[C@@H]2O[C@H]1Sc1ccccc1)c1ccccc1,[N-]=[N+]=N[C@H]1[C@@H](OCCCCCN(Cc2ccccc2)C(=O)OCc2ccccc2)O[C@H](COC(=O)c2ccccc2)[C@@H](O)[C@@H]1OCc1ccccc1,CC(=O)O[C@H]1[C@H](OCc2ccccc2)[C@@H](N=[N+]=[N-])[C@@H](OCCCCCN(Cc2ccccc2)C(=O)OCc2ccccc2)O[C@@H]1COC(=O)c1ccccc1,thioglycoside,41,42,4,3
SG-e1f1f209ac862306,e1f1f209ac8623069b13c903597223c8f4a29b0a9dd61a81540c67807cebe2cf,1143,31-013-CAS-7889658,1143,31-013-CAS-7889658,1,CCS[C@@H]1O[C@@H]2CO[C@@H](c3ccccc3)O[C@H]2[C@H](OCc2ccccc2)[C@H]1OC(=O)OCC1c2ccccc2-c2ccccc21,C=CCCCO[C@@H]1O[C@H](COCc2ccccc2)[C@@H](O)[C@H](OC(=O)CCC(C)=O)[C@H]1NC(=O)C(Cl)(Cl)Cl,C=CCCCO[C@@H]1O[C@H](COCc2ccccc2)[C@@H](OC(C)=O)[C@H](OC(=O)CCC(C)=O)[C@H]1NC(=O)C(Cl)(Cl)Cl,thioglycoside,18,19,18,19
SG-e208891db2beca0a,e208891db2beca0a19f3165415020c0063a161c99dea189f42c567c8d8b4952c,1265,31-013-CAS-16946852,1265,31-013-CAS-16946852,1,CC(=O)O[C@H]1[C@H](OCc2ccccc2)[C@@H](N2C(=O)c3ccccc3C2=O)[C@H](Sc2ccccc2)O[C@@H]1COCc1ccccc1,CO[C@H]1O[C@H](COCc2ccccc2)[C@@H](O[C@@H]2O[C@H](COCc3ccccc3)[C@@H](O[C@@H]3O[C@H](COCc4ccccc4)[C@@H](O)[C@H](OCc4ccccc4)[C@H]3N3C(=O)c4ccccc4C3=O)[C@H](OCc3ccccc3)[C@H]2N2C(=O)c3ccccc3C2=O)[C@H](OCc2ccccc2)[C@@H]1N=[N+]=[N-],CO[C@H]1O[C@H](COCc2ccccc2)[C@@H](O[C@@H]2O[C@H](COCc3ccccc3)[C@@H](O[C@@H]3O[C@H](COCc4ccccc4)[C@@H](OC(C)=O)[C@H](OCc4ccccc4)[C@H]3N3C(=O)c4ccccc4C3=O)[C@H](OCc3ccccc3)[C@H]2N2C(=O)c3ccccc3C2=O)[C@H](OCc2ccccc2)[C@@H]1N=[N+]=[N-],thioglycoside,42,43,42,43
SG-e21419d5345f02c5,e21419d5345f02c58b7d348cafb7479c6b2295a2d9af4f09f6b7043bb80d504b,579,31-010-CAS-4236424,579,31-010-CAS-4236424,1,O=C(OCC1c2ccccc2-c2ccccc21)OC[C@H]1O[C@H](OC(=Nc2ccccc2)C(F)(F)F)[C@H](OCc2ccccc2)[C@@H](OCc2ccccc2)[C@@H]1OCc1ccccc1,COC(=O)[C@H]1O[C@@H](Sc2ccccc2)[C@@H](N=[N+]=[N-])[C@@H](OCc2ccccc2)[C@@H]1O,COC(=O)[C@H]1O[C@@H](Sc2ccccc2)[C@@H](N=[N+]=[N-])[C@@H](OCc2ccccc2)[C@@H]1OC(C)=O,trifluoroacetimidate,27,28,27,28
SG-e22ea5570439c481,e22ea5570439c48154dc3197c38cd16fe7e298f323030536342d5fabc1757afc,739,31-013-CAS-10316632,739,31-013-CAS-10316632,1,CCSC1O[C@@H](COC(C)=O)[C@@H](OC(C)=O)[C@H](OC)[C@H]1OC(C)=O,C#CCCCO[C@@H]1O[C@H](CO[Si](c2ccccc2)(c2ccccc2)C(C)(C)C)[C@@H](O)[C@H](OCc2ccccc2)[C@H]1N=[N+]=[N-],C#CCCCO[C@@H]1O[C@H](CO[Si](c2ccccc2)(c2ccccc2)C(C)(C)C)[C@@H](OC(C)=O)[C@H](OCc2ccccc2)[C@H]1N=[N+]=[N-],thioglycoside,28,29,28,29
SG-e275d7828e3f65a9,e275d7828e3f65a9f636b7be23d4a092a184ab8dbeb9ca0ab4f0996f64439040,655,31-013-CAS-14145593,655,31-013-CAS-14145593,1,CCS[C@H]1O[C@H](C)[C@@H](N=[N+]=[N-])[C@H](OCc2ccccc2)[C@@H]1O[C@H]1O[C@H](C)[C@@H](N=[N+]=[N-])[C@H](OCc2ccccc2)[C@@H]1OC(C)=O,CO[C@H]1O[C@H](C)[C@@H](N=[N+]=[N-])[C@H](OCc2ccccc2)[C@@H]1O,CO[C@H]1O[C@H](C)[C@@H](N=[N+]=[N-])[C@H](OCc2ccccc2)[C@@H]1OC(C)=O,thioglycoside,19,20,19,20
SG-e28e91b34f020199,e28e91b34f0201996be93a4af320a104802bf76d428f5b6dc56b4cd9dbc1389b,120,31-010-CAS-8132868,120,31-010-CAS-8132868,1,CC(=O)OC[C@H]1O[C@H](OC(=N)C(Cl)(Cl)Cl)[C@H](OC(C)=O)[C@@H](OC(C)=O)[C@H]1OC(C)=O,CC(=O)N[C@H]1[C@H](OCCCCCCNC(=O)OCc2ccccc2)O[C@H](COCc2ccccc2)[C@@H](O)[C@@H]1OCc1ccccc1,CC(=O)N[C@H]1[C@H](OCCCCCCNC(=O)OCc2ccccc2)O[C@H](COCc2ccccc2)[C@@H](OC(C)=O)[C@@H]1OCc1ccccc1,trichloroacetimidate,35,36,35,36
SG-e2c8e7e9cb890928,e2c8e7e9cb890928d931c7846a135f4da7cfc3b0a139949b705185c4701bea69,907,31-013-CAS-1477228,907,31-013-CAS-1477228,1,C=CCOC[C@H]1O[C@H](SCC)[C@@H](OCc2ccccc2)[C@@H](OCc2ccccc2)[C@@H]1OCc1ccccc1,CC1(C)[C@H]2CC[C@]1(C)[C@]1(C2)O[C@@H]2[C@H](OCc3ccccc3)[C@@H](OCc3ccccc3)[C@H](OCc3ccccc3)[C@@H](O[C@H]3O[C@H](COCc4ccccc4)[C@@H](O)[C@H](OCc4ccccc4)[C@H]3N=[N+]=[N-])[C@@H]2O1,CC(=O)O[C@H]1[C@H](OCc2ccccc2)[C@@H](N=[N+]=[N-])[C@@H](O[C@@H]2[C@@H](OCc3ccccc3)[C@H](OCc3ccccc3)[C@@H](OCc3ccccc3)[C@H]3O[C@]4(C[C@@H]5CC[C@@]4(C)C5(C)C)O[C@@H]23)O[C@@H]1COCc1ccccc1,thioglycoside,53,54,4,3
SG-e2cfcce62a2f56b5,e2cfcce62a2f56b551a043008708f3275aa3adbaf848b4a7972264fc25692760,813,31-301-CAS-10315052,813,31-301-CAS-10315052,1,O=S(c1ccccc1)[C@H]1O[C@@H]2CO[C@@H](c3ccccc3)O[C@H]2[C@H](OCC#Cc2cccc3ccccc23)[C@@H]1OCc1ccccc1,C=CCCCO[C@@H]1O[C@H](COCc2ccccc2)[C@@H](O)[C@H](OCc2ccccc2)[C@H]1N=[N+]=[N-],C=CCCCO[C@@H]1O[C@H](COCc2ccccc2)[C@@H](OC(C)=O)[C@H](OCc2ccccc2)[C@H]1N=[N+]=[N-],thioglycoside,18,19,18,19
SG-e2d92ad342486c23,e2d92ad342486c2302cfb6b9e6e7017c5aefefc40051358980bbd01582af4fe1,705,31-013-CAS-4509020,705,31-013-CAS-4509020,1,CCS[C@H]1O[C@H](C)[C@@H](N=[N+]=[N-])[C@H](OC(C)=O)[C@@H]1OCc1ccccc1,COC(=O)CCCCCO[C@H]1O[C@H](C)[C@@H](N=[N+]=[N-])[C@H](O[C@H]2O[C@H](C)[C@@H](N=[N+]=[N-])[C@H](O[C@H]3O[C@H](C)[C@@H](N=[N+]=[N-])[C@H](OCc4ccccc4)[C@@H]3O)[C@@H]2OCc2ccccc2)[C@@H]1OCc1ccccc1,COC(=O)CCCCCO[C@H]1O[C@H](C)[C@@H](N=[N+]=[N-])[C@H](O[C@H]2O[C@H](C)[C@@H](N=[N+]=[N-])[C@H](O[C@H]3O[C@H](C)[C@@H](N=[N+]=[N-])[C@H](OCc4ccccc4)[C@@H]3OC(C)=O)[C@@H]2OCc2ccccc2)[C@@H]1OCc1ccccc1,thioglycoside,47,48,47,48
SG-e33bdee8e0da7336,e33bdee8e0da73361472a9601c7e6da449b6aaafa685fdb428eda0f6398ad6ae,1386,31-013-CAS-13535004,1386,31-013-CAS-13535004,1,CC(=O)OC[C@H]1O[C@@H](O[C@H]2[C@H](OC(C)=O)[C@@H](N3C(=O)c4ccccc4C3=O)[C@H](Sc3ccccc3)O[C@@H]2COCc2ccccc2)[C@H](N2C(=O)c3ccccc3C2=O)[C@@H](OC(C)=O)[C@@H]1OC(C)=O,CC(=O)O[C@H]1[C@H](O)[C@@H](COCc2ccccc2)O[C@@H](Sc2ccccc2)[C@@H]1N1C(=O)c2ccccc2C1=O,CC(=O)O[C@H]1[C@H](OC(C)=O)[C@@H](COCc2ccccc2)O[C@@H](Sc2ccccc2)[C@@H]1N1C(=O)c2ccccc2C1=O,thioglycoside,5,6,5,6
SG-e3477f62d7f07cf5,e3477f62d7f07cf5ab7549f164eb5233907214f271de6abc4fe30eba77b088a9,1016,31-013-CAS-20281584,1016,31-013-CAS-20281584,1,CCS[C@H]1O[C@@H]2CO[C@@H](c3ccccc3)O[C@H]2[C@H](OCc2ccc(OC)cc2)[C@@H]1OCc1ccccc1,COc1ccc(O[C@H]2O[C@H](COCc3ccccc3)[C@@H](O)[C@H](OC(C)=O)[C@H]2NC(=O)OCC(Cl)(Cl)Cl)cc1,COc1ccc(O[C@H]2O[C@H](COCc3ccccc3)[C@@H](OC(C)=O)[C@H](OC(C)=O)[C@H]2NC(=O)OCC(Cl)(Cl)Cl)cc1,thioglycoside,19,20,19,20
SG-e34cf5cbdbf0432b,e34cf5cbdbf0432bca3173ba67ed2196384f48b1fd0a0e1a220429802b2090aa,301,31-010-CAS-388833,301,31-010-CAS-388833,1,COC(=O)[C@H]1O[C@H](OC(=N)C(Cl)(Cl)Cl)[C@H](OC(C)=O)[C@@H](OC(C)=O)[C@@H]1OC(C)=O,C=CCCCO[C@@H]1O[C@H](COC(C)=O)[C@@H](O)[C@H](OC(C)=O)[C@H]1N=[N+]=[N-],C=CCCCO[C@@H]1O[C@H](COC(C)=O)[C@@H](OC(C)=O)[C@H](OC(C)=O)[C@H]1N=[N+]=[N-],trichloroacetimidate,14,15,14,15
SG-e351ab1136f68f51,e351ab1136f68f5142990f58ed63b833746d6a9cefc10d7b2e0ff7e14e28c605,838,31-013-CAS-6201072,838;839;840,31-013-CAS-6201072;31-013-CAS-10462327;31-013-CAS-8328637,3,CC(=O)CCC(=O)O[C@H]1[C@H](OCc2ccccc2)[C@@H](OC(=O)c2ccccc2)[C@H](Sc2ccc(C)cc2)O[C@H]1CO[Si](c1ccccc1)(c1ccccc1)C(C)(C)C,CC(=O)OC[C@H]1O[C@@H](Sc2ccc(C)cc2)[C@H](N=[N+]=[N-])[C@@H](OCc2ccccc2)[C@@H]1O,CC(=O)OC[C@H]1O[C@@H](Sc2ccc(C)cc2)[C@H](N=[N+]=[N-])[C@@H](OCc2ccccc2)[C@@H]1OC(C)=O,thioglycoside,29,30,29,30
SG-e359e0ea9d582050,e359e0ea9d5820500ad94289bce7929d9b737ae6dc62ee6272b699eb9cc83122,1454,31-013-CAS-20404994,1454,31-013-CAS-20404994,1,CCS[C@@H]1O[C@H](COC(C)=O)[C@H](OC(C)=O)[C@H](OC(C)=O)[C@H]1NC(=O)OCC(Cl)(Cl)Cl,CC(=O)O[C@H]1[C@H](O)[C@@H](COCc2ccccc2)O[C@@H](OCCOCCOCCN=[N+]=[N-])[C@@H]1N1C(=O)c2ccccc2C1=O,CC(=O)O[C@H]1[C@H](OC(C)=O)[C@@H](COCc2ccccc2)O[C@@H](OCCOCCOCCN=[N+]=[N-])[C@@H]1N1C(=O)c2ccccc2C1=O,thioglycoside,5,6,5,6
SG-e36a619377e14abf,e36a619377e14abf8f638f164c0a4b27de333fcd249de5270c6031e62e40d0c0,268,31-010-CAS-4044654,268,31-010-CAS-4044654,1,CC(=O)OC[C@H]1O[C@@H](OC(=N)C(Cl)(Cl)Cl)[C@H](OC(=O)C(C)(C)C)[C@@H](OC(C)=O)[C@H]1OC(C)=O,CCS[C@@H]1O[C@H](COCc2ccccc2)[C@@H](O)[C@H](OCc2ccccc2)[C@H]1N1C(=O)c2ccccc2C1=O,CCS[C@@H]1O[C@H](COCc2ccccc2)[C@@H](OC(C)=O)[C@H](OCc2ccccc2)[C@H]1N1C(=O)c2ccccc2C1=O,trichloroacetimidate,15,16,15,16
SG-e3a78daff963c230,e3a78daff963c23016f6c56cd36542c9ea9ad292cb3e88d99a3569cf225b457d,81,31-010-CAS-19796376,81,31-010-CAS-19796376,1,CC(=O)OC[C@H]1O[C@H](OC(=N)C(Cl)(Cl)Cl)[C@H](OC(C)=O)[C@@H](OC(C)=O)[C@H]1OC(C)=O,C=CCO[C@@H]1O[C@H](CO[Si](c2ccccc2)(c2ccccc2)C(C)(C)C)[C@@H](O)[C@H](O)[C@H]1N1C(=O)c2ccccc2C1=O,C=CCO[C@@H]1O[C@H](CO[Si](c2ccccc2)(c2ccccc2)C(C)(C)C)[C@@H](OC(C)=O)[C@H](O)[C@H]1N1C(=O)c2ccccc2C1=O,trichloroacetimidate,26,27,26,27
SG-e3ad104489c83195,e3ad104489c83195c12bde05f7966ebbdbf9c6dfb30296db8225794eb69f7eb0,1348,31-013-CAS-3522722,1348,31-013-CAS-3522722,1,CC(=O)O[C@@H]1[C@@H](NC(=O)OCC(Cl)(Cl)Cl)[C@H](Sc2ccccc2)O[C@@H]2CO[Si](C(C)(C)C)(C(C)(C)C)O[C@H]12,[N-]=[N+]=N[C@@H]1[C@H](O[C@H]2[C@H](OCc3ccc4ccccc4c3)[C@@H](N=[N+]=[N-])[C@H](OCCCCCN(Cc3ccccc3)C(=O)OCc3ccccc3)O[C@@H]2COCc2ccccc2)O[C@H](COCc2ccccc2)[C@@H](O)[C@@H]1OCc1ccccc1,CC(=O)O[C@H]1[C@H](OCc2ccccc2)[C@H](N=[N+]=[N-])[C@H](O[C@H]2[C@H](OCc3ccc4ccccc4c3)[C@@H](N=[N+]=[N-])[C@H](OCCCCCN(Cc3ccccc3)C(=O)OCc3ccccc3)O[C@@H]2COCc2ccccc2)O[C@@H]1COCc1ccccc1,thioglycoside,71,72,4,3
SG-e3c932659a8098ba,e3c932659a8098ba4e78bd02a9015f1d47d1b1393a648af7a7d8dde70f4a317f,1107,31-013-CAS-3484263,1107,31-013-CAS-3484263,1,CCS[C@@H]1O[C@H](C)[C@H](OC(C)=O)[C@H](OC(C)=O)[C@H]1OC(C)=O,O=C1c2ccccc2C(=O)N1[C@@H]1[C@@H](O)[C@H](O)[C@@H](COCc2ccccc2)O[C@H]1Sc1ccccc1,CC(=O)O[C@H]1[C@H](O)[C@@H](N2C(=O)c3ccccc3C2=O)[C@H](Sc2ccccc2)O[C@@H]1COCc1ccccc1,thioglycoside,14,15,4,3
SG-e3ea300c4940e500,e3ea300c4940e500a1edfd952393ee53330ed10b14cc460d119cd0654a3695f2,996,31-013-CAS-7616373,996,31-013-CAS-7616373,1,CCS[C@@H]1O[C@H](COC(=O)c2ccccc2)[C@H](OC(=O)c2ccccc2)[C@H](O[C@@H](CC2CCCCC2)C(=O)OCc2ccccc2)[C@H]1OC(=O)c1ccccc1,CO[C@@H]1O[C@H](COCc2ccccc2)[C@@H](O)[C@H](O[C@@H]2O[C@@H](C)[C@@H](OCc3ccccc3)[C@@H](OCc3ccccc3)[C@@H]2OCc2ccccc2)[C@H]1NC(C)=O,CO[C@@H]1O[C@H](COCc2ccccc2)[C@@H](OC(C)=O)[C@H](O[C@@H]2O[C@@H](C)[C@@H](OCc3ccccc3)[C@@H](OCc3ccccc3)[C@@H]2OCc2ccccc2)[C@H]1NC(C)=O,thioglycoside,14,15,14,15
SG-e3fa8448d9187275,e3fa8448d918727534cd2f8d97d321a5bec2e680b05c3c251452bafe038fec55,584,31-013-CAS-15255305,584,31-013-CAS-15255305,1,C[C@@H]1OC(OC(=Nc2ccccc2)C(F)(F)F)[C@@H](OCc2ccccc2)[C@H](OCc2ccccc2)[C@@H]1OCc1ccccc1,C=CCOC(=O)O[C@H]1[C@H](O)[C@@H](COCc2ccccc2)O[C@@H](O[Si](C)(C)C(C)(C)C)[C@@H]1NC(=O)OCC(Cl)(Cl)Cl,C=CCOC(=O)O[C@@H]1[C@@H](NC(=O)OCC(Cl)(Cl)Cl)[C@H](O[Si](C)(C)C(C)(C)C)O[C@H](COCc2ccccc2)[C@H]1OC(C)=O,trifluoroacetimidate,8,9,38,39
SG-e408ce4be5511161,e408ce4be5511161562887434bf6f29b77f152d47150411060060667fa643a41,1242,31-614-CAS-38021969,1242,31-614-CAS-38021969,1,O=C(CCl)O[C@@H]1[C@H](OCc2ccccc2)[C@@H](N2C(=O)c3ccccc3C2=O)[C@H](Sc2ccccc2)O[C@@H]1CN1C(=O)c2ccccc2C1=O,CO[C@@H]1O[C@H](CN2C(=O)c3ccccc3C2=O)[C@H](O)[C@H](OCc2ccccc2)[C@H]1N1C(=O)c2ccccc2C1=O,CO[C@@H]1O[C@H](CN2C(=O)c3ccccc3C2=O)[C@H](OC(C)=O)[C@H](OCc2ccccc2)[C@H]1N1C(=O)c2ccccc2C1=O,thioglycoside,17,18,17,18
SG-e44e9c666975366e,e44e9c666975366e1ab6b1458b9fa1757b6754d0e779e658a5f8303e3790d5c1,1073,31-301-CAS-3738842,1073;1074;1075;1076,31-301-CAS-3738842;31-301-CAS-14975289;31-301-CAS-2565946;31-301-CAS-13905288,4,O=S(c1ccccc1)[C@@H]1O[C@H](COCc2ccccc2)[C@@H](OCc2ccccc2)[C@H](OCc2ccccc2)[C@H]1OCc1ccccc1,CO[C@H]1O[C@H](COCc2ccccc2)[C@@H](O)[C@@H]2OC(=O)N(C(C)=O)[C@@H]12,CO[C@H]1O[C@H](COCc2ccccc2)[C@@H](OC(C)=O)[C@@H]2OC(=O)N(C(C)=O)[C@@H]12,thioglycoside,14,15,14,15
SG-e459ade974935803,e459ade9749358037b068e285af7d8588d0316de0a5ef10e9d27c9c8ecf363fb,617,31-010-CAS-16604921,617,31-010-CAS-16604921,1,CCOC(=O)[C@@H](C)O[C@H]1[C@H](O[C@@H]2O[C@H](COCc3ccccc3)[C@@H](OC(=O)OCC3c4ccccc4-c4ccccc43)[C@H](OCc3ccccc3)[C@H]2NC(=O)OCC(Cl)(Cl)Cl)[C@@H](COCc2ccccc2)OC(OC(=Nc2ccccc2)C(F)(F)F)[C@@H]1NC(=O)OCC(Cl)(Cl)Cl,C=CCO[C@H]1O[C@H](COCc2ccccc2)[C@@H](O[C@@H]2O[C@H](COCc3ccccc3)[C@@H](O)[C@H](OCc3ccccc3)[C@H]2NC(=O)OCC(Cl)(Cl)Cl)[C@H](O[C@H](C)C(=O)OCC)[C@H]1NC(=O)OCC(Cl)(Cl)Cl,C=CCO[C@H]1O[C@H](COCc2ccccc2)[C@@H](O[C@@H]2O[C@H](COCc3ccccc3)[C@@H](OC(C)=O)[C@H](OCc3ccccc3)[C@H]2NC(=O)OCC(Cl)(Cl)Cl)[C@H](O[C@H](C)C(=O)OCC)[C@H]1NC(=O)OCC(Cl)(Cl)Cl,trifluoroacetimidate,30,31,30,31
SG-e53ea0d4def3fc32,e53ea0d4def3fc323b210309d2946aba29cb8290c308fc62562a41d6db259574,1224,31-614-CAS-32458042,1224;1225,31-614-CAS-32458042;31-614-CAS-37587985,2,CC(=O)OC[C@@H]1O[C@@H](Sc2ccc(C)cc2)[C@H](OC(=O)c2ccccc2)[C@@H](OCc2ccccc2)[C@@H]1O[C@H]1O[C@H](CO[Si](c2ccccc2)(c2ccccc2)C(C)(C)C)[C@@H](OCc2ccc3ccccc3c2)[C@H](OCc2ccc(Br)cc2)[C@H]1N=[N+]=[N-],CC(=O)OC[C@@H]1O[C@@H](OCCCCCN(Cc2ccccc2)C(=O)OCc2ccccc2)[C@H](OC(=O)c2ccccc2)[C@@H](OCc2ccccc2)[C@@H]1O[C@H]1O[C@H](CO[Si](c2ccccc2)(c2ccccc2)C(C)(C)C)[C@@H](O)[C@H](OCc2ccc(Br)cc2)[C@H]1N=[N+]=[N-],CC(=O)OC[C@@H]1O[C@@H](OCCCCCN(Cc2ccccc2)C(=O)OCc2ccccc2)[C@H](OC(=O)c2ccccc2)[C@@H](OCc2ccccc2)[C@@H]1O[C@H]1O[C@H](CO[Si](c2ccccc2)(c2ccccc2)C(C)(C)C)[C@@H](OC(C)=O)[C@H](OCc2ccc(Br)cc2)[C@H]1N=[N+]=[N-],thioglycoside,75,76,75,76
SG-e54a90a06e2b03b2,e54a90a06e2b03b22dba679e5e38094d5cbd0fa0e4d00eba6bc01cd7480d7713,491,31-010-CAS-16647879,491,31-010-CAS-16647879,1,CC(=O)O[C@@H]1[C@@H](O[C@@H]2[C@@H](OC[C@H]3O[C@H](OC(=N)C(Cl)(Cl)Cl)[C@@H](OC(=O)c4ccccc4)[C@@H](OCc4ccccc4)[C@@H]3OCc3ccccc3)O[C@H](COCc3ccccc3)[C@@H](OCc3ccccc3)[C@@H]2OCc2ccccc2)O[C@H](CO[Si](C(C)C)(C(C)C)C(C)C)[C@@H](OCc2ccccc2)[C@@H]1OCc1ccccc1,C=CCO[C@@H]1CCCC[C@H]1O[C@H]1O[C@H](COCc2ccccc2)[C@@H](O)[C@H](OCc2ccccc2)[C@H]1N=[N+]=[N-],C=CCO[C@@H]1CCCC[C@H]1O[C@H]1O[C@H](COCc2ccccc2)[C@@H](OC(C)=O)[C@H](OCc2ccccc2)[C@H]1N=[N+]=[N-],trichloroacetimidate,23,24,23,24
SG-e5746f12f837a89d,e5746f12f837a89d4f4cc985071691d9b26e6f84c72f263f669efb62f38bba1d,1096,31-013-CAS-8679459,1096;1097;1098,31-013-CAS-8679459;31-013-CAS-1889585;31-013-CAS-11290207,3,CCS[C@H]1O[C@@H]2CO[C@@H](c3ccccc3)O[C@H]2[C@H](OCc2ccccc2)[C@H]1OCc1ccccc1,CO[C@H]1O[C@H](COCc2ccccc2)[C@@H](O)[C@@H]2OC(=O)N(C(C)=O)[C@@H]12,CO[C@H]1O[C@H](COCc2ccccc2)[C@@H](OC(C)=O)[C@@H]2OC(=O)N(C(C)=O)[C@@H]12,thioglycoside,14,15,14,15
SG-e5bee274b52d09e6,e5bee274b52d09e6b26f5da41e9995e1087b4aa02eff654d7feab263cfe840ed,627,31-010-CAS-14898210,627,31-010-CAS-14898210,1,O=C1c2ccccc2C(=O)N1[C@H]1[C@H](OC(=Nc2ccccc2)C(F)(F)F)O[C@H](COCc2ccccc2)[C@@H](O[C@@H]2O[C@@H]3CO[C@@H](c4ccccc4)O[C@H]3[C@H](OCc3ccc4ccccc4c3)[C@@H]2OCc2ccccc2)[C@@H]1OCc1ccccc1,[N-]=[N+]=NCCCCCO[C@@H]1O[C@H](COCc2ccccc2)[C@@H](O)[C@H](OCc2ccccc2)[C@H]1N1C(=O)c2ccccc2C1=O,CC(=O)O[C@H]1[C@H](OCc2ccccc2)[C@@H](N2C(=O)c3ccccc3C2=O)[C@H](OCCCCCN=[N+]=[N-])O[C@@H]1COCc1ccccc1,trifluoroacetimidate,21,22,4,3
SG-e5e2b78c58233f00,e5e2b78c58233f0044d363db23d6d2a1fc8cce8f3e75c2f9dd53497448d543e8,661,31-013-CAS-20074834,661;662,31-013-CAS-20074834;31-013-CAS-17381412,2,CC(=O)O[C@H]1[C@@H](OCc2ccccc2)[C@H](N=[N+]=[N-])[C@@H](C)O[C@@H]1Sc1ccc(C)cc1,CO[C@H]1O[C@H](C)[C@@H](N=[N+]=[N-])[C@H](OCc2ccccc2)[C@@H]1O[C@H]1O[C@H](C)[C@@H](N=[N+]=[N-])[C@H](OCc2ccccc2)[C@@H]1O[C@H]1O[C@H](C)[C@@H](N=[N+]=[N-])[C@H](OCc2ccccc2)[C@@H]1O[C@H]1O[C@H](C)[C@@H](N=[N+]=[N-])[C@H](OCc2ccccc2)[C@@H]1O,CO[C@H]1O[C@H](C)[C@@H](N=[N+]=[N-])[C@H](OCc2ccccc2)[C@@H]1O[C@H]1O[C@H](C)[C@@H](N=[N+]=[N-])[C@H](OCc2ccccc2)[C@@H]1O[C@H]1O[C@H](C)[C@@H](N=[N+]=[N-])[C@H](OCc2ccccc2)[C@@H]1O[C@H]1O[C@H](C)[C@@H](N=[N+]=[N-])[C@H](OCc2ccccc2)[C@@H]1OC(C)=O,thioglycoside,76,77,76,77
SG-e62b11bc53df31d4,e62b11bc53df31d41d9eda544279dc9d3510a35b0109669d63cdac03a9eafb0b,861,31-013-CAS-17081679,861;862,31-013-CAS-17081679;31-013-CAS-9514437,2,COc1ccc(CO[C@H]2[C@H](OCc3ccccc3)[C@@H](OC(=O)c3ccccc3)[C@H](Sc3ccc(C)cc3)O[C@@H]2CO[Si](c2ccccc2)(c2ccccc2)C(C)(C)C)cc1,Cc1ccc(S[C@@H]2O[C@H](CO[Si](c3ccccc3)(c3ccccc3)C(C)(C)C)[C@@H](O[C@H]3O[C@H](COCc4ccccc4)[C@@H](O)[C@H](OCc4ccccc4)[C@H]3N=[N+]=[N-])[C@H](OCc3ccccc3)[C@H]2OC(=O)c2ccccc2)cc1,CC(=O)O[C@H]1[C@H](OCc2ccccc2)[C@@H](N=[N+]=[N-])[C@@H](O[C@H]2[C@H](OCc3ccccc3)[C@@H](OC(=O)c3ccccc3)[C@H](Sc3ccc(C)cc3)O[C@@H]2CO[Si](c2ccccc2)(c2ccccc2)C(C)(C)C)O[C@@H]1COCc1ccccc1,thioglycoside,42,43,4,3
SG-e6425c7dd58223fe,e6425c7dd58223fece269469579baa87c4e56de3abfe2d1fbd936310de5b6519,90,31-010-CAS-12970683,90,31-010-CAS-12970683,1,CC(=O)O[C@H]1C(OC(=N)C(Cl)(Cl)Cl)O[C@H](COCc2ccccc2)[C@H](OCc2ccccc2)[C@@H]1OCc1ccccc1,CC(=O)CCC(=O)O[C@@H]1[C@@H](NC(=O)OCC(Cl)(Cl)Cl)[C@H](OCCCCCN(Cc2ccccc2)C(=O)OCc2ccccc2)O[C@H](COCc2ccccc2)[C@H]1O[C@@H]1O[C@H](COCc2ccccc2)[C@@H](O[C@H]2O[C@H](COCc3ccccc3)[C@@H](O)[C@H](OCc3ccc4ccccc4c3)[C@H]2N=[N+]=[N-])[C@H](OCc2ccccc2)[C@@H]1N=[N+]=[N-],CC(=O)CCC(=O)O[C@@H]1[C@@H](NC(=O)OCC(Cl)(Cl)Cl)[C@H](OCCCCCN(Cc2ccccc2)C(=O)OCc2ccccc2)O[C@H](COCc2ccccc2)[C@H]1O[C@@H]1O[C@H](COCc2ccccc2)[C@@H](O[C@H]2O[C@H](COCc3ccccc3)[C@@H](OC(C)=O)[C@H](OCc3ccc4ccccc4c3)[C@H]2N=[N+]=[N-])[C@H](OCc2ccccc2)[C@@H]1N=[N+]=[N-],trichloroacetimidate,83,84,83,84
SG-e642f620f08c5a3d,e642f620f08c5a3d83c9a0e6d10a7be8d8ecb6600357c6faadbfffed3f86f466,1130,31-614-CAS-40361044,1130,31-614-CAS-40361044,1,CCS[C@@H]1O[C@H](COCc2ccccc2)[C@@H](O)[C@H](O)[C@H]1N1C(=O)c2ccccc2C1=O,CCS[C@@H]1O[C@H](COCc2ccccc2)[C@@H](O)[C@H](O)[C@H]1N1C(=O)c2ccccc2C1=O,CCS[C@@H]1O[C@H](COCc2ccccc2)[C@@H](OC(C)=O)[C@H](O)[C@H]1N1C(=O)c2ccccc2C1=O,thioglycoside,15,16,15,16
SG-e6734f5a4fd06c38,e6734f5a4fd06c383cdc86686132bd4b1e66c7cac57259477dea85088d3a0ad1,1257,31-614-CAS-31204242,1257,31-614-CAS-31204242,1,CCS[C@@H]1O[C@H](COCc2ccccc2)[C@H](OCc2ccccc2)[C@H](OC(=O)c2ccccc2)[C@H]1OC(=O)c1ccccc1,CC(=O)CCC(=O)OC[C@H]1O[C@@H](OCCCCCN(Cc2ccccc2)C(=O)OCc2ccccc2)[C@H](NC(=O)C(Cl)(Cl)Cl)[C@@H](OCc2ccccc2)[C@@H]1O,CC(=O)CCC(=O)OC[C@H]1O[C@@H](OCCCCCN(Cc2ccccc2)C(=O)OCc2ccccc2)[C@H](NC(=O)C(Cl)(Cl)Cl)[C@@H](OCc2ccccc2)[C@@H]1OC(C)=O,thioglycoside,53,54,53,54
SG-e6a355df2b7b4a5e,e6a355df2b7b4a5e2aa2e04541ad8842319f98a5ba796b218261e75c0f982807,356,31-010-CAS-21359665,356;357,31-010-CAS-21359665;31-010-CAS-9313729,2,COC(=O)[C@H]1OC(OC(=N)C(Cl)(Cl)Cl)[C@H](OC(=O)c2ccccc2)[C@@H](OCc2ccccc2)[C@@H]1O[C@H]1O[C@H](COCc2ccc(OC)cc2)[C@@H](OCc2ccccc2)[C@H](OCc2ccccc2)[C@H]1NC=C1C(=O)N(C)C(=O)N(C)C1=O,COc1ccc(COC[C@H]2O[C@@H](O[Si](c3ccccc3)(c3ccccc3)C(C)(C)C)[C@H](N=[N+]=[N-])[C@@H](OCc3ccc(OC)cc3)[C@@H]2O)cc1,COc1ccc(COC[C@H]2O[C@@H](O[Si](c3ccccc3)(c3ccccc3)C(C)(C)C)[C@H](N=[N+]=[N-])[C@@H](OCc3ccc(OC)cc3)[C@@H]2OC(C)=O)cc1,trichloroacetimidate,45,46,45,46
SG-e6b08743ed98e10d,e6b08743ed98e10d777acfe1da29b48b5787629ad3eaa1a17658d59f491949f2,187,31-010-CAS-1082512,187,31-010-CAS-1082512,1,CC(=O)OC[C@H]1O[C@@H](OC(=N)C(Cl)(Cl)Cl)[C@H](N2C(=O)c3ccccc3C2=O)[C@@H](OC(C)=O)[C@@H]1OC(C)=O,CC(=O)OCC(=O)N[C@H]1[C@@H](OCc2ccccc2)O[C@H](COC(C)=O)[C@@H](O)[C@@H]1O[C@H](C)C(=O)N[C@@H](C)C(=O)OCC[Si](C)(C)C,CC(=O)OCC(=O)N[C@H]1[C@@H](OCc2ccccc2)O[C@H](COC(C)=O)[C@@H](OC(C)=O)[C@@H]1O[C@H](C)C(=O)N[C@@H](C)C(=O)OCC[Si](C)(C)C,trichloroacetimidate,25,26,25,26
SG-e6b43db481574b3c,e6b43db481574b3c5d34e7e541fda84287a5d240ef20006287fda18fc961b541,1546,31-013-CAS-16486922,1546,31-013-CAS-16486922,1,COC(=O)[C@@]1(OC[C@H]2O[C@@H](Sc3ccc(C)cc3)[C@H](OC(=O)c3ccccc3)[C@@H](OCc3ccccc3)[C@@H]2OCc2ccccc2)C[C@@H]2OC(=O)N(C(C)=O)[C@H]2[C@H]([C@H](OC(C)=O)[C@@H](COC(C)=O)OC(C)=O)O1,[N-]=[N+]=NCCCCCO[C@@H]1O[C@H](COCc2ccccc2)[C@@H](O)[C@H](OCc2ccccc2)[C@H]1NC(=O)OCC(Cl)(Cl)Cl,CC(=O)O[C@H]1[C@H](OCc2ccccc2)[C@@H](NC(=O)OCC(Cl)(Cl)Cl)[C@H](OCCCCCN=[N+]=[N-])O[C@@H]1COCc1ccccc1,thioglycoside,21,22,4,3
SG-e6cff6c568c7ab58,e6cff6c568c7ab5895eb5bf0515092afc9ba7e99f36acfdf9bc96b7f550a2e58,1059,31-013-CAS-12919728,1059,31-013-CAS-12919728,1,CCS[C@@H]1O[C@@H]2CO[C@H](c3ccccc3)O[C@@H]2[C@H](OC(C)=O)[C@H]1OC(C)=O,CC(=O)N[C@H]1[C@H](OCCNC(=O)C(F)(F)F)O[C@H](COCc2ccccc2)[C@@H](O)[C@@H]1OCc1ccccc1,CC(=O)N[C@H]1[C@H](OCCNC(=O)C(F)(F)F)O[C@H](COCc2ccccc2)[C@@H](OC(C)=O)[C@@H]1OCc1ccccc1,thioglycoside,27,28,27,28
SG-e6e66bd83ceb7a2b,e6e66bd83ceb7a2bcaddaded73967396324659651b3852deb9304cf60d5a25e2,952,31-013-CAS-8143526,952;953;954,31-013-CAS-8143526;31-013-CAS-2665220;31-013-CAS-9988480,3,CCSC1O[C@H]2CO[C@@H](c3ccccc3)O[C@H]2[C@H](OCc2ccccc2)[C@H]1OC(C)=O,CC(=O)OC[C@H]1O[C@H](OCCCCCN(Cc2ccccc2)C(=O)OCc2ccccc2)[C@H](N=[N+]=[N-])[C@@H](OCc2ccccc2)[C@@H]1O,CC(=O)OC[C@H]1O[C@H](OCCCCCN(Cc2ccccc2)C(=O)OCc2ccccc2)[C@H](N=[N+]=[N-])[C@@H](OCc2ccccc2)[C@@H]1OC(C)=O,thioglycoside,45,46,45,46
SG-e6f7bf4a56546964,e6f7bf4a56546964b453fb15f78c33748ae4e98d74b16381a9a19b4a276ee30c,318,31-010-CAS-13280393,318,31-010-CAS-13280393,1,[N-]=[N+]=N[C@H]1[C@@H](OC(=N)C(Cl)(Cl)Cl)O[C@@H]2CO[C@@H](c3ccccc3)O[C@H]2[C@@H]1OCc1ccccc1,C=CCO[C@H]1O[C@H](COCc2ccccc2)[C@@H](O)[C@H](OC(=O)OCc2ccccc2)[C@H]1NC(=O)OCC(Cl)(Cl)Cl,C=CCO[C@H]1O[C@H](COCc2ccccc2)[C@@H](OC(C)=O)[C@H](OC(=O)OCc2ccccc2)[C@H]1NC(=O)OCC(Cl)(Cl)Cl,trichloroacetimidate,16,17,16,17
SG-e733f720b058e4a2,e733f720b058e4a25703e3b07a1de38aa7901e28ad6c861f6309935a1dda047b,1246,31-013-CAS-7193625,1246,31-013-CAS-7193625,1,CC(=O)N1C(=O)O[C@H]2[C@@H](O[Si](C)(C)C(C)(C)C)[C@@H](CO[Si](C)(C)C(C)(C)C)O[C@@H](Sc3ccc(C)cc3)[C@@H]21,CC(=O)N1C(=O)O[C@H]2[C@@H](O)[C@@H](COCc3ccccc3)O[C@H](Sc3ccc(C)cc3)[C@@H]21,CC(=O)O[C@@H]1[C@@H]2OC(=O)N(C(C)=O)[C@H]2[C@@H](Sc2ccc(C)cc2)O[C@@H]1COCc1ccccc1,thioglycoside,8,9,4,3
SG-e752f0399783b2b0,e752f0399783b2b0a74f78080ae2adfd2b33072b9432b454ff349e13c9289a76,1186,31-013-CAS-13313383,1186,31-013-CAS-13313383,1,CCS[C@@H]1O[C@H](COC(=O)c2ccccc2)[C@H](OC(C)=O)[C@H](O[C@]2(C(=O)OCc3ccccc3)C[C@H](OC(C)=O)[C@@H](NC(C)=O)[C@H]([C@H](OC(C)=O)[C@@H](COC(C)=O)OC(C)=O)O2)[C@H]1OC(C)=O,CC(=O)N[C@H]1[C@H](OCC[Si](C)(C)C)O[C@H](COCc2ccccc2)[C@@H](O)[C@@H]1OC(=O)CCl,CC(=O)N[C@H]1[C@H](OCC[Si](C)(C)C)O[C@H](COCc2ccccc2)[C@@H](OC(C)=O)[C@@H]1OC(=O)CCl,thioglycoside,24,25,24,25
SG-e76fe2c05fa2ecd6,e76fe2c05fa2ecd67d3e25962354d1baf1238958ae919a1da762e48ced13b582,47,31-010-CAS-12746951,47,31-010-CAS-12746951,1,CC(=O)O[C@H]1[C@H](OC(=N)C(Cl)(Cl)Cl)O[C@@H](COCc2ccccc2)[C@@H](OC(=O)OCC2c3ccccc3-c3ccccc32)[C@@H]1OCc1ccccc1,C=CCO[C@@H]1O[C@H](CO[Si](c2ccccc2)(c2ccccc2)C(C)(C)C)[C@@H](O)[C@H](OCc2ccccc2)[C@H]1N=[N+]=[N-],C=CCO[C@@H]1O[C@H](CO[Si](c2ccccc2)(c2ccccc2)C(C)(C)C)[C@@H](OC(C)=O)[C@H](OCc2ccccc2)[C@H]1N=[N+]=[N-],trichloroacetimidate,26,27,26,27
SG-e7aecd33dd1df69a,e7aecd33dd1df69a02d55635bbc28cc1205aadfd601a02b0cc76d0338e319b24,828,31-013-CAS-3050463,828,31-013-CAS-3050463,1,CC(=O)CCC(=O)OC[C@H]1O[C@@H](Sc2ccc(C)cc2)[C@H](OC(=O)c2ccccc2)[C@@H](OCc2ccccc2)[C@@H]1O[C@H]1O[C@H](COC(C)=O)[C@@H](O[C@@H]2O[C@H](COC(=O)CCC(C)=O)[C@@H](O[C@H]3O[C@H](COC(C)=O)[C@@H](O[Si](C)(C)C(C)(C)C)[C@H](OCc4ccccc4)[C@H]3N=[N+]=[N-])[C@H](OCc3ccccc3)[C@H]2OC(=O)c2ccccc2)[C@H](OCc2ccccc2)[C@H]1N=[N+]=[N-],CCO[C@@H]1O[C@H](COC(=O)CCC(C)=O)[C@@H](O[C@H]2O[C@H](COC(C)=O)[C@@H](O)[C@H](OCc3ccccc3)[C@H]2N=[N+]=[N-])[C@H](OCc2ccccc2)[C@H]1OC(=O)c1ccccc1,CCO[C@@H]1O[C@H](COC(=O)CCC(C)=O)[C@@H](O[C@H]2O[C@H](COC(C)=O)[C@@H](OC(C)=O)[C@H](OCc3ccccc3)[C@H]2N=[N+]=[N-])[C@H](OCc2ccccc2)[C@H]1OC(=O)c1ccccc1,thioglycoside,25,26,25,26
SG-e7b0f1b7b1c8e6c1,e7b0f1b7b1c8e6c10b3b0bcfb414effde960ebac7dadee9afb13d520141a51cd,1378,31-013-CAS-2142186,1378,31-013-CAS-2142186,1,COc1ccc(CO[C@H]2[C@@H](O[C@H]3O[C@H](COCc4ccccc4)[C@@H](OCc4ccccc4)[C@H](OCc4ccccc4)[C@@H]3OC(C)=O)[C@@H]3O[C@H](c4ccccc4)OC[C@H]3O[C@@H]2SC)cc1,COc1ccc(O[C@@H]2O[C@H](COCc3ccccc3)[C@@H](O[C@@H]3O[C@H](COCc4ccccc4)[C@@H](O)[C@H](OCc4ccccc4)[C@H]3N3C(=O)c4ccccc4C3=O)[C@H](OCc3ccccc3)[C@H]2N2C(=O)c3ccccc3C2=O)cc1,COc1ccc(O[C@@H]2O[C@H](COCc3ccccc3)[C@@H](O[C@@H]3O[C@H](COCc4ccccc4)[C@@H](OC(C)=O)[C@H](OCc4ccccc4)[C@H]3N3C(=O)c4ccccc4C3=O)[C@H](OCc3ccccc3)[C@H]2N2C(=O)c3ccccc3C2=O)cc1,thioglycoside,33,34,33,34
SG-e7e77526d7bd5161,e7e77526d7bd5161e46bac3edcfd1e9feec82951b29e965e2acb27afc800e3e1,1289,31-013-CAS-2274810,1289,31-013-CAS-2274810,1,C=CCO[C@@H]1[C@@H](OC(C)=O)[C@H](SCC)O[C@@H]2COC(c3ccccc3)O[C@@H]12,COc1ccc(O[C@@H]2O[C@H](COCc3ccccc3)[C@@H](O)[C@H](OCc3ccccc3)[C@H]2N2C(=O)c3ccccc3C2=O)cc1,COc1ccc(O[C@@H]2O[C@H](COCc3ccccc3)[C@@H](OC(C)=O)[C@H](OCc3ccccc3)[C@H]2N2C(=O)c3ccccc3C2=O)cc1,thioglycoside,19,20,19,20
SG-e820e4e86bcb6a5f,e820e4e86bcb6a5f7ff4dafb1b9a44b0da6ab04e867866d3d07a21e4bcf753a3,511,31-010-CAS-1044733,511,31-010-CAS-1044733,1,CCOC(=O)[C@@H](C)O[C@H]1[C@H](O[C@@H]2O[C@@H]3CO[C@@H](c4ccccc4)O[C@H]3[C@H](OCc3ccccc3)[C@H]2NC(=O)OCC(Cl)(Cl)Cl)[C@@H](COCc2ccccc2)OC(OC(=N)C(Cl)(Cl)Cl)[C@@H]1NC(=O)OCC(Cl)(Cl)Cl,C=CCO[C@H]1O[C@H](COCc2ccccc2)[C@@H](O[C@@H]2O[C@H](COCc3ccccc3)[C@@H](O)[C@H](OCc3ccccc3)[C@H]2NC(=O)OCC(Cl)(Cl)Cl)[C@H](O[C@H](C)C(=O)OCC)[C@H]1NC(=O)OCC(Cl)(Cl)Cl,C=CCO[C@H]1O[C@H](COCc2ccccc2)[C@@H](O[C@@H]2O[C@H](COCc3ccccc3)[C@@H](OC(C)=O)[C@H](OCc3ccccc3)[C@H]2NC(=O)OCC(Cl)(Cl)Cl)[C@H](O[C@H](C)C(=O)OCC)[C@H]1NC(=O)OCC(Cl)(Cl)Cl,trichloroacetimidate,30,31,30,31
SG-e88f7eba8d52247b,e88f7eba8d52247b7589113a1ffeb5e44822fbb54540d18a18a6d952af660181,994,31-013-CAS-15619086,994,31-013-CAS-15619086,1,COC(=O)[C@@H]1O[C@@H](Sc2ccc(C)cc2)[C@H](OC(=O)c2ccccc2)[C@@H](OCc2ccccc2)[C@@H]1O[Si](C)(C)C(C)(C)C,CO[C@H]1O[C@H](COC(=O)c2ccccc2)[C@@H](O)[C@H](OCc2ccccc2)[C@H]1NC(=O)OCc1ccccc1,CO[C@H]1O[C@H](COC(=O)c2ccccc2)[C@@H](OC(C)=O)[C@H](OCc2ccccc2)[C@H]1NC(=O)OCc1ccccc1,thioglycoside,15,16,15,16
SG-e8935de65ef136e8,e8935de65ef136e88250fff10f4410b0ae6f5afcd6b831a0d6ad84185e768021,805,31-013-CAS-15603246,805;806,31-013-CAS-15603246;31-013-CAS-14430869,2,CC(=O)CCC(=O)O[C@@H]1[C@@H](OCc2ccccc2)[C@@H]2O[C@H](c3ccccc3)OC[C@H]2O[C@H]1Sc1ccc(C)cc1,COc1ccc(COC[C@H]2O[C@@H](O[Si](C)(C)C(C)(C)C)[C@H](N=[N+]=[N-])[C@@H](OCc3ccc(OC)cc3)[C@@H]2O)cc1,COc1ccc(COC[C@H]2O[C@@H](O[Si](C)(C)C(C)(C)C)[C@H](N=[N+]=[N-])[C@@H](OCc3ccc(OC)cc3)[C@@H]2OC(C)=O)cc1,thioglycoside,35,36,35,36
SG-e9586638dab1f880,e9586638dab1f880eb87e3f6dcafd7bfc7fd71ff9629732c8e0aa866f8792f49,653,31-013-CAS-20074830,653;654,31-013-CAS-20074830;31-013-CAS-17381408,2,CC(=O)O[C@H]1[C@@H](OCc2ccccc2)[C@H](N=[N+]=[N-])[C@@H](C)O[C@@H]1Sc1ccc(C)cc1,CO[C@H]1O[C@H](C)[C@@H](N=[N+]=[N-])[C@H](OCc2ccccc2)[C@@H]1O[C@H]1O[C@H](C)[C@@H](N=[N+]=[N-])[C@H](OCc2ccccc2)[C@@H]1O,CO[C@H]1O[C@H](C)[C@@H](N=[N+]=[N-])[C@H](OCc2ccccc2)[C@@H]1O[C@H]1O[C@H](C)[C@@H](N=[N+]=[N-])[C@H](OCc2ccccc2)[C@@H]1OC(C)=O,thioglycoside,38,39,38,39
SG-e982c7d3cfa850d5,e982c7d3cfa850d5c006f8713146ba85be27cfc429524145a1baeb1eeaf7b1cf,1156,31-006-CAS-16647351,1156,31-006-CAS-16647351,1,Cc1ccc(S[C@@H]2O[C@@H]3CO[C@H](c4ccccc4)O[C@@H]3[C@H](OCc3ccccc3)[C@H]2OCc2ccccc2)cc1,COc1ccc(O[C@@H]2O[C@H](COCc3ccccc3)[C@@H](O)[C@H](OCc3ccccc3)[C@H]2N2C(=O)c3ccccc3C2=O)cc1,COc1ccc(O[C@@H]2O[C@H](COCc3ccccc3)[C@@H](OC(C)=O)[C@H](OCc3ccccc3)[C@H]2N2C(=O)c3ccccc3C2=O)cc1,thioglycoside,19,20,19,20
SG-ea3654f9cd49da26,ea3654f9cd49da265ab11276a945fa6db36f50961e28695492cfcf868704accb,1443,31-013-CAS-9587188,1443,31-013-CAS-9587188,1,CC(=O)OC[C@H]1O[C@@H](Sc2ccc(C)cc2)[C@H](N2C(=O)c3ccccc3C2=O)[C@@H](OC(C)=O)[C@@H]1OC(C)=O,O=C1c2ccccc2C(=O)N1[C@@H]1[C@@H](OCc2ccccc2)[C@H](O)[C@@H](COCc2ccccc2)O[C@H]1Sc1ccc([N+](=O)[O-])cc1,CC(=O)O[C@H]1[C@H](OCc2ccccc2)[C@@H](N2C(=O)c3ccccc3C2=O)[C@H](Sc2ccc([N+](=O)[O-])cc2)O[C@@H]1COCc1ccccc1,thioglycoside,21,22,4,3
SG-eacc42ee674d23a8,eacc42ee674d23a8b7af1a31388a282ffbf4bffb20f33d950fad9191887615af,1157,31-006-CAS-16647345,1157,31-006-CAS-16647345,1,c1ccc(CO[C@@H]2[C@H](OCc3ccccc3)[C@@H](Sc3ccccc3)O[C@@H]3CO[C@@H](c4ccccc4)O[C@@H]23)cc1,COc1ccc(O[C@@H]2O[C@H](COCc3ccccc3)[C@@H](O)[C@H](OCc3ccccc3)[C@H]2N2C(=O)c3ccccc3C2=O)cc1,COc1ccc(O[C@@H]2O[C@H](COCc3ccccc3)[C@@H](OC(C)=O)[C@H](OCc3ccccc3)[C@H]2N2C(=O)c3ccccc3C2=O)cc1,thioglycoside,19,20,19,20
SG-eb705bc45555dbaa,eb705bc45555dbaac165c40bdcda09204d5938e30f1b4298988b312fec5aa050,1142,31-013-CAS-17791385,1142,31-013-CAS-17791385,1,CC(=O)N1C(=O)O[C@H]2[C@@H](O[Si](C)(C)C(C)(C)C)[C@@H](COCc3ccccc3)O[C@H](Sc3ccc(C)cc3)[C@@H]21,C#CCO[C@H]1O[C@H](COCc2ccccc2)[C@H](O)[C@@H]2OC(=O)N(C(C)=O)[C@@H]12,C#CCO[C@H]1O[C@H](COCc2ccccc2)[C@H](OC(C)=O)[C@@H]2OC(=O)N(C(C)=O)[C@@H]12,thioglycoside,16,17,16,17
SG-eb9641c66e35f516,eb9641c66e35f516895032b14481a2199eab84313aaa0e929e6349e2af8e613a,1150,31-013-CAS-741372,1150,31-013-CAS-741372,1,CC(=O)O[C@H]1[C@@H](OC(C)=O)[C@@H](CO[Si](c2ccccc2)(c2ccccc2)C(C)(C)C)O[C@@H](Sc2ccccc2)[C@@H]1OC(C)=O,C[Si](C)(C)CCO[C@@H]1O[C@H](COCc2ccccc2)[C@@H](O)[C@H](O)[C@H]1N1C(=O)c2ccccc2C1=O,CC(=O)O[C@H]1[C@H](O)[C@@H](N2C(=O)c3ccccc3C2=O)[C@H](OCC[Si](C)(C)C)O[C@@H]1COCc1ccccc1,thioglycoside,19,20,4,3
SG-ebb28c0386144a9f,ebb28c0386144a9f3fa5ad6e502053e96e1c970281ea76b55911fb5398d6ac96,1004,31-301-CAS-4805695,1004,31-301-CAS-4805695,1,COc1ccc(CO[C@H]2[C@@H]3O[C@H](c4ccccc4)OC[C@H]3O[C@H](S(=O)c3ccccc3)[C@H]2OCc2ccccc2)cc1,CC(C)(C)[Si](C)(C)O[C@@H]1O[C@H](COCc2ccccc2)[C@@H](O)[C@H](OCc2ccccc2)[C@H]1NC(=O)C(Cl)(Cl)Cl,CC(=O)O[C@H]1[C@H](OCc2ccccc2)[C@@H](NC(=O)C(Cl)(Cl)Cl)[C@H](O[Si](C)(C)C(C)(C)C)O[C@@H]1COCc1ccccc1,thioglycoside,20,21,4,3
SG-ebb2c031613ec0b1,ebb2c031613ec0b16defa5f5b6cab28a029fe85abddd3e90f0aa2cc7db427cdc,1064,31-013-CAS-21762125,1064,31-013-CAS-21762125,1,Cc1ccc(S[C@@H]2O[C@@H]3CO[C@H](c4ccccc4)O[C@@H]3[C@H](O[Si](C)(C)C(C)(C)C)[C@H]2OC(=O)OCC2c3ccccc3-c3ccccc32)cc1,COC(=O)CO[C@H]1O[C@H](COCc2ccccc2)[C@@H](O)[C@H](OCc2ccccc2)[C@H]1NC(C)=O,COC(=O)CO[C@H]1O[C@H](COCc2ccccc2)[C@@H](OC(C)=O)[C@H](OCc2ccccc2)[C@H]1NC(C)=O,thioglycoside,18,19,18,19
SG-ebfa1ad96508c0a7,ebfa1ad96508c0a7c9f6ab8c1ef6aa5d6b3d7083264ba9d0ad2f08ea01298661,1448,31-013-CAS-7358853,1448,31-013-CAS-7358853,1,CCS[C@@H]1O[C@H](COCc2ccccc2)[C@@H](O[C@@H]2O[C@H](COCc3ccccc3)[C@@H](OCc3ccccc3)[C@H](OCc3ccccc3)[C@H]2N=[N+]=[N-])[C@H](OCc2ccccc2)[C@H]1N1C(=O)c2ccccc2C1=O,COc1ccc(CO[C@H]2[C@H](OC)[C@H](OC[C@H]3O[C@@H](OCc4ccccc4)[C@H](N4C(=O)c5ccccc5C4=O)[C@@H](OCc4ccccc4)[C@@H]3O[C@@H]3O[C@H](COCc4ccccc4)[C@@H](O)[C@H](OCc4ccccc4)[C@H]3N3C(=O)c4ccccc4C3=O)O[C@@H](C)[C@H]2OC(C)=O)cc1,COc1ccc(CO[C@H]2[C@H](OC)[C@H](OC[C@H]3O[C@@H](OCc4ccccc4)[C@H](N4C(=O)c5ccccc5C4=O)[C@@H](OCc4ccccc4)[C@@H]3O[C@@H]3O[C@H](COCc4ccccc4)[C@@H](OC(C)=O)[C@H](OCc4ccccc4)[C@H]3N3C(=O)c4ccccc4C3=O)O[C@@H](C)[C@H]2OC(C)=O)cc1,thioglycoside,61,62,61,62
SG-ec055d7c21f45bf6,ec055d7c21f45bf69a5295a152c56f13c385534980b176e52f49f956408b9955,657,31-013-CAS-9001704,657,31-013-CAS-9001704,1,CCS[C@H]1O[C@H](CI)[C@@H](OC)[C@H](OCc2ccccc2)[C@H]1N=[N+]=[N-],CO[C@H]1O[C@H](CI)[C@@H](O)[C@H](OCc2ccccc2)[C@H]1N=[N+]=[N-],CO[C@H]1O[C@H](CI)[C@@H](OC(C)=O)[C@H](OCc2ccccc2)[C@H]1N=[N+]=[N-],thioglycoside,7,8,7,8
SG-ec9a879647d3cbb7,ec9a879647d3cbb7995f483a758088903b08367b15fbe9a3a87b15f463fe7633,1245,31-013-CAS-16890476,1245,31-013-CAS-16890476,1,COc1ccc(CO[C@@H]2[C@H](OCc3ccccc3)[C@@H](Sc3ccccc3)O[C@@H]3CO[C@@H](c4ccccc4)O[C@@H]23)cc1,O=C1c2ccccc2C(=O)N1[C@H]1[C@H](OCc2ccccc2)O[C@H](COCc2ccccc2)[C@@H](O)[C@@H]1OCc1ccccc1,CC(=O)O[C@H]1[C@H](OCc2ccccc2)[C@@H](N2C(=O)c3ccccc3C2=O)[C@H](OCc2ccccc2)O[C@@H]1COCc1ccccc1,thioglycoside,32,33,4,3
SG-eca3de2ec603654d,eca3de2ec603654d425d008c16c517bb7bee6fc7a0ae2ac800ece562050291ab,931,31-614-CAS-30873545,931;932,31-614-CAS-30873545;31-614-CAS-28412006,2,CC(=O)CCC(=O)O[C@@H]1[C@@H](N=[N+]=[N-])[C@@H](O[C@H]2[C@H](OCc3ccccc3)[C@@H](OC(=O)CCC(C)=O)[C@H](Sc3ccc(C)cc3)O[C@H]2COC(C)=O)O[C@H](CO[Si](c2ccccc2)(c2ccccc2)C(C)(C)C)[C@H]1O[C@@H]1O[C@H](COC(C)=O)[C@@H](O[C@H]2O[C@H](CO[Si](c3ccccc3)(c3ccccc3)C(C)(C)C)[C@@H](OCc3ccc4ccccc4c3)[C@H](OCc3ccc(Br)cc3)[C@H]2N=[N+]=[N-])[C@H](OCc2ccccc2)[C@H]1OC(=O)c1ccccc1,CO[C@H]1O[C@H](CO[Si](c2ccccc2)(c2ccccc2)C(C)(C)C)[C@@H](O)[C@H](OCc2ccc(Br)cc2)[C@H]1N=[N+]=[N-],CO[C@H]1O[C@H](CO[Si](c2ccccc2)(c2ccccc2)C(C)(C)C)[C@@H](OC(C)=O)[C@H](OCc2ccc(Br)cc2)[C@H]1N=[N+]=[N-],thioglycoside,24,25,24,25
SG-eca94b077d5d9d83,eca94b077d5d9d835cce652f4c2e4d727ed066f4412901e7dbb1c47e62e25ecd,155,31-010-CAS-2584175,155,31-010-CAS-2584175,1,CC(=O)OC[C@H]1O[C@H](OC(=N)C(Cl)(Cl)Cl)[C@H](OC(C)=O)[C@@H](OC(C)=O)[C@H]1OC(C)=O,[N-]=[N+]=N[C@@H]1O[C@H](COCc2ccccc2)[C@@H](O)[C@H](OCc2ccccc2)[C@H]1N1C(=O)c2ccccc2C1=O,CC(=O)O[C@H]1[C@H](OCc2ccccc2)[C@@H](N2C(=O)c3ccccc3C2=O)[C@H](N=[N+]=[N-])O[C@@H]1COCc1ccccc1,trichloroacetimidate,15,16,4,3
SG-ecb4b337a22ffe1f,ecb4b337a22ffe1f2dfc82a0ad946716ab1cb5f23ecdd3600aa1e40576b7cb14,162,31-010-CAS-9312819,162,31-010-CAS-9312819,1,N=C(O[C@H]1O[C@H](COCc2ccccc2)[C@@H](OCc2ccccc2)[C@H](OCc2ccccc2)[C@@H]1OCc1ccccc1)C(Cl)(Cl)Cl,CC(=O)OC[C@H]1O[C@H](O[C@@H]2[C@@H](OCc3ccccc3)[C@H](OCc3ccccc3)[C@@H](OCc3ccccc3)[C@@H](OC(C)=O)[C@H]2OC(C)=O)[C@H](N=Cc2ccccc2C(F)(F)F)[C@@H](OC(C)=O)[C@@H]1O,CC(=O)OC[C@H]1O[C@H](O[C@@H]2[C@@H](OCc3ccccc3)[C@H](OCc3ccccc3)[C@@H](OCc3ccccc3)[C@@H](OC(C)=O)[C@H]2OC(C)=O)[C@H](N=Cc2ccccc2C(F)(F)F)[C@@H](OC(C)=O)[C@@H]1OC(C)=O,trichloroacetimidate,65,66,65,66
SG-ecbbf336419b3155,ecbbf336419b3155d0f87953a6500d991329bb1ab1996ab23d5e2a1795a1d326,1477,31-013-CAS-8454436,1477,31-013-CAS-8454436,1,CCS[C@@H]1O[C@@H]2CO[C@@H](c3ccccc3)O[C@H]2[C@H](O[C@H]2O[C@H](COCc3ccccc3)[C@@H](OCc3ccccc3)[C@H](OCc3ccccc3)[C@@H]2OC(C)=O)[C@H]1OC(=O)CCC(C)=O,CCS[C@@H]1O[C@H](COCc2ccccc2)[C@@H](O[C@@H]2O[C@H](COCc3ccccc3)[C@@H](O)[C@H](OCc3ccccc3)[C@H]2N2C(=O)c3ccccc3C2=O)[C@H](OCc2ccccc2)[C@H]1N1C(=O)c2ccccc2C1=O,CCS[C@@H]1O[C@H](COCc2ccccc2)[C@@H](O[C@@H]2O[C@H](COCc3ccccc3)[C@@H](OC(C)=O)[C@H](OCc3ccccc3)[C@H]2N2C(=O)c3ccccc3C2=O)[C@H](OCc2ccccc2)[C@H]1N1C(=O)c2ccccc2C1=O,thioglycoside,29,30,29,30
SG-ecfcaac1e24246e2,ecfcaac1e24246e2a31c707321d61555bf5aa930113cb64cd887a866aa29f4ea,1451,31-013-CAS-10686625,1451,31-013-CAS-10686625,1,CC(=O)CCC(=O)OC[C@H]1O[C@H](O[C@H]2[C@H](OCc3ccccc3)[C@@H](N3C(=O)c4ccccc4C3=O)[C@H](Sc3ccc(C)cc3)O[C@@H]2COCc2ccccc2)[C@@H](OCc2ccccc2)[C@@H](OC(=O)CCC(C)=O)[C@@H]1OCc1ccccc1,C[C@@H]1O[C@@H](OC[C@H]2O[C@@H](OCc3ccccc3)[C@H](N3C(=O)c4ccccc4C3=O)[C@@H](OCc3ccccc3)[C@@H]2O)[C@@H](OCc2ccccc2)[C@H](OCc2ccccc2)[C@@H]1OCc1ccccc1,CC(=O)O[C@H]1[C@H](OCc2ccccc2)[C@@H](N2C(=O)c3ccccc3C2=O)[C@H](OCc2ccccc2)O[C@@H]1CO[C@@H]1O[C@@H](C)[C@@H](OCc2ccccc2)[C@@H](OCc2ccccc2)[C@@H]1OCc1ccccc1,thioglycoside,38,39,4,3
SG-ed74bce49cb8592b,ed74bce49cb8592bf2a7580eb9e8b6b940d76bc3ccd5e8145c09a7f925549fba,694,31-013-CAS-22198140,694,31-013-CAS-22198140,1,Cc1ccc(S[C@@H]2O[C@H]3CO[C@@H](c4ccccc4)O[C@H]3[C@H](OCc3ccccc3)[C@H]2OC(=O)c2ccccc2)cc1,CO[C@H]1O[C@H](COC(C)=O)[C@@H](O)[C@H](OCc2ccccc2)[C@H]1N=[N+]=[N-],CO[C@H]1O[C@H](COC(C)=O)[C@@H](OC(C)=O)[C@H](OCc2ccccc2)[C@H]1N=[N+]=[N-],thioglycoside,10,11,10,11
SG-edbf97d3f2847dff,edbf97d3f2847dff8dd82580a209055ed6bfcad3b3bdd4caac263b03be35d7d2,773,31-013-CAS-15943747,773,31-013-CAS-15943747,1,COC(=O)[C@@H]1O[C@H](Sc2ccccc2)[C@H](OC(=O)c2ccccc2)[C@@H](OCc2ccccc2)[C@@H]1O[C@H]1O[C@H](COC(C)=O)[C@@H](OCc2ccc(OC)cc2)[C@H](OCc2ccccc2)[C@H]1N=[N+]=[N-],COC(=O)[C@@H]1O[C@@H](OC)[C@H](OC(=O)c2ccccc2)[C@@H](OCc2ccccc2)[C@@H]1O[C@H]1O[C@H](COC(C)=O)[C@@H](O[C@@H]2O[C@@H](C(=O)OC)[C@@H](O[C@H]3O[C@H](COCc4ccccc4)[C@@H](O[C@@H]4O[C@@H](C(=O)OC)[C@@H](O[C@H]5O[C@H](COCc6ccccc6)[C@@H](O)[C@H](OCc6ccccc6)[C@H]5N=[N+]=[N-])[C@H](OCc5ccccc5)[C@H]4OC(=O)c4ccccc4)[C@H](OCc4ccccc4)[C@H]3N=[N+]=[N-])[C@H](OCc3ccccc3)[C@H]2OC(=O)c2ccccc2)[C@H](OCc2ccccc2)[C@H]1N=[N+]=[N-],COC(=O)[C@@H]1O[C@@H](OC)[C@H](OC(=O)c2ccccc2)[C@@H](OCc2ccccc2)[C@@H]1O[C@H]1O[C@H](COC(C)=O)[C@@H](O[C@@H]2O[C@@H](C(=O)OC)[C@@H](O[C@H]3O[C@H](COCc4ccccc4)[C@@H](O[C@@H]4O[C@@H](C(=O)OC)[C@@H](O[C@H]5O[C@H](COCc6ccccc6)[C@@H](OC(C)=O)[C@H](OCc6ccccc6)[C@H]5N=[N+]=[N-])[C@H](OCc5ccccc5)[C@H]4OC(=O)c4ccccc4)[C@H](OCc4ccccc4)[C@H]3N=[N+]=[N-])[C@H](OCc3ccccc3)[C@H]2OC(=O)c2ccccc2)[C@H](OCc2ccccc2)[C@H]1N=[N+]=[N-],thioglycoside,84,85,84,85
SG-eded0a6a8adcf647,eded0a6a8adcf647456e63e132d26b5836aaebbcc3fce7108322acb2dd7ffea6,1434,31-013-CAS-1778263,1434,31-013-CAS-1778263,1,CCS[C@@H]1O[C@@H]2CO[C@@H](c3ccccc3)O[C@H]2[C@H](OCc2ccccc2)[C@H]1OC(=O)CCC(C)=O,O=C1c2ccccc2C(=O)N1[C@H]1[C@H](O[C@H]2[C@H](OCc3ccccc3)[C@@H](N3C(=O)c4ccccc4C3=O)[C@H](Oc3ccccc3)O[C@@H]2COCc2ccccc2)O[C@H](COCc2ccccc2)[C@@H](O)[C@@H]1OCc1ccccc1,CC(=O)O[C@H]1[C@H](OCc2ccccc2)[C@@H](N2C(=O)c3ccccc3C2=O)[C@H](O[C@H]2[C@H](OCc3ccccc3)[C@@H](N3C(=O)c4ccccc4C3=O)[C@H](Oc3ccccc3)O[C@@H]2COCc2ccccc2)O[C@@H]1COCc1ccccc1,thioglycoside,66,67,4,3
SG-ee2f8cd322a5f3b2,ee2f8cd322a5f3b29d2753dfb1ff1940c0eabbc056f03841230cc8ba0b065645,749,31-013-CAS-15166448,749,31-013-CAS-15166448,1,CS[C@H]1O[C@H](CO[C@H]2O[C@H](COCc3ccccc3)[C@@H](OCc3ccccc3)[C@H](OCc3ccccc3)[C@@H]2O[C@H]2O[C@H](COCc3ccccc3)[C@@H](OCc3ccccc3)[C@H](OCc3ccccc3)[C@@H]2OCc2ccccc2)[C@@H](OCc2ccccc2)[C@H](OCc2ccccc2)[C@@H]1OCc1ccccc1,CC(C)(C)[Si](C)(C)O[C@@H]1O[C@H](COCc2ccccc2)[C@@H](O)[C@H](OCc2ccccc2)[C@H]1N=[N+]=[N-],CC(=O)O[C@H]1[C@H](OCc2ccccc2)[C@@H](N=[N+]=[N-])[C@H](O[Si](C)(C)C(C)(C)C)O[C@@H]1COCc1ccccc1,thioglycoside,20,21,4,3
SG-ee66cfdb9db785c6,ee66cfdb9db785c6cf622a1d79157d9b50cfae5ac4b2b8fdb68c90f45bf5b4c3,1485,31-013-CAS-11715456,1485,31-013-CAS-11715456,1,CC(=O)OC[C@H]1O[C@@H](Sc2ccc(C)cc2)[C@H](N2C(=O)c3ccccc3C2=O)[C@@H](OC(C)=O)[C@@H]1OC(C)=O,CC(=O)N1C(=O)O[C@H]2[C@H](O)[C@@H](COCc3ccccc3)O[C@@H](Sc3ccc(C)cc3)[C@@H]21,CC(=O)O[C@H]1[C@@H]2OC(=O)N(C(C)=O)[C@H]2[C@H](Sc2ccc(C)cc2)O[C@@H]1COCc1ccccc1,thioglycoside,8,9,4,3
SG-ee7bc8f968eaefaf,ee7bc8f968eaefaf133a78fa1b5dfbe5b541f02f69069d4de47abc41e229f1e9,34,31-010-CAS-16500849,34,31-010-CAS-16500849,1,C[C@H]1O[C@H](OC(=N)C(Cl)(Cl)Cl)[C@H](OCc2ccccc2)[C@@H](OCc2ccccc2)[C@H]1N=[N+]=[N-],C=CCO[C@H]1O[C@H](COC(C)=O)[C@@H](O)[C@H](OCc2ccccc2)[C@@H]1N=[N+]=[N-],C=CCO[C@H]1O[C@H](COC(C)=O)[C@@H](OC(C)=O)[C@H](OCc2ccccc2)[C@@H]1N=[N+]=[N-],trichloroacetimidate,12,13,12,13
SG-eea853f44ad0ffdc,eea853f44ad0ffdcfd580fdecee168c3ed272acf9a5c9ea0049a529344ea53ee,1124,31-013-CAS-14738874,1124,31-013-CAS-14738874,1,c1ccc(CO[C@@H]2[C@@H](OCc3ccccc3)[C@H](Sc3ccccc3)O[C@@H]3CO[C@@H](c4ccccc4)O[C@@H]23)cc1,CO[C@@H]1O[C@H](CO[Si](C)(C)C(C)(C)C(C)C)[C@@H](O)[C@@H]2OC(=O)N(C(C)=O)[C@@H]12,CO[C@@H]1O[C@H](CO[Si](C)(C)C(C)(C)C(C)C)[C@@H](OC(C)=O)[C@@H]2OC(=O)N(C(C)=O)[C@@H]12,thioglycoside,16,17,16,17
SG-eef92fdb73c18a74,eef92fdb73c18a746471d6436d998fd8d4974a936e8d59d32107ab8c8228241d,413,31-010-CAS-13878801,413,31-010-CAS-13878801,1,COC(=O)[C@@]1(O[C@H]2[C@@H](OC(C)=O)[C@@H](COC(=O)C(C)(C)C)O[C@@H](OC(=N)C(Cl)(Cl)Cl)[C@@H]2OC(C)=O)C[C@H](OC(C)=O)[C@@H](N(C(C)=O)C(C)=O)[C@H]([C@H](OC(C)=O)[C@@H](COC(C)=O)OC(C)=O)O1,O=C1c2ccccc2C(=O)N1[C@@H]1[C@@H](O)[C@H](O)[C@@H](COCc2ccc3ccccc3c2)O[C@H]1Sc1ccccc1,CC(=O)O[C@H]1[C@H](O)[C@@H](N2C(=O)c3ccccc3C2=O)[C@H](Sc2ccccc2)O[C@@H]1COCc1ccc2ccccc2c1,trichloroacetimidate,14,15,4,3
SG-eeffb3765496befe,eeffb3765496befe780dff7fee5cc570ad39a99f4c01695a53b1dfbc1f4c9e6b,1092,31-614-CAS-39834143,1092,31-614-CAS-39834143,1,Cc1ccc(S[C@@H]2O[C@@H]3CO[Si](C(C)(C)C)(C(C)(C)C)O[C@@H]3[C@H](OCc3ccccc3)[C@H]2N2C(=O)c3ccccc3C2=O)cc1,CO[C@H]1O[C@H](COCc2ccccc2)[C@@H](O)[C@H](OCc2ccccc2)[C@H]1N=[N+]=[N-],CO[C@H]1O[C@H](COCc2ccccc2)[C@@H](OC(C)=O)[C@H](OCc2ccccc2)[C@H]1N=[N+]=[N-],thioglycoside,14,15,14,15
SG-ef3d1faa84f72a40,ef3d1faa84f72a40e5a347a2e302308fb4cad7df0fdedfc7cac638819a8b7502,1195,31-013-CAS-8286031,1195,31-013-CAS-8286031,1,CC(=O)O[C@H]1[C@H](OC(C)=O)[C@@H](CO[Si](C)(C)C(C)(C)C)O[C@@H](SC(C)C)[C@@H]1N1C(=O)c2ccccc2C1=O,CCCCCCCCO[C@@H]1O[C@H](CO[Si](C)(C)C(C)(C)C)[C@@H](O)[C@H](O)[C@H]1N1C(=O)c2ccccc2C1=O,CCCCCCCCO[C@@H]1O[C@H](CO[Si](C)(C)C(C)(C)C)[C@@H](OC(C)=O)[C@H](O)[C@H]1N1C(=O)c2ccccc2C1=O,thioglycoside,21,22,21,22
SG-efb75c51ffa2ddc5,efb75c51ffa2ddc5121785091828de34fa524ab5f7292722a7474bf1c8b94722,707,31-013-CAS-379758,707,31-013-CAS-379758,1,CS[C@@H]1O[C@H](COC(=O)c2ccccc2)[C@@H](OC(=O)c2ccccc2)[C@H](OC(=O)c2ccccc2)[C@H]1OC(=O)c1ccccc1,[N-]=[N+]=N[C@H]1[C@@H]2OC[C@@H](O2)[C@@H](O)[C@@H]1OCc1ccccc1,CC(=O)O[C@H]1[C@H](OCc2ccccc2)[C@@H](N=[N+]=[N-])[C@@H]2OC[C@H]1O2,thioglycoside,9,10,4,3
SG-f035c7b5d0b8e050,f035c7b5d0b8e050eb254b7d63f3a4c854c4ecfc623416fd08a550ec54e66f2a,896,31-013-CAS-8933724,896,31-013-CAS-8933724,1,CCS[C@H]1O[C@H](CO[C@H]2O[C@H](COCc3ccccc3)[C@@H](OCc3ccccc3)[C@H](OCc3ccccc3)[C@@H]2O[C@H]2O[C@H](CO[Si](C)(C)C(C)(C)C)[C@H]3O[C@](C)(OC)[C@@](C)(OC)O[C@@H]3[C@@H]2O[C@H]2O[C@H](COCc3ccccc3)[C@@H](OCc3ccccc3)[C@H](OCc3ccccc3)[C@@H]2OCc2ccccc2)[C@@H](OCc2ccccc2)[C@H](OCc2ccccc2)[C@@H]1OC(=O)CCl,C=CCO[C@@H]1[C@H](OCc2ccccc2)[C@H](OCc2ccccc2)[C@@H](OCc2ccccc2)[C@H](OCc2ccccc2)[C@H]1O[C@H]1O[C@H](COCc2ccccc2)[C@@H](O)[C@H](OCc2ccccc2)[C@H]1N=[N+]=[N-],C=CCO[C@@H]1[C@H](OCc2ccccc2)[C@H](OCc2ccccc2)[C@@H](OCc2ccccc2)[C@H](OCc2ccccc2)[C@H]1O[C@H]1O[C@H](COCc2ccccc2)[C@@H](OC(C)=O)[C@H](OCc2ccccc2)[C@H]1N=[N+]=[N-],thioglycoside,55,56,55,56
SG-f05c8d4732ce6fe2,f05c8d4732ce6fe2de450a4f44480a9428fbe04239c1713a983ca5e99a100e9d,933,31-013-CAS-8233740,933,31-013-CAS-8233740,1,CCS[C@H]1O[C@@H](C)[C@@H](OCc2ccccc2)[C@@H](OCc2ccccc2)[C@@H]1OCc1ccccc1,CO[C@@H]1O[C@H](COC(=O)c2ccccc2)[C@H](OC(=O)c2ccccc2)[C@H](O[C@@H]2O[C@H](COCc3ccccc3)[C@@H](O)[C@H](OC(C)=O)[C@H]2NC(=O)OCC(Cl)(Cl)Cl)[C@H]1OC(=O)c1ccccc1,CO[C@@H]1O[C@H](COC(=O)c2ccccc2)[C@H](OC(=O)c2ccccc2)[C@H](O[C@@H]2O[C@H](COCc3ccccc3)[C@@H](OC(C)=O)[C@H](OC(C)=O)[C@H]2NC(=O)OCC(Cl)(Cl)Cl)[C@H]1OC(=O)c1ccccc1,thioglycoside,39,40,39,40
SG-f069849ca513956f,f069849ca513956f84ee6a1dfd0bb78dcdf412ba5510bbeb6e4234353fc4eeb7,780,31-013-CAS-1186903,780,31-013-CAS-1186903,1,COC(=O)[C@@H]1O[C@@H](O[C@H]2[C@H](OCc3ccccc3)[C@@H](N=[N+]=[N-])[C@@H](O[C@H]3[C@H](OCc4ccccc4)[C@@H](OC(=O)c4ccccc4)C(Sc4ccccc4)O[C@H]3C(=O)OC)O[C@@H]2COCc2ccccc2)[C@H](OC(=O)c2ccccc2)[C@@H](OCc2ccccc2)[C@@H]1O[C@H]1O[C@H](COCc2ccccc2)[C@@H](OCc2ccc(OC)cc2)[C@H](OCc2ccccc2)[C@H]1N=[N+]=[N-],COC(=O)[C@@H]1O[C@@H](OC[C@@H](COCc2ccccc2)OCc2ccccc2)[C@H](OC(=O)c2ccccc2)[C@@H](OCc2ccccc2)[C@@H]1O[C@H]1O[C@H](COCc2ccccc2)[C@@H](O[C@@H]2O[C@@H](C(=O)OC)[C@@H](O[C@H]3O[C@H](COCc4ccccc4)[C@@H](O)[C@H](OCc4ccccc4)[C@H]3N=[N+]=[N-])[C@H](OCc3ccccc3)[C@H]2OC(=O)c2ccccc2)[C@H](OCc2ccccc2)[C@H]1N=[N+]=[N-],COC(=O)[C@@H]1O[C@@H](OC[C@@H](COCc2ccccc2)OCc2ccccc2)[C@H](OC(=O)c2ccccc2)[C@@H](OCc2ccccc2)[C@@H]1O[C@H]1O[C@H](COCc2ccccc2)[C@@H](O[C@@H]2O[C@@H](C(=O)OC)[C@@H](O[C@H]3O[C@H](COCc4ccccc4)[C@@H](OC(C)=O)[C@H](OCc4ccccc4)[C@H]3N=[N+]=[N-])[C@H](OCc3ccccc3)[C@H]2OC(=O)c2ccccc2)[C@H](OCc2ccccc2)[C@H]1N=[N+]=[N-],thioglycoside,83,84,83,84
SG-f06c260c12960734,f06c260c1296073477375ef06fcfe335c01a0ccc0b9a6a2a9661cb3cdb869908,202,31-010-CAS-10742937,202,31-010-CAS-10742937,1,CC(=O)OC[C@H]1O[C@@H](OC(=N)C(Cl)(Cl)Cl)[C@H](N2C(=O)c3ccccc3C2=O)[C@@H](OC(C)=O)[C@@H]1OC(C)=O,COc1ccc(COC[C@H]2O[C@@H](N=[N+]=[N-])[C@H](NC(C)=O)[C@@H](OC(C)=O)[C@@H]2O)cc1,COc1ccc(COC[C@H]2O[C@@H](N=[N+]=[N-])[C@H](NC(C)=O)[C@@H](OC(C)=O)[C@@H]2OC(C)=O)cc1,trichloroacetimidate,25,26,25,26
SG-f077674319324d5d,f077674319324d5dd330eedc1e6a08ba7eec97d9de97693a576d8c234f20df94,1093,31-013-CAS-21359720,1093;1094,31-013-CAS-21359720;31-013-CAS-3854222,2,C=CCOC(=O)O[C@@H]1[C@@H](OCc2ccccc2)[C@H](OC(=O)CCC(C)=O)[C@@H](C(=O)OC)O[C@H]1Sc1ccc(C)cc1,COC(=O)[C@@H]1O[C@@H](O[C@H]2[C@H](OCc3ccccc3)[C@@H](N=[N+]=[N-])[C@@H](OC)O[C@@H]2COC(=O)c2ccccc2)[C@H](OC(=O)c2ccccc2)[C@@H](OCc2ccccc2)[C@@H]1O[C@H]1O[C@H](COc2ccc(OC)cc2)[C@@H](O)[C@@H]2OC(=O)N[C@@H]12,COC(=O)[C@@H]1O[C@@H](O[C@H]2[C@H](OCc3ccccc3)[C@@H](N=[N+]=[N-])[C@@H](OC)O[C@@H]2COC(=O)c2ccccc2)[C@H](OC(=O)c2ccccc2)[C@@H](OCc2ccccc2)[C@@H]1O[C@H]1O[C@H](COc2ccc(OC)cc2)[C@@H](OC(C)=O)[C@@H]2OC(=O)N[C@@H]12,thioglycoside,71,72,71,72
SG-f08068e655f527ae,f08068e655f527aee273a3db884e9f59c02256dee6d0789db7e3911f75bb93b3,1349,31-614-CAS-40276979,1349,31-614-CAS-40276979,1,CC(=O)OC[C@H]1O[C@@H](Sc2ccccc2)[C@H](OC(C)=O)[C@@H](OC(C)=O)[C@H]1OC(C)=O,O=C1c2ccccc2C(=O)N1[C@H]1[C@H](O[C@H]2[C@H](OCc3ccccc3)[C@@H](N3C(=O)c4ccccc4C3=O)[C@H](OCc3ccccc3)O[C@@H]2COCc2ccccc2)O[C@H](COCc2ccccc2)[C@@H](O)[C@@H]1OCc1ccccc1,CC(=O)O[C@H]1[C@H](OCc2ccccc2)[C@@H](N2C(=O)c3ccccc3C2=O)[C@H](O[C@H]2[C@H](OCc3ccccc3)[C@@H](N3C(=O)c4ccccc4C3=O)[C@H](OCc3ccccc3)O[C@@H]2COCc2ccccc2)O[C@@H]1COCc1ccccc1,thioglycoside,67,68,4,3
SG-f08a13b28cb8c40e,f08a13b28cb8c40eb87b4687680c3ba26f5898de981d50a773618780f8ea712a,1558,31-013-CAS-21471842,1558,31-013-CAS-21471842,1,COC(=O)[C@@]1(O[C@H]2[C@H]3O[C@@H](c4ccccc4)OC[C@H]3O[C@@H](Sc3ccc(C)cc3)[C@@H]2OC(=O)c2ccccc2)C[C@@H]2OC(=O)N(C(C)=O)[C@H]2[C@H]([C@H](OC(C)=O)[C@@H](COC(C)=O)OC(C)=O)O1,CC(=O)O[C@H]1[C@H](O[C@@H]2[C@H](O[C@@H]3O[C@H](COCc4ccccc4)[C@@H](O)[C@H](OCc4ccccc4)[C@H]3N3C(=O)c4ccccc4C3=O)[C@@H](OC(=O)c3ccccc3)[C@H](OCCCN=[N+]=[N-])O[C@@H]2COC(=O)c2ccccc2)O[C@H](COCc2ccccc2)[C@@H](OCc2ccccc2)[C@@H]1OCc1ccccc1,CC(=O)O[C@H]1[C@H](O[C@@H]2[C@H](O[C@@H]3O[C@H](COCc4ccccc4)[C@@H](OC(C)=O)[C@H](OCc4ccccc4)[C@H]3N3C(=O)c4ccccc4C3=O)[C@@H](OC(=O)c3ccccc3)[C@H](OCCCN=[N+]=[N-])O[C@@H]2COC(=O)c2ccccc2)O[C@H](COCc2ccccc2)[C@@H](OCc2ccccc2)[C@@H]1OCc1ccccc1,thioglycoside,22,23,22,23
SG-f0c3ad7dbb958d80,f0c3ad7dbb958d8024fa543d55623515ea2b1bdbcadc52909830116812a42102,944,31-614-CAS-34709650,944,31-614-CAS-34709650,1,CC(=O)O[C@@H]1[C@H]2O[C@@H](c3ccccc3)OC[C@H]2O[C@H](Sc2ccc(C)cc2)[C@H]1O[Si](C)(C)C(C)(C)C,CC(C)(C)[Si](C)(C)O[C@@H]1O[C@H](COCc2ccccc2)[C@@H](O)[C@H](OCc2ccccc2)[C@H]1NC(=O)C(Cl)(Cl)Cl,CC(=O)O[C@H]1[C@H](OCc2ccccc2)[C@@H](NC(=O)C(Cl)(Cl)Cl)[C@H](O[Si](C)(C)C(C)(C)C)O[C@@H]1COCc1ccccc1,thioglycoside,20,21,4,3
SG-f0d63ba0e2de7cc9,f0d63ba0e2de7cc9c285cb23def451dd8db314c19d18df5a99d967273957f8bb,179,31-010-CAS-20996842,179,31-010-CAS-20996842,1,CC(=O)OC[C@H]1OC(OC(=N)C(Cl)(Cl)Cl)[C@H](OC(C)=O)[C@@H](OC(C)=O)[C@@H]1OC(C)=O,CCCC(=O)N[C@H]1C(OCc2ccccc2)O[C@H](COCc2ccccc2)[C@@H](O)[C@@H]1OCc1ccccc1,CCCC(=O)N[C@H]1C(OCc2ccccc2)O[C@H](COCc2ccccc2)[C@@H](OC(C)=O)[C@@H]1OCc1ccccc1,trichloroacetimidate,27,28,27,28
SG-f0dd583423a91fad,f0dd583423a91fad4654639029cce4614cbbf5c2f800975ab7920d1c01a557f0,246,31-010-CAS-11821946,246,31-010-CAS-11821946,1,C[C@@H]1OC(OC(=N)C(Cl)(Cl)Cl)[C@H](OC(=O)c2ccccc2)[C@H](OC(=O)c2ccccc2)[C@H]1OC(=O)c1ccccc1,CC(=O)CCC(=O)O[C@H]1[C@H](O)[C@@H](COC(=O)Cc2ccccc2[N+](=O)[O-])O[C@@H](O[C@H]2CC[C@]3(C)[C@H]4CC=C5[C@@H]6CC(C)(C)CC[C@]6(C(=O)OCc6ccccc6)CC[C@@]5(C)[C@]4(C)CC[C@H]3C2(C)C)[C@@H]1NC(=O)OCC(Cl)(Cl)Cl,CC(=O)CCC(=O)O[C@@H]1[C@@H](NC(=O)OCC(Cl)(Cl)Cl)[C@H](O[C@H]2CC[C@]3(C)[C@H]4CC=C5[C@@H]6CC(C)(C)CC[C@]6(C(=O)OCc6ccccc6)CC[C@@]5(C)[C@]4(C)CC[C@H]3C2(C)C)O[C@H](COC(=O)Cc2ccccc2[N+](=O)[O-])[C@H]1OC(C)=O,trichloroacetimidate,9,10,76,77
SG-f119f7fd18bf709c,f119f7fd18bf709c3fc2c5df2482702b28a848951f1ef301017ba49ce16b679c,1,31-010-CAS-16952812,1,31-010-CAS-16952812,1,CC(=O)OC[C@H]1O[C@H](OC(=N)C(Cl)(Cl)Cl)[C@@H](OCc2ccccc2)[C@@H](OCc2ccccc2)[C@@H]1OCc1ccccc1,CC(C)(C)[Si](C)(C)O[C@@H]1O[C@H](COCc2ccccc2)[C@@H](O)[C@H](OCc2ccccc2)[C@H]1N=[N+]=[N-],CC(=O)O[C@H]1[C@H](OCc2ccccc2)[C@@H](N=[N+]=[N-])[C@H](O[Si](C)(C)C(C)(C)C)O[C@@H]1COCc1ccccc1,trichloroacetimidate,20,21,4,3
SG-f11b6df5fc0ec4e2,f11b6df5fc0ec4e295e438aceb8eb3898af5f01addfd4dee971078302014854d,505,31-010-CAS-179324,505;506,31-010-CAS-179324;31-010-CAS-16897565,2,CC(=O)N[C@@H]1[C@@H](O[C@H]2[C@H](OC(=N)C(Cl)(Cl)Cl)O[C@@H](C)[C@H](OC(=O)c3ccccc3)[C@H]2O[C@@H]2O[C@@H](C)[C@H](OC(=O)c3ccccc3)[C@@H](OC(=O)c3ccccc3)[C@H]2OC(=O)c2ccccc2)O[C@H](COC(C)=O)[C@@H](OC(C)=O)[C@@H]1OC(C)=O,COc1ccc(O[C@@H]2O[C@@H](C)[C@H](OC(C)=O)[C@@H](O[C@@H]3O[C@H](COC(=O)c4ccccc4)[C@@H](O)[C@H](OC(C)=O)[C@H]3NC(C)=O)[C@H]2OC(C)=O)cc1,COc1ccc(O[C@@H]2O[C@@H](C)[C@H](OC(C)=O)[C@@H](O[C@@H]3O[C@H](COC(=O)c4ccccc4)[C@@H](OC(C)=O)[C@H](OC(C)=O)[C@H]3NC(C)=O)[C@H]2OC(C)=O)cc1,trichloroacetimidate,31,32,31,32
SG-f18ce91ba4a175bc,f18ce91ba4a175bc87383b50d5bc128964758bb3d3bdd416414f4832bfcdbc30,981,31-013-CAS-19796362,981,31-013-CAS-19796362,1,O=C(O[C@H]1[C@@H](OC(=O)c2ccccc2)[C@@H](COCc2ccccc2)O[C@@H](Sc2ccccc2)[C@@H]1OC(=O)c1ccccc1)c1ccccc1,CC(=O)N[C@@H]1[C@@H](O)[C@H](O)[C@@H](CO[Si](c2ccccc2)(c2ccccc2)C(C)(C)C)O[C@H]1N=[N+]=[N-],CC(=O)N[C@@H]1[C@@H](O)[C@H](OC(C)=O)[C@@H](CO[Si](c2ccccc2)(c2ccccc2)C(C)(C)C)O[C@H]1N=[N+]=[N-],thioglycoside,7,8,7,8
SG-f2042215e99b33e4,f2042215e99b33e4c50357fe9a2ea84d150a446cf56367b6d03a866b6dab9d5a,3,31-010-CAS-14023399,3,31-010-CAS-14023399,1,CC(=O)OC[C@H]1OC(OC(=N)C(Cl)(Cl)Cl)[C@H](NC(=O)OCC(Cl)(Cl)Cl)[C@@H](OC(C)=O)[C@@H]1OC(C)=O,CC(=O)N[C@H]1[C@H](OC(C)=O)O[C@H](COC(C)=O)[C@@H](O)[C@@H]1OC(C)=O,CC(=O)N[C@H]1[C@H](OC(C)=O)O[C@H](COC(C)=O)[C@@H](OC(C)=O)[C@@H]1OC(C)=O,trichloroacetimidate,17,18,17,18
SG-f20b9ed16fdd6f46,f20b9ed16fdd6f46a38bda55ff59dc5412317062104ce7a4af70bf5f5343dd4c,209,31-010-CAS-8006751,209,31-010-CAS-8006751,1,CC(=O)OC[C@H]1OC(OC(=N)C(Cl)(Cl)Cl)[C@H](OC(C)=O)[C@@H](OC(C)=O)[C@H]1OC(C)=O,C=CCO[C@@H]1O[C@H](COC(=O)C(C)(C)C)[C@H](O)[C@H](OC(=O)C(C)(C)C)[C@H]1NC(C)=O,C=CCO[C@@H]1O[C@H](COC(=O)C(C)(C)C)[C@H](OC(C)=O)[C@H](OC(=O)C(C)(C)C)[C@H]1NC(C)=O,trichloroacetimidate,15,16,15,16
SG-f2240aeb0840a1b8,f2240aeb0840a1b84f092d0417ec32ab612c7484a18ecb9f1b2f65fc0a10e8f6,1498,31-614-CAS-36745363,1498,31-614-CAS-36745363,1,COc1ccc(CO[C@@H]2[C@H](OCc3ccccc3)[C@H](O[C@H]3[C@H](OCc4ccccc4)[C@@H](N4C(=O)c5ccccc5C4=O)[C@H](Sc4ccc([N+](=O)[O-])cc4)O[C@@H]3COCc3ccccc3)O[C@@H]3CO[C@@H](c4ccccc4)O[C@@H]23)cc1,[N-]=[N+]=N[C@@H]1O[C@H](COCc2ccccc2)[C@@H](O)[C@H](OCc2ccccc2)[C@H]1N1C(=O)c2ccccc2C1=O,CC(=O)O[C@H]1[C@H](OCc2ccccc2)[C@@H](N2C(=O)c3ccccc3C2=O)[C@H](N=[N+]=[N-])O[C@@H]1COCc1ccccc1,thioglycoside,15,16,4,3
SG-f264b9047dc09e91,f264b9047dc09e911127063b5bcdbe148c5874501e8e921d453f6f1140661661,1244,31-013-CAS-6341435,1244,31-013-CAS-6341435,1,CCS[C@H]1O[C@@H](C)[C@@H](OC(C)=O)[C@@H](O[C@H]2O[C@H](COC(C)=O)[C@@H](OCc3ccccc3)[C@H](OCc3ccccc3)[C@H]2OCc2ccccc2)[C@@H]1OCc1ccccc1,CCS[C@@H]1O[C@H](COCc2ccccc2)[C@@H](O)[C@H](OC(C)=O)[C@H]1N1C(=O)c2ccccc2C1=O,CCS[C@@H]1O[C@H](COCc2ccccc2)[C@@H](OC(C)=O)[C@H](OC(C)=O)[C@H]1N1C(=O)c2ccccc2C1=O,thioglycoside,15,16,15,16
SG-f28058cca6748982,f28058cca6748982dcea4cdf17bb048c8f10d00c07528887feaba4ba973a8838,157,31-010-CAS-23202756,157,31-010-CAS-23202756,1,CC(=O)OC[C@H]1O[C@H](OC(=N)C(Cl)(Cl)Cl)[C@H](OC(C)=O)[C@@H](OC(C)=O)[C@H]1OC(C)=O,CC(=O)CCC(=O)O[C@@H]1[C@@H](NC(C)=O)[C@H](OCCCCCCCl)O[C@H](COC(=O)c2ccccc2)[C@H]1O[C@@H]1O[C@H](COC(=O)C(C)(C)C)[C@H](OC(C)=O)[C@H](O[C@@H]2O[C@H](COC(=O)c3ccccc3)[C@@H](O)[C@H](OC(C)=O)[C@H]2NC(C)=O)[C@H]1OC(C)=O,CC(=O)CCC(=O)O[C@@H]1[C@@H](NC(C)=O)[C@H](OCCCCCCCl)O[C@H](COC(=O)c2ccccc2)[C@H]1O[C@@H]1O[C@H](COC(=O)C(C)(C)C)[C@H](OC(C)=O)[C@H](O[C@@H]2O[C@H](COC(=O)c3ccccc3)[C@@H](OC(C)=O)[C@H](OC(C)=O)[C@H]2NC(C)=O)[C@H]1OC(C)=O,trichloroacetimidate,68,69,68,69
SG-f2e1f9c0a54ba090,f2e1f9c0a54ba0907e3cb9c38fa41a7ba908badd1e26bbd9679cb9d11d570a8f,49,31-010-CAS-7855866,49;50,31-010-CAS-7855866;31-614-CAS-24990873,2,CC(=O)OC[C@H]1O[C@H](OC(=N)C(Cl)(Cl)Cl)[C@@H](OC(=O)c2ccccc2)[C@@H](OC(=O)c2ccccc2)[C@@H]1OC(C)=O,CO[C@H]1O[C@H](COC(=O)c2ccccc2)[C@@H](O)[C@H](OC(=O)c2ccccc2)[C@H]1NC(C)=O,CO[C@H]1O[C@H](COC(=O)c2ccccc2)[C@@H](OC(C)=O)[C@H](OC(=O)c2ccccc2)[C@H]1NC(C)=O,trichloroacetimidate,15,16,15,16
SG-f33a01150319c7d4,f33a01150319c7d41c5fbfb60afd29b38edac1719ba31fd4851aaab5a434b6b5,1409,31-013-CAS-19117128,1409,31-013-CAS-19117128,1,CCS[C@@H]1O[C@H](COC(C)=O)[C@@H](OCc2ccc(OC)cc2)[C@H](OC(C)=O)[C@H]1N1C(=O)c2ccccc2C1=O,CC(=O)OC[C@H]1O[C@@H](N=[N+]=[N-])[C@H](N2C(=O)c3ccccc3C2=O)[C@@H](OC(C)=O)[C@@H]1O,CC(=O)OC[C@H]1O[C@@H](N=[N+]=[N-])[C@H](N2C(=O)c3ccccc3C2=O)[C@@H](OC(C)=O)[C@@H]1OC(C)=O,thioglycoside,28,29,28,29
SG-f35462373bf2d6f2,f35462373bf2d6f271ca0903ec0adf5ccde921b1eaf16c59155899a8986da51e,1088,31-013-CAS-10471119,1088,31-013-CAS-10471119,1,c1ccc(COC[C@H]2O[C@@H](Sc3ccccc3)[C@H](OCc3ccccc3)[C@@H](OCc3ccccc3)[C@@H]2OCc2ccccc2)cc1,CO[C@@H]1O[C@H](CO[Si](C)(C)C(C)(C)C(C)C)[C@@H](O)[C@@H]2OC(=O)N(C(C)=O)[C@@H]12,CO[C@@H]1O[C@H](CO[Si](C)(C)C(C)(C)C(C)C)[C@@H](OC(C)=O)[C@@H]2OC(=O)N(C(C)=O)[C@@H]12,thioglycoside,16,17,16,17
SG-f3f71794483fca8f,f3f71794483fca8fed4363e82675f17bb7d42a839221cf5422ff3b7bba8cfbda,315,31-010-CAS-13083301,315,31-010-CAS-13083301,1,CC(=O)OC[C@H]1O[C@@H](OC(=N)C(Cl)(Cl)Cl)[C@H](N2C(=O)c3ccccc3C2=O)[C@@H](OC(C)=O)[C@@H]1OC(C)=O,O=C(OC[C@H]1O[C@@H](OCc2ccccc2)[C@H](N2C(=O)c3ccccc3C2=O)[C@@H](OC(=O)c2ccccc2)[C@@H]1O)c1ccccc1,CC(=O)O[C@H]1[C@H](OC(=O)c2ccccc2)[C@@H](N2C(=O)c3ccccc3C2=O)[C@H](OCc2ccccc2)O[C@@H]1COC(=O)c1ccccc1,trichloroacetimidate,37,38,4,3
SG-f4239adb8efba604,f4239adb8efba60402b9a53263193d10378812058eb5a2d256ad8020d31ba302,278,31-010-CAS-8601663,278,31-010-CAS-8601663,1,CC(=O)OC[C@H]1O[C@H](OC(=N)C(Cl)(Cl)Cl)[C@H](OC(C)=O)[C@@H](OC(C)=O)[C@@H]1OC(C)=O,CO[C@@H]1O[C@H](COCc2ccccc2)[C@@H](O)[C@H](OC(=O)c2ccccc2)[C@H]1NC(C)=O,CO[C@@H]1O[C@H](COCc2ccccc2)[C@@H](OC(C)=O)[C@H](OC(=O)c2ccccc2)[C@H]1NC(C)=O,trichloroacetimidate,14,15,14,15
SG-f4582aaee2b4e2a5,f4582aaee2b4e2a5f15c88afa951e64bec9a8f5573e6800f12b3f05d6a574451,1235,31-013-CAS-22660146,1235;1236,31-013-CAS-22660146;31-013-CAS-20623534,2,CC(=O)O[C@H]1[C@@H]2O[C@H](c3ccccc3)OC[C@H]2O[C@@H](Sc2ccc(C)cc2)[C@@H]1N1C(=O)c2ccccc2C1=O,CC(=O)O[C@H]1[C@H](O)[C@@H](COCc2ccccc2)O[C@@H](O[Si](C)(C)C(C)(C)C)[C@@H]1N=[N+]=[N-],CC(=O)O[C@@H]1[C@@H](N=[N+]=[N-])[C@H](O[Si](C)(C)C(C)(C)C)O[C@H](COCc2ccccc2)[C@H]1OC(C)=O,thioglycoside,5,6,29,30
SG-f45fb9032bc52749,f45fb9032bc52749ed917e60b631717f8cc5e74d5d7fb230beda7467afddafe2,159,31-010-CAS-3760764,159,31-010-CAS-3760764,1,N=C(O[C@H]1O[C@H](CCl)[C@H](Cl)[C@H](OC(=O)c2ccccc2)[C@H]1OC(=O)c1ccccc1)C(Cl)(Cl)Cl,COC(=O)CCCCCCCCO[C@@H]1O[C@H](COC(=O)c2ccccc2)[C@@H](O)[C@H](O[C@@H]2O[C@@H](C)[C@@H](OCc3ccccc3)[C@@H](OCc3ccccc3)[C@@H]2OCc2ccccc2)[C@H]1NC(C)=O,COC(=O)CCCCCCCCO[C@@H]1O[C@H](COC(=O)c2ccccc2)[C@@H](OC(C)=O)[C@H](O[C@@H]2O[C@@H](C)[C@@H](OCc3ccccc3)[C@@H](OCc3ccccc3)[C@@H]2OCc2ccccc2)[C@H]1NC(C)=O,trichloroacetimidate,26,27,26,27
SG-f486f4def5f00408,f486f4def5f0040878233bad74d038c37ddec507b9dd73dbe2eb9c09e8f57dca,1038,31-013-CAS-12553374,1038,31-013-CAS-12553374,1,CCS[C@H]1O[C@@H](C)[C@@H](OCc2ccccc2)C[C@@H]1OCc1ccccc1,CC(=O)OC[C@H]1O[C@@H](O[C@H]2[C@H](O)[C@@H](COCc3ccccc3)O[C@@H](OCCOCCOCCN=[N+]=[N-])[C@@H]2NC(=O)C(Cl)(Cl)Cl)[C@H](OC(C)=O)[C@@H](OC(C)=O)[C@H]1OC(C)=O,CC(=O)OC[C@H]1O[C@@H](O[C@@H]2[C@@H](NC(=O)C(Cl)(Cl)Cl)[C@H](OCCOCCOCCN=[N+]=[N-])O[C@H](COCc3ccccc3)[C@H]2OC(C)=O)[C@H](OC(C)=O)[C@@H](OC(C)=O)[C@H]1OC(C)=O,thioglycoside,10,11,42,43
SG-f48e25f5dcadc83f,f48e25f5dcadc83fc13e64b9ccf9d6ad55794f9a1724dced1269278f585e9680,583,31-013-CAS-6123351,583,31-013-CAS-6123351,1,CC(=O)O[C@@H]1[C@H](OC(C)=O)[C@H](C)OC(OC(=Nc2ccccc2)C(F)(F)F)[C@H]1OCc1ccccc1,C=CCOC(=O)O[C@H]1[C@H](O)[C@@H](COCc2ccccc2)O[C@@H](O[Si](C)(C)C(C)(C)C)[C@@H]1NC(=O)OCC(Cl)(Cl)Cl,C=CCOC(=O)O[C@@H]1[C@@H](NC(=O)OCC(Cl)(Cl)Cl)[C@H](O[Si](C)(C)C(C)(C)C)O[C@H](COCc2ccccc2)[C@H]1OC(C)=O,trifluoroacetimidate,8,9,38,39
SG-f4959ea114c0db3e,f4959ea114c0db3e5aad6ad2a634a5637d9dae66d1ce1c744d7b829212bb0506,216,31-010-CAS-16121126,216,31-010-CAS-16121126,1,CC(=O)O[C@H]1[C@H]2O[C@H](c3ccccc3)OC[C@H]2O[C@H](OC(=N)C(Cl)(Cl)Cl)[C@@H]1OC(C)=O,[N-]=[N+]=N[C@H]1[C@H](OCCCCCCCl)O[C@H](COCc2ccccc2)[C@@H](O)[C@@H]1OCc1ccccc1,CC(=O)O[C@H]1[C@H](OCc2ccccc2)[C@@H](N=[N+]=[N-])[C@H](OCCCCCCCl)O[C@@H]1COCc1ccccc1,trichloroacetimidate,24,25,4,3
SG-f4fc1e25e04df8f7,f4fc1e25e04df8f73e5c710528aac449c14c40e1619647f9e41006d922ea6a4f,774,31-013-CAS-12174891,774,31-013-CAS-12174891,1,Cc1ccc(S[C@@H]2O[C@H](COCc3ccccc3)[C@H](OCc3ccccc3)[C@H](OCc3ccccc3)[C@H]2OCc2ccccc2)cc1,Cc1ccc(S[C@@H]2O[C@H](CN=[N+]=[N-])[C@H](O)[C@H](OC(=O)c3ccccc3)[C@H]2N=[N+]=[N-])cc1,CC(=O)O[C@@H]1[C@H](OC(=O)c2ccccc2)[C@@H](N=[N+]=[N-])[C@H](Sc2ccc(C)cc2)O[C@@H]1CN=[N+]=[N-],thioglycoside,13,14,4,3
SG-f5118b7f20867068,f5118b7f2086706843762d2bd018488c45645d483c4f27b0b0df2ab75c521f0b,1403,31-013-CAS-10705380,1403,31-013-CAS-10705380,1,CCS[C@@H]1O[C@@H]2CO[C@@H](c3ccccc3)O[C@H]2[C@H](O[Si](C)(C)C(C)(C)C)[C@H]1N1C(=O)c2ccccc2C1=O,COc1ccc(CO[C@H]2[C@H](O)[C@@H](COCc3ccccc3)O[C@@H](OCCCN=[N+]=[N-])[C@@H]2N2C(=O)c3ccccc3C2=O)cc1,COc1ccc(CO[C@H]2[C@H](OC(C)=O)[C@@H](COCc3ccccc3)O[C@@H](OCCCN=[N+]=[N-])[C@@H]2N2C(=O)c3ccccc3C2=O)cc1,thioglycoside,9,10,9,10
SG-f56474f70148f2fa,f56474f70148f2fab8465f75c61b82dd89dce430afecf65aed07cf14378da42f,1216,31-013-CAS-20519347,1216,31-013-CAS-20519347,1,O=C(O[C@@H]1[C@@H](OCc2ccccc2)[C@@H](OCc2ccccc2)[C@@H](COCc2ccccc2)O[C@H]1Sc1nc2ccccc2o1)c1ccccc1,CCS[C@@H]1O[C@H](COCc2ccccc2)[C@@H](O)[C@H](OCc2ccccc2)[C@H]1N1C(=O)c2ccccc2C1=O,CCS[C@@H]1O[C@H](COCc2ccccc2)[C@@H](OC(C)=O)[C@H](OCc2ccccc2)[C@H]1N1C(=O)c2ccccc2C1=O,thioglycoside,15,16,15,16
SG-f5bbf3fb50e8878e,f5bbf3fb50e8878ec7d5bbf6b669b8f02aaff46a979666e728ceae8182802a80,762,31-013-CAS-22941545,762,31-013-CAS-22941545,1,CCSC1O[C@@H]2CO[C@@H](c3ccccc3)O[C@H]2[C@H](OCc2ccccc2)[C@H]1OC(C)=O,CC(=O)OC[C@H]1O[C@@H](O[Si](C)(C)C(C)(C)C(C)C)[C@H](N=[N+]=[N-])[C@@H](OCc2ccccc2)[C@@H]1O,CC(=O)OC[C@H]1O[C@@H](O[Si](C)(C)C(C)(C)C(C)C)[C@H](N=[N+]=[N-])[C@@H](OCc2ccccc2)[C@@H]1OC(C)=O,thioglycoside,31,32,31,32
SG-f60ac09b7622483a,f60ac09b7622483a58f01ee590b4735f52cd21f220b355a6c20ec62743903bc1,284,31-010-CAS-4637552,284,31-010-CAS-4637552,1,COC(=O)[C@H]1O[C@H](OC(=N)C(Cl)(Cl)Cl)[C@H](OC(=O)c2ccccc2)[C@@H](OC(=O)c2ccccc2)[C@@H]1OC(=O)CCC(C)=O,C=CCCCO[C@H]1O[C@H](COCc2ccccc2)[C@@H](O)[C@H](OCc2ccccc2)[C@H]1N(C(C)=O)C(C)=O,C=CCCCO[C@H]1O[C@H](COCc2ccccc2)[C@@H](OC(C)=O)[C@H](OCc2ccccc2)[C@H]1N(C(C)=O)C(C)=O,trichloroacetimidate,18,19,18,19
SG-f62b2d29f4ed6996,f62b2d29f4ed6996d0d2f93d9c50822dc514195624a85d62f21b437af2a6bf11,636,31-010-CAS-5017787,636,31-010-CAS-5017787,1,COC(=O)[C@@]1(OC[C@H]2O[C@@H](OC(=Nc3ccccc3)C(F)(F)F)[C@H](OC(=O)c3ccccc3)[C@@H](OC(=O)c3ccccc3)[C@H]2OC(C)=O)C[C@H](OC(C)=O)[C@@H](NC(=O)OCC(Cl)(Cl)Cl)[C@H]([C@H](OC(C)=O)[C@@H](COC(C)=O)OC(C)=O)O1,C=CCOC(=O)NCCCCCCO[C@@H]1O[C@H](COCc2ccccc2)[C@@H](O[C@@H]2O[C@H](COCc3ccccc3)[C@H](OCc3ccccc3)[C@H](O[C@@H]3O[C@H](COCc4ccccc4)[C@@H](O)[C@H](OC(=O)CCC(C)=O)[C@H]3NC(=O)C(Cl)(Cl)Cl)[C@H]2OC(=O)c2ccccc2)[C@H](OC(=O)c2ccccc2)[C@H]1OC(=O)c1ccccc1,C=CCOC(=O)NCCCCCCO[C@@H]1O[C@H](COCc2ccccc2)[C@@H](O[C@@H]2O[C@H](COCc3ccccc3)[C@H](OCc3ccccc3)[C@H](O[C@@H]3O[C@H](COCc4ccccc4)[C@@H](OC(C)=O)[C@H](OC(=O)CCC(C)=O)[C@H]3NC(=O)C(Cl)(Cl)Cl)[C@H]2OC(=O)c2ccccc2)[C@H](OC(=O)c2ccccc2)[C@H]1OC(=O)c1ccccc1,trifluoroacetimidate,63,64,63,64
SG-f67e472784ee3580,f67e472784ee358045340064c067e0cdf449f3d2db857247b32c1cab39563e9f,1286,31-013-CAS-2832294,1286,31-013-CAS-2832294,1,CCS[C@@H]1O[C@@H]2CO[C@H](c3ccccc3)O[C@@H]2[C@H](OC(C)=O)[C@H]1OC(C)=O,COc1ccc(O[C@@H]2O[C@H](COCc3ccccc3)[C@@H](O[C@@H]3O[C@H](COCc4ccccc4)[C@H](OC(C)=O)[C@H](O[C@@H]4O[C@H](COCc5ccccc5)[C@@H](O)[C@H](O)[C@H]4N4C(=O)c5ccccc5C4=O)[C@H]3OCc3ccccc3)[C@H](OCc3ccccc3)[C@H]2OCc2ccccc2)cc1,COc1ccc(O[C@@H]2O[C@H](COCc3ccccc3)[C@@H](O[C@@H]3O[C@H](COCc4ccccc4)[C@H](OC(C)=O)[C@H](O[C@@H]4O[C@H](COCc5ccccc5)[C@@H](OC(C)=O)[C@H](O)[C@H]4N4C(=O)c5ccccc5C4=O)[C@H]3OCc3ccccc3)[C@H](OCc3ccccc3)[C@H]2OCc2ccccc2)cc1,thioglycoside,52,53,52,53
SG-f6a664c1d4457b9e,f6a664c1d4457b9e7e9c0d8cfe10c8b184914bc833ac4814fab702c01dbbc5c4,836,31-013-CAS-3131889,836,31-013-CAS-3131889,1,CC(=O)OC[C@H]1O[C@@H](Sc2ccccc2)[C@H](OC(C)=O)[C@@H](OCc2ccccc2)[C@H]1OC(C)=O,CC(=O)N[C@H]1[C@@H](OCc2ccccc2)O[C@H](COCc2ccccc2)[C@@H](O)[C@@H]1OCc1ccccc1,CC(=O)N[C@H]1[C@@H](OCc2ccccc2)O[C@H](COCc2ccccc2)[C@@H](OC(C)=O)[C@@H]1OCc1ccccc1,thioglycoside,25,26,25,26
SG-f706d12e38beda64,f706d12e38beda64f343df3c41dd5f86e0ad97604cc3ef7a01ab6d50cc4454e7,1151,31-013-CAS-6664730,1151,31-013-CAS-6664730,1,CCS[C@H]1O[C@@H](C)[C@@H](OCc2ccccc2)[C@@H](OCc2ccccc2)[C@@H]1OCc1ccccc1,CC(=O)N[C@H]1[C@H](OCCCCCCCl)O[C@H](COCc2ccccc2)[C@@H](O[C@@H]2O[C@H](CO[Si](c3ccccc3)(c3ccccc3)C(C)(C)C)[C@H](OC(C)=O)[C@H](O[C@@H]3O[C@H](COCc4ccccc4)[C@@H](O)[C@H](OC(C)=O)[C@H]3NC(=O)C(Cl)(Cl)Cl)[C@H]2OC(C)=O)[C@@H]1OC(=O)CCl,CC(=O)N[C@H]1[C@H](OCCCCCCCl)O[C@H](COCc2ccccc2)[C@@H](O[C@@H]2O[C@H](CO[Si](c3ccccc3)(c3ccccc3)C(C)(C)C)[C@H](OC(C)=O)[C@H](O[C@@H]3O[C@H](COCc4ccccc4)[C@@H](OC(C)=O)[C@H](OC(C)=O)[C@H]3NC(=O)C(Cl)(Cl)Cl)[C@H]2OC(C)=O)[C@@H]1OC(=O)CCl,thioglycoside,68,69,68,69
SG-f7291382d13b438e,f7291382d13b438e0d6a17fd8acd1727e865adeaa7f32be5143c01f2e844e4c1,1035,31-013-CAS-8739025,1035,31-013-CAS-8739025,1,CCS[C@@H]1O[C@H](COC(=O)c2ccccc2)[C@H](OC(C)=O)[C@H](O[C@H]2O[C@H](COCc3ccccc3)[C@H](OCc3ccccc3)[C@H](OCc3ccccc3)[C@H]2OCc2ccccc2)[C@H]1OC(=O)c1ccccc1,CC(=O)N[C@H]1[C@H](OCCCNC(=O)OCc2ccccc2)O[C@H](COCc2ccccc2)[C@@H](O)[C@@H]1OCc1ccccc1,CC(=O)N[C@H]1[C@H](OCCCNC(=O)OCc2ccccc2)O[C@H](COCc2ccccc2)[C@@H](OC(C)=O)[C@@H]1OCc1ccccc1,thioglycoside,32,33,32,33
SG-f73d6b762b8456b2,f73d6b762b8456b25634c9ff64f327999c1e40326e5de2ad00d928dd36d6fbde,1336,31-013-CAS-20623539,1336,31-013-CAS-20623539,1,CC(=O)OC[C@H]1O[C@@H](Sc2ccc(C)cc2)[C@H](N2C(=O)c3ccccc3C2=O)[C@@H](OC(C)=O)[C@@H]1OC(C)=O,CC(=O)O[C@@H]1[C@@H](N=[N+]=[N-])[C@H](O[Si](C)(C)C(C)(C)C)O[C@H](COCc2ccccc2)[C@H]1O[C@@H]1O[C@H](COCc2ccccc2)[C@@H](O)[C@H](OC(C)=O)[C@H]1N1C(=O)c2ccccc2C1=O,CC(=O)O[C@@H]1[C@@H](N=[N+]=[N-])[C@H](O[Si](C)(C)C(C)(C)C)O[C@H](COCc2ccccc2)[C@H]1O[C@@H]1O[C@H](COCc2ccccc2)[C@@H](OC(C)=O)[C@H](OC(C)=O)[C@H]1N1C(=O)c2ccccc2C1=O,thioglycoside,43,44,43,44
SG-f748fab087d858c6,f748fab087d858c68ac7b2136c3b5f4492c7870b495182d115eb5b6022ad00f2,1308,31-013-CAS-804369,1308;1309,31-013-CAS-804369;31-013-CAS-11455285,2,CC(=O)OC[C@H]1O[C@@H](Sc2ccccc2)[C@H](N2C(=O)c3ccccc3C2=O)[C@@H](OC(C)=O)[C@@H]1OC(C)=O,CC(=O)O[C@H]1[C@H](O)[C@@H](COCc2ccccc2)O[C@@H](Sc2ccccc2)[C@@H]1N1C(=O)c2ccccc2C1=O,CC(=O)O[C@H]1[C@H](OC(C)=O)[C@@H](COCc2ccccc2)O[C@@H](Sc2ccccc2)[C@@H]1N1C(=O)c2ccccc2C1=O,thioglycoside,5,6,5,6
SG-f7b538ca7ad043d9,f7b538ca7ad043d91af25e594385cfdbc93e66d21f310c40fe1b63cb030e6b9a,717,31-013-CAS-22936260,717,31-013-CAS-22936260,1,CCSC1O[C@H]2CO[C@@H](c3ccccc3)O[C@H]2[C@H](OCc2ccccc2)[C@H]1OC(=O)CCC(C)=O,CO[C@H]1O[C@H](COC(C)=O)[C@@H](O)[C@H](OCc2ccccc2)[C@H]1N=[N+]=[N-],CO[C@H]1O[C@H](COC(C)=O)[C@@H](OC(C)=O)[C@H](OCc2ccccc2)[C@H]1N=[N+]=[N-],thioglycoside,10,11,10,11
SG-f7b667fcc0fbc39b,f7b667fcc0fbc39b597747f0cf05f6a090d2f4f5779175a0eca4e27700fd3727,168,31-010-CAS-3050829,168,31-010-CAS-3050829,1,CC(=O)OC[C@H]1O[C@H](OC(=N)C(Cl)(Cl)Cl)[C@H](OC(C)=O)[C@@H](OC(=O)CCl)[C@H]1OC(C)=O,CO[C@@H]1O[C@H](COCc2ccccc2)[C@@H](O)[C@H](OC(=O)CCl)[C@H]1NC(C)=O,CO[C@@H]1O[C@H](COCc2ccccc2)[C@@H](OC(C)=O)[C@H](OC(=O)CCl)[C@H]1NC(C)=O,trichloroacetimidate,14,15,14,15
SG-f7f9d40d510576e8,f7f9d40d510576e8c48b3ea1264115ba28f325a78bbfe86b5c39c85ffc6c5c5b,29,31-010-CAS-19796349,29,31-010-CAS-19796349,1,CC(=O)OC[C@H]1O[C@H](OC(=N)C(Cl)(Cl)Cl)[C@H](OC(C)=O)[C@@H](OC(C)=O)[C@H]1OC(C)=O,CC(C)(C)[Si](OC[C@H]1O[C@@H](Sc2ccccc2)[C@H](N2C(=O)c3ccccc3C2=O)[C@@H](O)[C@@H]1O)(c1ccccc1)c1ccccc1,CC(=O)O[C@H]1[C@H](O)[C@@H](N2C(=O)c3ccccc3C2=O)[C@H](Sc2ccccc2)O[C@@H]1CO[Si](c1ccccc1)(c1ccccc1)C(C)(C)C,trichloroacetimidate,31,32,4,3
SG-f807c19698b57641,f807c19698b57641d19c40988aef201e069640c980aedcd3471a1939a67651b5,250,31-010-CAS-1767038,250,31-010-CAS-1767038,1,CC(=O)O[C@H]1[C@H](OC(=N)C(Cl)(Cl)Cl)O[C@@H](COCc2ccccc2)[C@@H](OC(=O)OCC2c3ccccc3-c3ccccc32)[C@@H]1OCc1ccccc1,C=CCO[C@@H]1O[C@H](CO[Si](c2ccccc2)(c2ccccc2)C(C)(C)C)[C@@H](O)[C@H](OC(=O)CCC(C)=O)[C@H]1N=[N+]=[N-],C=CCO[C@@H]1O[C@H](CO[Si](c2ccccc2)(c2ccccc2)C(C)(C)C)[C@@H](OC(C)=O)[C@H](OC(=O)CCC(C)=O)[C@H]1N=[N+]=[N-],trichloroacetimidate,26,27,26,27
SG-f8303c19f9db8997,f8303c19f9db8997e8a4d197cfb1ee9fbcd0fc8aaf6c609761a479ea16c9a3b3,1449,31-013-CAS-15499890,1449;1450,31-013-CAS-15499890;31-013-CAS-5931180,2,Cc1ccc(S[C@@H]2O[C@H](COCc3ccccc3)[C@@H](O[Si](C)(C)C(C)(C)C)[C@H](OCc3ccccc3)[C@H]2N2C(=O)c3ccccc3C2=O)cc1,Cc1ccc(S[C@@H]2O[C@H](COCc3ccccc3)[C@@H](O)[C@H](OC(=O)CCl)[C@H]2N2C(=O)c3ccccc3C2=O)cc1,CC(=O)O[C@H]1[C@H](OC(=O)CCl)[C@@H](N2C(=O)c3ccccc3C2=O)[C@H](Sc2ccc(C)cc2)O[C@@H]1COCc1ccccc1,thioglycoside,18,19,4,3
SG-f87126e880bf0eb8,f87126e880bf0eb89589701823e22d888e537e337cd859ebc44e916fd51a332e,18,31-010-CAS-8150297,18,31-010-CAS-8150297,1,CC(=O)CCC(=O)O[C@H]1[C@H](OC(=N)C(Cl)(Cl)Cl)O[C@@H](COCc2ccccc2)[C@@H](OC(=O)OCC2c3ccccc3-c3ccccc32)[C@@H]1OCc1ccccc1,C=CCO[C@@H]1O[C@H](CO[Si](c2ccccc2)(c2ccccc2)C(C)(C)C)[C@@H](O)[C@H](OC(=O)CCC(C)=O)[C@H]1N=[N+]=[N-],C=CCO[C@@H]1O[C@H](CO[Si](c2ccccc2)(c2ccccc2)C(C)(C)C)[C@@H](OC(C)=O)[C@H](OC(=O)CCC(C)=O)[C@H]1N=[N+]=[N-],trichloroacetimidate,26,27,26,27
SG-f87128c85ec3aa5d,f87128c85ec3aa5d9888dd660e70f3d4ab9e1a93aa0b7e711375dbeb007484ac,692,31-013-CAS-7066819,692,31-013-CAS-7066819,1,C[C@H]1O[C@@H](Sc2ccccc2)[C@H](OCc2ccccc2)[C@@H](OCc2ccccc2)[C@H]1N=[N+]=[N-],COC(=O)[C@H]1O[C@H](Sc2ccccc2)[C@@H](N=[N+]=[N-])[C@@H](OCc2ccccc2)[C@@H]1O,COC(=O)[C@H]1O[C@H](Sc2ccccc2)[C@@H](N=[N+]=[N-])[C@@H](OCc2ccccc2)[C@@H]1OC(C)=O,thioglycoside,27,28,27,28
SG-f89272a9a02f51fd,f89272a9a02f51fd3f74cc9b630af184bb5d5b904803791d0f2617aca9e0121b,188,31-010-CAS-6786085,188,31-010-CAS-6786085,1,CC(=O)OC[C@H]1O[C@@H](OC(=N)C(Cl)(Cl)Cl)[C@H](OC(C)=O)[C@@H](OC(C)=O)[C@H]1OC(C)=O,CC(=O)N[C@@H]1[C@@H](O)[C@H](O)[C@@H](CO[Si](C)(C)C(C)(C)C)O[C@H]1SCC#N,CC(=O)N[C@@H]1[C@@H](O)[C@H](OC(C)=O)[C@@H](CO[Si](C)(C)C(C)(C)C)O[C@H]1SCC#N,trichloroacetimidate,7,8,7,8
SG-f8ad3856745cf942,f8ad3856745cf9423a9631255592a03bba11de2aa22cfc3ba2c252b3dd1faff2,1058,31-013-CAS-11975951,1058,31-013-CAS-11975951,1,CC(=O)O[C@@H]1[C@@H](OCc2ccccc2)[C@@H](OCc2ccccc2)[C@@H](COCc2ccccc2)O[C@H]1Sc1ccc(C)cc1,CC(=O)CCC(=O)O[C@H]1[C@H](O)[C@@H](COC(=O)c2ccccc2)O[C@@H](Sc2ccc(C)cc2)[C@@H]1NC(=O)OCC(Cl)(Cl)Cl,CC(=O)CCC(=O)O[C@@H]1[C@@H](NC(=O)OCC(Cl)(Cl)Cl)[C@H](Sc2ccc(C)cc2)O[C@H](COC(=O)c2ccccc2)[C@H]1OC(C)=O,thioglycoside,9,10,40,41
SG-f90c261a238ec21a,f90c261a238ec21a97bcf25b13b618038f3e685d9f4a0f4e0367323513e7fab9,880,31-013-CAS-19796365,880,31-013-CAS-19796365,1,CC(=O)OC[C@H]1O[C@@H](Sc2ccccc2)[C@H](OC(C)=O)[C@@H](OC(C)=O)[C@H]1OC(C)=O,CC(=O)N[C@@H]1[C@@H](O)[C@H](O)[C@@H](CO[Si](c2ccccc2)(c2ccccc2)C(C)(C)C)O[C@H]1N=[N+]=[N-],CC(=O)N[C@@H]1[C@@H](O)[C@H](OC(C)=O)[C@@H](CO[Si](c2ccccc2)(c2ccccc2)C(C)(C)C)O[C@H]1N=[N+]=[N-],thioglycoside,7,8,7,8
SG-f93b1428ad735ad2,f93b1428ad735ad20ae672074adb81542056976f8d3bbafcfacd5885fbdd254d,503,31-010-CAS-5226356,503,31-010-CAS-5226356,1,COc1ccc(COC[C@H]2O[C@@H](O[C@H]3[C@H](OC(C)=O)[C@@H](N4C(=O)c5ccccc5C4=O)[C@H](OC(=N)C(Cl)(Cl)Cl)O[C@@H]3COCc3ccc(OC)cc3)[C@H](N3C(=O)c4ccccc4C3=O)[C@@H](OC(C)=O)[C@@H]2OC(=O)CCl)cc1,C=CCO[C@@H]1O[C@H](COCc2ccc(OC)cc2)[C@@H](O[C@@H]2O[C@H](COCc3ccc(OC)cc3)[C@@H](O)[C@H](OC(C)=O)[C@H]2N2C(=O)c3ccccc3C2=O)[C@H](OC(C)=O)[C@H]1N1C(=O)c2ccccc2C1=O,C=CCO[C@@H]1O[C@H](COCc2ccc(OC)cc2)[C@@H](O[C@@H]2O[C@H](COCc3ccc(OC)cc3)[C@@H](OC(C)=O)[C@H](OC(C)=O)[C@H]2N2C(=O)c3ccccc3C2=O)[C@H](OC(C)=O)[C@H]1N1C(=O)c2ccccc2C1=O,trichloroacetimidate,34,35,34,35
SG-f9898b9dcb997bb2,f9898b9dcb997bb2cf8591c5ad3e74be5d0a574c342ba76c96c761bae5ffc97a,995,31-013-CAS-27980,995,31-013-CAS-27980,1,COC(=O)[C@@H]1O[C@@H](Sc2ccccc2)[C@H](OC(=O)c2ccccc2)[C@@H](OCc2ccccc2)[C@@H]1OC(=O)CCC(C)=O,COC(=O)[C@@H]1O[C@@H](OCCCCCN(Cc2ccccc2)C(=O)OCc2ccc(COC(=O)c3ccccc3)cc2)[C@H](OC(=O)c2ccccc2)[C@@H](OCc2ccccc2)[C@@H]1O[C@H]1O[C@H](COC(=O)c2ccccc2)[C@@H](O)[C@H](OCc2ccccc2)[C@H]1N=[N+]=[N-],COC(=O)[C@@H]1O[C@@H](OCCCCCN(Cc2ccccc2)C(=O)OCc2ccc(COC(=O)c3ccccc3)cc2)[C@H](OC(=O)c2ccccc2)[C@@H](OCc2ccccc2)[C@@H]1O[C@H]1O[C@H](COC(=O)c2ccccc2)[C@@H](OC(C)=O)[C@H](OCc2ccccc2)[C@H]1N=[N+]=[N-],thioglycoside,75,76,75,76
SG-f9f18d2827a9fba0,f9f18d2827a9fba0146fd1afa5c311009a4dd063cfce99b0e0b6c8c01b2be9e2,834,31-013-CAS-20818644,834,31-013-CAS-20818644,1,COC(=O)[C@@H]1O[C@@H](Sc2ccccc2)[C@H](OC(=O)c2ccccc2)[C@@H](OCc2ccccc2)[C@@H]1O[C@H]1O[C@H](COCc2ccccc2)[C@@H](OCc2ccccc2)[C@H](OCc2ccccc2)[C@H]1N=[N+]=[N-],[N-]=[N+]=N[C@H]1[C@@H](O[C@H]2[C@H](OCc3ccccc3)[C@H]3OC(=O)[C@@H]2O[C@H]3Sc2ccccc2)O[C@H](COCc2ccccc2)[C@@H](O)[C@@H]1OCc1ccccc1,CC(=O)O[C@H]1[C@H](OCc2ccccc2)[C@@H](N=[N+]=[N-])[C@@H](O[C@H]2[C@H](OCc3ccccc3)[C@H]3OC(=O)[C@@H]2O[C@H]3Sc2ccccc2)O[C@@H]1COCc1ccccc1,thioglycoside,41,42,4,3
SG-fa2f9fc267b7d9a7,fa2f9fc267b7d9a7a2801ca89ab0292df94354829b6343d0c2d448579d44c8b1,1307,31-013-CAS-8874229,1307,31-013-CAS-8874229,1,CCS[C@@H]1O[C@H](COCc2ccccc2)[C@H](OCc2ccccc2)[C@H](OCc2ccccc2)[C@H]1OC(C)=O,CCCCCCCCO[C@H]1O[C@H](COCc2ccccc2)[C@@H](OCc2ccccc2)[C@H](OCc2ccccc2)[C@@H]1O[C@@H]1O[C@H](COCc2ccccc2)[C@@H](O)[C@H](OCc2ccccc2)[C@H]1N1C(=O)c2ccccc2C1=O,CCCCCCCCO[C@H]1O[C@H](COCc2ccccc2)[C@@H](OCc2ccccc2)[C@H](OCc2ccccc2)[C@@H]1O[C@@H]1O[C@H](COCc2ccccc2)[C@@H](OC(C)=O)[C@H](OCc2ccccc2)[C@H]1N1C(=O)c2ccccc2C1=O,thioglycoside,53,54,53,54
SG-fa44a89c9469d057,fa44a89c9469d057b12da561f6e523872dcaf04c37b5c9244e011e63e57e1c63,719,31-013-CAS-18792530,719;720;721,31-013-CAS-18792530;31-013-CAS-13505033;31-013-CAS-13132878,3,CCSC1O[C@H]2CO[C@@H](c3ccccc3)O[C@H]2[C@H](OCc2ccccc2)[C@H]1OC(C)=O,CC(=O)OC[C@H]1OC(OCc2ccccc2)[C@H](N=[N+]=[N-])[C@@H](OCc2ccccc2)[C@@H]1O,CC(=O)OC[C@H]1OC(OCc2ccccc2)[C@H](N=[N+]=[N-])[C@@H](OCc2ccccc2)[C@@H]1OC(C)=O,thioglycoside,29,30,29,30
SG-fa908d2a9402b078,fa908d2a9402b07822d01bc6d1298c589aa235fabd198a76a492d66ff53c3c84,936,31-013-CAS-9549076,936,31-013-CAS-9549076,1,CCS[C@@H]1O[C@H](COC(=O)c2ccccc2)[C@H](OC(=O)c2ccccc2)[C@H](O[C@@H]2O[C@H](COC(C)=O)[C@@H](OC(=O)c3ccccc3)[C@H](OC(C)=O)[C@H]2OC(=O)c2ccccc2)[C@H]1OC(=O)c1ccccc1,CC(=O)N[C@H]1[C@H](OCCN=[N+]=[N-])O[C@H](COCc2ccccc2)[C@@H](O)[C@@H]1OCc1ccccc1,CC(=O)N[C@H]1[C@H](OCCN=[N+]=[N-])O[C@H](COCc2ccccc2)[C@@H](OC(C)=O)[C@@H]1OCc1ccccc1,thioglycoside,23,24,23,24
SG-facb620a22f0851c,facb620a22f0851c863d211bef39c91806c0e71244c03dcbe40d2855329da281,1018,31-013-CAS-22252755,1018,31-013-CAS-22252755,1,Cc1ccc(S[C@@H]2O[C@@H]3CO[C@@H](c4ccccc4)O[C@@H]3[C@H](OC(=O)c3ccccc3)[C@H]2OC(=O)c2ccccc2)cc1,CC(C)(C)[Si](C)(C)O[C@@H]1O[C@H](COCc2ccccc2)[C@@H](O)[C@H](OC(=O)c2ccccc2)[C@H]1NC(=O)OCC(Cl)(Cl)Cl,CC(=O)O[C@H]1[C@H](OC(=O)c2ccccc2)[C@@H](NC(=O)OCC(Cl)(Cl)Cl)[C@H](O[Si](C)(C)C(C)(C)C)O[C@@H]1COCc1ccccc1,thioglycoside,20,21,4,3
SG-fad43e4841f4c103,fad43e4841f4c1038068e8c487b7b7abc52063f667e7ebee534e6cf3b35fe534,991,31-013-CAS-403547,991,31-013-CAS-403547,1,CC(=O)CCC(=O)O[C@@H]1[C@@H](OCc2ccccc2)[C@@H]2OC(c3ccccc3)OC[C@@H]2O[C@H]1Sc1ccccc1,CC(=O)CCC(=O)OC[C@H]1O[C@H](OCCCCCN(Cc2ccccc2)C(=O)OCc2ccccc2)[C@H](N=[N+]=[N-])[C@@H](OCc2ccccc2)[C@@H]1O,CC(=O)CCC(=O)OC[C@H]1O[C@H](OCCCCCN(Cc2ccccc2)C(=O)OCc2ccccc2)[C@H](N=[N+]=[N-])[C@@H](OCc2ccccc2)[C@@H]1OC(C)=O,thioglycoside,49,50,49,50
SG-fafe4c5225b5f32f,fafe4c5225b5f32f5b659e950a98822c129ec7756db1cd6f593a5029ec42048c,82,31-010-CAS-2983674,82,31-010-CAS-2983674,1,CC(C)(C)OC(=O)[C@H]1O[C@H](OC(=N)C(Cl)(Cl)Cl)[C@H](OC(=O)c2ccccc2)[C@@H](OCc2ccccc2)[C@@H]1OCc1ccccc1,[N-]=[N+]=N[C@@H]1[C@@H](OCc2ccccc2)[C@H](O)[C@@H](COCc2ccccc2)O[C@H]1Sc1ccccc1,CC(=O)O[C@H]1[C@H](OCc2ccccc2)[C@@H](N=[N+]=[N-])[C@H](Sc2ccccc2)O[C@@H]1COCc1ccccc1,trichloroacetimidate,13,14,4,3
SG-fb517bad8cadf474,fb517bad8cadf474ee7ee4d367b207edee3c06a2f501ea0de359a87168cab689,645,31-010-CAS-18600274,645,31-010-CAS-18600274,1,COC(=O)[C@@]1(O[C@H]2[C@@H](OC(=O)c3ccccc3)[C@@H](COC(=O)c3ccccc3)OC(OC(=Nc3ccccc3)C(F)(F)F)[C@@H]2OC(=O)c2ccccc2)C[C@H](OC(C)=O)[C@@H](NC(C)=O)[C@H]([C@H](OC(C)=O)[C@@H](COC(C)=O)OC(C)=O)O1,CC(=O)O[C@@H]1[C@H](O[C@@H]2O[C@H](CO[Si](c3ccccc3)(c3ccccc3)C(C)(C)C)[C@@H](O)[C@H](OCc3ccccc3)[C@H]2N2C(=O)c3ccccc3C2=O)[C@@H](OCc2ccccc2)[C@H](O[C@H]2[C@H](OCc3ccccc3)[C@@H](OCc3ccccc3)[C@H](OCCCN=[N+]=[N-])O[C@@H]2COCc2ccccc2)O[C@@H]1COCc1ccccc1,CC(=O)O[C@@H]1[C@H](O[C@@H]2O[C@H](CO[Si](c3ccccc3)(c3ccccc3)C(C)(C)C)[C@@H](OC(C)=O)[C@H](OCc3ccccc3)[C@H]2N2C(=O)c3ccccc3C2=O)[C@@H](OCc2ccccc2)[C@H](O[C@H]2[C@H](OCc3ccccc3)[C@@H](OCc3ccccc3)[C@H](OCCCN=[N+]=[N-])O[C@@H]2COCc2ccccc2)O[C@@H]1COCc1ccccc1,trifluoroacetimidate,29,30,29,30
SG-fb85d177f631408b,fb85d177f631408bd1c52f066eeaed67390c6a93c5647a4ec3956837bfa1b164,1256,31-013-CAS-23538269,1256,31-013-CAS-23538269,1,C[C@H]1O[C@@H](Sc2ccccc2)[C@H](N=[N+]=[N-])[C@@H](OCc2ccccc2)[C@H]1N1C(=O)c2ccccc2C1=O,CC(C)(C)[Si](OC[C@H]1O[C@@H](Sc2ccccc2)[C@H](N=[N+]=[N-])[C@@H](OCc2ccc3ccccc3c2)[C@H]1O)(c1ccccc1)c1ccccc1,CC(=O)O[C@@H]1[C@H](OCc2ccc3ccccc3c2)[C@@H](N=[N+]=[N-])[C@H](Sc2ccccc2)O[C@@H]1CO[Si](c1ccccc1)(c1ccccc1)C(C)(C)C,thioglycoside,34,35,4,3
SG-fbc2344964064fd1,fbc2344964064fd17813c4ba86b53c0a8063619fdc77adbae18ba9091861ded7,228,31-010-CAS-9139701,228,31-010-CAS-9139701,1,CC(=O)O[C@H]1[C@@H](OC(C)=O)[C@@H](COCc2ccccc2)O[C@H](OC(=N)C(Cl)(Cl)Cl)[C@@H]1OC(C)=O,CC(=O)N[C@H]1[C@H](OCCCCCCNC(=O)OCc2ccccc2)O[C@H](COCc2ccccc2)[C@@H](O)[C@@H]1O[C@@H]1O[C@@H](C)[C@@H](OCc2ccccc2)[C@@H](OCc2ccccc2)[C@@H]1OCc1ccccc1,CC(=O)N[C@H]1[C@H](OCCCCCCNC(=O)OCc2ccccc2)O[C@H](COCc2ccccc2)[C@@H](OC(C)=O)[C@@H]1O[C@@H]1O[C@@H](C)[C@@H](OCc2ccccc2)[C@@H](OCc2ccccc2)[C@@H]1OCc1ccccc1,trichloroacetimidate,35,36,35,36
SG-fbfcb19a4ed7fbf0,fbfcb19a4ed7fbf073e6edfe2a4c2a8df43dd6f7bdb97bdb5f7a0cb7eb44fc44,1260,31-013-CAS-22548615,1260,31-013-CAS-22548615,1,c1ccc(CO[C@@H]2[C@H](OCc3ccccc3)[C@@H](Sc3ccccc3)O[C@@H]3CO[C@@H](c4ccccc4)O[C@@H]23)cc1,C=CCO[C@H]1[C@H](O)[C@@H](COCc2ccccc2)O[C@@H](Oc2ccc(OC)cc2)[C@@H]1N1C(=O)c2ccccc2C1=O,C=CCO[C@H]1[C@H](OC(C)=O)[C@@H](COCc2ccccc2)O[C@@H](Oc2ccc(OC)cc2)[C@@H]1N1C(=O)c2ccccc2C1=O,thioglycoside,5,6,5,6
SG-fc040405e4700d7b,fc040405e4700d7b776f110046c754733e7d0cc1751a92085ab0e69a6a1baff1,465,31-010-CAS-21706630,465,31-010-CAS-21706630,1,COC(=O)[C@@]1(O[C@H]2[C@@H](OC(=O)c3ccccc3)[C@@H](COC(=O)c3ccccc3)OC(OC(=N)C(Cl)(Cl)Cl)[C@@H]2OC(=O)c2ccccc2)C[C@H](OC(=O)c2cc([N+](=O)[O-])ccn2)[C@@H](NC(=O)OCC(Cl)(Cl)Cl)[C@H]([C@H](OC(C)=O)[C@@H](COC(C)=O)OC(C)=O)O1,COc1ccc(O[C@H]2O[C@H](COCc3ccccc3)[C@@H](O)[C@H](OCc3ccccc3)[C@H]2N=[N+]=[N-])cc1,COc1ccc(O[C@H]2O[C@H](COCc3ccccc3)[C@@H](OC(C)=O)[C@H](OCc3ccccc3)[C@H]2N=[N+]=[N-])cc1,trichloroacetimidate,19,20,19,20
SG-fc193fb2930986a9,fc193fb2930986a9769e24d46f1841d9e6b7a859b5e50bf620c39e24aea38416,1351,31-049-CAS-14355506,1351;1381;1382;1383;1384,31-049-CAS-14355506;31-614-CAS-29779875;31-614-CAS-27112817;31-614-CAS-30818878;31-614-CAS-24371505,5,COc1ccc(CO[C@H]2[C@@H]3O[C@H](c4ccccc4)OC[C@H]3O[C@H](S(=O)c3ccccc3)[C@H]2OCc2ccccc2)cc1,O=C1c2ccccc2C(=O)N1[C@H]1[C@H](O[C@H]2[C@H](OCc3ccccc3)[C@@H](N3C(=O)c4ccccc4C3=O)[C@H](OCc3ccccc3)O[C@@H]2COCc2ccccc2)O[C@H](COCc2ccccc2)[C@@H](O)[C@@H]1OCc1ccccc1,CC(=O)O[C@H]1[C@H](OCc2ccccc2)[C@@H](N2C(=O)c3ccccc3C2=O)[C@H](O[C@H]2[C@H](OCc3ccccc3)[C@@H](N3C(=O)c4ccccc4C3=O)[C@H](OCc3ccccc3)O[C@@H]2COCc2ccccc2)O[C@@H]1COCc1ccccc1,thioglycoside,67,68,4,3
SG-fc3a772e6083c08c,fc3a772e6083c08c1da7b2758ab518e91d28ab1f21879fd1ccdd16088f0aa184,1266,31-013-CAS-6134165,1266,31-013-CAS-6134165,1,COc1ccc(CO[C@H]2[C@@H](O[Si](c3ccccc3)(c3ccccc3)C(C)(C)C)[C@@H]3O[C@H](c4ccccc4)OC[C@H]3O[C@@H]2SC)cc1,COc1ccc(O[C@@H]2O[C@H](COCc3ccccc3)[C@@H](O)[C@H](OCc3ccccc3)[C@H]2N2C(=O)c3ccccc3C2=O)cc1,COc1ccc(O[C@@H]2O[C@H](COCc3ccccc3)[C@@H](OC(C)=O)[C@H](OCc3ccccc3)[C@H]2N2C(=O)c3ccccc3C2=O)cc1,thioglycoside,19,20,19,20
SG-fc4a9b552809b65b,fc4a9b552809b65b762338c88497810b89fa7e0454a9331f6c1f28f7215a4557,203,31-010-CAS-16546344,203,31-010-CAS-16546344,1,CC(=O)OC[C@@H]1O[C@@H](OC(=N)C(Cl)(Cl)Cl)[C@H](OC(C)=O)[C@@H](OC(C)=O)[C@H]1OC(C)=O,CC(=O)N[C@H]1[C@H](OCc2ccccc2)O[C@H](CO[Si](C)(C)C(C)(C)C)[C@@H](O)[C@@H]1O,CC(=O)N[C@H]1[C@H](OCc2ccccc2)O[C@H](CO[Si](C)(C)C(C)(C)C)[C@@H](OC(C)=O)[C@@H]1O,trichloroacetimidate,25,26,25,26
SG-fc8c7a3ef993bc9e,fc8c7a3ef993bc9e53ea7bb1e0969fe769e5b19b924e1aa97638538d0786cf61,625,31-013-CAS-2559995,625;626,31-013-CAS-2559995;31-013-CAS-14305684,2,CC(=O)O[C@@H]1[C@H](O[C@H]2[C@H](OCc3ccccc3)[C@@H](N3C(=O)c4ccccc4C3=O)[C@H](OC(=Nc3ccccc3)C(F)(F)F)O[C@@H]2COCc2ccccc2)O[C@@H]2CO[C@@H](c3ccccc3)O[C@H]2[C@@H]1OCc1ccc2ccccc2c1,O=C1c2ccccc2C(=O)N1[C@H]1[C@H](OCc2ccccc2)O[C@H](COCc2ccccc2)[C@@H](O)[C@@H]1OCc1ccccc1,CC(=O)O[C@H]1[C@H](OCc2ccccc2)[C@@H](N2C(=O)c3ccccc3C2=O)[C@H](OCc2ccccc2)O[C@@H]1COCc1ccccc1,trifluoroacetimidate,32,33,4,3
SG-fc92f0e862d22a7d,fc92f0e862d22a7d598db9a7e7dea9c77d502b4e60f5f27274543fe48a999bd5,1027,31-013-CAS-8833991,1027,31-013-CAS-8833991,1,CCS[C@H]1O[C@@H](C)[C@@H](OC(=O)c2ccccc2)[C@@H](OC(=O)c2ccccc2)[C@@H]1O[Si](C(C)C)(C(C)C)C(C)C,CC(C)(C)[Si](OC[C@H]1O[C@@H](Oc2ccc(OCCCl)cc2)[C@H](NC(=O)C(F)(F)F)[C@@H](OC(=O)CCl)[C@@H]1O)(c1ccccc1)c1ccccc1,CC(=O)O[C@H]1[C@H](OC(=O)CCl)[C@@H](NC(=O)C(F)(F)F)[C@H](Oc2ccc(OCCCl)cc2)O[C@@H]1CO[Si](c1ccccc1)(c1ccccc1)C(C)(C)C,thioglycoside,35,36,4,3
SG-fcaea6fff48fac1b,fcaea6fff48fac1b67b7e2bbc4449217db7511e45318141767e86aadf20fd0ec,1527,31-013-CAS-7296941,1527,31-013-CAS-7296941,1,CC(=O)O[C@H]1[C@@H](O[C@H]2O[C@H](COCc3ccccc3)[C@@H](OC(=O)CCl)[C@@H]3OC(=O)N(Cc4ccccc4)[C@@H]23)[C@@H](COCc2ccccc2)O[C@@H](Sc2c(C)cccc2C)[C@@H]1OC(C)=O,COc1ccc(O[C@@H]2O[C@H](COCc3ccccc3)[C@@H](O)[C@H](OCc3ccccc3)[C@H]2N2C(=O)c3ccccc3C2=O)cc1,COc1ccc(O[C@@H]2O[C@H](COCc3ccccc3)[C@@H](OC(C)=O)[C@H](OCc3ccccc3)[C@H]2N2C(=O)c3ccccc3C2=O)cc1,thioglycoside,19,20,19,20
SG-fcc4ac43bb3c298a,fcc4ac43bb3c298a9a316f62452571c36fc62d2e6097ef89686d9ba5be64928d,288,31-010-CAS-19796367,288,31-010-CAS-19796367,1,CC(=O)OC[C@H]1O[C@H](OC(=N)C(Cl)(Cl)Cl)[C@H](OC(C)=O)[C@@H](OC(C)=O)[C@H]1OC(C)=O,CC(=O)N[C@@H]1[C@@H](O)[C@H](O)[C@@H](CO[Si](c2ccccc2)(c2ccccc2)C(C)(C)C)O[C@H]1N=[N+]=[N-],CC(=O)N[C@@H]1[C@@H](O)[C@H](OC(C)=O)[C@@H](CO[Si](c2ccccc2)(c2ccccc2)C(C)(C)C)O[C@H]1N=[N+]=[N-],trichloroacetimidate,7,8,7,8
SG-fcd7518ce0fbffb0,fcd7518ce0fbffb0517278575e1616aa5963945af49c27b12ee7e5e86e12add6,1231,31-013-CAS-8593906,1231,31-013-CAS-8593906,1,CS[C@@H]1O[C@H](COC(C)=O)[C@H](OC(C)=O)[C@H](O[C@H]2O[C@H](COC(C)=O)[C@H](OC(C)=O)[C@H](OC(C)=O)[C@H]2OC(C)=O)[C@H]1OC(=O)c1ccccc1,C[Si](C)(C)CCO[C@@H]1O[C@H](COCc2ccccc2)[C@@H](O)[C@H](OCc2ccccc2)[C@H]1N1C(=O)c2ccccc2C1=O,CC(=O)O[C@H]1[C@H](OCc2ccccc2)[C@@H](N2C(=O)c3ccccc3C2=O)[C@H](OCC[Si](C)(C)C)O[C@@H]1COCc1ccccc1,thioglycoside,19,20,4,3
SG-fcd95ca05d169df3,fcd95ca05d169df3169667122ff52dce296f9b303773c10ea722beca1e7485f3,1181,31-013-CAS-19796379,1181,31-013-CAS-19796379,1,CC(=O)OC[C@H]1O[C@@H](Sc2ccccc2)[C@H](OC(C)=O)[C@@H](OC(C)=O)[C@H]1OC(C)=O,COc1ccc(O[C@@H]2O[C@H](CO[Si](c3ccccc3)(c3ccccc3)C(C)(C)C)[C@@H](O)[C@H](O)[C@H]2N2C(=O)c3ccccc3C2=O)cc1,COc1ccc(O[C@@H]2O[C@H](CO[Si](c3ccccc3)(c3ccccc3)C(C)(C)C)[C@@H](OC(C)=O)[C@H](O)[C@H]2N2C(=O)c3ccccc3C2=O)cc1,thioglycoside,29,30,29,30
SG-fcfc8f3810c36d3e,fcfc8f3810c36d3ee973706d651866f3deddabc7298e4396be24886a7dded641,501,31-010-CAS-1302376,501,31-010-CAS-1302376,1,COC(=O)[C@@]1(O[C@H]2[C@@H](OC(=O)c3ccccc3)[C@@H](COC(=O)c3ccccc3)OC(OC(=N)C(Cl)(Cl)Cl)[C@@H]2OC(=O)c2ccccc2)C[C@H](OC(C)=O)[C@@H](NC(C)=O)[C@H]([C@H](OC(C)=O)[C@@H](COC(C)=O)OC(C)=O)O1,COc1ccc(OC[C@H]2O[C@@H](O[C@H]3[C@@H](OCc4ccccc4)[C@@H](COCc4ccccc4)O[C@@H](O[C@H]4[C@H](OCc5ccccc5)[C@@H](OCc5ccccc5)[C@H](OCC[Si](C)(C)C)O[C@@H]4COCc4ccccc4)[C@@H]3OCc3ccccc3)[C@H](NC(C)=O)[C@@H](OCc3ccccc3)[C@@H]2O)cc1,COc1ccc(OC[C@H]2O[C@@H](O[C@H]3[C@@H](OCc4ccccc4)[C@@H](COCc4ccccc4)O[C@@H](O[C@H]4[C@H](OCc5ccccc5)[C@@H](OCc5ccccc5)[C@H](OCC[Si](C)(C)C)O[C@@H]4COCc4ccccc4)[C@@H]3OCc3ccccc3)[C@H](NC(C)=O)[C@@H](OCc3ccccc3)[C@@H]2OC(C)=O)cc1,trichloroacetimidate,96,97,96,97
SG-fd6d978dd516b955,fd6d978dd516b9556cd8922258ce69c37d4f212c24b61711d74650bb71335cbe,1332,31-614-CAS-28172097,1332,31-614-CAS-28172097,1,O=C1c2ccccc2C(=O)N1[C@@H]1[C@@H](OCc2ccccc2)[C@@H]2O[C@H](c3ccccc3)OC[C@H]2O[C@H]1S(=O)c1ccccc1,O=C1c2ccccc2C(=O)N1[C@@H]1[C@@H](O)[C@H](O)[C@@H](COCc2ccccc2)O[C@H]1Sc1ccccc1,CC(=O)O[C@H]1[C@H](O)[C@@H](N2C(=O)c3ccccc3C2=O)[C@H](Sc2ccccc2)O[C@@H]1COCc1ccccc1,thioglycoside,14,15,4,3
SG-fda185a50eb11eaa,fda185a50eb11eaa500317193f6caca1d952b637a4480a9213dd034bda8f5453,846,31-614-CAS-39928734,846;847,31-614-CAS-39928734;31-614-CAS-39928848,2,CC(=O)CCC(=O)O[C@@H]1[C@@H](OCc2ccccc2)[C@@H]2O[C@H](c3ccccc3)OC[C@H]2O[C@H]1Sc1ccc(C)cc1,CC(C)C(C)(C)[Si](C)(C)O[C@@H]1O[C@H](COCc2ccc3ccccc3c2)[C@@H](O)[C@H](OCc2ccc3ccccc3c2)[C@H]1N=[N+]=[N-],CC(=O)O[C@H]1[C@H](OCc2ccc3ccccc3c2)[C@@H](N=[N+]=[N-])[C@H](O[Si](C)(C)C(C)(C)C(C)C)O[C@@H]1COCc1ccc2ccccc2c1,thioglycoside,26,27,4,3
SG-fddc9ac66f2e391b,fddc9ac66f2e391bcaf28c739247e995dfec7741a2b0af8a3f34690c59aac2b3,585,31-010-CAS-539862,585,31-010-CAS-539862,1,CC(=O)O[C@H]1[C@@H](NC(=O)OCc2ccccc2)[C@@H](C)OC(OC(=Nc2ccccc2)C(F)(F)F)[C@@H]1N=[N+]=[N-],CC(=O)CCC(=O)O[C@H]1[C@@H](O)[C@@H](COCc2ccccc2)O[C@@H](O[Si](C)(C)C(C)(C)C)[C@@H]1N=[N+]=[N-],CC(=O)CCC(=O)O[C@@H]1[C@@H](N=[N+]=[N-])[C@H](O[Si](C)(C)C(C)(C)C)O[C@H](COCc2ccccc2)[C@@H]1OC(C)=O,trifluoroacetimidate,9,10,33,34
SG-fe54117c1dca7d8b,fe54117c1dca7d8b9a3d52775845d3117b95dc123873164ab6f35df9d6977f39,577,31-013-CAS-3140309,577,31-013-CAS-3140309,1,CC(=O)OC[C@H]1OC(OC(=Nc2ccccc2)C(F)(F)F)[C@H](OCc2ccccc2)[C@@H](OC(=O)c2ccccc2)[C@@H]1OCc1ccccc1,CO[C@H]1O[C@H](COCc2ccccc2)[C@H](O)[C@H](O[C@@H]2O[C@H](COC(=O)CCl)[C@@H](OC(=O)c3ccccc3)[C@H](OC(=O)c3ccccc3)[C@H]2OC(=O)c2ccccc2)[C@H]1N=[N+]=[N-],CO[C@H]1O[C@H](COCc2ccccc2)[C@H](OC(C)=O)[C@H](O[C@@H]2O[C@H](COC(=O)CCl)[C@@H](OC(=O)c3ccccc3)[C@H](OC(=O)c3ccccc3)[C@H]2OC(=O)c2ccccc2)[C@H]1N=[N+]=[N-],trifluoroacetimidate,14,15,14,15
SG-fe6f4761d2fa06d9,fe6f4761d2fa06d9f3eff7e9f334909c86f80cb68c67f00a090ce25459ce6630,572,31-013-CAS-6013588,572,31-013-CAS-6013588,1,CC(=O)OC[C@H]1O[C@H](O[C@@H]2[C@H](OCc3ccccc3)[C@@H](N=[N+]=[N-])[C@H](OC(=Nc3ccccc3)C(F)(F)F)O[C@@H]2COC(C)=O)[C@H](N=[N+]=[N-])[C@@H](OCc2ccccc2)[C@H]1OCc1ccccc1,C=CCCCO[C@H]1O[C@H](CO[Si](C)(C)C(C)(C)C)[C@H](O)[C@H](OCc2ccccc2)[C@H]1N=[N+]=[N-],C=CCCCO[C@H]1O[C@H](CO[Si](C)(C)C(C)(C)C)[C@H](OC(C)=O)[C@H](OCc2ccccc2)[C@H]1N=[N+]=[N-],trifluoroacetimidate,18,19,18,19
SG-fed9e4f3428bddd2,fed9e4f3428bddd252940e1ad7a16f756ab3b2d6bf166dd05c9620406ca36cfc,1240,31-013-CAS-9986793,1240,31-013-CAS-9986793,1,C[C@H]1O[C@@H](Sc2ccccc2)[C@H](OCc2ccccc2)[C@@H](OCc2ccccc2)[C@H]1OCc1ccccc1,C[Si](C)(C)CCO[C@@H]1O[C@H](COCc2ccccc2)[C@@H](O)[C@H](O)[C@H]1N1C(=O)c2ccccc2C1=O,CC(=O)O[C@H]1[C@H](O)[C@@H](N2C(=O)c3ccccc3C2=O)[C@H](OCC[Si](C)(C)C)O[C@@H]1COCc1ccccc1,thioglycoside,19,20,4,3
SG-ff2d6c61ba014c0b,ff2d6c61ba014c0ba4b8e2d73f56c73260f3183ff56706a77fa66b0b01f6a4dc,101,31-010-CAS-13714427,101;102,31-010-CAS-13714427;31-010-CAS-11955200,2,COC(=O)[C@@H]1O[C@@H](OC(=N)C(Cl)(Cl)Cl)[C@H](OC(C)=O)[C@@H](OC(=O)C(C)(C)C)[C@@H]1OC(=O)C(C)(C)C,CO[C@H]1O[C@H](COC(C)=O)[C@@H](O)[C@H](OCc2ccccc2)[C@H]1N=[N+]=[N-],CO[C@H]1O[C@H](COC(C)=O)[C@@H](OC(C)=O)[C@H](OCc2ccccc2)[C@H]1N=[N+]=[N-],trichloroacetimidate,10,11,10,11
SG-ffbe6029387e589d,ffbe6029387e589df15cd065961c50a78da4117ffc7a94c8a4ddf293075b7bf0,508,31-010-CAS-2212315,508,31-010-CAS-2212315,1,COC(=O)[C@@H]1OC(OC(=N)C(Cl)(Cl)Cl)[C@H](OC(=O)c2ccccc2)[C@@H](OCc2ccccc2)[C@@H]1O[C@H]1O[C@H](COCc2ccc(OC)cc2)[C@@H](OCc2ccccc2)[C@H](OCc2ccccc2)[C@H]1N=[N+]=[N-],COC(=O)[C@@H]1O[C@@H](OC(C)C)[C@H](OC(=O)c2ccccc2)[C@@H](OCc2ccccc2)[C@@H]1O[C@H]1O[C@H](COCc2ccc(OC)cc2)[C@@H](O[C@@H]2O[C@@H](C(=O)OC)[C@@H](O[C@H]3O[C@H](COCc4ccc(OC)cc4)[C@@H](O)[C@H](OCc4ccccc4)[C@H]3N=[N+]=[N-])[C@H](OCc3ccccc3)[C@H]2OC(=O)c2ccccc2)[C@H](OCc2ccccc2)[C@H]1N=[N+]=[N-],COC(=O)[C@@H]1O[C@@H](OC(C)C)[C@H](OC(=O)c2ccccc2)[C@@H](OCc2ccccc2)[C@@H]1O[C@H]1O[C@H](COCc2ccc(OC)cc2)[C@@H](O[C@@H]2O[C@@H](C(=O)OC)[C@@H](O[C@H]3O[C@H](COCc4ccc(OC)cc4)[C@@H](OC(C)=O)[C@H](OCc4ccccc4)[C@H]3N=[N+]=[N-])[C@H](OCc3ccccc3)[C@H]2OC(=O)c2ccccc2)[C@H](OCc2ccccc2)[C@H]1N=[N+]=[N-],trichloroacetimidate,71,72,71,72
SG-ffef152fbd63ce6a,ffef152fbd63ce6aaee80d0120588c432186163487c2b1bf1756446f7a671c3b,1175,31-013-CAS-21359611,1175;1176,31-013-CAS-21359611;31-013-CAS-9488276,2,COc1ccc(OC[C@@H]2O[C@H](Sc3ccc(C)cc3)[C@H](OC(=O)c3ccccc3)[C@@H](OCc3ccccc3)[C@@H]2OC(=O)CCC(C)=O)cc1,CO[C@H]1O[C@H](COC(=O)c2ccccc2)[C@@H](O)[C@H](OCc2ccccc2)[C@H]1NC=C1C(=O)N(C)C(=O)N(C)C1=O,CO[C@H]1O[C@H](COC(=O)c2ccccc2)[C@@H](OC(C)=O)[C@H](OCc2ccccc2)[C@H]1NC=C1C(=O)N(C)C(=O)N(C)C1=O,thioglycoside,15,16,15,16
