page_number,scheme_ordinal,summary_ordinal,reaction_number,inferred_product_count,status,attempts,skip_reason,result_page_url,detail_url
49,962,1,31-306-CAS-7948859,2,skipped,1,多产物反应，按当前课题规则跳过,https://scifinder-n.cas.org/search/reaction/6a58ba6462c3022ca7b601fb/49,https://scifinder-n.cas.org/navigate/?appId=2d982be6-4aaf-4003-9ea9-47c78e9317fa&backKey=6a58ba6462c3022ca7b601fb&backToPage=49&cidValue=816&groupOrdinal=962&groupViewContextIndicator=false&isFromAllResults=false&isFromAlternateReactionSteps=false&isFromReactionGroup=false&key=6a58ba6462c3022ca7b601fb&metricsOrdinal=962&ordinal=1&resultType=reaction&resultView=DETAIL&state=searchDetail.reaction&suppressNavigation=false&uiContext=366&uiSubContext=551&uriForDetails=multistep-reaction%2F8008f285-477a-526f-aa9f-2616310802ad&uriForGroup=substance%2Fpt%2F1193325697%2Bsubstance%2Fpt%2F24424995-%3Esubstance%2Fpt%2F1193325700%2Bsubstance%2Fpt%2F1193325971
49,962,2,31-306-CAS-12740801,2,skipped,1,多产物反应，按当前课题规则跳过,https://scifinder-n.cas.org/search/reaction/6a58ba6462c3022ca7b601fb/49,https://scifinder-n.cas.org/navigate/?appId=2d982be6-4aaf-4003-9ea9-47c78e9317fa&backKey=6a58ba6462c3022ca7b601fb&backToPage=49&cidValue=816&groupOrdinal=962&groupViewContextIndicator=false&isFromAllResults=false&isFromAlternateReactionSteps=false&isFromReactionGroup=false&key=6a58ba6462c3022ca7b601fb&metricsOrdinal=962&ordinal=2&resultType=reaction&resultView=DETAIL&state=searchDetail.reaction&suppressNavigation=false&uiContext=366&uiSubContext=551&uriForDetails=multistep-reaction%2F3760a64b-0247-5a2d-9f8f-07a7ba1d9923&uriForGroup=substance%2Fpt%2F1193325697%2Bsubstance%2Fpt%2F24424995-%3Esubstance%2Fpt%2F1193325700%2Bsubstance%2Fpt%2F1193325971
49,963,1,31-614-CAS-27029369,2,skipped,1,多产物反应，按当前课题规则跳过,https://scifinder-n.cas.org/search/reaction/6a58ba6462c3022ca7b601fb/49,https://scifinder-n.cas.org/navigate/?appId=2d982be6-4aaf-4003-9ea9-47c78e9317fa&backKey=6a58ba6462c3022ca7b601fb&backToPage=49&cidValue=816&groupOrdinal=963&groupViewContextIndicator=false&isFromAllResults=false&isFromAlternateReactionSteps=false&isFromReactionGroup=false&key=6a58ba6462c3022ca7b601fb&metricsOrdinal=963&ordinal=1&resultType=reaction&resultView=DETAIL&state=searchDetail.reaction&suppressNavigation=false&uiContext=366&uiSubContext=551&uriForDetails=multistep-reaction%2F337a1e3a-3786-5c2a-bb2c-0e8cfa69ea42&uriForGroup=substance%2Fpt%2F1567840747%2Bsubstance%2Fpt%2F360575286-%3Esubstance%2Fpt%2F1912463547%2Bsubstance%2Fpt%2F1912463558
49,964,1,31-355-CAS-16917779,2,skipped,1,多产物反应，按当前课题规则跳过,https://scifinder-n.cas.org/search/reaction/6a58ba6462c3022ca7b601fb/49,https://scifinder-n.cas.org/navigate/?appId=2d982be6-4aaf-4003-9ea9-47c78e9317fa&backKey=6a58ba6462c3022ca7b601fb&backToPage=49&cidValue=816&groupOrdinal=964&groupViewContextIndicator=false&isFromAllResults=false&isFromAlternateReactionSteps=false&isFromReactionGroup=false&key=6a58ba6462c3022ca7b601fb&metricsOrdinal=964&ordinal=1&resultType=reaction&resultView=DETAIL&state=searchDetail.reaction&suppressNavigation=false&uiContext=366&uiSubContext=551&uriForDetails=multistep-reaction%2F1986a98f-fc97-5b03-a0c8-c884a769ec49&uriForGroup=substance%2Fpt%2F57701276%2Bsubstance%2Fpt%2F97723-%3Esubstance%2Fpt%2F2089249943%2Bsubstance%2Fpt%2F2089249954
49,964,2,31-355-CAS-16917263,2,skipped,1,多产物反应，按当前课题规则跳过,https://scifinder-n.cas.org/search/reaction/6a58ba6462c3022ca7b601fb/49,https://scifinder-n.cas.org/navigate/?appId=2d982be6-4aaf-4003-9ea9-47c78e9317fa&backKey=6a58ba6462c3022ca7b601fb&backToPage=49&cidValue=816&groupOrdinal=964&groupViewContextIndicator=false&isFromAllResults=false&isFromAlternateReactionSteps=false&isFromReactionGroup=false&key=6a58ba6462c3022ca7b601fb&metricsOrdinal=964&ordinal=2&resultType=reaction&resultView=DETAIL&state=searchDetail.reaction&suppressNavigation=false&uiContext=366&uiSubContext=551&uriForDetails=multistep-reaction%2F98c4a7b0-5182-5085-accd-d51b139347b3&uriForGroup=substance%2Fpt%2F57701276%2Bsubstance%2Fpt%2F97723-%3Esubstance%2Fpt%2F2089249943%2Bsubstance%2Fpt%2F2089249954
49,965,1,31-614-CAS-28629577,2,skipped,1,多产物反应，按当前课题规则跳过,https://scifinder-n.cas.org/search/reaction/6a58ba6462c3022ca7b601fb/49,https://scifinder-n.cas.org/navigate/?appId=2d982be6-4aaf-4003-9ea9-47c78e9317fa&backKey=6a58ba6462c3022ca7b601fb&backToPage=49&cidValue=816&groupOrdinal=965&groupViewContextIndicator=false&isFromAllResults=false&isFromAlternateReactionSteps=false&isFromReactionGroup=false&key=6a58ba6462c3022ca7b601fb&metricsOrdinal=965&ordinal=1&resultType=reaction&resultView=DETAIL&state=searchDetail.reaction&suppressNavigation=false&uiContext=366&uiSubContext=551&uriForDetails=multistep-reaction%2Fc15c9e7a-a25e-5740-88e6-2e077f10a968&uriForGroup=substance%2Fpt%2F1912463763%2Bsubstance%2Fpt%2F360575286-%3Esubstance%2Fpt%2F1912463569%2Bsubstance%2Fpt%2F1912463570
49,966,1,31-306-CAS-1219493,2,skipped,1,多产物反应，按当前课题规则跳过,https://scifinder-n.cas.org/search/reaction/6a58ba6462c3022ca7b601fb/49,https://scifinder-n.cas.org/navigate/?appId=2d982be6-4aaf-4003-9ea9-47c78e9317fa&backKey=6a58ba6462c3022ca7b601fb&backToPage=49&cidValue=816&groupOrdinal=966&groupViewContextIndicator=false&isFromAllResults=false&isFromAlternateReactionSteps=false&isFromReactionGroup=false&key=6a58ba6462c3022ca7b601fb&metricsOrdinal=966&ordinal=1&resultType=reaction&resultView=DETAIL&state=searchDetail.reaction&suppressNavigation=false&uiContext=366&uiSubContext=551&uriForDetails=multistep-reaction%2Fdb1ee7dc-c8d3-544c-a787-46a12bedc827&uriForGroup=substance%2Fpt%2F1193325846%2Bsubstance%2Fpt%2F24424995-%3Esubstance%2Fpt%2F1193325857%2Bsubstance%2Fpt%2F1221128079
49,966,2,31-306-CAS-1150130,2,skipped,1,多产物反应，按当前课题规则跳过,https://scifinder-n.cas.org/search/reaction/6a58ba6462c3022ca7b601fb/49,https://scifinder-n.cas.org/navigate/?appId=2d982be6-4aaf-4003-9ea9-47c78e9317fa&backKey=6a58ba6462c3022ca7b601fb&backToPage=49&cidValue=816&groupOrdinal=966&groupViewContextIndicator=false&isFromAllResults=false&isFromAlternateReactionSteps=false&isFromReactionGroup=false&key=6a58ba6462c3022ca7b601fb&metricsOrdinal=966&ordinal=2&resultType=reaction&resultView=DETAIL&state=searchDetail.reaction&suppressNavigation=false&uiContext=366&uiSubContext=551&uriForDetails=multistep-reaction%2F2329b694-8539-51c4-aa96-071bc02a0303&uriForGroup=substance%2Fpt%2F1193325846%2Bsubstance%2Fpt%2F24424995-%3Esubstance%2Fpt%2F1193325857%2Bsubstance%2Fpt%2F1221128079
49,967,1,31-357-CAS-11014638,2,skipped,1,多产物反应，按当前课题规则跳过,https://scifinder-n.cas.org/search/reaction/6a58ba6462c3022ca7b601fb/49,https://scifinder-n.cas.org/navigate/?appId=2d982be6-4aaf-4003-9ea9-47c78e9317fa&backKey=6a58ba6462c3022ca7b601fb&backToPage=49&cidValue=816&groupOrdinal=967&groupViewContextIndicator=false&isFromAllResults=false&isFromAlternateReactionSteps=false&isFromReactionGroup=false&key=6a58ba6462c3022ca7b601fb&metricsOrdinal=967&ordinal=1&resultType=reaction&resultView=DETAIL&state=searchDetail.reaction&suppressNavigation=false&uiContext=366&uiSubContext=551&uriForDetails=multistep-reaction%2Fb68d18bb-8d55-5a9b-a37d-a87db424515a&uriForGroup=substance%2Fpt%2F2549511%2Bsubstance%2Fpt%2F57701276-%3Esubstance%2Fpt%2F151914395%2Bsubstance%2Fpt%2F151914408
49,968,1,31-006-CAS-23142235,2,skipped,1,多产物反应，按当前课题规则跳过,https://scifinder-n.cas.org/search/reaction/6a58ba6462c3022ca7b601fb/49,https://scifinder-n.cas.org/navigate/?appId=2d982be6-4aaf-4003-9ea9-47c78e9317fa&backKey=6a58ba6462c3022ca7b601fb&backToPage=49&cidValue=816&groupOrdinal=968&groupViewContextIndicator=false&isFromAllResults=false&isFromAlternateReactionSteps=false&isFromReactionGroup=false&key=6a58ba6462c3022ca7b601fb&metricsOrdinal=968&ordinal=1&resultType=reaction&resultView=DETAIL&state=searchDetail.reaction&suppressNavigation=false&uiContext=366&uiSubContext=551&uriForDetails=multistep-reaction%2Fee22d42f-063d-509d-a5cb-fbee104a4863&uriForGroup=substance%2Fpt%2F2259728679%2Bsubstance%2Fpt%2F74974542-%3Esubstance%2Fpt%2F2259728862%2Bsubstance%2Fpt%2F2259728873
49,968,2,31-006-CAS-19831431,2,skipped,1,多产物反应，按当前课题规则跳过,https://scifinder-n.cas.org/search/reaction/6a58ba6462c3022ca7b601fb/49,https://scifinder-n.cas.org/navigate/?appId=2d982be6-4aaf-4003-9ea9-47c78e9317fa&backKey=6a58ba6462c3022ca7b601fb&backToPage=49&cidValue=816&groupOrdinal=968&groupViewContextIndicator=false&isFromAllResults=false&isFromAlternateReactionSteps=false&isFromReactionGroup=false&key=6a58ba6462c3022ca7b601fb&metricsOrdinal=968&ordinal=2&resultType=reaction&resultView=DETAIL&state=searchDetail.reaction&suppressNavigation=false&uiContext=366&uiSubContext=551&uriForDetails=multistep-reaction%2F7557d7aa-2d9a-5532-8d6c-805c4789e35a&uriForGroup=substance%2Fpt%2F2259728679%2Bsubstance%2Fpt%2F74974542-%3Esubstance%2Fpt%2F2259728862%2Bsubstance%2Fpt%2F2259728873
49,969,1,31-355-CAS-16917820,2,skipped,1,多产物反应，按当前课题规则跳过,https://scifinder-n.cas.org/search/reaction/6a58ba6462c3022ca7b601fb/49,https://scifinder-n.cas.org/navigate/?appId=2d982be6-4aaf-4003-9ea9-47c78e9317fa&backKey=6a58ba6462c3022ca7b601fb&backToPage=49&cidValue=816&groupOrdinal=969&groupViewContextIndicator=false&isFromAllResults=false&isFromAlternateReactionSteps=false&isFromReactionGroup=false&key=6a58ba6462c3022ca7b601fb&metricsOrdinal=969&ordinal=1&resultType=reaction&resultView=DETAIL&state=searchDetail.reaction&suppressNavigation=false&uiContext=366&uiSubContext=551&uriForDetails=multistep-reaction%2F19f08109-a187-5d39-a24b-be0b24221d32&uriForGroup=substance%2Fpt%2F71117367%2Bsubstance%2Fpt%2F97723-%3Esubstance%2Fpt%2F2089250042%2Bsubstance%2Fpt%2F2089250053
49,969,2,31-355-CAS-16917819,2,skipped,1,多产物反应，按当前课题规则跳过,https://scifinder-n.cas.org/search/reaction/6a58ba6462c3022ca7b601fb/49,https://scifinder-n.cas.org/navigate/?appId=2d982be6-4aaf-4003-9ea9-47c78e9317fa&backKey=6a58ba6462c3022ca7b601fb&backToPage=49&cidValue=816&groupOrdinal=969&groupViewContextIndicator=false&isFromAllResults=false&isFromAlternateReactionSteps=false&isFromReactionGroup=false&key=6a58ba6462c3022ca7b601fb&metricsOrdinal=969&ordinal=2&resultType=reaction&resultView=DETAIL&state=searchDetail.reaction&suppressNavigation=false&uiContext=366&uiSubContext=551&uriForDetails=multistep-reaction%2F3077c315-5ee4-5637-8662-9185e916cb38&uriForGroup=substance%2Fpt%2F71117367%2Bsubstance%2Fpt%2F97723-%3Esubstance%2Fpt%2F2089250042%2Bsubstance%2Fpt%2F2089250053
49,970,1,31-355-CAS-16917838,2,skipped,1,多产物反应，按当前课题规则跳过,https://scifinder-n.cas.org/search/reaction/6a58ba6462c3022ca7b601fb/49,https://scifinder-n.cas.org/navigate/?appId=2d982be6-4aaf-4003-9ea9-47c78e9317fa&backKey=6a58ba6462c3022ca7b601fb&backToPage=49&cidValue=816&groupOrdinal=970&groupViewContextIndicator=false&isFromAllResults=false&isFromAlternateReactionSteps=false&isFromReactionGroup=false&key=6a58ba6462c3022ca7b601fb&metricsOrdinal=970&ordinal=1&resultType=reaction&resultView=DETAIL&state=searchDetail.reaction&suppressNavigation=false&uiContext=366&uiSubContext=551&uriForDetails=multistep-reaction%2Fdd8b5440-68ac-5424-883f-4b9ffaf5c919&uriForGroup=substance%2Fpt%2F2089250202%2Bsubstance%2Fpt%2F97723-%3Esubstance%2Fpt%2F2089250213%2Bsubstance%2Fpt%2F2089250224
49,970,2,31-355-CAS-16917839,2,skipped,1,多产物反应，按当前课题规则跳过,https://scifinder-n.cas.org/search/reaction/6a58ba6462c3022ca7b601fb/49,https://scifinder-n.cas.org/navigate/?appId=2d982be6-4aaf-4003-9ea9-47c78e9317fa&backKey=6a58ba6462c3022ca7b601fb&backToPage=49&cidValue=816&groupOrdinal=970&groupViewContextIndicator=false&isFromAllResults=false&isFromAlternateReactionSteps=false&isFromReactionGroup=false&key=6a58ba6462c3022ca7b601fb&metricsOrdinal=970&ordinal=2&resultType=reaction&resultView=DETAIL&state=searchDetail.reaction&suppressNavigation=false&uiContext=366&uiSubContext=551&uriForDetails=multistep-reaction%2F7a3ddee6-a6d2-51b6-a956-f8ade5e4278e&uriForGroup=substance%2Fpt%2F2089250202%2Bsubstance%2Fpt%2F97723-%3Esubstance%2Fpt%2F2089250213%2Bsubstance%2Fpt%2F2089250224
49,971,1,31-357-CAS-12863922,2,skipped,1,多产物反应，按当前课题规则跳过,https://scifinder-n.cas.org/search/reaction/6a58ba6462c3022ca7b601fb/49,https://scifinder-n.cas.org/navigate/?appId=2d982be6-4aaf-4003-9ea9-47c78e9317fa&backKey=6a58ba6462c3022ca7b601fb&backToPage=49&cidValue=816&groupOrdinal=971&groupViewContextIndicator=false&isFromAllResults=false&isFromAlternateReactionSteps=false&isFromReactionGroup=false&key=6a58ba6462c3022ca7b601fb&metricsOrdinal=971&ordinal=1&resultType=reaction&resultView=DETAIL&state=searchDetail.reaction&suppressNavigation=false&uiContext=366&uiSubContext=551&uriForDetails=multistep-reaction%2Fe9873cb7-8b12-5281-ab73-93d0aacf56fa&uriForGroup=substance%2Fpt%2F2549511%2Bsubstance%2Fpt%2F71117378-%3Esubstance%2Fpt%2F151914362%2Bsubstance%2Fpt%2F151914373
49,972,1,31-357-CAS-6450593,2,skipped,1,多产物反应，按当前课题规则跳过,https://scifinder-n.cas.org/search/reaction/6a58ba6462c3022ca7b601fb/49,https://scifinder-n.cas.org/navigate/?appId=2d982be6-4aaf-4003-9ea9-47c78e9317fa&backKey=6a58ba6462c3022ca7b601fb&backToPage=49&cidValue=816&groupOrdinal=972&groupViewContextIndicator=false&isFromAllResults=false&isFromAlternateReactionSteps=false&isFromReactionGroup=false&key=6a58ba6462c3022ca7b601fb&metricsOrdinal=972&ordinal=1&resultType=reaction&resultView=DETAIL&state=searchDetail.reaction&suppressNavigation=false&uiContext=366&uiSubContext=551&uriForDetails=multistep-reaction%2F1b1eee61-60cb-5ba7-8d9d-a442da2b6955&uriForGroup=substance%2Fpt%2F108054%2Bsubstance%2Fpt%2F86783815-%3Esubstance%2Fpt%2F144607272%2Bsubstance%2Fpt%2F144607283
49,973,1,31-011-CAS-10219346,2,skipped,1,多产物反应，按当前课题规则跳过,https://scifinder-n.cas.org/search/reaction/6a58ba6462c3022ca7b601fb/49,https://scifinder-n.cas.org/navigate/?appId=2d982be6-4aaf-4003-9ea9-47c78e9317fa&backKey=6a58ba6462c3022ca7b601fb&backToPage=49&cidValue=816&groupOrdinal=973&groupViewContextIndicator=false&isFromAllResults=false&isFromAlternateReactionSteps=false&isFromReactionGroup=false&key=6a58ba6462c3022ca7b601fb&metricsOrdinal=973&ordinal=1&resultType=reaction&resultView=DETAIL&state=searchDetail.reaction&suppressNavigation=false&uiContext=366&uiSubContext=551&uriForDetails=multistep-reaction%2F802d7221-8a4f-51d0-9373-e2b682d830e6&uriForGroup=substance%2Fpt%2F1143915%2Bsubstance%2Fpt%2F63167679-%3Esubstance%2Fpt%2F82186092%2Bsubstance%2Fpt%2F82186105
49,974,1,31-236-CAS-4110831,2,skipped,1,多产物反应，按当前课题规则跳过,https://scifinder-n.cas.org/search/reaction/6a58ba6462c3022ca7b601fb/49,https://scifinder-n.cas.org/navigate/?appId=2d982be6-4aaf-4003-9ea9-47c78e9317fa&backKey=6a58ba6462c3022ca7b601fb&backToPage=49&cidValue=816&groupOrdinal=974&groupViewContextIndicator=false&isFromAllResults=false&isFromAlternateReactionSteps=false&isFromReactionGroup=false&key=6a58ba6462c3022ca7b601fb&metricsOrdinal=974&ordinal=1&resultType=reaction&resultView=DETAIL&state=searchDetail.reaction&suppressNavigation=false&uiContext=366&uiSubContext=551&uriForDetails=multistep-reaction%2F2bba97c1-f788-52e2-895d-c8c760f9e083&uriForGroup=substance%2Fpt%2F87508176%2Bsubstance%2Fpt%2F931577-%3Esubstance%2Fpt%2F1532548314%2Bsubstance%2Fpt%2F1532548325
49,974,2,31-614-CAS-31197320,2,skipped,1,多产物反应，按当前课题规则跳过,https://scifinder-n.cas.org/search/reaction/6a58ba6462c3022ca7b601fb/49,https://scifinder-n.cas.org/navigate/?appId=2d982be6-4aaf-4003-9ea9-47c78e9317fa&backKey=6a58ba6462c3022ca7b601fb&backToPage=49&cidValue=816&groupOrdinal=974&groupViewContextIndicator=false&isFromAllResults=false&isFromAlternateReactionSteps=false&isFromReactionGroup=false&key=6a58ba6462c3022ca7b601fb&metricsOrdinal=974&ordinal=2&resultType=reaction&resultView=DETAIL&state=searchDetail.reaction&suppressNavigation=false&uiContext=366&uiSubContext=551&uriForDetails=multistep-reaction%2F359e71a5-07dd-5130-9355-70c602817b61&uriForGroup=substance%2Fpt%2F87508176%2Bsubstance%2Fpt%2F931577-%3Esubstance%2Fpt%2F1532548314%2Bsubstance%2Fpt%2F1532548325
49,974,3,31-236-CAS-6281479,2,skipped,1,多产物反应，按当前课题规则跳过,https://scifinder-n.cas.org/search/reaction/6a58ba6462c3022ca7b601fb/49,https://scifinder-n.cas.org/navigate/?appId=2d982be6-4aaf-4003-9ea9-47c78e9317fa&backKey=6a58ba6462c3022ca7b601fb&backToPage=49&cidValue=816&groupOrdinal=974&groupViewContextIndicator=false&isFromAllResults=false&isFromAlternateReactionSteps=false&isFromReactionGroup=false&key=6a58ba6462c3022ca7b601fb&metricsOrdinal=974&ordinal=3&resultType=reaction&resultView=DETAIL&state=searchDetail.reaction&suppressNavigation=false&uiContext=366&uiSubContext=551&uriForDetails=multistep-reaction%2Fb37363ad-5359-5b22-a0cd-8a2ca4537bef&uriForGroup=substance%2Fpt%2F87508176%2Bsubstance%2Fpt%2F931577-%3Esubstance%2Fpt%2F1532548314%2Bsubstance%2Fpt%2F1532548325
49,974,4,31-614-CAS-31165072,2,skipped,1,多产物反应，按当前课题规则跳过,https://scifinder-n.cas.org/search/reaction/6a58ba6462c3022ca7b601fb/49,https://scifinder-n.cas.org/navigate/?appId=2d982be6-4aaf-4003-9ea9-47c78e9317fa&backKey=6a58ba6462c3022ca7b601fb&backToPage=49&cidValue=816&groupOrdinal=974&groupViewContextIndicator=false&isFromAllResults=false&isFromAlternateReactionSteps=false&isFromReactionGroup=false&key=6a58ba6462c3022ca7b601fb&metricsOrdinal=974&ordinal=4&resultType=reaction&resultView=DETAIL&state=searchDetail.reaction&suppressNavigation=false&uiContext=366&uiSubContext=551&uriForDetails=multistep-reaction%2F137e125f-1486-5054-8519-d46d3a36a5f5&uriForGroup=substance%2Fpt%2F87508176%2Bsubstance%2Fpt%2F931577-%3Esubstance%2Fpt%2F1532548314%2Bsubstance%2Fpt%2F1532548325
49,975,1,31-614-CAS-26128977,2,skipped,1,多产物反应，按当前课题规则跳过,https://scifinder-n.cas.org/search/reaction/6a58ba6462c3022ca7b601fb/49,https://scifinder-n.cas.org/navigate/?appId=2d982be6-4aaf-4003-9ea9-47c78e9317fa&backKey=6a58ba6462c3022ca7b601fb&backToPage=49&cidValue=816&groupOrdinal=975&groupViewContextIndicator=false&isFromAllResults=false&isFromAlternateReactionSteps=false&isFromReactionGroup=false&key=6a58ba6462c3022ca7b601fb&metricsOrdinal=975&ordinal=1&resultType=reaction&resultView=DETAIL&state=searchDetail.reaction&suppressNavigation=false&uiContext=366&uiSubContext=551&uriForDetails=multistep-reaction%2Fbcef4a36-0b51-52ef-bae4-ee33a2071d6d&uriForGroup=substance%2Fpt%2F146137726%2Bsubstance%2Fpt%2F1567840747-%3Esubstance%2Fpt%2F1912463525%2Bsubstance%2Fpt%2F1912463536
49,976,1,31-357-CAS-2184125,2,skipped,1,多产物反应，按当前课题规则跳过,https://scifinder-n.cas.org/search/reaction/6a58ba6462c3022ca7b601fb/49,https://scifinder-n.cas.org/navigate/?appId=2d982be6-4aaf-4003-9ea9-47c78e9317fa&backKey=6a58ba6462c3022ca7b601fb&backToPage=49&cidValue=816&groupOrdinal=976&groupViewContextIndicator=false&isFromAllResults=false&isFromAlternateReactionSteps=false&isFromReactionGroup=false&key=6a58ba6462c3022ca7b601fb&metricsOrdinal=976&ordinal=1&resultType=reaction&resultView=DETAIL&state=searchDetail.reaction&suppressNavigation=false&uiContext=366&uiSubContext=551&uriForDetails=multistep-reaction%2Ffc904052-767e-538b-bdf9-d8aeebb3069c&uriForGroup=substance%2Fpt%2F108054%2Bsubstance%2Fpt%2F119237966-%3Esubstance%2Fpt%2F146942098%2Bsubstance%2Fpt%2F146942112
49,977,1,31-357-CAS-4314175,2,skipped,1,多产物反应，按当前课题规则跳过,https://scifinder-n.cas.org/search/reaction/6a58ba6462c3022ca7b601fb/49,https://scifinder-n.cas.org/navigate/?appId=2d982be6-4aaf-4003-9ea9-47c78e9317fa&backKey=6a58ba6462c3022ca7b601fb&backToPage=49&cidValue=816&groupOrdinal=977&groupViewContextIndicator=false&isFromAllResults=false&isFromAlternateReactionSteps=false&isFromReactionGroup=false&key=6a58ba6462c3022ca7b601fb&metricsOrdinal=977&ordinal=1&resultType=reaction&resultView=DETAIL&state=searchDetail.reaction&suppressNavigation=false&uiContext=366&uiSubContext=551&uriForDetails=multistep-reaction%2F429b997a-23d4-567f-bd07-4099bad7dc30&uriForGroup=substance%2Fpt%2F108054%2Bsubstance%2Fpt%2F65530269-%3Esubstance%2Fpt%2F130464356%2Bsubstance%2Fpt%2F98392360
49,978,1,31-355-CAS-16917815,2,skipped,1,多产物反应，按当前课题规则跳过,https://scifinder-n.cas.org/search/reaction/6a58ba6462c3022ca7b601fb/49,https://scifinder-n.cas.org/navigate/?appId=2d982be6-4aaf-4003-9ea9-47c78e9317fa&backKey=6a58ba6462c3022ca7b601fb&backToPage=49&cidValue=816&groupOrdinal=978&groupViewContextIndicator=false&isFromAllResults=false&isFromAlternateReactionSteps=false&isFromReactionGroup=false&key=6a58ba6462c3022ca7b601fb&metricsOrdinal=978&ordinal=1&resultType=reaction&resultView=DETAIL&state=searchDetail.reaction&suppressNavigation=false&uiContext=366&uiSubContext=551&uriForDetails=multistep-reaction%2F85b13f6b-0f7d-53b7-83b6-e92f5b849130&uriForGroup=substance%2Fpt%2F162680208%2Bsubstance%2Fpt%2F97723-%3Esubstance%2Fpt%2F2089250008%2Bsubstance%2Fpt%2F2089250019
49,978,2,31-355-CAS-16917816,2,skipped,1,多产物反应，按当前课题规则跳过,https://scifinder-n.cas.org/search/reaction/6a58ba6462c3022ca7b601fb/49,https://scifinder-n.cas.org/navigate/?appId=2d982be6-4aaf-4003-9ea9-47c78e9317fa&backKey=6a58ba6462c3022ca7b601fb&backToPage=49&cidValue=816&groupOrdinal=978&groupViewContextIndicator=false&isFromAllResults=false&isFromAlternateReactionSteps=false&isFromReactionGroup=false&key=6a58ba6462c3022ca7b601fb&metricsOrdinal=978&ordinal=2&resultType=reaction&resultView=DETAIL&state=searchDetail.reaction&suppressNavigation=false&uiContext=366&uiSubContext=551&uriForDetails=multistep-reaction%2F52df5cfb-6401-57a0-8004-9f1f8fb9c492&uriForGroup=substance%2Fpt%2F162680208%2Bsubstance%2Fpt%2F97723-%3Esubstance%2Fpt%2F2089250008%2Bsubstance%2Fpt%2F2089250019
49,979,1,31-614-CAS-30882871,2,skipped,1,多产物反应，按当前课题规则跳过,https://scifinder-n.cas.org/search/reaction/6a58ba6462c3022ca7b601fb/49,https://scifinder-n.cas.org/navigate/?appId=2d982be6-4aaf-4003-9ea9-47c78e9317fa&backKey=6a58ba6462c3022ca7b601fb&backToPage=49&cidValue=816&groupOrdinal=979&groupViewContextIndicator=false&isFromAllResults=false&isFromAlternateReactionSteps=false&isFromReactionGroup=false&key=6a58ba6462c3022ca7b601fb&metricsOrdinal=979&ordinal=1&resultType=reaction&resultView=DETAIL&state=searchDetail.reaction&suppressNavigation=false&uiContext=366&uiSubContext=551&uriForDetails=multistep-reaction%2F93380f2e-21f9-5f8a-b0c3-4bcb49b9eea3&uriForGroup=substance%2Fpt%2F473553456%2Bsubstance%2Fpt%2F613901-%3Esubstance%2Fpt%2F2520188365%2Bsubstance%2Fpt%2F2520188387
49,980,1,31-614-CAS-31197358,2,skipped,1,多产物反应，按当前课题规则跳过,https://scifinder-n.cas.org/search/reaction/6a58ba6462c3022ca7b601fb/49,https://scifinder-n.cas.org/navigate/?appId=2d982be6-4aaf-4003-9ea9-47c78e9317fa&backKey=6a58ba6462c3022ca7b601fb&backToPage=49&cidValue=816&groupOrdinal=980&groupViewContextIndicator=false&isFromAllResults=false&isFromAlternateReactionSteps=false&isFromReactionGroup=false&key=6a58ba6462c3022ca7b601fb&metricsOrdinal=980&ordinal=1&resultType=reaction&resultView=DETAIL&state=searchDetail.reaction&suppressNavigation=false&uiContext=366&uiSubContext=551&uriForDetails=multistep-reaction%2F5c9b8b62-2719-5fb0-baa2-f804a4a9d4c0&uriForGroup=substance%2Fpt%2F116110%2Bsubstance%2Fpt%2F1532547811-%3Esubstance%2Fpt%2F2756684781%2Bsubstance%2Fpt%2F2756684792
49,980,2,31-614-CAS-31447662,2,skipped,1,多产物反应，按当前课题规则跳过,https://scifinder-n.cas.org/search/reaction/6a58ba6462c3022ca7b601fb/49,https://scifinder-n.cas.org/navigate/?appId=2d982be6-4aaf-4003-9ea9-47c78e9317fa&backKey=6a58ba6462c3022ca7b601fb&backToPage=49&cidValue=816&groupOrdinal=980&groupViewContextIndicator=false&isFromAllResults=false&isFromAlternateReactionSteps=false&isFromReactionGroup=false&key=6a58ba6462c3022ca7b601fb&metricsOrdinal=980&ordinal=2&resultType=reaction&resultView=DETAIL&state=searchDetail.reaction&suppressNavigation=false&uiContext=366&uiSubContext=551&uriForDetails=multistep-reaction%2Fc67ab92c-aff4-5a85-8ac2-a96b1d1a36ff&uriForGroup=substance%2Fpt%2F116110%2Bsubstance%2Fpt%2F1532547811-%3Esubstance%2Fpt%2F2756684781%2Bsubstance%2Fpt%2F2756684792
50,981,1,31-010-CAS-396623,2,skipped,1,多产物反应，按当前课题规则跳过,https://scifinder-n.cas.org/search/reaction/6a58ba6462c3022ca7b601fb/50,https://scifinder-n.cas.org/navigate/?appId=56c9c86b-cac4-4f62-9c97-6724d55d76a4&backKey=6a58ba6462c3022ca7b601fb&backToPage=50&cidValue=816&groupOrdinal=981&groupViewContextIndicator=false&isFromAllResults=false&isFromAlternateReactionSteps=false&isFromReactionGroup=false&key=6a58ba6462c3022ca7b601fb&metricsOrdinal=981&ordinal=1&resultType=reaction&resultView=DETAIL&state=searchDetail.reaction&suppressNavigation=false&uiContext=366&uiSubContext=551&uriForDetails=multistep-reaction%2F0514e844-431d-5c97-9fb8-4144d5c7c906&uriForGroup=substance%2Fpt%2F498554204%2Bsubstance%2Fpt%2F69739340-%3Esubstance%2Fpt%2F498554215%2Bsubstance%2Fpt%2F498554340
50,982,1,31-357-CAS-11304104,2,skipped,1,多产物反应，按当前课题规则跳过,https://scifinder-n.cas.org/search/reaction/6a58ba6462c3022ca7b601fb/50,https://scifinder-n.cas.org/navigate/?appId=56c9c86b-cac4-4f62-9c97-6724d55d76a4&backKey=6a58ba6462c3022ca7b601fb&backToPage=50&cidValue=816&groupOrdinal=982&groupViewContextIndicator=false&isFromAllResults=false&isFromAlternateReactionSteps=false&isFromReactionGroup=false&key=6a58ba6462c3022ca7b601fb&metricsOrdinal=982&ordinal=1&resultType=reaction&resultView=DETAIL&state=searchDetail.reaction&suppressNavigation=false&uiContext=366&uiSubContext=551&uriForDetails=multistep-reaction%2F1264b52f-b91e-583d-9358-07cea6a0a62e&uriForGroup=substance%2Fpt%2F371277%2Bsubstance%2Fpt%2F71117378-%3Esubstance%2Fpt%2F146942043%2Bsubstance%2Fpt%2F146942065
50,983,1,31-022-CAS-9267214,2,skipped,1,多产物反应，按当前课题规则跳过,https://scifinder-n.cas.org/search/reaction/6a58ba6462c3022ca7b601fb/50,https://scifinder-n.cas.org/navigate/?appId=56c9c86b-cac4-4f62-9c97-6724d55d76a4&backKey=6a58ba6462c3022ca7b601fb&backToPage=50&cidValue=816&groupOrdinal=983&groupViewContextIndicator=false&isFromAllResults=false&isFromAlternateReactionSteps=false&isFromReactionGroup=false&key=6a58ba6462c3022ca7b601fb&metricsOrdinal=983&ordinal=1&resultType=reaction&resultView=DETAIL&state=searchDetail.reaction&suppressNavigation=false&uiContext=366&uiSubContext=551&uriForDetails=multistep-reaction%2F829e3d06-5dd1-55d7-87d0-fc220be7d852&uriForGroup=substance%2Fpt%2F1427201793%2Bsubstance%2Fpt%2F98599-%3Esubstance%2Fpt%2F1427201840%2Bsubstance%2Fpt%2F1427201851
50,984,1,31-357-CAS-9195582,2,skipped,1,多产物反应，按当前课题规则跳过,https://scifinder-n.cas.org/search/reaction/6a58ba6462c3022ca7b601fb/50,https://scifinder-n.cas.org/navigate/?appId=56c9c86b-cac4-4f62-9c97-6724d55d76a4&backKey=6a58ba6462c3022ca7b601fb&backToPage=50&cidValue=816&groupOrdinal=984&groupViewContextIndicator=false&isFromAllResults=false&isFromAlternateReactionSteps=false&isFromReactionGroup=false&key=6a58ba6462c3022ca7b601fb&metricsOrdinal=984&ordinal=1&resultType=reaction&resultView=DETAIL&state=searchDetail.reaction&suppressNavigation=false&uiContext=366&uiSubContext=551&uriForDetails=multistep-reaction%2F8fe3a55c-1688-5046-a2d5-72895e36c0cd&uriForGroup=substance%2Fpt%2F108054%2Bsubstance%2Fpt%2F93382480-%3Esubstance%2Fpt%2F146942010%2Bsubstance%2Fpt%2F146942032
50,985,1,31-008-CAS-14756046,2,skipped,1,多产物反应，按当前课题规则跳过,https://scifinder-n.cas.org/search/reaction/6a58ba6462c3022ca7b601fb/50,https://scifinder-n.cas.org/navigate/?appId=56c9c86b-cac4-4f62-9c97-6724d55d76a4&backKey=6a58ba6462c3022ca7b601fb&backToPage=50&cidValue=816&groupOrdinal=985&groupViewContextIndicator=false&isFromAllResults=false&isFromAlternateReactionSteps=false&isFromReactionGroup=false&key=6a58ba6462c3022ca7b601fb&metricsOrdinal=985&ordinal=1&resultType=reaction&resultView=DETAIL&state=searchDetail.reaction&suppressNavigation=false&uiContext=366&uiSubContext=551&uriForDetails=multistep-reaction%2F35916a49-72f0-51f6-9b01-5cec0cb7d04e&uriForGroup=substance%2Fpt%2F100390%2Bsubstance%2Fpt%2F57701276-%3Esubstance%2Fpt%2F76375661%2Bsubstance%2Fpt%2F76419482
50,985,2,31-008-CAS-17597294,2,skipped,1,多产物反应，按当前课题规则跳过,https://scifinder-n.cas.org/search/reaction/6a58ba6462c3022ca7b601fb/50,https://scifinder-n.cas.org/navigate/?appId=56c9c86b-cac4-4f62-9c97-6724d55d76a4&backKey=6a58ba6462c3022ca7b601fb&backToPage=50&cidValue=816&groupOrdinal=985&groupViewContextIndicator=false&isFromAllResults=false&isFromAlternateReactionSteps=false&isFromReactionGroup=false&key=6a58ba6462c3022ca7b601fb&metricsOrdinal=985&ordinal=2&resultType=reaction&resultView=DETAIL&state=searchDetail.reaction&suppressNavigation=false&uiContext=366&uiSubContext=551&uriForDetails=multistep-reaction%2Fc18593e2-7e13-5a00-af10-6bd6de240eb6&uriForGroup=substance%2Fpt%2F100390%2Bsubstance%2Fpt%2F57701276-%3Esubstance%2Fpt%2F76375661%2Bsubstance%2Fpt%2F76419482
50,985,3,31-008-CAS-15355628,2,skipped,1,多产物反应，按当前课题规则跳过,https://scifinder-n.cas.org/search/reaction/6a58ba6462c3022ca7b601fb/50,https://scifinder-n.cas.org/navigate/?appId=56c9c86b-cac4-4f62-9c97-6724d55d76a4&backKey=6a58ba6462c3022ca7b601fb&backToPage=50&cidValue=816&groupOrdinal=985&groupViewContextIndicator=false&isFromAllResults=false&isFromAlternateReactionSteps=false&isFromReactionGroup=false&key=6a58ba6462c3022ca7b601fb&metricsOrdinal=985&ordinal=3&resultType=reaction&resultView=DETAIL&state=searchDetail.reaction&suppressNavigation=false&uiContext=366&uiSubContext=551&uriForDetails=multistep-reaction%2Fafb98abc-d917-51fd-a8e6-2288794e6144&uriForGroup=substance%2Fpt%2F100390%2Bsubstance%2Fpt%2F57701276-%3Esubstance%2Fpt%2F76375661%2Bsubstance%2Fpt%2F76419482
50,986,1,31-357-CAS-62984,2,skipped,1,多产物反应，按当前课题规则跳过,https://scifinder-n.cas.org/search/reaction/6a58ba6462c3022ca7b601fb/50,https://scifinder-n.cas.org/navigate/?appId=56c9c86b-cac4-4f62-9c97-6724d55d76a4&backKey=6a58ba6462c3022ca7b601fb&backToPage=50&cidValue=816&groupOrdinal=986&groupViewContextIndicator=false&isFromAllResults=false&isFromAlternateReactionSteps=false&isFromReactionGroup=false&key=6a58ba6462c3022ca7b601fb&metricsOrdinal=986&ordinal=1&resultType=reaction&resultView=DETAIL&state=searchDetail.reaction&suppressNavigation=false&uiContext=366&uiSubContext=551&uriForDetails=multistep-reaction%2F7285ba7f-3354-522a-8d24-d5ed6be08338&uriForGroup=substance%2Fpt%2F108054%2Bsubstance%2Fpt%2F146985888-%3Esubstance%2Fpt%2F146942054%2Bsubstance%2Fpt%2F146942076
50,987,1,31-011-CAS-20878044,2,skipped,1,多产物反应，按当前课题规则跳过,https://scifinder-n.cas.org/search/reaction/6a58ba6462c3022ca7b601fb/50,https://scifinder-n.cas.org/navigate/?appId=56c9c86b-cac4-4f62-9c97-6724d55d76a4&backKey=6a58ba6462c3022ca7b601fb&backToPage=50&cidValue=816&groupOrdinal=987&groupViewContextIndicator=false&isFromAllResults=false&isFromAlternateReactionSteps=false&isFromReactionGroup=false&key=6a58ba6462c3022ca7b601fb&metricsOrdinal=987&ordinal=1&resultType=reaction&resultView=DETAIL&state=searchDetail.reaction&suppressNavigation=false&uiContext=366&uiSubContext=551&uriForDetails=multistep-reaction%2Fd1528409-d1d3-5880-a40c-6ade6745db1f&uriForGroup=substance%2Fpt%2F22979357%2Bsubstance%2Fpt%2F57701276-%3Esubstance%2Fpt%2F2390477322%2Bsubstance%2Fpt%2F2390477333
50,988,1,31-614-CAS-31447666,2,skipped,1,多产物反应，按当前课题规则跳过,https://scifinder-n.cas.org/search/reaction/6a58ba6462c3022ca7b601fb/50,https://scifinder-n.cas.org/navigate/?appId=56c9c86b-cac4-4f62-9c97-6724d55d76a4&backKey=6a58ba6462c3022ca7b601fb&backToPage=50&cidValue=816&groupOrdinal=988&groupViewContextIndicator=false&isFromAllResults=false&isFromAlternateReactionSteps=false&isFromReactionGroup=false&key=6a58ba6462c3022ca7b601fb&metricsOrdinal=988&ordinal=1&resultType=reaction&resultView=DETAIL&state=searchDetail.reaction&suppressNavigation=false&uiContext=366&uiSubContext=551&uriForDetails=multistep-reaction%2Fd20394c2-9a09-5a35-b5e2-e1f792a54f6a&uriForGroup=substance%2Fpt%2F116110%2Bsubstance%2Fpt%2F87508187-%3Esubstance%2Fpt%2F1532548223%2Bsubstance%2Fpt%2F1532548234
50,988,2,31-236-CAS-11191783,2,skipped,1,多产物反应，按当前课题规则跳过,https://scifinder-n.cas.org/search/reaction/6a58ba6462c3022ca7b601fb/50,https://scifinder-n.cas.org/navigate/?appId=56c9c86b-cac4-4f62-9c97-6724d55d76a4&backKey=6a58ba6462c3022ca7b601fb&backToPage=50&cidValue=816&groupOrdinal=988&groupViewContextIndicator=false&isFromAllResults=false&isFromAlternateReactionSteps=false&isFromReactionGroup=false&key=6a58ba6462c3022ca7b601fb&metricsOrdinal=988&ordinal=2&resultType=reaction&resultView=DETAIL&state=searchDetail.reaction&suppressNavigation=false&uiContext=366&uiSubContext=551&uriForDetails=multistep-reaction%2F69dc873a-9049-5ba0-ab61-91f3691c2a41&uriForGroup=substance%2Fpt%2F116110%2Bsubstance%2Fpt%2F87508187-%3Esubstance%2Fpt%2F1532548223%2Bsubstance%2Fpt%2F1532548234
50,988,3,31-614-CAS-31197367,2,skipped,1,多产物反应，按当前课题规则跳过,https://scifinder-n.cas.org/search/reaction/6a58ba6462c3022ca7b601fb/50,https://scifinder-n.cas.org/navigate/?appId=56c9c86b-cac4-4f62-9c97-6724d55d76a4&backKey=6a58ba6462c3022ca7b601fb&backToPage=50&cidValue=816&groupOrdinal=988&groupViewContextIndicator=false&isFromAllResults=false&isFromAlternateReactionSteps=false&isFromReactionGroup=false&key=6a58ba6462c3022ca7b601fb&metricsOrdinal=988&ordinal=3&resultType=reaction&resultView=DETAIL&state=searchDetail.reaction&suppressNavigation=false&uiContext=366&uiSubContext=551&uriForDetails=multistep-reaction%2F7264c254-af2a-554e-bfd3-347b14ac604f&uriForGroup=substance%2Fpt%2F116110%2Bsubstance%2Fpt%2F87508187-%3Esubstance%2Fpt%2F1532548223%2Bsubstance%2Fpt%2F1532548234
50,989,1,31-011-CAS-20878084,2,skipped,1,多产物反应，按当前课题规则跳过,https://scifinder-n.cas.org/search/reaction/6a58ba6462c3022ca7b601fb/50,https://scifinder-n.cas.org/navigate/?appId=56c9c86b-cac4-4f62-9c97-6724d55d76a4&backKey=6a58ba6462c3022ca7b601fb&backToPage=50&cidValue=816&groupOrdinal=989&groupViewContextIndicator=false&isFromAllResults=false&isFromAlternateReactionSteps=false&isFromReactionGroup=false&key=6a58ba6462c3022ca7b601fb&metricsOrdinal=989&ordinal=1&resultType=reaction&resultView=DETAIL&state=searchDetail.reaction&suppressNavigation=false&uiContext=366&uiSubContext=551&uriForDetails=multistep-reaction%2Fefd8f51e-c358-524c-a64c-2dd478871757&uriForGroup=substance%2Fpt%2F22979357%2Bsubstance%2Fpt%2F80245096-%3Esubstance%2Fpt%2F2390477855%2Bsubstance%2Fpt%2F2390477866
50,990,1,31-354-CAS-10348897,2,skipped,1,多产物反应，按当前课题规则跳过,https://scifinder-n.cas.org/search/reaction/6a58ba6462c3022ca7b601fb/50,https://scifinder-n.cas.org/navigate/?appId=56c9c86b-cac4-4f62-9c97-6724d55d76a4&backKey=6a58ba6462c3022ca7b601fb&backToPage=50&cidValue=816&groupOrdinal=990&groupViewContextIndicator=false&isFromAllResults=false&isFromAlternateReactionSteps=false&isFromReactionGroup=false&key=6a58ba6462c3022ca7b601fb&metricsOrdinal=990&ordinal=1&resultType=reaction&resultView=DETAIL&state=searchDetail.reaction&suppressNavigation=false&uiContext=366&uiSubContext=551&uriForDetails=multistep-reaction%2F6fbf325d-e2d4-55d9-b26b-75dbecf0e217&uriForGroup=substance%2Fpt%2F73045575%2Bsubstance%2Fpt%2F814686-%3Esubstance%2Fpt%2F405292037%2Bsubstance%2Fpt%2F405292048
50,991,1,31-354-CAS-10026086,2,skipped,1,多产物反应，按当前课题规则跳过,https://scifinder-n.cas.org/search/reaction/6a58ba6462c3022ca7b601fb/50,https://scifinder-n.cas.org/navigate/?appId=56c9c86b-cac4-4f62-9c97-6724d55d76a4&backKey=6a58ba6462c3022ca7b601fb&backToPage=50&cidValue=816&groupOrdinal=991&groupViewContextIndicator=false&isFromAllResults=false&isFromAlternateReactionSteps=false&isFromReactionGroup=false&key=6a58ba6462c3022ca7b601fb&metricsOrdinal=991&ordinal=1&resultType=reaction&resultView=DETAIL&state=searchDetail.reaction&suppressNavigation=false&uiContext=366&uiSubContext=551&uriForDetails=multistep-reaction%2Fd302d30e-be05-50f2-a8d2-a5487f600484&uriForGroup=substance%2Fpt%2F220645863%2Bsubstance%2Fpt%2F75365-%3Esubstance%2Fpt%2F755002507%2Bsubstance%2Fpt%2F755002574
50,992,1,31-354-CAS-3450825,2,skipped,1,多产物反应，按当前课题规则跳过,https://scifinder-n.cas.org/search/reaction/6a58ba6462c3022ca7b601fb/50,https://scifinder-n.cas.org/navigate/?appId=56c9c86b-cac4-4f62-9c97-6724d55d76a4&backKey=6a58ba6462c3022ca7b601fb&backToPage=50&cidValue=816&groupOrdinal=992&groupViewContextIndicator=false&isFromAllResults=false&isFromAlternateReactionSteps=false&isFromReactionGroup=false&key=6a58ba6462c3022ca7b601fb&metricsOrdinal=992&ordinal=1&resultType=reaction&resultView=DETAIL&state=searchDetail.reaction&suppressNavigation=false&uiContext=366&uiSubContext=551&uriForDetails=multistep-reaction%2F79fae9c7-b9b2-5cdd-b262-65fa3e65d6e5&uriForGroup=substance%2Fpt%2F65530269%2Bsubstance%2Fpt%2F98884-%3Esubstance%2Fpt%2F91685051%2Bsubstance%2Fpt%2F91685062
50,992,2,31-354-CAS-4306034,2,skipped,1,多产物反应，按当前课题规则跳过,https://scifinder-n.cas.org/search/reaction/6a58ba6462c3022ca7b601fb/50,https://scifinder-n.cas.org/navigate/?appId=56c9c86b-cac4-4f62-9c97-6724d55d76a4&backKey=6a58ba6462c3022ca7b601fb&backToPage=50&cidValue=816&groupOrdinal=992&groupViewContextIndicator=false&isFromAllResults=false&isFromAlternateReactionSteps=false&isFromReactionGroup=false&key=6a58ba6462c3022ca7b601fb&metricsOrdinal=992&ordinal=2&resultType=reaction&resultView=DETAIL&state=searchDetail.reaction&suppressNavigation=false&uiContext=366&uiSubContext=551&uriForDetails=multistep-reaction%2Fe3548b18-d394-5348-85bf-0dc99b580e7c&uriForGroup=substance%2Fpt%2F65530269%2Bsubstance%2Fpt%2F98884-%3Esubstance%2Fpt%2F91685051%2Bsubstance%2Fpt%2F91685062
50,992,3,31-354-CAS-18918935,2,skipped,1,多产物反应，按当前课题规则跳过,https://scifinder-n.cas.org/search/reaction/6a58ba6462c3022ca7b601fb/50,https://scifinder-n.cas.org/navigate/?appId=56c9c86b-cac4-4f62-9c97-6724d55d76a4&backKey=6a58ba6462c3022ca7b601fb&backToPage=50&cidValue=816&groupOrdinal=992&groupViewContextIndicator=false&isFromAllResults=false&isFromAlternateReactionSteps=false&isFromReactionGroup=false&key=6a58ba6462c3022ca7b601fb&metricsOrdinal=992&ordinal=3&resultType=reaction&resultView=DETAIL&state=searchDetail.reaction&suppressNavigation=false&uiContext=366&uiSubContext=551&uriForDetails=multistep-reaction%2Ffd87e97a-6f5c-5af2-8a6a-81084f996843&uriForGroup=substance%2Fpt%2F65530269%2Bsubstance%2Fpt%2F98884-%3Esubstance%2Fpt%2F91685051%2Bsubstance%2Fpt%2F91685062
50,993,1,31-614-CAS-31197332,2,skipped,1,多产物反应，按当前课题规则跳过,https://scifinder-n.cas.org/search/reaction/6a58ba6462c3022ca7b601fb/50,https://scifinder-n.cas.org/navigate/?appId=56c9c86b-cac4-4f62-9c97-6724d55d76a4&backKey=6a58ba6462c3022ca7b601fb&backToPage=50&cidValue=816&groupOrdinal=993&groupViewContextIndicator=false&isFromAllResults=false&isFromAlternateReactionSteps=false&isFromReactionGroup=false&key=6a58ba6462c3022ca7b601fb&metricsOrdinal=993&ordinal=1&resultType=reaction&resultView=DETAIL&state=searchDetail.reaction&suppressNavigation=false&uiContext=366&uiSubContext=551&uriForDetails=multistep-reaction%2F5b2514de-f4d2-5c10-8b94-c81cde132dec&uriForGroup=substance%2Fpt%2F2756684838%2Bsubstance%2Fpt%2F931577-%3Esubstance%2Fpt%2F2756684736%2Bsubstance%2Fpt%2F2756684747
50,993,2,31-614-CAS-31447652,2,skipped,1,多产物反应，按当前课题规则跳过,https://scifinder-n.cas.org/search/reaction/6a58ba6462c3022ca7b601fb/50,https://scifinder-n.cas.org/navigate/?appId=56c9c86b-cac4-4f62-9c97-6724d55d76a4&backKey=6a58ba6462c3022ca7b601fb&backToPage=50&cidValue=816&groupOrdinal=993&groupViewContextIndicator=false&isFromAllResults=false&isFromAlternateReactionSteps=false&isFromReactionGroup=false&key=6a58ba6462c3022ca7b601fb&metricsOrdinal=993&ordinal=2&resultType=reaction&resultView=DETAIL&state=searchDetail.reaction&suppressNavigation=false&uiContext=366&uiSubContext=551&uriForDetails=multistep-reaction%2F331bd317-23b1-552b-a889-fc63d0ee9f01&uriForGroup=substance%2Fpt%2F2756684838%2Bsubstance%2Fpt%2F931577-%3Esubstance%2Fpt%2F2756684736%2Bsubstance%2Fpt%2F2756684747
50,994,1,31-011-CAS-20878077,2,skipped,1,多产物反应，按当前课题规则跳过,https://scifinder-n.cas.org/search/reaction/6a58ba6462c3022ca7b601fb/50,https://scifinder-n.cas.org/navigate/?appId=56c9c86b-cac4-4f62-9c97-6724d55d76a4&backKey=6a58ba6462c3022ca7b601fb&backToPage=50&cidValue=816&groupOrdinal=994&groupViewContextIndicator=false&isFromAllResults=false&isFromAlternateReactionSteps=false&isFromReactionGroup=false&key=6a58ba6462c3022ca7b601fb&metricsOrdinal=994&ordinal=1&resultType=reaction&resultView=DETAIL&state=searchDetail.reaction&suppressNavigation=false&uiContext=366&uiSubContext=551&uriForDetails=multistep-reaction%2F5d2972de-1761-57ba-8e6f-1a00c74361f6&uriForGroup=substance%2Fpt%2F264882011%2Bsubstance%2Fpt%2F57701276-%3Esubstance%2Fpt%2F2390477786%2Bsubstance%2Fpt%2F2390477797
50,995,1,31-355-CAS-16917821,2,skipped,1,多产物反应，按当前课题规则跳过,https://scifinder-n.cas.org/search/reaction/6a58ba6462c3022ca7b601fb/50,https://scifinder-n.cas.org/navigate/?appId=56c9c86b-cac4-4f62-9c97-6724d55d76a4&backKey=6a58ba6462c3022ca7b601fb&backToPage=50&cidValue=816&groupOrdinal=995&groupViewContextIndicator=false&isFromAllResults=false&isFromAlternateReactionSteps=false&isFromReactionGroup=false&key=6a58ba6462c3022ca7b601fb&metricsOrdinal=995&ordinal=1&resultType=reaction&resultView=DETAIL&state=searchDetail.reaction&suppressNavigation=false&uiContext=366&uiSubContext=551&uriForDetails=multistep-reaction%2Fb48c091c-47eb-5408-8f3a-abf7a16ad0e1&uriForGroup=substance%2Fpt%2F176299960%2Bsubstance%2Fpt%2F97723-%3Esubstance%2Fpt%2F2089250064%2Bsubstance%2Fpt%2F2089250075
50,995,2,31-355-CAS-16917822,2,skipped,1,多产物反应，按当前课题规则跳过,https://scifinder-n.cas.org/search/reaction/6a58ba6462c3022ca7b601fb/50,https://scifinder-n.cas.org/navigate/?appId=56c9c86b-cac4-4f62-9c97-6724d55d76a4&backKey=6a58ba6462c3022ca7b601fb&backToPage=50&cidValue=816&groupOrdinal=995&groupViewContextIndicator=false&isFromAllResults=false&isFromAlternateReactionSteps=false&isFromReactionGroup=false&key=6a58ba6462c3022ca7b601fb&metricsOrdinal=995&ordinal=2&resultType=reaction&resultView=DETAIL&state=searchDetail.reaction&suppressNavigation=false&uiContext=366&uiSubContext=551&uriForDetails=multistep-reaction%2F0a8da7d7-77c3-5583-916d-17a97485b3f9&uriForGroup=substance%2Fpt%2F176299960%2Bsubstance%2Fpt%2F97723-%3Esubstance%2Fpt%2F2089250064%2Bsubstance%2Fpt%2F2089250075
50,996,1,31-357-CAS-8219651,2,skipped,1,多产物反应，按当前课题规则跳过,https://scifinder-n.cas.org/search/reaction/6a58ba6462c3022ca7b601fb/50,https://scifinder-n.cas.org/navigate/?appId=56c9c86b-cac4-4f62-9c97-6724d55d76a4&backKey=6a58ba6462c3022ca7b601fb&backToPage=50&cidValue=816&groupOrdinal=996&groupViewContextIndicator=false&isFromAllResults=false&isFromAlternateReactionSteps=false&isFromReactionGroup=false&key=6a58ba6462c3022ca7b601fb&metricsOrdinal=996&ordinal=1&resultType=reaction&resultView=DETAIL&state=searchDetail.reaction&suppressNavigation=false&uiContext=366&uiSubContext=551&uriForDetails=multistep-reaction%2F31b711c9-844c-59dc-a2b5-cd24dc9b46d9&uriForGroup=substance%2Fpt%2F108054%2Bsubstance%2Fpt%2F71117378-%3Esubstance%2Fpt%2F141611587%2Bsubstance%2Fpt%2F141611598
50,996,2,31-357-CAS-13456513,2,skipped,1,多产物反应，按当前课题规则跳过,https://scifinder-n.cas.org/search/reaction/6a58ba6462c3022ca7b601fb/50,https://scifinder-n.cas.org/navigate/?appId=56c9c86b-cac4-4f62-9c97-6724d55d76a4&backKey=6a58ba6462c3022ca7b601fb&backToPage=50&cidValue=816&groupOrdinal=996&groupViewContextIndicator=false&isFromAllResults=false&isFromAlternateReactionSteps=false&isFromReactionGroup=false&key=6a58ba6462c3022ca7b601fb&metricsOrdinal=996&ordinal=2&resultType=reaction&resultView=DETAIL&state=searchDetail.reaction&suppressNavigation=false&uiContext=366&uiSubContext=551&uriForDetails=multistep-reaction%2Fcbf97cfd-2277-5583-8a6b-9dfac7d1e62f&uriForGroup=substance%2Fpt%2F108054%2Bsubstance%2Fpt%2F71117378-%3Esubstance%2Fpt%2F141611587%2Bsubstance%2Fpt%2F141611598
50,997,1,31-614-CAS-26652755,2,skipped,1,多产物反应，按当前课题规则跳过,https://scifinder-n.cas.org/search/reaction/6a58ba6462c3022ca7b601fb/50,https://scifinder-n.cas.org/navigate/?appId=56c9c86b-cac4-4f62-9c97-6724d55d76a4&backKey=6a58ba6462c3022ca7b601fb&backToPage=50&cidValue=816&groupOrdinal=997&groupViewContextIndicator=false&isFromAllResults=false&isFromAlternateReactionSteps=false&isFromReactionGroup=false&key=6a58ba6462c3022ca7b601fb&metricsOrdinal=997&ordinal=1&resultType=reaction&resultView=DETAIL&state=searchDetail.reaction&suppressNavigation=false&uiContext=366&uiSubContext=551&uriForDetails=multistep-reaction%2Fb7f901a8-b8b9-5121-bb26-3601a6d47e27&uriForGroup=substance%2Fpt%2F613901%2Bsubstance%2Fpt%2F64552063-%3Esubstance%2Fpt%2F86420704%2Bsubstance%2Fpt%2F86420715
50,997,2,31-614-CAS-29282378,2,skipped,1,多产物反应，按当前课题规则跳过,https://scifinder-n.cas.org/search/reaction/6a58ba6462c3022ca7b601fb/50,https://scifinder-n.cas.org/navigate/?appId=56c9c86b-cac4-4f62-9c97-6724d55d76a4&backKey=6a58ba6462c3022ca7b601fb&backToPage=50&cidValue=816&groupOrdinal=997&groupViewContextIndicator=false&isFromAllResults=false&isFromAlternateReactionSteps=false&isFromReactionGroup=false&key=6a58ba6462c3022ca7b601fb&metricsOrdinal=997&ordinal=2&resultType=reaction&resultView=DETAIL&state=searchDetail.reaction&suppressNavigation=false&uiContext=366&uiSubContext=551&uriForDetails=multistep-reaction%2Fe659ba35-5c5d-5661-861b-0ed6655fa66f&uriForGroup=substance%2Fpt%2F613901%2Bsubstance%2Fpt%2F64552063-%3Esubstance%2Fpt%2F86420704%2Bsubstance%2Fpt%2F86420715
50,997,3,31-614-CAS-31023714,2,skipped,1,多产物反应，按当前课题规则跳过,https://scifinder-n.cas.org/search/reaction/6a58ba6462c3022ca7b601fb/50,https://scifinder-n.cas.org/navigate/?appId=56c9c86b-cac4-4f62-9c97-6724d55d76a4&backKey=6a58ba6462c3022ca7b601fb&backToPage=50&cidValue=816&groupOrdinal=997&groupViewContextIndicator=false&isFromAllResults=false&isFromAlternateReactionSteps=false&isFromReactionGroup=false&key=6a58ba6462c3022ca7b601fb&metricsOrdinal=997&ordinal=3&resultType=reaction&resultView=DETAIL&state=searchDetail.reaction&suppressNavigation=false&uiContext=366&uiSubContext=551&uriForDetails=multistep-reaction%2F02644228-87a2-50a9-a643-ab89cc95e0cd&uriForGroup=substance%2Fpt%2F613901%2Bsubstance%2Fpt%2F64552063-%3Esubstance%2Fpt%2F86420704%2Bsubstance%2Fpt%2F86420715
50,998,1,31-354-CAS-14574347,2,skipped,1,多产物反应，按当前课题规则跳过,https://scifinder-n.cas.org/search/reaction/6a58ba6462c3022ca7b601fb/50,https://scifinder-n.cas.org/navigate/?appId=56c9c86b-cac4-4f62-9c97-6724d55d76a4&backKey=6a58ba6462c3022ca7b601fb&backToPage=50&cidValue=816&groupOrdinal=998&groupViewContextIndicator=false&isFromAllResults=false&isFromAlternateReactionSteps=false&isFromReactionGroup=false&key=6a58ba6462c3022ca7b601fb&metricsOrdinal=998&ordinal=1&resultType=reaction&resultView=DETAIL&state=searchDetail.reaction&suppressNavigation=false&uiContext=366&uiSubContext=551&uriForDetails=multistep-reaction%2Ffcf0d4a9-d15e-59b4-ad2b-308f7bd4ad98&uriForGroup=substance%2Fpt%2F57701276%2Bsubstance%2Fpt%2F98884-%3Esubstance%2Fpt%2F75829639%2Bsubstance%2Fpt%2F80041301
50,998,2,31-354-CAS-12311507,2,skipped,1,多产物反应，按当前课题规则跳过,https://scifinder-n.cas.org/search/reaction/6a58ba6462c3022ca7b601fb/50,https://scifinder-n.cas.org/navigate/?appId=56c9c86b-cac4-4f62-9c97-6724d55d76a4&backKey=6a58ba6462c3022ca7b601fb&backToPage=50&cidValue=816&groupOrdinal=998&groupViewContextIndicator=false&isFromAllResults=false&isFromAlternateReactionSteps=false&isFromReactionGroup=false&key=6a58ba6462c3022ca7b601fb&metricsOrdinal=998&ordinal=2&resultType=reaction&resultView=DETAIL&state=searchDetail.reaction&suppressNavigation=false&uiContext=366&uiSubContext=551&uriForDetails=multistep-reaction%2F235e62f1-c592-57c1-b46a-a9fd994eea8d&uriForGroup=substance%2Fpt%2F57701276%2Bsubstance%2Fpt%2F98884-%3Esubstance%2Fpt%2F75829639%2Bsubstance%2Fpt%2F80041301
50,998,3,31-354-CAS-127491,2,skipped,1,多产物反应，按当前课题规则跳过,https://scifinder-n.cas.org/search/reaction/6a58ba6462c3022ca7b601fb/50,https://scifinder-n.cas.org/navigate/?appId=56c9c86b-cac4-4f62-9c97-6724d55d76a4&backKey=6a58ba6462c3022ca7b601fb&backToPage=50&cidValue=816&groupOrdinal=998&groupViewContextIndicator=false&isFromAllResults=false&isFromAlternateReactionSteps=false&isFromReactionGroup=false&key=6a58ba6462c3022ca7b601fb&metricsOrdinal=998&ordinal=3&resultType=reaction&resultView=DETAIL&state=searchDetail.reaction&suppressNavigation=false&uiContext=366&uiSubContext=551&uriForDetails=multistep-reaction%2F08e93703-ebf0-5c75-8d15-564e222e0a76&uriForGroup=substance%2Fpt%2F57701276%2Bsubstance%2Fpt%2F98884-%3Esubstance%2Fpt%2F75829639%2Bsubstance%2Fpt%2F80041301
50,999,1,31-174-CAS-15649157,2,skipped,1,多产物反应，按当前课题规则跳过,https://scifinder-n.cas.org/search/reaction/6a58ba6462c3022ca7b601fb/50,https://scifinder-n.cas.org/navigate/?appId=56c9c86b-cac4-4f62-9c97-6724d55d76a4&backKey=6a58ba6462c3022ca7b601fb&backToPage=50&cidValue=816&groupOrdinal=999&groupViewContextIndicator=false&isFromAllResults=false&isFromAlternateReactionSteps=false&isFromReactionGroup=false&key=6a58ba6462c3022ca7b601fb&metricsOrdinal=999&ordinal=1&resultType=reaction&resultView=DETAIL&state=searchDetail.reaction&suppressNavigation=false&uiContext=366&uiSubContext=551&uriForDetails=multistep-reaction%2Fe3c15880-36a6-5419-94b7-4e8cb72c83c1&uriForGroup=substance%2Fpt%2F146137726%2Bsubstance%2Fpt%2F1912463763-%3Esubstance%2Fpt%2F1912463570%2Bsubstance%2Fpt%2F1912463581
50,1000,1,31-354-CAS-13483880,2,skipped,1,多产物反应，按当前课题规则跳过,https://scifinder-n.cas.org/search/reaction/6a58ba6462c3022ca7b601fb/50,https://scifinder-n.cas.org/navigate/?appId=56c9c86b-cac4-4f62-9c97-6724d55d76a4&backKey=6a58ba6462c3022ca7b601fb&backToPage=50&cidValue=816&groupOrdinal=1000&groupViewContextIndicator=false&isFromAllResults=false&isFromAlternateReactionSteps=false&isFromReactionGroup=false&key=6a58ba6462c3022ca7b601fb&metricsOrdinal=1000&ordinal=1&resultType=reaction&resultView=DETAIL&state=searchDetail.reaction&suppressNavigation=false&uiContext=366&uiSubContext=551&uriForDetails=multistep-reaction%2F68cf9319-e189-563a-9b21-49d3da303fd1&uriForGroup=substance%2Fpt%2F73045575%2Bsubstance%2Fpt%2F98884-%3Esubstance%2Fpt%2F93636330%2Bsubstance%2Fpt%2F93636341
50,1000,2,31-354-CAS-13197392,2,skipped,1,多产物反应，按当前课题规则跳过,https://scifinder-n.cas.org/search/reaction/6a58ba6462c3022ca7b601fb/50,https://scifinder-n.cas.org/navigate/?appId=56c9c86b-cac4-4f62-9c97-6724d55d76a4&backKey=6a58ba6462c3022ca7b601fb&backToPage=50&cidValue=816&groupOrdinal=1000&groupViewContextIndicator=false&isFromAllResults=false&isFromAlternateReactionSteps=false&isFromReactionGroup=false&key=6a58ba6462c3022ca7b601fb&metricsOrdinal=1000&ordinal=2&resultType=reaction&resultView=DETAIL&state=searchDetail.reaction&suppressNavigation=false&uiContext=366&uiSubContext=551&uriForDetails=multistep-reaction%2Fa10cb495-a779-5ec7-a102-56fdd8079ed6&uriForGroup=substance%2Fpt%2F73045575%2Bsubstance%2Fpt%2F98884-%3Esubstance%2Fpt%2F93636330%2Bsubstance%2Fpt%2F93636341
50,1000,3,31-354-CAS-2217385,2,skipped,1,多产物反应，按当前课题规则跳过,https://scifinder-n.cas.org/search/reaction/6a58ba6462c3022ca7b601fb/50,https://scifinder-n.cas.org/navigate/?appId=56c9c86b-cac4-4f62-9c97-6724d55d76a4&backKey=6a58ba6462c3022ca7b601fb&backToPage=50&cidValue=816&groupOrdinal=1000&groupViewContextIndicator=false&isFromAllResults=false&isFromAlternateReactionSteps=false&isFromReactionGroup=false&key=6a58ba6462c3022ca7b601fb&metricsOrdinal=1000&ordinal=3&resultType=reaction&resultView=DETAIL&state=searchDetail.reaction&suppressNavigation=false&uiContext=366&uiSubContext=551&uriForDetails=multistep-reaction%2F354dfe23-8d34-57ec-9268-5b5e78c938d5&uriForGroup=substance%2Fpt%2F73045575%2Bsubstance%2Fpt%2F98884-%3Esubstance%2Fpt%2F93636330%2Bsubstance%2Fpt%2F93636341
51,1001,1,31-022-CAS-9195017,2,skipped,1,多产物反应，按当前课题规则跳过,https://scifinder-n.cas.org/search/reaction/6a58ba6462c3022ca7b601fb/51,https://scifinder-n.cas.org/navigate/?appId=02a80b63-5cc4-443a-9ad2-00e634be50a6&backKey=6a58ba6462c3022ca7b601fb&backToPage=51&cidValue=816&groupOrdinal=1001&groupViewContextIndicator=false&isFromAllResults=false&isFromAlternateReactionSteps=false&isFromReactionGroup=false&key=6a58ba6462c3022ca7b601fb&metricsOrdinal=1001&ordinal=1&resultType=reaction&resultView=DETAIL&state=searchDetail.reaction&suppressNavigation=false&uiContext=366&uiSubContext=551&uriForDetails=multistep-reaction%2F5af2dc43-301e-53b9-a0f4-c6ffc71be235&uriForGroup=substance%2Fpt%2F1805786699%2Bsubstance%2Fpt%2F57701276-%3Esubstance%2Fpt%2F1805786815%2Bsubstance%2Fpt%2F1805787001
51,1002,1,31-354-CAS-6490698,2,skipped,1,多产物反应，按当前课题规则跳过,https://scifinder-n.cas.org/search/reaction/6a58ba6462c3022ca7b601fb/51,https://scifinder-n.cas.org/navigate/?appId=02a80b63-5cc4-443a-9ad2-00e634be50a6&backKey=6a58ba6462c3022ca7b601fb&backToPage=51&cidValue=816&groupOrdinal=1002&groupViewContextIndicator=false&isFromAllResults=false&isFromAlternateReactionSteps=false&isFromReactionGroup=false&key=6a58ba6462c3022ca7b601fb&metricsOrdinal=1002&ordinal=1&resultType=reaction&resultView=DETAIL&state=searchDetail.reaction&suppressNavigation=false&uiContext=366&uiSubContext=551&uriForDetails=multistep-reaction%2F22569502-a143-5f5f-b47f-180a625f37a4&uriForGroup=substance%2Fpt%2F93382480%2Bsubstance%2Fpt%2F98884-%3Esubstance%2Fpt%2F127514287%2Bsubstance%2Fpt%2F263550385
51,1002,2,31-354-CAS-2509690,2,skipped,1,多产物反应，按当前课题规则跳过,https://scifinder-n.cas.org/search/reaction/6a58ba6462c3022ca7b601fb/51,https://scifinder-n.cas.org/navigate/?appId=02a80b63-5cc4-443a-9ad2-00e634be50a6&backKey=6a58ba6462c3022ca7b601fb&backToPage=51&cidValue=816&groupOrdinal=1002&groupViewContextIndicator=false&isFromAllResults=false&isFromAlternateReactionSteps=false&isFromReactionGroup=false&key=6a58ba6462c3022ca7b601fb&metricsOrdinal=1002&ordinal=2&resultType=reaction&resultView=DETAIL&state=searchDetail.reaction&suppressNavigation=false&uiContext=366&uiSubContext=551&uriForDetails=multistep-reaction%2F8a73a6c7-c4cb-5e4c-accd-d2b86cce1356&uriForGroup=substance%2Fpt%2F93382480%2Bsubstance%2Fpt%2F98884-%3Esubstance%2Fpt%2F127514287%2Bsubstance%2Fpt%2F263550385
51,1003,1,31-008-CAS-945225,2,skipped,1,多产物反应，按当前课题规则跳过,https://scifinder-n.cas.org/search/reaction/6a58ba6462c3022ca7b601fb/51,https://scifinder-n.cas.org/navigate/?appId=02a80b63-5cc4-443a-9ad2-00e634be50a6&backKey=6a58ba6462c3022ca7b601fb&backToPage=51&cidValue=816&groupOrdinal=1003&groupViewContextIndicator=false&isFromAllResults=false&isFromAlternateReactionSteps=false&isFromReactionGroup=false&key=6a58ba6462c3022ca7b601fb&metricsOrdinal=1003&ordinal=1&resultType=reaction&resultView=DETAIL&state=searchDetail.reaction&suppressNavigation=false&uiContext=366&uiSubContext=551&uriForDetails=multistep-reaction%2Fe955f43e-d44b-544b-94fc-47d14225c993&uriForGroup=substance%2Fpt%2F1193325697%2Bsubstance%2Fpt%2F3587608-%3Esubstance%2Fpt%2F1193325788%2Bsubstance%2Fpt%2F1270205258
51,1004,1,31-008-CAS-4058867,2,skipped,1,多产物反应，按当前课题规则跳过,https://scifinder-n.cas.org/search/reaction/6a58ba6462c3022ca7b601fb/51,https://scifinder-n.cas.org/navigate/?appId=02a80b63-5cc4-443a-9ad2-00e634be50a6&backKey=6a58ba6462c3022ca7b601fb&backToPage=51&cidValue=816&groupOrdinal=1004&groupViewContextIndicator=false&isFromAllResults=false&isFromAlternateReactionSteps=false&isFromReactionGroup=false&key=6a58ba6462c3022ca7b601fb&metricsOrdinal=1004&ordinal=1&resultType=reaction&resultView=DETAIL&state=searchDetail.reaction&suppressNavigation=false&uiContext=366&uiSubContext=551&uriForDetails=multistep-reaction%2F1315e1f5-76ef-5380-b0db-a96ee99f2d2e&uriForGroup=substance%2Fpt%2F214483406%2Bsubstance%2Fpt%2F74884-%3Esubstance%2Fpt%2F400738218%2Bsubstance%2Fpt%2F646520801
51,1005,1,31-008-CAS-5655636,2,skipped,1,多产物反应，按当前课题规则跳过,https://scifinder-n.cas.org/search/reaction/6a58ba6462c3022ca7b601fb/51,https://scifinder-n.cas.org/navigate/?appId=02a80b63-5cc4-443a-9ad2-00e634be50a6&backKey=6a58ba6462c3022ca7b601fb&backToPage=51&cidValue=816&groupOrdinal=1005&groupViewContextIndicator=false&isFromAllResults=false&isFromAlternateReactionSteps=false&isFromReactionGroup=false&key=6a58ba6462c3022ca7b601fb&metricsOrdinal=1005&ordinal=1&resultType=reaction&resultView=DETAIL&state=searchDetail.reaction&suppressNavigation=false&uiContext=366&uiSubContext=551&uriForDetails=multistep-reaction%2F7ce7d30a-027e-50ea-91f1-77154ca3fe3f&uriForGroup=substance%2Fpt%2F100390%2Bsubstance%2Fpt%2F173204632-%3Esubstance%2Fpt%2F221190018%2Bsubstance%2Fpt%2F221190030
51,1006,1,31-354-CAS-3715397,2,skipped,1,多产物反应，按当前课题规则跳过,https://scifinder-n.cas.org/search/reaction/6a58ba6462c3022ca7b601fb/51,https://scifinder-n.cas.org/navigate/?appId=02a80b63-5cc4-443a-9ad2-00e634be50a6&backKey=6a58ba6462c3022ca7b601fb&backToPage=51&cidValue=816&groupOrdinal=1006&groupViewContextIndicator=false&isFromAllResults=false&isFromAlternateReactionSteps=false&isFromReactionGroup=false&key=6a58ba6462c3022ca7b601fb&metricsOrdinal=1006&ordinal=1&resultType=reaction&resultView=DETAIL&state=searchDetail.reaction&suppressNavigation=false&uiContext=366&uiSubContext=551&uriForDetails=multistep-reaction%2Fec4d0a45-9f3b-51d9-9f55-7690a5ed2dfa&uriForGroup=substance%2Fpt%2F71117367%2Bsubstance%2Fpt%2F98884-%3Esubstance%2Fpt%2F86420726%2Bsubstance%2Fpt%2F86420737
51,1006,2,31-354-CAS-14726569,2,skipped,1,多产物反应，按当前课题规则跳过,https://scifinder-n.cas.org/search/reaction/6a58ba6462c3022ca7b601fb/51,https://scifinder-n.cas.org/navigate/?appId=02a80b63-5cc4-443a-9ad2-00e634be50a6&backKey=6a58ba6462c3022ca7b601fb&backToPage=51&cidValue=816&groupOrdinal=1006&groupViewContextIndicator=false&isFromAllResults=false&isFromAlternateReactionSteps=false&isFromReactionGroup=false&key=6a58ba6462c3022ca7b601fb&metricsOrdinal=1006&ordinal=2&resultType=reaction&resultView=DETAIL&state=searchDetail.reaction&suppressNavigation=false&uiContext=366&uiSubContext=551&uriForDetails=multistep-reaction%2F7d4e8de4-06c0-5794-879b-e3c314b1476c&uriForGroup=substance%2Fpt%2F71117367%2Bsubstance%2Fpt%2F98884-%3Esubstance%2Fpt%2F86420726%2Bsubstance%2Fpt%2F86420737
51,1006,3,31-354-CAS-13209249,2,skipped,1,多产物反应，按当前课题规则跳过,https://scifinder-n.cas.org/search/reaction/6a58ba6462c3022ca7b601fb/51,https://scifinder-n.cas.org/navigate/?appId=02a80b63-5cc4-443a-9ad2-00e634be50a6&backKey=6a58ba6462c3022ca7b601fb&backToPage=51&cidValue=816&groupOrdinal=1006&groupViewContextIndicator=false&isFromAllResults=false&isFromAlternateReactionSteps=false&isFromReactionGroup=false&key=6a58ba6462c3022ca7b601fb&metricsOrdinal=1006&ordinal=3&resultType=reaction&resultView=DETAIL&state=searchDetail.reaction&suppressNavigation=false&uiContext=366&uiSubContext=551&uriForDetails=multistep-reaction%2F56c87285-4289-5b9b-a69a-c7147b8790ce&uriForGroup=substance%2Fpt%2F71117367%2Bsubstance%2Fpt%2F98884-%3Esubstance%2Fpt%2F86420726%2Bsubstance%2Fpt%2F86420737
51,1006,4,31-354-CAS-1319714,2,skipped,1,多产物反应，按当前课题规则跳过,https://scifinder-n.cas.org/search/reaction/6a58ba6462c3022ca7b601fb/51,https://scifinder-n.cas.org/navigate/?appId=02a80b63-5cc4-443a-9ad2-00e634be50a6&backKey=6a58ba6462c3022ca7b601fb&backToPage=51&cidValue=816&groupOrdinal=1006&groupViewContextIndicator=false&isFromAllResults=false&isFromAlternateReactionSteps=false&isFromReactionGroup=false&key=6a58ba6462c3022ca7b601fb&metricsOrdinal=1006&ordinal=4&resultType=reaction&resultView=DETAIL&state=searchDetail.reaction&suppressNavigation=false&uiContext=366&uiSubContext=551&uriForDetails=multistep-reaction%2F32424712-a11e-5f4a-9999-c3ce0d351682&uriForGroup=substance%2Fpt%2F71117367%2Bsubstance%2Fpt%2F98884-%3Esubstance%2Fpt%2F86420726%2Bsubstance%2Fpt%2F86420737
51,1007,1,31-022-CAS-20448308,2,skipped,1,多产物反应，按当前课题规则跳过,https://scifinder-n.cas.org/search/reaction/6a58ba6462c3022ca7b601fb/51,https://scifinder-n.cas.org/navigate/?appId=02a80b63-5cc4-443a-9ad2-00e634be50a6&backKey=6a58ba6462c3022ca7b601fb&backToPage=51&cidValue=816&groupOrdinal=1007&groupViewContextIndicator=false&isFromAllResults=false&isFromAlternateReactionSteps=false&isFromReactionGroup=false&key=6a58ba6462c3022ca7b601fb&metricsOrdinal=1007&ordinal=1&resultType=reaction&resultView=DETAIL&state=searchDetail.reaction&suppressNavigation=false&uiContext=366&uiSubContext=551&uriForDetails=multistep-reaction%2F485e10d4-0bfb-5e26-b79c-04884f8bc92c&uriForGroup=substance%2Fpt%2F57701276%2Bsubstance%2Fpt%2F926309106-%3Esubstance%2Fpt%2F2365075927%2Bsubstance%2Fpt%2F2365075938
51,1007,2,31-022-CAS-20448309,2,skipped,1,多产物反应，按当前课题规则跳过,https://scifinder-n.cas.org/search/reaction/6a58ba6462c3022ca7b601fb/51,https://scifinder-n.cas.org/navigate/?appId=02a80b63-5cc4-443a-9ad2-00e634be50a6&backKey=6a58ba6462c3022ca7b601fb&backToPage=51&cidValue=816&groupOrdinal=1007&groupViewContextIndicator=false&isFromAllResults=false&isFromAlternateReactionSteps=false&isFromReactionGroup=false&key=6a58ba6462c3022ca7b601fb&metricsOrdinal=1007&ordinal=2&resultType=reaction&resultView=DETAIL&state=searchDetail.reaction&suppressNavigation=false&uiContext=366&uiSubContext=551&uriForDetails=multistep-reaction%2F2ddc3336-f59c-5fed-ad07-a024ef178b30&uriForGroup=substance%2Fpt%2F57701276%2Bsubstance%2Fpt%2F926309106-%3Esubstance%2Fpt%2F2365075927%2Bsubstance%2Fpt%2F2365075938
51,1008,1,31-354-CAS-15036887,2,skipped,1,多产物反应，按当前课题规则跳过,https://scifinder-n.cas.org/search/reaction/6a58ba6462c3022ca7b601fb/51,https://scifinder-n.cas.org/navigate/?appId=02a80b63-5cc4-443a-9ad2-00e634be50a6&backKey=6a58ba6462c3022ca7b601fb&backToPage=51&cidValue=816&groupOrdinal=1008&groupViewContextIndicator=false&isFromAllResults=false&isFromAlternateReactionSteps=false&isFromReactionGroup=false&key=6a58ba6462c3022ca7b601fb&metricsOrdinal=1008&ordinal=1&resultType=reaction&resultView=DETAIL&state=searchDetail.reaction&suppressNavigation=false&uiContext=366&uiSubContext=551&uriForDetails=multistep-reaction%2F9caf5e40-d0dc-52d5-afc4-f181d8db6a30&uriForGroup=substance%2Fpt%2F64552063%2Bsubstance%2Fpt%2F98884-%3Esubstance%2Fpt%2F86420704%2Bsubstance%2Fpt%2F86420715
51,1008,2,31-354-CAS-3183742,2,skipped,1,多产物反应，按当前课题规则跳过,https://scifinder-n.cas.org/search/reaction/6a58ba6462c3022ca7b601fb/51,https://scifinder-n.cas.org/navigate/?appId=02a80b63-5cc4-443a-9ad2-00e634be50a6&backKey=6a58ba6462c3022ca7b601fb&backToPage=51&cidValue=816&groupOrdinal=1008&groupViewContextIndicator=false&isFromAllResults=false&isFromAlternateReactionSteps=false&isFromReactionGroup=false&key=6a58ba6462c3022ca7b601fb&metricsOrdinal=1008&ordinal=2&resultType=reaction&resultView=DETAIL&state=searchDetail.reaction&suppressNavigation=false&uiContext=366&uiSubContext=551&uriForDetails=multistep-reaction%2F8a72d4bd-cc88-50c1-bb01-d165e55135c9&uriForGroup=substance%2Fpt%2F64552063%2Bsubstance%2Fpt%2F98884-%3Esubstance%2Fpt%2F86420704%2Bsubstance%2Fpt%2F86420715
51,1008,3,31-354-CAS-5298106,2,skipped,1,多产物反应，按当前课题规则跳过,https://scifinder-n.cas.org/search/reaction/6a58ba6462c3022ca7b601fb/51,https://scifinder-n.cas.org/navigate/?appId=02a80b63-5cc4-443a-9ad2-00e634be50a6&backKey=6a58ba6462c3022ca7b601fb&backToPage=51&cidValue=816&groupOrdinal=1008&groupViewContextIndicator=false&isFromAllResults=false&isFromAlternateReactionSteps=false&isFromReactionGroup=false&key=6a58ba6462c3022ca7b601fb&metricsOrdinal=1008&ordinal=3&resultType=reaction&resultView=DETAIL&state=searchDetail.reaction&suppressNavigation=false&uiContext=366&uiSubContext=551&uriForDetails=multistep-reaction%2F9024103a-98d1-5aa7-b4b5-8a7ef3ea79ca&uriForGroup=substance%2Fpt%2F64552063%2Bsubstance%2Fpt%2F98884-%3Esubstance%2Fpt%2F86420704%2Bsubstance%2Fpt%2F86420715
51,1009,1,31-355-CAS-16917818,2,skipped,1,多产物反应，按当前课题规则跳过,https://scifinder-n.cas.org/search/reaction/6a58ba6462c3022ca7b601fb/51,https://scifinder-n.cas.org/navigate/?appId=02a80b63-5cc4-443a-9ad2-00e634be50a6&backKey=6a58ba6462c3022ca7b601fb&backToPage=51&cidValue=816&groupOrdinal=1009&groupViewContextIndicator=false&isFromAllResults=false&isFromAlternateReactionSteps=false&isFromReactionGroup=false&key=6a58ba6462c3022ca7b601fb&metricsOrdinal=1009&ordinal=1&resultType=reaction&resultView=DETAIL&state=searchDetail.reaction&suppressNavigation=false&uiContext=366&uiSubContext=551&uriForDetails=multistep-reaction%2Fdca0fc63-62da-59fc-9079-285789a9d708&uriForGroup=substance%2Fpt%2F395082992%2Bsubstance%2Fpt%2F97723-%3Esubstance%2Fpt%2F2089250020%2Bsubstance%2Fpt%2F2089250031
51,1009,2,31-355-CAS-16917817,2,skipped,1,多产物反应，按当前课题规则跳过,https://scifinder-n.cas.org/search/reaction/6a58ba6462c3022ca7b601fb/51,https://scifinder-n.cas.org/navigate/?appId=02a80b63-5cc4-443a-9ad2-00e634be50a6&backKey=6a58ba6462c3022ca7b601fb&backToPage=51&cidValue=816&groupOrdinal=1009&groupViewContextIndicator=false&isFromAllResults=false&isFromAlternateReactionSteps=false&isFromReactionGroup=false&key=6a58ba6462c3022ca7b601fb&metricsOrdinal=1009&ordinal=2&resultType=reaction&resultView=DETAIL&state=searchDetail.reaction&suppressNavigation=false&uiContext=366&uiSubContext=551&uriForDetails=multistep-reaction%2F03dc8000-0f55-5705-ac84-7da0f585766d&uriForGroup=substance%2Fpt%2F395082992%2Bsubstance%2Fpt%2F97723-%3Esubstance%2Fpt%2F2089250020%2Bsubstance%2Fpt%2F2089250031
51,1010,1,31-022-CAS-15278333,2,skipped,1,多产物反应，按当前课题规则跳过,https://scifinder-n.cas.org/search/reaction/6a58ba6462c3022ca7b601fb/51,https://scifinder-n.cas.org/navigate/?appId=02a80b63-5cc4-443a-9ad2-00e634be50a6&backKey=6a58ba6462c3022ca7b601fb&backToPage=51&cidValue=816&groupOrdinal=1010&groupViewContextIndicator=false&isFromAllResults=false&isFromAlternateReactionSteps=false&isFromReactionGroup=false&key=6a58ba6462c3022ca7b601fb&metricsOrdinal=1010&ordinal=1&resultType=reaction&resultView=DETAIL&state=searchDetail.reaction&suppressNavigation=false&uiContext=366&uiSubContext=551&uriForDetails=multistep-reaction%2F15c786ad-7efa-5f0a-80c4-d3f41aa58434&uriForGroup=substance%2Fpt%2F73045575%2Bsubstance%2Fpt%2F98599-%3Esubstance%2Fpt%2F102804035%2Bsubstance%2Fpt%2F102804046
51,1010,2,31-022-CAS-13143119,2,skipped,1,多产物反应，按当前课题规则跳过,https://scifinder-n.cas.org/search/reaction/6a58ba6462c3022ca7b601fb/51,https://scifinder-n.cas.org/navigate/?appId=02a80b63-5cc4-443a-9ad2-00e634be50a6&backKey=6a58ba6462c3022ca7b601fb&backToPage=51&cidValue=816&groupOrdinal=1010&groupViewContextIndicator=false&isFromAllResults=false&isFromAlternateReactionSteps=false&isFromReactionGroup=false&key=6a58ba6462c3022ca7b601fb&metricsOrdinal=1010&ordinal=2&resultType=reaction&resultView=DETAIL&state=searchDetail.reaction&suppressNavigation=false&uiContext=366&uiSubContext=551&uriForDetails=multistep-reaction%2F058c9af2-5e30-58dc-9432-51e8a7624594&uriForGroup=substance%2Fpt%2F73045575%2Bsubstance%2Fpt%2F98599-%3Esubstance%2Fpt%2F102804035%2Bsubstance%2Fpt%2F102804046
51,1010,3,31-022-CAS-8892628,2,skipped,1,多产物反应，按当前课题规则跳过,https://scifinder-n.cas.org/search/reaction/6a58ba6462c3022ca7b601fb/51,https://scifinder-n.cas.org/navigate/?appId=02a80b63-5cc4-443a-9ad2-00e634be50a6&backKey=6a58ba6462c3022ca7b601fb&backToPage=51&cidValue=816&groupOrdinal=1010&groupViewContextIndicator=false&isFromAllResults=false&isFromAlternateReactionSteps=false&isFromReactionGroup=false&key=6a58ba6462c3022ca7b601fb&metricsOrdinal=1010&ordinal=3&resultType=reaction&resultView=DETAIL&state=searchDetail.reaction&suppressNavigation=false&uiContext=366&uiSubContext=551&uriForDetails=multistep-reaction%2F658ada43-0835-5e94-826d-bcfbf8fa34b1&uriForGroup=substance%2Fpt%2F73045575%2Bsubstance%2Fpt%2F98599-%3Esubstance%2Fpt%2F102804035%2Bsubstance%2Fpt%2F102804046
51,1010,4,31-022-CAS-15005333,2,skipped,1,多产物反应，按当前课题规则跳过,https://scifinder-n.cas.org/search/reaction/6a58ba6462c3022ca7b601fb/51,https://scifinder-n.cas.org/navigate/?appId=02a80b63-5cc4-443a-9ad2-00e634be50a6&backKey=6a58ba6462c3022ca7b601fb&backToPage=51&cidValue=816&groupOrdinal=1010&groupViewContextIndicator=false&isFromAllResults=false&isFromAlternateReactionSteps=false&isFromReactionGroup=false&key=6a58ba6462c3022ca7b601fb&metricsOrdinal=1010&ordinal=4&resultType=reaction&resultView=DETAIL&state=searchDetail.reaction&suppressNavigation=false&uiContext=366&uiSubContext=551&uriForDetails=multistep-reaction%2Fafd54ac2-c416-5d3e-92bd-d494a13f8e44&uriForGroup=substance%2Fpt%2F73045575%2Bsubstance%2Fpt%2F98599-%3Esubstance%2Fpt%2F102804035%2Bsubstance%2Fpt%2F102804046
51,1010,5,31-022-CAS-11022891,2,skipped,1,多产物反应，按当前课题规则跳过,https://scifinder-n.cas.org/search/reaction/6a58ba6462c3022ca7b601fb/51,https://scifinder-n.cas.org/navigate/?appId=02a80b63-5cc4-443a-9ad2-00e634be50a6&backKey=6a58ba6462c3022ca7b601fb&backToPage=51&cidValue=816&groupOrdinal=1010&groupViewContextIndicator=false&isFromAllResults=false&isFromAlternateReactionSteps=false&isFromReactionGroup=false&key=6a58ba6462c3022ca7b601fb&metricsOrdinal=1010&ordinal=5&resultType=reaction&resultView=DETAIL&state=searchDetail.reaction&suppressNavigation=false&uiContext=366&uiSubContext=551&uriForDetails=multistep-reaction%2Ffd13d676-be3c-55f1-82aa-380254f4e8e3&uriForGroup=substance%2Fpt%2F73045575%2Bsubstance%2Fpt%2F98599-%3Esubstance%2Fpt%2F102804035%2Bsubstance%2Fpt%2F102804046
51,1010,6,31-022-CAS-9555989,2,skipped,1,多产物反应，按当前课题规则跳过,https://scifinder-n.cas.org/search/reaction/6a58ba6462c3022ca7b601fb/51,https://scifinder-n.cas.org/navigate/?appId=02a80b63-5cc4-443a-9ad2-00e634be50a6&backKey=6a58ba6462c3022ca7b601fb&backToPage=51&cidValue=816&groupOrdinal=1010&groupViewContextIndicator=false&isFromAllResults=false&isFromAlternateReactionSteps=false&isFromReactionGroup=false&key=6a58ba6462c3022ca7b601fb&metricsOrdinal=1010&ordinal=6&resultType=reaction&resultView=DETAIL&state=searchDetail.reaction&suppressNavigation=false&uiContext=366&uiSubContext=551&uriForDetails=multistep-reaction%2F3d17c815-73d7-50fc-aa75-32e611cdf0a5&uriForGroup=substance%2Fpt%2F73045575%2Bsubstance%2Fpt%2F98599-%3Esubstance%2Fpt%2F102804035%2Bsubstance%2Fpt%2F102804046
51,1010,7,31-022-CAS-7413993,2,skipped,1,多产物反应，按当前课题规则跳过,https://scifinder-n.cas.org/search/reaction/6a58ba6462c3022ca7b601fb/51,https://scifinder-n.cas.org/navigate/?appId=02a80b63-5cc4-443a-9ad2-00e634be50a6&backKey=6a58ba6462c3022ca7b601fb&backToPage=51&cidValue=816&groupOrdinal=1010&groupViewContextIndicator=false&isFromAllResults=false&isFromAlternateReactionSteps=false&isFromReactionGroup=false&key=6a58ba6462c3022ca7b601fb&metricsOrdinal=1010&ordinal=7&resultType=reaction&resultView=DETAIL&state=searchDetail.reaction&suppressNavigation=false&uiContext=366&uiSubContext=551&uriForDetails=multistep-reaction%2Fb1e311d5-b3c4-5ea7-a12a-157611e300f5&uriForGroup=substance%2Fpt%2F73045575%2Bsubstance%2Fpt%2F98599-%3Esubstance%2Fpt%2F102804035%2Bsubstance%2Fpt%2F102804046
51,1011,1,31-008-CAS-3673585,2,skipped,1,多产物反应，按当前课题规则跳过,https://scifinder-n.cas.org/search/reaction/6a58ba6462c3022ca7b601fb/51,https://scifinder-n.cas.org/navigate/?appId=02a80b63-5cc4-443a-9ad2-00e634be50a6&backKey=6a58ba6462c3022ca7b601fb&backToPage=51&cidValue=816&groupOrdinal=1011&groupViewContextIndicator=false&isFromAllResults=false&isFromAlternateReactionSteps=false&isFromReactionGroup=false&key=6a58ba6462c3022ca7b601fb&metricsOrdinal=1011&ordinal=1&resultType=reaction&resultView=DETAIL&state=searchDetail.reaction&suppressNavigation=false&uiContext=366&uiSubContext=551&uriForDetails=multistep-reaction%2F27ff51ab-a165-5a53-8c5f-2e232ffc2702&uriForGroup=substance%2Fpt%2F824942%2Bsubstance%2Fpt%2F89821783-%3Esubstance%2Fpt%2F144174527%2Bsubstance%2Fpt%2F1477483296
51,1012,1,31-614-CAS-26408383,2,skipped,1,多产物反应，按当前课题规则跳过,https://scifinder-n.cas.org/search/reaction/6a58ba6462c3022ca7b601fb/51,https://scifinder-n.cas.org/navigate/?appId=02a80b63-5cc4-443a-9ad2-00e634be50a6&backKey=6a58ba6462c3022ca7b601fb&backToPage=51&cidValue=816&groupOrdinal=1012&groupViewContextIndicator=false&isFromAllResults=false&isFromAlternateReactionSteps=false&isFromReactionGroup=false&key=6a58ba6462c3022ca7b601fb&metricsOrdinal=1012&ordinal=1&resultType=reaction&resultView=DETAIL&state=searchDetail.reaction&suppressNavigation=false&uiContext=366&uiSubContext=551&uriForDetails=multistep-reaction%2F8f5d0e86-b621-59a9-8852-590025a4457d&uriForGroup=substance%2Fpt%2F185754261%2Bsubstance%2Fpt%2F613901-%3Esubstance%2Fpt%2F1657017747%2Bsubstance%2Fpt%2F1657017769
51,1013,1,31-022-CAS-13931251,2,skipped,1,多产物反应，按当前课题规则跳过,https://scifinder-n.cas.org/search/reaction/6a58ba6462c3022ca7b601fb/51,https://scifinder-n.cas.org/navigate/?appId=02a80b63-5cc4-443a-9ad2-00e634be50a6&backKey=6a58ba6462c3022ca7b601fb&backToPage=51&cidValue=816&groupOrdinal=1013&groupViewContextIndicator=false&isFromAllResults=false&isFromAlternateReactionSteps=false&isFromReactionGroup=false&key=6a58ba6462c3022ca7b601fb&metricsOrdinal=1013&ordinal=1&resultType=reaction&resultView=DETAIL&state=searchDetail.reaction&suppressNavigation=false&uiContext=366&uiSubContext=551&uriForDetails=multistep-reaction%2Fb6cd623a-d47a-527e-b8d2-fbdddf84943d&uriForGroup=substance%2Fpt%2F358236%2Bsubstance%2Fpt%2F57701276-%3Esubstance%2Fpt%2F126456164%2Bsubstance%2Fpt%2F129217249
51,1014,1,31-614-CAS-27058226,2,skipped,1,多产物反应，按当前课题规则跳过,https://scifinder-n.cas.org/search/reaction/6a58ba6462c3022ca7b601fb/51,https://scifinder-n.cas.org/navigate/?appId=02a80b63-5cc4-443a-9ad2-00e634be50a6&backKey=6a58ba6462c3022ca7b601fb&backToPage=51&cidValue=816&groupOrdinal=1014&groupViewContextIndicator=false&isFromAllResults=false&isFromAlternateReactionSteps=false&isFromReactionGroup=false&key=6a58ba6462c3022ca7b601fb&metricsOrdinal=1014&ordinal=1&resultType=reaction&resultView=DETAIL&state=searchDetail.reaction&suppressNavigation=false&uiContext=366&uiSubContext=551&uriForDetails=multistep-reaction%2Fcb539e47-41d3-5d97-9826-e0a96ff5bd18&uriForGroup=substance%2Fpt%2F2520188605%2Bsubstance%2Fpt%2F613901-%3Esubstance%2Fpt%2F2520188616%2Bsubstance%2Fpt%2F2520188627
51,1015,1,31-008-CAS-16579501,2,skipped,1,多产物反应，按当前课题规则跳过,https://scifinder-n.cas.org/search/reaction/6a58ba6462c3022ca7b601fb/51,https://scifinder-n.cas.org/navigate/?appId=02a80b63-5cc4-443a-9ad2-00e634be50a6&backKey=6a58ba6462c3022ca7b601fb&backToPage=51&cidValue=816&groupOrdinal=1015&groupViewContextIndicator=false&isFromAllResults=false&isFromAlternateReactionSteps=false&isFromReactionGroup=false&key=6a58ba6462c3022ca7b601fb&metricsOrdinal=1015&ordinal=1&resultType=reaction&resultView=DETAIL&state=searchDetail.reaction&suppressNavigation=false&uiContext=366&uiSubContext=551&uriForDetails=multistep-reaction%2Fcbca78bf-a5d5-5e5f-a0ca-9ca68749cbc3&uriForGroup=substance%2Fpt%2F1661006514%2Bsubstance%2Fpt%2F622957-%3Esubstance%2Fpt%2F2055616925%2Bsubstance%2Fpt%2F2055616936
51,1016,1,31-354-CAS-7903931,2,skipped,1,多产物反应，按当前课题规则跳过,https://scifinder-n.cas.org/search/reaction/6a58ba6462c3022ca7b601fb/51,https://scifinder-n.cas.org/navigate/?appId=02a80b63-5cc4-443a-9ad2-00e634be50a6&backKey=6a58ba6462c3022ca7b601fb&backToPage=51&cidValue=816&groupOrdinal=1016&groupViewContextIndicator=false&isFromAllResults=false&isFromAlternateReactionSteps=false&isFromReactionGroup=false&key=6a58ba6462c3022ca7b601fb&metricsOrdinal=1016&ordinal=1&resultType=reaction&resultView=DETAIL&state=searchDetail.reaction&suppressNavigation=false&uiContext=366&uiSubContext=551&uriForDetails=multistep-reaction%2F3a415d0d-c16e-549d-be48-e82c4881f556&uriForGroup=substance%2Fpt%2F57701276%2Bsubstance%2Fpt%2F75365-%3Esubstance%2Fpt%2F104321100%2Bsubstance%2Fpt%2F107657078
51,1016,2,31-354-CAS-9858457,2,skipped,1,多产物反应，按当前课题规则跳过,https://scifinder-n.cas.org/search/reaction/6a58ba6462c3022ca7b601fb/51,https://scifinder-n.cas.org/navigate/?appId=02a80b63-5cc4-443a-9ad2-00e634be50a6&backKey=6a58ba6462c3022ca7b601fb&backToPage=51&cidValue=816&groupOrdinal=1016&groupViewContextIndicator=false&isFromAllResults=false&isFromAlternateReactionSteps=false&isFromReactionGroup=false&key=6a58ba6462c3022ca7b601fb&metricsOrdinal=1016&ordinal=2&resultType=reaction&resultView=DETAIL&state=searchDetail.reaction&suppressNavigation=false&uiContext=366&uiSubContext=551&uriForDetails=multistep-reaction%2F40052b9f-5394-501d-890e-e9e7358e3cb8&uriForGroup=substance%2Fpt%2F57701276%2Bsubstance%2Fpt%2F75365-%3Esubstance%2Fpt%2F104321100%2Bsubstance%2Fpt%2F107657078
51,1016,3,31-354-CAS-6996978,2,skipped,1,多产物反应，按当前课题规则跳过,https://scifinder-n.cas.org/search/reaction/6a58ba6462c3022ca7b601fb/51,https://scifinder-n.cas.org/navigate/?appId=02a80b63-5cc4-443a-9ad2-00e634be50a6&backKey=6a58ba6462c3022ca7b601fb&backToPage=51&cidValue=816&groupOrdinal=1016&groupViewContextIndicator=false&isFromAllResults=false&isFromAlternateReactionSteps=false&isFromReactionGroup=false&key=6a58ba6462c3022ca7b601fb&metricsOrdinal=1016&ordinal=3&resultType=reaction&resultView=DETAIL&state=searchDetail.reaction&suppressNavigation=false&uiContext=366&uiSubContext=551&uriForDetails=multistep-reaction%2Fcd89ac7b-1cfc-5263-a073-f6b1a82ee814&uriForGroup=substance%2Fpt%2F57701276%2Bsubstance%2Fpt%2F75365-%3Esubstance%2Fpt%2F104321100%2Bsubstance%2Fpt%2F107657078
51,1016,4,31-354-CAS-11987632,2,skipped,1,多产物反应，按当前课题规则跳过,https://scifinder-n.cas.org/search/reaction/6a58ba6462c3022ca7b601fb/51,https://scifinder-n.cas.org/navigate/?appId=02a80b63-5cc4-443a-9ad2-00e634be50a6&backKey=6a58ba6462c3022ca7b601fb&backToPage=51&cidValue=816&groupOrdinal=1016&groupViewContextIndicator=false&isFromAllResults=false&isFromAlternateReactionSteps=false&isFromReactionGroup=false&key=6a58ba6462c3022ca7b601fb&metricsOrdinal=1016&ordinal=4&resultType=reaction&resultView=DETAIL&state=searchDetail.reaction&suppressNavigation=false&uiContext=366&uiSubContext=551&uriForDetails=multistep-reaction%2F702427c4-33c7-5319-a196-f571e292a5d3&uriForGroup=substance%2Fpt%2F57701276%2Bsubstance%2Fpt%2F75365-%3Esubstance%2Fpt%2F104321100%2Bsubstance%2Fpt%2F107657078
51,1017,1,31-614-CAS-30338112,2,skipped,1,多产物反应，按当前课题规则跳过,https://scifinder-n.cas.org/search/reaction/6a58ba6462c3022ca7b601fb/51,https://scifinder-n.cas.org/navigate/?appId=02a80b63-5cc4-443a-9ad2-00e634be50a6&backKey=6a58ba6462c3022ca7b601fb&backToPage=51&cidValue=816&groupOrdinal=1017&groupViewContextIndicator=false&isFromAllResults=false&isFromAlternateReactionSteps=false&isFromReactionGroup=false&key=6a58ba6462c3022ca7b601fb&metricsOrdinal=1017&ordinal=1&resultType=reaction&resultView=DETAIL&state=searchDetail.reaction&suppressNavigation=false&uiContext=366&uiSubContext=551&uriForDetails=multistep-reaction%2F0b55e2ea-83cd-51ff-af83-6a1ce3687435&uriForGroup=substance%2Fpt%2F2520187817%2Bsubstance%2Fpt%2F613901-%3Esubstance%2Fpt%2F2520188069%2Bsubstance%2Fpt%2F2520188116
51,1017,2,31-614-CAS-27708922,2,skipped,1,多产物反应，按当前课题规则跳过,https://scifinder-n.cas.org/search/reaction/6a58ba6462c3022ca7b601fb/51,https://scifinder-n.cas.org/navigate/?appId=02a80b63-5cc4-443a-9ad2-00e634be50a6&backKey=6a58ba6462c3022ca7b601fb&backToPage=51&cidValue=816&groupOrdinal=1017&groupViewContextIndicator=false&isFromAllResults=false&isFromAlternateReactionSteps=false&isFromReactionGroup=false&key=6a58ba6462c3022ca7b601fb&metricsOrdinal=1017&ordinal=2&resultType=reaction&resultView=DETAIL&state=searchDetail.reaction&suppressNavigation=false&uiContext=366&uiSubContext=551&uriForDetails=multistep-reaction%2Fe8c9d3fb-5e9f-5828-bb25-eb6879ac86d4&uriForGroup=substance%2Fpt%2F2520187817%2Bsubstance%2Fpt%2F613901-%3Esubstance%2Fpt%2F2520188069%2Bsubstance%2Fpt%2F2520188116
51,1018,1,31-356-CAS-20333547,2,skipped,1,多产物反应，按当前课题规则跳过,https://scifinder-n.cas.org/search/reaction/6a58ba6462c3022ca7b601fb/51,https://scifinder-n.cas.org/navigate/?appId=02a80b63-5cc4-443a-9ad2-00e634be50a6&backKey=6a58ba6462c3022ca7b601fb&backToPage=51&cidValue=816&groupOrdinal=1018&groupViewContextIndicator=false&isFromAllResults=false&isFromAlternateReactionSteps=false&isFromReactionGroup=false&key=6a58ba6462c3022ca7b601fb&metricsOrdinal=1018&ordinal=1&resultType=reaction&resultView=DETAIL&state=searchDetail.reaction&suppressNavigation=false&uiContext=366&uiSubContext=551&uriForDetails=multistep-reaction%2Ff2cf8972-7393-5f57-9721-a9ea6126e2c5&uriForGroup=substance%2Fpt%2F123762%2Bsubstance%2Fpt%2F2360936929-%3Esubstance%2Fpt%2F2360937126%2Bsubstance%2Fpt%2F2360937137
51,1019,1,31-614-CAS-28233220,2,skipped,1,多产物反应，按当前课题规则跳过,https://scifinder-n.cas.org/search/reaction/6a58ba6462c3022ca7b601fb/51,https://scifinder-n.cas.org/navigate/?appId=02a80b63-5cc4-443a-9ad2-00e634be50a6&backKey=6a58ba6462c3022ca7b601fb&backToPage=51&cidValue=816&groupOrdinal=1019&groupViewContextIndicator=false&isFromAllResults=false&isFromAlternateReactionSteps=false&isFromReactionGroup=false&key=6a58ba6462c3022ca7b601fb&metricsOrdinal=1019&ordinal=1&resultType=reaction&resultView=DETAIL&state=searchDetail.reaction&suppressNavigation=false&uiContext=366&uiSubContext=551&uriForDetails=multistep-reaction%2Fd30f01b2-d3d9-5dda-b097-2dff30b5147f&uriForGroup=substance%2Fpt%2F100759102%2Bsubstance%2Fpt%2F613901-%3Esubstance%2Fpt%2F1000974606%2Bsubstance%2Fpt%2F1911584990
51,1019,2,31-354-CAS-21086455,2,skipped,1,多产物反应，按当前课题规则跳过,https://scifinder-n.cas.org/search/reaction/6a58ba6462c3022ca7b601fb/51,https://scifinder-n.cas.org/navigate/?appId=02a80b63-5cc4-443a-9ad2-00e634be50a6&backKey=6a58ba6462c3022ca7b601fb&backToPage=51&cidValue=816&groupOrdinal=1019&groupViewContextIndicator=false&isFromAllResults=false&isFromAlternateReactionSteps=false&isFromReactionGroup=false&key=6a58ba6462c3022ca7b601fb&metricsOrdinal=1019&ordinal=2&resultType=reaction&resultView=DETAIL&state=searchDetail.reaction&suppressNavigation=false&uiContext=366&uiSubContext=551&uriForDetails=multistep-reaction%2Ff5be116c-b66b-5d6d-900d-c4f529d77871&uriForGroup=substance%2Fpt%2F100759102%2Bsubstance%2Fpt%2F613901-%3Esubstance%2Fpt%2F1000974606%2Bsubstance%2Fpt%2F1911584990
51,1020,1,31-354-CAS-14683967,2,skipped,1,多产物反应，按当前课题规则跳过,https://scifinder-n.cas.org/search/reaction/6a58ba6462c3022ca7b601fb/51,https://scifinder-n.cas.org/navigate/?appId=02a80b63-5cc4-443a-9ad2-00e634be50a6&backKey=6a58ba6462c3022ca7b601fb&backToPage=51&cidValue=816&groupOrdinal=1020&groupViewContextIndicator=false&isFromAllResults=false&isFromAlternateReactionSteps=false&isFromReactionGroup=false&key=6a58ba6462c3022ca7b601fb&metricsOrdinal=1020&ordinal=1&resultType=reaction&resultView=DETAIL&state=searchDetail.reaction&suppressNavigation=false&uiContext=366&uiSubContext=551&uriForDetails=multistep-reaction%2F01c8d905-8fe3-545f-afed-5bc391456991&uriForGroup=substance%2Fpt%2F1375353313%2Bsubstance%2Fpt%2F57701276-%3Esubstance%2Fpt%2F1399278240%2Bsubstance%2Fpt%2F1399278273
52,1021,1,31-354-CAS-10814195,2,skipped,1,多产物反应，按当前课题规则跳过,https://scifinder-n.cas.org/search/reaction/6a58ba6462c3022ca7b601fb/52,https://scifinder-n.cas.org/navigate/?appId=ec50c0cc-7128-4b70-aa40-daa083d8252d&backKey=6a58ba6462c3022ca7b601fb&backToPage=52&cidValue=816&groupOrdinal=1021&groupViewContextIndicator=false&isFromAllResults=false&isFromAlternateReactionSteps=false&isFromReactionGroup=false&key=6a58ba6462c3022ca7b601fb&metricsOrdinal=1021&ordinal=1&resultType=reaction&resultView=DETAIL&state=searchDetail.reaction&suppressNavigation=false&uiContext=366&uiSubContext=551&uriForDetails=multistep-reaction%2F435d87a6-0a9b-5782-9395-ad4f65f4a595&uriForGroup=substance%2Fpt%2F35718082%2Bsubstance%2Fpt%2F57701276-%3Esubstance%2Fpt%2F488743755%2Bsubstance%2Fpt%2F488743777
52,1022,1,31-614-CAS-25316720,2,skipped,1,多产物反应，按当前课题规则跳过,https://scifinder-n.cas.org/search/reaction/6a58ba6462c3022ca7b601fb/52,https://scifinder-n.cas.org/navigate/?appId=ec50c0cc-7128-4b70-aa40-daa083d8252d&backKey=6a58ba6462c3022ca7b601fb&backToPage=52&cidValue=816&groupOrdinal=1022&groupViewContextIndicator=false&isFromAllResults=false&isFromAlternateReactionSteps=false&isFromReactionGroup=false&key=6a58ba6462c3022ca7b601fb&metricsOrdinal=1022&ordinal=1&resultType=reaction&resultView=DETAIL&state=searchDetail.reaction&suppressNavigation=false&uiContext=366&uiSubContext=551&uriForDetails=multistep-reaction%2F8d6590b5-0ad8-538e-bdb5-ec17f61c48ad&uriForGroup=substance%2Fpt%2F613901%2Bsubstance%2Fpt%2F73108415-%3Esubstance%2Fpt%2F2520187986%2Bsubstance%2Fpt%2F2520187997
52,1022,2,31-614-CAS-29339643,2,skipped,1,多产物反应，按当前课题规则跳过,https://scifinder-n.cas.org/search/reaction/6a58ba6462c3022ca7b601fb/52,https://scifinder-n.cas.org/navigate/?appId=ec50c0cc-7128-4b70-aa40-daa083d8252d&backKey=6a58ba6462c3022ca7b601fb&backToPage=52&cidValue=816&groupOrdinal=1022&groupViewContextIndicator=false&isFromAllResults=false&isFromAlternateReactionSteps=false&isFromReactionGroup=false&key=6a58ba6462c3022ca7b601fb&metricsOrdinal=1022&ordinal=2&resultType=reaction&resultView=DETAIL&state=searchDetail.reaction&suppressNavigation=false&uiContext=366&uiSubContext=551&uriForDetails=multistep-reaction%2F47de413b-2545-588c-bbfd-d92a10f9937f&uriForGroup=substance%2Fpt%2F613901%2Bsubstance%2Fpt%2F73108415-%3Esubstance%2Fpt%2F2520187986%2Bsubstance%2Fpt%2F2520187997
52,1023,1,31-614-CAS-31197373,2,skipped,1,多产物反应，按当前课题规则跳过,https://scifinder-n.cas.org/search/reaction/6a58ba6462c3022ca7b601fb/52,https://scifinder-n.cas.org/navigate/?appId=ec50c0cc-7128-4b70-aa40-daa083d8252d&backKey=6a58ba6462c3022ca7b601fb&backToPage=52&cidValue=816&groupOrdinal=1023&groupViewContextIndicator=false&isFromAllResults=false&isFromAlternateReactionSteps=false&isFromReactionGroup=false&key=6a58ba6462c3022ca7b601fb&metricsOrdinal=1023&ordinal=1&resultType=reaction&resultView=DETAIL&state=searchDetail.reaction&suppressNavigation=false&uiContext=366&uiSubContext=551&uriForDetails=multistep-reaction%2F9753d878-ff35-5d5c-b2ba-ad8966493d27&uriForGroup=substance%2Fpt%2F116110%2Bsubstance%2Fpt%2F200052999-%3Esubstance%2Fpt%2F1532548289%2Bsubstance%2Fpt%2F1532548290
52,1023,2,31-236-CAS-3862644,2,skipped,1,多产物反应，按当前课题规则跳过,https://scifinder-n.cas.org/search/reaction/6a58ba6462c3022ca7b601fb/52,https://scifinder-n.cas.org/navigate/?appId=ec50c0cc-7128-4b70-aa40-daa083d8252d&backKey=6a58ba6462c3022ca7b601fb&backToPage=52&cidValue=816&groupOrdinal=1023&groupViewContextIndicator=false&isFromAllResults=false&isFromAlternateReactionSteps=false&isFromReactionGroup=false&key=6a58ba6462c3022ca7b601fb&metricsOrdinal=1023&ordinal=2&resultType=reaction&resultView=DETAIL&state=searchDetail.reaction&suppressNavigation=false&uiContext=366&uiSubContext=551&uriForDetails=multistep-reaction%2F7330ff3b-eeae-5b34-b1ab-7825917a2626&uriForGroup=substance%2Fpt%2F116110%2Bsubstance%2Fpt%2F200052999-%3Esubstance%2Fpt%2F1532548289%2Bsubstance%2Fpt%2F1532548290
52,1023,3,31-614-CAS-31447667,2,skipped,1,多产物反应，按当前课题规则跳过,https://scifinder-n.cas.org/search/reaction/6a58ba6462c3022ca7b601fb/52,https://scifinder-n.cas.org/navigate/?appId=ec50c0cc-7128-4b70-aa40-daa083d8252d&backKey=6a58ba6462c3022ca7b601fb&backToPage=52&cidValue=816&groupOrdinal=1023&groupViewContextIndicator=false&isFromAllResults=false&isFromAlternateReactionSteps=false&isFromReactionGroup=false&key=6a58ba6462c3022ca7b601fb&metricsOrdinal=1023&ordinal=3&resultType=reaction&resultView=DETAIL&state=searchDetail.reaction&suppressNavigation=false&uiContext=366&uiSubContext=551&uriForDetails=multistep-reaction%2F981e07ee-a68f-5ea8-a688-b83308a28c91&uriForGroup=substance%2Fpt%2F116110%2Bsubstance%2Fpt%2F200052999-%3Esubstance%2Fpt%2F1532548289%2Bsubstance%2Fpt%2F1532548290
52,1023,4,31-236-CAS-15407370,2,skipped,1,多产物反应，按当前课题规则跳过,https://scifinder-n.cas.org/search/reaction/6a58ba6462c3022ca7b601fb/52,https://scifinder-n.cas.org/navigate/?appId=ec50c0cc-7128-4b70-aa40-daa083d8252d&backKey=6a58ba6462c3022ca7b601fb&backToPage=52&cidValue=816&groupOrdinal=1023&groupViewContextIndicator=false&isFromAllResults=false&isFromAlternateReactionSteps=false&isFromReactionGroup=false&key=6a58ba6462c3022ca7b601fb&metricsOrdinal=1023&ordinal=4&resultType=reaction&resultView=DETAIL&state=searchDetail.reaction&suppressNavigation=false&uiContext=366&uiSubContext=551&uriForDetails=multistep-reaction%2F28ac62b3-c6d3-5b28-894b-31015fcc8594&uriForGroup=substance%2Fpt%2F116110%2Bsubstance%2Fpt%2F200052999-%3Esubstance%2Fpt%2F1532548289%2Bsubstance%2Fpt%2F1532548290
52,1024,1,31-614-CAS-43802791,2,skipped,1,多产物反应，按当前课题规则跳过,https://scifinder-n.cas.org/search/reaction/6a58ba6462c3022ca7b601fb/52,https://scifinder-n.cas.org/navigate/?appId=ec50c0cc-7128-4b70-aa40-daa083d8252d&backKey=6a58ba6462c3022ca7b601fb&backToPage=52&cidValue=816&groupOrdinal=1024&groupViewContextIndicator=false&isFromAllResults=false&isFromAlternateReactionSteps=false&isFromReactionGroup=false&key=6a58ba6462c3022ca7b601fb&metricsOrdinal=1024&ordinal=1&resultType=reaction&resultView=DETAIL&state=searchDetail.reaction&suppressNavigation=false&uiContext=366&uiSubContext=551&uriForDetails=multistep-reaction%2Fccea83ff-b494-5dbc-b325-18ca4626953a&uriForGroup=substance%2Fpt%2F71117367%2Bsubstance%2Fpt%2F74808096-%3Esubstance%2Fpt%2F3070151457%2Bsubstance%2Fpt%2F3070151468
52,1025,1,31-011-CAS-20878056,2,skipped,1,多产物反应，按当前课题规则跳过,https://scifinder-n.cas.org/search/reaction/6a58ba6462c3022ca7b601fb/52,https://scifinder-n.cas.org/navigate/?appId=ec50c0cc-7128-4b70-aa40-daa083d8252d&backKey=6a58ba6462c3022ca7b601fb&backToPage=52&cidValue=816&groupOrdinal=1025&groupViewContextIndicator=false&isFromAllResults=false&isFromAlternateReactionSteps=false&isFromReactionGroup=false&key=6a58ba6462c3022ca7b601fb&metricsOrdinal=1025&ordinal=1&resultType=reaction&resultView=DETAIL&state=searchDetail.reaction&suppressNavigation=false&uiContext=366&uiSubContext=551&uriForDetails=multistep-reaction%2F0ccd51b4-3d97-522a-8f7b-30a2f04d1edf&uriForGroup=substance%2Fpt%2F181267072%2Bsubstance%2Fpt%2F22979357-%3Esubstance%2Fpt%2F2390477480%2Bsubstance%2Fpt%2F2390477491
52,1026,1,31-170-CAS-18022379,2,skipped,1,多产物反应，按当前课题规则跳过,https://scifinder-n.cas.org/search/reaction/6a58ba6462c3022ca7b601fb/52,https://scifinder-n.cas.org/navigate/?appId=ec50c0cc-7128-4b70-aa40-daa083d8252d&backKey=6a58ba6462c3022ca7b601fb&backToPage=52&cidValue=816&groupOrdinal=1026&groupViewContextIndicator=false&isFromAllResults=false&isFromAlternateReactionSteps=false&isFromReactionGroup=false&key=6a58ba6462c3022ca7b601fb&metricsOrdinal=1026&ordinal=1&resultType=reaction&resultView=DETAIL&state=searchDetail.reaction&suppressNavigation=false&uiContext=366&uiSubContext=551&uriForDetails=multistep-reaction%2F202e374c-ec51-5043-b19f-f50b4c8d81de&uriForGroup=substance%2Fpt%2F144930507%2Bsubstance%2Fpt%2F57701276-%3Esubstance%2Fpt%2F2166610633%2Bsubstance%2Fpt%2F2166610655
52,1027,1,31-356-CAS-3108761,2,skipped,1,多产物反应，按当前课题规则跳过,https://scifinder-n.cas.org/search/reaction/6a58ba6462c3022ca7b601fb/52,https://scifinder-n.cas.org/navigate/?appId=ec50c0cc-7128-4b70-aa40-daa083d8252d&backKey=6a58ba6462c3022ca7b601fb&backToPage=52&cidValue=816&groupOrdinal=1027&groupViewContextIndicator=false&isFromAllResults=false&isFromAlternateReactionSteps=false&isFromReactionGroup=false&key=6a58ba6462c3022ca7b601fb&metricsOrdinal=1027&ordinal=1&resultType=reaction&resultView=DETAIL&state=searchDetail.reaction&suppressNavigation=false&uiContext=366&uiSubContext=551&uriForDetails=multistep-reaction%2F546769db-8843-56ed-874e-83aa0c58c427&uriForGroup=substance%2Fpt%2F1007854978%2Bsubstance%2Fpt%2F65850-%3Esubstance%2Fpt%2F1007855017%2Bsubstance%2Fpt%2F1007855233
52,1028,1,31-354-CAS-13854943,2,skipped,1,多产物反应，按当前课题规则跳过,https://scifinder-n.cas.org/search/reaction/6a58ba6462c3022ca7b601fb/52,https://scifinder-n.cas.org/navigate/?appId=ec50c0cc-7128-4b70-aa40-daa083d8252d&backKey=6a58ba6462c3022ca7b601fb&backToPage=52&cidValue=816&groupOrdinal=1028&groupViewContextIndicator=false&isFromAllResults=false&isFromAlternateReactionSteps=false&isFromReactionGroup=false&key=6a58ba6462c3022ca7b601fb&metricsOrdinal=1028&ordinal=1&resultType=reaction&resultView=DETAIL&state=searchDetail.reaction&suppressNavigation=false&uiContext=366&uiSubContext=551&uriForDetails=multistep-reaction%2Fb4960f05-0e3c-57bd-b66b-95c294939623&uriForGroup=substance%2Fpt%2F1427201691%2Bsubstance%2Fpt%2F98884-%3Esubstance%2Fpt%2F1427201760%2Bsubstance%2Fpt%2F1427201771
52,1028,2,31-354-CAS-438430,2,skipped,1,多产物反应，按当前课题规则跳过,https://scifinder-n.cas.org/search/reaction/6a58ba6462c3022ca7b601fb/52,https://scifinder-n.cas.org/navigate/?appId=ec50c0cc-7128-4b70-aa40-daa083d8252d&backKey=6a58ba6462c3022ca7b601fb&backToPage=52&cidValue=816&groupOrdinal=1028&groupViewContextIndicator=false&isFromAllResults=false&isFromAlternateReactionSteps=false&isFromReactionGroup=false&key=6a58ba6462c3022ca7b601fb&metricsOrdinal=1028&ordinal=2&resultType=reaction&resultView=DETAIL&state=searchDetail.reaction&suppressNavigation=false&uiContext=366&uiSubContext=551&uriForDetails=multistep-reaction%2F82b673e2-41ea-5f5a-bed9-bdb68b7a6277&uriForGroup=substance%2Fpt%2F1427201691%2Bsubstance%2Fpt%2F98884-%3Esubstance%2Fpt%2F1427201760%2Bsubstance%2Fpt%2F1427201771
52,1029,1,31-011-CAS-20878085,2,skipped,1,多产物反应，按当前课题规则跳过,https://scifinder-n.cas.org/search/reaction/6a58ba6462c3022ca7b601fb/52,https://scifinder-n.cas.org/navigate/?appId=ec50c0cc-7128-4b70-aa40-daa083d8252d&backKey=6a58ba6462c3022ca7b601fb&backToPage=52&cidValue=816&groupOrdinal=1029&groupViewContextIndicator=false&isFromAllResults=false&isFromAlternateReactionSteps=false&isFromReactionGroup=false&key=6a58ba6462c3022ca7b601fb&metricsOrdinal=1029&ordinal=1&resultType=reaction&resultView=DETAIL&state=searchDetail.reaction&suppressNavigation=false&uiContext=366&uiSubContext=551&uriForDetails=multistep-reaction%2Fb6e99fa5-55db-5693-9444-2c7bee368346&uriForGroup=substance%2Fpt%2F1221279624%2Bsubstance%2Fpt%2F22979357-%3Esubstance%2Fpt%2F2390477877%2Bsubstance%2Fpt%2F2390477888
52,1030,1,31-357-CAS-1883965,2,skipped,1,多产物反应，按当前课题规则跳过,https://scifinder-n.cas.org/search/reaction/6a58ba6462c3022ca7b601fb/52,https://scifinder-n.cas.org/navigate/?appId=ec50c0cc-7128-4b70-aa40-daa083d8252d&backKey=6a58ba6462c3022ca7b601fb&backToPage=52&cidValue=816&groupOrdinal=1030&groupViewContextIndicator=false&isFromAllResults=false&isFromAlternateReactionSteps=false&isFromReactionGroup=false&key=6a58ba6462c3022ca7b601fb&metricsOrdinal=1030&ordinal=1&resultType=reaction&resultView=DETAIL&state=searchDetail.reaction&suppressNavigation=false&uiContext=366&uiSubContext=551&uriForDetails=multistep-reaction%2Fd606e932-0d90-51c3-bb82-0b02d9a31ab4&uriForGroup=substance%2Fpt%2F108054%2Bsubstance%2Fpt%2F14155238-%3Esubstance%2Fpt%2F20750021%2Bsubstance%2Fpt%2F20750032
52,1031,1,31-614-CAS-36123593,2,skipped,1,多产物反应，按当前课题规则跳过,https://scifinder-n.cas.org/search/reaction/6a58ba6462c3022ca7b601fb/52,https://scifinder-n.cas.org/navigate/?appId=ec50c0cc-7128-4b70-aa40-daa083d8252d&backKey=6a58ba6462c3022ca7b601fb&backToPage=52&cidValue=816&groupOrdinal=1031&groupViewContextIndicator=false&isFromAllResults=false&isFromAlternateReactionSteps=false&isFromReactionGroup=false&key=6a58ba6462c3022ca7b601fb&metricsOrdinal=1031&ordinal=1&resultType=reaction&resultView=DETAIL&state=searchDetail.reaction&suppressNavigation=false&uiContext=366&uiSubContext=551&uriForDetails=multistep-reaction%2F0cbe82fc-fe1d-5887-8456-ac5e498a3978&uriForGroup=substance%2Fpt%2F108549231%2Bsubstance%2Fpt%2F2914913781-%3Esubstance%2Fpt%2F2914913792%2Bsubstance%2Fpt%2F2914913805
52,1032,1,31-008-CAS-23739564,2,skipped,1,多产物反应，按当前课题规则跳过,https://scifinder-n.cas.org/search/reaction/6a58ba6462c3022ca7b601fb/52,https://scifinder-n.cas.org/navigate/?appId=ec50c0cc-7128-4b70-aa40-daa083d8252d&backKey=6a58ba6462c3022ca7b601fb&backToPage=52&cidValue=816&groupOrdinal=1032&groupViewContextIndicator=false&isFromAllResults=false&isFromAlternateReactionSteps=false&isFromReactionGroup=false&key=6a58ba6462c3022ca7b601fb&metricsOrdinal=1032&ordinal=1&resultType=reaction&resultView=DETAIL&state=searchDetail.reaction&suppressNavigation=false&uiContext=366&uiSubContext=551&uriForDetails=multistep-reaction%2F295eb515-db1c-569b-81ee-3303eb32949d&uriForGroup=substance%2Fpt%2F13154240%2Bsubstance%2Fpt%2F57701276-%3Esubstance%2Fpt%2F178905403%2Bsubstance%2Fpt%2F1881273331
52,1033,1,31-614-CAS-38305443,2,skipped,1,多产物反应，按当前课题规则跳过,https://scifinder-n.cas.org/search/reaction/6a58ba6462c3022ca7b601fb/52,https://scifinder-n.cas.org/navigate/?appId=ec50c0cc-7128-4b70-aa40-daa083d8252d&backKey=6a58ba6462c3022ca7b601fb&backToPage=52&cidValue=816&groupOrdinal=1033&groupViewContextIndicator=false&isFromAllResults=false&isFromAlternateReactionSteps=false&isFromReactionGroup=false&key=6a58ba6462c3022ca7b601fb&metricsOrdinal=1033&ordinal=1&resultType=reaction&resultView=DETAIL&state=searchDetail.reaction&suppressNavigation=false&uiContext=366&uiSubContext=551&uriForDetails=multistep-reaction%2F32aec68f-5aa7-559b-aded-3791225ef9f4&uriForGroup=substance%2Fpt%2F176299960%2Bsubstance%2Fpt%2F2995316384%2Bsubstance%2Fpt%2F2995316395-%3Esubstance%2Fpt%2F2995316420%2Bsubstance%2Fpt%2F2995316431
52,1034,1,31-614-CAS-34709603,2,skipped,1,多产物反应，按当前课题规则跳过,https://scifinder-n.cas.org/search/reaction/6a58ba6462c3022ca7b601fb/52,https://scifinder-n.cas.org/navigate/?appId=ec50c0cc-7128-4b70-aa40-daa083d8252d&backKey=6a58ba6462c3022ca7b601fb&backToPage=52&cidValue=816&groupOrdinal=1034&groupViewContextIndicator=false&isFromAllResults=false&isFromAlternateReactionSteps=false&isFromReactionGroup=false&key=6a58ba6462c3022ca7b601fb&metricsOrdinal=1034&ordinal=1&resultType=reaction&resultView=DETAIL&state=searchDetail.reaction&suppressNavigation=false&uiContext=366&uiSubContext=551&uriForDetails=multistep-reaction%2F37dcf6a5-947f-5158-841b-4ccd183dddf2&uriForGroup=substance%2Fpt%2F2850204203%2Bsubstance%2Fpt%2F69739340-%3Esubstance%2Fpt%2F2850204214%2Bsubstance%2Fpt%2F2850204269
52,1035,1,31-008-CAS-10509111,2,skipped,1,多产物反应，按当前课题规则跳过,https://scifinder-n.cas.org/search/reaction/6a58ba6462c3022ca7b601fb/52,https://scifinder-n.cas.org/navigate/?appId=ec50c0cc-7128-4b70-aa40-daa083d8252d&backKey=6a58ba6462c3022ca7b601fb&backToPage=52&cidValue=816&groupOrdinal=1035&groupViewContextIndicator=false&isFromAllResults=false&isFromAlternateReactionSteps=false&isFromReactionGroup=false&key=6a58ba6462c3022ca7b601fb&metricsOrdinal=1035&ordinal=1&resultType=reaction&resultView=DETAIL&state=searchDetail.reaction&suppressNavigation=false&uiContext=366&uiSubContext=551&uriForDetails=multistep-reaction%2F419841a1-fff7-540d-b422-e24414c17f58&uriForGroup=substance%2Fpt%2F107149564%2Bsubstance%2Fpt%2F869001934-%3Esubstance%2Fpt%2F869001956%2Bsubstance%2Fpt%2F869001978
52,1036,1,31-022-CAS-16180884,2,skipped,1,多产物反应，按当前课题规则跳过,https://scifinder-n.cas.org/search/reaction/6a58ba6462c3022ca7b601fb/52,https://scifinder-n.cas.org/navigate/?appId=ec50c0cc-7128-4b70-aa40-daa083d8252d&backKey=6a58ba6462c3022ca7b601fb&backToPage=52&cidValue=816&groupOrdinal=1036&groupViewContextIndicator=false&isFromAllResults=false&isFromAlternateReactionSteps=false&isFromReactionGroup=false&key=6a58ba6462c3022ca7b601fb&metricsOrdinal=1036&ordinal=1&resultType=reaction&resultView=DETAIL&state=searchDetail.reaction&suppressNavigation=false&uiContext=366&uiSubContext=551&uriForDetails=multistep-reaction%2F5a3d1e90-20c1-539a-92f0-06d5908d6b4f&uriForGroup=substance%2Fpt%2F1572181680%2Bsubstance%2Fpt%2F98599-%3Esubstance%2Fpt%2F1908463604%2Bsubstance%2Fpt%2F1908463637
52,1037,1,31-614-CAS-28556126,2,skipped,1,多产物反应，按当前课题规则跳过,https://scifinder-n.cas.org/search/reaction/6a58ba6462c3022ca7b601fb/52,https://scifinder-n.cas.org/navigate/?appId=ec50c0cc-7128-4b70-aa40-daa083d8252d&backKey=6a58ba6462c3022ca7b601fb&backToPage=52&cidValue=816&groupOrdinal=1037&groupViewContextIndicator=false&isFromAllResults=false&isFromAlternateReactionSteps=false&isFromReactionGroup=false&key=6a58ba6462c3022ca7b601fb&metricsOrdinal=1037&ordinal=1&resultType=reaction&resultView=DETAIL&state=searchDetail.reaction&suppressNavigation=false&uiContext=366&uiSubContext=551&uriForDetails=multistep-reaction%2F97a963d2-d8d5-5691-a73a-7a63ce2be9aa&uriForGroup=substance%2Fpt%2F613901%2Bsubstance%2Fpt%2F88825121-%3Esubstance%2Fpt%2F2520187920%2Bsubstance%2Fpt%2F2520187931
52,1037,2,31-614-CAS-30273326,2,skipped,1,多产物反应，按当前课题规则跳过,https://scifinder-n.cas.org/search/reaction/6a58ba6462c3022ca7b601fb/52,https://scifinder-n.cas.org/navigate/?appId=ec50c0cc-7128-4b70-aa40-daa083d8252d&backKey=6a58ba6462c3022ca7b601fb&backToPage=52&cidValue=816&groupOrdinal=1037&groupViewContextIndicator=false&isFromAllResults=false&isFromAlternateReactionSteps=false&isFromReactionGroup=false&key=6a58ba6462c3022ca7b601fb&metricsOrdinal=1037&ordinal=2&resultType=reaction&resultView=DETAIL&state=searchDetail.reaction&suppressNavigation=false&uiContext=366&uiSubContext=551&uriForDetails=multistep-reaction%2F86607ca7-1e64-523e-acf4-d69ff676289e&uriForGroup=substance%2Fpt%2F613901%2Bsubstance%2Fpt%2F88825121-%3Esubstance%2Fpt%2F2520187920%2Bsubstance%2Fpt%2F2520187931
52,1038,1,31-357-CAS-8606902,2,skipped,1,多产物反应，按当前课题规则跳过,https://scifinder-n.cas.org/search/reaction/6a58ba6462c3022ca7b601fb/52,https://scifinder-n.cas.org/navigate/?appId=ec50c0cc-7128-4b70-aa40-daa083d8252d&backKey=6a58ba6462c3022ca7b601fb&backToPage=52&cidValue=816&groupOrdinal=1038&groupViewContextIndicator=false&isFromAllResults=false&isFromAlternateReactionSteps=false&isFromReactionGroup=false&key=6a58ba6462c3022ca7b601fb&metricsOrdinal=1038&ordinal=1&resultType=reaction&resultView=DETAIL&state=searchDetail.reaction&suppressNavigation=false&uiContext=366&uiSubContext=551&uriForDetails=multistep-reaction%2Fe40a1d1c-69db-52e3-b586-a16a32fc7960&uriForGroup=substance%2Fpt%2F67858020%2Bsubstance%2Fpt%2F71117378-%3Esubstance%2Fpt%2F151914351%2Bsubstance%2Fpt%2F152005704
52,1039,1,31-008-CAS-20844186,2,skipped,1,多产物反应，按当前课题规则跳过,https://scifinder-n.cas.org/search/reaction/6a58ba6462c3022ca7b601fb/52,https://scifinder-n.cas.org/navigate/?appId=ec50c0cc-7128-4b70-aa40-daa083d8252d&backKey=6a58ba6462c3022ca7b601fb&backToPage=52&cidValue=816&groupOrdinal=1039&groupViewContextIndicator=false&isFromAllResults=false&isFromAlternateReactionSteps=false&isFromReactionGroup=false&key=6a58ba6462c3022ca7b601fb&metricsOrdinal=1039&ordinal=1&resultType=reaction&resultView=DETAIL&state=searchDetail.reaction&suppressNavigation=false&uiContext=366&uiSubContext=551&uriForDetails=multistep-reaction%2F3cd44e95-17c8-54ba-ac30-f45a88d482c8&uriForGroup=substance%2Fpt%2F1938142427%2Bsubstance%2Fpt%2F74884-%3Esubstance%2Fpt%2F2377216083%2Bsubstance%2Fpt%2F2377216094
52,1040,1,31-354-CAS-7915338,2,skipped,1,多产物反应，按当前课题规则跳过,https://scifinder-n.cas.org/search/reaction/6a58ba6462c3022ca7b601fb/52,https://scifinder-n.cas.org/navigate/?appId=ec50c0cc-7128-4b70-aa40-daa083d8252d&backKey=6a58ba6462c3022ca7b601fb&backToPage=52&cidValue=816&groupOrdinal=1040&groupViewContextIndicator=false&isFromAllResults=false&isFromAlternateReactionSteps=false&isFromReactionGroup=false&key=6a58ba6462c3022ca7b601fb&metricsOrdinal=1040&ordinal=1&resultType=reaction&resultView=DETAIL&state=searchDetail.reaction&suppressNavigation=false&uiContext=366&uiSubContext=551&uriForDetails=multistep-reaction%2F470366bf-78cf-5003-87e7-2b75bb3cfd17&uriForGroup=substance%2Fpt%2F244094959%2Bsubstance%2Fpt%2F98884-%3Esubstance%2Fpt%2F244094960%2Bsubstance%2Fpt%2F244094971
53,1041,1,31-355-CAS-16917841,2,skipped,1,多产物反应，按当前课题规则跳过,https://scifinder-n.cas.org/search/reaction/6a58ba6462c3022ca7b601fb/53,https://scifinder-n.cas.org/navigate/?appId=603a5215-a537-40df-a40f-62da7b1d7018&backKey=6a58ba6462c3022ca7b601fb&backToPage=53&cidValue=816&groupOrdinal=1041&groupViewContextIndicator=false&isFromAllResults=false&isFromAlternateReactionSteps=false&isFromReactionGroup=false&key=6a58ba6462c3022ca7b601fb&metricsOrdinal=1041&ordinal=1&resultType=reaction&resultView=DETAIL&state=searchDetail.reaction&suppressNavigation=false&uiContext=366&uiSubContext=551&uriForDetails=multistep-reaction%2F4b48c5ef-4e9d-5c96-ab08-2933e4d4a411&uriForGroup=substance%2Fpt%2F123626%2Bsubstance%2Fpt%2F127128523-%3Esubstance%2Fpt%2F2089250235%2Bsubstance%2Fpt%2F2089250246
53,1041,2,31-355-CAS-16917840,2,skipped,1,多产物反应，按当前课题规则跳过,https://scifinder-n.cas.org/search/reaction/6a58ba6462c3022ca7b601fb/53,https://scifinder-n.cas.org/navigate/?appId=603a5215-a537-40df-a40f-62da7b1d7018&backKey=6a58ba6462c3022ca7b601fb&backToPage=53&cidValue=816&groupOrdinal=1041&groupViewContextIndicator=false&isFromAllResults=false&isFromAlternateReactionSteps=false&isFromReactionGroup=false&key=6a58ba6462c3022ca7b601fb&metricsOrdinal=1041&ordinal=2&resultType=reaction&resultView=DETAIL&state=searchDetail.reaction&suppressNavigation=false&uiContext=366&uiSubContext=551&uriForDetails=multistep-reaction%2F408ff89e-87ea-5a36-922c-e50a518df905&uriForGroup=substance%2Fpt%2F123626%2Bsubstance%2Fpt%2F127128523-%3Esubstance%2Fpt%2F2089250235%2Bsubstance%2Fpt%2F2089250246
53,1042,1,31-014-CAS-22944287,2,skipped,1,多产物反应，按当前课题规则跳过,https://scifinder-n.cas.org/search/reaction/6a58ba6462c3022ca7b601fb/53,https://scifinder-n.cas.org/navigate/?appId=603a5215-a537-40df-a40f-62da7b1d7018&backKey=6a58ba6462c3022ca7b601fb&backToPage=53&cidValue=816&groupOrdinal=1042&groupViewContextIndicator=false&isFromAllResults=false&isFromAlternateReactionSteps=false&isFromReactionGroup=false&key=6a58ba6462c3022ca7b601fb&metricsOrdinal=1042&ordinal=1&resultType=reaction&resultView=DETAIL&state=searchDetail.reaction&suppressNavigation=false&uiContext=366&uiSubContext=551&uriForDetails=multistep-reaction%2F5933aa32-2c9c-5681-868a-5db28d392323&uriForGroup=substance%2Fpt%2F1567840747%2Bsubstance%2Fpt%2F74372900-%3Esubstance%2Fpt%2F2504033218%2Bsubstance%2Fpt%2F2504033229
53,1043,1,31-022-CAS-20448311,2,skipped,1,多产物反应，按当前课题规则跳过,https://scifinder-n.cas.org/search/reaction/6a58ba6462c3022ca7b601fb/53,https://scifinder-n.cas.org/navigate/?appId=603a5215-a537-40df-a40f-62da7b1d7018&backKey=6a58ba6462c3022ca7b601fb&backToPage=53&cidValue=816&groupOrdinal=1043&groupViewContextIndicator=false&isFromAllResults=false&isFromAlternateReactionSteps=false&isFromReactionGroup=false&key=6a58ba6462c3022ca7b601fb&metricsOrdinal=1043&ordinal=1&resultType=reaction&resultView=DETAIL&state=searchDetail.reaction&suppressNavigation=false&uiContext=366&uiSubContext=551&uriForDetails=multistep-reaction%2F18837540-705d-5f34-8a0a-467117213454&uriForGroup=substance%2Fpt%2F71117367%2Bsubstance%2Fpt%2F926309106-%3Esubstance%2Fpt%2F2365075950%2Bsubstance%2Fpt%2F2365075961
53,1043,2,31-022-CAS-20448310,2,skipped,1,多产物反应，按当前课题规则跳过,https://scifinder-n.cas.org/search/reaction/6a58ba6462c3022ca7b601fb/53,https://scifinder-n.cas.org/navigate/?appId=603a5215-a537-40df-a40f-62da7b1d7018&backKey=6a58ba6462c3022ca7b601fb&backToPage=53&cidValue=816&groupOrdinal=1043&groupViewContextIndicator=false&isFromAllResults=false&isFromAlternateReactionSteps=false&isFromReactionGroup=false&key=6a58ba6462c3022ca7b601fb&metricsOrdinal=1043&ordinal=2&resultType=reaction&resultView=DETAIL&state=searchDetail.reaction&suppressNavigation=false&uiContext=366&uiSubContext=551&uriForDetails=multistep-reaction%2F6cefe0a8-555d-5c05-89ce-7f0f8cec07de&uriForGroup=substance%2Fpt%2F71117367%2Bsubstance%2Fpt%2F926309106-%3Esubstance%2Fpt%2F2365075950%2Bsubstance%2Fpt%2F2365075961
53,1044,1,31-236-CAS-12501560,2,skipped,1,多产物反应，按当前课题规则跳过,https://scifinder-n.cas.org/search/reaction/6a58ba6462c3022ca7b601fb/53,https://scifinder-n.cas.org/navigate/?appId=603a5215-a537-40df-a40f-62da7b1d7018&backKey=6a58ba6462c3022ca7b601fb&backToPage=53&cidValue=816&groupOrdinal=1044&groupViewContextIndicator=false&isFromAllResults=false&isFromAlternateReactionSteps=false&isFromReactionGroup=false&key=6a58ba6462c3022ca7b601fb&metricsOrdinal=1044&ordinal=1&resultType=reaction&resultView=DETAIL&state=searchDetail.reaction&suppressNavigation=false&uiContext=366&uiSubContext=551&uriForDetails=multistep-reaction%2F36f3f14b-b3c2-5ec6-9012-d673731f73c5&uriForGroup=substance%2Fpt%2F1532548132%2Bsubstance%2Fpt%2F931577-%3Esubstance%2Fpt%2F1532548563%2Bsubstance%2Fpt%2F1532548574
53,1044,2,31-614-CAS-31197354,2,skipped,1,多产物反应，按当前课题规则跳过,https://scifinder-n.cas.org/search/reaction/6a58ba6462c3022ca7b601fb/53,https://scifinder-n.cas.org/navigate/?appId=603a5215-a537-40df-a40f-62da7b1d7018&backKey=6a58ba6462c3022ca7b601fb&backToPage=53&cidValue=816&groupOrdinal=1044&groupViewContextIndicator=false&isFromAllResults=false&isFromAlternateReactionSteps=false&isFromReactionGroup=false&key=6a58ba6462c3022ca7b601fb&metricsOrdinal=1044&ordinal=2&resultType=reaction&resultView=DETAIL&state=searchDetail.reaction&suppressNavigation=false&uiContext=366&uiSubContext=551&uriForDetails=multistep-reaction%2F6174da6a-46a6-5310-9f45-97fa60f72e16&uriForGroup=substance%2Fpt%2F1532548132%2Bsubstance%2Fpt%2F931577-%3Esubstance%2Fpt%2F1532548563%2Bsubstance%2Fpt%2F1532548574
53,1044,3,31-614-CAS-31447648,2,skipped,1,多产物反应，按当前课题规则跳过,https://scifinder-n.cas.org/search/reaction/6a58ba6462c3022ca7b601fb/53,https://scifinder-n.cas.org/navigate/?appId=603a5215-a537-40df-a40f-62da7b1d7018&backKey=6a58ba6462c3022ca7b601fb&backToPage=53&cidValue=816&groupOrdinal=1044&groupViewContextIndicator=false&isFromAllResults=false&isFromAlternateReactionSteps=false&isFromReactionGroup=false&key=6a58ba6462c3022ca7b601fb&metricsOrdinal=1044&ordinal=3&resultType=reaction&resultView=DETAIL&state=searchDetail.reaction&suppressNavigation=false&uiContext=366&uiSubContext=551&uriForDetails=multistep-reaction%2F142cfcb9-d093-5e09-a1cc-ab62db0508df&uriForGroup=substance%2Fpt%2F1532548132%2Bsubstance%2Fpt%2F931577-%3Esubstance%2Fpt%2F1532548563%2Bsubstance%2Fpt%2F1532548574
53,1044,4,31-236-CAS-3384115,2,skipped,1,多产物反应，按当前课题规则跳过,https://scifinder-n.cas.org/search/reaction/6a58ba6462c3022ca7b601fb/53,https://scifinder-n.cas.org/navigate/?appId=603a5215-a537-40df-a40f-62da7b1d7018&backKey=6a58ba6462c3022ca7b601fb&backToPage=53&cidValue=816&groupOrdinal=1044&groupViewContextIndicator=false&isFromAllResults=false&isFromAlternateReactionSteps=false&isFromReactionGroup=false&key=6a58ba6462c3022ca7b601fb&metricsOrdinal=1044&ordinal=4&resultType=reaction&resultView=DETAIL&state=searchDetail.reaction&suppressNavigation=false&uiContext=366&uiSubContext=551&uriForDetails=multistep-reaction%2Fd1a3d5cb-f290-5dbf-8027-871e82143182&uriForGroup=substance%2Fpt%2F1532548132%2Bsubstance%2Fpt%2F931577-%3Esubstance%2Fpt%2F1532548563%2Bsubstance%2Fpt%2F1532548574
53,1045,1,31-614-CAS-31197366,2,skipped,1,多产物反应，按当前课题规则跳过,https://scifinder-n.cas.org/search/reaction/6a58ba6462c3022ca7b601fb/53,https://scifinder-n.cas.org/navigate/?appId=603a5215-a537-40df-a40f-62da7b1d7018&backKey=6a58ba6462c3022ca7b601fb&backToPage=53&cidValue=816&groupOrdinal=1045&groupViewContextIndicator=false&isFromAllResults=false&isFromAlternateReactionSteps=false&isFromReactionGroup=false&key=6a58ba6462c3022ca7b601fb&metricsOrdinal=1045&ordinal=1&resultType=reaction&resultView=DETAIL&state=searchDetail.reaction&suppressNavigation=false&uiContext=366&uiSubContext=551&uriForDetails=multistep-reaction%2F1cdec4bf-8bf1-5133-96a8-eb3e372b0ef5&uriForGroup=substance%2Fpt%2F116110%2Bsubstance%2Fpt%2F1532548110-%3Esubstance%2Fpt%2F1532548461%2Bsubstance%2Fpt%2F1532548472
53,1045,2,31-236-CAS-4406630,2,skipped,1,多产物反应，按当前课题规则跳过,https://scifinder-n.cas.org/search/reaction/6a58ba6462c3022ca7b601fb/53,https://scifinder-n.cas.org/navigate/?appId=603a5215-a537-40df-a40f-62da7b1d7018&backKey=6a58ba6462c3022ca7b601fb&backToPage=53&cidValue=816&groupOrdinal=1045&groupViewContextIndicator=false&isFromAllResults=false&isFromAlternateReactionSteps=false&isFromReactionGroup=false&key=6a58ba6462c3022ca7b601fb&metricsOrdinal=1045&ordinal=2&resultType=reaction&resultView=DETAIL&state=searchDetail.reaction&suppressNavigation=false&uiContext=366&uiSubContext=551&uriForDetails=multistep-reaction%2Fd366a6d5-1389-5643-9cd9-adf546c4f83d&uriForGroup=substance%2Fpt%2F116110%2Bsubstance%2Fpt%2F1532548110-%3Esubstance%2Fpt%2F1532548461%2Bsubstance%2Fpt%2F1532548472
53,1045,3,31-236-CAS-12844534,2,skipped,1,多产物反应，按当前课题规则跳过,https://scifinder-n.cas.org/search/reaction/6a58ba6462c3022ca7b601fb/53,https://scifinder-n.cas.org/navigate/?appId=603a5215-a537-40df-a40f-62da7b1d7018&backKey=6a58ba6462c3022ca7b601fb&backToPage=53&cidValue=816&groupOrdinal=1045&groupViewContextIndicator=false&isFromAllResults=false&isFromAlternateReactionSteps=false&isFromReactionGroup=false&key=6a58ba6462c3022ca7b601fb&metricsOrdinal=1045&ordinal=3&resultType=reaction&resultView=DETAIL&state=searchDetail.reaction&suppressNavigation=false&uiContext=366&uiSubContext=551&uriForDetails=multistep-reaction%2F51df59b7-9334-53b5-85e0-ab5de664271d&uriForGroup=substance%2Fpt%2F116110%2Bsubstance%2Fpt%2F1532548110-%3Esubstance%2Fpt%2F1532548461%2Bsubstance%2Fpt%2F1532548472
53,1045,4,31-614-CAS-31447664,2,skipped,1,多产物反应，按当前课题规则跳过,https://scifinder-n.cas.org/search/reaction/6a58ba6462c3022ca7b601fb/53,https://scifinder-n.cas.org/navigate/?appId=603a5215-a537-40df-a40f-62da7b1d7018&backKey=6a58ba6462c3022ca7b601fb&backToPage=53&cidValue=816&groupOrdinal=1045&groupViewContextIndicator=false&isFromAllResults=false&isFromAlternateReactionSteps=false&isFromReactionGroup=false&key=6a58ba6462c3022ca7b601fb&metricsOrdinal=1045&ordinal=4&resultType=reaction&resultView=DETAIL&state=searchDetail.reaction&suppressNavigation=false&uiContext=366&uiSubContext=551&uriForDetails=multistep-reaction%2F5e71709d-9186-559c-b6d9-d4b29a641ee4&uriForGroup=substance%2Fpt%2F116110%2Bsubstance%2Fpt%2F1532548110-%3Esubstance%2Fpt%2F1532548461%2Bsubstance%2Fpt%2F1532548472
53,1046,1,31-008-CAS-21761433,2,skipped,1,多产物反应，按当前课题规则跳过,https://scifinder-n.cas.org/search/reaction/6a58ba6462c3022ca7b601fb/53,https://scifinder-n.cas.org/navigate/?appId=603a5215-a537-40df-a40f-62da7b1d7018&backKey=6a58ba6462c3022ca7b601fb&backToPage=53&cidValue=816&groupOrdinal=1046&groupViewContextIndicator=false&isFromAllResults=false&isFromAlternateReactionSteps=false&isFromReactionGroup=false&key=6a58ba6462c3022ca7b601fb&metricsOrdinal=1046&ordinal=1&resultType=reaction&resultView=DETAIL&state=searchDetail.reaction&suppressNavigation=false&uiContext=366&uiSubContext=551&uriForDetails=multistep-reaction%2F02a50075-1250-558c-8ec0-e1ae78ef863b&uriForGroup=substance%2Fpt%2F2407729159%2Bsubstance%2Fpt%2F939264-%3Esubstance%2Fpt%2F2407729160%2Bsubstance%2Fpt%2F2413194166
53,1047,1,31-614-CAS-26018021,2,skipped,1,多产物反应，按当前课题规则跳过,https://scifinder-n.cas.org/search/reaction/6a58ba6462c3022ca7b601fb/53,https://scifinder-n.cas.org/navigate/?appId=603a5215-a537-40df-a40f-62da7b1d7018&backKey=6a58ba6462c3022ca7b601fb&backToPage=53&cidValue=816&groupOrdinal=1047&groupViewContextIndicator=false&isFromAllResults=false&isFromAlternateReactionSteps=false&isFromReactionGroup=false&key=6a58ba6462c3022ca7b601fb&metricsOrdinal=1047&ordinal=1&resultType=reaction&resultView=DETAIL&state=searchDetail.reaction&suppressNavigation=false&uiContext=366&uiSubContext=551&uriForDetails=multistep-reaction%2F24576104-786e-5a52-9a7a-9836af889b95&uriForGroup=substance%2Fpt%2F2520187806%2Bsubstance%2Fpt%2F613901-%3Esubstance%2Fpt%2F2520188036%2Bsubstance%2Fpt%2F2520188058
53,1047,2,31-614-CAS-30016768,2,skipped,1,多产物反应，按当前课题规则跳过,https://scifinder-n.cas.org/search/reaction/6a58ba6462c3022ca7b601fb/53,https://scifinder-n.cas.org/navigate/?appId=603a5215-a537-40df-a40f-62da7b1d7018&backKey=6a58ba6462c3022ca7b601fb&backToPage=53&cidValue=816&groupOrdinal=1047&groupViewContextIndicator=false&isFromAllResults=false&isFromAlternateReactionSteps=false&isFromReactionGroup=false&key=6a58ba6462c3022ca7b601fb&metricsOrdinal=1047&ordinal=2&resultType=reaction&resultView=DETAIL&state=searchDetail.reaction&suppressNavigation=false&uiContext=366&uiSubContext=551&uriForDetails=multistep-reaction%2Fbe486d54-bc00-5f56-96b0-20c6f9538773&uriForGroup=substance%2Fpt%2F2520187806%2Bsubstance%2Fpt%2F613901-%3Esubstance%2Fpt%2F2520188036%2Bsubstance%2Fpt%2F2520188058
53,1048,1,31-354-CAS-2744604,2,skipped,1,多产物反应，按当前课题规则跳过,https://scifinder-n.cas.org/search/reaction/6a58ba6462c3022ca7b601fb/53,https://scifinder-n.cas.org/navigate/?appId=603a5215-a537-40df-a40f-62da7b1d7018&backKey=6a58ba6462c3022ca7b601fb&backToPage=53&cidValue=816&groupOrdinal=1048&groupViewContextIndicator=false&isFromAllResults=false&isFromAlternateReactionSteps=false&isFromReactionGroup=false&key=6a58ba6462c3022ca7b601fb&metricsOrdinal=1048&ordinal=1&resultType=reaction&resultView=DETAIL&state=searchDetail.reaction&suppressNavigation=false&uiContext=366&uiSubContext=551&uriForDetails=multistep-reaction%2Fe35d6efa-2b2b-5c48-be34-99b4d7fbc21d&uriForGroup=substance%2Fpt%2F71117367%2Bsubstance%2Fpt%2F75365-%3Esubstance%2Fpt%2F1346111452%2Bsubstance%2Fpt%2F756897526
53,1049,1,31-008-CAS-8233865,2,skipped,1,多产物反应，按当前课题规则跳过,https://scifinder-n.cas.org/search/reaction/6a58ba6462c3022ca7b601fb/53,https://scifinder-n.cas.org/navigate/?appId=603a5215-a537-40df-a40f-62da7b1d7018&backKey=6a58ba6462c3022ca7b601fb&backToPage=53&cidValue=816&groupOrdinal=1049&groupViewContextIndicator=false&isFromAllResults=false&isFromAlternateReactionSteps=false&isFromReactionGroup=false&key=6a58ba6462c3022ca7b601fb&metricsOrdinal=1049&ordinal=1&resultType=reaction&resultView=DETAIL&state=searchDetail.reaction&suppressNavigation=false&uiContext=366&uiSubContext=551&uriForDetails=multistep-reaction%2F08a3fe68-5adc-5c3d-aa96-521246728779&uriForGroup=substance%2Fpt%2F106956%2Bsubstance%2Fpt%2F127128523-%3Esubstance%2Fpt%2F127072906%2Bsubstance%2Fpt%2F127099609
53,1050,1,31-008-CAS-2887450,2,skipped,1,多产物反应，按当前课题规则跳过,https://scifinder-n.cas.org/search/reaction/6a58ba6462c3022ca7b601fb/53,https://scifinder-n.cas.org/navigate/?appId=603a5215-a537-40df-a40f-62da7b1d7018&backKey=6a58ba6462c3022ca7b601fb&backToPage=53&cidValue=816&groupOrdinal=1050&groupViewContextIndicator=false&isFromAllResults=false&isFromAlternateReactionSteps=false&isFromReactionGroup=false&key=6a58ba6462c3022ca7b601fb&metricsOrdinal=1050&ordinal=1&resultType=reaction&resultView=DETAIL&state=searchDetail.reaction&suppressNavigation=false&uiContext=366&uiSubContext=551&uriForDetails=multistep-reaction%2Fb61b21b3-9f4c-5ab2-a75c-eb34d3abd49f&uriForGroup=substance%2Fpt%2F100390%2Bsubstance%2Fpt%2F115678121-%3Esubstance%2Fpt%2F115678132%2Bsubstance%2Fpt%2F120255405
53,1051,1,31-008-CAS-4620321,2,skipped,1,多产物反应，按当前课题规则跳过,https://scifinder-n.cas.org/search/reaction/6a58ba6462c3022ca7b601fb/53,https://scifinder-n.cas.org/navigate/?appId=603a5215-a537-40df-a40f-62da7b1d7018&backKey=6a58ba6462c3022ca7b601fb&backToPage=53&cidValue=816&groupOrdinal=1051&groupViewContextIndicator=false&isFromAllResults=false&isFromAlternateReactionSteps=false&isFromReactionGroup=false&key=6a58ba6462c3022ca7b601fb&metricsOrdinal=1051&ordinal=1&resultType=reaction&resultView=DETAIL&state=searchDetail.reaction&suppressNavigation=false&uiContext=366&uiSubContext=551&uriForDetails=multistep-reaction%2Fc77294cb-76f4-54c0-95cd-b431ee98197d&uriForGroup=substance%2Fpt%2F100390%2Bsubstance%2Fpt%2F25019696-%3Esubstance%2Fpt%2F69558072%2Bsubstance%2Fpt%2F69850471
53,1052,1,31-355-CAS-20441442,2,skipped,1,多产物反应，按当前课题规则跳过,https://scifinder-n.cas.org/search/reaction/6a58ba6462c3022ca7b601fb/53,https://scifinder-n.cas.org/navigate/?appId=603a5215-a537-40df-a40f-62da7b1d7018&backKey=6a58ba6462c3022ca7b601fb&backToPage=53&cidValue=816&groupOrdinal=1052&groupViewContextIndicator=false&isFromAllResults=false&isFromAlternateReactionSteps=false&isFromReactionGroup=false&key=6a58ba6462c3022ca7b601fb&metricsOrdinal=1052&ordinal=1&resultType=reaction&resultView=DETAIL&state=searchDetail.reaction&suppressNavigation=false&uiContext=366&uiSubContext=551&uriForDetails=multistep-reaction%2F863dc311-506c-5745-a749-77d769e64026&uriForGroup=substance%2Fpt%2F108247%2Bsubstance%2Fpt%2F57701276-%3Esubstance%2Fpt%2F104321100%2Bsubstance%2Fpt%2F107657078
53,1052,2,31-355-CAS-4878821,2,skipped,1,多产物反应，按当前课题规则跳过,https://scifinder-n.cas.org/search/reaction/6a58ba6462c3022ca7b601fb/53,https://scifinder-n.cas.org/navigate/?appId=603a5215-a537-40df-a40f-62da7b1d7018&backKey=6a58ba6462c3022ca7b601fb&backToPage=53&cidValue=816&groupOrdinal=1052&groupViewContextIndicator=false&isFromAllResults=false&isFromAlternateReactionSteps=false&isFromReactionGroup=false&key=6a58ba6462c3022ca7b601fb&metricsOrdinal=1052&ordinal=2&resultType=reaction&resultView=DETAIL&state=searchDetail.reaction&suppressNavigation=false&uiContext=366&uiSubContext=551&uriForDetails=multistep-reaction%2F74138a76-fd98-54ca-9209-e5e206ebae0d&uriForGroup=substance%2Fpt%2F108247%2Bsubstance%2Fpt%2F57701276-%3Esubstance%2Fpt%2F104321100%2Bsubstance%2Fpt%2F107657078
53,1052,3,31-355-CAS-19324249,2,skipped,1,多产物反应，按当前课题规则跳过,https://scifinder-n.cas.org/search/reaction/6a58ba6462c3022ca7b601fb/53,https://scifinder-n.cas.org/navigate/?appId=603a5215-a537-40df-a40f-62da7b1d7018&backKey=6a58ba6462c3022ca7b601fb&backToPage=53&cidValue=816&groupOrdinal=1052&groupViewContextIndicator=false&isFromAllResults=false&isFromAlternateReactionSteps=false&isFromReactionGroup=false&key=6a58ba6462c3022ca7b601fb&metricsOrdinal=1052&ordinal=3&resultType=reaction&resultView=DETAIL&state=searchDetail.reaction&suppressNavigation=false&uiContext=366&uiSubContext=551&uriForDetails=multistep-reaction%2F6632260d-34aa-5722-971d-a31ed5bfdd66&uriForGroup=substance%2Fpt%2F108247%2Bsubstance%2Fpt%2F57701276-%3Esubstance%2Fpt%2F104321100%2Bsubstance%2Fpt%2F107657078
53,1052,4,31-355-CAS-12480198,2,skipped,1,多产物反应，按当前课题规则跳过,https://scifinder-n.cas.org/search/reaction/6a58ba6462c3022ca7b601fb/53,https://scifinder-n.cas.org/navigate/?appId=603a5215-a537-40df-a40f-62da7b1d7018&backKey=6a58ba6462c3022ca7b601fb&backToPage=53&cidValue=816&groupOrdinal=1052&groupViewContextIndicator=false&isFromAllResults=false&isFromAlternateReactionSteps=false&isFromReactionGroup=false&key=6a58ba6462c3022ca7b601fb&metricsOrdinal=1052&ordinal=4&resultType=reaction&resultView=DETAIL&state=searchDetail.reaction&suppressNavigation=false&uiContext=366&uiSubContext=551&uriForDetails=multistep-reaction%2F70519a04-3242-539e-8b28-c99363670c61&uriForGroup=substance%2Fpt%2F108247%2Bsubstance%2Fpt%2F57701276-%3Esubstance%2Fpt%2F104321100%2Bsubstance%2Fpt%2F107657078
53,1052,5,31-355-CAS-10361041,2,skipped,1,多产物反应，按当前课题规则跳过,https://scifinder-n.cas.org/search/reaction/6a58ba6462c3022ca7b601fb/53,https://scifinder-n.cas.org/navigate/?appId=603a5215-a537-40df-a40f-62da7b1d7018&backKey=6a58ba6462c3022ca7b601fb&backToPage=53&cidValue=816&groupOrdinal=1052&groupViewContextIndicator=false&isFromAllResults=false&isFromAlternateReactionSteps=false&isFromReactionGroup=false&key=6a58ba6462c3022ca7b601fb&metricsOrdinal=1052&ordinal=5&resultType=reaction&resultView=DETAIL&state=searchDetail.reaction&suppressNavigation=false&uiContext=366&uiSubContext=551&uriForDetails=multistep-reaction%2Fc9037680-4ac4-51b8-930f-10914c190674&uriForGroup=substance%2Fpt%2F108247%2Bsubstance%2Fpt%2F57701276-%3Esubstance%2Fpt%2F104321100%2Bsubstance%2Fpt%2F107657078
53,1053,1,31-357-CAS-22202967,2,skipped,1,多产物反应，按当前课题规则跳过,https://scifinder-n.cas.org/search/reaction/6a58ba6462c3022ca7b601fb/53,https://scifinder-n.cas.org/navigate/?appId=603a5215-a537-40df-a40f-62da7b1d7018&backKey=6a58ba6462c3022ca7b601fb&backToPage=53&cidValue=816&groupOrdinal=1053&groupViewContextIndicator=false&isFromAllResults=false&isFromAlternateReactionSteps=false&isFromReactionGroup=false&key=6a58ba6462c3022ca7b601fb&metricsOrdinal=1053&ordinal=1&resultType=reaction&resultView=DETAIL&state=searchDetail.reaction&suppressNavigation=false&uiContext=366&uiSubContext=551&uriForDetails=multistep-reaction%2F39665a57-05a2-55f1-8631-c4a8bc3b0c34&uriForGroup=substance%2Fpt%2F197916044-%3Esubstance%2Fpt%2F180782814%2Bsubstance%2Fpt%2F197853502
53,1054,1,31-354-CAS-12165875,2,skipped,1,多产物反应，按当前课题规则跳过,https://scifinder-n.cas.org/search/reaction/6a58ba6462c3022ca7b601fb/53,https://scifinder-n.cas.org/navigate/?appId=603a5215-a537-40df-a40f-62da7b1d7018&backKey=6a58ba6462c3022ca7b601fb&backToPage=53&cidValue=816&groupOrdinal=1054&groupViewContextIndicator=false&isFromAllResults=false&isFromAlternateReactionSteps=false&isFromReactionGroup=false&key=6a58ba6462c3022ca7b601fb&metricsOrdinal=1054&ordinal=1&resultType=reaction&resultView=DETAIL&state=searchDetail.reaction&suppressNavigation=false&uiContext=366&uiSubContext=551&uriForDetails=multistep-reaction%2F4fc056a6-07de-5bd6-81dc-6763e83b1f90&uriForGroup=substance%2Fpt%2F219518191%2Bsubstance%2Fpt%2F75365-%3Esubstance%2Fpt%2F755002529%2Bsubstance%2Fpt%2F755002585
53,1055,1,31-355-CAS-6884001,2,skipped,1,多产物反应，按当前课题规则跳过,https://scifinder-n.cas.org/search/reaction/6a58ba6462c3022ca7b601fb/53,https://scifinder-n.cas.org/navigate/?appId=603a5215-a537-40df-a40f-62da7b1d7018&backKey=6a58ba6462c3022ca7b601fb&backToPage=53&cidValue=816&groupOrdinal=1055&groupViewContextIndicator=false&isFromAllResults=false&isFromAlternateReactionSteps=false&isFromReactionGroup=false&key=6a58ba6462c3022ca7b601fb&metricsOrdinal=1055&ordinal=1&resultType=reaction&resultView=DETAIL&state=searchDetail.reaction&suppressNavigation=false&uiContext=366&uiSubContext=551&uriForDetails=multistep-reaction%2Fb3af92c7-d63e-5627-a23a-243887093191&uriForGroup=substance%2Fpt%2F108247%2Bsubstance%2Fpt%2F71117367-%3Esubstance%2Fpt%2F1346111452%2Bsubstance%2Fpt%2F756897526
53,1055,2,31-355-CAS-3396648,2,skipped,1,多产物反应，按当前课题规则跳过,https://scifinder-n.cas.org/search/reaction/6a58ba6462c3022ca7b601fb/53,https://scifinder-n.cas.org/navigate/?appId=603a5215-a537-40df-a40f-62da7b1d7018&backKey=6a58ba6462c3022ca7b601fb&backToPage=53&cidValue=816&groupOrdinal=1055&groupViewContextIndicator=false&isFromAllResults=false&isFromAlternateReactionSteps=false&isFromReactionGroup=false&key=6a58ba6462c3022ca7b601fb&metricsOrdinal=1055&ordinal=2&resultType=reaction&resultView=DETAIL&state=searchDetail.reaction&suppressNavigation=false&uiContext=366&uiSubContext=551&uriForDetails=multistep-reaction%2Fdbd71738-9079-5d0b-896f-fbf0cf7733bc&uriForGroup=substance%2Fpt%2F108247%2Bsubstance%2Fpt%2F71117367-%3Esubstance%2Fpt%2F1346111452%2Bsubstance%2Fpt%2F756897526
53,1056,1,31-614-CAS-28678049,2,skipped,1,多产物反应，按当前课题规则跳过,https://scifinder-n.cas.org/search/reaction/6a58ba6462c3022ca7b601fb/53,https://scifinder-n.cas.org/navigate/?appId=603a5215-a537-40df-a40f-62da7b1d7018&backKey=6a58ba6462c3022ca7b601fb&backToPage=53&cidValue=816&groupOrdinal=1056&groupViewContextIndicator=false&isFromAllResults=false&isFromAlternateReactionSteps=false&isFromReactionGroup=false&key=6a58ba6462c3022ca7b601fb&metricsOrdinal=1056&ordinal=1&resultType=reaction&resultView=DETAIL&state=searchDetail.reaction&suppressNavigation=false&uiContext=366&uiSubContext=551&uriForDetails=multistep-reaction%2F028c2c83-f839-5744-b802-59cf808b9e85&uriForGroup=substance%2Fpt%2F35780768%2Bsubstance%2Fpt%2F613901-%3Esubstance%2Fpt%2F2520187873%2Bsubstance%2Fpt%2F2520187895
53,1056,2,31-614-CAS-30395402,2,skipped,1,多产物反应，按当前课题规则跳过,https://scifinder-n.cas.org/search/reaction/6a58ba6462c3022ca7b601fb/53,https://scifinder-n.cas.org/navigate/?appId=603a5215-a537-40df-a40f-62da7b1d7018&backKey=6a58ba6462c3022ca7b601fb&backToPage=53&cidValue=816&groupOrdinal=1056&groupViewContextIndicator=false&isFromAllResults=false&isFromAlternateReactionSteps=false&isFromReactionGroup=false&key=6a58ba6462c3022ca7b601fb&metricsOrdinal=1056&ordinal=2&resultType=reaction&resultView=DETAIL&state=searchDetail.reaction&suppressNavigation=false&uiContext=366&uiSubContext=551&uriForDetails=multistep-reaction%2Feb206904-0577-51ab-9604-6832d3466e47&uriForGroup=substance%2Fpt%2F35780768%2Bsubstance%2Fpt%2F613901-%3Esubstance%2Fpt%2F2520187873%2Bsubstance%2Fpt%2F2520187895
53,1057,1,31-356-CAS-20333549,2,skipped,1,多产物反应，按当前课题规则跳过,https://scifinder-n.cas.org/search/reaction/6a58ba6462c3022ca7b601fb/53,https://scifinder-n.cas.org/navigate/?appId=603a5215-a537-40df-a40f-62da7b1d7018&backKey=6a58ba6462c3022ca7b601fb&backToPage=53&cidValue=816&groupOrdinal=1057&groupViewContextIndicator=false&isFromAllResults=false&isFromAlternateReactionSteps=false&isFromReactionGroup=false&key=6a58ba6462c3022ca7b601fb&metricsOrdinal=1057&ordinal=1&resultType=reaction&resultView=DETAIL&state=searchDetail.reaction&suppressNavigation=false&uiContext=366&uiSubContext=551&uriForDetails=multistep-reaction%2Ffb6f2cf2-f50b-533c-bfaf-87f14e661eac&uriForGroup=substance%2Fpt%2F2360936929%2Bsubstance%2Fpt%2F591800-%3Esubstance%2Fpt%2F2360937159%2Bsubstance%2Fpt%2F2360937160
53,1058,1,31-008-CAS-107518,2,skipped,1,多产物反应，按当前课题规则跳过,https://scifinder-n.cas.org/search/reaction/6a58ba6462c3022ca7b601fb/53,https://scifinder-n.cas.org/navigate/?appId=603a5215-a537-40df-a40f-62da7b1d7018&backKey=6a58ba6462c3022ca7b601fb&backToPage=53&cidValue=816&groupOrdinal=1058&groupViewContextIndicator=false&isFromAllResults=false&isFromAlternateReactionSteps=false&isFromReactionGroup=false&key=6a58ba6462c3022ca7b601fb&metricsOrdinal=1058&ordinal=1&resultType=reaction&resultView=DETAIL&state=searchDetail.reaction&suppressNavigation=false&uiContext=366&uiSubContext=551&uriForDetails=multistep-reaction%2Faaf9abe5-7156-542a-be62-31d361cee07c&uriForGroup=substance%2Fpt%2F100447%2Bsubstance%2Fpt%2F127875187-%3Esubstance%2Fpt%2F127875018%2Bsubstance%2Fpt%2F127875063
53,1059,1,31-022-CAS-3644297,2,skipped,1,多产物反应，按当前课题规则跳过,https://scifinder-n.cas.org/search/reaction/6a58ba6462c3022ca7b601fb/53,https://scifinder-n.cas.org/navigate/?appId=603a5215-a537-40df-a40f-62da7b1d7018&backKey=6a58ba6462c3022ca7b601fb&backToPage=53&cidValue=816&groupOrdinal=1059&groupViewContextIndicator=false&isFromAllResults=false&isFromAlternateReactionSteps=false&isFromReactionGroup=false&key=6a58ba6462c3022ca7b601fb&metricsOrdinal=1059&ordinal=1&resultType=reaction&resultView=DETAIL&state=searchDetail.reaction&suppressNavigation=false&uiContext=366&uiSubContext=551&uriForDetails=multistep-reaction%2F462b426d-a853-5a6b-a4a6-faae1c34fdc3&uriForGroup=substance%2Fpt%2F64552063%2Bsubstance%2Fpt%2F98599-%3Esubstance%2Fpt%2F86420679%2Bsubstance%2Fpt%2F86420680
53,1060,1,31-008-CAS-9702307,2,skipped,1,多产物反应，按当前课题规则跳过,https://scifinder-n.cas.org/search/reaction/6a58ba6462c3022ca7b601fb/53,https://scifinder-n.cas.org/navigate/?appId=603a5215-a537-40df-a40f-62da7b1d7018&backKey=6a58ba6462c3022ca7b601fb&backToPage=53&cidValue=816&groupOrdinal=1060&groupViewContextIndicator=false&isFromAllResults=false&isFromAlternateReactionSteps=false&isFromReactionGroup=false&key=6a58ba6462c3022ca7b601fb&metricsOrdinal=1060&ordinal=1&resultType=reaction&resultView=DETAIL&state=searchDetail.reaction&suppressNavigation=false&uiContext=366&uiSubContext=551&uriForDetails=multistep-reaction%2F317bbddd-557c-5126-b814-0368d0bd2324&uriForGroup=substance%2Fpt%2F100390%2Bsubstance%2Fpt%2F71117367-%3Esubstance%2Fpt%2F108739919%2Bsubstance%2Fpt%2F108739920
53,1060,2,31-008-CAS-14076582,2,skipped,1,多产物反应，按当前课题规则跳过,https://scifinder-n.cas.org/search/reaction/6a58ba6462c3022ca7b601fb/53,https://scifinder-n.cas.org/navigate/?appId=603a5215-a537-40df-a40f-62da7b1d7018&backKey=6a58ba6462c3022ca7b601fb&backToPage=53&cidValue=816&groupOrdinal=1060&groupViewContextIndicator=false&isFromAllResults=false&isFromAlternateReactionSteps=false&isFromReactionGroup=false&key=6a58ba6462c3022ca7b601fb&metricsOrdinal=1060&ordinal=2&resultType=reaction&resultView=DETAIL&state=searchDetail.reaction&suppressNavigation=false&uiContext=366&uiSubContext=551&uriForDetails=multistep-reaction%2F95c91582-680e-5bdd-a3b3-7da145923c59&uriForGroup=substance%2Fpt%2F100390%2Bsubstance%2Fpt%2F71117367-%3Esubstance%2Fpt%2F108739919%2Bsubstance%2Fpt%2F108739920
53,1060,3,31-008-CAS-5170840,2,skipped,1,多产物反应，按当前课题规则跳过,https://scifinder-n.cas.org/search/reaction/6a58ba6462c3022ca7b601fb/53,https://scifinder-n.cas.org/navigate/?appId=603a5215-a537-40df-a40f-62da7b1d7018&backKey=6a58ba6462c3022ca7b601fb&backToPage=53&cidValue=816&groupOrdinal=1060&groupViewContextIndicator=false&isFromAllResults=false&isFromAlternateReactionSteps=false&isFromReactionGroup=false&key=6a58ba6462c3022ca7b601fb&metricsOrdinal=1060&ordinal=3&resultType=reaction&resultView=DETAIL&state=searchDetail.reaction&suppressNavigation=false&uiContext=366&uiSubContext=551&uriForDetails=multistep-reaction%2F3dfb400c-ca46-5057-bb4d-f500a31feb08&uriForGroup=substance%2Fpt%2F100390%2Bsubstance%2Fpt%2F71117367-%3Esubstance%2Fpt%2F108739919%2Bsubstance%2Fpt%2F108739920
53,1060,4,31-614-CAS-35071301,2,skipped,1,多产物反应，按当前课题规则跳过,https://scifinder-n.cas.org/search/reaction/6a58ba6462c3022ca7b601fb/53,https://scifinder-n.cas.org/navigate/?appId=603a5215-a537-40df-a40f-62da7b1d7018&backKey=6a58ba6462c3022ca7b601fb&backToPage=53&cidValue=816&groupOrdinal=1060&groupViewContextIndicator=false&isFromAllResults=false&isFromAlternateReactionSteps=false&isFromReactionGroup=false&key=6a58ba6462c3022ca7b601fb&metricsOrdinal=1060&ordinal=4&resultType=reaction&resultView=DETAIL&state=searchDetail.reaction&suppressNavigation=false&uiContext=366&uiSubContext=551&uriForDetails=multistep-reaction%2F374156c3-cfc4-5c57-bae7-b2f5f49a76aa&uriForGroup=substance%2Fpt%2F100390%2Bsubstance%2Fpt%2F71117367-%3Esubstance%2Fpt%2F108739919%2Bsubstance%2Fpt%2F108739920
53,1060,5,31-008-CAS-17966889,2,skipped,1,多产物反应，按当前课题规则跳过,https://scifinder-n.cas.org/search/reaction/6a58ba6462c3022ca7b601fb/53,https://scifinder-n.cas.org/navigate/?appId=603a5215-a537-40df-a40f-62da7b1d7018&backKey=6a58ba6462c3022ca7b601fb&backToPage=53&cidValue=816&groupOrdinal=1060&groupViewContextIndicator=false&isFromAllResults=false&isFromAlternateReactionSteps=false&isFromReactionGroup=false&key=6a58ba6462c3022ca7b601fb&metricsOrdinal=1060&ordinal=5&resultType=reaction&resultView=DETAIL&state=searchDetail.reaction&suppressNavigation=false&uiContext=366&uiSubContext=551&uriForDetails=multistep-reaction%2F3419605a-4c3a-51b6-a5b4-602658c9fa72&uriForGroup=substance%2Fpt%2F100390%2Bsubstance%2Fpt%2F71117367-%3Esubstance%2Fpt%2F108739919%2Bsubstance%2Fpt%2F108739920
54,1061,1,31-008-CAS-4947945,2,skipped,1,多产物反应，按当前课题规则跳过,https://scifinder-n.cas.org/search/reaction/6a58ba6462c3022ca7b601fb/54,https://scifinder-n.cas.org/navigate/?appId=98776d8f-3c29-4e78-a628-b8ebe9b314dc&backKey=6a58ba6462c3022ca7b601fb&backToPage=54&cidValue=816&groupOrdinal=1061&groupViewContextIndicator=false&isFromAllResults=false&isFromAlternateReactionSteps=false&isFromReactionGroup=false&key=6a58ba6462c3022ca7b601fb&metricsOrdinal=1061&ordinal=1&resultType=reaction&resultView=DETAIL&state=searchDetail.reaction&suppressNavigation=false&uiContext=366&uiSubContext=551&uriForDetails=multistep-reaction%2Fb1ad5868-6936-5192-8abb-d3aa4bde58d2&uriForGroup=substance%2Fpt%2F106956%2Bsubstance%2Fpt%2F109363124-%3Esubstance%2Fpt%2F113764924%2Bsubstance%2Fpt%2F113764935
54,1062,1,31-354-CAS-14890723,2,skipped,1,多产物反应，按当前课题规则跳过,https://scifinder-n.cas.org/search/reaction/6a58ba6462c3022ca7b601fb/54,https://scifinder-n.cas.org/navigate/?appId=98776d8f-3c29-4e78-a628-b8ebe9b314dc&backKey=6a58ba6462c3022ca7b601fb&backToPage=54&cidValue=816&groupOrdinal=1062&groupViewContextIndicator=false&isFromAllResults=false&isFromAlternateReactionSteps=false&isFromReactionGroup=false&key=6a58ba6462c3022ca7b601fb&metricsOrdinal=1062&ordinal=1&resultType=reaction&resultView=DETAIL&state=searchDetail.reaction&suppressNavigation=false&uiContext=366&uiSubContext=551&uriForDetails=multistep-reaction%2Fc09f8e72-11cb-5cda-b100-f55eb26b4d3b&uriForGroup=substance%2Fpt%2F3282302%2Bsubstance%2Fpt%2F72904859-%3Esubstance%2Fpt%2F1821189745%2Bsubstance%2Fpt%2F1821189756
54,1063,1,31-614-CAS-36441495,2,skipped,1,多产物反应，按当前课题规则跳过,https://scifinder-n.cas.org/search/reaction/6a58ba6462c3022ca7b601fb/54,https://scifinder-n.cas.org/navigate/?appId=98776d8f-3c29-4e78-a628-b8ebe9b314dc&backKey=6a58ba6462c3022ca7b601fb&backToPage=54&cidValue=816&groupOrdinal=1063&groupViewContextIndicator=false&isFromAllResults=false&isFromAlternateReactionSteps=false&isFromReactionGroup=false&key=6a58ba6462c3022ca7b601fb&metricsOrdinal=1063&ordinal=1&resultType=reaction&resultView=DETAIL&state=searchDetail.reaction&suppressNavigation=false&uiContext=366&uiSubContext=551&uriForDetails=multistep-reaction%2Fc5cbef95-85d1-5f20-8f1c-3a46a2ee4910&uriForGroup=substance%2Fpt%2F219518191%2Bsubstance%2Fpt%2F75365-%3Esubstance%2Fpt%2F219518204%2Bsubstance%2Fpt%2F755002529
54,1064,1,31-354-CAS-19557134,2,skipped,1,多产物反应，按当前课题规则跳过,https://scifinder-n.cas.org/search/reaction/6a58ba6462c3022ca7b601fb/54,https://scifinder-n.cas.org/navigate/?appId=98776d8f-3c29-4e78-a628-b8ebe9b314dc&backKey=6a58ba6462c3022ca7b601fb&backToPage=54&cidValue=816&groupOrdinal=1064&groupViewContextIndicator=false&isFromAllResults=false&isFromAlternateReactionSteps=false&isFromReactionGroup=false&key=6a58ba6462c3022ca7b601fb&metricsOrdinal=1064&ordinal=1&resultType=reaction&resultView=DETAIL&state=searchDetail.reaction&suppressNavigation=false&uiContext=366&uiSubContext=551&uriForDetails=multistep-reaction%2Ffeb9ae01-58a0-5821-8c72-fb17d66df036&uriForGroup=substance%2Fpt%2F2254754384%2Bsubstance%2Fpt%2F2254754395%2Bsubstance%2Fpt%2F98884-%3Esubstance%2Fpt%2F2254754442%2Bsubstance%2Fpt%2F2254754453
54,1065,1,31-008-CAS-1102628,2,skipped,1,多产物反应，按当前课题规则跳过,https://scifinder-n.cas.org/search/reaction/6a58ba6462c3022ca7b601fb/54,https://scifinder-n.cas.org/navigate/?appId=98776d8f-3c29-4e78-a628-b8ebe9b314dc&backKey=6a58ba6462c3022ca7b601fb&backToPage=54&cidValue=816&groupOrdinal=1065&groupViewContextIndicator=false&isFromAllResults=false&isFromAlternateReactionSteps=false&isFromReactionGroup=false&key=6a58ba6462c3022ca7b601fb&metricsOrdinal=1065&ordinal=1&resultType=reaction&resultView=DETAIL&state=searchDetail.reaction&suppressNavigation=false&uiContext=366&uiSubContext=551&uriForDetails=multistep-reaction%2F2fb938ec-e6b8-5d88-838b-f4e1178c2fd2&uriForGroup=substance%2Fpt%2F100390%2Bsubstance%2Fpt%2F1384442674-%3Esubstance%2Fpt%2F1384442685%2Bsubstance%2Fpt%2F1403365285
54,1066,1,31-236-CAS-22534587,2,skipped,1,多产物反应，按当前课题规则跳过,https://scifinder-n.cas.org/search/reaction/6a58ba6462c3022ca7b601fb/54,https://scifinder-n.cas.org/navigate/?appId=98776d8f-3c29-4e78-a628-b8ebe9b314dc&backKey=6a58ba6462c3022ca7b601fb&backToPage=54&cidValue=816&groupOrdinal=1066&groupViewContextIndicator=false&isFromAllResults=false&isFromAlternateReactionSteps=false&isFromReactionGroup=false&key=6a58ba6462c3022ca7b601fb&metricsOrdinal=1066&ordinal=1&resultType=reaction&resultView=DETAIL&state=searchDetail.reaction&suppressNavigation=false&uiContext=366&uiSubContext=551&uriForDetails=multistep-reaction%2F6abe97b1-a928-5f17-8282-ac0b69de1ffa&uriForGroup=substance%2Fpt%2F1567840747%2Bsubstance%2Fpt%2F211621555-%3Esubstance%2Fpt%2F2427545762%2Bsubstance%2Fpt%2F2427545773
54,1067,1,31-008-CAS-5883782,2,skipped,1,多产物反应，按当前课题规则跳过,https://scifinder-n.cas.org/search/reaction/6a58ba6462c3022ca7b601fb/54,https://scifinder-n.cas.org/navigate/?appId=98776d8f-3c29-4e78-a628-b8ebe9b314dc&backKey=6a58ba6462c3022ca7b601fb&backToPage=54&cidValue=816&groupOrdinal=1067&groupViewContextIndicator=false&isFromAllResults=false&isFromAlternateReactionSteps=false&isFromReactionGroup=false&key=6a58ba6462c3022ca7b601fb&metricsOrdinal=1067&ordinal=1&resultType=reaction&resultView=DETAIL&state=searchDetail.reaction&suppressNavigation=false&uiContext=366&uiSubContext=551&uriForDetails=multistep-reaction%2F6ee81317-72f4-5402-8503-7cdb097344b5&uriForGroup=substance%2Fpt%2F119237966%2Bsubstance%2Fpt%2F18162486-%3Esubstance%2Fpt%2F1809556055%2Bsubstance%2Fpt%2F1809556066
54,1068,1,31-354-CAS-2179238,2,skipped,1,多产物反应，按当前课题规则跳过,https://scifinder-n.cas.org/search/reaction/6a58ba6462c3022ca7b601fb/54,https://scifinder-n.cas.org/navigate/?appId=98776d8f-3c29-4e78-a628-b8ebe9b314dc&backKey=6a58ba6462c3022ca7b601fb&backToPage=54&cidValue=816&groupOrdinal=1068&groupViewContextIndicator=false&isFromAllResults=false&isFromAlternateReactionSteps=false&isFromReactionGroup=false&key=6a58ba6462c3022ca7b601fb&metricsOrdinal=1068&ordinal=1&resultType=reaction&resultView=DETAIL&state=searchDetail.reaction&suppressNavigation=false&uiContext=366&uiSubContext=551&uriForDetails=multistep-reaction%2F821eacd0-df4e-5383-beb1-6f2d76809caa&uriForGroup=substance%2Fpt%2F215381207%2Bsubstance%2Fpt%2F98884-%3Esubstance%2Fpt%2F215381218%2Bsubstance%2Fpt%2F215381423
54,1069,1,31-354-CAS-1054007,2,skipped,1,多产物反应，按当前课题规则跳过,https://scifinder-n.cas.org/search/reaction/6a58ba6462c3022ca7b601fb/54,https://scifinder-n.cas.org/navigate/?appId=98776d8f-3c29-4e78-a628-b8ebe9b314dc&backKey=6a58ba6462c3022ca7b601fb&backToPage=54&cidValue=816&groupOrdinal=1069&groupViewContextIndicator=false&isFromAllResults=false&isFromAlternateReactionSteps=false&isFromReactionGroup=false&key=6a58ba6462c3022ca7b601fb&metricsOrdinal=1069&ordinal=1&resultType=reaction&resultView=DETAIL&state=searchDetail.reaction&suppressNavigation=false&uiContext=366&uiSubContext=551&uriForDetails=multistep-reaction%2Fc1a5c79e-0f80-5afe-9025-6ad18cdc3d33&uriForGroup=substance%2Fpt%2F71117378%2Bsubstance%2Fpt%2F98884-%3Esubstance%2Fpt%2F118246052%2Bsubstance%2Fpt%2F138811322
54,1069,2,31-354-CAS-1223013,2,skipped,1,多产物反应，按当前课题规则跳过,https://scifinder-n.cas.org/search/reaction/6a58ba6462c3022ca7b601fb/54,https://scifinder-n.cas.org/navigate/?appId=98776d8f-3c29-4e78-a628-b8ebe9b314dc&backKey=6a58ba6462c3022ca7b601fb&backToPage=54&cidValue=816&groupOrdinal=1069&groupViewContextIndicator=false&isFromAllResults=false&isFromAlternateReactionSteps=false&isFromReactionGroup=false&key=6a58ba6462c3022ca7b601fb&metricsOrdinal=1069&ordinal=2&resultType=reaction&resultView=DETAIL&state=searchDetail.reaction&suppressNavigation=false&uiContext=366&uiSubContext=551&uriForDetails=multistep-reaction%2Fc7a7e832-5d46-5414-951b-77ea39ee6f60&uriForGroup=substance%2Fpt%2F71117378%2Bsubstance%2Fpt%2F98884-%3Esubstance%2Fpt%2F118246052%2Bsubstance%2Fpt%2F138811322
54,1070,1,31-614-CAS-31197339,2,skipped,1,多产物反应，按当前课题规则跳过,https://scifinder-n.cas.org/search/reaction/6a58ba6462c3022ca7b601fb/54,https://scifinder-n.cas.org/navigate/?appId=98776d8f-3c29-4e78-a628-b8ebe9b314dc&backKey=6a58ba6462c3022ca7b601fb&backToPage=54&cidValue=816&groupOrdinal=1070&groupViewContextIndicator=false&isFromAllResults=false&isFromAlternateReactionSteps=false&isFromReactionGroup=false&key=6a58ba6462c3022ca7b601fb&metricsOrdinal=1070&ordinal=1&resultType=reaction&resultView=DETAIL&state=searchDetail.reaction&suppressNavigation=false&uiContext=366&uiSubContext=551&uriForDetails=multistep-reaction%2F2b057bc5-4e62-5be7-9bd0-d363f66fdba3&uriForGroup=substance%2Fpt%2F57701276%2Bsubstance%2Fpt%2F931577-%3Esubstance%2Fpt%2F1532548381%2Bsubstance%2Fpt%2F1532548392
54,1070,2,31-236-CAS-12350462,2,skipped,1,多产物反应，按当前课题规则跳过,https://scifinder-n.cas.org/search/reaction/6a58ba6462c3022ca7b601fb/54,https://scifinder-n.cas.org/navigate/?appId=98776d8f-3c29-4e78-a628-b8ebe9b314dc&backKey=6a58ba6462c3022ca7b601fb&backToPage=54&cidValue=816&groupOrdinal=1070&groupViewContextIndicator=false&isFromAllResults=false&isFromAlternateReactionSteps=false&isFromReactionGroup=false&key=6a58ba6462c3022ca7b601fb&metricsOrdinal=1070&ordinal=2&resultType=reaction&resultView=DETAIL&state=searchDetail.reaction&suppressNavigation=false&uiContext=366&uiSubContext=551&uriForDetails=multistep-reaction%2F32e2a555-cc33-5dda-bc9b-78ba78745de6&uriForGroup=substance%2Fpt%2F57701276%2Bsubstance%2Fpt%2F931577-%3Esubstance%2Fpt%2F1532548381%2Bsubstance%2Fpt%2F1532548392
54,1070,3,31-236-CAS-1694282,2,skipped,1,多产物反应，按当前课题规则跳过,https://scifinder-n.cas.org/search/reaction/6a58ba6462c3022ca7b601fb/54,https://scifinder-n.cas.org/navigate/?appId=98776d8f-3c29-4e78-a628-b8ebe9b314dc&backKey=6a58ba6462c3022ca7b601fb&backToPage=54&cidValue=816&groupOrdinal=1070&groupViewContextIndicator=false&isFromAllResults=false&isFromAlternateReactionSteps=false&isFromReactionGroup=false&key=6a58ba6462c3022ca7b601fb&metricsOrdinal=1070&ordinal=3&resultType=reaction&resultView=DETAIL&state=searchDetail.reaction&suppressNavigation=false&uiContext=366&uiSubContext=551&uriForDetails=multistep-reaction%2Fdfad7121-618d-5fc2-ba61-3843070fb161&uriForGroup=substance%2Fpt%2F57701276%2Bsubstance%2Fpt%2F931577-%3Esubstance%2Fpt%2F1532548381%2Bsubstance%2Fpt%2F1532548392
54,1070,4,31-614-CAS-31447647,2,skipped,1,多产物反应，按当前课题规则跳过,https://scifinder-n.cas.org/search/reaction/6a58ba6462c3022ca7b601fb/54,https://scifinder-n.cas.org/navigate/?appId=98776d8f-3c29-4e78-a628-b8ebe9b314dc&backKey=6a58ba6462c3022ca7b601fb&backToPage=54&cidValue=816&groupOrdinal=1070&groupViewContextIndicator=false&isFromAllResults=false&isFromAlternateReactionSteps=false&isFromReactionGroup=false&key=6a58ba6462c3022ca7b601fb&metricsOrdinal=1070&ordinal=4&resultType=reaction&resultView=DETAIL&state=searchDetail.reaction&suppressNavigation=false&uiContext=366&uiSubContext=551&uriForDetails=multistep-reaction%2Fa1372b3c-c816-569b-87a1-ab7f43628151&uriForGroup=substance%2Fpt%2F57701276%2Bsubstance%2Fpt%2F931577-%3Esubstance%2Fpt%2F1532548381%2Bsubstance%2Fpt%2F1532548392
54,1071,1,31-614-CAS-26030280,2,skipped,1,多产物反应，按当前课题规则跳过,https://scifinder-n.cas.org/search/reaction/6a58ba6462c3022ca7b601fb/54,https://scifinder-n.cas.org/navigate/?appId=98776d8f-3c29-4e78-a628-b8ebe9b314dc&backKey=6a58ba6462c3022ca7b601fb&backToPage=54&cidValue=816&groupOrdinal=1071&groupViewContextIndicator=false&isFromAllResults=false&isFromAlternateReactionSteps=false&isFromReactionGroup=false&key=6a58ba6462c3022ca7b601fb&metricsOrdinal=1071&ordinal=1&resultType=reaction&resultView=DETAIL&state=searchDetail.reaction&suppressNavigation=false&uiContext=366&uiSubContext=551&uriForDetails=multistep-reaction%2Ff51f783e-da0d-5ca8-888e-8d9295ca68d2&uriForGroup=substance%2Fpt%2F178488909-%3Esubstance%2Fpt%2F177078705%2Bsubstance%2Fpt%2F178488910
54,1072,1,31-354-CAS-13164305,2,skipped,1,多产物反应，按当前课题规则跳过,https://scifinder-n.cas.org/search/reaction/6a58ba6462c3022ca7b601fb/54,https://scifinder-n.cas.org/navigate/?appId=98776d8f-3c29-4e78-a628-b8ebe9b314dc&backKey=6a58ba6462c3022ca7b601fb&backToPage=54&cidValue=816&groupOrdinal=1072&groupViewContextIndicator=false&isFromAllResults=false&isFromAlternateReactionSteps=false&isFromReactionGroup=false&key=6a58ba6462c3022ca7b601fb&metricsOrdinal=1072&ordinal=1&resultType=reaction&resultView=DETAIL&state=searchDetail.reaction&suppressNavigation=false&uiContext=366&uiSubContext=551&uriForDetails=multistep-reaction%2F26ea0788-a7ac-5f79-9228-619ddf5891d6&uriForGroup=substance%2Fpt%2F1356165860%2Bsubstance%2Fpt%2F3282302-%3Esubstance%2Fpt%2F1356165871%2Bsubstance%2Fpt%2F1360866994
54,1073,1,31-011-CAS-14999642,2,skipped,1,多产物反应，按当前课题规则跳过,https://scifinder-n.cas.org/search/reaction/6a58ba6462c3022ca7b601fb/54,https://scifinder-n.cas.org/navigate/?appId=98776d8f-3c29-4e78-a628-b8ebe9b314dc&backKey=6a58ba6462c3022ca7b601fb&backToPage=54&cidValue=816&groupOrdinal=1073&groupViewContextIndicator=false&isFromAllResults=false&isFromAlternateReactionSteps=false&isFromReactionGroup=false&key=6a58ba6462c3022ca7b601fb&metricsOrdinal=1073&ordinal=1&resultType=reaction&resultView=DETAIL&state=searchDetail.reaction&suppressNavigation=false&uiContext=366&uiSubContext=551&uriForDetails=multistep-reaction%2F5a1be8d1-ec16-565d-88de-6a3076d6a114&uriForGroup=substance%2Fpt%2F57701276%2Bsubstance%2Fpt%2F883409-%3Esubstance%2Fpt%2F350241735%2Bsubstance%2Fpt%2F350241746
54,1074,1,31-355-CAS-11250185,2,skipped,1,多产物反应，按当前课题规则跳过,https://scifinder-n.cas.org/search/reaction/6a58ba6462c3022ca7b601fb/54,https://scifinder-n.cas.org/navigate/?appId=98776d8f-3c29-4e78-a628-b8ebe9b314dc&backKey=6a58ba6462c3022ca7b601fb&backToPage=54&cidValue=816&groupOrdinal=1074&groupViewContextIndicator=false&isFromAllResults=false&isFromAlternateReactionSteps=false&isFromReactionGroup=false&key=6a58ba6462c3022ca7b601fb&metricsOrdinal=1074&ordinal=1&resultType=reaction&resultView=DETAIL&state=searchDetail.reaction&suppressNavigation=false&uiContext=366&uiSubContext=551&uriForDetails=multistep-reaction%2F6ad32fac-7211-5f2e-9ab2-c5311ce4f63c&uriForGroup=substance%2Fpt%2F71117367%2Bsubstance%2Fpt%2F93970-%3Esubstance%2Fpt%2F86420726%2Bsubstance%2Fpt%2F86420737
54,1074,2,31-355-CAS-10663243,2,skipped,1,多产物反应，按当前课题规则跳过,https://scifinder-n.cas.org/search/reaction/6a58ba6462c3022ca7b601fb/54,https://scifinder-n.cas.org/navigate/?appId=98776d8f-3c29-4e78-a628-b8ebe9b314dc&backKey=6a58ba6462c3022ca7b601fb&backToPage=54&cidValue=816&groupOrdinal=1074&groupViewContextIndicator=false&isFromAllResults=false&isFromAlternateReactionSteps=false&isFromReactionGroup=false&key=6a58ba6462c3022ca7b601fb&metricsOrdinal=1074&ordinal=2&resultType=reaction&resultView=DETAIL&state=searchDetail.reaction&suppressNavigation=false&uiContext=366&uiSubContext=551&uriForDetails=multistep-reaction%2F6ad80acd-0372-5ff7-bccc-7fe3a1c8f747&uriForGroup=substance%2Fpt%2F71117367%2Bsubstance%2Fpt%2F93970-%3Esubstance%2Fpt%2F86420726%2Bsubstance%2Fpt%2F86420737
54,1075,1,31-008-CAS-5754151,2,skipped,1,多产物反应，按当前课题规则跳过,https://scifinder-n.cas.org/search/reaction/6a58ba6462c3022ca7b601fb/54,https://scifinder-n.cas.org/navigate/?appId=98776d8f-3c29-4e78-a628-b8ebe9b314dc&backKey=6a58ba6462c3022ca7b601fb&backToPage=54&cidValue=816&groupOrdinal=1075&groupViewContextIndicator=false&isFromAllResults=false&isFromAlternateReactionSteps=false&isFromReactionGroup=false&key=6a58ba6462c3022ca7b601fb&metricsOrdinal=1075&ordinal=1&resultType=reaction&resultView=DETAIL&state=searchDetail.reaction&suppressNavigation=false&uiContext=366&uiSubContext=551&uriForDetails=multistep-reaction%2Fefccbb86-c9f5-5454-afa4-03a3534cf991&uriForGroup=substance%2Fpt%2F74884%2Bsubstance%2Fpt%2F808109388-%3Esubstance%2Fpt%2F808109457%2Bsubstance%2Fpt%2F808109468
54,1076,1,31-354-CAS-14294989,2,skipped,1,多产物反应，按当前课题规则跳过,https://scifinder-n.cas.org/search/reaction/6a58ba6462c3022ca7b601fb/54,https://scifinder-n.cas.org/navigate/?appId=98776d8f-3c29-4e78-a628-b8ebe9b314dc&backKey=6a58ba6462c3022ca7b601fb&backToPage=54&cidValue=816&groupOrdinal=1076&groupViewContextIndicator=false&isFromAllResults=false&isFromAlternateReactionSteps=false&isFromReactionGroup=false&key=6a58ba6462c3022ca7b601fb&metricsOrdinal=1076&ordinal=1&resultType=reaction&resultView=DETAIL&state=searchDetail.reaction&suppressNavigation=false&uiContext=366&uiSubContext=551&uriForDetails=multistep-reaction%2Ff3d29864-0071-56af-9622-60851063770f&uriForGroup=substance%2Fpt%2F71117378%2Bsubstance%2Fpt%2F75365-%3Esubstance%2Fpt%2F141611587%2Bsubstance%2Fpt%2F141611598
54,1077,1,31-354-CAS-3009657,2,skipped,1,多产物反应，按当前课题规则跳过,https://scifinder-n.cas.org/search/reaction/6a58ba6462c3022ca7b601fb/54,https://scifinder-n.cas.org/navigate/?appId=98776d8f-3c29-4e78-a628-b8ebe9b314dc&backKey=6a58ba6462c3022ca7b601fb&backToPage=54&cidValue=816&groupOrdinal=1077&groupViewContextIndicator=false&isFromAllResults=false&isFromAlternateReactionSteps=false&isFromReactionGroup=false&key=6a58ba6462c3022ca7b601fb&metricsOrdinal=1077&ordinal=1&resultType=reaction&resultView=DETAIL&state=searchDetail.reaction&suppressNavigation=false&uiContext=366&uiSubContext=551&uriForDetails=multistep-reaction%2F2cbb6022-0346-51d2-b87f-4a97e7645208&uriForGroup=substance%2Fpt%2F100605605%2Bsubstance%2Fpt%2F98884-%3Esubstance%2Fpt%2F244095009%2Bsubstance%2Fpt%2F244095010
54,1078,1,31-013-CAS-13934914,2,skipped,1,多产物反应，按当前课题规则跳过,https://scifinder-n.cas.org/search/reaction/6a58ba6462c3022ca7b601fb/54,https://scifinder-n.cas.org/navigate/?appId=98776d8f-3c29-4e78-a628-b8ebe9b314dc&backKey=6a58ba6462c3022ca7b601fb&backToPage=54&cidValue=816&groupOrdinal=1078&groupViewContextIndicator=false&isFromAllResults=false&isFromAlternateReactionSteps=false&isFromReactionGroup=false&key=6a58ba6462c3022ca7b601fb&metricsOrdinal=1078&ordinal=1&resultType=reaction&resultView=DETAIL&state=searchDetail.reaction&suppressNavigation=false&uiContext=366&uiSubContext=551&uriForDetails=multistep-reaction%2F2f7d8055-e010-5079-9975-f921c10cfae9&uriForGroup=substance%2Fpt%2F798557138%2Bsubstance%2Fpt%2F798557149-%3Esubstance%2Fpt%2F798557127%2Bsubstance%2Fpt%2F798557376
54,1079,1,31-008-CAS-18496892,2,skipped,1,多产物反应，按当前课题规则跳过,https://scifinder-n.cas.org/search/reaction/6a58ba6462c3022ca7b601fb/54,https://scifinder-n.cas.org/navigate/?appId=98776d8f-3c29-4e78-a628-b8ebe9b314dc&backKey=6a58ba6462c3022ca7b601fb&backToPage=54&cidValue=816&groupOrdinal=1079&groupViewContextIndicator=false&isFromAllResults=false&isFromAlternateReactionSteps=false&isFromReactionGroup=false&key=6a58ba6462c3022ca7b601fb&metricsOrdinal=1079&ordinal=1&resultType=reaction&resultView=DETAIL&state=searchDetail.reaction&suppressNavigation=false&uiContext=366&uiSubContext=551&uriForDetails=multistep-reaction%2F338dcb99-4880-585c-a0b1-eae461cad661&uriForGroup=substance%2Fpt%2F1661006514%2Bsubstance%2Fpt%2F18162486-%3Esubstance%2Fpt%2F2147730241%2Bsubstance%2Fpt%2F2147730252
54,1080,1,31-614-CAS-31197371,2,skipped,1,多产物反应，按当前课题规则跳过,https://scifinder-n.cas.org/search/reaction/6a58ba6462c3022ca7b601fb/54,https://scifinder-n.cas.org/navigate/?appId=98776d8f-3c29-4e78-a628-b8ebe9b314dc&backKey=6a58ba6462c3022ca7b601fb&backToPage=54&cidValue=816&groupOrdinal=1080&groupViewContextIndicator=false&isFromAllResults=false&isFromAlternateReactionSteps=false&isFromReactionGroup=false&key=6a58ba6462c3022ca7b601fb&metricsOrdinal=1080&ordinal=1&resultType=reaction&resultView=DETAIL&state=searchDetail.reaction&suppressNavigation=false&uiContext=366&uiSubContext=551&uriForDetails=multistep-reaction%2F78acffe7-9c74-56ff-abdf-0cb34237d496&uriForGroup=substance%2Fpt%2F116110%2Bsubstance%2Fpt%2F1393472020-%3Esubstance%2Fpt%2F2756684805%2Bsubstance%2Fpt%2F2756684816
54,1080,2,31-614-CAS-31447659,2,skipped,1,多产物反应，按当前课题规则跳过,https://scifinder-n.cas.org/search/reaction/6a58ba6462c3022ca7b601fb/54,https://scifinder-n.cas.org/navigate/?appId=98776d8f-3c29-4e78-a628-b8ebe9b314dc&backKey=6a58ba6462c3022ca7b601fb&backToPage=54&cidValue=816&groupOrdinal=1080&groupViewContextIndicator=false&isFromAllResults=false&isFromAlternateReactionSteps=false&isFromReactionGroup=false&key=6a58ba6462c3022ca7b601fb&metricsOrdinal=1080&ordinal=2&resultType=reaction&resultView=DETAIL&state=searchDetail.reaction&suppressNavigation=false&uiContext=366&uiSubContext=551&uriForDetails=multistep-reaction%2F61f3eb1c-c10a-5464-bdc8-e939bb6e15ac&uriForGroup=substance%2Fpt%2F116110%2Bsubstance%2Fpt%2F1393472020-%3Esubstance%2Fpt%2F2756684805%2Bsubstance%2Fpt%2F2756684816
55,1081,1,31-236-CAS-10539225,2,skipped,1,多产物反应，按当前课题规则跳过,https://scifinder-n.cas.org/search/reaction/6a58ba6462c3022ca7b601fb/55,https://scifinder-n.cas.org/navigate/?appId=ef63d3f3-5e14-43c2-b2ad-9a405707595c&backKey=6a58ba6462c3022ca7b601fb&backToPage=55&cidValue=816&groupOrdinal=1081&groupViewContextIndicator=false&isFromAllResults=false&isFromAlternateReactionSteps=false&isFromReactionGroup=false&key=6a58ba6462c3022ca7b601fb&metricsOrdinal=1081&ordinal=1&resultType=reaction&resultView=DETAIL&state=searchDetail.reaction&suppressNavigation=false&uiContext=366&uiSubContext=551&uriForDetails=multistep-reaction%2F502fb7cd-773c-59cd-8824-69f673711a8a&uriForGroup=substance%2Fpt%2F116110%2Bsubstance%2Fpt%2F87508176-%3Esubstance%2Fpt%2F1532548358%2Bsubstance%2Fpt%2F1532548369
55,1081,2,31-614-CAS-31197362,2,skipped,1,多产物反应，按当前课题规则跳过,https://scifinder-n.cas.org/search/reaction/6a58ba6462c3022ca7b601fb/55,https://scifinder-n.cas.org/navigate/?appId=ef63d3f3-5e14-43c2-b2ad-9a405707595c&backKey=6a58ba6462c3022ca7b601fb&backToPage=55&cidValue=816&groupOrdinal=1081&groupViewContextIndicator=false&isFromAllResults=false&isFromAlternateReactionSteps=false&isFromReactionGroup=false&key=6a58ba6462c3022ca7b601fb&metricsOrdinal=1081&ordinal=2&resultType=reaction&resultView=DETAIL&state=searchDetail.reaction&suppressNavigation=false&uiContext=366&uiSubContext=551&uriForDetails=multistep-reaction%2F8ad31ea5-e943-5d59-b69e-7832993e0139&uriForGroup=substance%2Fpt%2F116110%2Bsubstance%2Fpt%2F87508176-%3Esubstance%2Fpt%2F1532548358%2Bsubstance%2Fpt%2F1532548369
55,1081,3,31-236-CAS-12660329,2,skipped,1,多产物反应，按当前课题规则跳过,https://scifinder-n.cas.org/search/reaction/6a58ba6462c3022ca7b601fb/55,https://scifinder-n.cas.org/navigate/?appId=ef63d3f3-5e14-43c2-b2ad-9a405707595c&backKey=6a58ba6462c3022ca7b601fb&backToPage=55&cidValue=816&groupOrdinal=1081&groupViewContextIndicator=false&isFromAllResults=false&isFromAlternateReactionSteps=false&isFromReactionGroup=false&key=6a58ba6462c3022ca7b601fb&metricsOrdinal=1081&ordinal=3&resultType=reaction&resultView=DETAIL&state=searchDetail.reaction&suppressNavigation=false&uiContext=366&uiSubContext=551&uriForDetails=multistep-reaction%2F262aeefb-b17a-5c95-b2e8-e8a33f7119f5&uriForGroup=substance%2Fpt%2F116110%2Bsubstance%2Fpt%2F87508176-%3Esubstance%2Fpt%2F1532548358%2Bsubstance%2Fpt%2F1532548369
55,1081,4,31-614-CAS-31447657,2,skipped,1,多产物反应，按当前课题规则跳过,https://scifinder-n.cas.org/search/reaction/6a58ba6462c3022ca7b601fb/55,https://scifinder-n.cas.org/navigate/?appId=ef63d3f3-5e14-43c2-b2ad-9a405707595c&backKey=6a58ba6462c3022ca7b601fb&backToPage=55&cidValue=816&groupOrdinal=1081&groupViewContextIndicator=false&isFromAllResults=false&isFromAlternateReactionSteps=false&isFromReactionGroup=false&key=6a58ba6462c3022ca7b601fb&metricsOrdinal=1081&ordinal=4&resultType=reaction&resultView=DETAIL&state=searchDetail.reaction&suppressNavigation=false&uiContext=366&uiSubContext=551&uriForDetails=multistep-reaction%2F3f3e584b-c5d5-5811-94a0-c09cdd86b0dd&uriForGroup=substance%2Fpt%2F116110%2Bsubstance%2Fpt%2F87508176-%3Esubstance%2Fpt%2F1532548358%2Bsubstance%2Fpt%2F1532548369
55,1082,1,31-354-CAS-14389868,2,skipped,1,多产物反应，按当前课题规则跳过,https://scifinder-n.cas.org/search/reaction/6a58ba6462c3022ca7b601fb/55,https://scifinder-n.cas.org/navigate/?appId=ef63d3f3-5e14-43c2-b2ad-9a405707595c&backKey=6a58ba6462c3022ca7b601fb&backToPage=55&cidValue=816&groupOrdinal=1082&groupViewContextIndicator=false&isFromAllResults=false&isFromAlternateReactionSteps=false&isFromReactionGroup=false&key=6a58ba6462c3022ca7b601fb&metricsOrdinal=1082&ordinal=1&resultType=reaction&resultView=DETAIL&state=searchDetail.reaction&suppressNavigation=false&uiContext=366&uiSubContext=551&uriForDetails=multistep-reaction%2F0a5160a5-7e34-5a52-adbc-310698cde096&uriForGroup=substance%2Fpt%2F35444441%2Bsubstance%2Fpt%2F57701276-%3Esubstance%2Fpt%2F1499140474%2Bsubstance%2Fpt%2F1499140509
55,1082,2,31-354-CAS-999862,2,skipped,1,多产物反应，按当前课题规则跳过,https://scifinder-n.cas.org/search/reaction/6a58ba6462c3022ca7b601fb/55,https://scifinder-n.cas.org/navigate/?appId=ef63d3f3-5e14-43c2-b2ad-9a405707595c&backKey=6a58ba6462c3022ca7b601fb&backToPage=55&cidValue=816&groupOrdinal=1082&groupViewContextIndicator=false&isFromAllResults=false&isFromAlternateReactionSteps=false&isFromReactionGroup=false&key=6a58ba6462c3022ca7b601fb&metricsOrdinal=1082&ordinal=2&resultType=reaction&resultView=DETAIL&state=searchDetail.reaction&suppressNavigation=false&uiContext=366&uiSubContext=551&uriForDetails=multistep-reaction%2Fb8471be0-00ee-5f21-8bd1-6c76ec1cc848&uriForGroup=substance%2Fpt%2F35444441%2Bsubstance%2Fpt%2F57701276-%3Esubstance%2Fpt%2F1499140474%2Bsubstance%2Fpt%2F1499140509
55,1083,1,31-614-CAS-41442034,2,skipped,1,多产物反应，按当前课题规则跳过,https://scifinder-n.cas.org/search/reaction/6a58ba6462c3022ca7b601fb/55,https://scifinder-n.cas.org/navigate/?appId=ef63d3f3-5e14-43c2-b2ad-9a405707595c&backKey=6a58ba6462c3022ca7b601fb&backToPage=55&cidValue=816&groupOrdinal=1083&groupViewContextIndicator=false&isFromAllResults=false&isFromAlternateReactionSteps=false&isFromReactionGroup=false&key=6a58ba6462c3022ca7b601fb&metricsOrdinal=1083&ordinal=1&resultType=reaction&resultView=DETAIL&state=searchDetail.reaction&suppressNavigation=false&uiContext=366&uiSubContext=551&uriForDetails=multistep-reaction%2Fce538e18-b7e4-52a0-976c-ac8db29b7b46&uriForGroup=substance%2Fpt%2F3051815632-%3Esubstance%2Fpt%2F3051815643%2Bsubstance%2Fpt%2F3051815665
55,1084,1,31-354-CAS-22913597,2,skipped,1,多产物反应，按当前课题规则跳过,https://scifinder-n.cas.org/search/reaction/6a58ba6462c3022ca7b601fb/55,https://scifinder-n.cas.org/navigate/?appId=ef63d3f3-5e14-43c2-b2ad-9a405707595c&backKey=6a58ba6462c3022ca7b601fb&backToPage=55&cidValue=816&groupOrdinal=1084&groupViewContextIndicator=false&isFromAllResults=false&isFromAlternateReactionSteps=false&isFromReactionGroup=false&key=6a58ba6462c3022ca7b601fb&metricsOrdinal=1084&ordinal=1&resultType=reaction&resultView=DETAIL&state=searchDetail.reaction&suppressNavigation=false&uiContext=366&uiSubContext=551&uriForDetails=multistep-reaction%2Fd90370da-a721-5bd3-943a-8c9606f9e6e3&uriForGroup=substance%2Fpt%2F112674%2Bsubstance%2Fpt%2F57701276-%3Esubstance%2Fpt%2F2089250326%2Bsubstance%2Fpt%2F697798086
55,1085,1,31-614-CAS-31197346,2,skipped,1,多产物反应，按当前课题规则跳过,https://scifinder-n.cas.org/search/reaction/6a58ba6462c3022ca7b601fb/55,https://scifinder-n.cas.org/navigate/?appId=ef63d3f3-5e14-43c2-b2ad-9a405707595c&backKey=6a58ba6462c3022ca7b601fb&backToPage=55&cidValue=816&groupOrdinal=1085&groupViewContextIndicator=false&isFromAllResults=false&isFromAlternateReactionSteps=false&isFromReactionGroup=false&key=6a58ba6462c3022ca7b601fb&metricsOrdinal=1085&ordinal=1&resultType=reaction&resultView=DETAIL&state=searchDetail.reaction&suppressNavigation=false&uiContext=366&uiSubContext=551&uriForDetails=multistep-reaction%2Fdccfa3c6-96c0-5cc2-9adf-0cf7b280f1ab&uriForGroup=substance%2Fpt%2F1532548121%2Bsubstance%2Fpt%2F931577-%3Esubstance%2Fpt%2F1532548494%2Bsubstance%2Fpt%2F1532548518
55,1085,2,31-236-CAS-1623848,2,skipped,1,多产物反应，按当前课题规则跳过,https://scifinder-n.cas.org/search/reaction/6a58ba6462c3022ca7b601fb/55,https://scifinder-n.cas.org/navigate/?appId=ef63d3f3-5e14-43c2-b2ad-9a405707595c&backKey=6a58ba6462c3022ca7b601fb&backToPage=55&cidValue=816&groupOrdinal=1085&groupViewContextIndicator=false&isFromAllResults=false&isFromAlternateReactionSteps=false&isFromReactionGroup=false&key=6a58ba6462c3022ca7b601fb&metricsOrdinal=1085&ordinal=2&resultType=reaction&resultView=DETAIL&state=searchDetail.reaction&suppressNavigation=false&uiContext=366&uiSubContext=551&uriForDetails=multistep-reaction%2F7f63850d-e944-57ab-8156-ee2a42b59278&uriForGroup=substance%2Fpt%2F1532548121%2Bsubstance%2Fpt%2F931577-%3Esubstance%2Fpt%2F1532548494%2Bsubstance%2Fpt%2F1532548518
55,1085,3,31-614-CAS-31447658,2,skipped,1,多产物反应，按当前课题规则跳过,https://scifinder-n.cas.org/search/reaction/6a58ba6462c3022ca7b601fb/55,https://scifinder-n.cas.org/navigate/?appId=ef63d3f3-5e14-43c2-b2ad-9a405707595c&backKey=6a58ba6462c3022ca7b601fb&backToPage=55&cidValue=816&groupOrdinal=1085&groupViewContextIndicator=false&isFromAllResults=false&isFromAlternateReactionSteps=false&isFromReactionGroup=false&key=6a58ba6462c3022ca7b601fb&metricsOrdinal=1085&ordinal=3&resultType=reaction&resultView=DETAIL&state=searchDetail.reaction&suppressNavigation=false&uiContext=366&uiSubContext=551&uriForDetails=multistep-reaction%2F826c1ee1-642c-5265-bfc9-9a02bc9c308b&uriForGroup=substance%2Fpt%2F1532548121%2Bsubstance%2Fpt%2F931577-%3Esubstance%2Fpt%2F1532548494%2Bsubstance%2Fpt%2F1532548518
55,1086,1,31-010-CAS-4102972,2,skipped,1,多产物反应，按当前课题规则跳过,https://scifinder-n.cas.org/search/reaction/6a58ba6462c3022ca7b601fb/55,https://scifinder-n.cas.org/navigate/?appId=ef63d3f3-5e14-43c2-b2ad-9a405707595c&backKey=6a58ba6462c3022ca7b601fb&backToPage=55&cidValue=816&groupOrdinal=1086&groupViewContextIndicator=false&isFromAllResults=false&isFromAlternateReactionSteps=false&isFromReactionGroup=false&key=6a58ba6462c3022ca7b601fb&metricsOrdinal=1086&ordinal=1&resultType=reaction&resultView=DETAIL&state=searchDetail.reaction&suppressNavigation=false&uiContext=366&uiSubContext=551&uriForDetails=multistep-reaction%2Fe5202a7b-b94c-5c3b-9d1f-440f00c9f716&uriForGroup=substance%2Fpt%2F1259035909%2Bsubstance%2Fpt%2F141899538-%3Esubstance%2Fpt%2F1259035910%2Bsubstance%2Fpt%2F1259036082
55,1087,1,31-614-CAS-31197345,2,skipped,1,多产物反应，按当前课题规则跳过,https://scifinder-n.cas.org/search/reaction/6a58ba6462c3022ca7b601fb/55,https://scifinder-n.cas.org/navigate/?appId=ef63d3f3-5e14-43c2-b2ad-9a405707595c&backKey=6a58ba6462c3022ca7b601fb&backToPage=55&cidValue=816&groupOrdinal=1087&groupViewContextIndicator=false&isFromAllResults=false&isFromAlternateReactionSteps=false&isFromReactionGroup=false&key=6a58ba6462c3022ca7b601fb&metricsOrdinal=1087&ordinal=1&resultType=reaction&resultView=DETAIL&state=searchDetail.reaction&suppressNavigation=false&uiContext=366&uiSubContext=551&uriForDetails=multistep-reaction%2F3b5a1823-0806-5c6e-ab82-e8b89026b4e7&uriForGroup=substance%2Fpt%2F87508187%2Bsubstance%2Fpt%2F931577-%3Esubstance%2Fpt%2F1532548165%2Bsubstance%2Fpt%2F1532548198
55,1087,2,31-236-CAS-6668293,2,skipped,1,多产物反应，按当前课题规则跳过,https://scifinder-n.cas.org/search/reaction/6a58ba6462c3022ca7b601fb/55,https://scifinder-n.cas.org/navigate/?appId=ef63d3f3-5e14-43c2-b2ad-9a405707595c&backKey=6a58ba6462c3022ca7b601fb&backToPage=55&cidValue=816&groupOrdinal=1087&groupViewContextIndicator=false&isFromAllResults=false&isFromAlternateReactionSteps=false&isFromReactionGroup=false&key=6a58ba6462c3022ca7b601fb&metricsOrdinal=1087&ordinal=2&resultType=reaction&resultView=DETAIL&state=searchDetail.reaction&suppressNavigation=false&uiContext=366&uiSubContext=551&uriForDetails=multistep-reaction%2Fa504d129-4cd0-526b-8c40-ac52815e3e58&uriForGroup=substance%2Fpt%2F87508187%2Bsubstance%2Fpt%2F931577-%3Esubstance%2Fpt%2F1532548165%2Bsubstance%2Fpt%2F1532548198
55,1087,3,31-236-CAS-2688595,2,skipped,1,多产物反应，按当前课题规则跳过,https://scifinder-n.cas.org/search/reaction/6a58ba6462c3022ca7b601fb/55,https://scifinder-n.cas.org/navigate/?appId=ef63d3f3-5e14-43c2-b2ad-9a405707595c&backKey=6a58ba6462c3022ca7b601fb&backToPage=55&cidValue=816&groupOrdinal=1087&groupViewContextIndicator=false&isFromAllResults=false&isFromAlternateReactionSteps=false&isFromReactionGroup=false&key=6a58ba6462c3022ca7b601fb&metricsOrdinal=1087&ordinal=3&resultType=reaction&resultView=DETAIL&state=searchDetail.reaction&suppressNavigation=false&uiContext=366&uiSubContext=551&uriForDetails=multistep-reaction%2F02874391-fab2-5d7c-824b-62f43e5eb2da&uriForGroup=substance%2Fpt%2F87508187%2Bsubstance%2Fpt%2F931577-%3Esubstance%2Fpt%2F1532548165%2Bsubstance%2Fpt%2F1532548198
55,1087,4,31-614-CAS-31447653,2,skipped,1,多产物反应，按当前课题规则跳过,https://scifinder-n.cas.org/search/reaction/6a58ba6462c3022ca7b601fb/55,https://scifinder-n.cas.org/navigate/?appId=ef63d3f3-5e14-43c2-b2ad-9a405707595c&backKey=6a58ba6462c3022ca7b601fb&backToPage=55&cidValue=816&groupOrdinal=1087&groupViewContextIndicator=false&isFromAllResults=false&isFromAlternateReactionSteps=false&isFromReactionGroup=false&key=6a58ba6462c3022ca7b601fb&metricsOrdinal=1087&ordinal=4&resultType=reaction&resultView=DETAIL&state=searchDetail.reaction&suppressNavigation=false&uiContext=366&uiSubContext=551&uriForDetails=multistep-reaction%2Fe719f54a-f566-5be2-bef7-621fda74e24f&uriForGroup=substance%2Fpt%2F87508187%2Bsubstance%2Fpt%2F931577-%3Esubstance%2Fpt%2F1532548165%2Bsubstance%2Fpt%2F1532548198
55,1088,1,31-614-CAS-31197348,2,skipped,1,多产物反应，按当前课题规则跳过,https://scifinder-n.cas.org/search/reaction/6a58ba6462c3022ca7b601fb/55,https://scifinder-n.cas.org/navigate/?appId=ef63d3f3-5e14-43c2-b2ad-9a405707595c&backKey=6a58ba6462c3022ca7b601fb&backToPage=55&cidValue=816&groupOrdinal=1088&groupViewContextIndicator=false&isFromAllResults=false&isFromAlternateReactionSteps=false&isFromReactionGroup=false&key=6a58ba6462c3022ca7b601fb&metricsOrdinal=1088&ordinal=1&resultType=reaction&resultView=DETAIL&state=searchDetail.reaction&suppressNavigation=false&uiContext=366&uiSubContext=551&uriForDetails=multistep-reaction%2Fb25277d2-0e03-5ba8-b556-384c029467ae&uriForGroup=substance%2Fpt%2F1532548110%2Bsubstance%2Fpt%2F931577-%3Esubstance%2Fpt%2F1532548438%2Bsubstance%2Fpt%2F1532548449
55,1088,2,31-236-CAS-4045224,2,skipped,1,多产物反应，按当前课题规则跳过,https://scifinder-n.cas.org/search/reaction/6a58ba6462c3022ca7b601fb/55,https://scifinder-n.cas.org/navigate/?appId=ef63d3f3-5e14-43c2-b2ad-9a405707595c&backKey=6a58ba6462c3022ca7b601fb&backToPage=55&cidValue=816&groupOrdinal=1088&groupViewContextIndicator=false&isFromAllResults=false&isFromAlternateReactionSteps=false&isFromReactionGroup=false&key=6a58ba6462c3022ca7b601fb&metricsOrdinal=1088&ordinal=2&resultType=reaction&resultView=DETAIL&state=searchDetail.reaction&suppressNavigation=false&uiContext=366&uiSubContext=551&uriForDetails=multistep-reaction%2F444d91b5-ec10-50ff-b936-d4947b95d883&uriForGroup=substance%2Fpt%2F1532548110%2Bsubstance%2Fpt%2F931577-%3Esubstance%2Fpt%2F1532548438%2Bsubstance%2Fpt%2F1532548449
55,1088,3,31-236-CAS-8312947,2,skipped,1,多产物反应，按当前课题规则跳过,https://scifinder-n.cas.org/search/reaction/6a58ba6462c3022ca7b601fb/55,https://scifinder-n.cas.org/navigate/?appId=ef63d3f3-5e14-43c2-b2ad-9a405707595c&backKey=6a58ba6462c3022ca7b601fb&backToPage=55&cidValue=816&groupOrdinal=1088&groupViewContextIndicator=false&isFromAllResults=false&isFromAlternateReactionSteps=false&isFromReactionGroup=false&key=6a58ba6462c3022ca7b601fb&metricsOrdinal=1088&ordinal=3&resultType=reaction&resultView=DETAIL&state=searchDetail.reaction&suppressNavigation=false&uiContext=366&uiSubContext=551&uriForDetails=multistep-reaction%2Ffcd0b7f2-15ad-59dd-9b33-91aa2962f459&uriForGroup=substance%2Fpt%2F1532548110%2Bsubstance%2Fpt%2F931577-%3Esubstance%2Fpt%2F1532548438%2Bsubstance%2Fpt%2F1532548449
55,1089,1,31-010-CAS-3091310,2,skipped,1,多产物反应，按当前课题规则跳过,https://scifinder-n.cas.org/search/reaction/6a58ba6462c3022ca7b601fb/55,https://scifinder-n.cas.org/navigate/?appId=ef63d3f3-5e14-43c2-b2ad-9a405707595c&backKey=6a58ba6462c3022ca7b601fb&backToPage=55&cidValue=816&groupOrdinal=1089&groupViewContextIndicator=false&isFromAllResults=false&isFromAlternateReactionSteps=false&isFromReactionGroup=false&key=6a58ba6462c3022ca7b601fb&metricsOrdinal=1089&ordinal=1&resultType=reaction&resultView=DETAIL&state=searchDetail.reaction&suppressNavigation=false&uiContext=366&uiSubContext=551&uriForDetails=multistep-reaction%2F5f2d611b-d930-5963-b888-e6d591285563&uriForGroup=substance%2Fpt%2F121238275%2Bsubstance%2Fpt%2F128376921-%3Esubstance%2Fpt%2F128377037%2Bsubstance%2Fpt%2F128377059
55,1090,1,31-010-CAS-21151412,2,skipped,1,多产物反应，按当前课题规则跳过,https://scifinder-n.cas.org/search/reaction/6a58ba6462c3022ca7b601fb/55,https://scifinder-n.cas.org/navigate/?appId=ef63d3f3-5e14-43c2-b2ad-9a405707595c&backKey=6a58ba6462c3022ca7b601fb&backToPage=55&cidValue=816&groupOrdinal=1090&groupViewContextIndicator=false&isFromAllResults=false&isFromAlternateReactionSteps=false&isFromReactionGroup=false&key=6a58ba6462c3022ca7b601fb&metricsOrdinal=1090&ordinal=1&resultType=reaction&resultView=DETAIL&state=searchDetail.reaction&suppressNavigation=false&uiContext=366&uiSubContext=551&uriForDetails=multistep-reaction%2F949a2294-a20f-5d5c-8b3f-4354e42b2f0c&uriForGroup=substance%2Fpt%2F1638136114%2Bsubstance%2Fpt%2F865484737-%3Esubstance%2Fpt%2F1638136136%2Bsubstance%2Fpt%2F1638136158
55,1091,1,31-008-CAS-634874,2,skipped,1,多产物反应，按当前课题规则跳过,https://scifinder-n.cas.org/search/reaction/6a58ba6462c3022ca7b601fb/55,https://scifinder-n.cas.org/navigate/?appId=ef63d3f3-5e14-43c2-b2ad-9a405707595c&backKey=6a58ba6462c3022ca7b601fb&backToPage=55&cidValue=816&groupOrdinal=1091&groupViewContextIndicator=false&isFromAllResults=false&isFromAlternateReactionSteps=false&isFromReactionGroup=false&key=6a58ba6462c3022ca7b601fb&metricsOrdinal=1091&ordinal=1&resultType=reaction&resultView=DETAIL&state=searchDetail.reaction&suppressNavigation=false&uiContext=366&uiSubContext=551&uriForDetails=multistep-reaction%2Fe3853a02-b835-5598-a9a2-ef1874b44341&uriForGroup=substance%2Fpt%2F556569%2Bsubstance%2Fpt%2F79549749-%3Esubstance%2Fpt%2F109010824%2Bsubstance%2Fpt%2F109010835
55,1092,1,31-354-CAS-978898,2,skipped,1,多产物反应，按当前课题规则跳过,https://scifinder-n.cas.org/search/reaction/6a58ba6462c3022ca7b601fb/55,https://scifinder-n.cas.org/navigate/?appId=ef63d3f3-5e14-43c2-b2ad-9a405707595c&backKey=6a58ba6462c3022ca7b601fb&backToPage=55&cidValue=816&groupOrdinal=1092&groupViewContextIndicator=false&isFromAllResults=false&isFromAlternateReactionSteps=false&isFromReactionGroup=false&key=6a58ba6462c3022ca7b601fb&metricsOrdinal=1092&ordinal=1&resultType=reaction&resultView=DETAIL&state=searchDetail.reaction&suppressNavigation=false&uiContext=366&uiSubContext=551&uriForDetails=multistep-reaction%2Ffe0bae35-e84f-5934-8978-9acb4dc7ce2e&uriForGroup=substance%2Fpt%2F890131358%2Bsubstance%2Fpt%2F98884-%3Esubstance%2Fpt%2F890131449%2Bsubstance%2Fpt%2F890131461
55,1093,1,31-008-CAS-16627917,2,skipped,1,多产物反应，按当前课题规则跳过,https://scifinder-n.cas.org/search/reaction/6a58ba6462c3022ca7b601fb/55,https://scifinder-n.cas.org/navigate/?appId=ef63d3f3-5e14-43c2-b2ad-9a405707595c&backKey=6a58ba6462c3022ca7b601fb&backToPage=55&cidValue=816&groupOrdinal=1093&groupViewContextIndicator=false&isFromAllResults=false&isFromAlternateReactionSteps=false&isFromReactionGroup=false&key=6a58ba6462c3022ca7b601fb&metricsOrdinal=1093&ordinal=1&resultType=reaction&resultView=DETAIL&state=searchDetail.reaction&suppressNavigation=false&uiContext=366&uiSubContext=551&uriForDetails=multistep-reaction%2F0711b56c-86fb-5b75-85d6-2e0d4f20fa9f&uriForGroup=substance%2Fpt%2F100390%2Bsubstance%2Fpt%2F2070836245-%3Esubstance%2Fpt%2F2070836381%2Bsubstance%2Fpt%2F2070836405
55,1094,1,31-614-CAS-36123605,2,skipped,1,多产物反应，按当前课题规则跳过,https://scifinder-n.cas.org/search/reaction/6a58ba6462c3022ca7b601fb/55,https://scifinder-n.cas.org/navigate/?appId=ef63d3f3-5e14-43c2-b2ad-9a405707595c&backKey=6a58ba6462c3022ca7b601fb&backToPage=55&cidValue=816&groupOrdinal=1094&groupViewContextIndicator=false&isFromAllResults=false&isFromAlternateReactionSteps=false&isFromReactionGroup=false&key=6a58ba6462c3022ca7b601fb&metricsOrdinal=1094&ordinal=1&resultType=reaction&resultView=DETAIL&state=searchDetail.reaction&suppressNavigation=false&uiContext=366&uiSubContext=551&uriForDetails=multistep-reaction%2F17761c0b-2655-5da6-8425-d81767c4bb8e&uriForGroup=substance%2Fpt%2F108549231%2Bsubstance%2Fpt%2F2914913883-%3Esubstance%2Fpt%2F2914913894%2Bsubstance%2Fpt%2F2914913907
55,1095,1,31-008-CAS-16627914,2,skipped,1,多产物反应，按当前课题规则跳过,https://scifinder-n.cas.org/search/reaction/6a58ba6462c3022ca7b601fb/55,https://scifinder-n.cas.org/navigate/?appId=ef63d3f3-5e14-43c2-b2ad-9a405707595c&backKey=6a58ba6462c3022ca7b601fb&backToPage=55&cidValue=816&groupOrdinal=1095&groupViewContextIndicator=false&isFromAllResults=false&isFromAlternateReactionSteps=false&isFromReactionGroup=false&key=6a58ba6462c3022ca7b601fb&metricsOrdinal=1095&ordinal=1&resultType=reaction&resultView=DETAIL&state=searchDetail.reaction&suppressNavigation=false&uiContext=366&uiSubContext=551&uriForDetails=multistep-reaction%2F1831ceff-c223-5ba2-a222-a8c4b7900c1c&uriForGroup=substance%2Fpt%2F100390%2Bsubstance%2Fpt%2F2070836234-%3Esubstance%2Fpt%2F2070836392%2Bsubstance%2Fpt%2F2070836416
55,1096,1,31-614-CAS-41442015,2,skipped,1,多产物反应，按当前课题规则跳过,https://scifinder-n.cas.org/search/reaction/6a58ba6462c3022ca7b601fb/55,https://scifinder-n.cas.org/navigate/?appId=ef63d3f3-5e14-43c2-b2ad-9a405707595c&backKey=6a58ba6462c3022ca7b601fb&backToPage=55&cidValue=816&groupOrdinal=1096&groupViewContextIndicator=false&isFromAllResults=false&isFromAlternateReactionSteps=false&isFromReactionGroup=false&key=6a58ba6462c3022ca7b601fb&metricsOrdinal=1096&ordinal=1&resultType=reaction&resultView=DETAIL&state=searchDetail.reaction&suppressNavigation=false&uiContext=366&uiSubContext=551&uriForDetails=multistep-reaction%2F9f89c55c-d00b-55ab-8602-8e3d9438a25d&uriForGroup=substance%2Fpt%2F80018957-%3Esubstance%2Fpt%2F3051815472%2Bsubstance%2Fpt%2F3051815483
55,1097,1,31-614-CAS-26757765,2,skipped,1,多产物反应，按当前课题规则跳过,https://scifinder-n.cas.org/search/reaction/6a58ba6462c3022ca7b601fb/55,https://scifinder-n.cas.org/navigate/?appId=ef63d3f3-5e14-43c2-b2ad-9a405707595c&backKey=6a58ba6462c3022ca7b601fb&backToPage=55&cidValue=816&groupOrdinal=1097&groupViewContextIndicator=false&isFromAllResults=false&isFromAlternateReactionSteps=false&isFromReactionGroup=false&key=6a58ba6462c3022ca7b601fb&metricsOrdinal=1097&ordinal=1&resultType=reaction&resultView=DETAIL&state=searchDetail.reaction&suppressNavigation=false&uiContext=366&uiSubContext=551&uriForDetails=multistep-reaction%2F0fde5ac1-1afc-59c6-b001-be683499523c&uriForGroup=substance%2Fpt%2F1628073608%2Bsubstance%2Fpt%2F613901-%3Esubstance%2Fpt%2F1628073619%2Bsubstance%2Fpt%2F2520188161
55,1097,2,31-614-CAS-29959229,2,skipped,1,多产物反应，按当前课题规则跳过,https://scifinder-n.cas.org/search/reaction/6a58ba6462c3022ca7b601fb/55,https://scifinder-n.cas.org/navigate/?appId=ef63d3f3-5e14-43c2-b2ad-9a405707595c&backKey=6a58ba6462c3022ca7b601fb&backToPage=55&cidValue=816&groupOrdinal=1097&groupViewContextIndicator=false&isFromAllResults=false&isFromAlternateReactionSteps=false&isFromReactionGroup=false&key=6a58ba6462c3022ca7b601fb&metricsOrdinal=1097&ordinal=2&resultType=reaction&resultView=DETAIL&state=searchDetail.reaction&suppressNavigation=false&uiContext=366&uiSubContext=551&uriForDetails=multistep-reaction%2F32f285a1-2d60-554d-a563-3ad832bc3e12&uriForGroup=substance%2Fpt%2F1628073608%2Bsubstance%2Fpt%2F613901-%3Esubstance%2Fpt%2F1628073619%2Bsubstance%2Fpt%2F2520188161
55,1098,1,31-614-CAS-30957885,2,skipped,1,多产物反应，按当前课题规则跳过,https://scifinder-n.cas.org/search/reaction/6a58ba6462c3022ca7b601fb/55,https://scifinder-n.cas.org/navigate/?appId=ef63d3f3-5e14-43c2-b2ad-9a405707595c&backKey=6a58ba6462c3022ca7b601fb&backToPage=55&cidValue=816&groupOrdinal=1098&groupViewContextIndicator=false&isFromAllResults=false&isFromAlternateReactionSteps=false&isFromReactionGroup=false&key=6a58ba6462c3022ca7b601fb&metricsOrdinal=1098&ordinal=1&resultType=reaction&resultView=DETAIL&state=searchDetail.reaction&suppressNavigation=false&uiContext=366&uiSubContext=551&uriForDetails=multistep-reaction%2F4e21918c-e9c0-5eff-9372-67b82e938149&uriForGroup=substance%2Fpt%2F104881%2Bsubstance%2Fpt%2F14155238-%3Esubstance%2Fpt%2F2276702102%2Bsubstance%2Fpt%2F2276702113
55,1099,1,31-011-CAS-20878055,2,skipped,1,多产物反应，按当前课题规则跳过,https://scifinder-n.cas.org/search/reaction/6a58ba6462c3022ca7b601fb/55,https://scifinder-n.cas.org/navigate/?appId=ef63d3f3-5e14-43c2-b2ad-9a405707595c&backKey=6a58ba6462c3022ca7b601fb&backToPage=55&cidValue=816&groupOrdinal=1099&groupViewContextIndicator=false&isFromAllResults=false&isFromAlternateReactionSteps=false&isFromReactionGroup=false&key=6a58ba6462c3022ca7b601fb&metricsOrdinal=1099&ordinal=1&resultType=reaction&resultView=DETAIL&state=searchDetail.reaction&suppressNavigation=false&uiContext=366&uiSubContext=551&uriForDetails=multistep-reaction%2F4f4e9b0a-3ea7-5586-b42a-7a764442312d&uriForGroup=substance%2Fpt%2F22979357%2Bsubstance%2Fpt%2F2390477128-%3Esubstance%2Fpt%2F2390477468%2Bsubstance%2Fpt%2F2390477479
55,1100,1,31-010-CAS-14419375,2,skipped,1,多产物反应，按当前课题规则跳过,https://scifinder-n.cas.org/search/reaction/6a58ba6462c3022ca7b601fb/55,https://scifinder-n.cas.org/navigate/?appId=ef63d3f3-5e14-43c2-b2ad-9a405707595c&backKey=6a58ba6462c3022ca7b601fb&backToPage=55&cidValue=816&groupOrdinal=1100&groupViewContextIndicator=false&isFromAllResults=false&isFromAlternateReactionSteps=false&isFromReactionGroup=false&key=6a58ba6462c3022ca7b601fb&metricsOrdinal=1100&ordinal=1&resultType=reaction&resultView=DETAIL&state=searchDetail.reaction&suppressNavigation=false&uiContext=366&uiSubContext=551&uriForDetails=multistep-reaction%2F768da009-697e-5e59-ab60-4a2404280592&uriForGroup=substance%2Fpt%2F865484737%2Bsubstance%2Fpt%2F943221849-%3Esubstance%2Fpt%2F1256569295%2Bsubstance%2Fpt%2F1256569308
55,1100,2,31-010-CAS-12291972,2,skipped,1,多产物反应，按当前课题规则跳过,https://scifinder-n.cas.org/search/reaction/6a58ba6462c3022ca7b601fb/55,https://scifinder-n.cas.org/navigate/?appId=ef63d3f3-5e14-43c2-b2ad-9a405707595c&backKey=6a58ba6462c3022ca7b601fb&backToPage=55&cidValue=816&groupOrdinal=1100&groupViewContextIndicator=false&isFromAllResults=false&isFromAlternateReactionSteps=false&isFromReactionGroup=false&key=6a58ba6462c3022ca7b601fb&metricsOrdinal=1100&ordinal=2&resultType=reaction&resultView=DETAIL&state=searchDetail.reaction&suppressNavigation=false&uiContext=366&uiSubContext=551&uriForDetails=multistep-reaction%2F24a84512-a5fa-5293-aa6c-2c46a71069e4&uriForGroup=substance%2Fpt%2F865484737%2Bsubstance%2Fpt%2F943221849-%3Esubstance%2Fpt%2F1256569295%2Bsubstance%2Fpt%2F1256569308
56,1101,1,31-014-CAS-22943095,2,skipped,1,多产物反应，按当前课题规则跳过,https://scifinder-n.cas.org/search/reaction/6a58ba6462c3022ca7b601fb/56,https://scifinder-n.cas.org/navigate/?appId=309fbc86-a959-4439-a704-41ed740fce52&backKey=6a58ba6462c3022ca7b601fb&backToPage=56&cidValue=816&groupOrdinal=1101&groupViewContextIndicator=false&isFromAllResults=false&isFromAlternateReactionSteps=false&isFromReactionGroup=false&key=6a58ba6462c3022ca7b601fb&metricsOrdinal=1101&ordinal=1&resultType=reaction&resultView=DETAIL&state=searchDetail.reaction&suppressNavigation=false&uiContext=366&uiSubContext=551&uriForDetails=multistep-reaction%2F792e4f7c-e3a6-5de3-9000-41b21d9a2552&uriForGroup=substance%2Fpt%2F57701276%2Bsubstance%2Fpt%2F74372900-%3Esubstance%2Fpt%2F2504033161%2Bsubstance%2Fpt%2F2504033183
56,1102,1,31-236-CAS-22534588,2,skipped,1,多产物反应，按当前课题规则跳过,https://scifinder-n.cas.org/search/reaction/6a58ba6462c3022ca7b601fb/56,https://scifinder-n.cas.org/navigate/?appId=309fbc86-a959-4439-a704-41ed740fce52&backKey=6a58ba6462c3022ca7b601fb&backToPage=56&cidValue=816&groupOrdinal=1102&groupViewContextIndicator=false&isFromAllResults=false&isFromAlternateReactionSteps=false&isFromReactionGroup=false&key=6a58ba6462c3022ca7b601fb&metricsOrdinal=1102&ordinal=1&resultType=reaction&resultView=DETAIL&state=searchDetail.reaction&suppressNavigation=false&uiContext=366&uiSubContext=551&uriForDetails=multistep-reaction%2F853c32a8-7509-5255-b067-80c03e0c3e03&uriForGroup=substance%2Fpt%2F211621555%2Bsubstance%2Fpt%2F2427545273-%3Esubstance%2Fpt%2F2427545808%2Bsubstance%2Fpt%2F2427545819
56,1103,1,31-354-CAS-13442989,2,skipped,1,多产物反应，按当前课题规则跳过,https://scifinder-n.cas.org/search/reaction/6a58ba6462c3022ca7b601fb/56,https://scifinder-n.cas.org/navigate/?appId=309fbc86-a959-4439-a704-41ed740fce52&backKey=6a58ba6462c3022ca7b601fb&backToPage=56&cidValue=816&groupOrdinal=1103&groupViewContextIndicator=false&isFromAllResults=false&isFromAlternateReactionSteps=false&isFromReactionGroup=false&key=6a58ba6462c3022ca7b601fb&metricsOrdinal=1103&ordinal=1&resultType=reaction&resultView=DETAIL&state=searchDetail.reaction&suppressNavigation=false&uiContext=366&uiSubContext=551&uriForDetails=multistep-reaction%2Fb8a7c5b1-54bc-5fc9-a7de-eeddc3579945&uriForGroup=substance%2Fpt%2F110850298%2Bsubstance%2Fpt%2F75365-%3Esubstance%2Fpt%2F104321100%2Bsubstance%2Fpt%2F107657078
56,1104,1,31-008-CAS-10260372,2,skipped,1,多产物反应，按当前课题规则跳过,https://scifinder-n.cas.org/search/reaction/6a58ba6462c3022ca7b601fb/56,https://scifinder-n.cas.org/navigate/?appId=309fbc86-a959-4439-a704-41ed740fce52&backKey=6a58ba6462c3022ca7b601fb&backToPage=56&cidValue=816&groupOrdinal=1104&groupViewContextIndicator=false&isFromAllResults=false&isFromAlternateReactionSteps=false&isFromReactionGroup=false&key=6a58ba6462c3022ca7b601fb&metricsOrdinal=1104&ordinal=1&resultType=reaction&resultView=DETAIL&state=searchDetail.reaction&suppressNavigation=false&uiContext=366&uiSubContext=551&uriForDetails=multistep-reaction%2Fc21763c8-6188-5e42-8dde-b5a54fb2b395&uriForGroup=substance%2Fpt%2F100390%2Bsubstance%2Fpt%2F4288931-%3Esubstance%2Fpt%2F80734732%2Bsubstance%2Fpt%2F81872620
56,1105,1,31-008-CAS-10658582,2,skipped,1,多产物反应，按当前课题规则跳过,https://scifinder-n.cas.org/search/reaction/6a58ba6462c3022ca7b601fb/56,https://scifinder-n.cas.org/navigate/?appId=309fbc86-a959-4439-a704-41ed740fce52&backKey=6a58ba6462c3022ca7b601fb&backToPage=56&cidValue=816&groupOrdinal=1105&groupViewContextIndicator=false&isFromAllResults=false&isFromAlternateReactionSteps=false&isFromReactionGroup=false&key=6a58ba6462c3022ca7b601fb&metricsOrdinal=1105&ordinal=1&resultType=reaction&resultView=DETAIL&state=searchDetail.reaction&suppressNavigation=false&uiContext=366&uiSubContext=551&uriForDetails=multistep-reaction%2F6232cf7f-3c6d-571f-a864-50db5b38c789&uriForGroup=substance%2Fpt%2F18162486%2Bsubstance%2Fpt%2F71117367-%3Esubstance%2Fpt%2F108739931%2Bsubstance%2Fpt%2F108739942
56,1106,1,31-614-CAS-47550632,2,skipped,1,多产物反应，按当前课题规则跳过,https://scifinder-n.cas.org/search/reaction/6a58ba6462c3022ca7b601fb/56,https://scifinder-n.cas.org/navigate/?appId=309fbc86-a959-4439-a704-41ed740fce52&backKey=6a58ba6462c3022ca7b601fb&backToPage=56&cidValue=816&groupOrdinal=1106&groupViewContextIndicator=false&isFromAllResults=false&isFromAlternateReactionSteps=false&isFromReactionGroup=false&key=6a58ba6462c3022ca7b601fb&metricsOrdinal=1106&ordinal=1&resultType=reaction&resultView=DETAIL&state=searchDetail.reaction&suppressNavigation=false&uiContext=366&uiSubContext=551&uriForDetails=multistep-reaction%2F34350b68-1a39-518b-ad80-ec04519fe07f&uriForGroup=substance%2Fpt%2F18162486%2Bsubstance%2Fpt%2F7585399-%3Esubstance%2Fpt%2F123155033%2Bsubstance%2Fpt%2F187740950
56,1106,2,31-008-CAS-14295469,2,skipped,1,多产物反应，按当前课题规则跳过,https://scifinder-n.cas.org/search/reaction/6a58ba6462c3022ca7b601fb/56,https://scifinder-n.cas.org/navigate/?appId=309fbc86-a959-4439-a704-41ed740fce52&backKey=6a58ba6462c3022ca7b601fb&backToPage=56&cidValue=816&groupOrdinal=1106&groupViewContextIndicator=false&isFromAllResults=false&isFromAlternateReactionSteps=false&isFromReactionGroup=false&key=6a58ba6462c3022ca7b601fb&metricsOrdinal=1106&ordinal=2&resultType=reaction&resultView=DETAIL&state=searchDetail.reaction&suppressNavigation=false&uiContext=366&uiSubContext=551&uriForDetails=multistep-reaction%2F7537640d-37a2-5057-8766-63cf662136b4&uriForGroup=substance%2Fpt%2F18162486%2Bsubstance%2Fpt%2F7585399-%3Esubstance%2Fpt%2F123155033%2Bsubstance%2Fpt%2F187740950
56,1107,1,31-008-CAS-17964804,2,skipped,1,多产物反应，按当前课题规则跳过,https://scifinder-n.cas.org/search/reaction/6a58ba6462c3022ca7b601fb/56,https://scifinder-n.cas.org/navigate/?appId=309fbc86-a959-4439-a704-41ed740fce52&backKey=6a58ba6462c3022ca7b601fb&backToPage=56&cidValue=816&groupOrdinal=1107&groupViewContextIndicator=false&isFromAllResults=false&isFromAlternateReactionSteps=false&isFromReactionGroup=false&key=6a58ba6462c3022ca7b601fb&metricsOrdinal=1107&ordinal=1&resultType=reaction&resultView=DETAIL&state=searchDetail.reaction&suppressNavigation=false&uiContext=366&uiSubContext=551&uriForDetails=multistep-reaction%2Fb406efae-fe06-5b94-a0df-b7c254a110c1&uriForGroup=substance%2Fpt%2F100447%2Bsubstance%2Fpt%2F57701276-%3Esubstance%2Fpt%2F76375661%2Bsubstance%2Fpt%2F76419482
56,1108,1,31-614-CAS-27087963,2,skipped,1,多产物反应，按当前课题规则跳过,https://scifinder-n.cas.org/search/reaction/6a58ba6462c3022ca7b601fb/56,https://scifinder-n.cas.org/navigate/?appId=309fbc86-a959-4439-a704-41ed740fce52&backKey=6a58ba6462c3022ca7b601fb&backToPage=56&cidValue=816&groupOrdinal=1108&groupViewContextIndicator=false&isFromAllResults=false&isFromAlternateReactionSteps=false&isFromReactionGroup=false&key=6a58ba6462c3022ca7b601fb&metricsOrdinal=1108&ordinal=1&resultType=reaction&resultView=DETAIL&state=searchDetail.reaction&suppressNavigation=false&uiContext=366&uiSubContext=551&uriForDetails=multistep-reaction%2Fc9ad9598-c09f-5a0c-9d41-ce441842794e&uriForGroup=substance%2Fpt%2F442639352%2Bsubstance%2Fpt%2F98884-%3Esubstance%2Fpt%2F442639385%2Bsubstance%2Fpt%2F442639410
56,1109,1,31-354-CAS-16763390,2,skipped,1,多产物反应，按当前课题规则跳过,https://scifinder-n.cas.org/search/reaction/6a58ba6462c3022ca7b601fb/56,https://scifinder-n.cas.org/navigate/?appId=309fbc86-a959-4439-a704-41ed740fce52&backKey=6a58ba6462c3022ca7b601fb&backToPage=56&cidValue=816&groupOrdinal=1109&groupViewContextIndicator=false&isFromAllResults=false&isFromAlternateReactionSteps=false&isFromReactionGroup=false&key=6a58ba6462c3022ca7b601fb&metricsOrdinal=1109&ordinal=1&resultType=reaction&resultView=DETAIL&state=searchDetail.reaction&suppressNavigation=false&uiContext=366&uiSubContext=551&uriForDetails=multistep-reaction%2Fec2e86a0-291e-5622-9991-2349093ee28d&uriForGroup=substance%2Fpt%2F110850298%2Bsubstance%2Fpt%2F98884-%3Esubstance%2Fpt%2F1270191746%2Bsubstance%2Fpt%2F500003587
56,1110,1,31-014-CAS-22945078,2,skipped,1,多产物反应，按当前课题规则跳过,https://scifinder-n.cas.org/search/reaction/6a58ba6462c3022ca7b601fb/56,https://scifinder-n.cas.org/navigate/?appId=309fbc86-a959-4439-a704-41ed740fce52&backKey=6a58ba6462c3022ca7b601fb&backToPage=56&cidValue=816&groupOrdinal=1110&groupViewContextIndicator=false&isFromAllResults=false&isFromAlternateReactionSteps=false&isFromReactionGroup=false&key=6a58ba6462c3022ca7b601fb&metricsOrdinal=1110&ordinal=1&resultType=reaction&resultView=DETAIL&state=searchDetail.reaction&suppressNavigation=false&uiContext=366&uiSubContext=551&uriForDetails=multistep-reaction%2F2b0960f8-9a14-53b7-91af-3c18ee24e41b&uriForGroup=substance%2Fpt%2F74372900%2Bsubstance%2Fpt%2F80245063-%3Esubstance%2Fpt%2F2504033296%2Bsubstance%2Fpt%2F2504033309
56,1111,1,31-614-CAS-41442024,2,skipped,1,多产物反应，按当前课题规则跳过,https://scifinder-n.cas.org/search/reaction/6a58ba6462c3022ca7b601fb/56,https://scifinder-n.cas.org/navigate/?appId=309fbc86-a959-4439-a704-41ed740fce52&backKey=6a58ba6462c3022ca7b601fb&backToPage=56&cidValue=816&groupOrdinal=1111&groupViewContextIndicator=false&isFromAllResults=false&isFromAlternateReactionSteps=false&isFromReactionGroup=false&key=6a58ba6462c3022ca7b601fb&metricsOrdinal=1111&ordinal=1&resultType=reaction&resultView=DETAIL&state=searchDetail.reaction&suppressNavigation=false&uiContext=366&uiSubContext=551&uriForDetails=multistep-reaction%2F49c0525f-f725-5b67-95da-477e46eb9ffa&uriForGroup=substance%2Fpt%2F3051815529-%3Esubstance%2Fpt%2F3051815530%2Bsubstance%2Fpt%2F3051815541
56,1112,1,31-354-CAS-13180349,2,skipped,1,多产物反应，按当前课题规则跳过,https://scifinder-n.cas.org/search/reaction/6a58ba6462c3022ca7b601fb/56,https://scifinder-n.cas.org/navigate/?appId=309fbc86-a959-4439-a704-41ed740fce52&backKey=6a58ba6462c3022ca7b601fb&backToPage=56&cidValue=816&groupOrdinal=1112&groupViewContextIndicator=false&isFromAllResults=false&isFromAlternateReactionSteps=false&isFromReactionGroup=false&key=6a58ba6462c3022ca7b601fb&metricsOrdinal=1112&ordinal=1&resultType=reaction&resultView=DETAIL&state=searchDetail.reaction&suppressNavigation=false&uiContext=366&uiSubContext=551&uriForDetails=multistep-reaction%2F4bdca7c8-aff2-55a2-86ed-988e84971e8f&uriForGroup=substance%2Fpt%2F122010%2Bsubstance%2Fpt%2F122169862-%3Esubstance%2Fpt%2F349129222%2Bsubstance%2Fpt%2F688359606
56,1113,1,31-008-CAS-2751447,2,skipped,1,多产物反应，按当前课题规则跳过,https://scifinder-n.cas.org/search/reaction/6a58ba6462c3022ca7b601fb/56,https://scifinder-n.cas.org/navigate/?appId=309fbc86-a959-4439-a704-41ed740fce52&backKey=6a58ba6462c3022ca7b601fb&backToPage=56&cidValue=816&groupOrdinal=1113&groupViewContextIndicator=false&isFromAllResults=false&isFromAlternateReactionSteps=false&isFromReactionGroup=false&key=6a58ba6462c3022ca7b601fb&metricsOrdinal=1113&ordinal=1&resultType=reaction&resultView=DETAIL&state=searchDetail.reaction&suppressNavigation=false&uiContext=366&uiSubContext=551&uriForDetails=multistep-reaction%2F6c868c72-a3b3-50a7-82ec-7174f602d0b8&uriForGroup=substance%2Fpt%2F74884%2Bsubstance%2Fpt%2F75829662-%3Esubstance%2Fpt%2F228728992%2Bsubstance%2Fpt%2F69685263
56,1114,1,31-356-CAS-9371522,2,skipped,1,多产物反应，按当前课题规则跳过,https://scifinder-n.cas.org/search/reaction/6a58ba6462c3022ca7b601fb/56,https://scifinder-n.cas.org/navigate/?appId=309fbc86-a959-4439-a704-41ed740fce52&backKey=6a58ba6462c3022ca7b601fb&backToPage=56&cidValue=816&groupOrdinal=1114&groupViewContextIndicator=false&isFromAllResults=false&isFromAlternateReactionSteps=false&isFromReactionGroup=false&key=6a58ba6462c3022ca7b601fb&metricsOrdinal=1114&ordinal=1&resultType=reaction&resultView=DETAIL&state=searchDetail.reaction&suppressNavigation=false&uiContext=366&uiSubContext=551&uriForDetails=multistep-reaction%2F8b112abc-1742-50dc-adf8-4657045b0ed3&uriForGroup=substance%2Fpt%2F1458063905%2Bsubstance%2Fpt%2F78397-%3Esubstance%2Fpt%2F1458063916%2Bsubstance%2Fpt%2F1458063927
56,1115,1,31-008-CAS-43888,2,skipped,1,多产物反应，按当前课题规则跳过,https://scifinder-n.cas.org/search/reaction/6a58ba6462c3022ca7b601fb/56,https://scifinder-n.cas.org/navigate/?appId=309fbc86-a959-4439-a704-41ed740fce52&backKey=6a58ba6462c3022ca7b601fb&backToPage=56&cidValue=816&groupOrdinal=1115&groupViewContextIndicator=false&isFromAllResults=false&isFromAlternateReactionSteps=false&isFromReactionGroup=false&key=6a58ba6462c3022ca7b601fb&metricsOrdinal=1115&ordinal=1&resultType=reaction&resultView=DETAIL&state=searchDetail.reaction&suppressNavigation=false&uiContext=366&uiSubContext=551&uriForDetails=multistep-reaction%2F8e01a43b-6cea-5fca-afa9-dddfbcd213f7&uriForGroup=substance%2Fpt%2F74884%2Bsubstance%2Fpt%2F870543478-%3Esubstance%2Fpt%2F1610022940%2Bsubstance%2Fpt%2F1622936100
56,1116,1,31-011-CAS-20878042,2,skipped,1,多产物反应，按当前课题规则跳过,https://scifinder-n.cas.org/search/reaction/6a58ba6462c3022ca7b601fb/56,https://scifinder-n.cas.org/navigate/?appId=309fbc86-a959-4439-a704-41ed740fce52&backKey=6a58ba6462c3022ca7b601fb&backToPage=56&cidValue=816&groupOrdinal=1116&groupViewContextIndicator=false&isFromAllResults=false&isFromAlternateReactionSteps=false&isFromReactionGroup=false&key=6a58ba6462c3022ca7b601fb&metricsOrdinal=1116&ordinal=1&resultType=reaction&resultView=DETAIL&state=searchDetail.reaction&suppressNavigation=false&uiContext=366&uiSubContext=551&uriForDetails=multistep-reaction%2Fa1d75a39-2d03-502b-a2ec-2d0842a80487&uriForGroup=substance%2Fpt%2F22979357%2Bsubstance%2Fpt%2F64552063-%3Esubstance%2Fpt%2F2390477275%2Bsubstance%2Fpt%2F2390477286
56,1117,1,31-614-CAS-24413601,2,skipped,1,多产物反应，按当前课题规则跳过,https://scifinder-n.cas.org/search/reaction/6a58ba6462c3022ca7b601fb/56,https://scifinder-n.cas.org/navigate/?appId=309fbc86-a959-4439-a704-41ed740fce52&backKey=6a58ba6462c3022ca7b601fb&backToPage=56&cidValue=816&groupOrdinal=1117&groupViewContextIndicator=false&isFromAllResults=false&isFromAlternateReactionSteps=false&isFromReactionGroup=false&key=6a58ba6462c3022ca7b601fb&metricsOrdinal=1117&ordinal=1&resultType=reaction&resultView=DETAIL&state=searchDetail.reaction&suppressNavigation=false&uiContext=366&uiSubContext=551&uriForDetails=multistep-reaction%2Faa1b8794-f338-5b14-8549-5fd369964787&uriForGroup=substance%2Fpt%2F1053644646%2Bsubstance%2Fpt%2F2708962892-%3Esubstance%2Fpt%2F2708962825%2Bsubstance%2Fpt%2F2708962836
56,1118,1,31-010-CAS-8568758,2,skipped,1,多产物反应，按当前课题规则跳过,https://scifinder-n.cas.org/search/reaction/6a58ba6462c3022ca7b601fb/56,https://scifinder-n.cas.org/navigate/?appId=309fbc86-a959-4439-a704-41ed740fce52&backKey=6a58ba6462c3022ca7b601fb&backToPage=56&cidValue=816&groupOrdinal=1118&groupViewContextIndicator=false&isFromAllResults=false&isFromAlternateReactionSteps=false&isFromReactionGroup=false&key=6a58ba6462c3022ca7b601fb&metricsOrdinal=1118&ordinal=1&resultType=reaction&resultView=DETAIL&state=searchDetail.reaction&suppressNavigation=false&uiContext=366&uiSubContext=551&uriForDetails=multistep-reaction%2F4f860ddc-4fa1-5637-bf18-45f4b0aff4d3&uriForGroup=substance%2Fpt%2F119237966%2Bsubstance%2Fpt%2F132748028-%3Esubstance%2Fpt%2F155739756%2Bsubstance%2Fpt%2F155835953
56,1119,1,31-010-CAS-18541,2,skipped,1,多产物反应，按当前课题规则跳过,https://scifinder-n.cas.org/search/reaction/6a58ba6462c3022ca7b601fb/56,https://scifinder-n.cas.org/navigate/?appId=309fbc86-a959-4439-a704-41ed740fce52&backKey=6a58ba6462c3022ca7b601fb&backToPage=56&cidValue=816&groupOrdinal=1119&groupViewContextIndicator=false&isFromAllResults=false&isFromAlternateReactionSteps=false&isFromReactionGroup=false&key=6a58ba6462c3022ca7b601fb&metricsOrdinal=1119&ordinal=1&resultType=reaction&resultView=DETAIL&state=searchDetail.reaction&suppressNavigation=false&uiContext=366&uiSubContext=551&uriForDetails=multistep-reaction%2F5e83f5ab-7288-5981-ae69-429506b4b838&uriForGroup=substance%2Fpt%2F1412198447%2Bsubstance%2Fpt%2F161007950-%3Esubstance%2Fpt%2F1412198492%2Bsubstance%2Fpt%2F1412198527
56,1120,1,31-354-CAS-12466576,2,skipped,1,多产物反应，按当前课题规则跳过,https://scifinder-n.cas.org/search/reaction/6a58ba6462c3022ca7b601fb/56,https://scifinder-n.cas.org/navigate/?appId=309fbc86-a959-4439-a704-41ed740fce52&backKey=6a58ba6462c3022ca7b601fb&backToPage=56&cidValue=816&groupOrdinal=1120&groupViewContextIndicator=false&isFromAllResults=false&isFromAlternateReactionSteps=false&isFromReactionGroup=false&key=6a58ba6462c3022ca7b601fb&metricsOrdinal=1120&ordinal=1&resultType=reaction&resultView=DETAIL&state=searchDetail.reaction&suppressNavigation=false&uiContext=366&uiSubContext=551&uriForDetails=multistep-reaction%2F5f083246-948d-546f-a7a3-dd89d503e211&uriForGroup=substance%2Fpt%2F950602854%2Bsubstance%2Fpt%2F98884-%3Esubstance%2Fpt%2F950602865%2Bsubstance%2Fpt%2F950602876
57,1121,1,31-008-CAS-10897061,2,skipped,1,多产物反应，按当前课题规则跳过,https://scifinder-n.cas.org/search/reaction/6a58ba6462c3022ca7b601fb/57,https://scifinder-n.cas.org/navigate/?appId=c7b4723b-459f-4eff-83a6-b6cb58044f48&backKey=6a58ba6462c3022ca7b601fb&backToPage=57&cidValue=816&groupOrdinal=1121&groupViewContextIndicator=false&isFromAllResults=false&isFromAlternateReactionSteps=false&isFromReactionGroup=false&key=6a58ba6462c3022ca7b601fb&metricsOrdinal=1121&ordinal=1&resultType=reaction&resultView=DETAIL&state=searchDetail.reaction&suppressNavigation=false&uiContext=366&uiSubContext=551&uriForDetails=multistep-reaction%2F7f00dbfd-7e88-507c-956c-5029dc39a0a9&uriForGroup=substance%2Fpt%2F126113700%2Bsubstance%2Fpt%2F70111-%3Esubstance%2Fpt%2F1839510245%2Bsubstance%2Fpt%2F1839510256
57,1122,1,31-010-CAS-3289440,2,skipped,1,多产物反应，按当前课题规则跳过,https://scifinder-n.cas.org/search/reaction/6a58ba6462c3022ca7b601fb/57,https://scifinder-n.cas.org/navigate/?appId=c7b4723b-459f-4eff-83a6-b6cb58044f48&backKey=6a58ba6462c3022ca7b601fb&backToPage=57&cidValue=816&groupOrdinal=1122&groupViewContextIndicator=false&isFromAllResults=false&isFromAlternateReactionSteps=false&isFromReactionGroup=false&key=6a58ba6462c3022ca7b601fb&metricsOrdinal=1122&ordinal=1&resultType=reaction&resultView=DETAIL&state=searchDetail.reaction&suppressNavigation=false&uiContext=366&uiSubContext=551&uriForDetails=multistep-reaction%2F1d9fcb3e-e2f8-591d-9fb2-f3c9b6c19a90&uriForGroup=substance%2Fpt%2F57701276%2Bsubstance%2Fpt%2F623157437-%3Esubstance%2Fpt%2F623157813%2Bsubstance%2Fpt%2F623157824
57,1123,1,31-008-CAS-8260806,2,skipped,1,多产物反应，按当前课题规则跳过,https://scifinder-n.cas.org/search/reaction/6a58ba6462c3022ca7b601fb/57,https://scifinder-n.cas.org/navigate/?appId=c7b4723b-459f-4eff-83a6-b6cb58044f48&backKey=6a58ba6462c3022ca7b601fb&backToPage=57&cidValue=816&groupOrdinal=1123&groupViewContextIndicator=false&isFromAllResults=false&isFromAlternateReactionSteps=false&isFromReactionGroup=false&key=6a58ba6462c3022ca7b601fb&metricsOrdinal=1123&ordinal=1&resultType=reaction&resultView=DETAIL&state=searchDetail.reaction&suppressNavigation=false&uiContext=366&uiSubContext=551&uriForDetails=multistep-reaction%2F348466d3-c3d5-5140-85d7-e174f1597426&uriForGroup=substance%2Fpt%2F1192261043%2Bsubstance%2Fpt%2F824942-%3Esubstance%2Fpt%2F1192261054%2Bsubstance%2Fpt%2F1192261065
57,1124,1,31-354-CAS-12178256,2,skipped,1,多产物反应，按当前课题规则跳过,https://scifinder-n.cas.org/search/reaction/6a58ba6462c3022ca7b601fb/57,https://scifinder-n.cas.org/navigate/?appId=c7b4723b-459f-4eff-83a6-b6cb58044f48&backKey=6a58ba6462c3022ca7b601fb&backToPage=57&cidValue=816&groupOrdinal=1124&groupViewContextIndicator=false&isFromAllResults=false&isFromAlternateReactionSteps=false&isFromReactionGroup=false&key=6a58ba6462c3022ca7b601fb&metricsOrdinal=1124&ordinal=1&resultType=reaction&resultView=DETAIL&state=searchDetail.reaction&suppressNavigation=false&uiContext=366&uiSubContext=551&uriForDetails=multistep-reaction%2F3c91af72-e1d4-57b5-96db-dbf827fe167e&uriForGroup=substance%2Fpt%2F75156159%2Bsubstance%2Fpt%2F98884-%3Esubstance%2Fpt%2F244094982%2Bsubstance%2Fpt%2F244094993
57,1125,1,31-354-CAS-22914286,2,skipped,1,多产物反应，按当前课题规则跳过,https://scifinder-n.cas.org/search/reaction/6a58ba6462c3022ca7b601fb/57,https://scifinder-n.cas.org/navigate/?appId=c7b4723b-459f-4eff-83a6-b6cb58044f48&backKey=6a58ba6462c3022ca7b601fb&backToPage=57&cidValue=816&groupOrdinal=1125&groupViewContextIndicator=false&isFromAllResults=false&isFromAlternateReactionSteps=false&isFromReactionGroup=false&key=6a58ba6462c3022ca7b601fb&metricsOrdinal=1125&ordinal=1&resultType=reaction&resultView=DETAIL&state=searchDetail.reaction&suppressNavigation=false&uiContext=366&uiSubContext=551&uriForDetails=multistep-reaction%2F75eb72aa-faab-5f6f-bcd3-0159ee7a23c4&uriForGroup=substance%2Fpt%2F72904859%2Bsubstance%2Fpt%2F98884-%3Esubstance%2Fpt%2F109010335%2Bsubstance%2Fpt%2F2504956389
57,1126,1,31-008-CAS-5837977,2,skipped,1,多产物反应，按当前课题规则跳过,https://scifinder-n.cas.org/search/reaction/6a58ba6462c3022ca7b601fb/57,https://scifinder-n.cas.org/navigate/?appId=c7b4723b-459f-4eff-83a6-b6cb58044f48&backKey=6a58ba6462c3022ca7b601fb&backToPage=57&cidValue=816&groupOrdinal=1126&groupViewContextIndicator=false&isFromAllResults=false&isFromAlternateReactionSteps=false&isFromReactionGroup=false&key=6a58ba6462c3022ca7b601fb&metricsOrdinal=1126&ordinal=1&resultType=reaction&resultView=DETAIL&state=searchDetail.reaction&suppressNavigation=false&uiContext=366&uiSubContext=551&uriForDetails=multistep-reaction%2F25d22bc8-3c1b-5c4e-92d6-f65b3e32d137&uriForGroup=substance%2Fpt%2F100390%2Bsubstance%2Fpt%2F65530269-%3Esubstance%2Fpt%2F65877216%2Bsubstance%2Fpt%2F78185838
57,1126,2,31-614-CAS-35071309,2,skipped,1,多产物反应，按当前课题规则跳过,https://scifinder-n.cas.org/search/reaction/6a58ba6462c3022ca7b601fb/57,https://scifinder-n.cas.org/navigate/?appId=c7b4723b-459f-4eff-83a6-b6cb58044f48&backKey=6a58ba6462c3022ca7b601fb&backToPage=57&cidValue=816&groupOrdinal=1126&groupViewContextIndicator=false&isFromAllResults=false&isFromAlternateReactionSteps=false&isFromReactionGroup=false&key=6a58ba6462c3022ca7b601fb&metricsOrdinal=1126&ordinal=2&resultType=reaction&resultView=DETAIL&state=searchDetail.reaction&suppressNavigation=false&uiContext=366&uiSubContext=551&uriForDetails=multistep-reaction%2F7b75cdfb-b0ab-5d8a-b053-6854db694036&uriForGroup=substance%2Fpt%2F100390%2Bsubstance%2Fpt%2F65530269-%3Esubstance%2Fpt%2F65877216%2Bsubstance%2Fpt%2F78185838
57,1127,1,31-011-CAS-1417615,2,skipped,1,多产物反应，按当前课题规则跳过,https://scifinder-n.cas.org/search/reaction/6a58ba6462c3022ca7b601fb/57,https://scifinder-n.cas.org/navigate/?appId=c7b4723b-459f-4eff-83a6-b6cb58044f48&backKey=6a58ba6462c3022ca7b601fb&backToPage=57&cidValue=816&groupOrdinal=1127&groupViewContextIndicator=false&isFromAllResults=false&isFromAlternateReactionSteps=false&isFromReactionGroup=false&key=6a58ba6462c3022ca7b601fb&metricsOrdinal=1127&ordinal=1&resultType=reaction&resultView=DETAIL&state=searchDetail.reaction&suppressNavigation=false&uiContext=366&uiSubContext=551&uriForDetails=multistep-reaction%2F7ddb30e2-ecb2-56d0-9879-cf1fce7afbc3&uriForGroup=substance%2Fpt%2F63167679%2Bsubstance%2Fpt%2F883409-%3Esubstance%2Fpt%2F82186070%2Bsubstance%2Fpt%2F82186081
57,1128,1,31-354-CAS-5182220,2,skipped,1,多产物反应，按当前课题规则跳过,https://scifinder-n.cas.org/search/reaction/6a58ba6462c3022ca7b601fb/57,https://scifinder-n.cas.org/navigate/?appId=c7b4723b-459f-4eff-83a6-b6cb58044f48&backKey=6a58ba6462c3022ca7b601fb&backToPage=57&cidValue=816&groupOrdinal=1128&groupViewContextIndicator=false&isFromAllResults=false&isFromAlternateReactionSteps=false&isFromReactionGroup=false&key=6a58ba6462c3022ca7b601fb&metricsOrdinal=1128&ordinal=1&resultType=reaction&resultView=DETAIL&state=searchDetail.reaction&suppressNavigation=false&uiContext=366&uiSubContext=551&uriForDetails=multistep-reaction%2F8d122955-faaf-5a03-a6ac-f3fefdebe94f&uriForGroup=substance%2Fpt%2F75365%2Bsubstance%2Fpt%2F75829662-%3Esubstance%2Fpt%2F219536477%2Bsubstance%2Fpt%2F219536488
57,1129,1,31-010-CAS-5447837,2,skipped,1,多产物反应，按当前课题规则跳过,https://scifinder-n.cas.org/search/reaction/6a58ba6462c3022ca7b601fb/57,https://scifinder-n.cas.org/navigate/?appId=c7b4723b-459f-4eff-83a6-b6cb58044f48&backKey=6a58ba6462c3022ca7b601fb&backToPage=57&cidValue=816&groupOrdinal=1129&groupViewContextIndicator=false&isFromAllResults=false&isFromAlternateReactionSteps=false&isFromReactionGroup=false&key=6a58ba6462c3022ca7b601fb&metricsOrdinal=1129&ordinal=1&resultType=reaction&resultView=DETAIL&state=searchDetail.reaction&suppressNavigation=false&uiContext=366&uiSubContext=551&uriForDetails=multistep-reaction%2Fb51b4595-00ff-56da-bbab-9c3d5dc0b0d1&uriForGroup=substance%2Fpt%2F57701276%2Bsubstance%2Fpt%2F623157448-%3Esubstance%2Fpt%2F623157835%2Bsubstance%2Fpt%2F623157846
57,1130,1,31-008-CAS-15003813,2,skipped,1,多产物反应，按当前课题规则跳过,https://scifinder-n.cas.org/search/reaction/6a58ba6462c3022ca7b601fb/57,https://scifinder-n.cas.org/navigate/?appId=c7b4723b-459f-4eff-83a6-b6cb58044f48&backKey=6a58ba6462c3022ca7b601fb&backToPage=57&cidValue=816&groupOrdinal=1130&groupViewContextIndicator=false&isFromAllResults=false&isFromAlternateReactionSteps=false&isFromReactionGroup=false&key=6a58ba6462c3022ca7b601fb&metricsOrdinal=1130&ordinal=1&resultType=reaction&resultView=DETAIL&state=searchDetail.reaction&suppressNavigation=false&uiContext=366&uiSubContext=551&uriForDetails=multistep-reaction%2Fcf4e8249-2f62-5c8d-9fe7-58a3b0f5a028&uriForGroup=substance%2Fpt%2F100447%2Bsubstance%2Fpt%2F259882150-%3Esubstance%2Fpt%2F1035348027%2Bsubstance%2Fpt%2F1035348038
57,1131,1,31-354-CAS-10052420,2,skipped,1,多产物反应，按当前课题规则跳过,https://scifinder-n.cas.org/search/reaction/6a58ba6462c3022ca7b601fb/57,https://scifinder-n.cas.org/navigate/?appId=c7b4723b-459f-4eff-83a6-b6cb58044f48&backKey=6a58ba6462c3022ca7b601fb&backToPage=57&cidValue=816&groupOrdinal=1131&groupViewContextIndicator=false&isFromAllResults=false&isFromAlternateReactionSteps=false&isFromReactionGroup=false&key=6a58ba6462c3022ca7b601fb&metricsOrdinal=1131&ordinal=1&resultType=reaction&resultView=DETAIL&state=searchDetail.reaction&suppressNavigation=false&uiContext=366&uiSubContext=551&uriForDetails=multistep-reaction%2F9c993291-934d-5f0a-aa63-400436f17d73&uriForGroup=substance%2Fpt%2F18405248%2Bsubstance%2Fpt%2F638299-%3Esubstance%2Fpt%2F1617524090%2Bsubstance%2Fpt%2F1617524103
57,1131,2,31-354-CAS-7491318,2,skipped,1,多产物反应，按当前课题规则跳过,https://scifinder-n.cas.org/search/reaction/6a58ba6462c3022ca7b601fb/57,https://scifinder-n.cas.org/navigate/?appId=c7b4723b-459f-4eff-83a6-b6cb58044f48&backKey=6a58ba6462c3022ca7b601fb&backToPage=57&cidValue=816&groupOrdinal=1131&groupViewContextIndicator=false&isFromAllResults=false&isFromAlternateReactionSteps=false&isFromReactionGroup=false&key=6a58ba6462c3022ca7b601fb&metricsOrdinal=1131&ordinal=2&resultType=reaction&resultView=DETAIL&state=searchDetail.reaction&suppressNavigation=false&uiContext=366&uiSubContext=551&uriForDetails=multistep-reaction%2Fd29f14fc-fea1-58e3-ba0d-2cd13445ffca&uriForGroup=substance%2Fpt%2F18405248%2Bsubstance%2Fpt%2F638299-%3Esubstance%2Fpt%2F1617524090%2Bsubstance%2Fpt%2F1617524103
57,1132,1,31-236-CAS-13171838,2,skipped,1,多产物反应，按当前课题规则跳过,https://scifinder-n.cas.org/search/reaction/6a58ba6462c3022ca7b601fb/57,https://scifinder-n.cas.org/navigate/?appId=c7b4723b-459f-4eff-83a6-b6cb58044f48&backKey=6a58ba6462c3022ca7b601fb&backToPage=57&cidValue=816&groupOrdinal=1132&groupViewContextIndicator=false&isFromAllResults=false&isFromAlternateReactionSteps=false&isFromReactionGroup=false&key=6a58ba6462c3022ca7b601fb&metricsOrdinal=1132&ordinal=1&resultType=reaction&resultView=DETAIL&state=searchDetail.reaction&suppressNavigation=false&uiContext=366&uiSubContext=551&uriForDetails=multistep-reaction%2F258bf9ab-b888-5cc8-bf91-5751df7dc5b5&uriForGroup=substance%2Fpt%2F116110%2Bsubstance%2Fpt%2F57701276-%3Esubstance%2Fpt%2F1532548416%2Bsubstance%2Fpt%2F1532548427
57,1132,2,31-614-CAS-31197372,2,skipped,1,多产物反应，按当前课题规则跳过,https://scifinder-n.cas.org/search/reaction/6a58ba6462c3022ca7b601fb/57,https://scifinder-n.cas.org/navigate/?appId=c7b4723b-459f-4eff-83a6-b6cb58044f48&backKey=6a58ba6462c3022ca7b601fb&backToPage=57&cidValue=816&groupOrdinal=1132&groupViewContextIndicator=false&isFromAllResults=false&isFromAlternateReactionSteps=false&isFromReactionGroup=false&key=6a58ba6462c3022ca7b601fb&metricsOrdinal=1132&ordinal=2&resultType=reaction&resultView=DETAIL&state=searchDetail.reaction&suppressNavigation=false&uiContext=366&uiSubContext=551&uriForDetails=multistep-reaction%2Fa9784d96-c60b-56ea-a70b-35e5f1704664&uriForGroup=substance%2Fpt%2F116110%2Bsubstance%2Fpt%2F57701276-%3Esubstance%2Fpt%2F1532548416%2Bsubstance%2Fpt%2F1532548427
57,1132,3,31-236-CAS-11045058,2,skipped,1,多产物反应，按当前课题规则跳过,https://scifinder-n.cas.org/search/reaction/6a58ba6462c3022ca7b601fb/57,https://scifinder-n.cas.org/navigate/?appId=c7b4723b-459f-4eff-83a6-b6cb58044f48&backKey=6a58ba6462c3022ca7b601fb&backToPage=57&cidValue=816&groupOrdinal=1132&groupViewContextIndicator=false&isFromAllResults=false&isFromAlternateReactionSteps=false&isFromReactionGroup=false&key=6a58ba6462c3022ca7b601fb&metricsOrdinal=1132&ordinal=3&resultType=reaction&resultView=DETAIL&state=searchDetail.reaction&suppressNavigation=false&uiContext=366&uiSubContext=551&uriForDetails=multistep-reaction%2F463f5fe7-92cc-5199-9f57-711eb8edf40a&uriForGroup=substance%2Fpt%2F116110%2Bsubstance%2Fpt%2F57701276-%3Esubstance%2Fpt%2F1532548416%2Bsubstance%2Fpt%2F1532548427
57,1132,4,31-614-CAS-31447668,2,skipped,1,多产物反应，按当前课题规则跳过,https://scifinder-n.cas.org/search/reaction/6a58ba6462c3022ca7b601fb/57,https://scifinder-n.cas.org/navigate/?appId=c7b4723b-459f-4eff-83a6-b6cb58044f48&backKey=6a58ba6462c3022ca7b601fb&backToPage=57&cidValue=816&groupOrdinal=1132&groupViewContextIndicator=false&isFromAllResults=false&isFromAlternateReactionSteps=false&isFromReactionGroup=false&key=6a58ba6462c3022ca7b601fb&metricsOrdinal=1132&ordinal=4&resultType=reaction&resultView=DETAIL&state=searchDetail.reaction&suppressNavigation=false&uiContext=366&uiSubContext=551&uriForDetails=multistep-reaction%2Ffc8f8ee0-05ed-5619-a5cd-5ee95e62b624&uriForGroup=substance%2Fpt%2F116110%2Bsubstance%2Fpt%2F57701276-%3Esubstance%2Fpt%2F1532548416%2Bsubstance%2Fpt%2F1532548427
57,1133,1,31-355-CAS-13681343,2,skipped,1,多产物反应，按当前课题规则跳过,https://scifinder-n.cas.org/search/reaction/6a58ba6462c3022ca7b601fb/57,https://scifinder-n.cas.org/navigate/?appId=c7b4723b-459f-4eff-83a6-b6cb58044f48&backKey=6a58ba6462c3022ca7b601fb&backToPage=57&cidValue=816&groupOrdinal=1133&groupViewContextIndicator=false&isFromAllResults=false&isFromAlternateReactionSteps=false&isFromReactionGroup=false&key=6a58ba6462c3022ca7b601fb&metricsOrdinal=1133&ordinal=1&resultType=reaction&resultView=DETAIL&state=searchDetail.reaction&suppressNavigation=false&uiContext=366&uiSubContext=551&uriForDetails=multistep-reaction%2F6bbda7c6-581b-5693-8d34-bb247a66102b&uriForGroup=substance%2Fpt%2F108247%2Bsubstance%2Fpt%2F65530269-%3Esubstance%2Fpt%2F130464356%2Bsubstance%2Fpt%2F98392360
57,1133,2,31-355-CAS-1240514,2,skipped,1,多产物反应，按当前课题规则跳过,https://scifinder-n.cas.org/search/reaction/6a58ba6462c3022ca7b601fb/57,https://scifinder-n.cas.org/navigate/?appId=c7b4723b-459f-4eff-83a6-b6cb58044f48&backKey=6a58ba6462c3022ca7b601fb&backToPage=57&cidValue=816&groupOrdinal=1133&groupViewContextIndicator=false&isFromAllResults=false&isFromAlternateReactionSteps=false&isFromReactionGroup=false&key=6a58ba6462c3022ca7b601fb&metricsOrdinal=1133&ordinal=2&resultType=reaction&resultView=DETAIL&state=searchDetail.reaction&suppressNavigation=false&uiContext=366&uiSubContext=551&uriForDetails=multistep-reaction%2F2543453c-8abc-51ab-bd45-a4a6d3826c07&uriForGroup=substance%2Fpt%2F108247%2Bsubstance%2Fpt%2F65530269-%3Esubstance%2Fpt%2F130464356%2Bsubstance%2Fpt%2F98392360
57,1134,1,31-008-CAS-6104897,2,skipped,1,多产物反应，按当前课题规则跳过,https://scifinder-n.cas.org/search/reaction/6a58ba6462c3022ca7b601fb/57,https://scifinder-n.cas.org/navigate/?appId=c7b4723b-459f-4eff-83a6-b6cb58044f48&backKey=6a58ba6462c3022ca7b601fb&backToPage=57&cidValue=816&groupOrdinal=1134&groupViewContextIndicator=false&isFromAllResults=false&isFromAlternateReactionSteps=false&isFromReactionGroup=false&key=6a58ba6462c3022ca7b601fb&metricsOrdinal=1134&ordinal=1&resultType=reaction&resultView=DETAIL&state=searchDetail.reaction&suppressNavigation=false&uiContext=366&uiSubContext=551&uriForDetails=multistep-reaction%2Fa5301cad-2df0-5ed2-b79d-8b2c738802c0&uriForGroup=substance%2Fpt%2F100390%2Bsubstance%2Fpt%2F127128523-%3Esubstance%2Fpt%2F127128534%2Bsubstance%2Fpt%2F127128545
57,1135,1,31-170-CAS-19133978,2,skipped,1,多产物反应，按当前课题规则跳过,https://scifinder-n.cas.org/search/reaction/6a58ba6462c3022ca7b601fb/57,https://scifinder-n.cas.org/navigate/?appId=c7b4723b-459f-4eff-83a6-b6cb58044f48&backKey=6a58ba6462c3022ca7b601fb&backToPage=57&cidValue=816&groupOrdinal=1135&groupViewContextIndicator=false&isFromAllResults=false&isFromAlternateReactionSteps=false&isFromReactionGroup=false&key=6a58ba6462c3022ca7b601fb&metricsOrdinal=1135&ordinal=1&resultType=reaction&resultView=DETAIL&state=searchDetail.reaction&suppressNavigation=false&uiContext=366&uiSubContext=551&uriForDetails=multistep-reaction%2Fb4298de6-d1a9-5a10-be13-abf048273a3d&uriForGroup=substance%2Fpt%2F66003767%2Bsubstance%2Fpt%2F73366720-%3Esubstance%2Fpt%2F84073585%2Bsubstance%2Fpt%2F84073609
57,1136,1,31-022-CAS-20448316,2,skipped,1,多产物反应，按当前课题规则跳过,https://scifinder-n.cas.org/search/reaction/6a58ba6462c3022ca7b601fb/57,https://scifinder-n.cas.org/navigate/?appId=c7b4723b-459f-4eff-83a6-b6cb58044f48&backKey=6a58ba6462c3022ca7b601fb&backToPage=57&cidValue=816&groupOrdinal=1136&groupViewContextIndicator=false&isFromAllResults=false&isFromAlternateReactionSteps=false&isFromReactionGroup=false&key=6a58ba6462c3022ca7b601fb&metricsOrdinal=1136&ordinal=1&resultType=reaction&resultView=DETAIL&state=searchDetail.reaction&suppressNavigation=false&uiContext=366&uiSubContext=551&uriForDetails=multistep-reaction%2F32f0f9f2-79ea-53c0-8a61-b9f01505ba46&uriForGroup=substance%2Fpt%2F119237966%2Bsubstance%2Fpt%2F926309106-%3Esubstance%2Fpt%2F2365076011%2Bsubstance%2Fpt%2F2365076022
57,1136,2,31-022-CAS-20448315,2,skipped,1,多产物反应，按当前课题规则跳过,https://scifinder-n.cas.org/search/reaction/6a58ba6462c3022ca7b601fb/57,https://scifinder-n.cas.org/navigate/?appId=c7b4723b-459f-4eff-83a6-b6cb58044f48&backKey=6a58ba6462c3022ca7b601fb&backToPage=57&cidValue=816&groupOrdinal=1136&groupViewContextIndicator=false&isFromAllResults=false&isFromAlternateReactionSteps=false&isFromReactionGroup=false&key=6a58ba6462c3022ca7b601fb&metricsOrdinal=1136&ordinal=2&resultType=reaction&resultView=DETAIL&state=searchDetail.reaction&suppressNavigation=false&uiContext=366&uiSubContext=551&uriForDetails=multistep-reaction%2F08bbd543-7c30-5a8d-b5d9-93e6a623a07f&uriForGroup=substance%2Fpt%2F119237966%2Bsubstance%2Fpt%2F926309106-%3Esubstance%2Fpt%2F2365076011%2Bsubstance%2Fpt%2F2365076022
57,1137,1,31-614-CAS-29343684,2,skipped,1,多产物反应，按当前课题规则跳过,https://scifinder-n.cas.org/search/reaction/6a58ba6462c3022ca7b601fb/57,https://scifinder-n.cas.org/navigate/?appId=c7b4723b-459f-4eff-83a6-b6cb58044f48&backKey=6a58ba6462c3022ca7b601fb&backToPage=57&cidValue=816&groupOrdinal=1137&groupViewContextIndicator=false&isFromAllResults=false&isFromAlternateReactionSteps=false&isFromReactionGroup=false&key=6a58ba6462c3022ca7b601fb&metricsOrdinal=1137&ordinal=1&resultType=reaction&resultView=DETAIL&state=searchDetail.reaction&suppressNavigation=false&uiContext=366&uiSubContext=551&uriForDetails=multistep-reaction%2F51426899-6886-56a3-91f7-7973042927a0&uriForGroup=substance%2Fpt%2F905716054%2Bsubstance%2Fpt%2F98884-%3Esubstance%2Fpt%2F1193366674%2Bsubstance%2Fpt%2F1472627603
57,1138,1,31-354-CAS-4635088,2,skipped,1,多产物反应，按当前课题规则跳过,https://scifinder-n.cas.org/search/reaction/6a58ba6462c3022ca7b601fb/57,https://scifinder-n.cas.org/navigate/?appId=c7b4723b-459f-4eff-83a6-b6cb58044f48&backKey=6a58ba6462c3022ca7b601fb&backToPage=57&cidValue=816&groupOrdinal=1138&groupViewContextIndicator=false&isFromAllResults=false&isFromAlternateReactionSteps=false&isFromReactionGroup=false&key=6a58ba6462c3022ca7b601fb&metricsOrdinal=1138&ordinal=1&resultType=reaction&resultView=DETAIL&state=searchDetail.reaction&suppressNavigation=false&uiContext=366&uiSubContext=551&uriForDetails=multistep-reaction%2F7d762b37-1499-5577-9d4b-a59a855497d1&uriForGroup=substance%2Fpt%2F104992678%2Bsubstance%2Fpt%2F98884-%3Esubstance%2Fpt%2F114244121%2Bsubstance%2Fpt%2F114244198
57,1139,1,31-011-CAS-20878043,2,skipped,1,多产物反应，按当前课题规则跳过,https://scifinder-n.cas.org/search/reaction/6a58ba6462c3022ca7b601fb/57,https://scifinder-n.cas.org/navigate/?appId=c7b4723b-459f-4eff-83a6-b6cb58044f48&backKey=6a58ba6462c3022ca7b601fb&backToPage=57&cidValue=816&groupOrdinal=1139&groupViewContextIndicator=false&isFromAllResults=false&isFromAlternateReactionSteps=false&isFromReactionGroup=false&key=6a58ba6462c3022ca7b601fb&metricsOrdinal=1139&ordinal=1&resultType=reaction&resultView=DETAIL&state=searchDetail.reaction&suppressNavigation=false&uiContext=366&uiSubContext=551&uriForDetails=multistep-reaction%2F84eee40e-6084-585c-8970-e549816b23f3&uriForGroup=substance%2Fpt%2F22979357%2Bsubstance%2Fpt%2F71117378-%3Esubstance%2Fpt%2F2390477300%2Bsubstance%2Fpt%2F2390477311
57,1140,1,31-008-CAS-17856067,2,skipped,1,多产物反应，按当前课题规则跳过,https://scifinder-n.cas.org/search/reaction/6a58ba6462c3022ca7b601fb/57,https://scifinder-n.cas.org/navigate/?appId=c7b4723b-459f-4eff-83a6-b6cb58044f48&backKey=6a58ba6462c3022ca7b601fb&backToPage=57&cidValue=816&groupOrdinal=1140&groupViewContextIndicator=false&isFromAllResults=false&isFromAlternateReactionSteps=false&isFromReactionGroup=false&key=6a58ba6462c3022ca7b601fb&metricsOrdinal=1140&ordinal=1&resultType=reaction&resultView=DETAIL&state=searchDetail.reaction&suppressNavigation=false&uiContext=366&uiSubContext=551&uriForDetails=multistep-reaction%2F176ec7cd-c634-54f5-a156-f0bd23ce3c5f&uriForGroup=substance%2Fpt%2F106956%2Bsubstance%2Fpt%2F7585399-%3Esubstance%2Fpt%2F141792203%2Bsubstance%2Fpt%2F161890091
58,1141,1,31-008-CAS-3108302,2,skipped,1,多产物反应，按当前课题规则跳过,https://scifinder-n.cas.org/search/reaction/6a58ba6462c3022ca7b601fb/58,https://scifinder-n.cas.org/navigate/?appId=2308eb05-1b90-4e99-ba49-003236388849&backKey=6a58ba6462c3022ca7b601fb&backToPage=58&cidValue=816&groupOrdinal=1141&groupViewContextIndicator=false&isFromAllResults=false&isFromAlternateReactionSteps=false&isFromReactionGroup=false&key=6a58ba6462c3022ca7b601fb&metricsOrdinal=1141&ordinal=1&resultType=reaction&resultView=DETAIL&state=searchDetail.reaction&suppressNavigation=false&uiContext=366&uiSubContext=551&uriForDetails=multistep-reaction%2F347a62f0-16f7-5a92-933c-b357b5d37d4b&uriForGroup=substance%2Fpt%2F100390%2Bsubstance%2Fpt%2F109363124-%3Esubstance%2Fpt%2F112260534%2Bsubstance%2Fpt%2F113764968
58,1142,1,31-022-CAS-9869103,2,skipped,1,多产物反应，按当前课题规则跳过,https://scifinder-n.cas.org/search/reaction/6a58ba6462c3022ca7b601fb/58,https://scifinder-n.cas.org/navigate/?appId=2308eb05-1b90-4e99-ba49-003236388849&backKey=6a58ba6462c3022ca7b601fb&backToPage=58&cidValue=816&groupOrdinal=1142&groupViewContextIndicator=false&isFromAllResults=false&isFromAlternateReactionSteps=false&isFromReactionGroup=false&key=6a58ba6462c3022ca7b601fb&metricsOrdinal=1142&ordinal=1&resultType=reaction&resultView=DETAIL&state=searchDetail.reaction&suppressNavigation=false&uiContext=366&uiSubContext=551&uriForDetails=multistep-reaction%2F41d8e1a6-d19f-5592-b783-9377b4a7f85c&uriForGroup=substance%2Fpt%2F219518191%2Bsubstance%2Fpt%2F98599-%3Esubstance%2Fpt%2F755002381%2Bsubstance%2Fpt%2F872594064
58,1143,1,31-008-CAS-16500836,2,skipped,1,多产物反应，按当前课题规则跳过,https://scifinder-n.cas.org/search/reaction/6a58ba6462c3022ca7b601fb/58,https://scifinder-n.cas.org/navigate/?appId=2308eb05-1b90-4e99-ba49-003236388849&backKey=6a58ba6462c3022ca7b601fb&backToPage=58&cidValue=816&groupOrdinal=1143&groupViewContextIndicator=false&isFromAllResults=false&isFromAlternateReactionSteps=false&isFromReactionGroup=false&key=6a58ba6462c3022ca7b601fb&metricsOrdinal=1143&ordinal=1&resultType=reaction&resultView=DETAIL&state=searchDetail.reaction&suppressNavigation=false&uiContext=366&uiSubContext=551&uriForDetails=multistep-reaction%2F1d293080-4424-5e28-80ba-c72f69d1ccff&uriForGroup=substance%2Fpt%2F100390%2Bsubstance%2Fpt%2F146985888-%3Esubstance%2Fpt%2F137172475%2Bsubstance%2Fpt%2F161277334
58,1143,2,31-008-CAS-23634652,2,skipped,1,多产物反应，按当前课题规则跳过,https://scifinder-n.cas.org/search/reaction/6a58ba6462c3022ca7b601fb/58,https://scifinder-n.cas.org/navigate/?appId=2308eb05-1b90-4e99-ba49-003236388849&backKey=6a58ba6462c3022ca7b601fb&backToPage=58&cidValue=816&groupOrdinal=1143&groupViewContextIndicator=false&isFromAllResults=false&isFromAlternateReactionSteps=false&isFromReactionGroup=false&key=6a58ba6462c3022ca7b601fb&metricsOrdinal=1143&ordinal=2&resultType=reaction&resultView=DETAIL&state=searchDetail.reaction&suppressNavigation=false&uiContext=366&uiSubContext=551&uriForDetails=multistep-reaction%2F4a3bab49-d9db-565d-b946-24ede92ceaa4&uriForGroup=substance%2Fpt%2F100390%2Bsubstance%2Fpt%2F146985888-%3Esubstance%2Fpt%2F137172475%2Bsubstance%2Fpt%2F161277334
58,1143,3,31-008-CAS-11928023,2,skipped,1,多产物反应，按当前课题规则跳过,https://scifinder-n.cas.org/search/reaction/6a58ba6462c3022ca7b601fb/58,https://scifinder-n.cas.org/navigate/?appId=2308eb05-1b90-4e99-ba49-003236388849&backKey=6a58ba6462c3022ca7b601fb&backToPage=58&cidValue=816&groupOrdinal=1143&groupViewContextIndicator=false&isFromAllResults=false&isFromAlternateReactionSteps=false&isFromReactionGroup=false&key=6a58ba6462c3022ca7b601fb&metricsOrdinal=1143&ordinal=3&resultType=reaction&resultView=DETAIL&state=searchDetail.reaction&suppressNavigation=false&uiContext=366&uiSubContext=551&uriForDetails=multistep-reaction%2F16a9a328-e24e-5c56-997b-c6c88fe07d74&uriForGroup=substance%2Fpt%2F100390%2Bsubstance%2Fpt%2F146985888-%3Esubstance%2Fpt%2F137172475%2Bsubstance%2Fpt%2F161277334
58,1144,1,31-356-CAS-4645437,2,skipped,1,多产物反应，按当前课题规则跳过,https://scifinder-n.cas.org/search/reaction/6a58ba6462c3022ca7b601fb/58,https://scifinder-n.cas.org/navigate/?appId=2308eb05-1b90-4e99-ba49-003236388849&backKey=6a58ba6462c3022ca7b601fb&backToPage=58&cidValue=816&groupOrdinal=1144&groupViewContextIndicator=false&isFromAllResults=false&isFromAlternateReactionSteps=false&isFromReactionGroup=false&key=6a58ba6462c3022ca7b601fb&metricsOrdinal=1144&ordinal=1&resultType=reaction&resultView=DETAIL&state=searchDetail.reaction&suppressNavigation=false&uiContext=366&uiSubContext=551&uriForDetails=multistep-reaction%2F8e16faa3-78e5-5016-aa17-0cef18599325&uriForGroup=substance%2Fpt%2F14502466%2Bsubstance%2Fpt%2F57701276-%3Esubstance%2Fpt%2F887501635%2Bsubstance%2Fpt%2F887501657
58,1145,1,31-008-CAS-17866959,2,skipped,1,多产物反应，按当前课题规则跳过,https://scifinder-n.cas.org/search/reaction/6a58ba6462c3022ca7b601fb/58,https://scifinder-n.cas.org/navigate/?appId=2308eb05-1b90-4e99-ba49-003236388849&backKey=6a58ba6462c3022ca7b601fb&backToPage=58&cidValue=816&groupOrdinal=1145&groupViewContextIndicator=false&isFromAllResults=false&isFromAlternateReactionSteps=false&isFromReactionGroup=false&key=6a58ba6462c3022ca7b601fb&metricsOrdinal=1145&ordinal=1&resultType=reaction&resultView=DETAIL&state=searchDetail.reaction&suppressNavigation=false&uiContext=366&uiSubContext=551&uriForDetails=multistep-reaction%2F9d3ca012-63f5-5daa-8e03-ed8179018867&uriForGroup=substance%2Fpt%2F100390%2Bsubstance%2Fpt%2F2115025584-%3Esubstance%2Fpt%2F2115025608%2Bsubstance%2Fpt%2F2115025619
58,1146,1,31-614-CAS-31197501,2,skipped,1,多产物反应，按当前课题规则跳过,https://scifinder-n.cas.org/search/reaction/6a58ba6462c3022ca7b601fb/58,https://scifinder-n.cas.org/navigate/?appId=2308eb05-1b90-4e99-ba49-003236388849&backKey=6a58ba6462c3022ca7b601fb&backToPage=58&cidValue=816&groupOrdinal=1146&groupViewContextIndicator=false&isFromAllResults=false&isFromAlternateReactionSteps=false&isFromReactionGroup=false&key=6a58ba6462c3022ca7b601fb&metricsOrdinal=1146&ordinal=1&resultType=reaction&resultView=DETAIL&state=searchDetail.reaction&suppressNavigation=false&uiContext=366&uiSubContext=551&uriForDetails=multistep-reaction%2Fb0d25e13-49ac-5b04-a947-c4e9aa093058&uriForGroup=substance%2Fpt%2F83866108%2Bsubstance%2Fpt%2F87508176-%3Esubstance%2Fpt%2F2756685115%2Bsubstance%2Fpt%2F2756685353
58,1147,1,31-236-CAS-13715825,2,skipped,1,多产物反应，按当前课题规则跳过,https://scifinder-n.cas.org/search/reaction/6a58ba6462c3022ca7b601fb/58,https://scifinder-n.cas.org/navigate/?appId=2308eb05-1b90-4e99-ba49-003236388849&backKey=6a58ba6462c3022ca7b601fb&backToPage=58&cidValue=816&groupOrdinal=1147&groupViewContextIndicator=false&isFromAllResults=false&isFromAlternateReactionSteps=false&isFromReactionGroup=false&key=6a58ba6462c3022ca7b601fb&metricsOrdinal=1147&ordinal=1&resultType=reaction&resultView=DETAIL&state=searchDetail.reaction&suppressNavigation=false&uiContext=366&uiSubContext=551&uriForDetails=multistep-reaction%2Fb9cabd81-95c4-55b6-848b-b7561eb3e30a&uriForGroup=substance%2Fpt%2F1010729540%2Bsubstance%2Fpt%2F117176928-%3Esubstance%2Fpt%2F1010729631%2Bsubstance%2Fpt%2F1010729642
58,1148,1,31-355-CAS-23296394,2,skipped,1,多产物反应，按当前课题规则跳过,https://scifinder-n.cas.org/search/reaction/6a58ba6462c3022ca7b601fb/58,https://scifinder-n.cas.org/navigate/?appId=2308eb05-1b90-4e99-ba49-003236388849&backKey=6a58ba6462c3022ca7b601fb&backToPage=58&cidValue=816&groupOrdinal=1148&groupViewContextIndicator=false&isFromAllResults=false&isFromAlternateReactionSteps=false&isFromReactionGroup=false&key=6a58ba6462c3022ca7b601fb&metricsOrdinal=1148&ordinal=1&resultType=reaction&resultView=DETAIL&state=searchDetail.reaction&suppressNavigation=false&uiContext=366&uiSubContext=551&uriForDetails=multistep-reaction%2Ff2e836f9-68f8-5685-85b8-76ae51080e6a&uriForGroup=substance%2Fpt%2F108247%2Bsubstance%2Fpt%2F18405248-%3Esubstance%2Fpt%2F2608839207%2Bsubstance%2Fpt%2F2608839263
58,1149,1,31-355-CAS-20333540,2,skipped,1,多产物反应，按当前课题规则跳过,https://scifinder-n.cas.org/search/reaction/6a58ba6462c3022ca7b601fb/58,https://scifinder-n.cas.org/navigate/?appId=2308eb05-1b90-4e99-ba49-003236388849&backKey=6a58ba6462c3022ca7b601fb&backToPage=58&cidValue=816&groupOrdinal=1149&groupViewContextIndicator=false&isFromAllResults=false&isFromAlternateReactionSteps=false&isFromReactionGroup=false&key=6a58ba6462c3022ca7b601fb&metricsOrdinal=1149&ordinal=1&resultType=reaction&resultView=DETAIL&state=searchDetail.reaction&suppressNavigation=false&uiContext=366&uiSubContext=551&uriForDetails=multistep-reaction%2F1b449295-f200-539f-91d9-afbb06fc143d&uriForGroup=substance%2Fpt%2F1642131983%2Bsubstance%2Fpt%2F97723-%3Esubstance%2Fpt%2F2360936930%2Bsubstance%2Fpt%2F2360936941
58,1150,1,31-304-CAS-963957,2,skipped,1,多产物反应，按当前课题规则跳过,https://scifinder-n.cas.org/search/reaction/6a58ba6462c3022ca7b601fb/58,https://scifinder-n.cas.org/navigate/?appId=2308eb05-1b90-4e99-ba49-003236388849&backKey=6a58ba6462c3022ca7b601fb&backToPage=58&cidValue=816&groupOrdinal=1150&groupViewContextIndicator=false&isFromAllResults=false&isFromAlternateReactionSteps=false&isFromReactionGroup=false&key=6a58ba6462c3022ca7b601fb&metricsOrdinal=1150&ordinal=1&resultType=reaction&resultView=DETAIL&state=searchDetail.reaction&suppressNavigation=false&uiContext=366&uiSubContext=551&uriForDetails=multistep-reaction%2F36fb8621-3d0d-5123-b5e0-701bae4032e5&uriForGroup=substance%2Fpt%2F1943835%2Bsubstance%2Fpt%2F57701276-%3Esubstance%2Fpt%2F1160470518%2Bsubstance%2Fpt%2F1160470676
58,1151,1,31-614-CAS-30868564,2,skipped,1,多产物反应，按当前课题规则跳过,https://scifinder-n.cas.org/search/reaction/6a58ba6462c3022ca7b601fb/58,https://scifinder-n.cas.org/navigate/?appId=2308eb05-1b90-4e99-ba49-003236388849&backKey=6a58ba6462c3022ca7b601fb&backToPage=58&cidValue=816&groupOrdinal=1151&groupViewContextIndicator=false&isFromAllResults=false&isFromAlternateReactionSteps=false&isFromReactionGroup=false&key=6a58ba6462c3022ca7b601fb&metricsOrdinal=1151&ordinal=1&resultType=reaction&resultView=DETAIL&state=searchDetail.reaction&suppressNavigation=false&uiContext=366&uiSubContext=551&uriForDetails=multistep-reaction%2F6e9631cb-7b36-5547-91ae-a55f616e82d9&uriForGroup=substance%2Fpt%2F1073178832%2Bsubstance%2Fpt%2F112163-%3Esubstance%2Fpt%2F1073178843%2Bsubstance%2Fpt%2F1073178854
58,1152,1,31-356-CAS-5280159,2,skipped,1,多产物反应，按当前课题规则跳过,https://scifinder-n.cas.org/search/reaction/6a58ba6462c3022ca7b601fb/58,https://scifinder-n.cas.org/navigate/?appId=2308eb05-1b90-4e99-ba49-003236388849&backKey=6a58ba6462c3022ca7b601fb&backToPage=58&cidValue=816&groupOrdinal=1152&groupViewContextIndicator=false&isFromAllResults=false&isFromAlternateReactionSteps=false&isFromReactionGroup=false&key=6a58ba6462c3022ca7b601fb&metricsOrdinal=1152&ordinal=1&resultType=reaction&resultView=DETAIL&state=searchDetail.reaction&suppressNavigation=false&uiContext=366&uiSubContext=551&uriForDetails=multistep-reaction%2Facd50f6a-82e6-5085-935d-2440a427916b&uriForGroup=substance%2Fpt%2F929296582-%3Esubstance%2Fpt%2F929296593%2Bsubstance%2Fpt%2F929296606
58,1152,2,31-356-CAS-8449483,2,skipped,1,多产物反应，按当前课题规则跳过,https://scifinder-n.cas.org/search/reaction/6a58ba6462c3022ca7b601fb/58,https://scifinder-n.cas.org/navigate/?appId=2308eb05-1b90-4e99-ba49-003236388849&backKey=6a58ba6462c3022ca7b601fb&backToPage=58&cidValue=816&groupOrdinal=1152&groupViewContextIndicator=false&isFromAllResults=false&isFromAlternateReactionSteps=false&isFromReactionGroup=false&key=6a58ba6462c3022ca7b601fb&metricsOrdinal=1152&ordinal=2&resultType=reaction&resultView=DETAIL&state=searchDetail.reaction&suppressNavigation=false&uiContext=366&uiSubContext=551&uriForDetails=multistep-reaction%2F5747469a-ebed-5643-a22f-cba591e58b45&uriForGroup=substance%2Fpt%2F929296582-%3Esubstance%2Fpt%2F929296593%2Bsubstance%2Fpt%2F929296606
58,1153,1,31-008-CAS-5309976,2,skipped,1,多产物反应，按当前课题规则跳过,https://scifinder-n.cas.org/search/reaction/6a58ba6462c3022ca7b601fb/58,https://scifinder-n.cas.org/navigate/?appId=2308eb05-1b90-4e99-ba49-003236388849&backKey=6a58ba6462c3022ca7b601fb&backToPage=58&cidValue=816&groupOrdinal=1153&groupViewContextIndicator=false&isFromAllResults=false&isFromAlternateReactionSteps=false&isFromReactionGroup=false&key=6a58ba6462c3022ca7b601fb&metricsOrdinal=1153&ordinal=1&resultType=reaction&resultView=DETAIL&state=searchDetail.reaction&suppressNavigation=false&uiContext=366&uiSubContext=551&uriForDetails=multistep-reaction%2Fb0ae9765-3152-5418-abce-5f28c8a124b8&uriForGroup=substance%2Fpt%2F100390%2Bsubstance%2Fpt%2F144367317-%3Esubstance%2Fpt%2F1418284226%2Bsubstance%2Fpt%2F303127813
58,1153,2,31-008-CAS-2079077,2,skipped,1,多产物反应，按当前课题规则跳过,https://scifinder-n.cas.org/search/reaction/6a58ba6462c3022ca7b601fb/58,https://scifinder-n.cas.org/navigate/?appId=2308eb05-1b90-4e99-ba49-003236388849&backKey=6a58ba6462c3022ca7b601fb&backToPage=58&cidValue=816&groupOrdinal=1153&groupViewContextIndicator=false&isFromAllResults=false&isFromAlternateReactionSteps=false&isFromReactionGroup=false&key=6a58ba6462c3022ca7b601fb&metricsOrdinal=1153&ordinal=2&resultType=reaction&resultView=DETAIL&state=searchDetail.reaction&suppressNavigation=false&uiContext=366&uiSubContext=551&uriForDetails=multistep-reaction%2F741f8c70-6e28-5832-9ba4-d1e05e89544b&uriForGroup=substance%2Fpt%2F100390%2Bsubstance%2Fpt%2F144367317-%3Esubstance%2Fpt%2F1418284226%2Bsubstance%2Fpt%2F303127813
58,1154,1,31-354-CAS-19557133,2,skipped,1,多产物反应，按当前课题规则跳过,https://scifinder-n.cas.org/search/reaction/6a58ba6462c3022ca7b601fb/58,https://scifinder-n.cas.org/navigate/?appId=2308eb05-1b90-4e99-ba49-003236388849&backKey=6a58ba6462c3022ca7b601fb&backToPage=58&cidValue=816&groupOrdinal=1154&groupViewContextIndicator=false&isFromAllResults=false&isFromAlternateReactionSteps=false&isFromReactionGroup=false&key=6a58ba6462c3022ca7b601fb&metricsOrdinal=1154&ordinal=1&resultType=reaction&resultView=DETAIL&state=searchDetail.reaction&suppressNavigation=false&uiContext=366&uiSubContext=551&uriForDetails=multistep-reaction%2Ff0592030-4b5a-52ec-ba36-f556c257cef5&uriForGroup=substance%2Fpt%2F2254754362%2Bsubstance%2Fpt%2F2254754373%2Bsubstance%2Fpt%2F98884-%3Esubstance%2Fpt%2F2254754420%2Bsubstance%2Fpt%2F2254754431
58,1155,1,31-008-CAS-15962882,2,skipped,1,多产物反应，按当前课题规则跳过,https://scifinder-n.cas.org/search/reaction/6a58ba6462c3022ca7b601fb/58,https://scifinder-n.cas.org/navigate/?appId=2308eb05-1b90-4e99-ba49-003236388849&backKey=6a58ba6462c3022ca7b601fb&backToPage=58&cidValue=816&groupOrdinal=1155&groupViewContextIndicator=false&isFromAllResults=false&isFromAlternateReactionSteps=false&isFromReactionGroup=false&key=6a58ba6462c3022ca7b601fb&metricsOrdinal=1155&ordinal=1&resultType=reaction&resultView=DETAIL&state=searchDetail.reaction&suppressNavigation=false&uiContext=366&uiSubContext=551&uriForDetails=multistep-reaction%2Fff314458-09b8-5708-9e28-c6ca64424302&uriForGroup=substance%2Fpt%2F100390%2Bsubstance%2Fpt%2F1361016592-%3Esubstance%2Fpt%2F1957172507%2Bsubstance%2Fpt%2F1957172518
58,1156,1,31-614-CAS-30047722,2,skipped,1,多产物反应，按当前课题规则跳过,https://scifinder-n.cas.org/search/reaction/6a58ba6462c3022ca7b601fb/58,https://scifinder-n.cas.org/navigate/?appId=2308eb05-1b90-4e99-ba49-003236388849&backKey=6a58ba6462c3022ca7b601fb&backToPage=58&cidValue=816&groupOrdinal=1156&groupViewContextIndicator=false&isFromAllResults=false&isFromAlternateReactionSteps=false&isFromReactionGroup=false&key=6a58ba6462c3022ca7b601fb&metricsOrdinal=1156&ordinal=1&resultType=reaction&resultView=DETAIL&state=searchDetail.reaction&suppressNavigation=false&uiContext=366&uiSubContext=551&uriForDetails=multistep-reaction%2F823529e5-ef8a-55d7-b84c-18ac032f8077&uriForGroup=substance%2Fpt%2F104881%2Bsubstance%2Fpt%2F3162967-%3Esubstance%2Fpt%2F1186616443%2Bsubstance%2Fpt%2F220859278
58,1157,1,31-008-CAS-16627905,2,skipped,1,多产物反应，按当前课题规则跳过,https://scifinder-n.cas.org/search/reaction/6a58ba6462c3022ca7b601fb/58,https://scifinder-n.cas.org/navigate/?appId=2308eb05-1b90-4e99-ba49-003236388849&backKey=6a58ba6462c3022ca7b601fb&backToPage=58&cidValue=816&groupOrdinal=1157&groupViewContextIndicator=false&isFromAllResults=false&isFromAlternateReactionSteps=false&isFromReactionGroup=false&key=6a58ba6462c3022ca7b601fb&metricsOrdinal=1157&ordinal=1&resultType=reaction&resultView=DETAIL&state=searchDetail.reaction&suppressNavigation=false&uiContext=366&uiSubContext=551&uriForDetails=multistep-reaction%2F8b94f5fc-2ef1-5ec5-8526-b9058e5586ba&uriForGroup=substance%2Fpt%2F18162486%2Bsubstance%2Fpt%2F2070836234%2Bsubstance%2Fpt%2F2070836245-%3Esubstance%2Fpt%2F2070836289%2Bsubstance%2Fpt%2F2070836290
58,1158,1,31-008-CAS-16250332,2,skipped,1,多产物反应，按当前课题规则跳过,https://scifinder-n.cas.org/search/reaction/6a58ba6462c3022ca7b601fb/58,https://scifinder-n.cas.org/navigate/?appId=2308eb05-1b90-4e99-ba49-003236388849&backKey=6a58ba6462c3022ca7b601fb&backToPage=58&cidValue=816&groupOrdinal=1158&groupViewContextIndicator=false&isFromAllResults=false&isFromAlternateReactionSteps=false&isFromReactionGroup=false&key=6a58ba6462c3022ca7b601fb&metricsOrdinal=1158&ordinal=1&resultType=reaction&resultView=DETAIL&state=searchDetail.reaction&suppressNavigation=false&uiContext=366&uiSubContext=551&uriForDetails=multistep-reaction%2F3df61a65-bc1e-53af-89ac-d4c24df179ea&uriForGroup=substance%2Fpt%2F100390%2Bsubstance%2Fpt%2F3162967-%3Esubstance%2Fpt%2F14419693%2Bsubstance%2Fpt%2F15384584
58,1158,2,31-008-CAS-16903135,2,skipped,1,多产物反应，按当前课题规则跳过,https://scifinder-n.cas.org/search/reaction/6a58ba6462c3022ca7b601fb/58,https://scifinder-n.cas.org/navigate/?appId=2308eb05-1b90-4e99-ba49-003236388849&backKey=6a58ba6462c3022ca7b601fb&backToPage=58&cidValue=816&groupOrdinal=1158&groupViewContextIndicator=false&isFromAllResults=false&isFromAlternateReactionSteps=false&isFromReactionGroup=false&key=6a58ba6462c3022ca7b601fb&metricsOrdinal=1158&ordinal=2&resultType=reaction&resultView=DETAIL&state=searchDetail.reaction&suppressNavigation=false&uiContext=366&uiSubContext=551&uriForDetails=multistep-reaction%2F90ca04ce-2f81-5510-9516-ed3662e42d2a&uriForGroup=substance%2Fpt%2F100390%2Bsubstance%2Fpt%2F3162967-%3Esubstance%2Fpt%2F14419693%2Bsubstance%2Fpt%2F15384584
58,1159,1,31-354-CAS-5226479,2,skipped,1,多产物反应，按当前课题规则跳过,https://scifinder-n.cas.org/search/reaction/6a58ba6462c3022ca7b601fb/58,https://scifinder-n.cas.org/navigate/?appId=2308eb05-1b90-4e99-ba49-003236388849&backKey=6a58ba6462c3022ca7b601fb&backToPage=58&cidValue=816&groupOrdinal=1159&groupViewContextIndicator=false&isFromAllResults=false&isFromAlternateReactionSteps=false&isFromReactionGroup=false&key=6a58ba6462c3022ca7b601fb&metricsOrdinal=1159&ordinal=1&resultType=reaction&resultView=DETAIL&state=searchDetail.reaction&suppressNavigation=false&uiContext=366&uiSubContext=551&uriForDetails=multistep-reaction%2F1f29a30a-60d2-5e08-b84b-6b303a978656&uriForGroup=substance%2Fpt%2F39716580%2Bsubstance%2Fpt%2F57701276-%3Esubstance%2Fpt%2F1145671073%2Bsubstance%2Fpt%2F1145671153
58,1159,2,31-354-CAS-3131491,2,skipped,1,多产物反应，按当前课题规则跳过,https://scifinder-n.cas.org/search/reaction/6a58ba6462c3022ca7b601fb/58,https://scifinder-n.cas.org/navigate/?appId=2308eb05-1b90-4e99-ba49-003236388849&backKey=6a58ba6462c3022ca7b601fb&backToPage=58&cidValue=816&groupOrdinal=1159&groupViewContextIndicator=false&isFromAllResults=false&isFromAlternateReactionSteps=false&isFromReactionGroup=false&key=6a58ba6462c3022ca7b601fb&metricsOrdinal=1159&ordinal=2&resultType=reaction&resultView=DETAIL&state=searchDetail.reaction&suppressNavigation=false&uiContext=366&uiSubContext=551&uriForDetails=multistep-reaction%2Fbb6f5245-9f47-514a-ada6-f03d62836c48&uriForGroup=substance%2Fpt%2F39716580%2Bsubstance%2Fpt%2F57701276-%3Esubstance%2Fpt%2F1145671073%2Bsubstance%2Fpt%2F1145671153
58,1160,1,31-008-CAS-17023658,2,skipped,1,多产物反应，按当前课题规则跳过,https://scifinder-n.cas.org/search/reaction/6a58ba6462c3022ca7b601fb/58,https://scifinder-n.cas.org/navigate/?appId=2308eb05-1b90-4e99-ba49-003236388849&backKey=6a58ba6462c3022ca7b601fb&backToPage=58&cidValue=816&groupOrdinal=1160&groupViewContextIndicator=false&isFromAllResults=false&isFromAlternateReactionSteps=false&isFromReactionGroup=false&key=6a58ba6462c3022ca7b601fb&metricsOrdinal=1160&ordinal=1&resultType=reaction&resultView=DETAIL&state=searchDetail.reaction&suppressNavigation=false&uiContext=366&uiSubContext=551&uriForDetails=multistep-reaction%2F69ea00b5-8632-5145-aca6-2034a7b9b4a5&uriForGroup=substance%2Fpt%2F3162967%2Bsubstance%2Fpt%2F824942-%3Esubstance%2Fpt%2F214068061%2Bsubstance%2Fpt%2F214068094
59,1161,1,31-614-CAS-31447665,2,skipped,1,多产物反应，按当前课题规则跳过,https://scifinder-n.cas.org/search/reaction/6a58ba6462c3022ca7b601fb/59,https://scifinder-n.cas.org/navigate/?appId=587c1c4b-cbc5-4a3c-9393-23414cf03687&backKey=6a58ba6462c3022ca7b601fb&backToPage=59&cidValue=816&groupOrdinal=1161&groupViewContextIndicator=false&isFromAllResults=false&isFromAlternateReactionSteps=false&isFromReactionGroup=false&key=6a58ba6462c3022ca7b601fb&metricsOrdinal=1161&ordinal=1&resultType=reaction&resultView=DETAIL&state=searchDetail.reaction&suppressNavigation=false&uiContext=366&uiSubContext=551&uriForDetails=multistep-reaction%2F01f7ec48-1aa6-5ee7-9ba3-ebc4e7743581&uriForGroup=substance%2Fpt%2F116110%2Bsubstance%2Fpt%2F159407199-%3Esubstance%2Fpt%2F1532548530%2Bsubstance%2Fpt%2F1532548541
59,1161,2,31-614-CAS-31197375,2,skipped,1,多产物反应，按当前课题规则跳过,https://scifinder-n.cas.org/search/reaction/6a58ba6462c3022ca7b601fb/59,https://scifinder-n.cas.org/navigate/?appId=587c1c4b-cbc5-4a3c-9393-23414cf03687&backKey=6a58ba6462c3022ca7b601fb&backToPage=59&cidValue=816&groupOrdinal=1161&groupViewContextIndicator=false&isFromAllResults=false&isFromAlternateReactionSteps=false&isFromReactionGroup=false&key=6a58ba6462c3022ca7b601fb&metricsOrdinal=1161&ordinal=2&resultType=reaction&resultView=DETAIL&state=searchDetail.reaction&suppressNavigation=false&uiContext=366&uiSubContext=551&uriForDetails=multistep-reaction%2F72c28568-21f1-540a-a3f3-f6010a75fdbd&uriForGroup=substance%2Fpt%2F116110%2Bsubstance%2Fpt%2F159407199-%3Esubstance%2Fpt%2F1532548530%2Bsubstance%2Fpt%2F1532548541
59,1161,3,31-236-CAS-7978480,2,skipped,1,多产物反应，按当前课题规则跳过,https://scifinder-n.cas.org/search/reaction/6a58ba6462c3022ca7b601fb/59,https://scifinder-n.cas.org/navigate/?appId=587c1c4b-cbc5-4a3c-9393-23414cf03687&backKey=6a58ba6462c3022ca7b601fb&backToPage=59&cidValue=816&groupOrdinal=1161&groupViewContextIndicator=false&isFromAllResults=false&isFromAlternateReactionSteps=false&isFromReactionGroup=false&key=6a58ba6462c3022ca7b601fb&metricsOrdinal=1161&ordinal=3&resultType=reaction&resultView=DETAIL&state=searchDetail.reaction&suppressNavigation=false&uiContext=366&uiSubContext=551&uriForDetails=multistep-reaction%2Fa31b1a16-ec4a-55bb-8904-563da193bfc4&uriForGroup=substance%2Fpt%2F116110%2Bsubstance%2Fpt%2F159407199-%3Esubstance%2Fpt%2F1532548530%2Bsubstance%2Fpt%2F1532548541
59,1162,1,31-354-CAS-13571198,2,skipped,1,多产物反应，按当前课题规则跳过,https://scifinder-n.cas.org/search/reaction/6a58ba6462c3022ca7b601fb/59,https://scifinder-n.cas.org/navigate/?appId=587c1c4b-cbc5-4a3c-9393-23414cf03687&backKey=6a58ba6462c3022ca7b601fb&backToPage=59&cidValue=816&groupOrdinal=1162&groupViewContextIndicator=false&isFromAllResults=false&isFromAlternateReactionSteps=false&isFromReactionGroup=false&key=6a58ba6462c3022ca7b601fb&metricsOrdinal=1162&ordinal=1&resultType=reaction&resultView=DETAIL&state=searchDetail.reaction&suppressNavigation=false&uiContext=366&uiSubContext=551&uriForDetails=multistep-reaction%2Fb1a45fdb-9e64-5151-b2da-17040b453823&uriForGroup=substance%2Fpt%2F20701615%2Bsubstance%2Fpt%2F98884-%3Esubstance%2Fpt%2F153062205%2Bsubstance%2Fpt%2F153151407
59,1163,1,31-614-CAS-41345217,2,skipped,1,多产物反应，按当前课题规则跳过,https://scifinder-n.cas.org/search/reaction/6a58ba6462c3022ca7b601fb/59,https://scifinder-n.cas.org/navigate/?appId=587c1c4b-cbc5-4a3c-9393-23414cf03687&backKey=6a58ba6462c3022ca7b601fb&backToPage=59&cidValue=816&groupOrdinal=1163&groupViewContextIndicator=false&isFromAllResults=false&isFromAlternateReactionSteps=false&isFromReactionGroup=false&key=6a58ba6462c3022ca7b601fb&metricsOrdinal=1163&ordinal=1&resultType=reaction&resultView=DETAIL&state=searchDetail.reaction&suppressNavigation=false&uiContext=366&uiSubContext=551&uriForDetails=multistep-reaction%2Fca042566-1ba1-59ca-8786-da8b785f5d71&uriForGroup=substance%2Fpt%2F1053179228%2Bsubstance%2Fpt%2F74884-%3Esubstance%2Fpt%2F2173297282%2Bsubstance%2Fpt%2F2249978514
59,1164,1,31-008-CAS-3807058,2,skipped,1,多产物反应，按当前课题规则跳过,https://scifinder-n.cas.org/search/reaction/6a58ba6462c3022ca7b601fb/59,https://scifinder-n.cas.org/navigate/?appId=587c1c4b-cbc5-4a3c-9393-23414cf03687&backKey=6a58ba6462c3022ca7b601fb&backToPage=59&cidValue=816&groupOrdinal=1164&groupViewContextIndicator=false&isFromAllResults=false&isFromAlternateReactionSteps=false&isFromReactionGroup=false&key=6a58ba6462c3022ca7b601fb&metricsOrdinal=1164&ordinal=1&resultType=reaction&resultView=DETAIL&state=searchDetail.reaction&suppressNavigation=false&uiContext=366&uiSubContext=551&uriForDetails=multistep-reaction%2Fcb167482-ca84-5d50-8441-4e1abb9149f1&uriForGroup=substance%2Fpt%2F100390%2Bsubstance%2Fpt%2F71117378-%3Esubstance%2Fpt%2F129706930%2Bsubstance%2Fpt%2F130192766
59,1164,2,31-008-CAS-3255141,2,skipped,1,多产物反应，按当前课题规则跳过,https://scifinder-n.cas.org/search/reaction/6a58ba6462c3022ca7b601fb/59,https://scifinder-n.cas.org/navigate/?appId=587c1c4b-cbc5-4a3c-9393-23414cf03687&backKey=6a58ba6462c3022ca7b601fb&backToPage=59&cidValue=816&groupOrdinal=1164&groupViewContextIndicator=false&isFromAllResults=false&isFromAlternateReactionSteps=false&isFromReactionGroup=false&key=6a58ba6462c3022ca7b601fb&metricsOrdinal=1164&ordinal=2&resultType=reaction&resultView=DETAIL&state=searchDetail.reaction&suppressNavigation=false&uiContext=366&uiSubContext=551&uriForDetails=multistep-reaction%2F03bddde7-9e6d-54f1-bb10-90f0a711b1c7&uriForGroup=substance%2Fpt%2F100390%2Bsubstance%2Fpt%2F71117378-%3Esubstance%2Fpt%2F129706930%2Bsubstance%2Fpt%2F130192766
59,1164,3,31-614-CAS-35071297,2,skipped,1,多产物反应，按当前课题规则跳过,https://scifinder-n.cas.org/search/reaction/6a58ba6462c3022ca7b601fb/59,https://scifinder-n.cas.org/navigate/?appId=587c1c4b-cbc5-4a3c-9393-23414cf03687&backKey=6a58ba6462c3022ca7b601fb&backToPage=59&cidValue=816&groupOrdinal=1164&groupViewContextIndicator=false&isFromAllResults=false&isFromAlternateReactionSteps=false&isFromReactionGroup=false&key=6a58ba6462c3022ca7b601fb&metricsOrdinal=1164&ordinal=3&resultType=reaction&resultView=DETAIL&state=searchDetail.reaction&suppressNavigation=false&uiContext=366&uiSubContext=551&uriForDetails=multistep-reaction%2Fb75c1b44-2b97-5634-a892-e3802588ec76&uriForGroup=substance%2Fpt%2F100390%2Bsubstance%2Fpt%2F71117378-%3Esubstance%2Fpt%2F129706930%2Bsubstance%2Fpt%2F130192766
59,1164,4,31-008-CAS-17977647,2,skipped,1,多产物反应，按当前课题规则跳过,https://scifinder-n.cas.org/search/reaction/6a58ba6462c3022ca7b601fb/59,https://scifinder-n.cas.org/navigate/?appId=587c1c4b-cbc5-4a3c-9393-23414cf03687&backKey=6a58ba6462c3022ca7b601fb&backToPage=59&cidValue=816&groupOrdinal=1164&groupViewContextIndicator=false&isFromAllResults=false&isFromAlternateReactionSteps=false&isFromReactionGroup=false&key=6a58ba6462c3022ca7b601fb&metricsOrdinal=1164&ordinal=4&resultType=reaction&resultView=DETAIL&state=searchDetail.reaction&suppressNavigation=false&uiContext=366&uiSubContext=551&uriForDetails=multistep-reaction%2Ff0062a79-ec7b-5678-927e-56f948a6b5a4&uriForGroup=substance%2Fpt%2F100390%2Bsubstance%2Fpt%2F71117378-%3Esubstance%2Fpt%2F129706930%2Bsubstance%2Fpt%2F130192766
59,1165,1,31-008-CAS-8219365,2,skipped,1,多产物反应，按当前课题规则跳过,https://scifinder-n.cas.org/search/reaction/6a58ba6462c3022ca7b601fb/59,https://scifinder-n.cas.org/navigate/?appId=587c1c4b-cbc5-4a3c-9393-23414cf03687&backKey=6a58ba6462c3022ca7b601fb&backToPage=59&cidValue=816&groupOrdinal=1165&groupViewContextIndicator=false&isFromAllResults=false&isFromAlternateReactionSteps=false&isFromReactionGroup=false&key=6a58ba6462c3022ca7b601fb&metricsOrdinal=1165&ordinal=1&resultType=reaction&resultView=DETAIL&state=searchDetail.reaction&suppressNavigation=false&uiContext=366&uiSubContext=551&uriForDetails=multistep-reaction%2F02088086-089e-5e21-8b3a-99983e48ce4f&uriForGroup=substance%2Fpt%2F3068324%2Bsubstance%2Fpt%2F57701276-%3Esubstance%2Fpt%2F497929121%2Bsubstance%2Fpt%2F498574882
59,1166,1,31-614-CAS-31149683,2,skipped,1,多产物反应，按当前课题规则跳过,https://scifinder-n.cas.org/search/reaction/6a58ba6462c3022ca7b601fb/59,https://scifinder-n.cas.org/navigate/?appId=587c1c4b-cbc5-4a3c-9393-23414cf03687&backKey=6a58ba6462c3022ca7b601fb&backToPage=59&cidValue=816&groupOrdinal=1166&groupViewContextIndicator=false&isFromAllResults=false&isFromAlternateReactionSteps=false&isFromReactionGroup=false&key=6a58ba6462c3022ca7b601fb&metricsOrdinal=1166&ordinal=1&resultType=reaction&resultView=DETAIL&state=searchDetail.reaction&suppressNavigation=false&uiContext=366&uiSubContext=551&uriForDetails=multistep-reaction%2F2503f631-ecbe-5179-8648-e9d80a086d65&uriForGroup=substance%2Fpt%2F17465860%2Bsubstance%2Fpt%2F93118-%3Esubstance%2Fpt%2F124635887%2Bsubstance%2Fpt%2F88718132
59,1167,1,31-354-CAS-19557135,2,skipped,1,多产物反应，按当前课题规则跳过,https://scifinder-n.cas.org/search/reaction/6a58ba6462c3022ca7b601fb/59,https://scifinder-n.cas.org/navigate/?appId=587c1c4b-cbc5-4a3c-9393-23414cf03687&backKey=6a58ba6462c3022ca7b601fb&backToPage=59&cidValue=816&groupOrdinal=1167&groupViewContextIndicator=false&isFromAllResults=false&isFromAlternateReactionSteps=false&isFromReactionGroup=false&key=6a58ba6462c3022ca7b601fb&metricsOrdinal=1167&ordinal=1&resultType=reaction&resultView=DETAIL&state=searchDetail.reaction&suppressNavigation=false&uiContext=366&uiSubContext=551&uriForDetails=multistep-reaction%2F34dca573-3ad5-5f3f-bae7-f22b99c72406&uriForGroup=substance%2Fpt%2F2254754408%2Bsubstance%2Fpt%2F2254754419%2Bsubstance%2Fpt%2F98884-%3Esubstance%2Fpt%2F2254754464%2Bsubstance%2Fpt%2F2254754475
59,1168,1,31-008-CAS-17023261,2,skipped,1,多产物反应，按当前课题规则跳过,https://scifinder-n.cas.org/search/reaction/6a58ba6462c3022ca7b601fb/59,https://scifinder-n.cas.org/navigate/?appId=587c1c4b-cbc5-4a3c-9393-23414cf03687&backKey=6a58ba6462c3022ca7b601fb&backToPage=59&cidValue=816&groupOrdinal=1168&groupViewContextIndicator=false&isFromAllResults=false&isFromAlternateReactionSteps=false&isFromReactionGroup=false&key=6a58ba6462c3022ca7b601fb&metricsOrdinal=1168&ordinal=1&resultType=reaction&resultView=DETAIL&state=searchDetail.reaction&suppressNavigation=false&uiContext=366&uiSubContext=551&uriForDetails=multistep-reaction%2F48f1611d-d4c6-50d7-a154-eedd45eb0cfd&uriForGroup=substance%2Fpt%2F18929630%2Bsubstance%2Fpt%2F824942-%3Esubstance%2Fpt%2F214068005%2Bsubstance%2Fpt%2F214068038
59,1169,1,31-614-CAS-39077506,2,skipped,1,多产物反应，按当前课题规则跳过,https://scifinder-n.cas.org/search/reaction/6a58ba6462c3022ca7b601fb/59,https://scifinder-n.cas.org/navigate/?appId=587c1c4b-cbc5-4a3c-9393-23414cf03687&backKey=6a58ba6462c3022ca7b601fb&backToPage=59&cidValue=816&groupOrdinal=1169&groupViewContextIndicator=false&isFromAllResults=false&isFromAlternateReactionSteps=false&isFromReactionGroup=false&key=6a58ba6462c3022ca7b601fb&metricsOrdinal=1169&ordinal=1&resultType=reaction&resultView=DETAIL&state=searchDetail.reaction&suppressNavigation=false&uiContext=366&uiSubContext=551&uriForDetails=multistep-reaction%2F72ff5cf7-f85d-5040-9722-7006ada6322a&uriForGroup=substance%2Fpt%2F100390%2Bsubstance%2Fpt%2F1456718925-%3Esubstance%2Fpt%2F3004681211%2Bsubstance%2Fpt%2F3004681222
59,1170,1,31-614-CAS-27231694,2,skipped,1,多产物反应，按当前课题规则跳过,https://scifinder-n.cas.org/search/reaction/6a58ba6462c3022ca7b601fb/59,https://scifinder-n.cas.org/navigate/?appId=587c1c4b-cbc5-4a3c-9393-23414cf03687&backKey=6a58ba6462c3022ca7b601fb&backToPage=59&cidValue=816&groupOrdinal=1170&groupViewContextIndicator=false&isFromAllResults=false&isFromAlternateReactionSteps=false&isFromReactionGroup=false&key=6a58ba6462c3022ca7b601fb&metricsOrdinal=1170&ordinal=1&resultType=reaction&resultView=DETAIL&state=searchDetail.reaction&suppressNavigation=false&uiContext=366&uiSubContext=551&uriForDetails=multistep-reaction%2F8ea8923a-1099-5dbc-a520-6faf1ea464b8&uriForGroup=substance%2Fpt%2F14641931%2Bsubstance%2Fpt%2F3945695%2Bsubstance%2Fpt%2F5965662-%3Esubstance%2Fpt%2F1033330685%2Bsubstance%2Fpt%2F1258524354
59,1171,1,31-008-CAS-1229402,2,skipped,1,多产物反应，按当前课题规则跳过,https://scifinder-n.cas.org/search/reaction/6a58ba6462c3022ca7b601fb/59,https://scifinder-n.cas.org/navigate/?appId=587c1c4b-cbc5-4a3c-9393-23414cf03687&backKey=6a58ba6462c3022ca7b601fb&backToPage=59&cidValue=816&groupOrdinal=1171&groupViewContextIndicator=false&isFromAllResults=false&isFromAlternateReactionSteps=false&isFromReactionGroup=false&key=6a58ba6462c3022ca7b601fb&metricsOrdinal=1171&ordinal=1&resultType=reaction&resultView=DETAIL&state=searchDetail.reaction&suppressNavigation=false&uiContext=366&uiSubContext=551&uriForDetails=multistep-reaction%2Fb56fb577-c393-524a-8f30-163b91f46640&uriForGroup=substance%2Fpt%2F460745191%2Bsubstance%2Fpt%2F824942-%3Esubstance%2Fpt%2F528603385%2Bsubstance%2Fpt%2F528603396
59,1172,1,31-008-CAS-23741385,2,skipped,1,多产物反应，按当前课题规则跳过,https://scifinder-n.cas.org/search/reaction/6a58ba6462c3022ca7b601fb/59,https://scifinder-n.cas.org/navigate/?appId=587c1c4b-cbc5-4a3c-9393-23414cf03687&backKey=6a58ba6462c3022ca7b601fb&backToPage=59&cidValue=816&groupOrdinal=1172&groupViewContextIndicator=false&isFromAllResults=false&isFromAlternateReactionSteps=false&isFromReactionGroup=false&key=6a58ba6462c3022ca7b601fb&metricsOrdinal=1172&ordinal=1&resultType=reaction&resultView=DETAIL&state=searchDetail.reaction&suppressNavigation=false&uiContext=366&uiSubContext=551&uriForDetails=multistep-reaction%2F9d61941b-82fa-5a88-897b-f22a10035313&uriForGroup=substance%2Fpt%2F18162486%2Bsubstance%2Fpt%2F57701276-%3Esubstance%2Fpt%2F112711349%2Bsubstance%2Fpt%2F112711350
59,1172,2,31-008-CAS-19074491,2,skipped,1,多产物反应，按当前课题规则跳过,https://scifinder-n.cas.org/search/reaction/6a58ba6462c3022ca7b601fb/59,https://scifinder-n.cas.org/navigate/?appId=587c1c4b-cbc5-4a3c-9393-23414cf03687&backKey=6a58ba6462c3022ca7b601fb&backToPage=59&cidValue=816&groupOrdinal=1172&groupViewContextIndicator=false&isFromAllResults=false&isFromAlternateReactionSteps=false&isFromReactionGroup=false&key=6a58ba6462c3022ca7b601fb&metricsOrdinal=1172&ordinal=2&resultType=reaction&resultView=DETAIL&state=searchDetail.reaction&suppressNavigation=false&uiContext=366&uiSubContext=551&uriForDetails=multistep-reaction%2Fc6efe0dc-4eb7-59c2-8ce0-500848071fd6&uriForGroup=substance%2Fpt%2F18162486%2Bsubstance%2Fpt%2F57701276-%3Esubstance%2Fpt%2F112711349%2Bsubstance%2Fpt%2F112711350
59,1172,3,31-008-CAS-13519146,2,skipped,1,多产物反应，按当前课题规则跳过,https://scifinder-n.cas.org/search/reaction/6a58ba6462c3022ca7b601fb/59,https://scifinder-n.cas.org/navigate/?appId=587c1c4b-cbc5-4a3c-9393-23414cf03687&backKey=6a58ba6462c3022ca7b601fb&backToPage=59&cidValue=816&groupOrdinal=1172&groupViewContextIndicator=false&isFromAllResults=false&isFromAlternateReactionSteps=false&isFromReactionGroup=false&key=6a58ba6462c3022ca7b601fb&metricsOrdinal=1172&ordinal=3&resultType=reaction&resultView=DETAIL&state=searchDetail.reaction&suppressNavigation=false&uiContext=366&uiSubContext=551&uriForDetails=multistep-reaction%2F503d0f71-2d9d-5521-a98d-63f759117187&uriForGroup=substance%2Fpt%2F18162486%2Bsubstance%2Fpt%2F57701276-%3Esubstance%2Fpt%2F112711349%2Bsubstance%2Fpt%2F112711350
59,1173,1,31-010-CAS-4145562,2,skipped,1,多产物反应，按当前课题规则跳过,https://scifinder-n.cas.org/search/reaction/6a58ba6462c3022ca7b601fb/59,https://scifinder-n.cas.org/navigate/?appId=587c1c4b-cbc5-4a3c-9393-23414cf03687&backKey=6a58ba6462c3022ca7b601fb&backToPage=59&cidValue=816&groupOrdinal=1173&groupViewContextIndicator=false&isFromAllResults=false&isFromAlternateReactionSteps=false&isFromReactionGroup=false&key=6a58ba6462c3022ca7b601fb&metricsOrdinal=1173&ordinal=1&resultType=reaction&resultView=DETAIL&state=searchDetail.reaction&suppressNavigation=false&uiContext=366&uiSubContext=551&uriForDetails=multistep-reaction%2Fd47164e6-ff1a-5526-bdb9-32c09b2178d1&uriForGroup=substance%2Fpt%2F141899538%2Bsubstance%2Fpt%2F206866617-%3Esubstance%2Fpt%2F1832603403%2Bsubstance%2Fpt%2F1832603414
59,1174,1,31-356-CAS-2561910,2,skipped,1,多产物反应，按当前课题规则跳过,https://scifinder-n.cas.org/search/reaction/6a58ba6462c3022ca7b601fb/59,https://scifinder-n.cas.org/navigate/?appId=587c1c4b-cbc5-4a3c-9393-23414cf03687&backKey=6a58ba6462c3022ca7b601fb&backToPage=59&cidValue=816&groupOrdinal=1174&groupViewContextIndicator=false&isFromAllResults=false&isFromAlternateReactionSteps=false&isFromReactionGroup=false&key=6a58ba6462c3022ca7b601fb&metricsOrdinal=1174&ordinal=1&resultType=reaction&resultView=DETAIL&state=searchDetail.reaction&suppressNavigation=false&uiContext=366&uiSubContext=551&uriForDetails=multistep-reaction%2F5ddc0d41-7747-5e05-9f11-dadfed635ffb&uriForGroup=substance%2Fpt%2F80591%2Bsubstance%2Fpt%2F929682564-%3Esubstance%2Fpt%2F929682575%2Bsubstance%2Fpt%2F929682826
59,1174,2,31-356-CAS-15358958,2,skipped,1,多产物反应，按当前课题规则跳过,https://scifinder-n.cas.org/search/reaction/6a58ba6462c3022ca7b601fb/59,https://scifinder-n.cas.org/navigate/?appId=587c1c4b-cbc5-4a3c-9393-23414cf03687&backKey=6a58ba6462c3022ca7b601fb&backToPage=59&cidValue=816&groupOrdinal=1174&groupViewContextIndicator=false&isFromAllResults=false&isFromAlternateReactionSteps=false&isFromReactionGroup=false&key=6a58ba6462c3022ca7b601fb&metricsOrdinal=1174&ordinal=2&resultType=reaction&resultView=DETAIL&state=searchDetail.reaction&suppressNavigation=false&uiContext=366&uiSubContext=551&uriForDetails=multistep-reaction%2Fe1dad2b2-9591-5951-8c5f-886b8ac834e2&uriForGroup=substance%2Fpt%2F80591%2Bsubstance%2Fpt%2F929682564-%3Esubstance%2Fpt%2F929682575%2Bsubstance%2Fpt%2F929682826
59,1175,1,31-354-CAS-485484,2,skipped,1,多产物反应，按当前课题规则跳过,https://scifinder-n.cas.org/search/reaction/6a58ba6462c3022ca7b601fb/59,https://scifinder-n.cas.org/navigate/?appId=587c1c4b-cbc5-4a3c-9393-23414cf03687&backKey=6a58ba6462c3022ca7b601fb&backToPage=59&cidValue=816&groupOrdinal=1175&groupViewContextIndicator=false&isFromAllResults=false&isFromAlternateReactionSteps=false&isFromReactionGroup=false&key=6a58ba6462c3022ca7b601fb&metricsOrdinal=1175&ordinal=1&resultType=reaction&resultView=DETAIL&state=searchDetail.reaction&suppressNavigation=false&uiContext=366&uiSubContext=551&uriForDetails=multistep-reaction%2Fe22732d4-504c-5c58-b851-049db6de3538&uriForGroup=substance%2Fpt%2F3162967%2Bsubstance%2Fpt%2F541413-%3Esubstance%2Fpt%2F18423911%2Bsubstance%2Fpt%2F18423922
59,1176,1,31-008-CAS-1709534,2,skipped,1,多产物反应，按当前课题规则跳过,https://scifinder-n.cas.org/search/reaction/6a58ba6462c3022ca7b601fb/59,https://scifinder-n.cas.org/navigate/?appId=587c1c4b-cbc5-4a3c-9393-23414cf03687&backKey=6a58ba6462c3022ca7b601fb&backToPage=59&cidValue=816&groupOrdinal=1176&groupViewContextIndicator=false&isFromAllResults=false&isFromAlternateReactionSteps=false&isFromReactionGroup=false&key=6a58ba6462c3022ca7b601fb&metricsOrdinal=1176&ordinal=1&resultType=reaction&resultView=DETAIL&state=searchDetail.reaction&suppressNavigation=false&uiContext=366&uiSubContext=551&uriForDetails=multistep-reaction%2F0f66641d-77a6-5786-9475-59f32dacf7a5&uriForGroup=substance%2Fpt%2F100390%2Bsubstance%2Fpt%2F113973867-%3Esubstance%2Fpt%2F70144604%2Bsubstance%2Fpt%2F86420817
59,1176,2,31-614-CAS-32278590,2,skipped,1,多产物反应，按当前课题规则跳过,https://scifinder-n.cas.org/search/reaction/6a58ba6462c3022ca7b601fb/59,https://scifinder-n.cas.org/navigate/?appId=587c1c4b-cbc5-4a3c-9393-23414cf03687&backKey=6a58ba6462c3022ca7b601fb&backToPage=59&cidValue=816&groupOrdinal=1176&groupViewContextIndicator=false&isFromAllResults=false&isFromAlternateReactionSteps=false&isFromReactionGroup=false&key=6a58ba6462c3022ca7b601fb&metricsOrdinal=1176&ordinal=2&resultType=reaction&resultView=DETAIL&state=searchDetail.reaction&suppressNavigation=false&uiContext=366&uiSubContext=551&uriForDetails=multistep-reaction%2Ff33ed3d7-a92c-52a0-8678-7ec6a1f873bd&uriForGroup=substance%2Fpt%2F100390%2Bsubstance%2Fpt%2F113973867-%3Esubstance%2Fpt%2F70144604%2Bsubstance%2Fpt%2F86420817
59,1177,1,31-013-CAS-1688218,2,skipped,1,多产物反应，按当前课题规则跳过,https://scifinder-n.cas.org/search/reaction/6a58ba6462c3022ca7b601fb/59,https://scifinder-n.cas.org/navigate/?appId=587c1c4b-cbc5-4a3c-9393-23414cf03687&backKey=6a58ba6462c3022ca7b601fb&backToPage=59&cidValue=816&groupOrdinal=1177&groupViewContextIndicator=false&isFromAllResults=false&isFromAlternateReactionSteps=false&isFromReactionGroup=false&key=6a58ba6462c3022ca7b601fb&metricsOrdinal=1177&ordinal=1&resultType=reaction&resultView=DETAIL&state=searchDetail.reaction&suppressNavigation=false&uiContext=366&uiSubContext=551&uriForDetails=multistep-reaction%2F478ade5a-ce58-5c00-8aef-027c7599211d&uriForGroup=substance%2Fpt%2F1832603425%2Bsubstance%2Fpt%2F852570106-%3Esubstance%2Fpt%2F1832603447%2Bsubstance%2Fpt%2F1832603458
59,1178,1,31-008-CAS-13329386,2,skipped,1,多产物反应，按当前课题规则跳过,https://scifinder-n.cas.org/search/reaction/6a58ba6462c3022ca7b601fb/59,https://scifinder-n.cas.org/navigate/?appId=587c1c4b-cbc5-4a3c-9393-23414cf03687&backKey=6a58ba6462c3022ca7b601fb&backToPage=59&cidValue=816&groupOrdinal=1178&groupViewContextIndicator=false&isFromAllResults=false&isFromAlternateReactionSteps=false&isFromReactionGroup=false&key=6a58ba6462c3022ca7b601fb&metricsOrdinal=1178&ordinal=1&resultType=reaction&resultView=DETAIL&state=searchDetail.reaction&suppressNavigation=false&uiContext=366&uiSubContext=551&uriForDetails=multistep-reaction%2F92dc479e-c794-53a3-af0a-3e8fdd60dc6a&uriForGroup=substance%2Fpt%2F100390%2Bsubstance%2Fpt%2F162680208-%3Esubstance%2Fpt%2F162583804%2Bsubstance%2Fpt%2F162583815
59,1179,1,31-008-CAS-9687369,2,skipped,1,多产物反应，按当前课题规则跳过,https://scifinder-n.cas.org/search/reaction/6a58ba6462c3022ca7b601fb/59,https://scifinder-n.cas.org/navigate/?appId=587c1c4b-cbc5-4a3c-9393-23414cf03687&backKey=6a58ba6462c3022ca7b601fb&backToPage=59&cidValue=816&groupOrdinal=1179&groupViewContextIndicator=false&isFromAllResults=false&isFromAlternateReactionSteps=false&isFromReactionGroup=false&key=6a58ba6462c3022ca7b601fb&metricsOrdinal=1179&ordinal=1&resultType=reaction&resultView=DETAIL&state=searchDetail.reaction&suppressNavigation=false&uiContext=366&uiSubContext=551&uriForDetails=multistep-reaction%2F9ea1c40d-60e5-5a55-9099-654710f2df54&uriForGroup=substance%2Fpt%2F106956%2Bsubstance%2Fpt%2F35905283-%3Esubstance%2Fpt%2F120269105%2Bsubstance%2Fpt%2F120330123
59,1180,1,31-614-CAS-27161117,2,skipped,1,多产物反应，按当前课题规则跳过,https://scifinder-n.cas.org/search/reaction/6a58ba6462c3022ca7b601fb/59,https://scifinder-n.cas.org/navigate/?appId=587c1c4b-cbc5-4a3c-9393-23414cf03687&backKey=6a58ba6462c3022ca7b601fb&backToPage=59&cidValue=816&groupOrdinal=1180&groupViewContextIndicator=false&isFromAllResults=false&isFromAlternateReactionSteps=false&isFromReactionGroup=false&key=6a58ba6462c3022ca7b601fb&metricsOrdinal=1180&ordinal=1&resultType=reaction&resultView=DETAIL&state=searchDetail.reaction&suppressNavigation=false&uiContext=366&uiSubContext=551&uriForDetails=multistep-reaction%2Fdd97075b-0e8e-504b-bff7-702affd369c2&uriForGroup=substance%2Fpt%2F2520188661%2Bsubstance%2Fpt%2F613901-%3Esubstance%2Fpt%2F2520188683%2Bsubstance%2Fpt%2F2520188718
60,1181,1,31-356-CAS-20406537,2,skipped,1,多产物反应，按当前课题规则跳过,https://scifinder-n.cas.org/search/reaction/6a58ba6462c3022ca7b601fb/60,https://scifinder-n.cas.org/navigate/?appId=66b96d58-1b46-4d6b-a176-841e18bf35af&backKey=6a58ba6462c3022ca7b601fb&backToPage=60&cidValue=816&groupOrdinal=1181&groupViewContextIndicator=false&isFromAllResults=false&isFromAlternateReactionSteps=false&isFromReactionGroup=false&key=6a58ba6462c3022ca7b601fb&metricsOrdinal=1181&ordinal=1&resultType=reaction&resultView=DETAIL&state=searchDetail.reaction&suppressNavigation=false&uiContext=366&uiSubContext=551&uriForDetails=multistep-reaction%2Ff1ca2a6b-60f7-5bdb-99a7-ed5d3aea2d0c&uriForGroup=substance%2Fpt%2F2364487749-%3Esubstance%2Fpt%2F2364487783%2Bsubstance%2Fpt%2F2364487829
60,1182,1,31-170-CAS-19133982,2,skipped,1,多产物反应，按当前课题规则跳过,https://scifinder-n.cas.org/search/reaction/6a58ba6462c3022ca7b601fb/60,https://scifinder-n.cas.org/navigate/?appId=66b96d58-1b46-4d6b-a176-841e18bf35af&backKey=6a58ba6462c3022ca7b601fb&backToPage=60&cidValue=816&groupOrdinal=1182&groupViewContextIndicator=false&isFromAllResults=false&isFromAlternateReactionSteps=false&isFromReactionGroup=false&key=6a58ba6462c3022ca7b601fb&metricsOrdinal=1182&ordinal=1&resultType=reaction&resultView=DETAIL&state=searchDetail.reaction&suppressNavigation=false&uiContext=366&uiSubContext=551&uriForDetails=multistep-reaction%2Ff2d47922-79d5-5c31-a850-139a24c4c73c&uriForGroup=substance%2Fpt%2F175391067%2Bsubstance%2Fpt%2F4613154-%3Esubstance%2Fpt%2F2222983915%2Bsubstance%2Fpt%2F2222983926
60,1183,1,31-614-CAS-25171581,2,skipped,1,多产物反应，按当前课题规则跳过,https://scifinder-n.cas.org/search/reaction/6a58ba6462c3022ca7b601fb/60,https://scifinder-n.cas.org/navigate/?appId=66b96d58-1b46-4d6b-a176-841e18bf35af&backKey=6a58ba6462c3022ca7b601fb&backToPage=60&cidValue=816&groupOrdinal=1183&groupViewContextIndicator=false&isFromAllResults=false&isFromAlternateReactionSteps=false&isFromReactionGroup=false&key=6a58ba6462c3022ca7b601fb&metricsOrdinal=1183&ordinal=1&resultType=reaction&resultView=DETAIL&state=searchDetail.reaction&suppressNavigation=false&uiContext=366&uiSubContext=551&uriForDetails=multistep-reaction%2F12c3fe07-ea38-50d2-b2b2-5c004a001a2c&uriForGroup=substance%2Fpt%2F368890408%2Bsubstance%2Fpt%2F7585399-%3Esubstance%2Fpt%2F368890419%2Bsubstance%2Fpt%2F572910088
60,1184,1,31-354-CAS-4775633,2,skipped,1,多产物反应，按当前课题规则跳过,https://scifinder-n.cas.org/search/reaction/6a58ba6462c3022ca7b601fb/60,https://scifinder-n.cas.org/navigate/?appId=66b96d58-1b46-4d6b-a176-841e18bf35af&backKey=6a58ba6462c3022ca7b601fb&backToPage=60&cidValue=816&groupOrdinal=1184&groupViewContextIndicator=false&isFromAllResults=false&isFromAlternateReactionSteps=false&isFromReactionGroup=false&key=6a58ba6462c3022ca7b601fb&metricsOrdinal=1184&ordinal=1&resultType=reaction&resultView=DETAIL&state=searchDetail.reaction&suppressNavigation=false&uiContext=366&uiSubContext=551&uriForDetails=multistep-reaction%2F2422f2ab-d9d6-552c-a71b-886e5d627a58&uriForGroup=substance%2Fpt%2F98169701%2Bsubstance%2Fpt%2F98884-%3Esubstance%2Fpt%2F1045774900%2Bsubstance%2Fpt%2F634901545
60,1185,1,31-614-CAS-43851318,2,skipped,1,多产物反应，按当前课题规则跳过,https://scifinder-n.cas.org/search/reaction/6a58ba6462c3022ca7b601fb/60,https://scifinder-n.cas.org/navigate/?appId=66b96d58-1b46-4d6b-a176-841e18bf35af&backKey=6a58ba6462c3022ca7b601fb&backToPage=60&cidValue=816&groupOrdinal=1185&groupViewContextIndicator=false&isFromAllResults=false&isFromAlternateReactionSteps=false&isFromReactionGroup=false&key=6a58ba6462c3022ca7b601fb&metricsOrdinal=1185&ordinal=1&resultType=reaction&resultView=DETAIL&state=searchDetail.reaction&suppressNavigation=false&uiContext=366&uiSubContext=551&uriForDetails=multistep-reaction%2F32b0d81d-4829-56b9-b8c7-f51c7ab1c21d&uriForGroup=substance%2Fpt%2F10016203%2Bsubstance%2Fpt%2F18162486-%3Esubstance%2Fpt%2F118646790%2Bsubstance%2Fpt%2F3069862149
60,1186,1,31-614-CAS-31197357,2,skipped,1,多产物反应，按当前课题规则跳过,https://scifinder-n.cas.org/search/reaction/6a58ba6462c3022ca7b601fb/60,https://scifinder-n.cas.org/navigate/?appId=66b96d58-1b46-4d6b-a176-841e18bf35af&backKey=6a58ba6462c3022ca7b601fb&backToPage=60&cidValue=816&groupOrdinal=1186&groupViewContextIndicator=false&isFromAllResults=false&isFromAlternateReactionSteps=false&isFromReactionGroup=false&key=6a58ba6462c3022ca7b601fb&metricsOrdinal=1186&ordinal=1&resultType=reaction&resultView=DETAIL&state=searchDetail.reaction&suppressNavigation=false&uiContext=366&uiSubContext=551&uriForDetails=multistep-reaction%2F33dfcc0b-ce4b-504c-addb-a633483edba5&uriForGroup=substance%2Fpt%2F2756684849%2Bsubstance%2Fpt%2F931577-%3Esubstance%2Fpt%2F2756684758%2Bsubstance%2Fpt%2F2756684769
60,1186,2,31-614-CAS-31447655,2,skipped,1,多产物反应，按当前课题规则跳过,https://scifinder-n.cas.org/search/reaction/6a58ba6462c3022ca7b601fb/60,https://scifinder-n.cas.org/navigate/?appId=66b96d58-1b46-4d6b-a176-841e18bf35af&backKey=6a58ba6462c3022ca7b601fb&backToPage=60&cidValue=816&groupOrdinal=1186&groupViewContextIndicator=false&isFromAllResults=false&isFromAlternateReactionSteps=false&isFromReactionGroup=false&key=6a58ba6462c3022ca7b601fb&metricsOrdinal=1186&ordinal=2&resultType=reaction&resultView=DETAIL&state=searchDetail.reaction&suppressNavigation=false&uiContext=366&uiSubContext=551&uriForDetails=multistep-reaction%2F3fbe11fa-544c-5629-b403-fbb94f9050d3&uriForGroup=substance%2Fpt%2F2756684849%2Bsubstance%2Fpt%2F931577-%3Esubstance%2Fpt%2F2756684758%2Bsubstance%2Fpt%2F2756684769
60,1187,1,31-008-CAS-13306064,2,skipped,1,多产物反应，按当前课题规则跳过,https://scifinder-n.cas.org/search/reaction/6a58ba6462c3022ca7b601fb/60,https://scifinder-n.cas.org/navigate/?appId=66b96d58-1b46-4d6b-a176-841e18bf35af&backKey=6a58ba6462c3022ca7b601fb&backToPage=60&cidValue=816&groupOrdinal=1187&groupViewContextIndicator=false&isFromAllResults=false&isFromAlternateReactionSteps=false&isFromReactionGroup=false&key=6a58ba6462c3022ca7b601fb&metricsOrdinal=1187&ordinal=1&resultType=reaction&resultView=DETAIL&state=searchDetail.reaction&suppressNavigation=false&uiContext=366&uiSubContext=551&uriForDetails=multistep-reaction%2F707e4836-c792-5cc9-8214-12bec9b6d5af&uriForGroup=substance%2Fpt%2F100390%2Bsubstance%2Fpt%2F161767288-%3Esubstance%2Fpt%2F161767299%2Bsubstance%2Fpt%2F161767302
60,1188,1,31-011-CAS-20878094,2,skipped,1,多产物反应，按当前课题规则跳过,https://scifinder-n.cas.org/search/reaction/6a58ba6462c3022ca7b601fb/60,https://scifinder-n.cas.org/navigate/?appId=66b96d58-1b46-4d6b-a176-841e18bf35af&backKey=6a58ba6462c3022ca7b601fb&backToPage=60&cidValue=816&groupOrdinal=1188&groupViewContextIndicator=false&isFromAllResults=false&isFromAlternateReactionSteps=false&isFromReactionGroup=false&key=6a58ba6462c3022ca7b601fb&metricsOrdinal=1188&ordinal=1&resultType=reaction&resultView=DETAIL&state=searchDetail.reaction&suppressNavigation=false&uiContext=366&uiSubContext=551&uriForDetails=multistep-reaction%2Fa275a019-0d08-506e-ba9d-1a51099b786a&uriForGroup=substance%2Fpt%2F57701276%2Bsubstance%2Fpt%2F758692476-%3Esubstance%2Fpt%2F2390478018%2Bsubstance%2Fpt%2F2390478029
60,1189,1,31-355-CAS-20333542,2,skipped,1,多产物反应，按当前课题规则跳过,https://scifinder-n.cas.org/search/reaction/6a58ba6462c3022ca7b601fb/60,https://scifinder-n.cas.org/navigate/?appId=66b96d58-1b46-4d6b-a176-841e18bf35af&backKey=6a58ba6462c3022ca7b601fb&backToPage=60&cidValue=816&groupOrdinal=1189&groupViewContextIndicator=false&isFromAllResults=false&isFromAlternateReactionSteps=false&isFromReactionGroup=false&key=6a58ba6462c3022ca7b601fb&metricsOrdinal=1189&ordinal=1&resultType=reaction&resultView=DETAIL&state=searchDetail.reaction&suppressNavigation=false&uiContext=366&uiSubContext=551&uriForDetails=multistep-reaction%2F1b5f9965-bf16-525e-a950-e5e2e447c7bc&uriForGroup=substance%2Fpt%2F2360936952%2Bsubstance%2Fpt%2F97723-%3Esubstance%2Fpt%2F2360936963%2Bsubstance%2Fpt%2F2360936974
60,1190,1,31-008-CAS-15345887,2,skipped,1,多产物反应，按当前课题规则跳过,https://scifinder-n.cas.org/search/reaction/6a58ba6462c3022ca7b601fb/60,https://scifinder-n.cas.org/navigate/?appId=66b96d58-1b46-4d6b-a176-841e18bf35af&backKey=6a58ba6462c3022ca7b601fb&backToPage=60&cidValue=816&groupOrdinal=1190&groupViewContextIndicator=false&isFromAllResults=false&isFromAlternateReactionSteps=false&isFromReactionGroup=false&key=6a58ba6462c3022ca7b601fb&metricsOrdinal=1190&ordinal=1&resultType=reaction&resultView=DETAIL&state=searchDetail.reaction&suppressNavigation=false&uiContext=366&uiSubContext=551&uriForDetails=multistep-reaction%2Fb1848d94-bbe4-5105-8e4d-81c20f088c2c&uriForGroup=substance%2Fpt%2F104992678%2Bsubstance%2Fpt%2F824942-%3Esubstance%2Fpt%2F512171323%2Bsubstance%2Fpt%2F512171345
60,1191,1,31-355-CAS-10278457,2,skipped,1,多产物反应，按当前课题规则跳过,https://scifinder-n.cas.org/search/reaction/6a58ba6462c3022ca7b601fb/60,https://scifinder-n.cas.org/navigate/?appId=66b96d58-1b46-4d6b-a176-841e18bf35af&backKey=6a58ba6462c3022ca7b601fb&backToPage=60&cidValue=816&groupOrdinal=1191&groupViewContextIndicator=false&isFromAllResults=false&isFromAlternateReactionSteps=false&isFromReactionGroup=false&key=6a58ba6462c3022ca7b601fb&metricsOrdinal=1191&ordinal=1&resultType=reaction&resultView=DETAIL&state=searchDetail.reaction&suppressNavigation=false&uiContext=366&uiSubContext=551&uriForDetails=multistep-reaction%2F883d15aa-d5fa-5e08-b599-78e5b1d669c2&uriForGroup=substance%2Fpt%2F57701276%2Bsubstance%2Fpt%2F93970-%3Esubstance%2Fpt%2F75829639%2Bsubstance%2Fpt%2F80041301
60,1191,2,31-355-CAS-20441436,2,skipped,1,多产物反应，按当前课题规则跳过,https://scifinder-n.cas.org/search/reaction/6a58ba6462c3022ca7b601fb/60,https://scifinder-n.cas.org/navigate/?appId=66b96d58-1b46-4d6b-a176-841e18bf35af&backKey=6a58ba6462c3022ca7b601fb&backToPage=60&cidValue=816&groupOrdinal=1191&groupViewContextIndicator=false&isFromAllResults=false&isFromAlternateReactionSteps=false&isFromReactionGroup=false&key=6a58ba6462c3022ca7b601fb&metricsOrdinal=1191&ordinal=2&resultType=reaction&resultView=DETAIL&state=searchDetail.reaction&suppressNavigation=false&uiContext=366&uiSubContext=551&uriForDetails=multistep-reaction%2F3e71a126-4b20-5db1-b741-a1f3424f800c&uriForGroup=substance%2Fpt%2F57701276%2Bsubstance%2Fpt%2F93970-%3Esubstance%2Fpt%2F75829639%2Bsubstance%2Fpt%2F80041301
60,1191,3,31-355-CAS-19324250,2,skipped,1,多产物反应，按当前课题规则跳过,https://scifinder-n.cas.org/search/reaction/6a58ba6462c3022ca7b601fb/60,https://scifinder-n.cas.org/navigate/?appId=66b96d58-1b46-4d6b-a176-841e18bf35af&backKey=6a58ba6462c3022ca7b601fb&backToPage=60&cidValue=816&groupOrdinal=1191&groupViewContextIndicator=false&isFromAllResults=false&isFromAlternateReactionSteps=false&isFromReactionGroup=false&key=6a58ba6462c3022ca7b601fb&metricsOrdinal=1191&ordinal=3&resultType=reaction&resultView=DETAIL&state=searchDetail.reaction&suppressNavigation=false&uiContext=366&uiSubContext=551&uriForDetails=multistep-reaction%2F6391aae5-14e8-533b-8417-3c620d3aa27c&uriForGroup=substance%2Fpt%2F57701276%2Bsubstance%2Fpt%2F93970-%3Esubstance%2Fpt%2F75829639%2Bsubstance%2Fpt%2F80041301
60,1191,4,31-355-CAS-15314933,2,skipped,1,多产物反应，按当前课题规则跳过,https://scifinder-n.cas.org/search/reaction/6a58ba6462c3022ca7b601fb/60,https://scifinder-n.cas.org/navigate/?appId=66b96d58-1b46-4d6b-a176-841e18bf35af&backKey=6a58ba6462c3022ca7b601fb&backToPage=60&cidValue=816&groupOrdinal=1191&groupViewContextIndicator=false&isFromAllResults=false&isFromAlternateReactionSteps=false&isFromReactionGroup=false&key=6a58ba6462c3022ca7b601fb&metricsOrdinal=1191&ordinal=4&resultType=reaction&resultView=DETAIL&state=searchDetail.reaction&suppressNavigation=false&uiContext=366&uiSubContext=551&uriForDetails=multistep-reaction%2Fc37cc679-a0b8-5c33-a249-d6cd25eb4aea&uriForGroup=substance%2Fpt%2F57701276%2Bsubstance%2Fpt%2F93970-%3Esubstance%2Fpt%2F75829639%2Bsubstance%2Fpt%2F80041301
60,1191,5,31-355-CAS-17047885,2,skipped,1,多产物反应，按当前课题规则跳过,https://scifinder-n.cas.org/search/reaction/6a58ba6462c3022ca7b601fb/60,https://scifinder-n.cas.org/navigate/?appId=66b96d58-1b46-4d6b-a176-841e18bf35af&backKey=6a58ba6462c3022ca7b601fb&backToPage=60&cidValue=816&groupOrdinal=1191&groupViewContextIndicator=false&isFromAllResults=false&isFromAlternateReactionSteps=false&isFromReactionGroup=false&key=6a58ba6462c3022ca7b601fb&metricsOrdinal=1191&ordinal=5&resultType=reaction&resultView=DETAIL&state=searchDetail.reaction&suppressNavigation=false&uiContext=366&uiSubContext=551&uriForDetails=multistep-reaction%2F56bd6461-7b1b-5aae-bda1-d45a171484f0&uriForGroup=substance%2Fpt%2F57701276%2Bsubstance%2Fpt%2F93970-%3Esubstance%2Fpt%2F75829639%2Bsubstance%2Fpt%2F80041301
60,1191,6,31-355-CAS-17047874,2,skipped,1,多产物反应，按当前课题规则跳过,https://scifinder-n.cas.org/search/reaction/6a58ba6462c3022ca7b601fb/60,https://scifinder-n.cas.org/navigate/?appId=66b96d58-1b46-4d6b-a176-841e18bf35af&backKey=6a58ba6462c3022ca7b601fb&backToPage=60&cidValue=816&groupOrdinal=1191&groupViewContextIndicator=false&isFromAllResults=false&isFromAlternateReactionSteps=false&isFromReactionGroup=false&key=6a58ba6462c3022ca7b601fb&metricsOrdinal=1191&ordinal=6&resultType=reaction&resultView=DETAIL&state=searchDetail.reaction&suppressNavigation=false&uiContext=366&uiSubContext=551&uriForDetails=multistep-reaction%2F5e82ca80-26f3-55d4-9963-3f3605b5fc63&uriForGroup=substance%2Fpt%2F57701276%2Bsubstance%2Fpt%2F93970-%3Esubstance%2Fpt%2F75829639%2Bsubstance%2Fpt%2F80041301
60,1191,7,31-355-CAS-17047872,2,skipped,1,多产物反应，按当前课题规则跳过,https://scifinder-n.cas.org/search/reaction/6a58ba6462c3022ca7b601fb/60,https://scifinder-n.cas.org/navigate/?appId=66b96d58-1b46-4d6b-a176-841e18bf35af&backKey=6a58ba6462c3022ca7b601fb&backToPage=60&cidValue=816&groupOrdinal=1191&groupViewContextIndicator=false&isFromAllResults=false&isFromAlternateReactionSteps=false&isFromReactionGroup=false&key=6a58ba6462c3022ca7b601fb&metricsOrdinal=1191&ordinal=7&resultType=reaction&resultView=DETAIL&state=searchDetail.reaction&suppressNavigation=false&uiContext=366&uiSubContext=551&uriForDetails=multistep-reaction%2F85f9e363-0175-5f57-8dc1-050bbc173c96&uriForGroup=substance%2Fpt%2F57701276%2Bsubstance%2Fpt%2F93970-%3Esubstance%2Fpt%2F75829639%2Bsubstance%2Fpt%2F80041301
60,1191,8,31-355-CAS-17047886,2,skipped,1,多产物反应，按当前课题规则跳过,https://scifinder-n.cas.org/search/reaction/6a58ba6462c3022ca7b601fb/60,https://scifinder-n.cas.org/navigate/?appId=66b96d58-1b46-4d6b-a176-841e18bf35af&backKey=6a58ba6462c3022ca7b601fb&backToPage=60&cidValue=816&groupOrdinal=1191&groupViewContextIndicator=false&isFromAllResults=false&isFromAlternateReactionSteps=false&isFromReactionGroup=false&key=6a58ba6462c3022ca7b601fb&metricsOrdinal=1191&ordinal=8&resultType=reaction&resultView=DETAIL&state=searchDetail.reaction&suppressNavigation=false&uiContext=366&uiSubContext=551&uriForDetails=multistep-reaction%2F914f7ac8-83b6-5f75-b9be-7516ae7da291&uriForGroup=substance%2Fpt%2F57701276%2Bsubstance%2Fpt%2F93970-%3Esubstance%2Fpt%2F75829639%2Bsubstance%2Fpt%2F80041301
60,1191,9,31-355-CAS-17047887,2,skipped,1,多产物反应，按当前课题规则跳过,https://scifinder-n.cas.org/search/reaction/6a58ba6462c3022ca7b601fb/60,https://scifinder-n.cas.org/navigate/?appId=66b96d58-1b46-4d6b-a176-841e18bf35af&backKey=6a58ba6462c3022ca7b601fb&backToPage=60&cidValue=816&groupOrdinal=1191&groupViewContextIndicator=false&isFromAllResults=false&isFromAlternateReactionSteps=false&isFromReactionGroup=false&key=6a58ba6462c3022ca7b601fb&metricsOrdinal=1191&ordinal=9&resultType=reaction&resultView=DETAIL&state=searchDetail.reaction&suppressNavigation=false&uiContext=366&uiSubContext=551&uriForDetails=multistep-reaction%2Ff9871959-6493-5cb2-ac9a-404dd811d3eb&uriForGroup=substance%2Fpt%2F57701276%2Bsubstance%2Fpt%2F93970-%3Esubstance%2Fpt%2F75829639%2Bsubstance%2Fpt%2F80041301
60,1192,1,31-008-CAS-3949008,2,skipped,1,多产物反应，按当前课题规则跳过,https://scifinder-n.cas.org/search/reaction/6a58ba6462c3022ca7b601fb/60,https://scifinder-n.cas.org/navigate/?appId=66b96d58-1b46-4d6b-a176-841e18bf35af&backKey=6a58ba6462c3022ca7b601fb&backToPage=60&cidValue=816&groupOrdinal=1192&groupViewContextIndicator=false&isFromAllResults=false&isFromAlternateReactionSteps=false&isFromReactionGroup=false&key=6a58ba6462c3022ca7b601fb&metricsOrdinal=1192&ordinal=1&resultType=reaction&resultView=DETAIL&state=searchDetail.reaction&suppressNavigation=false&uiContext=366&uiSubContext=551&uriForDetails=multistep-reaction%2F24b98106-6c8c-5009-b679-de45a14ff0e2&uriForGroup=substance%2Fpt%2F572098%2Bsubstance%2Fpt%2F57701276-%3Esubstance%2Fpt%2F497929110%2Bsubstance%2Fpt%2F498574871
60,1193,1,31-357-CAS-5134764,2,skipped,1,多产物反应，按当前课题规则跳过,https://scifinder-n.cas.org/search/reaction/6a58ba6462c3022ca7b601fb/60,https://scifinder-n.cas.org/navigate/?appId=66b96d58-1b46-4d6b-a176-841e18bf35af&backKey=6a58ba6462c3022ca7b601fb&backToPage=60&cidValue=816&groupOrdinal=1193&groupViewContextIndicator=false&isFromAllResults=false&isFromAlternateReactionSteps=false&isFromReactionGroup=false&key=6a58ba6462c3022ca7b601fb&metricsOrdinal=1193&ordinal=1&resultType=reaction&resultView=DETAIL&state=searchDetail.reaction&suppressNavigation=false&uiContext=366&uiSubContext=551&uriForDetails=multistep-reaction%2F650295f2-9dbf-55c6-a997-31be493a2eb6&uriForGroup=substance%2Fpt%2F1093376830%2Bsubstance%2Fpt%2F1236196794-%3Esubstance%2Fpt%2F1236196614%2Bsubstance%2Fpt%2F1236196636
60,1194,1,31-614-CAS-46563830,2,skipped,1,多产物反应，按当前课题规则跳过,https://scifinder-n.cas.org/search/reaction/6a58ba6462c3022ca7b601fb/60,https://scifinder-n.cas.org/navigate/?appId=66b96d58-1b46-4d6b-a176-841e18bf35af&backKey=6a58ba6462c3022ca7b601fb&backToPage=60&cidValue=816&groupOrdinal=1194&groupViewContextIndicator=false&isFromAllResults=false&isFromAlternateReactionSteps=false&isFromReactionGroup=false&key=6a58ba6462c3022ca7b601fb&metricsOrdinal=1194&ordinal=1&resultType=reaction&resultView=DETAIL&state=searchDetail.reaction&suppressNavigation=false&uiContext=366&uiSubContext=551&uriForDetails=multistep-reaction%2Fa7afb0d3-c447-5b62-87ff-70ac8a55d5e1&uriForGroup=substance%2Fpt%2F100527%2Bsubstance%2Fpt%2F871108779-%3Esubstance%2Fpt%2F3113311762%2Bsubstance%2Fpt%2F3113311773
60,1195,1,31-008-CAS-1975967,2,skipped,1,多产物反应，按当前课题规则跳过,https://scifinder-n.cas.org/search/reaction/6a58ba6462c3022ca7b601fb/60,https://scifinder-n.cas.org/navigate/?appId=66b96d58-1b46-4d6b-a176-841e18bf35af&backKey=6a58ba6462c3022ca7b601fb&backToPage=60&cidValue=816&groupOrdinal=1195&groupViewContextIndicator=false&isFromAllResults=false&isFromAlternateReactionSteps=false&isFromReactionGroup=false&key=6a58ba6462c3022ca7b601fb&metricsOrdinal=1195&ordinal=1&resultType=reaction&resultView=DETAIL&state=searchDetail.reaction&suppressNavigation=false&uiContext=366&uiSubContext=551&uriForDetails=multistep-reaction%2Ff8c55dcc-5669-5d39-86a7-50661f9ba318&uriForGroup=substance%2Fpt%2F57701276%2Bsubstance%2Fpt%2F939264-%3Esubstance%2Fpt%2F1400786313%2Bsubstance%2Fpt%2F473711750
60,1196,1,31-008-CAS-8235039,2,skipped,1,多产物反应，按当前课题规则跳过,https://scifinder-n.cas.org/search/reaction/6a58ba6462c3022ca7b601fb/60,https://scifinder-n.cas.org/navigate/?appId=66b96d58-1b46-4d6b-a176-841e18bf35af&backKey=6a58ba6462c3022ca7b601fb&backToPage=60&cidValue=816&groupOrdinal=1196&groupViewContextIndicator=false&isFromAllResults=false&isFromAlternateReactionSteps=false&isFromReactionGroup=false&key=6a58ba6462c3022ca7b601fb&metricsOrdinal=1196&ordinal=1&resultType=reaction&resultView=DETAIL&state=searchDetail.reaction&suppressNavigation=false&uiContext=366&uiSubContext=551&uriForDetails=multistep-reaction%2Ffd4a3dcd-9b04-5dc5-9d70-e69064e84c6b&uriForGroup=substance%2Fpt%2F106956%2Bsubstance%2Fpt%2F127875187-%3Esubstance%2Fpt%2F127875198%2Bsubstance%2Fpt%2F127875201
60,1197,1,31-022-CAS-2423435,2,skipped,1,多产物反应，按当前课题规则跳过,https://scifinder-n.cas.org/search/reaction/6a58ba6462c3022ca7b601fb/60,https://scifinder-n.cas.org/navigate/?appId=66b96d58-1b46-4d6b-a176-841e18bf35af&backKey=6a58ba6462c3022ca7b601fb&backToPage=60&cidValue=816&groupOrdinal=1197&groupViewContextIndicator=false&isFromAllResults=false&isFromAlternateReactionSteps=false&isFromReactionGroup=false&key=6a58ba6462c3022ca7b601fb&metricsOrdinal=1197&ordinal=1&resultType=reaction&resultView=DETAIL&state=searchDetail.reaction&suppressNavigation=false&uiContext=366&uiSubContext=551&uriForDetails=multistep-reaction%2F00a6e92f-6ccc-5a59-83c1-669995178d92&uriForGroup=substance%2Fpt%2F1112109097-%3Esubstance%2Fpt%2F1112109484%2Bsubstance%2Fpt%2F1112110312
60,1198,1,31-008-CAS-13458333,2,skipped,1,多产物反应，按当前课题规则跳过,https://scifinder-n.cas.org/search/reaction/6a58ba6462c3022ca7b601fb/60,https://scifinder-n.cas.org/navigate/?appId=66b96d58-1b46-4d6b-a176-841e18bf35af&backKey=6a58ba6462c3022ca7b601fb&backToPage=60&cidValue=816&groupOrdinal=1198&groupViewContextIndicator=false&isFromAllResults=false&isFromAlternateReactionSteps=false&isFromReactionGroup=false&key=6a58ba6462c3022ca7b601fb&metricsOrdinal=1198&ordinal=1&resultType=reaction&resultView=DETAIL&state=searchDetail.reaction&suppressNavigation=false&uiContext=366&uiSubContext=551&uriForDetails=multistep-reaction%2F0ae5f942-11df-50c0-9ada-17556e80cccf&uriForGroup=substance%2Fpt%2F130539423%2Bsubstance%2Fpt%2F198958393-%3Esubstance%2Fpt%2F198958406%2Bsubstance%2Fpt%2F198958417
60,1199,1,31-022-CAS-2747763,2,skipped,1,多产物反应，按当前课题规则跳过,https://scifinder-n.cas.org/search/reaction/6a58ba6462c3022ca7b601fb/60,https://scifinder-n.cas.org/navigate/?appId=66b96d58-1b46-4d6b-a176-841e18bf35af&backKey=6a58ba6462c3022ca7b601fb&backToPage=60&cidValue=816&groupOrdinal=1199&groupViewContextIndicator=false&isFromAllResults=false&isFromAlternateReactionSteps=false&isFromReactionGroup=false&key=6a58ba6462c3022ca7b601fb&metricsOrdinal=1199&ordinal=1&resultType=reaction&resultView=DETAIL&state=searchDetail.reaction&suppressNavigation=false&uiContext=366&uiSubContext=551&uriForDetails=multistep-reaction%2F0b240282-af38-5642-b55f-f3f14bcca09d&uriForGroup=substance%2Fpt%2F147347408-%3Esubstance%2Fpt%2F1112109257%2Bsubstance%2Fpt%2F1112110083
60,1200,1,31-022-CAS-256975,2,skipped,1,多产物反应，按当前课题规则跳过,https://scifinder-n.cas.org/search/reaction/6a58ba6462c3022ca7b601fb/60,https://scifinder-n.cas.org/navigate/?appId=66b96d58-1b46-4d6b-a176-841e18bf35af&backKey=6a58ba6462c3022ca7b601fb&backToPage=60&cidValue=816&groupOrdinal=1200&groupViewContextIndicator=false&isFromAllResults=false&isFromAlternateReactionSteps=false&isFromReactionGroup=false&key=6a58ba6462c3022ca7b601fb&metricsOrdinal=1200&ordinal=1&resultType=reaction&resultView=DETAIL&state=searchDetail.reaction&suppressNavigation=false&uiContext=366&uiSubContext=551&uriForDetails=multistep-reaction%2F0d39f1d5-8141-5600-946a-1ea50d7bb6bb&uriForGroup=substance%2Fpt%2F1112109075-%3Esubstance%2Fpt%2F1112109462%2Bsubstance%2Fpt%2F1112110298
61,1201,1,31-022-CAS-13960605,2,skipped,1,多产物反应，按当前课题规则跳过,https://scifinder-n.cas.org/search/reaction/6a58ba6462c3022ca7b601fb/61,https://scifinder-n.cas.org/navigate/?appId=dcb85e12-6d5a-444e-9361-417ce8f4b324&backKey=6a58ba6462c3022ca7b601fb&backToPage=61&cidValue=816&groupOrdinal=1201&groupViewContextIndicator=false&isFromAllResults=false&isFromAlternateReactionSteps=false&isFromReactionGroup=false&key=6a58ba6462c3022ca7b601fb&metricsOrdinal=1201&ordinal=1&resultType=reaction&resultView=DETAIL&state=searchDetail.reaction&suppressNavigation=false&uiContext=366&uiSubContext=551&uriForDetails=multistep-reaction%2F2684c02e-ed23-513d-98ff-1c7c43f571df&uriForGroup=substance%2Fpt%2F1112109133-%3Esubstance%2Fpt%2F1112109520%2Bsubstance%2Fpt%2F1112110356
61,1202,1,31-022-CAS-2703834,2,skipped,1,多产物反应，按当前课题规则跳过,https://scifinder-n.cas.org/search/reaction/6a58ba6462c3022ca7b601fb/61,https://scifinder-n.cas.org/navigate/?appId=dcb85e12-6d5a-444e-9361-417ce8f4b324&backKey=6a58ba6462c3022ca7b601fb&backToPage=61&cidValue=816&groupOrdinal=1202&groupViewContextIndicator=false&isFromAllResults=false&isFromAlternateReactionSteps=false&isFromReactionGroup=false&key=6a58ba6462c3022ca7b601fb&metricsOrdinal=1202&ordinal=1&resultType=reaction&resultView=DETAIL&state=searchDetail.reaction&suppressNavigation=false&uiContext=366&uiSubContext=551&uriForDetails=multistep-reaction%2F2a398d01-4859-53b0-ab3f-61684c2d9bd8&uriForGroup=substance%2Fpt%2F1112109188-%3Esubstance%2Fpt%2F1112109575%2Bsubstance%2Fpt%2F1112110403
61,1203,1,31-008-CAS-4025504,2,skipped,1,多产物反应，按当前课题规则跳过,https://scifinder-n.cas.org/search/reaction/6a58ba6462c3022ca7b601fb/61,https://scifinder-n.cas.org/navigate/?appId=dcb85e12-6d5a-444e-9361-417ce8f4b324&backKey=6a58ba6462c3022ca7b601fb&backToPage=61&cidValue=816&groupOrdinal=1203&groupViewContextIndicator=false&isFromAllResults=false&isFromAlternateReactionSteps=false&isFromReactionGroup=false&key=6a58ba6462c3022ca7b601fb&metricsOrdinal=1203&ordinal=1&resultType=reaction&resultView=DETAIL&state=searchDetail.reaction&suppressNavigation=false&uiContext=366&uiSubContext=551&uriForDetails=multistep-reaction%2F42015438-5b8a-5a6c-91aa-56b120a5e11d&uriForGroup=substance%2Fpt%2F165307540%2Bsubstance%2Fpt%2F824942-%3Esubstance%2Fpt%2F165199144%2Bsubstance%2Fpt%2F165199155
61,1204,1,31-022-CAS-6960362,2,skipped,1,多产物反应，按当前课题规则跳过,https://scifinder-n.cas.org/search/reaction/6a58ba6462c3022ca7b601fb/61,https://scifinder-n.cas.org/navigate/?appId=dcb85e12-6d5a-444e-9361-417ce8f4b324&backKey=6a58ba6462c3022ca7b601fb&backToPage=61&cidValue=816&groupOrdinal=1204&groupViewContextIndicator=false&isFromAllResults=false&isFromAlternateReactionSteps=false&isFromReactionGroup=false&key=6a58ba6462c3022ca7b601fb&metricsOrdinal=1204&ordinal=1&resultType=reaction&resultView=DETAIL&state=searchDetail.reaction&suppressNavigation=false&uiContext=366&uiSubContext=551&uriForDetails=multistep-reaction%2F4808423e-dc93-52d8-9a95-89fad5540f99&uriForGroup=substance%2Fpt%2F1112109235-%3Esubstance%2Fpt%2F1112109611%2Bsubstance%2Fpt%2F1112110447
61,1205,1,31-355-CAS-1757312,2,skipped,1,多产物反应，按当前课题规则跳过,https://scifinder-n.cas.org/search/reaction/6a58ba6462c3022ca7b601fb/61,https://scifinder-n.cas.org/navigate/?appId=dcb85e12-6d5a-444e-9361-417ce8f4b324&backKey=6a58ba6462c3022ca7b601fb&backToPage=61&cidValue=816&groupOrdinal=1205&groupViewContextIndicator=false&isFromAllResults=false&isFromAlternateReactionSteps=false&isFromReactionGroup=false&key=6a58ba6462c3022ca7b601fb&metricsOrdinal=1205&ordinal=1&resultType=reaction&resultView=DETAIL&state=searchDetail.reaction&suppressNavigation=false&uiContext=366&uiSubContext=551&uriForDetails=multistep-reaction%2F4f531814-7fea-564d-9863-16c9df8366d4&uriForGroup=substance%2Fpt%2F64552063%2Bsubstance%2Fpt%2F93970-%3Esubstance%2Fpt%2F86420704%2Bsubstance%2Fpt%2F86420715
61,1206,1,31-022-CAS-4876191,2,skipped,1,多产物反应，按当前课题规则跳过,https://scifinder-n.cas.org/search/reaction/6a58ba6462c3022ca7b601fb/61,https://scifinder-n.cas.org/navigate/?appId=dcb85e12-6d5a-444e-9361-417ce8f4b324&backKey=6a58ba6462c3022ca7b601fb&backToPage=61&cidValue=816&groupOrdinal=1206&groupViewContextIndicator=false&isFromAllResults=false&isFromAlternateReactionSteps=false&isFromReactionGroup=false&key=6a58ba6462c3022ca7b601fb&metricsOrdinal=1206&ordinal=1&resultType=reaction&resultView=DETAIL&state=searchDetail.reaction&suppressNavigation=false&uiContext=366&uiSubContext=551&uriForDetails=multistep-reaction%2F52171483-0857-5f85-95c2-b471ad35aa8c&uriForGroup=substance%2Fpt%2F1112108834-%3Esubstance%2Fpt%2F1112109279%2Bsubstance%2Fpt%2F1112110107
61,1207,1,31-022-CAS-11546573,2,skipped,1,多产物反应，按当前课题规则跳过,https://scifinder-n.cas.org/search/reaction/6a58ba6462c3022ca7b601fb/61,https://scifinder-n.cas.org/navigate/?appId=dcb85e12-6d5a-444e-9361-417ce8f4b324&backKey=6a58ba6462c3022ca7b601fb&backToPage=61&cidValue=816&groupOrdinal=1207&groupViewContextIndicator=false&isFromAllResults=false&isFromAlternateReactionSteps=false&isFromReactionGroup=false&key=6a58ba6462c3022ca7b601fb&metricsOrdinal=1207&ordinal=1&resultType=reaction&resultView=DETAIL&state=searchDetail.reaction&suppressNavigation=false&uiContext=366&uiSubContext=551&uriForDetails=multistep-reaction%2F6a5f5a75-e504-5d1b-b31e-a77eddbf90ba&uriForGroup=substance%2Fpt%2F1112109031-%3Esubstance%2Fpt%2F1112109428%2Bsubstance%2Fpt%2F1112110254
61,1208,1,31-614-CAS-34809869,2,skipped,1,多产物反应，按当前课题规则跳过,https://scifinder-n.cas.org/search/reaction/6a58ba6462c3022ca7b601fb/61,https://scifinder-n.cas.org/navigate/?appId=dcb85e12-6d5a-444e-9361-417ce8f4b324&backKey=6a58ba6462c3022ca7b601fb&backToPage=61&cidValue=816&groupOrdinal=1208&groupViewContextIndicator=false&isFromAllResults=false&isFromAlternateReactionSteps=false&isFromReactionGroup=false&key=6a58ba6462c3022ca7b601fb&metricsOrdinal=1208&ordinal=1&resultType=reaction&resultView=DETAIL&state=searchDetail.reaction&suppressNavigation=false&uiContext=366&uiSubContext=551&uriForDetails=multistep-reaction%2F88ed112b-7b29-5371-b7f3-640bc2b23808&uriForGroup=substance%2Fpt%2F93382480%2Bsubstance%2Fpt%2F98599-%3Esubstance%2Fpt%2F2851019413%2Bsubstance%2Fpt%2F2851019435
61,1209,1,31-022-CAS-4550104,2,skipped,1,多产物反应，按当前课题规则跳过,https://scifinder-n.cas.org/search/reaction/6a58ba6462c3022ca7b601fb/61,https://scifinder-n.cas.org/navigate/?appId=dcb85e12-6d5a-444e-9361-417ce8f4b324&backKey=6a58ba6462c3022ca7b601fb&backToPage=61&cidValue=816&groupOrdinal=1209&groupViewContextIndicator=false&isFromAllResults=false&isFromAlternateReactionSteps=false&isFromReactionGroup=false&key=6a58ba6462c3022ca7b601fb&metricsOrdinal=1209&ordinal=1&resultType=reaction&resultView=DETAIL&state=searchDetail.reaction&suppressNavigation=false&uiContext=366&uiSubContext=551&uriForDetails=multistep-reaction%2F92484a53-44c7-54dc-b65f-24e0723cba57&uriForGroup=substance%2Fpt%2F1112109111-%3Esubstance%2Fpt%2F1112109508%2Bsubstance%2Fpt%2F1112110334
61,1210,1,31-022-CAS-3006649,2,skipped,1,多产物反应，按当前课题规则跳过,https://scifinder-n.cas.org/search/reaction/6a58ba6462c3022ca7b601fb/61,https://scifinder-n.cas.org/navigate/?appId=dcb85e12-6d5a-444e-9361-417ce8f4b324&backKey=6a58ba6462c3022ca7b601fb&backToPage=61&cidValue=816&groupOrdinal=1210&groupViewContextIndicator=false&isFromAllResults=false&isFromAlternateReactionSteps=false&isFromReactionGroup=false&key=6a58ba6462c3022ca7b601fb&metricsOrdinal=1210&ordinal=1&resultType=reaction&resultView=DETAIL&state=searchDetail.reaction&suppressNavigation=false&uiContext=366&uiSubContext=551&uriForDetails=multistep-reaction%2F9257e93d-2b42-5759-badf-c710b696b826&uriForGroup=substance%2Fpt%2F1112108925-%3Esubstance%2Fpt%2F1112109326%2Bsubstance%2Fpt%2F1112110152
61,1211,1,31-022-CAS-893900,2,skipped,1,多产物反应，按当前课题规则跳过,https://scifinder-n.cas.org/search/reaction/6a58ba6462c3022ca7b601fb/61,https://scifinder-n.cas.org/navigate/?appId=dcb85e12-6d5a-444e-9361-417ce8f4b324&backKey=6a58ba6462c3022ca7b601fb&backToPage=61&cidValue=816&groupOrdinal=1211&groupViewContextIndicator=false&isFromAllResults=false&isFromAlternateReactionSteps=false&isFromReactionGroup=false&key=6a58ba6462c3022ca7b601fb&metricsOrdinal=1211&ordinal=1&resultType=reaction&resultView=DETAIL&state=searchDetail.reaction&suppressNavigation=false&uiContext=366&uiSubContext=551&uriForDetails=multistep-reaction%2Fa222514b-3dbd-5100-86f9-f6647e9b85ab&uriForGroup=substance%2Fpt%2F1115376561-%3Esubstance%2Fpt%2F1115376583%2Bsubstance%2Fpt%2F1115376607
61,1212,1,31-011-CAS-7818055,2,skipped,1,多产物反应，按当前课题规则跳过,https://scifinder-n.cas.org/search/reaction/6a58ba6462c3022ca7b601fb/61,https://scifinder-n.cas.org/navigate/?appId=dcb85e12-6d5a-444e-9361-417ce8f4b324&backKey=6a58ba6462c3022ca7b601fb&backToPage=61&cidValue=816&groupOrdinal=1212&groupViewContextIndicator=false&isFromAllResults=false&isFromAlternateReactionSteps=false&isFromReactionGroup=false&key=6a58ba6462c3022ca7b601fb&metricsOrdinal=1212&ordinal=1&resultType=reaction&resultView=DETAIL&state=searchDetail.reaction&suppressNavigation=false&uiContext=366&uiSubContext=551&uriForDetails=multistep-reaction%2Fac9eedec-31f4-5163-899a-9a6d2af9ce20&uriForGroup=substance%2Fpt%2F1143926%2Bsubstance%2Fpt%2F63167679-%3Esubstance%2Fpt%2F82186116%2Bsubstance%2Fpt%2F82186127
61,1213,1,31-022-CAS-4818515,2,skipped,1,多产物反应，按当前课题规则跳过,https://scifinder-n.cas.org/search/reaction/6a58ba6462c3022ca7b601fb/61,https://scifinder-n.cas.org/navigate/?appId=dcb85e12-6d5a-444e-9361-417ce8f4b324&backKey=6a58ba6462c3022ca7b601fb&backToPage=61&cidValue=816&groupOrdinal=1213&groupViewContextIndicator=false&isFromAllResults=false&isFromAlternateReactionSteps=false&isFromReactionGroup=false&key=6a58ba6462c3022ca7b601fb&metricsOrdinal=1213&ordinal=1&resultType=reaction&resultView=DETAIL&state=searchDetail.reaction&suppressNavigation=false&uiContext=366&uiSubContext=551&uriForDetails=multistep-reaction%2Fb1293c0c-4a69-53a3-b777-e7dadbc8a153&uriForGroup=substance%2Fpt%2F1112109213-%3Esubstance%2Fpt%2F1112109597%2Bsubstance%2Fpt%2F1112110425
61,1214,1,31-022-CAS-13682409,2,skipped,1,多产物反应，按当前课题规则跳过,https://scifinder-n.cas.org/search/reaction/6a58ba6462c3022ca7b601fb/61,https://scifinder-n.cas.org/navigate/?appId=dcb85e12-6d5a-444e-9361-417ce8f4b324&backKey=6a58ba6462c3022ca7b601fb&backToPage=61&cidValue=816&groupOrdinal=1214&groupViewContextIndicator=false&isFromAllResults=false&isFromAlternateReactionSteps=false&isFromReactionGroup=false&key=6a58ba6462c3022ca7b601fb&metricsOrdinal=1214&ordinal=1&resultType=reaction&resultView=DETAIL&state=searchDetail.reaction&suppressNavigation=false&uiContext=366&uiSubContext=551&uriForDetails=multistep-reaction%2Fbde89720-ad63-5c88-9545-860041ead95f&uriForGroup=substance%2Fpt%2F1112109053-%3Esubstance%2Fpt%2F1112109440%2Bsubstance%2Fpt%2F1112110276
61,1215,1,31-022-CAS-7443507,2,skipped,1,多产物反应，按当前课题规则跳过,https://scifinder-n.cas.org/search/reaction/6a58ba6462c3022ca7b601fb/61,https://scifinder-n.cas.org/navigate/?appId=dcb85e12-6d5a-444e-9361-417ce8f4b324&backKey=6a58ba6462c3022ca7b601fb&backToPage=61&cidValue=816&groupOrdinal=1215&groupViewContextIndicator=false&isFromAllResults=false&isFromAlternateReactionSteps=false&isFromReactionGroup=false&key=6a58ba6462c3022ca7b601fb&metricsOrdinal=1215&ordinal=1&resultType=reaction&resultView=DETAIL&state=searchDetail.reaction&suppressNavigation=false&uiContext=366&uiSubContext=551&uriForDetails=multistep-reaction%2Fc2bbbaaa-d0a1-502a-8df8-23c0d125f4e6&uriForGroup=substance%2Fpt%2F1112108992-%3Esubstance%2Fpt%2F1112109371%2Bsubstance%2Fpt%2F1112110210
61,1216,1,31-022-CAS-9416005,2,skipped,1,多产物反应，按当前课题规则跳过,https://scifinder-n.cas.org/search/reaction/6a58ba6462c3022ca7b601fb/61,https://scifinder-n.cas.org/navigate/?appId=dcb85e12-6d5a-444e-9361-417ce8f4b324&backKey=6a58ba6462c3022ca7b601fb&backToPage=61&cidValue=816&groupOrdinal=1216&groupViewContextIndicator=false&isFromAllResults=false&isFromAlternateReactionSteps=false&isFromReactionGroup=false&key=6a58ba6462c3022ca7b601fb&metricsOrdinal=1216&ordinal=1&resultType=reaction&resultView=DETAIL&state=searchDetail.reaction&suppressNavigation=false&uiContext=366&uiSubContext=551&uriForDetails=multistep-reaction%2Fc58b94f4-860b-50d2-aaec-74d0f6fa9ec5&uriForGroup=substance%2Fpt%2F1112109019-%3Esubstance%2Fpt%2F1112109406%2Bsubstance%2Fpt%2F1112110232
61,1217,1,31-170-CAS-19133979,2,skipped,1,多产物反应，按当前课题规则跳过,https://scifinder-n.cas.org/search/reaction/6a58ba6462c3022ca7b601fb/61,https://scifinder-n.cas.org/navigate/?appId=dcb85e12-6d5a-444e-9361-417ce8f4b324&backKey=6a58ba6462c3022ca7b601fb&backToPage=61&cidValue=816&groupOrdinal=1217&groupViewContextIndicator=false&isFromAllResults=false&isFromAlternateReactionSteps=false&isFromReactionGroup=false&key=6a58ba6462c3022ca7b601fb&metricsOrdinal=1217&ordinal=1&resultType=reaction&resultView=DETAIL&state=searchDetail.reaction&suppressNavigation=false&uiContext=366&uiSubContext=551&uriForDetails=multistep-reaction%2Fd6267b7a-2f19-54c3-b633-1ad7c03257b4&uriForGroup=substance%2Fpt%2F175391067%2Bsubstance%2Fpt%2F73366720-%3Esubstance%2Fpt%2F2222983824%2Bsubstance%2Fpt%2F2222983835
61,1218,1,31-022-CAS-540650,2,skipped,1,多产物反应，按当前课题规则跳过,https://scifinder-n.cas.org/search/reaction/6a58ba6462c3022ca7b601fb/61,https://scifinder-n.cas.org/navigate/?appId=dcb85e12-6d5a-444e-9361-417ce8f4b324&backKey=6a58ba6462c3022ca7b601fb&backToPage=61&cidValue=816&groupOrdinal=1218&groupViewContextIndicator=false&isFromAllResults=false&isFromAlternateReactionSteps=false&isFromReactionGroup=false&key=6a58ba6462c3022ca7b601fb&metricsOrdinal=1218&ordinal=1&resultType=reaction&resultView=DETAIL&state=searchDetail.reaction&suppressNavigation=false&uiContext=366&uiSubContext=551&uriForDetails=multistep-reaction%2Fdb11bad0-1298-580b-93d2-47e17274d22b&uriForGroup=substance%2Fpt%2F1112109155-%3Esubstance%2Fpt%2F1112109553%2Bsubstance%2Fpt%2F1112110389
61,1219,1,31-022-CAS-5138629,2,skipped,1,多产物反应，按当前课题规则跳过,https://scifinder-n.cas.org/search/reaction/6a58ba6462c3022ca7b601fb/61,https://scifinder-n.cas.org/navigate/?appId=dcb85e12-6d5a-444e-9361-417ce8f4b324&backKey=6a58ba6462c3022ca7b601fb&backToPage=61&cidValue=816&groupOrdinal=1219&groupViewContextIndicator=false&isFromAllResults=false&isFromAlternateReactionSteps=false&isFromReactionGroup=false&key=6a58ba6462c3022ca7b601fb&metricsOrdinal=1219&ordinal=1&resultType=reaction&resultView=DETAIL&state=searchDetail.reaction&suppressNavigation=false&uiContext=366&uiSubContext=551&uriForDetails=multistep-reaction%2Fde74cc1e-4676-583c-a403-80da53aa31dc&uriForGroup=substance%2Fpt%2F1112108969-%3Esubstance%2Fpt%2F1112109359%2Bsubstance%2Fpt%2F1112110185
61,1220,1,31-008-CAS-10038886,2,skipped,1,多产物反应，按当前课题规则跳过,https://scifinder-n.cas.org/search/reaction/6a58ba6462c3022ca7b601fb/61,https://scifinder-n.cas.org/navigate/?appId=dcb85e12-6d5a-444e-9361-417ce8f4b324&backKey=6a58ba6462c3022ca7b601fb&backToPage=61&cidValue=816&groupOrdinal=1220&groupViewContextIndicator=false&isFromAllResults=false&isFromAlternateReactionSteps=false&isFromReactionGroup=false&key=6a58ba6462c3022ca7b601fb&metricsOrdinal=1220&ordinal=1&resultType=reaction&resultView=DETAIL&state=searchDetail.reaction&suppressNavigation=false&uiContext=366&uiSubContext=551&uriForDetails=multistep-reaction%2Fe92c8d51-6076-5252-9f8c-95e43a1865f1&uriForGroup=substance%2Fpt%2F74884%2Bsubstance%2Fpt%2F87508176-%3Esubstance%2Fpt%2F161391282%2Bsubstance%2Fpt%2F322472695
62,1221,1,31-356-CAS-8523921,2,skipped,1,多产物反应，按当前课题规则跳过,https://scifinder-n.cas.org/search/reaction/6a58ba6462c3022ca7b601fb/62,https://scifinder-n.cas.org/navigate/?appId=cae2d6cc-f4b7-40f9-aa94-e44ed909eeb2&backKey=6a58ba6462c3022ca7b601fb&backToPage=62&cidValue=816&groupOrdinal=1221&groupViewContextIndicator=false&isFromAllResults=false&isFromAlternateReactionSteps=false&isFromReactionGroup=false&key=6a58ba6462c3022ca7b601fb&metricsOrdinal=1221&ordinal=1&resultType=reaction&resultView=DETAIL&state=searchDetail.reaction&suppressNavigation=false&uiContext=366&uiSubContext=551&uriForDetails=multistep-reaction%2Ff4849b10-db57-5acf-a425-f182285fa502&uriForGroup=substance%2Fpt%2F1449759663%2Bsubstance%2Fpt%2F1477505-%3Esubstance%2Fpt%2F1449759674%2Bsubstance%2Fpt%2F1449759685
62,1222,1,31-022-CAS-6999726,2,skipped,1,多产物反应，按当前课题规则跳过,https://scifinder-n.cas.org/search/reaction/6a58ba6462c3022ca7b601fb/62,https://scifinder-n.cas.org/navigate/?appId=cae2d6cc-f4b7-40f9-aa94-e44ed909eeb2&backKey=6a58ba6462c3022ca7b601fb&backToPage=62&cidValue=816&groupOrdinal=1222&groupViewContextIndicator=false&isFromAllResults=false&isFromAlternateReactionSteps=false&isFromReactionGroup=false&key=6a58ba6462c3022ca7b601fb&metricsOrdinal=1222&ordinal=1&resultType=reaction&resultView=DETAIL&state=searchDetail.reaction&suppressNavigation=false&uiContext=366&uiSubContext=551&uriForDetails=multistep-reaction%2Ffe95f457-c011-5881-85a9-e7e92a4a3bf9&uriForGroup=substance%2Fpt%2F1112108867-%3Esubstance%2Fpt%2F1112109291%2Bsubstance%2Fpt%2F1112110129
62,1223,1,31-008-CAS-11426279,2,skipped,1,多产物反应，按当前课题规则跳过,https://scifinder-n.cas.org/search/reaction/6a58ba6462c3022ca7b601fb/62,https://scifinder-n.cas.org/navigate/?appId=cae2d6cc-f4b7-40f9-aa94-e44ed909eeb2&backKey=6a58ba6462c3022ca7b601fb&backToPage=62&cidValue=816&groupOrdinal=1223&groupViewContextIndicator=false&isFromAllResults=false&isFromAlternateReactionSteps=false&isFromReactionGroup=false&key=6a58ba6462c3022ca7b601fb&metricsOrdinal=1223&ordinal=1&resultType=reaction&resultView=DETAIL&state=searchDetail.reaction&suppressNavigation=false&uiContext=366&uiSubContext=551&uriForDetails=multistep-reaction%2F6b7bdaf4-1b18-5fe6-ae0b-afad871ffd7d&uriForGroup=substance%2Fpt%2F100390%2Bsubstance%2Fpt%2F20701615-%3Esubstance%2Fpt%2F146608959%2Bsubstance%2Fpt%2F152964744
62,1224,1,31-008-CAS-12627997,2,skipped,1,多产物反应，按当前课题规则跳过,https://scifinder-n.cas.org/search/reaction/6a58ba6462c3022ca7b601fb/62,https://scifinder-n.cas.org/navigate/?appId=cae2d6cc-f4b7-40f9-aa94-e44ed909eeb2&backKey=6a58ba6462c3022ca7b601fb&backToPage=62&cidValue=816&groupOrdinal=1224&groupViewContextIndicator=false&isFromAllResults=false&isFromAlternateReactionSteps=false&isFromReactionGroup=false&key=6a58ba6462c3022ca7b601fb&metricsOrdinal=1224&ordinal=1&resultType=reaction&resultView=DETAIL&state=searchDetail.reaction&suppressNavigation=false&uiContext=366&uiSubContext=551&uriForDetails=multistep-reaction%2F79cb40ff-c2b0-5fa4-abd0-00d70c0ffe44&uriForGroup=substance%2Fpt%2F572098%2Bsubstance%2Fpt%2F64552063-%3Esubstance%2Fpt%2F497929132%2Bsubstance%2Fpt%2F498574893
62,1225,1,31-011-CAS-20878083,2,skipped,1,多产物反应，按当前课题规则跳过,https://scifinder-n.cas.org/search/reaction/6a58ba6462c3022ca7b601fb/62,https://scifinder-n.cas.org/navigate/?appId=cae2d6cc-f4b7-40f9-aa94-e44ed909eeb2&backKey=6a58ba6462c3022ca7b601fb&backToPage=62&cidValue=816&groupOrdinal=1225&groupViewContextIndicator=false&isFromAllResults=false&isFromAlternateReactionSteps=false&isFromReactionGroup=false&key=6a58ba6462c3022ca7b601fb&metricsOrdinal=1225&ordinal=1&resultType=reaction&resultView=DETAIL&state=searchDetail.reaction&suppressNavigation=false&uiContext=366&uiSubContext=551&uriForDetails=multistep-reaction%2Fbe97562f-9867-5ae7-a30b-e27c2de644e8&uriForGroup=substance%2Fpt%2F143900485%2Bsubstance%2Fpt%2F22979357-%3Esubstance%2Fpt%2F2390477833%2Bsubstance%2Fpt%2F2390477844
62,1226,1,31-236-CAS-4192616,2,skipped,1,多产物反应，按当前课题规则跳过,https://scifinder-n.cas.org/search/reaction/6a58ba6462c3022ca7b601fb/62,https://scifinder-n.cas.org/navigate/?appId=cae2d6cc-f4b7-40f9-aa94-e44ed909eeb2&backKey=6a58ba6462c3022ca7b601fb&backToPage=62&cidValue=816&groupOrdinal=1226&groupViewContextIndicator=false&isFromAllResults=false&isFromAlternateReactionSteps=false&isFromReactionGroup=false&key=6a58ba6462c3022ca7b601fb&metricsOrdinal=1226&ordinal=1&resultType=reaction&resultView=DETAIL&state=searchDetail.reaction&suppressNavigation=false&uiContext=366&uiSubContext=551&uriForDetails=multistep-reaction%2Ff47b60d1-1d15-5e4d-8f3a-cafa75bbc771&uriForGroup=substance%2Fpt%2F200052999%2Bsubstance%2Fpt%2F931577-%3Esubstance%2Fpt%2F1532548256%2Bsubstance%2Fpt%2F1532548267
62,1226,2,31-614-CAS-31197353,2,skipped,1,多产物反应，按当前课题规则跳过,https://scifinder-n.cas.org/search/reaction/6a58ba6462c3022ca7b601fb/62,https://scifinder-n.cas.org/navigate/?appId=cae2d6cc-f4b7-40f9-aa94-e44ed909eeb2&backKey=6a58ba6462c3022ca7b601fb&backToPage=62&cidValue=816&groupOrdinal=1226&groupViewContextIndicator=false&isFromAllResults=false&isFromAlternateReactionSteps=false&isFromReactionGroup=false&key=6a58ba6462c3022ca7b601fb&metricsOrdinal=1226&ordinal=2&resultType=reaction&resultView=DETAIL&state=searchDetail.reaction&suppressNavigation=false&uiContext=366&uiSubContext=551&uriForDetails=multistep-reaction%2F2b5ba84e-77de-5f3a-9a2c-d730bd97628b&uriForGroup=substance%2Fpt%2F200052999%2Bsubstance%2Fpt%2F931577-%3Esubstance%2Fpt%2F1532548256%2Bsubstance%2Fpt%2F1532548267
62,1226,3,31-236-CAS-12999208,2,skipped,1,多产物反应，按当前课题规则跳过,https://scifinder-n.cas.org/search/reaction/6a58ba6462c3022ca7b601fb/62,https://scifinder-n.cas.org/navigate/?appId=cae2d6cc-f4b7-40f9-aa94-e44ed909eeb2&backKey=6a58ba6462c3022ca7b601fb&backToPage=62&cidValue=816&groupOrdinal=1226&groupViewContextIndicator=false&isFromAllResults=false&isFromAlternateReactionSteps=false&isFromReactionGroup=false&key=6a58ba6462c3022ca7b601fb&metricsOrdinal=1226&ordinal=3&resultType=reaction&resultView=DETAIL&state=searchDetail.reaction&suppressNavigation=false&uiContext=366&uiSubContext=551&uriForDetails=multistep-reaction%2F39da5f74-06ee-5a60-9825-116460820464&uriForGroup=substance%2Fpt%2F200052999%2Bsubstance%2Fpt%2F931577-%3Esubstance%2Fpt%2F1532548256%2Bsubstance%2Fpt%2F1532548267
62,1226,4,31-614-CAS-31447660,2,skipped,1,多产物反应，按当前课题规则跳过,https://scifinder-n.cas.org/search/reaction/6a58ba6462c3022ca7b601fb/62,https://scifinder-n.cas.org/navigate/?appId=cae2d6cc-f4b7-40f9-aa94-e44ed909eeb2&backKey=6a58ba6462c3022ca7b601fb&backToPage=62&cidValue=816&groupOrdinal=1226&groupViewContextIndicator=false&isFromAllResults=false&isFromAlternateReactionSteps=false&isFromReactionGroup=false&key=6a58ba6462c3022ca7b601fb&metricsOrdinal=1226&ordinal=4&resultType=reaction&resultView=DETAIL&state=searchDetail.reaction&suppressNavigation=false&uiContext=366&uiSubContext=551&uriForDetails=multistep-reaction%2Fb616d842-1a47-587e-b480-93a052f4deec&uriForGroup=substance%2Fpt%2F200052999%2Bsubstance%2Fpt%2F931577-%3Esubstance%2Fpt%2F1532548256%2Bsubstance%2Fpt%2F1532548267
62,1227,1,31-358-CAS-1536878,2,skipped,1,多产物反应，按当前课题规则跳过,https://scifinder-n.cas.org/search/reaction/6a58ba6462c3022ca7b601fb/62,https://scifinder-n.cas.org/navigate/?appId=cae2d6cc-f4b7-40f9-aa94-e44ed909eeb2&backKey=6a58ba6462c3022ca7b601fb&backToPage=62&cidValue=816&groupOrdinal=1227&groupViewContextIndicator=false&isFromAllResults=false&isFromAlternateReactionSteps=false&isFromReactionGroup=false&key=6a58ba6462c3022ca7b601fb&metricsOrdinal=1227&ordinal=1&resultType=reaction&resultView=DETAIL&state=searchDetail.reaction&suppressNavigation=false&uiContext=366&uiSubContext=551&uriForDetails=multistep-reaction%2F4b944640-bfd4-5149-80b8-cd3e1c8ce133&uriForGroup=substance%2Fpt%2F10364940%2Bsubstance%2Fpt%2F5328472-%3Esubstance%2Fpt%2F35823973%2Bsubstance%2Fpt%2F56253317
62,1228,1,31-355-CAS-6347889,2,skipped,1,多产物反应，按当前课题规则跳过,https://scifinder-n.cas.org/search/reaction/6a58ba6462c3022ca7b601fb/62,https://scifinder-n.cas.org/navigate/?appId=cae2d6cc-f4b7-40f9-aa94-e44ed909eeb2&backKey=6a58ba6462c3022ca7b601fb&backToPage=62&cidValue=816&groupOrdinal=1228&groupViewContextIndicator=false&isFromAllResults=false&isFromAlternateReactionSteps=false&isFromReactionGroup=false&key=6a58ba6462c3022ca7b601fb&metricsOrdinal=1228&ordinal=1&resultType=reaction&resultView=DETAIL&state=searchDetail.reaction&suppressNavigation=false&uiContext=366&uiSubContext=551&uriForDetails=multistep-reaction%2F7a584625-c32c-59dc-9af8-d551bab60978&uriForGroup=substance%2Fpt%2F71117378%2Bsubstance%2Fpt%2F93970-%3Esubstance%2Fpt%2F118246052%2Bsubstance%2Fpt%2F138811322
62,1229,1,31-008-CAS-13356518,2,skipped,1,多产物反应，按当前课题规则跳过,https://scifinder-n.cas.org/search/reaction/6a58ba6462c3022ca7b601fb/62,https://scifinder-n.cas.org/navigate/?appId=cae2d6cc-f4b7-40f9-aa94-e44ed909eeb2&backKey=6a58ba6462c3022ca7b601fb&backToPage=62&cidValue=816&groupOrdinal=1229&groupViewContextIndicator=false&isFromAllResults=false&isFromAlternateReactionSteps=false&isFromReactionGroup=false&key=6a58ba6462c3022ca7b601fb&metricsOrdinal=1229&ordinal=1&resultType=reaction&resultView=DETAIL&state=searchDetail.reaction&suppressNavigation=false&uiContext=366&uiSubContext=551&uriForDetails=multistep-reaction%2F86c754ac-f6c7-5b52-8512-39b4f51f2b15&uriForGroup=substance%2Fpt%2F31553170%2Bsubstance%2Fpt%2F57701276-%3Esubstance%2Fpt%2F1425503816%2Bsubstance%2Fpt%2F1425503827
62,1230,1,31-008-CAS-12100792,2,skipped,1,多产物反应，按当前课题规则跳过,https://scifinder-n.cas.org/search/reaction/6a58ba6462c3022ca7b601fb/62,https://scifinder-n.cas.org/navigate/?appId=cae2d6cc-f4b7-40f9-aa94-e44ed909eeb2&backKey=6a58ba6462c3022ca7b601fb&backToPage=62&cidValue=816&groupOrdinal=1230&groupViewContextIndicator=false&isFromAllResults=false&isFromAlternateReactionSteps=false&isFromReactionGroup=false&key=6a58ba6462c3022ca7b601fb&metricsOrdinal=1230&ordinal=1&resultType=reaction&resultView=DETAIL&state=searchDetail.reaction&suppressNavigation=false&uiContext=366&uiSubContext=551&uriForDetails=multistep-reaction%2Fac1876ab-d0e6-5e93-af34-911bfc554803&uriForGroup=substance%2Fpt%2F57701276%2Bsubstance%2Fpt%2F824942-%3Esubstance%2Fpt%2F161365124%2Bsubstance%2Fpt%2F161365135
62,1230,2,31-008-CAS-14231245,2,skipped,1,多产物反应，按当前课题规则跳过,https://scifinder-n.cas.org/search/reaction/6a58ba6462c3022ca7b601fb/62,https://scifinder-n.cas.org/navigate/?appId=cae2d6cc-f4b7-40f9-aa94-e44ed909eeb2&backKey=6a58ba6462c3022ca7b601fb&backToPage=62&cidValue=816&groupOrdinal=1230&groupViewContextIndicator=false&isFromAllResults=false&isFromAlternateReactionSteps=false&isFromReactionGroup=false&key=6a58ba6462c3022ca7b601fb&metricsOrdinal=1230&ordinal=2&resultType=reaction&resultView=DETAIL&state=searchDetail.reaction&suppressNavigation=false&uiContext=366&uiSubContext=551&uriForDetails=multistep-reaction%2F9e60bd46-8198-592f-8042-0240de0fc7bf&uriForGroup=substance%2Fpt%2F57701276%2Bsubstance%2Fpt%2F824942-%3Esubstance%2Fpt%2F161365124%2Bsubstance%2Fpt%2F161365135
62,1231,1,31-355-CAS-19324248,2,skipped,1,多产物反应，按当前课题规则跳过,https://scifinder-n.cas.org/search/reaction/6a58ba6462c3022ca7b601fb/62,https://scifinder-n.cas.org/navigate/?appId=cae2d6cc-f4b7-40f9-aa94-e44ed909eeb2&backKey=6a58ba6462c3022ca7b601fb&backToPage=62&cidValue=816&groupOrdinal=1231&groupViewContextIndicator=false&isFromAllResults=false&isFromAlternateReactionSteps=false&isFromReactionGroup=false&key=6a58ba6462c3022ca7b601fb&metricsOrdinal=1231&ordinal=1&resultType=reaction&resultView=DETAIL&state=searchDetail.reaction&suppressNavigation=false&uiContext=366&uiSubContext=551&uriForDetails=multistep-reaction%2Fd6426141-a4f9-5011-a211-91adf06e6653&uriForGroup=substance%2Fpt%2F65530269%2Bsubstance%2Fpt%2F93970-%3Esubstance%2Fpt%2F91685051%2Bsubstance%2Fpt%2F91685062
62,1231,2,31-355-CAS-14816866,2,skipped,1,多产物反应，按当前课题规则跳过,https://scifinder-n.cas.org/search/reaction/6a58ba6462c3022ca7b601fb/62,https://scifinder-n.cas.org/navigate/?appId=cae2d6cc-f4b7-40f9-aa94-e44ed909eeb2&backKey=6a58ba6462c3022ca7b601fb&backToPage=62&cidValue=816&groupOrdinal=1231&groupViewContextIndicator=false&isFromAllResults=false&isFromAlternateReactionSteps=false&isFromReactionGroup=false&key=6a58ba6462c3022ca7b601fb&metricsOrdinal=1231&ordinal=2&resultType=reaction&resultView=DETAIL&state=searchDetail.reaction&suppressNavigation=false&uiContext=366&uiSubContext=551&uriForDetails=multistep-reaction%2F4e9318d3-5aa2-5c96-bc6d-e7603b4fc871&uriForGroup=substance%2Fpt%2F65530269%2Bsubstance%2Fpt%2F93970-%3Esubstance%2Fpt%2F91685051%2Bsubstance%2Fpt%2F91685062
62,1231,3,31-355-CAS-15947892,2,skipped,1,多产物反应，按当前课题规则跳过,https://scifinder-n.cas.org/search/reaction/6a58ba6462c3022ca7b601fb/62,https://scifinder-n.cas.org/navigate/?appId=cae2d6cc-f4b7-40f9-aa94-e44ed909eeb2&backKey=6a58ba6462c3022ca7b601fb&backToPage=62&cidValue=816&groupOrdinal=1231&groupViewContextIndicator=false&isFromAllResults=false&isFromAlternateReactionSteps=false&isFromReactionGroup=false&key=6a58ba6462c3022ca7b601fb&metricsOrdinal=1231&ordinal=3&resultType=reaction&resultView=DETAIL&state=searchDetail.reaction&suppressNavigation=false&uiContext=366&uiSubContext=551&uriForDetails=multistep-reaction%2F019ac655-193b-5ae2-bc4c-b6ddd9b6623f&uriForGroup=substance%2Fpt%2F65530269%2Bsubstance%2Fpt%2F93970-%3Esubstance%2Fpt%2F91685051%2Bsubstance%2Fpt%2F91685062
62,1231,4,31-355-CAS-15953705,2,skipped,1,多产物反应，按当前课题规则跳过,https://scifinder-n.cas.org/search/reaction/6a58ba6462c3022ca7b601fb/62,https://scifinder-n.cas.org/navigate/?appId=cae2d6cc-f4b7-40f9-aa94-e44ed909eeb2&backKey=6a58ba6462c3022ca7b601fb&backToPage=62&cidValue=816&groupOrdinal=1231&groupViewContextIndicator=false&isFromAllResults=false&isFromAlternateReactionSteps=false&isFromReactionGroup=false&key=6a58ba6462c3022ca7b601fb&metricsOrdinal=1231&ordinal=4&resultType=reaction&resultView=DETAIL&state=searchDetail.reaction&suppressNavigation=false&uiContext=366&uiSubContext=551&uriForDetails=multistep-reaction%2F0b60a67e-2967-59ed-be67-2376f23772b3&uriForGroup=substance%2Fpt%2F65530269%2Bsubstance%2Fpt%2F93970-%3Esubstance%2Fpt%2F91685051%2Bsubstance%2Fpt%2F91685062
62,1231,5,31-355-CAS-15882524,2,skipped,1,多产物反应，按当前课题规则跳过,https://scifinder-n.cas.org/search/reaction/6a58ba6462c3022ca7b601fb/62,https://scifinder-n.cas.org/navigate/?appId=cae2d6cc-f4b7-40f9-aa94-e44ed909eeb2&backKey=6a58ba6462c3022ca7b601fb&backToPage=62&cidValue=816&groupOrdinal=1231&groupViewContextIndicator=false&isFromAllResults=false&isFromAlternateReactionSteps=false&isFromReactionGroup=false&key=6a58ba6462c3022ca7b601fb&metricsOrdinal=1231&ordinal=5&resultType=reaction&resultView=DETAIL&state=searchDetail.reaction&suppressNavigation=false&uiContext=366&uiSubContext=551&uriForDetails=multistep-reaction%2F80743d33-287e-5de7-9e5a-3154945204f6&uriForGroup=substance%2Fpt%2F65530269%2Bsubstance%2Fpt%2F93970-%3Esubstance%2Fpt%2F91685051%2Bsubstance%2Fpt%2F91685062
62,1231,6,31-355-CAS-15855620,2,skipped,1,多产物反应，按当前课题规则跳过,https://scifinder-n.cas.org/search/reaction/6a58ba6462c3022ca7b601fb/62,https://scifinder-n.cas.org/navigate/?appId=cae2d6cc-f4b7-40f9-aa94-e44ed909eeb2&backKey=6a58ba6462c3022ca7b601fb&backToPage=62&cidValue=816&groupOrdinal=1231&groupViewContextIndicator=false&isFromAllResults=false&isFromAlternateReactionSteps=false&isFromReactionGroup=false&key=6a58ba6462c3022ca7b601fb&metricsOrdinal=1231&ordinal=6&resultType=reaction&resultView=DETAIL&state=searchDetail.reaction&suppressNavigation=false&uiContext=366&uiSubContext=551&uriForDetails=multistep-reaction%2F83f90615-d2dc-57c4-b68a-a142069ae6d5&uriForGroup=substance%2Fpt%2F65530269%2Bsubstance%2Fpt%2F93970-%3Esubstance%2Fpt%2F91685051%2Bsubstance%2Fpt%2F91685062
62,1231,7,31-355-CAS-15906658,2,skipped,1,多产物反应，按当前课题规则跳过,https://scifinder-n.cas.org/search/reaction/6a58ba6462c3022ca7b601fb/62,https://scifinder-n.cas.org/navigate/?appId=cae2d6cc-f4b7-40f9-aa94-e44ed909eeb2&backKey=6a58ba6462c3022ca7b601fb&backToPage=62&cidValue=816&groupOrdinal=1231&groupViewContextIndicator=false&isFromAllResults=false&isFromAlternateReactionSteps=false&isFromReactionGroup=false&key=6a58ba6462c3022ca7b601fb&metricsOrdinal=1231&ordinal=7&resultType=reaction&resultView=DETAIL&state=searchDetail.reaction&suppressNavigation=false&uiContext=366&uiSubContext=551&uriForDetails=multistep-reaction%2F9f1a3d46-6d6b-5d76-be4d-3fe75eb6b7a9&uriForGroup=substance%2Fpt%2F65530269%2Bsubstance%2Fpt%2F93970-%3Esubstance%2Fpt%2F91685051%2Bsubstance%2Fpt%2F91685062
62,1231,8,31-355-CAS-15931375,2,skipped,1,多产物反应，按当前课题规则跳过,https://scifinder-n.cas.org/search/reaction/6a58ba6462c3022ca7b601fb/62,https://scifinder-n.cas.org/navigate/?appId=cae2d6cc-f4b7-40f9-aa94-e44ed909eeb2&backKey=6a58ba6462c3022ca7b601fb&backToPage=62&cidValue=816&groupOrdinal=1231&groupViewContextIndicator=false&isFromAllResults=false&isFromAlternateReactionSteps=false&isFromReactionGroup=false&key=6a58ba6462c3022ca7b601fb&metricsOrdinal=1231&ordinal=8&resultType=reaction&resultView=DETAIL&state=searchDetail.reaction&suppressNavigation=false&uiContext=366&uiSubContext=551&uriForDetails=multistep-reaction%2Fbf239c4e-07cb-5b4d-b40b-95fca59c4cb4&uriForGroup=substance%2Fpt%2F65530269%2Bsubstance%2Fpt%2F93970-%3Esubstance%2Fpt%2F91685051%2Bsubstance%2Fpt%2F91685062
62,1231,9,31-355-CAS-15820831,2,skipped,1,多产物反应，按当前课题规则跳过,https://scifinder-n.cas.org/search/reaction/6a58ba6462c3022ca7b601fb/62,https://scifinder-n.cas.org/navigate/?appId=cae2d6cc-f4b7-40f9-aa94-e44ed909eeb2&backKey=6a58ba6462c3022ca7b601fb&backToPage=62&cidValue=816&groupOrdinal=1231&groupViewContextIndicator=false&isFromAllResults=false&isFromAlternateReactionSteps=false&isFromReactionGroup=false&key=6a58ba6462c3022ca7b601fb&metricsOrdinal=1231&ordinal=9&resultType=reaction&resultView=DETAIL&state=searchDetail.reaction&suppressNavigation=false&uiContext=366&uiSubContext=551&uriForDetails=multistep-reaction%2Fe1bd064d-20d4-5df4-a986-08e38ba852ab&uriForGroup=substance%2Fpt%2F65530269%2Bsubstance%2Fpt%2F93970-%3Esubstance%2Fpt%2F91685051%2Bsubstance%2Fpt%2F91685062
62,1231,10,31-355-CAS-15917611,2,skipped,1,多产物反应，按当前课题规则跳过,https://scifinder-n.cas.org/search/reaction/6a58ba6462c3022ca7b601fb/62,https://scifinder-n.cas.org/navigate/?appId=cae2d6cc-f4b7-40f9-aa94-e44ed909eeb2&backKey=6a58ba6462c3022ca7b601fb&backToPage=62&cidValue=816&groupOrdinal=1231&groupViewContextIndicator=false&isFromAllResults=false&isFromAlternateReactionSteps=false&isFromReactionGroup=false&key=6a58ba6462c3022ca7b601fb&metricsOrdinal=1231&ordinal=10&resultType=reaction&resultView=DETAIL&state=searchDetail.reaction&suppressNavigation=false&uiContext=366&uiSubContext=551&uriForDetails=multistep-reaction%2Ff8342cbf-d3a8-5d41-b0eb-a95387db1713&uriForGroup=substance%2Fpt%2F65530269%2Bsubstance%2Fpt%2F93970-%3Esubstance%2Fpt%2F91685051%2Bsubstance%2Fpt%2F91685062
62,1232,1,31-354-CAS-11047562,2,skipped,1,多产物反应，按当前课题规则跳过,https://scifinder-n.cas.org/search/reaction/6a58ba6462c3022ca7b601fb/62,https://scifinder-n.cas.org/navigate/?appId=cae2d6cc-f4b7-40f9-aa94-e44ed909eeb2&backKey=6a58ba6462c3022ca7b601fb&backToPage=62&cidValue=816&groupOrdinal=1232&groupViewContextIndicator=false&isFromAllResults=false&isFromAlternateReactionSteps=false&isFromReactionGroup=false&key=6a58ba6462c3022ca7b601fb&metricsOrdinal=1232&ordinal=1&resultType=reaction&resultView=DETAIL&state=searchDetail.reaction&suppressNavigation=false&uiContext=366&uiSubContext=551&uriForDetails=multistep-reaction%2F33ddeda9-1b97-54de-9a3d-e1bedc57a80a&uriForGroup=substance%2Fpt%2F79301%2Bsubstance%2Fpt%2F958229395-%3Esubstance%2Fpt%2F958229408%2Bsubstance%2Fpt%2F958229419
62,1233,1,31-354-CAS-19010360,2,skipped,1,多产物反应，按当前课题规则跳过,https://scifinder-n.cas.org/search/reaction/6a58ba6462c3022ca7b601fb/62,https://scifinder-n.cas.org/navigate/?appId=cae2d6cc-f4b7-40f9-aa94-e44ed909eeb2&backKey=6a58ba6462c3022ca7b601fb&backToPage=62&cidValue=816&groupOrdinal=1233&groupViewContextIndicator=false&isFromAllResults=false&isFromAlternateReactionSteps=false&isFromReactionGroup=false&key=6a58ba6462c3022ca7b601fb&metricsOrdinal=1233&ordinal=1&resultType=reaction&resultView=DETAIL&state=searchDetail.reaction&suppressNavigation=false&uiContext=366&uiSubContext=551&uriForDetails=multistep-reaction%2F8104d0f8-9bc5-57fc-ba8e-212349dffd13&uriForGroup=substance%2Fpt%2F2234851035%2Bsubstance%2Fpt%2F28920436-%3Esubstance%2Fpt%2F2234851046%2Bsubstance%2Fpt%2F2241477870
62,1234,1,31-355-CAS-1141605,2,skipped,1,多产物反应，按当前课题规则跳过,https://scifinder-n.cas.org/search/reaction/6a58ba6462c3022ca7b601fb/62,https://scifinder-n.cas.org/navigate/?appId=cae2d6cc-f4b7-40f9-aa94-e44ed909eeb2&backKey=6a58ba6462c3022ca7b601fb&backToPage=62&cidValue=816&groupOrdinal=1234&groupViewContextIndicator=false&isFromAllResults=false&isFromAlternateReactionSteps=false&isFromReactionGroup=false&key=6a58ba6462c3022ca7b601fb&metricsOrdinal=1234&ordinal=1&resultType=reaction&resultView=DETAIL&state=searchDetail.reaction&suppressNavigation=false&uiContext=366&uiSubContext=551&uriForDetails=multistep-reaction%2F32ab94a3-34d0-551e-b4a6-0ee1ee253e14&uriForGroup=substance%2Fpt%2F108247%2Bsubstance%2Fpt%2F1818318307-%3Esubstance%2Fpt%2F1818318136%2Bsubstance%2Fpt%2F1818318169
62,1235,1,31-008-CAS-5818728,2,skipped,1,多产物反应，按当前课题规则跳过,https://scifinder-n.cas.org/search/reaction/6a58ba6462c3022ca7b601fb/62,https://scifinder-n.cas.org/navigate/?appId=cae2d6cc-f4b7-40f9-aa94-e44ed909eeb2&backKey=6a58ba6462c3022ca7b601fb&backToPage=62&cidValue=816&groupOrdinal=1235&groupViewContextIndicator=false&isFromAllResults=false&isFromAlternateReactionSteps=false&isFromReactionGroup=false&key=6a58ba6462c3022ca7b601fb&metricsOrdinal=1235&ordinal=1&resultType=reaction&resultView=DETAIL&state=searchDetail.reaction&suppressNavigation=false&uiContext=366&uiSubContext=551&uriForDetails=multistep-reaction%2F8a2b703b-e798-58a1-9a0e-c9cc7f275871&uriForGroup=substance%2Fpt%2F106956%2Bsubstance%2Fpt%2F127874004-%3Esubstance%2Fpt%2F127874015%2Bsubstance%2Fpt%2F127874026
62,1236,1,31-357-CAS-858572,2,skipped,1,多产物反应，按当前课题规则跳过,https://scifinder-n.cas.org/search/reaction/6a58ba6462c3022ca7b601fb/62,https://scifinder-n.cas.org/navigate/?appId=cae2d6cc-f4b7-40f9-aa94-e44ed909eeb2&backKey=6a58ba6462c3022ca7b601fb&backToPage=62&cidValue=816&groupOrdinal=1236&groupViewContextIndicator=false&isFromAllResults=false&isFromAlternateReactionSteps=false&isFromReactionGroup=false&key=6a58ba6462c3022ca7b601fb&metricsOrdinal=1236&ordinal=1&resultType=reaction&resultView=DETAIL&state=searchDetail.reaction&suppressNavigation=false&uiContext=366&uiSubContext=551&uriForDetails=multistep-reaction%2F8b767feb-34ec-5802-927b-13ba3dc1ef7a&uriForGroup=substance%2Fpt%2F141786%2Bsubstance%2Fpt%2F64552063-%3Esubstance%2Fpt%2F130195969%2Bsubstance%2Fpt%2F1376449443
62,1237,1,31-008-CAS-1224085,2,skipped,1,多产物反应，按当前课题规则跳过,https://scifinder-n.cas.org/search/reaction/6a58ba6462c3022ca7b601fb/62,https://scifinder-n.cas.org/navigate/?appId=cae2d6cc-f4b7-40f9-aa94-e44ed909eeb2&backKey=6a58ba6462c3022ca7b601fb&backToPage=62&cidValue=816&groupOrdinal=1237&groupViewContextIndicator=false&isFromAllResults=false&isFromAlternateReactionSteps=false&isFromReactionGroup=false&key=6a58ba6462c3022ca7b601fb&metricsOrdinal=1237&ordinal=1&resultType=reaction&resultView=DETAIL&state=searchDetail.reaction&suppressNavigation=false&uiContext=366&uiSubContext=551&uriForDetails=multistep-reaction%2F9618752f-72cc-523d-b9da-68ad3e8a45c4&uriForGroup=substance%2Fpt%2F3068324%2Bsubstance%2Fpt%2F64552063-%3Esubstance%2Fpt%2F497929143%2Bsubstance%2Fpt%2F498574906
62,1238,1,31-614-CAS-26236996,2,skipped,1,多产物反应，按当前课题规则跳过,https://scifinder-n.cas.org/search/reaction/6a58ba6462c3022ca7b601fb/62,https://scifinder-n.cas.org/navigate/?appId=cae2d6cc-f4b7-40f9-aa94-e44ed909eeb2&backKey=6a58ba6462c3022ca7b601fb&backToPage=62&cidValue=816&groupOrdinal=1238&groupViewContextIndicator=false&isFromAllResults=false&isFromAlternateReactionSteps=false&isFromReactionGroup=false&key=6a58ba6462c3022ca7b601fb&metricsOrdinal=1238&ordinal=1&resultType=reaction&resultView=DETAIL&state=searchDetail.reaction&suppressNavigation=false&uiContext=366&uiSubContext=551&uriForDetails=multistep-reaction%2Fc056fce6-aa4b-5582-ac1f-422071f7d79c&uriForGroup=substance%2Fpt%2F3469178%2Bsubstance%2Fpt%2F57701276-%3Esubstance%2Fpt%2F2390477800%2Bsubstance%2Fpt%2F2390477811
62,1239,1,31-013-CAS-7302033,2,skipped,1,多产物反应，按当前课题规则跳过,https://scifinder-n.cas.org/search/reaction/6a58ba6462c3022ca7b601fb/62,https://scifinder-n.cas.org/navigate/?appId=cae2d6cc-f4b7-40f9-aa94-e44ed909eeb2&backKey=6a58ba6462c3022ca7b601fb&backToPage=62&cidValue=816&groupOrdinal=1239&groupViewContextIndicator=false&isFromAllResults=false&isFromAlternateReactionSteps=false&isFromReactionGroup=false&key=6a58ba6462c3022ca7b601fb&metricsOrdinal=1239&ordinal=1&resultType=reaction&resultView=DETAIL&state=searchDetail.reaction&suppressNavigation=false&uiContext=366&uiSubContext=551&uriForDetails=multistep-reaction%2Fc6c3b447-ea50-5587-bb19-f24beb2bf73d&uriForGroup=substance%2Fpt%2F14155238%2Bsubstance%2Fpt%2F144490573-%3Esubstance%2Fpt%2F101068079%2Bsubstance%2Fpt%2F101125966
62,1240,1,31-008-CAS-16627913,2,skipped,1,多产物反应，按当前课题规则跳过,https://scifinder-n.cas.org/search/reaction/6a58ba6462c3022ca7b601fb/62,https://scifinder-n.cas.org/navigate/?appId=cae2d6cc-f4b7-40f9-aa94-e44ed909eeb2&backKey=6a58ba6462c3022ca7b601fb&backToPage=62&cidValue=816&groupOrdinal=1240&groupViewContextIndicator=false&isFromAllResults=false&isFromAlternateReactionSteps=false&isFromReactionGroup=false&key=6a58ba6462c3022ca7b601fb&metricsOrdinal=1240&ordinal=1&resultType=reaction&resultView=DETAIL&state=searchDetail.reaction&suppressNavigation=false&uiContext=366&uiSubContext=551&uriForDetails=multistep-reaction%2Fcdfc6d0b-0531-5cf8-9ef9-7208ec138c7b&uriForGroup=substance%2Fpt%2F100390%2Bsubstance%2Fpt%2F2070836234%2Bsubstance%2Fpt%2F2070836245-%3Esubstance%2Fpt%2F2070836381%2Bsubstance%2Fpt%2F2070836392
63,1241,1,31-358-CAS-1225732,2,skipped,1,多产物反应，按当前课题规则跳过,https://scifinder-n.cas.org/search/reaction/6a58ba6462c3022ca7b601fb/63,https://scifinder-n.cas.org/navigate/?appId=e31655d5-9320-4152-9b6d-89b3ead29888&backKey=6a58ba6462c3022ca7b601fb&backToPage=63&cidValue=816&groupOrdinal=1241&groupViewContextIndicator=false&isFromAllResults=false&isFromAlternateReactionSteps=false&isFromReactionGroup=false&key=6a58ba6462c3022ca7b601fb&metricsOrdinal=1241&ordinal=1&resultType=reaction&resultView=DETAIL&state=searchDetail.reaction&suppressNavigation=false&uiContext=366&uiSubContext=551&uriForDetails=multistep-reaction%2Fe36e4a36-6bd3-53ff-8972-4af3241134dc&uriForGroup=substance%2Fpt%2F10364940%2Bsubstance%2Fpt%2F4153177-%3Esubstance%2Fpt%2F56253260%2Bsubstance%2Fpt%2F56253293
63,1242,1,31-008-CAS-16538468,2,skipped,1,多产物反应，按当前课题规则跳过,https://scifinder-n.cas.org/search/reaction/6a58ba6462c3022ca7b601fb/63,https://scifinder-n.cas.org/navigate/?appId=e31655d5-9320-4152-9b6d-89b3ead29888&backKey=6a58ba6462c3022ca7b601fb&backToPage=63&cidValue=816&groupOrdinal=1242&groupViewContextIndicator=false&isFromAllResults=false&isFromAlternateReactionSteps=false&isFromReactionGroup=false&key=6a58ba6462c3022ca7b601fb&metricsOrdinal=1242&ordinal=1&resultType=reaction&resultView=DETAIL&state=searchDetail.reaction&suppressNavigation=false&uiContext=366&uiSubContext=551&uriForDetails=multistep-reaction%2Ffcfb7749-5019-5962-b0c3-23c27e1c1942&uriForGroup=substance%2Fpt%2F2417905%2Bsubstance%2Fpt%2F57701276-%3Esubstance%2Fpt%2F2055764275%2Bsubstance%2Fpt%2F905829198
63,1243,1,31-008-CAS-13997062,2,skipped,1,多产物反应，按当前课题规则跳过,https://scifinder-n.cas.org/search/reaction/6a58ba6462c3022ca7b601fb/63,https://scifinder-n.cas.org/navigate/?appId=e31655d5-9320-4152-9b6d-89b3ead29888&backKey=6a58ba6462c3022ca7b601fb&backToPage=63&cidValue=816&groupOrdinal=1243&groupViewContextIndicator=false&isFromAllResults=false&isFromAlternateReactionSteps=false&isFromReactionGroup=false&key=6a58ba6462c3022ca7b601fb&metricsOrdinal=1243&ordinal=1&resultType=reaction&resultView=DETAIL&state=searchDetail.reaction&suppressNavigation=false&uiContext=366&uiSubContext=551&uriForDetails=multistep-reaction%2F37417389-50d4-58af-b432-4ca9eaeaed01&uriForGroup=substance%2Fpt%2F100390%2Bsubstance%2Fpt%2F163121720-%3Esubstance%2Fpt%2F163121731%2Bsubstance%2Fpt%2F618118982
63,1244,1,31-011-CAS-3828240,2,skipped,1,多产物反应，按当前课题规则跳过,https://scifinder-n.cas.org/search/reaction/6a58ba6462c3022ca7b601fb/63,https://scifinder-n.cas.org/navigate/?appId=e31655d5-9320-4152-9b6d-89b3ead29888&backKey=6a58ba6462c3022ca7b601fb&backToPage=63&cidValue=816&groupOrdinal=1244&groupViewContextIndicator=false&isFromAllResults=false&isFromAlternateReactionSteps=false&isFromReactionGroup=false&key=6a58ba6462c3022ca7b601fb&metricsOrdinal=1244&ordinal=1&resultType=reaction&resultView=DETAIL&state=searchDetail.reaction&suppressNavigation=false&uiContext=366&uiSubContext=551&uriForDetails=multistep-reaction%2F45f3b256-92df-5281-b73f-15a5b01ae501&uriForGroup=substance%2Fpt%2F63167679%2Bsubstance%2Fpt%2F832804-%3Esubstance%2Fpt%2F82186025%2Bsubstance%2Fpt%2F82186138
63,1245,1,31-008-CAS-6494664,2,skipped,1,多产物反应，按当前课题规则跳过,https://scifinder-n.cas.org/search/reaction/6a58ba6462c3022ca7b601fb/63,https://scifinder-n.cas.org/navigate/?appId=e31655d5-9320-4152-9b6d-89b3ead29888&backKey=6a58ba6462c3022ca7b601fb&backToPage=63&cidValue=816&groupOrdinal=1245&groupViewContextIndicator=false&isFromAllResults=false&isFromAlternateReactionSteps=false&isFromReactionGroup=false&key=6a58ba6462c3022ca7b601fb&metricsOrdinal=1245&ordinal=1&resultType=reaction&resultView=DETAIL&state=searchDetail.reaction&suppressNavigation=false&uiContext=366&uiSubContext=551&uriForDetails=multistep-reaction%2F28220a3e-4d97-50a5-8a44-a73238fc9a06&uriForGroup=substance%2Fpt%2F71117378%2Bsubstance%2Fpt%2F824942-%3Esubstance%2Fpt%2F1191064488%2Bsubstance%2Fpt%2F263748578
63,1245,2,31-008-CAS-3091607,2,skipped,1,多产物反应，按当前课题规则跳过,https://scifinder-n.cas.org/search/reaction/6a58ba6462c3022ca7b601fb/63,https://scifinder-n.cas.org/navigate/?appId=e31655d5-9320-4152-9b6d-89b3ead29888&backKey=6a58ba6462c3022ca7b601fb&backToPage=63&cidValue=816&groupOrdinal=1245&groupViewContextIndicator=false&isFromAllResults=false&isFromAlternateReactionSteps=false&isFromReactionGroup=false&key=6a58ba6462c3022ca7b601fb&metricsOrdinal=1245&ordinal=2&resultType=reaction&resultView=DETAIL&state=searchDetail.reaction&suppressNavigation=false&uiContext=366&uiSubContext=551&uriForDetails=multistep-reaction%2F6f4bae89-1880-5a06-a60e-f0786b9dfb65&uriForGroup=substance%2Fpt%2F71117378%2Bsubstance%2Fpt%2F824942-%3Esubstance%2Fpt%2F1191064488%2Bsubstance%2Fpt%2F263748578
63,1245,3,31-614-CAS-35071298,2,skipped,1,多产物反应，按当前课题规则跳过,https://scifinder-n.cas.org/search/reaction/6a58ba6462c3022ca7b601fb/63,https://scifinder-n.cas.org/navigate/?appId=e31655d5-9320-4152-9b6d-89b3ead29888&backKey=6a58ba6462c3022ca7b601fb&backToPage=63&cidValue=816&groupOrdinal=1245&groupViewContextIndicator=false&isFromAllResults=false&isFromAlternateReactionSteps=false&isFromReactionGroup=false&key=6a58ba6462c3022ca7b601fb&metricsOrdinal=1245&ordinal=3&resultType=reaction&resultView=DETAIL&state=searchDetail.reaction&suppressNavigation=false&uiContext=366&uiSubContext=551&uriForDetails=multistep-reaction%2F311d68a6-2489-5ce7-9664-c062de511ab2&uriForGroup=substance%2Fpt%2F71117378%2Bsubstance%2Fpt%2F824942-%3Esubstance%2Fpt%2F1191064488%2Bsubstance%2Fpt%2F263748578
63,1246,1,31-008-CAS-896727,2,skipped,1,多产物反应，按当前课题规则跳过,https://scifinder-n.cas.org/search/reaction/6a58ba6462c3022ca7b601fb/63,https://scifinder-n.cas.org/navigate/?appId=e31655d5-9320-4152-9b6d-89b3ead29888&backKey=6a58ba6462c3022ca7b601fb&backToPage=63&cidValue=816&groupOrdinal=1246&groupViewContextIndicator=false&isFromAllResults=false&isFromAlternateReactionSteps=false&isFromReactionGroup=false&key=6a58ba6462c3022ca7b601fb&metricsOrdinal=1246&ordinal=1&resultType=reaction&resultView=DETAIL&state=searchDetail.reaction&suppressNavigation=false&uiContext=366&uiSubContext=551&uriForDetails=multistep-reaction%2F721874ca-4c93-5799-a93b-bdf8c8951e5c&uriForGroup=substance%2Fpt%2F1000780244%2Bsubstance%2Fpt%2F100390-%3Esubstance%2Fpt%2F1000780288%2Bsubstance%2Fpt%2F1000780302
63,1247,1,31-304-CAS-18144338,2,skipped,1,多产物反应，按当前课题规则跳过,https://scifinder-n.cas.org/search/reaction/6a58ba6462c3022ca7b601fb/63,https://scifinder-n.cas.org/navigate/?appId=e31655d5-9320-4152-9b6d-89b3ead29888&backKey=6a58ba6462c3022ca7b601fb&backToPage=63&cidValue=816&groupOrdinal=1247&groupViewContextIndicator=false&isFromAllResults=false&isFromAlternateReactionSteps=false&isFromReactionGroup=false&key=6a58ba6462c3022ca7b601fb&metricsOrdinal=1247&ordinal=1&resultType=reaction&resultView=DETAIL&state=searchDetail.reaction&suppressNavigation=false&uiContext=366&uiSubContext=551&uriForDetails=multistep-reaction%2F7bd8392f-cf81-5f1d-8bdb-f3cbda89e226&uriForGroup=substance%2Fpt%2F111148%2Bsubstance%2Fpt%2F57701276-%3Esubstance%2Fpt%2F1160470494%2Bsubstance%2Fpt%2F1160470552
63,1248,1,31-008-CAS-10523956,2,skipped,1,多产物反应，按当前课题规则跳过,https://scifinder-n.cas.org/search/reaction/6a58ba6462c3022ca7b601fb/63,https://scifinder-n.cas.org/navigate/?appId=e31655d5-9320-4152-9b6d-89b3ead29888&backKey=6a58ba6462c3022ca7b601fb&backToPage=63&cidValue=816&groupOrdinal=1248&groupViewContextIndicator=false&isFromAllResults=false&isFromAlternateReactionSteps=false&isFromReactionGroup=false&key=6a58ba6462c3022ca7b601fb&metricsOrdinal=1248&ordinal=1&resultType=reaction&resultView=DETAIL&state=searchDetail.reaction&suppressNavigation=false&uiContext=366&uiSubContext=551&uriForDetails=multistep-reaction%2F88316970-5e62-5040-9906-9c0d03a1cd25&uriForGroup=substance%2Fpt%2F1009818158%2Bsubstance%2Fpt%2F18162486-%3Esubstance%2Fpt%2F1009818170%2Bsubstance%2Fpt%2F1009818181
63,1249,1,31-008-CAS-5327365,2,skipped,1,多产物反应，按当前课题规则跳过,https://scifinder-n.cas.org/search/reaction/6a58ba6462c3022ca7b601fb/63,https://scifinder-n.cas.org/navigate/?appId=e31655d5-9320-4152-9b6d-89b3ead29888&backKey=6a58ba6462c3022ca7b601fb&backToPage=63&cidValue=816&groupOrdinal=1249&groupViewContextIndicator=false&isFromAllResults=false&isFromAlternateReactionSteps=false&isFromReactionGroup=false&key=6a58ba6462c3022ca7b601fb&metricsOrdinal=1249&ordinal=1&resultType=reaction&resultView=DETAIL&state=searchDetail.reaction&suppressNavigation=false&uiContext=366&uiSubContext=551&uriForDetails=multistep-reaction%2F9ca68cad-cd38-5fc1-ae47-34ca55cfb95f&uriForGroup=substance%2Fpt%2F1427201691%2Bsubstance%2Fpt%2F74884-%3Esubstance%2Fpt%2F1427201704%2Bsubstance%2Fpt%2F1427203084
63,1250,1,31-356-CAS-4467365,2,skipped,1,多产物反应，按当前课题规则跳过,https://scifinder-n.cas.org/search/reaction/6a58ba6462c3022ca7b601fb/63,https://scifinder-n.cas.org/navigate/?appId=e31655d5-9320-4152-9b6d-89b3ead29888&backKey=6a58ba6462c3022ca7b601fb&backToPage=63&cidValue=816&groupOrdinal=1250&groupViewContextIndicator=false&isFromAllResults=false&isFromAlternateReactionSteps=false&isFromReactionGroup=false&key=6a58ba6462c3022ca7b601fb&metricsOrdinal=1250&ordinal=1&resultType=reaction&resultView=DETAIL&state=searchDetail.reaction&suppressNavigation=false&uiContext=366&uiSubContext=551&uriForDetails=multistep-reaction%2Fdc714da7-73bf-56f1-930f-7de06fb33053&uriForGroup=substance%2Fpt%2F112254872%2Bsubstance%2Fpt%2F79312-%3Esubstance%2Fpt%2F1196984958%2Bsubstance%2Fpt%2F1196985019
63,1251,1,31-013-CAS-7900489,2,skipped,1,多产物反应，按当前课题规则跳过,https://scifinder-n.cas.org/search/reaction/6a58ba6462c3022ca7b601fb/63,https://scifinder-n.cas.org/navigate/?appId=e31655d5-9320-4152-9b6d-89b3ead29888&backKey=6a58ba6462c3022ca7b601fb&backToPage=63&cidValue=816&groupOrdinal=1251&groupViewContextIndicator=false&isFromAllResults=false&isFromAlternateReactionSteps=false&isFromReactionGroup=false&key=6a58ba6462c3022ca7b601fb&metricsOrdinal=1251&ordinal=1&resultType=reaction&resultView=DETAIL&state=searchDetail.reaction&suppressNavigation=false&uiContext=366&uiSubContext=551&uriForDetails=multistep-reaction%2F3d7bbd3a-a03c-597b-8bd3-15f5eb3274c8&uriForGroup=substance%2Fpt%2F116501532%2Bsubstance%2Fpt%2F71117414-%3Esubstance%2Fpt%2F470475402%2Bsubstance%2Fpt%2F470475413
63,1251,2,31-013-CAS-3518360,2,skipped,1,多产物反应，按当前课题规则跳过,https://scifinder-n.cas.org/search/reaction/6a58ba6462c3022ca7b601fb/63,https://scifinder-n.cas.org/navigate/?appId=e31655d5-9320-4152-9b6d-89b3ead29888&backKey=6a58ba6462c3022ca7b601fb&backToPage=63&cidValue=816&groupOrdinal=1251&groupViewContextIndicator=false&isFromAllResults=false&isFromAlternateReactionSteps=false&isFromReactionGroup=false&key=6a58ba6462c3022ca7b601fb&metricsOrdinal=1251&ordinal=2&resultType=reaction&resultView=DETAIL&state=searchDetail.reaction&suppressNavigation=false&uiContext=366&uiSubContext=551&uriForDetails=multistep-reaction%2Feb0cb5cd-7971-559a-a6b2-be587a82f75b&uriForGroup=substance%2Fpt%2F116501532%2Bsubstance%2Fpt%2F71117414-%3Esubstance%2Fpt%2F470475402%2Bsubstance%2Fpt%2F470475413
63,1251,3,31-013-CAS-5479590,2,skipped,1,多产物反应，按当前课题规则跳过,https://scifinder-n.cas.org/search/reaction/6a58ba6462c3022ca7b601fb/63,https://scifinder-n.cas.org/navigate/?appId=e31655d5-9320-4152-9b6d-89b3ead29888&backKey=6a58ba6462c3022ca7b601fb&backToPage=63&cidValue=816&groupOrdinal=1251&groupViewContextIndicator=false&isFromAllResults=false&isFromAlternateReactionSteps=false&isFromReactionGroup=false&key=6a58ba6462c3022ca7b601fb&metricsOrdinal=1251&ordinal=3&resultType=reaction&resultView=DETAIL&state=searchDetail.reaction&suppressNavigation=false&uiContext=366&uiSubContext=551&uriForDetails=multistep-reaction%2F77cf8a4e-c6fd-5d4b-893a-4b37760741ef&uriForGroup=substance%2Fpt%2F116501532%2Bsubstance%2Fpt%2F71117414-%3Esubstance%2Fpt%2F470475402%2Bsubstance%2Fpt%2F470475413
63,1252,1,31-014-CAS-22943645,2,skipped,1,多产物反应，按当前课题规则跳过,https://scifinder-n.cas.org/search/reaction/6a58ba6462c3022ca7b601fb/63,https://scifinder-n.cas.org/navigate/?appId=e31655d5-9320-4152-9b6d-89b3ead29888&backKey=6a58ba6462c3022ca7b601fb&backToPage=63&cidValue=816&groupOrdinal=1252&groupViewContextIndicator=false&isFromAllResults=false&isFromAlternateReactionSteps=false&isFromReactionGroup=false&key=6a58ba6462c3022ca7b601fb&metricsOrdinal=1252&ordinal=1&resultType=reaction&resultView=DETAIL&state=searchDetail.reaction&suppressNavigation=false&uiContext=366&uiSubContext=551&uriForDetails=multistep-reaction%2Fefd6e8c5-ccba-5717-a310-c662331ec6bf&uriForGroup=substance%2Fpt%2F121449829%2Bsubstance%2Fpt%2F74372900-%3Esubstance%2Fpt%2F2504033310%2Bsubstance%2Fpt%2F2504033321
63,1253,1,31-354-CAS-6764149,2,skipped,1,多产物反应，按当前课题规则跳过,https://scifinder-n.cas.org/search/reaction/6a58ba6462c3022ca7b601fb/63,https://scifinder-n.cas.org/navigate/?appId=e31655d5-9320-4152-9b6d-89b3ead29888&backKey=6a58ba6462c3022ca7b601fb&backToPage=63&cidValue=816&groupOrdinal=1253&groupViewContextIndicator=false&isFromAllResults=false&isFromAlternateReactionSteps=false&isFromReactionGroup=false&key=6a58ba6462c3022ca7b601fb&metricsOrdinal=1253&ordinal=1&resultType=reaction&resultView=DETAIL&state=searchDetail.reaction&suppressNavigation=false&uiContext=366&uiSubContext=551&uriForDetails=multistep-reaction%2F36925872-d1a9-505c-9ebe-7b5df5f85fd9&uriForGroup=substance%2Fpt%2F1005567%2Bsubstance%2Fpt%2F1011722921-%3Esubstance%2Fpt%2F1011722932%2Bsubstance%2Fpt%2F1011722943
63,1254,1,31-008-CAS-12160791,2,skipped,1,多产物反应，按当前课题规则跳过,https://scifinder-n.cas.org/search/reaction/6a58ba6462c3022ca7b601fb/63,https://scifinder-n.cas.org/navigate/?appId=e31655d5-9320-4152-9b6d-89b3ead29888&backKey=6a58ba6462c3022ca7b601fb&backToPage=63&cidValue=816&groupOrdinal=1254&groupViewContextIndicator=false&isFromAllResults=false&isFromAlternateReactionSteps=false&isFromReactionGroup=false&key=6a58ba6462c3022ca7b601fb&metricsOrdinal=1254&ordinal=1&resultType=reaction&resultView=DETAIL&state=searchDetail.reaction&suppressNavigation=false&uiContext=366&uiSubContext=551&uriForDetails=multistep-reaction%2F8fb728b5-7b7f-52a4-a3a8-a4aab68aa5fb&uriForGroup=substance%2Fpt%2F110532%2Bsubstance%2Fpt%2F87508176-%3Esubstance%2Fpt%2F322472811%2Bsubstance%2Fpt%2F322472822
63,1255,1,31-357-CAS-6846120,2,skipped,1,多产物反应，按当前课题规则跳过,https://scifinder-n.cas.org/search/reaction/6a58ba6462c3022ca7b601fb/63,https://scifinder-n.cas.org/navigate/?appId=e31655d5-9320-4152-9b6d-89b3ead29888&backKey=6a58ba6462c3022ca7b601fb&backToPage=63&cidValue=816&groupOrdinal=1255&groupViewContextIndicator=false&isFromAllResults=false&isFromAlternateReactionSteps=false&isFromReactionGroup=false&key=6a58ba6462c3022ca7b601fb&metricsOrdinal=1255&ordinal=1&resultType=reaction&resultView=DETAIL&state=searchDetail.reaction&suppressNavigation=false&uiContext=366&uiSubContext=551&uriForDetails=multistep-reaction%2F9269b944-4e35-5d7e-9c61-e2d321544494&uriForGroup=substance%2Fpt%2F108214%2Bsubstance%2Fpt%2F64552063-%3Esubstance%2Fpt%2F130195969%2Bsubstance%2Fpt%2F1376449443
63,1256,1,31-614-CAS-24775286,2,skipped,1,多产物反应，按当前课题规则跳过,https://scifinder-n.cas.org/search/reaction/6a58ba6462c3022ca7b601fb/63,https://scifinder-n.cas.org/navigate/?appId=e31655d5-9320-4152-9b6d-89b3ead29888&backKey=6a58ba6462c3022ca7b601fb&backToPage=63&cidValue=816&groupOrdinal=1256&groupViewContextIndicator=false&isFromAllResults=false&isFromAlternateReactionSteps=false&isFromReactionGroup=false&key=6a58ba6462c3022ca7b601fb&metricsOrdinal=1256&ordinal=1&resultType=reaction&resultView=DETAIL&state=searchDetail.reaction&suppressNavigation=false&uiContext=366&uiSubContext=551&uriForDetails=multistep-reaction%2F9562b393-8cc7-5e40-87be-102019d5285e&uriForGroup=substance%2Fpt%2F1695576432%2Bsubstance%2Fpt%2F437615220-%3Esubstance%2Fpt%2F2729997924%2Bsubstance%2Fpt%2F2729997935
63,1257,1,31-011-CAS-20878045,2,skipped,1,多产物反应，按当前课题规则跳过,https://scifinder-n.cas.org/search/reaction/6a58ba6462c3022ca7b601fb/63,https://scifinder-n.cas.org/navigate/?appId=e31655d5-9320-4152-9b6d-89b3ead29888&backKey=6a58ba6462c3022ca7b601fb&backToPage=63&cidValue=816&groupOrdinal=1257&groupViewContextIndicator=false&isFromAllResults=false&isFromAlternateReactionSteps=false&isFromReactionGroup=false&key=6a58ba6462c3022ca7b601fb&metricsOrdinal=1257&ordinal=1&resultType=reaction&resultView=DETAIL&state=searchDetail.reaction&suppressNavigation=false&uiContext=366&uiSubContext=551&uriForDetails=multistep-reaction%2Fb868b128-ce25-521b-810a-83056c4b674c&uriForGroup=substance%2Fpt%2F22979357%2Bsubstance%2Fpt%2F65530269-%3Esubstance%2Fpt%2F2390477344%2Bsubstance%2Fpt%2F2391988671
63,1258,1,31-008-CAS-16500838,2,skipped,1,多产物反应，按当前课题规则跳过,https://scifinder-n.cas.org/search/reaction/6a58ba6462c3022ca7b601fb/63,https://scifinder-n.cas.org/navigate/?appId=e31655d5-9320-4152-9b6d-89b3ead29888&backKey=6a58ba6462c3022ca7b601fb&backToPage=63&cidValue=816&groupOrdinal=1258&groupViewContextIndicator=false&isFromAllResults=false&isFromAlternateReactionSteps=false&isFromReactionGroup=false&key=6a58ba6462c3022ca7b601fb&metricsOrdinal=1258&ordinal=1&resultType=reaction&resultView=DETAIL&state=searchDetail.reaction&suppressNavigation=false&uiContext=366&uiSubContext=551&uriForDetails=multistep-reaction%2F2b99f3c6-2487-5b2c-8eee-8caa4fb5b77a&uriForGroup=substance%2Fpt%2F100390%2Bsubstance%2Fpt%2F93382480-%3Esubstance%2Fpt%2F128241145%2Bsubstance%2Fpt%2F162061463
63,1259,1,31-008-CAS-11972353,2,skipped,1,多产物反应，按当前课题规则跳过,https://scifinder-n.cas.org/search/reaction/6a58ba6462c3022ca7b601fb/63,https://scifinder-n.cas.org/navigate/?appId=e31655d5-9320-4152-9b6d-89b3ead29888&backKey=6a58ba6462c3022ca7b601fb&backToPage=63&cidValue=816&groupOrdinal=1259&groupViewContextIndicator=false&isFromAllResults=false&isFromAlternateReactionSteps=false&isFromReactionGroup=false&key=6a58ba6462c3022ca7b601fb&metricsOrdinal=1259&ordinal=1&resultType=reaction&resultView=DETAIL&state=searchDetail.reaction&suppressNavigation=false&uiContext=366&uiSubContext=551&uriForDetails=multistep-reaction%2F6a905651-41e1-5733-9822-b92bd55c20f0&uriForGroup=substance%2Fpt%2F35656930%2Bsubstance%2Fpt%2F854735969-%3Esubstance%2Fpt%2F1005214787%2Bsubstance%2Fpt%2F854735936
63,1260,1,31-013-CAS-7806234,2,skipped,1,多产物反应，按当前课题规则跳过,https://scifinder-n.cas.org/search/reaction/6a58ba6462c3022ca7b601fb/63,https://scifinder-n.cas.org/navigate/?appId=e31655d5-9320-4152-9b6d-89b3ead29888&backKey=6a58ba6462c3022ca7b601fb&backToPage=63&cidValue=816&groupOrdinal=1260&groupViewContextIndicator=false&isFromAllResults=false&isFromAlternateReactionSteps=false&isFromReactionGroup=false&key=6a58ba6462c3022ca7b601fb&metricsOrdinal=1260&ordinal=1&resultType=reaction&resultView=DETAIL&state=searchDetail.reaction&suppressNavigation=false&uiContext=366&uiSubContext=551&uriForDetails=multistep-reaction%2F7988d78a-962a-5fb7-9fcc-5a17c21e8e22&uriForGroup=substance%2Fpt%2F147103308%2Bsubstance%2Fpt%2F147201012-%3Esubstance%2Fpt%2F147103320%2Bsubstance%2Fpt%2F147133559
64,1261,1,31-008-CAS-13931103,2,skipped,1,多产物反应，按当前课题规则跳过,https://scifinder-n.cas.org/search/reaction/6a58ba6462c3022ca7b601fb/64,https://scifinder-n.cas.org/navigate/?appId=720b8080-df35-4f56-8ad1-ac2b62f3bdf1&backKey=6a58ba6462c3022ca7b601fb&backToPage=64&cidValue=816&groupOrdinal=1261&groupViewContextIndicator=false&isFromAllResults=false&isFromAlternateReactionSteps=false&isFromReactionGroup=false&key=6a58ba6462c3022ca7b601fb&metricsOrdinal=1261&ordinal=1&resultType=reaction&resultView=DETAIL&state=searchDetail.reaction&suppressNavigation=false&uiContext=366&uiSubContext=551&uriForDetails=multistep-reaction%2F92c12096-fb4e-59cd-9b88-aea2d6311fb9&uriForGroup=substance%2Fpt%2F106967%2Bsubstance%2Fpt%2F65987124-%3Esubstance%2Fpt%2F1041176093%2Bsubstance%2Fpt%2F1041176173
64,1262,1,31-006-CAS-14232208,2,skipped,1,多产物反应，按当前课题规则跳过,https://scifinder-n.cas.org/search/reaction/6a58ba6462c3022ca7b601fb/64,https://scifinder-n.cas.org/navigate/?appId=720b8080-df35-4f56-8ad1-ac2b62f3bdf1&backKey=6a58ba6462c3022ca7b601fb&backToPage=64&cidValue=816&groupOrdinal=1262&groupViewContextIndicator=false&isFromAllResults=false&isFromAlternateReactionSteps=false&isFromReactionGroup=false&key=6a58ba6462c3022ca7b601fb&metricsOrdinal=1262&ordinal=1&resultType=reaction&resultView=DETAIL&state=searchDetail.reaction&suppressNavigation=false&uiContext=366&uiSubContext=551&uriForDetails=multistep-reaction%2Fabef0964-f31f-563a-bf7d-482913f2420a&uriForGroup=substance%2Fpt%2F125392623%2Bsubstance%2Fpt%2F57701276-%3Esubstance%2Fpt%2F495413688%2Bsubstance%2Fpt%2F803738047
64,1262,2,31-006-CAS-894400,2,skipped,1,多产物反应，按当前课题规则跳过,https://scifinder-n.cas.org/search/reaction/6a58ba6462c3022ca7b601fb/64,https://scifinder-n.cas.org/navigate/?appId=720b8080-df35-4f56-8ad1-ac2b62f3bdf1&backKey=6a58ba6462c3022ca7b601fb&backToPage=64&cidValue=816&groupOrdinal=1262&groupViewContextIndicator=false&isFromAllResults=false&isFromAlternateReactionSteps=false&isFromReactionGroup=false&key=6a58ba6462c3022ca7b601fb&metricsOrdinal=1262&ordinal=2&resultType=reaction&resultView=DETAIL&state=searchDetail.reaction&suppressNavigation=false&uiContext=366&uiSubContext=551&uriForDetails=multistep-reaction%2F3d790ce4-c73e-502a-93e9-3f4338426ed6&uriForGroup=substance%2Fpt%2F125392623%2Bsubstance%2Fpt%2F57701276-%3Esubstance%2Fpt%2F495413688%2Bsubstance%2Fpt%2F803738047
64,1263,1,31-008-CAS-7830718,2,skipped,1,多产物反应，按当前课题规则跳过,https://scifinder-n.cas.org/search/reaction/6a58ba6462c3022ca7b601fb/64,https://scifinder-n.cas.org/navigate/?appId=720b8080-df35-4f56-8ad1-ac2b62f3bdf1&backKey=6a58ba6462c3022ca7b601fb&backToPage=64&cidValue=816&groupOrdinal=1263&groupViewContextIndicator=false&isFromAllResults=false&isFromAlternateReactionSteps=false&isFromReactionGroup=false&key=6a58ba6462c3022ca7b601fb&metricsOrdinal=1263&ordinal=1&resultType=reaction&resultView=DETAIL&state=searchDetail.reaction&suppressNavigation=false&uiContext=366&uiSubContext=551&uriForDetails=multistep-reaction%2F464e0198-1780-5d91-a444-823968dbda0e&uriForGroup=substance%2Fpt%2F106956%2Bsubstance%2Fpt%2F57701276-%3Esubstance%2Fpt%2F131614841%2Bsubstance%2Fpt%2F131614874
64,1263,2,31-008-CAS-9964657,2,skipped,1,多产物反应，按当前课题规则跳过,https://scifinder-n.cas.org/search/reaction/6a58ba6462c3022ca7b601fb/64,https://scifinder-n.cas.org/navigate/?appId=720b8080-df35-4f56-8ad1-ac2b62f3bdf1&backKey=6a58ba6462c3022ca7b601fb&backToPage=64&cidValue=816&groupOrdinal=1263&groupViewContextIndicator=false&isFromAllResults=false&isFromAlternateReactionSteps=false&isFromReactionGroup=false&key=6a58ba6462c3022ca7b601fb&metricsOrdinal=1263&ordinal=2&resultType=reaction&resultView=DETAIL&state=searchDetail.reaction&suppressNavigation=false&uiContext=366&uiSubContext=551&uriForDetails=multistep-reaction%2F33bf5d60-6e4a-504e-b611-da28d8c457ab&uriForGroup=substance%2Fpt%2F106956%2Bsubstance%2Fpt%2F57701276-%3Esubstance%2Fpt%2F131614841%2Bsubstance%2Fpt%2F131614874
64,1264,1,31-008-CAS-7746432,2,skipped,1,多产物反应，按当前课题规则跳过,https://scifinder-n.cas.org/search/reaction/6a58ba6462c3022ca7b601fb/64,https://scifinder-n.cas.org/navigate/?appId=720b8080-df35-4f56-8ad1-ac2b62f3bdf1&backKey=6a58ba6462c3022ca7b601fb&backToPage=64&cidValue=816&groupOrdinal=1264&groupViewContextIndicator=false&isFromAllResults=false&isFromAlternateReactionSteps=false&isFromReactionGroup=false&key=6a58ba6462c3022ca7b601fb&metricsOrdinal=1264&ordinal=1&resultType=reaction&resultView=DETAIL&state=searchDetail.reaction&suppressNavigation=false&uiContext=366&uiSubContext=551&uriForDetails=multistep-reaction%2Fb9a700af-adcb-5f17-8610-70df2c7a13a4&uriForGroup=substance%2Fpt%2F589151%2Bsubstance%2Fpt%2F7585399-%3Esubstance%2Fpt%2F1130887158%2Bsubstance%2Fpt%2F1130887170
64,1264,2,31-008-CAS-10159848,2,skipped,1,多产物反应，按当前课题规则跳过,https://scifinder-n.cas.org/search/reaction/6a58ba6462c3022ca7b601fb/64,https://scifinder-n.cas.org/navigate/?appId=720b8080-df35-4f56-8ad1-ac2b62f3bdf1&backKey=6a58ba6462c3022ca7b601fb&backToPage=64&cidValue=816&groupOrdinal=1264&groupViewContextIndicator=false&isFromAllResults=false&isFromAlternateReactionSteps=false&isFromReactionGroup=false&key=6a58ba6462c3022ca7b601fb&metricsOrdinal=1264&ordinal=2&resultType=reaction&resultView=DETAIL&state=searchDetail.reaction&suppressNavigation=false&uiContext=366&uiSubContext=551&uriForDetails=multistep-reaction%2Fddcd69aa-223b-5910-abf7-7aa8fb43ad06&uriForGroup=substance%2Fpt%2F589151%2Bsubstance%2Fpt%2F7585399-%3Esubstance%2Fpt%2F1130887158%2Bsubstance%2Fpt%2F1130887170
64,1265,1,31-008-CAS-9136726,2,skipped,1,多产物反应，按当前课题规则跳过,https://scifinder-n.cas.org/search/reaction/6a58ba6462c3022ca7b601fb/64,https://scifinder-n.cas.org/navigate/?appId=720b8080-df35-4f56-8ad1-ac2b62f3bdf1&backKey=6a58ba6462c3022ca7b601fb&backToPage=64&cidValue=816&groupOrdinal=1265&groupViewContextIndicator=false&isFromAllResults=false&isFromAlternateReactionSteps=false&isFromReactionGroup=false&key=6a58ba6462c3022ca7b601fb&metricsOrdinal=1265&ordinal=1&resultType=reaction&resultView=DETAIL&state=searchDetail.reaction&suppressNavigation=false&uiContext=366&uiSubContext=551&uriForDetails=multistep-reaction%2F07368f51-3501-5a70-b2a7-c78fe8cc7d59&uriForGroup=substance%2Fpt%2F100390%2Bsubstance%2Fpt%2F113533747-%3Esubstance%2Fpt%2F131684792%2Bsubstance%2Fpt%2F618118993
64,1266,1,31-008-CAS-706115,2,skipped,1,多产物反应，按当前课题规则跳过,https://scifinder-n.cas.org/search/reaction/6a58ba6462c3022ca7b601fb/64,https://scifinder-n.cas.org/navigate/?appId=720b8080-df35-4f56-8ad1-ac2b62f3bdf1&backKey=6a58ba6462c3022ca7b601fb&backToPage=64&cidValue=816&groupOrdinal=1266&groupViewContextIndicator=false&isFromAllResults=false&isFromAlternateReactionSteps=false&isFromReactionGroup=false&key=6a58ba6462c3022ca7b601fb&metricsOrdinal=1266&ordinal=1&resultType=reaction&resultView=DETAIL&state=searchDetail.reaction&suppressNavigation=false&uiContext=366&uiSubContext=551&uriForDetails=multistep-reaction%2F22c373c8-4315-5a0a-adcd-6f6d54e1e0ec&uriForGroup=substance%2Fpt%2F100390%2Bsubstance%2Fpt%2F1005215019-%3Esubstance%2Fpt%2F1005215031%2Bsubstance%2Fpt%2F1005215042
64,1267,1,31-008-CAS-6432300,2,skipped,1,多产物反应，按当前课题规则跳过,https://scifinder-n.cas.org/search/reaction/6a58ba6462c3022ca7b601fb/64,https://scifinder-n.cas.org/navigate/?appId=720b8080-df35-4f56-8ad1-ac2b62f3bdf1&backKey=6a58ba6462c3022ca7b601fb&backToPage=64&cidValue=816&groupOrdinal=1267&groupViewContextIndicator=false&isFromAllResults=false&isFromAlternateReactionSteps=false&isFromReactionGroup=false&key=6a58ba6462c3022ca7b601fb&metricsOrdinal=1267&ordinal=1&resultType=reaction&resultView=DETAIL&state=searchDetail.reaction&suppressNavigation=false&uiContext=366&uiSubContext=551&uriForDetails=multistep-reaction%2F7197b6c1-86b1-5906-ae45-bad652413a5c&uriForGroup=substance%2Fpt%2F119237966%2Bsubstance%2Fpt%2F3068324-%3Esubstance%2Fpt%2F155739734%2Bsubstance%2Fpt%2F155739745
64,1268,1,31-013-CAS-22370777,2,skipped,1,多产物反应，按当前课题规则跳过,https://scifinder-n.cas.org/search/reaction/6a58ba6462c3022ca7b601fb/64,https://scifinder-n.cas.org/navigate/?appId=720b8080-df35-4f56-8ad1-ac2b62f3bdf1&backKey=6a58ba6462c3022ca7b601fb&backToPage=64&cidValue=816&groupOrdinal=1268&groupViewContextIndicator=false&isFromAllResults=false&isFromAlternateReactionSteps=false&isFromReactionGroup=false&key=6a58ba6462c3022ca7b601fb&metricsOrdinal=1268&ordinal=1&resultType=reaction&resultView=DETAIL&state=searchDetail.reaction&suppressNavigation=false&uiContext=366&uiSubContext=551&uriForDetails=multistep-reaction%2Fc4e18822-e64f-5223-a051-31e9b118833a&uriForGroup=substance%2Fpt%2F2451977016%2Bsubstance%2Fpt%2F57701276-%3Esubstance%2Fpt%2F2451977185%2Bsubstance%2Fpt%2F2451977196
64,1269,1,31-008-CAS-7782635,2,skipped,1,多产物反应，按当前课题规则跳过,https://scifinder-n.cas.org/search/reaction/6a58ba6462c3022ca7b601fb/64,https://scifinder-n.cas.org/navigate/?appId=720b8080-df35-4f56-8ad1-ac2b62f3bdf1&backKey=6a58ba6462c3022ca7b601fb&backToPage=64&cidValue=816&groupOrdinal=1269&groupViewContextIndicator=false&isFromAllResults=false&isFromAlternateReactionSteps=false&isFromReactionGroup=false&key=6a58ba6462c3022ca7b601fb&metricsOrdinal=1269&ordinal=1&resultType=reaction&resultView=DETAIL&state=searchDetail.reaction&suppressNavigation=false&uiContext=366&uiSubContext=551&uriForDetails=multistep-reaction%2Feb034129-e4df-5b60-83a3-3eafe376c2a1&uriForGroup=substance%2Fpt%2F100390%2Bsubstance%2Fpt%2F683772987-%3Esubstance%2Fpt%2F683772998%2Bsubstance%2Fpt%2F683773366
64,1270,1,31-356-CAS-23897329,2,skipped,1,多产物反应，按当前课题规则跳过,https://scifinder-n.cas.org/search/reaction/6a58ba6462c3022ca7b601fb/64,https://scifinder-n.cas.org/navigate/?appId=720b8080-df35-4f56-8ad1-ac2b62f3bdf1&backKey=6a58ba6462c3022ca7b601fb&backToPage=64&cidValue=816&groupOrdinal=1270&groupViewContextIndicator=false&isFromAllResults=false&isFromAlternateReactionSteps=false&isFromReactionGroup=false&key=6a58ba6462c3022ca7b601fb&metricsOrdinal=1270&ordinal=1&resultType=reaction&resultView=DETAIL&state=searchDetail.reaction&suppressNavigation=false&uiContext=366&uiSubContext=551&uriForDetails=multistep-reaction%2F82c435d0-8634-5f81-96ba-305f6a9a9615&uriForGroup=substance%2Fpt%2F2045401032%2Bsubstance%2Fpt%2F57103-%3Esubstance%2Fpt%2F2045401076%2Bsubstance%2Fpt%2F2045401087
64,1271,1,31-008-CAS-6095782,2,skipped,1,多产物反应，按当前课题规则跳过,https://scifinder-n.cas.org/search/reaction/6a58ba6462c3022ca7b601fb/64,https://scifinder-n.cas.org/navigate/?appId=720b8080-df35-4f56-8ad1-ac2b62f3bdf1&backKey=6a58ba6462c3022ca7b601fb&backToPage=64&cidValue=816&groupOrdinal=1271&groupViewContextIndicator=false&isFromAllResults=false&isFromAlternateReactionSteps=false&isFromReactionGroup=false&key=6a58ba6462c3022ca7b601fb&metricsOrdinal=1271&ordinal=1&resultType=reaction&resultView=DETAIL&state=searchDetail.reaction&suppressNavigation=false&uiContext=366&uiSubContext=551&uriForDetails=multistep-reaction%2F88aa8866-181f-5a86-a733-108ccc08e969&uriForGroup=substance%2Fpt%2F106956%2Bsubstance%2Fpt%2F127874264-%3Esubstance%2Fpt%2F127874286%2Bsubstance%2Fpt%2F127874297
64,1272,1,31-355-CAS-878596,2,skipped,1,多产物反应，按当前课题规则跳过,https://scifinder-n.cas.org/search/reaction/6a58ba6462c3022ca7b601fb/64,https://scifinder-n.cas.org/navigate/?appId=720b8080-df35-4f56-8ad1-ac2b62f3bdf1&backKey=6a58ba6462c3022ca7b601fb&backToPage=64&cidValue=816&groupOrdinal=1272&groupViewContextIndicator=false&isFromAllResults=false&isFromAlternateReactionSteps=false&isFromReactionGroup=false&key=6a58ba6462c3022ca7b601fb&metricsOrdinal=1272&ordinal=1&resultType=reaction&resultView=DETAIL&state=searchDetail.reaction&suppressNavigation=false&uiContext=366&uiSubContext=551&uriForDetails=multistep-reaction%2F9a110bd7-2daa-58f5-8f6b-3005b60555ef&uriForGroup=substance%2Fpt%2F108554%2Bsubstance%2Fpt%2F1220508246-%3Esubstance%2Fpt%2F1220508257%2Bsubstance%2Fpt%2F1220508268
64,1273,1,31-008-CAS-2853230,2,skipped,1,多产物反应，按当前课题规则跳过,https://scifinder-n.cas.org/search/reaction/6a58ba6462c3022ca7b601fb/64,https://scifinder-n.cas.org/navigate/?appId=720b8080-df35-4f56-8ad1-ac2b62f3bdf1&backKey=6a58ba6462c3022ca7b601fb&backToPage=64&cidValue=816&groupOrdinal=1273&groupViewContextIndicator=false&isFromAllResults=false&isFromAlternateReactionSteps=false&isFromReactionGroup=false&key=6a58ba6462c3022ca7b601fb&metricsOrdinal=1273&ordinal=1&resultType=reaction&resultView=DETAIL&state=searchDetail.reaction&suppressNavigation=false&uiContext=366&uiSubContext=551&uriForDetails=multistep-reaction%2F4702ded8-03c1-595a-a615-e3e3da37db1f&uriForGroup=substance%2Fpt%2F4196354%2Bsubstance%2Fpt%2F57701276-%3Esubstance%2Fpt%2F417706004%2Bsubstance%2Fpt%2F495413768
64,1273,2,31-008-CAS-12259191,2,skipped,1,多产物反应，按当前课题规则跳过,https://scifinder-n.cas.org/search/reaction/6a58ba6462c3022ca7b601fb/64,https://scifinder-n.cas.org/navigate/?appId=720b8080-df35-4f56-8ad1-ac2b62f3bdf1&backKey=6a58ba6462c3022ca7b601fb&backToPage=64&cidValue=816&groupOrdinal=1273&groupViewContextIndicator=false&isFromAllResults=false&isFromAlternateReactionSteps=false&isFromReactionGroup=false&key=6a58ba6462c3022ca7b601fb&metricsOrdinal=1273&ordinal=2&resultType=reaction&resultView=DETAIL&state=searchDetail.reaction&suppressNavigation=false&uiContext=366&uiSubContext=551&uriForDetails=multistep-reaction%2F9d2e62cf-ce4e-5d5c-afd1-771b78f599f8&uriForGroup=substance%2Fpt%2F4196354%2Bsubstance%2Fpt%2F57701276-%3Esubstance%2Fpt%2F417706004%2Bsubstance%2Fpt%2F495413768
64,1274,1,31-008-CAS-9547492,2,skipped,1,多产物反应，按当前课题规则跳过,https://scifinder-n.cas.org/search/reaction/6a58ba6462c3022ca7b601fb/64,https://scifinder-n.cas.org/navigate/?appId=720b8080-df35-4f56-8ad1-ac2b62f3bdf1&backKey=6a58ba6462c3022ca7b601fb&backToPage=64&cidValue=816&groupOrdinal=1274&groupViewContextIndicator=false&isFromAllResults=false&isFromAlternateReactionSteps=false&isFromReactionGroup=false&key=6a58ba6462c3022ca7b601fb&metricsOrdinal=1274&ordinal=1&resultType=reaction&resultView=DETAIL&state=searchDetail.reaction&suppressNavigation=false&uiContext=366&uiSubContext=551&uriForDetails=multistep-reaction%2Fa885826a-2745-5bf2-b7ca-814111ff8174&uriForGroup=substance%2Fpt%2F53081304%2Bsubstance%2Fpt%2F56341652-%3Esubstance%2Fpt%2F118646767%2Bsubstance%2Fpt%2F118663653
64,1275,1,31-357-CAS-5656478,2,skipped,1,多产物反应，按当前课题规则跳过,https://scifinder-n.cas.org/search/reaction/6a58ba6462c3022ca7b601fb/64,https://scifinder-n.cas.org/navigate/?appId=720b8080-df35-4f56-8ad1-ac2b62f3bdf1&backKey=6a58ba6462c3022ca7b601fb&backToPage=64&cidValue=816&groupOrdinal=1275&groupViewContextIndicator=false&isFromAllResults=false&isFromAlternateReactionSteps=false&isFromReactionGroup=false&key=6a58ba6462c3022ca7b601fb&metricsOrdinal=1275&ordinal=1&resultType=reaction&resultView=DETAIL&state=searchDetail.reaction&suppressNavigation=false&uiContext=366&uiSubContext=551&uriForDetails=multistep-reaction%2Fc8efef92-f54b-508c-a46c-407432f6e7d8&uriForGroup=substance%2Fpt%2F141786%2Bsubstance%2Fpt%2F57701276-%3Esubstance%2Fpt%2F104321100%2Bsubstance%2Fpt%2F107657078
64,1276,1,31-010-CAS-299834,2,skipped,1,多产物反应，按当前课题规则跳过,https://scifinder-n.cas.org/search/reaction/6a58ba6462c3022ca7b601fb/64,https://scifinder-n.cas.org/navigate/?appId=720b8080-df35-4f56-8ad1-ac2b62f3bdf1&backKey=6a58ba6462c3022ca7b601fb&backToPage=64&cidValue=816&groupOrdinal=1276&groupViewContextIndicator=false&isFromAllResults=false&isFromAlternateReactionSteps=false&isFromReactionGroup=false&key=6a58ba6462c3022ca7b601fb&metricsOrdinal=1276&ordinal=1&resultType=reaction&resultView=DETAIL&state=searchDetail.reaction&suppressNavigation=false&uiContext=366&uiSubContext=551&uriForDetails=multistep-reaction%2Fdcb3bdc6-f43e-513d-98b4-636300f7cffd&uriForGroup=substance%2Fpt%2F114284070%2Bsubstance%2Fpt%2F161007950-%3Esubstance%2Fpt%2F737766880%2Bsubstance%2Fpt%2F737766891
64,1277,1,31-614-CAS-45240893,2,skipped,1,多产物反应，按当前课题规则跳过,https://scifinder-n.cas.org/search/reaction/6a58ba6462c3022ca7b601fb/64,https://scifinder-n.cas.org/navigate/?appId=720b8080-df35-4f56-8ad1-ac2b62f3bdf1&backKey=6a58ba6462c3022ca7b601fb&backToPage=64&cidValue=816&groupOrdinal=1277&groupViewContextIndicator=false&isFromAllResults=false&isFromAlternateReactionSteps=false&isFromReactionGroup=false&key=6a58ba6462c3022ca7b601fb&metricsOrdinal=1277&ordinal=1&resultType=reaction&resultView=DETAIL&state=searchDetail.reaction&suppressNavigation=false&uiContext=366&uiSubContext=551&uriForDetails=multistep-reaction%2Fdfbb4845-d7bc-5a0b-afdb-dce827125ec9&uriForGroup=substance%2Fpt%2F3080669924-%3Esubstance%2Fpt%2F3080669935%2Bsubstance%2Fpt%2F3080669946
64,1278,1,31-010-CAS-14710863,2,skipped,1,多产物反应，按当前课题规则跳过,https://scifinder-n.cas.org/search/reaction/6a58ba6462c3022ca7b601fb/64,https://scifinder-n.cas.org/navigate/?appId=720b8080-df35-4f56-8ad1-ac2b62f3bdf1&backKey=6a58ba6462c3022ca7b601fb&backToPage=64&cidValue=816&groupOrdinal=1278&groupViewContextIndicator=false&isFromAllResults=false&isFromAlternateReactionSteps=false&isFromReactionGroup=false&key=6a58ba6462c3022ca7b601fb&metricsOrdinal=1278&ordinal=1&resultType=reaction&resultView=DETAIL&state=searchDetail.reaction&suppressNavigation=false&uiContext=366&uiSubContext=551&uriForDetails=multistep-reaction%2Feb1cd7ee-208a-5452-87b9-6901dd8043e7&uriForGroup=substance%2Fpt%2F211797896%2Bsubstance%2Fpt%2F74808109-%3Esubstance%2Fpt%2F259882105%2Bsubstance%2Fpt%2F259882116
64,1279,1,31-013-CAS-982268,2,skipped,1,多产物反应，按当前课题规则跳过,https://scifinder-n.cas.org/search/reaction/6a58ba6462c3022ca7b601fb/64,https://scifinder-n.cas.org/navigate/?appId=720b8080-df35-4f56-8ad1-ac2b62f3bdf1&backKey=6a58ba6462c3022ca7b601fb&backToPage=64&cidValue=816&groupOrdinal=1279&groupViewContextIndicator=false&isFromAllResults=false&isFromAlternateReactionSteps=false&isFromReactionGroup=false&key=6a58ba6462c3022ca7b601fb&metricsOrdinal=1279&ordinal=1&resultType=reaction&resultView=DETAIL&state=searchDetail.reaction&suppressNavigation=false&uiContext=366&uiSubContext=551&uriForDetails=multistep-reaction%2Ffadce2b6-abd8-5c52-81f7-bbe887522537&uriForGroup=substance%2Fpt%2F128376921%2Bsubstance%2Fpt%2F64550716-%3Esubstance%2Fpt%2F128377037%2Bsubstance%2Fpt%2F128377059
64,1280,1,31-357-CAS-9733852,2,skipped,1,多产物反应，按当前课题规则跳过,https://scifinder-n.cas.org/search/reaction/6a58ba6462c3022ca7b601fb/64,https://scifinder-n.cas.org/navigate/?appId=720b8080-df35-4f56-8ad1-ac2b62f3bdf1&backKey=6a58ba6462c3022ca7b601fb&backToPage=64&cidValue=816&groupOrdinal=1280&groupViewContextIndicator=false&isFromAllResults=false&isFromAlternateReactionSteps=false&isFromReactionGroup=false&key=6a58ba6462c3022ca7b601fb&metricsOrdinal=1280&ordinal=1&resultType=reaction&resultView=DETAIL&state=searchDetail.reaction&suppressNavigation=false&uiContext=366&uiSubContext=551&uriForDetails=multistep-reaction%2F360c6892-8d40-5f8e-a9c5-3dc6edb86f32&uriForGroup=substance%2Fpt%2F141786%2Bsubstance%2Fpt%2F71117367-%3Esubstance%2Fpt%2F1346111452%2Bsubstance%2Fpt%2F756897526
65,1281,1,31-022-CAS-5608730,2,skipped,1,多产物反应，按当前课题规则跳过,https://scifinder-n.cas.org/search/reaction/6a58ba6462c3022ca7b601fb/65,https://scifinder-n.cas.org/navigate/?appId=ad4e851a-8161-4878-a4bc-98d829682e67&backKey=6a58ba6462c3022ca7b601fb&backToPage=65&cidValue=816&groupOrdinal=1281&groupViewContextIndicator=false&isFromAllResults=false&isFromAlternateReactionSteps=false&isFromReactionGroup=false&key=6a58ba6462c3022ca7b601fb&metricsOrdinal=1281&ordinal=1&resultType=reaction&resultView=DETAIL&state=searchDetail.reaction&suppressNavigation=false&uiContext=366&uiSubContext=551&uriForDetails=multistep-reaction%2F992c8259-fcfc-5ab4-80ed-520e282216a9&uriForGroup=substance%2Fpt%2F71117378%2Bsubstance%2Fpt%2F773648-%3Esubstance%2Fpt%2F33818370%2Bsubstance%2Fpt%2F33910633
65,1282,1,31-357-CAS-4050986,2,skipped,1,多产物反应，按当前课题规则跳过,https://scifinder-n.cas.org/search/reaction/6a58ba6462c3022ca7b601fb/65,https://scifinder-n.cas.org/navigate/?appId=ad4e851a-8161-4878-a4bc-98d829682e67&backKey=6a58ba6462c3022ca7b601fb&backToPage=65&cidValue=816&groupOrdinal=1282&groupViewContextIndicator=false&isFromAllResults=false&isFromAlternateReactionSteps=false&isFromReactionGroup=false&key=6a58ba6462c3022ca7b601fb&metricsOrdinal=1282&ordinal=1&resultType=reaction&resultView=DETAIL&state=searchDetail.reaction&suppressNavigation=false&uiContext=366&uiSubContext=551&uriForDetails=multistep-reaction%2Fd749fbe3-05f8-5aef-af3d-7f21dc27becb&uriForGroup=substance%2Fpt%2F104992634%2Bsubstance%2Fpt%2F141786-%3Esubstance%2Fpt%2F1597528261%2Bsubstance%2Fpt%2F1597528294
65,1283,1,31-008-CAS-19449499,2,skipped,1,多产物反应，按当前课题规则跳过,https://scifinder-n.cas.org/search/reaction/6a58ba6462c3022ca7b601fb/65,https://scifinder-n.cas.org/navigate/?appId=ad4e851a-8161-4878-a4bc-98d829682e67&backKey=6a58ba6462c3022ca7b601fb&backToPage=65&cidValue=816&groupOrdinal=1283&groupViewContextIndicator=false&isFromAllResults=false&isFromAlternateReactionSteps=false&isFromReactionGroup=false&key=6a58ba6462c3022ca7b601fb&metricsOrdinal=1283&ordinal=1&resultType=reaction&resultView=DETAIL&state=searchDetail.reaction&suppressNavigation=false&uiContext=366&uiSubContext=551&uriForDetails=multistep-reaction%2Fe557f28d-2b03-5419-b3c0-9f0ae583eced&uriForGroup=substance%2Fpt%2F100390%2Bsubstance%2Fpt%2F1620670565-%3Esubstance%2Fpt%2F2230645404%2Bsubstance%2Fpt%2F2230645415
65,1284,1,31-355-CAS-232660,2,skipped,1,多产物反应，按当前课题规则跳过,https://scifinder-n.cas.org/search/reaction/6a58ba6462c3022ca7b601fb/65,https://scifinder-n.cas.org/navigate/?appId=ad4e851a-8161-4878-a4bc-98d829682e67&backKey=6a58ba6462c3022ca7b601fb&backToPage=65&cidValue=816&groupOrdinal=1284&groupViewContextIndicator=false&isFromAllResults=false&isFromAlternateReactionSteps=false&isFromReactionGroup=false&key=6a58ba6462c3022ca7b601fb&metricsOrdinal=1284&ordinal=1&resultType=reaction&resultView=DETAIL&state=searchDetail.reaction&suppressNavigation=false&uiContext=366&uiSubContext=551&uriForDetails=multistep-reaction%2F99c4ba76-c6f1-5989-a1f7-5ad1990a621f&uriForGroup=substance%2Fpt%2F108247%2Bsubstance%2Fpt%2F14155238-%3Esubstance%2Fpt%2F20750010%2Bsubstance%2Fpt%2F20750021
65,1285,1,31-008-CAS-9621731,2,skipped,1,多产物反应，按当前课题规则跳过,https://scifinder-n.cas.org/search/reaction/6a58ba6462c3022ca7b601fb/65,https://scifinder-n.cas.org/navigate/?appId=ad4e851a-8161-4878-a4bc-98d829682e67&backKey=6a58ba6462c3022ca7b601fb&backToPage=65&cidValue=816&groupOrdinal=1285&groupViewContextIndicator=false&isFromAllResults=false&isFromAlternateReactionSteps=false&isFromReactionGroup=false&key=6a58ba6462c3022ca7b601fb&metricsOrdinal=1285&ordinal=1&resultType=reaction&resultView=DETAIL&state=searchDetail.reaction&suppressNavigation=false&uiContext=366&uiSubContext=551&uriForDetails=multistep-reaction%2Fb982d22f-0d8d-5036-a07f-759a990136a2&uriForGroup=substance%2Fpt%2F18162486%2Bsubstance%2Fpt%2F20746649-%3Esubstance%2Fpt%2F1041176220%2Bsubstance%2Fpt%2F1041176242
65,1286,1,31-008-CAS-3797157,2,skipped,1,多产物反应，按当前课题规则跳过,https://scifinder-n.cas.org/search/reaction/6a58ba6462c3022ca7b601fb/65,https://scifinder-n.cas.org/navigate/?appId=ad4e851a-8161-4878-a4bc-98d829682e67&backKey=6a58ba6462c3022ca7b601fb&backToPage=65&cidValue=816&groupOrdinal=1286&groupViewContextIndicator=false&isFromAllResults=false&isFromAlternateReactionSteps=false&isFromReactionGroup=false&key=6a58ba6462c3022ca7b601fb&metricsOrdinal=1286&ordinal=1&resultType=reaction&resultView=DETAIL&state=searchDetail.reaction&suppressNavigation=false&uiContext=366&uiSubContext=551&uriForDetails=multistep-reaction%2Fec49b046-991d-5cb3-bea4-01c0319703f1&uriForGroup=substance%2Fpt%2F18162486%2Bsubstance%2Fpt%2F280557417-%3Esubstance%2Fpt%2F1009818238%2Bsubstance%2Fpt%2F1009818249
65,1287,1,31-006-CAS-6965803,2,skipped,1,多产物反应，按当前课题规则跳过,https://scifinder-n.cas.org/search/reaction/6a58ba6462c3022ca7b601fb/65,https://scifinder-n.cas.org/navigate/?appId=ad4e851a-8161-4878-a4bc-98d829682e67&backKey=6a58ba6462c3022ca7b601fb&backToPage=65&cidValue=816&groupOrdinal=1287&groupViewContextIndicator=false&isFromAllResults=false&isFromAlternateReactionSteps=false&isFromReactionGroup=false&key=6a58ba6462c3022ca7b601fb&metricsOrdinal=1287&ordinal=1&resultType=reaction&resultView=DETAIL&state=searchDetail.reaction&suppressNavigation=false&uiContext=366&uiSubContext=551&uriForDetails=multistep-reaction%2F22b9594a-b79d-546a-8f91-83495b095cfc&uriForGroup=substance%2Fpt%2F125392623%2Bsubstance%2Fpt%2F57701276-%3Esubstance%2Fpt%2F803738036%2Bsubstance%2Fpt%2F803738047
65,1288,1,31-614-CAS-27761301,2,skipped,1,多产物反应，按当前课题规则跳过,https://scifinder-n.cas.org/search/reaction/6a58ba6462c3022ca7b601fb/65,https://scifinder-n.cas.org/navigate/?appId=ad4e851a-8161-4878-a4bc-98d829682e67&backKey=6a58ba6462c3022ca7b601fb&backToPage=65&cidValue=816&groupOrdinal=1288&groupViewContextIndicator=false&isFromAllResults=false&isFromAlternateReactionSteps=false&isFromReactionGroup=false&key=6a58ba6462c3022ca7b601fb&metricsOrdinal=1288&ordinal=1&resultType=reaction&resultView=DETAIL&state=searchDetail.reaction&suppressNavigation=false&uiContext=366&uiSubContext=551&uriForDetails=multistep-reaction%2Fbfc628b6-dac9-5c29-8611-fbd639bde5d0&uriForGroup=substance%2Fpt%2F118329854%2Bsubstance%2Fpt%2F57701276-%3Esubstance%2Fpt%2F118354737%2Bsubstance%2Fpt%2F118354748
65,1289,1,31-354-CAS-3465400,2,skipped,1,多产物反应，按当前课题规则跳过,https://scifinder-n.cas.org/search/reaction/6a58ba6462c3022ca7b601fb/65,https://scifinder-n.cas.org/navigate/?appId=ad4e851a-8161-4878-a4bc-98d829682e67&backKey=6a58ba6462c3022ca7b601fb&backToPage=65&cidValue=816&groupOrdinal=1289&groupViewContextIndicator=false&isFromAllResults=false&isFromAlternateReactionSteps=false&isFromReactionGroup=false&key=6a58ba6462c3022ca7b601fb&metricsOrdinal=1289&ordinal=1&resultType=reaction&resultView=DETAIL&state=searchDetail.reaction&suppressNavigation=false&uiContext=366&uiSubContext=551&uriForDetails=multistep-reaction%2Fc9ae35b8-0acc-58dd-a81a-fe39defb8106&uriForGroup=substance%2Fpt%2F1000376942%2Bsubstance%2Fpt%2F3282302-%3Esubstance%2Fpt%2F1000376986%2Bsubstance%2Fpt%2F1000377014
65,1290,1,31-014-CAS-22943300,2,skipped,1,多产物反应，按当前课题规则跳过,https://scifinder-n.cas.org/search/reaction/6a58ba6462c3022ca7b601fb/65,https://scifinder-n.cas.org/navigate/?appId=ad4e851a-8161-4878-a4bc-98d829682e67&backKey=6a58ba6462c3022ca7b601fb&backToPage=65&cidValue=816&groupOrdinal=1290&groupViewContextIndicator=false&isFromAllResults=false&isFromAlternateReactionSteps=false&isFromReactionGroup=false&key=6a58ba6462c3022ca7b601fb&metricsOrdinal=1290&ordinal=1&resultType=reaction&resultView=DETAIL&state=searchDetail.reaction&suppressNavigation=false&uiContext=366&uiSubContext=551&uriForDetails=multistep-reaction%2F6547174a-1464-5c84-bf85-9b7a21c2343e&uriForGroup=substance%2Fpt%2F51842310%2Bsubstance%2Fpt%2F74372900-%3Esubstance%2Fpt%2F2504033252%2Bsubstance%2Fpt%2F2504033263
65,1291,1,31-354-CAS-9670837,2,skipped,1,多产物反应，按当前课题规则跳过,https://scifinder-n.cas.org/search/reaction/6a58ba6462c3022ca7b601fb/65,https://scifinder-n.cas.org/navigate/?appId=ad4e851a-8161-4878-a4bc-98d829682e67&backKey=6a58ba6462c3022ca7b601fb&backToPage=65&cidValue=816&groupOrdinal=1291&groupViewContextIndicator=false&isFromAllResults=false&isFromAlternateReactionSteps=false&isFromReactionGroup=false&key=6a58ba6462c3022ca7b601fb&metricsOrdinal=1291&ordinal=1&resultType=reaction&resultView=DETAIL&state=searchDetail.reaction&suppressNavigation=false&uiContext=366&uiSubContext=551&uriForDetails=multistep-reaction%2F95c66c6f-7f5d-5806-a529-815ddd6a6bbf&uriForGroup=substance%2Fpt%2F65987124%2Bsubstance%2Fpt%2F75365-%3Esubstance%2Fpt%2F1041176151%2Bsubstance%2Fpt%2F213406850
65,1292,1,31-010-CAS-10758159,2,skipped,1,多产物反应，按当前课题规则跳过,https://scifinder-n.cas.org/search/reaction/6a58ba6462c3022ca7b601fb/65,https://scifinder-n.cas.org/navigate/?appId=ad4e851a-8161-4878-a4bc-98d829682e67&backKey=6a58ba6462c3022ca7b601fb&backToPage=65&cidValue=816&groupOrdinal=1292&groupViewContextIndicator=false&isFromAllResults=false&isFromAlternateReactionSteps=false&isFromReactionGroup=false&key=6a58ba6462c3022ca7b601fb&metricsOrdinal=1292&ordinal=1&resultType=reaction&resultView=DETAIL&state=searchDetail.reaction&suppressNavigation=false&uiContext=366&uiSubContext=551&uriForDetails=multistep-reaction%2F982faadd-529a-5eb6-a598-d4885b57f177&uriForGroup=substance%2Fpt%2F71117414%2Bsubstance%2Fpt%2F83441605-%3Esubstance%2Fpt%2F470475402%2Bsubstance%2Fpt%2F470475413
65,1293,1,31-355-CAS-1635561,2,skipped,1,多产物反应，按当前课题规则跳过,https://scifinder-n.cas.org/search/reaction/6a58ba6462c3022ca7b601fb/65,https://scifinder-n.cas.org/navigate/?appId=ad4e851a-8161-4878-a4bc-98d829682e67&backKey=6a58ba6462c3022ca7b601fb&backToPage=65&cidValue=816&groupOrdinal=1293&groupViewContextIndicator=false&isFromAllResults=false&isFromAlternateReactionSteps=false&isFromReactionGroup=false&key=6a58ba6462c3022ca7b601fb&metricsOrdinal=1293&ordinal=1&resultType=reaction&resultView=DETAIL&state=searchDetail.reaction&suppressNavigation=false&uiContext=366&uiSubContext=551&uriForDetails=multistep-reaction%2Fe82d1145-9ad3-590b-bb08-78b72fc0dc54&uriForGroup=substance%2Fpt%2F14155238%2Bsubstance%2Fpt%2F93970-%3Esubstance%2Fpt%2F38992993%2Bsubstance%2Fpt%2F38993009
65,1293,2,31-355-CAS-8621075,2,skipped,1,多产物反应，按当前课题规则跳过,https://scifinder-n.cas.org/search/reaction/6a58ba6462c3022ca7b601fb/65,https://scifinder-n.cas.org/navigate/?appId=ad4e851a-8161-4878-a4bc-98d829682e67&backKey=6a58ba6462c3022ca7b601fb&backToPage=65&cidValue=816&groupOrdinal=1293&groupViewContextIndicator=false&isFromAllResults=false&isFromAlternateReactionSteps=false&isFromReactionGroup=false&key=6a58ba6462c3022ca7b601fb&metricsOrdinal=1293&ordinal=2&resultType=reaction&resultView=DETAIL&state=searchDetail.reaction&suppressNavigation=false&uiContext=366&uiSubContext=551&uriForDetails=multistep-reaction%2Fee432ce6-9057-5259-b894-6fd3384f9667&uriForGroup=substance%2Fpt%2F14155238%2Bsubstance%2Fpt%2F93970-%3Esubstance%2Fpt%2F38992993%2Bsubstance%2Fpt%2F38993009
65,1294,1,31-008-CAS-16061353,2,skipped,1,多产物反应，按当前课题规则跳过,https://scifinder-n.cas.org/search/reaction/6a58ba6462c3022ca7b601fb/65,https://scifinder-n.cas.org/navigate/?appId=ad4e851a-8161-4878-a4bc-98d829682e67&backKey=6a58ba6462c3022ca7b601fb&backToPage=65&cidValue=816&groupOrdinal=1294&groupViewContextIndicator=false&isFromAllResults=false&isFromAlternateReactionSteps=false&isFromReactionGroup=false&key=6a58ba6462c3022ca7b601fb&metricsOrdinal=1294&ordinal=1&resultType=reaction&resultView=DETAIL&state=searchDetail.reaction&suppressNavigation=false&uiContext=366&uiSubContext=551&uriForDetails=multistep-reaction%2F3aba3116-d219-5bc8-98f0-9de4f3ab5378&uriForGroup=substance%2Fpt%2F100390%2Bsubstance%2Fpt%2F936549983-%3Esubstance%2Fpt%2F1908458989%2Bsubstance%2Fpt%2F1914144856
65,1295,1,31-354-CAS-10382723,2,skipped,1,多产物反应，按当前课题规则跳过,https://scifinder-n.cas.org/search/reaction/6a58ba6462c3022ca7b601fb/65,https://scifinder-n.cas.org/navigate/?appId=ad4e851a-8161-4878-a4bc-98d829682e67&backKey=6a58ba6462c3022ca7b601fb&backToPage=65&cidValue=816&groupOrdinal=1295&groupViewContextIndicator=false&isFromAllResults=false&isFromAlternateReactionSteps=false&isFromReactionGroup=false&key=6a58ba6462c3022ca7b601fb&metricsOrdinal=1295&ordinal=1&resultType=reaction&resultView=DETAIL&state=searchDetail.reaction&suppressNavigation=false&uiContext=366&uiSubContext=551&uriForDetails=multistep-reaction%2F559f89eb-c238-531b-a02d-39275cc111af&uriForGroup=substance%2Fpt%2F3162967%2Bsubstance%2Fpt%2F75365-%3Esubstance%2Fpt%2F18031577%2Bsubstance%2Fpt%2F25577406
65,1296,1,31-022-CAS-9003899,2,skipped,1,多产物反应，按当前课题规则跳过,https://scifinder-n.cas.org/search/reaction/6a58ba6462c3022ca7b601fb/65,https://scifinder-n.cas.org/navigate/?appId=ad4e851a-8161-4878-a4bc-98d829682e67&backKey=6a58ba6462c3022ca7b601fb&backToPage=65&cidValue=816&groupOrdinal=1296&groupViewContextIndicator=false&isFromAllResults=false&isFromAlternateReactionSteps=false&isFromReactionGroup=false&key=6a58ba6462c3022ca7b601fb&metricsOrdinal=1296&ordinal=1&resultType=reaction&resultView=DETAIL&state=searchDetail.reaction&suppressNavigation=false&uiContext=366&uiSubContext=551&uriForDetails=multistep-reaction%2F6e27e4cb-64fd-5e23-b018-0810a230b6e5&uriForGroup=substance%2Fpt%2F179052212%2Bsubstance%2Fpt%2F98599-%3Esubstance%2Fpt%2F179233488%2Bsubstance%2Fpt%2F179233502
65,1297,1,31-008-CAS-21003,2,skipped,1,多产物反应，按当前课题规则跳过,https://scifinder-n.cas.org/search/reaction/6a58ba6462c3022ca7b601fb/65,https://scifinder-n.cas.org/navigate/?appId=ad4e851a-8161-4878-a4bc-98d829682e67&backKey=6a58ba6462c3022ca7b601fb&backToPage=65&cidValue=816&groupOrdinal=1297&groupViewContextIndicator=false&isFromAllResults=false&isFromAlternateReactionSteps=false&isFromReactionGroup=false&key=6a58ba6462c3022ca7b601fb&metricsOrdinal=1297&ordinal=1&resultType=reaction&resultView=DETAIL&state=searchDetail.reaction&suppressNavigation=false&uiContext=366&uiSubContext=551&uriForDetails=multistep-reaction%2F9e5d5336-a494-5e5f-a977-256f664e4944&uriForGroup=substance%2Fpt%2F147649921%2Bsubstance%2Fpt%2F824942-%3Esubstance%2Fpt%2F1139611156%2Bsubstance%2Fpt%2F1139611190
65,1298,1,31-014-CAS-22945908,2,skipped,1,多产物反应，按当前课题规则跳过,https://scifinder-n.cas.org/search/reaction/6a58ba6462c3022ca7b601fb/65,https://scifinder-n.cas.org/navigate/?appId=ad4e851a-8161-4878-a4bc-98d829682e67&backKey=6a58ba6462c3022ca7b601fb&backToPage=65&cidValue=816&groupOrdinal=1298&groupViewContextIndicator=false&isFromAllResults=false&isFromAlternateReactionSteps=false&isFromReactionGroup=false&key=6a58ba6462c3022ca7b601fb&metricsOrdinal=1298&ordinal=1&resultType=reaction&resultView=DETAIL&state=searchDetail.reaction&suppressNavigation=false&uiContext=366&uiSubContext=551&uriForDetails=multistep-reaction%2Fa9268d42-b78d-555a-af10-804282cfc202&uriForGroup=substance%2Fpt%2F58341712%2Bsubstance%2Fpt%2F74372900-%3Esubstance%2Fpt%2F2504033274%2Bsubstance%2Fpt%2F2504033285
65,1299,1,31-010-CAS-16061368,2,skipped,1,多产物反应，按当前课题规则跳过,https://scifinder-n.cas.org/search/reaction/6a58ba6462c3022ca7b601fb/65,https://scifinder-n.cas.org/navigate/?appId=ad4e851a-8161-4878-a4bc-98d829682e67&backKey=6a58ba6462c3022ca7b601fb&backToPage=65&cidValue=816&groupOrdinal=1299&groupViewContextIndicator=false&isFromAllResults=false&isFromAlternateReactionSteps=false&isFromReactionGroup=false&key=6a58ba6462c3022ca7b601fb&metricsOrdinal=1299&ordinal=1&resultType=reaction&resultView=DETAIL&state=searchDetail.reaction&suppressNavigation=false&uiContext=366&uiSubContext=551&uriForDetails=multistep-reaction%2Fcb2f4e1e-ef48-51e3-affc-582bca32a843&uriForGroup=substance%2Fpt%2F1914144801%2Bsubstance%2Fpt%2F1914144812-%3Esubstance%2Fpt%2F1914144798%2Bsubstance%2Fpt%2F1914145020
65,1300,1,31-614-CAS-47550629,2,skipped,1,多产物反应，按当前课题规则跳过,https://scifinder-n.cas.org/search/reaction/6a58ba6462c3022ca7b601fb/65,https://scifinder-n.cas.org/navigate/?appId=ad4e851a-8161-4878-a4bc-98d829682e67&backKey=6a58ba6462c3022ca7b601fb&backToPage=65&cidValue=816&groupOrdinal=1300&groupViewContextIndicator=false&isFromAllResults=false&isFromAlternateReactionSteps=false&isFromReactionGroup=false&key=6a58ba6462c3022ca7b601fb&metricsOrdinal=1300&ordinal=1&resultType=reaction&resultView=DETAIL&state=searchDetail.reaction&suppressNavigation=false&uiContext=366&uiSubContext=551&uriForDetails=multistep-reaction%2Fea1ec04b-737e-598c-83b4-5a41d2f7150d&uriForGroup=substance%2Fpt%2F17465860%2Bsubstance%2Fpt%2F18162486-%3Esubstance%2Fpt%2F123155066%2Bsubstance%2Fpt%2F3105009080
66,1301,1,31-614-CAS-28225400,2,skipped,1,多产物反应，按当前课题规则跳过,https://scifinder-n.cas.org/search/reaction/6a58ba6462c3022ca7b601fb/66,https://scifinder-n.cas.org/navigate/?appId=39be24fe-b714-44ab-9d68-d98374e2ad45&backKey=6a58ba6462c3022ca7b601fb&backToPage=66&cidValue=816&groupOrdinal=1301&groupViewContextIndicator=false&isFromAllResults=false&isFromAlternateReactionSteps=false&isFromReactionGroup=false&key=6a58ba6462c3022ca7b601fb&metricsOrdinal=1301&ordinal=1&resultType=reaction&resultView=DETAIL&state=searchDetail.reaction&suppressNavigation=false&uiContext=366&uiSubContext=551&uriForDetails=multistep-reaction%2F206c3c0b-c534-5c26-8f89-37be28b2721b&uriForGroup=substance%2Fpt%2F3282302%2Bsubstance%2Fpt%2F7585399-%3Esubstance%2Fpt%2F153668805%2Bsubstance%2Fpt%2F163107140
66,1302,1,31-355-CAS-13047690,2,skipped,1,多产物反应，按当前课题规则跳过,https://scifinder-n.cas.org/search/reaction/6a58ba6462c3022ca7b601fb/66,https://scifinder-n.cas.org/navigate/?appId=39be24fe-b714-44ab-9d68-d98374e2ad45&backKey=6a58ba6462c3022ca7b601fb&backToPage=66&cidValue=816&groupOrdinal=1302&groupViewContextIndicator=false&isFromAllResults=false&isFromAlternateReactionSteps=false&isFromReactionGroup=false&key=6a58ba6462c3022ca7b601fb&metricsOrdinal=1302&ordinal=1&resultType=reaction&resultView=DETAIL&state=searchDetail.reaction&suppressNavigation=false&uiContext=366&uiSubContext=551&uriForDetails=multistep-reaction%2F55afb1a5-7b8f-5778-af60-4789b8179db1&uriForGroup=substance%2Fpt%2F108554%2Bsubstance%2Fpt%2F33419420-%3Esubstance%2Fpt%2F1222208969%2Bsubstance%2Fpt%2F1222208970
66,1303,1,31-357-CAS-3407201,2,skipped,1,多产物反应，按当前课题规则跳过,https://scifinder-n.cas.org/search/reaction/6a58ba6462c3022ca7b601fb/66,https://scifinder-n.cas.org/navigate/?appId=39be24fe-b714-44ab-9d68-d98374e2ad45&backKey=6a58ba6462c3022ca7b601fb&backToPage=66&cidValue=816&groupOrdinal=1303&groupViewContextIndicator=false&isFromAllResults=false&isFromAlternateReactionSteps=false&isFromReactionGroup=false&key=6a58ba6462c3022ca7b601fb&metricsOrdinal=1303&ordinal=1&resultType=reaction&resultView=DETAIL&state=searchDetail.reaction&suppressNavigation=false&uiContext=366&uiSubContext=551&uriForDetails=multistep-reaction%2F6bde5ca7-2178-5519-8c07-7c47e760fbcb&uriForGroup=substance%2Fpt%2F141786%2Bsubstance%2Fpt%2F65530269-%3Esubstance%2Fpt%2F130464356%2Bsubstance%2Fpt%2F98392360
66,1304,1,31-354-CAS-19856525,2,skipped,1,多产物反应，按当前课题规则跳过,https://scifinder-n.cas.org/search/reaction/6a58ba6462c3022ca7b601fb/66,https://scifinder-n.cas.org/navigate/?appId=39be24fe-b714-44ab-9d68-d98374e2ad45&backKey=6a58ba6462c3022ca7b601fb&backToPage=66&cidValue=816&groupOrdinal=1304&groupViewContextIndicator=false&isFromAllResults=false&isFromAlternateReactionSteps=false&isFromReactionGroup=false&key=6a58ba6462c3022ca7b601fb&metricsOrdinal=1304&ordinal=1&resultType=reaction&resultView=DETAIL&state=searchDetail.reaction&suppressNavigation=false&uiContext=366&uiSubContext=551&uriForDetails=multistep-reaction%2F7727c698-bed4-56a6-b5ca-33b22add585e&uriForGroup=substance%2Fpt%2F1053179228%2Bsubstance%2Fpt%2F28920436-%3Esubstance%2Fpt%2F2101659054%2Bsubstance%2Fpt%2F2101659065
66,1304,2,31-354-CAS-19453221,2,skipped,1,多产物反应，按当前课题规则跳过,https://scifinder-n.cas.org/search/reaction/6a58ba6462c3022ca7b601fb/66,https://scifinder-n.cas.org/navigate/?appId=39be24fe-b714-44ab-9d68-d98374e2ad45&backKey=6a58ba6462c3022ca7b601fb&backToPage=66&cidValue=816&groupOrdinal=1304&groupViewContextIndicator=false&isFromAllResults=false&isFromAlternateReactionSteps=false&isFromReactionGroup=false&key=6a58ba6462c3022ca7b601fb&metricsOrdinal=1304&ordinal=2&resultType=reaction&resultView=DETAIL&state=searchDetail.reaction&suppressNavigation=false&uiContext=366&uiSubContext=551&uriForDetails=multistep-reaction%2F82e8a711-534c-50ad-98cb-de10db6537bf&uriForGroup=substance%2Fpt%2F1053179228%2Bsubstance%2Fpt%2F28920436-%3Esubstance%2Fpt%2F2101659054%2Bsubstance%2Fpt%2F2101659065
66,1304,3,31-354-CAS-19506923,2,skipped,1,多产物反应，按当前课题规则跳过,https://scifinder-n.cas.org/search/reaction/6a58ba6462c3022ca7b601fb/66,https://scifinder-n.cas.org/navigate/?appId=39be24fe-b714-44ab-9d68-d98374e2ad45&backKey=6a58ba6462c3022ca7b601fb&backToPage=66&cidValue=816&groupOrdinal=1304&groupViewContextIndicator=false&isFromAllResults=false&isFromAlternateReactionSteps=false&isFromReactionGroup=false&key=6a58ba6462c3022ca7b601fb&metricsOrdinal=1304&ordinal=3&resultType=reaction&resultView=DETAIL&state=searchDetail.reaction&suppressNavigation=false&uiContext=366&uiSubContext=551&uriForDetails=multistep-reaction%2F1c644e6c-edd0-5c3d-8370-b1bfb024a19b&uriForGroup=substance%2Fpt%2F1053179228%2Bsubstance%2Fpt%2F28920436-%3Esubstance%2Fpt%2F2101659054%2Bsubstance%2Fpt%2F2101659065
66,1304,4,31-354-CAS-19019864,2,skipped,1,多产物反应，按当前课题规则跳过,https://scifinder-n.cas.org/search/reaction/6a58ba6462c3022ca7b601fb/66,https://scifinder-n.cas.org/navigate/?appId=39be24fe-b714-44ab-9d68-d98374e2ad45&backKey=6a58ba6462c3022ca7b601fb&backToPage=66&cidValue=816&groupOrdinal=1304&groupViewContextIndicator=false&isFromAllResults=false&isFromAlternateReactionSteps=false&isFromReactionGroup=false&key=6a58ba6462c3022ca7b601fb&metricsOrdinal=1304&ordinal=4&resultType=reaction&resultView=DETAIL&state=searchDetail.reaction&suppressNavigation=false&uiContext=366&uiSubContext=551&uriForDetails=multistep-reaction%2F0eee458b-aea2-5877-ba04-74523c49eb7c&uriForGroup=substance%2Fpt%2F1053179228%2Bsubstance%2Fpt%2F28920436-%3Esubstance%2Fpt%2F2101659054%2Bsubstance%2Fpt%2F2101659065
66,1305,1,31-357-CAS-14042073,2,skipped,1,多产物反应，按当前课题规则跳过,https://scifinder-n.cas.org/search/reaction/6a58ba6462c3022ca7b601fb/66,https://scifinder-n.cas.org/navigate/?appId=39be24fe-b714-44ab-9d68-d98374e2ad45&backKey=6a58ba6462c3022ca7b601fb&backToPage=66&cidValue=816&groupOrdinal=1305&groupViewContextIndicator=false&isFromAllResults=false&isFromAlternateReactionSteps=false&isFromReactionGroup=false&key=6a58ba6462c3022ca7b601fb&metricsOrdinal=1305&ordinal=1&resultType=reaction&resultView=DETAIL&state=searchDetail.reaction&suppressNavigation=false&uiContext=366&uiSubContext=551&uriForDetails=multistep-reaction%2F9d2de6fa-1bab-5f12-9c3f-c8da254ffb7b&uriForGroup=substance%2Fpt%2F141786%2Bsubstance%2Fpt%2F71117378-%3Esubstance%2Fpt%2F141611587%2Bsubstance%2Fpt%2F141611598
66,1306,1,31-008-CAS-542830,2,skipped,1,多产物反应，按当前课题规则跳过,https://scifinder-n.cas.org/search/reaction/6a58ba6462c3022ca7b601fb/66,https://scifinder-n.cas.org/navigate/?appId=39be24fe-b714-44ab-9d68-d98374e2ad45&backKey=6a58ba6462c3022ca7b601fb&backToPage=66&cidValue=816&groupOrdinal=1306&groupViewContextIndicator=false&isFromAllResults=false&isFromAlternateReactionSteps=false&isFromReactionGroup=false&key=6a58ba6462c3022ca7b601fb&metricsOrdinal=1306&ordinal=1&resultType=reaction&resultView=DETAIL&state=searchDetail.reaction&suppressNavigation=false&uiContext=366&uiSubContext=551&uriForDetails=multistep-reaction%2F5558a4bc-5caf-5a9b-8489-9489c8082ba7&uriForGroup=substance%2Fpt%2F71117367%2Bsubstance%2Fpt%2F74884-%3Esubstance%2Fpt%2F122291752%2Bsubstance%2Fpt%2F122291763
66,1307,1,31-614-CAS-35071299,2,skipped,1,多产物反应，按当前课题规则跳过,https://scifinder-n.cas.org/search/reaction/6a58ba6462c3022ca7b601fb/66,https://scifinder-n.cas.org/navigate/?appId=39be24fe-b714-44ab-9d68-d98374e2ad45&backKey=6a58ba6462c3022ca7b601fb&backToPage=66&cidValue=816&groupOrdinal=1307&groupViewContextIndicator=false&isFromAllResults=false&isFromAlternateReactionSteps=false&isFromReactionGroup=false&key=6a58ba6462c3022ca7b601fb&metricsOrdinal=1307&ordinal=1&resultType=reaction&resultView=DETAIL&state=searchDetail.reaction&suppressNavigation=false&uiContext=366&uiSubContext=551&uriForDetails=multistep-reaction%2Fae3998b9-004f-5f03-b3bd-670cb91fc44a&uriForGroup=substance%2Fpt%2F100390%2Bsubstance%2Fpt%2F64552063-%3Esubstance%2Fpt%2F116002347%2Bsubstance%2Fpt%2F156924979
66,1307,2,31-008-CAS-17966886,2,skipped,1,多产物反应，按当前课题规则跳过,https://scifinder-n.cas.org/search/reaction/6a58ba6462c3022ca7b601fb/66,https://scifinder-n.cas.org/navigate/?appId=39be24fe-b714-44ab-9d68-d98374e2ad45&backKey=6a58ba6462c3022ca7b601fb&backToPage=66&cidValue=816&groupOrdinal=1307&groupViewContextIndicator=false&isFromAllResults=false&isFromAlternateReactionSteps=false&isFromReactionGroup=false&key=6a58ba6462c3022ca7b601fb&metricsOrdinal=1307&ordinal=2&resultType=reaction&resultView=DETAIL&state=searchDetail.reaction&suppressNavigation=false&uiContext=366&uiSubContext=551&uriForDetails=multistep-reaction%2F178cae8b-2768-52ac-ae4e-599a1617dc5a&uriForGroup=substance%2Fpt%2F100390%2Bsubstance%2Fpt%2F64552063-%3Esubstance%2Fpt%2F116002347%2Bsubstance%2Fpt%2F156924979
66,1307,3,31-008-CAS-12646583,2,skipped,1,多产物反应，按当前课题规则跳过,https://scifinder-n.cas.org/search/reaction/6a58ba6462c3022ca7b601fb/66,https://scifinder-n.cas.org/navigate/?appId=39be24fe-b714-44ab-9d68-d98374e2ad45&backKey=6a58ba6462c3022ca7b601fb&backToPage=66&cidValue=816&groupOrdinal=1307&groupViewContextIndicator=false&isFromAllResults=false&isFromAlternateReactionSteps=false&isFromReactionGroup=false&key=6a58ba6462c3022ca7b601fb&metricsOrdinal=1307&ordinal=3&resultType=reaction&resultView=DETAIL&state=searchDetail.reaction&suppressNavigation=false&uiContext=366&uiSubContext=551&uriForDetails=multistep-reaction%2Fa6bf54c9-6e82-5530-bdc4-bc546496f314&uriForGroup=substance%2Fpt%2F100390%2Bsubstance%2Fpt%2F64552063-%3Esubstance%2Fpt%2F116002347%2Bsubstance%2Fpt%2F156924979
66,1308,1,31-614-CAS-45240900,2,skipped,1,多产物反应，按当前课题规则跳过,https://scifinder-n.cas.org/search/reaction/6a58ba6462c3022ca7b601fb/66,https://scifinder-n.cas.org/navigate/?appId=39be24fe-b714-44ab-9d68-d98374e2ad45&backKey=6a58ba6462c3022ca7b601fb&backToPage=66&cidValue=816&groupOrdinal=1308&groupViewContextIndicator=false&isFromAllResults=false&isFromAlternateReactionSteps=false&isFromReactionGroup=false&key=6a58ba6462c3022ca7b601fb&metricsOrdinal=1308&ordinal=1&resultType=reaction&resultView=DETAIL&state=searchDetail.reaction&suppressNavigation=false&uiContext=366&uiSubContext=551&uriForDetails=multistep-reaction%2Fb66b35ac-02cf-5282-8982-f43a6a769356&uriForGroup=substance%2Fpt%2F3080670001-%3Esubstance%2Fpt%2F3080669935%2Bsubstance%2Fpt%2F3080669946
66,1309,1,31-010-CAS-14440473,2,skipped,1,多产物反应，按当前课题规则跳过,https://scifinder-n.cas.org/search/reaction/6a58ba6462c3022ca7b601fb/66,https://scifinder-n.cas.org/navigate/?appId=39be24fe-b714-44ab-9d68-d98374e2ad45&backKey=6a58ba6462c3022ca7b601fb&backToPage=66&cidValue=816&groupOrdinal=1309&groupViewContextIndicator=false&isFromAllResults=false&isFromAlternateReactionSteps=false&isFromReactionGroup=false&key=6a58ba6462c3022ca7b601fb&metricsOrdinal=1309&ordinal=1&resultType=reaction&resultView=DETAIL&state=searchDetail.reaction&suppressNavigation=false&uiContext=366&uiSubContext=551&uriForDetails=multistep-reaction%2Fdc006a36-85d6-5586-819e-1c9bbd496a76&uriForGroup=substance%2Fpt%2F54925643%2Bsubstance%2Fpt%2F7585399-%3Esubstance%2Fpt%2F211449466%2Bsubstance%2Fpt%2F618458507
66,1310,1,31-008-CAS-11802642,2,skipped,1,多产物反应，按当前课题规则跳过,https://scifinder-n.cas.org/search/reaction/6a58ba6462c3022ca7b601fb/66,https://scifinder-n.cas.org/navigate/?appId=39be24fe-b714-44ab-9d68-d98374e2ad45&backKey=6a58ba6462c3022ca7b601fb&backToPage=66&cidValue=816&groupOrdinal=1310&groupViewContextIndicator=false&isFromAllResults=false&isFromAlternateReactionSteps=false&isFromReactionGroup=false&key=6a58ba6462c3022ca7b601fb&metricsOrdinal=1310&ordinal=1&resultType=reaction&resultView=DETAIL&state=searchDetail.reaction&suppressNavigation=false&uiContext=366&uiSubContext=551&uriForDetails=multistep-reaction%2Fa76ee8de-91f8-53df-bc2c-51abd59445ff&uriForGroup=substance%2Fpt%2F106956%2Bsubstance%2Fpt%2F65987124-%3Esubstance%2Fpt%2F1041176082%2Bsubstance%2Fpt%2F1041176162
66,1311,1,31-356-CAS-23896041,2,skipped,1,多产物反应，按当前课题规则跳过,https://scifinder-n.cas.org/search/reaction/6a58ba6462c3022ca7b601fb/66,https://scifinder-n.cas.org/navigate/?appId=39be24fe-b714-44ab-9d68-d98374e2ad45&backKey=6a58ba6462c3022ca7b601fb&backToPage=66&cidValue=816&groupOrdinal=1311&groupViewContextIndicator=false&isFromAllResults=false&isFromAlternateReactionSteps=false&isFromReactionGroup=false&key=6a58ba6462c3022ca7b601fb&metricsOrdinal=1311&ordinal=1&resultType=reaction&resultView=DETAIL&state=searchDetail.reaction&suppressNavigation=false&uiContext=366&uiSubContext=551&uriForDetails=multistep-reaction%2Fd9e415f8-5791-57d1-be7e-8ebd1d0c3f38&uriForGroup=substance%2Fpt%2F2045401021%2Bsubstance%2Fpt%2F57103-%3Esubstance%2Fpt%2F2045401043%2Bsubstance%2Fpt%2F2045401054
66,1312,1,31-010-CAS-18649087,2,skipped,1,多产物反应，按当前课题规则跳过,https://scifinder-n.cas.org/search/reaction/6a58ba6462c3022ca7b601fb/66,https://scifinder-n.cas.org/navigate/?appId=39be24fe-b714-44ab-9d68-d98374e2ad45&backKey=6a58ba6462c3022ca7b601fb&backToPage=66&cidValue=816&groupOrdinal=1312&groupViewContextIndicator=false&isFromAllResults=false&isFromAlternateReactionSteps=false&isFromReactionGroup=false&key=6a58ba6462c3022ca7b601fb&metricsOrdinal=1312&ordinal=1&resultType=reaction&resultView=DETAIL&state=searchDetail.reaction&suppressNavigation=false&uiContext=366&uiSubContext=551&uriForDetails=multistep-reaction%2F26efe25a-10c1-5431-8402-48b32d3447ee&uriForGroup=substance%2Fpt%2F57701276%2Bsubstance%2Fpt%2F90357894-%3Esubstance%2Fpt%2F417706004%2Bsubstance%2Fpt%2F495413768
66,1313,1,31-048-CAS-3671280,2,skipped,1,多产物反应，按当前课题规则跳过,https://scifinder-n.cas.org/search/reaction/6a58ba6462c3022ca7b601fb/66,https://scifinder-n.cas.org/navigate/?appId=39be24fe-b714-44ab-9d68-d98374e2ad45&backKey=6a58ba6462c3022ca7b601fb&backToPage=66&cidValue=816&groupOrdinal=1313&groupViewContextIndicator=false&isFromAllResults=false&isFromAlternateReactionSteps=false&isFromReactionGroup=false&key=6a58ba6462c3022ca7b601fb&metricsOrdinal=1313&ordinal=1&resultType=reaction&resultView=DETAIL&state=searchDetail.reaction&suppressNavigation=false&uiContext=366&uiSubContext=551&uriForDetails=multistep-reaction%2F5a8ae7f6-e13e-58cb-ae98-2833d63f2492&uriForGroup=substance%2Fpt%2F139613584-%3Esubstance%2Fpt%2F139613595%2Bsubstance%2Fpt%2F139613642
66,1314,1,31-236-CAS-9463465,2,skipped,1,多产物反应，按当前课题规则跳过,https://scifinder-n.cas.org/search/reaction/6a58ba6462c3022ca7b601fb/66,https://scifinder-n.cas.org/navigate/?appId=39be24fe-b714-44ab-9d68-d98374e2ad45&backKey=6a58ba6462c3022ca7b601fb&backToPage=66&cidValue=816&groupOrdinal=1314&groupViewContextIndicator=false&isFromAllResults=false&isFromAlternateReactionSteps=false&isFromReactionGroup=false&key=6a58ba6462c3022ca7b601fb&metricsOrdinal=1314&ordinal=1&resultType=reaction&resultView=DETAIL&state=searchDetail.reaction&suppressNavigation=false&uiContext=366&uiSubContext=551&uriForDetails=multistep-reaction%2F700f91f8-9ff5-5e2b-98a3-a6d3f971d937&uriForGroup=substance%2Fpt%2F1010729539%2Bsubstance%2Fpt%2F117176928-%3Esubstance%2Fpt%2F1010729619%2Bsubstance%2Fpt%2F1010729620
66,1315,1,31-354-CAS-7114118,2,skipped,1,多产物反应，按当前课题规则跳过,https://scifinder-n.cas.org/search/reaction/6a58ba6462c3022ca7b601fb/66,https://scifinder-n.cas.org/navigate/?appId=39be24fe-b714-44ab-9d68-d98374e2ad45&backKey=6a58ba6462c3022ca7b601fb&backToPage=66&cidValue=816&groupOrdinal=1315&groupViewContextIndicator=false&isFromAllResults=false&isFromAlternateReactionSteps=false&isFromReactionGroup=false&key=6a58ba6462c3022ca7b601fb&metricsOrdinal=1315&ordinal=1&resultType=reaction&resultView=DETAIL&state=searchDetail.reaction&suppressNavigation=false&uiContext=366&uiSubContext=551&uriForDetails=multistep-reaction%2F4a1474d1-3882-581d-98f4-4153ffd06756&uriForGroup=substance%2Fpt%2F1007854978%2Bsubstance%2Fpt%2F98884-%3Esubstance%2Fpt%2F1007855017%2Bsubstance%2Fpt%2F1007855233
66,1316,1,31-001-CAS-6416348,2,skipped,1,多产物反应，按当前课题规则跳过,https://scifinder-n.cas.org/search/reaction/6a58ba6462c3022ca7b601fb/66,https://scifinder-n.cas.org/navigate/?appId=39be24fe-b714-44ab-9d68-d98374e2ad45&backKey=6a58ba6462c3022ca7b601fb&backToPage=66&cidValue=816&groupOrdinal=1316&groupViewContextIndicator=false&isFromAllResults=false&isFromAlternateReactionSteps=false&isFromReactionGroup=false&key=6a58ba6462c3022ca7b601fb&metricsOrdinal=1316&ordinal=1&resultType=reaction&resultView=DETAIL&state=searchDetail.reaction&suppressNavigation=false&uiContext=366&uiSubContext=551&uriForDetails=multistep-reaction%2F8fb492fe-e332-53b3-85c2-4adc5b28e295&uriForGroup=substance%2Fpt%2F17465860%2Bsubstance%2Fpt%2F91134-%3Esubstance%2Fpt%2F1422041539%2Bsubstance%2Fpt%2F950823037
66,1317,1,31-008-CAS-3930949,2,skipped,1,多产物反应，按当前课题规则跳过,https://scifinder-n.cas.org/search/reaction/6a58ba6462c3022ca7b601fb/66,https://scifinder-n.cas.org/navigate/?appId=39be24fe-b714-44ab-9d68-d98374e2ad45&backKey=6a58ba6462c3022ca7b601fb&backToPage=66&cidValue=816&groupOrdinal=1317&groupViewContextIndicator=false&isFromAllResults=false&isFromAlternateReactionSteps=false&isFromReactionGroup=false&key=6a58ba6462c3022ca7b601fb&metricsOrdinal=1317&ordinal=1&resultType=reaction&resultView=DETAIL&state=searchDetail.reaction&suppressNavigation=false&uiContext=366&uiSubContext=551&uriForDetails=multistep-reaction%2Fb178317c-783d-543d-a85a-f6a0d9029b0d&uriForGroup=substance%2Fpt%2F107302%2Bsubstance%2Fpt%2F57701276-%3Esubstance%2Fpt%2F212836378%2Bsubstance%2Fpt%2F548458486
66,1318,1,31-614-CAS-31197329,2,skipped,1,多产物反应，按当前课题规则跳过,https://scifinder-n.cas.org/search/reaction/6a58ba6462c3022ca7b601fb/66,https://scifinder-n.cas.org/navigate/?appId=39be24fe-b714-44ab-9d68-d98374e2ad45&backKey=6a58ba6462c3022ca7b601fb&backToPage=66&cidValue=816&groupOrdinal=1318&groupViewContextIndicator=false&isFromAllResults=false&isFromAlternateReactionSteps=false&isFromReactionGroup=false&key=6a58ba6462c3022ca7b601fb&metricsOrdinal=1318&ordinal=1&resultType=reaction&resultView=DETAIL&state=searchDetail.reaction&suppressNavigation=false&uiContext=366&uiSubContext=551&uriForDetails=multistep-reaction%2Fac3fd6c6-897b-5921-b3fe-20b48801b1eb&uriForGroup=substance%2Fpt%2F2756684827%2Bsubstance%2Fpt%2F931577-%3Esubstance%2Fpt%2F2756684714%2Bsubstance%2Fpt%2F2756684725
66,1318,2,31-614-CAS-31447649,2,skipped,1,多产物反应，按当前课题规则跳过,https://scifinder-n.cas.org/search/reaction/6a58ba6462c3022ca7b601fb/66,https://scifinder-n.cas.org/navigate/?appId=39be24fe-b714-44ab-9d68-d98374e2ad45&backKey=6a58ba6462c3022ca7b601fb&backToPage=66&cidValue=816&groupOrdinal=1318&groupViewContextIndicator=false&isFromAllResults=false&isFromAlternateReactionSteps=false&isFromReactionGroup=false&key=6a58ba6462c3022ca7b601fb&metricsOrdinal=1318&ordinal=2&resultType=reaction&resultView=DETAIL&state=searchDetail.reaction&suppressNavigation=false&uiContext=366&uiSubContext=551&uriForDetails=multistep-reaction%2Fbd294a43-2986-5607-8128-3e61383b4e8b&uriForGroup=substance%2Fpt%2F2756684827%2Bsubstance%2Fpt%2F931577-%3Esubstance%2Fpt%2F2756684714%2Bsubstance%2Fpt%2F2756684725
66,1319,1,31-006-CAS-2331629,2,skipped,1,多产物反应，按当前课题规则跳过,https://scifinder-n.cas.org/search/reaction/6a58ba6462c3022ca7b601fb/66,https://scifinder-n.cas.org/navigate/?appId=39be24fe-b714-44ab-9d68-d98374e2ad45&backKey=6a58ba6462c3022ca7b601fb&backToPage=66&cidValue=816&groupOrdinal=1319&groupViewContextIndicator=false&isFromAllResults=false&isFromAlternateReactionSteps=false&isFromReactionGroup=false&key=6a58ba6462c3022ca7b601fb&metricsOrdinal=1319&ordinal=1&resultType=reaction&resultView=DETAIL&state=searchDetail.reaction&suppressNavigation=false&uiContext=366&uiSubContext=551&uriForDetails=multistep-reaction%2Fdbf52724-2151-53e2-966a-431f101d8bd3&uriForGroup=substance%2Fpt%2F125392623%2Bsubstance%2Fpt%2F71117378-%3Esubstance%2Fpt%2F495413702%2Bsubstance%2Fpt%2F495413713
66,1320,1,31-048-CAS-1576198,2,skipped,1,多产物反应，按当前课题规则跳过,https://scifinder-n.cas.org/search/reaction/6a58ba6462c3022ca7b601fb/66,https://scifinder-n.cas.org/navigate/?appId=39be24fe-b714-44ab-9d68-d98374e2ad45&backKey=6a58ba6462c3022ca7b601fb&backToPage=66&cidValue=816&groupOrdinal=1320&groupViewContextIndicator=false&isFromAllResults=false&isFromAlternateReactionSteps=false&isFromReactionGroup=false&key=6a58ba6462c3022ca7b601fb&metricsOrdinal=1320&ordinal=1&resultType=reaction&resultView=DETAIL&state=searchDetail.reaction&suppressNavigation=false&uiContext=366&uiSubContext=551&uriForDetails=multistep-reaction%2Ff1235586-7606-5bbf-8989-eb67f5958a24&uriForGroup=substance%2Fpt%2F139613551-%3Esubstance%2Fpt%2F139613562%2Bsubstance%2Fpt%2F139613573
67,1321,1,31-008-CAS-4661815,2,skipped,1,多产物反应，按当前课题规则跳过,https://scifinder-n.cas.org/search/reaction/6a58ba6462c3022ca7b601fb/67,https://scifinder-n.cas.org/navigate/?appId=6e997274-5747-4513-93a2-c05680e5db34&backKey=6a58ba6462c3022ca7b601fb&backToPage=67&cidValue=816&groupOrdinal=1321&groupViewContextIndicator=false&isFromAllResults=false&isFromAlternateReactionSteps=false&isFromReactionGroup=false&key=6a58ba6462c3022ca7b601fb&metricsOrdinal=1321&ordinal=1&resultType=reaction&resultView=DETAIL&state=searchDetail.reaction&suppressNavigation=false&uiContext=366&uiSubContext=551&uriForDetails=multistep-reaction%2F3614745c-e201-5b7e-9a5a-082f04040b6e&uriForGroup=substance%2Fpt%2F100390%2Bsubstance%2Fpt%2F1357153844-%3Esubstance%2Fpt%2F180187580%2Bsubstance%2Fpt%2F212199127
67,1322,1,31-013-CAS-2546305,2,skipped,1,多产物反应，按当前课题规则跳过,https://scifinder-n.cas.org/search/reaction/6a58ba6462c3022ca7b601fb/67,https://scifinder-n.cas.org/navigate/?appId=6e997274-5747-4513-93a2-c05680e5db34&backKey=6a58ba6462c3022ca7b601fb&backToPage=67&cidValue=816&groupOrdinal=1322&groupViewContextIndicator=false&isFromAllResults=false&isFromAlternateReactionSteps=false&isFromReactionGroup=false&key=6a58ba6462c3022ca7b601fb&metricsOrdinal=1322&ordinal=1&resultType=reaction&resultView=DETAIL&state=searchDetail.reaction&suppressNavigation=false&uiContext=366&uiSubContext=551&uriForDetails=multistep-reaction%2F447ffde6-4154-5385-a295-7080dfb93964&uriForGroup=substance%2Fpt%2F117841642%2Bsubstance%2Fpt%2F57701276-%3Esubstance%2Fpt%2F495413746%2Bsubstance%2Fpt%2F495413757
67,1323,1,31-355-CAS-10010905,2,skipped,1,多产物反应，按当前课题规则跳过,https://scifinder-n.cas.org/search/reaction/6a58ba6462c3022ca7b601fb/67,https://scifinder-n.cas.org/navigate/?appId=6e997274-5747-4513-93a2-c05680e5db34&backKey=6a58ba6462c3022ca7b601fb&backToPage=67&cidValue=816&groupOrdinal=1323&groupViewContextIndicator=false&isFromAllResults=false&isFromAlternateReactionSteps=false&isFromReactionGroup=false&key=6a58ba6462c3022ca7b601fb&metricsOrdinal=1323&ordinal=1&resultType=reaction&resultView=DETAIL&state=searchDetail.reaction&suppressNavigation=false&uiContext=366&uiSubContext=551&uriForDetails=multistep-reaction%2F1c28fc2a-92bb-5195-ad99-361b3ba6a07d&uriForGroup=substance%2Fpt%2F108247%2Bsubstance%2Fpt%2F194874061-%3Esubstance%2Fpt%2F1191090853%2Bsubstance%2Fpt%2F502156221
67,1324,1,31-010-CAS-10180591,2,skipped,1,多产物反应，按当前课题规则跳过,https://scifinder-n.cas.org/search/reaction/6a58ba6462c3022ca7b601fb/67,https://scifinder-n.cas.org/navigate/?appId=6e997274-5747-4513-93a2-c05680e5db34&backKey=6a58ba6462c3022ca7b601fb&backToPage=67&cidValue=816&groupOrdinal=1324&groupViewContextIndicator=false&isFromAllResults=false&isFromAlternateReactionSteps=false&isFromReactionGroup=false&key=6a58ba6462c3022ca7b601fb&metricsOrdinal=1324&ordinal=1&resultType=reaction&resultView=DETAIL&state=searchDetail.reaction&suppressNavigation=false&uiContext=366&uiSubContext=551&uriForDetails=multistep-reaction%2F3f1e205f-1248-54af-8583-969e127eb5cb&uriForGroup=substance%2Fpt%2F10016203%2Bsubstance%2Fpt%2F54925643-%3Esubstance%2Fpt%2F441764438%2Bsubstance%2Fpt%2F441764449
67,1324,2,31-010-CAS-12041560,2,skipped,1,多产物反应，按当前课题规则跳过,https://scifinder-n.cas.org/search/reaction/6a58ba6462c3022ca7b601fb/67,https://scifinder-n.cas.org/navigate/?appId=6e997274-5747-4513-93a2-c05680e5db34&backKey=6a58ba6462c3022ca7b601fb&backToPage=67&cidValue=816&groupOrdinal=1324&groupViewContextIndicator=false&isFromAllResults=false&isFromAlternateReactionSteps=false&isFromReactionGroup=false&key=6a58ba6462c3022ca7b601fb&metricsOrdinal=1324&ordinal=2&resultType=reaction&resultView=DETAIL&state=searchDetail.reaction&suppressNavigation=false&uiContext=366&uiSubContext=551&uriForDetails=multistep-reaction%2Fd9384b8b-6a01-56e7-864d-30b7d55d0cab&uriForGroup=substance%2Fpt%2F10016203%2Bsubstance%2Fpt%2F54925643-%3Esubstance%2Fpt%2F441764438%2Bsubstance%2Fpt%2F441764449
67,1324,3,31-010-CAS-1519265,2,skipped,1,多产物反应，按当前课题规则跳过,https://scifinder-n.cas.org/search/reaction/6a58ba6462c3022ca7b601fb/67,https://scifinder-n.cas.org/navigate/?appId=6e997274-5747-4513-93a2-c05680e5db34&backKey=6a58ba6462c3022ca7b601fb&backToPage=67&cidValue=816&groupOrdinal=1324&groupViewContextIndicator=false&isFromAllResults=false&isFromAlternateReactionSteps=false&isFromReactionGroup=false&key=6a58ba6462c3022ca7b601fb&metricsOrdinal=1324&ordinal=3&resultType=reaction&resultView=DETAIL&state=searchDetail.reaction&suppressNavigation=false&uiContext=366&uiSubContext=551&uriForDetails=multistep-reaction%2Fee4792d6-81ec-598e-97b0-bd018904363a&uriForGroup=substance%2Fpt%2F10016203%2Bsubstance%2Fpt%2F54925643-%3Esubstance%2Fpt%2F441764438%2Bsubstance%2Fpt%2F441764449
67,1325,1,31-013-CAS-2828889,2,skipped,1,多产物反应，按当前课题规则跳过,https://scifinder-n.cas.org/search/reaction/6a58ba6462c3022ca7b601fb/67,https://scifinder-n.cas.org/navigate/?appId=6e997274-5747-4513-93a2-c05680e5db34&backKey=6a58ba6462c3022ca7b601fb&backToPage=67&cidValue=816&groupOrdinal=1325&groupViewContextIndicator=false&isFromAllResults=false&isFromAlternateReactionSteps=false&isFromReactionGroup=false&key=6a58ba6462c3022ca7b601fb&metricsOrdinal=1325&ordinal=1&resultType=reaction&resultView=DETAIL&state=searchDetail.reaction&suppressNavigation=false&uiContext=366&uiSubContext=551&uriForDetails=multistep-reaction%2Ff94a1069-a103-5620-a7e8-f68fdce4f397&uriForGroup=substance%2Fpt%2F117841642%2Bsubstance%2Fpt%2F71117378-%3Esubstance%2Fpt%2F417706219%2Bsubstance%2Fpt%2F417706220
67,1326,1,31-012-CAS-7114956,2,skipped,1,多产物反应，按当前课题规则跳过,https://scifinder-n.cas.org/search/reaction/6a58ba6462c3022ca7b601fb/67,https://scifinder-n.cas.org/navigate/?appId=6e997274-5747-4513-93a2-c05680e5db34&backKey=6a58ba6462c3022ca7b601fb&backToPage=67&cidValue=816&groupOrdinal=1326&groupViewContextIndicator=false&isFromAllResults=false&isFromAlternateReactionSteps=false&isFromReactionGroup=false&key=6a58ba6462c3022ca7b601fb&metricsOrdinal=1326&ordinal=1&resultType=reaction&resultView=DETAIL&state=searchDetail.reaction&suppressNavigation=false&uiContext=366&uiSubContext=551&uriForDetails=multistep-reaction%2F3a5bbad4-c14e-539a-ac37-cd80935cf323&uriForGroup=substance%2Fpt%2F51842310%2Bsubstance%2Fpt%2F91010-%3Esubstance%2Fpt%2F1082056265%2Bsubstance%2Fpt%2F1082056276
67,1327,1,31-357-CAS-2580244,2,skipped,1,多产物反应，按当前课题规则跳过,https://scifinder-n.cas.org/search/reaction/6a58ba6462c3022ca7b601fb/67,https://scifinder-n.cas.org/navigate/?appId=6e997274-5747-4513-93a2-c05680e5db34&backKey=6a58ba6462c3022ca7b601fb&backToPage=67&cidValue=816&groupOrdinal=1327&groupViewContextIndicator=false&isFromAllResults=false&isFromAlternateReactionSteps=false&isFromReactionGroup=false&key=6a58ba6462c3022ca7b601fb&metricsOrdinal=1327&ordinal=1&resultType=reaction&resultView=DETAIL&state=searchDetail.reaction&suppressNavigation=false&uiContext=366&uiSubContext=551&uriForDetails=multistep-reaction%2F7b78f7b7-6ffa-54be-af22-476119f72075&uriForGroup=substance%2Fpt%2F3938952%2Bsubstance%2Fpt%2F64552063-%3Esubstance%2Fpt%2F1597528329%2Bsubstance%2Fpt%2F1597528341
67,1328,1,31-010-CAS-43204,2,skipped,1,多产物反应，按当前课题规则跳过,https://scifinder-n.cas.org/search/reaction/6a58ba6462c3022ca7b601fb/67,https://scifinder-n.cas.org/navigate/?appId=6e997274-5747-4513-93a2-c05680e5db34&backKey=6a58ba6462c3022ca7b601fb&backToPage=67&cidValue=816&groupOrdinal=1328&groupViewContextIndicator=false&isFromAllResults=false&isFromAlternateReactionSteps=false&isFromReactionGroup=false&key=6a58ba6462c3022ca7b601fb&metricsOrdinal=1328&ordinal=1&resultType=reaction&resultView=DETAIL&state=searchDetail.reaction&suppressNavigation=false&uiContext=366&uiSubContext=551&uriForDetails=multistep-reaction%2Fc6ecfcea-f84e-5015-acb2-1e585cde0fa9&uriForGroup=substance%2Fpt%2F194874061%2Bsubstance%2Fpt%2F79271560-%3Esubstance%2Fpt%2F502156094%2Bsubstance%2Fpt%2F502156107
67,1329,1,31-013-CAS-1132762,2,skipped,1,多产物反应，按当前课题规则跳过,https://scifinder-n.cas.org/search/reaction/6a58ba6462c3022ca7b601fb/67,https://scifinder-n.cas.org/navigate/?appId=6e997274-5747-4513-93a2-c05680e5db34&backKey=6a58ba6462c3022ca7b601fb&backToPage=67&cidValue=816&groupOrdinal=1329&groupViewContextIndicator=false&isFromAllResults=false&isFromAlternateReactionSteps=false&isFromReactionGroup=false&key=6a58ba6462c3022ca7b601fb&metricsOrdinal=1329&ordinal=1&resultType=reaction&resultView=DETAIL&state=searchDetail.reaction&suppressNavigation=false&uiContext=366&uiSubContext=551&uriForDetails=multistep-reaction%2F24ce11e0-40cb-53c1-8449-25c7130053d7&uriForGroup=substance%2Fpt%2F117841642%2Bsubstance%2Fpt%2F71117414-%3Esubstance%2Fpt%2F470475402%2Bsubstance%2Fpt%2F470475413
67,1329,2,31-013-CAS-9331678,2,skipped,1,多产物反应，按当前课题规则跳过,https://scifinder-n.cas.org/search/reaction/6a58ba6462c3022ca7b601fb/67,https://scifinder-n.cas.org/navigate/?appId=6e997274-5747-4513-93a2-c05680e5db34&backKey=6a58ba6462c3022ca7b601fb&backToPage=67&cidValue=816&groupOrdinal=1329&groupViewContextIndicator=false&isFromAllResults=false&isFromAlternateReactionSteps=false&isFromReactionGroup=false&key=6a58ba6462c3022ca7b601fb&metricsOrdinal=1329&ordinal=2&resultType=reaction&resultView=DETAIL&state=searchDetail.reaction&suppressNavigation=false&uiContext=366&uiSubContext=551&uriForDetails=multistep-reaction%2Fcd7816fe-f9f0-529d-afee-dff13f2680ea&uriForGroup=substance%2Fpt%2F117841642%2Bsubstance%2Fpt%2F71117414-%3Esubstance%2Fpt%2F470475402%2Bsubstance%2Fpt%2F470475413
67,1330,1,31-022-CAS-10273752,2,skipped,1,多产物反应，按当前课题规则跳过,https://scifinder-n.cas.org/search/reaction/6a58ba6462c3022ca7b601fb/67,https://scifinder-n.cas.org/navigate/?appId=6e997274-5747-4513-93a2-c05680e5db34&backKey=6a58ba6462c3022ca7b601fb&backToPage=67&cidValue=816&groupOrdinal=1330&groupViewContextIndicator=false&isFromAllResults=false&isFromAlternateReactionSteps=false&isFromReactionGroup=false&key=6a58ba6462c3022ca7b601fb&metricsOrdinal=1330&ordinal=1&resultType=reaction&resultView=DETAIL&state=searchDetail.reaction&suppressNavigation=false&uiContext=366&uiSubContext=551&uriForDetails=multistep-reaction%2Ff0c94385-3b72-5c1b-ae93-8c0518776030&uriForGroup=substance%2Fpt%2F1087346084%2Bsubstance%2Fpt%2F1087346095%2Bsubstance%2Fpt%2F20546036%7Creaction%20products%20with%20saccharides-%3Esubstance%2Fpt%2F1087346108%2Bsubstance%2Fpt%2F1087346119
67,1331,1,31-013-CAS-7323167,2,skipped,1,多产物反应，按当前课题规则跳过,https://scifinder-n.cas.org/search/reaction/6a58ba6462c3022ca7b601fb/67,https://scifinder-n.cas.org/navigate/?appId=6e997274-5747-4513-93a2-c05680e5db34&backKey=6a58ba6462c3022ca7b601fb&backToPage=67&cidValue=816&groupOrdinal=1331&groupViewContextIndicator=false&isFromAllResults=false&isFromAlternateReactionSteps=false&isFromReactionGroup=false&key=6a58ba6462c3022ca7b601fb&metricsOrdinal=1331&ordinal=1&resultType=reaction&resultView=DETAIL&state=searchDetail.reaction&suppressNavigation=false&uiContext=366&uiSubContext=551&uriForDetails=multistep-reaction%2F0e2f7fea-ba93-5135-aea0-916df794a248&uriForGroup=substance%2Fpt%2F17400770%2Bsubstance%2Fpt%2F2816242-%3Esubstance%2Fpt%2F874919332%2Bsubstance%2Fpt%2F874919343
67,1332,1,31-614-CAS-29526474,2,skipped,1,多产物反应，按当前课题规则跳过,https://scifinder-n.cas.org/search/reaction/6a58ba6462c3022ca7b601fb/67,https://scifinder-n.cas.org/navigate/?appId=6e997274-5747-4513-93a2-c05680e5db34&backKey=6a58ba6462c3022ca7b601fb&backToPage=67&cidValue=816&groupOrdinal=1332&groupViewContextIndicator=false&isFromAllResults=false&isFromAlternateReactionSteps=false&isFromReactionGroup=false&key=6a58ba6462c3022ca7b601fb&metricsOrdinal=1332&ordinal=1&resultType=reaction&resultView=DETAIL&state=searchDetail.reaction&suppressNavigation=false&uiContext=366&uiSubContext=551&uriForDetails=multistep-reaction%2F3966f984-4bce-5af8-bf85-5027cd93d111&uriForGroup=substance%2Fpt%2F7585399%2Bsubstance%2Fpt%2F98599-%3Esubstance%2Fpt%2F138903738%2Bsubstance%2Fpt%2F23734545
67,1333,1,31-008-CAS-2346176,2,skipped,1,多产物反应，按当前课题规则跳过,https://scifinder-n.cas.org/search/reaction/6a58ba6462c3022ca7b601fb/67,https://scifinder-n.cas.org/navigate/?appId=6e997274-5747-4513-93a2-c05680e5db34&backKey=6a58ba6462c3022ca7b601fb&backToPage=67&cidValue=816&groupOrdinal=1333&groupViewContextIndicator=false&isFromAllResults=false&isFromAlternateReactionSteps=false&isFromReactionGroup=false&key=6a58ba6462c3022ca7b601fb&metricsOrdinal=1333&ordinal=1&resultType=reaction&resultView=DETAIL&state=searchDetail.reaction&suppressNavigation=false&uiContext=366&uiSubContext=551&uriForDetails=multistep-reaction%2F5f0df744-655a-5afc-ba7d-d9f61954105e&uriForGroup=substance%2Fpt%2F100390%2Bsubstance%2Fpt%2F118249733-%3Esubstance%2Fpt%2F503602037%2Bsubstance%2Fpt%2F503602048
67,1334,1,31-008-CAS-4490182,2,skipped,1,多产物反应，按当前课题规则跳过,https://scifinder-n.cas.org/search/reaction/6a58ba6462c3022ca7b601fb/67,https://scifinder-n.cas.org/navigate/?appId=6e997274-5747-4513-93a2-c05680e5db34&backKey=6a58ba6462c3022ca7b601fb&backToPage=67&cidValue=816&groupOrdinal=1334&groupViewContextIndicator=false&isFromAllResults=false&isFromAlternateReactionSteps=false&isFromReactionGroup=false&key=6a58ba6462c3022ca7b601fb&metricsOrdinal=1334&ordinal=1&resultType=reaction&resultView=DETAIL&state=searchDetail.reaction&suppressNavigation=false&uiContext=366&uiSubContext=551&uriForDetails=multistep-reaction%2F928d0f6a-e59a-5603-8083-bd06b3ab25ce&uriForGroup=substance%2Fpt%2F10016203%2Bsubstance%2Fpt%2F106956-%3Esubstance%2Fpt%2F170590439%2Bsubstance%2Fpt%2F170590440
67,1335,1,31-001-CAS-24571,2,skipped,1,多产物反应，按当前课题规则跳过,https://scifinder-n.cas.org/search/reaction/6a58ba6462c3022ca7b601fb/67,https://scifinder-n.cas.org/navigate/?appId=6e997274-5747-4513-93a2-c05680e5db34&backKey=6a58ba6462c3022ca7b601fb&backToPage=67&cidValue=816&groupOrdinal=1335&groupViewContextIndicator=false&isFromAllResults=false&isFromAlternateReactionSteps=false&isFromReactionGroup=false&key=6a58ba6462c3022ca7b601fb&metricsOrdinal=1335&ordinal=1&resultType=reaction&resultView=DETAIL&state=searchDetail.reaction&suppressNavigation=false&uiContext=366&uiSubContext=551&uriForDetails=multistep-reaction%2Fd99e0896-d4f5-5166-b747-c5853f3ed897&uriForGroup=substance%2Fpt%2F10016203%2Bsubstance%2Fpt%2F91134-%3Esubstance%2Fpt%2F1422041528%2Bsubstance%2Fpt%2F950822998
67,1336,1,31-008-CAS-6375729,2,skipped,1,多产物反应，按当前课题规则跳过,https://scifinder-n.cas.org/search/reaction/6a58ba6462c3022ca7b601fb/67,https://scifinder-n.cas.org/navigate/?appId=6e997274-5747-4513-93a2-c05680e5db34&backKey=6a58ba6462c3022ca7b601fb&backToPage=67&cidValue=816&groupOrdinal=1336&groupViewContextIndicator=false&isFromAllResults=false&isFromAlternateReactionSteps=false&isFromReactionGroup=false&key=6a58ba6462c3022ca7b601fb&metricsOrdinal=1336&ordinal=1&resultType=reaction&resultView=DETAIL&state=searchDetail.reaction&suppressNavigation=false&uiContext=366&uiSubContext=551&uriForDetails=multistep-reaction%2F332fa7ab-26a1-5ab0-9d34-ad13d57308ca&uriForGroup=substance%2Fpt%2F64552063%2Bsubstance%2Fpt%2F74884-%3Esubstance%2Fpt%2F129831910%2Bsubstance%2Fpt%2F129893501
67,1337,1,31-008-CAS-8686080,2,skipped,1,多产物反应，按当前课题规则跳过,https://scifinder-n.cas.org/search/reaction/6a58ba6462c3022ca7b601fb/67,https://scifinder-n.cas.org/navigate/?appId=6e997274-5747-4513-93a2-c05680e5db34&backKey=6a58ba6462c3022ca7b601fb&backToPage=67&cidValue=816&groupOrdinal=1337&groupViewContextIndicator=false&isFromAllResults=false&isFromAlternateReactionSteps=false&isFromReactionGroup=false&key=6a58ba6462c3022ca7b601fb&metricsOrdinal=1337&ordinal=1&resultType=reaction&resultView=DETAIL&state=searchDetail.reaction&suppressNavigation=false&uiContext=366&uiSubContext=551&uriForDetails=multistep-reaction%2F401f70d1-e875-54f5-a1a5-279420513bba&uriForGroup=substance%2Fpt%2F57701276%2Bsubstance%2Fpt%2F74884-%3Esubstance%2Fpt%2F110715292%2Bsubstance%2Fpt%2F93302386
67,1338,1,31-614-CAS-36097607,2,skipped,1,多产物反应，按当前课题规则跳过,https://scifinder-n.cas.org/search/reaction/6a58ba6462c3022ca7b601fb/67,https://scifinder-n.cas.org/navigate/?appId=6e997274-5747-4513-93a2-c05680e5db34&backKey=6a58ba6462c3022ca7b601fb&backToPage=67&cidValue=816&groupOrdinal=1338&groupViewContextIndicator=false&isFromAllResults=false&isFromAlternateReactionSteps=false&isFromReactionGroup=false&key=6a58ba6462c3022ca7b601fb&metricsOrdinal=1338&ordinal=1&resultType=reaction&resultView=DETAIL&state=searchDetail.reaction&suppressNavigation=false&uiContext=366&uiSubContext=551&uriForDetails=multistep-reaction%2F518e6971-f470-570e-8046-aba23025f240&uriForGroup=substance%2Fpt%2F17465860%2Bsubstance%2Fpt%2F212078198-%3Esubstance%2Fpt%2F2917642498%2Bsubstance%2Fpt%2F2917642512
67,1339,1,31-355-CAS-8210415,2,skipped,1,多产物反应，按当前课题规则跳过,https://scifinder-n.cas.org/search/reaction/6a58ba6462c3022ca7b601fb/67,https://scifinder-n.cas.org/navigate/?appId=6e997274-5747-4513-93a2-c05680e5db34&backKey=6a58ba6462c3022ca7b601fb&backToPage=67&cidValue=816&groupOrdinal=1339&groupViewContextIndicator=false&isFromAllResults=false&isFromAlternateReactionSteps=false&isFromReactionGroup=false&key=6a58ba6462c3022ca7b601fb&metricsOrdinal=1339&ordinal=1&resultType=reaction&resultView=DETAIL&state=searchDetail.reaction&suppressNavigation=false&uiContext=366&uiSubContext=551&uriForDetails=multistep-reaction%2Fd965e62d-cc93-542a-a178-1b2fdb7745ad&uriForGroup=substance%2Fpt%2F1657017736%2Bsubstance%2Fpt%2F93970-%3Esubstance%2Fpt%2F1657017758%2Bsubstance%2Fpt%2F1657017770
67,1340,1,31-614-CAS-31915872,2,skipped,1,多产物反应，按当前课题规则跳过,https://scifinder-n.cas.org/search/reaction/6a58ba6462c3022ca7b601fb/67,https://scifinder-n.cas.org/navigate/?appId=6e997274-5747-4513-93a2-c05680e5db34&backKey=6a58ba6462c3022ca7b601fb&backToPage=67&cidValue=816&groupOrdinal=1340&groupViewContextIndicator=false&isFromAllResults=false&isFromAlternateReactionSteps=false&isFromReactionGroup=false&key=6a58ba6462c3022ca7b601fb&metricsOrdinal=1340&ordinal=1&resultType=reaction&resultView=DETAIL&state=searchDetail.reaction&suppressNavigation=false&uiContext=366&uiSubContext=551&uriForDetails=multistep-reaction%2F0a2039a1-f048-527c-856c-3accb5825c99&uriForGroup=substance%2Fpt%2F100390%2Bsubstance%2Fpt%2F916458816-%3Esubstance%2Fpt%2F2765218060%2Bsubstance%2Fpt%2F2765218071
68,1341,1,31-355-CAS-1532217,2,skipped,1,多产物反应，按当前课题规则跳过,https://scifinder-n.cas.org/search/reaction/6a58ba6462c3022ca7b601fb/68,https://scifinder-n.cas.org/navigate/?appId=c1bbd01e-f396-418d-a177-966fd87be38b&backKey=6a58ba6462c3022ca7b601fb&backToPage=68&cidValue=816&groupOrdinal=1341&groupViewContextIndicator=false&isFromAllResults=false&isFromAlternateReactionSteps=false&isFromReactionGroup=false&key=6a58ba6462c3022ca7b601fb&metricsOrdinal=1341&ordinal=1&resultType=reaction&resultView=DETAIL&state=searchDetail.reaction&suppressNavigation=false&uiContext=366&uiSubContext=551&uriForDetails=multistep-reaction%2F3aeb2ba5-3d5b-5aa1-9d2a-1d267ca83137&uriForGroup=substance%2Fpt%2F110850301%2Bsubstance%2Fpt%2F93970-%3Esubstance%2Fpt%2F117181245%2Bsubstance%2Fpt%2F117181256
68,1342,1,31-008-CAS-2477692,2,skipped,1,多产物反应，按当前课题规则跳过,https://scifinder-n.cas.org/search/reaction/6a58ba6462c3022ca7b601fb/68,https://scifinder-n.cas.org/navigate/?appId=c1bbd01e-f396-418d-a177-966fd87be38b&backKey=6a58ba6462c3022ca7b601fb&backToPage=68&cidValue=816&groupOrdinal=1342&groupViewContextIndicator=false&isFromAllResults=false&isFromAlternateReactionSteps=false&isFromReactionGroup=false&key=6a58ba6462c3022ca7b601fb&metricsOrdinal=1342&ordinal=1&resultType=reaction&resultView=DETAIL&state=searchDetail.reaction&suppressNavigation=false&uiContext=366&uiSubContext=551&uriForDetails=multistep-reaction%2Fa6a30450-226d-5187-8978-cdf815ea2096&uriForGroup=substance%2Fpt%2F10016203%2Bsubstance%2Fpt%2F4392249-%3Esubstance%2Fpt%2F1345456178%2Bsubstance%2Fpt%2F1345456247
68,1343,1,31-013-CAS-12199191,2,skipped,1,多产物反应，按当前课题规则跳过,https://scifinder-n.cas.org/search/reaction/6a58ba6462c3022ca7b601fb/68,https://scifinder-n.cas.org/navigate/?appId=c1bbd01e-f396-418d-a177-966fd87be38b&backKey=6a58ba6462c3022ca7b601fb&backToPage=68&cidValue=816&groupOrdinal=1343&groupViewContextIndicator=false&isFromAllResults=false&isFromAlternateReactionSteps=false&isFromReactionGroup=false&key=6a58ba6462c3022ca7b601fb&metricsOrdinal=1343&ordinal=1&resultType=reaction&resultView=DETAIL&state=searchDetail.reaction&suppressNavigation=false&uiContext=366&uiSubContext=551&uriForDetails=multistep-reaction%2F2ecb852f-0c2b-5e10-8994-a712ce0dd160&uriForGroup=substance%2Fpt%2F17465860%2Bsubstance%2Fpt%2F585999-%3Esubstance%2Fpt%2F151868370%2Bsubstance%2Fpt%2F173548022
68,1344,1,31-008-CAS-5999893,2,skipped,1,多产物反应，按当前课题规则跳过,https://scifinder-n.cas.org/search/reaction/6a58ba6462c3022ca7b601fb/68,https://scifinder-n.cas.org/navigate/?appId=c1bbd01e-f396-418d-a177-966fd87be38b&backKey=6a58ba6462c3022ca7b601fb&backToPage=68&cidValue=816&groupOrdinal=1344&groupViewContextIndicator=false&isFromAllResults=false&isFromAlternateReactionSteps=false&isFromReactionGroup=false&key=6a58ba6462c3022ca7b601fb&metricsOrdinal=1344&ordinal=1&resultType=reaction&resultView=DETAIL&state=searchDetail.reaction&suppressNavigation=false&uiContext=366&uiSubContext=551&uriForDetails=multistep-reaction%2Fd272ee8f-ad8a-550e-99a9-5d6523ec3c6f&uriForGroup=substance%2Fpt%2F127128523%2Bsubstance%2Fpt%2F143157-%3Esubstance%2Fpt%2F1389320857%2Bsubstance%2Fpt%2F1389320868
68,1345,1,31-008-CAS-11759387,2,skipped,1,多产物反应，按当前课题规则跳过,https://scifinder-n.cas.org/search/reaction/6a58ba6462c3022ca7b601fb/68,https://scifinder-n.cas.org/navigate/?appId=c1bbd01e-f396-418d-a177-966fd87be38b&backKey=6a58ba6462c3022ca7b601fb&backToPage=68&cidValue=816&groupOrdinal=1345&groupViewContextIndicator=false&isFromAllResults=false&isFromAlternateReactionSteps=false&isFromReactionGroup=false&key=6a58ba6462c3022ca7b601fb&metricsOrdinal=1345&ordinal=1&resultType=reaction&resultView=DETAIL&state=searchDetail.reaction&suppressNavigation=false&uiContext=366&uiSubContext=551&uriForDetails=multistep-reaction%2Ffdeca201-3d24-5784-9953-52090b31f0eb&uriForGroup=substance%2Fpt%2F20746649%2Bsubstance%2Fpt%2F58479611-%3Esubstance%2Fpt%2F1041176231%2Bsubstance%2Fpt%2F1041176253
68,1346,1,31-614-CAS-36097592,2,skipped,1,多产物反应，按当前课题规则跳过,https://scifinder-n.cas.org/search/reaction/6a58ba6462c3022ca7b601fb/68,https://scifinder-n.cas.org/navigate/?appId=c1bbd01e-f396-418d-a177-966fd87be38b&backKey=6a58ba6462c3022ca7b601fb&backToPage=68&cidValue=816&groupOrdinal=1346&groupViewContextIndicator=false&isFromAllResults=false&isFromAlternateReactionSteps=false&isFromReactionGroup=false&key=6a58ba6462c3022ca7b601fb&metricsOrdinal=1346&ordinal=1&resultType=reaction&resultView=DETAIL&state=searchDetail.reaction&suppressNavigation=false&uiContext=366&uiSubContext=551&uriForDetails=multistep-reaction%2F4f16c715-27a8-5e90-971c-9b168678af9d&uriForGroup=substance%2Fpt%2F17465860%2Bsubstance%2Fpt%2F212078198-%3Esubstance%2Fpt%2F2917642498%2Bsubstance%2Fpt%2F2917642501
68,1347,1,31-236-CAS-9134967,2,skipped,1,多产物反应，按当前课题规则跳过,https://scifinder-n.cas.org/search/reaction/6a58ba6462c3022ca7b601fb/68,https://scifinder-n.cas.org/navigate/?appId=c1bbd01e-f396-418d-a177-966fd87be38b&backKey=6a58ba6462c3022ca7b601fb&backToPage=68&cidValue=816&groupOrdinal=1347&groupViewContextIndicator=false&isFromAllResults=false&isFromAlternateReactionSteps=false&isFromReactionGroup=false&key=6a58ba6462c3022ca7b601fb&metricsOrdinal=1347&ordinal=1&resultType=reaction&resultView=DETAIL&state=searchDetail.reaction&suppressNavigation=false&uiContext=366&uiSubContext=551&uriForDetails=multistep-reaction%2Fb775b52a-18cb-57b0-8076-d893da5dde61&uriForGroup=substance%2Fpt%2F1010729573%2Bsubstance%2Fpt%2F129840375-%3Esubstance%2Fpt%2F1010729686%2Bsubstance%2Fpt%2F1010729697
68,1348,1,31-356-CAS-22409902,2,skipped,1,多产物反应，按当前课题规则跳过,https://scifinder-n.cas.org/search/reaction/6a58ba6462c3022ca7b601fb/68,https://scifinder-n.cas.org/navigate/?appId=c1bbd01e-f396-418d-a177-966fd87be38b&backKey=6a58ba6462c3022ca7b601fb&backToPage=68&cidValue=816&groupOrdinal=1348&groupViewContextIndicator=false&isFromAllResults=false&isFromAlternateReactionSteps=false&isFromReactionGroup=false&key=6a58ba6462c3022ca7b601fb&metricsOrdinal=1348&ordinal=1&resultType=reaction&resultView=DETAIL&state=searchDetail.reaction&suppressNavigation=false&uiContext=366&uiSubContext=551&uriForDetails=multistep-reaction%2F2cde0128-94df-5fce-bccd-426f4975b65c&uriForGroup=substance%2Fpt%2F29767202%2Bsubstance%2Fpt%2F942035407-%3Esubstance%2Fpt%2F2459324242%2Bsubstance%2Fpt%2F2459324286
68,1349,1,31-008-CAS-19512364,2,skipped,1,多产物反应，按当前课题规则跳过,https://scifinder-n.cas.org/search/reaction/6a58ba6462c3022ca7b601fb/68,https://scifinder-n.cas.org/navigate/?appId=c1bbd01e-f396-418d-a177-966fd87be38b&backKey=6a58ba6462c3022ca7b601fb&backToPage=68&cidValue=816&groupOrdinal=1349&groupViewContextIndicator=false&isFromAllResults=false&isFromAlternateReactionSteps=false&isFromReactionGroup=false&key=6a58ba6462c3022ca7b601fb&metricsOrdinal=1349&ordinal=1&resultType=reaction&resultView=DETAIL&state=searchDetail.reaction&suppressNavigation=false&uiContext=366&uiSubContext=551&uriForDetails=multistep-reaction%2F7c325c39-1da6-5e3b-a7d3-0954c765fbd9&uriForGroup=substance%2Fpt%2F10016203%2Bsubstance%2Fpt%2F142523715%2Bsubstance%2Fpt%2F18162486-%3Esubstance%2Fpt%2F170590553%2Bsubstance%2Fpt%2F170590564
68,1350,1,31-301-CAS-15016887,2,skipped,1,多产物反应，按当前课题规则跳过,https://scifinder-n.cas.org/search/reaction/6a58ba6462c3022ca7b601fb/68,https://scifinder-n.cas.org/navigate/?appId=c1bbd01e-f396-418d-a177-966fd87be38b&backKey=6a58ba6462c3022ca7b601fb&backToPage=68&cidValue=816&groupOrdinal=1350&groupViewContextIndicator=false&isFromAllResults=false&isFromAlternateReactionSteps=false&isFromReactionGroup=false&key=6a58ba6462c3022ca7b601fb&metricsOrdinal=1350&ordinal=1&resultType=reaction&resultView=DETAIL&state=searchDetail.reaction&suppressNavigation=false&uiContext=366&uiSubContext=551&uriForDetails=multistep-reaction%2Fe0132416-3a53-5295-8eef-aefd486cdc89&uriForGroup=substance%2Fpt%2F10016203%2Bsubstance%2Fpt%2F7512176-%3Esubstance%2Fpt%2F203206693%2Bsubstance%2Fpt%2F256397930
68,1351,1,31-010-CAS-11377657,2,skipped,1,多产物反应，按当前课题规则跳过,https://scifinder-n.cas.org/search/reaction/6a58ba6462c3022ca7b601fb/68,https://scifinder-n.cas.org/navigate/?appId=c1bbd01e-f396-418d-a177-966fd87be38b&backKey=6a58ba6462c3022ca7b601fb&backToPage=68&cidValue=816&groupOrdinal=1351&groupViewContextIndicator=false&isFromAllResults=false&isFromAlternateReactionSteps=false&isFromReactionGroup=false&key=6a58ba6462c3022ca7b601fb&metricsOrdinal=1351&ordinal=1&resultType=reaction&resultView=DETAIL&state=searchDetail.reaction&suppressNavigation=false&uiContext=366&uiSubContext=551&uriForDetails=multistep-reaction%2F91fb4295-1052-5a45-a6a7-f222c3c0d198&uriForGroup=substance%2Fpt%2F194874061%2Bsubstance%2Fpt%2F79271560-%3Esubstance%2Fpt%2F502156118%2Bsubstance%2Fpt%2F502156129
68,1352,1,31-614-CAS-28634868,2,skipped,1,多产物反应，按当前课题规则跳过,https://scifinder-n.cas.org/search/reaction/6a58ba6462c3022ca7b601fb/68,https://scifinder-n.cas.org/navigate/?appId=c1bbd01e-f396-418d-a177-966fd87be38b&backKey=6a58ba6462c3022ca7b601fb&backToPage=68&cidValue=816&groupOrdinal=1352&groupViewContextIndicator=false&isFromAllResults=false&isFromAlternateReactionSteps=false&isFromReactionGroup=false&key=6a58ba6462c3022ca7b601fb&metricsOrdinal=1352&ordinal=1&resultType=reaction&resultView=DETAIL&state=searchDetail.reaction&suppressNavigation=false&uiContext=366&uiSubContext=551&uriForDetails=multistep-reaction%2Fba0005c0-ad3f-5db0-a765-a392336b3306&uriForGroup=substance%2Fpt%2F10016203%2Bsubstance%2Fpt%2F368890408-%3Esubstance%2Fpt%2F572910066%2Bsubstance%2Fpt%2F572910077
68,1353,1,31-354-CAS-9430387,2,skipped,1,多产物反应，按当前课题规则跳过,https://scifinder-n.cas.org/search/reaction/6a58ba6462c3022ca7b601fb/68,https://scifinder-n.cas.org/navigate/?appId=c1bbd01e-f396-418d-a177-966fd87be38b&backKey=6a58ba6462c3022ca7b601fb&backToPage=68&cidValue=816&groupOrdinal=1353&groupViewContextIndicator=false&isFromAllResults=false&isFromAlternateReactionSteps=false&isFromReactionGroup=false&key=6a58ba6462c3022ca7b601fb&metricsOrdinal=1353&ordinal=1&resultType=reaction&resultView=DETAIL&state=searchDetail.reaction&suppressNavigation=false&uiContext=366&uiSubContext=551&uriForDetails=multistep-reaction%2F6a33bd05-224b-58e8-86f9-64078efb7ac5&uriForGroup=substance%2Fpt%2F103800%2Bsubstance%2Fpt%2F7585399-%3Esubstance%2Fpt%2F1209486543%2Bsubstance%2Fpt%2F1209486554
68,1354,1,31-356-CAS-22409903,2,skipped,1,多产物反应，按当前课题规则跳过,https://scifinder-n.cas.org/search/reaction/6a58ba6462c3022ca7b601fb/68,https://scifinder-n.cas.org/navigate/?appId=c1bbd01e-f396-418d-a177-966fd87be38b&backKey=6a58ba6462c3022ca7b601fb&backToPage=68&cidValue=816&groupOrdinal=1354&groupViewContextIndicator=false&isFromAllResults=false&isFromAlternateReactionSteps=false&isFromReactionGroup=false&key=6a58ba6462c3022ca7b601fb&metricsOrdinal=1354&ordinal=1&resultType=reaction&resultView=DETAIL&state=searchDetail.reaction&suppressNavigation=false&uiContext=366&uiSubContext=551&uriForDetails=multistep-reaction%2F7951cc94-92c9-5db2-ac27-4f6186e42492&uriForGroup=substance%2Fpt%2F2414143976%2Bsubstance%2Fpt%2F29767202-%3Esubstance%2Fpt%2F2459324253%2Bsubstance%2Fpt%2F2459324297
68,1355,1,31-354-CAS-3025083,2,skipped,1,多产物反应，按当前课题规则跳过,https://scifinder-n.cas.org/search/reaction/6a58ba6462c3022ca7b601fb/68,https://scifinder-n.cas.org/navigate/?appId=c1bbd01e-f396-418d-a177-966fd87be38b&backKey=6a58ba6462c3022ca7b601fb&backToPage=68&cidValue=816&groupOrdinal=1355&groupViewContextIndicator=false&isFromAllResults=false&isFromAlternateReactionSteps=false&isFromReactionGroup=false&key=6a58ba6462c3022ca7b601fb&metricsOrdinal=1355&ordinal=1&resultType=reaction&resultView=DETAIL&state=searchDetail.reaction&suppressNavigation=false&uiContext=366&uiSubContext=551&uriForDetails=multistep-reaction%2Fdc721126-a42a-5a0d-9219-49319bb587c1&uriForGroup=substance%2Fpt%2F17082096%2Bsubstance%2Fpt%2F7585399-%3Esubstance%2Fpt%2F1209486532%2Bsubstance%2Fpt%2F439152064
68,1356,1,31-010-CAS-3449000,2,skipped,1,多产物反应，按当前课题规则跳过,https://scifinder-n.cas.org/search/reaction/6a58ba6462c3022ca7b601fb/68,https://scifinder-n.cas.org/navigate/?appId=c1bbd01e-f396-418d-a177-966fd87be38b&backKey=6a58ba6462c3022ca7b601fb&backToPage=68&cidValue=816&groupOrdinal=1356&groupViewContextIndicator=false&isFromAllResults=false&isFromAlternateReactionSteps=false&isFromReactionGroup=false&key=6a58ba6462c3022ca7b601fb&metricsOrdinal=1356&ordinal=1&resultType=reaction&resultView=DETAIL&state=searchDetail.reaction&suppressNavigation=false&uiContext=366&uiSubContext=551&uriForDetails=multistep-reaction%2F07d7f395-50c4-50fd-bcd7-a685eb09384e&uriForGroup=substance%2Fpt%2F17465860%2Bsubstance%2Fpt%2F54925643-%3Esubstance%2Fpt%2F618458518%2Bsubstance%2Fpt%2F618458529
68,1357,1,31-355-CAS-2117534,2,skipped,1,多产物反应，按当前课题规则跳过,https://scifinder-n.cas.org/search/reaction/6a58ba6462c3022ca7b601fb/68,https://scifinder-n.cas.org/navigate/?appId=c1bbd01e-f396-418d-a177-966fd87be38b&backKey=6a58ba6462c3022ca7b601fb&backToPage=68&cidValue=816&groupOrdinal=1357&groupViewContextIndicator=false&isFromAllResults=false&isFromAlternateReactionSteps=false&isFromReactionGroup=false&key=6a58ba6462c3022ca7b601fb&metricsOrdinal=1357&ordinal=1&resultType=reaction&resultView=DETAIL&state=searchDetail.reaction&suppressNavigation=false&uiContext=366&uiSubContext=551&uriForDetails=multistep-reaction%2F96e18c7c-7fd4-5321-a332-a9627273bd5e&uriForGroup=substance%2Fpt%2F108247%2Bsubstance%2Fpt%2F58006329-%3Esubstance%2Fpt%2F20853387%2Bsubstance%2Fpt%2F20853398
68,1358,1,31-022-CAS-6507095,2,skipped,1,多产物反应，按当前课题规则跳过,https://scifinder-n.cas.org/search/reaction/6a58ba6462c3022ca7b601fb/68,https://scifinder-n.cas.org/navigate/?appId=c1bbd01e-f396-418d-a177-966fd87be38b&backKey=6a58ba6462c3022ca7b601fb&backToPage=68&cidValue=816&groupOrdinal=1358&groupViewContextIndicator=false&isFromAllResults=false&isFromAlternateReactionSteps=false&isFromReactionGroup=false&key=6a58ba6462c3022ca7b601fb&metricsOrdinal=1358&ordinal=1&resultType=reaction&resultView=DETAIL&state=searchDetail.reaction&suppressNavigation=false&uiContext=366&uiSubContext=551&uriForDetails=multistep-reaction%2F3857c7a5-e8fa-578b-8519-649daa5179d8&uriForGroup=substance%2Fpt%2F189872035%2Bsubstance%2Fpt%2F93118-%3Esubstance%2Fpt%2F779337698%2Bsubstance%2Fpt%2F779337712
68,1359,1,31-354-CAS-7337805,2,skipped,1,多产物反应，按当前课题规则跳过,https://scifinder-n.cas.org/search/reaction/6a58ba6462c3022ca7b601fb/68,https://scifinder-n.cas.org/navigate/?appId=c1bbd01e-f396-418d-a177-966fd87be38b&backKey=6a58ba6462c3022ca7b601fb&backToPage=68&cidValue=816&groupOrdinal=1359&groupViewContextIndicator=false&isFromAllResults=false&isFromAlternateReactionSteps=false&isFromReactionGroup=false&key=6a58ba6462c3022ca7b601fb&metricsOrdinal=1359&ordinal=1&resultType=reaction&resultView=DETAIL&state=searchDetail.reaction&suppressNavigation=false&uiContext=366&uiSubContext=551&uriForDetails=multistep-reaction%2F74ace577-9c46-5f3b-add5-539ddcf488ac&uriForGroup=substance%2Fpt%2F205386727%2Bsubstance%2Fpt%2F598210-%3Esubstance%2Fpt%2F220726738%2Bsubstance%2Fpt%2F220726772
68,1360,1,31-354-CAS-4998500,2,skipped,1,多产物反应，按当前课题规则跳过,https://scifinder-n.cas.org/search/reaction/6a58ba6462c3022ca7b601fb/68,https://scifinder-n.cas.org/navigate/?appId=c1bbd01e-f396-418d-a177-966fd87be38b&backKey=6a58ba6462c3022ca7b601fb&backToPage=68&cidValue=816&groupOrdinal=1360&groupViewContextIndicator=false&isFromAllResults=false&isFromAlternateReactionSteps=false&isFromReactionGroup=false&key=6a58ba6462c3022ca7b601fb&metricsOrdinal=1360&ordinal=1&resultType=reaction&resultView=DETAIL&state=searchDetail.reaction&suppressNavigation=false&uiContext=366&uiSubContext=551&uriForDetails=multistep-reaction%2Ffca88ba4-49b5-5ee9-bd03-8660fbea8c9b&uriForGroup=substance%2Fpt%2F7585399%2Bsubstance%2Fpt%2F98884-%3Esubstance%2Fpt%2F144363188%2Bsubstance%2Fpt%2F159185441
69,1361,1,31-022-CAS-13027350,2,skipped,1,多产物反应，按当前课题规则跳过,https://scifinder-n.cas.org/search/reaction/6a58ba6462c3022ca7b601fb/69,https://scifinder-n.cas.org/navigate/?appId=55201971-e75a-4b08-b9a1-a2c09b42c6d6&backKey=6a58ba6462c3022ca7b601fb&backToPage=69&cidValue=816&groupOrdinal=1361&groupViewContextIndicator=false&isFromAllResults=false&isFromAlternateReactionSteps=false&isFromReactionGroup=false&key=6a58ba6462c3022ca7b601fb&metricsOrdinal=1361&ordinal=1&resultType=reaction&resultView=DETAIL&state=searchDetail.reaction&suppressNavigation=false&uiContext=366&uiSubContext=551&uriForDetails=multistep-reaction%2F7ca818b8-7388-5482-9ddb-a36cbf7c89e2&uriForGroup=substance%2Fpt%2F161597393%2Bsubstance%2Fpt%2F85461-%3Esubstance%2Fpt%2F697742942%2Bsubstance%2Fpt%2F699003480
69,1362,1,31-355-CAS-10343848,2,skipped,1,多产物反应，按当前课题规则跳过,https://scifinder-n.cas.org/search/reaction/6a58ba6462c3022ca7b601fb/69,https://scifinder-n.cas.org/navigate/?appId=55201971-e75a-4b08-b9a1-a2c09b42c6d6&backKey=6a58ba6462c3022ca7b601fb&backToPage=69&cidValue=816&groupOrdinal=1362&groupViewContextIndicator=false&isFromAllResults=false&isFromAlternateReactionSteps=false&isFromReactionGroup=false&key=6a58ba6462c3022ca7b601fb&metricsOrdinal=1362&ordinal=1&resultType=reaction&resultView=DETAIL&state=searchDetail.reaction&suppressNavigation=false&uiContext=366&uiSubContext=551&uriForDetails=multistep-reaction%2Fd85c5a88-2705-5a93-af87-f616a747f301&uriForGroup=substance%2Fpt%2F108247%2Bsubstance%2Fpt%2F194874061-%3Esubstance%2Fpt%2F1191090864%2Bsubstance%2Fpt%2F1191090875
69,1363,1,31-022-CAS-5828793,2,skipped,1,多产物反应，按当前课题规则跳过,https://scifinder-n.cas.org/search/reaction/6a58ba6462c3022ca7b601fb/69,https://scifinder-n.cas.org/navigate/?appId=55201971-e75a-4b08-b9a1-a2c09b42c6d6&backKey=6a58ba6462c3022ca7b601fb&backToPage=69&cidValue=816&groupOrdinal=1363&groupViewContextIndicator=false&isFromAllResults=false&isFromAlternateReactionSteps=false&isFromReactionGroup=false&key=6a58ba6462c3022ca7b601fb&metricsOrdinal=1363&ordinal=1&resultType=reaction&resultView=DETAIL&state=searchDetail.reaction&suppressNavigation=false&uiContext=366&uiSubContext=551&uriForDetails=multistep-reaction%2F589cfd40-fcb0-55e5-a6d1-653e8f49940e&uriForGroup=substance%2Fpt%2F17465860%2Bsubstance%2Fpt%2F98599-%3Esubstance%2Fpt%2F97227322%2Bsubstance%2Fpt%2F97227333
69,1364,1,31-353-CAS-7673556,2,skipped,1,多产物反应，按当前课题规则跳过,https://scifinder-n.cas.org/search/reaction/6a58ba6462c3022ca7b601fb/69,https://scifinder-n.cas.org/navigate/?appId=55201971-e75a-4b08-b9a1-a2c09b42c6d6&backKey=6a58ba6462c3022ca7b601fb&backToPage=69&cidValue=816&groupOrdinal=1364&groupViewContextIndicator=false&isFromAllResults=false&isFromAlternateReactionSteps=false&isFromReactionGroup=false&key=6a58ba6462c3022ca7b601fb&metricsOrdinal=1364&ordinal=1&resultType=reaction&resultView=DETAIL&state=searchDetail.reaction&suppressNavigation=false&uiContext=366&uiSubContext=551&uriForDetails=multistep-reaction%2F5e49c405-d207-5f0d-9175-b646557cc656&uriForGroup=substance%2Fpt%2F15098698%2Bsubstance%2Fpt%2F205386727-%3Esubstance%2Fpt%2F423118563%2Bsubstance%2Fpt%2F423118574
69,1365,1,31-170-CAS-19133980,2,skipped,1,多产物反应，按当前课题规则跳过,https://scifinder-n.cas.org/search/reaction/6a58ba6462c3022ca7b601fb/69,https://scifinder-n.cas.org/navigate/?appId=55201971-e75a-4b08-b9a1-a2c09b42c6d6&backKey=6a58ba6462c3022ca7b601fb&backToPage=69&cidValue=816&groupOrdinal=1365&groupViewContextIndicator=false&isFromAllResults=false&isFromAlternateReactionSteps=false&isFromReactionGroup=false&key=6a58ba6462c3022ca7b601fb&metricsOrdinal=1365&ordinal=1&resultType=reaction&resultView=DETAIL&state=searchDetail.reaction&suppressNavigation=false&uiContext=366&uiSubContext=551&uriForDetails=multistep-reaction%2Ff20c6680-30d4-5437-b19e-95c3248dce76&uriForGroup=substance%2Fpt%2F141339540%2Bsubstance%2Fpt%2F73366720-%3Esubstance%2Fpt%2F2222983802%2Bsubstance%2Fpt%2F2222983813
69,1366,1,31-008-CAS-9834882,2,skipped,1,多产物反应，按当前课题规则跳过,https://scifinder-n.cas.org/search/reaction/6a58ba6462c3022ca7b601fb/69,https://scifinder-n.cas.org/navigate/?appId=55201971-e75a-4b08-b9a1-a2c09b42c6d6&backKey=6a58ba6462c3022ca7b601fb&backToPage=69&cidValue=816&groupOrdinal=1366&groupViewContextIndicator=false&isFromAllResults=false&isFromAlternateReactionSteps=false&isFromReactionGroup=false&key=6a58ba6462c3022ca7b601fb&metricsOrdinal=1366&ordinal=1&resultType=reaction&resultView=DETAIL&state=searchDetail.reaction&suppressNavigation=false&uiContext=366&uiSubContext=551&uriForDetails=multistep-reaction%2F6a70b283-b976-54cf-9a53-50246c6a06a4&uriForGroup=substance%2Fpt%2F107993%2Bsubstance%2Fpt%2F3162967-%3Esubstance%2Fpt%2F496854729%2Bsubstance%2Fpt%2F496854912
69,1367,1,31-008-CAS-2146116,2,skipped,1,多产物反应，按当前课题规则跳过,https://scifinder-n.cas.org/search/reaction/6a58ba6462c3022ca7b601fb/69,https://scifinder-n.cas.org/navigate/?appId=55201971-e75a-4b08-b9a1-a2c09b42c6d6&backKey=6a58ba6462c3022ca7b601fb&backToPage=69&cidValue=816&groupOrdinal=1367&groupViewContextIndicator=false&isFromAllResults=false&isFromAlternateReactionSteps=false&isFromReactionGroup=false&key=6a58ba6462c3022ca7b601fb&metricsOrdinal=1367&ordinal=1&resultType=reaction&resultView=DETAIL&state=searchDetail.reaction&suppressNavigation=false&uiContext=366&uiSubContext=551&uriForDetails=multistep-reaction%2Fcfe5d45f-143b-5321-a8de-4761968abb03&uriForGroup=substance%2Fpt%2F107993%2Bsubstance%2Fpt%2F3162967%2Bsubstance%2Fpt%2F57701276-%3Esubstance%2Fpt%2F496854729%2Bsubstance%2Fpt%2F496854912
69,1368,1,31-011-CAS-18480919,2,skipped,1,多产物反应，按当前课题规则跳过,https://scifinder-n.cas.org/search/reaction/6a58ba6462c3022ca7b601fb/69,https://scifinder-n.cas.org/navigate/?appId=55201971-e75a-4b08-b9a1-a2c09b42c6d6&backKey=6a58ba6462c3022ca7b601fb&backToPage=69&cidValue=816&groupOrdinal=1368&groupViewContextIndicator=false&isFromAllResults=false&isFromAlternateReactionSteps=false&isFromReactionGroup=false&key=6a58ba6462c3022ca7b601fb&metricsOrdinal=1368&ordinal=1&resultType=reaction&resultView=DETAIL&state=searchDetail.reaction&suppressNavigation=false&uiContext=366&uiSubContext=551&uriForDetails=multistep-reaction%2F0291d71c-3cf7-5a1e-9d8a-6afbbb8844b6&uriForGroup=substance%2Fpt%2F1143915%2Bsubstance%2Fpt%2F15354297-%3Esubstance%2Fpt%2F82186092%2Bsubstance%2Fpt%2F82186105
69,1369,1,31-008-CAS-86695,2,skipped,1,多产物反应，按当前课题规则跳过,https://scifinder-n.cas.org/search/reaction/6a58ba6462c3022ca7b601fb/69,https://scifinder-n.cas.org/navigate/?appId=55201971-e75a-4b08-b9a1-a2c09b42c6d6&backKey=6a58ba6462c3022ca7b601fb&backToPage=69&cidValue=816&groupOrdinal=1369&groupViewContextIndicator=false&isFromAllResults=false&isFromAlternateReactionSteps=false&isFromReactionGroup=false&key=6a58ba6462c3022ca7b601fb&metricsOrdinal=1369&ordinal=1&resultType=reaction&resultView=DETAIL&state=searchDetail.reaction&suppressNavigation=false&uiContext=366&uiSubContext=551&uriForDetails=multistep-reaction%2F0335c610-db55-522d-a296-cf9ff29aae94&uriForGroup=substance%2Fpt%2F1863043199-%3Esubstance%2Fpt%2F1863043202%2Bsubstance%2Fpt%2F1863043213
69,1370,1,31-008-CAS-10086692,2,skipped,1,多产物反应，按当前课题规则跳过,https://scifinder-n.cas.org/search/reaction/6a58ba6462c3022ca7b601fb/69,https://scifinder-n.cas.org/navigate/?appId=55201971-e75a-4b08-b9a1-a2c09b42c6d6&backKey=6a58ba6462c3022ca7b601fb&backToPage=69&cidValue=816&groupOrdinal=1370&groupViewContextIndicator=false&isFromAllResults=false&isFromAlternateReactionSteps=false&isFromReactionGroup=false&key=6a58ba6462c3022ca7b601fb&metricsOrdinal=1370&ordinal=1&resultType=reaction&resultView=DETAIL&state=searchDetail.reaction&suppressNavigation=false&uiContext=366&uiSubContext=551&uriForDetails=multistep-reaction%2F060f7cf3-4e6c-500e-9883-a2076f26b8c9&uriForGroup=substance%2Fpt%2F14155238%2Bsubstance%2Fpt%2F4196354-%3Esubstance%2Fpt%2F101068079%2Bsubstance%2Fpt%2F101125966
69,1371,1,31-357-CAS-4335903,2,skipped,1,多产物反应，按当前课题规则跳过,https://scifinder-n.cas.org/search/reaction/6a58ba6462c3022ca7b601fb/69,https://scifinder-n.cas.org/navigate/?appId=55201971-e75a-4b08-b9a1-a2c09b42c6d6&backKey=6a58ba6462c3022ca7b601fb&backToPage=69&cidValue=816&groupOrdinal=1371&groupViewContextIndicator=false&isFromAllResults=false&isFromAlternateReactionSteps=false&isFromReactionGroup=false&key=6a58ba6462c3022ca7b601fb&metricsOrdinal=1371&ordinal=1&resultType=reaction&resultView=DETAIL&state=searchDetail.reaction&suppressNavigation=false&uiContext=366&uiSubContext=551&uriForDetails=multistep-reaction%2F06fd7b3c-3d87-57c1-af87-e49b7ee80387&uriForGroup=substance%2Fpt%2F1579722%2Bsubstance%2Fpt%2F71117378-%3Esubstance%2Fpt%2F118246052%2Bsubstance%2Fpt%2F138811322
69,1372,1,31-008-CAS-1829042,2,skipped,1,多产物反应，按当前课题规则跳过,https://scifinder-n.cas.org/search/reaction/6a58ba6462c3022ca7b601fb/69,https://scifinder-n.cas.org/navigate/?appId=55201971-e75a-4b08-b9a1-a2c09b42c6d6&backKey=6a58ba6462c3022ca7b601fb&backToPage=69&cidValue=816&groupOrdinal=1372&groupViewContextIndicator=false&isFromAllResults=false&isFromAlternateReactionSteps=false&isFromReactionGroup=false&key=6a58ba6462c3022ca7b601fb&metricsOrdinal=1372&ordinal=1&resultType=reaction&resultView=DETAIL&state=searchDetail.reaction&suppressNavigation=false&uiContext=366&uiSubContext=551&uriForDetails=multistep-reaction%2F07d2cc0e-66be-56ae-a497-f97aa5ac4c55&uriForGroup=substance%2Fpt%2F173326380%2Bsubstance%2Fpt%2F824942-%3Esubstance%2Fpt%2F904319444%2Bsubstance%2Fpt%2F904319466
69,1373,1,31-011-CAS-18480921,2,skipped,1,多产物反应，按当前课题规则跳过,https://scifinder-n.cas.org/search/reaction/6a58ba6462c3022ca7b601fb/69,https://scifinder-n.cas.org/navigate/?appId=55201971-e75a-4b08-b9a1-a2c09b42c6d6&backKey=6a58ba6462c3022ca7b601fb&backToPage=69&cidValue=816&groupOrdinal=1373&groupViewContextIndicator=false&isFromAllResults=false&isFromAlternateReactionSteps=false&isFromReactionGroup=false&key=6a58ba6462c3022ca7b601fb&metricsOrdinal=1373&ordinal=1&resultType=reaction&resultView=DETAIL&state=searchDetail.reaction&suppressNavigation=false&uiContext=366&uiSubContext=551&uriForDetails=multistep-reaction%2F10739047-74cf-56ef-baf9-9e6d79e3c2b3&uriForGroup=substance%2Fpt%2F1143926%2Bsubstance%2Fpt%2F15354297-%3Esubstance%2Fpt%2F82186116%2Bsubstance%2Fpt%2F82186127
69,1374,1,31-355-CAS-255171,2,skipped,1,多产物反应，按当前课题规则跳过,https://scifinder-n.cas.org/search/reaction/6a58ba6462c3022ca7b601fb/69,https://scifinder-n.cas.org/navigate/?appId=55201971-e75a-4b08-b9a1-a2c09b42c6d6&backKey=6a58ba6462c3022ca7b601fb&backToPage=69&cidValue=816&groupOrdinal=1374&groupViewContextIndicator=false&isFromAllResults=false&isFromAlternateReactionSteps=false&isFromReactionGroup=false&key=6a58ba6462c3022ca7b601fb&metricsOrdinal=1374&ordinal=1&resultType=reaction&resultView=DETAIL&state=searchDetail.reaction&suppressNavigation=false&uiContext=366&uiSubContext=551&uriForDetails=multistep-reaction%2F1146349f-70da-55c9-a76f-340018271257&uriForGroup=substance%2Fpt%2F108247%2Bsubstance%2Fpt%2F64552063-%3Esubstance%2Fpt%2F130195969%2Bsubstance%2Fpt%2F1376449443
69,1375,1,31-022-CAS-4982803,2,skipped,1,多产物反应，按当前课题规则跳过,https://scifinder-n.cas.org/search/reaction/6a58ba6462c3022ca7b601fb/69,https://scifinder-n.cas.org/navigate/?appId=55201971-e75a-4b08-b9a1-a2c09b42c6d6&backKey=6a58ba6462c3022ca7b601fb&backToPage=69&cidValue=816&groupOrdinal=1375&groupViewContextIndicator=false&isFromAllResults=false&isFromAlternateReactionSteps=false&isFromReactionGroup=false&key=6a58ba6462c3022ca7b601fb&metricsOrdinal=1375&ordinal=1&resultType=reaction&resultView=DETAIL&state=searchDetail.reaction&suppressNavigation=false&uiContext=366&uiSubContext=551&uriForDetails=multistep-reaction%2F15c751b1-5680-5848-a777-3a7424dfd041&uriForGroup=substance%2Fpt%2F872594075%2Bsubstance%2Fpt%2F98599-%3Esubstance%2Fpt%2F872594097%2Bsubstance%2Fpt%2F872594111
69,1376,1,31-356-CAS-20333607,2,skipped,1,多产物反应，按当前课题规则跳过,https://scifinder-n.cas.org/search/reaction/6a58ba6462c3022ca7b601fb/69,https://scifinder-n.cas.org/navigate/?appId=55201971-e75a-4b08-b9a1-a2c09b42c6d6&backKey=6a58ba6462c3022ca7b601fb&backToPage=69&cidValue=816&groupOrdinal=1376&groupViewContextIndicator=false&isFromAllResults=false&isFromAlternateReactionSteps=false&isFromReactionGroup=false&key=6a58ba6462c3022ca7b601fb&metricsOrdinal=1376&ordinal=1&resultType=reaction&resultView=DETAIL&state=searchDetail.reaction&suppressNavigation=false&uiContext=366&uiSubContext=551&uriForDetails=multistep-reaction%2F173b5102-fae7-504c-ac89-01e50327d3fe&uriForGroup=substance%2Fpt%2F2360936918%2Bsubstance%2Fpt%2F64197-%3Esubstance%2Fpt%2F2360937080%2Bsubstance%2Fpt%2F2360937091
69,1377,1,31-355-CAS-2830809,2,skipped,1,多产物反应，按当前课题规则跳过,https://scifinder-n.cas.org/search/reaction/6a58ba6462c3022ca7b601fb/69,https://scifinder-n.cas.org/navigate/?appId=55201971-e75a-4b08-b9a1-a2c09b42c6d6&backKey=6a58ba6462c3022ca7b601fb&backToPage=69&cidValue=816&groupOrdinal=1377&groupViewContextIndicator=false&isFromAllResults=false&isFromAlternateReactionSteps=false&isFromReactionGroup=false&key=6a58ba6462c3022ca7b601fb&metricsOrdinal=1377&ordinal=1&resultType=reaction&resultView=DETAIL&state=searchDetail.reaction&suppressNavigation=false&uiContext=366&uiSubContext=551&uriForDetails=multistep-reaction%2F17b3ef4f-29fe-5787-9402-7505cf738485&uriForGroup=substance%2Fpt%2F108247%2Bsubstance%2Fpt%2F3162967-%3Esubstance%2Fpt%2F18031577%2Bsubstance%2Fpt%2F25577406
69,1378,1,31-022-CAS-16077927,2,skipped,1,多产物反应，按当前课题规则跳过,https://scifinder-n.cas.org/search/reaction/6a58ba6462c3022ca7b601fb/69,https://scifinder-n.cas.org/navigate/?appId=55201971-e75a-4b08-b9a1-a2c09b42c6d6&backKey=6a58ba6462c3022ca7b601fb&backToPage=69&cidValue=816&groupOrdinal=1378&groupViewContextIndicator=false&isFromAllResults=false&isFromAlternateReactionSteps=false&isFromReactionGroup=false&key=6a58ba6462c3022ca7b601fb&metricsOrdinal=1378&ordinal=1&resultType=reaction&resultView=DETAIL&state=searchDetail.reaction&suppressNavigation=false&uiContext=366&uiSubContext=551&uriForDetails=multistep-reaction%2F1fc08e80-f043-5bb9-b8b0-478593d86dfd&uriForGroup=substance%2Fpt%2F1627175443-%3Esubstance%2Fpt%2F1622257913%2Bsubstance%2Fpt%2F1622257924
69,1379,1,31-008-CAS-12616504,2,skipped,1,多产物反应，按当前课题规则跳过,https://scifinder-n.cas.org/search/reaction/6a58ba6462c3022ca7b601fb/69,https://scifinder-n.cas.org/navigate/?appId=55201971-e75a-4b08-b9a1-a2c09b42c6d6&backKey=6a58ba6462c3022ca7b601fb&backToPage=69&cidValue=816&groupOrdinal=1379&groupViewContextIndicator=false&isFromAllResults=false&isFromAlternateReactionSteps=false&isFromReactionGroup=false&key=6a58ba6462c3022ca7b601fb&metricsOrdinal=1379&ordinal=1&resultType=reaction&resultView=DETAIL&state=searchDetail.reaction&suppressNavigation=false&uiContext=366&uiSubContext=551&uriForDetails=multistep-reaction%2F20a56b54-cb00-51a9-b322-3f42d8d7e9c6&uriForGroup=substance%2Fpt%2F64552063%2Bsubstance%2Fpt%2F939264-%3Esubstance%2Fpt%2F1400786324%2Bsubstance%2Fpt%2F1400786335
69,1380,1,31-357-CAS-6475423,2,skipped,1,多产物反应，按当前课题规则跳过,https://scifinder-n.cas.org/search/reaction/6a58ba6462c3022ca7b601fb/69,https://scifinder-n.cas.org/navigate/?appId=55201971-e75a-4b08-b9a1-a2c09b42c6d6&backKey=6a58ba6462c3022ca7b601fb&backToPage=69&cidValue=816&groupOrdinal=1380&groupViewContextIndicator=false&isFromAllResults=false&isFromAlternateReactionSteps=false&isFromReactionGroup=false&key=6a58ba6462c3022ca7b601fb&metricsOrdinal=1380&ordinal=1&resultType=reaction&resultView=DETAIL&state=searchDetail.reaction&suppressNavigation=false&uiContext=366&uiSubContext=551&uriForDetails=multistep-reaction%2F236fb7b8-b885-5bb7-aa42-6e6664e9042d&uriForGroup=substance%2Fpt%2F71117378%2Bsubstance%2Fpt%2F769788-%3Esubstance%2Fpt%2F118246052%2Bsubstance%2Fpt%2F138811322
70,1381,1,31-355-CAS-11695754,2,skipped,1,多产物反应，按当前课题规则跳过,https://scifinder-n.cas.org/search/reaction/6a58ba6462c3022ca7b601fb/70,https://scifinder-n.cas.org/navigate/?appId=36a7dadc-8000-4d1e-a7fd-70b5817fb833&backKey=6a58ba6462c3022ca7b601fb&backToPage=70&cidValue=816&groupOrdinal=1381&groupViewContextIndicator=false&isFromAllResults=false&isFromAlternateReactionSteps=false&isFromReactionGroup=false&key=6a58ba6462c3022ca7b601fb&metricsOrdinal=1381&ordinal=1&resultType=reaction&resultView=DETAIL&state=searchDetail.reaction&suppressNavigation=false&uiContext=366&uiSubContext=551&uriForDetails=multistep-reaction%2F25294357-a12e-5dae-81ca-3fad8eb88fad&uriForGroup=substance%2Fpt%2F108247%2Bsubstance%2Fpt%2F51918888-%3Esubstance%2Fpt%2F105621587%2Bsubstance%2Fpt%2F131233879
70,1382,1,31-614-CAS-35071319,2,skipped,1,多产物反应，按当前课题规则跳过,https://scifinder-n.cas.org/search/reaction/6a58ba6462c3022ca7b601fb/70,https://scifinder-n.cas.org/navigate/?appId=36a7dadc-8000-4d1e-a7fd-70b5817fb833&backKey=6a58ba6462c3022ca7b601fb&backToPage=70&cidValue=816&groupOrdinal=1382&groupViewContextIndicator=false&isFromAllResults=false&isFromAlternateReactionSteps=false&isFromReactionGroup=false&key=6a58ba6462c3022ca7b601fb&metricsOrdinal=1382&ordinal=1&resultType=reaction&resultView=DETAIL&state=searchDetail.reaction&suppressNavigation=false&uiContext=366&uiSubContext=551&uriForDetails=multistep-reaction%2F2c5af3ab-4d6b-5aa2-ae13-d25926392512&uriForGroup=substance%2Fpt%2F65530269%2Bsubstance%2Fpt%2F824942-%3Esubstance%2Fpt%2F216758622%2Bsubstance%2Fpt%2F798557172
70,1383,1,31-010-CAS-21573876,2,skipped,1,多产物反应，按当前课题规则跳过,https://scifinder-n.cas.org/search/reaction/6a58ba6462c3022ca7b601fb/70,https://scifinder-n.cas.org/navigate/?appId=36a7dadc-8000-4d1e-a7fd-70b5817fb833&backKey=6a58ba6462c3022ca7b601fb&backToPage=70&cidValue=816&groupOrdinal=1383&groupViewContextIndicator=false&isFromAllResults=false&isFromAlternateReactionSteps=false&isFromReactionGroup=false&key=6a58ba6462c3022ca7b601fb&metricsOrdinal=1383&ordinal=1&resultType=reaction&resultView=DETAIL&state=searchDetail.reaction&suppressNavigation=false&uiContext=366&uiSubContext=551&uriForDetails=multistep-reaction%2F2ec72bb2-a816-50fc-9df0-72b60ca30cd4&uriForGroup=substance%2Fpt%2F1235999571%2Bsubstance%2Fpt%2F142831809-%3Esubstance%2Fpt%2F2366995700%2Bsubstance%2Fpt%2F2366995722
70,1384,1,31-356-CAS-21451896,2,skipped,1,多产物反应，按当前课题规则跳过,https://scifinder-n.cas.org/search/reaction/6a58ba6462c3022ca7b601fb/70,https://scifinder-n.cas.org/navigate/?appId=36a7dadc-8000-4d1e-a7fd-70b5817fb833&backKey=6a58ba6462c3022ca7b601fb&backToPage=70&cidValue=816&groupOrdinal=1384&groupViewContextIndicator=false&isFromAllResults=false&isFromAlternateReactionSteps=false&isFromReactionGroup=false&key=6a58ba6462c3022ca7b601fb&metricsOrdinal=1384&ordinal=1&resultType=reaction&resultView=DETAIL&state=searchDetail.reaction&suppressNavigation=false&uiContext=366&uiSubContext=551&uriForDetails=multistep-reaction%2F30aee985-8642-59f3-9a51-9a40b9d3c572&uriForGroup=substance%2Fpt%2F22375060%2Bsubstance%2Fpt%2F3162967-%3Esubstance%2Fpt%2F2409190550%2Bsubstance%2Fpt%2F2409190561
70,1385,1,31-614-CAS-29907470,2,skipped,1,多产物反应，按当前课题规则跳过,https://scifinder-n.cas.org/search/reaction/6a58ba6462c3022ca7b601fb/70,https://scifinder-n.cas.org/navigate/?appId=36a7dadc-8000-4d1e-a7fd-70b5817fb833&backKey=6a58ba6462c3022ca7b601fb&backToPage=70&cidValue=816&groupOrdinal=1385&groupViewContextIndicator=false&isFromAllResults=false&isFromAlternateReactionSteps=false&isFromReactionGroup=false&key=6a58ba6462c3022ca7b601fb&metricsOrdinal=1385&ordinal=1&resultType=reaction&resultView=DETAIL&state=searchDetail.reaction&suppressNavigation=false&uiContext=366&uiSubContext=551&uriForDetails=multistep-reaction%2F3dd818a9-1ac7-5ca9-bef6-f65863a30e47&uriForGroup=substance%2Fpt%2F126332090%2Bsubstance%2Fpt%2F17465860-%3Esubstance%2Fpt%2F126332078%2Bsubstance%2Fpt%2F126332089
70,1386,1,31-355-CAS-9573896,2,skipped,1,多产物反应，按当前课题规则跳过,https://scifinder-n.cas.org/search/reaction/6a58ba6462c3022ca7b601fb/70,https://scifinder-n.cas.org/navigate/?appId=36a7dadc-8000-4d1e-a7fd-70b5817fb833&backKey=6a58ba6462c3022ca7b601fb&backToPage=70&cidValue=816&groupOrdinal=1386&groupViewContextIndicator=false&isFromAllResults=false&isFromAlternateReactionSteps=false&isFromReactionGroup=false&key=6a58ba6462c3022ca7b601fb&metricsOrdinal=1386&ordinal=1&resultType=reaction&resultView=DETAIL&state=searchDetail.reaction&suppressNavigation=false&uiContext=366&uiSubContext=551&uriForDetails=multistep-reaction%2F423bf463-e9b8-5713-a195-37304285d3e1&uriForGroup=substance%2Fpt%2F108247%2Bsubstance%2Fpt%2F73045575-%3Esubstance%2Fpt%2F93636294%2Bsubstance%2Fpt%2F93636307
70,1387,1,31-008-CAS-9120546,2,skipped,1,多产物反应，按当前课题规则跳过,https://scifinder-n.cas.org/search/reaction/6a58ba6462c3022ca7b601fb/70,https://scifinder-n.cas.org/navigate/?appId=36a7dadc-8000-4d1e-a7fd-70b5817fb833&backKey=6a58ba6462c3022ca7b601fb&backToPage=70&cidValue=816&groupOrdinal=1387&groupViewContextIndicator=false&isFromAllResults=false&isFromAlternateReactionSteps=false&isFromReactionGroup=false&key=6a58ba6462c3022ca7b601fb&metricsOrdinal=1387&ordinal=1&resultType=reaction&resultView=DETAIL&state=searchDetail.reaction&suppressNavigation=false&uiContext=366&uiSubContext=551&uriForDetails=multistep-reaction%2F43087bcb-4b78-5768-a6ac-f12322e7e846&uriForGroup=substance%2Fpt%2F106967%2Bsubstance%2Fpt%2F53958477-%3Esubstance%2Fpt%2F1415579144%2Bsubstance%2Fpt%2F1415579155
70,1388,1,31-357-CAS-100129,2,skipped,1,多产物反应，按当前课题规则跳过,https://scifinder-n.cas.org/search/reaction/6a58ba6462c3022ca7b601fb/70,https://scifinder-n.cas.org/navigate/?appId=36a7dadc-8000-4d1e-a7fd-70b5817fb833&backKey=6a58ba6462c3022ca7b601fb&backToPage=70&cidValue=816&groupOrdinal=1388&groupViewContextIndicator=false&isFromAllResults=false&isFromAlternateReactionSteps=false&isFromReactionGroup=false&key=6a58ba6462c3022ca7b601fb&metricsOrdinal=1388&ordinal=1&resultType=reaction&resultView=DETAIL&state=searchDetail.reaction&suppressNavigation=false&uiContext=366&uiSubContext=551&uriForDetails=multistep-reaction%2F44d0fbaf-726e-5bf9-a0fe-6e447e586175&uriForGroup=substance%2Fpt%2F57701276%2Bsubstance%2Fpt%2F769788-%3Esubstance%2Fpt%2F75829639%2Bsubstance%2Fpt%2F80041301
70,1389,1,31-614-CAS-36136820,2,skipped,1,多产物反应，按当前课题规则跳过,https://scifinder-n.cas.org/search/reaction/6a58ba6462c3022ca7b601fb/70,https://scifinder-n.cas.org/navigate/?appId=36a7dadc-8000-4d1e-a7fd-70b5817fb833&backKey=6a58ba6462c3022ca7b601fb&backToPage=70&cidValue=816&groupOrdinal=1389&groupViewContextIndicator=false&isFromAllResults=false&isFromAlternateReactionSteps=false&isFromReactionGroup=false&key=6a58ba6462c3022ca7b601fb&metricsOrdinal=1389&ordinal=1&resultType=reaction&resultView=DETAIL&state=searchDetail.reaction&suppressNavigation=false&uiContext=366&uiSubContext=551&uriForDetails=multistep-reaction%2F485084bc-7bf5-5709-8bef-6c2169ea0c6b&uriForGroup=substance%2Fpt%2F936549983%2Bsubstance%2Fpt%2F93970-%3Esubstance%2Fpt%2F2896741210%2Bsubstance%2Fpt%2F2918794020
70,1390,1,31-008-CAS-17977536,2,skipped,1,多产物反应，按当前课题规则跳过,https://scifinder-n.cas.org/search/reaction/6a58ba6462c3022ca7b601fb/70,https://scifinder-n.cas.org/navigate/?appId=36a7dadc-8000-4d1e-a7fd-70b5817fb833&backKey=6a58ba6462c3022ca7b601fb&backToPage=70&cidValue=816&groupOrdinal=1390&groupViewContextIndicator=false&isFromAllResults=false&isFromAlternateReactionSteps=false&isFromReactionGroup=false&key=6a58ba6462c3022ca7b601fb&metricsOrdinal=1390&ordinal=1&resultType=reaction&resultView=DETAIL&state=searchDetail.reaction&suppressNavigation=false&uiContext=366&uiSubContext=551&uriForDetails=multistep-reaction%2F495f1e90-d2c8-5904-8a7a-04ab991c53b3&uriForGroup=substance%2Fpt%2F100447%2Bsubstance%2Fpt%2F64552063-%3Esubstance%2Fpt%2F116002347%2Bsubstance%2Fpt%2F156924979
70,1391,1,31-354-CAS-13418088,2,skipped,1,多产物反应，按当前课题规则跳过,https://scifinder-n.cas.org/search/reaction/6a58ba6462c3022ca7b601fb/70,https://scifinder-n.cas.org/navigate/?appId=36a7dadc-8000-4d1e-a7fd-70b5817fb833&backKey=6a58ba6462c3022ca7b601fb&backToPage=70&cidValue=816&groupOrdinal=1391&groupViewContextIndicator=false&isFromAllResults=false&isFromAlternateReactionSteps=false&isFromReactionGroup=false&key=6a58ba6462c3022ca7b601fb&metricsOrdinal=1391&ordinal=1&resultType=reaction&resultView=DETAIL&state=searchDetail.reaction&suppressNavigation=false&uiContext=366&uiSubContext=551&uriForDetails=multistep-reaction%2F49f6600a-d705-5d2f-9a74-d7b6cd5ecc83&uriForGroup=substance%2Fpt%2F144364125%2Bsubstance%2Fpt%2F98884-%3Esubstance%2Fpt%2F144364136%2Bsubstance%2Fpt%2F1807621380
70,1392,1,31-301-CAS-1623241,2,skipped,1,多产物反应，按当前课题规则跳过,https://scifinder-n.cas.org/search/reaction/6a58ba6462c3022ca7b601fb/70,https://scifinder-n.cas.org/navigate/?appId=36a7dadc-8000-4d1e-a7fd-70b5817fb833&backKey=6a58ba6462c3022ca7b601fb&backToPage=70&cidValue=816&groupOrdinal=1392&groupViewContextIndicator=false&isFromAllResults=false&isFromAlternateReactionSteps=false&isFromReactionGroup=false&key=6a58ba6462c3022ca7b601fb&metricsOrdinal=1392&ordinal=1&resultType=reaction&resultView=DETAIL&state=searchDetail.reaction&suppressNavigation=false&uiContext=366&uiSubContext=551&uriForDetails=multistep-reaction%2F4dabe001-7e8f-581f-a791-ab1a4e90c9f8&uriForGroup=substance%2Fpt%2F7512176%2Bsubstance%2Fpt%2F7585399-%3Esubstance%2Fpt%2F203206706%2Bsubstance%2Fpt%2F256397952
70,1393,1,31-354-CAS-14242598,2,skipped,1,多产物反应，按当前课题规则跳过,https://scifinder-n.cas.org/search/reaction/6a58ba6462c3022ca7b601fb/70,https://scifinder-n.cas.org/navigate/?appId=36a7dadc-8000-4d1e-a7fd-70b5817fb833&backKey=6a58ba6462c3022ca7b601fb&backToPage=70&cidValue=816&groupOrdinal=1393&groupViewContextIndicator=false&isFromAllResults=false&isFromAlternateReactionSteps=false&isFromReactionGroup=false&key=6a58ba6462c3022ca7b601fb&metricsOrdinal=1393&ordinal=1&resultType=reaction&resultView=DETAIL&state=searchDetail.reaction&suppressNavigation=false&uiContext=366&uiSubContext=551&uriForDetails=multistep-reaction%2F51b2ef69-df78-5e94-a9f3-b8a0035847f9&uriForGroup=substance%2Fpt%2F144367317%2Bsubstance%2Fpt%2F75365-%3Esubstance%2Fpt%2F1447729318%2Bsubstance%2Fpt%2F1447729523
70,1394,1,31-356-CAS-9519336,2,skipped,1,多产物反应，按当前课题规则跳过,https://scifinder-n.cas.org/search/reaction/6a58ba6462c3022ca7b601fb/70,https://scifinder-n.cas.org/navigate/?appId=36a7dadc-8000-4d1e-a7fd-70b5817fb833&backKey=6a58ba6462c3022ca7b601fb&backToPage=70&cidValue=816&groupOrdinal=1394&groupViewContextIndicator=false&isFromAllResults=false&isFromAlternateReactionSteps=false&isFromReactionGroup=false&key=6a58ba6462c3022ca7b601fb&metricsOrdinal=1394&ordinal=1&resultType=reaction&resultView=DETAIL&state=searchDetail.reaction&suppressNavigation=false&uiContext=366&uiSubContext=551&uriForDetails=multistep-reaction%2F5c9ab565-22e2-505a-91f4-1d29c2419c44&uriForGroup=substance%2Fpt%2F15098698%2Bsubstance%2Fpt%2F205386727-%3Esubstance%2Fpt%2F423118541%2Bsubstance%2Fpt%2F423118552
70,1395,1,31-356-CAS-20333606,2,skipped,1,多产物反应，按当前课题规则跳过,https://scifinder-n.cas.org/search/reaction/6a58ba6462c3022ca7b601fb/70,https://scifinder-n.cas.org/navigate/?appId=36a7dadc-8000-4d1e-a7fd-70b5817fb833&backKey=6a58ba6462c3022ca7b601fb&backToPage=70&cidValue=816&groupOrdinal=1395&groupViewContextIndicator=false&isFromAllResults=false&isFromAlternateReactionSteps=false&isFromReactionGroup=false&key=6a58ba6462c3022ca7b601fb&metricsOrdinal=1395&ordinal=1&resultType=reaction&resultView=DETAIL&state=searchDetail.reaction&suppressNavigation=false&uiContext=366&uiSubContext=551&uriForDetails=multistep-reaction%2F5d2d1af5-a181-5fcd-a602-6d877407ab9d&uriForGroup=substance%2Fpt%2F2360936907%2Bsubstance%2Fpt%2F64197-%3Esubstance%2Fpt%2F2360937068%2Bsubstance%2Fpt%2F2360937079
70,1396,1,31-008-CAS-273710,2,skipped,1,多产物反应，按当前课题规则跳过,https://scifinder-n.cas.org/search/reaction/6a58ba6462c3022ca7b601fb/70,https://scifinder-n.cas.org/navigate/?appId=36a7dadc-8000-4d1e-a7fd-70b5817fb833&backKey=6a58ba6462c3022ca7b601fb&backToPage=70&cidValue=816&groupOrdinal=1396&groupViewContextIndicator=false&isFromAllResults=false&isFromAlternateReactionSteps=false&isFromReactionGroup=false&key=6a58ba6462c3022ca7b601fb&metricsOrdinal=1396&ordinal=1&resultType=reaction&resultView=DETAIL&state=searchDetail.reaction&suppressNavigation=false&uiContext=366&uiSubContext=551&uriForDetails=multistep-reaction%2F5d858c65-6d99-501b-98bb-ba57132fdc0a&uriForGroup=substance%2Fpt%2F26146770%2Bsubstance%2Fpt%2F53958477-%3Esubstance%2Fpt%2F1415579064%2Bsubstance%2Fpt%2F1415579075
70,1397,1,31-358-CAS-14542073,2,skipped,1,多产物反应，按当前课题规则跳过,https://scifinder-n.cas.org/search/reaction/6a58ba6462c3022ca7b601fb/70,https://scifinder-n.cas.org/navigate/?appId=36a7dadc-8000-4d1e-a7fd-70b5817fb833&backKey=6a58ba6462c3022ca7b601fb&backToPage=70&cidValue=816&groupOrdinal=1397&groupViewContextIndicator=false&isFromAllResults=false&isFromAlternateReactionSteps=false&isFromReactionGroup=false&key=6a58ba6462c3022ca7b601fb&metricsOrdinal=1397&ordinal=1&resultType=reaction&resultView=DETAIL&state=searchDetail.reaction&suppressNavigation=false&uiContext=366&uiSubContext=551&uriForDetails=multistep-reaction%2F2eb453b2-ab03-58d7-bc99-eb2a9b2bd020&uriForGroup=substance%2Fpt%2F10364939%2Bsubstance%2Fpt%2F7585399-%3Esubstance%2Fpt%2F1179857396%2Bsubstance%2Fpt%2F1179857421
70,1397,2,31-358-CAS-13443585,2,skipped,1,多产物反应，按当前课题规则跳过,https://scifinder-n.cas.org/search/reaction/6a58ba6462c3022ca7b601fb/70,https://scifinder-n.cas.org/navigate/?appId=36a7dadc-8000-4d1e-a7fd-70b5817fb833&backKey=6a58ba6462c3022ca7b601fb&backToPage=70&cidValue=816&groupOrdinal=1397&groupViewContextIndicator=false&isFromAllResults=false&isFromAlternateReactionSteps=false&isFromReactionGroup=false&key=6a58ba6462c3022ca7b601fb&metricsOrdinal=1397&ordinal=2&resultType=reaction&resultView=DETAIL&state=searchDetail.reaction&suppressNavigation=false&uiContext=366&uiSubContext=551&uriForDetails=multistep-reaction%2F62e0d49e-5953-5c06-b4a2-165003fce0c6&uriForGroup=substance%2Fpt%2F10364939%2Bsubstance%2Fpt%2F7585399-%3Esubstance%2Fpt%2F1179857396%2Bsubstance%2Fpt%2F1179857421
70,1398,1,31-013-CAS-8963552,2,skipped,1,多产物反应，按当前课题规则跳过,https://scifinder-n.cas.org/search/reaction/6a58ba6462c3022ca7b601fb/70,https://scifinder-n.cas.org/navigate/?appId=36a7dadc-8000-4d1e-a7fd-70b5817fb833&backKey=6a58ba6462c3022ca7b601fb&backToPage=70&cidValue=816&groupOrdinal=1398&groupViewContextIndicator=false&isFromAllResults=false&isFromAlternateReactionSteps=false&isFromReactionGroup=false&key=6a58ba6462c3022ca7b601fb&metricsOrdinal=1398&ordinal=1&resultType=reaction&resultView=DETAIL&state=searchDetail.reaction&suppressNavigation=false&uiContext=366&uiSubContext=551&uriForDetails=multistep-reaction%2F63e5c028-1ee9-5425-a9a5-9fc1a45af65f&uriForGroup=substance%2Fpt%2F108032935%2Bsubstance%2Fpt%2F51918888-%3Esubstance%2Fpt%2F1220807259%2Bsubstance%2Fpt%2F1220807271
70,1399,1,31-022-CAS-2402002,2,skipped,1,多产物反应，按当前课题规则跳过,https://scifinder-n.cas.org/search/reaction/6a58ba6462c3022ca7b601fb/70,https://scifinder-n.cas.org/navigate/?appId=36a7dadc-8000-4d1e-a7fd-70b5817fb833&backKey=6a58ba6462c3022ca7b601fb&backToPage=70&cidValue=816&groupOrdinal=1399&groupViewContextIndicator=false&isFromAllResults=false&isFromAlternateReactionSteps=false&isFromReactionGroup=false&key=6a58ba6462c3022ca7b601fb&metricsOrdinal=1399&ordinal=1&resultType=reaction&resultView=DETAIL&state=searchDetail.reaction&suppressNavigation=false&uiContext=366&uiSubContext=551&uriForDetails=multistep-reaction%2F64d4e28e-b538-5f25-b653-8643a1d5437b&uriForGroup=substance%2Fpt%2F293759236-%3Esubstance%2Fpt%2F876659993%2Bsubstance%2Fpt%2F876660003
70,1400,1,31-357-CAS-13473808,2,skipped,1,多产物反应，按当前课题规则跳过,https://scifinder-n.cas.org/search/reaction/6a58ba6462c3022ca7b601fb/70,https://scifinder-n.cas.org/navigate/?appId=36a7dadc-8000-4d1e-a7fd-70b5817fb833&backKey=6a58ba6462c3022ca7b601fb&backToPage=70&cidValue=816&groupOrdinal=1400&groupViewContextIndicator=false&isFromAllResults=false&isFromAlternateReactionSteps=false&isFromReactionGroup=false&key=6a58ba6462c3022ca7b601fb&metricsOrdinal=1400&ordinal=1&resultType=reaction&resultView=DETAIL&state=searchDetail.reaction&suppressNavigation=false&uiContext=366&uiSubContext=551&uriForDetails=multistep-reaction%2F65791743-1c6a-51a0-8702-146edf774325&uriForGroup=substance%2Fpt%2F1579722%2Bsubstance%2Fpt%2F57701276-%3Esubstance%2Fpt%2F75829639%2Bsubstance%2Fpt%2F80041301
71,1401,1,31-022-CAS-8243757,2,skipped,1,多产物反应，按当前课题规则跳过,https://scifinder-n.cas.org/search/reaction/6a58ba6462c3022ca7b601fb/71,https://scifinder-n.cas.org/navigate/?appId=69e35cba-c214-4d5b-b9d0-8c04bd667bfe&backKey=6a58ba6462c3022ca7b601fb&backToPage=71&cidValue=816&groupOrdinal=1401&groupViewContextIndicator=false&isFromAllResults=false&isFromAlternateReactionSteps=false&isFromReactionGroup=false&key=6a58ba6462c3022ca7b601fb&metricsOrdinal=1401&ordinal=1&resultType=reaction&resultView=DETAIL&state=searchDetail.reaction&suppressNavigation=false&uiContext=366&uiSubContext=551&uriForDetails=multistep-reaction%2F66a9952a-647e-51c6-9000-afc345f04aa9&uriForGroup=substance%2Fpt%2F828252795%2Bsubstance%2Fpt%2F98599-%3Esubstance%2Fpt%2F828252820%2Bsubstance%2Fpt%2F828252897
71,1402,1,31-357-CAS-12151717,2,skipped,1,多产物反应，按当前课题规则跳过,https://scifinder-n.cas.org/search/reaction/6a58ba6462c3022ca7b601fb/71,https://scifinder-n.cas.org/navigate/?appId=69e35cba-c214-4d5b-b9d0-8c04bd667bfe&backKey=6a58ba6462c3022ca7b601fb&backToPage=71&cidValue=816&groupOrdinal=1402&groupViewContextIndicator=false&isFromAllResults=false&isFromAlternateReactionSteps=false&isFromReactionGroup=false&key=6a58ba6462c3022ca7b601fb&metricsOrdinal=1402&ordinal=1&resultType=reaction&resultView=DETAIL&state=searchDetail.reaction&suppressNavigation=false&uiContext=366&uiSubContext=551&uriForDetails=multistep-reaction%2F673704e7-25b9-57d8-89b2-db1b3f7c9824&uriForGroup=substance%2Fpt%2F10016203%2Bsubstance%2Fpt%2F1185863620-%3Esubstance%2Fpt%2F1159217705%2Bsubstance%2Fpt%2F1159217716
71,1403,1,31-354-CAS-14361023,2,skipped,1,多产物反应，按当前课题规则跳过,https://scifinder-n.cas.org/search/reaction/6a58ba6462c3022ca7b601fb/71,https://scifinder-n.cas.org/navigate/?appId=69e35cba-c214-4d5b-b9d0-8c04bd667bfe&backKey=6a58ba6462c3022ca7b601fb&backToPage=71&cidValue=816&groupOrdinal=1403&groupViewContextIndicator=false&isFromAllResults=false&isFromAlternateReactionSteps=false&isFromReactionGroup=false&key=6a58ba6462c3022ca7b601fb&metricsOrdinal=1403&ordinal=1&resultType=reaction&resultView=DETAIL&state=searchDetail.reaction&suppressNavigation=false&uiContext=366&uiSubContext=551&uriForDetails=multistep-reaction%2F6d68bddc-cac7-5501-ad19-abb3794f19e6&uriForGroup=substance%2Fpt%2F4148587%2Bsubstance%2Fpt%2F541413-%3Esubstance%2Fpt%2F103559611%2Bsubstance%2Fpt%2F103619303
71,1404,1,31-614-CAS-35071313,2,skipped,1,多产物反应，按当前课题规则跳过,https://scifinder-n.cas.org/search/reaction/6a58ba6462c3022ca7b601fb/71,https://scifinder-n.cas.org/navigate/?appId=69e35cba-c214-4d5b-b9d0-8c04bd667bfe&backKey=6a58ba6462c3022ca7b601fb&backToPage=71&cidValue=816&groupOrdinal=1404&groupViewContextIndicator=false&isFromAllResults=false&isFromAlternateReactionSteps=false&isFromReactionGroup=false&key=6a58ba6462c3022ca7b601fb&metricsOrdinal=1404&ordinal=1&resultType=reaction&resultView=DETAIL&state=searchDetail.reaction&suppressNavigation=false&uiContext=366&uiSubContext=551&uriForDetails=multistep-reaction%2F6f53ed1d-fa71-53c7-b6af-f002584fc008&uriForGroup=substance%2Fpt%2F589151%2Bsubstance%2Fpt%2F65530269-%3Esubstance%2Fpt%2F1863119098%2Bsubstance%2Fpt%2F2763631601
71,1405,1,31-022-CAS-717404,2,skipped,1,多产物反应，按当前课题规则跳过,https://scifinder-n.cas.org/search/reaction/6a58ba6462c3022ca7b601fb/71,https://scifinder-n.cas.org/navigate/?appId=69e35cba-c214-4d5b-b9d0-8c04bd667bfe&backKey=6a58ba6462c3022ca7b601fb&backToPage=71&cidValue=816&groupOrdinal=1405&groupViewContextIndicator=false&isFromAllResults=false&isFromAlternateReactionSteps=false&isFromReactionGroup=false&key=6a58ba6462c3022ca7b601fb&metricsOrdinal=1405&ordinal=1&resultType=reaction&resultView=DETAIL&state=searchDetail.reaction&suppressNavigation=false&uiContext=366&uiSubContext=551&uriForDetails=multistep-reaction%2F09dd38ee-c8dd-5a17-8cda-6d9c6482a6c0&uriForGroup=substance%2Fpt%2F57701276%2Bsubstance%2Fpt%2F98748-%3Esubstance%2Fpt%2F1499140349%2Bsubstance%2Fpt%2F1499140361
71,1405,2,31-022-CAS-14117534,2,skipped,1,多产物反应，按当前课题规则跳过,https://scifinder-n.cas.org/search/reaction/6a58ba6462c3022ca7b601fb/71,https://scifinder-n.cas.org/navigate/?appId=69e35cba-c214-4d5b-b9d0-8c04bd667bfe&backKey=6a58ba6462c3022ca7b601fb&backToPage=71&cidValue=816&groupOrdinal=1405&groupViewContextIndicator=false&isFromAllResults=false&isFromAlternateReactionSteps=false&isFromReactionGroup=false&key=6a58ba6462c3022ca7b601fb&metricsOrdinal=1405&ordinal=2&resultType=reaction&resultView=DETAIL&state=searchDetail.reaction&suppressNavigation=false&uiContext=366&uiSubContext=551&uriForDetails=multistep-reaction%2F7000679b-b3f5-51a8-8487-61693e5a39fb&uriForGroup=substance%2Fpt%2F57701276%2Bsubstance%2Fpt%2F98748-%3Esubstance%2Fpt%2F1499140349%2Bsubstance%2Fpt%2F1499140361
71,1406,1,31-010-CAS-16992686,2,skipped,1,多产物反应，按当前课题规则跳过,https://scifinder-n.cas.org/search/reaction/6a58ba6462c3022ca7b601fb/71,https://scifinder-n.cas.org/navigate/?appId=69e35cba-c214-4d5b-b9d0-8c04bd667bfe&backKey=6a58ba6462c3022ca7b601fb&backToPage=71&cidValue=816&groupOrdinal=1406&groupViewContextIndicator=false&isFromAllResults=false&isFromAlternateReactionSteps=false&isFromReactionGroup=false&key=6a58ba6462c3022ca7b601fb&metricsOrdinal=1406&ordinal=1&resultType=reaction&resultView=DETAIL&state=searchDetail.reaction&suppressNavigation=false&uiContext=366&uiSubContext=551&uriForDetails=multistep-reaction%2F7304d457-c674-5c90-9663-1e26b1b5abb1&uriForGroup=substance%2Fpt%2F150607968%2Bsubstance%2Fpt%2F2078003877-%3Esubstance%2Fpt%2F2078003888%2Bsubstance%2Fpt%2F2078003899
71,1407,1,31-008-CAS-3893855,2,skipped,1,多产物反应，按当前课题规则跳过,https://scifinder-n.cas.org/search/reaction/6a58ba6462c3022ca7b601fb/71,https://scifinder-n.cas.org/navigate/?appId=69e35cba-c214-4d5b-b9d0-8c04bd667bfe&backKey=6a58ba6462c3022ca7b601fb&backToPage=71&cidValue=816&groupOrdinal=1407&groupViewContextIndicator=false&isFromAllResults=false&isFromAlternateReactionSteps=false&isFromReactionGroup=false&key=6a58ba6462c3022ca7b601fb&metricsOrdinal=1407&ordinal=1&resultType=reaction&resultView=DETAIL&state=searchDetail.reaction&suppressNavigation=false&uiContext=366&uiSubContext=551&uriForDetails=multistep-reaction%2F760b9b39-d2c9-50b8-864b-51e721b6b638&uriForGroup=substance%2Fpt%2F4288931%2Bsubstance%2Fpt%2F74884-%3Esubstance%2Fpt%2F28542076%2Bsubstance%2Fpt%2F59055560
71,1408,1,31-022-CAS-20448312,2,skipped,1,多产物反应，按当前课题规则跳过,https://scifinder-n.cas.org/search/reaction/6a58ba6462c3022ca7b601fb/71,https://scifinder-n.cas.org/navigate/?appId=69e35cba-c214-4d5b-b9d0-8c04bd667bfe&backKey=6a58ba6462c3022ca7b601fb&backToPage=71&cidValue=816&groupOrdinal=1408&groupViewContextIndicator=false&isFromAllResults=false&isFromAlternateReactionSteps=false&isFromReactionGroup=false&key=6a58ba6462c3022ca7b601fb&metricsOrdinal=1408&ordinal=1&resultType=reaction&resultView=DETAIL&state=searchDetail.reaction&suppressNavigation=false&uiContext=366&uiSubContext=551&uriForDetails=multistep-reaction%2F7753f95f-b969-5878-b9d1-5327f5fc1ccc&uriForGroup=substance%2Fpt%2F71117378%2Bsubstance%2Fpt%2F926309106-%3Esubstance%2Fpt%2F2365075972%2Bsubstance%2Fpt%2F2365075983
71,1409,1,31-011-CAS-18480922,2,skipped,1,多产物反应，按当前课题规则跳过,https://scifinder-n.cas.org/search/reaction/6a58ba6462c3022ca7b601fb/71,https://scifinder-n.cas.org/navigate/?appId=69e35cba-c214-4d5b-b9d0-8c04bd667bfe&backKey=6a58ba6462c3022ca7b601fb&backToPage=71&cidValue=816&groupOrdinal=1409&groupViewContextIndicator=false&isFromAllResults=false&isFromAlternateReactionSteps=false&isFromReactionGroup=false&key=6a58ba6462c3022ca7b601fb&metricsOrdinal=1409&ordinal=1&resultType=reaction&resultView=DETAIL&state=searchDetail.reaction&suppressNavigation=false&uiContext=366&uiSubContext=551&uriForDetails=multistep-reaction%2F78bf03cb-2f38-5dc9-887e-cbf905277bbc&uriForGroup=substance%2Fpt%2F15354297%2Bsubstance%2Fpt%2F832804-%3Esubstance%2Fpt%2F82186025%2Bsubstance%2Fpt%2F82186138
71,1410,1,31-008-CAS-17966881,2,skipped,1,多产物反应，按当前课题规则跳过,https://scifinder-n.cas.org/search/reaction/6a58ba6462c3022ca7b601fb/71,https://scifinder-n.cas.org/navigate/?appId=69e35cba-c214-4d5b-b9d0-8c04bd667bfe&backKey=6a58ba6462c3022ca7b601fb&backToPage=71&cidValue=816&groupOrdinal=1410&groupViewContextIndicator=false&isFromAllResults=false&isFromAlternateReactionSteps=false&isFromReactionGroup=false&key=6a58ba6462c3022ca7b601fb&metricsOrdinal=1410&ordinal=1&resultType=reaction&resultView=DETAIL&state=searchDetail.reaction&suppressNavigation=false&uiContext=366&uiSubContext=551&uriForDetails=multistep-reaction%2F805f778a-d2e4-5678-a8fc-b5c897f46463&uriForGroup=substance%2Fpt%2F100447%2Bsubstance%2Fpt%2F71117378-%3Esubstance%2Fpt%2F129706930%2Bsubstance%2Fpt%2F130192766
71,1411,1,31-358-CAS-11469715,2,skipped,1,多产物反应，按当前课题规则跳过,https://scifinder-n.cas.org/search/reaction/6a58ba6462c3022ca7b601fb/71,https://scifinder-n.cas.org/navigate/?appId=69e35cba-c214-4d5b-b9d0-8c04bd667bfe&backKey=6a58ba6462c3022ca7b601fb&backToPage=71&cidValue=816&groupOrdinal=1411&groupViewContextIndicator=false&isFromAllResults=false&isFromAlternateReactionSteps=false&isFromReactionGroup=false&key=6a58ba6462c3022ca7b601fb&metricsOrdinal=1411&ordinal=1&resultType=reaction&resultView=DETAIL&state=searchDetail.reaction&suppressNavigation=false&uiContext=366&uiSubContext=551&uriForDetails=multistep-reaction%2F835a62ff-578d-5b9b-83a3-f47685a4b76b&uriForGroup=substance%2Fpt%2F10347112%2Bsubstance%2Fpt%2F7585399-%3Esubstance%2Fpt%2F1179857363%2Bsubstance%2Fpt%2F1179857385
71,1411,2,31-358-CAS-4754615,2,skipped,1,多产物反应，按当前课题规则跳过,https://scifinder-n.cas.org/search/reaction/6a58ba6462c3022ca7b601fb/71,https://scifinder-n.cas.org/navigate/?appId=69e35cba-c214-4d5b-b9d0-8c04bd667bfe&backKey=6a58ba6462c3022ca7b601fb&backToPage=71&cidValue=816&groupOrdinal=1411&groupViewContextIndicator=false&isFromAllResults=false&isFromAlternateReactionSteps=false&isFromReactionGroup=false&key=6a58ba6462c3022ca7b601fb&metricsOrdinal=1411&ordinal=2&resultType=reaction&resultView=DETAIL&state=searchDetail.reaction&suppressNavigation=false&uiContext=366&uiSubContext=551&uriForDetails=multistep-reaction%2F3c883230-bb46-5970-bbe3-2cce0a57a1d7&uriForGroup=substance%2Fpt%2F10347112%2Bsubstance%2Fpt%2F7585399-%3Esubstance%2Fpt%2F1179857363%2Bsubstance%2Fpt%2F1179857385
71,1412,1,31-355-CAS-17047914,2,skipped,1,多产物反应，按当前课题规则跳过,https://scifinder-n.cas.org/search/reaction/6a58ba6462c3022ca7b601fb/71,https://scifinder-n.cas.org/navigate/?appId=69e35cba-c214-4d5b-b9d0-8c04bd667bfe&backKey=6a58ba6462c3022ca7b601fb&backToPage=71&cidValue=816&groupOrdinal=1412&groupViewContextIndicator=false&isFromAllResults=false&isFromAlternateReactionSteps=false&isFromReactionGroup=false&key=6a58ba6462c3022ca7b601fb&metricsOrdinal=1412&ordinal=1&resultType=reaction&resultView=DETAIL&state=searchDetail.reaction&suppressNavigation=false&uiContext=366&uiSubContext=551&uriForDetails=multistep-reaction%2F85d7356a-ef80-5164-aa6c-f79bbce120e7&uriForGroup=substance%2Fpt%2F2088438826%2Bsubstance%2Fpt%2F93970-%3Esubstance%2Fpt%2F2088438837%2Bsubstance%2Fpt%2F2088438859
71,1413,1,31-354-CAS-9522722,2,skipped,1,多产物反应，按当前课题规则跳过,https://scifinder-n.cas.org/search/reaction/6a58ba6462c3022ca7b601fb/71,https://scifinder-n.cas.org/navigate/?appId=69e35cba-c214-4d5b-b9d0-8c04bd667bfe&backKey=6a58ba6462c3022ca7b601fb&backToPage=71&cidValue=816&groupOrdinal=1413&groupViewContextIndicator=false&isFromAllResults=false&isFromAlternateReactionSteps=false&isFromReactionGroup=false&key=6a58ba6462c3022ca7b601fb&metricsOrdinal=1413&ordinal=1&resultType=reaction&resultView=DETAIL&state=searchDetail.reaction&suppressNavigation=false&uiContext=366&uiSubContext=551&uriForDetails=multistep-reaction%2F1e937b1b-e676-5b87-b5df-ce90f8f78a1e&uriForGroup=substance%2Fpt%2F122043%2Bsubstance%2Fpt%2F57701276-%3Esubstance%2Fpt%2F145633176%2Bsubstance%2Fpt%2F145633187
71,1413,2,31-354-CAS-7354098,2,skipped,1,多产物反应，按当前课题规则跳过,https://scifinder-n.cas.org/search/reaction/6a58ba6462c3022ca7b601fb/71,https://scifinder-n.cas.org/navigate/?appId=69e35cba-c214-4d5b-b9d0-8c04bd667bfe&backKey=6a58ba6462c3022ca7b601fb&backToPage=71&cidValue=816&groupOrdinal=1413&groupViewContextIndicator=false&isFromAllResults=false&isFromAlternateReactionSteps=false&isFromReactionGroup=false&key=6a58ba6462c3022ca7b601fb&metricsOrdinal=1413&ordinal=2&resultType=reaction&resultView=DETAIL&state=searchDetail.reaction&suppressNavigation=false&uiContext=366&uiSubContext=551&uriForDetails=multistep-reaction%2F86b01fc1-f29a-5196-a62a-182e3b42d997&uriForGroup=substance%2Fpt%2F122043%2Bsubstance%2Fpt%2F57701276-%3Esubstance%2Fpt%2F145633176%2Bsubstance%2Fpt%2F145633187
71,1414,1,31-008-CAS-20834102,2,skipped,1,多产物反应，按当前课题规则跳过,https://scifinder-n.cas.org/search/reaction/6a58ba6462c3022ca7b601fb/71,https://scifinder-n.cas.org/navigate/?appId=69e35cba-c214-4d5b-b9d0-8c04bd667bfe&backKey=6a58ba6462c3022ca7b601fb&backToPage=71&cidValue=816&groupOrdinal=1414&groupViewContextIndicator=false&isFromAllResults=false&isFromAlternateReactionSteps=false&isFromReactionGroup=false&key=6a58ba6462c3022ca7b601fb&metricsOrdinal=1414&ordinal=1&resultType=reaction&resultView=DETAIL&state=searchDetail.reaction&suppressNavigation=false&uiContext=366&uiSubContext=551&uriForDetails=multistep-reaction%2F8fca0138-1fbe-5e7e-9702-99c36ed669a9&uriForGroup=substance%2Fpt%2F100390%2Bsubstance%2Fpt%2F1453219527-%3Esubstance%2Fpt%2F1607814969%2Bsubstance%2Fpt%2F2135789669
71,1415,1,31-614-CAS-35053663,2,skipped,1,多产物反应，按当前课题规则跳过,https://scifinder-n.cas.org/search/reaction/6a58ba6462c3022ca7b601fb/71,https://scifinder-n.cas.org/navigate/?appId=69e35cba-c214-4d5b-b9d0-8c04bd667bfe&backKey=6a58ba6462c3022ca7b601fb&backToPage=71&cidValue=816&groupOrdinal=1415&groupViewContextIndicator=false&isFromAllResults=false&isFromAlternateReactionSteps=false&isFromReactionGroup=false&key=6a58ba6462c3022ca7b601fb&metricsOrdinal=1415&ordinal=1&resultType=reaction&resultView=DETAIL&state=searchDetail.reaction&suppressNavigation=false&uiContext=366&uiSubContext=551&uriForDetails=multistep-reaction%2F9739e45b-32f7-5191-8457-7f4dbf6e1d3d&uriForGroup=substance%2Fpt%2F1110745657%2Bsubstance%2Fpt%2F147649921%2Bsubstance%2Fpt%2F75774-%3Esubstance%2Fpt%2F2756128831%2Bsubstance%2Fpt%2F2756129027
71,1416,1,31-236-CAS-23047968,2,skipped,1,多产物反应，按当前课题规则跳过,https://scifinder-n.cas.org/search/reaction/6a58ba6462c3022ca7b601fb/71,https://scifinder-n.cas.org/navigate/?appId=69e35cba-c214-4d5b-b9d0-8c04bd667bfe&backKey=6a58ba6462c3022ca7b601fb&backToPage=71&cidValue=816&groupOrdinal=1416&groupViewContextIndicator=false&isFromAllResults=false&isFromAlternateReactionSteps=false&isFromReactionGroup=false&key=6a58ba6462c3022ca7b601fb&metricsOrdinal=1416&ordinal=1&resultType=reaction&resultView=DETAIL&state=searchDetail.reaction&suppressNavigation=false&uiContext=366&uiSubContext=551&uriForDetails=multistep-reaction%2F979a737a-19b7-547b-8ab0-f0f14efba692&uriForGroup=substance%2Fpt%2F139684676%2Bsubstance%2Fpt%2F33419420-%3Esubstance%2Fpt%2F2567899969%2Bsubstance%2Fpt%2F2567899981
71,1417,1,31-355-CAS-15890218,2,skipped,1,多产物反应，按当前课题规则跳过,https://scifinder-n.cas.org/search/reaction/6a58ba6462c3022ca7b601fb/71,https://scifinder-n.cas.org/navigate/?appId=69e35cba-c214-4d5b-b9d0-8c04bd667bfe&backKey=6a58ba6462c3022ca7b601fb&backToPage=71&cidValue=816&groupOrdinal=1417&groupViewContextIndicator=false&isFromAllResults=false&isFromAlternateReactionSteps=false&isFromReactionGroup=false&key=6a58ba6462c3022ca7b601fb&metricsOrdinal=1417&ordinal=1&resultType=reaction&resultView=DETAIL&state=searchDetail.reaction&suppressNavigation=false&uiContext=366&uiSubContext=551&uriForDetails=multistep-reaction%2F03472c7e-635b-5d2d-a1ad-1c466e6f4c10&uriForGroup=substance%2Fpt%2F395082992%2Bsubstance%2Fpt%2F93970-%3Esubstance%2Fpt%2F1889230765%2Bsubstance%2Fpt%2F1889230776
71,1417,2,31-355-CAS-15911279,2,skipped,1,多产物反应，按当前课题规则跳过,https://scifinder-n.cas.org/search/reaction/6a58ba6462c3022ca7b601fb/71,https://scifinder-n.cas.org/navigate/?appId=69e35cba-c214-4d5b-b9d0-8c04bd667bfe&backKey=6a58ba6462c3022ca7b601fb&backToPage=71&cidValue=816&groupOrdinal=1417&groupViewContextIndicator=false&isFromAllResults=false&isFromAlternateReactionSteps=false&isFromReactionGroup=false&key=6a58ba6462c3022ca7b601fb&metricsOrdinal=1417&ordinal=2&resultType=reaction&resultView=DETAIL&state=searchDetail.reaction&suppressNavigation=false&uiContext=366&uiSubContext=551&uriForDetails=multistep-reaction%2F07f7324d-2090-52ba-9076-207ad5fcb81d&uriForGroup=substance%2Fpt%2F395082992%2Bsubstance%2Fpt%2F93970-%3Esubstance%2Fpt%2F1889230765%2Bsubstance%2Fpt%2F1889230776
71,1417,3,31-355-CAS-15955268,2,skipped,1,多产物反应，按当前课题规则跳过,https://scifinder-n.cas.org/search/reaction/6a58ba6462c3022ca7b601fb/71,https://scifinder-n.cas.org/navigate/?appId=69e35cba-c214-4d5b-b9d0-8c04bd667bfe&backKey=6a58ba6462c3022ca7b601fb&backToPage=71&cidValue=816&groupOrdinal=1417&groupViewContextIndicator=false&isFromAllResults=false&isFromAlternateReactionSteps=false&isFromReactionGroup=false&key=6a58ba6462c3022ca7b601fb&metricsOrdinal=1417&ordinal=3&resultType=reaction&resultView=DETAIL&state=searchDetail.reaction&suppressNavigation=false&uiContext=366&uiSubContext=551&uriForDetails=multistep-reaction%2F0ff2d305-d909-5c02-8be9-0378b02e1633&uriForGroup=substance%2Fpt%2F395082992%2Bsubstance%2Fpt%2F93970-%3Esubstance%2Fpt%2F1889230765%2Bsubstance%2Fpt%2F1889230776
71,1417,4,31-355-CAS-15917705,2,skipped,1,多产物反应，按当前课题规则跳过,https://scifinder-n.cas.org/search/reaction/6a58ba6462c3022ca7b601fb/71,https://scifinder-n.cas.org/navigate/?appId=69e35cba-c214-4d5b-b9d0-8c04bd667bfe&backKey=6a58ba6462c3022ca7b601fb&backToPage=71&cidValue=816&groupOrdinal=1417&groupViewContextIndicator=false&isFromAllResults=false&isFromAlternateReactionSteps=false&isFromReactionGroup=false&key=6a58ba6462c3022ca7b601fb&metricsOrdinal=1417&ordinal=4&resultType=reaction&resultView=DETAIL&state=searchDetail.reaction&suppressNavigation=false&uiContext=366&uiSubContext=551&uriForDetails=multistep-reaction%2F115d484b-85b1-5a26-9a60-4a492a21a9a9&uriForGroup=substance%2Fpt%2F395082992%2Bsubstance%2Fpt%2F93970-%3Esubstance%2Fpt%2F1889230765%2Bsubstance%2Fpt%2F1889230776
71,1417,5,31-355-CAS-15941454,2,skipped,1,多产物反应，按当前课题规则跳过,https://scifinder-n.cas.org/search/reaction/6a58ba6462c3022ca7b601fb/71,https://scifinder-n.cas.org/navigate/?appId=69e35cba-c214-4d5b-b9d0-8c04bd667bfe&backKey=6a58ba6462c3022ca7b601fb&backToPage=71&cidValue=816&groupOrdinal=1417&groupViewContextIndicator=false&isFromAllResults=false&isFromAlternateReactionSteps=false&isFromReactionGroup=false&key=6a58ba6462c3022ca7b601fb&metricsOrdinal=1417&ordinal=5&resultType=reaction&resultView=DETAIL&state=searchDetail.reaction&suppressNavigation=false&uiContext=366&uiSubContext=551&uriForDetails=multistep-reaction%2F42380af0-e448-561d-92cb-5dff4e0ae3bd&uriForGroup=substance%2Fpt%2F395082992%2Bsubstance%2Fpt%2F93970-%3Esubstance%2Fpt%2F1889230765%2Bsubstance%2Fpt%2F1889230776
71,1417,6,31-355-CAS-15890768,2,skipped,1,多产物反应，按当前课题规则跳过,https://scifinder-n.cas.org/search/reaction/6a58ba6462c3022ca7b601fb/71,https://scifinder-n.cas.org/navigate/?appId=69e35cba-c214-4d5b-b9d0-8c04bd667bfe&backKey=6a58ba6462c3022ca7b601fb&backToPage=71&cidValue=816&groupOrdinal=1417&groupViewContextIndicator=false&isFromAllResults=false&isFromAlternateReactionSteps=false&isFromReactionGroup=false&key=6a58ba6462c3022ca7b601fb&metricsOrdinal=1417&ordinal=6&resultType=reaction&resultView=DETAIL&state=searchDetail.reaction&suppressNavigation=false&uiContext=366&uiSubContext=551&uriForDetails=multistep-reaction%2F9a3cf611-c590-544f-bc63-21e45ac60050&uriForGroup=substance%2Fpt%2F395082992%2Bsubstance%2Fpt%2F93970-%3Esubstance%2Fpt%2F1889230765%2Bsubstance%2Fpt%2F1889230776
71,1418,1,31-008-CAS-17966887,2,skipped,1,多产物反应，按当前课题规则跳过,https://scifinder-n.cas.org/search/reaction/6a58ba6462c3022ca7b601fb/71,https://scifinder-n.cas.org/navigate/?appId=69e35cba-c214-4d5b-b9d0-8c04bd667bfe&backKey=6a58ba6462c3022ca7b601fb&backToPage=71&cidValue=816&groupOrdinal=1418&groupViewContextIndicator=false&isFromAllResults=false&isFromAlternateReactionSteps=false&isFromReactionGroup=false&key=6a58ba6462c3022ca7b601fb&metricsOrdinal=1418&ordinal=1&resultType=reaction&resultView=DETAIL&state=searchDetail.reaction&suppressNavigation=false&uiContext=366&uiSubContext=551&uriForDetails=multistep-reaction%2F9a935bdb-3ef0-515b-a2b6-dc439b586cc5&uriForGroup=substance%2Fpt%2F100447%2Bsubstance%2Fpt%2F71117367-%3Esubstance%2Fpt%2F108739919%2Bsubstance%2Fpt%2F108739920
71,1419,1,31-356-CAS-6118528,2,skipped,1,多产物反应，按当前课题规则跳过,https://scifinder-n.cas.org/search/reaction/6a58ba6462c3022ca7b601fb/71,https://scifinder-n.cas.org/navigate/?appId=69e35cba-c214-4d5b-b9d0-8c04bd667bfe&backKey=6a58ba6462c3022ca7b601fb&backToPage=71&cidValue=816&groupOrdinal=1419&groupViewContextIndicator=false&isFromAllResults=false&isFromAlternateReactionSteps=false&isFromReactionGroup=false&key=6a58ba6462c3022ca7b601fb&metricsOrdinal=1419&ordinal=1&resultType=reaction&resultView=DETAIL&state=searchDetail.reaction&suppressNavigation=false&uiContext=366&uiSubContext=551&uriForDetails=multistep-reaction%2F9b0f0e6d-2888-56df-b9e5-eb43c1315115&uriForGroup=substance%2Fpt%2F10016203%2Bsubstance%2Fpt%2F1191422555-%3Esubstance%2Fpt%2F1261353132%2Bsubstance%2Fpt%2F1261353143
71,1420,1,31-355-CAS-17047913,2,skipped,1,多产物反应，按当前课题规则跳过,https://scifinder-n.cas.org/search/reaction/6a58ba6462c3022ca7b601fb/71,https://scifinder-n.cas.org/navigate/?appId=69e35cba-c214-4d5b-b9d0-8c04bd667bfe&backKey=6a58ba6462c3022ca7b601fb&backToPage=71&cidValue=816&groupOrdinal=1420&groupViewContextIndicator=false&isFromAllResults=false&isFromAlternateReactionSteps=false&isFromReactionGroup=false&key=6a58ba6462c3022ca7b601fb&metricsOrdinal=1420&ordinal=1&resultType=reaction&resultView=DETAIL&state=searchDetail.reaction&suppressNavigation=false&uiContext=366&uiSubContext=551&uriForDetails=multistep-reaction%2F9c0ee09d-f436-5de0-bfa6-f5474f45918e&uriForGroup=substance%2Fpt%2F2088438826%2Bsubstance%2Fpt%2F93970-%3Esubstance%2Fpt%2F2088438837%2Bsubstance%2Fpt%2F2088438848
72,1421,1,31-301-CAS-3756865,2,skipped,1,多产物反应，按当前课题规则跳过,https://scifinder-n.cas.org/search/reaction/6a58ba6462c3022ca7b601fb/72,https://scifinder-n.cas.org/navigate/?appId=745be5fa-16e5-4906-997a-135c7eed1783&backKey=6a58ba6462c3022ca7b601fb&backToPage=72&cidValue=816&groupOrdinal=1421&groupViewContextIndicator=false&isFromAllResults=false&isFromAlternateReactionSteps=false&isFromReactionGroup=false&key=6a58ba6462c3022ca7b601fb&metricsOrdinal=1421&ordinal=1&resultType=reaction&resultView=DETAIL&state=searchDetail.reaction&suppressNavigation=false&uiContext=366&uiSubContext=551&uriForDetails=multistep-reaction%2Fa0c1b133-2be9-50b6-ac26-cc76e516806f&uriForGroup=substance%2Fpt%2F17465860%2Bsubstance%2Fpt%2F7512176-%3Esubstance%2Fpt%2F203206717%2Bsubstance%2Fpt%2F256397974
72,1422,1,31-614-CAS-29062312,2,skipped,1,多产物反应，按当前课题规则跳过,https://scifinder-n.cas.org/search/reaction/6a58ba6462c3022ca7b601fb/72,https://scifinder-n.cas.org/navigate/?appId=745be5fa-16e5-4906-997a-135c7eed1783&backKey=6a58ba6462c3022ca7b601fb&backToPage=72&cidValue=816&groupOrdinal=1422&groupViewContextIndicator=false&isFromAllResults=false&isFromAlternateReactionSteps=false&isFromReactionGroup=false&key=6a58ba6462c3022ca7b601fb&metricsOrdinal=1422&ordinal=1&resultType=reaction&resultView=DETAIL&state=searchDetail.reaction&suppressNavigation=false&uiContext=366&uiSubContext=551&uriForDetails=multistep-reaction%2Fa1257793-96c8-5876-b8b0-f1988e3bb758&uriForGroup=substance%2Fpt%2F1125888%2Bsubstance%2Fpt%2F153668805-%3Esubstance%2Fpt%2F153697291%2Bsubstance%2Fpt%2F330205373
72,1423,1,31-354-CAS-8233547,2,skipped,1,多产物反应，按当前课题规则跳过,https://scifinder-n.cas.org/search/reaction/6a58ba6462c3022ca7b601fb/72,https://scifinder-n.cas.org/navigate/?appId=745be5fa-16e5-4906-997a-135c7eed1783&backKey=6a58ba6462c3022ca7b601fb&backToPage=72&cidValue=816&groupOrdinal=1423&groupViewContextIndicator=false&isFromAllResults=false&isFromAlternateReactionSteps=false&isFromReactionGroup=false&key=6a58ba6462c3022ca7b601fb&metricsOrdinal=1423&ordinal=1&resultType=reaction&resultView=DETAIL&state=searchDetail.reaction&suppressNavigation=false&uiContext=366&uiSubContext=551&uriForDetails=multistep-reaction%2F3243659c-832d-5db0-ade3-25146d4f114a&uriForGroup=substance%2Fpt%2F100072%2Bsubstance%2Fpt%2F57701276-%3Esubstance%2Fpt%2F1499140667%2Bsubstance%2Fpt%2F220859347
72,1423,2,31-354-CAS-354669,2,skipped,1,多产物反应，按当前课题规则跳过,https://scifinder-n.cas.org/search/reaction/6a58ba6462c3022ca7b601fb/72,https://scifinder-n.cas.org/navigate/?appId=745be5fa-16e5-4906-997a-135c7eed1783&backKey=6a58ba6462c3022ca7b601fb&backToPage=72&cidValue=816&groupOrdinal=1423&groupViewContextIndicator=false&isFromAllResults=false&isFromAlternateReactionSteps=false&isFromReactionGroup=false&key=6a58ba6462c3022ca7b601fb&metricsOrdinal=1423&ordinal=2&resultType=reaction&resultView=DETAIL&state=searchDetail.reaction&suppressNavigation=false&uiContext=366&uiSubContext=551&uriForDetails=multistep-reaction%2Fa74bdbdc-04e1-5063-b905-7985594bc26a&uriForGroup=substance%2Fpt%2F100072%2Bsubstance%2Fpt%2F57701276-%3Esubstance%2Fpt%2F1499140667%2Bsubstance%2Fpt%2F220859347
72,1424,1,31-357-CAS-21161,2,skipped,1,多产物反应，按当前课题规则跳过,https://scifinder-n.cas.org/search/reaction/6a58ba6462c3022ca7b601fb/72,https://scifinder-n.cas.org/navigate/?appId=745be5fa-16e5-4906-997a-135c7eed1783&backKey=6a58ba6462c3022ca7b601fb&backToPage=72&cidValue=816&groupOrdinal=1424&groupViewContextIndicator=false&isFromAllResults=false&isFromAlternateReactionSteps=false&isFromReactionGroup=false&key=6a58ba6462c3022ca7b601fb&metricsOrdinal=1424&ordinal=1&resultType=reaction&resultView=DETAIL&state=searchDetail.reaction&suppressNavigation=false&uiContext=366&uiSubContext=551&uriForDetails=multistep-reaction%2Fa7883ef7-a832-50a5-a7a5-c7e0784abfe7&uriForGroup=substance%2Fpt%2F10016203%2Bsubstance%2Fpt%2F1261353109-%3Esubstance%2Fpt%2F1261353110%2Bsubstance%2Fpt%2F1261353121
72,1425,1,31-356-CAS-20333602,2,skipped,1,多产物反应，按当前课题规则跳过,https://scifinder-n.cas.org/search/reaction/6a58ba6462c3022ca7b601fb/72,https://scifinder-n.cas.org/navigate/?appId=745be5fa-16e5-4906-997a-135c7eed1783&backKey=6a58ba6462c3022ca7b601fb&backToPage=72&cidValue=816&groupOrdinal=1425&groupViewContextIndicator=false&isFromAllResults=false&isFromAlternateReactionSteps=false&isFromReactionGroup=false&key=6a58ba6462c3022ca7b601fb&metricsOrdinal=1425&ordinal=1&resultType=reaction&resultView=DETAIL&state=searchDetail.reaction&suppressNavigation=false&uiContext=366&uiSubContext=551&uriForDetails=multistep-reaction%2Fa84a629e-4f8f-5a97-9125-ea3a79ba8c0f&uriForGroup=substance%2Fpt%2F131564368%2Bsubstance%2Fpt%2F64197-%3Esubstance%2Fpt%2F147264162%2Bsubstance%2Fpt%2F339987530
72,1426,1,31-355-CAS-4927001,2,skipped,1,多产物反应，按当前课题规则跳过,https://scifinder-n.cas.org/search/reaction/6a58ba6462c3022ca7b601fb/72,https://scifinder-n.cas.org/navigate/?appId=745be5fa-16e5-4906-997a-135c7eed1783&backKey=6a58ba6462c3022ca7b601fb&backToPage=72&cidValue=816&groupOrdinal=1426&groupViewContextIndicator=false&isFromAllResults=false&isFromAlternateReactionSteps=false&isFromReactionGroup=false&key=6a58ba6462c3022ca7b601fb&metricsOrdinal=1426&ordinal=1&resultType=reaction&resultView=DETAIL&state=searchDetail.reaction&suppressNavigation=false&uiContext=366&uiSubContext=551&uriForDetails=multistep-reaction%2Faa18f88d-0202-5c02-9cc7-773f0d603c9c&uriForGroup=substance%2Fpt%2F108247%2Bsubstance%2Fpt%2F57799936-%3Esubstance%2Fpt%2F862379995%2Bsubstance%2Fpt%2F862380050
72,1427,1,31-356-CAS-22838728,2,skipped,1,多产物反应，按当前课题规则跳过,https://scifinder-n.cas.org/search/reaction/6a58ba6462c3022ca7b601fb/72,https://scifinder-n.cas.org/navigate/?appId=745be5fa-16e5-4906-997a-135c7eed1783&backKey=6a58ba6462c3022ca7b601fb&backToPage=72&cidValue=816&groupOrdinal=1427&groupViewContextIndicator=false&isFromAllResults=false&isFromAlternateReactionSteps=false&isFromReactionGroup=false&key=6a58ba6462c3022ca7b601fb&metricsOrdinal=1427&ordinal=1&resultType=reaction&resultView=DETAIL&state=searchDetail.reaction&suppressNavigation=false&uiContext=366&uiSubContext=551&uriForDetails=multistep-reaction%2Fac10e95e-c226-5f0b-a728-a56bd752b652&uriForGroup=substance%2Fpt%2F1450642928%2Bsubstance%2Fpt%2F37149181-%3Esubstance%2Fpt%2F2500908121%2Bsubstance%2Fpt%2F2500908132
72,1428,1,31-008-CAS-11731025,2,skipped,1,多产物反应，按当前课题规则跳过,https://scifinder-n.cas.org/search/reaction/6a58ba6462c3022ca7b601fb/72,https://scifinder-n.cas.org/navigate/?appId=745be5fa-16e5-4906-997a-135c7eed1783&backKey=6a58ba6462c3022ca7b601fb&backToPage=72&cidValue=816&groupOrdinal=1428&groupViewContextIndicator=false&isFromAllResults=false&isFromAlternateReactionSteps=false&isFromReactionGroup=false&key=6a58ba6462c3022ca7b601fb&metricsOrdinal=1428&ordinal=1&resultType=reaction&resultView=DETAIL&state=searchDetail.reaction&suppressNavigation=false&uiContext=366&uiSubContext=551&uriForDetails=multistep-reaction%2Facf18d7c-1f39-532a-9da3-18865cb9dfc1&uriForGroup=substance%2Fpt%2F100390%2Bsubstance%2Fpt%2F7585399-%3Esubstance%2Fpt%2F117240376%2Bsubstance%2Fpt%2F126403369
72,1429,1,31-008-CAS-2566523,2,skipped,1,多产物反应，按当前课题规则跳过,https://scifinder-n.cas.org/search/reaction/6a58ba6462c3022ca7b601fb/72,https://scifinder-n.cas.org/navigate/?appId=745be5fa-16e5-4906-997a-135c7eed1783&backKey=6a58ba6462c3022ca7b601fb&backToPage=72&cidValue=816&groupOrdinal=1429&groupViewContextIndicator=false&isFromAllResults=false&isFromAlternateReactionSteps=false&isFromReactionGroup=false&key=6a58ba6462c3022ca7b601fb&metricsOrdinal=1429&ordinal=1&resultType=reaction&resultView=DETAIL&state=searchDetail.reaction&suppressNavigation=false&uiContext=366&uiSubContext=551&uriForDetails=multistep-reaction%2Fad3b174f-2309-5bb9-9021-fc638d0630e8&uriForGroup=substance%2Fpt%2F13242530%2Bsubstance%2Fpt%2F51918888-%3Esubstance%2Fpt%2F1220807259%2Bsubstance%2Fpt%2F1220807271
72,1430,1,31-355-CAS-6485489,2,skipped,1,多产物反应，按当前课题规则跳过,https://scifinder-n.cas.org/search/reaction/6a58ba6462c3022ca7b601fb/72,https://scifinder-n.cas.org/navigate/?appId=745be5fa-16e5-4906-997a-135c7eed1783&backKey=6a58ba6462c3022ca7b601fb&backToPage=72&cidValue=816&groupOrdinal=1430&groupViewContextIndicator=false&isFromAllResults=false&isFromAlternateReactionSteps=false&isFromReactionGroup=false&key=6a58ba6462c3022ca7b601fb&metricsOrdinal=1430&ordinal=1&resultType=reaction&resultView=DETAIL&state=searchDetail.reaction&suppressNavigation=false&uiContext=366&uiSubContext=551&uriForDetails=multistep-reaction%2F61fffc42-8eb4-5139-8563-cf7862b91492&uriForGroup=substance%2Fpt%2F73045575%2Bsubstance%2Fpt%2F93970-%3Esubstance%2Fpt%2F93636330%2Bsubstance%2Fpt%2F93636341
72,1430,2,31-355-CAS-8610257,2,skipped,1,多产物反应，按当前课题规则跳过,https://scifinder-n.cas.org/search/reaction/6a58ba6462c3022ca7b601fb/72,https://scifinder-n.cas.org/navigate/?appId=745be5fa-16e5-4906-997a-135c7eed1783&backKey=6a58ba6462c3022ca7b601fb&backToPage=72&cidValue=816&groupOrdinal=1430&groupViewContextIndicator=false&isFromAllResults=false&isFromAlternateReactionSteps=false&isFromReactionGroup=false&key=6a58ba6462c3022ca7b601fb&metricsOrdinal=1430&ordinal=2&resultType=reaction&resultView=DETAIL&state=searchDetail.reaction&suppressNavigation=false&uiContext=366&uiSubContext=551&uriForDetails=multistep-reaction%2F6fb8ce57-8013-510a-a4e2-15ef7fd7db0d&uriForGroup=substance%2Fpt%2F73045575%2Bsubstance%2Fpt%2F93970-%3Esubstance%2Fpt%2F93636330%2Bsubstance%2Fpt%2F93636341
72,1430,3,31-355-CAS-4346846,2,skipped,1,多产物反应，按当前课题规则跳过,https://scifinder-n.cas.org/search/reaction/6a58ba6462c3022ca7b601fb/72,https://scifinder-n.cas.org/navigate/?appId=745be5fa-16e5-4906-997a-135c7eed1783&backKey=6a58ba6462c3022ca7b601fb&backToPage=72&cidValue=816&groupOrdinal=1430&groupViewContextIndicator=false&isFromAllResults=false&isFromAlternateReactionSteps=false&isFromReactionGroup=false&key=6a58ba6462c3022ca7b601fb&metricsOrdinal=1430&ordinal=3&resultType=reaction&resultView=DETAIL&state=searchDetail.reaction&suppressNavigation=false&uiContext=366&uiSubContext=551&uriForDetails=multistep-reaction%2F76cb889c-69c5-5459-939a-1573eeca1c85&uriForGroup=substance%2Fpt%2F73045575%2Bsubstance%2Fpt%2F93970-%3Esubstance%2Fpt%2F93636330%2Bsubstance%2Fpt%2F93636341
72,1430,4,31-355-CAS-10737043,2,skipped,1,多产物反应，按当前课题规则跳过,https://scifinder-n.cas.org/search/reaction/6a58ba6462c3022ca7b601fb/72,https://scifinder-n.cas.org/navigate/?appId=745be5fa-16e5-4906-997a-135c7eed1783&backKey=6a58ba6462c3022ca7b601fb&backToPage=72&cidValue=816&groupOrdinal=1430&groupViewContextIndicator=false&isFromAllResults=false&isFromAlternateReactionSteps=false&isFromReactionGroup=false&key=6a58ba6462c3022ca7b601fb&metricsOrdinal=1430&ordinal=4&resultType=reaction&resultView=DETAIL&state=searchDetail.reaction&suppressNavigation=false&uiContext=366&uiSubContext=551&uriForDetails=multistep-reaction%2F9d4ce5b8-ec21-586e-83e4-de4760fa7916&uriForGroup=substance%2Fpt%2F73045575%2Bsubstance%2Fpt%2F93970-%3Esubstance%2Fpt%2F93636330%2Bsubstance%2Fpt%2F93636341
72,1430,5,31-355-CAS-12865577,2,skipped,1,多产物反应，按当前课题规则跳过,https://scifinder-n.cas.org/search/reaction/6a58ba6462c3022ca7b601fb/72,https://scifinder-n.cas.org/navigate/?appId=745be5fa-16e5-4906-997a-135c7eed1783&backKey=6a58ba6462c3022ca7b601fb&backToPage=72&cidValue=816&groupOrdinal=1430&groupViewContextIndicator=false&isFromAllResults=false&isFromAlternateReactionSteps=false&isFromReactionGroup=false&key=6a58ba6462c3022ca7b601fb&metricsOrdinal=1430&ordinal=5&resultType=reaction&resultView=DETAIL&state=searchDetail.reaction&suppressNavigation=false&uiContext=366&uiSubContext=551&uriForDetails=multistep-reaction%2Fadd259d4-4063-5549-9c22-f26f9c61e55b&uriForGroup=substance%2Fpt%2F73045575%2Bsubstance%2Fpt%2F93970-%3Esubstance%2Fpt%2F93636330%2Bsubstance%2Fpt%2F93636341
72,1431,1,31-170-CAS-18022380,2,skipped,1,多产物反应，按当前课题规则跳过,https://scifinder-n.cas.org/search/reaction/6a58ba6462c3022ca7b601fb/72,https://scifinder-n.cas.org/navigate/?appId=745be5fa-16e5-4906-997a-135c7eed1783&backKey=6a58ba6462c3022ca7b601fb&backToPage=72&cidValue=816&groupOrdinal=1431&groupViewContextIndicator=false&isFromAllResults=false&isFromAlternateReactionSteps=false&isFromReactionGroup=false&key=6a58ba6462c3022ca7b601fb&metricsOrdinal=1431&ordinal=1&resultType=reaction&resultView=DETAIL&state=searchDetail.reaction&suppressNavigation=false&uiContext=366&uiSubContext=551&uriForDetails=multistep-reaction%2Fb195e465-9494-5cb8-892f-6aa5a9b4d38e&uriForGroup=substance%2Fpt%2F144930507%2Bsubstance%2Fpt%2F64552063-%3Esubstance%2Fpt%2F2166610666%2Bsubstance%2Fpt%2F2166610677
72,1432,1,31-010-CAS-16992695,2,skipped,1,多产物反应，按当前课题规则跳过,https://scifinder-n.cas.org/search/reaction/6a58ba6462c3022ca7b601fb/72,https://scifinder-n.cas.org/navigate/?appId=745be5fa-16e5-4906-997a-135c7eed1783&backKey=6a58ba6462c3022ca7b601fb&backToPage=72&cidValue=816&groupOrdinal=1432&groupViewContextIndicator=false&isFromAllResults=false&isFromAlternateReactionSteps=false&isFromReactionGroup=false&key=6a58ba6462c3022ca7b601fb&metricsOrdinal=1432&ordinal=1&resultType=reaction&resultView=DETAIL&state=searchDetail.reaction&suppressNavigation=false&uiContext=366&uiSubContext=551&uriForDetails=multistep-reaction%2Fbaab1144-7dda-59ef-a27b-1e536d9cb87b&uriForGroup=substance%2Fpt%2F150607968%2Bsubstance%2Fpt%2F2091078576-%3Esubstance%2Fpt%2F2091090581%2Bsubstance%2Fpt%2F2091092418
72,1433,1,31-355-CAS-11507298,2,skipped,1,多产物反应，按当前课题规则跳过,https://scifinder-n.cas.org/search/reaction/6a58ba6462c3022ca7b601fb/72,https://scifinder-n.cas.org/navigate/?appId=745be5fa-16e5-4906-997a-135c7eed1783&backKey=6a58ba6462c3022ca7b601fb&backToPage=72&cidValue=816&groupOrdinal=1433&groupViewContextIndicator=false&isFromAllResults=false&isFromAlternateReactionSteps=false&isFromReactionGroup=false&key=6a58ba6462c3022ca7b601fb&metricsOrdinal=1433&ordinal=1&resultType=reaction&resultView=DETAIL&state=searchDetail.reaction&suppressNavigation=false&uiContext=366&uiSubContext=551&uriForDetails=multistep-reaction%2Fc059a8d7-6bb1-5997-a9a8-54e9623ce230&uriForGroup=substance%2Fpt%2F108247%2Bsubstance%2Fpt%2F53626101-%3Esubstance%2Fpt%2F890044118%2Bsubstance%2Fpt%2F890044129
72,1434,1,31-356-CAS-20333604,2,skipped,1,多产物反应，按当前课题规则跳过,https://scifinder-n.cas.org/search/reaction/6a58ba6462c3022ca7b601fb/72,https://scifinder-n.cas.org/navigate/?appId=745be5fa-16e5-4906-997a-135c7eed1783&backKey=6a58ba6462c3022ca7b601fb&backToPage=72&cidValue=816&groupOrdinal=1434&groupViewContextIndicator=false&isFromAllResults=false&isFromAlternateReactionSteps=false&isFromReactionGroup=false&key=6a58ba6462c3022ca7b601fb&metricsOrdinal=1434&ordinal=1&resultType=reaction&resultView=DETAIL&state=searchDetail.reaction&suppressNavigation=false&uiContext=366&uiSubContext=551&uriForDetails=multistep-reaction%2Fc463bdb4-b9f3-5a48-bf3b-315507a91751&uriForGroup=substance%2Fpt%2F64197%2Bsubstance%2Fpt%2F87508187-%3Esubstance%2Fpt%2F888728947%2Bsubstance%2Fpt%2F888728981
72,1435,1,31-008-CAS-13249556,2,skipped,1,多产物反应，按当前课题规则跳过,https://scifinder-n.cas.org/search/reaction/6a58ba6462c3022ca7b601fb/72,https://scifinder-n.cas.org/navigate/?appId=745be5fa-16e5-4906-997a-135c7eed1783&backKey=6a58ba6462c3022ca7b601fb&backToPage=72&cidValue=816&groupOrdinal=1435&groupViewContextIndicator=false&isFromAllResults=false&isFromAlternateReactionSteps=false&isFromReactionGroup=false&key=6a58ba6462c3022ca7b601fb&metricsOrdinal=1435&ordinal=1&resultType=reaction&resultView=DETAIL&state=searchDetail.reaction&suppressNavigation=false&uiContext=366&uiSubContext=551&uriForDetails=multistep-reaction%2Fc6172292-a3b4-501d-b8e0-c1600d1727d6&uriForGroup=substance%2Fpt%2F316382340%2Bsubstance%2Fpt%2F60046313-%3Esubstance%2Fpt%2F316382351%2Bsubstance%2Fpt%2F316382362
72,1436,1,31-010-CAS-16301971,2,skipped,1,多产物反应，按当前课题规则跳过,https://scifinder-n.cas.org/search/reaction/6a58ba6462c3022ca7b601fb/72,https://scifinder-n.cas.org/navigate/?appId=745be5fa-16e5-4906-997a-135c7eed1783&backKey=6a58ba6462c3022ca7b601fb&backToPage=72&cidValue=816&groupOrdinal=1436&groupViewContextIndicator=false&isFromAllResults=false&isFromAlternateReactionSteps=false&isFromReactionGroup=false&key=6a58ba6462c3022ca7b601fb&metricsOrdinal=1436&ordinal=1&resultType=reaction&resultView=DETAIL&state=searchDetail.reaction&suppressNavigation=false&uiContext=366&uiSubContext=551&uriForDetails=multistep-reaction%2Fca500370-bdcc-5768-a661-6dfd68c67ecf&uriForGroup=substance%2Fpt%2F149707755%2Bsubstance%2Fpt%2F220645863-%3Esubstance%2Fpt%2F2025360932%2Bsubstance%2Fpt%2F2025361082
72,1437,1,31-614-CAS-27168429,2,skipped,1,多产物反应，按当前课题规则跳过,https://scifinder-n.cas.org/search/reaction/6a58ba6462c3022ca7b601fb/72,https://scifinder-n.cas.org/navigate/?appId=745be5fa-16e5-4906-997a-135c7eed1783&backKey=6a58ba6462c3022ca7b601fb&backToPage=72&cidValue=816&groupOrdinal=1437&groupViewContextIndicator=false&isFromAllResults=false&isFromAlternateReactionSteps=false&isFromReactionGroup=false&key=6a58ba6462c3022ca7b601fb&metricsOrdinal=1437&ordinal=1&resultType=reaction&resultView=DETAIL&state=searchDetail.reaction&suppressNavigation=false&uiContext=366&uiSubContext=551&uriForDetails=multistep-reaction%2Fcbfba438-e680-5937-9950-6a32cc39e63f&uriForGroup=substance%2Fpt%2F73045575-%3Esubstance%2Fpt%2F93636330%2Bsubstance%2Fpt%2F93636341
72,1438,1,31-357-CAS-11675861,2,skipped,1,多产物反应，按当前课题规则跳过,https://scifinder-n.cas.org/search/reaction/6a58ba6462c3022ca7b601fb/72,https://scifinder-n.cas.org/navigate/?appId=745be5fa-16e5-4906-997a-135c7eed1783&backKey=6a58ba6462c3022ca7b601fb&backToPage=72&cidValue=816&groupOrdinal=1438&groupViewContextIndicator=false&isFromAllResults=false&isFromAlternateReactionSteps=false&isFromReactionGroup=false&key=6a58ba6462c3022ca7b601fb&metricsOrdinal=1438&ordinal=1&resultType=reaction&resultView=DETAIL&state=searchDetail.reaction&suppressNavigation=false&uiContext=366&uiSubContext=551&uriForDetails=multistep-reaction%2Fcc4bd9ac-db6c-516c-b532-f125664b49fb&uriForGroup=substance%2Fpt%2F14155238%2Bsubstance%2Fpt%2F54769367-%3Esubstance%2Fpt%2F38992993%2Bsubstance%2Fpt%2F38993009
72,1439,1,31-008-CAS-3693108,2,skipped,1,多产物反应，按当前课题规则跳过,https://scifinder-n.cas.org/search/reaction/6a58ba6462c3022ca7b601fb/72,https://scifinder-n.cas.org/navigate/?appId=745be5fa-16e5-4906-997a-135c7eed1783&backKey=6a58ba6462c3022ca7b601fb&backToPage=72&cidValue=816&groupOrdinal=1439&groupViewContextIndicator=false&isFromAllResults=false&isFromAlternateReactionSteps=false&isFromReactionGroup=false&key=6a58ba6462c3022ca7b601fb&metricsOrdinal=1439&ordinal=1&resultType=reaction&resultView=DETAIL&state=searchDetail.reaction&suppressNavigation=false&uiContext=366&uiSubContext=551&uriForDetails=multistep-reaction%2Fcf2f70ff-9788-5f58-9afa-5f328c906d16&uriForGroup=substance%2Fpt%2F57701276%2Bsubstance%2Fpt%2F58479611-%3Esubstance%2Fpt%2F112669906%2Bsubstance%2Fpt%2F125803830
72,1440,1,31-614-CAS-31448893,2,skipped,1,多产物反应，按当前课题规则跳过,https://scifinder-n.cas.org/search/reaction/6a58ba6462c3022ca7b601fb/72,https://scifinder-n.cas.org/navigate/?appId=745be5fa-16e5-4906-997a-135c7eed1783&backKey=6a58ba6462c3022ca7b601fb&backToPage=72&cidValue=816&groupOrdinal=1440&groupViewContextIndicator=false&isFromAllResults=false&isFromAlternateReactionSteps=false&isFromReactionGroup=false&key=6a58ba6462c3022ca7b601fb&metricsOrdinal=1440&ordinal=1&resultType=reaction&resultView=DETAIL&state=searchDetail.reaction&suppressNavigation=false&uiContext=366&uiSubContext=551&uriForDetails=multistep-reaction%2Fd648d923-28d1-5bcf-a4d9-9b134129d4b1&uriForGroup=substance%2Fpt%2F108305%2Bsubstance%2Fpt%2F33419420-%3Esubstance%2Fpt%2F100595139%2Bsubstance%2Fpt%2F107465021
72,1440,2,31-614-CAS-36491638,2,skipped,1,多产物反应，按当前课题规则跳过,https://scifinder-n.cas.org/search/reaction/6a58ba6462c3022ca7b601fb/72,https://scifinder-n.cas.org/navigate/?appId=745be5fa-16e5-4906-997a-135c7eed1783&backKey=6a58ba6462c3022ca7b601fb&backToPage=72&cidValue=816&groupOrdinal=1440&groupViewContextIndicator=false&isFromAllResults=false&isFromAlternateReactionSteps=false&isFromReactionGroup=false&key=6a58ba6462c3022ca7b601fb&metricsOrdinal=1440&ordinal=2&resultType=reaction&resultView=DETAIL&state=searchDetail.reaction&suppressNavigation=false&uiContext=366&uiSubContext=551&uriForDetails=multistep-reaction%2F834dcbca-270f-5f01-b4fc-3fb555aae3ec&uriForGroup=substance%2Fpt%2F108305%2Bsubstance%2Fpt%2F33419420-%3Esubstance%2Fpt%2F100595139%2Bsubstance%2Fpt%2F107465021
73,1441,1,31-355-CAS-696515,2,skipped,1,多产物反应，按当前课题规则跳过,https://scifinder-n.cas.org/search/reaction/6a58ba6462c3022ca7b601fb/73,https://scifinder-n.cas.org/navigate/?appId=407b462a-2e23-4098-8616-91476f0663ca&backKey=6a58ba6462c3022ca7b601fb&backToPage=73&cidValue=816&groupOrdinal=1441&groupViewContextIndicator=false&isFromAllResults=false&isFromAlternateReactionSteps=false&isFromReactionGroup=false&key=6a58ba6462c3022ca7b601fb&metricsOrdinal=1441&ordinal=1&resultType=reaction&resultView=DETAIL&state=searchDetail.reaction&suppressNavigation=false&uiContext=366&uiSubContext=551&uriForDetails=multistep-reaction%2Fd8166be5-c806-5f1c-a546-4d104056e486&uriForGroup=substance%2Fpt%2F108247%2Bsubstance%2Fpt%2F18929630-%3Esubstance%2Fpt%2F862379984%2Bsubstance%2Fpt%2F862380049
73,1442,1,31-357-CAS-10735438,2,skipped,1,多产物反应，按当前课题规则跳过,https://scifinder-n.cas.org/search/reaction/6a58ba6462c3022ca7b601fb/73,https://scifinder-n.cas.org/navigate/?appId=407b462a-2e23-4098-8616-91476f0663ca&backKey=6a58ba6462c3022ca7b601fb&backToPage=73&cidValue=816&groupOrdinal=1442&groupViewContextIndicator=false&isFromAllResults=false&isFromAlternateReactionSteps=false&isFromReactionGroup=false&key=6a58ba6462c3022ca7b601fb&metricsOrdinal=1442&ordinal=1&resultType=reaction&resultView=DETAIL&state=searchDetail.reaction&suppressNavigation=false&uiContext=366&uiSubContext=551&uriForDetails=multistep-reaction%2Fdadc5458-a4b7-55f0-8d83-ee1cc28e781b&uriForGroup=substance%2Fpt%2F151914340%2Bsubstance%2Fpt%2F71117378-%3Esubstance%2Fpt%2F151914362%2Bsubstance%2Fpt%2F151914373
73,1443,1,31-354-CAS-2825917,2,skipped,1,多产物反应，按当前课题规则跳过,https://scifinder-n.cas.org/search/reaction/6a58ba6462c3022ca7b601fb/73,https://scifinder-n.cas.org/navigate/?appId=407b462a-2e23-4098-8616-91476f0663ca&backKey=6a58ba6462c3022ca7b601fb&backToPage=73&cidValue=816&groupOrdinal=1443&groupViewContextIndicator=false&isFromAllResults=false&isFromAlternateReactionSteps=false&isFromReactionGroup=false&key=6a58ba6462c3022ca7b601fb&metricsOrdinal=1443&ordinal=1&resultType=reaction&resultView=DETAIL&state=searchDetail.reaction&suppressNavigation=false&uiContext=366&uiSubContext=551&uriForDetails=multistep-reaction%2Fdb29bb98-bed1-5b02-bb72-9cd31803ca9c&uriForGroup=substance%2Fpt%2F144364125%2Bsubstance%2Fpt%2F75365-%3Esubstance%2Fpt%2F1807621368%2Bsubstance%2Fpt%2F1807621379
73,1444,1,31-357-CAS-8886332,2,skipped,1,多产物反应，按当前课题规则跳过,https://scifinder-n.cas.org/search/reaction/6a58ba6462c3022ca7b601fb/73,https://scifinder-n.cas.org/navigate/?appId=407b462a-2e23-4098-8616-91476f0663ca&backKey=6a58ba6462c3022ca7b601fb&backToPage=73&cidValue=816&groupOrdinal=1444&groupViewContextIndicator=false&isFromAllResults=false&isFromAlternateReactionSteps=false&isFromReactionGroup=false&key=6a58ba6462c3022ca7b601fb&metricsOrdinal=1444&ordinal=1&resultType=reaction&resultView=DETAIL&state=searchDetail.reaction&suppressNavigation=false&uiContext=366&uiSubContext=551&uriForDetails=multistep-reaction%2Fdb7eaea0-d06a-546b-837c-d35ca28b748c&uriForGroup=substance%2Fpt%2F151914340%2Bsubstance%2Fpt%2F57701276-%3Esubstance%2Fpt%2F151914395%2Bsubstance%2Fpt%2F151914408
73,1445,1,31-357-CAS-15153559,2,skipped,1,多产物反应，按当前课题规则跳过,https://scifinder-n.cas.org/search/reaction/6a58ba6462c3022ca7b601fb/73,https://scifinder-n.cas.org/navigate/?appId=407b462a-2e23-4098-8616-91476f0663ca&backKey=6a58ba6462c3022ca7b601fb&backToPage=73&cidValue=816&groupOrdinal=1445&groupViewContextIndicator=false&isFromAllResults=false&isFromAlternateReactionSteps=false&isFromReactionGroup=false&key=6a58ba6462c3022ca7b601fb&metricsOrdinal=1445&ordinal=1&resultType=reaction&resultView=DETAIL&state=searchDetail.reaction&suppressNavigation=false&uiContext=366&uiSubContext=551&uriForDetails=multistep-reaction%2Fdf54fce3-406e-5994-afae-31b0da163fb9&uriForGroup=substance%2Fpt%2F10016203%2Bsubstance%2Fpt%2F62222440-%3Esubstance%2Fpt%2F1159217705%2Bsubstance%2Fpt%2F1159217716
73,1446,1,31-355-CAS-12418506,2,skipped,1,多产物反应，按当前课题规则跳过,https://scifinder-n.cas.org/search/reaction/6a58ba6462c3022ca7b601fb/73,https://scifinder-n.cas.org/navigate/?appId=407b462a-2e23-4098-8616-91476f0663ca&backKey=6a58ba6462c3022ca7b601fb&backToPage=73&cidValue=816&groupOrdinal=1446&groupViewContextIndicator=false&isFromAllResults=false&isFromAlternateReactionSteps=false&isFromReactionGroup=false&key=6a58ba6462c3022ca7b601fb&metricsOrdinal=1446&ordinal=1&resultType=reaction&resultView=DETAIL&state=searchDetail.reaction&suppressNavigation=false&uiContext=366&uiSubContext=551&uriForDetails=multistep-reaction%2Fe018e9cf-a4a5-566f-83ed-73fc9c0563c5&uriForGroup=substance%2Fpt%2F108247%2Bsubstance%2Fpt%2F282718507-%3Esubstance%2Fpt%2F1831912049%2Bsubstance%2Fpt%2F1831912061
73,1447,1,31-354-CAS-7886095,2,skipped,1,多产物反应，按当前课题规则跳过,https://scifinder-n.cas.org/search/reaction/6a58ba6462c3022ca7b601fb/73,https://scifinder-n.cas.org/navigate/?appId=407b462a-2e23-4098-8616-91476f0663ca&backKey=6a58ba6462c3022ca7b601fb&backToPage=73&cidValue=816&groupOrdinal=1447&groupViewContextIndicator=false&isFromAllResults=false&isFromAlternateReactionSteps=false&isFromReactionGroup=false&key=6a58ba6462c3022ca7b601fb&metricsOrdinal=1447&ordinal=1&resultType=reaction&resultView=DETAIL&state=searchDetail.reaction&suppressNavigation=false&uiContext=366&uiSubContext=551&uriForDetails=multistep-reaction%2Fe0267656-fe5e-5a84-bd2e-dae9811e831f&uriForGroup=substance%2Fpt%2F141753%2Bsubstance%2Fpt%2F144367317-%3Esubstance%2Fpt%2F1227744979%2Bsubstance%2Fpt%2F1227744991
73,1448,1,31-355-CAS-2420736,2,skipped,1,多产物反应，按当前课题规则跳过,https://scifinder-n.cas.org/search/reaction/6a58ba6462c3022ca7b601fb/73,https://scifinder-n.cas.org/navigate/?appId=407b462a-2e23-4098-8616-91476f0663ca&backKey=6a58ba6462c3022ca7b601fb&backToPage=73&cidValue=816&groupOrdinal=1448&groupViewContextIndicator=false&isFromAllResults=false&isFromAlternateReactionSteps=false&isFromReactionGroup=false&key=6a58ba6462c3022ca7b601fb&metricsOrdinal=1448&ordinal=1&resultType=reaction&resultView=DETAIL&state=searchDetail.reaction&suppressNavigation=false&uiContext=366&uiSubContext=551&uriForDetails=multistep-reaction%2Fe2ae9bc5-648a-5041-bc1c-f7601c6c6e34&uriForGroup=substance%2Fpt%2F108247%2Bsubstance%2Fpt%2F71117378-%3Esubstance%2Fpt%2F141611587%2Bsubstance%2Fpt%2F141611598
73,1449,1,31-008-CAS-23500264,2,skipped,1,多产物反应，按当前课题规则跳过,https://scifinder-n.cas.org/search/reaction/6a58ba6462c3022ca7b601fb/73,https://scifinder-n.cas.org/navigate/?appId=407b462a-2e23-4098-8616-91476f0663ca&backKey=6a58ba6462c3022ca7b601fb&backToPage=73&cidValue=816&groupOrdinal=1449&groupViewContextIndicator=false&isFromAllResults=false&isFromAlternateReactionSteps=false&isFromReactionGroup=false&key=6a58ba6462c3022ca7b601fb&metricsOrdinal=1449&ordinal=1&resultType=reaction&resultView=DETAIL&state=searchDetail.reaction&suppressNavigation=false&uiContext=366&uiSubContext=551&uriForDetails=multistep-reaction%2F3ed23b43-4816-5998-beb0-5d3c04a28edd&uriForGroup=substance%2Fpt%2F106956%2Bsubstance%2Fpt%2F53958477-%3Esubstance%2Fpt%2F2133444036%2Bsubstance%2Fpt%2F2133444047
73,1449,2,31-008-CAS-20311218,2,skipped,1,多产物反应，按当前课题规则跳过,https://scifinder-n.cas.org/search/reaction/6a58ba6462c3022ca7b601fb/73,https://scifinder-n.cas.org/navigate/?appId=407b462a-2e23-4098-8616-91476f0663ca&backKey=6a58ba6462c3022ca7b601fb&backToPage=73&cidValue=816&groupOrdinal=1449&groupViewContextIndicator=false&isFromAllResults=false&isFromAlternateReactionSteps=false&isFromReactionGroup=false&key=6a58ba6462c3022ca7b601fb&metricsOrdinal=1449&ordinal=2&resultType=reaction&resultView=DETAIL&state=searchDetail.reaction&suppressNavigation=false&uiContext=366&uiSubContext=551&uriForDetails=multistep-reaction%2Fe725c903-7a8c-5d25-8a74-e3ba3343bf27&uriForGroup=substance%2Fpt%2F106956%2Bsubstance%2Fpt%2F53958477-%3Esubstance%2Fpt%2F2133444036%2Bsubstance%2Fpt%2F2133444047
73,1449,3,31-008-CAS-19521082,2,skipped,1,多产物反应，按当前课题规则跳过,https://scifinder-n.cas.org/search/reaction/6a58ba6462c3022ca7b601fb/73,https://scifinder-n.cas.org/navigate/?appId=407b462a-2e23-4098-8616-91476f0663ca&backKey=6a58ba6462c3022ca7b601fb&backToPage=73&cidValue=816&groupOrdinal=1449&groupViewContextIndicator=false&isFromAllResults=false&isFromAlternateReactionSteps=false&isFromReactionGroup=false&key=6a58ba6462c3022ca7b601fb&metricsOrdinal=1449&ordinal=3&resultType=reaction&resultView=DETAIL&state=searchDetail.reaction&suppressNavigation=false&uiContext=366&uiSubContext=551&uriForDetails=multistep-reaction%2Fbf5d399a-aab5-5fed-b8a9-6006811ae2cf&uriForGroup=substance%2Fpt%2F106956%2Bsubstance%2Fpt%2F53958477-%3Esubstance%2Fpt%2F2133444036%2Bsubstance%2Fpt%2F2133444047
73,1450,1,31-013-CAS-263888,2,skipped,1,多产物反应，按当前课题规则跳过,https://scifinder-n.cas.org/search/reaction/6a58ba6462c3022ca7b601fb/73,https://scifinder-n.cas.org/navigate/?appId=407b462a-2e23-4098-8616-91476f0663ca&backKey=6a58ba6462c3022ca7b601fb&backToPage=73&cidValue=816&groupOrdinal=1450&groupViewContextIndicator=false&isFromAllResults=false&isFromAlternateReactionSteps=false&isFromReactionGroup=false&key=6a58ba6462c3022ca7b601fb&metricsOrdinal=1450&ordinal=1&resultType=reaction&resultView=DETAIL&state=searchDetail.reaction&suppressNavigation=false&uiContext=366&uiSubContext=551&uriForDetails=multistep-reaction%2Fe78db7f9-b6ca-54da-a7cc-38dc473deef9&uriForGroup=substance%2Fpt%2F144490573%2Bsubstance%2Fpt%2F695228296-%3Esubstance%2Fpt%2F695228343%2Bsubstance%2Fpt%2F695228365
73,1451,1,31-011-CAS-18480920,2,skipped,1,多产物反应，按当前课题规则跳过,https://scifinder-n.cas.org/search/reaction/6a58ba6462c3022ca7b601fb/73,https://scifinder-n.cas.org/navigate/?appId=407b462a-2e23-4098-8616-91476f0663ca&backKey=6a58ba6462c3022ca7b601fb&backToPage=73&cidValue=816&groupOrdinal=1451&groupViewContextIndicator=false&isFromAllResults=false&isFromAlternateReactionSteps=false&isFromReactionGroup=false&key=6a58ba6462c3022ca7b601fb&metricsOrdinal=1451&ordinal=1&resultType=reaction&resultView=DETAIL&state=searchDetail.reaction&suppressNavigation=false&uiContext=366&uiSubContext=551&uriForDetails=multistep-reaction%2Fec1087a5-7384-5557-bf66-69173fc8c0f6&uriForGroup=substance%2Fpt%2F15354297%2Bsubstance%2Fpt%2F883409-%3Esubstance%2Fpt%2F82186070%2Bsubstance%2Fpt%2F82186081
73,1452,1,31-357-CAS-13141265,2,skipped,1,多产物反应，按当前课题规则跳过,https://scifinder-n.cas.org/search/reaction/6a58ba6462c3022ca7b601fb/73,https://scifinder-n.cas.org/navigate/?appId=407b462a-2e23-4098-8616-91476f0663ca&backKey=6a58ba6462c3022ca7b601fb&backToPage=73&cidValue=816&groupOrdinal=1452&groupViewContextIndicator=false&isFromAllResults=false&isFromAlternateReactionSteps=false&isFromReactionGroup=false&key=6a58ba6462c3022ca7b601fb&metricsOrdinal=1452&ordinal=1&resultType=reaction&resultView=DETAIL&state=searchDetail.reaction&suppressNavigation=false&uiContext=366&uiSubContext=551&uriForDetails=multistep-reaction%2Fece526db-5717-5db4-ba94-d941c7ee274d&uriForGroup=substance%2Fpt%2F57701276%2Bsubstance%2Fpt%2F67858020-%3Esubstance%2Fpt%2F151914419%2Bsubstance%2Fpt%2F152005715
73,1453,1,31-614-CAS-27157878,2,skipped,1,多产物反应，按当前课题规则跳过,https://scifinder-n.cas.org/search/reaction/6a58ba6462c3022ca7b601fb/73,https://scifinder-n.cas.org/navigate/?appId=407b462a-2e23-4098-8616-91476f0663ca&backKey=6a58ba6462c3022ca7b601fb&backToPage=73&cidValue=816&groupOrdinal=1453&groupViewContextIndicator=false&isFromAllResults=false&isFromAlternateReactionSteps=false&isFromReactionGroup=false&key=6a58ba6462c3022ca7b601fb&metricsOrdinal=1453&ordinal=1&resultType=reaction&resultView=DETAIL&state=searchDetail.reaction&suppressNavigation=false&uiContext=366&uiSubContext=551&uriForDetails=multistep-reaction%2Fee6c4748-fdfe-5380-b665-ef1764706124&uriForGroup=substance%2Fpt%2F121618880%2Bsubstance%2Fpt%2F17465860-%3Esubstance%2Fpt%2F121618857%2Bsubstance%2Fpt%2F121618868
73,1454,1,31-614-CAS-31447814,2,skipped,1,多产物反应，按当前课题规则跳过,https://scifinder-n.cas.org/search/reaction/6a58ba6462c3022ca7b601fb/73,https://scifinder-n.cas.org/navigate/?appId=407b462a-2e23-4098-8616-91476f0663ca&backKey=6a58ba6462c3022ca7b601fb&backToPage=73&cidValue=816&groupOrdinal=1454&groupViewContextIndicator=false&isFromAllResults=false&isFromAlternateReactionSteps=false&isFromReactionGroup=false&key=6a58ba6462c3022ca7b601fb&metricsOrdinal=1454&ordinal=1&resultType=reaction&resultView=DETAIL&state=searchDetail.reaction&suppressNavigation=false&uiContext=366&uiSubContext=551&uriForDetails=multistep-reaction%2Ff764a2bf-a474-5238-9674-ead97be8aaaa&uriForGroup=substance%2Fpt%2F1393472020%2Bsubstance%2Fpt%2F931577-%3Esubstance%2Fpt%2F2758649817%2Bsubstance%2Fpt%2F2758649828
73,1455,1,31-006-CAS-3470090,2,skipped,1,多产物反应，按当前课题规则跳过,https://scifinder-n.cas.org/search/reaction/6a58ba6462c3022ca7b601fb/73,https://scifinder-n.cas.org/navigate/?appId=407b462a-2e23-4098-8616-91476f0663ca&backKey=6a58ba6462c3022ca7b601fb&backToPage=73&cidValue=816&groupOrdinal=1455&groupViewContextIndicator=false&isFromAllResults=false&isFromAlternateReactionSteps=false&isFromReactionGroup=false&key=6a58ba6462c3022ca7b601fb&metricsOrdinal=1455&ordinal=1&resultType=reaction&resultView=DETAIL&state=searchDetail.reaction&suppressNavigation=false&uiContext=366&uiSubContext=551&uriForDetails=multistep-reaction%2Ff9b00649-69ba-5dd0-86b2-50cc5ef1220f&uriForGroup=substance%2Fpt%2F10016203%2Bsubstance%2Fpt%2F585999-%3Esubstance%2Fpt%2F833482170%2Bsubstance%2Fpt%2F833482181
73,1456,1,31-008-CAS-1499214,2,skipped,1,多产物反应，按当前课题规则跳过,https://scifinder-n.cas.org/search/reaction/6a58ba6462c3022ca7b601fb/73,https://scifinder-n.cas.org/navigate/?appId=407b462a-2e23-4098-8616-91476f0663ca&backKey=6a58ba6462c3022ca7b601fb&backToPage=73&cidValue=816&groupOrdinal=1456&groupViewContextIndicator=false&isFromAllResults=false&isFromAlternateReactionSteps=false&isFromReactionGroup=false&key=6a58ba6462c3022ca7b601fb&metricsOrdinal=1456&ordinal=1&resultType=reaction&resultView=DETAIL&state=searchDetail.reaction&suppressNavigation=false&uiContext=366&uiSubContext=551&uriForDetails=multistep-reaction%2Ffabcd5e1-bdf6-545d-9db1-1bf3d5763924&uriForGroup=substance%2Fpt%2F3162967%2Bsubstance%2Fpt%2F4196354-%3Esubstance%2Fpt%2F101068057%2Bsubstance%2Fpt%2F101068068
73,1457,1,31-354-CAS-13780738,2,skipped,1,多产物反应，按当前课题规则跳过,https://scifinder-n.cas.org/search/reaction/6a58ba6462c3022ca7b601fb/73,https://scifinder-n.cas.org/navigate/?appId=407b462a-2e23-4098-8616-91476f0663ca&backKey=6a58ba6462c3022ca7b601fb&backToPage=73&cidValue=816&groupOrdinal=1457&groupViewContextIndicator=false&isFromAllResults=false&isFromAlternateReactionSteps=false&isFromReactionGroup=false&key=6a58ba6462c3022ca7b601fb&metricsOrdinal=1457&ordinal=1&resultType=reaction&resultView=DETAIL&state=searchDetail.reaction&suppressNavigation=false&uiContext=366&uiSubContext=551&uriForDetails=multistep-reaction%2F62977e60-32bf-56ad-a976-1e47205c4631&uriForGroup=substance%2Fpt%2F57701276%2Bsubstance%2Fpt%2F586754-%3Esubstance%2Fpt%2F1499140601%2Bsubstance%2Fpt%2F1499140612
73,1457,2,31-354-CAS-11651576,2,skipped,1,多产物反应，按当前课题规则跳过,https://scifinder-n.cas.org/search/reaction/6a58ba6462c3022ca7b601fb/73,https://scifinder-n.cas.org/navigate/?appId=407b462a-2e23-4098-8616-91476f0663ca&backKey=6a58ba6462c3022ca7b601fb&backToPage=73&cidValue=816&groupOrdinal=1457&groupViewContextIndicator=false&isFromAllResults=false&isFromAlternateReactionSteps=false&isFromReactionGroup=false&key=6a58ba6462c3022ca7b601fb&metricsOrdinal=1457&ordinal=2&resultType=reaction&resultView=DETAIL&state=searchDetail.reaction&suppressNavigation=false&uiContext=366&uiSubContext=551&uriForDetails=multistep-reaction%2Ffad32b36-8a77-5447-ab93-42b1a9e81629&uriForGroup=substance%2Fpt%2F57701276%2Bsubstance%2Fpt%2F586754-%3Esubstance%2Fpt%2F1499140601%2Bsubstance%2Fpt%2F1499140612
73,1458,1,31-008-CAS-17966902,2,skipped,1,多产物反应，按当前课题规则跳过,https://scifinder-n.cas.org/search/reaction/6a58ba6462c3022ca7b601fb/73,https://scifinder-n.cas.org/navigate/?appId=407b462a-2e23-4098-8616-91476f0663ca&backKey=6a58ba6462c3022ca7b601fb&backToPage=73&cidValue=816&groupOrdinal=1458&groupViewContextIndicator=false&isFromAllResults=false&isFromAlternateReactionSteps=false&isFromReactionGroup=false&key=6a58ba6462c3022ca7b601fb&metricsOrdinal=1458&ordinal=1&resultType=reaction&resultView=DETAIL&state=searchDetail.reaction&suppressNavigation=false&uiContext=366&uiSubContext=551&uriForDetails=multistep-reaction%2Ffca4098f-1b0a-59b2-80c1-f706c16316fb&uriForGroup=substance%2Fpt%2F100447%2Bsubstance%2Fpt%2F87508176-%3Esubstance%2Fpt%2F128848511%2Bsubstance%2Fpt%2F528872562
73,1459,1,31-529-CAS-2455111,2,skipped,1,多产物反应，按当前课题规则跳过,https://scifinder-n.cas.org/search/reaction/6a58ba6462c3022ca7b601fb/73,https://scifinder-n.cas.org/navigate/?appId=407b462a-2e23-4098-8616-91476f0663ca&backKey=6a58ba6462c3022ca7b601fb&backToPage=73&cidValue=816&groupOrdinal=1459&groupViewContextIndicator=false&isFromAllResults=false&isFromAlternateReactionSteps=false&isFromReactionGroup=false&key=6a58ba6462c3022ca7b601fb&metricsOrdinal=1459&ordinal=1&resultType=reaction&resultView=DETAIL&state=searchDetail.reaction&suppressNavigation=false&uiContext=366&uiSubContext=551&uriForDetails=multistep-reaction%2Ffd1a0ae8-158c-5c68-a362-6c08497b9f2b&uriForGroup=substance%2Fpt%2F72380688%2Bsubstance%2Fpt%2F7585399-%3Esubstance%2Fpt%2F265666613%2Bsubstance%2Fpt%2F265666646
73,1460,1,31-614-CAS-35071314,2,skipped,1,多产物反应，按当前课题规则跳过,https://scifinder-n.cas.org/search/reaction/6a58ba6462c3022ca7b601fb/73,https://scifinder-n.cas.org/navigate/?appId=407b462a-2e23-4098-8616-91476f0663ca&backKey=6a58ba6462c3022ca7b601fb&backToPage=73&cidValue=816&groupOrdinal=1460&groupViewContextIndicator=false&isFromAllResults=false&isFromAlternateReactionSteps=false&isFromReactionGroup=false&key=6a58ba6462c3022ca7b601fb&metricsOrdinal=1460&ordinal=1&resultType=reaction&resultView=DETAIL&state=searchDetail.reaction&suppressNavigation=false&uiContext=366&uiSubContext=551&uriForDetails=multistep-reaction%2Ffd4205af-c9b3-551c-a35c-b543d7ecedb0&uriForGroup=substance%2Fpt%2F22115419%2Bsubstance%2Fpt%2F65530269-%3Esubstance%2Fpt%2F1863119101%2Bsubstance%2Fpt%2F2763631612
74,1461,1,31-236-CAS-23048624,2,skipped,1,多产物反应，按当前课题规则跳过,https://scifinder-n.cas.org/search/reaction/6a58ba6462c3022ca7b601fb/74,https://scifinder-n.cas.org/navigate/?appId=32134bf8-0e2f-45b3-ba56-ef37e13cf5e1&backKey=6a58ba6462c3022ca7b601fb&backToPage=74&cidValue=816&groupOrdinal=1461&groupViewContextIndicator=false&isFromAllResults=false&isFromAlternateReactionSteps=false&isFromReactionGroup=false&key=6a58ba6462c3022ca7b601fb&metricsOrdinal=1461&ordinal=1&resultType=reaction&resultView=DETAIL&state=searchDetail.reaction&suppressNavigation=false&uiContext=366&uiSubContext=551&uriForDetails=multistep-reaction%2Fff8edb4b-44de-59d2-9ecb-896de66da4e2&uriForGroup=substance%2Fpt%2F139684665%2Bsubstance%2Fpt%2F33419420-%3Esubstance%2Fpt%2F2567899958%2Bsubstance%2Fpt%2F2567899970
74,1462,1,31-357-CAS-2854188,3,skipped,1,多产物反应，按当前课题规则跳过,https://scifinder-n.cas.org/search/reaction/6a58ba6462c3022ca7b601fb/74,https://scifinder-n.cas.org/navigate/?appId=32134bf8-0e2f-45b3-ba56-ef37e13cf5e1&backKey=6a58ba6462c3022ca7b601fb&backToPage=74&cidValue=816&groupOrdinal=1462&groupViewContextIndicator=false&isFromAllResults=false&isFromAlternateReactionSteps=false&isFromReactionGroup=false&key=6a58ba6462c3022ca7b601fb&metricsOrdinal=1462&ordinal=1&resultType=reaction&resultView=DETAIL&state=searchDetail.reaction&suppressNavigation=false&uiContext=366&uiSubContext=551&uriForDetails=multistep-reaction%2F557316ec-07f4-5697-8768-e55188cfccdc&uriForGroup=substance%2Fpt%2F1007854978%2Bsubstance%2Fpt%2F54769367-%3Esubstance%2Fpt%2F1007855017%2Bsubstance%2Fpt%2F1007855233%2Bsubstance%2Fpt%2F141020088
74,1463,1,31-614-CAS-47550630,3,skipped,1,多产物反应，按当前课题规则跳过,https://scifinder-n.cas.org/search/reaction/6a58ba6462c3022ca7b601fb/74,https://scifinder-n.cas.org/navigate/?appId=32134bf8-0e2f-45b3-ba56-ef37e13cf5e1&backKey=6a58ba6462c3022ca7b601fb&backToPage=74&cidValue=816&groupOrdinal=1463&groupViewContextIndicator=false&isFromAllResults=false&isFromAlternateReactionSteps=false&isFromReactionGroup=false&key=6a58ba6462c3022ca7b601fb&metricsOrdinal=1463&ordinal=1&resultType=reaction&resultView=DETAIL&state=searchDetail.reaction&suppressNavigation=false&uiContext=366&uiSubContext=551&uriForDetails=multistep-reaction%2F8d3d704c-f844-51e5-b43c-becf4d1ff75b&uriForGroup=substance%2Fpt%2F18162486%2Bsubstance%2Fpt%2F7585399-%3Esubstance%2Fpt%2F123155033%2Bsubstance%2Fpt%2F187740950%2Bsubstance%2Fpt%2F396726388
74,1464,1,31-354-CAS-15160930,3,skipped,1,多产物反应，按当前课题规则跳过,https://scifinder-n.cas.org/search/reaction/6a58ba6462c3022ca7b601fb/74,https://scifinder-n.cas.org/navigate/?appId=32134bf8-0e2f-45b3-ba56-ef37e13cf5e1&backKey=6a58ba6462c3022ca7b601fb&backToPage=74&cidValue=816&groupOrdinal=1464&groupViewContextIndicator=false&isFromAllResults=false&isFromAlternateReactionSteps=false&isFromReactionGroup=false&key=6a58ba6462c3022ca7b601fb&metricsOrdinal=1464&ordinal=1&resultType=reaction&resultView=DETAIL&state=searchDetail.reaction&suppressNavigation=false&uiContext=366&uiSubContext=551&uriForDetails=multistep-reaction%2F36dab7cf-15d1-5f78-a8ec-d08598fe960e&uriForGroup=substance%2Fpt%2F65530269%2Bsubstance%2Fpt%2F98884-%3Esubstance%2Fpt%2F120200513%2Bsubstance%2Fpt%2F91685051%2Bsubstance%2Fpt%2F91685062
74,1464,2,31-354-CAS-8579283,3,skipped,1,多产物反应，按当前课题规则跳过,https://scifinder-n.cas.org/search/reaction/6a58ba6462c3022ca7b601fb/74,https://scifinder-n.cas.org/navigate/?appId=32134bf8-0e2f-45b3-ba56-ef37e13cf5e1&backKey=6a58ba6462c3022ca7b601fb&backToPage=74&cidValue=816&groupOrdinal=1464&groupViewContextIndicator=false&isFromAllResults=false&isFromAlternateReactionSteps=false&isFromReactionGroup=false&key=6a58ba6462c3022ca7b601fb&metricsOrdinal=1464&ordinal=2&resultType=reaction&resultView=DETAIL&state=searchDetail.reaction&suppressNavigation=false&uiContext=366&uiSubContext=551&uriForDetails=multistep-reaction%2Fa1992a79-6820-5adc-b121-cde63c6b0f3b&uriForGroup=substance%2Fpt%2F65530269%2Bsubstance%2Fpt%2F98884-%3Esubstance%2Fpt%2F120200513%2Bsubstance%2Fpt%2F91685051%2Bsubstance%2Fpt%2F91685062
74,1464,3,31-354-CAS-6449468,3,skipped,1,多产物反应，按当前课题规则跳过,https://scifinder-n.cas.org/search/reaction/6a58ba6462c3022ca7b601fb/74,https://scifinder-n.cas.org/navigate/?appId=32134bf8-0e2f-45b3-ba56-ef37e13cf5e1&backKey=6a58ba6462c3022ca7b601fb&backToPage=74&cidValue=816&groupOrdinal=1464&groupViewContextIndicator=false&isFromAllResults=false&isFromAlternateReactionSteps=false&isFromReactionGroup=false&key=6a58ba6462c3022ca7b601fb&metricsOrdinal=1464&ordinal=3&resultType=reaction&resultView=DETAIL&state=searchDetail.reaction&suppressNavigation=false&uiContext=366&uiSubContext=551&uriForDetails=multistep-reaction%2F0b147be5-42c1-5e65-ac3c-823683147fde&uriForGroup=substance%2Fpt%2F65530269%2Bsubstance%2Fpt%2F98884-%3Esubstance%2Fpt%2F120200513%2Bsubstance%2Fpt%2F91685051%2Bsubstance%2Fpt%2F91685062
74,1465,1,31-049-CAS-29697,3,skipped,1,多产物反应，按当前课题规则跳过,https://scifinder-n.cas.org/search/reaction/6a58ba6462c3022ca7b601fb/74,https://scifinder-n.cas.org/navigate/?appId=32134bf8-0e2f-45b3-ba56-ef37e13cf5e1&backKey=6a58ba6462c3022ca7b601fb&backToPage=74&cidValue=816&groupOrdinal=1465&groupViewContextIndicator=false&isFromAllResults=false&isFromAlternateReactionSteps=false&isFromReactionGroup=false&key=6a58ba6462c3022ca7b601fb&metricsOrdinal=1465&ordinal=1&resultType=reaction&resultView=DETAIL&state=searchDetail.reaction&suppressNavigation=false&uiContext=366&uiSubContext=551&uriForDetails=multistep-reaction%2F6bba9409-ee8b-54c7-b5ed-19485289a820&uriForGroup=substance%2Fpt%2F1427201793%2Bsubstance%2Fpt%2F98884-%3Esubstance%2Fpt%2F1427201806%2Bsubstance%2Fpt%2F1427201817%2Bsubstance%2Fpt%2F1427201828
74,1466,1,31-022-CAS-3878255,3,skipped,1,多产物反应，按当前课题规则跳过,https://scifinder-n.cas.org/search/reaction/6a58ba6462c3022ca7b601fb/74,https://scifinder-n.cas.org/navigate/?appId=32134bf8-0e2f-45b3-ba56-ef37e13cf5e1&backKey=6a58ba6462c3022ca7b601fb&backToPage=74&cidValue=816&groupOrdinal=1466&groupViewContextIndicator=false&isFromAllResults=false&isFromAlternateReactionSteps=false&isFromReactionGroup=false&key=6a58ba6462c3022ca7b601fb&metricsOrdinal=1466&ordinal=1&resultType=reaction&resultView=DETAIL&state=searchDetail.reaction&suppressNavigation=false&uiContext=366&uiSubContext=551&uriForDetails=multistep-reaction%2F90aaf112-6644-5d67-939c-a91d6ee6e3b2&uriForGroup=substance%2Fpt%2F1391934341-%3Esubstance%2Fpt%2F1391934147%2Bsubstance%2Fpt%2F1391934352%2Bsubstance%2Fpt%2F1391934363
74,1467,1,31-355-CAS-14995836,3,skipped,1,多产物反应，按当前课题规则跳过,https://scifinder-n.cas.org/search/reaction/6a58ba6462c3022ca7b601fb/74,https://scifinder-n.cas.org/navigate/?appId=32134bf8-0e2f-45b3-ba56-ef37e13cf5e1&backKey=6a58ba6462c3022ca7b601fb&backToPage=74&cidValue=816&groupOrdinal=1467&groupViewContextIndicator=false&isFromAllResults=false&isFromAlternateReactionSteps=false&isFromReactionGroup=false&key=6a58ba6462c3022ca7b601fb&metricsOrdinal=1467&ordinal=1&resultType=reaction&resultView=DETAIL&state=searchDetail.reaction&suppressNavigation=false&uiContext=366&uiSubContext=551&uriForDetails=multistep-reaction%2Fa2863da1-d3d9-58c6-a426-691e642205cc&uriForGroup=substance%2Fpt%2F71117367%2Bsubstance%2Fpt%2F93970-%3Esubstance%2Fpt%2F86420726%2Bsubstance%2Fpt%2F86420737%2Bsubstance%2Fpt%2F86420748
74,1468,1,31-354-CAS-12750767,3,skipped,1,多产物反应，按当前课题规则跳过,https://scifinder-n.cas.org/search/reaction/6a58ba6462c3022ca7b601fb/74,https://scifinder-n.cas.org/navigate/?appId=32134bf8-0e2f-45b3-ba56-ef37e13cf5e1&backKey=6a58ba6462c3022ca7b601fb&backToPage=74&cidValue=816&groupOrdinal=1468&groupViewContextIndicator=false&isFromAllResults=false&isFromAlternateReactionSteps=false&isFromReactionGroup=false&key=6a58ba6462c3022ca7b601fb&metricsOrdinal=1468&ordinal=1&resultType=reaction&resultView=DETAIL&state=searchDetail.reaction&suppressNavigation=false&uiContext=366&uiSubContext=551&uriForDetails=multistep-reaction%2F3db794f2-3c62-5329-8c6c-af99141ce1ea&uriForGroup=substance%2Fpt%2F110850301%2Bsubstance%2Fpt%2F98884-%3Esubstance%2Fpt%2F117181245%2Bsubstance%2Fpt%2F117181256%2Bsubstance%2Fpt%2F1657017781
74,1469,1,31-355-CAS-10117151,3,skipped,1,多产物反应，按当前课题规则跳过,https://scifinder-n.cas.org/search/reaction/6a58ba6462c3022ca7b601fb/74,https://scifinder-n.cas.org/navigate/?appId=32134bf8-0e2f-45b3-ba56-ef37e13cf5e1&backKey=6a58ba6462c3022ca7b601fb&backToPage=74&cidValue=816&groupOrdinal=1469&groupViewContextIndicator=false&isFromAllResults=false&isFromAlternateReactionSteps=false&isFromReactionGroup=false&key=6a58ba6462c3022ca7b601fb&metricsOrdinal=1469&ordinal=1&resultType=reaction&resultView=DETAIL&state=searchDetail.reaction&suppressNavigation=false&uiContext=366&uiSubContext=551&uriForDetails=multistep-reaction%2F34c1279a-9339-5194-8bba-b1db8e801f67&uriForGroup=substance%2Fpt%2F110850301%2Bsubstance%2Fpt%2F93970-%3Esubstance%2Fpt%2F117181245%2Bsubstance%2Fpt%2F117181256%2Bsubstance%2Fpt%2F1657017781
74,1470,1,31-355-CAS-8981765,3,skipped,1,多产物反应，按当前课题规则跳过,https://scifinder-n.cas.org/search/reaction/6a58ba6462c3022ca7b601fb/74,https://scifinder-n.cas.org/navigate/?appId=32134bf8-0e2f-45b3-ba56-ef37e13cf5e1&backKey=6a58ba6462c3022ca7b601fb&backToPage=74&cidValue=816&groupOrdinal=1470&groupViewContextIndicator=false&isFromAllResults=false&isFromAlternateReactionSteps=false&isFromReactionGroup=false&key=6a58ba6462c3022ca7b601fb&metricsOrdinal=1470&ordinal=1&resultType=reaction&resultView=DETAIL&state=searchDetail.reaction&suppressNavigation=false&uiContext=366&uiSubContext=551&uriForDetails=multistep-reaction%2F2e650b66-6f24-53d4-8532-68134a47404f&uriForGroup=substance%2Fpt%2F57701276%2Bsubstance%2Fpt%2F93970-%3Esubstance%2Fpt%2F120200466%2Bsubstance%2Fpt%2F75829639%2Bsubstance%2Fpt%2F80041301
74,1470,2,31-355-CAS-17047876,3,skipped,1,多产物反应，按当前课题规则跳过,https://scifinder-n.cas.org/search/reaction/6a58ba6462c3022ca7b601fb/74,https://scifinder-n.cas.org/navigate/?appId=32134bf8-0e2f-45b3-ba56-ef37e13cf5e1&backKey=6a58ba6462c3022ca7b601fb&backToPage=74&cidValue=816&groupOrdinal=1470&groupViewContextIndicator=false&isFromAllResults=false&isFromAlternateReactionSteps=false&isFromReactionGroup=false&key=6a58ba6462c3022ca7b601fb&metricsOrdinal=1470&ordinal=2&resultType=reaction&resultView=DETAIL&state=searchDetail.reaction&suppressNavigation=false&uiContext=366&uiSubContext=551&uriForDetails=multistep-reaction%2F20078f55-df92-510a-a6e4-9828ac5e97ef&uriForGroup=substance%2Fpt%2F57701276%2Bsubstance%2Fpt%2F93970-%3Esubstance%2Fpt%2F120200466%2Bsubstance%2Fpt%2F75829639%2Bsubstance%2Fpt%2F80041301
74,1470,3,31-355-CAS-17047881,3,skipped,1,多产物反应，按当前课题规则跳过,https://scifinder-n.cas.org/search/reaction/6a58ba6462c3022ca7b601fb/74,https://scifinder-n.cas.org/navigate/?appId=32134bf8-0e2f-45b3-ba56-ef37e13cf5e1&backKey=6a58ba6462c3022ca7b601fb&backToPage=74&cidValue=816&groupOrdinal=1470&groupViewContextIndicator=false&isFromAllResults=false&isFromAlternateReactionSteps=false&isFromReactionGroup=false&key=6a58ba6462c3022ca7b601fb&metricsOrdinal=1470&ordinal=3&resultType=reaction&resultView=DETAIL&state=searchDetail.reaction&suppressNavigation=false&uiContext=366&uiSubContext=551&uriForDetails=multistep-reaction%2F2326a86d-b751-505b-a499-1294a2732895&uriForGroup=substance%2Fpt%2F57701276%2Bsubstance%2Fpt%2F93970-%3Esubstance%2Fpt%2F120200466%2Bsubstance%2Fpt%2F75829639%2Bsubstance%2Fpt%2F80041301
74,1471,1,31-355-CAS-23296925,3,skipped,1,多产物反应，按当前课题规则跳过,https://scifinder-n.cas.org/search/reaction/6a58ba6462c3022ca7b601fb/74,https://scifinder-n.cas.org/navigate/?appId=32134bf8-0e2f-45b3-ba56-ef37e13cf5e1&backKey=6a58ba6462c3022ca7b601fb&backToPage=74&cidValue=816&groupOrdinal=1471&groupViewContextIndicator=false&isFromAllResults=false&isFromAlternateReactionSteps=false&isFromReactionGroup=false&key=6a58ba6462c3022ca7b601fb&metricsOrdinal=1471&ordinal=1&resultType=reaction&resultView=DETAIL&state=searchDetail.reaction&suppressNavigation=false&uiContext=366&uiSubContext=551&uriForDetails=multistep-reaction%2F322c3d6f-7c44-5c9c-a8cb-b175d6a6626b&uriForGroup=substance%2Fpt%2F108247%2Bsubstance%2Fpt%2F57701276-%3Esubstance%2Fpt%2F104321100%2Bsubstance%2Fpt%2F107657078%2Bsubstance%2Fpt%2F76333829
74,1471,2,31-355-CAS-21497442,3,skipped,1,多产物反应，按当前课题规则跳过,https://scifinder-n.cas.org/search/reaction/6a58ba6462c3022ca7b601fb/74,https://scifinder-n.cas.org/navigate/?appId=32134bf8-0e2f-45b3-ba56-ef37e13cf5e1&backKey=6a58ba6462c3022ca7b601fb&backToPage=74&cidValue=816&groupOrdinal=1471&groupViewContextIndicator=false&isFromAllResults=false&isFromAlternateReactionSteps=false&isFromReactionGroup=false&key=6a58ba6462c3022ca7b601fb&metricsOrdinal=1471&ordinal=2&resultType=reaction&resultView=DETAIL&state=searchDetail.reaction&suppressNavigation=false&uiContext=366&uiSubContext=551&uriForDetails=multistep-reaction%2F99d2a388-767b-5157-8634-20288fb6c60e&uriForGroup=substance%2Fpt%2F108247%2Bsubstance%2Fpt%2F57701276-%3Esubstance%2Fpt%2F104321100%2Bsubstance%2Fpt%2F107657078%2Bsubstance%2Fpt%2F76333829
74,1471,3,31-614-CAS-39742222,3,skipped,1,多产物反应，按当前课题规则跳过,https://scifinder-n.cas.org/search/reaction/6a58ba6462c3022ca7b601fb/74,https://scifinder-n.cas.org/navigate/?appId=32134bf8-0e2f-45b3-ba56-ef37e13cf5e1&backKey=6a58ba6462c3022ca7b601fb&backToPage=74&cidValue=816&groupOrdinal=1471&groupViewContextIndicator=false&isFromAllResults=false&isFromAlternateReactionSteps=false&isFromReactionGroup=false&key=6a58ba6462c3022ca7b601fb&metricsOrdinal=1471&ordinal=3&resultType=reaction&resultView=DETAIL&state=searchDetail.reaction&suppressNavigation=false&uiContext=366&uiSubContext=551&uriForDetails=multistep-reaction%2Fdf5f7d80-694a-58ad-a68a-98f7ce6ad53c&uriForGroup=substance%2Fpt%2F108247%2Bsubstance%2Fpt%2F57701276-%3Esubstance%2Fpt%2F104321100%2Bsubstance%2Fpt%2F107657078%2Bsubstance%2Fpt%2F76333829
74,1472,1,31-355-CAS-12560629,3,skipped,1,多产物反应，按当前课题规则跳过,https://scifinder-n.cas.org/search/reaction/6a58ba6462c3022ca7b601fb/74,https://scifinder-n.cas.org/navigate/?appId=32134bf8-0e2f-45b3-ba56-ef37e13cf5e1&backKey=6a58ba6462c3022ca7b601fb&backToPage=74&cidValue=816&groupOrdinal=1472&groupViewContextIndicator=false&isFromAllResults=false&isFromAlternateReactionSteps=false&isFromReactionGroup=false&key=6a58ba6462c3022ca7b601fb&metricsOrdinal=1472&ordinal=1&resultType=reaction&resultView=DETAIL&state=searchDetail.reaction&suppressNavigation=false&uiContext=366&uiSubContext=551&uriForDetails=multistep-reaction%2F00597b79-dfa6-5352-be10-949f77784a81&uriForGroup=substance%2Fpt%2F185754261%2Bsubstance%2Fpt%2F93970-%3Esubstance%2Fpt%2F1657017747%2Bsubstance%2Fpt%2F1657017769%2Bsubstance%2Fpt%2F273397254
74,1473,1,31-354-CAS-9103567,3,skipped,1,多产物反应，按当前课题规则跳过,https://scifinder-n.cas.org/search/reaction/6a58ba6462c3022ca7b601fb/74,https://scifinder-n.cas.org/navigate/?appId=32134bf8-0e2f-45b3-ba56-ef37e13cf5e1&backKey=6a58ba6462c3022ca7b601fb&backToPage=74&cidValue=816&groupOrdinal=1473&groupViewContextIndicator=false&isFromAllResults=false&isFromAlternateReactionSteps=false&isFromReactionGroup=false&key=6a58ba6462c3022ca7b601fb&metricsOrdinal=1473&ordinal=1&resultType=reaction&resultView=DETAIL&state=searchDetail.reaction&suppressNavigation=false&uiContext=366&uiSubContext=551&uriForDetails=multistep-reaction%2F2d70f8a3-422a-52c0-9d58-a684bf4356db&uriForGroup=substance%2Fpt%2F1788887046%2Bsubstance%2Fpt%2F75365-%3Esubstance%2Fpt%2F1214256015%2Bsubstance%2Fpt%2F1423987498%2Bsubstance%2Fpt%2F1788887057
74,1474,1,31-355-CAS-23298544,3,skipped,1,多产物反应，按当前课题规则跳过,https://scifinder-n.cas.org/search/reaction/6a58ba6462c3022ca7b601fb/74,https://scifinder-n.cas.org/navigate/?appId=32134bf8-0e2f-45b3-ba56-ef37e13cf5e1&backKey=6a58ba6462c3022ca7b601fb&backToPage=74&cidValue=816&groupOrdinal=1474&groupViewContextIndicator=false&isFromAllResults=false&isFromAlternateReactionSteps=false&isFromReactionGroup=false&key=6a58ba6462c3022ca7b601fb&metricsOrdinal=1474&ordinal=1&resultType=reaction&resultView=DETAIL&state=searchDetail.reaction&suppressNavigation=false&uiContext=366&uiSubContext=551&uriForDetails=multistep-reaction%2Fcfd3927b-0008-5373-861e-0dbc8133addb&uriForGroup=substance%2Fpt%2F50256489%2Bsubstance%2Fpt%2F97723-%3Esubstance%2Fpt%2F2089249965%2Bsubstance%2Fpt%2F2089249976%2Bsubstance%2Fpt%2F2608839398
74,1475,1,31-354-CAS-16180883,3,skipped,1,多产物反应，按当前课题规则跳过,https://scifinder-n.cas.org/search/reaction/6a58ba6462c3022ca7b601fb/74,https://scifinder-n.cas.org/navigate/?appId=32134bf8-0e2f-45b3-ba56-ef37e13cf5e1&backKey=6a58ba6462c3022ca7b601fb&backToPage=74&cidValue=816&groupOrdinal=1475&groupViewContextIndicator=false&isFromAllResults=false&isFromAlternateReactionSteps=false&isFromReactionGroup=false&key=6a58ba6462c3022ca7b601fb&metricsOrdinal=1475&ordinal=1&resultType=reaction&resultView=DETAIL&state=searchDetail.reaction&suppressNavigation=false&uiContext=366&uiSubContext=551&uriForDetails=multistep-reaction%2Ffbf3bfed-5887-583a-bfb7-d6e88b16931b&uriForGroup=substance%2Fpt%2F1572181680%2Bsubstance%2Fpt%2F99332-%3Esubstance%2Fpt%2F1908463513%2Bsubstance%2Fpt%2F1908463546%2Bsubstance%2Fpt%2F1908463579
74,1476,1,31-355-CAS-3624586,3,skipped,1,多产物反应，按当前课题规则跳过,https://scifinder-n.cas.org/search/reaction/6a58ba6462c3022ca7b601fb/74,https://scifinder-n.cas.org/navigate/?appId=32134bf8-0e2f-45b3-ba56-ef37e13cf5e1&backKey=6a58ba6462c3022ca7b601fb&backToPage=74&cidValue=816&groupOrdinal=1476&groupViewContextIndicator=false&isFromAllResults=false&isFromAlternateReactionSteps=false&isFromReactionGroup=false&key=6a58ba6462c3022ca7b601fb&metricsOrdinal=1476&ordinal=1&resultType=reaction&resultView=DETAIL&state=searchDetail.reaction&suppressNavigation=false&uiContext=366&uiSubContext=551&uriForDetails=multistep-reaction%2F29ab5f30-0e36-58ab-9862-77623beacc31&uriForGroup=substance%2Fpt%2F65530269%2Bsubstance%2Fpt%2F93970-%3Esubstance%2Fpt%2F120200513%2Bsubstance%2Fpt%2F91685051%2Bsubstance%2Fpt%2F91685062
74,1476,2,31-355-CAS-15847834,3,skipped,1,多产物反应，按当前课题规则跳过,https://scifinder-n.cas.org/search/reaction/6a58ba6462c3022ca7b601fb/74,https://scifinder-n.cas.org/navigate/?appId=32134bf8-0e2f-45b3-ba56-ef37e13cf5e1&backKey=6a58ba6462c3022ca7b601fb&backToPage=74&cidValue=816&groupOrdinal=1476&groupViewContextIndicator=false&isFromAllResults=false&isFromAlternateReactionSteps=false&isFromReactionGroup=false&key=6a58ba6462c3022ca7b601fb&metricsOrdinal=1476&ordinal=2&resultType=reaction&resultView=DETAIL&state=searchDetail.reaction&suppressNavigation=false&uiContext=366&uiSubContext=551&uriForDetails=multistep-reaction%2F088abf10-4e45-561e-a7d6-368da90056e1&uriForGroup=substance%2Fpt%2F65530269%2Bsubstance%2Fpt%2F93970-%3Esubstance%2Fpt%2F120200513%2Bsubstance%2Fpt%2F91685051%2Bsubstance%2Fpt%2F91685062
74,1476,3,31-355-CAS-15923539,3,skipped,1,多产物反应，按当前课题规则跳过,https://scifinder-n.cas.org/search/reaction/6a58ba6462c3022ca7b601fb/74,https://scifinder-n.cas.org/navigate/?appId=32134bf8-0e2f-45b3-ba56-ef37e13cf5e1&backKey=6a58ba6462c3022ca7b601fb&backToPage=74&cidValue=816&groupOrdinal=1476&groupViewContextIndicator=false&isFromAllResults=false&isFromAlternateReactionSteps=false&isFromReactionGroup=false&key=6a58ba6462c3022ca7b601fb&metricsOrdinal=1476&ordinal=3&resultType=reaction&resultView=DETAIL&state=searchDetail.reaction&suppressNavigation=false&uiContext=366&uiSubContext=551&uriForDetails=multistep-reaction%2F1cc369a2-a764-51c7-873e-c2736280a522&uriForGroup=substance%2Fpt%2F65530269%2Bsubstance%2Fpt%2F93970-%3Esubstance%2Fpt%2F120200513%2Bsubstance%2Fpt%2F91685051%2Bsubstance%2Fpt%2F91685062
74,1477,1,31-354-CAS-16180881,3,skipped,1,多产物反应，按当前课题规则跳过,https://scifinder-n.cas.org/search/reaction/6a58ba6462c3022ca7b601fb/74,https://scifinder-n.cas.org/navigate/?appId=32134bf8-0e2f-45b3-ba56-ef37e13cf5e1&backKey=6a58ba6462c3022ca7b601fb&backToPage=74&cidValue=816&groupOrdinal=1477&groupViewContextIndicator=false&isFromAllResults=false&isFromAlternateReactionSteps=false&isFromReactionGroup=false&key=6a58ba6462c3022ca7b601fb&metricsOrdinal=1477&ordinal=1&resultType=reaction&resultView=DETAIL&state=searchDetail.reaction&suppressNavigation=false&uiContext=366&uiSubContext=551&uriForDetails=multistep-reaction%2Ff1efefff-6a03-5df0-9b17-ca6d31153e97&uriForGroup=substance%2Fpt%2F121904%2Bsubstance%2Fpt%2F1572181680-%3Esubstance%2Fpt%2F1908463433%2Bsubstance%2Fpt%2F1908463455%2Bsubstance%2Fpt%2F1908463488
74,1478,1,31-355-CAS-23297083,3,skipped,1,多产物反应，按当前课题规则跳过,https://scifinder-n.cas.org/search/reaction/6a58ba6462c3022ca7b601fb/74,https://scifinder-n.cas.org/navigate/?appId=32134bf8-0e2f-45b3-ba56-ef37e13cf5e1&backKey=6a58ba6462c3022ca7b601fb&backToPage=74&cidValue=816&groupOrdinal=1478&groupViewContextIndicator=false&isFromAllResults=false&isFromAlternateReactionSteps=false&isFromReactionGroup=false&key=6a58ba6462c3022ca7b601fb&metricsOrdinal=1478&ordinal=1&resultType=reaction&resultView=DETAIL&state=searchDetail.reaction&suppressNavigation=false&uiContext=366&uiSubContext=551&uriForDetails=multistep-reaction%2Fb90b1f47-785e-5544-9ae9-a7b1ad03327e&uriForGroup=substance%2Fpt%2F108247%2Bsubstance%2Fpt%2F50256489-%3Esubstance%2Fpt%2F2608839058%2Bsubstance%2Fpt%2F2608839116%2Bsubstance%2Fpt%2F50256569
74,1478,2,31-614-CAS-39742227,3,skipped,1,多产物反应，按当前课题规则跳过,https://scifinder-n.cas.org/search/reaction/6a58ba6462c3022ca7b601fb/74,https://scifinder-n.cas.org/navigate/?appId=32134bf8-0e2f-45b3-ba56-ef37e13cf5e1&backKey=6a58ba6462c3022ca7b601fb&backToPage=74&cidValue=816&groupOrdinal=1478&groupViewContextIndicator=false&isFromAllResults=false&isFromAlternateReactionSteps=false&isFromReactionGroup=false&key=6a58ba6462c3022ca7b601fb&metricsOrdinal=1478&ordinal=2&resultType=reaction&resultView=DETAIL&state=searchDetail.reaction&suppressNavigation=false&uiContext=366&uiSubContext=551&uriForDetails=multistep-reaction%2F03ce4367-8f93-5558-b63c-83428eba2245&uriForGroup=substance%2Fpt%2F108247%2Bsubstance%2Fpt%2F50256489-%3Esubstance%2Fpt%2F2608839058%2Bsubstance%2Fpt%2F2608839116%2Bsubstance%2Fpt%2F50256569
74,1478,3,31-614-CAS-39742226,3,skipped,1,多产物反应，按当前课题规则跳过,https://scifinder-n.cas.org/search/reaction/6a58ba6462c3022ca7b601fb/74,https://scifinder-n.cas.org/navigate/?appId=32134bf8-0e2f-45b3-ba56-ef37e13cf5e1&backKey=6a58ba6462c3022ca7b601fb&backToPage=74&cidValue=816&groupOrdinal=1478&groupViewContextIndicator=false&isFromAllResults=false&isFromAlternateReactionSteps=false&isFromReactionGroup=false&key=6a58ba6462c3022ca7b601fb&metricsOrdinal=1478&ordinal=3&resultType=reaction&resultView=DETAIL&state=searchDetail.reaction&suppressNavigation=false&uiContext=366&uiSubContext=551&uriForDetails=multistep-reaction%2F70d5ed21-ff95-50f2-9396-d7f1d17b53ad&uriForGroup=substance%2Fpt%2F108247%2Bsubstance%2Fpt%2F50256489-%3Esubstance%2Fpt%2F2608839058%2Bsubstance%2Fpt%2F2608839116%2Bsubstance%2Fpt%2F50256569
74,1479,1,31-355-CAS-23294920,3,skipped,1,多产物反应，按当前课题规则跳过,https://scifinder-n.cas.org/search/reaction/6a58ba6462c3022ca7b601fb/74,https://scifinder-n.cas.org/navigate/?appId=32134bf8-0e2f-45b3-ba56-ef37e13cf5e1&backKey=6a58ba6462c3022ca7b601fb&backToPage=74&cidValue=816&groupOrdinal=1479&groupViewContextIndicator=false&isFromAllResults=false&isFromAlternateReactionSteps=false&isFromReactionGroup=false&key=6a58ba6462c3022ca7b601fb&metricsOrdinal=1479&ordinal=1&resultType=reaction&resultView=DETAIL&state=searchDetail.reaction&suppressNavigation=false&uiContext=366&uiSubContext=551&uriForDetails=multistep-reaction%2Ff2b281c5-a36c-53d9-864a-95b10716e115&uriForGroup=substance%2Fpt%2F57701276%2Bsubstance%2Fpt%2F97723-%3Esubstance%2Fpt%2F2089249943%2Bsubstance%2Fpt%2F2089249954%2Bsubstance%2Fpt%2F2608839310
74,1480,1,31-008-CAS-26389,3,skipped,1,多产物反应，按当前课题规则跳过,https://scifinder-n.cas.org/search/reaction/6a58ba6462c3022ca7b601fb/74,https://scifinder-n.cas.org/navigate/?appId=32134bf8-0e2f-45b3-ba56-ef37e13cf5e1&backKey=6a58ba6462c3022ca7b601fb&backToPage=74&cidValue=816&groupOrdinal=1480&groupViewContextIndicator=false&isFromAllResults=false&isFromAlternateReactionSteps=false&isFromReactionGroup=false&key=6a58ba6462c3022ca7b601fb&metricsOrdinal=1480&ordinal=1&resultType=reaction&resultView=DETAIL&state=searchDetail.reaction&suppressNavigation=false&uiContext=366&uiSubContext=551&uriForDetails=multistep-reaction%2Fddd3e8b6-7909-5a4c-93e1-386c2d445633&uriForGroup=substance%2Fpt%2F146985888%2Bsubstance%2Fpt%2F33821942-%3Esubstance%2Fpt%2F245526981%2Bsubstance%2Fpt%2F245527008%2Bsubstance%2Fpt%2F245527020
75,1481,1,31-008-CAS-6783024,3,skipped,1,多产物反应，按当前课题规则跳过,https://scifinder-n.cas.org/search/reaction/6a58ba6462c3022ca7b601fb/75,https://scifinder-n.cas.org/navigate/?appId=46dd254f-4ca2-46ec-b6c2-2ebbe1f86273&backKey=6a58ba6462c3022ca7b601fb&backToPage=75&cidValue=816&groupOrdinal=1481&groupViewContextIndicator=false&isFromAllResults=false&isFromAlternateReactionSteps=false&isFromReactionGroup=false&key=6a58ba6462c3022ca7b601fb&metricsOrdinal=1481&ordinal=1&resultType=reaction&resultView=DETAIL&state=searchDetail.reaction&suppressNavigation=false&uiContext=366&uiSubContext=551&uriForDetails=multistep-reaction%2F3463f1b3-28f2-5522-b7b1-07b949337e9c&uriForGroup=substance%2Fpt%2F100390%2Bsubstance%2Fpt%2F1357153844-%3Esubstance%2Fpt%2F108739679%2Bsubstance%2Fpt%2F180187580%2Bsubstance%2Fpt%2F212199127
75,1482,1,31-614-CAS-29302022,3,skipped,1,多产物反应，按当前课题规则跳过,https://scifinder-n.cas.org/search/reaction/6a58ba6462c3022ca7b601fb/75,https://scifinder-n.cas.org/navigate/?appId=46dd254f-4ca2-46ec-b6c2-2ebbe1f86273&backKey=6a58ba6462c3022ca7b601fb&backToPage=75&cidValue=816&groupOrdinal=1482&groupViewContextIndicator=false&isFromAllResults=false&isFromAlternateReactionSteps=false&isFromReactionGroup=false&key=6a58ba6462c3022ca7b601fb&metricsOrdinal=1482&ordinal=1&resultType=reaction&resultView=DETAIL&state=searchDetail.reaction&suppressNavigation=false&uiContext=366&uiSubContext=551&uriForDetails=multistep-reaction%2F54732798-969d-5f70-9ab3-90a6c9f84e6b&uriForGroup=substance%2Fpt%2F1572181680%2Bsubstance%2Fpt%2F874602-%3Esubstance%2Fpt%2F1908463273%2Bsubstance%2Fpt%2F1908463308%2Bsubstance%2Fpt%2F1908463331
75,1483,1,31-354-CAS-16180880,3,skipped,1,多产物反应，按当前课题规则跳过,https://scifinder-n.cas.org/search/reaction/6a58ba6462c3022ca7b601fb/75,https://scifinder-n.cas.org/navigate/?appId=46dd254f-4ca2-46ec-b6c2-2ebbe1f86273&backKey=6a58ba6462c3022ca7b601fb&backToPage=75&cidValue=816&groupOrdinal=1483&groupViewContextIndicator=false&isFromAllResults=false&isFromAlternateReactionSteps=false&isFromReactionGroup=false&key=6a58ba6462c3022ca7b601fb&metricsOrdinal=1483&ordinal=1&resultType=reaction&resultView=DETAIL&state=searchDetail.reaction&suppressNavigation=false&uiContext=366&uiSubContext=551&uriForDetails=multistep-reaction%2Fe02684b8-09c4-576a-a45a-2c12929e0d2d&uriForGroup=substance%2Fpt%2F122010%2Bsubstance%2Fpt%2F1572181680-%3Esubstance%2Fpt%2F1908463364%2Bsubstance%2Fpt%2F1908463397%2Bsubstance%2Fpt%2F1908463400
75,1484,1,31-356-CAS-5908577,3,skipped,1,多产物反应，按当前课题规则跳过,https://scifinder-n.cas.org/search/reaction/6a58ba6462c3022ca7b601fb/75,https://scifinder-n.cas.org/navigate/?appId=46dd254f-4ca2-46ec-b6c2-2ebbe1f86273&backKey=6a58ba6462c3022ca7b601fb&backToPage=75&cidValue=816&groupOrdinal=1484&groupViewContextIndicator=false&isFromAllResults=false&isFromAlternateReactionSteps=false&isFromReactionGroup=false&key=6a58ba6462c3022ca7b601fb&metricsOrdinal=1484&ordinal=1&resultType=reaction&resultView=DETAIL&state=searchDetail.reaction&suppressNavigation=false&uiContext=366&uiSubContext=551&uriForDetails=multistep-reaction%2Fd35125ef-a316-5453-9832-f2786bb924a2&uriForGroup=substance%2Fpt%2F123762%2Bsubstance%2Fpt%2F211797896-%3Esubstance%2Fpt%2F869210559%2Bsubstance%2Fpt%2F909120930%2Bsubstance%2Fpt%2F909120941
75,1485,1,31-354-CAS-1041177,3,skipped,1,多产物反应，按当前课题规则跳过,https://scifinder-n.cas.org/search/reaction/6a58ba6462c3022ca7b601fb/75,https://scifinder-n.cas.org/navigate/?appId=46dd254f-4ca2-46ec-b6c2-2ebbe1f86273&backKey=6a58ba6462c3022ca7b601fb&backToPage=75&cidValue=816&groupOrdinal=1485&groupViewContextIndicator=false&isFromAllResults=false&isFromAlternateReactionSteps=false&isFromReactionGroup=false&key=6a58ba6462c3022ca7b601fb&metricsOrdinal=1485&ordinal=1&resultType=reaction&resultView=DETAIL&state=searchDetail.reaction&suppressNavigation=false&uiContext=366&uiSubContext=551&uriForDetails=multistep-reaction%2Fba9a1078-f25f-537d-a2ad-ce2d8a0f0fad&uriForGroup=substance%2Fpt%2F145703555%2Bsubstance%2Fpt%2F57701276-%3Esubstance%2Fpt%2F902759802%2Bsubstance%2Fpt%2F902759813%2Bsubstance%2Fpt%2F902759824
75,1486,1,31-008-CAS-10456016,3,skipped,1,多产物反应，按当前课题规则跳过,https://scifinder-n.cas.org/search/reaction/6a58ba6462c3022ca7b601fb/75,https://scifinder-n.cas.org/navigate/?appId=46dd254f-4ca2-46ec-b6c2-2ebbe1f86273&backKey=6a58ba6462c3022ca7b601fb&backToPage=75&cidValue=816&groupOrdinal=1486&groupViewContextIndicator=false&isFromAllResults=false&isFromAlternateReactionSteps=false&isFromReactionGroup=false&key=6a58ba6462c3022ca7b601fb&metricsOrdinal=1486&ordinal=1&resultType=reaction&resultView=DETAIL&state=searchDetail.reaction&suppressNavigation=false&uiContext=366&uiSubContext=551&uriForDetails=multistep-reaction%2F495789a6-3b8e-5595-8411-8e1234956ed6&uriForGroup=substance%2Fpt%2F106956%2Bsubstance%2Fpt%2F4613154-%3Esubstance%2Fpt%2F69558107%2Bsubstance%2Fpt%2F69558118%2Bsubstance%2Fpt%2F89316007
75,1487,1,31-008-CAS-16129656,3,skipped,1,多产物反应，按当前课题规则跳过,https://scifinder-n.cas.org/search/reaction/6a58ba6462c3022ca7b601fb/75,https://scifinder-n.cas.org/navigate/?appId=46dd254f-4ca2-46ec-b6c2-2ebbe1f86273&backKey=6a58ba6462c3022ca7b601fb&backToPage=75&cidValue=816&groupOrdinal=1487&groupViewContextIndicator=false&isFromAllResults=false&isFromAlternateReactionSteps=false&isFromReactionGroup=false&key=6a58ba6462c3022ca7b601fb&metricsOrdinal=1487&ordinal=1&resultType=reaction&resultView=DETAIL&state=searchDetail.reaction&suppressNavigation=false&uiContext=366&uiSubContext=551&uriForDetails=multistep-reaction%2F290cca20-b2fd-5a02-90b5-e236fbdba527&uriForGroup=substance%2Fpt%2F100390%2Bsubstance%2Fpt%2F674777743-%3Esubstance%2Fpt%2F1140963843%2Bsubstance%2Fpt%2F1957192867%2Bsubstance%2Fpt%2F674777754
75,1488,1,31-354-CAS-16654438,3,skipped,1,多产物反应，按当前课题规则跳过,https://scifinder-n.cas.org/search/reaction/6a58ba6462c3022ca7b601fb/75,https://scifinder-n.cas.org/navigate/?appId=46dd254f-4ca2-46ec-b6c2-2ebbe1f86273&backKey=6a58ba6462c3022ca7b601fb&backToPage=75&cidValue=816&groupOrdinal=1488&groupViewContextIndicator=false&isFromAllResults=false&isFromAlternateReactionSteps=false&isFromReactionGroup=false&key=6a58ba6462c3022ca7b601fb&metricsOrdinal=1488&ordinal=1&resultType=reaction&resultView=DETAIL&state=searchDetail.reaction&suppressNavigation=false&uiContext=366&uiSubContext=551&uriForDetails=multistep-reaction%2F78b38938-78c1-5163-a1f2-ae9c86dcd201&uriForGroup=substance%2Fpt%2F3282302%2Bsubstance%2Fpt%2F57701276-%3Esubstance%2Fpt%2F104758896%2Bsubstance%2Fpt%2F112317676%2Bsubstance%2Fpt%2F212836403
75,1489,1,31-355-CAS-21497444,3,skipped,1,多产物反应，按当前课题规则跳过,https://scifinder-n.cas.org/search/reaction/6a58ba6462c3022ca7b601fb/75,https://scifinder-n.cas.org/navigate/?appId=46dd254f-4ca2-46ec-b6c2-2ebbe1f86273&backKey=6a58ba6462c3022ca7b601fb&backToPage=75&cidValue=816&groupOrdinal=1489&groupViewContextIndicator=false&isFromAllResults=false&isFromAlternateReactionSteps=false&isFromReactionGroup=false&key=6a58ba6462c3022ca7b601fb&metricsOrdinal=1489&ordinal=1&resultType=reaction&resultView=DETAIL&state=searchDetail.reaction&suppressNavigation=false&uiContext=366&uiSubContext=551&uriForDetails=multistep-reaction%2F3f6bbaad-24ee-5faf-ac29-449f98c54da1&uriForGroup=substance%2Fpt%2F108247%2Bsubstance%2Fpt%2F65530269-%3Esubstance%2Fpt%2F130464345%2Bsubstance%2Fpt%2F130464356%2Bsubstance%2Fpt%2F98392360
75,1489,2,31-355-CAS-23294301,3,skipped,1,多产物反应，按当前课题规则跳过,https://scifinder-n.cas.org/search/reaction/6a58ba6462c3022ca7b601fb/75,https://scifinder-n.cas.org/navigate/?appId=46dd254f-4ca2-46ec-b6c2-2ebbe1f86273&backKey=6a58ba6462c3022ca7b601fb&backToPage=75&cidValue=816&groupOrdinal=1489&groupViewContextIndicator=false&isFromAllResults=false&isFromAlternateReactionSteps=false&isFromReactionGroup=false&key=6a58ba6462c3022ca7b601fb&metricsOrdinal=1489&ordinal=2&resultType=reaction&resultView=DETAIL&state=searchDetail.reaction&suppressNavigation=false&uiContext=366&uiSubContext=551&uriForDetails=multistep-reaction%2F60b0ff95-5950-5a72-a990-46f368de4206&uriForGroup=substance%2Fpt%2F108247%2Bsubstance%2Fpt%2F65530269-%3Esubstance%2Fpt%2F130464345%2Bsubstance%2Fpt%2F130464356%2Bsubstance%2Fpt%2F98392360
75,1489,3,31-355-CAS-19324246,3,skipped,1,多产物反应，按当前课题规则跳过,https://scifinder-n.cas.org/search/reaction/6a58ba6462c3022ca7b601fb/75,https://scifinder-n.cas.org/navigate/?appId=46dd254f-4ca2-46ec-b6c2-2ebbe1f86273&backKey=6a58ba6462c3022ca7b601fb&backToPage=75&cidValue=816&groupOrdinal=1489&groupViewContextIndicator=false&isFromAllResults=false&isFromAlternateReactionSteps=false&isFromReactionGroup=false&key=6a58ba6462c3022ca7b601fb&metricsOrdinal=1489&ordinal=3&resultType=reaction&resultView=DETAIL&state=searchDetail.reaction&suppressNavigation=false&uiContext=366&uiSubContext=551&uriForDetails=multistep-reaction%2F55bedbd9-f076-5afc-afa2-7c93efbd1f44&uriForGroup=substance%2Fpt%2F108247%2Bsubstance%2Fpt%2F65530269-%3Esubstance%2Fpt%2F130464345%2Bsubstance%2Fpt%2F130464356%2Bsubstance%2Fpt%2F98392360
75,1489,4,31-614-CAS-39742235,3,skipped,1,多产物反应，按当前课题规则跳过,https://scifinder-n.cas.org/search/reaction/6a58ba6462c3022ca7b601fb/75,https://scifinder-n.cas.org/navigate/?appId=46dd254f-4ca2-46ec-b6c2-2ebbe1f86273&backKey=6a58ba6462c3022ca7b601fb&backToPage=75&cidValue=816&groupOrdinal=1489&groupViewContextIndicator=false&isFromAllResults=false&isFromAlternateReactionSteps=false&isFromReactionGroup=false&key=6a58ba6462c3022ca7b601fb&metricsOrdinal=1489&ordinal=4&resultType=reaction&resultView=DETAIL&state=searchDetail.reaction&suppressNavigation=false&uiContext=366&uiSubContext=551&uriForDetails=multistep-reaction%2F2c87243a-f979-5f4a-921f-07ab9b36ed04&uriForGroup=substance%2Fpt%2F108247%2Bsubstance%2Fpt%2F65530269-%3Esubstance%2Fpt%2F130464345%2Bsubstance%2Fpt%2F130464356%2Bsubstance%2Fpt%2F98392360
75,1489,5,31-614-CAS-39742241,3,skipped,1,多产物反应，按当前课题规则跳过,https://scifinder-n.cas.org/search/reaction/6a58ba6462c3022ca7b601fb/75,https://scifinder-n.cas.org/navigate/?appId=46dd254f-4ca2-46ec-b6c2-2ebbe1f86273&backKey=6a58ba6462c3022ca7b601fb&backToPage=75&cidValue=816&groupOrdinal=1489&groupViewContextIndicator=false&isFromAllResults=false&isFromAlternateReactionSteps=false&isFromReactionGroup=false&key=6a58ba6462c3022ca7b601fb&metricsOrdinal=1489&ordinal=5&resultType=reaction&resultView=DETAIL&state=searchDetail.reaction&suppressNavigation=false&uiContext=366&uiSubContext=551&uriForDetails=multistep-reaction%2Faeb7f3b7-f2ed-5ffa-be34-8a554841c70f&uriForGroup=substance%2Fpt%2F108247%2Bsubstance%2Fpt%2F65530269-%3Esubstance%2Fpt%2F130464345%2Bsubstance%2Fpt%2F130464356%2Bsubstance%2Fpt%2F98392360
75,1489,6,31-614-CAS-39742245,3,skipped,1,多产物反应，按当前课题规则跳过,https://scifinder-n.cas.org/search/reaction/6a58ba6462c3022ca7b601fb/75,https://scifinder-n.cas.org/navigate/?appId=46dd254f-4ca2-46ec-b6c2-2ebbe1f86273&backKey=6a58ba6462c3022ca7b601fb&backToPage=75&cidValue=816&groupOrdinal=1489&groupViewContextIndicator=false&isFromAllResults=false&isFromAlternateReactionSteps=false&isFromReactionGroup=false&key=6a58ba6462c3022ca7b601fb&metricsOrdinal=1489&ordinal=6&resultType=reaction&resultView=DETAIL&state=searchDetail.reaction&suppressNavigation=false&uiContext=366&uiSubContext=551&uriForDetails=multistep-reaction%2Fc9f8747a-ff12-5028-bf80-37c0d0a5b6dd&uriForGroup=substance%2Fpt%2F108247%2Bsubstance%2Fpt%2F65530269-%3Esubstance%2Fpt%2F130464345%2Bsubstance%2Fpt%2F130464356%2Bsubstance%2Fpt%2F98392360
75,1489,7,31-355-CAS-21497427,3,skipped,1,多产物反应，按当前课题规则跳过,https://scifinder-n.cas.org/search/reaction/6a58ba6462c3022ca7b601fb/75,https://scifinder-n.cas.org/navigate/?appId=46dd254f-4ca2-46ec-b6c2-2ebbe1f86273&backKey=6a58ba6462c3022ca7b601fb&backToPage=75&cidValue=816&groupOrdinal=1489&groupViewContextIndicator=false&isFromAllResults=false&isFromAlternateReactionSteps=false&isFromReactionGroup=false&key=6a58ba6462c3022ca7b601fb&metricsOrdinal=1489&ordinal=7&resultType=reaction&resultView=DETAIL&state=searchDetail.reaction&suppressNavigation=false&uiContext=366&uiSubContext=551&uriForDetails=multistep-reaction%2F22605b9b-5b08-581c-b629-7a900e0340e8&uriForGroup=substance%2Fpt%2F108247%2Bsubstance%2Fpt%2F65530269-%3Esubstance%2Fpt%2F130464345%2Bsubstance%2Fpt%2F130464356%2Bsubstance%2Fpt%2F98392360
75,1489,8,31-355-CAS-21497426,3,skipped,1,多产物反应，按当前课题规则跳过,https://scifinder-n.cas.org/search/reaction/6a58ba6462c3022ca7b601fb/75,https://scifinder-n.cas.org/navigate/?appId=46dd254f-4ca2-46ec-b6c2-2ebbe1f86273&backKey=6a58ba6462c3022ca7b601fb&backToPage=75&cidValue=816&groupOrdinal=1489&groupViewContextIndicator=false&isFromAllResults=false&isFromAlternateReactionSteps=false&isFromReactionGroup=false&key=6a58ba6462c3022ca7b601fb&metricsOrdinal=1489&ordinal=8&resultType=reaction&resultView=DETAIL&state=searchDetail.reaction&suppressNavigation=false&uiContext=366&uiSubContext=551&uriForDetails=multistep-reaction%2F5ab29285-78a5-5888-9359-9c1e57d70e18&uriForGroup=substance%2Fpt%2F108247%2Bsubstance%2Fpt%2F65530269-%3Esubstance%2Fpt%2F130464345%2Bsubstance%2Fpt%2F130464356%2Bsubstance%2Fpt%2F98392360
75,1489,9,31-355-CAS-21497429,3,skipped,1,多产物反应，按当前课题规则跳过,https://scifinder-n.cas.org/search/reaction/6a58ba6462c3022ca7b601fb/75,https://scifinder-n.cas.org/navigate/?appId=46dd254f-4ca2-46ec-b6c2-2ebbe1f86273&backKey=6a58ba6462c3022ca7b601fb&backToPage=75&cidValue=816&groupOrdinal=1489&groupViewContextIndicator=false&isFromAllResults=false&isFromAlternateReactionSteps=false&isFromReactionGroup=false&key=6a58ba6462c3022ca7b601fb&metricsOrdinal=1489&ordinal=9&resultType=reaction&resultView=DETAIL&state=searchDetail.reaction&suppressNavigation=false&uiContext=366&uiSubContext=551&uriForDetails=multistep-reaction%2F75f338f9-f166-5446-aed1-cb425df3f90e&uriForGroup=substance%2Fpt%2F108247%2Bsubstance%2Fpt%2F65530269-%3Esubstance%2Fpt%2F130464345%2Bsubstance%2Fpt%2F130464356%2Bsubstance%2Fpt%2F98392360
75,1489,10,31-355-CAS-21497428,3,skipped,1,多产物反应，按当前课题规则跳过,https://scifinder-n.cas.org/search/reaction/6a58ba6462c3022ca7b601fb/75,https://scifinder-n.cas.org/navigate/?appId=46dd254f-4ca2-46ec-b6c2-2ebbe1f86273&backKey=6a58ba6462c3022ca7b601fb&backToPage=75&cidValue=816&groupOrdinal=1489&groupViewContextIndicator=false&isFromAllResults=false&isFromAlternateReactionSteps=false&isFromReactionGroup=false&key=6a58ba6462c3022ca7b601fb&metricsOrdinal=1489&ordinal=10&resultType=reaction&resultView=DETAIL&state=searchDetail.reaction&suppressNavigation=false&uiContext=366&uiSubContext=551&uriForDetails=multistep-reaction%2F9c01864e-9669-567e-93d8-de369f9d8e74&uriForGroup=substance%2Fpt%2F108247%2Bsubstance%2Fpt%2F65530269-%3Esubstance%2Fpt%2F130464345%2Bsubstance%2Fpt%2F130464356%2Bsubstance%2Fpt%2F98392360
75,1490,1,31-355-CAS-23296106,3,skipped,1,多产物反应，按当前课题规则跳过,https://scifinder-n.cas.org/search/reaction/6a58ba6462c3022ca7b601fb/75,https://scifinder-n.cas.org/navigate/?appId=46dd254f-4ca2-46ec-b6c2-2ebbe1f86273&backKey=6a58ba6462c3022ca7b601fb&backToPage=75&cidValue=816&groupOrdinal=1490&groupViewContextIndicator=false&isFromAllResults=false&isFromAlternateReactionSteps=false&isFromReactionGroup=false&key=6a58ba6462c3022ca7b601fb&metricsOrdinal=1490&ordinal=1&resultType=reaction&resultView=DETAIL&state=searchDetail.reaction&suppressNavigation=false&uiContext=366&uiSubContext=551&uriForDetails=multistep-reaction%2Ff34d70ae-2005-5319-b6ec-7c2d7753dd44&uriForGroup=substance%2Fpt%2F108247%2Bsubstance%2Fpt%2F64552063-%3Esubstance%2Fpt%2F130195969%2Bsubstance%2Fpt%2F1376449443%2Bsubstance%2Fpt%2F620173695
75,1490,2,31-355-CAS-21497443,3,skipped,1,多产物反应，按当前课题规则跳过,https://scifinder-n.cas.org/search/reaction/6a58ba6462c3022ca7b601fb/75,https://scifinder-n.cas.org/navigate/?appId=46dd254f-4ca2-46ec-b6c2-2ebbe1f86273&backKey=6a58ba6462c3022ca7b601fb&backToPage=75&cidValue=816&groupOrdinal=1490&groupViewContextIndicator=false&isFromAllResults=false&isFromAlternateReactionSteps=false&isFromReactionGroup=false&key=6a58ba6462c3022ca7b601fb&metricsOrdinal=1490&ordinal=2&resultType=reaction&resultView=DETAIL&state=searchDetail.reaction&suppressNavigation=false&uiContext=366&uiSubContext=551&uriForDetails=multistep-reaction%2F69b68018-3387-5737-9496-bc6192a0edd3&uriForGroup=substance%2Fpt%2F108247%2Bsubstance%2Fpt%2F64552063-%3Esubstance%2Fpt%2F130195969%2Bsubstance%2Fpt%2F1376449443%2Bsubstance%2Fpt%2F620173695
75,1490,3,31-355-CAS-21497441,3,skipped,1,多产物反应，按当前课题规则跳过,https://scifinder-n.cas.org/search/reaction/6a58ba6462c3022ca7b601fb/75,https://scifinder-n.cas.org/navigate/?appId=46dd254f-4ca2-46ec-b6c2-2ebbe1f86273&backKey=6a58ba6462c3022ca7b601fb&backToPage=75&cidValue=816&groupOrdinal=1490&groupViewContextIndicator=false&isFromAllResults=false&isFromAlternateReactionSteps=false&isFromReactionGroup=false&key=6a58ba6462c3022ca7b601fb&metricsOrdinal=1490&ordinal=3&resultType=reaction&resultView=DETAIL&state=searchDetail.reaction&suppressNavigation=false&uiContext=366&uiSubContext=551&uriForDetails=multistep-reaction%2F0a7ec6ce-a53b-56c1-bf22-45db88fa1ebb&uriForGroup=substance%2Fpt%2F108247%2Bsubstance%2Fpt%2F64552063-%3Esubstance%2Fpt%2F130195969%2Bsubstance%2Fpt%2F1376449443%2Bsubstance%2Fpt%2F620173695
75,1490,4,31-355-CAS-21497440,3,skipped,1,多产物反应，按当前课题规则跳过,https://scifinder-n.cas.org/search/reaction/6a58ba6462c3022ca7b601fb/75,https://scifinder-n.cas.org/navigate/?appId=46dd254f-4ca2-46ec-b6c2-2ebbe1f86273&backKey=6a58ba6462c3022ca7b601fb&backToPage=75&cidValue=816&groupOrdinal=1490&groupViewContextIndicator=false&isFromAllResults=false&isFromAlternateReactionSteps=false&isFromReactionGroup=false&key=6a58ba6462c3022ca7b601fb&metricsOrdinal=1490&ordinal=4&resultType=reaction&resultView=DETAIL&state=searchDetail.reaction&suppressNavigation=false&uiContext=366&uiSubContext=551&uriForDetails=multistep-reaction%2F68811785-7f99-5015-b055-d11e980e40c2&uriForGroup=substance%2Fpt%2F108247%2Bsubstance%2Fpt%2F64552063-%3Esubstance%2Fpt%2F130195969%2Bsubstance%2Fpt%2F1376449443%2Bsubstance%2Fpt%2F620173695
75,1491,1,31-355-CAS-23296611,3,skipped,1,多产物反应，按当前课题规则跳过,https://scifinder-n.cas.org/search/reaction/6a58ba6462c3022ca7b601fb/75,https://scifinder-n.cas.org/navigate/?appId=46dd254f-4ca2-46ec-b6c2-2ebbe1f86273&backKey=6a58ba6462c3022ca7b601fb&backToPage=75&cidValue=816&groupOrdinal=1491&groupViewContextIndicator=false&isFromAllResults=false&isFromAlternateReactionSteps=false&isFromReactionGroup=false&key=6a58ba6462c3022ca7b601fb&metricsOrdinal=1491&ordinal=1&resultType=reaction&resultView=DETAIL&state=searchDetail.reaction&suppressNavigation=false&uiContext=366&uiSubContext=551&uriForDetails=multistep-reaction%2F9a490e8c-52f6-5720-918b-5c20aff2d5e8&uriForGroup=substance%2Fpt%2F108247%2Bsubstance%2Fpt%2F50256503-%3Esubstance%2Fpt%2F2395852169%2Bsubstance%2Fpt%2F2395852205%2Bsubstance%2Fpt%2F50256581
75,1491,2,31-355-CAS-21497447,3,skipped,1,多产物反应，按当前课题规则跳过,https://scifinder-n.cas.org/search/reaction/6a58ba6462c3022ca7b601fb/75,https://scifinder-n.cas.org/navigate/?appId=46dd254f-4ca2-46ec-b6c2-2ebbe1f86273&backKey=6a58ba6462c3022ca7b601fb&backToPage=75&cidValue=816&groupOrdinal=1491&groupViewContextIndicator=false&isFromAllResults=false&isFromAlternateReactionSteps=false&isFromReactionGroup=false&key=6a58ba6462c3022ca7b601fb&metricsOrdinal=1491&ordinal=2&resultType=reaction&resultView=DETAIL&state=searchDetail.reaction&suppressNavigation=false&uiContext=366&uiSubContext=551&uriForDetails=multistep-reaction%2F22461722-923d-50cc-99f2-d4ac46196020&uriForGroup=substance%2Fpt%2F108247%2Bsubstance%2Fpt%2F50256503-%3Esubstance%2Fpt%2F2395852169%2Bsubstance%2Fpt%2F2395852205%2Bsubstance%2Fpt%2F50256581
75,1491,3,31-355-CAS-21497434,3,skipped,1,多产物反应，按当前课题规则跳过,https://scifinder-n.cas.org/search/reaction/6a58ba6462c3022ca7b601fb/75,https://scifinder-n.cas.org/navigate/?appId=46dd254f-4ca2-46ec-b6c2-2ebbe1f86273&backKey=6a58ba6462c3022ca7b601fb&backToPage=75&cidValue=816&groupOrdinal=1491&groupViewContextIndicator=false&isFromAllResults=false&isFromAlternateReactionSteps=false&isFromReactionGroup=false&key=6a58ba6462c3022ca7b601fb&metricsOrdinal=1491&ordinal=3&resultType=reaction&resultView=DETAIL&state=searchDetail.reaction&suppressNavigation=false&uiContext=366&uiSubContext=551&uriForDetails=multistep-reaction%2F0f06d0a7-0ec7-5ebf-b1a9-0720521abc18&uriForGroup=substance%2Fpt%2F108247%2Bsubstance%2Fpt%2F50256503-%3Esubstance%2Fpt%2F2395852169%2Bsubstance%2Fpt%2F2395852205%2Bsubstance%2Fpt%2F50256581
75,1491,4,31-355-CAS-21497435,3,skipped,1,多产物反应，按当前课题规则跳过,https://scifinder-n.cas.org/search/reaction/6a58ba6462c3022ca7b601fb/75,https://scifinder-n.cas.org/navigate/?appId=46dd254f-4ca2-46ec-b6c2-2ebbe1f86273&backKey=6a58ba6462c3022ca7b601fb&backToPage=75&cidValue=816&groupOrdinal=1491&groupViewContextIndicator=false&isFromAllResults=false&isFromAlternateReactionSteps=false&isFromReactionGroup=false&key=6a58ba6462c3022ca7b601fb&metricsOrdinal=1491&ordinal=4&resultType=reaction&resultView=DETAIL&state=searchDetail.reaction&suppressNavigation=false&uiContext=366&uiSubContext=551&uriForDetails=multistep-reaction%2F49c3bd87-0e07-5f18-b958-66eef6861649&uriForGroup=substance%2Fpt%2F108247%2Bsubstance%2Fpt%2F50256503-%3Esubstance%2Fpt%2F2395852169%2Bsubstance%2Fpt%2F2395852205%2Bsubstance%2Fpt%2F50256581
75,1492,1,31-008-CAS-1701624,3,skipped,1,多产物反应，按当前课题规则跳过,https://scifinder-n.cas.org/search/reaction/6a58ba6462c3022ca7b601fb/75,https://scifinder-n.cas.org/navigate/?appId=46dd254f-4ca2-46ec-b6c2-2ebbe1f86273&backKey=6a58ba6462c3022ca7b601fb&backToPage=75&cidValue=816&groupOrdinal=1492&groupViewContextIndicator=false&isFromAllResults=false&isFromAlternateReactionSteps=false&isFromReactionGroup=false&key=6a58ba6462c3022ca7b601fb&metricsOrdinal=1492&ordinal=1&resultType=reaction&resultView=DETAIL&state=searchDetail.reaction&suppressNavigation=false&uiContext=366&uiSubContext=551&uriForDetails=multistep-reaction%2Fa33a4150-bc64-59f9-b6bf-d3b1e6c30714&uriForGroup=substance%2Fpt%2F100390%2Bsubstance%2Fpt%2F125362803-%3Esubstance%2Fpt%2F125362825%2Bsubstance%2Fpt%2F125362836%2Bsubstance%2Fpt%2F125379148
75,1493,1,31-354-CAS-1006012,3,skipped,1,多产物反应，按当前课题规则跳过,https://scifinder-n.cas.org/search/reaction/6a58ba6462c3022ca7b601fb/75,https://scifinder-n.cas.org/navigate/?appId=46dd254f-4ca2-46ec-b6c2-2ebbe1f86273&backKey=6a58ba6462c3022ca7b601fb&backToPage=75&cidValue=816&groupOrdinal=1493&groupViewContextIndicator=false&isFromAllResults=false&isFromAlternateReactionSteps=false&isFromReactionGroup=false&key=6a58ba6462c3022ca7b601fb&metricsOrdinal=1493&ordinal=1&resultType=reaction&resultView=DETAIL&state=searchDetail.reaction&suppressNavigation=false&uiContext=366&uiSubContext=551&uriForDetails=multistep-reaction%2Fc8d981ad-b77d-543f-9183-d37e65603c80&uriForGroup=substance%2Fpt%2F57701276%2Bsubstance%2Fpt%2F920467-%3Esubstance%2Fpt%2F888227950%2Bsubstance%2Fpt%2F888227994%2Bsubstance%2Fpt%2F888228033
75,1494,1,31-354-CAS-6194938,3,skipped,1,多产物反应，按当前课题规则跳过,https://scifinder-n.cas.org/search/reaction/6a58ba6462c3022ca7b601fb/75,https://scifinder-n.cas.org/navigate/?appId=46dd254f-4ca2-46ec-b6c2-2ebbe1f86273&backKey=6a58ba6462c3022ca7b601fb&backToPage=75&cidValue=816&groupOrdinal=1494&groupViewContextIndicator=false&isFromAllResults=false&isFromAlternateReactionSteps=false&isFromReactionGroup=false&key=6a58ba6462c3022ca7b601fb&metricsOrdinal=1494&ordinal=1&resultType=reaction&resultView=DETAIL&state=searchDetail.reaction&suppressNavigation=false&uiContext=366&uiSubContext=551&uriForDetails=multistep-reaction%2Fbf3c6cf3-8177-5d1c-a8f4-e8643acc1855&uriForGroup=substance%2Fpt%2F64552063%2Bsubstance%2Fpt%2F98884-%3Esubstance%2Fpt%2F120201287%2Bsubstance%2Fpt%2F86420704%2Bsubstance%2Fpt%2F86420715
75,1494,2,31-354-CAS-1907771,3,skipped,1,多产物反应，按当前课题规则跳过,https://scifinder-n.cas.org/search/reaction/6a58ba6462c3022ca7b601fb/75,https://scifinder-n.cas.org/navigate/?appId=46dd254f-4ca2-46ec-b6c2-2ebbe1f86273&backKey=6a58ba6462c3022ca7b601fb&backToPage=75&cidValue=816&groupOrdinal=1494&groupViewContextIndicator=false&isFromAllResults=false&isFromAlternateReactionSteps=false&isFromReactionGroup=false&key=6a58ba6462c3022ca7b601fb&metricsOrdinal=1494&ordinal=2&resultType=reaction&resultView=DETAIL&state=searchDetail.reaction&suppressNavigation=false&uiContext=366&uiSubContext=551&uriForDetails=multistep-reaction%2F41e54ef5-a3fb-5253-82b8-073ec8bdc9b9&uriForGroup=substance%2Fpt%2F64552063%2Bsubstance%2Fpt%2F98884-%3Esubstance%2Fpt%2F120201287%2Bsubstance%2Fpt%2F86420704%2Bsubstance%2Fpt%2F86420715
75,1494,3,31-354-CAS-4032090,3,skipped,1,多产物反应，按当前课题规则跳过,https://scifinder-n.cas.org/search/reaction/6a58ba6462c3022ca7b601fb/75,https://scifinder-n.cas.org/navigate/?appId=46dd254f-4ca2-46ec-b6c2-2ebbe1f86273&backKey=6a58ba6462c3022ca7b601fb&backToPage=75&cidValue=816&groupOrdinal=1494&groupViewContextIndicator=false&isFromAllResults=false&isFromAlternateReactionSteps=false&isFromReactionGroup=false&key=6a58ba6462c3022ca7b601fb&metricsOrdinal=1494&ordinal=3&resultType=reaction&resultView=DETAIL&state=searchDetail.reaction&suppressNavigation=false&uiContext=366&uiSubContext=551&uriForDetails=multistep-reaction%2Fd1b8c99a-57da-5500-8343-60406f3b338c&uriForGroup=substance%2Fpt%2F64552063%2Bsubstance%2Fpt%2F98884-%3Esubstance%2Fpt%2F120201287%2Bsubstance%2Fpt%2F86420704%2Bsubstance%2Fpt%2F86420715
75,1494,4,31-354-CAS-15297370,3,skipped,1,多产物反应，按当前课题规则跳过,https://scifinder-n.cas.org/search/reaction/6a58ba6462c3022ca7b601fb/75,https://scifinder-n.cas.org/navigate/?appId=46dd254f-4ca2-46ec-b6c2-2ebbe1f86273&backKey=6a58ba6462c3022ca7b601fb&backToPage=75&cidValue=816&groupOrdinal=1494&groupViewContextIndicator=false&isFromAllResults=false&isFromAlternateReactionSteps=false&isFromReactionGroup=false&key=6a58ba6462c3022ca7b601fb&metricsOrdinal=1494&ordinal=4&resultType=reaction&resultView=DETAIL&state=searchDetail.reaction&suppressNavigation=false&uiContext=366&uiSubContext=551&uriForDetails=multistep-reaction%2F3086b704-adf9-5fbe-b8a0-cac8aa04f15d&uriForGroup=substance%2Fpt%2F64552063%2Bsubstance%2Fpt%2F98884-%3Esubstance%2Fpt%2F120201287%2Bsubstance%2Fpt%2F86420704%2Bsubstance%2Fpt%2F86420715
75,1494,5,31-354-CAS-13371580,3,skipped,1,多产物反应，按当前课题规则跳过,https://scifinder-n.cas.org/search/reaction/6a58ba6462c3022ca7b601fb/75,https://scifinder-n.cas.org/navigate/?appId=46dd254f-4ca2-46ec-b6c2-2ebbe1f86273&backKey=6a58ba6462c3022ca7b601fb&backToPage=75&cidValue=816&groupOrdinal=1494&groupViewContextIndicator=false&isFromAllResults=false&isFromAlternateReactionSteps=false&isFromReactionGroup=false&key=6a58ba6462c3022ca7b601fb&metricsOrdinal=1494&ordinal=5&resultType=reaction&resultView=DETAIL&state=searchDetail.reaction&suppressNavigation=false&uiContext=366&uiSubContext=551&uriForDetails=multistep-reaction%2F2ba5cf39-3e84-544e-b596-ae95c27342d1&uriForGroup=substance%2Fpt%2F64552063%2Bsubstance%2Fpt%2F98884-%3Esubstance%2Fpt%2F120201287%2Bsubstance%2Fpt%2F86420704%2Bsubstance%2Fpt%2F86420715
75,1494,6,31-354-CAS-9228114,3,skipped,1,多产物反应，按当前课题规则跳过,https://scifinder-n.cas.org/search/reaction/6a58ba6462c3022ca7b601fb/75,https://scifinder-n.cas.org/navigate/?appId=46dd254f-4ca2-46ec-b6c2-2ebbe1f86273&backKey=6a58ba6462c3022ca7b601fb&backToPage=75&cidValue=816&groupOrdinal=1494&groupViewContextIndicator=false&isFromAllResults=false&isFromAlternateReactionSteps=false&isFromReactionGroup=false&key=6a58ba6462c3022ca7b601fb&metricsOrdinal=1494&ordinal=6&resultType=reaction&resultView=DETAIL&state=searchDetail.reaction&suppressNavigation=false&uiContext=366&uiSubContext=551&uriForDetails=multistep-reaction%2F464348f1-8797-5e37-b780-80f162a64d37&uriForGroup=substance%2Fpt%2F64552063%2Bsubstance%2Fpt%2F98884-%3Esubstance%2Fpt%2F120201287%2Bsubstance%2Fpt%2F86420704%2Bsubstance%2Fpt%2F86420715
75,1495,1,31-354-CAS-26624,3,skipped,1,多产物反应，按当前课题规则跳过,https://scifinder-n.cas.org/search/reaction/6a58ba6462c3022ca7b601fb/75,https://scifinder-n.cas.org/navigate/?appId=46dd254f-4ca2-46ec-b6c2-2ebbe1f86273&backKey=6a58ba6462c3022ca7b601fb&backToPage=75&cidValue=816&groupOrdinal=1495&groupViewContextIndicator=false&isFromAllResults=false&isFromAlternateReactionSteps=false&isFromReactionGroup=false&key=6a58ba6462c3022ca7b601fb&metricsOrdinal=1495&ordinal=1&resultType=reaction&resultView=DETAIL&state=searchDetail.reaction&suppressNavigation=false&uiContext=366&uiSubContext=551&uriForDetails=multistep-reaction%2F270afa57-b088-5dd0-946e-0c1aaf122de5&uriForGroup=substance%2Fpt%2F57701276%2Bsubstance%2Fpt%2F902759788-%3Esubstance%2Fpt%2F902759868%2Bsubstance%2Fpt%2F902759879%2Bsubstance%2Fpt%2F902759880
75,1496,1,31-008-CAS-13407688,3,skipped,1,多产物反应，按当前课题规则跳过,https://scifinder-n.cas.org/search/reaction/6a58ba6462c3022ca7b601fb/75,https://scifinder-n.cas.org/navigate/?appId=46dd254f-4ca2-46ec-b6c2-2ebbe1f86273&backKey=6a58ba6462c3022ca7b601fb&backToPage=75&cidValue=816&groupOrdinal=1496&groupViewContextIndicator=false&isFromAllResults=false&isFromAlternateReactionSteps=false&isFromReactionGroup=false&key=6a58ba6462c3022ca7b601fb&metricsOrdinal=1496&ordinal=1&resultType=reaction&resultView=DETAIL&state=searchDetail.reaction&suppressNavigation=false&uiContext=366&uiSubContext=551&uriForDetails=multistep-reaction%2F449ba24d-6783-582b-8fec-3ad0353d66ce&uriForGroup=substance%2Fpt%2F106956%2Bsubstance%2Fpt%2F225241349-%3Esubstance%2Fpt%2F225241350%2Bsubstance%2Fpt%2F225241361%2Bsubstance%2Fpt%2F225241372
75,1497,1,31-354-CAS-16182028,3,skipped,1,多产物反应，按当前课题规则跳过,https://scifinder-n.cas.org/search/reaction/6a58ba6462c3022ca7b601fb/75,https://scifinder-n.cas.org/navigate/?appId=46dd254f-4ca2-46ec-b6c2-2ebbe1f86273&backKey=6a58ba6462c3022ca7b601fb&backToPage=75&cidValue=816&groupOrdinal=1497&groupViewContextIndicator=false&isFromAllResults=false&isFromAlternateReactionSteps=false&isFromReactionGroup=false&key=6a58ba6462c3022ca7b601fb&metricsOrdinal=1497&ordinal=1&resultType=reaction&resultView=DETAIL&state=searchDetail.reaction&suppressNavigation=false&uiContext=366&uiSubContext=551&uriForDetails=multistep-reaction%2Fa9673f0d-c518-5c18-a92e-98b3a71baf67&uriForGroup=substance%2Fpt%2F1572181680%2Bsubstance%2Fpt%2F79301-%3Esubstance%2Fpt%2F1908463080%2Bsubstance%2Fpt%2F1908463115%2Bsubstance%2Fpt%2F1908463148
75,1498,1,31-354-CAS-7425918,3,skipped,1,多产物反应，按当前课题规则跳过,https://scifinder-n.cas.org/search/reaction/6a58ba6462c3022ca7b601fb/75,https://scifinder-n.cas.org/navigate/?appId=46dd254f-4ca2-46ec-b6c2-2ebbe1f86273&backKey=6a58ba6462c3022ca7b601fb&backToPage=75&cidValue=816&groupOrdinal=1498&groupViewContextIndicator=false&isFromAllResults=false&isFromAlternateReactionSteps=false&isFromReactionGroup=false&key=6a58ba6462c3022ca7b601fb&metricsOrdinal=1498&ordinal=1&resultType=reaction&resultView=DETAIL&state=searchDetail.reaction&suppressNavigation=false&uiContext=366&uiSubContext=551&uriForDetails=multistep-reaction%2F5f399e7c-35b9-5ca5-bfbd-96b53e8279bf&uriForGroup=substance%2Fpt%2F57701276%2Bsubstance%2Fpt%2F902759799-%3Esubstance%2Fpt%2F902759891%2Bsubstance%2Fpt%2F902759904%2Bsubstance%2Fpt%2F902759915
75,1499,1,31-008-CAS-1019415,3,skipped,1,多产物反应，按当前课题规则跳过,https://scifinder-n.cas.org/search/reaction/6a58ba6462c3022ca7b601fb/75,https://scifinder-n.cas.org/navigate/?appId=46dd254f-4ca2-46ec-b6c2-2ebbe1f86273&backKey=6a58ba6462c3022ca7b601fb&backToPage=75&cidValue=816&groupOrdinal=1499&groupViewContextIndicator=false&isFromAllResults=false&isFromAlternateReactionSteps=false&isFromReactionGroup=false&key=6a58ba6462c3022ca7b601fb&metricsOrdinal=1499&ordinal=1&resultType=reaction&resultView=DETAIL&state=searchDetail.reaction&suppressNavigation=false&uiContext=366&uiSubContext=551&uriForDetails=multistep-reaction%2Fb1bb3a7a-02b4-5e98-b47d-48011ae10a4e&uriForGroup=substance%2Fpt%2F100390%2Bsubstance%2Fpt%2F219518191-%3Esubstance%2Fpt%2F473711830%2Bsubstance%2Fpt%2F850416396%2Bsubstance%2Fpt%2F905704258
75,1500,1,31-354-CAS-16180877,3,skipped,1,多产物反应，按当前课题规则跳过,https://scifinder-n.cas.org/search/reaction/6a58ba6462c3022ca7b601fb/75,https://scifinder-n.cas.org/navigate/?appId=46dd254f-4ca2-46ec-b6c2-2ebbe1f86273&backKey=6a58ba6462c3022ca7b601fb&backToPage=75&cidValue=816&groupOrdinal=1500&groupViewContextIndicator=false&isFromAllResults=false&isFromAlternateReactionSteps=false&isFromReactionGroup=false&key=6a58ba6462c3022ca7b601fb&metricsOrdinal=1500&ordinal=1&resultType=reaction&resultView=DETAIL&state=searchDetail.reaction&suppressNavigation=false&uiContext=366&uiSubContext=551&uriForDetails=multistep-reaction%2Ff6d96f7f-071f-5df4-bd30-bfbb8e0f8026&uriForGroup=substance%2Fpt%2F1572181680%2Bsubstance%2Fpt%2F98884-%3Esubstance%2Fpt%2F1908463171%2Bsubstance%2Fpt%2F1908463217%2Bsubstance%2Fpt%2F1908463240
76,1501,1,31-010-CAS-16640590,3,skipped,1,多产物反应，按当前课题规则跳过,https://scifinder-n.cas.org/search/reaction/6a58ba6462c3022ca7b601fb/76,https://scifinder-n.cas.org/navigate/?appId=afeba3d1-38d4-4593-a118-19499ba04cb4&backKey=6a58ba6462c3022ca7b601fb&backToPage=76&cidValue=816&groupOrdinal=1501&groupViewContextIndicator=false&isFromAllResults=false&isFromAlternateReactionSteps=false&isFromReactionGroup=false&key=6a58ba6462c3022ca7b601fb&metricsOrdinal=1501&ordinal=1&resultType=reaction&resultView=DETAIL&state=searchDetail.reaction&suppressNavigation=false&uiContext=366&uiSubContext=551&uriForDetails=multistep-reaction%2F7d1dd070-4704-5df0-9ca4-818b5a584b81&uriForGroup=substance%2Fpt%2F114743703%2Bsubstance%2Fpt%2F143416426-%3Esubstance%2Fpt%2F2073031624%2Bsubstance%2Fpt%2F2073031635%2Bsubstance%2Fpt%2F2073031646
76,1502,1,31-354-CAS-3150646,3,skipped,1,多产物反应，按当前课题规则跳过,https://scifinder-n.cas.org/search/reaction/6a58ba6462c3022ca7b601fb/76,https://scifinder-n.cas.org/navigate/?appId=afeba3d1-38d4-4593-a118-19499ba04cb4&backKey=6a58ba6462c3022ca7b601fb&backToPage=76&cidValue=816&groupOrdinal=1502&groupViewContextIndicator=false&isFromAllResults=false&isFromAlternateReactionSteps=false&isFromReactionGroup=false&key=6a58ba6462c3022ca7b601fb&metricsOrdinal=1502&ordinal=1&resultType=reaction&resultView=DETAIL&state=searchDetail.reaction&suppressNavigation=false&uiContext=366&uiSubContext=551&uriForDetails=multistep-reaction%2Fbad7dd20-9e1d-5459-9f99-bf21e2331c7a&uriForGroup=substance%2Fpt%2F57701276%2Bsubstance%2Fpt%2F902760241-%3Esubstance%2Fpt%2F902759835%2Bsubstance%2Fpt%2F902759846%2Bsubstance%2Fpt%2F902759857
76,1503,1,31-354-CAS-6806937,3,skipped,1,多产物反应，按当前课题规则跳过,https://scifinder-n.cas.org/search/reaction/6a58ba6462c3022ca7b601fb/76,https://scifinder-n.cas.org/navigate/?appId=afeba3d1-38d4-4593-a118-19499ba04cb4&backKey=6a58ba6462c3022ca7b601fb&backToPage=76&cidValue=816&groupOrdinal=1503&groupViewContextIndicator=false&isFromAllResults=false&isFromAlternateReactionSteps=false&isFromReactionGroup=false&key=6a58ba6462c3022ca7b601fb&metricsOrdinal=1503&ordinal=1&resultType=reaction&resultView=DETAIL&state=searchDetail.reaction&suppressNavigation=false&uiContext=366&uiSubContext=551&uriForDetails=multistep-reaction%2Fdd6fd887-0df6-5f88-8e26-95606ff98da6&uriForGroup=substance%2Fpt%2F4635590%2Bsubstance%2Fpt%2F57701276-%3Esubstance%2Fpt%2F1145670785%2Bsubstance%2Fpt%2F1145671040%2Bsubstance%2Fpt%2F1145671142
76,1504,1,31-355-CAS-23294523,3,skipped,1,多产物反应，按当前课题规则跳过,https://scifinder-n.cas.org/search/reaction/6a58ba6462c3022ca7b601fb/76,https://scifinder-n.cas.org/navigate/?appId=afeba3d1-38d4-4593-a118-19499ba04cb4&backKey=6a58ba6462c3022ca7b601fb&backToPage=76&cidValue=816&groupOrdinal=1504&groupViewContextIndicator=false&isFromAllResults=false&isFromAlternateReactionSteps=false&isFromReactionGroup=false&key=6a58ba6462c3022ca7b601fb&metricsOrdinal=1504&ordinal=1&resultType=reaction&resultView=DETAIL&state=searchDetail.reaction&suppressNavigation=false&uiContext=366&uiSubContext=551&uriForDetails=multistep-reaction%2F6b009fb2-6510-5a38-829d-761919a31b63&uriForGroup=substance%2Fpt%2F108247%2Bsubstance%2Fpt%2F2395851939-%3Esubstance%2Fpt%2F2395851995%2Bsubstance%2Fpt%2F2395852045%2Bsubstance%2Fpt%2F2395852078
76,1504,2,31-355-CAS-21497445,3,skipped,1,多产物反应，按当前课题规则跳过,https://scifinder-n.cas.org/search/reaction/6a58ba6462c3022ca7b601fb/76,https://scifinder-n.cas.org/navigate/?appId=afeba3d1-38d4-4593-a118-19499ba04cb4&backKey=6a58ba6462c3022ca7b601fb&backToPage=76&cidValue=816&groupOrdinal=1504&groupViewContextIndicator=false&isFromAllResults=false&isFromAlternateReactionSteps=false&isFromReactionGroup=false&key=6a58ba6462c3022ca7b601fb&metricsOrdinal=1504&ordinal=2&resultType=reaction&resultView=DETAIL&state=searchDetail.reaction&suppressNavigation=false&uiContext=366&uiSubContext=551&uriForDetails=multistep-reaction%2F70d0b830-3ccb-5b2f-8862-92601cbf8486&uriForGroup=substance%2Fpt%2F108247%2Bsubstance%2Fpt%2F2395851939-%3Esubstance%2Fpt%2F2395851995%2Bsubstance%2Fpt%2F2395852045%2Bsubstance%2Fpt%2F2395852078
76,1504,3,31-355-CAS-21497431,3,skipped,1,多产物反应，按当前课题规则跳过,https://scifinder-n.cas.org/search/reaction/6a58ba6462c3022ca7b601fb/76,https://scifinder-n.cas.org/navigate/?appId=afeba3d1-38d4-4593-a118-19499ba04cb4&backKey=6a58ba6462c3022ca7b601fb&backToPage=76&cidValue=816&groupOrdinal=1504&groupViewContextIndicator=false&isFromAllResults=false&isFromAlternateReactionSteps=false&isFromReactionGroup=false&key=6a58ba6462c3022ca7b601fb&metricsOrdinal=1504&ordinal=3&resultType=reaction&resultView=DETAIL&state=searchDetail.reaction&suppressNavigation=false&uiContext=366&uiSubContext=551&uriForDetails=multistep-reaction%2F1e2a7110-5a68-5bf1-90df-0eed77ef6718&uriForGroup=substance%2Fpt%2F108247%2Bsubstance%2Fpt%2F2395851939-%3Esubstance%2Fpt%2F2395851995%2Bsubstance%2Fpt%2F2395852045%2Bsubstance%2Fpt%2F2395852078
76,1504,4,31-355-CAS-21497430,3,skipped,1,多产物反应，按当前课题规则跳过,https://scifinder-n.cas.org/search/reaction/6a58ba6462c3022ca7b601fb/76,https://scifinder-n.cas.org/navigate/?appId=afeba3d1-38d4-4593-a118-19499ba04cb4&backKey=6a58ba6462c3022ca7b601fb&backToPage=76&cidValue=816&groupOrdinal=1504&groupViewContextIndicator=false&isFromAllResults=false&isFromAlternateReactionSteps=false&isFromReactionGroup=false&key=6a58ba6462c3022ca7b601fb&metricsOrdinal=1504&ordinal=4&resultType=reaction&resultView=DETAIL&state=searchDetail.reaction&suppressNavigation=false&uiContext=366&uiSubContext=551&uriForDetails=multistep-reaction%2Ff46a338f-d7f3-57ba-9011-f510094cffcb&uriForGroup=substance%2Fpt%2F108247%2Bsubstance%2Fpt%2F2395851939-%3Esubstance%2Fpt%2F2395851995%2Bsubstance%2Fpt%2F2395852045%2Bsubstance%2Fpt%2F2395852078
76,1505,1,31-354-CAS-23884259,3,skipped,1,多产物反应，按当前课题规则跳过,https://scifinder-n.cas.org/search/reaction/6a58ba6462c3022ca7b601fb/76,https://scifinder-n.cas.org/navigate/?appId=afeba3d1-38d4-4593-a118-19499ba04cb4&backKey=6a58ba6462c3022ca7b601fb&backToPage=76&cidValue=816&groupOrdinal=1505&groupViewContextIndicator=false&isFromAllResults=false&isFromAlternateReactionSteps=false&isFromReactionGroup=false&key=6a58ba6462c3022ca7b601fb&metricsOrdinal=1505&ordinal=1&resultType=reaction&resultView=DETAIL&state=searchDetail.reaction&suppressNavigation=false&uiContext=366&uiSubContext=551&uriForDetails=multistep-reaction%2F0d86c335-3635-53e8-a460-75d141a76b11&uriForGroup=substance%2Fpt%2F219518191%2Bsubstance%2Fpt%2F98884-%3Esubstance%2Fpt%2F2639292343%2Bsubstance%2Fpt%2F323195400%2Bsubstance%2Fpt%2F755002563
76,1506,1,31-354-CAS-9567313,3,skipped,1,多产物反应，按当前课题规则跳过,https://scifinder-n.cas.org/search/reaction/6a58ba6462c3022ca7b601fb/76,https://scifinder-n.cas.org/navigate/?appId=afeba3d1-38d4-4593-a118-19499ba04cb4&backKey=6a58ba6462c3022ca7b601fb&backToPage=76&cidValue=816&groupOrdinal=1506&groupViewContextIndicator=false&isFromAllResults=false&isFromAlternateReactionSteps=false&isFromReactionGroup=false&key=6a58ba6462c3022ca7b601fb&metricsOrdinal=1506&ordinal=1&resultType=reaction&resultView=DETAIL&state=searchDetail.reaction&suppressNavigation=false&uiContext=366&uiSubContext=551&uriForDetails=multistep-reaction%2F21e1bb03-bdb4-5c56-9f93-2ac81b4c75a5&uriForGroup=substance%2Fpt%2F57701276%2Bsubstance%2Fpt%2F902760263-%3Esubstance%2Fpt%2F902759926%2Bsubstance%2Fpt%2F902759937%2Bsubstance%2Fpt%2F902759959
76,1507,1,31-354-CAS-3437780,3,skipped,1,多产物反应，按当前课题规则跳过,https://scifinder-n.cas.org/search/reaction/6a58ba6462c3022ca7b601fb/76,https://scifinder-n.cas.org/navigate/?appId=afeba3d1-38d4-4593-a118-19499ba04cb4&backKey=6a58ba6462c3022ca7b601fb&backToPage=76&cidValue=816&groupOrdinal=1507&groupViewContextIndicator=false&isFromAllResults=false&isFromAlternateReactionSteps=false&isFromReactionGroup=false&key=6a58ba6462c3022ca7b601fb&metricsOrdinal=1507&ordinal=1&resultType=reaction&resultView=DETAIL&state=searchDetail.reaction&suppressNavigation=false&uiContext=366&uiSubContext=551&uriForDetails=multistep-reaction%2F303625ee-edc7-543c-8691-104139bab07f&uriForGroup=substance%2Fpt%2F57701276%2Bsubstance%2Fpt%2F902760274-%3Esubstance%2Fpt%2F902759971%2Bsubstance%2Fpt%2F902759993%2Bsubstance%2Fpt%2F902760014
76,1508,1,31-354-CAS-12249153,3,skipped,1,多产物反应，按当前课题规则跳过,https://scifinder-n.cas.org/search/reaction/6a58ba6462c3022ca7b601fb/76,https://scifinder-n.cas.org/navigate/?appId=afeba3d1-38d4-4593-a118-19499ba04cb4&backKey=6a58ba6462c3022ca7b601fb&backToPage=76&cidValue=816&groupOrdinal=1508&groupViewContextIndicator=false&isFromAllResults=false&isFromAlternateReactionSteps=false&isFromReactionGroup=false&key=6a58ba6462c3022ca7b601fb&metricsOrdinal=1508&ordinal=1&resultType=reaction&resultView=DETAIL&state=searchDetail.reaction&suppressNavigation=false&uiContext=366&uiSubContext=551&uriForDetails=multistep-reaction%2F905a108f-7794-5bce-8c66-ef473c9e8c24&uriForGroup=substance%2Fpt%2F75829662%2Bsubstance%2Fpt%2F98884-%3Esubstance%2Fpt%2F247152994%2Bsubstance%2Fpt%2F75809857%2Bsubstance%2Fpt%2F75829673
76,1509,1,31-355-CAS-180474,3,skipped,1,多产物反应，按当前课题规则跳过,https://scifinder-n.cas.org/search/reaction/6a58ba6462c3022ca7b601fb/76,https://scifinder-n.cas.org/navigate/?appId=afeba3d1-38d4-4593-a118-19499ba04cb4&backKey=6a58ba6462c3022ca7b601fb&backToPage=76&cidValue=816&groupOrdinal=1509&groupViewContextIndicator=false&isFromAllResults=false&isFromAlternateReactionSteps=false&isFromReactionGroup=false&key=6a58ba6462c3022ca7b601fb&metricsOrdinal=1509&ordinal=1&resultType=reaction&resultView=DETAIL&state=searchDetail.reaction&suppressNavigation=false&uiContext=366&uiSubContext=551&uriForDetails=multistep-reaction%2Fb36adb86-4c09-5f0d-9d9b-2548228c37df&uriForGroup=substance%2Fpt%2F162680208%2Bsubstance%2Fpt%2F93970-%3Esubstance%2Fpt%2F1112986374%2Bsubstance%2Fpt%2F1657017714%2Bsubstance%2Fpt%2F637316871
76,1510,1,31-356-CAS-9238009,3,skipped,1,多产物反应，按当前课题规则跳过,https://scifinder-n.cas.org/search/reaction/6a58ba6462c3022ca7b601fb/76,https://scifinder-n.cas.org/navigate/?appId=afeba3d1-38d4-4593-a118-19499ba04cb4&backKey=6a58ba6462c3022ca7b601fb&backToPage=76&cidValue=816&groupOrdinal=1510&groupViewContextIndicator=false&isFromAllResults=false&isFromAlternateReactionSteps=false&isFromReactionGroup=false&key=6a58ba6462c3022ca7b601fb&metricsOrdinal=1510&ordinal=1&resultType=reaction&resultView=DETAIL&state=searchDetail.reaction&suppressNavigation=false&uiContext=366&uiSubContext=551&uriForDetails=multistep-reaction%2F6aa37888-b174-50ac-aaa0-e4bc928cd5a6&uriForGroup=substance%2Fpt%2F1007854978%2Bsubstance%2Fpt%2F65850-%3Esubstance%2Fpt%2F1007855017%2Bsubstance%2Fpt%2F1007855233%2Bsubstance%2Fpt%2F141020088
76,1511,1,31-304-CAS-6774521,3,skipped,1,多产物反应，按当前课题规则跳过,https://scifinder-n.cas.org/search/reaction/6a58ba6462c3022ca7b601fb/76,https://scifinder-n.cas.org/navigate/?appId=afeba3d1-38d4-4593-a118-19499ba04cb4&backKey=6a58ba6462c3022ca7b601fb&backToPage=76&cidValue=816&groupOrdinal=1511&groupViewContextIndicator=false&isFromAllResults=false&isFromAlternateReactionSteps=false&isFromReactionGroup=false&key=6a58ba6462c3022ca7b601fb&metricsOrdinal=1511&ordinal=1&resultType=reaction&resultView=DETAIL&state=searchDetail.reaction&suppressNavigation=false&uiContext=366&uiSubContext=551&uriForDetails=multistep-reaction%2F776d6a27-3efe-5e09-9724-4cc886d7083f&uriForGroup=substance%2Fpt%2F3954130%2Bsubstance%2Fpt%2F57701276-%3Esubstance%2Fpt%2F887501668%2Bsubstance%2Fpt%2F887501679%2Bsubstance%2Fpt%2F887501680
76,1512,1,31-008-CAS-15292360,3,skipped,1,多产物反应，按当前课题规则跳过,https://scifinder-n.cas.org/search/reaction/6a58ba6462c3022ca7b601fb/76,https://scifinder-n.cas.org/navigate/?appId=afeba3d1-38d4-4593-a118-19499ba04cb4&backKey=6a58ba6462c3022ca7b601fb&backToPage=76&cidValue=816&groupOrdinal=1512&groupViewContextIndicator=false&isFromAllResults=false&isFromAlternateReactionSteps=false&isFromReactionGroup=false&key=6a58ba6462c3022ca7b601fb&metricsOrdinal=1512&ordinal=1&resultType=reaction&resultView=DETAIL&state=searchDetail.reaction&suppressNavigation=false&uiContext=366&uiSubContext=551&uriForDetails=multistep-reaction%2F3b24f201-c1f2-51aa-b1fe-af1232fa11e6&uriForGroup=substance%2Fpt%2F100390%2Bsubstance%2Fpt%2F64552063-%3Esubstance%2Fpt%2F116002347%2Bsubstance%2Fpt%2F129170929%2Bsubstance%2Fpt%2F156924979
76,1512,2,31-008-CAS-2514238,3,skipped,1,多产物反应，按当前课题规则跳过,https://scifinder-n.cas.org/search/reaction/6a58ba6462c3022ca7b601fb/76,https://scifinder-n.cas.org/navigate/?appId=afeba3d1-38d4-4593-a118-19499ba04cb4&backKey=6a58ba6462c3022ca7b601fb&backToPage=76&cidValue=816&groupOrdinal=1512&groupViewContextIndicator=false&isFromAllResults=false&isFromAlternateReactionSteps=false&isFromReactionGroup=false&key=6a58ba6462c3022ca7b601fb&metricsOrdinal=1512&ordinal=2&resultType=reaction&resultView=DETAIL&state=searchDetail.reaction&suppressNavigation=false&uiContext=366&uiSubContext=551&uriForDetails=multistep-reaction%2Fc97c5305-ef60-5e02-92de-817af6121f9a&uriForGroup=substance%2Fpt%2F100390%2Bsubstance%2Fpt%2F64552063-%3Esubstance%2Fpt%2F116002347%2Bsubstance%2Fpt%2F129170929%2Bsubstance%2Fpt%2F156924979
76,1513,1,31-354-CAS-7213657,3,skipped,1,多产物反应，按当前课题规则跳过,https://scifinder-n.cas.org/search/reaction/6a58ba6462c3022ca7b601fb/76,https://scifinder-n.cas.org/navigate/?appId=afeba3d1-38d4-4593-a118-19499ba04cb4&backKey=6a58ba6462c3022ca7b601fb&backToPage=76&cidValue=816&groupOrdinal=1513&groupViewContextIndicator=false&isFromAllResults=false&isFromAlternateReactionSteps=false&isFromReactionGroup=false&key=6a58ba6462c3022ca7b601fb&metricsOrdinal=1513&ordinal=1&resultType=reaction&resultView=DETAIL&state=searchDetail.reaction&suppressNavigation=false&uiContext=366&uiSubContext=551&uriForDetails=multistep-reaction%2F046abaf3-dabe-5fe7-aa35-322b27dacf96&uriForGroup=substance%2Fpt%2F112130%2Bsubstance%2Fpt%2F57701276-%3Esubstance%2Fpt%2F1145670934%2Bsubstance%2Fpt%2F1145671120%2Bsubstance%2Fpt%2F1145671197
76,1514,1,31-355-CAS-23295843,3,skipped,1,多产物反应，按当前课题规则跳过,https://scifinder-n.cas.org/search/reaction/6a58ba6462c3022ca7b601fb/76,https://scifinder-n.cas.org/navigate/?appId=afeba3d1-38d4-4593-a118-19499ba04cb4&backKey=6a58ba6462c3022ca7b601fb&backToPage=76&cidValue=816&groupOrdinal=1514&groupViewContextIndicator=false&isFromAllResults=false&isFromAlternateReactionSteps=false&isFromReactionGroup=false&key=6a58ba6462c3022ca7b601fb&metricsOrdinal=1514&ordinal=1&resultType=reaction&resultView=DETAIL&state=searchDetail.reaction&suppressNavigation=false&uiContext=366&uiSubContext=551&uriForDetails=multistep-reaction%2F35d24da4-6b8b-5d5b-abeb-8b78e1eb1c3a&uriForGroup=substance%2Fpt%2F65530269%2Bsubstance%2Fpt%2F97723-%3Esubstance%2Fpt%2F2608839434%2Bsubstance%2Fpt%2F2608839467%2Bsubstance%2Fpt%2F2608839503
76,1515,1,31-022-CAS-16180885,3,skipped,1,多产物反应，按当前课题规则跳过,https://scifinder-n.cas.org/search/reaction/6a58ba6462c3022ca7b601fb/76,https://scifinder-n.cas.org/navigate/?appId=afeba3d1-38d4-4593-a118-19499ba04cb4&backKey=6a58ba6462c3022ca7b601fb&backToPage=76&cidValue=816&groupOrdinal=1515&groupViewContextIndicator=false&isFromAllResults=false&isFromAlternateReactionSteps=false&isFromReactionGroup=false&key=6a58ba6462c3022ca7b601fb&metricsOrdinal=1515&ordinal=1&resultType=reaction&resultView=DETAIL&state=searchDetail.reaction&suppressNavigation=false&uiContext=366&uiSubContext=551&uriForDetails=multistep-reaction%2Fa056a607-85f9-59d7-aefe-b5599eaea132&uriForGroup=substance%2Fpt%2F124630%2Bsubstance%2Fpt%2F1572181680-%3Esubstance%2Fpt%2F1908463660%2Bsubstance%2Fpt%2F1908463693%2Bsubstance%2Fpt%2F1908463728
76,1516,1,31-354-CAS-11931256,3,skipped,1,多产物反应，按当前课题规则跳过,https://scifinder-n.cas.org/search/reaction/6a58ba6462c3022ca7b601fb/76,https://scifinder-n.cas.org/navigate/?appId=afeba3d1-38d4-4593-a118-19499ba04cb4&backKey=6a58ba6462c3022ca7b601fb&backToPage=76&cidValue=816&groupOrdinal=1516&groupViewContextIndicator=false&isFromAllResults=false&isFromAlternateReactionSteps=false&isFromReactionGroup=false&key=6a58ba6462c3022ca7b601fb&metricsOrdinal=1516&ordinal=1&resultType=reaction&resultView=DETAIL&state=searchDetail.reaction&suppressNavigation=false&uiContext=366&uiSubContext=551&uriForDetails=multistep-reaction%2Fd1c40dd0-b440-533a-85e3-21ec02c1c81c&uriForGroup=substance%2Fpt%2F3282302%2Bsubstance%2Fpt%2F75829662-%3Esubstance%2Fpt%2F247152927%2Bsubstance%2Fpt%2F247152983%2Bsubstance%2Fpt%2F247153011
76,1517,1,31-355-CAS-23295493,3,skipped,1,多产物反应，按当前课题规则跳过,https://scifinder-n.cas.org/search/reaction/6a58ba6462c3022ca7b601fb/76,https://scifinder-n.cas.org/navigate/?appId=afeba3d1-38d4-4593-a118-19499ba04cb4&backKey=6a58ba6462c3022ca7b601fb&backToPage=76&cidValue=816&groupOrdinal=1517&groupViewContextIndicator=false&isFromAllResults=false&isFromAlternateReactionSteps=false&isFromReactionGroup=false&key=6a58ba6462c3022ca7b601fb&metricsOrdinal=1517&ordinal=1&resultType=reaction&resultView=DETAIL&state=searchDetail.reaction&suppressNavigation=false&uiContext=366&uiSubContext=551&uriForDetails=multistep-reaction%2Fafc2996a-a619-5410-8847-c7207df5cd24&uriForGroup=substance%2Fpt%2F108247%2Bsubstance%2Fpt%2F219518191-%3Esubstance%2Fpt%2F219518204%2Bsubstance%2Fpt%2F755002529%2Bsubstance%2Fpt%2F755002585
76,1517,2,31-614-CAS-39742225,3,skipped,1,多产物反应，按当前课题规则跳过,https://scifinder-n.cas.org/search/reaction/6a58ba6462c3022ca7b601fb/76,https://scifinder-n.cas.org/navigate/?appId=afeba3d1-38d4-4593-a118-19499ba04cb4&backKey=6a58ba6462c3022ca7b601fb&backToPage=76&cidValue=816&groupOrdinal=1517&groupViewContextIndicator=false&isFromAllResults=false&isFromAlternateReactionSteps=false&isFromReactionGroup=false&key=6a58ba6462c3022ca7b601fb&metricsOrdinal=1517&ordinal=2&resultType=reaction&resultView=DETAIL&state=searchDetail.reaction&suppressNavigation=false&uiContext=366&uiSubContext=551&uriForDetails=multistep-reaction%2Fd1c5555f-b914-534f-be71-e5f06f951e98&uriForGroup=substance%2Fpt%2F108247%2Bsubstance%2Fpt%2F219518191-%3Esubstance%2Fpt%2F219518204%2Bsubstance%2Fpt%2F755002529%2Bsubstance%2Fpt%2F755002585
76,1517,3,31-614-CAS-39742233,3,skipped,1,多产物反应，按当前课题规则跳过,https://scifinder-n.cas.org/search/reaction/6a58ba6462c3022ca7b601fb/76,https://scifinder-n.cas.org/navigate/?appId=afeba3d1-38d4-4593-a118-19499ba04cb4&backKey=6a58ba6462c3022ca7b601fb&backToPage=76&cidValue=816&groupOrdinal=1517&groupViewContextIndicator=false&isFromAllResults=false&isFromAlternateReactionSteps=false&isFromReactionGroup=false&key=6a58ba6462c3022ca7b601fb&metricsOrdinal=1517&ordinal=3&resultType=reaction&resultView=DETAIL&state=searchDetail.reaction&suppressNavigation=false&uiContext=366&uiSubContext=551&uriForDetails=multistep-reaction%2Fedc8a289-f093-5a05-8983-9136eb35b864&uriForGroup=substance%2Fpt%2F108247%2Bsubstance%2Fpt%2F219518191-%3Esubstance%2Fpt%2F219518204%2Bsubstance%2Fpt%2F755002529%2Bsubstance%2Fpt%2F755002585
76,1518,1,31-354-CAS-5581856,3,skipped,1,多产物反应，按当前课题规则跳过,https://scifinder-n.cas.org/search/reaction/6a58ba6462c3022ca7b601fb/76,https://scifinder-n.cas.org/navigate/?appId=afeba3d1-38d4-4593-a118-19499ba04cb4&backKey=6a58ba6462c3022ca7b601fb&backToPage=76&cidValue=816&groupOrdinal=1518&groupViewContextIndicator=false&isFromAllResults=false&isFromAlternateReactionSteps=false&isFromReactionGroup=false&key=6a58ba6462c3022ca7b601fb&metricsOrdinal=1518&ordinal=1&resultType=reaction&resultView=DETAIL&state=searchDetail.reaction&suppressNavigation=false&uiContext=366&uiSubContext=551&uriForDetails=multistep-reaction%2F3c5e7360-3e00-5285-ae1b-473db5158f71&uriForGroup=substance%2Fpt%2F57701276%2Bsubstance%2Fpt%2F902760296-%3Esubstance%2Fpt%2F902760036%2Bsubstance%2Fpt%2F902760058%2Bsubstance%2Fpt%2F902760070
76,1519,1,31-356-CAS-2504839,3,skipped,1,多产物反应，按当前课题规则跳过,https://scifinder-n.cas.org/search/reaction/6a58ba6462c3022ca7b601fb/76,https://scifinder-n.cas.org/navigate/?appId=afeba3d1-38d4-4593-a118-19499ba04cb4&backKey=6a58ba6462c3022ca7b601fb&backToPage=76&cidValue=816&groupOrdinal=1519&groupViewContextIndicator=false&isFromAllResults=false&isFromAlternateReactionSteps=false&isFromReactionGroup=false&key=6a58ba6462c3022ca7b601fb&metricsOrdinal=1519&ordinal=1&resultType=reaction&resultView=DETAIL&state=searchDetail.reaction&suppressNavigation=false&uiContext=366&uiSubContext=551&uriForDetails=multistep-reaction%2F96735878-9ca5-5718-95ca-74751c16adfd&uriForGroup=substance%2Fpt%2F2777653%2Bsubstance%2Fpt%2F57701276-%3Esubstance%2Fpt%2F887501602%2Bsubstance%2Fpt%2F887501613%2Bsubstance%2Fpt%2F887501624
76,1520,1,31-614-CAS-37053013,3,skipped,1,多产物反应，按当前课题规则跳过,https://scifinder-n.cas.org/search/reaction/6a58ba6462c3022ca7b601fb/76,https://scifinder-n.cas.org/navigate/?appId=afeba3d1-38d4-4593-a118-19499ba04cb4&backKey=6a58ba6462c3022ca7b601fb&backToPage=76&cidValue=816&groupOrdinal=1520&groupViewContextIndicator=false&isFromAllResults=false&isFromAlternateReactionSteps=false&isFromReactionGroup=false&key=6a58ba6462c3022ca7b601fb&metricsOrdinal=1520&ordinal=1&resultType=reaction&resultView=DETAIL&state=searchDetail.reaction&suppressNavigation=false&uiContext=366&uiSubContext=551&uriForDetails=multistep-reaction%2F694e82ff-b571-58b1-bd07-84d4b3e714fa&uriForGroup=substance%2Fpt%2F87508176%2Bsubstance%2Fpt%2F98884-%3Esubstance%2Fpt%2F190367078%2Bsubstance%2Fpt%2F260779940%2Bsubstance%2Fpt%2F260779951
77,1521,1,31-008-CAS-2034201,3,skipped,1,多产物反应，按当前课题规则跳过,https://scifinder-n.cas.org/search/reaction/6a58ba6462c3022ca7b601fb/77,https://scifinder-n.cas.org/navigate/?appId=62b51e14-8d31-4715-baa8-60e8d8a74d38&backKey=6a58ba6462c3022ca7b601fb&backToPage=77&cidValue=816&groupOrdinal=1521&groupViewContextIndicator=false&isFromAllResults=false&isFromAlternateReactionSteps=false&isFromReactionGroup=false&key=6a58ba6462c3022ca7b601fb&metricsOrdinal=1521&ordinal=1&resultType=reaction&resultView=DETAIL&state=searchDetail.reaction&suppressNavigation=false&uiContext=366&uiSubContext=551&uriForDetails=multistep-reaction%2F7f84a58d-df7e-54d3-a28e-8a1a052cd773&uriForGroup=substance%2Fpt%2F3188134%2Bsubstance%2Fpt%2F71117378-%3Esubstance%2Fpt%2F839730313%2Bsubstance%2Fpt%2F839730324%2Bsubstance%2Fpt%2F839730335
77,1521,2,31-008-CAS-12445394,3,skipped,1,多产物反应，按当前课题规则跳过,https://scifinder-n.cas.org/search/reaction/6a58ba6462c3022ca7b601fb/77,https://scifinder-n.cas.org/navigate/?appId=62b51e14-8d31-4715-baa8-60e8d8a74d38&backKey=6a58ba6462c3022ca7b601fb&backToPage=77&cidValue=816&groupOrdinal=1521&groupViewContextIndicator=false&isFromAllResults=false&isFromAlternateReactionSteps=false&isFromReactionGroup=false&key=6a58ba6462c3022ca7b601fb&metricsOrdinal=1521&ordinal=2&resultType=reaction&resultView=DETAIL&state=searchDetail.reaction&suppressNavigation=false&uiContext=366&uiSubContext=551&uriForDetails=multistep-reaction%2F7864e5af-23d8-5159-9ae5-348e9db2221e&uriForGroup=substance%2Fpt%2F3188134%2Bsubstance%2Fpt%2F71117378-%3Esubstance%2Fpt%2F839730313%2Bsubstance%2Fpt%2F839730324%2Bsubstance%2Fpt%2F839730335
77,1521,3,31-008-CAS-9706262,3,skipped,1,多产物反应，按当前课题规则跳过,https://scifinder-n.cas.org/search/reaction/6a58ba6462c3022ca7b601fb/77,https://scifinder-n.cas.org/navigate/?appId=62b51e14-8d31-4715-baa8-60e8d8a74d38&backKey=6a58ba6462c3022ca7b601fb&backToPage=77&cidValue=816&groupOrdinal=1521&groupViewContextIndicator=false&isFromAllResults=false&isFromAlternateReactionSteps=false&isFromReactionGroup=false&key=6a58ba6462c3022ca7b601fb&metricsOrdinal=1521&ordinal=3&resultType=reaction&resultView=DETAIL&state=searchDetail.reaction&suppressNavigation=false&uiContext=366&uiSubContext=551&uriForDetails=multistep-reaction%2F2271f863-7bf2-518b-87d2-05d9f891ebcb&uriForGroup=substance%2Fpt%2F3188134%2Bsubstance%2Fpt%2F71117378-%3Esubstance%2Fpt%2F839730313%2Bsubstance%2Fpt%2F839730324%2Bsubstance%2Fpt%2F839730335
77,1522,1,31-354-CAS-16180874,3,skipped,1,多产物反应，按当前课题规则跳过,https://scifinder-n.cas.org/search/reaction/6a58ba6462c3022ca7b601fb/77,https://scifinder-n.cas.org/navigate/?appId=62b51e14-8d31-4715-baa8-60e8d8a74d38&backKey=6a58ba6462c3022ca7b601fb&backToPage=77&cidValue=816&groupOrdinal=1522&groupViewContextIndicator=false&isFromAllResults=false&isFromAlternateReactionSteps=false&isFromReactionGroup=false&key=6a58ba6462c3022ca7b601fb&metricsOrdinal=1522&ordinal=1&resultType=reaction&resultView=DETAIL&state=searchDetail.reaction&suppressNavigation=false&uiContext=366&uiSubContext=551&uriForDetails=multistep-reaction%2Fe041f722-053a-585a-8b5a-d4f434a144c1&uriForGroup=substance%2Fpt%2F1572181680%2Bsubstance%2Fpt%2F75365-%3Esubstance%2Fpt%2F1908462996%2Bsubstance%2Fpt%2F1908463024%2Bsubstance%2Fpt%2F1908463057
77,1523,1,31-614-CAS-27356852,3,skipped,1,多产物反应，按当前课题规则跳过,https://scifinder-n.cas.org/search/reaction/6a58ba6462c3022ca7b601fb/77,https://scifinder-n.cas.org/navigate/?appId=62b51e14-8d31-4715-baa8-60e8d8a74d38&backKey=6a58ba6462c3022ca7b601fb&backToPage=77&cidValue=816&groupOrdinal=1523&groupViewContextIndicator=false&isFromAllResults=false&isFromAlternateReactionSteps=false&isFromReactionGroup=false&key=6a58ba6462c3022ca7b601fb&metricsOrdinal=1523&ordinal=1&resultType=reaction&resultView=DETAIL&state=searchDetail.reaction&suppressNavigation=false&uiContext=366&uiSubContext=551&uriForDetails=multistep-reaction%2F7c1dac82-5614-53b8-a287-ef201a685549&uriForGroup=substance%2Fpt%2F79549749%2Bsubstance%2Fpt%2F90238203-%3Esubstance%2Fpt%2F109718798%2Bsubstance%2Fpt%2F1246869668%2Bsubstance%2Fpt%2F99265948
77,1524,1,31-022-CAS-6733182,3,skipped,1,多产物反应，按当前课题规则跳过,https://scifinder-n.cas.org/search/reaction/6a58ba6462c3022ca7b601fb/77,https://scifinder-n.cas.org/navigate/?appId=62b51e14-8d31-4715-baa8-60e8d8a74d38&backKey=6a58ba6462c3022ca7b601fb&backToPage=77&cidValue=816&groupOrdinal=1524&groupViewContextIndicator=false&isFromAllResults=false&isFromAlternateReactionSteps=false&isFromReactionGroup=false&key=6a58ba6462c3022ca7b601fb&metricsOrdinal=1524&ordinal=1&resultType=reaction&resultView=DETAIL&state=searchDetail.reaction&suppressNavigation=false&uiContext=366&uiSubContext=551&uriForDetails=multistep-reaction%2Fa1501332-2b52-5bd8-8726-3dea10c2ee77&uriForGroup=substance%2Fpt%2F16475299%2Bsubstance%2Fpt%2F64552063-%3Esubstance%2Fpt%2F124662959%2Bsubstance%2Fpt%2F124662960%2Bsubstance%2Fpt%2F124691414
77,1525,1,31-013-CAS-8868034,3,skipped,1,多产物反应，按当前课题规则跳过,https://scifinder-n.cas.org/search/reaction/6a58ba6462c3022ca7b601fb/77,https://scifinder-n.cas.org/navigate/?appId=62b51e14-8d31-4715-baa8-60e8d8a74d38&backKey=6a58ba6462c3022ca7b601fb&backToPage=77&cidValue=816&groupOrdinal=1525&groupViewContextIndicator=false&isFromAllResults=false&isFromAlternateReactionSteps=false&isFromReactionGroup=false&key=6a58ba6462c3022ca7b601fb&metricsOrdinal=1525&ordinal=1&resultType=reaction&resultView=DETAIL&state=searchDetail.reaction&suppressNavigation=false&uiContext=366&uiSubContext=551&uriForDetails=multistep-reaction%2F11940f28-6acc-5951-b16d-5a4f3cf7e4a4&uriForGroup=substance%2Fpt%2F126330732%2Bsubstance%2Fpt%2F3162967-%3Esubstance%2Fpt%2F147975415%2Bsubstance%2Fpt%2F147975426%2Bsubstance%2Fpt%2F164906585
77,1526,1,31-012-CAS-17153724,3,skipped,1,多产物反应，按当前课题规则跳过,https://scifinder-n.cas.org/search/reaction/6a58ba6462c3022ca7b601fb/77,https://scifinder-n.cas.org/navigate/?appId=62b51e14-8d31-4715-baa8-60e8d8a74d38&backKey=6a58ba6462c3022ca7b601fb&backToPage=77&cidValue=816&groupOrdinal=1526&groupViewContextIndicator=false&isFromAllResults=false&isFromAlternateReactionSteps=false&isFromReactionGroup=false&key=6a58ba6462c3022ca7b601fb&metricsOrdinal=1526&ordinal=1&resultType=reaction&resultView=DETAIL&state=searchDetail.reaction&suppressNavigation=false&uiContext=366&uiSubContext=551&uriForDetails=multistep-reaction%2F70e08021-2890-5698-979e-721a78885346&uriForGroup=substance%2Fpt%2F10016203%2Bsubstance%2Fpt%2F264129922-%3Esubstance%2Fpt%2F2097606238%2Bsubstance%2Fpt%2F292045955%2Bsubstance%2Fpt%2F95797823
77,1527,1,31-614-CAS-27509107,3,skipped,1,多产物反应，按当前课题规则跳过,https://scifinder-n.cas.org/search/reaction/6a58ba6462c3022ca7b601fb/77,https://scifinder-n.cas.org/navigate/?appId=62b51e14-8d31-4715-baa8-60e8d8a74d38&backKey=6a58ba6462c3022ca7b601fb&backToPage=77&cidValue=816&groupOrdinal=1527&groupViewContextIndicator=false&isFromAllResults=false&isFromAlternateReactionSteps=false&isFromReactionGroup=false&key=6a58ba6462c3022ca7b601fb&metricsOrdinal=1527&ordinal=1&resultType=reaction&resultView=DETAIL&state=searchDetail.reaction&suppressNavigation=false&uiContext=366&uiSubContext=551&uriForDetails=multistep-reaction%2F9787221e-f480-5cfb-8274-4a9efd762651&uriForGroup=substance%2Fpt%2F10016203%2Bsubstance%2Fpt%2F305367606-%3Esubstance%2Fpt%2F305367628%2Bsubstance%2Fpt%2F353513958%2Bsubstance%2Fpt%2F353514019
77,1528,1,31-355-CAS-23235517,3,skipped,1,多产物反应，按当前课题规则跳过,https://scifinder-n.cas.org/search/reaction/6a58ba6462c3022ca7b601fb/77,https://scifinder-n.cas.org/navigate/?appId=62b51e14-8d31-4715-baa8-60e8d8a74d38&backKey=6a58ba6462c3022ca7b601fb&backToPage=77&cidValue=816&groupOrdinal=1528&groupViewContextIndicator=false&isFromAllResults=false&isFromAlternateReactionSteps=false&isFromReactionGroup=false&key=6a58ba6462c3022ca7b601fb&metricsOrdinal=1528&ordinal=1&resultType=reaction&resultView=DETAIL&state=searchDetail.reaction&suppressNavigation=false&uiContext=366&uiSubContext=551&uriForDetails=multistep-reaction%2Fa3d4c78d-7308-50e5-8a0f-59040bbc46a8&uriForGroup=substance%2Fpt%2F2598874805%2Bsubstance%2Fpt%2F2598874883-%3Esubstance%2Fpt%2F2598874816%2Bsubstance%2Fpt%2F2598874838%2Bsubstance%2Fpt%2F2598874872
77,1529,1,31-356-CAS-13261157,3,skipped,1,多产物反应，按当前课题规则跳过,https://scifinder-n.cas.org/search/reaction/6a58ba6462c3022ca7b601fb/77,https://scifinder-n.cas.org/navigate/?appId=62b51e14-8d31-4715-baa8-60e8d8a74d38&backKey=6a58ba6462c3022ca7b601fb&backToPage=77&cidValue=816&groupOrdinal=1529&groupViewContextIndicator=false&isFromAllResults=false&isFromAlternateReactionSteps=false&isFromReactionGroup=false&key=6a58ba6462c3022ca7b601fb&metricsOrdinal=1529&ordinal=1&resultType=reaction&resultView=DETAIL&state=searchDetail.reaction&suppressNavigation=false&uiContext=366&uiSubContext=551&uriForDetails=multistep-reaction%2Fb4441aa1-bb05-55a4-82b9-3852209ed374&uriForGroup=substance%2Fpt%2F180274491%2Bsubstance%2Fpt%2F80591-%3Esubstance%2Fpt%2F1807878983%2Bsubstance%2Fpt%2F1807879088%2Bsubstance%2Fpt%2F1807880676
77,1530,1,31-614-CAS-25979020,3,skipped,1,多产物反应，按当前课题规则跳过,https://scifinder-n.cas.org/search/reaction/6a58ba6462c3022ca7b601fb/77,https://scifinder-n.cas.org/navigate/?appId=62b51e14-8d31-4715-baa8-60e8d8a74d38&backKey=6a58ba6462c3022ca7b601fb&backToPage=77&cidValue=816&groupOrdinal=1530&groupViewContextIndicator=false&isFromAllResults=false&isFromAlternateReactionSteps=false&isFromReactionGroup=false&key=6a58ba6462c3022ca7b601fb&metricsOrdinal=1530&ordinal=1&resultType=reaction&resultView=DETAIL&state=searchDetail.reaction&suppressNavigation=false&uiContext=366&uiSubContext=551&uriForDetails=multistep-reaction%2Fc028f956-c3d2-59fb-8eb3-5696f21bb9eb&uriForGroup=substance%2Fpt%2F1119513%2Bsubstance%2Fpt%2F123155033-%3Esubstance%2Fpt%2F885456359%2Bsubstance%2Fpt%2F885456360%2Bsubstance%2Fpt%2F885456393
77,1531,1,31-354-CAS-16654425,3,skipped,1,多产物反应，按当前课题规则跳过,https://scifinder-n.cas.org/search/reaction/6a58ba6462c3022ca7b601fb/77,https://scifinder-n.cas.org/navigate/?appId=62b51e14-8d31-4715-baa8-60e8d8a74d38&backKey=6a58ba6462c3022ca7b601fb&backToPage=77&cidValue=816&groupOrdinal=1531&groupViewContextIndicator=false&isFromAllResults=false&isFromAlternateReactionSteps=false&isFromReactionGroup=false&key=6a58ba6462c3022ca7b601fb&metricsOrdinal=1531&ordinal=1&resultType=reaction&resultView=DETAIL&state=searchDetail.reaction&suppressNavigation=false&uiContext=366&uiSubContext=551&uriForDetails=multistep-reaction%2Fba7219e0-508c-5985-9faf-623a9f4ec07b&uriForGroup=substance%2Fpt%2F57701276%2Bsubstance%2Fpt%2F98884-%3Esubstance%2Fpt%2F120200466%2Bsubstance%2Fpt%2F75829639%2Bsubstance%2Fpt%2F80041301
77,1531,2,31-354-CAS-11054538,3,skipped,1,多产物反应，按当前课题规则跳过,https://scifinder-n.cas.org/search/reaction/6a58ba6462c3022ca7b601fb/77,https://scifinder-n.cas.org/navigate/?appId=62b51e14-8d31-4715-baa8-60e8d8a74d38&backKey=6a58ba6462c3022ca7b601fb&backToPage=77&cidValue=816&groupOrdinal=1531&groupViewContextIndicator=false&isFromAllResults=false&isFromAlternateReactionSteps=false&isFromReactionGroup=false&key=6a58ba6462c3022ca7b601fb&metricsOrdinal=1531&ordinal=2&resultType=reaction&resultView=DETAIL&state=searchDetail.reaction&suppressNavigation=false&uiContext=366&uiSubContext=551&uriForDetails=multistep-reaction%2Fe4bb2478-4d40-5ed8-b633-6b758374dd30&uriForGroup=substance%2Fpt%2F57701276%2Bsubstance%2Fpt%2F98884-%3Esubstance%2Fpt%2F120200466%2Bsubstance%2Fpt%2F75829639%2Bsubstance%2Fpt%2F80041301
77,1531,3,31-354-CAS-3109380,3,skipped,1,多产物反应，按当前课题规则跳过,https://scifinder-n.cas.org/search/reaction/6a58ba6462c3022ca7b601fb/77,https://scifinder-n.cas.org/navigate/?appId=62b51e14-8d31-4715-baa8-60e8d8a74d38&backKey=6a58ba6462c3022ca7b601fb&backToPage=77&cidValue=816&groupOrdinal=1531&groupViewContextIndicator=false&isFromAllResults=false&isFromAlternateReactionSteps=false&isFromReactionGroup=false&key=6a58ba6462c3022ca7b601fb&metricsOrdinal=1531&ordinal=3&resultType=reaction&resultView=DETAIL&state=searchDetail.reaction&suppressNavigation=false&uiContext=366&uiSubContext=551&uriForDetails=multistep-reaction%2F8e0e07ac-9c86-58b4-9475-ad0a9ec689e1&uriForGroup=substance%2Fpt%2F57701276%2Bsubstance%2Fpt%2F98884-%3Esubstance%2Fpt%2F120200466%2Bsubstance%2Fpt%2F75829639%2Bsubstance%2Fpt%2F80041301
77,1532,1,31-614-CAS-25711484,3,skipped,1,多产物反应，按当前课题规则跳过,https://scifinder-n.cas.org/search/reaction/6a58ba6462c3022ca7b601fb/77,https://scifinder-n.cas.org/navigate/?appId=62b51e14-8d31-4715-baa8-60e8d8a74d38&backKey=6a58ba6462c3022ca7b601fb&backToPage=77&cidValue=816&groupOrdinal=1532&groupViewContextIndicator=false&isFromAllResults=false&isFromAlternateReactionSteps=false&isFromReactionGroup=false&key=6a58ba6462c3022ca7b601fb&metricsOrdinal=1532&ordinal=1&resultType=reaction&resultView=DETAIL&state=searchDetail.reaction&suppressNavigation=false&uiContext=366&uiSubContext=551&uriForDetails=multistep-reaction%2Fef7cbca7-b5a2-5859-be16-689fd9770e6e&uriForGroup=substance%2Fpt%2F57701276-%3Esubstance%2Fpt%2F163180889%2Bsubstance%2Fpt%2F163180914%2Bsubstance%2Fpt%2F163180936
77,1533,1,31-010-CAS-9579634,3,skipped,1,多产物反应，按当前课题规则跳过,https://scifinder-n.cas.org/search/reaction/6a58ba6462c3022ca7b601fb/77,https://scifinder-n.cas.org/navigate/?appId=62b51e14-8d31-4715-baa8-60e8d8a74d38&backKey=6a58ba6462c3022ca7b601fb&backToPage=77&cidValue=816&groupOrdinal=1533&groupViewContextIndicator=false&isFromAllResults=false&isFromAlternateReactionSteps=false&isFromReactionGroup=false&key=6a58ba6462c3022ca7b601fb&metricsOrdinal=1533&ordinal=1&resultType=reaction&resultView=DETAIL&state=searchDetail.reaction&suppressNavigation=false&uiContext=366&uiSubContext=551&uriForDetails=multistep-reaction%2Ff2d09be5-96e6-5bb8-b38a-839596a490cc&uriForGroup=substance%2Fpt%2F1352410526%2Bsubstance%2Fpt%2F161007950-%3Esubstance%2Fpt%2F1352410571%2Bsubstance%2Fpt%2F1352410582%2Bsubstance%2Fpt%2F1352410593
77,1533,2,31-010-CAS-5974664,3,skipped,1,多产物反应，按当前课题规则跳过,https://scifinder-n.cas.org/search/reaction/6a58ba6462c3022ca7b601fb/77,https://scifinder-n.cas.org/navigate/?appId=62b51e14-8d31-4715-baa8-60e8d8a74d38&backKey=6a58ba6462c3022ca7b601fb&backToPage=77&cidValue=816&groupOrdinal=1533&groupViewContextIndicator=false&isFromAllResults=false&isFromAlternateReactionSteps=false&isFromReactionGroup=false&key=6a58ba6462c3022ca7b601fb&metricsOrdinal=1533&ordinal=2&resultType=reaction&resultView=DETAIL&state=searchDetail.reaction&suppressNavigation=false&uiContext=366&uiSubContext=551&uriForDetails=multistep-reaction%2F8b1a8ecd-01ac-5963-b804-dd3c9ef09bf5&uriForGroup=substance%2Fpt%2F1352410526%2Bsubstance%2Fpt%2F161007950-%3Esubstance%2Fpt%2F1352410571%2Bsubstance%2Fpt%2F1352410582%2Bsubstance%2Fpt%2F1352410593
77,1534,1,31-354-CAS-5131151,3,skipped,1,多产物反应，按当前课题规则跳过,https://scifinder-n.cas.org/search/reaction/6a58ba6462c3022ca7b601fb/77,https://scifinder-n.cas.org/navigate/?appId=62b51e14-8d31-4715-baa8-60e8d8a74d38&backKey=6a58ba6462c3022ca7b601fb&backToPage=77&cidValue=816&groupOrdinal=1534&groupViewContextIndicator=false&isFromAllResults=false&isFromAlternateReactionSteps=false&isFromReactionGroup=false&key=6a58ba6462c3022ca7b601fb&metricsOrdinal=1534&ordinal=1&resultType=reaction&resultView=DETAIL&state=searchDetail.reaction&suppressNavigation=false&uiContext=366&uiSubContext=551&uriForDetails=multistep-reaction%2F1a4493c6-0f0b-500d-a425-d3fb3e585992&uriForGroup=substance%2Fpt%2F111648%2Bsubstance%2Fpt%2F57701276-%3Esubstance%2Fpt%2F1145670901%2Bsubstance%2Fpt%2F1145671119%2Bsubstance%2Fpt%2F1145671175
77,1535,1,31-354-CAS-19714655,3,skipped,1,多产物反应，按当前课题规则跳过,https://scifinder-n.cas.org/search/reaction/6a58ba6462c3022ca7b601fb/77,https://scifinder-n.cas.org/navigate/?appId=62b51e14-8d31-4715-baa8-60e8d8a74d38&backKey=6a58ba6462c3022ca7b601fb&backToPage=77&cidValue=816&groupOrdinal=1535&groupViewContextIndicator=false&isFromAllResults=false&isFromAlternateReactionSteps=false&isFromReactionGroup=false&key=6a58ba6462c3022ca7b601fb&metricsOrdinal=1535&ordinal=1&resultType=reaction&resultView=DETAIL&state=searchDetail.reaction&suppressNavigation=false&uiContext=366&uiSubContext=551&uriForDetails=multistep-reaction%2F494784db-8625-55ee-b225-f3374cfc72d7&uriForGroup=substance%2Fpt%2F874602%2Bsubstance%2Fpt%2F87508176-%3Esubstance%2Fpt%2F2243295578%2Bsubstance%2Fpt%2F2243295589%2Bsubstance%2Fpt%2F2264036873
77,1536,1,31-354-CAS-14106883,3,skipped,1,多产物反应，按当前课题规则跳过,https://scifinder-n.cas.org/search/reaction/6a58ba6462c3022ca7b601fb/77,https://scifinder-n.cas.org/navigate/?appId=62b51e14-8d31-4715-baa8-60e8d8a74d38&backKey=6a58ba6462c3022ca7b601fb&backToPage=77&cidValue=816&groupOrdinal=1536&groupViewContextIndicator=false&isFromAllResults=false&isFromAlternateReactionSteps=false&isFromReactionGroup=false&key=6a58ba6462c3022ca7b601fb&metricsOrdinal=1536&ordinal=1&resultType=reaction&resultView=DETAIL&state=searchDetail.reaction&suppressNavigation=false&uiContext=366&uiSubContext=551&uriForDetails=multistep-reaction%2F85a3a200-2d13-59c0-b674-005929017849&uriForGroup=substance%2Fpt%2F39716580%2Bsubstance%2Fpt%2F57701276-%3Esubstance%2Fpt%2F1145670821%2Bsubstance%2Fpt%2F1145671073%2Bsubstance%2Fpt%2F1145671153
77,1537,1,31-356-CAS-13764670,3,skipped,1,多产物反应，按当前课题规则跳过,https://scifinder-n.cas.org/search/reaction/6a58ba6462c3022ca7b601fb/77,https://scifinder-n.cas.org/navigate/?appId=62b51e14-8d31-4715-baa8-60e8d8a74d38&backKey=6a58ba6462c3022ca7b601fb&backToPage=77&cidValue=816&groupOrdinal=1537&groupViewContextIndicator=false&isFromAllResults=false&isFromAlternateReactionSteps=false&isFromReactionGroup=false&key=6a58ba6462c3022ca7b601fb&metricsOrdinal=1537&ordinal=1&resultType=reaction&resultView=DETAIL&state=searchDetail.reaction&suppressNavigation=false&uiContext=366&uiSubContext=551&uriForDetails=multistep-reaction%2F3314c3e1-9eb4-5611-8371-69bbf917ccaa&uriForGroup=substance%2Fpt%2F30964002%2Bsubstance%2Fpt%2F57701276-%3Esubstance%2Fpt%2F887501544%2Bsubstance%2Fpt%2F887501555%2Bsubstance%2Fpt%2F887501566
77,1538,1,31-008-CAS-3137019,3,skipped,1,多产物反应，按当前课题规则跳过,https://scifinder-n.cas.org/search/reaction/6a58ba6462c3022ca7b601fb/77,https://scifinder-n.cas.org/navigate/?appId=62b51e14-8d31-4715-baa8-60e8d8a74d38&backKey=6a58ba6462c3022ca7b601fb&backToPage=77&cidValue=816&groupOrdinal=1538&groupViewContextIndicator=false&isFromAllResults=false&isFromAlternateReactionSteps=false&isFromReactionGroup=false&key=6a58ba6462c3022ca7b601fb&metricsOrdinal=1538&ordinal=1&resultType=reaction&resultView=DETAIL&state=searchDetail.reaction&suppressNavigation=false&uiContext=366&uiSubContext=551&uriForDetails=multistep-reaction%2F83442110-4557-58af-beb1-56902ac0f033&uriForGroup=substance%2Fpt%2F100390%2Bsubstance%2Fpt%2F71117378-%3Esubstance%2Fpt%2F101312021%2Bsubstance%2Fpt%2F129706930%2Bsubstance%2Fpt%2F130192766
77,1539,1,31-008-CAS-3725282,3,skipped,1,多产物反应，按当前课题规则跳过,https://scifinder-n.cas.org/search/reaction/6a58ba6462c3022ca7b601fb/77,https://scifinder-n.cas.org/navigate/?appId=62b51e14-8d31-4715-baa8-60e8d8a74d38&backKey=6a58ba6462c3022ca7b601fb&backToPage=77&cidValue=816&groupOrdinal=1539&groupViewContextIndicator=false&isFromAllResults=false&isFromAlternateReactionSteps=false&isFromReactionGroup=false&key=6a58ba6462c3022ca7b601fb&metricsOrdinal=1539&ordinal=1&resultType=reaction&resultView=DETAIL&state=searchDetail.reaction&suppressNavigation=false&uiContext=366&uiSubContext=551&uriForDetails=multistep-reaction%2F86fce4b0-ddbf-52c5-aabf-e7f5551cb4a0&uriForGroup=substance%2Fpt%2F100390%2Bsubstance%2Fpt%2F57701276-%3Esubstance%2Fpt%2F76375661%2Bsubstance%2Fpt%2F76419482%2Bsubstance%2Fpt%2F78738757
77,1539,2,31-008-CAS-2851233,3,skipped,1,多产物反应，按当前课题规则跳过,https://scifinder-n.cas.org/search/reaction/6a58ba6462c3022ca7b601fb/77,https://scifinder-n.cas.org/navigate/?appId=62b51e14-8d31-4715-baa8-60e8d8a74d38&backKey=6a58ba6462c3022ca7b601fb&backToPage=77&cidValue=816&groupOrdinal=1539&groupViewContextIndicator=false&isFromAllResults=false&isFromAlternateReactionSteps=false&isFromReactionGroup=false&key=6a58ba6462c3022ca7b601fb&metricsOrdinal=1539&ordinal=2&resultType=reaction&resultView=DETAIL&state=searchDetail.reaction&suppressNavigation=false&uiContext=366&uiSubContext=551&uriForDetails=multistep-reaction%2F67166215-328f-5304-bd00-cb4ad4646b6a&uriForGroup=substance%2Fpt%2F100390%2Bsubstance%2Fpt%2F57701276-%3Esubstance%2Fpt%2F76375661%2Bsubstance%2Fpt%2F76419482%2Bsubstance%2Fpt%2F78738757
77,1539,3,31-008-CAS-2223216,3,skipped,1,多产物反应，按当前课题规则跳过,https://scifinder-n.cas.org/search/reaction/6a58ba6462c3022ca7b601fb/77,https://scifinder-n.cas.org/navigate/?appId=62b51e14-8d31-4715-baa8-60e8d8a74d38&backKey=6a58ba6462c3022ca7b601fb&backToPage=77&cidValue=816&groupOrdinal=1539&groupViewContextIndicator=false&isFromAllResults=false&isFromAlternateReactionSteps=false&isFromReactionGroup=false&key=6a58ba6462c3022ca7b601fb&metricsOrdinal=1539&ordinal=3&resultType=reaction&resultView=DETAIL&state=searchDetail.reaction&suppressNavigation=false&uiContext=366&uiSubContext=551&uriForDetails=multistep-reaction%2Fc3f07f8c-b6b1-5dfc-87c1-0e2e35442a86&uriForGroup=substance%2Fpt%2F100390%2Bsubstance%2Fpt%2F57701276-%3Esubstance%2Fpt%2F76375661%2Bsubstance%2Fpt%2F76419482%2Bsubstance%2Fpt%2F78738757
77,1540,1,31-013-CAS-11268131,3,skipped,1,多产物反应，按当前课题规则跳过,https://scifinder-n.cas.org/search/reaction/6a58ba6462c3022ca7b601fb/77,https://scifinder-n.cas.org/navigate/?appId=62b51e14-8d31-4715-baa8-60e8d8a74d38&backKey=6a58ba6462c3022ca7b601fb&backToPage=77&cidValue=816&groupOrdinal=1540&groupViewContextIndicator=false&isFromAllResults=false&isFromAlternateReactionSteps=false&isFromReactionGroup=false&key=6a58ba6462c3022ca7b601fb&metricsOrdinal=1540&ordinal=1&resultType=reaction&resultView=DETAIL&state=searchDetail.reaction&suppressNavigation=false&uiContext=366&uiSubContext=551&uriForDetails=multistep-reaction%2F3b177d09-309d-50cf-a941-abc1a1ee7171&uriForGroup=substance%2Fpt%2F144490573%2Bsubstance%2Fpt%2F3162967-%3Esubstance%2Fpt%2F101068057%2Bsubstance%2Fpt%2F101068068%2Bsubstance%2Fpt%2F697289160
78,1541,1,31-355-CAS-10753799,3,skipped,1,多产物反应，按当前课题规则跳过,https://scifinder-n.cas.org/search/reaction/6a58ba6462c3022ca7b601fb/78,https://scifinder-n.cas.org/navigate/?appId=65a3079b-3f34-46a0-8c79-049769cfa5ab&backKey=6a58ba6462c3022ca7b601fb&backToPage=78&cidValue=816&groupOrdinal=1541&groupViewContextIndicator=false&isFromAllResults=false&isFromAlternateReactionSteps=false&isFromReactionGroup=false&key=6a58ba6462c3022ca7b601fb&metricsOrdinal=1541&ordinal=1&resultType=reaction&resultView=DETAIL&state=searchDetail.reaction&suppressNavigation=false&uiContext=366&uiSubContext=551&uriForDetails=multistep-reaction%2F09968168-237e-56c1-ae3f-5210acfc21a3&uriForGroup=substance%2Fpt%2F14155238%2Bsubstance%2Fpt%2F93970-%3Esubstance%2Fpt%2F38992993%2Bsubstance%2Fpt%2F38993009%2Bsubstance%2Fpt%2F56253328
78,1541,2,31-355-CAS-12871889,3,skipped,1,多产物反应，按当前课题规则跳过,https://scifinder-n.cas.org/search/reaction/6a58ba6462c3022ca7b601fb/78,https://scifinder-n.cas.org/navigate/?appId=65a3079b-3f34-46a0-8c79-049769cfa5ab&backKey=6a58ba6462c3022ca7b601fb&backToPage=78&cidValue=816&groupOrdinal=1541&groupViewContextIndicator=false&isFromAllResults=false&isFromAlternateReactionSteps=false&isFromReactionGroup=false&key=6a58ba6462c3022ca7b601fb&metricsOrdinal=1541&ordinal=2&resultType=reaction&resultView=DETAIL&state=searchDetail.reaction&suppressNavigation=false&uiContext=366&uiSubContext=551&uriForDetails=multistep-reaction%2F8f1d1e00-0333-55c2-b8e1-efd8472f7eb8&uriForGroup=substance%2Fpt%2F14155238%2Bsubstance%2Fpt%2F93970-%3Esubstance%2Fpt%2F38992993%2Bsubstance%2Fpt%2F38993009%2Bsubstance%2Fpt%2F56253328
78,1541,3,31-355-CAS-15003184,3,skipped,1,多产物反应，按当前课题规则跳过,https://scifinder-n.cas.org/search/reaction/6a58ba6462c3022ca7b601fb/78,https://scifinder-n.cas.org/navigate/?appId=65a3079b-3f34-46a0-8c79-049769cfa5ab&backKey=6a58ba6462c3022ca7b601fb&backToPage=78&cidValue=816&groupOrdinal=1541&groupViewContextIndicator=false&isFromAllResults=false&isFromAlternateReactionSteps=false&isFromReactionGroup=false&key=6a58ba6462c3022ca7b601fb&metricsOrdinal=1541&ordinal=3&resultType=reaction&resultView=DETAIL&state=searchDetail.reaction&suppressNavigation=false&uiContext=366&uiSubContext=551&uriForDetails=multistep-reaction%2F728bddd9-5dc7-5285-be6d-ff9557090758&uriForGroup=substance%2Fpt%2F14155238%2Bsubstance%2Fpt%2F93970-%3Esubstance%2Fpt%2F38992993%2Bsubstance%2Fpt%2F38993009%2Bsubstance%2Fpt%2F56253328
78,1542,1,31-355-CAS-11277764,3,skipped,1,多产物反应，按当前课题规则跳过,https://scifinder-n.cas.org/search/reaction/6a58ba6462c3022ca7b601fb/78,https://scifinder-n.cas.org/navigate/?appId=65a3079b-3f34-46a0-8c79-049769cfa5ab&backKey=6a58ba6462c3022ca7b601fb&backToPage=78&cidValue=816&groupOrdinal=1542&groupViewContextIndicator=false&isFromAllResults=false&isFromAlternateReactionSteps=false&isFromReactionGroup=false&key=6a58ba6462c3022ca7b601fb&metricsOrdinal=1542&ordinal=1&resultType=reaction&resultView=DETAIL&state=searchDetail.reaction&suppressNavigation=false&uiContext=366&uiSubContext=551&uriForDetails=multistep-reaction%2Fb8ed631f-1928-5fa9-bcba-ddd359740662&uriForGroup=substance%2Fpt%2F108247%2Bsubstance%2Fpt%2F162680208-%3Esubstance%2Fpt%2F1340482338%2Bsubstance%2Fpt%2F302783171%2Bsubstance%2Fpt%2F637316893
78,1543,1,31-354-CAS-2231731,3,skipped,1,多产物反应，按当前课题规则跳过,https://scifinder-n.cas.org/search/reaction/6a58ba6462c3022ca7b601fb/78,https://scifinder-n.cas.org/navigate/?appId=65a3079b-3f34-46a0-8c79-049769cfa5ab&backKey=6a58ba6462c3022ca7b601fb&backToPage=78&cidValue=816&groupOrdinal=1543&groupViewContextIndicator=false&isFromAllResults=false&isFromAlternateReactionSteps=false&isFromReactionGroup=false&key=6a58ba6462c3022ca7b601fb&metricsOrdinal=1543&ordinal=1&resultType=reaction&resultView=DETAIL&state=searchDetail.reaction&suppressNavigation=false&uiContext=366&uiSubContext=551&uriForDetails=multistep-reaction%2F07b24446-40d3-5609-bc19-fb9eaaa7c061&uriForGroup=substance%2Fpt%2F146985888%2Bsubstance%2Fpt%2F98884-%3Esubstance%2Fpt%2F400865034%2Bsubstance%2Fpt%2F540474097%2Bsubstance%2Fpt%2F540474100
78,1543,2,31-354-CAS-4354511,3,skipped,1,多产物反应，按当前课题规则跳过,https://scifinder-n.cas.org/search/reaction/6a58ba6462c3022ca7b601fb/78,https://scifinder-n.cas.org/navigate/?appId=65a3079b-3f34-46a0-8c79-049769cfa5ab&backKey=6a58ba6462c3022ca7b601fb&backToPage=78&cidValue=816&groupOrdinal=1543&groupViewContextIndicator=false&isFromAllResults=false&isFromAlternateReactionSteps=false&isFromReactionGroup=false&key=6a58ba6462c3022ca7b601fb&metricsOrdinal=1543&ordinal=2&resultType=reaction&resultView=DETAIL&state=searchDetail.reaction&suppressNavigation=false&uiContext=366&uiSubContext=551&uriForDetails=multistep-reaction%2Feb782457-668c-5e53-980d-281f851d983e&uriForGroup=substance%2Fpt%2F146985888%2Bsubstance%2Fpt%2F98884-%3Esubstance%2Fpt%2F400865034%2Bsubstance%2Fpt%2F540474097%2Bsubstance%2Fpt%2F540474100
78,1544,1,31-354-CAS-4189512,3,skipped,1,多产物反应，按当前课题规则跳过,https://scifinder-n.cas.org/search/reaction/6a58ba6462c3022ca7b601fb/78,https://scifinder-n.cas.org/navigate/?appId=65a3079b-3f34-46a0-8c79-049769cfa5ab&backKey=6a58ba6462c3022ca7b601fb&backToPage=78&cidValue=816&groupOrdinal=1544&groupViewContextIndicator=false&isFromAllResults=false&isFromAlternateReactionSteps=false&isFromReactionGroup=false&key=6a58ba6462c3022ca7b601fb&metricsOrdinal=1544&ordinal=1&resultType=reaction&resultView=DETAIL&state=searchDetail.reaction&suppressNavigation=false&uiContext=366&uiSubContext=551&uriForDetails=multistep-reaction%2F3ad5cd96-3f6d-54b8-ba28-be8ccb5aa290&uriForGroup=substance%2Fpt%2F71117367%2Bsubstance%2Fpt%2F98884-%3Esubstance%2Fpt%2F86420726%2Bsubstance%2Fpt%2F86420737%2Bsubstance%2Fpt%2F86420748
78,1545,1,31-008-CAS-23224,3,skipped,1,多产物反应，按当前课题规则跳过,https://scifinder-n.cas.org/search/reaction/6a58ba6462c3022ca7b601fb/78,https://scifinder-n.cas.org/navigate/?appId=65a3079b-3f34-46a0-8c79-049769cfa5ab&backKey=6a58ba6462c3022ca7b601fb&backToPage=78&cidValue=816&groupOrdinal=1545&groupViewContextIndicator=false&isFromAllResults=false&isFromAlternateReactionSteps=false&isFromReactionGroup=false&key=6a58ba6462c3022ca7b601fb&metricsOrdinal=1545&ordinal=1&resultType=reaction&resultView=DETAIL&state=searchDetail.reaction&suppressNavigation=false&uiContext=366&uiSubContext=551&uriForDetails=multistep-reaction%2F1c23a88d-0ff6-5a48-9844-18e39158962f&uriForGroup=substance%2Fpt%2F100390%2Bsubstance%2Fpt%2F220645863-%3Esubstance%2Fpt%2F220645589%2Bsubstance%2Fpt%2F220645603%2Bsubstance%2Fpt%2F220645874
78,1546,1,31-355-CAS-21497446,3,skipped,1,多产物反应，按当前课题规则跳过,https://scifinder-n.cas.org/search/reaction/6a58ba6462c3022ca7b601fb/78,https://scifinder-n.cas.org/navigate/?appId=65a3079b-3f34-46a0-8c79-049769cfa5ab&backKey=6a58ba6462c3022ca7b601fb&backToPage=78&cidValue=816&groupOrdinal=1546&groupViewContextIndicator=false&isFromAllResults=false&isFromAlternateReactionSteps=false&isFromReactionGroup=false&key=6a58ba6462c3022ca7b601fb&metricsOrdinal=1546&ordinal=1&resultType=reaction&resultView=DETAIL&state=searchDetail.reaction&suppressNavigation=false&uiContext=366&uiSubContext=551&uriForDetails=multistep-reaction%2Fd6f18c25-0e9b-549a-9b2a-4b30cbd9b118&uriForGroup=substance%2Fpt%2F108247%2Bsubstance%2Fpt%2F63167679-%3Esubstance%2Fpt%2F163396234%2Bsubstance%2Fpt%2F2395852125%2Bsubstance%2Fpt%2F63167668
78,1546,2,31-355-CAS-21497432,3,skipped,1,多产物反应，按当前课题规则跳过,https://scifinder-n.cas.org/search/reaction/6a58ba6462c3022ca7b601fb/78,https://scifinder-n.cas.org/navigate/?appId=65a3079b-3f34-46a0-8c79-049769cfa5ab&backKey=6a58ba6462c3022ca7b601fb&backToPage=78&cidValue=816&groupOrdinal=1546&groupViewContextIndicator=false&isFromAllResults=false&isFromAlternateReactionSteps=false&isFromReactionGroup=false&key=6a58ba6462c3022ca7b601fb&metricsOrdinal=1546&ordinal=2&resultType=reaction&resultView=DETAIL&state=searchDetail.reaction&suppressNavigation=false&uiContext=366&uiSubContext=551&uriForDetails=multistep-reaction%2F086e2128-dcbf-56ac-b30d-71e3db1976d5&uriForGroup=substance%2Fpt%2F108247%2Bsubstance%2Fpt%2F63167679-%3Esubstance%2Fpt%2F163396234%2Bsubstance%2Fpt%2F2395852125%2Bsubstance%2Fpt%2F63167668
78,1546,3,31-355-CAS-21497433,3,skipped,1,多产物反应，按当前课题规则跳过,https://scifinder-n.cas.org/search/reaction/6a58ba6462c3022ca7b601fb/78,https://scifinder-n.cas.org/navigate/?appId=65a3079b-3f34-46a0-8c79-049769cfa5ab&backKey=6a58ba6462c3022ca7b601fb&backToPage=78&cidValue=816&groupOrdinal=1546&groupViewContextIndicator=false&isFromAllResults=false&isFromAlternateReactionSteps=false&isFromReactionGroup=false&key=6a58ba6462c3022ca7b601fb&metricsOrdinal=1546&ordinal=3&resultType=reaction&resultView=DETAIL&state=searchDetail.reaction&suppressNavigation=false&uiContext=366&uiSubContext=551&uriForDetails=multistep-reaction%2Fb0575d8a-aa54-5beb-a640-77a9cdbef5cc&uriForGroup=substance%2Fpt%2F108247%2Bsubstance%2Fpt%2F63167679-%3Esubstance%2Fpt%2F163396234%2Bsubstance%2Fpt%2F2395852125%2Bsubstance%2Fpt%2F63167668
78,1547,1,31-010-CAS-11709442,3,skipped,1,多产物反应，按当前课题规则跳过,https://scifinder-n.cas.org/search/reaction/6a58ba6462c3022ca7b601fb/78,https://scifinder-n.cas.org/navigate/?appId=65a3079b-3f34-46a0-8c79-049769cfa5ab&backKey=6a58ba6462c3022ca7b601fb&backToPage=78&cidValue=816&groupOrdinal=1547&groupViewContextIndicator=false&isFromAllResults=false&isFromAlternateReactionSteps=false&isFromReactionGroup=false&key=6a58ba6462c3022ca7b601fb&metricsOrdinal=1547&ordinal=1&resultType=reaction&resultView=DETAIL&state=searchDetail.reaction&suppressNavigation=false&uiContext=366&uiSubContext=551&uriForDetails=multistep-reaction%2F0782e484-50d7-5dae-8b18-fea6f0bcd64d&uriForGroup=substance%2Fpt%2F1352410515%2Bsubstance%2Fpt%2F161007950-%3Esubstance%2Fpt%2F1352410548%2Bsubstance%2Fpt%2F1352410559%2Bsubstance%2Fpt%2F1352410560
78,1547,2,31-010-CAS-3843922,3,skipped,1,多产物反应，按当前课题规则跳过,https://scifinder-n.cas.org/search/reaction/6a58ba6462c3022ca7b601fb/78,https://scifinder-n.cas.org/navigate/?appId=65a3079b-3f34-46a0-8c79-049769cfa5ab&backKey=6a58ba6462c3022ca7b601fb&backToPage=78&cidValue=816&groupOrdinal=1547&groupViewContextIndicator=false&isFromAllResults=false&isFromAlternateReactionSteps=false&isFromReactionGroup=false&key=6a58ba6462c3022ca7b601fb&metricsOrdinal=1547&ordinal=2&resultType=reaction&resultView=DETAIL&state=searchDetail.reaction&suppressNavigation=false&uiContext=366&uiSubContext=551&uriForDetails=multistep-reaction%2Ff735403a-c405-532b-a7d8-54d46404fe63&uriForGroup=substance%2Fpt%2F1352410515%2Bsubstance%2Fpt%2F161007950-%3Esubstance%2Fpt%2F1352410548%2Bsubstance%2Fpt%2F1352410559%2Bsubstance%2Fpt%2F1352410560
78,1548,1,31-354-CAS-720515,3,skipped,1,多产物反应，按当前课题规则跳过,https://scifinder-n.cas.org/search/reaction/6a58ba6462c3022ca7b601fb/78,https://scifinder-n.cas.org/navigate/?appId=65a3079b-3f34-46a0-8c79-049769cfa5ab&backKey=6a58ba6462c3022ca7b601fb&backToPage=78&cidValue=816&groupOrdinal=1548&groupViewContextIndicator=false&isFromAllResults=false&isFromAlternateReactionSteps=false&isFromReactionGroup=false&key=6a58ba6462c3022ca7b601fb&metricsOrdinal=1548&ordinal=1&resultType=reaction&resultView=DETAIL&state=searchDetail.reaction&suppressNavigation=false&uiContext=366&uiSubContext=551&uriForDetails=multistep-reaction%2F099dfa94-9d87-5a7b-8a98-c53a8aeabf36&uriForGroup=substance%2Fpt%2F57701276%2Bsubstance%2Fpt%2F638299-%3Esubstance%2Fpt%2F1145670843%2Bsubstance%2Fpt%2F1145671108%2Bsubstance%2Fpt%2F1145671164
78,1549,1,31-356-CAS-11638829,3,skipped,1,多产物反应，按当前课题规则跳过,https://scifinder-n.cas.org/search/reaction/6a58ba6462c3022ca7b601fb/78,https://scifinder-n.cas.org/navigate/?appId=65a3079b-3f34-46a0-8c79-049769cfa5ab&backKey=6a58ba6462c3022ca7b601fb&backToPage=78&cidValue=816&groupOrdinal=1549&groupViewContextIndicator=false&isFromAllResults=false&isFromAlternateReactionSteps=false&isFromReactionGroup=false&key=6a58ba6462c3022ca7b601fb&metricsOrdinal=1549&ordinal=1&resultType=reaction&resultView=DETAIL&state=searchDetail.reaction&suppressNavigation=false&uiContext=366&uiSubContext=551&uriForDetails=multistep-reaction%2F50061287-e9ea-5d01-a27d-59c4404accf5&uriForGroup=substance%2Fpt%2F53293008%2Bsubstance%2Fpt%2F57701276-%3Esubstance%2Fpt%2F887501511%2Bsubstance%2Fpt%2F887501522%2Bsubstance%2Fpt%2F887501533
78,1550,1,31-008-CAS-15159659,3,skipped,1,多产物反应，按当前课题规则跳过,https://scifinder-n.cas.org/search/reaction/6a58ba6462c3022ca7b601fb/78,https://scifinder-n.cas.org/navigate/?appId=65a3079b-3f34-46a0-8c79-049769cfa5ab&backKey=6a58ba6462c3022ca7b601fb&backToPage=78&cidValue=816&groupOrdinal=1550&groupViewContextIndicator=false&isFromAllResults=false&isFromAlternateReactionSteps=false&isFromReactionGroup=false&key=6a58ba6462c3022ca7b601fb&metricsOrdinal=1550&ordinal=1&resultType=reaction&resultView=DETAIL&state=searchDetail.reaction&suppressNavigation=false&uiContext=366&uiSubContext=551&uriForDetails=multistep-reaction%2F94be809a-baa3-5b65-a5fc-1d106a04cadb&uriForGroup=substance%2Fpt%2F100390%2Bsubstance%2Fpt%2F848397739-%3Esubstance%2Fpt%2F1243310668%2Bsubstance%2Fpt%2F848397740%2Bsubstance%2Fpt%2F903881301
78,1551,1,31-614-CAS-30459827,3,skipped,1,多产物反应，按当前课题规则跳过,https://scifinder-n.cas.org/search/reaction/6a58ba6462c3022ca7b601fb/78,https://scifinder-n.cas.org/navigate/?appId=65a3079b-3f34-46a0-8c79-049769cfa5ab&backKey=6a58ba6462c3022ca7b601fb&backToPage=78&cidValue=816&groupOrdinal=1551&groupViewContextIndicator=false&isFromAllResults=false&isFromAlternateReactionSteps=false&isFromReactionGroup=false&key=6a58ba6462c3022ca7b601fb&metricsOrdinal=1551&ordinal=1&resultType=reaction&resultView=DETAIL&state=searchDetail.reaction&suppressNavigation=false&uiContext=366&uiSubContext=551&uriForDetails=multistep-reaction%2Fb588916d-ce9d-52ea-95af-10260119338e&uriForGroup=substance%2Fpt%2F1344089048%2Bsubstance%2Fpt%2F143416426-%3Esubstance%2Fpt%2F2073031624%2Bsubstance%2Fpt%2F2073031635%2Bsubstance%2Fpt%2F2073031646
78,1552,1,31-304-CAS-8897711,3,skipped,1,多产物反应，按当前课题规则跳过,https://scifinder-n.cas.org/search/reaction/6a58ba6462c3022ca7b601fb/78,https://scifinder-n.cas.org/navigate/?appId=65a3079b-3f34-46a0-8c79-049769cfa5ab&backKey=6a58ba6462c3022ca7b601fb&backToPage=78&cidValue=816&groupOrdinal=1552&groupViewContextIndicator=false&isFromAllResults=false&isFromAlternateReactionSteps=false&isFromReactionGroup=false&key=6a58ba6462c3022ca7b601fb&metricsOrdinal=1552&ordinal=1&resultType=reaction&resultView=DETAIL&state=searchDetail.reaction&suppressNavigation=false&uiContext=366&uiSubContext=551&uriForDetails=multistep-reaction%2F8dceb5e0-8a8f-5995-89dd-42ba9e3e4088&uriForGroup=substance%2Fpt%2F4747813%2Bsubstance%2Fpt%2F57701276-%3Esubstance%2Fpt%2F887501691%2Bsubstance%2Fpt%2F887501704%2Bsubstance%2Fpt%2F887501715
78,1553,1,31-354-CAS-1774322,3,skipped,1,多产物反应，按当前课题规则跳过,https://scifinder-n.cas.org/search/reaction/6a58ba6462c3022ca7b601fb/78,https://scifinder-n.cas.org/navigate/?appId=65a3079b-3f34-46a0-8c79-049769cfa5ab&backKey=6a58ba6462c3022ca7b601fb&backToPage=78&cidValue=816&groupOrdinal=1553&groupViewContextIndicator=false&isFromAllResults=false&isFromAlternateReactionSteps=false&isFromReactionGroup=false&key=6a58ba6462c3022ca7b601fb&metricsOrdinal=1553&ordinal=1&resultType=reaction&resultView=DETAIL&state=searchDetail.reaction&suppressNavigation=false&uiContext=366&uiSubContext=551&uriForDetails=multistep-reaction%2F9a6e04b5-f22b-547f-9e95-d9ab278e830b&uriForGroup=substance%2Fpt%2F1532555422%2Bsubstance%2Fpt%2F98884-%3Esubstance%2Fpt%2F1657017792%2Bsubstance%2Fpt%2F1657017805%2Bsubstance%2Fpt%2F1657017816
78,1554,1,31-356-CAS-22202956,3,skipped,1,多产物反应，按当前课题规则跳过,https://scifinder-n.cas.org/search/reaction/6a58ba6462c3022ca7b601fb/78,https://scifinder-n.cas.org/navigate/?appId=65a3079b-3f34-46a0-8c79-049769cfa5ab&backKey=6a58ba6462c3022ca7b601fb&backToPage=78&cidValue=816&groupOrdinal=1554&groupViewContextIndicator=false&isFromAllResults=false&isFromAlternateReactionSteps=false&isFromReactionGroup=false&key=6a58ba6462c3022ca7b601fb&metricsOrdinal=1554&ordinal=1&resultType=reaction&resultView=DETAIL&state=searchDetail.reaction&suppressNavigation=false&uiContext=366&uiSubContext=551&uriForDetails=multistep-reaction%2F1c70bf9b-b388-57fc-a94a-1d8b50185eda&uriForGroup=substance%2Fpt%2F1730912%2Bsubstance%2Fpt%2F2416719383-%3Esubstance%2Fpt%2F2416719394%2Bsubstance%2Fpt%2F2416719407%2Bsubstance%2Fpt%2F2416719418
78,1555,1,31-011-CAS-10839559,3,skipped,1,多产物反应，按当前课题规则跳过,https://scifinder-n.cas.org/search/reaction/6a58ba6462c3022ca7b601fb/78,https://scifinder-n.cas.org/navigate/?appId=65a3079b-3f34-46a0-8c79-049769cfa5ab&backKey=6a58ba6462c3022ca7b601fb&backToPage=78&cidValue=816&groupOrdinal=1555&groupViewContextIndicator=false&isFromAllResults=false&isFromAlternateReactionSteps=false&isFromReactionGroup=false&key=6a58ba6462c3022ca7b601fb&metricsOrdinal=1555&ordinal=1&resultType=reaction&resultView=DETAIL&state=searchDetail.reaction&suppressNavigation=false&uiContext=366&uiSubContext=551&uriForDetails=multistep-reaction%2Ffa5648ef-1654-52b4-9048-af195dc5f8ba&uriForGroup=substance%2Fpt%2F10368817%2Bsubstance%2Fpt%2F766916-%3Esubstance%2Fpt%2F126545128%2Bsubstance%2Fpt%2F126582556%2Bsubstance%2Fpt%2F126582567
78,1556,1,31-614-CAS-29041379,3,skipped,1,多产物反应，按当前课题规则跳过,https://scifinder-n.cas.org/search/reaction/6a58ba6462c3022ca7b601fb/78,https://scifinder-n.cas.org/navigate/?appId=65a3079b-3f34-46a0-8c79-049769cfa5ab&backKey=6a58ba6462c3022ca7b601fb&backToPage=78&cidValue=816&groupOrdinal=1556&groupViewContextIndicator=false&isFromAllResults=false&isFromAlternateReactionSteps=false&isFromReactionGroup=false&key=6a58ba6462c3022ca7b601fb&metricsOrdinal=1556&ordinal=1&resultType=reaction&resultView=DETAIL&state=searchDetail.reaction&suppressNavigation=false&uiContext=366&uiSubContext=551&uriForDetails=multistep-reaction%2F1f2f1fc9-787a-5b56-98b4-8daf7aa42553&uriForGroup=substance%2Fpt%2F20688908-%3Esubstance%2Fpt%2F163038957%2Bsubstance%2Fpt%2F163038980%2Bsubstance%2Fpt%2F163039007
78,1557,1,31-354-CAS-2863467,3,skipped,1,多产物反应，按当前课题规则跳过,https://scifinder-n.cas.org/search/reaction/6a58ba6462c3022ca7b601fb/78,https://scifinder-n.cas.org/navigate/?appId=65a3079b-3f34-46a0-8c79-049769cfa5ab&backKey=6a58ba6462c3022ca7b601fb&backToPage=78&cidValue=816&groupOrdinal=1557&groupViewContextIndicator=false&isFromAllResults=false&isFromAlternateReactionSteps=false&isFromReactionGroup=false&key=6a58ba6462c3022ca7b601fb&metricsOrdinal=1557&ordinal=1&resultType=reaction&resultView=DETAIL&state=searchDetail.reaction&suppressNavigation=false&uiContext=366&uiSubContext=551&uriForDetails=multistep-reaction%2Fdcc8793f-62fd-55e1-b916-980e9a7444dc&uriForGroup=substance%2Fpt%2F108123%2Bsubstance%2Fpt%2F57701276-%3Esubstance%2Fpt%2F1145670876%2Bsubstance%2Fpt%2F1145672032%2Bsubstance%2Fpt%2F1145672043
78,1558,1,31-008-CAS-7236952,3,skipped,1,多产物反应，按当前课题规则跳过,https://scifinder-n.cas.org/search/reaction/6a58ba6462c3022ca7b601fb/78,https://scifinder-n.cas.org/navigate/?appId=65a3079b-3f34-46a0-8c79-049769cfa5ab&backKey=6a58ba6462c3022ca7b601fb&backToPage=78&cidValue=816&groupOrdinal=1558&groupViewContextIndicator=false&isFromAllResults=false&isFromAlternateReactionSteps=false&isFromReactionGroup=false&key=6a58ba6462c3022ca7b601fb&metricsOrdinal=1558&ordinal=1&resultType=reaction&resultView=DETAIL&state=searchDetail.reaction&suppressNavigation=false&uiContext=366&uiSubContext=551&uriForDetails=multistep-reaction%2F10aeeac7-3a2c-5f0e-86be-4ca63d6eb561&uriForGroup=substance%2Fpt%2F100390%2Bsubstance%2Fpt%2F162060493-%3Esubstance%2Fpt%2F161953919%2Bsubstance%2Fpt%2F161953920%2Bsubstance%2Fpt%2F162060506
78,1559,1,31-354-CAS-4560670,3,skipped,1,多产物反应，按当前课题规则跳过,https://scifinder-n.cas.org/search/reaction/6a58ba6462c3022ca7b601fb/78,https://scifinder-n.cas.org/navigate/?appId=65a3079b-3f34-46a0-8c79-049769cfa5ab&backKey=6a58ba6462c3022ca7b601fb&backToPage=78&cidValue=816&groupOrdinal=1559&groupViewContextIndicator=false&isFromAllResults=false&isFromAlternateReactionSteps=false&isFromReactionGroup=false&key=6a58ba6462c3022ca7b601fb&metricsOrdinal=1559&ordinal=1&resultType=reaction&resultView=DETAIL&state=searchDetail.reaction&suppressNavigation=false&uiContext=366&uiSubContext=551&uriForDetails=multistep-reaction%2F1637fc1f-7ffd-5e27-9887-9149e0a39384&uriForGroup=substance%2Fpt%2F131564368%2Bsubstance%2Fpt%2F75365-%3Esubstance%2Fpt%2F147264162%2Bsubstance%2Fpt%2F147332523%2Bsubstance%2Fpt%2F339987530
78,1560,1,31-356-CAS-336741,3,skipped,1,多产物反应，按当前课题规则跳过,https://scifinder-n.cas.org/search/reaction/6a58ba6462c3022ca7b601fb/78,https://scifinder-n.cas.org/navigate/?appId=65a3079b-3f34-46a0-8c79-049769cfa5ab&backKey=6a58ba6462c3022ca7b601fb&backToPage=78&cidValue=816&groupOrdinal=1560&groupViewContextIndicator=false&isFromAllResults=false&isFromAlternateReactionSteps=false&isFromReactionGroup=false&key=6a58ba6462c3022ca7b601fb&metricsOrdinal=1560&ordinal=1&resultType=reaction&resultView=DETAIL&state=searchDetail.reaction&suppressNavigation=false&uiContext=366&uiSubContext=551&uriForDetails=multistep-reaction%2Fbdb9eff3-7b0e-54fb-b034-cdd99e9af6f1&uriForGroup=substance%2Fpt%2F30964013%2Bsubstance%2Fpt%2F57701276-%3Esubstance%2Fpt%2F887501577%2Bsubstance%2Fpt%2F887501588%2Bsubstance%2Fpt%2F887501599
79,1561,1,31-544-CAS-7430363,3,skipped,1,多产物反应，按当前课题规则跳过,https://scifinder-n.cas.org/search/reaction/6a58ba6462c3022ca7b601fb/79,https://scifinder-n.cas.org/navigate/?appId=a2092b86-5406-4fce-9557-6c10894fab68&backKey=6a58ba6462c3022ca7b601fb&backToPage=79&cidValue=816&groupOrdinal=1561&groupViewContextIndicator=false&isFromAllResults=false&isFromAlternateReactionSteps=false&isFromReactionGroup=false&key=6a58ba6462c3022ca7b601fb&metricsOrdinal=1561&ordinal=1&resultType=reaction&resultView=DETAIL&state=searchDetail.reaction&suppressNavigation=false&uiContext=366&uiSubContext=551&uriForDetails=multistep-reaction%2F03acfc3c-40ee-5b81-8575-e95ea3cb7704&uriForGroup=substance%2Fpt%2F126709146%2Bsubstance%2Fpt%2F126924127-%3Esubstance%2Fpt%2F155417848%2Bsubstance%2Fpt%2F155417859%2Bsubstance%2Fpt%2F155417860
79,1562,1,31-614-CAS-39742229,3,skipped,1,多产物反应，按当前课题规则跳过,https://scifinder-n.cas.org/search/reaction/6a58ba6462c3022ca7b601fb/79,https://scifinder-n.cas.org/navigate/?appId=a2092b86-5406-4fce-9557-6c10894fab68&backKey=6a58ba6462c3022ca7b601fb&backToPage=79&cidValue=816&groupOrdinal=1562&groupViewContextIndicator=false&isFromAllResults=false&isFromAlternateReactionSteps=false&isFromReactionGroup=false&key=6a58ba6462c3022ca7b601fb&metricsOrdinal=1562&ordinal=1&resultType=reaction&resultView=DETAIL&state=searchDetail.reaction&suppressNavigation=false&uiContext=366&uiSubContext=551&uriForDetails=multistep-reaction%2F66ce6783-d4fb-5fc3-81a3-c2000d466ba5&uriForGroup=substance%2Fpt%2F108247%2Bsubstance%2Fpt%2F71117378-%3Esubstance%2Fpt%2F141611587%2Bsubstance%2Fpt%2F141611598%2Bsubstance%2Fpt%2F162426122
79,1562,2,31-355-CAS-23298572,3,skipped,1,多产物反应，按当前课题规则跳过,https://scifinder-n.cas.org/search/reaction/6a58ba6462c3022ca7b601fb/79,https://scifinder-n.cas.org/navigate/?appId=a2092b86-5406-4fce-9557-6c10894fab68&backKey=6a58ba6462c3022ca7b601fb&backToPage=79&cidValue=816&groupOrdinal=1562&groupViewContextIndicator=false&isFromAllResults=false&isFromAlternateReactionSteps=false&isFromReactionGroup=false&key=6a58ba6462c3022ca7b601fb&metricsOrdinal=1562&ordinal=2&resultType=reaction&resultView=DETAIL&state=searchDetail.reaction&suppressNavigation=false&uiContext=366&uiSubContext=551&uriForDetails=multistep-reaction%2F3923e5cc-92f5-5ec9-80a1-e3d974d51c81&uriForGroup=substance%2Fpt%2F108247%2Bsubstance%2Fpt%2F71117378-%3Esubstance%2Fpt%2F141611587%2Bsubstance%2Fpt%2F141611598%2Bsubstance%2Fpt%2F162426122
79,1562,3,31-614-CAS-39742231,3,skipped,1,多产物反应，按当前课题规则跳过,https://scifinder-n.cas.org/search/reaction/6a58ba6462c3022ca7b601fb/79,https://scifinder-n.cas.org/navigate/?appId=a2092b86-5406-4fce-9557-6c10894fab68&backKey=6a58ba6462c3022ca7b601fb&backToPage=79&cidValue=816&groupOrdinal=1562&groupViewContextIndicator=false&isFromAllResults=false&isFromAlternateReactionSteps=false&isFromReactionGroup=false&key=6a58ba6462c3022ca7b601fb&metricsOrdinal=1562&ordinal=3&resultType=reaction&resultView=DETAIL&state=searchDetail.reaction&suppressNavigation=false&uiContext=366&uiSubContext=551&uriForDetails=multistep-reaction%2F947e3430-9b31-59e8-acd0-35a56e7e3946&uriForGroup=substance%2Fpt%2F108247%2Bsubstance%2Fpt%2F71117378-%3Esubstance%2Fpt%2F141611587%2Bsubstance%2Fpt%2F141611598%2Bsubstance%2Fpt%2F162426122
79,1563,1,31-614-CAS-30352457,3,skipped,1,多产物反应，按当前课题规则跳过,https://scifinder-n.cas.org/search/reaction/6a58ba6462c3022ca7b601fb/79,https://scifinder-n.cas.org/navigate/?appId=a2092b86-5406-4fce-9557-6c10894fab68&backKey=6a58ba6462c3022ca7b601fb&backToPage=79&cidValue=816&groupOrdinal=1563&groupViewContextIndicator=false&isFromAllResults=false&isFromAlternateReactionSteps=false&isFromReactionGroup=false&key=6a58ba6462c3022ca7b601fb&metricsOrdinal=1563&ordinal=1&resultType=reaction&resultView=DETAIL&state=searchDetail.reaction&suppressNavigation=false&uiContext=366&uiSubContext=551&uriForDetails=multistep-reaction%2Fb4c313bf-5d14-581c-9b33-6647770672a2&uriForGroup=substance%2Fpt%2F17465860%2Bsubstance%2Fpt%2F368890408-%3Esubstance%2Fpt%2F572910099%2Bsubstance%2Fpt%2F572910102%2Bsubstance%2Fpt%2F572910113
79,1564,1,31-356-CAS-9512662,3,skipped,1,多产物反应，按当前课题规则跳过,https://scifinder-n.cas.org/search/reaction/6a58ba6462c3022ca7b601fb/79,https://scifinder-n.cas.org/navigate/?appId=a2092b86-5406-4fce-9557-6c10894fab68&backKey=6a58ba6462c3022ca7b601fb&backToPage=79&cidValue=816&groupOrdinal=1564&groupViewContextIndicator=false&isFromAllResults=false&isFromAlternateReactionSteps=false&isFromReactionGroup=false&key=6a58ba6462c3022ca7b601fb&metricsOrdinal=1564&ordinal=1&resultType=reaction&resultView=DETAIL&state=searchDetail.reaction&suppressNavigation=false&uiContext=366&uiSubContext=551&uriForDetails=multistep-reaction%2F0f10d721-7775-5eb7-9292-0e13aa21e711&uriForGroup=substance%2Fpt%2F57701276%2Bsubstance%2Fpt%2F6089094-%3Esubstance%2Fpt%2F887501486%2Bsubstance%2Fpt%2F887501497%2Bsubstance%2Fpt%2F887501500
79,1565,1,31-013-CAS-11377688,3,skipped,1,多产物反应，按当前课题规则跳过,https://scifinder-n.cas.org/search/reaction/6a58ba6462c3022ca7b601fb/79,https://scifinder-n.cas.org/navigate/?appId=a2092b86-5406-4fce-9557-6c10894fab68&backKey=6a58ba6462c3022ca7b601fb&backToPage=79&cidValue=816&groupOrdinal=1565&groupViewContextIndicator=false&isFromAllResults=false&isFromAlternateReactionSteps=false&isFromReactionGroup=false&key=6a58ba6462c3022ca7b601fb&metricsOrdinal=1565&ordinal=1&resultType=reaction&resultView=DETAIL&state=searchDetail.reaction&suppressNavigation=false&uiContext=366&uiSubContext=551&uriForDetails=multistep-reaction%2Fd35da0c0-da72-5aaa-9e20-de32adc3233b&uriForGroup=substance%2Fpt%2F111342%2Bsubstance%2Fpt%2F130720648-%3Esubstance%2Fpt%2F1044520582%2Bsubstance%2Fpt%2F1044520593%2Bsubstance%2Fpt%2F1044520606
79,1566,1,31-008-CAS-7469034,3,skipped,1,多产物反应，按当前课题规则跳过,https://scifinder-n.cas.org/search/reaction/6a58ba6462c3022ca7b601fb/79,https://scifinder-n.cas.org/navigate/?appId=a2092b86-5406-4fce-9557-6c10894fab68&backKey=6a58ba6462c3022ca7b601fb&backToPage=79&cidValue=816&groupOrdinal=1566&groupViewContextIndicator=false&isFromAllResults=false&isFromAlternateReactionSteps=false&isFromReactionGroup=false&key=6a58ba6462c3022ca7b601fb&metricsOrdinal=1566&ordinal=1&resultType=reaction&resultView=DETAIL&state=searchDetail.reaction&suppressNavigation=false&uiContext=366&uiSubContext=551&uriForDetails=multistep-reaction%2F51110ac5-d1ab-5884-863b-12495c54606a&uriForGroup=substance%2Fpt%2F1427201691%2Bsubstance%2Fpt%2F74884-%3Esubstance%2Fpt%2F1427201704%2Bsubstance%2Fpt%2F1427201715%2Bsubstance%2Fpt%2F1427203084
79,1567,1,31-008-CAS-9846173,3,skipped,1,多产物反应，按当前课题规则跳过,https://scifinder-n.cas.org/search/reaction/6a58ba6462c3022ca7b601fb/79,https://scifinder-n.cas.org/navigate/?appId=a2092b86-5406-4fce-9557-6c10894fab68&backKey=6a58ba6462c3022ca7b601fb&backToPage=79&cidValue=816&groupOrdinal=1567&groupViewContextIndicator=false&isFromAllResults=false&isFromAlternateReactionSteps=false&isFromReactionGroup=false&key=6a58ba6462c3022ca7b601fb&metricsOrdinal=1567&ordinal=1&resultType=reaction&resultView=DETAIL&state=searchDetail.reaction&suppressNavigation=false&uiContext=366&uiSubContext=551&uriForDetails=multistep-reaction%2F982fc767-6bf7-53b7-b916-e26e6af0f081&uriForGroup=substance%2Fpt%2F100390%2Bsubstance%2Fpt%2F854735969-%3Esubstance%2Fpt%2F1005214743%2Bsubstance%2Fpt%2F1005215144%2Bsubstance%2Fpt%2F854735970
79,1568,1,31-013-CAS-9272226,3,skipped,1,多产物反应，按当前课题规则跳过,https://scifinder-n.cas.org/search/reaction/6a58ba6462c3022ca7b601fb/79,https://scifinder-n.cas.org/navigate/?appId=a2092b86-5406-4fce-9557-6c10894fab68&backKey=6a58ba6462c3022ca7b601fb&backToPage=79&cidValue=816&groupOrdinal=1568&groupViewContextIndicator=false&isFromAllResults=false&isFromAlternateReactionSteps=false&isFromReactionGroup=false&key=6a58ba6462c3022ca7b601fb&metricsOrdinal=1568&ordinal=1&resultType=reaction&resultView=DETAIL&state=searchDetail.reaction&suppressNavigation=false&uiContext=366&uiSubContext=551&uriForDetails=multistep-reaction%2Fe1d6f4be-7cae-5d12-ad80-8e29577cf3ee&uriForGroup=substance%2Fpt%2F111342%2Bsubstance%2Fpt%2F15354297-%3Esubstance%2Fpt%2F1044520548%2Bsubstance%2Fpt%2F1044520559%2Bsubstance%2Fpt%2F1044520571
79,1569,1,31-354-CAS-789415,3,skipped,1,多产物反应，按当前课题规则跳过,https://scifinder-n.cas.org/search/reaction/6a58ba6462c3022ca7b601fb/79,https://scifinder-n.cas.org/navigate/?appId=a2092b86-5406-4fce-9557-6c10894fab68&backKey=6a58ba6462c3022ca7b601fb&backToPage=79&cidValue=816&groupOrdinal=1569&groupViewContextIndicator=false&isFromAllResults=false&isFromAlternateReactionSteps=false&isFromReactionGroup=false&key=6a58ba6462c3022ca7b601fb&metricsOrdinal=1569&ordinal=1&resultType=reaction&resultView=DETAIL&state=searchDetail.reaction&suppressNavigation=false&uiContext=366&uiSubContext=551&uriForDetails=multistep-reaction%2F8329d908-0a60-53b7-9510-897c906244a5&uriForGroup=substance%2Fpt%2F211797896%2Bsubstance%2Fpt%2F3282302-%3Esubstance%2Fpt%2F213753210%2Bsubstance%2Fpt%2F243455052%2Bsubstance%2Fpt%2F243455063
79,1570,1,31-008-CAS-3934421,3,skipped,1,多产物反应，按当前课题规则跳过,https://scifinder-n.cas.org/search/reaction/6a58ba6462c3022ca7b601fb/79,https://scifinder-n.cas.org/navigate/?appId=a2092b86-5406-4fce-9557-6c10894fab68&backKey=6a58ba6462c3022ca7b601fb&backToPage=79&cidValue=816&groupOrdinal=1570&groupViewContextIndicator=false&isFromAllResults=false&isFromAlternateReactionSteps=false&isFromReactionGroup=false&key=6a58ba6462c3022ca7b601fb&metricsOrdinal=1570&ordinal=1&resultType=reaction&resultView=DETAIL&state=searchDetail.reaction&suppressNavigation=false&uiContext=366&uiSubContext=551&uriForDetails=multistep-reaction%2Fe9f0d394-a38c-5a33-9f72-15e0d3ef8169&uriForGroup=substance%2Fpt%2F100390%2Bsubstance%2Fpt%2F127128523-%3Esubstance%2Fpt%2F127073045%2Bsubstance%2Fpt%2F127128534%2Bsubstance%2Fpt%2F127128545
79,1571,1,31-354-CAS-7706847,3,skipped,1,多产物反应，按当前课题规则跳过,https://scifinder-n.cas.org/search/reaction/6a58ba6462c3022ca7b601fb/79,https://scifinder-n.cas.org/navigate/?appId=a2092b86-5406-4fce-9557-6c10894fab68&backKey=6a58ba6462c3022ca7b601fb&backToPage=79&cidValue=816&groupOrdinal=1571&groupViewContextIndicator=false&isFromAllResults=false&isFromAlternateReactionSteps=false&isFromReactionGroup=false&key=6a58ba6462c3022ca7b601fb&metricsOrdinal=1571&ordinal=1&resultType=reaction&resultView=DETAIL&state=searchDetail.reaction&suppressNavigation=false&uiContext=366&uiSubContext=551&uriForDetails=multistep-reaction%2F2339f7fc-84a8-5c96-b9ac-fdb87624af76&uriForGroup=substance%2Fpt%2F57701276%2Bsubstance%2Fpt%2F902760310-%3Esubstance%2Fpt%2F902760081%2Bsubstance%2Fpt%2F902760105%2Bsubstance%2Fpt%2F902760127
79,1572,1,31-170-CAS-19133992,3,skipped,1,多产物反应，按当前课题规则跳过,https://scifinder-n.cas.org/search/reaction/6a58ba6462c3022ca7b601fb/79,https://scifinder-n.cas.org/navigate/?appId=a2092b86-5406-4fce-9557-6c10894fab68&backKey=6a58ba6462c3022ca7b601fb&backToPage=79&cidValue=816&groupOrdinal=1572&groupViewContextIndicator=false&isFromAllResults=false&isFromAlternateReactionSteps=false&isFromReactionGroup=false&key=6a58ba6462c3022ca7b601fb&metricsOrdinal=1572&ordinal=1&resultType=reaction&resultView=DETAIL&state=searchDetail.reaction&suppressNavigation=false&uiContext=366&uiSubContext=551&uriForDetails=multistep-reaction%2F43594343-997a-5cd7-8bfa-490d2df59bb9&uriForGroup=substance%2Fpt%2F66003767%2Bsubstance%2Fpt%2F73366720-%3Esubstance%2Fpt%2F2222983799%2Bsubstance%2Fpt%2F84073585%2Bsubstance%2Fpt%2F84073609
79,1573,1,31-010-CAS-12610702,3,skipped,1,多产物反应，按当前课题规则跳过,https://scifinder-n.cas.org/search/reaction/6a58ba6462c3022ca7b601fb/79,https://scifinder-n.cas.org/navigate/?appId=a2092b86-5406-4fce-9557-6c10894fab68&backKey=6a58ba6462c3022ca7b601fb&backToPage=79&cidValue=816&groupOrdinal=1573&groupViewContextIndicator=false&isFromAllResults=false&isFromAlternateReactionSteps=false&isFromReactionGroup=false&key=6a58ba6462c3022ca7b601fb&metricsOrdinal=1573&ordinal=1&resultType=reaction&resultView=DETAIL&state=searchDetail.reaction&suppressNavigation=false&uiContext=366&uiSubContext=551&uriForDetails=multistep-reaction%2F5db50b56-b283-5101-b326-ab3ba7ce5f66&uriForGroup=substance%2Fpt%2F134732288%2Bsubstance%2Fpt%2F211797896-%3Esubstance%2Fpt%2F211797943%2Bsubstance%2Fpt%2F259882081%2Bsubstance%2Fpt%2F259882092
79,1574,1,31-008-CAS-16640584,3,skipped,1,多产物反应，按当前课题规则跳过,https://scifinder-n.cas.org/search/reaction/6a58ba6462c3022ca7b601fb/79,https://scifinder-n.cas.org/navigate/?appId=a2092b86-5406-4fce-9557-6c10894fab68&backKey=6a58ba6462c3022ca7b601fb&backToPage=79&cidValue=816&groupOrdinal=1574&groupViewContextIndicator=false&isFromAllResults=false&isFromAlternateReactionSteps=false&isFromReactionGroup=false&key=6a58ba6462c3022ca7b601fb&metricsOrdinal=1574&ordinal=1&resultType=reaction&resultView=DETAIL&state=searchDetail.reaction&suppressNavigation=false&uiContext=366&uiSubContext=551&uriForDetails=multistep-reaction%2Fb4955532-253e-5e06-9863-ad270bdd39ac&uriForGroup=substance%2Fpt%2F143416426%2Bsubstance%2Fpt%2F2073031613-%3Esubstance%2Fpt%2F2073031624%2Bsubstance%2Fpt%2F2073031635%2Bsubstance%2Fpt%2F2073031646
79,1574,2,31-008-CAS-16640583,3,skipped,1,多产物反应，按当前课题规则跳过,https://scifinder-n.cas.org/search/reaction/6a58ba6462c3022ca7b601fb/79,https://scifinder-n.cas.org/navigate/?appId=a2092b86-5406-4fce-9557-6c10894fab68&backKey=6a58ba6462c3022ca7b601fb&backToPage=79&cidValue=816&groupOrdinal=1574&groupViewContextIndicator=false&isFromAllResults=false&isFromAlternateReactionSteps=false&isFromReactionGroup=false&key=6a58ba6462c3022ca7b601fb&metricsOrdinal=1574&ordinal=2&resultType=reaction&resultView=DETAIL&state=searchDetail.reaction&suppressNavigation=false&uiContext=366&uiSubContext=551&uriForDetails=multistep-reaction%2F6165efb5-8262-50f1-b2fb-41812915a9fa&uriForGroup=substance%2Fpt%2F143416426%2Bsubstance%2Fpt%2F2073031613-%3Esubstance%2Fpt%2F2073031624%2Bsubstance%2Fpt%2F2073031635%2Bsubstance%2Fpt%2F2073031646
79,1575,1,31-614-CAS-27656531,3,skipped,1,多产物反应，按当前课题规则跳过,https://scifinder-n.cas.org/search/reaction/6a58ba6462c3022ca7b601fb/79,https://scifinder-n.cas.org/navigate/?appId=a2092b86-5406-4fce-9557-6c10894fab68&backKey=6a58ba6462c3022ca7b601fb&backToPage=79&cidValue=816&groupOrdinal=1575&groupViewContextIndicator=false&isFromAllResults=false&isFromAlternateReactionSteps=false&isFromReactionGroup=false&key=6a58ba6462c3022ca7b601fb&metricsOrdinal=1575&ordinal=1&resultType=reaction&resultView=DETAIL&state=searchDetail.reaction&suppressNavigation=false&uiContext=366&uiSubContext=551&uriForDetails=multistep-reaction%2Ff8ad6660-a03f-5d47-9d56-9dd004ad8276&uriForGroup=substance%2Fpt%2F1125888%2Bsubstance%2Fpt%2F2755104971%2Bsubstance%2Fpt%2F2755104982-%3Esubstance%2Fpt%2F2755104993%2Bsubstance%2Fpt%2F2755105009%2Bsubstance%2Fpt%2F2755105189
79,1576,1,31-354-CAS-603575,3,skipped,1,多产物反应，按当前课题规则跳过,https://scifinder-n.cas.org/search/reaction/6a58ba6462c3022ca7b601fb/79,https://scifinder-n.cas.org/navigate/?appId=a2092b86-5406-4fce-9557-6c10894fab68&backKey=6a58ba6462c3022ca7b601fb&backToPage=79&cidValue=816&groupOrdinal=1576&groupViewContextIndicator=false&isFromAllResults=false&isFromAlternateReactionSteps=false&isFromReactionGroup=false&key=6a58ba6462c3022ca7b601fb&metricsOrdinal=1576&ordinal=1&resultType=reaction&resultView=DETAIL&state=searchDetail.reaction&suppressNavigation=false&uiContext=366&uiSubContext=551&uriForDetails=multistep-reaction%2F75ebdbf4-0bc8-5499-a626-1e579a4d67b3&uriForGroup=substance%2Fpt%2F112674%2Bsubstance%2Fpt%2F125568618-%3Esubstance%2Fpt%2F125568607%2Bsubstance%2Fpt%2F125568652%2Bsubstance%2Fpt%2F125568685
79,1577,1,31-013-CAS-4976929,3,skipped,1,多产物反应，按当前课题规则跳过,https://scifinder-n.cas.org/search/reaction/6a58ba6462c3022ca7b601fb/79,https://scifinder-n.cas.org/navigate/?appId=a2092b86-5406-4fce-9557-6c10894fab68&backKey=6a58ba6462c3022ca7b601fb&backToPage=79&cidValue=816&groupOrdinal=1577&groupViewContextIndicator=false&isFromAllResults=false&isFromAlternateReactionSteps=false&isFromReactionGroup=false&key=6a58ba6462c3022ca7b601fb&metricsOrdinal=1577&ordinal=1&resultType=reaction&resultView=DETAIL&state=searchDetail.reaction&suppressNavigation=false&uiContext=366&uiSubContext=551&uriForDetails=multistep-reaction%2Fcf50f3af-b060-5db1-a148-b595e2dee2a8&uriForGroup=substance%2Fpt%2F111342%2Bsubstance%2Fpt%2F63167679-%3Esubstance%2Fpt%2F1044520515%2Bsubstance%2Fpt%2F1044520526%2Bsubstance%2Fpt%2F1044520537
79,1578,1,31-001-CAS-21384,3,skipped,1,多产物反应，按当前课题规则跳过,https://scifinder-n.cas.org/search/reaction/6a58ba6462c3022ca7b601fb/79,https://scifinder-n.cas.org/navigate/?appId=a2092b86-5406-4fce-9557-6c10894fab68&backKey=6a58ba6462c3022ca7b601fb&backToPage=79&cidValue=816&groupOrdinal=1578&groupViewContextIndicator=false&isFromAllResults=false&isFromAlternateReactionSteps=false&isFromReactionGroup=false&key=6a58ba6462c3022ca7b601fb&metricsOrdinal=1578&ordinal=1&resultType=reaction&resultView=DETAIL&state=searchDetail.reaction&suppressNavigation=false&uiContext=366&uiSubContext=551&uriForDetails=multistep-reaction%2Fde408c8b-566e-57d0-8922-bf5816549ce0&uriForGroup=substance%2Fpt%2F7585399%2Bsubstance%2Fpt%2F91134-%3Esubstance%2Fpt%2F1422041506%2Bsubstance%2Fpt%2F1422041517%2Bsubstance%2Fpt%2F950823015
79,1579,1,31-008-CAS-20082519,3,skipped,1,多产物反应，按当前课题规则跳过,https://scifinder-n.cas.org/search/reaction/6a58ba6462c3022ca7b601fb/79,https://scifinder-n.cas.org/navigate/?appId=a2092b86-5406-4fce-9557-6c10894fab68&backKey=6a58ba6462c3022ca7b601fb&backToPage=79&cidValue=816&groupOrdinal=1579&groupViewContextIndicator=false&isFromAllResults=false&isFromAlternateReactionSteps=false&isFromReactionGroup=false&key=6a58ba6462c3022ca7b601fb&metricsOrdinal=1579&ordinal=1&resultType=reaction&resultView=DETAIL&state=searchDetail.reaction&suppressNavigation=false&uiContext=366&uiSubContext=551&uriForDetails=multistep-reaction%2Fd5042b6c-688f-56b4-83bb-5a14754773f4&uriForGroup=substance%2Fpt%2F100390%2Bsubstance%2Fpt%2F2306040275-%3Esubstance%2Fpt%2F2306040377%2Bsubstance%2Fpt%2F2306040388%2Bsubstance%2Fpt%2F2306040399
79,1580,1,31-022-CAS-8030455,3,skipped,1,多产物反应，按当前课题规则跳过,https://scifinder-n.cas.org/search/reaction/6a58ba6462c3022ca7b601fb/79,https://scifinder-n.cas.org/navigate/?appId=a2092b86-5406-4fce-9557-6c10894fab68&backKey=6a58ba6462c3022ca7b601fb&backToPage=79&cidValue=816&groupOrdinal=1580&groupViewContextIndicator=false&isFromAllResults=false&isFromAlternateReactionSteps=false&isFromReactionGroup=false&key=6a58ba6462c3022ca7b601fb&metricsOrdinal=1580&ordinal=1&resultType=reaction&resultView=DETAIL&state=searchDetail.reaction&suppressNavigation=false&uiContext=366&uiSubContext=551&uriForDetails=multistep-reaction%2F1e6bc1cf-cf17-5aec-9938-551d053edcd0&uriForGroup=substance%2Fpt%2F16475299%2Bsubstance%2Fpt%2F57701276-%3Esubstance%2Fpt%2F124662926%2Bsubstance%2Fpt%2F124662937%2Bsubstance%2Fpt%2F125074159
80,1581,1,31-010-CAS-5220740,3,skipped,1,多产物反应，按当前课题规则跳过,https://scifinder-n.cas.org/search/reaction/6a58ba6462c3022ca7b601fb/80,https://scifinder-n.cas.org/navigate/?appId=5187093d-a8ae-4ad3-a377-7cf8f1e24d51&backKey=6a58ba6462c3022ca7b601fb&backToPage=80&cidValue=816&groupOrdinal=1581&groupViewContextIndicator=false&isFromAllResults=false&isFromAlternateReactionSteps=false&isFromReactionGroup=false&key=6a58ba6462c3022ca7b601fb&metricsOrdinal=1581&ordinal=1&resultType=reaction&resultView=DETAIL&state=searchDetail.reaction&suppressNavigation=false&uiContext=366&uiSubContext=551&uriForDetails=multistep-reaction%2Fea201949-064b-5e4b-b5b4-7d03518436f5&uriForGroup=substance%2Fpt%2F128376910%2Bsubstance%2Fpt%2F128376921-%3Esubstance%2Fpt%2F128377071%2Bsubstance%2Fpt%2F128377082%2Bsubstance%2Fpt%2F128377106
80,1582,1,31-355-CAS-10787000,3,skipped,1,多产物反应，按当前课题规则跳过,https://scifinder-n.cas.org/search/reaction/6a58ba6462c3022ca7b601fb/80,https://scifinder-n.cas.org/navigate/?appId=5187093d-a8ae-4ad3-a377-7cf8f1e24d51&backKey=6a58ba6462c3022ca7b601fb&backToPage=80&cidValue=816&groupOrdinal=1582&groupViewContextIndicator=false&isFromAllResults=false&isFromAlternateReactionSteps=false&isFromReactionGroup=false&key=6a58ba6462c3022ca7b601fb&metricsOrdinal=1582&ordinal=1&resultType=reaction&resultView=DETAIL&state=searchDetail.reaction&suppressNavigation=false&uiContext=366&uiSubContext=551&uriForDetails=multistep-reaction%2Fc4c964b6-f071-5336-8aa4-bec93455d2c3&uriForGroup=substance%2Fpt%2F64552063%2Bsubstance%2Fpt%2F93970-%3Esubstance%2Fpt%2F120201287%2Bsubstance%2Fpt%2F86420704%2Bsubstance%2Fpt%2F86420715
80,1583,1,31-013-CAS-13523093,3,skipped,1,多产物反应，按当前课题规则跳过,https://scifinder-n.cas.org/search/reaction/6a58ba6462c3022ca7b601fb/80,https://scifinder-n.cas.org/navigate/?appId=5187093d-a8ae-4ad3-a377-7cf8f1e24d51&backKey=6a58ba6462c3022ca7b601fb&backToPage=80&cidValue=816&groupOrdinal=1583&groupViewContextIndicator=false&isFromAllResults=false&isFromAlternateReactionSteps=false&isFromReactionGroup=false&key=6a58ba6462c3022ca7b601fb&metricsOrdinal=1583&ordinal=1&resultType=reaction&resultView=DETAIL&state=searchDetail.reaction&suppressNavigation=false&uiContext=366&uiSubContext=551&uriForDetails=multistep-reaction%2Ffb71e5a0-cad9-5b4e-981e-b82e92266db5&uriForGroup=substance%2Fpt%2F111342%2Bsubstance%2Fpt%2F57701276-%3Esubstance%2Fpt%2F1044520617%2Bsubstance%2Fpt%2F1044520628%2Bsubstance%2Fpt%2F959864767
80,1584,1,31-013-CAS-10156788,3,skipped,1,多产物反应，按当前课题规则跳过,https://scifinder-n.cas.org/search/reaction/6a58ba6462c3022ca7b601fb/80,https://scifinder-n.cas.org/navigate/?appId=5187093d-a8ae-4ad3-a377-7cf8f1e24d51&backKey=6a58ba6462c3022ca7b601fb&backToPage=80&cidValue=816&groupOrdinal=1584&groupViewContextIndicator=false&isFromAllResults=false&isFromAlternateReactionSteps=false&isFromReactionGroup=false&key=6a58ba6462c3022ca7b601fb&metricsOrdinal=1584&ordinal=1&resultType=reaction&resultView=DETAIL&state=searchDetail.reaction&suppressNavigation=false&uiContext=366&uiSubContext=551&uriForDetails=multistep-reaction%2Fcc9632c2-4f21-5f92-a895-7ae33fc31f00&uriForGroup=substance%2Fpt%2F116501532%2Bsubstance%2Fpt%2F65236831%2Bsubstance%2Fpt%2F71117414-%3Esubstance%2Fpt%2F470475399%2Bsubstance%2Fpt%2F470475413%2Bsubstance%2Fpt%2F532435486
80,1585,1,31-008-CAS-813,3,skipped,1,多产物反应，按当前课题规则跳过,https://scifinder-n.cas.org/search/reaction/6a58ba6462c3022ca7b601fb/80,https://scifinder-n.cas.org/navigate/?appId=5187093d-a8ae-4ad3-a377-7cf8f1e24d51&backKey=6a58ba6462c3022ca7b601fb&backToPage=80&cidValue=816&groupOrdinal=1585&groupViewContextIndicator=false&isFromAllResults=false&isFromAlternateReactionSteps=false&isFromReactionGroup=false&key=6a58ba6462c3022ca7b601fb&metricsOrdinal=1585&ordinal=1&resultType=reaction&resultView=DETAIL&state=searchDetail.reaction&suppressNavigation=false&uiContext=366&uiSubContext=551&uriForDetails=multistep-reaction%2Fb9084933-0701-5ab0-b5b8-507c4d6d8703&uriForGroup=substance%2Fpt%2F1427201726%2Bsubstance%2Fpt%2F74884-%3Esubstance%2Fpt%2F1427201737%2Bsubstance%2Fpt%2F1427201748%2Bsubstance%2Fpt%2F1427201759
80,1586,1,31-354-CAS-6791711,3,skipped,1,多产物反应，按当前课题规则跳过,https://scifinder-n.cas.org/search/reaction/6a58ba6462c3022ca7b601fb/80,https://scifinder-n.cas.org/navigate/?appId=5187093d-a8ae-4ad3-a377-7cf8f1e24d51&backKey=6a58ba6462c3022ca7b601fb&backToPage=80&cidValue=816&groupOrdinal=1586&groupViewContextIndicator=false&isFromAllResults=false&isFromAlternateReactionSteps=false&isFromReactionGroup=false&key=6a58ba6462c3022ca7b601fb&metricsOrdinal=1586&ordinal=1&resultType=reaction&resultView=DETAIL&state=searchDetail.reaction&suppressNavigation=false&uiContext=366&uiSubContext=551&uriForDetails=multistep-reaction%2F767bc5d9-49e3-5038-9f15-c043c84125ad&uriForGroup=substance%2Fpt%2F4288931%2Bsubstance%2Fpt%2F541413-%3Esubstance%2Fpt%2F1646143114%2Bsubstance%2Fpt%2F1646143158%2Bsubstance%2Fpt%2F1646143170
80,1587,1,31-354-CAS-3875995,3,skipped,1,多产物反应，按当前课题规则跳过,https://scifinder-n.cas.org/search/reaction/6a58ba6462c3022ca7b601fb/80,https://scifinder-n.cas.org/navigate/?appId=5187093d-a8ae-4ad3-a377-7cf8f1e24d51&backKey=6a58ba6462c3022ca7b601fb&backToPage=80&cidValue=816&groupOrdinal=1587&groupViewContextIndicator=false&isFromAllResults=false&isFromAlternateReactionSteps=false&isFromReactionGroup=false&key=6a58ba6462c3022ca7b601fb&metricsOrdinal=1587&ordinal=1&resultType=reaction&resultView=DETAIL&state=searchDetail.reaction&suppressNavigation=false&uiContext=366&uiSubContext=551&uriForDetails=multistep-reaction%2Ff3edb1d6-ed7c-5dc8-93b8-699b94b87eb3&uriForGroup=substance%2Fpt%2F1093376830%2Bsubstance%2Fpt%2F98884-%3Esubstance%2Fpt%2F1093376841%2Bsubstance%2Fpt%2F1093376852%2Bsubstance%2Fpt%2F1093376863
80,1588,1,31-614-CAS-39742228,3,skipped,1,多产物反应，按当前课题规则跳过,https://scifinder-n.cas.org/search/reaction/6a58ba6462c3022ca7b601fb/80,https://scifinder-n.cas.org/navigate/?appId=5187093d-a8ae-4ad3-a377-7cf8f1e24d51&backKey=6a58ba6462c3022ca7b601fb&backToPage=80&cidValue=816&groupOrdinal=1588&groupViewContextIndicator=false&isFromAllResults=false&isFromAlternateReactionSteps=false&isFromReactionGroup=false&key=6a58ba6462c3022ca7b601fb&metricsOrdinal=1588&ordinal=1&resultType=reaction&resultView=DETAIL&state=searchDetail.reaction&suppressNavigation=false&uiContext=366&uiSubContext=551&uriForDetails=multistep-reaction%2F769368fa-8faf-5cf3-86d6-3dd49bdcd28d&uriForGroup=substance%2Fpt%2F108247%2Bsubstance%2Fpt%2F18405248-%3Esubstance%2Fpt%2F161670902%2Bsubstance%2Fpt%2F2608839207%2Bsubstance%2Fpt%2F2608839263
80,1588,2,31-355-CAS-23294073,3,skipped,1,多产物反应，按当前课题规则跳过,https://scifinder-n.cas.org/search/reaction/6a58ba6462c3022ca7b601fb/80,https://scifinder-n.cas.org/navigate/?appId=5187093d-a8ae-4ad3-a377-7cf8f1e24d51&backKey=6a58ba6462c3022ca7b601fb&backToPage=80&cidValue=816&groupOrdinal=1588&groupViewContextIndicator=false&isFromAllResults=false&isFromAlternateReactionSteps=false&isFromReactionGroup=false&key=6a58ba6462c3022ca7b601fb&metricsOrdinal=1588&ordinal=2&resultType=reaction&resultView=DETAIL&state=searchDetail.reaction&suppressNavigation=false&uiContext=366&uiSubContext=551&uriForDetails=multistep-reaction%2F2f9becb8-0fb6-5165-97fb-4cef85cc1547&uriForGroup=substance%2Fpt%2F108247%2Bsubstance%2Fpt%2F18405248-%3Esubstance%2Fpt%2F161670902%2Bsubstance%2Fpt%2F2608839207%2Bsubstance%2Fpt%2F2608839263
80,1588,3,31-614-CAS-39742230,3,skipped,1,多产物反应，按当前课题规则跳过,https://scifinder-n.cas.org/search/reaction/6a58ba6462c3022ca7b601fb/80,https://scifinder-n.cas.org/navigate/?appId=5187093d-a8ae-4ad3-a377-7cf8f1e24d51&backKey=6a58ba6462c3022ca7b601fb&backToPage=80&cidValue=816&groupOrdinal=1588&groupViewContextIndicator=false&isFromAllResults=false&isFromAlternateReactionSteps=false&isFromReactionGroup=false&key=6a58ba6462c3022ca7b601fb&metricsOrdinal=1588&ordinal=3&resultType=reaction&resultView=DETAIL&state=searchDetail.reaction&suppressNavigation=false&uiContext=366&uiSubContext=551&uriForDetails=multistep-reaction%2Fc9f4881a-65de-5dbc-a96b-f9a92f24012b&uriForGroup=substance%2Fpt%2F108247%2Bsubstance%2Fpt%2F18405248-%3Esubstance%2Fpt%2F161670902%2Bsubstance%2Fpt%2F2608839207%2Bsubstance%2Fpt%2F2608839263
80,1589,1,31-013-CAS-2274743,3,skipped,1,多产物反应，按当前课题规则跳过,https://scifinder-n.cas.org/search/reaction/6a58ba6462c3022ca7b601fb/80,https://scifinder-n.cas.org/navigate/?appId=5187093d-a8ae-4ad3-a377-7cf8f1e24d51&backKey=6a58ba6462c3022ca7b601fb&backToPage=80&cidValue=816&groupOrdinal=1589&groupViewContextIndicator=false&isFromAllResults=false&isFromAlternateReactionSteps=false&isFromReactionGroup=false&key=6a58ba6462c3022ca7b601fb&metricsOrdinal=1589&ordinal=1&resultType=reaction&resultView=DETAIL&state=searchDetail.reaction&suppressNavigation=false&uiContext=366&uiSubContext=551&uriForDetails=multistep-reaction%2Ff83111c2-1db8-565a-991c-1e8ad1bc1f14&uriForGroup=substance%2Fpt%2F111342%2Bsubstance%2Fpt%2F75829662-%3Esubstance%2Fpt%2F1044520639%2Bsubstance%2Fpt%2F1044520651%2Bsubstance%2Fpt%2F1044520662
80,1590,1,31-355-CAS-5760610,3,skipped,1,多产物反应，按当前课题规则跳过,https://scifinder-n.cas.org/search/reaction/6a58ba6462c3022ca7b601fb/80,https://scifinder-n.cas.org/navigate/?appId=5187093d-a8ae-4ad3-a377-7cf8f1e24d51&backKey=6a58ba6462c3022ca7b601fb&backToPage=80&cidValue=816&groupOrdinal=1590&groupViewContextIndicator=false&isFromAllResults=false&isFromAlternateReactionSteps=false&isFromReactionGroup=false&key=6a58ba6462c3022ca7b601fb&metricsOrdinal=1590&ordinal=1&resultType=reaction&resultView=DETAIL&state=searchDetail.reaction&suppressNavigation=false&uiContext=366&uiSubContext=551&uriForDetails=multistep-reaction%2F3f9c75e9-18bd-5216-9e52-f12e25552cca&uriForGroup=substance%2Fpt%2F1532555422%2Bsubstance%2Fpt%2F93970-%3Esubstance%2Fpt%2F1657017792%2Bsubstance%2Fpt%2F1657017805%2Bsubstance%2Fpt%2F1657017816
80,1591,1,31-008-CAS-4212487,3,skipped,1,多产物反应，按当前课题规则跳过,https://scifinder-n.cas.org/search/reaction/6a58ba6462c3022ca7b601fb/80,https://scifinder-n.cas.org/navigate/?appId=5187093d-a8ae-4ad3-a377-7cf8f1e24d51&backKey=6a58ba6462c3022ca7b601fb&backToPage=80&cidValue=816&groupOrdinal=1591&groupViewContextIndicator=false&isFromAllResults=false&isFromAlternateReactionSteps=false&isFromReactionGroup=false&key=6a58ba6462c3022ca7b601fb&metricsOrdinal=1591&ordinal=1&resultType=reaction&resultView=DETAIL&state=searchDetail.reaction&suppressNavigation=false&uiContext=366&uiSubContext=551&uriForDetails=multistep-reaction%2F451c8c93-66c1-588e-bc3a-7cfef107e11e&uriForGroup=substance%2Fpt%2F100390%2Bsubstance%2Fpt%2F97390186-%3Esubstance%2Fpt%2F97390266%2Bsubstance%2Fpt%2F97390313%2Bsubstance%2Fpt%2F97390324
80,1591,2,31-008-CAS-6660375,3,skipped,1,多产物反应，按当前课题规则跳过,https://scifinder-n.cas.org/search/reaction/6a58ba6462c3022ca7b601fb/80,https://scifinder-n.cas.org/navigate/?appId=5187093d-a8ae-4ad3-a377-7cf8f1e24d51&backKey=6a58ba6462c3022ca7b601fb&backToPage=80&cidValue=816&groupOrdinal=1591&groupViewContextIndicator=false&isFromAllResults=false&isFromAlternateReactionSteps=false&isFromReactionGroup=false&key=6a58ba6462c3022ca7b601fb&metricsOrdinal=1591&ordinal=2&resultType=reaction&resultView=DETAIL&state=searchDetail.reaction&suppressNavigation=false&uiContext=366&uiSubContext=551&uriForDetails=multistep-reaction%2F00ec9098-f543-57bc-bf9d-c9fefa0a4d5c&uriForGroup=substance%2Fpt%2F100390%2Bsubstance%2Fpt%2F97390186-%3Esubstance%2Fpt%2F97390266%2Bsubstance%2Fpt%2F97390313%2Bsubstance%2Fpt%2F97390324
80,1591,3,31-008-CAS-8796117,3,skipped,1,多产物反应，按当前课题规则跳过,https://scifinder-n.cas.org/search/reaction/6a58ba6462c3022ca7b601fb/80,https://scifinder-n.cas.org/navigate/?appId=5187093d-a8ae-4ad3-a377-7cf8f1e24d51&backKey=6a58ba6462c3022ca7b601fb&backToPage=80&cidValue=816&groupOrdinal=1591&groupViewContextIndicator=false&isFromAllResults=false&isFromAlternateReactionSteps=false&isFromReactionGroup=false&key=6a58ba6462c3022ca7b601fb&metricsOrdinal=1591&ordinal=3&resultType=reaction&resultView=DETAIL&state=searchDetail.reaction&suppressNavigation=false&uiContext=366&uiSubContext=551&uriForDetails=multistep-reaction%2F2d98fecf-e416-5f17-a6f7-dbe2b23babb1&uriForGroup=substance%2Fpt%2F100390%2Bsubstance%2Fpt%2F97390186-%3Esubstance%2Fpt%2F97390266%2Bsubstance%2Fpt%2F97390313%2Bsubstance%2Fpt%2F97390324
80,1592,1,31-614-CAS-36689082,3,skipped,1,多产物反应，按当前课题规则跳过,https://scifinder-n.cas.org/search/reaction/6a58ba6462c3022ca7b601fb/80,https://scifinder-n.cas.org/navigate/?appId=5187093d-a8ae-4ad3-a377-7cf8f1e24d51&backKey=6a58ba6462c3022ca7b601fb&backToPage=80&cidValue=816&groupOrdinal=1592&groupViewContextIndicator=false&isFromAllResults=false&isFromAlternateReactionSteps=false&isFromReactionGroup=false&key=6a58ba6462c3022ca7b601fb&metricsOrdinal=1592&ordinal=1&resultType=reaction&resultView=DETAIL&state=searchDetail.reaction&suppressNavigation=false&uiContext=366&uiSubContext=551&uriForDetails=multistep-reaction%2F0a51ca99-03e6-5d00-a0db-8b6be29d49ba&uriForGroup=substance%2Fpt%2F2923968323%2Bsubstance%2Fpt%2F873848181-%3Esubstance%2Fpt%2F2923968425%2Bsubstance%2Fpt%2F2923968481%2Bsubstance%2Fpt%2F2923968492
80,1593,1,31-010-CAS-11944622,3,skipped,1,多产物反应，按当前课题规则跳过,https://scifinder-n.cas.org/search/reaction/6a58ba6462c3022ca7b601fb/80,https://scifinder-n.cas.org/navigate/?appId=5187093d-a8ae-4ad3-a377-7cf8f1e24d51&backKey=6a58ba6462c3022ca7b601fb&backToPage=80&cidValue=816&groupOrdinal=1593&groupViewContextIndicator=false&isFromAllResults=false&isFromAlternateReactionSteps=false&isFromReactionGroup=false&key=6a58ba6462c3022ca7b601fb&metricsOrdinal=1593&ordinal=1&resultType=reaction&resultView=DETAIL&state=searchDetail.reaction&suppressNavigation=false&uiContext=366&uiSubContext=551&uriForDetails=multistep-reaction%2F0024db83-0d5a-5254-b339-8ae86db47fc7&uriForGroup=substance%2Fpt%2F56359%2Bsubstance%2Fpt%2F57701276-%3Esubstance%2Fpt%2F77388864%2Bsubstance%2Fpt%2F77388875%2Bsubstance%2Fpt%2F77388886
80,1594,1,31-354-CAS-11685527,3,skipped,1,多产物反应，按当前课题规则跳过,https://scifinder-n.cas.org/search/reaction/6a58ba6462c3022ca7b601fb/80,https://scifinder-n.cas.org/navigate/?appId=5187093d-a8ae-4ad3-a377-7cf8f1e24d51&backKey=6a58ba6462c3022ca7b601fb&backToPage=80&cidValue=816&groupOrdinal=1594&groupViewContextIndicator=false&isFromAllResults=false&isFromAlternateReactionSteps=false&isFromReactionGroup=false&key=6a58ba6462c3022ca7b601fb&metricsOrdinal=1594&ordinal=1&resultType=reaction&resultView=DETAIL&state=searchDetail.reaction&suppressNavigation=false&uiContext=366&uiSubContext=551&uriForDetails=multistep-reaction%2F03543532-3983-5cfe-9dc6-20359d92b8bd&uriForGroup=substance%2Fpt%2F73045575%2Bsubstance%2Fpt%2F75365-%3Esubstance%2Fpt%2F93636294%2Bsubstance%2Fpt%2F93636307%2Bsubstance%2Fpt%2F93636318
80,1595,1,31-614-CAS-25716585,3,skipped,1,多产物反应，按当前课题规则跳过,https://scifinder-n.cas.org/search/reaction/6a58ba6462c3022ca7b601fb/80,https://scifinder-n.cas.org/navigate/?appId=5187093d-a8ae-4ad3-a377-7cf8f1e24d51&backKey=6a58ba6462c3022ca7b601fb&backToPage=80&cidValue=816&groupOrdinal=1595&groupViewContextIndicator=false&isFromAllResults=false&isFromAlternateReactionSteps=false&isFromReactionGroup=false&key=6a58ba6462c3022ca7b601fb&metricsOrdinal=1595&ordinal=1&resultType=reaction&resultView=DETAIL&state=searchDetail.reaction&suppressNavigation=false&uiContext=366&uiSubContext=551&uriForDetails=multistep-reaction%2F0a110a34-e8ad-561e-ba06-6064270feafa&uriForGroup=substance%2Fpt%2F100390%2Bsubstance%2Fpt%2F18404734-%3Esubstance%2Fpt%2F59263353%2Bsubstance%2Fpt%2F59263364%2Bsubstance%2Fpt%2F59263375
80,1596,1,31-356-CAS-20333603,3,skipped,1,多产物反应，按当前课题规则跳过,https://scifinder-n.cas.org/search/reaction/6a58ba6462c3022ca7b601fb/80,https://scifinder-n.cas.org/navigate/?appId=5187093d-a8ae-4ad3-a377-7cf8f1e24d51&backKey=6a58ba6462c3022ca7b601fb&backToPage=80&cidValue=816&groupOrdinal=1596&groupViewContextIndicator=false&isFromAllResults=false&isFromAlternateReactionSteps=false&isFromReactionGroup=false&key=6a58ba6462c3022ca7b601fb&metricsOrdinal=1596&ordinal=1&resultType=reaction&resultView=DETAIL&state=searchDetail.reaction&suppressNavigation=false&uiContext=366&uiSubContext=551&uriForDetails=multistep-reaction%2F0d3dd13c-4fbf-5a98-8980-a8e31180a808&uriForGroup=substance%2Fpt%2F64197%2Bsubstance%2Fpt%2F87508187-%3Esubstance%2Fpt%2F152983249%2Bsubstance%2Fpt%2F888728947%2Bsubstance%2Fpt%2F888728981
80,1597,1,31-392-CAS-12006163,3,skipped,1,多产物反应，按当前课题规则跳过,https://scifinder-n.cas.org/search/reaction/6a58ba6462c3022ca7b601fb/80,https://scifinder-n.cas.org/navigate/?appId=5187093d-a8ae-4ad3-a377-7cf8f1e24d51&backKey=6a58ba6462c3022ca7b601fb&backToPage=80&cidValue=816&groupOrdinal=1597&groupViewContextIndicator=false&isFromAllResults=false&isFromAlternateReactionSteps=false&isFromReactionGroup=false&key=6a58ba6462c3022ca7b601fb&metricsOrdinal=1597&ordinal=1&resultType=reaction&resultView=DETAIL&state=searchDetail.reaction&suppressNavigation=false&uiContext=366&uiSubContext=551&uriForDetails=multistep-reaction%2F132ed183-a288-545c-bd9d-8c2336d525c2&uriForGroup=substance%2Fpt%2F10016203%2Bsubstance%2Fpt%2F85461-%3Esubstance%2Fpt%2F95784320%2Bsubstance%2Fpt%2F95784364%2Bsubstance%2Fpt%2F95784400
80,1598,1,31-358-CAS-967967,3,skipped,1,多产物反应，按当前课题规则跳过,https://scifinder-n.cas.org/search/reaction/6a58ba6462c3022ca7b601fb/80,https://scifinder-n.cas.org/navigate/?appId=5187093d-a8ae-4ad3-a377-7cf8f1e24d51&backKey=6a58ba6462c3022ca7b601fb&backToPage=80&cidValue=816&groupOrdinal=1598&groupViewContextIndicator=false&isFromAllResults=false&isFromAlternateReactionSteps=false&isFromReactionGroup=false&key=6a58ba6462c3022ca7b601fb&metricsOrdinal=1598&ordinal=1&resultType=reaction&resultView=DETAIL&state=searchDetail.reaction&suppressNavigation=false&uiContext=366&uiSubContext=551&uriForDetails=multistep-reaction%2F1d74f5e6-060b-51d0-af0f-d87491f11dbc&uriForGroup=substance%2Fpt%2F2466764%2Bsubstance%2Fpt%2F3162967-%3Esubstance%2Fpt%2F25577406%2Bsubstance%2Fpt%2F28642640%2Bsubstance%2Fpt%2F4141451
80,1599,1,31-562-CAS-681660,3,skipped,1,多产物反应，按当前课题规则跳过,https://scifinder-n.cas.org/search/reaction/6a58ba6462c3022ca7b601fb/80,https://scifinder-n.cas.org/navigate/?appId=5187093d-a8ae-4ad3-a377-7cf8f1e24d51&backKey=6a58ba6462c3022ca7b601fb&backToPage=80&cidValue=816&groupOrdinal=1599&groupViewContextIndicator=false&isFromAllResults=false&isFromAlternateReactionSteps=false&isFromReactionGroup=false&key=6a58ba6462c3022ca7b601fb&metricsOrdinal=1599&ordinal=1&resultType=reaction&resultView=DETAIL&state=searchDetail.reaction&suppressNavigation=false&uiContext=366&uiSubContext=551&uriForDetails=multistep-reaction%2F1fffcb13-6fde-5b1e-ac24-588e7134c78e&uriForGroup=substance%2Fpt%2F56359%2Bsubstance%2Fpt%2F71117378-%3Esubstance%2Fpt%2F117755847%2Bsubstance%2Fpt%2F117858396%2Bsubstance%2Fpt%2F117858409
80,1600,1,31-008-CAS-3462110,3,skipped,1,多产物反应，按当前课题规则跳过,https://scifinder-n.cas.org/search/reaction/6a58ba6462c3022ca7b601fb/80,https://scifinder-n.cas.org/navigate/?appId=5187093d-a8ae-4ad3-a377-7cf8f1e24d51&backKey=6a58ba6462c3022ca7b601fb&backToPage=80&cidValue=816&groupOrdinal=1600&groupViewContextIndicator=false&isFromAllResults=false&isFromAlternateReactionSteps=false&isFromReactionGroup=false&key=6a58ba6462c3022ca7b601fb&metricsOrdinal=1600&ordinal=1&resultType=reaction&resultView=DETAIL&state=searchDetail.reaction&suppressNavigation=false&uiContext=366&uiSubContext=551&uriForDetails=multistep-reaction%2F24acdf6e-273d-5db3-9c6a-b1d0e75cb71a&uriForGroup=substance%2Fpt%2F100390%2Bsubstance%2Fpt%2F87508176-%3Esubstance%2Fpt%2F128848511%2Bsubstance%2Fpt%2F528872562%2Bsubstance%2Fpt%2F87470700
81,1601,1,31-356-CAS-20333600,3,skipped,1,多产物反应，按当前课题规则跳过,https://scifinder-n.cas.org/search/reaction/6a58ba6462c3022ca7b601fb/81,https://scifinder-n.cas.org/navigate/?appId=fa7519f6-70a1-4983-a486-e4f29660a3c8&backKey=6a58ba6462c3022ca7b601fb&backToPage=81&cidValue=816&groupOrdinal=1601&groupViewContextIndicator=false&isFromAllResults=false&isFromAlternateReactionSteps=false&isFromReactionGroup=false&key=6a58ba6462c3022ca7b601fb&metricsOrdinal=1601&ordinal=1&resultType=reaction&resultView=DETAIL&state=searchDetail.reaction&suppressNavigation=false&uiContext=366&uiSubContext=551&uriForDetails=multistep-reaction%2F2d694c10-5277-5fe7-a4ba-d04308012916&uriForGroup=substance%2Fpt%2F2360936929%2Bsubstance%2Fpt%2F64197-%3Esubstance%2Fpt%2F2360937104%2Bsubstance%2Fpt%2F2360937115%2Bsubstance%2Fpt%2F2360937693
81,1602,1,31-354-CAS-2536693,3,skipped,1,多产物反应，按当前课题规则跳过,https://scifinder-n.cas.org/search/reaction/6a58ba6462c3022ca7b601fb/81,https://scifinder-n.cas.org/navigate/?appId=fa7519f6-70a1-4983-a486-e4f29660a3c8&backKey=6a58ba6462c3022ca7b601fb&backToPage=81&cidValue=816&groupOrdinal=1602&groupViewContextIndicator=false&isFromAllResults=false&isFromAlternateReactionSteps=false&isFromReactionGroup=false&key=6a58ba6462c3022ca7b601fb&metricsOrdinal=1602&ordinal=1&resultType=reaction&resultView=DETAIL&state=searchDetail.reaction&suppressNavigation=false&uiContext=366&uiSubContext=551&uriForDetails=multistep-reaction%2F3114898b-0c23-5b98-8c17-1c0a076b3150&uriForGroup=substance%2Fpt%2F1494663261%2Bsubstance%2Fpt%2F75365-%3Esubstance%2Fpt%2F1494663476%2Bsubstance%2Fpt%2F1494663487%2Bsubstance%2Fpt%2F1494663498
81,1603,1,31-357-CAS-5280999,3,skipped,1,多产物反应，按当前课题规则跳过,https://scifinder-n.cas.org/search/reaction/6a58ba6462c3022ca7b601fb/81,https://scifinder-n.cas.org/navigate/?appId=fa7519f6-70a1-4983-a486-e4f29660a3c8&backKey=6a58ba6462c3022ca7b601fb&backToPage=81&cidValue=816&groupOrdinal=1603&groupViewContextIndicator=false&isFromAllResults=false&isFromAlternateReactionSteps=false&isFromReactionGroup=false&key=6a58ba6462c3022ca7b601fb&metricsOrdinal=1603&ordinal=1&resultType=reaction&resultView=DETAIL&state=searchDetail.reaction&suppressNavigation=false&uiContext=366&uiSubContext=551&uriForDetails=multistep-reaction%2F367d6c3c-5bd4-5144-a96b-8c1e995710e6&uriForGroup=substance%2Fpt%2F69557831-%3Esubstance%2Fpt%2F101068999%2Bsubstance%2Fpt%2F88331968%2Bsubstance%2Fpt%2F89756092
81,1604,1,31-355-CAS-20333594,3,skipped,1,多产物反应，按当前课题规则跳过,https://scifinder-n.cas.org/search/reaction/6a58ba6462c3022ca7b601fb/81,https://scifinder-n.cas.org/navigate/?appId=fa7519f6-70a1-4983-a486-e4f29660a3c8&backKey=6a58ba6462c3022ca7b601fb&backToPage=81&cidValue=816&groupOrdinal=1604&groupViewContextIndicator=false&isFromAllResults=false&isFromAlternateReactionSteps=false&isFromReactionGroup=false&key=6a58ba6462c3022ca7b601fb&metricsOrdinal=1604&ordinal=1&resultType=reaction&resultView=DETAIL&state=searchDetail.reaction&suppressNavigation=false&uiContext=366&uiSubContext=551&uriForDetails=multistep-reaction%2F41fe92d0-7b20-5cbf-9ed8-a675c5aadfa2&uriForGroup=substance%2Fpt%2F2360936996%2Bsubstance%2Fpt%2F97723-%3Esubstance%2Fpt%2F2360937182%2Bsubstance%2Fpt%2F2360937193%2Bsubstance%2Fpt%2F2360937717
81,1605,1,31-355-CAS-17047912,3,skipped,1,多产物反应，按当前课题规则跳过,https://scifinder-n.cas.org/search/reaction/6a58ba6462c3022ca7b601fb/81,https://scifinder-n.cas.org/navigate/?appId=fa7519f6-70a1-4983-a486-e4f29660a3c8&backKey=6a58ba6462c3022ca7b601fb&backToPage=81&cidValue=816&groupOrdinal=1605&groupViewContextIndicator=false&isFromAllResults=false&isFromAlternateReactionSteps=false&isFromReactionGroup=false&key=6a58ba6462c3022ca7b601fb&metricsOrdinal=1605&ordinal=1&resultType=reaction&resultView=DETAIL&state=searchDetail.reaction&suppressNavigation=false&uiContext=366&uiSubContext=551&uriForDetails=multistep-reaction%2F4666d5ab-1e25-56d2-958f-b7c9c7172808&uriForGroup=substance%2Fpt%2F2088438826%2Bsubstance%2Fpt%2F93970-%3Esubstance%2Fpt%2F2088438837%2Bsubstance%2Fpt%2F2088438848%2Bsubstance%2Fpt%2F2088438859
81,1606,1,31-354-CAS-5649101,3,skipped,1,多产物反应，按当前课题规则跳过,https://scifinder-n.cas.org/search/reaction/6a58ba6462c3022ca7b601fb/81,https://scifinder-n.cas.org/navigate/?appId=fa7519f6-70a1-4983-a486-e4f29660a3c8&backKey=6a58ba6462c3022ca7b601fb&backToPage=81&cidValue=816&groupOrdinal=1606&groupViewContextIndicator=false&isFromAllResults=false&isFromAlternateReactionSteps=false&isFromReactionGroup=false&key=6a58ba6462c3022ca7b601fb&metricsOrdinal=1606&ordinal=1&resultType=reaction&resultView=DETAIL&state=searchDetail.reaction&suppressNavigation=false&uiContext=366&uiSubContext=551&uriForDetails=multistep-reaction%2F4fb49246-4320-502a-be9d-2d770eb63e76&uriForGroup=substance%2Fpt%2F122010%2Bsubstance%2Fpt%2F282718507-%3Esubstance%2Fpt%2F1831912243%2Bsubstance%2Fpt%2F1831912254%2Bsubstance%2Fpt%2F1831912265
81,1607,1,31-354-CAS-18344073,3,skipped,1,多产物反应，按当前课题规则跳过,https://scifinder-n.cas.org/search/reaction/6a58ba6462c3022ca7b601fb/81,https://scifinder-n.cas.org/navigate/?appId=fa7519f6-70a1-4983-a486-e4f29660a3c8&backKey=6a58ba6462c3022ca7b601fb&backToPage=81&cidValue=816&groupOrdinal=1607&groupViewContextIndicator=false&isFromAllResults=false&isFromAlternateReactionSteps=false&isFromReactionGroup=false&key=6a58ba6462c3022ca7b601fb&metricsOrdinal=1607&ordinal=1&resultType=reaction&resultView=DETAIL&state=searchDetail.reaction&suppressNavigation=false&uiContext=366&uiSubContext=551&uriForDetails=multistep-reaction%2F5023e8c3-d1ad-5233-849b-5a017f0f1518&uriForGroup=substance%2Fpt%2F477907%2Bsubstance%2Fpt%2F75365-%3Esubstance%2Fpt%2F1402823748%2Bsubstance%2Fpt%2F14531476%2Bsubstance%2Fpt%2F2129574269
81,1608,1,31-354-CAS-3141085,3,skipped,1,多产物反应，按当前课题规则跳过,https://scifinder-n.cas.org/search/reaction/6a58ba6462c3022ca7b601fb/81,https://scifinder-n.cas.org/navigate/?appId=fa7519f6-70a1-4983-a486-e4f29660a3c8&backKey=6a58ba6462c3022ca7b601fb&backToPage=81&cidValue=816&groupOrdinal=1608&groupViewContextIndicator=false&isFromAllResults=false&isFromAlternateReactionSteps=false&isFromReactionGroup=false&key=6a58ba6462c3022ca7b601fb&metricsOrdinal=1608&ordinal=1&resultType=reaction&resultView=DETAIL&state=searchDetail.reaction&suppressNavigation=false&uiContext=366&uiSubContext=551&uriForDetails=multistep-reaction%2F0e1313db-694c-5b2f-99ed-53c8714f5e76&uriForGroup=substance%2Fpt%2F73045575%2Bsubstance%2Fpt%2F98884-%3Esubstance%2Fpt%2F93636330%2Bsubstance%2Fpt%2F93636341%2Bsubstance%2Fpt%2F93636352
81,1608,2,31-354-CAS-1032975,3,skipped,1,多产物反应，按当前课题规则跳过,https://scifinder-n.cas.org/search/reaction/6a58ba6462c3022ca7b601fb/81,https://scifinder-n.cas.org/navigate/?appId=fa7519f6-70a1-4983-a486-e4f29660a3c8&backKey=6a58ba6462c3022ca7b601fb&backToPage=81&cidValue=816&groupOrdinal=1608&groupViewContextIndicator=false&isFromAllResults=false&isFromAlternateReactionSteps=false&isFromReactionGroup=false&key=6a58ba6462c3022ca7b601fb&metricsOrdinal=1608&ordinal=2&resultType=reaction&resultView=DETAIL&state=searchDetail.reaction&suppressNavigation=false&uiContext=366&uiSubContext=551&uriForDetails=multistep-reaction%2F50dd16f3-64da-57f0-9706-f4c99b40af75&uriForGroup=substance%2Fpt%2F73045575%2Bsubstance%2Fpt%2F98884-%3Esubstance%2Fpt%2F93636330%2Bsubstance%2Fpt%2F93636341%2Bsubstance%2Fpt%2F93636352
81,1609,1,31-008-CAS-10744829,3,skipped,1,多产物反应，按当前课题规则跳过,https://scifinder-n.cas.org/search/reaction/6a58ba6462c3022ca7b601fb/81,https://scifinder-n.cas.org/navigate/?appId=fa7519f6-70a1-4983-a486-e4f29660a3c8&backKey=6a58ba6462c3022ca7b601fb&backToPage=81&cidValue=816&groupOrdinal=1609&groupViewContextIndicator=false&isFromAllResults=false&isFromAlternateReactionSteps=false&isFromReactionGroup=false&key=6a58ba6462c3022ca7b601fb&metricsOrdinal=1609&ordinal=1&resultType=reaction&resultView=DETAIL&state=searchDetail.reaction&suppressNavigation=false&uiContext=366&uiSubContext=551&uriForDetails=multistep-reaction%2F51f49db1-5ece-53ce-addf-d442530f5228&uriForGroup=substance%2Fpt%2F100390%2Bsubstance%2Fpt%2F87508187-%3Esubstance%2Fpt%2F124477083%2Bsubstance%2Fpt%2F804566050%2Bsubstance%2Fpt%2F87470722
81,1610,1,31-022-CAS-4963314,3,skipped,1,多产物反应，按当前课题规则跳过,https://scifinder-n.cas.org/search/reaction/6a58ba6462c3022ca7b601fb/81,https://scifinder-n.cas.org/navigate/?appId=fa7519f6-70a1-4983-a486-e4f29660a3c8&backKey=6a58ba6462c3022ca7b601fb&backToPage=81&cidValue=816&groupOrdinal=1610&groupViewContextIndicator=false&isFromAllResults=false&isFromAlternateReactionSteps=false&isFromReactionGroup=false&key=6a58ba6462c3022ca7b601fb&metricsOrdinal=1610&ordinal=1&resultType=reaction&resultView=DETAIL&state=searchDetail.reaction&suppressNavigation=false&uiContext=366&uiSubContext=551&uriForDetails=multistep-reaction%2F58e65c1f-a491-552e-b2bf-32eb9420a714&uriForGroup=substance%2Fpt%2F57701276-%3Esubstance%2Fpt%2F1268345396%2Bsubstance%2Fpt%2F1268345410%2Bsubstance%2Fpt%2F208921464
81,1610,2,31-022-CAS-11401666,3,skipped,1,多产物反应，按当前课题规则跳过,https://scifinder-n.cas.org/search/reaction/6a58ba6462c3022ca7b601fb/81,https://scifinder-n.cas.org/navigate/?appId=fa7519f6-70a1-4983-a486-e4f29660a3c8&backKey=6a58ba6462c3022ca7b601fb&backToPage=81&cidValue=816&groupOrdinal=1610&groupViewContextIndicator=false&isFromAllResults=false&isFromAlternateReactionSteps=false&isFromReactionGroup=false&key=6a58ba6462c3022ca7b601fb&metricsOrdinal=1610&ordinal=2&resultType=reaction&resultView=DETAIL&state=searchDetail.reaction&suppressNavigation=false&uiContext=366&uiSubContext=551&uriForDetails=multistep-reaction%2F41e247c3-f80b-518d-aa02-b7bc6248d3a6&uriForGroup=substance%2Fpt%2F57701276-%3Esubstance%2Fpt%2F1268345396%2Bsubstance%2Fpt%2F1268345410%2Bsubstance%2Fpt%2F208921464
81,1611,1,31-356-CAS-20333596,3,skipped,1,多产物反应，按当前课题规则跳过,https://scifinder-n.cas.org/search/reaction/6a58ba6462c3022ca7b601fb/81,https://scifinder-n.cas.org/navigate/?appId=fa7519f6-70a1-4983-a486-e4f29660a3c8&backKey=6a58ba6462c3022ca7b601fb&backToPage=81&cidValue=816&groupOrdinal=1611&groupViewContextIndicator=false&isFromAllResults=false&isFromAlternateReactionSteps=false&isFromReactionGroup=false&key=6a58ba6462c3022ca7b601fb&metricsOrdinal=1611&ordinal=1&resultType=reaction&resultView=DETAIL&state=searchDetail.reaction&suppressNavigation=false&uiContext=366&uiSubContext=551&uriForDetails=multistep-reaction%2F5f79971f-9a18-5e40-b66c-5f657724428e&uriForGroup=substance%2Fpt%2F2360937013%2Bsubstance%2Fpt%2F64197-%3Esubstance%2Fpt%2F2360937228%2Bsubstance%2Fpt%2F2360937239%2Bsubstance%2Fpt%2F2360937739
81,1612,1,31-355-CAS-20333595,3,skipped,1,多产物反应，按当前课题规则跳过,https://scifinder-n.cas.org/search/reaction/6a58ba6462c3022ca7b601fb/81,https://scifinder-n.cas.org/navigate/?appId=fa7519f6-70a1-4983-a486-e4f29660a3c8&backKey=6a58ba6462c3022ca7b601fb&backToPage=81&cidValue=816&groupOrdinal=1612&groupViewContextIndicator=false&isFromAllResults=false&isFromAlternateReactionSteps=false&isFromReactionGroup=false&key=6a58ba6462c3022ca7b601fb&metricsOrdinal=1612&ordinal=1&resultType=reaction&resultView=DETAIL&state=searchDetail.reaction&suppressNavigation=false&uiContext=366&uiSubContext=551&uriForDetails=multistep-reaction%2F5fcb7a17-a447-58e5-b9a4-ecfd75d95d4d&uriForGroup=substance%2Fpt%2F2360937002%2Bsubstance%2Fpt%2F97723-%3Esubstance%2Fpt%2F2360937206%2Bsubstance%2Fpt%2F2360937217%2Bsubstance%2Fpt%2F2360937728
81,1613,1,31-356-CAS-1954706,3,skipped,1,多产物反应，按当前课题规则跳过,https://scifinder-n.cas.org/search/reaction/6a58ba6462c3022ca7b601fb/81,https://scifinder-n.cas.org/navigate/?appId=fa7519f6-70a1-4983-a486-e4f29660a3c8&backKey=6a58ba6462c3022ca7b601fb&backToPage=81&cidValue=816&groupOrdinal=1613&groupViewContextIndicator=false&isFromAllResults=false&isFromAlternateReactionSteps=false&isFromReactionGroup=false&key=6a58ba6462c3022ca7b601fb&metricsOrdinal=1613&ordinal=1&resultType=reaction&resultView=DETAIL&state=searchDetail.reaction&suppressNavigation=false&uiContext=366&uiSubContext=551&uriForDetails=multistep-reaction%2F62bb6ca0-32db-56e9-a4c2-e17d6cd1c981&uriForGroup=substance%2Fpt%2F33419420%2Bsubstance%2Fpt%2F7423554-%3Esubstance%2Fpt%2F254894230%2Bsubstance%2Fpt%2F254894252%2Bsubstance%2Fpt%2F254894274
81,1614,1,31-354-CAS-13478002,3,skipped,1,多产物反应，按当前课题规则跳过,https://scifinder-n.cas.org/search/reaction/6a58ba6462c3022ca7b601fb/81,https://scifinder-n.cas.org/navigate/?appId=fa7519f6-70a1-4983-a486-e4f29660a3c8&backKey=6a58ba6462c3022ca7b601fb&backToPage=81&cidValue=816&groupOrdinal=1614&groupViewContextIndicator=false&isFromAllResults=false&isFromAlternateReactionSteps=false&isFromReactionGroup=false&key=6a58ba6462c3022ca7b601fb&metricsOrdinal=1614&ordinal=1&resultType=reaction&resultView=DETAIL&state=searchDetail.reaction&suppressNavigation=false&uiContext=366&uiSubContext=551&uriForDetails=multistep-reaction%2F644acc9c-80d0-5e4b-abc0-c0666c6a858c&uriForGroup=substance%2Fpt%2F87508187%2Bsubstance%2Fpt%2F98884-%3Esubstance%2Fpt%2F208644751%2Bsubstance%2Fpt%2F213997898%2Bsubstance%2Fpt%2F804566049
81,1615,1,31-354-CAS-1108648,3,skipped,1,多产物反应，按当前课题规则跳过,https://scifinder-n.cas.org/search/reaction/6a58ba6462c3022ca7b601fb/81,https://scifinder-n.cas.org/navigate/?appId=fa7519f6-70a1-4983-a486-e4f29660a3c8&backKey=6a58ba6462c3022ca7b601fb&backToPage=81&cidValue=816&groupOrdinal=1615&groupViewContextIndicator=false&isFromAllResults=false&isFromAlternateReactionSteps=false&isFromReactionGroup=false&key=6a58ba6462c3022ca7b601fb&metricsOrdinal=1615&ordinal=1&resultType=reaction&resultView=DETAIL&state=searchDetail.reaction&suppressNavigation=false&uiContext=366&uiSubContext=551&uriForDetails=multistep-reaction%2F716e7a25-d249-52a3-9c9b-7a4325ad97ae&uriForGroup=substance%2Fpt%2F282718507%2Bsubstance%2Fpt%2F3282302-%3Esubstance%2Fpt%2F1831912141%2Bsubstance%2Fpt%2F1831912163%2Bsubstance%2Fpt%2F1831912174
81,1616,1,31-392-CAS-4133116,3,skipped,1,多产物反应，按当前课题规则跳过,https://scifinder-n.cas.org/search/reaction/6a58ba6462c3022ca7b601fb/81,https://scifinder-n.cas.org/navigate/?appId=fa7519f6-70a1-4983-a486-e4f29660a3c8&backKey=6a58ba6462c3022ca7b601fb&backToPage=81&cidValue=816&groupOrdinal=1616&groupViewContextIndicator=false&isFromAllResults=false&isFromAlternateReactionSteps=false&isFromReactionGroup=false&key=6a58ba6462c3022ca7b601fb&metricsOrdinal=1616&ordinal=1&resultType=reaction&resultView=DETAIL&state=searchDetail.reaction&suppressNavigation=false&uiContext=366&uiSubContext=551&uriForDetails=multistep-reaction%2F722b751e-a30b-5f92-9d5d-8d166aca2842&uriForGroup=substance%2Fpt%2F10016203%2Bsubstance%2Fpt%2F98748-%3Esubstance%2Fpt%2F95784319%2Bsubstance%2Fpt%2F95784353%2Bsubstance%2Fpt%2F95784397
81,1617,1,31-355-CAS-1772026,3,skipped,1,多产物反应，按当前课题规则跳过,https://scifinder-n.cas.org/search/reaction/6a58ba6462c3022ca7b601fb/81,https://scifinder-n.cas.org/navigate/?appId=fa7519f6-70a1-4983-a486-e4f29660a3c8&backKey=6a58ba6462c3022ca7b601fb&backToPage=81&cidValue=816&groupOrdinal=1617&groupViewContextIndicator=false&isFromAllResults=false&isFromAlternateReactionSteps=false&isFromReactionGroup=false&key=6a58ba6462c3022ca7b601fb&metricsOrdinal=1617&ordinal=1&resultType=reaction&resultView=DETAIL&state=searchDetail.reaction&suppressNavigation=false&uiContext=366&uiSubContext=551&uriForDetails=multistep-reaction%2F73410115-95f9-5fd1-9f1c-b7e0ab0c2638&uriForGroup=substance%2Fpt%2F108247%2Bsubstance%2Fpt%2F282718507-%3Esubstance%2Fpt%2F1831912027%2Bsubstance%2Fpt%2F1831912049%2Bsubstance%2Fpt%2F1831912061
81,1618,1,31-354-CAS-1158865,3,skipped,1,多产物反应，按当前课题规则跳过,https://scifinder-n.cas.org/search/reaction/6a58ba6462c3022ca7b601fb/81,https://scifinder-n.cas.org/navigate/?appId=fa7519f6-70a1-4983-a486-e4f29660a3c8&backKey=6a58ba6462c3022ca7b601fb&backToPage=81&cidValue=816&groupOrdinal=1618&groupViewContextIndicator=false&isFromAllResults=false&isFromAlternateReactionSteps=false&isFromReactionGroup=false&key=6a58ba6462c3022ca7b601fb&metricsOrdinal=1618&ordinal=1&resultType=reaction&resultView=DETAIL&state=searchDetail.reaction&suppressNavigation=false&uiContext=366&uiSubContext=551&uriForDetails=multistep-reaction%2F75f87c65-7451-514e-b43a-fc534c5313a0&uriForGroup=substance%2Fpt%2F282718507%2Bsubstance%2Fpt%2F79038-%3Esubstance%2Fpt%2F1831912083%2Bsubstance%2Fpt%2F1831912094%2Bsubstance%2Fpt%2F1831912107
81,1619,1,31-354-CAS-11759172,3,skipped,1,多产物反应，按当前课题规则跳过,https://scifinder-n.cas.org/search/reaction/6a58ba6462c3022ca7b601fb/81,https://scifinder-n.cas.org/navigate/?appId=fa7519f6-70a1-4983-a486-e4f29660a3c8&backKey=6a58ba6462c3022ca7b601fb&backToPage=81&cidValue=816&groupOrdinal=1619&groupViewContextIndicator=false&isFromAllResults=false&isFromAlternateReactionSteps=false&isFromReactionGroup=false&key=6a58ba6462c3022ca7b601fb&metricsOrdinal=1619&ordinal=1&resultType=reaction&resultView=DETAIL&state=searchDetail.reaction&suppressNavigation=false&uiContext=366&uiSubContext=551&uriForDetails=multistep-reaction%2F7b688027-51e0-54cb-88a8-ed1c50d49eb0&uriForGroup=substance%2Fpt%2F282718507%2Bsubstance%2Fpt%2F874602-%3Esubstance%2Fpt%2F1831912210%2Bsubstance%2Fpt%2F1831912221%2Bsubstance%2Fpt%2F1831912232
81,1620,1,31-354-CAS-130088,3,skipped,1,多产物反应，按当前课题规则跳过,https://scifinder-n.cas.org/search/reaction/6a58ba6462c3022ca7b601fb/81,https://scifinder-n.cas.org/navigate/?appId=fa7519f6-70a1-4983-a486-e4f29660a3c8&backKey=6a58ba6462c3022ca7b601fb&backToPage=81&cidValue=816&groupOrdinal=1620&groupViewContextIndicator=false&isFromAllResults=false&isFromAlternateReactionSteps=false&isFromReactionGroup=false&key=6a58ba6462c3022ca7b601fb&metricsOrdinal=1620&ordinal=1&resultType=reaction&resultView=DETAIL&state=searchDetail.reaction&suppressNavigation=false&uiContext=366&uiSubContext=551&uriForDetails=multistep-reaction%2F7be7d724-de54-5b04-97f5-341be246ef4d&uriForGroup=substance%2Fpt%2F1494663261%2Bsubstance%2Fpt%2F98884-%3Esubstance%2Fpt%2F1494663272%2Bsubstance%2Fpt%2F1494663283%2Bsubstance%2Fpt%2F1494663330
82,1621,1,31-357-CAS-7391436,3,skipped,1,多产物反应，按当前课题规则跳过,https://scifinder-n.cas.org/search/reaction/6a58ba6462c3022ca7b601fb/82,https://scifinder-n.cas.org/navigate/?appId=4980667d-7cd2-48eb-9980-0dc6863d3e31&backKey=6a58ba6462c3022ca7b601fb&backToPage=82&cidValue=816&groupOrdinal=1621&groupViewContextIndicator=false&isFromAllResults=false&isFromAlternateReactionSteps=false&isFromReactionGroup=false&key=6a58ba6462c3022ca7b601fb&metricsOrdinal=1621&ordinal=1&resultType=reaction&resultView=DETAIL&state=searchDetail.reaction&suppressNavigation=false&uiContext=366&uiSubContext=551&uriForDetails=multistep-reaction%2F85a68f38-667c-53b1-925e-e0d3167c565b&uriForGroup=substance%2Fpt%2F3162967%2Bsubstance%2Fpt%2F54769367-%3Esubstance%2Fpt%2F28642640%2Bsubstance%2Fpt%2F33535045%2Bsubstance%2Fpt%2F6748910
82,1622,1,31-356-CAS-20333597,3,skipped,1,多产物反应，按当前课题规则跳过,https://scifinder-n.cas.org/search/reaction/6a58ba6462c3022ca7b601fb/82,https://scifinder-n.cas.org/navigate/?appId=4980667d-7cd2-48eb-9980-0dc6863d3e31&backKey=6a58ba6462c3022ca7b601fb&backToPage=82&cidValue=816&groupOrdinal=1622&groupViewContextIndicator=false&isFromAllResults=false&isFromAlternateReactionSteps=false&isFromReactionGroup=false&key=6a58ba6462c3022ca7b601fb&metricsOrdinal=1622&ordinal=1&resultType=reaction&resultView=DETAIL&state=searchDetail.reaction&suppressNavigation=false&uiContext=366&uiSubContext=551&uriForDetails=multistep-reaction%2F85b541fd-922e-5ffa-9eda-0da677ffdf80&uriForGroup=substance%2Fpt%2F2360937364%2Bsubstance%2Fpt%2F64197-%3Esubstance%2Fpt%2F2360937240%2Bsubstance%2Fpt%2F2360937251%2Bsubstance%2Fpt%2F2360937740
82,1623,1,31-355-CAS-21490883,3,skipped,1,多产物反应，按当前课题规则跳过,https://scifinder-n.cas.org/search/reaction/6a58ba6462c3022ca7b601fb/82,https://scifinder-n.cas.org/navigate/?appId=4980667d-7cd2-48eb-9980-0dc6863d3e31&backKey=6a58ba6462c3022ca7b601fb&backToPage=82&cidValue=816&groupOrdinal=1623&groupViewContextIndicator=false&isFromAllResults=false&isFromAlternateReactionSteps=false&isFromReactionGroup=false&key=6a58ba6462c3022ca7b601fb&metricsOrdinal=1623&ordinal=1&resultType=reaction&resultView=DETAIL&state=searchDetail.reaction&suppressNavigation=false&uiContext=366&uiSubContext=551&uriForDetails=multistep-reaction%2F8907518e-9bdf-515a-a4e5-a3d1ff88f9b1&uriForGroup=substance%2Fpt%2F108247%2Bsubstance%2Fpt%2F916069062-%3Esubstance%2Fpt%2F910041199%2Bsubstance%2Fpt%2F916069073%2Bsubstance%2Fpt%2F916069084
82,1624,1,31-354-CAS-7721150,3,skipped,1,多产物反应，按当前课题规则跳过,https://scifinder-n.cas.org/search/reaction/6a58ba6462c3022ca7b601fb/82,https://scifinder-n.cas.org/navigate/?appId=4980667d-7cd2-48eb-9980-0dc6863d3e31&backKey=6a58ba6462c3022ca7b601fb&backToPage=82&cidValue=816&groupOrdinal=1624&groupViewContextIndicator=false&isFromAllResults=false&isFromAlternateReactionSteps=false&isFromReactionGroup=false&key=6a58ba6462c3022ca7b601fb&metricsOrdinal=1624&ordinal=1&resultType=reaction&resultView=DETAIL&state=searchDetail.reaction&suppressNavigation=false&uiContext=366&uiSubContext=551&uriForDetails=multistep-reaction%2F8d21f723-e3c3-5823-9a57-46b38e54d876&uriForGroup=substance%2Fpt%2F102717668%2Bsubstance%2Fpt%2F98884-%3Esubstance%2Fpt%2F102717679%2Bsubstance%2Fpt%2F102717737%2Bsubstance%2Fpt%2F102717748
82,1625,1,31-355-CAS-15934651,3,skipped,1,多产物反应，按当前课题规则跳过,https://scifinder-n.cas.org/search/reaction/6a58ba6462c3022ca7b601fb/82,https://scifinder-n.cas.org/navigate/?appId=4980667d-7cd2-48eb-9980-0dc6863d3e31&backKey=6a58ba6462c3022ca7b601fb&backToPage=82&cidValue=816&groupOrdinal=1625&groupViewContextIndicator=false&isFromAllResults=false&isFromAlternateReactionSteps=false&isFromReactionGroup=false&key=6a58ba6462c3022ca7b601fb&metricsOrdinal=1625&ordinal=1&resultType=reaction&resultView=DETAIL&state=searchDetail.reaction&suppressNavigation=false&uiContext=366&uiSubContext=551&uriForDetails=multistep-reaction%2F9b1d26f3-7d2a-54fd-86ac-c8529b093fc3&uriForGroup=substance%2Fpt%2F108247%2Bsubstance%2Fpt%2F71117367-%3Esubstance%2Fpt%2F112968157%2Bsubstance%2Fpt%2F1346111452%2Bsubstance%2Fpt%2F756897526
82,1626,1,31-354-CAS-6515199,3,skipped,1,多产物反应，按当前课题规则跳过,https://scifinder-n.cas.org/search/reaction/6a58ba6462c3022ca7b601fb/82,https://scifinder-n.cas.org/navigate/?appId=4980667d-7cd2-48eb-9980-0dc6863d3e31&backKey=6a58ba6462c3022ca7b601fb&backToPage=82&cidValue=816&groupOrdinal=1626&groupViewContextIndicator=false&isFromAllResults=false&isFromAlternateReactionSteps=false&isFromReactionGroup=false&key=6a58ba6462c3022ca7b601fb&metricsOrdinal=1626&ordinal=1&resultType=reaction&resultView=DETAIL&state=searchDetail.reaction&suppressNavigation=false&uiContext=366&uiSubContext=551&uriForDetails=multistep-reaction%2Fa34f9cc6-1cb5-59d0-bf1b-cdf30fb9953b&uriForGroup=substance%2Fpt%2F100072%2Bsubstance%2Fpt%2F1494663261-%3Esubstance%2Fpt%2F1494663410%2Bsubstance%2Fpt%2F1494663421%2Bsubstance%2Fpt%2F1494663432
82,1627,1,31-354-CAS-7501255,3,skipped,1,多产物反应，按当前课题规则跳过,https://scifinder-n.cas.org/search/reaction/6a58ba6462c3022ca7b601fb/82,https://scifinder-n.cas.org/navigate/?appId=4980667d-7cd2-48eb-9980-0dc6863d3e31&backKey=6a58ba6462c3022ca7b601fb&backToPage=82&cidValue=816&groupOrdinal=1627&groupViewContextIndicator=false&isFromAllResults=false&isFromAlternateReactionSteps=false&isFromReactionGroup=false&key=6a58ba6462c3022ca7b601fb&metricsOrdinal=1627&ordinal=1&resultType=reaction&resultView=DETAIL&state=searchDetail.reaction&suppressNavigation=false&uiContext=366&uiSubContext=551&uriForDetails=multistep-reaction%2Fa38b90bb-250d-58d4-893e-e4c6077e709f&uriForGroup=substance%2Fpt%2F282718507%2Bsubstance%2Fpt%2F98884-%3Esubstance%2Fpt%2F1831912185%2Bsubstance%2Fpt%2F1831912196%2Bsubstance%2Fpt%2F1831912209
82,1628,1,31-303-CAS-22270831,3,skipped,1,多产物反应，按当前课题规则跳过,https://scifinder-n.cas.org/search/reaction/6a58ba6462c3022ca7b601fb/82,https://scifinder-n.cas.org/navigate/?appId=4980667d-7cd2-48eb-9980-0dc6863d3e31&backKey=6a58ba6462c3022ca7b601fb&backToPage=82&cidValue=816&groupOrdinal=1628&groupViewContextIndicator=false&isFromAllResults=false&isFromAlternateReactionSteps=false&isFromReactionGroup=false&key=6a58ba6462c3022ca7b601fb&metricsOrdinal=1628&ordinal=1&resultType=reaction&resultView=DETAIL&state=searchDetail.reaction&suppressNavigation=false&uiContext=366&uiSubContext=551&uriForDetails=multistep-reaction%2Faa599240-389f-5981-9754-36b74009aacb&uriForGroup=substance%2Fpt%2F100527%2Bsubstance%2Fpt%2F220645863-%3Esubstance%2Fpt%2F220645589%2Bsubstance%2Fpt%2F220645603%2Bsubstance%2Fpt%2F220645874
82,1629,1,31-392-CAS-746685,3,skipped,1,多产物反应，按当前课题规则跳过,https://scifinder-n.cas.org/search/reaction/6a58ba6462c3022ca7b601fb/82,https://scifinder-n.cas.org/navigate/?appId=4980667d-7cd2-48eb-9980-0dc6863d3e31&backKey=6a58ba6462c3022ca7b601fb&backToPage=82&cidValue=816&groupOrdinal=1629&groupViewContextIndicator=false&isFromAllResults=false&isFromAlternateReactionSteps=false&isFromReactionGroup=false&key=6a58ba6462c3022ca7b601fb&metricsOrdinal=1629&ordinal=1&resultType=reaction&resultView=DETAIL&state=searchDetail.reaction&suppressNavigation=false&uiContext=366&uiSubContext=551&uriForDetails=multistep-reaction%2F8fd4f361-a298-5616-bb4f-cf36d572b7c6&uriForGroup=substance%2Fpt%2F10016203%2Bsubstance%2Fpt%2F93118-%3Esubstance%2Fpt%2F95784331%2Bsubstance%2Fpt%2F95784375%2Bsubstance%2Fpt%2F95784411
82,1629,2,31-392-CAS-5015282,3,skipped,1,多产物反应，按当前课题规则跳过,https://scifinder-n.cas.org/search/reaction/6a58ba6462c3022ca7b601fb/82,https://scifinder-n.cas.org/navigate/?appId=4980667d-7cd2-48eb-9980-0dc6863d3e31&backKey=6a58ba6462c3022ca7b601fb&backToPage=82&cidValue=816&groupOrdinal=1629&groupViewContextIndicator=false&isFromAllResults=false&isFromAlternateReactionSteps=false&isFromReactionGroup=false&key=6a58ba6462c3022ca7b601fb&metricsOrdinal=1629&ordinal=2&resultType=reaction&resultView=DETAIL&state=searchDetail.reaction&suppressNavigation=false&uiContext=366&uiSubContext=551&uriForDetails=multistep-reaction%2Faf306381-b925-5b86-9646-60289b35d813&uriForGroup=substance%2Fpt%2F10016203%2Bsubstance%2Fpt%2F93118-%3Esubstance%2Fpt%2F95784331%2Bsubstance%2Fpt%2F95784375%2Bsubstance%2Fpt%2F95784411
82,1630,1,31-614-CAS-35694689,3,skipped,1,多产物反应，按当前课题规则跳过,https://scifinder-n.cas.org/search/reaction/6a58ba6462c3022ca7b601fb/82,https://scifinder-n.cas.org/navigate/?appId=4980667d-7cd2-48eb-9980-0dc6863d3e31&backKey=6a58ba6462c3022ca7b601fb&backToPage=82&cidValue=816&groupOrdinal=1630&groupViewContextIndicator=false&isFromAllResults=false&isFromAlternateReactionSteps=false&isFromReactionGroup=false&key=6a58ba6462c3022ca7b601fb&metricsOrdinal=1630&ordinal=1&resultType=reaction&resultView=DETAIL&state=searchDetail.reaction&suppressNavigation=false&uiContext=366&uiSubContext=551&uriForDetails=multistep-reaction%2Fbadb1577-cfd1-50ec-ae9a-c07242b21f35&uriForGroup=substance%2Fpt%2F173326380%2Bsubstance%2Fpt%2F190367078-%3Esubstance%2Fpt%2F2894143021%2Bsubstance%2Fpt%2F2894143065%2Bsubstance%2Fpt%2F2894143112
82,1631,1,31-562-CAS-4945560,3,skipped,1,多产物反应，按当前课题规则跳过,https://scifinder-n.cas.org/search/reaction/6a58ba6462c3022ca7b601fb/82,https://scifinder-n.cas.org/navigate/?appId=4980667d-7cd2-48eb-9980-0dc6863d3e31&backKey=6a58ba6462c3022ca7b601fb&backToPage=82&cidValue=816&groupOrdinal=1631&groupViewContextIndicator=false&isFromAllResults=false&isFromAlternateReactionSteps=false&isFromReactionGroup=false&key=6a58ba6462c3022ca7b601fb&metricsOrdinal=1631&ordinal=1&resultType=reaction&resultView=DETAIL&state=searchDetail.reaction&suppressNavigation=false&uiContext=366&uiSubContext=551&uriForDetails=multistep-reaction%2Fbbf7473b-7e9c-546e-9e01-f6f279c46cc5&uriForGroup=substance%2Fpt%2F116836987%2Bsubstance%2Fpt%2F56359-%3Esubstance%2Fpt%2F117755858%2Bsubstance%2Fpt%2F117755869%2Bsubstance%2Fpt%2F117755870
82,1632,1,31-354-CAS-14230933,3,skipped,1,多产物反应，按当前课题规则跳过,https://scifinder-n.cas.org/search/reaction/6a58ba6462c3022ca7b601fb/82,https://scifinder-n.cas.org/navigate/?appId=4980667d-7cd2-48eb-9980-0dc6863d3e31&backKey=6a58ba6462c3022ca7b601fb&backToPage=82&cidValue=816&groupOrdinal=1632&groupViewContextIndicator=false&isFromAllResults=false&isFromAlternateReactionSteps=false&isFromReactionGroup=false&key=6a58ba6462c3022ca7b601fb&metricsOrdinal=1632&ordinal=1&resultType=reaction&resultView=DETAIL&state=searchDetail.reaction&suppressNavigation=false&uiContext=366&uiSubContext=551&uriForDetails=multistep-reaction%2Fbf6542ec-340d-5e56-b924-d0b72635c353&uriForGroup=substance%2Fpt%2F282718507%2Bsubstance%2Fpt%2F79301-%3Esubstance%2Fpt%2F1831912118%2Bsubstance%2Fpt%2F1831912129%2Bsubstance%2Fpt%2F1831912130
82,1633,1,31-356-CAS-20333601,3,skipped,1,多产物反应，按当前课题规则跳过,https://scifinder-n.cas.org/search/reaction/6a58ba6462c3022ca7b601fb/82,https://scifinder-n.cas.org/navigate/?appId=4980667d-7cd2-48eb-9980-0dc6863d3e31&backKey=6a58ba6462c3022ca7b601fb&backToPage=82&cidValue=816&groupOrdinal=1633&groupViewContextIndicator=false&isFromAllResults=false&isFromAlternateReactionSteps=false&isFromReactionGroup=false&key=6a58ba6462c3022ca7b601fb&metricsOrdinal=1633&ordinal=1&resultType=reaction&resultView=DETAIL&state=searchDetail.reaction&suppressNavigation=false&uiContext=366&uiSubContext=551&uriForDetails=multistep-reaction%2Fc504c542-2790-529f-b8f0-30cdee7c89a2&uriForGroup=substance%2Fpt%2F131564368%2Bsubstance%2Fpt%2F64197-%3Esubstance%2Fpt%2F147264162%2Bsubstance%2Fpt%2F147332523%2Bsubstance%2Fpt%2F339987530
82,1634,1,31-356-CAS-20333605,3,skipped,1,多产物反应，按当前课题规则跳过,https://scifinder-n.cas.org/search/reaction/6a58ba6462c3022ca7b601fb/82,https://scifinder-n.cas.org/navigate/?appId=4980667d-7cd2-48eb-9980-0dc6863d3e31&backKey=6a58ba6462c3022ca7b601fb&backToPage=82&cidValue=816&groupOrdinal=1634&groupViewContextIndicator=false&isFromAllResults=false&isFromAlternateReactionSteps=false&isFromReactionGroup=false&key=6a58ba6462c3022ca7b601fb&metricsOrdinal=1634&ordinal=1&resultType=reaction&resultView=DETAIL&state=searchDetail.reaction&suppressNavigation=false&uiContext=366&uiSubContext=551&uriForDetails=multistep-reaction%2Fc552385c-4410-58d7-8173-7e9b69cfb905&uriForGroup=substance%2Fpt%2F2360936907%2Bsubstance%2Fpt%2F64197-%3Esubstance%2Fpt%2F2360937068%2Bsubstance%2Fpt%2F2360937079%2Bsubstance%2Fpt%2F2360937682
82,1635,1,31-354-CAS-6754343,3,skipped,1,多产物反应，按当前课题规则跳过,https://scifinder-n.cas.org/search/reaction/6a58ba6462c3022ca7b601fb/82,https://scifinder-n.cas.org/navigate/?appId=4980667d-7cd2-48eb-9980-0dc6863d3e31&backKey=6a58ba6462c3022ca7b601fb&backToPage=82&cidValue=816&groupOrdinal=1635&groupViewContextIndicator=false&isFromAllResults=false&isFromAlternateReactionSteps=false&isFromReactionGroup=false&key=6a58ba6462c3022ca7b601fb&metricsOrdinal=1635&ordinal=1&resultType=reaction&resultView=DETAIL&state=searchDetail.reaction&suppressNavigation=false&uiContext=366&uiSubContext=551&uriForDetails=multistep-reaction%2Fc769e15b-085e-5f9f-a2b2-fd7d1e0becaa&uriForGroup=substance%2Fpt%2F1871767%2Bsubstance%2Fpt%2F57701276-%3Esubstance%2Fpt%2F210912702%2Bsubstance%2Fpt%2F210912713%2Bsubstance%2Fpt%2F210912724
82,1636,1,31-614-CAS-27259470,3,skipped,1,多产物反应，按当前课题规则跳过,https://scifinder-n.cas.org/search/reaction/6a58ba6462c3022ca7b601fb/82,https://scifinder-n.cas.org/navigate/?appId=4980667d-7cd2-48eb-9980-0dc6863d3e31&backKey=6a58ba6462c3022ca7b601fb&backToPage=82&cidValue=816&groupOrdinal=1636&groupViewContextIndicator=false&isFromAllResults=false&isFromAlternateReactionSteps=false&isFromReactionGroup=false&key=6a58ba6462c3022ca7b601fb&metricsOrdinal=1636&ordinal=1&resultType=reaction&resultView=DETAIL&state=searchDetail.reaction&suppressNavigation=false&uiContext=366&uiSubContext=551&uriForDetails=multistep-reaction%2Fca02c572-2928-560d-8c2c-f69cbf17f421&uriForGroup=substance%2Fpt%2F149331033-%3Esubstance%2Fpt%2F149331102%2Bsubstance%2Fpt%2F149331113%2Bsubstance%2Fpt%2F150200387
82,1637,1,31-354-CAS-12997607,3,skipped,1,多产物反应，按当前课题规则跳过,https://scifinder-n.cas.org/search/reaction/6a58ba6462c3022ca7b601fb/82,https://scifinder-n.cas.org/navigate/?appId=4980667d-7cd2-48eb-9980-0dc6863d3e31&backKey=6a58ba6462c3022ca7b601fb&backToPage=82&cidValue=816&groupOrdinal=1637&groupViewContextIndicator=false&isFromAllResults=false&isFromAlternateReactionSteps=false&isFromReactionGroup=false&key=6a58ba6462c3022ca7b601fb&metricsOrdinal=1637&ordinal=1&resultType=reaction&resultView=DETAIL&state=searchDetail.reaction&suppressNavigation=false&uiContext=366&uiSubContext=551&uriForDetails=multistep-reaction%2Fcb472915-ff7d-59fe-9e28-b0dd9daa7ad3&uriForGroup=substance%2Fpt%2F141899538%2Bsubstance%2Fpt%2F3282302-%3Esubstance%2Fpt%2F201056715%2Bsubstance%2Fpt%2F247152654%2Bsubstance%2Fpt%2F247152676
82,1638,1,31-354-CAS-15331036,3,skipped,1,多产物反应，按当前课题规则跳过,https://scifinder-n.cas.org/search/reaction/6a58ba6462c3022ca7b601fb/82,https://scifinder-n.cas.org/navigate/?appId=4980667d-7cd2-48eb-9980-0dc6863d3e31&backKey=6a58ba6462c3022ca7b601fb&backToPage=82&cidValue=816&groupOrdinal=1638&groupViewContextIndicator=false&isFromAllResults=false&isFromAlternateReactionSteps=false&isFromReactionGroup=false&key=6a58ba6462c3022ca7b601fb&metricsOrdinal=1638&ordinal=1&resultType=reaction&resultView=DETAIL&state=searchDetail.reaction&suppressNavigation=false&uiContext=366&uiSubContext=551&uriForDetails=multistep-reaction%2Fd469710f-1223-5cbc-96e9-baa70532ee7d&uriForGroup=substance%2Fpt%2F71117378%2Bsubstance%2Fpt%2F98884-%3Esubstance%2Fpt%2F118246052%2Bsubstance%2Fpt%2F138811322%2Bsubstance%2Fpt%2F804566038
82,1639,1,31-354-CAS-7780379,3,skipped,1,多产物反应，按当前课题规则跳过,https://scifinder-n.cas.org/search/reaction/6a58ba6462c3022ca7b601fb/82,https://scifinder-n.cas.org/navigate/?appId=4980667d-7cd2-48eb-9980-0dc6863d3e31&backKey=6a58ba6462c3022ca7b601fb&backToPage=82&cidValue=816&groupOrdinal=1639&groupViewContextIndicator=false&isFromAllResults=false&isFromAlternateReactionSteps=false&isFromReactionGroup=false&key=6a58ba6462c3022ca7b601fb&metricsOrdinal=1639&ordinal=1&resultType=reaction&resultView=DETAIL&state=searchDetail.reaction&suppressNavigation=false&uiContext=366&uiSubContext=551&uriForDetails=multistep-reaction%2Fd6735735-a2ce-55ed-8dd3-280ff37ad4f7&uriForGroup=substance%2Fpt%2F122043%2Bsubstance%2Fpt%2F282718507-%3Esubstance%2Fpt%2F1831912276%2Bsubstance%2Fpt%2F1831912287%2Bsubstance%2Fpt%2F1831912323
82,1640,1,31-614-CAS-28004409,3,skipped,1,多产物反应，按当前课题规则跳过,https://scifinder-n.cas.org/search/reaction/6a58ba6462c3022ca7b601fb/82,https://scifinder-n.cas.org/navigate/?appId=4980667d-7cd2-48eb-9980-0dc6863d3e31&backKey=6a58ba6462c3022ca7b601fb&backToPage=82&cidValue=816&groupOrdinal=1640&groupViewContextIndicator=false&isFromAllResults=false&isFromAlternateReactionSteps=false&isFromReactionGroup=false&key=6a58ba6462c3022ca7b601fb&metricsOrdinal=1640&ordinal=1&resultType=reaction&resultView=DETAIL&state=searchDetail.reaction&suppressNavigation=false&uiContext=366&uiSubContext=551&uriForDetails=multistep-reaction%2Fdaddbeeb-2a36-5811-abee-efb1b93038d0&uriForGroup=substance%2Fpt%2F7585399%2Bsubstance%2Fpt%2F98599-%3Esubstance%2Fpt%2F138903738%2Bsubstance%2Fpt%2F23734545%2Bsubstance%2Fpt%2F362614833
83,1641,1,31-354-CAS-363123,3,skipped,1,多产物反应，按当前课题规则跳过,https://scifinder-n.cas.org/search/reaction/6a58ba6462c3022ca7b601fb/83,https://scifinder-n.cas.org/navigate/?appId=3bcbf4ba-d450-4d21-b352-f35f859c600e&backKey=6a58ba6462c3022ca7b601fb&backToPage=83&cidValue=816&groupOrdinal=1641&groupViewContextIndicator=false&isFromAllResults=false&isFromAlternateReactionSteps=false&isFromReactionGroup=false&key=6a58ba6462c3022ca7b601fb&metricsOrdinal=1641&ordinal=1&resultType=reaction&resultView=DETAIL&state=searchDetail.reaction&suppressNavigation=false&uiContext=366&uiSubContext=551&uriForDetails=multistep-reaction%2Fdbd5fb18-06c6-534a-8ecf-e81122345f57&uriForGroup=substance%2Fpt%2F1494663261%2Bsubstance%2Fpt%2F609654-%3Esubstance%2Fpt%2F1494663443%2Bsubstance%2Fpt%2F1494663454%2Bsubstance%2Fpt%2F1494663465
83,1642,1,31-354-CAS-2255031,3,skipped,1,多产物反应，按当前课题规则跳过,https://scifinder-n.cas.org/search/reaction/6a58ba6462c3022ca7b601fb/83,https://scifinder-n.cas.org/navigate/?appId=3bcbf4ba-d450-4d21-b352-f35f859c600e&backKey=6a58ba6462c3022ca7b601fb&backToPage=83&cidValue=816&groupOrdinal=1642&groupViewContextIndicator=false&isFromAllResults=false&isFromAlternateReactionSteps=false&isFromReactionGroup=false&key=6a58ba6462c3022ca7b601fb&metricsOrdinal=1642&ordinal=1&resultType=reaction&resultView=DETAIL&state=searchDetail.reaction&suppressNavigation=false&uiContext=366&uiSubContext=551&uriForDetails=multistep-reaction%2Fdf0d8724-6eb4-55da-9275-ad873c12c08d&uriForGroup=substance%2Fpt%2F122010%2Bsubstance%2Fpt%2F1494663261-%3Esubstance%2Fpt%2F1494663341%2Bsubstance%2Fpt%2F1494663352%2Bsubstance%2Fpt%2F1494663374
83,1643,1,31-354-CAS-18777,3,skipped,1,多产物反应，按当前课题规则跳过,https://scifinder-n.cas.org/search/reaction/6a58ba6462c3022ca7b601fb/83,https://scifinder-n.cas.org/navigate/?appId=3bcbf4ba-d450-4d21-b352-f35f859c600e&backKey=6a58ba6462c3022ca7b601fb&backToPage=83&cidValue=816&groupOrdinal=1643&groupViewContextIndicator=false&isFromAllResults=false&isFromAlternateReactionSteps=false&isFromReactionGroup=false&key=6a58ba6462c3022ca7b601fb&metricsOrdinal=1643&ordinal=1&resultType=reaction&resultView=DETAIL&state=searchDetail.reaction&suppressNavigation=false&uiContext=366&uiSubContext=551&uriForDetails=multistep-reaction%2Fe444ffbe-7c9a-59de-8b7b-abd2f47d1199&uriForGroup=substance%2Fpt%2F1005567%2Bsubstance%2Fpt%2F1011723015-%3Esubstance%2Fpt%2F1011723026%2Bsubstance%2Fpt%2F1011723037%2Bsubstance%2Fpt%2F1011723060
83,1644,1,31-354-CAS-4668528,3,skipped,1,多产物反应，按当前课题规则跳过,https://scifinder-n.cas.org/search/reaction/6a58ba6462c3022ca7b601fb/83,https://scifinder-n.cas.org/navigate/?appId=3bcbf4ba-d450-4d21-b352-f35f859c600e&backKey=6a58ba6462c3022ca7b601fb&backToPage=83&cidValue=816&groupOrdinal=1644&groupViewContextIndicator=false&isFromAllResults=false&isFromAlternateReactionSteps=false&isFromReactionGroup=false&key=6a58ba6462c3022ca7b601fb&metricsOrdinal=1644&ordinal=1&resultType=reaction&resultView=DETAIL&state=searchDetail.reaction&suppressNavigation=false&uiContext=366&uiSubContext=551&uriForDetails=multistep-reaction%2Fe59c3347-68ad-54e0-9e72-97ec43f67b06&uriForGroup=substance%2Fpt%2F1494663261%2Bsubstance%2Fpt%2F79038-%3Esubstance%2Fpt%2F1494663501%2Bsubstance%2Fpt%2F1494663512%2Bsubstance%2Fpt%2F1494663523
83,1645,1,31-354-CAS-4433119,3,skipped,1,多产物反应，按当前课题规则跳过,https://scifinder-n.cas.org/search/reaction/6a58ba6462c3022ca7b601fb/83,https://scifinder-n.cas.org/navigate/?appId=3bcbf4ba-d450-4d21-b352-f35f859c600e&backKey=6a58ba6462c3022ca7b601fb&backToPage=83&cidValue=816&groupOrdinal=1645&groupViewContextIndicator=false&isFromAllResults=false&isFromAlternateReactionSteps=false&isFromReactionGroup=false&key=6a58ba6462c3022ca7b601fb&metricsOrdinal=1645&ordinal=1&resultType=reaction&resultView=DETAIL&state=searchDetail.reaction&suppressNavigation=false&uiContext=366&uiSubContext=551&uriForDetails=multistep-reaction%2Ff446fdb9-10af-5967-9a7f-045ed546cfed&uriForGroup=substance%2Fpt%2F122043%2Bsubstance%2Fpt%2F1494663261-%3Esubstance%2Fpt%2F1494663385%2Bsubstance%2Fpt%2F1494663396%2Bsubstance%2Fpt%2F1494663409
83,1646,1,31-355-CAS-13821847,3,skipped,1,多产物反应，按当前课题规则跳过,https://scifinder-n.cas.org/search/reaction/6a58ba6462c3022ca7b601fb/83,https://scifinder-n.cas.org/navigate/?appId=3bcbf4ba-d450-4d21-b352-f35f859c600e&backKey=6a58ba6462c3022ca7b601fb&backToPage=83&cidValue=816&groupOrdinal=1646&groupViewContextIndicator=false&isFromAllResults=false&isFromAlternateReactionSteps=false&isFromReactionGroup=false&key=6a58ba6462c3022ca7b601fb&metricsOrdinal=1646&ordinal=1&resultType=reaction&resultView=DETAIL&state=searchDetail.reaction&suppressNavigation=false&uiContext=366&uiSubContext=551&uriForDetails=multistep-reaction%2Ff613a53f-391d-5010-a109-1cd343eb9a02&uriForGroup=substance%2Fpt%2F108247%2Bsubstance%2Fpt%2F73045575-%3Esubstance%2Fpt%2F93636294%2Bsubstance%2Fpt%2F93636307%2Bsubstance%2Fpt%2F93636318
83,1647,1,31-614-CAS-27373153,3,skipped,1,多产物反应，按当前课题规则跳过,https://scifinder-n.cas.org/search/reaction/6a58ba6462c3022ca7b601fb/83,https://scifinder-n.cas.org/navigate/?appId=3bcbf4ba-d450-4d21-b352-f35f859c600e&backKey=6a58ba6462c3022ca7b601fb&backToPage=83&cidValue=816&groupOrdinal=1647&groupViewContextIndicator=false&isFromAllResults=false&isFromAlternateReactionSteps=false&isFromReactionGroup=false&key=6a58ba6462c3022ca7b601fb&metricsOrdinal=1647&ordinal=1&resultType=reaction&resultView=DETAIL&state=searchDetail.reaction&suppressNavigation=false&uiContext=366&uiSubContext=551&uriForDetails=multistep-reaction%2Ff899746e-4008-55df-8c64-77e2ba262964&uriForGroup=substance%2Fpt%2F113566679%2Bsubstance%2Fpt%2F113566680%2Bsubstance%2Fpt%2F1486471-%3Esubstance%2Fpt%2F1661858678%2Bsubstance%2Fpt%2F1661858689%2Bsubstance%2Fpt%2F1661858792
83,1648,1,31-355-CAS-15835193,3,skipped,1,多产物反应，按当前课题规则跳过,https://scifinder-n.cas.org/search/reaction/6a58ba6462c3022ca7b601fb/83,https://scifinder-n.cas.org/navigate/?appId=3bcbf4ba-d450-4d21-b352-f35f859c600e&backKey=6a58ba6462c3022ca7b601fb&backToPage=83&cidValue=816&groupOrdinal=1648&groupViewContextIndicator=false&isFromAllResults=false&isFromAlternateReactionSteps=false&isFromReactionGroup=false&key=6a58ba6462c3022ca7b601fb&metricsOrdinal=1648&ordinal=1&resultType=reaction&resultView=DETAIL&state=searchDetail.reaction&suppressNavigation=false&uiContext=366&uiSubContext=551&uriForDetails=multistep-reaction%2F02cc2d4c-5fee-508f-b9f5-ee1cbb6b7656&uriForGroup=substance%2Fpt%2F395082992%2Bsubstance%2Fpt%2F93970-%3Esubstance%2Fpt%2F1889230765%2Bsubstance%2Fpt%2F1889230776%2Bsubstance%2Fpt%2F1889230787
83,1648,2,31-355-CAS-15837127,3,skipped,1,多产物反应，按当前课题规则跳过,https://scifinder-n.cas.org/search/reaction/6a58ba6462c3022ca7b601fb/83,https://scifinder-n.cas.org/navigate/?appId=3bcbf4ba-d450-4d21-b352-f35f859c600e&backKey=6a58ba6462c3022ca7b601fb&backToPage=83&cidValue=816&groupOrdinal=1648&groupViewContextIndicator=false&isFromAllResults=false&isFromAlternateReactionSteps=false&isFromReactionGroup=false&key=6a58ba6462c3022ca7b601fb&metricsOrdinal=1648&ordinal=2&resultType=reaction&resultView=DETAIL&state=searchDetail.reaction&suppressNavigation=false&uiContext=366&uiSubContext=551&uriForDetails=multistep-reaction%2F0442ba4a-1c1e-550a-8664-4a276847720c&uriForGroup=substance%2Fpt%2F395082992%2Bsubstance%2Fpt%2F93970-%3Esubstance%2Fpt%2F1889230765%2Bsubstance%2Fpt%2F1889230776%2Bsubstance%2Fpt%2F1889230787
83,1648,3,31-355-CAS-15938287,3,skipped,1,多产物反应，按当前课题规则跳过,https://scifinder-n.cas.org/search/reaction/6a58ba6462c3022ca7b601fb/83,https://scifinder-n.cas.org/navigate/?appId=3bcbf4ba-d450-4d21-b352-f35f859c600e&backKey=6a58ba6462c3022ca7b601fb&backToPage=83&cidValue=816&groupOrdinal=1648&groupViewContextIndicator=false&isFromAllResults=false&isFromAlternateReactionSteps=false&isFromReactionGroup=false&key=6a58ba6462c3022ca7b601fb&metricsOrdinal=1648&ordinal=3&resultType=reaction&resultView=DETAIL&state=searchDetail.reaction&suppressNavigation=false&uiContext=366&uiSubContext=551&uriForDetails=multistep-reaction%2F0613ab89-060b-526e-801c-31d0b4d4768e&uriForGroup=substance%2Fpt%2F395082992%2Bsubstance%2Fpt%2F93970-%3Esubstance%2Fpt%2F1889230765%2Bsubstance%2Fpt%2F1889230776%2Bsubstance%2Fpt%2F1889230787
83,1649,1,31-354-CAS-2919485,3,skipped,1,多产物反应，按当前课题规则跳过,https://scifinder-n.cas.org/search/reaction/6a58ba6462c3022ca7b601fb/83,https://scifinder-n.cas.org/navigate/?appId=3bcbf4ba-d450-4d21-b352-f35f859c600e&backKey=6a58ba6462c3022ca7b601fb&backToPage=83&cidValue=816&groupOrdinal=1649&groupViewContextIndicator=false&isFromAllResults=false&isFromAlternateReactionSteps=false&isFromReactionGroup=false&key=6a58ba6462c3022ca7b601fb&metricsOrdinal=1649&ordinal=1&resultType=reaction&resultView=DETAIL&state=searchDetail.reaction&suppressNavigation=false&uiContext=366&uiSubContext=551&uriForDetails=multistep-reaction%2Ffd24680d-4dcd-5963-b84c-4abe475cfd7e&uriForGroup=substance%2Fpt%2F282718507%2Bsubstance%2Fpt%2F99332-%3Esubstance%2Fpt%2F1831912298%2Bsubstance%2Fpt%2F1831912301%2Bsubstance%2Fpt%2F1831912312
83,1650,1,31-011-CAS-14956183,3,skipped,1,多产物反应，按当前课题规则跳过,https://scifinder-n.cas.org/search/reaction/6a58ba6462c3022ca7b601fb/83,https://scifinder-n.cas.org/navigate/?appId=3bcbf4ba-d450-4d21-b352-f35f859c600e&backKey=6a58ba6462c3022ca7b601fb&backToPage=83&cidValue=816&groupOrdinal=1650&groupViewContextIndicator=false&isFromAllResults=false&isFromAlternateReactionSteps=false&isFromReactionGroup=false&key=6a58ba6462c3022ca7b601fb&metricsOrdinal=1650&ordinal=1&resultType=reaction&resultView=DETAIL&state=searchDetail.reaction&suppressNavigation=false&uiContext=366&uiSubContext=551&uriForDetails=multistep-reaction%2Ffe5d6a90-bdba-5fc9-aff1-0c94095e3694&uriForGroup=substance%2Fpt%2F149331055-%3Esubstance%2Fpt%2F149331146%2Bsubstance%2Fpt%2F149331157%2Bsubstance%2Fpt%2F149331168
83,1651,1,31-236-CAS-811528,3,skipped,1,多产物反应，按当前课题规则跳过,https://scifinder-n.cas.org/search/reaction/6a58ba6462c3022ca7b601fb/83,https://scifinder-n.cas.org/navigate/?appId=3bcbf4ba-d450-4d21-b352-f35f859c600e&backKey=6a58ba6462c3022ca7b601fb&backToPage=83&cidValue=816&groupOrdinal=1651&groupViewContextIndicator=false&isFromAllResults=false&isFromAlternateReactionSteps=false&isFromReactionGroup=false&key=6a58ba6462c3022ca7b601fb&metricsOrdinal=1651&ordinal=1&resultType=reaction&resultView=DETAIL&state=searchDetail.reaction&suppressNavigation=false&uiContext=366&uiSubContext=551&uriForDetails=multistep-reaction%2Ffff258b8-4b38-5f52-9ddb-3400f208f1d6&uriForGroup=substance%2Fpt%2F3162967%2Bsubstance%2Fpt%2F525064-%3Esubstance%2Fpt%2F250592235%2Bsubstance%2Fpt%2F250592246%2Bsubstance%2Fpt%2F250592257
83,1652,1,31-354-CAS-11969948,4,skipped,1,多产物反应，按当前课题规则跳过,https://scifinder-n.cas.org/search/reaction/6a58ba6462c3022ca7b601fb/83,https://scifinder-n.cas.org/navigate/?appId=3bcbf4ba-d450-4d21-b352-f35f859c600e&backKey=6a58ba6462c3022ca7b601fb&backToPage=83&cidValue=816&groupOrdinal=1652&groupViewContextIndicator=false&isFromAllResults=false&isFromAlternateReactionSteps=false&isFromReactionGroup=false&key=6a58ba6462c3022ca7b601fb&metricsOrdinal=1652&ordinal=1&resultType=reaction&resultView=DETAIL&state=searchDetail.reaction&suppressNavigation=false&uiContext=366&uiSubContext=551&uriForDetails=multistep-reaction%2F23debbca-6c8f-5c19-845c-34073a57cb9c&uriForGroup=substance%2Fpt%2F1005567%2Bsubstance%2Fpt%2F57701276-%3Esubstance%2Fpt%2F1011722987%2Bsubstance%2Fpt%2F1011722998%2Bsubstance%2Fpt%2F1011723004%2Bsubstance%2Fpt%2F156540259
83,1652,2,31-354-CAS-14089742,4,skipped,1,多产物反应，按当前课题规则跳过,https://scifinder-n.cas.org/search/reaction/6a58ba6462c3022ca7b601fb/83,https://scifinder-n.cas.org/navigate/?appId=3bcbf4ba-d450-4d21-b352-f35f859c600e&backKey=6a58ba6462c3022ca7b601fb&backToPage=83&cidValue=816&groupOrdinal=1652&groupViewContextIndicator=false&isFromAllResults=false&isFromAlternateReactionSteps=false&isFromReactionGroup=false&key=6a58ba6462c3022ca7b601fb&metricsOrdinal=1652&ordinal=2&resultType=reaction&resultView=DETAIL&state=searchDetail.reaction&suppressNavigation=false&uiContext=366&uiSubContext=551&uriForDetails=multistep-reaction%2Fd3efc157-7fe4-5232-8c57-42328f4be24e&uriForGroup=substance%2Fpt%2F1005567%2Bsubstance%2Fpt%2F57701276-%3Esubstance%2Fpt%2F1011722987%2Bsubstance%2Fpt%2F1011722998%2Bsubstance%2Fpt%2F1011723004%2Bsubstance%2Fpt%2F156540259
83,1653,1,31-013-CAS-11379782,4,skipped,1,多产物反应，按当前课题规则跳过,https://scifinder-n.cas.org/search/reaction/6a58ba6462c3022ca7b601fb/83,https://scifinder-n.cas.org/navigate/?appId=3bcbf4ba-d450-4d21-b352-f35f859c600e&backKey=6a58ba6462c3022ca7b601fb&backToPage=83&cidValue=816&groupOrdinal=1653&groupViewContextIndicator=false&isFromAllResults=false&isFromAlternateReactionSteps=false&isFromReactionGroup=false&key=6a58ba6462c3022ca7b601fb&metricsOrdinal=1653&ordinal=1&resultType=reaction&resultView=DETAIL&state=searchDetail.reaction&suppressNavigation=false&uiContext=366&uiSubContext=551&uriForDetails=multistep-reaction%2F58ab7c49-64a5-55f8-9beb-13bb5c6c8ddc&uriForGroup=substance%2Fpt%2F74808096%2Bsubstance%2Fpt%2F79549749-%3Esubstance%2Fpt%2F155417791%2Bsubstance%2Fpt%2F155417804%2Bsubstance%2Fpt%2F155417815%2Bsubstance%2Fpt%2F155417826
83,1654,1,31-544-CAS-9289520,4,skipped,1,多产物反应，按当前课题规则跳过,https://scifinder-n.cas.org/search/reaction/6a58ba6462c3022ca7b601fb/83,https://scifinder-n.cas.org/navigate/?appId=3bcbf4ba-d450-4d21-b352-f35f859c600e&backKey=6a58ba6462c3022ca7b601fb&backToPage=83&cidValue=816&groupOrdinal=1654&groupViewContextIndicator=false&isFromAllResults=false&isFromAlternateReactionSteps=false&isFromReactionGroup=false&key=6a58ba6462c3022ca7b601fb&metricsOrdinal=1654&ordinal=1&resultType=reaction&resultView=DETAIL&state=searchDetail.reaction&suppressNavigation=false&uiContext=366&uiSubContext=551&uriForDetails=multistep-reaction%2Feba6b658-6843-5b04-bdb2-588c84ebf400&uriForGroup=substance%2Fpt%2F126709146%2Bsubstance%2Fpt%2F79549749-%3Esubstance%2Fpt%2F155417791%2Bsubstance%2Fpt%2F155417804%2Bsubstance%2Fpt%2F155417815%2Bsubstance%2Fpt%2F155417826
83,1655,1,31-614-CAS-43802787,4,skipped,1,多产物反应，按当前课题规则跳过,https://scifinder-n.cas.org/search/reaction/6a58ba6462c3022ca7b601fb/83,https://scifinder-n.cas.org/navigate/?appId=3bcbf4ba-d450-4d21-b352-f35f859c600e&backKey=6a58ba6462c3022ca7b601fb&backToPage=83&cidValue=816&groupOrdinal=1655&groupViewContextIndicator=false&isFromAllResults=false&isFromAlternateReactionSteps=false&isFromReactionGroup=false&key=6a58ba6462c3022ca7b601fb&metricsOrdinal=1655&ordinal=1&resultType=reaction&resultView=DETAIL&state=searchDetail.reaction&suppressNavigation=false&uiContext=366&uiSubContext=551&uriForDetails=multistep-reaction%2F4fa887a5-fd3c-503e-a894-e69794666177&uriForGroup=substance%2Fpt%2F71117367%2Bsubstance%2Fpt%2F90357894-%3Esubstance%2Fpt%2F3070151457%2Bsubstance%2Fpt%2F3070151468%2Bsubstance%2Fpt%2F3070151479%2Bsubstance%2Fpt%2F851963343
83,1656,1,31-008-CAS-19557129,4,skipped,1,多产物反应，按当前课题规则跳过,https://scifinder-n.cas.org/search/reaction/6a58ba6462c3022ca7b601fb/83,https://scifinder-n.cas.org/navigate/?appId=3bcbf4ba-d450-4d21-b352-f35f859c600e&backKey=6a58ba6462c3022ca7b601fb&backToPage=83&cidValue=816&groupOrdinal=1656&groupViewContextIndicator=false&isFromAllResults=false&isFromAlternateReactionSteps=false&isFromReactionGroup=false&key=6a58ba6462c3022ca7b601fb&metricsOrdinal=1656&ordinal=1&resultType=reaction&resultView=DETAIL&state=searchDetail.reaction&suppressNavigation=false&uiContext=366&uiSubContext=551&uriForDetails=multistep-reaction%2Fd1f87fe1-edb0-5149-a32f-8bcee3d94f27&uriForGroup=substance%2Fpt%2F100390%2Bsubstance%2Fpt%2F2254754102%2Bsubstance%2Fpt%2F2254754113-%3Esubstance%2Fpt%2F2254754204%2Bsubstance%2Fpt%2F2254754215%2Bsubstance%2Fpt%2F2254754226%2Bsubstance%2Fpt%2F2254754237
83,1657,1,31-008-CAS-19557128,4,skipped,1,多产物反应，按当前课题规则跳过,https://scifinder-n.cas.org/search/reaction/6a58ba6462c3022ca7b601fb/83,https://scifinder-n.cas.org/navigate/?appId=3bcbf4ba-d450-4d21-b352-f35f859c600e&backKey=6a58ba6462c3022ca7b601fb&backToPage=83&cidValue=816&groupOrdinal=1657&groupViewContextIndicator=false&isFromAllResults=false&isFromAlternateReactionSteps=false&isFromReactionGroup=false&key=6a58ba6462c3022ca7b601fb&metricsOrdinal=1657&ordinal=1&resultType=reaction&resultView=DETAIL&state=searchDetail.reaction&suppressNavigation=false&uiContext=366&uiSubContext=551&uriForDetails=multistep-reaction%2Fefc77e6d-47cf-5072-bf3c-ae54a5d070f3&uriForGroup=substance%2Fpt%2F100390%2Bsubstance%2Fpt%2F2254754088%2Bsubstance%2Fpt%2F2254754099-%3Esubstance%2Fpt%2F2254754168%2Bsubstance%2Fpt%2F2254754179%2Bsubstance%2Fpt%2F2254754180%2Bsubstance%2Fpt%2F2254754191
83,1658,1,31-008-CAS-19557127,4,skipped,1,多产物反应，按当前课题规则跳过,https://scifinder-n.cas.org/search/reaction/6a58ba6462c3022ca7b601fb/83,https://scifinder-n.cas.org/navigate/?appId=3bcbf4ba-d450-4d21-b352-f35f859c600e&backKey=6a58ba6462c3022ca7b601fb&backToPage=83&cidValue=816&groupOrdinal=1658&groupViewContextIndicator=false&isFromAllResults=false&isFromAlternateReactionSteps=false&isFromReactionGroup=false&key=6a58ba6462c3022ca7b601fb&metricsOrdinal=1658&ordinal=1&resultType=reaction&resultView=DETAIL&state=searchDetail.reaction&suppressNavigation=false&uiContext=366&uiSubContext=551&uriForDetails=multistep-reaction%2Ffda842b1-2c51-5208-aa03-ff62b2d162ae&uriForGroup=substance%2Fpt%2F100390%2Bsubstance%2Fpt%2F2254754066%2Bsubstance%2Fpt%2F2254754077-%3Esubstance%2Fpt%2F2254754124%2Bsubstance%2Fpt%2F2254754135%2Bsubstance%2Fpt%2F2254754146%2Bsubstance%2Fpt%2F2254754157
83,1659,1,31-614-CAS-43802783,4,skipped,1,多产物反应，按当前课题规则跳过,https://scifinder-n.cas.org/search/reaction/6a58ba6462c3022ca7b601fb/83,https://scifinder-n.cas.org/navigate/?appId=3bcbf4ba-d450-4d21-b352-f35f859c600e&backKey=6a58ba6462c3022ca7b601fb&backToPage=83&cidValue=816&groupOrdinal=1659&groupViewContextIndicator=false&isFromAllResults=false&isFromAlternateReactionSteps=false&isFromReactionGroup=false&key=6a58ba6462c3022ca7b601fb&metricsOrdinal=1659&ordinal=1&resultType=reaction&resultView=DETAIL&state=searchDetail.reaction&suppressNavigation=false&uiContext=366&uiSubContext=551&uriForDetails=multistep-reaction%2F3bcb6087-9fff-5fb1-ab18-2e6583c73900&uriForGroup=substance%2Fpt%2F71117367%2Bsubstance%2Fpt%2F74808096-%3Esubstance%2Fpt%2F3070151457%2Bsubstance%2Fpt%2F3070151468%2Bsubstance%2Fpt%2F3070151479%2Bsubstance%2Fpt%2F851963343
83,1660,1,31-008-CAS-13998232,4,skipped,1,多产物反应，按当前课题规则跳过,https://scifinder-n.cas.org/search/reaction/6a58ba6462c3022ca7b601fb/83,https://scifinder-n.cas.org/navigate/?appId=3bcbf4ba-d450-4d21-b352-f35f859c600e&backKey=6a58ba6462c3022ca7b601fb&backToPage=83&cidValue=816&groupOrdinal=1660&groupViewContextIndicator=false&isFromAllResults=false&isFromAlternateReactionSteps=false&isFromReactionGroup=false&key=6a58ba6462c3022ca7b601fb&metricsOrdinal=1660&ordinal=1&resultType=reaction&resultView=DETAIL&state=searchDetail.reaction&suppressNavigation=false&uiContext=366&uiSubContext=551&uriForDetails=multistep-reaction%2Fbea1f1ca-1e47-5680-a1dd-2784b7cd9886&uriForGroup=substance%2Fpt%2F106711528%2Bsubstance%2Fpt%2F131589929-%3Esubstance%2Fpt%2F114827973%2Bsubstance%2Fpt%2F114827984%2Bsubstance%2Fpt%2F114827995%2Bsubstance%2Fpt%2F131589918
84,1661,1,31-614-CAS-30653650,4,skipped,1,多产物反应，按当前课题规则跳过,https://scifinder-n.cas.org/search/reaction/6a58ba6462c3022ca7b601fb/84,https://scifinder-n.cas.org/navigate/?appId=6e86077a-1994-473c-b013-81d137f44d25&backKey=6a58ba6462c3022ca7b601fb&backToPage=84&cidValue=816&groupOrdinal=1661&groupViewContextIndicator=false&isFromAllResults=false&isFromAlternateReactionSteps=false&isFromReactionGroup=false&key=6a58ba6462c3022ca7b601fb&metricsOrdinal=1661&ordinal=1&resultType=reaction&resultView=DETAIL&state=searchDetail.reaction&suppressNavigation=false&uiContext=366&uiSubContext=551&uriForDetails=multistep-reaction%2F96f503ab-0e31-5f55-b23a-d6889e30f136&uriForGroup=substance%2Fpt%2F218165801-%3Esubstance%2Fpt%2F10501163%2Bsubstance%2Fpt%2F262378701%2Bsubstance%2Fpt%2F262378712%2Bsubstance%2Fpt%2F281232
84,1662,1,31-354-CAS-2079234,4,skipped,1,多产物反应，按当前课题规则跳过,https://scifinder-n.cas.org/search/reaction/6a58ba6462c3022ca7b601fb/84,https://scifinder-n.cas.org/navigate/?appId=6e86077a-1994-473c-b013-81d137f44d25&backKey=6a58ba6462c3022ca7b601fb&backToPage=84&cidValue=816&groupOrdinal=1662&groupViewContextIndicator=false&isFromAllResults=false&isFromAlternateReactionSteps=false&isFromReactionGroup=false&key=6a58ba6462c3022ca7b601fb&metricsOrdinal=1662&ordinal=1&resultType=reaction&resultView=DETAIL&state=searchDetail.reaction&suppressNavigation=false&uiContext=366&uiSubContext=551&uriForDetails=multistep-reaction%2F2d1a4a56-e0bf-5a09-9116-18785b0652b6&uriForGroup=substance%2Fpt%2F25019696%2Bsubstance%2Fpt%2F7535151-%3Esubstance%2Fpt%2F392663922%2Bsubstance%2Fpt%2F392663999%2Bsubstance%2Fpt%2F392664016%2Bsubstance%2Fpt%2F392664038
84,1663,1,31-010-CAS-10702765,4,skipped,1,多产物反应，按当前课题规则跳过,https://scifinder-n.cas.org/search/reaction/6a58ba6462c3022ca7b601fb/84,https://scifinder-n.cas.org/navigate/?appId=6e86077a-1994-473c-b013-81d137f44d25&backKey=6a58ba6462c3022ca7b601fb&backToPage=84&cidValue=816&groupOrdinal=1663&groupViewContextIndicator=false&isFromAllResults=false&isFromAlternateReactionSteps=false&isFromReactionGroup=false&key=6a58ba6462c3022ca7b601fb&metricsOrdinal=1663&ordinal=1&resultType=reaction&resultView=DETAIL&state=searchDetail.reaction&suppressNavigation=false&uiContext=366&uiSubContext=551&uriForDetails=multistep-reaction%2Fe7fdbfb7-b5dc-53bf-871f-6e1116bc810e&uriForGroup=substance%2Fpt%2F119237966%2Bsubstance%2Fpt%2F155836036-%3Esubstance%2Fpt%2F155739756%2Bsubstance%2Fpt%2F155835953%2Bsubstance%2Fpt%2F155835975%2Bsubstance%2Fpt%2F71684167
84,1664,1,31-392-CAS-12552395,4,skipped,1,多产物反应，按当前课题规则跳过,https://scifinder-n.cas.org/search/reaction/6a58ba6462c3022ca7b601fb/84,https://scifinder-n.cas.org/navigate/?appId=6e86077a-1994-473c-b013-81d137f44d25&backKey=6a58ba6462c3022ca7b601fb&backToPage=84&cidValue=816&groupOrdinal=1664&groupViewContextIndicator=false&isFromAllResults=false&isFromAlternateReactionSteps=false&isFromReactionGroup=false&key=6a58ba6462c3022ca7b601fb&metricsOrdinal=1664&ordinal=1&resultType=reaction&resultView=DETAIL&state=searchDetail.reaction&suppressNavigation=false&uiContext=366&uiSubContext=551&uriForDetails=multistep-reaction%2Fc1afa234-9aba-52c7-a2a3-1d0c9139a39d&uriForGroup=substance%2Fpt%2F7585399%2Bsubstance%2Fpt%2F98599-%3Esubstance%2Fpt%2F126113711%2Bsubstance%2Fpt%2F126113722%2Bsubstance%2Fpt%2F126138758%2Bsubstance%2Fpt%2F84216717
84,1665,1,31-614-CAS-30051972,4,skipped,1,多产物反应，按当前课题规则跳过,https://scifinder-n.cas.org/search/reaction/6a58ba6462c3022ca7b601fb/84,https://scifinder-n.cas.org/navigate/?appId=6e86077a-1994-473c-b013-81d137f44d25&backKey=6a58ba6462c3022ca7b601fb&backToPage=84&cidValue=816&groupOrdinal=1665&groupViewContextIndicator=false&isFromAllResults=false&isFromAlternateReactionSteps=false&isFromReactionGroup=false&key=6a58ba6462c3022ca7b601fb&metricsOrdinal=1665&ordinal=1&resultType=reaction&resultView=DETAIL&state=searchDetail.reaction&suppressNavigation=false&uiContext=366&uiSubContext=551&uriForDetails=multistep-reaction%2F1f03847b-5f2b-587d-bd32-473be7d0f3c1&uriForGroup=substance%2Fpt%2F108247%2Bsubstance%2Fpt%2F14641931-%3Esubstance%2Fpt%2F1644246070%2Bsubstance%2Fpt%2F1644246081%2Bsubstance%2Fpt%2F34213326%2Bsubstance%2Fpt%2F6291425
84,1666,1,31-236-CAS-6997106,4,skipped,1,多产物反应，按当前课题规则跳过,https://scifinder-n.cas.org/search/reaction/6a58ba6462c3022ca7b601fb/84,https://scifinder-n.cas.org/navigate/?appId=6e86077a-1994-473c-b013-81d137f44d25&backKey=6a58ba6462c3022ca7b601fb&backToPage=84&cidValue=816&groupOrdinal=1666&groupViewContextIndicator=false&isFromAllResults=false&isFromAlternateReactionSteps=false&isFromReactionGroup=false&key=6a58ba6462c3022ca7b601fb&metricsOrdinal=1666&ordinal=1&resultType=reaction&resultView=DETAIL&state=searchDetail.reaction&suppressNavigation=false&uiContext=366&uiSubContext=551&uriForDetails=multistep-reaction%2F26f6f027-881d-572a-8a2d-d1642026db96&uriForGroup=substance%2Fpt%2F110872%2Bsubstance%2Fpt%2F1532547800-%3Esubstance%2Fpt%2F1532548018%2Bsubstance%2Fpt%2F1532548029%2Bsubstance%2Fpt%2F1532548030%2Bsubstance%2Fpt%2F1532548041
84,1667,1,31-236-CAS-11863998,4,skipped,1,多产物反应，按当前课题规则跳过,https://scifinder-n.cas.org/search/reaction/6a58ba6462c3022ca7b601fb/84,https://scifinder-n.cas.org/navigate/?appId=6e86077a-1994-473c-b013-81d137f44d25&backKey=6a58ba6462c3022ca7b601fb&backToPage=84&cidValue=816&groupOrdinal=1667&groupViewContextIndicator=false&isFromAllResults=false&isFromAlternateReactionSteps=false&isFromReactionGroup=false&key=6a58ba6462c3022ca7b601fb&metricsOrdinal=1667&ordinal=1&resultType=reaction&resultView=DETAIL&state=searchDetail.reaction&suppressNavigation=false&uiContext=366&uiSubContext=551&uriForDetails=multistep-reaction%2F00ee6f6d-60d4-5fcc-b7a5-c1ae307267d2&uriForGroup=substance%2Fpt%2F110872%2Bsubstance%2Fpt%2F87508176-%3Esubstance%2Fpt%2F1532547968%2Bsubstance%2Fpt%2F1532547979%2Bsubstance%2Fpt%2F1532547980%2Bsubstance%2Fpt%2F1532548007
84,1667,2,31-236-CAS-590237,4,skipped,1,多产物反应，按当前课题规则跳过,https://scifinder-n.cas.org/search/reaction/6a58ba6462c3022ca7b601fb/84,https://scifinder-n.cas.org/navigate/?appId=6e86077a-1994-473c-b013-81d137f44d25&backKey=6a58ba6462c3022ca7b601fb&backToPage=84&cidValue=816&groupOrdinal=1667&groupViewContextIndicator=false&isFromAllResults=false&isFromAlternateReactionSteps=false&isFromReactionGroup=false&key=6a58ba6462c3022ca7b601fb&metricsOrdinal=1667&ordinal=2&resultType=reaction&resultView=DETAIL&state=searchDetail.reaction&suppressNavigation=false&uiContext=366&uiSubContext=551&uriForDetails=multistep-reaction%2F59128f08-c794-5d83-949e-8b0d43bfda21&uriForGroup=substance%2Fpt%2F110872%2Bsubstance%2Fpt%2F87508176-%3Esubstance%2Fpt%2F1532547968%2Bsubstance%2Fpt%2F1532547979%2Bsubstance%2Fpt%2F1532547980%2Bsubstance%2Fpt%2F1532548007
84,1668,1,31-013-CAS-6923785,4,skipped,1,多产物反应，按当前课题规则跳过,https://scifinder-n.cas.org/search/reaction/6a58ba6462c3022ca7b601fb/84,https://scifinder-n.cas.org/navigate/?appId=6e86077a-1994-473c-b013-81d137f44d25&backKey=6a58ba6462c3022ca7b601fb&backToPage=84&cidValue=816&groupOrdinal=1668&groupViewContextIndicator=false&isFromAllResults=false&isFromAlternateReactionSteps=false&isFromReactionGroup=false&key=6a58ba6462c3022ca7b601fb&metricsOrdinal=1668&ordinal=1&resultType=reaction&resultView=DETAIL&state=searchDetail.reaction&suppressNavigation=false&uiContext=366&uiSubContext=551&uriForDetails=multistep-reaction%2F5efba1d6-b1d8-5e2c-a206-edec5b9eb950&uriForGroup=substance%2Fpt%2F113533736%2Bsubstance%2Fpt%2F57701276-%3Esubstance%2Fpt%2F200129697%2Bsubstance%2Fpt%2F417706004%2Bsubstance%2Fpt%2F417706015%2Bsubstance%2Fpt%2F495413768
84,1669,1,31-354-CAS-2500829,4,skipped,1,多产物反应，按当前课题规则跳过,https://scifinder-n.cas.org/search/reaction/6a58ba6462c3022ca7b601fb/84,https://scifinder-n.cas.org/navigate/?appId=6e86077a-1994-473c-b013-81d137f44d25&backKey=6a58ba6462c3022ca7b601fb&backToPage=84&cidValue=816&groupOrdinal=1669&groupViewContextIndicator=false&isFromAllResults=false&isFromAlternateReactionSteps=false&isFromReactionGroup=false&key=6a58ba6462c3022ca7b601fb&metricsOrdinal=1669&ordinal=1&resultType=reaction&resultView=DETAIL&state=searchDetail.reaction&suppressNavigation=false&uiContext=366&uiSubContext=551&uriForDetails=multistep-reaction%2F3db2d164-1010-5cba-8d0f-3bcff23b8af6&uriForGroup=substance%2Fpt%2F1005567%2Bsubstance%2Fpt%2F71117378-%3Esubstance%2Fpt%2F1011722885%2Bsubstance%2Fpt%2F1011722896%2Bsubstance%2Fpt%2F1011722909%2Bsubstance%2Fpt%2F1011722910
84,1669,2,31-354-CAS-4634455,4,skipped,1,多产物反应，按当前课题规则跳过,https://scifinder-n.cas.org/search/reaction/6a58ba6462c3022ca7b601fb/84,https://scifinder-n.cas.org/navigate/?appId=6e86077a-1994-473c-b013-81d137f44d25&backKey=6a58ba6462c3022ca7b601fb&backToPage=84&cidValue=816&groupOrdinal=1669&groupViewContextIndicator=false&isFromAllResults=false&isFromAlternateReactionSteps=false&isFromReactionGroup=false&key=6a58ba6462c3022ca7b601fb&metricsOrdinal=1669&ordinal=2&resultType=reaction&resultView=DETAIL&state=searchDetail.reaction&suppressNavigation=false&uiContext=366&uiSubContext=551&uriForDetails=multistep-reaction%2Fa069b7c4-45ec-5093-b705-7c815533944e&uriForGroup=substance%2Fpt%2F1005567%2Bsubstance%2Fpt%2F71117378-%3Esubstance%2Fpt%2F1011722885%2Bsubstance%2Fpt%2F1011722896%2Bsubstance%2Fpt%2F1011722909%2Bsubstance%2Fpt%2F1011722910
84,1670,1,31-544-CAS-13557533,4,skipped,1,多产物反应，按当前课题规则跳过,https://scifinder-n.cas.org/search/reaction/6a58ba6462c3022ca7b601fb/84,https://scifinder-n.cas.org/navigate/?appId=6e86077a-1994-473c-b013-81d137f44d25&backKey=6a58ba6462c3022ca7b601fb&backToPage=84&cidValue=816&groupOrdinal=1670&groupViewContextIndicator=false&isFromAllResults=false&isFromAlternateReactionSteps=false&isFromReactionGroup=false&key=6a58ba6462c3022ca7b601fb&metricsOrdinal=1670&ordinal=1&resultType=reaction&resultView=DETAIL&state=searchDetail.reaction&suppressNavigation=false&uiContext=366&uiSubContext=551&uriForDetails=multistep-reaction%2Fc08a7d97-5e79-57dd-bc62-ced48556397f&uriForGroup=substance%2Fpt%2F126709146%2Bsubstance%2Fpt%2F126924127-%3Esubstance%2Fpt%2F155417837%2Bsubstance%2Fpt%2F155417848%2Bsubstance%2Fpt%2F155417859%2Bsubstance%2Fpt%2F155417860
84,1671,1,31-354-CAS-13761898,4,skipped,1,多产物反应，按当前课题规则跳过,https://scifinder-n.cas.org/search/reaction/6a58ba6462c3022ca7b601fb/84,https://scifinder-n.cas.org/navigate/?appId=6e86077a-1994-473c-b013-81d137f44d25&backKey=6a58ba6462c3022ca7b601fb&backToPage=84&cidValue=816&groupOrdinal=1671&groupViewContextIndicator=false&isFromAllResults=false&isFromAlternateReactionSteps=false&isFromReactionGroup=false&key=6a58ba6462c3022ca7b601fb&metricsOrdinal=1671&ordinal=1&resultType=reaction&resultView=DETAIL&state=searchDetail.reaction&suppressNavigation=false&uiContext=366&uiSubContext=551&uriForDetails=multistep-reaction%2Fc4a34d1f-4d25-5414-868b-fb5d2730726f&uriForGroup=substance%2Fpt%2F1005567%2Bsubstance%2Fpt%2F1011723015-%3Esubstance%2Fpt%2F1011723026%2Bsubstance%2Fpt%2F1011723037%2Bsubstance%2Fpt%2F1011723059%2Bsubstance%2Fpt%2F1011723060
84,1672,1,31-013-CAS-4969107,4,skipped,1,多产物反应，按当前课题规则跳过,https://scifinder-n.cas.org/search/reaction/6a58ba6462c3022ca7b601fb/84,https://scifinder-n.cas.org/navigate/?appId=6e86077a-1994-473c-b013-81d137f44d25&backKey=6a58ba6462c3022ca7b601fb&backToPage=84&cidValue=816&groupOrdinal=1672&groupViewContextIndicator=false&isFromAllResults=false&isFromAlternateReactionSteps=false&isFromReactionGroup=false&key=6a58ba6462c3022ca7b601fb&metricsOrdinal=1672&ordinal=1&resultType=reaction&resultView=DETAIL&state=searchDetail.reaction&suppressNavigation=false&uiContext=366&uiSubContext=551&uriForDetails=multistep-reaction%2Fce5126e6-b54c-5b5f-9eb9-76d7cd8ca9f6&uriForGroup=substance%2Fpt%2F113533736%2Bsubstance%2Fpt%2F71117378-%3Esubstance%2Fpt%2F417706082%2Bsubstance%2Fpt%2F417706093%2Bsubstance%2Fpt%2F495413791%2Bsubstance%2Fpt%2F495413804
84,1673,1,31-236-CAS-2407049,4,skipped,1,多产物反应，按当前课题规则跳过,https://scifinder-n.cas.org/search/reaction/6a58ba6462c3022ca7b601fb/84,https://scifinder-n.cas.org/navigate/?appId=6e86077a-1994-473c-b013-81d137f44d25&backKey=6a58ba6462c3022ca7b601fb&backToPage=84&cidValue=816&groupOrdinal=1673&groupViewContextIndicator=false&isFromAllResults=false&isFromAlternateReactionSteps=false&isFromReactionGroup=false&key=6a58ba6462c3022ca7b601fb&metricsOrdinal=1673&ordinal=1&resultType=reaction&resultView=DETAIL&state=searchDetail.reaction&suppressNavigation=false&uiContext=366&uiSubContext=551&uriForDetails=multistep-reaction%2Fc4fc7b41-c23d-5530-8dd3-93d4c07919e4&uriForGroup=substance%2Fpt%2F110872%2Bsubstance%2Fpt%2F1532547811-%3Esubstance%2Fpt%2F1532548052%2Bsubstance%2Fpt%2F1532548063%2Bsubstance%2Fpt%2F1532548074%2Bsubstance%2Fpt%2F1532548085
84,1673,2,31-236-CAS-9408155,4,skipped,1,多产物反应，按当前课题规则跳过,https://scifinder-n.cas.org/search/reaction/6a58ba6462c3022ca7b601fb/84,https://scifinder-n.cas.org/navigate/?appId=6e86077a-1994-473c-b013-81d137f44d25&backKey=6a58ba6462c3022ca7b601fb&backToPage=84&cidValue=816&groupOrdinal=1673&groupViewContextIndicator=false&isFromAllResults=false&isFromAlternateReactionSteps=false&isFromReactionGroup=false&key=6a58ba6462c3022ca7b601fb&metricsOrdinal=1673&ordinal=2&resultType=reaction&resultView=DETAIL&state=searchDetail.reaction&suppressNavigation=false&uiContext=366&uiSubContext=551&uriForDetails=multistep-reaction%2Fd52c6fc3-89c8-5a4f-989f-9a11b54320e8&uriForGroup=substance%2Fpt%2F110872%2Bsubstance%2Fpt%2F1532547811-%3Esubstance%2Fpt%2F1532548052%2Bsubstance%2Fpt%2F1532548063%2Bsubstance%2Fpt%2F1532548074%2Bsubstance%2Fpt%2F1532548085
84,1674,1,31-013-CAS-9965375,4,skipped,1,多产物反应，按当前课题规则跳过,https://scifinder-n.cas.org/search/reaction/6a58ba6462c3022ca7b601fb/84,https://scifinder-n.cas.org/navigate/?appId=6e86077a-1994-473c-b013-81d137f44d25&backKey=6a58ba6462c3022ca7b601fb&backToPage=84&cidValue=816&groupOrdinal=1674&groupViewContextIndicator=false&isFromAllResults=false&isFromAlternateReactionSteps=false&isFromReactionGroup=false&key=6a58ba6462c3022ca7b601fb&metricsOrdinal=1674&ordinal=1&resultType=reaction&resultView=DETAIL&state=searchDetail.reaction&suppressNavigation=false&uiContext=366&uiSubContext=551&uriForDetails=multistep-reaction%2Fd8dbdba1-df35-5517-b545-88e091e4d1e1&uriForGroup=substance%2Fpt%2F57701276%2Bsubstance%2Fpt%2F74808096%2Bsubstance%2Fpt%2F90357894-%3Esubstance%2Fpt%2F200129697%2Bsubstance%2Fpt%2F417706004%2Bsubstance%2Fpt%2F417706015%2Bsubstance%2Fpt%2F495413768
84,1675,1,31-236-CAS-5565216,4,skipped,1,多产物反应，按当前课题规则跳过,https://scifinder-n.cas.org/search/reaction/6a58ba6462c3022ca7b601fb/84,https://scifinder-n.cas.org/navigate/?appId=6e86077a-1994-473c-b013-81d137f44d25&backKey=6a58ba6462c3022ca7b601fb&backToPage=84&cidValue=816&groupOrdinal=1675&groupViewContextIndicator=false&isFromAllResults=false&isFromAlternateReactionSteps=false&isFromReactionGroup=false&key=6a58ba6462c3022ca7b601fb&metricsOrdinal=1675&ordinal=1&resultType=reaction&resultView=DETAIL&state=searchDetail.reaction&suppressNavigation=false&uiContext=366&uiSubContext=551&uriForDetails=multistep-reaction%2Fdb31d754-9783-5a36-bfc1-7f65699ac09e&uriForGroup=substance%2Fpt%2F110872%2Bsubstance%2Fpt%2F87508187-%3Esubstance%2Fpt%2F1532547888%2Bsubstance%2Fpt%2F1532547899%2Bsubstance%2Fpt%2F1532547902%2Bsubstance%2Fpt%2F1532547913
84,1676,1,31-355-CAS-15926665,4,skipped,1,多产物反应，按当前课题规则跳过,https://scifinder-n.cas.org/search/reaction/6a58ba6462c3022ca7b601fb/84,https://scifinder-n.cas.org/navigate/?appId=6e86077a-1994-473c-b013-81d137f44d25&backKey=6a58ba6462c3022ca7b601fb&backToPage=84&cidValue=816&groupOrdinal=1676&groupViewContextIndicator=false&isFromAllResults=false&isFromAlternateReactionSteps=false&isFromReactionGroup=false&key=6a58ba6462c3022ca7b601fb&metricsOrdinal=1676&ordinal=1&resultType=reaction&resultView=DETAIL&state=searchDetail.reaction&suppressNavigation=false&uiContext=366&uiSubContext=551&uriForDetails=multistep-reaction%2Fde68474d-ae52-520b-9c5f-e2b2a5be397a&uriForGroup=substance%2Fpt%2F57701276%2Bsubstance%2Fpt%2F65530269%2Bsubstance%2Fpt%2F93970-%3Esubstance%2Fpt%2F75829639%2Bsubstance%2Fpt%2F80041301%2Bsubstance%2Fpt%2F91685051%2Bsubstance%2Fpt%2F91685062
84,1677,1,31-236-CAS-5854803,4,skipped,1,多产物反应，按当前课题规则跳过,https://scifinder-n.cas.org/search/reaction/6a58ba6462c3022ca7b601fb/84,https://scifinder-n.cas.org/navigate/?appId=6e86077a-1994-473c-b013-81d137f44d25&backKey=6a58ba6462c3022ca7b601fb&backToPage=84&cidValue=816&groupOrdinal=1677&groupViewContextIndicator=false&isFromAllResults=false&isFromAlternateReactionSteps=false&isFromReactionGroup=false&key=6a58ba6462c3022ca7b601fb&metricsOrdinal=1677&ordinal=1&resultType=reaction&resultView=DETAIL&state=searchDetail.reaction&suppressNavigation=false&uiContext=366&uiSubContext=551&uriForDetails=multistep-reaction%2Fc3363765-817c-5566-81a0-70e43bf32fcc&uriForGroup=substance%2Fpt%2F110872%2Bsubstance%2Fpt%2F144367317-%3Esubstance%2Fpt%2F1532547924%2Bsubstance%2Fpt%2F1532547935%2Bsubstance%2Fpt%2F1532547946%2Bsubstance%2Fpt%2F1532547957
84,1677,2,31-236-CAS-7652465,4,skipped,1,多产物反应，按当前课题规则跳过,https://scifinder-n.cas.org/search/reaction/6a58ba6462c3022ca7b601fb/84,https://scifinder-n.cas.org/navigate/?appId=6e86077a-1994-473c-b013-81d137f44d25&backKey=6a58ba6462c3022ca7b601fb&backToPage=84&cidValue=816&groupOrdinal=1677&groupViewContextIndicator=false&isFromAllResults=false&isFromAlternateReactionSteps=false&isFromReactionGroup=false&key=6a58ba6462c3022ca7b601fb&metricsOrdinal=1677&ordinal=2&resultType=reaction&resultView=DETAIL&state=searchDetail.reaction&suppressNavigation=false&uiContext=366&uiSubContext=551&uriForDetails=multistep-reaction%2Fe5b26426-da98-5e34-866b-370768900d04&uriForGroup=substance%2Fpt%2F110872%2Bsubstance%2Fpt%2F144367317-%3Esubstance%2Fpt%2F1532547924%2Bsubstance%2Fpt%2F1532547935%2Bsubstance%2Fpt%2F1532547946%2Bsubstance%2Fpt%2F1532547957
84,1678,1,31-236-CAS-14472624,4,skipped,1,多产物反应，按当前课题规则跳过,https://scifinder-n.cas.org/search/reaction/6a58ba6462c3022ca7b601fb/84,https://scifinder-n.cas.org/navigate/?appId=6e86077a-1994-473c-b013-81d137f44d25&backKey=6a58ba6462c3022ca7b601fb&backToPage=84&cidValue=816&groupOrdinal=1678&groupViewContextIndicator=false&isFromAllResults=false&isFromAlternateReactionSteps=false&isFromReactionGroup=false&key=6a58ba6462c3022ca7b601fb&metricsOrdinal=1678&ordinal=1&resultType=reaction&resultView=DETAIL&state=searchDetail.reaction&suppressNavigation=false&uiContext=366&uiSubContext=551&uriForDetails=multistep-reaction%2F9bb4625a-8d40-5fb6-90e8-6d9cf3e28a54&uriForGroup=substance%2Fpt%2F110872%2Bsubstance%2Fpt%2F176299960-%3Esubstance%2Fpt%2F1532547833%2Bsubstance%2Fpt%2F1532547844%2Bsubstance%2Fpt%2F1532547855%2Bsubstance%2Fpt%2F1532547866
84,1678,2,31-236-CAS-12668721,4,skipped,1,多产物反应，按当前课题规则跳过,https://scifinder-n.cas.org/search/reaction/6a58ba6462c3022ca7b601fb/84,https://scifinder-n.cas.org/navigate/?appId=6e86077a-1994-473c-b013-81d137f44d25&backKey=6a58ba6462c3022ca7b601fb&backToPage=84&cidValue=816&groupOrdinal=1678&groupViewContextIndicator=false&isFromAllResults=false&isFromAlternateReactionSteps=false&isFromReactionGroup=false&key=6a58ba6462c3022ca7b601fb&metricsOrdinal=1678&ordinal=2&resultType=reaction&resultView=DETAIL&state=searchDetail.reaction&suppressNavigation=false&uiContext=366&uiSubContext=551&uriForDetails=multistep-reaction%2Feaf5b4b5-86d0-534f-8459-ca4ad5a558ca&uriForGroup=substance%2Fpt%2F110872%2Bsubstance%2Fpt%2F176299960-%3Esubstance%2Fpt%2F1532547833%2Bsubstance%2Fpt%2F1532547844%2Bsubstance%2Fpt%2F1532547855%2Bsubstance%2Fpt%2F1532547866
84,1679,1,31-614-CAS-26061111,5,skipped,1,多产物反应，按当前课题规则跳过,https://scifinder-n.cas.org/search/reaction/6a58ba6462c3022ca7b601fb/84,https://scifinder-n.cas.org/navigate/?appId=6e86077a-1994-473c-b013-81d137f44d25&backKey=6a58ba6462c3022ca7b601fb&backToPage=84&cidValue=816&groupOrdinal=1679&groupViewContextIndicator=false&isFromAllResults=false&isFromAlternateReactionSteps=false&isFromReactionGroup=false&key=6a58ba6462c3022ca7b601fb&metricsOrdinal=1679&ordinal=1&resultType=reaction&resultView=DETAIL&state=searchDetail.reaction&suppressNavigation=false&uiContext=366&uiSubContext=551&uriForDetails=multistep-reaction%2Fe7993dc1-fa32-5eb2-a5e5-759cbacc9246&uriForGroup=substance%2Fpt%2F218165801-%3Esubstance%2Fpt%2F10501163%2Bsubstance%2Fpt%2F262378701%2Bsubstance%2Fpt%2F262378712%2Bsubstance%2Fpt%2F281232%2Bsubstance%2Fpt%2F700572
84,1680,1,31-010-CAS-1295700,5,skipped,1,多产物反应，按当前课题规则跳过,https://scifinder-n.cas.org/search/reaction/6a58ba6462c3022ca7b601fb/84,https://scifinder-n.cas.org/navigate/?appId=6e86077a-1994-473c-b013-81d137f44d25&backKey=6a58ba6462c3022ca7b601fb&backToPage=84&cidValue=816&groupOrdinal=1680&groupViewContextIndicator=false&isFromAllResults=false&isFromAlternateReactionSteps=false&isFromReactionGroup=false&key=6a58ba6462c3022ca7b601fb&metricsOrdinal=1680&ordinal=1&resultType=reaction&resultView=DETAIL&state=searchDetail.reaction&suppressNavigation=false&uiContext=366&uiSubContext=551&uriForDetails=multistep-reaction%2F6825ffaa-3312-5087-a8ee-995ac90a1b34&uriForGroup=substance%2Fpt%2F183901635%2Bsubstance%2Fpt%2F71117414%2Bsubstance%2Fpt%2F83441605-%3Esubstance%2Fpt%2F470475399%2Bsubstance%2Fpt%2F470475402%2Bsubstance%2Fpt%2F470475413%2Bsubstance%2Fpt%2F532435486%2Bsubstance%2Fpt%2F532435497
85,1681,1,31-022-CAS-15041417,5,skipped,1,多产物反应，按当前课题规则跳过,https://scifinder-n.cas.org/search/reaction/6a58ba6462c3022ca7b601fb/85,https://scifinder-n.cas.org/navigate/?appId=32597ef4-13f6-4491-acc2-3eb327acd065&backKey=6a58ba6462c3022ca7b601fb&backToPage=85&cidValue=816&groupOrdinal=1681&groupViewContextIndicator=false&isFromAllResults=false&isFromAlternateReactionSteps=false&isFromReactionGroup=false&key=6a58ba6462c3022ca7b601fb&metricsOrdinal=1681&ordinal=1&resultType=reaction&resultView=DETAIL&state=searchDetail.reaction&suppressNavigation=false&uiContext=366&uiSubContext=551&uriForDetails=multistep-reaction%2Febab13b2-2bda-5812-896c-c21e6c0eb137&uriForGroup=substance%2Fpt%2F1109280-%3Esubstance%2Fpt%2F854270216%2Bsubstance%2Fpt%2F854270227%2Bsubstance%2Fpt%2F854270238%2Bsubstance%2Fpt%2F854270249%2Bsubstance%2Fpt%2F854270250
85,1682,1,31-614-CAS-26642313,5,skipped,1,多产物反应，按当前课题规则跳过,https://scifinder-n.cas.org/search/reaction/6a58ba6462c3022ca7b601fb/85,https://scifinder-n.cas.org/navigate/?appId=32597ef4-13f6-4491-acc2-3eb327acd065&backKey=6a58ba6462c3022ca7b601fb&backToPage=85&cidValue=816&groupOrdinal=1682&groupViewContextIndicator=false&isFromAllResults=false&isFromAlternateReactionSteps=false&isFromReactionGroup=false&key=6a58ba6462c3022ca7b601fb&metricsOrdinal=1682&ordinal=1&resultType=reaction&resultView=DETAIL&state=searchDetail.reaction&suppressNavigation=false&uiContext=366&uiSubContext=551&uriForDetails=multistep-reaction%2Ff7d55c19-febf-54e2-b3c4-d210c967f579&uriForGroup=substance%2Fpt%2F100447%2Bsubstance%2Fpt%2F18404723-%3Esubstance%2Fpt%2F99388268%2Bsubstance%2Fpt%2F99388279%2Bsubstance%2Fpt%2F99388291%2Bsubstance%2Fpt%2F99388304%2Bsubstance%2Fpt%2F99388337
85,1683,1,31-392-CAS-2044151,6,skipped,1,多产物反应，按当前课题规则跳过,https://scifinder-n.cas.org/search/reaction/6a58ba6462c3022ca7b601fb/85,https://scifinder-n.cas.org/navigate/?appId=32597ef4-13f6-4491-acc2-3eb327acd065&backKey=6a58ba6462c3022ca7b601fb&backToPage=85&cidValue=816&groupOrdinal=1683&groupViewContextIndicator=false&isFromAllResults=false&isFromAlternateReactionSteps=false&isFromReactionGroup=false&key=6a58ba6462c3022ca7b601fb&metricsOrdinal=1683&ordinal=1&resultType=reaction&resultView=DETAIL&state=searchDetail.reaction&suppressNavigation=false&uiContext=366&uiSubContext=551&uriForDetails=multistep-reaction%2Fb35c9cea-be04-5c5a-b719-2377f0ecc02a&uriForGroup=substance%2Fpt%2F10016203%2Bsubstance%2Fpt%2F121517-%3Esubstance%2Fpt%2F95784308%2Bsubstance%2Fpt%2F95784342%2Bsubstance%2Fpt%2F95784386%2Bsubstance%2Fpt%2F95784422%2Bsubstance%2Fpt%2F95784433%2Bsubstance%2Fpt%2F95784444
