ID,Source,Source_Type,Year,Reaction_ID,Donor_SMILES,Donor_Type,Acceptor_SMILES,Solvent,Solvent_SMILES,has_solvent,Catalyst,Catalyst_SMILES,has_catalyst,Temp_C,has_temp,Time_min,has_time,Product_Config,Label,Donor_Canonical_SMILES,Acceptor_Canonical_SMILES,Pair_Key
1,"World Intellectual Property Organization, WO2018083490 A2 2018-05-11",专利,2018,31-013-CAS-20074828,O(CC1=CC=CC=C1)[C@@H]2[C@H](OC(C)=O)[C@@H](SC3=CC=C(C)C=C3)O[C@H](C)[C@H]2N=[N+]=[N-],thioglycoside,O(CC1=CC=CC=C1)[C@H]2[C@H](N=[N+]=[N-])[C@@H](C)O[C@H](OC)[C@H]2O,Dichloromethane,ClCCl,1,Trimethylsilyl triflate,O=S(=O)(O[Si](C)(C)C)C(F)(F)F,1,25.0,1,60.0,1,a,0,CC(=O)O[C@H]1[C@@H](OCc2ccccc2)[C@H](N=[N+]=[N-])[C@@H](C)O[C@@H]1Sc1ccc(C)cc1,CO[C@H]1O[C@H](C)[C@@H](N=[N+]=[N-])[C@H](OCc2ccccc2)[C@@H]1O,1C4D82BB
2,"ACS Central Science (2017), 3(3), 224-231",期刊,2017,31-013-CAS-17381406,O(CC1=CC=CC=C1)[C@@H]2[C@H](OC(C)=O)[C@@H](SC3=CC=C(C)C=C3)O[C@H](C)[C@H]2N=[N+]=[N-],thioglycoside,O(CC1=CC=CC=C1)[C@H]2[C@H](N=[N+]=[N-])[C@@H](C)O[C@H](OC)[C@H]2O,Dichloromethane,ClCCl,1,N-Iodosuccinimide,O=C1N(I)C(=O)CC1,1,25.0,1,60.0,1,a,0,CC(=O)O[C@H]1[C@@H](OCc2ccccc2)[C@H](N=[N+]=[N-])[C@@H](C)O[C@@H]1Sc1ccc(C)cc1,CO[C@H]1O[C@H](C)[C@@H](N=[N+]=[N-])[C@H](OCc2ccccc2)[C@@H]1O,1C4D82BB
3,"Journal of Organic Chemistry (2011), 76(15), 5895-5906",期刊,2011,31-013-CAS-13511159,O(CC1=CC=CC=C1)[C@H]2[C@H](OC(C)=O)[C@@H](CN3C(=O)C=4C(C3=O)=CC=CC4)O[C@@H](SC5=CC=CC=C5)[C@@H]2N=[N+]=[N-],thioglycoside,O(CC1=CC=CC=C1)[C@@H]2[C@@H](N=[N+]=[N-])[C@@H](OC)O[C@H](CN=[N+]=[N-])[C@H]2O,Dichloromethane;Diethyl ether,ClCCl;O(CC)CC,1,Trifluoromethanesulfonic acid,O=S(=O)(O)C(F)(F)F,1,0.0,1,60.0,1,a,0,CC(=O)O[C@H]1[C@H](OCc2ccccc2)[C@@H](N=[N+]=[N-])[C@H](Sc2ccccc2)O[C@@H]1CN1C(=O)c2ccccc2C1=O,CO[C@H]1O[C@H](CN=[N+]=[N-])[C@@H](O)[C@H](OCc2ccccc2)[C@H]1N=[N+]=[N-],73EF430C
4,"World Intellectual Property Organization, WO2018083490 A2 2018-05-11",专利,2018,31-013-CAS-20074830,O(CC1=CC=CC=C1)[C@@H]2[C@H](OC(C)=O)[C@@H](SC3=CC=C(C)C=C3)O[C@H](C)[C@H]2N=[N+]=[N-],thioglycoside,O([C@H]1[C@@H](OCC2=CC=CC=C2)[C@H](N=[N+]=[N-])[C@@H](C)O[C@@H]1OC)[C@@H]3[C@@H](O)[C@@H](OCC4=CC=CC=C4)[C@H](N=[N+]=[N-])[C@@H](C)O3,Dichloromethane,ClCCl,1,Trimethylsilyl triflate,O=S(=O)(O[Si](C)(C)C)C(F)(F)F,1,25.0,1,60.0,1,a,0,CC(=O)O[C@H]1[C@@H](OCc2ccccc2)[C@H](N=[N+]=[N-])[C@@H](C)O[C@@H]1Sc1ccc(C)cc1,CO[C@H]1O[C@H](C)[C@@H](N=[N+]=[N-])[C@H](OCc2ccccc2)[C@@H]1O[C@H]1O[C@H](C)[C@@H](N=[N+]=[N-])[C@H](OCc2ccccc2)[C@@H]1O,5BD2A96F
5,"ACS Central Science (2017), 3(3), 224-231",期刊,2017,31-013-CAS-17381408,O(CC1=CC=CC=C1)[C@@H]2[C@H](OC(C)=O)[C@@H](SC3=CC=C(C)C=C3)O[C@H](C)[C@H]2N=[N+]=[N-],thioglycoside,O([C@H]1[C@@H](OCC2=CC=CC=C2)[C@H](N=[N+]=[N-])[C@@H](C)O[C@@H]1OC)[C@@H]3[C@@H](O)[C@@H](OCC4=CC=CC=C4)[C@H](N=[N+]=[N-])[C@@H](C)O3,Dichloromethane,ClCCl,1,N-Iodosuccinimide,O=C1N(I)C(=O)CC1,1,25.0,1,60.0,1,a,0,CC(=O)O[C@H]1[C@@H](OCc2ccccc2)[C@H](N=[N+]=[N-])[C@@H](C)O[C@@H]1Sc1ccc(C)cc1,CO[C@H]1O[C@H](C)[C@@H](N=[N+]=[N-])[C@H](OCc2ccccc2)[C@@H]1O[C@H]1O[C@H](C)[C@@H](N=[N+]=[N-])[C@H](OCc2ccccc2)[C@@H]1O,5BD2A96F
6,"Canadian Journal of Chemistry (1989), 67(3), 491-6",期刊,1989,31-013-CAS-14145593,O([C@H]1[C@@H](OCC2=CC=CC=C2)[C@H](N=[N+]=[N-])[C@@H](C)O[C@@H]1SCC)[C@@H]3[C@@H](OC(C)=O)[C@@H](OCC4=CC=CC=C4)[C@H](N=[N+]=[N-])[C@@H](C)O3,thioglycoside,O(CC1=CC=CC=C1)[C@H]2[C@H](N=[N+]=[N-])[C@@H](C)O[C@H](OC)[C@H]2O,Dichloromethane,ClCCl,1,Methyl triflate,O=S(=O)(OC)C(F)(F)F,1,,0,,0,a,0,CCS[C@H]1O[C@H](C)[C@@H](N=[N+]=[N-])[C@H](OCc2ccccc2)[C@@H]1O[C@H]1O[C@H](C)[C@@H](N=[N+]=[N-])[C@H](OCc2ccccc2)[C@@H]1OC(C)=O,CO[C@H]1O[C@H](C)[C@@H](N=[N+]=[N-])[C@H](OCc2ccccc2)[C@@H]1O,5F5B7B84
7,"RSC Advances (2019), 9(62), 36440-36454",期刊,2019,31-013-CAS-22581512,O(C(=O)C1=CC=CC=C1)[C@H]2[C@@H](OCC3=CC=CC=C3)[C@H](N=[N+]=[N-])[C@@H](C)O[C@@H]2SCC,thioglycoside,O(CC1=CC=CC=C1)[C@H]2[C@H](N=[N+]=[N-])[C@@H](C)O[C@H](OCC[Si](C)(C)C)[C@H]2O,Dichloromethane,ClCCl,1,Trimethylsilyl triflate,O=S(=O)(O[Si](C)(C)C)C(F)(F)F,1,0.0,1,15.0,1,a,0,CCS[C@H]1O[C@H](C)[C@@H](N=[N+]=[N-])[C@H](OCc2ccccc2)[C@@H]1OC(=O)c1ccccc1,C[C@H]1O[C@H](OCC[Si](C)(C)C)[C@@H](O)[C@@H](OCc2ccccc2)[C@@H]1N=[N+]=[N-],64EA3C26
8,"Journal of Carbohydrate Chemistry (2012), 31(9), 673-685",期刊,2012,31-013-CAS-9001704,O(CC1=CC=CC=C1)[C@@H]2[C@@H](N=[N+]=[N-])[C@@H](SCC)O[C@H](CI)[C@H]2OC,thioglycoside,O(CC1=CC=CC=C1)[C@@H]2[C@@H](N=[N+]=[N-])[C@@H](OC)O[C@H](CI)[C@H]2O,Dichloromethane;Toluene,ClCCl;C=1C=CC(=CC1)C,1,Silver triflate,[Ag].O=S(=O)(O)C(F)(F)F,1,-20.0,1,15.0,1,a,0,CCS[C@H]1O[C@H](CI)[C@@H](OC)[C@H](OCc2ccccc2)[C@H]1N=[N+]=[N-],CO[C@H]1O[C@H](CI)[C@@H](O)[C@H](OCc2ccccc2)[C@H]1N=[N+]=[N-],A27828AE
9,"World Intellectual Property Organization, WO2018083490 A2 2018-05-11",专利,2018,31-013-CAS-20074832,O(CC1=CC=CC=C1)[C@@H]2[C@H](OC(C)=O)[C@@H](SC3=CC=C(C)C=C3)O[C@H](C)[C@H]2N=[N+]=[N-],thioglycoside,O([C@@H]1[C@@H](O[C@H]2[C@@H](OCC3=CC=CC=C3)[C@H](N=[N+]=[N-])[C@@H](C)O[C@@H]2OC)O[C@H](C)[C@@H](N=[N+]=[N-])[C@@H]1OCC4=CC=CC=C4)[C@@H]5[C@@H](O)[C@@H](OCC6=CC=CC=C6)[C@H](N=[N+]=[N-])[C@@H](C)O5,Dichloromethane,ClCCl,1,Trimethylsilyl triflate,O=S(=O)(O[Si](C)(C)C)C(F)(F)F,1,25.0,1,60.0,1,a,0,CC(=O)O[C@H]1[C@@H](OCc2ccccc2)[C@H](N=[N+]=[N-])[C@@H](C)O[C@@H]1Sc1ccc(C)cc1,CO[C@H]1O[C@H](C)[C@@H](N=[N+]=[N-])[C@H](OCc2ccccc2)[C@@H]1O[C@H]1O[C@H](C)[C@@H](N=[N+]=[N-])[C@H](OCc2ccccc2)[C@@H]1O[C@H]1O[C@H](C)[C@@H](N=[N+]=[N-])[C@H](OCc2ccccc2)[C@@H]1O,286053B7
10,"ACS Central Science (2017), 3(3), 224-231",期刊,2017,31-013-CAS-17381410,O(CC1=CC=CC=C1)[C@@H]2[C@H](OC(C)=O)[C@@H](SC3=CC=C(C)C=C3)O[C@H](C)[C@H]2N=[N+]=[N-],thioglycoside,O([C@@H]1[C@@H](O[C@H]2[C@@H](OCC3=CC=CC=C3)[C@H](N=[N+]=[N-])[C@@H](C)O[C@@H]2OC)O[C@H](C)[C@@H](N=[N+]=[N-])[C@@H]1OCC4=CC=CC=C4)[C@@H]5[C@@H](O)[C@@H](OCC6=CC=CC=C6)[C@H](N=[N+]=[N-])[C@@H](C)O5,Dichloromethane,ClCCl,1,N-Iodosuccinimide,O=C1N(I)C(=O)CC1,1,25.0,1,60.0,1,a,0,CC(=O)O[C@H]1[C@@H](OCc2ccccc2)[C@H](N=[N+]=[N-])[C@@H](C)O[C@@H]1Sc1ccc(C)cc1,CO[C@H]1O[C@H](C)[C@@H](N=[N+]=[N-])[C@H](OCc2ccccc2)[C@@H]1O[C@H]1O[C@H](C)[C@@H](N=[N+]=[N-])[C@H](OCc2ccccc2)[C@@H]1O[C@H]1O[C@H](C)[C@@H](N=[N+]=[N-])[C@H](OCc2ccccc2)[C@@H]1O,286053B7
11,"Tetrahedron: Asymmetry (2005), 16(1), 187-197",期刊,2005,31-013-CAS-12769421,O(CC1=CC=CC=C1)[C@@H]2[C@H](OC(C)=O)[C@@H](SCC)O[C@H](C)[C@H]2N=[N+]=[N-],thioglycoside,O(CC1=CC=CC=C1)[C@H]2[C@H](N=[N+]=[N-])[C@@H](C)O[C@H](OCCCCCC(OC)=O)[C@H]2O,Dichloromethane;Toluene,ClCCl;C=1C=CC(=CC1)C,1,Triethylamine,N(CC)(CC)CC,1,25.0,1,15.0,1,a,0,CCS[C@H]1O[C@H](C)[C@@H](N=[N+]=[N-])[C@H](OCc2ccccc2)[C@@H]1OC(C)=O,COC(=O)CCCCCO[C@H]1O[C@H](C)[C@@H](N=[N+]=[N-])[C@H](OCc2ccccc2)[C@@H]1O,1A5EA762
12,"World Intellectual Property Organization, WO2018083490 A2 2018-05-11",专利,2018,31-013-CAS-20074834,O(CC1=CC=CC=C1)[C@@H]2[C@H](OC(C)=O)[C@@H](SC3=CC=C(C)C=C3)O[C@H](C)[C@H]2N=[N+]=[N-],thioglycoside,O([C@@H]1[C@@H](O[C@H]2[C@@H](OCC3=CC=CC=C3)[C@H](N=[N+]=[N-])[C@@H](C)O[C@@H]2OC)O[C@H](C)[C@@H](N=[N+]=[N-])[C@@H]1OCC4=CC=CC=C4)[C@@H]5[C@@H](O[C@@H]6[C@@H](O)[C@@H](OCC7=CC=CC=C7)[C@H](N=[N+]=[N-])[C@@H](C)O6)[C@@H](OCC8=CC=CC=C8)[C@H](N=[N+]=[N-])[C@@H](C)O5,Dichloromethane,ClCCl,1,Trimethylsilyl triflate,O=S(=O)(O[Si](C)(C)C)C(F)(F)F,1,25.0,1,60.0,1,a,0,CC(=O)O[C@H]1[C@@H](OCc2ccccc2)[C@H](N=[N+]=[N-])[C@@H](C)O[C@@H]1Sc1ccc(C)cc1,CO[C@H]1O[C@H](C)[C@@H](N=[N+]=[N-])[C@H](OCc2ccccc2)[C@@H]1O[C@H]1O[C@H](C)[C@@H](N=[N+]=[N-])[C@H](OCc2ccccc2)[C@@H]1O[C@H]1O[C@H](C)[C@@H](N=[N+]=[N-])[C@H](OCc2ccccc2)[C@@H]1O[C@H]1O[C@H](C)[C@@H](N=[N+]=[N-])[C@H](OCc2ccccc2)[C@@H]1O,8224EFB7
13,"ACS Central Science (2017), 3(3), 224-231",期刊,2017,31-013-CAS-17381412,O(CC1=CC=CC=C1)[C@@H]2[C@H](OC(C)=O)[C@@H](SC3=CC=C(C)C=C3)O[C@H](C)[C@H]2N=[N+]=[N-],thioglycoside,O([C@@H]1[C@@H](O[C@H]2[C@@H](OCC3=CC=CC=C3)[C@H](N=[N+]=[N-])[C@@H](C)O[C@@H]2OC)O[C@H](C)[C@@H](N=[N+]=[N-])[C@@H]1OCC4=CC=CC=C4)[C@@H]5[C@@H](O[C@@H]6[C@@H](O)[C@@H](OCC7=CC=CC=C7)[C@H](N=[N+]=[N-])[C@@H](C)O6)[C@@H](OCC8=CC=CC=C8)[C@H](N=[N+]=[N-])[C@@H](C)O5,Dichloromethane,ClCCl,1,N-Iodosuccinimide,O=C1N(I)C(=O)CC1,1,25.0,1,60.0,1,a,0,CC(=O)O[C@H]1[C@@H](OCc2ccccc2)[C@H](N=[N+]=[N-])[C@@H](C)O[C@@H]1Sc1ccc(C)cc1,CO[C@H]1O[C@H](C)[C@@H](N=[N+]=[N-])[C@H](OCc2ccccc2)[C@@H]1O[C@H]1O[C@H](C)[C@@H](N=[N+]=[N-])[C@H](OCc2ccccc2)[C@@H]1O[C@H]1O[C@H](C)[C@@H](N=[N+]=[N-])[C@H](OCc2ccccc2)[C@@H]1O[C@H]1O[C@H](C)[C@@H](N=[N+]=[N-])[C@H](OCc2ccccc2)[C@@H]1O,8224EFB7
14,"Canadian Journal of Chemistry (1989), 67(3), 491-6",期刊,1989,31-013-CAS-7092174,O([C@H]1[C@@H](OCC2=CC=CC=C2)[C@H](N=[N+]=[N-])[C@@H](C)O[C@@H]1SCC)[C@@H]3[C@@H](OC(C)=O)[C@@H](OCC4=CC=CC=C4)[C@H](N=[N+]=[N-])[C@@H](C)O3,thioglycoside,O([C@@H]1[C@@H](O[C@H]2[C@@H](OCC3=CC=CC=C3)[C@H](N=[N+]=[N-])[C@@H](C)O[C@@H]2OC)O[C@H](C)[C@@H](N=[N+]=[N-])[C@@H]1OCC4=CC=CC=C4)[C@@H]5[C@@H](O)[C@@H](OCC6=CC=CC=C6)[C@H](N=[N+]=[N-])[C@@H](C)O5,Dichloromethane,ClCCl,1,Methyl formate,O=COC,1,,0,,0,a,0,CCS[C@H]1O[C@H](C)[C@@H](N=[N+]=[N-])[C@H](OCc2ccccc2)[C@@H]1O[C@H]1O[C@H](C)[C@@H](N=[N+]=[N-])[C@H](OCc2ccccc2)[C@@H]1OC(C)=O,CO[C@H]1O[C@H](C)[C@@H](N=[N+]=[N-])[C@H](OCc2ccccc2)[C@@H]1O[C@H]1O[C@H](C)[C@@H](N=[N+]=[N-])[C@H](OCc2ccccc2)[C@@H]1O[C@H]1O[C@H](C)[C@@H](N=[N+]=[N-])[C@H](OCc2ccccc2)[C@@H]1O,655842C1
15,"RSC Advances (2019), 9(62), 36440-36454",期刊,2019,31-013-CAS-22581514,O(C(=O)C1=CC=CC=C1)[C@H]2[C@@H](OCC3=CC=CC=C3)[C@H](N=[N+]=[N-])[C@@H](C)O[C@@H]2SCC,thioglycoside,O([C@H]1[C@@H](OCC2=CC=CC=C2)[C@H](N=[N+]=[N-])[C@@H](C)O[C@@H]1OCC[Si](C)(C)C)[C@@H]3[C@@H](O)[C@@H](OCC4=CC=CC=C4)[C@H](N=[N+]=[N-])[C@@H](C)O3,Dichloromethane,ClCCl,1,Trimethylsilyl triflate,O=S(=O)(O[Si](C)(C)C)C(F)(F)F,1,0.0,1,15.0,1,a,0,CCS[C@H]1O[C@H](C)[C@@H](N=[N+]=[N-])[C@H](OCc2ccccc2)[C@@H]1OC(=O)c1ccccc1,C[C@H]1O[C@H](O[C@@H]2[C@@H](OCC[Si](C)(C)C)O[C@H](C)[C@@H](N=[N+]=[N-])[C@@H]2OCc2ccccc2)[C@@H](O)[C@@H](OCc2ccccc2)[C@@H]1N=[N+]=[N-],DD406F44
16,"World Intellectual Property Organization, WO2018083490 A2 2018-05-11",专利,2018,31-013-CAS-20074836,O(CC1=CC=CC=C1)[C@@H]2[C@H](OC(C)=O)[C@@H](SC3=CC=C(C)C=C3)O[C@H](C)[C@H]2N=[N+]=[N-],thioglycoside,O([C@@H]1[C@@H](O[C@@H]2[C@@H](O[C@H]3[C@@H](OCC4=CC=CC=C4)[C@H](N=[N+]=[N-])[C@@H](C)O[C@@H]3OC)O[C@H](C)[C@@H](N=[N+]=[N-])[C@@H]2OCC5=CC=CC=C5)O[C@H](C)[C@@H](N=[N+]=[N-])[C@@H]1OCC6=CC=CC=C6)[C@@H]7[C@@H](O[C@@H]8[C@@H](O)[C@@H](OCC9=CC=CC=C9)[C@H](N=[N+]=[N-])[C@@H](C)O8)[C@@H](OCC%10=CC=CC=C%10)[C@H](N=[N+]=[N-])[C@@H](C)O7,Dichloromethane,ClCCl,1,Trimethylsilyl triflate,O=S(=O)(O[Si](C)(C)C)C(F)(F)F,1,25.0,1,60.0,1,a,0,CC(=O)O[C@H]1[C@@H](OCc2ccccc2)[C@H](N=[N+]=[N-])[C@@H](C)O[C@@H]1Sc1ccc(C)cc1,CO[C@H]1O[C@H](C)[C@@H](N=[N+]=[N-])[C@H](OCc2ccccc2)[C@@H]1O[C@H]1O[C@H](C)[C@@H](N=[N+]=[N-])[C@H](OCc2ccccc2)[C@@H]1O[C@H]1O[C@H](C)[C@@H](N=[N+]=[N-])[C@H](OCc2ccccc2)[C@@H]1O[C@H]1O[C@H](C)[C@@H](N=[N+]=[N-])[C@H](OCc2ccccc2)[C@@H]1O[C@H]1O[C@H](C)[C@@H](N=[N+]=[N-])[C@H](OCc2ccccc2)[C@@H]1O,E0252420
17,"ACS Central Science (2017), 3(3), 224-231",期刊,2017,31-013-CAS-17386198,O(CC1=CC=CC=C1)[C@@H]2[C@H](OC(C)=O)[C@@H](SC3=CC=C(C)C=C3)O[C@H](C)[C@H]2N=[N+]=[N-],thioglycoside,O([C@@H]1[C@@H](O[C@@H]2[C@@H](O[C@H]3[C@@H](OCC4=CC=CC=C4)[C@H](N=[N+]=[N-])[C@@H](C)O[C@@H]3OC)O[C@H](C)[C@@H](N=[N+]=[N-])[C@@H]2OCC5=CC=CC=C5)O[C@H](C)[C@@H](N=[N+]=[N-])[C@@H]1OCC6=CC=CC=C6)[C@@H]7[C@@H](O[C@@H]8[C@@H](O)[C@@H](OCC9=CC=CC=C9)[C@H](N=[N+]=[N-])[C@@H](C)O8)[C@@H](OCC%10=CC=CC=C%10)[C@H](N=[N+]=[N-])[C@@H](C)O7,Dichloromethane,ClCCl,1,Trimethylsilyl triflate,O=S(=O)(O[Si](C)(C)C)C(F)(F)F,1,25.0,1,60.0,1,a,0,CC(=O)O[C@H]1[C@@H](OCc2ccccc2)[C@H](N=[N+]=[N-])[C@@H](C)O[C@@H]1Sc1ccc(C)cc1,CO[C@H]1O[C@H](C)[C@@H](N=[N+]=[N-])[C@H](OCc2ccccc2)[C@@H]1O[C@H]1O[C@H](C)[C@@H](N=[N+]=[N-])[C@H](OCc2ccccc2)[C@@H]1O[C@H]1O[C@H](C)[C@@H](N=[N+]=[N-])[C@H](OCc2ccccc2)[C@@H]1O[C@H]1O[C@H](C)[C@@H](N=[N+]=[N-])[C@H](OCc2ccccc2)[C@@H]1O[C@H]1O[C@H](C)[C@@H](N=[N+]=[N-])[C@H](OCc2ccccc2)[C@@H]1O,E0252420
18,"World Intellectual Property Organization, WO2010029185 A1 2010-03-18",专利,2010,31-013-CAS-10436330,O(C(C)=O)[C@H]1[C@H](OC)[C@@H](OC(C)=O)C(SCC)O[C@H]1COC(C)=O,thioglycoside,O(CC1=CC=CC=C1)[C@@H]2[C@@H](N=[N+]=[N-])[C@]3(O[C@@]([C@H]2O)(CO3)[H])[H],Dichloromethane,ClCCl,1,Trifluoromethanesulfonic acid,O=S(=O)(O)C(F)(F)F,1,25.0,1,30.0,1,a,0,CCSC1O[C@@H](COC(C)=O)[C@@H](OC(C)=O)[C@H](OC)[C@H]1OC(C)=O,[N-]=[N+]=N[C@H]1[C@@H]2OC[C@@H](O2)[C@@H](O)[C@@H]1OCc1ccccc1,AAFD2665
19,"European Journal of Organic Chemistry (2018), 2018(19), 2214-2227",期刊,2018,31-006-CAS-18977533,O(CC1=CC=CC=C1)[C@@H]2[C@@H](OC(=O)C3=CC=CC=C3)[C@H](SC4=CC=C(C)C=C4)O[C@@]5([C@]2(OC(C)(C)OC5)[H])[H],thioglycoside,O(CC1=CC=CC=C1)[C@@H]2[C@@H](N=[N+]=[N-])[C@@H](OC)O[C@H](COC(=O)C3=CC=CC=C3)[C@H]2O,Dichloromethane,ClCCl,1,Sodium thiosulfate,[Na].O=S(=O)(O)S,1,25.0,1,30.0,1,a,0,Cc1ccc(S[C@@H]2O[C@H]3COC(C)(C)O[C@H]3[C@H](OCc3ccccc3)[C@H]2OC(=O)c2ccccc2)cc1,CO[C@H]1O[C@H](COC(=O)c2ccccc2)[C@@H](O)[C@H](OCc2ccccc2)[C@H]1N=[N+]=[N-],5BD4ABD4
20,"Tetrahedron Letters (2000), 41(52), 10233-10237",期刊,2000,31-301-CAS-2785269,O(CC1=CC=CC=C1)[C@H]2[C@@H](OCC3=CC=CC=C3)[C@H](OCC4=CC=CC=C4)[C@@H](COCC5=CC=CC=C5)O[C@@H]2S(=O)C6=CC=CC=C6,thioglycoside,O(CC1=CC=CC=C1)[C@@H]2[C@@H](N=[N+]=[N-])[C@]3(O[C@@]([C@H]2O)(CO3)[H])[H],Acetonitrile,N#CC,1,,,0,,0,,0,a,0,O=S(c1ccccc1)[C@H]1O[C@H](COCc2ccccc2)[C@@H](OCc2ccccc2)[C@H](OCc2ccccc2)[C@@H]1OCc1ccccc1,[N-]=[N+]=N[C@H]1[C@@H]2OC[C@@H](O2)[C@@H](O)[C@@H]1OCc1ccccc1,537092E9
21,"Synthesis (2001), (2), 323-326",期刊,2001,31-301-CAS-1576844,O(CC1=CC=CC=C1)[C@H]2[C@]3([C@](O[C@](S(=O)C4=CC=CC=C4)([C@H]2OCC5=CC=CC=C5)[H])(CO[C@H](O3)C6=CC=CC=C6)[H])[H],thioglycoside,O(CC1=CC=CC=C1)[C@@H]2[C@@H](N=[N+]=[N-])[C@]3(O[C@@]([C@H]2O)(CO3)[H])[H],Dichloromethane;Methanol,ClCCl;OC,1,Trifluoromethanesulfonic anhydride,O=S(=O)(OS(=O)(=O)C(F)(F)F)C(F)(F)F,1,,0,,0,b,1,O=S(c1ccccc1)[C@H]1O[C@@H]2CO[C@@H](c3ccccc3)O[C@H]2[C@H](OCc2ccccc2)[C@@H]1OCc1ccccc1,[N-]=[N+]=N[C@H]1[C@@H]2OC[C@@H](O2)[C@@H](O)[C@@H]1OCc1ccccc1,EE96627C
22,"Biochimica et Biophysica Acta, General Subjects (2001), 1528(1), 9-14",期刊,2001,31-301-CAS-4602455,O(CC1=CC=CC=C1)[C@H]2[C@]3([C@](O[C@H](S(=O)C4=CC=CC=C4)[C@H]2OCC5=CC=CC=C5)(COC(O3)C6=CC=CC=C6)[H])[H],thioglycoside,O(CC1=CC=CC=C1)[C@@H]2[C@@H](N=[N+]=[N-])[C@]3(O[C@@]([C@H]2O)(CO3)[H])[H],Dichloromethane,ClCCl,1,Trifluoromethanesulfonic anhydride,O=S(=O)(OS(=O)(=O)C(F)(F)F)C(F)(F)F,1,,0,,0,b,1,O=S(c1ccccc1)[C@H]1O[C@@H]2COC(c3ccccc3)O[C@H]2[C@H](OCc2ccccc2)[C@@H]1OCc1ccccc1,[N-]=[N+]=N[C@H]1[C@@H]2OC[C@@H](O2)[C@@H](O)[C@@H]1OCc1ccccc1,676D6738
23,"Canadian Journal of Chemistry (1989), 67(3), 497-502",期刊,1989,31-013-CAS-5609840,O([C@H]1[C@@H](OCC2=CC=CC=C2)[C@H](N=[N+]=[N-])[C@@H](C)O[C@@H]1SCC)[C@@H]3[C@@H](OC(C)=O)[C@@H](OCC4=CC=CC=C4)[C@H](N=[N+]=[N-])[C@@H](C)O3,thioglycoside,O([C@@H]1[C@@H](O[C@@H]2[C@H](OCC3=CC=CC=C3)[C@@H](OC)O[C@H](C)[C@H]2N=[N+]=[N-])O[C@H](C)[C@@H](N=[N+]=[N-])[C@@H]1OCC4=CC=CC=C4)[C@@H]5[C@@H](O)[C@@H](OCC6=CC=CC=C6)[C@H](N=[N+]=[N-])[C@@H](C)O5,,,0,Methyl triflate,O=S(=O)(OC)C(F)(F)F,1,,0,,0,a,0,CCS[C@H]1O[C@H](C)[C@@H](N=[N+]=[N-])[C@H](OCc2ccccc2)[C@@H]1O[C@H]1O[C@H](C)[C@@H](N=[N+]=[N-])[C@H](OCc2ccccc2)[C@@H]1OC(C)=O,CO[C@H]1O[C@H](C)[C@@H](N=[N+]=[N-])[C@H](O[C@H]2O[C@H](C)[C@@H](N=[N+]=[N-])[C@H](OCc3ccccc3)[C@@H]2O[C@H]2O[C@H](C)[C@@H](N=[N+]=[N-])[C@H](OCc3ccccc3)[C@@H]2O)[C@@H]1OCc1ccccc1,1DDD24E7
24,"Carbohydrate Research (2001), 331(4), 375-391",期刊,2001,31-013-CAS-4060852,O(CC1=CC=CC=C1)[C@H]2[C@H](OCC3=CC=CC=C3)[C@@H](COCC4=CC=CC=C4)O[C@H](SC)[C@H]2OCC5=CC=CC=C5,thioglycoside,N(=[N+]=[N-])[C@@H]1[C@@H](OCC2=CC=CC=C2)[C@H](O)[C@@H](COCC3=CC=CC=C3)O[C@H]1O[Si](C(C)(C)C)(C)C,Toluene,C=1C=CC(=CC1)C,1,Silver triflate,[Ag].O=S(=O)(O)C(F)(F)F,1,,0,,0,a,0,CS[C@H]1O[C@H](COCc2ccccc2)[C@@H](OCc2ccccc2)[C@H](OCc2ccccc2)[C@@H]1OCc1ccccc1,CC(C)(C)[Si](C)(C)O[C@@H]1O[C@H](COCc2ccccc2)[C@@H](O)[C@H](OCc2ccccc2)[C@H]1N=[N+]=[N-],80719ABC
25,"Tetrahedron Letters (2006), 47(21), 3583-3587",期刊,2006,31-013-CAS-5148511,O(CC1=CC=CC=C1)[C@H]2[C@H](OCC3=CC=CC=C3)[C@@H](COC(=O)C4=CC=CC=C4)O[C@@H](SCC)[C@@H]2OCC5=CC=CC=C5,thioglycoside,N(=[N+]=[N-])[C@@H]1[C@@H](OC(C)=O)[C@@H](O)[C@@H](COCC2=CC=CC=C2)O[C@@H]1OC,Dichloromethane,ClCCl,1,,,0,-5.0,1,,0,a,0,CCS[C@@H]1O[C@H](COC(=O)c2ccccc2)[C@@H](OCc2ccccc2)[C@H](OCc2ccccc2)[C@H]1OCc1ccccc1,CO[C@H]1O[C@H](COCc2ccccc2)[C@H](O)[C@H](OC(C)=O)[C@H]1N=[N+]=[N-],676A1740
26,"Journal of the American Chemical Society (2001), 123(28), 6819-6825",期刊,2001,31-301-CAS-13234743,O(CC1=CC=CC=C1)[C@H]2[C@]3([C@](O[C@](S(=O)C4=CC=CC=C4)([C@H]2OCC5=CC=CC=C5)[H])(CO[C@H](O3)C6=CC=CC=C6)[H])[H],thioglycoside,O(CC1=CC=CC=C1)[C@@H]2[C@@H](N=[N+]=[N-])[C@H](OC)O[C@H](COCC3=CC=CC=C3)[C@H]2O,Dichloromethane,ClCCl,1,Trifluoromethanesulfonic anhydride,O=S(=O)(OS(=O)(=O)C(F)(F)F)C(F)(F)F,1,,0,,0,b,1,O=S(c1ccccc1)[C@H]1O[C@@H]2CO[C@@H](c3ccccc3)O[C@H]2[C@H](OCc2ccccc2)[C@@H]1OCc1ccccc1,CO[C@@H]1O[C@H](COCc2ccccc2)[C@@H](O)[C@H](OCc2ccccc2)[C@H]1N=[N+]=[N-],A9591926
27,"Organic & Biomolecular Chemistry (2018), 16(45), 8791-8803",期刊,2018,31-013-CAS-20094021,O(C(=O)C1=CC=CC=C1)[C@H]2[C@H](OC(=O)C3=CC=CC=C3)[C@@H](C(OC)=O)O[C@@H](SC)[C@@H]2OC(=O)C4=CC=CC=C4,thioglycoside,O(CC1=CC=CC=C1)[C@@H]2[C@@H](N=[N+]=[N-])[C@@H](OC)O[C@H](COC(=O)C3=CC=CC=C3)[C@H]2O,Dichloromethane,ClCCl,1,Trimethylsilyl triflate,O=S(=O)(O[Si](C)(C)C)C(F)(F)F,1,25.0,1,30.0,1,b,1,COC(=O)[C@H]1O[C@@H](SC)[C@H](OC(=O)c2ccccc2)[C@@H](OC(=O)c2ccccc2)[C@@H]1OC(=O)c1ccccc1,CO[C@H]1O[C@H](COC(=O)c2ccccc2)[C@@H](O)[C@H](OCc2ccccc2)[C@H]1N=[N+]=[N-],8F7BB063
28,"Journal of the American Chemical Society (2014), 136(46), 16260-16269",期刊,2014,31-013-CAS-3134189,O([C@H]1[C@@H](OCC2=CC=CC=C2)[C@H](N=[N+]=[N-])[C@@H](C)O[C@@H]1SCC)[C@@H]3[C@@H](OC(=O)C4=CC=CC=C4)[C@@H](OCC5=CC=CC=C5)[C@H](N=[N+]=[N-])[C@@H](C)O3,thioglycoside,O(CC1=CC=CC=C1)[C@H]2[C@H](N=[N+]=[N-])[C@@H](C)O[C@H](OCCCCCC(OC)=O)[C@H]2O,Dichloromethane,ClCCl,1,Methyl triflate,O=S(=O)(OC)C(F)(F)F,1,21.0,1,240.0,1,a,0,CCS[C@H]1O[C@H](C)[C@@H](N=[N+]=[N-])[C@H](OCc2ccccc2)[C@@H]1O[C@H]1O[C@H](C)[C@@H](N=[N+]=[N-])[C@H](OCc2ccccc2)[C@@H]1OC(=O)c1ccccc1,COC(=O)CCCCCO[C@H]1O[C@H](C)[C@@H](N=[N+]=[N-])[C@H](OCc2ccccc2)[C@@H]1O,098C438F
29,"Tetrahedron: Asymmetry (2005), 16(1), 187-197",期刊,2005,31-013-CAS-1517023,O([C@H]1[C@@H](OCC2=CC=CC=C2)[C@H](N=[N+]=[N-])[C@@H](C)O[C@@H]1SCC)[C@@H]3[C@@H](OC(C)=O)[C@@H](OCC4=CC=CC=C4)[C@H](N=[N+]=[N-])[C@@H](C)O3,thioglycoside,O([C@H]1[C@@H](OCC2=CC=CC=C2)[C@H](N=[N+]=[N-])[C@@H](C)O[C@@H]1OCCCCCC(OC)=O)[C@@H]3[C@@H](O)[C@@H](OCC4=CC=CC=C4)[C@H](N=[N+]=[N-])[C@@H](C)O3,Dichloromethane;Toluene,ClCCl;C=1C=CC(=CC1)C,1,Triethylamine,N(CC)(CC)CC,1,25.0,1,15.0,1,a,0,CCS[C@H]1O[C@H](C)[C@@H](N=[N+]=[N-])[C@H](OCc2ccccc2)[C@@H]1O[C@H]1O[C@H](C)[C@@H](N=[N+]=[N-])[C@H](OCc2ccccc2)[C@@H]1OC(C)=O,COC(=O)CCCCCO[C@H]1O[C@H](C)[C@@H](N=[N+]=[N-])[C@H](OCc2ccccc2)[C@@H]1O[C@H]1O[C@H](C)[C@@H](N=[N+]=[N-])[C@H](OCc2ccccc2)[C@@H]1O,7A64216D
30,"World Intellectual Property Organization, WO2018083490 A2 2018-05-11",专利,2018,31-013-CAS-20074845,O([C@H]1[C@@H](OCC2=CC=CC=C2)[C@H](N=[N+]=[N-])[C@@H](C)O[C@@H]1SCC)[C@@H]3[C@@H](OC(=O)C4=CC=CC=C4)[C@@H](OC(=O)C5=CC=CC=C5)[C@H](N=[N+]=[N-])[C@@H](C)O3,thioglycoside,O(CC1=CC=CC=C1)[C@H]2[C@H](N=[N+]=[N-])[C@@H](C)O[C@H](OCCCCCC(OC)=O)[C@H]2O,Dichloromethane,ClCCl,1,Trimethylsilyl triflate,O=S(=O)(O[Si](C)(C)C)C(F)(F)F,1,25.0,1,60.0,1,a,0,CCS[C@H]1O[C@H](C)[C@@H](N=[N+]=[N-])[C@H](OCc2ccccc2)[C@@H]1O[C@H]1O[C@H](C)[C@@H](N=[N+]=[N-])[C@H](OC(=O)c2ccccc2)[C@@H]1OC(=O)c1ccccc1,COC(=O)CCCCCO[C@H]1O[C@H](C)[C@@H](N=[N+]=[N-])[C@H](OCc2ccccc2)[C@@H]1O,F9DE3B56
31,"ACS Central Science (2017), 3(3), 224-231",期刊,2017,31-013-CAS-17381425,O([C@H]1[C@@H](OCC2=CC=CC=C2)[C@H](N=[N+]=[N-])[C@@H](C)O[C@@H]1SCC)[C@@H]3[C@@H](OC(=O)C4=CC=CC=C4)[C@@H](OC(=O)C5=CC=CC=C5)[C@H](N=[N+]=[N-])[C@@H](C)O3,thioglycoside,O(CC1=CC=CC=C1)[C@H]2[C@H](N=[N+]=[N-])[C@@H](C)O[C@H](OCCCCCC(OC)=O)[C@H]2O,Dichloromethane,ClCCl,1,N-Iodosuccinimide,O=C1N(I)C(=O)CC1,1,25.0,1,60.0,1,a,0,CCS[C@H]1O[C@H](C)[C@@H](N=[N+]=[N-])[C@H](OCc2ccccc2)[C@@H]1O[C@H]1O[C@H](C)[C@@H](N=[N+]=[N-])[C@H](OC(=O)c2ccccc2)[C@@H]1OC(=O)c1ccccc1,COC(=O)CCCCCO[C@H]1O[C@H](C)[C@@H](N=[N+]=[N-])[C@H](OCc2ccccc2)[C@@H]1O,F9DE3B56
32,"Chemistry - A European Journal (2021), 27(51), 13040-13051",期刊,2021,31-614-CAS-34701874,O(C(C)=O)[C@@H]1[C@@H](OC(C)=O)[C@H](SC2=CC=CC=C2)O[C@H](COC(C)=O)[C@@H]1OC(C)=O,thioglycoside,O(CC1=CC=CC=C1)[C@@H]2[C@@H](N=[N+]=[N-])[C@H](OC)O[C@H](CF)[C@H]2O,Dichloromethane;Toluene,ClCCl;C=1C=CC(=CC1)C,1,Trifluoromethanesulfonic acid,O=S(=O)(O)C(F)(F)F,1,25.0,1,60.0,1,b,1,CC(=O)OC[C@H]1O[C@@H](Sc2ccccc2)[C@H](OC(C)=O)[C@@H](OC(C)=O)[C@H]1OC(C)=O,CO[C@@H]1O[C@H](CF)[C@@H](O)[C@H](OCc2ccccc2)[C@H]1N=[N+]=[N-],53B048CA
33,"World Intellectual Property Organization, WO2010029185 A1 2010-03-18",专利,2010,31-013-CAS-4038549,O(CC1=CC=CC=C1)[C@H]2[C@]3([C@@](OC(SCC)[C@@H]2OC(=O)C4=CC=CC=C4)(COC(C)(C)O3)[H])[H],thioglycoside,O(CC1=CC=CC=C1)[C@@H]2[C@@H](N=[N+]=[N-])[C@]3(O[C@@]([C@H]2O)(CO3)[H])[H],Dichloromethane,ClCCl,1,Trifluoromethanesulfonic acid,O=S(=O)(O)C(F)(F)F,1,25.0,1,30.0,1,a,0,CCSC1O[C@H]2COC(C)(C)O[C@H]2[C@H](OCc2ccccc2)[C@H]1OC(=O)c1ccccc1,[N-]=[N+]=N[C@H]1[C@@H]2OC[C@@H](O2)[C@@H](O)[C@@H]1OCc1ccccc1,60A7C97F
34,"Organic Letters (2020), 22(12), 4638-4642",期刊,2020,31-013-CAS-22198141,O(CC1=CC=CC=C1)[C@H]2[C@]3([C@@](O[C@@H](SC4=CC=C(C)C=C4)[C@@H]2OC(C)=O)(CO[C@H](O3)C5=CC=CC=C5)[H])[H],thioglycoside,O(CC1=CC=CC=C1)[C@@H]2[C@@H](N=[N+]=[N-])[C@@H](OC)O[C@H](COC(C)=O)[C@H]2O,Dichloromethane,ClCCl,1,Trimethylsilyl triflate,O=S(=O)(O[Si](C)(C)C)C(F)(F)F,1,-20.0,1,30.0,1,a,0,CC(=O)O[C@@H]1[C@@H](OCc2ccccc2)[C@@H]2O[C@H](c3ccccc3)OC[C@@H]2O[C@H]1Sc1ccc(C)cc1,CO[C@H]1O[C@H](COC(C)=O)[C@@H](O)[C@H](OCc2ccccc2)[C@H]1N=[N+]=[N-],FEEF1A73
35,"Synlett (1990), (8), 445-8",期刊,1990,31-013-CAS-3072578,N(=[N+]=[N-])[C@@H]1[C@@]2([C@]([C@@H](COCC3=CC=CC=C3)O[C@H]1SC(OCC)=S)(OC(C)(C)O2)[H])[H],thioglycoside,O(CC1=CC=C(OC)C=C1)[C@@H]2[C@@H](N=[N+]=[N-])[C@@H](OC)O[C@H](COCC3=CC=CC=C3)[C@@H]2O,,,0,,,0,,0,,0,a,0,CCOC(=S)S[C@@H]1O[C@H](COCc2ccccc2)[C@@H]2OC(C)(C)O[C@@H]2[C@H]1N=[N+]=[N-],COc1ccc(CO[C@H]2[C@@H](O)[C@@H](COCc3ccccc3)O[C@H](OC)[C@@H]2N=[N+]=[N-])cc1,B6D717AC
36,"Tetrahedron: Asymmetry (2005), 16(1), 187-197",期刊,2005,31-013-CAS-6042780,O([C@@H]1[C@@H](O[C@H]2[C@@H](OCC3=CC=CC=C3)[C@H](N=[N+]=[N-])[C@@H](C)O[C@@H]2SCC)O[C@H](C)[C@@H](N=[N+]=[N-])[C@@H]1OCC4=CC=CC=C4)[C@@H]5[C@@H](O[C@@H]6[C@@H](OC)[C@@H](OCC7=CC=CC=C7)[C@H](N=[N+]=[N-])[C@@H](C)O6)[C@@H](OCC8=CC=CC=C8)[C@H](N=[N+]=[N-])[C@@H](C)O5,thioglycoside,O([C@H]1[C@@H](OCC2=CC=CC=C2)[C@H](N=[N+]=[N-])[C@@H](C)O[C@@H]1OCCCCCC(OC)=O)[C@@H]3[C@@H](O)[C@@H](OCC4=CC=CC=C4)[C@H](N=[N+]=[N-])[C@@H](C)O3,Dichloromethane;Toluene,ClCCl;C=1C=CC(=CC1)C,1,Triethylamine,N(CC)(CC)CC,1,25.0,1,15.0,1,a,0,CCS[C@H]1O[C@H](C)[C@@H](N=[N+]=[N-])[C@H](OCc2ccccc2)[C@@H]1O[C@H]1O[C@H](C)[C@@H](N=[N+]=[N-])[C@H](OCc2ccccc2)[C@@H]1O[C@H]1O[C@H](C)[C@@H](N=[N+]=[N-])[C@H](OCc2ccccc2)[C@@H]1O[C@H]1O[C@H](C)[C@@H](N=[N+]=[N-])[C@H](OCc2ccccc2)[C@@H]1OC,COC(=O)CCCCCO[C@H]1O[C@H](C)[C@@H](N=[N+]=[N-])[C@H](OCc2ccccc2)[C@@H]1O[C@H]1O[C@H](C)[C@@H](N=[N+]=[N-])[C@H](OCc2ccccc2)[C@@H]1O,1FC274FC
37,"Organic & Biomolecular Chemistry (2023), 21(10), 2101-2106",期刊,2023,31-614-CAS-39834147,O(CC1=CC=CC=C1)[C@H]2[C@]3([C@](O[C@H](SC4=CC=C(C)C=C4)[C@@H]2N=[N+]=[N-])(CO[Si](C(C)(C)C)(C(C)(C)C)O3)[H])[H],thioglycoside,N(=[N+]=[N-])[C@H]1[C@H](O[Si](C(C)(C)C)(C)C)O[C@H](COCC2=CC=CC=C2)[C@@H](O)[C@@H]1OC(C)=O,Dichloromethane,ClCCl,1,Iodonium,[IH2+],1,25.0,1,,0,a,0,Cc1ccc(S[C@H]2O[C@@H]3CO[Si](C(C)(C)C)(C(C)(C)C)O[C@H]3[C@H](OCc3ccccc3)[C@H]2N=[N+]=[N-])cc1,CC(=O)O[C@H]1[C@H](O)[C@@H](COCc2ccccc2)O[C@@H](O[Si](C)(C)C(C)(C)C)[C@@H]1N=[N+]=[N-],CA0D72B8
38,"Angewandte Chemie, International Edition (2017), 56(9), 2312-2317",期刊,2017,31-013-CAS-16760997,O(CC1=CC=CC=C1)[C@H]2[C@]3([C@](O[C@@H](SCC)[C@@H]2OC(=O)C4=CC=CC=C4)(CO[C@H](O3)C5=CC=CC=C5)[H])[H],thioglycoside,O(CC1=CC=CC=C1)[C@@H]2[C@@H](N=[N+]=[N-])[C@@H](OC)O[C@H](COCC3=CC=CC=C3)[C@H]2O,Dichloromethane;Diethyl ether,ClCCl;O(CC)CC,1,Triethylamine,N(CC)(CC)CC,1,0.0,1,180.0,1,b,1,CCS[C@@H]1O[C@@H]2CO[C@@H](c3ccccc3)O[C@H]2[C@H](OCc2ccccc2)[C@H]1OC(=O)c1ccccc1,CO[C@H]1O[C@H](COCc2ccccc2)[C@@H](O)[C@H](OCc2ccccc2)[C@H]1N=[N+]=[N-],C4656B38
39,"European Journal of Organic Chemistry (2005), (5), 918-924",期刊,2005,31-013-CAS-308870,O(CC1=CC=CC=C1)[C@H]2[C@]3([C@](O[C@H](SC4=CC=C(OC)C=C4)[C@H]2N=[N+]=[N-])(CO[C@H](O3)C5=CC=CC=C5)[H])[H],thioglycoside,N(=[N+]=[N-])[C@@H]1[C@@H](OCC2=CC=CC=C2)[C@H](O)[C@@H](COCC3=CC=CC=C3)O[C@H]1O[Si](C(C)(C)C)(C)C,Dichloromethane,ClCCl,1,Triethylamine,N(CC)(CC)CC,1,-60.0,1,10.0,1,a,0,COc1ccc(S[C@H]2O[C@@H]3CO[C@@H](c4ccccc4)O[C@H]3[C@H](OCc3ccccc3)[C@@H]2N=[N+]=[N-])cc1,CC(C)(C)[Si](C)(C)O[C@@H]1O[C@H](COCc2ccccc2)[C@@H](O)[C@H](OCc2ccccc2)[C@H]1N=[N+]=[N-],094C5AFE
40,"Chemistry - A European Journal (2021), 27(51), 13040-13051",期刊,2021,31-614-CAS-34701878,O(C(C)=O)[C@@H]1[C@@H](OC(C)=O)[C@H](SC2=CC=CC=C2)O[C@H](CF)[C@H]1OC(C)=O,thioglycoside,O(CC1=CC=CC=C1)[C@@H]2[C@@H](N=[N+]=[N-])[C@H](OC)O[C@H](COCC3=CC=CC=C3)[C@H]2O,Dichloromethane;Toluene,ClCCl;C=1C=CC(=CC1)C,1,Trifluoromethanesulfonic acid,O=S(=O)(O)C(F)(F)F,1,25.0,1,60.0,1,b,1,CC(=O)O[C@@H]1[C@@H](OC(C)=O)[C@H](Sc2ccccc2)O[C@H](CF)[C@H]1OC(C)=O,CO[C@@H]1O[C@H](COCc2ccccc2)[C@@H](O)[C@H](OCc2ccccc2)[C@H]1N=[N+]=[N-],B7201C10
41,"World Intellectual Property Organization, WO2024199442 A1 2024-10-03",专利,2024,31-614-CAS-42125040,O(CC1=CC=CC=C1)[C@H]2[C@]3([C@](O[C@H](SC4=CC=C(C)C=C4)[C@H]2OCC5=CC=CC=C5)(CO[C@H](O3)C6=CC=CC=C6)[H])[H],thioglycoside,N(=[N+]=[N-])[C@@H]1[C@@H](OCC2=CC=CC=C2)[C@H](O)[C@@H](COCC3=CC=CC=C3)O[C@H]1OCC4=CC=CC=C4,Dichloromethane,ClCCl,1,Trifluoromethanesulfonic anhydride,O=S(=O)(OS(=O)(=O)C(F)(F)F)C(F)(F)F,1,25.0,1,30.0,1,b,1,Cc1ccc(S[C@H]2O[C@@H]3CO[C@@H](c4ccccc4)O[C@H]3[C@H](OCc3ccccc3)[C@@H]2OCc2ccccc2)cc1,[N-]=[N+]=N[C@H]1[C@H](OCc2ccccc2)O[C@H](COCc2ccccc2)[C@@H](O)[C@@H]1OCc1ccccc1,73F06BE9
42,"China, CN114478659 A 2022-05-13",专利,2022,31-614-CAS-35145137,O(CC1=CC=CC=C1)[C@H]2[C@]3([C@](O[C@H](SC4=CC=C(C)C=C4)[C@H]2OCC5=CC=CC=C5)(CO[C@H](O3)C6=CC=CC=C6)[H])[H],thioglycoside,N(=[N+]=[N-])[C@@H]1[C@@H](OCC2=CC=CC=C2)[C@H](O)[C@@H](COCC3=CC=CC=C3)O[C@H]1OCC4=CC=CC=C4,Dichloromethane,ClCCl,1,Sodium bicarbonate,[Na].O=C(O)O,1,25.0,1,5.0,1,b,1,Cc1ccc(S[C@H]2O[C@@H]3CO[C@@H](c4ccccc4)O[C@H]3[C@H](OCc3ccccc3)[C@@H]2OCc2ccccc2)cc1,[N-]=[N+]=N[C@H]1[C@H](OCc2ccccc2)O[C@H](COCc2ccccc2)[C@@H](O)[C@@H]1OCc1ccccc1,73F06BE9
43,"European Journal of Organic Chemistry (2007), (1), 116-124",期刊,2007,31-013-CAS-7066819,O(CC1=CC=CC=C1)[C@@H]2[C@@H](OCC3=CC=CC=C3)[C@H](SC4=CC=CC=C4)O[C@H](C)[C@@H]2N=[N+]=[N-],thioglycoside,S([C@@H]1[C@@H](N=[N+]=[N-])[C@@H](OCC2=CC=CC=C2)[C@H](O)[C@@H](C(OC)=O)O1)C3=CC=CC=C3,Dichloromethane,ClCCl,1,Diphenyl sulfoxide,O=S(C=1C=CC=CC1)C=2C=CC=CC2,1,25.0,1,30.0,1,a,0,C[C@H]1O[C@@H](Sc2ccccc2)[C@H](OCc2ccccc2)[C@@H](OCc2ccccc2)[C@H]1N=[N+]=[N-],COC(=O)[C@H]1O[C@H](Sc2ccccc2)[C@@H](N=[N+]=[N-])[C@@H](OCc2ccccc2)[C@@H]1O,4355CBFE
44,"Carbohydrate Research (2006), 341(10), 1619-1629",期刊,2006,31-013-CAS-15220844,O(CC1=CC=CC=C1)[C@@H]2[C@@H](OC(=O)C3=CC=CC=C3)[C@H](SCC)O[C@@H](COC(C)=O)[C@H]2OC(C)=O,thioglycoside,O(CC1=CC=CC=C1)[C@@H]2[C@@H](N=[N+]=[N-])[C@]3(O[C@@]([C@H]2O)(CO3)[H])[H],Toluene,C=1C=CC(=CC1)C,1,Triethylamine,N(CC)(CC)CC,1,25.0,1,30.0,1,a,0,CCS[C@@H]1O[C@@H](COC(C)=O)[C@@H](OC(C)=O)[C@H](OCc2ccccc2)[C@H]1OC(=O)c1ccccc1,[N-]=[N+]=N[C@H]1[C@@H]2OC[C@@H](O2)[C@@H](O)[C@@H]1OCc1ccccc1,C1F022CE
45,"Organic Letters (2020), 22(12), 4638-4642",期刊,2020,31-013-CAS-22198140,O(CC1=CC=CC=C1)[C@H]2[C@]3([C@@](O[C@@H](SC4=CC=C(C)C=C4)[C@@H]2OC(=O)C5=CC=CC=C5)(CO[C@H](O3)C6=CC=CC=C6)[H])[H],thioglycoside,O(CC1=CC=CC=C1)[C@@H]2[C@@H](N=[N+]=[N-])[C@@H](OC)O[C@H](COC(C)=O)[C@H]2O,Dichloromethane,ClCCl,1,Trimethylsilyl triflate,O=S(=O)(O[Si](C)(C)C)C(F)(F)F,1,-20.0,1,30.0,1,a,0,Cc1ccc(S[C@@H]2O[C@H]3CO[C@@H](c4ccccc4)O[C@H]3[C@H](OCc3ccccc3)[C@H]2OC(=O)c2ccccc2)cc1,CO[C@H]1O[C@H](COC(C)=O)[C@@H](O)[C@H](OCc2ccccc2)[C@H]1N=[N+]=[N-],DB0A03B3
46,"Organic & Biomolecular Chemistry (2023), 21(10), 2101-2106",期刊,2023,31-614-CAS-39834137,O(CC1=CC=CC=C1)[C@H]2[C@]3([C@@](O[C@@H](SC4=CC=C(C)C=C4)[C@@H]2OC(=O)C5=CC=CC=C5)(CO[Si](C(C)(C)C)(C(C)(C)C)O3)[H])[H],thioglycoside,O(CC1=CC=CC=C1)[C@@H]2[C@@H](N=[N+]=[N-])[C@]3(O[C@@]([C@H]2O)(CO3)[H])[H],Dichloromethane,ClCCl,1,Iodonium,[IH2+],1,25.0,1,,0,a,0,Cc1ccc(S[C@@H]2O[C@H]3CO[Si](C(C)(C)C)(C(C)(C)C)O[C@H]3[C@H](OCc3ccccc3)[C@H]2OC(=O)c2ccccc2)cc1,[N-]=[N+]=N[C@H]1[C@@H]2OC[C@@H](O2)[C@@H](O)[C@@H]1OCc1ccccc1,953A244E
47,"Tetrahedron: Asymmetry (2005), 16(1), 187-197",期刊,2005,31-013-CAS-13040293,O([C@H]1[C@@H](OCC2=CC=CC=C2)[C@H](N=[N+]=[N-])[C@@H](C)O[C@@H]1SCC)[C@@H]3[C@@H](OC(C)=O)[C@@H](OCC4=CC=CC=C4)[C@H](N=[N+]=[N-])[C@@H](C)O3,thioglycoside,O([C@@H]1[C@@H](O[C@H]2[C@@H](OCC3=CC=CC=C3)[C@H](N=[N+]=[N-])[C@@H](C)O[C@@H]2OCCCCCC(OC)=O)O[C@H](C)[C@@H](N=[N+]=[N-])[C@@H]1OCC4=CC=CC=C4)[C@@H]5[C@@H](O[C@@H]6[C@@H](O)[C@@H](OCC7=CC=CC=C7)[C@H](N=[N+]=[N-])[C@@H](C)O6)[C@@H](OCC8=CC=CC=C8)[C@H](N=[N+]=[N-])[C@@H](C)O5,Dichloromethane;Toluene,ClCCl;C=1C=CC(=CC1)C,1,Triethylamine,N(CC)(CC)CC,1,25.0,1,15.0,1,a,0,CCS[C@H]1O[C@H](C)[C@@H](N=[N+]=[N-])[C@H](OCc2ccccc2)[C@@H]1O[C@H]1O[C@H](C)[C@@H](N=[N+]=[N-])[C@H](OCc2ccccc2)[C@@H]1OC(C)=O,COC(=O)CCCCCO[C@H]1O[C@H](C)[C@@H](N=[N+]=[N-])[C@H](OCc2ccccc2)[C@@H]1O[C@H]1O[C@H](C)[C@@H](N=[N+]=[N-])[C@H](OCc2ccccc2)[C@@H]1O[C@H]1O[C@H](C)[C@@H](N=[N+]=[N-])[C@H](OCc2ccccc2)[C@@H]1O[C@H]1O[C@H](C)[C@@H](N=[N+]=[N-])[C@H](OCc2ccccc2)[C@@H]1O,3FEABC9A
48,"Tetrahedron: Asymmetry (2005), 16(1), 187-197",期刊,2005,31-013-CAS-15171815,O([C@@H]1[C@@H](O[C@H]2[C@@H](OCC3=CC=CC=C3)[C@H](N=[N+]=[N-])[C@@H](C)O[C@@H]2SCC)O[C@H](C)[C@@H](N=[N+]=[N-])[C@@H]1OCC4=CC=CC=C4)[C@@H]5[C@@H](O[C@@H]6[C@@H](OC(C)=O)[C@@H](OCC7=CC=CC=C7)[C@H](N=[N+]=[N-])[C@@H](C)O6)[C@@H](OCC8=CC=CC=C8)[C@H](N=[N+]=[N-])[C@@H](C)O5,thioglycoside,O([C@H]1[C@@H](OCC2=CC=CC=C2)[C@H](N=[N+]=[N-])[C@@H](C)O[C@@H]1OCCCCCC(OC)=O)[C@@H]3[C@@H](O)[C@@H](OCC4=CC=CC=C4)[C@H](N=[N+]=[N-])[C@@H](C)O3,Dichloromethane;Toluene,ClCCl;C=1C=CC(=CC1)C,1,Triethylamine,N(CC)(CC)CC,1,25.0,1,15.0,1,a,0,CCS[C@H]1O[C@H](C)[C@@H](N=[N+]=[N-])[C@H](OCc2ccccc2)[C@@H]1O[C@H]1O[C@H](C)[C@@H](N=[N+]=[N-])[C@H](OCc2ccccc2)[C@@H]1O[C@H]1O[C@H](C)[C@@H](N=[N+]=[N-])[C@H](OCc2ccccc2)[C@@H]1O[C@H]1O[C@H](C)[C@@H](N=[N+]=[N-])[C@H](OCc2ccccc2)[C@@H]1OC(C)=O,COC(=O)CCCCCO[C@H]1O[C@H](C)[C@@H](N=[N+]=[N-])[C@H](OCc2ccccc2)[C@@H]1O[C@H]1O[C@H](C)[C@@H](N=[N+]=[N-])[C@H](OCc2ccccc2)[C@@H]1O,94455C24
49,"World Intellectual Property Organization, WO2016198170 A1 2016-12-15",专利,2016,31-013-CAS-17243080,O(CC1=CC=CC=C1)[C@H]2[C@H](OCC3=CC=CC=C3)[C@@H](COCC4=CC=CC=C4)O[C@@H](SCC)[C@@H]2OC(CCC(C)=O)=O,thioglycoside,N(=[N+]=[N-])[C@@H]1[C@H](O[Si](C(C(C)C)(C)C)(C)C)O[C@@H](C)[C@@H](O)[C@H]1OC(C)=O,Dichloromethane,ClCCl,1,Trifluoroacetic acid,O=C(O)C(F)(F)F,1,-30.0,1,60.0,1,b,1,CCS[C@@H]1O[C@H](COCc2ccccc2)[C@@H](OCc2ccccc2)[C@H](OCc2ccccc2)[C@H]1OC(=O)CCC(C)=O,CC(=O)O[C@@H]1[C@H](O)[C@H](C)O[C@@H](O[Si](C)(C)C(C)(C)C(C)C)[C@H]1N=[N+]=[N-],DA4D620D
50,"Angewandte Chemie, International Edition (2021), 60(22), 12413-12423",期刊,2021,31-013-CAS-23633955,O(CC1=CC=CC=C1)[C@@H]2[C@H](OCC3=CC=CC=C3)[C@H](SC4=CC=C(C)C=C4)O[C@H](COCC5=CC=CC=C5)[C@H]2OCC6=CC=CC=C6,thioglycoside,S([C@@H]1[C@H](N=[N+]=[N-])[C@@H](OCC2=CC=CC=C2)[C@H](O)[C@@H](COCC3=CC=CC=C3)O1)C4=CC=C(C)C=C4,Dichloromethane,ClCCl,1,Trifluoromethanesulfonic acid,O=S(=O)(O)C(F)(F)F,1,-40.0,1,60.0,1,a,0,Cc1ccc(S[C@@H]2O[C@H](COCc3ccccc3)[C@@H](OCc3ccccc3)[C@H](OCc3ccccc3)[C@@H]2OCc2ccccc2)cc1,Cc1ccc(S[C@H]2O[C@H](COCc3ccccc3)[C@@H](O)[C@H](OCc3ccccc3)[C@H]2N=[N+]=[N-])cc1,803F8B3D
51,"Journal of the American Chemical Society (2014), 136(46), 16260-16269",期刊,2014,31-013-CAS-14695973,O([C@H]1[C@@H](OCC2=CC=CC=C2)[C@H](N=[N+]=[N-])[C@@H](C)O[C@@H]1SCC)[C@@H]3[C@@H](OC(=O)C4=CC=CC=C4)[C@@H](OCC5=CC=CC=C5)[C@H](N=[N+]=[N-])[C@@H](C)O3,thioglycoside,O([C@@H]1[C@@H](O[C@H]2[C@@H](OCC3=CC=CC=C3)[C@H](N=[N+]=[N-])[C@@H](C)O[C@@H]2OCCCCCC(OC)=O)O[C@H](C)[C@@H](N=[N+]=[N-])[C@@H]1OCC4=CC=CC=C4)[C@@H]5[C@@H](O)[C@@H](OCC6=CC=CC=C6)[C@H](N=[N+]=[N-])[C@@H](C)O5,Dichloromethane,ClCCl,1,Methyl triflate,O=S(=O)(OC)C(F)(F)F,1,21.0,1,240.0,1,a,0,CCS[C@H]1O[C@H](C)[C@@H](N=[N+]=[N-])[C@H](OCc2ccccc2)[C@@H]1O[C@H]1O[C@H](C)[C@@H](N=[N+]=[N-])[C@H](OCc2ccccc2)[C@@H]1OC(=O)c1ccccc1,COC(=O)CCCCCO[C@H]1O[C@H](C)[C@@H](N=[N+]=[N-])[C@H](OCc2ccccc2)[C@@H]1O[C@H]1O[C@H](C)[C@@H](N=[N+]=[N-])[C@H](OCc2ccccc2)[C@@H]1O[C@H]1O[C@H](C)[C@@H](N=[N+]=[N-])[C@H](OCc2ccccc2)[C@@H]1O,F3F8239C
52,"Journal of Organic Chemistry (2006), 71(8), 3064-3070",期刊,2006,31-614-CAS-24965272,O([Si](C(C)(C)C)(C)C)[C@H]1[C@]2([C@](O[C@H](S(=O)C3=CC=CC=C3)[C@H]1OCC4=CC=CC=C4)(CO[C@H](O2)C5=CC=CC=C5)[H])[H],thioglycoside,N(=[N+]=[N-])[C@@H]1[C@@H](OCC2=CC=CC=C2)[C@H](O)[C@@H](COCC3=CC=CC=C3)O[C@H]1OCCCC=C,Dichloromethane,ClCCl,1,Triethyl phosphite,O(P(OCC)OCC)CC,1,-60.0,1,,0,a,0,CC(C)(C)[Si](C)(C)O[C@H]1[C@@H]2O[C@H](c3ccccc3)OC[C@H]2O[C@H](S(=O)c2ccccc2)[C@H]1OCc1ccccc1,C=CCCCO[C@@H]1O[C@H](COCc2ccccc2)[C@@H](O)[C@H](OCc2ccccc2)[C@H]1N=[N+]=[N-],8431E346
53,"Chemistry - A European Journal (2021), 27(51), 13040-13051",期刊,2021,31-614-CAS-34701885,S([C@H]1[C@H](OC(C)=O)[C@@H](F)[C@@H](OC(C)=O)[C@@H](COC(C)=O)O1)C2=CC=CC=C2,thioglycoside,O(CC1=CC=CC=C1)[C@@H]2[C@@H](N=[N+]=[N-])[C@H](OC)O[C@H](COCC3=CC=CC=C3)[C@H]2O,Dichloromethane;Toluene,ClCCl;C=1C=CC(=CC1)C,1,Trifluoromethanesulfonic acid,O=S(=O)(O)C(F)(F)F,1,25.0,1,60.0,1,a,0,CC(=O)OC[C@H]1O[C@@H](Sc2ccccc2)[C@H](OC(C)=O)[C@@H](F)[C@H]1OC(C)=O,CO[C@@H]1O[C@H](COCc2ccccc2)[C@@H](O)[C@H](OCc2ccccc2)[C@H]1N=[N+]=[N-],A1A58616
54,"Tetrahedron Letters (2000), 41(30), 5643-5646",期刊,2000,31-301-CAS-11878337,O(CC1=CC=CC=C1)[C@H]2[C@]3([C@](O[C@H](S(=O)C4=CC=CC=C4)[C@H]2OCC5=CC=CC=C5)(CO[C@H](O3)C6=CC=CC=C6)[H])[H],thioglycoside,N(=[N+]=[N-])[C@@H]1[C@@H](OCC2=CC=CC=C2)[C@H](O)[C@@H](COCC3=CC=CC=C3)O[C@H]1OCCCC=C,Dichloromethane,ClCCl,1,Trifluoromethanesulfonic anhydride,O=S(=O)(OS(=O)(=O)C(F)(F)F)C(F)(F)F,1,,0,,0,b,1,O=S(c1ccccc1)[C@H]1O[C@@H]2CO[C@@H](c3ccccc3)O[C@H]2[C@H](OCc2ccccc2)[C@@H]1OCc1ccccc1,C=CCCCO[C@@H]1O[C@H](COCc2ccccc2)[C@@H](O)[C@H](OCc2ccccc2)[C@H]1N=[N+]=[N-],C896BDB6
55,"Chemistry - A European Journal (2021), 27(51), 13040-13051",期刊,2021,31-614-CAS-34701877,O(C(C)=O)[C@@H]1[C@@H](OC(C)=O)[C@H](SC2=CC=CC=C2)O[C@H](COC(C)=O)[C@@H]1OC(C)=O,thioglycoside,O(C)[C@H]1[C@H](N=[N+]=[N-])[C@@H](F)[C@H](O)[C@@H](COCC2=CC=CC=C2)O1,Dichloromethane;Toluene,ClCCl;C=1C=CC(=CC1)C,1,Trifluoromethanesulfonic acid,O=S(=O)(O)C(F)(F)F,1,25.0,1,60.0,1,b,1,CC(=O)OC[C@H]1O[C@@H](Sc2ccccc2)[C@H](OC(C)=O)[C@@H](OC(C)=O)[C@H]1OC(C)=O,CO[C@@H]1O[C@H](COCc2ccccc2)[C@@H](O)[C@H](F)[C@H]1N=[N+]=[N-],65F17DE0
56,"Carbohydrate Research (2008), 343(10-11), 1693-1706",期刊,2008,31-013-CAS-4509020,O(CC1=CC=CC=C1)[C@H]2[C@@H](OC(C)=O)[C@H](N=[N+]=[N-])[C@@H](C)O[C@@H]2SCC,thioglycoside,O([C@@H]1[C@H](OCC2=CC=CC=C2)[C@@H](O[C@@H]3[C@H](OCC4=CC=CC=C4)[C@@H](OCCCCCC(OC)=O)O[C@H](C)[C@H]3N=[N+]=[N-])O[C@H](C)[C@H]1N=[N+]=[N-])[C@@H]5[C@@H](O)[C@@H](OCC6=CC=CC=C6)[C@H](N=[N+]=[N-])[C@@H](C)O5,Dichloromethane;Toluene,ClCCl;C=1C=CC(=CC1)C,1,Silver triflate,[Ag].O=S(=O)(O)C(F)(F)F,1,25.0,1,15.0,1,a,0,CCS[C@H]1O[C@H](C)[C@@H](N=[N+]=[N-])[C@H](OC(C)=O)[C@@H]1OCc1ccccc1,COC(=O)CCCCCO[C@H]1O[C@H](C)[C@@H](N=[N+]=[N-])[C@H](O[C@H]2O[C@H](C)[C@@H](N=[N+]=[N-])[C@H](O[C@H]3O[C@H](C)[C@@H](N=[N+]=[N-])[C@H](OCc4ccccc4)[C@@H]3O)[C@@H]2OCc2ccccc2)[C@@H]1OCc1ccccc1,2FF5D321
57,"Journal of Organic Chemistry (2016), 81(14), 5981-5987",期刊,2016,31-013-CAS-15735982,O(CC1=CC=CC=C1)[C@H]2[C@]3([C@](O[C@@H](SC4=NC=5C(O4)=CC=CC5)[C@@H]2OC(CCC(C)=O)=O)(COC(O3)C6=CC=C(OC)C=C6)[H])[H],thioglycoside,N(=[N+]=[N-])[C@H]1[C@H](OC(C)=O)[C@H](O)[C@H](C)O[C@H]1OCCCC=C,Dichloroethane,ClCCCl,1,Silver triflate,[Ag].O=S(=O)(O)C(F)(F)F,1,25.0,1,120.0,1,b,1,COc1ccc(C2OC[C@H]3O[C@@H](Sc4nc5ccccc5o4)[C@H](OC(=O)CCC(C)=O)[C@@H](OCc4ccccc4)[C@@H]3O2)cc1,C=CCCCO[C@@H]1O[C@@H](C)[C@@H](O)[C@@H](OC(C)=O)[C@@H]1N=[N+]=[N-],8D752960
58,"Carbohydrate Research (2004), 339(14), 2343-2354",期刊,2004,31-013-CAS-379758,O(C(=O)C1=CC=CC=C1)[C@H]2[C@H](OC(=O)C3=CC=CC=C3)[C@@H](COC(=O)C4=CC=CC=C4)O[C@@H](SC)[C@@H]2OC(=O)C5=CC=CC=C5,thioglycoside,O(CC1=CC=CC=C1)[C@@H]2[C@@H](N=[N+]=[N-])[C@]3(O[C@@]([C@H]2O)(CO3)[H])[H],Dichloromethane,ClCCl,1,Silver triflate,[Ag].O=S(=O)(O)C(F)(F)F,1,25.0,1,20.0,1,b,1,CS[C@@H]1O[C@H](COC(=O)c2ccccc2)[C@@H](OC(=O)c2ccccc2)[C@H](OC(=O)c2ccccc2)[C@H]1OC(=O)c1ccccc1,[N-]=[N+]=N[C@H]1[C@@H]2OC[C@@H](O2)[C@@H](O)[C@@H]1OCc1ccccc1,43EDD652
59,"Organic & Biomolecular Chemistry (2023), 21(10), 2101-2106",期刊,2023,31-614-CAS-39834133,O(CC1=CC=CC=C1)[C@H]2[C@]3([C@@](O[C@@H](SC4=CC=C(C)C=C4)[C@@H]2OC(=O)C5=CC=CC=C5)(CO[Si](C(C)(C)C)(C(C)(C)C)O3)[H])[H],thioglycoside,O(CC1=CC=CC=C1)[C@@H]2[C@@H](N=[N+]=[N-])[C@@H](OC)O[C@H](COCC3=CC=CC=C3)[C@H]2O,Dichloromethane,ClCCl,1,Iodonium,[IH2+],1,25.0,1,,0,a,0,Cc1ccc(S[C@@H]2O[C@H]3CO[Si](C(C)(C)C)(C(C)(C)C)O[C@H]3[C@H](OCc3ccccc3)[C@H]2OC(=O)c2ccccc2)cc1,CO[C@H]1O[C@H](COCc2ccccc2)[C@@H](O)[C@H](OCc2ccccc2)[C@H]1N=[N+]=[N-],75DBCE6F
60,"Carbohydrate Research (2008), 343(17), 2853-2862",期刊,2008,31-013-CAS-12386349,O(CC1=CC=CC=C1)[C@H]2[C@]3([C@](O[C@@H](SC4=C(C)C=CC=C4)[C@@H]2OC(=O)C5=CC=CC=C5)(CO[C@H](O3)C6=CC=C(OC)C=C6)[H])[H],thioglycoside,O(CC1=CC=CC=C1)[C@@H]2[C@@H](N=[N+]=[N-])[C@@H](OC)O[C@H](COCC3=CC=C(OC)C=C3)[C@H]2O,Dichloromethane,ClCCl,1,Trifluoromethanesulfonic anhydride,O=S(=O)(OS(=O)(=O)C(F)(F)F)C(F)(F)F,1,25.0,1,30.0,1,b,1,COc1ccc([C@@H]2OC[C@H]3O[C@@H](Sc4ccccc4C)[C@H](OC(=O)c4ccccc4)[C@@H](OCc4ccccc4)[C@@H]3O2)cc1,COc1ccc(COC[C@H]2O[C@H](OC)[C@H](N=[N+]=[N-])[C@@H](OCc3ccccc3)[C@@H]2O)cc1,81FDB199
61,"Canada, CA2806561 C 2015-12-22",专利,2015,31-013-CAS-21359609,O(CC1=CC=CC=C1)[C@@H]2[C@@H](OC(=O)C3=CC=CC=C3)[C@@H](SC4=CC=C(C)C=C4)O[C@@H](COC5=CC=C(OC)C=C5)[C@H]2OC(CCC(C)=O)=O,thioglycoside,O(CC1=CC=CC=C1)[C@@H]2[C@@H](N=[N+]=[N-])[C@@H](OC)O[C@H](COC(=O)C3=CC=CC=C3)[C@H]2O,Dichloromethane,ClCCl,1,Sodium bicarbonate,[Na].O=C(O)O,1,0.0,1,20.0,1,a,0,COc1ccc(OC[C@@H]2O[C@H](Sc3ccc(C)cc3)[C@H](OC(=O)c3ccccc3)[C@@H](OCc3ccccc3)[C@@H]2OC(=O)CCC(C)=O)cc1,CO[C@H]1O[C@H](COC(=O)c2ccccc2)[C@@H](O)[C@H](OCc2ccccc2)[C@H]1N=[N+]=[N-],456187F1
62,"World Intellectual Property Organization, WO2003022860 A1 2003-03-20",专利,2003,31-013-CAS-13461429,O(CC1=CC=CC=C1)[C@@H]2[C@@H](OC(=O)C3=CC=CC=C3)[C@@H](SC4=CC=C(C)C=C4)O[C@@H](COC5=CC=C(OC)C=C5)[C@H]2OC(CCC(C)=O)=O,thioglycoside,O(CC1=CC=CC=C1)[C@@H]2[C@@H](N=[N+]=[N-])[C@@H](OC)O[C@H](COC(=O)C3=CC=CC=C3)[C@H]2O,Dichloromethane,ClCCl,1,Sodium bicarbonate,[Na].O=C(O)O,1,0.0,1,20.0,1,a,0,COc1ccc(OC[C@@H]2O[C@H](Sc3ccc(C)cc3)[C@H](OC(=O)c3ccccc3)[C@@H](OCc3ccccc3)[C@@H]2OC(=O)CCC(C)=O)cc1,CO[C@H]1O[C@H](COC(=O)c2ccccc2)[C@@H](O)[C@H](OCc2ccccc2)[C@H]1N=[N+]=[N-],456187F1
63,"World Intellectual Property Organization, WO2022226425 A1 2022-10-27",专利,2022,31-614-CAS-34973175,O(CC1=CC=C(OC)C=C1)[C@H]2[C@]3([C@](O[C@H](SC4=CC=CC=C4)[C@H]2OCC5=CC=CC=C5)(CO[C@H](O3)C6=CC=CC=C6)[H])[H],thioglycoside,N(=[N+]=[N-])[C@@H]1[C@@H](OCC2=CC=CC=C2)[C@H](O)[C@@H](COCC3=CC=CC=C3)O[C@H]1OCC4=CC=CC=C4,Dichloromethane,ClCCl,1,Trifluoromethanesulfonic anhydride,O=S(=O)(OS(=O)(=O)C(F)(F)F)C(F)(F)F,1,-60.0,1,40.0,1,b,1,COc1ccc(CO[C@@H]2[C@H](OCc3ccccc3)[C@@H](Sc3ccccc3)O[C@@H]3CO[C@@H](c4ccccc4)O[C@@H]23)cc1,[N-]=[N+]=N[C@H]1[C@H](OCc2ccccc2)O[C@H](COCc2ccccc2)[C@@H](O)[C@@H]1OCc1ccccc1,2ACF3A2F
64,"Journal of the American Chemical Society (2008), 130(41), 13790-13803",期刊,2008,31-013-CAS-9099641,O(CC1=CC=C(OC)C=C1)[C@H]2[C@]3([C@](O[C@H](SC4=CC=CC=C4)[C@H]2OCC5=CC=CC=C5)(CO[C@H](O3)C6=CC=CC=C6)[H])[H],thioglycoside,N(=[N+]=[N-])[C@@H]1[C@@H](OCC2=CC=CC=C2)[C@H](O)[C@@H](COCC3=CC=CC=C3)O[C@H]1OCC4=CC=CC=C4,Dichloromethane,ClCCl,1,Trifluoromethanesulfonic anhydride,O=S(=O)(OS(=O)(=O)C(F)(F)F)C(F)(F)F,1,-60.0,1,30.0,1,b,1,COc1ccc(CO[C@@H]2[C@H](OCc3ccccc3)[C@@H](Sc3ccccc3)O[C@@H]3CO[C@@H](c4ccccc4)O[C@@H]23)cc1,[N-]=[N+]=N[C@H]1[C@H](OCc2ccccc2)O[C@H](COCc2ccccc2)[C@@H](O)[C@@H]1OCc1ccccc1,2ACF3A2F
65,"World Intellectual Property Organization, WO2025038915 A2 2025-02-20",专利,2025,31-614-CAS-45260380,O(CC1=CC=C(OC)C=C1)[C@H]2[C@]3([C@](O[C@H](SC4=CC=C(C)C=C4)[C@H]2OCC5=CC=CC=C5)(CO[C@H](O3)C6=CC=CC=C6)[H])[H],thioglycoside,N(=[N+]=[N-])[C@@H]1[C@@H](OCC2=CC=CC=C2)[C@H](O)[C@@H](COCC3=CC=CC=C3)O[C@H]1OCC4=CC=CC=C4,Dichloromethane,ClCCl,1,Trifluoromethanesulfonic acid,O=S(=O)(O)C(F)(F)F,1,-60.0,1,30.0,1,b,1,COc1ccc(CO[C@@H]2[C@H](OCc3ccccc3)[C@@H](Sc3ccc(C)cc3)O[C@@H]3CO[C@@H](c4ccccc4)O[C@@H]23)cc1,[N-]=[N+]=N[C@H]1[C@H](OCc2ccccc2)O[C@H](COCc2ccccc2)[C@@H](O)[C@@H]1OCc1ccccc1,AEFE0015
66,"Tetrahedron Letters (2000), 41(30), 5643-5646",期刊,2000,31-301-CAS-601641,O([Si](C(C)(C)C)(C)C)[C@H]1[C@@H](OCC2=CC=CC=C2)[C@]3([C@](O[C@@H]1S(=O)C4=CC=CC=C4)(CO[C@H](O3)C5=CC=CC=C5)[H])[H],thioglycoside,N(=[N+]=[N-])[C@@H]1[C@@H](OCC2=CC=CC=C2)[C@H](O)[C@@H](COCC3=CC=CC=C3)O[C@H]1OCCCC=C,Dichloromethane,ClCCl,1,Trifluoromethanesulfonic anhydride,O=S(=O)(OS(=O)(=O)C(F)(F)F)C(F)(F)F,1,,0,,0,b,1,CC(C)(C)[Si](C)(C)O[C@H]1[C@@H](OCc2ccccc2)[C@@H]2O[C@H](c3ccccc3)OC[C@H]2O[C@@H]1S(=O)c1ccccc1,C=CCCCO[C@@H]1O[C@H](COCc2ccccc2)[C@@H](O)[C@H](OCc2ccccc2)[C@H]1N=[N+]=[N-],AD9D13D2
67,"Organic Letters (2023), 25(34), 6413-6418",期刊,2023,31-614-CAS-44061152,O(C(C)=O)[C@H]1[C@@]2([C@](O[C@@H](SC3=CC=CC=C3)[C@@H]1N=[N+]=[N-])(CO[C@@H](O2)C4=CC=CC=C4)[H])[H],thioglycoside,O([C@@H]1[C@@H](N=[N+]=[N-])[C@@H](OC2=CC=C(OC)C=C2)O[C@H](C)[C@H]1OCC3=CC=CC=C3)[C@@H]4[C@H](N=[N+]=[N-])[C@@H](OCC5=CC=CC=C5)[C@@H](O)[C@@H](COCC6=CC=CC=C6)O4,Dichloromethane;Diethyl ether,ClCCl;O(CC)CC,1,Triethylamine,N(CC)(CC)CC,1,25.0,1,30.0,1,a,0,CC(=O)O[C@@H]1[C@@H](N=[N+]=[N-])[C@H](Sc2ccccc2)O[C@@H]2CO[C@H](c3ccccc3)O[C@H]12,COc1ccc(O[C@H]2O[C@H](C)[C@@H](OCc3ccccc3)[C@H](O[C@H]3O[C@H](COCc4ccccc4)[C@H](O)[C@H](OCc4ccccc4)[C@H]3N=[N+]=[N-])[C@H]2N=[N+]=[N-])cc1,2B2E2384
68,"Journal of Organic Chemistry (2020), 85(24), 16082-16098",期刊,2020,31-013-CAS-22936260,O(CC1=CC=CC=C1)[C@H]2[C@]3([C@@](OC(SCC)[C@@H]2OC(CCC(C)=O)=O)(CO[C@H](O3)C4=CC=CC=C4)[H])[H],thioglycoside,O(CC1=CC=CC=C1)[C@@H]2[C@@H](N=[N+]=[N-])[C@@H](OC)O[C@H](COC(C)=O)[C@H]2O,Dichloromethane,ClCCl,1,Trimethylsilyl triflate,O=S(=O)(O[Si](C)(C)C)C(F)(F)F,1,25.0,1,30.0,1,a,0,CCSC1O[C@H]2CO[C@@H](c3ccccc3)O[C@H]2[C@H](OCc2ccccc2)[C@H]1OC(=O)CCC(C)=O,CO[C@H]1O[C@H](COC(C)=O)[C@@H](O)[C@H](OCc2ccccc2)[C@H]1N=[N+]=[N-],F40FD3E1
69,"Chemistry - A European Journal (2021), 27(51), 13040-13051",期刊,2021,31-614-CAS-34701884,O(C(C)=O)[C@H]1[C@H](SC2=CC=CC=C2)O[C@H](COC(C)=O)[C@@H](F)[C@@H]1OC(C)=O,thioglycoside,O(CC1=CC=CC=C1)[C@@H]2[C@@H](N=[N+]=[N-])[C@H](OC)O[C@H](COCC3=CC=CC=C3)[C@H]2O,Dichloromethane;Toluene,ClCCl;C=1C=CC(=CC1)C,1,Trifluoromethanesulfonic acid,O=S(=O)(O)C(F)(F)F,1,25.0,1,60.0,1,b,1,CC(=O)OC[C@H]1O[C@@H](Sc2ccccc2)[C@H](OC(C)=O)[C@@H](OC(C)=O)[C@@H]1F,CO[C@@H]1O[C@H](COCc2ccccc2)[C@@H](O)[C@H](OCc2ccccc2)[C@H]1N=[N+]=[N-],6CE6ADA6
70,"World Intellectual Property Organization, WO2014052585 A1 2014-04-03",专利,2014,31-013-CAS-18792530,O(CC1=CC=CC=C1)[C@H]2[C@]3([C@@](OC(SCC)[C@@H]2OC(C)=O)(CO[C@H](O3)C4=CC=CC=C4)[H])[H],thioglycoside,N(=[N+]=[N-])[C@@H]1[C@@H](OCC2=CC=CC=C2)[C@H](O)[C@@H](COC(C)=O)OC1OCC3=CC=CC=C3,Dichloromethane;Toluene,ClCCl;C=1C=CC(=CC1)C,1,Sodium thiosulfate,[Na].O=S(=O)(O)S,1,25.0,1,30.0,1,a,0,CCSC1O[C@H]2CO[C@@H](c3ccccc3)O[C@H]2[C@H](OCc2ccccc2)[C@H]1OC(C)=O,CC(=O)OC[C@H]1OC(OCc2ccccc2)[C@H](N=[N+]=[N-])[C@@H](OCc2ccccc2)[C@@H]1O,690CE6C6
71,"United States, US20130217056 A1 2013-08-22",专利,2013,31-013-CAS-13505033,O(CC1=CC=CC=C1)[C@H]2[C@]3([C@@](OC(SCC)[C@@H]2OC(C)=O)(CO[C@H](O3)C4=CC=CC=C4)[H])[H],thioglycoside,N(=[N+]=[N-])[C@@H]1[C@@H](OCC2=CC=CC=C2)[C@H](O)[C@@H](COC(C)=O)OC1OCC3=CC=CC=C3,Dichloromethane,ClCCl,1,Trimethylsilyl triflate,O=S(=O)(O[Si](C)(C)C)C(F)(F)F,1,25.0,1,30.0,1,a,0,CCSC1O[C@H]2CO[C@@H](c3ccccc3)O[C@H]2[C@H](OCc2ccccc2)[C@H]1OC(C)=O,CC(=O)OC[C@H]1OC(OCc2ccccc2)[C@H](N=[N+]=[N-])[C@@H](OCc2ccccc2)[C@@H]1O,690CE6C6
72,"Nature Chemical Biology (2012), 8(2), 197-204",期刊,2012,31-013-CAS-13132878,O(CC1=CC=CC=C1)[C@H]2[C@]3([C@@](OC(SCC)[C@@H]2OC(C)=O)(CO[C@H](O3)C4=CC=CC=C4)[H])[H],thioglycoside,N(=[N+]=[N-])[C@@H]1[C@@H](OCC2=CC=CC=C2)[C@H](O)[C@@H](COC(C)=O)OC1OCC3=CC=CC=C3,Dichloromethane,ClCCl,1,Sodium thiosulfate,[Na].O=S(=O)(O)S,1,0.0,1,10.0,1,a,0,CCSC1O[C@H]2CO[C@@H](c3ccccc3)O[C@H]2[C@H](OCc2ccccc2)[C@H]1OC(C)=O,CC(=O)OC[C@H]1OC(OCc2ccccc2)[C@H](N=[N+]=[N-])[C@@H](OCc2ccccc2)[C@@H]1O,690CE6C6
73,"Canada, CA2806561 C 2015-12-22",专利,2015,31-013-CAS-21359610,O(C(=O)C1=CC=CC=C1)[C@@H]2[C@@H](OCC3=CC=CC=C3)[C@H](OC(CCC(C)=O)=O)[C@H](COCC4=CC=C(OC)C=C4)O[C@@H]2SC5=CC=C(C)C=C5,thioglycoside,O(CC1=CC=CC=C1)[C@@H]2[C@@H](N=[N+]=[N-])[C@@H](OC)O[C@H](COC(=O)C3=CC=CC=C3)[C@H]2O,Acetonitrile,N#CC,1,Triethylamine,N(CC)(CC)CC,1,,0,,0,a,0,COc1ccc(COC[C@@H]2O[C@H](Sc3ccc(C)cc3)[C@H](OC(=O)c3ccccc3)[C@@H](OCc3ccccc3)[C@@H]2OC(=O)CCC(C)=O)cc1,CO[C@H]1O[C@H](COC(=O)c2ccccc2)[C@@H](O)[C@H](OCc2ccccc2)[C@H]1N=[N+]=[N-],40DBBC3D
74,"World Intellectual Property Organization, WO2003022860 A1 2003-03-20",专利,2003,31-013-CAS-7463166,O(C(=O)C1=CC=CC=C1)[C@@H]2[C@@H](OCC3=CC=CC=C3)[C@H](OC(CCC(C)=O)=O)[C@H](COCC4=CC=C(OC)C=C4)O[C@@H]2SC5=CC=C(C)C=C5,thioglycoside,O(CC1=CC=CC=C1)[C@@H]2[C@@H](N=[N+]=[N-])[C@@H](OC)O[C@H](COC(=O)C3=CC=CC=C3)[C@H]2O,Acetonitrile,N#CC,1,Triethylamine,N(CC)(CC)CC,1,,0,,0,a,0,COc1ccc(COC[C@@H]2O[C@H](Sc3ccc(C)cc3)[C@H](OC(=O)c3ccccc3)[C@@H](OCc3ccccc3)[C@@H]2OC(=O)CCC(C)=O)cc1,CO[C@H]1O[C@H](COC(=O)c2ccccc2)[C@@H](O)[C@H](OCc2ccccc2)[C@H]1N=[N+]=[N-],40DBBC3D
75,"Organic & Biomolecular Chemistry (2022), 20(42), 8323-8330",期刊,2022,31-614-CAS-40529879,[Si](OC[C@@H]1[C@@H](OC(=O)C2=CC=CC=C2)[C@H](OC(=O)C3=CC=CC=C3)[C@@H](OC(=O)C4=CC=CC=C4)[C@H](SC5=CC=C(C)C=C5)O1)(C(C)(C)C)(C6=CC=CC=C6)C7=CC=CC=C7,thioglycoside,O(CC1=CC=CC=C1)[C@@H]2[C@@H](N=[N+]=[N-])[C@@H](OC)O[C@H](COCC3=CC=CC=C3)[C@H]2O,,,0,,,0,,0,,0,b,1,Cc1ccc(S[C@@H]2O[C@H](CO[Si](c3ccccc3)(c3ccccc3)C(C)(C)C)[C@@H](OC(=O)c3ccccc3)[C@H](OC(=O)c3ccccc3)[C@H]2OC(=O)c2ccccc2)cc1,CO[C@H]1O[C@H](COCc2ccccc2)[C@@H](O)[C@H](OCc2ccccc2)[C@H]1N=[N+]=[N-],FFB699CC
76,"Organic Letters (2014), 16(8), 2240-2243",期刊,2014,31-013-CAS-10003094,[Si](OC[C@@H]1[C@@H](OC(=O)C2=CC=CC=C2)[C@H](OC(=O)C3=CC=CC=C3)[C@@H](OC(=O)C4=CC=CC=C4)[C@H](SC5=CC=C(C)C=C5)O1)(C(C)(C)C)(C6=CC=CC=C6)C7=CC=CC=C7,thioglycoside,O(CC1=CC=CC=C1)[C@@H]2[C@@H](N=[N+]=[N-])[C@@H](OC)O[C@H](COCC3=CC=CC=C3)[C@H]2O,Dichloromethane,ClCCl,1,Trimethylsilyl triflate,O=S(=O)(O[Si](C)(C)C)C(F)(F)F,1,25.0,1,30.0,1,b,1,Cc1ccc(S[C@@H]2O[C@H](CO[Si](c3ccccc3)(c3ccccc3)C(C)(C)C)[C@@H](OC(=O)c3ccccc3)[C@H](OC(=O)c3ccccc3)[C@H]2OC(=O)c2ccccc2)cc1,CO[C@H]1O[C@H](COCc2ccccc2)[C@@H](O)[C@H](OCc2ccccc2)[C@H]1N=[N+]=[N-],FFB699CC
77,"Canadian Journal of Chemistry (1989), 67(3), 497-502",期刊,1989,31-013-CAS-14123962,O([C@@H]1[C@H](OC(C)=O)[C@@H](SCC)O[C@H](C)[C@H]1N=[N+]=[N-])[C@@H]2[C@@H](OC(C)=O)[C@@H](OCC3=CC=CC=C3)[C@H](N=[N+]=[N-])[C@@H](C)O2,thioglycoside,O([C@@H]1[C@@H](O[C@H]2[C@@H](OCC3=CC=CC=C3)[C@H](N=[N+]=[N-])[C@@H](C)O[C@@H]2OC)O[C@H](C)[C@@H](N=[N+]=[N-])[C@@H]1OCC4=CC=CC=C4)[C@@H]5[C@@H](O)[C@@H](OCC6=CC=CC=C6)[C@H](N=[N+]=[N-])[C@@H](C)O5,Dichloromethane,ClCCl,1,Methyl triflate,O=S(=O)(OC)C(F)(F)F,1,,0,,0,a,0,CCS[C@H]1O[C@H](C)[C@@H](N=[N+]=[N-])[C@H](O[C@H]2O[C@H](C)[C@@H](N=[N+]=[N-])[C@H](OCc3ccccc3)[C@@H]2OC(C)=O)[C@@H]1OC(C)=O,CO[C@H]1O[C@H](C)[C@@H](N=[N+]=[N-])[C@H](OCc2ccccc2)[C@@H]1O[C@H]1O[C@H](C)[C@@H](N=[N+]=[N-])[C@H](OCc2ccccc2)[C@@H]1O[C@H]1O[C@H](C)[C@@H](N=[N+]=[N-])[C@H](OCc2ccccc2)[C@@H]1O,E688E250
78,"Proceedings of the National Academy of Sciences of the United States of America (2017), 114(42), 11063-11068",期刊,2017,31-013-CAS-19403832,O(CC1=CC=CC=C1)[C@H]2[C@H](OCC3=CC=CC=C3)[C@@H](COCC4=CC=CC=C4)O[C@@H](SCC)[C@@H]2OC(CCC(C)=O)=O,thioglycoside,O([Si](C(C(C)C)(C)C)(C)C)[C@@H]1[C@@H](N=[N+]=[N-])[C@H](OCC2=CC=C(OC)C=C2)[C@H](O)[C@H](C)O1,Dichloromethane,ClCCl,1,Triethylamine,N(CC)(CC)CC,1,-40.0,1,60.0,1,b,1,CCS[C@@H]1O[C@H](COCc2ccccc2)[C@@H](OCc2ccccc2)[C@H](OCc2ccccc2)[C@H]1OC(=O)CCC(C)=O,COc1ccc(CO[C@@H]2[C@H](O)[C@H](C)O[C@H](O[Si](C)(C)C(C)(C)C(C)C)[C@H]2N=[N+]=[N-])cc1,17D12FAD
79,"World Intellectual Property Organization, WO2016198170 A1 2016-12-15",专利,2016,31-013-CAS-17243086,O(CC1=CC=CC=C1)[C@H]2[C@H](OCC3=CC=CC=C3)[C@@H](COCC4=CC=CC=C4)O[C@@H](SCC)[C@@H]2OC(CCC(C)=O)=O,thioglycoside,O([Si](C(C(C)C)(C)C)(C)C)[C@@H]1[C@@H](N=[N+]=[N-])[C@H](OCC2=CC=C(OC)C=C2)[C@H](O)[C@H](C)O1,Dichloromethane,ClCCl,1,Trifluoroacetic acid,O=C(O)C(F)(F)F,1,-40.0,1,120.0,1,b,1,CCS[C@@H]1O[C@H](COCc2ccccc2)[C@@H](OCc2ccccc2)[C@H](OCc2ccccc2)[C@H]1OC(=O)CCC(C)=O,COc1ccc(CO[C@@H]2[C@H](O)[C@H](C)O[C@H](O[Si](C)(C)C(C)(C)C(C)C)[C@H]2N=[N+]=[N-])cc1,17D12FAD
80,"Tetrahedron Letters (2003), 44(9), 1787-1789",期刊,2003,31-013-CAS-3326537,O(CC1=CC=C(OC)C=C1)[C@H]2[C@]3([C@](O[C@H](SC4=CC=CC=C4)[C@H]2OCC5=CC=CC=C5)(CO[C@H](O3)C6=CC=CC=C6)[H])[H],thioglycoside,N(=[N+]=[N-])[C@@H]1[C@@H](OCC2=CC=CC=C2)[C@H](O)[C@@H](COCC3=CC=CC=C3)O[C@H]1OCCCC=C,Dichloromethane,ClCCl,1,Benzenesulfenyl chloride,ClSC=1C=CC=CC1,1,-78.0,1,,0,b,1,COc1ccc(CO[C@@H]2[C@H](OCc3ccccc3)[C@@H](Sc3ccccc3)O[C@@H]3CO[C@@H](c4ccccc4)O[C@@H]23)cc1,C=CCCCO[C@@H]1O[C@H](COCc2ccccc2)[C@@H](O)[C@H](OCc2ccccc2)[C@H]1N=[N+]=[N-],1A9EA91F
81,"Tetrahedron Letters (2003), 44(9), 1787-1789",期刊,2003,31-013-CAS-14593441,O(CC1=CC=C(OC)C=C1)[C@H]2[C@]3([C@](O[C@H](SC4=CC=CC=C4)[C@H]2OCC5=CC=CC=C5)(CO[C@H](O3)C6=CC=CC=C6)[H])[H],thioglycoside,N(=[N+]=[N-])[C@@H]1[C@@H](OCC2=CC=CC=C2)[C@H](O)[C@@H](COCC3=CC=CC=C3)O[C@H]1OCCCC=C,Dichloromethane,ClCCl,1,Trifluoromethanesulfonic anhydride,O=S(=O)(OS(=O)(=O)C(F)(F)F)C(F)(F)F,1,-78.0,1,,0,b,1,COc1ccc(CO[C@@H]2[C@H](OCc3ccccc3)[C@@H](Sc3ccccc3)O[C@@H]3CO[C@@H](c4ccccc4)O[C@@H]23)cc1,C=CCCCO[C@@H]1O[C@H](COCc2ccccc2)[C@@H](O)[C@H](OCc2ccccc2)[C@H]1N=[N+]=[N-],1A9EA91F
82,"Organic Reactions (Hoboken, NJ, United States) (2004), 64, No pp. given",期刊,2004,31-013-CAS-10675195,O(CC1=CC=C(OC)C=C1)[C@H]2[C@]3([C@](O[C@H](SC4=CC=CC=C4)[C@H]2OCC5=CC=CC=C5)(CO[C@H](O3)C6=CC=CC=C6)[H])[H],thioglycoside,N(=[N+]=[N-])[C@@H]1[C@@H](OCC2=CC=CC=C2)[C@H](O)[C@@H](COCC3=CC=CC=C3)O[C@H]1OCCCC=C,Dichloromethane,ClCCl,1,1-(Phenylsulfonyl)piperidine,O=S(=O)(C=1C=CC=CC1)N2CCCCC2,1,,0,,0,b,1,COc1ccc(CO[C@@H]2[C@H](OCc3ccccc3)[C@@H](Sc3ccccc3)O[C@@H]3CO[C@@H](c4ccccc4)O[C@@H]23)cc1,C=CCCCO[C@@H]1O[C@H](COCc2ccccc2)[C@@H](O)[C@H](OCc2ccccc2)[C@H]1N=[N+]=[N-],1A9EA91F
83,"Organic Reactions (Hoboken, NJ, United States) (2004), 64, No pp. given",期刊,2004,31-013-CAS-15354316,O(CC1=CC=C(OC)C=C1)[C@H]2[C@]3([C@](O[C@H](SC4=CC=CC=C4)[C@H]2OCC5=CC=CC=C5)(CO[C@H](O3)C6=CC=CC=C6)[H])[H],thioglycoside,N(=[N+]=[N-])[C@@H]1[C@@H](OCC2=CC=CC=C2)[C@H](O)[C@@H](COCC3=CC=CC=C3)O[C@H]1OCCCC=C,Dichloromethane,ClCCl,1,1-(Phenylsulfonyl)piperidine,O=S(=O)(C=1C=CC=CC1)N2CCCCC2,1,,0,,0,b,1,COc1ccc(CO[C@@H]2[C@H](OCc3ccccc3)[C@@H](Sc3ccccc3)O[C@@H]3CO[C@@H](c4ccccc4)O[C@@H]23)cc1,C=CCCCO[C@@H]1O[C@H](COCc2ccccc2)[C@@H](O)[C@H](OCc2ccccc2)[C@H]1N=[N+]=[N-],1A9EA91F
84,"European Journal of Organic Chemistry (2020), 2020(23), 3398-3409",期刊,2020,31-013-CAS-22064058,O(CC1=CC=C(OC)C=C1)[C@H]2[C@]3([C@](O[C@H](SC4=CC=C(C)C=C4)[C@H]2N=[N+]=[N-])(CO[C@H](O3)C5=CC=CC=C5)[H])[H],thioglycoside,N(=[N+]=[N-])[C@@H]1[C@@H](OC(C)=O)[C@@H](O)[C@@H](COCC2=CC=CC=C2)O[C@@H]1OC3=CC=C(OC)C=C3,Dichloromethane,ClCCl,1,,,0,25.0,1,30.0,1,b,1,COc1ccc(CO[C@@H]2[C@H](N=[N+]=[N-])[C@@H](Sc3ccc(C)cc3)O[C@@H]3CO[C@@H](c4ccccc4)O[C@@H]23)cc1,COc1ccc(O[C@H]2O[C@H](COCc3ccccc3)[C@H](O)[C@H](OC(C)=O)[C@H]2N=[N+]=[N-])cc1,48F42EC3
85,"Tetrahedron Letters (2003), 44(9), 1787-1789",期刊,2003,31-301-CAS-7607384,O(CC1=CC=C(OC)C=C1)[C@H]2[C@]3([C@](O[C@H](S(=O)C4=CC=CC=C4)[C@H]2OCC5=CC=CC=C5)(CO[C@H](O3)C6=CC=CC=C6)[H])[H],thioglycoside,N(=[N+]=[N-])[C@@H]1[C@@H](OCC2=CC=CC=C2)[C@H](O)[C@@H](COCC3=CC=CC=C3)O[C@H]1OCCCC=C,Dichloromethane,ClCCl,1,Trifluoromethanesulfonic anhydride,O=S(=O)(OS(=O)(=O)C(F)(F)F)C(F)(F)F,1,-78.0,1,,0,b,1,COc1ccc(CO[C@H]2[C@@H]3O[C@H](c4ccccc4)OC[C@H]3O[C@H](S(=O)c3ccccc3)[C@H]2OCc2ccccc2)cc1,C=CCCCO[C@@H]1O[C@H](COCc2ccccc2)[C@@H](O)[C@H](OCc2ccccc2)[C@H]1N=[N+]=[N-],94F6BBFA
86,"Organic Reactions (Hoboken, NJ, United States) (2004), 64, No pp. given",期刊,2004,31-301-CAS-9324888,O(CC1=CC=C(OC)C=C1)[C@H]2[C@]3([C@](O[C@](S(=O)C4=CC=CC=C4)([C@H]2OCC5=CC=CC=C5)[H])(CO[C@H](O3)C6=CC=CC=C6)[H])[H],thioglycoside,N(=[N+]=[N-])[C@@H]1[C@@H](OCC2=CC=CC=C2)[C@H](O)[C@@H](COCC3=CC=CC=C3)O[C@H]1OCCCC=C,Dichloromethane,ClCCl,1,Trifluoromethanesulfonic anhydride,O=S(=O)(OS(=O)(=O)C(F)(F)F)C(F)(F)F,1,,0,,0,b,1,COc1ccc(CO[C@H]2[C@@H]3O[C@H](c4ccccc4)OC[C@H]3O[C@H](S(=O)c3ccccc3)[C@H]2OCc2ccccc2)cc1,C=CCCCO[C@@H]1O[C@H](COCc2ccccc2)[C@@H](O)[C@H](OCc2ccccc2)[C@H]1N=[N+]=[N-],94F6BBFA
87,"Tetrahedron (2008), 64(42), 9865-9873",期刊,2008,31-013-CAS-11935268,O(CC1=CC=CC=C1)[C@@H]2[C@@H](OC(=O)C3=CC=CC=C3)[C@H](SC4=CC=CC=C4)O[C@@H](C(OC(C)(C)C)=O)[C@H]2OCC5=CC=CC=C5,thioglycoside,O([C@H]1[C@H](OCC2=CC=CC=C2)[C@@H](OC(=O)C3=CC=CC=C3)[C@H](OC)O[C@H]1C(OC(C)(C)C)=O)[C@@H]4[C@H](N=[N+]=[N-])[C@@H](OCC5=CC=CC=C5)[C@H](O)[C@@H](COC6=CC=C(OC)C=C6)O4,Dichloromethane;Diethyl ether,ClCCl;O(CC)CC,1,Triethylamine,N(CC)(CC)CC,1,0.0,1,30.0,1,a,0,CC(C)(C)OC(=O)[C@@H]1O[C@@H](Sc2ccccc2)[C@H](OC(=O)c2ccccc2)[C@@H](OCc2ccccc2)[C@@H]1OCc1ccccc1,COc1ccc(OC[C@H]2O[C@H](O[C@H]3[C@H](OCc4ccccc4)[C@@H](OC(=O)c4ccccc4)[C@H](OC)O[C@H]3C(=O)OC(C)(C)C)[C@H](N=[N+]=[N-])[C@@H](OCc3ccccc3)[C@@H]2O)cc1,904D40F4
88,"Journal of the American Chemical Society (2005), 127(11), 3767-3773",期刊,2005,31-013-CAS-13207789,O([C@H]1[C@H](OCC2=CC=CC=C2)[C@@H](OC(=O)C3=CC=CC=C3)[C@H](O[C@H]4[C@H](OCC5=CC=CC=C5)[C@@H](N=[N+]=[N-])[C@@H](O[C@H]6[C@H](OCC7=CC=CC=C7)[C@@H](OC(=O)C8=CC=CC=C8)[C@H](SC9=CC=CC=C9)O[C@H]6C(OC)=O)O[C@@H]4COC(C)=O)O[C@@H]1C(OC)=O)[C@@H]%10[C@H](N=[N+]=[N-])[C@@H](OCC%11=CC=CC=C%11)[C@H](OCC%12=CC=CC=C%12)[C@@H](COC(C)=O)O%10,thioglycoside,O(CC1=CC=CC=C1)[C@@H]2[C@@H](N=[N+]=[N-])[C@H](OC(C)C)O[C@H](COC(C)=O)[C@H]2O,Dichloromethane,ClCCl,1,Sulfobromophthalein,[Na].O=C1OC(C2=CC=C(O)C(=C2)S(=O)(=O)O)(C3=CC=C(O)C(=C3)S(=O)(=O)O)C=4C(Br)=C(Br)C(Br)=C(Br)C14,1,25.0,1,30.0,1,a,0,COC(=O)[C@H]1O[C@@H](O[C@H]2[C@H](OCc3ccccc3)[C@@H](N=[N+]=[N-])[C@@H](O[C@H]3[C@H](OCc4ccccc4)[C@@H](OC(=O)c4ccccc4)[C@H](Sc4ccccc4)O[C@H]3C(=O)OC)O[C@@H]2COC(C)=O)[C@H](OC(=O)c2ccccc2)[C@@H](OCc2ccccc2)[C@@H]1O[C@H]1O[C@H](COC(C)=O)[C@@H](OCc2ccccc2)[C@H](OCc2ccccc2)[C@H]1N=[N+]=[N-],CC(=O)OC[C@H]1O[C@@H](OC(C)C)[C@H](N=[N+]=[N-])[C@@H](OCc2ccccc2)[C@@H]1O,7D1EE4EE
89,"Carbohydrate Research (2001), 331(4), 375-391",期刊,2001,31-013-CAS-5495213,O(CC1=CC=CC=C1)[C@H]2[C@@H](OCC3=CC=CC=C3)[C@H](OCC4=CC=CC=C4)[C@@H](COCC5=CC=CC=C5)O[C@@H]2OC[C@@H]6[C@@H](OCC7=CC=CC=C7)[C@H](OCC8=CC=CC=C8)[C@H](OCC9=CC=CC=C9)[C@@H](SC)O6,thioglycoside,N(=[N+]=[N-])[C@@H]1[C@@H](OCC2=CC=CC=C2)[C@H](O)[C@@H](COCC3=CC=CC=C3)O[C@H]1O[Si](C(C)(C)C)(C)C,Toluene,C=1C=CC(=CC1)C,1,Silver triflate,[Ag].O=S(=O)(O)C(F)(F)F,1,,0,,0,a,0,CS[C@H]1O[C@H](CO[C@H]2O[C@H](COCc3ccccc3)[C@@H](OCc3ccccc3)[C@H](OCc3ccccc3)[C@@H]2OCc2ccccc2)[C@@H](OCc2ccccc2)[C@H](OCc2ccccc2)[C@@H]1OCc1ccccc1,CC(C)(C)[Si](C)(C)O[C@@H]1O[C@H](COCc2ccccc2)[C@@H](O)[C@H](OCc2ccccc2)[C@H]1N=[N+]=[N-],D6A7571B
90,"World Intellectual Property Organization, WO2010029185 A1 2010-03-18",专利,2010,31-013-CAS-10316632,O(C(C)=O)[C@H]1[C@H](OC)[C@@H](OC(C)=O)C(SCC)O[C@H]1COC(C)=O,thioglycoside,[Si](OC[C@@H]1[C@@H](O)[C@H](OCC2=CC=CC=C2)[C@@H](N=[N+]=[N-])[C@H](OCCCC#C)O1)(C(C)(C)C)(C3=CC=CC=C3)C4=CC=CC=C4,Dichloromethane,ClCCl,1,Trifluoromethanesulfonic acid,O=S(=O)(O)C(F)(F)F,1,25.0,1,30.0,1,a,0,CCSC1O[C@@H](COC(C)=O)[C@@H](OC(C)=O)[C@H](OC)[C@H]1OC(C)=O,C#CCCCO[C@@H]1O[C@H](CO[Si](c2ccccc2)(c2ccccc2)C(C)(C)C)[C@@H](O)[C@H](OCc2ccccc2)[C@H]1N=[N+]=[N-],08B68F55
91,"European Journal of Organic Chemistry (2002), (13), 2033-2038",期刊,2002,31-013-CAS-11440399,O(CC1=CC=CC=C1)[C@H]2[C@H](OCC3=CC=CC=C3)[C@@H](COCC4=CC=CC=C4)OC(SCC)[C@@H]2OC(C)=O,thioglycoside,[Si](OC[C@@H]1[C@@H](O)[C@H](OC(CCC(C)=O)=O)[C@@H](N=[N+]=[N-])[C@H](OC)O1)(C(C)(C)C)(C2=CC=CC=C2)C3=CC=CC=C3,Dichloromethane,ClCCl,1,Triethylamine,N(CC)(CC)CC,1,,0,,0,b,1,CCSC1O[C@H](COCc2ccccc2)[C@@H](OCc2ccccc2)[C@H](OCc2ccccc2)[C@H]1OC(C)=O,CO[C@@H]1O[C@H](CO[Si](c2ccccc2)(c2ccccc2)C(C)(C)C)[C@@H](O)[C@H](OC(=O)CCC(C)=O)[C@H]1N=[N+]=[N-],4A1608EE
92,"European Journal of Organic Chemistry (2012), 2012(15), 3009-3017, S3009/1-S3009/65",期刊,2012,31-013-CAS-6771514,O(CC1=CC=CC=C1)[C@@H]2[C@@H](OC(=O)C3=CC=CC=C3)[C@H](SC4=CC=C(C)C=C4)O[C@H](COCC5=CC=CC=C5)[C@@H]2OCC6=CC=CC=C6,thioglycoside,S([C@@H]1[C@H](N=[N+]=[N-])[C@@H](OCC2=CC=CC=C2)[C@H](O)[C@@H](COCC3=CC=CC=C3)O1)C4=CC=C(C)C=C4,Dichloromethane,ClCCl,1,Trimethylsilyl triflate,O=S(=O)(O[Si](C)(C)C)C(F)(F)F,1,-65.0,1,,0,b,1,Cc1ccc(S[C@@H]2O[C@H](COCc3ccccc3)[C@H](OCc3ccccc3)[C@H](OCc3ccccc3)[C@H]2OC(=O)c2ccccc2)cc1,Cc1ccc(S[C@H]2O[C@H](COCc3ccccc3)[C@@H](O)[C@H](OCc3ccccc3)[C@H]2N=[N+]=[N-])cc1,D87B070A
93,"Central European Journal of Chemistry (2005), 3(4), 803-829",期刊,2005,31-013-CAS-7579377,O(CC1=CC=CC=C1)[C@H]2[C@H](OCC3=CC=C(OC)C=C3)[C@@H](COCC4=CC=CC=C4)O[C@@H](SCC)[C@@H]2OC(C)=O,thioglycoside,[Si](OC[C@@H]1[C@@H](O)[C@H](OCC2=CC=CC=C2)[C@@H](N=[N+]=[N-])[C@H](OCC=C)O1)(C(C)(C)C)(C3=CC=CC=C3)C4=CC=CC=C4,Dichloromethane;Diethyl ether,ClCCl;O(CC)CC,1,Pyridine,N=1C=CC=CC1,1,25.0,1,60.0,1,b,1,CCS[C@@H]1O[C@H](COCc2ccccc2)[C@@H](OCc2ccc(OC)cc2)[C@H](OCc2ccccc2)[C@H]1OC(C)=O,C=CCO[C@@H]1O[C@H](CO[Si](c2ccccc2)(c2ccccc2)C(C)(C)C)[C@@H](O)[C@H](OCc2ccccc2)[C@H]1N=[N+]=[N-],D43D459F
94,"Organic & Biomolecular Chemistry (2019), 17(18), 4605-4610",期刊,2019,31-013-CAS-20281572,O(CC1=CC=C(OC)C=C1)[C@H]2[C@]3([C@](O[C@@H](SCC)[C@@H]2OCC4=CC=CC=C4)(CO[C@H](O3)C5=CC=CC=C5)[H])[H],thioglycoside,N(=[N+]=[N-])[C@@H]1[C@@H](OC(C)=O)[C@@H](O)[C@@H](COCC2=CC=CC=C2)O[C@@H]1OC3=CC=C(OC)C=C3,Dichloromethane,ClCCl,1,,,0,25.0,1,30.0,1,a,0,CCS[C@@H]1O[C@@H]2CO[C@@H](c3ccccc3)O[C@H]2[C@H](OCc2ccc(OC)cc2)[C@H]1OCc1ccccc1,COc1ccc(O[C@H]2O[C@H](COCc3ccccc3)[C@H](O)[C@H](OC(C)=O)[C@H]2N=[N+]=[N-])cc1,A7A21014
95,"Journal of the American Chemical Society (2005), 127(11), 3767-3773",期刊,2005,31-013-CAS-5828265,O([C@H]1[C@H](OCC2=CC=CC=C2)[C@@H](OC(=O)C3=CC=CC=C3)[C@H](SC4=CC=CC=C4)O[C@@H]1C(OC)=O)[C@@H]5[C@H](N=[N+]=[N-])[C@@H](OCC6=CC=CC=C6)[C@H](OCC7=CC=CC=C7)[C@@H](COC(C)=O)O5,thioglycoside,O(CC1=CC=CC=C1)[C@@H]2[C@@H](N=[N+]=[N-])[C@]3(O[C@@]([C@H]2O)(CO3)[H])[H],Dichloromethane,ClCCl,1,Sulfobromophthalein,[Na].O=C1OC(C2=CC=C(O)C(=C2)S(=O)(=O)O)(C3=CC=C(O)C(=C3)S(=O)(=O)O)C=4C(Br)=C(Br)C(Br)=C(Br)C14,1,25.0,1,30.0,1,b,1,COC(=O)[C@H]1O[C@@H](Sc2ccccc2)[C@H](OC(=O)c2ccccc2)[C@@H](OCc2ccccc2)[C@@H]1O[C@H]1O[C@H](COC(C)=O)[C@@H](OCc2ccccc2)[C@H](OCc2ccccc2)[C@H]1N=[N+]=[N-],[N-]=[N+]=N[C@H]1[C@@H]2OC[C@@H](O2)[C@@H](O)[C@@H]1OCc1ccccc1,ABF39AD3
96,"Organic & Biomolecular Chemistry (2019), 17(18), 4605-4610",期刊,2019,31-013-CAS-20281580,O(CC1=CC=C(OC)C=C1)[C@H]2[C@]3([C@](O[C@H](SCC)[C@H]2OCC4=CC=CC=C4)(CO[C@H](O3)C5=CC=CC=C5)[H])[H],thioglycoside,N(=[N+]=[N-])[C@@H]1[C@@H](OC(C)=O)[C@@H](O)[C@@H](COCC2=CC=CC=C2)O[C@@H]1OC3=CC=C(OC)C=C3,Dichloromethane,ClCCl,1,,,0,25.0,1,30.0,1,a,0,CCS[C@H]1O[C@@H]2CO[C@@H](c3ccccc3)O[C@H]2[C@H](OCc2ccc(OC)cc2)[C@@H]1OCc1ccccc1,COc1ccc(O[C@H]2O[C@H](COCc3ccccc3)[C@H](O)[C@H](OC(C)=O)[C@H]2N=[N+]=[N-])cc1,5CAEC358
97,"Tetrahedron (2008), 64(11), 2611-2618",期刊,2008,31-013-CAS-3859968,O(CC1=CC=CC=C1)[C@H]2[C@@]3([C@](O[C@@H](SC4=CC=CC=C4)[C@@H]2OCC5=CC=CC=C5)(CO[C@@H](O3)C6=CC=CC=C6)[H])[H],thioglycoside,[Si](O[C@H]1[C@H](N=[N+]=[N-])[C@@H](OCC2=CC=CC=C2)[C@H](O)[C@@H](COCC3=CC=CC=C3)O1)(C(C)(C)C)(C4=CC=CC=C4)C5=CC=CC=C5,Propionitrile,N#CCC,1,Trifluoromethanesulfonic anhydride,O=S(=O)(OS(=O)(=O)C(F)(F)F)C(F)(F)F,1,-78.0,1,10.0,1,a,0,c1ccc(CO[C@H]2[C@H]3O[C@@H](c4ccccc4)OC[C@H]3O[C@@H](Sc3ccccc3)[C@@H]2OCc2ccccc2)cc1,CC(C)(C)[Si](O[C@@H]1O[C@H](COCc2ccccc2)[C@@H](O)[C@H](OCc2ccccc2)[C@H]1N=[N+]=[N-])(c1ccccc1)c1ccccc1,A2E2DDDD
98,"Molecules (2015), 20(4), 6167-6180",期刊,2015,31-013-CAS-15856712,O([C@H]1[C@H](OCC2=CC=CC=C2)[C@@H](OC(=O)C3=CC=CC=C3)[C@@H](SC4=CC=CC=C4)O[C@H]1C(OC)=O)[C@@H]5[C@H](N=[N+]=[N-])[C@@H](OCC6=CC=CC=C6)[C@H](OCC7=CC=C(OC)C=C7)[C@@H](COCC8=CC=CC=C8)O5,thioglycoside,O([C@H]1[C@H](OCC2=CC=CC=C2)[C@@H](OC(=O)C3=CC=CC=C3)[C@H](OC)O[C@H]1C(OC)=O)[C@@H]4[C@H](N=[N+]=[N-])[C@@H](OCC5=CC=CC=C5)[C@H](O)[C@@H](COC(C)=O)O4,Dichloromethane,ClCCl,1,Sodium bicarbonate,[Na].O=C(O)O,1,0.0,1,15.0,1,a,0,COC(=O)[C@@H]1O[C@H](Sc2ccccc2)[C@H](OC(=O)c2ccccc2)[C@@H](OCc2ccccc2)[C@@H]1O[C@H]1O[C@H](COCc2ccccc2)[C@@H](OCc2ccc(OC)cc2)[C@H](OCc2ccccc2)[C@H]1N=[N+]=[N-],COC(=O)[C@@H]1O[C@@H](OC)[C@H](OC(=O)c2ccccc2)[C@@H](OCc2ccccc2)[C@@H]1O[C@H]1O[C@H](COC(C)=O)[C@@H](O)[C@H](OCc2ccccc2)[C@H]1N=[N+]=[N-],ACCEACBE
99,"Journal of the American Chemical Society (2011), 133(46), 18975-18991",期刊,2011,31-013-CAS-2541337,O(CC1=CC=C(OC)C=C1)[C@H]2[C@]3([C@](O[C@@H](SCC)[C@@H]2OC(=O)C4=CC=CC=C4)(CO[C@H](O3)C5=CC=CC=C5)[H])[H],thioglycoside,N(=[N+]=[N-])[C@@H]1[C@@H](OCC2=CC=CC=C2)[C@H](O)[C@@H](COCC3=CC=CC=C3)O[C@H]1OCC4=CC=CC=C4,Dichloromethane;Diethyl ether,ClCCl;O(CC)CC,1,N-Iodosuccinimide,O=C1N(I)C(=O)CC1,1,25.0,1,30.0,1,b,1,CCS[C@@H]1O[C@@H]2CO[C@@H](c3ccccc3)O[C@H]2[C@H](OCc2ccc(OC)cc2)[C@H]1OC(=O)c1ccccc1,[N-]=[N+]=N[C@H]1[C@H](OCc2ccccc2)O[C@H](COCc2ccccc2)[C@@H](O)[C@@H]1OCc1ccccc1,332BF80B
100,"Carbohydrate Research (2001), 331(4), 375-391",期刊,2001,31-013-CAS-15166448,O([C@H]1[C@@H](OCC2=CC=CC=C2)[C@H](OCC3=CC=CC=C3)[C@@H](COCC4=CC=CC=C4)O[C@@H]1OC[C@@H]5[C@@H](OCC6=CC=CC=C6)[C@H](OCC7=CC=CC=C7)[C@H](OCC8=CC=CC=C8)[C@@H](SC)O5)[C@@H]9[C@@H](OCC%10=CC=CC=C%10)[C@@H](OCC%11=CC=CC=C%11)[C@H](OCC%12=CC=CC=C%12)[C@@H](COCC%13=CC=CC=C%13)O9,thioglycoside,N(=[N+]=[N-])[C@@H]1[C@@H](OCC2=CC=CC=C2)[C@H](O)[C@@H](COCC3=CC=CC=C3)O[C@H]1O[Si](C(C)(C)C)(C)C,Toluene,C=1C=CC(=CC1)C,1,Silver triflate,[Ag].O=S(=O)(O)C(F)(F)F,1,,0,,0,a,0,CS[C@H]1O[C@H](CO[C@H]2O[C@H](COCc3ccccc3)[C@@H](OCc3ccccc3)[C@H](OCc3ccccc3)[C@@H]2O[C@H]2O[C@H](COCc3ccccc3)[C@@H](OCc3ccccc3)[C@H](OCc3ccccc3)[C@@H]2OCc2ccccc2)[C@@H](OCc2ccccc2)[C@H](OCc2ccccc2)[C@@H]1OCc1ccccc1,CC(C)(C)[Si](C)(C)O[C@@H]1O[C@H](COCc2ccccc2)[C@@H](O)[C@H](OCc2ccccc2)[C@H]1N=[N+]=[N-],60991A67
101,"Journal of the American Chemical Society (2007), 129(42), 12795-12800",期刊,2007,31-013-CAS-14723929,[Si](OC[C@H]1[C@@H](OC(CCC(C)=O)=O)[C@H](OCC2=CC=CC=C2)[C@@H](OC(=O)C3=CC=CC=C3)[C@H](SC4=CC=C(C)C=C4)O1)(C(C)(C)C)(C5=CC=CC=C5)C6=CC=CC=C6,thioglycoside,O(CC1=CC=CC=C1)[C@@H]2[C@@H](N=[N+]=[N-])[C@@H](OC)O[C@H](COC(C)=O)[C@H]2O,Dichloromethane;Diethyl ether,ClCCl;O(CC)CC,1,Trifluoromethanesulfonic acid,O=S(=O)(O)C(F)(F)F,1,25.0,1,60.0,1,a,0,CC(=O)CCC(=O)O[C@H]1[C@H](OCc2ccccc2)[C@@H](OC(=O)c2ccccc2)[C@H](Sc2ccc(C)cc2)O[C@H]1CO[Si](c1ccccc1)(c1ccccc1)C(C)(C)C,CO[C@H]1O[C@H](COC(C)=O)[C@@H](O)[C@H](OCc2ccccc2)[C@H]1N=[N+]=[N-],0A9646FF
102,"Carbohydrate Research (2006), 341(10), 1619-1629",期刊,2006,31-013-CAS-5427820,O([C@H]1[C@H](OCC2=CC=CC=C2)[C@@H](OC(=O)C3=CC=CC=C3)[C@H](SC4=CC=CC=C4)O[C@H]1C(OC)=O)[C@@H]5[C@H](N=[N+]=[N-])[C@@H](OCC6=CC=CC=C6)[C@H](O[C@H]7[C@H](OC(=O)C8=CC=CC=C8)[C@@H](OCC9=CC=CC=C9)[C@H](OC(CCC(C)=O)=O)[C@H](C(OC)=O)O7)[C@@H](COC(C)=O)O5,thioglycoside,O(CC1=CC=CC=C1)[C@@H]2[C@@H](N=[N+]=[N-])[C@@H](OC)O[C@H](COC(=O)C3=CC=CC=C3)[C@H]2O,Dichloromethane,ClCCl,1,Triethylamine,N(CC)(CC)CC,1,25.0,1,30.0,1,a,0,COC(=O)[C@@H]1O[C@@H](Sc2ccccc2)[C@H](OC(=O)c2ccccc2)[C@@H](OCc2ccccc2)[C@@H]1O[C@H]1O[C@H](COC(C)=O)[C@@H](O[C@@H]2O[C@@H](C(=O)OC)[C@@H](OC(=O)CCC(C)=O)[C@H](OCc3ccccc3)[C@H]2OC(=O)c2ccccc2)[C@H](OCc2ccccc2)[C@H]1N=[N+]=[N-],CO[C@H]1O[C@H](COC(=O)c2ccccc2)[C@@H](O)[C@H](OCc2ccccc2)[C@H]1N=[N+]=[N-],14B83D6B
103,"Carbohydrate Research (2006), 341(10), 1619-1629",期刊,2006,31-013-CAS-7571275,O([C@H]1[C@H](OCC2=CC=CC=C2)[C@@H](N=[N+]=[N-])[C@@H](O[C@H]3[C@H](OCC4=CC=CC=C4)[C@@H](OC(=O)C5=CC=CC=C5)[C@H](SC6=CC=CC=C6)O[C@H]3C(OC)=O)O[C@@H]1COC(C)=O)[C@H]7[C@H](OC(C)=O)[C@@H](OCC8=CC=CC=C8)[C@H](OC(CCC(C)=O)=O)[C@@H](C(OC)=O)O7,thioglycoside,O(CC1=CC=CC=C1)[C@@H]2[C@@H](N=[N+]=[N-])[C@@H](OC)O[C@H](COC(=O)C3=CC=CC=C3)[C@H]2O,Dichloromethane,ClCCl,1,Triethylamine,N(CC)(CC)CC,1,25.0,1,30.0,1,a,0,COC(=O)[C@H]1O[C@@H](O[C@H]2[C@H](OCc3ccccc3)[C@@H](N=[N+]=[N-])[C@@H](O[C@H]3[C@H](OCc4ccccc4)[C@@H](OC(=O)c4ccccc4)[C@H](Sc4ccccc4)O[C@H]3C(=O)OC)O[C@@H]2COC(C)=O)[C@H](OC(C)=O)[C@@H](OCc2ccccc2)[C@@H]1OC(=O)CCC(C)=O,CO[C@H]1O[C@H](COC(=O)c2ccccc2)[C@@H](O)[C@H](OCc2ccccc2)[C@H]1N=[N+]=[N-],E721F49F
104,"Angewandte Chemie, International Edition (2017), 56(9), 2312-2317",期刊,2017,31-013-CAS-16761012,O(CC1=CC=CC=C1)[C@H]2[C@]3([C@@](O[C@@H](SC4=CC=CC=C4)[C@@H]2OC(=O)C5=CC=CC=C5)(CO[C@H](O3)C=6C7=C(C=CC6)C=CC=C7)[H])[H],thioglycoside,O(CC1=CC=CC=C1)[C@@H]2[C@@H](N=[N+]=[N-])[C@@H](OC)O[C@H](COCC3=CC=CC=C3)[C@H]2O,Dichloromethane,ClCCl,1,Triethylamine,N(CC)(CC)CC,1,0.0,1,30.0,1,a,0,O=C(O[C@@H]1[C@@H](OCc2ccccc2)[C@@H]2O[C@H](c3cccc4ccccc34)OC[C@@H]2O[C@H]1Sc1ccccc1)c1ccccc1,CO[C@H]1O[C@H](COCc2ccccc2)[C@@H](O)[C@H](OCc2ccccc2)[C@H]1N=[N+]=[N-],949147DD
105,"Journal of Medicinal Chemistry (2014), 57(11), 4511-4520",期刊,2014,31-013-CAS-12781994,O(CC1=CC=CC=C1)[C@H]2[C@]3([C@@](OC(SCC)[C@@H]2OC(=O)C4=CC=CC=C4)(COC(C)(C)O3)[H])[H],thioglycoside,N(=[N+]=[N-])[C@@H]1[C@@H](OCC2=CC=CC=C2)[C@H](O)[C@@H](COC(C)=O)O[C@@H]1OCCCC#C,Toluene,C=1C=CC(=CC1)C,1,Triethylamine,N(CC)(CC)CC,1,25.0,1,30.0,1,a,0,CCSC1O[C@H]2COC(C)(C)O[C@H]2[C@H](OCc2ccccc2)[C@H]1OC(=O)c1ccccc1,C#CCCCO[C@H]1O[C@H](COC(C)=O)[C@@H](O)[C@H](OCc2ccccc2)[C@H]1N=[N+]=[N-],67287CA0
106,"Canada, CA2806561 C 2015-12-22",专利,2015,31-013-CAS-21359754,O([C@H]1[C@H](OC(=O)C2=CC=CC=C2)[C@@H](N=[N+]=[N-])[C@@H](O[C@H]3[C@H](OCC4=CC=CC=C4)[C@@H](OC(=O)C5=CC=CC=C5)[C@@H](SC6=CC=C(C)C=C6)O[C@H]3C(OC)=O)O[C@@H]1COC7=CC=C(OC)C=C7)[C@H]8[C@H](OCC9=CC=CC=C9)[C@@H](OCC%10=CC=CC=C%10)[C@H](O[C@@H]%11[C@H](N=[N+]=[N-])[C@@H](OCC%12=CC=CC=C%12)[C@H](OCC%13=CC=CC=C%13)[C@@H](COC(=O)C%14=CC=CC=C%14)O%11)[C@@H](C(OC)=O)O8,thioglycoside,O(CC1=CC=CC=C1)[C@@H]2[C@@H](N=[N+]=[N-])[C@@H](OC)O[C@H](COC(=O)C3=CC=CC=C3)[C@H]2O,Acetonitrile,N#CC,1,Triethylamine,N(CC)(CC)CC,1,,0,,0,a,0,COC(=O)[C@H]1O[C@@H](O[C@H]2[C@H](OC(=O)c3ccccc3)[C@@H](N=[N+]=[N-])[C@@H](O[C@H]3[C@H](OCc4ccccc4)[C@@H](OC(=O)c4ccccc4)[C@@H](Sc4ccc(C)cc4)O[C@H]3C(=O)OC)O[C@@H]2COc2ccc(OC)cc2)[C@H](OCc2ccccc2)[C@@H](OCc2ccccc2)[C@@H]1O[C@H]1O[C@H](COC(=O)c2ccccc2)[C@@H](OCc2ccccc2)[C@H](OCc2ccccc2)[C@H]1N=[N+]=[N-],CO[C@H]1O[C@H](COC(=O)c2ccccc2)[C@@H](O)[C@H](OCc2ccccc2)[C@H]1N=[N+]=[N-],994C1C46
107,"World Intellectual Property Organization, WO2003022860 A1 2003-03-20",专利,2003,31-013-CAS-10090411,O([C@H]1[C@H](OC(=O)C2=CC=CC=C2)[C@@H](N=[N+]=[N-])[C@@H](O[C@H]3[C@H](OCC4=CC=CC=C4)[C@@H](OC(=O)C5=CC=CC=C5)[C@@H](SC6=CC=C(C)C=C6)O[C@H]3C(OC)=O)O[C@@H]1COC7=CC=C(OC)C=C7)[C@H]8[C@H](OCC9=CC=CC=C9)[C@@H](OCC%10=CC=CC=C%10)[C@H](O[C@@H]%11[C@H](N=[N+]=[N-])[C@@H](OCC%12=CC=CC=C%12)[C@H](OCC%13=CC=CC=C%13)[C@@H](COC(=O)C%14=CC=CC=C%14)O%11)[C@@H](C(OC)=O)O8,thioglycoside,O(CC1=CC=CC=C1)[C@@H]2[C@@H](N=[N+]=[N-])[C@@H](OC)O[C@H](COC(=O)C3=CC=CC=C3)[C@H]2O,Acetonitrile,N#CC,1,Triethylamine,N(CC)(CC)CC,1,,0,,0,a,0,COC(=O)[C@H]1O[C@@H](O[C@H]2[C@H](OC(=O)c3ccccc3)[C@@H](N=[N+]=[N-])[C@@H](O[C@H]3[C@H](OCc4ccccc4)[C@@H](OC(=O)c4ccccc4)[C@@H](Sc4ccc(C)cc4)O[C@H]3C(=O)OC)O[C@@H]2COc2ccc(OC)cc2)[C@H](OCc2ccccc2)[C@@H](OCc2ccccc2)[C@@H]1O[C@H]1O[C@H](COC(=O)c2ccccc2)[C@@H](OCc2ccccc2)[C@H](OCc2ccccc2)[C@H]1N=[N+]=[N-],CO[C@H]1O[C@H](COC(=O)c2ccccc2)[C@@H](O)[C@H](OCc2ccccc2)[C@H]1N=[N+]=[N-],994C1C46
108,"Chemistry - An Asian Journal (2013), 8(7), 1536-1550",期刊,2013,31-013-CAS-4357242,[Si](OC[C@@H]1[C@H](OC(C)=O)[C@H](OC(CCC(C)=O)=O)[C@@H](OC(C)=O)[C@H](SC2=CC=C(C)C=C2)O1)(C(C)(C)C)(C3=CC=CC=C3)C4=CC=CC=C4,thioglycoside,O(CC1=CC=CC=C1)[C@@H]2[C@@H](N=[N+]=[N-])[C@H](OC(C)=O)O[C@H](COCC3=CC=CC=C3)[C@H]2O,Dichloromethane,ClCCl,1,Trifluoromethanesulfonic acid,O=S(=O)(O)C(F)(F)F,1,-45.0,1,60.0,1,b,1,CC(=O)CCC(=O)O[C@H]1[C@@H](OC(C)=O)[C@@H](CO[Si](c2ccccc2)(c2ccccc2)C(C)(C)C)O[C@@H](Sc2ccc(C)cc2)[C@@H]1OC(C)=O,CC(=O)O[C@@H]1O[C@H](COCc2ccccc2)[C@@H](O)[C@H](OCc2ccccc2)[C@H]1N=[N+]=[N-],878CF02F
109,"Molecules (2015), 20(4), 6167-6180",期刊,2015,31-013-CAS-15920353,O([C@H]1[C@H](OCC2=CC=CC=C2)[C@@H](OC(=O)C3=CC=CC=C3)[C@@H](SC4=CC=CC=C4)O[C@H]1C(OC)=O)[C@@H]5[C@H](N=[N+]=[N-])[C@@H](OCC6=CC=CC=C6)[C@H](OCC7=CC=C(OC)C=C7)[C@@H](COCC8=CC=CC=C8)O5,thioglycoside,O([C@H]1[C@H](OCC2=CC=CC=C2)[C@@H](OC(=O)C3=CC=CC=C3)[C@H](O[C@H]4[C@H](OCC5=CC=CC=C5)[C@@H](N=[N+]=[N-])[C@@H](O[C@H]6[C@H](OCC7=CC=CC=C7)[C@@H](OC(=O)C8=CC=CC=C8)[C@H](OC)O[C@H]6C(OC)=O)O[C@@H]4COC(C)=O)O[C@H]1C(OC)=O)[C@@H]9[C@H](N=[N+]=[N-])[C@@H](OCC%10=CC=CC=C%10)[C@H](O)[C@@H](COCC%11=CC=CC=C%11)O9,Dichloromethane,ClCCl,1,Sodium bicarbonate,[Na].O=C(O)O,1,0.0,1,15.0,1,a,0,COC(=O)[C@@H]1O[C@H](Sc2ccccc2)[C@H](OC(=O)c2ccccc2)[C@@H](OCc2ccccc2)[C@@H]1O[C@H]1O[C@H](COCc2ccccc2)[C@@H](OCc2ccc(OC)cc2)[C@H](OCc2ccccc2)[C@H]1N=[N+]=[N-],COC(=O)[C@@H]1O[C@@H](OC)[C@H](OC(=O)c2ccccc2)[C@@H](OCc2ccccc2)[C@@H]1O[C@H]1O[C@H](COC(C)=O)[C@@H](O[C@@H]2O[C@@H](C(=O)OC)[C@@H](O[C@H]3O[C@H](COCc4ccccc4)[C@@H](O)[C@H](OCc4ccccc4)[C@H]3N=[N+]=[N-])[C@H](OCc3ccccc3)[C@H]2OC(=O)c2ccccc2)[C@H](OCc2ccccc2)[C@H]1N=[N+]=[N-],EDA90DFC
110,"United States, US20120142560 A1 2012-06-07",专利,2012,31-013-CAS-15304342,O(CC1=CC=CC=C1)[C@H]2[C@]3([C@@](OC(SCC)[C@@H]2OC(C)=O)(CO[C@H](O3)C4=CC=CC=C4)[H])[H],thioglycoside,O([Si](C(C(C)C)(C)C)(C)C)[C@H]1[C@H](N=[N+]=[N-])[C@@H](OCC2=CC=CC=C2)[C@H](O)[C@@H](COC(C)=O)O1,Dichloromethane,ClCCl,1,N-Iodosuccinimide,O=C1N(I)C(=O)CC1,1,25.0,1,30.0,1,a,0,CCSC1O[C@H]2CO[C@@H](c3ccccc3)O[C@H]2[C@H](OCc2ccccc2)[C@H]1OC(C)=O,CC(=O)OC[C@H]1O[C@@H](O[Si](C)(C)C(C)(C)C(C)C)[C@H](N=[N+]=[N-])[C@@H](OCc2ccccc2)[C@@H]1O,C17E17A8
111,"World Intellectual Property Organization, WO2010117803 A2 2010-10-14",专利,2010,31-013-CAS-1281187,O(CC1=CC=CC=C1)[C@H]2[C@]3([C@@](OC(SCC)[C@@H]2OC(C)=O)(CO[C@H](O3)C4=CC=CC=C4)[H])[H],thioglycoside,O([Si](C(C(C)C)(C)C)(C)C)[C@H]1[C@H](N=[N+]=[N-])[C@@H](OCC2=CC=CC=C2)[C@H](O)[C@@H](COC(C)=O)O1,Dichloromethane,ClCCl,1,N-Iodosuccinimide,O=C1N(I)C(=O)CC1,1,25.0,1,30.0,1,a,0,CCSC1O[C@H]2CO[C@@H](c3ccccc3)O[C@H]2[C@H](OCc2ccccc2)[C@H]1OC(C)=O,CC(=O)OC[C@H]1O[C@@H](O[Si](C)(C)C(C)(C)C(C)C)[C@H](N=[N+]=[N-])[C@@H](OCc2ccccc2)[C@@H]1O,C17E17A8
112,"Journal of the American Chemical Society (2009), 131(47), 17394-17405",期刊,2009,31-013-CAS-13149231,O(CC1=CC=CC=C1)[C@H]2[C@]3([C@@](OC(SCC)[C@@H]2OC(C)=O)(CO[C@H](O3)C4=CC=CC=C4)[H])[H],thioglycoside,O([Si](C(C(C)C)(C)C)(C)C)[C@H]1[C@H](N=[N+]=[N-])[C@@H](OCC2=CC=CC=C2)[C@H](O)[C@@H](COC(C)=O)O1,Dichloromethane,ClCCl,1,N-Iodosuccinimide,O=C1N(I)C(=O)CC1,1,25.0,1,30.0,1,a,0,CCSC1O[C@H]2CO[C@@H](c3ccccc3)O[C@H]2[C@H](OCc2ccccc2)[C@H]1OC(C)=O,CC(=O)OC[C@H]1O[C@@H](O[Si](C)(C)C(C)(C)C(C)C)[C@H](N=[N+]=[N-])[C@@H](OCc2ccccc2)[C@@H]1O,C17E17A8
113,"Journal of Organic Chemistry (2020), 85(24), 16082-16098",期刊,2020,31-013-CAS-22941545,O(CC1=CC=CC=C1)[C@H]2[C@]3([C@](OC(SCC)[C@@H]2OC(C)=O)(CO[C@H](O3)C4=CC=CC=C4)[H])[H],thioglycoside,O([Si](C(C(C)C)(C)C)(C)C)[C@H]1[C@H](N=[N+]=[N-])[C@@H](OCC2=CC=CC=C2)[C@H](O)[C@@H](COC(C)=O)O1,Dichloromethane,ClCCl,1,Trimethylsilyl triflate,O=S(=O)(O[Si](C)(C)C)C(F)(F)F,1,0.0,1,30.0,1,b,1,CCSC1O[C@@H]2CO[C@@H](c3ccccc3)O[C@H]2[C@H](OCc2ccccc2)[C@H]1OC(C)=O,CC(=O)OC[C@H]1O[C@@H](O[Si](C)(C)C(C)(C)C(C)C)[C@H](N=[N+]=[N-])[C@@H](OCc2ccccc2)[C@@H]1O,94A048B7
114,"United States, US20120142560 A1 2012-06-07",专利,2012,31-013-CAS-6495154,O(CC1=CC=CC=C1)[C@H]2[C@]3([C@](O[C@@H](SCC)[C@@H]2OC(C)=O)(CO[C@H](O3)C4=CC=CC=C4)[H])[H],thioglycoside,O([Si](C(C(C)C)(C)C)(C)C)[C@H]1[C@H](N=[N+]=[N-])[C@@H](OCC2=CC=CC=C2)[C@H](O)[C@@H](COC(C)=O)O1,Dichloromethane,ClCCl,1,N-Iodosuccinimide,O=C1N(I)C(=O)CC1,1,25.0,1,30.0,1,b,1,CCS[C@@H]1O[C@@H]2CO[C@@H](c3ccccc3)O[C@H]2[C@H](OCc2ccccc2)[C@H]1OC(C)=O,CC(=O)OC[C@H]1O[C@@H](O[Si](C)(C)C(C)(C)C(C)C)[C@H](N=[N+]=[N-])[C@@H](OCc2ccccc2)[C@@H]1O,223F9050
115,"World Intellectual Property Organization, WO2010117803 A2 2010-10-14",专利,2010,31-013-CAS-3733563,O(CC1=CC=CC=C1)[C@H]2[C@]3([C@](O[C@@H](SCC)[C@@H]2OC(C)=O)(CO[C@H](O3)C4=CC=CC=C4)[H])[H],thioglycoside,O([Si](C(C(C)C)(C)C)(C)C)[C@H]1[C@H](N=[N+]=[N-])[C@@H](OCC2=CC=CC=C2)[C@H](O)[C@@H](COC(C)=O)O1,Dichloromethane,ClCCl,1,N-Iodosuccinimide,O=C1N(I)C(=O)CC1,1,25.0,1,30.0,1,b,1,CCS[C@@H]1O[C@@H]2CO[C@@H](c3ccccc3)O[C@H]2[C@H](OCc2ccccc2)[C@H]1OC(C)=O,CC(=O)OC[C@H]1O[C@@H](O[Si](C)(C)C(C)(C)C(C)C)[C@H](N=[N+]=[N-])[C@@H](OCc2ccccc2)[C@@H]1O,223F9050
116,"Journal of the American Chemical Society (2009), 131(47), 17394-17405",期刊,2009,31-013-CAS-11369982,O(CC1=CC=CC=C1)[C@H]2[C@]3([C@](O[C@@H](SCC)[C@@H]2OC(C)=O)(CO[C@H](O3)C4=CC=CC=C4)[H])[H],thioglycoside,O([Si](C(C(C)C)(C)C)(C)C)[C@H]1[C@H](N=[N+]=[N-])[C@@H](OCC2=CC=CC=C2)[C@H](O)[C@@H](COC(C)=O)O1,Dichloromethane,ClCCl,1,N-Iodosuccinimide,O=C1N(I)C(=O)CC1,1,25.0,1,30.0,1,b,1,CCS[C@@H]1O[C@@H]2CO[C@@H](c3ccccc3)O[C@H]2[C@H](OCc2ccccc2)[C@H]1OC(C)=O,CC(=O)OC[C@H]1O[C@@H](O[Si](C)(C)C(C)(C)C(C)C)[C@H](N=[N+]=[N-])[C@@H](OCc2ccccc2)[C@@H]1O,223F9050
117,"Molecules (2015), 20(4), 6167-6180",期刊,2015,31-013-CAS-15879290,O([C@H]1[C@H](OCC2=CC=CC=C2)[C@@H](OC(=O)C3=CC=CC=C3)[C@@H](SC4=CC=CC=C4)O[C@H]1C(OC)=O)[C@@H]5[C@H](N=[N+]=[N-])[C@@H](OCC6=CC=CC=C6)[C@H](OCC7=CC=C(OC)C=C7)[C@@H](COC(C)=O)O5,thioglycoside,O([C@H]1[C@H](OCC2=CC=CC=C2)[C@@H](OC(=O)C3=CC=CC=C3)[C@H](O[C@H]4[C@H](OCC5=CC=CC=C5)[C@@H](N=[N+]=[N-])[C@@H](O[C@H]6[C@H](OCC7=CC=CC=C7)[C@@H](OC(=O)C8=CC=CC=C8)[C@H](OC)O[C@H]6C(OC)=O)O[C@@H]4COC(C)=O)O[C@H]1C(OC)=O)[C@@H]9[C@H](N=[N+]=[N-])[C@@H](OCC%10=CC=CC=C%10)[C@H](O)[C@@H](COCC%11=CC=CC=C%11)O9,Dichloromethane,ClCCl,1,Sodium bicarbonate,[Na].O=C(O)O,1,0.0,1,15.0,1,a,0,COC(=O)[C@@H]1O[C@H](Sc2ccccc2)[C@H](OC(=O)c2ccccc2)[C@@H](OCc2ccccc2)[C@@H]1O[C@H]1O[C@H](COC(C)=O)[C@@H](OCc2ccc(OC)cc2)[C@H](OCc2ccccc2)[C@H]1N=[N+]=[N-],COC(=O)[C@@H]1O[C@@H](OC)[C@H](OC(=O)c2ccccc2)[C@@H](OCc2ccccc2)[C@@H]1O[C@H]1O[C@H](COC(C)=O)[C@@H](O[C@@H]2O[C@@H](C(=O)OC)[C@@H](O[C@H]3O[C@H](COCc4ccccc4)[C@@H](O)[C@H](OCc4ccccc4)[C@H]3N=[N+]=[N-])[C@H](OCc3ccccc3)[C@H]2OC(=O)c2ccccc2)[C@H](OCc2ccccc2)[C@H]1N=[N+]=[N-],E0B27900
118,"World Intellectual Property Organization, WO2003022860 A1 2003-03-20",专利,2003,31-013-CAS-5827955,O([C@H]1[C@H](OCC2=CC=CC=C2)[C@@H](OCC3=CC=CC=C3)[C@H](O[C@H]4[C@H](OC(=O)C5=CC=CC=C5)[C@@H](N=[N+]=[N-])[C@@H](O[C@H]6[C@H](OCC7=CC=CC=C7)[C@@H](OC(=O)C8=CC=CC=C8)[C@@H](SC9=CC=C(C)C=C9)O[C@H]6C(OC)=O)O[C@@H]4COCC%10=CC=C(OC)C=C%10)O[C@@H]1C(OC)=O)[C@@H]%11[C@H](N=[N+]=[N-])[C@@H](OCC%12=CC=CC=C%12)[C@H](OCC%13=CC=CC=C%13)[C@@H](COC(=O)C%14=CC=CC=C%14)O%11,thioglycoside,O(CC1=CC=CC=C1)[C@@H]2[C@@H](N=[N+]=[N-])[C@@H](OC)O[C@H](COC(=O)C3=CC=CC=C3)[C@H]2O,Acetonitrile,N#CC,1,Triethylamine,N(CC)(CC)CC,1,,0,,0,a,0,COC(=O)[C@H]1O[C@@H](O[C@H]2[C@H](OC(=O)c3ccccc3)[C@@H](N=[N+]=[N-])[C@@H](O[C@H]3[C@H](OCc4ccccc4)[C@@H](OC(=O)c4ccccc4)[C@@H](Sc4ccc(C)cc4)O[C@H]3C(=O)OC)O[C@@H]2COCc2ccc(OC)cc2)[C@H](OCc2ccccc2)[C@@H](OCc2ccccc2)[C@@H]1O[C@H]1O[C@H](COC(=O)c2ccccc2)[C@@H](OCc2ccccc2)[C@H](OCc2ccccc2)[C@H]1N=[N+]=[N-],CO[C@H]1O[C@H](COC(=O)c2ccccc2)[C@@H](O)[C@H](OCc2ccccc2)[C@H]1N=[N+]=[N-],CD527AA4
119,"Canada, CA2806561 C 2015-12-22",专利,2015,31-013-CAS-21359760,O([C@H]1[C@H](OCC2=CC=CC=C2)[C@@H](OCC3=CC=CC=C3)[C@H](O[C@H]4[C@H](OCC5=CC=C(OC)C=C5)[C@@H](N=[N+]=[N-])[C@@H](O[C@H]6[C@H](OCC7=CC=CC=C7)[C@@H](OC(=O)C8=CC=CC=C8)[C@@H](SC9=CC=C(C)C=C9)O[C@H]6C(OC)=O)O[C@@H]4COC(=O)C%10=CC=CC=C%10)O[C@@H]1C(OC)=O)[C@@H]%11[C@H](N=[N+]=[N-])[C@@H](OCC%12=CC=CC=C%12)[C@H](OCC%13=CC=CC=C%13)[C@@H](COC(=O)C%14=CC=CC=C%14)O%11,thioglycoside,O(CC1=CC=CC=C1)[C@@H]2[C@@H](N=[N+]=[N-])[C@@H](OC)O[C@H](COC(=O)C3=CC=CC=C3)[C@H]2O,Acetonitrile,N#CC,1,Triethylamine,N(CC)(CC)CC,1,,0,,0,a,0,COC(=O)[C@H]1O[C@@H](O[C@H]2[C@H](OCc3ccc(OC)cc3)[C@@H](N=[N+]=[N-])[C@@H](O[C@H]3[C@H](OCc4ccccc4)[C@@H](OC(=O)c4ccccc4)[C@@H](Sc4ccc(C)cc4)O[C@H]3C(=O)OC)O[C@@H]2COC(=O)c2ccccc2)[C@H](OCc2ccccc2)[C@@H](OCc2ccccc2)[C@@H]1O[C@H]1O[C@H](COC(=O)c2ccccc2)[C@@H](OCc2ccccc2)[C@H](OCc2ccccc2)[C@H]1N=[N+]=[N-],CO[C@H]1O[C@H](COC(=O)c2ccccc2)[C@@H](O)[C@H](OCc2ccccc2)[C@H]1N=[N+]=[N-],042705AC
120,"World Intellectual Property Organization, WO2003022860 A1 2003-03-20",专利,2003,31-013-CAS-14625814,O([C@H]1[C@H](OCC2=CC=CC=C2)[C@@H](OCC3=CC=CC=C3)[C@H](O[C@H]4[C@H](OCC5=CC=C(OC)C=C5)[C@@H](N=[N+]=[N-])[C@@H](O[C@H]6[C@H](OCC7=CC=CC=C7)[C@@H](OC(=O)C8=CC=CC=C8)[C@@H](SC9=CC=C(C)C=C9)O[C@H]6C(OC)=O)O[C@@H]4COC(=O)C%10=CC=CC=C%10)O[C@@H]1C(OC)=O)[C@@H]%11[C@H](N=[N+]=[N-])[C@@H](OCC%12=CC=CC=C%12)[C@H](OCC%13=CC=CC=C%13)[C@@H](COC(=O)C%14=CC=CC=C%14)O%11,thioglycoside,O(CC1=CC=CC=C1)[C@@H]2[C@@H](N=[N+]=[N-])[C@@H](OC)O[C@H](COC(=O)C3=CC=CC=C3)[C@H]2O,Acetonitrile,N#CC,1,Triethylamine,N(CC)(CC)CC,1,,0,,0,a,0,COC(=O)[C@H]1O[C@@H](O[C@H]2[C@H](OCc3ccc(OC)cc3)[C@@H](N=[N+]=[N-])[C@@H](O[C@H]3[C@H](OCc4ccccc4)[C@@H](OC(=O)c4ccccc4)[C@@H](Sc4ccc(C)cc4)O[C@H]3C(=O)OC)O[C@@H]2COC(=O)c2ccccc2)[C@H](OCc2ccccc2)[C@@H](OCc2ccccc2)[C@@H]1O[C@H]1O[C@H](COC(=O)c2ccccc2)[C@@H](OCc2ccccc2)[C@H](OCc2ccccc2)[C@H]1N=[N+]=[N-],CO[C@H]1O[C@H](COC(=O)c2ccccc2)[C@@H](O)[C@H](OCc2ccccc2)[C@H]1N=[N+]=[N-],042705AC
121,"Journal of Organic Chemistry (2016), 81(1), 162-184",期刊,2016,31-013-CAS-7917329,O(CC1=CC=CC=C1)[C@H]2[C@]3([C@](O[C@@H](SC4=CC=C(C)C=C4)[C@@H]2OCC5=CC=CC=C5)(CO[C@H](O3)C6=CC=CC=C6)[H])[H],thioglycoside,O(C(=O)C1=CC=CC=C1)[C@@H]2[C@@H](N=[N+]=[N-])[C@H](O[Si](C(C)(C)C)(C)C)O[C@H](COC(=O)C3=CC=CC=C3)[C@H]2O,Dichloromethane,ClCCl,1,Triethylamine,N(CC)(CC)CC,1,25.0,1,60.0,1,a,0,Cc1ccc(S[C@@H]2O[C@@H]3CO[C@@H](c4ccccc4)O[C@H]3[C@H](OCc3ccccc3)[C@H]2OCc2ccccc2)cc1,CC(C)(C)[Si](C)(C)O[C@@H]1O[C@H](COC(=O)c2ccccc2)[C@@H](O)[C@H](OC(=O)c2ccccc2)[C@H]1N=[N+]=[N-],08FD4158
122,"Canada, CA2806561 C 2015-12-22",专利,2015,31-013-CAS-21359741,O([C@H]1[C@H](OCC2=CC=CC=C2)[C@@H](OCC3=CC=CC=C3)[C@H](O[C@H]4[C@H](OCC5=CC=C(OC)C=C5)[C@@H](N=[N+]=[N-])[C@@H](O[C@H]6[C@H](OCC7=CC=CC=C7)[C@@H](OC(=O)C8=CC=CC=C8)[C@@H](SC9=CC=C(C)C=C9)O[C@H]6C(OC)=O)O[C@@H]4COCC%10=CC=C(OC)C=C%10)O[C@@H]1C(OC)=O)[C@@H]%11[C@H](N=[N+]=[N-])[C@@H](OCC%12=CC=CC=C%12)[C@H](OCC%13=CC=CC=C%13)[C@@H](COC(=O)C%14=CC=CC=C%14)O%11,thioglycoside,O(CC1=CC=CC=C1)[C@@H]2[C@@H](N=[N+]=[N-])[C@@H](OC)O[C@H](COC(=O)C3=CC=CC=C3)[C@H]2O,Acetonitrile,N#CC,1,Triethylamine,N(CC)(CC)CC,1,,0,,0,a,0,COC(=O)[C@H]1O[C@@H](O[C@H]2[C@H](OCc3ccc(OC)cc3)[C@@H](N=[N+]=[N-])[C@@H](O[C@H]3[C@H](OCc4ccccc4)[C@@H](OC(=O)c4ccccc4)[C@@H](Sc4ccc(C)cc4)O[C@H]3C(=O)OC)O[C@@H]2COCc2ccc(OC)cc2)[C@H](OCc2ccccc2)[C@@H](OCc2ccccc2)[C@@H]1O[C@H]1O[C@H](COC(=O)c2ccccc2)[C@@H](OCc2ccccc2)[C@H](OCc2ccccc2)[C@H]1N=[N+]=[N-],CO[C@H]1O[C@H](COC(=O)c2ccccc2)[C@@H](O)[C@H](OCc2ccccc2)[C@H]1N=[N+]=[N-],29829ABC
123,"World Intellectual Property Organization, WO2003022860 A1 2003-03-20",专利,2003,31-013-CAS-6157299,O([C@H]1[C@H](OCC2=CC=CC=C2)[C@@H](OCC3=CC=CC=C3)[C@H](O[C@H]4[C@H](OCC5=CC=C(OC)C=C5)[C@@H](N=[N+]=[N-])[C@@H](O[C@H]6[C@H](OCC7=CC=CC=C7)[C@@H](OC(=O)C8=CC=CC=C8)[C@@H](SC9=CC=C(C)C=C9)O[C@H]6C(OC)=O)O[C@@H]4COCC%10=CC=C(OC)C=C%10)O[C@@H]1C(OC)=O)[C@@H]%11[C@H](N=[N+]=[N-])[C@@H](OCC%12=CC=CC=C%12)[C@H](OCC%13=CC=CC=C%13)[C@@H](COC(=O)C%14=CC=CC=C%14)O%11,thioglycoside,O(CC1=CC=CC=C1)[C@@H]2[C@@H](N=[N+]=[N-])[C@@H](OC)O[C@H](COC(=O)C3=CC=CC=C3)[C@H]2O,Acetonitrile,N#CC,1,Triethylamine,N(CC)(CC)CC,1,,0,,0,a,0,COC(=O)[C@H]1O[C@@H](O[C@H]2[C@H](OCc3ccc(OC)cc3)[C@@H](N=[N+]=[N-])[C@@H](O[C@H]3[C@H](OCc4ccccc4)[C@@H](OC(=O)c4ccccc4)[C@@H](Sc4ccc(C)cc4)O[C@H]3C(=O)OC)O[C@@H]2COCc2ccc(OC)cc2)[C@H](OCc2ccccc2)[C@@H](OCc2ccccc2)[C@@H]1O[C@H]1O[C@H](COC(=O)c2ccccc2)[C@@H](OCc2ccccc2)[C@H](OCc2ccccc2)[C@H]1N=[N+]=[N-],CO[C@H]1O[C@H](COC(=O)c2ccccc2)[C@@H](O)[C@H](OCc2ccccc2)[C@H]1N=[N+]=[N-],29829ABC
124,"Molecules (2015), 20(4), 6167-6180",期刊,2015,31-013-CAS-15943747,O([C@H]1[C@H](OCC2=CC=CC=C2)[C@@H](OC(=O)C3=CC=CC=C3)[C@@H](SC4=CC=CC=C4)O[C@H]1C(OC)=O)[C@@H]5[C@H](N=[N+]=[N-])[C@@H](OCC6=CC=CC=C6)[C@H](OCC7=CC=C(OC)C=C7)[C@@H](COC(C)=O)O5,thioglycoside,O([C@H]1[C@H](OCC2=CC=CC=C2)[C@@H](OC(=O)C3=CC=CC=C3)[C@H](O[C@H]4[C@H](OCC5=CC=CC=C5)[C@@H](N=[N+]=[N-])[C@@H](O[C@H]6[C@H](OCC7=CC=CC=C7)[C@@H](OC(=O)C8=CC=CC=C8)[C@H](OC)O[C@H]6C(OC)=O)O[C@@H]4COC(C)=O)O[C@H]1C(OC)=O)[C@@H]9[C@H](N=[N+]=[N-])[C@@H](OCC%10=CC=CC=C%10)[C@H](O[C@H]%11[C@H](OC(=O)C%12=CC=CC=C%12)[C@@H](OCC%13=CC=CC=C%13)[C@H](O[C@@H]%14[C@H](N=[N+]=[N-])[C@@H](OCC%15=CC=CC=C%15)[C@H](O)[C@@H](COCC%16=CC=CC=C%16)O%14)[C@H](C(OC)=O)O%11)[C@@H](COCC%17=CC=CC=C%17)O9,Dichloromethane,ClCCl,1,Sodium bicarbonate,[Na].O=C(O)O,1,0.0,1,15.0,1,a,0,COC(=O)[C@@H]1O[C@H](Sc2ccccc2)[C@H](OC(=O)c2ccccc2)[C@@H](OCc2ccccc2)[C@@H]1O[C@H]1O[C@H](COC(C)=O)[C@@H](OCc2ccc(OC)cc2)[C@H](OCc2ccccc2)[C@H]1N=[N+]=[N-],COC(=O)[C@@H]1O[C@@H](OC)[C@H](OC(=O)c2ccccc2)[C@@H](OCc2ccccc2)[C@@H]1O[C@H]1O[C@H](COC(C)=O)[C@@H](O[C@@H]2O[C@@H](C(=O)OC)[C@@H](O[C@H]3O[C@H](COCc4ccccc4)[C@@H](O[C@@H]4O[C@@H](C(=O)OC)[C@@H](O[C@H]5O[C@H](COCc6ccccc6)[C@@H](O)[C@H](OCc6ccccc6)[C@H]5N=[N+]=[N-])[C@H](OCc5ccccc5)[C@H]4OC(=O)c4ccccc4)[C@H](OCc4ccccc4)[C@H]3N=[N+]=[N-])[C@H](OCc3ccccc3)[C@H]2OC(=O)c2ccccc2)[C@H](OCc2ccccc2)[C@H]1N=[N+]=[N-],4E8514E7
125,"Angewandte Chemie, International Edition (2004), 43(47), 6496-6500",期刊,2004,31-013-CAS-12174891,O(CC1=CC=CC=C1)[C@@H]2[C@@H](OCC3=CC=CC=C3)[C@H](SC4=CC=C(C)C=C4)O[C@H](COCC5=CC=CC=C5)[C@@H]2OCC6=CC=CC=C6,thioglycoside,N(=[N+]=[N-])[C@@H]1[C@@H](OC(=O)C2=CC=CC=C2)[C@@H](O)[C@@H](CN=[N+]=[N-])O[C@H]1SC3=CC=C(C)C=C3,Dichloromethane;Methanol,ClCCl;OC,1,Trifluoroacetic acid,O=C(O)C(F)(F)F,1,-45.0,1,,0,a,0,Cc1ccc(S[C@@H]2O[C@H](COCc3ccccc3)[C@H](OCc3ccccc3)[C@H](OCc3ccccc3)[C@H]2OCc2ccccc2)cc1,Cc1ccc(S[C@@H]2O[C@H](CN=[N+]=[N-])[C@H](O)[C@H](OC(=O)c3ccccc3)[C@H]2N=[N+]=[N-])cc1,5B1BF8FD
126,"Central European Journal of Chemistry (2005), 3(4), 803-829",期刊,2005,31-013-CAS-37926,O(CC1=CC=CC=C1)[C@@H]2[C@@H](OC(CCC(C)=O)=O)[C@H](SCC)O[C@H](COCC3=CC=CC=C3)[C@H]2OCC4=CC=C(OC)C=C4,thioglycoside,[Si](OC[C@@H]1[C@@H](O)[C@H](OCC2=CC=CC=C2)[C@@H](N=[N+]=[N-])[C@H](OCC=C)O1)(C(C)(C)C)(C3=CC=CC=C3)C4=CC=CC=C4,Dichloromethane;Diethyl ether,ClCCl;O(CC)CC,1,Pyridine,N=1C=CC=CC1,1,25.0,1,60.0,1,b,1,CCS[C@@H]1O[C@H](COCc2ccccc2)[C@@H](OCc2ccc(OC)cc2)[C@H](OCc2ccccc2)[C@H]1OC(=O)CCC(C)=O,C=CCO[C@@H]1O[C@H](CO[Si](c2ccccc2)(c2ccccc2)C(C)(C)C)[C@@H](O)[C@H](OCc2ccccc2)[C@H]1N=[N+]=[N-],CE676FB6
127,"Canada, CA2806561 C 2015-12-22",专利,2015,31-013-CAS-21359711,O([C@H]1[C@H](OCC2=CC=CC=C2)[C@@H](OC(=O)C3=CC=CC=C3)[C@@H](SC4=CC=C(C)C=C4)O[C@H]1COC5=CC=C(OC)C=C5)[C@@H]6[C@H](N=[N+]=[N-])[C@@H](OCC=C)[C@H](OC(CCC(C)=O)=O)[C@@H](COC(=O)C7=CC=CC=C7)O6,thioglycoside,O(CC1=CC=CC=C1)[C@@H]2[C@@H](N=[N+]=[N-])[C@@H](OC)O[C@H](COC(=O)C3=CC=CC=C3)[C@H]2O,Acetonitrile,N#CC,1,Triethylamine,N(CC)(CC)CC,1,,0,,0,a,0,C=CCO[C@@H]1[C@@H](N=[N+]=[N-])[C@@H](O[C@H]2[C@H](OCc3ccccc3)[C@@H](OC(=O)c3ccccc3)[C@@H](Sc3ccc(C)cc3)O[C@H]2COc2ccc(OC)cc2)O[C@H](COC(=O)c2ccccc2)[C@H]1OC(=O)CCC(C)=O,CO[C@H]1O[C@H](COC(=O)c2ccccc2)[C@@H](O)[C@H](OCc2ccccc2)[C@H]1N=[N+]=[N-],AAEBFF0A
128,"World Intellectual Property Organization, WO2003022860 A1 2003-03-20",专利,2003,31-013-CAS-4184502,O([C@H]1[C@H](OCC2=CC=CC=C2)[C@@H](OC(=O)C3=CC=CC=C3)[C@@H](SC4=CC=C(C)C=C4)O[C@H]1COC5=CC=C(OC)C=C5)[C@@H]6[C@H](N=[N+]=[N-])[C@@H](OCC=C)[C@H](OC(CCC(C)=O)=O)[C@@H](COC(=O)C7=CC=CC=C7)O6,thioglycoside,O(CC1=CC=CC=C1)[C@@H]2[C@@H](N=[N+]=[N-])[C@@H](OC)O[C@H](COC(=O)C3=CC=CC=C3)[C@H]2O,Acetonitrile,N#CC,1,Triethylamine,N(CC)(CC)CC,1,,0,,0,a,0,C=CCO[C@@H]1[C@@H](N=[N+]=[N-])[C@@H](O[C@H]2[C@H](OCc3ccccc3)[C@@H](OC(=O)c3ccccc3)[C@@H](Sc3ccc(C)cc3)O[C@H]2COc2ccc(OC)cc2)O[C@H](COC(=O)c2ccccc2)[C@H]1OC(=O)CCC(C)=O,CO[C@H]1O[C@H](COC(=O)c2ccccc2)[C@@H](O)[C@H](OCc2ccccc2)[C@H]1N=[N+]=[N-],AAEBFF0A
129,"Canada, CA2806561 C 2015-12-22",专利,2015,31-013-CAS-21359743,O([C@H]1[C@H](OCC2=CC=C(OC)C=C2)[C@@H](N=[N+]=[N-])[C@@H](O[C@H]3[C@H](OCC4=CC=CC=C4)[C@@H](OC(=O)C5=CC=CC=C5)[C@@H](SC6=CC=C(C)C=C6)O[C@H]3C(OC)=O)O[C@@H]1COC7=CC=C(OC)C=C7)[C@H]8[C@H](OCC9=CC=CC=C9)[C@@H](OCC%10=CC=CC=C%10)[C@H](O[C@@H]%11[C@H](N=[N+]=[N-])[C@@H](OCC%12=CC=CC=C%12)[C@H](OCC%13=CC=CC=C%13)[C@@H](COC(=O)C%14=CC=CC=C%14)O%11)[C@@H](C(OC)=O)O8,thioglycoside,O(CC1=CC=CC=C1)[C@@H]2[C@@H](N=[N+]=[N-])[C@@H](OC)O[C@H](COC(=O)C3=CC=CC=C3)[C@H]2O,Acetonitrile,N#CC,1,Triethylamine,N(CC)(CC)CC,1,,0,,0,a,0,COC(=O)[C@H]1O[C@@H](O[C@H]2[C@H](OCc3ccc(OC)cc3)[C@@H](N=[N+]=[N-])[C@@H](O[C@H]3[C@H](OCc4ccccc4)[C@@H](OC(=O)c4ccccc4)[C@@H](Sc4ccc(C)cc4)O[C@H]3C(=O)OC)O[C@@H]2COc2ccc(OC)cc2)[C@H](OCc2ccccc2)[C@@H](OCc2ccccc2)[C@@H]1O[C@H]1O[C@H](COC(=O)c2ccccc2)[C@@H](OCc2ccccc2)[C@H](OCc2ccccc2)[C@H]1N=[N+]=[N-],CO[C@H]1O[C@H](COC(=O)c2ccccc2)[C@@H](O)[C@H](OCc2ccccc2)[C@H]1N=[N+]=[N-],47630FCA
130,"World Intellectual Property Organization, WO2003022860 A1 2003-03-20",专利,2003,31-013-CAS-10424211,O([C@H]1[C@H](OCC2=CC=C(OC)C=C2)[C@@H](N=[N+]=[N-])[C@@H](O[C@H]3[C@H](OCC4=CC=CC=C4)[C@@H](OC(=O)C5=CC=CC=C5)[C@@H](SC6=CC=C(C)C=C6)O[C@H]3C(OC)=O)O[C@@H]1COC7=CC=C(OC)C=C7)[C@H]8[C@H](OCC9=CC=CC=C9)[C@@H](OCC%10=CC=CC=C%10)[C@H](O[C@@H]%11[C@H](N=[N+]=[N-])[C@@H](OCC%12=CC=CC=C%12)[C@H](OCC%13=CC=CC=C%13)[C@@H](COC(=O)C%14=CC=CC=C%14)O%11)[C@@H](C(OC)=O)O8,thioglycoside,O(CC1=CC=CC=C1)[C@@H]2[C@@H](N=[N+]=[N-])[C@@H](OC)O[C@H](COC(=O)C3=CC=CC=C3)[C@H]2O,Acetonitrile,N#CC,1,Triethylamine,N(CC)(CC)CC,1,,0,,0,a,0,COC(=O)[C@H]1O[C@@H](O[C@H]2[C@H](OCc3ccc(OC)cc3)[C@@H](N=[N+]=[N-])[C@@H](O[C@H]3[C@H](OCc4ccccc4)[C@@H](OC(=O)c4ccccc4)[C@@H](Sc4ccc(C)cc4)O[C@H]3C(=O)OC)O[C@@H]2COc2ccc(OC)cc2)[C@H](OCc2ccccc2)[C@@H](OCc2ccccc2)[C@@H]1O[C@H]1O[C@H](COC(=O)c2ccccc2)[C@@H](OCc2ccccc2)[C@H](OCc2ccccc2)[C@H]1N=[N+]=[N-],CO[C@H]1O[C@H](COC(=O)c2ccccc2)[C@@H](O)[C@H](OCc2ccccc2)[C@H]1N=[N+]=[N-],47630FCA
131,"Nature Communications (2013), 4, 3016/1-3016/9",期刊,2013,31-013-CAS-1186903,O([C@H]1[C@H](OCC2=CC=CC=C2)[C@@H](OC(=O)C3=CC=CC=C3)[C@H](O[C@H]4[C@H](OCC5=CC=CC=C5)[C@@H](N=[N+]=[N-])[C@@H](O[C@H]6[C@H](OCC7=CC=CC=C7)[C@@H](OC(=O)C8=CC=CC=C8)C(SC9=CC=CC=C9)O[C@H]6C(OC)=O)O[C@@H]4COCC%10=CC=CC=C%10)O[C@H]1C(OC)=O)[C@@H]%11[C@H](N=[N+]=[N-])[C@@H](OCC%12=CC=CC=C%12)[C@H](OCC%13=CC=C(OC)C=C%13)[C@@H](COCC%14=CC=CC=C%14)O%11,thioglycoside,O([C@H]1[C@H](OCC2=CC=CC=C2)[C@@H](OC(=O)C3=CC=CC=C3)[C@H](O[C@H]4[C@H](OCC5=CC=CC=C5)[C@@H](N=[N+]=[N-])[C@@H](O[C@H]6[C@H](OCC7=CC=CC=C7)[C@@H](OC(=O)C8=CC=CC=C8)[C@H](OC[C@H](OCC9=CC=CC=C9)COCC%10=CC=CC=C%10)O[C@H]6C(OC)=O)O[C@@H]4COCC%11=CC=CC=C%11)O[C@H]1C(OC)=O)[C@@H]%12[C@H](N=[N+]=[N-])[C@@H](OCC%13=CC=CC=C%13)[C@H](O)[C@@H](COCC%14=CC=CC=C%14)O%12,Dichloromethane,ClCCl,1,N-Iodosuccinimide,O=C1N(I)C(=O)CC1,1,,0,,0,a,0,COC(=O)[C@@H]1O[C@@H](O[C@H]2[C@H](OCc3ccccc3)[C@@H](N=[N+]=[N-])[C@@H](O[C@H]3[C@H](OCc4ccccc4)[C@@H](OC(=O)c4ccccc4)C(Sc4ccccc4)O[C@H]3C(=O)OC)O[C@@H]2COCc2ccccc2)[C@H](OC(=O)c2ccccc2)[C@@H](OCc2ccccc2)[C@@H]1O[C@H]1O[C@H](COCc2ccccc2)[C@@H](OCc2ccc(OC)cc2)[C@H](OCc2ccccc2)[C@H]1N=[N+]=[N-],COC(=O)[C@@H]1O[C@@H](OC[C@@H](COCc2ccccc2)OCc2ccccc2)[C@H](OC(=O)c2ccccc2)[C@@H](OCc2ccccc2)[C@@H]1O[C@H]1O[C@H](COCc2ccccc2)[C@@H](O[C@@H]2O[C@@H](C(=O)OC)[C@@H](O[C@H]3O[C@H](COCc4ccccc4)[C@@H](O)[C@H](OCc4ccccc4)[C@H]3N=[N+]=[N-])[C@H](OCc3ccccc3)[C@H]2OC(=O)c2ccccc2)[C@H](OCc2ccccc2)[C@H]1N=[N+]=[N-],84935DA5
132,"World Intellectual Property Organization, WO2014140626 A2 2014-09-18",专利,2014,31-013-CAS-10414006,O([C@H]1[C@H](OCC2=CC=CC=C2)[C@@H](OC(=O)C3=CC=CC=C3)[C@H](O[C@H]4[C@H](OCC5=CC=CC=C5)[C@@H](N=[N+]=[N-])[C@@H](O[C@H]6[C@H](OCC7=CC=CC=C7)[C@@H](OC(=O)C8=CC=CC=C8)[C@@H](SC9=CC=CC=C9)O[C@H]6C(OC)=O)O[C@@H]4COCC%10=CC=CC=C%10)O[C@H]1C(OC)=O)[C@@H]%11[C@H](N=[N+]=[N-])[C@@H](OCC%12=CC=CC=C%12)[C@H](OCC%13=CC=C(OC)C=C%13)[C@@H](COCC%14=CC=CC=C%14)O%11,thioglycoside,O([C@H]1[C@H](OCC2=CC=CC=C2)[C@@H](OC(=O)C3=CC=CC=C3)[C@H](O[C@H]4[C@H](OCC5=CC=CC=C5)[C@@H](N=[N+]=[N-])[C@@H](O[C@H]6[C@H](OCC7=CC=CC=C7)[C@@H](OC(=O)C8=CC=CC=C8)[C@H](OC[C@H](OCC9=CC=CC=C9)COCC%10=CC=CC=C%10)O[C@H]6C(OC)=O)O[C@@H]4COCC%11=CC=CC=C%11)O[C@H]1C(OC)=O)[C@@H]%12[C@H](N=[N+]=[N-])[C@@H](OCC%13=CC=CC=C%13)[C@H](O)[C@@H](COCC%14=CC=CC=C%14)O%12,Dichloromethane,ClCCl,1,Sodium bicarbonate,[Na].O=C(O)O,1,0.0,1,10.0,1,a,0,COC(=O)[C@@H]1O[C@H](Sc2ccccc2)[C@H](OC(=O)c2ccccc2)[C@@H](OCc2ccccc2)[C@@H]1O[C@H]1O[C@H](COCc2ccccc2)[C@@H](O[C@@H]2O[C@@H](C(=O)OC)[C@@H](O[C@H]3O[C@H](COCc4ccccc4)[C@@H](OCc4ccc(OC)cc4)[C@H](OCc4ccccc4)[C@H]3N=[N+]=[N-])[C@H](OCc3ccccc3)[C@H]2OC(=O)c2ccccc2)[C@H](OCc2ccccc2)[C@H]1N=[N+]=[N-],COC(=O)[C@@H]1O[C@@H](OC[C@@H](COCc2ccccc2)OCc2ccccc2)[C@H](OC(=O)c2ccccc2)[C@@H](OCc2ccccc2)[C@@H]1O[C@H]1O[C@H](COCc2ccccc2)[C@@H](O[C@@H]2O[C@@H](C(=O)OC)[C@@H](O[C@H]3O[C@H](COCc4ccccc4)[C@@H](O)[C@H](OCc4ccccc4)[C@H]3N=[N+]=[N-])[C@H](OCc3ccccc3)[C@H]2OC(=O)c2ccccc2)[C@H](OCc2ccccc2)[C@H]1N=[N+]=[N-],32E9AA16
133,"Central European Journal of Chemistry (2005), 3(4), 803-829",期刊,2005,31-013-CAS-9710829,O(CC1=CC=CC=C1)[C@H]2[C@H](OCC3=CC=C(OC)C=C3)[C@@H](COCC4=CC=CC=C4)O[C@@H](SCC)[C@@H]2OC(C)=O,thioglycoside,[Si](OC[C@@H]1[C@@H](O)[C@H](OC(CCC(C)=O)=O)[C@@H](N=[N+]=[N-])[C@H](OCC=C)O1)(C(C)(C)C)(C2=CC=CC=C2)C3=CC=CC=C3,Dichloromethane;Diethyl ether,ClCCl;O(CC)CC,1,Pyridine,N=1C=CC=CC1,1,25.0,1,60.0,1,b,1,CCS[C@@H]1O[C@H](COCc2ccccc2)[C@@H](OCc2ccc(OC)cc2)[C@H](OCc2ccccc2)[C@H]1OC(C)=O,C=CCO[C@@H]1O[C@H](CO[Si](c2ccccc2)(c2ccccc2)C(C)(C)C)[C@@H](O)[C@H](OC(=O)CCC(C)=O)[C@H]1N=[N+]=[N-],31E39B4D
134,"United States, US5874411 A 1999-02-23",专利,1999,31-013-CAS-14210003,O(CC1=CC=CC=C1)[C@H]2[C@H](OCC3=CC=CC=C3)[C@@H](SC4=CC=C(Cl)C=C4)O[C@@H](C)[C@H]2OCC5=CC=CC=C5,thioglycoside,O(C(C)=O)[C@H]1[C@H](O[C@@H]2[C@@H](N=[N+]=[N-])[C@H](OCCCCCCCCC(OC)=O)O[C@H](COCC3=CC=CC=C3)[C@H]2O)O[C@H](COC(C)=O)[C@H](OC(C)=O)[C@@H]1OC(C)=O,Dichloromethane,ClCCl,1,Copper bromide,[Cu].[Br],1,25.0,1,30.0,1,a,0,C[C@@H]1O[C@H](Sc2ccc(Cl)cc2)[C@@H](OCc2ccccc2)[C@H](OCc2ccccc2)[C@@H]1OCc1ccccc1,COC(=O)CCCCCCCCO[C@@H]1O[C@H](COCc2ccccc2)[C@@H](O)[C@H](O[C@@H]2O[C@H](COC(C)=O)[C@H](OC(C)=O)[C@H](OC(C)=O)[C@H]2OC(C)=O)[C@H]1N=[N+]=[N-],01522342
135,"World Intellectual Property Organization, WO2016198170 A1 2016-12-15",专利,2016,31-013-CAS-17243071,O(CC1=CC=CC=C1)[C@H]2[C@H](OCC3=CC=CC=C3)[C@@H](COCC4=CC5=C(C=C4)C=CC=C5)O[C@@H](SCC)[C@@H]2OC(CCC(C)=O)=O,thioglycoside,N(=[N+]=[N-])[C@@H]1[C@H](O[Si](C(C(C)C)(C)C)(C)C)O[C@@H](C)[C@@H](O)[C@H]1OC(C)=O,Dichloromethane,ClCCl,1,Trifluoroacetic acid,O=C(O)C(F)(F)F,1,-20.0,1,60.0,1,b,1,CCS[C@@H]1O[C@H](COCc2ccc3ccccc3c2)[C@@H](OCc2ccccc2)[C@H](OCc2ccccc2)[C@H]1OC(=O)CCC(C)=O,CC(=O)O[C@@H]1[C@H](O)[C@H](C)O[C@@H](O[Si](C)(C)C(C)(C)C(C)C)[C@H]1N=[N+]=[N-],7E586925
136,"Proceedings of the National Academy of Sciences of the United States of America (2017), 114(42), 11063-11068",期刊,2017,31-013-CAS-19403890,O(CC1=CC=CC=C1)[C@H]2[C@H](OCC3=CC=CC=C3)[C@@H](COCC4=CC5=C(C=C4)C=CC=C5)O[C@@H](SCC)[C@@H]2OC(CCC(C)=O)=O,thioglycoside,N(=[N+]=[N-])[C@@H]1[C@@H](O[Si](C(C(C)C)(C)C)(C)C)O[C@@H](C)[C@@H](O)[C@H]1OC(C)=O,Dichloromethane,ClCCl,1,Trifluoromethanesulfonic acid,O=S(=O)(O)C(F)(F)F,1,-30.0,1,60.0,1,b,1,CCS[C@@H]1O[C@H](COCc2ccc3ccccc3c2)[C@@H](OCc2ccccc2)[C@H](OCc2ccccc2)[C@H]1OC(=O)CCC(C)=O,CC(=O)O[C@@H]1[C@H](O)[C@H](C)O[C@H](O[Si](C)(C)C(C)(C)C(C)C)[C@H]1N=[N+]=[N-],86B6FCA7
137,"Organic Letters (2023), 25(46), 8332-8337",期刊,2023,31-614-CAS-44137212,O(CC1=CC=CC=C1)[C@H]2[C@H](N=[N+]=[N-])[C@@H](SC3=CC=CC=C3)O[C@@H](C)[C@H]2OCC4=CC=CC=C4,thioglycoside,N(=[N+]=[N-])[C@H]1[C@H](SC2=CC=C(C)C=C2)O[C@H](C(OCC3=CC=CC=C3)=O)[C@H](O)[C@@H]1OCC4=CC5=C(C=C4)C=CC=C5,Dichloromethane;Diethyl ether,ClCCl;O(CC)CC,1,Triethylamine,N(CC)(CC)CC,1,25.0,1,30.0,1,a,0,C[C@@H]1O[C@H](Sc2ccccc2)[C@@H](N=[N+]=[N-])[C@H](OCc2ccccc2)[C@@H]1OCc1ccccc1,Cc1ccc(S[C@@H]2O[C@H](C(=O)OCc3ccccc3)[C@H](O)[C@H](OCc3ccc4ccccc4c3)[C@H]2N=[N+]=[N-])cc1,9FB908DD
138,"Angewandte Chemie, International Edition (2015), 54(37), 10953-10957",期刊,2015,31-013-CAS-10475617,O(CC1=CC=CC=C1)[C@H]2[C@]3([C@](O[C@@H](SCC)[C@@H]2OC(OCC=C)=O)(CO[C@H](O3)C4=CC=CC=C4)[H])[H],thioglycoside,O([Si](C(C(C)C)(C)C)(C)C)[C@H]1[C@H](N=[N+]=[N-])[C@@H](OCC2=CC=CC=C2)[C@H](O)[C@@H](COC(C)=O)O1,Dichloromethane,ClCCl,1,Trimethylsilyl triflate,O=S(=O)(O[Si](C)(C)C)C(F)(F)F,1,-20.0,1,60.0,1,b,1,C=CCOC(=O)O[C@@H]1[C@@H](OCc2ccccc2)[C@@H]2O[C@H](c3ccccc3)OC[C@H]2O[C@H]1SCC,CC(=O)OC[C@H]1O[C@@H](O[Si](C)(C)C(C)(C)C(C)C)[C@H](N=[N+]=[N-])[C@@H](OCc2ccccc2)[C@@H]1O,AAD891A9
139,"Central European Journal of Chemistry (2005), 3(4), 803-829",期刊,2005,31-013-CAS-13972345,O(CC1=CC=CC=C1)[C@@H]2[C@@H](OC(CCC(C)=O)=O)[C@H](SCC)O[C@H](COCC3=CC=CC=C3)[C@H]2OCC4=CC=C(OC)C=C4,thioglycoside,[Si](OC[C@@H]1[C@@H](O)[C@H](OC(CCC(C)=O)=O)[C@@H](N=[N+]=[N-])[C@H](OCC=C)O1)(C(C)(C)C)(C2=CC=CC=C2)C3=CC=CC=C3,Dichloromethane;Diethyl ether,ClCCl;O(CC)CC,1,Pyridine,N=1C=CC=CC1,1,25.0,1,60.0,1,b,1,CCS[C@@H]1O[C@H](COCc2ccccc2)[C@@H](OCc2ccc(OC)cc2)[C@H](OCc2ccccc2)[C@H]1OC(=O)CCC(C)=O,C=CCO[C@@H]1O[C@H](CO[Si](c2ccccc2)(c2ccccc2)C(C)(C)C)[C@@H](O)[C@H](OC(=O)CCC(C)=O)[C@H]1N=[N+]=[N-],6435F46B
140,"Organic Letters (2013), 15(1), 88-91",期刊,2013,31-013-CAS-11788920,O([C@H]1[C@H](OCC2=CC=CC=C2)[C@@H](OC(=O)C3=CC=CC=C3)[C@H](SC4=CC=CC=C4)O[C@H]1C(OC)=O)[C@@H]5[C@H](N=[N+]=[N-])[C@@H](OCC6=CC=CC=C6)[C@H](OC(C(Cl)(Cl)Cl)=O)[C@@H](COCC7=CC=CC=C7)O5,thioglycoside,O([C@H]1[C@H](OCC2=CC=CC=C2)[C@@H](OC(=O)C3=CC=CC=C3)[C@H](OC)O[C@H]1C(OC)=O)[C@@H]4[C@H](N=[N+]=[N-])[C@@H](OCC5=CC=CC=C5)[C@H](O)[C@@H](COCC6=CC=CC=C6)O4,Dichloromethane,ClCCl,1,Sodium bicarbonate,[Na].O=C(O)O,1,0.0,1,10.0,1,a,0,COC(=O)[C@@H]1O[C@@H](Sc2ccccc2)[C@H](OC(=O)c2ccccc2)[C@@H](OCc2ccccc2)[C@@H]1O[C@H]1O[C@H](COCc2ccccc2)[C@@H](OC(=O)C(Cl)(Cl)Cl)[C@H](OCc2ccccc2)[C@H]1N=[N+]=[N-],COC(=O)[C@@H]1O[C@@H](OC)[C@H](OC(=O)c2ccccc2)[C@@H](OCc2ccccc2)[C@@H]1O[C@H]1O[C@H](COCc2ccccc2)[C@@H](O)[C@H](OCc2ccccc2)[C@H]1N=[N+]=[N-],745FD294
141,"World Intellectual Property Organization, WO2014140626 A2 2014-09-18",专利,2014,31-013-CAS-12619535,O([C@H]1[C@H](OCC2=CC=CC=C2)[C@@H](OC(=O)C3=CC=CC=C3)C(SC4=CC=CC=C4)O[C@H]1C(OC)=O)[C@@H]5[C@H](N=[N+]=[N-])[C@@H](OCC6=CC=CC=C6)[C@H](OC(C(Cl)(Cl)Cl)=O)[C@@H](COCC7=CC=CC=C7)O5,thioglycoside,O([C@H]1[C@H](OCC2=CC=CC=C2)[C@@H](OC(=O)C3=CC=CC=C3)[C@H](OC)O[C@H]1C(OC)=O)[C@@H]4[C@H](N=[N+]=[N-])[C@@H](OCC5=CC=CC=C5)[C@H](O)[C@@H](COCC6=CC=CC=C6)O4,Dichloromethane,ClCCl,1,Silver triflate,[Ag].O=S(=O)(O)C(F)(F)F,1,0.0,1,120.0,1,a,0,COC(=O)[C@@H]1OC(Sc2ccccc2)[C@H](OC(=O)c2ccccc2)[C@@H](OCc2ccccc2)[C@@H]1O[C@H]1O[C@H](COCc2ccccc2)[C@@H](OC(=O)C(Cl)(Cl)Cl)[C@H](OCc2ccccc2)[C@H]1N=[N+]=[N-],COC(=O)[C@@H]1O[C@@H](OC)[C@H](OC(=O)c2ccccc2)[C@@H](OCc2ccccc2)[C@@H]1O[C@H]1O[C@H](COCc2ccccc2)[C@@H](O)[C@H](OCc2ccccc2)[C@H]1N=[N+]=[N-],4627195D
142,"United States, US20120142560 A1 2012-06-07",专利,2012,31-013-CAS-8631144,O(CC1=CC=CC=C1)[C@H]2[C@]3([C@](O[C@@H](SCC)[C@@H]2OC(CCC(C)=O)=O)(CO[C@H](O3)C4=CC=CC=C4)[H])[H],thioglycoside,O([Si](C(C(C)C)(C)C)(C)C)[C@H]1[C@H](N=[N+]=[N-])[C@@H](OCC2=CC=CC=C2)[C@H](O)[C@@H](COC(C)=O)O1,Dichloromethane,ClCCl,1,N-Iodosuccinimide,O=C1N(I)C(=O)CC1,1,25.0,1,30.0,1,b,1,CCS[C@@H]1O[C@@H]2CO[C@@H](c3ccccc3)O[C@H]2[C@H](OCc2ccccc2)[C@H]1OC(=O)CCC(C)=O,CC(=O)OC[C@H]1O[C@@H](O[Si](C)(C)C(C)(C)C(C)C)[C@H](N=[N+]=[N-])[C@@H](OCc2ccccc2)[C@@H]1O,FA0F3EAF
143,"World Intellectual Property Organization, WO2010117803 A2 2010-10-14",专利,2010,31-013-CAS-5891655,O(CC1=CC=CC=C1)[C@H]2[C@]3([C@](O[C@@H](SCC)[C@@H]2OC(CCC(C)=O)=O)(CO[C@H](O3)C4=CC=CC=C4)[H])[H],thioglycoside,O([Si](C(C(C)C)(C)C)(C)C)[C@H]1[C@H](N=[N+]=[N-])[C@@H](OCC2=CC=CC=C2)[C@H](O)[C@@H](COC(C)=O)O1,Dichloromethane,ClCCl,1,N-Iodosuccinimide,O=C1N(I)C(=O)CC1,1,25.0,1,30.0,1,b,1,CCS[C@@H]1O[C@@H]2CO[C@@H](c3ccccc3)O[C@H]2[C@H](OCc2ccccc2)[C@H]1OC(=O)CCC(C)=O,CC(=O)OC[C@H]1O[C@@H](O[Si](C)(C)C(C)(C)C(C)C)[C@H](N=[N+]=[N-])[C@@H](OCc2ccccc2)[C@@H]1O,FA0F3EAF
144,"Journal of the American Chemical Society (2009), 131(47), 17394-17405",期刊,2009,31-013-CAS-13476910,O(CC1=CC=CC=C1)[C@H]2[C@]3([C@](O[C@@H](SCC)[C@@H]2OC(CCC(C)=O)=O)(CO[C@H](O3)C4=CC=CC=C4)[H])[H],thioglycoside,O([Si](C(C(C)C)(C)C)(C)C)[C@H]1[C@H](N=[N+]=[N-])[C@@H](OCC2=CC=CC=C2)[C@H](O)[C@@H](COC(C)=O)O1,Dichloromethane,ClCCl,1,N-Iodosuccinimide,O=C1N(I)C(=O)CC1,1,25.0,1,30.0,1,b,1,CCS[C@@H]1O[C@@H]2CO[C@@H](c3ccccc3)O[C@H]2[C@H](OCc2ccccc2)[C@H]1OC(=O)CCC(C)=O,CC(=O)OC[C@H]1O[C@@H](O[Si](C)(C)C(C)(C)C(C)C)[C@H](N=[N+]=[N-])[C@@H](OCc2ccccc2)[C@@H]1O,FA0F3EAF
145,"World Intellectual Property Organization, WO2010117803 A2 2010-10-14",专利,2010,31-013-CAS-3407711,O(CC1=CC=CC=C1)[C@H]2[C@]3([C@@](OC(SCC)[C@@H]2OC(CCC(C)=O)=O)(CO[C@@H](O3)C4=CC=CC=C4)[H])[H],thioglycoside,O([Si](C(C(C)C)(C)C)(C)C)[C@H]1[C@H](N=[N+]=[N-])[C@@H](OCC2=CC=CC=C2)[C@H](O)[C@@H](COC(C)=O)O1,Dichloromethane,ClCCl,1,N-Iodosuccinimide,O=C1N(I)C(=O)CC1,1,25.0,1,30.0,1,a,0,CCSC1O[C@H]2CO[C@H](c3ccccc3)O[C@H]2[C@H](OCc2ccccc2)[C@H]1OC(=O)CCC(C)=O,CC(=O)OC[C@H]1O[C@@H](O[Si](C)(C)C(C)(C)C(C)C)[C@H](N=[N+]=[N-])[C@@H](OCc2ccccc2)[C@@H]1O,55CE89E8
146,"Journal of the American Chemical Society (2009), 131(47), 17394-17405",期刊,2009,31-013-CAS-15280740,O(CC1=CC=CC=C1)[C@H]2[C@]3([C@@](OC(SCC)[C@@H]2OC(CCC(C)=O)=O)(CO[C@@H](O3)C4=CC=CC=C4)[H])[H],thioglycoside,O([Si](C(C(C)C)(C)C)(C)C)[C@H]1[C@H](N=[N+]=[N-])[C@@H](OCC2=CC=CC=C2)[C@H](O)[C@@H](COC(C)=O)O1,Dichloromethane,ClCCl,1,N-Iodosuccinimide,O=C1N(I)C(=O)CC1,1,25.0,1,30.0,1,a,0,CCSC1O[C@H]2CO[C@H](c3ccccc3)O[C@H]2[C@H](OCc2ccccc2)[C@H]1OC(=O)CCC(C)=O,CC(=O)OC[C@H]1O[C@@H](O[Si](C)(C)C(C)(C)C(C)C)[C@H](N=[N+]=[N-])[C@@H](OCc2ccccc2)[C@@H]1O,55CE89E8
147,"United States, US20120142560 A1 2012-06-07",专利,2012,31-013-CAS-4037463,O(CC1=CC=CC=C1)[C@H]2[C@]3([C@@](OC(SCC)[C@@H]2OC(C)=O)(CO[C@H](O3)C4=CC=CC=C4)[H])[H],thioglycoside,N(=[N+]=[N-])[C@H]1[C@H](O[Si](C(C(C)C)(C)C)(C)C)O[C@H](COC(CCC(C)=O)=O)[C@@H](O)[C@@H]1OCC2=CC=CC=C2,Dichloromethane,ClCCl,1,N-Iodosuccinimide,O=C1N(I)C(=O)CC1,1,25.0,1,30.0,1,a,0,CCSC1O[C@H]2CO[C@@H](c3ccccc3)O[C@H]2[C@H](OCc2ccccc2)[C@H]1OC(C)=O,CC(=O)CCC(=O)OC[C@H]1O[C@@H](O[Si](C)(C)C(C)(C)C(C)C)[C@H](N=[N+]=[N-])[C@@H](OCc2ccccc2)[C@@H]1O,B903B7E2
148,"World Intellectual Property Organization, WO2010117803 A2 2010-10-14",专利,2010,31-013-CAS-5548184,O(CC1=CC=CC=C1)[C@H]2[C@]3([C@@](OC(SCC)[C@@H]2OC(C)=O)(CO[C@H](O3)C4=CC=CC=C4)[H])[H],thioglycoside,N(=[N+]=[N-])[C@H]1[C@H](O[Si](C(C(C)C)(C)C)(C)C)O[C@H](COC(CCC(C)=O)=O)[C@@H](O)[C@@H]1OCC2=CC=CC=C2,Dichloromethane,ClCCl,1,N-Iodosuccinimide,O=C1N(I)C(=O)CC1,1,25.0,1,30.0,1,a,0,CCSC1O[C@H]2CO[C@@H](c3ccccc3)O[C@H]2[C@H](OCc2ccccc2)[C@H]1OC(C)=O,CC(=O)CCC(=O)OC[C@H]1O[C@@H](O[Si](C)(C)C(C)(C)C(C)C)[C@H](N=[N+]=[N-])[C@@H](OCc2ccccc2)[C@@H]1O,B903B7E2
149,"Journal of the American Chemical Society (2009), 131(47), 17394-17405",期刊,2009,31-013-CAS-1891598,O(CC1=CC=CC=C1)[C@H]2[C@]3([C@@](OC(SCC)[C@@H]2OC(C)=O)(CO[C@H](O3)C4=CC=CC=C4)[H])[H],thioglycoside,N(=[N+]=[N-])[C@H]1[C@H](O[Si](C(C(C)C)(C)C)(C)C)O[C@H](COC(CCC(C)=O)=O)[C@@H](O)[C@@H]1OCC2=CC=CC=C2,Dichloromethane,ClCCl,1,N-Iodosuccinimide,O=C1N(I)C(=O)CC1,1,25.0,1,30.0,1,a,0,CCSC1O[C@H]2CO[C@@H](c3ccccc3)O[C@H]2[C@H](OCc2ccccc2)[C@H]1OC(C)=O,CC(=O)CCC(=O)OC[C@H]1O[C@@H](O[Si](C)(C)C(C)(C)C(C)C)[C@H](N=[N+]=[N-])[C@@H](OCc2ccccc2)[C@@H]1O,B903B7E2
150,"United States, US20120142560 A1 2012-06-07",专利,2012,31-013-CAS-2515446,O(CC1=CC=CC=C1)[C@H]2[C@]3([C@](O[C@@H](SCC)[C@@H]2OC(C)=O)(CO[C@H](O3)C4=CC=CC=C4)[H])[H],thioglycoside,N(=[N+]=[N-])[C@H]1[C@H](O[Si](C(C(C)C)(C)C)(C)C)O[C@H](COC(CCC(C)=O)=O)[C@@H](O)[C@@H]1OCC2=CC=CC=C2,Dichloromethane,ClCCl,1,N-Iodosuccinimide,O=C1N(I)C(=O)CC1,1,25.0,1,30.0,1,b,1,CCS[C@@H]1O[C@@H]2CO[C@@H](c3ccccc3)O[C@H]2[C@H](OCc2ccccc2)[C@H]1OC(C)=O,CC(=O)CCC(=O)OC[C@H]1O[C@@H](O[Si](C)(C)C(C)(C)C(C)C)[C@H](N=[N+]=[N-])[C@@H](OCc2ccccc2)[C@@H]1O,4C7E7813
151,"World Intellectual Property Organization, WO2010117803 A2 2010-10-14",专利,2010,31-013-CAS-10140172,O(CC1=CC=CC=C1)[C@H]2[C@]3([C@](O[C@@H](SCC)[C@@H]2OC(C)=O)(CO[C@H](O3)C4=CC=CC=C4)[H])[H],thioglycoside,N(=[N+]=[N-])[C@H]1[C@H](O[Si](C(C(C)C)(C)C)(C)C)O[C@H](COC(CCC(C)=O)=O)[C@@H](O)[C@@H]1OCC2=CC=CC=C2,Dichloromethane,ClCCl,1,N-Iodosuccinimide,O=C1N(I)C(=O)CC1,1,25.0,1,30.0,1,b,1,CCS[C@@H]1O[C@@H]2CO[C@@H](c3ccccc3)O[C@H]2[C@H](OCc2ccccc2)[C@H]1OC(C)=O,CC(=O)CCC(=O)OC[C@H]1O[C@@H](O[Si](C)(C)C(C)(C)C(C)C)[C@H](N=[N+]=[N-])[C@@H](OCc2ccccc2)[C@@H]1O,4C7E7813
152,"Journal of the American Chemical Society (2009), 131(47), 17394-17405",期刊,2009,31-013-CAS-440332,O(CC1=CC=CC=C1)[C@H]2[C@]3([C@](O[C@@H](SCC)[C@@H]2OC(C)=O)(CO[C@H](O3)C4=CC=CC=C4)[H])[H],thioglycoside,N(=[N+]=[N-])[C@H]1[C@H](O[Si](C(C(C)C)(C)C)(C)C)O[C@H](COC(CCC(C)=O)=O)[C@@H](O)[C@@H]1OCC2=CC=CC=C2,Dichloromethane,ClCCl,1,N-Iodosuccinimide,O=C1N(I)C(=O)CC1,1,25.0,1,30.0,1,b,1,CCS[C@@H]1O[C@@H]2CO[C@@H](c3ccccc3)O[C@H]2[C@H](OCc2ccccc2)[C@H]1OC(C)=O,CC(=O)CCC(=O)OC[C@H]1O[C@@H](O[Si](C)(C)C(C)(C)C(C)C)[C@H](N=[N+]=[N-])[C@@H](OCc2ccccc2)[C@@H]1O,4C7E7813
153,"Journal of Organic Chemistry (2020), 85(24), 16082-16098",期刊,2020,31-013-CAS-22938507,O(CC1=CC=CC=C1)[C@H]2[C@]3([C@](OC(SCC)[C@@H]2OC(C)=O)(CO[C@H](O3)C4=CC=CC=C4)[H])[H],thioglycoside,N(=[N+]=[N-])[C@H]1[C@H](O[Si](C(C(C)C)(C)C)(C)C)O[C@H](COC(CCC(C)=O)=O)[C@@H](O)[C@@H]1OCC2=CC=CC=C2,Dichloromethane,ClCCl,1,Trimethylsilyl triflate,O=S(=O)(O[Si](C)(C)C)C(F)(F)F,1,0.0,1,30.0,1,b,1,CCSC1O[C@@H]2CO[C@@H](c3ccccc3)O[C@H]2[C@H](OCc2ccccc2)[C@H]1OC(C)=O,CC(=O)CCC(=O)OC[C@H]1O[C@@H](O[Si](C)(C)C(C)(C)C(C)C)[C@H](N=[N+]=[N-])[C@@H](OCc2ccccc2)[C@@H]1O,1F5BDF4F
154,"Shanxi Daxue Xuebao, Ziran Kexueban (2014), 37(2), 264-267",期刊,2014,31-013-CAS-23876375,O(C(C)=O)[C@@H]1[C@@H](OC(C)=O)[C@@H](OC(C)=O)[C@@H](COC(C)=O)O[C@@H]1SC2=CC=C(C)C=C2,thioglycoside,N(C(C)=O)[C@@H]1[C@@H](OC(C)=O)[C@H](O)[C@@H](CO[Si](C(C)(C)C)(C)C)O[C@H]1OC(C)=O,Dichloromethane,ClCCl,1,Sodium bicarbonate,[Na].O=C(O)O,1,-5.0,1,,0,a,0,CC(=O)OC[C@H]1O[C@H](Sc2ccc(C)cc2)[C@H](OC(C)=O)[C@@H](OC(C)=O)[C@H]1OC(C)=O,CC(=O)N[C@H]1[C@H](OC(C)=O)O[C@H](CO[Si](C)(C)C(C)(C)C)[C@@H](O)[C@@H]1OC(C)=O,C4527209
155,"Organic & Biomolecular Chemistry (2023), 21(10), 2101-2106",期刊,2023,31-614-CAS-39834130,O(CC1=CC=CC=C1)[C@H]2[C@]3([C@@](O[C@@H](SC4=CC=C(C)C=C4)[C@@H]2OC(=O)C5=CC=CC=C5)(CO[Si](C(C)(C)C)(C(C)(C)C)O3)[H])[H],thioglycoside,N(=[N+]=[N-])[C@@H]1[C@@H](OC(=O)C2=CC=CC=C2)[C@H](O)[C@@H](COC(=O)C3=CC=CC=C3)O[C@H]1OC4=CC=C(OC)C=C4,Dichloromethane,ClCCl,1,Iodonium,[IH2+],1,25.0,1,,0,a,0,Cc1ccc(S[C@@H]2O[C@H]3CO[Si](C(C)(C)C)(C(C)(C)C)O[C@H]3[C@H](OCc3ccccc3)[C@H]2OC(=O)c2ccccc2)cc1,COc1ccc(O[C@@H]2O[C@H](COC(=O)c3ccccc3)[C@@H](O)[C@H](OC(=O)c3ccccc3)[C@H]2N=[N+]=[N-])cc1,16FD6DC8
156,"China, CN105315315 A 2016-02-10",专利,2016,31-013-CAS-15603246,O(CC1=CC=CC=C1)[C@H]2[C@]3([C@](O[C@@H](SC4=CC=C(C)C=C4)[C@@H]2OC(CCC(C)=O)=O)(CO[C@H](O3)C5=CC=CC=C5)[H])[H],thioglycoside,N(=[N+]=[N-])[C@@H]1[C@@H](OCC2=CC=C(OC)C=C2)[C@H](O)[C@@H](COCC3=CC=C(OC)C=C3)O[C@H]1O[Si](C(C)(C)C)(C)C,Dichloromethane,ClCCl,1,Trifluoromethanesulfonic acid,O=S(=O)(O)C(F)(F)F,1,25.0,1,60.0,1,b,1,CC(=O)CCC(=O)O[C@@H]1[C@@H](OCc2ccccc2)[C@@H]2O[C@H](c3ccccc3)OC[C@H]2O[C@H]1Sc1ccc(C)cc1,COc1ccc(COC[C@H]2O[C@@H](O[Si](C)(C)C(C)(C)C)[C@H](N=[N+]=[N-])[C@@H](OCc3ccc(OC)cc3)[C@@H]2O)cc1,397B98AE
157,"Journal of Organic Chemistry (2016), 81(1), 162-184",期刊,2016,31-013-CAS-14430869,O(CC1=CC=CC=C1)[C@H]2[C@]3([C@](O[C@@H](SC4=CC=C(C)C=C4)[C@@H]2OC(CCC(C)=O)=O)(CO[C@H](O3)C5=CC=CC=C5)[H])[H],thioglycoside,N(=[N+]=[N-])[C@@H]1[C@@H](OCC2=CC=C(OC)C=C2)[C@H](O)[C@@H](COCC3=CC=C(OC)C=C3)O[C@H]1O[Si](C(C)(C)C)(C)C,Dichloromethane,ClCCl,1,Triethylamine,N(CC)(CC)CC,1,25.0,1,60.0,1,b,1,CC(=O)CCC(=O)O[C@@H]1[C@@H](OCc2ccccc2)[C@@H]2O[C@H](c3ccccc3)OC[C@H]2O[C@H]1Sc1ccc(C)cc1,COc1ccc(COC[C@H]2O[C@@H](O[Si](C)(C)C(C)(C)C)[C@H](N=[N+]=[N-])[C@@H](OCc3ccc(OC)cc3)[C@@H]2O)cc1,397B98AE
158,"Organic Letters (2013), 15(2), 342-345",期刊,2013,31-013-CAS-1407934,O(CC1=CC=CC=C1)[C@H]2[C@]3([C@@](O[C@@H](SCC)[C@@H]2OC(CCC(C)=O)=O)(CO[C@H](O3)C4=CC=CC=C4)[H])[H],thioglycoside,N(=[N+]=[N-])[C@H]1[C@H](O[Si](C(C(C)C)(C)C)(C)C)O[C@H](COC(CCC(C)=O)=O)[C@@H](O)[C@@H]1OCC2=CC=CC=C2,Dichloromethane,ClCCl,1,Pyridine,N=1C=CC=CC1,1,25.0,1,30.0,1,a,0,CCS[C@@H]1O[C@H]2CO[C@@H](c3ccccc3)O[C@H]2[C@H](OCc2ccccc2)[C@H]1OC(=O)CCC(C)=O,CC(=O)CCC(=O)OC[C@H]1O[C@@H](O[Si](C)(C)C(C)(C)C(C)C)[C@H](N=[N+]=[N-])[C@@H](OCc2ccccc2)[C@@H]1O,6D8F7045
159,"World Intellectual Property Organization, WO2010117803 A2 2010-10-14",专利,2010,31-013-CAS-9812928,O(CC1=CC=CC=C1)[C@H]2[C@]3([C@@](OC(SCC)[C@@H]2OC(CCC(C)=O)=O)(CO[C@@H](O3)C4=CC=CC=C4)[H])[H],thioglycoside,N(=[N+]=[N-])[C@H]1[C@H](O[Si](C(C(C)C)(C)C)(C)C)O[C@H](COC(CCC(C)=O)=O)[C@@H](O)[C@@H]1OCC2=CC=CC=C2,Dichloromethane,ClCCl,1,N-Iodosuccinimide,O=C1N(I)C(=O)CC1,1,25.0,1,30.0,1,a,0,CCSC1O[C@H]2CO[C@H](c3ccccc3)O[C@H]2[C@H](OCc2ccccc2)[C@H]1OC(=O)CCC(C)=O,CC(=O)CCC(=O)OC[C@H]1O[C@@H](O[Si](C)(C)C(C)(C)C(C)C)[C@H](N=[N+]=[N-])[C@@H](OCc2ccccc2)[C@@H]1O,F881CB4F
160,"Journal of the American Chemical Society (2009), 131(47), 17394-17405",期刊,2009,31-013-CAS-11290150,O(CC1=CC=CC=C1)[C@H]2[C@]3([C@@](OC(SCC)[C@@H]2OC(CCC(C)=O)=O)(CO[C@@H](O3)C4=CC=CC=C4)[H])[H],thioglycoside,N(=[N+]=[N-])[C@H]1[C@H](O[Si](C(C(C)C)(C)C)(C)C)O[C@H](COC(CCC(C)=O)=O)[C@@H](O)[C@@H]1OCC2=CC=CC=C2,Dichloromethane,ClCCl,1,N-Iodosuccinimide,O=C1N(I)C(=O)CC1,1,25.0,1,30.0,1,a,0,CCSC1O[C@H]2CO[C@H](c3ccccc3)O[C@H]2[C@H](OCc2ccccc2)[C@H]1OC(=O)CCC(C)=O,CC(=O)CCC(=O)OC[C@H]1O[C@@H](O[Si](C)(C)C(C)(C)C(C)C)[C@H](N=[N+]=[N-])[C@@H](OCc2ccccc2)[C@@H]1O,F881CB4F
161,"United States, US20120142560 A1 2012-06-07",专利,2012,31-013-CAS-4651113,O(CC1=CC=CC=C1)[C@H]2[C@]3([C@](O[C@@H](SCC)[C@@H]2OC(CCC(C)=O)=O)(CO[C@H](O3)C4=CC=CC=C4)[H])[H],thioglycoside,N(=[N+]=[N-])[C@H]1[C@H](O[Si](C(C(C)C)(C)C)(C)C)O[C@H](COC(CCC(C)=O)=O)[C@@H](O)[C@@H]1OCC2=CC=CC=C2,Dichloromethane,ClCCl,1,N-Iodosuccinimide,O=C1N(I)C(=O)CC1,1,25.0,1,30.0,1,b,1,CCS[C@@H]1O[C@@H]2CO[C@@H](c3ccccc3)O[C@H]2[C@H](OCc2ccccc2)[C@H]1OC(=O)CCC(C)=O,CC(=O)CCC(=O)OC[C@H]1O[C@@H](O[Si](C)(C)C(C)(C)C(C)C)[C@H](N=[N+]=[N-])[C@@H](OCc2ccccc2)[C@@H]1O,BF9F6B4D
162,"World Intellectual Property Organization, WO2010117803 A2 2010-10-14",专利,2010,31-013-CAS-12273664,O(CC1=CC=CC=C1)[C@H]2[C@]3([C@](O[C@@H](SCC)[C@@H]2OC(CCC(C)=O)=O)(CO[C@H](O3)C4=CC=CC=C4)[H])[H],thioglycoside,N(=[N+]=[N-])[C@H]1[C@H](O[Si](C(C(C)C)(C)C)(C)C)O[C@H](COC(CCC(C)=O)=O)[C@@H](O)[C@@H]1OCC2=CC=CC=C2,Dichloromethane,ClCCl,1,N-Iodosuccinimide,O=C1N(I)C(=O)CC1,1,25.0,1,30.0,1,b,1,CCS[C@@H]1O[C@@H]2CO[C@@H](c3ccccc3)O[C@H]2[C@H](OCc2ccccc2)[C@H]1OC(=O)CCC(C)=O,CC(=O)CCC(=O)OC[C@H]1O[C@@H](O[Si](C)(C)C(C)(C)C(C)C)[C@H](N=[N+]=[N-])[C@@H](OCc2ccccc2)[C@@H]1O,BF9F6B4D
163,"Journal of the American Chemical Society (2009), 131(47), 17394-17405",期刊,2009,31-013-CAS-2220531,O(CC1=CC=CC=C1)[C@H]2[C@]3([C@](O[C@@H](SCC)[C@@H]2OC(CCC(C)=O)=O)(CO[C@H](O3)C4=CC=CC=C4)[H])[H],thioglycoside,N(=[N+]=[N-])[C@H]1[C@H](O[Si](C(C(C)C)(C)C)(C)C)O[C@H](COC(CCC(C)=O)=O)[C@@H](O)[C@@H]1OCC2=CC=CC=C2,Dichloromethane,ClCCl,1,N-Iodosuccinimide,O=C1N(I)C(=O)CC1,1,25.0,1,30.0,1,b,1,CCS[C@@H]1O[C@@H]2CO[C@@H](c3ccccc3)O[C@H]2[C@H](OCc2ccccc2)[C@H]1OC(=O)CCC(C)=O,CC(=O)CCC(=O)OC[C@H]1O[C@@H](O[Si](C)(C)C(C)(C)C(C)C)[C@H](N=[N+]=[N-])[C@@H](OCc2ccccc2)[C@@H]1O,BF9F6B4D
164,"Organic Letters (2006), 8(21), 4879-4882",期刊,2006,31-301-CAS-10315052,O(CC#CC=1C2=C(C=CC1)C=CC=C2)[C@H]3[C@]4([C@](O[C@](S(=O)C5=CC=CC=C5)([C@H]3OCC6=CC=CC=C6)[H])(CO[C@H](O4)C7=CC=CC=C7)[H])[H],thioglycoside,N(=[N+]=[N-])[C@@H]1[C@@H](OCC2=CC=CC=C2)[C@H](O)[C@@H](COCC3=CC=CC=C3)O[C@H]1OCCCC=C,Dichloromethane,ClCCl,1,Sodium bicarbonate,[Na].O=C(O)O,1,-78.0,1,30.0,1,b,1,O=S(c1ccccc1)[C@H]1O[C@@H]2CO[C@@H](c3ccccc3)O[C@H]2[C@H](OCC#Cc2cccc3ccccc23)[C@@H]1OCc1ccccc1,C=CCCCO[C@@H]1O[C@H](COCc2ccccc2)[C@@H](O)[C@H](OCc2ccccc2)[C@H]1N=[N+]=[N-],7423737B
165,"Organic Letters (2006), 8(21), 4879-4882",期刊,2006,31-301-CAS-14860452,O(CC1=CC=CC=C1)[C@H]2[C@]3([C@](O[C@](S(=O)C4=CC=CC=C4)([C@H]2OCC#CC=5C6=C(C=CC5)C=CC=C6)[H])(CO[C@H](O3)C7=CC=CC=C7)[H])[H],thioglycoside,N(=[N+]=[N-])[C@@H]1[C@@H](OCC2=CC=CC=C2)[C@H](O)[C@@H](COCC3=CC=CC=C3)O[C@H]1OCCCC=C,Dichloromethane,ClCCl,1,Sodium bicarbonate,[Na].O=C(O)O,1,-78.0,1,30.0,1,b,1,O=S(c1ccccc1)[C@H]1O[C@@H]2CO[C@@H](c3ccccc3)O[C@H]2[C@H](OCc2ccccc2)[C@@H]1OCC#Cc1cccc2ccccc12,C=CCCCO[C@@H]1O[C@H](COCc2ccccc2)[C@@H](O)[C@H](OCc2ccccc2)[C@H]1N=[N+]=[N-],A13DA0EC
166,"Organic Letters (2013), 15(1), 88-91",期刊,2013,31-013-CAS-509523,O([C@H]1[C@H](OCC2=CC=CC=C2)[C@@H](OC(=O)C3=CC=CC=C3)[C@H](SC4=CC=CC=C4)O[C@H]1C(OC)=O)[C@@H]5[C@H](N=[N+]=[N-])[C@@H](OCC6=CC=CC=C6)[C@H](OC(C(Cl)(Cl)Cl)=O)[C@@H](COCC7=CC=CC=C7)O5,thioglycoside,O([C@H]1[C@H](OCC2=CC=CC=C2)[C@@H](OC(=O)C3=CC=CC=C3)[C@H](O[C@H]4[C@H](OCC5=CC=CC=C5)[C@@H](N=[N+]=[N-])[C@@H](O[C@H]6[C@H](OCC7=CC=CC=C7)[C@@H](OC(=O)C8=CC=CC=C8)[C@H](OC)O[C@H]6C(OC)=O)O[C@@H]4COCC9=CC=CC=C9)O[C@H]1C(OC)=O)[C@@H]%10[C@H](N=[N+]=[N-])[C@@H](OCC%11=CC=CC=C%11)[C@H](O)[C@@H](COCC%12=CC=CC=C%12)O%10,Dichloromethane,ClCCl,1,Sodium bicarbonate,[Na].O=C(O)O,1,0.0,1,10.0,1,a,0,COC(=O)[C@@H]1O[C@@H](Sc2ccccc2)[C@H](OC(=O)c2ccccc2)[C@@H](OCc2ccccc2)[C@@H]1O[C@H]1O[C@H](COCc2ccccc2)[C@@H](OC(=O)C(Cl)(Cl)Cl)[C@H](OCc2ccccc2)[C@H]1N=[N+]=[N-],COC(=O)[C@@H]1O[C@@H](OC)[C@H](OC(=O)c2ccccc2)[C@@H](OCc2ccccc2)[C@@H]1O[C@H]1O[C@H](COCc2ccccc2)[C@@H](O[C@@H]2O[C@@H](C(=O)OC)[C@@H](O[C@H]3O[C@H](COCc4ccccc4)[C@@H](O)[C@H](OCc4ccccc4)[C@H]3N=[N+]=[N-])[C@H](OCc3ccccc3)[C@H]2OC(=O)c2ccccc2)[C@H](OCc2ccccc2)[C@H]1N=[N+]=[N-],27D857F2
167,"Angewandte Chemie, International Edition (2014), 53(37), 9876-9879",期刊,2014,31-013-CAS-6287649,O(CC1=CC=CC=C1)[C@@H]2[C@@H](OC(=O)C3=CC=CC=C3)[C@H](SC4=CC=C(C)C=C4)O[C@H](COCC5=CC=CC=C5)[C@H]2OCC6=CC=CC=C6,thioglycoside,[Si](OC[C@H]1O[C@H](O[C@H]2[C@H](OCC3=CC=CC=C3)[C@@H](OC(CCC(C)=O)=O)[C@@]4(O[C@]2(CO4)[H])[H])[C@H](N=[N+]=[N-])[C@@H](OC(CCC(C)=O)=O)[C@@H]1O)(C(C)(C)C)(C5=CC=CC=C5)C6=CC=CC=C6,Dichloromethane,ClCCl,1,Trifluoromethanesulfonic acid,O=S(=O)(O)C(F)(F)F,1,25.0,1,60.0,1,b,1,Cc1ccc(S[C@@H]2O[C@H](COCc3ccccc3)[C@@H](OCc3ccccc3)[C@H](OCc3ccccc3)[C@H]2OC(=O)c2ccccc2)cc1,CC(=O)CCC(=O)O[C@H]1[C@H](O)[C@@H](CO[Si](c2ccccc2)(c2ccccc2)C(C)(C)C)O[C@H](O[C@H]2[C@H](OCc3ccccc3)[C@@H](OC(=O)CCC(C)=O)[C@H]3OC[C@@H]2O3)[C@@H]1N=[N+]=[N-],FC84E039
168,"World Intellectual Property Organization, WO2013184564 A1 2013-12-12",专利,2013,31-006-CAS-13795131,O(CC1=CC=CC=C1)[C@H]2[C@]3([C@](O[C@@H](SC4=CC=C(C)C=C4)[C@@H]2OC(=O)C5=CC=CC=C5)(CO[C@H](O3)C6=CC=CC=C6)[H])[H],thioglycoside,[Si](OC[C@H]1O[C@H](O[C@H]2[C@H](OCC3=CC=CC=C3)[C@@H](OC(CCC(C)=O)=O)[C@@]4(O[C@]2(CO4)[H])[H])[C@H](N=[N+]=[N-])[C@@H](OC(CCC(C)=O)=O)[C@@H]1O)(C(C)(C)C)(C5=CC=CC=C5)C6=CC=CC=C6,Dichloromethane,ClCCl,1,Triethylamine,N(CC)(CC)CC,1,25.0,1,60.0,1,b,1,Cc1ccc(S[C@@H]2O[C@@H]3CO[C@@H](c4ccccc4)O[C@H]3[C@H](OCc3ccccc3)[C@H]2OC(=O)c2ccccc2)cc1,CC(=O)CCC(=O)O[C@H]1[C@H](O)[C@@H](CO[Si](c2ccccc2)(c2ccccc2)C(C)(C)C)O[C@H](O[C@H]2[C@H](OCc3ccccc3)[C@@H](OC(=O)CCC(C)=O)[C@H]3OC[C@@H]2O3)[C@@H]1N=[N+]=[N-],FD3F73FB
169,"World Intellectual Property Organization, WO2010029185 A1 2010-03-18",专利,2010,31-013-CAS-8835573,O(CC1=CC=CC=C1)[C@H]2[C@]3([C@@](OC(SCC)[C@@H]2OC(=O)C4=CC=CC=C4)(COC(C)(C)O3)[H])[H],thioglycoside,[Si](OC[C@@H]1[C@@H](O)[C@H](OCC2=CC=CC=C2)[C@@H](N=[N+]=[N-])[C@@H](OCCCC#C)O1)(C(C)(C)C)(C3=CC=CC=C3)C4=CC=CC=C4,Dichloromethane,ClCCl,1,Trifluoromethanesulfonic acid,O=S(=O)(O)C(F)(F)F,1,25.0,1,30.0,1,a,0,CCSC1O[C@H]2COC(C)(C)O[C@H]2[C@H](OCc2ccccc2)[C@H]1OC(=O)c1ccccc1,C#CCCCO[C@H]1O[C@H](CO[Si](c2ccccc2)(c2ccccc2)C(C)(C)C)[C@@H](O)[C@H](OCc2ccccc2)[C@H]1N=[N+]=[N-],CD3D98D4
170,"Journal of Medicinal Chemistry (2020), 63(8), 4227-4255",期刊,2020,31-013-CAS-21905507,O(CC1=CC=CC=C1)[C@H]2[C@]3([C@](O[C@@H](SCC)[C@@H]2OC(C)=O)(CO[C@H](O3)C4=CC=CC=C4)[H])[H],thioglycoside,N(=[N+]=[N-])[C@@H]1[C@@H](OCC2=CC=CC=C2)[C@H](O)[C@@H](COCC3=CC4=C(C=C3)C=CC=C4)O[C@@H]1OCCN=[N+]=[N-],Dichloromethane,ClCCl,1,Triethylamine,N(CC)(CC)CC,1,25.0,1,60.0,1,b,1,CCS[C@@H]1O[C@@H]2CO[C@@H](c3ccccc3)O[C@H]2[C@H](OCc2ccccc2)[C@H]1OC(C)=O,[N-]=[N+]=NCCO[C@H]1O[C@H](COCc2ccc3ccccc3c2)[C@@H](O)[C@H](OCc2ccccc2)[C@H]1N=[N+]=[N-],D482E209
171,"Chemical Science (2013), 4(8), 3218-3222",期刊,2013,31-013-CAS-15620941,O([C@H]1[C@H](OCC2=CC=CC=C2)[C@@H](OC(=O)C3=CC=CC=C3)[C@H](SC4=CC=CC=C4)O[C@H]1C(OC)=O)[C@@H]5[C@H](N=[N+]=[N-])[C@@H](OCC6=CC=CC=C6)[C@H](OC(C(Cl)(Cl)Cl)=O)[C@@H](COC(=O)C7=CC=CC=C7)O5,thioglycoside,O([C@H]1[C@H](OCC2=CC=CC=C2)[C@@H](OC(=O)C3=CC=CC=C3)[C@H](OC)O[C@H]1C(OC)=O)[C@@H]4[C@H](N=[N+]=[N-])[C@@H](OCC5=CC=CC=C5)[C@H](O)[C@@H](COC(=O)C6=CC=CC=C6)O4,Dichloromethane;Toluene,ClCCl;C=1C=CC(=CC1)C,1,Silver triflate,[Ag].O=S(=O)(O)C(F)(F)F,1,25.0,1,,0,a,0,COC(=O)[C@@H]1O[C@@H](Sc2ccccc2)[C@H](OC(=O)c2ccccc2)[C@@H](OCc2ccccc2)[C@@H]1O[C@H]1O[C@H](COC(=O)c2ccccc2)[C@@H](OC(=O)C(Cl)(Cl)Cl)[C@H](OCc2ccccc2)[C@H]1N=[N+]=[N-],COC(=O)[C@@H]1O[C@@H](OC)[C@H](OC(=O)c2ccccc2)[C@@H](OCc2ccccc2)[C@@H]1O[C@H]1O[C@H](COC(=O)c2ccccc2)[C@@H](O)[C@H](OCc2ccccc2)[C@H]1N=[N+]=[N-],BF5E572D
172,"Organic Letters (2013), 15(1), 88-91",期刊,2013,31-013-CAS-4770924,O([C@H]1[C@H](OCC2=CC=CC=C2)[C@@H](OC(=O)C3=CC=CC=C3)[C@H](SC4=CC=CC=C4)O[C@H]1C(OC)=O)[C@@H]5[C@H](N=[N+]=[N-])[C@@H](OCC6=CC=CC=C6)[C@H](OC(C(Cl)(Cl)Cl)=O)[C@@H](COCC7=CC=CC=C7)O5,thioglycoside,O([C@H]1[C@H](OCC2=CC=CC=C2)[C@@H](OC(=O)C3=CC=CC=C3)[C@H](O[C@H]4[C@H](OCC5=CC=CC=C5)[C@@H](N=[N+]=[N-])[C@@H](O[C@H]6[C@H](OCC7=CC=CC=C7)[C@@H](OC(=O)C8=CC=CC=C8)[C@H](OC)O[C@H]6C(OC)=O)O[C@@H]4COCC9=CC=CC=C9)O[C@H]1C(OC)=O)[C@@H]%10[C@H](N=[N+]=[N-])[C@@H](OCC%11=CC=CC=C%11)[C@H](O[C@H]%12[C@H](OC(=O)C%13=CC=CC=C%13)[C@@H](OCC%14=CC=CC=C%14)[C@H](O[C@@H]%15[C@H](N=[N+]=[N-])[C@@H](OCC%16=CC=CC=C%16)[C@H](O)[C@@H](COCC%17=CC=CC=C%17)O%15)[C@H](C(OC)=O)O%12)[C@@H](COCC%18=CC=CC=C%18)O%10,Dichloromethane,ClCCl,1,Sodium bicarbonate,[Na].O=C(O)O,1,0.0,1,10.0,1,a,0,COC(=O)[C@@H]1O[C@@H](Sc2ccccc2)[C@H](OC(=O)c2ccccc2)[C@@H](OCc2ccccc2)[C@@H]1O[C@H]1O[C@H](COCc2ccccc2)[C@@H](OC(=O)C(Cl)(Cl)Cl)[C@H](OCc2ccccc2)[C@H]1N=[N+]=[N-],COC(=O)[C@@H]1O[C@@H](OC)[C@H](OC(=O)c2ccccc2)[C@@H](OCc2ccccc2)[C@@H]1O[C@H]1O[C@H](COCc2ccccc2)[C@@H](O[C@@H]2O[C@@H](C(=O)OC)[C@@H](O[C@H]3O[C@H](COCc4ccccc4)[C@@H](O[C@@H]4O[C@@H](C(=O)OC)[C@@H](O[C@H]5O[C@H](COCc6ccccc6)[C@@H](O)[C@H](OCc6ccccc6)[C@H]5N=[N+]=[N-])[C@H](OCc5ccccc5)[C@H]4OC(=O)c4ccccc4)[C@H](OCc4ccccc4)[C@H]3N=[N+]=[N-])[C@H](OCc3ccccc3)[C@H]2OC(=O)c2ccccc2)[C@H](OCc2ccccc2)[C@H]1N=[N+]=[N-],4DADAE4F
173,"Organic Reactions (Hoboken, NJ, United States) (2004), 64, No pp. given",期刊,2004,31-301-CAS-14493604,O(C(C(C)(C)C)=O)[C@@H]1[C@@H](OC(C(C)(C)C)=O)[C@H](S(=O)C2=CC=CC=C2)O[C@H](COC(C(C)(C)C)=O)[C@@H]1OC(C(C)(C)C)=O,thioglycoside,S([C@@H]1[C@H](N=[N+]=[N-])[C@@H](OCC2=CC=C(OC)C=C2)[C@H](O)[C@@H](COC(C(C)(C)C)=O)O1)C3=CC=CC=C3,Dichloromethane,ClCCl,1,Trifluoromethanesulfonic anhydride,O=S(=O)(OS(=O)(=O)C(F)(F)F)C(F)(F)F,1,,0,,0,b,1,CC(C)(C)C(=O)OC[C@H]1O[C@@H](S(=O)c2ccccc2)[C@H](OC(=O)C(C)(C)C)[C@@H](OC(=O)C(C)(C)C)[C@H]1OC(=O)C(C)(C)C,COc1ccc(CO[C@H]2[C@H](O)[C@@H](COC(=O)C(C)(C)C)O[C@H](Sc3ccccc3)[C@@H]2N=[N+]=[N-])cc1,AF70A6FA
174,"Angewandte Chemie, International Edition (2019), 58(31), 10547-10552",期刊,2019,31-013-CAS-20421021,O(CC1=CC2=C(C=C1)C=CC=C2)[C@@H]3[C@@H](OC(CCC(C)=O)=O)[C@H](SC4=CC=C(C)C=C4)O[C@H](COCC5=CC=CC=C5)[C@@H]3OCC6=CC=CC=C6,thioglycoside,O([Si](C(C(C)C)(C)C)(C)C)[C@H]1[C@H](N=[N+]=[N-])[C@@H](OCC2=CC=CC=C2)[C@H](O)[C@@H](COCC3=CC=CC=C3)O1,Dichloromethane,ClCCl,1,Triethylamine,N(CC)(CC)CC,1,-40.0,1,30.0,1,b,1,CC(=O)CCC(=O)O[C@@H]1[C@@H](OCc2ccc3ccccc3c2)[C@@H](OCc2ccccc2)[C@@H](COCc2ccccc2)O[C@H]1Sc1ccc(C)cc1,CC(C)C(C)(C)[Si](C)(C)O[C@@H]1O[C@H](COCc2ccccc2)[C@@H](O)[C@H](OCc2ccccc2)[C@H]1N=[N+]=[N-],269ABEDB
175,"China, CN105001278 A 2015-10-28",专利,2015,31-013-CAS-8595491,C(OC(O[C@H]1[C@H](OCC2=CC=CC=C2)[C@@H](OC(=O)C3=CC=CC=C3)[C@H](SC4=CC=CC=C4)O[C@H]1C(OC)=O)=O)C5C=6C(C=7C5=CC=CC7)=CC=CC6,thioglycoside,O(CC1=CC=CC=C1)[C@@H]2[C@@H](N=[N+]=[N-])[C@@H](OC)O[C@H](COC(=O)C3=CC=CC=C3)[C@H]2O,Dichloromethane,ClCCl,1,Trifluoromethanesulfonic anhydride,O=S(=O)(OS(=O)(=O)C(F)(F)F)C(F)(F)F,1,-20.0,1,,0,a,0,COC(=O)[C@@H]1O[C@@H](Sc2ccccc2)[C@H](OC(=O)c2ccccc2)[C@@H](OCc2ccccc2)[C@@H]1OC(=O)OCC1c2ccccc2-c2ccccc21,CO[C@H]1O[C@H](COC(=O)c2ccccc2)[C@@H](O)[C@H](OCc2ccccc2)[C@H]1N=[N+]=[N-],2B43404C
176,"ChemMedChem (2014), 9(5), 1071-1080",期刊,2014,31-013-CAS-11969359,C(OC(O[C@H]1[C@H](OCC2=CC=CC=C2)[C@@H](OC(=O)C3=CC=CC=C3)[C@H](SC4=CC=CC=C4)O[C@H]1C(OC)=O)=O)C5C=6C(C=7C5=CC=CC7)=CC=CC6,thioglycoside,O(CC1=CC=CC=C1)[C@@H]2[C@@H](N=[N+]=[N-])[C@@H](OC)O[C@H](COC(=O)C3=CC=CC=C3)[C@H]2O,Dichloromethane,ClCCl,1,Trifluoromethanesulfonic anhydride,O=S(=O)(OS(=O)(=O)C(F)(F)F)C(F)(F)F,1,25.0,1,30.0,1,a,0,COC(=O)[C@@H]1O[C@@H](Sc2ccccc2)[C@H](OC(=O)c2ccccc2)[C@@H](OCc2ccccc2)[C@@H]1OC(=O)OCC1c2ccccc2-c2ccccc21,CO[C@H]1O[C@H](COC(=O)c2ccccc2)[C@@H](O)[C@H](OCc2ccccc2)[C@H]1N=[N+]=[N-],2B43404C
177,"Organic Reactions (Hoboken, NJ, United States) (2004), 64, No pp. given",期刊,2004,31-301-CAS-9443004,O(CC1=CC=CC=C1)[C@H]2[C@H](OCC3=CC=CC=C3)[C@H](OCC4=CC=CC=C4)[C@H](C)O[C@@H]2S(=O)C5=CC=CC=C5,thioglycoside,O(C(C)=O)[C@@H]1[C@@H](OC(C)=O)[C@H](O[C@@H]2[C@@H](N=[N+]=[N-])[C@@H](SC3=CC=CC=C3)O[C@H](COC(C(C)(C)C)=O)[C@H]2O)O[C@H](COC(C)=O)[C@@H]1OC(C)=O,Dichloromethane,ClCCl,1,Trifluoromethanesulfonic anhydride,O=S(=O)(OS(=O)(=O)C(F)(F)F)C(F)(F)F,1,,0,,0,a,0,C[C@@H]1O[C@H](S(=O)c2ccccc2)[C@@H](OCc2ccccc2)[C@H](OCc2ccccc2)[C@@H]1OCc1ccccc1,CC(=O)OC[C@H]1O[C@@H](O[C@H]2[C@H](O)[C@@H](COC(=O)C(C)(C)C)O[C@H](Sc3ccccc3)[C@@H]2N=[N+]=[N-])[C@H](OC(C)=O)[C@@H](OC(C)=O)[C@H]1OC(C)=O,6F5C7A6E
178,"Carbohydrate Research (2006), 341(7), 918-924",期刊,2006,31-013-CAS-9351324,O(C(C)=O)[C@@H]1[C@@H](OC(C)=O)[C@H](SC2=CC=CC=C2)O[C@H](COC(C)=O)[C@@H]1OC(C)=O,thioglycoside,O(C(C(C)(C)C)=O)[C@@H]1[C@@H](NC(C)=O)[C@@H](OC)O[C@H](COC(C(C)(C)C)=O)[C@H]1O,Dichloromethane,ClCCl,1,Pyridine,N=1C=CC=CC1,1,25.0,1,,0,b,1,CC(=O)OC[C@H]1O[C@@H](Sc2ccccc2)[C@H](OC(C)=O)[C@@H](OC(C)=O)[C@H]1OC(C)=O,CO[C@H]1O[C@H](COC(=O)C(C)(C)C)[C@@H](O)[C@H](OC(=O)C(C)(C)C)[C@H]1NC(C)=O,AB9D1020
179,"Chemistry - A European Journal (2010), 16(28), 8365-8375, S8365/1-S8365/273",期刊,2010,31-013-CAS-3050463,O([C@H]1[C@H](OCC2=CC=CC=C2)[C@@H](OC(=O)C3=CC=CC=C3)[C@H](O[C@H]4[C@H](OCC5=CC=CC=C5)[C@@H](N=[N+]=[N-])[C@@H](O[C@H]6[C@H](OCC7=CC=CC=C7)[C@@H](OC(=O)C8=CC=CC=C8)[C@H](SC9=CC=C(C)C=C9)O[C@@H]6COC(CCC(C)=O)=O)O[C@@H]4COC(C)=O)O[C@@H]1COC(CCC(C)=O)=O)[C@@H]%10[C@H](N=[N+]=[N-])[C@@H](OCC%11=CC=CC=C%11)[C@H](O[Si](C(C)(C)C)(C)C)[C@@H](COC(C)=O)O%10,thioglycoside,O([C@H]1[C@H](OCC2=CC=CC=C2)[C@@H](OC(=O)C3=CC=CC=C3)[C@H](OCC)O[C@@H]1COC(CCC(C)=O)=O)[C@@H]4[C@H](N=[N+]=[N-])[C@@H](OCC5=CC=CC=C5)[C@H](O)[C@@H](COC(C)=O)O4,Dichloromethane;Diethyl ether,ClCCl;O(CC)CC,1,Silver triflate,[Ag].O=S(=O)(O)C(F)(F)F,1,-78.0,1,30.0,1,b,1,CC(=O)CCC(=O)OC[C@H]1O[C@@H](Sc2ccc(C)cc2)[C@H](OC(=O)c2ccccc2)[C@@H](OCc2ccccc2)[C@@H]1O[C@H]1O[C@H](COC(C)=O)[C@@H](O[C@@H]2O[C@H](COC(=O)CCC(C)=O)[C@@H](O[C@H]3O[C@H](COC(C)=O)[C@@H](O[Si](C)(C)C(C)(C)C)[C@H](OCc4ccccc4)[C@H]3N=[N+]=[N-])[C@H](OCc3ccccc3)[C@H]2OC(=O)c2ccccc2)[C@H](OCc2ccccc2)[C@H]1N=[N+]=[N-],CCO[C@@H]1O[C@H](COC(=O)CCC(C)=O)[C@@H](O[C@H]2O[C@H](COC(C)=O)[C@@H](O)[C@H](OCc3ccccc3)[C@H]2N=[N+]=[N-])[C@H](OCc2ccccc2)[C@H]1OC(=O)c1ccccc1,FFCE0812
180,"Chemistry - A European Journal (2010), 16(28), 8365-8375, S8365/1-S8365/273",期刊,2010,31-013-CAS-7026889,O(CC1=CC=CC=C1)[C@@H]2[C@@H](OC(=O)C3=CC=CC=C3)[C@H](SC4=CC=C(C)C=C4)O[C@H](COCC5=CC=C(OC)C=C5)[C@H]2O[Si](C(C)(C)C)(C)C,thioglycoside,S([C@H]1[C@H](N=[N+]=[N-])[C@@H](OCC2=CC=CC=C2)[C@H](O)[C@@H](COC(C)=O)O1)C3=CC=C(C)C=C3,Dichloromethane;Diethyl ether,ClCCl;O(CC)CC,1,Silver triflate,[Ag].O=S(=O)(O)C(F)(F)F,1,-78.0,1,30.0,1,b,1,COc1ccc(COC[C@H]2O[C@@H](Sc3ccc(C)cc3)[C@H](OC(=O)c3ccccc3)[C@@H](OCc3ccccc3)[C@@H]2O[Si](C)(C)C(C)(C)C)cc1,CC(=O)OC[C@H]1O[C@@H](Sc2ccc(C)cc2)[C@H](N=[N+]=[N-])[C@@H](OCc2ccccc2)[C@@H]1O,AA35931F
181,"Journal of Medicinal Chemistry (2020), 63(8), 4227-4255",期刊,2020,31-013-CAS-21905513,O(CC1=CC=CC=C1)[C@H]2[C@]3([C@](O[C@@H](SCC)[C@@H]2OC(C)=O)(CO[C@H](O3)C4=CC=CC=C4)[H])[H],thioglycoside,O(CC1=CC2=C(C=C1)C=CC=C2)[C@@H]3[C@@H](N=[N+]=[N-])[C@@H](OCCN=[N+]=[N-])O[C@H](COCC4=CC=C(OC)C=C4)[C@H]3O,Dichloromethane,ClCCl,1,Triethylamine,N(CC)(CC)CC,1,25.0,1,60.0,1,b,1,CCS[C@@H]1O[C@@H]2CO[C@@H](c3ccccc3)O[C@H]2[C@H](OCc2ccccc2)[C@H]1OC(C)=O,COc1ccc(COC[C@H]2O[C@H](OCCN=[N+]=[N-])[C@H](N=[N+]=[N-])[C@@H](OCc3ccc4ccccc4c3)[C@@H]2O)cc1,722AD130
182,"World Intellectual Property Organization, WO2014140626 A2 2014-09-18",专利,2014,31-013-CAS-1278764,O([C@H]1[C@H](OCC2=CC=CC=C2)[C@@H](OC(=O)C3=CC=CC=C3)[C@H](O[C@H]4[C@H](OCC5=CC=CC=C5)[C@@H](N=[N+]=[N-])[C@@H](O[C@H]6[C@H](OCC7=CC=CC=C7)[C@@H](OC(=O)C8=CC=CC=C8)[C@H](SC9=CC=CC=C9)O[C@H]6C(OC)=O)O[C@@H]4COCC%10=CC=CC=C%10)O[C@H]1C(OC)=O)[C@@H]%11[C@H](N=[N+]=[N-])[C@@H](OCC%12=CC=CC=C%12)[C@H](OC(C(Cl)(Cl)Cl)=O)[C@@H](COCC%13=CC=CC=C%13)O%11,thioglycoside,O([C@H]1[C@H](OCC2=CC=CC=C2)[C@@H](OC(=O)C3=CC=CC=C3)[C@H](O[C@H]4[C@H](OCC5=CC=CC=C5)[C@@H](N=[N+]=[N-])[C@@H](O[C@H]6[C@H](OCC7=CC=CC=C7)[C@@H](OC(=O)C8=CC=CC=C8)[C@H](OC[C@H](OCC9=CC=CC=C9)COCC%10=CC=CC=C%10)O[C@H]6C(OC)=O)O[C@@H]4COCC%11=CC=CC=C%11)O[C@H]1C(OC)=O)[C@@H]%12[C@H](N=[N+]=[N-])[C@@H](OCC%13=CC=CC=C%13)[C@H](O)[C@@H](COCC%14=CC=CC=C%14)O%12,Dichloromethane,ClCCl,1,Sodium bicarbonate,[Na].O=C(O)O,1,0.0,1,10.0,1,a,0,COC(=O)[C@@H]1O[C@@H](Sc2ccccc2)[C@H](OC(=O)c2ccccc2)[C@@H](OCc2ccccc2)[C@@H]1O[C@H]1O[C@H](COCc2ccccc2)[C@@H](O[C@@H]2O[C@@H](C(=O)OC)[C@@H](O[C@H]3O[C@H](COCc4ccccc4)[C@@H](OC(=O)C(Cl)(Cl)Cl)[C@H](OCc4ccccc4)[C@H]3N=[N+]=[N-])[C@H](OCc3ccccc3)[C@H]2OC(=O)c2ccccc2)[C@H](OCc2ccccc2)[C@H]1N=[N+]=[N-],COC(=O)[C@@H]1O[C@@H](OC[C@@H](COCc2ccccc2)OCc2ccccc2)[C@H](OC(=O)c2ccccc2)[C@@H](OCc2ccccc2)[C@@H]1O[C@H]1O[C@H](COCc2ccccc2)[C@@H](O[C@@H]2O[C@@H](C(=O)OC)[C@@H](O[C@H]3O[C@H](COCc4ccccc4)[C@@H](O)[C@H](OCc4ccccc4)[C@H]3N=[N+]=[N-])[C@H](OCc3ccccc3)[C@H]2OC(=O)c2ccccc2)[C@H](OCc2ccccc2)[C@H]1N=[N+]=[N-],F9CF2785
183,"Nature Communications (2013), 4, 3016/1-3016/9",期刊,2013,31-013-CAS-3319595,O([C@H]1[C@H](OCC2=CC=CC=C2)[C@@H](OC(=O)C3=CC=CC=C3)[C@H](O[C@H]4[C@H](OCC5=CC=CC=C5)[C@@H](N=[N+]=[N-])[C@@H](O[C@H]6[C@H](OCC7=CC=CC=C7)[C@@H](OC(=O)C8=CC=CC=C8)C(SC9=CC=CC=C9)O[C@H]6C(OC)=O)O[C@@H]4COCC%10=CC=CC=C%10)O[C@H]1C(OC)=O)[C@@H]%11[C@H](N=[N+]=[N-])[C@@H](OCC%12=CC=CC=C%12)[C@H](OC(C(Cl)(Cl)Cl)=O)[C@@H](COCC%13=CC=CC=C%13)O%11,thioglycoside,O([C@H]1[C@H](OCC2=CC=CC=C2)[C@@H](OC(=O)C3=CC=CC=C3)[C@H](O[C@H]4[C@H](OCC5=CC=CC=C5)[C@@H](N=[N+]=[N-])[C@@H](O[C@H]6[C@H](OCC7=CC=CC=C7)[C@@H](OC(=O)C8=CC=CC=C8)[C@H](OC[C@H](OCC9=CC=CC=C9)COCC%10=CC=CC=C%10)O[C@H]6C(OC)=O)O[C@@H]4COCC%11=CC=CC=C%11)O[C@H]1C(OC)=O)[C@@H]%12[C@H](N=[N+]=[N-])[C@@H](OCC%13=CC=CC=C%13)[C@H](O)[C@@H](COCC%14=CC=CC=C%14)O%12,Dichloromethane,ClCCl,1,N-Iodosuccinimide,O=C1N(I)C(=O)CC1,1,,0,,0,a,0,COC(=O)[C@@H]1O[C@@H](O[C@H]2[C@H](OCc3ccccc3)[C@@H](N=[N+]=[N-])[C@@H](O[C@H]3[C@H](OCc4ccccc4)[C@@H](OC(=O)c4ccccc4)C(Sc4ccccc4)O[C@H]3C(=O)OC)O[C@@H]2COCc2ccccc2)[C@H](OC(=O)c2ccccc2)[C@@H](OCc2ccccc2)[C@@H]1O[C@H]1O[C@H](COCc2ccccc2)[C@@H](OC(=O)C(Cl)(Cl)Cl)[C@H](OCc2ccccc2)[C@H]1N=[N+]=[N-],COC(=O)[C@@H]1O[C@@H](OC[C@@H](COCc2ccccc2)OCc2ccccc2)[C@H](OC(=O)c2ccccc2)[C@@H](OCc2ccccc2)[C@@H]1O[C@H]1O[C@H](COCc2ccccc2)[C@@H](O[C@@H]2O[C@@H](C(=O)OC)[C@@H](O[C@H]3O[C@H](COCc4ccccc4)[C@@H](O)[C@H](OCc4ccccc4)[C@H]3N=[N+]=[N-])[C@H](OCc3ccccc3)[C@H]2OC(=O)c2ccccc2)[C@H](OCc2ccccc2)[C@H]1N=[N+]=[N-],BE586B22
184,"Journal of Organic Chemistry (2019), 84(23), 15063-15078",期刊,2019,31-013-CAS-20818633,O([C@H]1[C@H](OCC2=CC=CC=C2)[C@@H](OC(=O)C3=CC=CC=C3)[C@H](SC4=CC=CC=C4)O[C@H]1C(OC)=O)[C@@H]5[C@H](N=[N+]=[N-])[C@@H](OCC6=CC=CC=C6)[C@H](OCC7=CC=C(OC)C=C7)[C@@H](COCC8=CC=CC=C8)O5,thioglycoside,O([C@H]1[C@H](OCC2=CC=CC=C2)[C@@]3([C@@H](SC4=CC=CC=C4)O[C@]1(C(=O)O3)[H])[H])[C@@H]5[C@H](N=[N+]=[N-])[C@@H](OCC6=CC=CC=C6)[C@H](O)[C@@H](COCC7=CC=CC=C7)O5,Dichloromethane,ClCCl,1,Sodium thiosulfate,[Na].O=S(=O)(O)S,1,0.0,1,10.0,1,a,0,COC(=O)[C@@H]1O[C@@H](Sc2ccccc2)[C@H](OC(=O)c2ccccc2)[C@@H](OCc2ccccc2)[C@@H]1O[C@H]1O[C@H](COCc2ccccc2)[C@@H](OCc2ccc(OC)cc2)[C@H](OCc2ccccc2)[C@H]1N=[N+]=[N-],[N-]=[N+]=N[C@H]1[C@@H](O[C@H]2[C@H](OCc3ccccc3)[C@H]3OC(=O)[C@@H]2O[C@@H]3Sc2ccccc2)O[C@H](COCc2ccccc2)[C@@H](O)[C@@H]1OCc1ccccc1,FE4691B9
185,"Journal of Organic Chemistry (2019), 84(23), 15063-15078",期刊,2019,31-013-CAS-20818644,O([C@H]1[C@H](OCC2=CC=CC=C2)[C@@H](OC(=O)C3=CC=CC=C3)[C@H](SC4=CC=CC=C4)O[C@H]1C(OC)=O)[C@@H]5[C@H](N=[N+]=[N-])[C@@H](OCC6=CC=CC=C6)[C@H](OCC7=CC=CC=C7)[C@@H](COCC8=CC=CC=C8)O5,thioglycoside,O([C@H]1[C@H](OCC2=CC=CC=C2)[C@@]3([C@H](SC4=CC=CC=C4)O[C@]1(C(=O)O3)[H])[H])[C@@H]5[C@H](N=[N+]=[N-])[C@@H](OCC6=CC=CC=C6)[C@H](O)[C@@H](COCC7=CC=CC=C7)O5,Dichloromethane,ClCCl,1,N-Iodosuccinimide,O=C1N(I)C(=O)CC1,1,25.0,1,30.0,1,a,0,COC(=O)[C@@H]1O[C@@H](Sc2ccccc2)[C@H](OC(=O)c2ccccc2)[C@@H](OCc2ccccc2)[C@@H]1O[C@H]1O[C@H](COCc2ccccc2)[C@@H](OCc2ccccc2)[C@H](OCc2ccccc2)[C@H]1N=[N+]=[N-],[N-]=[N+]=N[C@H]1[C@@H](O[C@H]2[C@H](OCc3ccccc3)[C@H]3OC(=O)[C@@H]2O[C@H]3Sc2ccccc2)O[C@H](COCc2ccccc2)[C@@H](O)[C@@H]1OCc1ccccc1,A8D8D028
186,"Carbohydrate Research (1992), 236, 327-34",期刊,1992,31-013-CAS-1025278,O(CC1=CC=CC=C1)[C@@H]2[C@@H](OC(C)=O)[C@@H](SC3=CC=CC=C3)O[C@H](COC(C)=O)[C@@H]2OC(C)=O,thioglycoside,N(C(C)=O)[C@@H]1[C@@H](OCC2=CC=CC=C2)[C@H](O)[C@@H](COCC3=CC=CC=C3)O[C@@H]1OCC4=CC=CC=C4,Dichloromethane,ClCCl,1,N-Iodosuccinimide,O=C1N(I)C(=O)CC1,1,,0,,0,b,1,CC(=O)OC[C@H]1O[C@H](Sc2ccccc2)[C@H](OC(C)=O)[C@@H](OCc2ccccc2)[C@H]1OC(C)=O,CC(=O)N[C@H]1[C@@H](OCc2ccccc2)O[C@H](COCc2ccccc2)[C@@H](O)[C@@H]1OCc1ccccc1,23DA84E9
187,"Carbohydrate Research (1992), 236, 327-34",期刊,1992,31-013-CAS-3131889,O(CC1=CC=CC=C1)[C@@H]2[C@@H](OC(C)=O)[C@H](SC3=CC=CC=C3)O[C@H](COC(C)=O)[C@@H]2OC(C)=O,thioglycoside,N(C(C)=O)[C@@H]1[C@@H](OCC2=CC=CC=C2)[C@H](O)[C@@H](COCC3=CC=CC=C3)O[C@@H]1OCC4=CC=CC=C4,Dichloromethane,ClCCl,1,N-Iodosuccinimide,O=C1N(I)C(=O)CC1,1,,0,,0,b,1,CC(=O)OC[C@H]1O[C@@H](Sc2ccccc2)[C@H](OC(C)=O)[C@@H](OCc2ccccc2)[C@H]1OC(C)=O,CC(=O)N[C@H]1[C@@H](OCc2ccccc2)O[C@H](COCc2ccccc2)[C@@H](O)[C@@H]1OCc1ccccc1,92BB3248
188,"World Intellectual Property Organization, WO2023194941 A1 2023-10-12",专利,2023,31-614-CAS-38307143,O(C(C)=O)[C@H]1[C@@H](OC(C)=O)[C@@H](COC(C)=O)O[C@@H](SCC)[C@@H]1OC(C)=O,thioglycoside,N(C(C)=O)[C@@H]1[C@@H](OC(C)=O)[C@H](O)[C@@H](COCC2=CC=CC=C2)O[C@H]1OCCCNC(C(F)(F)F)=O,Dichloromethane;Methanol,ClCCl;OC,1,Trifluoroacetic acid,O=C(O)C(F)(F)F,1,25.0,1,30.0,1,b,1,CCS[C@@H]1O[C@H](COC(C)=O)[C@H](OC(C)=O)[C@H](OC(C)=O)[C@H]1OC(C)=O,CC(=O)N[C@H]1[C@H](OCCCNC(=O)C(F)(F)F)O[C@H](COCc2ccccc2)[C@@H](O)[C@@H]1OC(C)=O,4FC156AC
189,"Journal of the American Chemical Society (2007), 129(42), 12795-12800",期刊,2007,31-013-CAS-6201072,[Si](OC[C@H]1[C@@H](OC(CCC(C)=O)=O)[C@H](OCC2=CC=CC=C2)[C@@H](OC(=O)C3=CC=CC=C3)[C@H](SC4=CC=C(C)C=C4)O1)(C(C)(C)C)(C5=CC=CC=C5)C6=CC=CC=C6,thioglycoside,S([C@H]1[C@H](N=[N+]=[N-])[C@@H](OCC2=CC=CC=C2)[C@H](O)[C@@H](COC(C)=O)O1)C3=CC=C(C)C=C3,Dichloromethane;Diethyl ether,ClCCl;O(CC)CC,1,Trifluoromethanesulfonic acid,O=S(=O)(O)C(F)(F)F,1,25.0,1,60.0,1,a,0,CC(=O)CCC(=O)O[C@H]1[C@H](OCc2ccccc2)[C@@H](OC(=O)c2ccccc2)[C@H](Sc2ccc(C)cc2)O[C@H]1CO[Si](c1ccccc1)(c1ccccc1)C(C)(C)C,CC(=O)OC[C@H]1O[C@@H](Sc2ccc(C)cc2)[C@H](N=[N+]=[N-])[C@@H](OCc2ccccc2)[C@@H]1O,E76459E2
190,"Journal of the American Chemical Society (2007), 129(42), 12795-12800",期刊,2007,31-013-CAS-10462327,[Si](OC[C@H]1[C@@H](OC(CCC(C)=O)=O)[C@H](OCC2=CC=CC=C2)[C@@H](OC(=O)C3=CC=CC=C3)[C@H](SC4=CC=C(C)C=C4)O1)(C(C)(C)C)(C5=CC=CC=C5)C6=CC=CC=C6,thioglycoside,S([C@H]1[C@H](N=[N+]=[N-])[C@@H](OCC2=CC=CC=C2)[C@H](O)[C@@H](COC(C)=O)O1)C3=CC=C(C)C=C3,Dichloromethane,ClCCl,1,Triethylamine,N(CC)(CC)CC,1,25.0,1,60.0,1,a,0,CC(=O)CCC(=O)O[C@H]1[C@H](OCc2ccccc2)[C@@H](OC(=O)c2ccccc2)[C@H](Sc2ccc(C)cc2)O[C@H]1CO[Si](c1ccccc1)(c1ccccc1)C(C)(C)C,CC(=O)OC[C@H]1O[C@@H](Sc2ccc(C)cc2)[C@H](N=[N+]=[N-])[C@@H](OCc2ccccc2)[C@@H]1O,E76459E2
191,"Journal of the American Chemical Society (2007), 129(42), 12795-12800",期刊,2007,31-013-CAS-8328637,[Si](OC[C@H]1[C@@H](OC(CCC(C)=O)=O)[C@H](OCC2=CC=CC=C2)[C@@H](OC(=O)C3=CC=CC=C3)[C@H](SC4=CC=C(C)C=C4)O1)(C(C)(C)C)(C5=CC=CC=C5)C6=CC=CC=C6,thioglycoside,S([C@H]1[C@H](N=[N+]=[N-])[C@@H](OCC2=CC=CC=C2)[C@H](O)[C@@H](COC(C)=O)O1)C3=CC=C(C)C=C3,Dichloromethane,ClCCl,1,Trifluoromethanesulfonic anhydride,O=S(=O)(OS(=O)(=O)C(F)(F)F)C(F)(F)F,1,25.0,1,60.0,1,a,0,CC(=O)CCC(=O)O[C@H]1[C@H](OCc2ccccc2)[C@@H](OC(=O)c2ccccc2)[C@H](Sc2ccc(C)cc2)O[C@H]1CO[Si](c1ccccc1)(c1ccccc1)C(C)(C)C,CC(=O)OC[C@H]1O[C@@H](Sc2ccc(C)cc2)[C@H](N=[N+]=[N-])[C@@H](OCc2ccccc2)[C@@H]1O,E76459E2
192,"Journal of the American Chemical Society (2007), 129(42), 12795-12800",期刊,2007,31-013-CAS-12570626,[Si](OC[C@@H]1[C@@H](OC(CCC(C)=O)=O)[C@H](OCC2=CC=CC=C2)[C@@H](OC(=O)C3=CC=CC=C3)[C@H](SC4=CC=C(C)C=C4)O1)(C(C)(C)C)(C5=CC=CC=C5)C6=CC=CC=C6,thioglycoside,S([C@H]1[C@H](N=[N+]=[N-])[C@@H](OCC2=CC=CC=C2)[C@H](O)[C@@H](COC(C)=O)O1)C3=CC=C(C)C=C3,Dichloromethane;Diethyl ether,ClCCl;O(CC)CC,1,Trifluoromethanesulfonic acid,O=S(=O)(O)C(F)(F)F,1,25.0,1,60.0,1,b,1,CC(=O)CCC(=O)O[C@H]1[C@H](OCc2ccccc2)[C@@H](OC(=O)c2ccccc2)[C@H](Sc2ccc(C)cc2)O[C@@H]1CO[Si](c1ccccc1)(c1ccccc1)C(C)(C)C,CC(=O)OC[C@H]1O[C@@H](Sc2ccc(C)cc2)[C@H](N=[N+]=[N-])[C@@H](OCc2ccccc2)[C@@H]1O,54D23B07
193,"Journal of the American Chemical Society (2007), 129(42), 12795-12800",期刊,2007,31-013-CAS-3447636,[Si](OC[C@@H]1[C@@H](OC(CCC(C)=O)=O)[C@H](OCC2=CC=CC=C2)[C@@H](OC(=O)C3=CC=CC=C3)[C@H](SC4=CC=C(C)C=C4)O1)(C(C)(C)C)(C5=CC=CC=C5)C6=CC=CC=C6,thioglycoside,S([C@H]1[C@H](N=[N+]=[N-])[C@@H](OCC2=CC=CC=C2)[C@H](O)[C@@H](COC(C)=O)O1)C3=CC=C(C)C=C3,Dichloromethane,ClCCl,1,Triethylamine,N(CC)(CC)CC,1,25.0,1,60.0,1,b,1,CC(=O)CCC(=O)O[C@H]1[C@H](OCc2ccccc2)[C@@H](OC(=O)c2ccccc2)[C@H](Sc2ccc(C)cc2)O[C@@H]1CO[Si](c1ccccc1)(c1ccccc1)C(C)(C)C,CC(=O)OC[C@H]1O[C@@H](Sc2ccc(C)cc2)[C@H](N=[N+]=[N-])[C@@H](OCc2ccccc2)[C@@H]1O,54D23B07
194,"Journal of the American Chemical Society (2007), 129(42), 12795-12800",期刊,2007,31-013-CAS-1313681,[Si](OC[C@@H]1[C@@H](OC(CCC(C)=O)=O)[C@H](OCC2=CC=CC=C2)[C@@H](OC(=O)C3=CC=CC=C3)[C@H](SC4=CC=C(C)C=C4)O1)(C(C)(C)C)(C5=CC=CC=C5)C6=CC=CC=C6,thioglycoside,S([C@H]1[C@H](N=[N+]=[N-])[C@@H](OCC2=CC=CC=C2)[C@H](O)[C@@H](COC(C)=O)O1)C3=CC=C(C)C=C3,Dichloromethane,ClCCl,1,Trifluoromethanesulfonic anhydride,O=S(=O)(OS(=O)(=O)C(F)(F)F)C(F)(F)F,1,25.0,1,60.0,1,b,1,CC(=O)CCC(=O)O[C@H]1[C@H](OCc2ccccc2)[C@@H](OC(=O)c2ccccc2)[C@H](Sc2ccc(C)cc2)O[C@@H]1CO[Si](c1ccccc1)(c1ccccc1)C(C)(C)C,CC(=O)OC[C@H]1O[C@@H](Sc2ccc(C)cc2)[C@H](N=[N+]=[N-])[C@@H](OCc2ccccc2)[C@@H]1O,54D23B07
195,"Journal of Organic Chemistry (2019), 84(23), 15063-15078",期刊,2019,31-013-CAS-20818648,O([C@H]1[C@H](OCC2=CC=CC=C2)[C@@H](OC(=O)C3=CC=CC=C3)[C@H](O[C@H]4[C@H](OCC5=CC=CC=C5)[C@@H](N=[N+]=[N-])[C@@H](O[C@H]6[C@H](OCC7=CC=CC=C7)[C@@H](OC(=O)C8=CC=CC=C8)[C@H](SC9=CC=CC=C9)O[C@H]6C(OC)=O)O[C@@H]4COCC%10=CC=CC=C%10)O[C@H]1C(OC)=O)[C@@H]%11[C@H](N=[N+]=[N-])[C@@H](OCC%12=CC=CC=C%12)[C@H](OCC%13=CC=CC=C%13)[C@@H](COCC%14=CC=CC=C%14)O%11,thioglycoside,O([C@H]1[C@H](OCC2=CC=CC=C2)[C@@]3([C@H](SC4=CC=CC=C4)O[C@]1(C(=O)O3)[H])[H])[C@@H]5[C@H](N=[N+]=[N-])[C@@H](OCC6=CC=CC=C6)[C@H](O)[C@@H](COCC7=CC=CC=C7)O5,Dichloromethane,ClCCl,1,N-Iodosuccinimide,O=C1N(I)C(=O)CC1,1,25.0,1,30.0,1,a,0,COC(=O)[C@@H]1O[C@@H](Sc2ccccc2)[C@H](OC(=O)c2ccccc2)[C@@H](OCc2ccccc2)[C@@H]1O[C@H]1O[C@H](COCc2ccccc2)[C@@H](O[C@@H]2O[C@@H](C(=O)OC)[C@@H](O[C@H]3O[C@H](COCc4ccccc4)[C@@H](OCc4ccccc4)[C@H](OCc4ccccc4)[C@H]3N=[N+]=[N-])[C@H](OCc3ccccc3)[C@H]2OC(=O)c2ccccc2)[C@H](OCc2ccccc2)[C@H]1N=[N+]=[N-],[N-]=[N+]=N[C@H]1[C@@H](O[C@H]2[C@H](OCc3ccccc3)[C@H]3OC(=O)[C@@H]2O[C@H]3Sc2ccccc2)O[C@H](COCc2ccccc2)[C@@H](O)[C@@H]1OCc1ccccc1,CD7D2A52
196,"Organic Reactions (Hoboken, NJ, United States) (2004), 64, No pp. given",期刊,2004,31-614-CAS-26439970,O(CC1=CC=CC=C1)[C@H]2[C@H](OCC3=CC=CC=C3)[C@H](OCC4=CC=CC=C4)[C@H](C)O[C@@H]2S(=O)C5=CC=CC=C5,thioglycoside,O([C@@H]1[C@@H](N=[N+]=[N-])[C@@H](SC2=CC=CC=C2)O[C@H](COC(C(C)(C)C)=O)[C@H]1O)[C@H]3[C@H](O)[C@@H](OCC4=CC=CC=C4)[C@@H](OCC5=CC=CC=C5)[C@@H](COCC6=CC=CC=C6)O3,Dichloromethane,ClCCl,1,Trifluoromethanesulfonic anhydride,O=S(=O)(OS(=O)(=O)C(F)(F)F)C(F)(F)F,1,,0,,0,a,0,C[C@@H]1O[C@H](S(=O)c2ccccc2)[C@@H](OCc2ccccc2)[C@H](OCc2ccccc2)[C@@H]1OCc1ccccc1,CC(C)(C)C(=O)OC[C@H]1O[C@H](Sc2ccccc2)[C@H](N=[N+]=[N-])[C@@H](O[C@@H]2O[C@H](COCc3ccccc3)[C@H](OCc3ccccc3)[C@H](OCc3ccccc3)[C@H]2O)[C@@H]1O,458467BF
197,"China, CN117777216 A 2024-03-29",专利,2024,31-614-CAS-39928734,O(CC1=CC=CC=C1)[C@H]2[C@]3([C@](O[C@@H](SC4=CC=C(C)C=C4)[C@@H]2OC(CCC(C)=O)=O)(CO[C@H](O3)C5=CC=CC=C5)[H])[H],thioglycoside,O(CC1=CC2=C(C=C1)C=CC=C2)[C@@H]3[C@@H](N=[N+]=[N-])[C@H](O[Si](C(C(C)C)(C)C)(C)C)O[C@H](COCC4=CC5=C(C=C4)C=CC=C5)[C@H]3O,Dichloromethane,ClCCl,1,Pyridine,N=1C=CC=CC1,1,25.0,1,30.0,1,b,1,CC(=O)CCC(=O)O[C@@H]1[C@@H](OCc2ccccc2)[C@@H]2O[C@H](c3ccccc3)OC[C@H]2O[C@H]1Sc1ccc(C)cc1,CC(C)C(C)(C)[Si](C)(C)O[C@@H]1O[C@H](COCc2ccc3ccccc3c2)[C@@H](O)[C@H](OCc2ccc3ccccc3c2)[C@H]1N=[N+]=[N-],E3A3F264
198,"World Intellectual Property Organization, WO2024061271 A1 2024-03-28",专利,2024,31-614-CAS-39928848,O(CC1=CC=CC=C1)[C@H]2[C@]3([C@](O[C@@H](SC4=CC=C(C)C=C4)[C@@H]2OC(CCC(C)=O)=O)(CO[C@H](O3)C5=CC=CC=C5)[H])[H],thioglycoside,O(CC1=CC2=C(C=C1)C=CC=C2)[C@@H]3[C@@H](N=[N+]=[N-])[C@H](O[Si](C(C(C)C)(C)C)(C)C)O[C@H](COCC4=CC5=C(C=C4)C=CC=C5)[C@H]3O,Dichloromethane,ClCCl,1,Pyridine,N=1C=CC=CC1,1,25.0,1,30.0,1,b,1,CC(=O)CCC(=O)O[C@@H]1[C@@H](OCc2ccccc2)[C@@H]2O[C@H](c3ccccc3)OC[C@H]2O[C@H]1Sc1ccc(C)cc1,CC(C)C(C)(C)[Si](C)(C)O[C@@H]1O[C@H](COCc2ccc3ccccc3c2)[C@@H](O)[C@H](OCc2ccc3ccccc3c2)[C@H]1N=[N+]=[N-],E3A3F264
199,"Chemistry - A European Journal (2010), 16(28), 8365-8375, S8365/1-S8365/273",期刊,2010,31-013-CAS-13488919,O(CC1=CC=CC=C1)[C@@H]2[C@@H](OC(=O)C3=CC=CC=C3)[C@H](SC4=CC=C(C)C=C4)O[C@@H](COC(CCC(C)=O)=O)[C@H]2OCC5=CC=C(OC)C=C5,thioglycoside,O([C@H]1[C@H](OCC2=CC=CC=C2)[C@@H](OC(=O)C3=CC=CC=C3)[C@H](SC4=CC=C(C)C=C4)O[C@H]1COC(CCC(C)=O)=O)[C@@H]5[C@H](N=[N+]=[N-])[C@@H](OCC6=CC=CC=C6)[C@H](O)[C@@H](COCC7=CC=CC=C7)O5,Dichloromethane;Diethyl ether,ClCCl;O(CC)CC,1,Silver triflate,[Ag].O=S(=O)(O)C(F)(F)F,1,-78.0,1,30.0,1,a,0,COc1ccc(CO[C@H]2[C@H](OCc3ccccc3)[C@@H](OC(=O)c3ccccc3)[C@H](Sc3ccc(C)cc3)O[C@H]2COC(=O)CCC(C)=O)cc1,CC(=O)CCC(=O)OC[C@@H]1O[C@@H](Sc2ccc(C)cc2)[C@H](OC(=O)c2ccccc2)[C@@H](OCc2ccccc2)[C@@H]1O[C@H]1O[C@H](COCc2ccccc2)[C@@H](O)[C@H](OCc2ccccc2)[C@H]1N=[N+]=[N-],E8D22528
200,"Journal of Organic Chemistry (2009), 74(6), 2486-2493",期刊,2009,31-013-CAS-112694,[Si](OC1=C(F)C=C(CO[C@H]2[C@]3([C@](O[C@H](SC4=CC=CC=C4)[C@H]2OCC5=CC=C(OC)C=C5)(CO[C@H](O3)C6=CC=CC=C6)[H])[H])C=C1)(C(C)(C)C)(C7=CC=CC=C7)C8=CC=CC=C8,thioglycoside,O(CC1=CC=CC=C1)[C@@H]2[C@@H](N=[N+]=[N-])[C@@H](OC)O[C@H](COCC3=CC=CC=C3)[C@H]2O,Dichloromethane,ClCCl,1,Trifluoromethanesulfonic anhydride,O=S(=O)(OS(=O)(=O)C(F)(F)F)C(F)(F)F,1,-60.0,1,30.0,1,b,1,COc1ccc(CO[C@H]2[C@@H](OCc3ccc(O[Si](c4ccccc4)(c4ccccc4)C(C)(C)C)c(F)c3)[C@@H]3O[C@H](c4ccccc4)OC[C@H]3O[C@@H]2Sc2ccccc2)cc1,CO[C@H]1O[C@H](COCc2ccccc2)[C@@H](O)[C@H](OCc2ccccc2)[C@H]1N=[N+]=[N-],39816BF1
201,"Chemical Communications (Cambridge, United Kingdom) (2018), 54(72), 10120-10123",期刊,2018,31-013-CAS-19733120,O([C@H]1[C@H](OCC2=CC=CC=C2)[C@@H](OC(=O)C3=CC=CC=C3)[C@H](SC4=CC=C(C)C=C4)O[C@H]1COC(CCC(C)=O)=O)[C@@H]5[C@H](N=[N+]=[N-])[C@@H](OCC6=CC=CC=C6)[C@H](OCC7=CC=CC=C7)[C@@H](COC(C)=O)O5,thioglycoside,O([C@H]1[C@H](OCC2=CC=CC=C2)[C@@H](OC(=O)C3=CC=CC=C3)[C@H](SC4=CC=C(C)C=C4)O[C@H]1COC(CCC(C)=O)=O)[C@@H]5[C@H](N=[N+]=[N-])[C@@H](OCC6=CC=CC=C6)[C@H](O)[C@@H](COC(C)=O)O5,Dichloromethane;Diethyl ether,ClCCl;O(CC)CC,1,Triethylamine,N(CC)(CC)CC,1,-78.0,1,10.0,1,a,0,CC(=O)CCC(=O)OC[C@@H]1O[C@@H](Sc2ccc(C)cc2)[C@H](OC(=O)c2ccccc2)[C@@H](OCc2ccccc2)[C@@H]1O[C@H]1O[C@H](COC(C)=O)[C@@H](OCc2ccccc2)[C@H](OCc2ccccc2)[C@H]1N=[N+]=[N-],CC(=O)CCC(=O)OC[C@@H]1O[C@@H](Sc2ccc(C)cc2)[C@H](OC(=O)c2ccccc2)[C@@H](OCc2ccccc2)[C@@H]1O[C@H]1O[C@H](COC(C)=O)[C@@H](O)[C@H](OCc2ccccc2)[C@H]1N=[N+]=[N-],686C716B
202,"World Intellectual Property Organization, WO2008153394 A2 2008-12-18",专利,2008,31-013-CAS-11213156,O(C(C)=O)[C@@H]1[C@@H](NC(C(F)(F)F)=O)[C@H](SC2=CC=CC=C2)O[C@H](COC(C)=O)[C@H]1OC(C)=O,thioglycoside,N(=[N+]=[N-])[C@@H]1[C@@H](OC(C)=O)[C@H](O)[C@@]2(O[C@]1(OC2)[H])[H],Dichloromethane,ClCCl,1,Trifluoromethanesulfonic anhydride,O=S(=O)(OS(=O)(=O)C(F)(F)F)C(F)(F)F,1,25.0,1,5.0,1,b,1,CC(=O)OC[C@H]1O[C@@H](Sc2ccccc2)[C@H](NC(=O)C(F)(F)F)[C@@H](OC(C)=O)[C@@H]1OC(C)=O,CC(=O)O[C@H]1[C@H](O)[C@H]2CO[C@H](O2)[C@@H]1N=[N+]=[N-],8236133C
203,"Organic & Biomolecular Chemistry (2020), 18(25), 4728-4733",期刊,2020,31-013-CAS-22593843,O([C@H]1[C@H](OCC2=CC=CC=C2)[C@@H](OC(=O)C3=CC=CC=C3)[C@H](SC4=CC=C(C)C=C4)O[C@@H]1C(OC)=O)[C@@H]5[C@H](N=[N+]=[N-])[C@@H](OCC6=CC=CC=C6)[C@H](OC(OCC7C=8C(C=9C7=CC=CC9)=CC=CC8)=O)[C@@H](COC(C)=O)O5,thioglycoside,O([C@H]1[C@H](OCC2=CC=CC=C2)[C@@H](OC(=O)C3=CC=CC=C3)[C@H](OC4=CC=C(OC)C=C4)O[C@@H]1C(OC)=O)[C@@H]5[C@H](N=[N+]=[N-])[C@@H](OCC6=CC=CC=C6)[C@H](O)[C@@H](COC(C)=O)O5,Dichloromethane,ClCCl,1,Trimethylsilyl triflate,O=S(=O)(O[Si](C)(C)C)C(F)(F)F,1,-10.0,1,,0,b,1,COC(=O)[C@H]1O[C@@H](Sc2ccc(C)cc2)[C@H](OC(=O)c2ccccc2)[C@@H](OCc2ccccc2)[C@@H]1O[C@H]1O[C@H](COC(C)=O)[C@@H](OC(=O)OCC2c3ccccc3-c3ccccc32)[C@H](OCc2ccccc2)[C@H]1N=[N+]=[N-],COC(=O)[C@H]1O[C@@H](Oc2ccc(OC)cc2)[C@H](OC(=O)c2ccccc2)[C@@H](OCc2ccccc2)[C@@H]1O[C@H]1O[C@H](COC(C)=O)[C@@H](O)[C@H](OCc2ccccc2)[C@H]1N=[N+]=[N-],C85BB20B
204,"Carbohydrate Research (2008), 343(17), 2853-2862",期刊,2008,31-013-CAS-8454219,O(CC1=CC=CC=C1)[C@H]2[C@]3([C@](O[C@@H](SC4=C(C)C=CC=C4)[C@@H]2OC(=O)C5=C(CN=[N+]=[N-])C=CC=C5)(CO[C@H](O3)C6=CC=C(OC)C=C6)[H])[H],thioglycoside,N(=[N+]=[N-])[C@@H]1[C@@H](OCC2=CC=CC=C2)[C@H](O)[C@@H](COCC3=CC=C(OC)C=C3)O[C@H]1O[Si](C(C)(C)C)(C)C,Dichloromethane,ClCCl,1,Trifluoromethanesulfonic anhydride,O=S(=O)(OS(=O)(=O)C(F)(F)F)C(F)(F)F,1,25.0,1,30.0,1,b,1,COc1ccc([C@@H]2OC[C@H]3O[C@@H](Sc4ccccc4C)[C@H](OC(=O)c4ccccc4CN=[N+]=[N-])[C@@H](OCc4ccccc4)[C@@H]3O2)cc1,COc1ccc(COC[C@H]2O[C@@H](O[Si](C)(C)C(C)(C)C)[C@H](N=[N+]=[N-])[C@@H](OCc3ccccc3)[C@@H]2O)cc1,DF13F1E7
205,"Carbohydrate Research (2006), 341(7), 918-924",期刊,2006,31-013-CAS-7210900,O(CC1=CC=CC=C1)[C@@H]2[C@@H](OC(C)=O)[C@H](SC3=CC=CC=C3)O[C@H](COC(C)=O)[C@@H]2OC(C)=O,thioglycoside,O(C(C(C)(C)C)=O)[C@@H]1[C@@H](NC(C)=O)[C@@H](OC)O[C@H](COC(C(C)(C)C)=O)[C@H]1O,Dichloromethane,ClCCl,1,Pyridine,N=1C=CC=CC1,1,25.0,1,,0,b,1,CC(=O)OC[C@H]1O[C@@H](Sc2ccccc2)[C@H](OC(C)=O)[C@@H](OCc2ccccc2)[C@H]1OC(C)=O,CO[C@H]1O[C@H](COC(=O)C(C)(C)C)[C@@H](O)[C@H](OC(=O)C(C)(C)C)[C@H]1NC(C)=O,04E46F2C
206,"Journal of the American Chemical Society (2008), 130(41), 13598-13607",期刊,2008,31-049-CAS-11119860,O(CC1=CC=C(OC)C=C1)[C@H]2[C@]3([C@](O[C@H](S(=O)C4=CC=CC=C4)[C@H]2OCC5=CC=CC=C5)(CO[C@H](O3)C6=CC=CC=C6)[H])[H],thioglycoside,O([C@H]1[C@H](OCC2=CC=CC=C2)[C@@H](NS(=O)(=O)C3=CC=CC=C3)[C@@H](O[Si](C(C)(C)C)(C)C)O[C@@H]1COCC4=CC=CC=C4)[C@H]5[C@H](NS(=O)(=O)C6=CC=CC=C6)[C@@H](OCC7=CC=CC=C7)[C@H](O)[C@@H](COCC8=CC=CC=C8)O5,Dichloromethane;Acetonitrile,ClCCl;N#CC,1,Trifluoromethanesulfonic anhydride,O=S(=O)(OS(=O)(=O)C(F)(F)F)C(F)(F)F,1,-78.0,1,,0,b,1,COc1ccc(CO[C@H]2[C@@H]3O[C@H](c4ccccc4)OC[C@H]3O[C@H](S(=O)c3ccccc3)[C@H]2OCc2ccccc2)cc1,CC(C)(C)[Si](C)(C)O[C@H]1O[C@H](COCc2ccccc2)[C@@H](O[C@@H]2O[C@H](COCc3ccccc3)[C@@H](O)[C@H](OCc3ccccc3)[C@H]2NS(=O)(=O)c2ccccc2)[C@H](OCc2ccccc2)[C@H]1NS(=O)(=O)c1ccccc1,23CC2E1C
207,"Journal of Organic Chemistry (2014), 79(11), 4878-4891",期刊,2014,31-013-CAS-12951668,O(CC1=CC=CC=C1)[C@H]2[C@]3([C@](O[C@@H](SC4=CC=CC=C4)[C@@H]2OC(=O)C5=CC=CC=C5)(CO[C@H](O3)C6=CC=C(OC)C=C6)[H])[H],thioglycoside,[Si](OC[C@@H]1[C@@H](O)[C@H](OCOCC[Si](C)(C)C)[C@@H](N=[N+]=[N-])[C@H](SC2=CC=C(C)C=C2)O1)(C(C)(C)C)(C3=CC=CC=C3)C4=CC=CC=C4,Dichloromethane,ClCCl,1,Trifluoromethanesulfonic anhydride,O=S(=O)(OS(=O)(=O)C(F)(F)F)C(F)(F)F,1,-60.0,1,60.0,1,b,1,COc1ccc([C@@H]2OC[C@H]3O[C@@H](Sc4ccccc4)[C@H](OC(=O)c4ccccc4)[C@@H](OCc4ccccc4)[C@@H]3O2)cc1,Cc1ccc(S[C@@H]2O[C@H](CO[Si](c3ccccc3)(c3ccccc3)C(C)(C)C)[C@@H](O)[C@H](OCOCC[Si](C)(C)C)[C@H]2N=[N+]=[N-])cc1,32BB6D8D
208,"Journal of Organic Chemistry (2003), 68(10), 4020-4029",期刊,2003,31-013-CAS-5560590,O([C@H]1[C@@H](OCC2=CC=CC=C2)[C@H](OCC3=CC=CC=C3)[C@@H](COCC4=CC=CC=C4)O[C@@H]1OC[C@@H]5[C@@H](OCC6=CC=CC=C6)[C@H](OCC7=CC=CC=C7)[C@H](OCC8=CC=CC=C8)[C@@H](SCC)O5)[C@@H]9[C@@H](OCC%10=CC=CC=C%10)[C@@H](OCC%11=CC=CC=C%11)[C@H](OCC%12=CC=CC=C%12)[C@@H](CO[Si](C(C)(C)C)(C)C)O9,thioglycoside,O([C@@H]1[C@@H](OCC2=CC=CC=C2)[C@H](OCC3=CC=CC=C3)[C@@H](OCC4=CC=CC=C4)[C@@H](OC(CCCCCCCCCCCCCCC)=O)[C@H]1OCC5=CC=C(OC)C=C5)[C@@H]6[C@H](N=[N+]=[N-])[C@@H](OCC7=CC=CC=C7)[C@H](O)[C@@H](COCC8=CC=CC=C8)O6,Dichloromethane;Diethyl ether,ClCCl;O(CC)CC,1,Triethylamine,N(CC)(CC)CC,1,25.0,1,60.0,1,a,0,CCS[C@H]1O[C@H](CO[C@H]2O[C@H](COCc3ccccc3)[C@@H](OCc3ccccc3)[C@H](OCc3ccccc3)[C@@H]2O[C@H]2O[C@H](CO[Si](C)(C)C(C)(C)C)[C@@H](OCc3ccccc3)[C@H](OCc3ccccc3)[C@@H]2OCc2ccccc2)[C@@H](OCc2ccccc2)[C@H](OCc2ccccc2)[C@@H]1OCc1ccccc1,CCCCCCCCCCCCCCCC(=O)O[C@@H]1[C@H](OCc2ccccc2)[C@@H](OCc2ccccc2)[C@H](OCc2ccccc2)[C@@H](O[C@H]2O[C@H](COCc3ccccc3)[C@@H](O)[C@H](OCc3ccccc3)[C@H]2N=[N+]=[N-])[C@@H]1OCc1ccc(OC)cc1,75444131
209,"Journal of Carbohydrate Chemistry (1992), 11(7), 849-65",期刊,1992,31-013-CAS-7925185,N(=[N+]=[N-])[C@@H]1[C@@H](OC(C)=O)[C@@H](NC(OCC2=CC=CC=C2)=O)[C@@H](C)O[C@H]1SC(OCC)=S,thioglycoside,O(CC1=CC=CC=C1)[C@@H]2[C@@H](N=[N+]=[N-])[C@]3(O[C@@]([C@@H]2O)(CO3)[H])[H],,,0,Copper bromide,[Cu].[Br],1,,0,,0,a,0,CCOC(=S)S[C@@H]1O[C@H](C)[C@H](NC(=O)OCc2ccccc2)[C@H](OC(C)=O)[C@H]1N=[N+]=[N-],[N-]=[N+]=N[C@H]1[C@@H]2OC[C@@H](O2)[C@H](O)[C@@H]1OCc1ccccc1,CBC64B35
210,"Carbohydrate Research (2016), 435, 180-194",期刊,2016,31-013-CAS-17081650,O(CC1=CC=CC=C1)[C@@H]2[C@@H](OC(=O)C3=CC=CC=C3)[C@H](SC4=CC=C(C)C=C4)O[C@@H](COC(CCC(C)=O)=O)[C@H]2O[Si](C(C)(C)C)(C)C,thioglycoside,O([C@H]1[C@H](OCC2=CC=CC=C2)[C@@H](OC(=O)C3=CC=CC=C3)[C@H](SC4=CC=C(C)C=C4)O[C@@H]1COC(CCC(C)=O)=O)[C@@H]5[C@H](N=[N+]=[N-])[C@@H](OCC6=CC=CC=C6)[C@H](O)[C@@H](COCC7=CC=CC=C7)O5,Dichloromethane;Diethyl ether,ClCCl;O(CC)CC,1,Tosyl chloride,O=S(=O)(Cl)C1=CC=C(C=C1)C,1,-78.0,1,30.0,1,a,0,CC(=O)CCC(=O)OC[C@@H]1O[C@@H](Sc2ccc(C)cc2)[C@H](OC(=O)c2ccccc2)[C@@H](OCc2ccccc2)[C@@H]1O[Si](C)(C)C(C)(C)C,CC(=O)CCC(=O)OC[C@H]1O[C@@H](Sc2ccc(C)cc2)[C@H](OC(=O)c2ccccc2)[C@@H](OCc2ccccc2)[C@@H]1O[C@H]1O[C@H](COCc2ccccc2)[C@@H](O)[C@H](OCc2ccccc2)[C@H]1N=[N+]=[N-],3D2ABC9D
211,"Chemical Communications (Cambridge, United Kingdom) (2008), (21), 2465-2467",期刊,2008,31-013-CAS-8306668,O([Si](C(C)(C)C)(C)C)[C@@H]1[C@H](O[Si](C(C)(C)C)(C)C)[C@@H](O[Si](C(C)(C)C)(C)C)[C@H](C)O[C@H]1SC2=CC=CC=C2,thioglycoside,N(C(C)=O)[C@H]1[C@H](OCC2=CC=CC=C2)O[C@H](COCC3=CC=CC=C3)[C@@H](O)[C@@H]1OC(C)=O,Dichloromethane;Triethylamine,ClCCl;N(CC)(CC)CC,1,N-Iodosuccinimide,O=C1N(I)C(=O)CC1,1,25.0,1,120.0,1,a,0,C[C@@H]1O[C@@H](Sc2ccccc2)[C@H](O[Si](C)(C)C(C)(C)C)[C@H](O[Si](C)(C)C(C)(C)C)[C@H]1O[Si](C)(C)C(C)(C)C,CC(=O)N[C@H]1[C@H](OCc2ccccc2)O[C@H](COCc2ccccc2)[C@@H](O)[C@@H]1OC(C)=O,8D65873E
212,"Carbohydrate Research (2016), 435, 180-194",期刊,2016,31-013-CAS-17081679,[Si](OC[C@@H]1[C@@H](OCC2=CC=C(OC)C=C2)[C@H](OCC3=CC=CC=C3)[C@@H](OC(=O)C4=CC=CC=C4)[C@H](SC5=CC=C(C)C=C5)O1)(C(C)(C)C)(C6=CC=CC=C6)C7=CC=CC=C7,thioglycoside,[Si](OC[C@@H]1[C@@H](O[C@@H]2[C@H](N=[N+]=[N-])[C@@H](OCC3=CC=CC=C3)[C@H](O)[C@@H](COCC4=CC=CC=C4)O2)[C@H](OCC5=CC=CC=C5)[C@@H](OC(=O)C6=CC=CC=C6)[C@H](SC7=CC=C(C)C=C7)O1)(C(C)(C)C)(C8=CC=CC=C8)C9=CC=CC=C9,Dichloromethane;Diethyl ether,ClCCl;O(CC)CC,1,Tosyl chloride,O=S(=O)(Cl)C1=CC=C(C=C1)C,1,25.0,1,30.0,1,b,1,COc1ccc(CO[C@H]2[C@H](OCc3ccccc3)[C@@H](OC(=O)c3ccccc3)[C@H](Sc3ccc(C)cc3)O[C@@H]2CO[Si](c2ccccc2)(c2ccccc2)C(C)(C)C)cc1,Cc1ccc(S[C@@H]2O[C@H](CO[Si](c3ccccc3)(c3ccccc3)C(C)(C)C)[C@@H](O[C@H]3O[C@H](COCc4ccccc4)[C@@H](O)[C@H](OCc4ccccc4)[C@H]3N=[N+]=[N-])[C@H](OCc3ccccc3)[C@H]2OC(=O)c2ccccc2)cc1,C0F022A0
213,"Angewandte Chemie, International Edition (2014), 53(34), 9051-9058",期刊,2014,31-013-CAS-9514437,[Si](OC[C@@H]1[C@@H](OCC2=CC=C(OC)C=C2)[C@H](OCC3=CC=CC=C3)[C@@H](OC(=O)C4=CC=CC=C4)[C@H](SC5=CC=C(C)C=C5)O1)(C(C)(C)C)(C6=CC=CC=C6)C7=CC=CC=C7,thioglycoside,[Si](OC[C@@H]1[C@@H](O[C@@H]2[C@H](N=[N+]=[N-])[C@@H](OCC3=CC=CC=C3)[C@H](O)[C@@H](COCC4=CC=CC=C4)O2)[C@H](OCC5=CC=CC=C5)[C@@H](OC(=O)C6=CC=CC=C6)[C@H](SC7=CC=C(C)C=C7)O1)(C(C)(C)C)(C8=CC=CC=C8)C9=CC=CC=C9,Dichloromethane;Diethyl ether,ClCCl;O(CC)CC,1,Tosyl chloride,O=S(=O)(Cl)C1=CC=C(C=C1)C,1,-78.0,1,5.0,1,b,1,COc1ccc(CO[C@H]2[C@H](OCc3ccccc3)[C@@H](OC(=O)c3ccccc3)[C@H](Sc3ccc(C)cc3)O[C@@H]2CO[Si](c2ccccc2)(c2ccccc2)C(C)(C)C)cc1,Cc1ccc(S[C@@H]2O[C@H](CO[Si](c3ccccc3)(c3ccccc3)C(C)(C)C)[C@@H](O[C@H]3O[C@H](COCc4ccccc4)[C@@H](O)[C@H](OCc4ccccc4)[C@H]3N=[N+]=[N-])[C@H](OCc3ccccc3)[C@H]2OC(=O)c2ccccc2)cc1,C0F022A0
214,"Nature Chemistry (2011), 3(7), 557-563",期刊,2011,31-013-CAS-3374199,O(CC1=CC=CC=C1)[C@@H]2[C@@H](OC(CCC(C)=O)=O)[C@H](SC3=CC=C(C)C=C3)O[C@H](COC(C)=O)[C@H]2OCC4=CC=CC=C4,thioglycoside,[Si](OC[C@H]1O[C@H](O[C@H]2[C@H](OCC3=CC=CC=C3)[C@@H](OC(=O)C4=CC=CC=C4)[C@@]5(O[C@]2(CO5)[H])[H])[C@H](N=[N+]=[N-])[C@@H](OCC6=CC=C(Br)C=C6)[C@@H]1O)(C(C)(C)C)(C7=CC=CC=C7)C8=CC=CC=C8,Dichloromethane,ClCCl,1,Triethylamine,N(CC)(CC)CC,1,-78.0,1,180.0,1,b,1,CC(=O)CCC(=O)O[C@@H]1[C@@H](OCc2ccccc2)[C@H](OCc2ccccc2)[C@@H](COC(C)=O)O[C@H]1Sc1ccc(C)cc1,CC(C)(C)[Si](OC[C@H]1O[C@H](O[C@H]2[C@H](OCc3ccccc3)[C@@H](OC(=O)c3ccccc3)[C@H]3OC[C@@H]2O3)[C@H](N=[N+]=[N-])[C@@H](OCc2ccc(Br)cc2)[C@@H]1O)(c1ccccc1)c1ccccc1,2C8F64C9
215,"Journal of the American Chemical Society (2008), 130(41), 13598-13607",期刊,2008,31-614-CAS-25201498,O(CC1=CC=C(OC)C=C1)[C@H]2[C@]3([C@](O[C@H](S(=O)C4=CC=CC=C4)[C@H]2OCC5=CC=CC=C5)(CO[C@H](O3)C6=CC=CC=C6)[H])[H],thioglycoside,O([C@H]1[C@H](OCC2=CC=CC=C2)[C@@H](NS(=O)(=O)C3=CC=CC=C3)[C@@H](O[Si](C(C)(C)C)(C)C)O[C@@H]1COCC4=CC=CC=C4)[C@H]5[C@H](NS(=O)(=O)C6=CC=CC=C6)[C@@H](OCC7=CC=CC=C7)[C@H](O)[C@@H](COCC8=CC=CC=C8)O5,Dichloromethane,ClCCl,1,Trifluoromethanesulfonic anhydride,O=S(=O)(OS(=O)(=O)C(F)(F)F)C(F)(F)F,1,-78.0,1,,0,b,1,COc1ccc(CO[C@H]2[C@@H]3O[C@H](c4ccccc4)OC[C@H]3O[C@H](S(=O)c3ccccc3)[C@H]2OCc2ccccc2)cc1,CC(C)(C)[Si](C)(C)O[C@H]1O[C@H](COCc2ccccc2)[C@@H](O[C@@H]2O[C@H](COCc3ccccc3)[C@@H](O)[C@H](OCc3ccccc3)[C@H]2NS(=O)(=O)c2ccccc2)[C@H](OCc2ccccc2)[C@H]1NS(=O)(=O)c1ccccc1,23CC2E1C
216,"Tetrahedron Letters (2003), 44(9), 1791-1793",期刊,2003,31-614-CAS-27090868,O(CC1=CC=C(OC)C=C1)[C@H]2[C@]3([C@](O[C@H](S(=O)C4=CC=CC=C4)[C@H]2OCC5=CC=CC=C5)(CO[C@H](O3)C6=CC=CC=C6)[H])[H],thioglycoside,O([C@H]1[C@H](OCC2=CC=CC=C2)[C@@H](NS(=O)(=O)C3=CC=CC=C3)[C@@H](O[Si](C(C)(C)C)(C)C)O[C@@H]1COCC4=CC=CC=C4)[C@H]5[C@H](NS(=O)(=O)C6=CC=CC=C6)[C@@H](OCC7=CC=CC=C7)[C@H](O)[C@@H](COCC8=CC=CC=C8)O5,Dichloromethane,ClCCl,1,Trifluoromethanesulfonic anhydride,O=S(=O)(OS(=O)(=O)C(F)(F)F)C(F)(F)F,1,-78.0,1,,0,b,1,COc1ccc(CO[C@H]2[C@@H]3O[C@H](c4ccccc4)OC[C@H]3O[C@H](S(=O)c3ccccc3)[C@H]2OCc2ccccc2)cc1,CC(C)(C)[Si](C)(C)O[C@H]1O[C@H](COCc2ccccc2)[C@@H](O[C@@H]2O[C@H](COCc3ccccc3)[C@@H](O)[C@H](OCc3ccccc3)[C@H]2NS(=O)(=O)c2ccccc2)[C@H](OCc2ccccc2)[C@H]1NS(=O)(=O)c1ccccc1,23CC2E1C
217,"European Journal of Organic Chemistry (2018), 2018(25), 3312-3316",期刊,2018,31-013-CAS-18987292,O(CC1=CC=CC=C1)[C@H]2[C@]3([C@@](O[C@H](SCC)[C@@H]2OCC4=CC=CC=C4)(CO[C@H](O3)C5=CC=CC=C5)[H])[H],thioglycoside,O(CC1=CC=CC=C1)[C@@H]2[C@@H](NC(C)=O)[C@@H](OC)O[C@H](COCC3=CC=CC=C3)[C@H]2O,Dichloromethane,ClCCl,1,N-Iodosuccinimide,O=C1N(I)C(=O)CC1,1,25.0,1,30.0,1,a,0,CCS[C@H]1O[C@H]2CO[C@@H](c3ccccc3)O[C@H]2[C@H](OCc2ccccc2)[C@H]1OCc1ccccc1,CO[C@H]1O[C@H](COCc2ccccc2)[C@@H](O)[C@H](OCc2ccccc2)[C@H]1NC(C)=O,669E0553
218,"Journal of the American Chemical Society (2001), 123(28), 6819-6825",期刊,2001,31-353-CAS-5905808,O(CC1=CC=CC=C1)[C@H]2[C@]3([C@](O[C@](S(=O)C4=CC=CC=C4)([C@H]2OCC5=CC=CC=C5)[H])(CO[C@H](O3)C6=CC=CC=C6)[H])[H],thioglycoside,N(C(C)=O)(C(C)=O)[C@@H]1[C@@H](OCC2=CC=CC=C2)[C@H](O)[C@@H](COCC3=CC=CC=C3)O[C@@H]1OC,Dichloromethane;Methanol,ClCCl;OC,1,Trifluoromethanesulfonic anhydride,O=S(=O)(OS(=O)(=O)C(F)(F)F)C(F)(F)F,1,,0,,0,b,1,O=S(c1ccccc1)[C@H]1O[C@@H]2CO[C@@H](c3ccccc3)O[C@H]2[C@H](OCc2ccccc2)[C@@H]1OCc1ccccc1,CO[C@H]1O[C@H](COCc2ccccc2)[C@@H](O)[C@H](OCc2ccccc2)[C@H]1N(C(C)=O)C(C)=O,C5BBB8E9
219,"Journal of the American Chemical Society (2001), 123(28), 6819-6825",期刊,2001,31-301-CAS-8971847,O(CC1=CC=CC=C1)[C@H]2[C@]3([C@](O[C@](S(=O)C4=CC=CC=C4)([C@H]2OCC5=CC=CC=C5)[H])(CO[C@H](O3)C6=CC=CC=C6)[H])[H],thioglycoside,O(CC1=CC=CC=C1)[C@@H]2[C@@H](NC(C)=O)[C@@H](OC)O[C@H](COCC3=CC=CC=C3)[C@H]2O,Dichloromethane,ClCCl,1,Trifluoromethanesulfonic anhydride,O=S(=O)(OS(=O)(=O)C(F)(F)F)C(F)(F)F,1,,0,,0,b,1,O=S(c1ccccc1)[C@H]1O[C@@H]2CO[C@@H](c3ccccc3)O[C@H]2[C@H](OCc2ccccc2)[C@@H]1OCc1ccccc1,CO[C@H]1O[C@H](COCc2ccccc2)[C@@H](O)[C@H](OCc2ccccc2)[C@H]1NC(C)=O,CF76E734
220,"Tetrahedron (2006), 62(20), 4954-4978",期刊,2006,31-013-CAS-6681942,O([C@H]1[C@H](OCC2=CC=C(OC)C=C2)[C@@H](CO[C@@H]3[C@@H](O[Si](C(C)(C)C)(C)C)[C@@H](OCC4=CC=CC=C4)[C@H](OCC5=CC=CC=C5)[C@@H](COCC6=CC=CC=C6)O3)O[C@@H](SCC)[C@@H]1OC(C)=O)[C@@H]7[C@@H](O[Si](C(C)(C)C)(C)C)[C@@H](OCC8=CC=CC=C8)[C@H](OCC9=CC=CC=C9)[C@@H](COCC%10=CC=CC=C%10)O7,thioglycoside,N(S(=O)(=O)C1=CC=CC=C1)[C@H]2[C@H](O[C@H]3[C@H](OCC4=CC=CC=C4)C=CO[C@@H]3COCC5=CC=CC=C5)O[C@H](COCC6=CC=CC=C6)[C@@H](O)[C@@H]2OCC7=CC=CC=C7,Dichloromethane,ClCCl,1,Methyl triflate,O=S(=O)(OC)C(F)(F)F,1,25.0,1,45.0,1,b,1,CCS[C@@H]1O[C@H](CO[C@H]2O[C@H](COCc3ccccc3)[C@@H](OCc3ccccc3)[C@H](OCc3ccccc3)[C@@H]2O[Si](C)(C)C(C)(C)C)[C@@H](OCc2ccc(OC)cc2)[C@H](O[C@H]2O[C@H](COCc3ccccc3)[C@@H](OCc3ccccc3)[C@H](OCc3ccccc3)[C@@H]2O[Si](C)(C)C(C)(C)C)[C@H]1OC(C)=O,O=S(=O)(N[C@H]1[C@H](O[C@H]2[C@H](OCc3ccccc3)C=CO[C@@H]2COCc2ccccc2)O[C@H](COCc2ccccc2)[C@@H](O)[C@@H]1OCc1ccccc1)c1ccccc1,D698DD68
221,"Journal of Organic Chemistry (2015), 80(24), 12265-12279",期刊,2015,31-013-CAS-14359616,O([C@H]1[C@H](OCC2=CC=CC=C2)[C@@H](OC(=O)C3=CC=CC=C3)[C@H](SC4=CC=C(C)C=C4)O[C@H]1COC(CCC(C)=O)=O)[C@@H]5[C@H](N=[N+]=[N-])[C@@H](OCC6=CC=CC=C6)[C@H](O[Si](C(C)(C)C)(C)C)[C@@H](COC(C)=O)O5,thioglycoside,O([C@H]1[C@H](OCC2=CC=CC=C2)[C@@H](OC(=O)C3=CC=CC=C3)[C@H](SC4=CC=C(C)C=C4)O[C@H]1COC(CCC(C)=O)=O)[C@@H]5[C@H](N=[N+]=[N-])[C@@H](OCC6=CC=CC=C6)[C@H](O)[C@@H](COC(C)=O)O5,Dichloromethane;Diethyl ether,ClCCl;O(CC)CC,1,Silver triflate,[Ag].O=S(=O)(O)C(F)(F)F,1,25.0,1,30.0,1,a,0,CC(=O)CCC(=O)OC[C@@H]1O[C@@H](Sc2ccc(C)cc2)[C@H](OC(=O)c2ccccc2)[C@@H](OCc2ccccc2)[C@@H]1O[C@H]1O[C@H](COC(C)=O)[C@@H](O[Si](C)(C)C(C)(C)C)[C@H](OCc2ccccc2)[C@H]1N=[N+]=[N-],CC(=O)CCC(=O)OC[C@@H]1O[C@@H](Sc2ccc(C)cc2)[C@H](OC(=O)c2ccccc2)[C@@H](OCc2ccccc2)[C@@H]1O[C@H]1O[C@H](COC(C)=O)[C@@H](O)[C@H](OCc2ccccc2)[C@H]1N=[N+]=[N-],61B01763
222,"Chemical Communications (Cambridge, United Kingdom) (2018), 54(72), 10120-10123",期刊,2018,31-013-CAS-19733122,O([C@H]1[C@H](OCC2=CC=CC=C2)[C@@H](OC(=O)C3=CC=CC=C3)[C@H](SC4=CC=C(C)C=C4)O[C@H]1COC(CCC(C)=O)=O)[C@@H]5[C@H](N=[N+]=[N-])[C@@H](OCC6=CC=CC=C6)[C@H](O[Si](C(C)(C)C)(C)C)[C@@H](COC(C)=O)O5,thioglycoside,O([C@H]1[C@H](OCC2=CC=CC=C2)[C@@H](OC(=O)C3=CC=CC=C3)[C@H](SC4=CC=C(C)C=C4)O[C@H]1COC(CCC(C)=O)=O)[C@@H]5[C@H](N=[N+]=[N-])[C@@H](OCC6=CC=CC=C6)[C@H](O)[C@@H](COC(C)=O)O5,Dichloromethane;Diethyl ether,ClCCl;O(CC)CC,1,Triethylamine,N(CC)(CC)CC,1,-78.0,1,10.0,1,a,0,CC(=O)CCC(=O)OC[C@@H]1O[C@@H](Sc2ccc(C)cc2)[C@H](OC(=O)c2ccccc2)[C@@H](OCc2ccccc2)[C@@H]1O[C@H]1O[C@H](COC(C)=O)[C@@H](O[Si](C)(C)C(C)(C)C)[C@H](OCc2ccccc2)[C@H]1N=[N+]=[N-],CC(=O)CCC(=O)OC[C@@H]1O[C@@H](Sc2ccc(C)cc2)[C@H](OC(=O)c2ccccc2)[C@@H](OCc2ccccc2)[C@@H]1O[C@H]1O[C@H](COC(C)=O)[C@@H](O)[C@H](OCc2ccccc2)[C@H]1N=[N+]=[N-],61B01763
223,"Chemistry - A European Journal (2010), 16(28), 8365-8375, S8365/1-S8365/273",期刊,2010,31-013-CAS-942112,O([C@H]1[C@H](OCC2=CC=CC=C2)[C@@H](OC(=O)C3=CC=CC=C3)[C@H](SC4=CC=C(C)C=C4)O[C@@H]1COC(CCC(C)=O)=O)[C@@H]5[C@H](N=[N+]=[N-])[C@@H](OCC6=CC=CC=C6)[C@H](O[Si](C(C)(C)C)(C)C)[C@@H](COC(C)=O)O5,thioglycoside,O([C@H]1[C@H](OCC2=CC=CC=C2)[C@@H](OC(=O)C3=CC=CC=C3)[C@H](SC4=CC=C(C)C=C4)O[C@@H]1COC(CCC(C)=O)=O)[C@@H]5[C@H](N=[N+]=[N-])[C@@H](OCC6=CC=CC=C6)[C@H](O)[C@@H](COC(C)=O)O5,Dichloromethane;Diethyl ether,ClCCl;O(CC)CC,1,Silver triflate,[Ag].O=S(=O)(O)C(F)(F)F,1,-78.0,1,30.0,1,b,1,CC(=O)CCC(=O)OC[C@H]1O[C@@H](Sc2ccc(C)cc2)[C@H](OC(=O)c2ccccc2)[C@@H](OCc2ccccc2)[C@@H]1O[C@H]1O[C@H](COC(C)=O)[C@@H](O[Si](C)(C)C(C)(C)C)[C@H](OCc2ccccc2)[C@H]1N=[N+]=[N-],CC(=O)CCC(=O)OC[C@H]1O[C@@H](Sc2ccc(C)cc2)[C@H](OC(=O)c2ccccc2)[C@@H](OCc2ccccc2)[C@@H]1O[C@H]1O[C@H](COC(C)=O)[C@@H](O)[C@H](OCc2ccccc2)[C@H]1N=[N+]=[N-],C9808411
224,"Angewandte Chemie, International Edition (2001), 40(9), 1728-1732",期刊,2001,31-013-CAS-4306041,O([C@H]1[C@H](OCC2=CC=C(OC)C=C2)[C@@H](CO[C@@H]3[C@@H](O[Si](C(C)(C)C)(C)C)[C@@H](OCC4=CC=CC=C4)[C@H](OCC5=CC=CC=C5)[C@@H](COCC6=CC=CC=C6)O3)O[C@@H](SCC)[C@@H]1OC(=O)C7=CC=CC=C7)[C@@H]8[C@@H](O[Si](C(C)(C)C)(C)C)[C@@H](OCC9=CC=CC=C9)[C@H](OCC%10=CC=CC=C%10)[C@@H](COCC%11=CC=CC=C%11)O8,thioglycoside,N(S(=O)(=O)C1=CC=CC=C1)[C@H]2[C@H](O[C@H]3[C@H](OCC4=CC=CC=C4)C=CO[C@@H]3COCC5=CC=CC=C5)O[C@H](COCC6=CC=CC=C6)[C@@H](O)[C@@H]2OCC7=CC=CC=C7,Dichloromethane,ClCCl,1,Methyl triflate,O=S(=O)(OC)C(F)(F)F,1,,0,,0,b,1,CCS[C@@H]1O[C@H](CO[C@H]2O[C@H](COCc3ccccc3)[C@@H](OCc3ccccc3)[C@H](OCc3ccccc3)[C@@H]2O[Si](C)(C)C(C)(C)C)[C@@H](OCc2ccc(OC)cc2)[C@H](O[C@H]2O[C@H](COCc3ccccc3)[C@@H](OCc3ccccc3)[C@H](OCc3ccccc3)[C@@H]2O[Si](C)(C)C(C)(C)C)[C@H]1OC(=O)c1ccccc1,O=S(=O)(N[C@H]1[C@H](O[C@H]2[C@H](OCc3ccccc3)C=CO[C@@H]2COCc2ccccc2)O[C@H](COCc2ccccc2)[C@@H](O)[C@@H]1OCc1ccccc1)c1ccccc1,EF98D40B
225,"Tetrahedron (2006), 62(20), 4954-4978",期刊,2006,31-013-CAS-8818646,O([C@H]1[C@H](OCC2=CC=C(OC)C=C2)[C@@H](CO[C@@H]3[C@@H](O[Si](C(C)(C)C)(C)C)[C@@H](OCC4=CC=CC=C4)[C@H](OCC5=CC=CC=C5)[C@@H](COCC6=CC=CC=C6)O3)O[C@@H](SCC)[C@@H]1OC(=O)C7=CC=CC=C7)[C@@H]8[C@@H](O[Si](C(C)(C)C)(C)C)[C@@H](OCC9=CC=CC=C9)[C@H](OCC%10=CC=CC=C%10)[C@@H](COCC%11=CC=CC=C%11)O8,thioglycoside,N(S(=O)(=O)C1=CC=CC=C1)[C@H]2[C@H](O[C@H]3[C@H](OCC4=CC=CC=C4)C=CO[C@@H]3COCC5=CC=CC=C5)O[C@H](COCC6=CC=CC=C6)[C@@H](O)[C@@H]2OCC7=CC=CC=C7,Dichloromethane,ClCCl,1,Methyl triflate,O=S(=O)(OC)C(F)(F)F,1,25.0,1,30.0,1,b,1,CCS[C@@H]1O[C@H](CO[C@H]2O[C@H](COCc3ccccc3)[C@@H](OCc3ccccc3)[C@H](OCc3ccccc3)[C@@H]2O[Si](C)(C)C(C)(C)C)[C@@H](OCc2ccc(OC)cc2)[C@H](O[C@H]2O[C@H](COCc3ccccc3)[C@@H](OCc3ccccc3)[C@H](OCc3ccccc3)[C@@H]2O[Si](C)(C)C(C)(C)C)[C@H]1OC(=O)c1ccccc1,O=S(=O)(N[C@H]1[C@H](O[C@H]2[C@H](OCc3ccccc3)C=CO[C@@H]2COCc2ccccc2)O[C@H](COCc2ccccc2)[C@@H](O)[C@@H]1OCc1ccccc1)c1ccccc1,EF98D40B
226,"ACS Nano (2014), 8(5), 4600-4607",期刊,2014,31-013-CAS-3103339,O(C(=O)C1=CC=CC=C1)[C@@H]2[C@@H](OC(=O)C3=CC=CC=C3)[C@H](SC4=CC=CC=C4)O[C@H](COC(=O)C5=CC=CC=C5)[C@@H]2OC(=O)C6=CC=CC=C6,thioglycoside,N(C(C)=O)[C@H]1[C@H](OCC#C)O[C@H](CO[Si](C(C)(C)C)(C)C)[C@@H](O)[C@@H]1O,Dichloromethane,ClCCl,1,Triethylamine,N(CC)(CC)CC,1,0.0,1,10.0,1,b,1,O=C(OC[C@H]1O[C@@H](Sc2ccccc2)[C@H](OC(=O)c2ccccc2)[C@@H](OC(=O)c2ccccc2)[C@H]1OC(=O)c1ccccc1)c1ccccc1,C#CCO[C@@H]1O[C@H](CO[Si](C)(C)C(C)(C)C)[C@@H](O)[C@H](O)[C@H]1NC(C)=O,F8942409
227,"China, CN103554198 A 2014-02-05",专利,2014,31-013-CAS-17286309,O(C(=O)C1=CC=CC=C1)[C@@H]2[C@@H](OC(=O)C3=CC=CC=C3)[C@H](SC4=CC=CC=C4)O[C@H](COC(=O)C5=CC=CC=C5)[C@@H]2OC(=O)C6=CC=CC=C6,thioglycoside,N(C(C)=O)[C@H]1[C@H](OCC#C)O[C@H](CO[Si](C(C)(C)C)(C)C)[C@@H](O)[C@@H]1O,Dichloromethane,ClCCl,1,Triethylamine,N(CC)(CC)CC,1,0.0,1,10.0,1,b,1,O=C(OC[C@H]1O[C@@H](Sc2ccccc2)[C@H](OC(=O)c2ccccc2)[C@@H](OC(=O)c2ccccc2)[C@H]1OC(=O)c1ccccc1)c1ccccc1,C#CCO[C@@H]1O[C@H](CO[Si](C)(C)C(C)(C)C)[C@@H](O)[C@H](O)[C@H]1NC(C)=O,F8942409
228,"Carbohydrate Research (2016), 435, 180-194",期刊,2016,31-013-CAS-17081680,O([C@H]1[C@H](OCC2=CC=CC=C2)[C@@H](OC(=O)C3=CC=CC=C3)[C@H](SC4=CC=C(C)C=C4)O[C@@H]1CO[Si](C(C)(C)C)(C5=CC=CC=C5)C6=CC=CC=C6)[C@@H]7[C@H](N=[N+]=[N-])[C@@H](OCC8=CC=CC=C8)[C@H](O[C@H]9[C@H](OC(=O)C%10=CC=CC=C%10)[C@@H](OCC%11=CC=CC=C%11)[C@H](OCC%12=CC=C(OC)C=C%12)[C@@H](CO[Si](C(C)(C)C)(C%13=CC=CC=C%13)C%14=CC=CC=C%14)O9)[C@@H](COCC%15=CC=CC=C%15)O7,thioglycoside,[Si](OC[C@@H]1[C@@H](O[C@@H]2[C@H](N=[N+]=[N-])[C@@H](OCC3=CC=CC=C3)[C@H](O)[C@@H](COCC4=CC=CC=C4)O2)[C@H](OCC5=CC=CC=C5)[C@@H](OC(=O)C6=CC=CC=C6)[C@H](SC7=CC=C(C)C=C7)O1)(C(C)(C)C)(C8=CC=CC=C8)C9=CC=CC=C9,Dichloromethane;Diethyl ether,ClCCl;O(CC)CC,1,Tosyl chloride,O=S(=O)(Cl)C1=CC=C(C=C1)C,1,25.0,1,30.0,1,b,1,COc1ccc(CO[C@H]2[C@H](OCc3ccccc3)[C@@H](OC(=O)c3ccccc3)[C@H](O[C@H]3[C@H](OCc4ccccc4)[C@@H](N=[N+]=[N-])[C@@H](O[C@H]4[C@H](OCc5ccccc5)[C@@H](OC(=O)c5ccccc5)[C@H](Sc5ccc(C)cc5)O[C@@H]4CO[Si](c4ccccc4)(c4ccccc4)C(C)(C)C)O[C@@H]3COCc3ccccc3)O[C@@H]2CO[Si](c2ccccc2)(c2ccccc2)C(C)(C)C)cc1,Cc1ccc(S[C@@H]2O[C@H](CO[Si](c3ccccc3)(c3ccccc3)C(C)(C)C)[C@@H](O[C@H]3O[C@H](COCc4ccccc4)[C@@H](O)[C@H](OCc4ccccc4)[C@H]3N=[N+]=[N-])[C@H](OCc3ccccc3)[C@H]2OC(=O)c2ccccc2)cc1,21E4A08F
229,"Angewandte Chemie, International Edition (2014), 53(34), 9051-9058",期刊,2014,31-013-CAS-11641718,O([C@H]1[C@H](OCC2=CC=CC=C2)[C@@H](OC(=O)C3=CC=CC=C3)[C@H](SC4=CC=C(C)C=C4)O[C@@H]1CO[Si](C(C)(C)C)(C5=CC=CC=C5)C6=CC=CC=C6)[C@@H]7[C@H](N=[N+]=[N-])[C@@H](OCC8=CC=CC=C8)[C@H](O[C@H]9[C@H](OC(=O)C%10=CC=CC=C%10)[C@@H](OCC%11=CC=CC=C%11)[C@H](OCC%12=CC=C(OC)C=C%12)[C@@H](CO[Si](C(C)(C)C)(C%13=CC=CC=C%13)C%14=CC=CC=C%14)O9)[C@@H](COCC%15=CC=CC=C%15)O7,thioglycoside,[Si](OC[C@@H]1[C@@H](O[C@@H]2[C@H](N=[N+]=[N-])[C@@H](OCC3=CC=CC=C3)[C@H](O)[C@@H](COCC4=CC=CC=C4)O2)[C@H](OCC5=CC=CC=C5)[C@@H](OC(=O)C6=CC=CC=C6)[C@H](SC7=CC=C(C)C=C7)O1)(C(C)(C)C)(C8=CC=CC=C8)C9=CC=CC=C9,Dichloromethane;Diethyl ether,ClCCl;O(CC)CC,1,Tosyl chloride,O=S(=O)(Cl)C1=CC=C(C=C1)C,1,-78.0,1,5.0,1,b,1,COc1ccc(CO[C@H]2[C@H](OCc3ccccc3)[C@@H](OC(=O)c3ccccc3)[C@H](O[C@H]3[C@H](OCc4ccccc4)[C@@H](N=[N+]=[N-])[C@@H](O[C@H]4[C@H](OCc5ccccc5)[C@@H](OC(=O)c5ccccc5)[C@H](Sc5ccc(C)cc5)O[C@@H]4CO[Si](c4ccccc4)(c4ccccc4)C(C)(C)C)O[C@@H]3COCc3ccccc3)O[C@@H]2CO[Si](c2ccccc2)(c2ccccc2)C(C)(C)C)cc1,Cc1ccc(S[C@@H]2O[C@H](CO[Si](c3ccccc3)(c3ccccc3)C(C)(C)C)[C@@H](O[C@H]3O[C@H](COCc4ccccc4)[C@@H](O)[C@H](OCc4ccccc4)[C@H]3N=[N+]=[N-])[C@H](OCc3ccccc3)[C@H]2OC(=O)c2ccccc2)cc1,21E4A08F
230,"European Journal of Organic Chemistry (2018), 2018(25), 3312-3316",期刊,2018,31-013-CAS-18987290,O(CC1=CC=CC=C1)[C@H]2[C@]3([C@@](O[C@H](SCC)[C@@H]2OCC4=CC=CC=C4)(CO[C@H](O3)C5=CC=C(OC)C=C5)[H])[H],thioglycoside,O(CC1=CC=CC=C1)[C@@H]2[C@@H](NC(C)=O)[C@@H](OC)O[C@H](COCC3=CC=CC=C3)[C@H]2O,Dichloromethane,ClCCl,1,N-Iodosuccinimide,O=C1N(I)C(=O)CC1,1,25.0,1,30.0,1,a,0,CCS[C@H]1O[C@H]2CO[C@@H](c3ccc(OC)cc3)O[C@H]2[C@H](OCc2ccccc2)[C@H]1OCc1ccccc1,CO[C@H]1O[C@H](COCc2ccccc2)[C@@H](O)[C@H](OCc2ccccc2)[C@H]1NC(C)=O,2B7D1ED8
231,"Chemistry - An Asian Journal (2019), 14(1), 223-234",期刊,2019,31-013-CAS-19796365,O(C(C)=O)[C@@H]1[C@@H](OC(C)=O)[C@H](SC2=CC=CC=C2)O[C@H](COC(C)=O)[C@@H]1OC(C)=O,thioglycoside,[Si](OC[C@H]1O[C@@H](N=[N+]=[N-])[C@H](NC(C)=O)[C@@H](O)[C@@H]1O)(C(C)(C)C)(C2=CC=CC=C2)C3=CC=CC=C3,,,0,Trifluoromethanesulfonic acid,O=S(=O)(O)C(F)(F)F,1,-45.0,1,,0,b,1,CC(=O)OC[C@H]1O[C@@H](Sc2ccccc2)[C@H](OC(C)=O)[C@@H](OC(C)=O)[C@H]1OC(C)=O,CC(=O)N[C@@H]1[C@@H](O)[C@H](O)[C@@H](CO[Si](c2ccccc2)(c2ccccc2)C(C)(C)C)O[C@H]1N=[N+]=[N-],12EC523D
232,"Organic Letters (2023), 25(16), 2913-2917",期刊,2023,31-614-CAS-39832550,O(CC1=CC=CC=C1)[C@H]2[C@@]3([C@](O[C@@H](SC4=CC=CC=C4)[C@@H]2N=[N+]=[N-])(CO[C@@H](O3)C5=CC=CC=C5)[H])[H],thioglycoside,[Si](OC[C@@H]1[C@H](O)[C@H](OCC2=CC=CC=C2)[C@@H](N=[N+]=[N-])[C@@H](OCCCNC(OCC3=CC=CC=C3)=O)O1)(C(C)(C)C)(C4=CC=CC=C4)C5=CC=CC=C5,Dichloromethane;Diethyl ether,ClCCl;O(CC)CC,1,Triethylamine,N(CC)(CC)CC,1,25.0,1,20.0,1,a,0,[N-]=[N+]=N[C@@H]1[C@@H](OCc2ccccc2)[C@H]2O[C@@H](c3ccccc3)OC[C@H]2O[C@H]1Sc1ccccc1,CC(C)(C)[Si](OC[C@H]1O[C@H](OCCCNC(=O)OCc2ccccc2)[C@H](N=[N+]=[N-])[C@@H](OCc2ccccc2)[C@H]1O)(c1ccccc1)c1ccccc1,F42C3FD2
233,"Journal of Organic Chemistry (2005), 70(16), 6265-6273",期刊,2005,31-013-CAS-7147589,O(C(C)=O)[C@H]1[C@@H](OC(C)=O)[C@@H](SCC)O[C@@H](C)[C@@H]1OC(C)=O,thioglycoside,O([C@H]1[C@H](OC(C)=O)[C@@H](OC(C)=O)[C@@H](OC(C)=O)[C@@H](COC(C)=O)O1)[C@@H]2[C@@H](NC(C)=O)[C@H](OC)O[C@H](COCC3=CC=CC=C3)[C@H]2O,Diethyl ether,O(CC)CC,1,Methyl triflate,O=S(=O)(OC)C(F)(F)F,1,25.0,1,180.0,1,a,0,CCS[C@H]1O[C@@H](C)[C@H](OC(C)=O)[C@@H](OC(C)=O)[C@H]1OC(C)=O,CO[C@@H]1O[C@H](COCc2ccccc2)[C@@H](O)[C@H](O[C@@H]2O[C@H](COC(C)=O)[C@H](OC(C)=O)[C@H](OC(C)=O)[C@H]2OC(C)=O)[C@H]1NC(C)=O,5F5BBA55
234,"Journal of the American Chemical Society (2012), 134(21), 8988-8995",期刊,2012,31-013-CAS-13317444,[Si](OC[C@@H]1[C@@H](OCC2=CC3=C(C=C2)C=CC=C3)[C@H](OCC4=CC=C(Br)C=C4)[C@@H](N=[N+]=[N-])[C@@H](O[C@H]5[C@H](OCC6=CC=CC=C6)[C@@H](OC(=O)C7=CC=CC=C7)[C@H](SC8=CC=C(C)C=C8)O[C@@H]5COC(C)=O)O1)(C(C)(C)C)(C9=CC=CC=C9)C%10=CC=CC=C%10,thioglycoside,O(CC1=CC=CC=C1)[C@@H]2[C@@H](N=[N+]=[N-])[C@@H](OC)O[C@H](COCC3=CC=CC=C3)[C@H]2O,Dichloromethane,ClCCl,1,Triethylamine,N(CC)(CC)CC,1,25.0,1,60.0,1,b,1,CC(=O)OC[C@H]1O[C@@H](Sc2ccc(C)cc2)[C@H](OC(=O)c2ccccc2)[C@@H](OCc2ccccc2)[C@@H]1O[C@H]1O[C@H](CO[Si](c2ccccc2)(c2ccccc2)C(C)(C)C)[C@@H](OCc2ccc3ccccc3c2)[C@H](OCc2ccc(Br)cc2)[C@H]1N=[N+]=[N-],CO[C@H]1O[C@H](COCc2ccccc2)[C@@H](O)[C@H](OCc2ccccc2)[C@H]1N=[N+]=[N-],1164497E
235,"Japan, JP2010229126 A 2010-10-14",专利,2010,31-013-CAS-9389396,N(C(OCC(Cl)(Cl)Cl)=O)[C@@H]1[C@@H](OC(C)=O)[C@H](OC(C)=O)[C@@H](COC(C)=O)O[C@H]1SCCCCCCCCCCCC,thioglycoside,O(CC1=CC=CC=C1)[C@@H]2[C@@H](N=[N+]=[N-])[C@]3(O[C@@]([C@H]2O)(CO3)[H])[H],Dichloromethane,ClCCl,1,Triethylamine,N(CC)(CC)CC,1,-20.0,1,150.0,1,b,1,CCCCCCCCCCCCS[C@@H]1O[C@H](COC(C)=O)[C@@H](OC(C)=O)[C@H](OC(C)=O)[C@H]1NC(=O)OCC(Cl)(Cl)Cl,[N-]=[N+]=N[C@H]1[C@@H]2OC[C@@H](O2)[C@@H](O)[C@@H]1OCc1ccccc1,D1BFDAF8
236,"Tetrahedron Letters (2010), 51(18), 2529-2532",期刊,2010,31-013-CAS-3991023,N(C(OCC(Cl)(Cl)Cl)=O)[C@@H]1[C@@H](OC(C)=O)[C@H](OC(C)=O)[C@@H](COC(C)=O)O[C@H]1SCCCCCCCCCCCC,thioglycoside,O(CC1=CC=CC=C1)[C@@H]2[C@@H](N=[N+]=[N-])[C@]3(O[C@@]([C@H]2O)(CO3)[H])[H],Dichloromethane,ClCCl,1,Trimethylsilyl triflate,O=S(=O)(O[Si](C)(C)C)C(F)(F)F,1,-20.0,1,180.0,1,b,1,CCCCCCCCCCCCS[C@@H]1O[C@H](COC(C)=O)[C@@H](OC(C)=O)[C@H](OC(C)=O)[C@H]1NC(=O)OCC(Cl)(Cl)Cl,[N-]=[N+]=N[C@H]1[C@@H]2OC[C@@H](O2)[C@@H](O)[C@@H]1OCc1ccccc1,D1BFDAF8
237,"Carbohydrate Research (2016), 435, 180-194",期刊,2016,31-013-CAS-17081671,[Si](OC[C@H]1[C@@H](OCC2=CC=C(OC)C=C2)[C@H](OCC3=CC=CC=C3)[C@@H](OC(CCC(C)=O)=O)[C@H](SC4=CC=C(C)C=C4)O1)(C(C)(C)C)(C5=CC=CC=C5)C6=CC=CC=C6,thioglycoside,[Si](OC[C@H]1[C@@H](O[C@@H]2[C@H](N=[N+]=[N-])[C@@H](OCC3=CC=CC=C3)[C@H](O)[C@@H](COC(CCC(C)=O)=O)O2)[C@H](OCC4=CC=CC=C4)[C@@H](OC(=O)C5=CC=CC=C5)[C@H](SC6=CC=C(C)C=C6)O1)(C(C)(C)C)(C7=CC=CC=C7)C8=CC=CC=C8,Dichloromethane;Diethyl ether,ClCCl;O(CC)CC,1,Tosyl chloride,O=S(=O)(Cl)C1=CC=C(C=C1)C,1,25.0,1,30.0,1,a,0,COc1ccc(CO[C@H]2[C@H](OCc3ccccc3)[C@@H](OC(=O)CCC(C)=O)[C@H](Sc3ccc(C)cc3)O[C@H]2CO[Si](c2ccccc2)(c2ccccc2)C(C)(C)C)cc1,CC(=O)CCC(=O)OC[C@H]1O[C@H](O[C@H]2[C@H](OCc3ccccc3)[C@@H](OC(=O)c3ccccc3)[C@H](Sc3ccc(C)cc3)O[C@H]2CO[Si](c2ccccc2)(c2ccccc2)C(C)(C)C)[C@H](N=[N+]=[N-])[C@@H](OCc2ccccc2)[C@@H]1O,854AC4B6
238,"Angewandte Chemie, International Edition (2012), 51(40), 10185-10189, S10185/1-S10185/246",期刊,2012,31-013-CAS-13163974,[Si](OC[C@H]1[C@@H](OCC2=CC=C(OC)C=C2)[C@H](OCC3=CC=CC=C3)[C@@H](OC(CCC(C)=O)=O)[C@H](SC4=CC=C(C)C=C4)O1)(C(C)(C)C)(C5=CC=CC=C5)C6=CC=CC=C6,thioglycoside,[Si](OC[C@H]1[C@@H](O[C@@H]2[C@H](N=[N+]=[N-])[C@@H](OCC3=CC=CC=C3)[C@H](O)[C@@H](COC(CCC(C)=O)=O)O2)[C@H](OCC4=CC=CC=C4)[C@@H](OC(=O)C5=CC=CC=C5)[C@H](SC6=CC=C(C)C=C6)O1)(C(C)(C)C)(C7=CC=CC=C7)C8=CC=CC=C8,Dichloromethane;Diethyl ether,ClCCl;O(CC)CC,1,Silver triflate,[Ag].O=S(=O)(O)C(F)(F)F,1,-78.0,1,5.0,1,a,0,COc1ccc(CO[C@H]2[C@H](OCc3ccccc3)[C@@H](OC(=O)CCC(C)=O)[C@H](Sc3ccc(C)cc3)O[C@H]2CO[Si](c2ccccc2)(c2ccccc2)C(C)(C)C)cc1,CC(=O)CCC(=O)OC[C@H]1O[C@H](O[C@H]2[C@H](OCc3ccccc3)[C@@H](OC(=O)c3ccccc3)[C@H](Sc3ccc(C)cc3)O[C@H]2CO[Si](c2ccccc2)(c2ccccc2)C(C)(C)C)[C@H](N=[N+]=[N-])[C@@H](OCc2ccccc2)[C@@H]1O,854AC4B6
239,"Organic Letters (2023), 25(16), 2913-2917",期刊,2023,31-614-CAS-39832557,O(CC1=CC2=C(C=C1)C=CC=C2)[C@@H]3[C@@H](N=[N+]=[N-])[C@H](SC4=CC=CC=C4)O[C@H](C)[C@@H]3OCC5=CC=CC=C5,thioglycoside,O([C@@H]1[C@H](OCC2=CC=CC=C2)[C@@H](N=[N+]=[N-])[C@@H](OCCCNC(OCC3=CC=CC=C3)=O)O[C@@H]1C(OCC4=CC=CC=C4)=O)[C@@H]5[C@H](N=[N+]=[N-])[C@@H](OCC6=CC=CC=C6)[C@@H](O)[C@@H](C(OCC7=CC=CC=C7)=O)O5,Dichloromethane;Diethyl ether,ClCCl;O(CC)CC,1,Triethylamine,N(CC)(CC)CC,1,25.0,1,20.0,1,a,0,C[C@H]1O[C@@H](Sc2ccccc2)[C@H](N=[N+]=[N-])[C@@H](OCc2ccc3ccccc3c2)[C@H]1OCc1ccccc1,[N-]=[N+]=N[C@H]1[C@@H](OCCCNC(=O)OCc2ccccc2)O[C@H](C(=O)OCc2ccccc2)[C@H](O[C@H]2O[C@H](C(=O)OCc3ccccc3)[C@H](O)[C@H](OCc3ccccc3)[C@H]2N=[N+]=[N-])[C@@H]1OCc1ccccc1,A5704765
240,"Organic & Biomolecular Chemistry (2020), 18(25), 4728-4733",期刊,2020,31-013-CAS-22593841,O([C@H]1[C@H](OCC2=CC=CC=C2)[C@@H](OC(=O)C3=CC=CC=C3)[C@H](SC4=CC=C(C)C=C4)O[C@@H]1COC(CCl)=O)[C@@H]5[C@H](N=[N+]=[N-])[C@@H](OCC6=CC=CC=C6)[C@H](OC(OCC7C=8C(C=9C7=CC=CC9)=CC=CC8)=O)[C@@H](COC(C)=O)O5,thioglycoside,O([C@H]1[C@H](OCC2=CC=CC=C2)[C@@H](OC(=O)C3=CC=CC=C3)[C@H](OC4=CC=C(OC)C=C4)O[C@@H]1COC(CCl)=O)[C@@H]5[C@H](N=[N+]=[N-])[C@@H](OCC6=CC=CC=C6)[C@H](O)[C@@H](COC(C)=O)O5,Dichloromethane,ClCCl,1,Silver triflate,[Ag].O=S(=O)(O)C(F)(F)F,1,-10.0,1,,0,b,1,CC(=O)OC[C@H]1O[C@H](O[C@H]2[C@H](OCc3ccccc3)[C@@H](OC(=O)c3ccccc3)[C@H](Sc3ccc(C)cc3)O[C@@H]2COC(=O)CCl)[C@H](N=[N+]=[N-])[C@@H](OCc2ccccc2)[C@@H]1OC(=O)OCC1c2ccccc2-c2ccccc21,COc1ccc(O[C@@H]2O[C@H](COC(=O)CCl)[C@@H](O[C@H]3O[C@H](COC(C)=O)[C@@H](O)[C@H](OCc4ccccc4)[C@H]3N=[N+]=[N-])[C@H](OCc3ccccc3)[C@H]2OC(=O)c2ccccc2)cc1,E7956211
241,"Journal of the American Chemical Society (2009), 131(16), 5792-5799",期刊,2009,31-614-CAS-29244011,O(CC1=CC=C(OC)C=C1)[C@H]2[C@]3([C@](O[C@H](S(=O)C4=CC=CC=C4)[C@H]2OCC5=CC=CC=C5)(CO[C@H](O3)C6=CC=CC=C6)[H])[H],thioglycoside,O([C@H]1[C@H](OCC2=CC=CC=C2)[C@@H](NS(=O)(=O)C3=CC=CC=C3)[C@@H](O[Si](C(C)(C)C)(C)C)O[C@@H]1CO[C@H]4[C@@H](OCC5=CC=CC=C5)[C@H](OCC6=CC=CC=C6)[C@H](OCC7=CC=CC=C7)[C@H](C)O4)[C@H]8[C@H](NS(=O)(=O)C9=CC=CC=C9)[C@@H](OCC%10=CC=CC=C%10)[C@H](O)[C@@H](COCC%11=CC=CC=C%11)O8,Dichloromethane,ClCCl,1,Trifluoromethanesulfonic anhydride,O=S(=O)(OS(=O)(=O)C(F)(F)F)C(F)(F)F,1,25.0,1,60.0,1,b,1,COc1ccc(CO[C@H]2[C@@H]3O[C@H](c4ccccc4)OC[C@H]3O[C@H](S(=O)c3ccccc3)[C@H]2OCc2ccccc2)cc1,C[C@@H]1O[C@@H](OC[C@H]2O[C@H](O[Si](C)(C)C(C)(C)C)[C@H](NS(=O)(=O)c3ccccc3)[C@@H](OCc3ccccc3)[C@@H]2O[C@@H]2O[C@H](COCc3ccccc3)[C@@H](O)[C@H](OCc3ccccc3)[C@H]2NS(=O)(=O)c2ccccc2)[C@@H](OCc2ccccc2)[C@H](OCc2ccccc2)[C@@H]1OCc1ccccc1,39EF0472
242,"Tetrahedron Letters (2006), 47(31), 5577-5579",期刊,2006,31-614-CAS-26064585,O(CC1=CC=C(OC)C=C1)[C@H]2[C@]3([C@](O[C@H](S(=O)C4=CC=CC=C4)[C@H]2OCC5=CC=CC=C5)(CO[C@H](O3)C6=CC=CC=C6)[H])[H],thioglycoside,O([C@H]1[C@H](OCC2=CC=CC=C2)[C@@H](NS(=O)(=O)C3=CC=CC=C3)[C@@H](O[Si](C(C)(C)C)(C)C)O[C@@H]1CO[C@H]4[C@@H](OCC5=CC=CC=C5)[C@H](OCC6=CC=CC=C6)[C@H](OCC7=CC=CC=C7)[C@H](C)O4)[C@H]8[C@H](NS(=O)(=O)C9=CC=CC=C9)[C@@H](OCC%10=CC=CC=C%10)[C@H](O)[C@@H](COCC%11=CC=CC=C%11)O8,Dichloromethane,ClCCl,1,Triethyl phosphite,O(P(OCC)OCC)CC,1,,0,,0,b,1,COc1ccc(CO[C@H]2[C@@H]3O[C@H](c4ccccc4)OC[C@H]3O[C@H](S(=O)c3ccccc3)[C@H]2OCc2ccccc2)cc1,C[C@@H]1O[C@@H](OC[C@H]2O[C@H](O[Si](C)(C)C(C)(C)C)[C@H](NS(=O)(=O)c3ccccc3)[C@@H](OCc3ccccc3)[C@@H]2O[C@@H]2O[C@H](COCc3ccccc3)[C@@H](O)[C@H](OCc3ccccc3)[C@H]2NS(=O)(=O)c2ccccc2)[C@@H](OCc2ccccc2)[C@H](OCc2ccccc2)[C@@H]1OCc1ccccc1,39EF0472
243,"Angewandte Chemie, International Edition (2002), 41(16), 2972-2974",期刊,2002,31-013-CAS-10774000,O(CC1=CC=CC=C1)[C@@H]2[C@H](OS(CC3=CC=CC=C3)(=O)=O)[C@@H](SC4=CC=CC=N4)O[C@H](COCC5=CC=CC=C5)[C@H]2OCC6=CC=CC=C6,thioglycoside,N(C(C)=O)[C@H]1[C@H](O[Si](C(C(C)C)(C)C)(C)C)O[C@H](COCC2=CC=C(OC)C=C2)[C@@H](O)[C@@H]1OCC=C,Dichloromethane,ClCCl,1,Trimethylsilyl triflate,O=S(=O)(O[Si](C)(C)C)C(F)(F)F,1,,0,,0,b,1,O=S(=O)(Cc1ccccc1)O[C@H]1[C@@H](OCc2ccccc2)[C@H](OCc2ccccc2)[C@@H](COCc2ccccc2)O[C@@H]1Sc1ccccn1,C=CCO[C@H]1[C@H](O)[C@@H](COCc2ccc(OC)cc2)O[C@@H](O[Si](C)(C)C(C)(C)C(C)C)[C@@H]1NC(C)=O,9FB9265F
244,"Molecules (2011), 16, 637-651",期刊,2011,31-013-CAS-5434133,O(CC1=CC=CC=C1)[C@@H]2[C@@H](OCC3=CC=CC=C3)[C@H](SC4=CC=CC=C4)O[C@H](C)[C@@H]2OCC5=CC=CC=C5,thioglycoside,N(C(OCC(Cl)(Cl)Cl)=O)[C@@H]1[C@@H](OC(CCl)=O)[C@H](O)[C@@H](COCC2=CC=CC=C2)O[C@H]1OCC[Si](C)(C)C,Dichloromethane,ClCCl,1,Triethylamine,N(CC)(CC)CC,1,25.0,1,120.0,1,a,0,C[C@H]1O[C@@H](Sc2ccccc2)[C@H](OCc2ccccc2)[C@@H](OCc2ccccc2)[C@H]1OCc1ccccc1,C[Si](C)(C)CCO[C@@H]1O[C@H](COCc2ccccc2)[C@@H](O)[C@H](OC(=O)CCl)[C@H]1NC(=O)OCC(Cl)(Cl)Cl,C77D0B87
245,"Journal of Organic Chemistry (2005), 70(16), 6265-6273",期刊,2005,31-013-CAS-13681362,O(CC1=CC=CC=C1)[C@H]2[C@H](OCC3=CC=CC=C3)[C@@H](SCC)O[C@@H](C)[C@H]2OCC4=CC=CC=C4,thioglycoside,O([C@H]1[C@H](OC(C)=O)[C@@H](OC(C)=O)[C@@H](OC(C)=O)[C@@H](COC(C)=O)O1)[C@@H]2[C@@H](NC(C)=O)[C@H](OC)O[C@H](COCC3=CC=CC=C3)[C@H]2O,Diethyl ether,O(CC)CC,1,Methyl triflate,O=S(=O)(OC)C(F)(F)F,1,25.0,1,180.0,1,a,0,CCS[C@H]1O[C@@H](C)[C@@H](OCc2ccccc2)[C@@H](OCc2ccccc2)[C@@H]1OCc1ccccc1,CO[C@@H]1O[C@H](COCc2ccccc2)[C@@H](O)[C@H](O[C@@H]2O[C@H](COC(C)=O)[C@H](OC(C)=O)[C@H](OC(C)=O)[C@H]2OC(C)=O)[C@H]1NC(C)=O,EDE8FA17
246,"European Journal of Organic Chemistry (2018), 2018(25), 3312-3316",期刊,2018,31-013-CAS-18987289,O(CC1=CC=CC=C1)[C@H]2[C@]3([C@@](O[C@H](SCC)[C@@H]2OCC4=CC=CC=C4)(CO[C@H](O3)C5=CC6=C(C=C5)C=CC=C6)[H])[H],thioglycoside,O(CC1=CC=CC=C1)[C@@H]2[C@@H](NC(C)=O)[C@@H](OC)O[C@H](COCC3=CC=CC=C3)[C@H]2O,Dichloromethane,ClCCl,1,N-Iodosuccinimide,O=C1N(I)C(=O)CC1,1,25.0,1,30.0,1,a,0,CCS[C@H]1O[C@H]2CO[C@@H](c3ccc4ccccc4c3)O[C@H]2[C@H](OCc2ccccc2)[C@H]1OCc1ccccc1,CO[C@H]1O[C@H](COCc2ccccc2)[C@@H](O)[C@H](OCc2ccccc2)[C@H]1NC(C)=O,935F6C50
247,"Tetrahedron: Asymmetry (2000), 11(1), 173-197",期刊,2000,31-013-CAS-8933724,O([C@H]1[C@@]2([C@@]([C@@H](CO[Si](C(C)(C)C)(C)C)O[C@@H]1O[C@H]3[C@@H](OCC4=CC=CC=C4)[C@H](OCC5=CC=CC=C5)[C@@H](COCC6=CC=CC=C6)O[C@@H]3OC[C@@H]7[C@@H](OCC8=CC=CC=C8)[C@H](OCC9=CC=CC=C9)[C@H](OC(CCl)=O)[C@@H](SCC)O7)(O[C@@](OC)(C)[C@](OC)(C)O2)[H])[H])[C@@H]%10[C@@H](OCC%11=CC=CC=C%11)[C@@H](OCC%12=CC=CC=C%12)[C@H](OCC%13=CC=CC=C%13)[C@@H](COCC%14=CC=CC=C%14)O%10,thioglycoside,O([C@@H]1[C@@H](OCC2=CC=CC=C2)[C@H](OCC3=CC=CC=C3)[C@@H](OCC4=CC=CC=C4)[C@@H](OCC5=CC=CC=C5)[C@H]1OCC=C)[C@@H]6[C@H](N=[N+]=[N-])[C@@H](OCC7=CC=CC=C7)[C@H](O)[C@@H](COCC8=CC=CC=C8)O6,Dichloromethane;Diethyl ether,ClCCl;O(CC)CC,1,Trimethylsilyl triflate,O=S(=O)(O[Si](C)(C)C)C(F)(F)F,1,,0,,0,a,0,CCS[C@H]1O[C@H](CO[C@H]2O[C@H](COCc3ccccc3)[C@@H](OCc3ccccc3)[C@H](OCc3ccccc3)[C@@H]2O[C@H]2O[C@H](CO[Si](C)(C)C(C)(C)C)[C@H]3O[C@](C)(OC)[C@@](C)(OC)O[C@@H]3[C@@H]2O[C@H]2O[C@H](COCc3ccccc3)[C@@H](OCc3ccccc3)[C@H](OCc3ccccc3)[C@@H]2OCc2ccccc2)[C@@H](OCc2ccccc2)[C@H](OCc2ccccc2)[C@@H]1OC(=O)CCl,C=CCO[C@@H]1[C@H](OCc2ccccc2)[C@H](OCc2ccccc2)[C@@H](OCc2ccccc2)[C@H](OCc2ccccc2)[C@H]1O[C@H]1O[C@H](COCc2ccccc2)[C@@H](O)[C@H](OCc2ccccc2)[C@H]1N=[N+]=[N-],5EB65168
248,"Carbohydrate Research (2016), 435, 180-194",期刊,2016,31-013-CAS-17081678,O([C@H]1[C@H](OCC2=CC=CC=C2)[C@@H](OC(=O)C3=CC=CC=C3)[C@H](SC4=CC=C(C)C=C4)O[C@H]1CO[Si](C(C)(C)C)(C5=CC=CC=C5)C6=CC=CC=C6)[C@@H]7[C@H](N=[N+]=[N-])[C@@H](OCC8=CC=CC=C8)[C@H](O[C@H]9[C@H](OC(CCC(C)=O)=O)[C@@H](OCC%10=CC=CC=C%10)[C@H](OCC%11=CC=C(OC)C=C%11)[C@H](CO[Si](C(C)(C)C)(C%12=CC=CC=C%12)C%13=CC=CC=C%13)O9)[C@@H](COC(CCC(C)=O)=O)O7,thioglycoside,[Si](OC[C@@H]1[C@@H](O[C@@H]2[C@H](N=[N+]=[N-])[C@@H](OCC3=CC=CC=C3)[C@H](O)[C@@H](COCC4=CC=CC=C4)O2)[C@H](OCC5=CC=CC=C5)[C@@H](OC(=O)C6=CC=CC=C6)[C@H](SC7=CC=C(C)C=C7)O1)(C(C)(C)C)(C8=CC=CC=C8)C9=CC=CC=C9,Dichloromethane;Diethyl ether,ClCCl;O(CC)CC,1,Tosyl chloride,O=S(=O)(Cl)C1=CC=C(C=C1)C,1,25.0,1,30.0,1,a,0,COc1ccc(CO[C@H]2[C@H](OCc3ccccc3)[C@@H](OC(=O)CCC(C)=O)[C@H](O[C@H]3[C@H](OCc4ccccc4)[C@@H](N=[N+]=[N-])[C@@H](O[C@H]4[C@H](OCc5ccccc5)[C@@H](OC(=O)c5ccccc5)[C@H](Sc5ccc(C)cc5)O[C@H]4CO[Si](c4ccccc4)(c4ccccc4)C(C)(C)C)O[C@@H]3COC(=O)CCC(C)=O)O[C@H]2CO[Si](c2ccccc2)(c2ccccc2)C(C)(C)C)cc1,Cc1ccc(S[C@@H]2O[C@H](CO[Si](c3ccccc3)(c3ccccc3)C(C)(C)C)[C@@H](O[C@H]3O[C@H](COCc4ccccc4)[C@@H](O)[C@H](OCc4ccccc4)[C@H]3N=[N+]=[N-])[C@H](OCc3ccccc3)[C@H]2OC(=O)c2ccccc2)cc1,AA067416
249,"Angewandte Chemie, International Edition (2012), 51(40), 10185-10189, S10185/1-S10185/246",期刊,2012,31-013-CAS-10425819,O([C@H]1[C@H](OCC2=CC=CC=C2)[C@@H](OC(=O)C3=CC=CC=C3)[C@H](SC4=CC=C(C)C=C4)O[C@H]1CO[Si](C(C)(C)C)(C5=CC=CC=C5)C6=CC=CC=C6)[C@@H]7[C@H](N=[N+]=[N-])[C@@H](OCC8=CC=CC=C8)[C@H](O[C@H]9[C@H](OC(CCC(C)=O)=O)[C@@H](OCC%10=CC=CC=C%10)[C@H](OCC%11=CC=C(OC)C=C%11)[C@H](CO[Si](C(C)(C)C)(C%12=CC=CC=C%12)C%13=CC=CC=C%13)O9)[C@@H](COC(CCC(C)=O)=O)O7,thioglycoside,[Si](OC[C@@H]1[C@@H](O[C@@H]2[C@H](N=[N+]=[N-])[C@@H](OCC3=CC=CC=C3)[C@H](O)[C@@H](COCC4=CC=CC=C4)O2)[C@H](OCC5=CC=CC=C5)[C@@H](OC(=O)C6=CC=CC=C6)[C@H](SC7=CC=C(C)C=C7)O1)(C(C)(C)C)(C8=CC=CC=C8)C9=CC=CC=C9,Dichloromethane;Diethyl ether,ClCCl;O(CC)CC,1,Silver triflate,[Ag].O=S(=O)(O)C(F)(F)F,1,-78.0,1,5.0,1,a,0,COc1ccc(CO[C@H]2[C@H](OCc3ccccc3)[C@@H](OC(=O)CCC(C)=O)[C@H](O[C@H]3[C@H](OCc4ccccc4)[C@@H](N=[N+]=[N-])[C@@H](O[C@H]4[C@H](OCc5ccccc5)[C@@H](OC(=O)c5ccccc5)[C@H](Sc5ccc(C)cc5)O[C@H]4CO[Si](c4ccccc4)(c4ccccc4)C(C)(C)C)O[C@@H]3COC(=O)CCC(C)=O)O[C@H]2CO[Si](c2ccccc2)(c2ccccc2)C(C)(C)C)cc1,Cc1ccc(S[C@@H]2O[C@H](CO[Si](c3ccccc3)(c3ccccc3)C(C)(C)C)[C@@H](O[C@H]3O[C@H](COCc4ccccc4)[C@@H](O)[C@H](OCc4ccccc4)[C@H]3N=[N+]=[N-])[C@H](OCc3ccccc3)[C@H]2OC(=O)c2ccccc2)cc1,AA067416
250,"Nature Chemical Biology (2019), 15(7), 699-709",期刊,2019,31-013-CAS-23877545,[Si](OC[C@@H]1[C@@H](OCC2=CC3=C(C=C2)C=CC=C3)[C@H](OCC4=CC=C(Br)C=C4)[C@@H](N=[N+]=[N-])[C@@H](O[C@H]5[C@H](OCC6=CC=CC=C6)[C@@H](OC(=O)C7=CC=CC=C7)[C@H](SC8=CC=C(C)C=C8)O[C@H]5COC(C)=O)O1)(C(C)(C)C)(C9=CC=CC=C9)C%10=CC=CC=C%10,thioglycoside,[Si](OC[C@H]1O[C@H](O[C@H]2[C@H](OCC3=CC=CC=C3)[C@@H](OC(=O)C4=CC=CC=C4)[C@H](OC(C)=O)O[C@@H]2COC(C)=O)[C@H](N=[N+]=[N-])[C@@H](OCC5=CC=C(Br)C=C5)[C@@H]1O)(C(C)(C)C)(C6=CC=CC=C6)C7=CC=CC=C7,Dichloromethane,ClCCl,1,Trifluoromethanesulfonic acid,O=S(=O)(O)C(F)(F)F,1,25.0,1,60.0,1,b,1,CC(=O)OC[C@@H]1O[C@@H](Sc2ccc(C)cc2)[C@H](OC(=O)c2ccccc2)[C@@H](OCc2ccccc2)[C@@H]1O[C@H]1O[C@H](CO[Si](c2ccccc2)(c2ccccc2)C(C)(C)C)[C@@H](OCc2ccc3ccccc3c2)[C@H](OCc2ccc(Br)cc2)[C@H]1N=[N+]=[N-],CC(=O)OC[C@H]1O[C@@H](OC(C)=O)[C@H](OC(=O)c2ccccc2)[C@@H](OCc2ccccc2)[C@@H]1O[C@H]1O[C@H](CO[Si](c2ccccc2)(c2ccccc2)C(C)(C)C)[C@@H](O)[C@H](OCc2ccc(Br)cc2)[C@H]1N=[N+]=[N-],3F88E138
251,"United States, US11506664 B1 2022-11-22",专利,2022,31-614-CAS-35398222,[Si](OC[C@@H]1[C@@H](OCC2=CC3=C(C=C2)C=CC=C3)[C@H](OCC4=CC=C(Br)C=C4)[C@@H](N=[N+]=[N-])[C@@H](O[C@H]5[C@H](OCC6=CC=CC=C6)[C@@H](OC(=O)C7=CC=CC=C7)C(SC8=CC=C(C)C=C8)O[C@H]5COC(C)=O)O1)(C(C)(C)C)(C9=CC=CC=C9)C%10=CC=CC=C%10,thioglycoside,[Si](OC[C@H]1O[C@H](O[C@H]2[C@H](OCC3=CC=CC=C3)[C@@H](OC(=O)C4=CC=CC=C4)[C@H](OC(C)=O)O[C@@H]2COC(C)=O)[C@H](N=[N+]=[N-])[C@@H](OCC5=CC=C(Br)C=C5)[C@@H]1O)(C(C)(C)C)(C6=CC=CC=C6)C7=CC=CC=C7,Dichloromethane,ClCCl,1,Triethylamine,N(CC)(CC)CC,1,25.0,1,60.0,1,a,0,CC(=O)OC[C@@H]1OC(Sc2ccc(C)cc2)[C@H](OC(=O)c2ccccc2)[C@@H](OCc2ccccc2)[C@@H]1O[C@H]1O[C@H](CO[Si](c2ccccc2)(c2ccccc2)C(C)(C)C)[C@@H](OCc2ccc3ccccc3c2)[C@H](OCc2ccc(Br)cc2)[C@H]1N=[N+]=[N-],CC(=O)OC[C@H]1O[C@@H](OC(C)=O)[C@H](OC(=O)c2ccccc2)[C@@H](OCc2ccccc2)[C@@H]1O[C@H]1O[C@H](CO[Si](c2ccccc2)(c2ccccc2)C(C)(C)C)[C@@H](O)[C@H](OCc2ccc(Br)cc2)[C@H]1N=[N+]=[N-],7153922E
252,"Organic Letters (2018), 20(2), 353-356",期刊,2018,31-614-CAS-27463098,C(OC(OC[C@@H]1[C@@H](OCC2=CC=CC=C2)[C@H](OCC3=CC=CC=C3)[C@@H](OCC4=CC=CC=C4)[C@H](SC5=CC=C(C)C=C5)O1)=O)C6C=7C(C=8C6=CC=CC8)=CC=CC7,thioglycoside,[Si](OC1=CC=C(O[C@@H]2[C@H](N=[N+]=[N-])[C@@H](O[C@H]3[C@H](OC(=O)C4=CC=CC=C4)[C@@H](OC(=O)C5=CC=CC=C5)[C@H](OC(=O)C6=CC=CC=C6)[C@@H](COC(OCC7C=8C(C=9C7=CC=CC9)=CC=CC8)=O)O3)[C@@H](O)[C@@H](COCC%10=CC=CC=C%10)O2)C=C1)(C(C)(C)C)(C%11=CC=CC=C%11)C%12=CC=CC=C%12,Dichloromethane;Diethyl ether,ClCCl;O(CC)CC,1,N-Iodosuccinimide,O=C1N(I)C(=O)CC1,1,25.0,1,30.0,1,a,0,Cc1ccc(S[C@@H]2O[C@H](COC(=O)OCC3c4ccccc4-c4ccccc43)[C@@H](OCc3ccccc3)[C@H](OCc3ccccc3)[C@H]2OCc2ccccc2)cc1,CC(C)(C)[Si](Oc1ccc(O[C@H]2O[C@H](COCc3ccccc3)[C@H](O)[C@H](O[C@@H]3O[C@H](COC(=O)OCC4c5ccccc5-c5ccccc54)[C@@H](OC(=O)c4ccccc4)[C@H](OC(=O)c4ccccc4)[C@H]3OC(=O)c3ccccc3)[C@H]2N=[N+]=[N-])cc1)(c1ccccc1)c1ccccc1,4C635F98
253,"Synlett (2015), 26(16), 2267-2271",期刊,2015,31-013-CAS-8223846,O([Si](C(C)C)(C(C)C)C(C)C)[C@H]1[C@H](OC(C(F)(F)F)=O)[C@H](OC(C(F)(F)F)=O)[C@H](C)O[C@@H]1SCC,thioglycoside,[Si](OC[C@@H]1[C@@H](O)[C@H](OC(CCl)=O)[C@@H](NC(C(F)(F)F)=O)[C@H](OC2=CC=C(OCCCl)C=C2)O1)(C(C)(C)C)(C3=CC=CC=C3)C4=CC=CC=C4,Dichloromethane;Methanol,ClCCl;OC,1,Triethylamine,N(CC)(CC)CC,1,22.0,1,60.0,1,a,0,CCS[C@H]1O[C@@H](C)[C@@H](OC(=O)C(F)(F)F)[C@@H](OC(=O)C(F)(F)F)[C@@H]1O[Si](C(C)C)(C(C)C)C(C)C,CC(C)(C)[Si](OC[C@H]1O[C@@H](Oc2ccc(OCCCl)cc2)[C@H](NC(=O)C(F)(F)F)[C@@H](OC(=O)CCl)[C@@H]1O)(c1ccccc1)c1ccccc1,3F6FE793
254,"World Intellectual Property Organization, WO2020070258 A1 2020-04-09",专利,2020,31-006-CAS-21886620,O(CC1=CC=CC=C1)[C@H]2[C@]3([C@@](O[C@@H](SC4=CC=CC=C4)[C@@H]2OC(=O)C5=CC=CC=C5)(CO[C@H](O3)C6=CC=CC=C6)[H])[H],thioglycoside,N(=[N+]=[N-])[C@@H]1[C@@H](OCC2=CC=CC=C2)[C@H](O)[C@@H](COC(=O)C3=CC=CC=C3)O[C@@H]1OCCCCCN(CC4=CC=CC=C4)C(OCC5=CC=CC=C5)=O,Dichloromethane;Toluene,ClCCl;C=1C=CC(=CC1)C,1,Triethylamine,N(CC)(CC)CC,1,25.0,1,45.0,1,a,0,O=C(O[C@@H]1[C@@H](OCc2ccccc2)[C@@H]2O[C@H](c3ccccc3)OC[C@@H]2O[C@H]1Sc1ccccc1)c1ccccc1,[N-]=[N+]=N[C@H]1[C@@H](OCCCCCN(Cc2ccccc2)C(=O)OCc2ccccc2)O[C@H](COC(=O)c2ccccc2)[C@@H](O)[C@@H]1OCc1ccccc1,5B3737B8
255,"World Intellectual Property Organization, WO2016104647 A1 2016-06-30",专利,2016,31-013-CAS-17702336,O([C@@H]1[C@@H](OC(=O)C2=CC=CC=C2)[C@H](SC3=CC=C(C)C=C3)O[C@H](COC(=O)C4=CC=CC=C4)[C@@H]1OC(C)=O)[C@@H]5[C@H](OCC6=CC=CC=C6)[C@@H](OCC7=CC=CC=C7)[C@@]8([C@](O5)(CO[C@@H](O8)C9=CC=CC=C9)[H])[H],thioglycoside,N(C(C)=O)[C@@H]1[C@@H](OCC2=CC=CC=C2)[C@H](O)[C@@H](COCC3=CC=CC=C3)O[C@@H]1OCC(OC)=O,Dichloromethane,ClCCl,1,Trifluoromethanesulfonic acid,O=S(=O)(O)C(F)(F)F,1,-20.0,1,150.0,1,b,1,CC(=O)O[C@@H]1[C@H](O[C@H]2O[C@@H]3CO[C@H](c4ccccc4)O[C@@H]3[C@H](OCc3ccccc3)[C@H]2OCc2ccccc2)[C@@H](OC(=O)c2ccccc2)[C@H](Sc2ccc(C)cc2)O[C@@H]1COC(=O)c1ccccc1,COC(=O)CO[C@H]1O[C@H](COCc2ccccc2)[C@@H](O)[C@H](OCc2ccccc2)[C@H]1NC(C)=O,3463E3BD
256,"European Journal of Organic Chemistry (2020), 2020(12), 1802-1810",期刊,2020,31-013-CAS-21762107,O([C@@H]1[C@@H](OC(=O)C2=CC=CC=C2)[C@H](SC3=CC=C(C)C=C3)O[C@H](COC(=O)C4=CC=CC=C4)[C@@H]1OC(C)=O)[C@@H]5[C@H](OCC6=CC=CC=C6)[C@@H](OCC7=CC=CC=C7)[C@@]8([C@](O5)(CO[C@@H](O8)C9=CC=CC=C9)[H])[H],thioglycoside,N(C(C)=O)[C@@H]1[C@@H](OCC2=CC=CC=C2)[C@H](O)[C@@H](COCC3=CC=CC=C3)O[C@@H]1OCC(OC)=O,Dichloromethane,ClCCl,1,Triethylamine,N(CC)(CC)CC,1,-20.0,1,180.0,1,b,1,CC(=O)O[C@@H]1[C@H](O[C@H]2O[C@@H]3CO[C@H](c4ccccc4)O[C@@H]3[C@H](OCc3ccccc3)[C@H]2OCc2ccccc2)[C@@H](OC(=O)c2ccccc2)[C@H](Sc2ccc(C)cc2)O[C@@H]1COC(=O)c1ccccc1,COC(=O)CO[C@H]1O[C@H](COCc2ccccc2)[C@@H](O)[C@H](OCc2ccccc2)[C@H]1NC(C)=O,3463E3BD
257,"Angewandte Chemie, International Edition (2019), 58(14), 4526-4530",期刊,2019,31-013-CAS-21945116,O([C@@H]1[C@@H](OC(=O)C2=CC=CC=C2)[C@H](SC3=CC=C(C)C=C3)O[C@H](COC(=O)C4=CC=CC=C4)[C@@H]1OC(C)=O)[C@@H]5[C@H](OCC6=CC=CC=C6)[C@@H](OCC7=CC=CC=C7)[C@@]8([C@](O5)(CO[C@@H](O8)C9=CC=CC=C9)[H])[H],thioglycoside,N(C(C)=O)[C@@H]1[C@@H](OCC2=CC=CC=C2)[C@H](O)[C@@H](COCC3=CC=CC=C3)O[C@@H]1OCC(OC)=O,Dichloromethane,ClCCl,1,Trifluoroacetic acid,O=C(O)C(F)(F)F,1,-20.0,1,180.0,1,b,1,CC(=O)O[C@@H]1[C@H](O[C@H]2O[C@@H]3CO[C@H](c4ccccc4)O[C@@H]3[C@H](OCc3ccccc3)[C@H]2OCc2ccccc2)[C@@H](OC(=O)c2ccccc2)[C@H](Sc2ccc(C)cc2)O[C@@H]1COC(=O)c1ccccc1,COC(=O)CO[C@H]1O[C@H](COCc2ccccc2)[C@@H](O)[C@H](OCc2ccccc2)[C@H]1NC(C)=O,3463E3BD
258,"Tetrahedron (2002), 58(21), 4245-4254",期刊,2002,31-013-CAS-1477228,O(CC1=CC=CC=C1)[C@H]2[C@H](OCC3=CC=CC=C3)[C@@H](COCC=C)O[C@H](SCC)[C@H]2OCC4=CC=CC=C4,thioglycoside,C[C@@]12[C@]3(O[C@@]4([C@](O3)([C@H](OCC5=CC=CC=C5)[C@@H](OCC6=CC=CC=C6)[C@H](OCC7=CC=CC=C7)[C@H]4O[C@@H]8[C@H](N=[N+]=[N-])[C@@H](OCC9=CC=CC=C9)[C@H](O)[C@@H](COCC%10=CC=CC=C%10)O8)[H])[H])C[C@@](C1(C)C)(CC2)[H],Diethyl ether,O(CC)CC,1,Triethylamine,N(CC)(CC)CC,1,,0,,0,a,0,C=CCOC[C@H]1O[C@H](SCC)[C@@H](OCc2ccccc2)[C@@H](OCc2ccccc2)[C@@H]1OCc1ccccc1,CC1(C)[C@H]2CC[C@]1(C)[C@]1(C2)O[C@@H]2[C@H](OCc3ccccc3)[C@@H](OCc3ccccc3)[C@H](OCc3ccccc3)[C@@H](O[C@H]3O[C@H](COCc4ccccc4)[C@@H](O)[C@H](OCc4ccccc4)[C@H]3N=[N+]=[N-])[C@@H]2O1,79F3449C
259,"Tetrahedron (2002), 58(21), 4245-4254",期刊,2002,31-013-CAS-12760013,O(CC1=CC=CC=C1)[C@H]2[C@@H](OCC3=CC=CC=C3)[C@@H](COCC=C)O[C@@H](SCC)[C@@H]2OCC4=CC=CC=C4,thioglycoside,C[C@@]12[C@]3(O[C@@]4([C@](O3)([C@H](OCC5=CC=CC=C5)[C@@H](OCC6=CC=CC=C6)[C@H](OCC7=CC=CC=C7)[C@H]4O[C@@H]8[C@H](N=[N+]=[N-])[C@@H](OCC9=CC=CC=C9)[C@H](O)[C@@H](COCC%10=CC=CC=C%10)O8)[H])[H])C[C@@](C1(C)C)(CC2)[H],Diethyl ether,O(CC)CC,1,Triethylamine,N(CC)(CC)CC,1,,0,,0,a,0,C=CCOC[C@H]1O[C@@H](SCC)[C@H](OCc2ccccc2)[C@@H](OCc2ccccc2)[C@H]1OCc1ccccc1,CC1(C)[C@H]2CC[C@]1(C)[C@]1(C2)O[C@@H]2[C@H](OCc3ccccc3)[C@@H](OCc3ccccc3)[C@H](OCc3ccccc3)[C@@H](O[C@H]3O[C@H](COCc4ccccc4)[C@@H](O)[C@H](OCc4ccccc4)[C@H]3N=[N+]=[N-])[C@@H]2O1,93108C8E
260,"Nature Communications (2017), 8(1), 1-11",期刊,2017,31-614-CAS-40361033,O(CC1=CC=CC=C1)[C@H]2[C@H](OCC3=CC=CC=C3)[C@H](O)[C@@H](SC4=CC=CC=C4)O[C@@H]2COCC5=CC=CC=C5,thioglycoside,N(C(OCC(Cl)(Cl)Cl)=O)[C@H]1[C@H](SC2=CC=CC=C2)O[C@H](CO[Si](C(C)(C)C)(C)C)[C@@H](O)[C@@H]1OC(C)=O,Dichloromethane,ClCCl,1,Triethylamine,N(CC)(CC)CC,1,-60.0,1,30.0,1,a,0,O[C@H]1[C@@H](OCc2ccccc2)[C@H](OCc2ccccc2)[C@@H](COCc2ccccc2)O[C@@H]1Sc1ccccc1,CC(=O)O[C@H]1[C@H](O)[C@@H](CO[Si](C)(C)C(C)(C)C)O[C@@H](Sc2ccccc2)[C@@H]1NC(=O)OCC(Cl)(Cl)Cl,591144E8
261,"Journal of the American Chemical Society (2012), 134(21), 8988-8995",期刊,2012,31-013-CAS-15444979,[Si](OC[C@@H]1[C@@H](OCC2=CC3=C(C=C2)C=CC=C3)[C@H](OCC4=CC=C(Br)C=C4)[C@@H](N=[N+]=[N-])[C@@H](O[C@H]5[C@H](OCC6=CC=CC=C6)[C@@H](OC(=O)C7=CC=CC=C7)[C@H](SC8=CC=C(C)C=C8)O[C@@H]5COC(C)=O)O1)(C(C)(C)C)(C9=CC=CC=C9)C%10=CC=CC=C%10,thioglycoside,[Si](OC[C@H]1O[C@H](O[C@H]2[C@H](OCC3=CC=CC=C3)[C@@H](OC(=O)C4=CC=CC=C4)[C@H](O[C@H]5[C@H](OCC6=CC=CC=C6)[C@@H](N=[N+]=[N-])[C@@H](OC)O[C@@H]5COCC7=CC=CC=C7)O[C@@H]2COC(C)=O)[C@H](N=[N+]=[N-])[C@@H](OCC8=CC=C(Br)C=C8)[C@@H]1O)(C(C)(C)C)(C9=CC=CC=C9)C%10=CC=CC=C%10,Dichloromethane,ClCCl,1,Triethylamine,N(CC)(CC)CC,1,25.0,1,60.0,1,b,1,CC(=O)OC[C@H]1O[C@@H](Sc2ccc(C)cc2)[C@H](OC(=O)c2ccccc2)[C@@H](OCc2ccccc2)[C@@H]1O[C@H]1O[C@H](CO[Si](c2ccccc2)(c2ccccc2)C(C)(C)C)[C@@H](OCc2ccc3ccccc3c2)[C@H](OCc2ccc(Br)cc2)[C@H]1N=[N+]=[N-],CO[C@H]1O[C@H](COCc2ccccc2)[C@@H](O[C@@H]2O[C@H](COC(C)=O)[C@@H](O[C@H]3O[C@H](CO[Si](c4ccccc4)(c4ccccc4)C(C)(C)C)[C@@H](O)[C@H](OCc4ccc(Br)cc4)[C@H]3N=[N+]=[N-])[C@H](OCc3ccccc3)[C@H]2OC(=O)c2ccccc2)[C@H](OCc2ccccc2)[C@H]1N=[N+]=[N-],FD47FB63
262,"World Intellectual Property Organization, WO2018083490 A2 2018-05-11",专利,2018,31-013-CAS-20074838,O(C(=O)C1=CC=CC=C1)[C@@H]2[C@H](OC(=O)C3=CC=CC=C3)[C@@H](SC4=CC=C(C)C=C4)O[C@H](C)[C@H]2OCCCCCN(CC5=CC=CC=C5)C(OCC6=CC=CC=C6)=O,thioglycoside,O([C@@H]1[C@@H](O[C@@H]2[C@@H](O[C@H]3[C@@H](OCC4=CC=CC=C4)[C@H](N=[N+]=[N-])[C@@H](C)O[C@@H]3OC)O[C@H](C)[C@@H](N=[N+]=[N-])[C@@H]2OCC5=CC=CC=C5)O[C@H](C)[C@@H](N=[N+]=[N-])[C@@H]1OCC6=CC=CC=C6)[C@@H]7[C@@H](O[C@@H]8[C@@H](O[C@@H]9[C@@H](O)[C@@H](OCC%10=CC=CC=C%10)[C@H](N=[N+]=[N-])[C@@H](C)O9)[C@@H](OCC%11=CC=CC=C%11)[C@H](N=[N+]=[N-])[C@@H](C)O8)[C@@H](OCC%12=CC=CC=C%12)[C@H](N=[N+]=[N-])[C@@H](C)O7,Dichloromethane,ClCCl,1,Trimethylsilyl triflate,O=S(=O)(O[Si](C)(C)C)C(F)(F)F,1,25.0,1,60.0,1,a,0,Cc1ccc(S[C@H]2O[C@H](C)[C@@H](OCCCCCN(Cc3ccccc3)C(=O)OCc3ccccc3)[C@H](OC(=O)c3ccccc3)[C@@H]2OC(=O)c2ccccc2)cc1,CO[C@H]1O[C@H](C)[C@@H](N=[N+]=[N-])[C@H](OCc2ccccc2)[C@@H]1O[C@H]1O[C@H](C)[C@@H](N=[N+]=[N-])[C@H](OCc2ccccc2)[C@@H]1O[C@H]1O[C@H](C)[C@@H](N=[N+]=[N-])[C@H](OCc2ccccc2)[C@@H]1O[C@H]1O[C@H](C)[C@@H](N=[N+]=[N-])[C@H](OCc2ccccc2)[C@@H]1O[C@H]1O[C@H](C)[C@@H](N=[N+]=[N-])[C@H](OCc2ccccc2)[C@@H]1O[C@H]1O[C@H](C)[C@@H](N=[N+]=[N-])[C@H](OCc2ccccc2)[C@@H]1O,C8A48EB6
263,"ACS Central Science (2017), 3(3), 224-231",期刊,2017,31-013-CAS-17386196,O(C(=O)C1=CC=CC=C1)[C@@H]2[C@H](OC(=O)C3=CC=CC=C3)[C@@H](SC4=CC=C(C)C=C4)O[C@H](C)[C@H]2OCCCCCN(CC5=CC=CC=C5)C(OCC6=CC=CC=C6)=O,thioglycoside,O([C@@H]1[C@@H](O[C@@H]2[C@@H](O[C@H]3[C@@H](OCC4=CC=CC=C4)[C@H](N=[N+]=[N-])[C@@H](C)O[C@@H]3OC)O[C@H](C)[C@@H](N=[N+]=[N-])[C@@H]2OCC5=CC=CC=C5)O[C@H](C)[C@@H](N=[N+]=[N-])[C@@H]1OCC6=CC=CC=C6)[C@@H]7[C@@H](O[C@@H]8[C@@H](O[C@@H]9[C@@H](O)[C@@H](OCC%10=CC=CC=C%10)[C@H](N=[N+]=[N-])[C@@H](C)O9)[C@@H](OCC%11=CC=CC=C%11)[C@H](N=[N+]=[N-])[C@@H](C)O8)[C@@H](OCC%12=CC=CC=C%12)[C@H](N=[N+]=[N-])[C@@H](C)O7,Dichloromethane,ClCCl,1,N-Iodosuccinimide,O=C1N(I)C(=O)CC1,1,25.0,1,60.0,1,a,0,Cc1ccc(S[C@H]2O[C@H](C)[C@@H](OCCCCCN(Cc3ccccc3)C(=O)OCc3ccccc3)[C@H](OC(=O)c3ccccc3)[C@@H]2OC(=O)c2ccccc2)cc1,CO[C@H]1O[C@H](C)[C@@H](N=[N+]=[N-])[C@H](OCc2ccccc2)[C@@H]1O[C@H]1O[C@H](C)[C@@H](N=[N+]=[N-])[C@H](OCc2ccccc2)[C@@H]1O[C@H]1O[C@H](C)[C@@H](N=[N+]=[N-])[C@H](OCc2ccccc2)[C@@H]1O[C@H]1O[C@H](C)[C@@H](N=[N+]=[N-])[C@H](OCc2ccccc2)[C@@H]1O[C@H]1O[C@H](C)[C@@H](N=[N+]=[N-])[C@H](OCc2ccccc2)[C@@H]1O[C@H]1O[C@H](C)[C@@H](N=[N+]=[N-])[C@H](OCc2ccccc2)[C@@H]1O,C8A48EB6
264,"Carbohydrate Research (2017), 452, 47-53",期刊,2017,31-013-CAS-18395672,O(C(C)=O)[C@@H]1[C@@H](OC(C)=O)[C@H](SC2=CC=CC=C2)O[C@H](COCC3=CC=CC=C3)[C@@H]1OC(C)=O,thioglycoside,S([C@H]1[C@H](NC(OCC(Cl)(Cl)Cl)=O)[C@@H](O)[C@H](O)[C@@H](COCC2=CC=CC=C2)O1)C3=CC=CC=C3,Dichloromethane,ClCCl,1,Trifluoromethanesulfonic anhydride,O=S(=O)(OS(=O)(=O)C(F)(F)F)C(F)(F)F,1,25.0,1,30.0,1,b,1,CC(=O)O[C@H]1[C@@H](OC(C)=O)[C@@H](COCc2ccccc2)O[C@@H](Sc2ccccc2)[C@@H]1OC(C)=O,O=C(N[C@@H]1[C@@H](O)[C@H](O)[C@@H](COCc2ccccc2)O[C@H]1Sc1ccccc1)OCC(Cl)(Cl)Cl,ECFF4217
265,"Nature Chemical Biology (2019), 15(7), 699-709",期刊,2019,31-013-CAS-23879287,[Si](OC[C@@H]1[C@@H](OCC2=CC3=C(C=C2)C=CC=C3)[C@H](OCC4=CC=C(Br)C=C4)[C@@H](N=[N+]=[N-])[C@@H](O[C@H]5[C@H](OCC6=CC=CC=C6)[C@@H](OC(=O)C7=CC=CC=C7)[C@H](SC8=CC=C(C)C=C8)O[C@H]5COC(C)=O)O1)(C(C)(C)C)(C9=CC=CC=C9)C%10=CC=CC=C%10,thioglycoside,[Si](OC[C@H]1O[C@H](O[C@H]2[C@H](OCC3=CC=CC=C3)[C@@H](OC(=O)C4=CC=CC=C4)[C@@]5(O[C@]2(CO5)[H])[H])[C@H](N=[N+]=[N-])[C@@H](OCC6=CC=C(Br)C=C6)[C@@H]1O)(C(C)(C)C)(C7=CC=CC=C7)C8=CC=CC=C8,Dichloromethane,ClCCl,1,Trifluoromethanesulfonic acid,O=S(=O)(O)C(F)(F)F,1,25.0,1,60.0,1,b,1,CC(=O)OC[C@@H]1O[C@@H](Sc2ccc(C)cc2)[C@H](OC(=O)c2ccccc2)[C@@H](OCc2ccccc2)[C@@H]1O[C@H]1O[C@H](CO[Si](c2ccccc2)(c2ccccc2)C(C)(C)C)[C@@H](OCc2ccc3ccccc3c2)[C@H](OCc2ccc(Br)cc2)[C@H]1N=[N+]=[N-],CC(C)(C)[Si](OC[C@H]1O[C@H](O[C@H]2[C@H](OCc3ccccc3)[C@@H](OC(=O)c3ccccc3)[C@H]3OC[C@@H]2O3)[C@H](N=[N+]=[N-])[C@@H](OCc2ccc(Br)cc2)[C@@H]1O)(c1ccccc1)c1ccccc1,446D8617
266,"Japan, JP2022127918 A 2022-09-01",专利,2022,31-614-CAS-34336263,[Si](OC[C@@H]1[C@@H](OCC2=CC3=C(C=C2)C=CC=C3)[C@H](OCC4=CC=C(Br)C=C4)[C@@H](N=[N+]=[N-])[C@@H](O[C@H]5[C@H](OCC6=CC=CC=C6)[C@@H](OC(=O)C7=CC=CC=C7)[C@H](SC8=CC=C(C)C=C8)O[C@H]5COC(C)=O)O1)(C(C)(C)C)(C9=CC=CC=C9)C%10=CC=CC=C%10,thioglycoside,[Si](OC[C@H]1O[C@H](O[C@H]2[C@H](OCC3=CC=CC=C3)[C@@H](OC(=O)C4=CC=CC=C4)[C@@]5(O[C@]2(CO5)[H])[H])[C@H](N=[N+]=[N-])[C@@H](OCC6=CC=C(Br)C=C6)[C@@H]1O)(C(C)(C)C)(C7=CC=CC=C7)C8=CC=CC=C8,Dichloromethane,ClCCl,1,Trifluoromethanesulfonic acid,O=S(=O)(O)C(F)(F)F,1,60.0,1,240.0,1,a,0,CC(=O)OC[C@@H]1O[C@@H](Sc2ccc(C)cc2)[C@H](OC(=O)c2ccccc2)[C@@H](OCc2ccccc2)[C@@H]1O[C@H]1O[C@H](CO[Si](c2ccccc2)(c2ccccc2)C(C)(C)C)[C@@H](OCc2ccc3ccccc3c2)[C@H](OCc2ccc(Br)cc2)[C@H]1N=[N+]=[N-],CC(C)(C)[Si](OC[C@H]1O[C@H](O[C@H]2[C@H](OCc3ccccc3)[C@@H](OC(=O)c3ccccc3)[C@H]3OC[C@@H]2O3)[C@H](N=[N+]=[N-])[C@@H](OCc2ccc(Br)cc2)[C@@H]1O)(c1ccccc1)c1ccccc1,446D8617
267,"United States, US11332490 B1 2022-05-17",专利,2022,31-614-CAS-32458039,[Si](OC[C@@H]1[C@@H](OCC2=CC3=C(C=C2)C=CC=C3)[C@H](OCC4=CC=C(Br)C=C4)[C@@H](N=[N+]=[N-])[C@@H](O[C@H]5[C@H](OCC6=CC=CC=C6)[C@@H](OC(=O)C7=CC=CC=C7)[C@H](SC8=CC=C(C)C=C8)O[C@H]5COC(C)=O)O1)(C(C)(C)C)(C9=CC=CC=C9)C%10=CC=CC=C%10,thioglycoside,[Si](OC[C@H]1O[C@H](O[C@H]2[C@H](OCC3=CC=CC=C3)[C@@H](OC(=O)C4=CC=CC=C4)[C@@]5(O[C@]2(CO5)[H])[H])[C@H](N=[N+]=[N-])[C@@H](OCC6=CC=C(Br)C=C6)[C@@H]1O)(C(C)(C)C)(C7=CC=CC=C7)C8=CC=CC=C8,Dichloromethane,ClCCl,1,Trifluoromethanesulfonic acid,O=S(=O)(O)C(F)(F)F,1,60.0,1,240.0,1,a,0,CC(=O)OC[C@@H]1O[C@@H](Sc2ccc(C)cc2)[C@H](OC(=O)c2ccccc2)[C@@H](OCc2ccccc2)[C@@H]1O[C@H]1O[C@H](CO[Si](c2ccccc2)(c2ccccc2)C(C)(C)C)[C@@H](OCc2ccc3ccccc3c2)[C@H](OCc2ccc(Br)cc2)[C@H]1N=[N+]=[N-],CC(C)(C)[Si](OC[C@H]1O[C@H](O[C@H]2[C@H](OCc3ccccc3)[C@@H](OC(=O)c3ccccc3)[C@H]3OC[C@@H]2O3)[C@H](N=[N+]=[N-])[C@@H](OCc2ccc(Br)cc2)[C@@H]1O)(c1ccccc1)c1ccccc1,446D8617
268,"Journal of the American Chemical Society (2020), 142(11), 5282-5292",期刊,2020,31-614-CAS-37588026,[Si](OC[C@@H]1[C@@H](OCC2=CC3=C(C=C2)C=CC=C3)[C@H](OCC4=CC=C(Br)C=C4)[C@@H](N=[N+]=[N-])[C@@H](O[C@H]5[C@H](OCC6=CC=CC=C6)[C@@H](OC(=O)C7=CC=CC=C7)[C@H](SC8=CC=C(C)C=C8)O[C@H]5COC(C)=O)O1)(C(C)(C)C)(C9=CC=CC=C9)C%10=CC=CC=C%10,thioglycoside,[Si](OC[C@H]1O[C@H](O[C@H]2[C@H](OCC3=CC=CC=C3)[C@@H](OC(=O)C4=CC=CC=C4)[C@@]5(O[C@]2(CO5)[H])[H])[C@H](N=[N+]=[N-])[C@@H](OCC6=CC=C(Br)C=C6)[C@@H]1O)(C(C)(C)C)(C7=CC=CC=C7)C8=CC=CC=C8,Dichloromethane,ClCCl,1,Trifluoromethanesulfonic acid,O=S(=O)(O)C(F)(F)F,1,-60.0,1,240.0,1,a,0,CC(=O)OC[C@@H]1O[C@@H](Sc2ccc(C)cc2)[C@H](OC(=O)c2ccccc2)[C@@H](OCc2ccccc2)[C@@H]1O[C@H]1O[C@H](CO[Si](c2ccccc2)(c2ccccc2)C(C)(C)C)[C@@H](OCc2ccc3ccccc3c2)[C@H](OCc2ccc(Br)cc2)[C@H]1N=[N+]=[N-],CC(C)(C)[Si](OC[C@H]1O[C@H](O[C@H]2[C@H](OCc3ccccc3)[C@@H](OC(=O)c3ccccc3)[C@H]3OC[C@@H]2O3)[C@H](N=[N+]=[N-])[C@@H](OCc2ccc(Br)cc2)[C@@H]1O)(c1ccccc1)c1ccccc1,446D8617
269,"Nature Chemistry (2011), 3(7), 557-563",期刊,2011,31-013-CAS-17391920,O([C@H]1[C@H](OC(=O)C2=CC=CC=C2)[C@@H](N=[N+]=[N-])[C@@H](O[C@H]3[C@H](OCC4=CC=CC=C4)[C@@H](OC(=O)C5=CC=CC=C5)[C@H](SC6=CC=C(C)C=C6)O[C@H]3COC(C)=O)O[C@@H]1CO[Si](C(C)(C)C)(C7=CC=CC=C7)C8=CC=CC=C8)[C@H]9[C@H](OC(=O)C%10=CC=CC=C%10)[C@@H](OCC%11=CC=CC=C%11)[C@H](O[C@@H]%12[C@H](N=[N+]=[N-])[C@@H](OCC%13=CC=C(Br)C=C%13)[C@H](O[C@H]%14[C@H](OC(=O)C%15=CC=CC=C%15)[C@@H](OCC%16=CC=CC=C%16)[C@H](O[C@@H]%17[C@H](N=[N+]=[N-])[C@@H](OCC%18=CC=C(Br)C=C%18)[C@H](OCC%19=CC%20=C(C=C%19)C=CC=C%20)[C@@H](CO[Si](C(C)(C)C)(C%21=CC=CC=C%21)C%22=CC=CC=C%22)O%17)[C@H](COC(C)=O)O%14)[C@@H](CO[Si](C(C)(C)C)(C%23=CC=CC=C%23)C%24=CC=CC=C%24)O%12)[C@H](COC(C)=O)O9,thioglycoside,[Si](OC[C@@H]1[C@@H](O)[C@H](OCC2=CC=CC=C2)[C@@H](N=[N+]=[N-])[C@@H](OC)O1)(C(C)(C)C)(C3=CC=CC=C3)C4=CC=CC=C4,Dichloromethane,ClCCl,1,Triethylamine,N(CC)(CC)CC,1,-78.0,1,240.0,1,a,0,CC(=O)OC[C@@H]1O[C@@H](Sc2ccc(C)cc2)[C@H](OC(=O)c2ccccc2)[C@@H](OCc2ccccc2)[C@@H]1O[C@H]1O[C@H](CO[Si](c2ccccc2)(c2ccccc2)C(C)(C)C)[C@@H](O[C@@H]2O[C@@H](COC(C)=O)[C@@H](O[C@H]3O[C@H](CO[Si](c4ccccc4)(c4ccccc4)C(C)(C)C)[C@@H](O[C@@H]4O[C@@H](COC(C)=O)[C@@H](O[C@H]5O[C@H](CO[Si](c6ccccc6)(c6ccccc6)C(C)(C)C)[C@@H](OCc6ccc7ccccc7c6)[C@H](OCc6ccc(Br)cc6)[C@H]5N=[N+]=[N-])[C@H](OCc5ccccc5)[C@H]4OC(=O)c4ccccc4)[C@H](OCc4ccc(Br)cc4)[C@H]3N=[N+]=[N-])[C@H](OCc3ccccc3)[C@H]2OC(=O)c2ccccc2)[C@H](OC(=O)c2ccccc2)[C@H]1N=[N+]=[N-],CO[C@H]1O[C@H](CO[Si](c2ccccc2)(c2ccccc2)C(C)(C)C)[C@@H](O)[C@H](OCc2ccccc2)[C@H]1N=[N+]=[N-],ED5B705F
270,"Organic & Biomolecular Chemistry (2014), 12(13), 2087-2098",期刊,2014,31-013-CAS-12414632,C(OC(O[C@H]1[C@H](OCC2=CC=CC=C2)[C@@H](OC(CCC(C)=O)=O)[C@H](SC3=CC=CC=C3)O[C@H]1C(OC)=O)=O)C4C=5C(C=6C4=CC=CC6)=CC=CC5,thioglycoside,N(=[N+]=[N-])[C@@H]1[C@@H](OCC2=CC=CC=C2)[C@H](O)[C@@H](COC(CCC(C)=O)=O)O[C@@H]1OCCCCCN(CC3=CC=CC=C3)C(OCC4=CC=CC=C4)=O,Dichloromethane,ClCCl,1,Triethylamine,N(CC)(CC)CC,1,25.0,1,60.0,1,a,0,COC(=O)[C@@H]1O[C@@H](Sc2ccccc2)[C@H](OC(=O)CCC(C)=O)[C@@H](OCc2ccccc2)[C@@H]1OC(=O)OCC1c2ccccc2-c2ccccc21,CC(=O)CCC(=O)OC[C@H]1O[C@H](OCCCCCN(Cc2ccccc2)C(=O)OCc2ccccc2)[C@H](N=[N+]=[N-])[C@@H](OCc2ccccc2)[C@@H]1O,66E54A6A
271,"Organic Letters (2018), 20(2), 353-356",期刊,2018,31-013-CAS-18334609,O(CC1=CC=CC=C1)[C@@H]2[C@@H](OCC3=CC=CC=C3)[C@H](SC4=CC=C(C)C=C4)O[C@H](COC(CCC(C)=O)=O)[C@H]2OCC5=CC=CC=C5,thioglycoside,[Si](OC1=CC=C(O[C@@H]2[C@H](N=[N+]=[N-])[C@@H](O[C@H]3[C@H](OC(=O)C4=CC=CC=C4)[C@@H](OC(=O)C5=CC=CC=C5)[C@H](OC(=O)C6=CC=CC=C6)[C@@H](COC(OCC7C=8C(C=9C7=CC=CC9)=CC=CC8)=O)O3)[C@@H](O)[C@@H](COCC%10=CC=CC=C%10)O2)C=C1)(C(C)(C)C)(C%11=CC=CC=C%11)C%12=CC=CC=C%12,Dichloromethane;Diethyl ether,ClCCl;O(CC)CC,1,N-Iodosuccinimide,O=C1N(I)C(=O)CC1,1,25.0,1,30.0,1,a,0,CC(=O)CCC(=O)OC[C@H]1O[C@@H](Sc2ccc(C)cc2)[C@H](OCc2ccccc2)[C@@H](OCc2ccccc2)[C@@H]1OCc1ccccc1,CC(C)(C)[Si](Oc1ccc(O[C@H]2O[C@H](COCc3ccccc3)[C@H](O)[C@H](O[C@@H]3O[C@H](COC(=O)OCC4c5ccccc5-c5ccccc54)[C@@H](OC(=O)c4ccccc4)[C@H](OC(=O)c4ccccc4)[C@H]3OC(=O)c3ccccc3)[C@H]2N=[N+]=[N-])cc1)(c1ccccc1)c1ccccc1,E9BAD59C
272,"Angewandte Chemie, International Edition (2014), 53(37), 9876-9879",期刊,2014,31-013-CAS-7584459,[Si](OC[C@@H]1[C@@H](OCC2=CC3=C(C=C2)C=CC=C3)[C@H](OCC4=CC=C(Br)C=C4)[C@@H](N=[N+]=[N-])[C@@H](O[C@H]5[C@H](OCC6=CC=CC=C6)[C@@H](OC(=O)C7=CC=CC=C7)[C@H](SC8=CC=C(C)C=C8)O[C@@H]5COCC9=CC=CC=C9)O1)(C(C)(C)C)(C%10=CC=CC=C%10)C%11=CC=CC=C%11,thioglycoside,[Si](OC[C@H]1O[C@H](O[C@H]2[C@H](OCC3=CC=CC=C3)[C@@H](OC(CCC(C)=O)=O)[C@@]4(O[C@]2(CO4)[H])[H])[C@H](N=[N+]=[N-])[C@@H](OC(CCC(C)=O)=O)[C@@H]1O)(C(C)(C)C)(C5=CC=CC=C5)C6=CC=CC=C6,Dichloromethane,ClCCl,1,Trifluoromethanesulfonic acid,O=S(=O)(O)C(F)(F)F,1,25.0,1,60.0,1,b,1,Cc1ccc(S[C@@H]2O[C@H](COCc3ccccc3)[C@@H](O[C@H]3O[C@H](CO[Si](c4ccccc4)(c4ccccc4)C(C)(C)C)[C@@H](OCc4ccc5ccccc5c4)[C@H](OCc4ccc(Br)cc4)[C@H]3N=[N+]=[N-])[C@H](OCc3ccccc3)[C@H]2OC(=O)c2ccccc2)cc1,CC(=O)CCC(=O)O[C@H]1[C@H](O)[C@@H](CO[Si](c2ccccc2)(c2ccccc2)C(C)(C)C)O[C@H](O[C@H]2[C@H](OCc3ccccc3)[C@@H](OC(=O)CCC(C)=O)[C@H]3OC[C@@H]2O3)[C@@H]1N=[N+]=[N-],1156517A
273,"World Intellectual Property Organization, WO2013184564 A1 2013-12-12",专利,2013,31-013-CAS-1058357,[Si](OC[C@@H]1[C@@H](OCC2=CC3=C(C=C2)C=CC=C3)[C@H](OCC4=CC=C(Br)C=C4)[C@@H](N=[N+]=[N-])[C@@H](O[C@H]5[C@H](OCC6=CC=CC=C6)[C@@H](OC(=O)C7=CC=CC=C7)[C@H](SC8=CC=C(C)C=C8)O[C@@H]5COCC9=CC=CC=C9)O1)(C(C)(C)C)(C%10=CC=CC=C%10)C%11=CC=CC=C%11,thioglycoside,[Si](OC[C@H]1O[C@H](O[C@H]2[C@H](OCC3=CC=CC=C3)[C@@H](OC(CCC(C)=O)=O)[C@@]4(O[C@]2(CO4)[H])[H])[C@H](N=[N+]=[N-])[C@@H](OC(CCC(C)=O)=O)[C@@H]1O)(C(C)(C)C)(C5=CC=CC=C5)C6=CC=CC=C6,Dichloromethane,ClCCl,1,Triethylamine,N(CC)(CC)CC,1,25.0,1,60.0,1,b,1,Cc1ccc(S[C@@H]2O[C@H](COCc3ccccc3)[C@@H](O[C@H]3O[C@H](CO[Si](c4ccccc4)(c4ccccc4)C(C)(C)C)[C@@H](OCc4ccc5ccccc5c4)[C@H](OCc4ccc(Br)cc4)[C@H]3N=[N+]=[N-])[C@H](OCc3ccccc3)[C@H]2OC(=O)c2ccccc2)cc1,CC(=O)CCC(=O)O[C@H]1[C@H](O)[C@@H](CO[Si](c2ccccc2)(c2ccccc2)C(C)(C)C)O[C@H](O[C@H]2[C@H](OCc3ccccc3)[C@@H](OC(=O)CCC(C)=O)[C@H]3OC[C@@H]2O3)[C@@H]1N=[N+]=[N-],1156517A
274,"Helvetica Chimica Acta (2006), 89(11), 2591-2610",期刊,2006,31-301-CAS-2505839,O(C(=O)C1=CC=CC=C1)[C@@H]2[C@@H](OC(=O)C3=CC=CC=C3)[C@H](S(=O)C4=CC=CC=C4)O[C@H](C(OC)=O)[C@H]2OC(CCC(C)=O)=O,thioglycoside,N(C(C)=O)(C(C)=O)[C@@H]1[C@@H](OCC2=CC=CC=C2)[C@H](O)[C@@H](COCC3=CC=CC=C3)O[C@@H]1OCCCC=C,Dichloromethane,ClCCl,1,Trifluoromethanesulfonic anhydride,O=S(=O)(OS(=O)(=O)C(F)(F)F)C(F)(F)F,1,25.0,1,30.0,1,b,1,COC(=O)[C@H]1O[C@@H](S(=O)c2ccccc2)[C@H](OC(=O)c2ccccc2)[C@@H](OC(=O)c2ccccc2)[C@@H]1OC(=O)CCC(C)=O,C=CCCCO[C@H]1O[C@H](COCc2ccccc2)[C@@H](O)[C@H](OCc2ccccc2)[C@H]1N(C(C)=O)C(C)=O,E05725D5
275,"Helvetica Chimica Acta (2006), 89(11), 2591-2610",期刊,2006,31-013-CAS-6767602,O(C(=O)C1=CC=CC=C1)[C@@H]2[C@@H](OC(=O)C3=CC=CC=C3)[C@H](SC4=CC=CC=C4)O[C@H](C(OC)=O)[C@H]2OC(CCC(C)=O)=O,thioglycoside,N(C(C)=O)(C(C)=O)[C@@H]1[C@@H](OCC2=CC=CC=C2)[C@H](O)[C@@H](COCC3=CC=CC=C3)O[C@@H]1OCCCC=C,,,0,Methyl triflate,O=S(=O)(OC)C(F)(F)F,1,25.0,1,,0,b,1,COC(=O)[C@H]1O[C@@H](Sc2ccccc2)[C@H](OC(=O)c2ccccc2)[C@@H](OC(=O)c2ccccc2)[C@@H]1OC(=O)CCC(C)=O,C=CCCCO[C@H]1O[C@H](COCc2ccccc2)[C@@H](O)[C@H](OCc2ccccc2)[C@H]1N(C(C)=O)C(C)=O,EA90B719
276,"Chemistry - An Asian Journal (2019), 14(1), 223-234",期刊,2019,31-013-CAS-19796368,O(C(=O)C1=CC=CC=C1)[C@@H]2[C@@H](OC(=O)C3=CC=CC=C3)[C@H](SC4=CC=CC=C4)O[C@]5([C@@]2(O[C@H](OC5)C6=CC=CC=C6)[H])[H],thioglycoside,[Si](OC[C@H]1O[C@H](OCC2=CC=CC=C2)[C@H](NC(C)=O)[C@@H](O)[C@@H]1O)(C(C)(C)C)(C3=CC=CC=C3)C4=CC=CC=C4,,,0,Trifluoromethanesulfonic acid,O=S(=O)(O)C(F)(F)F,1,-50.0,1,,0,b,1,O=C(O[C@H]1[C@H]2O[C@@H](c3ccccc3)OC[C@H]2O[C@@H](Sc2ccccc2)[C@@H]1OC(=O)c1ccccc1)c1ccccc1,CC(=O)N[C@H]1[C@@H](OCc2ccccc2)O[C@H](CO[Si](c2ccccc2)(c2ccccc2)C(C)(C)C)[C@@H](O)[C@@H]1O,6A949415
277,"Carbohydrate Research (2015), 414, 1-7",期刊,2015,31-013-CAS-5703022,O(C(=O)C1=CC=CC=C1)[C@@H]2[C@@H](OC(=O)C3=CC=CC=C3)[C@H](SC4=CC=CC=C4)O[C@]5([C@@]2(O[C@H](OC5)C6=CC=CC=C6)[H])[H],thioglycoside,[Si](OC[C@H]1O[C@H](OCC2=CC=CC=C2)[C@H](NC(C)=O)[C@@H](O)[C@@H]1O)(C(C)(C)C)(C3=CC=CC=C3)C4=CC=CC=C4,Dichloromethane,ClCCl,1,Sodium bicarbonate,[Na].O=C(O)O,1,25.0,1,30.0,1,b,1,O=C(O[C@H]1[C@H]2O[C@@H](c3ccccc3)OC[C@H]2O[C@@H](Sc2ccccc2)[C@@H]1OC(=O)c1ccccc1)c1ccccc1,CC(=O)N[C@H]1[C@@H](OCc2ccccc2)O[C@H](CO[Si](c2ccccc2)(c2ccccc2)C(C)(C)C)[C@@H](O)[C@@H]1O,6A949415
278,"Carbohydrate Research (2013), 380, 167-173",期刊,2013,31-013-CAS-12459743,O([Si](C(C)(C)C)(C)C)[C@@H]1[C@@H](O[Si](C(C)(C)C)(C)C)[C@H](SC2=CC=C(C)C=C2)O[C@H](COCC3=CC=CC=C3)[C@H]1O[Si](C(C)(C)C)(C)C,thioglycoside,O(C)[C@@H]1[C@@H]([C@H](O)[C@H](O)[C@@H](COCC2=CC=CC=C2)O1)N3C(=O)C(C)=C(C)C3=O,Dichloromethane,ClCCl,1,Trifluoromethanesulfonic acid,O=S(=O)(O)C(F)(F)F,1,25.0,1,30.0,1,b,1,Cc1ccc(S[C@@H]2O[C@H](COCc3ccccc3)[C@@H](O[Si](C)(C)C(C)(C)C)[C@H](O[Si](C)(C)C(C)(C)C)[C@H]2O[Si](C)(C)C(C)(C)C)cc1,CO[C@H]1O[C@H](COCc2ccccc2)[C@@H](O)[C@@H](O)[C@H]1N1C(=O)C(C)=C(C)C1=O,4B59F1B7
279,"Carbohydrate Research (2013), 380, 167-173",期刊,2013,31-013-CAS-11609556,O([Si](C(C)(C)C)(C)C)[C@@H]1[C@@H](O[Si](C(C)(C)C)(C)C)[C@H](SC2=CC=C(C)C=C2)O[C@H](COCC3=CC=CC=C3)[C@H]1O[Si](C(C)(C)C)(C)C,thioglycoside,O(C)[C@H]1[C@@H]([C@H](O)[C@H](O)[C@@H](COCC2=CC=CC=C2)O1)N3C(=O)C(C)=C(C)C3=O,Dichloromethane,ClCCl,1,Trifluoromethanesulfonic acid,O=S(=O)(O)C(F)(F)F,1,25.0,1,30.0,1,b,1,Cc1ccc(S[C@@H]2O[C@H](COCc3ccccc3)[C@@H](O[Si](C)(C)C(C)(C)C)[C@H](O[Si](C)(C)C(C)(C)C)[C@H]2O[Si](C)(C)C(C)(C)C)cc1,CO[C@@H]1O[C@H](COCc2ccccc2)[C@@H](O)[C@@H](O)[C@H]1N1C(=O)C(C)=C(C)C1=O,97EFDE28
280,"Journal of Medicinal Chemistry (2025), 68(3), 3356-3372",期刊,2025,31-614-CAS-44130786,O(CC1=CC=CC=C1)[C@H]2[C@]3([C@](O[C@@H](SCC)[C@@H]2OC(C)=O)(CO[C@H](O3)C4=CC=CC=C4)[H])[H],thioglycoside,C(OC)(=O)[C@]12[C@](C=3[C@@](C)(CC1)[C@@]4(C)[C@](CC3)([C@]5(C)[C@@](CC4)(C(C)(C)[C@@H](O[C@H]6[C@H](N=[N+]=[N-])[C@@H](OCC7=CC=CC=C7)[C@H](O)[C@@H](COCC8=CC=C(OC)C=C8)O6)CC5)[H])[H])(CC(C)(C)CC2)[H],Dichloromethane,ClCCl,1,Triethylamine,N(CC)(CC)CC,1,25.0,1,60.0,1,b,1,CCS[C@@H]1O[C@@H]2CO[C@@H](c3ccccc3)O[C@H]2[C@H](OCc2ccccc2)[C@H]1OC(C)=O,COC(=O)[C@]12CCC(C)(C)C[C@H]1C1=CC[C@@H]3[C@@]4(C)CC[C@H](O[C@@H]5O[C@H](COCc6ccc(OC)cc6)[C@@H](O)[C@H](OCc6ccccc6)[C@H]5N=[N+]=[N-])C(C)(C)[C@@H]4CC[C@@]3(C)[C@]1(C)CC2,EA356C5D
281,"Tetrahedron (2002), 58(21), 4245-4254",期刊,2002,31-013-CAS-12418488,O(C(C)=O)[C@H]1[C@@H](OC(C)=O)[C@@H](COCC=C)O[C@@H](SCC)[C@@H]1OC(C)=O,thioglycoside,C[C@@]12[C@]3(O[C@@]4([C@](O3)([C@H](OCC5=CC=CC=C5)[C@@H](OCC6=CC=CC=C6)[C@H](OCC7=CC=CC=C7)[C@H]4O[C@@H]8[C@H](N=[N+]=[N-])[C@@H](OCC9=CC=CC=C9)[C@H](O)[C@@H](COCC%10=CC=CC=C%10)O8)[H])[H])C[C@@](C1(C)C)(CC2)[H],Dichloromethane;Diethyl ether,ClCCl;O(CC)CC,1,Trifluoromethanesulfonic acid,O=S(=O)(O)C(F)(F)F,1,,0,,0,b,1,C=CCOC[C@H]1O[C@@H](SCC)[C@H](OC(C)=O)[C@@H](OC(C)=O)[C@H]1OC(C)=O,CC1(C)[C@H]2CC[C@]1(C)[C@]1(C2)O[C@@H]2[C@H](OCc3ccccc3)[C@@H](OCc3ccccc3)[C@H](OCc3ccccc3)[C@@H](O[C@H]3O[C@H](COCc4ccccc4)[C@@H](O)[C@H](OCc4ccccc4)[C@H]3N=[N+]=[N-])[C@@H]2O1,C695C9EB
282,"Angewandte Chemie, International Edition (2014), 53(37), 9876-9879",期刊,2014,31-614-CAS-30873545,[Si](OC[C@@H]1[C@@H](O[C@H]2[C@H](OC(=O)C3=CC=CC=C3)[C@@H](OCC4=CC=CC=C4)[C@H](O[C@@H]5[C@H](N=[N+]=[N-])[C@@H](OCC6=CC=C(Br)C=C6)[C@H](OCC7=CC8=C(C=C7)C=CC=C8)[C@@H](CO[Si](C(C)(C)C)(C9=CC=CC=C9)C%10=CC=CC=C%10)O5)[C@@H](COC(C)=O)O2)[C@H](OC(CCC(C)=O)=O)[C@@H](N=[N+]=[N-])[C@@H](O[C@H]%11[C@H](OCC%12=CC=CC=C%12)[C@@H](OC(CCC(C)=O)=O)[C@H](SC%13=CC=C(C)C=C%13)O[C@H]%11COC(C)=O)O1)(C(C)(C)C)(C%14=CC=CC=C%14)C%15=CC=CC=C%15,thioglycoside,[Si](OC[C@@H]1[C@@H](O)[C@H](OCC2=CC=C(Br)C=C2)[C@@H](N=[N+]=[N-])[C@@H](OC)O1)(C(C)(C)C)(C3=CC=CC=C3)C4=CC=CC=C4,Dichloromethane,ClCCl,1,Trifluoromethanesulfonic acid,O=S(=O)(O)C(F)(F)F,1,25.0,1,60.0,1,a,0,CC(=O)CCC(=O)O[C@@H]1[C@@H](N=[N+]=[N-])[C@@H](O[C@H]2[C@H](OCc3ccccc3)[C@@H](OC(=O)CCC(C)=O)[C@H](Sc3ccc(C)cc3)O[C@H]2COC(C)=O)O[C@H](CO[Si](c2ccccc2)(c2ccccc2)C(C)(C)C)[C@H]1O[C@@H]1O[C@H](COC(C)=O)[C@@H](O[C@H]2O[C@H](CO[Si](c3ccccc3)(c3ccccc3)C(C)(C)C)[C@@H](OCc3ccc4ccccc4c3)[C@H](OCc3ccc(Br)cc3)[C@H]2N=[N+]=[N-])[C@H](OCc2ccccc2)[C@H]1OC(=O)c1ccccc1,CO[C@H]1O[C@H](CO[Si](c2ccccc2)(c2ccccc2)C(C)(C)C)[C@@H](O)[C@H](OCc2ccc(Br)cc2)[C@H]1N=[N+]=[N-],6539AB3E
283,"World Intellectual Property Organization, WO2013184564 A1 2013-12-12",专利,2013,31-614-CAS-28412006,[Si](OC[C@@H]1[C@@H](O[C@H]2[C@H](OC(=O)C3=CC=CC=C3)[C@@H](OCC4=CC=CC=C4)[C@H](O[C@@H]5[C@H](N=[N+]=[N-])[C@@H](OCC6=CC=C(Br)C=C6)[C@H](OCC7=CC8=C(C=C7)C=CC=C8)[C@@H](CO[Si](C(C)(C)C)(C9=CC=CC=C9)C%10=CC=CC=C%10)O5)[C@@H](COC(C)=O)O2)[C@H](OC(CCC(C)=O)=O)[C@@H](N=[N+]=[N-])[C@@H](O[C@H]%11[C@H](OCC%12=CC=CC=C%12)[C@@H](OC(CCC(C)=O)=O)[C@H](SC%13=CC=C(C)C=C%13)O[C@H]%11COC(C)=O)O1)(C(C)(C)C)(C%14=CC=CC=C%14)C%15=CC=CC=C%15,thioglycoside,[Si](OC[C@@H]1[C@@H](O)[C@H](OCC2=CC=C(Br)C=C2)[C@@H](N=[N+]=[N-])[C@@H](OC)O1)(C(C)(C)C)(C3=CC=CC=C3)C4=CC=CC=C4,Dichloromethane,ClCCl,1,Triethylamine,N(CC)(CC)CC,1,25.0,1,60.0,1,a,0,CC(=O)CCC(=O)O[C@@H]1[C@@H](N=[N+]=[N-])[C@@H](O[C@H]2[C@H](OCc3ccccc3)[C@@H](OC(=O)CCC(C)=O)[C@H](Sc3ccc(C)cc3)O[C@H]2COC(C)=O)O[C@H](CO[Si](c2ccccc2)(c2ccccc2)C(C)(C)C)[C@H]1O[C@@H]1O[C@H](COC(C)=O)[C@@H](O[C@H]2O[C@H](CO[Si](c3ccccc3)(c3ccccc3)C(C)(C)C)[C@@H](OCc3ccc4ccccc4c3)[C@H](OCc3ccc(Br)cc3)[C@H]2N=[N+]=[N-])[C@H](OCc2ccccc2)[C@H]1OC(=O)c1ccccc1,CO[C@H]1O[C@H](CO[Si](c2ccccc2)(c2ccccc2)C(C)(C)C)[C@@H](O)[C@H](OCc2ccc(Br)cc2)[C@H]1N=[N+]=[N-],6539AB3E
284,"Bioorganic & Medicinal Chemistry (2009), 17(4), 1514-1526",期刊,2009,31-013-CAS-8233740,O(CC1=CC=CC=C1)[C@H]2[C@H](OCC3=CC=CC=C3)[C@@H](SCC)O[C@@H](C)[C@H]2OCC4=CC=CC=C4,thioglycoside,O([C@H]1[C@@H](OC(=O)C2=CC=CC=C2)[C@@H](COC(=O)C3=CC=CC=C3)O[C@@H](OC)[C@@H]1OC(=O)C4=CC=CC=C4)[C@H]5[C@H](NC(OCC(Cl)(Cl)Cl)=O)[C@@H](OC(C)=O)[C@H](O)[C@@H](COCC6=CC=CC=C6)O5,Diethyl ether,O(CC)CC,1,Methyl triflate,O=S(=O)(OC)C(F)(F)F,1,25.0,1,60.0,1,a,0,CCS[C@H]1O[C@@H](C)[C@@H](OCc2ccccc2)[C@@H](OCc2ccccc2)[C@@H]1OCc1ccccc1,CO[C@@H]1O[C@H](COC(=O)c2ccccc2)[C@H](OC(=O)c2ccccc2)[C@H](O[C@@H]2O[C@H](COCc3ccccc3)[C@@H](O)[C@H](OC(C)=O)[C@H]2NC(=O)OCC(Cl)(Cl)Cl)[C@H]1OC(=O)c1ccccc1,8E9CB35D
285,"Bioorganic & Medicinal Chemistry (2009), 17(4), 1514-1526",期刊,2009,31-013-CAS-10361105,O(CC1=CC=CC=C1)[C@H]2[C@H](OCC3=CC=CC=C3)[C@H](SCC)O[C@@H](C)[C@H]2OCC4=CC=CC=C4,thioglycoside,O([C@H]1[C@@H](OC(=O)C2=CC=CC=C2)[C@@H](COC(=O)C3=CC=CC=C3)O[C@@H](OC)[C@@H]1OC(=O)C4=CC=CC=C4)[C@H]5[C@H](NC(OCC(Cl)(Cl)Cl)=O)[C@@H](OC(C)=O)[C@H](O)[C@@H](COCC6=CC=CC=C6)O5,Diethyl ether,O(CC)CC,1,Methyl triflate,O=S(=O)(OC)C(F)(F)F,1,25.0,1,60.0,1,a,0,CCS[C@@H]1O[C@@H](C)[C@@H](OCc2ccccc2)[C@@H](OCc2ccccc2)[C@@H]1OCc1ccccc1,CO[C@@H]1O[C@H](COC(=O)c2ccccc2)[C@H](OC(=O)c2ccccc2)[C@H](O[C@@H]2O[C@H](COCc3ccccc3)[C@@H](O)[C@H](OC(C)=O)[C@H]2NC(=O)OCC(Cl)(Cl)Cl)[C@H]1OC(=O)c1ccccc1,ADC56313
286,"Journal of Organic Chemistry (2005), 70(16), 6265-6273",期刊,2005,31-013-CAS-9419983,O(CC1=CC=CC=C1)[C@H]2[C@@H](OCC3=CC=CC=C3)[C@@H](SCC)O[C@@H](C)[C@@H]2OCC4=CC=CC=C4,thioglycoside,O([C@H]1[C@H](OC(C)=O)[C@@H](OC(C)=O)[C@@H](OC(C)=O)[C@@H](COC(C)=O)O1)[C@@H]2[C@@H](N=C(OC)C)[C@H](OC)O[C@H](COCC3=CC=CC=C3)[C@H]2O,Diethyl ether,O(CC)CC,1,Methyl triflate,O=S(=O)(OC)C(F)(F)F,1,25.0,1,180.0,1,a,0,CCS[C@H]1O[C@@H](C)[C@H](OCc2ccccc2)[C@@H](OCc2ccccc2)[C@H]1OCc1ccccc1,COC(C)=N[C@H]1[C@H](OC)O[C@H](COCc2ccccc2)[C@@H](O)[C@@H]1O[C@@H]1O[C@H](COC(C)=O)[C@H](OC(C)=O)[C@H](OC(C)=O)[C@H]1OC(C)=O,D19312DB
287,"Russian Chemical Bulletin (2007), 56(8), 1655-1670",期刊,2007,31-013-CAS-9549076,O([C@H]1[C@@H](OC(=O)C2=CC=CC=C2)[C@@H](COC(=O)C3=CC=CC=C3)O[C@@H](SCC)[C@@H]1OC(=O)C4=CC=CC=C4)[C@H]5[C@H](OC(=O)C6=CC=CC=C6)[C@@H](OC(C)=O)[C@H](OC(=O)C7=CC=CC=C7)[C@@H](COC(C)=O)O5,thioglycoside,N(C(C)=O)[C@@H]1[C@@H](OCC2=CC=CC=C2)[C@H](O)[C@@H](COCC3=CC=CC=C3)O[C@H]1OCCN=[N+]=[N-],Dichloromethane,ClCCl,1,,,0,25.0,1,40.0,1,b,1,CCS[C@@H]1O[C@H](COC(=O)c2ccccc2)[C@H](OC(=O)c2ccccc2)[C@H](O[C@@H]2O[C@H](COC(C)=O)[C@@H](OC(=O)c3ccccc3)[C@H](OC(C)=O)[C@H]2OC(=O)c2ccccc2)[C@H]1OC(=O)c1ccccc1,CC(=O)N[C@H]1[C@H](OCCN=[N+]=[N-])O[C@H](COCc2ccccc2)[C@@H](O)[C@@H]1OCc1ccccc1,BA720900
288,"Carbohydrate Research (2006), 341(14), 2426-2433",期刊,2006,31-013-CAS-11635380,O(CC1=CC=CC=C1)[C@H]2[C@H](OCC3=CC=CC=C3)[C@@H](SCC)O[C@@H](C)[C@H]2OCC4=CC=CC=C4,thioglycoside,N(C(C)=O)(C(C)=O)[C@@H]1[C@@H](O[C@H]2[C@H](OC(C)=O)[C@@H](OC(C)=O)[C@H](OC(C)=O)[C@@H](COC(C)=O)O2)[C@H](O)[C@@H](COCC3=CC=CC=C3)O[C@H]1OC,Diethyl ether,O(CC)CC,1,Methyl triflate,O=S(=O)(OC)C(F)(F)F,1,25.0,1,180.0,1,a,0,CCS[C@H]1O[C@@H](C)[C@@H](OCc2ccccc2)[C@@H](OCc2ccccc2)[C@@H]1OCc1ccccc1,CO[C@@H]1O[C@H](COCc2ccccc2)[C@@H](O)[C@H](O[C@@H]2O[C@H](COC(C)=O)[C@@H](OC(C)=O)[C@H](OC(C)=O)[C@H]2OC(C)=O)[C@H]1N(C(C)=O)C(C)=O,3F982A55
289,"Russian Chemical Bulletin (2015), 64(5), 1134-1141",期刊,2015,31-013-CAS-9933290,O(CC1=CC=CC=C1)[C@H]2[C@H](OCC3=CC=CC=C3)[C@@H](SCC)O[C@@H](C)[C@H]2OCC4=CC=CC=C4,thioglycoside,O([C@H]1[C@H](OC(C)=O)[C@@H](OC(C)=O)[C@@H](OC(C)=O)[C@@H](COC(C)=O)O1)[C@@H]2[C@@H](NC(C)=O)[C@@H](OCC3=CC=CC=C3)O[C@H](COCC4=CC=CC=C4)[C@H]2O,Dichloromethane,ClCCl,1,Tetrabutylammonium bromide,[Br-].CCCC[N+](CCCC)(CCCC)CCCC,1,21.0,1,240.0,1,a,0,CCS[C@H]1O[C@@H](C)[C@@H](OCc2ccccc2)[C@@H](OCc2ccccc2)[C@@H]1OCc1ccccc1,CC(=O)N[C@H]1[C@@H](OCc2ccccc2)O[C@H](COCc2ccccc2)[C@@H](O)[C@@H]1O[C@@H]1O[C@H](COC(C)=O)[C@H](OC(C)=O)[C@H](OC(C)=O)[C@H]1OC(C)=O,F8180271
290,"Journal of Organic Chemistry (2005), 70(16), 6265-6273",期刊,2005,31-013-CAS-2691821,O(CC1=CC=CC=C1)[C@H]2[C@H](OCC3=CC=CC=C3)[C@@H](SCC)O[C@@H](C)[C@H]2OCC4=CC=CC=C4,thioglycoside,N(C(C)=O)(C(C)=O)[C@@H]1[C@@H](O[C@H]2[C@H](OC(C)=O)[C@@H](OC(C)=O)[C@@H](OC(C)=O)[C@@H](COC(C)=O)O2)[C@H](O)[C@@H](COCC3=CC=CC=C3)O[C@H]1OC,Diethyl ether,O(CC)CC,1,Methyl triflate,O=S(=O)(OC)C(F)(F)F,1,25.0,1,180.0,1,a,0,CCS[C@H]1O[C@@H](C)[C@@H](OCc2ccccc2)[C@@H](OCc2ccccc2)[C@@H]1OCc1ccccc1,CO[C@@H]1O[C@H](COCc2ccccc2)[C@@H](O)[C@H](O[C@@H]2O[C@H](COC(C)=O)[C@H](OC(C)=O)[C@H](OC(C)=O)[C@H]2OC(C)=O)[C@H]1N(C(C)=O)C(C)=O,28262B05
291,"Journal of the American Chemical Society (2012), 134(1), 426-435",期刊,2012,31-013-CAS-9459343,O([C@H]1[C@@H](OC(=O)C2=CC=CC=C2)[C@@H](COC(=O)C3=CC=CC=C3)O[C@@H](SCC)[C@@H]1OC(=O)C4=CC=CC=C4)[C@H]5[C@H](OC(=O)C6=CC=CC=C6)[C@@H](OC(C)=O)[C@H](OC(=O)C7=CC=CC=C7)[C@@H](C(OC)=O)O5,thioglycoside,N(C(C)=O)[C@@H]1[C@@H](OCC2=CC=CC=C2)[C@H](O)[C@@H](COCC3=CC=CC=C3)O[C@H]1OCCN=[N+]=[N-],Dichloromethane,ClCCl,1,Trifluoromethanesulfonic acid,O=S(=O)(O)C(F)(F)F,1,25.0,1,20.0,1,b,1,CCS[C@@H]1O[C@H](COC(=O)c2ccccc2)[C@H](OC(=O)c2ccccc2)[C@H](O[C@@H]2O[C@H](C(=O)OC)[C@@H](OC(=O)c3ccccc3)[C@H](OC(C)=O)[C@H]2OC(=O)c2ccccc2)[C@H]1OC(=O)c1ccccc1,CC(=O)N[C@H]1[C@H](OCCN=[N+]=[N-])O[C@H](COCc2ccccc2)[C@@H](O)[C@@H]1OCc1ccccc1,EFDB764B
292,"Journal of the American Chemical Society (2015), 137(18), 5961-5968",期刊,2015,31-013-CAS-12100948,O(CC1=CC=CC=C1)[C@H]2[C@H](OCC3=CC=CC=C3)[C@@H](SCC)O[C@@H](C)[C@H]2OCC4=CC=CC=C4,thioglycoside,O(CC1=CC=CC=C1)[C@@H]2[C@@H](OC(C)=O)[C@H](O[C@@H]3[C@@H](NC(C)=O)[C@H](OCCN=[N+]=[N-])O[C@H](COCC4=CC=CC=C4)[C@H]3O)O[C@H](COCC5=CC=CC=C5)[C@@H]2OCC6=CC=CC=C6,Dichloromethane,ClCCl,1,Tetrabutylammonium bromide,[Br-].CCCC[N+](CCCC)(CCCC)CCCC,1,25.0,1,,0,a,0,CCS[C@H]1O[C@@H](C)[C@@H](OCc2ccccc2)[C@@H](OCc2ccccc2)[C@@H]1OCc1ccccc1,CC(=O)N[C@H]1[C@H](OCCN=[N+]=[N-])O[C@H](COCc2ccccc2)[C@@H](O)[C@@H]1O[C@@H]1O[C@H](COCc2ccccc2)[C@H](OCc2ccccc2)[C@H](OCc2ccccc2)[C@H]1OC(C)=O,76F38F9D
293,"Carbohydrate Research (2008), 343(4), 596-606",期刊,2008,31-013-CAS-13870844,O(CC1=CC=CC=C1)[C@@H]2[C@@H](OC(=O)C3=CC=CC=C3)[C@H](SC4=CC=CC=C4)O[C@@H](C(OC(C)(C)C)=O)[C@H]2OCC5=CC=CC=C5,thioglycoside,N(C(OCC1=CC=CC=C1)=O)[C@@H]2[C@@H](OCC3=CC=CC=C3)[C@H](O)[C@@H](COCC4=CC=CC=C4)O[C@@H]2OC,Dichloromethane,ClCCl,1,Triethylamine,N(CC)(CC)CC,1,0.0,1,30.0,1,a,0,CC(C)(C)OC(=O)[C@@H]1O[C@@H](Sc2ccccc2)[C@H](OC(=O)c2ccccc2)[C@@H](OCc2ccccc2)[C@@H]1OCc1ccccc1,CO[C@H]1O[C@H](COCc2ccccc2)[C@@H](O)[C@H](OCc2ccccc2)[C@H]1NC(=O)OCc1ccccc1,B06D75C5
294,"Canadian Journal of Chemistry (2002), 80(8), 1105-1111",期刊,2002,31-013-CAS-4635858,O(CC1=CC=CC=C1)[C@H]2[C@H](OCC3=CC=CC=C3)[C@@H](CO[Si](C(C)(C)C)(C)C)O[C@H](SCC)[C@H]2OC(=O)C4=CC=CC=C4,thioglycoside,C[C@@]12[C@]3(O[C@@]4([C@](O3)([C@H](OCC5=CC=CC=C5)[C@@H](OCC6=CC=CC=C6)[C@H](OCC7=CC=CC=C7)[C@H]4O[C@@H]8[C@H](N=[N+]=[N-])[C@@H](OCC9=CC=CC=C9)[C@H](O)[C@@H](COCC%10=CC=CC=C%10)O8)[H])[H])C[C@@](C1(C)C)(CC2)[H],Diethyl ether,O(CC)CC,1,Triethylamine,N(CC)(CC)CC,1,25.0,1,60.0,1,a,0,CCS[C@H]1O[C@H](CO[Si](C)(C)C(C)(C)C)[C@@H](OCc2ccccc2)[C@H](OCc2ccccc2)[C@@H]1OC(=O)c1ccccc1,CC1(C)[C@H]2CC[C@]1(C)[C@]1(C2)O[C@@H]2[C@H](OCc3ccccc3)[C@@H](OCc3ccccc3)[C@H](OCc3ccccc3)[C@@H](O[C@H]3O[C@H](COCc4ccccc4)[C@@H](O)[C@H](OCc4ccccc4)[C@H]3N=[N+]=[N-])[C@@H]2O1,0E686E86
295,"Journal of Organic Chemistry (2022), 87(19), 12932-12953",期刊,2022,31-614-CAS-34709650,O(C(C)=O)[C@@H]1[C@@]2([C@](O[C@H](SC3=CC=C(C)C=C3)[C@H]1O[Si](C(C)(C)C)(C)C)(CO[C@@H](O2)C4=CC=CC=C4)[H])[H],thioglycoside,N(C(C(Cl)(Cl)Cl)=O)[C@H]1[C@H](O[Si](C(C)(C)C)(C)C)O[C@H](COCC2=CC=CC=C2)[C@@H](O)[C@@H]1OCC3=CC=CC=C3,Dichloroethane,ClCCCl,1,Methyl triflate,O=S(=O)(OC)C(F)(F)F,1,25.0,1,60.0,1,a,0,CC(=O)O[C@@H]1[C@H]2O[C@@H](c3ccccc3)OC[C@H]2O[C@H](Sc2ccc(C)cc2)[C@H]1O[Si](C)(C)C(C)(C)C,CC(C)(C)[Si](C)(C)O[C@@H]1O[C@H](COCc2ccccc2)[C@@H](O)[C@H](OCc2ccccc2)[C@H]1NC(=O)C(Cl)(Cl)Cl,6E6F4A60
296,"Asian Journal of Organic Chemistry (2015), 4(8), 756-762",期刊,2015,31-013-CAS-16004431,O(C(=O)C1=CC=CC=C1)[C@H]2[C@]3([C@](O[C@@H](SCC)[C@@H]2OC(=O)C4=CC=CC=C4)(CO[C@H](O3)C5=CC=CC=C5)[H])[H],thioglycoside,N(=[N+]=[N-])[C@@H]1[C@@H](OCC2=CC=CC=C2)[C@H](O)[C@@H](COC(=O)C3=CC=CC=C3)O[C@H]1OCCOCCN(CC4=CC=CC=C4)C(OCC5=CC=CC=C5)=O,Dichloromethane,ClCCl,1,Trimethylsilyl triflate,O=S(=O)(O[Si](C)(C)C)C(F)(F)F,1,25.0,1,30.0,1,b,1,CCS[C@@H]1O[C@@H]2CO[C@@H](c3ccccc3)O[C@H]2[C@H](OC(=O)c2ccccc2)[C@H]1OC(=O)c1ccccc1,[N-]=[N+]=N[C@H]1[C@H](OCCOCCN(Cc2ccccc2)C(=O)OCc2ccccc2)O[C@H](COC(=O)c2ccccc2)[C@@H](O)[C@@H]1OCc1ccccc1,73AD8F05
297,"Organic Letters (2007), 9(22), 4647-4650",期刊,2007,31-013-CAS-6806986,O(C(=O)C1=CC=CC=C1)[C@H]2[C@H](OC(=O)C3=CC=CC=C3)[C@@H](COC(=O)C4=CC=CC=C4)O[C@@H](SC)[C@@H]2OC(=O)C5=CC=CC=C5,thioglycoside,N(C(OCC1=CC=CC=C1)=O)[C@@H]2[C@@H](OCC3=CC=CC=C3)[C@H](O)[C@@H](COC4=CC=C(OC)C=C4)O[C@@H]2OC,Dichloromethane,ClCCl,1,Trifluoromethanesulfonic anhydride,O=S(=O)(OS(=O)(=O)C(F)(F)F)C(F)(F)F,1,0.0,1,30.0,1,b,1,CS[C@@H]1O[C@H](COC(=O)c2ccccc2)[C@@H](OC(=O)c2ccccc2)[C@H](OC(=O)c2ccccc2)[C@H]1OC(=O)c1ccccc1,COc1ccc(OC[C@H]2O[C@H](OC)[C@H](NC(=O)OCc3ccccc3)[C@@H](OCc3ccccc3)[C@@H]2O)cc1,937F63CA
298,"Organic Letters (2007), 9(22), 4647-4650",期刊,2007,31-013-CAS-78594,O(C(=O)C1=CC=CC=C1)[C@H]2[C@@H](OC(=O)C3=CC=CC=C3)[C@@H](COC(=O)C4=CC=CC=C4)O[C@@H](SCC)[C@@H]2OC(=O)C5=CC=CC=C5,thioglycoside,N(C(OCC1=CC=CC=C1)=O)[C@@H]2[C@@H](OCC3=CC=CC=C3)[C@H](O)[C@@H](COC4=CC=C(OC)C=C4)O[C@@H]2OC,Dichloromethane,ClCCl,1,Trifluoromethanesulfonic anhydride,O=S(=O)(OS(=O)(=O)C(F)(F)F)C(F)(F)F,1,0.0,1,30.0,1,b,1,CCS[C@@H]1O[C@H](COC(=O)c2ccccc2)[C@H](OC(=O)c2ccccc2)[C@H](OC(=O)c2ccccc2)[C@H]1OC(=O)c1ccccc1,COc1ccc(OC[C@H]2O[C@H](OC)[C@H](NC(=O)OCc3ccccc3)[C@@H](OCc3ccccc3)[C@@H]2O)cc1,9FE81B43
299,"European Journal of Organic Chemistry (2020), 2020(12), 1802-1810",期刊,2020,31-013-CAS-21762108,O([C@@H]1[C@@H](OC(=O)C2=CC=CC=C2)[C@H](SC3=CC=C(C)C=C3)O[C@H](COC(=O)C4=CC=CC=C4)[C@@H]1OC(C)=O)[C@@H]5[C@H](OCC6=CC=CC=C6)[C@@H](OCC7=CC=CC=C7)[C@@]8([C@](O5)(CO[C@@H](O8)C9=CC=CC=C9)[H])[H],thioglycoside,N(C(C)=O)(C(C)=O)[C@@H]1[C@@H](OCC2=CC=CC=C2)[C@H](O)[C@@H](COCC3=CC=CC=C3)O[C@@H]1OCC(OC)=O,Dichloromethane,ClCCl,1,Triethylamine,N(CC)(CC)CC,1,-40.0,1,20.0,1,b,1,CC(=O)O[C@@H]1[C@H](O[C@H]2O[C@@H]3CO[C@H](c4ccccc4)O[C@@H]3[C@H](OCc3ccccc3)[C@H]2OCc2ccccc2)[C@@H](OC(=O)c2ccccc2)[C@H](Sc2ccc(C)cc2)O[C@@H]1COC(=O)c1ccccc1,COC(=O)CO[C@H]1O[C@H](COCc2ccccc2)[C@@H](O)[C@H](OCc2ccccc2)[C@H]1N(C(C)=O)C(C)=O,117FF06F
300,"Chemistry - An Asian Journal (2019), 14(1), 223-234",期刊,2019,31-013-CAS-19796364,[Si](OC[C@@H]1[C@H](OC(=O)C2=CC=CC=C2)[C@H](OC(=O)C3=CC=CC=C3)[C@@H](OC(=O)C4=CC=CC=C4)[C@H](SC5=CC=CC=C5)O1)(C(C)(C)C)(C6=CC=CC=C6)C7=CC=CC=C7,thioglycoside,[Si](OC[C@H]1O[C@@H](N=[N+]=[N-])[C@H](NC(C)=O)[C@@H](O)[C@@H]1O)(C(C)(C)C)(C2=CC=CC=C2)C3=CC=CC=C3,,,0,Trifluoromethanesulfonic acid,O=S(=O)(O)C(F)(F)F,1,-45.0,1,,0,b,1,CC(C)(C)[Si](OC[C@H]1O[C@@H](Sc2ccccc2)[C@H](OC(=O)c2ccccc2)[C@@H](OC(=O)c2ccccc2)[C@H]1OC(=O)c1ccccc1)(c1ccccc1)c1ccccc1,CC(=O)N[C@@H]1[C@@H](O)[C@H](O)[C@@H](CO[Si](c2ccccc2)(c2ccccc2)C(C)(C)C)O[C@H]1N=[N+]=[N-],A47FC6F4
301,"Journal of Carbohydrate Chemistry (1999), 18(7), 755-773",期刊,1999,31-013-CAS-13137320,[Si](OC[C@@H]1[C@H](OC(=O)C2=CC=CC=C2)[C@H](OC(=O)C3=CC=CC=C3)[C@@H](OC(=O)C4=CC=CC=C4)[C@H](SC5=CC=CC=C5)O1)(C(C)(C)C)(C6=CC=CC=C6)C7=CC=CC=C7,thioglycoside,[Si](OC[C@H]1O[C@@H](N=[N+]=[N-])[C@H](NC(C)=O)[C@@H](O)[C@@H]1O)(C(C)(C)C)(C2=CC=CC=C2)C3=CC=CC=C3,Dichloromethane;Acetonitrile,ClCCl;N#CC,1,Trifluoromethanesulfonic acid,O=S(=O)(O)C(F)(F)F,1,,0,,0,b,1,CC(C)(C)[Si](OC[C@H]1O[C@@H](Sc2ccccc2)[C@H](OC(=O)c2ccccc2)[C@@H](OC(=O)c2ccccc2)[C@H]1OC(=O)c1ccccc1)(c1ccccc1)c1ccccc1,CC(=O)N[C@@H]1[C@@H](O)[C@H](O)[C@@H](CO[Si](c2ccccc2)(c2ccccc2)C(C)(C)C)O[C@H]1N=[N+]=[N-],A47FC6F4
302,"Journal of the American Chemical Society (2001), 123(28), 6819-6825",期刊,2001,31-301-CAS-14974848,O(CC1=CC=CC=C1)[C@H]2[C@]3([C@](O[C@](S(=O)C4=CC=CC=C4)([C@H]2OCC5=CC=CC=C5)[H])(CO[C@H](O3)C6=CC=CC=C6)[H])[H],thioglycoside,O(CC1=CC=CC=N1)[C@@H]2[C@@H](NC(C)=O)[C@@H](OC)O[C@H](COCC3=CC=CC=C3)[C@H]2O,Dichloromethane,ClCCl,1,Trifluoromethanesulfonic anhydride,O=S(=O)(OS(=O)(=O)C(F)(F)F)C(F)(F)F,1,,0,,0,b,1,O=S(c1ccccc1)[C@H]1O[C@@H]2CO[C@@H](c3ccccc3)O[C@H]2[C@H](OCc2ccccc2)[C@@H]1OCc1ccccc1,CO[C@H]1O[C@H](COCc2ccccc2)[C@@H](O)[C@H](OCc2ccccn2)[C@H]1NC(C)=O,C63CA56D
303,"United States, US20120142560 A1 2012-06-07",专利,2012,31-013-CAS-8143526,O(CC1=CC=CC=C1)[C@H]2[C@]3([C@@](OC(SCC)[C@@H]2OC(C)=O)(CO[C@H](O3)C4=CC=CC=C4)[H])[H],thioglycoside,N(=[N+]=[N-])[C@@H]1[C@@H](OCC2=CC=CC=C2)[C@H](O)[C@@H](COC(C)=O)O[C@@H]1OCCCCCN(CC3=CC=CC=C3)C(OCC4=CC=CC=C4)=O,Dichloromethane,ClCCl,1,N-Iodosuccinimide,O=C1N(I)C(=O)CC1,1,25.0,1,30.0,1,a,0,CCSC1O[C@H]2CO[C@@H](c3ccccc3)O[C@H]2[C@H](OCc2ccccc2)[C@H]1OC(C)=O,CC(=O)OC[C@H]1O[C@H](OCCCCCN(Cc2ccccc2)C(=O)OCc2ccccc2)[C@H](N=[N+]=[N-])[C@@H](OCc2ccccc2)[C@@H]1O,89540FF0
304,"World Intellectual Property Organization, WO2010117803 A2 2010-10-14",专利,2010,31-013-CAS-2665220,O(CC1=CC=CC=C1)[C@H]2[C@]3([C@@](OC(SCC)[C@@H]2OC(C)=O)(CO[C@H](O3)C4=CC=CC=C4)[H])[H],thioglycoside,N(=[N+]=[N-])[C@@H]1[C@@H](OCC2=CC=CC=C2)[C@H](O)[C@@H](COC(C)=O)O[C@@H]1OCCCCCN(CC3=CC=CC=C3)C(OCC4=CC=CC=C4)=O,Dichloromethane,ClCCl,1,N-Iodosuccinimide,O=C1N(I)C(=O)CC1,1,25.0,1,30.0,1,a,0,CCSC1O[C@H]2CO[C@@H](c3ccccc3)O[C@H]2[C@H](OCc2ccccc2)[C@H]1OC(C)=O,CC(=O)OC[C@H]1O[C@H](OCCCCCN(Cc2ccccc2)C(=O)OCc2ccccc2)[C@H](N=[N+]=[N-])[C@@H](OCc2ccccc2)[C@@H]1O,89540FF0
305,"Journal of the American Chemical Society (2009), 131(47), 17394-17405",期刊,2009,31-013-CAS-9988480,O(CC1=CC=CC=C1)[C@H]2[C@]3([C@@](OC(SCC)[C@@H]2OC(C)=O)(CO[C@H](O3)C4=CC=CC=C4)[H])[H],thioglycoside,N(=[N+]=[N-])[C@@H]1[C@@H](OCC2=CC=CC=C2)[C@H](O)[C@@H](COC(C)=O)O[C@@H]1OCCCCCN(CC3=CC=CC=C3)C(OCC4=CC=CC=C4)=O,Dichloromethane,ClCCl,1,N-Iodosuccinimide,O=C1N(I)C(=O)CC1,1,25.0,1,30.0,1,a,0,CCSC1O[C@H]2CO[C@@H](c3ccccc3)O[C@H]2[C@H](OCc2ccccc2)[C@H]1OC(C)=O,CC(=O)OC[C@H]1O[C@H](OCCCCCN(Cc2ccccc2)C(=O)OCc2ccccc2)[C@H](N=[N+]=[N-])[C@@H](OCc2ccccc2)[C@@H]1O,89540FF0
306,"United States, US20120142560 A1 2012-06-07",专利,2012,31-013-CAS-15150591,O(CC1=CC=CC=C1)[C@H]2[C@]3([C@](O[C@@H](SCC)[C@@H]2OC(C)=O)(CO[C@H](O3)C4=CC=CC=C4)[H])[H],thioglycoside,N(=[N+]=[N-])[C@@H]1[C@@H](OCC2=CC=CC=C2)[C@H](O)[C@@H](COC(C)=O)O[C@@H]1OCCCCCN(CC3=CC=CC=C3)C(OCC4=CC=CC=C4)=O,Dichloromethane,ClCCl,1,N-Iodosuccinimide,O=C1N(I)C(=O)CC1,1,25.0,1,30.0,1,b,1,CCS[C@@H]1O[C@@H]2CO[C@@H](c3ccccc3)O[C@H]2[C@H](OCc2ccccc2)[C@H]1OC(C)=O,CC(=O)OC[C@H]1O[C@H](OCCCCCN(Cc2ccccc2)C(=O)OCc2ccccc2)[C@H](N=[N+]=[N-])[C@@H](OCc2ccccc2)[C@@H]1O,8F28F550
307,"World Intellectual Property Organization, WO2010117803 A2 2010-10-14",专利,2010,31-013-CAS-9655089,O(CC1=CC=CC=C1)[C@H]2[C@]3([C@](O[C@@H](SCC)[C@@H]2OC(C)=O)(CO[C@H](O3)C4=CC=CC=C4)[H])[H],thioglycoside,N(=[N+]=[N-])[C@@H]1[C@@H](OCC2=CC=CC=C2)[C@H](O)[C@@H](COC(C)=O)O[C@@H]1OCCCCCN(CC3=CC=CC=C3)C(OCC4=CC=CC=C4)=O,Dichloromethane,ClCCl,1,N-Iodosuccinimide,O=C1N(I)C(=O)CC1,1,25.0,1,30.0,1,b,1,CCS[C@@H]1O[C@@H]2CO[C@@H](c3ccccc3)O[C@H]2[C@H](OCc2ccccc2)[C@H]1OC(C)=O,CC(=O)OC[C@H]1O[C@H](OCCCCCN(Cc2ccccc2)C(=O)OCc2ccccc2)[C@H](N=[N+]=[N-])[C@@H](OCc2ccccc2)[C@@H]1O,8F28F550
308,"Journal of the American Chemical Society (2009), 131(47), 17394-17405",期刊,2009,31-013-CAS-1183257,O(CC1=CC=CC=C1)[C@H]2[C@]3([C@](O[C@@H](SCC)[C@@H]2OC(C)=O)(CO[C@H](O3)C4=CC=CC=C4)[H])[H],thioglycoside,N(=[N+]=[N-])[C@@H]1[C@@H](OCC2=CC=CC=C2)[C@H](O)[C@@H](COC(C)=O)O[C@@H]1OCCCCCN(CC3=CC=CC=C3)C(OCC4=CC=CC=C4)=O,Dichloromethane,ClCCl,1,N-Iodosuccinimide,O=C1N(I)C(=O)CC1,1,25.0,1,30.0,1,b,1,CCS[C@@H]1O[C@@H]2CO[C@@H](c3ccccc3)O[C@H]2[C@H](OCc2ccccc2)[C@H]1OC(C)=O,CC(=O)OC[C@H]1O[C@H](OCCCCCN(Cc2ccccc2)C(=O)OCc2ccccc2)[C@H](N=[N+]=[N-])[C@@H](OCc2ccccc2)[C@@H]1O,8F28F550
309,"Journal of the American Chemical Society (2012), 134(1), 426-435",期刊,2012,31-013-CAS-11583539,O([C@H]1[C@@H](OC(=O)C2=CC=CC=C2)[C@@H](COC(=O)C3=CC=CC=C3)O[C@@H](SCC)[C@@H]1OC(=O)C4=CC=CC=C4)[C@H]5[C@H](OC(=O)C6=CC=CC=C6)[C@@H](OC(C)=O)[C@H](OC(=O)C7=CC=CC=C7)[C@@H](C(OC)=O)O5,thioglycoside,N(C(C)=O)[C@@H]1[C@@H](OCC2=CC=CC=C2)[C@H](O)[C@@H](COC3=CC=C(OC)C=C3)O[C@H]1OCCN=[N+]=[N-],Dichloromethane,ClCCl,1,Trifluoromethanesulfonic acid,O=S(=O)(O)C(F)(F)F,1,25.0,1,20.0,1,b,1,CCS[C@@H]1O[C@H](COC(=O)c2ccccc2)[C@H](OC(=O)c2ccccc2)[C@H](O[C@@H]2O[C@H](C(=O)OC)[C@@H](OC(=O)c3ccccc3)[C@H](OC(C)=O)[C@H]2OC(=O)c2ccccc2)[C@H]1OC(=O)c1ccccc1,COc1ccc(OC[C@H]2O[C@@H](OCCN=[N+]=[N-])[C@H](NC(C)=O)[C@@H](OCc3ccccc3)[C@@H]2O)cc1,8A7D9686
310,"Carbohydrate Research (2008), 343(4), 596-606",期刊,2008,31-013-CAS-452353,O(CC1=CC=CC=C1)[C@@H]2[C@@H](OC(=O)C3=CC=CC=C3)[C@H](SC4=CC=CC=C4)O[C@@H](C(OC(C)(C)C)=O)[C@H]2OCC5=CC=CC=C5,thioglycoside,N(C(OCC1=CC=CC=C1)=O)[C@@H]2[C@@H](OCC3=CC=CC=C3)[C@H](O)[C@@H](COC4=CC=C(OC)C=C4)O[C@@H]2OC,Dichloromethane,ClCCl,1,Triethylamine,N(CC)(CC)CC,1,0.0,1,30.0,1,a,0,CC(C)(C)OC(=O)[C@@H]1O[C@@H](Sc2ccccc2)[C@H](OC(=O)c2ccccc2)[C@@H](OCc2ccccc2)[C@@H]1OCc1ccccc1,COc1ccc(OC[C@H]2O[C@H](OC)[C@H](NC(=O)OCc3ccccc3)[C@@H](OCc3ccccc3)[C@@H]2O)cc1,78381D2B
311,"Organic Letters (2007), 9(22), 4647-4650",期刊,2007,31-013-CAS-1943497,O(CC1=CC=CC=C1)[C@H]2[C@H](OCC3=CC=CC=C3)[C@@H](C(OC(C)(C)C)=O)O[C@@H](SCC)[C@@H]2OC(=O)C4=CC=CC=C4,thioglycoside,N(C(OCC1=CC=CC=C1)=O)[C@@H]2[C@@H](OCC3=CC=CC=C3)[C@H](O)[C@@H](COC4=CC=C(OC)C=C4)O[C@@H]2OC,Dichloromethane,ClCCl,1,Trifluoromethanesulfonic anhydride,O=S(=O)(OS(=O)(=O)C(F)(F)F)C(F)(F)F,1,0.0,1,30.0,1,b,1,CCS[C@@H]1O[C@H](C(=O)OC(C)(C)C)[C@@H](OCc2ccccc2)[C@H](OCc2ccccc2)[C@H]1OC(=O)c1ccccc1,COc1ccc(OC[C@H]2O[C@H](OC)[C@H](NC(=O)OCc3ccccc3)[C@@H](OCc3ccccc3)[C@@H]2O)cc1,9BBBC6F5
312,"Beilstein Journal of Organic Chemistry (2010), 6, No pp. given, No. 80",期刊,2010,31-013-CAS-621165,O(C(C)=O)[C@H]1[C@@H](OCC2=CC=CC=C2)[C@@H](CO[Si](C(C)(C)C)(C)C)O[C@@H](SCC)[C@@H]1OC(C)=O,thioglycoside,O([C@@H]1[C@@H](OCC2=CC=CC=C2)[C@H](O[C@H]3[C@H](OCC4=CC=CC=C4)[C@@H](OCC5=CC=CC=C5)[C@H](OCCCN=[N+]=[N-])O[C@@H]3COCC6=CC=CC=C6)O[C@H](COCC7=CC=CC=C7)[C@@H]1OCC8=CC=CC=C8)[C@H]9[C@H](NC(C)=O)[C@@H](OC(C)=O)[C@H](O)[C@@H](COCC%10=CC=CC=C%10)O9,Dichloromethane,ClCCl,1,Triethylamine,N(CC)(CC)CC,1,-35.0,1,90.0,1,b,1,CCS[C@@H]1O[C@H](CO[Si](C)(C)C(C)(C)C)[C@H](OCc2ccccc2)[C@H](OC(C)=O)[C@H]1OC(C)=O,CC(=O)N[C@H]1[C@H](O[C@H]2[C@@H](OCc3ccccc3)[C@@H](COCc3ccccc3)O[C@@H](O[C@H]3[C@H](OCc4ccccc4)[C@@H](OCc4ccccc4)[C@H](OCCCN=[N+]=[N-])O[C@@H]3COCc3ccccc3)[C@@H]2OCc2ccccc2)O[C@H](COCc2ccccc2)[C@@H](O)[C@@H]1OC(C)=O,7BB5E8BB
313,"Carbohydrate Research (2000), 329(2), 287-300",期刊,2000,31-013-CAS-7581446,O(C(C)=O)[C@H]1[C@@H](OC(C)=O)[C@@H](COC(C)=O)O[C@@H](SCC)[C@@H]1OC(C)=O,thioglycoside,N(C(C)=O)[C@@H]1[C@@H](OC(=O)C2=CC=CC=C2)[C@H](O)[C@@H](COC(=O)C3=CC=CC=C3)O[C@H]1OCC4=CC5=C(C=C4)C=CC=C5,Dichloromethane,ClCCl,1,Silver triflate,[Ag].O=S(=O)(O)C(F)(F)F,1,,0,,0,b,1,CCS[C@@H]1O[C@H](COC(C)=O)[C@H](OC(C)=O)[C@H](OC(C)=O)[C@H]1OC(C)=O,CC(=O)N[C@H]1[C@H](OCc2ccc3ccccc3c2)O[C@H](COC(=O)c2ccccc2)[C@@H](O)[C@@H]1OC(=O)c1ccccc1,0E771A2E
314,"Journal of the American Chemical Society (2001), 123(1), 35-48",期刊,2001,31-614-CAS-26047459,O(C(C)=O)[C@@H]1[C@@]2([C@]([C@@H](CO[Si](C(C)C)(C(C)C)C(C)C)O[C@H]1SCC)(OC(=O)O2)[H])[H],thioglycoside,O([C@H]1[C@H](O[C@H]2[C@@H](OCC3=CC=CC=C3)[C@H](OCC4=CC=CC=C4)[C@H](OCC5=CC=CC=C5)[C@H](C)O2)[C@@H](CO[Si](C(C)C)(C(C)C)C(C)C)O[C@@H](O[C@@H]6[C@@H](OC(C)=O)[C@H](O[C@H]7[C@H](OCC8=CC=CC=C8)C=CO[C@@H]7COCC9=CC=CC=C9)O[C@H](CO[C@H]%10[C@H](NS(=O)(=O)C%11=CC=CC=C%11)[C@@H](O[C@H]%12[C@@H](OCC%13=CC=CC=C%13)[C@H](OCC%14=CC=CC=C%14)[C@H](OC(=O)C%15=CC=CC=C%15)[C@H](C)O%12)[C@H](O)[C@@H](CO[Si](C(C)C)(C(C)C)C(C)C)O%10)[C@@H]6OC(C)=O)[C@@H]1NS(=O)(=O)C%16=CC=CC=C%16)[C@H]%17[C@H](O[Si](C(C)(C)C)(C)C)[C@@]%18([C@]([C@@H](CO[Si](C(C)C)(C(C)C)C(C)C)O%17)(OC(=O)O%18)[H])[H],Dichloromethane;Diethyl ether,ClCCl;O(CC)CC,1,Methyl triflate,O=S(=O)(OC)C(F)(F)F,1,,0,,0,b,1,CCS[C@@H]1O[C@H](CO[Si](C(C)C)(C(C)C)C(C)C)[C@@H]2OC(=O)O[C@@H]2[C@H]1OC(C)=O,CC(=O)O[C@@H]1[C@H](O[C@@H]2O[C@H](CO[Si](C(C)C)(C(C)C)C(C)C)[C@@H](O[C@@H]3O[C@@H](C)[C@@H](OCc4ccccc4)[C@@H](OCc4ccccc4)[C@@H]3OCc3ccccc3)[C@H](O[C@@H]3O[C@H](CO[Si](C(C)C)(C(C)C)C(C)C)[C@@H]4OC(=O)O[C@@H]4[C@H]3O[Si](C)(C)C(C)(C)C)[C@H]2NS(=O)(=O)c2ccccc2)[C@@H](OC(C)=O)[C@H](O[C@H]2[C@H](OCc3ccccc3)C=CO[C@@H]2COCc2ccccc2)O[C@@H]1CO[C@@H]1O[C@H](CO[Si](C(C)C)(C(C)C)C(C)C)[C@@H](O)[C@H](O[C@@H]2O[C@@H](C)[C@@H](OC(=O)c3ccccc3)[C@@H](OCc3ccccc3)[C@@H]2OCc2ccccc2)[C@H]1NS(=O)(=O)c1ccccc1,D22FC3BB
315,"Bioorganic & Medicinal Chemistry (2018), 26(9), 2262-2270",期刊,2018,31-013-CAS-22252750,O(C(CCC(C)=O)=O)[C@@H]1[C@@H](OC(=O)C2=CC=CC=C2)[C@H](SC3=CC=C(C)C=C3)O[C@H](COC(=O)C4=CC=CC=C4)[C@@H]1OC(CCC(C)=O)=O,thioglycoside,N(C(OCC(Cl)(Cl)Cl)=O)[C@@H]1[C@@H](OC(=O)C2=CC=CC=C2)[C@H](O)[C@@H](COCC3=CC=CC=C3)O[C@H]1OCC(OC)=O,Dichloromethane,ClCCl,1,Sulfobromophthalein,[Na].O=C1OC(C2=CC=C(O)C(=C2)S(=O)(=O)O)(C3=CC=C(O)C(=C3)S(=O)(=O)O)C=4C(Br)=C(Br)C(Br)=C(Br)C14,1,-60.0,1,10.0,1,b,1,CC(=O)CCC(=O)O[C@H]1[C@@H](OC(=O)CCC(C)=O)[C@@H](COC(=O)c2ccccc2)O[C@@H](Sc2ccc(C)cc2)[C@@H]1OC(=O)c1ccccc1,COC(=O)CO[C@@H]1O[C@H](COCc2ccccc2)[C@@H](O)[C@H](OC(=O)c2ccccc2)[C@H]1NC(=O)OCC(Cl)(Cl)Cl,85FE41BD
316,"ChemMedChem (2007), 2(9), 1328-1338",期刊,2007,31-013-CAS-1901337,O(CC1=CC=CC=C1)[C@H]2[C@H](OCC3=CC=CC=C3)[C@@H](SC4=CC=CC=C4)O[C@@H](C)[C@H]2OCC5=CC=CC=C5,thioglycoside,O(C(=O)C1=CC=CC=C1)[C@@H]2[C@@H](NC(C)=O)[C@H](N=[N+]=[N-])O[C@H](COC(=O)C3=CC=CC=C3)[C@H]2O,Chloroform,ClC(Cl)Cl,1,Trifluoromethanesulfonic acid,O=S(=O)(O)C(F)(F)F,1,-15.0,1,60.0,1,a,0,C[C@@H]1O[C@H](Sc2ccccc2)[C@@H](OCc2ccccc2)[C@H](OCc2ccccc2)[C@@H]1OCc1ccccc1,CC(=O)N[C@@H]1[C@@H](OC(=O)c2ccccc2)[C@H](O)[C@@H](COC(=O)c2ccccc2)O[C@H]1N=[N+]=[N-],307E2098
317,"Organic & Biomolecular Chemistry (2007), 5(18), 2953-2961",期刊,2007,31-013-CAS-1216240,O(CC1=CC=CC=C1)[C@H]2[C@H](OCC3=CC=CC=C3)[C@@H](SC4=CC=CC=C4)O[C@@H](C)[C@H]2OCC5=CC=CC=C5,thioglycoside,O(C(=O)C1=CC=CC=C1)[C@@H]2[C@@H](NC(C)=O)[C@H](N=[N+]=[N-])O[C@H](COC(=O)C3=CC=CC=C3)[C@H]2O,Chloroform,ClC(Cl)Cl,1,Triethylamine,N(CC)(CC)CC,1,25.0,1,30.0,1,a,0,C[C@@H]1O[C@H](Sc2ccccc2)[C@@H](OCc2ccccc2)[C@H](OCc2ccccc2)[C@@H]1OCc1ccccc1,CC(=O)N[C@@H]1[C@@H](OC(=O)c2ccccc2)[C@H](O)[C@@H](COC(=O)c2ccccc2)O[C@H]1N=[N+]=[N-],307E2098
318,"United States, US20120142560 A1 2012-06-07",专利,2012,31-013-CAS-3859987,O(CC1=CC=CC=C1)[C@H]2[C@]3([C@](O[C@@H](SCC)[C@@H]2OC(C)=O)(CO[C@H](O3)C4=CC=CC=C4)[H])[H],thioglycoside,N(=[N+]=[N-])[C@@H]1[C@@H](OCC2=CC=CC=C2)[C@H](O)[C@@H](COC(CCC(C)=O)=O)O[C@@H]1OCCCCCN(CC3=CC=CC=C3)C(OCC4=CC=CC=C4)=O,Dichloromethane,ClCCl,1,N-Iodosuccinimide,O=C1N(I)C(=O)CC1,1,25.0,1,30.0,1,b,1,CCS[C@@H]1O[C@@H]2CO[C@@H](c3ccccc3)O[C@H]2[C@H](OCc2ccccc2)[C@H]1OC(C)=O,CC(=O)CCC(=O)OC[C@H]1O[C@H](OCCCCCN(Cc2ccccc2)C(=O)OCc2ccccc2)[C@H](N=[N+]=[N-])[C@@H](OCc2ccccc2)[C@@H]1O,E880E4A1
319,"World Intellectual Property Organization, WO2010117803 A2 2010-10-14",专利,2010,31-013-CAS-13925780,O(CC1=CC=CC=C1)[C@H]2[C@]3([C@](O[C@@H](SCC)[C@@H]2OC(C)=O)(CO[C@H](O3)C4=CC=CC=C4)[H])[H],thioglycoside,N(=[N+]=[N-])[C@@H]1[C@@H](OCC2=CC=CC=C2)[C@H](O)[C@@H](COC(CCC(C)=O)=O)O[C@@H]1OCCCCCN(CC3=CC=CC=C3)C(OCC4=CC=CC=C4)=O,Dichloromethane,ClCCl,1,N-Iodosuccinimide,O=C1N(I)C(=O)CC1,1,25.0,1,30.0,1,b,1,CCS[C@@H]1O[C@@H]2CO[C@@H](c3ccccc3)O[C@H]2[C@H](OCc2ccccc2)[C@H]1OC(C)=O,CC(=O)CCC(=O)OC[C@H]1O[C@H](OCCCCCN(Cc2ccccc2)C(=O)OCc2ccccc2)[C@H](N=[N+]=[N-])[C@@H](OCc2ccccc2)[C@@H]1O,E880E4A1
320,"Journal of the American Chemical Society (2009), 131(47), 17394-17405",期刊,2009,31-013-CAS-5440454,O(CC1=CC=CC=C1)[C@H]2[C@]3([C@](O[C@@H](SCC)[C@@H]2OC(C)=O)(CO[C@H](O3)C4=CC=CC=C4)[H])[H],thioglycoside,N(=[N+]=[N-])[C@@H]1[C@@H](OCC2=CC=CC=C2)[C@H](O)[C@@H](COC(CCC(C)=O)=O)O[C@@H]1OCCCCCN(CC3=CC=CC=C3)C(OCC4=CC=CC=C4)=O,Dichloromethane,ClCCl,1,N-Iodosuccinimide,O=C1N(I)C(=O)CC1,1,25.0,1,30.0,1,b,1,CCS[C@@H]1O[C@@H]2CO[C@@H](c3ccccc3)O[C@H]2[C@H](OCc2ccccc2)[C@H]1OC(C)=O,CC(=O)CCC(=O)OC[C@H]1O[C@H](OCCCCCN(Cc2ccccc2)C(=O)OCc2ccccc2)[C@H](N=[N+]=[N-])[C@@H](OCc2ccccc2)[C@@H]1O,E880E4A1
321,"United States, US20120142560 A1 2012-06-07",专利,2012,31-013-CAS-4159257,O(CC1=CC=CC=C1)[C@H]2[C@]3([C@@](OC(SCC)[C@@H]2OC(C)=O)(CO[C@H](O3)C4=CC=CC=C4)[H])[H],thioglycoside,N(=[N+]=[N-])[C@@H]1[C@@H](OCC2=CC=CC=C2)[C@H](O)[C@@H](COC(CCC(C)=O)=O)O[C@@H]1OCCCCCN(CC3=CC=CC=C3)C(OCC4=CC=CC=C4)=O,Dichloromethane,ClCCl,1,N-Iodosuccinimide,O=C1N(I)C(=O)CC1,1,25.0,1,30.0,1,a,0,CCSC1O[C@H]2CO[C@@H](c3ccccc3)O[C@H]2[C@H](OCc2ccccc2)[C@H]1OC(C)=O,CC(=O)CCC(=O)OC[C@H]1O[C@H](OCCCCCN(Cc2ccccc2)C(=O)OCc2ccccc2)[C@H](N=[N+]=[N-])[C@@H](OCc2ccccc2)[C@@H]1O,026B5FA2
322,"World Intellectual Property Organization, WO2010117803 A2 2010-10-14",专利,2010,31-013-CAS-6916824,O(CC1=CC=CC=C1)[C@H]2[C@]3([C@@](OC(SCC)[C@@H]2OC(C)=O)(CO[C@H](O3)C4=CC=CC=C4)[H])[H],thioglycoside,N(=[N+]=[N-])[C@@H]1[C@@H](OCC2=CC=CC=C2)[C@H](O)[C@@H](COC(CCC(C)=O)=O)O[C@@H]1OCCCCCN(CC3=CC=CC=C3)C(OCC4=CC=CC=C4)=O,Dichloromethane,ClCCl,1,N-Iodosuccinimide,O=C1N(I)C(=O)CC1,1,25.0,1,30.0,1,a,0,CCSC1O[C@H]2CO[C@@H](c3ccccc3)O[C@H]2[C@H](OCc2ccccc2)[C@H]1OC(C)=O,CC(=O)CCC(=O)OC[C@H]1O[C@H](OCCCCCN(Cc2ccccc2)C(=O)OCc2ccccc2)[C@H](N=[N+]=[N-])[C@@H](OCc2ccccc2)[C@@H]1O,026B5FA2
323,"Journal of the American Chemical Society (2009), 131(47), 17394-17405",期刊,2009,31-013-CAS-14240488,O(CC1=CC=CC=C1)[C@H]2[C@]3([C@@](OC(SCC)[C@@H]2OC(C)=O)(CO[C@H](O3)C4=CC=CC=C4)[H])[H],thioglycoside,N(=[N+]=[N-])[C@@H]1[C@@H](OCC2=CC=CC=C2)[C@H](O)[C@@H](COC(CCC(C)=O)=O)O[C@@H]1OCCCCCN(CC3=CC=CC=C3)C(OCC4=CC=CC=C4)=O,Dichloromethane,ClCCl,1,N-Iodosuccinimide,O=C1N(I)C(=O)CC1,1,25.0,1,30.0,1,a,0,CCSC1O[C@H]2CO[C@@H](c3ccccc3)O[C@H]2[C@H](OCc2ccccc2)[C@H]1OC(C)=O,CC(=O)CCC(=O)OC[C@H]1O[C@H](OCCCCCN(Cc2ccccc2)C(=O)OCc2ccccc2)[C@H](N=[N+]=[N-])[C@@H](OCc2ccccc2)[C@@H]1O,026B5FA2
324,"United States, US20120142560 A1 2012-06-07",专利,2012,31-013-CAS-1712789,O(CC1=CC=CC=C1)[C@H]2[C@]3([C@](O[C@@H](SCC)[C@@H]2OC(CCC(C)=O)=O)(CO[C@H](O3)C4=CC=CC=C4)[H])[H],thioglycoside,N(=[N+]=[N-])[C@@H]1[C@@H](OCC2=CC=CC=C2)[C@H](O)[C@@H](COC(C)=O)O[C@@H]1OCCCCCN(CC3=CC=CC=C3)C(OCC4=CC=CC=C4)=O,Dichloromethane,ClCCl,1,N-Iodosuccinimide,O=C1N(I)C(=O)CC1,1,25.0,1,30.0,1,b,1,CCS[C@@H]1O[C@@H]2CO[C@@H](c3ccccc3)O[C@H]2[C@H](OCc2ccccc2)[C@H]1OC(=O)CCC(C)=O,CC(=O)OC[C@H]1O[C@H](OCCCCCN(Cc2ccccc2)C(=O)OCc2ccccc2)[C@H](N=[N+]=[N-])[C@@H](OCc2ccccc2)[C@@H]1O,2FAE37B5
325,"World Intellectual Property Organization, WO2010117803 A2 2010-10-14",专利,2010,31-013-CAS-11796224,O(CC1=CC=CC=C1)[C@H]2[C@]3([C@](O[C@@H](SCC)[C@@H]2OC(CCC(C)=O)=O)(CO[C@H](O3)C4=CC=CC=C4)[H])[H],thioglycoside,N(=[N+]=[N-])[C@@H]1[C@@H](OCC2=CC=CC=C2)[C@H](O)[C@@H](COC(C)=O)O[C@@H]1OCCCCCN(CC3=CC=CC=C3)C(OCC4=CC=CC=C4)=O,Dichloromethane,ClCCl,1,N-Iodosuccinimide,O=C1N(I)C(=O)CC1,1,25.0,1,30.0,1,b,1,CCS[C@@H]1O[C@@H]2CO[C@@H](c3ccccc3)O[C@H]2[C@H](OCc2ccccc2)[C@H]1OC(=O)CCC(C)=O,CC(=O)OC[C@H]1O[C@H](OCCCCCN(Cc2ccccc2)C(=O)OCc2ccccc2)[C@H](N=[N+]=[N-])[C@@H](OCc2ccccc2)[C@@H]1O,2FAE37B5
326,"Journal of the American Chemical Society (2009), 131(47), 17394-17405",期刊,2009,31-013-CAS-3287675,O(CC1=CC=CC=C1)[C@H]2[C@]3([C@](O[C@@H](SCC)[C@@H]2OC(CCC(C)=O)=O)(CO[C@H](O3)C4=CC=CC=C4)[H])[H],thioglycoside,N(=[N+]=[N-])[C@@H]1[C@@H](OCC2=CC=CC=C2)[C@H](O)[C@@H](COC(C)=O)O[C@@H]1OCCCCCN(CC3=CC=CC=C3)C(OCC4=CC=CC=C4)=O,Dichloromethane,ClCCl,1,N-Iodosuccinimide,O=C1N(I)C(=O)CC1,1,25.0,1,30.0,1,b,1,CCS[C@@H]1O[C@@H]2CO[C@@H](c3ccccc3)O[C@H]2[C@H](OCc2ccccc2)[C@H]1OC(=O)CCC(C)=O,CC(=O)OC[C@H]1O[C@H](OCCCCCN(Cc2ccccc2)C(=O)OCc2ccccc2)[C@H](N=[N+]=[N-])[C@@H](OCc2ccccc2)[C@@H]1O,2FAE37B5
327,"World Intellectual Property Organization, WO2010117803 A2 2010-10-14",专利,2010,31-013-CAS-4786494,O(CC1=CC=CC=C1)[C@H]2[C@]3([C@@](OC(SCC)[C@@H]2OC(CCC(C)=O)=O)(CO[C@@H](O3)C4=CC=CC=C4)[H])[H],thioglycoside,N(=[N+]=[N-])[C@@H]1[C@@H](OCC2=CC=CC=C2)[C@H](O)[C@@H](COC(C)=O)O[C@@H]1OCCCCCN(CC3=CC=CC=C3)C(OCC4=CC=CC=C4)=O,Dichloromethane,ClCCl,1,N-Iodosuccinimide,O=C1N(I)C(=O)CC1,1,25.0,1,30.0,1,a,0,CCSC1O[C@H]2CO[C@H](c3ccccc3)O[C@H]2[C@H](OCc2ccccc2)[C@H]1OC(=O)CCC(C)=O,CC(=O)OC[C@H]1O[C@H](OCCCCCN(Cc2ccccc2)C(=O)OCc2ccccc2)[C@H](N=[N+]=[N-])[C@@H](OCc2ccccc2)[C@@H]1O,CB4EB1C1
328,"Journal of the American Chemical Society (2009), 131(47), 17394-17405",期刊,2009,31-013-CAS-12119921,O(CC1=CC=CC=C1)[C@H]2[C@]3([C@@](OC(SCC)[C@@H]2OC(CCC(C)=O)=O)(CO[C@@H](O3)C4=CC=CC=C4)[H])[H],thioglycoside,N(=[N+]=[N-])[C@@H]1[C@@H](OCC2=CC=CC=C2)[C@H](O)[C@@H](COC(C)=O)O[C@@H]1OCCCCCN(CC3=CC=CC=C3)C(OCC4=CC=CC=C4)=O,Dichloromethane,ClCCl,1,N-Iodosuccinimide,O=C1N(I)C(=O)CC1,1,25.0,1,30.0,1,a,0,CCSC1O[C@H]2CO[C@H](c3ccccc3)O[C@H]2[C@H](OCc2ccccc2)[C@H]1OC(=O)CCC(C)=O,CC(=O)OC[C@H]1O[C@H](OCCCCCN(Cc2ccccc2)C(=O)OCc2ccccc2)[C@H](N=[N+]=[N-])[C@@H](OCc2ccccc2)[C@@H]1O,CB4EB1C1
329,"Tetrahedron (2010), 66(40), 8036-8046",期刊,2010,31-013-CAS-9392052,O(CC1=CC=CC=C1)[C@H]2[C@H](OCC=3C4=C(C=CC3)C=CC=C4)[C@@H](COC(CCl)=O)O[C@@H](SCC)[C@@H]2OC(=O)C5=CC=CC=C5,thioglycoside,O(CC1=CC=CC=C1)[C@@H]2[C@@H](NC(C)=O)[C@@H](OC)O[C@H](COCC3=CC=CC=C3)[C@H]2O,Dichloromethane,ClCCl,1,Triethylamine,N(CC)(CC)CC,1,0.0,1,30.0,1,b,1,CCS[C@@H]1O[C@H](COC(=O)CCl)[C@@H](OCc2cccc3ccccc23)[C@H](OCc2ccccc2)[C@H]1OC(=O)c1ccccc1,CO[C@H]1O[C@H](COCc2ccccc2)[C@@H](O)[C@H](OCc2ccccc2)[C@H]1NC(C)=O,0AFDC766
330,"Tetrahedron (2010), 66(40), 8036-8046",期刊,2010,31-013-CAS-5063674,O(CC1=CC=CC=C1)[C@H]2[C@H](OCC=3C4=C(C=CC3)C=CC=C4)[C@@H](COC(CCl)=O)O[C@@H](SCC)[C@@H]2OC(=O)C5=CC=CC=C5,thioglycoside,O(CC1=CC=CC=C1)[C@@H]2[C@@H](NC(C)=O)[C@@H](OC)O[C@H](COCC3=CC=CC=C3)[C@H]2O,Dichloromethane;Triethylamine,ClCCl;N(CC)(CC)CC,1,,,0,0.0,1,30.0,1,b,1,CCS[C@@H]1O[C@H](COC(=O)CCl)[C@@H](OCc2cccc3ccccc23)[C@H](OCc2ccccc2)[C@H]1OC(=O)c1ccccc1,CO[C@H]1O[C@H](COCc2ccccc2)[C@@H](O)[C@H](OCc2ccccc2)[C@H]1NC(C)=O,0AFDC766
331,"Tetrahedron (2010), 66(40), 8036-8046",期刊,2010,31-013-CAS-7130644,O(CC1=CC=CC=C1)[C@H]2[C@H](OCC=3C4=C(C=CC3)C=CC=C4)[C@@H](COC(CCl)=O)O[C@@H](SCC)[C@@H]2OC(=O)C5=CC=CC=C5,thioglycoside,O(CC1=CC=CC=C1)[C@@H]2[C@@H](NC(C)=O)[C@@H](OC)O[C@H](COCC3=CC=CC=C3)[C@H]2O,Dichloromethane;Triethylamine,ClCCl;N(CC)(CC)CC,1,,,0,0.0,1,120.0,1,b,1,CCS[C@@H]1O[C@H](COC(=O)CCl)[C@@H](OCc2cccc3ccccc23)[C@H](OCc2ccccc2)[C@H]1OC(=O)c1ccccc1,CO[C@H]1O[C@H](COCc2ccccc2)[C@@H](O)[C@H](OCc2ccccc2)[C@H]1NC(C)=O,0AFDC766
332,"Chemistry - An Asian Journal (2019), 14(1), 223-234",期刊,2019,31-013-CAS-19796362,O(C(=O)C1=CC=CC=C1)[C@@H]2[C@@H](OC(=O)C3=CC=CC=C3)[C@H](SC4=CC=CC=C4)O[C@H](COCC5=CC=CC=C5)[C@@H]2OC(=O)C6=CC=CC=C6,thioglycoside,[Si](OC[C@H]1O[C@@H](N=[N+]=[N-])[C@H](NC(C)=O)[C@@H](O)[C@@H]1O)(C(C)(C)C)(C2=CC=CC=C2)C3=CC=CC=C3,,,0,Trifluoromethanesulfonic acid,O=S(=O)(O)C(F)(F)F,1,-45.0,1,,0,b,1,O=C(O[C@H]1[C@@H](OC(=O)c2ccccc2)[C@@H](COCc2ccccc2)O[C@@H](Sc2ccccc2)[C@@H]1OC(=O)c1ccccc1)c1ccccc1,CC(=O)N[C@@H]1[C@@H](O)[C@H](O)[C@@H](CO[Si](c2ccccc2)(c2ccccc2)C(C)(C)C)O[C@H]1N=[N+]=[N-],E336F954
333,"World Intellectual Property Organization, WO2010117803 A2 2010-10-14",专利,2010,31-013-CAS-850505,O(CC1=CC=CC=C1)[C@H]2[C@]3([C@@](OC(SCC)[C@@H]2OC(CCC(C)=O)=O)(CO[C@@H](O3)C4=CC=CC=C4)[H])[H],thioglycoside,N(=[N+]=[N-])[C@@H]1[C@@H](OCC2=CC=CC=C2)[C@H](O)[C@@H](COC(CCC(C)=O)=O)O[C@@H]1OCCCCCN(CC3=CC=CC=C3)C(OCC4=CC=CC=C4)=O,Dichloromethane,ClCCl,1,N-Iodosuccinimide,O=C1N(I)C(=O)CC1,1,25.0,1,30.0,1,a,0,CCSC1O[C@H]2CO[C@H](c3ccccc3)O[C@H]2[C@H](OCc2ccccc2)[C@H]1OC(=O)CCC(C)=O,CC(=O)CCC(=O)OC[C@H]1O[C@H](OCCCCCN(Cc2ccccc2)C(=O)OCc2ccccc2)[C@H](N=[N+]=[N-])[C@@H](OCc2ccccc2)[C@@H]1O,37F29CD4
334,"Journal of the American Chemical Society (2009), 131(47), 17394-17405",期刊,2009,31-013-CAS-847824,O(CC1=CC=CC=C1)[C@H]2[C@]3([C@@](OC(SCC)[C@@H]2OC(CCC(C)=O)=O)(CO[C@@H](O3)C4=CC=CC=C4)[H])[H],thioglycoside,N(=[N+]=[N-])[C@@H]1[C@@H](OCC2=CC=CC=C2)[C@H](O)[C@@H](COC(CCC(C)=O)=O)O[C@@H]1OCCCCCN(CC3=CC=CC=C3)C(OCC4=CC=CC=C4)=O,Dichloromethane,ClCCl,1,N-Iodosuccinimide,O=C1N(I)C(=O)CC1,1,25.0,1,30.0,1,a,0,CCSC1O[C@H]2CO[C@H](c3ccccc3)O[C@H]2[C@H](OCc2ccccc2)[C@H]1OC(=O)CCC(C)=O,CC(=O)CCC(=O)OC[C@H]1O[C@H](OCCCCCN(Cc2ccccc2)C(=O)OCc2ccccc2)[C@H](N=[N+]=[N-])[C@@H](OCc2ccccc2)[C@@H]1O,37F29CD4
335,"Asian Journal of Organic Chemistry (2015), 4(8), 756-762",期刊,2015,31-013-CAS-16004432,O(C(=O)C1=CC=CC=C1)[C@H]2[C@]3([C@](O[C@@H](SCC)[C@@H]2OC(=O)C4=CC=CC=C4)(CO[C@H](O3)C5=CC=CC=C5)[H])[H],thioglycoside,N(=[N+]=[N-])[C@@H]1[C@@H](OCC2=CC=CC=C2)[C@H](O)[C@@H](COC(CCC(C)=O)=O)O[C@H]1OCCOCCN(CC3=CC=CC=C3)C(OCC4=CC=CC=C4)=O,Dichloromethane,ClCCl,1,Trimethylsilyl triflate,O=S(=O)(O[Si](C)(C)C)C(F)(F)F,1,25.0,1,30.0,1,b,1,CCS[C@@H]1O[C@@H]2CO[C@@H](c3ccccc3)O[C@H]2[C@H](OC(=O)c2ccccc2)[C@H]1OC(=O)c1ccccc1,CC(=O)CCC(=O)OC[C@H]1O[C@@H](OCCOCCN(Cc2ccccc2)C(=O)OCc2ccccc2)[C@H](N=[N+]=[N-])[C@@H](OCc2ccccc2)[C@@H]1O,8E79331B
336,"ACS Chemical Biology (2019), 14(9), 1921-1929",期刊,2019,31-013-CAS-21186032,O(CC1=CC=CC=C1)[C@H]2[C@]3([C@@](OC(SCC)[C@@H]2OC(CCC(C)=O)=O)(CO[C@H](O3)C4=CC=CC=C4)[H])[H],thioglycoside,N(=[N+]=[N-])[C@@H]1[C@@H](OCC2=CC=CC=C2)[C@H](O)[C@@H](COC(CCC(C)=O)=O)O[C@@H]1OCCCCCN(CC3=CC=CC=C3)C(OCC4=CC=CC=C4)=O,Dichloromethane;Toluene,ClCCl;C=1C=CC(=CC1)C,1,Triethylamine,N(CC)(CC)CC,1,25.0,1,30.0,1,a,0,CCSC1O[C@H]2CO[C@@H](c3ccccc3)O[C@H]2[C@H](OCc2ccccc2)[C@H]1OC(=O)CCC(C)=O,CC(=O)CCC(=O)OC[C@H]1O[C@H](OCCCCCN(Cc2ccccc2)C(=O)OCc2ccccc2)[C@H](N=[N+]=[N-])[C@@H](OCc2ccccc2)[C@@H]1O,31D62020
337,"Angewandte Chemie, International Edition (2021), 60(26), 14679-14692",期刊,2021,31-614-CAS-40218507,O(C(=O)C1=CC=CC=C1)[C@H]2[C@@H](OC(=O)C3=CC=CC=C3)[C@@H](COC(=O)C4=CC=CC=C4)O[C@@H](SCC)[C@@H]2OC(=O)C5=CC=CC=C5,thioglycoside,N(C(C(Cl)(Cl)Cl)=O)[C@H]1[C@H](O[Si](C(C)(C)C)(C)C)O[C@H](COCC2=CC=CC=C2)[C@@H](O)[C@@H]1OCC3=CC=CC=C3,Dichloromethane,ClCCl,1,N-Iodosuccinimide,O=C1N(I)C(=O)CC1,1,-20.0,1,30.0,1,b,1,CCS[C@@H]1O[C@H](COC(=O)c2ccccc2)[C@H](OC(=O)c2ccccc2)[C@H](OC(=O)c2ccccc2)[C@H]1OC(=O)c1ccccc1,CC(C)(C)[Si](C)(C)O[C@@H]1O[C@H](COCc2ccccc2)[C@@H](O)[C@H](OCc2ccccc2)[C@H]1NC(=O)C(Cl)(Cl)Cl,26EBA69C
338,"United States, US20120142560 A1 2012-06-07",专利,2012,31-013-CAS-6023114,O(CC1=CC=CC=C1)[C@H]2[C@]3([C@](O[C@@H](SCC)[C@@H]2OC(CCC(C)=O)=O)(CO[C@H](O3)C4=CC=CC=C4)[H])[H],thioglycoside,N(=[N+]=[N-])[C@@H]1[C@@H](OCC2=CC=CC=C2)[C@H](O)[C@@H](COC(CCC(C)=O)=O)O[C@@H]1OCCCCCN(CC3=CC=CC=C3)C(OCC4=CC=CC=C4)=O,Dichloromethane,ClCCl,1,N-Iodosuccinimide,O=C1N(I)C(=O)CC1,1,25.0,1,30.0,1,b,1,CCS[C@@H]1O[C@@H]2CO[C@@H](c3ccccc3)O[C@H]2[C@H](OCc2ccccc2)[C@H]1OC(=O)CCC(C)=O,CC(=O)CCC(=O)OC[C@H]1O[C@H](OCCCCCN(Cc2ccccc2)C(=O)OCc2ccccc2)[C@H](N=[N+]=[N-])[C@@H](OCc2ccccc2)[C@@H]1O,96F58E99
339,"World Intellectual Property Organization, WO2010117803 A2 2010-10-14",专利,2010,31-013-CAS-503131,O(CC1=CC=CC=C1)[C@H]2[C@]3([C@](O[C@@H](SCC)[C@@H]2OC(CCC(C)=O)=O)(CO[C@H](O3)C4=CC=CC=C4)[H])[H],thioglycoside,N(=[N+]=[N-])[C@@H]1[C@@H](OCC2=CC=CC=C2)[C@H](O)[C@@H](COC(CCC(C)=O)=O)O[C@@H]1OCCCCCN(CC3=CC=CC=C3)C(OCC4=CC=CC=C4)=O,Dichloromethane,ClCCl,1,N-Iodosuccinimide,O=C1N(I)C(=O)CC1,1,25.0,1,30.0,1,b,1,CCS[C@@H]1O[C@@H]2CO[C@@H](c3ccccc3)O[C@H]2[C@H](OCc2ccccc2)[C@H]1OC(=O)CCC(C)=O,CC(=O)CCC(=O)OC[C@H]1O[C@H](OCCCCCN(Cc2ccccc2)C(=O)OCc2ccccc2)[C@H](N=[N+]=[N-])[C@@H](OCc2ccccc2)[C@@H]1O,96F58E99
340,"Journal of the American Chemical Society (2009), 131(47), 17394-17405",期刊,2009,31-013-CAS-7578178,O(CC1=CC=CC=C1)[C@H]2[C@]3([C@](O[C@@H](SCC)[C@@H]2OC(CCC(C)=O)=O)(CO[C@H](O3)C4=CC=CC=C4)[H])[H],thioglycoside,N(=[N+]=[N-])[C@@H]1[C@@H](OCC2=CC=CC=C2)[C@H](O)[C@@H](COC(CCC(C)=O)=O)O[C@@H]1OCCCCCN(CC3=CC=CC=C3)C(OCC4=CC=CC=C4)=O,Dichloromethane,ClCCl,1,N-Iodosuccinimide,O=C1N(I)C(=O)CC1,1,25.0,1,30.0,1,b,1,CCS[C@@H]1O[C@@H]2CO[C@@H](c3ccccc3)O[C@H]2[C@H](OCc2ccccc2)[C@H]1OC(=O)CCC(C)=O,CC(=O)CCC(=O)OC[C@H]1O[C@H](OCCCCCN(Cc2ccccc2)C(=O)OCc2ccccc2)[C@H](N=[N+]=[N-])[C@@H](OCc2ccccc2)[C@@H]1O,96F58E99
341,"Journal of the American Chemical Society (2003), 125(52), 16334-16339",期刊,2003,31-013-CAS-9083796,[Si](OC[C@@H]1[C@@H](OCC2=CC=CC=C2)[C@H](OCC3=CC=CC=C3)[C@H](OCC4=CC=CC=C4)[C@@H](OC[C@@H]5[C@@H](OCC6=CC=CC=C6)[C@H](OCC7=CC=CC=C7)[C@H](OC(CCl)=O)[C@@H](SCC)O5)O1)(C(C)(C)C)(C8=CC=CC=C8)C9=CC=CC=C9,thioglycoside,O([C@H]1[C@H](OP(OC[C@H](OC(OCC2=CC=CC=C2)=O)COCCCCCCCCCCCCCCCCCC)(OCCC#N)=O)[C@H](OC(CCCCCCCCCCCCCCC)=O)[C@H](OCC3=CC=CC=C3)[C@@H](OCC4=CC=CC=C4)[C@@H]1OCC5=CC=CC=C5)[C@@H]6[C@H](N=[N+]=[N-])[C@@H](OCC7=CC=CC=C7)[C@H](O)[C@@H](COCC8=CC=CC=C8)O6,Dichloromethane,ClCCl,1,Trifluoromethanesulfonic acid,O=S(=O)(O)C(F)(F)F,1,25.0,1,60.0,1,a,0,CCS[C@H]1O[C@H](CO[C@H]2O[C@H](CO[Si](c3ccccc3)(c3ccccc3)C(C)(C)C)[C@@H](OCc3ccccc3)[C@H](OCc3ccccc3)[C@@H]2OCc2ccccc2)[C@@H](OCc2ccccc2)[C@H](OCc2ccccc2)[C@@H]1OC(=O)CCl,CCCCCCCCCCCCCCCCCCOC[C@H](COP(=O)(OCCC#N)O[C@@H]1[C@H](OC(=O)CCCCCCCCCCCCCCC)[C@H](OCc2ccccc2)[C@@H](OCc2ccccc2)[C@H](OCc2ccccc2)[C@H]1O[C@H]1O[C@H](COCc2ccccc2)[C@@H](O)[C@H](OCc2ccccc2)[C@H]1N=[N+]=[N-])OC(=O)OCc1ccccc1,B7B1C5C8
342,"Organic & Biomolecular Chemistry (2014), 12(13), 2087-2098",期刊,2014,31-013-CAS-403547,O(CC1=CC=CC=C1)[C@H]2[C@]3([C@@](O[C@@H](SC4=CC=CC=C4)[C@@H]2OC(CCC(C)=O)=O)(COC(O3)C5=CC=CC=C5)[H])[H],thioglycoside,N(=[N+]=[N-])[C@@H]1[C@@H](OCC2=CC=CC=C2)[C@H](O)[C@@H](COC(CCC(C)=O)=O)O[C@@H]1OCCCCCN(CC3=CC=CC=C3)C(OCC4=CC=CC=C4)=O,Dichloromethane,ClCCl,1,N-Iodosuccinimide,O=C1N(I)C(=O)CC1,1,0.0,1,,0,a,0,CC(=O)CCC(=O)O[C@@H]1[C@@H](OCc2ccccc2)[C@@H]2OC(c3ccccc3)OC[C@@H]2O[C@H]1Sc1ccccc1,CC(=O)CCC(=O)OC[C@H]1O[C@H](OCCCCCN(Cc2ccccc2)C(=O)OCc2ccccc2)[C@H](N=[N+]=[N-])[C@@H](OCc2ccccc2)[C@@H]1O,73FDC47C
343,"Synlett (2015), 26(16), 2267-2271",期刊,2015,31-013-CAS-1838282,O([Si](C(C)C)(C(C)C)C(C)C)[C@H]1[C@H](OC(C(F)(F)F)=O)[C@H](OC(=O)C2=CC=CC=C2)[C@H](C)O[C@@H]1SCC,thioglycoside,[Si](OC[C@@H]1[C@@H](O)[C@H](OC(CCl)=O)[C@@H](NC(C(F)(F)F)=O)[C@H](OC2=CC=C(OCCCl)C=C2)O1)(C(C)(C)C)(C3=CC=CC=C3)C4=CC=CC=C4,Dichloromethane;Methanol,ClCCl;OC,1,N-Iodosuccinimide,O=C1N(I)C(=O)CC1,1,22.0,1,60.0,1,a,0,CCS[C@H]1O[C@@H](C)[C@@H](OC(=O)c2ccccc2)[C@@H](OC(=O)C(F)(F)F)[C@@H]1O[Si](C(C)C)(C(C)C)C(C)C,CC(C)(C)[Si](OC[C@H]1O[C@@H](Oc2ccc(OCCCl)cc2)[C@H](NC(=O)C(F)(F)F)[C@@H](OC(=O)CCl)[C@@H]1O)(c1ccccc1)c1ccccc1,4CAA054E
344,"Synlett (2015), 26(16), 2267-2271",期刊,2015,31-013-CAS-10963089,[Si](O[C@@H]1[C@@H](SCC)O[C@@H](C)[C@@H](OC(=O)C2=CC=CC=C2)[C@H]1O)(C(C)C)(C(C)C)C(C)C,thioglycoside,[Si](OC[C@@H]1[C@@H](O)[C@H](OC(CCl)=O)[C@@H](NC(C(F)(F)F)=O)[C@H](OC2=CC=C(OCCCl)C=C2)O1)(C(C)(C)C)(C3=CC=CC=C3)C4=CC=CC=C4,Dichloromethane,ClCCl,1,N-Iodosuccinimide,O=C1N(I)C(=O)CC1,1,22.0,1,60.0,1,a,0,CCS[C@H]1O[C@@H](C)[C@@H](OC(=O)c2ccccc2)[C@@H](O)[C@@H]1O[Si](C(C)C)(C(C)C)C(C)C,CC(C)(C)[Si](OC[C@H]1O[C@@H](Oc2ccc(OCCCl)cc2)[C@H](NC(=O)C(F)(F)F)[C@@H](OC(=O)CCl)[C@@H]1O)(c1ccccc1)c1ccccc1,331C8E99
345,"China, CN105315315 A 2016-02-10",专利,2016,31-013-CAS-15619086,O([Si](C(C)(C)C)(C)C)[C@H]1[C@H](OCC2=CC=CC=C2)[C@@H](OC(=O)C3=CC=CC=C3)[C@H](SC4=CC=C(C)C=C4)O[C@H]1C(OC)=O,thioglycoside,N(C(OCC1=CC=CC=C1)=O)[C@@H]2[C@@H](OCC3=CC=CC=C3)[C@H](O)[C@@H](COC(=O)C4=CC=CC=C4)O[C@@H]2OC,Dichloromethane,ClCCl,1,Trifluoromethanesulfonic acid,O=S(=O)(O)C(F)(F)F,1,25.0,1,60.0,1,a,0,COC(=O)[C@@H]1O[C@@H](Sc2ccc(C)cc2)[C@H](OC(=O)c2ccccc2)[C@@H](OCc2ccccc2)[C@@H]1O[Si](C)(C)C(C)(C)C,CO[C@H]1O[C@H](COC(=O)c2ccccc2)[C@@H](O)[C@H](OCc2ccccc2)[C@H]1NC(=O)OCc1ccccc1,A7627C79
346,"Journal of Organic Chemistry (2013), 78(14), 6911-6934",期刊,2013,31-013-CAS-27980,O(CC1=CC=CC=C1)[C@@H]2[C@@H](OC(=O)C3=CC=CC=C3)[C@H](SC4=CC=CC=C4)O[C@@H](C(OC)=O)[C@H]2OC(CCC(C)=O)=O,thioglycoside,O([C@H]1[C@H](OCC2=CC=CC=C2)[C@@H](OC(=O)C3=CC=CC=C3)[C@H](OCCCCCN(CC4=CC=CC=C4)C(OCC5=CC=C(COC(=O)C6=CC=CC=C6)C=C5)=O)O[C@H]1C(OC)=O)[C@@H]7[C@H](N=[N+]=[N-])[C@@H](OCC8=CC=CC=C8)[C@H](O)[C@@H](COC(=O)C9=CC=CC=C9)O7,Dichloromethane,ClCCl,1,N-Iodosuccinimide,O=C1N(I)C(=O)CC1,1,25.0,1,180.0,1,a,0,COC(=O)[C@@H]1O[C@@H](Sc2ccccc2)[C@H](OC(=O)c2ccccc2)[C@@H](OCc2ccccc2)[C@@H]1OC(=O)CCC(C)=O,COC(=O)[C@@H]1O[C@@H](OCCCCCN(Cc2ccccc2)C(=O)OCc2ccc(COC(=O)c3ccccc3)cc2)[C@H](OC(=O)c2ccccc2)[C@@H](OCc2ccccc2)[C@@H]1O[C@H]1O[C@H](COC(=O)c2ccccc2)[C@@H](O)[C@H](OCc2ccccc2)[C@H]1N=[N+]=[N-],30CA593E
347,"Chemistry - A European Journal (2012), 18(5), 1342-1351, S1342/1-S1342/48",期刊,2012,31-013-CAS-7616373,O([C@@H](CC1CCCCC1)C(OCC2=CC=CC=C2)=O)[C@H]3[C@@H](OC(=O)C4=CC=CC=C4)[C@@H](COC(=O)C5=CC=CC=C5)O[C@@H](SCC)[C@@H]3OC(=O)C6=CC=CC=C6,thioglycoside,O(CC1=CC=CC=C1)[C@H]2[C@H](OCC3=CC=CC=C3)[C@H](O[C@@H]4[C@@H](NC(C)=O)[C@H](OC)O[C@H](COCC5=CC=CC=C5)[C@H]4O)O[C@@H](C)[C@H]2OCC6=CC=CC=C6,Dichloromethane,ClCCl,1,Triethylamine,N(CC)(CC)CC,1,25.0,1,240.0,1,b,1,CCS[C@@H]1O[C@H](COC(=O)c2ccccc2)[C@H](OC(=O)c2ccccc2)[C@H](O[C@@H](CC2CCCCC2)C(=O)OCc2ccccc2)[C@H]1OC(=O)c1ccccc1,CO[C@@H]1O[C@H](COCc2ccccc2)[C@@H](O)[C@H](O[C@@H]2O[C@@H](C)[C@@H](OCc3ccccc3)[C@@H](OCc3ccccc3)[C@@H]2OCc2ccccc2)[C@H]1NC(C)=O,FB0DCDF6
348,"Chemistry - A European Journal (2023), 29(16), e202203672",期刊,2023,31-614-CAS-39684276,O(CC1=CC=CC=C1)[C@H]2[C@H](OCC3=CC=CC=C3)[C@@H](SC4=CC=C(C)C=C4)O[C@@H](C)[C@H]2OCC5=CC=CC=C5,thioglycoside,O([C@@H]1[C@@H](OCC2=CC=CC=C2)[C@H](O[C@H]3[C@H](OCC4=CC=CC=C4)[C@@H](OCC5=CC=CC=C5)[C@H](OCCCN=[N+]=[N-])O[C@@H]3COCC6=CC=CC=C6)O[C@H](COCC7=CC=CC=C7)[C@@H]1OCC8=CC=CC=C8)[C@H]9[C@H](NC(C)=O)[C@@H](O[C@H]%10[C@H](O)[C@@H](O[C@@H]%11[C@H](OCC%12=CC=CC=C%12)[C@@H](OCC%13=CC=CC=C%13)[C@@H](OCC%14=CC=CC=C%14)[C@@H](COCC%15=CC=CC=C%15)O%11)[C@@H](OCC%16=CC=CC=C%16)[C@@H](COCC%17=CC=CC=C%17)O%10)[C@H](O)[C@@H](COCC%18=CC=CC=C%18)O9,Dichloromethane,ClCCl,1,Triethylamine,N(CC)(CC)CC,1,25.0,1,120.0,1,a,0,Cc1ccc(S[C@H]2O[C@@H](C)[C@@H](OCc3ccccc3)[C@@H](OCc3ccccc3)[C@@H]2OCc2ccccc2)cc1,CC(=O)N[C@H]1[C@H](O[C@H]2[C@@H](OCc3ccccc3)[C@@H](COCc3ccccc3)O[C@@H](O[C@H]3[C@H](OCc4ccccc4)[C@@H](OCc4ccccc4)[C@H](OCCCN=[N+]=[N-])O[C@@H]3COCc3ccccc3)[C@@H]2OCc2ccccc2)O[C@H](COCc2ccccc2)[C@@H](O)[C@@H]1O[C@@H]1O[C@H](COCc2ccccc2)[C@H](OCc2ccccc2)[C@H](O[C@H]2O[C@H](COCc3ccccc3)[C@H](OCc3ccccc3)[C@H](OCc3ccccc3)[C@H]2OCc2ccccc2)[C@H]1O,0BF6B993
349,"Journal of Medicinal Chemistry (2014), 57(11), 4511-4520",期刊,2014,31-013-CAS-12686981,O(CC1=CC=CC=C1)[C@H]2[C@H](OC(C)=O)[C@H](COC(C)=O)OC(SCC)[C@@H]2OC(C)=O,thioglycoside,[Si](OC[C@@H]1[C@@H](O)[C@H](OCC2=CC=CC=C2)[C@@H](N=[N+]=[N-])[C@@H](OCCCCCN(CC3=CC=CC=C3)C(OCC4=CC=CC=C4)=O)O1)(C(C)(C)C)(C5=CC=CC=C5)C6=CC=CC=C6,Toluene,C=1C=CC(=CC1)C,1,Triethylamine,N(CC)(CC)CC,1,25.0,1,30.0,1,a,0,CCSC1O[C@@H](COC(C)=O)[C@@H](OC(C)=O)[C@H](OCc2ccccc2)[C@H]1OC(C)=O,CC(C)(C)[Si](OC[C@H]1O[C@H](OCCCCCN(Cc2ccccc2)C(=O)OCc2ccccc2)[C@H](N=[N+]=[N-])[C@@H](OCc2ccccc2)[C@@H]1O)(c1ccccc1)c1ccccc1,E31605FF
350,"Tetrahedron Letters (2011), 52(43), 5567-5570",期刊,2011,31-013-CAS-7388606,O(C(C)=O)[C@@H]1[C@@H](OC(C)=O)[C@H](SC2=CC=CC=C2)O[C@H](C(OC)=O)[C@H]1OC(C)=O,thioglycoside,O([C@H]1[C@]2([C@]([C@H](O)[C@@H](COCC3=CC=CC=C3)O1)(OC(=O)N2)[H])[H])C4=CC=C(OC)C=C4,Dichloromethane,ClCCl,1,N-Iodosuccinimide,O=C1N(I)C(=O)CC1,1,0.0,1,180.0,1,b,1,COC(=O)[C@H]1O[C@@H](Sc2ccccc2)[C@H](OC(C)=O)[C@@H](OC(C)=O)[C@@H]1OC(C)=O,COc1ccc(O[C@@H]2O[C@H](COCc3ccccc3)[C@@H](O)[C@@H]3OC(=O)N[C@@H]23)cc1,3C0ECC3D
351,"United States, US20090246200 A1 2009-10-01",专利,2009,31-013-CAS-14531739,O(CC1=CC=CC=C1)[C@H]2[C@@H](OCC3=CC=CC=C3)[C@@H](COCC4=CC=CC=C4)O[C@@H](SCC)[C@@H]2OC(C)=O,thioglycoside,N(=[N+]=[N-])[C@@H]1[C@@H](OCC2=CC3=C(C=C2)C=CC=C3)[C@H](O)[C@@H](COCC4=CC=CC=C4)O[C@@H]1OCCCCCN(CC5=CC=CC=C5)C(OCC6=CC=CC=C6)=O,Dichloromethane,ClCCl,1,N-Iodosuccinimide,O=C1N(I)C(=O)CC1,1,0.0,1,30.0,1,b,1,CCS[C@@H]1O[C@H](COCc2ccccc2)[C@H](OCc2ccccc2)[C@H](OCc2ccccc2)[C@H]1OC(C)=O,[N-]=[N+]=N[C@H]1[C@@H](OCCCCCN(Cc2ccccc2)C(=O)OCc2ccccc2)O[C@H](COCc2ccccc2)[C@@H](O)[C@@H]1OCc1ccc2ccccc2c1,790D9AC5
352,"ChemBioChem (2008), 9(11), 1716-1720",期刊,2008,31-013-CAS-14761758,O(CC1=CC=CC=C1)[C@H]2[C@@H](OCC3=CC=CC=C3)[C@@H](COCC4=CC=CC=C4)O[C@@H](SCC)[C@@H]2OC(C)=O,thioglycoside,N(=[N+]=[N-])[C@@H]1[C@@H](OCC2=CC3=C(C=C2)C=CC=C3)[C@H](O)[C@@H](COCC4=CC=CC=C4)O[C@@H]1OCCCCCN(CC5=CC=CC=C5)C(OCC6=CC=CC=C6)=O,Dichloromethane,ClCCl,1,N-Iodosuccinimide,O=C1N(I)C(=O)CC1,1,0.0,1,30.0,1,b,1,CCS[C@@H]1O[C@H](COCc2ccccc2)[C@H](OCc2ccccc2)[C@H](OCc2ccccc2)[C@H]1OC(C)=O,[N-]=[N+]=N[C@H]1[C@@H](OCCCCCN(Cc2ccccc2)C(=O)OCc2ccccc2)O[C@H](COCc2ccccc2)[C@@H](O)[C@@H]1OCc1ccc2ccccc2c1,790D9AC5
353,"China, CN120829375 A 2025-10-24",专利,2025,31-614-CAS-47697112,O(CC1=CC=CC=C1)[C@H]2[C@H](OCC3=CC=CC=C3)[C@@H](COCC4=CC=CC=C4)O[C@@H](SC5=CC=C(C)C=C5)[C@@H]2OC(C)=O,thioglycoside,N(C(OCC1=CC=CC=C1)=O)[C@@H]2[C@@H](OCC3=CC=CC=C3)[C@H](O)[C@@H](CO)O[C@@H]2OC,Dichloromethane,ClCCl,1,Triethylamine,N(CC)(CC)CC,1,0.0,1,240.0,1,b,1,CC(=O)O[C@@H]1[C@@H](OCc2ccccc2)[C@H](OCc2ccccc2)[C@@H](COCc2ccccc2)O[C@H]1Sc1ccc(C)cc1,CO[C@H]1O[C@H](CO)[C@@H](O)[C@H](OCc2ccccc2)[C@H]1NC(=O)OCc1ccccc1,A9FC93E7
354,"European Journal of Medicinal Chemistry (2017), 126, 1039-1055",期刊,2017,31-614-CAS-27094234,O(CC1=CC=CC=C1)[C@@H]2[C@@H](OC(=O)C3=CC=CC=C3)[C@H](SS(=O)(=O)C4=CC=C(C)C=C4)O[C@@H](C(OC)=O)[C@H]2OC(CCl)=O,thioglycoside,N(C(OCC1=CC=CC=C1)=O)(C)[C@@H]2[C@@H](OCC3=CC=CC=C3)[C@H](O)[C@@H](COC(=O)C4=CC=CC=C4)O[C@@H]2OC,Dichloromethane,ClCCl,1,Diphenyl sulfoxide,O=S(C=1C=CC=CC1)C=2C=CC=CC2,1,-72.0,1,5.0,1,a,0,COC(=O)[C@@H]1O[C@@H](SS(=O)(=O)c2ccc(C)cc2)[C@H](OC(=O)c2ccccc2)[C@@H](OCc2ccccc2)[C@@H]1OC(=O)CCl,CO[C@H]1O[C@H](COC(=O)c2ccccc2)[C@@H](O)[C@H](OCc2ccccc2)[C@H]1N(C)C(=O)OCc1ccccc1,5C818A33
355,"Organic Letters (2003), 5(24), 4717-4720",期刊,2003,31-301-CAS-4805695,O(CC1=CC=C(OC)C=C1)[C@H]2[C@]3([C@](O[C@H](S(=O)C4=CC=CC=C4)[C@H]2OCC5=CC=CC=C5)(CO[C@H](O3)C6=CC=CC=C6)[H])[H],thioglycoside,N(C(C(Cl)(Cl)Cl)=O)[C@H]1[C@H](O[Si](C(C)(C)C)(C)C)O[C@H](COCC2=CC=CC=C2)[C@@H](O)[C@@H]1OCC3=CC=CC=C3,Dichloromethane,ClCCl,1,Sodium bicarbonate,[Na].O=C(O)O,1,25.0,1,,0,b,1,COc1ccc(CO[C@H]2[C@@H]3O[C@H](c4ccccc4)OC[C@H]3O[C@H](S(=O)c3ccccc3)[C@H]2OCc2ccccc2)cc1,CC(C)(C)[Si](C)(C)O[C@@H]1O[C@H](COCc2ccccc2)[C@@H](O)[C@H](OCc2ccccc2)[C@H]1NC(=O)C(Cl)(Cl)Cl,50F071F0
356,"Chemistry - An Asian Journal (2019), 14(1), 223-234",期刊,2019,31-013-CAS-19796363,O(C(=O)C1=CC=CC=C1)[C@@H]2[C@@H](OC(=O)C3=CC=CC=C3)[C@H](SC4=CC=CC=C4)O[C@H](COC(=O)C5=CC=CC=C5)[C@@H]2OC(=O)C6=CC=CC=C6,thioglycoside,[Si](OC[C@H]1O[C@@H](N=[N+]=[N-])[C@H](NC(C)=O)[C@@H](O)[C@@H]1O)(C(C)(C)C)(C2=CC=CC=C2)C3=CC=CC=C3,,,0,Trifluoromethanesulfonic acid,O=S(=O)(O)C(F)(F)F,1,-45.0,1,,0,b,1,O=C(OC[C@H]1O[C@@H](Sc2ccccc2)[C@H](OC(=O)c2ccccc2)[C@@H](OC(=O)c2ccccc2)[C@H]1OC(=O)c1ccccc1)c1ccccc1,CC(=O)N[C@@H]1[C@@H](O)[C@H](O)[C@@H](CO[Si](c2ccccc2)(c2ccccc2)C(C)(C)C)O[C@H]1N=[N+]=[N-],60DEF892
357,"Carbohydrate Research (2012), 361, 55-72",期刊,2012,31-013-CAS-15095112,O(C(CCl)=O)[C@H]1[C@@]2([C@](O[C@@H](SC3=CC=CC=C3)[C@@H]1OC(=O)C4=CC=CC=C4)(CO[C@@H](O2)C5=CC=CC=C5)[H])[H],thioglycoside,N(C(OCC(Cl)(Cl)Cl)=O)[C@@H]1[C@@H](OC(CCl)=O)[C@H](O)[C@@H](COCC2=CC=CC=C2)O[C@H]1OCC[Si](C)(C)C,Dichloromethane,ClCCl,1,Trifluoromethanesulfonic acid,O=S(=O)(O)C(F)(F)F,1,25.0,1,120.0,1,b,1,O=C(CCl)O[C@H]1[C@H]2O[C@@H](c3ccccc3)OC[C@H]2O[C@@H](Sc2ccccc2)[C@@H]1OC(=O)c1ccccc1,C[Si](C)(C)CCO[C@@H]1O[C@H](COCc2ccccc2)[C@@H](O)[C@H](OC(=O)CCl)[C@H]1NC(=O)OCC(Cl)(Cl)Cl,C25FB76A
358,"Journal of the American Chemical Society (2012), 134(1), 426-435",期刊,2012,31-013-CAS-9787141,O(C(CCl)=O)[C@H]1[C@@]2([C@](O[C@@H](SCC)[C@@H]1OC(=O)C3=CC=CC=C3)(CO[C@@H](O2)C4=CC=CC=C4)[H])[H],thioglycoside,N(C(C)=O)[C@@H]1[C@@H](OCC2=CC=CC=C2)[C@H](O)[C@@H](COCC3=CC=CC=C3)O[C@H]1OCCN=[N+]=[N-],Dichloromethane,ClCCl,1,Trifluoromethanesulfonic acid,O=S(=O)(O)C(F)(F)F,1,-30.0,1,,0,b,1,CCS[C@@H]1O[C@@H]2CO[C@H](c3ccccc3)O[C@@H]2[C@H](OC(=O)CCl)[C@H]1OC(=O)c1ccccc1,CC(=O)N[C@H]1[C@H](OCCN=[N+]=[N-])O[C@H](COCc2ccccc2)[C@@H](O)[C@@H]1OCc1ccccc1,68135153
359,"Tetrahedron Letters (2011), 52(43), 5567-5570",期刊,2011,31-013-CAS-5259694,O(C(C)=O)[C@H]1[C@]2([C@@H](OC(C)=O)[C@H](SC3=CC=CC=C3)O[C@@]1(C(=O)O2)[H])[H],thioglycoside,O([C@H]1[C@]2([C@]([C@H](O)[C@@H](COCC3=CC=CC=C3)O1)(OC(=O)N2)[H])[H])C4=CC=C(OC)C=C4,Dichloromethane,ClCCl,1,N-Iodosuccinimide,O=C1N(I)C(=O)CC1,1,0.0,1,180.0,1,b,1,CC(=O)O[C@@H]1[C@H]2OC(=O)[C@@H](O[C@H]1Sc1ccccc1)[C@H]2OC(C)=O,COc1ccc(O[C@@H]2O[C@H](COCc3ccccc3)[C@@H](O)[C@@H]3OC(=O)N[C@@H]23)cc1,501E2643
360,"Tetrahedron Letters (2011), 52(43), 5567-5570",期刊,2011,31-013-CAS-3120111,O(C(C)=O)[C@H]1[C@]2([C@@H](OC(C)=O)[C@H](SC3=CC=CC=C3)O[C@@]1(C(=O)O2)[H])[H],thioglycoside,O([C@H]1[C@]2([C@]([C@H](O)[C@@H](COCC3=CC=CC=C3)O1)(OC(=O)N2)[H])[H])C4=CC=C(OC)C=C4,Dichloromethane,ClCCl,1,N-Iodosuccinimide,O=C1N(I)C(=O)CC1,1,10.0,1,60.0,1,b,1,CC(=O)O[C@@H]1[C@H]2OC(=O)[C@@H](O[C@H]1Sc1ccccc1)[C@H]2OC(C)=O,COc1ccc(O[C@@H]2O[C@H](COCc3ccccc3)[C@@H](O)[C@@H]3OC(=O)N[C@@H]23)cc1,501E2643
361,"Bioorganic & Medicinal Chemistry (2018), 26(9), 2262-2270",期刊,2018,31-013-CAS-22252748,O(C(=O)C1=CC=CC=C1)[C@@H]2[C@@]3([C@]([C@@H](COC(=O)C4=CC=CC=C4)O[C@H]2SC5=CC=C(C)C=C5)(OC(C)(C)O3)[H])[H],thioglycoside,N(C(OCC(Cl)(Cl)Cl)=O)[C@@H]1[C@@H](OC(=O)C2=CC=CC=C2)[C@H](O)[C@@H](COCC3=CC=CC=C3)O[C@H]1OCC(OC)=O,Dichloromethane,ClCCl,1,Sulfobromophthalein,[Na].O=C1OC(C2=CC=C(O)C(=C2)S(=O)(=O)O)(C3=CC=C(O)C(=C3)S(=O)(=O)O)C=4C(Br)=C(Br)C(Br)=C(Br)C14,1,-60.0,1,90.0,1,b,1,Cc1ccc(S[C@@H]2O[C@H](COC(=O)c3ccccc3)[C@@H]3OC(C)(C)O[C@@H]3[C@H]2OC(=O)c2ccccc2)cc1,COC(=O)CO[C@@H]1O[C@H](COCc2ccccc2)[C@@H](O)[C@H](OC(=O)c2ccccc2)[C@H]1NC(=O)OCC(Cl)(Cl)Cl,9786B750
362,"Journal of Organic Chemistry (2003), 68(6), 2135-2142",期刊,2003,31-013-CAS-14346413,O(CC1=CC=C(OC)C=C1)[C@@H]2[C@@H](OC(CCC(C)=O)=O)[C@H](SC3=CC=C(C)C=C3)O[C@H](COCC4=CC=CC=C4)[C@@H]2OCC5=CC=CC=C5,thioglycoside,N(C(OCC(Cl)(Cl)Cl)=O)[C@H]1[C@H](OCCCCCC(OC)=O)O[C@H](COCC2=CC=CC=C2)[C@@H](O)[C@@H]1OC(C)=O,Dichloromethane,ClCCl,1,N-Iodosuccinimide,O=C1N(I)C(=O)CC1,1,-45.0,1,,0,b,1,COc1ccc(CO[C@H]2[C@@H](OCc3ccccc3)[C@@H](COCc3ccccc3)O[C@@H](Sc3ccc(C)cc3)[C@@H]2OC(=O)CCC(C)=O)cc1,COC(=O)CCCCCO[C@@H]1O[C@H](COCc2ccccc2)[C@@H](O)[C@H](OC(C)=O)[C@H]1NC(=O)OCC(Cl)(Cl)Cl,A73CDA6A
363,"Journal of Medicinal Chemistry (2020), 63(8), 4227-4255",期刊,2020,31-013-CAS-21905508,O(CC1=CC=CC=C1)[C@H]2[C@]3([C@](O[C@@H](SCC)[C@@H]2OC(C)=O)(CO[C@H](O3)C4=CC=CC=C4)[H])[H],thioglycoside,N(C(C)=O)[C@@H]1[C@@H](OCC2=CC=CC=C2)[C@H](O)[C@@H](COCC3=CC4=C(C=C3)C=CC=C4)O[C@@H]1OCCN=[N+]=[N-],Dichloromethane,ClCCl,1,N-Iodosuccinimide,O=C1N(I)C(=O)CC1,1,25.0,1,60.0,1,b,1,CCS[C@@H]1O[C@@H]2CO[C@@H](c3ccccc3)O[C@H]2[C@H](OCc2ccccc2)[C@H]1OC(C)=O,CC(=O)N[C@H]1[C@@H](OCCN=[N+]=[N-])O[C@H](COCc2ccc3ccccc3c2)[C@@H](O)[C@@H]1OCc1ccccc1,435A3C77
364,"Carbohydrate Research (2008), 343(4), 596-606",期刊,2008,31-013-CAS-7197673,O(CC1=CC=CC=C1)[C@@H]2[C@@H](OC(=O)C3=CC=CC=C3)[C@H](SC4=CC=CC=C4)O[C@@H](COC(CCl)=O)[C@H]2OCC5=CC=CC=C5,thioglycoside,N(C(OCC1=CC=CC=C1)=O)[C@@H]2[C@@H](OCC3=CC=CC=C3)[C@H](O)[C@@H](COC4=CC=C(OC)C=C4)O[C@@H]2OC,Dichloromethane,ClCCl,1,Triethylamine,N(CC)(CC)CC,1,0.0,1,30.0,1,a,0,O=C(CCl)OC[C@@H]1O[C@@H](Sc2ccccc2)[C@H](OC(=O)c2ccccc2)[C@@H](OCc2ccccc2)[C@@H]1OCc1ccccc1,COc1ccc(OC[C@H]2O[C@H](OC)[C@H](NC(=O)OCc3ccccc3)[C@@H](OCc3ccccc3)[C@@H]2O)cc1,2024948C
365,"Nature Chemical Biology (2018), 14(1), 79-85",期刊,2018,31-013-CAS-18496614,O(CC1=CC=CC=C1)[C@H]2[C@]3([C@](O[C@@H](SCC)[C@@H]2OC(OCC=C)=O)(CO[C@H](O3)C4=CC=CC=C4)[H])[H],thioglycoside,O([Si](C(C(C)C)(C)C)(C)C)[C@H]1[C@H](NC(OCC(Cl)(Cl)Cl)=O)[C@@H](OC(C)=O)[C@H](O)[C@@H](COCC2=CC=CC=C2)O1,Dichloromethane,ClCCl,1,Trimethylsilyl triflate,O=S(=O)(O[Si](C)(C)C)C(F)(F)F,1,-20.0,1,60.0,1,b,1,C=CCOC(=O)O[C@@H]1[C@@H](OCc2ccccc2)[C@@H]2O[C@H](c3ccccc3)OC[C@H]2O[C@H]1SCC,CC(=O)O[C@H]1[C@H](O)[C@@H](COCc2ccccc2)O[C@@H](O[Si](C)(C)C(C)(C)C(C)C)[C@@H]1NC(=O)OCC(Cl)(Cl)Cl,F40FAF7A
366,"Tetrahedron Letters (2011), 52(43), 5567-5570",期刊,2011,31-013-CAS-9533892,O(CC1=CC=CC=C1)[C@@H]2[C@@H](OCC3=CC=CC=C3)[C@H](SC4=CC=CC=C4)O[C@H](C(OC)=O)[C@H]2OCC5=CC=CC=C5,thioglycoside,O([C@H]1[C@]2([C@]([C@H](O)[C@@H](COCC3=CC=CC=C3)O1)(OC(=O)N2)[H])[H])C4=CC=C(OC)C=C4,Dichloromethane,ClCCl,1,N-Iodosuccinimide,O=C1N(I)C(=O)CC1,1,0.0,1,180.0,1,a,0,COC(=O)[C@H]1O[C@@H](Sc2ccccc2)[C@H](OCc2ccccc2)[C@@H](OCc2ccccc2)[C@@H]1OCc1ccccc1,COc1ccc(O[C@@H]2O[C@H](COCc3ccccc3)[C@@H](O)[C@@H]3OC(=O)N[C@@H]23)cc1,200819E1
367,"Organic & Biomolecular Chemistry (2019), 17(18), 4605-4610",期刊,2019,31-013-CAS-20281584,O(CC1=CC=C(OC)C=C1)[C@H]2[C@]3([C@](O[C@H](SCC)[C@H]2OCC4=CC=CC=C4)(CO[C@H](O3)C5=CC=CC=C5)[H])[H],thioglycoside,N(C(OCC(Cl)(Cl)Cl)=O)[C@H]1[C@@H](OC2=CC=C(OC)C=C2)O[C@H](COCC3=CC=CC=C3)[C@@H](O)[C@@H]1OC(C)=O,Dichloromethane,ClCCl,1,,,0,25.0,1,30.0,1,b,1,CCS[C@H]1O[C@@H]2CO[C@@H](c3ccccc3)O[C@H]2[C@H](OCc2ccc(OC)cc2)[C@@H]1OCc1ccccc1,COc1ccc(O[C@H]2O[C@H](COCc3ccccc3)[C@@H](O)[C@H](OC(C)=O)[C@H]2NC(=O)OCC(Cl)(Cl)Cl)cc1,62A9D1BD
368,"Organic Letters (2004), 6(5), 839-841",期刊,2004,31-013-CAS-15226119,O(CC1=CC=CC=C1)[C@@H]2[C@@H](OCC3=CC=CC=C3)[C@H](SC4=CC=C(C)C=C4)O[C@H](COCC5=CC=CC=C5)[C@@H]2OCC6=CC=CC=C6,thioglycoside,[Si](OC[C@H]1O[C@@H](SC2=CC=C(C)C=C2)[C@H](NC(OCC(Cl)(Cl)Cl)=O)[C@@H](OC(C)=O)[C@@H]1O)(C(C)(C)C)(C3=CC=CC=C3)C4=CC=CC=C4,Dichloromethane,ClCCl,1,Triethylamine,N(CC)(CC)CC,1,-45.0,1,30.0,1,a,0,Cc1ccc(S[C@@H]2O[C@H](COCc3ccccc3)[C@H](OCc3ccccc3)[C@H](OCc3ccccc3)[C@H]2OCc2ccccc2)cc1,CC(=O)O[C@H]1[C@H](O)[C@@H](CO[Si](c2ccccc2)(c2ccccc2)C(C)(C)C)O[C@@H](Sc2ccc(C)cc2)[C@@H]1NC(=O)OCC(Cl)(Cl)Cl,FFB05DFA
369,"Bioorganic & Medicinal Chemistry (2018), 26(9), 2262-2270",期刊,2018,31-013-CAS-22252755,O(C(=O)C1=CC=CC=C1)[C@H]2[C@@]3([C@](O[C@@H](SC4=CC=C(C)C=C4)[C@@H]2OC(=O)C5=CC=CC=C5)(CO[C@H](O3)C6=CC=CC=C6)[H])[H],thioglycoside,N(C(OCC(Cl)(Cl)Cl)=O)[C@H]1[C@H](O[Si](C(C)(C)C)(C)C)O[C@H](COCC2=CC=CC=C2)[C@@H](O)[C@@H]1OC(=O)C3=CC=CC=C3,Dichloromethane,ClCCl,1,N-Iodosuccinimide,O=C1N(I)C(=O)CC1,1,-60.0,1,120.0,1,b,1,Cc1ccc(S[C@@H]2O[C@@H]3CO[C@@H](c4ccccc4)O[C@@H]3[C@H](OC(=O)c3ccccc3)[C@H]2OC(=O)c2ccccc2)cc1,CC(C)(C)[Si](C)(C)O[C@@H]1O[C@H](COCc2ccccc2)[C@@H](O)[C@H](OC(=O)c2ccccc2)[C@H]1NC(=O)OCC(Cl)(Cl)Cl,1CAF8526
370,"Organic & Biomolecular Chemistry (2015), 13(47), 11518-11528",期刊,2015,31-013-CAS-13652356,O(C(=O)C1=CC=CC=C1)[C@H]2[C@@]3([C@](O[C@@H](SC4=CC=C(C)C=C4)[C@@H]2OC(=O)C5=CC=CC=C5)(CO[C@@H](O3)C6=CC=C(OC)C=C6)[H])[H],thioglycoside,N(C(OCC(Cl)(Cl)Cl)=O)[C@@H]1[C@@H](OC(=O)C2=CC=CC=C2)[C@H](O)[C@@H](CO[Si](C(C)(C)C)(C)C)O[C@H]1OCC(OC)=O,Dichloromethane,ClCCl,1,Trifluoromethanesulfonic anhydride,O=S(=O)(OS(=O)(=O)C(F)(F)F)C(F)(F)F,1,-60.0,1,90.0,1,b,1,COc1ccc([C@H]2OC[C@H]3O[C@@H](Sc4ccc(C)cc4)[C@H](OC(=O)c4ccccc4)[C@@H](OC(=O)c4ccccc4)[C@H]3O2)cc1,COC(=O)CO[C@@H]1O[C@H](CO[Si](C)(C)C(C)(C)C)[C@@H](O)[C@H](OC(=O)c2ccccc2)[C@H]1NC(=O)OCC(Cl)(Cl)Cl,031A6DB2
371,"World Intellectual Property Organization, WO2019211595 A1 2019-11-07",专利,2019,31-013-CAS-21812642,O(CC1=CC=C(OC)C=C1)[C@H]2[C@H](OCC3=CC=C(OC)C=C3)[C@H](OCC4=CC=C(OC)C=C4)[C@H](C)O[C@@H]2SCC,thioglycoside,O([C@H]1[C@H](OC(C)=O)[C@@H](OC(C)=O)[C@@H](OC(C)=O)[C@@H](COC(C)=O)O1)[C@@H]2[C@@H](NC(C)=O)[C@H](SCC#N)O[C@H](COC(C)=O)[C@H]2O,Dichloromethane,ClCCl,1,Copper bromide,[Cu].[Br],1,25.0,1,60.0,1,a,0,CCS[C@H]1O[C@@H](C)[C@@H](OCc2ccc(OC)cc2)[C@@H](OCc2ccc(OC)cc2)[C@@H]1OCc1ccc(OC)cc1,CC(=O)N[C@@H]1[C@@H](O[C@@H]2O[C@H](COC(C)=O)[C@H](OC(C)=O)[C@H](OC(C)=O)[C@H]2OC(C)=O)[C@H](O)[C@@H](COC(C)=O)O[C@H]1SCC#N,304F578F
372,"World Intellectual Property Organization, WO2014027203 A1 2014-02-20",专利,2014,31-013-CAS-15248480,O(CC1=CC=C(OC)C=C1)[C@H]2[C@H](OCC3=CC=C(OC)C=C3)[C@H](OCC4=CC=C(OC)C=C4)[C@H](C)O[C@@H]2SCC,thioglycoside,O([C@H]1[C@H](OC(C)=O)[C@@H](OC(C)=O)[C@@H](OC(C)=O)[C@@H](COC(C)=O)O1)[C@@H]2[C@@H](NC(C)=O)[C@H](SCC#N)O[C@H](COC(C)=O)[C@H]2O,Dichloromethane,ClCCl,1,Copper bromide,[Cu].[Br],1,25.0,1,60.0,1,a,0,CCS[C@H]1O[C@@H](C)[C@@H](OCc2ccc(OC)cc2)[C@@H](OCc2ccc(OC)cc2)[C@@H]1OCc1ccc(OC)cc1,CC(=O)N[C@@H]1[C@@H](O[C@@H]2O[C@H](COC(C)=O)[C@H](OC(C)=O)[C@H](OC(C)=O)[C@H]2OC(C)=O)[C@H](O)[C@@H](COC(C)=O)O[C@H]1SCC#N,304F578F
373,"Angewandte Chemie, International Edition (2002), 41(21), 4087-4090",期刊,2002,31-013-CAS-13410195,O(CC1=CC=C(OC)C=C1)[C@@H]2[C@@H](OC(CCC(C)=O)=O)[C@H](SC3=CC=C(C)C=C3)O[C@H](COCC4=CC=CC=C4)[C@@H]2OCC5=CC=CC=C5,thioglycoside,N(C(OCC(Cl)(Cl)Cl)=O)[C@H]1[C@H](SCCCCCC(OC)=O)O[C@H](COCC2=CC=CC=C2)[C@@H](O)[C@@H]1OC(C)=O,Dichloromethane;Diethyl ether,ClCCl;O(CC)CC,1,N-Iodosuccinimide,O=C1N(I)C(=O)CC1,1,25.0,1,120.0,1,b,1,COc1ccc(CO[C@H]2[C@@H](OCc3ccccc3)[C@@H](COCc3ccccc3)O[C@@H](Sc3ccc(C)cc3)[C@@H]2OC(=O)CCC(C)=O)cc1,COC(=O)CCCCCS[C@@H]1O[C@H](COCc2ccccc2)[C@@H](O)[C@H](OC(C)=O)[C@H]1NC(=O)OCC(Cl)(Cl)Cl,AA82A0E9
374,"ChemRxiv (2022), 1-8",期刊,2022,31-614-CAS-36914093,O(CC1=CC=CC=C1)[C@@H]2[C@@H](OC(=O)C3=CC=CC=C3)C(SC4=CC=C(C)C=C4)O[C@@H](C(OC)=O)[C@H]2OCC#C[Si](C(C)C)(C(C)C)C(C)C,thioglycoside,N(C(C)=O)[C@@H]1[C@@H](OCC2=CC=CC=C2)[C@H](O)[C@@H](COC(CCC(C)=O)=O)O[C@@H]1OCCN=[N+]=[N-],Dichloromethane;Toluene,ClCCl;C=1C=CC(=CC1)C,1,Trifluoromethanesulfonic acid,O=S(=O)(O)C(F)(F)F,1,25.0,1,60.0,1,a,0,COC(=O)[C@@H]1OC(Sc2ccc(C)cc2)[C@H](OC(=O)c2ccccc2)[C@@H](OCc2ccccc2)[C@@H]1OCC#C[Si](C(C)C)(C(C)C)C(C)C,CC(=O)CCC(=O)OC[C@H]1O[C@H](OCCN=[N+]=[N-])[C@H](NC(C)=O)[C@@H](OCc2ccccc2)[C@@H]1O,15129847
375,"Journal of Organic Chemistry (2005), 70(4), 1291-1296",期刊,2005,31-013-CAS-12877153,O(C(=O)C1=CC=CC=C1)[C@@H]2[C@@]3([C@]([C@H](SC4=CC=CC=C4)O[C@H]2C)(OC(=O)O3)[H])[H],thioglycoside,C(C)(=O)N1[C@@]2([C@]([C@H](O)[C@@H](COCC3=CC=CC=C3)O[C@@H]2OC)(OC1=O)[H])[H],Dichloromethane,ClCCl,1,1-(Phenylsulfonyl)piperidine,O=S(=O)(C=1C=CC=CC1)N2CCCCC2,1,-60.0,1,,0,a,0,C[C@@H]1O[C@@H](Sc2ccccc2)[C@@H]2OC(=O)O[C@@H]2[C@H]1OC(=O)c1ccccc1,CO[C@H]1O[C@H](COCc2ccccc2)[C@@H](O)[C@@H]2OC(=O)N(C(C)=O)[C@@H]12,9A4447E7
376,"Organic Reactions (Hoboken, NJ, United States) (2004), 64, No pp. given",期刊,2004,31-013-CAS-7511274,O(C(=O)C1=CC=CC=C1)[C@@H]2[C@@]3([C@]([C@H](SC4=CC=CC=C4)O[C@H]2C)(OC(=O)O3)[H])[H],thioglycoside,C(C)(=O)N1[C@@]2([C@]([C@H](O)[C@@H](COCC3=CC=CC=C3)O[C@@H]2OC)(OC1=O)[H])[H],Dichloromethane,ClCCl,1,Diphenyl sulfoxide,O=S(C=1C=CC=CC1)C=2C=CC=CC2,1,,0,,0,a,0,C[C@@H]1O[C@@H](Sc2ccccc2)[C@@H]2OC(=O)O[C@@H]2[C@H]1OC(=O)c1ccccc1,CO[C@H]1O[C@H](COCc2ccccc2)[C@@H](O)[C@@H]2OC(=O)N(C(C)=O)[C@@H]12,9A4447E7
377,"Organic Letters (2003), 5(8), 1297-1300",期刊,2003,31-013-CAS-854940,O(C(=O)C1=CC=CC=C1)[C@@H]2[C@@]3([C@]([C@H](SC4=CC=CC=C4)O[C@H]2C)(OC(=O)O3)[H])[H],thioglycoside,C(C)(=O)N1[C@@]2([C@]([C@H](O)[C@@H](COCC3=CC=CC=C3)O[C@@H]2OC)(OC1=O)[H])[H],Dichloromethane,ClCCl,1,Trimethylsilyl triflate,O=S(=O)(O[Si](C)(C)C)C(F)(F)F,1,-60.0,1,,0,a,0,C[C@@H]1O[C@@H](Sc2ccccc2)[C@@H]2OC(=O)O[C@@H]2[C@H]1OC(=O)c1ccccc1,CO[C@H]1O[C@H](COCc2ccccc2)[C@@H](O)[C@@H]2OC(=O)N(C(C)=O)[C@@H]12,9A4447E7
378,"Synlett (2015), 26(16), 2267-2271",期刊,2015,31-013-CAS-8833991,O(C(=O)C1=CC=CC=C1)[C@H]2[C@H](O[Si](C(C)C)(C(C)C)C(C)C)[C@@H](SCC)O[C@@H](C)[C@H]2OC(=O)C3=CC=CC=C3,thioglycoside,[Si](OC[C@@H]1[C@@H](O)[C@H](OC(CCl)=O)[C@@H](NC(C(F)(F)F)=O)[C@H](OC2=CC=C(OCCCl)C=C2)O1)(C(C)(C)C)(C3=CC=CC=C3)C4=CC=CC=C4,Dichloromethane,ClCCl,1,N-Iodosuccinimide,O=C1N(I)C(=O)CC1,1,22.0,1,60.0,1,a,0,CCS[C@H]1O[C@@H](C)[C@@H](OC(=O)c2ccccc2)[C@@H](OC(=O)c2ccccc2)[C@@H]1O[Si](C(C)C)(C(C)C)C(C)C,CC(C)(C)[Si](OC[C@H]1O[C@@H](Oc2ccc(OCCCl)cc2)[C@H](NC(=O)C(F)(F)F)[C@@H](OC(=O)CCl)[C@@H]1O)(c1ccccc1)c1ccccc1,59D3F506
379,"Organic & Biomolecular Chemistry (2019), 17(18), 4605-4610",期刊,2019,31-013-CAS-20281590,O(CC1=CC=C(OC)C=C1)[C@H]2[C@]3([C@](O[C@H](SC4=CC=C(C)C=C4)[C@H]2OCC#C)(CO[C@H](O3)C5=CC=CC=C5)[H])[H],thioglycoside,N(C(OCC(Cl)(Cl)Cl)=O)[C@H]1[C@@H](OC2=CC=C(OC)C=C2)O[C@H](COCC3=CC=CC=C3)[C@@H](O)[C@@H]1OC(C)=O,Dichloromethane,ClCCl,1,,,0,25.0,1,30.0,1,b,1,C#CCO[C@H]1[C@@H](OCc2ccc(OC)cc2)[C@@H]2O[C@H](c3ccccc3)OC[C@H]2O[C@@H]1Sc1ccc(C)cc1,COc1ccc(O[C@H]2O[C@H](COCc3ccccc3)[C@@H](O)[C@H](OC(C)=O)[C@H]2NC(=O)OCC(Cl)(Cl)Cl)cc1,6D2F2645
380,"Journal of Organic Chemistry (2012), 77(21), 9437-9446",期刊,2012,31-013-CAS-2439768,O(CC1=CC=C(OC)C=C1)[C@H]2[C@]3([C@](O[C@H](SC4=CC=CC=C4)[C@H]2OCC5=CC=CC=C5)(CO[C@H](O3)C6=CC=CC=C6)[H])[H],thioglycoside,[Si](O[C@H]1[C@H](NC(C(Cl)(Cl)Cl)=O)[C@@H](OCC2=CC=CC=C2)[C@H](O)[C@@H](COCC3=CC=CC=C3)O1)(C(C)(C)C)(C4=CC=CC=C4)C5=CC=CC=C5,Dichloromethane,ClCCl,1,Sodium bicarbonate,[Na].O=C(O)O,1,-60.0,1,30.0,1,b,1,COc1ccc(CO[C@@H]2[C@H](OCc3ccccc3)[C@@H](Sc3ccccc3)O[C@@H]3CO[C@@H](c4ccccc4)O[C@@H]23)cc1,CC(C)(C)[Si](O[C@@H]1O[C@H](COCc2ccccc2)[C@@H](O)[C@H](OCc2ccccc2)[C@H]1NC(=O)C(Cl)(Cl)Cl)(c1ccccc1)c1ccccc1,D0CB8C27
381,"European Journal of Organic Chemistry (2020), 2020(12), 1802-1810",期刊,2020,31-013-CAS-21762119,C(OC(O[C@@H]1[C@@H](O[Si](C(C)(C)C)(C)C)[C@@H](OC(C)=O)[C@@H](COC(C)=O)O[C@H]1SC2=CC=C(C)C=C2)=O)C3C=4C(C=5C3=CC=CC5)=CC=CC4,thioglycoside,N(C(C)=O)[C@@H]1[C@@H](OCC2=CC=CC=C2)[C@H](O)[C@@H](COCC3=CC=CC=C3)O[C@@H]1OCC(OC)=O,Dichloromethane,ClCCl,1,N-Iodosuccinimide,O=C1N(I)C(=O)CC1,1,-20.0,1,120.0,1,b,1,CC(=O)OC[C@H]1O[C@@H](Sc2ccc(C)cc2)[C@H](OC(=O)OCC2c3ccccc3-c3ccccc32)[C@@H](O[Si](C)(C)C(C)(C)C)[C@H]1OC(C)=O,COC(=O)CO[C@H]1O[C@H](COCc2ccccc2)[C@@H](O)[C@H](OCc2ccccc2)[C@H]1NC(C)=O,B7B3E79B
382,"Carbohydrate Research (2001), 330(4), 445-458",期刊,2001,31-013-CAS-5524693,O(C(=O)C1=CC=CC=C1)[C@H]2[C@@]3([C@](O[C@@H](SCC)[C@@H]2OC(C)=O)(CO[C@@H](O3)C4=CC=CC=C4)[H])[H],thioglycoside,N(C(C)=O)[C@@H]1[C@@H](OCC2=CC=CC=C2)[C@H](O)[C@@H](COCC3=CC=CC=C3)O[C@H]1OCCCNC(C(F)(F)F)=O,Nitromethane,O=N(=O)C,1,Copper bromide,[Cu].[Br],1,,0,,0,b,1,CCS[C@@H]1O[C@@H]2CO[C@H](c3ccccc3)O[C@@H]2[C@H](OC(=O)c2ccccc2)[C@H]1OC(C)=O,CC(=O)N[C@H]1[C@H](OCCCNC(=O)C(F)(F)F)O[C@H](COCc2ccccc2)[C@@H](O)[C@@H]1OCc1ccccc1,4F588814
383,"United States, US20090246200 A1 2009-10-01",专利,2009,31-013-CAS-3532904,O(CC1=CC=CC=C1)[C@H]2[C@]3([C@](O[C@@H](SCC)[C@@H]2OC(C)=O)(CO[C@H](O3)C4=CC=CC=C4)[H])[H],thioglycoside,N(=[N+]=[N-])[C@@H]1[C@@H](OCC2=CC3=C(C=C2)C=CC=C3)[C@H](O)[C@@H](COCC4=CC=CC=C4)O[C@H]1OCCCCCN(CC5=CC=CC=C5)C(OCC6=CC=CC=C6)=O,Dichloromethane,ClCCl,1,Trimethylsilyl triflate,O=S(=O)(O[Si](C)(C)C)C(F)(F)F,1,0.0,1,30.0,1,b,1,CCS[C@@H]1O[C@@H]2CO[C@@H](c3ccccc3)O[C@H]2[C@H](OCc2ccccc2)[C@H]1OC(C)=O,[N-]=[N+]=N[C@H]1[C@H](OCCCCCN(Cc2ccccc2)C(=O)OCc2ccccc2)O[C@H](COCc2ccccc2)[C@@H](O)[C@@H]1OCc1ccc2ccccc2c1,A86E00A0
384,"ChemBioChem (2008), 9(11), 1716-1720",期刊,2008,31-013-CAS-15039708,O(CC1=CC=CC=C1)[C@H]2[C@]3([C@](O[C@@H](SCC)[C@@H]2OC(C)=O)(CO[C@H](O3)C4=CC=CC=C4)[H])[H],thioglycoside,N(=[N+]=[N-])[C@@H]1[C@@H](OCC2=CC3=C(C=C2)C=CC=C3)[C@H](O)[C@@H](COCC4=CC=CC=C4)O[C@H]1OCCCCCN(CC5=CC=CC=C5)C(OCC6=CC=CC=C6)=O,Dichloromethane,ClCCl,1,N-Iodosuccinimide,O=C1N(I)C(=O)CC1,1,0.0,1,30.0,1,b,1,CCS[C@@H]1O[C@@H]2CO[C@@H](c3ccccc3)O[C@H]2[C@H](OCc2ccccc2)[C@H]1OC(C)=O,[N-]=[N+]=N[C@H]1[C@H](OCCCCCN(Cc2ccccc2)C(=O)OCc2ccccc2)O[C@H](COCc2ccccc2)[C@@H](O)[C@@H]1OCc1ccc2ccccc2c1,A86E00A0
385,"Helvetica Chimica Acta (2006), 89(11), 2591-2610",期刊,2006,31-013-CAS-7354964,O(C(=O)C1=CC=CC=C1)[C@@H]2[C@@H](OC(=O)C3=CC=CC=C3)[C@H](SC4=CC=CC=C4)O[C@H](C(OC)=O)[C@H]2OC(CCC(C)=O)=O,thioglycoside,N(C(C(Cl)(Cl)Cl)=O)[C@@H]1[C@@H](OCC2=CC=CC=C2)[C@H](O)[C@@H](COCC3=CC=CC=C3)O[C@@H]1OCCOCCOCCSCC4=CC=CC=C4,Dichloromethane,ClCCl,1,1-(Phenylsulfonyl)piperidine,O=S(=O)(C=1C=CC=CC1)N2CCCCC2,1,25.0,1,30.0,1,b,1,COC(=O)[C@H]1O[C@@H](Sc2ccccc2)[C@H](OC(=O)c2ccccc2)[C@@H](OC(=O)c2ccccc2)[C@@H]1OC(=O)CCC(C)=O,O=C(N[C@H]1[C@@H](OCCOCCOCCSCc2ccccc2)O[C@H](COCc2ccccc2)[C@@H](O)[C@@H]1OCc1ccccc1)C(Cl)(Cl)Cl,E11D6FCB
386,"Tetrahedron (2001), 57(16), 3281-3290",期刊,2001,31-013-CAS-8739025,O([C@@H]1[C@@H](OC(=O)C2=CC=CC=C2)[C@H](SCC)O[C@H](COC(=O)C3=CC=CC=C3)[C@@H]1OC(C)=O)[C@@H]4[C@H](OCC5=CC=CC=C5)[C@@H](OCC6=CC=CC=C6)[C@@H](OCC7=CC=CC=C7)[C@@H](COCC8=CC=CC=C8)O4,thioglycoside,N(C(C)=O)[C@@H]1[C@@H](OCC2=CC=CC=C2)[C@H](O)[C@@H](COCC3=CC=CC=C3)O[C@H]1OCCCNC(OCC4=CC=CC=C4)=O,Dichloromethane,ClCCl,1,N-Iodosuccinimide,O=C1N(I)C(=O)CC1,1,,0,,0,b,1,CCS[C@@H]1O[C@H](COC(=O)c2ccccc2)[C@H](OC(C)=O)[C@H](O[C@H]2O[C@H](COCc3ccccc3)[C@H](OCc3ccccc3)[C@H](OCc3ccccc3)[C@H]2OCc2ccccc2)[C@H]1OC(=O)c1ccccc1,CC(=O)N[C@H]1[C@H](OCCCNC(=O)OCc2ccccc2)O[C@H](COCc2ccccc2)[C@@H](O)[C@@H]1OCc1ccccc1,33927F67
387,"Journal of Organic Chemistry (2003), 68(6), 2135-2142",期刊,2003,31-013-CAS-113679,O(CC1=CC=C(OC)C=C1)[C@@H]2[C@@H](OC(CCC(C)=O)=O)[C@H](SC3=CC=C(C)C=C3)O[C@H](COCC4=CC=CC=C4)[C@@H]2OCC5=CC=CC=C5,thioglycoside,N(C(OCC(Cl)(Cl)Cl)=O)[C@H]1[C@H](SC2=CC=C(C)C=C2)O[C@H](COCC3=CC=CC=C3)[C@@H](O)[C@@H]1OC(C)=O,Dichloromethane;Diethyl ether,ClCCl;O(CC)CC,1,Trifluoromethanesulfonic acid,O=S(=O)(O)C(F)(F)F,1,25.0,1,60.0,1,b,1,COc1ccc(CO[C@H]2[C@@H](OCc3ccccc3)[C@@H](COCc3ccccc3)O[C@@H](Sc3ccc(C)cc3)[C@@H]2OC(=O)CCC(C)=O)cc1,CC(=O)O[C@H]1[C@H](O)[C@@H](COCc2ccccc2)O[C@@H](Sc2ccc(C)cc2)[C@@H]1NC(=O)OCC(Cl)(Cl)Cl,A35E65F4
388,"Organic Letters (2015), 17(4), 928-931",期刊,2015,31-013-CAS-11843237,O(CC1=CC=CC=C1)[C@H]2[C@]3([C@](O[C@H](SC4=CC=CC=C4)[C@H]2N=[N+]=[N-])(CO[C@H](O3)C5=CC=CC=C5)[H])[H],thioglycoside,N(C(OCC(Cl)(Cl)Cl)=O)[C@@H]1[C@@H](O[C@H]2[C@@H](N=[N+]=[N-])[C@H](OCC3=CC=C(OC)C=C3)[C@H](O)[C@H](C)O2)[C@@H](OCC4=CC=CC=C4)[C@@H](C)O[C@H]1O[Si](C(C(C)C)(C)C)(C)C,Dichloromethane,ClCCl,1,Diphenyl sulfoxide,O=S(C=1C=CC=CC1)C=2C=CC=CC2,1,25.0,1,10.0,1,b,1,[N-]=[N+]=N[C@H]1[C@@H](OCc2ccccc2)[C@@H]2O[C@H](c3ccccc3)OC[C@H]2O[C@@H]1Sc1ccccc1,COc1ccc(CO[C@@H]2[C@H](O)[C@H](C)O[C@@H](O[C@@H]3[C@@H](NC(=O)OCC(Cl)(Cl)Cl)[C@H](O[Si](C)(C)C(C)(C)C(C)C)O[C@H](C)[C@@H]3OCc3ccccc3)[C@H]2N=[N+]=[N-])cc1,DC1E5ACE
389,"Journal of Organic Chemistry (2015), 80(10), 4851-4860",期刊,2015,31-013-CAS-12553374,O(CC1=CC=CC=C1)[C@@H]2[C@@H](SCC)O[C@@H](C)[C@@H](OCC3=CC=CC=C3)C2,thioglycoside,O([C@H]1[C@H](OC(C)=O)[C@@H](OC(C)=O)[C@@H](OC(C)=O)[C@@H](COC(C)=O)O1)[C@@H]2[C@@H](NC(C(Cl)(Cl)Cl)=O)[C@H](OCCOCCOCCN=[N+]=[N-])O[C@H](COCC3=CC=CC=C3)[C@H]2O,Dichloromethane,ClCCl,1,Tetrabutylammonium bromide,[Br-].CCCC[N+](CCCC)(CCCC)CCCC,1,25.0,1,10.0,1,a,0,CCS[C@H]1O[C@@H](C)[C@@H](OCc2ccccc2)C[C@@H]1OCc1ccccc1,CC(=O)OC[C@H]1O[C@@H](O[C@H]2[C@H](O)[C@@H](COCc3ccccc3)O[C@@H](OCCOCCOCCN=[N+]=[N-])[C@@H]2NC(=O)C(Cl)(Cl)Cl)[C@H](OC(C)=O)[C@@H](OC(C)=O)[C@H]1OC(C)=O,29BBFD7F
390,"Tetrahedron Letters (2017), 58(22), 2109-2112",期刊,2017,31-013-CAS-17261532,O(CC1=CC=CC=C1)[C@H]2[C@H](OCC3=CC=CC=C3)[C@@H](SC4=CC=C(C)C=C4)O[C@@H](C)[C@H]2OCC5=CC=CC=C5,thioglycoside,O([C@H]1[C@H](OC(C)=O)[C@@H](OC(C)=O)[C@@H](OC(C)=O)[C@@H](COC(C)=O)O1)[C@@H]2[C@@H](NC(OCC(Cl)(Cl)Cl)=O)[C@H](OCCCN=[N+]=[N-])O[C@H](COCC3=CC=CC=C3)[C@H]2O,Dichloromethane,ClCCl,1,Triethylamine,N(CC)(CC)CC,1,-60.0,1,20.0,1,a,0,Cc1ccc(S[C@H]2O[C@@H](C)[C@@H](OCc3ccccc3)[C@@H](OCc3ccccc3)[C@@H]2OCc2ccccc2)cc1,CC(=O)OC[C@H]1O[C@@H](O[C@H]2[C@H](O)[C@@H](COCc3ccccc3)O[C@@H](OCCCN=[N+]=[N-])[C@@H]2NC(=O)OCC(Cl)(Cl)Cl)[C@H](OC(C)=O)[C@@H](OC(C)=O)[C@H]1OC(C)=O,FE8CB5DD
391,"Carbohydrate Research (2008), 343(4), 596-606",期刊,2008,31-013-CAS-187934,O(CC1=CC=CC=C1)[C@H]2[C@]3([C@@](O[C@@H](SC4=CC=CC=C4)[C@@H]2OC(=O)C5=CC=CC=C5)(CO[C@H](O3)C=6C7=C(C=CC6)C=CC=C7)[H])[H],thioglycoside,N(C(OCC1=CC=CC=C1)=O)[C@@H]2[C@@H](OCC3=CC=CC=C3)[C@H](O)[C@@H](COC4=CC=C(OC)C=C4)O[C@@H]2OC,Dichloromethane,ClCCl,1,Diphenyl sulfoxide,O=S(C=1C=CC=CC1)C=2C=CC=CC2,1,-40.0,1,30.0,1,a,0,O=C(O[C@@H]1[C@@H](OCc2ccccc2)[C@@H]2O[C@H](c3cccc4ccccc34)OC[C@@H]2O[C@H]1Sc1ccccc1)c1ccccc1,COc1ccc(OC[C@H]2O[C@H](OC)[C@H](NC(=O)OCc3ccccc3)[C@@H](OCc3ccccc3)[C@@H]2O)cc1,052D09C8
392,"Organic Letters (2007), 9(22), 4647-4650",期刊,2007,31-013-CAS-4338253,O(CC1=CC=CC=C1)[C@H]2[C@]3([C@@](O[C@@H](SC4=CC=CC=C4)[C@@H]2OC(=O)C5=CC=CC=C5)(CO[C@H](O3)C=6C7=C(C=CC6)C=CC=C7)[H])[H],thioglycoside,N(C(OCC1=CC=CC=C1)=O)[C@@H]2[C@@H](OCC3=CC=CC=C3)[C@H](O)[C@@H](COC4=CC=C(OC)C=C4)O[C@@H]2OC,Dichloromethane,ClCCl,1,Diphenyl sulfoxide,O=S(C=1C=CC=CC1)C=2C=CC=CC2,1,0.0,1,30.0,1,a,0,O=C(O[C@@H]1[C@@H](OCc2ccccc2)[C@@H]2O[C@H](c3cccc4ccccc34)OC[C@@H]2O[C@H]1Sc1ccccc1)c1ccccc1,COc1ccc(OC[C@H]2O[C@H](OC)[C@H](NC(=O)OCc3ccccc3)[C@@H](OCc3ccccc3)[C@@H]2O)cc1,052D09C8
393,"Organic Letters (2007), 9(22), 4647-4650",期刊,2007,31-013-CAS-2224404,O(CC1=CC=CC=C1)[C@H]2[C@]3([C@](O[C@@H](SCC)[C@@H]2OC(=O)C4=CC=CC=C4)(CO[C@H](O3)C=5C6=C(C=CC5)C=CC=C6)[H])[H],thioglycoside,N(C(OCC1=CC=CC=C1)=O)[C@@H]2[C@@H](OCC3=CC=CC=C3)[C@H](O)[C@@H](COC4=CC=C(OC)C=C4)O[C@@H]2OC,Dichloromethane,ClCCl,1,Diphenyl sulfoxide,O=S(C=1C=CC=CC1)C=2C=CC=CC2,1,0.0,1,30.0,1,b,1,CCS[C@@H]1O[C@@H]2CO[C@@H](c3cccc4ccccc34)O[C@H]2[C@H](OCc2ccccc2)[C@H]1OC(=O)c1ccccc1,COc1ccc(OC[C@H]2O[C@H](OC)[C@H](NC(=O)OCc3ccccc3)[C@@H](OCc3ccccc3)[C@@H]2O)cc1,F1AF0F7E
394,"Chemical Communications (Cambridge, United Kingdom) (2018), 54(72), 10120-10123",期刊,2018,31-013-CAS-19733121,O([C@H]1[C@H](OCC2=CC=CC=C2)[C@@H](OC(=O)C3=CC=CC=C3)[C@H](SC4=CC=C(C)C=C4)O[C@H]1COC(CCC(C)=O)=O)[C@@H]5[C@H](N=[N+]=[N-])[C@@H](OCC6=CC=CC=C6)[C@H](OCC7=CC=CC=C7)[C@@H](COC(C)=O)O5,thioglycoside,O([C@H]1[C@H](OCC2=CC=CC=C2)[C@@H](OC(=O)C3=CC=CC=C3)[C@H](OCCCN(CC4=CC=CC=C4)C(OCC5=CC=CC=C5)=O)O[C@H]1COC(CCC(C)=O)=O)[C@@H]6[C@H](N=[N+]=[N-])[C@@H](OCC7=CC=CC=C7)[C@H](O)[C@@H](COC(C)=O)O6,Dichloromethane;Diethyl ether,ClCCl;O(CC)CC,1,Triethylamine,N(CC)(CC)CC,1,-78.0,1,10.0,1,a,0,CC(=O)CCC(=O)OC[C@@H]1O[C@@H](Sc2ccc(C)cc2)[C@H](OC(=O)c2ccccc2)[C@@H](OCc2ccccc2)[C@@H]1O[C@H]1O[C@H](COC(C)=O)[C@@H](OCc2ccccc2)[C@H](OCc2ccccc2)[C@H]1N=[N+]=[N-],CC(=O)CCC(=O)OC[C@@H]1O[C@@H](OCCCN(Cc2ccccc2)C(=O)OCc2ccccc2)[C@H](OC(=O)c2ccccc2)[C@@H](OCc2ccccc2)[C@@H]1O[C@H]1O[C@H](COC(C)=O)[C@@H](O)[C@H](OCc2ccccc2)[C@H]1N=[N+]=[N-],2BD16688
395,"Journal of Organic Chemistry (2005), 70(4), 1291-1296",期刊,2005,31-013-CAS-1611774,O(CC1=CC=CC=C1)[C@H]2[C@H](OCC3=CC=CC=C3)[C@H](SC4=CC=CC=C4)O[C@@H](C)[C@H]2OCC5=CC=CC=C5,thioglycoside,C(C)(=O)N1[C@@]2([C@]([C@H](O)[C@@H](CO[Si](C(C(C)C)(C)C)(C)C)O[C@H]2OC)(OC1=O)[H])[H],Dichloromethane,ClCCl,1,1-(Phenylsulfonyl)piperidine,O=S(=O)(C=1C=CC=CC1)N2CCCCC2,1,-60.0,1,,0,a,0,C[C@@H]1O[C@@H](Sc2ccccc2)[C@@H](OCc2ccccc2)[C@H](OCc2ccccc2)[C@@H]1OCc1ccccc1,CO[C@@H]1O[C@H](CO[Si](C)(C)C(C)(C)C(C)C)[C@@H](O)[C@@H]2OC(=O)N(C(C)=O)[C@@H]12,BA5F85E3
396,"Journal of the American Chemical Society (2005), 127(11), 3767-3773",期刊,2005,31-013-CAS-7954210,O([C@H]1[C@H](OCC2=CC=CC=C2)[C@@H](OC(=O)C3=CC=CC=C3)[C@H](SCC)O[C@H]1C(OC)=O)[C@@H]4[C@H](N=[N+]=[N-])[C@@H](OCC5=CC=CC=C5)[C@H](OC(CCC(C)=O)=O)[C@@H](COC(C)=O)O4,thioglycoside,N(C(OCC1=CC=CC=C1)=O)[C@@H]2[C@@H](OCC3=CC=CC=C3)[C@H](O)[C@@H](COCC4=CC=CC=C4)O[C@@H]2OC,Dichloromethane,ClCCl,1,Sulfobromophthalein,[Na].O=C1OC(C2=CC=C(O)C(=C2)S(=O)(=O)O)(C3=CC=C(O)C(=C3)S(=O)(=O)O)C=4C(Br)=C(Br)C(Br)=C(Br)C14,1,25.0,1,30.0,1,a,0,CCS[C@@H]1O[C@@H](C(=O)OC)[C@@H](O[C@H]2O[C@H](COC(C)=O)[C@@H](OC(=O)CCC(C)=O)[C@H](OCc3ccccc3)[C@H]2N=[N+]=[N-])[C@H](OCc2ccccc2)[C@H]1OC(=O)c1ccccc1,CO[C@H]1O[C@H](COCc2ccccc2)[C@@H](O)[C@H](OCc2ccccc2)[C@H]1NC(=O)OCc1ccccc1,DBEE3CDD
397,"Chemistry - An Asian Journal (2013), 8(7), 1536-1550",期刊,2013,31-013-CAS-6494035,[Si](OC[C@@H]1[C@H](OC(C)=O)[C@H](OC(CCC(C)=O)=O)[C@@H](OC(C)=O)[C@H](SC2=CC=C(C)C=C2)O1)(C(C)(C)C)(C3=CC=CC=C3)C4=CC=CC=C4,thioglycoside,N(C(C(Cl)(Cl)Cl)=O)[C@@H]1[C@@H](OCC2=CC=CC=C2)[C@H](O)[C@@H](COCC3=CC=CC=C3)O[C@H]1OCCCCCC(OC)=O,Dichloromethane,ClCCl,1,Trifluoromethanesulfonic acid,O=S(=O)(O)C(F)(F)F,1,0.0,1,30.0,1,b,1,CC(=O)CCC(=O)O[C@H]1[C@@H](OC(C)=O)[C@@H](CO[Si](c2ccccc2)(c2ccccc2)C(C)(C)C)O[C@@H](Sc2ccc(C)cc2)[C@@H]1OC(C)=O,COC(=O)CCCCCO[C@@H]1O[C@H](COCc2ccccc2)[C@@H](O)[C@H](OCc2ccccc2)[C@H]1NC(=O)C(Cl)(Cl)Cl,9A08487B
398,"Organic Letters (2012), 14(8), 2102-2105",期刊,2012,31-013-CAS-12680725,O(CC1=CC=CC=C1)[C@@H]2[C@@]3([C@H](SC4=CC=CC=C4)O[C@H](C(OC)=O)[C@]2(O[Si](C(C)(C)C)(C(C)(C)C)O3)[H])[H],thioglycoside,O([C@H]1[C@]2([C@]([C@H](O)[C@@H](COCC3=CC=CC=C3)O1)(OC(=O)N2)[H])[H])C4=CC=C(OC)C=C4,Dichloromethane,ClCCl,1,N-Iodosuccinimide,O=C1N(I)C(=O)CC1,1,-40.0,1,60.0,1,b,1,COC(=O)[C@H]1O[C@@H](Sc2ccccc2)[C@@H]2O[Si](C(C)(C)C)(C(C)(C)C)O[C@H]1[C@@H]2OCc1ccccc1,COc1ccc(O[C@@H]2O[C@H](COCc3ccccc3)[C@@H](O)[C@@H]3OC(=O)N[C@@H]23)cc1,01C93BA7
399,"Organic Letters (2012), 14(8), 2102-2105",期刊,2012,31-013-CAS-10860550,O(CC1=CC=CC=C1)[C@@H]2[C@@]3([C@H](SC4=CC=CC=C4)O[C@H](C(OC)=O)[C@]2(O[Si](C(C)(C)C)(C(C)(C)C)O3)[H])[H],thioglycoside,O([C@H]1[C@]2([C@]([C@H](O)[C@@H](COCC3=CC=CC=C3)O1)(OC(=O)N2)[H])[H])C4=CC=C(OC)C=C4,Dichloromethane,ClCCl,1,Diphenyl sulfoxide,O=S(C=1C=CC=CC1)C=2C=CC=CC2,1,-60.0,1,10.0,1,b,1,COC(=O)[C@H]1O[C@@H](Sc2ccccc2)[C@@H]2O[Si](C(C)(C)C)(C(C)(C)C)O[C@H]1[C@@H]2OCc1ccccc1,COc1ccc(O[C@@H]2O[C@H](COCc3ccccc3)[C@@H](O)[C@@H]3OC(=O)N[C@@H]23)cc1,01C93BA7
400,"Tetrahedron Letters (2011), 52(17), 2132-2135",期刊,2011,31-013-CAS-7571329,O(CC1=CC=CC=C1)[C@@H]2[C@@H](OC(CCC(C)=O)=O)[C@H](SC3=CC=C(C)C=C3)O[C@H](COCC4=CC=CC=C4)[C@@H]2OCC5=CC=CC=C5,thioglycoside,N(C(OCC(Cl)(Cl)Cl)=O)[C@H]1[C@H](SC2=CC=C(C)C=C2)O[C@H](COCC3=CC=CC=C3)[C@@H](O)[C@@H]1OC(CCC(C)=O)=O,Dichloromethane,ClCCl,1,N-Iodosuccinimide,O=C1N(I)C(=O)CC1,1,-45.0,1,,0,b,1,CC(=O)CCC(=O)O[C@@H]1[C@@H](OCc2ccccc2)[C@@H](OCc2ccccc2)[C@@H](COCc2ccccc2)O[C@H]1Sc1ccc(C)cc1,CC(=O)CCC(=O)O[C@H]1[C@H](O)[C@@H](COCc2ccccc2)O[C@@H](Sc2ccc(C)cc2)[C@@H]1NC(=O)OCC(Cl)(Cl)Cl,8A781A6F
401,"Angewandte Chemie, International Edition (2002), 41(21), 4087-4090",期刊,2002,31-013-CAS-2474397,O(CC1=CC=CC=C1)[C@@H]2[C@@H](OC(CCC(C)=O)=O)[C@H](SC3=CC=C(C)C=C3)O[C@H](COCC4=CC=CC=C4)[C@@H]2OCC5=CC=CC=C5,thioglycoside,N(C(OCC(Cl)(Cl)Cl)=O)[C@H]1[C@H](SC2=CC=C(C)C=C2)O[C@H](COCC3=CC=CC=C3)[C@@H](O)[C@@H]1OC(CCC(C)=O)=O,Dichloromethane;Diethyl ether,ClCCl;O(CC)CC,1,N-Iodosuccinimide,O=C1N(I)C(=O)CC1,1,25.0,1,60.0,1,b,1,CC(=O)CCC(=O)O[C@@H]1[C@@H](OCc2ccccc2)[C@@H](OCc2ccccc2)[C@@H](COCc2ccccc2)O[C@H]1Sc1ccc(C)cc1,CC(=O)CCC(=O)O[C@H]1[C@H](O)[C@@H](COCc2ccccc2)O[C@@H](Sc2ccc(C)cc2)[C@@H]1NC(=O)OCC(Cl)(Cl)Cl,8A781A6F
402,"Tetrahedron Letters (2011), 52(17), 2132-2135",期刊,2011,31-013-CAS-5482709,O(CC1=CC=CC=C1)[C@@H]2[C@@H](OC(=O)C3=CC=CC=C3)[C@H](SC4=CC=C(C)C=C4)O[C@H](COCC5=CC=CC=C5)[C@@H]2OCC6=CC=CC=C6,thioglycoside,N(C(OCC(Cl)(Cl)Cl)=O)[C@H]1[C@H](SC2=CC=C(C)C=C2)O[C@H](COCC3=CC=CC=C3)[C@@H](O)[C@@H]1OC(CCC(C)=O)=O,Dichloromethane,ClCCl,1,N-Iodosuccinimide,O=C1N(I)C(=O)CC1,1,-45.0,1,,0,b,1,Cc1ccc(S[C@@H]2O[C@H](COCc3ccccc3)[C@H](OCc3ccccc3)[C@H](OCc3ccccc3)[C@H]2OC(=O)c2ccccc2)cc1,CC(=O)CCC(=O)O[C@H]1[C@H](O)[C@@H](COCc2ccccc2)O[C@@H](Sc2ccc(C)cc2)[C@@H]1NC(=O)OCC(Cl)(Cl)Cl,DAE71FAA
403,"Journal of the American Chemical Society (2012), 134(37), 15556-15562",期刊,2012,31-013-CAS-5918493,O(CC1=CC=CC=C1)[C@H]2[C@]3([C@](O[C@@H](SCC)[C@@H]2OC(OCC=C)=O)(CO[C@H](O3)C4=CC=CC=C4)[H])[H],thioglycoside,N(C(OCC(Cl)(Cl)Cl)=O)[C@H]1[C@H](O[Si](C(C(C)C)(C)C)(C)C)O[C@H](COCC2=CC=CC=C2)[C@@H](O)[C@@H]1OC(CCC(C)=O)=O,Dichloromethane,ClCCl,1,N-Iodosuccinimide,O=C1N(I)C(=O)CC1,1,25.0,1,60.0,1,b,1,C=CCOC(=O)O[C@@H]1[C@@H](OCc2ccccc2)[C@@H]2O[C@H](c3ccccc3)OC[C@H]2O[C@H]1SCC,CC(=O)CCC(=O)O[C@H]1[C@H](O)[C@@H](COCc2ccccc2)O[C@@H](O[Si](C)(C)C(C)(C)C(C)C)[C@@H]1NC(=O)OCC(Cl)(Cl)Cl,5B577A5C
404,"Journal of Organic Chemistry (2011), 76(15), 5895-5906",期刊,2011,31-013-CAS-11339593,O(CC1=CC=CC=C1)[C@H]2[C@H](OC(C)=O)[C@@H](CN3C(=O)C=4C(C3=O)=CC=CC4)O[C@@H](SC5=CC=CC=C5)[C@@H]2N=[N+]=[N-],thioglycoside,O(CC1=CC=CC=C1)[C@@H]2[C@@H](N=[N+]=[N-])[C@@H](OC)O[C@H](CN=[N+]=[N-])[C@H]2O,Dichloromethane;Diethyl ether,ClCCl;O(CC)CC,1,Trifluoromethanesulfonic acid,O=S(=O)(O)C(F)(F)F,1,0.0,1,60.0,1,a,0,CC(=O)O[C@H]1[C@H](OCc2ccccc2)[C@@H](N=[N+]=[N-])[C@H](Sc2ccccc2)O[C@@H]1CN1C(=O)c2ccccc2C1=O,CO[C@H]1O[C@H](CN=[N+]=[N-])[C@@H](O)[C@H](OCc2ccccc2)[C@H]1N=[N+]=[N-],73EF430C
405,"Science (Washington, DC, United States) (2013), 341(6144), 379-383",期刊,2013,31-013-CAS-5407380,O(CC1=CC2=C(C=C1)C=CC=C2)[C@H]3[C@]4([C@](O[C@H](SC5=CC=CC=C5)[C@H]3OCC6=CC=CC=C6)(CO[C@H](O4)C7=CC=CC=C7)[H])[H],thioglycoside,N(C(OCC(Cl)(Cl)Cl)=O)[C@H]1[C@H](O[Si](C(C(C)C)(C)C)(C)C)O[C@H](COCC2=CC=CC=C2)[C@@H](O)[C@@H]1OCC3=CC=CC=C3,Dichloromethane,ClCCl,1,Triethylamine,N(CC)(CC)CC,1,-60.0,1,60.0,1,b,1,c1ccc(CO[C@H]2[C@@H](OCc3ccc4ccccc4c3)[C@@H]3O[C@H](c4ccccc4)OC[C@H]3O[C@@H]2Sc2ccccc2)cc1,CC(C)C(C)(C)[Si](C)(C)O[C@@H]1O[C@H](COCc2ccccc2)[C@@H](O)[C@H](OCc2ccccc2)[C@H]1NC(=O)OCC(Cl)(Cl)Cl,2C25ABAE
406,"World Intellectual Property Organization, WO2012135049 A1 2012-10-04",专利,2012,31-013-CAS-11908517,O(CC1=CC2=C(C=C1)C=CC=C2)[C@H]3[C@]4([C@](O[C@H](SC5=CC=CC=C5)[C@H]3OCC6=CC=CC=C6)(CO[C@H](O4)C7=CC=CC=C7)[H])[H],thioglycoside,N(C(OCC(Cl)(Cl)Cl)=O)[C@H]1[C@H](O[Si](C(C(C)C)(C)C)(C)C)O[C@H](COCC2=CC=CC=C2)[C@@H](O)[C@@H]1OCC3=CC=CC=C3,Dichloromethane,ClCCl,1,1-(Phenylsulfonyl)piperidine,O=S(=O)(C=1C=CC=CC1)N2CCCCC2,1,-60.0,1,5.0,1,b,1,c1ccc(CO[C@H]2[C@@H](OCc3ccc4ccccc4c3)[C@@H]3O[C@H](c4ccccc4)OC[C@H]3O[C@@H]2Sc2ccccc2)cc1,CC(C)C(C)(C)[Si](C)(C)O[C@@H]1O[C@H](COCc2ccccc2)[C@@H](O)[C@H](OCc2ccccc2)[C@H]1NC(=O)OCC(Cl)(Cl)Cl,2C25ABAE
407,"Journal of the American Chemical Society (2018), 140(49), 17079-17085",期刊,2018,31-013-CAS-21022801,O(CC=C)[C@H]1[C@]2([C@](OC(SCC)[C@@H]1OC(CCC(C)=O)=O)(CO[C@@](C(OCC3=CC=CC=C3)=O)(C)O2)[H])[H],thioglycoside,N(C(C(Cl)(Cl)Cl)=O)[C@H]1[C@H](O[Si](C(C(C)C)(C)C)(C)C)O[C@H](COCC2=CC=CC=C2)[C@@H](O)[C@@H]1OC(C)=O,Toluene,C=1C=CC(=CC1)C,1,Trifluoromethanesulfonic acid,O=S(=O)(O)C(F)(F)F,1,25.0,1,30.0,1,b,1,C=CCO[C@H]1[C@@H]2O[C@@](C)(C(=O)OCc3ccccc3)OC[C@H]2OC(SCC)[C@@H]1OC(=O)CCC(C)=O,CC(=O)O[C@H]1[C@H](O)[C@@H](COCc2ccccc2)O[C@@H](O[Si](C)(C)C(C)(C)C(C)C)[C@@H]1NC(=O)C(Cl)(Cl)Cl,2F468842
408,"Journal of Carbohydrate Chemistry (2005), 24(8-9), 789-807",期刊,2005,31-013-CAS-6011919,O(CC1=CC=CC=C1)[C@H]2[C@H](OCC3=CC=CC=C3)[C@@H](SC)O[C@@H](C)[C@H]2OCC4=CC=CC=C4,thioglycoside,O([C@H]1[C@H](OC(C)=O)[C@@H](OC(C)=O)[C@@H](OC(C)=O)[C@@H](COC(C)=O)O1)[C@@H]2[C@@H](NC(C)=O)[C@H](OCCCNC(OCC3=CC=CC=C3)=O)O[C@H](COC(C)=O)[C@H]2O,Dichloromethane,ClCCl,1,,,0,25.0,1,120.0,1,a,0,CS[C@H]1O[C@@H](C)[C@@H](OCc2ccccc2)[C@@H](OCc2ccccc2)[C@@H]1OCc1ccccc1,CC(=O)N[C@H]1[C@H](OCCCNC(=O)OCc2ccccc2)O[C@H](COC(C)=O)[C@@H](O)[C@@H]1O[C@@H]1O[C@H](COC(C)=O)[C@H](OC(C)=O)[C@H](OC(C)=O)[C@H]1OC(C)=O,88E2E092
409,"Angewandte Chemie, International Edition (2006), 45(17), 2753-2757",期刊,2006,31-013-CAS-11975951,O(CC1=CC=CC=C1)[C@H]2[C@@H](OCC3=CC=CC=C3)[C@@H](COCC4=CC=CC=C4)O[C@@H](SC5=CC=C(C)C=C5)[C@@H]2OC(C)=O,thioglycoside,N(C(OCC(Cl)(Cl)Cl)=O)[C@H]1[C@H](SC2=CC=C(C)C=C2)O[C@H](COC(=O)C3=CC=CC=C3)[C@@H](O)[C@@H]1OC(CCC(C)=O)=O,Dichloromethane,ClCCl,1,Trifluoromethanesulfonic anhydride,O=S(=O)(OS(=O)(=O)C(F)(F)F)C(F)(F)F,1,,0,,0,b,1,CC(=O)O[C@@H]1[C@@H](OCc2ccccc2)[C@@H](OCc2ccccc2)[C@@H](COCc2ccccc2)O[C@H]1Sc1ccc(C)cc1,CC(=O)CCC(=O)O[C@H]1[C@H](O)[C@@H](COC(=O)c2ccccc2)O[C@@H](Sc2ccc(C)cc2)[C@@H]1NC(=O)OCC(Cl)(Cl)Cl,4F9F8AF2
410,"Russian Journal of Organic Chemistry (2005), 41(12), 1814-1823",期刊,2005,31-013-CAS-12919728,O(C(C)=O)[C@H]1[C@@]2([C@](O[C@@H](SCC)[C@@H]1OC(C)=O)(CO[C@@H](O2)C3=CC=CC=C3)[H])[H],thioglycoside,N(C(C)=O)[C@@H]1[C@@H](OCC2=CC=CC=C2)[C@H](O)[C@@H](COCC3=CC=CC=C3)O[C@H]1OCCNC(C(F)(F)F)=O,Dichloromethane,ClCCl,1,Pyridine,N=1C=CC=CC1,1,25.0,1,120.0,1,b,1,CCS[C@@H]1O[C@@H]2CO[C@H](c3ccccc3)O[C@@H]2[C@H](OC(C)=O)[C@H]1OC(C)=O,CC(=O)N[C@H]1[C@H](OCCNC(=O)C(F)(F)F)O[C@H](COCc2ccccc2)[C@@H](O)[C@@H]1OCc1ccccc1,58331274
411,"ACS Chemical Biology (2012), 7(8), 1420-1428",期刊,2012,31-013-CAS-7432796,O(CC1=CC=CC=C1)[C@H]2[C@]3([C@](O[C@@H](SCC)[C@@H]2OCC4=CC=CC=C4)(CO[C@H](O3)C5=CC=CC=C5)[H])[H],thioglycoside,O(C(C)=O)[C@@H]1[C@@H](OCC2=CC=CC=C2)[C@H](OCC3=CC=CC=C3)[C@@H](COCC4=CC=CC=C4)O[C@H]1O[C@@H]5[C@@H](NC(OCC(Cl)(Cl)Cl)=O)[C@@H](OC6=CC=C(OC)C=C6)O[C@H](COCC7=CC=CC=C7)[C@@H]5O,Toluene,C=1C=CC(=CC1)C,1,Trifluoromethanesulfonic acid,O=S(=O)(O)C(F)(F)F,1,25.0,1,360.0,1,a,0,CCS[C@@H]1O[C@@H]2CO[C@@H](c3ccccc3)O[C@H]2[C@H](OCc2ccccc2)[C@H]1OCc1ccccc1,COc1ccc(O[C@H]2O[C@H](COCc3ccccc3)[C@H](O)[C@H](O[C@@H]3O[C@H](COCc4ccccc4)[C@@H](OCc4ccccc4)[C@H](OCc4ccccc4)[C@H]3OC(C)=O)[C@H]2NC(=O)OCC(Cl)(Cl)Cl)cc1,0EAAA44D
412,"Chemical Science (2013), 4(1), 468-481",期刊,2013,31-013-CAS-16587031,O(CC1=CC=CC=C1)[C@H]2[C@H](OCC3=CC=CC=C3)[C@@H](COCC4=CC=CC=C4)O[C@H](SCC)[C@@H]2OCC5=CC=CC=C5,thioglycoside,[Si](OC[C@@H]1[C@@H](O[C@H]2[C@H](NC(C(Cl)(Cl)Cl)=O)[C@@H](OCC3=CC=CC=C3)[C@@H](O)[C@@H](COCC4=CC=CC=C4)O2)[C@H](OCC5=CC=CC=C5)[C@H](OC(CCC(C)=O)=O)[C@@H](OCC=C)O1)(C(C)(C)C)(C6=CC=CC=C6)C7=CC=CC=C7,Toluene,C=1C=CC(=CC1)C,1,Trimethylsilyl triflate,O=S(=O)(O[Si](C)(C)C)C(F)(F)F,1,0.0,1,960.0,1,a,0,CCS[C@H]1O[C@H](COCc2ccccc2)[C@@H](OCc2ccccc2)[C@H](OCc2ccccc2)[C@H]1OCc1ccccc1,C=CCO[C@H]1O[C@H](CO[Si](c2ccccc2)(c2ccccc2)C(C)(C)C)[C@@H](O[C@@H]2O[C@H](COCc3ccccc3)[C@H](O)[C@H](OCc3ccccc3)[C@H]2NC(=O)C(Cl)(Cl)Cl)[C@H](OCc2ccccc2)[C@@H]1OC(=O)CCC(C)=O,9127779E
413,"Organic & Biomolecular Chemistry (2022), 20(21), 4431-4440",期刊,2022,31-614-CAS-36685375,O(CC1=CC=CC=C1)[C@H]2[C@H](OCC3=CC=CC=C3)[C@@H](SCC)O[C@@H](C)[C@H]2OCC4=CC=CC=C4,thioglycoside,O([C@@H]1[C@@H](OCC2=CC=CC=C2)[C@H](O[C@H]3[C@H](OC(=O)C4=CC=CC=C4)[C@@H](OC(=O)C5=CC=CC=C5)[C@H](SCC)O[C@@H]3COC(=O)C6=CC=CC=C6)O[C@H](COCC7=CC=CC=C7)[C@@H]1OCC8=CC=CC=C8)[C@H]9[C@H](NC(C)=O)[C@@H](O[C@H]%10[C@H](O)[C@@H](OCC%11=CC=CC=C%11)[C@@H](OCC%12=CC=CC=C%12)[C@@H](COCC%13=CC=CC=C%13)O%10)[C@H](O)[C@@H](COCC%14=CC=CC=C%14)O9,Dichloromethane,ClCCl,1,Bromine,BrBr,1,25.0,1,10.0,1,a,0,CCS[C@H]1O[C@@H](C)[C@@H](OCc2ccccc2)[C@@H](OCc2ccccc2)[C@@H]1OCc1ccccc1,CCS[C@@H]1O[C@H](COC(=O)c2ccccc2)[C@@H](O[C@@H]2O[C@H](COCc3ccccc3)[C@H](OCc3ccccc3)[C@H](O[C@@H]3O[C@H](COCc4ccccc4)[C@@H](O)[C@H](O[C@@H]4O[C@H](COCc5ccccc5)[C@H](OCc5ccccc5)[C@H](OCc5ccccc5)[C@H]4O)[C@H]3NC(C)=O)[C@H]2OCc2ccccc2)[C@H](OC(=O)c2ccccc2)[C@H]1OC(=O)c1ccccc1,05F8A284
414,"Journal of the American Chemical Society (2001), 123(28), 6819-6825",期刊,2001,31-301-CAS-8308590,O(CC1=CC=CC=C1)[C@H]2[C@]3([C@](O[C@](S(=O)C4=CC=CC=C4)([C@H]2OCC5=CC=CC=C5)[H])(CO[C@H](O3)C6=CC=CC=C6)[H])[H],thioglycoside,N(CC1=CC=CC=C1)(C(C)=O)[C@@H]2[C@@H](OCC3=CC=CC=C3)[C@H](O)[C@@H](COCC4=CC=CC=C4)O[C@@H]2OC,Dichloromethane,ClCCl,1,Sodium bicarbonate,[Na].O=C(O)O,1,,0,,0,b,1,O=S(c1ccccc1)[C@H]1O[C@@H]2CO[C@@H](c3ccccc3)O[C@H]2[C@H](OCc2ccccc2)[C@@H]1OCc1ccccc1,CO[C@H]1O[C@H](COCc2ccccc2)[C@@H](O)[C@H](OCc2ccccc2)[C@H]1N(Cc1ccccc1)C(C)=O,5F387B6F
415,"European Journal of Organic Chemistry (2020), 2020(12), 1802-1810",期刊,2020,31-013-CAS-21762125,O([Si](C(C)(C)C)(C)C)[C@H]1[C@@]2([C@](O[C@@H](SC3=CC=C(C)C=C3)[C@@H]1OC(OCC4C=5C(C=6C4=CC=CC6)=CC=CC5)=O)(CO[C@@H](O2)C7=CC=CC=C7)[H])[H],thioglycoside,N(C(C)=O)[C@@H]1[C@@H](OCC2=CC=CC=C2)[C@H](O)[C@@H](COCC3=CC=CC=C3)O[C@@H]1OCC(OC)=O,Dichloromethane,ClCCl,1,N-Iodosuccinimide,O=C1N(I)C(=O)CC1,1,,0,,0,a,0,Cc1ccc(S[C@@H]2O[C@@H]3CO[C@H](c4ccccc4)O[C@@H]3[C@H](O[Si](C)(C)C(C)(C)C)[C@H]2OC(=O)OCC2c3ccccc3-c3ccccc32)cc1,COC(=O)CO[C@H]1O[C@H](COCc2ccccc2)[C@@H](O)[C@H](OCc2ccccc2)[C@H]1NC(C)=O,7D40B5EE
416,"Carbohydrate Research (2003), 338(23), 2591-2603",期刊,2003,31-013-CAS-7707758,O(CC1=CC=CC=C1)[C@H]2[C@H](NC(=O)[C@H]3O[C@@H](OCC3)C4=CC=CC=C4)[C@@H](C)O[C@H](SCC)[C@H]2OC,thioglycoside,O(CC1=CC=CC=C1)[C@H]2[C@H](NC(=O)[C@H]3O[C@@H](OCC3)C4=CC=CC=C4)[C@@H](C)O[C@H](OCCCCCC(OC)=O)[C@H]2O,Dichloromethane,ClCCl,1,N-Iodosuccinimide,O=C1N(I)C(=O)CC1,1,25.0,1,15.0,1,a,0,CCS[C@H]1O[C@H](C)[C@@H](NC(=O)[C@@H]2CCO[C@@H](c3ccccc3)O2)[C@H](OCc2ccccc2)[C@@H]1OC,COC(=O)CCCCCO[C@H]1O[C@H](C)[C@@H](NC(=O)[C@@H]2CCO[C@@H](c3ccccc3)O2)[C@H](OCc2ccccc2)[C@@H]1O,42D45AD0
417,"Chemical Communications (Cambridge, United Kingdom) (2018), 54(72), 10120-10123",期刊,2018,31-013-CAS-19733123,O([C@H]1[C@H](OCC2=CC=CC=C2)[C@@H](OC(=O)C3=CC=CC=C3)[C@H](O[C@H]4[C@H](OCC5=CC=CC=C5)[C@@H](N=[N+]=[N-])[C@@H](O[C@H]6[C@H](OCC7=CC=CC=C7)[C@@H](OC(=O)C8=CC=CC=C8)[C@H](SC9=CC=C(C)C=C9)O[C@H]6COC(CCC(C)=O)=O)O[C@@H]4COC(C)=O)O[C@H]1COC(CCC(C)=O)=O)[C@@H]%10[C@H](N=[N+]=[N-])[C@@H](OCC%11=CC=CC=C%11)[C@H](OCC%12=CC=CC=C%12)[C@@H](COC(C)=O)O%10,thioglycoside,O([C@H]1[C@H](OCC2=CC=CC=C2)[C@@H](OC(=O)C3=CC=CC=C3)[C@H](OCCCN(CC4=CC=CC=C4)C(OCC5=CC=CC=C5)=O)O[C@H]1COC(CCC(C)=O)=O)[C@@H]6[C@H](N=[N+]=[N-])[C@@H](OCC7=CC=CC=C7)[C@H](O)[C@@H](COC(C)=O)O6,Dichloromethane;Diethyl ether,ClCCl;O(CC)CC,1,Triethylamine,N(CC)(CC)CC,1,-78.0,1,10.0,1,a,0,CC(=O)CCC(=O)OC[C@@H]1O[C@@H](Sc2ccc(C)cc2)[C@H](OC(=O)c2ccccc2)[C@@H](OCc2ccccc2)[C@@H]1O[C@H]1O[C@H](COC(C)=O)[C@@H](O[C@@H]2O[C@@H](COC(=O)CCC(C)=O)[C@@H](O[C@H]3O[C@H](COC(C)=O)[C@@H](OCc4ccccc4)[C@H](OCc4ccccc4)[C@H]3N=[N+]=[N-])[C@H](OCc3ccccc3)[C@H]2OC(=O)c2ccccc2)[C@H](OCc2ccccc2)[C@H]1N=[N+]=[N-],CC(=O)CCC(=O)OC[C@@H]1O[C@@H](OCCCN(Cc2ccccc2)C(=O)OCc2ccccc2)[C@H](OC(=O)c2ccccc2)[C@@H](OCc2ccccc2)[C@@H]1O[C@H]1O[C@H](COC(C)=O)[C@@H](O)[C@H](OCc2ccccc2)[C@H]1N=[N+]=[N-],4E935F00
418,"World Intellectual Property Organization, WO2019211595 A1 2019-11-07",专利,2019,31-013-CAS-21812652,O(CC1=CC=C(OC)C=C1)[C@H]2[C@H](OCC3=CC=C(OC)C=C3)[C@H](OCC4=CC=C(OC)C=C4)[C@H](C)O[C@@H]2SCC,thioglycoside,O([C@@H]1[C@@H](NC(C)=O)[C@H](SCC#N)O[C@H](COC(C)=O)[C@H]1O)[C@H]2[C@H](O)[C@@H](OC(C)=O)[C@@H](OC(C)=O)[C@@H](COC(C)=O)O2,Dichloromethane,ClCCl,1,Tetrabutylammonium bromide,[Br-].CCCC[N+](CCCC)(CCCC)CCCC,1,25.0,1,60.0,1,a,0,CCS[C@H]1O[C@@H](C)[C@@H](OCc2ccc(OC)cc2)[C@@H](OCc2ccc(OC)cc2)[C@@H]1OCc1ccc(OC)cc1,CC(=O)N[C@@H]1[C@@H](O[C@@H]2O[C@H](COC(C)=O)[C@H](OC(C)=O)[C@H](OC(C)=O)[C@H]2O)[C@H](O)[C@@H](COC(C)=O)O[C@H]1SCC#N,CA34BEEE
419,"World Intellectual Property Organization, WO2014027203 A1 2014-02-20",专利,2014,31-013-CAS-777929,O(CC1=CC=C(OC)C=C1)[C@H]2[C@H](OCC3=CC=C(OC)C=C3)[C@H](OCC4=CC=C(OC)C=C4)[C@H](C)O[C@@H]2SCC,thioglycoside,O([C@@H]1[C@@H](NC(C)=O)[C@H](SCC#N)O[C@H](COC(C)=O)[C@H]1O)[C@H]2[C@H](O)[C@@H](OC(C)=O)[C@@H](OC(C)=O)[C@@H](COC(C)=O)O2,Dichloromethane,ClCCl,1,Copper bromide,[Cu].[Br],1,25.0,1,60.0,1,a,0,CCS[C@H]1O[C@@H](C)[C@@H](OCc2ccc(OC)cc2)[C@@H](OCc2ccc(OC)cc2)[C@@H]1OCc1ccc(OC)cc1,CC(=O)N[C@@H]1[C@@H](O[C@@H]2O[C@H](COC(C)=O)[C@H](OC(C)=O)[C@H](OC(C)=O)[C@H]2O)[C@H](O)[C@@H](COC(C)=O)O[C@H]1SCC#N,CA34BEEE
420,"China, CN105001278 A 2015-10-28",专利,2015,31-013-CAS-12798014,C(OC(O[C@H]1[C@H](OCC2=CC=CC=C2)[C@@H](OC(=O)C3=CC=CC=C3)[C@H](SC4=CC=CC=C4)O[C@H]1C(OC)=O)=O)C5C=6C(C=7C5=CC=CC7)=CC=CC6,thioglycoside,N(C(OCC1=CC=CC=C1)=O)[C@@H]2[C@@H](OCC3=CC=CC=C3)[C@H](O)[C@@H](COC(C)=O)O[C@@H]2OC,Dichloromethane,ClCCl,1,1-(Phenylsulfonyl)piperidine,O=S(=O)(C=1C=CC=CC1)N2CCCCC2,1,-20.0,1,,0,a,0,COC(=O)[C@@H]1O[C@@H](Sc2ccccc2)[C@H](OC(=O)c2ccccc2)[C@@H](OCc2ccccc2)[C@@H]1OC(=O)OCC1c2ccccc2-c2ccccc21,CO[C@H]1O[C@H](COC(C)=O)[C@@H](O)[C@H](OCc2ccccc2)[C@H]1NC(=O)OCc1ccccc1,2238211B
421,"Journal of Organic Chemistry (2023), 88(9), 5554-5562",期刊,2023,31-614-CAS-39596676,O(CC1=CC=CC=C1)[C@H]2[C@H](OCC3=CC=CC=C3)[C@@H](SCC)O[C@@H](C)[C@H]2OCC4=CC=CC=C4,thioglycoside,O([C@H]1[C@H](OC(C)=O)[C@@H](OC(CCl)=O)[C@@H](OC(C)=O)[C@@H](COC(C)=O)O1)[C@@H]2[C@@H](NC(C)=O)[C@H](OCCCCCCCCCCl)O[C@H](COCC3=CC=CC=C3)[C@H]2O,Diethyl ether,O(CC)CC,1,Triethylamine,N(CC)(CC)CC,1,25.0,1,45.0,1,a,0,CCS[C@H]1O[C@@H](C)[C@@H](OCc2ccccc2)[C@@H](OCc2ccccc2)[C@@H]1OCc1ccccc1,CC(=O)N[C@H]1[C@H](OCCCCCCCCCCl)O[C@H](COCc2ccccc2)[C@@H](O)[C@@H]1O[C@@H]1O[C@H](COC(C)=O)[C@H](OC(C)=O)[C@H](OC(=O)CCl)[C@H]1OC(C)=O,F2E255E7
422,"Journal of Biological Chemistry (2012), 287(9), 6592-6602",期刊,2012,31-013-CAS-6440966,O([Si](C(C)(C)C)(C)C)[C@@H]1[C@@H](OC(C(C)(C)C)=O)[C@H](SCC)O[C@H](COC(CCC(C)=O)=O)[C@@H]1OCC2=CC=CC=C2,thioglycoside,N(C(C(Cl)(Cl)Cl)=O)[C@@H]1[C@@H](OCC2=CC=CC=C2)[C@H](O)[C@@H](COCC3=CC=CC=C3)O[C@H]1OCC4=CC=C(OC)C=C4,Dichloromethane,ClCCl,1,Trifluoromethanesulfonic acid,O=S(=O)(O)C(F)(F)F,1,-40.0,1,30.0,1,b,1,CCS[C@@H]1O[C@H](COC(=O)CCC(C)=O)[C@H](OCc2ccccc2)[C@H](O[Si](C)(C)C(C)(C)C)[C@H]1OC(=O)C(C)(C)C,COc1ccc(CO[C@@H]2O[C@H](COCc3ccccc3)[C@@H](O)[C@H](OCc3ccccc3)[C@H]2NC(=O)C(Cl)(Cl)Cl)cc1,A0254888
423,"Synlett (2000), (6), 820-822",期刊,2000,31-013-CAS-4879719,O(CC1=CC=CC=C1)[C@H]2[C@H](OCC3=CC=CC=C3)C(SCC)O[C@@H](C)[C@H]2OCC4=CC=CC=C4,thioglycoside,O([C@H]1[C@H](OC(C)=O)[C@@H](OC(C)=O)[C@@H](OC(C)=O)[C@@H](COCC2=CC=CC=C2)O1)[C@@H]3[C@@H](NC(C)=O)[C@H](N=[N+]=[N-])O[C@H](COCC4=CC=CC=C4)[C@H]3O,Dichloromethane,ClCCl,1,Copper bromide,[Cu].[Br],1,,0,,0,a,0,CCSC1O[C@@H](C)[C@@H](OCc2ccccc2)[C@@H](OCc2ccccc2)[C@@H]1OCc1ccccc1,CC(=O)N[C@@H]1[C@@H](O[C@@H]2O[C@H](COCc3ccccc3)[C@H](OC(C)=O)[C@H](OC(C)=O)[C@H]2OC(C)=O)[C@H](O)[C@@H](COCc2ccccc2)O[C@H]1N=[N+]=[N-],4D607EFA
424,"Journal of Organic Chemistry (2005), 70(4), 1291-1296",期刊,2005,31-301-CAS-3738842,O(CC1=CC=CC=C1)[C@@H]2[C@@H](OCC3=CC=CC=C3)[C@H](OCC4=CC=CC=C4)[C@@H](COCC5=CC=CC=C5)O[C@H]2S(=O)C6=CC=CC=C6,thioglycoside,C(C)(=O)N1[C@@]2([C@]([C@H](O)[C@@H](COCC3=CC=CC=C3)O[C@@H]2OC)(OC1=O)[H])[H],Dichloromethane,ClCCl,1,Trifluoromethanesulfonic anhydride,O=S(=O)(OS(=O)(=O)C(F)(F)F)C(F)(F)F,1,-60.0,1,10.0,1,a,0,O=S(c1ccccc1)[C@@H]1O[C@H](COCc2ccccc2)[C@@H](OCc2ccccc2)[C@H](OCc2ccccc2)[C@H]1OCc1ccccc1,CO[C@H]1O[C@H](COCc2ccccc2)[C@@H](O)[C@@H]2OC(=O)N(C(C)=O)[C@@H]12,B1126D4E
425,"Organic Reactions (Hoboken, NJ, United States) (2004), 64, No pp. given",期刊,2004,31-301-CAS-14975289,O(CC1=CC=CC=C1)[C@@H]2[C@@H](OCC3=CC=CC=C3)[C@H](OCC4=CC=CC=C4)[C@@H](COCC5=CC=CC=C5)O[C@H]2S(=O)C6=CC=CC=C6,thioglycoside,C(C)(=O)N1[C@@]2([C@]([C@H](O)[C@@H](COCC3=CC=CC=C3)O[C@@H]2OC)(OC1=O)[H])[H],Dichloromethane,ClCCl,1,Trifluoromethanesulfonic anhydride,O=S(=O)(OS(=O)(=O)C(F)(F)F)C(F)(F)F,1,,0,,0,a,0,O=S(c1ccccc1)[C@@H]1O[C@H](COCc2ccccc2)[C@@H](OCc2ccccc2)[C@H](OCc2ccccc2)[C@H]1OCc1ccccc1,CO[C@H]1O[C@H](COCc2ccccc2)[C@@H](O)[C@@H]2OC(=O)N(C(C)=O)[C@@H]12,B1126D4E
426,"Organic Reactions (Hoboken, NJ, United States) (2004), 64, No pp. given",期刊,2004,31-301-CAS-2565946,O(CC1=CC=CC=C1)[C@@H]2[C@@H](OCC3=CC=CC=C3)[C@H](OCC4=CC=CC=C4)[C@@H](COCC5=CC=CC=C5)O[C@H]2S(=O)C6=CC=CC=C6,thioglycoside,C(C)(=O)N1[C@@]2([C@]([C@H](O)[C@@H](COCC3=CC=CC=C3)O[C@@H]2OC)(OC1=O)[H])[H],Dichloromethane,ClCCl,1,Trifluoromethanesulfonic anhydride,O=S(=O)(OS(=O)(=O)C(F)(F)F)C(F)(F)F,1,,0,,0,a,0,O=S(c1ccccc1)[C@@H]1O[C@H](COCc2ccccc2)[C@@H](OCc2ccccc2)[C@H](OCc2ccccc2)[C@H]1OCc1ccccc1,CO[C@H]1O[C@H](COCc2ccccc2)[C@@H](O)[C@@H]2OC(=O)N(C(C)=O)[C@@H]12,B1126D4E
427,"Organic Letters (2003), 5(8), 1297-1300",期刊,2003,31-301-CAS-13905288,O(CC1=CC=CC=C1)[C@@H]2[C@@H](OCC3=CC=CC=C3)[C@H](OCC4=CC=CC=C4)[C@@H](COCC5=CC=CC=C5)O[C@H]2S(=O)C6=CC=CC=C6,thioglycoside,C(C)(=O)N1[C@@]2([C@]([C@H](O)[C@@H](COCC3=CC=CC=C3)O[C@@H]2OC)(OC1=O)[H])[H],Dichloromethane,ClCCl,1,Sodium chloride,[Na]Cl,1,-60.0,1,,0,a,0,O=S(c1ccccc1)[C@@H]1O[C@H](COCc2ccccc2)[C@@H](OCc2ccccc2)[C@H](OCc2ccccc2)[C@H]1OCc1ccccc1,CO[C@H]1O[C@H](COCc2ccccc2)[C@@H](O)[C@@H]2OC(=O)N(C(C)=O)[C@@H]12,B1126D4E
428,"Tetrahedron Letters (2003), 44(18), 3691-3695",期刊,2003,31-013-CAS-13815318,O(CC=C)[C@H]1[C@@]2([C@](O[C@@H](SC(C)C)[C@@H]1OC(=O)C3=CC=CC=C3)(CO[C@H](O2)C4=CC=CC=C4)[H])[H],thioglycoside,O([C@H]1[C@H](NC(C(Cl)(Cl)Cl)=O)[C@@H](OC(=O)C2=CC=CC=C2)[C@H](O)[C@@H](COC(=O)C3=CC=CC=C3)O1)C4=CC=C(OC)C=C4,Dichloromethane;Triethylamine,ClCCl;N(CC)(CC)CC,1,Trimethylsilyl triflate,O=S(=O)(O[Si](C)(C)C)C(F)(F)F,1,-25.0,1,180.0,1,a,0,C=CCO[C@H]1[C@H]2O[C@H](c3ccccc3)OC[C@H]2O[C@@H](SC(C)C)[C@@H]1OC(=O)c1ccccc1,COc1ccc(O[C@@H]2O[C@H](COC(=O)c3ccccc3)[C@@H](O)[C@H](OC(=O)c3ccccc3)[C@H]2NC(=O)C(Cl)(Cl)Cl)cc1,CDDD8215
429,"Journal of Biological Chemistry (2012), 287(9), 6592-6602",期刊,2012,31-013-CAS-4033104,O([Si](C(C)(C)C)(C)C)[C@H]1[C@@]2([C@](O[C@@H](SCC)[C@@H]1OC(C(C)(C)C)=O)(COC(O2)C3=CC=CC=C3)[H])[H],thioglycoside,N(C(C(Cl)(Cl)Cl)=O)[C@@H]1[C@@H](OCC2=CC=CC=C2)[C@H](O)[C@@H](COCC3=CC=CC=C3)O[C@H]1OCC4=CC=C(OC)C=C4,Dichloromethane,ClCCl,1,Trifluoromethanesulfonic acid,O=S(=O)(O)C(F)(F)F,1,-40.0,1,30.0,1,b,1,CCS[C@@H]1O[C@@H]2COC(c3ccccc3)O[C@@H]2[C@H](O[Si](C)(C)C(C)(C)C)[C@H]1OC(=O)C(C)(C)C,COc1ccc(CO[C@@H]2O[C@H](COCc3ccccc3)[C@@H](O)[C@H](OCc3ccccc3)[C@H]2NC(=O)C(Cl)(Cl)Cl)cc1,C818690C
430,"European Journal of Organic Chemistry (2020), 2020(12), 1802-1810",期刊,2020,31-013-CAS-21762120,C(OC(O[C@@H]1[C@@H](O[Si](C(C)(C)C)(C)C)[C@@H](OC(C)=O)[C@@H](COC(C)=O)O[C@H]1SC2=CC=C(C)C=C2)=O)C3C=4C(C=5C3=CC=CC5)=CC=CC4,thioglycoside,N(C(C)=O)(C(C)=O)[C@@H]1[C@@H](OCC2=CC=CC=C2)[C@H](O)[C@@H](COCC3=CC=CC=C3)O[C@@H]1OCC(OC)=O,Dichloromethane,ClCCl,1,N-Iodosuccinimide,O=C1N(I)C(=O)CC1,1,-20.0,1,20.0,1,b,1,CC(=O)OC[C@H]1O[C@@H](Sc2ccc(C)cc2)[C@H](OC(=O)OCC2c3ccccc3-c3ccccc32)[C@@H](O[Si](C)(C)C(C)(C)C)[C@H]1OC(C)=O,COC(=O)CO[C@H]1O[C@H](COCc2ccccc2)[C@@H](O)[C@H](OCc2ccccc2)[C@H]1N(C(C)=O)C(C)=O,3E5169C0
431,"Carbohydrate Research (2000), 328(2), 147-163",期刊,2000,31-013-CAS-11649313,O(C(C)=O)[C@@H]1[C@@H](OC(C)=O)[C@H](SC2=CC=CC=C2)O[C@H](COC(C)=O)[C@@H]1OC(C)=O,thioglycoside,O=C1N(C(=O)C=2C1=CC=CC2)[C@H]3[C@H](OC)O[C@H](COC(C(C)(C)C)=O)[C@@H](O)[C@@H]3O,Dichloromethane,ClCCl,1,Trifluoromethanesulfonic acid,O=S(=O)(O)C(F)(F)F,1,,0,,0,b,1,CC(=O)OC[C@H]1O[C@@H](Sc2ccccc2)[C@H](OC(C)=O)[C@@H](OC(C)=O)[C@H]1OC(C)=O,CO[C@@H]1O[C@H](COC(=O)C(C)(C)C)[C@@H](O)[C@H](O)[C@H]1N1C(=O)c2ccccc2C1=O,67CE236F
432,"World Intellectual Property Organization, WO2020104697 A1 2020-05-28",专利,2020,31-013-CAS-22664054,O(CC1=CC=CC=C1)[C@H]2[C@]3([C@](O[C@@H](SC4=CC=C(C)C=C4)[C@@H]2OCC5=CC=CC=C5)(CO[C@H](O3)C6=CC=CC=C6)[H])[H],thioglycoside,O([C@@H]1[C@H](OCC2=CC=CC=C2)[C@@H](COCC3=CC4=C(C=C3)C=CC=C4)O[C@H](COCC5=CC=CC=C5)[C@H]1OCC6=CC=CC=C6)[C@H]7[C@H](NC(OCC(Cl)(Cl)Cl)=O)[C@@H](O[C@H]8[C@H](OCC9=CC=CC=C9)[C@@H](OCC%10=CC=CC=C%10)[C@H](OCC%11=CC=CC=C%11)[C@@H](COCC%12=CC=CC=C%12)O8)[C@@H](O)[C@@H](COCC%13=CC=CC=C%13)O7,Toluene,C=1C=CC(=CC1)C,1,N-Iodosuccinimide,O=C1N(I)C(=O)CC1,1,0.0,1,30.0,1,a,0,Cc1ccc(S[C@@H]2O[C@@H]3CO[C@@H](c4ccccc4)O[C@H]3[C@H](OCc3ccccc3)[C@H]2OCc2ccccc2)cc1,O=C(N[C@H]1[C@H](O[C@H]2[C@H](OCc3ccccc3)[C@@H](COCc3ccccc3)O[C@H](COCc3ccc4ccccc4c3)[C@H]2OCc2ccccc2)O[C@H](COCc2ccccc2)[C@H](O)[C@@H]1O[C@@H]1O[C@H](COCc2ccccc2)[C@@H](OCc2ccccc2)[C@H](OCc2ccccc2)[C@H]1OCc1ccccc1)OCC(Cl)(Cl)Cl,6C9CE41A
433,"Synthesis (2024), 56(3), 487-495",期刊,2024,31-614-CAS-44833731,O(CC1=CC=CC=C1)[C@H]2[C@H](OCC3=CC=CC=C3)[C@@H](SCC)O[C@@H](C)[C@H]2OCC4=CC=CC=C4,thioglycoside,O=C1N(C(=O)C=2C1=CC=CC2)[C@H]3[C@H](SCC)O[C@H](COCC4=CC=CC=C4)[C@@H](O)[C@@H]3O,Dichloromethane,ClCCl,1,N-Iodosuccinimide,O=C1N(I)C(=O)CC1,1,25.0,1,30.0,1,a,0,CCS[C@H]1O[C@@H](C)[C@@H](OCc2ccccc2)[C@@H](OCc2ccccc2)[C@@H]1OCc1ccccc1,CCS[C@@H]1O[C@H](COCc2ccccc2)[C@@H](O)[C@H](O)[C@H]1N1C(=O)c2ccccc2C1=O,4CC8F772
434,"Organic Letters (2018), 20(18), 5956-5959",期刊,2018,31-013-CAS-19191565,O(C(=O)C1=CC=CC=C1)[C@H]2[C@H](OC(CCC(C)=O)=O)[C@@H](SC3=CC=CC=C3)O[C@@H](C)[C@@H]2OCC4=CC=CC=C4,thioglycoside,N(C(C(Cl)(Cl)Cl)=O)[C@@H]1[C@@H](OCC2=CC=CC=C2)[C@H](O)[C@@H](COCC3=CC=CC=C3)O[C@H]1OCCCNC(OCC4=CC=CC=C4)=O,Dichloromethane,ClCCl,1,Trimethylsilyl triflate,O=S(=O)(O[Si](C)(C)C)C(F)(F)F,1,25.0,1,30.0,1,b,1,CC(=O)CCC(=O)O[C@H]1[C@H](OC(=O)c2ccccc2)[C@@H](OCc2ccccc2)[C@H](C)O[C@@H]1Sc1ccccc1,O=C(NCCCO[C@@H]1O[C@H](COCc2ccccc2)[C@@H](O)[C@H](OCc2ccccc2)[C@H]1NC(=O)C(Cl)(Cl)Cl)OCc1ccccc1,CAE27AE2
435,"Organic & Biomolecular Chemistry (2003), 1(5), 775-784",期刊,2003,31-013-CAS-12054238,O(CC1=CC=CC=C1)[C@@H]2[C@H](OC(C)=O)[C@@H](SCC)O[C@H](C)[C@H]2NC(=O)[C@@H]3O[C@@H](OCC3)C4=CC=CC=C4,thioglycoside,O(CC1=CC=CC=C1)[C@H]2[C@H](NC(=O)[C@@H]3O[C@@H](OCC3)C4=CC=CC=C4)[C@@H](C)O[C@H](OCCCCCC(OC)=O)[C@H]2O,Dichloromethane,ClCCl,1,N-Iodosuccinimide,O=C1N(I)C(=O)CC1,1,25.0,1,15.0,1,a,0,CCS[C@H]1O[C@H](C)[C@@H](NC(=O)[C@H]2CCO[C@@H](c3ccccc3)O2)[C@H](OCc2ccccc2)[C@@H]1OC(C)=O,COC(=O)CCCCCO[C@H]1O[C@H](C)[C@@H](NC(=O)[C@H]2CCO[C@@H](c3ccccc3)O2)[C@H](OCc2ccccc2)[C@@H]1O,242EA3BC
436,"ChemRxiv (2022), 1-8",期刊,2022,31-614-CAS-36914120,O(CC1=CC=CC=C1)[C@@H]2[C@@H](OC(=O)C3=CC=CC=C3)C(SC4=CC=C(C)C=C4)O[C@@H](C(OC)=O)[C@H]2OCC#C[Si](C(C)C)(C(C)C)C(C)C,thioglycoside,N(C(OCC(Cl)(Cl)Cl)=O)[C@@H]1[C@@H](OCC2=CC=CC=C2)[C@H](O)[C@@H](COC(CCC(C)=O)=O)O[C@@H]1OCCN=[N+]=[N-],Dichloromethane;Toluene,ClCCl;C=1C=CC(=CC1)C,1,Trifluoromethanesulfonic acid,O=S(=O)(O)C(F)(F)F,1,25.0,1,60.0,1,a,0,COC(=O)[C@@H]1OC(Sc2ccc(C)cc2)[C@H](OC(=O)c2ccccc2)[C@@H](OCc2ccccc2)[C@@H]1OCC#C[Si](C(C)C)(C(C)C)C(C)C,CC(=O)CCC(=O)OC[C@H]1O[C@H](OCCN=[N+]=[N-])[C@H](NC(=O)OCC(Cl)(Cl)Cl)[C@@H](OCc2ccccc2)[C@@H]1O,5FED11FF
437,"Carbohydrate Research (2008), 343(4), 596-606",期刊,2008,31-013-CAS-6864875,O(CC1=CC=CC=C1)[C@H]2[C@H](OCC=3C4=C(C=CC3)C=CC=C4)[C@H](C(OC(C)(C)C)=O)O[C@@H](SC5=CC=CC=C5)[C@@H]2OC(=O)C6=CC=CC=C6,thioglycoside,N(C(OCC1=CC=CC=C1)=O)[C@@H]2[C@@H](OCC3=CC=CC=C3)[C@H](O)[C@@H](COC(CCl)=O)O[C@@H]2OC,Dichloromethane,ClCCl,1,Triethylamine,N(CC)(CC)CC,1,0.0,1,30.0,1,a,0,CC(C)(C)OC(=O)[C@@H]1O[C@@H](Sc2ccccc2)[C@H](OC(=O)c2ccccc2)[C@@H](OCc2ccccc2)[C@@H]1OCc1cccc2ccccc12,CO[C@H]1O[C@H](COC(=O)CCl)[C@@H](O)[C@H](OCc2ccccc2)[C@H]1NC(=O)OCc1ccccc1,EBF851A9
438,"Journal of Organic Chemistry (2015), 80(24), 12265-12279",期刊,2015,31-013-CAS-7641455,O([C@H]1[C@H](OCC2=CC=CC=C2)[C@@H](OC(=O)C3=CC=CC=C3)[C@H](SC4=CC=C(C)C=C4)O[C@H]1COC(CCC(C)=O)=O)[C@@H]5[C@H](N=[N+]=[N-])[C@@H](OCC6=CC=CC=C6)[C@H](O[Si](C(C)(C)C)(C)C)[C@@H](COC(C)=O)O5,thioglycoside,O([C@H]1[C@H](OCC2=CC=CC=C2)[C@@H](OC(=O)C3=CC=CC=C3)[C@H](OCCCN(CC4=CC=CC=C4)C(OCC5=CC=CC=C5)=O)O[C@H]1COC(CCC(C)=O)=O)[C@@H]6[C@H](N=[N+]=[N-])[C@@H](OCC7=CC=CC=C7)[C@H](O)[C@@H](COC(C)=O)O6,Dichloromethane;Diethyl ether,ClCCl;O(CC)CC,1,Silver triflate,[Ag].O=S(=O)(O)C(F)(F)F,1,25.0,1,30.0,1,a,0,CC(=O)CCC(=O)OC[C@@H]1O[C@@H](Sc2ccc(C)cc2)[C@H](OC(=O)c2ccccc2)[C@@H](OCc2ccccc2)[C@@H]1O[C@H]1O[C@H](COC(C)=O)[C@@H](O[Si](C)(C)C(C)(C)C)[C@H](OCc2ccccc2)[C@H]1N=[N+]=[N-],CC(=O)CCC(=O)OC[C@@H]1O[C@@H](OCCCN(Cc2ccccc2)C(=O)OCc2ccccc2)[C@H](OC(=O)c2ccccc2)[C@@H](OCc2ccccc2)[C@@H]1O[C@H]1O[C@H](COC(C)=O)[C@@H](O)[C@H](OCc2ccccc2)[C@H]1N=[N+]=[N-],733F5E36
439,"Journal of Organic Chemistry (2005), 70(4), 1291-1296",期刊,2005,31-013-CAS-10471119,O(CC1=CC=CC=C1)[C@@H]2[C@@H](OCC3=CC=CC=C3)[C@H](SC4=CC=CC=C4)O[C@H](COCC5=CC=CC=C5)[C@H]2OCC6=CC=CC=C6,thioglycoside,C(C)(=O)N1[C@@]2([C@]([C@H](O)[C@@H](CO[Si](C(C(C)C)(C)C)(C)C)O[C@H]2OC)(OC1=O)[H])[H],Dichloromethane,ClCCl,1,1-(Phenylsulfonyl)piperidine,O=S(=O)(C=1C=CC=CC1)N2CCCCC2,1,-60.0,1,,0,a,0,c1ccc(COC[C@H]2O[C@@H](Sc3ccccc3)[C@H](OCc3ccccc3)[C@@H](OCc3ccccc3)[C@@H]2OCc2ccccc2)cc1,CO[C@@H]1O[C@H](CO[Si](C)(C)C(C)(C)C(C)C)[C@@H](O)[C@@H]2OC(=O)N(C(C)=O)[C@@H]12,4726E761
440,"Science China: Chemistry (2010), 53(9), 1963-1969",期刊,2010,31-013-CAS-6657006,S([C@H]1[C@H](OC(=O)C2=CC=CC=C2)C[C@@H](OC(C)=O)[C@@H](COC(=O)C3=CC=CC=C3)O1)C4=CC=CC=C4,thioglycoside,O=C1N(C(=O)C=2C1=CC=CC2)[C@H]3[C@H](OC)O[C@H](COCC4=CC=CC=C4)[C@@H](O)[C@@H]3O,Dichloromethane,ClCCl,1,Trifluoromethanesulfonic acid,O=S(=O)(O)C(F)(F)F,1,-30.0,1,40.0,1,b,1,CC(=O)O[C@@H]1C[C@@H](OC(=O)c2ccccc2)[C@H](Sc2ccccc2)O[C@@H]1COC(=O)c1ccccc1,CO[C@@H]1O[C@H](COCc2ccccc2)[C@@H](O)[C@H](O)[C@H]1N1C(=O)c2ccccc2C1=O,90F4741F
441,"Russian Journal of Organic Chemistry (2005), 41(12), 1814-1823",期刊,2005,31-013-CAS-2504738,O(C(CCl)=O)[C@H]1[C@@]2([C@](O[C@@H](SCC)[C@@H]1OCC3=CC=CC=C3)(CO[C@@H](O2)C4=CC=CC=C4)[H])[H],thioglycoside,N(C(C)=O)[C@@H]1[C@@H](OCC2=CC=CC=C2)[C@H](O)[C@@H](COCC3=CC=CC=C3)O[C@H]1OCCNC(C(F)(F)F)=O,Dichloromethane,ClCCl,1,Pyridine,N=1C=CC=CC1,1,25.0,1,120.0,1,b,1,CCS[C@@H]1O[C@@H]2CO[C@H](c3ccccc3)O[C@@H]2[C@H](OC(=O)CCl)[C@H]1OCc1ccccc1,CC(=O)N[C@H]1[C@H](OCCNC(=O)C(F)(F)F)O[C@H](COCc2ccccc2)[C@@H](O)[C@@H]1OCc1ccccc1,CD617A64
442,"Trends in Carbohydrate Research (2016), 8(1), 14-25",期刊,2016,31-013-CAS-16946845,O(CC1=CC=CC=C1)[C@@H]2[C@H]([C@H](SC3=CC=CC=C3)O[C@H](COCC4=CC=CC=C4)[C@H]2OC(C)=O)N5C(=O)C=6C(C5=O)=CC=CC6,thioglycoside,O(CC1=CC=CC=C1)[C@@H]2[C@H](N=[N+]=[N-])[C@@H](OC)O[C@H](COCC3=CC=CC=C3)[C@H]2O,Dichloromethane,ClCCl,1,N-Iodosuccinimide,O=C1N(I)C(=O)CC1,1,-25.0,1,15.0,1,b,1,CC(=O)O[C@H]1[C@H](OCc2ccccc2)[C@@H](N2C(=O)c3ccccc3C2=O)[C@H](Sc2ccccc2)O[C@@H]1COCc1ccccc1,CO[C@H]1O[C@H](COCc2ccccc2)[C@@H](O)[C@H](OCc2ccccc2)[C@@H]1N=[N+]=[N-],46C65098
443,"Organic & Biomolecular Chemistry (2023), 21(10), 2101-2106",期刊,2023,31-614-CAS-39834143,O(CC1=CC=CC=C1)[C@@H]2[C@H]([C@H](SC3=CC=C(C)C=C3)O[C@]4([C@@]2(O[Si](C(C)(C)C)(C(C)(C)C)OC4)[H])[H])N5C(=O)C=6C(C5=O)=CC=CC6,thioglycoside,O(CC1=CC=CC=C1)[C@@H]2[C@@H](N=[N+]=[N-])[C@@H](OC)O[C@H](COCC3=CC=CC=C3)[C@H]2O,Dichloromethane,ClCCl,1,Iodonium,[IH2+],1,25.0,1,,0,a,0,Cc1ccc(S[C@@H]2O[C@@H]3CO[Si](C(C)(C)C)(C(C)(C)C)O[C@@H]3[C@H](OCc3ccccc3)[C@H]2N2C(=O)c3ccccc3C2=O)cc1,CO[C@H]1O[C@H](COCc2ccccc2)[C@@H](O)[C@H](OCc2ccccc2)[C@H]1N=[N+]=[N-],963BAEC1
444,"Canada, CA2806561 C 2015-12-22",专利,2015,31-013-CAS-21359720,O(CC1=CC=CC=C1)[C@@H]2[C@@H](OC(OCC=C)=O)[C@H](SC3=CC=C(C)C=C3)O[C@H](C(OC)=O)[C@H]2OC(CCC(C)=O)=O,thioglycoside,O(CC1=CC=CC=C1)[C@H]2[C@H](O[C@@H]3[C@]4([C@]([C@H](O)[C@@H](COC5=CC=C(OC)C=C5)O3)(OC(=O)N4)[H])[H])[C@H](C(OC)=O)O[C@@H](O[C@H]6[C@H](OCC7=CC=CC=C7)[C@@H](N=[N+]=[N-])[C@@H](OC)O[C@@H]6COC(=O)C8=CC=CC=C8)[C@@H]2OC(=O)C9=CC=CC=C9,Acetonitrile,N#CC,1,N-Iodosuccinimide,O=C1N(I)C(=O)CC1,1,,0,,0,b,1,C=CCOC(=O)O[C@@H]1[C@@H](OCc2ccccc2)[C@H](OC(=O)CCC(C)=O)[C@@H](C(=O)OC)O[C@H]1Sc1ccc(C)cc1,COC(=O)[C@@H]1O[C@@H](O[C@H]2[C@H](OCc3ccccc3)[C@@H](N=[N+]=[N-])[C@@H](OC)O[C@@H]2COC(=O)c2ccccc2)[C@H](OC(=O)c2ccccc2)[C@@H](OCc2ccccc2)[C@@H]1O[C@H]1O[C@H](COc2ccc(OC)cc2)[C@@H](O)[C@@H]2OC(=O)N[C@@H]12,4CB87473
445,"World Intellectual Property Organization, WO2003022860 A1 2003-03-20",专利,2003,31-013-CAS-3854222,O(CC1=CC=CC=C1)[C@@H]2[C@@H](OC(OCC=C)=O)[C@H](SC3=CC=C(C)C=C3)O[C@H](C(OC)=O)[C@H]2OC(CCC(C)=O)=O,thioglycoside,O(CC1=CC=CC=C1)[C@H]2[C@H](O[C@@H]3[C@]4([C@]([C@H](O)[C@@H](COC5=CC=C(OC)C=C5)O3)(OC(=O)N4)[H])[H])[C@H](C(OC)=O)O[C@@H](O[C@H]6[C@H](OCC7=CC=CC=C7)[C@@H](N=[N+]=[N-])[C@@H](OC)O[C@@H]6COC(=O)C8=CC=CC=C8)[C@@H]2OC(=O)C9=CC=CC=C9,Acetonitrile,N#CC,1,N-Iodosuccinimide,O=C1N(I)C(=O)CC1,1,,0,,0,b,1,C=CCOC(=O)O[C@@H]1[C@@H](OCc2ccccc2)[C@H](OC(=O)CCC(C)=O)[C@@H](C(=O)OC)O[C@H]1Sc1ccc(C)cc1,COC(=O)[C@@H]1O[C@@H](O[C@H]2[C@H](OCc3ccccc3)[C@@H](N=[N+]=[N-])[C@@H](OC)O[C@@H]2COC(=O)c2ccccc2)[C@H](OC(=O)c2ccccc2)[C@@H](OCc2ccccc2)[C@@H]1O[C@H]1O[C@H](COc2ccc(OC)cc2)[C@@H](O)[C@@H]2OC(=O)N[C@@H]12,4CB87473
446,"Journal of Organic Chemistry (2005), 70(4), 1291-1296",期刊,2005,31-013-CAS-12570705,O(CC1=CC=CC=C1)[C@H]2[C@]3([C@](O[C@@H](SCC)[C@@H]2OCC4=CC=CC=C4)(CO[C@H](O3)C5=CC=CC=C5)[H])[H],thioglycoside,C(C)(=O)N1[C@@]2([C@]([C@H](O)[C@@H](COCC3=CC=CC=C3)O[C@@H]2OC)(OC1=O)[H])[H],Dichloromethane,ClCCl,1,1-(Phenylsulfonyl)piperidine,O=S(=O)(C=1C=CC=CC1)N2CCCCC2,1,-60.0,1,,0,a,0,CCS[C@@H]1O[C@@H]2CO[C@@H](c3ccccc3)O[C@H]2[C@H](OCc2ccccc2)[C@H]1OCc1ccccc1,CO[C@H]1O[C@H](COCc2ccccc2)[C@@H](O)[C@@H]2OC(=O)N(C(C)=O)[C@@H]12,54EF88E8
447,"Organic Reactions (Hoboken, NJ, United States) (2004), 64, No pp. given",期刊,2004,31-013-CAS-8679459,O(CC1=CC=CC=C1)[C@H]2[C@]3([C@](O[C@H](SCC)[C@@H]2OCC4=CC=CC=C4)(CO[C@H](O3)C5=CC=CC=C5)[H])[H],thioglycoside,C(C)(=O)N1[C@@]2([C@]([C@H](O)[C@@H](COCC3=CC=CC=C3)O[C@@H]2OC)(OC1=O)[H])[H],Dichloromethane,ClCCl,1,Trifluoromethanesulfonic anhydride,O=S(=O)(OS(=O)(=O)C(F)(F)F)C(F)(F)F,1,,0,,0,a,0,CCS[C@H]1O[C@@H]2CO[C@@H](c3ccccc3)O[C@H]2[C@H](OCc2ccccc2)[C@H]1OCc1ccccc1,CO[C@H]1O[C@H](COCc2ccccc2)[C@@H](O)[C@@H]2OC(=O)N(C(C)=O)[C@@H]12,CAB616D3
448,"Organic Reactions (Hoboken, NJ, United States) (2004), 64, No pp. given",期刊,2004,31-013-CAS-1889585,O(CC1=CC=CC=C1)[C@H]2[C@]3([C@](O[C@H](SCC)[C@@H]2OCC4=CC=CC=C4)(CO[C@H](O3)C5=CC=CC=C5)[H])[H],thioglycoside,C(C)(=O)N1[C@@]2([C@]([C@H](O)[C@@H](COCC3=CC=CC=C3)O[C@@H]2OC)(OC1=O)[H])[H],Dichloromethane,ClCCl,1,1-(Phenylsulfonyl)piperidine,O=S(=O)(C=1C=CC=CC1)N2CCCCC2,1,,0,,0,a,0,CCS[C@H]1O[C@@H]2CO[C@@H](c3ccccc3)O[C@H]2[C@H](OCc2ccccc2)[C@H]1OCc1ccccc1,CO[C@H]1O[C@H](COCc2ccccc2)[C@@H](O)[C@@H]2OC(=O)N(C(C)=O)[C@@H]12,CAB616D3
449,"Organic Letters (2003), 5(8), 1297-1300",期刊,2003,31-013-CAS-11290207,O(CC1=CC=CC=C1)[C@H]2[C@]3([C@](O[C@H](SCC)[C@@H]2OCC4=CC=CC=C4)(CO[C@H](O3)C5=CC=CC=C5)[H])[H],thioglycoside,C(C)(=O)N1[C@@]2([C@]([C@H](O)[C@@H](COCC3=CC=CC=C3)O[C@@H]2OC)(OC1=O)[H])[H],Dichloromethane,ClCCl,1,Trimethylsilyl triflate,O=S(=O)(O[Si](C)(C)C)C(F)(F)F,1,-60.0,1,,0,a,0,CCS[C@H]1O[C@@H]2CO[C@@H](c3ccccc3)O[C@H]2[C@H](OCc2ccccc2)[C@H]1OCc1ccccc1,CO[C@H]1O[C@H](COCc2ccccc2)[C@@H](O)[C@@H]2OC(=O)N(C(C)=O)[C@@H]12,CAB616D3
450,"Journal of Organic Chemistry (2005), 70(4), 1291-1296",期刊,2005,31-013-CAS-1336992,O(CC1=CC=CC=C1)[C@H]2[C@@]3([C@](O[C@@H](SC4=CC=CC=C4)[C@@H]2OCC5=CC=CC=C5)(CO[C@@H](O3)C6=CC=CC=C6)[H])[H],thioglycoside,C(C)(=O)N1[C@@]2([C@]([C@H](O)[C@@H](COCC3=CC=CC=C3)O[C@@H]2OC)(OC1=O)[H])[H],Dichloromethane,ClCCl,1,1-(Phenylsulfonyl)piperidine,O=S(=O)(C=1C=CC=CC1)N2CCCCC2,1,-60.0,1,,0,a,0,c1ccc(CO[C@H]2[C@H]3O[C@@H](c4ccccc4)OC[C@H]3O[C@@H](Sc3ccccc3)[C@@H]2OCc2ccccc2)cc1,CO[C@H]1O[C@H](COCc2ccccc2)[C@@H](O)[C@@H]2OC(=O)N(C(C)=O)[C@@H]12,35EEEBCB
451,"Organic Reactions (Hoboken, NJ, United States) (2004), 64, No pp. given",期刊,2004,31-013-CAS-4631185,O(CC1=CC=CC=C1)[C@H]2[C@@]3([C@](O[C@@H](SC4=CC=CC=C4)[C@@H]2OCC5=CC=CC=C5)(CO[C@@H](O3)C6=CC=CC=C6)[H])[H],thioglycoside,C(C)(=O)N1[C@@]2([C@]([C@H](O)[C@@H](COCC3=CC=CC=C3)O[C@@H]2OC)(OC1=O)[H])[H],Dichloromethane,ClCCl,1,1-(Phenylsulfonyl)piperidine,O=S(=O)(C=1C=CC=CC1)N2CCCCC2,1,,0,,0,a,0,c1ccc(CO[C@H]2[C@H]3O[C@@H](c4ccccc4)OC[C@H]3O[C@@H](Sc3ccccc3)[C@@H]2OCc2ccccc2)cc1,CO[C@H]1O[C@H](COCc2ccccc2)[C@@H](O)[C@@H]2OC(=O)N(C(C)=O)[C@@H]12,35EEEBCB
452,"Organic Letters (2003), 5(8), 1297-1300",期刊,2003,31-013-CAS-9977427,O(CC1=CC=CC=C1)[C@H]2[C@@]3([C@](O[C@@H](SC4=CC=CC=C4)[C@@H]2OCC5=CC=CC=C5)(CO[C@@H](O3)C6=CC=CC=C6)[H])[H],thioglycoside,C(C)(=O)N1[C@@]2([C@]([C@H](O)[C@@H](COCC3=CC=CC=C3)O[C@@H]2OC)(OC1=O)[H])[H],Dichloromethane,ClCCl,1,Trimethylsilyl triflate,O=S(=O)(O[Si](C)(C)C)C(F)(F)F,1,-60.0,1,,0,a,0,c1ccc(CO[C@H]2[C@H]3O[C@@H](c4ccccc4)OC[C@H]3O[C@@H](Sc3ccccc3)[C@@H]2OCc2ccccc2)cc1,CO[C@H]1O[C@H](COCc2ccccc2)[C@@H](O)[C@@H]2OC(=O)N(C(C)=O)[C@@H]12,35EEEBCB
453,"World Intellectual Property Organization, WO2020104697 A1 2020-05-28",专利,2020,31-013-CAS-22664010,O(CC1=CC=CC=C1)[C@H]2[C@]3([C@](O[C@@H](SC4=CC=C(C)C=C4)[C@@H]2OCC5=CC=CC=C5)(CO[C@H](O3)C6=CC=CC=C6)[H])[H],thioglycoside,O([C@@H]1[C@H](OCC2=CC=CC=C2)[C@@H](COCC3=CC4=C(C=C3)C=CC=C4)O[C@H](COCC5=CC=CC=C5)[C@H]1OCC6=CC=CC=C6)[C@H]7[C@H](NC(OCC(Cl)(Cl)Cl)=O)[C@@H](O[C@H]8[C@H](OC(C)=O)[C@@H](OCC9=CC=CC=C9)[C@H](OCC%10=CC=CC=C%10)[C@@H](COCC%11=CC=CC=C%11)O8)[C@@H](O)[C@@H](COCC%12=CC=CC=C%12)O7,Toluene,C=1C=CC(=CC1)C,1,N-Iodosuccinimide,O=C1N(I)C(=O)CC1,1,0.0,1,30.0,1,a,0,Cc1ccc(S[C@@H]2O[C@@H]3CO[C@@H](c4ccccc4)O[C@H]3[C@H](OCc3ccccc3)[C@H]2OCc2ccccc2)cc1,CC(=O)O[C@H]1[C@H](O[C@H]2[C@@H](O)[C@@H](COCc3ccccc3)O[C@@H](O[C@H]3[C@H](OCc4ccccc4)[C@@H](COCc4ccccc4)O[C@H](COCc4ccc5ccccc5c4)[C@H]3OCc3ccccc3)[C@@H]2NC(=O)OCC(Cl)(Cl)Cl)O[C@H](COCc2ccccc2)[C@@H](OCc2ccccc2)[C@@H]1OCc1ccccc1,3838AEFA
454,"Chemistry - A European Journal (2022), 28(55), e202202193",期刊,2022,31-614-CAS-35394448,[Si](OC[C@@H]1[C@@H](OCC2=CC=CC=C2)[C@H](OCC3=CC4=C(C=C3)C=CC=C4)[C@@H](N=[N+]=[N-])[C@@H](O[C@H]5[C@H](OCC6=CC=CC=C6)[C@@H](OC(=O)C7=CC=CC=C7)[C@H](SC8=CC=C(C)C=C8)O[C@@H]5COC(CCl)=O)O1)(C(C)(C)C)(C9=CC=CC=C9)C%10=CC=CC=C%10,thioglycoside,[Si](OC[C@H]1O[C@H](O[C@H]2[C@H](OCC3=CC=CC=C3)[C@@H](OC(=O)C4=CC=CC=C4)[C@H](OCCCNC(OCC5=CC=CC=C5)=O)O[C@@H]2COC(CCl)=O)[C@H](N=[N+]=[N-])[C@@H](OCC6=CC7=C(C=C6)C=CC=C7)[C@@H]1O)(C(C)(C)C)(C8=CC=CC=C8)C9=CC=CC=C9,Dichloromethane,ClCCl,1,N-Iodosuccinimide,O=C1N(I)C(=O)CC1,1,-20.0,1,,0,b,1,Cc1ccc(S[C@@H]2O[C@H](COC(=O)CCl)[C@@H](O[C@H]3O[C@H](CO[Si](c4ccccc4)(c4ccccc4)C(C)(C)C)[C@@H](OCc4ccccc4)[C@H](OCc4ccc5ccccc5c4)[C@H]3N=[N+]=[N-])[C@H](OCc3ccccc3)[C@H]2OC(=O)c2ccccc2)cc1,CC(C)(C)[Si](OC[C@H]1O[C@H](O[C@H]2[C@H](OCc3ccccc3)[C@@H](OC(=O)c3ccccc3)[C@H](OCCCNC(=O)OCc3ccccc3)O[C@@H]2COC(=O)CCl)[C@H](N=[N+]=[N-])[C@@H](OCc2ccc3ccccc3c2)[C@@H]1O)(c1ccccc1)c1ccccc1,D82524EC
455,"Japan, JP2022127918 A 2022-09-01",专利,2022,31-614-CAS-34336268,O(CC1=CC=CC=C1)[C@@H]2[C@@H](OC(=O)C3=CC=CC=C3)[C@H](SC4=CC=C(C)C=C4)O[C@@H](COC(C)=O)[C@H]2OCC5=CC=CC=C5,thioglycoside,[Si](OC[C@H]1O[C@H](O[C@H]2[C@H](OCC3=CC=CC=C3)[C@@H](OC(=O)C4=CC=CC=C4)[C@H](OCCCCCN(CC5=CC=CC=C5)C(OCC6=CC=CC=C6)=O)O[C@H]2COC(C)=O)[C@H](N=[N+]=[N-])[C@@H](OCC7=CC=C(Br)C=C7)[C@@H]1O)(C(C)(C)C)(C8=CC=CC=C8)C9=CC=CC=C9,Dichloromethane,ClCCl,1,Trifluoromethanesulfonic acid,O=S(=O)(O)C(F)(F)F,1,78.0,1,240.0,1,a,0,CC(=O)OC[C@@H]1O[C@@H](Sc2ccc(C)cc2)[C@H](OC(=O)c2ccccc2)[C@@H](OCc2ccccc2)[C@@H]1OCc1ccccc1,CC(=O)OC[C@@H]1O[C@@H](OCCCCCN(Cc2ccccc2)C(=O)OCc2ccccc2)[C@H](OC(=O)c2ccccc2)[C@@H](OCc2ccccc2)[C@@H]1O[C@H]1O[C@H](CO[Si](c2ccccc2)(c2ccccc2)C(C)(C)C)[C@@H](O)[C@H](OCc2ccc(Br)cc2)[C@H]1N=[N+]=[N-],486A16B4
456,"United States, US11332490 B1 2022-05-17",专利,2022,31-614-CAS-32458097,O(CC1=CC=CC=C1)[C@@H]2[C@@H](OC(=O)C3=CC=CC=C3)[C@H](SC4=CC=C(C)C=C4)O[C@@H](COC(C)=O)[C@H]2OCC5=CC=CC=C5,thioglycoside,[Si](OC[C@H]1O[C@H](O[C@H]2[C@H](OCC3=CC=CC=C3)[C@@H](OC(=O)C4=CC=CC=C4)[C@H](OCCCCCN(CC5=CC=CC=C5)C(OCC6=CC=CC=C6)=O)O[C@H]2COC(C)=O)[C@H](N=[N+]=[N-])[C@@H](OCC7=CC=C(Br)C=C7)[C@@H]1O)(C(C)(C)C)(C8=CC=CC=C8)C9=CC=CC=C9,Dichloromethane;Acetonitrile,ClCCl;N#CC,1,Trifluoromethanesulfonic acid,O=S(=O)(O)C(F)(F)F,1,78.0,1,180.0,1,a,0,CC(=O)OC[C@@H]1O[C@@H](Sc2ccc(C)cc2)[C@H](OC(=O)c2ccccc2)[C@@H](OCc2ccccc2)[C@@H]1OCc1ccccc1,CC(=O)OC[C@@H]1O[C@@H](OCCCCCN(Cc2ccccc2)C(=O)OCc2ccccc2)[C@H](OC(=O)c2ccccc2)[C@@H](OCc2ccccc2)[C@@H]1O[C@H]1O[C@H](CO[Si](c2ccccc2)(c2ccccc2)C(C)(C)C)[C@@H](O)[C@H](OCc2ccc(Br)cc2)[C@H]1N=[N+]=[N-],486A16B4
457,"Journal of the American Chemical Society (2020), 142(11), 5282-5292",期刊,2020,31-614-CAS-37588004,O(CC1=CC=CC=C1)[C@@H]2[C@@H](OC(=O)C3=CC=CC=C3)[C@H](SC4=CC=C(C)C=C4)O[C@@H](COC(C)=O)[C@H]2OCC5=CC=CC=C5,thioglycoside,[Si](OC[C@H]1O[C@H](O[C@H]2[C@H](OCC3=CC=CC=C3)[C@@H](OC(=O)C4=CC=CC=C4)[C@H](OCCCCCN(CC5=CC=CC=C5)C(OCC6=CC=CC=C6)=O)O[C@H]2COC(C)=O)[C@H](N=[N+]=[N-])[C@@H](OCC7=CC=C(Br)C=C7)[C@@H]1O)(C(C)(C)C)(C8=CC=CC=C8)C9=CC=CC=C9,Dichloromethane,ClCCl,1,Trifluoromethanesulfonic acid,O=S(=O)(O)C(F)(F)F,1,25.0,1,30.0,1,a,0,CC(=O)OC[C@@H]1O[C@@H](Sc2ccc(C)cc2)[C@H](OC(=O)c2ccccc2)[C@@H](OCc2ccccc2)[C@@H]1OCc1ccccc1,CC(=O)OC[C@@H]1O[C@@H](OCCCCCN(Cc2ccccc2)C(=O)OCc2ccccc2)[C@H](OC(=O)c2ccccc2)[C@@H](OCc2ccccc2)[C@@H]1O[C@H]1O[C@H](CO[Si](c2ccccc2)(c2ccccc2)C(C)(C)C)[C@@H](O)[C@H](OCc2ccc(Br)cc2)[C@H]1N=[N+]=[N-],486A16B4
458,"Tetrahedron (2010), 66(37), 7373-7383",期刊,2010,31-013-CAS-3484263,O(C(C)=O)[C@@H]1[C@@H](OC(C)=O)[C@H](SCC)O[C@H](C)[C@@H]1OC(C)=O,thioglycoside,O=C1N(C(=O)C=2C1=CC=CC2)[C@H]3[C@H](SC4=CC=CC=C4)O[C@H](COCC5=CC=CC=C5)[C@@H](O)[C@@H]3O,Toluene,C=1C=CC(=CC1)C,1,N-Iodosuccinimide,O=C1N(I)C(=O)CC1,1,25.0,1,30.0,1,b,1,CCS[C@@H]1O[C@H](C)[C@H](OC(C)=O)[C@H](OC(C)=O)[C@H]1OC(C)=O,O=C1c2ccccc2C(=O)N1[C@@H]1[C@@H](O)[C@H](O)[C@@H](COCc2ccccc2)O[C@H]1Sc1ccccc1,74B2CC47
459,"World Intellectual Property Organization, WO2019136399 A1 2019-07-11",专利,2019,31-013-CAS-21555454,O(CC1=CC=CC=C1)[C@H]2[C@H](OCC3=CC=CC=C3)[C@@H](COCC4=CC=CC=C4)O[C@H](SCC)[C@H]2OCC5=CC6=C(C=C5)C=CC=C6,thioglycoside,O(CC1=CC=CC=C1)[C@@H]2[C@H]([C@H](OCCCC)O[C@H](COCC3=CC=CC=C3)[C@H]2O)N4C(=O)C=5C(C4=O)=CC=CC5,Acetonitrile,N#CC,1,Potassium carbonate,[K].O=C(O)O,1,25.0,1,300.0,1,b,1,CCS[C@H]1O[C@H](COCc2ccccc2)[C@@H](OCc2ccccc2)[C@H](OCc2ccccc2)[C@@H]1OCc1ccc2ccccc2c1,CCCCO[C@@H]1O[C@H](COCc2ccccc2)[C@@H](O)[C@H](OCc2ccccc2)[C@H]1N1C(=O)c2ccccc2C1=O,9446EAEB
460,"Journal of the American Chemical Society (2013), 135(36), 13464-13472",期刊,2013,31-013-CAS-10851823,O(C(C)=O)[C@H]1[C@@]2([C@](O[C@@H](SCC)[C@@H]1OC(C)=O)(CO[C@@H](O2)C3=CC=CC=C3)[H])[H],thioglycoside,O(CC1=CC=CC=C1)[C@H]2[C@H](OCC3=CC=CC=C3)[C@H](O[C@@H]4[C@@H](NC(C)=O)[C@H](OCCCNC(OCC5=CC=CC=C5)=O)O[C@H](COCC6=CC=CC=C6)[C@H]4O)O[C@@H](C)[C@H]2OCC7=CC=CC=C7,Dichloromethane,ClCCl,1,Triethylamine,N(CC)(CC)CC,1,25.0,1,240.0,1,b,1,CCS[C@@H]1O[C@@H]2CO[C@H](c3ccccc3)O[C@@H]2[C@H](OC(C)=O)[C@H]1OC(C)=O,CC(=O)N[C@H]1[C@H](OCCCNC(=O)OCc2ccccc2)O[C@H](COCc2ccccc2)[C@@H](O)[C@@H]1O[C@@H]1O[C@@H](C)[C@@H](OCc2ccccc2)[C@@H](OCc2ccccc2)[C@@H]1OCc1ccccc1,98B28871
461,"Journal of Organic Chemistry (2015), 80(24), 12265-12279",期刊,2015,31-013-CAS-10372061,O([C@H]1[C@H](OCC2=CC=CC=C2)[C@@H](OC(=O)C3=CC=CC=C3)[C@H](O[C@H]4[C@H](OCC5=CC=CC=C5)[C@@H](N=[N+]=[N-])[C@@H](O[C@H]6[C@H](OCC7=CC=CC=C7)[C@@H](OC(=O)C8=CC=CC=C8)[C@H](SC9=CC=C(C)C=C9)O[C@H]6COC(CCC(C)=O)=O)O[C@@H]4COC(C)=O)O[C@H]1COC(CCC(C)=O)=O)[C@@H]%10[C@H](N=[N+]=[N-])[C@@H](OCC%11=CC=CC=C%11)[C@H](O[Si](C(C)(C)C)(C)C)[C@@H](COC(C)=O)O%10,thioglycoside,O([C@H]1[C@H](OCC2=CC=CC=C2)[C@@H](OC(=O)C3=CC=CC=C3)[C@H](OCCCN(CC4=CC=CC=C4)C(OCC5=CC=CC=C5)=O)O[C@H]1COC(CCC(C)=O)=O)[C@@H]6[C@H](N=[N+]=[N-])[C@@H](OCC7=CC=CC=C7)[C@H](O)[C@@H](COC(C)=O)O6,Dichloromethane;Diethyl ether,ClCCl;O(CC)CC,1,Silver triflate,[Ag].O=S(=O)(O)C(F)(F)F,1,25.0,1,30.0,1,a,0,CC(=O)CCC(=O)OC[C@@H]1O[C@@H](Sc2ccc(C)cc2)[C@H](OC(=O)c2ccccc2)[C@@H](OCc2ccccc2)[C@@H]1O[C@H]1O[C@H](COC(C)=O)[C@@H](O[C@@H]2O[C@@H](COC(=O)CCC(C)=O)[C@@H](O[C@H]3O[C@H](COC(C)=O)[C@@H](O[Si](C)(C)C(C)(C)C)[C@H](OCc4ccccc4)[C@H]3N=[N+]=[N-])[C@H](OCc3ccccc3)[C@H]2OC(=O)c2ccccc2)[C@H](OCc2ccccc2)[C@H]1N=[N+]=[N-],CC(=O)CCC(=O)OC[C@@H]1O[C@@H](OCCCN(Cc2ccccc2)C(=O)OCc2ccccc2)[C@H](OC(=O)c2ccccc2)[C@@H](OCc2ccccc2)[C@@H]1O[C@H]1O[C@H](COC(C)=O)[C@@H](O)[C@H](OCc2ccccc2)[C@H]1N=[N+]=[N-],FDD60987
462,"World Intellectual Property Organization, WO2003093286 A1 2003-11-13",专利,2003,31-013-CAS-892973,O(CC(OC)=O)[C@H]1[C@]2([C@](O[C@@H](SC)[C@@H]1N=[N+]=[N-])(CO[C@H](O2)C3=CC=CC=C3)[H])[H],thioglycoside,N(C(C)=C1C(=O)CC(C)(C)CC1=O)[C@@H]2[C@@H](OC(C)=O)[C@H](O)[C@@H](COCC3=CC=CC=C3)OC2,Dichloromethane,ClCCl,1,Methyl triflate,O=S(=O)(OC)C(F)(F)F,1,,0,,0,b,1,COC(=O)CO[C@@H]1[C@@H](N=[N+]=[N-])[C@H](SC)O[C@@H]2CO[C@@H](c3ccccc3)O[C@@H]12,CC(=O)O[C@H]1[C@H](O)[C@@H](COCc2ccccc2)OC[C@@H]1NC(C)=C1C(=O)CC(C)(C)CC1=O,826717BF
463,"World Intellectual Property Organization, WO2012085668 A2 2012-06-28",专利,2012,31-013-CAS-15189017,O(CC1=CC=CC=C1)[C@H]2[C@]3([C@](O[C@@H](SCC)[C@@H]2OCC4=CC=CC=C4)(CO[C@H](O3)C5=CC=CC=C5)[H])[H],thioglycoside,O([C@H]1[C@H](OCC2=CC=CC=C2)[C@@H](COCC3=CC=CC=C3)O[C@H](OCCCNC(OCC4=CC=CC=C4)=O)[C@H]1OCC5=CC=CC=C5)[C@H]6[C@H](NC(OCC(Cl)(Cl)Cl)=O)[C@@H](O[C@H]7[C@H](OC(C)=O)[C@@H](OCC8=CC=CC=C8)[C@H](OCC9=CC=CC=C9)[C@@H](COCC%10=CC=CC=C%10)O7)[C@@H](O)[C@@H](COCC%11=CC=CC=C%11)O6,Toluene,C=1C=CC(=CC1)C,1,N-Iodosuccinimide,O=C1N(I)C(=O)CC1,1,0.0,1,480.0,1,a,0,CCS[C@@H]1O[C@@H]2CO[C@@H](c3ccccc3)O[C@H]2[C@H](OCc2ccccc2)[C@H]1OCc1ccccc1,CC(=O)O[C@H]1[C@H](O[C@H]2[C@@H](O)[C@@H](COCc3ccccc3)O[C@@H](O[C@@H]3[C@H](OCc4ccccc4)[C@@H](OCCCNC(=O)OCc4ccccc4)O[C@H](COCc4ccccc4)[C@H]3OCc3ccccc3)[C@@H]2NC(=O)OCC(Cl)(Cl)Cl)O[C@H](COCc2ccccc2)[C@@H](OCc2ccccc2)[C@@H]1OCc1ccccc1,6F1ABBB4
464,"Organic Letters (2011), 13(3), 378-381",期刊,2011,31-013-CAS-2282258,O(CC1=CC=CC=C1)[C@H]2[C@]3([C@](O[C@@H](SCC)[C@@H]2OCC4=CC=CC=C4)(CO[C@H](O3)C5=CC=CC=C5)[H])[H],thioglycoside,O([C@H]1[C@H](OCC2=CC=CC=C2)[C@@H](COCC3=CC=CC=C3)O[C@H](OCCCNC(OCC4=CC=CC=C4)=O)[C@H]1OCC5=CC=CC=C5)[C@H]6[C@H](NC(OCC(Cl)(Cl)Cl)=O)[C@@H](O[C@H]7[C@H](OC(C)=O)[C@@H](OCC8=CC=CC=C8)[C@H](OCC9=CC=CC=C9)[C@@H](COCC%10=CC=CC=C%10)O7)[C@@H](O)[C@@H](COCC%11=CC=CC=C%11)O6,Toluene,C=1C=CC(=CC1)C,1,Trifluoromethanesulfonic acid,O=S(=O)(O)C(F)(F)F,1,0.0,1,480.0,1,a,0,CCS[C@@H]1O[C@@H]2CO[C@@H](c3ccccc3)O[C@H]2[C@H](OCc2ccccc2)[C@H]1OCc1ccccc1,CC(=O)O[C@H]1[C@H](O[C@H]2[C@@H](O)[C@@H](COCc3ccccc3)O[C@@H](O[C@@H]3[C@H](OCc4ccccc4)[C@@H](OCCCNC(=O)OCc4ccccc4)O[C@H](COCc4ccccc4)[C@H]3OCc3ccccc3)[C@@H]2NC(=O)OCC(Cl)(Cl)Cl)O[C@H](COCc2ccccc2)[C@@H](OCc2ccccc2)[C@@H]1OCc1ccccc1,6F1ABBB4
465,"Journal of Organic Chemistry (2005), 70(18), 7196-7207",期刊,2005,31-013-CAS-9860387,O(C(=O)C1=CC=CC=C1)[C@H]2[C@@H](OCC3=CC=CC=C3)[C@H](OCC4=CC=CC=C4)[C@@H](COCC5=CC=CC=C5)O[C@@H]2OC[C@@H]6[C@@H](OCC7=CC=CC=C7)[C@H](OCC8=CC=CC=C8)[C@H](OCC9=CC=CC=C9)[C@@H](SCC)O6,thioglycoside,C[C@]12[C@]3(O[C@@]4([C@](O3)([C@@]5([C@@]([C@@H](O[C@@H]6[C@H](N=[N+]=[N-])[C@@H](OCC7=CC=CC=C7)[C@H](O)[C@@H](COP(OCC8=CC=CC=C8)(CCNC(OCC9=CC=CC=C9)=O)=O)O6)[C@@H]4OP(OCC%10=CC=CC=C%10)(OCC%11=CC=CC=C%11)=O)(OC(C)(C)O5)[H])[H])[H])[H])C[C@](C1(C)C)(CC2)[H],Diethyl ether,O(CC)CC,1,Triethylamine,N(CC)(CC)CC,1,25.0,1,420.0,1,a,0,CCS[C@H]1O[C@H](CO[C@H]2O[C@H](COCc3ccccc3)[C@@H](OCc3ccccc3)[C@H](OCc3ccccc3)[C@@H]2OC(=O)c2ccccc2)[C@@H](OCc2ccccc2)[C@H](OCc2ccccc2)[C@@H]1OCc1ccccc1,CC1(C)O[C@@H]2[C@@H](O[C@H]3O[C@H](COP(=O)(CCNC(=O)OCc4ccccc4)OCc4ccccc4)[C@@H](O)[C@H](OCc4ccccc4)[C@H]3N=[N+]=[N-])[C@H](OP(=O)(OCc3ccccc3)OCc3ccccc3)[C@@H]3O[C@@]4(C[C@H]5CC[C@]4(C)C5(C)C)O[C@@H]3[C@H]2O1,B9D01E74
466,"Journal of Carbohydrate Chemistry (2005), 24(3), 251-259",期刊,2005,31-013-CAS-14147258,O(C(C)=O)[C@@H]1[C@@H](OC(C)=O)[C@H](SC2=CC=CC=C2)O[C@H](COC(C)=O)[C@@H]1OC(C)=O,thioglycoside,O=C1N(C(=O)C=2C1=CC=CC2)[C@H]3[C@H](OCC[Si](C)(C)C)O[C@H](COCC4=CC=CC=C4)[C@@H](O)[C@@H]3O,Dichloromethane,ClCCl,1,Triethylamine,N(CC)(CC)CC,1,25.0,1,120.0,1,b,1,CC(=O)OC[C@H]1O[C@@H](Sc2ccccc2)[C@H](OC(C)=O)[C@@H](OC(C)=O)[C@H]1OC(C)=O,C[Si](C)(C)CCO[C@@H]1O[C@H](COCc2ccccc2)[C@@H](O)[C@H](O)[C@H]1N1C(=O)c2ccccc2C1=O,FAB50EC7
467,"Carbohydrate Research (2003), 338(23), 2591-2603",期刊,2003,31-013-CAS-5582564,O(CC1=CC=CC=C1)[C@H]2[C@H](NC(=O)[C@H]3O[C@@H](OCC3)C4=CC=CC=C4)[C@@H](C)O[C@H](SCC)[C@H]2OC,thioglycoside,O([C@H]1[C@@H](OCC2=CC=CC=C2)[C@H](NC(=O)[C@H]3O[C@@H](OCC3)C4=CC=CC=C4)[C@@H](C)O[C@@H]1OCCCCCC(OC)=O)[C@@H]5[C@@H](O)[C@@H](OCC6=CC=CC=C6)[C@H](NC(=O)[C@H]7O[C@@H](OCC7)C8=CC=CC=C8)[C@@H](C)O5,Dichloromethane,ClCCl,1,N-Iodosuccinimide,O=C1N(I)C(=O)CC1,1,25.0,1,15.0,1,a,0,CCS[C@H]1O[C@H](C)[C@@H](NC(=O)[C@@H]2CCO[C@@H](c3ccccc3)O2)[C@H](OCc2ccccc2)[C@@H]1OC,COC(=O)CCCCCO[C@H]1O[C@H](C)[C@@H](NC(=O)[C@@H]2CCO[C@@H](c3ccccc3)O2)[C@H](OCc2ccccc2)[C@@H]1O[C@H]1O[C@H](C)[C@@H](NC(=O)[C@@H]2CCO[C@@H](c3ccccc3)O2)[C@H](OCc2ccccc2)[C@@H]1O,41A95C2F
468,"Chemical Communications (Cambridge, United Kingdom) (2017), 53(4), 771-774",期刊,2017,31-013-CAS-16968435,N(C(OCC(Cl)(Cl)Cl)=O)[C@@H]1[C@@H](OC(C)=O)[C@H](OC(C)=O)[C@@H](COC(C)=O)O[C@H]1SC2=CC=C(C)C=C2,thioglycoside,N(C(C)=O)[C@@H]1[C@@H](O[C@@H](C(N[C@H](C(OCC[Si](C)(C)C)=O)C)=O)C)[C@H](O)[C@@H](COC(C)=O)O[C@@H]1OCC2=CC=CC=C2,Dichloromethane,ClCCl,1,Trimethylsilyl triflate,O=S(=O)(O[Si](C)(C)C)C(F)(F)F,1,-78.0,1,120.0,1,b,1,CC(=O)OC[C@H]1O[C@@H](Sc2ccc(C)cc2)[C@H](NC(=O)OCC(Cl)(Cl)Cl)[C@@H](OC(C)=O)[C@@H]1OC(C)=O,CC(=O)N[C@H]1[C@@H](OCc2ccccc2)O[C@H](COC(C)=O)[C@@H](O)[C@@H]1O[C@H](C)C(=O)N[C@@H](C)C(=O)OCC[Si](C)(C)C,77E086E5
469,"Science China: Chemistry (2010), 53(9), 1963-1969",期刊,2010,31-013-CAS-214326,S([C@H]1[C@H](OC(=O)C2=CC=CC=C2)[C@@H](OC(=O)C3=CC=CC=C3)C[C@@H](COC(=O)C4=CC=CC=C4)O1)C5=CC=CC=C5,thioglycoside,O=C1N(C(=O)C=2C1=CC=CC2)[C@H]3[C@H](OC)O[C@H](COCC4=CC=CC=C4)[C@@H](O)[C@@H]3O,Dichloromethane,ClCCl,1,Trifluoromethanesulfonic acid,O=S(=O)(O)C(F)(F)F,1,0.0,1,30.0,1,b,1,O=C(OC[C@@H]1C[C@H](OC(=O)c2ccccc2)[C@@H](OC(=O)c2ccccc2)[C@H](Sc2ccccc2)O1)c1ccccc1,CO[C@@H]1O[C@H](COCc2ccccc2)[C@@H](O)[C@H](O)[C@H]1N1C(=O)c2ccccc2C1=O,57947406
470,"Journal of Organic Chemistry (2005), 70(4), 1291-1296",期刊,2005,31-013-CAS-15008621,O(CC=1C2=C(C=CC1)C=CC=C2)[C@@H]3[C@H](OCC4=CC=CC=C4)[C@@H](OCC5=CC=CC=C5)[C@H](C)O[C@H]3SC6=CC=CC=C6,thioglycoside,C(C)(=O)N1[C@@]2([C@]([C@H](O)[C@@H](CO[Si](C(C(C)C)(C)C)(C)C)O[C@H]2OC)(OC1=O)[H])[H],Dichloromethane,ClCCl,1,1-(Phenylsulfonyl)piperidine,O=S(=O)(C=1C=CC=CC1)N2CCCCC2,1,-60.0,1,,0,a,0,C[C@@H]1O[C@@H](Sc2ccccc2)[C@H](OCc2cccc3ccccc23)[C@H](OCc2ccccc2)[C@H]1OCc1ccccc1,CO[C@@H]1O[C@H](CO[Si](C)(C)C(C)(C)C(C)C)[C@@H](O)[C@@H]2OC(=O)N(C(C)=O)[C@@H]12,4A4DD004
471,"Synlett (2015), 26(16), 2267-2271",期刊,2015,31-013-CAS-1175625,O(C(=O)C1=CC=CC=C1)[C@H]2[C@H](O[Si](C(C)C)(C(C)C)C(C)C)[C@@H](SCC)O[C@@H](C)[C@H]2OC(=O)C3=CC=CC=C3,thioglycoside,[Si](OC[C@@H]1[C@@H](O)[C@H](O[C@H]2[C@H](OC(C)=O)[C@@H](OC(C)=O)[C@@H](OC(C)=O)[C@@H](COC(C)=O)O2)[C@@H](NC(C(F)(F)F)=O)[C@H](OC3=CC=C(OCCCl)C=C3)O1)(C(C)(C)C)(C4=CC=CC=C4)C5=CC=CC=C5,Dichloromethane,ClCCl,1,N-Iodosuccinimide,O=C1N(I)C(=O)CC1,1,22.0,1,60.0,1,a,0,CCS[C@H]1O[C@@H](C)[C@@H](OC(=O)c2ccccc2)[C@@H](OC(=O)c2ccccc2)[C@@H]1O[Si](C(C)C)(C(C)C)C(C)C,CC(=O)OC[C@H]1O[C@@H](O[C@H]2[C@H](O)[C@@H](CO[Si](c3ccccc3)(c3ccccc3)C(C)(C)C)O[C@@H](Oc3ccc(OCCCl)cc3)[C@@H]2NC(=O)C(F)(F)F)[C@H](OC(C)=O)[C@@H](OC(C)=O)[C@H]1OC(C)=O,BF8A283B
472,"Journal of Organic Chemistry (1998), 63(25), 9314-9322",期刊,1998,31-013-CAS-2178728,O(C(C)=O)[C@@H]1[C@@H](OC(C)=O)[C@H](SC2=CC=CC=C2)O[C@H](COCC3=CC=CC=C3)[C@@H]1OC(C)=O,thioglycoside,O=C1N(C(=O)C=2C1=CC=CC2)[C@H]3[C@H](OCC[Si](C)(C)C)O[C@H](COCC4=CC=CC=C4)[C@@H](O)[C@@H]3O,Dichloromethane,ClCCl,1,Silver triflate,[Ag].O=S(=O)(O)C(F)(F)F,1,-70.0,1,,0,b,1,CC(=O)O[C@H]1[C@@H](OC(C)=O)[C@@H](COCc2ccccc2)O[C@@H](Sc2ccccc2)[C@@H]1OC(C)=O,C[Si](C)(C)CCO[C@@H]1O[C@H](COCc2ccccc2)[C@@H](O)[C@H](O)[C@H]1N1C(=O)c2ccccc2C1=O,5A69F019
473,"e-EROS Encyclopedia of Reagents for Organic Synthesis (2013), 1-6",期刊,2013,31-013-CAS-16806677,O(C(C)=O)[C@@H]1[C@@H](OC(C)=O)[C@H](SC2=CC=CC=C2)O[C@H](COCC3=CC=CC=C3)[C@@H]1OC(C)=O,thioglycoside,O=C1N(C(=O)C=2C1=CC=CC2)[C@H]3[C@H](OCC[Si](C)(C)C)O[C@H](COCC4=CC=CC=C4)[C@@H](O)[C@@H]3O,Dichloromethane;Acetonitrile,ClCCl;N#CC,1,Silver triflate,[Ag].O=S(=O)(O)C(F)(F)F,1,-78.0,1,,0,b,1,CC(=O)O[C@H]1[C@@H](OC(C)=O)[C@@H](COCc2ccccc2)O[C@@H](Sc2ccccc2)[C@@H]1OC(C)=O,C[Si](C)(C)CCO[C@@H]1O[C@H](COCc2ccccc2)[C@@H](O)[C@H](O)[C@H]1N1C(=O)c2ccccc2C1=O,5A69F019
474,"Organic Letters (2001), 3(6), 913-915",期刊,2001,31-013-CAS-12451350,O(C(C)=O)[C@@H]1[C@@H](OC(C)=O)[C@H](SC2=CC=CC=C2)O[C@H](COCC3=CC=CC=C3)[C@@H]1OC(C)=O,thioglycoside,O=C1N(C(=O)C=2C1=CC=CC2)[C@H]3[C@H](OCC[Si](C)(C)C)O[C@H](COCC4=CC=CC=C4)[C@@H](O)[C@@H]3O,Dichloromethane;Acetonitrile,ClCCl;N#CC,1,Diisopropylamine,N(C(C)C)C(C)C,1,,0,,0,b,1,CC(=O)O[C@H]1[C@@H](OC(C)=O)[C@@H](COCc2ccccc2)O[C@@H](Sc2ccccc2)[C@@H]1OC(C)=O,C[Si](C)(C)CCO[C@@H]1O[C@H](COCc2ccccc2)[C@@H](O)[C@H](O)[C@H]1N1C(=O)c2ccccc2C1=O,5A69F019
475,"Journal of Organic Chemistry (2005), 70(4), 1291-1296",期刊,2005,31-013-CAS-14738874,O(CC1=CC=CC=C1)[C@H]2[C@]3([C@](O[C@@H](SC4=CC=CC=C4)[C@@H]2OCC5=CC=CC=C5)(CO[C@H](O3)C6=CC=CC=C6)[H])[H],thioglycoside,C(C)(=O)N1[C@@]2([C@]([C@H](O)[C@@H](CO[Si](C(C(C)C)(C)C)(C)C)O[C@H]2OC)(OC1=O)[H])[H],Dichloromethane,ClCCl,1,1-(Phenylsulfonyl)piperidine,O=S(=O)(C=1C=CC=CC1)N2CCCCC2,1,-60.0,1,,0,a,0,c1ccc(CO[C@@H]2[C@@H](OCc3ccccc3)[C@H](Sc3ccccc3)O[C@@H]3CO[C@@H](c4ccccc4)O[C@@H]23)cc1,CO[C@@H]1O[C@H](CO[Si](C)(C)C(C)(C)C(C)C)[C@@H](O)[C@@H]2OC(=O)N(C(C)=O)[C@@H]12,F8F2EB5F
476,"Journal of Organic Chemistry (2005), 70(4), 1291-1296",期刊,2005,31-013-CAS-10756153,O(CC1=CC=CC=C1)[C@H]2[C@@]3([C@](O[C@@H](SC4=CC=CC=C4)[C@@H]2OCC5=CC=CC=C5)(CO[C@@H](O3)C6=CC=CC=C6)[H])[H],thioglycoside,C(C)(=O)N1[C@@]2([C@]([C@H](O)[C@@H](CO[Si](C(C(C)C)(C)C)(C)C)O[C@H]2OC)(OC1=O)[H])[H],Dichloromethane,ClCCl,1,1-(Phenylsulfonyl)piperidine,O=S(=O)(C=1C=CC=CC1)N2CCCCC2,1,-60.0,1,,0,a,0,c1ccc(CO[C@H]2[C@H]3O[C@@H](c4ccccc4)OC[C@H]3O[C@@H](Sc3ccccc3)[C@@H]2OCc2ccccc2)cc1,CO[C@@H]1O[C@H](CO[Si](C)(C)C(C)(C)C(C)C)[C@@H](O)[C@@H]2OC(=O)N(C(C)=O)[C@@H]12,5149A788
477,"Chemistry - A European Journal (2011), 17(51), 14518-14526, S14518/1-S14518/35",期刊,2011,31-013-CAS-14447502,S([C@@H]1[C@]2([C@]([C@@H](O[Si](C(C)(C)C)(C)C)[C@@H](COCC3=CC=CC=C3)O1)(OC(=O)N2C(C)=O)[H])[H])C4=CC=C(C)C=C4,thioglycoside,C(C)(=O)N1[C@@]2([C@]([C@@H](O)[C@@H](COCC3=CC=CC=C3)O[C@@H]2OC)(OC1=O)[H])[H],Dichloromethane,ClCCl,1,Triethylamine,N(CC)(CC)CC,1,-72.0,1,5.0,1,a,0,CC(=O)N1C(=O)O[C@H]2[C@@H](O[Si](C)(C)C(C)(C)C)[C@@H](COCc3ccccc3)O[C@H](Sc3ccc(C)cc3)[C@@H]21,CO[C@H]1O[C@H](COCc2ccccc2)[C@H](O)[C@@H]2OC(=O)N(C(C)=O)[C@@H]12,B7BA0E9B
478,"Organic & Biomolecular Chemistry (2003), 1(5), 775-784",期刊,2003,31-013-CAS-11726967,O(CC1=CC=CC=C1)[C@@H]2[C@H](OC(C)=O)[C@@H](SCC)O[C@H](C)[C@H]2NC(=O)[C@@H]3O[C@@H](OCC3)C4=CC=CC=C4,thioglycoside,O([C@H]1[C@@H](OCC2=CC=CC=C2)[C@H](NC(=O)[C@@H]3O[C@@H](OCC3)C4=CC=CC=C4)[C@@H](C)O[C@@H]1OCCCCCC(OC)=O)[C@@H]5[C@@H](O)[C@@H](OCC6=CC=CC=C6)[C@H](NC(=O)[C@@H]7O[C@@H](OCC7)C8=CC=CC=C8)[C@@H](C)O5,Dichloromethane,ClCCl,1,N-Iodosuccinimide,O=C1N(I)C(=O)CC1,1,25.0,1,15.0,1,a,0,CCS[C@H]1O[C@H](C)[C@@H](NC(=O)[C@H]2CCO[C@@H](c3ccccc3)O2)[C@H](OCc2ccccc2)[C@@H]1OC(C)=O,COC(=O)CCCCCO[C@H]1O[C@H](C)[C@@H](NC(=O)[C@H]2CCO[C@@H](c3ccccc3)O2)[C@H](OCc2ccccc2)[C@@H]1O[C@H]1O[C@H](C)[C@@H](NC(=O)[C@H]2CCO[C@@H](c3ccccc3)O2)[C@H](OCc2ccccc2)[C@@H]1O,CA0003A6
479,"Synthesis (2009), (15), 2584-2590",期刊,2009,31-013-CAS-12025130,O(C(C)=O)[C@@H]1[C@H]([C@H](SCC)O[C@H](COC(C)=O)[C@H]1OC(C)=O)N2C(=O)C=3C(C2=O)=CC=CC3,thioglycoside,O(CC1=CC=CC=C1)[C@@H]2[C@H](N=[N+]=[N-])[C@@H](OC)O[C@H](COC(=O)C3=CC=CC=C3)[C@H]2O,Dichloromethane,ClCCl,1,N-Iodosuccinimide,O=C1N(I)C(=O)CC1,1,25.0,1,60.0,1,b,1,CCS[C@@H]1O[C@H](COC(C)=O)[C@@H](OC(C)=O)[C@H](OC(C)=O)[C@H]1N1C(=O)c2ccccc2C1=O,CO[C@H]1O[C@H](COC(=O)c2ccccc2)[C@@H](O)[C@H](OCc2ccccc2)[C@@H]1N=[N+]=[N-],7ABE6716
480,"Carbohydrate Research (2003), 338(23), 2591-2603",期刊,2003,31-013-CAS-9842389,O(CC1=CC=CC=C1)[C@H]2[C@H](NC(=O)[C@H]3O[C@@H](OCC3)C4=CC=CC=C4)[C@@H](C)O[C@H](SCC)[C@H]2OC,thioglycoside,O([C@@H]1[C@@H](O[C@H]2[C@@H](OCC3=CC=CC=C3)[C@H](NC(=O)[C@H]4O[C@@H](OCC4)C5=CC=CC=C5)[C@@H](C)O[C@@H]2OCCCCCC(OC)=O)O[C@H](C)[C@@H](NC(=O)[C@H]6O[C@@H](OCC6)C7=CC=CC=C7)[C@@H]1OCC8=CC=CC=C8)[C@@H]9[C@@H](O)[C@@H](OCC%10=CC=CC=C%10)[C@H](NC(=O)[C@H]%11O[C@@H](OCC%11)C%12=CC=CC=C%12)[C@@H](C)O9,Dichloromethane,ClCCl,1,N-Iodosuccinimide,O=C1N(I)C(=O)CC1,1,25.0,1,15.0,1,a,0,CCS[C@H]1O[C@H](C)[C@@H](NC(=O)[C@@H]2CCO[C@@H](c3ccccc3)O2)[C@H](OCc2ccccc2)[C@@H]1OC,COC(=O)CCCCCO[C@H]1O[C@H](C)[C@@H](NC(=O)[C@@H]2CCO[C@@H](c3ccccc3)O2)[C@H](OCc2ccccc2)[C@@H]1O[C@H]1O[C@H](C)[C@@H](NC(=O)[C@@H]2CCO[C@@H](c3ccccc3)O2)[C@H](OCc2ccccc2)[C@@H]1O[C@H]1O[C@H](C)[C@@H](NC(=O)[C@@H]2CCO[C@@H](c3ccccc3)O2)[C@H](OCc2ccccc2)[C@@H]1O,3DA6F904
481,"Nature Communications (2017), 8(1), 1-11",期刊,2017,31-614-CAS-40361044,O=C1N(C(=O)C=2C1=CC=CC2)[C@H]3[C@H](SCC)O[C@H](COCC4=CC=CC=C4)[C@@H](O)[C@@H]3O,thioglycoside,O=C1N(C(=O)C=2C1=CC=CC2)[C@H]3[C@H](SCC)O[C@H](COCC4=CC=CC=C4)[C@@H](O)[C@@H]3O,Dichloromethane,ClCCl,1,Silver triflate,[Ag].O=S(=O)(O)C(F)(F)F,1,-60.0,1,30.0,1,b,1,CCS[C@@H]1O[C@H](COCc2ccccc2)[C@@H](O)[C@H](O)[C@H]1N1C(=O)c2ccccc2C1=O,CCS[C@@H]1O[C@H](COCc2ccccc2)[C@@H](O)[C@H](O)[C@H]1N1C(=O)c2ccccc2C1=O,FD537AA7
482,"Trends in Carbohydrate Research (2016), 8(1), 14-25",期刊,2016,31-013-CAS-16946847,O(CC1=CC=CC=C1)[C@@H]2[C@H]([C@H](SC3=CC=CC=C3)O[C@H](COCC4=CC=CC=C4)[C@H]2OC(C)=O)N5C(=O)C=6C(C5=O)=CC=CC6,thioglycoside,N(=[N+]=[N-])[C@H]1[C@@H](OCC2=CC=CC=C2)[C@H](O)[C@@H](COCC3=CC=CC=C3)O[C@@H]1OCC4=CC=CC=C4,Dichloromethane,ClCCl,1,N-Iodosuccinimide,O=C1N(I)C(=O)CC1,1,-25.0,1,15.0,1,b,1,CC(=O)O[C@H]1[C@H](OCc2ccccc2)[C@@H](N2C(=O)c3ccccc3C2=O)[C@H](Sc2ccccc2)O[C@@H]1COCc1ccccc1,[N-]=[N+]=N[C@@H]1[C@@H](OCc2ccccc2)O[C@H](COCc2ccccc2)[C@@H](O)[C@@H]1OCc1ccccc1,A526534D
483,"European Journal of Organic Chemistry (2007), (6), 988-1000",期刊,2007,31-013-CAS-2596944,O(CC1=CC=CC=C1)[C@@H]2[C@H](OC(CCC(C)=O)=O)[C@@H](SCC)O[C@H](C)[C@H]2NC([C@H](CCOC(C)=O)OC(C)=O)=O,thioglycoside,O([C@H]1[C@@H](OCC2=CC=CC=C2)[C@H](NC([C@H](CCOC(C)=O)OC(C)=O)=O)[C@@H](C)O[C@@H]1OCCCCCC(OC)=O)[C@@H]3[C@@H](O)[C@@H](OCC4=CC=CC=C4)[C@H](NC([C@H](CCOC(C)=O)OC(C)=O)=O)[C@@H](C)O3,Dichloromethane,ClCCl,1,Sodium thiosulfate,[Na].O=S(=O)(O)S,1,25.0,1,30.0,1,a,0,CCS[C@H]1O[C@H](C)[C@@H](NC(=O)[C@H](CCOC(C)=O)OC(C)=O)[C@H](OCc2ccccc2)[C@@H]1OC(=O)CCC(C)=O,COC(=O)CCCCCO[C@H]1O[C@H](C)[C@@H](NC(=O)[C@H](CCOC(C)=O)OC(C)=O)[C@H](OCc2ccccc2)[C@@H]1O[C@H]1O[C@H](C)[C@@H](NC(=O)[C@H](CCOC(C)=O)OC(C)=O)[C@H](OCc2ccccc2)[C@@H]1O,B45AD84E
484,"Carbohydrate Research (2003), 338(23), 2591-2603",期刊,2003,31-013-CAS-9510973,O(CC1=CC=CC=C1)[C@H]2[C@H](NC(=O)[C@H]3O[C@@H](OCC3)C4=CC=CC=C4)[C@@H](C)O[C@H](SCC)[C@H]2OC,thioglycoside,O([C@@H]1[C@@H](O[C@H]2[C@@H](OCC3=CC=CC=C3)[C@H](NC(=O)[C@H]4O[C@@H](OCC4)C5=CC=CC=C5)[C@@H](C)O[C@@H]2OCCCCCC(OC)=O)O[C@H](C)[C@@H](NC(=O)[C@H]6O[C@@H](OCC6)C7=CC=CC=C7)[C@@H]1OCC8=CC=CC=C8)[C@@H]9[C@@H](O[C@@H]%10[C@@H](O)[C@@H](OCC%11=CC=CC=C%11)[C@H](NC(=O)[C@H]%12O[C@@H](OCC%12)C%13=CC=CC=C%13)[C@@H](C)O%10)[C@@H](OCC%14=CC=CC=C%14)[C@H](NC(=O)[C@H]%15O[C@@H](OCC%15)C%16=CC=CC=C%16)[C@@H](C)O9,Dichloromethane,ClCCl,1,N-Iodosuccinimide,O=C1N(I)C(=O)CC1,1,25.0,1,15.0,1,a,0,CCS[C@H]1O[C@H](C)[C@@H](NC(=O)[C@@H]2CCO[C@@H](c3ccccc3)O2)[C@H](OCc2ccccc2)[C@@H]1OC,COC(=O)CCCCCO[C@H]1O[C@H](C)[C@@H](NC(=O)[C@@H]2CCO[C@@H](c3ccccc3)O2)[C@H](OCc2ccccc2)[C@@H]1O[C@H]1O[C@H](C)[C@@H](NC(=O)[C@@H]2CCO[C@@H](c3ccccc3)O2)[C@H](OCc2ccccc2)[C@@H]1O[C@H]1O[C@H](C)[C@@H](NC(=O)[C@@H]2CCO[C@@H](c3ccccc3)O2)[C@H](OCc2ccccc2)[C@@H]1O[C@H]1O[C@H](C)[C@@H](NC(=O)[C@@H]2CCO[C@@H](c3ccccc3)O2)[C@H](OCc2ccccc2)[C@@H]1O,A0EA01C1
485,"Chemical Science (2016), 7(4), 2827-2831",期刊,2016,31-614-CAS-32798123,[Si](OC[C@@H]1[C@H](OC(C)=O)[C@H](OC(C)=O)[C@@H](OC(C)=O)[C@H](SC2=CC=C(C)C=C2)O1)(C(C)(C)C)(C3=CC=CC=C3)C4=CC=CC=C4,thioglycoside,[Si](OC[C@H]1O[C@@H](OCCCN=[N+]=[N-])[C@@H]([C@@H](O)[C@@H]1O)N2C(=O)C=3C(C2=O)=CC=CC3)(C(C)(C)C)(C4=CC=CC=C4)C5=CC=CC=C5,Dichloromethane,ClCCl,1,Trimethylsilyl triflate,O=S(=O)(O[Si](C)(C)C)C(F)(F)F,1,-40.0,1,60.0,1,b,1,CC(=O)O[C@H]1[C@@H](OC(C)=O)[C@@H](CO[Si](c2ccccc2)(c2ccccc2)C(C)(C)C)O[C@@H](Sc2ccc(C)cc2)[C@@H]1OC(C)=O,CC(C)(C)[Si](OC[C@H]1O[C@@H](OCCCN=[N+]=[N-])[C@H](N2C(=O)c3ccccc3C2=O)[C@@H](O)[C@@H]1O)(c1ccccc1)c1ccccc1,EA2D5DA9
486,"European Journal of Organic Chemistry (2006), (22), 5158-5166",期刊,2006,31-013-CAS-10173116,N(C(OCC(Cl)(Cl)Cl)=O)[C@@H]1[C@@H](OC(C)=O)C[C@@H](COCC2=CC=CC=C2)O[C@H]1SCC,thioglycoside,N(C(C)=O)[C@@H]1[C@@H](O[C@@H](C(OCCS(=O)(=O)C2=CC=CC=C2)=O)C)[C@H](O)[C@@H](COCC3=CC=CC=C3)O[C@@H]1OCC4=CC=CC=C4,Dichloromethane,ClCCl,1,Sodium thiosulfate,[Na].O=S(=O)(O)S,1,25.0,1,30.0,1,b,1,CCS[C@@H]1O[C@H](COCc2ccccc2)C[C@H](OC(C)=O)[C@H]1NC(=O)OCC(Cl)(Cl)Cl,CC(=O)N[C@H]1[C@@H](OCc2ccccc2)O[C@H](COCc2ccccc2)[C@@H](O)[C@@H]1O[C@H](C)C(=O)OCCS(=O)(=O)c1ccccc1,9EC9CDF2
487,"Organic & Biomolecular Chemistry (2003), 1(5), 775-784",期刊,2003,31-013-CAS-14143061,O(CC1=CC=CC=C1)[C@@H]2[C@H](OC(C)=O)[C@@H](SCC)O[C@H](C)[C@H]2NC(=O)[C@@H]3O[C@@H](OCC3)C4=CC=CC=C4,thioglycoside,O([C@@H]1[C@@H](O[C@H]2[C@@H](OCC3=CC=CC=C3)[C@H](NC(=O)[C@@H]4O[C@@H](OCC4)C5=CC=CC=C5)[C@@H](C)O[C@@H]2OCCCCCC(OC)=O)O[C@H](C)[C@@H](NC(=O)[C@@H]6O[C@@H](OCC6)C7=CC=CC=C7)[C@@H]1OCC8=CC=CC=C8)[C@@H]9[C@@H](O)[C@@H](OCC%10=CC=CC=C%10)[C@H](NC(=O)[C@@H]%11O[C@@H](OCC%11)C%12=CC=CC=C%12)[C@@H](C)O9,Dichloromethane,ClCCl,1,N-Iodosuccinimide,O=C1N(I)C(=O)CC1,1,25.0,1,15.0,1,a,0,CCS[C@H]1O[C@H](C)[C@@H](NC(=O)[C@H]2CCO[C@@H](c3ccccc3)O2)[C@H](OCc2ccccc2)[C@@H]1OC(C)=O,COC(=O)CCCCCO[C@H]1O[C@H](C)[C@@H](NC(=O)[C@H]2CCO[C@@H](c3ccccc3)O2)[C@H](OCc2ccccc2)[C@@H]1O[C@H]1O[C@H](C)[C@@H](NC(=O)[C@H]2CCO[C@@H](c3ccccc3)O2)[C@H](OCc2ccccc2)[C@@H]1O[C@H]1O[C@H](C)[C@@H](NC(=O)[C@H]2CCO[C@@H](c3ccccc3)O2)[C@H](OCc2ccccc2)[C@@H]1O,F29F4F6C
488,"Journal of Organic Chemistry (2015), 80(16), 8073-8083",期刊,2015,31-013-CAS-9961430,O(CC1=CC=CC=C1)[C@H]2[C@H](OCC3=CC=CC=C3)[C@@H](SCC)O[C@@H](C)[C@H]2OCC4=CC=CC=C4,thioglycoside,O([C@H]1[C@H](O[C@H]2[C@@H](OCC3=CC=CC=C3)[C@H](OCC4=CC=CC=C4)[C@H](OCC5=CC=CC=C5)[C@H](C)O2)[C@@H](NC(C)=O)[C@H](OCCCCCCCl)O[C@@H]1COCC6=CC=CC=C6)[C@H]7[C@H](OC(C)=O)[C@@H](O[C@H]8[C@H](NC(C(Cl)(Cl)Cl)=O)[C@@H](O[C@H]9[C@H](OC(C)=O)[C@@H](OC(C)=O)[C@@H](OC(C)=O)[C@@H](COC(C)=O)O9)[C@H](O)[C@@H](COCC%10=CC=CC=C%10)O8)[C@@H](OC(C)=O)[C@@H](COC(C(C)(C)C)=O)O7,Acetic acid;Dichloromethane,O=C(O)C;ClCCl,1,Triethylamine,N(CC)(CC)CC,1,25.0,1,30.0,1,a,0,CCS[C@H]1O[C@@H](C)[C@@H](OCc2ccccc2)[C@@H](OCc2ccccc2)[C@@H]1OCc1ccccc1,CC(=O)N[C@H]1[C@H](OCCCCCCCl)O[C@H](COCc2ccccc2)[C@@H](O[C@@H]2O[C@H](COC(=O)C(C)(C)C)[C@H](OC(C)=O)[C@H](O[C@@H]3O[C@H](COCc4ccccc4)[C@@H](O)[C@H](O[C@@H]4O[C@H](COC(C)=O)[C@H](OC(C)=O)[C@H](OC(C)=O)[C@H]4OC(C)=O)[C@H]3NC(=O)C(Cl)(Cl)Cl)[C@H]2OC(C)=O)[C@@H]1O[C@@H]1O[C@@H](C)[C@@H](OCc2ccccc2)[C@@H](OCc2ccccc2)[C@@H]1OCc1ccccc1,80295CCA
489,"Journal of the American Chemical Society (2023), 145(25), 14052-14063",期刊,2023,31-614-CAS-41700171,O(C(CCC(C)=O)=O)[C@@H]1[C@@H](N=[N+]=[N-])[C@H](SC2=CC=CC=C2)O[C@H](C)[C@@H]1NC(COC3=CC=CC=C3)=O,thioglycoside,O([C@H]1[C@@]2([C@](O[C@@H](OCC#C)[C@@H]1OC(=O)C3=CC=CC=C3)(CO[C@](C(OC)=O)(C)O2)[H])[H])[C@@H]4[C@H](N=[N+]=[N-])[C@]5(O[Si](C(C)(C)C)(C(C)(C)C)OC[C@@](O4)([C@@H]5O)[H])[H],Dichloromethane,ClCCl,1,Methyl triflate,O=S(=O)(OC)C(F)(F)F,1,25.0,1,,0,a,0,CC(=O)CCC(=O)O[C@@H]1[C@@H](N=[N+]=[N-])[C@H](Sc2ccccc2)O[C@H](C)[C@@H]1NC(=O)COc1ccccc1,C#CCO[C@@H]1O[C@@H]2CO[C@@](C)(C(=O)OC)O[C@@H]2[C@H](O[C@H]2O[C@@H]3CO[Si](C(C)(C)C)(C(C)(C)C)O[C@@H]([C@H]3O)[C@H]2N=[N+]=[N-])[C@H]1OC(=O)c1ccccc1,F593F272
490,"Journal of Carbohydrate Chemistry (2001), 20(7 & 8), 569-583",期刊,2001,31-013-CAS-8773116,O(C(C)=O)[C@H]1[C@@H](OC(C)=O)[C@@H](COCC2=CC=CC=C2)O[C@@H](SCC)[C@@H]1OC(C)=O,thioglycoside,O=C1N(C(=O)C=2C1=CC=CC2)[C@H]3[C@H](SCC)O[C@H](COCC4=CC=CC=C4)[C@@H](O)[C@@H]3O,Dichloromethane,ClCCl,1,Triethylamine,N(CC)(CC)CC,1,,0,,0,b,1,CCS[C@@H]1O[C@H](COCc2ccccc2)[C@H](OC(C)=O)[C@H](OC(C)=O)[C@H]1OC(C)=O,CCS[C@@H]1O[C@H](COCc2ccccc2)[C@@H](O)[C@H](O)[C@H]1N1C(=O)c2ccccc2C1=O,0A2D2060
491,"Organic & Biomolecular Chemistry (2003), 1(5), 775-784",期刊,2003,31-013-CAS-11387102,O(CC1=CC=CC=C1)[C@@H]2[C@H](OC(C)=O)[C@@H](SCC)O[C@H](C)[C@H]2NC(=O)[C@@H]3O[C@@H](OCC3)C4=CC=CC=C4,thioglycoside,O([C@@H]1[C@@H](O[C@H]2[C@@H](OCC3=CC=CC=C3)[C@H](NC(=O)[C@@H]4O[C@@H](OCC4)C5=CC=CC=C5)[C@@H](C)O[C@@H]2OCCCCCC(OC)=O)O[C@H](C)[C@@H](NC(=O)[C@@H]6O[C@@H](OCC6)C7=CC=CC=C7)[C@@H]1OCC8=CC=CC=C8)[C@@H]9[C@@H](O[C@@H]%10[C@@H](O)[C@@H](OCC%11=CC=CC=C%11)[C@H](NC(=O)[C@@H]%12O[C@@H](OCC%12)C%13=CC=CC=C%13)[C@@H](C)O%10)[C@@H](OCC%14=CC=CC=C%14)[C@H](NC(=O)[C@@H]%15O[C@@H](OCC%15)C%16=CC=CC=C%16)[C@@H](C)O9,Dichloromethane,ClCCl,1,N-Iodosuccinimide,O=C1N(I)C(=O)CC1,1,25.0,1,15.0,1,a,0,CCS[C@H]1O[C@H](C)[C@@H](NC(=O)[C@H]2CCO[C@@H](c3ccccc3)O2)[C@H](OCc2ccccc2)[C@@H]1OC(C)=O,COC(=O)CCCCCO[C@H]1O[C@H](C)[C@@H](NC(=O)[C@H]2CCO[C@@H](c3ccccc3)O2)[C@H](OCc2ccccc2)[C@@H]1O[C@H]1O[C@H](C)[C@@H](NC(=O)[C@H]2CCO[C@@H](c3ccccc3)O2)[C@H](OCc2ccccc2)[C@@H]1O[C@H]1O[C@H](C)[C@@H](NC(=O)[C@H]2CCO[C@@H](c3ccccc3)O2)[C@H](OCc2ccccc2)[C@@H]1O[C@H]1O[C@H](C)[C@@H](NC(=O)[C@H]2CCO[C@@H](c3ccccc3)O2)[C@H](OCc2ccccc2)[C@@H]1O,4FE444C8
492,"Chemistry - A European Journal (2017), 23(44), 10670-10677",期刊,2017,31-013-CAS-17791367,S([C@@H]1[C@]2([C@]([C@@H](O[Si](C(C)(C)C)(C)C)[C@@H](COCC3=CC=CC=C3)O1)(OC(=O)N2C(C)=O)[H])[H])C4=CC=C(C)C=C4,thioglycoside,O(CC=C)[C@@H]1[C@]2([C@]([C@@H](O)[C@@H](COCC3=CC=CC=C3)O1)(OC(=O)N2C(C)=O)[H])[H],Dichloromethane;Toluene,ClCCl;C=1C=CC(=CC1)C,1,Tosyl chloride,O=S(=O)(Cl)C1=CC=C(C=C1)C,1,-72.0,1,120.0,1,a,0,CC(=O)N1C(=O)O[C@H]2[C@@H](O[Si](C)(C)C(C)(C)C)[C@@H](COCc3ccccc3)O[C@H](Sc3ccc(C)cc3)[C@@H]21,C=CCO[C@H]1O[C@H](COCc2ccccc2)[C@H](O)[C@@H]2OC(=O)N(C(C)=O)[C@@H]12,3437F853
493,"Chemistry - A European Journal (2017), 23(44), 10670-10677",期刊,2017,31-013-CAS-17791385,S([C@@H]1[C@]2([C@]([C@@H](O[Si](C(C)(C)C)(C)C)[C@@H](COCC3=CC=CC=C3)O1)(OC(=O)N2C(C)=O)[H])[H])C4=CC=C(C)C=C4,thioglycoside,O(CC#C)[C@@H]1[C@]2([C@]([C@@H](O)[C@@H](COCC3=CC=CC=C3)O1)(OC(=O)N2C(C)=O)[H])[H],Dichloromethane;Toluene,ClCCl;C=1C=CC(=CC1)C,1,Tosyl chloride,O=S(=O)(Cl)C1=CC=C(C=C1)C,1,-72.0,1,120.0,1,a,0,CC(=O)N1C(=O)O[C@H]2[C@@H](O[Si](C)(C)C(C)(C)C)[C@@H](COCc3ccccc3)O[C@H](Sc3ccc(C)cc3)[C@@H]21,C#CCO[C@H]1O[C@H](COCc2ccccc2)[C@H](O)[C@@H]2OC(=O)N(C(C)=O)[C@@H]12,A55BF28A
494,"Organic Letters (2008), 10(5), 905-908",期刊,2008,31-013-CAS-7889658,O(CC1=CC=CC=C1)[C@H]2[C@]3([C@](O[C@@H](SCC)[C@@H]2OC(OCC4C=5C(C=6C4=CC=CC6)=CC=CC5)=O)(CO[C@H](O3)C7=CC=CC=C7)[H])[H],thioglycoside,N(C(C(Cl)(Cl)Cl)=O)[C@@H]1[C@@H](OC(CCC(C)=O)=O)[C@H](O)[C@@H](COCC2=CC=CC=C2)O[C@H]1OCCCC=C,Dichloromethane,ClCCl,1,Methyl triflate,O=S(=O)(OC)C(F)(F)F,1,25.0,1,10.0,1,b,1,CCS[C@@H]1O[C@@H]2CO[C@@H](c3ccccc3)O[C@H]2[C@H](OCc2ccccc2)[C@H]1OC(=O)OCC1c2ccccc2-c2ccccc21,C=CCCCO[C@@H]1O[C@H](COCc2ccccc2)[C@@H](O)[C@H](OC(=O)CCC(C)=O)[C@H]1NC(=O)C(Cl)(Cl)Cl,990E1120
495,"Beilstein Journal of Organic Chemistry (2014), 10, 293-299, 7 pp.",期刊,2014,31-013-CAS-16017995,O(CC1=CC=CC=C1)[C@H]2[C@H](OCC3=CC=CC=C3)[C@@H](SCC)O[C@@H](C)[C@H]2OCC4=CC=CC=C4,thioglycoside,O(C(C)=O)[C@@H]1[C@H]([C@H](SCC)O[C@H](COCC2=CC=CC=C2)[C@H]1O)N3C(=O)C=4C(C3=O)=CC=CC4,Dichloromethane;Diethyl ether,ClCCl;O(CC)CC,1,Trifluoromethanesulfonic acid,O=S(=O)(O)C(F)(F)F,1,25.0,1,30.0,1,a,0,CCS[C@H]1O[C@@H](C)[C@@H](OCc2ccccc2)[C@@H](OCc2ccccc2)[C@@H]1OCc1ccccc1,CCS[C@@H]1O[C@H](COCc2ccccc2)[C@@H](O)[C@H](OC(C)=O)[C@H]1N1C(=O)c2ccccc2C1=O,03A1E1C6
496,"Organic & Biomolecular Chemistry (2003), 1(5), 775-784",期刊,2003,31-013-CAS-972560,O(CC1=CC=CC=C1)[C@@H]2[C@H](OC(C)=O)[C@@H](SCC)O[C@H](C)[C@H]2NC(=O)[C@@H]3O[C@@H](OCC3)C4=CC=CC=C4,thioglycoside,O([C@@H]1[C@@H](O[C@@H]2[C@@H](O[C@H]3[C@@H](OCC4=CC=CC=C4)[C@H](NC(=O)[C@@H]5O[C@@H](OCC5)C6=CC=CC=C6)[C@@H](C)O[C@@H]3OCCCCCC(OC)=O)O[C@H](C)[C@@H](NC(=O)[C@@H]7O[C@@H](OCC7)C8=CC=CC=C8)[C@@H]2OCC9=CC=CC=C9)O[C@H](C)[C@@H](NC(=O)[C@@H]%10O[C@@H](OCC%10)C%11=CC=CC=C%11)[C@@H]1OCC%12=CC=CC=C%12)[C@@H]%13[C@@H](O[C@@H]%14[C@@H](O)[C@@H](OCC%15=CC=CC=C%15)[C@H](NC(=O)[C@@H]%16O[C@@H](OCC%16)C%17=CC=CC=C%17)[C@@H](C)O%14)[C@@H](OCC%18=CC=CC=C%18)[C@H](NC(=O)[C@@H]%19O[C@@H](OCC%19)C%20=CC=CC=C%20)[C@@H](C)O%13,Dichloromethane,ClCCl,1,N-Iodosuccinimide,O=C1N(I)C(=O)CC1,1,25.0,1,15.0,1,a,0,CCS[C@H]1O[C@H](C)[C@@H](NC(=O)[C@H]2CCO[C@@H](c3ccccc3)O2)[C@H](OCc2ccccc2)[C@@H]1OC(C)=O,COC(=O)CCCCCO[C@H]1O[C@H](C)[C@@H](NC(=O)[C@H]2CCO[C@@H](c3ccccc3)O2)[C@H](OCc2ccccc2)[C@@H]1O[C@H]1O[C@H](C)[C@@H](NC(=O)[C@H]2CCO[C@@H](c3ccccc3)O2)[C@H](OCc2ccccc2)[C@@H]1O[C@H]1O[C@H](C)[C@@H](NC(=O)[C@H]2CCO[C@@H](c3ccccc3)O2)[C@H](OCc2ccccc2)[C@@H]1O[C@H]1O[C@H](C)[C@@H](NC(=O)[C@H]2CCO[C@@H](c3ccccc3)O2)[C@H](OCc2ccccc2)[C@@H]1O[C@H]1O[C@H](C)[C@@H](NC(=O)[C@H]2CCO[C@@H](c3ccccc3)O2)[C@H](OCc2ccccc2)[C@@H]1O,33C48DF1
497,"Journal of Organic Chemistry (2023), 88(9), 5554-5562",期刊,2023,31-614-CAS-39596688,O(CC1=CC=CC=C1)[C@H]2[C@H](OCC3=CC=CC=C3)[C@@H](SCC)O[C@@H](C)[C@H]2OCC4=CC=CC=C4,thioglycoside,O([C@@H]1[C@@H](OC(C)=O)[C@H](O[C@H]2[C@H](OC(OCC3C=4C(C=5C3=CC=CC5)=CC=CC4)=O)[C@@H](COCC6=CC=CC=C6)O[C@@H](OCCCCCCCCCCl)[C@@H]2NC(C)=O)O[C@H](COC(C)=O)[C@@H]1OC(C)=O)[C@H]7[C@H](NC(C)=O)[C@@H](OC(C)=O)[C@H](O)[C@@H](COCC8=CC=CC=C8)O7,Dichloromethane,ClCCl,1,Triethylamine,N(CC)(CC)CC,1,25.0,1,60.0,1,a,0,CCS[C@H]1O[C@@H](C)[C@@H](OCc2ccccc2)[C@@H](OCc2ccccc2)[C@@H]1OCc1ccccc1,CC(=O)N[C@H]1[C@H](OCCCCCCCCCCl)O[C@H](COCc2ccccc2)[C@@H](OC(=O)OCC2c3ccccc3-c3ccccc32)[C@@H]1O[C@@H]1O[C@H](COC(C)=O)[C@H](OC(C)=O)[C@H](O[C@@H]2O[C@H](COCc3ccccc3)[C@@H](O)[C@H](OC(C)=O)[C@H]2NC(C)=O)[C@H]1OC(C)=O,A9453A6C
498,"European Journal of Organic Chemistry (2010), (13), 2565-2570",期刊,2010,31-013-CAS-14741869,S([C@H]1[C@@H]([C@@H](OCC2=CC=CC=C2)C[C@@H](COCC3=CC=CC=C3)O1)N4C(=O)C=5C(C4=O)=CC=CC5)C6=CC=CC=C6,thioglycoside,O(CC1=CC=CC=C1)[C@@H]2[C@H]([C@H](OCC3=CC=CC=C3)O[C@H](COCC4=CC=CC=C4)[C@H]2O)N5C(=O)C=6C(C5=O)=CC=CC6,Dichloromethane,ClCCl,1,N-Iodosuccinimide,O=C1N(I)C(=O)CC1,1,25.0,1,30.0,1,b,1,O=C1c2ccccc2C(=O)N1[C@@H]1[C@@H](OCc2ccccc2)C[C@@H](COCc2ccccc2)O[C@H]1Sc1ccccc1,O=C1c2ccccc2C(=O)N1[C@H]1[C@H](OCc2ccccc2)O[C@H](COCc2ccccc2)[C@@H](O)[C@@H]1OCc1ccccc1,8F1120F9
499,"Chemical Science (2016), 7(4), 2827-2831",期刊,2016,31-614-CAS-32798122,O(C(C)=O)[C@@H]1[C@@H](OC(C)=O)[C@@H](OC(C)=O)[C@@H](COC(C)=O)O[C@H]1SC2=CC=C(C)C=C2,thioglycoside,[Si](OC[C@H]1O[C@@H](OCCCN=[N+]=[N-])[C@@H]([C@@H](O)[C@@H]1O)N2C(=O)C=3C(C2=O)=CC=CC3)(C(C)(C)C)(C4=CC=CC=C4)C5=CC=CC=C5,Dichloromethane,ClCCl,1,Trimethylsilyl triflate,O=S(=O)(O[Si](C)(C)C)C(F)(F)F,1,-40.0,1,60.0,1,b,1,CC(=O)OC[C@H]1O[C@@H](Sc2ccc(C)cc2)[C@H](OC(C)=O)[C@@H](OC(C)=O)[C@H]1OC(C)=O,CC(C)(C)[Si](OC[C@H]1O[C@@H](OCCCN=[N+]=[N-])[C@H](N2C(=O)c3ccccc3C2=O)[C@@H](O)[C@@H]1O)(c1ccccc1)c1ccccc1,2DC77557
500,"European Journal of Organic Chemistry (2011), 2011(35), 7133-7139, S7133/1-S7133/26",期刊,2011,31-013-CAS-14790318,O(CC1=CC=CC=C1)[C@H]2[C@@H](OCC3=CC=CC=C3)[C@@H](COCC4=CC=CC=C4)O[C@@H](SCC)[C@@H]2OC(C)=O,thioglycoside,O=C1N(C(=O)C=2C1=CC=CC2)[C@H]3[C@H](SC4=CC=CC=C4)O[C@H](COCC5=CC=CC=C5)[C@@H](O)[C@@H]3O,Toluene,C=1C=CC(=CC1)C,1,Trifluoromethanesulfonic acid,O=S(=O)(O)C(F)(F)F,1,25.0,1,30.0,1,b,1,CCS[C@@H]1O[C@H](COCc2ccccc2)[C@H](OCc2ccccc2)[C@H](OCc2ccccc2)[C@H]1OC(C)=O,O=C1c2ccccc2C(=O)N1[C@@H]1[C@@H](O)[C@H](O)[C@@H](COCc2ccccc2)O[C@H]1Sc1ccccc1,F5E18997
501,"Journal of Carbohydrate Chemistry (2005), 24(3), 251-259",期刊,2005,31-013-CAS-741372,[Si](OC[C@@H]1[C@H](OC(C)=O)[C@H](OC(C)=O)[C@@H](OC(C)=O)[C@H](SC2=CC=CC=C2)O1)(C(C)(C)C)(C3=CC=CC=C3)C4=CC=CC=C4,thioglycoside,O=C1N(C(=O)C=2C1=CC=CC2)[C@H]3[C@H](OCC[Si](C)(C)C)O[C@H](COCC4=CC=CC=C4)[C@@H](O)[C@@H]3O,Dichloromethane,ClCCl,1,Triethylamine,N(CC)(CC)CC,1,25.0,1,120.0,1,b,1,CC(=O)O[C@H]1[C@@H](OC(C)=O)[C@@H](CO[Si](c2ccccc2)(c2ccccc2)C(C)(C)C)O[C@@H](Sc2ccccc2)[C@@H]1OC(C)=O,C[Si](C)(C)CCO[C@@H]1O[C@H](COCc2ccccc2)[C@@H](O)[C@H](O)[C@H]1N1C(=O)c2ccccc2C1=O,C8774149
502,"Journal of Organic Chemistry (2012), 77(20), 8864-8878",期刊,2012,31-013-CAS-6664730,O(CC1=CC=CC=C1)[C@H]2[C@H](OCC3=CC=CC=C3)[C@@H](SCC)O[C@@H](C)[C@H]2OCC4=CC=CC=C4,thioglycoside,[Si](OC[C@@H]1[C@H](OC(C)=O)[C@H](O[C@H]2[C@H](NC(C(Cl)(Cl)Cl)=O)[C@@H](OC(C)=O)[C@H](O)[C@@H](COCC3=CC=CC=C3)O2)[C@@H](OC(C)=O)[C@H](O[C@H]4[C@H](OC(CCl)=O)[C@@H](NC(C)=O)[C@H](OCCCCCCCl)O[C@@H]4COCC5=CC=CC=C5)O1)(C(C)(C)C)(C6=CC=CC=C6)C7=CC=CC=C7,Dichloromethane,ClCCl,1,Triethylamine,N(CC)(CC)CC,1,25.0,1,180.0,1,a,0,CCS[C@H]1O[C@@H](C)[C@@H](OCc2ccccc2)[C@@H](OCc2ccccc2)[C@@H]1OCc1ccccc1,CC(=O)N[C@H]1[C@H](OCCCCCCCl)O[C@H](COCc2ccccc2)[C@@H](O[C@@H]2O[C@H](CO[Si](c3ccccc3)(c3ccccc3)C(C)(C)C)[C@H](OC(C)=O)[C@H](O[C@@H]3O[C@H](COCc4ccccc4)[C@@H](O)[C@H](OC(C)=O)[C@H]3NC(=O)C(Cl)(Cl)Cl)[C@H]2OC(C)=O)[C@@H]1OC(=O)CCl,B31F7E69
503,"Chemistry - A European Journal (2014), 20(13), 3578-3583",期刊,2014,31-013-CAS-6871905,O([C@H]1[C@@H](OCC2=CC=CC=C2)[C@H](OCC3=CC=CC=C3)[C@@H](COCC4=CC=CC=C4)O[C@@H]1SC5=CC=CC=C5)[C@@H]6[C@@H](OC(CCl)=O)[C@@H](OCC7=CC=CC=C7)[C@H](OCC8=CC=CC=C8)[C@@H](COCC9=CC=CC=C9)O6,thioglycoside,N(C(OCC(Cl)(Cl)Cl)=O)[C@@H]1[C@@H](OC(=O)C2=CC=CC=C2)[C@@H](O)[C@@H](COCC3=CC=CC=C3)O[C@H]1N=[N+]=[N-],Dichloromethane,ClCCl,1,Trimethylsilyl triflate,O=S(=O)(O[Si](C)(C)C)C(F)(F)F,1,-10.0,1,60.0,1,a,0,O=C(CCl)O[C@@H]1[C@@H](O[C@H]2[C@@H](OCc3ccccc3)[C@H](OCc3ccccc3)[C@@H](COCc3ccccc3)O[C@@H]2Sc2ccccc2)O[C@H](COCc2ccccc2)[C@@H](OCc2ccccc2)[C@@H]1OCc1ccccc1,[N-]=[N+]=N[C@@H]1O[C@H](COCc2ccccc2)[C@H](O)[C@H](OC(=O)c2ccccc2)[C@H]1NC(=O)OCC(Cl)(Cl)Cl,1BB03105
504,"Carbohydrate Research (2002), 337(17), 1517-1522",期刊,2002,31-013-CAS-8455590,O(CC1=CC=CC=C1)[C@@H]2[C@@H](OCC3=CC=CC=C3)[C@H](SC4=CC=CC=C4)O[C@H](COCC5=CC=CC=C5)[C@@H]2OCC6=CC=CC=C6,thioglycoside,O(CC1=CC=CC=C1)[C@@H]2[C@H]([C@H](OCC3=CC=CC=C3)O[C@H](COCC4=CC=CC=C4)[C@@H]2O)N5C(=O)C=6C(C5=O)=CC=CC6,Dichloromethane;Toluene,ClCCl;C=1C=CC(=CC1)C,1,Pyridine,N=1C=CC=CC1,1,25.0,1,5.0,1,a,0,c1ccc(COC[C@H]2O[C@@H](Sc3ccccc3)[C@H](OCc3ccccc3)[C@@H](OCc3ccccc3)[C@H]2OCc2ccccc2)cc1,O=C1c2ccccc2C(=O)N1[C@H]1[C@H](OCc2ccccc2)O[C@H](COCc2ccccc2)[C@H](O)[C@@H]1OCc1ccccc1,CFD9BA36
505,"Organic & Biomolecular Chemistry (2015), 13(36), 9504-9515",期刊,2015,31-013-CAS-1179903,O(CC1=CC=CC=C1)[C@@H]2[C@@H]([C@@H](SC3=CC=CC=C3)O[C@H](CN=[N+]=[N-])[C@H]2OC(C)=O)N4C(=O)C=5C(C4=O)=CC=CC5,thioglycoside,O(CC1=CC=CC=C1)[C@@H]2[C@@H]([C@@H](OC)O[C@H](CN=[N+]=[N-])[C@H]2O)N3C(=O)C=4C(C3=O)=CC=CC4,Dichloromethane;Diethyl ether,ClCCl;O(CC)CC,1,Trifluoromethanesulfonic acid,O=S(=O)(O)C(F)(F)F,1,0.0,1,90.0,1,a,0,CC(=O)O[C@H]1[C@H](OCc2ccccc2)[C@H](N2C(=O)c3ccccc3C2=O)[C@@H](Sc2ccccc2)O[C@@H]1CN=[N+]=[N-],CO[C@H]1O[C@H](CN=[N+]=[N-])[C@@H](O)[C@H](OCc2ccccc2)[C@@H]1N1C(=O)c2ccccc2C1=O,0A585DEF
506,"Tetrahedron Letters (2009), 50(21), 2593-2596",期刊,2009,31-013-CAS-2932202,O(C(C)=O)[C@H]1[C@@H](OC(C)=O)[C@@H](COC(C)=O)O[C@@H](SCCCCCCCCCCCC)[C@@H]1OC(C)=O,thioglycoside,O(CC1=CC=CC=C1)[C@@H]2[C@H]([C@]3(O[C@@]([C@H]2O)(CO3)[H])[H])N4C(=O)C=5C(C4=O)=CC=CC5,Dichloromethane,ClCCl,1,N-Iodosuccinimide,O=C1N(I)C(=O)CC1,1,-20.0,1,90.0,1,b,1,CCCCCCCCCCCCS[C@@H]1O[C@H](COC(C)=O)[C@H](OC(C)=O)[C@H](OC(C)=O)[C@H]1OC(C)=O,O=C1c2ccccc2C(=O)N1[C@H]1[C@@H]2OC[C@@H](O2)[C@@H](O)[C@@H]1OCc1ccccc1,403FA02A
507,"Journal of the American Chemical Society (2017), 139(2), 1011-1018",期刊,2017,31-006-CAS-16647351,O(CC1=CC=CC=C1)[C@H]2[C@@]3([C@](O[C@@H](SC4=CC=C(C)C=C4)[C@@H]2OCC5=CC=CC=C5)(CO[C@@H](O3)C6=CC=CC=C6)[H])[H],thioglycoside,O([C@H]1[C@@H]([C@@H](OCC2=CC=CC=C2)[C@H](O)[C@@H](COCC3=CC=CC=C3)O1)N4C(=O)C=5C(C4=O)=CC=CC5)C6=CC=C(OC)C=C6,Dichloromethane;Methanol,ClCCl;OC,1,Trimethylsilyl triflate,O=S(=O)(O[Si](C)(C)C)C(F)(F)F,1,25.0,1,,0,a,0,Cc1ccc(S[C@@H]2O[C@@H]3CO[C@H](c4ccccc4)O[C@@H]3[C@H](OCc3ccccc3)[C@H]2OCc2ccccc2)cc1,COc1ccc(O[C@@H]2O[C@H](COCc3ccccc3)[C@@H](O)[C@H](OCc3ccccc3)[C@H]2N2C(=O)c3ccccc3C2=O)cc1,91254DAB
508,"Journal of the American Chemical Society (2017), 139(2), 1011-1018",期刊,2017,31-006-CAS-16647345,O(CC1=CC=CC=C1)[C@H]2[C@]3([C@](O[C@H](SC4=CC=CC=C4)[C@H]2OCC5=CC=CC=C5)(CO[C@H](O3)C6=CC=CC=C6)[H])[H],thioglycoside,O([C@H]1[C@@H]([C@@H](OCC2=CC=CC=C2)[C@H](O)[C@@H](COCC3=CC=CC=C3)O1)N4C(=O)C=5C(C4=O)=CC=CC5)C6=CC=C(OC)C=C6,Dichloromethane,ClCCl,1,Diphenyl sulfoxide,O=S(C=1C=CC=CC1)C=2C=CC=CC2,1,25.0,1,5.0,1,b,1,c1ccc(CO[C@@H]2[C@H](OCc3ccccc3)[C@@H](Sc3ccccc3)O[C@@H]3CO[C@@H](c4ccccc4)O[C@@H]23)cc1,COc1ccc(O[C@@H]2O[C@H](COCc3ccccc3)[C@@H](O)[C@H](OCc3ccccc3)[C@H]2N2C(=O)c3ccccc3C2=O)cc1,218FE597
509,"Chemistry - A European Journal (2005), 11(18), 5457-5467",期刊,2005,31-013-CAS-8100988,O(CC1=CC=CC=C1)[C@H]2[C@@H](OCC3=CC=CC=C3)[C@@H](COCC4=CC=CC=C4)O[C@@H](SCC)[C@@H]2OC(CCC(C)=O)=O,thioglycoside,C(OC(O[C@@H]1[C@@H](NC(OCC(Cl)(Cl)Cl)=O)[C@H](OCC2=CC=C(OC(=O)C3=CC=CC=C3)C=C2)O[C@H](COCC4=CC=CC=C4)[C@H]1O)=O)C5C=6C(C=7C5=CC=CC7)=CC=CC6,Dichloromethane,ClCCl,1,N-Iodosuccinimide,O=C1N(I)C(=O)CC1,1,25.0,1,30.0,1,b,1,CCS[C@@H]1O[C@H](COCc2ccccc2)[C@H](OCc2ccccc2)[C@H](OCc2ccccc2)[C@H]1OC(=O)CCC(C)=O,O=C(N[C@H]1[C@H](OCc2ccc(OC(=O)c3ccccc3)cc2)O[C@H](COCc2ccccc2)[C@@H](O)[C@@H]1OC(=O)OCC1c2ccccc2-c2ccccc21)OCC(Cl)(Cl)Cl,466E17CF
510,"Chemistry - A European Journal (2005), 11(18), 5457-5467",期刊,2005,31-013-CAS-10233903,O([Si](C(C)C)(CC)CC)[C@@H]1[C@@H](OC(=O)C2=CC=CC=C2)[C@H](SCC)O[C@H](COCC3=CC=CC=C3)[C@@H]1OCC4=CC=CC=C4,thioglycoside,C(OC(O[C@@H]1[C@@H](NC(OCC(Cl)(Cl)Cl)=O)[C@H](OCC2=CC=C(OC(=O)C3=CC=CC=C3)C=C2)O[C@H](COCC4=CC=CC=C4)[C@H]1O)=O)C5C=6C(C=7C5=CC=CC7)=CC=CC6,Dichloromethane,ClCCl,1,N-Iodosuccinimide,O=C1N(I)C(=O)CC1,1,25.0,1,30.0,1,b,1,CCS[C@@H]1O[C@H](COCc2ccccc2)[C@H](OCc2ccccc2)[C@H](O[Si](CC)(CC)C(C)C)[C@H]1OC(=O)c1ccccc1,O=C(N[C@H]1[C@H](OCc2ccc(OC(=O)c3ccccc3)cc2)O[C@H](COCc2ccccc2)[C@@H](O)[C@@H]1OC(=O)OCC1c2ccccc2-c2ccccc21)OCC(Cl)(Cl)Cl,FFE97579
511,"Journal of Colloid and Interface Science (2017), 498, 395-404",期刊,2017,31-013-CAS-17453665,O(C(C)=O)[C@@H]1[C@H]([C@H](SCC)O[C@H](COC(C)=O)[C@H]1OC(C)=O)N2C(=O)C=3C(C2=O)=CC=CC3,thioglycoside,O([C@@H](C(OCC1=CC=CC=C1)=O)C)[C@@H]2[C@H]([C@H](OC)O[C@H](COC(=O)C3=CC=CC=C3)[C@H]2O)N4C(=O)C=5C(C4=O)=CC=CC5,Dichloromethane,ClCCl,1,Trimethylsilyl triflate,O=S(=O)(O[Si](C)(C)C)C(F)(F)F,1,-30.0,1,60.0,1,b,1,CCS[C@@H]1O[C@H](COC(C)=O)[C@@H](OC(C)=O)[C@H](OC(C)=O)[C@H]1N1C(=O)c2ccccc2C1=O,CO[C@@H]1O[C@H](COC(=O)c2ccccc2)[C@@H](O)[C@H](O[C@H](C)C(=O)OCc2ccccc2)[C@H]1N1C(=O)c2ccccc2C1=O,B4E715CA
512,"Journal of the American Chemical Society (2001), 123(28), 6819-6825",期刊,2001,31-301-CAS-8365944,O(CC1=CC=CC=C1)[C@H]2[C@]3([C@](O[C@](S(=O)C4=CC=CC=C4)([C@H]2OCC5=CC=CC=C5)[H])(CO[C@H](O3)C6=CC=CC=C6)[H])[H],thioglycoside,O(CC1=CC=CC=C1)[C@@H]2[C@H]([C@H](OC)O[C@H](COCC3=CC=CC=C3)[C@H]2O)N4C(=O)C=5C(C4=O)=CC=CC5,Dichloromethane,ClCCl,1,Sodium bicarbonate,[Na].O=C(O)O,1,,0,,0,b,1,O=S(c1ccccc1)[C@H]1O[C@@H]2CO[C@@H](c3ccccc3)O[C@H]2[C@H](OCc2ccccc2)[C@@H]1OCc1ccccc1,CO[C@@H]1O[C@H](COCc2ccccc2)[C@@H](O)[C@H](OCc2ccccc2)[C@H]1N1C(=O)c2ccccc2C1=O,FDFC5AA3
513,"Chemistry - A European Journal (2011), 17(36), 10106-10112, S10106/1-S10106/135",期刊,2011,31-013-CAS-9669067,O([C@H]1[C@H](OCC2=CC=CC=C2)[C@@H](OC(=O)C3=CC=CC=C3)[C@H](SC4=CC=C(C)C=C4)O[C@@H]1COC(CCC(C)=O)=O)[C@@H]5[C@H](N=[N+]=[N-])[C@@H](OCC6=CC=CC=C6)[C@H](O[Si](C(C)(C)C)(C)C)[C@@H](COC(C)=O)O5,thioglycoside,O([C@H]1[C@H](OCC2=CC=CC=C2)[C@@H](OC(=O)C3=CC=CC=C3)[C@H](OCCCN(CC4=CC=CC=C4)C(OCC5=CC=CC=C5)=O)O[C@@H]1COC(CCC(C)=O)=O)[C@@H]6[C@H](N=[N+]=[N-])[C@@H](OCC7=CC=CC=C7)[C@H](O)[C@@H](COS(OCC(Cl)(Cl)Cl)(=O)=O)O6,Dichloromethane;Diethyl ether,ClCCl;O(CC)CC,1,Tosyl chloride,O=S(=O)(Cl)C1=CC=C(C=C1)C,1,25.0,1,30.0,1,b,1,CC(=O)CCC(=O)OC[C@H]1O[C@@H](Sc2ccc(C)cc2)[C@H](OC(=O)c2ccccc2)[C@@H](OCc2ccccc2)[C@@H]1O[C@H]1O[C@H](COC(C)=O)[C@@H](O[Si](C)(C)C(C)(C)C)[C@H](OCc2ccccc2)[C@H]1N=[N+]=[N-],CC(=O)CCC(=O)OC[C@H]1O[C@@H](OCCCN(Cc2ccccc2)C(=O)OCc2ccccc2)[C@H](OC(=O)c2ccccc2)[C@@H](OCc2ccccc2)[C@@H]1O[C@H]1O[C@H](COS(=O)(=O)OCC(Cl)(Cl)Cl)[C@@H](O)[C@H](OCc2ccccc2)[C@H]1N=[N+]=[N-],29B9B813
514,"Glycoconjugate Journal (2010), 27(1), 69-77",期刊,2010,31-013-CAS-11323810,O([C@H]1[C@@H](OCC2=CC=CC=C2)[C@H](NC([C@H](CCOC(C)=O)OC(C)=O)=O)[C@@H](C)O[C@@H]1SCC)[C@@H]3[C@@H](OC(CCC(C)=O)=O)[C@@H](OCC4=CC=CC=C4)[C@H](NC([C@H](CCOC(C)=O)OC(C)=O)=O)[C@@H](C)O3,thioglycoside,O([C@@H]1[C@@H](O[C@H]2[C@@H](OCC3=CC=CC=C3)[C@H](NC([C@H](CCOC(C)=O)OC(C)=O)=O)[C@@H](C)O[C@@H]2OCCCCCC(OC)=O)O[C@H](C)[C@@H](NC([C@H](CCOC(C)=O)OC(C)=O)=O)[C@@H]1OCC4=CC=CC=C4)[C@@H]5[C@@H](O[C@@H]6[C@@H](O)[C@@H](OCC7=CC=CC=C7)[C@H](NC([C@H](CCOC(C)=O)OC(C)=O)=O)[C@@H](C)O6)[C@@H](OCC8=CC=CC=C8)[C@H](NC([C@H](CCOC(C)=O)OC(C)=O)=O)[C@@H](C)O5,Toluene,C=1C=CC(=CC1)C,1,N-Iodosuccinimide,O=C1N(I)C(=O)CC1,1,,0,,0,a,0,CCS[C@H]1O[C@H](C)[C@@H](NC(=O)[C@H](CCOC(C)=O)OC(C)=O)[C@H](OCc2ccccc2)[C@@H]1O[C@H]1O[C@H](C)[C@@H](NC(=O)[C@H](CCOC(C)=O)OC(C)=O)[C@H](OCc2ccccc2)[C@@H]1OC(=O)CCC(C)=O,COC(=O)CCCCCO[C@H]1O[C@H](C)[C@@H](NC(=O)[C@H](CCOC(C)=O)OC(C)=O)[C@H](OCc2ccccc2)[C@@H]1O[C@H]1O[C@H](C)[C@@H](NC(=O)[C@H](CCOC(C)=O)OC(C)=O)[C@H](OCc2ccccc2)[C@@H]1O[C@H]1O[C@H](C)[C@@H](NC(=O)[C@H](CCOC(C)=O)OC(C)=O)[C@H](OCc2ccccc2)[C@@H]1O[C@H]1O[C@H](C)[C@@H](NC(=O)[C@H](CCOC(C)=O)OC(C)=O)[C@H](OCc2ccccc2)[C@@H]1O,27101301
515,"Chemistry - A European Journal (2011), 17(36), 10106-10112, S10106/1-S10106/135",期刊,2011,31-013-CAS-11511551,O([C@H]1[C@H](OCC2=CC=CC=C2)[C@@H](OC(=O)C3=CC=CC=C3)[C@H](SC4=CC=C(C)C=C4)O[C@H]1COC(CCC(C)=O)=O)[C@@H]5[C@H](N=[N+]=[N-])[C@@H](OCC6=CC=CC=C6)[C@H](O[Si](C(C)(C)C)(C)C)[C@@H](COS(OCC(Cl)(Cl)Cl)(=O)=O)O5,thioglycoside,O([C@H]1[C@H](OCC2=CC=CC=C2)[C@@H](OC(=O)C3=CC=CC=C3)[C@H](OCCCN(CC4=CC=CC=C4)C(OCC5=CC=CC=C5)=O)O[C@H]1COC(CCC(C)=O)=O)[C@@H]6[C@H](N=[N+]=[N-])[C@@H](OCC7=CC=CC=C7)[C@H](O)[C@@H](COC(C)=O)O6,Dichloromethane;Diethyl ether,ClCCl;O(CC)CC,1,Tosyl chloride,O=S(=O)(Cl)C1=CC=C(C=C1)C,1,25.0,1,30.0,1,a,0,CC(=O)CCC(=O)OC[C@@H]1O[C@@H](Sc2ccc(C)cc2)[C@H](OC(=O)c2ccccc2)[C@@H](OCc2ccccc2)[C@@H]1O[C@H]1O[C@H](COS(=O)(=O)OCC(Cl)(Cl)Cl)[C@@H](O[Si](C)(C)C(C)(C)C)[C@H](OCc2ccccc2)[C@H]1N=[N+]=[N-],CC(=O)CCC(=O)OC[C@@H]1O[C@@H](OCCCN(Cc2ccccc2)C(=O)OCc2ccccc2)[C@H](OC(=O)c2ccccc2)[C@@H](OCc2ccccc2)[C@@H]1O[C@H]1O[C@H](COC(C)=O)[C@@H](O)[C@H](OCc2ccccc2)[C@H]1N=[N+]=[N-],D14E8688
516,"Chemistry - A European Journal (2011), 17(36), 10106-10112, S10106/1-S10106/135",期刊,2011,31-013-CAS-11784711,O([C@H]1[C@H](OCC2=CC=CC=C2)[C@@H](OC(=O)C3=CC=CC=C3)[C@H](SC4=CC=C(C)C=C4)O[C@@H]1COC(CCC(C)=O)=O)[C@@H]5[C@H](N=[N+]=[N-])[C@@H](OCC6=CC=CC=C6)[C@H](O[Si](C(C)(C)C)(C)C)[C@@H](COS(OCC(Cl)(Cl)Cl)(=O)=O)O5,thioglycoside,O([C@H]1[C@H](OCC2=CC=CC=C2)[C@@H](OC(=O)C3=CC=CC=C3)[C@H](OCCCN(CC4=CC=CC=C4)C(OCC5=CC=CC=C5)=O)O[C@@H]1COC(CCC(C)=O)=O)[C@@H]6[C@H](N=[N+]=[N-])[C@@H](OCC7=CC=CC=C7)[C@H](O)[C@@H](COC(C)=O)O6,Dichloromethane;Diethyl ether,ClCCl;O(CC)CC,1,Tosyl chloride,O=S(=O)(Cl)C1=CC=C(C=C1)C,1,25.0,1,30.0,1,b,1,CC(=O)CCC(=O)OC[C@H]1O[C@@H](Sc2ccc(C)cc2)[C@H](OC(=O)c2ccccc2)[C@@H](OCc2ccccc2)[C@@H]1O[C@H]1O[C@H](COS(=O)(=O)OCC(Cl)(Cl)Cl)[C@@H](O[Si](C)(C)C(C)(C)C)[C@H](OCc2ccccc2)[C@H]1N=[N+]=[N-],CC(=O)CCC(=O)OC[C@H]1O[C@@H](OCCCN(Cc2ccccc2)C(=O)OCc2ccccc2)[C@H](OC(=O)c2ccccc2)[C@@H](OCc2ccccc2)[C@@H]1O[C@H]1O[C@H](COC(C)=O)[C@@H](O)[C@H](OCc2ccccc2)[C@H]1N=[N+]=[N-],1A0B88FE
517,"Chemistry - A European Journal (2011), 17(36), 10106-10112, S10106/1-S10106/135",期刊,2011,31-013-CAS-553402,O([C@H]1[C@H](OCC2=CC=CC=C2)[C@@H](OC(=O)C3=CC=CC=C3)[C@H](SC4=CC=C(C)C=C4)O[C@@H]1COC(CCC(C)=O)=O)[C@@H]5[C@H](N=[N+]=[N-])[C@@H](OCC6=CC=CC=C6)[C@H](O[Si](C(C)(C)C)(C)C)[C@@H](COS(OCC(Cl)(Cl)Cl)(=O)=O)O5,thioglycoside,O([C@H]1[C@H](OCC2=CC=CC=C2)[C@@H](OC(=O)C3=CC=CC=C3)[C@H](O[C@H]4[C@H](OCC5=CC=CC=C5)[C@@H](N=[N+]=[N-])[C@@H](O[C@H]6[C@H](OCC7=CC=CC=C7)[C@@H](OC(=O)C8=CC=CC=C8)[C@H](OCCCN(CC9=CC=CC=C9)C(OCC%10=CC=CC=C%10)=O)O[C@@H]6COC(CCC(C)=O)=O)O[C@@H]4COC(C)=O)O[C@@H]1COC(CCC(C)=O)=O)[C@@H]%11[C@H](N=[N+]=[N-])[C@@H](OCC%12=CC=CC=C%12)[C@H](O)[C@@H](COS(OCC(Cl)(Cl)Cl)(=O)=O)O%11,Dichloromethane;Diethyl ether,ClCCl;O(CC)CC,1,Tosyl chloride,O=S(=O)(Cl)C1=CC=C(C=C1)C,1,25.0,1,30.0,1,b,1,CC(=O)CCC(=O)OC[C@H]1O[C@@H](Sc2ccc(C)cc2)[C@H](OC(=O)c2ccccc2)[C@@H](OCc2ccccc2)[C@@H]1O[C@H]1O[C@H](COS(=O)(=O)OCC(Cl)(Cl)Cl)[C@@H](O[Si](C)(C)C(C)(C)C)[C@H](OCc2ccccc2)[C@H]1N=[N+]=[N-],CC(=O)CCC(=O)OC[C@H]1O[C@@H](OCCCN(Cc2ccccc2)C(=O)OCc2ccccc2)[C@H](OC(=O)c2ccccc2)[C@@H](OCc2ccccc2)[C@@H]1O[C@H]1O[C@H](COC(C)=O)[C@@H](O[C@@H]2O[C@H](COC(=O)CCC(C)=O)[C@@H](O[C@H]3O[C@H](COS(=O)(=O)OCC(Cl)(Cl)Cl)[C@@H](O)[C@H](OCc4ccccc4)[C@H]3N=[N+]=[N-])[C@H](OCc3ccccc3)[C@H]2OC(=O)c2ccccc2)[C@H](OCc2ccccc2)[C@H]1N=[N+]=[N-],9682A841
518,"European Patent Organization, EP919563 A2 1999-06-02",专利,1999,31-013-CAS-11663642,O(C(C)=O)[C@@H]1[C@H](C(SC2=CC=CC=C2)O[C@H](COC(C)=O)[C@@H]1OC(C)=O)N3C(=O)C=4C(C3=O)=CC=CC4,thioglycoside,O(CC1=CC=CC=C1)[C@@H]2[C@H]([C@H](OC)O[C@H](COC(C)=O)[C@H]2O)N3C(=O)C=4C(C3=O)=CC=CC4,Dichloromethane,ClCCl,1,N-Iodosuccinimide,O=C1N(I)C(=O)CC1,1,,0,,0,b,1,CC(=O)OC[C@H]1OC(Sc2ccccc2)[C@H](N2C(=O)c3ccccc3C2=O)[C@@H](OC(C)=O)[C@H]1OC(C)=O,CO[C@@H]1O[C@H](COC(C)=O)[C@@H](O)[C@H](OCc2ccccc2)[C@H]1N1C(=O)c2ccccc2C1=O,94BCBAC4
519,"Chemistry - A European Journal (2011), 17(51), 14518-14526, S14518/1-S14518/35",期刊,2011,31-013-CAS-3171404,S([C@@H]1[C@]2([C@]([C@@H](O[Si](C(C)(C)C)(C)C)[C@@H](COCC3=CC=CC=C3)O1)(OC(=O)N2C(C)=O)[H])[H])C4=CC=C(C)C=C4,thioglycoside,O([C@@H]1[C@]2([C@]([C@@H](OC)O[C@@H]1COCC3=CC=CC=C3)(N(C(C)=O)C(=O)O2)[H])[H])[C@@H]4[C@]5([C@]([C@@H](O)[C@@H](COCC6=CC=CC=C6)O4)(OC(=O)N5C(C)=O)[H])[H],Dichloromethane,ClCCl,1,Triethylamine,N(CC)(CC)CC,1,-72.0,1,5.0,1,a,0,CC(=O)N1C(=O)O[C@H]2[C@@H](O[Si](C)(C)C(C)(C)C)[C@@H](COCc3ccccc3)O[C@H](Sc3ccc(C)cc3)[C@@H]21,CO[C@H]1O[C@H](COCc2ccccc2)[C@H](O[C@H]2O[C@H](COCc3ccccc3)[C@H](O)[C@@H]3OC(=O)N(C(C)=O)[C@@H]23)[C@@H]2OC(=O)N(C(C)=O)[C@@H]12,7F2DEC95
520,"European Journal of Organic Chemistry (2006), (22), 5158-5166",期刊,2006,31-013-CAS-12308870,N(C(OCC(Cl)(Cl)Cl)=O)[C@@H]1C[C@]2([C@](O[C@H]1SCC)(CO[C@H](O2)C3=CC=CC=C3)[H])[H],thioglycoside,N(C(C)=O)[C@@H]1[C@@H](O[C@@H](C(OCCS(=O)(=O)C2=CC=CC=C2)=O)C)[C@H](O)[C@@H](COCC3=CC=CC=C3)O[C@@H]1OCC4=CC=CC=C4,Dichloromethane,ClCCl,1,Sodium thiosulfate,[Na].O=S(=O)(O)S,1,25.0,1,30.0,1,b,1,CCS[C@@H]1O[C@@H]2CO[C@@H](c3ccccc3)O[C@H]2C[C@H]1NC(=O)OCC(Cl)(Cl)Cl,CC(=O)N[C@H]1[C@@H](OCc2ccccc2)O[C@H](COCc2ccccc2)[C@@H](O)[C@@H]1O[C@H](C)C(=O)OCCS(=O)(=O)c1ccccc1,B8F154E4
521,"Nature Communications (2017), 8(1), 1-11",期刊,2017,31-614-CAS-40361037,O[C@H]1[C@@]2([C@](O[C@@H](SCC)[C@@H]1OC(=O)C3=CC=CC=C3)(COC(O2)C4=CC=CC=C4)[H])[H],thioglycoside,O=C1N(C(=O)C=2C1=CC=CC2)[C@H]3[C@H](SCC)O[C@H](COCC4=CC=CC=C4)[C@@H](O)[C@@H]3O,Dichloromethane,ClCCl,1,Silver triflate,[Ag].O=S(=O)(O)C(F)(F)F,1,-60.0,1,30.0,1,b,1,CCS[C@@H]1O[C@@H]2COC(c3ccccc3)O[C@@H]2[C@H](O)[C@H]1OC(=O)c1ccccc1,CCS[C@@H]1O[C@H](COCc2ccccc2)[C@@H](O)[C@H](O)[C@H]1N1C(=O)c2ccccc2C1=O,56C743D4
522,"Bioorganic & Medicinal Chemistry (2006), 14(21), 7187-7195",期刊,2006,31-013-CAS-739772,N(C(OCC(Cl)(Cl)Cl)=O)[C@@H]1[C@@H](OC(C)=O)[C@H](OC(C)=O)[C@@H](COC(C)=O)O[C@H]1SC2=CC=C(C)C=C2,thioglycoside,N(C(C)=O)[C@@H]1[C@@H](O[C@@H](C(OCCS(=O)(=O)C2=CC=CC=C2)=O)C)[C@H](O)[C@@H](COC(=O)C3=CC=CC=C3)O[C@@H]1OCC4=CC=CC=C4,Dichloromethane;Diethyl ether,ClCCl;O(CC)CC,1,Trifluoromethanesulfonic acid,O=S(=O)(O)C(F)(F)F,1,-40.0,1,60.0,1,b,1,CC(=O)OC[C@H]1O[C@@H](Sc2ccc(C)cc2)[C@H](NC(=O)OCC(Cl)(Cl)Cl)[C@@H](OC(C)=O)[C@@H]1OC(C)=O,CC(=O)N[C@H]1[C@@H](OCc2ccccc2)O[C@H](COC(=O)c2ccccc2)[C@@H](O)[C@@H]1O[C@H](C)C(=O)OCCS(=O)(=O)c1ccccc1,41BBEAC0
523,"World Intellectual Property Organization, WO2010104192 A1 2010-09-16",专利,2010,31-013-CAS-10549598,O(CC1=CC=CC=C1)[C@H]2[C@H](OC(C)=O)[C@@H](CN3C(=O)C=4C(C3=O)=CC=CC4)O[C@@H](SC5=CC=CC=C5)[C@@H]2N=[N+]=[N-],thioglycoside,O([C@H]1[C@H](OCC2=CC=CC=C2)[C@@H](N=[N+]=[N-])[C@@H](OC)O[C@@H]1CN=[N+]=[N-])[C@@H]3[C@H](N=[N+]=[N-])[C@@H](OCC4=CC=CC=C4)[C@H](O)[C@@H](CN5C(=O)C=6C(C5=O)=CC=CC6)O3,Dichloromethane;Toluene,ClCCl;C=1C=CC(=CC1)C,1,Trifluoromethanesulfonic acid,O=S(=O)(O)C(F)(F)F,1,0.0,1,60.0,1,a,0,CC(=O)O[C@H]1[C@H](OCc2ccccc2)[C@@H](N=[N+]=[N-])[C@H](Sc2ccccc2)O[C@@H]1CN1C(=O)c2ccccc2C1=O,CO[C@H]1O[C@H](CN=[N+]=[N-])[C@@H](O[C@H]2O[C@H](CN3C(=O)c4ccccc4C3=O)[C@@H](O)[C@H](OCc3ccccc3)[C@H]2N=[N+]=[N-])[C@H](OCc2ccccc2)[C@H]1N=[N+]=[N-],7C9B88D5
524,"Tetrahedron: Asymmetry (2009), 20(4), 473-477",期刊,2009,31-013-CAS-5060810,O(C(C)=O)[C@@H]1[C@@H](OC(C)=O)[C@H](SC2=CC=CC=C2)O[C@H](COCC3=CC=CC=C3)[C@@H]1OC(C)=O,thioglycoside,O([C@H]1[C@@H]([C@@H](O)[C@H](O)[C@@H](COCC2=CC=CC=C2)O1)N3C(=O)C=4C(C3=O)=CC=CC4)[C@H]5[C@H](OCC6=CC=CC=C6)[C@H](OCC[Si](C)(C)C)O[C@@H](C)[C@H]5OC(C)=O,Dichloromethane,ClCCl,1,N-Iodosuccinimide,O=C1N(I)C(=O)CC1,1,25.0,1,60.0,1,b,1,CC(=O)O[C@H]1[C@@H](OC(C)=O)[C@@H](COCc2ccccc2)O[C@@H](Sc2ccccc2)[C@@H]1OC(C)=O,CC(=O)O[C@H]1[C@@H](O[C@@H]2O[C@H](COCc3ccccc3)[C@@H](O)[C@H](O)[C@H]2N2C(=O)c3ccccc3C2=O)[C@H](OCc2ccccc2)[C@H](OCC[Si](C)(C)C)O[C@H]1C,67EE54A7
525,"Carbohydrate Research (2004), 339(2), 181-193",期刊,2004,31-013-CAS-4171613,O(CC1=CC=CC=C1)[C@@H]2[C@H]([C@H](SCC)O[C@H](COCC3=CC=CC=C3)[C@H]2OC(C)=O)N4C(=O)C=5C(C4=O)=CC=CC5,thioglycoside,O(CC1=CC=CC=C1)[C@@H]2[C@H]([C@H](OCC[Si](C)(C)C)O[C@H](COCC3=CC=CC=C3)[C@H]2O)N4C(=O)C=5C(C4=O)=CC=CC5,Dichloromethane,ClCCl,1,N-Iodosuccinimide,O=C1N(I)C(=O)CC1,1,25.0,1,30.0,1,b,1,CCS[C@@H]1O[C@H](COCc2ccccc2)[C@@H](OC(C)=O)[C@H](OCc2ccccc2)[C@H]1N1C(=O)c2ccccc2C1=O,C[Si](C)(C)CCO[C@@H]1O[C@H](COCc2ccccc2)[C@@H](O)[C@H](OCc2ccccc2)[C@H]1N1C(=O)c2ccccc2C1=O,8935FAF5
526,"Canada, CA2806561 C 2015-12-22",专利,2015,31-013-CAS-21359611,O(CC1=CC=CC=C1)[C@@H]2[C@@H](OC(=O)C3=CC=CC=C3)[C@@H](SC4=CC=C(C)C=C4)O[C@@H](COC5=CC=C(OC)C=C5)[C@H]2OC(CCC(C)=O)=O,thioglycoside,N(C=C1C(=O)N(C)C(=O)N(C)C1=O)[C@@H]2[C@@H](OCC3=CC=CC=C3)[C@H](O)[C@@H](COC(=O)C4=CC=CC=C4)O[C@@H]2OC,Acetonitrile,N#CC,1,N-Iodosuccinimide,O=C1N(I)C(=O)CC1,1,,0,,0,a,0,COc1ccc(OC[C@@H]2O[C@H](Sc3ccc(C)cc3)[C@H](OC(=O)c3ccccc3)[C@@H](OCc3ccccc3)[C@@H]2OC(=O)CCC(C)=O)cc1,CO[C@H]1O[C@H](COC(=O)c2ccccc2)[C@@H](O)[C@H](OCc2ccccc2)[C@H]1NC=C1C(=O)N(C)C(=O)N(C)C1=O,CABFCA72
527,"World Intellectual Property Organization, WO2003022860 A1 2003-03-20",专利,2003,31-013-CAS-9488276,O(CC1=CC=CC=C1)[C@@H]2[C@@H](OC(=O)C3=CC=CC=C3)[C@@H](SC4=CC=C(C)C=C4)O[C@@H](COC5=CC=C(OC)C=C5)[C@H]2OC(CCC(C)=O)=O,thioglycoside,N(C=C1C(=O)N(C)C(=O)N(C)C1=O)[C@@H]2[C@@H](OCC3=CC=CC=C3)[C@H](O)[C@@H](COC(=O)C4=CC=CC=C4)O[C@@H]2OC,Acetonitrile,N#CC,1,N-Iodosuccinimide,O=C1N(I)C(=O)CC1,1,,0,,0,a,0,COc1ccc(OC[C@@H]2O[C@H](Sc3ccc(C)cc3)[C@H](OC(=O)c3ccccc3)[C@@H](OCc3ccccc3)[C@@H]2OC(=O)CCC(C)=O)cc1,CO[C@H]1O[C@H](COC(=O)c2ccccc2)[C@@H](O)[C@H](OCc2ccccc2)[C@H]1NC=C1C(=O)N(C)C(=O)N(C)C1=O,CABFCA72
528,"Journal of the American Chemical Society (2020), 142(1), 456-467",期刊,2020,31-013-CAS-21013701,O(CC1=CC=CC=C1)[C@H]2[C@]3([C@](O[C@@H](SC4=CC=CC=C4)[C@@H]2OC(=O)C5=CC=CC=C5)(CO[C@H](O3)C6=CC=CC=C6)[H])[H],thioglycoside,O([C@@H]1[C@@H](NC(C(Cl)(Cl)Cl)=O)[C@H](OCCCNC(OCC2=CC=CC=C2)=O)O[C@H](C)[C@@H]1OCC3=CC=CC=C3)[C@H]4[C@@H](N=[N+]=[N-])[C@H](OCC=C)[C@H](O)[C@H](C)O4,Dichloromethane,ClCCl,1,N-Iodosuccinimide,O=C1N(I)C(=O)CC1,1,25.0,1,180.0,1,b,1,O=C(O[C@@H]1[C@@H](OCc2ccccc2)[C@@H]2O[C@H](c3ccccc3)OC[C@H]2O[C@H]1Sc1ccccc1)c1ccccc1,C=CCO[C@@H]1[C@H](O)[C@H](C)O[C@@H](O[C@@H]2[C@@H](NC(=O)C(Cl)(Cl)Cl)[C@H](OCCCNC(=O)OCc3ccccc3)O[C@H](C)[C@@H]2OCc2ccccc2)[C@H]1N=[N+]=[N-],9C7FEB77
529,"Chemistry - A European Journal (2004), 10(14), 3517-3524",期刊,2004,31-013-CAS-15500340,O(CC1=CC=CC=C1)[C@H]2[C@@H](OCC3=CC=CC=C3)[C@@H](COCC4=CC=CC=C4)O[C@@H](SCC)[C@@H]2OC(CCC(C)=O)=O,thioglycoside,C(OC(O[C@@H]1[C@@H](NC(OCC(Cl)(Cl)Cl)=O)[C@H](OCCCNC(OCC2=CC=CC=C2)=O)O[C@H](COCC3=CC=CC=C3)[C@H]1O)=O)C4C=5C(C=6C4=CC=CC6)=CC=CC5,Dichloromethane,ClCCl,1,N-Iodosuccinimide,O=C1N(I)C(=O)CC1,1,25.0,1,30.0,1,b,1,CCS[C@@H]1O[C@H](COCc2ccccc2)[C@H](OCc2ccccc2)[C@H](OCc2ccccc2)[C@H]1OC(=O)CCC(C)=O,O=C(NCCCO[C@@H]1O[C@H](COCc2ccccc2)[C@@H](O)[C@H](OC(=O)OCC2c3ccccc3-c3ccccc32)[C@H]1NC(=O)OCC(Cl)(Cl)Cl)OCc1ccccc1,83977ADB
530,"Journal of the American Chemical Society (2020), 142(1), 456-467",期刊,2020,31-013-CAS-21013700,O(CC1=CC=CC=C1)[C@H]2[C@]3([C@](O[C@@H](SC4=CC=CC=C4)[C@@H]2OC(=O)C5=CC=CC=C5)(CO[C@H](O3)C6=CC=CC=C6)[H])[H],thioglycoside,O([C@@H]1[C@@H](NC(C(Cl)(Cl)Cl)=O)[C@H](OCCCNC(OCC2=CC=CC=C2)=O)O[C@H](C)[C@@H]1OCC3=CC=CC=C3)[C@H]4[C@@H](N=[N+]=[N-])[C@H](OC(C)=O)[C@H](O)[C@H](C)O4,Dichloromethane,ClCCl,1,N-Iodosuccinimide,O=C1N(I)C(=O)CC1,1,0.0,1,120.0,1,b,1,O=C(O[C@@H]1[C@@H](OCc2ccccc2)[C@@H]2O[C@H](c3ccccc3)OC[C@H]2O[C@H]1Sc1ccccc1)c1ccccc1,CC(=O)O[C@@H]1[C@H](O)[C@H](C)O[C@@H](O[C@@H]2[C@@H](NC(=O)C(Cl)(Cl)Cl)[C@H](OCCCNC(=O)OCc3ccccc3)O[C@H](C)[C@@H]2OCc2ccccc2)[C@H]1N=[N+]=[N-],A4384FAF
531,"Journal of Organic Chemistry (1990), 55(9), 2860-3",期刊,1990,31-013-CAS-992775,O(C(C)=O)[C@H]1[C@@H](OC(C)=O)[C@@H](COC(C)=O)O[C@@H](SCC)[C@@H]1OC(C)=O,thioglycoside,O(C(=O)C1=CC=CC=C1)[C@@H]2[C@H]([C@H](OC)O[C@H](COC(=O)C3=CC=CC=C3)[C@H]2O)N4C(=O)C=5C(C4=O)=CC=CC5,Dichloromethane,ClCCl,1,Triethylamine,N(CC)(CC)CC,1,,0,,0,b,1,CCS[C@@H]1O[C@H](COC(C)=O)[C@H](OC(C)=O)[C@H](OC(C)=O)[C@H]1OC(C)=O,CO[C@@H]1O[C@H](COC(=O)c2ccccc2)[C@@H](O)[C@H](OC(=O)c2ccccc2)[C@H]1N1C(=O)c2ccccc2C1=O,5283D2B3
532,"Chemistry - An Asian Journal (2019), 14(1), 223-234",期刊,2019,31-013-CAS-19796379,O(C(C)=O)[C@@H]1[C@@H](OC(C)=O)[C@H](SC2=CC=CC=C2)O[C@H](COC(C)=O)[C@@H]1OC(C)=O,thioglycoside,[Si](OC[C@H]1O[C@@H](OC2=CC=C(OC)C=C2)[C@@H]([C@@H](O)[C@@H]1O)N3C(=O)C=4C(C3=O)=CC=CC4)(C(C)(C)C)(C5=CC=CC=C5)C6=CC=CC=C6,Dichloromethane,ClCCl,1,N-Iodosuccinimide,O=C1N(I)C(=O)CC1,1,25.0,1,30.0,1,b,1,CC(=O)OC[C@H]1O[C@@H](Sc2ccccc2)[C@H](OC(C)=O)[C@@H](OC(C)=O)[C@H]1OC(C)=O,COc1ccc(O[C@@H]2O[C@H](CO[Si](c3ccccc3)(c3ccccc3)C(C)(C)C)[C@@H](O)[C@H](O)[C@H]2N2C(=O)c3ccccc3C2=O)cc1,14329F80
533,"Tetrahedron: Asymmetry (2013), 24(15-16), 942-946",期刊,2013,31-013-CAS-12326620,O(CC1=CC=CC=C1)[C@H]2[C@@H](OCC3=CC=CC=C3)[C@H](SCC)O[C@@H](C)[C@@H]2OCC4=CC=CC=C4,thioglycoside,O(C(C)=O)[C@@H]1[C@H]([C@H](SCC)O[C@H](COC(=O)C2=CC=CC=C2)[C@@H]1O)N3C(=O)C=4C(C3=O)=CC=CC4,Dichloromethane,ClCCl,1,Trimethylsilyl triflate,O=S(=O)(O[Si](C)(C)C)C(F)(F)F,1,-30.0,1,30.0,1,a,0,CCS[C@@H]1O[C@@H](C)[C@H](OCc2ccccc2)[C@@H](OCc2ccccc2)[C@H]1OCc1ccccc1,CCS[C@@H]1O[C@H](COC(=O)c2ccccc2)[C@H](O)[C@H](OC(C)=O)[C@H]1N1C(=O)c2ccccc2C1=O,ACFE8C37
534,"Canada, CA2806561 C 2015-12-22",专利,2015,31-013-CAS-21359612,O(C(=O)C1=CC=CC=C1)[C@@H]2[C@@H](OCC3=CC=CC=C3)[C@H](OC(CCC(C)=O)=O)[C@H](COCC4=CC=C(OC)C=C4)O[C@@H]2SC5=CC=C(C)C=C5,thioglycoside,N(C=C1C(=O)N(C)C(=O)N(C)C1=O)[C@@H]2[C@@H](OCC3=CC=CC=C3)[C@H](O)[C@@H](COC(=O)C4=CC=CC=C4)O[C@@H]2OC,Acetonitrile,N#CC,1,N-Iodosuccinimide,O=C1N(I)C(=O)CC1,1,,0,,0,a,0,COc1ccc(COC[C@@H]2O[C@H](Sc3ccc(C)cc3)[C@H](OC(=O)c3ccccc3)[C@@H](OCc3ccccc3)[C@@H]2OC(=O)CCC(C)=O)cc1,CO[C@H]1O[C@H](COC(=O)c2ccccc2)[C@@H](O)[C@H](OCc2ccccc2)[C@H]1NC=C1C(=O)N(C)C(=O)N(C)C1=O,EAF0C745
535,"World Intellectual Property Organization, WO2003022860 A1 2003-03-20",专利,2003,31-013-CAS-11618646,O(C(=O)C1=CC=CC=C1)[C@@H]2[C@@H](OCC3=CC=CC=C3)[C@H](OC(CCC(C)=O)=O)[C@H](COCC4=CC=C(OC)C=C4)O[C@@H]2SC5=CC=C(C)C=C5,thioglycoside,N(C=C1C(=O)N(C)C(=O)N(C)C1=O)[C@@H]2[C@@H](OCC3=CC=CC=C3)[C@H](O)[C@@H](COC(=O)C4=CC=CC=C4)O[C@@H]2OC,Acetonitrile,N#CC,1,N-Iodosuccinimide,O=C1N(I)C(=O)CC1,1,,0,,0,a,0,COc1ccc(COC[C@@H]2O[C@H](Sc3ccc(C)cc3)[C@H](OC(=O)c3ccccc3)[C@@H](OCc3ccccc3)[C@@H]2OC(=O)CCC(C)=O)cc1,CO[C@H]1O[C@H](COC(=O)c2ccccc2)[C@@H](O)[C@H](OCc2ccccc2)[C@H]1NC=C1C(=O)N(C)C(=O)N(C)C1=O,EAF0C745
536,"Journal of Organic Chemistry (2021), 86(9), 6090-6099",期刊,2021,31-013-CAS-23539710,O(CC1=CC=CC=C1)[C@H]2[C@H]([C@@H](C)O[C@@H](SC3=CC=CC=C3)[C@@H]2N=[N+]=[N-])N4C(=O)C=5C(C4=O)=CC=CC5,thioglycoside,[Si](OC[C@H]1O[C@@H](SC2=CC=CC=C2)[C@H](N=[N+]=[N-])[C@@H](OC(C)=O)[C@H]1O)(C(C)(C)C)(C3=CC=CC=C3)C4=CC=CC=C4,Dichloromethane,ClCCl,1,Bromine,BrBr,1,0.0,1,30.0,1,a,0,C[C@H]1O[C@@H](Sc2ccccc2)[C@H](N=[N+]=[N-])[C@@H](OCc2ccccc2)[C@H]1N1C(=O)c2ccccc2C1=O,CC(=O)O[C@H]1[C@@H](O)[C@@H](CO[Si](c2ccccc2)(c2ccccc2)C(C)(C)C)O[C@@H](Sc2ccccc2)[C@@H]1N=[N+]=[N-],9C2CCE32
537,"European Journal of Organic Chemistry (2012), 2012(28), 5534-5539, S5534/1-S5534/38",期刊,2012,31-013-CAS-13313383,O([C@@]1(C(OCC2=CC=CC=C2)=O)O[C@@]([C@@H]([C@@H](COC(C)=O)OC(C)=O)OC(C)=O)([C@H](NC(C)=O)[C@@H](OC(C)=O)C1)[H])[C@H]3[C@@H](OC(C)=O)[C@@H](COC(=O)C4=CC=CC=C4)O[C@@H](SCC)[C@@H]3OC(C)=O,thioglycoside,N(C(C)=O)[C@@H]1[C@@H](OC(CCl)=O)[C@H](O)[C@@H](COCC2=CC=CC=C2)O[C@H]1OCC[Si](C)(C)C,Dichloromethane,ClCCl,1,Triethylamine,N(CC)(CC)CC,1,0.0,1,,0,b,1,CCS[C@@H]1O[C@H](COC(=O)c2ccccc2)[C@H](OC(C)=O)[C@H](O[C@]2(C(=O)OCc3ccccc3)C[C@H](OC(C)=O)[C@@H](NC(C)=O)[C@H]([C@H](OC(C)=O)[C@@H](COC(C)=O)OC(C)=O)O2)[C@H]1OC(C)=O,CC(=O)N[C@H]1[C@H](OCC[Si](C)(C)C)O[C@H](COCc2ccccc2)[C@@H](O)[C@@H]1OC(=O)CCl,9388500A
538,"Organic & Biomolecular Chemistry (2008), 6(15), 2692-2696",期刊,2008,31-013-CAS-14640673,O(CC1=CC=CC=C1)[C@@H]2[C@H](OCC3=CC=CC=C3)[C@@H](SC4=CC=CC=C4)O[C@H](COCC5=CC=CC=C5)[C@H]2OCC6=CC=CC=C6,thioglycoside,O([C@H]1[C@@H]([C@@H](OCC2=CC=CC=C2)[C@H](O)[C@@H](COCC3=CC=CC=C3)O1)N4C(=O)C=5C(C4=O)=CC=CC5)C6=CC=C(OC)C=C6,Dichloromethane,ClCCl,1,Diphenyl sulfoxide,O=S(C=1C=CC=CC1)C=2C=CC=CC2,1,25.0,1,60.0,1,a,0,c1ccc(COC[C@H]2O[C@H](Sc3ccccc3)[C@@H](OCc3ccccc3)[C@@H](OCc3ccccc3)[C@@H]2OCc2ccccc2)cc1,COc1ccc(O[C@@H]2O[C@H](COCc3ccccc3)[C@@H](O)[C@H](OCc3ccccc3)[C@H]2N2C(=O)c3ccccc3C2=O)cc1,CAEC5942
539,"Journal of Organic Chemistry (2003), 68(19), 7281-7288",期刊,2003,31-013-CAS-5982480,O(C(OCC1C=2C(C=3C1=CC=CC3)=CC=CC2)=O)[C@H]4[C@@]5([C@](O[C@@H](SC6=CC=C(C)C=C6)[C@@H]4OC(=O)C7=CC=C(F)C=C7)(CO[C@@H](O5)C8=C(F)C=CC=C8)[H])[H],thioglycoside,O(C(=O)C1=C(F)C=CC=C1)[C@@H]2[C@@H](NC(C)=O)[C@@H](OCC(O)=O)O[C@H](COCC3=CC=C(F)C=C3)[C@H]2O,Dichloromethane,ClCCl,1,Trifluoromethanesulfonic acid,O=S(=O)(O)C(F)(F)F,1,25.0,1,960.0,1,b,1,Cc1ccc(S[C@@H]2O[C@@H]3CO[C@H](c4ccccc4F)O[C@@H]3[C@H](OC(=O)OCC3c4ccccc4-c4ccccc43)[C@H]2OC(=O)c2ccc(F)cc2)cc1,CC(=O)N[C@H]1[C@@H](OCC(=O)O)O[C@H](COCc2ccc(F)cc2)[C@@H](O)[C@@H]1OC(=O)c1ccccc1F,7F278681
540,"Journal of the American Chemical Society (2012), 134(39), 16430-16433",期刊,2012,31-013-CAS-7955565,O(CC1=CC=CC=C1)[C@@H]2[C@H]([C@H](SCC)O[C@H](COCC3=CC=CC=C3)[C@H]2OC(C)=O)N4C(=O)C=5C(C4=O)=CC=CC5,thioglycoside,O(CC1=CC=CC=C1)[C@@H]2[C@H]([C@H](OCC3=CC=CC=C3)O[C@H](COCC4=CC=CC=C4)[C@H]2O)N5C(=O)C=6C(C5=O)=CC=CC6,Dichloromethane,ClCCl,1,N-Iodosuccinimide,O=C1N(I)C(=O)CC1,1,25.0,1,60.0,1,b,1,CCS[C@@H]1O[C@H](COCc2ccccc2)[C@@H](OC(C)=O)[C@H](OCc2ccccc2)[C@H]1N1C(=O)c2ccccc2C1=O,O=C1c2ccccc2C(=O)N1[C@H]1[C@H](OCc2ccccc2)O[C@H](COCc2ccccc2)[C@@H](O)[C@@H]1OCc1ccccc1,B29D2F16
541,"Journal of the American Chemical Society (2017), 139(2), 1011-1018",期刊,2017,31-013-CAS-16646504,O(CC1=CC=CC=C1)[C@@H]2[C@H]([C@H](SCC)O[C@H](COCC3=CC=CC=C3)[C@H]2OC(C)=O)N4C(=O)C=5C(C4=O)=CC=CC5,thioglycoside,O(CC1=CC=CC=C1)[C@@H]2[C@H]([C@H](OCC3=CC=CC=C3)O[C@H](COCC4=CC=CC=C4)[C@H]2O)N5C(=O)C=6C(C5=O)=CC=CC6,Dichloromethane,ClCCl,1,Trimethylsilyl triflate,O=S(=O)(O[Si](C)(C)C)C(F)(F)F,1,-20.0,1,10.0,1,b,1,CCS[C@@H]1O[C@H](COCc2ccccc2)[C@@H](OC(C)=O)[C@H](OCc2ccccc2)[C@H]1N1C(=O)c2ccccc2C1=O,O=C1c2ccccc2C(=O)N1[C@H]1[C@H](OCc2ccccc2)O[C@H](COCc2ccccc2)[C@@H](O)[C@@H]1OCc1ccccc1,B29D2F16
542,"Bioconjugate Chemistry (2020), 31(10), 2362-2366",期刊,2020,31-614-CAS-24371495,O(CC1=CC=CC=C1)[C@@H]2[C@H]([C@H](SCC)O[C@H](COCC3=CC=CC=C3)[C@H]2OC(C)=O)N4C(=O)C=5C(C4=O)=CC=CC5,thioglycoside,O(CC1=CC=CC=C1)[C@@H]2[C@H]([C@H](OCC3=CC=CC=C3)O[C@H](COCC4=CC=CC=C4)[C@H]2O)N5C(=O)C=6C(C5=O)=CC=CC6,Dichloromethane,ClCCl,1,N-Iodosuccinimide,O=C1N(I)C(=O)CC1,1,25.0,1,60.0,1,b,1,CCS[C@@H]1O[C@H](COCc2ccccc2)[C@@H](OC(C)=O)[C@H](OCc2ccccc2)[C@H]1N1C(=O)c2ccccc2C1=O,O=C1c2ccccc2C(=O)N1[C@H]1[C@H](OCc2ccccc2)O[C@H](COCc2ccccc2)[C@@H](O)[C@@H]1OCc1ccccc1,B29D2F16
543,"Journal of Medicinal Chemistry (2005), 48(9), 3126-3129",期刊,2005,31-013-CAS-4659620,O(CC1=CC=CC=C1)[C@@H]2[C@H]([C@H](SC3=CC=CC=C3)O[C@H](COCC4=CC=CC=C4)[C@H]2OC(C)=O)N5C(=O)C=6C(C5=O)=CC=CC6,thioglycoside,O(CC1=CC=CC=C1)[C@@H]2[C@H]([C@H](OCC3=CC=CC=C3)O[C@H](COCC4=CC=CC=C4)[C@H]2O)N5C(=O)C=6C(C5=O)=CC=CC6,Dichloromethane,ClCCl,1,Trifluoromethanesulfonic acid,O=S(=O)(O)C(F)(F)F,1,-78.0,1,60.0,1,b,1,CC(=O)O[C@H]1[C@H](OCc2ccccc2)[C@@H](N2C(=O)c3ccccc3C2=O)[C@H](Sc2ccccc2)O[C@@H]1COCc1ccccc1,O=C1c2ccccc2C(=O)N1[C@H]1[C@H](OCc2ccccc2)O[C@H](COCc2ccccc2)[C@@H](O)[C@@H]1OCc1ccccc1,B74A959C
544,"Angewandte Chemie, International Edition (2016), 55(15), 4767-4771",期刊,2016,31-013-CAS-8257226,O(CC1=CC=CC=C1)[C@@H]2[C@H]([C@H](SC3=CC=CC=C3)O[C@H](COCC4=CC=CC=C4)[C@@H]2OC(C)=O)N5C(=O)C=6C(C5=O)=CC=CC6,thioglycoside,O(CC1=CC=CC=C1)[C@@H]2[C@H]([C@H](OCC3=CC=CC=C3)O[C@H](COCC4=CC=CC=C4)[C@H]2O)N5C(=O)C=6C(C5=O)=CC=CC6,Dichloromethane,ClCCl,1,Trifluoromethanesulfonic acid,O=S(=O)(O)C(F)(F)F,1,-20.0,1,60.0,1,b,1,CC(=O)O[C@@H]1[C@H](OCc2ccccc2)[C@@H](N2C(=O)c3ccccc3C2=O)[C@H](Sc2ccccc2)O[C@@H]1COCc1ccccc1,O=C1c2ccccc2C(=O)N1[C@H]1[C@H](OCc2ccccc2)O[C@H](COCc2ccccc2)[C@@H](O)[C@@H]1OCc1ccccc1,9BB63CF2
545,"Carbohydrate Research (1996), 280(2), 251-60",期刊,1996,31-013-CAS-3504486,O(C(C)=O)[C@@H]1[C@H]([C@H](SCC)O[C@H](COC(C)=O)[C@@H]1OC(C)=O)N2C(=O)C=3C(C2=O)=CC=CC3,thioglycoside,O=C1N(C(=O)C=2C1=CC=CC2)[C@H]3[C@H](OCC[Si](C)(C)C)O[C@H](COCC4=CC=CC=C4)[C@@H](O)[C@@H]3O,Dichloromethane,ClCCl,1,Silver triflate,[Ag].O=S(=O)(O)C(F)(F)F,1,,0,,0,b,1,CCS[C@@H]1O[C@H](COC(C)=O)[C@H](OC(C)=O)[C@H](OC(C)=O)[C@H]1N1C(=O)c2ccccc2C1=O,C[Si](C)(C)CCO[C@@H]1O[C@H](COCc2ccccc2)[C@@H](O)[C@H](O)[C@H]1N1C(=O)c2ccccc2C1=O,A8AA63B8
546,"Carbohydrate Research (2003), 338(12), 1313-1318",期刊,2003,31-013-CAS-8286031,O(C(C)=O)[C@@H]1[C@H]([C@H](SC(C)C)O[C@H](CO[Si](C(C)(C)C)(C)C)[C@H]1OC(C)=O)N2C(=O)C=3C(C2=O)=CC=CC3,thioglycoside,O=C1N(C(=O)C=2C1=CC=CC2)[C@H]3[C@H](OCCCCCCCC)O[C@H](CO[Si](C(C)(C)C)(C)C)[C@@H](O)[C@@H]3O,Dichloromethane,ClCCl,1,N-Iodosuccinimide,O=C1N(I)C(=O)CC1,1,-20.0,1,60.0,1,b,1,CC(=O)O[C@H]1[C@H](OC(C)=O)[C@@H](CO[Si](C)(C)C(C)(C)C)O[C@@H](SC(C)C)[C@@H]1N1C(=O)c2ccccc2C1=O,CCCCCCCCO[C@@H]1O[C@H](CO[Si](C)(C)C(C)(C)C)[C@@H](O)[C@H](O)[C@H]1N1C(=O)c2ccccc2C1=O,DE975993
547,"Carbohydrate Research (1996), 280(2), 251-60",期刊,1996,31-013-CAS-1342962,O(C(C)=O)[C@@H]1[C@H]([C@H](SCC)O[C@H](COC(C)=O)[C@H]1OC(C)=O)N2C(=O)C=3C(C2=O)=CC=CC3,thioglycoside,O=C1N(C(=O)C=2C1=CC=CC2)[C@H]3[C@H](OCC[Si](C)(C)C)O[C@H](COCC4=CC=CC=C4)[C@@H](O)[C@@H]3O,Dichloromethane,ClCCl,1,Silver triflate,[Ag].O=S(=O)(O)C(F)(F)F,1,,0,,0,b,1,CCS[C@@H]1O[C@H](COC(C)=O)[C@@H](OC(C)=O)[C@H](OC(C)=O)[C@H]1N1C(=O)c2ccccc2C1=O,C[Si](C)(C)CCO[C@@H]1O[C@H](COCc2ccccc2)[C@@H](O)[C@H](O)[C@H]1N1C(=O)c2ccccc2C1=O,35AF2F45
548,"Chemistry - A European Journal (2017), 23(44), 10670-10677",期刊,2017,31-013-CAS-17791369,S([C@@H]1[C@]2([C@]([C@@H](O[Si](C(C)(C)C)(C)C)[C@@H](COCC3=CC=CC=C3)O1)(OC(=O)N2C(C)=O)[H])[H])C4=CC=C(C)C=C4,thioglycoside,O([C@@H]1[C@]2([C@]([C@@H](OCC=C)O[C@@H]1COCC3=CC=CC=C3)(N(C(C)=O)C(=O)O2)[H])[H])[C@@H]4[C@]5([C@]([C@@H](O)[C@@H](COCC6=CC=CC=C6)O4)(OC(=O)N5C(C)=O)[H])[H],Dichloromethane;Toluene,ClCCl;C=1C=CC(=CC1)C,1,Tosyl chloride,O=S(=O)(Cl)C1=CC=C(C=C1)C,1,-72.0,1,120.0,1,a,0,CC(=O)N1C(=O)O[C@H]2[C@@H](O[Si](C)(C)C(C)(C)C)[C@@H](COCc3ccccc3)O[C@H](Sc3ccc(C)cc3)[C@@H]21,C=CCO[C@H]1O[C@H](COCc2ccccc2)[C@H](O[C@H]2O[C@H](COCc3ccccc3)[C@H](O)[C@@H]3OC(=O)N(C(C)=O)[C@@H]23)[C@@H]2OC(=O)N(C(C)=O)[C@@H]12,7D4466F7
549,"World Intellectual Property Organization, WO2019136399 A1 2019-07-11",专利,2019,31-013-CAS-21555453,O([Si](C(C)C)(C(C)C)C(C)C)[C@H]1[C@]2([C@](O[C@H](SCC)[C@H]1OCC3=CC4=C(C=C3)C=CC=C4)(COC5(O2)CCCCC5)[H])[H],thioglycoside,O(CC1=CC=CC=C1)[C@@H]2[C@H]([C@H](OCCCC)O[C@H](COCC3=CC=CC=C3)[C@H]2O)N4C(=O)C=5C(C4=O)=CC=CC5,Acetonitrile,N#CC,1,Potassium carbonate,[K].O=C(O)O,1,25.0,1,300.0,1,b,1,CCS[C@H]1O[C@@H]2COC3(CCCCC3)O[C@H]2[C@H](O[Si](C(C)C)(C(C)C)C(C)C)[C@@H]1OCc1ccc2ccccc2c1,CCCCO[C@@H]1O[C@H](COCc2ccccc2)[C@@H](O)[C@H](OCc2ccccc2)[C@H]1N1C(=O)c2ccccc2C1=O,ECCF719E
550,"Chemistry - A European Journal (2017), 23(44), 10670-10677",期刊,2017,31-013-CAS-17791387,S([C@@H]1[C@]2([C@]([C@@H](O[Si](C(C)(C)C)(C)C)[C@@H](COCC3=CC=CC=C3)O1)(OC(=O)N2C(C)=O)[H])[H])C4=CC=C(C)C=C4,thioglycoside,O([C@@H]1[C@]2([C@]([C@@H](OCC#C)O[C@@H]1COCC3=CC=CC=C3)(N(C(C)=O)C(=O)O2)[H])[H])[C@@H]4[C@]5([C@]([C@@H](O)[C@@H](COCC6=CC=CC=C6)O4)(OC(=O)N5C(C)=O)[H])[H],Dichloromethane;Toluene,ClCCl;C=1C=CC(=CC1)C,1,Tosyl chloride,O=S(=O)(Cl)C1=CC=C(C=C1)C,1,-72.0,1,120.0,1,a,0,CC(=O)N1C(=O)O[C@H]2[C@@H](O[Si](C)(C)C(C)(C)C)[C@@H](COCc3ccccc3)O[C@H](Sc3ccc(C)cc3)[C@@H]21,C#CCO[C@H]1O[C@H](COCc2ccccc2)[C@H](O[C@H]2O[C@H](COCc3ccccc3)[C@H](O)[C@@H]3OC(=O)N(C(C)=O)[C@@H]23)[C@@H]2OC(=O)N(C(C)=O)[C@@H]12,D3790ADC
551,"World Intellectual Property Organization, WO2010104192 A1 2010-09-16",专利,2010,31-013-CAS-12676411,O(CC1=CC=CC=C1)[C@H]2[C@H](OC(C)=O)[C@@H](CN3C(=O)C=4C(C3=O)=CC=CC4)O[C@@H](SC5=CC=CC=C5)[C@@H]2N=[N+]=[N-],thioglycoside,O([C@H]1[C@H](OCC2=CC=CC=C2)[C@@H](N=[N+]=[N-])[C@@H](O[C@H]3[C@H](OCC4=CC=CC=C4)[C@@H](N=[N+]=[N-])[C@@H](OC)O[C@@H]3CN=[N+]=[N-])O[C@@H]1CN5C(=O)C=6C(C5=O)=CC=CC6)[C@@H]7[C@H](N=[N+]=[N-])[C@@H](OCC8=CC=CC=C8)[C@H](O)[C@@H](CN9C(=O)C=%10C(C9=O)=CC=CC%10)O7,Dichloromethane;Toluene,ClCCl;C=1C=CC(=CC1)C,1,Trifluoromethanesulfonic acid,O=S(=O)(O)C(F)(F)F,1,0.0,1,60.0,1,a,0,CC(=O)O[C@H]1[C@H](OCc2ccccc2)[C@@H](N=[N+]=[N-])[C@H](Sc2ccccc2)O[C@@H]1CN1C(=O)c2ccccc2C1=O,CO[C@H]1O[C@H](CN=[N+]=[N-])[C@@H](O[C@H]2O[C@H](CN3C(=O)c4ccccc4C3=O)[C@@H](O[C@H]3O[C@H](CN4C(=O)c5ccccc5C4=O)[C@@H](O)[C@H](OCc4ccccc4)[C@H]3N=[N+]=[N-])[C@H](OCc3ccccc3)[C@H]2N=[N+]=[N-])[C@H](OCc2ccccc2)[C@H]1N=[N+]=[N-],5B1CD1FB
552,"Chinese Journal of Chemistry (2008), 26(8), 1519-1522",期刊,2008,31-013-CAS-1549204,O(C(C)=O)[C@@H]1[C@H]([C@H](SC2=CC=CC=C2)O[C@]3([C@]1(O[C@@H](OC3)C4=CC=CC=C4)[H])[H])N5C(=O)C=6C(C5=O)=CC=CC6,thioglycoside,O(C(C)=O)[C@@H]1[C@H]([C@H](OC)O[C@H](COCC2=CC=CC=C2)[C@H]1O)N3C(=O)C=4C(C3=O)=CC=CC4,Dichloromethane,ClCCl,1,Trifluoromethanesulfonic acid,O=S(=O)(O)C(F)(F)F,1,25.0,1,,0,b,1,CC(=O)O[C@H]1[C@@H]2O[C@H](c3ccccc3)OC[C@H]2O[C@@H](Sc2ccccc2)[C@@H]1N1C(=O)c2ccccc2C1=O,CO[C@@H]1O[C@H](COCc2ccccc2)[C@@H](O)[C@H](OC(C)=O)[C@H]1N1C(=O)c2ccccc2C1=O,E542C2AB
553,"Journal of Medicinal Chemistry (2013), 56(3), 1350-1354",期刊,2013,31-013-CAS-1457571,O(CC1=CC=C(OC2=CC=CC=C2)C=C1)[C@H]3[C@@H](OC(C)=O)[C@@H](COC(C)=O)O[C@@H](SC)[C@@H]3OC(C)=O,thioglycoside,O=C1N(C(=O)C=2C1=CC=CC2)[C@H]3[C@H](OCCCN=[N+]=[N-])O[C@H](COC(C)=O)[C@@H](O)[C@@H]3O,Dichloromethane,ClCCl,1,N-Iodosuccinimide,O=C1N(I)C(=O)CC1,1,-50.0,1,15.0,1,b,1,CS[C@@H]1O[C@H](COC(C)=O)[C@H](OC(C)=O)[C@H](OCc2ccc(Oc3ccccc3)cc2)[C@H]1OC(C)=O,CC(=O)OC[C@H]1O[C@@H](OCCCN=[N+]=[N-])[C@H](N2C(=O)c3ccccc3C2=O)[C@@H](O)[C@@H]1O,4BEB9214
554,"Journal of Organic Chemistry (2011), 76(15), 5895-5906",期刊,2011,31-013-CAS-13778249,O(CC1=CC=CC=C1)[C@H]2[C@H](OC(C)=O)[C@@H](CN3C(=O)C=4C(C3=O)=CC=CC4)O[C@@H](SC5=CC=CC=C5)[C@@H]2N=[N+]=[N-],thioglycoside,O([C@H]1[C@H](OCC2=CC=CC=C2)[C@@H](N=[N+]=[N-])[C@@H](O[C@H]3[C@H](OCC4=CC=CC=C4)[C@@H](N=[N+]=[N-])[C@@H](OC)O[C@@H]3CN=[N+]=[N-])O[C@@H]1CN5C(=O)C=6C(C5=O)=CC=CC6)[C@@H]7[C@H](N=[N+]=[N-])[C@@H](OCC8=CC=CC=C8)[C@H](O)[C@@H](CN9C(=O)C=%10C(C9=O)=CC=CC%10)O7,Dichloromethane;Diethyl ether,ClCCl;O(CC)CC,1,Trifluoromethanesulfonic acid,O=S(=O)(O)C(F)(F)F,1,0.0,1,60.0,1,a,0,CC(=O)O[C@H]1[C@H](OCc2ccccc2)[C@@H](N=[N+]=[N-])[C@H](Sc2ccccc2)O[C@@H]1CN1C(=O)c2ccccc2C1=O,CO[C@H]1O[C@H](CN=[N+]=[N-])[C@@H](O[C@H]2O[C@H](CN3C(=O)c4ccccc4C3=O)[C@@H](O[C@H]3O[C@H](CN4C(=O)c5ccccc5C4=O)[C@@H](O)[C@H](OCc4ccccc4)[C@H]3N=[N+]=[N-])[C@H](OCc3ccccc3)[C@H]2N=[N+]=[N-])[C@H](OCc2ccccc2)[C@H]1N=[N+]=[N-],5B1CD1FB
555,"Russian Chemical Bulletin (2015), 64(12), 2932-2941",期刊,2015,31-013-CAS-16396089,O(CC1=CC=CC=C1)[C@@H]2[C@H]([C@H](SCC)O[C@H](COCC3=CC=CC=C3)[C@H]2OC(C)=O)N4C(=O)C=5C(C4=O)=CC=CC5,thioglycoside,O([C@H]1[C@@H]([C@@H](OCC2=CC=CC=C2)[C@H](O)[C@@H](COCC3=CC=CC=C3)O1)N4C(=O)C=5C(C4=O)=CC=CC5)C6=CC=C(OC)C=C6,Dichloromethane,ClCCl,1,Trifluoromethanesulfonic acid,O=S(=O)(O)C(F)(F)F,1,-25.0,1,90.0,1,b,1,CCS[C@@H]1O[C@H](COCc2ccccc2)[C@@H](OC(C)=O)[C@H](OCc2ccccc2)[C@H]1N1C(=O)c2ccccc2C1=O,COc1ccc(O[C@@H]2O[C@H](COCc3ccccc3)[C@@H](O)[C@H](OCc3ccccc3)[C@H]2N2C(=O)c3ccccc3C2=O)cc1,D27B1F10
556,"Chemistry - A European Journal (2011), 17(51), 14518-14526, S14518/1-S14518/35",期刊,2011,31-013-CAS-7432441,S([C@@H]1[C@]2([C@]([C@@H](O[Si](C(C)(C)C)(C)C)[C@@H](COCC3=CC=CC=C3)O1)(OC(=O)N2C(C)=O)[H])[H])C4=CC=C(C)C=C4,thioglycoside,O([C@@H]1[C@]2([C@]([C@@H](O[C@@H]3[C@]4([C@]([C@@H](O)[C@@H](COCC5=CC=CC=C5)O3)(OC(=O)N4C(C)=O)[H])[H])[C@@H](COCC6=CC=CC=C6)O1)(OC(=O)N2C(C)=O)[H])[H])[C@@H]7[C@]8([C@]([C@@H](OC)O[C@@H]7COCC9=CC=CC=C9)(N(C(C)=O)C(=O)O8)[H])[H],Dichloromethane,ClCCl,1,Triethylamine,N(CC)(CC)CC,1,-72.0,1,5.0,1,a,0,CC(=O)N1C(=O)O[C@H]2[C@@H](O[Si](C)(C)C(C)(C)C)[C@@H](COCc3ccccc3)O[C@H](Sc3ccc(C)cc3)[C@@H]21,CO[C@H]1O[C@H](COCc2ccccc2)[C@H](O[C@H]2O[C@H](COCc3ccccc3)[C@H](O[C@H]3O[C@H](COCc4ccccc4)[C@H](O)[C@@H]4OC(=O)N(C(C)=O)[C@@H]34)[C@@H]3OC(=O)N(C(C)=O)[C@@H]23)[C@@H]2OC(=O)N(C(C)=O)[C@@H]12,A7E1C5F2
557,"Organic & Biomolecular Chemistry (2012), 10(15), 3019-3032",期刊,2012,31-013-CAS-10137508,O(C(C)=O)[C@@H]1[C@H]([C@H](SCC)O[C@H](COC(C)=O)[C@H]1OC(C)=O)N2C(=O)C=3C(C2=O)=CC=CC3,thioglycoside,O(CC1=CC=CC=C1)[C@@H]2[C@H]([C@H](OC)O[C@H](COCC3=CC=CC=C3)[C@H]2O)N4C(=O)C=5C(C4=O)=CC=CC5,Dichloromethane,ClCCl,1,N-Iodosuccinimide,O=C1N(I)C(=O)CC1,1,25.0,1,60.0,1,b,1,CCS[C@@H]1O[C@H](COC(C)=O)[C@@H](OC(C)=O)[C@H](OC(C)=O)[C@H]1N1C(=O)c2ccccc2C1=O,CO[C@@H]1O[C@H](COCc2ccccc2)[C@@H](O)[C@H](OCc2ccccc2)[C@H]1N1C(=O)c2ccccc2C1=O,8C730397
558,"Nature Protocols (2013), 8(10), 1870-1889",期刊,2013,31-013-CAS-8252853,O(C(=O)C1=CC=CC=C1)[C@H]2[C@H]([C@@H](C)O[C@@H](SC3=CC=CC=C3)[C@@H]2N=[N+]=[N-])N4C(=O)C=5C(C4=O)=CC=CC5,thioglycoside,[Si](OC[C@H]1O[C@@H](SC2=CC=CC=C2)[C@H](N=[N+]=[N-])[C@@H](OC(C)=O)[C@H]1O)(C(C)(C)C)(C3=CC=CC=C3)C4=CC=CC=C4,Dichloromethane,ClCCl,1,Bromine,BrBr,1,-30.0,1,120.0,1,a,0,C[C@H]1O[C@@H](Sc2ccccc2)[C@H](N=[N+]=[N-])[C@@H](OC(=O)c2ccccc2)[C@H]1N1C(=O)c2ccccc2C1=O,CC(=O)O[C@H]1[C@@H](O)[C@@H](CO[Si](c2ccccc2)(c2ccccc2)C(C)(C)C)O[C@@H](Sc2ccccc2)[C@@H]1N=[N+]=[N-],7D5FFD76
559,"Organic & Biomolecular Chemistry (2013), 11(29), 4825-4830",期刊,2013,31-013-CAS-5882,O(C(=O)C1=CC=CC=C1)[C@H]2[C@H]([C@@H](C)O[C@@H](SC3=CC=CC=C3)[C@@H]2N=[N+]=[N-])N4C(=O)C=5C(C4=O)=CC=CC5,thioglycoside,[Si](OC[C@H]1O[C@@H](SC2=CC=CC=C2)[C@H](N=[N+]=[N-])[C@@H](OC(C)=O)[C@H]1O)(C(C)(C)C)(C3=CC=CC=C3)C4=CC=CC=C4,Dichloromethane,ClCCl,1,Bromine,BrBr,1,0.0,1,90.0,1,a,0,C[C@H]1O[C@@H](Sc2ccccc2)[C@H](N=[N+]=[N-])[C@@H](OC(=O)c2ccccc2)[C@H]1N1C(=O)c2ccccc2C1=O,CC(=O)O[C@H]1[C@@H](O)[C@@H](CO[Si](c2ccccc2)(c2ccccc2)C(C)(C)C)O[C@@H](Sc2ccccc2)[C@@H]1N=[N+]=[N-],7D5FFD76
560,"World Intellectual Property Organization, WO2024208383 A1 2024-10-10",专利,2024,31-614-CAS-43414513,N(=[N+]=[N-])[C@@H]1[C@@H](OC(C)=O)[C@H](SC2=CC=CC=C2)O[C@H](COC(C)=O)[C@@H]1OC(C)=O,thioglycoside,O(CC1=CC=CC=C1)[C@@H]2[C@H]([C@H](OC)O[C@H](COCC3=CC=CC=C3)[C@H]2O)N4C(=O)C=5C(C4=O)=CC=CC5,Dichloromethane;Toluene,ClCCl;C=1C=CC(=CC1)C,1,N-Iodosuccinimide,O=C1N(I)C(=O)CC1,1,25.0,1,60.0,1,b,1,CC(=O)OC[C@H]1O[C@@H](Sc2ccccc2)[C@H](OC(C)=O)[C@@H](N=[N+]=[N-])[C@H]1OC(C)=O,CO[C@@H]1O[C@H](COCc2ccccc2)[C@@H](O)[C@H](OCc2ccccc2)[C@H]1N1C(=O)c2ccccc2C1=O,07B27AE9
561,"Organic & Biomolecular Chemistry (2015), 13(36), 9504-9515",期刊,2015,31-013-CAS-3582973,O(CC1=CC=CC=C1)[C@@H]2[C@@H]([C@@H](SC3=CC=CC=C3)O[C@H](CN=[N+]=[N-])[C@H]2OC(C)=O)N4C(=O)C=5C(C4=O)=CC=CC5,thioglycoside,O([C@@H]1[C@H]([C@@H](OCC2=CC=CC=C2)[C@H](O)[C@@H](CN=[N+]=[N-])O1)N3C(=O)C=4C(C3=O)=CC=CC4)[C@H]5[C@H](OCC6=CC=CC=C6)[C@@H]([C@@H](OC)O[C@@H]5CN=[N+]=[N-])N7C(=O)C=8C(C7=O)=CC=CC8,Dichloromethane;Diethyl ether,ClCCl;O(CC)CC,1,Trifluoromethanesulfonic acid,O=S(=O)(O)C(F)(F)F,1,0.0,1,90.0,1,a,0,CC(=O)O[C@H]1[C@H](OCc2ccccc2)[C@H](N2C(=O)c3ccccc3C2=O)[C@@H](Sc2ccccc2)O[C@@H]1CN=[N+]=[N-],CO[C@H]1O[C@H](CN=[N+]=[N-])[C@@H](O[C@H]2O[C@H](CN=[N+]=[N-])[C@@H](O)[C@H](OCc3ccccc3)[C@@H]2N2C(=O)c3ccccc3C2=O)[C@H](OCc2ccccc2)[C@@H]1N1C(=O)c2ccccc2C1=O,5EE5CCBC
562,"Japan, JP2024178476 A 2024-12-25",专利,2024,31-614-CAS-44431802,O(CC1=CC=CC=C1)[C@H]2[C@]3([C@](O[C@H](SC4=CC(C(C)(C)C)=CC=C4C)[C@H]2OCC5=CC=CC=C5)(CO[C@H](O3)C6=CC=CC=C6)[H])[H],thioglycoside,O(CC1=CC=CC=C1)[C@@H]2[C@H]([C@H](OCC3=CC=CC=C3)O[C@H](COCC4=CC=CC=C4)[C@H]2O)N5C(=O)C=6C(C5=O)=CC=CC6,Dichloromethane,ClCCl,1,1-(Phenylsulfonyl)piperidine,O=S(=O)(C=1C=CC=CC1)N2CCCCC2,1,-60.0,1,15.0,1,b,1,Cc1ccc(C(C)(C)C)cc1S[C@H]1O[C@@H]2CO[C@@H](c3ccccc3)O[C@H]2[C@H](OCc2ccccc2)[C@@H]1OCc1ccccc1,O=C1c2ccccc2C(=O)N1[C@H]1[C@H](OCc2ccccc2)O[C@H](COCc2ccccc2)[C@@H](O)[C@@H]1OCc1ccccc1,5EC070A7
563,"World Intellectual Property Organization, WO2023054285 A1 2023-04-06",专利,2023,31-614-CAS-36594426,O(CC1=CC=CC=C1)[C@H]2[C@]3([C@](O[C@H](SC4=CC(C(C)(C)C)=CC=C4C)[C@H]2OCC5=CC=CC=C5)(CO[C@H](O3)C6=CC=CC=C6)[H])[H],thioglycoside,O(CC1=CC=CC=C1)[C@@H]2[C@H]([C@H](OCC3=CC=CC=C3)O[C@H](COCC4=CC=CC=C4)[C@H]2O)N5C(=O)C=6C(C5=O)=CC=CC6,Dichloromethane,ClCCl,1,1-(Phenylsulfonyl)piperidine,O=S(=O)(C=1C=CC=CC1)N2CCCCC2,1,-60.0,1,15.0,1,b,1,Cc1ccc(C(C)(C)C)cc1S[C@H]1O[C@@H]2CO[C@@H](c3ccccc3)O[C@H]2[C@H](OCc2ccccc2)[C@@H]1OCc1ccccc1,O=C1c2ccccc2C(=O)N1[C@H]1[C@H](OCc2ccccc2)O[C@H](COCc2ccccc2)[C@@H](O)[C@@H]1OCc1ccccc1,5EC070A7
564,"World Intellectual Property Organization, WO2021193951 A1 2021-09-30",专利,2021,31-614-CAS-24503700,O(CC1=CC=CC=C1)[C@H]2[C@]3([C@](O[C@H](SC4=CC(C(C)(C)C)=CC=C4C)[C@H]2OCC5=CC=CC=C5)(CO[C@H](O3)C6=CC=CC=C6)[H])[H],thioglycoside,O(CC1=CC=CC=C1)[C@@H]2[C@H]([C@H](OCC3=CC=CC=C3)O[C@H](COCC4=CC=CC=C4)[C@H]2O)N5C(=O)C=6C(C5=O)=CC=CC6,Dichloromethane,ClCCl,1,Triethylamine,N(CC)(CC)CC,1,-60.0,1,15.0,1,b,1,Cc1ccc(C(C)(C)C)cc1S[C@H]1O[C@@H]2CO[C@@H](c3ccccc3)O[C@H]2[C@H](OCc2ccccc2)[C@@H]1OCc1ccccc1,O=C1c2ccccc2C(=O)N1[C@H]1[C@H](OCc2ccccc2)O[C@H](COCc2ccccc2)[C@@H](O)[C@@H]1OCc1ccccc1,5EC070A7
565,"Collection of Czechoslovak Chemical Communications (1998), 63(4), 577-589",期刊,1998,31-013-CAS-4617113,O(CC1=CC=CC=C1)[C@@H]2[C@H]([C@H](SCC)O[C@H](COCC3=CC=CC=C3)[C@H]2OCC4=CC=CC=C4)N5C(=O)C=6C(C5=O)=CC=CC6,thioglycoside,N(C(C)=O)[C@@H]1[C@@H](OCC=C)[C@H](O)[C@@H](COCC2=CC=CC=C2)O[C@@H]1OCC3=CC=CC=C3,Dichloromethane,ClCCl,1,Methyl triflate,O=S(=O)(OC)C(F)(F)F,1,,0,,0,b,1,CCS[C@@H]1O[C@H](COCc2ccccc2)[C@@H](OCc2ccccc2)[C@H](OCc2ccccc2)[C@H]1N1C(=O)c2ccccc2C1=O,C=CCO[C@H]1[C@H](O)[C@@H](COCc2ccccc2)O[C@H](OCc2ccccc2)[C@@H]1NC(C)=O,A216E3F9
566,"Organic Chemistry Frontiers (2018), 5(14), 2179-2188",期刊,2018,31-614-CAS-35071256,S([C@@H]1[C@]2([C@]([C@@H](O[Si](C(C)(C)C)(C)C)[C@@H](COCC3=CC=CC=C3)O1)(OC(=O)N2C(C)=O)[H])[H])C4=CC=C(C)C=C4,thioglycoside,O([C@@H]1[C@]2([C@]([C@@H](O[C@@H]3[C@]4([C@]([C@@H](O)[C@@H](COCC5=CC=CC=C5)O3)(OC(=O)N4C(C)=O)[H])[H])[C@@H](COCC6=CC=CC=C6)O1)(OC(=O)N2C(C)=O)[H])[H])[C@@H]7[C@]8([C@]([C@@H](O[C@@H]9[C@]%10([C@]([C@@H](OC)O[C@@H]9COCC%11=CC=CC=C%11)(N(C(C)=O)C(=O)O%10)[H])[H])O[C@@H]7COCC%12=CC=CC=C%12)(N(C(C)=O)C(=O)O8)[H])[H],Dichloromethane;Toluene,ClCCl;C=1C=CC(=CC1)C,1,Triethylamine,N(CC)(CC)CC,1,-72.0,1,5.0,1,a,0,CC(=O)N1C(=O)O[C@H]2[C@@H](O[Si](C)(C)C(C)(C)C)[C@@H](COCc3ccccc3)O[C@H](Sc3ccc(C)cc3)[C@@H]21,CO[C@H]1O[C@H](COCc2ccccc2)[C@H](O[C@H]2O[C@H](COCc3ccccc3)[C@H](O[C@H]3O[C@H](COCc4ccccc4)[C@H](O[C@H]4O[C@H](COCc5ccccc5)[C@H](O)[C@@H]5OC(=O)N(C(C)=O)[C@@H]45)[C@@H]4OC(=O)N(C(C)=O)[C@@H]34)[C@@H]3OC(=O)N(C(C)=O)[C@@H]23)[C@@H]2OC(=O)N(C(C)=O)[C@@H]12,A2100865
567,"Carbohydrate Research (2019), 483, 107743",期刊,2019,31-013-CAS-20519347,O(CC1=CC=CC=C1)[C@@H]2[C@@H](OC(=O)C3=CC=CC=C3)[C@H](SC4=NC=5C(O4)=CC=CC5)O[C@H](COCC6=CC=CC=C6)[C@@H]2OCC7=CC=CC=C7,thioglycoside,O(CC1=CC=CC=C1)[C@@H]2[C@H]([C@H](SCC)O[C@H](COCC3=CC=CC=C3)[C@H]2O)N4C(=O)C=5C(C4=O)=CC=CC5,Dichloromethane,ClCCl,1,Trifluoroacetic acid,O=C(O)C(F)(F)F,1,25.0,1,120.0,1,b,1,O=C(O[C@@H]1[C@@H](OCc2ccccc2)[C@@H](OCc2ccccc2)[C@@H](COCc2ccccc2)O[C@H]1Sc1nc2ccccc2o1)c1ccccc1,CCS[C@@H]1O[C@H](COCc2ccccc2)[C@@H](O)[C@H](OCc2ccccc2)[C@H]1N1C(=O)c2ccccc2C1=O,3BD02166
568,"Chemistry - A European Journal (2018), 24(16), 4181-4187",期刊,2018,31-013-CAS-22357476,C(OC(O[C@@H]1[C@H](OCC2=CC=CC=C2)[C@@H](OCC3=CC=CC=C3)[C@H](C)O[C@H]1SC4=CC=C(C)C=C4)=O)C5C=6C(C=7C5=CC=CC7)=CC=CC6,thioglycoside,N(C(C(Cl)(Cl)Cl)=O)[C@@H]1[C@@H](OCC2=CC3=C(C=C2)C=CC=C3)[C@@H](O)[C@@H](COCC4=CC=CC=C4)O[C@H]1OCCCCCN(CC5=CC=CC=C5)C(OCC6=CC=CC=C6)=O,Dichloromethane,ClCCl,1,Trifluoromethanesulfonic acid,O=S(=O)(O)C(F)(F)F,1,25.0,1,60.0,1,a,0,Cc1ccc(S[C@@H]2O[C@@H](C)[C@H](OCc3ccccc3)[C@@H](OCc3ccccc3)[C@H]2OC(=O)OCC2c3ccccc3-c3ccccc32)cc1,O=C(OCc1ccccc1)N(CCCCCO[C@@H]1O[C@H](COCc2ccccc2)[C@H](O)[C@H](OCc2ccc3ccccc3c2)[C@H]1NC(=O)C(Cl)(Cl)Cl)Cc1ccccc1,00D8B89D
569,"Carbohydrate Research (2002), 337(21-23), 2127-2151",期刊,2002,31-013-CAS-103043,O(CC1=CC=CC=C1)[C@H]2[C@@H](OCC3=CC=CC=C3)[C@@H](COCC4=CC=CC=C4)O[C@@H](SCC)[C@@H]2OC(C)=O,thioglycoside,O(CC1=CC=CC=C1)[C@@H]2[C@H]([C@H](OCCCCCCCC)O[C@H](COCC3=CC=CC=C3)[C@H]2O)N4C(=O)C=5C(C4=O)=CC=CC5,Dichloromethane,ClCCl,1,N-Iodosuccinimide,O=C1N(I)C(=O)CC1,1,0.0,1,,0,b,1,CCS[C@@H]1O[C@H](COCc2ccccc2)[C@H](OCc2ccccc2)[C@H](OCc2ccccc2)[C@H]1OC(C)=O,CCCCCCCCO[C@@H]1O[C@H](COCc2ccccc2)[C@@H](O)[C@H](OCc2ccccc2)[C@H]1N1C(=O)c2ccccc2C1=O,E0F0BA2E
570,"Chemistry - A European Journal (2017), 23(44), 10670-10677",期刊,2017,31-013-CAS-17791371,S([C@@H]1[C@]2([C@]([C@@H](O[Si](C(C)(C)C)(C)C)[C@@H](COCC3=CC=CC=C3)O1)(OC(=O)N2C(C)=O)[H])[H])C4=CC=C(C)C=C4,thioglycoside,O([C@@H]1[C@]2([C@]([C@@H](O[C@@H]3[C@]4([C@]([C@@H](O)[C@@H](COCC5=CC=CC=C5)O3)(OC(=O)N4C(C)=O)[H])[H])[C@@H](COCC6=CC=CC=C6)O1)(OC(=O)N2C(C)=O)[H])[H])[C@@H]7[C@]8([C@]([C@@H](OCC=C)O[C@@H]7COCC9=CC=CC=C9)(N(C(C)=O)C(=O)O8)[H])[H],Dichloromethane;Toluene,ClCCl;C=1C=CC(=CC1)C,1,Tosyl chloride,O=S(=O)(Cl)C1=CC=C(C=C1)C,1,-72.0,1,120.0,1,a,0,CC(=O)N1C(=O)O[C@H]2[C@@H](O[Si](C)(C)C(C)(C)C)[C@@H](COCc3ccccc3)O[C@H](Sc3ccc(C)cc3)[C@@H]21,C=CCO[C@H]1O[C@H](COCc2ccccc2)[C@H](O[C@H]2O[C@H](COCc3ccccc3)[C@H](O[C@H]3O[C@H](COCc4ccccc4)[C@H](O)[C@@H]4OC(=O)N(C(C)=O)[C@@H]34)[C@@H]3OC(=O)N(C(C)=O)[C@@H]23)[C@@H]2OC(=O)N(C(C)=O)[C@@H]12,9241E6A1
571,"Journal of Carbohydrate Chemistry (2002), 21(5), 385-409",期刊,2002,31-013-CAS-10626850,O([C@@]1(C(OC)=O)O[C@@]([C@@H]([C@@H](COC(C)=O)OC(C)=O)OC(C)=O)([C@H](NC(C)=O)[C@@H](OC(C)=O)C1)[H])[C@H]2[C@@H](OC(=O)C3=CC=CC=C3)[C@@H](COC(=O)C4=CC=CC=C4)O[C@@H](SC)[C@@H]2OC(=O)C5=CC=CC=C5,thioglycoside,O([C@@H]1[C@@H](OCC2=CC=CC=C2)[C@H](O[C@H]3[C@H](OCC4=CC=CC=C4)[C@@H](OCC5=CC=CC=C5)[C@H](OCC[Si](C)(C)C)O[C@@H]3COCC6=CC=CC=C6)O[C@H](COCC7=CC=CC=C7)[C@@H]1OCC8=CC=CC=C8)[C@H]9[C@@H](NC(C)=O)[C@@H](OCC%10=CC=CC=C%10)[C@H](O)[C@@H](COCC%11=CC=CC=C%11)O9,Dichloromethane,ClCCl,1,Triethylamine,N(CC)(CC)CC,1,25.0,1,360.0,1,b,1,COC(=O)[C@@]1(O[C@H]2[C@@H](OC(=O)c3ccccc3)[C@@H](COC(=O)c3ccccc3)O[C@@H](SC)[C@@H]2OC(=O)c2ccccc2)C[C@H](OC(C)=O)[C@@H](NC(C)=O)[C@H]([C@H](OC(C)=O)[C@@H](COC(C)=O)OC(C)=O)O1,CC(=O)N[C@@H]1[C@H](O[C@H]2[C@@H](OCc3ccccc3)[C@@H](COCc3ccccc3)O[C@@H](O[C@H]3[C@H](OCc4ccccc4)[C@@H](OCc4ccccc4)[C@H](OCC[Si](C)(C)C)O[C@@H]3COCc3ccccc3)[C@@H]2OCc2ccccc2)O[C@H](COCc2ccccc2)[C@@H](O)[C@@H]1OCc1ccccc1,8E4C2292
572,"Organic Chemistry Frontiers (2018), 5(14), 2179-2188",期刊,2018,31-614-CAS-35071257,S([C@@H]1[C@]2([C@]([C@@H](O[Si](C(C)(C)C)(C)C)[C@@H](COCC3=CC=CC=C3)O1)(OC(=O)N2C(C)=O)[H])[H])C4=CC=C(C)C=C4,thioglycoside,O([C@@H]1[C@]2([C@]([C@@H](O[C@@H]3[C@]4([C@]([C@@H](O[C@@H]5[C@]6([C@]([C@@H](O)[C@@H](COCC7=CC=CC=C7)O5)(OC(=O)N6C(C)=O)[H])[H])[C@@H](COCC8=CC=CC=C8)O3)(OC(=O)N4C(C)=O)[H])[H])[C@@H](COCC9=CC=CC=C9)O1)(OC(=O)N2C(C)=O)[H])[H])[C@@H]%10[C@]%11([C@]([C@@H](O[C@@H]%12[C@]%13([C@]([C@@H](OC)O[C@@H]%12COCC%14=CC=CC=C%14)(N(C(C)=O)C(=O)O%13)[H])[H])O[C@@H]%10COCC%15=CC=CC=C%15)(N(C(C)=O)C(=O)O%11)[H])[H],Dichloromethane;Toluene,ClCCl;C=1C=CC(=CC1)C,1,Triethylamine,N(CC)(CC)CC,1,-72.0,1,5.0,1,a,0,CC(=O)N1C(=O)O[C@H]2[C@@H](O[Si](C)(C)C(C)(C)C)[C@@H](COCc3ccccc3)O[C@H](Sc3ccc(C)cc3)[C@@H]21,CO[C@H]1O[C@H](COCc2ccccc2)[C@H](O[C@H]2O[C@H](COCc3ccccc3)[C@H](O[C@H]3O[C@H](COCc4ccccc4)[C@H](O[C@H]4O[C@H](COCc5ccccc5)[C@H](O[C@H]5O[C@H](COCc6ccccc6)[C@H](O)[C@@H]6OC(=O)N(C(C)=O)[C@@H]56)[C@@H]5OC(=O)N(C(C)=O)[C@@H]45)[C@@H]4OC(=O)N(C(C)=O)[C@@H]34)[C@@H]3OC(=O)N(C(C)=O)[C@@H]23)[C@@H]2OC(=O)N(C(C)=O)[C@@H]12,EFDF69E1
573,"Chemistry - A European Journal (2017), 23(44), 10670-10677",期刊,2017,31-013-CAS-17791389,S([C@@H]1[C@]2([C@]([C@@H](O[Si](C(C)(C)C)(C)C)[C@@H](COCC3=CC=CC=C3)O1)(OC(=O)N2C(C)=O)[H])[H])C4=CC=C(C)C=C4,thioglycoside,O([C@@H]1[C@]2([C@]([C@@H](O[C@@H]3[C@]4([C@]([C@@H](O)[C@@H](COCC5=CC=CC=C5)O3)(OC(=O)N4C(C)=O)[H])[H])[C@@H](COCC6=CC=CC=C6)O1)(OC(=O)N2C(C)=O)[H])[H])[C@@H]7[C@]8([C@]([C@@H](OCC#C)O[C@@H]7COCC9=CC=CC=C9)(N(C(C)=O)C(=O)O8)[H])[H],Dichloromethane;Toluene,ClCCl;C=1C=CC(=CC1)C,1,Tosyl chloride,O=S(=O)(Cl)C1=CC=C(C=C1)C,1,-72.0,1,120.0,1,a,0,CC(=O)N1C(=O)O[C@H]2[C@@H](O[Si](C)(C)C(C)(C)C)[C@@H](COCc3ccccc3)O[C@H](Sc3ccc(C)cc3)[C@@H]21,C#CCO[C@H]1O[C@H](COCc2ccccc2)[C@H](O[C@H]2O[C@H](COCc3ccccc3)[C@H](O[C@H]3O[C@H](COCc4ccccc4)[C@H](O)[C@@H]4OC(=O)N(C(C)=O)[C@@H]34)[C@@H]3OC(=O)N(C(C)=O)[C@@H]23)[C@@H]2OC(=O)N(C(C)=O)[C@@H]12,6EC41C5B
574,"Nature Chemistry (2016), 8(4), 338-346",期刊,2016,31-301-CAS-21409470,O(CC1=CC=C(OC)C=C1)[C@H]2[C@]3([C@](O[C@H](S(=O)C4=CC=C(C)C=C4)[C@H]2OCC5=CC=CC=C5)(CO[C@H](O3)C6=CC=CC=C6)[H])[H],thioglycoside,O(CC1=CC=CC=C1)[C@H]2[C@H]([C@H](OCC=C)O[C@H](COCC3=CC=CC=C3)[C@H]2O)N4C(=O)C=5C(C4=O)=CC=CC5,Dichloromethane,ClCCl,1,Triethylamine,N(CC)(CC)CC,1,-60.0,1,40.0,1,b,1,COc1ccc(CO[C@H]2[C@@H]3O[C@H](c4ccccc4)OC[C@H]3O[C@H](S(=O)c3ccc(C)cc3)[C@H]2OCc2ccccc2)cc1,C=CCO[C@@H]1O[C@H](COCc2ccccc2)[C@@H](O)[C@@H](OCc2ccccc2)[C@H]1N1C(=O)c2ccccc2C1=O,03B86B59
575,"United States, US11332490 B1 2022-05-17",专利,2022,31-614-CAS-32458042,[Si](OC[C@@H]1[C@@H](OCC2=CC3=C(C=C2)C=CC=C3)[C@H](OCC4=CC=C(Br)C=C4)[C@@H](N=[N+]=[N-])[C@@H](O[C@H]5[C@H](OCC6=CC=CC=C6)[C@@H](OC(=O)C7=CC=CC=C7)[C@H](SC8=CC=C(C)C=C8)O[C@H]5COC(C)=O)O1)(C(C)(C)C)(C9=CC=CC=C9)C%10=CC=CC=C%10,thioglycoside,[Si](OC[C@H]1O[C@H](O[C@H]2[C@H](OCC3=CC=CC=C3)[C@@H](OC(=O)C4=CC=CC=C4)[C@H](OCCCCCN(CC5=CC=CC=C5)C(OCC6=CC=CC=C6)=O)O[C@H]2COC(C)=O)[C@H](N=[N+]=[N-])[C@@H](OCC7=CC=C(Br)C=C7)[C@@H]1O)(C(C)(C)C)(C8=CC=CC=C8)C9=CC=CC=C9,Dichloromethane,ClCCl,1,Trifluoromethanesulfonic acid,O=S(=O)(O)C(F)(F)F,1,78.0,1,180.0,1,a,0,CC(=O)OC[C@@H]1O[C@@H](Sc2ccc(C)cc2)[C@H](OC(=O)c2ccccc2)[C@@H](OCc2ccccc2)[C@@H]1O[C@H]1O[C@H](CO[Si](c2ccccc2)(c2ccccc2)C(C)(C)C)[C@@H](OCc2ccc3ccccc3c2)[C@H](OCc2ccc(Br)cc2)[C@H]1N=[N+]=[N-],CC(=O)OC[C@@H]1O[C@@H](OCCCCCN(Cc2ccccc2)C(=O)OCc2ccccc2)[C@H](OC(=O)c2ccccc2)[C@@H](OCc2ccccc2)[C@@H]1O[C@H]1O[C@H](CO[Si](c2ccccc2)(c2ccccc2)C(C)(C)C)[C@@H](O)[C@H](OCc2ccc(Br)cc2)[C@H]1N=[N+]=[N-],4E5213A4
576,"Journal of the American Chemical Society (2020), 142(11), 5282-5292",期刊,2020,31-614-CAS-37587985,[Si](OC[C@@H]1[C@@H](OCC2=CC3=C(C=C2)C=CC=C3)[C@H](OCC4=CC=C(Br)C=C4)[C@@H](N=[N+]=[N-])[C@@H](O[C@H]5[C@H](OCC6=CC=CC=C6)[C@@H](OC(=O)C7=CC=CC=C7)[C@H](SC8=CC=C(C)C=C8)O[C@H]5COC(C)=O)O1)(C(C)(C)C)(C9=CC=CC=C9)C%10=CC=CC=C%10,thioglycoside,[Si](OC[C@H]1O[C@H](O[C@H]2[C@H](OCC3=CC=CC=C3)[C@@H](OC(=O)C4=CC=CC=C4)[C@H](OCCCCCN(CC5=CC=CC=C5)C(OCC6=CC=CC=C6)=O)O[C@H]2COC(C)=O)[C@H](N=[N+]=[N-])[C@@H](OCC7=CC=C(Br)C=C7)[C@@H]1O)(C(C)(C)C)(C8=CC=CC=C8)C9=CC=CC=C9,Dichloromethane,ClCCl,1,Trifluoromethanesulfonic acid,O=S(=O)(O)C(F)(F)F,1,25.0,1,30.0,1,a,0,CC(=O)OC[C@@H]1O[C@@H](Sc2ccc(C)cc2)[C@H](OC(=O)c2ccccc2)[C@@H](OCc2ccccc2)[C@@H]1O[C@H]1O[C@H](CO[Si](c2ccccc2)(c2ccccc2)C(C)(C)C)[C@@H](OCc2ccc3ccccc3c2)[C@H](OCc2ccc(Br)cc2)[C@H]1N=[N+]=[N-],CC(=O)OC[C@@H]1O[C@@H](OCCCCCN(Cc2ccccc2)C(=O)OCc2ccccc2)[C@H](OC(=O)c2ccccc2)[C@@H](OCc2ccccc2)[C@@H]1O[C@H]1O[C@H](CO[Si](c2ccccc2)(c2ccccc2)C(C)(C)C)[C@@H](O)[C@H](OCc2ccc(Br)cc2)[C@H]1N=[N+]=[N-],4E5213A4
577,"Carbohydrate Research (2002), 337(21-23), 2127-2151",期刊,2002,31-013-CAS-4366967,O(CC1=CC=CC=C1)[C@H]2[C@@H](OCC3=CC=CC=C3)[C@@H](COCC4=CC=CC=C4)O[C@@H](SCC)[C@@H]2OC(C)=O,thioglycoside,O(CC=C)[C@@H]1[C@H]([C@H](OCCCCCCCC)O[C@H](COCC2=CC=CC=C2)[C@H]1O)N3C(=O)C=4C(C3=O)=CC=CC4,Dichloromethane,ClCCl,1,N-Iodosuccinimide,O=C1N(I)C(=O)CC1,1,0.0,1,,0,b,1,CCS[C@@H]1O[C@H](COCc2ccccc2)[C@H](OCc2ccccc2)[C@H](OCc2ccccc2)[C@H]1OC(C)=O,C=CCO[C@H]1[C@H](O)[C@@H](COCc2ccccc2)O[C@@H](OCCCCCCCC)[C@@H]1N1C(=O)c2ccccc2C1=O,56143074
578,"Chemical Science (2016), 7(4), 2827-2831",期刊,2016,31-614-CAS-32798129,[Si](OC[C@@H]1[C@H](OC(C)=O)[C@H](OC(C)=O)[C@@H](OC(C)=O)[C@H](SC2=CC=C(C)C=C2)O1)(C(C)(C)C)(C3=CC=CC=C3)C4=CC=CC=C4,thioglycoside,O=C1N(C(=O)C=2C1=CC=CC2)[C@H]3[C@H](OCCCN=[N+]=[N-])O[C@H](COCC4=CC=CC=C4)[C@@H](O)[C@@H]3O,Dichloromethane,ClCCl,1,Trimethylsilyl triflate,O=S(=O)(O[Si](C)(C)C)C(F)(F)F,1,-40.0,1,60.0,1,b,1,CC(=O)O[C@H]1[C@@H](OC(C)=O)[C@@H](CO[Si](c2ccccc2)(c2ccccc2)C(C)(C)C)O[C@@H](Sc2ccc(C)cc2)[C@@H]1OC(C)=O,[N-]=[N+]=NCCCO[C@@H]1O[C@H](COCc2ccccc2)[C@@H](O)[C@H](O)[C@H]1N1C(=O)c2ccccc2C1=O,620BCFE5
579,"Journal of Carbohydrate Chemistry (1992), 11(5), 645-58",期刊,1992,31-013-CAS-13431087,O([C@@]1(C(OC)=O)O[C@@]([C@@H]([C@@H](COC(C)=O)OC(C)=O)OC(C)=O)([C@H](NC(C)=O)[C@@H](OC(C)=O)C1)[H])[C@H]2[C@@H](OC(=O)C3=CC=CC=C3)[C@@H](COC(=O)C4=CC=CC=C4)O[C@@H](SC)[C@@H]2OC(=O)C5=CC=CC=C5,thioglycoside,O([C@H]1[C@@H](OCC2=CC=CC=C2)[C@@H](COCC3=CC=CC=C3)O[C@@H](OCC[Si](C)(C)C)[C@@H]1OCC4=CC=CC=C4)[C@H]5[C@H](NC(C)=O)[C@@H](O[C@H]6[C@@H](OCC7=CC=CC=C7)[C@H](OCC8=CC=CC=C8)[C@H](OCC9=CC=CC=C9)[C@H](C)O6)[C@H](O)[C@@H](COCC%10=CC=CC=C%10)O5,Dichloromethane,ClCCl,1,,,0,,0,,0,b,1,COC(=O)[C@@]1(O[C@H]2[C@@H](OC(=O)c3ccccc3)[C@@H](COC(=O)c3ccccc3)O[C@@H](SC)[C@@H]2OC(=O)c2ccccc2)C[C@H](OC(C)=O)[C@@H](NC(C)=O)[C@H]([C@H](OC(C)=O)[C@@H](COC(C)=O)OC(C)=O)O1,CC(=O)N[C@H]1[C@H](O[C@H]2[C@@H](OCc3ccccc3)[C@@H](COCc3ccccc3)O[C@@H](OCC[Si](C)(C)C)[C@@H]2OCc2ccccc2)O[C@H](COCc2ccccc2)[C@@H](O)[C@@H]1O[C@@H]1O[C@@H](C)[C@@H](OCc2ccccc2)[C@@H](OCc2ccccc2)[C@@H]1OCc1ccccc1,B8B37612
580,"Trends in Carbohydrate Research (2016), 8(1), 14-25",期刊,2016,31-013-CAS-16946849,O(CC1=CC=CC=C1)[C@@H]2[C@H]([C@H](SC3=CC=CC=C3)O[C@H](COCC4=CC=CC=C4)[C@H]2OC(C)=O)N5C(=O)C=6C(C5=O)=CC=CC6,thioglycoside,O([C@H]1[C@@H]([C@@H](OCC2=CC=CC=C2)[C@H](O)[C@@H](COCC3=CC=CC=C3)O1)N4C(=O)C=5C(C4=O)=CC=CC5)[C@H]6[C@H](OCC7=CC=CC=C7)[C@H](N=[N+]=[N-])[C@@H](OC)O[C@@H]6COCC8=CC=CC=C8,Dichloromethane,ClCCl,1,N-Iodosuccinimide,O=C1N(I)C(=O)CC1,1,-25.0,1,60.0,1,b,1,CC(=O)O[C@H]1[C@H](OCc2ccccc2)[C@@H](N2C(=O)c3ccccc3C2=O)[C@H](Sc2ccccc2)O[C@@H]1COCc1ccccc1,CO[C@H]1O[C@H](COCc2ccccc2)[C@@H](O[C@@H]2O[C@H](COCc3ccccc3)[C@@H](O)[C@H](OCc3ccccc3)[C@H]2N2C(=O)c3ccccc3C2=O)[C@H](OCc2ccccc2)[C@@H]1N=[N+]=[N-],4604204C
581,"Mendeleev Communications (2007), 17(1), 10-13",期刊,2007,31-013-CAS-11927315,O(CC1=CC=CC=C1)[C@@H]2[C@H]([C@H](SCC)O[C@H](COCC3=CC=CC=C3)[C@H]2OC(CCl)=O)N4C(=O)C=5C(C4=O)=CC=CC5,thioglycoside,O(CC1=CC=CC=C1)[C@@H]2[C@H]([C@H](OC)O[C@H](COC3=CC=C(OC)C=C3)[C@H]2O)N4C(=O)C=5C(C4=O)=CC=CC5,Dichloromethane,ClCCl,1,N-Iodosuccinimide,O=C1N(I)C(=O)CC1,1,-20.0,1,,0,b,1,CCS[C@@H]1O[C@H](COCc2ccccc2)[C@@H](OC(=O)CCl)[C@H](OCc2ccccc2)[C@H]1N1C(=O)c2ccccc2C1=O,COc1ccc(OC[C@H]2O[C@@H](OC)[C@H](N3C(=O)c4ccccc4C3=O)[C@@H](OCc3ccccc3)[C@@H]2O)cc1,311D90B6
582,"Journal of Carbohydrate Chemistry (2002), 21(3), 189-199",期刊,2002,31-013-CAS-8593906,O([C@@H]1[C@@H](OC(=O)C2=CC=CC=C2)[C@H](SC)O[C@H](COC(C)=O)[C@@H]1OC(C)=O)[C@@H]3[C@H](OC(C)=O)[C@@H](OC(C)=O)[C@@H](OC(C)=O)[C@@H](COC(C)=O)O3,thioglycoside,O(CC1=CC=CC=C1)[C@@H]2[C@H]([C@H](OCC[Si](C)(C)C)O[C@H](COCC3=CC=CC=C3)[C@H]2O)N4C(=O)C=5C(C4=O)=CC=CC5,Dichloromethane;Diethyl ether,ClCCl;O(CC)CC,1,N-Iodosuccinimide,O=C1N(I)C(=O)CC1,1,,0,,0,b,1,CS[C@@H]1O[C@H](COC(C)=O)[C@H](OC(C)=O)[C@H](O[C@H]2O[C@H](COC(C)=O)[C@H](OC(C)=O)[C@H](OC(C)=O)[C@H]2OC(C)=O)[C@H]1OC(=O)c1ccccc1,C[Si](C)(C)CCO[C@@H]1O[C@H](COCc2ccccc2)[C@@H](O)[C@H](OCc2ccccc2)[C@H]1N1C(=O)c2ccccc2C1=O,EFB3A720
583,"Organic Letters (2017), 19(24), 6558-6561",期刊,2017,31-013-CAS-18353674,O(CC1=CC=CC=C1)[C@H]2[C@@]3([C@](O[C@@H](SC4=CC=C(C)C=C4)[C@@H]2OC(=O)C5=CC=CC=C5)(CO[C@@H](O3)C6=CC=CC=C6)[H])[H],thioglycoside,O=C1N(C(=O)C=2C1=CC=CC2)[C@H]3[C@H](SC4=CC=C(C)C=C4)O[C@H](COCC5=CC=CC=C5)[C@@H](O)[C@@H]3O,Dichloromethane;Acetonitrile,ClCCl;N#CC,1,Tosyl chloride,O=S(=O)(Cl)C1=CC=C(C=C1)C,1,25.0,1,60.0,1,b,1,Cc1ccc(S[C@@H]2O[C@@H]3CO[C@H](c4ccccc4)O[C@@H]3[C@H](OCc3ccccc3)[C@H]2OC(=O)c2ccccc2)cc1,Cc1ccc(S[C@@H]2O[C@H](COCc3ccccc3)[C@@H](O)[C@H](O)[C@H]2N2C(=O)c3ccccc3C2=O)cc1,DE1BE662
584,"Organic & Biomolecular Chemistry (2015), 13(36), 9504-9515",期刊,2015,31-013-CAS-9970331,O(CC1=CC=CC=C1)[C@@H]2[C@@H]([C@@H](SC3=CC=CC=C3)O[C@H](CN=[N+]=[N-])[C@H]2OC(C)=O)N4C(=O)C=5C(C4=O)=CC=CC5,thioglycoside,O(CC1=CC=CC=C1)[C@@H]2[C@@H]([C@@H](O[C@H]3[C@H](OCC4=CC=CC=C4)[C@@H]([C@@H](OC)O[C@@H]3CN=[N+]=[N-])N5C(=O)C=6C(C5=O)=CC=CC6)O[C@H](CN=[N+]=[N-])[C@H]2O[C@@H]7[C@H]([C@@H](OCC8=CC=CC=C8)[C@H](O)[C@@H](CN=[N+]=[N-])O7)N9C(=O)C=%10C(C9=O)=CC=CC%10)N%11C(=O)C=%12C(C%11=O)=CC=CC%12,Dichloromethane;Diethyl ether,ClCCl;O(CC)CC,1,Trifluoromethanesulfonic acid,O=S(=O)(O)C(F)(F)F,1,0.0,1,90.0,1,a,0,CC(=O)O[C@H]1[C@H](OCc2ccccc2)[C@H](N2C(=O)c3ccccc3C2=O)[C@@H](Sc2ccccc2)O[C@@H]1CN=[N+]=[N-],CO[C@H]1O[C@H](CN=[N+]=[N-])[C@@H](O[C@H]2O[C@H](CN=[N+]=[N-])[C@@H](O[C@H]3O[C@H](CN=[N+]=[N-])[C@@H](O)[C@H](OCc4ccccc4)[C@@H]3N3C(=O)c4ccccc4C3=O)[C@H](OCc3ccccc3)[C@@H]2N2C(=O)c3ccccc3C2=O)[C@H](OCc2ccccc2)[C@@H]1N1C(=O)c2ccccc2C1=O,CA5DECD8
585,"Analytical Chemistry (Washington, DC, United States) (2017), 89(8), 4540-4549",期刊,2017,31-013-CAS-17024986,O(C(C)=O)[C@@H]1[C@H](OC(C)=O)[C@@H](SC2=CC=CC=C2)O[C@H](COC(C)=O)[C@H]1OC(C)=O,thioglycoside,O([C@H]1[C@@H]([C@@H](OC(C)=O)[C@H](O)[C@@H](COC(=O)C2=CC=CC=C2)O1)N3C(=O)C=4C(C3=O)=CC=CC4)C5=CC=C(OC)C=C5,Dichloromethane,ClCCl,1,N-Iodosuccinimide,O=C1N(I)C(=O)CC1,1,25.0,1,15.0,1,a,0,CC(=O)OC[C@H]1O[C@H](Sc2ccccc2)[C@@H](OC(C)=O)[C@@H](OC(C)=O)[C@@H]1OC(C)=O,COc1ccc(O[C@@H]2O[C@H](COC(=O)c3ccccc3)[C@@H](O)[C@H](OC(C)=O)[C@H]2N2C(=O)c3ccccc3C2=O)cc1,EE71C204
586,"European Journal of Organic Chemistry (2020), 2020(34), 5580-5595",期刊,2020,31-013-CAS-22660146,O(C(C)=O)[C@@H]1[C@H]([C@H](SC2=CC=C(C)C=C2)O[C@]3([C@]1(O[C@@H](OC3)C4=CC=CC=C4)[H])[H])N5C(=O)C=6C(C5=O)=CC=CC6,thioglycoside,N(=[N+]=[N-])[C@H]1[C@H](O[Si](C(C)(C)C)(C)C)O[C@H](COCC2=CC=CC=C2)[C@@H](O)[C@@H]1OC(C)=O,Dichloromethane,ClCCl,1,Triethylamine,N(CC)(CC)CC,1,25.0,1,30.0,1,b,1,CC(=O)O[C@H]1[C@@H]2O[C@H](c3ccccc3)OC[C@H]2O[C@@H](Sc2ccc(C)cc2)[C@@H]1N1C(=O)c2ccccc2C1=O,CC(=O)O[C@H]1[C@H](O)[C@@H](COCc2ccccc2)O[C@@H](O[Si](C)(C)C(C)(C)C)[C@@H]1N=[N+]=[N-],34107AE1
587,"United States, US20180264125 A1 2018-09-20",专利,2018,31-013-CAS-20623534,O(C(C)=O)[C@@H]1[C@H]([C@H](SC2=CC=C(C)C=C2)O[C@]3([C@]1(O[C@@H](OC3)C4=CC=CC=C4)[H])[H])N5C(=O)C=6C(C5=O)=CC=CC6,thioglycoside,N(=[N+]=[N-])[C@H]1[C@H](O[Si](C(C)(C)C)(C)C)O[C@H](COCC2=CC=CC=C2)[C@@H](O)[C@@H]1OC(C)=O,Dichloromethane,ClCCl,1,N-Iodosuccinimide,O=C1N(I)C(=O)CC1,1,25.0,1,30.0,1,b,1,CC(=O)O[C@H]1[C@@H]2O[C@H](c3ccccc3)OC[C@H]2O[C@@H](Sc2ccc(C)cc2)[C@@H]1N1C(=O)c2ccccc2C1=O,CC(=O)O[C@H]1[C@H](O)[C@@H](COCc2ccccc2)O[C@@H](O[Si](C)(C)C(C)(C)C)[C@@H]1N=[N+]=[N-],34107AE1
588,"Carbohydrate Research (2002), 337(21-23), 2127-2151",期刊,2002,31-013-CAS-10325963,O(CC=C)[C@H]1[C@@H](OC(C)=O)[C@@H](COC(C)=O)O[C@@H](SCC)[C@@H]1OC(C)=O,thioglycoside,O(CC1=CC=CC=C1)[C@@H]2[C@H]([C@H](OCCCCCCCC)O[C@H](COCC3=CC=CC=C3)[C@H]2O)N4C(=O)C=5C(C4=O)=CC=CC5,Dichloromethane,ClCCl,1,N-Iodosuccinimide,O=C1N(I)C(=O)CC1,1,0.0,1,,0,b,1,C=CCO[C@H]1[C@@H](OC(C)=O)[C@@H](COC(C)=O)O[C@@H](SCC)[C@@H]1OC(C)=O,CCCCCCCCO[C@@H]1O[C@H](COCc2ccccc2)[C@@H](O)[C@H](OCc2ccccc2)[C@H]1N1C(=O)c2ccccc2C1=O,3A9829CE
589,"Carbohydrate Research (2014), 384, 1-8",期刊,2014,31-013-CAS-2688288,O(C(=O)C1=CC=CC=C1)[C@@H]2[C@@H](OC(=O)C3=CC=CC=C3)[C@H](SC4=C(C)C=CC=C4)O[C@H](COC(=O)C5=CC=CC=C5)[C@@H]2OC(=O)C6=CC=CC=C6,thioglycoside,O=C1N(C(=O)C=2C1=CC=CC2)[C@H]3[C@H](SC4=C(C)C=CC=C4)O[C@H](COCC5=CC=CC=C5)[C@@H](O)[C@@H]3O,Dichloromethane,ClCCl,1,Diphenyl sulfoxide,O=S(C=1C=CC=CC1)C=2C=CC=CC2,1,25.0,1,30.0,1,b,1,Cc1ccccc1S[C@@H]1O[C@H](COC(=O)c2ccccc2)[C@H](OC(=O)c2ccccc2)[C@H](OC(=O)c2ccccc2)[C@H]1OC(=O)c1ccccc1,Cc1ccccc1S[C@@H]1O[C@H](COCc2ccccc2)[C@@H](O)[C@H](O)[C@H]1N1C(=O)c2ccccc2C1=O,B7A84CEA
590,"Organic Letters (2021), 23(15), 5922-5926",期刊,2021,31-614-CAS-34954209,O(C(C)=O)[C@H]1[C@@]2([C@](O[C@@H](SC3=CC=CC=C3)[C@@H]1NC(C(Cl)(Cl)Cl)=O)(CO[C@@H](O2)C4=CC=CC=C4)[H])[H],thioglycoside,N(C(=O)C1=CC=CC=C1)[C@H]2[C@H](OC3=CC=C(OC)C=C3)O[C@H](C(OCC4=CC=CC=C4)=O)[C@@H](O)[C@@H]2OC(=O)C5=CC=CC=C5,Dichloromethane,ClCCl,1,Trimethylsilyl triflate,O=S(=O)(O[Si](C)(C)C)C(F)(F)F,1,-78.0,1,120.0,1,b,1,CC(=O)O[C@@H]1[C@@H](NC(=O)C(Cl)(Cl)Cl)[C@H](Sc2ccccc2)O[C@@H]2CO[C@H](c3ccccc3)O[C@H]12,COc1ccc(O[C@@H]2O[C@H](C(=O)OCc3ccccc3)[C@@H](O)[C@H](OC(=O)c3ccccc3)[C@H]2NC(=O)c2ccccc2)cc1,08371E45
591,"Molecules (2011), 16, 637-651",期刊,2011,31-013-CAS-9986793,O(CC1=CC=CC=C1)[C@@H]2[C@@H](OCC3=CC=CC=C3)[C@H](SC4=CC=CC=C4)O[C@H](C)[C@@H]2OCC5=CC=CC=C5,thioglycoside,O=C1N(C(=O)C=2C1=CC=CC2)[C@H]3[C@H](OCC[Si](C)(C)C)O[C@H](COCC4=CC=CC=C4)[C@@H](O)[C@@H]3O,Dichloromethane,ClCCl,1,N-Iodosuccinimide,O=C1N(I)C(=O)CC1,1,25.0,1,120.0,1,a,0,C[C@H]1O[C@@H](Sc2ccccc2)[C@H](OCc2ccccc2)[C@@H](OCc2ccccc2)[C@H]1OCc1ccccc1,C[Si](C)(C)CCO[C@@H]1O[C@H](COCc2ccccc2)[C@@H](O)[C@H](O)[C@H]1N1C(=O)c2ccccc2C1=O,B832795B
592,"Journal of Biological Chemistry (2012), 287(9), 6592-6602",期刊,2012,31-013-CAS-2182975,C(OC(O[C@H]1[C@@H](OCC2=CC=CC=C2)[C@@H](COC(CCC(C)=O)=O)O[C@@H](SCC)[C@@H]1OC(C(C)(C)C)=O)=O)C3C=4C(C=5C3=CC=CC5)=CC=CC4,thioglycoside,N(C(C(Cl)(Cl)Cl)=O)[C@@H]1[C@@H](OCC2=CC=CC=C2)[C@H](O)[C@@H](COCC3=CC=CC=C3)O[C@H]1OCCCCCN(CC4=CC=CC=C4)C(OCC5=CC=CC=C5)=O,Dichloromethane,ClCCl,1,Trifluoromethanesulfonic acid,O=S(=O)(O)C(F)(F)F,1,-40.0,1,30.0,1,b,1,CCS[C@@H]1O[C@H](COC(=O)CCC(C)=O)[C@H](OCc2ccccc2)[C@H](OC(=O)OCC2c3ccccc3-c3ccccc32)[C@H]1OC(=O)C(C)(C)C,O=C(OCc1ccccc1)N(CCCCCO[C@@H]1O[C@H](COCc2ccccc2)[C@@H](O)[C@H](OCc2ccccc2)[C@H]1NC(=O)C(Cl)(Cl)Cl)Cc1ccccc1,E02148C1
593,"Organic & Biomolecular Chemistry (2022), 20(42), 8243-8258",期刊,2022,31-614-CAS-38021969,O(CC1=CC=CC=C1)[C@@H]2[C@H]([C@H](SC3=CC=CC=C3)O[C@H](CN4C(=O)C=5C(C4=O)=CC=CC5)[C@@H]2OC(CCl)=O)N6C(=O)C=7C(C6=O)=CC=CC7,thioglycoside,O(CC1=CC=CC=C1)[C@@H]2[C@H]([C@H](OC)O[C@H](CN3C(=O)C=4C(C3=O)=CC=CC4)[C@@H]2O)N5C(=O)C=6C(C5=O)=CC=CC6,Dichloromethane;Toluene,ClCCl;C=1C=CC(=CC1)C,1,Trifluoromethanesulfonic acid,O=S(=O)(O)C(F)(F)F,1,0.0,1,30.0,1,b,1,O=C(CCl)O[C@@H]1[C@H](OCc2ccccc2)[C@@H](N2C(=O)c3ccccc3C2=O)[C@H](Sc2ccccc2)O[C@@H]1CN1C(=O)c2ccccc2C1=O,CO[C@@H]1O[C@H](CN2C(=O)c3ccccc3C2=O)[C@H](O)[C@H](OCc2ccccc2)[C@H]1N1C(=O)c2ccccc2C1=O,C618AD3C
594,"Journal of the American Chemical Society (2013), 135(41), 15382-15391",期刊,2013,31-013-CAS-12548374,O(CC1=CC=CC=C1)[C@H]2[C@@H](OCC3=CC=CC=C3)[C@@H](COCC4=CC=CC=C4)O[C@@H](SC5=CC=C(C)C=C5)[C@@H]2OC(C)=O,thioglycoside,S([C@H]1[C@@H]([C@@H](OCC2=CC=CC=C2)[C@H](O)[C@@H](COCC3=CC=CC=C3)O1)N4C(=O)C=5C(C4=O)=CC=CC5)C6=CC=C(C)C=C6,Dichloromethane,ClCCl,1,Triethylamine,N(CC)(CC)CC,1,25.0,1,60.0,1,b,1,CC(=O)O[C@@H]1[C@@H](OCc2ccccc2)[C@@H](OCc2ccccc2)[C@@H](COCc2ccccc2)O[C@H]1Sc1ccc(C)cc1,Cc1ccc(S[C@@H]2O[C@H](COCc3ccccc3)[C@@H](O)[C@H](OCc3ccccc3)[C@H]2N2C(=O)c3ccccc3C2=O)cc1,4DDECC3A
595,"Tetrahedron Letters (2015), 56(7), 900-902",期刊,2015,31-013-CAS-6341435,O([C@@H]1[C@H](OCC2=CC=CC=C2)[C@@H](OCC3=CC=CC=C3)[C@H](OCC4=CC=CC=C4)[C@@H](COC(C)=O)O1)[C@H]5[C@H](OCC6=CC=CC=C6)[C@@H](SCC)O[C@@H](C)[C@H]5OC(C)=O,thioglycoside,O(C(C)=O)[C@@H]1[C@H]([C@H](SCC)O[C@H](COCC2=CC=CC=C2)[C@H]1O)N3C(=O)C=4C(C3=O)=CC=CC4,Dichloromethane;Diethyl ether,ClCCl;O(CC)CC,1,N-Iodosuccinimide,O=C1N(I)C(=O)CC1,1,25.0,1,30.0,1,a,0,CCS[C@H]1O[C@@H](C)[C@@H](OC(C)=O)[C@@H](O[C@H]2O[C@H](COC(C)=O)[C@@H](OCc3ccccc3)[C@H](OCc3ccccc3)[C@H]2OCc2ccccc2)[C@@H]1OCc1ccccc1,CCS[C@@H]1O[C@H](COCc2ccccc2)[C@@H](O)[C@H](OC(C)=O)[C@H]1N1C(=O)c2ccccc2C1=O,036887C7
596,"United States, US20160361436 A1 2016-12-15",专利,2016,31-013-CAS-16890476,O(CC1=CC=C(OC)C=C1)[C@H]2[C@]3([C@](O[C@H](SC4=CC=CC=C4)[C@H]2OCC5=CC=CC=C5)(CO[C@H](O3)C6=CC=CC=C6)[H])[H],thioglycoside,O(CC1=CC=CC=C1)[C@@H]2[C@H]([C@H](OCC3=CC=CC=C3)O[C@H](COCC4=CC=CC=C4)[C@H]2O)N5C(=O)C=6C(C5=O)=CC=CC6,Dichloromethane,ClCCl,1,Trifluoromethanesulfonic anhydride,O=S(=O)(OS(=O)(=O)C(F)(F)F)C(F)(F)F,1,-78.0,1,20.0,1,b,1,COc1ccc(CO[C@@H]2[C@H](OCc3ccccc3)[C@@H](Sc3ccccc3)O[C@@H]3CO[C@@H](c4ccccc4)O[C@@H]23)cc1,O=C1c2ccccc2C(=O)N1[C@H]1[C@H](OCc2ccccc2)O[C@H](COCc2ccccc2)[C@@H](O)[C@@H]1OCc1ccccc1,77501D1C
597,"Carbohydrate Research (2010), 345(12), 1713-1721",期刊,2010,31-013-CAS-7193625,S([C@H]1[C@]2([C@]([C@@H](O[Si](C(C)(C)C)(C)C)[C@@H](CO[Si](C(C)(C)C)(C)C)O1)(OC(=O)N2C(C)=O)[H])[H])C3=CC=C(C)C=C3,thioglycoside,S([C@@H]1[C@]2([C@]([C@@H](O)[C@@H](COCC3=CC=CC=C3)O1)(OC(=O)N2C(C)=O)[H])[H])C4=CC=C(C)C=C4,Dichloromethane,ClCCl,1,Triethylamine,N(CC)(CC)CC,1,-78.0,1,5.0,1,a,0,CC(=O)N1C(=O)O[C@H]2[C@@H](O[Si](C)(C)C(C)(C)C)[C@@H](CO[Si](C)(C)C(C)(C)C)O[C@@H](Sc3ccc(C)cc3)[C@@H]21,CC(=O)N1C(=O)O[C@H]2[C@@H](O)[C@@H](COCc3ccccc3)O[C@H](Sc3ccc(C)cc3)[C@@H]21,E77D1147
598,"European Journal of Organic Chemistry (2014), 2014(15), 3232-3241",期刊,2014,31-013-CAS-13251956,O(CC1=CC=CC=C1)[C@H]2[C@@H](OCC3=CC=CC=C3)[C@@H](COCC4=CC=CC=C4)O[C@@H](SCC)[C@@H]2OC(=O)C5=CC=CC=C5,thioglycoside,S([C@H]1[C@@H]([C@@H](OCC2=CC=CC=C2)[C@H](O)[C@@H](COCC3=CC=CC=C3)O1)N4C(=O)C=5C(C4=O)=CC=CC5)C6=CC=CC=C6,Dichloromethane,ClCCl,1,N-Iodosuccinimide,O=C1N(I)C(=O)CC1,1,25.0,1,60.0,1,b,1,CCS[C@@H]1O[C@H](COCc2ccccc2)[C@H](OCc2ccccc2)[C@H](OCc2ccccc2)[C@H]1OC(=O)c1ccccc1,O=C1c2ccccc2C(=O)N1[C@@H]1[C@@H](OCc2ccccc2)[C@H](O)[C@@H](COCc2ccccc2)O[C@H]1Sc1ccccc1,CDF75B47
599,"Organic & Biomolecular Chemistry (2015), 13(36), 9504-9515",期刊,2015,31-013-CAS-3002515,O(CC1=CC=CC=C1)[C@@H]2[C@@H]([C@@H](SC3=CC=CC=C3)O[C@H](CN=[N+]=[N-])[C@H]2OC(C)=O)N4C(=O)C=5C(C4=O)=CC=CC5,thioglycoside,O(CC1=CC=CC=C1)[C@@H]2[C@@H]([C@@H](O[C@H]3[C@H](OCC4=CC=CC=C4)[C@@H]([C@@H](O[C@H]5[C@H](OCC6=CC=CC=C6)[C@@H]([C@@H](OC)O[C@@H]5CN=[N+]=[N-])N7C(=O)C=8C(C7=O)=CC=CC8)O[C@@H]3CN=[N+]=[N-])N9C(=O)C=%10C(C9=O)=CC=CC%10)O[C@H](CN=[N+]=[N-])[C@H]2O[C@@H]%11[C@H]([C@@H](OCC%12=CC=CC=C%12)[C@H](O)[C@@H](CN=[N+]=[N-])O%11)N%13C(=O)C=%14C(C%13=O)=CC=CC%14)N%15C(=O)C=%16C(C%15=O)=CC=CC%16,Dichloromethane;Diethyl ether,ClCCl;O(CC)CC,1,Trifluoromethanesulfonic acid,O=S(=O)(O)C(F)(F)F,1,0.0,1,90.0,1,a,0,CC(=O)O[C@H]1[C@H](OCc2ccccc2)[C@H](N2C(=O)c3ccccc3C2=O)[C@@H](Sc2ccccc2)O[C@@H]1CN=[N+]=[N-],CO[C@H]1O[C@H](CN=[N+]=[N-])[C@@H](O[C@H]2O[C@H](CN=[N+]=[N-])[C@@H](O[C@H]3O[C@H](CN=[N+]=[N-])[C@@H](O[C@H]4O[C@H](CN=[N+]=[N-])[C@@H](O)[C@H](OCc5ccccc5)[C@@H]4N4C(=O)c5ccccc5C4=O)[C@H](OCc4ccccc4)[C@@H]3N3C(=O)c4ccccc4C3=O)[C@H](OCc3ccccc3)[C@@H]2N2C(=O)c3ccccc3C2=O)[C@H](OCc2ccccc2)[C@@H]1N1C(=O)c2ccccc2C1=O,BBF9E0C1
600,"Journal of Organic Chemistry (2023), 88(9), 5554-5562",期刊,2023,31-614-CAS-39596687,O(CC1=CC=CC=C1)[C@H]2[C@H](OCC3=CC=CC=C3)[C@@H](SCC)O[C@@H](C)[C@H]2OCC4=CC=CC=C4,thioglycoside,O([C@@H]1[C@@H](OC(C)=O)[C@H](O[C@@H]2[C@@H](NC(C)=O)[C@H](OCCCCCCCCCCl)O[C@H](COCC3=CC=CC=C3)[C@H]2O)O[C@H](COC(C)=O)[C@@H]1OC(C)=O)[C@H]4[C@H](NC(C(Cl)(Cl)Cl)=O)[C@@H](OC(CCl)=O)[C@]5([C@](O4)(CO[C@H](O5)C6=CC=CC=C6)[H])[H],Dichloromethane,ClCCl,1,Triethylamine,N(CC)(CC)CC,1,25.0,1,30.0,1,a,0,CCS[C@H]1O[C@@H](C)[C@@H](OCc2ccccc2)[C@@H](OCc2ccccc2)[C@@H]1OCc1ccccc1,CC(=O)N[C@H]1[C@H](OCCCCCCCCCCl)O[C@H](COCc2ccccc2)[C@@H](O)[C@@H]1O[C@@H]1O[C@H](COC(C)=O)[C@H](OC(C)=O)[C@H](O[C@@H]2O[C@@H]3CO[C@@H](c4ccccc4)O[C@H]3[C@H](OC(=O)CCl)[C@H]2NC(=O)C(Cl)(Cl)Cl)[C@H]1OC(C)=O,ABCD59B3
601,"Carbohydrate Research (2002), 337(21-23), 2127-2151",期刊,2002,31-013-CAS-10941513,O(CC1=CC=CC=C1)[C@H]2[C@@H](OCC3=CC=CC=C3)[C@@H](COCC4=CC=CC=C4)O[C@@H](SCC)[C@@H]2OC(C)=O,thioglycoside,O(CC1=CC=CC=C1)[C@@H]2[C@H]([C@H](OCCCCCCCC)O[C@H](COCC3=CC=C(OC)C=C3)[C@H]2O)N4C(=O)C=5C(C4=O)=CC=CC5,Dichloromethane,ClCCl,1,N-Iodosuccinimide,O=C1N(I)C(=O)CC1,1,0.0,1,,0,b,1,CCS[C@@H]1O[C@H](COCc2ccccc2)[C@H](OCc2ccccc2)[C@H](OCc2ccccc2)[C@H]1OC(C)=O,CCCCCCCCO[C@@H]1O[C@H](COCc2ccc(OC)cc2)[C@@H](O)[C@H](OCc2ccccc2)[C@H]1N1C(=O)c2ccccc2C1=O,06809086
602,"Chinese Journal of Chemistry (2008), 26(8), 1519-1522",期刊,2008,31-013-CAS-15203083,O(C(C)=O)[C@@H]1[C@H]([C@H](SC2=CC=CC=C2)O[C@]3([C@]1(O[C@@H](OC3)C4=CC=CC=C4)[H])[H])N5C(=O)C=6C(C5=O)=CC=CC6,thioglycoside,O([C@H]1[C@@H]([C@@H](OC(C)=O)[C@H](O)[C@@H](COCC2=CC=CC=C2)O1)N3C(=O)C=4C(C3=O)=CC=CC4)[C@H]5[C@H](OC(C)=O)[C@H]([C@H](OC)O[C@@H]5COCC6=CC=CC=C6)N7C(=O)C=8C(C7=O)=CC=CC8,Dichloromethane,ClCCl,1,Trifluoromethanesulfonic acid,O=S(=O)(O)C(F)(F)F,1,25.0,1,,0,b,1,CC(=O)O[C@H]1[C@@H]2O[C@H](c3ccccc3)OC[C@H]2O[C@@H](Sc2ccccc2)[C@@H]1N1C(=O)c2ccccc2C1=O,CO[C@@H]1O[C@H](COCc2ccccc2)[C@@H](O[C@@H]2O[C@H](COCc3ccccc3)[C@@H](O)[C@H](OC(C)=O)[C@H]2N2C(=O)c3ccccc3C2=O)[C@H](OC(C)=O)[C@H]1N1C(=O)c2ccccc2C1=O,9D71923F
603,"Heterocycles (2009), 77(1), 333-349",期刊,2009,31-013-CAS-2000335,O([C@@]1(C(OC)=O)O[C@@]([C@@H]([C@@H](COC(C)=O)OC(C)=O)OC(C)=O)([C@H](NC(C)=O)[C@@H](OC(C)=O)C1)[H])[C@@H]2[C@@H](OC(=O)C3=CC=CC=C3)[C@H](SC)O[C@H](COC(C)=O)[C@@H]2OC(C)=O,thioglycoside,O([C@@H]1[C@@H](OCC2=CC=CC=C2)[C@H](O[C@H]3[C@H](OCC4=CC=CC=C4)[C@@H](OCC5=CC=CC=C5)[C@H](OCC[Si](C)(C)C)O[C@@H]3COCC6=CC=CC=C6)O[C@H](COCC7=CC=CC=C7)[C@@H]1OCC8=CC=CC=C8)[C@H]9[C@H](NC(C)=O)[C@@H](O[C@H]%10[C@@H](OCC%11=CC=CC=C%11)[C@H](OCC%12=CC=CC=C%12)[C@H](OCC%13=CC=CC=C%13)[C@H](C)O%10)[C@H](O)[C@@H](COC%14=CC=C(OC)C=C%14)O9,Dichloromethane,ClCCl,1,Triethylamine,N(CC)(CC)CC,1,25.0,1,120.0,1,b,1,COC(=O)[C@@]1(O[C@H]2[C@@H](OC(C)=O)[C@@H](COC(C)=O)O[C@@H](SC)[C@@H]2OC(=O)c2ccccc2)C[C@H](OC(C)=O)[C@@H](NC(C)=O)[C@H]([C@H](OC(C)=O)[C@@H](COC(C)=O)OC(C)=O)O1,COc1ccc(OC[C@H]2O[C@@H](O[C@H]3[C@@H](OCc4ccccc4)[C@@H](COCc4ccccc4)O[C@@H](O[C@H]4[C@H](OCc5ccccc5)[C@@H](OCc5ccccc5)[C@H](OCC[Si](C)(C)C)O[C@@H]4COCc4ccccc4)[C@@H]3OCc3ccccc3)[C@H](NC(C)=O)[C@@H](O[C@@H]3O[C@@H](C)[C@@H](OCc4ccccc4)[C@@H](OCc4ccccc4)[C@@H]3OCc3ccccc3)[C@@H]2O)cc1,4CF104C5
604,"Tetrahedron Letters (1988), 29(9), 1061-4",期刊,1988,31-013-CAS-9796530,O(C(C)=O)[C@@H]1[C@H]([C@H](SC)O[C@H](COC(C)=O)[C@H]1OC(C)=O)N2C(=O)C=3C(C2=O)=CC=CC3,thioglycoside,O(CC1=CC=CC=C1)[C@@H]2[C@H]([C@H](OCC3=CC=CC=C3)O[C@H](COCC4=CC=CC=C4)[C@H]2O)N5C(=O)C=6C(C5=O)=CC=CC6,Toluene,C=1C=CC(=CC1)C,1,,,0,,0,,0,b,1,CS[C@@H]1O[C@H](COC(C)=O)[C@@H](OC(C)=O)[C@H](OC(C)=O)[C@H]1N1C(=O)c2ccccc2C1=O,O=C1c2ccccc2C(=O)N1[C@H]1[C@H](OCc2ccccc2)O[C@H](COCc2ccccc2)[C@@H](O)[C@@H]1OCc1ccccc1,4E3E6602
605,"Carbohydrate Research (2007), 342(5), 675-695",期刊,2007,31-013-CAS-1115685,[Si](O[C@H]1[C@]2([C@](O[C@H](SC)[C@H]1OCC3=CC=C(OC)C=C3)(COC4(O2)CCCCC4)[H])[H])(C(C)(C)C)(C5=CC=CC=C5)C6=CC=CC=C6,thioglycoside,O(CC1=CC=CC=C1)[C@@H]2[C@H]([C@H](OCC3=CC=CC=C3)O[C@H](COCC4=CC=CC=C4)[C@H]2O)N5C(=O)C=6C(C5=O)=CC=CC6,Dichloromethane,ClCCl,1,Methyl triflate,O=S(=O)(OC)C(F)(F)F,1,0.0,1,180.0,1,b,1,COc1ccc(CO[C@H]2[C@@H](O[Si](c3ccccc3)(c3ccccc3)C(C)(C)C)[C@@H]3OC4(CCCCC4)OC[C@H]3O[C@@H]2SC)cc1,O=C1c2ccccc2C(=O)N1[C@H]1[C@H](OCc2ccccc2)O[C@H](COCc2ccccc2)[C@@H](O)[C@@H]1OCc1ccccc1,673D890E
606,"Bioorganic & Medicinal Chemistry Letters (2006), 16(4), 928-933",期刊,2006,31-013-CAS-12418933,[Si](O[C@H]1[C@]2([C@](O[C@H](SC)[C@H]1OCC3=CC=C(OC)C=C3)(COC4(O2)CCCCC4)[H])[H])(C(C)(C)C)(C5=CC=CC=C5)C6=CC=CC=C6,thioglycoside,O(CC1=CC=CC=C1)[C@@H]2[C@H]([C@H](OCC3=CC=CC=C3)O[C@H](COCC4=CC=CC=C4)[C@H]2O)N5C(=O)C=6C(C5=O)=CC=CC6,Dichloromethane,ClCCl,1,Triethylamine,N(CC)(CC)CC,1,25.0,1,90.0,1,b,1,COc1ccc(CO[C@H]2[C@@H](O[Si](c3ccccc3)(c3ccccc3)C(C)(C)C)[C@@H]3OC4(CCCCC4)OC[C@H]3O[C@@H]2SC)cc1,O=C1c2ccccc2C(=O)N1[C@H]1[C@H](OCc2ccccc2)O[C@H](COCc2ccccc2)[C@@H](O)[C@@H]1OCc1ccccc1,673D890E
607,"Journal of Organic Chemistry (2021), 86(9), 6090-6099",期刊,2021,31-013-CAS-23538269,O(CC1=CC=CC=C1)[C@H]2[C@H]([C@@H](C)O[C@@H](SC3=CC=CC=C3)[C@@H]2N=[N+]=[N-])N4C(=O)C=5C(C4=O)=CC=CC5,thioglycoside,[Si](OC[C@@H]1[C@H](O)[C@H](OCC2=CC3=C(C=C2)C=CC=C3)[C@@H](N=[N+]=[N-])[C@H](SC4=CC=CC=C4)O1)(C(C)(C)C)(C5=CC=CC=C5)C6=CC=CC=C6,Dichloromethane,ClCCl,1,Bromine,BrBr,1,0.0,1,30.0,1,a,0,C[C@H]1O[C@@H](Sc2ccccc2)[C@H](N=[N+]=[N-])[C@@H](OCc2ccccc2)[C@H]1N1C(=O)c2ccccc2C1=O,CC(C)(C)[Si](OC[C@H]1O[C@@H](Sc2ccccc2)[C@H](N=[N+]=[N-])[C@@H](OCc2ccc3ccccc3c2)[C@H]1O)(c1ccccc1)c1ccccc1,FB3ACCCC
608,"ACS Chemical Biology (2020), 15(9), 2395-2405",期刊,2020,31-614-CAS-31204242,O(C(=O)C1=CC=CC=C1)[C@H]2[C@@H](OCC3=CC=CC=C3)[C@@H](COCC4=CC=CC=C4)O[C@@H](SCC)[C@@H]2OC(=O)C5=CC=CC=C5,thioglycoside,N(C(C(Cl)(Cl)Cl)=O)[C@@H]1[C@@H](OCC2=CC=CC=C2)[C@H](O)[C@@H](COC(CCC(C)=O)=O)O[C@H]1OCCCCCN(CC3=CC=CC=C3)C(OCC4=CC=CC=C4)=O,Dichloromethane,ClCCl,1,N-Iodosuccinimide,O=C1N(I)C(=O)CC1,1,25.0,1,20.0,1,b,1,CCS[C@@H]1O[C@H](COCc2ccccc2)[C@H](OCc2ccccc2)[C@H](OC(=O)c2ccccc2)[C@H]1OC(=O)c1ccccc1,CC(=O)CCC(=O)OC[C@H]1O[C@@H](OCCCCCN(Cc2ccccc2)C(=O)OCc2ccccc2)[C@H](NC(=O)C(Cl)(Cl)Cl)[C@@H](OCc2ccccc2)[C@@H]1O,7F93967C
609,"Collection of Czechoslovak Chemical Communications (2004), 69(10), 1914-1938",期刊,2004,31-013-CAS-8836909,O(CC1=CC=CC=C1)[C@@H]2[C@H]([C@H](SCC)O[C@H](COCC3=CC=CC=C3)[C@H]2OC(C)=O)N4C(=O)C=5C(C4=O)=CC=CC5,thioglycoside,O(CC1=CC=CC=C1)[C@@H]2[C@H]([C@H](SCC)O[C@H](COCC3=CC=CC=C3)[C@H]2O)N4C(=O)C=5C(C4=O)=CC=CC5,Dichloromethane,ClCCl,1,Pyridine,N=1C=CC=CC1,1,0.0,1,60.0,1,b,1,CCS[C@@H]1O[C@H](COCc2ccccc2)[C@@H](OC(C)=O)[C@H](OCc2ccccc2)[C@H]1N1C(=O)c2ccccc2C1=O,CCS[C@@H]1O[C@H](COCc2ccccc2)[C@@H](O)[C@H](OCc2ccccc2)[C@H]1N1C(=O)c2ccccc2C1=O,8EF14F1B
610,"Journal of the American Chemical Society (2020), 142(1), 456-467",期刊,2020,31-013-CAS-21013682,O(CC1=CC=CC=C1)[C@H]2[C@]3([C@](O[C@@H](SC4=CC=CC=C4)[C@@H]2OC(=O)C5=CC=CC=C5)(CO[C@H](O3)C6=CC=CC=C6)[H])[H],thioglycoside,O([C@@H]1[C@@H](NC(C(Cl)(Cl)Cl)=O)[C@H](OCCCNC(OCC2=CC=CC=C2)=O)O[C@H](C)[C@@H]1OCC3=CC=CC=C3)[C@H]4[C@@H](N=[N+]=[N-])[C@H](OCC5=CC6=C(C=C5)C=CC=C6)[C@H](O)[C@H](C)O4,Dichloromethane,ClCCl,1,N-Iodosuccinimide,O=C1N(I)C(=O)CC1,1,25.0,1,30.0,1,b,1,O=C(O[C@@H]1[C@@H](OCc2ccccc2)[C@@H]2O[C@H](c3ccccc3)OC[C@H]2O[C@H]1Sc1ccccc1)c1ccccc1,C[C@@H]1O[C@@H](O[C@@H]2[C@@H](NC(=O)C(Cl)(Cl)Cl)[C@H](OCCCNC(=O)OCc3ccccc3)O[C@H](C)[C@@H]2OCc2ccccc2)[C@@H](N=[N+]=[N-])[C@H](OCc2ccc3ccccc3c2)[C@@H]1O,7563860B
611,"Biochemistry (2020), 59(34), 3180-3185",期刊,2020,31-013-CAS-22548615,O(CC1=CC=CC=C1)[C@H]2[C@]3([C@](O[C@H](SC4=CC=CC=C4)[C@H]2OCC5=CC=CC=C5)(CO[C@H](O3)C6=CC=CC=C6)[H])[H],thioglycoside,O([C@H]1[C@@H]([C@@H](OCC=C)[C@H](O)[C@@H](COCC2=CC=CC=C2)O1)N3C(=O)C=4C(C3=O)=CC=CC4)C5=CC=C(OC)C=C5,Dichloromethane,ClCCl,1,Trifluoromethanesulfonic anhydride,O=S(=O)(OS(=O)(=O)C(F)(F)F)C(F)(F)F,1,-80.0,1,5.0,1,a,0,c1ccc(CO[C@@H]2[C@H](OCc3ccccc3)[C@@H](Sc3ccccc3)O[C@@H]3CO[C@@H](c4ccccc4)O[C@@H]23)cc1,C=CCO[C@H]1[C@H](O)[C@@H](COCc2ccccc2)O[C@@H](Oc2ccc(OC)cc2)[C@@H]1N1C(=O)c2ccccc2C1=O,F909FCCE
612,"Journal of the American Chemical Society (2020), 142(11), 5282-5292",期刊,2020,31-614-CAS-37587999,O([C@H]1[C@H](OCC2=CC=C(Br)C=C2)[C@@H](N=[N+]=[N-])[C@@H](O[C@H]3[C@H](OCC4=CC=CC=C4)[C@@H](OC(=O)C5=CC=CC=C5)[C@H](SC6=CC=C(C)C=C6)O[C@@H]3COC(C)=O)O[C@@H]1CO[Si](C(C)(C)C)(C7=CC=CC=C7)C8=CC=CC=C8)[C@H]9[C@H](OC(=O)C%10=CC=CC=C%10)[C@@H](OCC%11=CC=CC=C%11)[C@H](O[C@@H]%12[C@H](N=[N+]=[N-])[C@@H](OCC%13=CC=C(Br)C=C%13)[C@H](OCC%14=CC%15=C(C=C%14)C=CC=C%15)[C@@H](CO[Si](C(C)(C)C)(C%16=CC=CC=C%16)C%17=CC=CC=C%17)O%12)[C@H](COC(C)=O)O9,thioglycoside,[Si](OC[C@H]1O[C@H](O[C@H]2[C@H](OCC3=CC=CC=C3)[C@@H](OC(=O)C4=CC=CC=C4)[C@H](OCCCCCN(CC5=CC=CC=C5)C(OCC6=CC=CC=C6)=O)O[C@H]2COC(C)=O)[C@H](N=[N+]=[N-])[C@@H](OCC7=CC=C(Br)C=C7)[C@@H]1O)(C(C)(C)C)(C8=CC=CC=C8)C9=CC=CC=C9,Dichloromethane,ClCCl,1,Trifluoromethanesulfonic acid,O=S(=O)(O)C(F)(F)F,1,25.0,1,30.0,1,a,0,CC(=O)OC[C@@H]1O[C@@H](O[C@H]2[C@H](OCc3ccc(Br)cc3)[C@@H](N=[N+]=[N-])[C@@H](O[C@H]3[C@H](OCc4ccccc4)[C@@H](OC(=O)c4ccccc4)[C@H](Sc4ccc(C)cc4)O[C@@H]3COC(C)=O)O[C@@H]2CO[Si](c2ccccc2)(c2ccccc2)C(C)(C)C)[C@H](OC(=O)c2ccccc2)[C@@H](OCc2ccccc2)[C@@H]1O[C@H]1O[C@H](CO[Si](c2ccccc2)(c2ccccc2)C(C)(C)C)[C@@H](OCc2ccc3ccccc3c2)[C@H](OCc2ccc(Br)cc2)[C@H]1N=[N+]=[N-],CC(=O)OC[C@@H]1O[C@@H](OCCCCCN(Cc2ccccc2)C(=O)OCc2ccccc2)[C@H](OC(=O)c2ccccc2)[C@@H](OCc2ccccc2)[C@@H]1O[C@H]1O[C@H](CO[Si](c2ccccc2)(c2ccccc2)C(C)(C)C)[C@@H](O)[C@H](OCc2ccc(Br)cc2)[C@H]1N=[N+]=[N-],1B589936
613,"Japan, JP2022127918 A 2022-09-01",专利,2022,31-614-CAS-34336262,O([C@H]1[C@H](OCC2=CC=C(Br)C=C2)[C@@H](N=[N+]=[N-])[C@@H](O[C@H]3[C@H](OCC4=CC=CC=C4)[C@@H](OC(=O)C5=CC=CC=C5)[C@H](SC6=CC=C(C)C=C6)O[C@H]3COC(C)=O)O[C@@H]1CO[Si](C(C)(C)C)(C7=CC=CC=C7)C8=CC=CC=C8)[C@H]9[C@H](OC(=O)C%10=CC=CC=C%10)[C@@H](OCC%11=CC=CC=C%11)[C@H](O[C@@H]%12[C@H](N=[N+]=[N-])[C@@H](OCC%13=CC=C(Br)C=C%13)[C@H](OCC%14=CC%15=C(C=C%14)C=CC=C%15)[C@@H](CO[Si](C(C)(C)C)(C%16=CC=CC=C%16)C%17=CC=CC=C%17)O%12)[C@H](COC(C)=O)O9,thioglycoside,[Si](OC[C@H]1O[C@H](O[C@H]2[C@H](OCC3=CC=CC=C3)[C@@H](OC(=O)C4=CC=CC=C4)[C@H](OCCCCCN(CC5=CC=CC=C5)C(OCC6=CC=CC=C6)=O)O[C@H]2COC(C)=O)[C@H](N=[N+]=[N-])[C@@H](OCC7=CC=C(Br)C=C7)[C@@H]1O)(C(C)(C)C)(C8=CC=CC=C8)C9=CC=CC=C9,Dichloromethane,ClCCl,1,Trifluoromethanesulfonic acid,O=S(=O)(O)C(F)(F)F,1,78.0,1,180.0,1,a,0,CC(=O)OC[C@@H]1O[C@@H](Sc2ccc(C)cc2)[C@H](OC(=O)c2ccccc2)[C@@H](OCc2ccccc2)[C@@H]1O[C@H]1O[C@H](CO[Si](c2ccccc2)(c2ccccc2)C(C)(C)C)[C@@H](O[C@@H]2O[C@@H](COC(C)=O)[C@@H](O[C@H]3O[C@H](CO[Si](c4ccccc4)(c4ccccc4)C(C)(C)C)[C@@H](OCc4ccc5ccccc5c4)[C@H](OCc4ccc(Br)cc4)[C@H]3N=[N+]=[N-])[C@H](OCc3ccccc3)[C@H]2OC(=O)c2ccccc2)[C@H](OCc2ccc(Br)cc2)[C@H]1N=[N+]=[N-],CC(=O)OC[C@@H]1O[C@@H](OCCCCCN(Cc2ccccc2)C(=O)OCc2ccccc2)[C@H](OC(=O)c2ccccc2)[C@@H](OCc2ccccc2)[C@@H]1O[C@H]1O[C@H](CO[Si](c2ccccc2)(c2ccccc2)C(C)(C)C)[C@@H](O)[C@H](OCc2ccc(Br)cc2)[C@H]1N=[N+]=[N-],FBED2D4C
614,"United States, US11332490 B1 2022-05-17",专利,2022,31-614-CAS-32458057,O([C@H]1[C@H](OCC2=CC=C(Br)C=C2)[C@@H](N=[N+]=[N-])[C@@H](O[C@H]3[C@H](OCC4=CC=CC=C4)[C@@H](OC(=O)C5=CC=CC=C5)[C@H](SC6=CC=C(C)C=C6)O[C@H]3COC(C)=O)O[C@@H]1CO[Si](C(C)(C)C)(C7=CC=CC=C7)C8=CC=CC=C8)[C@H]9[C@H](OC(=O)C%10=CC=CC=C%10)[C@@H](OCC%11=CC=CC=C%11)[C@H](O[C@@H]%12[C@H](N=[N+]=[N-])[C@@H](OCC%13=CC=C(Br)C=C%13)[C@H](OCC%14=CC%15=C(C=C%14)C=CC=C%15)[C@@H](CO[Si](C(C)(C)C)(C%16=CC=CC=C%16)C%17=CC=CC=C%17)O%12)[C@H](COC(C)=O)O9,thioglycoside,[Si](OC[C@H]1O[C@H](O[C@H]2[C@H](OCC3=CC=CC=C3)[C@@H](OC(=O)C4=CC=CC=C4)[C@H](OCCCCCN(CC5=CC=CC=C5)C(OCC6=CC=CC=C6)=O)O[C@H]2COC(C)=O)[C@H](N=[N+]=[N-])[C@@H](OCC7=CC=C(Br)C=C7)[C@@H]1O)(C(C)(C)C)(C8=CC=CC=C8)C9=CC=CC=C9,Dichloromethane,ClCCl,1,Trifluoromethanesulfonic acid,O=S(=O)(O)C(F)(F)F,1,78.0,1,180.0,1,a,0,CC(=O)OC[C@@H]1O[C@@H](Sc2ccc(C)cc2)[C@H](OC(=O)c2ccccc2)[C@@H](OCc2ccccc2)[C@@H]1O[C@H]1O[C@H](CO[Si](c2ccccc2)(c2ccccc2)C(C)(C)C)[C@@H](O[C@@H]2O[C@@H](COC(C)=O)[C@@H](O[C@H]3O[C@H](CO[Si](c4ccccc4)(c4ccccc4)C(C)(C)C)[C@@H](OCc4ccc5ccccc5c4)[C@H](OCc4ccc(Br)cc4)[C@H]3N=[N+]=[N-])[C@H](OCc3ccccc3)[C@H]2OC(=O)c2ccccc2)[C@H](OCc2ccc(Br)cc2)[C@H]1N=[N+]=[N-],CC(=O)OC[C@@H]1O[C@@H](OCCCCCN(Cc2ccccc2)C(=O)OCc2ccccc2)[C@H](OC(=O)c2ccccc2)[C@@H](OCc2ccccc2)[C@@H]1O[C@H]1O[C@H](CO[Si](c2ccccc2)(c2ccccc2)C(C)(C)C)[C@@H](O)[C@H](OCc2ccc(Br)cc2)[C@H]1N=[N+]=[N-],FBED2D4C
615,"Tetrahedron (2002), 58(3), 521-530",期刊,2002,31-013-CAS-806847,O(C(C)=O)[C@@H]1[C@H]([C@H](SC2=CC=CC=C2)O[C@H](COC(C)=O)[C@H]1OC(C)=O)N3C(=O)C=4C(C3=O)=CC=CC4,thioglycoside,O([C@H]1[C@@H]([C@@H](OCC2=CC=CC=C2)[C@H](O)[C@@H](COCC3=CC=CC=C3)O1)N4C(=O)C=5C(C4=O)=CC=CC5)C6=CC=C(OC)C=C6,Dichloromethane,ClCCl,1,Trifluoromethanesulfonic acid,O=S(=O)(O)C(F)(F)F,1,,0,,0,b,1,CC(=O)OC[C@H]1O[C@@H](Sc2ccccc2)[C@H](N2C(=O)c3ccccc3C2=O)[C@@H](OC(C)=O)[C@@H]1OC(C)=O,COc1ccc(O[C@@H]2O[C@H](COCc3ccccc3)[C@@H](O)[C@H](OCc3ccccc3)[C@H]2N2C(=O)c3ccccc3C2=O)cc1,F9667BCE
616,"Trends in Carbohydrate Research (2016), 8(1), 14-25",期刊,2016,31-013-CAS-16946852,O(CC1=CC=CC=C1)[C@@H]2[C@H]([C@H](SC3=CC=CC=C3)O[C@H](COCC4=CC=CC=C4)[C@H]2OC(C)=O)N5C(=O)C=6C(C5=O)=CC=CC6,thioglycoside,O(CC1=CC=CC=C1)[C@@H]2[C@H]([C@H](O[C@H]3[C@H](OCC4=CC=CC=C4)[C@H](N=[N+]=[N-])[C@@H](OC)O[C@@H]3COCC5=CC=CC=C5)O[C@H](COCC6=CC=CC=C6)[C@H]2O[C@H]7[C@@H]([C@@H](OCC8=CC=CC=C8)[C@H](O)[C@@H](COCC9=CC=CC=C9)O7)N%10C(=O)C=%11C(C%10=O)=CC=CC%11)N%12C(=O)C=%13C(C%12=O)=CC=CC%13,Dichloromethane,ClCCl,1,N-Iodosuccinimide,O=C1N(I)C(=O)CC1,1,-25.0,1,60.0,1,b,1,CC(=O)O[C@H]1[C@H](OCc2ccccc2)[C@@H](N2C(=O)c3ccccc3C2=O)[C@H](Sc2ccccc2)O[C@@H]1COCc1ccccc1,CO[C@H]1O[C@H](COCc2ccccc2)[C@@H](O[C@@H]2O[C@H](COCc3ccccc3)[C@@H](O[C@@H]3O[C@H](COCc4ccccc4)[C@@H](O)[C@H](OCc4ccccc4)[C@H]3N3C(=O)c4ccccc4C3=O)[C@H](OCc3ccccc3)[C@H]2N2C(=O)c3ccccc3C2=O)[C@H](OCc2ccccc2)[C@@H]1N=[N+]=[N-],984C352B
617,"Journal of Organic Chemistry (1995), 60(15), 4680-1",期刊,1995,31-013-CAS-6134165,[Si](O[C@H]1[C@]2([C@](O[C@H](SC)[C@H]1OCC3=CC=C(OC)C=C3)(CO[C@H](O2)C4=CC=CC=C4)[H])[H])(C(C)(C)C)(C5=CC=CC=C5)C6=CC=CC=C6,thioglycoside,O([C@H]1[C@@H]([C@@H](OCC2=CC=CC=C2)[C@H](O)[C@@H](COCC3=CC=CC=C3)O1)N4C(=O)C=5C(C4=O)=CC=CC5)C6=CC=C(OC)C=C6,Dichloromethane,ClCCl,1,Methyl triflate,O=S(=O)(OC)C(F)(F)F,1,,0,,0,b,1,COc1ccc(CO[C@H]2[C@@H](O[Si](c3ccccc3)(c3ccccc3)C(C)(C)C)[C@@H]3O[C@H](c4ccccc4)OC[C@H]3O[C@@H]2SC)cc1,COc1ccc(O[C@@H]2O[C@H](COCc3ccccc3)[C@@H](O)[C@H](OCc3ccccc3)[C@H]2N2C(=O)c3ccccc3C2=O)cc1,9390BA59
618,"Journal of Carbohydrate Chemistry (1989), 8(5), 799-804",期刊,1989,31-013-CAS-12189660,O([C@@]1(C(OC)=O)O[C@@]([C@@H]([C@@H](COC(C)=O)OC(C)=O)OC(C)=O)([C@H](NC(C)=O)[C@@H](OC(C)=O)C1)[H])[C@H]2[C@@H](OC(=O)C3=CC=CC=C3)[C@@H](COC(=O)C4=CC=CC=C4)O[C@@H](SC)[C@@H]2OC(=O)C5=CC=CC=C5,thioglycoside,O([C@@H]1[C@@H](OCC2=CC=CC=C2)[C@H](O[C@H]3[C@H](OCC4=CC=CC=C4)[C@@H](OCC5=CC=CC=C5)[C@H](OCC[Si](C)(C)C)O[C@@H]3COCC6=CC=CC=C6)O[C@H](COCC7=CC=CC=C7)[C@@H]1OCC8=CC=CC=C8)[C@H]9[C@H](NC(C)=O)[C@@H](OCC%10=CC=C(OC)C=C%10)[C@H](O)[C@@H](COCC%11=CC=CC=C%11)O9,Dichloromethane,ClCCl,1,Triethylamine,N(CC)(CC)CC,1,,0,,0,b,1,COC(=O)[C@@]1(O[C@H]2[C@@H](OC(=O)c3ccccc3)[C@@H](COC(=O)c3ccccc3)O[C@@H](SC)[C@@H]2OC(=O)c2ccccc2)C[C@H](OC(C)=O)[C@@H](NC(C)=O)[C@H]([C@H](OC(C)=O)[C@@H](COC(C)=O)OC(C)=O)O1,COc1ccc(CO[C@H]2[C@H](O)[C@@H](COCc3ccccc3)O[C@@H](O[C@H]3[C@@H](OCc4ccccc4)[C@@H](COCc4ccccc4)O[C@@H](O[C@H]4[C@H](OCc5ccccc5)[C@@H](OCc5ccccc5)[C@H](OCC[Si](C)(C)C)O[C@@H]4COCc4ccccc4)[C@@H]3OCc3ccccc3)[C@@H]2NC(C)=O)cc1,02FACFD6
619,"European Patent Organization, EP1738764 A1 2007-01-03",专利,2007,31-013-CAS-1585686,O(CC1=CC=C(OC)C=C1)[C@H]2[C@]3([C@](O[C@@H](SCC)[C@@H]2OC(C)=O)(CO[C@H](O3)C4=CC=CC=C4)[H])[H],thioglycoside,O(CC1=CC=CC=C1)[C@@H]2[C@H]([C@H](OCC3=CC=CC=C3)O[C@H](COCC4=CC=CC=C4)[C@H]2O)N5C(=O)C=6C(C5=O)=CC=CC6,Dichloromethane,ClCCl,1,N-Iodosuccinimide,O=C1N(I)C(=O)CC1,1,,0,,0,b,1,CCS[C@@H]1O[C@@H]2CO[C@@H](c3ccccc3)O[C@H]2[C@H](OCc2ccc(OC)cc2)[C@H]1OC(C)=O,O=C1c2ccccc2C(=O)N1[C@H]1[C@H](OCc2ccccc2)O[C@H](COCc2ccccc2)[C@@H](O)[C@@H]1OCc1ccccc1,3329E808
620,"Journal of the American Chemical Society (2005), 127(27), 9692-9693",期刊,2005,31-013-CAS-7643019,O(CC1=CC=C(OC)C=C1)[C@H]2[C@]3([C@](O[C@@H](SCC)[C@@H]2OC(C)=O)(CO[C@H](O3)C4=CC=CC=C4)[H])[H],thioglycoside,O(CC1=CC=CC=C1)[C@@H]2[C@H]([C@H](OCC3=CC=CC=C3)O[C@H](COCC4=CC=CC=C4)[C@H]2O)N5C(=O)C=6C(C5=O)=CC=CC6,Dichloromethane,ClCCl,1,N-Iodosuccinimide,O=C1N(I)C(=O)CC1,1,25.0,1,30.0,1,b,1,CCS[C@@H]1O[C@@H]2CO[C@@H](c3ccccc3)O[C@H]2[C@H](OCc2ccc(OC)cc2)[C@H]1OC(C)=O,O=C1c2ccccc2C(=O)N1[C@H]1[C@H](OCc2ccccc2)O[C@H](COCc2ccccc2)[C@@H](O)[C@@H]1OCc1ccccc1,3329E808
621,"Polish Journal of Chemistry (2005), 79(2), 297-307",期刊,2005,31-013-CAS-9351524,O(CC=C)[C@H]1[C@]2([C@](O[C@H](SC3=CC=CC=C3)[C@H]1OCC4=CC=CC=C4)(CO[C@H](O2)C5=CC=CC=C5)[H])[H],thioglycoside,O([C@H]1[C@@H]([C@@H](OCC2=CC=CC=C2)[C@H](O)[C@@H](COCC3=CC=CC=C3)O1)N4C(=O)C=5C(C4=O)=CC=CC5)C6=CC=C(OC)C=C6,Dichloromethane,ClCCl,1,Sodium bicarbonate,[Na].O=C(O)O,1,-60.0,1,5.0,1,b,1,C=CCO[C@@H]1[C@H](OCc2ccccc2)[C@@H](Sc2ccccc2)O[C@@H]2CO[C@@H](c3ccccc3)O[C@@H]12,COc1ccc(O[C@@H]2O[C@H](COCc3ccccc3)[C@@H](O)[C@H](OCc3ccccc3)[C@H]2N2C(=O)c3ccccc3C2=O)cc1,2E041BF6
622,"Journal of Carbohydrate Chemistry (2002), 21(3), 247-255",期刊,2002,31-013-CAS-10192986,O([C@@]1(C(OC)=O)O[C@@]([C@@H]([C@@H](COC(C)=O)OC(C)=O)OC(C)=O)([C@H](NC(C)=O)[C@@H](OC(C)=O)C1)[H])[C@H]2[C@@H](OC(=O)C3=CC=CC=C3)[C@@H](COC(=O)C4=CC=CC=C4)O[C@@H](SC)[C@@H]2OC(=O)C5=CC=CC=C5,thioglycoside,N(C(C)=O)[C@@H]1[C@@H](OCC2=CC=C(OC)C=C2)[C@H](O)[C@@H](COCC3=CC=CC=C3)O[C@H]1OCC(CCCCCCCCCCCCCC)CCCCCCCCCCCCCC,Dichloromethane,ClCCl,1,Triethylamine,N(CC)(CC)CC,1,,0,,0,b,1,COC(=O)[C@@]1(O[C@H]2[C@@H](OC(=O)c3ccccc3)[C@@H](COC(=O)c3ccccc3)O[C@@H](SC)[C@@H]2OC(=O)c2ccccc2)C[C@H](OC(C)=O)[C@@H](NC(C)=O)[C@H]([C@H](OC(C)=O)[C@@H](COC(C)=O)OC(C)=O)O1,CCCCCCCCCCCCCCC(CCCCCCCCCCCCCC)CO[C@@H]1O[C@H](COCc2ccccc2)[C@@H](O)[C@H](OCc2ccc(OC)cc2)[C@H]1NC(C)=O,54A3A5A1
623,"Organic Letters (2017), 19(24), 6558-6561",期刊,2017,31-013-CAS-18353673,O(CC=C)[C@H]1[C@@]2([C@](O[C@@H](SC3=CC=C(C)C=C3)[C@@H]1OC(CCC(C)=O)=O)(CO[C@@H](O2)C4=CC=CC=C4)[H])[H],thioglycoside,O=C1N(C(=O)C=2C1=CC=CC2)[C@H]3[C@H](SC4=CC=C(C)C=C4)O[C@H](COCC5=CC=CC=C5)[C@@H](O)[C@@H]3O,Dichloromethane;Acetonitrile,ClCCl;N#CC,1,Tosyl chloride,O=S(=O)(Cl)C1=CC=C(C=C1)C,1,25.0,1,60.0,1,b,1,C=CCO[C@H]1[C@H]2O[C@@H](c3ccccc3)OC[C@H]2O[C@@H](Sc2ccc(C)cc2)[C@@H]1OC(=O)CCC(C)=O,Cc1ccc(S[C@@H]2O[C@H](COCc3ccccc3)[C@@H](O)[C@H](O)[C@H]2N2C(=O)c3ccccc3C2=O)cc1,7A99A105
624,"Carbohydrate Research (2002), 337(17), 1517-1522",期刊,2002,31-013-CAS-12991655,O(CC1=CC=CC=C1)[C@@H]2[C@@H](OCC3=CC=CC=C3)[C@H](SC4=CC=CC=C4)O[C@H](COCC5=CC=CC=C5)[C@@H]2OCC6=CC=CC=C6,thioglycoside,O([C@H]1[C@@H]([C@@H](OCC2=CC=CC=C2)[C@@H](O)[C@@H](COCC3=CC=CC=C3)O1)N4C(=O)C=5C(C4=O)=CC=CC5)[C@H]6[C@@]7([C@](O[C@@H](OCC8=CC=CC=C8)[C@@H]6OCC9=CC=CC=C9)(CO[C@@H](O7)C%10=CC=CC=C%10)[H])[H],Dichloromethane;Toluene,ClCCl;C=1C=CC(=CC1)C,1,Pyridine,N=1C=CC=CC1,1,25.0,1,5.0,1,a,0,c1ccc(COC[C@H]2O[C@@H](Sc3ccccc3)[C@H](OCc3ccccc3)[C@@H](OCc3ccccc3)[C@H]2OCc2ccccc2)cc1,O=C1c2ccccc2C(=O)N1[C@H]1[C@H](O[C@H]2[C@H]3O[C@@H](c4ccccc4)OC[C@H]3O[C@@H](OCc3ccccc3)[C@@H]2OCc2ccccc2)O[C@H](COCc2ccccc2)[C@H](O)[C@@H]1OCc1ccccc1,D1DAD940
625,"Journal of Carbohydrate Chemistry (1991), 10(6), 1067-78",期刊,1991,31-013-CAS-15212321,O(C(C)=O)[C@@H]1[C@H]([C@H](SCC)O[C@H](COC(C)=O)[C@H]1OC(C)=O)N2C(=O)C=3C(C2=O)=CC=CC3,thioglycoside,O(C(=O)C1=CC=CC=C1)[C@@H]2[C@H]([C@H](OCC3=CC=CC=C3)O[C@H](COC(=O)C4=CC=CC=C4)[C@H]2O)N5C(=O)C=6C(C5=O)=CC=CC6,Dichloromethane,ClCCl,1,,,0,,0,,0,b,1,CCS[C@@H]1O[C@H](COC(C)=O)[C@@H](OC(C)=O)[C@H](OC(C)=O)[C@H]1N1C(=O)c2ccccc2C1=O,O=C(OC[C@H]1O[C@@H](OCc2ccccc2)[C@H](N2C(=O)c3ccccc3C2=O)[C@@H](OC(=O)c2ccccc2)[C@@H]1O)c1ccccc1,A72094E1
626,"Tetrahedron (2023), 137, 133379",期刊,2023,31-614-CAS-39984457,O(C(C)=O)[C@H]1[C@H](OC(C)=O)[C@@H](COC(C)=O)O[C@@H](SCC)[C@@H]1OC(C)=O,thioglycoside,O([C@H]1[C@]2([C@](O[C@H](O[C@H]3[C@H](OCC4=CC=CC=C4)[C@H](OC5=CC=C(OC)C=C5)O[C@@H](C)[C@H]3OCC6=CC=CC=C6)[C@@H]1OCC7=CC=CC=C7)(CO[C@H](O2)C8=CC=CC=C8)[H])[H])[C@H]9[C@@H](OCC%10=CC=CC=C%10)[C@H](O[C@H]%11[C@@H]([C@@H](O)[C@H](O)[C@@H](COCC%12=CC=CC=C%12)O%11)N%13C(=O)C=%14C(C%13=O)=CC=CC%14)[C@H](OCC%15=CC=CC=C%15)[C@H](C)O9,Dichloromethane,ClCCl,1,N-Iodosuccinimide,O=C1N(I)C(=O)CC1,1,-20.0,1,45.0,1,b,1,CCS[C@@H]1O[C@H](COC(C)=O)[C@@H](OC(C)=O)[C@H](OC(C)=O)[C@H]1OC(C)=O,COc1ccc(O[C@@H]2O[C@@H](C)[C@@H](OCc3ccccc3)[C@@H](O[C@H]3O[C@@H]4CO[C@@H](c5ccccc5)O[C@H]4[C@H](O[C@@H]4O[C@@H](C)[C@@H](OCc5ccccc5)[C@@H](O[C@@H]5O[C@H](COCc6ccccc6)[C@@H](O)[C@H](O)[C@H]5N5C(=O)c6ccccc6C5=O)[C@@H]4OCc4ccccc4)[C@H]3OCc3ccccc3)[C@@H]2OCc2ccccc2)cc1,D8F15907
627,"Chemistry - A European Journal (2002), 8(1), 151-161",期刊,2002,31-013-CAS-5538936,O(C(C)=O)[C@@H]1[C@H]([C@H](SCC)O[C@H](COCC2=CC=CC=C2)[C@@H]1OCC3=CC=CC=C3)N4C(=O)C=5C(C4=O)=CC=CC5,thioglycoside,O(CC=C)[C@@H]1[C@H]([C@H](SCC)O[C@H](COCC2=CC=CC=C2)[C@H]1O)N3C(=O)C=4C(C3=O)=CC=CC4,Dichloromethane;Toluene,ClCCl;C=1C=CC(=CC1)C,1,Bromine,BrBr,1,,0,,0,b,1,CCS[C@@H]1O[C@H](COCc2ccccc2)[C@H](OCc2ccccc2)[C@H](OC(C)=O)[C@H]1N1C(=O)c2ccccc2C1=O,C=CCO[C@H]1[C@H](O)[C@@H](COCc2ccccc2)O[C@@H](SCC)[C@@H]1N1C(=O)c2ccccc2C1=O,430BCE44
628,"Journal of the American Chemical Society (2010), 132(42), 14849-14856",期刊,2010,31-013-CAS-11595421,O(C(C)=O)[C@@H]1[C@@H](OC(C)=O)[C@@H](OC(C)=O)[C@@H](COC(C)=O)O[C@H]1SC2=CC=C(C)C=C2,thioglycoside,S([C@H]1[C@@H]([C@@H](OCC2=CC=CC=C2)[C@H](O)[C@@H](COCC3=CC=CC=C3)O1)N4C(=O)C=5C(C4=O)=CC=CC5)C6=CC=C(C)C=C6,Dichloromethane,ClCCl,1,1-(Phenylsulfonyl)piperidine,O=S(=O)(C=1C=CC=CC1)N2CCCCC2,1,25.0,1,120.0,1,b,1,CC(=O)OC[C@H]1O[C@@H](Sc2ccc(C)cc2)[C@H](OC(C)=O)[C@@H](OC(C)=O)[C@H]1OC(C)=O,Cc1ccc(S[C@@H]2O[C@H](COCc3ccccc3)[C@@H](O)[C@H](OCc3ccccc3)[C@H]2N2C(=O)c3ccccc3C2=O)cc1,5A46BE0C
629,"Angewandte Chemie, International Edition (2016), 55(41), 12850-12853",期刊,2016,31-013-CAS-16173156,O(CC1=CC=CC=C1)[C@@H]2[C@@H](SCC)O[C@@H](C)[C@@H](OCC3=CC=CC=C3)C2,thioglycoside,O([C@@H]1[C@H](OCC2=CC=CC=C2)[C@@H](OCC3=CC=CC=C3)[C@@H](O[C@@H]4[C@@H](NC(C(Cl)(Cl)Cl)=O)[C@H](OCCOCCOCCN=[N+]=[N-])O[C@H](CBr)[C@H]4OCC5=CC=CC=C5)O[C@@H]1C(OCC6=CC=CC=C6)=O)[C@H]7[C@H](NC(C(Cl)(Cl)Cl)=O)[C@@H](O[C@@H]8O[C@H](COC(C)=O)[C@H](OC(C)=O)[C@H](OC(C)=O)[C@H]8O)[C@H](O)[C@@H](COCC9=CC=CC=C9)O7,Dichloromethane,ClCCl,1,Tetrabutylammonium bromide,[Br-].CCCC[N+](CCCC)(CCCC)CCCC,1,25.0,1,5.0,1,a,0,CCS[C@H]1O[C@@H](C)[C@@H](OCc2ccccc2)C[C@@H]1OCc1ccccc1,CC(=O)OC[C@H]1O[C@@H](O[C@H]2[C@H](O)[C@@H](COCc3ccccc3)O[C@@H](O[C@@H]3[C@H](OCc4ccccc4)[C@@H](OCc4ccccc4)[C@@H](O[C@@H]4[C@@H](NC(=O)C(Cl)(Cl)Cl)[C@H](OCCOCCOCCN=[N+]=[N-])O[C@H](CBr)[C@H]4OCc4ccccc4)O[C@@H]3C(=O)OCc3ccccc3)[C@@H]2NC(=O)C(Cl)(Cl)Cl)[C@H](O)[C@@H](OC(C)=O)[C@H]1OC(C)=O,46269A58
630,"Russian Chemical Bulletin (2015), 64(12), 2932-2941",期刊,2015,31-013-CAS-16396098,O(CC1=CC=CC=C1)[C@@H]2[C@H]([C@H](SCC)O[C@H](COCC3=CC=CC=C3)[C@H]2OC(CCl)=O)N4C(=O)C=5C(C4=O)=CC=CC5,thioglycoside,O([C@H]1[C@@H]([C@@H](OCC2=CC=CC=C2)[C@H](O)[C@@H](COCC3=CC=CC=C3)O1)N4C(=O)C=5C(C4=O)=CC=CC5)C6=CC=C(OC)C=C6,Dichloromethane,ClCCl,1,Trifluoromethanesulfonic acid,O=S(=O)(O)C(F)(F)F,1,-25.0,1,90.0,1,b,1,CCS[C@@H]1O[C@H](COCc2ccccc2)[C@@H](OC(=O)CCl)[C@H](OCc2ccccc2)[C@H]1N1C(=O)c2ccccc2C1=O,COc1ccc(O[C@@H]2O[C@H](COCc3ccccc3)[C@@H](O)[C@H](OCc3ccccc3)[C@H]2N2C(=O)c3ccccc3C2=O)cc1,571B7ACB
631,"Organic Letters (2021), 23(15), 5922-5926",期刊,2021,31-614-CAS-34954204,O([Si](C(C)(C)C)(C)C)[C@H]1[C@@]2([C@](O[C@@H](SC3=CC=CC=C3)[C@@H]1NC(C(Cl)(Cl)Cl)=O)(CO[C@@H](O2)C4=CC=CC=C4)[H])[H],thioglycoside,N(C(=O)C1=CC=CC=C1)[C@H]2[C@H](OC3=CC=C(OC)C=C3)O[C@H](C(OCC4=CC=CC=C4)=O)[C@@H](O)[C@@H]2OC(=O)C5=CC=CC=C5,Dichloromethane,ClCCl,1,Trimethylsilyl triflate,O=S(=O)(O[Si](C)(C)C)C(F)(F)F,1,-78.0,1,120.0,1,a,0,CC(C)(C)[Si](C)(C)O[C@@H]1[C@@H](NC(=O)C(Cl)(Cl)Cl)[C@H](Sc2ccccc2)O[C@@H]2CO[C@H](c3ccccc3)O[C@H]12,COc1ccc(O[C@@H]2O[C@H](C(=O)OCc3ccccc3)[C@@H](O)[C@H](OC(=O)c3ccccc3)[C@H]2NC(=O)c2ccccc2)cc1,F158EC5F
632,"Analytical Chemistry (Washington, DC, United States) (2017), 89(8), 4540-4549",期刊,2017,31-013-CAS-17024989,O(CC1=CC=CC=C1)[C@@H]2[C@@H](OCC3=CC=CC=C3)[C@H](SC4=CC=CC=C4)O[C@H](COCC5=CC=CC=C5)[C@@H]2OCC6=CC=CC=C6,thioglycoside,O([C@H]1[C@@H]([C@@H](OC(C)=O)[C@H](O)[C@@H](COC(=O)C2=CC=CC=C2)O1)N3C(=O)C=4C(C3=O)=CC=CC4)C5=CC=C(OC)C=C5,Dichloromethane,ClCCl,1,N-Iodosuccinimide,O=C1N(I)C(=O)CC1,1,25.0,1,10.0,1,a,0,c1ccc(COC[C@H]2O[C@@H](Sc3ccccc3)[C@H](OCc3ccccc3)[C@@H](OCc3ccccc3)[C@H]2OCc2ccccc2)cc1,COc1ccc(O[C@@H]2O[C@H](COC(=O)c3ccccc3)[C@@H](O)[C@H](OC(C)=O)[C@H]2N2C(=O)c3ccccc3C2=O)cc1,81DF6396
633,"Trends in Carbohydrate Research (2016), 8(1), 14-25",期刊,2016,31-013-CAS-16946850,O(CC1=CC=CC=C1)[C@@H]2[C@H]([C@H](SC3=CC=CC=C3)O[C@H](COCC4=CC=CC=C4)[C@H]2OC(C)=O)N5C(=O)C=6C(C5=O)=CC=CC6,thioglycoside,O([C@H]1[C@@H]([C@@H](OCC2=CC=CC=C2)[C@H](O)[C@@H](COCC3=CC=CC=C3)O1)N4C(=O)C=5C(C4=O)=CC=CC5)[C@H]6[C@H](OCC7=CC=CC=C7)[C@H](N=[N+]=[N-])[C@@H](OCC8=CC=CC=C8)O[C@@H]6COCC9=CC=CC=C9,Dichloromethane,ClCCl,1,N-Iodosuccinimide,O=C1N(I)C(=O)CC1,1,-25.0,1,30.0,1,b,1,CC(=O)O[C@H]1[C@H](OCc2ccccc2)[C@@H](N2C(=O)c3ccccc3C2=O)[C@H](Sc2ccccc2)O[C@@H]1COCc1ccccc1,[N-]=[N+]=N[C@@H]1[C@@H](OCc2ccccc2)O[C@H](COCc2ccccc2)[C@@H](O[C@@H]2O[C@H](COCc3ccccc3)[C@@H](O)[C@H](OCc3ccccc3)[C@H]2N2C(=O)c3ccccc3C2=O)[C@@H]1OCc1ccccc1,D3C82B10
634,"Journal of Biological Chemistry (2012), 287(9), 6592-6602",期刊,2012,31-013-CAS-10701943,O([Si](C(C)(C)C)(C)C)[C@H]1[C@@]2([C@](O[C@@H](SCC)[C@@H]1OC(C(C)(C)C)=O)(COC(O2)C3=CC=CC=C3)[H])[H],thioglycoside,N(C(C(Cl)(Cl)Cl)=O)[C@@H]1[C@@H](OCC2=CC=CC=C2)[C@H](O)[C@@H](COCC3=CC=CC=C3)O[C@H]1OCCCCCN(CC4=CC=CC=C4)C(OCC5=CC=CC=C5)=O,Dichloromethane,ClCCl,1,Trifluoromethanesulfonic acid,O=S(=O)(O)C(F)(F)F,1,-40.0,1,30.0,1,b,1,CCS[C@@H]1O[C@@H]2COC(c3ccccc3)O[C@@H]2[C@H](O[Si](C)(C)C(C)(C)C)[C@H]1OC(=O)C(C)(C)C,O=C(OCc1ccccc1)N(CCCCCO[C@@H]1O[C@H](COCc2ccccc2)[C@@H](O)[C@H](OCc2ccccc2)[C@H]1NC(=O)C(Cl)(Cl)Cl)Cc1ccccc1,032FCBE8
635,"Angewandte Chemie, International Edition (2020), 59(16), 6451-6458",期刊,2020,31-013-CAS-21774290,O(CC1=CC=CC=C1)[C@H]2[C@H](OCC3=CC=CC=C3)[C@H](OCC4=CC=CC=C4)[C@@H](SC5=CC=C(C)C=C5)O[C@@]2([C@H](COC(C)=O)OC(C)=O)[H],thioglycoside,[Si](OC[C@@H]1[C@@H](O)[C@H](OC(C)=O)[C@@H](NC(OCC(Cl)(Cl)Cl)=O)[C@H](OCCCN(CC2=CC=CC=C2)C(OCC3=CC=CC=C3)=O)O1)(C(C)(C)C)(C4=CC=CC=C4)C5=CC=CC=C5,Dichloromethane;Diethyl ether,ClCCl;O(CC)CC,1,Triethylamine,N(CC)(CC)CC,1,25.0,1,20.0,1,a,0,CC(=O)OC[C@H](OC(C)=O)[C@H]1O[C@H](Sc2ccc(C)cc2)[C@@H](OCc2ccccc2)[C@@H](OCc2ccccc2)[C@@H]1OCc1ccccc1,CC(=O)O[C@H]1[C@H](O)[C@@H](CO[Si](c2ccccc2)(c2ccccc2)C(C)(C)C)O[C@@H](OCCCN(Cc2ccccc2)C(=O)OCc2ccccc2)[C@@H]1NC(=O)OCC(Cl)(Cl)Cl,078087DB
636,"Carbohydrate Research (1997), 300(2), 127-138",期刊,1997,31-013-CAS-13659998,O(CC1=CC=CC=C1)[C@@H]2[C@H]([C@H](SCC)O[C@H](COC(C)=O)[C@@H]2OC(C)=O)N3C(=O)C=4C(C3=O)=CC=CC4,thioglycoside,O([C@H]1[C@@H]([C@@H](OCC2=CC=CC=C2)[C@H](O)[C@@H](COCC3=CC=CC=C3)O1)N4C(=O)C=5C(C4=O)=CC=CC5)[C@H]6[C@@H](OCC7=CC=CC=C7)[C@H](OCC8=CC=CC=C8)[C@@H](COCC9=CC=CC=C9)O[C@@H]6OCC=C,Dichloromethane;Toluene,ClCCl;C=1C=CC(=CC1)C,1,Silver triflate,[Ag].O=S(=O)(O)C(F)(F)F,1,0.0,1,30.0,1,b,1,CCS[C@@H]1O[C@H](COC(C)=O)[C@H](OC(C)=O)[C@H](OCc2ccccc2)[C@H]1N1C(=O)c2ccccc2C1=O,C=CCO[C@H]1O[C@H](COCc2ccccc2)[C@@H](OCc2ccccc2)[C@H](OCc2ccccc2)[C@@H]1O[C@@H]1O[C@H](COCc2ccccc2)[C@@H](O)[C@H](OCc2ccccc2)[C@H]1N1C(=O)c2ccccc2C1=O,885E2D0D
637,"Tetrahedron (2008), 64(37), 8685-8691",期刊,2008,31-013-CAS-2832294,O(C(C)=O)[C@H]1[C@@]2([C@](O[C@@H](SCC)[C@@H]1OC(C)=O)(CO[C@@H](O2)C3=CC=CC=C3)[H])[H],thioglycoside,O([C@@H]1[C@@H](OCC2=CC=CC=C2)[C@H](O[C@H]3[C@H](OCC4=CC=CC=C4)[C@@H](OCC5=CC=CC=C5)[C@H](OC6=CC=C(OC)C=C6)O[C@@H]3COCC7=CC=CC=C7)O[C@H](COCC8=CC=CC=C8)[C@@H]1OC(C)=O)[C@H]9[C@@H]([C@@H](O)[C@H](O)[C@@H](COCC%10=CC=CC=C%10)O9)N%11C(=O)C=%12C(C%11=O)=CC=CC%12,Dichloromethane,ClCCl,1,N-Iodosuccinimide,O=C1N(I)C(=O)CC1,1,25.0,1,30.0,1,b,1,CCS[C@@H]1O[C@@H]2CO[C@H](c3ccccc3)O[C@@H]2[C@H](OC(C)=O)[C@H]1OC(C)=O,COc1ccc(O[C@@H]2O[C@H](COCc3ccccc3)[C@@H](O[C@@H]3O[C@H](COCc4ccccc4)[C@H](OC(C)=O)[C@H](O[C@@H]4O[C@H](COCc5ccccc5)[C@@H](O)[C@H](O)[C@H]4N4C(=O)c5ccccc5C4=O)[C@H]3OCc3ccccc3)[C@H](OCc3ccccc3)[C@H]2OCc2ccccc2)cc1,BA37B41F
638,"Carbohydrate Research (2009), 344(3), 285-290",期刊,2009,31-013-CAS-12076595,O(CC1=CC=CC=C1)[C@H]2[C@H](OCC3=CC=CC=C3)[C@@H](SCCCCCCCCCCCC)O[C@@H](C)[C@H]2OCC4=CC=CC=C4,thioglycoside,O([C@@H]1[C@H]([C@@H](OC)O[C@H](COCC2=CC=CC=C2)[C@H]1O)N3C(=O)C=4C(C3=O)=CC=CC4)[C@H]5[C@H](OC(C)=O)[C@@H](OC(C)=O)[C@@H](OC(C)=O)[C@@H](COC(C)=O)O5,Dichloromethane,ClCCl,1,Triethylamine,N(CC)(CC)CC,1,-78.0,1,15.0,1,a,0,CCCCCCCCCCCCS[C@H]1O[C@@H](C)[C@@H](OCc2ccccc2)[C@@H](OCc2ccccc2)[C@@H]1OCc1ccccc1,CO[C@H]1O[C@H](COCc2ccccc2)[C@@H](O)[C@H](O[C@@H]2O[C@H](COC(C)=O)[C@H](OC(C)=O)[C@H](OC(C)=O)[C@H]2OC(C)=O)[C@H]1N1C(=O)c2ccccc2C1=O,FF30580F
639,"Tetrahedron (2001), 57(19), 4123-4132",期刊,2001,31-013-CAS-14512141,[Si](O[C@H]1[C@]2([C@](O[C@H](SC)[C@H]1OCC3=CC=C(OC)C=C3)(COC4(O2)CCCCC4)[H])[H])(C(C)(C)C)(C5=CC=CC=C5)C6=CC=CC=C6,thioglycoside,O([C@H]1[C@@H]([C@@H](OCC2=CC=CC=C2)[C@H](O)[C@@H](COCC3=CC=CC=C3)O1)N4C(=O)C=5C(C4=O)=CC=CC5)C6=CC=C(OC)C=C6,Dichloromethane,ClCCl,1,Triethylamine,N(CC)(CC)CC,1,,0,,0,b,1,COc1ccc(CO[C@H]2[C@@H](O[Si](c3ccccc3)(c3ccccc3)C(C)(C)C)[C@@H]3OC4(CCCCC4)OC[C@H]3O[C@@H]2SC)cc1,COc1ccc(O[C@@H]2O[C@H](COCc3ccccc3)[C@@H](O)[C@H](OCc3ccccc3)[C@H]2N2C(=O)c3ccccc3C2=O)cc1,EEC5558A
640,"Organic & Biomolecular Chemistry (2009), 7(15), 3128-3140",期刊,2009,31-013-CAS-2274810,O(CC=C)[C@H]1[C@]2([C@](O[C@@H](SCC)[C@@H]1OC(C)=O)(COC(O2)C3=CC=CC=C3)[H])[H],thioglycoside,O([C@H]1[C@@H]([C@@H](OCC2=CC=CC=C2)[C@H](O)[C@@H](COCC3=CC=CC=C3)O1)N4C(=O)C=5C(C4=O)=CC=CC5)C6=CC=C(OC)C=C6,Dichloromethane,ClCCl,1,Methyl triflate,O=S(=O)(OC)C(F)(F)F,1,25.0,1,900.0,1,b,1,C=CCO[C@@H]1[C@@H](OC(C)=O)[C@H](SCC)O[C@@H]2COC(c3ccccc3)O[C@@H]12,COc1ccc(O[C@@H]2O[C@H](COCc3ccccc3)[C@@H](O)[C@H](OCc3ccccc3)[C@H]2N2C(=O)c3ccccc3C2=O)cc1,0227B26E
641,"Journal of the American Chemical Society (2008), 130(20), 6330-6331",期刊,2008,31-013-CAS-4419623,O([Si](C)(C)C)[C@H]1[C@@H](OCC2=CC3=C(C=C2)C=CC=C3)[C@H](SC)O[C@@H](C)[C@@H]1OCC4=CC=CC=C4,thioglycoside,O([C@H]1[C@@H]([C@@H](OCC2=CC=CC=C2)[C@H](O)[C@@H](COCC3=CC=CC=C3)O1)N4C(=O)C=5C(C4=O)=CC=CC5)C6=CC=C(OC)C=C6,Dichloromethane,ClCCl,1,Methyl trifluoroacetate,O=C(OC)C(F)(F)F,1,0.0,1,240.0,1,b,1,CS[C@@H]1O[C@@H](C)[C@H](OCc2ccccc2)[C@@H](O[Si](C)(C)C)[C@H]1OCc1ccc2ccccc2c1,COc1ccc(O[C@@H]2O[C@H](COCc3ccccc3)[C@@H](O)[C@H](OCc3ccccc3)[C@H]2N2C(=O)c3ccccc3C2=O)cc1,3CAD497E
642,"Mendeleev Communications (2007), 17(1), 10-13",期刊,2007,31-013-CAS-2510471,O(CC1=CC=CC=C1)[C@@H]2[C@H]([C@H](SCC)O[C@H](COCC3=CC=CC=C3)[C@H]2OC(CCl)=O)N4C(=O)C=5C(C4=O)=CC=CC5,thioglycoside,O(CC1=CC=CC=C1)[C@@H]2[C@H]([C@H](OCC3=CC=CC=C3)O[C@H](COC4=CC=C(OC)C=C4)[C@H]2O)N5C(=O)C=6C(C5=O)=CC=CC6,Dichloromethane,ClCCl,1,N-Iodosuccinimide,O=C1N(I)C(=O)CC1,1,-20.0,1,,0,b,1,CCS[C@@H]1O[C@H](COCc2ccccc2)[C@@H](OC(=O)CCl)[C@H](OCc2ccccc2)[C@H]1N1C(=O)c2ccccc2C1=O,COc1ccc(OC[C@H]2O[C@@H](OCc3ccccc3)[C@H](N3C(=O)c4ccccc4C3=O)[C@@H](OCc3ccccc3)[C@@H]2O)cc1,9F8DA7D1
643,"Organic Letters (2020), 22(21), 8349-8353",期刊,2020,31-013-CAS-23514743,O(CC1=CC=C(OC)C=C1)[C@H]2[C@]3([C@](O[C@H](SC4=CC=CC=C4)[C@H]2OCC5=CC=CC=C5)(CO[C@H](O3)C6=CC=CC=C6)[H])[H],thioglycoside,O([Si](C(C(C)C)(C)C)(C)C)[C@H]1[C@@H]([C@@H](OCC2=CC=CC=C2)[C@H](O)[C@@H](COCC3=CC=CC=C3)O1)N4C(=O)C=5C(C4=O)=CC=CC5,Dichloromethane,ClCCl,1,Triethylamine,N(CC)(CC)CC,1,-78.0,1,30.0,1,b,1,COc1ccc(CO[C@@H]2[C@H](OCc3ccccc3)[C@@H](Sc3ccccc3)O[C@@H]3CO[C@@H](c4ccccc4)O[C@@H]23)cc1,CC(C)C(C)(C)[Si](C)(C)O[C@@H]1O[C@H](COCc2ccccc2)[C@@H](O)[C@H](OCc2ccccc2)[C@H]1N1C(=O)c2ccccc2C1=O,65EFE487
644,"ACS Chemical Biology (2021), 16(11), 2673-2689",期刊,2021,31-614-CAS-34956360,O(C(=O)C1=CC=CC=C1)[C@H]2[C@@]3([C@](O[C@@H](SC4=CC=C(C)C=C4)[C@@H]2OC(=O)C5=CC=CC=C5)(CO[C@@H](O3)C6=CC=CC=C6)[H])[H],thioglycoside,[Si](OC[C@H]1O[C@@H](OCCCN=[N+]=[N-])[C@@H]([C@@H](O)[C@@H]1O)N2C(=O)C=3C(C2=O)=CC=CC3)(C(C)(C)C)(C4=CC=CC=C4)C5=CC=CC=C5,Dichloromethane,ClCCl,1,N-Iodosuccinimide,O=C1N(I)C(=O)CC1,1,-78.0,1,120.0,1,b,1,Cc1ccc(S[C@@H]2O[C@@H]3CO[C@H](c4ccccc4)O[C@@H]3[C@H](OC(=O)c3ccccc3)[C@H]2OC(=O)c2ccccc2)cc1,CC(C)(C)[Si](OC[C@H]1O[C@@H](OCCCN=[N+]=[N-])[C@H](N2C(=O)c3ccccc3C2=O)[C@@H](O)[C@@H]1O)(c1ccccc1)c1ccccc1,F4C374C7
645,"Angewandte Chemie, International Edition (2021), 60(26), 14679-14692",期刊,2021,31-614-CAS-40218495,O(C(=O)C1=CC=CC=C1)[C@H]2[C@@H](OC(=O)C3=CC=CC=C3)[C@@H](COCC4=CC=CC=C4)O[C@@H](SCC)[C@@H]2OC(=O)C5=CC=CC=C5,thioglycoside,O([C@@H]1[C@@H](OC(=O)C2=CC=CC=C2)[C@H](OCCCCCN(CC3=CC=CC=C3)C(OCC4=CC=CC=C4)=O)O[C@H](COCC5=CC=CC=C5)[C@@H]1OCC6=CC=CC=C6)[C@H]7[C@H](NC(C(Cl)(Cl)Cl)=O)[C@@H](OC(CCC(C)=O)=O)[C@H](O)[C@@H](COCC8=CC=CC=C8)O7,Dichloromethane,ClCCl,1,N-Iodosuccinimide,O=C1N(I)C(=O)CC1,1,-15.0,1,240.0,1,b,1,CCS[C@@H]1O[C@H](COCc2ccccc2)[C@H](OC(=O)c2ccccc2)[C@H](OC(=O)c2ccccc2)[C@H]1OC(=O)c1ccccc1,CC(=O)CCC(=O)O[C@H]1[C@H](O)[C@@H](COCc2ccccc2)O[C@@H](O[C@H]2[C@@H](OCc3ccccc3)[C@@H](COCc3ccccc3)O[C@@H](OCCCCCN(Cc3ccccc3)C(=O)OCc3ccccc3)[C@@H]2OC(=O)c2ccccc2)[C@@H]1NC(=O)C(Cl)(Cl)Cl,3893AE8A
646,"Organic Letters (2020), 22(4), 1520-1524",期刊,2020,31-013-CAS-21608787,O(CC1=CC=CC=C1)[C@H]2[C@H](OCC3=CC=CC=C3)[C@@H](N=[N+]=[N-])[C@@H](SC4=CC=C(C)C=C4)O[C@@H]2COC(=O)C5=CC=CC=C5,thioglycoside,S([C@H]1[C@@H]([C@@H](OCC2=CC=CC=C2)[C@H](O)[C@@H](COCC3=CC=CC=C3)O1)N4C(=O)C=5C(C4=O)=CC=CC5)C6=CC=C(C)C=C6,Diethyl ether,O(CC)CC,1,Triethylamine,N(CC)(CC)CC,1,-78.0,1,15.0,1,a,0,Cc1ccc(S[C@H]2O[C@H](COC(=O)c3ccccc3)[C@@H](OCc3ccccc3)[C@H](OCc3ccccc3)[C@H]2N=[N+]=[N-])cc1,Cc1ccc(S[C@@H]2O[C@H](COCc3ccccc3)[C@@H](O)[C@H](OCc3ccccc3)[C@H]2N2C(=O)c3ccccc3C2=O)cc1,BD336E5B
647,"Chemistry - A European Journal (2023), 29(4), e202203252",期刊,2023,31-614-CAS-38186264,O(CC=C)[C@H]1[C@]2([C@](O[C@@H](SCC)[C@@H]1OC(CCC(C)=O)=O)(CO[C@H](O2)C3=CC=CC=C3)[H])[H],thioglycoside,O(CC1=CC=CC=C1)[C@@H]2[C@H]([C@H](OCC3=CC=CC=C3)O[C@H](COCC4=CC=CC=C4)[C@H]2O)N5C(=O)C=6C(C5=O)=CC=CC6,Dichloromethane,ClCCl,1,Methyl triflate,O=S(=O)(OC)C(F)(F)F,1,25.0,1,1200.0,1,b,1,C=CCO[C@@H]1[C@@H](OC(=O)CCC(C)=O)[C@H](SCC)O[C@@H]2CO[C@@H](c3ccccc3)O[C@@H]12,O=C1c2ccccc2C(=O)N1[C@H]1[C@H](OCc2ccccc2)O[C@H](COCc2ccccc2)[C@@H](O)[C@@H]1OCc1ccccc1,99E4244B
648,"Journal of the American Chemical Society (2013), 135(45), 16895-16903",期刊,2013,31-013-CAS-10911479,O(CC1=CC=CC=C1)[C@H]2[C@]3([C@](O[C@@H](SCC)[C@@H]2OC(CCC(C)=O)=O)(CO[C@H](O3)C4=CC=CC=C4)[H])[H],thioglycoside,O([C@H]1[C@@H]([C@@H](OCC2=CC=CC=C2)[C@H](O)[C@@H](COCC3=CC=CC=C3)O1)N4C(=O)C=5C(C4=O)=CC=CC5)C6=CC=CC=C6,Dichloromethane,ClCCl,1,N-Iodosuccinimide,O=C1N(I)C(=O)CC1,1,25.0,1,60.0,1,b,1,CCS[C@@H]1O[C@@H]2CO[C@@H](c3ccccc3)O[C@H]2[C@H](OCc2ccccc2)[C@H]1OC(=O)CCC(C)=O,O=C1c2ccccc2C(=O)N1[C@H]1[C@H](Oc2ccccc2)O[C@H](COCc2ccccc2)[C@@H](O)[C@@H]1OCc1ccccc1,88E7B092
649,"Journal of the American Chemical Society (2010), 132(42), 14849-14856",期刊,2010,31-013-CAS-13457439,O(C(C)=O)[C@@H]1[C@@H](OC(C)=O)[C@@H](OC(C)=O)[C@@H](COC(C)=O)O[C@H]1SC2=CC=C(C)C=C2,thioglycoside,O(CC1=CC=CC=C1)[C@@H]2[C@H]([C@H](OCCCCCN=[N+]=[N-])O[C@H](COCC3=CC=CC=C3)[C@H]2O)N4C(=O)C=5C(C4=O)=CC=CC5,Dichloromethane,ClCCl,1,Trifluoromethanesulfonic acid,O=S(=O)(O)C(F)(F)F,1,25.0,1,120.0,1,b,1,CC(=O)OC[C@H]1O[C@@H](Sc2ccc(C)cc2)[C@H](OC(C)=O)[C@@H](OC(C)=O)[C@H]1OC(C)=O,[N-]=[N+]=NCCCCCO[C@@H]1O[C@H](COCc2ccccc2)[C@@H](O)[C@H](OCc2ccccc2)[C@H]1N1C(=O)c2ccccc2C1=O,7F1FB43E
650,"Organic Letters (2020), 22(4), 1520-1524",期刊,2020,31-013-CAS-21608786,O(CC1=CC=CC=C1)[C@H]2[C@H](OCC3=CC=CC=C3)[C@@H](N=[N+]=[N-])[C@@H](SC4=CC=C(C)C=C4)O[C@@H]2CO[Si](C(C)(C)C)(C)C,thioglycoside,S([C@H]1[C@@H]([C@@H](OCC2=CC=CC=C2)[C@H](O)[C@@H](COCC3=CC=CC=C3)O1)N4C(=O)C=5C(C4=O)=CC=CC5)C6=CC=C(C)C=C6,Diethyl ether,O(CC)CC,1,Triethylamine,N(CC)(CC)CC,1,-78.0,1,15.0,1,a,0,Cc1ccc(S[C@H]2O[C@H](CO[Si](C)(C)C(C)(C)C)[C@@H](OCc3ccccc3)[C@H](OCc3ccccc3)[C@H]2N=[N+]=[N-])cc1,Cc1ccc(S[C@@H]2O[C@H](COCc3ccccc3)[C@@H](O)[C@H](OCc3ccccc3)[C@H]2N2C(=O)c3ccccc3C2=O)cc1,7972AE53
651,"Chemistry - A European Journal (2010), 16(44), 13163-13175, S13163/1-S13163/108",期刊,2010,31-301-CAS-3348443,O(CC1=CC2=C(C=C1)C=CC=C2)[C@H]3[C@]4([C@](O[C@H](S(=O)C5=CC=CC=C5)[C@H]3OCC6=CC=CC=C6)(CO[C@H](O4)C7=CC=CC=C7)[H])[H],thioglycoside,O([Si](C(C)(C)C)(C)C)[C@H]1[C@@H]([C@@H](OCC2=CC=CC=C2)[C@H](O)[C@@H](COCC3=CC=CC=C3)O1)N4C(=O)C=5C(C4=O)=CC=CC5,Dichloromethane,ClCCl,1,Trifluoromethanesulfonic anhydride,O=S(=O)(OS(=O)(=O)C(F)(F)F)C(F)(F)F,1,-60.0,1,5.0,1,b,1,O=S(c1ccccc1)[C@H]1O[C@@H]2CO[C@@H](c3ccccc3)O[C@H]2[C@H](OCc2ccc3ccccc3c2)[C@@H]1OCc1ccccc1,CC(C)(C)[Si](C)(C)O[C@@H]1O[C@H](COCc2ccccc2)[C@@H](O)[C@H](OCc2ccccc2)[C@H]1N1C(=O)c2ccccc2C1=O,4E6F33E6
652,"Journal of Medicinal Chemistry (2014), 57(11), 4511-4520",期刊,2014,31-013-CAS-7147519,O([C@H]1[C@H](OCC2=CC=CC=C2)[C@@H](NC(OCC3C=4C(C=5C3=CC=CC5)=CC=CC4)=O)[C@@H](O[C@H]6[C@H](OCC7=CC=CC=C7)[C@@H](OC(=O)C8=CC=CC=C8)[C@H](SCC)O[C@H]6C(OC)=O)O[C@@H]1CO[Si](C(C)(C)C)(C9=CC=CC=C9)C%10=CC=CC=C%10)[C@H]%11[C@H](OC(=O)C%12=CC=CC=C%12)[C@@H](OCC%13=CC=CC=C%13)[C@H](OCC%14=CC=CC=C%14)[C@H](C(OC)=O)O%11,thioglycoside,O([C@H]1[C@H](OCC2=CC=CC=C2)[C@@H](NC(OCC3C=4C(C=5C3=CC=CC5)=CC=CC4)=O)[C@@H](OCCCC#C)O[C@@H]1CO[Si](C(C)(C)C)(C6=CC=CC=C6)C7=CC=CC=C7)[C@H]8[C@H](OCC9=CC=CC=C9)[C@@H](OCC%10=CC=CC=C%10)[C@H](O[C@@H]%11[C@H](N=[N+]=[N-])[C@@H](OCC%12=CC=CC=C%12)[C@H](O)[C@@H](CO[Si](C(C)(C)C)(C%13=CC=CC=C%13)C%14=CC=CC=C%14)O%11)[C@H](C(OC)=O)O8,Dichloromethane;Toluene,ClCCl;C=1C=CC(=CC1)C,1,Trifluoromethanesulfonic acid,O=S(=O)(O)C(F)(F)F,1,0.0,1,210.0,1,a,0,CCS[C@@H]1O[C@@H](C(=O)OC)[C@@H](O[C@H]2O[C@H](CO[Si](c3ccccc3)(c3ccccc3)C(C)(C)C)[C@@H](O[C@@H]3O[C@@H](C(=O)OC)[C@@H](OCc4ccccc4)[C@H](OCc4ccccc4)[C@H]3OC(=O)c3ccccc3)[C@H](OCc3ccccc3)[C@H]2NC(=O)OCC2c3ccccc3-c3ccccc32)[C@H](OCc2ccccc2)[C@H]1OC(=O)c1ccccc1,C#CCCCO[C@H]1O[C@H](CO[Si](c2ccccc2)(c2ccccc2)C(C)(C)C)[C@@H](O[C@@H]2O[C@@H](C(=O)OC)[C@@H](O[C@H]3O[C@H](CO[Si](c4ccccc4)(c4ccccc4)C(C)(C)C)[C@@H](O)[C@H](OCc4ccccc4)[C@H]3N=[N+]=[N-])[C@H](OCc3ccccc3)[C@H]2OCc2ccccc2)[C@H](OCc2ccccc2)[C@H]1NC(=O)OCC1c2ccccc2-c2ccccc21,7985D380
653,"Canada, CA2806561 C 2015-12-22",专利,2015,31-013-CAS-21359712,O([C@H]1[C@H](OCC2=CC=CC=C2)[C@@H](OC(=O)C3=CC=CC=C3)[C@@H](SC4=CC=C(C)C=C4)O[C@H]1COC5=CC=C(OC)C=C5)[C@@H]6[C@H](N=[N+]=[N-])[C@@H](OCC=C)[C@H](OC(CCC(C)=O)=O)[C@@H](COC(=O)C7=CC=CC=C7)O6,thioglycoside,N(C=C1C(=O)N(C)C(=O)N(C)C1=O)[C@@H]2[C@@H](OCC3=CC=CC=C3)[C@H](O)[C@@H](COC(=O)C4=CC=CC=C4)O[C@@H]2OC,Acetonitrile,N#CC,1,N-Iodosuccinimide,O=C1N(I)C(=O)CC1,1,,0,,0,a,0,C=CCO[C@@H]1[C@@H](N=[N+]=[N-])[C@@H](O[C@H]2[C@H](OCc3ccccc3)[C@@H](OC(=O)c3ccccc3)[C@@H](Sc3ccc(C)cc3)O[C@H]2COc2ccc(OC)cc2)O[C@H](COC(=O)c2ccccc2)[C@H]1OC(=O)CCC(C)=O,CO[C@H]1O[C@H](COC(=O)c2ccccc2)[C@@H](O)[C@H](OCc2ccccc2)[C@H]1NC=C1C(=O)N(C)C(=O)N(C)C1=O,0287B60C
654,"World Intellectual Property Organization, WO2003022860 A1 2003-03-20",专利,2003,31-013-CAS-6321258,O([C@H]1[C@H](OCC2=CC=CC=C2)[C@@H](OC(=O)C3=CC=CC=C3)[C@@H](SC4=CC=C(C)C=C4)O[C@H]1COC5=CC=C(OC)C=C5)[C@@H]6[C@H](N=[N+]=[N-])[C@@H](OCC=C)[C@H](OC(CCC(C)=O)=O)[C@@H](COC(=O)C7=CC=CC=C7)O6,thioglycoside,N(C=C1C(=O)N(C)C(=O)N(C)C1=O)[C@@H]2[C@@H](OCC3=CC=CC=C3)[C@H](O)[C@@H](COC(=O)C4=CC=CC=C4)O[C@@H]2OC,Acetonitrile,N#CC,1,N-Iodosuccinimide,O=C1N(I)C(=O)CC1,1,,0,,0,a,0,C=CCO[C@@H]1[C@@H](N=[N+]=[N-])[C@@H](O[C@H]2[C@H](OCc3ccccc3)[C@@H](OC(=O)c3ccccc3)[C@@H](Sc3ccc(C)cc3)O[C@H]2COc2ccc(OC)cc2)O[C@H](COC(=O)c2ccccc2)[C@H]1OC(=O)CCC(C)=O,CO[C@H]1O[C@H](COC(=O)c2ccccc2)[C@@H](O)[C@H](OCc2ccccc2)[C@H]1NC=C1C(=O)N(C)C(=O)N(C)C1=O,0287B60C
655,"Journal of Colloid and Interface Science (2017), 498, 395-404",期刊,2017,31-013-CAS-17453658,O([C@@H](C(OCC1=CC=CC=C1)=O)C)[C@@H]2[C@H]([C@H](SCC)O[C@]3([C@]2(O[C@@H](OC3)C4=CC=CC=C4)[H])[H])N5C(=O)C=6C(C5=O)=CC=CC6,thioglycoside,O(C(C)=O)[C@@H]1[C@H]([C@H](OC)O[C@H](COCC2=CC=CC=C2)[C@H]1O)N3C(=O)C=4C(C3=O)=CC=CC4,Dichloromethane,ClCCl,1,Trimethylsilyl triflate,O=S(=O)(O[Si](C)(C)C)C(F)(F)F,1,-30.0,1,60.0,1,b,1,CCS[C@@H]1O[C@@H]2CO[C@@H](c3ccccc3)O[C@H]2[C@H](O[C@H](C)C(=O)OCc2ccccc2)[C@H]1N1C(=O)c2ccccc2C1=O,CO[C@@H]1O[C@H](COCc2ccccc2)[C@@H](O)[C@H](OC(C)=O)[C@H]1N1C(=O)c2ccccc2C1=O,358F0B5D
656,"Carbohydrate Research (2006), 341(14), 2420-2425",期刊,2006,31-013-CAS-3967489,O(C(C)=O)[C@@H]1[C@@H](OC(C)=O)[C@H](SC2=CC=CC=C2)O[C@H](COC(C)=O)[C@@H]1OC(C)=O,thioglycoside,O(C[C@@H]1[C@@H](OC(C)=O)[C@H](OC(C)=O)[C@@H](OC(C)=O)[C@@H](OC)O1)[C@H]2[C@@H]([C@@H](OC(C)=O)[C@H](O)[C@@H](COC(=O)C3=CC=CC=C3)O2)N4C(=O)C=5C(C4=O)=CC=CC5,Dichloromethane,ClCCl,1,N-Iodosuccinimide,O=C1N(I)C(=O)CC1,1,25.0,1,60.0,1,b,1,CC(=O)OC[C@H]1O[C@@H](Sc2ccccc2)[C@H](OC(C)=O)[C@@H](OC(C)=O)[C@H]1OC(C)=O,CO[C@H]1O[C@H](CO[C@@H]2O[C@H](COC(=O)c3ccccc3)[C@@H](O)[C@H](OC(C)=O)[C@H]2N2C(=O)c3ccccc3C2=O)[C@@H](OC(C)=O)[C@H](OC(C)=O)[C@H]1OC(C)=O,38BC1AB2
657,"Journal of the American Chemical Society (2009), 131(46), 16669-16671",期刊,2009,31-013-CAS-1600664,O(CC1=CC=CC=C1)[C@@H]2[C@H]([C@H](SCC)O[C@H](COCC3=CC=CC=C3)[C@H]2OC(C)=O)N4C(=O)C=5C(C4=O)=CC=CC5,thioglycoside,[Si](OC[C@@H]1[C@@H](O)[C@H](OCC2=CC=CC=C2)[C@H]([C@H](OCC3=CC=CC=C3)O1)N4C(=O)C=5C(C4=O)=CC=CC5)(C(C)(C)C)(C6=CC=CC=C6)C7=CC=CC=C7,Dichloromethane,ClCCl,1,Trimethylsilyl triflate,O=S(=O)(O[Si](C)(C)C)C(F)(F)F,1,25.0,1,45.0,1,b,1,CCS[C@@H]1O[C@H](COCc2ccccc2)[C@@H](OC(C)=O)[C@H](OCc2ccccc2)[C@H]1N1C(=O)c2ccccc2C1=O,CC(C)(C)[Si](OC[C@H]1O[C@@H](OCc2ccccc2)[C@H](N2C(=O)c3ccccc3C2=O)[C@@H](OCc2ccccc2)[C@@H]1O)(c1ccccc1)c1ccccc1,6CB74958
658,"European Journal of Organic Chemistry (2003), (18), 3569-3586",期刊,2003,31-013-CAS-8874229,O(CC1=CC=CC=C1)[C@H]2[C@@H](OCC3=CC=CC=C3)[C@@H](COCC4=CC=CC=C4)O[C@@H](SCC)[C@@H]2OC(C)=O,thioglycoside,O([C@H]1[C@@H]([C@@H](OCC2=CC=CC=C2)[C@H](O)[C@@H](COCC3=CC=CC=C3)O1)N4C(=O)C=5C(C4=O)=CC=CC5)[C@H]6[C@@H](OCC7=CC=CC=C7)[C@H](OCC8=CC=CC=C8)[C@@H](COCC9=CC=CC=C9)O[C@@H]6OCCCCCCCC,Dichloromethane,ClCCl,1,Trifluoromethanesulfonic acid,O=S(=O)(O)C(F)(F)F,1,25.0,1,180.0,1,b,1,CCS[C@@H]1O[C@H](COCc2ccccc2)[C@H](OCc2ccccc2)[C@H](OCc2ccccc2)[C@H]1OC(C)=O,CCCCCCCCO[C@H]1O[C@H](COCc2ccccc2)[C@@H](OCc2ccccc2)[C@H](OCc2ccccc2)[C@@H]1O[C@@H]1O[C@H](COCc2ccccc2)[C@@H](O)[C@H](OCc2ccccc2)[C@H]1N1C(=O)c2ccccc2C1=O,D3DC4425
659,"Angewandte Chemie, International Edition (2004), 43(16), 2145-2148",期刊,2004,31-013-CAS-804369,O(C(C)=O)[C@@H]1[C@H]([C@H](SC2=CC=CC=C2)O[C@H](COC(C)=O)[C@H]1OC(C)=O)N3C(=O)C=4C(C3=O)=CC=CC4,thioglycoside,S([C@H]1[C@@H]([C@@H](OC(C)=O)[C@H](O)[C@@H](COCC2=CC=CC=C2)O1)N3C(=O)C=4C(C3=O)=CC=CC4)C5=CC=CC=C5,Dichloromethane,ClCCl,1,1-(Phenylsulfonyl)piperidine,O=S(=O)(C=1C=CC=CC1)N2CCCCC2,1,-60.0,1,30.0,1,b,1,CC(=O)OC[C@H]1O[C@@H](Sc2ccccc2)[C@H](N2C(=O)c3ccccc3C2=O)[C@@H](OC(C)=O)[C@@H]1OC(C)=O,CC(=O)O[C@H]1[C@H](O)[C@@H](COCc2ccccc2)O[C@@H](Sc2ccccc2)[C@@H]1N1C(=O)c2ccccc2C1=O,42763D28
660,"Tetrahedron (2010), 66(15), 2809-2814",期刊,2010,31-013-CAS-11455285,O(C(C)=O)[C@@H]1[C@H]([C@H](SC2=CC=CC=C2)O[C@H](COC(C)=O)[C@H]1OC(C)=O)N3C(=O)C=4C(C3=O)=CC=CC4,thioglycoside,S([C@H]1[C@@H]([C@@H](OC(C)=O)[C@H](O)[C@@H](COCC2=CC=CC=C2)O1)N3C(=O)C=4C(C3=O)=CC=CC4)C5=CC=CC=C5,Dichloromethane,ClCCl,1,Triethyl phosphite,O(P(OCC)OCC)CC,1,-60.0,1,30.0,1,b,1,CC(=O)OC[C@H]1O[C@@H](Sc2ccccc2)[C@H](N2C(=O)c3ccccc3C2=O)[C@@H](OC(C)=O)[C@@H]1OC(C)=O,CC(=O)O[C@H]1[C@H](O)[C@@H](COCc2ccccc2)O[C@@H](Sc2ccccc2)[C@@H]1N1C(=O)c2ccccc2C1=O,42763D28
661,"Angewandte Chemie, International Edition (2005), 44(11), 1683-1687",期刊,2005,31-013-CAS-1975073,O(CC1=CC=CC=C1)[C@H]2[C@H](OCC3=CC=CC=C3)[C@@H](SCC)O[C@@H](C)[C@H]2OCC4=CC=CC=C4,thioglycoside,O([C@@H]1[C@@H](NC(=O)C2=C(C(O)=O)C=CC=C2)[C@H](SC3=CC=CC=C3)O[C@H](COCC4=CC=CC=C4)[C@H]1O)[C@H]5[C@H](OC(C)=O)[C@@H](OC(C)=O)[C@@H](OC(C)=O)[C@@H](COC(C)=O)O5,Toluene,C=1C=CC(=CC1)C,1,Trifluoromethanesulfonic acid,O=S(=O)(O)C(F)(F)F,1,,0,,0,a,0,CCS[C@H]1O[C@@H](C)[C@@H](OCc2ccccc2)[C@@H](OCc2ccccc2)[C@@H]1OCc1ccccc1,CC(=O)OC[C@H]1O[C@@H](O[C@H]2[C@H](O)[C@@H](COCc3ccccc3)O[C@@H](Sc3ccccc3)[C@@H]2NC(=O)c2ccccc2C(=O)O)[C@H](OC(C)=O)[C@@H](OC(C)=O)[C@H]1OC(C)=O,11BC9F75
662,"Journal of Carbohydrate Chemistry (2005), 24(7), 755-769",期刊,2005,31-013-CAS-12967646,O([C@@H]1[C@@H](OC(=O)C2=CC=CC=C2)[C@H](SC3=CC=CC=C3)O[C@H](COC(=O)C4=CC=CC=C4)[C@@H]1OC(C)=O)[C@@H]5[C@H](OCC6=CC=CC=C6)[C@@H](OCC7=CC=CC=C7)[C@@H](OCC8=CC=CC=C8)[C@@H](COCC9=CC=CC=C9)O5,thioglycoside,O(CC1=CC=CC=C1)[C@@H]2[C@H]([C@H](OCCCN=[N+]=[N-])O[C@H](COCC3=CC=CC=C3)[C@H]2O)N4C(=O)C=5C(C4=O)=CC=CC5,,,0,Trifluoromethanesulfonic anhydride,O=S(=O)(OS(=O)(=O)C(F)(F)F)C(F)(F)F,1,-60.0,1,10.0,1,b,1,CC(=O)O[C@@H]1[C@H](O[C@H]2O[C@H](COCc3ccccc3)[C@H](OCc3ccccc3)[C@H](OCc3ccccc3)[C@H]2OCc2ccccc2)[C@@H](OC(=O)c2ccccc2)[C@H](Sc2ccccc2)O[C@@H]1COC(=O)c1ccccc1,[N-]=[N+]=NCCCO[C@@H]1O[C@H](COCc2ccccc2)[C@@H](O)[C@H](OCc2ccccc2)[C@H]1N1C(=O)c2ccccc2C1=O,DA4BDDB4
663,"Tetrahedron (2004), 60(5), 1057-1064",期刊,2004,31-013-CAS-13075539,O([C@@H]1[C@@H](OC(=O)C2=CC=CC=C2)[C@H](SC3=CC=CC=C3)O[C@H](COC(=O)C4=CC=CC=C4)[C@@H]1OC(C)=O)[C@@H]5[C@H](OCC6=CC=CC=C6)[C@@H](OCC7=CC=CC=C7)[C@@H](OCC8=CC=CC=C8)[C@@H](COCC9=CC=CC=C9)O5,thioglycoside,O(CC1=CC=CC=C1)[C@@H]2[C@H]([C@H](OCCCN=[N+]=[N-])O[C@H](COCC3=CC=CC=C3)[C@H]2O)N4C(=O)C=5C(C4=O)=CC=CC5,Dichloromethane,ClCCl,1,Sodium bicarbonate,[Na].O=C(O)O,1,-60.0,1,5.0,1,b,1,CC(=O)O[C@@H]1[C@H](O[C@H]2O[C@H](COCc3ccccc3)[C@H](OCc3ccccc3)[C@H](OCc3ccccc3)[C@H]2OCc2ccccc2)[C@@H](OC(=O)c2ccccc2)[C@H](Sc2ccccc2)O[C@@H]1COC(=O)c1ccccc1,[N-]=[N+]=NCCCO[C@@H]1O[C@H](COCc2ccccc2)[C@@H](O)[C@H](OCc2ccccc2)[C@H]1N1C(=O)c2ccccc2C1=O,DA4BDDB4
664,"Organic Reactions (Hoboken, NJ, United States) (2004), 64, No pp. given",期刊,2004,31-013-CAS-2504423,O([C@@H]1[C@@H](OC(=O)C2=CC=CC=C2)[C@H](SC3=CC=CC=C3)O[C@H](COC(=O)C4=CC=CC=C4)[C@@H]1OC(C)=O)[C@@H]5[C@H](OCC6=CC=CC=C6)[C@@H](OCC7=CC=CC=C7)[C@@H](OCC8=CC=CC=C8)[C@@H](COCC9=CC=CC=C9)O5,thioglycoside,O(CC1=CC=CC=C1)[C@@H]2[C@H]([C@H](OCCCN=[N+]=[N-])O[C@H](COCC3=CC=CC=C3)[C@H]2O)N4C(=O)C=5C(C4=O)=CC=CC5,Dichloromethane,ClCCl,1,Trifluoromethanesulfonic anhydride,O=S(=O)(OS(=O)(=O)C(F)(F)F)C(F)(F)F,1,,0,,0,b,1,CC(=O)O[C@@H]1[C@H](O[C@H]2O[C@H](COCc3ccccc3)[C@H](OCc3ccccc3)[C@H](OCc3ccccc3)[C@H]2OCc2ccccc2)[C@@H](OC(=O)c2ccccc2)[C@H](Sc2ccccc2)O[C@@H]1COC(=O)c1ccccc1,[N-]=[N+]=NCCCO[C@@H]1O[C@H](COCc2ccccc2)[C@@H](O)[C@H](OCc2ccccc2)[C@H]1N1C(=O)c2ccccc2C1=O,DA4BDDB4
665,"Organic Letters (2003), 5(11), 1947-1950",期刊,2003,31-013-CAS-8313698,O([C@@H]1[C@@H](OC(=O)C2=CC=CC=C2)[C@H](SC3=CC=CC=C3)O[C@H](COC(=O)C4=CC=CC=C4)[C@@H]1OC(C)=O)[C@@H]5[C@H](OCC6=CC=CC=C6)[C@@H](OCC7=CC=CC=C7)[C@@H](OCC8=CC=CC=C8)[C@@H](COCC9=CC=CC=C9)O5,thioglycoside,O(CC1=CC=CC=C1)[C@@H]2[C@H]([C@H](OCCCN=[N+]=[N-])O[C@H](COCC3=CC=CC=C3)[C@H]2O)N4C(=O)C=5C(C4=O)=CC=CC5,Dichloromethane,ClCCl,1,Diphenyl sulfoxide,O=S(C=1C=CC=CC1)C=2C=CC=CC2,1,-60.0,1,,0,b,1,CC(=O)O[C@@H]1[C@H](O[C@H]2O[C@H](COCc3ccccc3)[C@H](OCc3ccccc3)[C@H](OCc3ccccc3)[C@H]2OCc2ccccc2)[C@@H](OC(=O)c2ccccc2)[C@H](Sc2ccccc2)O[C@@H]1COC(=O)c1ccccc1,[N-]=[N+]=NCCCO[C@@H]1O[C@H](COCc2ccccc2)[C@@H](O)[C@H](OCc2ccccc2)[C@H]1N1C(=O)c2ccccc2C1=O,DA4BDDB4
666,"Organic & Biomolecular Chemistry (2010), 8(1), 128-136",期刊,2010,31-013-CAS-621425,O(C(C)=O)[C@H]1[C@@]2([C@](O[C@@H](SC3=CC=C(Cl)C=C3)[C@@H]1OC(C)=O)(CO[C@@H](O2)C4=CC=CC=C4)[H])[H],thioglycoside,O=C1N(C(=O)C=2C1=CC=CC2)[C@H]3[C@H](OCCCCCCN=[N+]=[N-])O[C@H](COCC4=CC=CC=C4)[C@@H](O)[C@@H]3O,Dichloromethane,ClCCl,1,Trifluoromethanesulfonic acid,O=S(=O)(O)C(F)(F)F,1,-78.0,1,120.0,1,b,1,CC(=O)O[C@H]1[C@H]2O[C@@H](c3ccccc3)OC[C@H]2O[C@@H](Sc2ccc(Cl)cc2)[C@@H]1OC(C)=O,[N-]=[N+]=NCCCCCCO[C@@H]1O[C@H](COCc2ccccc2)[C@@H](O)[C@H](O)[C@H]1N1C(=O)c2ccccc2C1=O,24902E22
667,"Journal of Carbohydrate Chemistry (1995), 14(1), 115-33",期刊,1995,31-013-CAS-8168731,O([C@@]1(C(OC)=O)O[C@@]([C@@H]([C@@H](COC(C)=O)OC(C)=O)OC(C)=O)([C@H](NC(C)=O)[C@@H](OC(C)=O)C1)[H])[C@H]2[C@@H](OC(=O)C3=CC=CC=C3)[C@@H](COC(=O)C4=CC=CC=C4)O[C@@H](SC)[C@@H]2OC(=O)C5=CC=CC=C5,thioglycoside,O([C@H]1[C@H](OCC2=CC=CC=C2)[C@@H](OCC3=CC=CC=C3)[C@H](OCC[Si](C)(C)C)O[C@@H]1COCC4=CC=CC=C4)[C@H]5[C@H](OCC6=CC=CC=C6)[C@@H](OCC7=CC=CC=C7)[C@@H](OC(C)=O)[C@@H](CO[C@H]8[C@H](NC(C)=O)[C@@H](OCC9=CC=CC=C9)[C@H](O)[C@@H](COCC%10=CC=CC=C%10)O8)O5,Dichloromethane,ClCCl,1,Triethylamine,N(CC)(CC)CC,1,,0,,0,b,1,COC(=O)[C@@]1(O[C@H]2[C@@H](OC(=O)c3ccccc3)[C@@H](COC(=O)c3ccccc3)O[C@@H](SC)[C@@H]2OC(=O)c2ccccc2)C[C@H](OC(C)=O)[C@@H](NC(C)=O)[C@H]([C@H](OC(C)=O)[C@@H](COC(C)=O)OC(C)=O)O1,CC(=O)N[C@H]1[C@H](OC[C@H]2O[C@@H](O[C@H]3[C@H](OCc4ccccc4)[C@@H](OCc4ccccc4)[C@H](OCC[Si](C)(C)C)O[C@@H]3COCc3ccccc3)[C@H](OCc3ccccc3)[C@@H](OCc3ccccc3)[C@H]2OC(C)=O)O[C@H](COCc2ccccc2)[C@@H](O)[C@@H]1OCc1ccccc1,B0ECB07A
668,"Organic & Biomolecular Chemistry (2017), 15(7), 1710-1717",期刊,2017,31-013-CAS-17221620,O(CC1=CC=C(OC)C=C1)[C@@H]2[C@H]([C@H](SC3=CC=CC=C3)O[C@H](CN4C(=O)C=5C(C4=O)=CC=CC5)[C@@H]2OC(CCl)=O)N6C(=O)C=7C(C6=O)=CC=CC7,thioglycoside,O(CC1=CC=C(OC)C=C1)[C@@H]2[C@H]([C@H](OC)O[C@H](CN3C(=O)C=4C(C3=O)=CC=CC4)[C@@H]2O)N5C(=O)C=6C(C5=O)=CC=CC6,Dichloromethane;Methanol,ClCCl;OC,1,N-Iodosuccinimide,O=C1N(I)C(=O)CC1,1,0.0,1,60.0,1,b,1,COc1ccc(CO[C@H]2[C@@H](OC(=O)CCl)[C@@H](CN3C(=O)c4ccccc4C3=O)O[C@@H](Sc3ccccc3)[C@@H]2N2C(=O)c3ccccc3C2=O)cc1,COc1ccc(CO[C@H]2[C@@H](O)[C@@H](CN3C(=O)c4ccccc4C3=O)O[C@@H](OC)[C@@H]2N2C(=O)c3ccccc3C2=O)cc1,2DDD79A0
669,"Trends in Carbohydrate Research (2016), 8(1), 14-25",期刊,2016,31-013-CAS-16946853,O(CC1=CC=CC=C1)[C@@H]2[C@H]([C@H](SC3=CC=CC=C3)O[C@H](COCC4=CC=CC=C4)[C@H]2OC(C)=O)N5C(=O)C=6C(C5=O)=CC=CC6,thioglycoside,O(CC1=CC=CC=C1)[C@@H]2[C@H]([C@H](O[C@H]3[C@H](OCC4=CC=CC=C4)[C@H](N=[N+]=[N-])[C@@H](OCC5=CC=CC=C5)O[C@@H]3COCC6=CC=CC=C6)O[C@H](COCC7=CC=CC=C7)[C@H]2O[C@H]8[C@@H]([C@@H](OCC9=CC=CC=C9)[C@H](O)[C@@H](COCC%10=CC=CC=C%10)O8)N%11C(=O)C=%12C(C%11=O)=CC=CC%12)N%13C(=O)C=%14C(C%13=O)=CC=CC%14,Dichloromethane,ClCCl,1,N-Iodosuccinimide,O=C1N(I)C(=O)CC1,1,-25.0,1,60.0,1,b,1,CC(=O)O[C@H]1[C@H](OCc2ccccc2)[C@@H](N2C(=O)c3ccccc3C2=O)[C@H](Sc2ccccc2)O[C@@H]1COCc1ccccc1,[N-]=[N+]=N[C@@H]1[C@@H](OCc2ccccc2)O[C@H](COCc2ccccc2)[C@@H](O[C@@H]2O[C@H](COCc3ccccc3)[C@@H](O[C@@H]3O[C@H](COCc4ccccc4)[C@@H](O)[C@H](OCc4ccccc4)[C@H]3N3C(=O)c4ccccc4C3=O)[C@H](OCc3ccccc3)[C@H]2N2C(=O)c3ccccc3C2=O)[C@@H]1OCc1ccccc1,48346FF0
670,"Chemistry - A European Journal (2023), 29(64), e202302288",期刊,2023,31-614-CAS-44041084,O(CC1=CC=CC=C1)[C@H]2[C@@H](OCC3=CC=CC=C3)[C@@H](COCC4=CC=CC=C4)O[C@@H](SCC)[C@@H]2OC(=O)C5=CC=CC=C5,thioglycoside,O([C@H]1[C@@H]([C@@H](OCC2=CC=CC=C2)[C@H](O)[C@@H](COC(=O)C3=CC=CC=C3)O1)N4C(=O)C=5C(C4=O)=CC=CC5)[C@@H]6[C@@H](OC(=O)C7=CC=CC=C7)[C@H](OC8=CC=C(OC)C=C8)O[C@H](COC(=O)C9=CC=CC=C9)[C@@H]6OCC%10=CC=CC=C%10,Dichloromethane,ClCCl,1,N-Iodosuccinimide,O=C1N(I)C(=O)CC1,1,25.0,1,60.0,1,b,1,CCS[C@@H]1O[C@H](COCc2ccccc2)[C@H](OCc2ccccc2)[C@H](OCc2ccccc2)[C@H]1OC(=O)c1ccccc1,COc1ccc(O[C@@H]2O[C@H](COC(=O)c3ccccc3)[C@H](OCc3ccccc3)[C@H](O[C@@H]3O[C@H](COC(=O)c4ccccc4)[C@@H](O)[C@H](OCc4ccccc4)[C@H]3N3C(=O)c4ccccc4C3=O)[C@H]2OC(=O)c2ccccc2)cc1,2DD6F31C
671,"European Journal of Organic Chemistry (2003), (18), 3569-3586",期刊,2003,31-013-CAS-12262753,O(C(C)=O)[C@@H]1[C@@H](OC(C)=O)[C@H](SCC)O[C@H](C)[C@@H]1OC(C)=O,thioglycoside,O([C@H]1[C@@H]([C@@H](OCC2=CC=CC=C2)[C@H](O)[C@@H](COCC3=CC=CC=C3)O1)N4C(=O)C=5C(C4=O)=CC=CC5)[C@H]6[C@@H](OCC7=CC=CC=C7)[C@H](OCC8=CC=CC=C8)[C@@H](COCC9=CC=CC=C9)O[C@@H]6OCCCCCCCC,Dichloromethane;Toluene,ClCCl;C=1C=CC(=CC1)C,1,Bromine,BrBr,1,25.0,1,210.0,1,b,1,CCS[C@@H]1O[C@H](C)[C@H](OC(C)=O)[C@H](OC(C)=O)[C@H]1OC(C)=O,CCCCCCCCO[C@H]1O[C@H](COCc2ccccc2)[C@@H](OCc2ccccc2)[C@H](OCc2ccccc2)[C@@H]1O[C@@H]1O[C@H](COCc2ccccc2)[C@@H](O)[C@H](OCc2ccccc2)[C@H]1N1C(=O)c2ccccc2C1=O,B4B3E66F
672,"Organic & Biomolecular Chemistry (2012), 10(48), 9570-9582",期刊,2012,31-013-CAS-5127134,O([C@H]1[C@H](OCC2=CC=CC=C2)[C@@H](OC(=O)C3=CC=CC=C3)[C@H](SC4=CC=CC=C4)O[C@@H]1C(OC)=O)[C@@H]5[C@H](NC(OCC(Cl)(Cl)Cl)=O)[C@@H](OCC6=CC=CC=C6)[C@H](OC(CCl)=O)[C@@H](COCC7=CC8=C(C=C7)C=CC=C8)O5,thioglycoside,O([C@H]1[C@H](OCC2=CC=CC=C2)[C@@H](OC(=O)C3=CC=CC=C3)[C@H](OCCCCCCNC(OCC4=CC=CC=C4)=O)O[C@@H]1C(OC)=O)[C@@H]5[C@H](NC(OCC(Cl)(Cl)Cl)=O)[C@@H](OCC6=CC=CC=C6)[C@H](O)[C@@H](COCC7=CC8=C(C=C7)C=CC=C8)O5,Dichloromethane,ClCCl,1,N-Iodosuccinimide,O=C1N(I)C(=O)CC1,1,25.0,1,30.0,1,b,1,COC(=O)[C@H]1O[C@@H](Sc2ccccc2)[C@H](OC(=O)c2ccccc2)[C@@H](OCc2ccccc2)[C@@H]1O[C@H]1O[C@H](COCc2ccc3ccccc3c2)[C@@H](OC(=O)CCl)[C@H](OCc2ccccc2)[C@H]1NC(=O)OCC(Cl)(Cl)Cl,COC(=O)[C@H]1O[C@@H](OCCCCCCNC(=O)OCc2ccccc2)[C@H](OC(=O)c2ccccc2)[C@@H](OCc2ccccc2)[C@@H]1O[C@H]1O[C@H](COCc2ccc3ccccc3c2)[C@@H](O)[C@H](OCc2ccccc2)[C@H]1NC(=O)OCC(Cl)(Cl)Cl,09E4D3F8
673,"Journal of Organic Chemistry (2001), 66(19), 6234-6243",期刊,2001,31-013-CAS-2927631,O([Si](C(C)(C)C)(C)C)[C@@H]1[C@H]([C@H](SCC)O[C@]2([C@@]1(O[C@H](OC2)C3=CC=CC=C3)[H])[H])N4C(=O)C=5C(C4=O)=CC=CC5,thioglycoside,O(C(C)=O)[C@@H]1[C@@H](N=[N+]=[N-])[C@H](SCC)O[C@H](COCC2=CC=CC=C2)[C@@H]1O,Dichloromethane,ClCCl,1,Triethylamine,N(CC)(CC)CC,1,,0,,0,b,1,CCS[C@@H]1O[C@@H]2CO[C@H](c3ccccc3)O[C@@H]2[C@H](O[Si](C)(C)C(C)(C)C)[C@H]1N1C(=O)c2ccccc2C1=O,CCS[C@@H]1O[C@H](COCc2ccccc2)[C@H](O)[C@H](OC(C)=O)[C@H]1N=[N+]=[N-],23242AFB
674,"Organic & Biomolecular Chemistry (2022), 20(42), 8243-8258",期刊,2022,31-614-CAS-38021984,O(CC1=CC=CC=C1)[C@@H]2[C@H]([C@H](SC3=CC=CC=C3)O[C@H](CN4C(=O)C=5C(C4=O)=CC=CC5)[C@@H]2OC(CCl)=O)N6C(=O)C=7C(C6=O)=CC=CC7,thioglycoside,O([C@H]1[C@@H]([C@@H](OCC2=CC=CC=C2)[C@@H](O)[C@@H](CN3C(=O)C=4C(C3=O)=CC=CC4)O1)N5C(=O)C=6C(C5=O)=CC=CC6)[C@@H]7[C@H](OCC8=CC=CC=C8)[C@H]([C@H](OC)O[C@@H]7CN9C(=O)C=%10C(C9=O)=CC=CC%10)N%11C(=O)C=%12C(C%11=O)=CC=CC%12,Dichloromethane;Toluene,ClCCl;C=1C=CC(=CC1)C,1,Trifluoromethanesulfonic acid,O=S(=O)(O)C(F)(F)F,1,0.0,1,40.0,1,b,1,O=C(CCl)O[C@@H]1[C@H](OCc2ccccc2)[C@@H](N2C(=O)c3ccccc3C2=O)[C@H](Sc2ccccc2)O[C@@H]1CN1C(=O)c2ccccc2C1=O,CO[C@@H]1O[C@H](CN2C(=O)c3ccccc3C2=O)[C@H](O[C@@H]2O[C@H](CN3C(=O)c4ccccc4C3=O)[C@H](O)[C@H](OCc3ccccc3)[C@H]2N2C(=O)c3ccccc3C2=O)[C@H](OCc2ccccc2)[C@H]1N1C(=O)c2ccccc2C1=O,9C993009
675,"Journal of Organic Chemistry (2019), 84(11), 6576-6588",期刊,2019,31-013-CAS-20164630,O(CC1=CC=CC=C1)[C@@H]2[C@H]([C@H](SCC)O[C@]3([C@]2(O[C@@H](OC3)C4=CC=CC=C4)[H])[H])N5C(=O)C=6C(C5=O)=CC=CC6,thioglycoside,O(CC1=CC=CC=C1)[C@@H]2[C@H]([C@H](OCCCCN=[N+]=[N-])O[C@H](COCC3=CC=CC=C3)[C@H]2O)N4C(=O)C=5C(C4=O)=CC=CC5,Dichloromethane,ClCCl,1,N-Iodosuccinimide,O=C1N(I)C(=O)CC1,1,25.0,1,60.0,1,b,1,CCS[C@@H]1O[C@@H]2CO[C@@H](c3ccccc3)O[C@H]2[C@H](OCc2ccccc2)[C@H]1N1C(=O)c2ccccc2C1=O,[N-]=[N+]=NCCCCO[C@@H]1O[C@H](COCc2ccccc2)[C@@H](O)[C@H](OCc2ccccc2)[C@H]1N1C(=O)c2ccccc2C1=O,9A640B64
676,"e-EROS Encyclopedia of Reagents for Organic Synthesis (2008), 1-4",期刊,2008,31-013-CAS-16820821,O(CC1=CC=CC=C1)[C@@H]2[C@H]([C@H](SC3=CC=CC=C3)O[C@H](COCC4=CC=CC=C4)[C@H]2OC(C)=O)N5C(=O)C=6C(C5=O)=CC=CC6,thioglycoside,O(CC1=CC=CC=C1)[C@@H]2[C@H]([C@H](F)O[C@H](COCC3=CC=CC=C3)[C@H]2O)N4C(=O)C=5C(C4=O)=CC=CC5,,,0,N-Iodosuccinimide,O=C1N(I)C(=O)CC1,1,,0,,0,b,1,CC(=O)O[C@H]1[C@H](OCc2ccccc2)[C@@H](N2C(=O)c3ccccc3C2=O)[C@H](Sc2ccccc2)O[C@@H]1COCc1ccccc1,O=C1c2ccccc2C(=O)N1[C@@H]1[C@@H](OCc2ccccc2)[C@H](O)[C@@H](COCc2ccccc2)O[C@H]1F,B80722E2
677,"Angewandte Chemie, International Edition in English (1995), 34(13/14), 1432-4",期刊,1995,31-013-CAS-8851366,O(CC1=CC=CC=C1)[C@@H]2[C@H]([C@H](SC3=CC=CC=C3)O[C@H](COCC4=CC=CC=C4)[C@H]2OC(C)=O)N5C(=O)C=6C(C5=O)=CC=CC6,thioglycoside,O(CC1=CC=CC=C1)[C@@H]2[C@H]([C@H](F)O[C@H](COCC3=CC=CC=C3)[C@H]2O)N4C(=O)C=5C(C4=O)=CC=CC5,,,0,Trifluoromethanesulfonic acid,O=S(=O)(O)C(F)(F)F,1,,0,,0,b,1,CC(=O)O[C@H]1[C@H](OCc2ccccc2)[C@@H](N2C(=O)c3ccccc3C2=O)[C@H](Sc2ccccc2)O[C@@H]1COCc1ccccc1,O=C1c2ccccc2C(=O)N1[C@@H]1[C@@H](OCc2ccccc2)[C@H](O)[C@@H](COCc2ccccc2)O[C@H]1F,B80722E2
678,"Journal of the American Chemical Society (1994), 116(26), 12073-4",期刊,1994,31-013-CAS-11243730,O(CC1=CC=CC=C1)[C@@H]2[C@H]([C@H](SC3=CC=CC=C3)O[C@H](COCC4=CC=CC=C4)[C@H]2OC(C)=O)N5C(=O)C=6C(C5=O)=CC=CC6,thioglycoside,O(CC1=CC=CC=C1)[C@@H]2[C@H]([C@H](F)O[C@H](COCC3=CC=CC=C3)[C@H]2O)N4C(=O)C=5C(C4=O)=CC=CC5,Dichloromethane,ClCCl,1,N-Iodosuccinimide,O=C1N(I)C(=O)CC1,1,,0,,0,b,1,CC(=O)O[C@H]1[C@H](OCc2ccccc2)[C@@H](N2C(=O)c3ccccc3C2=O)[C@H](Sc2ccccc2)O[C@@H]1COCc1ccccc1,O=C1c2ccccc2C(=O)N1[C@@H]1[C@@H](OCc2ccccc2)[C@H](O)[C@@H](COCc2ccccc2)O[C@H]1F,B80722E2
679,"Organic Letters (2021), 23(15), 6137-6142",期刊,2021,31-614-CAS-23946122,O(CC1=CC=CC=C1)[C@H]2[C@H](N=[N+]=[N-])[C@@H](SC3=CC=CC=C3)O[C@@H](C)[C@H]2OC(=O)C4=CC=CC=C4,thioglycoside,O([C@@H]1[C@@H](NC(C(Cl)(Cl)Cl)=O)[C@H](OCCCNC(OCC2=CC=CC=C2)=O)O[C@H](C)[C@H]1NC(C[C@@H](OCC3=CC=CC=C3)C)=O)[C@H]4[C@@H](N=[N+]=[N-])[C@H](OCC5=CC=CC=C5)[C@H](O)[C@H](C)O4,Dichloromethane,ClCCl,1,Trifluoromethanesulfonic acid,O=S(=O)(O)C(F)(F)F,1,25.0,1,30.0,1,a,0,C[C@@H]1O[C@H](Sc2ccccc2)[C@@H](N=[N+]=[N-])[C@H](OCc2ccccc2)[C@@H]1OC(=O)c1ccccc1,C[C@@H]1O[C@@H](O[C@@H]2[C@@H](NC(=O)C(Cl)(Cl)Cl)[C@H](OCCCNC(=O)OCc3ccccc3)O[C@H](C)[C@H]2NC(=O)C[C@H](C)OCc2ccccc2)[C@@H](N=[N+]=[N-])[C@H](OCc2ccccc2)[C@@H]1O,B4258493
680,"World Intellectual Property Organization, WO2020205034 A1 2020-10-08",专利,2020,31-013-CAS-23242169,O(CC1=CC=C(OC)C=C1)[C@H]2[C@]3([C@](O[C@@H](SC4=CC=C(C)C=C4)[C@@H]2OC(CCC(C)=O)=O)(CO[C@H](O3)C5=CC=CC=C5)[H])[H],thioglycoside,O(CC1=CC=CC=C1)[C@@H]2[C@H]([C@H](OCC3=CC=CC=C3)O[C@H](COCC4=CC=CC=C4)[C@H]2O)N5C(=O)C=6C(C5=O)=CC=CC6,Dichloromethane;Diethyl ether,ClCCl;O(CC)CC,1,Trifluoromethanesulfonic acid,O=S(=O)(O)C(F)(F)F,1,-40.0,1,120.0,1,b,1,COc1ccc(CO[C@@H]2[C@@H](OC(=O)CCC(C)=O)[C@H](Sc3ccc(C)cc3)O[C@@H]3CO[C@@H](c4ccccc4)O[C@@H]23)cc1,O=C1c2ccccc2C(=O)N1[C@H]1[C@H](OCc2ccccc2)O[C@H](COCc2ccccc2)[C@@H](O)[C@@H]1OCc1ccccc1,AAF14C88
681,"Journal of the American Chemical Society (2019), 141(16), 6484-6488",期刊,2019,31-013-CAS-20236304,O(CC1=CC=C(OC)C=C1)[C@H]2[C@]3([C@](O[C@@H](SC4=CC=C(C)C=C4)[C@@H]2OC(CCC(C)=O)=O)(CO[C@H](O3)C5=CC=CC=C5)[H])[H],thioglycoside,O(CC1=CC=CC=C1)[C@@H]2[C@H]([C@H](OCC3=CC=CC=C3)O[C@H](COCC4=CC=CC=C4)[C@H]2O)N5C(=O)C=6C(C5=O)=CC=CC6,Dichloromethane;Diethyl ether,ClCCl;O(CC)CC,1,N-Iodosuccinimide,O=C1N(I)C(=O)CC1,1,25.0,1,60.0,1,b,1,COc1ccc(CO[C@@H]2[C@@H](OC(=O)CCC(C)=O)[C@H](Sc3ccc(C)cc3)O[C@@H]3CO[C@@H](c4ccccc4)O[C@@H]23)cc1,O=C1c2ccccc2C(=O)N1[C@H]1[C@H](OCc2ccccc2)O[C@H](COCc2ccccc2)[C@@H](O)[C@@H]1OCc1ccccc1,AAF14C88
682,"Organic & Biomolecular Chemistry (2023), 21(10), 2101-2106",期刊,2023,31-614-CAS-39834134,O(CC1=CC=CC=C1)[C@H]2[C@]3([C@@](O[C@@H](SC4=CC=C(C)C=C4)[C@@H]2OC(=O)C5=CC=CC=C5)(CO[Si](C(C)(C)C)(C(C)(C)C)O3)[H])[H],thioglycoside,O([C@H]1[C@@H]([C@@H](OCC2=CC=CC=C2)[C@H](O)[C@@H](COCC3=CC=CC=C3)O1)N4C(=O)C=5C(C4=O)=CC=CC5)C6=CC=C(OC)C=C6,Dichloromethane,ClCCl,1,Iodonium,[IH2+],1,25.0,1,,0,a,0,Cc1ccc(S[C@@H]2O[C@H]3CO[Si](C(C)(C)C)(C(C)(C)C)O[C@H]3[C@H](OCc3ccccc3)[C@H]2OC(=O)c2ccccc2)cc1,COc1ccc(O[C@@H]2O[C@H](COCc3ccccc3)[C@@H](O)[C@H](OCc3ccccc3)[C@H]2N2C(=O)c3ccccc3C2=O)cc1,CAA7992E
683,"Tetrahedron (2011), 67(51), 9771-9778",期刊,2011,31-614-CAS-28172097,O(CC1=CC=CC=C1)[C@@H]2[C@H]([C@H](S(=O)C3=CC=CC=C3)O[C@]4([C@]2(O[C@@H](OC4)C5=CC=CC=C5)[H])[H])N6C(=O)C=7C(C6=O)=CC=CC7,thioglycoside,O=C1N(C(=O)C=2C1=CC=CC2)[C@H]3[C@H](SC4=CC=CC=C4)O[C@H](COCC5=CC=CC=C5)[C@@H](O)[C@@H]3O,Dichloromethane,ClCCl,1,Trifluoromethanesulfonic anhydride,O=S(=O)(OS(=O)(=O)C(F)(F)F)C(F)(F)F,1,25.0,1,45.0,1,b,1,O=C1c2ccccc2C(=O)N1[C@@H]1[C@@H](OCc2ccccc2)[C@@H]2O[C@H](c3ccccc3)OC[C@H]2O[C@H]1S(=O)c1ccccc1,O=C1c2ccccc2C(=O)N1[C@@H]1[C@@H](O)[C@H](O)[C@@H](COCc2ccccc2)O[C@H]1Sc1ccccc1,B7435BA0
684,"Organic & Biomolecular Chemistry (2009), 7(15), 3128-3140",期刊,2009,31-013-CAS-4389262,O(CC=C)[C@H]1[C@]2([C@](O[C@@H](SCC)[C@@H]1OC(CCC(C)=O)=O)(COC(O2)C3=CC=CC=C3)[H])[H],thioglycoside,O([C@H]1[C@@H]([C@@H](OCC2=CC=CC=C2)[C@H](O)[C@@H](COCC3=CC=CC=C3)O1)N4C(=O)C=5C(C4=O)=CC=CC5)C6=CC=C(OC)C=C6,Dichloromethane,ClCCl,1,Methyl triflate,O=S(=O)(OC)C(F)(F)F,1,0.0,1,840.0,1,b,1,C=CCO[C@@H]1[C@@H](OC(=O)CCC(C)=O)[C@H](SCC)O[C@@H]2COC(c3ccccc3)O[C@@H]12,COc1ccc(O[C@@H]2O[C@H](COCc3ccccc3)[C@@H](O)[C@H](OCc3ccccc3)[C@H]2N2C(=O)c3ccccc3C2=O)cc1,2521DEF4
685,"Organic & Biomolecular Chemistry (2022), 20(42), 8243-8258",期刊,2022,31-614-CAS-38021979,O(CC1=CC=CC=C1)[C@@H]2[C@H]([C@H](SC3=CC=CC=C3)O[C@H](CN4C(=O)C=5C(C4=O)=CC=CC5)[C@@H]2OC(CCl)=O)N6C(=O)C=7C(C6=O)=CC=CC7,thioglycoside,O(CC1=CC=CC=C1)[C@@H]2[C@H]([C@H](O[C@@H]3[C@H](OCC4=CC=CC=C4)[C@H]([C@H](OC)O[C@@H]3CN5C(=O)C=6C(C5=O)=CC=CC6)N7C(=O)C=8C(C7=O)=CC=CC8)O[C@H](CN9C(=O)C=%10C(C9=O)=CC=CC%10)[C@@H]2O[C@H]%11[C@@H]([C@@H](OCC%12=CC=CC=C%12)[C@@H](O)[C@@H](CN%13C(=O)C=%14C(C%13=O)=CC=CC%14)O%11)N%15C(=O)C=%16C(C%15=O)=CC=CC%16)N%17C(=O)C=%18C(C%17=O)=CC=CC%18,Dichloromethane;Toluene,ClCCl;C=1C=CC(=CC1)C,1,Trifluoromethanesulfonic acid,O=S(=O)(O)C(F)(F)F,1,0.0,1,60.0,1,b,1,O=C(CCl)O[C@@H]1[C@H](OCc2ccccc2)[C@@H](N2C(=O)c3ccccc3C2=O)[C@H](Sc2ccccc2)O[C@@H]1CN1C(=O)c2ccccc2C1=O,CO[C@@H]1O[C@H](CN2C(=O)c3ccccc3C2=O)[C@H](O[C@@H]2O[C@H](CN3C(=O)c4ccccc4C3=O)[C@H](O[C@@H]3O[C@H](CN4C(=O)c5ccccc5C4=O)[C@H](O)[C@H](OCc4ccccc4)[C@H]3N3C(=O)c4ccccc4C3=O)[C@H](OCc3ccccc3)[C@H]2N2C(=O)c3ccccc3C2=O)[C@H](OCc2ccccc2)[C@H]1N1C(=O)c2ccccc2C1=O,BF0E2F5A
686,"Journal of the American Chemical Society (2013), 135(41), 15382-15391",期刊,2013,31-013-CAS-13170869,O(CC1=CC=CC=C1)[C@@H]2[C@H]([C@H](SC3=CC=C(C)C=C3)O[C@]4([C@]2(O[C@@H](OC4)C5=CC=CC=C5)[H])[H])N6C(=O)C=7C(C6=O)=CC=CC7,thioglycoside,O(CC1=CC=CC=C1)[C@@H]2[C@H]([C@H](OCCCCCN=[N+]=[N-])O[C@H](COCC3=CC=CC=C3)[C@H]2O)N4C(=O)C=5C(C4=O)=CC=CC5,Dichloromethane,ClCCl,1,Trifluoromethanesulfonic acid,O=S(=O)(O)C(F)(F)F,1,25.0,1,60.0,1,b,1,Cc1ccc(S[C@@H]2O[C@@H]3CO[C@@H](c4ccccc4)O[C@H]3[C@H](OCc3ccccc3)[C@H]2N2C(=O)c3ccccc3C2=O)cc1,[N-]=[N+]=NCCCCCO[C@@H]1O[C@H](COCc2ccccc2)[C@@H](O)[C@H](OCc2ccccc2)[C@H]1N1C(=O)c2ccccc2C1=O,E47B2E14
687,"United States, US20180264125 A1 2018-09-20",专利,2018,31-013-CAS-20623539,O(C(C)=O)[C@@H]1[C@H]([C@H](SC2=CC=C(C)C=C2)O[C@H](COC(C)=O)[C@H]1OC(C)=O)N3C(=O)C=4C(C3=O)=CC=CC4,thioglycoside,O([C@H]1[C@@H]([C@@H](OC(C)=O)[C@H](O)[C@@H](COCC2=CC=CC=C2)O1)N3C(=O)C=4C(C3=O)=CC=CC4)[C@H]5[C@H](OC(C)=O)[C@@H](N=[N+]=[N-])[C@H](O[Si](C(C)(C)C)(C)C)O[C@@H]5COCC6=CC=CC=C6,Dichloromethane,ClCCl,1,N-Iodosuccinimide,O=C1N(I)C(=O)CC1,1,25.0,1,60.0,1,b,1,CC(=O)OC[C@H]1O[C@@H](Sc2ccc(C)cc2)[C@H](N2C(=O)c3ccccc3C2=O)[C@@H](OC(C)=O)[C@@H]1OC(C)=O,CC(=O)O[C@@H]1[C@@H](N=[N+]=[N-])[C@H](O[Si](C)(C)C(C)(C)C)O[C@H](COCc2ccccc2)[C@H]1O[C@@H]1O[C@H](COCc2ccccc2)[C@@H](O)[C@H](OC(C)=O)[C@H]1N1C(=O)c2ccccc2C1=O,D3ECC4C6
688,"Journal of the American Chemical Society (2003), 125(12), 3402-3403",期刊,2003,31-013-CAS-1202577,[Si](O[C@H]1[C@]2([C@](O[C@H](SC)[C@H]1OCC3=CC=C(OC)C=C3)(COC4(O2)CCCCC4)[H])[H])(C(C)(C)C)(C5=CC=CC=C5)C6=CC=CC=C6,thioglycoside,O(CC1=CC=CC=C1)[C@@H]2[C@H]([C@H](F)O[C@H](COCC3=CC=CC=C3)[C@H]2O)N4C(=O)C=5C(C4=O)=CC=CC5,Dichloromethane,ClCCl,1,Methyl triflate,O=S(=O)(OC)C(F)(F)F,1,0.0,1,120.0,1,b,1,COc1ccc(CO[C@H]2[C@@H](O[Si](c3ccccc3)(c3ccccc3)C(C)(C)C)[C@@H]3OC4(CCCCC4)OC[C@H]3O[C@@H]2SC)cc1,O=C1c2ccccc2C(=O)N1[C@@H]1[C@@H](OCc2ccccc2)[C@H](O)[C@@H](COCc2ccccc2)O[C@H]1F,9E77CAFD
689,"Tetrahedron (2006), 62(35), 8262-8277",期刊,2006,31-013-CAS-2162186,[Si](O[C@H]1[C@]2([C@](O[C@H](SC)[C@H]1OCC3=CC=C(OC)C=C3)(COC4(O2)CCCCC4)[H])[H])(C(C)(C)C)(C5=CC=CC=C5)C6=CC=CC=C6,thioglycoside,O(CC1=CC=CC=C1)[C@@H]2[C@H]([C@H](F)O[C@H](COCC3=CC=CC=C3)[C@H]2O)N4C(=O)C=5C(C4=O)=CC=CC5,Dichloromethane,ClCCl,1,Sodium chloride,[Na]Cl,1,25.0,1,180.0,1,b,1,COc1ccc(CO[C@H]2[C@@H](O[Si](c3ccccc3)(c3ccccc3)C(C)(C)C)[C@@H]3OC4(CCCCC4)OC[C@H]3O[C@@H]2SC)cc1,O=C1c2ccccc2C(=O)N1[C@@H]1[C@@H](OCc2ccccc2)[C@H](O)[C@@H](COCc2ccccc2)O[C@H]1F,9E77CAFD
690,"Macromolecular Bioscience (2006), 6(10), 862-872",期刊,2006,31-013-CAS-10274383,O(C(=O)C1=CC=CC=C1)[C@@H]2[C@H]([C@H](SC3=CC=CC=C3)O[C@H](CO[Si](C(C)(C)C)(C)C)[C@H]2OC(=O)C4=CC=CC=C4)N5C(=O)C=6C(C5=O)=CC=CC6,thioglycoside,O(CC1=CC=C(OC)C=C1)[C@H]2[C@@H]([C@@H](OC(C)=O)[C@H](O)[C@@H](CO[Si](C(C)(C)C)(C)C)O2)N3C(=O)C=4C(C3=O)=CC=CC4,Dichloromethane,ClCCl,1,N-Iodosuccinimide,O=C1N(I)C(=O)CC1,1,-40.0,1,900.0,1,b,1,CC(C)(C)[Si](C)(C)OC[C@H]1O[C@@H](Sc2ccccc2)[C@H](N2C(=O)c3ccccc3C2=O)[C@@H](OC(=O)c2ccccc2)[C@@H]1OC(=O)c1ccccc1,COc1ccc(CO[C@@H]2O[C@H](CO[Si](C)(C)C(C)(C)C)[C@@H](O)[C@H](OC(C)=O)[C@H]2N2C(=O)c3ccccc3C2=O)cc1,2A8FC82A
691,"Organic Letters (2021), 23(15), 6137-6142",期刊,2021,31-614-CAS-23946125,O(CC1=CC=CC=C1)[C@H]2[C@H](N=[N+]=[N-])[C@@H](SC3=CC=CC=C3)O[C@@H](C)[C@H]2OC(C)=O,thioglycoside,O([C@@H]1[C@@H](NC(C(Cl)(Cl)Cl)=O)[C@H](OCCCNC(OCC2=CC=CC=C2)=O)O[C@H](C)[C@H]1NC(C[C@@H](OCC3=CC=CC=C3)C)=O)[C@H]4[C@@H](N=[N+]=[N-])[C@H](OCC5=CC=CC=C5)[C@H](O[C@H]6[C@@H](N=[N+]=[N-])[C@H](OCC7=CC=CC=C7)[C@H](O)[C@H](C)O6)[C@H](C)O4,Dichloromethane,ClCCl,1,Trifluoromethanesulfonic acid,O=S(=O)(O)C(F)(F)F,1,25.0,1,30.0,1,a,0,CC(=O)O[C@H]1[C@@H](OCc2ccccc2)[C@H](N=[N+]=[N-])[C@@H](Sc2ccccc2)O[C@H]1C,C[C@@H]1O[C@@H](O[C@H]2[C@@H](OCc3ccccc3)[C@H](N=[N+]=[N-])[C@H](O[C@@H]3[C@@H](NC(=O)C(Cl)(Cl)Cl)[C@H](OCCCNC(=O)OCc4ccccc4)O[C@H](C)[C@H]3NC(=O)C[C@H](C)OCc3ccccc3)O[C@H]2C)[C@@H](N=[N+]=[N-])[C@H](OCc2ccccc2)[C@@H]1O,0B6F65C1
692,"Japan, JP2021028307 A 2021-02-25",专利,2021,31-013-CAS-23435466,O(CC1=CC=CC=C1)[C@@H]2[C@H]([C@H](SC3=CC=CC=C3)O[C@H](COCC4=CC=CC=C4)[C@H]2N=[N+]=[N-])N5C(=O)C=6C(C5=O)=CC=CC6,thioglycoside,O(CC1=CC=CC=C1)[C@@H]2[C@H]([C@H](OCC3=CC=CC=C3)O[C@H](COCC4=CC=CC=C4)[C@H]2O)N5C(=O)C=6C(C5=O)=CC=CC6,Dichloromethane,ClCCl,1,N-Iodosuccinimide,O=C1N(I)C(=O)CC1,1,-78.0,1,120.0,1,b,1,[N-]=[N+]=N[C@H]1[C@H](OCc2ccccc2)[C@@H](N2C(=O)c3ccccc3C2=O)[C@H](Sc2ccccc2)O[C@@H]1COCc1ccccc1,O=C1c2ccccc2C(=O)N1[C@H]1[C@H](OCc2ccccc2)O[C@H](COCc2ccccc2)[C@@H](O)[C@@H]1OCc1ccccc1,90263E1C
693,"Chemistry - A European Journal (2023), 29(64), e202302288",期刊,2023,31-614-CAS-44041095,O(C(CCC(C)=O)=O)[C@@H]1[C@@H](OC(=O)C2=CC=CC=C2)[C@H](SCC)O[C@H](COC(=O)C3=CC=CC=C3)[C@@H]1OCC4=CC=CC=C4,thioglycoside,O([C@H]1[C@@H]([C@@H](OCC2=CC=CC=C2)[C@H](O)[C@@H](COC(=O)C3=CC=CC=C3)O1)N4C(=O)C=5C(C4=O)=CC=CC5)[C@@H]6[C@@H](OC(=O)C7=CC=CC=C7)[C@H](O[C@H]8[C@H](OCC9=CC=CC=C9)[C@@H](OCC%10=CC=CC=C%10)[C@H](OCC%11=CC=CC=C%11)O[C@@H]8COCC%12=CC=CC=C%12)O[C@H](COC(=O)C%13=CC=CC=C%13)[C@@H]6OCC%14=CC=CC=C%14,Dichloromethane,ClCCl,1,N-Iodosuccinimide,O=C1N(I)C(=O)CC1,1,25.0,1,60.0,1,b,1,CCS[C@@H]1O[C@H](COC(=O)c2ccccc2)[C@H](OCc2ccccc2)[C@H](OC(=O)CCC(C)=O)[C@H]1OC(=O)c1ccccc1,O=C(OC[C@H]1O[C@@H](O[C@H]2[C@@H](OCc3ccccc3)[C@@H](COC(=O)c3ccccc3)O[C@@H](O[C@H]3[C@H](OCc4ccccc4)[C@@H](OCc4ccccc4)[C@H](OCc4ccccc4)O[C@@H]3COCc3ccccc3)[C@@H]2OC(=O)c2ccccc2)[C@H](N2C(=O)c3ccccc3C2=O)[C@@H](OCc2ccccc2)[C@@H]1O)c1ccccc1,EC9C6924
694,"World Intellectual Property Organization, WO2020132625 A1 2020-06-25",专利,2020,31-013-CAS-22452828,[Si](OC[C@@H]1[C@@H](OC(C)=O)[C@H](OC(C)=O)[C@@H](N=[N+]=[N-])[C@@H](O[C@H]2[C@H](OC(C)=O)[C@@H](OC(OCC3C=4C(C=5C3=CC=CC5)=CC=CC4)=O)[C@H](SC6=CC=C(C)C=C6)O[C@H]2C(OC)=O)O1)(C(C)(C)C)(C7=CC=CC=C7)C8=CC=CC=C8,thioglycoside,O([C@H]1[C@H](OC(C)=O)[C@@H](OC(OCC(Cl)(Cl)Cl)=O)[C@H](OCC=C)O[C@H]1C(OC)=O)[C@@H]2[C@H](NC(C(F)(F)F)=O)[C@@H](OC(C)=O)[C@H](O)[C@@H](COCC3=CC4=C(C=C3)C=CC=C4)O2,Dichloromethane;Diethyl ether,ClCCl;O(CC)CC,1,Triethylamine,N(CC)(CC)CC,1,-78.0,1,30.0,1,b,1,COC(=O)[C@@H]1O[C@@H](Sc2ccc(C)cc2)[C@H](OC(=O)OCC2c3ccccc3-c3ccccc32)[C@@H](OC(C)=O)[C@@H]1O[C@H]1O[C@H](CO[Si](c2ccccc2)(c2ccccc2)C(C)(C)C)[C@@H](OC(C)=O)[C@H](OC(C)=O)[C@H]1N=[N+]=[N-],C=CCO[C@@H]1O[C@@H](C(=O)OC)[C@@H](O[C@H]2O[C@H](COCc3ccc4ccccc4c3)[C@@H](O)[C@H](OC(C)=O)[C@H]2NC(=O)C(F)(F)F)[C@H](OC(C)=O)[C@H]1OC(=O)OCC(Cl)(Cl)Cl,202525F9
695,"Angewandte Chemie, International Edition (2019), 58(51), 18577-18583",期刊,2019,31-013-CAS-20825259,[Si](OC[C@@H]1[C@@H](OC(C)=O)[C@H](OC(C)=O)[C@@H](N=[N+]=[N-])[C@@H](O[C@H]2[C@H](OC(C)=O)[C@@H](OC(OCC3C=4C(C=5C3=CC=CC5)=CC=CC4)=O)[C@H](SC6=CC=C(C)C=C6)O[C@H]2C(OC)=O)O1)(C(C)(C)C)(C7=CC=CC=C7)C8=CC=CC=C8,thioglycoside,O([C@H]1[C@H](OC(C)=O)[C@@H](OC(OCC(Cl)(Cl)Cl)=O)[C@H](OCC=C)O[C@H]1C(OC)=O)[C@@H]2[C@H](NC(C(F)(F)F)=O)[C@@H](OC(C)=O)[C@H](O)[C@@H](COCC3=CC4=C(C=C3)C=CC=C4)O2,Dichloromethane;Diethyl ether,ClCCl;O(CC)CC,1,Triethylamine,N(CC)(CC)CC,1,-78.0,1,30.0,1,b,1,COC(=O)[C@@H]1O[C@@H](Sc2ccc(C)cc2)[C@H](OC(=O)OCC2c3ccccc3-c3ccccc32)[C@@H](OC(C)=O)[C@@H]1O[C@H]1O[C@H](CO[Si](c2ccccc2)(c2ccccc2)C(C)(C)C)[C@@H](OC(C)=O)[C@H](OC(C)=O)[C@H]1N=[N+]=[N-],C=CCO[C@@H]1O[C@@H](C(=O)OC)[C@@H](O[C@H]2O[C@H](COCc3ccc4ccccc4c3)[C@@H](O)[C@H](OC(C)=O)[C@H]2NC(=O)C(F)(F)F)[C@H](OC(C)=O)[C@H]1OC(=O)OCC(Cl)(Cl)Cl,202525F9
696,"Carbohydrate Research (2000), 329(4), 709-715",期刊,2000,31-013-CAS-1583370,O(CC1=CC=CC=C1)[C@H]2[C@H](OCC3=CC=CC=C3)[C@@H](SCC)O[C@@H](C)[C@H]2OCC4=CC=CC=C4,thioglycoside,O(C(OCC1C=2C(C=3C1=CC=CC3)=CC=CC2)=O)[C@@H]4[C@H]([C@H](SCC)O[C@H](COCC5=CC=CC=C5)[C@H]4O)N6C(=O)C=7C(C6=O)=CC=CC7,Dichloromethane;Toluene,ClCCl;C=1C=CC(=CC1)C,1,Trimethylsilyl triflate,O=S(=O)(O[Si](C)(C)C)C(F)(F)F,1,,0,,0,a,0,CCS[C@H]1O[C@@H](C)[C@@H](OCc2ccccc2)[C@@H](OCc2ccccc2)[C@@H]1OCc1ccccc1,CCS[C@@H]1O[C@H](COCc2ccccc2)[C@@H](O)[C@H](OC(=O)OCC2c3ccccc3-c3ccccc32)[C@H]1N1C(=O)c2ccccc2C1=O,A3B9EE7F
697,"Bioorganic & Medicinal Chemistry (2011), 19(3), 1306-1320",期刊,2011,31-013-CAS-10898081,O(C(C)=O)[C@@H]1[C@H]([C@H](SC2=CC(C(C)(C)C)=CC=C2C)O[C@]3([C@]1(O[C@@H](OC3)C4=CC=CC=C4)[H])[H])N5C(=O)C=6C(C5=O)=CC=CC6,thioglycoside,O([Si](C(C)(C)C)(C)C)[C@@H]1[C@H]([C@H](OCCCCCC(OCC)=O)O[C@H](CO[Si](C(C)(C)C)(C)C)[C@H]1O)N2C(=O)C=3C(C2=O)=CC=CC3,Dichloromethane,ClCCl,1,N-Iodosuccinimide,O=C1N(I)C(=O)CC1,1,-25.0,1,60.0,1,b,1,CC(=O)O[C@H]1[C@@H]2O[C@H](c3ccccc3)OC[C@H]2O[C@@H](Sc2cc(C(C)(C)C)ccc2C)[C@@H]1N1C(=O)c2ccccc2C1=O,CCOC(=O)CCCCCO[C@@H]1O[C@H](CO[Si](C)(C)C(C)(C)C)[C@@H](O)[C@H](O[Si](C)(C)C(C)(C)C)[C@H]1N1C(=O)c2ccccc2C1=O,AB67386F
698,"Organic & Biomolecular Chemistry (2022), 20(42), 8243-8258",期刊,2022,31-614-CAS-38021989,O(CC1=CC=CC=C1)[C@@H]2[C@H]([C@H](SC3=CC=CC=C3)O[C@H](CN4C(=O)C=5C(C4=O)=CC=CC5)[C@@H]2OC(CCl)=O)N6C(=O)C=7C(C6=O)=CC=CC7,thioglycoside,O(CC1=CC=CC=C1)[C@@H]2[C@H]([C@H](O[C@@H]3[C@H](OCC4=CC=CC=C4)[C@H]([C@H](O[C@@H]5[C@H](OCC6=CC=CC=C6)[C@H]([C@H](OC)O[C@@H]5CN7C(=O)C=8C(C7=O)=CC=CC8)N9C(=O)C=%10C(C9=O)=CC=CC%10)O[C@@H]3CN%11C(=O)C=%12C(C%11=O)=CC=CC%12)N%13C(=O)C=%14C(C%13=O)=CC=CC%14)O[C@H](CN%15C(=O)C=%16C(C%15=O)=CC=CC%16)[C@@H]2O[C@H]%17[C@@H]([C@@H](OCC%18=CC=CC=C%18)[C@@H](O)[C@@H](CN%19C(=O)C=%20C(C%19=O)=CC=CC%20)O%17)N%21C(=O)C=%22C(C%21=O)=CC=CC%22)N%23C(=O)C=%24C(C%23=O)=CC=CC%24,Dichloromethane;Toluene,ClCCl;C=1C=CC(=CC1)C,1,Trifluoromethanesulfonic acid,O=S(=O)(O)C(F)(F)F,1,0.0,1,45.0,1,b,1,O=C(CCl)O[C@@H]1[C@H](OCc2ccccc2)[C@@H](N2C(=O)c3ccccc3C2=O)[C@H](Sc2ccccc2)O[C@@H]1CN1C(=O)c2ccccc2C1=O,CO[C@@H]1O[C@H](CN2C(=O)c3ccccc3C2=O)[C@H](O[C@@H]2O[C@H](CN3C(=O)c4ccccc4C3=O)[C@H](O[C@@H]3O[C@H](CN4C(=O)c5ccccc5C4=O)[C@H](O[C@@H]4O[C@H](CN5C(=O)c6ccccc6C5=O)[C@H](O)[C@H](OCc5ccccc5)[C@H]4N4C(=O)c5ccccc5C4=O)[C@H](OCc4ccccc4)[C@H]3N3C(=O)c4ccccc4C3=O)[C@H](OCc3ccccc3)[C@H]2N2C(=O)c3ccccc3C2=O)[C@H](OCc2ccccc2)[C@H]1N1C(=O)c2ccccc2C1=O,FC963207
699,"Journal of the American Chemical Society (2012), 134(37), 15556-15562",期刊,2012,31-013-CAS-3522722,O(C(C)=O)[C@H]1[C@@]2([C@](O[C@@H](SC3=CC=CC=C3)[C@@H]1NC(OCC(Cl)(Cl)Cl)=O)(CO[Si](C(C)(C)C)(C(C)(C)C)O2)[H])[H],thioglycoside,O([C@H]1[C@H](OCC2=CC3=C(C=C2)C=CC=C3)[C@@H](N=[N+]=[N-])[C@H](OCCCCCN(CC4=CC=CC=C4)C(OCC5=CC=CC=C5)=O)O[C@@H]1COCC6=CC=CC=C6)[C@H]7[C@@H](N=[N+]=[N-])[C@@H](OCC8=CC=CC=C8)[C@H](O)[C@@H](COCC9=CC=CC=C9)O7,Dichloromethane,ClCCl,1,N-Iodosuccinimide,O=C1N(I)C(=O)CC1,1,25.0,1,60.0,1,a,0,CC(=O)O[C@@H]1[C@@H](NC(=O)OCC(Cl)(Cl)Cl)[C@H](Sc2ccccc2)O[C@@H]2CO[Si](C(C)(C)C)(C(C)(C)C)O[C@H]12,[N-]=[N+]=N[C@@H]1[C@H](O[C@H]2[C@H](OCc3ccc4ccccc4c3)[C@@H](N=[N+]=[N-])[C@H](OCCCCCN(Cc3ccccc3)C(=O)OCc3ccccc3)O[C@@H]2COCc2ccccc2)O[C@H](COCc2ccccc2)[C@@H](O)[C@@H]1OCc1ccccc1,2D8928EF
700,"Carbohydrate Research (2023), 525, 108764",期刊,2023,31-614-CAS-40276979,O(C(C)=O)[C@@H]1[C@@H](OC(C)=O)[C@H](SC2=CC=CC=C2)O[C@H](COC(C)=O)[C@@H]1OC(C)=O,thioglycoside,O(CC1=CC=CC=C1)[C@@H]2[C@H]([C@H](OCC3=CC=CC=C3)O[C@H](COCC4=CC=CC=C4)[C@H]2O[C@H]5[C@@H]([C@@H](OCC6=CC=CC=C6)[C@H](O)[C@@H](COCC7=CC=CC=C7)O5)N8C(=O)C=9C(C8=O)=CC=CC9)N%10C(=O)C=%11C(C%10=O)=CC=CC%11,Dichloromethane,ClCCl,1,Trifluoromethanesulfonic acid,O=S(=O)(O)C(F)(F)F,1,-78.0,1,360.0,1,b,1,CC(=O)OC[C@H]1O[C@@H](Sc2ccccc2)[C@H](OC(C)=O)[C@@H](OC(C)=O)[C@H]1OC(C)=O,O=C1c2ccccc2C(=O)N1[C@H]1[C@H](O[C@H]2[C@H](OCc3ccccc3)[C@@H](N3C(=O)c4ccccc4C3=O)[C@H](OCc3ccccc3)O[C@@H]2COCc2ccccc2)O[C@H](COCc2ccccc2)[C@@H](O)[C@@H]1OCc1ccccc1,5B69DCA2
701,"Bioorganic & Medicinal Chemistry Letters (2001), 11(7), 923-925",期刊,2001,31-013-CAS-100772,O(C(=O)C1=CC=CC=C1)[C@H]2[C@@H](OC(=O)C3=CC=CC=C3)[C@@H](COCC4=CC=CC=C4)O[C@@H](SCC)[C@@H]2OC(=O)C5=CC=CC=C5,thioglycoside,O(CC1=CC=CC=C1)[C@@H]2[C@H](O[C@@H]3[C@@H](NC(=O)C4=CC(OC)=C(OC)C=C4)[C@H](OCCCCCCCCC(OC)=O)O[C@H](COCC5=CC=CC=C5)[C@H]3O)O[C@@H](C)[C@@H](OCC6=CC=CC=C6)[C@H]2OCC7=CC=CC=C7,Dichloromethane,ClCCl,1,Triethylamine,N(CC)(CC)CC,1,,0,,0,b,1,CCS[C@@H]1O[C@H](COCc2ccccc2)[C@H](OC(=O)c2ccccc2)[C@H](OC(=O)c2ccccc2)[C@H]1OC(=O)c1ccccc1,COC(=O)CCCCCCCCO[C@@H]1O[C@H](COCc2ccccc2)[C@@H](O)[C@H](O[C@@H]2O[C@@H](C)[C@@H](OCc3ccccc3)[C@@H](OCc3ccccc3)[C@@H]2OCc2ccccc2)[C@H]1NC(=O)c1ccc(OC)c(OC)c1,81032ACC
702,"Journal of the American Chemical Society (2012), 134(39), 16430-16433",期刊,2012,31-049-CAS-14355506,O(CC1=CC=C(OC)C=C1)[C@H]2[C@]3([C@](O[C@H](S(=O)C4=CC=CC=C4)[C@H]2OCC5=CC=CC=C5)(CO[C@H](O3)C6=CC=CC=C6)[H])[H],thioglycoside,O(CC1=CC=CC=C1)[C@@H]2[C@H]([C@H](OCC3=CC=CC=C3)O[C@H](COCC4=CC=CC=C4)[C@H]2O[C@H]5[C@@H]([C@@H](OCC6=CC=CC=C6)[C@H](O)[C@@H](COCC7=CC=CC=C7)O5)N8C(=O)C=9C(C8=O)=CC=CC9)N%10C(=O)C=%11C(C%10=O)=CC=CC%11,Dichloromethane,ClCCl,1,Trifluoromethanesulfonic anhydride,O=S(=O)(OS(=O)(=O)C(F)(F)F)C(F)(F)F,1,25.0,1,60.0,1,b,1,COc1ccc(CO[C@H]2[C@@H]3O[C@H](c4ccccc4)OC[C@H]3O[C@H](S(=O)c3ccccc3)[C@H]2OCc2ccccc2)cc1,O=C1c2ccccc2C(=O)N1[C@H]1[C@H](O[C@H]2[C@H](OCc3ccccc3)[C@@H](N3C(=O)c4ccccc4C3=O)[C@H](OCc3ccccc3)O[C@@H]2COCc2ccccc2)O[C@H](COCc2ccccc2)[C@@H](O)[C@@H]1OCc1ccccc1,48892AB7
703,"Tetrahedron Letters (2010), 51(14), 1910-1913",期刊,2010,31-013-CAS-8661272,O(CC1=CC=CC=C1)[C@H]2[C@H](OCC3=CC=CC=C3)[C@H](SC4=CC=C(C)C=C4)O[C@@H](C)[C@H]2OCC5=CC=CC=C5,thioglycoside,S([C@H]1[C@]2([C@]([C@@H](O)[C@@H](COCC3=CC=CC=C3)O1)(OC(=O)N2CC4=CC=CC=C4)[H])[H])C5=CC=C(C)C=C5,Dichloromethane,ClCCl,1,N-Iodosuccinimide,O=C1N(I)C(=O)CC1,1,-60.0,1,20.0,1,a,0,Cc1ccc(S[C@@H]2O[C@@H](C)[C@@H](OCc3ccccc3)[C@@H](OCc3ccccc3)[C@@H]2OCc2ccccc2)cc1,Cc1ccc(S[C@@H]2O[C@H](COCc3ccccc3)[C@H](O)[C@@H]3OC(=O)N(Cc4ccccc4)[C@H]32)cc1,68085DDE
704,"Journal of the American Chemical Society (2017), 139(2), 1011-1018",期刊,2017,31-013-CAS-16647318,O(CC1=CC=C(OC)C=C1)[C@H]2[C@]3([C@](O[C@H](SC4=CC=CC=C4)[C@H]2OCC5=CC=CC=C5)(CO[C@H](O3)C6=CC=CC=C6)[H])[H],thioglycoside,O(CC1=CC=CC=C1)[C@@H]2[C@H]([C@H](OCC3=CC=CC=C3)O[C@H](COCC4=CC=CC=C4)[C@H]2O[C@H]5[C@@H]([C@@H](OCC6=CC=CC=C6)[C@H](O)[C@@H](COCC7=CC=CC=C7)O5)N8C(=O)C=9C(C8=O)=CC=CC9)N%10C(=O)C=%11C(C%10=O)=CC=CC%11,Dichloromethane,ClCCl,1,Diphenyl sulfoxide,O=S(C=1C=CC=CC1)C=2C=CC=CC2,1,25.0,1,5.0,1,b,1,COc1ccc(CO[C@@H]2[C@H](OCc3ccccc3)[C@@H](Sc3ccccc3)O[C@@H]3CO[C@@H](c4ccccc4)O[C@@H]23)cc1,O=C1c2ccccc2C(=O)N1[C@H]1[C@H](O[C@H]2[C@H](OCc3ccccc3)[C@@H](N3C(=O)c4ccccc4C3=O)[C@H](OCc3ccccc3)O[C@@H]2COCc2ccccc2)O[C@H](COCc2ccccc2)[C@@H](O)[C@@H]1OCc1ccccc1,A44EF812
705,"Organic & Biomolecular Chemistry (2012), 10(48), 9570-9582",期刊,2012,31-013-CAS-9394061,O([C@H]1[C@H](OCC2=CC=CC=C2)[C@@H](OC(=O)C3=CC=CC=C3)[C@H](SC4=CC=CC=C4)O[C@@H]1C(OC)=O)[C@@H]5[C@H](NC(OCC(Cl)(Cl)Cl)=O)[C@@H](OCC6=CC=CC=C6)[C@H](OC(CCl)=O)[C@@H](COCC7=CC8=C(C=C7)C=CC=C8)O5,thioglycoside,O([C@H]1[C@H](OCC2=CC=CC=C2)[C@@H](NC(OCC(Cl)(Cl)Cl)=O)[C@@H](O[C@H]3[C@H](OCC4=CC=CC=C4)[C@@H](OC(=O)C5=CC=CC=C5)[C@H](OCCCCCCNC(OCC6=CC=CC=C6)=O)O[C@@H]3C(OC)=O)O[C@@H]1COCC7=CC8=C(C=C7)C=CC=C8)[C@H]9[C@H](OC(=O)C%10=CC=CC=C%10)[C@@H](OCC%11=CC=CC=C%11)[C@H](O[C@@H]%12[C@H](NC(OCC(Cl)(Cl)Cl)=O)[C@@H](OCC%13=CC=CC=C%13)[C@H](O)[C@@H](COCC%14=CC%15=C(C=C%14)C=CC=C%15)O%12)[C@@H](C(OC)=O)O9,Dichloromethane,ClCCl,1,N-Iodosuccinimide,O=C1N(I)C(=O)CC1,1,25.0,1,30.0,1,b,1,COC(=O)[C@H]1O[C@@H](Sc2ccccc2)[C@H](OC(=O)c2ccccc2)[C@@H](OCc2ccccc2)[C@@H]1O[C@H]1O[C@H](COCc2ccc3ccccc3c2)[C@@H](OC(=O)CCl)[C@H](OCc2ccccc2)[C@H]1NC(=O)OCC(Cl)(Cl)Cl,COC(=O)[C@H]1O[C@@H](OCCCCCCNC(=O)OCc2ccccc2)[C@H](OC(=O)c2ccccc2)[C@@H](OCc2ccccc2)[C@@H]1O[C@H]1O[C@H](COCc2ccc3ccccc3c2)[C@@H](O[C@@H]2O[C@H](C(=O)OC)[C@@H](O[C@H]3O[C@H](COCc4ccc5ccccc5c4)[C@@H](O)[C@H](OCc4ccccc4)[C@H]3NC(=O)OCC(Cl)(Cl)Cl)[C@H](OCc3ccccc3)[C@H]2OC(=O)c2ccccc2)[C@H](OCc2ccccc2)[C@H]1NC(=O)OCC(Cl)(Cl)Cl,BAF5B5B7
706,"Organic & Biomolecular Chemistry (2022), 20(42), 8243-8258",期刊,2022,31-614-CAS-38021995,O(CC1=CC=CC=C1)[C@@H]2[C@H]([C@H](SC3=CC=CC=C3)O[C@H](CN4C(=O)C=5C(C4=O)=CC=CC5)[C@@H]2OC(CCl)=O)N6C(=O)C=7C(C6=O)=CC=CC7,thioglycoside,O(CC1=CC=CC=C1)[C@@H]2[C@H]([C@H](O[C@@H]3[C@H](OCC4=CC=CC=C4)[C@H]([C@H](O[C@@H]5[C@H](OCC6=CC=CC=C6)[C@H]([C@H](OC)O[C@@H]5CN7C(=O)C=8C(C7=O)=CC=CC8)N9C(=O)C=%10C(C9=O)=CC=CC%10)O[C@@H]3CN%11C(=O)C=%12C(C%11=O)=CC=CC%12)N%13C(=O)C=%14C(C%13=O)=CC=CC%14)O[C@H](CN%15C(=O)C=%16C(C%15=O)=CC=CC%16)[C@@H]2O[C@H]%17[C@@H]([C@@H](OCC%18=CC=CC=C%18)[C@@H](O[C@H]%19[C@@H]([C@@H](OCC%20=CC=CC=C%20)[C@@H](O)[C@@H](CN%21C(=O)C=%22C(C%21=O)=CC=CC%22)O%19)N%23C(=O)C=%24C(C%23=O)=CC=CC%24)[C@@H](CN%25C(=O)C=%26C(C%25=O)=CC=CC%26)O%17)N%27C(=O)C=%28C(C%27=O)=CC=CC%28)N%29C(=O)C=%30C(C%29=O)=CC=CC%30,Dichloromethane;Toluene,ClCCl;C=1C=CC(=CC1)C,1,Trifluoromethanesulfonic acid,O=S(=O)(O)C(F)(F)F,1,0.0,1,45.0,1,b,1,O=C(CCl)O[C@@H]1[C@H](OCc2ccccc2)[C@@H](N2C(=O)c3ccccc3C2=O)[C@H](Sc2ccccc2)O[C@@H]1CN1C(=O)c2ccccc2C1=O,CO[C@@H]1O[C@H](CN2C(=O)c3ccccc3C2=O)[C@H](O[C@@H]2O[C@H](CN3C(=O)c4ccccc4C3=O)[C@H](O[C@@H]3O[C@H](CN4C(=O)c5ccccc5C4=O)[C@H](O[C@@H]4O[C@H](CN5C(=O)c6ccccc6C5=O)[C@H](O[C@@H]5O[C@H](CN6C(=O)c7ccccc7C6=O)[C@H](O)[C@H](OCc6ccccc6)[C@H]5N5C(=O)c6ccccc6C5=O)[C@H](OCc5ccccc5)[C@H]4N4C(=O)c5ccccc5C4=O)[C@H](OCc4ccccc4)[C@H]3N3C(=O)c4ccccc4C3=O)[C@H](OCc3ccccc3)[C@H]2N2C(=O)c3ccccc3C2=O)[C@H](OCc2ccccc2)[C@H]1N1C(=O)c2ccccc2C1=O,53C5545B
707,"Journal of the American Chemical Society (2012), 134(19), 8030-8033",期刊,2012,31-013-CAS-3150849,O([C@H]1[C@]2([C@](O[C@@H](SCC)[C@@H]1OC(CCC(C)=O)=O)(CO[C@H](O2)C3=CC=CC=C3)[H])[H])[C@@H]4[C@@H](OC(C)=O)[C@@H](OCC5=CC=CC=C5)[C@H](OCC6=CC=CC=C6)[C@@H](COCC7=CC=CC=C7)O4,thioglycoside,O([C@H]1[C@@H]([C@@H](OCC2=CC=CC=C2)[C@H](O)[C@@H](COCC3=CC=CC=C3)O1)N4C(=O)C=5C(C4=O)=CC=CC5)C6=CC=C(OC)C=C6,Dichloromethane,ClCCl,1,Methyl triflate,O=S(=O)(OC)C(F)(F)F,1,25.0,1,1200.0,1,b,1,CCS[C@@H]1O[C@@H]2CO[C@@H](c3ccccc3)O[C@H]2[C@H](O[C@H]2O[C@H](COCc3ccccc3)[C@@H](OCc3ccccc3)[C@H](OCc3ccccc3)[C@@H]2OC(C)=O)[C@H]1OC(=O)CCC(C)=O,COc1ccc(O[C@@H]2O[C@H](COCc3ccccc3)[C@@H](O)[C@H](OCc3ccccc3)[C@H]2N2C(=O)c3ccccc3C2=O)cc1,C79F68A9
708,"Carbohydrate Research (2006), 341(10), 1574-1596",期刊,2006,31-013-CAS-9300229,O([C@H]1[C@]2([C@](O[C@@H](SCC)[C@@H]1OC(CCC(C)=O)=O)(CO[C@H](O2)C3=CC=CC=C3)[H])[H])[C@@H]4[C@@H](OC(C)=O)[C@@H](OCC5=CC=CC=C5)[C@H](OCC6=CC=CC=C6)[C@@H](COCC7=CC=CC=C7)O4,thioglycoside,O([C@H]1[C@@H]([C@@H](OCC2=CC=CC=C2)[C@H](O)[C@@H](COCC3=CC=CC=C3)O1)N4C(=O)C=5C(C4=O)=CC=CC5)C6=CC=C(OC)C=C6,Dichloromethane,ClCCl,1,Triethylamine,N(CC)(CC)CC,1,25.0,1,,0,b,1,CCS[C@@H]1O[C@@H]2CO[C@@H](c3ccccc3)O[C@H]2[C@H](O[C@H]2O[C@H](COCc3ccccc3)[C@@H](OCc3ccccc3)[C@H](OCc3ccccc3)[C@@H]2OC(C)=O)[C@H]1OC(=O)CCC(C)=O,COc1ccc(O[C@@H]2O[C@H](COCc3ccccc3)[C@@H](O)[C@H](OCc3ccccc3)[C@H]2N2C(=O)c3ccccc3C2=O)cc1,C79F68A9
709,"Carbohydrate Research (2014), 400, 9-13",期刊,2014,31-013-CAS-3114823,O(C(C)=O)[C@H]1[C@H](OCC2=CC=CC=C2)[C@@H](SC3=CC=C(C)C=C3)O[C@@H](C)[C@H]1OC(C)=O,thioglycoside,O([C@@H]1[C@H]([C@H](OC2=CC=C(OC)C=C2)O[C@H](COCC3=CC=CC=C3)[C@H]1O)N4C(=O)C=5C(C4=O)=CC=CC5)[C@H]6[C@H](OC(C)=O)[C@@H](O[C@H]7[C@H](OC(C)=O)[C@H](OC(C)=O)[C@@H](OC(C)=O)[C@H](C)O7)[C@@H](OC(C)=O)[C@@H](COC(C)=O)O6,Dichloromethane,ClCCl,1,N-Iodosuccinimide,O=C1N(I)C(=O)CC1,1,0.0,1,10.0,1,a,0,CC(=O)O[C@@H]1[C@H](OC(C)=O)[C@H](C)O[C@H](Sc2ccc(C)cc2)[C@H]1OCc1ccccc1,COc1ccc(O[C@@H]2O[C@H](COCc3ccccc3)[C@@H](O)[C@H](O[C@@H]3O[C@H](COC(C)=O)[C@H](OC(C)=O)[C@H](O[C@@H]4O[C@@H](C)[C@H](OC(C)=O)[C@@H](OC(C)=O)[C@H]4OC(C)=O)[C@H]3OC(C)=O)[C@H]2N2C(=O)c3ccccc3C2=O)cc1,5D1D8FDE
710,"Chemistry - A European Journal (2018), 24(16), 4181-4187",期刊,2018,31-013-CAS-22357494,O([C@@H]1[C@H](OCC2=CC=CC=C2)[C@@H](OCC3=CC=CC=C3)[C@H](C)O[C@H]1SC4=CC=C(C)C=C4)[C@@H]5[C@H](NC(C)=O)[C@@H](OCC6=CC=CC=C6)[C@H](OCC7=CC=CC=C7)[C@@H](COCC8=CC=CC=C8)O5,thioglycoside,N(C(C(Cl)(Cl)Cl)=O)[C@@H]1[C@@H](OCC2=CC3=C(C=C2)C=CC=C3)[C@@H](O)[C@@H](COCC4=CC=CC=C4)O[C@H]1OCCCCCN(CC5=CC=CC=C5)C(OCC6=CC=CC=C6)=O,Dichloromethane,ClCCl,1,Trifluoromethanesulfonic acid,O=S(=O)(O)C(F)(F)F,1,25.0,1,30.0,1,a,0,CC(=O)N[C@H]1[C@@H](O[C@@H]2[C@H](OCc3ccccc3)[C@@H](OCc3ccccc3)[C@H](C)O[C@H]2Sc2ccc(C)cc2)O[C@H](COCc2ccccc2)[C@@H](OCc2ccccc2)[C@@H]1OCc1ccccc1,O=C(OCc1ccccc1)N(CCCCCO[C@@H]1O[C@H](COCc2ccccc2)[C@H](O)[C@H](OCc2ccc3ccccc3c2)[C@H]1NC(=O)C(Cl)(Cl)Cl)Cc1ccccc1,0E3B052A
711,"Carbohydrate Research (2008), 343(17), 2894-2902",期刊,2008,31-013-CAS-4188841,O(CC1=CC=CC=C1)[C@@H]2[C@H]([C@H](SC3=CC=C(C)C=C3)O[C@H](COCC4=CC=CC=C4)[C@H]2OCC5=CC=CC=C5)N6C(=O)C=7C(C6=O)=CC=CC7,thioglycoside,O(CC1=CC=CC=C1)[C@@H]2[C@H]([C@H](N=[N+]=[N-])O[C@H](COCC3=CC=CC=C3)[C@H]2O)N4C(=O)C=5C(C4=O)=CC=CC5,Dichloromethane,ClCCl,1,N-Iodosuccinimide,O=C1N(I)C(=O)CC1,1,-30.0,1,20.0,1,b,1,Cc1ccc(S[C@@H]2O[C@H](COCc3ccccc3)[C@@H](OCc3ccccc3)[C@H](OCc3ccccc3)[C@H]2N2C(=O)c3ccccc3C2=O)cc1,[N-]=[N+]=N[C@@H]1O[C@H](COCc2ccccc2)[C@@H](O)[C@H](OCc2ccccc2)[C@H]1N1C(=O)c2ccccc2C1=O,0FCC794B
712,"Journal of Medicinal Chemistry (2009), 52(7), 2052-2059",期刊,2009,31-013-CAS-1880759,O(CC1=CC=CC=C1)[C@@H]2[C@H]([C@H](SC3=CC=C(C)C=C3)O[C@H](COCC4=CC=CC=C4)[C@H]2OCC5=CC=CC=C5)N6C(=O)C=7C(C6=O)=CC=CC7,thioglycoside,O(CC1=CC=CC=C1)[C@@H]2[C@H]([C@H](N=[N+]=[N-])O[C@H](COCC3=CC=CC=C3)[C@H]2O)N4C(=O)C=5C(C4=O)=CC=CC5,Dichloromethane,ClCCl,1,N-Iodosuccinimide,O=C1N(I)C(=O)CC1,1,-30.0,1,20.0,1,b,1,Cc1ccc(S[C@@H]2O[C@H](COCc3ccccc3)[C@@H](OCc3ccccc3)[C@H](OCc3ccccc3)[C@H]2N2C(=O)c3ccccc3C2=O)cc1,[N-]=[N+]=N[C@@H]1O[C@H](COCc2ccccc2)[C@@H](O)[C@H](OCc2ccccc2)[C@H]1N1C(=O)c2ccccc2C1=O,0FCC794B
713,"Carbohydrate Research (2006), 341(10), 1669-1679",期刊,2006,31-013-CAS-6854088,O(CC1=CC=CC=C1)[C@@H]2[C@H]([C@H](SC3=CC=C(C)C=C3)O[C@]4([C@]2(O[C@@H](OC4)C5=CC=CC=C5)[H])[H])N6C(=O)C=7C(C6=O)=CC=CC7,thioglycoside,S([C@H]1[C@@H]([C@@H](OCC2=CC=CC=C2)[C@H](O)[C@@H](COCC3=CC=CC=C3)O1)N4C(=O)C=5C(C4=O)=CC=CC5)C6=CC=C(C)C=C6,Dichloromethane;Diethyl ether,ClCCl;O(CC)CC,1,Tosyl chloride,O=S(=O)(Cl)C1=CC=C(C=C1)C,1,25.0,1,30.0,1,b,1,Cc1ccc(S[C@@H]2O[C@@H]3CO[C@@H](c4ccccc4)O[C@H]3[C@H](OCc3ccccc3)[C@H]2N2C(=O)c3ccccc3C2=O)cc1,Cc1ccc(S[C@@H]2O[C@H](COCc3ccccc3)[C@@H](O)[C@H](OCc3ccccc3)[C@H]2N2C(=O)c3ccccc3C2=O)cc1,4554C10E
714,"Carbohydrate Research (2004), 339(2), 181-193",期刊,2004,31-013-CAS-1686035,O(CC1=CC=CC=C1)[C@H]2[C@H](OCC3=CC=CC=C3)[C@@H](COCC4=CC=CC=C4)O[C@@H](SCC)[C@@H]2OC(CCC(C)=O)=O,thioglycoside,O(CC1=CC=CC=C1)[C@@H]2[C@H]([C@H](OCC[Si](C)(C)C)O[C@H](COCC3=CC=CC=C3)[C@H]2O[C@H]4[C@@H]([C@@H](OCC5=CC=CC=C5)[C@H](O)[C@@H](COCC6=CC=CC=C6)O4)N7C(=O)C=8C(C7=O)=CC=CC8)N9C(=O)C=%10C(C9=O)=CC=CC%10,Dichloromethane,ClCCl,1,N-Iodosuccinimide,O=C1N(I)C(=O)CC1,1,25.0,1,30.0,1,b,1,CCS[C@@H]1O[C@H](COCc2ccccc2)[C@@H](OCc2ccccc2)[C@H](OCc2ccccc2)[C@H]1OC(=O)CCC(C)=O,C[Si](C)(C)CCO[C@@H]1O[C@H](COCc2ccccc2)[C@@H](O[C@@H]2O[C@H](COCc3ccccc3)[C@@H](O)[C@H](OCc3ccccc3)[C@H]2N2C(=O)c3ccccc3C2=O)[C@H](OCc2ccccc2)[C@H]1N1C(=O)c2ccccc2C1=O,9BE7446D
715,"Carbohydrate Research (2011), 346(14), 2113-2120",期刊,2011,31-013-CAS-12139860,O(C(C)=O)[C@H]1[C@@H](OC(C)=O)[C@@H](COCC2=CC=CC=C2)O[C@@H](SCC)[C@@H]1OC(C)=O,thioglycoside,[Si](OC[C@H]1O[C@@H](OCCCNC(OCC2=CC=CC=C2)=O)[C@@H]([C@@H](O)[C@@H]1O)N3C(=O)C=4C(C3=O)=CC=CC4)(C(C)(C)C)(C5=CC=CC=C5)C6=CC=CC=C6,Dichloromethane,ClCCl,1,N-Iodosuccinimide,O=C1N(I)C(=O)CC1,1,25.0,1,60.0,1,b,1,CCS[C@@H]1O[C@H](COCc2ccccc2)[C@H](OC(C)=O)[C@H](OC(C)=O)[C@H]1OC(C)=O,CC(C)(C)[Si](OC[C@H]1O[C@@H](OCCCNC(=O)OCc2ccccc2)[C@H](N2C(=O)c3ccccc3C2=O)[C@@H](O)[C@@H]1O)(c1ccccc1)c1ccccc1,FE2DD1FE
716,"European Journal of Organic Chemistry (2013), 2013(32), 7382-7390",期刊,2013,31-013-CAS-11416677,O(C(C)=O)[C@@H]1[C@H]([C@H](SC2=CC(C(C)(C)C)=CC=C2C)O[C@]3([C@]1(O[C@@H](OC3)C4=CC=CC=C4)[H])[H])N5C(=O)C=6C(C5=O)=CC=CC6,thioglycoside,[Si](OC[C@@H]1[C@@H](O)[C@H](OC(C)=O)[C@H]([C@H](OCC2=CC=CC=C2)O1)N3C(=O)C=4C(C3=O)=CC=CC4)(C(C)(C)C)(C5=CC=CC=C5)C6=CC=CC=C6,Dichloromethane,ClCCl,1,N-Iodosuccinimide,O=C1N(I)C(=O)CC1,1,25.0,1,30.0,1,b,1,CC(=O)O[C@H]1[C@@H]2O[C@H](c3ccccc3)OC[C@H]2O[C@@H](Sc2cc(C(C)(C)C)ccc2C)[C@@H]1N1C(=O)c2ccccc2C1=O,CC(=O)O[C@H]1[C@H](O)[C@@H](CO[Si](c2ccccc2)(c2ccccc2)C(C)(C)C)O[C@@H](OCc2ccccc2)[C@@H]1N1C(=O)c2ccccc2C1=O,88296EA0
717,"e-EROS Encyclopedia of Reagents for Organic Synthesis (2004), 1-2",期刊,2004,31-013-CAS-1252855,O(C(C)=O)[C@H]1[C@]2([C@]([C@H](SC3=CC=CC=C3)O[C@@H]1COC(C)=O)(NC(=O)O2)[H])[H],thioglycoside,O(CC1=CC=CC=C1)[C@@H]2[C@H]([C@H](OC)O[C@H](COCC3=CC=CC=C3)[C@H]2O)N4C(=O)C=5C(C4=O)=CC=CC5,Dichloromethane,ClCCl,1,Sodium bicarbonate,[Na].O=C(O)O,1,-78.0,1,5.0,1,a,0,CC(=O)OC[C@H]1O[C@@H](Sc2ccccc2)[C@@H]2NC(=O)O[C@H]2[C@@H]1OC(C)=O,CO[C@@H]1O[C@H](COCc2ccccc2)[C@@H](O)[C@H](OCc2ccccc2)[C@H]1N1C(=O)c2ccccc2C1=O,BD4F90D4
718,"Journal of the American Chemical Society (2001), 123(38), 9461-9462",期刊,2001,31-013-CAS-15346520,O(C(C)=O)[C@H]1[C@]2([C@]([C@H](SC3=CC=CC=C3)O[C@@H]1COC(C)=O)(NC(=O)O2)[H])[H],thioglycoside,O(CC1=CC=CC=C1)[C@@H]2[C@H]([C@H](OC)O[C@H](COCC3=CC=CC=C3)[C@H]2O)N4C(=O)C=5C(C4=O)=CC=CC5,Dichloromethane,ClCCl,1,,,0,,0,,0,a,0,CC(=O)OC[C@H]1O[C@@H](Sc2ccccc2)[C@@H]2NC(=O)O[C@H]2[C@@H]1OC(C)=O,CO[C@@H]1O[C@H](COCc2ccccc2)[C@@H](O)[C@H](OCc2ccccc2)[C@H]1N1C(=O)c2ccccc2C1=O,BD4F90D4
719,"Carbohydrate Research (2003), 338(6), 503-514",期刊,2003,31-013-CAS-7890438,O(CC1=CC=CC=C1)[C@H]2[C@H](OCC3=CC=CC=C3)[C@@H](SC4=CC=CC=C4)O[C@@H](C)[C@H]2OCC5=CC=CC=C5,thioglycoside,O([C@@]1(C(OC)=O)O[C@@]([C@@H]([C@@H](COC(C)=O)OC(C)=O)OC(C)=O)([C@H](NC(C)=O)[C@@H](OC(C)=O)C1)[H])[C@@H]2[C@@H](OC(=O)C3=CC=CC=C3)[C@H](O[C@@H]4[C@@H](NC(C)=O)[C@H](O[C@@H]5[C@@H](OCC6=CC=CC=C6)[C@H](O[C@H]7[C@H](OCC8=CC=CC=C8)[C@@H](OCC9=CC=CC=C9)[C@H](OCC[Si](C)(C)C)O[C@@H]7COCC%10=CC=CC=C%10)O[C@H](COCC%11=CC=CC=C%11)[C@@H]5OCC%12=CC=CC=C%12)O[C@H](CO[C@@]%13(C(OC)=O)O[C@@]([C@@H]([C@@H](COC(C)=O)OC(C)=O)OC(C)=O)([C@H](NC(C)=O)[C@@H](OC(C)=O)C%13)[H])[C@H]4O)O[C@H](COC(=O)C%14=CC=CC=C%14)[C@@H]2OC(=O)C%15=CC=CC=C%15,Benzene,C=1C=CC=CC1,1,N-Iodosuccinimide,O=C1N(I)C(=O)CC1,1,7.0,1,4320.0,1,a,0,C[C@@H]1O[C@H](Sc2ccccc2)[C@@H](OCc2ccccc2)[C@H](OCc2ccccc2)[C@@H]1OCc1ccccc1,COC(=O)[C@@]1(OC[C@H]2O[C@@H](O[C@H]3[C@@H](OCc4ccccc4)[C@@H](COCc4ccccc4)O[C@@H](O[C@H]4[C@H](OCc5ccccc5)[C@@H](OCc5ccccc5)[C@H](OCC[Si](C)(C)C)O[C@@H]4COCc4ccccc4)[C@@H]3OCc3ccccc3)[C@H](NC(C)=O)[C@@H](O[C@@H]3O[C@H](COC(=O)c4ccccc4)[C@H](OC(=O)c4ccccc4)[C@H](O[C@]4(C(=O)OC)C[C@H](OC(C)=O)[C@@H](NC(C)=O)[C@H]([C@H](OC(C)=O)[C@@H](COC(C)=O)OC(C)=O)O4)[C@H]3OC(=O)c3ccccc3)[C@@H]2O)C[C@H](OC(C)=O)[C@@H](NC(C)=O)[C@H]([C@H](OC(C)=O)[C@@H](COC(C)=O)OC(C)=O)O1,A2B79438
720,"Journal of Carbohydrate Chemistry (2001), 20(5), 425-430",期刊,2001,31-013-CAS-9552016,O(CC1=CC=CC=C1)[C@H]2[C@H](OCC3=CC=CC=C3)[C@@H](SC4=CC=CC=C4)O[C@@H](C)[C@H]2OCC5=CC=CC=C5,thioglycoside,O([C@@]1(C(OC)=O)O[C@@]([C@@H]([C@@H](COC(C)=O)OC(C)=O)OC(C)=O)([C@H](NC(C)=O)[C@@H](OC(C)=O)C1)[H])[C@@H]2[C@@H](OC(=O)C3=CC=CC=C3)[C@H](O[C@@H]4[C@@H](NC(C)=O)[C@H](O[C@@H]5[C@@H](OCC6=CC=CC=C6)[C@H](O[C@H]7[C@H](OCC8=CC=CC=C8)[C@@H](OCC9=CC=CC=C9)[C@H](OCC[Si](C)(C)C)O[C@@H]7COCC%10=CC=CC=C%10)O[C@H](COCC%11=CC=CC=C%11)[C@@H]5OCC%12=CC=CC=C%12)O[C@H](CO[C@@]%13(C(OC)=O)O[C@@]([C@@H]([C@@H](COC(C)=O)OC(C)=O)OC(C)=O)([C@H](NC(C)=O)[C@@H](OC(C)=O)C%13)[H])[C@H]4O)O[C@H](COC(=O)C%14=CC=CC=C%14)[C@@H]2OC(=O)C%15=CC=CC=C%15,Benzene,C=1C=CC=CC1,1,Trifluoromethanesulfonic acid,O=S(=O)(O)C(F)(F)F,1,,0,,0,a,0,C[C@@H]1O[C@H](Sc2ccccc2)[C@@H](OCc2ccccc2)[C@H](OCc2ccccc2)[C@@H]1OCc1ccccc1,COC(=O)[C@@]1(OC[C@H]2O[C@@H](O[C@H]3[C@@H](OCc4ccccc4)[C@@H](COCc4ccccc4)O[C@@H](O[C@H]4[C@H](OCc5ccccc5)[C@@H](OCc5ccccc5)[C@H](OCC[Si](C)(C)C)O[C@@H]4COCc4ccccc4)[C@@H]3OCc3ccccc3)[C@H](NC(C)=O)[C@@H](O[C@@H]3O[C@H](COC(=O)c4ccccc4)[C@H](OC(=O)c4ccccc4)[C@H](O[C@]4(C(=O)OC)C[C@H](OC(C)=O)[C@@H](NC(C)=O)[C@H]([C@H](OC(C)=O)[C@@H](COC(C)=O)OC(C)=O)O4)[C@H]3OC(=O)c3ccccc3)[C@@H]2O)C[C@H](OC(C)=O)[C@@H](NC(C)=O)[C@H]([C@H](OC(C)=O)[C@@H](COC(C)=O)OC(C)=O)O1,A2B79438
721,"European Journal of Organic Chemistry (2003), (18), 3569-3586",期刊,2003,31-013-CAS-2148806,O(CC1=CC=CC=C1)[C@@H]2[C@H]([C@H](SCC)O[C@H](COCC3=CC=CC=C3)[C@@H]2OC(C)=O)N4C(=O)C=5C(C4=O)=CC=CC5,thioglycoside,O([C@H]1[C@@H]([C@@H](OCC2=CC=CC=C2)[C@H](O)[C@@H](COCC3=CC=CC=C3)O1)N4C(=O)C=5C(C4=O)=CC=CC5)[C@H]6[C@@H](OCC7=CC=CC=C7)[C@H](OCC8=CC=CC=C8)[C@@H](COCC9=CC=CC=C9)O[C@@H]6OCCCCCCCC,Dichloromethane;Toluene,ClCCl;C=1C=CC(=CC1)C,1,Bromine,BrBr,1,25.0,1,240.0,1,b,1,CCS[C@@H]1O[C@H](COCc2ccccc2)[C@H](OC(C)=O)[C@H](OCc2ccccc2)[C@H]1N1C(=O)c2ccccc2C1=O,CCCCCCCCO[C@H]1O[C@H](COCc2ccccc2)[C@@H](OCc2ccccc2)[C@H](OCc2ccccc2)[C@@H]1O[C@@H]1O[C@H](COCc2ccccc2)[C@@H](O)[C@H](OCc2ccccc2)[C@H]1N1C(=O)c2ccccc2C1=O,8AC15F5F
722,"Carbohydrate Research (2010), 345(12), 1713-1721",期刊,2010,31-013-CAS-13595742,S([C@H]1[C@]2([C@]([C@@H](O[Si](C(C)(C)C)(C)C)[C@@H](CO[Si](C(C)(C)C)(C)C)O1)(OC(=O)N2C(C)=O)[H])[H])C3=CC=C(C)C=C3,thioglycoside,S([C@@H]1[C@]2([C@]([C@@H](O[C@@H]3[C@]4([C@]([C@@H](O)[C@@H](COCC5=CC=CC=C5)O3)(OC(=O)N4C(C)=O)[H])[H])[C@@H](COCC6=CC=CC=C6)O1)(OC(=O)N2C(C)=O)[H])[H])C7=CC=C(C)C=C7,Dichloromethane,ClCCl,1,Triethylamine,N(CC)(CC)CC,1,-78.0,1,5.0,1,a,0,CC(=O)N1C(=O)O[C@H]2[C@@H](O[Si](C)(C)C(C)(C)C)[C@@H](CO[Si](C)(C)C(C)(C)C)O[C@@H](Sc3ccc(C)cc3)[C@@H]21,CC(=O)N1C(=O)O[C@H]2[C@@H](O[C@H]3O[C@H](COCc4ccccc4)[C@H](O)[C@@H]4OC(=O)N(C(C)=O)[C@@H]34)[C@@H](COCc3ccccc3)O[C@H](Sc3ccc(C)cc3)[C@@H]21,A85D9CA4
723,"Tetrahedron: Asymmetry (2009), 20(6-8), 851-856",期刊,2009,31-013-CAS-2565194,O(CC1=CC2=C(C=C1)C=CC=C2)[C@H]3[C@]4([C@](O[C@@H](SC5=CC=C(C)C=C5)[C@@H]3OC(CCC(C)=O)=O)(CO[C@H](O4)C6=CC=CC=C6)[H])[H],thioglycoside,O([Si](C(C)(C)C)(C)C)[C@H]1[C@@H]([C@@H](OCC2=CC=CC=C2)[C@H](O)[C@@H](COCC3=CC=CC=C3)O1)N4C(=O)C=5C(C4=O)=CC=CC5,Dichloromethane,ClCCl,1,N-Iodosuccinimide,O=C1N(I)C(=O)CC1,1,25.0,1,45.0,1,b,1,CC(=O)CCC(=O)O[C@@H]1[C@@H](OCc2ccc3ccccc3c2)[C@@H]2O[C@H](c3ccccc3)OC[C@H]2O[C@H]1Sc1ccc(C)cc1,CC(C)(C)[Si](C)(C)O[C@@H]1O[C@H](COCc2ccccc2)[C@@H](O)[C@H](OCc2ccccc2)[C@H]1N1C(=O)c2ccccc2C1=O,5510C724
724,"Chemistry - A European Journal (2002), 8(1), 151-161",期刊,2002,31-013-CAS-14717389,O(C(C)=O)[C@@H]1[C@H]([C@H](SCC)O[C@H](COCC2=CC=CC=C2)[C@@H]1OCC3=CC=CC=C3)N4C(=O)C=5C(C4=O)=CC=CC5,thioglycoside,O([C@H]1[C@@H]([C@@H](OCC=C)[C@H](O)[C@@H](COCC2=CC=CC=C2)O1)N3C(=O)C=4C(C3=O)=CC=CC4)[C@H]5[C@@H](OCC6=CC=CC=C6)[C@@H](COCC7=CC=CC=C7)O[C@H](OCCCCCN=[N+]=[N-])[C@@H]5OCC8=CC=CC=C8,Diethyl ether,O(CC)CC,1,Pyridine,N=1C=CC=CC1,1,,0,,0,b,1,CCS[C@@H]1O[C@H](COCc2ccccc2)[C@H](OCc2ccccc2)[C@H](OC(C)=O)[C@H]1N1C(=O)c2ccccc2C1=O,C=CCO[C@H]1[C@H](O)[C@@H](COCc2ccccc2)O[C@@H](O[C@H]2[C@@H](OCc3ccccc3)[C@@H](COCc3ccccc3)O[C@H](OCCCCCN=[N+]=[N-])[C@@H]2OCc2ccccc2)[C@@H]1N1C(=O)c2ccccc2C1=O,49D60887
725,"Carbohydrate Research (2016), 426, 1-8",期刊,2016,31-013-CAS-15624137,O(CC1=CC=CC=C1)[C@H]2[C@]3([C@](O[C@@H](SC4=CC=C(C)C=C4)[C@@H]2OCC5=CC=CC=C5)(CO[C@H](O3)C6=CC=CC=C6)[H])[H],thioglycoside,O([C@H]1[C@@H]([C@@H](OC(CCl)=O)[C@H](O)[C@@H](COCC2=CC=CC=C2)O1)N3C(=O)C=4C(C3=O)=CC=CC4)C5=CC=C(OC)C=C5,Dichloromethane,ClCCl,1,N-Iodosuccinimide,O=C1N(I)C(=O)CC1,1,25.0,1,20.0,1,a,0,Cc1ccc(S[C@@H]2O[C@@H]3CO[C@@H](c4ccccc4)O[C@H]3[C@H](OCc3ccccc3)[C@H]2OCc2ccccc2)cc1,COc1ccc(O[C@@H]2O[C@H](COCc3ccccc3)[C@@H](O)[C@H](OC(=O)CCl)[C@H]2N2C(=O)c3ccccc3C2=O)cc1,C6132D00
726,"European Journal of Organic Chemistry (2012), 2012(26), 5054-5068, S5054/1-S5054/12",期刊,2012,31-013-CAS-2225323,O(CC1=CC=CC=C1)[C@@H]2[C@H]([C@H](SCC)O[C@H](COCC3=CC=CC=C3)[C@H]2OC(CCl)=O)N4C(=O)C=5C(C4=O)=CC=CC5,thioglycoside,O(CC1=CC=CC=C1)[C@@H]2[C@H]([C@H](N=[N+]=[N-])O[C@H](COC3=CC=C(OC)C=C3)[C@H]2O)N4C(=O)C=5C(C4=O)=CC=CC5,Dichloromethane;Methanol,ClCCl;OC,1,N-Iodosuccinimide,O=C1N(I)C(=O)CC1,1,-30.0,1,30.0,1,b,1,CCS[C@@H]1O[C@H](COCc2ccccc2)[C@@H](OC(=O)CCl)[C@H](OCc2ccccc2)[C@H]1N1C(=O)c2ccccc2C1=O,COc1ccc(OC[C@H]2O[C@@H](N=[N+]=[N-])[C@H](N3C(=O)c4ccccc4C3=O)[C@@H](OCc3ccccc3)[C@@H]2O)cc1,13B5525D
727,"Journal of Carbohydrate Chemistry (1996), 15(9), 1097-1118",期刊,1996,31-013-CAS-2522636,O(CC1=CC=CC=C1)[C@H]2[C@H](OCC3=CC=CC=C3)[C@@H](SC)O[C@@H](C)[C@H]2OCC4=CC=CC=C4,thioglycoside,O([C@@H]1[C@H]([C@H](OCC2=CC=CC=C2)O[C@H](COCC3=CC=CC=C3)[C@H]1O)N4C(=O)C=5C(C4=O)=CC=CC5)[C@H]6[C@H](OC(=O)C7=CC=CC=C7)[C@@H](OC(=O)C8=CC=CC=C8)[C@@H](OC(=O)C9=CC=CC=C9)[C@@H](COC(=O)C%10=CC=CC=C%10)O6,Toluene,C=1C=CC(=CC1)C,1,N-Iodosuccinimide,O=C1N(I)C(=O)CC1,1,,0,,0,a,0,CS[C@H]1O[C@@H](C)[C@@H](OCc2ccccc2)[C@@H](OCc2ccccc2)[C@@H]1OCc1ccccc1,O=C(OC[C@H]1O[C@@H](O[C@H]2[C@H](O)[C@@H](COCc3ccccc3)O[C@@H](OCc3ccccc3)[C@@H]2N2C(=O)c3ccccc3C2=O)[C@H](OC(=O)c2ccccc2)[C@@H](OC(=O)c2ccccc2)[C@H]1OC(=O)c1ccccc1)c1ccccc1,096C730F
728,"United States, US20180264125 A1 2018-09-20",专利,2018,31-013-CAS-20623543,O(C(C)=O)[C@@H]1[C@H]([C@H](SC2=CC=C(C)C=C2)O[C@H](COC(C)=O)[C@H]1OC(C)=O)N3C(=O)C=4C(C3=O)=CC=CC4,thioglycoside,O(C(C)=O)[C@@H]1[C@H]([C@H](O[C@H]2[C@H](OC(C)=O)[C@@H](N=[N+]=[N-])[C@H](O[Si](C(C)(C)C)(C)C)O[C@@H]2COCC3=CC=CC=C3)O[C@H](COCC4=CC=CC=C4)[C@H]1O[C@H]5[C@@H]([C@@H](OC(C)=O)[C@H](O)[C@@H](COCC6=CC=CC=C6)O5)N7C(=O)C=8C(C7=O)=CC=CC8)N9C(=O)C=%10C(C9=O)=CC=CC%10,Dichloromethane,ClCCl,1,N-Iodosuccinimide,O=C1N(I)C(=O)CC1,1,25.0,1,60.0,1,b,1,CC(=O)OC[C@H]1O[C@@H](Sc2ccc(C)cc2)[C@H](N2C(=O)c3ccccc3C2=O)[C@@H](OC(C)=O)[C@@H]1OC(C)=O,CC(=O)O[C@@H]1[C@@H](N=[N+]=[N-])[C@H](O[Si](C)(C)C(C)(C)C)O[C@H](COCc2ccccc2)[C@H]1O[C@@H]1O[C@H](COCc2ccccc2)[C@@H](O[C@@H]2O[C@H](COCc3ccccc3)[C@@H](O)[C@H](OC(C)=O)[C@H]2N2C(=O)c3ccccc3C2=O)[C@H](OC(C)=O)[C@H]1N1C(=O)c2ccccc2C1=O,6355F27B
729,"Journal of Organic Chemistry (1995), 60(15), 4680-1",期刊,1995,31-013-CAS-2142186,O([C@H]1[C@]2([C@](O[C@H](SC)[C@H]1OCC3=CC=C(OC)C=C3)(CO[C@H](O2)C4=CC=CC=C4)[H])[H])[C@@H]5[C@@H](OC(C)=O)[C@@H](OCC6=CC=CC=C6)[C@H](OCC7=CC=CC=C7)[C@@H](COCC8=CC=CC=C8)O5,thioglycoside,O(CC1=CC=CC=C1)[C@@H]2[C@H]([C@H](OC3=CC=C(OC)C=C3)O[C@H](COCC4=CC=CC=C4)[C@H]2O[C@H]5[C@@H]([C@@H](OCC6=CC=CC=C6)[C@H](O)[C@@H](COCC7=CC=CC=C7)O5)N8C(=O)C=9C(C8=O)=CC=CC9)N%10C(=O)C=%11C(C%10=O)=CC=CC%11,Dichloromethane,ClCCl,1,Methyl triflate,O=S(=O)(OC)C(F)(F)F,1,,0,,0,b,1,COc1ccc(CO[C@H]2[C@@H](O[C@H]3O[C@H](COCc4ccccc4)[C@@H](OCc4ccccc4)[C@H](OCc4ccccc4)[C@@H]3OC(C)=O)[C@@H]3O[C@H](c4ccccc4)OC[C@H]3O[C@@H]2SC)cc1,COc1ccc(O[C@@H]2O[C@H](COCc3ccccc3)[C@@H](O[C@@H]3O[C@H](COCc4ccccc4)[C@@H](O)[C@H](OCc4ccccc4)[C@H]3N3C(=O)c4ccccc4C3=O)[C@H](OCc3ccccc3)[C@H]2N2C(=O)c3ccccc3C2=O)cc1,0E6C7638
730,"European Journal of Organic Chemistry (2020), 2020(34), 5580-5595",期刊,2020,31-013-CAS-22660148,O(C(C)=O)[C@@H]1[C@H]([C@H](SC2=CC=C(C)C=C2)O[C@]3([C@]1(O[C@@H](OC3)C4=CC=CC=C4)[H])[H])N5C(=O)C=6C(C5=O)=CC=CC6,thioglycoside,O([C@H]1[C@@H]([C@@H](OC(C)=O)[C@H](O)[C@@H](COCC2=CC=CC=C2)O1)N3C(=O)C=4C(C3=O)=CC=CC4)[C@H]5[C@H](OC(C)=O)[C@@H](N=[N+]=[N-])[C@H](O[Si](C(C)(C)C)(C)C)O[C@@H]5COCC6=CC=CC=C6,Dichloromethane,ClCCl,1,Triethylamine,N(CC)(CC)CC,1,25.0,1,60.0,1,b,1,CC(=O)O[C@H]1[C@@H]2O[C@H](c3ccccc3)OC[C@H]2O[C@@H](Sc2ccc(C)cc2)[C@@H]1N1C(=O)c2ccccc2C1=O,CC(=O)O[C@@H]1[C@@H](N=[N+]=[N-])[C@H](O[Si](C)(C)C(C)(C)C)O[C@H](COCc2ccccc2)[C@H]1O[C@@H]1O[C@H](COCc2ccccc2)[C@@H](O)[C@H](OC(C)=O)[C@H]1N1C(=O)c2ccccc2C1=O,DF7DCE50
731,"United States, US20180264125 A1 2018-09-20",专利,2018,31-013-CAS-20623541,O(C(C)=O)[C@@H]1[C@H]([C@H](SC2=CC=C(C)C=C2)O[C@]3([C@]1(O[C@@H](OC3)C4=CC=CC=C4)[H])[H])N5C(=O)C=6C(C5=O)=CC=CC6,thioglycoside,O([C@H]1[C@@H]([C@@H](OC(C)=O)[C@H](O)[C@@H](COCC2=CC=CC=C2)O1)N3C(=O)C=4C(C3=O)=CC=CC4)[C@H]5[C@H](OC(C)=O)[C@@H](N=[N+]=[N-])[C@H](O[Si](C(C)(C)C)(C)C)O[C@@H]5COCC6=CC=CC=C6,Dichloromethane,ClCCl,1,N-Iodosuccinimide,O=C1N(I)C(=O)CC1,1,25.0,1,60.0,1,b,1,CC(=O)O[C@H]1[C@@H]2O[C@H](c3ccccc3)OC[C@H]2O[C@@H](Sc2ccc(C)cc2)[C@@H]1N1C(=O)c2ccccc2C1=O,CC(=O)O[C@@H]1[C@@H](N=[N+]=[N-])[C@H](O[Si](C)(C)C(C)(C)C)O[C@H](COCc2ccccc2)[C@H]1O[C@@H]1O[C@H](COCc2ccccc2)[C@@H](O)[C@H](OC(C)=O)[C@H]1N1C(=O)c2ccccc2C1=O,DF7DCE50
732,"Journal of the American Chemical Society (2012), 134(39), 16430-16433",期刊,2012,31-614-CAS-29779875,O(CC1=CC=C(OC)C=C1)[C@H]2[C@]3([C@](O[C@H](S(=O)C4=CC=CC=C4)[C@H]2OCC5=CC=CC=C5)(CO[C@H](O3)C6=CC=CC=C6)[H])[H],thioglycoside,O(CC1=CC=CC=C1)[C@@H]2[C@H]([C@H](OCC3=CC=CC=C3)O[C@H](COCC4=CC=CC=C4)[C@H]2O[C@H]5[C@@H]([C@@H](OCC6=CC=CC=C6)[C@H](O)[C@@H](COCC7=CC=CC=C7)O5)N8C(=O)C=9C(C8=O)=CC=CC9)N%10C(=O)C=%11C(C%10=O)=CC=CC%11,Dichloromethane,ClCCl,1,Triethylamine,N(CC)(CC)CC,1,25.0,1,60.0,1,b,1,COc1ccc(CO[C@H]2[C@@H]3O[C@H](c4ccccc4)OC[C@H]3O[C@H](S(=O)c3ccccc3)[C@H]2OCc2ccccc2)cc1,O=C1c2ccccc2C(=O)N1[C@H]1[C@H](O[C@H]2[C@H](OCc3ccccc3)[C@@H](N3C(=O)c4ccccc4C3=O)[C@H](OCc3ccccc3)O[C@@H]2COCc2ccccc2)O[C@H](COCc2ccccc2)[C@@H](O)[C@@H]1OCc1ccccc1,48892AB7
733,"Journal of the American Chemical Society (2013), 135(35), 13113-13120",期刊,2013,31-614-CAS-27112817,O(CC1=CC=C(OC)C=C1)[C@H]2[C@]3([C@](O[C@H](S(=O)C4=CC=CC=C4)[C@H]2OCC5=CC=CC=C5)(CO[C@H](O3)C6=CC=CC=C6)[H])[H],thioglycoside,O(CC1=CC=CC=C1)[C@@H]2[C@H]([C@H](OCC3=CC=CC=C3)O[C@H](COCC4=CC=CC=C4)[C@H]2O[C@H]5[C@@H]([C@@H](OCC6=CC=CC=C6)[C@H](O)[C@@H](COCC7=CC=CC=C7)O5)N8C(=O)C=9C(C8=O)=CC=CC9)N%10C(=O)C=%11C(C%10=O)=CC=CC%11,Dichloromethane,ClCCl,1,Trifluoromethanesulfonic anhydride,O=S(=O)(OS(=O)(=O)C(F)(F)F)C(F)(F)F,1,-78.0,1,30.0,1,b,1,COc1ccc(CO[C@H]2[C@@H]3O[C@H](c4ccccc4)OC[C@H]3O[C@H](S(=O)c3ccccc3)[C@H]2OCc2ccccc2)cc1,O=C1c2ccccc2C(=O)N1[C@H]1[C@H](O[C@H]2[C@H](OCc3ccccc3)[C@@H](N3C(=O)c4ccccc4C3=O)[C@H](OCc3ccccc3)O[C@@H]2COCc2ccccc2)O[C@H](COCc2ccccc2)[C@@H](O)[C@@H]1OCc1ccccc1,48892AB7
734,"World Intellectual Property Organization, WO2014066889 A1 2014-05-01",专利,2014,31-614-CAS-30818878,O(CC1=CC=C(OC)C=C1)[C@H]2[C@]3([C@](O[C@H](S(=O)C4=CC=CC=C4)[C@H]2OCC5=CC=CC=C5)(CO[C@H](O3)C6=CC=CC=C6)[H])[H],thioglycoside,O(CC1=CC=CC=C1)[C@@H]2[C@H]([C@H](OCC3=CC=CC=C3)O[C@H](COCC4=CC=CC=C4)[C@H]2O[C@H]5[C@@H]([C@@H](OCC6=CC=CC=C6)[C@H](O)[C@@H](COCC7=CC=CC=C7)O5)N8C(=O)C=9C(C8=O)=CC=CC9)N%10C(=O)C=%11C(C%10=O)=CC=CC%11,Dichloromethane,ClCCl,1,Trifluoromethanesulfonic anhydride,O=S(=O)(OS(=O)(=O)C(F)(F)F)C(F)(F)F,1,-78.0,1,300.0,1,b,1,COc1ccc(CO[C@H]2[C@@H]3O[C@H](c4ccccc4)OC[C@H]3O[C@H](S(=O)c3ccccc3)[C@H]2OCc2ccccc2)cc1,O=C1c2ccccc2C(=O)N1[C@H]1[C@H](O[C@H]2[C@H](OCc3ccccc3)[C@@H](N3C(=O)c4ccccc4C3=O)[C@H](OCc3ccccc3)O[C@@H]2COCc2ccccc2)O[C@H](COCc2ccccc2)[C@@H](O)[C@@H]1OCc1ccccc1,48892AB7
735,"Bioconjugate Chemistry (2020), 31(10), 2362-2366",期刊,2020,31-614-CAS-24371505,O(CC1=CC=C(OC)C=C1)[C@H]2[C@]3([C@](O[C@H](S(=O)C4=CC=CC=C4)[C@H]2OCC5=CC=CC=C5)(CO[C@H](O3)C6=CC=CC=C6)[H])[H],thioglycoside,O(CC1=CC=CC=C1)[C@@H]2[C@H]([C@H](OCC3=CC=CC=C3)O[C@H](COCC4=CC=CC=C4)[C@H]2O[C@H]5[C@@H]([C@@H](OCC6=CC=CC=C6)[C@H](O)[C@@H](COCC7=CC=CC=C7)O5)N8C(=O)C=9C(C8=O)=CC=CC9)N%10C(=O)C=%11C(C%10=O)=CC=CC%11,Dichloromethane,ClCCl,1,Triethylamine,N(CC)(CC)CC,1,25.0,1,60.0,1,b,1,COc1ccc(CO[C@H]2[C@@H]3O[C@H](c4ccccc4)OC[C@H]3O[C@H](S(=O)c3ccccc3)[C@H]2OCc2ccccc2)cc1,O=C1c2ccccc2C(=O)N1[C@H]1[C@H](O[C@H]2[C@H](OCc3ccccc3)[C@@H](N3C(=O)c4ccccc4C3=O)[C@H](OCc3ccccc3)O[C@@H]2COCc2ccccc2)O[C@H](COCc2ccccc2)[C@@H](O)[C@@H]1OCc1ccccc1,48892AB7
736,"Carbohydrate Research (2019), 483, 107743",期刊,2019,31-013-CAS-20519350,O(CC1=CC=CC=C1)[C@@H]2[C@@H](OC(=O)C3=CC=CC=C3)[C@H](SC4=NC=5C(O4)=CC=CC5)O[C@H](COCC6=CC=CC=C6)[C@@H]2OCC7=CC=CC=C7,thioglycoside,O([C@H]1[C@@H]([C@@H](OCC2=CC=CC=C2)[C@H](O)[C@@H](COCC3=CC=CC=C3)O1)N4C(=O)C=5C(C4=O)=CC=CC5)[C@@H]6[C@@H](OC(=O)C7=CC=CC=C7)[C@H](O[C@H]8[C@H](OCC9=CC=CC=C9)[C@@H](OCC%10=CC=CC=C%10)[C@H](OCC%11=CC=CC=C%11)O[C@@H]8COCC%12=CC=CC=C%12)O[C@H](COC(=O)C%13=CC=CC=N%13)[C@@H]6OCC%14=CC=CC=C%14,Dichloromethane,ClCCl,1,Silver triflate,[Ag].O=S(=O)(O)C(F)(F)F,1,25.0,1,120.0,1,b,1,O=C(O[C@@H]1[C@@H](OCc2ccccc2)[C@@H](OCc2ccccc2)[C@@H](COCc2ccccc2)O[C@H]1Sc1nc2ccccc2o1)c1ccccc1,O=C(O[C@H]1[C@H](O[C@H]2[C@H](OCc3ccccc3)[C@@H](OCc3ccccc3)[C@H](OCc3ccccc3)O[C@@H]2COCc2ccccc2)O[C@H](COC(=O)c2ccccn2)[C@H](OCc2ccccc2)[C@@H]1O[C@@H]1O[C@H](COCc2ccccc2)[C@@H](O)[C@H](OCc2ccccc2)[C@H]1N1C(=O)c2ccccc2C1=O)c1ccccc1,FF63E109
737,"Angewandte Chemie, International Edition (2004), 43(16), 2145-2148",期刊,2004,31-013-CAS-13535004,O([C@H]1[C@@H]([C@@H](OC(C)=O)[C@H](OC(C)=O)[C@@H](COC(C)=O)O1)N2C(=O)C=3C(C2=O)=CC=CC3)[C@H]4[C@H](OC(C)=O)[C@H]([C@H](SC5=CC=CC=C5)O[C@@H]4COCC6=CC=CC=C6)N7C(=O)C=8C(C7=O)=CC=CC8,thioglycoside,S([C@H]1[C@@H]([C@@H](OC(C)=O)[C@H](O)[C@@H](COCC2=CC=CC=C2)O1)N3C(=O)C=4C(C3=O)=CC=CC4)C5=CC=CC=C5,Dichloromethane,ClCCl,1,1-(Phenylsulfonyl)piperidine,O=S(=O)(C=1C=CC=CC1)N2CCCCC2,1,-60.0,1,30.0,1,b,1,CC(=O)OC[C@H]1O[C@@H](O[C@H]2[C@H](OC(C)=O)[C@@H](N3C(=O)c4ccccc4C3=O)[C@H](Sc3ccccc3)O[C@@H]2COCc2ccccc2)[C@H](N2C(=O)c3ccccc3C2=O)[C@@H](OC(C)=O)[C@@H]1OC(C)=O,CC(=O)O[C@H]1[C@H](O)[C@@H](COCc2ccccc2)O[C@@H](Sc2ccccc2)[C@@H]1N1C(=O)c2ccccc2C1=O,97B58676
738,"Carbohydrate Research (1996), 280(2), 251-60",期刊,1996,31-013-CAS-12685556,N(C(OCC(Cl)(Cl)Cl)=O)[C@@H]1[C@@H](OC(C)=O)[C@H](OC(C)=O)[C@@H](COC(C)=O)O[C@H]1SCC,thioglycoside,O=C1N(C(=O)C=2C1=CC=CC2)[C@H]3[C@H](OCC[Si](C)(C)C)O[C@H](COCC4=CC=CC=C4)[C@@H](O)[C@@H]3O,Dichloromethane,ClCCl,1,Silver triflate,[Ag].O=S(=O)(O)C(F)(F)F,1,,0,,0,b,1,CCS[C@@H]1O[C@H](COC(C)=O)[C@@H](OC(C)=O)[C@H](OC(C)=O)[C@H]1NC(=O)OCC(Cl)(Cl)Cl,C[Si](C)(C)CCO[C@@H]1O[C@H](COCc2ccccc2)[C@@H](O)[C@H](O)[C@H]1N1C(=O)c2ccccc2C1=O,8F3E1E44
739,"e-EROS Encyclopedia of Reagents for Organic Synthesis (2013), 1-6",期刊,2013,31-013-CAS-16806675,N(C(OCC(Cl)(Cl)Cl)=O)[C@@H]1[C@@H](OC(C)=O)[C@H](OC(C)=O)[C@@H](COC(C)=O)O[C@H]1SCC,thioglycoside,O=C1N(C(=O)C=2C1=CC=CC2)[C@H]3[C@H](OCC[Si](C)(C)C)O[C@H](COCC4=CC=CC=C4)[C@@H](O)[C@@H]3O,Dichloromethane;Acetonitrile,ClCCl;N#CC,1,Silver triflate,[Ag].O=S(=O)(O)C(F)(F)F,1,-78.0,1,,0,b,1,CCS[C@@H]1O[C@H](COC(C)=O)[C@@H](OC(C)=O)[C@H](OC(C)=O)[C@H]1NC(=O)OCC(Cl)(Cl)Cl,C[Si](C)(C)CCO[C@@H]1O[C@H](COCc2ccccc2)[C@@H](O)[C@H](O)[C@H]1N1C(=O)c2ccccc2C1=O,8F3E1E44
740,"Organic Letters (2001), 3(6), 913-915",期刊,2001,31-013-CAS-6076988,N(C(OCC(Cl)(Cl)Cl)=O)[C@@H]1[C@@H](OC(C)=O)[C@H](OC(C)=O)[C@@H](COC(C)=O)O[C@H]1SCC,thioglycoside,O=C1N(C(=O)C=2C1=CC=CC2)[C@H]3[C@H](OCC[Si](C)(C)C)O[C@H](COCC4=CC=CC=C4)[C@@H](O)[C@@H]3O,Dichloromethane;Acetonitrile,ClCCl;N#CC,1,Diisopropylamine,N(C(C)C)C(C)C,1,,0,,0,b,1,CCS[C@@H]1O[C@H](COC(C)=O)[C@@H](OC(C)=O)[C@H](OC(C)=O)[C@H]1NC(=O)OCC(Cl)(Cl)Cl,C[Si](C)(C)CCO[C@@H]1O[C@H](COCc2ccccc2)[C@@H](O)[C@H](O)[C@H]1N1C(=O)c2ccccc2C1=O,8F3E1E44
741,"Carbohydrate Research (1996), 280(2), 251-60",期刊,1996,31-013-CAS-14742972,N(C(OCC(Cl)(Cl)Cl)=O)[C@@H]1[C@@H](OC(C)=O)[C@@H](OC(C)=O)[C@@H](COC(C)=O)O[C@H]1SCC,thioglycoside,O=C1N(C(=O)C=2C1=CC=CC2)[C@H]3[C@H](OCC[Si](C)(C)C)O[C@H](COCC4=CC=CC=C4)[C@@H](O)[C@@H]3O,Dichloromethane,ClCCl,1,Silver triflate,[Ag].O=S(=O)(O)C(F)(F)F,1,,0,,0,b,1,CCS[C@@H]1O[C@H](COC(C)=O)[C@H](OC(C)=O)[C@H](OC(C)=O)[C@H]1NC(=O)OCC(Cl)(Cl)Cl,C[Si](C)(C)CCO[C@@H]1O[C@H](COCc2ccccc2)[C@@H](O)[C@H](O)[C@H]1N1C(=O)c2ccccc2C1=O,123B52B9
742,"Chemistry - A European Journal (2005), 11(3), 1010-1016",期刊,2005,31-013-CAS-8958128,O(CC1=CC=CC=C1)[C@@H]2[C@H]([C@H](SC3=CC=CC=C3)O[C@]4([C@]2(O[C@@H](OC4)C5=CC=CC=C5)[H])[H])N6C(=O)C=7C(C6=O)=CC=CC7,thioglycoside,[Si](OC[C@H]1[C@@H](OC(C)=O)[C@@H](O[C@H]2[C@@H](N=[N+]=[N-])[C@@H](OCC3=CC=CC=C3)[C@H](O)[C@@H](CO[Si](C(C)(C)C)(C)C)O2)[C@H](N=[N+]=[N-])[C@@H](OC)O1)(C(C)(C)C)(C4=CC=CC=C4)C5=CC=CC=C5,Dichloromethane,ClCCl,1,Triethylamine,N(CC)(CC)CC,1,-60.0,1,15.0,1,b,1,O=C1c2ccccc2C(=O)N1[C@@H]1[C@@H](OCc2ccccc2)[C@@H]2O[C@H](c3ccccc3)OC[C@H]2O[C@H]1Sc1ccccc1,CO[C@H]1O[C@@H](CO[Si](c2ccccc2)(c2ccccc2)C(C)(C)C)[C@@H](OC(C)=O)[C@@H](O[C@@H]2O[C@H](CO[Si](C)(C)C(C)(C)C)[C@@H](O)[C@H](OCc3ccccc3)[C@@H]2N=[N+]=[N-])[C@@H]1N=[N+]=[N-],9C6F6B00
743,"Heterocycles (2009), 77(1), 333-349",期刊,2009,31-013-CAS-4150836,O([C@@]1(C(OC)=O)O[C@@]([C@@H]([C@@H](COC(C)=O)OC(C)=O)OC(C)=O)([C@H](NC(C(F)(F)F)=O)[C@@H](OC(C)=O)C1)[H])[C@@H]2[C@@H](OC(=O)C3=CC=CC=C3)[C@H](SC)O[C@H](COC(C)=O)[C@@H]2OC(C)=O,thioglycoside,O([C@@H]1[C@@H](OCC2=CC=CC=C2)[C@H](O[C@H]3[C@H](OCC4=CC=CC=C4)[C@@H](OCC5=CC=CC=C5)[C@H](OCC[Si](C)(C)C)O[C@@H]3COCC6=CC=CC=C6)O[C@H](COCC7=CC=CC=C7)[C@@H]1OCC8=CC=CC=C8)[C@H]9[C@H](NC(C)=O)[C@@H](O[C@H]%10[C@@H](OCC%11=CC=CC=C%11)[C@H](OCC%12=CC=CC=C%12)[C@H](OCC%13=CC=CC=C%13)[C@H](C)O%10)[C@H](O)[C@@H](COC%14=CC=C(OC)C=C%14)O9,Dichloromethane,ClCCl,1,Triethylamine,N(CC)(CC)CC,1,25.0,1,120.0,1,b,1,COC(=O)[C@@]1(O[C@H]2[C@@H](OC(C)=O)[C@@H](COC(C)=O)O[C@@H](SC)[C@@H]2OC(=O)c2ccccc2)C[C@H](OC(C)=O)[C@@H](NC(=O)C(F)(F)F)[C@H]([C@H](OC(C)=O)[C@@H](COC(C)=O)OC(C)=O)O1,COc1ccc(OC[C@H]2O[C@@H](O[C@H]3[C@@H](OCc4ccccc4)[C@@H](COCc4ccccc4)O[C@@H](O[C@H]4[C@H](OCc5ccccc5)[C@@H](OCc5ccccc5)[C@H](OCC[Si](C)(C)C)O[C@@H]4COCc4ccccc4)[C@@H]3OCc3ccccc3)[C@H](NC(C)=O)[C@@H](O[C@@H]3O[C@@H](C)[C@@H](OCc4ccccc4)[C@@H](OCc4ccccc4)[C@@H]3OCc3ccccc3)[C@@H]2O)cc1,134ADDE3
744,"ChemElectroChem (2019), 6(16), 4149-4152",期刊,2019,31-614-CAS-37681427,O(C(C)=O)[C@@H]1[C@H]([C@H](SC2=CC=C(F)C=C2)O[C@H](COC(C)=O)[C@H]1OC(C)=O)N3C(=O)C=4C(C3=O)=CC=CC4,thioglycoside,S([C@H]1[C@@H]([C@@H](OC(C)=O)[C@H](O)[C@@H](COCC2=CC=CC=C2)O1)N3C(=O)C=4C(C3=O)=CC=CC4)C5=CC=C(F)C=C5,Dichloromethane,ClCCl,1,Trifluoromethanesulfonic acid,O=S(=O)(O)C(F)(F)F,1,-80.0,1,,0,b,1,CC(=O)OC[C@H]1O[C@@H](Sc2ccc(F)cc2)[C@H](N2C(=O)c3ccccc3C2=O)[C@@H](OC(C)=O)[C@@H]1OC(C)=O,CC(=O)O[C@H]1[C@H](O)[C@@H](COCc2ccccc2)O[C@@H](Sc2ccc(F)cc2)[C@@H]1N1C(=O)c2ccccc2C1=O,B06E86F9
745,"Synthesis (2005), (11), 1783-1788",期刊,2005,31-013-CAS-8508020,O([C@@]1(C(OC)=O)O[C@@]([C@@H]([C@@H](COC(C)=O)OC(C)=O)OC(C)=O)([C@H](NC(C)=O)[C@@H](OC(C)=O)C1)[H])[C@H]2[C@@H](OC(C)=O)[C@@H](COC(C)=O)O[C@@H](SCC)[C@@H]2OC(C)=O,thioglycoside,O([C@@H]1[C@@H](OC(=O)C2=CC=CC=C2)[C@H](O[C@H]3[C@H](OC(=O)C4=CC=CC=C4)[C@@H](OC(=O)C5=CC=CC=C5)[C@H](OCCN=[N+]=[N-])O[C@@H]3COC(=O)C6=CC=CC=C6)O[C@H](COC(=O)C7=CC=CC=C7)[C@@H]1OC(=O)C8=CC=CC=C8)[C@H]9[C@H](NC(C(Cl)(Cl)Cl)=O)[C@@H](O[C@H]%10[C@@H](OCC%11=CC=CC=C%11)[C@H](OC(=O)C%12=CC=CC=C%12)[C@H](OC(=O)C%13=CC=CC=C%13)[C@H](C)O%10)[C@H](O)[C@@H](COCC%14=CC=CC=C%14)O9,Dichloromethane,ClCCl,1,Triethylamine,N(CC)(CC)CC,1,-30.0,1,180.0,1,b,1,CCS[C@@H]1O[C@H](COC(C)=O)[C@H](OC(C)=O)[C@H](O[C@]2(C(=O)OC)C[C@H](OC(C)=O)[C@@H](NC(C)=O)[C@H]([C@H](OC(C)=O)[C@@H](COC(C)=O)OC(C)=O)O2)[C@H]1OC(C)=O,C[C@@H]1O[C@@H](O[C@H]2[C@H](O)[C@@H](COCc3ccccc3)O[C@@H](O[C@H]3[C@@H](OC(=O)c4ccccc4)[C@@H](COC(=O)c4ccccc4)O[C@@H](O[C@H]4[C@H](OC(=O)c5ccccc5)[C@@H](OC(=O)c5ccccc5)[C@H](OCCN=[N+]=[N-])O[C@@H]4COC(=O)c4ccccc4)[C@@H]3OC(=O)c3ccccc3)[C@@H]2NC(=O)C(Cl)(Cl)Cl)[C@@H](OCc2ccccc2)[C@H](OC(=O)c2ccccc2)[C@@H]1OC(=O)c1ccccc1,DA9BECEF
746,"Organic & Biomolecular Chemistry (2019), 17(18), 4605-4610",期刊,2019,31-013-CAS-20281589,O(CC1=CC=C(OC)C=C1)[C@H]2[C@]3([C@](O[C@H](SCC)[C@H]2OCC4=CC=CC=C4)(CO[C@H](O3)C5=CC=CC=C5)[H])[H],thioglycoside,O([C@H]1[C@@H]([C@@H](OC(C)=O)[C@@H](O)[C@@H](COC(=O)C2=CC=CC=C2)O1)N3C(=O)C=4C(C3=O)=CC=CC4)[C@@H]5[C@@H](OCC6=CC=CC=C6)[C@@H](OC[C@@H]7[C@H](OCC8=CC=CC=C8)[C@H](OCC9=CC=CC=C9)[C@@H](OCC%10=CC=CC=C%10)[C@H](OC%11=CC=C(OC)C=C%11)O7)O[C@H](COCC%12=CC=CC=C%12)[C@@H]5OC(C)=O,Dichloromethane,ClCCl,1,,,0,25.0,1,30.0,1,b,1,CCS[C@H]1O[C@@H]2CO[C@@H](c3ccccc3)O[C@H]2[C@H](OCc2ccc(OC)cc2)[C@@H]1OCc1ccccc1,COc1ccc(O[C@@H]2O[C@H](CO[C@H]3O[C@H](COCc4ccccc4)[C@H](OC(C)=O)[C@H](O[C@@H]4O[C@H](COC(=O)c5ccccc5)[C@H](O)[C@H](OC(C)=O)[C@H]4N4C(=O)c5ccccc5C4=O)[C@H]3OCc3ccccc3)[C@H](OCc3ccccc3)[C@H](OCc3ccccc3)[C@H]2OCc2ccccc2)cc1,D5BAECD0
747,"Organic & Biomolecular Chemistry (2017), 15(7), 1710-1717",期刊,2017,31-614-CAS-29322574,O(CC1=CC=C(OC)C=C1)[C@@H]2[C@H]([C@H](SC3=CC=CC=C3)O[C@H](CN4C(=O)C=5C(C4=O)=CC=CC5)[C@@H]2OC(CCl)=O)N6C(=O)C=7C(C6=O)=CC=CC7,thioglycoside,O([C@H]1[C@@H]([C@@H](OCC2=CC=C(OC)C=C2)[C@@H](O)[C@@H](CN3C(=O)C=4C(C3=O)=CC=CC4)O1)N5C(=O)C=6C(C5=O)=CC=CC6)[C@@H]7[C@H](OCC8=CC=C(OC)C=C8)[C@H]([C@H](OC)O[C@@H]7CN9C(=O)C=%10C(C9=O)=CC=CC%10)N%11C(=O)C=%12C(C%11=O)=CC=CC%12,Dichloromethane;Methanol,ClCCl;OC,1,N-Iodosuccinimide,O=C1N(I)C(=O)CC1,1,0.0,1,60.0,1,b,1,COc1ccc(CO[C@H]2[C@@H](OC(=O)CCl)[C@@H](CN3C(=O)c4ccccc4C3=O)O[C@@H](Sc3ccccc3)[C@@H]2N2C(=O)c3ccccc3C2=O)cc1,COc1ccc(CO[C@H]2[C@@H](O)[C@@H](CN3C(=O)c4ccccc4C3=O)O[C@@H](O[C@@H]3[C@H](OCc4ccc(OC)cc4)[C@@H](N4C(=O)c5ccccc5C4=O)[C@H](OC)O[C@@H]3CN3C(=O)c4ccccc4C3=O)[C@@H]2N2C(=O)c3ccccc3C2=O)cc1,1B12A8E4
748,"Angewandte Chemie, International Edition (2023), 62(1), e202211985",期刊,2023,31-614-CAS-39654500,O([C@H]1[C@H](OCC2=CC=CC=C2)[C@@H](OC(OCC3C=4C(C=5C3=CC=CC5)=CC=CC4)=O)[C@H](SC6=CC=C(C)C=C6)O[C@@H]1CO[Si](C(C)(C)C)(C7=CC=CC=C7)C8=CC=CC=C8)[C@@H]9[C@H](N=[N+]=[N-])[C@@H](OCC%10=CC=CC=C%10)[C@H](O[Si](C(C)(C)C)(C)C)[C@@H](COC(OCC%11C=%12C(C=%13C%11=CC=CC%13)=CC=CC%12)=O)O9,thioglycoside,[Si](OC[C@H]1[C@@H](O[C@@H]2[C@H](NC(C(F)(F)F)=O)[C@@H](OCC3=CC=CC=C3)[C@H](O)[C@@H](COCC4=CC5=C(C=C4)C=CC=C5)O2)[C@H](OCC6=CC=CC=C6)[C@@H](OC(CCC(C)=O)=O)[C@H](OCC=C)O1)(C(C)(C)C)(C7=CC=CC=C7)C8=CC=CC=C8,Dichloromethane,ClCCl,1,N-Iodosuccinimide,O=C1N(I)C(=O)CC1,1,25.0,1,30.0,1,b,1,Cc1ccc(S[C@@H]2O[C@H](CO[Si](c3ccccc3)(c3ccccc3)C(C)(C)C)[C@@H](O[C@H]3O[C@H](COC(=O)OCC4c5ccccc5-c5ccccc54)[C@@H](O[Si](C)(C)C(C)(C)C)[C@H](OCc4ccccc4)[C@H]3N=[N+]=[N-])[C@H](OCc3ccccc3)[C@H]2OC(=O)OCC2c3ccccc3-c3ccccc32)cc1,C=CCO[C@@H]1O[C@@H](CO[Si](c2ccccc2)(c2ccccc2)C(C)(C)C)[C@@H](O[C@H]2O[C@H](COCc3ccc4ccccc4c3)[C@@H](O)[C@H](OCc3ccccc3)[C@H]2NC(=O)C(F)(F)F)[C@H](OCc2ccccc2)[C@H]1OC(=O)CCC(C)=O,52A86E6F
749,"Synthesis (2021), 53(19), 3613-3620",期刊,2021,31-614-CAS-24186973,O(CC1=CC=CC=C1)[C@@H]2[C@@H](OCC3=CC=CC=C3)[C@H](SC4=CC=C(C)C=C4)O[C@H](COC(C)=O)[C@H]2OCC5=CC=CC=C5,thioglycoside,O([C@@H]1[C@H]([C@H](OC2=CC=C(OC)C=C2)O[C@]3([C@]1(O[C@@H](OC3)C4=CC=CC=C4)[H])[H])N5C(=O)C=6C(C5=O)=CC=CC6)[C@H]7[C@H](N=[N+]=[N-])[C@@H](OCC8=CC=CC=C8)[C@@H](O)[C@@H](COCC9=CC=CC=C9)O7,Dichloromethane;Methanol,ClCCl;OC,1,N-Iodosuccinimide,O=C1N(I)C(=O)CC1,1,-10.0,1,120.0,1,a,0,CC(=O)OC[C@H]1O[C@@H](Sc2ccc(C)cc2)[C@H](OCc2ccccc2)[C@@H](OCc2ccccc2)[C@@H]1OCc1ccccc1,COc1ccc(O[C@@H]2O[C@@H]3CO[C@@H](c4ccccc4)O[C@H]3[C@H](O[C@@H]3O[C@H](COCc4ccccc4)[C@H](O)[C@H](OCc4ccccc4)[C@H]3N=[N+]=[N-])[C@H]2N2C(=O)c3ccccc3C2=O)cc1,4311A2FD
750,"Journal of the American Chemical Society (2003), 125(20), 6149-6159",期刊,2003,31-013-CAS-10771391,O(CC1=CC=CC=C1)[C@@H]2[C@H]([C@H](SC3=CC=CC=C3)O[C@H](COCC4=CC=CC=C4)[C@H]2OC(C)=O)N5C(=O)C=6C(C5=O)=CC=CC6,thioglycoside,O(CC1=CC=CC=C1)[C@@H]2[C@H]([C@H](N=[N+]=[N-])O[C@H](COCC3=CC=CC=C3)[C@H]2O)N4C(=O)C=5C(C4=O)=CC=CC5,Dichloromethane,ClCCl,1,Trifluoromethanesulfonic acid,O=S(=O)(O)C(F)(F)F,1,-20.0,1,20.0,1,b,1,CC(=O)O[C@H]1[C@H](OCc2ccccc2)[C@@H](N2C(=O)c3ccccc3C2=O)[C@H](Sc2ccccc2)O[C@@H]1COCc1ccccc1,[N-]=[N+]=N[C@@H]1O[C@H](COCc2ccccc2)[C@@H](O)[C@H](OCc2ccccc2)[C@H]1N1C(=O)c2ccccc2C1=O,34E8FF34
751,"Organic & Biomolecular Chemistry (2008), 6(12), 2095-2102",期刊,2008,31-013-CAS-13235576,O(C(=O)C1=CC=CC=C1)[C@H]2[C@@]3([C@](O[C@@H](SC4=CC=CC=C4)[C@@H]2OC(=O)C5=CC=CC=C5)(CO[C@](C(OC)=O)(C)O3)[H])[H],thioglycoside,O([C@H]1[C@@H]([C@@H](OCC2=CC=CC=C2)[C@@H](O)[C@@H](COCC3=CC=CC=C3)O1)N4C(=O)C=5C(C4=O)=CC=CC5)C6=CC=C(OC)C=C6,Dichloromethane,ClCCl,1,Pyridine,N=1C=CC=CC1,1,25.0,1,45.0,1,b,1,COC(=O)[C@]1(C)OC[C@H]2O[C@@H](Sc3ccccc3)[C@H](OC(=O)c3ccccc3)[C@@H](OC(=O)c3ccccc3)[C@H]2O1,COc1ccc(O[C@@H]2O[C@H](COCc3ccccc3)[C@H](O)[C@H](OCc3ccccc3)[C@H]2N2C(=O)c3ccccc3C2=O)cc1,58A4EA83
752,"Journal of the American Chemical Society (1994), 116(26), 12073-4",期刊,1994,31-013-CAS-7025003,O(C(C)=O)[C@@H]1[C@H]([C@H](SC2=CC=CC=C2)O[C@H](COC(C)=O)[C@H]1OC(C)=O)N3C(=O)C=4C(C3=O)=CC=CC4,thioglycoside,O(CC1=CC=CC=C1)[C@@H]2[C@H]([C@H](F)O[C@H](COCC3=CC=CC=C3)[C@H]2O)N4C(=O)C=5C(C4=O)=CC=CC5,Dichloromethane,ClCCl,1,N-Iodosuccinimide,O=C1N(I)C(=O)CC1,1,,0,,0,b,1,CC(=O)OC[C@H]1O[C@@H](Sc2ccccc2)[C@H](N2C(=O)c3ccccc3C2=O)[C@@H](OC(C)=O)[C@@H]1OC(C)=O,O=C1c2ccccc2C(=O)N1[C@@H]1[C@@H](OCc2ccccc2)[C@H](O)[C@@H](COCc2ccccc2)O[C@H]1F,70EC1330
753,"Carbohydrate Research (2000), 329(2), 309-316",期刊,2000,31-013-CAS-3793515,O(CC1=CC=CC=C1)[C@H]2[C@H](OCC3=CC=CC=C3)[C@H](SCC)O[C@@H](C)[C@H]2OCC4=CC=CC=C4,thioglycoside,O([C@@H]1[C@H]([C@H](SCC)O[C@H](COCC2=CC=CC=C2)[C@H]1O)N3C(=O)C=4C(C3=O)=CC=CC4)[C@H]5[C@H](O)[C@@H](OCC6=CC=CC=C6)[C@@H](OCC7=CC=CC=C7)[C@@H](COCC8=CC=CC=C8)O5,Dichloromethane,ClCCl,1,Tetrabutylammonium bromide,[Br-].CCCC[N+](CCCC)(CCCC)CCCC,1,,0,,0,a,0,CCS[C@@H]1O[C@@H](C)[C@@H](OCc2ccccc2)[C@@H](OCc2ccccc2)[C@@H]1OCc1ccccc1,CCS[C@@H]1O[C@H](COCc2ccccc2)[C@@H](O)[C@H](O[C@@H]2O[C@H](COCc3ccccc3)[C@H](OCc3ccccc3)[C@H](OCc3ccccc3)[C@H]2O)[C@H]1N1C(=O)c2ccccc2C1=O,1AE7F669
754,"Tetrahedron Letters (2002), 43(43), 7805-7807",期刊,2002,31-013-CAS-10705380,O([Si](C(C)(C)C)(C)C)[C@@H]1[C@H]([C@H](SCC)O[C@]2([C@]1(O[C@@H](OC2)C3=CC=CC=C3)[H])[H])N4C(=O)C=5C(C4=O)=CC=CC5,thioglycoside,O(CC1=CC=C(OC)C=C1)[C@@H]2[C@H]([C@H](OCCCN=[N+]=[N-])O[C@H](COCC3=CC=CC=C3)[C@H]2O)N4C(=O)C=5C(C4=O)=CC=CC5,,,0,Trimethylsilyl triflate,O=S(=O)(O[Si](C)(C)C)C(F)(F)F,1,,0,,0,b,1,CCS[C@@H]1O[C@@H]2CO[C@@H](c3ccccc3)O[C@H]2[C@H](O[Si](C)(C)C(C)(C)C)[C@H]1N1C(=O)c2ccccc2C1=O,COc1ccc(CO[C@H]2[C@H](O)[C@@H](COCc3ccccc3)O[C@@H](OCCCN=[N+]=[N-])[C@@H]2N2C(=O)c3ccccc3C2=O)cc1,0BE25D1E
755,"European Journal of Organic Chemistry (2007), (20), 3392-3401, S3392/1-S3392/17",期刊,2007,31-013-CAS-13253389,O(C(C)=O)[C@@H]1[C@H]([C@H](SC2=CC=C(C)C=C2)O[C@H](COC(C)=O)[C@H]1OC(C)=O)N3C(=O)C=4C(C3=O)=CC=CC4,thioglycoside,O(C(=O)C1=CC=CC=C1)[C@@H]2[C@H]([C@H](SC3=CC=C(C)C=C3)O[C@H](COC(=O)C4=CC=CC=C4)[C@H]2O)N5C(=O)C=6C(C5=O)=CC=CC6,Dichloromethane,ClCCl,1,Triethylamine,N(CC)(CC)CC,1,25.0,1,30.0,1,b,1,CC(=O)OC[C@H]1O[C@@H](Sc2ccc(C)cc2)[C@H](N2C(=O)c3ccccc3C2=O)[C@@H](OC(C)=O)[C@@H]1OC(C)=O,Cc1ccc(S[C@@H]2O[C@H](COC(=O)c3ccccc3)[C@@H](O)[C@H](OC(=O)c3ccccc3)[C@H]2N2C(=O)c3ccccc3C2=O)cc1,DADC3F45
756,"Angewandte Chemie, International Edition (2021), 60(26), 14679-14692",期刊,2021,31-614-CAS-40218511,O(C[C@@H]1[C@H](OCC2=CC=CC=C2)[C@H](OC(=O)C3=CC=CC=C3)[C@@H](OC(=O)C4=CC=CC=C4)[C@H](SCC)O1)[C@@]5(C(OC)=O)O[C@@]([C@@H]([C@@H](COC(C)=O)OC(C)=O)OC(C)=O)([C@H](NC(C)=O)[C@@H](OC(C)=O)C5)[H],thioglycoside,N(C(C(Cl)(Cl)Cl)=O)[C@H]1[C@H](O[Si](C(C)(C)C)(C)C)O[C@H](COCC2=CC=CC=C2)[C@@H](O)[C@@H]1OCC3=CC=CC=C3,Dichloromethane,ClCCl,1,N-Iodosuccinimide,O=C1N(I)C(=O)CC1,1,-15.0,1,60.0,1,b,1,CCS[C@@H]1O[C@H](CO[C@]2(C(=O)OC)C[C@H](OC(C)=O)[C@@H](NC(C)=O)[C@H]([C@H](OC(C)=O)[C@@H](COC(C)=O)OC(C)=O)O2)[C@H](OCc2ccccc2)[C@H](OC(=O)c2ccccc2)[C@H]1OC(=O)c1ccccc1,CC(C)(C)[Si](C)(C)O[C@@H]1O[C@H](COCc2ccccc2)[C@@H](O)[C@H](OCc2ccccc2)[C@H]1NC(=O)C(Cl)(Cl)Cl,2E96FF29
757,"Journal of Carbohydrate Chemistry (2002), 21(5), 385-409",期刊,2002,31-013-CAS-9638871,O([C@@]1(C(OC)=O)O[C@@]([C@@H]([C@@H](COC(C)=O)OC(C)=O)OC(C)=O)([C@H](NC(C)=O)[C@@H](OC(C)=O)C1)[H])[C@H]2[C@@H](OC(=O)C3=CC=CC=C3)[C@@H](COC(=O)C4=CC=CC=C4)O[C@@H](SC)[C@@H]2OC(=O)C5=CC=CC=C5,thioglycoside,O([C@@H]1[C@@H](OCC2=CC=CC=C2)[C@H](O[C@H]3[C@H](OCC4=CC=CC=C4)[C@@H](OCC5=CC=CC=C5)[C@H](OCC[Si](C)(C)C)O[C@@H]3COCC6=CC=CC=C6)O[C@H](COCC7=CC=CC=C7)[C@@H]1OCC8=CC=CC=C8)[C@H]9[C@H](NC(CCC)=O)[C@@H](OCC%10=CC=CC=C%10)[C@H](O)[C@@H](COCC%11=CC=CC=C%11)O9,Dichloromethane,ClCCl,1,Triethylamine,N(CC)(CC)CC,1,25.0,1,360.0,1,b,1,COC(=O)[C@@]1(O[C@H]2[C@@H](OC(=O)c3ccccc3)[C@@H](COC(=O)c3ccccc3)O[C@@H](SC)[C@@H]2OC(=O)c2ccccc2)C[C@H](OC(C)=O)[C@@H](NC(C)=O)[C@H]([C@H](OC(C)=O)[C@@H](COC(C)=O)OC(C)=O)O1,CCCC(=O)N[C@H]1[C@H](O[C@H]2[C@@H](OCc3ccccc3)[C@@H](COCc3ccccc3)O[C@@H](O[C@H]3[C@H](OCc4ccccc4)[C@@H](OCc4ccccc4)[C@H](OCC[Si](C)(C)C)O[C@@H]3COCc3ccccc3)[C@@H]2OCc2ccccc2)O[C@H](COCc2ccccc2)[C@@H](O)[C@@H]1OCc1ccccc1,A2782885
758,"World Intellectual Property Organization, WO2002057284 A1 2002-07-25",专利,2002,31-013-CAS-17868344,N(=[N+]=[N-])[C@H]1[C@@H](OC(C)=O)[C@@H](COC(C)=O)O[C@@H](SC)[C@@H]1OC(C)=O,thioglycoside,O=C1N(C(=O)C=2C1=C(Cl)C(Cl)=C(Cl)C2Cl)[C@H]3[C@H](OC)O[C@H](COC(C)=O)[C@@H](O)[C@@H]3O,Dichloromethane,ClCCl,1,Trifluoromethanesulfonic acid,O=S(=O)(O)C(F)(F)F,1,25.0,1,30.0,1,b,1,CS[C@@H]1O[C@H](COC(C)=O)[C@H](OC(C)=O)[C@H](N=[N+]=[N-])[C@H]1OC(C)=O,CO[C@@H]1O[C@H](COC(C)=O)[C@@H](O)[C@H](O)[C@H]1N1C(=O)c2c(Cl)c(Cl)c(Cl)c(Cl)c2C1=O,04AB5DF5
759,"Carbohydrate Research (2011), 346(14), 2113-2120",期刊,2011,31-013-CAS-5008597,O(C(C)=O)[C@H]1[C@@]2([C@](O[C@@H](SCC)[C@@H]1OC(C)=O)(CO[C@@H](O2)C3=CC=CC=C3)[H])[H],thioglycoside,[Si](OC[C@H]1O[C@@H](OCCCNC(OCC2=CC=CC=C2)=O)[C@@H]([C@@H](O)[C@@H]1O)N3C(=O)C=4C(C3=O)=CC=CC4)(C(C)(C)C)(C5=CC=CC=C5)C6=CC=CC=C6,Dichloromethane,ClCCl,1,N-Iodosuccinimide,O=C1N(I)C(=O)CC1,1,25.0,1,60.0,1,b,1,CCS[C@@H]1O[C@@H]2CO[C@H](c3ccccc3)O[C@@H]2[C@H](OC(C)=O)[C@H]1OC(C)=O,CC(C)(C)[Si](OC[C@H]1O[C@@H](OCCCNC(=O)OCc2ccccc2)[C@H](N2C(=O)c3ccccc3C2=O)[C@@H](O)[C@@H]1O)(c1ccccc1)c1ccccc1,4FC89023
760,"European Journal of Organic Chemistry (2018), 2018(31), 4296-4305",期刊,2018,31-013-CAS-19117128,O(C(C)=O)[C@@H]1[C@H]([C@H](SCC)O[C@H](COC(C)=O)[C@H]1OCC2=CC=C(OC)C=C2)N3C(=O)C=4C(C3=O)=CC=CC4,thioglycoside,O(C(C)=O)[C@@H]1[C@H]([C@H](N=[N+]=[N-])O[C@H](COC(C)=O)[C@H]1O)N2C(=O)C=3C(C2=O)=CC=CC3,Dichloromethane,ClCCl,1,Silver triflate,[Ag].O=S(=O)(O)C(F)(F)F,1,-30.0,1,150.0,1,b,1,CCS[C@@H]1O[C@H](COC(C)=O)[C@@H](OCc2ccc(OC)cc2)[C@H](OC(C)=O)[C@H]1N1C(=O)c2ccccc2C1=O,CC(=O)OC[C@H]1O[C@@H](N=[N+]=[N-])[C@H](N2C(=O)c3ccccc3C2=O)[C@@H](OC(C)=O)[C@@H]1O,A0F987B4
761,"World Intellectual Property Organization, WO9948515 A1 1999-09-30",专利,1999,31-013-CAS-276591,O([C@H]1[C@H](O[C@H]2[C@H](O[C@H]3[C@@H](OC(C)=O)[C@H](OC(C)=O)[C@H](OC(C)=O)[C@H](C)O3)[C@@H](OC(C)=O)[C@@H](OC(C)=O)[C@@H](COC(C)=O)O2)[C@@H](COC(C)=O)O[C@@H](O[C@@H]4[C@@H](OC(=O)C5=CC=CC=C5)[C@H](SCC)O[C@H](COC(C)=O)[C@@H]4OC(C)=O)[C@@H]1NC(C)=O)[C@H]6[C@@H](OC(C)=O)[C@H](OC(C)=O)[C@H](OC(C)=O)[C@H](C)O6,thioglycoside,C(OC(N[C@@H]([C@H](O[C@@H]1[C@H](N=[N+]=[N-])[C@@H](O)[C@@H](O)[C@@H](CO[Si](C(C)(C)C)(C)C)O1)C)C(OCC2=CC=CC=C2)=O)=O)C3C=4C(C=5C3=CC=CC5)=CC=CC4,Dichloromethane;Toluene,ClCCl;C=1C=CC(=CC1)C,1,Trifluoromethanesulfonic acid,O=S(=O)(O)C(F)(F)F,1,25.0,1,20.0,1,b,1,CCS[C@@H]1O[C@H](COC(C)=O)[C@H](OC(C)=O)[C@H](O[C@@H]2O[C@H](COC(C)=O)[C@@H](O[C@@H]3O[C@H](COC(C)=O)[C@H](OC(C)=O)[C@H](OC(C)=O)[C@H]3O[C@@H]3O[C@@H](C)[C@@H](OC(C)=O)[C@@H](OC(C)=O)[C@@H]3OC(C)=O)[C@H](O[C@@H]3O[C@@H](C)[C@@H](OC(C)=O)[C@@H](OC(C)=O)[C@@H]3OC(C)=O)[C@H]2NC(C)=O)[C@H]1OC(=O)c1ccccc1,C[C@@H](O[C@H]1O[C@H](CO[Si](C)(C)C(C)(C)C)[C@H](O)[C@H](O)[C@H]1N=[N+]=[N-])[C@H](NC(=O)OCC1c2ccccc2-c2ccccc21)C(=O)OCc1ccccc1,CC4CBD1F
762,"World Intellectual Property Organization, WO2020132625 A1 2020-06-25",专利,2020,31-013-CAS-22452791,[Si](OC[C@@H]1[C@@H](OC(=O)C2=CC=CC=C2)[C@H](OCC3=CC=CC=C3)[C@@H](N=[N+]=[N-])[C@@H](O[C@H]4[C@H](OCC5=CC=CC=C5)[C@@H](OC(CCC(C)=O)=O)[C@H](SC6=CC=CC=C6)O[C@H]4C(OC)=O)O1)(C(C)(C)C)(C7=CC=CC=C7)C8=CC=CC=C8,thioglycoside,O([C@H]1[C@H](OCC2=CC=CC=C2)[C@@H](OC(OCC3C=4C(C=5C3=CC=CC5)=CC=CC4)=O)[C@H](OCC(OC(C)(C)C)=O)O[C@H]1C(OC)=O)[C@@H]6[C@H](NC(C(F)(F)F)=O)[C@@H](OCC7=CC=CC=C7)[C@H](O)[C@@H](COCC8=CC9=C(C=C8)C=CC=C9)O6,Dichloromethane,ClCCl,1,N-Iodosuccinimide,O=C1N(I)C(=O)CC1,1,25.0,1,10.0,1,a,0,COC(=O)[C@@H]1O[C@@H](Sc2ccccc2)[C@H](OC(=O)CCC(C)=O)[C@@H](OCc2ccccc2)[C@@H]1O[C@H]1O[C@H](CO[Si](c2ccccc2)(c2ccccc2)C(C)(C)C)[C@@H](OC(=O)c2ccccc2)[C@H](OCc2ccccc2)[C@H]1N=[N+]=[N-],COC(=O)[C@@H]1O[C@@H](OCC(=O)OC(C)(C)C)[C@H](OC(=O)OCC2c3ccccc3-c3ccccc32)[C@@H](OCc2ccccc2)[C@@H]1O[C@H]1O[C@H](COCc2ccc3ccccc3c2)[C@@H](O)[C@H](OCc2ccccc2)[C@H]1NC(=O)C(F)(F)F,5E9F7ED7
763,"Angewandte Chemie, International Edition (2019), 58(51), 18577-18583",期刊,2019,31-013-CAS-20825224,[Si](OC[C@@H]1[C@@H](OC(=O)C2=CC=CC=C2)[C@H](OCC3=CC=CC=C3)[C@@H](N=[N+]=[N-])[C@@H](O[C@H]4[C@H](OCC5=CC=CC=C5)[C@@H](OC(CCC(C)=O)=O)[C@H](SC6=CC=CC=C6)O[C@H]4C(OC)=O)O1)(C(C)(C)C)(C7=CC=CC=C7)C8=CC=CC=C8,thioglycoside,O([C@H]1[C@H](OCC2=CC=CC=C2)[C@@H](OC(OCC3C=4C(C=5C3=CC=CC5)=CC=CC4)=O)[C@H](OCC(OC(C)(C)C)=O)O[C@H]1C(OC)=O)[C@@H]6[C@H](NC(C(F)(F)F)=O)[C@@H](OCC7=CC=CC=C7)[C@H](O)[C@@H](COCC8=CC9=C(C=C8)C=CC=C9)O6,Dichloromethane,ClCCl,1,N-Iodosuccinimide,O=C1N(I)C(=O)CC1,1,25.0,1,10.0,1,a,0,COC(=O)[C@@H]1O[C@@H](Sc2ccccc2)[C@H](OC(=O)CCC(C)=O)[C@@H](OCc2ccccc2)[C@@H]1O[C@H]1O[C@H](CO[Si](c2ccccc2)(c2ccccc2)C(C)(C)C)[C@@H](OC(=O)c2ccccc2)[C@H](OCc2ccccc2)[C@H]1N=[N+]=[N-],COC(=O)[C@@H]1O[C@@H](OCC(=O)OC(C)(C)C)[C@H](OC(=O)OCC2c3ccccc3-c3ccccc32)[C@@H](OCc2ccccc2)[C@@H]1O[C@H]1O[C@H](COCc2ccc3ccccc3c2)[C@@H](O)[C@H](OCc2ccccc2)[C@H]1NC(=O)C(F)(F)F,5E9F7ED7
764,"Organic Letters (2015), 17(6), 1525-1528",期刊,2015,31-013-CAS-15393474,O(C(C)=O)[C@@H]1[C@H]([C@H](SC2=CC=C(C)C=C2)O[C@H](COC(C)=O)[C@H]1OC(C)=O)N3C(=O)C=4C(C3=O)=CC=CC4,thioglycoside,S([C@H]1[C@@H]([C@@H](OC(C)=O)[C@H](O)[C@@H](COCC2=CC=CC=C2)O1)N3C(=O)C=4C(C3=O)=CC=CC4)C5=CC=C(C)C=C5,Dichloromethane,ClCCl,1,Trifluoromethanesulfonic acid,O=S(=O)(O)C(F)(F)F,1,-80.0,1,80.0,1,b,1,CC(=O)OC[C@H]1O[C@@H](Sc2ccc(C)cc2)[C@H](N2C(=O)c3ccccc3C2=O)[C@@H](OC(C)=O)[C@@H]1OC(C)=O,CC(=O)O[C@H]1[C@H](O)[C@@H](COCc2ccccc2)O[C@@H](Sc2ccc(C)cc2)[C@@H]1N1C(=O)c2ccccc2C1=O,A3453389
765,"Carbohydrate Research (2003), 338(21), 2163-2168",期刊,2003,31-013-CAS-3282710,[Si](O[C@H]1[C@]2([C@](O[C@H](SC)[C@H]1OCC3=CC=C(OC)C=C3)(COC4(O2)CCCCC4)[H])[H])(C(C)(C)C)(C5=CC=CC=C5)C6=CC=CC=C6,thioglycoside,O(CC1=CC=CC=C1)[C@@H]2[C@H]([C@H](OCC=C)O[C@H](COCC3=CC=CC=C3)[C@H]2O[C@H]4[C@@H]([C@@H](OCC5=CC=CC=C5)[C@H](O)[C@@H](COCC6=CC=CC=C6)O4)N7C(=O)C=8C(C7=O)=CC=CC8)N9C(=O)C=%10C(C9=O)=CC=CC%10,Dichloromethane,ClCCl,1,Methyl triflate,O=S(=O)(OC)C(F)(F)F,1,25.0,1,120.0,1,b,1,COc1ccc(CO[C@H]2[C@@H](O[Si](c3ccccc3)(c3ccccc3)C(C)(C)C)[C@@H]3OC4(CCCCC4)OC[C@H]3O[C@@H]2SC)cc1,C=CCO[C@@H]1O[C@H](COCc2ccccc2)[C@@H](O[C@@H]2O[C@H](COCc3ccccc3)[C@@H](O)[C@H](OCc3ccccc3)[C@H]2N2C(=O)c3ccccc3C2=O)[C@H](OCc2ccccc2)[C@H]1N1C(=O)c2ccccc2C1=O,EFAC4828
766,"Angewandte Chemie, International Edition (2004), 43(16), 2145-2148",期刊,2004,31-013-CAS-4022684,O([C@H]1[C@@H]([C@@H](OC(C)=O)[C@H](O[C@H]2[C@@H]([C@@H](OC(C)=O)[C@H](OC(C)=O)[C@@H](COC(C)=O)O2)N3C(=O)C=4C(C3=O)=CC=CC4)[C@@H](COCC5=CC=CC=C5)O1)N6C(=O)C=7C(C6=O)=CC=CC7)[C@H]8[C@H](OC(C)=O)[C@H]([C@H](SC9=CC=CC=C9)O[C@@H]8COCC%10=CC=CC=C%10)N%11C(=O)C=%12C(C%11=O)=CC=CC%12,thioglycoside,S([C@H]1[C@@H]([C@@H](OC(C)=O)[C@H](O)[C@@H](COCC2=CC=CC=C2)O1)N3C(=O)C=4C(C3=O)=CC=CC4)C5=CC=CC=C5,Dichloromethane,ClCCl,1,Sodium bicarbonate,[Na].O=C(O)O,1,-60.0,1,30.0,1,b,1,CC(=O)OC[C@H]1O[C@@H](O[C@H]2[C@H](OC(C)=O)[C@@H](N3C(=O)c4ccccc4C3=O)[C@H](O[C@H]3[C@H](OC(C)=O)[C@@H](N4C(=O)c5ccccc5C4=O)[C@H](Sc4ccccc4)O[C@@H]3COCc3ccccc3)O[C@@H]2COCc2ccccc2)[C@H](N2C(=O)c3ccccc3C2=O)[C@@H](OC(C)=O)[C@@H]1OC(C)=O,CC(=O)O[C@H]1[C@H](O)[C@@H](COCc2ccccc2)O[C@@H](Sc2ccccc2)[C@@H]1N1C(=O)c2ccccc2C1=O,96953215
767,"European Journal of Organic Chemistry (2002), (10), 1614-1618",期刊,2002,31-013-CAS-7726616,O(C(C)=O)[C@@H]1[C@H]([C@H](SCC)O[C@H](COCC2=CC=CC=C2)[C@H]1OC(C)=O)N3C(=O)C=4C(C3=O)=CC=CC4,thioglycoside,O=C1N(C(=O)C=2C1=CC=CC2)[C@H]3[C@H](N=[N+]=[N-])O[C@H](COCC4=CC=C(OC)C=C4)[C@@H](O)[C@@H]3O,Dichloromethane,ClCCl,1,Silver triflate,[Ag].O=S(=O)(O)C(F)(F)F,1,,0,,0,b,1,CCS[C@@H]1O[C@H](COCc2ccccc2)[C@@H](OC(C)=O)[C@H](OC(C)=O)[C@H]1N1C(=O)c2ccccc2C1=O,COc1ccc(COC[C@H]2O[C@@H](N=[N+]=[N-])[C@H](N3C(=O)c4ccccc4C3=O)[C@@H](O)[C@@H]2O)cc1,39AA0DEA
768,"Angewandte Chemie, International Edition in English (1995), 34(13/14), 1432-4",期刊,1995,31-013-CAS-9124581,O(CC1=CC=CC=C1)[C@@H]2[C@H]([C@H](O[C@H]3[C@H](OCC4=CC=CC=C4)[C@H]([C@H](SC5=CC=CC=C5)O[C@@H]3COCC6=CC=CC=C6)N7C(=O)C=8C(C7=O)=CC=CC8)O[C@H](COCC9=CC=CC=C9)[C@H]2O[C@H]%10[C@@H]([C@@H](OCC%11=CC=CC=C%11)[C@H](OC(C)=O)[C@@H](COCC%12=CC=CC=C%12)O%10)N%13C(=O)C=%14C(C%13=O)=CC=CC%14)N%15C(=O)C=%16C(C%15=O)=CC=CC%16,thioglycoside,O(CC1=CC=CC=C1)[C@@H]2[C@H]([C@H](O[C@H]3[C@H](OCC4=CC=CC=C4)[C@H]([C@H](O[C@H]5[C@H](OCC6=CC=CC=C6)[C@H]([C@H](F)O[C@@H]5COCC7=CC=CC=C7)N8C(=O)C=9C(C8=O)=CC=CC9)O[C@@H]3COCC%10=CC=CC=C%10)N%11C(=O)C=%12C(C%11=O)=CC=CC%12)O[C@H](COCC%13=CC=CC=C%13)[C@H]2O[C@H]%14[C@@H]([C@@H](OCC%15=CC=CC=C%15)[C@H](O)[C@@H](COCC%16=CC=CC=C%16)O%14)N%17C(=O)C=%18C(C%17=O)=CC=CC%18)N%19C(=O)C=%20C(C%19=O)=CC=CC%20,,,0,Trifluoromethanesulfonic acid,O=S(=O)(O)C(F)(F)F,1,,0,,0,b,1,CC(=O)O[C@H]1[C@H](OCc2ccccc2)[C@@H](N2C(=O)c3ccccc3C2=O)[C@H](O[C@H]2[C@H](OCc3ccccc3)[C@@H](N3C(=O)c4ccccc4C3=O)[C@H](O[C@H]3[C@H](OCc4ccccc4)[C@@H](N4C(=O)c5ccccc5C4=O)[C@H](Sc4ccccc4)O[C@@H]3COCc3ccccc3)O[C@@H]2COCc2ccccc2)O[C@@H]1COCc1ccccc1,O=C1c2ccccc2C(=O)N1[C@@H]1[C@@H](OCc2ccccc2)[C@H](O[C@@H]2O[C@H](COCc3ccccc3)[C@@H](O[C@@H]3O[C@H](COCc4ccccc4)[C@@H](O[C@@H]4O[C@H](COCc5ccccc5)[C@@H](O)[C@H](OCc5ccccc5)[C@H]4N4C(=O)c5ccccc5C4=O)[C@H](OCc4ccccc4)[C@H]3N3C(=O)c4ccccc4C3=O)[C@H](OCc3ccccc3)[C@H]2N2C(=O)c3ccccc3C2=O)[C@@H](COCc2ccccc2)O[C@H]1F,C6533D75
769,"e-EROS Encyclopedia of Reagents for Organic Synthesis (2008), 1-4",期刊,2008,31-013-CAS-16820825,O(CC1=CC=CC=C1)[C@@H]2[C@H]([C@H](O[C@H]3[C@H](OCC4=CC=CC=C4)[C@H]([C@H](SC5=CC=CC=C5)O[C@@H]3COCC6=CC=CC=C6)N7C(=O)C=8C(C7=O)=CC=CC8)O[C@H](COCC9=CC=CC=C9)[C@H]2O[C@H]%10[C@@H]([C@@H](OCC%11=CC=CC=C%11)[C@H](OC(C)=O)[C@@H](COCC%12=CC=CC=C%12)O%10)N%13C(=O)C=%14C(C%13=O)=CC=CC%14)N%15C(=O)C=%16C(C%15=O)=CC=CC%16,thioglycoside,S([C@H]1[C@@H]([C@@H](OCC2=CC=CC=C2)[C@H](O)[C@@H](COCC3=CC=CC=C3)O1)N4C(=O)C=5C(C4=O)=CC=CC5)C6=CC=CC=C6,,,0,Silver triflate,[Ag].O=S(=O)(O)C(F)(F)F,1,,0,,0,b,1,CC(=O)O[C@H]1[C@H](OCc2ccccc2)[C@@H](N2C(=O)c3ccccc3C2=O)[C@H](O[C@H]2[C@H](OCc3ccccc3)[C@@H](N3C(=O)c4ccccc4C3=O)[C@H](O[C@H]3[C@H](OCc4ccccc4)[C@@H](N4C(=O)c5ccccc5C4=O)[C@H](Sc4ccccc4)O[C@@H]3COCc3ccccc3)O[C@@H]2COCc2ccccc2)O[C@@H]1COCc1ccccc1,O=C1c2ccccc2C(=O)N1[C@@H]1[C@@H](OCc2ccccc2)[C@H](O)[C@@H](COCc2ccccc2)O[C@H]1Sc1ccccc1,3C8CA085
770,"Angewandte Chemie, International Edition in English (1995), 34(13/14), 1432-4",期刊,1995,31-013-CAS-13114298,O(CC1=CC=CC=C1)[C@@H]2[C@H]([C@H](O[C@H]3[C@H](OCC4=CC=CC=C4)[C@H]([C@H](SC5=CC=CC=C5)O[C@@H]3COCC6=CC=CC=C6)N7C(=O)C=8C(C7=O)=CC=CC8)O[C@H](COCC9=CC=CC=C9)[C@H]2O[C@H]%10[C@@H]([C@@H](OCC%11=CC=CC=C%11)[C@H](OC(C)=O)[C@@H](COCC%12=CC=CC=C%12)O%10)N%13C(=O)C=%14C(C%13=O)=CC=CC%14)N%15C(=O)C=%16C(C%15=O)=CC=CC%16,thioglycoside,O(CC1=CC=CC=C1)[C@@H]2[C@H]([C@H](F)O[C@H](COCC3=CC=CC=C3)[C@H]2O)N4C(=O)C=5C(C4=O)=CC=CC5,,,0,Trifluoromethanesulfonic acid,O=S(=O)(O)C(F)(F)F,1,,0,,0,b,1,CC(=O)O[C@H]1[C@H](OCc2ccccc2)[C@@H](N2C(=O)c3ccccc3C2=O)[C@H](O[C@H]2[C@H](OCc3ccccc3)[C@@H](N3C(=O)c4ccccc4C3=O)[C@H](O[C@H]3[C@H](OCc4ccccc4)[C@@H](N4C(=O)c5ccccc5C4=O)[C@H](Sc4ccccc4)O[C@@H]3COCc3ccccc3)O[C@@H]2COCc2ccccc2)O[C@@H]1COCc1ccccc1,O=C1c2ccccc2C(=O)N1[C@@H]1[C@@H](OCc2ccccc2)[C@H](O)[C@@H](COCc2ccccc2)O[C@H]1F,55739CEE
771,"Journal of the American Chemical Society (1994), 116(26), 12073-4",期刊,1994,31-013-CAS-9397693,O(CC1=CC=CC=C1)[C@@H]2[C@H]([C@H](O[C@H]3[C@H](OCC4=CC=CC=C4)[C@H]([C@H](SC5=CC=CC=C5)O[C@@H]3COCC6=CC=CC=C6)N7C(=O)C=8C(C7=O)=CC=CC8)O[C@H](COCC9=CC=CC=C9)[C@H]2O[C@H]%10[C@@H]([C@@H](OCC%11=CC=CC=C%11)[C@H](OC(C)=O)[C@@H](COCC%12=CC=CC=C%12)O%10)N%13C(=O)C=%14C(C%13=O)=CC=CC%14)N%15C(=O)C=%16C(C%15=O)=CC=CC%16,thioglycoside,O(CC1=CC=CC=C1)[C@@H]2[C@H]([C@H](F)O[C@H](COCC3=CC=CC=C3)[C@H]2O)N4C(=O)C=5C(C4=O)=CC=CC5,Dichloromethane,ClCCl,1,N-Iodosuccinimide,O=C1N(I)C(=O)CC1,1,,0,,0,b,1,CC(=O)O[C@H]1[C@H](OCc2ccccc2)[C@@H](N2C(=O)c3ccccc3C2=O)[C@H](O[C@H]2[C@H](OCc3ccccc3)[C@@H](N3C(=O)c4ccccc4C3=O)[C@H](O[C@H]3[C@H](OCc4ccccc4)[C@@H](N4C(=O)c5ccccc5C4=O)[C@H](Sc4ccccc4)O[C@@H]3COCc3ccccc3)O[C@@H]2COCc2ccccc2)O[C@@H]1COCc1ccccc1,O=C1c2ccccc2C(=O)N1[C@@H]1[C@@H](OCc2ccccc2)[C@H](O)[C@@H](COCc2ccccc2)O[C@H]1F,55739CEE
772,"European Journal of Organic Chemistry (2013), 2013(32), 7382-7390",期刊,2013,31-013-CAS-2382764,O(C(C)=O)[C@@H]1[C@H]([C@H](SC2=CC(C(C)(C)C)=CC=C2C)O[C@]3([C@]1(O[C@@H](OC3)C4=CC=C(OC)C=C4)[H])[H])N5C(=O)C=6C(C5=O)=CC=CC6,thioglycoside,[Si](OC[C@@H]1[C@@H](O)[C@H](OC(C)=O)[C@H]([C@H](OCC2=CC=CC=C2)O1)N3C(=O)C=4C(C3=O)=CC=CC4)(C(C)(C)C)(C5=CC=CC=C5)C6=CC=CC=C6,Dichloromethane,ClCCl,1,N-Iodosuccinimide,O=C1N(I)C(=O)CC1,1,25.0,1,30.0,1,b,1,COc1ccc([C@@H]2OC[C@H]3O[C@@H](Sc4cc(C(C)(C)C)ccc4C)[C@H](N4C(=O)c5ccccc5C4=O)[C@@H](OC(C)=O)[C@@H]3O2)cc1,CC(=O)O[C@H]1[C@H](O)[C@@H](CO[Si](c2ccccc2)(c2ccccc2)C(C)(C)C)O[C@@H](OCc2ccccc2)[C@@H]1N1C(=O)c2ccccc2C1=O,C15A1936
773,"European Journal of Organic Chemistry (2020), 2020(15), 2291-2301",期刊,2020,31-013-CAS-21944308,O(CC1=CC=CC=C1)[C@@H]2[C@H]([C@H](SC3=CC=CC=C3)O[C@H](COCC4=CC=CC=C4)[C@H]2O[C@H]5[C@@H](OCC6=CC=CC=C6)[C@@H](OCC7=CC=C(OC)C=C7)[C@H](OCC8=CC=CC=C8)[C@@H](COCC9=CC=C(OC)C=C9)O5)N%10C(=O)C=%11C(C%10=O)=CC=CC%11,thioglycoside,O(CC1=CC=CC=C1)[C@@H]2[C@H]([C@H](OCC3=CC=CC=C3)O[C@H](CO[C@H]4[C@@H](OCC5=CC=CC=C5)[C@H](OCC6=CC=CC=C6)[C@H](OCC7=CC=CC=C7)[C@H](C)O4)[C@H]2O)N8C(=O)C=9C(C8=O)=CC=CC9,Dichloromethane,ClCCl,1,Trifluoromethanesulfonic acid,O=S(=O)(O)C(F)(F)F,1,25.0,1,,0,b,1,COc1ccc(COC[C@H]2O[C@@H](O[C@H]3[C@H](OCc4ccccc4)[C@@H](N4C(=O)c5ccccc5C4=O)[C@H](Sc4ccccc4)O[C@@H]3COCc3ccccc3)[C@@H](OCc3ccccc3)[C@@H](OCc3ccc(OC)cc3)[C@@H]2OCc2ccccc2)cc1,C[C@@H]1O[C@@H](OC[C@H]2O[C@@H](OCc3ccccc3)[C@H](N3C(=O)c4ccccc4C3=O)[C@@H](OCc3ccccc3)[C@@H]2O)[C@@H](OCc2ccccc2)[C@H](OCc2ccccc2)[C@@H]1OCc1ccccc1,71689F89
774,"Journal of Organic Chemistry (2001), 66(19), 6234-6243",期刊,2001,31-013-CAS-11405498,O([Si](C(C)(C)C)(C)C)[C@@H]1[C@H]([C@H](SCC)O[C@]2([C@@]1(O[C@H](OC2)C3=CC=CC=C3)[H])[H])N4C(=O)C=5C(C4=O)=CC=CC5,thioglycoside,O(C(C)=O)[C@@H]1[C@@H](N=[N+]=[N-])[C@@H](OCCC2=CC=C(N(=O)=O)C=C2)O[C@H](COCC3=CC=CC=C3)[C@@H]1O,Dichloromethane,ClCCl,1,Triethylamine,N(CC)(CC)CC,1,,0,,0,b,1,CCS[C@@H]1O[C@@H]2CO[C@H](c3ccccc3)O[C@@H]2[C@H](O[Si](C)(C)C(C)(C)C)[C@H]1N1C(=O)c2ccccc2C1=O,CC(=O)O[C@H]1[C@@H](O)[C@@H](COCc2ccccc2)O[C@H](OCCc2ccc([N+](=O)[O-])cc2)[C@@H]1N=[N+]=[N-],A375B441
775,"Tetrahedron (2011), 67(51), 9771-9778",期刊,2011,31-614-CAS-27466391,O(CC1=CC=CC=C1)[C@@H]2[C@H]([C@H](O[C@@H]3[C@@H](COCC4=CC=CC=C4)O[C@@H](S(=O)C5=CC=CC=C5)[C@@H]([C@H]3O)N6C(=O)C=7C(C6=O)=CC=CC7)O[C@]8([C@]2(O[C@@H](OC8)C9=CC=CC=C9)[H])[H])N%10C(=O)C=%11C(C%10=O)=CC=CC%11,thioglycoside,O([C@H]1[C@@H]([C@@H](OCC2=CC=CC=C2)[C@H](O)[C@@H](COCC3=CC=CC=C3)O1)N4C(=O)C=5C(C4=O)=CC=CC5)[C@@H]6[C@@H](COCC7=CC=CC=C7)O[C@@H](SC8=CC=CC=C8)[C@@H]([C@H]6O)N9C(=O)C=%10C(C9=O)=CC=CC%10,Dichloromethane,ClCCl,1,Trifluoromethanesulfonic anhydride,O=S(=O)(OS(=O)(=O)C(F)(F)F)C(F)(F)F,1,25.0,1,45.0,1,b,1,O=C1c2ccccc2C(=O)N1[C@@H]1[C@@H](O)[C@H](O[C@@H]2O[C@@H]3CO[C@@H](c4ccccc4)O[C@H]3[C@H](OCc3ccccc3)[C@H]2N2C(=O)c3ccccc3C2=O)[C@@H](COCc2ccccc2)O[C@H]1S(=O)c1ccccc1,O=C1c2ccccc2C(=O)N1[C@@H]1[C@@H](O)[C@H](O[C@@H]2O[C@H](COCc3ccccc3)[C@@H](O)[C@H](OCc3ccccc3)[C@H]2N2C(=O)c3ccccc3C2=O)[C@@H](COCc2ccccc2)O[C@H]1Sc1ccccc1,4DFB70F9
776,"Carbohydrate Research (2006), 341(10), 1669-1679",期刊,2006,31-013-CAS-8978171,O([Si](C(C)(C)C)(C)C)[C@@H]1[C@H]([C@H](SC2=CC=C(C)C=C2)O[C@]3([C@]1(O[C@@H](OC3)C4=CC=CC=C4)[H])[H])N5C(=O)C=6C(C5=O)=CC=CC6,thioglycoside,S([C@H]1[C@@H]([C@@H](OCC2=CC=CC=C2)[C@H](O)[C@@H](COCC3=CC=CC=C3)O1)N4C(=O)C=5C(C4=O)=CC=CC5)C6=CC=C(C)C=C6,Dichloromethane;Diethyl ether,ClCCl;O(CC)CC,1,Tosyl chloride,O=S(=O)(Cl)C1=CC=C(C=C1)C,1,25.0,1,30.0,1,b,1,Cc1ccc(S[C@@H]2O[C@@H]3CO[C@@H](c4ccccc4)O[C@H]3[C@H](O[Si](C)(C)C(C)(C)C)[C@H]2N2C(=O)c3ccccc3C2=O)cc1,Cc1ccc(S[C@@H]2O[C@H](COCc3ccccc3)[C@@H](O)[C@H](OCc3ccccc3)[C@H]2N2C(=O)c3ccccc3C2=O)cc1,9F2FE259
777,"Organic & Biomolecular Chemistry (2017), 15(7), 1710-1717",期刊,2017,31-614-CAS-28293923,O(CC1=CC=C(OC)C=C1)[C@@H]2[C@H]([C@H](SC3=CC=CC=C3)O[C@H](CN4C(=O)C=5C(C4=O)=CC=CC5)[C@@H]2OC(CCl)=O)N6C(=O)C=7C(C6=O)=CC=CC7,thioglycoside,O(CC1=CC=C(OC)C=C1)[C@@H]2[C@H]([C@H](O[C@@H]3[C@H](OCC4=CC=C(OC)C=C4)[C@H]([C@H](OC)O[C@@H]3CN5C(=O)C=6C(C5=O)=CC=CC6)N7C(=O)C=8C(C7=O)=CC=CC8)O[C@H](CN9C(=O)C=%10C(C9=O)=CC=CC%10)[C@@H]2O[C@H]%11[C@@H]([C@@H](OCC%12=CC=C(OC)C=C%12)[C@@H](O)[C@@H](CN%13C(=O)C=%14C(C%13=O)=CC=CC%14)O%11)N%15C(=O)C=%16C(C%15=O)=CC=CC%16)N%17C(=O)C=%18C(C%17=O)=CC=CC%18,Dichloromethane;Methanol;Diethyl ether,ClCCl;OC;O(CC)CC,1,Sodium bicarbonate,[Na].O=C(O)O,1,0.0,1,60.0,1,b,1,COc1ccc(CO[C@H]2[C@@H](OC(=O)CCl)[C@@H](CN3C(=O)c4ccccc4C3=O)O[C@@H](Sc3ccccc3)[C@@H]2N2C(=O)c3ccccc3C2=O)cc1,COc1ccc(CO[C@H]2[C@@H](O)[C@@H](CN3C(=O)c4ccccc4C3=O)O[C@@H](O[C@@H]3[C@H](OCc4ccc(OC)cc4)[C@@H](N4C(=O)c5ccccc5C4=O)[C@H](O[C@@H]4[C@H](OCc5ccc(OC)cc5)[C@@H](N5C(=O)c6ccccc6C5=O)[C@H](OC)O[C@@H]4CN4C(=O)c5ccccc5C4=O)O[C@@H]3CN3C(=O)c4ccccc4C3=O)[C@@H]2N2C(=O)c3ccccc3C2=O)cc1,5BC93DCE
778,"Organic Letters (2005), 7(17), 3753-3756",期刊,2005,31-013-CAS-14626746,O(CC1=CC=CC=C1)[C@H]2[C@H](OCC3=CC=CC=C3)[C@H](SCC)O[C@@H](C)[C@H]2OCC4=CC=CC=C4,thioglycoside,O([C@@H]1[C@H]([C@H](OCCN=[N+]=[N-])O[C@H](COCC2=CC=CC=C2)[C@H]1O)N3C(=O)C=4C(C3=O)=CC=CC4)[C@H]5[C@H](OC(C)=O)[C@@H](OCC6=CC=C(OC)C=C6)[C@@H](OC(C)=O)[C@@H](COC(C)=O)O5,Dichloromethane,ClCCl,1,Tetrabutylammonium bromide,[Br-].CCCC[N+](CCCC)(CCCC)CCCC,1,25.0,1,120.0,1,a,0,CCS[C@@H]1O[C@@H](C)[C@@H](OCc2ccccc2)[C@@H](OCc2ccccc2)[C@@H]1OCc1ccccc1,COc1ccc(CO[C@H]2[C@@H](OC(C)=O)[C@@H](COC(C)=O)O[C@@H](O[C@H]3[C@H](O)[C@@H](COCc4ccccc4)O[C@@H](OCCN=[N+]=[N-])[C@@H]3N3C(=O)c4ccccc4C3=O)[C@@H]2OC(C)=O)cc1,95CE1540
779,"Organic Letters (2015), 17(5), 1102-1105",期刊,2015,31-013-CAS-13075291,O(C(OCC1C=2C(C=3C1=CC=CC3)=CC=CC2)=O)[C@H]4[C@@]5([C@](O[C@@H](SCC)[C@@H]4OC(=O)C6=CC=CC=C6)(CO[C@@H](O5)C7=CC=CC=C7)[H])[H],thioglycoside,O([C@H]1[C@@H]([C@@H](OCC2=CC=CC=C2)[C@H](O)[C@@H](COCC3=CC=CC=C3)O1)N4C(=O)C=5C(C4=O)=CC=CC5)C6=CC=C(OC)C=C6,Dichloromethane,ClCCl,1,Methyl triflate,O=S(=O)(OC)C(F)(F)F,1,25.0,1,30.0,1,b,1,CCS[C@@H]1O[C@@H]2CO[C@H](c3ccccc3)O[C@@H]2[C@H](OC(=O)OCC2c3ccccc3-c3ccccc32)[C@H]1OC(=O)c1ccccc1,COc1ccc(O[C@@H]2O[C@H](COCc3ccccc3)[C@@H](O)[C@H](OCc3ccccc3)[C@H]2N2C(=O)c3ccccc3C2=O)cc1,DE984ECA
780,"Journal of Carbohydrate Chemistry (2004), 23(4), 201-215",期刊,2004,31-013-CAS-1469336,O([C@@]1(C(OC)=O)O[C@@]([C@@H]([C@@H](COC(C)=O)OC(C)=O)OC(C)=O)([C@H](NC(C(F)(F)F)=O)[C@@H](OC(C)=O)C1)[H])[C@@H]2[C@@H](OC(=O)C3=CC=CC=C3)[C@H](SC)O[C@H](COC(C)=O)[C@@H]2OC(C)=O,thioglycoside,O(CC1=CC=CC=C1)[C@H]2[C@H](OCC3=CC=CC=C3)[C@H](O[C@@H]4[C@@H](NC(C)=O)[C@H](OCC(CCCCCCCCCCCCCC)CCCCCCCCCCCCCC)O[C@H](COC5=CC=C(OC)C=C5)[C@H]4O)O[C@@H](C)[C@H]2OCC6=CC=CC=C6,Dichloromethane,ClCCl,1,Triethylamine,N(CC)(CC)CC,1,25.0,1,180.0,1,b,1,COC(=O)[C@@]1(O[C@H]2[C@@H](OC(C)=O)[C@@H](COC(C)=O)O[C@@H](SC)[C@@H]2OC(=O)c2ccccc2)C[C@H](OC(C)=O)[C@@H](NC(=O)C(F)(F)F)[C@H]([C@H](OC(C)=O)[C@@H](COC(C)=O)OC(C)=O)O1,CCCCCCCCCCCCCCC(CCCCCCCCCCCCCC)CO[C@@H]1O[C@H](COc2ccc(OC)cc2)[C@@H](O)[C@H](O[C@@H]2O[C@@H](C)[C@@H](OCc3ccccc3)[C@@H](OCc3ccccc3)[C@@H]2OCc2ccccc2)[C@H]1NC(C)=O,B2DD2D96
781,"Journal of Medicinal Chemistry (2005), 48(9), 3126-3129",期刊,2005,31-013-CAS-8917480,[Si](O[C@H]1[C@]2([C@](O[C@H](SC)[C@H]1OCC3=CC=C(OC)C=C3)(COC4(O2)CCCCC4)[H])[H])(C(C)(C)C)(C5=CC=CC=C5)C6=CC=CC=C6,thioglycoside,O(CC1=CC=CC=C1)[C@@H]2[C@H]([C@H](OCC3=CC=CC=C3)O[C@H](COCC4=CC=CC=C4)[C@H]2O[C@H]5[C@@H]([C@@H](OCC6=CC=CC=C6)[C@H](O)[C@@H](COCC7=CC=CC=C7)O5)N8C(=O)C=9C(C8=O)=CC=CC9)N%10C(=O)C=%11C(C%10=O)=CC=CC%11,Dichloroethane,ClCCCl,1,Sodium chloride,[Na]Cl,1,0.0,1,180.0,1,b,1,COc1ccc(CO[C@H]2[C@@H](O[Si](c3ccccc3)(c3ccccc3)C(C)(C)C)[C@@H]3OC4(CCCCC4)OC[C@H]3O[C@@H]2SC)cc1,O=C1c2ccccc2C(=O)N1[C@H]1[C@H](O[C@H]2[C@H](OCc3ccccc3)[C@@H](N3C(=O)c4ccccc4C3=O)[C@H](OCc3ccccc3)O[C@@H]2COCc2ccccc2)O[C@H](COCc2ccccc2)[C@@H](O)[C@@H]1OCc1ccccc1,7278E9DE
782,"Bioorganic & Medicinal Chemistry (2014), 22(4), 1394-1403",期刊,2014,31-013-CAS-9139379,O(CC1=CC=C(OC)C=C1)[C@@H]2[C@H]([C@H](SC3=CC=CC=C3)O[C@H](CN4C(=O)C=5C(C4=O)=CC=CC5)[C@@H]2OC(CCl)=O)N6C(=O)C=7C(C6=O)=CC=CC7,thioglycoside,O(CC1=CC=C(OC)C=C1)[C@@H]2[C@H]([C@H](OCCCBr)O[C@H](CN3C(=O)C=4C(C3=O)=CC=CC4)[C@@H]2O)N5C(=O)C=6C(C5=O)=CC=CC6,Dichloromethane;Methanol;Diethyl ether,ClCCl;OC;O(CC)CC,1,Trifluoromethanesulfonic acid,O=S(=O)(O)C(F)(F)F,1,0.0,1,90.0,1,b,1,COc1ccc(CO[C@H]2[C@@H](OC(=O)CCl)[C@@H](CN3C(=O)c4ccccc4C3=O)O[C@@H](Sc3ccccc3)[C@@H]2N2C(=O)c3ccccc3C2=O)cc1,COc1ccc(CO[C@H]2[C@@H](O)[C@@H](CN3C(=O)c4ccccc4C3=O)O[C@@H](OCCCBr)[C@@H]2N2C(=O)c3ccccc3C2=O)cc1,96AFD1AC
783,"Journal of Organic Chemistry (2000), 65(10), 3064-3073",期刊,2000,31-013-CAS-11006436,O(C(C)=O)[C@@H]1[C@@H](NC(OCC(Cl)(Cl)Cl)=O)[C@H](SC2=CC=CC=C2)O[C@H](COC(C)=O)[C@@H]1OC(C)=O,thioglycoside,O(CC1=CC=CC=C1)[C@@H]2[C@H]([C@H](OC)O[C@H](COCC3=CC=CC=C3)[C@H]2O)N4C(=O)C=5C(C4=O)=CC=CC5,Dichloromethane,ClCCl,1,Silver triflate,[Ag].O=S(=O)(O)C(F)(F)F,1,,0,,0,b,1,CC(=O)OC[C@H]1O[C@@H](Sc2ccccc2)[C@H](NC(=O)OCC(Cl)(Cl)Cl)[C@@H](OC(C)=O)[C@H]1OC(C)=O,CO[C@@H]1O[C@H](COCc2ccccc2)[C@@H](O)[C@H](OCc2ccccc2)[C@H]1N1C(=O)c2ccccc2C1=O,E13F7119
784,"Journal of Carbohydrate Chemistry (2002), 21(5), 385-409",期刊,2002,31-013-CAS-2955443,O([C@@]1(C(OC)=O)O[C@@]([C@@H]([C@@H](COC(C)=O)OC(C)=O)OC(C)=O)([C@H](NC(C)=O)[C@@H](OC(C)=O)C1)[H])[C@H]2[C@@H](OC(=O)C3=CC=CC=C3)[C@@H](COC(=O)C4=CC=CC=C4)O[C@@H](SC)[C@@H]2OC(=O)C5=CC=CC=C5,thioglycoside,O([C@@H]1[C@@H](OCC2=CC=CC=C2)[C@H](O[C@H]3[C@H](OCC4=CC=CC=C4)[C@@H](OCC5=CC=CC=C5)[C@H](OCC[Si](C)(C)C)O[C@@H]3COCC6=CC=CC=C6)O[C@H](COCC7=CC=CC=C7)[C@@H]1OCC8=CC=CC=C8)[C@H]9[C@H](NC(OCC%10=CC=CC=C%10)=O)[C@@H](OCC%11=CC=CC=C%11)[C@H](O)[C@@H](COCC%12=CC=CC=C%12)O9,Dichloromethane,ClCCl,1,Triethylamine,N(CC)(CC)CC,1,25.0,1,360.0,1,b,1,COC(=O)[C@@]1(O[C@H]2[C@@H](OC(=O)c3ccccc3)[C@@H](COC(=O)c3ccccc3)O[C@@H](SC)[C@@H]2OC(=O)c2ccccc2)C[C@H](OC(C)=O)[C@@H](NC(C)=O)[C@H]([C@H](OC(C)=O)[C@@H](COC(C)=O)OC(C)=O)O1,C[Si](C)(C)CCO[C@@H]1O[C@H](COCc2ccccc2)[C@@H](O[C@@H]2O[C@H](COCc3ccccc3)[C@H](OCc3ccccc3)[C@H](O[C@@H]3O[C@H](COCc4ccccc4)[C@@H](O)[C@H](OCc4ccccc4)[C@H]3NC(=O)OCc3ccccc3)[C@H]2OCc2ccccc2)[C@H](OCc2ccccc2)[C@H]1OCc1ccccc1,CFDEB0EF
785,"Journal of the American Chemical Society (2013), 135(45), 16895-16903",期刊,2013,31-013-CAS-1778263,O(CC1=CC=CC=C1)[C@H]2[C@]3([C@](O[C@@H](SCC)[C@@H]2OC(CCC(C)=O)=O)(CO[C@H](O3)C4=CC=CC=C4)[H])[H],thioglycoside,O(CC1=CC=CC=C1)[C@@H]2[C@H]([C@H](OC3=CC=CC=C3)O[C@H](COCC4=CC=CC=C4)[C@H]2O[C@H]5[C@@H]([C@@H](OCC6=CC=CC=C6)[C@H](O)[C@@H](COCC7=CC=CC=C7)O5)N8C(=O)C=9C(C8=O)=CC=CC9)N%10C(=O)C=%11C(C%10=O)=CC=CC%11,Dichloromethane,ClCCl,1,Methyl triflate,O=S(=O)(OC)C(F)(F)F,1,25.0,1,60.0,1,b,1,CCS[C@@H]1O[C@@H]2CO[C@@H](c3ccccc3)O[C@H]2[C@H](OCc2ccccc2)[C@H]1OC(=O)CCC(C)=O,O=C1c2ccccc2C(=O)N1[C@H]1[C@H](O[C@H]2[C@H](OCc3ccccc3)[C@@H](N3C(=O)c4ccccc4C3=O)[C@H](Oc3ccccc3)O[C@@H]2COCc2ccccc2)O[C@H](COCc2ccccc2)[C@@H](O)[C@@H]1OCc1ccccc1,6183B0F4
786,"Journal of the American Chemical Society (1994), 116(26), 12073-4",期刊,1994,31-013-CAS-11518761,O(CC1=CC=CC=C1)[C@@H]2[C@H]([C@H](O[C@H]3[C@H](OCC4=CC=CC=C4)[C@H]([C@H](SC5=CC=CC=C5)O[C@@H]3COCC6=CC=CC=C6)N7C(=O)C=8C(C7=O)=CC=CC8)O[C@H](COCC9=CC=CC=C9)[C@H]2O[C@H]%10[C@@H]([C@@H](OCC%11=CC=CC=C%11)[C@H](OC(C)=O)[C@@H](COCC%12=CC=CC=C%12)O%10)N%13C(=O)C=%14C(C%13=O)=CC=CC%14)N%15C(=O)C=%16C(C%15=O)=CC=CC%16,thioglycoside,O(CC1=CC=CC=C1)[C@@H]2[C@H]([C@H](O[C@H]3[C@H](OCC4=CC=CC=C4)[C@H]([C@H](O[C@H]5[C@H](OCC6=CC=CC=C6)[C@H]([C@H](F)O[C@@H]5COCC7=CC=CC=C7)N8C(=O)C=9C(C8=O)=CC=CC9)O[C@@H]3COCC%10=CC=CC=C%10)N%11C(=O)C=%12C(C%11=O)=CC=CC%12)O[C@H](COCC%13=CC=CC=C%13)[C@H]2O[C@H]%14[C@@H]([C@@H](OCC%15=CC=CC=C%15)[C@H](O)[C@@H](COCC%16=CC=CC=C%16)O%14)N%17C(=O)C=%18C(C%17=O)=CC=CC%18)N%19C(=O)C=%20C(C%19=O)=CC=CC%20,Dichloromethane,ClCCl,1,N-Iodosuccinimide,O=C1N(I)C(=O)CC1,1,,0,,0,b,1,CC(=O)O[C@H]1[C@H](OCc2ccccc2)[C@@H](N2C(=O)c3ccccc3C2=O)[C@H](O[C@H]2[C@H](OCc3ccccc3)[C@@H](N3C(=O)c4ccccc4C3=O)[C@H](O[C@H]3[C@H](OCc4ccccc4)[C@@H](N4C(=O)c5ccccc5C4=O)[C@H](Sc4ccccc4)O[C@@H]3COCc3ccccc3)O[C@@H]2COCc2ccccc2)O[C@@H]1COCc1ccccc1,O=C1c2ccccc2C(=O)N1[C@@H]1[C@@H](OCc2ccccc2)[C@H](O[C@@H]2O[C@H](COCc3ccccc3)[C@@H](O[C@@H]3O[C@H](COCc4ccccc4)[C@@H](O[C@@H]4O[C@H](COCc5ccccc5)[C@@H](O)[C@H](OCc5ccccc5)[C@H]4N4C(=O)c5ccccc5C4=O)[C@H](OCc4ccccc4)[C@H]3N3C(=O)c4ccccc4C3=O)[C@H](OCc3ccccc3)[C@H]2N2C(=O)c3ccccc3C2=O)[C@@H](COCc2ccccc2)O[C@H]1F,C6533D75
787,"Chemical Communications (Cambridge, United Kingdom) (2017), 53(4), 771-774",期刊,2017,31-013-CAS-16968434,S([C@H]1[C@@H](C[C@]2([C@](O1)(CO[C@H](O2)C3=CC=CC=C3)[H])[H])N4C(=O)C=5C(C4=O)=CC=CC5)C6=CC=C(C)C=C6,thioglycoside,N(C(C)=O)[C@@H]1[C@@H](O[C@@H](C(N[C@H](C(OCC[Si](C)(C)C)=O)C)=O)C)[C@H](O)[C@@H](COC(C)=O)O[C@@H]1OCC2=CC=CC=C2,Dichloromethane,ClCCl,1,Trimethylsilyl triflate,O=S(=O)(O[Si](C)(C)C)C(F)(F)F,1,-78.0,1,120.0,1,b,1,Cc1ccc(S[C@@H]2O[C@@H]3CO[C@@H](c4ccccc4)O[C@H]3C[C@H]2N2C(=O)c3ccccc3C2=O)cc1,CC(=O)N[C@H]1[C@@H](OCc2ccccc2)O[C@H](COC(C)=O)[C@@H](O)[C@@H]1O[C@H](C)C(=O)N[C@@H](C)C(=O)OCC[Si](C)(C)C,114A2449
788,"Organic & Biomolecular Chemistry (2007), 5(22), 3690-3697",期刊,2007,31-013-CAS-906119,O(CC1=CC=CC=C1)[C@@H]2[C@H]([C@H](SC3=CC=CC=C3)O[C@]4([C@]2(O[C@@H](OC4)C5=CC=CC=C5)[H])[H])N6C(=O)C=7C(C6=O)=CC=CC7,thioglycoside,O(CC1=CC=CC=C1)[C@@H]2[C@H]([C@H](N=[N+]=[N-])O[C@H](COCC3=CC=CC=C3)[C@H]2O)N4C(=O)C=5C(C4=O)=CC=CC5,Dichloromethane,ClCCl,1,Triethylamine,N(CC)(CC)CC,1,25.0,1,30.0,1,b,1,O=C1c2ccccc2C(=O)N1[C@@H]1[C@@H](OCc2ccccc2)[C@@H]2O[C@H](c3ccccc3)OC[C@H]2O[C@H]1Sc1ccccc1,[N-]=[N+]=N[C@@H]1O[C@H](COCc2ccccc2)[C@@H](O)[C@H](OCc2ccccc2)[C@H]1N1C(=O)c2ccccc2C1=O,589DF49F
789,"Chemistry - A European Journal (2002), 8(1), 151-161",期刊,2002,31-013-CAS-12262821,O([C@@H]1[C@H]([C@H](SCC)O[C@H](COCC2=CC=CC=C2)[C@@H]1OCC3=CC=CC=C3)N4C(=O)C=5C(C4=O)=CC=CC5)[C@H]6[C@@H](OCC7=CC=CC=C7)[C@H](OCC8=CC=CC=C8)[C@H](OCC9=CC=CC=C9)[C@H](C)O6,thioglycoside,O([C@H]1[C@@H]([C@@H](OCC2=CC=CC=C2)[C@H](O)[C@@H](COCC3=CC=CC=C3)O1)N4C(=O)C=5C(C4=O)=CC=CC5)[C@H]6[C@@H](OCC7=CC=CC=C7)[C@@H](COCC8=CC=CC=C8)O[C@H](OCCCCCN=[N+]=[N-])[C@@H]6OCC9=CC=CC=C9,Dichloromethane;Toluene,ClCCl;C=1C=CC(=CC1)C,1,Bromine,BrBr,1,,0,,0,b,1,CCS[C@@H]1O[C@H](COCc2ccccc2)[C@H](OCc2ccccc2)[C@H](O[C@@H]2O[C@@H](C)[C@@H](OCc3ccccc3)[C@@H](OCc3ccccc3)[C@@H]2OCc2ccccc2)[C@H]1N1C(=O)c2ccccc2C1=O,[N-]=[N+]=NCCCCCO[C@H]1O[C@H](COCc2ccccc2)[C@H](OCc2ccccc2)[C@H](O[C@@H]2O[C@H](COCc3ccccc3)[C@@H](O)[C@H](OCc3ccccc3)[C@H]2N2C(=O)c3ccccc3C2=O)[C@H]1OCc1ccccc1,B3681944
790,"ChemBioChem (2011), 12(5), 685-690",期刊,2011,31-013-CAS-7488283,O(CC1=CC=CC=C1)[C@@H]2[C@H]([C@H](SCC)O[C@]3([C@]2(O[C@@H](OC3)C4=CC=CC=C4)[H])[H])N5C(=O)C=6C(C5=O)=CC=CC6,thioglycoside,O(CC1=CC=CC=C1)[C@@H]2[C@H]([C@H](N=[N+]=[N-])O[C@H](COCC3=CC=CC=C3)[C@H]2O)N4C(=O)C=5C(C4=O)=CC=CC5,Dichloromethane,ClCCl,1,Methyl triflate,O=S(=O)(OC)C(F)(F)F,1,25.0,1,,0,b,1,CCS[C@@H]1O[C@@H]2CO[C@@H](c3ccccc3)O[C@H]2[C@H](OCc2ccccc2)[C@H]1N1C(=O)c2ccccc2C1=O,[N-]=[N+]=N[C@@H]1O[C@H](COCc2ccccc2)[C@@H](O)[C@H](OCc2ccccc2)[C@H]1N1C(=O)c2ccccc2C1=O,30AB0D9D
791,"Chemistry - A European Journal (2002), 8(1), 151-161",期刊,2002,31-013-CAS-3467258,O([C@@H]1[C@H]([C@H](SCC)O[C@H](COCC2=CC=CC=C2)[C@@H]1OCC3=CC=CC=C3)N4C(=O)C=5C(C4=O)=CC=CC5)[C@H]6[C@@H](OCC7=CC=CC=C7)[C@H](OCC8=CC=CC=C8)[C@H](OCC9=CC=CC=C9)[C@H](C)O6,thioglycoside,O([C@H]1[C@@H]([C@@H](OCC=C)[C@H](O)[C@@H](COCC2=CC=CC=C2)O1)N3C(=O)C=4C(C3=O)=CC=CC4)[C@H]5[C@@H](OCC6=CC=CC=C6)[C@@H](COCC7=CC=CC=C7)O[C@H](OCCCCCN=[N+]=[N-])[C@@H]5OCC8=CC=CC=C8,Diethyl ether;Toluene,O(CC)CC;C=1C=CC(=CC1)C,1,Methyl triflate,O=S(=O)(OC)C(F)(F)F,1,,0,,0,b,1,CCS[C@@H]1O[C@H](COCc2ccccc2)[C@H](OCc2ccccc2)[C@H](O[C@@H]2O[C@@H](C)[C@@H](OCc3ccccc3)[C@@H](OCc3ccccc3)[C@@H]2OCc2ccccc2)[C@H]1N1C(=O)c2ccccc2C1=O,C=CCO[C@H]1[C@H](O)[C@@H](COCc2ccccc2)O[C@@H](O[C@H]2[C@@H](OCc3ccccc3)[C@@H](COCc3ccccc3)O[C@H](OCCCCCN=[N+]=[N-])[C@@H]2OCc2ccccc2)[C@@H]1N1C(=O)c2ccccc2C1=O,92E8359E
792,"Journal of Biological Chemistry (2012), 287(9), 6592-6602",期刊,2012,31-013-CAS-12780343,O([Si](C(C)(C)C)(C)C)[C@@H]1[C@@H](OC(=O)C2=CC=CC=C2)[C@H](SCC)O[C@H](COC(=O)C3=CC=CC=C3)[C@@H]1OC(C)=O,thioglycoside,O(CC1=CC=CC=C1)[C@@H]2[C@H]([C@H](OCCCCCCCC)O[C@H](COCC3=CC=CC=C3)[C@H]2O[C@H]4[C@H](OC(=O)C5=CC=CC=C5)[C@@H](O[C@H]6[C@@H]([C@@H](O)[C@H](O)[C@@H](COCC7=CC=CC=C7)O6)N8C(=O)C=9C(C8=O)=CC=CC9)[C@@H](OC(C)=O)[C@@H](COC(=O)C%10=CC=CC=C%10)O4)N%11C(=O)C=%12C(C%11=O)=CC=CC%12,Dichloromethane,ClCCl,1,Silver triflate,[Ag].O=S(=O)(O)C(F)(F)F,1,-30.0,1,,0,b,1,CCS[C@@H]1O[C@H](COC(=O)c2ccccc2)[C@H](OC(C)=O)[C@H](O[Si](C)(C)C(C)(C)C)[C@H]1OC(=O)c1ccccc1,CCCCCCCCO[C@@H]1O[C@H](COCc2ccccc2)[C@@H](O[C@@H]2O[C@H](COC(=O)c3ccccc3)[C@H](OC(C)=O)[C@H](O[C@@H]3O[C@H](COCc4ccccc4)[C@@H](O)[C@H](O)[C@H]3N3C(=O)c4ccccc4C3=O)[C@H]2OC(=O)c2ccccc2)[C@H](OCc2ccccc2)[C@H]1N1C(=O)c2ccccc2C1=O,A8214559
793,"Journal of Organic Chemistry (2005), 70(10), 4195-4198",期刊,2005,31-013-CAS-13946827,S([C@H]1[C@]2([C@]([C@H](OC(C)=O)[C@@H](COC(C)=O)O1)(OC(=O)N2C(C)=O)[H])[H])C3=CC=C(C)C=C3,thioglycoside,O(CC1=CC=CC=C1)[C@@H]2[C@H]([C@H](OC)O[C@H](COCC3=CC=CC=C3)[C@H]2O)N4C(=O)C=5C(C4=O)=CC=CC5,Dichloromethane,ClCCl,1,Sodium bicarbonate,[Na].O=C(O)O,1,-60.0,1,5.0,1,a,0,CC(=O)OC[C@H]1O[C@@H](Sc2ccc(C)cc2)[C@H]2[C@@H](OC(=O)N2C(C)=O)[C@@H]1OC(C)=O,CO[C@@H]1O[C@H](COCc2ccccc2)[C@@H](O)[C@H](OCc2ccccc2)[C@H]1N1C(=O)c2ccccc2C1=O,E3D25800
794,"Carbohydrate Research (2006), 341(10), 1669-1679",期刊,2006,31-013-CAS-9587188,O(C(C)=O)[C@@H]1[C@H]([C@H](SC2=CC=C(C)C=C2)O[C@H](COC(C)=O)[C@H]1OC(C)=O)N3C(=O)C=4C(C3=O)=CC=CC4,thioglycoside,S([C@H]1[C@@H]([C@@H](OCC2=CC=CC=C2)[C@H](O)[C@@H](COCC3=CC=CC=C3)O1)N4C(=O)C=5C(C4=O)=CC=CC5)C6=CC=C(N(=O)=O)C=C6,Dichloromethane;Diethyl ether,ClCCl;O(CC)CC,1,Tosyl chloride,O=S(=O)(Cl)C1=CC=C(C=C1)C,1,25.0,1,30.0,1,b,1,CC(=O)OC[C@H]1O[C@@H](Sc2ccc(C)cc2)[C@H](N2C(=O)c3ccccc3C2=O)[C@@H](OC(C)=O)[C@@H]1OC(C)=O,O=C1c2ccccc2C(=O)N1[C@@H]1[C@@H](OCc2ccccc2)[C@H](O)[C@@H](COCc2ccccc2)O[C@H]1Sc1ccc([N+](=O)[O-])cc1,75CD16E2
795,"Mendeleev Communications (2007), 17(1), 10-13",期刊,2007,31-013-CAS-9511600,O(CC1=CC=CC=C1)[C@@H]2[C@H]([C@H](SCC)O[C@H](COCC3=CC=CC=C3)[C@H]2O[C@H]4[C@H](N=[N+]=[N-])[C@@H](OCC5=CC=CC=C5)[C@H](OCC6=CC=CC=C6)[C@@H](COCC7=CC=CC=C7)O4)N8C(=O)C=9C(C8=O)=CC=CC9,thioglycoside,O([C@H]1[C@@H]([C@@H](OCC2=CC=CC=C2)[C@H](O)[C@@H](COCC3=CC=CC=C3)O1)N4C(=O)C=5C(C4=O)=CC=CC5)[C@H]6[C@H](OCC7=CC=CC=C7)[C@H]([C@H](OC)O[C@@H]6CO[C@H]8[C@@H](OC)[C@H](OCC9=CC=C(OC)C=C9)[C@H](OC(C)=O)[C@H](C)O8)N%10C(=O)C=%11C(C%10=O)=CC=CC%11,Dichloromethane,ClCCl,1,N-Iodosuccinimide,O=C1N(I)C(=O)CC1,1,-20.0,1,15.0,1,b,1,CCS[C@@H]1O[C@H](COCc2ccccc2)[C@@H](O[C@@H]2O[C@H](COCc3ccccc3)[C@@H](OCc3ccccc3)[C@H](OCc3ccccc3)[C@H]2N=[N+]=[N-])[C@H](OCc2ccccc2)[C@H]1N1C(=O)c2ccccc2C1=O,COc1ccc(CO[C@H]2[C@H](OC)[C@H](OC[C@H]3O[C@@H](OC)[C@H](N4C(=O)c5ccccc5C4=O)[C@@H](OCc4ccccc4)[C@@H]3O[C@@H]3O[C@H](COCc4ccccc4)[C@@H](O)[C@H](OCc4ccccc4)[C@H]3N3C(=O)c4ccccc4C3=O)O[C@@H](C)[C@H]2OC(C)=O)cc1,63CE8E4C
796,"Tetrahedron Letters (2010), 51(14), 1910-1913",期刊,2010,31-013-CAS-12921527,O(CC1=CC=CC=C1)[C@@H]2[C@@H](OC(=O)C3=CC=CC=C3)[C@H](SC4=CC=C(C)C=C4)O[C@H](COCC5=CC=CC=C5)[C@@H]2OCC6=CC=CC=C6,thioglycoside,S([C@H]1[C@]2([C@]([C@@H](O)[C@@H](COCC3=CC=CC=C3)O1)(OC(=O)N2CC4=CC=CC=C4)[H])[H])C5=CC=C(C)C=C5,Dichloromethane,ClCCl,1,Sodium thiosulfate,[Na].O=S(=O)(O)S,1,-70.0,1,20.0,1,b,1,Cc1ccc(S[C@@H]2O[C@H](COCc3ccccc3)[C@H](OCc3ccccc3)[C@H](OCc3ccccc3)[C@H]2OC(=O)c2ccccc2)cc1,Cc1ccc(S[C@@H]2O[C@H](COCc3ccccc3)[C@H](O)[C@@H]3OC(=O)N(Cc4ccccc4)[C@H]32)cc1,5804042D
797,"Tetrahedron (2008), 64(7), 1523-1535",期刊,2008,31-013-CAS-7449015,O(C(C)=O)[C@@H]1[C@H]([C@H](SC2=CC(C(C)(C)C)=CC=C2C)O[C@]3([C@]1(O[C@@H](OC3)C4=CC=CC=C4)[H])[H])N5C(=O)C=6C(C5=O)=CC=CC6,thioglycoside,O([C@@H]1[C@H]([C@H](OCCCCCC(OCC)=O)O[C@H](COCC2=CC=CC=C2)[C@H]1O)N3C(=O)C=4C(C3=O)=CC=CC4)[C@H]5[C@@H](OCC6=CC=CC=C6)[C@H](OCC7=CC=CC=C7)[C@H](OCC8=CC=CC=C8)[C@H](C)O5,Dichloromethane,ClCCl,1,Trifluoromethanesulfonic acid,O=S(=O)(O)C(F)(F)F,1,25.0,1,5.0,1,b,1,CC(=O)O[C@H]1[C@@H]2O[C@H](c3ccccc3)OC[C@H]2O[C@@H](Sc2cc(C(C)(C)C)ccc2C)[C@@H]1N1C(=O)c2ccccc2C1=O,CCOC(=O)CCCCCO[C@@H]1O[C@H](COCc2ccccc2)[C@@H](O)[C@H](O[C@@H]2O[C@@H](C)[C@@H](OCc3ccccc3)[C@@H](OCc3ccccc3)[C@@H]2OCc2ccccc2)[C@H]1N1C(=O)c2ccccc2C1=O,6F6DA4CC
798,"Journal of the Chinese Chemical Society (Weinheim, Germany) (2012), 59(3), 269-272",期刊,2012,31-013-CAS-13320268,O(CC1=CC=CC=C1)[C@@H]2[C@H]([C@H](SC3=CC=CC=C3)O[C@H](COCC4=CC=CC=C4)[C@H]2OCC#C[Si](C(C)C)(C(C)C)C(C)C)N5C(=O)C=6C(C5=O)=CC=CC6,thioglycoside,O(CC1=CC=CC=C1)[C@@H]2[C@H]([C@H](N=[N+]=[N-])O[C@H](COCC3=CC=CC=C3)[C@H]2O)N4C(=O)C=5C(C4=O)=CC=CC5,Dichloromethane,ClCCl,1,,,0,,0,,0,b,1,CC(C)[Si](C#CCO[C@H]1[C@H](OCc2ccccc2)[C@@H](N2C(=O)c3ccccc3C2=O)[C@H](Sc2ccccc2)O[C@@H]1COCc1ccccc1)(C(C)C)C(C)C,[N-]=[N+]=N[C@@H]1O[C@H](COCc2ccccc2)[C@@H](O)[C@H](OCc2ccccc2)[C@H]1N1C(=O)c2ccccc2C1=O,958F53B2
799,"Mendeleev Communications (2007), 17(1), 10-13",期刊,2007,31-013-CAS-7358853,O(CC1=CC=CC=C1)[C@@H]2[C@H]([C@H](SCC)O[C@H](COCC3=CC=CC=C3)[C@H]2O[C@H]4[C@H](N=[N+]=[N-])[C@@H](OCC5=CC=CC=C5)[C@H](OCC6=CC=CC=C6)[C@@H](COCC7=CC=CC=C7)O4)N8C(=O)C=9C(C8=O)=CC=CC9,thioglycoside,O(CC1=CC=CC=C1)[C@@H]2[C@H]([C@H](OCC3=CC=CC=C3)O[C@H](CO[C@H]4[C@@H](OC)[C@H](OCC5=CC=C(OC)C=C5)[C@H](OC(C)=O)[C@H](C)O4)[C@H]2O[C@H]6[C@@H]([C@@H](OCC7=CC=CC=C7)[C@H](O)[C@@H](COCC8=CC=CC=C8)O6)N9C(=O)C=%10C(C9=O)=CC=CC%10)N%11C(=O)C=%12C(C%11=O)=CC=CC%12,Dichloromethane,ClCCl,1,N-Iodosuccinimide,O=C1N(I)C(=O)CC1,1,-20.0,1,15.0,1,b,1,CCS[C@@H]1O[C@H](COCc2ccccc2)[C@@H](O[C@@H]2O[C@H](COCc3ccccc3)[C@@H](OCc3ccccc3)[C@H](OCc3ccccc3)[C@H]2N=[N+]=[N-])[C@H](OCc2ccccc2)[C@H]1N1C(=O)c2ccccc2C1=O,COc1ccc(CO[C@H]2[C@H](OC)[C@H](OC[C@H]3O[C@@H](OCc4ccccc4)[C@H](N4C(=O)c5ccccc5C4=O)[C@@H](OCc4ccccc4)[C@@H]3O[C@@H]3O[C@H](COCc4ccccc4)[C@@H](O)[C@H](OCc4ccccc4)[C@H]3N3C(=O)c4ccccc4C3=O)O[C@@H](C)[C@H]2OC(C)=O)cc1,696EC79D
800,"Angewandte Chemie, International Edition (2012), 51(40), 10123-10126, S10123/1-S10123/26",期刊,2012,31-013-CAS-15499890,O(CC1=CC=CC=C1)[C@@H]2[C@H]([C@H](SC3=CC=C(C)C=C3)O[C@H](COCC4=CC=CC=C4)[C@H]2O[Si](C(C)(C)C)(C)C)N5C(=O)C=6C(C5=O)=CC=CC6,thioglycoside,S([C@H]1[C@@H]([C@@H](OC(CCl)=O)[C@H](O)[C@@H](COCC2=CC=CC=C2)O1)N3C(=O)C=4C(C3=O)=CC=CC4)C5=CC=C(C)C=C5,Dichloromethane,ClCCl,1,N-Iodosuccinimide,O=C1N(I)C(=O)CC1,1,25.0,1,120.0,1,b,1,Cc1ccc(S[C@@H]2O[C@H](COCc3ccccc3)[C@@H](O[Si](C)(C)C(C)(C)C)[C@H](OCc3ccccc3)[C@H]2N2C(=O)c3ccccc3C2=O)cc1,Cc1ccc(S[C@@H]2O[C@H](COCc3ccccc3)[C@@H](O)[C@H](OC(=O)CCl)[C@H]2N2C(=O)c3ccccc3C2=O)cc1,97425C6E
801,"Organic Letters (2011), 13(17), 4600-4603",期刊,2011,31-013-CAS-5931180,O(CC1=CC=CC=C1)[C@@H]2[C@H]([C@H](SC3=CC=C(C)C=C3)O[C@H](COCC4=CC=CC=C4)[C@H]2O[Si](C(C)(C)C)(C)C)N5C(=O)C=6C(C5=O)=CC=CC6,thioglycoside,S([C@H]1[C@@H]([C@@H](OC(CCl)=O)[C@H](O)[C@@H](COCC2=CC=CC=C2)O1)N3C(=O)C=4C(C3=O)=CC=CC4)C5=CC=C(C)C=C5,Dichloromethane,ClCCl,1,N-Iodosuccinimide,O=C1N(I)C(=O)CC1,1,-78.0,1,10.0,1,b,1,Cc1ccc(S[C@@H]2O[C@H](COCc3ccccc3)[C@@H](O[Si](C)(C)C(C)(C)C)[C@H](OCc3ccccc3)[C@H]2N2C(=O)c3ccccc3C2=O)cc1,Cc1ccc(S[C@@H]2O[C@H](COCc3ccccc3)[C@@H](O)[C@H](OC(=O)CCl)[C@H]2N2C(=O)c3ccccc3C2=O)cc1,97425C6E
802,"Chemistry - A European Journal (2008), 14(23), 7072-7081",期刊,2008,31-013-CAS-10686625,O(CC1=CC=CC=C1)[C@@H]2[C@H]([C@H](SC3=CC=C(C)C=C3)O[C@H](COCC4=CC=CC=C4)[C@H]2O[C@@H]5[C@@H](OCC6=CC=CC=C6)[C@@H](OC(CCC(C)=O)=O)[C@H](OCC7=CC=CC=C7)[C@@H](COC(CCC(C)=O)=O)O5)N8C(=O)C=9C(C8=O)=CC=CC9,thioglycoside,O(CC1=CC=CC=C1)[C@@H]2[C@H]([C@H](OCC3=CC=CC=C3)O[C@H](CO[C@H]4[C@@H](OCC5=CC=CC=C5)[C@H](OCC6=CC=CC=C6)[C@H](OCC7=CC=CC=C7)[C@H](C)O4)[C@H]2O)N8C(=O)C=9C(C8=O)=CC=CC9,Dichloromethane;Acetonitrile,ClCCl;N#CC,1,Silver triflate,[Ag].O=S(=O)(O)C(F)(F)F,1,25.0,1,30.0,1,b,1,CC(=O)CCC(=O)OC[C@H]1O[C@H](O[C@H]2[C@H](OCc3ccccc3)[C@@H](N3C(=O)c4ccccc4C3=O)[C@H](Sc3ccc(C)cc3)O[C@@H]2COCc2ccccc2)[C@@H](OCc2ccccc2)[C@@H](OC(=O)CCC(C)=O)[C@@H]1OCc1ccccc1,C[C@@H]1O[C@@H](OC[C@H]2O[C@@H](OCc3ccccc3)[C@H](N3C(=O)c4ccccc4C3=O)[C@@H](OCc3ccccc3)[C@@H]2O)[C@@H](OCc2ccccc2)[C@H](OCc2ccccc2)[C@@H]1OCc1ccccc1,C3C2634F
803,"Macromolecular Bioscience (2006), 6(10), 862-872",期刊,2006,31-013-CAS-14868192,O(C(=O)C1=CC=CC=C1)[C@@H]2[C@H]([C@H](SC3=CC=CC=C3)O[C@H](CF)[C@H]2OC(=O)C4=CC=CC=C4)N5C(=O)C=6C(C5=O)=CC=CC6,thioglycoside,O(C(C)=O)[C@@H]1[C@H]([C@H](OCC2=CC=C(OC)C=C2)O[C@H](COC(C)=O)[C@H]1O)N3C(=O)C=4C(C3=O)=CC=CC4,Dichloromethane,ClCCl,1,Silver triflate,[Ag].O=S(=O)(O)C(F)(F)F,1,-40.0,1,900.0,1,b,1,O=C(O[C@H]1[C@H](OC(=O)c2ccccc2)[C@@H](CF)O[C@@H](Sc2ccccc2)[C@@H]1N1C(=O)c2ccccc2C1=O)c1ccccc1,COc1ccc(CO[C@@H]2O[C@H](COC(C)=O)[C@@H](O)[C@H](OC(C)=O)[C@H]2N2C(=O)c3ccccc3C2=O)cc1,E486CEB1
804,"Organic Letters (2021), 23(19), 7313-7318",期刊,2021,31-614-CAS-24299301,O(C(=O)C1=CC=CC=C1)[C@H]2[C@H]([C@@H](COC(OC3=CC=CC=C3)=S)O[C@H](SC4=CC=C(C)C=C4)[C@@H]2N=[N+]=[N-])N5C(=O)C=6C(C5=O)=CC=CC6,thioglycoside,O(C(=O)C1=CC=CC=C1)[C@@H]2[C@@H](OC(=O)C3=CC=CC=C3)[C@H](O[C@@H]4[C@@H](N=[N+]=[N-])[C@]5(O[C@@]([C@@H]4O)(CO5)[H])[H])O[C@]2([C@H](OC(=O)C6=CC=CC=C6)COC(C)=O)[H],Dichloromethane,ClCCl,1,1-(Phenylsulfonyl)piperidine,O=S(=O)(C=1C=CC=CC1)N2CCCCC2,1,-60.0,1,60.0,1,a,0,Cc1ccc(S[C@H]2O[C@H](COC(=S)Oc3ccccc3)[C@H](N3C(=O)c4ccccc4C3=O)[C@H](OC(=O)c3ccccc3)[C@H]2N=[N+]=[N-])cc1,CC(=O)OC[C@@H](OC(=O)c1ccccc1)[C@@H]1O[C@@H](O[C@H]2[C@@H](O)[C@H]3CO[C@H](O3)[C@@H]2N=[N+]=[N-])[C@H](OC(=O)c2ccccc2)[C@H]1OC(=O)c1ccccc1,3E8054AF
805,"Proceedings of the National Academy of Sciences of the United States of America (2019), 116(8), 2837-2842",期刊,2019,31-013-CAS-20404994,N(C(OCC(Cl)(Cl)Cl)=O)[C@@H]1[C@@H](OC(C)=O)[C@@H](OC(C)=O)[C@@H](COC(C)=O)O[C@H]1SCC,thioglycoside,O(C(C)=O)[C@@H]1[C@H]([C@H](OCCOCCOCCN=[N+]=[N-])O[C@H](COCC2=CC=CC=C2)[C@H]1O)N3C(=O)C=4C(C3=O)=CC=CC4,Dichloromethane,ClCCl,1,Triethylamine,N(CC)(CC)CC,1,-20.0,1,60.0,1,b,1,CCS[C@@H]1O[C@H](COC(C)=O)[C@H](OC(C)=O)[C@H](OC(C)=O)[C@H]1NC(=O)OCC(Cl)(Cl)Cl,CC(=O)O[C@H]1[C@H](O)[C@@H](COCc2ccccc2)O[C@@H](OCCOCCOCCN=[N+]=[N-])[C@@H]1N1C(=O)c2ccccc2C1=O,5C9213DC
806,"Bioorganic & Medicinal Chemistry (2014), 22(4), 1394-1403",期刊,2014,31-013-CAS-11253742,O(CC1=CC=C(OC)C=C1)[C@@H]2[C@H]([C@H](SC3=CC=CC=C3)O[C@H](CN4C(=O)C=5C(C4=O)=CC=CC5)[C@@H]2OC(CCl)=O)N6C(=O)C=7C(C6=O)=CC=CC7,thioglycoside,O(CC1=CC=C(OC)C=C1)[C@@H]2[C@H]([C@H](OCCCBr)O[C@H](CN3C(=O)C=4C(C3=O)=CC=CC4)[C@@H]2O[C@H]5[C@@H]([C@@H](OCC6=CC=C(OC)C=C6)[C@@H](O)[C@@H](CN7C(=O)C=8C(C7=O)=CC=CC8)O5)N9C(=O)C=%10C(C9=O)=CC=CC%10)N%11C(=O)C=%12C(C%11=O)=CC=CC%12,Dichloromethane;Methanol;Diethyl ether,ClCCl;OC;O(CC)CC,1,Trifluoromethanesulfonic acid,O=S(=O)(O)C(F)(F)F,1,0.0,1,,0,b,1,COc1ccc(CO[C@H]2[C@@H](OC(=O)CCl)[C@@H](CN3C(=O)c4ccccc4C3=O)O[C@@H](Sc3ccccc3)[C@@H]2N2C(=O)c3ccccc3C2=O)cc1,COc1ccc(CO[C@H]2[C@@H](O)[C@@H](CN3C(=O)c4ccccc4C3=O)O[C@@H](O[C@@H]3[C@H](OCc4ccc(OC)cc4)[C@@H](N4C(=O)c5ccccc5C4=O)[C@H](OCCCBr)O[C@@H]3CN3C(=O)c4ccccc4C3=O)[C@@H]2N2C(=O)c3ccccc3C2=O)cc1,D360DCBC
807,"Journal of Carbohydrate Chemistry (2002), 21(5), 385-409",期刊,2002,31-013-CAS-1120171,O([C@@]1(C(OC)=O)O[C@@]([C@@H]([C@@H](COC(C)=O)OC(C)=O)OC(C)=O)([C@H](NC(C)=O)[C@@H](OC(C)=O)C1)[H])[C@H]2[C@@H](OC(=O)C3=CC=CC=C3)[C@@H](COC(=O)C4=CC=CC=C4)O[C@@H](SC)[C@@H]2OC(=O)C5=CC=CC=C5,thioglycoside,O([C@@H]1[C@@H](OCC2=CC=CC=C2)[C@H](O[C@H]3[C@H](OCC4=CC=CC=C4)[C@@H](OCC5=CC=CC=C5)[C@H](OCC[Si](C)(C)C)O[C@@H]3COCC6=CC=CC=C6)O[C@H](COCC7=CC=CC=C7)[C@@H]1OCC8=CC=CC=C8)[C@H]9[C@H](NC(=O)C%10=CC=CC=C%10)[C@@H](OCC%11=CC=CC=C%11)[C@H](O)[C@@H](COCC%12=CC=CC=C%12)O9,Dichloromethane,ClCCl,1,Triethylamine,N(CC)(CC)CC,1,25.0,1,360.0,1,b,1,COC(=O)[C@@]1(O[C@H]2[C@@H](OC(=O)c3ccccc3)[C@@H](COC(=O)c3ccccc3)O[C@@H](SC)[C@@H]2OC(=O)c2ccccc2)C[C@H](OC(C)=O)[C@@H](NC(C)=O)[C@H]([C@H](OC(C)=O)[C@@H](COC(C)=O)OC(C)=O)O1,C[Si](C)(C)CCO[C@@H]1O[C@H](COCc2ccccc2)[C@@H](O[C@@H]2O[C@H](COCc3ccccc3)[C@H](OCc3ccccc3)[C@H](O[C@@H]3O[C@H](COCc4ccccc4)[C@@H](O)[C@H](OCc4ccccc4)[C@H]3NC(=O)c3ccccc3)[C@H]2OCc2ccccc2)[C@H](OCc2ccccc2)[C@H]1OCc1ccccc1,AABA18FE
808,"Organic & Biomolecular Chemistry (2010), 8(1), 128-136",期刊,2010,31-013-CAS-7286890,O(CC1=CC=CC=C1)[C@H]2[C@H](OCC3=CC=CC=C3)[C@@H](SC4=CC=C(Cl)C=C4)O[C@@H](C)[C@H]2OCC5=CC=CC=C5,thioglycoside,O([C@@H]1[C@H]([C@H](SC2=CC=C(Cl)C=C2)O[C@H](COCC3=CC=CC=C3)[C@H]1O)N4C(=O)C=5C(C4=O)=CC=CC5)[C@H]6[C@H](OC(C)=O)[C@@H](OC(C)=O)[C@@H](OC(C)=O)[C@@H](COC(C)=O)O6,Dichloromethane,ClCCl,1,Trifluoromethanesulfonic acid,O=S(=O)(O)C(F)(F)F,1,-30.0,1,60.0,1,a,0,C[C@@H]1O[C@H](Sc2ccc(Cl)cc2)[C@@H](OCc2ccccc2)[C@H](OCc2ccccc2)[C@@H]1OCc1ccccc1,CC(=O)OC[C@H]1O[C@@H](O[C@H]2[C@H](O)[C@@H](COCc3ccccc3)O[C@@H](Sc3ccc(Cl)cc3)[C@@H]2N2C(=O)c3ccccc3C2=O)[C@H](OC(C)=O)[C@@H](OC(C)=O)[C@H]1OC(C)=O,7C2BD439
809,"Tetrahedron Letters (2019), 60(12), 860-863",期刊,2019,31-013-CAS-20150689,O([C@@H]1[C@H]([C@H](SCC)O[C@]2([C@]1(O[C@@H](OC2)C3=CC=CC=C3)[H])[H])N4C(=O)C=5C(C4=O)=CC=CC5)[C@H]6[C@@H](N=[N+]=[N-])[C@H](OCC7=CC=CC=C7)[C@@H](OCC8=CC=CC=C8)[C@H](C)O6,thioglycoside,O(CC1=CC=CC=C1)[C@@H]2[C@@H](OCC3=CC=CC=C3)[C@@H](OC4=CC=C(OC)C=C4)O[C@H](CO[C@@H]5[C@H](N=[N+]=[N-])[C@@H](O[C@H]6[C@@H](N=[N+]=[N-])[C@H](OCC7=CC=CC=C7)[C@H](OCC8=CC=CC=C8)[C@H](C)O6)[C@@H](O)[C@@H](COCC9=CC=CC=C9)O5)[C@H]2OCC%10=CC=CC=C%10,Dichloromethane,ClCCl,1,N-Iodosuccinimide,O=C1N(I)C(=O)CC1,1,25.0,1,60.0,1,b,1,CCS[C@@H]1O[C@@H]2CO[C@@H](c3ccccc3)O[C@H]2[C@H](O[C@@H]2O[C@@H](C)[C@H](OCc3ccccc3)[C@@H](OCc3ccccc3)[C@@H]2N=[N+]=[N-])[C@H]1N1C(=O)c2ccccc2C1=O,COc1ccc(O[C@H]2O[C@H](CO[C@H]3O[C@H](COCc4ccccc4)[C@H](O)[C@H](O[C@@H]4O[C@@H](C)[C@@H](OCc5ccccc5)[C@@H](OCc5ccccc5)[C@@H]4N=[N+]=[N-])[C@H]3N=[N+]=[N-])[C@@H](OCc3ccccc3)[C@H](OCc3ccccc3)[C@H]2OCc2ccccc2)cc1,7ACA3A45
810,"Carbohydrate Research (2006), 341(10), 1363-1369",期刊,2006,31-013-CAS-15100866,N(=[N+]=[N-])[C@H]1[C@@H](OC(C)=O)[C@@H](COC(C)=O)O[C@@H](SC)[C@@H]1OC(C)=O,thioglycoside,O=C1N(C(=O)C=2C1=C(Cl)C(Cl)=C(Cl)C2Cl)[C@H]3[C@H](OCCBr)O[C@H](COC(C)=O)[C@@H](O)[C@@H]3O,Dichloromethane,ClCCl,1,Trifluoromethanesulfonic acid,O=S(=O)(O)C(F)(F)F,1,-42.0,1,80.0,1,b,1,CS[C@@H]1O[C@H](COC(C)=O)[C@H](OC(C)=O)[C@H](N=[N+]=[N-])[C@H]1OC(C)=O,CC(=O)OC[C@H]1O[C@@H](OCCBr)[C@H](N2C(=O)c3c(Cl)c(Cl)c(Cl)c(Cl)c3C2=O)[C@@H](O)[C@@H]1O,367604D3
811,"Journal of the American Chemical Society (2009), 131(46), 16669-16671",期刊,2009,31-614-CAS-24965173,O(CC1=CC=C(OC)C=C1)[C@H]2[C@]3([C@](O[C@H](S(=O)(=O)C4=CC=CC=C4)[C@H]2OCC5=CC=CC=C5)(CO[C@H](O3)C6=CC=CC=C6)[H])[H],thioglycoside,O(CC1=CC=CC=C1)[C@@H]2[C@H]([C@H](OCC3=CC=CC=C3)O[C@H](CO[Si](C(C)(C)C)(C4=CC=CC=C4)C5=CC=CC=C5)[C@H]2O[C@H]6[C@@H]([C@@H](OCC7=CC=CC=C7)[C@H](O)[C@@H](COCC8=CC=CC=C8)O6)N9C(=O)C=%10C(C9=O)=CC=CC%10)N%11C(=O)C=%12C(C%11=O)=CC=CC%12,Dichloromethane,ClCCl,1,Triethylamine,N(CC)(CC)CC,1,-70.0,1,45.0,1,b,1,COc1ccc(CO[C@H]2[C@@H]3O[C@H](c4ccccc4)OC[C@H]3O[C@H](S(=O)(=O)c3ccccc3)[C@H]2OCc2ccccc2)cc1,CC(C)(C)[Si](OC[C@H]1O[C@@H](OCc2ccccc2)[C@H](N2C(=O)c3ccccc3C2=O)[C@@H](OCc2ccccc2)[C@@H]1O[C@@H]1O[C@H](COCc2ccccc2)[C@@H](O)[C@H](OCc2ccccc2)[C@H]1N1C(=O)c2ccccc2C1=O)(c1ccccc1)c1ccccc1,72A26897
812,"Carbohydrate Research (2019), 485, 107817",期刊,2019,31-013-CAS-20839029,O(CC1=CC=CC=C1)[C@H]2[C@]3([C@@]([C@H](C)O[C@@H]2SC4=CC=C(C)C=C4)(OC(C)(C)O3)[H])[H],thioglycoside,O([C@H]1[C@@H]([C@@H](OC(C)=O)[C@H](OC(C)=O)[C@@H](COC(C)=O)O1)N2C(=O)C=3C(C2=O)=CC=CC3)[C@@H]4[C@H]([C@H](OCCN=[N+]=[N-])O[C@H](COCC5=CC=CC=C5)[C@H]4O)N6C(=O)C=7C(C6=O)=CC=CC7,Dichloromethane,ClCCl,1,N-Iodosuccinimide,O=C1N(I)C(=O)CC1,1,25.0,1,25.0,1,a,0,Cc1ccc(S[C@H]2O[C@@H](C)[C@H]3OC(C)(C)O[C@H]3[C@@H]2OCc2ccccc2)cc1,CC(=O)OC[C@H]1O[C@@H](O[C@H]2[C@H](O)[C@@H](COCc3ccccc3)O[C@@H](OCCN=[N+]=[N-])[C@@H]2N2C(=O)c3ccccc3C2=O)[C@H](N2C(=O)c3ccccc3C2=O)[C@@H](OC(C)=O)[C@@H]1OC(C)=O,B3372373
813,"Journal of Carbohydrate Chemistry (2001), 20(7 & 8), 569-583",期刊,2001,31-013-CAS-6359962,O(C(C)=O)[C@H]1[C@@H](OC(C)=O)[C@@H](COCC2=CC=CC=C2)O[C@@H](SCC)[C@@H]1OC(C)=O,thioglycoside,O=C1N(C(=O)C=2C1=C(Cl)C(Cl)=C(Cl)C2Cl)[C@H]3[C@H](SCC)O[C@H](COCC4=CC=CC=C4)[C@@H](O)[C@@H]3O,Dichloromethane,ClCCl,1,Silver triflate,[Ag].O=S(=O)(O)C(F)(F)F,1,,0,,0,b,1,CCS[C@@H]1O[C@H](COCc2ccccc2)[C@H](OC(C)=O)[C@H](OC(C)=O)[C@H]1OC(C)=O,CCS[C@@H]1O[C@H](COCc2ccccc2)[C@@H](O)[C@H](O)[C@H]1N1C(=O)c2c(Cl)c(Cl)c(Cl)c(Cl)c2C1=O,55CC8FC8
814,"Tetrahedron Letters (2010), 51(14), 1910-1913",期刊,2010,31-013-CAS-10791991,O(CC1=CC=CC=C1)[C@@H]2[C@@H](OC(CCC(C)=O)=O)[C@H](SC3=CC=C(C)C=C3)O[C@H](COCC4=CC=CC=C4)[C@@H]2OCC5=CC=CC=C5,thioglycoside,S([C@H]1[C@]2([C@]([C@@H](O)[C@@H](COCC3=CC=CC=C3)O1)(OC(=O)N2CC4=CC=CC=C4)[H])[H])C5=CC=C(C)C=C5,Dichloromethane,ClCCl,1,Sodium thiosulfate,[Na].O=S(=O)(O)S,1,-65.0,1,20.0,1,b,1,CC(=O)CCC(=O)O[C@@H]1[C@@H](OCc2ccccc2)[C@@H](OCc2ccccc2)[C@@H](COCc2ccccc2)O[C@H]1Sc1ccc(C)cc1,Cc1ccc(S[C@@H]2O[C@H](COCc3ccccc3)[C@H](O)[C@@H]3OC(=O)N(Cc4ccccc4)[C@H]32)cc1,62418A59
815,"Organic Letters (2015), 17(6), 1525-1528",期刊,2015,31-013-CAS-4102089,O(C(C)=O)[C@@H]1[C@H]([C@H](SC2=CC=C(C)C=C2)O[C@H](COC(C)=O)[C@H]1OC(C)=O)N3C(=O)C=4C(C3=O)=CC=CC4,thioglycoside,S([C@H]1[C@@H]([C@@H](OCC2=CC=CC=C2)[C@H](O)[C@@H](COCC3=CC=CC=C3)O1)N4C(=O)C=5C(C4=O)=CC=CC5)C6=CC=C(F)C=C6,Dichloromethane,ClCCl,1,Trifluoromethanesulfonic acid,O=S(=O)(O)C(F)(F)F,1,-80.0,1,80.0,1,b,1,CC(=O)OC[C@H]1O[C@@H](Sc2ccc(C)cc2)[C@H](N2C(=O)c3ccccc3C2=O)[C@@H](OC(C)=O)[C@@H]1OC(C)=O,O=C1c2ccccc2C(=O)N1[C@@H]1[C@@H](OCc2ccccc2)[C@H](O)[C@@H](COCc2ccccc2)O[C@H]1Sc1ccc(F)cc1,4EBBF4CF
816,"Journal of Carbohydrate Chemistry (2002), 21(5), 385-409",期刊,2002,31-013-CAS-491815,O([C@@]1(C(OC)=O)O[C@@]([C@@H]([C@@H](COC(C)=O)OC(C)=O)OC(C)=O)([C@H](NC(C)=O)[C@@H](OC(C)=O)C1)[H])[C@H]2[C@@H](OC(=O)C3=CC=CC=C3)[C@@H](COC(=O)C4=CC=CC=C4)O[C@@H](SC)[C@@H]2OC(=O)C5=CC=CC=C5,thioglycoside,O([C@@H]1[C@@H](OCC2=CC=CC=C2)[C@H](O[C@H]3[C@H](OCC4=CC=CC=C4)[C@@H](OCC5=CC=CC=C5)[C@H](OCC[Si](C)(C)C)O[C@@H]3COCC6=CC=CC=C6)O[C@H](COCC7=CC=CC=C7)[C@@H]1OCC8=CC=CC=C8)[C@H]9[C@H](NC(CCCCCCC)=O)[C@@H](OCC%10=CC=CC=C%10)[C@H](O)[C@@H](COCC%11=CC=CC=C%11)O9,Dichloromethane,ClCCl,1,Triethylamine,N(CC)(CC)CC,1,25.0,1,360.0,1,b,1,COC(=O)[C@@]1(O[C@H]2[C@@H](OC(=O)c3ccccc3)[C@@H](COC(=O)c3ccccc3)O[C@@H](SC)[C@@H]2OC(=O)c2ccccc2)C[C@H](OC(C)=O)[C@@H](NC(C)=O)[C@H]([C@H](OC(C)=O)[C@@H](COC(C)=O)OC(C)=O)O1,CCCCCCCC(=O)N[C@H]1[C@H](O[C@H]2[C@@H](OCc3ccccc3)[C@@H](COCc3ccccc3)O[C@@H](O[C@H]3[C@H](OCc4ccccc4)[C@@H](OCc4ccccc4)[C@H](OCC[Si](C)(C)C)O[C@@H]3COCc3ccccc3)[C@@H]2OCc2ccccc2)O[C@H](COCc2ccccc2)[C@@H](O)[C@@H]1OCc1ccccc1,DF33194D
817,"World Intellectual Property Organization, WO2009046314 A2 2009-04-09",专利,2009,31-301-CAS-14089757,O(CC1=CC=CC=C1)[C@@H]2[C@@H](OC(=O)C3=CC=CC=C3)[C@H](S(=O)C4=CC=CC=C4)O[C@H](C(OCC[Si](C)(C)C)=O)[C@@H]2OCC5=CC=CC=C5,thioglycoside,O=C1N(C(=O)C=2C1=C(Cl)C(Cl)=C(Cl)C2Cl)[C@H]3[C@H](SC4=CC=CC=C4)O[C@H](C)[C@@H](O)[C@@H]3O,Dichloromethane,ClCCl,1,Methyleugenol,O(C1=CC=C(C=C1OC)CC=C)C,1,25.0,1,60.0,1,b,1,C[Si](C)(C)CCOC(=O)[C@H]1O[C@@H](S(=O)c2ccccc2)[C@H](OC(=O)c2ccccc2)[C@@H](OCc2ccccc2)[C@H]1OCc1ccccc1,C[C@H]1O[C@@H](Sc2ccccc2)[C@H](N2C(=O)c3c(Cl)c(Cl)c(Cl)c(Cl)c3C2=O)[C@@H](O)[C@@H]1O,0E97B466
818,"Journal of the American Chemical Society (2006), 128(47), 15084-15085",期刊,2006,31-301-CAS-2081601,O(CC1=CC=CC=C1)[C@@H]2[C@@H](OC(=O)C3=CC=CC=C3)[C@H](S(=O)C4=CC=CC=C4)O[C@H](C(OCC[Si](C)(C)C)=O)[C@@H]2OCC5=CC=CC=C5,thioglycoside,O=C1N(C(=O)C=2C1=C(Cl)C(Cl)=C(Cl)C2Cl)[C@H]3[C@H](SC4=CC=CC=C4)O[C@H](C)[C@@H](O)[C@@H]3O,Dichloromethane,ClCCl,1,Methyleugenol,O(C1=CC=C(C=C1OC)CC=C)C,1,25.0,1,60.0,1,b,1,C[Si](C)(C)CCOC(=O)[C@H]1O[C@@H](S(=O)c2ccccc2)[C@H](OC(=O)c2ccccc2)[C@@H](OCc2ccccc2)[C@H]1OCc1ccccc1,C[C@H]1O[C@@H](Sc2ccccc2)[C@H](N2C(=O)c3c(Cl)c(Cl)c(Cl)c(Cl)c3C2=O)[C@@H](O)[C@@H]1O,0E97B466
819,"Tetrahedron Letters (2010), 51(14), 1910-1913",期刊,2010,31-013-CAS-6531232,O(CC1=CC=CC=C1)[C@@H]2[C@@H](OCC3=CC=CC=C3)[C@H](SC4=CC=C(C)C=C4)O[C@H](COC(CCC(C)=O)=O)[C@@H]2OCC5=CC=CC=C5,thioglycoside,S([C@H]1[C@]2([C@]([C@@H](O)[C@@H](COCC3=CC=CC=C3)O1)(OC(=O)N2CC4=CC=CC=C4)[H])[H])C5=CC=C(C)C=C5,Dichloromethane,ClCCl,1,Sodium thiosulfate,[Na].O=S(=O)(O)S,1,-70.0,1,20.0,1,a,0,CC(=O)CCC(=O)OC[C@H]1O[C@@H](Sc2ccc(C)cc2)[C@H](OCc2ccccc2)[C@@H](OCc2ccccc2)[C@H]1OCc1ccccc1,Cc1ccc(S[C@@H]2O[C@H](COCc3ccccc3)[C@H](O)[C@@H]3OC(=O)N(Cc4ccccc4)[C@H]32)cc1,01643C96
820,"Chemistry - A European Journal (2002), 8(14), 3076-3084",期刊,2002,31-013-CAS-14818016,O(C(CCl)=O)[C@@H]1[C@@H](OC(=O)C2=CC=C(C)C=C2)[C@H](SC3=CC=CC=C3)O[C@H](COCC4=CC=CC=C4)[C@@H]1OCC5=CC=CC=C5,thioglycoside,O([C@H]1[C@@H]([C@@H](OCC2=CC=CC=C2)[C@H](O)[C@@H](COCC3=CC(N(=O)=O)=C(O)C=C3)O1)N4C(=O)C=5C(C4=O)=CC=CC5)C6=CC=C(OC)C=C6,Dichloromethane,ClCCl,1,,,0,,0,,0,b,1,Cc1ccc(C(=O)O[C@@H]2[C@@H](OC(=O)CCl)[C@@H](OCc3ccccc3)[C@@H](COCc3ccccc3)O[C@H]2Sc2ccccc2)cc1,COc1ccc(O[C@@H]2O[C@H](COCc3ccc(O)c([N+](=O)[O-])c3)[C@@H](O)[C@H](OCc3ccccc3)[C@H]2N2C(=O)c3ccccc3C2=O)cc1,FEDB85BC
821,"Chemical Communications (Cambridge, United Kingdom) (2017), 53(4), 771-774",期刊,2017,31-013-CAS-16968436,O(C(C)=O)[C@@H]1[C@H]([C@H](SC2=CC=C(C)C=C2)O[C@]3([C@]1(O[C@@H](OC3)C4=CC=CC=C4)[H])[H])N5C(=O)C=6C(C5=O)=CC=CC6,thioglycoside,N(C(C)=O)[C@@H]1[C@@H](O[C@@H](C(N[C@H](C(OCC[Si](C)(C)C)=O)C)=O)C)[C@H](O)[C@@H](COC(C)=O)O[C@@H]1OCC2=CC=CC=C2,Dichloromethane,ClCCl,1,Trimethylsilyl triflate,O=S(=O)(O[Si](C)(C)C)C(F)(F)F,1,-78.0,1,120.0,1,b,1,CC(=O)O[C@H]1[C@@H]2O[C@H](c3ccccc3)OC[C@H]2O[C@@H](Sc2ccc(C)cc2)[C@@H]1N1C(=O)c2ccccc2C1=O,CC(=O)N[C@H]1[C@@H](OCc2ccccc2)O[C@H](COC(C)=O)[C@@H](O)[C@@H]1O[C@H](C)C(=O)N[C@@H](C)C(=O)OCC[Si](C)(C)C,83B0B8F8
822,"Journal of the American Chemical Society (2013), 135(41), 15382-15391",期刊,2013,31-013-CAS-1922953,O(CC1=CC=C(OC)C=C1)[C@H]2[C@]3([C@](O[C@@H](SC4=CC=C(C)C=C4)[C@@H]2OC(CCC(C)=O)=O)(CO[C@H](O3)C5=CC=CC=C5)[H])[H],thioglycoside,O(CC1=CC=CC=C1)[C@@H]2[C@H]([C@H](OCCCCCN=[N+]=[N-])O[C@H](COCC3=CC=CC=C3)[C@H]2O[C@H]4[C@@H]([C@@H](OCC5=CC=CC=C5)[C@H](O)[C@@H](COCC6=CC=CC=C6)O4)N7C(=O)C=8C(C7=O)=CC=CC8)N9C(=O)C=%10C(C9=O)=CC=CC%10,Dichloromethane,ClCCl,1,Trifluoromethanesulfonic acid,O=S(=O)(O)C(F)(F)F,1,25.0,1,60.0,1,b,1,COc1ccc(CO[C@@H]2[C@@H](OC(=O)CCC(C)=O)[C@H](Sc3ccc(C)cc3)O[C@@H]3CO[C@@H](c4ccccc4)O[C@@H]23)cc1,[N-]=[N+]=NCCCCCO[C@@H]1O[C@H](COCc2ccccc2)[C@@H](O[C@@H]2O[C@H](COCc3ccccc3)[C@@H](O)[C@H](OCc3ccccc3)[C@H]2N2C(=O)c3ccccc3C2=O)[C@H](OCc2ccccc2)[C@H]1N1C(=O)c2ccccc2C1=O,6CAF3CF1
823,"Journal of Carbohydrate Chemistry (2001), 20(7 & 8), 569-583",期刊,2001,31-013-CAS-6699934,O(C(C)=O)[C@H]1[C@@H](OC(C)=O)[C@@H](COCC2=CC=CC=C2)O[C@@H](SCC)[C@@H]1OC(C)=O,thioglycoside,O=C1N(C(=O)C=2C1=C(Cl)C(Cl)=C(Cl)C2Cl)[C@H]3[C@H](OCCCC=C)O[C@H](COCC4=CC=CC=C4)[C@@H](O)[C@@H]3O,Dichloromethane,ClCCl,1,Silver triflate,[Ag].O=S(=O)(O)C(F)(F)F,1,,0,,0,b,1,CCS[C@@H]1O[C@H](COCc2ccccc2)[C@H](OC(C)=O)[C@H](OC(C)=O)[C@H]1OC(C)=O,C=CCCCO[C@@H]1O[C@H](COCc2ccccc2)[C@@H](O)[C@H](O)[C@H]1N1C(=O)c2c(Cl)c(Cl)c(Cl)c(Cl)c2C1=O,83330A1B
824,"Angewandte Chemie, International Edition (2004), 43(16), 2145-2148",期刊,2004,31-013-CAS-4982132,O(C(=O)C1=CC=CC=C1)[C@@H]2[C@H]([C@H](SC3=CC=CC=C3)O[C@H](CO[C@H]4[C@@H]([C@@H](OC(C)=O)[C@H](OC(C)=O)[C@@H](COC(C)=O)O4)N5C(=O)C=6C(C5=O)=CC=CC6)[C@H]2OC(=O)C7=CC=CC=C7)N8C(=O)C=9C(C8=O)=CC=CC9,thioglycoside,S([C@H]1[C@@H]([C@@H](OC(C)=O)[C@H](O)[C@@H](COCC2=CC=CC=C2)O1)N3C(=O)C=4C(C3=O)=CC=CC4)C5=CC=CC=C5,Dichloromethane,ClCCl,1,Sodium bicarbonate,[Na].O=C(O)O,1,-60.0,1,30.0,1,b,1,CC(=O)OC[C@H]1O[C@@H](OC[C@H]2O[C@@H](Sc3ccccc3)[C@H](N3C(=O)c4ccccc4C3=O)[C@@H](OC(=O)c3ccccc3)[C@@H]2OC(=O)c2ccccc2)[C@H](N2C(=O)c3ccccc3C2=O)[C@@H](OC(C)=O)[C@@H]1OC(C)=O,CC(=O)O[C@H]1[C@H](O)[C@@H](COCc2ccccc2)O[C@@H](Sc2ccccc2)[C@@H]1N1C(=O)c2ccccc2C1=O,7EE96347
825,"Journal of Carbohydrate Chemistry (2012), 31(3), 203-219",期刊,2012,31-013-CAS-3406433,O(CC1=CC=CC=C1)[C@@H]2[C@H]([C@H](SCC)O[C@H](COCC3=CC=CC=C3)[C@H]2O[C@H]4[C@@H](OCC5=CC=CC=C5)[C@@H](OCC=C)[C@H](OCC6=CC=CC=C6)[C@@H](COCC=C)O4)N7C(=O)C=8C(C7=O)=CC=CC8,thioglycoside,O(CC1=CC=CC=C1)[C@@H]2[C@H]([C@H](N=[N+]=[N-])O[C@H](COCC3=CC=CC=C3)[C@H]2O)N4C(=O)C=5C(C4=O)=CC=CC5,Dichloromethane,ClCCl,1,Methyl triflate,O=S(=O)(OC)C(F)(F)F,1,0.0,1,,0,b,1,C=CCOC[C@H]1O[C@@H](O[C@H]2[C@H](OCc3ccccc3)[C@@H](N3C(=O)c4ccccc4C3=O)[C@H](SCC)O[C@@H]2COCc2ccccc2)[C@@H](OCc2ccccc2)[C@@H](OCC=C)[C@@H]1OCc1ccccc1,[N-]=[N+]=N[C@@H]1O[C@H](COCc2ccccc2)[C@@H](O)[C@H](OCc2ccccc2)[C@H]1N1C(=O)c2ccccc2C1=O,BFF3F025
826,"Beilstein Journal of Organic Chemistry (2017), 13, 919-924",期刊,2017,31-013-CAS-23731804,O([C@H]1[C@@H]([C@@H](OC(C)=O)[C@H](O[C@H]2[C@H](N=[N+]=[N-])[C@@H](OCC3=CC=CC=C3)[C@H](OCC4=CC=CC=C4)[C@@H](COCC5=CC=CC=C5)O2)[C@@H](COCC6=CC=CC=C6)O1)N7C(=O)C=8C(C7=O)=CC=CC8)[C@H]9[C@H](OC(C)=O)[C@H]([C@H](SC%10=CC=C(F)C=C%10)O[C@@H]9COCC%11=CC=CC=C%11)N%12C(=O)C=%13C(C%12=O)=CC=CC%13,thioglycoside,S([C@H]1[C@@H]([C@@H](OC(C)=O)[C@H](O)[C@@H](COCC2=CC=CC=C2)O1)N3C(=O)C=4C(C3=O)=CC=CC4)C5=CC=C(F)C=C5,Dichloromethane,ClCCl,1,Tetrabutylammonium bromide,[Br-].CCCC[N+](CCCC)(CCCC)CCCC,1,-80.0,1,,0,b,1,CC(=O)O[C@H]1[C@H](O[C@@H]2O[C@H](COCc3ccccc3)[C@@H](O[C@@H]3O[C@H](COCc4ccccc4)[C@@H](OCc4ccccc4)[C@H](OCc4ccccc4)[C@H]3N=[N+]=[N-])[C@H](OC(C)=O)[C@H]2N2C(=O)c3ccccc3C2=O)[C@@H](COCc2ccccc2)O[C@@H](Sc2ccc(F)cc2)[C@@H]1N1C(=O)c2ccccc2C1=O,CC(=O)O[C@H]1[C@H](O)[C@@H](COCc2ccccc2)O[C@@H](Sc2ccc(F)cc2)[C@@H]1N1C(=O)c2ccccc2C1=O,1BB96AC9
827,"Chemistry Letters (2005), 34(11), 1556-1557",期刊,2005,31-013-CAS-667641,O(C(C)=O)[C@@H]1[C@H]([C@H](SC2=CC=CC=C2)O[C@H](COC(C)=O)[C@H]1OC(C)=O)N3C(=O)C=4C(C3=O)=CC(Cl)=C(Cl)C4,thioglycoside,S([C@H]1[C@@H]([C@@H](OC(C)=O)[C@H](O)[C@@H](COCC2=CC=CC=C2)O1)N3C(=O)C=4C(C3=O)=CC(Cl)=C(Cl)C4)C5=CC=CC=C5,Dichloromethane,ClCCl,1,Trifluoromethanesulfonic anhydride,O=S(=O)(OS(=O)(=O)C(F)(F)F)C(F)(F)F,1,-60.0,1,30.0,1,b,1,CC(=O)OC[C@H]1O[C@@H](Sc2ccccc2)[C@H](N2C(=O)c3cc(Cl)c(Cl)cc3C2=O)[C@@H](OC(C)=O)[C@@H]1OC(C)=O,CC(=O)O[C@H]1[C@H](O)[C@@H](COCc2ccccc2)O[C@@H](Sc2ccccc2)[C@@H]1N1C(=O)c2cc(Cl)c(Cl)cc2C1=O,ECD57BC1
828,"Journal of the American Chemical Society (2013), 135(45), 16895-16903",期刊,2013,31-013-CAS-8454436,O([C@H]1[C@]2([C@](O[C@@H](SCC)[C@@H]1OC(CCC(C)=O)=O)(CO[C@H](O2)C3=CC=CC=C3)[H])[H])[C@@H]4[C@@H](OC(C)=O)[C@@H](OCC5=CC=CC=C5)[C@H](OCC6=CC=CC=C6)[C@@H](COCC7=CC=CC=C7)O4,thioglycoside,O(CC1=CC=CC=C1)[C@@H]2[C@H]([C@H](SCC)O[C@H](COCC3=CC=CC=C3)[C@H]2O[C@H]4[C@@H]([C@@H](OCC5=CC=CC=C5)[C@H](O)[C@@H](COCC6=CC=CC=C6)O4)N7C(=O)C=8C(C7=O)=CC=CC8)N9C(=O)C=%10C(C9=O)=CC=CC%10,Dichloromethane,ClCCl,1,Trifluoromethanesulfonic anhydride,O=S(=O)(OS(=O)(=O)C(F)(F)F)C(F)(F)F,1,25.0,1,30.0,1,b,1,CCS[C@@H]1O[C@@H]2CO[C@@H](c3ccccc3)O[C@H]2[C@H](O[C@H]2O[C@H](COCc3ccccc3)[C@@H](OCc3ccccc3)[C@H](OCc3ccccc3)[C@@H]2OC(C)=O)[C@H]1OC(=O)CCC(C)=O,CCS[C@@H]1O[C@H](COCc2ccccc2)[C@@H](O[C@@H]2O[C@H](COCc3ccccc3)[C@@H](O)[C@H](OCc3ccccc3)[C@H]2N2C(=O)c3ccccc3C2=O)[C@H](OCc2ccccc2)[C@H]1N1C(=O)c2ccccc2C1=O,02823FC5
829,"Journal of Carbohydrate Chemistry (2002), 21(5), 385-409",期刊,2002,31-013-CAS-5019079,O([C@@]1(C(OC)=O)O[C@@]([C@@H]([C@@H](COC(C)=O)OC(C)=O)OC(C)=O)([C@H](NC(C)=O)[C@@H](OC(C)=O)C1)[H])[C@H]2[C@@H](OC(=O)C3=CC=CC=C3)[C@@H](COC(=O)C4=CC=CC=C4)O[C@@H](SC)[C@@H]2OC(=O)C5=CC=CC=C5,thioglycoside,O([C@@H]1[C@@H](OCC2=CC=CC=C2)[C@H](O[C@H]3[C@H](OCC4=CC=CC=C4)[C@@H](OCC5=CC=CC=C5)[C@H](OCC[Si](C)(C)C)O[C@@H]3COCC6=CC=CC=C6)O[C@H](COCC7=CC=CC=C7)[C@@H]1OCC8=CC=CC=C8)[C@H]9[C@H](NC(CCCCCCCCCCCCCCC)=O)[C@@H](OCC%10=CC=CC=C%10)[C@H](O)[C@@H](COCC%11=CC=CC=C%11)O9,Dichloromethane,ClCCl,1,Triethylamine,N(CC)(CC)CC,1,25.0,1,360.0,1,b,1,COC(=O)[C@@]1(O[C@H]2[C@@H](OC(=O)c3ccccc3)[C@@H](COC(=O)c3ccccc3)O[C@@H](SC)[C@@H]2OC(=O)c2ccccc2)C[C@H](OC(C)=O)[C@@H](NC(C)=O)[C@H]([C@H](OC(C)=O)[C@@H](COC(C)=O)OC(C)=O)O1,CCCCCCCCCCCCCCCC(=O)N[C@H]1[C@H](O[C@H]2[C@@H](OCc3ccccc3)[C@@H](COCc3ccccc3)O[C@@H](O[C@H]3[C@H](OCc4ccccc4)[C@@H](OCc4ccccc4)[C@H](OCC[Si](C)(C)C)O[C@@H]3COCc3ccccc3)[C@@H]2OCc2ccccc2)O[C@H](COCc2ccccc2)[C@@H](O)[C@@H]1OCc1ccccc1,B7D0E7F9
830,"Journal of Carbohydrate Chemistry (2002), 21(5), 385-409",期刊,2002,31-013-CAS-14176615,O([C@@]1(C(OC)=O)O[C@@]([C@@H]([C@@H](COC(C)=O)OC(C)=O)OC(C)=O)([C@H](NC(C)=O)[C@@H](OC(C)=O)C1)[H])[C@H]2[C@@H](OC(=O)C3=CC=CC=C3)[C@@H](COC(=O)C4=CC=CC=C4)O[C@@H](SC)[C@@H]2OC(=O)C5=CC=CC=C5,thioglycoside,O([C@@H]1[C@@H](OCC2=CC=CC=C2)[C@H](O[C@H]3[C@H](OCC4=CC=CC=C4)[C@@H](OCC5=CC=CC=C5)[C@H](OCC[Si](C)(C)C)O[C@@H]3COCC6=CC=CC=C6)O[C@H](COCC7=CC=CC=C7)[C@@H]1OCC8=CC=CC=C8)[C@H]9[C@H](NC(CCCCCCCCCCC)=O)[C@@H](OCC%10=CC=CC=C%10)[C@H](O)[C@@H](COCC%11=CC=CC=C%11)O9,Dichloromethane,ClCCl,1,Triethylamine,N(CC)(CC)CC,1,25.0,1,360.0,1,b,1,COC(=O)[C@@]1(O[C@H]2[C@@H](OC(=O)c3ccccc3)[C@@H](COC(=O)c3ccccc3)O[C@@H](SC)[C@@H]2OC(=O)c2ccccc2)C[C@H](OC(C)=O)[C@@H](NC(C)=O)[C@H]([C@H](OC(C)=O)[C@@H](COC(C)=O)OC(C)=O)O1,CCCCCCCCCCCC(=O)N[C@H]1[C@H](O[C@H]2[C@@H](OCc3ccccc3)[C@@H](COCc3ccccc3)O[C@@H](O[C@H]3[C@H](OCc4ccccc4)[C@@H](OCc4ccccc4)[C@H](OCC[Si](C)(C)C)O[C@@H]3COCc3ccccc3)[C@@H]2OCc2ccccc2)O[C@H](COCc2ccccc2)[C@@H](O)[C@@H]1OCc1ccccc1,745ACB4C
831,"Journal of Organic Chemistry (2000), 65(10), 3064-3073",期刊,2000,31-013-CAS-13135500,O(C(C)=O)[C@@H]1[C@@H](NC(OCC(Cl)(Cl)Cl)=O)[C@H](SC2=CC=CC=C2)O[C@H](COC(C)=O)[C@@H]1OC(C)=O,thioglycoside,O(CC1=CC=CC=C1)[C@@H]2[C@H]([C@H](OCCCCCCCl)O[C@H](COCC3=CC=CC=C3)[C@H]2O)N4C(=O)C=5C(C4=O)=CC=CC5,Dichloromethane,ClCCl,1,Silver triflate,[Ag].O=S(=O)(O)C(F)(F)F,1,,0,,0,b,1,CC(=O)OC[C@H]1O[C@@H](Sc2ccccc2)[C@H](NC(=O)OCC(Cl)(Cl)Cl)[C@@H](OC(C)=O)[C@H]1OC(C)=O,O=C1c2ccccc2C(=O)N1[C@H]1[C@H](OCCCCCCCl)O[C@H](COCc2ccccc2)[C@@H](O)[C@@H]1OCc1ccccc1,1D2B882F
832,"Organic Letters (2001), 3(6), 913-915",期刊,2001,31-013-CAS-14582829,O(C(C)=O)[C@@H]1[C@@H](OC(C)=O)[C@H](SC2=CC=CC=C2)O[C@H](COCC3=CC=CC=C3)[C@@H]1OC(C)=O,thioglycoside,O=C1N(C(=O)C=2C1=C(Cl)C(Cl)=C(Cl)C2Cl)[C@H]3[C@H](OC4=CC=C(OC)C=C4)O[C@H](COCC5=CC=CC=C5)[C@@H](O)[C@@H]3O,Dichloromethane;Acetonitrile,ClCCl;N#CC,1,Silver triflate,[Ag].O=S(=O)(O)C(F)(F)F,1,,0,,0,b,1,CC(=O)O[C@H]1[C@@H](OC(C)=O)[C@@H](COCc2ccccc2)O[C@@H](Sc2ccccc2)[C@@H]1OC(C)=O,COc1ccc(O[C@@H]2O[C@H](COCc3ccccc3)[C@@H](O)[C@H](O)[C@H]2N2C(=O)c3c(Cl)c(Cl)c(Cl)c(Cl)c3C2=O)cc1,3AB9F07E
833,"Angewandte Chemie, International Edition (2004), 43(16), 2145-2148",期刊,2004,31-013-CAS-4942088,O([C@H]1[C@@H]([C@@H](OC(=O)C2=CC=CC=C2)[C@H](OC(=O)C3=CC=CC=C3)[C@@H](CO[C@H]4[C@@H]([C@@H](OC(C)=O)[C@H](OC(C)=O)[C@@H](COC(C)=O)O4)N5C(=O)C=6C(C5=O)=CC=CC6)O1)N7C(=O)C=8C(C7=O)=CC=CC8)[C@H]9[C@H](OC(C)=O)[C@H]([C@H](SC%10=CC=CC=C%10)O[C@@H]9COCC%11=CC=CC=C%11)N%12C(=O)C=%13C(C%12=O)=CC=CC%13,thioglycoside,S([C@H]1[C@@H]([C@@H](OC(C)=O)[C@H](O)[C@@H](COCC2=CC=CC=C2)O1)N3C(=O)C=4C(C3=O)=CC=CC4)C5=CC=CC=C5,Dichloromethane,ClCCl,1,Sodium bicarbonate,[Na].O=C(O)O,1,-60.0,1,30.0,1,b,1,CC(=O)OC[C@H]1O[C@@H](OC[C@H]2O[C@@H](O[C@H]3[C@H](OC(C)=O)[C@@H](N4C(=O)c5ccccc5C4=O)[C@H](Sc4ccccc4)O[C@@H]3COCc3ccccc3)[C@H](N3C(=O)c4ccccc4C3=O)[C@@H](OC(=O)c3ccccc3)[C@@H]2OC(=O)c2ccccc2)[C@H](N2C(=O)c3ccccc3C2=O)[C@@H](OC(C)=O)[C@@H]1OC(C)=O,CC(=O)O[C@H]1[C@H](O)[C@@H](COCc2ccccc2)O[C@@H](Sc2ccccc2)[C@@H]1N1C(=O)c2ccccc2C1=O,797412DE
834,"Angewandte Chemie, International Edition (2004), 43(16), 2145-2148",期刊,2004,31-013-CAS-8624016,O([C@H]1[C@@H]([C@@H](OC(C)=O)[C@H](OC(C)=O)[C@@H](COC(C)=O)O1)N2C(=O)C=3C(C2=O)=CC=CC3)[C@H]4[C@H](OC(C)=O)[C@H]([C@H](OC[C@@H]5[C@@H](OC(=O)C6=CC=CC=C6)[C@H](OC(=O)C7=CC=CC=C7)[C@H]([C@H](SC8=CC=CC=C8)O5)N9C(=O)C=%10C(C9=O)=CC=CC%10)O[C@@H]4COCC%11=CC=CC=C%11)N%12C(=O)C=%13C(C%12=O)=CC=CC%13,thioglycoside,S([C@H]1[C@@H]([C@@H](OC(C)=O)[C@H](O)[C@@H](COCC2=CC=CC=C2)O1)N3C(=O)C=4C(C3=O)=CC=CC4)C5=CC=CC=C5,Dichloromethane,ClCCl,1,Sodium bicarbonate,[Na].O=C(O)O,1,-60.0,1,30.0,1,b,1,CC(=O)OC[C@H]1O[C@@H](O[C@H]2[C@H](OC(C)=O)[C@@H](N3C(=O)c4ccccc4C3=O)[C@H](OC[C@H]3O[C@@H](Sc4ccccc4)[C@H](N4C(=O)c5ccccc5C4=O)[C@@H](OC(=O)c4ccccc4)[C@@H]3OC(=O)c3ccccc3)O[C@@H]2COCc2ccccc2)[C@H](N2C(=O)c3ccccc3C2=O)[C@@H](OC(C)=O)[C@@H]1OC(C)=O,CC(=O)O[C@H]1[C@H](O)[C@@H](COCc2ccccc2)O[C@@H](Sc2ccccc2)[C@@H]1N1C(=O)c2ccccc2C1=O,E3AF641A
835,"Angewandte Chemie, International Edition (2004), 43(16), 2145-2148",期刊,2004,31-013-CAS-11684215,O(C(=O)C1=CC=CC=C1)[C@@H]2[C@H]([C@H](OC[C@@H]3[C@@H](OC(=O)C4=CC=CC=C4)[C@H](OC(=O)C5=CC=CC=C5)[C@H]([C@H](SC6=CC=CC=C6)O3)N7C(=O)C=8C(C7=O)=CC=CC8)O[C@H](CO[C@H]9[C@@H]([C@@H](OC(C)=O)[C@H](OC(C)=O)[C@@H](COC(C)=O)O9)N%10C(=O)C=%11C(C%10=O)=CC=CC%11)[C@H]2OC(=O)C%12=CC=CC=C%12)N%13C(=O)C=%14C(C%13=O)=CC=CC%14,thioglycoside,S([C@H]1[C@@H]([C@@H](OC(C)=O)[C@H](O)[C@@H](COCC2=CC=CC=C2)O1)N3C(=O)C=4C(C3=O)=CC=CC4)C5=CC=CC=C5,Dichloromethane,ClCCl,1,Sodium bicarbonate,[Na].O=C(O)O,1,-60.0,1,30.0,1,b,1,CC(=O)OC[C@H]1O[C@@H](OC[C@H]2O[C@@H](OC[C@H]3O[C@@H](Sc4ccccc4)[C@H](N4C(=O)c5ccccc5C4=O)[C@@H](OC(=O)c4ccccc4)[C@@H]3OC(=O)c3ccccc3)[C@H](N3C(=O)c4ccccc4C3=O)[C@@H](OC(=O)c3ccccc3)[C@@H]2OC(=O)c2ccccc2)[C@H](N2C(=O)c3ccccc3C2=O)[C@@H](OC(C)=O)[C@@H]1OC(C)=O,CC(=O)O[C@H]1[C@H](O)[C@@H](COCc2ccccc2)O[C@@H](Sc2ccccc2)[C@@H]1N1C(=O)c2ccccc2C1=O,CA0A2776
836,"Carbohydrate Research (2006), 341(10), 1669-1679",期刊,2006,31-013-CAS-11715456,O(C(C)=O)[C@@H]1[C@H]([C@H](SC2=CC=C(C)C=C2)O[C@H](COC(C)=O)[C@H]1OC(C)=O)N3C(=O)C=4C(C3=O)=CC=CC4,thioglycoside,S([C@H]1[C@]2([C@]([C@H](O)[C@@H](COCC3=CC=CC=C3)O1)(OC(=O)N2C(C)=O)[H])[H])C4=CC=C(C)C=C4,Dichloromethane;Diethyl ether,ClCCl;O(CC)CC,1,Tosyl chloride,O=S(=O)(Cl)C1=CC=C(C=C1)C,1,25.0,1,30.0,1,b,1,CC(=O)OC[C@H]1O[C@@H](Sc2ccc(C)cc2)[C@H](N2C(=O)c3ccccc3C2=O)[C@@H](OC(C)=O)[C@@H]1OC(C)=O,CC(=O)N1C(=O)O[C@H]2[C@H](O)[C@@H](COCc3ccccc3)O[C@@H](Sc3ccc(C)cc3)[C@@H]21,E5A7374D
837,"Japan, JP2014224055 A 2014-12-04",专利,2014,31-013-CAS-14570516,O(C(C)=O)[C@H]1[C@@H](OC(C)=O)[C@@H](COC(C)=O)O[C@@H](SC)[C@@H]1OC(C)=O,thioglycoside,O(CC1=CC=CC=C1)[C@@H]2[C@H]([C@H](N=[N+]=[N-])O[C@H](COCC3=CC=CC=C3)[C@H]2O[C@H]4[C@@H]([C@@H](OCC5=CC=CC=C5)[C@H](O)[C@@H](COCC6=CC=CC=C6)O4)N7C(=O)C=8C(C7=O)=CC=CC8)N9C(=O)C=%10C(C9=O)=CC=CC%10,Dichloromethane,ClCCl,1,Trifluoromethanesulfonic acid,O=S(=O)(O)C(F)(F)F,1,0.0,1,30.0,1,b,1,CS[C@@H]1O[C@H](COC(C)=O)[C@H](OC(C)=O)[C@H](OC(C)=O)[C@H]1OC(C)=O,[N-]=[N+]=N[C@@H]1O[C@H](COCc2ccccc2)[C@@H](O[C@@H]2O[C@H](COCc3ccccc3)[C@@H](O)[C@H](OCc3ccccc3)[C@H]2N2C(=O)c3ccccc3C2=O)[C@H](OCc2ccccc2)[C@H]1N1C(=O)c2ccccc2C1=O,9DCC365F
838,"Journal of Carbohydrate Chemistry (1999), 18(7), 841-850",期刊,1999,31-013-CAS-12428615,O(C(C)=O)[C@H]1[C@@H](OC(C)=O)[C@@H](COC(C)=O)O[C@@H](SC)[C@@H]1OC(C)=O,thioglycoside,O(CC1=CC=CC=C1)[C@@H]2[C@H]([C@H](N=[N+]=[N-])O[C@H](COCC3=CC=CC=C3)[C@H]2O[C@H]4[C@@H]([C@@H](OCC5=CC=CC=C5)[C@H](O)[C@@H](COCC6=CC=CC=C6)O4)N7C(=O)C=8C(C7=O)=CC=CC8)N9C(=O)C=%10C(C9=O)=CC=CC%10,Dichloromethane,ClCCl,1,Sodium bicarbonate,[Na].O=C(O)O,1,,0,,0,b,1,CS[C@@H]1O[C@H](COC(C)=O)[C@H](OC(C)=O)[C@H](OC(C)=O)[C@H]1OC(C)=O,[N-]=[N+]=N[C@@H]1O[C@H](COCc2ccccc2)[C@@H](O[C@@H]2O[C@H](COCc3ccccc3)[C@@H](O)[C@H](OCc3ccccc3)[C@H]2N2C(=O)c3ccccc3C2=O)[C@H](OCc2ccccc2)[C@H]1N1C(=O)c2ccccc2C1=O,9DCC365F
839,"ChemBioChem (2011), 12(5), 685-690",期刊,2011,31-049-CAS-11753173,O(CC1=CC=C(OC)C=C1)[C@H]2[C@]3([C@](O[C@H](S(=O)C4=CC=CC=C4)[C@H]2OCC5=CC=CC=C5)(CO[C@H](O3)C6=CC=CC=C6)[H])[H],thioglycoside,O(CC1=CC=CC=C1)[C@@H]2[C@H]([C@H](N=[N+]=[N-])O[C@H](COCC3=CC=CC=C3)[C@H]2O[C@H]4[C@@H]([C@@H](OCC5=CC=CC=C5)[C@H](O)[C@@H](COCC6=CC=CC=C6)O4)N7C(=O)C=8C(C7=O)=CC=CC8)N9C(=O)C=%10C(C9=O)=CC=CC%10,Dichloromethane,ClCCl,1,Sodium bicarbonate,[Na].O=C(O)O,1,25.0,1,120.0,1,b,1,COc1ccc(CO[C@H]2[C@@H]3O[C@H](c4ccccc4)OC[C@H]3O[C@H](S(=O)c3ccccc3)[C@H]2OCc2ccccc2)cc1,[N-]=[N+]=N[C@@H]1O[C@H](COCc2ccccc2)[C@@H](O[C@@H]2O[C@H](COCc3ccccc3)[C@@H](O)[C@H](OCc3ccccc3)[C@H]2N2C(=O)c3ccccc3C2=O)[C@H](OCc2ccccc2)[C@H]1N1C(=O)c2ccccc2C1=O,5A8D5351
840,"Organic Letters (2011), 13(17), 4600-4603",期刊,2011,31-013-CAS-12313595,O([C@H]1[C@@H]([C@@H](OCC2=CC=CC=C2)[C@H](O[Si](C(C)(C)C)(C)C)[C@@H](COCC3=CC=CC=C3)O1)N4C(=O)C=5C(C4=O)=CC=CC5)[C@@H]6[C@@H](COCC7=CC=CC=C7)O[C@@H](SC8=CC=C(C)C=C8)[C@@H]([C@H]6O)N9C(=O)C=%10C(C9=O)=CC=CC%10,thioglycoside,O(C(CCl)=O)[C@@H]1[C@H]([C@H](SC2=CC=C(C)C=C2)O[C@H](COCC3=CC=CC=C3)[C@H]1O[C@H]4[C@@H]([C@@H](OCC5=CC=CC=C5)[C@H](O)[C@@H](COCC6=CC=CC=C6)O4)N7C(=O)C=8C(C7=O)=CC=CC8)N9C(=O)C=%10C(C9=O)=CC=CC%10,Dichloromethane,ClCCl,1,N-Iodosuccinimide,O=C1N(I)C(=O)CC1,1,-78.0,1,,0,b,1,Cc1ccc(S[C@@H]2O[C@H](COCc3ccccc3)[C@@H](O[C@@H]3O[C@H](COCc4ccccc4)[C@@H](O[Si](C)(C)C(C)(C)C)[C@H](OCc4ccccc4)[C@H]3N3C(=O)c4ccccc4C3=O)[C@H](O)[C@H]2N2C(=O)c3ccccc3C2=O)cc1,Cc1ccc(S[C@@H]2O[C@H](COCc3ccccc3)[C@@H](O[C@@H]3O[C@H](COCc4ccccc4)[C@@H](O)[C@H](OCc4ccccc4)[C@H]3N3C(=O)c4ccccc4C3=O)[C@H](OC(=O)CCl)[C@H]2N2C(=O)c3ccccc3C2=O)cc1,940CEF45
841,"Organic & Biomolecular Chemistry (2007), 5(22), 3690-3697",期刊,2007,31-013-CAS-7630111,O(CC1=CC=CC=C1)[C@@H]2[C@H]([C@H](SC3=CC=CC=C3)O[C@]4([C@]2(O[C@@H](OC4)C5=CC=CC=C5)[H])[H])N6C(=O)C=7C(C6=O)=CC=CC7,thioglycoside,C(C(OC(C)=O)CF)[C@H]1[C@@H]([C@@H](OCC2=CC=CC=C2)[C@H](O)[C@@H](COCC3=CC=CC=C3)O1)N4C(=O)C=5C(C4=O)=CC=CC5,Dichloromethane,ClCCl,1,Triethylamine,N(CC)(CC)CC,1,-60.0,1,10.0,1,b,1,O=C1c2ccccc2C(=O)N1[C@@H]1[C@@H](OCc2ccccc2)[C@@H]2O[C@H](c3ccccc3)OC[C@H]2O[C@H]1Sc1ccccc1,CC(=O)OC(CF)C[C@@H]1O[C@H](COCc2ccccc2)[C@@H](O)[C@H](OCc2ccccc2)[C@H]1N1C(=O)c2ccccc2C1=O,1F578E42
842,"Journal of Carbohydrate Chemistry (2012), 31(3), 203-219",期刊,2012,31-013-CAS-9814614,O(CC1=CC=CC=C1)[C@@H]2[C@H]([C@H](SCC)O[C@H](COCC3=CC=CC=C3)[C@H]2O[C@H]4[C@@H](OCC5=CC=CC=C5)[C@@H](OC(C)=O)[C@H](OCC6=CC=CC=C6)[C@@H](COC(C)=O)O4)N7C(=O)C=8C(C7=O)=CC=CC8,thioglycoside,O(CC1=CC=CC=C1)[C@@H]2[C@H]([C@H](N=[N+]=[N-])O[C@H](COCC3=CC=CC=C3)[C@H]2O)N4C(=O)C=5C(C4=O)=CC=CC5,Dichloromethane;Acetonitrile,ClCCl;N#CC,1,N-Iodosuccinimide,O=C1N(I)C(=O)CC1,1,-25.0,1,,0,b,1,CCS[C@@H]1O[C@H](COCc2ccccc2)[C@@H](O[C@@H]2O[C@H](COC(C)=O)[C@@H](OCc3ccccc3)[C@H](OC(C)=O)[C@@H]2OCc2ccccc2)[C@H](OCc2ccccc2)[C@H]1N1C(=O)c2ccccc2C1=O,[N-]=[N+]=N[C@@H]1O[C@H](COCc2ccccc2)[C@@H](O)[C@H](OCc2ccccc2)[C@H]1N1C(=O)c2ccccc2C1=O,83533B7C
843,"European Journal of Organic Chemistry (2022), 2022(29), e202200374",期刊,2022,31-614-CAS-36830124,O(C(=O)C1=CC=CC=C1)[C@H]2[C@]3([C@](O[C@@H](SC4=CC=CC=C4)[C@@H]2OC(CCl)=O)(CO[C@H](O3)C5=CC=CC=C5)[H])[H],thioglycoside,O([C@H]1[C@@H]([C@@H](OC(C)=O)[C@H](OC(C)=O)[C@@H](COC(C)=O)O1)N2C(=O)C=3C(C2=O)=CC=CC3)[C@@H]4[C@@H](N=[N+]=[N-])[C@@H](OCCNC(OCC5=CC=CC=C5)=O)O[C@H](COCC6=CC=CC=C6)[C@H]4O,Dichloroethane,ClCCCl,1,N-Iodosuccinimide,O=C1N(I)C(=O)CC1,1,0.0,1,5.0,1,b,1,O=C(CCl)O[C@@H]1[C@@H](OC(=O)c2ccccc2)[C@@H]2O[C@H](c3ccccc3)OC[C@H]2O[C@H]1Sc1ccccc1,CC(=O)OC[C@H]1O[C@@H](O[C@H]2[C@H](O)[C@@H](COCc3ccccc3)O[C@H](OCCNC(=O)OCc3ccccc3)[C@@H]2N=[N+]=[N-])[C@H](N2C(=O)c3ccccc3C2=O)[C@@H](OC(C)=O)[C@@H]1OC(C)=O,BE175036
844,"European Journal of Organic Chemistry (2022), 2022(29), e202200374",期刊,2022,31-614-CAS-36830119,O(C(=O)C1=CC=CC=C1)[C@H]2[C@]3([C@](O[C@@H](SC4=CC=CC=C4)[C@@H]2OC(CCl)=O)(CO[C@H](O3)C5=CC=CC=C5)[H])[H],thioglycoside,O([C@H]1[C@@H]([C@@H](OC(C)=O)[C@H](OC(C)=O)[C@@H](COC(C)=O)O1)N2C(=O)C=3C(C2=O)=CC=CC3)[C@@H]4[C@@H](N=[N+]=[N-])[C@@H](OCCNC(OCC5=CC=CC=C5)=O)O[C@H](COC(=O)C6=CC=CC=C6)[C@H]4O,Dichloroethane,ClCCCl,1,N-Iodosuccinimide,O=C1N(I)C(=O)CC1,1,0.0,1,5.0,1,b,1,O=C(CCl)O[C@@H]1[C@@H](OC(=O)c2ccccc2)[C@@H]2O[C@H](c3ccccc3)OC[C@H]2O[C@H]1Sc1ccccc1,CC(=O)OC[C@H]1O[C@@H](O[C@H]2[C@H](O)[C@@H](COC(=O)c3ccccc3)O[C@H](OCCNC(=O)OCc3ccccc3)[C@@H]2N=[N+]=[N-])[C@H](N2C(=O)c3ccccc3C2=O)[C@@H](OC(C)=O)[C@@H]1OC(C)=O,A26C784B
845,"Nature Chemistry (2011), 3(7), 557-563",期刊,2011,31-013-CAS-5792629,[Si](OC[C@@H]1[C@@H](OC(CCC(C)=O)=O)[C@H](OCC2=CC=C(Br)C=C2)[C@@H](N(C(C)=O)C(C)=O)[C@@H](O[C@H]3[C@H](OCC4=CC=CC=C4)[C@@H](OC(=O)C5=CC=CC=C5)[C@H](SC6=CC=C(C)C=C6)O[C@H]3COC(C)=O)O1)(C(C)(C)C)(C7=CC=CC=C7)C8=CC=CC=C8,thioglycoside,[Si](OC[C@H]1O[C@H](O[C@H]2[C@H](OCC3=CC=CC=C3)[C@@H](OC(=O)C4=CC=CC=C4)[C@H](O[C@H]5[C@H](OC(=O)C6=CC=CC=C6)[C@@H](NC(OCC7=CC=CC=C7)=O)[C@@H](OC)O[C@@H]5COCC8=CC9=C(C=C8)C=CC=C9)O[C@H]2COC(C)=O)[C@H](N=[N+]=[N-])[C@@H](OCC%10=CC=C(Br)C=C%10)[C@@H]1O)(C(C)(C)C)(C%11=CC=CC=C%11)C%12=CC=CC=C%12,Dichloromethane,ClCCl,1,N-Iodosuccinimide,O=C1N(I)C(=O)CC1,1,-78.0,1,240.0,1,a,0,CC(=O)CCC(=O)O[C@H]1[C@H](OCc2ccc(Br)cc2)[C@@H](N(C(C)=O)C(C)=O)[C@@H](O[C@H]2[C@H](OCc3ccccc3)[C@@H](OC(=O)c3ccccc3)[C@H](Sc3ccc(C)cc3)O[C@H]2COC(C)=O)O[C@@H]1CO[Si](c1ccccc1)(c1ccccc1)C(C)(C)C,CO[C@H]1O[C@H](COCc2ccc3ccccc3c2)[C@@H](O[C@@H]2O[C@@H](COC(C)=O)[C@@H](O[C@H]3O[C@H](CO[Si](c4ccccc4)(c4ccccc4)C(C)(C)C)[C@@H](O)[C@H](OCc4ccc(Br)cc4)[C@H]3N=[N+]=[N-])[C@H](OCc3ccccc3)[C@H]2OC(=O)c2ccccc2)[C@H](OC(=O)c2ccccc2)[C@H]1NC(=O)OCc1ccccc1,3BAFF8AF
846,"Carbohydrate Research (2006), 341(10), 1669-1679",期刊,2006,31-013-CAS-7451088,O(C(C)=O)[C@@H]1[C@H]([C@H](SC2=CC=C(C)C=C2)O[C@H](COC(C)=O)[C@H]1OC(C)=O)N3C(=O)C=4C(C3=O)=CC=CC4,thioglycoside,N(C(OCC(Cl)(Cl)Cl)=O)[C@H]1[C@H](SC2=CC=C(C)C=C2)O[C@H](COCC3=CC=CC=C3)[C@@H](O)[C@@H]1OCC4=CC=CC=C4,Dichloromethane;Diethyl ether,ClCCl;O(CC)CC,1,Tosyl chloride,O=S(=O)(Cl)C1=CC=C(C=C1)C,1,25.0,1,30.0,1,b,1,CC(=O)OC[C@H]1O[C@@H](Sc2ccc(C)cc2)[C@H](N2C(=O)c3ccccc3C2=O)[C@@H](OC(C)=O)[C@@H]1OC(C)=O,Cc1ccc(S[C@@H]2O[C@H](COCc3ccccc3)[C@@H](O)[C@H](OCc3ccccc3)[C@H]2NC(=O)OCC(Cl)(Cl)Cl)cc1,C09EDA9F
847,"European Journal of Organic Chemistry (2007), (20), 3392-3401, S3392/1-S3392/17",期刊,2007,31-013-CAS-15382044,O(C(C)=O)[C@@H]1[C@H]([C@H](SC2=CC=C(C)C=C2)O[C@H](COC(C)=O)[C@H]1OC(C)=O)N3C(=O)C=4C(C3=O)=CC=CC4,thioglycoside,N(C(OCC(Cl)(Cl)Cl)=O)[C@H]1[C@H](SC2=CC=C(C)C=C2)O[C@H](COC(=O)C3=CC=CC=C3)[C@@H](O)[C@@H]1OC(=O)C4=CC=CC=C4,Dichloromethane,ClCCl,1,Triethylamine,N(CC)(CC)CC,1,25.0,1,90.0,1,b,1,CC(=O)OC[C@H]1O[C@@H](Sc2ccc(C)cc2)[C@H](N2C(=O)c3ccccc3C2=O)[C@@H](OC(C)=O)[C@@H]1OC(C)=O,Cc1ccc(S[C@@H]2O[C@H](COC(=O)c3ccccc3)[C@@H](O)[C@H](OC(=O)c3ccccc3)[C@H]2NC(=O)OCC(Cl)(Cl)Cl)cc1,6F974D59
848,"Journal of Organic Chemistry (2011), 76(13), 5229-5239",期刊,2011,31-013-CAS-11112323,O(CC1=CC=C(OC)C=C1)[C@H]2[C@]3([C@](O[C@H](SC4=CC=CC=C4)[C@H]2OCC5=CC=CC=C5)(CO[C@H](O3)C6=CC=CC=C6)[H])[H],thioglycoside,O(CC1=CC=CC=C1)[C@@H]2[C@H]([C@H](N=[N+]=[N-])O[C@H](COCC3=CC=CC=C3)[C@H]2O[C@H]4[C@@H]([C@@H](OCC5=CC=CC=C5)[C@H](O)[C@@H](COCC6=CC=CC=C6)O4)N7C(=O)C=8C(C7=O)=CC=CC8)N9C(=O)C=%10C(C9=O)=CC=CC%10,Dichloromethane,ClCCl,1,Sodium bicarbonate,[Na].O=C(O)O,1,-60.0,1,30.0,1,b,1,COc1ccc(CO[C@@H]2[C@H](OCc3ccccc3)[C@@H](Sc3ccccc3)O[C@@H]3CO[C@@H](c4ccccc4)O[C@@H]23)cc1,[N-]=[N+]=N[C@@H]1O[C@H](COCc2ccccc2)[C@@H](O[C@@H]2O[C@H](COCc3ccccc3)[C@@H](O)[C@H](OCc3ccccc3)[C@H]2N2C(=O)c3ccccc3C2=O)[C@H](OCc2ccccc2)[C@H]1N1C(=O)c2ccccc2C1=O,FCDDC3E4
849,"Journal of Organic Chemistry (2022), 87(8), 5339-5357",期刊,2022,31-614-CAS-36745363,O(CC1=CC=CC=C1)[C@@H]2[C@H]([C@H](SC3=CC=C(N(=O)=O)C=C3)O[C@H](COCC4=CC=CC=C4)[C@H]2O[C@H]5[C@@H](OCC6=CC=CC=C6)[C@@H](OCC7=CC=C(OC)C=C7)[C@]8([C@](O5)(CO[C@H](O8)C9=CC=CC=C9)[H])[H])N%10C(=O)C=%11C(C%10=O)=CC=CC%11,thioglycoside,O(CC1=CC=CC=C1)[C@@H]2[C@H]([C@H](N=[N+]=[N-])O[C@H](COCC3=CC=CC=C3)[C@H]2O)N4C(=O)C=5C(C4=O)=CC=CC5,Diethyl ether,O(CC)CC,1,Silver triflate,[Ag].O=S(=O)(O)C(F)(F)F,1,25.0,1,60.0,1,b,1,COc1ccc(CO[C@@H]2[C@H](OCc3ccccc3)[C@H](O[C@H]3[C@H](OCc4ccccc4)[C@@H](N4C(=O)c5ccccc5C4=O)[C@H](Sc4ccc([N+](=O)[O-])cc4)O[C@@H]3COCc3ccccc3)O[C@@H]3CO[C@@H](c4ccccc4)O[C@@H]23)cc1,[N-]=[N+]=N[C@@H]1O[C@H](COCc2ccccc2)[C@@H](O)[C@H](OCc2ccccc2)[C@H]1N1C(=O)c2ccccc2C1=O,F4DC6564
850,"Organic & Biomolecular Chemistry (2007), 5(22), 3690-3697",期刊,2007,31-013-CAS-9761464,O(CC1=CC=CC=C1)[C@@H]2[C@H]([C@H](SC3=CC=CC=C3)O[C@]4([C@]2(O[C@@H](OC4)C5=CC=CC=C5)[H])[H])N6C(=O)C=7C(C6=O)=CC=CC7,thioglycoside,C([C@@H](OC(=O)C1=CC=CC=C1)CF)[C@H]2[C@@H]([C@@H](OCC3=CC=CC=C3)[C@H](O)[C@@H](COCC4=CC=CC=C4)O2)N5C(=O)C=6C(C5=O)=CC=CC6,Dichloromethane,ClCCl,1,Triethylamine,N(CC)(CC)CC,1,-60.0,1,10.0,1,b,1,O=C1c2ccccc2C(=O)N1[C@@H]1[C@@H](OCc2ccccc2)[C@@H]2O[C@H](c3ccccc3)OC[C@H]2O[C@H]1Sc1ccccc1,O=C(O[C@@H](CF)C[C@@H]1O[C@H](COCc2ccccc2)[C@@H](O)[C@H](OCc2ccccc2)[C@H]1N1C(=O)c2ccccc2C1=O)c1ccccc1,C4FC6742
851,"European Journal of Organic Chemistry (2011), (3), 497-516, S497/1-S497/137",期刊,2011,31-013-CAS-11809252,S([C@H]1[C@]2([C@]([C@H](OC(C)=O)[C@@H](COC(C)=O)O1)(OC(=O)N2CC3=CC=CC=C3)[H])[H])C4=CC=CC=C4,thioglycoside,O([C@H]1[C@@H]([C@@H](OCC2=CC=CC=C2)[C@H](O)[C@@H](COCC3=CC=CC=C3)O1)N4C(=O)C=5C(C4=O)=CC=CC5)C6=CC=C(OC)C=C6,Toluene,C=1C=CC(=CC1)C,1,Sodium bicarbonate,[Na].O=C(O)O,1,25.0,1,,0,a,0,CC(=O)OC[C@H]1O[C@@H](Sc2ccccc2)[C@H]2[C@@H](OC(=O)N2Cc2ccccc2)[C@@H]1OC(C)=O,COc1ccc(O[C@@H]2O[C@H](COCc3ccccc3)[C@@H](O)[C@H](OCc3ccccc3)[C@H]2N2C(=O)c3ccccc3C2=O)cc1,90E0D817
852,"World Intellectual Property Organization, WO2017156192 A1 2017-09-14",专利,2017,31-013-CAS-19037577,O(C[C@@H]1[C@H](OCC2=CC=CC=C2)[C@H](OC(=O)C3=CC=CC=C3)[C@@H](OC(=O)C4=CC=CC=C4)[C@H](SC5=CC=C(C)C=C5)O1)[C@@]6(C(OC)=O)O[C@@]([C@@H]([C@@H](COC(C)=O)OC(C)=O)OC(C)=O)([C@]7([C@](C6)(OC(=O)N7)[H])[H])[H],thioglycoside,O([C@H]1[C@@H](OCC2=CC=CC=C2)[C@H](OCC3=CC=CC=C3)[C@@H](COCC4=CC=CC=C4)O[C@@H]1OCC=C)[C@H]5[C@H](NC(OCC(Cl)(Cl)Cl)=O)[C@@H](OCC6=CC=CC=C6)[C@H](O)[C@@H](COCC7=CC=CC=C7)O5,Dichloromethane,ClCCl,1,N-Iodosuccinimide,O=C1N(I)C(=O)CC1,1,25.0,1,60.0,1,b,1,COC(=O)[C@@]1(OC[C@H]2O[C@@H](Sc3ccc(C)cc3)[C@H](OC(=O)c3ccccc3)[C@@H](OC(=O)c3ccccc3)[C@H]2OCc2ccccc2)C[C@@H]2OC(=O)N[C@H]2[C@H]([C@H](OC(C)=O)[C@@H](COC(C)=O)OC(C)=O)O1,C=CCO[C@H]1O[C@H](COCc2ccccc2)[C@@H](OCc2ccccc2)[C@H](OCc2ccccc2)[C@@H]1O[C@@H]1O[C@H](COCc2ccccc2)[C@@H](O)[C@H](OCc2ccccc2)[C@H]1NC(=O)OCC(Cl)(Cl)Cl,1AE8EBD9
853,"Nature Chemistry (2016), 8(4), 338-346",期刊,2016,31-013-CAS-15817613,O(C[C@@H]1[C@H](OCC2=CC=CC=C2)[C@H](OC(=O)C3=CC=CC=C3)[C@@H](OC(=O)C4=CC=CC=C4)[C@H](SC5=CC=C(C)C=C5)O1)[C@@]6(C(OC)=O)O[C@@]([C@@H]([C@@H](COC(C)=O)OC(C)=O)OC(C)=O)([C@]7([C@](C6)(OC(=O)N7)[H])[H])[H],thioglycoside,O([C@H]1[C@@H](OCC2=CC=CC=C2)[C@H](OCC3=CC=CC=C3)[C@@H](COCC4=CC=CC=C4)O[C@@H]1OCC=C)[C@H]5[C@H](NC(OCC(Cl)(Cl)Cl)=O)[C@@H](OCC6=CC=CC=C6)[C@H](O)[C@@H](COCC7=CC=CC=C7)O5,Dichloromethane,ClCCl,1,Trifluoromethanesulfonic acid,O=S(=O)(O)C(F)(F)F,1,-40.0,1,120.0,1,b,1,COC(=O)[C@@]1(OC[C@H]2O[C@@H](Sc3ccc(C)cc3)[C@H](OC(=O)c3ccccc3)[C@@H](OC(=O)c3ccccc3)[C@H]2OCc2ccccc2)C[C@@H]2OC(=O)N[C@H]2[C@H]([C@H](OC(C)=O)[C@@H](COC(C)=O)OC(C)=O)O1,C=CCO[C@H]1O[C@H](COCc2ccccc2)[C@@H](OCc2ccccc2)[C@H](OCc2ccccc2)[C@@H]1O[C@@H]1O[C@H](COCc2ccccc2)[C@@H](O)[C@H](OCc2ccccc2)[C@H]1NC(=O)OCC(Cl)(Cl)Cl,1AE8EBD9
854,"Angewandte Chemie, International Edition (2006), 45(45), 7575-7578",期刊,2006,31-013-CAS-3880260,O([C@@H]1[C@@H](OCC2=CC=CC=C2)[C@H](OCC3=CC=CC=C3)[C@@H](COCC4=CC=CC=C4)O[C@H]1SC5=CC=CC=C5)P6(=O)OCC(C)(C)CO6,thioglycoside,S([C@H]1[C@@H]([C@@H](OC(C)=O)[C@H](O)[C@@H](COCC2=CC=CC=C2)O1)N3C(=O)C=4C(C3=O)=C(Cl)C(Cl)=C(Cl)C4Cl)C5=CC=CC=C5,Dichloromethane,ClCCl,1,Triethylamine,N(CC)(CC)CC,1,-60.0,1,30.0,1,b,1,CC1(C)COP(=O)(O[C@@H]2[C@@H](OCc3ccccc3)[C@H](OCc3ccccc3)[C@@H](COCc3ccccc3)O[C@H]2Sc2ccccc2)OC1,CC(=O)O[C@H]1[C@H](O)[C@@H](COCc2ccccc2)O[C@@H](Sc2ccccc2)[C@@H]1N1C(=O)c2c(Cl)c(Cl)c(Cl)c(Cl)c2C1=O,42BCFA92
855,"Journal of the American Chemical Society (2007), 129(11), 3080-3081",期刊,2007,31-614-CAS-29865809,O=C1N(C(=O)C=2C1=C(Cl)C(Cl)=C(Cl)C2Cl)[C@H]3[C@H](SC4=CC=CC=C4)O[C@H](COCC5=CC=CC=C5)[C@@H](O)[C@@H]3O,thioglycoside,S(=O)([C@H]1[C@@H]([C@@H](OCC2=CC=CC=C2)[C@H](O)[C@@H](COCC3=CC=CC=C3)O1)N4C(=O)C=5C(C4=O)=C(Cl)C(Cl)=C(Cl)C5Cl)C6=CC=CC=C6,Dichloromethane,ClCCl,1,Methyleugenol,O(C1=CC=C(C=C1OC)CC=C)C,1,25.0,1,60.0,1,b,1,O=C1c2c(Cl)c(Cl)c(Cl)c(Cl)c2C(=O)N1[C@@H]1[C@@H](O)[C@H](O)[C@@H](COCc2ccccc2)O[C@H]1Sc1ccccc1,O=C1c2c(Cl)c(Cl)c(Cl)c(Cl)c2C(=O)N1[C@@H]1[C@@H](OCc2ccccc2)[C@H](O)[C@@H](COCc2ccccc2)O[C@H]1S(=O)c1ccccc1,0BCFCF08
856,"Tetrahedron Letters (2000), 41(7), 1039-1042",期刊,2000,31-013-CAS-2166542,[Si](O[C@H]1[C@]2([C@](O[C@H](SC)[C@H]1OCC3=CC=C(OC)C=C3)(COC4(O2)CCCCC4)[H])[H])(C(C)(C)C)(C5=CC=CC=C5)C6=CC=CC=C6,thioglycoside,O(CC1=CC=CC=C1)[C@@H]2[C@H]([C@H](N=[N+]=[N-])O[C@H](COCC3=CC=CC=C3)[C@H]2O[C@H]4[C@@H]([C@@H](OCC5=CC=CC=C5)[C@H](O)[C@@H](COCC6=CC=CC=C6)O4)N7C(=O)C=8C(C7=O)=CC=CC8)N9C(=O)C=%10C(C9=O)=CC=CC%10,Dichloromethane,ClCCl,1,Trimethylsilyl triflate,O=S(=O)(O[Si](C)(C)C)C(F)(F)F,1,,0,,0,b,1,COc1ccc(CO[C@H]2[C@@H](O[Si](c3ccccc3)(c3ccccc3)C(C)(C)C)[C@@H]3OC4(CCCCC4)OC[C@H]3O[C@@H]2SC)cc1,[N-]=[N+]=N[C@@H]1O[C@H](COCc2ccccc2)[C@@H](O[C@@H]2O[C@H](COCc3ccccc3)[C@@H](O)[C@H](OCc3ccccc3)[C@H]2N2C(=O)c3ccccc3C2=O)[C@H](OCc2ccccc2)[C@H]1N1C(=O)c2ccccc2C1=O,6ED97B6E
857,"European Journal of Organic Chemistry (2018), 2018(31), 4296-4305",期刊,2018,31-013-CAS-19117130,O(CC1=CC=CC=C1)[C@@H]2[C@@H](OC(CCl)=O)[C@H](SC3=CC=C(C)C=C3)O[C@H](COCC4=CC=C(OC)C=C4)[C@H]2OC(C)=O,thioglycoside,O(C(C)=O)[C@@H]1[C@H]([C@H](N=[N+]=[N-])O[C@H](COC(C)=O)[C@H]1O[C@H]2[C@@H]([C@@H](OC(C)=O)[C@H](O)[C@@H](COC(C)=O)O2)N3C(=O)C=4C(C3=O)=CC=CC4)N5C(=O)C=6C(C5=O)=CC=CC6,Dichloromethane,ClCCl,1,,,0,-40.0,1,120.0,1,b,1,COc1ccc(COC[C@H]2O[C@@H](Sc3ccc(C)cc3)[C@H](OC(=O)CCl)[C@@H](OCc3ccccc3)[C@@H]2OC(C)=O)cc1,CC(=O)OC[C@H]1O[C@@H](O[C@H]2[C@H](OC(C)=O)[C@@H](N3C(=O)c4ccccc4C3=O)[C@H](N=[N+]=[N-])O[C@@H]2COC(C)=O)[C@H](N2C(=O)c3ccccc3C2=O)[C@@H](OC(C)=O)[C@@H]1O,88FB0A80
858,"European Journal of Organic Chemistry (2011), (3), 497-516, S497/1-S497/137",期刊,2011,31-013-CAS-303473,S([C@H]1[C@]2([C@]([C@H](OC(CCl)=O)[C@@H](COCC3=CC=CC=C3)O1)(OC(=O)N2CC4=CC=CC=C4)[H])[H])C5=CC=CC=C5,thioglycoside,O([C@H]1[C@@H]([C@@H](OCC2=CC=CC=C2)[C@H](O)[C@@H](COCC3=CC=CC=C3)O1)N4C(=O)C=5C(C4=O)=CC=CC5)C6=CC=C(OC)C=C6,Dichloromethane,ClCCl,1,Triethylamine,N(CC)(CC)CC,1,25.0,1,40.0,1,a,0,O=C(CCl)O[C@H]1[C@@H]2OC(=O)N(Cc3ccccc3)[C@H]2[C@H](Sc2ccccc2)O[C@@H]1COCc1ccccc1,COc1ccc(O[C@@H]2O[C@H](COCc3ccccc3)[C@@H](O)[C@H](OCc3ccccc3)[C@H]2N2C(=O)c3ccccc3C2=O)cc1,F614C3F9
859,"European Patent Organization, EP1829884 A1 2007-09-05",专利,2007,31-013-CAS-10411776,S([C@H]1[C@]2([C@]([C@H](OC(CCl)=O)[C@@H](COCC3=CC=CC=C3)O1)(OC(=O)N2CC4=CC=CC=C4)[H])[H])C5=CC=CC=C5,thioglycoside,O([C@H]1[C@@H]([C@@H](OCC2=CC=CC=C2)[C@H](O)[C@@H](COCC3=CC=CC=C3)O1)N4C(=O)C=5C(C4=O)=CC=CC5)C6=CC=C(OC)C=C6,Dichloromethane,ClCCl,1,Triethylamine,N(CC)(CC)CC,1,25.0,1,40.0,1,a,0,O=C(CCl)O[C@H]1[C@@H]2OC(=O)N(Cc3ccccc3)[C@H]2[C@H](Sc2ccccc2)O[C@@H]1COCc1ccccc1,COc1ccc(O[C@@H]2O[C@H](COCc3ccccc3)[C@@H](O)[C@H](OCc3ccccc3)[C@H]2N2C(=O)c3ccccc3C2=O)cc1,F614C3F9
860,"Journal of the American Chemical Society (2006), 128(33), 10666-10667",期刊,2006,31-013-CAS-7376345,S([C@H]1[C@]2([C@]([C@H](OC(CCl)=O)[C@@H](COCC3=CC=CC=C3)O1)(OC(=O)N2CC4=CC=CC=C4)[H])[H])C5=CC=CC=C5,thioglycoside,O([C@H]1[C@@H]([C@@H](OCC2=CC=CC=C2)[C@H](O)[C@@H](COCC3=CC=CC=C3)O1)N4C(=O)C=5C(C4=O)=CC=CC5)C6=CC=C(OC)C=C6,Dichloromethane,ClCCl,1,Triethylamine,N(CC)(CC)CC,1,25.0,1,40.0,1,a,0,O=C(CCl)O[C@H]1[C@@H]2OC(=O)N(Cc3ccccc3)[C@H]2[C@H](Sc2ccccc2)O[C@@H]1COCc1ccccc1,COc1ccc(O[C@@H]2O[C@H](COCc3ccccc3)[C@@H](O)[C@H](OCc3ccccc3)[C@H]2N2C(=O)c3ccccc3C2=O)cc1,F614C3F9
861,"European Journal of Organic Chemistry (2002), (10), 1614-1618",期刊,2002,31-013-CAS-7371728,O(CC1=CC=CC=C1)[C@H]2[C@]3([C@](O[C@@H](SCC)[C@@H]2OC(=O)C4=CC=C(N(=O)=O)C=C4)(CO[C@H](O3)C5=CC=CC=C5)[H])[H],thioglycoside,N(=[N+]=[N-])[C@H]1[C@@H]([C@@H](O)[C@H](O[C@H]2[C@@H]([C@@H](O)[C@H](O)[C@@H](COCC3=CC=CC=C3)O2)N4C(=O)C=5C(C4=O)=CC=CC5)[C@@H](COCC6=CC=C(OC)C=C6)O1)N7C(=O)C=8C(C7=O)=CC=CC8,Dichloromethane,ClCCl,1,Silver triflate,[Ag].O=S(=O)(O)C(F)(F)F,1,,0,,0,b,1,CCS[C@@H]1O[C@@H]2CO[C@@H](c3ccccc3)O[C@H]2[C@H](OCc2ccccc2)[C@H]1OC(=O)c1ccc([N+](=O)[O-])cc1,COc1ccc(COC[C@H]2O[C@@H](N=[N+]=[N-])[C@H](N3C(=O)c4ccccc4C3=O)[C@@H](O)[C@@H]2O[C@@H]2O[C@H](COCc3ccccc3)[C@@H](O)[C@H](O)[C@H]2N2C(=O)c3ccccc3C2=O)cc1,76EA51A2
862,"European Journal of Organic Chemistry (2018), 2018(31), 4296-4305",期刊,2018,31-013-CAS-19117152,O(CC1=CC=CC=C1)[C@H]2[C@]3([C@](O[C@@H](SC4=CC=C(C)C=C4)[C@@H]2OC(CCC(C)=O)=O)(CO[C@H](O3)C5=CC=C(OC)C=C5)[H])[H],thioglycoside,O(C(C)=O)[C@@H]1[C@H]([C@H](N=[N+]=[N-])O[C@H](COC(C)=O)[C@H]1O[C@H]2[C@@H]([C@@H](OC(C)=O)[C@H](O)[C@@H](COC(C)=O)O2)N3C(=O)C=4C(C3=O)=CC=CC4)N5C(=O)C=6C(C5=O)=CC=CC6,Dichloromethane,ClCCl,1,,,0,0.0,1,,0,b,1,COc1ccc([C@@H]2OC[C@H]3O[C@@H](Sc4ccc(C)cc4)[C@H](OC(=O)CCC(C)=O)[C@@H](OCc4ccccc4)[C@@H]3O2)cc1,CC(=O)OC[C@H]1O[C@@H](O[C@H]2[C@H](OC(C)=O)[C@@H](N3C(=O)c4ccccc4C3=O)[C@H](N=[N+]=[N-])O[C@@H]2COC(C)=O)[C@H](N2C(=O)c3ccccc3C2=O)[C@@H](OC(C)=O)[C@@H]1O,DB47001E
863,"Journal of the American Chemical Society (2003), 125(20), 6149-6159",期刊,2003,31-013-CAS-8037474,O(C(C)=O)[C@H]1[C@]2([C@](O[C@@H](SCC)[C@@H]1OC(CCl)=O)(CO[C@H](O2)C3=CC=CC=C3)[H])[H],thioglycoside,O(CC1=CC=CC=C1)[C@@H]2[C@H]([C@H](N=[N+]=[N-])O[C@H](COCC3=CC=CC=C3)[C@H]2O[C@H]4[C@@H]([C@@H](OCC5=CC=CC=C5)[C@H](O)[C@@H](COCC6=CC=CC=C6)O4)N7C(=O)C=8C(C7=O)=CC=CC8)N9C(=O)C=%10C(C9=O)=CC=CC%10,Toluene,C=1C=CC(=CC1)C,1,Trifluoromethanesulfonic acid,O=S(=O)(O)C(F)(F)F,1,25.0,1,20.0,1,b,1,CCS[C@@H]1O[C@@H]2CO[C@@H](c3ccccc3)O[C@H]2[C@H](OC(C)=O)[C@H]1OC(=O)CCl,[N-]=[N+]=N[C@@H]1O[C@H](COCc2ccccc2)[C@@H](O[C@@H]2O[C@H](COCc3ccccc3)[C@@H](O)[C@H](OCc3ccccc3)[C@H]2N2C(=O)c3ccccc3C2=O)[C@H](OCc2ccccc2)[C@H]1N1C(=O)c2ccccc2C1=O,8195156C
864,"European Journal of Organic Chemistry (2007), (23), 3935-3941",期刊,2007,31-013-CAS-14230652,O(CC1=CC=CC=C1)[C@@H]2[C@H]([C@H](SC3=CC=CC=C3)O[C@H](COCC4=CC=CC=C4)[C@H]2OCC5=CC=CC=C5)N6C(=O)C=7C(C6=O)=CC=CC7,thioglycoside,S([C@H]1[C@@H]([C@@H](OCC2=CC=CC=C2)[C@H](O)[C@@H](COC(=O)C3=C(F)C(F)=C(F)C(F)=C3F)O1)N4C(=O)C=5C(C4=O)=CC=CC5)C6=CC=CC=C6,Diethyl ether,O(CC)CC,1,N-Iodosuccinimide,O=C1N(I)C(=O)CC1,1,25.0,1,,0,b,1,O=C1c2ccccc2C(=O)N1[C@@H]1[C@@H](OCc2ccccc2)[C@H](OCc2ccccc2)[C@@H](COCc2ccccc2)O[C@H]1Sc1ccccc1,O=C(OC[C@H]1O[C@@H](Sc2ccccc2)[C@H](N2C(=O)c3ccccc3C2=O)[C@@H](OCc2ccccc2)[C@@H]1O)c1c(F)c(F)c(F)c(F)c1F,9030D343
865,"European Journal of Organic Chemistry (2018), 2018(31), 4296-4305",期刊,2018,31-013-CAS-19117153,O(CC1=CC=CC=C1)[C@H]2[C@]3([C@](O[C@@H](SC4=CC=C(C)C=C4)[C@@H]2OC(CCl)=O)(CO[C@H](O3)C5=CC=C(OC)C=C5)[H])[H],thioglycoside,O(C(C)=O)[C@@H]1[C@H]([C@H](N=[N+]=[N-])O[C@H](COC(C)=O)[C@H]1O[C@H]2[C@@H]([C@@H](OC(C)=O)[C@H](O)[C@@H](COC(C)=O)O2)N3C(=O)C=4C(C3=O)=CC=CC4)N5C(=O)C=6C(C5=O)=CC=CC6,Dichloromethane,ClCCl,1,,,0,0.0,1,,0,b,1,COc1ccc([C@@H]2OC[C@H]3O[C@@H](Sc4ccc(C)cc4)[C@H](OC(=O)CCl)[C@@H](OCc4ccccc4)[C@@H]3O2)cc1,CC(=O)OC[C@H]1O[C@@H](O[C@H]2[C@H](OC(C)=O)[C@@H](N3C(=O)c4ccccc4C3=O)[C@H](N=[N+]=[N-])O[C@@H]2COC(C)=O)[C@H](N2C(=O)c3ccccc3C2=O)[C@@H](OC(C)=O)[C@@H]1O,6E3D79FC
866,"Chemistry Letters (2005), 34(11), 1556-1557",期刊,2005,31-013-CAS-2791822,O(C(C)=O)[C@@H]1[C@H]([C@H](SC2=CC=CC=C2)O[C@H](COC(C)=O)[C@H]1OC(C)=O)N3C(=O)C=4C(C3=O)=CC(Cl)=C(Cl)C4,thioglycoside,S([C@H]1[C@@H]([C@@H](OC(C)=O)[C@H](O)[C@@H](COCC2=CC=CC=C2)O1)N3C(=O)C=4C(C3=O)=C(Cl)C(Cl)=C(Cl)C4Cl)C5=CC=CC=C5,Dichloromethane,ClCCl,1,Trifluoromethanesulfonic anhydride,O=S(=O)(OS(=O)(=O)C(F)(F)F)C(F)(F)F,1,-60.0,1,30.0,1,b,1,CC(=O)OC[C@H]1O[C@@H](Sc2ccccc2)[C@H](N2C(=O)c3cc(Cl)c(Cl)cc3C2=O)[C@@H](OC(C)=O)[C@@H]1OC(C)=O,CC(=O)O[C@H]1[C@H](O)[C@@H](COCc2ccccc2)O[C@@H](Sc2ccccc2)[C@@H]1N1C(=O)c2c(Cl)c(Cl)c(Cl)c(Cl)c2C1=O,FB3CC5BE
867,"Chemistry Letters (2005), 34(11), 1556-1557",期刊,2005,31-013-CAS-4912673,O(C(C)=O)[C@@H]1[C@H]([C@H](SC2=CC=CC=C2)O[C@H](COC(C)=O)[C@H]1OC(C)=O)N3C(=O)C=4C(C3=O)=C(Cl)C(Cl)=C(Cl)C4Cl,thioglycoside,S([C@H]1[C@@H]([C@@H](OC(C)=O)[C@H](O)[C@@H](COCC2=CC=CC=C2)O1)N3C(=O)C=4C(C3=O)=CC(Cl)=C(Cl)C4)C5=CC=CC=C5,Dichloromethane,ClCCl,1,Trifluoromethanesulfonic anhydride,O=S(=O)(OS(=O)(=O)C(F)(F)F)C(F)(F)F,1,-60.0,1,30.0,1,b,1,CC(=O)OC[C@H]1O[C@@H](Sc2ccccc2)[C@H](N2C(=O)c3c(Cl)c(Cl)c(Cl)c(Cl)c3C2=O)[C@@H](OC(C)=O)[C@@H]1OC(C)=O,CC(=O)O[C@H]1[C@H](O)[C@@H](COCc2ccccc2)O[C@@H](Sc2ccccc2)[C@@H]1N1C(=O)c2cc(Cl)c(Cl)cc2C1=O,AD229B62
868,"Carbohydrate Research (2008), 343(17), 2863-2869",期刊,2008,31-013-CAS-8718266,O([C@@]1(C(OC)=O)O[C@@]([C@@H]([C@@H](COC(C)=O)OC(C)=O)OC(C)=O)([C@H](NC(C)=O)[C@@H](OC(C)=O)C1)[H])[C@@H]2[C@@H](OC(C)=O)[C@H](SC3=CC=C(C)C=C3)O[C@H](COC(C)=O)[C@@H]2OC(C)=O,thioglycoside,[Si](OC[C@H]1O[C@@H](OCCCN=[N+]=[N-])[C@@H]([C@@H](O)[C@@H]1O)N2C(=O)C=3C(C2=O)=CC=CC3)(C(C)(C)C)(C4=CC=CC=C4)C5=CC=CC=C5,Dichloromethane,ClCCl,1,Trifluoromethanesulfonic acid,O=S(=O)(O)C(F)(F)F,1,25.0,1,30.0,1,b,1,COC(=O)[C@@]1(O[C@H]2[C@@H](OC(C)=O)[C@@H](COC(C)=O)O[C@@H](Sc3ccc(C)cc3)[C@@H]2OC(C)=O)C[C@H](OC(C)=O)[C@@H](NC(C)=O)[C@H]([C@H](OC(C)=O)[C@@H](COC(C)=O)OC(C)=O)O1,CC(C)(C)[Si](OC[C@H]1O[C@@H](OCCCN=[N+]=[N-])[C@H](N2C(=O)c3ccccc3C2=O)[C@@H](O)[C@@H]1O)(c1ccccc1)c1ccccc1,E53332D5
869,"Chemistry Letters (2005), 34(11), 1556-1557",期刊,2005,31-013-CAS-7065488,O(C(C)=O)[C@@H]1[C@H]([C@H](SC2=CC=CC=C2)O[C@H](COC(C)=O)[C@H]1OC(C)=O)N3C(=O)C=4C(C3=O)=C(Cl)C(Cl)=C(Cl)C4Cl,thioglycoside,S([C@H]1[C@@H]([C@@H](OC(C)=O)[C@H](O)[C@@H](COCC2=CC=CC=C2)O1)N3C(=O)C=4C(C3=O)=C(Cl)C(Cl)=C(Cl)C4Cl)C5=CC=CC=C5,Dichloromethane,ClCCl,1,Trifluoromethanesulfonic anhydride,O=S(=O)(OS(=O)(=O)C(F)(F)F)C(F)(F)F,1,-60.0,1,30.0,1,b,1,CC(=O)OC[C@H]1O[C@@H](Sc2ccccc2)[C@H](N2C(=O)c3c(Cl)c(Cl)c(Cl)c(Cl)c3C2=O)[C@@H](OC(C)=O)[C@@H]1OC(C)=O,CC(=O)O[C@H]1[C@H](O)[C@@H](COCc2ccccc2)O[C@@H](Sc2ccccc2)[C@@H]1N1C(=O)c2c(Cl)c(Cl)c(Cl)c(Cl)c2C1=O,B15ADB9E
870,"Journal of the American Chemical Society (1995), 117(17), 4742-54",期刊,1995,31-013-CAS-12606418,O(C(C)=O)[C@@H]1[C@H]([C@H](SC)O[C@H](COC(C)=O)[C@@H]1OC(C)=O)N2C(=O)C=3C(C2=O)=CC=CC3,thioglycoside,O([C@@]1(C(OC)=O)O[C@@]([C@@H]([C@@H](COC(C)=O)OC(C)=O)OC(C)=O)([C@H](NC(C)=O)[C@@H](OC(C)=O)C1)[H])[C@@H]2[C@@H](N=[N+]=[N-])[C@H](O[C@H]3[C@H](OCC4=CC=CC=C4)[C@@H](OCC5=CC=CC=C5)[C@H](OCC[Si](C)(C)C)O[C@@H]3COCC6=CC=CC=C6)O[C@H](COCC7=CC=CC=C7)[C@@H]2O,Dichloromethane;Acetonitrile,ClCCl;N#CC,1,Diisopropylamine,N(C(C)C)C(C)C,1,,0,,0,b,1,CS[C@@H]1O[C@H](COC(C)=O)[C@H](OC(C)=O)[C@H](OC(C)=O)[C@H]1N1C(=O)c2ccccc2C1=O,COC(=O)[C@@]1(O[C@H]2[C@@H](O)[C@@H](COCc3ccccc3)O[C@@H](O[C@H]3[C@H](OCc4ccccc4)[C@@H](OCc4ccccc4)[C@H](OCC[Si](C)(C)C)O[C@@H]3COCc3ccccc3)[C@@H]2N=[N+]=[N-])C[C@H](OC(C)=O)[C@@H](NC(C)=O)[C@H]([C@H](OC(C)=O)[C@@H](COC(C)=O)OC(C)=O)O1,8491C384
871,"Journal of the American Chemical Society (2007), 129(11), 3080-3081",期刊,2007,31-614-CAS-30618647,O(CC1=CC=CC=C1)[C@@H]2[C@H]([C@H](S(=O)C3=CC=CC=C3)O[C@H](COCC4=CC=CC=C4)[C@H]2O[Si](C(C)(C)C)(C)C)N5C(=O)C=6C(C5=O)=C(Cl)C(Cl)=C(Cl)C6Cl,thioglycoside,O=C1N(C(=O)C=2C1=C(Cl)C(Cl)=C(Cl)C2Cl)[C@H]3[C@H](SC4=CC=CC=C4)O[C@H](COCC5=CC=CC=C5)[C@@H](O)[C@@H]3O,Dichloromethane,ClCCl,1,Methyleugenol,O(C1=CC=C(C=C1OC)CC=C)C,1,25.0,1,60.0,1,b,1,CC(C)(C)[Si](C)(C)O[C@H]1[C@H](OCc2ccccc2)[C@@H](N2C(=O)c3c(Cl)c(Cl)c(Cl)c(Cl)c3C2=O)[C@H](S(=O)c2ccccc2)O[C@@H]1COCc1ccccc1,O=C1c2c(Cl)c(Cl)c(Cl)c(Cl)c2C(=O)N1[C@@H]1[C@@H](O)[C@H](O)[C@@H](COCc2ccccc2)O[C@H]1Sc1ccccc1,099A7843
872,"World Intellectual Property Organization, WO2020205034 A1 2020-10-08",专利,2020,31-013-CAS-23242756,O(C[C@@H]1[C@H](OCC2=CC=CC=C2)[C@H](OC(=O)C3=CC=CC=C3)[C@@H](OC(=O)C4=CC=CC=C4)[C@H](SC5=CC=C(C)C=C5)O1)[C@@]6(C(OC)=O)O[C@@]([C@@H]([C@@H](COC(C)=O)OC(C)=O)OC(C)=O)([C@H](NC(C)=O)[C@@H](OC(C)=O)[C@H]6F)[H],thioglycoside,O([C@H]1[C@@H](OCC2=CC=CC=C2)[C@H](OCC3=CC=CC=C3)[C@@H](COCC4=CC=CC=C4)O[C@@H]1OCC=C)[C@H]5[C@H](NC(OCC(Cl)(Cl)Cl)=O)[C@@H](OCC6=CC=CC=C6)[C@H](O)[C@@H](COCC7=CC=CC=C7)O5,Dichloromethane;Diethyl ether,ClCCl;O(CC)CC,1,Trifluoromethanesulfonic acid,O=S(=O)(O)C(F)(F)F,1,-40.0,1,120.0,1,b,1,COC(=O)[C@]1(OC[C@H]2O[C@@H](Sc3ccc(C)cc3)[C@H](OC(=O)c3ccccc3)[C@@H](OC(=O)c3ccccc3)[C@H]2OCc2ccccc2)O[C@@H]([C@H](OC(C)=O)[C@@H](COC(C)=O)OC(C)=O)[C@H](NC(C)=O)[C@@H](OC(C)=O)[C@H]1F,C=CCO[C@H]1O[C@H](COCc2ccccc2)[C@@H](OCc2ccccc2)[C@H](OCc2ccccc2)[C@@H]1O[C@@H]1O[C@H](COCc2ccccc2)[C@@H](O)[C@H](OCc2ccccc2)[C@H]1NC(=O)OCC(Cl)(Cl)Cl,C6B0C94E
873,"Journal of the American Chemical Society (2019), 141(16), 6484-6488",期刊,2019,31-013-CAS-20236289,O(C[C@@H]1[C@H](OCC2=CC=CC=C2)[C@H](OC(=O)C3=CC=CC=C3)[C@@H](OC(=O)C4=CC=CC=C4)[C@H](SC5=CC=C(C)C=C5)O1)[C@@]6(C(OC)=O)O[C@@]([C@@H]([C@@H](COC(C)=O)OC(C)=O)OC(C)=O)([C@H](NC(C)=O)[C@@H](OC(C)=O)[C@H]6F)[H],thioglycoside,O([C@H]1[C@@H](OCC2=CC=CC=C2)[C@H](OCC3=CC=CC=C3)[C@@H](COCC4=CC=CC=C4)O[C@@H]1OCC=C)[C@H]5[C@H](NC(OCC(Cl)(Cl)Cl)=O)[C@@H](OCC6=CC=CC=C6)[C@H](O)[C@@H](COCC7=CC=CC=C7)O5,Dichloromethane;Diethyl ether,ClCCl;O(CC)CC,1,N-Iodosuccinimide,O=C1N(I)C(=O)CC1,1,25.0,1,60.0,1,b,1,COC(=O)[C@]1(OC[C@H]2O[C@@H](Sc3ccc(C)cc3)[C@H](OC(=O)c3ccccc3)[C@@H](OC(=O)c3ccccc3)[C@H]2OCc2ccccc2)O[C@@H]([C@H](OC(C)=O)[C@@H](COC(C)=O)OC(C)=O)[C@H](NC(C)=O)[C@@H](OC(C)=O)[C@H]1F,C=CCO[C@H]1O[C@H](COCc2ccccc2)[C@@H](OCc2ccccc2)[C@H](OCc2ccccc2)[C@@H]1O[C@@H]1O[C@H](COCc2ccccc2)[C@@H](O)[C@H](OCc2ccccc2)[C@H]1NC(=O)OCC(Cl)(Cl)Cl,C6B0C94E
874,"World Intellectual Property Organization, WO2017156192 A1 2017-09-14",专利,2017,31-013-CAS-19037590,O(C[C@@H]1[C@H](OCC2=CC=CC=C2)[C@H](OC(=O)C3=CC=CC=C3)[C@@H](OC(=O)C4=CC=CC=C4)[C@H](SC5=CC=C(C)C=C5)O1)[C@@]6(C(OC)=O)O[C@@]([C@@H]([C@@H](COC(C)=O)OC(C)=O)OC(C)=O)([C@]7([C@](C6)(OC(=O)N7)[H])[H])[H],thioglycoside,O([C@H]1[C@@H](OCC2=CC=CC=C2)[C@H](OCC3=CC=CC=C3)[C@@H](CO[C@H]4[C@H](NC(OCC(Cl)(Cl)Cl)=O)[C@@H](OCC5=CC=CC=C5)[C@H](O)[C@@H](COCC6=CC=CC=C6)O4)O[C@@H]1OC7=CC=C(OC)C=C7)[C@H]8[C@H](NC(OCC(Cl)(Cl)Cl)=O)[C@@H](OCC9=CC=CC=C9)[C@H](O[C@H]%10[C@H](OC(C)=O)[C@@H](OCC%11=CC=CC=C%11)[C@@H](OCC%12=CC=CC=C%12)[C@@H](COCC%13=CC=CC=C%13)O%10)[C@@H](COCC%14=CC=CC=C%14)O8,Dichloromethane,ClCCl,1,N-Iodosuccinimide,O=C1N(I)C(=O)CC1,1,25.0,1,60.0,1,b,1,COC(=O)[C@@]1(OC[C@H]2O[C@@H](Sc3ccc(C)cc3)[C@H](OC(=O)c3ccccc3)[C@@H](OC(=O)c3ccccc3)[C@H]2OCc2ccccc2)C[C@@H]2OC(=O)N[C@H]2[C@H]([C@H](OC(C)=O)[C@@H](COC(C)=O)OC(C)=O)O1,COc1ccc(O[C@H]2O[C@H](CO[C@@H]3O[C@H](COCc4ccccc4)[C@@H](O)[C@H](OCc4ccccc4)[C@H]3NC(=O)OCC(Cl)(Cl)Cl)[C@@H](OCc3ccccc3)[C@H](OCc3ccccc3)[C@@H]2O[C@@H]2O[C@H](COCc3ccccc3)[C@@H](O[C@@H]3O[C@H](COCc4ccccc4)[C@H](OCc4ccccc4)[C@H](OCc4ccccc4)[C@H]3OC(C)=O)[C@H](OCc3ccccc3)[C@H]2NC(=O)OCC(Cl)(Cl)Cl)cc1,619AB5F7
875,"Nature Chemistry (2016), 8(4), 338-346",期刊,2016,31-013-CAS-15942087,O(C[C@@H]1[C@H](OCC2=CC=CC=C2)[C@H](OC(=O)C3=CC=CC=C3)[C@@H](OC(=O)C4=CC=CC=C4)[C@H](SC5=CC=C(C)C=C5)O1)[C@@]6(C(OC)=O)O[C@@]([C@@H]([C@@H](COC(C)=O)OC(C)=O)OC(C)=O)([C@]7([C@](C6)(OC(=O)N7)[H])[H])[H],thioglycoside,O([C@H]1[C@@H](OCC2=CC=CC=C2)[C@H](OCC3=CC=CC=C3)[C@@H](CO[C@H]4[C@H](NC(OCC(Cl)(Cl)Cl)=O)[C@@H](OCC5=CC=CC=C5)[C@H](O)[C@@H](COCC6=CC=CC=C6)O4)O[C@@H]1OC7=CC=C(OC)C=C7)[C@H]8[C@H](NC(OCC(Cl)(Cl)Cl)=O)[C@@H](OCC9=CC=CC=C9)[C@H](O[C@H]%10[C@H](OC(C)=O)[C@@H](OCC%11=CC=CC=C%11)[C@@H](OCC%12=CC=CC=C%12)[C@@H](COCC%13=CC=CC=C%13)O%10)[C@@H](COCC%14=CC=CC=C%14)O8,Dichloromethane,ClCCl,1,Trifluoromethanesulfonic acid,O=S(=O)(O)C(F)(F)F,1,-50.0,1,120.0,1,b,1,COC(=O)[C@@]1(OC[C@H]2O[C@@H](Sc3ccc(C)cc3)[C@H](OC(=O)c3ccccc3)[C@@H](OC(=O)c3ccccc3)[C@H]2OCc2ccccc2)C[C@@H]2OC(=O)N[C@H]2[C@H]([C@H](OC(C)=O)[C@@H](COC(C)=O)OC(C)=O)O1,COc1ccc(O[C@H]2O[C@H](CO[C@@H]3O[C@H](COCc4ccccc4)[C@@H](O)[C@H](OCc4ccccc4)[C@H]3NC(=O)OCC(Cl)(Cl)Cl)[C@@H](OCc3ccccc3)[C@H](OCc3ccccc3)[C@@H]2O[C@@H]2O[C@H](COCc3ccccc3)[C@@H](O[C@@H]3O[C@H](COCc4ccccc4)[C@H](OCc4ccccc4)[C@H](OCc4ccccc4)[C@H]3OC(C)=O)[C@H](OCc3ccccc3)[C@H]2NC(=O)OCC(Cl)(Cl)Cl)cc1,619AB5F7
876,"Chemistry Letters (2005), 34(11), 1556-1557",期刊,2005,31-013-CAS-4596190,O(C(C)=O)[C@@H]1[C@H]([C@H](SC2=CC=CC=C2)O[C@H](COCC3=CC=CC=C3)[C@H]1OC(CCl)=O)N4C(=O)C=5C(C4=O)=C(Cl)C(Cl)=C(Cl)C5Cl,thioglycoside,S([C@H]1[C@@H]([C@@H](OC(C)=O)[C@H](O)[C@@H](COCC2=CC=CC=C2)O1)N3C(=O)C=4C(C3=O)=C(Cl)C(Cl)=C(Cl)C4Cl)C5=CC=CC=C5,Dichloromethane,ClCCl,1,Trifluoromethanesulfonic anhydride,O=S(=O)(OS(=O)(=O)C(F)(F)F)C(F)(F)F,1,-60.0,1,30.0,1,b,1,CC(=O)O[C@H]1[C@H](OC(=O)CCl)[C@@H](COCc2ccccc2)O[C@@H](Sc2ccccc2)[C@@H]1N1C(=O)c2c(Cl)c(Cl)c(Cl)c(Cl)c2C1=O,CC(=O)O[C@H]1[C@H](O)[C@@H](COCc2ccccc2)O[C@@H](Sc2ccccc2)[C@@H]1N1C(=O)c2c(Cl)c(Cl)c(Cl)c(Cl)c2C1=O,FF4A52E5
877,"European Journal of Organic Chemistry (2013), 2013(32), 7382-7390",期刊,2013,31-013-CAS-11179214,O(C(C)=O)[C@@H]1[C@H]([C@H](SC2=CC(C(C)(C)C)=CC=C2C)O[C@H](COCC3=CC=CC=C3)[C@H]1O[C@H]4[C@H](NC(OCC5=CC=CC=C5)=O)[C@@H](OC(C)=O)[C@H](OC(C)=O)[C@@H](COC(C)=O)O4)N6C(=O)C=7C(C6=O)=CC=CC7,thioglycoside,O(C(C)=O)[C@@H]1[C@H]([C@H](OCC2=CC=CC=C2)O[C@H](CO[Si](C(C)(C)C)(C3=CC=CC=C3)C4=CC=CC=C4)[C@H]1O[C@H]5[C@@H]([C@@H](OC(C)=O)[C@H](O)[C@@H](COC(=O)C6=CC=CC=C6)O5)N7C(=O)C=8C(C7=O)=CC=CC8)N9C(=O)C=%10C(C9=O)=CC=CC%10,Toluene,C=1C=CC(=CC1)C,1,N-Iodosuccinimide,O=C1N(I)C(=O)CC1,1,25.0,1,60.0,1,b,1,CC(=O)OC[C@H]1O[C@@H](O[C@H]2[C@H](OC(C)=O)[C@@H](N3C(=O)c4ccccc4C3=O)[C@H](Sc3cc(C(C)(C)C)ccc3C)O[C@@H]2COCc2ccccc2)[C@H](NC(=O)OCc2ccccc2)[C@@H](OC(C)=O)[C@@H]1OC(C)=O,CC(=O)O[C@H]1[C@H](O)[C@@H](COC(=O)c2ccccc2)O[C@@H](O[C@H]2[C@H](OC(C)=O)[C@@H](N3C(=O)c4ccccc4C3=O)[C@H](OCc3ccccc3)O[C@@H]2CO[Si](c2ccccc2)(c2ccccc2)C(C)(C)C)[C@@H]1N1C(=O)c2ccccc2C1=O,BDF2A6AC
878,"Journal of Organic Chemistry (2007), 72(16), 6107-6115",期刊,2007,31-013-CAS-7296941,O([C@@H]1[C@]2([C@]([C@H](OC(CCl)=O)[C@@H](COCC3=CC=CC=C3)O1)(OC(=O)N2CC4=CC=CC=C4)[H])[H])[C@@H]5[C@H](OC(C)=O)[C@@H](OC(C)=O)[C@H](SC6=C(C)C=CC=C6C)O[C@@H]5COCC7=CC=CC=C7,thioglycoside,O([C@H]1[C@@H]([C@@H](OCC2=CC=CC=C2)[C@H](O)[C@@H](COCC3=CC=CC=C3)O1)N4C(=O)C=5C(C4=O)=CC=CC5)C6=CC=C(OC)C=C6,Dichloromethane,ClCCl,1,Triethylamine,N(CC)(CC)CC,1,4.0,1,60.0,1,b,1,CC(=O)O[C@H]1[C@@H](O[C@H]2O[C@H](COCc3ccccc3)[C@@H](OC(=O)CCl)[C@@H]3OC(=O)N(Cc4ccccc4)[C@@H]23)[C@@H](COCc2ccccc2)O[C@@H](Sc2c(C)cccc2C)[C@@H]1OC(C)=O,COc1ccc(O[C@@H]2O[C@H](COCc3ccccc3)[C@@H](O)[C@H](OCc3ccccc3)[C@H]2N2C(=O)c3ccccc3C2=O)cc1,DDDB7FC0
879,"World Intellectual Property Organization, WO2008032817 A1 2008-03-20",专利,2008,31-013-CAS-8627156,O([C@@H]1[C@]2([C@]([C@H](OC(CCl)=O)[C@@H](COCC3=CC=CC=C3)O1)(OC(=O)N2CC4=CC=CC=C4)[H])[H])[C@@H]5[C@H](OC(C)=O)[C@@H](OC(C)=O)[C@H](SC6=CC=CC=C6)O[C@@H]5COCC7=CC=CC=C7,thioglycoside,O([C@H]1[C@@H]([C@@H](OCC2=CC=CC=C2)[C@H](O)[C@@H](COCC3=CC=CC=C3)O1)N4C(=O)C=5C(C4=O)=CC=CC5)C6=CC=C(OC)C=C6,Dichloromethane,ClCCl,1,Triethylamine,N(CC)(CC)CC,1,-20.0,1,45.0,1,b,1,CC(=O)O[C@H]1[C@@H](O[C@H]2O[C@H](COCc3ccccc3)[C@@H](OC(=O)CCl)[C@@H]3OC(=O)N(Cc4ccccc4)[C@@H]23)[C@@H](COCc2ccccc2)O[C@@H](Sc2ccccc2)[C@@H]1OC(C)=O,COc1ccc(O[C@@H]2O[C@H](COCc3ccccc3)[C@@H](O)[C@H](OCc3ccccc3)[C@H]2N2C(=O)c3ccccc3C2=O)cc1,8C21BEC8
880,"Journal of Organic Chemistry (2007), 72(16), 6107-6115",期刊,2007,31-013-CAS-26474,O([C@@H]1[C@]2([C@]([C@H](OC(CCl)=O)[C@@H](COCC3=CC=CC=C3)O1)(OC(=O)N2CC4=CC=CC=C4)[H])[H])[C@@H]5[C@H](OC(C)=O)[C@@H](OC(C)=O)[C@H](SC6=CC=CC=C6)O[C@@H]5COCC7=CC=CC=C7,thioglycoside,O([C@H]1[C@@H]([C@@H](OCC2=CC=CC=C2)[C@H](O)[C@@H](COCC3=CC=CC=C3)O1)N4C(=O)C=5C(C4=O)=CC=CC5)C6=CC=C(OC)C=C6,Dichloromethane,ClCCl,1,Triethylamine,N(CC)(CC)CC,1,-20.0,1,45.0,1,b,1,CC(=O)O[C@H]1[C@@H](O[C@H]2O[C@H](COCc3ccccc3)[C@@H](OC(=O)CCl)[C@@H]3OC(=O)N(Cc4ccccc4)[C@@H]23)[C@@H](COCc2ccccc2)O[C@@H](Sc2ccccc2)[C@@H]1OC(C)=O,COc1ccc(O[C@@H]2O[C@H](COCc3ccccc3)[C@@H](O)[C@H](OCc3ccccc3)[C@H]2N2C(=O)c3ccccc3C2=O)cc1,8C21BEC8
881,"Nature Chemistry (2023), 15(8), 1108-1117",期刊,2023,31-614-CAS-41884465,[Si](OC[C@@H]1[C@@H](OC(=O)C2=CC=CC=C2)[C@H](OCC3=CC=CC=C3)[C@@H](N=[N+]=[N-])[C@@H](O[C@H]4[C@H](OCC5=CC=CC=C5)[C@@H](OC(CCC(C)=O)=O)[C@H](SC6=CC=CC=C6)O[C@H]4C(OC)=O)O1)(C(C)(C)C)(C7=CC=CC=C7)C8=CC=CC=C8,thioglycoside,O([C@H]1[C@H](OCC2=CC=CC=C2)[C@@H](OC(=O)C3=CC=CC=C3)[C@H](OCCCCCN(CC4=CC=CC=C4)C(OCC5=CC=C(CCC(C(C(C(C(C(F)(F)F)(F)F)(F)F)(F)F)(F)F)(F)F)C=C5)=O)O[C@H]1C(OC)=O)[C@@H]6[C@H](NC(C(F)(F)F)=O)[C@@H](OCC7=CC=CC=C7)[C@H](O)[C@@H](COCC8=CC9=C(C=C8)C=CC=C9)O6,Dichloromethane,ClCCl,1,Silver triflate,[Ag].O=S(=O)(O)C(F)(F)F,1,25.0,1,30.0,1,a,0,COC(=O)[C@@H]1O[C@@H](Sc2ccccc2)[C@H](OC(=O)CCC(C)=O)[C@@H](OCc2ccccc2)[C@@H]1O[C@H]1O[C@H](CO[Si](c2ccccc2)(c2ccccc2)C(C)(C)C)[C@@H](OC(=O)c2ccccc2)[C@H](OCc2ccccc2)[C@H]1N=[N+]=[N-],COC(=O)[C@@H]1O[C@@H](OCCCCCN(Cc2ccccc2)C(=O)OCc2ccc(CCC(F)(F)C(F)(F)C(F)(F)C(F)(F)C(F)(F)C(F)(F)F)cc2)[C@H](OC(=O)c2ccccc2)[C@@H](OCc2ccccc2)[C@@H]1O[C@H]1O[C@H](COCc2ccc3ccccc3c2)[C@@H](O)[C@H](OCc2ccccc2)[C@H]1NC(=O)C(F)(F)F,18600AB0
882,"ChemRxiv (2022), 1-29",期刊,2022,31-614-CAS-37959633,[Si](OC[C@@H]1[C@@H](OC(=O)C2=CC=CC=C2)[C@H](OCC3=CC=CC=C3)[C@@H](N=[N+]=[N-])[C@@H](O[C@H]4[C@H](OCC5=CC=CC=C5)[C@@H](OC(CCC(C)=O)=O)[C@H](SC6=CC=CC=C6)O[C@H]4C(OC)=O)O1)(C(C)(C)C)(C7=CC=CC=C7)C8=CC=CC=C8,thioglycoside,O([C@H]1[C@H](OCC2=CC=CC=C2)[C@@H](OC(=O)C3=CC=CC=C3)[C@H](OCCCCCN(CC4=CC=CC=C4)C(OCC5=CC=C(CCC(C(C(C(C(C(F)(F)F)(F)F)(F)F)(F)F)(F)F)(F)F)C=C5)=O)O[C@H]1C(OC)=O)[C@@H]6[C@H](NC(C(F)(F)F)=O)[C@@H](OCC7=CC=CC=C7)[C@H](O)[C@@H](COCC8=CC9=C(C=C8)C=CC=C9)O6,Dichloromethane,ClCCl,1,Silver triflate,[Ag].O=S(=O)(O)C(F)(F)F,1,25.0,1,30.0,1,a,0,COC(=O)[C@@H]1O[C@@H](Sc2ccccc2)[C@H](OC(=O)CCC(C)=O)[C@@H](OCc2ccccc2)[C@@H]1O[C@H]1O[C@H](CO[Si](c2ccccc2)(c2ccccc2)C(C)(C)C)[C@@H](OC(=O)c2ccccc2)[C@H](OCc2ccccc2)[C@H]1N=[N+]=[N-],COC(=O)[C@@H]1O[C@@H](OCCCCCN(Cc2ccccc2)C(=O)OCc2ccc(CCC(F)(F)C(F)(F)C(F)(F)C(F)(F)C(F)(F)C(F)(F)F)cc2)[C@H](OC(=O)c2ccccc2)[C@@H](OCc2ccccc2)[C@@H]1O[C@H]1O[C@H](COCc2ccc3ccccc3c2)[C@@H](O)[C@H](OCc2ccccc2)[C@H]1NC(=O)C(F)(F)F,18600AB0
883,"Nature Chemistry (2023), 15(8), 1108-1117",期刊,2023,31-614-CAS-41884159,[Si](OC[C@@H]1[C@@H](OC(=O)C2=CC=CC=C2)[C@H](OCC3=CC=CC=C3)[C@@H](N=[N+]=[N-])[C@@H](O[C@H]4[C@H](OCC5=CC=CC=C5)[C@@H](OC(CCC(C)=O)=O)[C@H](SC6=CC=CC=C6)O[C@H]4C(OC)=O)O1)(C(C)(C)C)(C7=CC=CC=C7)C8=CC=CC=C8,thioglycoside,O([C@H]1[C@H](OCC2=CC=CC=C2)[C@@H](OC(=O)C3=CC=CC=C3)[C@H](OCCCCCN(CC4=CC=CC=C4)C(OCC5=CC=C(CCC(C(C(C(C(C(C(C(F)(F)F)(F)F)(F)F)(F)F)(F)F)(F)F)(F)F)(F)F)C=C5)=O)O[C@H]1C(OC)=O)[C@@H]6[C@H](NC(C(F)(F)F)=O)[C@@H](OCC7=CC=CC=C7)[C@H](O)[C@@H](COCC8=CC9=C(C=C8)C=CC=C9)O6,Dichloromethane,ClCCl,1,Silver triflate,[Ag].O=S(=O)(O)C(F)(F)F,1,25.0,1,30.0,1,a,0,COC(=O)[C@@H]1O[C@@H](Sc2ccccc2)[C@H](OC(=O)CCC(C)=O)[C@@H](OCc2ccccc2)[C@@H]1O[C@H]1O[C@H](CO[Si](c2ccccc2)(c2ccccc2)C(C)(C)C)[C@@H](OC(=O)c2ccccc2)[C@H](OCc2ccccc2)[C@H]1N=[N+]=[N-],COC(=O)[C@@H]1O[C@@H](OCCCCCN(Cc2ccccc2)C(=O)OCc2ccc(CCC(F)(F)C(F)(F)C(F)(F)C(F)(F)C(F)(F)C(F)(F)C(F)(F)C(F)(F)F)cc2)[C@H](OC(=O)c2ccccc2)[C@@H](OCc2ccccc2)[C@@H]1O[C@H]1O[C@H](COCc2ccc3ccccc3c2)[C@@H](O)[C@H](OCc2ccccc2)[C@H]1NC(=O)C(F)(F)F,4B157F1D
884,"ChemRxiv (2022), 1-29",期刊,2022,31-614-CAS-37959480,[Si](OC[C@@H]1[C@@H](OC(=O)C2=CC=CC=C2)[C@H](OCC3=CC=CC=C3)[C@@H](N=[N+]=[N-])[C@@H](O[C@H]4[C@H](OCC5=CC=CC=C5)[C@@H](OC(CCC(C)=O)=O)[C@H](SC6=CC=CC=C6)O[C@H]4C(OC)=O)O1)(C(C)(C)C)(C7=CC=CC=C7)C8=CC=CC=C8,thioglycoside,O([C@H]1[C@H](OCC2=CC=CC=C2)[C@@H](OC(=O)C3=CC=CC=C3)[C@H](OCCCCCN(CC4=CC=CC=C4)C(OCC5=CC=C(CCC(C(C(C(C(C(C(C(F)(F)F)(F)F)(F)F)(F)F)(F)F)(F)F)(F)F)(F)F)C=C5)=O)O[C@H]1C(OC)=O)[C@@H]6[C@H](NC(C(F)(F)F)=O)[C@@H](OCC7=CC=CC=C7)[C@H](O)[C@@H](COCC8=CC9=C(C=C8)C=CC=C9)O6,Dichloromethane,ClCCl,1,Silver triflate,[Ag].O=S(=O)(O)C(F)(F)F,1,25.0,1,30.0,1,a,0,COC(=O)[C@@H]1O[C@@H](Sc2ccccc2)[C@H](OC(=O)CCC(C)=O)[C@@H](OCc2ccccc2)[C@@H]1O[C@H]1O[C@H](CO[Si](c2ccccc2)(c2ccccc2)C(C)(C)C)[C@@H](OC(=O)c2ccccc2)[C@H](OCc2ccccc2)[C@H]1N=[N+]=[N-],COC(=O)[C@@H]1O[C@@H](OCCCCCN(Cc2ccccc2)C(=O)OCc2ccc(CCC(F)(F)C(F)(F)C(F)(F)C(F)(F)C(F)(F)C(F)(F)C(F)(F)C(F)(F)F)cc2)[C@H](OC(=O)c2ccccc2)[C@@H](OCc2ccccc2)[C@@H]1O[C@H]1O[C@H](COCc2ccc3ccccc3c2)[C@@H](O)[C@H](OCc2ccccc2)[C@H]1NC(=O)C(F)(F)F,4B157F1D
885,"Journal of Carbohydrate Chemistry (2002), 21(5), 385-409",期刊,2002,31-013-CAS-1437307,O([C@@]1(C(OC)=O)O[C@@]([C@@H]([C@@H](COC(C)=O)OC(C)=O)OC(C)=O)([C@H](NC(C)=O)[C@@H](OC(C)=O)C1)[H])[C@H]2[C@@H](OC(=O)C3=CC=CC=C3)[C@@H](COC(=O)C4=CC=CC=C4)O[C@@H](SC)[C@@H]2OC(=O)C5=CC=CC=C5,thioglycoside,O([C@H]1[C@@H]([C@@H](OCC2=CC=CC=C2)[C@H](O)[C@@H](COCC3=CC=CC=C3)O1)N4C(=O)C=5C(C4=O)=CC=CC5)[C@@H]6[C@@H](OCC7=CC=CC=C7)[C@H](O[C@H]8[C@H](OCC9=CC=CC=C9)[C@@H](OCC%10=CC=CC=C%10)[C@H](OCC[Si](C)(C)C)O[C@@H]8COCC%11=CC=CC=C%11)O[C@H](COCC%12=CC=CC=C%12)[C@@H]6OCC%13=CC=CC=C%13,Dichloromethane,ClCCl,1,Triethylamine,N(CC)(CC)CC,1,25.0,1,360.0,1,b,1,COC(=O)[C@@]1(O[C@H]2[C@@H](OC(=O)c3ccccc3)[C@@H](COC(=O)c3ccccc3)O[C@@H](SC)[C@@H]2OC(=O)c2ccccc2)C[C@H](OC(C)=O)[C@@H](NC(C)=O)[C@H]([C@H](OC(C)=O)[C@@H](COC(C)=O)OC(C)=O)O1,C[Si](C)(C)CCO[C@@H]1O[C@H](COCc2ccccc2)[C@@H](O[C@@H]2O[C@H](COCc3ccccc3)[C@H](OCc3ccccc3)[C@H](O[C@@H]3O[C@H](COCc4ccccc4)[C@@H](O)[C@H](OCc4ccccc4)[C@H]3N3C(=O)c4ccccc4C3=O)[C@H]2OCc2ccccc2)[C@H](OCc2ccccc2)[C@H]1OCc1ccccc1,853ACCDA
886,"European Journal of Organic Chemistry (2013), 2013(32), 7382-7390",期刊,2013,31-614-CAS-31005281,O(C(C)=O)[C@@H]1[C@H]([C@H](S(=O)C2=CC(C(C)(C)C)=CC=C2C)O[C@H](COCC3=CC=CC=C3)[C@H]1O[C@H]4[C@H](NC(OCC5=CC=CC=C5)=O)[C@@H](OC(C)=O)[C@H](OC(C)=O)[C@@H](COC(C)=O)O4)N6C(=O)C=7C(C6=O)=CC=CC7,thioglycoside,O(C(C)=O)[C@@H]1[C@H]([C@H](OCC2=CC=CC=C2)O[C@H](CO[Si](C(C)(C)C)(C3=CC=CC=C3)C4=CC=CC=C4)[C@H]1O[C@H]5[C@@H]([C@@H](OC(C)=O)[C@H](O)[C@@H](COC(=O)C6=CC=C(OC)C=C6)O5)N7C(=O)C=8C(C7=O)=CC=CC8)N9C(=O)C=%10C(C9=O)=CC=CC%10,Dichloromethane,ClCCl,1,N-Iodosuccinimide,O=C1N(I)C(=O)CC1,1,25.0,1,60.0,1,a,0,CC(=O)OC[C@H]1O[C@@H](O[C@H]2[C@H](OC(C)=O)[C@@H](N3C(=O)c4ccccc4C3=O)[C@H](S(=O)c3cc(C(C)(C)C)ccc3C)O[C@@H]2COCc2ccccc2)[C@H](NC(=O)OCc2ccccc2)[C@@H](OC(C)=O)[C@@H]1OC(C)=O,COc1ccc(C(=O)OC[C@H]2O[C@@H](O[C@H]3[C@H](OC(C)=O)[C@@H](N4C(=O)c5ccccc5C4=O)[C@H](OCc4ccccc4)O[C@@H]3CO[Si](c3ccccc3)(c3ccccc3)C(C)(C)C)[C@H](N3C(=O)c4ccccc4C3=O)[C@@H](OC(C)=O)[C@@H]2O)cc1,8EC4900F
887,"Journal of Organic Chemistry (1998), 63(25), 9323-9338",期刊,1998,31-013-CAS-10707464,O(C(C)=O)[C@@H]1[C@@H](NC(OCC(Cl)(Cl)Cl)=O)[C@H](SCC)O[C@H](COCC2=CC=CC=C2)[C@@H]1OC(C)=O,thioglycoside,O=C1N(C(=O)C=2C1=C(Cl)C(Cl)=C(Cl)C2Cl)[C@H]3[C@H](OC4=CC=C(OC)C=C4)O[C@H](COCC5=CC=CC=C5)[C@@H](O)[C@@H]3O,Dichloromethane;Acetonitrile,ClCCl;N#CC,1,Silver triflate,[Ag].O=S(=O)(O)C(F)(F)F,1,,0,,0,b,1,CCS[C@@H]1O[C@H](COCc2ccccc2)[C@H](OC(C)=O)[C@H](OC(C)=O)[C@H]1NC(=O)OCC(Cl)(Cl)Cl,COc1ccc(O[C@@H]2O[C@H](COCc3ccccc3)[C@@H](O)[C@H](O)[C@H]2N2C(=O)c3c(Cl)c(Cl)c(Cl)c(Cl)c3C2=O)cc1,CD683F47
888,"Journal of Organic Chemistry (2018), 83(9), 4963-4972",期刊,2018,31-013-CAS-18776248,O([C@@]1(C(OC)=O)O[C@@]([C@@H]([C@@H](COC(C)=O)OC(C)=O)OC(C)=O)([C@]2([C@](C1)(OC(=O)N2C(C)=O)[H])[H])[H])[C@@H]3[C@@H](OC(C)=O)[C@H](SC4=CC=CC=C4)O[C@H](COCC5=CC=CC=C5)[C@@H]3OC(C)=O,thioglycoside,[Si](O[C@H]1[C@H](NC(OCC(Cl)(Cl)Cl)=O)[C@@H](O[C@H]2[C@@H](OCC3=CC=CC=C3)[C@H](OCC4=CC=CC=C4)[C@H](OCC5=CC=CC=C5)[C@H](C)O2)[C@H](O)[C@@H](COCC6=CC=CC=C6)O1)(C(C)(C)C)(C7=CC=CC=C7)C8=CC=CC=C8,Dichloromethane,ClCCl,1,Trifluoromethanesulfonic acid,O=S(=O)(O)C(F)(F)F,1,25.0,1,60.0,1,b,1,COC(=O)[C@@]1(O[C@H]2[C@@H](OC(C)=O)[C@@H](COCc3ccccc3)O[C@@H](Sc3ccccc3)[C@@H]2OC(C)=O)C[C@@H]2OC(=O)N(C(C)=O)[C@H]2[C@H]([C@H](OC(C)=O)[C@@H](COC(C)=O)OC(C)=O)O1,C[C@@H]1O[C@@H](O[C@H]2[C@H](O)[C@@H](COCc3ccccc3)O[C@@H](O[Si](c3ccccc3)(c3ccccc3)C(C)(C)C)[C@@H]2NC(=O)OCC(Cl)(Cl)Cl)[C@@H](OCc2ccccc2)[C@H](OCc2ccccc2)[C@@H]1OCc1ccccc1,7B094289
889,"Journal of the American Chemical Society (2007), 129(11), 3080-3081",期刊,2007,31-614-CAS-30686019,O([C@H]1[C@@H]([C@@H](OCC2=CC=CC=C2)[C@H](O[Si](C(C)(C)C)(C)C)[C@@H](COCC3=CC=CC=C3)O1)N4C(=O)C=5C(C4=O)=C(Cl)C(Cl)=C(Cl)C5Cl)[C@@H]6[C@@H](COCC7=CC=CC=C7)O[C@@H](S(=O)C8=CC=CC=C8)[C@@H]([C@H]6O)N9C(=O)C=%10C(C9=O)=C(Cl)C(Cl)=C(Cl)C%10Cl,thioglycoside,O([C@H]1[C@@H]([C@@H](OCC2=CC=CC=C2)[C@H](O)[C@@H](COCC3=CC=CC=C3)O1)N4C(=O)C=5C(C4=O)=C(Cl)C(Cl)=C(Cl)C5Cl)[C@@H]6[C@@H](COCC7=CC=CC=C7)O[C@@H](SC8=CC=CC=C8)[C@@H]([C@H]6O)N9C(=O)C=%10C(C9=O)=C(Cl)C(Cl)=C(Cl)C%10Cl,Dichloromethane,ClCCl,1,Methyleugenol,O(C1=CC=C(C=C1OC)CC=C)C,1,25.0,1,60.0,1,b,1,CC(C)(C)[Si](C)(C)O[C@H]1[C@H](OCc2ccccc2)[C@@H](N2C(=O)c3c(Cl)c(Cl)c(Cl)c(Cl)c3C2=O)[C@H](O[C@H]2[C@H](O)[C@@H](N3C(=O)c4c(Cl)c(Cl)c(Cl)c(Cl)c4C3=O)[C@H](S(=O)c3ccccc3)O[C@@H]2COCc2ccccc2)O[C@@H]1COCc1ccccc1,O=C1c2c(Cl)c(Cl)c(Cl)c(Cl)c2C(=O)N1[C@@H]1[C@@H](O)[C@H](O[C@@H]2O[C@H](COCc3ccccc3)[C@@H](O)[C@H](OCc3ccccc3)[C@H]2N2C(=O)c3c(Cl)c(Cl)c(Cl)c(Cl)c3C2=O)[C@@H](COCc2ccccc2)O[C@H]1Sc1ccccc1,1118A87A
890,"Chemistry Letters (2005), 34(11), 1556-1557",期刊,2005,31-357-CAS-6725732,O([C@H]1[C@@H]([C@@H](OC(C)=O)[C@H](OC(CCl)=O)[C@@H](COCC2=CC=CC=C2)O1)N3C(=O)C=4C(C3=O)=C(Cl)C(Cl)=C(Cl)C4Cl)[C@H]5[C@H](OC(C)=O)[C@H]([C@H](SC6=CC=CC=C6)O[C@@H]5COCC7=CC=CC=C7)N8C(=O)C=9C(C8=O)=C(Cl)C(Cl)=C(Cl)C9Cl,thioglycoside,O(C(C)=O)[C@@H]1[C@H]([C@H](SC2=CC=CC=C2)O[C@H](COCC3=CC=CC=C3)[C@H]1O[C@H]4[C@@H]([C@@H](OC(C)=O)[C@H](O)[C@@H](COCC5=CC=CC=C5)O4)N6C(=O)C=7C(C6=O)=C(Cl)C(Cl)=C(Cl)C7Cl)N8C(=O)C=9C(C8=O)=C(Cl)C(Cl)=C(Cl)C9Cl,Dichloromethane,ClCCl,1,Trifluoromethanesulfonic anhydride,O=S(=O)(OS(=O)(=O)C(F)(F)F)C(F)(F)F,1,-60.0,1,30.0,1,b,1,CC(=O)O[C@H]1[C@H](O[C@@H]2O[C@H](COCc3ccccc3)[C@@H](OC(=O)CCl)[C@H](OC(C)=O)[C@H]2N2C(=O)c3c(Cl)c(Cl)c(Cl)c(Cl)c3C2=O)[C@@H](COCc2ccccc2)O[C@@H](Sc2ccccc2)[C@@H]1N1C(=O)c2c(Cl)c(Cl)c(Cl)c(Cl)c2C1=O,CC(=O)O[C@H]1[C@H](O[C@@H]2O[C@H](COCc3ccccc3)[C@@H](O)[C@H](OC(C)=O)[C@H]2N2C(=O)c3c(Cl)c(Cl)c(Cl)c(Cl)c3C2=O)[C@@H](COCc2ccccc2)O[C@@H](Sc2ccccc2)[C@@H]1N1C(=O)c2c(Cl)c(Cl)c(Cl)c(Cl)c2C1=O,9DE2F98F
891,"Chemistry Letters (2005), 34(11), 1556-1557",期刊,2005,31-357-CAS-10990353,O([C@H]1[C@@H]([C@@H](OC(C)=O)[C@H](O[C@H]2[C@@H]([C@@H](OC(C)=O)[C@H](OC(CCl)=O)[C@@H](COCC3=CC=CC=C3)O2)N4C(=O)C=5C(C4=O)=C(Cl)C(Cl)=C(Cl)C5Cl)[C@@H](COCC6=CC=CC=C6)O1)N7C(=O)C=8C(C7=O)=C(Cl)C(Cl)=C(Cl)C8Cl)[C@H]9[C@H](OC(C)=O)[C@H]([C@H](O[C@H]%10[C@H](OC(C)=O)[C@H]([C@H](SC%11=CC=CC=C%11)O[C@@H]%10COCC%12=CC=CC=C%12)N%13C(=O)C=%14C(C%13=O)=C(Cl)C(Cl)=C(Cl)C%14Cl)O[C@@H]9COCC%15=CC=CC=C%15)N%16C(=O)C=%17C(C%16=O)=C(Cl)C(Cl)=C(Cl)C%17Cl,thioglycoside,O(C(C)=O)[C@@H]1[C@H]([C@H](SC2=CC=CC=C2)O[C@H](COCC3=CC=CC=C3)[C@H]1O[C@H]4[C@@H]([C@@H](OC(C)=O)[C@H](O)[C@@H](COCC5=CC=CC=C5)O4)N6C(=O)C=7C(C6=O)=C(Cl)C(Cl)=C(Cl)C7Cl)N8C(=O)C=9C(C8=O)=C(Cl)C(Cl)=C(Cl)C9Cl,Dichloromethane,ClCCl,1,Trifluoromethanesulfonic anhydride,O=S(=O)(OS(=O)(=O)C(F)(F)F)C(F)(F)F,1,-60.0,1,30.0,1,b,1,CC(=O)O[C@H]1[C@H](O[C@@H]2O[C@H](COCc3ccccc3)[C@@H](O[C@@H]3O[C@H](COCc4ccccc4)[C@@H](O[C@@H]4O[C@H](COCc5ccccc5)[C@@H](OC(=O)CCl)[C@H](OC(C)=O)[C@H]4N4C(=O)c5c(Cl)c(Cl)c(Cl)c(Cl)c5C4=O)[C@H](OC(C)=O)[C@H]3N3C(=O)c4c(Cl)c(Cl)c(Cl)c(Cl)c4C3=O)[C@H](OC(C)=O)[C@H]2N2C(=O)c3c(Cl)c(Cl)c(Cl)c(Cl)c3C2=O)[C@@H](COCc2ccccc2)O[C@@H](Sc2ccccc2)[C@@H]1N1C(=O)c2c(Cl)c(Cl)c(Cl)c(Cl)c2C1=O,CC(=O)O[C@H]1[C@H](O[C@@H]2O[C@H](COCc3ccccc3)[C@@H](O)[C@H](OC(C)=O)[C@H]2N2C(=O)c3c(Cl)c(Cl)c(Cl)c(Cl)c3C2=O)[C@@H](COCc2ccccc2)O[C@@H](Sc2ccccc2)[C@@H]1N1C(=O)c2c(Cl)c(Cl)c(Cl)c(Cl)c2C1=O,EE08E191
892,"Organic Letters (2024), 26(3), 745-750",期刊,2024,31-614-CAS-45240845,O([C@H]1[C@H](OCC2=CC=CC=C2)[C@@]([C@H](OCC3=CC=CC=C3)COCC4=CC=CC=C4)(O[C@@H](SC5=CC=CC=C5)[C@H]1OCC6=CC7=C(C=C6)C=CC=C7)[H])[C@H]8[C@H](OCC9=CC=CC=C9)C[C@@H](OCC%10=CC=CC=C%10)[C@H](C)O8,thioglycoside,O([C@@H]1[C@@H](NC(C(Cl)(Cl)Cl)=O)[C@H](OCCCNC(OCC2=CC=CC=C2)=O)O[C@H](C)[C@H]1NC(C[C@H]3O[C@H](O[C@@H](C)C3)C4=CC=CC=C4)=O)[C@H]5[C@@H](N=[N+]=[N-])[C@H](OCC6=CC=CC=C6)[C@H](O)[C@H](C)O5,Dichloroethane,ClCCCl,1,Trimethylsilyl triflate,O=S(=O)(O[Si](C)(C)C)C(F)(F)F,1,25.0,1,30.0,1,a,0,C[C@@H]1O[C@@H](O[C@H]2[C@H](OCc3ccccc3)[C@@H]([C@@H](COCc3ccccc3)OCc3ccccc3)O[C@@H](Sc3ccccc3)[C@H]2OCc2ccc3ccccc3c2)[C@H](OCc2ccccc2)C[C@H]1OCc1ccccc1,C[C@@H]1O[C@@H](O[C@@H]2[C@@H](NC(=O)C(Cl)(Cl)Cl)[C@H](OCCCNC(=O)OCc3ccccc3)O[C@H](C)[C@H]2NC(=O)C[C@@H]2C[C@H](C)O[C@H](c3ccccc3)O2)[C@@H](N=[N+]=[N-])[C@H](OCc2ccccc2)[C@@H]1O,3C5BA861
893,"Angewandte Chemie, International Edition (2020), 59(16), 6451-6458",期刊,2020,31-013-CAS-21774311,O(CC1=CC=CC=C1)[C@H]2[C@H](OCC3=CC=CC=C3)[C@@H](N=[N+]=[N-])[C@H](SC4=CC=C(C)C=C4)O[C@@H]2COC(C)=O,thioglycoside,O([C@H]1[C@H](OC(C)=O)[C@@H](NC(OCC(Cl)(Cl)Cl)=O)[C@H](OCCCN(CC2=CC=CC=C2)C(OCC3=CC=CC=C3)=O)O[C@@H]1CO[C@@H]4[C@@H](NC(OCC(Cl)(Cl)Cl)=O)[C@H](O[C@H]5[C@@H](N=[N+]=[N-])[C@@H](N=[N+]=[N-])[C@H](O)[C@@H](C(OC)=O)O5)[C@H](N(C(OCC6=CC=CC=C6)=O)C)[C@H](C)O4)[C@@H]7[C@@H](OCC8=CC=CC=C8)[C@@H](OCC9=CC=CC=C9)[C@H](OCC%10=CC=CC=C%10)[C@@]([C@H](COC(C)=O)OC(C)=O)(O7)[H],Dichloromethane;Diethyl ether,ClCCl;O(CC)CC,1,Triethylamine,N(CC)(CC)CC,1,25.0,1,20.0,1,a,0,CC(=O)OC[C@H]1O[C@@H](Sc2ccc(C)cc2)[C@H](N=[N+]=[N-])[C@@H](OCc2ccccc2)[C@@H]1OCc1ccccc1,COC(=O)[C@H]1O[C@@H](O[C@H]2[C@H](NC(=O)OCC(Cl)(Cl)Cl)[C@@H](OC[C@H]3O[C@@H](OCCCN(Cc4ccccc4)C(=O)OCc4ccccc4)[C@H](NC(=O)OCC(Cl)(Cl)Cl)[C@@H](OC(C)=O)[C@@H]3O[C@H]3O[C@H]([C@H](COC(C)=O)OC(C)=O)[C@@H](OCc4ccccc4)[C@H](OCc4ccccc4)[C@@H]3OCc3ccccc3)O[C@@H](C)[C@H]2N(C)C(=O)OCc2ccccc2)[C@@H](N=[N+]=[N-])[C@@H](N=[N+]=[N-])[C@@H]1O,5DE23D10
894,"Nature Chemistry (2023), 15(8), 1108-1117",期刊,2023,31-614-CAS-41884456,[Si](OC[C@@H]1[C@@H](OC(=O)C2=CC=CC=C2)[C@H](OCC3=CC=CC=C3)[C@@H](N=[N+]=[N-])[C@@H](O[C@H]4[C@H](OCC5=CC=CC=C5)[C@@H](OC(CCC(C)=O)=O)[C@H](SC6=CC=CC=C6)O[C@H]4C(OC)=O)O1)(C(C)(C)C)(C7=CC=CC=C7)C8=CC=CC=C8,thioglycoside,O([C@H]1[C@H](OCC2=CC=CC=C2)[C@@H](OC(OCC3C=4C(C=5C3=CC=CC5)=CC=CC4)=O)[C@H](OCCCCCN(CC6=CC=CC=C6)C(OCC7=CC=C(CCC(C(C(C(C(C(F)(F)F)(F)F)(F)F)(F)F)(F)F)(F)F)C=C7)=O)O[C@H]1C(OC)=O)[C@@H]8[C@H](NC(C(F)(F)F)=O)[C@@H](OCC9=CC=CC=C9)[C@H](O)[C@@H](COCC%10=CC%11=C(C=C%10)C=CC=C%11)O8,Dichloromethane,ClCCl,1,Silver triflate,[Ag].O=S(=O)(O)C(F)(F)F,1,25.0,1,20.0,1,a,0,COC(=O)[C@@H]1O[C@@H](Sc2ccccc2)[C@H](OC(=O)CCC(C)=O)[C@@H](OCc2ccccc2)[C@@H]1O[C@H]1O[C@H](CO[Si](c2ccccc2)(c2ccccc2)C(C)(C)C)[C@@H](OC(=O)c2ccccc2)[C@H](OCc2ccccc2)[C@H]1N=[N+]=[N-],COC(=O)[C@@H]1O[C@@H](OCCCCCN(Cc2ccccc2)C(=O)OCc2ccc(CCC(F)(F)C(F)(F)C(F)(F)C(F)(F)C(F)(F)C(F)(F)F)cc2)[C@H](OC(=O)OCC2c3ccccc3-c3ccccc32)[C@@H](OCc2ccccc2)[C@@H]1O[C@H]1O[C@H](COCc2ccc3ccccc3c2)[C@@H](O)[C@H](OCc2ccccc2)[C@H]1NC(=O)C(F)(F)F,C27CA146
895,"ChemRxiv (2022), 1-29",期刊,2022,31-614-CAS-37959617,[Si](OC[C@@H]1[C@@H](OC(=O)C2=CC=CC=C2)[C@H](OCC3=CC=CC=C3)[C@@H](N=[N+]=[N-])[C@@H](O[C@H]4[C@H](OCC5=CC=CC=C5)[C@@H](OC(CCC(C)=O)=O)[C@H](SC6=CC=CC=C6)O[C@H]4C(OC)=O)O1)(C(C)(C)C)(C7=CC=CC=C7)C8=CC=CC=C8,thioglycoside,O([C@H]1[C@H](OCC2=CC=CC=C2)[C@@H](OC(OCC3C=4C(C=5C3=CC=CC5)=CC=CC4)=O)[C@H](OCCCCCN(CC6=CC=CC=C6)C(OCC7=CC=C(CCC(C(C(C(C(C(F)(F)F)(F)F)(F)F)(F)F)(F)F)(F)F)C=C7)=O)O[C@H]1C(OC)=O)[C@@H]8[C@H](NC(C(F)(F)F)=O)[C@@H](OCC9=CC=CC=C9)[C@H](O)[C@@H](COCC%10=CC%11=C(C=C%10)C=CC=C%11)O8,Dichloromethane,ClCCl,1,Silver triflate,[Ag].O=S(=O)(O)C(F)(F)F,1,25.0,1,20.0,1,a,0,COC(=O)[C@@H]1O[C@@H](Sc2ccccc2)[C@H](OC(=O)CCC(C)=O)[C@@H](OCc2ccccc2)[C@@H]1O[C@H]1O[C@H](CO[Si](c2ccccc2)(c2ccccc2)C(C)(C)C)[C@@H](OC(=O)c2ccccc2)[C@H](OCc2ccccc2)[C@H]1N=[N+]=[N-],COC(=O)[C@@H]1O[C@@H](OCCCCCN(Cc2ccccc2)C(=O)OCc2ccc(CCC(F)(F)C(F)(F)C(F)(F)C(F)(F)C(F)(F)C(F)(F)F)cc2)[C@H](OC(=O)OCC2c3ccccc3-c3ccccc32)[C@@H](OCc2ccccc2)[C@@H]1O[C@H]1O[C@H](COCc2ccc3ccccc3c2)[C@@H](O)[C@H](OCc2ccccc2)[C@H]1NC(=O)C(F)(F)F,C27CA146
896,"Organic & Biomolecular Chemistry (2016), 14(46), 10812-10815",期刊,2016,31-013-CAS-16486920,O(C[C@@H]1[C@H](OCC2=CC=CC=C2)[C@H](OCC3=CC=CC=C3)[C@@H](OC(=O)C4=CC=CC=C4)[C@H](SC5=CC=C(C)C=C5)O1)[C@@]6(C(OC)=O)O[C@@]([C@@H]([C@@H](COC(C)=O)OC(C)=O)OC(C)=O)([C@]7([C@](C6)(OC(=O)N7C(C)=O)[H])[H])[H],thioglycoside,N(C(OCC(Cl)(Cl)Cl)=O)[C@@H]1[C@@H](OCC2=CC=CC=C2)[C@H](O)[C@@H](COCC3=CC=CC=C3)O[C@H]1OCCCCCN=[N+]=[N-],Dichloromethane;Diethyl ether,ClCCl;O(CC)CC,1,Trifluoromethanesulfonic acid,O=S(=O)(O)C(F)(F)F,1,25.0,1,,0,b,1,COC(=O)[C@@]1(OC[C@H]2O[C@@H](Sc3ccc(C)cc3)[C@H](OC(=O)c3ccccc3)[C@@H](OCc3ccccc3)[C@H]2OCc2ccccc2)C[C@@H]2OC(=O)N(C(C)=O)[C@H]2[C@H]([C@H](OC(C)=O)[C@@H](COC(C)=O)OC(C)=O)O1,[N-]=[N+]=NCCCCCO[C@@H]1O[C@H](COCc2ccccc2)[C@@H](O)[C@H](OCc2ccccc2)[C@H]1NC(=O)OCC(Cl)(Cl)Cl,C58D53F2
897,"Organic & Biomolecular Chemistry (2016), 14(46), 10812-10815",期刊,2016,31-013-CAS-16486922,O(C[C@@H]1[C@@H](OCC2=CC=CC=C2)[C@H](OCC3=CC=CC=C3)[C@@H](OC(=O)C4=CC=CC=C4)[C@H](SC5=CC=C(C)C=C5)O1)[C@@]6(C(OC)=O)O[C@@]([C@@H]([C@@H](COC(C)=O)OC(C)=O)OC(C)=O)([C@]7([C@](C6)(OC(=O)N7C(C)=O)[H])[H])[H],thioglycoside,N(C(OCC(Cl)(Cl)Cl)=O)[C@@H]1[C@@H](OCC2=CC=CC=C2)[C@H](O)[C@@H](COCC3=CC=CC=C3)O[C@H]1OCCCCCN=[N+]=[N-],Dichloromethane;Diethyl ether,ClCCl;O(CC)CC,1,Trifluoromethanesulfonic acid,O=S(=O)(O)C(F)(F)F,1,25.0,1,,0,b,1,COC(=O)[C@@]1(OC[C@H]2O[C@@H](Sc3ccc(C)cc3)[C@H](OC(=O)c3ccccc3)[C@@H](OCc3ccccc3)[C@@H]2OCc2ccccc2)C[C@@H]2OC(=O)N(C(C)=O)[C@H]2[C@H]([C@H](OC(C)=O)[C@@H](COC(C)=O)OC(C)=O)O1,[N-]=[N+]=NCCCCCO[C@@H]1O[C@H](COCc2ccccc2)[C@@H](O)[C@H](OCc2ccccc2)[C@H]1NC(=O)OCC(Cl)(Cl)Cl,1511777B
898,"United States, US5874411 A 1999-02-23",专利,1999,31-013-CAS-11151410,O(C(C)=O)[C@@H]1[C@@H](OC(C)=O)[C@H](SC2=CC=CC=C2)O[C@H](COC(C)=O)[C@@H]1OC(C)=O,thioglycoside,O([C@@H]1[C@H]([C@H](NC(=O)C2=CC=CC=C2)O[C@H](COCC3=CC=CC=C3)[C@H]1O)N4C(=O)C=5C(C4=O)=CC=CC5)[C@H]6[C@@H](OCC7=CC=CC=C7)[C@H](OCC8=CC=CC=C8)C[C@H](C)O6,,,0,Trifluoromethanesulfonic acid,O=S(=O)(O)C(F)(F)F,1,-20.0,1,60.0,1,b,1,CC(=O)OC[C@H]1O[C@@H](Sc2ccccc2)[C@H](OC(C)=O)[C@@H](OC(C)=O)[C@H]1OC(C)=O,C[C@H]1C[C@@H](OCc2ccccc2)[C@H](OCc2ccccc2)[C@H](O[C@H]2[C@H](O)[C@@H](COCc3ccccc3)O[C@@H](NC(=O)c3ccccc3)[C@@H]2N2C(=O)c3ccccc3C2=O)O1,B423354A
899,"Chemistry - A European Journal (2008), 14(23), 7072-7081",期刊,2008,31-013-CAS-4019424,O([C@@]1(C(OC)=O)O[C@@]([C@@H]([C@@H](COC(C)=O)OC(C)=O)OC(C)=O)([C@H](NC(C(Cl)(Cl)Cl)=O)[C@@H](OC(C)=O)C1)[H])[C@H]2[C@@]3([C@](O[C@@H](SC4=CC=C(C)C=C4)[C@@H]2OC(=O)C5=CC=CC=C5)(CO[C@@H](O3)C6=CC=CC=C6)[H])[H],thioglycoside,O=C1N(C(=O)C=2C1=CC=CC2)[C@H]3[C@H](SC4=CC=C(C)C=C4)O[C@H](COCC5=CC=CC=C5)[C@@H](O)[C@@H]3O,Dichloromethane;Acetonitrile,ClCCl;N#CC,1,Triethylamine,N(CC)(CC)CC,1,-78.0,1,30.0,1,b,1,COC(=O)[C@@]1(O[C@H]2[C@H]3O[C@@H](c4ccccc4)OC[C@H]3O[C@@H](Sc3ccc(C)cc3)[C@@H]2OC(=O)c2ccccc2)C[C@H](OC(C)=O)[C@@H](NC(=O)C(Cl)(Cl)Cl)[C@H]([C@H](OC(C)=O)[C@@H](COC(C)=O)OC(C)=O)O1,Cc1ccc(S[C@@H]2O[C@H](COCc3ccccc3)[C@@H](O)[C@H](O)[C@H]2N2C(=O)c3ccccc3C2=O)cc1,8E6843C8
900,"ACS Chemical Biology (2020), 15(9), 2382-2394",期刊,2020,31-614-CAS-24501395,O([C@@]1(C(OC)=O)O[C@@]([C@@H]([C@@H](COC(C)=O)OC(C)=O)OC(C)=O)([C@]2([C@](C1)(OC(=O)N2C(C)=O)[H])[H])[H])[C@@H]3[C@@H](OC(=O)C4=CC=CC=C4)[C@H](SC5=CC=C(C)C=C5)O[C@H](COC(=O)C6=CC=CC=C6)[C@@H]3OC(=O)C7=CC=CC=C7,thioglycoside,O([C@H]1[C@@H](OCC2=CC=CC=C2)[C@H](OCC3=CC=CC=C3)[C@@H](CO[C@H]4[C@H](NC(OCC(Cl)(Cl)Cl)=O)[C@@H](OCC5=CC=CC=C5)[C@H](O[C@H]6[C@H](OC(C)=O)[C@@H](OCC7=CC=CC=C7)[C@@H](OCC8=CC=CC=C8)[C@@H](COCC9=CC=CC=C9)O6)[C@@H](COCC%10=CC=CC=C%10)O4)O[C@@H]1OC%11=CC=C(OC)C=C%11)[C@H]%12[C@H](NC(OCC(Cl)(Cl)Cl)=O)[C@@H](OCC%13=CC=CC=C%13)[C@H](O)[C@@H](COCC%14=CC=CC=C%14)O%12,Dichloromethane,ClCCl,1,Triethylamine,N(CC)(CC)CC,1,25.0,1,60.0,1,b,1,COC(=O)[C@@]1(O[C@H]2[C@@H](OC(=O)c3ccccc3)[C@@H](COC(=O)c3ccccc3)O[C@@H](Sc3ccc(C)cc3)[C@@H]2OC(=O)c2ccccc2)C[C@@H]2OC(=O)N(C(C)=O)[C@H]2[C@H]([C@H](OC(C)=O)[C@@H](COC(C)=O)OC(C)=O)O1,COc1ccc(O[C@H]2O[C@H](CO[C@@H]3O[C@H](COCc4ccccc4)[C@@H](O[C@@H]4O[C@H](COCc5ccccc5)[C@H](OCc5ccccc5)[C@H](OCc5ccccc5)[C@H]4OC(C)=O)[C@H](OCc4ccccc4)[C@H]3NC(=O)OCC(Cl)(Cl)Cl)[C@@H](OCc3ccccc3)[C@H](OCc3ccccc3)[C@@H]2O[C@@H]2O[C@H](COCc3ccccc3)[C@@H](O)[C@H](OCc3ccccc3)[C@H]2NC(=O)OCC(Cl)(Cl)Cl)cc1,1BDDAC5D
901,"ACS Chemical Biology (2020), 15(9), 2382-2394",期刊,2020,31-614-CAS-24501387,O([C@@]1(C(OC)=O)O[C@@]([C@@H]([C@@H](COC(C)=O)OC(C)=O)OC(C)=O)([C@]2([C@](C1)(OC(=O)N2C(C)=O)[H])[H])[H])[C@@H]3[C@@H](OC(=O)C4=CC=CC=C4)[C@H](SC5=CC=C(C)C=C5)O[C@H](COC(=O)C6=CC=CC=C6)[C@@H]3OC(=O)C7=CC=CC=C7,thioglycoside,O([C@H]1[C@@H](OCC2=CC=CC=C2)[C@H](OCC3=CC=CC=C3)[C@@H](CO[C@H]4[C@H](NC(OCC(Cl)(Cl)Cl)=O)[C@@H](OCC5=CC=CC=C5)[C@H](O)[C@@H](COCC6=CC=CC=C6)O4)O[C@@H]1OC7=CC=C(OC)C=C7)[C@H]8[C@H](NC(OCC(Cl)(Cl)Cl)=O)[C@@H](OCC9=CC=CC=C9)[C@H](O[C@H]%10[C@H](OC(C)=O)[C@@H](OCC%11=CC=CC=C%11)[C@@H](OCC%12=CC=CC=C%12)[C@@H](COCC%13=CC=CC=C%13)O%10)[C@@H](COCC%14=CC=CC=C%14)O8,Dichloromethane,ClCCl,1,Trimethylsilyl triflate,O=S(=O)(O[Si](C)(C)C)C(F)(F)F,1,25.0,1,60.0,1,b,1,COC(=O)[C@@]1(O[C@H]2[C@@H](OC(=O)c3ccccc3)[C@@H](COC(=O)c3ccccc3)O[C@@H](Sc3ccc(C)cc3)[C@@H]2OC(=O)c2ccccc2)C[C@@H]2OC(=O)N(C(C)=O)[C@H]2[C@H]([C@H](OC(C)=O)[C@@H](COC(C)=O)OC(C)=O)O1,COc1ccc(O[C@H]2O[C@H](CO[C@@H]3O[C@H](COCc4ccccc4)[C@@H](O)[C@H](OCc4ccccc4)[C@H]3NC(=O)OCC(Cl)(Cl)Cl)[C@@H](OCc3ccccc3)[C@H](OCc3ccccc3)[C@@H]2O[C@@H]2O[C@H](COCc3ccccc3)[C@@H](O[C@@H]3O[C@H](COCc4ccccc4)[C@H](OCc4ccccc4)[C@H](OCc4ccccc4)[C@H]3OC(C)=O)[C@H](OCc3ccccc3)[C@H]2NC(=O)OCC(Cl)(Cl)Cl)cc1,B5270AC8
902,"Journal of the American Chemical Society (2006), 128(47), 15084-15085",期刊,2006,31-614-CAS-29170155,S(=O)([C@H]1[C@@H]([C@@H](O)[C@H](O[C@H]2[C@H](OC(=O)C3=CC=CC=C3)[C@@H](OCC4=CC=CC=C4)[C@@H](OCC5=CC=CC=C5)[C@@H](C(OCC[Si](C)(C)C)=O)O2)[C@@H](C)O1)N6C(=O)C=7C(C6=O)=C(Cl)C(Cl)=C(Cl)C7Cl)C8=CC=CC=C8,thioglycoside,O([C@H]1[C@@H]([C@@H](OC(C)=O)[C@H](O)[C@@H](COCC2=CC=C(OC)C=C2)O1)N3C(=O)C=4C(C3=O)=C(Cl)C(Cl)=C(Cl)C4Cl)[C@@H]5[C@@H](OC(OC6=CC=CC=C6)=O)[C@](C)(O)[C@@H](C(OC7=CC=CC=C7)=O)O[C@H]5OCC[Si](C)(C)C,Dichloromethane,ClCCl,1,Methyleugenol,O(C1=CC=C(C=C1OC)CC=C)C,1,25.0,1,60.0,1,b,1,C[C@H]1O[C@@H](S(=O)c2ccccc2)[C@H](N2C(=O)c3c(Cl)c(Cl)c(Cl)c(Cl)c3C2=O)[C@@H](O)[C@@H]1O[C@@H]1O[C@H](C(=O)OCC[Si](C)(C)C)[C@H](OCc2ccccc2)[C@H](OCc2ccccc2)[C@H]1OC(=O)c1ccccc1,COc1ccc(COC[C@H]2O[C@@H](O[C@H]3[C@H](OCC[Si](C)(C)C)O[C@H](C(=O)Oc4ccccc4)[C@@](C)(O)[C@@H]3OC(=O)Oc3ccccc3)[C@H](N3C(=O)c4c(Cl)c(Cl)c(Cl)c(Cl)c4C3=O)[C@@H](OC(C)=O)[C@@H]2O)cc1,51DC62B0
903,"World Intellectual Property Organization, WO2009046314 A2 2009-04-09",专利,2009,31-614-CAS-27856064,S(=O)([C@H]1[C@@H]([C@@H](O)[C@H](O[C@H]2[C@H](OC(=O)C3=CC=CC=C3)[C@@H](OCC4=CC=CC=C4)[C@@H](OCC5=CC=CC=C5)[C@@H](C(OCC[Si](C)(C)C)=O)O2)[C@@H](C)O1)N6C(=O)C=7C(C6=O)=C(Cl)C(Cl)=C(Cl)C7Cl)C8=CC=CC=C8,thioglycoside,O([C@H]1[C@@H]([C@@H](OC(C)=O)[C@H](O)[C@@H](COCC2=CC=C(OC)C=C2)O1)N3C(=O)C=4C(C3=O)=C(Cl)C(Cl)=C(Cl)C4Cl)[C@@H]5[C@@H](OC(OC6=CC=CC=C6)=O)[C@](C)(O)[C@@H](C(OC7=CC=CC=C7)=O)O[C@H]5OCC[Si](C)(C)C,Dichloromethane,ClCCl,1,Methyleugenol,O(C1=CC=C(C=C1OC)CC=C)C,1,25.0,1,60.0,1,b,1,C[C@H]1O[C@@H](S(=O)c2ccccc2)[C@H](N2C(=O)c3c(Cl)c(Cl)c(Cl)c(Cl)c3C2=O)[C@@H](O)[C@@H]1O[C@@H]1O[C@H](C(=O)OCC[Si](C)(C)C)[C@H](OCc2ccccc2)[C@H](OCc2ccccc2)[C@H]1OC(=O)c1ccccc1,COc1ccc(COC[C@H]2O[C@@H](O[C@H]3[C@H](OCC[Si](C)(C)C)O[C@H](C(=O)Oc4ccccc4)[C@@](C)(O)[C@@H]3OC(=O)Oc3ccccc3)[C@H](N3C(=O)c4c(Cl)c(Cl)c(Cl)c(Cl)c4C3=O)[C@@H](OC(C)=O)[C@@H]2O)cc1,51DC62B0
904,"United States, US5874411 A 1999-02-23",专利,1999,31-013-CAS-7313950,O(C(C)=O)[C@@H]1[C@@H](OC(C)=O)[C@H](SC2=CC=CC=C2)O[C@H](COC(C)=O)[C@@H]1OC(C)=O,thioglycoside,O([C@@H]1[C@H]([C@H](NC(=O)C2=CC=CC=C2)O[C@H](COCC3=CC=CC=C3)[C@H]1O)N4C(=O)C=5C(C4=O)=CC=CC5)[C@H]6[C@@H](OCC7=CC=CC=C7)[C@H](OCC8=CC=CC=C8)[C@H](OCC9=CC=CC=C9)[C@H](C)O6,Dichloromethane;Diethyl ether,ClCCl;O(CC)CC,1,Trifluoromethanesulfonic acid,O=S(=O)(O)C(F)(F)F,1,-20.0,1,120.0,1,b,1,CC(=O)OC[C@H]1O[C@@H](Sc2ccccc2)[C@H](OC(C)=O)[C@@H](OC(C)=O)[C@H]1OC(C)=O,C[C@@H]1O[C@@H](O[C@H]2[C@H](O)[C@@H](COCc3ccccc3)O[C@@H](NC(=O)c3ccccc3)[C@@H]2N2C(=O)c3ccccc3C2=O)[C@@H](OCc2ccccc2)[C@H](OCc2ccccc2)[C@@H]1OCc1ccccc1,5B9E6D78
905,"Organic Letters (2016), 18(21), 5552-5555",期刊,2016,31-013-CAS-16304236,[C@H]([C@@H](COC(C)=O)OC(C)=O)(OC(C)=O)[C@]1([C@]2([C@](C[C@](O[C@H]3[C@@]4([C@](O[C@@H](SC5=CC=C(C)C=C5)[C@@H]3OC(=O)C6=CC=CC=C6)(CO[C@@H](O4)C7=CC=CC=C7)[H])[H])(C(OC)=O)O1)(OC(=O)N2C(C)=O)[H])[H])[H],thioglycoside,O=C1N(C(=O)C=2C1=CC=CC2)[C@H]3[C@H](SC4=CC=C(C)C=C4)O[C@H](COCC5=CC=CC=C5)[C@@H](O)[C@@H]3O,Dichloromethane;Acetonitrile,ClCCl;N#CC,1,Triethylamine,N(CC)(CC)CC,1,25.0,1,40.0,1,b,1,COC(=O)[C@@]1(O[C@H]2[C@H]3O[C@@H](c4ccccc4)OC[C@H]3O[C@@H](Sc3ccc(C)cc3)[C@@H]2OC(=O)c2ccccc2)C[C@@H]2OC(=O)N(C(C)=O)[C@H]2[C@H]([C@H](OC(C)=O)[C@@H](COC(C)=O)OC(C)=O)O1,Cc1ccc(S[C@@H]2O[C@H](COCc3ccccc3)[C@@H](O)[C@H](O)[C@H]2N2C(=O)c3ccccc3C2=O)cc1,26D483B7
906,"World Intellectual Property Organization, WO2005051920 A2 2005-06-09",专利,2005,31-013-CAS-5259422,O(C(=O)C1=CC=CC=C1)[C@H]2[C@@H](OC(=O)C3=CC=CC=C3)[C@@H](COC(=O)C4=CC=CC=C4)O[C@@H](SCC)[C@@H]2OC(=O)C5=CC=CC=C5,thioglycoside,O([C@@H]1[C@@H](NC(=O)C=2N(CC3=CC=CC=C3)C(=O)N(CC4=CC=CC=C4)C(=O)C2)[C@H](OCCCCCCCCC(OC)=O)O[C@H](COCC5=CC=CC=C5)[C@H]1O)[C@H]6[C@@H](OCC7=CC=CC=C7)[C@H](OCC8=CC=CC=C8)[C@H](OCC9=CC=CC=C9)[C@H](C)O6,Dichloromethane,ClCCl,1,Trifluoromethanesulfonic acid,O=S(=O)(O)C(F)(F)F,1,-5.0,1,30.0,1,b,1,CCS[C@@H]1O[C@H](COC(=O)c2ccccc2)[C@H](OC(=O)c2ccccc2)[C@H](OC(=O)c2ccccc2)[C@H]1OC(=O)c1ccccc1,COC(=O)CCCCCCCCO[C@@H]1O[C@H](COCc2ccccc2)[C@@H](O)[C@H](O[C@@H]2O[C@@H](C)[C@@H](OCc3ccccc3)[C@@H](OCc3ccccc3)[C@@H]2OCc2ccccc2)[C@H]1NC(=O)c1cc(=O)n(Cc2ccccc2)c(=O)n1Cc1ccccc1,6A69402E
907,"United States, US20040219158 A1 2004-11-04",专利,2004,31-013-CAS-4863402,O(C(=O)C1=CC=CC=C1)[C@H]2[C@@H](OC(=O)C3=CC=CC=C3)[C@@H](COC(=O)C4=CC=CC=C4)O[C@@H](SCC)[C@@H]2OC(=O)C5=CC=CC=C5,thioglycoside,O([C@@H]1[C@@H](NC(=O)C=2N(CC3=CC=CC=C3)C(=O)N(CC4=CC=CC=C4)C(=O)C2)[C@H](OCCCCCCCCC(OC)=O)O[C@H](COCC5=CC=CC=C5)[C@H]1O)[C@H]6[C@@H](OCC7=CC=CC=C7)[C@H](OCC8=CC=CC=C8)[C@H](OCC9=CC=CC=C9)[C@H](C)O6,Dichloromethane,ClCCl,1,Trifluoromethanesulfonic acid,O=S(=O)(O)C(F)(F)F,1,-5.0,1,30.0,1,b,1,CCS[C@@H]1O[C@H](COC(=O)c2ccccc2)[C@H](OC(=O)c2ccccc2)[C@H](OC(=O)c2ccccc2)[C@H]1OC(=O)c1ccccc1,COC(=O)CCCCCCCCO[C@@H]1O[C@H](COCc2ccccc2)[C@@H](O)[C@H](O[C@@H]2O[C@@H](C)[C@@H](OCc3ccccc3)[C@@H](OCc3ccccc3)[C@@H]2OCc2ccccc2)[C@H]1NC(=O)c1cc(=O)n(Cc2ccccc2)c(=O)n1Cc1ccccc1,6A69402E
908,"World Intellectual Property Organization, WO2004058304 A1 2004-07-15",专利,2004,31-013-CAS-7574988,O(C(=O)C1=CC=CC=C1)[C@H]2[C@@H](OC(=O)C3=CC=CC=C3)[C@@H](COC(=O)C4=CC=CC=C4)O[C@@H](SCC)[C@@H]2OC(=O)C5=CC=CC=C5,thioglycoside,O([C@@H]1[C@@H](NC(=O)C=2N(CC3=CC=CC=C3)C(=O)N(CC4=CC=CC=C4)C(=O)C2)[C@H](OCCCCCCCCC(OC)=O)O[C@H](COCC5=CC=CC=C5)[C@H]1O)[C@H]6[C@@H](OCC7=CC=CC=C7)[C@H](OCC8=CC=CC=C8)[C@H](OCC9=CC=CC=C9)[C@H](C)O6,Dichloromethane,ClCCl,1,Trifluoromethanesulfonic acid,O=S(=O)(O)C(F)(F)F,1,-5.0,1,30.0,1,b,1,CCS[C@@H]1O[C@H](COC(=O)c2ccccc2)[C@H](OC(=O)c2ccccc2)[C@H](OC(=O)c2ccccc2)[C@H]1OC(=O)c1ccccc1,COC(=O)CCCCCCCCO[C@@H]1O[C@H](COCc2ccccc2)[C@@H](O)[C@H](O[C@@H]2O[C@@H](C)[C@@H](OCc3ccccc3)[C@@H](OCc3ccccc3)[C@@H]2OCc2ccccc2)[C@H]1NC(=O)c1cc(=O)n(Cc2ccccc2)c(=O)n1Cc1ccccc1,6A69402E
909,"Chemistry - A European Journal (2019), 25(71), 16277-16287",期刊,2019,31-013-CAS-21471842,[C@H]([C@@H](COC(C)=O)OC(C)=O)(OC(C)=O)[C@]1([C@]2([C@](C[C@](O[C@H]3[C@@]4([C@](O[C@@H](SC5=CC=C(C)C=C5)[C@@H]3OC(=O)C6=CC=CC=C6)(CO[C@@H](O4)C7=CC=CC=C7)[H])[H])(C(OC)=O)O1)(OC(=O)N2C(C)=O)[H])[H])[H],thioglycoside,O([C@H]1[C@@H]([C@@H](OCC2=CC=CC=C2)[C@H](O)[C@@H](COCC3=CC=CC=C3)O1)N4C(=O)C=5C(C4=O)=CC=CC5)[C@H]6[C@@H](O[C@H]7[C@H](OC(C)=O)[C@@H](OCC8=CC=CC=C8)[C@H](OCC9=CC=CC=C9)[C@@H](COCC%10=CC=CC=C%10)O7)[C@@H](COC(=O)C%11=CC=CC=C%11)O[C@@H](OCCCN=[N+]=[N-])[C@@H]6OC(=O)C%12=CC=CC=C%12,Dichloromethane,ClCCl,1,N-Iodosuccinimide,O=C1N(I)C(=O)CC1,1,-40.0,1,180.0,1,b,1,COC(=O)[C@@]1(O[C@H]2[C@H]3O[C@@H](c4ccccc4)OC[C@H]3O[C@@H](Sc3ccc(C)cc3)[C@@H]2OC(=O)c2ccccc2)C[C@@H]2OC(=O)N(C(C)=O)[C@H]2[C@H]([C@H](OC(C)=O)[C@@H](COC(C)=O)OC(C)=O)O1,CC(=O)O[C@H]1[C@H](O[C@@H]2[C@H](O[C@@H]3O[C@H](COCc4ccccc4)[C@@H](O)[C@H](OCc4ccccc4)[C@H]3N3C(=O)c4ccccc4C3=O)[C@@H](OC(=O)c3ccccc3)[C@H](OCCCN=[N+]=[N-])O[C@@H]2COC(=O)c2ccccc2)O[C@H](COCc2ccccc2)[C@@H](OCc2ccccc2)[C@@H]1OCc1ccccc1,0C2EA194
910,"Journal of Organic Chemistry (2018), 83(11), 5920-5930",期刊,2018,31-013-CAS-18800708,[C@H]([C@@H](COC(C)=O)OC(C)=O)(OC(C)=O)[C@]1([C@]2([C@](C[C@](O[C@H]3[C@@]4([C@](O[C@@H](SC5=CC=C(C)C=C5)[C@@H]3OC(=O)C6=CC=CC=C6)(CO[C@@H](O4)C7=CC=CC=C7)[H])[H])(C(OC)=O)O1)(OC(=O)N2C(C)=O)[H])[H])[H],thioglycoside,O([C@H]1[C@@H]([C@@H](OCC2=CC=CC=C2)[C@H](O)[C@@H](COCC3=CC=CC=C3)O1)N4C(=O)C=5C(C4=O)=CC=CC5)[C@@H]6[C@@H](OC(=O)C7=CC=CC=C7)[C@H](O[C@H]8[C@H](OCC9=CC=CC=C9)[C@@H](OC(=O)C%10=CC=CC=C%10)[C@H](O[C@H]%11[C@H](OCC%12=CC=CC=C%12)[C@@H](COCC%13=CC=CC=C%13)O[C@@H](OCCN=[N+]=[N-])[C@@H]%11OCC%14=CC=CC=C%14)O[C@@H]8COCC%15=CC=CC=C%15)O[C@H](CO[Si](C(C)(C)C)(C)C)[C@@H]6OCC%16=CC=CC=C%16,Dichloromethane,ClCCl,1,N-Iodosuccinimide,O=C1N(I)C(=O)CC1,1,0.0,1,30.0,1,b,1,COC(=O)[C@@]1(O[C@H]2[C@H]3O[C@@H](c4ccccc4)OC[C@H]3O[C@@H](Sc3ccc(C)cc3)[C@@H]2OC(=O)c2ccccc2)C[C@@H]2OC(=O)N(C(C)=O)[C@H]2[C@H]([C@H](OC(C)=O)[C@@H](COC(C)=O)OC(C)=O)O1,CC(C)(C)[Si](C)(C)OC[C@H]1O[C@@H](O[C@H]2[C@H](OCc3ccccc3)[C@@H](OC(=O)c3ccccc3)[C@H](O[C@@H]3[C@@H](OCc4ccccc4)[C@H](OCCN=[N+]=[N-])O[C@H](COCc4ccccc4)[C@H]3OCc3ccccc3)O[C@@H]2COCc2ccccc2)[C@H](OC(=O)c2ccccc2)[C@@H](O[C@@H]2O[C@H](COCc3ccccc3)[C@@H](O)[C@H](OCc3ccccc3)[C@H]2N2C(=O)c3ccccc3C2=O)[C@H]1OCc1ccccc1,6114A413
911,"Organic Letters (2015), 17(5), 1102-1105",期刊,2015,31-013-CAS-7871468,O([C@@]1(C(OC)=O)O[C@@]([C@@H]([C@@H](COC(CCl)=O)OC(CCl)=O)OC(CCl)=O)([C@]2([C@](C1)(OC(=O)N2)[H])[H])[H])[C@H]3[C@@]4([C@](O[C@@H](SC5=CC=CC=C5)[C@@H]3OC(=O)C6=CC=CC=C6)(CO[C@@H](O4)C7=CC=CC=C7)[H])[H],thioglycoside,O([C@H]1[C@@H]([C@@H](OCC2=CC=CC=C2)[C@H](O)[C@@H](COCC3=CC=CC=C3)O1)N4C(=O)C=5C(C4=O)=CC=CC5)[C@H]6[C@@H](O[C@H]7[C@H](OC(=O)C8=CC=CC=C8)[C@@H](OCC9=CC=CC=C9)[C@H](O[Si](C(C)(C)C)(C)C)[C@@H](COCC%10=CC=CC=C%10)O7)[C@@H](COCC%11=CC=CC=C%11)O[C@@H](OCCN=[N+]=[N-])[C@@H]6OC(=O)C%12=CC=CC=C%12,Dichloromethane,ClCCl,1,Sodium bicarbonate,[Na].O=C(O)O,1,25.0,1,120.0,1,b,1,COC(=O)[C@@]1(O[C@H]2[C@H]3O[C@@H](c4ccccc4)OC[C@H]3O[C@@H](Sc3ccccc3)[C@@H]2OC(=O)c2ccccc2)C[C@@H]2OC(=O)N[C@H]2[C@H]([C@H](OC(=O)CCl)[C@@H](COC(=O)CCl)OC(=O)CCl)O1,CC(C)(C)[Si](C)(C)O[C@H]1[C@H](OCc2ccccc2)[C@@H](OC(=O)c2ccccc2)[C@H](O[C@@H]2[C@H](O[C@@H]3O[C@H](COCc4ccccc4)[C@@H](O)[C@H](OCc4ccccc4)[C@H]3N3C(=O)c4ccccc4C3=O)[C@@H](OC(=O)c3ccccc3)[C@H](OCCN=[N+]=[N-])O[C@@H]2COCc2ccccc2)O[C@@H]1COCc1ccccc1,156F08F1
912,"Japan, JP2009215241 A 2009-09-24",专利,2009,31-013-CAS-2096727,O([C@H]1[C@@H]([C@@H](OC(=O)C2=CC=CC=C2)[C@H](OC(C)=O)[C@@H](CN3C(=O)N(C(=O)C4=CC=CC=C4)C(=O)C(C)=C3)O1)N5C(=O)C=6C(C5=O)=CC=CC6)[C@H]7[C@H](OC(C)=O)[C@H]([C@H](SC8=CC=CC=C8)O[C@@H]7CN9C(=O)N(C(=O)C%10=CC=CC=C%10)C(=O)C(C)=C9)N%11C(=O)C=%12C(C%11=O)=CC=CC%12,thioglycoside,O([C@H]1[C@@H]([C@@H](O)[C@H](O)[C@@H](CN2C(=O)N(C(=O)C3=CC=CC=C3)C(=O)C(C)=C2)O1)N4C(=O)C=5C(C4=O)=CC=CC5)[C@@H]6[C@@H](CN7C(=O)N(C(=O)C8=CC=CC=C8)C(=O)C(C)=C7)O[C@@H](F)[C@@H]([C@H]6O)N9C(=O)C=%10C(C9=O)=CC=CC%10,Dichloromethane,ClCCl,1,N-Iodosuccinimide,O=C1N(I)C(=O)CC1,1,-20.0,1,20.0,1,b,1,CC(=O)O[C@H]1[C@H](O[C@@H]2O[C@H](Cn3cc(C)c(=O)n(C(=O)c4ccccc4)c3=O)[C@@H](OC(C)=O)[C@H](OC(=O)c3ccccc3)[C@H]2N2C(=O)c3ccccc3C2=O)[C@@H](Cn2cc(C)c(=O)n(C(=O)c3ccccc3)c2=O)O[C@@H](Sc2ccccc2)[C@@H]1N1C(=O)c2ccccc2C1=O,Cc1cn(C[C@H]2O[C@@H](O[C@H]3[C@H](O)[C@@H](N4C(=O)c5ccccc5C4=O)[C@H](F)O[C@@H]3Cn3cc(C)c(=O)n(C(=O)c4ccccc4)c3=O)[C@H](N3C(=O)c4ccccc4C3=O)[C@@H](O)[C@@H]2O)c(=O)n(C(=O)c2ccccc2)c1=O,200A9E07
