id,reaction_id,split,label,prob_beta,threshold,prediction,correct,donor_smiles,acceptor_smiles,encoder_type,model_type,seed,Pair_Key,Donor_Type,Year
13,31-010-CAS-16011315,val,0,0.0029734233394265175,0.4899999999999999,0,1,N=C(O[C@@H]1O[C@H]2CO[C@@H](c3ccccc3)O[C@H]2[C@H](OCc2ccccc2)[C@H]1OC(=O)c1ccccc1)C(Cl)(Cl)Cl,CC(C)(C)[Si](C)(C)O[C@@H]1O[C@H](COC(=O)c2ccccc2)[C@@H](O)[C@H](OCc2ccccc2)[C@H]1N=[N+]=[N-],chiral_gine,crossattn,1,C61AB117,trichloroacetimidate,2014
24,31-010-CAS-18013624,val,1,0.9601719975471497,0.4899999999999999,1,1,CC(=O)OC[C@H]1O[C@@H](OC(=N)C(Cl)(Cl)Cl)[C@H](N2C(=O)c3ccccc3C2=O)[C@@H](OC(C)=O)[C@@H]1OC(C)=O,CC(C)(C)[Si](C)(C)OC[C@H]1O[C@@H](N=[N+]=[N-])[C@H](N2C(=O)c3ccccc3C2=O)[C@@H](OC(=O)c2ccccc2)[C@@H]1O,chiral_gine,crossattn,1,0EB76DEA,trichloroacetimidate,2017
34,31-010-CAS-16500849,val,0,0.004861669614911079,0.4899999999999999,0,1,C[C@H]1O[C@H](OC(=N)C(Cl)(Cl)Cl)[C@H](OCc2ccccc2)[C@@H](OCc2ccccc2)[C@H]1N=[N+]=[N-],C=CCO[C@H]1O[C@H](COC(C)=O)[C@@H](O)[C@H](OCc2ccccc2)[C@@H]1N=[N+]=[N-],chiral_gine,crossattn,1,530316EC,trichloroacetimidate,2012
49,31-010-CAS-7855866,val,0,0.08641023933887482,0.4899999999999999,0,1,CC(=O)OC[C@H]1O[C@H](OC(=N)C(Cl)(Cl)Cl)[C@@H](OC(=O)c2ccccc2)[C@@H](OC(=O)c2ccccc2)[C@@H]1OC(C)=O,CO[C@H]1O[C@H](COC(=O)c2ccccc2)[C@@H](O)[C@H](OC(=O)c2ccccc2)[C@H]1NC(C)=O,chiral_gine,crossattn,1,C32D5B13,trichloroacetimidate,2004
50,31-614-CAS-24990873,val,0,0.08641023933887482,0.4899999999999999,0,1,CC(=O)OC[C@H]1O[C@H](OC(=N)C(Cl)(Cl)Cl)[C@@H](OC(=O)c2ccccc2)[C@@H](OC(=O)c2ccccc2)[C@@H]1OC(C)=O,CO[C@H]1O[C@H](COC(=O)c2ccccc2)[C@@H](O)[C@H](OC(=O)c2ccccc2)[C@H]1NC(C)=O,chiral_gine,crossattn,1,C32D5B13,trichloroacetimidate,2021
55,31-010-CAS-5571602,val,1,0.98124760389328,0.4899999999999999,1,1,CC(=O)OC[C@H]1O[C@H](OC(=N)C(Cl)(Cl)Cl)[C@H](NC(=O)OCC(Cl)(Cl)Cl)[C@@H](OC(C)=O)[C@@H]1OC(C)=O,C/C=C/[C@H]1O[C@H](COCc2ccccc2)[C@@H](O)[C@H](O[C@H](C)C(=O)N[C@@H](C)C(=O)OC)[C@H]1NC(C)=O,chiral_gine,crossattn,1,9846A5D3,trichloroacetimidate,2015
93,31-010-CAS-14237873,val,1,0.9790167212486267,0.4899999999999999,1,1,CC(=O)OC[C@H]1O[C@H](OC(=N)C(Cl)(Cl)Cl)[C@H](OC(C)=O)[C@@H](OC(C)=O)[C@H]1OC(C)=O,CC(C)(C)[Si](OC[C@H]1O[C@@H](O[Si](c2ccccc2)(c2ccccc2)C(C)(C)C)[C@@H]2NC(=O)O[C@H]2[C@@H]1O)(c1ccccc1)c1ccccc1,chiral_gine,crossattn,1,A747FE39,trichloroacetimidate,2008
95,31-010-CAS-1790037,val,1,0.9597770571708679,0.4899999999999999,1,1,CC(=O)OC[C@H]1O[C@@H](OC(=N)C(Cl)(Cl)Cl)[C@H](N2C(=O)c3ccccc3C2=O)[C@@H](OC(C)=O)[C@@H]1OC(C)=O,COc1ccc(CO[C@@H]2O[C@H](CO[Si](C)(C)C(C)(C)C)[C@@H](O)[C@H](OCc3ccc(OC)cc3)[C@H]2N2C(=O)c3ccccc3C2=O)cc1,chiral_gine,crossattn,1,55D8138F,trichloroacetimidate,2004
96,31-010-CAS-7424216,val,1,0.7387816309928894,0.4899999999999999,1,1,CC(=O)OC[C@H]1O[C@@H](OC(=N)C(Cl)(Cl)Cl)[C@H](N2C(=O)COCC2=O)[C@@H](OC(C)=O)[C@@H]1OC(C)=O,CC(C)C(C)(C)[Si](C)(C)O[C@@H]1O[C@H](COCc2ccccc2)[C@@H](O)[C@H](OCc2ccccc2)[C@H]1N=[N+]=[N-],chiral_gine,crossattn,1,9B3C1F1C,trichloroacetimidate,2005
110,31-010-CAS-9786456,val,1,0.925969660282135,0.4899999999999999,1,1,CC(=O)O[C@H]1[C@@H](OC(=N)C(Cl)(Cl)Cl)O[C@H](CCl)[C@H](Cl)[C@@H]1OC(C)=O,COC(=O)CCCCCCCCO[C@@H]1O[C@H](COCc2ccccc2)[C@@H](O)[C@H](O[C@@H]2O[C@@H](C)[C@@H](OCc3ccccc3)[C@@H](OCc3ccccc3)[C@@H]2OCc2ccccc2)[C@H]1NC(C)=O,chiral_gine,crossattn,1,1F88CB75,trichloroacetimidate,1999
111,31-010-CAS-6138226,val,1,0.9750708937644958,0.4899999999999999,1,1,CC(=O)OC[C@H]1O[C@@H](OC(=N)C(Cl)(Cl)Cl)[C@H](OC(C)=O)[C@@H](OC(C)=O)[C@H]1OC(C)=O,CC(C)(C)[Si](OC[C@H]1O[C@@H](OCCOCCOCCN=[N+]=[N-])[C@H](N2C(=O)c3ccccc3C2=O)[C@@H](O)[C@@H]1O)(c1ccccc1)c1ccccc1,chiral_gine,crossattn,1,B9789815,trichloroacetimidate,2011
121,31-010-CAS-13012645,val,1,0.8072764277458191,0.4899999999999999,1,1,COC(=O)[C@H]1OC(OC(=N)C(Cl)(Cl)Cl)[C@H](OC(=O)C(C)(C)CCOC(C)=O)[C@@H](OCc2ccccc2)[C@@H]1OCc1ccc2ccccc2c1,CC(=O)CCC(=O)OC[C@H]1O[C@H](OCCCCCN(Cc2ccccc2)C(=O)OCc2ccccc2)[C@H](N=[N+]=[N-])[C@@H](OCc2ccccc2)[C@@H]1O,chiral_gine,crossattn,1,46DBEC6B,trichloroacetimidate,2014
122,31-010-CAS-3623667,val,1,0.9638320207595825,0.4899999999999999,1,1,N=C(OC1O[C@@H]2CO[C@@H](c3ccccc3)O[C@H]2[C@H](OCc2ccccc2)[C@H]1N1C(=O)c2ccccc2C1=O)C(Cl)(Cl)Cl,O=C1c2ccccc2C(=O)N1[C@@H]1[C@@H](O)[C@H](O)[C@@H](COCc2ccccc2)O[C@H]1Sc1ccccc1,chiral_gine,crossattn,1,C29217DA,trichloroacetimidate,2005
126,31-010-CAS-16569614,val,1,0.06946581602096558,0.4899999999999999,0,0,CC(C)(C)C(=O)OC[C@H]1O[C@H](OC(=N)C(Cl)(Cl)Cl)[C@H](OC(=O)C(C)(C)C)[C@@H](OC(=O)C(C)(C)C)[C@H]1Cl,CO[C@@H]1O[C@H](COC(=O)c2ccccc2)[C@@H](O)[C@H](OC(=O)CCl)[C@H]1NC(C)=O,chiral_gine,crossattn,1,E10E462D,trichloroacetimidate,2012
128,31-010-CAS-19010376,val,0,0.47110044956207275,0.4899999999999999,0,1,CC(=O)O[C@H]1[C@@H](NC(=O)OCC(Cl)(Cl)Cl)[C@@H](C)OC(OC(=N)C(Cl)(Cl)Cl)[C@@H]1N=[N+]=[N-],COc1ccc(O[C@@H]2O[C@H](COCc3ccccc3)[C@H](O)[C@H](O[C@@H]3O[C@@H]([C@@H](COCc4ccccc4)OCc4ccccc4)[C@H](OCc4ccccc4)[C@H]3OCc3ccccc3)[C@H]2N=[N+]=[N-])cc1,chiral_gine,crossattn,1,0504DA92,trichloroacetimidate,2018
132,31-010-CAS-10269107,val,0,0.3217777609825134,0.4899999999999999,0,1,N=C(O[C@@H]1O[C@H](COCc2ccccc2)[C@@H](OCc2ccccc2)[C@H](OCc2ccccc2)[C@@H]1OCc1ccccc1)C(Cl)(Cl)Cl,[N-]=[N+]=N[C@@H]1[C@@H](OCc2ccccc2)[C@H](O)[C@@H](COCc2ccccc2)O[C@@H]1Sc1ccccc1,chiral_gine,crossattn,1,80CBCAA6,trichloroacetimidate,1999
134,31-614-CAS-24415800,val,0,0.9583213925361633,0.4899999999999999,1,0,N=C(O[C@H]1O[C@@H]2CO[C@@H](c3ccc4ccccc4c3)O[C@H]2[C@H](OCc2ccccc2)[C@H]1OCc1ccccc1)C(Cl)(Cl)Cl,O=C1c2ccccc2C(=O)N1[C@H]1[C@H](OCc2ccccc2)O[C@H](COCc2ccccc2)[C@@H](O)[C@@H]1OCc1ccccc1,chiral_gine,crossattn,1,934B1B24,trichloroacetimidate,2021
137,31-010-CAS-245058,val,1,0.6928441524505615,0.4899999999999999,1,1,CC(=O)CCC(=O)O[C@H]1C(OC(=N)C(Cl)(Cl)Cl)O[C@H](C(=O)OCc2ccccc2)[C@@H](OCc2ccccc2)[C@@H]1OCc1ccccc1,C=CCO[C@@H]1O[C@@H](C)[C@@H](O)[C@@H](OC(C)=O)[C@@H]1N=[N+]=[N-],chiral_gine,crossattn,1,C508F89E,trichloroacetimidate,2012
158,31-010-CAS-11985866,val,1,0.9631279110908508,0.4899999999999999,1,1,CC(=O)OC[C@H]1O[C@H](OC(=N)C(Cl)(Cl)Cl)[C@H](NC(=O)C(Cl)(Cl)Cl)[C@@H](OC(C)=O)[C@@H]1OC(C)=O,COC(=O)[C@H](C)NC(=O)[C@@H](C)O[C@H]1[C@H](O)[C@@H](COCc2ccccc2)O[C@@H](OC)[C@@H]1NC(C)=O,chiral_gine,crossattn,1,0EC7BAD8,trichloroacetimidate,2011
160,31-010-CAS-8349698,val,1,0.969980001449585,0.4899999999999999,1,1,CC(=O)OC[C@H]1O[C@H](OC(=N)C(Cl)(Cl)Cl)[C@H](OC(C)=O)[C@@H](OC(C)=O)[C@H]1OC(C)=O,CCCCCCCCO[C@@H]1O[C@H](CO[Si](C)(C)C(C)(C)C)[C@@H](O)[C@H](O)[C@H]1N1C(=O)c2ccccc2C1=O,chiral_gine,crossattn,1,2BB1CD66,trichloroacetimidate,2009
162,31-010-CAS-9312819,val,0,0.3917583227157593,0.4899999999999999,0,1,N=C(O[C@H]1O[C@H](COCc2ccccc2)[C@@H](OCc2ccccc2)[C@H](OCc2ccccc2)[C@@H]1OCc1ccccc1)C(Cl)(Cl)Cl,CC(=O)OC[C@H]1O[C@H](O[C@@H]2[C@@H](OCc3ccccc3)[C@H](OCc3ccccc3)[C@@H](OCc3ccccc3)[C@@H](OC(C)=O)[C@H]2OC(C)=O)[C@H](N=Cc2ccccc2C(F)(F)F)[C@@H](OC(C)=O)[C@@H]1O,chiral_gine,crossattn,1,D29EE84C,trichloroacetimidate,2013
165,31-010-CAS-8259794,val,1,0.9827495813369751,0.4899999999999999,1,1,CC(=O)OC[C@H]1O[C@H](OC(=N)C(Cl)(Cl)Cl)[C@H](OC(C)=O)[C@@H](OC(C)=O)[C@H]1OC(C)=O,COC(=O)CCCCCCCCO[C@@H]1O[C@H](CCl)[C@@H](O)[C@H](O[C@@H]2O[C@@H](C)[C@@H](OCc3ccccc3)[C@@H](OCc3ccccc3)[C@@H]2OCc2ccccc2)[C@H]1NC(C)=O,chiral_gine,crossattn,1,7B19B741,trichloroacetimidate,1999
176,31-010-CAS-1554973,val,1,0.973984956741333,0.4899999999999999,1,1,N=C(O[C@H]1O[C@H](COCc2ccccc2)[C@@H](OCc2ccccc2)[C@H](OCc2ccccc2)[C@H]1OC(=O)c1ccccc1)C(Cl)(Cl)Cl,C=CCO[C@H]1[C@H](O)[C@@H](COCc2ccc(OC)cc2)O[C@@H](O[Si](C)(C)C(C)(C)C(C)C)[C@@H]1NC(C)=O,chiral_gine,crossattn,1,7409C502,trichloroacetimidate,2009
181,31-010-CAS-4663778,val,1,0.9776975512504578,0.4899999999999999,1,1,CC(=O)O[C@@H]1[C@H](OC(C)=O)[C@@H](OC(C)=O)C(OC(=N)C(Cl)(Cl)Cl)O[C@@H]1COCc1ccccc1,CC(=O)N[C@@H]1[C@@H](O[C@@H]2OC[C@@H](OCc3ccccc3)[C@@H](OCc3ccccc3)[C@@H]2OCc2ccccc2)[C@H](O)[C@@H](COCc2ccccc2)O[C@H]1N=[N+]=[N-],chiral_gine,crossattn,1,FA1B7C64,trichloroacetimidate,2001
204,31-010-CAS-16546346,val,1,0.8254950642585754,0.4899999999999999,1,1,CC(=O)O[C@@H]1[C@H](OC(C)=O)[C@@H](OC(C)=O)C(OC(=N)C(Cl)(Cl)Cl)O[C@@H]1C,CC(=O)N[C@H]1[C@H](OCc2ccccc2)O[C@H](CO[Si](C)(C)C(C)(C)C)[C@@H](O)[C@@H]1O,chiral_gine,crossattn,1,14B997E0,trichloroacetimidate,2011
205,31-010-CAS-2078925,val,1,0.9851769208908081,0.4899999999999999,1,1,COC(=O)[C@H]1OC(OC(=N)C(Cl)(Cl)Cl)[C@H](OC(=O)CCC(C)=O)[C@@H](OCc2ccccc2)[C@@H]1OC(=O)OCC1c2ccccc2-c2ccccc21,CC(=O)OC[C@H]1O[C@@H](O[Si](C)(C)C(C)(C)C(C)C)[C@H](N=[N+]=[N-])[C@@H](OCc2ccccc2)[C@@H]1O,chiral_gine,crossattn,1,94CCCC7F,trichloroacetimidate,2014
218,31-010-CAS-518399,val,1,0.9753308296203613,0.4899999999999999,1,1,CC(=O)OC[C@H]1O[C@H](OC(=N)C(Cl)(Cl)Cl)[C@H](OC(C)=O)[C@@H](OC(=O)CCl)[C@H]1OC(C)=O,C=CCO[C@@H]1O[C@H](COCc2ccccc2)[C@@H](O)[C@H](OC(=O)OCC(Cl)(Cl)Cl)[C@H]1NC(C)=O,chiral_gine,crossattn,1,954AB255,trichloroacetimidate,2011
222,31-010-CAS-15651930,val,0,0.9781500697135925,0.4899999999999999,1,0,CC(=O)OC[C@H]1O[C@H](OC(=N)C(Cl)(Cl)Cl)[C@H](N=[N+]=[N-])[C@@H](OC(C)=O)[C@H]1OC(C)=O,COc1ccc(O[C@@H]2O[C@H](COCc3ccccc3)[C@H](O)[C@H](OC(C)=O)[C@H]2N2C(=O)c3ccccc3C2=O)cc1,chiral_gine,crossattn,1,27A15CB3,trichloroacetimidate,2014
231,31-010-CAS-23017165,val,0,0.30511772632598877,0.4899999999999999,0,1,COC(=O)[C@@H]1O[C@H](OC(=N)C(Cl)(Cl)Cl)[C@H](OC(=O)c2ccccc2)[C@@H](OCc2ccccc2)[C@@H]1OC(=O)CCC(C)=O,CO[C@H]1O[C@H](COC(=O)c2ccccc2)[C@@H](O)[C@H](OCc2ccccc2)[C@H]1N=[N+]=[N-],chiral_gine,crossattn,1,C689929A,trichloroacetimidate,2013
232,31-010-CAS-11268512,val,0,0.9569883942604065,0.4899999999999999,1,0,COC(=O)[C@@H]1O[C@H](OC(=N)C(Cl)(Cl)Cl)[C@H](OC(=O)c2ccccc2)[C@@H](OCc2ccccc2)[C@@H]1OC(=O)CCC(C)=O,CO[C@H]1O[C@H](COC(=O)c2ccccc2)[C@@H](O)[C@H](OCc2ccccc2)[C@H]1N=[N+]=[N-],chiral_gine,crossattn,1,C689929A,trichloroacetimidate,2012
233,31-010-CAS-10624977,val,0,0.02988060936331749,0.4899999999999999,0,1,COC(=O)[C@@H]1O[C@H](OC(=N)C(Cl)(Cl)Cl)[C@H](OC(=O)c2ccccc2)[C@@H](OCc2ccccc2)[C@@H]1OC(=O)CCC(C)=O,CO[C@H]1O[C@H](COC(=O)c2ccccc2)[C@@H](O)[C@H](OCc2ccccc2)[C@H]1N=[N+]=[N-],chiral_gine,crossattn,1,C689929A,trichloroacetimidate,2011
238,31-010-CAS-2752672,val,1,0.9823563694953918,0.4899999999999999,1,1,CC(=O)OC[C@H]1O[C@H](OC(=N)C(Cl)(Cl)Cl)[C@H](NC(=O)OCC(Cl)(Cl)Cl)[C@@H](OC(C)=O)[C@@H]1OC(C)=O,CC(=O)N[C@H]1[C@@H](OCc2ccccc2)O[C@H](COCc2ccccc2)[C@@H](O)[C@@H]1O[C@H](C)C(=O)OCCS(=O)(=O)c1ccccc1,chiral_gine,crossattn,1,D3FC4008,trichloroacetimidate,2005
244,31-010-CAS-4864732,val,1,0.9564539194107056,0.4899999999999999,1,1,CC1=C(C)C(=O)N([C@H]2[C@H](OC(=N)C(Cl)(Cl)Cl)O[C@H](COCc3ccccc3)[C@@H](OC(=O)COc3ccccc3)[C@@H]2OCc2ccccc2)C1=O,CC1=C(C)C(=O)N([C@H]2[C@H](O[Si](C)(C)C(C)(C)C)O[C@H](COCc3ccccc3)[C@@H](O)[C@@H]2OCc2ccccc2)C1=O,chiral_gine,crossattn,1,F733A6DC,trichloroacetimidate,2001
251,31-010-CAS-16569613,val,1,0.9806475043296814,0.4899999999999999,1,1,CO[C@@H]1[C@H](OC(=O)C(C)(C)C)[C@@H](OC(=O)C(C)(C)C)[C@@H](OC(=N)C(Cl)(Cl)Cl)O[C@@H]1COC(=O)C(C)(C)C,CO[C@@H]1O[C@H](COCc2ccccc2)[C@@H](O)[C@H](OC(=O)CCl)[C@H]1NC(C)=O,chiral_gine,crossattn,1,73814B03,trichloroacetimidate,2012
285,31-010-CAS-19796356,val,1,0.9733180999755859,0.4899999999999999,1,1,CC(=O)OC[C@H]1O[C@H](OC(=N)C(Cl)(Cl)Cl)[C@H](OC(C)=O)[C@@H](OC(C)=O)[C@H]1OC(C)=O,CCS[C@@H]1O[C@H](COCc2ccccc2)[C@@H](O)[C@H](O)[C@H]1N1C(=O)c2ccccc2C1=O,chiral_gine,crossattn,1,AFFA3055,trichloroacetimidate,2019
288,31-010-CAS-19796367,val,1,0.9783101081848145,0.4899999999999999,1,1,CC(=O)OC[C@H]1O[C@H](OC(=N)C(Cl)(Cl)Cl)[C@H](OC(C)=O)[C@@H](OC(C)=O)[C@H]1OC(C)=O,CC(=O)N[C@@H]1[C@@H](O)[C@H](O)[C@@H](CO[Si](c2ccccc2)(c2ccccc2)C(C)(C)C)O[C@H]1N=[N+]=[N-],chiral_gine,crossattn,1,A43F3DD7,trichloroacetimidate,2019
289,31-010-CAS-961919,val,1,0.9447416067123413,0.4899999999999999,1,1,CC(=O)CCC(=O)O[C@H]1[C@H](OC(C)=O)[C@@H](NC(=O)OCc2ccccc2)[C@@H](OC(=N)C(Cl)(Cl)Cl)O[C@@H]1COCc1ccccc1,CC1=N[C@@H]2[C@@H](O)[C@H](O)[C@@H](COCc3ccccc3)O[C@@H]2S1,chiral_gine,crossattn,1,F7D0CD5A,trichloroacetimidate,2012
297,31-010-CAS-13300982,val,1,0.9895517230033875,0.4899999999999999,1,1,CC(=O)OC[C@H]1O[C@H](OC(=N)C(Cl)(Cl)Cl)[C@H](OC(C)=O)[C@@H](F)[C@H]1OC(C)=O,CC(=O)O[C@H]1[C@H](O)[C@@H](COCc2ccc3ccccc3c2)O[C@@H](Sc2ccccc2)[C@@H]1N1C(=O)c2ccccc2C1=O,chiral_gine,crossattn,1,5EFC2C89,trichloroacetimidate,2003
301,31-010-CAS-388833,val,1,0.5686414837837219,0.4899999999999999,1,1,COC(=O)[C@H]1O[C@H](OC(=N)C(Cl)(Cl)Cl)[C@H](OC(C)=O)[C@@H](OC(C)=O)[C@@H]1OC(C)=O,C=CCCCO[C@@H]1O[C@H](COC(C)=O)[C@@H](O)[C@H](OC(C)=O)[C@H]1N=[N+]=[N-],chiral_gine,crossattn,1,D1CF657D,trichloroacetimidate,2004
305,31-010-CAS-9081149,val,0,0.0006302875699475408,0.4899999999999999,0,1,COC(=O)[C@@H]1OC(OC(=N)C(Cl)(Cl)Cl)[C@H](OC(=O)C(C)(C)C)[C@@H](OCc2ccccc2)[C@@H]1O[C@H]1O[C@@H]2CO[C@@H](c3ccccc3)O[C@H]2[C@H](OCc2ccccc2)[C@H]1N=[N+]=[N-],CC(=O)N[C@H]1[C@@H](OC(C)C)O[C@H](COCc2ccccc2)[C@@H](O)[C@@H]1OCc1ccccc1,chiral_gine,crossattn,1,6D0FA039,trichloroacetimidate,2012
307,31-010-CAS-9408271,val,1,0.9882562756538391,0.4899999999999999,1,1,N=C(O[C@H]1O[C@@H]2CO[C@@H](c3ccccc3)O[C@H]2[C@H](OCc2ccccc2)[C@H]1NC(=O)OCC(Cl)(Cl)Cl)C(Cl)(Cl)Cl,C=CCO[C@H]1O[C@H](COCc2ccccc2)[C@@H](O)[C@H](OCc2ccccc2)[C@H]1NC(=O)OCC(Cl)(Cl)Cl,chiral_gine,crossattn,1,68D2A14D,trichloroacetimidate,2010
319,31-010-CAS-13114690,val,1,0.9537067413330078,0.4899999999999999,1,1,CC(=O)CCC(=O)O[C@H]1[C@H](OC(C)=O)[C@@H](NC(=O)OCc2ccccc2)[C@@H](OC(=N)C(Cl)(Cl)Cl)O[C@@H]1COCc1ccccc1,CC1=N[C@@H]2[C@@H](O)[C@H](O)[C@@H](COCc3ccccc3)O[C@@H]2S1,chiral_gine,crossattn,1,F7D0CD5A,trichloroacetimidate,2011
328,31-010-CAS-5353694,val,1,0.9647508263587952,0.4899999999999999,1,1,CC(=O)OC[C@H]1O[C@H](OC(=N)C(Cl)(Cl)Cl)[C@H](NC(=O)OCc2ccccc2)[C@H](OC(C)=O)[C@@H]1OC(C)=O,CC(=O)O[C@@H]1[C@H](O)[C@@H](COCc2ccccc2)O[C@@H](O[C@H]2[C@H](O)[C@H]3N=C(N(C)C)O[C@H]3[C@@H]2COCc2ccccc2)[C@@H]1NC(=O)OCc1ccccc1,chiral_gine,crossattn,1,6FFA13BA,trichloroacetimidate,2010
336,31-010-CAS-21359678,val,1,0.9741025567054749,0.4899999999999999,1,1,COC(=O)[C@H]1OC(OC(=N)C(Cl)(Cl)Cl)[C@H](OC(=O)c2ccccc2)[C@@H](OCc2ccccc2)[C@@H]1O[C@H]1O[C@H](COC(=O)c2ccccc2)[C@@H](OCc2ccccc2)[C@H](OCc2ccccc2)[C@H]1N=[N+]=[N-],COc1ccc(CO[C@H]2[C@H](O)[C@@H](COc3ccc(OC)cc3)O[C@@H](O[Si](c3ccccc3)(c3ccccc3)C(C)(C)C)[C@@H]2N=[N+]=[N-])cc1,chiral_gine,crossattn,1,7F344DE9,trichloroacetimidate,2015
337,31-010-CAS-5547122,val,1,0.9741025567054749,0.4899999999999999,1,1,COC(=O)[C@H]1OC(OC(=N)C(Cl)(Cl)Cl)[C@H](OC(=O)c2ccccc2)[C@@H](OCc2ccccc2)[C@@H]1O[C@H]1O[C@H](COC(=O)c2ccccc2)[C@@H](OCc2ccccc2)[C@H](OCc2ccccc2)[C@H]1N=[N+]=[N-],COc1ccc(CO[C@H]2[C@H](O)[C@@H](COc3ccc(OC)cc3)O[C@@H](O[Si](c3ccccc3)(c3ccccc3)C(C)(C)C)[C@@H]2N=[N+]=[N-])cc1,chiral_gine,crossattn,1,7F344DE9,trichloroacetimidate,2003
340,31-010-CAS-21359728,val,1,0.8603057265281677,0.4899999999999999,1,1,C=CCOC(=O)O[C@H]1[C@H](OC(=N)C(Cl)(Cl)Cl)O[C@H](C(=O)OC)[C@@H](O[C@H]2O[C@H](COC(=O)c3ccccc3)[C@@H](OCc3ccccc3)[C@H](OCc3ccccc3)[C@H]2N=[N+]=[N-])[C@@H]1OCc1ccccc1,COC(=O)[C@@H]1O[C@H](Sc2ccc(C)cc2)[C@H](OC(=O)c2ccccc2)[C@@H](OCc2ccccc2)[C@@H]1O[C@H]1O[C@H](COCc2ccc(OC)cc2)[C@@H](O)[C@H](OCc2ccc(OC)cc2)[C@H]1N=[N+]=[N-],chiral_gine,crossattn,1,FEFD30AE,trichloroacetimidate,2015
341,31-010-CAS-14788058,val,1,0.8603057861328125,0.4899999999999999,1,1,C=CCOC(=O)O[C@H]1[C@H](OC(=N)C(Cl)(Cl)Cl)O[C@H](C(=O)OC)[C@@H](O[C@H]2O[C@H](COC(=O)c3ccccc3)[C@@H](OCc3ccccc3)[C@H](OCc3ccccc3)[C@H]2N=[N+]=[N-])[C@@H]1OCc1ccccc1,COC(=O)[C@@H]1O[C@H](Sc2ccc(C)cc2)[C@H](OC(=O)c2ccccc2)[C@@H](OCc2ccccc2)[C@@H]1O[C@H]1O[C@H](COCc2ccc(OC)cc2)[C@@H](O)[C@H](OCc2ccc(OC)cc2)[C@H]1N=[N+]=[N-],chiral_gine,crossattn,1,FEFD30AE,trichloroacetimidate,2003
358,31-010-CAS-21359669,val,1,0.9721910953521729,0.4899999999999999,1,1,COC(=O)[C@H]1OC(OC(=N)C(Cl)(Cl)Cl)[C@H](OC(=O)c2ccccc2)[C@@H](OCc2ccccc2)[C@@H]1O[C@H]1O[C@H](COCc2ccc(OC)cc2)[C@@H](OCc2ccccc2)[C@H](OCc2ccccc2)[C@H]1NC=C1C(=O)N(C)C(=O)N(C)C1=O,COc1ccc(COC[C@H]2O[C@@H](O[Si](c3ccccc3)(c3ccccc3)C(C)(C)C)[C@H](N=[N+]=[N-])[C@@H](OC(=O)c3ccccc3)[C@@H]2O)cc1,chiral_gine,crossattn,1,CD544458,trichloroacetimidate,2015
359,31-010-CAS-8010563,val,1,0.9721910953521729,0.4899999999999999,1,1,COC(=O)[C@H]1OC(OC(=N)C(Cl)(Cl)Cl)[C@H](OC(=O)c2ccccc2)[C@@H](OCc2ccccc2)[C@@H]1O[C@H]1O[C@H](COCc2ccc(OC)cc2)[C@@H](OCc2ccccc2)[C@H](OCc2ccccc2)[C@H]1NC=C1C(=O)N(C)C(=O)N(C)C1=O,COc1ccc(COC[C@H]2O[C@@H](O[Si](c3ccccc3)(c3ccccc3)C(C)(C)C)[C@H](N=[N+]=[N-])[C@@H](OC(=O)c3ccccc3)[C@@H]2O)cc1,chiral_gine,crossattn,1,CD544458,trichloroacetimidate,2003
366,31-010-CAS-21359656,val,1,0.974634051322937,0.4899999999999999,1,1,COC(=O)[C@H]1OC(OC(=N)C(Cl)(Cl)Cl)[C@H](OCc2ccccc2)[C@@H](OCc2ccccc2)[C@@H]1O[C@H]1O[C@H](COC(=O)c2ccccc2)[C@@H](OCc2ccccc2)[C@H](OCc2ccccc2)[C@H]1NC=C1C(=O)N(C)C(=O)N(C)C1=O,COc1ccc(OC[C@H]2O[C@@H](O[Si](c3ccccc3)(c3ccccc3)C(C)(C)C)[C@H](N=[N+]=[N-])[C@@H](OC(=O)c3ccccc3)[C@@H]2O)cc1,chiral_gine,crossattn,1,1B9E2AB6,trichloroacetimidate,2015
367,31-010-CAS-5651856,val,1,0.974634051322937,0.4899999999999999,1,1,COC(=O)[C@H]1OC(OC(=N)C(Cl)(Cl)Cl)[C@H](OCc2ccccc2)[C@@H](OCc2ccccc2)[C@@H]1O[C@H]1O[C@H](COC(=O)c2ccccc2)[C@@H](OCc2ccccc2)[C@H](OCc2ccccc2)[C@H]1NC=C1C(=O)N(C)C(=O)N(C)C1=O,COc1ccc(OC[C@H]2O[C@@H](O[Si](c3ccccc3)(c3ccccc3)C(C)(C)C)[C@H](N=[N+]=[N-])[C@@H](OC(=O)c3ccccc3)[C@@H]2O)cc1,chiral_gine,crossattn,1,1B9E2AB6,trichloroacetimidate,2003
378,31-010-CAS-21359668,val,1,0.975134015083313,0.4899999999999999,1,1,COC(=O)[C@H]1OC(OC(=N)C(Cl)(Cl)Cl)[C@H](OC(=O)c2ccccc2)[C@@H](OCc2ccccc2)[C@@H]1O[C@H]1O[C@H](COC(=O)c2ccccc2)[C@@H](OCc2ccccc2)[C@H](OCc2ccccc2)[C@H]1NC=C1C(=O)N(C)C(=O)N(C)C1=O,COc1ccc(CO[C@H]2[C@H](O)[C@@H](COc3ccc(OC)cc3)O[C@@H](O[Si](c3ccccc3)(c3ccccc3)C(C)(C)C)[C@@H]2N=[N+]=[N-])cc1,chiral_gine,crossattn,1,7A26B3E1,trichloroacetimidate,2015
379,31-010-CAS-5890484,val,1,0.975134015083313,0.4899999999999999,1,1,COC(=O)[C@H]1OC(OC(=N)C(Cl)(Cl)Cl)[C@H](OC(=O)c2ccccc2)[C@@H](OCc2ccccc2)[C@@H]1O[C@H]1O[C@H](COC(=O)c2ccccc2)[C@@H](OCc2ccccc2)[C@H](OCc2ccccc2)[C@H]1NC=C1C(=O)N(C)C(=O)N(C)C1=O,COc1ccc(CO[C@H]2[C@H](O)[C@@H](COc3ccc(OC)cc3)O[C@@H](O[Si](c3ccccc3)(c3ccccc3)C(C)(C)C)[C@@H]2N=[N+]=[N-])cc1,chiral_gine,crossattn,1,7A26B3E1,trichloroacetimidate,2003
386,31-010-CAS-14220855,val,0,0.008604135364294052,0.4899999999999999,0,1,CC(=O)O[C@@H]1[C@@H](OC[C@H]2O[C@H](OC(=N)C(Cl)(Cl)Cl)[C@@H](OC(=O)c3ccccc3)[C@@H](OCc3ccccc3)[C@@H]2OCc2ccccc2)O[C@H](COCc2ccccc2)[C@@H](OCc2ccccc2)[C@@H]1OCc1ccccc1,C=CCO[C@@H]1[C@H](OCc2ccccc2)[C@H](OCc2ccccc2)[C@@H](OCc2ccccc2)[C@H](OCc2ccccc2)[C@H]1O[C@H]1O[C@H](COCc2ccccc2)[C@@H](O)[C@H](OCc2ccccc2)[C@H]1N=[N+]=[N-],chiral_gine,crossattn,1,91C4668E,trichloroacetimidate,2005
390,31-010-CAS-2606532,val,1,0.8643791675567627,0.4899999999999999,1,1,COC(=O)[C@@]1(O[C@H]2[C@@H](OC(=O)c3ccccc3)[C@@H](COC(=O)c3ccccc3)OC(OC(=N)C(Cl)(Cl)Cl)[C@@H]2OC(=O)c2ccccc2)C[C@H](OC(C)=O)[C@@H](NC(=O)C(F)(F)F)[C@H]([C@H](OC(C)=O)[C@@H](COC(C)=O)OC(C)=O)O1,COc1ccc(CO[C@H]2[C@H](O)[C@@H](COc3ccc(OC)cc3)O[C@@H](O[C@H]3[C@@H](OCc4ccccc4)[C@@H](COCc4ccccc4)O[C@@H](O[C@H]4[C@H](OCc5ccccc5)[C@@H](OCc5ccccc5)[C@H](OCC[Si](C)(C)C)O[C@@H]4COCc4ccccc4)[C@@H]3OCc3ccccc3)[C@@H]2NC(C)=O)cc1,chiral_gine,crossattn,1,C1AF026A,trichloroacetimidate,2003
414,31-010-CAS-5438768,val,0,0.002999184187501669,0.4899999999999999,0,1,COC(=O)[C@@H]1O[C@H](OC(=N)C(Cl)(Cl)Cl)[C@H](OC(C)=O)[C@@H](OCc2ccccc2)[C@@H]1O[C@H]1O[C@H](COC(C)=O)[C@@H](O[Si](C)(C)C(C)(C)C)[C@H](OCc2ccccc2)[C@H]1N=[N+]=[N-],C=CCCCO[C@@H]1O[C@H](C(=O)OC)[C@@H](O[C@H]2O[C@H](COC(C)=O)[C@@H](O)[C@H](OCc3ccccc3)[C@H]2N=[N+]=[N-])[C@H](OCc2ccccc2)[C@H]1OC(=O)CCC(C)=O,chiral_gine,crossattn,1,317AD68D,trichloroacetimidate,2002
447,31-614-CAS-31540777,val,1,0.739912211894989,0.4899999999999999,1,1,COc1ccc(CO[C@@H]2[C@H](OCc3ccccc3)[C@@H](OC(=N)C(Cl)(Cl)Cl)O[C@@H]3CO[C@@H](c4ccc5ccccc5c4)O[C@@H]23)cc1,[N-]=[N+]=N[C@@H]1O[C@H](COCc2ccccc2)[C@@H](O[C@@H]2O[C@H](COCc3ccccc3)[C@@H](O)[C@H](OCc3ccccc3)[C@H]2N2C(=O)c3ccccc3C2=O)[C@H](OCc2ccccc2)[C@H]1N1C(=O)c2ccccc2C1=O,chiral_gine,crossattn,1,B46D325C,trichloroacetimidate,2021
466,31-010-CAS-8542794,val,0,0.001881973585113883,0.4899999999999999,0,1,COC(=O)[C@@H]1O[C@@H](OC(=N)C(Cl)(Cl)Cl)[C@H](OC(C)=O)[C@@H](OCc2ccccc2)[C@@H]1O[C@H]1O[C@H](COC(C)=O)[C@@H](OCc2ccccc2)[C@H](OCc2ccccc2)[C@H]1N=[N+]=[N-],C=CCO[C@@H]1O[C@@H](C(=O)OC)[C@@H](O[C@H]2O[C@H](COC(C)=O)[C@@H](O)[C@H](OCc3ccccc3)[C@H]2N=[N+]=[N-])[C@H](OCc2ccccc2)[C@H]1OC(C)=O,chiral_gine,crossattn,1,3C87F8A5,trichloroacetimidate,2001
467,31-010-CAS-2634829,val,0,0.00100599171128124,0.4899999999999999,0,1,COC(=O)[C@@H]1OC(OC(=N)C(Cl)(Cl)Cl)[C@H](OC(C)=O)[C@@H](OCc2ccccc2)[C@@H]1O[C@H]1O[C@@H]2CO[C@@H](c3ccccc3)O[C@H]2[C@H](OCc2ccccc2)[C@H]1NC(C)=O,COC(=O)[C@@H]1O[C@@H](OC(C)C)[C@H](OC(=O)C(C)(C)C)[C@@H](OCc2ccccc2)[C@@H]1O[C@H]1O[C@H](COCc2ccccc2)[C@@H](O)[C@H](OCc2ccccc2)[C@H]1N=[N+]=[N-],chiral_gine,crossattn,1,B162EA32,trichloroacetimidate,2002
468,31-010-CAS-20773553,val,0,0.005472198594361544,0.4899999999999999,0,1,C[C@@H]1O[C@@H](OC(=N)C(Cl)(Cl)Cl)[C@@H]2OC(C)(C)O[C@@H]2[C@H]1O[C@@H]1OC[C@@H](OCc2ccccc2)[C@H](OCc2ccccc2)[C@H]1OCc1ccccc1,CC(C)[Si](O[C@@H]1O[C@H](COCc2ccccc2)[C@H](N=[N+]=[N-])[C@H](OCc2ccccc2)[C@H]1O)(C(C)C)C(C)C,chiral_gine,crossattn,1,AB82E8AC,trichloroacetimidate,2018
473,31-010-CAS-19037619,val,1,0.9691281914710999,0.4899999999999999,1,1,CC(=O)O[C@@H]1[C@@H](OC[C@H]2O[C@@H](O[C@H]3[C@H](OCc4ccccc4)[C@@H](N4C(=O)c5ccccc5C4=O)[C@H](OC(=N)C(Cl)(Cl)Cl)O[C@@H]3COCc3ccccc3)[C@@H](OCc3ccccc3)[C@@H](O[C@H]3O[C@H](COCc4ccccc4)[C@@H](OCc4ccccc4)[C@H](OCc4ccccc4)[C@@H]3OC(C)=O)[C@@H]2OCc2ccccc2)O[C@H](COCc2ccccc2)[C@@H](OCc2ccccc2)[C@@H]1OCc1ccccc1,C[C@@H]1O[C@@H](OC[C@H]2O[C@@H](OCCCCCN=[N+]=[N-])[C@H](N3C(=O)c4ccccc4C3=O)[C@@H](OCc3ccccc3)[C@@H]2O)[C@@H](OCc2ccccc2)[C@H](OCc2ccccc2)[C@@H]1OCc1ccccc1,chiral_gine,crossattn,1,682C789A,trichloroacetimidate,2017
474,31-010-CAS-15949515,val,1,0.9691281914710999,0.4899999999999999,1,1,CC(=O)O[C@@H]1[C@@H](OC[C@H]2O[C@@H](O[C@H]3[C@H](OCc4ccccc4)[C@@H](N4C(=O)c5ccccc5C4=O)[C@H](OC(=N)C(Cl)(Cl)Cl)O[C@@H]3COCc3ccccc3)[C@@H](OCc3ccccc3)[C@@H](O[C@H]3O[C@H](COCc4ccccc4)[C@@H](OCc4ccccc4)[C@H](OCc4ccccc4)[C@@H]3OC(C)=O)[C@@H]2OCc2ccccc2)O[C@H](COCc2ccccc2)[C@@H](OCc2ccccc2)[C@@H]1OCc1ccccc1,C[C@@H]1O[C@@H](OC[C@H]2O[C@@H](OCCCCCN=[N+]=[N-])[C@H](N3C(=O)c4ccccc4C3=O)[C@@H](OCc3ccccc3)[C@@H]2O)[C@@H](OCc2ccccc2)[C@H](OCc2ccccc2)[C@@H]1OCc1ccccc1,chiral_gine,crossattn,1,682C789A,trichloroacetimidate,2016
480,31-614-CAS-44041067,val,1,0.968028724193573,0.4899999999999999,1,1,N=C(OC1O[C@H](COC(=O)c2ccccc2)[C@H](OCc2ccccc2)[C@H](O[C@@H]2O[C@H](COC(=O)c3ccccc3)[C@@H](OCc3ccccc3)[C@H](O[C@@H]3O[C@H](COCc4ccccc4)[C@H](OCc4ccccc4)[C@H](OCc4ccccc4)[C@H]3OC(=O)c3ccccc3)[C@H]2N2C(=O)c3ccccc3C2=O)[C@H]1OC(=O)c1ccccc1)C(Cl)(Cl)Cl,O=C(OC[C@H]1O[C@@H](O[C@H]2[C@@H](OCc3ccccc3)[C@@H](COC(=O)c3ccccc3)O[C@@H](O[C@H]3[C@H](OCc4ccccc4)[C@@H](OCc4ccccc4)[C@H](OCc4ccccc4)O[C@@H]3COCc3ccccc3)[C@@H]2OC(=O)c2ccccc2)[C@H](N2C(=O)c3ccccc3C2=O)[C@@H](OCc2ccccc2)[C@@H]1O)c1ccccc1,chiral_gine,crossattn,1,4432EAA7,trichloroacetimidate,2023
486,31-614-CAS-44041075,val,1,0.977128267288208,0.4899999999999999,1,1,N=C(OC1O[C@H](COC(=O)c2ccccc2)[C@H](OCc2ccccc2)[C@H](O[C@@H]2O[C@H](COC(=O)c3ccccc3)[C@@H](O[C@@H]3O[C@H](COCc4ccccc4)[C@H](OCc4ccccc4)[C@H](OCc4ccccc4)[C@H]3OC(=O)c3ccccc3)[C@H](OCc3ccccc3)[C@H]2N2C(=O)c3ccccc3C2=O)[C@H]1OC(=O)c1ccccc1)C(Cl)(Cl)Cl,O=C(OC[C@H]1O[C@@H](O[C@H]2[C@@H](OCc3ccccc3)[C@@H](COC(=O)c3ccccc3)O[C@@H](O[C@H]3[C@H](OCc4ccccc4)[C@@H](OCc4ccccc4)[C@H](OCc4ccccc4)O[C@@H]3COCc3ccccc3)[C@@H]2OC(=O)c2ccccc2)[C@H](N2C(=O)c3ccccc3C2=O)[C@@H](OCc2ccccc2)[C@@H]1O)c1ccccc1,chiral_gine,crossattn,1,E6C712D0,trichloroacetimidate,2023
489,31-010-CAS-2073987,val,1,0.8377251625061035,0.4899999999999999,1,1,COC(=O)[C@@]1(O[C@H]2[C@@H](OC(=O)c3ccccc3)[C@@H](COC(=O)c3ccccc3)OC(OC(=N)C(Cl)(Cl)Cl)[C@@H]2OC(=O)c2ccccc2)C[C@H](OC(C)=O)[C@@H](NC(=O)C(F)(F)F)[C@H]([C@H](OC(C)=O)[C@@H](COC(C)=O)OC(C)=O)O1,COc1ccc(OC[C@H]2O[C@@H](O[C@H]3[C@@H](OCc4ccccc4)[C@@H](COCc4ccccc4)O[C@@H](O[C@H]4[C@H](OCc5ccccc5)[C@@H](OCc5ccccc5)[C@H](OCC[Si](C)(C)C)O[C@@H]4COCc4ccccc4)[C@@H]3OCc3ccccc3)[C@H](NC(C)=O)[C@@H](OCc3ccccc3)[C@@H]2O)cc1,chiral_gine,crossattn,1,A2B1A641,trichloroacetimidate,2005
493,31-010-CAS-5757429,val,0,0.09929969906806946,0.4899999999999999,0,1,CC(=O)N[C@H]1[C@H](O[C@H]2[C@H](OCc3ccccc3)[C@H](OC(C)=O)[C@@H](OC(=N)C(Cl)(Cl)Cl)O[C@@H]2CO[C@H]2O[C@H](COCc3ccccc3)[C@@H](OCc3ccccc3)[C@H](OCc3ccccc3)[C@@H]2O[C@H]2O[C@H](CO[Si](c3ccccc3)(c3ccccc3)C(C)(C)C)[C@@H](OCc3ccccc3)[C@H](OCc3ccccc3)[C@@H]2OC(C)=O)O[C@H](COCc2ccccc2)[C@H](OCc2ccccc2)[C@@H]1OCc1ccccc1,COc1ccc(CO[C@@H]2[C@H](OCc3ccccc3)[C@H](OCc3ccccc3)[C@@H](OCc3ccccc3)[C@H](OCc3ccccc3)[C@H]2O[C@H]2O[C@H](COCc3ccccc3)[C@@H](O)[C@H](OCc3ccccc3)[C@H]2N=[N+]=[N-])cc1,chiral_gine,crossattn,1,C0DA32FA,trichloroacetimidate,2001
496,31-010-CAS-6021949,val,0,0.003668013960123062,0.4899999999999999,0,1,CC(=O)O[C@@H]1[C@@H](O[C@@H]2[C@@H](O[C@@H]3[C@@H](OC[C@H]4O[C@H](OC(=N)C(Cl)(Cl)Cl)[C@@H](OC(=O)c5ccccc5)[C@@H](OCc5ccccc5)[C@@H]4OCc4ccccc4)O[C@H](COCc4ccccc4)[C@@H](OCc4ccccc4)[C@@H]3OCc3ccccc3)O[C@H](CO[Si](C(C)C)(C(C)C)C(C)C)[C@@H](OCc3ccccc3)[C@@H]2OCc2ccccc2)O[C@H](COCc2ccccc2)[C@@H](OCc2ccccc2)[C@@H]1OCc1ccccc1,C=CCO[C@@H]1[C@H](OCc2ccccc2)[C@H](OCc2ccccc2)[C@@H](OCc2ccccc2)[C@H](OCc2ccccc2)[C@H]1O[C@H]1O[C@H](COCc2ccccc2)[C@@H](O)[C@H](OCc2ccccc2)[C@H]1N=[N+]=[N-],chiral_gine,crossattn,1,D72D036A,trichloroacetimidate,2005
497,31-010-CAS-16647883,val,0,0.0021206368692219257,0.4899999999999999,0,1,CC(=O)O[C@@H]1[C@@H](O[C@@H]2[C@@H](O[C@@H]3[C@@H](OC[C@H]4O[C@H](OC(=N)C(Cl)(Cl)Cl)[C@@H](OC(=O)c5ccccc5)[C@@H](OCc5ccccc5)[C@@H]4OCc4ccccc4)O[C@H](COCc4ccccc4)[C@@H](OCc4ccccc4)[C@@H]3OCc3ccccc3)O[C@H](CO[Si](C(C)C)(C(C)C)C(C)C)[C@@H](OCc3ccccc3)[C@@H]2OCc2ccccc2)O[C@H](COCc2ccccc2)[C@@H](OCc2ccccc2)[C@@H]1OCc1ccccc1,C=CCO[C@@H]1[C@H](OCc2ccccc2)[C@H](OCc2ccccc2)[C@@H](OCc2ccccc2)[C@H](OCc2ccccc2)[C@H]1O[C@H]1O[C@H](COCc2ccccc2)[C@@H](O)[C@H](OCc2ccccc2)[C@H]1N=[N+]=[N-],chiral_gine,crossattn,1,D72D036A,trichloroacetimidate,2016
505,31-010-CAS-179324,val,0,0.003892551176249981,0.4899999999999999,0,1,CC(=O)N[C@@H]1[C@@H](O[C@H]2[C@H](OC(=N)C(Cl)(Cl)Cl)O[C@@H](C)[C@H](OC(=O)c3ccccc3)[C@H]2O[C@@H]2O[C@@H](C)[C@H](OC(=O)c3ccccc3)[C@@H](OC(=O)c3ccccc3)[C@H]2OC(=O)c2ccccc2)O[C@H](COC(C)=O)[C@@H](OC(C)=O)[C@@H]1OC(C)=O,COc1ccc(O[C@@H]2O[C@@H](C)[C@H](OC(C)=O)[C@@H](O[C@@H]3O[C@H](COC(=O)c4ccccc4)[C@@H](O)[C@H](OC(C)=O)[C@H]3NC(C)=O)[C@H]2OC(C)=O)cc1,chiral_gine,crossattn,1,A1B854E4,trichloroacetimidate,2014
506,31-010-CAS-16897565,val,0,0.003892551176249981,0.4899999999999999,0,1,CC(=O)N[C@@H]1[C@@H](O[C@H]2[C@H](OC(=N)C(Cl)(Cl)Cl)O[C@@H](C)[C@H](OC(=O)c3ccccc3)[C@H]2O[C@@H]2O[C@@H](C)[C@H](OC(=O)c3ccccc3)[C@@H](OC(=O)c3ccccc3)[C@H]2OC(=O)c2ccccc2)O[C@H](COC(C)=O)[C@@H](OC(C)=O)[C@@H]1OC(C)=O,COc1ccc(O[C@@H]2O[C@@H](C)[C@H](OC(C)=O)[C@@H](O[C@@H]3O[C@H](COC(=O)c4ccccc4)[C@@H](O)[C@H](OC(C)=O)[C@H]3NC(C)=O)[C@H]2OC(C)=O)cc1,chiral_gine,crossattn,1,A1B854E4,trichloroacetimidate,2012
513,31-010-CAS-492126,val,1,0.9605540633201599,0.4899999999999999,1,1,COC(=O)[C@@]1(O[C@H]2[C@@H](OC(C)=O)[C@@H](COCc3ccccc3)OC(OC(=N)C(Cl)(Cl)Cl)[C@@H]2OC(C)=O)C[C@H](OC(C)=O)[C@@H](NC(C)=O)[C@H]([C@H](OC(C)=O)[C@@H](COC(C)=O)OC(C)=O)O1,CC(=O)O[C@H]1[C@H](OCc2ccccc2)[C@H](O[C@H]2[C@H](O)[C@@H](COCc3ccccc3)O[C@@H](O[C@H]3[C@@H](OCc4ccccc4)[C@@H](COCc4ccccc4)O[C@@H](O[C@H]4[C@H](OCc5ccccc5)[C@@H](OC(=O)c5ccccc5)[C@H](OCc5ccccc5)O[C@@H]4COCc4ccccc4)[C@@H]3OCc3ccccc3)[C@@H]2NC(=O)OCC(Cl)(Cl)Cl)O[C@@H](C)[C@H]1OC(C)=O,chiral_gine,crossattn,1,E40A30BA,trichloroacetimidate,2002
514,31-010-CAS-9402130,val,1,0.9784989356994629,0.4899999999999999,1,1,COC(=O)[C@@]1(O[C@H]2[C@@H](OC(C)=O)[C@@H](COCc3ccccc3)OC(OC(=N)C(Cl)(Cl)Cl)[C@@H]2OC(C)=O)C[C@H](OC(C)=O)[C@@H](NC(C)=O)[C@H]([C@H](OC(C)=O)[C@@H](COC(C)=O)OC(C)=O)O1,CC(=O)O[C@H]1[C@H](OCc2ccccc2)[C@H](O[C@H]2[C@H](O)[C@@H](COCc3ccccc3)O[C@@H](O[C@H]3[C@@H](OCc4ccccc4)[C@@H](COCc4ccccc4)O[C@@H](O[C@H]4[C@H](OCc5ccccc5)[C@@H](OC(=O)c5ccccc5)[C@H](OCc5ccccc5)O[C@@H]4COCc4ccccc4)[C@@H]3OCc3ccccc3)[C@@H]2NC(=O)OCC(Cl)(Cl)Cl)O[C@@H](C)[C@H]1OC(C)=O,chiral_gine,crossattn,1,E40A30BA,trichloroacetimidate,2001
516,31-010-CAS-8030366,val,0,0.0029146273154765368,0.4899999999999999,0,1,CC(=O)OC[C@@H]1OC(OC(=N)C(Cl)(Cl)Cl)[C@H](OC(=O)c2ccccc2)[C@@H](OCc2ccccc2)[C@@H]1O[C@H]1O[C@H](CO[Si](c2ccccc2)(c2ccccc2)C(C)(C)C)[C@@H](OCc2ccc3ccccc3c2)[C@H](OCc2ccc(Br)cc2)[C@H]1N=[N+]=[N-],CC(=O)OC[C@@H]1O[C@@H](O[C@H]2[C@H](OC(=O)c3ccccc3)[C@@H](N=[N+]=[N-])[C@@H](O[C@H]3[C@H](OCc4ccccc4)[C@@H](OC(=O)c4ccccc4)[C@H]4OC[C@@H]3O4)O[C@@H]2CO[Si](c2ccccc2)(c2ccccc2)C(C)(C)C)[C@H](OC(=O)c2ccccc2)[C@@H](OCc2ccccc2)[C@@H]1O[C@H]1O[C@H](CO[Si](c2ccccc2)(c2ccccc2)C(C)(C)C)[C@@H](O)[C@H](OCc2ccc(Br)cc2)[C@H]1N=[N+]=[N-],chiral_gine,crossattn,1,20B73FDB,trichloroacetimidate,2011
518,31-010-CAS-14831299,val,0,0.30929848551750183,0.4899999999999999,0,1,CC(=O)O[C@@H]1[C@@H](O[C@@H]2[C@@H](O[C@@H]3[C@@H](OC[C@H]4O[C@H](OC(=N)C(Cl)(Cl)Cl)[C@@H](OC(=O)c5ccccc5)[C@@H](OCc5ccccc5)[C@@H]4OCc4ccccc4)O[C@H](COCc4ccccc4)[C@@H](OCc4ccccc4)[C@@H]3OCc3ccccc3)O[C@H](CO[Si](C(C)C)(C(C)C)C(C)C)[C@@H](OCc3ccccc3)[C@@H]2OCc2ccccc2)O[C@H](COCc2ccccc2)[C@@H](OCc2ccccc2)[C@@H]1OCc1ccccc1,C=CCO[C@@H]1[C@H](OCc2ccccc2)[C@H](OCc2ccccc2)[C@@H](OCc2ccccc2)[C@H](OCc2ccccc2)[C@H]1O[C@H]1O[C@H](COCc2ccccc2)[C@@H](O)[C@H](OCc2ccccc2)[C@H]1N=[N+]=[N-],chiral_gine,crossattn,1,D72D036A,trichloroacetimidate,2004
535,31-010-CAS-1415329,val,1,0.9715293645858765,0.4899999999999999,1,1,CC(=O)OC[C@H]1O[C@H](O[C@H]2[C@H](OCc3ccccc3)[C@@H](OC(=O)c3ccccc3)C(OC(=N)C(Cl)(Cl)Cl)O[C@@H]2COC(=O)CCl)[C@H](N=[N+]=[N-])[C@@H](OCc2ccccc2)[C@@H]1OCc1ccccc1,COc1ccc(O[C@@H]2O[C@H](COC(=O)CCl)[C@@H](O[C@H]3O[C@H](COC(C)=O)[C@@H](O[C@@H]4O[C@H](COC(=O)CCl)[C@@H](O[C@H]5O[C@H](COC(C)=O)[C@@H](O[C@@H]6O[C@H](COC(=O)CCl)[C@@H](O[C@H]7O[C@H](COC(C)=O)[C@@H](O)[C@H](OCc8ccccc8)[C@H]7N=[N+]=[N-])[C@H](OCc7ccccc7)[C@H]6OC(=O)c6ccccc6)[C@H](OCc6ccccc6)[C@H]5N=[N+]=[N-])[C@H](OCc5ccccc5)[C@H]4OC(=O)c4ccccc4)[C@H](OCc4ccccc4)[C@H]3N=[N+]=[N-])[C@H](OCc3ccccc3)[C@H]2OC(=O)c2ccccc2)cc1,chiral_gine,crossattn,1,3F243075,trichloroacetimidate,2013
546,31-010-CAS-12994226,val,0,0.09137801826000214,0.4899999999999999,0,1,CC[Si](CC)(CC)O[C@@H]1C(OC(=N)C(Cl)(Cl)Cl)O[C@H](CO[C@H]2O[C@H](COCc3ccc(OC)cc3)[C@@H](OCc3ccc(OC)cc3)[C@H](OCc3ccc(OC)cc3)[C@@H]2O[C@H]2O[C@H](CO[Si](C)(C)C(C)(C)C)[C@@H](OCc3ccc(OC)cc3)[C@H](OCc3ccc(OC)cc3)[C@@H]2OCc2ccc(OC)cc2)[C@@H](OCc2ccc(OC)cc2)[C@@H]1OCc1ccc(OC)cc1,CCCCCCCC/C=C\CCCCCCCC(=O)OC[C@@H](COP(=O)(OCCC#N)O[C@@H]1[C@H](OCc2ccc(OC)cc2)[C@H](OCc2ccc(OC)cc2)[C@@H](OCc2ccc(OC)cc2)[C@H](OCc2ccc(OC)cc2)[C@H]1O[C@H]1O[C@H](COCc2ccc(OC)cc2)[C@@H](O)[C@H](OCc2ccc(OC)cc2)[C@H]1N=[N+]=[N-])OC(=O)CCCCCCC/C=C\CCCCCCCC,chiral_gine,crossattn,1,0A7D997D,trichloroacetimidate,2010
548,31-010-CAS-7761929,val,0,0.0021811944898217916,0.4899999999999999,0,1,CC(=O)OC[C@H]1O[C@H](O[C@H]2[C@H](OCc3ccccc3)[C@@H](OC(=O)c3ccccc3)C(OC(=N)C(Cl)(Cl)Cl)O[C@H]2COC(=O)CCl)[C@H](N=[N+]=[N-])[C@@H](OCc2ccccc2)[C@@H]1OC(=O)OCC1c2ccccc2-c2ccccc21,COc1ccc(O[C@@H]2O[C@@H](COC(=O)CCl)[C@@H](O[C@H]3O[C@H](COC(C)=O)[C@@H](O[C@@H]4O[C@H](COC(=O)CCl)[C@@H](O[C@H]5O[C@H](COC(C)=O)[C@@H](O)[C@H](OCc6ccccc6)[C@H]5N=[N+]=[N-])[C@H](OCc5ccccc5)[C@H]4OC(=O)c4ccccc4)[C@H](OCc4ccccc4)[C@H]3N=[N+]=[N-])[C@H](OCc3ccccc3)[C@H]2OC(=O)c2ccccc2)cc1,chiral_gine,crossattn,1,9902D3EE,trichloroacetimidate,2013
554,31-010-CAS-11738308,val,0,0.1758141815662384,0.4899999999999999,0,1,CC(C)(C)[Si](C)(C)OC[C@H]1O[C@H](O[C@@H]2[C@@H](OC[C@H]3O[C@H](OC(=N)C(Cl)(Cl)Cl)[C@@H](OC(=O)c4ccccc4)[C@@H](OC(=O)c4ccccc4)[C@@H]3OC(=O)c3ccccc3)O[C@H](COC(=O)c3ccccc3)[C@@H](OC(=O)c3ccccc3)[C@@H]2OC(=O)c2ccccc2)[C@@H](O[C@H]2O[C@H](COC(=O)c3ccccc3)[C@@H](OC(=O)c3ccccc3)[C@H](OC(=O)c3ccccc3)[C@@H]2OC(=O)c2ccccc2)[C@@H](OC(=O)c2ccccc2)[C@@H]1OC(=O)c1ccccc1,CC[Si](CC)(CC)OC[C@H]1O[C@H](O[C@@H]2[C@H]3OC4(CCCCC4)O[C@@H]3[C@H]3OC4(CCCCC4)O[C@H]3[C@H]2O[Si](C)(C)C(C)(C)C)[C@H](N=[N+]=[N-])[C@@H](OCOCC[Si](C)(C)C)[C@@H]1O,chiral_gine,crossattn,1,E85CA106,trichloroacetimidate,2006
561,31-010-CAS-2299030,val,0,0.0030394243076443672,0.4899999999999999,0,1,CC(=O)O[C@@H]1C(OC(=Nc2ccccc2)C(F)(F)F)O[C@H](C)[C@@H](N=[N+]=[N-])[C@@H]1OCc1ccccc1,CCS[C@H]1O[C@H](C)[C@@H](N=[N+]=[N-])[C@H](OCc2ccccc2)[C@@H]1O,chiral_gine,crossattn,1,96C170F9,trifluoroacetimidate,2013
563,31-010-CAS-9358549,val,0,0.014439001679420471,0.4899999999999999,0,1,CC(=O)O[C@H]1[C@H](OCc2ccccc2)[C@@H](COCc2ccccc2)OC(OC(=Nc2ccccc2)C(F)(F)F)[C@@H]1OCc1ccccc1,CO[C@H]1O[C@H](COCc2ccccc2)[C@H](O)[C@H](OC(C)=O)[C@H]1N=[N+]=[N-],chiral_gine,crossattn,1,34831210,trifluoroacetimidate,2006
572,31-013-CAS-6013588,val,0,0.011148817837238312,0.4899999999999999,0,1,CC(=O)OC[C@H]1O[C@H](O[C@@H]2[C@H](OCc3ccccc3)[C@@H](N=[N+]=[N-])[C@H](OC(=Nc3ccccc3)C(F)(F)F)O[C@@H]2COC(C)=O)[C@H](N=[N+]=[N-])[C@@H](OCc2ccccc2)[C@H]1OCc1ccccc1,C=CCCCO[C@H]1O[C@H](CO[Si](C)(C)C(C)(C)C)[C@H](O)[C@H](OCc2ccccc2)[C@H]1N=[N+]=[N-],chiral_gine,crossattn,1,706BAFFC,trifluoroacetimidate,2015
575,31-010-CAS-22956845,val,0,0.0035529546439647675,0.4899999999999999,0,1,COc1ccc(CO[C@H]2[C@H](OCc3ccccc3)[C@@H](N=[N+]=[N-])C(OC(=Nc3ccccc3)C(F)(F)F)O[C@@H]2COCc2ccccc2)cc1,[N-]=[N+]=N[C@H]1[C@@H](OCCCCCC(=O)OCc2ccccc2)O[C@H](COCc2ccccc2)[C@@H](O[C@H]2O[C@H](COCc3ccccc3)[C@@H](O[C@H]3O[C@H](COCc4ccccc4)[C@@H](O)[C@H](OCc4ccccc4)[C@H]3N=[N+]=[N-])[C@H](OCc3ccccc3)[C@H]2N=[N+]=[N-])[C@@H]1OCc1ccccc1,chiral_gine,crossattn,1,89F706BA,trifluoroacetimidate,2020
576,31-010-CAS-9357436,val,0,0.0019243272254243493,0.4899999999999999,0,1,CC(=O)OC[C@H]1OC(OC(=Nc2ccccc2)C(F)(F)F)[C@H](OCc2ccccc2)[C@@H](OCc2ccccc2)[C@@H]1OCc1ccccc1,CO[C@H]1O[C@H](COCc2ccccc2)[C@H](O)[C@H](O[C@@H]2O[C@H](CO[C@H]3O[C@H](COC(=O)c4ccccc4)[C@@H](OCc4ccccc4)[C@H](OCc4ccccc4)[C@H]3OCc3ccccc3)[C@@H](OC(=O)c3ccccc3)[C@H](OC(=O)c3ccccc3)[C@H]2OC(=O)c2ccccc2)[C@H]1N=[N+]=[N-],chiral_gine,crossattn,1,7494921C,trifluoroacetimidate,2008
579,31-010-CAS-4236424,val,0,0.08885883539915085,0.4899999999999999,0,1,O=C(OCC1c2ccccc2-c2ccccc21)OC[C@H]1O[C@H](OC(=Nc2ccccc2)C(F)(F)F)[C@H](OCc2ccccc2)[C@@H](OCc2ccccc2)[C@@H]1OCc1ccccc1,COC(=O)[C@H]1O[C@@H](Sc2ccccc2)[C@@H](N=[N+]=[N-])[C@@H](OCc2ccccc2)[C@@H]1O,chiral_gine,crossattn,1,C716DAC3,trifluoroacetimidate,2010
582,31-010-CAS-12941802,val,0,0.07861220091581345,0.4899999999999999,0,1,O=C(OCC1c2ccccc2-c2ccccc21)OC[C@H]1O[C@H](OC(=Nc2ccccc2)C(F)(F)F)[C@H](OCc2ccccc2)[C@@H](OCc2ccccc2)[C@@H]1OCc1ccccc1,COC(=O)[C@H]1O[C@@H](Sc2ccccc2)[C@@H](N=[N+]=[N-])[C@@H](N=[N+]=[N-])[C@@H]1O,chiral_gine,crossattn,1,4443B80B,trifluoroacetimidate,2011
608,31-013-CAS-9679278,val,1,0.9755092859268188,0.4899999999999999,1,1,O=C(N[C@H]1C(OC(=Nc2ccccc2)C(F)(F)F)O[C@H](COCc2ccccc2)[C@@H](O[C@@H]2O[C@@H]3CO[C@@H](c4ccccc4)O[C@H]3[C@H](OCc3ccc4ccccc4c3)[C@@H]2OCc2ccccc2)[C@@H]1OCc1ccccc1)OCC(Cl)(Cl)Cl,O=C(N[C@H]1[C@H](OCc2ccccc2)O[C@H](COCc2ccccc2)[C@@H](O)[C@@H]1OCc1ccccc1)OCC(Cl)(Cl)Cl,chiral_gine,crossattn,1,A8E8D47B,trifluoroacetimidate,2013
642,31-010-CAS-20875071,val,1,0.9631483554840088,0.4899999999999999,1,1,COC(=O)[C@@]1(O[C@H]2[C@@H](OC(=O)c3ccccc3)[C@@H](COC(=O)c3ccccc3)OC(OC(=Nc3ccccc3)C(F)(F)F)[C@@H]2OC(=O)c2ccccc2)C[C@H](OC(C)=O)[C@@H](NC(C)=O)[C@H]([C@H](OC(C)=O)[C@@H](COC(C)=O)OC(C)=O)O1,CC(=O)O[C@H]1[C@H](O[C@@H]2[C@H](O[C@@H]3O[C@H](COCc4ccccc4)[C@@H](O)[C@H](OCc4ccccc4)[C@H]3N3C(=O)c4ccccc4C3=O)[C@@H](OC(=O)c3ccccc3)[C@H](O[C@H]3[C@H](OC(=O)c4ccccc4)[C@@H](OC(=O)c4ccccc4)[C@H](OCCCN=[N+]=[N-])O[C@@H]3COC(=O)c3ccccc3)O[C@@H]2COC(=O)c2ccccc2)O[C@H](COCc2ccccc2)[C@@H](OCc2ccccc2)[C@@H]1OCc1ccccc1,chiral_gine,crossattn,1,4DA91E3A,trifluoroacetimidate,2019
647,31-614-CAS-42575643,val,1,0.9789237380027771,0.4899999999999999,1,1,COC(=O)[C@@]1(O[C@H]2[C@@H](OC(C)=O)[C@@H](COC(C)=O)O[C@@H](OC(=Nc3ccccc3)C(F)(F)F)[C@@H]2OC(C)=O)C[C@@H]2OC(=O)N(C(C)=O)[C@H]2[C@H]([C@H](OC(C)=O)[C@@H](COC(C)=O)OC(C)=O)O1,CC(=O)O[C@H]1[C@H](OCc2ccc3ccccc3c2)[C@H](O[C@H]2[C@H](O)[C@@H](COCc3ccc4ccccc4c3)O[C@@H](Sc3c(C)cccc3C)[C@@H]2NC(=O)OCC(Cl)(Cl)Cl)O[C@@H](C)[C@H]1OC(C)=O,chiral_gine,crossattn,1,4767D299,trifluoroacetimidate,2024
649,31-010-CAS-19429741,val,1,0.9787572026252747,0.4899999999999999,1,1,[N-]=[N+]=Nc1ccc(CO[C@@H]2[C@H](OCc3ccccc3)[C@H](O[C@H]3[C@H](OCc4ccccc4)[C@@H](NC(=O)OCC(Cl)(Cl)Cl)C(OC(=Nc4ccccc4)C(F)(F)F)O[C@@H]3COCc3ccccc3)O[C@H](COC(=O)OCC3c4ccccc4-c4ccccc43)[C@H]2O[C@@H]2O[C@H](COCc3ccccc3)[C@@H](OCc3ccccc3)[C@H](OCc3ccccc3)[C@H]2NC(=O)OCC(Cl)(Cl)Cl)cc1Cl,C=CCOC(=O)[C@H](CC(=O)N[C@@H]1O[C@H](COCc2ccccc2)[C@@H](O)[C@H](OCc2ccccc2)[C@H]1NC(=O)OCC(Cl)(Cl)Cl)NC(=O)OCc1ccccc1,chiral_gine,crossattn,1,A68382B8,trifluoroacetimidate,2018
658,31-013-CAS-20074832,val,0,0.004056475590914488,0.4899999999999999,0,1,CC(=O)O[C@H]1[C@@H](OCc2ccccc2)[C@H](N=[N+]=[N-])[C@@H](C)O[C@@H]1Sc1ccc(C)cc1,CO[C@H]1O[C@H](C)[C@@H](N=[N+]=[N-])[C@H](OCc2ccccc2)[C@@H]1O[C@H]1O[C@H](C)[C@@H](N=[N+]=[N-])[C@H](OCc2ccccc2)[C@@H]1O[C@H]1O[C@H](C)[C@@H](N=[N+]=[N-])[C@H](OCc2ccccc2)[C@@H]1O,chiral_gine,crossattn,1,286053B7,thioglycoside,2018
659,31-013-CAS-17381410,val,0,0.0031913877464830875,0.4899999999999999,0,1,CC(=O)O[C@H]1[C@@H](OCc2ccccc2)[C@H](N=[N+]=[N-])[C@@H](C)O[C@@H]1Sc1ccc(C)cc1,CO[C@H]1O[C@H](C)[C@@H](N=[N+]=[N-])[C@H](OCc2ccccc2)[C@@H]1O[C@H]1O[C@H](C)[C@@H](N=[N+]=[N-])[C@H](OCc2ccccc2)[C@@H]1O[C@H]1O[C@H](C)[C@@H](N=[N+]=[N-])[C@H](OCc2ccccc2)[C@@H]1O,chiral_gine,crossattn,1,286053B7,thioglycoside,2017
664,31-013-CAS-22581514,val,0,0.009927510283887386,0.4899999999999999,0,1,CCS[C@H]1O[C@H](C)[C@@H](N=[N+]=[N-])[C@H](OCc2ccccc2)[C@@H]1OC(=O)c1ccccc1,C[C@H]1O[C@H](O[C@@H]2[C@@H](OCC[Si](C)(C)C)O[C@H](C)[C@@H](N=[N+]=[N-])[C@@H]2OCc2ccccc2)[C@@H](O)[C@@H](OCc2ccccc2)[C@@H]1N=[N+]=[N-],chiral_gine,crossattn,1,DD406F44,thioglycoside,2019
681,31-614-CAS-34701874,val,1,0.7634352445602417,0.4899999999999999,1,1,CC(=O)OC[C@H]1O[C@@H](Sc2ccccc2)[C@H](OC(C)=O)[C@@H](OC(C)=O)[C@H]1OC(C)=O,CO[C@@H]1O[C@H](CF)[C@@H](O)[C@H](OCc2ccccc2)[C@H]1N=[N+]=[N-],chiral_gine,crossattn,1,53B048CA,thioglycoside,2021
687,31-013-CAS-16760997,val,1,0.8153278827667236,0.4899999999999999,1,1,CCS[C@@H]1O[C@@H]2CO[C@@H](c3ccccc3)O[C@H]2[C@H](OCc2ccccc2)[C@H]1OC(=O)c1ccccc1,CO[C@H]1O[C@H](COCc2ccccc2)[C@@H](O)[C@H](OCc2ccccc2)[C@H]1N=[N+]=[N-],chiral_gine,crossattn,1,C4656B38,thioglycoside,2017
693,31-013-CAS-15220844,val,0,0.004367075860500336,0.4899999999999999,0,1,CCS[C@@H]1O[C@@H](COC(C)=O)[C@@H](OC(C)=O)[C@H](OCc2ccccc2)[C@H]1OC(=O)c1ccccc1,[N-]=[N+]=N[C@H]1[C@@H]2OC[C@@H](O2)[C@@H](O)[C@@H]1OCc1ccccc1,chiral_gine,crossattn,1,C1F022CE,thioglycoside,2006
698,31-013-CAS-17243080,val,1,0.9673152565956116,0.4899999999999999,1,1,CCS[C@@H]1O[C@H](COCc2ccccc2)[C@@H](OCc2ccccc2)[C@H](OCc2ccccc2)[C@H]1OC(=O)CCC(C)=O,CC(=O)O[C@@H]1[C@H](O)[C@H](C)O[C@@H](O[Si](C)(C)C(C)(C)C(C)C)[C@H]1N=[N+]=[N-],chiral_gine,crossattn,1,DA4D620D,thioglycoside,2016
701,31-614-CAS-24965272,val,0,0.01760360598564148,0.4899999999999999,0,1,CC(C)(C)[Si](C)(C)O[C@H]1[C@@H]2O[C@H](c3ccccc3)OC[C@H]2O[C@H](S(=O)c2ccccc2)[C@H]1OCc1ccccc1,C=CCCCO[C@@H]1O[C@H](COCc2ccccc2)[C@@H](O)[C@H](OCc2ccccc2)[C@H]1N=[N+]=[N-],chiral_gine,crossattn,1,8431E346,thioglycoside,2006
703,31-301-CAS-11878337,val,1,0.9919424057006836,0.4899999999999999,1,1,O=S(c1ccccc1)[C@H]1O[C@@H]2CO[C@@H](c3ccccc3)O[C@H]2[C@H](OCc2ccccc2)[C@@H]1OCc1ccccc1,C=CCCCO[C@@H]1O[C@H](COCc2ccccc2)[C@@H](O)[C@H](OCc2ccccc2)[C@H]1N=[N+]=[N-],chiral_gine,crossattn,1,C896BDB6,thioglycoside,2000
718,31-614-CAS-34701884,val,1,0.02441835217177868,0.4899999999999999,0,0,CC(=O)OC[C@H]1O[C@@H](Sc2ccccc2)[C@H](OC(C)=O)[C@@H](OC(C)=O)[C@@H]1F,CO[C@@H]1O[C@H](COCc2ccccc2)[C@@H](O)[C@H](OCc2ccccc2)[C@H]1N=[N+]=[N-],chiral_gine,crossattn,1,6CE6ADA6,thioglycoside,2021
727,31-013-CAS-19403832,val,1,0.9552209377288818,0.4899999999999999,1,1,CCS[C@@H]1O[C@H](COCc2ccccc2)[C@@H](OCc2ccccc2)[C@H](OCc2ccccc2)[C@H]1OC(=O)CCC(C)=O,COc1ccc(CO[C@@H]2[C@H](O)[C@H](C)O[C@H](O[Si](C)(C)C(C)(C)C(C)C)[C@H]2N=[N+]=[N-])cc1,chiral_gine,crossattn,1,17D12FAD,thioglycoside,2017
728,31-013-CAS-17243086,val,1,0.9452455639839172,0.4899999999999999,1,1,CCS[C@@H]1O[C@H](COCc2ccccc2)[C@@H](OCc2ccccc2)[C@H](OCc2ccccc2)[C@H]1OC(=O)CCC(C)=O,COc1ccc(CO[C@@H]2[C@H](O)[C@H](C)O[C@H](O[Si](C)(C)C(C)(C)C(C)C)[C@H]2N=[N+]=[N-])cc1,chiral_gine,crossattn,1,17D12FAD,thioglycoside,2016
736,31-013-CAS-11935268,val,0,0.0012814177898690104,0.4899999999999999,0,1,CC(C)(C)OC(=O)[C@@H]1O[C@@H](Sc2ccccc2)[C@H](OC(=O)c2ccccc2)[C@@H](OCc2ccccc2)[C@@H]1OCc1ccccc1,COc1ccc(OC[C@H]2O[C@H](O[C@H]3[C@H](OCc4ccccc4)[C@@H](OC(=O)c4ccccc4)[C@H](OC)O[C@H]3C(=O)OC(C)(C)C)[C@H](N=[N+]=[N-])[C@@H](OCc3ccccc3)[C@@H]2O)cc1,chiral_gine,crossattn,1,904D40F4,thioglycoside,2008
740,31-013-CAS-11440399,val,1,0.5354003310203552,0.4899999999999999,1,1,CCSC1O[C@H](COCc2ccccc2)[C@@H](OCc2ccccc2)[C@H](OCc2ccccc2)[C@H]1OC(C)=O,CO[C@@H]1O[C@H](CO[Si](c2ccccc2)(c2ccccc2)C(C)(C)C)[C@@H](O)[C@H](OC(=O)CCC(C)=O)[C@H]1N=[N+]=[N-],chiral_gine,crossattn,1,4A1608EE,thioglycoside,2002
742,31-013-CAS-7579377,val,1,0.9617053866386414,0.4899999999999999,1,1,CCS[C@@H]1O[C@H](COCc2ccccc2)[C@@H](OCc2ccc(OC)cc2)[C@H](OCc2ccccc2)[C@H]1OC(C)=O,C=CCO[C@@H]1O[C@H](CO[Si](c2ccccc2)(c2ccccc2)C(C)(C)C)[C@@H](O)[C@H](OCc2ccccc2)[C@H]1N=[N+]=[N-],chiral_gine,crossattn,1,D43D459F,thioglycoside,2005
763,31-013-CAS-6495154,val,1,0.9637983441352844,0.4899999999999999,1,1,CCS[C@@H]1O[C@@H]2CO[C@@H](c3ccccc3)O[C@H]2[C@H](OCc2ccccc2)[C@H]1OC(C)=O,CC(=O)OC[C@H]1O[C@@H](O[Si](C)(C)C(C)(C)C(C)C)[C@H](N=[N+]=[N-])[C@@H](OCc2ccccc2)[C@@H]1O,chiral_gine,crossattn,1,223F9050,thioglycoside,2012
764,31-013-CAS-3733563,val,1,0.9637983441352844,0.4899999999999999,1,1,CCS[C@@H]1O[C@@H]2CO[C@@H](c3ccccc3)O[C@H]2[C@H](OCc2ccccc2)[C@H]1OC(C)=O,CC(=O)OC[C@H]1O[C@@H](O[Si](C)(C)C(C)(C)C(C)C)[C@H](N=[N+]=[N-])[C@@H](OCc2ccccc2)[C@@H]1O,chiral_gine,crossattn,1,223F9050,thioglycoside,2010
765,31-013-CAS-11369982,val,1,0.963798463344574,0.4899999999999999,1,1,CCS[C@@H]1O[C@@H]2CO[C@@H](c3ccccc3)O[C@H]2[C@H](OCc2ccccc2)[C@H]1OC(C)=O,CC(=O)OC[C@H]1O[C@@H](O[Si](C)(C)C(C)(C)C(C)C)[C@H](N=[N+]=[N-])[C@@H](OCc2ccccc2)[C@@H]1O,chiral_gine,crossattn,1,223F9050,thioglycoside,2009
768,31-013-CAS-21359760,val,0,0.0032443860545754433,0.4899999999999999,0,1,COC(=O)[C@H]1O[C@@H](O[C@H]2[C@H](OCc3ccc(OC)cc3)[C@@H](N=[N+]=[N-])[C@@H](O[C@H]3[C@H](OCc4ccccc4)[C@@H](OC(=O)c4ccccc4)[C@@H](Sc4ccc(C)cc4)O[C@H]3C(=O)OC)O[C@@H]2COC(=O)c2ccccc2)[C@H](OCc2ccccc2)[C@@H](OCc2ccccc2)[C@@H]1O[C@H]1O[C@H](COC(=O)c2ccccc2)[C@@H](OCc2ccccc2)[C@H](OCc2ccccc2)[C@H]1N=[N+]=[N-],CO[C@H]1O[C@H](COC(=O)c2ccccc2)[C@@H](O)[C@H](OCc2ccccc2)[C@H]1N=[N+]=[N-],chiral_gine,crossattn,1,042705AC,thioglycoside,2015
769,31-013-CAS-14625814,val,0,0.0032443844247609377,0.4899999999999999,0,1,COC(=O)[C@H]1O[C@@H](O[C@H]2[C@H](OCc3ccc(OC)cc3)[C@@H](N=[N+]=[N-])[C@@H](O[C@H]3[C@H](OCc4ccccc4)[C@@H](OC(=O)c4ccccc4)[C@@H](Sc4ccc(C)cc4)O[C@H]3C(=O)OC)O[C@@H]2COC(=O)c2ccccc2)[C@H](OCc2ccccc2)[C@@H](OCc2ccccc2)[C@@H]1O[C@H]1O[C@H](COC(=O)c2ccccc2)[C@@H](OCc2ccccc2)[C@H](OCc2ccccc2)[C@H]1N=[N+]=[N-],CO[C@H]1O[C@H](COC(=O)c2ccccc2)[C@@H](O)[C@H](OCc2ccccc2)[C@H]1N=[N+]=[N-],chiral_gine,crossattn,1,042705AC,thioglycoside,2003
778,31-013-CAS-21359743,val,0,0.003309928346425295,0.4899999999999999,0,1,COC(=O)[C@H]1O[C@@H](O[C@H]2[C@H](OCc3ccc(OC)cc3)[C@@H](N=[N+]=[N-])[C@@H](O[C@H]3[C@H](OCc4ccccc4)[C@@H](OC(=O)c4ccccc4)[C@@H](Sc4ccc(C)cc4)O[C@H]3C(=O)OC)O[C@@H]2COc2ccc(OC)cc2)[C@H](OCc2ccccc2)[C@@H](OCc2ccccc2)[C@@H]1O[C@H]1O[C@H](COC(=O)c2ccccc2)[C@@H](OCc2ccccc2)[C@H](OCc2ccccc2)[C@H]1N=[N+]=[N-],CO[C@H]1O[C@H](COC(=O)c2ccccc2)[C@@H](O)[C@H](OCc2ccccc2)[C@H]1N=[N+]=[N-],chiral_gine,crossattn,1,47630FCA,thioglycoside,2015
779,31-013-CAS-10424211,val,0,0.003309929743409157,0.4899999999999999,0,1,COC(=O)[C@H]1O[C@@H](O[C@H]2[C@H](OCc3ccc(OC)cc3)[C@@H](N=[N+]=[N-])[C@@H](O[C@H]3[C@H](OCc4ccccc4)[C@@H](OC(=O)c4ccccc4)[C@@H](Sc4ccc(C)cc4)O[C@H]3C(=O)OC)O[C@@H]2COc2ccc(OC)cc2)[C@H](OCc2ccccc2)[C@@H](OCc2ccccc2)[C@@H]1O[C@H]1O[C@H](COC(=O)c2ccccc2)[C@@H](OCc2ccccc2)[C@H](OCc2ccccc2)[C@H]1N=[N+]=[N-],CO[C@H]1O[C@H](COC(=O)c2ccccc2)[C@@H](O)[C@H](OCc2ccccc2)[C@H]1N=[N+]=[N-],chiral_gine,crossattn,1,47630FCA,thioglycoside,2003
780,31-013-CAS-1186903,val,0,0.0019040248589590192,0.4899999999999999,0,1,COC(=O)[C@@H]1O[C@@H](O[C@H]2[C@H](OCc3ccccc3)[C@@H](N=[N+]=[N-])[C@@H](O[C@H]3[C@H](OCc4ccccc4)[C@@H](OC(=O)c4ccccc4)C(Sc4ccccc4)O[C@H]3C(=O)OC)O[C@@H]2COCc2ccccc2)[C@H](OC(=O)c2ccccc2)[C@@H](OCc2ccccc2)[C@@H]1O[C@H]1O[C@H](COCc2ccccc2)[C@@H](OCc2ccc(OC)cc2)[C@H](OCc2ccccc2)[C@H]1N=[N+]=[N-],COC(=O)[C@@H]1O[C@@H](OC[C@@H](COCc2ccccc2)OCc2ccccc2)[C@H](OC(=O)c2ccccc2)[C@@H](OCc2ccccc2)[C@@H]1O[C@H]1O[C@H](COCc2ccccc2)[C@@H](O[C@@H]2O[C@@H](C(=O)OC)[C@@H](O[C@H]3O[C@H](COCc4ccccc4)[C@@H](O)[C@H](OCc4ccccc4)[C@H]3N=[N+]=[N-])[C@H](OCc3ccccc3)[C@H]2OC(=O)c2ccccc2)[C@H](OCc2ccccc2)[C@H]1N=[N+]=[N-],chiral_gine,crossattn,1,84935DA5,thioglycoside,2013
787,31-013-CAS-10475617,val,1,0.830769419670105,0.4899999999999999,1,1,C=CCOC(=O)O[C@@H]1[C@@H](OCc2ccccc2)[C@@H]2O[C@H](c3ccccc3)OC[C@H]2O[C@H]1SCC,CC(=O)OC[C@H]1O[C@@H](O[Si](C)(C)C(C)(C)C(C)C)[C@H](N=[N+]=[N-])[C@@H](OCc2ccccc2)[C@@H]1O,chiral_gine,crossattn,1,AAD891A9,thioglycoside,2015
794,31-013-CAS-3407711,val,0,0.0018187023233622313,0.4899999999999999,0,1,CCSC1O[C@H]2CO[C@H](c3ccccc3)O[C@H]2[C@H](OCc2ccccc2)[C@H]1OC(=O)CCC(C)=O,CC(=O)OC[C@H]1O[C@@H](O[Si](C)(C)C(C)(C)C(C)C)[C@H](N=[N+]=[N-])[C@@H](OCc2ccccc2)[C@@H]1O,chiral_gine,crossattn,1,55CE89E8,thioglycoside,2010
795,31-013-CAS-15280740,val,0,0.0018187005771324039,0.4899999999999999,0,1,CCSC1O[C@H]2CO[C@H](c3ccccc3)O[C@H]2[C@H](OCc2ccccc2)[C@H]1OC(=O)CCC(C)=O,CC(=O)OC[C@H]1O[C@@H](O[Si](C)(C)C(C)(C)C(C)C)[C@H](N=[N+]=[N-])[C@@H](OCc2ccccc2)[C@@H]1O,chiral_gine,crossattn,1,55CE89E8,thioglycoside,2009
796,31-013-CAS-4037463,val,0,0.002005769871175289,0.4899999999999999,0,1,CCSC1O[C@H]2CO[C@@H](c3ccccc3)O[C@H]2[C@H](OCc2ccccc2)[C@H]1OC(C)=O,CC(=O)CCC(=O)OC[C@H]1O[C@@H](O[Si](C)(C)C(C)(C)C(C)C)[C@H](N=[N+]=[N-])[C@@H](OCc2ccccc2)[C@@H]1O,chiral_gine,crossattn,1,B903B7E2,thioglycoside,2012
797,31-013-CAS-5548184,val,0,0.0020057708024978638,0.4899999999999999,0,1,CCSC1O[C@H]2CO[C@@H](c3ccccc3)O[C@H]2[C@H](OCc2ccccc2)[C@H]1OC(C)=O,CC(=O)CCC(=O)OC[C@H]1O[C@@H](O[Si](C)(C)C(C)(C)C(C)C)[C@H](N=[N+]=[N-])[C@@H](OCc2ccccc2)[C@@H]1O,chiral_gine,crossattn,1,B903B7E2,thioglycoside,2010
798,31-013-CAS-1891598,val,0,0.002005769871175289,0.4899999999999999,0,1,CCSC1O[C@H]2CO[C@@H](c3ccccc3)O[C@H]2[C@H](OCc2ccccc2)[C@H]1OC(C)=O,CC(=O)CCC(=O)OC[C@H]1O[C@@H](O[Si](C)(C)C(C)(C)C(C)C)[C@H](N=[N+]=[N-])[C@@H](OCc2ccccc2)[C@@H]1O,chiral_gine,crossattn,1,B903B7E2,thioglycoside,2009
818,31-013-CAS-8835573,val,0,0.0010885223746299744,0.4899999999999999,0,1,CCSC1O[C@H]2COC(C)(C)O[C@H]2[C@H](OCc2ccccc2)[C@H]1OC(=O)c1ccccc1,C#CCCCO[C@H]1O[C@H](CO[Si](c2ccccc2)(c2ccccc2)C(C)(C)C)[C@@H](O)[C@H](OCc2ccccc2)[C@H]1N=[N+]=[N-],chiral_gine,crossattn,1,CD3D98D4,thioglycoside,2010
821,31-013-CAS-4770924,val,0,0.0014996613608673215,0.4899999999999999,0,1,COC(=O)[C@@H]1O[C@@H](Sc2ccccc2)[C@H](OC(=O)c2ccccc2)[C@@H](OCc2ccccc2)[C@@H]1O[C@H]1O[C@H](COCc2ccccc2)[C@@H](OC(=O)C(Cl)(Cl)Cl)[C@H](OCc2ccccc2)[C@H]1N=[N+]=[N-],COC(=O)[C@@H]1O[C@@H](OC)[C@H](OC(=O)c2ccccc2)[C@@H](OCc2ccccc2)[C@@H]1O[C@H]1O[C@H](COCc2ccccc2)[C@@H](O[C@@H]2O[C@@H](C(=O)OC)[C@@H](O[C@H]3O[C@H](COCc4ccccc4)[C@@H](O[C@@H]4O[C@@H](C(=O)OC)[C@@H](O[C@H]5O[C@H](COCc6ccccc6)[C@@H](O)[C@H](OCc6ccccc6)[C@H]5N=[N+]=[N-])[C@H](OCc5ccccc5)[C@H]4OC(=O)c4ccccc4)[C@H](OCc4ccccc4)[C@H]3N=[N+]=[N-])[C@H](OCc3ccccc3)[C@H]2OC(=O)c2ccccc2)[C@H](OCc2ccccc2)[C@H]1N=[N+]=[N-],chiral_gine,crossattn,1,4DADAE4F,thioglycoside,2013
823,31-013-CAS-20421021,val,1,0.909422755241394,0.4899999999999999,1,1,CC(=O)CCC(=O)O[C@@H]1[C@@H](OCc2ccc3ccccc3c2)[C@@H](OCc2ccccc2)[C@@H](COCc2ccccc2)O[C@H]1Sc1ccc(C)cc1,CC(C)C(C)(C)[Si](C)(C)O[C@@H]1O[C@H](COCc2ccccc2)[C@@H](O)[C@H](OCc2ccccc2)[C@H]1N=[N+]=[N-],chiral_gine,crossattn,1,269ABEDB,thioglycoside,2019
844,31-013-CAS-20818648,val,0,0.0053719948045909405,0.4899999999999999,0,1,COC(=O)[C@@H]1O[C@@H](Sc2ccccc2)[C@H](OC(=O)c2ccccc2)[C@@H](OCc2ccccc2)[C@@H]1O[C@H]1O[C@H](COCc2ccccc2)[C@@H](O[C@@H]2O[C@@H](C(=O)OC)[C@@H](O[C@H]3O[C@H](COCc4ccccc4)[C@@H](OCc4ccccc4)[C@H](OCc4ccccc4)[C@H]3N=[N+]=[N-])[C@H](OCc3ccccc3)[C@H]2OC(=O)c2ccccc2)[C@H](OCc2ccccc2)[C@H]1N=[N+]=[N-],[N-]=[N+]=N[C@H]1[C@@H](O[C@H]2[C@H](OCc3ccccc3)[C@H]3OC(=O)[C@@H]2O[C@H]3Sc2ccccc2)O[C@H](COCc2ccccc2)[C@@H](O)[C@@H]1OCc1ccccc1,chiral_gine,crossattn,1,CD7D2A52,thioglycoside,2019
846,31-614-CAS-39928734,val,1,0.06991186738014221,0.4899999999999999,0,0,CC(=O)CCC(=O)O[C@@H]1[C@@H](OCc2ccccc2)[C@@H]2O[C@H](c3ccccc3)OC[C@H]2O[C@H]1Sc1ccc(C)cc1,CC(C)C(C)(C)[Si](C)(C)O[C@@H]1O[C@H](COCc2ccc3ccccc3c2)[C@@H](O)[C@H](OCc2ccc3ccccc3c2)[C@H]1N=[N+]=[N-],chiral_gine,crossattn,1,E3A3F264,thioglycoside,2024
847,31-614-CAS-39928848,val,1,0.0699118822813034,0.4899999999999999,0,0,CC(=O)CCC(=O)O[C@@H]1[C@@H](OCc2ccccc2)[C@@H]2O[C@H](c3ccccc3)OC[C@H]2O[C@H]1Sc1ccc(C)cc1,CC(C)C(C)(C)[Si](C)(C)O[C@@H]1O[C@H](COCc2ccc3ccccc3c2)[C@@H](O)[C@H](OCc2ccc3ccccc3c2)[C@H]1N=[N+]=[N-],chiral_gine,crossattn,1,E3A3F264,thioglycoside,2024
857,31-013-CAS-5560590,val,0,0.007116554770618677,0.4899999999999999,0,1,CCS[C@H]1O[C@H](CO[C@H]2O[C@H](COCc3ccccc3)[C@@H](OCc3ccccc3)[C@H](OCc3ccccc3)[C@@H]2O[C@H]2O[C@H](CO[Si](C)(C)C(C)(C)C)[C@@H](OCc3ccccc3)[C@H](OCc3ccccc3)[C@@H]2OCc2ccccc2)[C@@H](OCc2ccccc2)[C@H](OCc2ccccc2)[C@@H]1OCc1ccccc1,CCCCCCCCCCCCCCCC(=O)O[C@@H]1[C@H](OCc2ccccc2)[C@@H](OCc2ccccc2)[C@H](OCc2ccccc2)[C@@H](O[C@H]2O[C@H](COCc3ccccc3)[C@@H](O)[C@H](OCc3ccccc3)[C@H]2N=[N+]=[N-])[C@@H]1OCc1ccc(OC)cc1,chiral_gine,crossattn,1,75444131,thioglycoside,2003
868,31-301-CAS-8971847,val,1,0.9848624467849731,0.4899999999999999,1,1,O=S(c1ccccc1)[C@H]1O[C@@H]2CO[C@@H](c3ccccc3)O[C@H]2[C@H](OCc2ccccc2)[C@@H]1OCc1ccccc1,CO[C@H]1O[C@H](COCc2ccccc2)[C@@H](O)[C@H](OCc2ccccc2)[C@H]1NC(C)=O,chiral_gine,crossattn,1,CF76E734,thioglycoside,2001
869,31-013-CAS-6681942,val,1,0.9733362793922424,0.4899999999999999,1,1,CCS[C@@H]1O[C@H](CO[C@H]2O[C@H](COCc3ccccc3)[C@@H](OCc3ccccc3)[C@H](OCc3ccccc3)[C@@H]2O[Si](C)(C)C(C)(C)C)[C@@H](OCc2ccc(OC)cc2)[C@H](O[C@H]2O[C@H](COCc3ccccc3)[C@@H](OCc3ccccc3)[C@H](OCc3ccccc3)[C@@H]2O[Si](C)(C)C(C)(C)C)[C@H]1OC(C)=O,O=S(=O)(N[C@H]1[C@H](O[C@H]2[C@H](OCc3ccccc3)C=CO[C@@H]2COCc2ccccc2)O[C@H](COCc2ccccc2)[C@@H](O)[C@@H]1OCc1ccccc1)c1ccccc1,chiral_gine,crossattn,1,D698DD68,thioglycoside,2006
879,31-013-CAS-18987290,val,0,0.00782923772931099,0.4899999999999999,0,1,CCS[C@H]1O[C@H]2CO[C@@H](c3ccc(OC)cc3)O[C@H]2[C@H](OCc2ccccc2)[C@H]1OCc1ccccc1,CO[C@H]1O[C@H](COCc2ccccc2)[C@@H](O)[C@H](OCc2ccccc2)[C@H]1NC(C)=O,chiral_gine,crossattn,1,2B7D1ED8,thioglycoside,2018
881,31-614-CAS-39832550,val,0,0.07859872281551361,0.4899999999999999,0,1,[N-]=[N+]=N[C@@H]1[C@@H](OCc2ccccc2)[C@H]2O[C@@H](c3ccccc3)OC[C@H]2O[C@H]1Sc1ccccc1,CC(C)(C)[Si](OC[C@H]1O[C@H](OCCCNC(=O)OCc2ccccc2)[C@H](N=[N+]=[N-])[C@@H](OCc2ccccc2)[C@H]1O)(c1ccccc1)c1ccccc1,chiral_gine,crossattn,1,F42C3FD2,thioglycoside,2023
882,31-013-CAS-7147589,val,0,0.08549488335847855,0.4899999999999999,0,1,CCS[C@H]1O[C@@H](C)[C@H](OC(C)=O)[C@@H](OC(C)=O)[C@H]1OC(C)=O,CO[C@@H]1O[C@H](COCc2ccccc2)[C@@H](O)[C@H](O[C@@H]2O[C@H](COC(C)=O)[C@H](OC(C)=O)[C@H](OC(C)=O)[C@H]2OC(C)=O)[C@H]1NC(C)=O,chiral_gine,crossattn,1,5F5BBA55,thioglycoside,2005
895,31-013-CAS-18987289,val,0,0.00596593925729394,0.4899999999999999,0,1,CCS[C@H]1O[C@H]2CO[C@@H](c3ccc4ccccc4c3)O[C@H]2[C@H](OCc2ccccc2)[C@H]1OCc1ccccc1,CO[C@H]1O[C@H](COCc2ccccc2)[C@@H](O)[C@H](OCc2ccccc2)[C@H]1NC(C)=O,chiral_gine,crossattn,1,935F6C50,thioglycoside,2018
910,31-013-CAS-15444979,val,1,0.7496535181999207,0.4899999999999999,1,1,CC(=O)OC[C@H]1O[C@@H](Sc2ccc(C)cc2)[C@H](OC(=O)c2ccccc2)[C@@H](OCc2ccccc2)[C@@H]1O[C@H]1O[C@H](CO[Si](c2ccccc2)(c2ccccc2)C(C)(C)C)[C@@H](OCc2ccc3ccccc3c2)[C@H](OCc2ccc(Br)cc2)[C@H]1N=[N+]=[N-],CO[C@H]1O[C@H](COCc2ccccc2)[C@@H](O[C@@H]2O[C@H](COC(C)=O)[C@@H](O[C@H]3O[C@H](CO[Si](c4ccccc4)(c4ccccc4)C(C)(C)C)[C@@H](O)[C@H](OCc4ccc(Br)cc4)[C@H]3N=[N+]=[N-])[C@H](OCc3ccccc3)[C@H]2OC(=O)c2ccccc2)[C@H](OCc2ccccc2)[C@H]1N=[N+]=[N-],chiral_gine,crossattn,1,FD47FB63,thioglycoside,2012
911,31-013-CAS-20074838,val,0,0.006848889868706465,0.4899999999999999,0,1,Cc1ccc(S[C@H]2O[C@H](C)[C@@H](OCCCCCN(Cc3ccccc3)C(=O)OCc3ccccc3)[C@H](OC(=O)c3ccccc3)[C@@H]2OC(=O)c2ccccc2)cc1,CO[C@H]1O[C@H](C)[C@@H](N=[N+]=[N-])[C@H](OCc2ccccc2)[C@@H]1O[C@H]1O[C@H](C)[C@@H](N=[N+]=[N-])[C@H](OCc2ccccc2)[C@@H]1O[C@H]1O[C@H](C)[C@@H](N=[N+]=[N-])[C@H](OCc2ccccc2)[C@@H]1O[C@H]1O[C@H](C)[C@@H](N=[N+]=[N-])[C@H](OCc2ccccc2)[C@@H]1O[C@H]1O[C@H](C)[C@@H](N=[N+]=[N-])[C@H](OCc2ccccc2)[C@@H]1O[C@H]1O[C@H](C)[C@@H](N=[N+]=[N-])[C@H](OCc2ccccc2)[C@@H]1O,chiral_gine,crossattn,1,C8A48EB6,thioglycoside,2018
912,31-013-CAS-17386196,val,0,0.00452778022736311,0.4899999999999999,0,1,Cc1ccc(S[C@H]2O[C@H](C)[C@@H](OCCCCCN(Cc3ccccc3)C(=O)OCc3ccccc3)[C@H](OC(=O)c3ccccc3)[C@@H]2OC(=O)c2ccccc2)cc1,CO[C@H]1O[C@H](C)[C@@H](N=[N+]=[N-])[C@H](OCc2ccccc2)[C@@H]1O[C@H]1O[C@H](C)[C@@H](N=[N+]=[N-])[C@H](OCc2ccccc2)[C@@H]1O[C@H]1O[C@H](C)[C@@H](N=[N+]=[N-])[C@H](OCc2ccccc2)[C@@H]1O[C@H]1O[C@H](C)[C@@H](N=[N+]=[N-])[C@H](OCc2ccccc2)[C@@H]1O[C@H]1O[C@H](C)[C@@H](N=[N+]=[N-])[C@H](OCc2ccccc2)[C@@H]1O[C@H]1O[C@H](C)[C@@H](N=[N+]=[N-])[C@H](OCc2ccccc2)[C@@H]1O,chiral_gine,crossattn,1,C8A48EB6,thioglycoside,2017
914,31-013-CAS-23879287,val,1,0.3811452090740204,0.4899999999999999,0,0,CC(=O)OC[C@@H]1O[C@@H](Sc2ccc(C)cc2)[C@H](OC(=O)c2ccccc2)[C@@H](OCc2ccccc2)[C@@H]1O[C@H]1O[C@H](CO[Si](c2ccccc2)(c2ccccc2)C(C)(C)C)[C@@H](OCc2ccc3ccccc3c2)[C@H](OCc2ccc(Br)cc2)[C@H]1N=[N+]=[N-],CC(C)(C)[Si](OC[C@H]1O[C@H](O[C@H]2[C@H](OCc3ccccc3)[C@@H](OC(=O)c3ccccc3)[C@H]3OC[C@@H]2O3)[C@H](N=[N+]=[N-])[C@@H](OCc2ccc(Br)cc2)[C@@H]1O)(c1ccccc1)c1ccccc1,chiral_gine,crossattn,1,446D8617,thioglycoside,2019
915,31-614-CAS-34336263,val,0,0.13978518545627594,0.4899999999999999,0,1,CC(=O)OC[C@@H]1O[C@@H](Sc2ccc(C)cc2)[C@H](OC(=O)c2ccccc2)[C@@H](OCc2ccccc2)[C@@H]1O[C@H]1O[C@H](CO[Si](c2ccccc2)(c2ccccc2)C(C)(C)C)[C@@H](OCc2ccc3ccccc3c2)[C@H](OCc2ccc(Br)cc2)[C@H]1N=[N+]=[N-],CC(C)(C)[Si](OC[C@H]1O[C@H](O[C@H]2[C@H](OCc3ccccc3)[C@@H](OC(=O)c3ccccc3)[C@H]3OC[C@@H]2O3)[C@H](N=[N+]=[N-])[C@@H](OCc2ccc(Br)cc2)[C@@H]1O)(c1ccccc1)c1ccccc1,chiral_gine,crossattn,1,446D8617,thioglycoside,2022
916,31-614-CAS-32458039,val,0,0.13978518545627594,0.4899999999999999,0,1,CC(=O)OC[C@@H]1O[C@@H](Sc2ccc(C)cc2)[C@H](OC(=O)c2ccccc2)[C@@H](OCc2ccccc2)[C@@H]1O[C@H]1O[C@H](CO[Si](c2ccccc2)(c2ccccc2)C(C)(C)C)[C@@H](OCc2ccc3ccccc3c2)[C@H](OCc2ccc(Br)cc2)[C@H]1N=[N+]=[N-],CC(C)(C)[Si](OC[C@H]1O[C@H](O[C@H]2[C@H](OCc3ccccc3)[C@@H](OC(=O)c3ccccc3)[C@H]3OC[C@@H]2O3)[C@H](N=[N+]=[N-])[C@@H](OCc2ccc(Br)cc2)[C@@H]1O)(c1ccccc1)c1ccccc1,chiral_gine,crossattn,1,446D8617,thioglycoside,2022
917,31-614-CAS-37588026,val,0,0.48931947350502014,0.4899999999999999,0,1,CC(=O)OC[C@@H]1O[C@@H](Sc2ccc(C)cc2)[C@H](OC(=O)c2ccccc2)[C@@H](OCc2ccccc2)[C@@H]1O[C@H]1O[C@H](CO[Si](c2ccccc2)(c2ccccc2)C(C)(C)C)[C@@H](OCc2ccc3ccccc3c2)[C@H](OCc2ccc(Br)cc2)[C@H]1N=[N+]=[N-],CC(C)(C)[Si](OC[C@H]1O[C@H](O[C@H]2[C@H](OCc3ccccc3)[C@@H](OC(=O)c3ccccc3)[C@H]3OC[C@@H]2O3)[C@H](N=[N+]=[N-])[C@@H](OCc2ccc(Br)cc2)[C@@H]1O)(c1ccccc1)c1ccccc1,chiral_gine,crossattn,1,446D8617,thioglycoside,2020
919,31-013-CAS-12414632,val,0,0.006571373902261257,0.4899999999999999,0,1,COC(=O)[C@@H]1O[C@@H](Sc2ccccc2)[C@H](OC(=O)CCC(C)=O)[C@@H](OCc2ccccc2)[C@@H]1OC(=O)OCC1c2ccccc2-c2ccccc21,CC(=O)CCC(=O)OC[C@H]1O[C@H](OCCCCCN(Cc2ccccc2)C(=O)OCc2ccccc2)[C@H](N=[N+]=[N-])[C@@H](OCc2ccccc2)[C@@H]1O,chiral_gine,crossattn,1,66E54A6A,thioglycoside,2014
924,31-013-CAS-6767602,val,1,0.9137737154960632,0.4899999999999999,1,1,COC(=O)[C@H]1O[C@@H](Sc2ccccc2)[C@H](OC(=O)c2ccccc2)[C@@H](OC(=O)c2ccccc2)[C@@H]1OC(=O)CCC(C)=O,C=CCCCO[C@H]1O[C@H](COCc2ccccc2)[C@@H](O)[C@H](OCc2ccccc2)[C@H]1N(C(C)=O)C(C)=O,chiral_gine,crossattn,1,EA90B719,thioglycoside,2006
930,31-013-CAS-12418488,val,1,0.9236388206481934,0.4899999999999999,1,1,C=CCOC[C@H]1O[C@@H](SCC)[C@H](OC(C)=O)[C@@H](OC(C)=O)[C@H]1OC(C)=O,CC1(C)[C@H]2CC[C@]1(C)[C@]1(C2)O[C@@H]2[C@H](OCc3ccccc3)[C@@H](OCc3ccccc3)[C@H](OCc3ccccc3)[C@@H](O[C@H]3O[C@H](COCc4ccccc4)[C@@H](O)[C@H](OCc4ccccc4)[C@H]3N=[N+]=[N-])[C@@H]2O1,chiral_gine,crossattn,1,C695C9EB,thioglycoside,2002
936,31-013-CAS-9549076,val,1,0.8065773844718933,0.4899999999999999,1,1,CCS[C@@H]1O[C@H](COC(=O)c2ccccc2)[C@H](OC(=O)c2ccccc2)[C@H](O[C@@H]2O[C@H](COC(C)=O)[C@@H](OC(=O)c3ccccc3)[C@H](OC(C)=O)[C@H]2OC(=O)c2ccccc2)[C@H]1OC(=O)c1ccccc1,CC(=O)N[C@H]1[C@H](OCCN=[N+]=[N-])O[C@H](COCc2ccccc2)[C@@H](O)[C@@H]1OCc1ccccc1,chiral_gine,crossattn,1,BA720900,thioglycoside,2007
965,31-013-CAS-1901337,val,0,0.03408282250165939,0.4899999999999999,0,1,C[C@@H]1O[C@H](Sc2ccccc2)[C@@H](OCc2ccccc2)[C@H](OCc2ccccc2)[C@@H]1OCc1ccccc1,CC(=O)N[C@@H]1[C@@H](OC(=O)c2ccccc2)[C@H](O)[C@@H](COC(=O)c2ccccc2)O[C@H]1N=[N+]=[N-],chiral_gine,crossattn,1,307E2098,thioglycoside,2007
966,31-013-CAS-1216240,val,0,0.0001326873170910403,0.4899999999999999,0,1,C[C@@H]1O[C@H](Sc2ccccc2)[C@@H](OCc2ccccc2)[C@H](OCc2ccccc2)[C@@H]1OCc1ccccc1,CC(=O)N[C@@H]1[C@@H](OC(=O)c2ccccc2)[C@H](O)[C@@H](COC(=O)c2ccccc2)O[C@H]1N=[N+]=[N-],chiral_gine,crossattn,1,307E2098,thioglycoside,2007
967,31-013-CAS-3859987,val,1,0.9619148969650269,0.4899999999999999,1,1,CCS[C@@H]1O[C@@H]2CO[C@@H](c3ccccc3)O[C@H]2[C@H](OCc2ccccc2)[C@H]1OC(C)=O,CC(=O)CCC(=O)OC[C@H]1O[C@H](OCCCCCN(Cc2ccccc2)C(=O)OCc2ccccc2)[C@H](N=[N+]=[N-])[C@@H](OCc2ccccc2)[C@@H]1O,chiral_gine,crossattn,1,E880E4A1,thioglycoside,2012
968,31-013-CAS-13925780,val,1,0.9619150161743164,0.4899999999999999,1,1,CCS[C@@H]1O[C@@H]2CO[C@@H](c3ccccc3)O[C@H]2[C@H](OCc2ccccc2)[C@H]1OC(C)=O,CC(=O)CCC(=O)OC[C@H]1O[C@H](OCCCCCN(Cc2ccccc2)C(=O)OCc2ccccc2)[C@H](N=[N+]=[N-])[C@@H](OCc2ccccc2)[C@@H]1O,chiral_gine,crossattn,1,E880E4A1,thioglycoside,2010
969,31-013-CAS-5440454,val,1,0.9619148969650269,0.4899999999999999,1,1,CCS[C@@H]1O[C@@H]2CO[C@@H](c3ccccc3)O[C@H]2[C@H](OCc2ccccc2)[C@H]1OC(C)=O,CC(=O)CCC(=O)OC[C@H]1O[C@H](OCCCCCN(Cc2ccccc2)C(=O)OCc2ccccc2)[C@H](N=[N+]=[N-])[C@@H](OCc2ccccc2)[C@@H]1O,chiral_gine,crossattn,1,E880E4A1,thioglycoside,2009
978,31-013-CAS-9392052,val,1,0.9676957726478577,0.4899999999999999,1,1,CCS[C@@H]1O[C@H](COC(=O)CCl)[C@@H](OCc2cccc3ccccc23)[C@H](OCc2ccccc2)[C@H]1OC(=O)c1ccccc1,CO[C@H]1O[C@H](COCc2ccccc2)[C@@H](O)[C@H](OCc2ccccc2)[C@H]1NC(C)=O,chiral_gine,crossattn,1,0AFDC766,thioglycoside,2010
979,31-013-CAS-5063674,val,1,0.009064699523150921,0.4899999999999999,0,0,CCS[C@@H]1O[C@H](COC(=O)CCl)[C@@H](OCc2cccc3ccccc23)[C@H](OCc2ccccc2)[C@H]1OC(=O)c1ccccc1,CO[C@H]1O[C@H](COCc2ccccc2)[C@@H](O)[C@H](OCc2ccccc2)[C@H]1NC(C)=O,chiral_gine,crossattn,1,0AFDC766,thioglycoside,2010
980,31-013-CAS-7130644,val,1,0.005051571875810623,0.4899999999999999,0,0,CCS[C@@H]1O[C@H](COC(=O)CCl)[C@@H](OCc2cccc3ccccc23)[C@H](OCc2ccccc2)[C@H]1OC(=O)c1ccccc1,CO[C@H]1O[C@H](COCc2ccccc2)[C@@H](O)[C@H](OCc2ccccc2)[C@H]1NC(C)=O,chiral_gine,crossattn,1,0AFDC766,thioglycoside,2010
982,31-013-CAS-850505,val,0,0.0013707190519198775,0.4899999999999999,0,1,CCSC1O[C@H]2CO[C@H](c3ccccc3)O[C@H]2[C@H](OCc2ccccc2)[C@H]1OC(=O)CCC(C)=O,CC(=O)CCC(=O)OC[C@H]1O[C@H](OCCCCCN(Cc2ccccc2)C(=O)OCc2ccccc2)[C@H](N=[N+]=[N-])[C@@H](OCc2ccccc2)[C@@H]1O,chiral_gine,crossattn,1,37F29CD4,thioglycoside,2010
983,31-013-CAS-847824,val,0,0.0013707197504118085,0.4899999999999999,0,1,CCSC1O[C@H]2CO[C@H](c3ccccc3)O[C@H]2[C@H](OCc2ccccc2)[C@H]1OC(=O)CCC(C)=O,CC(=O)CCC(=O)OC[C@H]1O[C@H](OCCCCCN(Cc2ccccc2)C(=O)OCc2ccccc2)[C@H](N=[N+]=[N-])[C@@H](OCc2ccccc2)[C@@H]1O,chiral_gine,crossattn,1,37F29CD4,thioglycoside,2009
984,31-013-CAS-16004432,val,1,0.9634881019592285,0.4899999999999999,1,1,CCS[C@@H]1O[C@@H]2CO[C@@H](c3ccccc3)O[C@H]2[C@H](OC(=O)c2ccccc2)[C@H]1OC(=O)c1ccccc1,CC(=O)CCC(=O)OC[C@H]1O[C@@H](OCCOCCN(Cc2ccccc2)C(=O)OCc2ccccc2)[C@H](N=[N+]=[N-])[C@@H](OCc2ccccc2)[C@@H]1O,chiral_gine,crossattn,1,8E79331B,thioglycoside,2015
992,31-013-CAS-1838282,val,0,0.000915550219360739,0.4899999999999999,0,1,CCS[C@H]1O[C@@H](C)[C@@H](OC(=O)c2ccccc2)[C@@H](OC(=O)C(F)(F)F)[C@@H]1O[Si](C(C)C)(C(C)C)C(C)C,CC(C)(C)[Si](OC[C@H]1O[C@@H](Oc2ccc(OCCCl)cc2)[C@H](NC(=O)C(F)(F)F)[C@@H](OC(=O)CCl)[C@@H]1O)(c1ccccc1)c1ccccc1,chiral_gine,crossattn,1,4CAA054E,thioglycoside,2015
1005,31-013-CAS-19796363,val,1,0.9699913263320923,0.4899999999999999,1,1,O=C(OC[C@H]1O[C@@H](Sc2ccccc2)[C@H](OC(=O)c2ccccc2)[C@@H](OC(=O)c2ccccc2)[C@H]1OC(=O)c1ccccc1)c1ccccc1,CC(=O)N[C@@H]1[C@@H](O)[C@H](O)[C@@H](CO[Si](c2ccccc2)(c2ccccc2)C(C)(C)C)O[C@H]1N=[N+]=[N-],chiral_gine,crossattn,1,60DEF892,thioglycoside,2019
1011,31-013-CAS-14346413,val,1,0.9703495502471924,0.4899999999999999,1,1,COc1ccc(CO[C@H]2[C@@H](OCc3ccccc3)[C@@H](COCc3ccccc3)O[C@@H](Sc3ccc(C)cc3)[C@@H]2OC(=O)CCC(C)=O)cc1,COC(=O)CCCCCO[C@@H]1O[C@H](COCc2ccccc2)[C@@H](O)[C@H](OC(C)=O)[C@H]1NC(=O)OCC(Cl)(Cl)Cl,chiral_gine,crossattn,1,A73CDA6A,thioglycoside,2003
1015,31-013-CAS-9533892,val,0,0.0800311267375946,0.4899999999999999,0,1,COC(=O)[C@H]1O[C@@H](Sc2ccccc2)[C@H](OCc2ccccc2)[C@@H](OCc2ccccc2)[C@@H]1OCc1ccccc1,COc1ccc(O[C@@H]2O[C@H](COCc3ccccc3)[C@@H](O)[C@@H]3OC(=O)N[C@@H]23)cc1,chiral_gine,crossattn,1,200819E1,thioglycoside,2011
1017,31-013-CAS-15226119,val,0,0.0034663542173802853,0.4899999999999999,0,1,Cc1ccc(S[C@@H]2O[C@H](COCc3ccccc3)[C@H](OCc3ccccc3)[C@H](OCc3ccccc3)[C@H]2OCc2ccccc2)cc1,CC(=O)O[C@H]1[C@H](O)[C@@H](CO[Si](c2ccccc2)(c2ccccc2)C(C)(C)C)O[C@@H](Sc2ccc(C)cc2)[C@@H]1NC(=O)OCC(Cl)(Cl)Cl,chiral_gine,crossattn,1,FFB05DFA,thioglycoside,2004
1038,31-013-CAS-12553374,val,0,0.00261664274148643,0.4899999999999999,0,1,CCS[C@H]1O[C@@H](C)[C@@H](OCc2ccccc2)C[C@@H]1OCc1ccccc1,CC(=O)OC[C@H]1O[C@@H](O[C@H]2[C@H](O)[C@@H](COCc3ccccc3)O[C@@H](OCCOCCOCCN=[N+]=[N-])[C@@H]2NC(=O)C(Cl)(Cl)Cl)[C@H](OC(C)=O)[C@@H](OC(C)=O)[C@H]1OC(C)=O,chiral_gine,crossattn,1,29BBFD7F,thioglycoside,2015
1046,31-013-CAS-6494035,val,1,0.9816323518753052,0.4899999999999999,1,1,CC(=O)CCC(=O)O[C@H]1[C@@H](OC(C)=O)[C@@H](CO[Si](c2ccccc2)(c2ccccc2)C(C)(C)C)O[C@@H](Sc2ccc(C)cc2)[C@@H]1OC(C)=O,COC(=O)CCCCCO[C@@H]1O[C@H](COCc2ccccc2)[C@@H](O)[C@H](OCc2ccccc2)[C@H]1NC(=O)C(Cl)(Cl)Cl,chiral_gine,crossattn,1,9A08487B,thioglycoside,2013
1049,31-013-CAS-7571329,val,1,0.9727402925491333,0.4899999999999999,1,1,CC(=O)CCC(=O)O[C@@H]1[C@@H](OCc2ccccc2)[C@@H](OCc2ccccc2)[C@@H](COCc2ccccc2)O[C@H]1Sc1ccc(C)cc1,CC(=O)CCC(=O)O[C@H]1[C@H](O)[C@@H](COCc2ccccc2)O[C@@H](Sc2ccc(C)cc2)[C@@H]1NC(=O)OCC(Cl)(Cl)Cl,chiral_gine,crossattn,1,8A781A6F,thioglycoside,2011
1050,31-013-CAS-2474397,val,1,0.98049396276474,0.4899999999999999,1,1,CC(=O)CCC(=O)O[C@@H]1[C@@H](OCc2ccccc2)[C@@H](OCc2ccccc2)[C@@H](COCc2ccccc2)O[C@H]1Sc1ccc(C)cc1,CC(=O)CCC(=O)O[C@H]1[C@H](O)[C@@H](COCc2ccccc2)O[C@@H](Sc2ccc(C)cc2)[C@@H]1NC(=O)OCC(Cl)(Cl)Cl,chiral_gine,crossattn,1,8A781A6F,thioglycoside,2002
1051,31-013-CAS-5482709,val,1,0.9682039618492126,0.4899999999999999,1,1,Cc1ccc(S[C@@H]2O[C@H](COCc3ccccc3)[C@H](OCc3ccccc3)[C@H](OCc3ccccc3)[C@H]2OC(=O)c2ccccc2)cc1,CC(=O)CCC(=O)O[C@H]1[C@H](O)[C@@H](COCc2ccccc2)O[C@@H](Sc2ccc(C)cc2)[C@@H]1NC(=O)OCC(Cl)(Cl)Cl,chiral_gine,crossattn,1,DAE71FAA,thioglycoside,2011
1056,31-013-CAS-21022801,val,1,0.5177239775657654,0.4899999999999999,1,1,C=CCO[C@H]1[C@@H]2O[C@@](C)(C(=O)OCc3ccccc3)OC[C@H]2OC(SCC)[C@@H]1OC(=O)CCC(C)=O,CC(=O)O[C@H]1[C@H](O)[C@@H](COCc2ccccc2)O[C@@H](O[Si](C)(C)C(C)(C)C(C)C)[C@@H]1NC(=O)C(Cl)(Cl)Cl,chiral_gine,crossattn,1,2F468842,thioglycoside,2018
1062,31-614-CAS-36685375,val,0,0.017729805782437325,0.4899999999999999,0,1,CCS[C@H]1O[C@@H](C)[C@@H](OCc2ccccc2)[C@@H](OCc2ccccc2)[C@@H]1OCc1ccccc1,CCS[C@@H]1O[C@H](COC(=O)c2ccccc2)[C@@H](O[C@@H]2O[C@H](COCc3ccccc3)[C@H](OCc3ccccc3)[C@H](O[C@@H]3O[C@H](COCc4ccccc4)[C@@H](O)[C@H](O[C@@H]4O[C@H](COCc5ccccc5)[C@H](OCc5ccccc5)[C@H](OCc5ccccc5)[C@H]4O)[C@H]3NC(C)=O)[C@H]2OCc2ccccc2)[C@H](OC(=O)c2ccccc2)[C@H]1OC(=O)c1ccccc1,chiral_gine,crossattn,1,05F8A284,thioglycoside,2022
1069,31-013-CAS-12798014,val,0,0.026540623977780342,0.4899999999999999,0,1,COC(=O)[C@@H]1O[C@@H](Sc2ccccc2)[C@H](OC(=O)c2ccccc2)[C@@H](OCc2ccccc2)[C@@H]1OC(=O)OCC1c2ccccc2-c2ccccc21,CO[C@H]1O[C@H](COC(C)=O)[C@@H](O)[C@H](OCc2ccccc2)[C@H]1NC(=O)OCc1ccccc1,chiral_gine,crossattn,1,2238211B,thioglycoside,2015
1070,31-614-CAS-39596676,val,0,0.0004949658759869635,0.4899999999999999,0,1,CCS[C@H]1O[C@@H](C)[C@@H](OCc2ccccc2)[C@@H](OCc2ccccc2)[C@@H]1OCc1ccccc1,CC(=O)N[C@H]1[C@H](OCCCCCCCCCCl)O[C@H](COCc2ccccc2)[C@@H](O)[C@@H]1O[C@@H]1O[C@H](COC(C)=O)[C@H](OC(C)=O)[C@H](OC(=O)CCl)[C@H]1OC(C)=O,chiral_gine,crossattn,1,F2E255E7,thioglycoside,2023
1080,31-013-CAS-11649313,val,1,0.9730913639068604,0.4899999999999999,1,1,CC(=O)OC[C@H]1O[C@@H](Sc2ccccc2)[C@H](OC(C)=O)[C@@H](OC(C)=O)[C@H]1OC(C)=O,CO[C@@H]1O[C@H](COC(=O)C(C)(C)C)[C@@H](O)[C@H](O)[C@H]1N1C(=O)c2ccccc2C1=O,chiral_gine,crossattn,1,67CE236F,thioglycoside,2000
1087,31-013-CAS-7641455,val,0,0.0029596160165965557,0.4899999999999999,0,1,CC(=O)CCC(=O)OC[C@@H]1O[C@@H](Sc2ccc(C)cc2)[C@H](OC(=O)c2ccccc2)[C@@H](OCc2ccccc2)[C@@H]1O[C@H]1O[C@H](COC(C)=O)[C@@H](O[Si](C)(C)C(C)(C)C)[C@H](OCc2ccccc2)[C@H]1N=[N+]=[N-],CC(=O)CCC(=O)OC[C@@H]1O[C@@H](OCCCN(Cc2ccccc2)C(=O)OCc2ccccc2)[C@H](OC(=O)c2ccccc2)[C@@H](OCc2ccccc2)[C@@H]1O[C@H]1O[C@H](COC(C)=O)[C@@H](O)[C@H](OCc2ccccc2)[C@H]1N=[N+]=[N-],chiral_gine,crossattn,1,733F5E36,thioglycoside,2015
1089,31-013-CAS-6657006,val,1,0.9735478162765503,0.4899999999999999,1,1,CC(=O)O[C@@H]1C[C@@H](OC(=O)c2ccccc2)[C@H](Sc2ccccc2)O[C@@H]1COC(=O)c1ccccc1,CO[C@@H]1O[C@H](COCc2ccccc2)[C@@H](O)[C@H](O)[C@H]1N1C(=O)c2ccccc2C1=O,chiral_gine,crossattn,1,90F4741F,thioglycoside,2010
1114,31-013-CAS-9860387,val,0,0.0022931331768631935,0.4899999999999999,0,1,CCS[C@H]1O[C@H](CO[C@H]2O[C@H](COCc3ccccc3)[C@@H](OCc3ccccc3)[C@H](OCc3ccccc3)[C@@H]2OC(=O)c2ccccc2)[C@@H](OCc2ccccc2)[C@H](OCc2ccccc2)[C@@H]1OCc1ccccc1,CC1(C)O[C@@H]2[C@@H](O[C@H]3O[C@H](COP(=O)(CCNC(=O)OCc4ccccc4)OCc4ccccc4)[C@@H](O)[C@H](OCc4ccccc4)[C@H]3N=[N+]=[N-])[C@H](OP(=O)(OCc3ccccc3)OCc3ccccc3)[C@@H]3O[C@@]4(C[C@H]5CC[C@]4(C)C5(C)C)O[C@@H]3[C@H]2O1,chiral_gine,crossattn,1,B9D01E74,thioglycoside,2005
1128,31-013-CAS-12025130,val,1,0.9668397307395935,0.4899999999999999,1,1,CCS[C@@H]1O[C@H](COC(C)=O)[C@@H](OC(C)=O)[C@H](OC(C)=O)[C@H]1N1C(=O)c2ccccc2C1=O,CO[C@H]1O[C@H](COC(=O)c2ccccc2)[C@@H](O)[C@H](OCc2ccccc2)[C@@H]1N=[N+]=[N-],chiral_gine,crossattn,1,7ABE6716,thioglycoside,2009
1129,31-013-CAS-9842389,val,0,0.006396519485861063,0.4899999999999999,0,1,CCS[C@H]1O[C@H](C)[C@@H](NC(=O)[C@@H]2CCO[C@@H](c3ccccc3)O2)[C@H](OCc2ccccc2)[C@@H]1OC,COC(=O)CCCCCO[C@H]1O[C@H](C)[C@@H](NC(=O)[C@@H]2CCO[C@@H](c3ccccc3)O2)[C@H](OCc2ccccc2)[C@@H]1O[C@H]1O[C@H](C)[C@@H](NC(=O)[C@@H]2CCO[C@@H](c3ccccc3)O2)[C@H](OCc2ccccc2)[C@@H]1O[C@H]1O[C@H](C)[C@@H](NC(=O)[C@@H]2CCO[C@@H](c3ccccc3)O2)[C@H](OCc2ccccc2)[C@@H]1O,chiral_gine,crossattn,1,3DA6F904,thioglycoside,2003
1134,31-614-CAS-32798123,val,1,0.9820222854614258,0.4899999999999999,1,1,CC(=O)O[C@H]1[C@@H](OC(C)=O)[C@@H](CO[Si](c2ccccc2)(c2ccccc2)C(C)(C)C)O[C@@H](Sc2ccc(C)cc2)[C@@H]1OC(C)=O,CC(C)(C)[Si](OC[C@H]1O[C@@H](OCCCN=[N+]=[N-])[C@H](N2C(=O)c3ccccc3C2=O)[C@@H](O)[C@@H]1O)(c1ccccc1)c1ccccc1,chiral_gine,crossattn,1,EA2D5DA9,thioglycoside,2016
1139,31-013-CAS-8773116,val,1,0.9737252593040466,0.4899999999999999,1,1,CCS[C@@H]1O[C@H](COCc2ccccc2)[C@H](OC(C)=O)[C@H](OC(C)=O)[C@H]1OC(C)=O,CCS[C@@H]1O[C@H](COCc2ccccc2)[C@@H](O)[C@H](O)[C@H]1N1C(=O)c2ccccc2C1=O,chiral_gine,crossattn,1,0A2D2060,thioglycoside,2001
1152,31-013-CAS-6871905,val,0,0.6990651488304138,0.4899999999999999,1,0,O=C(CCl)O[C@@H]1[C@@H](O[C@H]2[C@@H](OCc3ccccc3)[C@H](OCc3ccccc3)[C@@H](COCc3ccccc3)O[C@@H]2Sc2ccccc2)O[C@H](COCc2ccccc2)[C@@H](OCc2ccccc2)[C@@H]1OCc1ccccc1,[N-]=[N+]=N[C@@H]1O[C@H](COCc2ccccc2)[C@H](O)[C@H](OC(=O)c2ccccc2)[C@H]1NC(=O)OCC(Cl)(Cl)Cl,chiral_gine,crossattn,1,1BB03105,thioglycoside,2014
1154,31-013-CAS-1179903,val,0,0.0006162989302538335,0.4899999999999999,0,1,CC(=O)O[C@H]1[C@H](OCc2ccccc2)[C@H](N2C(=O)c3ccccc3C2=O)[C@@H](Sc2ccccc2)O[C@@H]1CN=[N+]=[N-],CO[C@H]1O[C@H](CN=[N+]=[N-])[C@@H](O)[C@H](OCc2ccccc2)[C@@H]1N1C(=O)c2ccccc2C1=O,chiral_gine,crossattn,1,0A585DEF,thioglycoside,2015
1158,31-013-CAS-8100988,val,1,0.9791011810302734,0.4899999999999999,1,1,CCS[C@@H]1O[C@H](COCc2ccccc2)[C@H](OCc2ccccc2)[C@H](OCc2ccccc2)[C@H]1OC(=O)CCC(C)=O,O=C(N[C@H]1[C@H](OCc2ccc(OC(=O)c3ccccc3)cc2)O[C@H](COCc2ccccc2)[C@@H](O)[C@@H]1OC(=O)OCC1c2ccccc2-c2ccccc21)OCC(Cl)(Cl)Cl,chiral_gine,crossattn,1,466E17CF,thioglycoside,2005
1162,31-013-CAS-9669067,val,1,0.7626062035560608,0.4899999999999999,1,1,CC(=O)CCC(=O)OC[C@H]1O[C@@H](Sc2ccc(C)cc2)[C@H](OC(=O)c2ccccc2)[C@@H](OCc2ccccc2)[C@@H]1O[C@H]1O[C@H](COC(C)=O)[C@@H](O[Si](C)(C)C(C)(C)C)[C@H](OCc2ccccc2)[C@H]1N=[N+]=[N-],CC(=O)CCC(=O)OC[C@H]1O[C@@H](OCCCN(Cc2ccccc2)C(=O)OCc2ccccc2)[C@H](OC(=O)c2ccccc2)[C@@H](OCc2ccccc2)[C@@H]1O[C@H]1O[C@H](COS(=O)(=O)OCC(Cl)(Cl)Cl)[C@@H](O)[C@H](OCc2ccccc2)[C@H]1N=[N+]=[N-],chiral_gine,crossattn,1,29B9B813,thioglycoside,2011
1170,31-614-CAS-40361037,val,1,0.9693147540092468,0.4899999999999999,1,1,CCS[C@@H]1O[C@@H]2COC(c3ccccc3)O[C@@H]2[C@H](O)[C@H]1OC(=O)c1ccccc1,CCS[C@@H]1O[C@H](COCc2ccccc2)[C@@H](O)[C@H](O)[C@H]1N1C(=O)c2ccccc2C1=O,chiral_gine,crossattn,1,56C743D4,thioglycoside,2017
1173,31-013-CAS-5060810,val,1,0.9644801020622253,0.4899999999999999,1,1,CC(=O)O[C@H]1[C@@H](OC(C)=O)[C@@H](COCc2ccccc2)O[C@@H](Sc2ccccc2)[C@@H]1OC(C)=O,CC(=O)O[C@H]1[C@@H](O[C@@H]2O[C@H](COCc3ccccc3)[C@@H](O)[C@H](O)[C@H]2N2C(=O)c3ccccc3C2=O)[C@H](OCc2ccccc2)[C@H](OCC[Si](C)(C)C)O[C@H]1C,chiral_gine,crossattn,1,67EE54A7,thioglycoside,2009
1179,31-013-CAS-21013700,val,1,0.9900956153869629,0.4899999999999999,1,1,O=C(O[C@@H]1[C@@H](OCc2ccccc2)[C@@H]2O[C@H](c3ccccc3)OC[C@H]2O[C@H]1Sc1ccccc1)c1ccccc1,CC(=O)O[C@@H]1[C@H](O)[C@H](C)O[C@@H](O[C@@H]2[C@@H](NC(=O)C(Cl)(Cl)Cl)[C@H](OCCCNC(=O)OCc3ccccc3)O[C@H](C)[C@@H]2OCc2ccccc2)[C@H]1N=[N+]=[N-],chiral_gine,crossattn,1,A4384FAF,thioglycoside,2020
1202,31-013-CAS-1457571,val,1,0.9714014530181885,0.4899999999999999,1,1,CS[C@@H]1O[C@H](COC(C)=O)[C@H](OC(C)=O)[C@H](OCc2ccc(Oc3ccccc3)cc2)[C@H]1OC(C)=O,CC(=O)OC[C@H]1O[C@@H](OCCCN=[N+]=[N-])[C@H](N2C(=O)c3ccccc3C2=O)[C@@H](O)[C@@H]1O,chiral_gine,crossattn,1,4BEB9214,thioglycoside,2013
1205,31-013-CAS-7432441,val,0,0.005614751949906349,0.4899999999999999,0,1,CC(=O)N1C(=O)O[C@H]2[C@@H](O[Si](C)(C)C(C)(C)C)[C@@H](COCc3ccccc3)O[C@H](Sc3ccc(C)cc3)[C@@H]21,CO[C@H]1O[C@H](COCc2ccccc2)[C@H](O[C@H]2O[C@H](COCc3ccccc3)[C@H](O[C@H]3O[C@H](COCc4ccccc4)[C@H](O)[C@@H]4OC(=O)N(C(C)=O)[C@@H]34)[C@@H]3OC(=O)N(C(C)=O)[C@@H]23)[C@@H]2OC(=O)N(C(C)=O)[C@@H]12,chiral_gine,crossattn,1,A7E1C5F2,thioglycoside,2011
1216,31-013-CAS-20519347,val,1,0.9764233231544495,0.4899999999999999,1,1,O=C(O[C@@H]1[C@@H](OCc2ccccc2)[C@@H](OCc2ccccc2)[C@@H](COCc2ccccc2)O[C@H]1Sc1nc2ccccc2o1)c1ccccc1,CCS[C@@H]1O[C@H](COCc2ccccc2)[C@@H](O)[C@H](OCc2ccccc2)[C@H]1N1C(=O)c2ccccc2C1=O,chiral_gine,crossattn,1,3BD02166,thioglycoside,2019
1222,31-013-CAS-17791389,val,0,0.003097827546298504,0.4899999999999999,0,1,CC(=O)N1C(=O)O[C@H]2[C@@H](O[Si](C)(C)C(C)(C)C)[C@@H](COCc3ccccc3)O[C@H](Sc3ccc(C)cc3)[C@@H]21,C#CCO[C@H]1O[C@H](COCc2ccccc2)[C@H](O[C@H]2O[C@H](COCc3ccccc3)[C@H](O[C@H]3O[C@H](COCc4ccccc4)[C@H](O)[C@@H]4OC(=O)N(C(C)=O)[C@@H]34)[C@@H]3OC(=O)N(C(C)=O)[C@@H]23)[C@@H]2OC(=O)N(C(C)=O)[C@@H]12,chiral_gine,crossattn,1,6EC41C5B,thioglycoside,2017
1230,31-013-CAS-11927315,val,1,0.9666668176651001,0.4899999999999999,1,1,CCS[C@@H]1O[C@H](COCc2ccccc2)[C@@H](OC(=O)CCl)[C@H](OCc2ccccc2)[C@H]1N1C(=O)c2ccccc2C1=O,COc1ccc(OC[C@H]2O[C@@H](OC)[C@H](N3C(=O)c4ccccc4C3=O)[C@@H](OCc3ccccc3)[C@@H]2O)cc1,chiral_gine,crossattn,1,311D90B6,thioglycoside,2007
1245,31-013-CAS-16890476,val,1,0.7967710494995117,0.4899999999999999,1,1,COc1ccc(CO[C@@H]2[C@H](OCc3ccccc3)[C@@H](Sc3ccccc3)O[C@@H]3CO[C@@H](c4ccccc4)O[C@@H]23)cc1,O=C1c2ccccc2C(=O)N1[C@H]1[C@H](OCc2ccccc2)O[C@H](COCc2ccccc2)[C@@H](O)[C@@H]1OCc1ccccc1,chiral_gine,crossattn,1,77501D1C,thioglycoside,2016
1249,31-614-CAS-39596687,val,0,0.0035490943118929863,0.4899999999999999,0,1,CCS[C@H]1O[C@@H](C)[C@@H](OCc2ccccc2)[C@@H](OCc2ccccc2)[C@@H]1OCc1ccccc1,CC(=O)N[C@H]1[C@H](OCCCCCCCCCCl)O[C@H](COCc2ccccc2)[C@@H](O)[C@@H]1O[C@@H]1O[C@H](COC(C)=O)[C@H](OC(C)=O)[C@H](O[C@@H]2O[C@@H]3CO[C@@H](c4ccccc4)O[C@H]3[C@H](OC(=O)CCl)[C@H]2NC(=O)C(Cl)(Cl)Cl)[C@H]1OC(C)=O,chiral_gine,crossattn,1,ABCD59B3,thioglycoside,2023
1251,31-013-CAS-15203083,val,1,0.9836412668228149,0.4899999999999999,1,1,CC(=O)O[C@H]1[C@@H]2O[C@H](c3ccccc3)OC[C@H]2O[C@@H](Sc2ccccc2)[C@@H]1N1C(=O)c2ccccc2C1=O,CO[C@@H]1O[C@H](COCc2ccccc2)[C@@H](O[C@@H]2O[C@H](COCc3ccccc3)[C@@H](O)[C@H](OC(C)=O)[C@H]2N2C(=O)c3ccccc3C2=O)[C@H](OC(C)=O)[C@H]1N1C(=O)c2ccccc2C1=O,chiral_gine,crossattn,1,9D71923F,thioglycoside,2008
1257,31-614-CAS-31204242,val,1,0.9690527319908142,0.4899999999999999,1,1,CCS[C@@H]1O[C@H](COCc2ccccc2)[C@H](OCc2ccccc2)[C@H](OC(=O)c2ccccc2)[C@H]1OC(=O)c1ccccc1,CC(=O)CCC(=O)OC[C@H]1O[C@@H](OCCCCCN(Cc2ccccc2)C(=O)OCc2ccccc2)[C@H](NC(=O)C(Cl)(Cl)Cl)[C@@H](OCc2ccccc2)[C@@H]1O,chiral_gine,crossattn,1,7F93967C,thioglycoside,2020
1259,31-013-CAS-21013682,val,1,0.7350789904594421,0.4899999999999999,1,1,O=C(O[C@@H]1[C@@H](OCc2ccccc2)[C@@H]2O[C@H](c3ccccc3)OC[C@H]2O[C@H]1Sc1ccccc1)c1ccccc1,C[C@@H]1O[C@@H](O[C@@H]2[C@@H](NC(=O)C(Cl)(Cl)Cl)[C@H](OCCCNC(=O)OCc3ccccc3)O[C@H](C)[C@@H]2OCc2ccccc2)[C@@H](N=[N+]=[N-])[C@H](OCc2ccc3ccccc3c2)[C@@H]1O,chiral_gine,crossattn,1,7563860B,thioglycoside,2020
1265,31-013-CAS-16946852,val,1,0.9728646278381348,0.4899999999999999,1,1,CC(=O)O[C@H]1[C@H](OCc2ccccc2)[C@@H](N2C(=O)c3ccccc3C2=O)[C@H](Sc2ccccc2)O[C@@H]1COCc1ccccc1,CO[C@H]1O[C@H](COCc2ccccc2)[C@@H](O[C@@H]2O[C@H](COCc3ccccc3)[C@@H](O[C@@H]3O[C@H](COCc4ccccc4)[C@@H](O)[C@H](OCc4ccccc4)[C@H]3N3C(=O)c4ccccc4C3=O)[C@H](OCc3ccccc3)[C@H]2N2C(=O)c3ccccc3C2=O)[C@H](OCc2ccccc2)[C@@H]1N=[N+]=[N-],chiral_gine,crossattn,1,984C352B,thioglycoside,2016
1266,31-013-CAS-6134165,val,1,0.977508544921875,0.4899999999999999,1,1,COc1ccc(CO[C@H]2[C@@H](O[Si](c3ccccc3)(c3ccccc3)C(C)(C)C)[C@@H]3O[C@H](c4ccccc4)OC[C@H]3O[C@@H]2SC)cc1,COc1ccc(O[C@@H]2O[C@H](COCc3ccccc3)[C@@H](O)[C@H](OCc3ccccc3)[C@H]2N2C(=O)c3ccccc3C2=O)cc1,chiral_gine,crossattn,1,9390BA59,thioglycoside,1995
1271,31-013-CAS-10192986,val,1,0.983228325843811,0.4899999999999999,1,1,COC(=O)[C@@]1(O[C@H]2[C@@H](OC(=O)c3ccccc3)[C@@H](COC(=O)c3ccccc3)O[C@@H](SC)[C@@H]2OC(=O)c2ccccc2)C[C@H](OC(C)=O)[C@@H](NC(C)=O)[C@H]([C@H](OC(C)=O)[C@@H](COC(C)=O)OC(C)=O)O1,CCCCCCCCCCCCCCC(CCCCCCCCCCCCCC)CO[C@@H]1O[C@H](COCc2ccccc2)[C@@H](O)[C@H](OCc2ccc(OC)cc2)[C@H]1NC(C)=O,chiral_gine,crossattn,1,54A3A5A1,thioglycoside,2002
1272,31-013-CAS-18353673,val,1,0.9856889247894287,0.4899999999999999,1,1,C=CCO[C@H]1[C@H]2O[C@@H](c3ccccc3)OC[C@H]2O[C@@H](Sc2ccc(C)cc2)[C@@H]1OC(=O)CCC(C)=O,Cc1ccc(S[C@@H]2O[C@H](COCc3ccccc3)[C@@H](O)[C@H](O)[C@H]2N2C(=O)c3ccccc3C2=O)cc1,chiral_gine,crossattn,1,7A99A105,thioglycoside,2017
1274,31-013-CAS-15212321,val,1,0.9027636647224426,0.4899999999999999,1,1,CCS[C@@H]1O[C@H](COC(C)=O)[C@@H](OC(C)=O)[C@H](OC(C)=O)[C@H]1N1C(=O)c2ccccc2C1=O,O=C(OC[C@H]1O[C@@H](OCc2ccccc2)[C@H](N2C(=O)c3ccccc3C2=O)[C@@H](OC(=O)c2ccccc2)[C@@H]1O)c1ccccc1,chiral_gine,crossattn,1,A72094E1,thioglycoside,1991
1281,31-013-CAS-17024989,val,0,0.0009209798881784081,0.4899999999999999,0,1,c1ccc(COC[C@H]2O[C@@H](Sc3ccccc3)[C@H](OCc3ccccc3)[C@@H](OCc3ccccc3)[C@H]2OCc2ccccc2)cc1,COc1ccc(O[C@@H]2O[C@H](COC(=O)c3ccccc3)[C@@H](O)[C@H](OC(C)=O)[C@H]2N2C(=O)c3ccccc3C2=O)cc1,chiral_gine,crossattn,1,81DF6396,thioglycoside,2017
1290,31-013-CAS-4419623,val,1,0.8245114684104919,0.4899999999999999,1,1,CS[C@@H]1O[C@@H](C)[C@H](OCc2ccccc2)[C@@H](O[Si](C)(C)C)[C@H]1OCc1ccc2ccccc2c1,COc1ccc(O[C@@H]2O[C@H](COCc3ccccc3)[C@@H](O)[C@H](OCc3ccccc3)[C@H]2N2C(=O)c3ccccc3C2=O)cc1,chiral_gine,crossattn,1,3CAD497E,thioglycoside,2008
1304,31-013-CAS-17453658,val,1,0.6275628209114075,0.4899999999999999,1,1,CCS[C@@H]1O[C@@H]2CO[C@@H](c3ccccc3)O[C@H]2[C@H](O[C@H](C)C(=O)OCc2ccccc2)[C@H]1N1C(=O)c2ccccc2C1=O,CO[C@@H]1O[C@H](COCc2ccccc2)[C@@H](O)[C@H](OC(C)=O)[C@H]1N1C(=O)c2ccccc2C1=O,chiral_gine,crossattn,1,358F0B5D,thioglycoside,2017
1308,31-013-CAS-804369,val,1,0.9408922791481018,0.4899999999999999,1,1,CC(=O)OC[C@H]1O[C@@H](Sc2ccccc2)[C@H](N2C(=O)c3ccccc3C2=O)[C@@H](OC(C)=O)[C@@H]1OC(C)=O,CC(=O)O[C@H]1[C@H](O)[C@@H](COCc2ccccc2)O[C@@H](Sc2ccccc2)[C@@H]1N1C(=O)c2ccccc2C1=O,chiral_gine,crossattn,1,42763D28,thioglycoside,2004
1309,31-013-CAS-11455285,val,1,0.9439948201179504,0.4899999999999999,1,1,CC(=O)OC[C@H]1O[C@@H](Sc2ccccc2)[C@H](N2C(=O)c3ccccc3C2=O)[C@@H](OC(C)=O)[C@@H]1OC(C)=O,CC(=O)O[C@H]1[C@H](O)[C@@H](COCc2ccccc2)O[C@@H](Sc2ccccc2)[C@@H]1N1C(=O)c2ccccc2C1=O,chiral_gine,crossattn,1,42763D28,thioglycoside,2010
1315,31-013-CAS-621425,val,1,0.9813188314437866,0.4899999999999999,1,1,CC(=O)O[C@H]1[C@H]2O[C@@H](c3ccccc3)OC[C@H]2O[C@@H](Sc2ccc(Cl)cc2)[C@@H]1OC(C)=O,[N-]=[N+]=NCCCCCCO[C@@H]1O[C@H](COCc2ccccc2)[C@@H](O)[C@H](O)[C@H]1N1C(=O)c2ccccc2C1=O,chiral_gine,crossattn,1,24902E22,thioglycoside,2010
1346,31-013-CAS-10898081,val,1,0.9879055023193359,0.4899999999999999,1,1,CC(=O)O[C@H]1[C@@H]2O[C@H](c3ccccc3)OC[C@H]2O[C@@H](Sc2cc(C(C)(C)C)ccc2C)[C@@H]1N1C(=O)c2ccccc2C1=O,CCOC(=O)CCCCCO[C@@H]1O[C@H](CO[Si](C)(C)C(C)(C)C)[C@@H](O)[C@H](O[Si](C)(C)C(C)(C)C)[C@H]1N1C(=O)c2ccccc2C1=O,chiral_gine,crossattn,1,AB67386F,thioglycoside,2011
1348,31-013-CAS-3522722,val,0,0.012816048227250576,0.4899999999999999,0,1,CC(=O)O[C@@H]1[C@@H](NC(=O)OCC(Cl)(Cl)Cl)[C@H](Sc2ccccc2)O[C@@H]2CO[Si](C(C)(C)C)(C(C)(C)C)O[C@H]12,[N-]=[N+]=N[C@@H]1[C@H](O[C@H]2[C@H](OCc3ccc4ccccc4c3)[C@@H](N=[N+]=[N-])[C@H](OCCCCCN(Cc3ccccc3)C(=O)OCc3ccccc3)O[C@@H]2COCc2ccccc2)O[C@H](COCc2ccccc2)[C@@H](O)[C@@H]1OCc1ccccc1,chiral_gine,crossattn,1,2D8928EF,thioglycoside,2012
1349,31-614-CAS-40276979,val,1,0.9783537983894348,0.4899999999999999,1,1,CC(=O)OC[C@H]1O[C@@H](Sc2ccccc2)[C@H](OC(C)=O)[C@@H](OC(C)=O)[C@H]1OC(C)=O,O=C1c2ccccc2C(=O)N1[C@H]1[C@H](O[C@H]2[C@H](OCc3ccccc3)[C@@H](N3C(=O)c4ccccc4C3=O)[C@H](OCc3ccccc3)O[C@@H]2COCc2ccccc2)O[C@H](COCc2ccccc2)[C@@H](O)[C@@H]1OCc1ccccc1,chiral_gine,crossattn,1,5B69DCA2,thioglycoside,2023
1365,31-013-CAS-11416677,val,1,0.8400397300720215,0.4899999999999999,1,1,CC(=O)O[C@H]1[C@@H]2O[C@H](c3ccccc3)OC[C@H]2O[C@@H](Sc2cc(C(C)(C)C)ccc2C)[C@@H]1N1C(=O)c2ccccc2C1=O,CC(=O)O[C@H]1[C@H](O)[C@@H](CO[Si](c2ccccc2)(c2ccccc2)C(C)(C)C)O[C@@H](OCc2ccccc2)[C@@H]1N1C(=O)c2ccccc2C1=O,chiral_gine,crossattn,1,88296EA0,thioglycoside,2013
1368,31-013-CAS-7890438,val,0,0.0016737290425226092,0.4899999999999999,0,1,C[C@@H]1O[C@H](Sc2ccccc2)[C@@H](OCc2ccccc2)[C@H](OCc2ccccc2)[C@@H]1OCc1ccccc1,COC(=O)[C@@]1(OC[C@H]2O[C@@H](O[C@H]3[C@@H](OCc4ccccc4)[C@@H](COCc4ccccc4)O[C@@H](O[C@H]4[C@H](OCc5ccccc5)[C@@H](OCc5ccccc5)[C@H](OCC[Si](C)(C)C)O[C@@H]4COCc4ccccc4)[C@@H]3OCc3ccccc3)[C@H](NC(C)=O)[C@@H](O[C@@H]3O[C@H](COC(=O)c4ccccc4)[C@H](OC(=O)c4ccccc4)[C@H](O[C@]4(C(=O)OC)C[C@H](OC(C)=O)[C@@H](NC(C)=O)[C@H]([C@H](OC(C)=O)[C@@H](COC(C)=O)OC(C)=O)O4)[C@H]3OC(=O)c3ccccc3)[C@@H]2O)C[C@H](OC(C)=O)[C@@H](NC(C)=O)[C@H]([C@H](OC(C)=O)[C@@H](COC(C)=O)OC(C)=O)O1,chiral_gine,crossattn,1,A2B79438,thioglycoside,2003
1369,31-013-CAS-9552016,val,0,0.07266601175069809,0.4899999999999999,0,1,C[C@@H]1O[C@H](Sc2ccccc2)[C@@H](OCc2ccccc2)[C@H](OCc2ccccc2)[C@@H]1OCc1ccccc1,COC(=O)[C@@]1(OC[C@H]2O[C@@H](O[C@H]3[C@@H](OCc4ccccc4)[C@@H](COCc4ccccc4)O[C@@H](O[C@H]4[C@H](OCc5ccccc5)[C@@H](OCc5ccccc5)[C@H](OCC[Si](C)(C)C)O[C@@H]4COCc4ccccc4)[C@@H]3OCc3ccccc3)[C@H](NC(C)=O)[C@@H](O[C@@H]3O[C@H](COC(=O)c4ccccc4)[C@H](OC(=O)c4ccccc4)[C@H](O[C@]4(C(=O)OC)C[C@H](OC(C)=O)[C@@H](NC(C)=O)[C@H]([C@H](OC(C)=O)[C@@H](COC(C)=O)OC(C)=O)O4)[C@H]3OC(=O)c3ccccc3)[C@@H]2O)C[C@H](OC(C)=O)[C@@H](NC(C)=O)[C@H]([C@H](OC(C)=O)[C@@H](COC(C)=O)OC(C)=O)O1,chiral_gine,crossattn,1,A2B79438,thioglycoside,2001
1375,31-013-CAS-2225323,val,1,0.9236512184143066,0.4899999999999999,1,1,CCS[C@@H]1O[C@H](COCc2ccccc2)[C@@H](OC(=O)CCl)[C@H](OCc2ccccc2)[C@H]1N1C(=O)c2ccccc2C1=O,COc1ccc(OC[C@H]2O[C@@H](N=[N+]=[N-])[C@H](N3C(=O)c4ccccc4C3=O)[C@@H](OCc3ccccc3)[C@@H]2O)cc1,chiral_gine,crossattn,1,13B5525D,thioglycoside,2012
1376,31-013-CAS-2522636,val,0,0.0033602428156882524,0.4899999999999999,0,1,CS[C@H]1O[C@@H](C)[C@@H](OCc2ccccc2)[C@@H](OCc2ccccc2)[C@@H]1OCc1ccccc1,O=C(OC[C@H]1O[C@@H](O[C@H]2[C@H](O)[C@@H](COCc3ccccc3)O[C@@H](OCc3ccccc3)[C@@H]2N2C(=O)c3ccccc3C2=O)[C@H](OC(=O)c2ccccc2)[C@@H](OC(=O)c2ccccc2)[C@H]1OC(=O)c1ccccc1)c1ccccc1,chiral_gine,crossattn,1,096C730F,thioglycoside,1996
1397,31-614-CAS-39654500,val,1,0.1200377345085144,0.4899999999999999,0,0,Cc1ccc(S[C@@H]2O[C@H](CO[Si](c3ccccc3)(c3ccccc3)C(C)(C)C)[C@@H](O[C@H]3O[C@H](COC(=O)OCC4c5ccccc5-c5ccccc54)[C@@H](O[Si](C)(C)C(C)(C)C)[C@H](OCc4ccccc4)[C@H]3N=[N+]=[N-])[C@H](OCc3ccccc3)[C@H]2OC(=O)OCC2c3ccccc3-c3ccccc32)cc1,C=CCO[C@@H]1O[C@@H](CO[Si](c2ccccc2)(c2ccccc2)C(C)(C)C)[C@@H](O[C@H]2O[C@H](COCc3ccc4ccccc4c3)[C@@H](O)[C@H](OCc3ccccc3)[C@H]2NC(=O)C(F)(F)F)[C@H](OCc2ccccc2)[C@H]1OC(=O)CCC(C)=O,chiral_gine,crossattn,1,52A86E6F,thioglycoside,2023
1406,31-013-CAS-9638871,val,1,0.9711480736732483,0.4899999999999999,1,1,COC(=O)[C@@]1(O[C@H]2[C@@H](OC(=O)c3ccccc3)[C@@H](COC(=O)c3ccccc3)O[C@@H](SC)[C@@H]2OC(=O)c2ccccc2)C[C@H](OC(C)=O)[C@@H](NC(C)=O)[C@H]([C@H](OC(C)=O)[C@@H](COC(C)=O)OC(C)=O)O1,CCCC(=O)N[C@H]1[C@H](O[C@H]2[C@@H](OCc3ccccc3)[C@@H](COCc3ccccc3)O[C@@H](O[C@H]3[C@H](OCc4ccccc4)[C@@H](OCc4ccccc4)[C@H](OCC[Si](C)(C)C)O[C@@H]3COCc3ccccc3)[C@@H]2OCc2ccccc2)O[C@H](COCc2ccccc2)[C@@H](O)[C@@H]1OCc1ccccc1,chiral_gine,crossattn,1,A2782885,thioglycoside,2002
1419,31-013-CAS-13114298,val,1,0.9634757041931152,0.4899999999999999,1,1,CC(=O)O[C@H]1[C@H](OCc2ccccc2)[C@@H](N2C(=O)c3ccccc3C2=O)[C@H](O[C@H]2[C@H](OCc3ccccc3)[C@@H](N3C(=O)c4ccccc4C3=O)[C@H](O[C@H]3[C@H](OCc4ccccc4)[C@@H](N4C(=O)c5ccccc5C4=O)[C@H](Sc4ccccc4)O[C@@H]3COCc3ccccc3)O[C@@H]2COCc2ccccc2)O[C@@H]1COCc1ccccc1,O=C1c2ccccc2C(=O)N1[C@@H]1[C@@H](OCc2ccccc2)[C@H](O)[C@@H](COCc2ccccc2)O[C@H]1F,chiral_gine,crossattn,1,55739CEE,thioglycoside,1995
1420,31-013-CAS-9397693,val,1,0.9714349508285522,0.4899999999999999,1,1,CC(=O)O[C@H]1[C@H](OCc2ccccc2)[C@@H](N2C(=O)c3ccccc3C2=O)[C@H](O[C@H]2[C@H](OCc3ccccc3)[C@@H](N3C(=O)c4ccccc4C3=O)[C@H](O[C@H]3[C@H](OCc4ccccc4)[C@@H](N4C(=O)c5ccccc5C4=O)[C@H](Sc4ccccc4)O[C@@H]3COCc3ccccc3)O[C@@H]2COCc2ccccc2)O[C@@H]1COCc1ccccc1,O=C1c2ccccc2C(=O)N1[C@@H]1[C@@H](OCc2ccccc2)[C@H](O)[C@@H](COCc2ccccc2)O[C@H]1F,chiral_gine,crossattn,1,55739CEE,thioglycoside,1994
1427,31-013-CAS-14626746,val,0,0.0012592264683917165,0.4899999999999999,0,1,CCS[C@@H]1O[C@@H](C)[C@@H](OCc2ccccc2)[C@@H](OCc2ccccc2)[C@@H]1OCc1ccccc1,COc1ccc(CO[C@H]2[C@@H](OC(C)=O)[C@@H](COC(C)=O)O[C@@H](O[C@H]3[C@H](O)[C@@H](COCc4ccccc4)O[C@@H](OCCN=[N+]=[N-])[C@@H]3N3C(=O)c4ccccc4C3=O)[C@@H]2OC(C)=O)cc1,chiral_gine,crossattn,1,95CE1540,thioglycoside,2005
1432,31-013-CAS-11006436,val,1,0.8762751817703247,0.4899999999999999,1,1,CC(=O)OC[C@H]1O[C@@H](Sc2ccccc2)[C@H](NC(=O)OCC(Cl)(Cl)Cl)[C@@H](OC(C)=O)[C@H]1OC(C)=O,CO[C@@H]1O[C@H](COCc2ccccc2)[C@@H](O)[C@H](OCc2ccccc2)[C@H]1N1C(=O)c2ccccc2C1=O,chiral_gine,crossattn,1,E13F7119,thioglycoside,2000
1441,31-013-CAS-12780343,val,1,0.985752284526825,0.4899999999999999,1,1,CCS[C@@H]1O[C@H](COC(=O)c2ccccc2)[C@H](OC(C)=O)[C@H](O[Si](C)(C)C(C)(C)C)[C@H]1OC(=O)c1ccccc1,CCCCCCCCO[C@@H]1O[C@H](COCc2ccccc2)[C@@H](O[C@@H]2O[C@H](COC(=O)c3ccccc3)[C@H](OC(C)=O)[C@H](O[C@@H]3O[C@H](COCc4ccccc4)[C@@H](O)[C@H](O)[C@H]3N3C(=O)c4ccccc4C3=O)[C@H]2OC(=O)c2ccccc2)[C@H](OCc2ccccc2)[C@H]1N1C(=O)c2ccccc2C1=O,chiral_gine,crossattn,1,A8214559,thioglycoside,2012
1443,31-013-CAS-9587188,val,1,0.9535976648330688,0.4899999999999999,1,1,CC(=O)OC[C@H]1O[C@@H](Sc2ccc(C)cc2)[C@H](N2C(=O)c3ccccc3C2=O)[C@@H](OC(C)=O)[C@@H]1OC(C)=O,O=C1c2ccccc2C(=O)N1[C@@H]1[C@@H](OCc2ccccc2)[C@H](O)[C@@H](COCc2ccccc2)O[C@H]1Sc1ccc([N+](=O)[O-])cc1,chiral_gine,crossattn,1,75CD16E2,thioglycoside,2006
1448,31-013-CAS-7358853,val,1,0.9685396552085876,0.4899999999999999,1,1,CCS[C@@H]1O[C@H](COCc2ccccc2)[C@@H](O[C@@H]2O[C@H](COCc3ccccc3)[C@@H](OCc3ccccc3)[C@H](OCc3ccccc3)[C@H]2N=[N+]=[N-])[C@H](OCc2ccccc2)[C@H]1N1C(=O)c2ccccc2C1=O,COc1ccc(CO[C@H]2[C@H](OC)[C@H](OC[C@H]3O[C@@H](OCc4ccccc4)[C@H](N4C(=O)c5ccccc5C4=O)[C@@H](OCc4ccccc4)[C@@H]3O[C@@H]3O[C@H](COCc4ccccc4)[C@@H](O)[C@H](OCc4ccccc4)[C@H]3N3C(=O)c4ccccc4C3=O)O[C@@H](C)[C@H]2OC(C)=O)cc1,chiral_gine,crossattn,1,696EC79D,thioglycoside,2007
1462,31-013-CAS-6359962,val,1,0.9779795408248901,0.4899999999999999,1,1,CCS[C@@H]1O[C@H](COCc2ccccc2)[C@H](OC(C)=O)[C@H](OC(C)=O)[C@H]1OC(C)=O,CCS[C@@H]1O[C@H](COCc2ccccc2)[C@@H](O)[C@H](O)[C@H]1N1C(=O)c2c(Cl)c(Cl)c(Cl)c(Cl)c2C1=O,chiral_gine,crossattn,1,55CC8FC8,thioglycoside,2001
1463,31-013-CAS-10791991,val,1,0.6633864641189575,0.4899999999999999,1,1,CC(=O)CCC(=O)O[C@@H]1[C@@H](OCc2ccccc2)[C@@H](OCc2ccccc2)[C@@H](COCc2ccccc2)O[C@H]1Sc1ccc(C)cc1,Cc1ccc(S[C@@H]2O[C@H](COCc3ccccc3)[C@H](O)[C@@H]3OC(=O)N(Cc4ccccc4)[C@H]32)cc1,chiral_gine,crossattn,1,62418A59,thioglycoside,2010
1465,31-013-CAS-491815,val,1,0.9707807898521423,0.4899999999999999,1,1,COC(=O)[C@@]1(O[C@H]2[C@@H](OC(=O)c3ccccc3)[C@@H](COC(=O)c3ccccc3)O[C@@H](SC)[C@@H]2OC(=O)c2ccccc2)C[C@H](OC(C)=O)[C@@H](NC(C)=O)[C@H]([C@H](OC(C)=O)[C@@H](COC(C)=O)OC(C)=O)O1,CCCCCCCC(=O)N[C@H]1[C@H](O[C@H]2[C@@H](OCc3ccccc3)[C@@H](COCc3ccccc3)O[C@@H](O[C@H]3[C@H](OCc4ccccc4)[C@@H](OCc4ccccc4)[C@H](OCC[Si](C)(C)C)O[C@@H]3COCc3ccccc3)[C@@H]2OCc2ccccc2)O[C@H](COCc2ccccc2)[C@@H](O)[C@@H]1OCc1ccccc1,chiral_gine,crossattn,1,DF33194D,thioglycoside,2002
1471,31-013-CAS-1922953,val,1,0.9829679131507874,0.4899999999999999,1,1,COc1ccc(CO[C@@H]2[C@@H](OC(=O)CCC(C)=O)[C@H](Sc3ccc(C)cc3)O[C@@H]3CO[C@@H](c4ccccc4)O[C@@H]23)cc1,[N-]=[N+]=NCCCCCO[C@@H]1O[C@H](COCc2ccccc2)[C@@H](O[C@@H]2O[C@H](COCc3ccccc3)[C@@H](O)[C@H](OCc3ccccc3)[C@H]2N2C(=O)c3ccccc3C2=O)[C@H](OCc2ccccc2)[C@H]1N1C(=O)c2ccccc2C1=O,chiral_gine,crossattn,1,6CAF3CF1,thioglycoside,2013
1481,31-013-CAS-14582829,val,1,0.9685381650924683,0.4899999999999999,1,1,CC(=O)O[C@H]1[C@@H](OC(C)=O)[C@@H](COCc2ccccc2)O[C@@H](Sc2ccccc2)[C@@H]1OC(C)=O,COc1ccc(O[C@@H]2O[C@H](COCc3ccccc3)[C@@H](O)[C@H](O)[C@H]2N2C(=O)c3c(Cl)c(Cl)c(Cl)c(Cl)c3C2=O)cc1,chiral_gine,crossattn,1,3AB9F07E,thioglycoside,2001
1485,31-013-CAS-11715456,val,1,0.9767732620239258,0.4899999999999999,1,1,CC(=O)OC[C@H]1O[C@@H](Sc2ccc(C)cc2)[C@H](N2C(=O)c3ccccc3C2=O)[C@@H](OC(C)=O)[C@@H]1OC(C)=O,CC(=O)N1C(=O)O[C@H]2[C@H](O)[C@@H](COCc3ccccc3)O[C@@H](Sc3ccc(C)cc3)[C@@H]21,chiral_gine,crossattn,1,E5A7374D,thioglycoside,2006
1493,31-614-CAS-36830119,val,1,0.9850093126296997,0.4899999999999999,1,1,O=C(CCl)O[C@@H]1[C@@H](OC(=O)c2ccccc2)[C@@H]2O[C@H](c3ccccc3)OC[C@H]2O[C@H]1Sc1ccccc1,CC(=O)OC[C@H]1O[C@@H](O[C@H]2[C@H](O)[C@@H](COC(=O)c3ccccc3)O[C@H](OCCNC(=O)OCc3ccccc3)[C@@H]2N=[N+]=[N-])[C@H](N2C(=O)c3ccccc3C2=O)[C@@H](OC(C)=O)[C@@H]1OC(C)=O,chiral_gine,crossattn,1,A26C784B,thioglycoside,2022
1497,31-013-CAS-11112323,val,1,0.9779092073440552,0.4899999999999999,1,1,COc1ccc(CO[C@@H]2[C@H](OCc3ccccc3)[C@@H](Sc3ccccc3)O[C@@H]3CO[C@@H](c4ccccc4)O[C@@H]23)cc1,[N-]=[N+]=N[C@@H]1O[C@H](COCc2ccccc2)[C@@H](O[C@@H]2O[C@H](COCc3ccccc3)[C@@H](O)[C@H](OCc3ccccc3)[C@H]2N2C(=O)c3ccccc3C2=O)[C@H](OCc2ccccc2)[C@H]1N1C(=O)c2ccccc2C1=O,chiral_gine,crossattn,1,FCDDC3E4,thioglycoside,2011
1501,31-013-CAS-19037577,val,1,0.9745770692825317,0.4899999999999999,1,1,COC(=O)[C@@]1(OC[C@H]2O[C@@H](Sc3ccc(C)cc3)[C@H](OC(=O)c3ccccc3)[C@@H](OC(=O)c3ccccc3)[C@H]2OCc2ccccc2)C[C@@H]2OC(=O)N[C@H]2[C@H]([C@H](OC(C)=O)[C@@H](COC(C)=O)OC(C)=O)O1,C=CCO[C@H]1O[C@H](COCc2ccccc2)[C@@H](OCc2ccccc2)[C@H](OCc2ccccc2)[C@@H]1O[C@@H]1O[C@H](COCc2ccccc2)[C@@H](O)[C@H](OCc2ccccc2)[C@H]1NC(=O)OCC(Cl)(Cl)Cl,chiral_gine,crossattn,1,1AE8EBD9,thioglycoside,2017
1502,31-013-CAS-15817613,val,1,0.9792388081550598,0.4899999999999999,1,1,COC(=O)[C@@]1(OC[C@H]2O[C@@H](Sc3ccc(C)cc3)[C@H](OC(=O)c3ccccc3)[C@@H](OC(=O)c3ccccc3)[C@H]2OCc2ccccc2)C[C@@H]2OC(=O)N[C@H]2[C@H]([C@H](OC(C)=O)[C@@H](COC(C)=O)OC(C)=O)O1,C=CCO[C@H]1O[C@H](COCc2ccccc2)[C@@H](OCc2ccccc2)[C@H](OCc2ccccc2)[C@@H]1O[C@@H]1O[C@H](COCc2ccccc2)[C@@H](O)[C@H](OCc2ccccc2)[C@H]1NC(=O)OCC(Cl)(Cl)Cl,chiral_gine,crossattn,1,1AE8EBD9,thioglycoside,2016
1506,31-013-CAS-19117130,val,1,0.9886045455932617,0.4899999999999999,1,1,COc1ccc(COC[C@H]2O[C@@H](Sc3ccc(C)cc3)[C@H](OC(=O)CCl)[C@@H](OCc3ccccc3)[C@@H]2OC(C)=O)cc1,CC(=O)OC[C@H]1O[C@@H](O[C@H]2[C@H](OC(C)=O)[C@@H](N3C(=O)c4ccccc4C3=O)[C@H](N=[N+]=[N-])O[C@@H]2COC(C)=O)[C@H](N2C(=O)c3ccccc3C2=O)[C@@H](OC(C)=O)[C@@H]1O,chiral_gine,crossattn,1,88FB0A80,thioglycoside,2018
1507,31-013-CAS-303473,val,0,0.9710058569908142,0.4899999999999999,1,0,O=C(CCl)O[C@H]1[C@@H]2OC(=O)N(Cc3ccccc3)[C@H]2[C@H](Sc2ccccc2)O[C@@H]1COCc1ccccc1,COc1ccc(O[C@@H]2O[C@H](COCc3ccccc3)[C@@H](O)[C@H](OCc3ccccc3)[C@H]2N2C(=O)c3ccccc3C2=O)cc1,chiral_gine,crossattn,1,F614C3F9,thioglycoside,2011
1508,31-013-CAS-10411776,val,0,0.9710058569908142,0.4899999999999999,1,0,O=C(CCl)O[C@H]1[C@@H]2OC(=O)N(Cc3ccccc3)[C@H]2[C@H](Sc2ccccc2)O[C@@H]1COCc1ccccc1,COc1ccc(O[C@@H]2O[C@H](COCc3ccccc3)[C@@H](O)[C@H](OCc3ccccc3)[C@H]2N2C(=O)c3ccccc3C2=O)cc1,chiral_gine,crossattn,1,F614C3F9,thioglycoside,2007
1509,31-013-CAS-7376345,val,0,0.9710058569908142,0.4899999999999999,1,0,O=C(CCl)O[C@H]1[C@@H]2OC(=O)N(Cc3ccccc3)[C@H]2[C@H](Sc2ccccc2)O[C@@H]1COCc1ccccc1,COc1ccc(O[C@@H]2O[C@H](COCc3ccccc3)[C@@H](O)[C@H](OCc3ccccc3)[C@H]2N2C(=O)c3ccccc3C2=O)cc1,chiral_gine,crossattn,1,F614C3F9,thioglycoside,2006
1521,31-013-CAS-23242756,val,1,0.9403828382492065,0.4899999999999999,1,1,COC(=O)[C@]1(OC[C@H]2O[C@@H](Sc3ccc(C)cc3)[C@H](OC(=O)c3ccccc3)[C@@H](OC(=O)c3ccccc3)[C@H]2OCc2ccccc2)O[C@@H]([C@H](OC(C)=O)[C@@H](COC(C)=O)OC(C)=O)[C@H](NC(C)=O)[C@@H](OC(C)=O)[C@H]1F,C=CCO[C@H]1O[C@H](COCc2ccccc2)[C@@H](OCc2ccccc2)[C@H](OCc2ccccc2)[C@@H]1O[C@@H]1O[C@H](COCc2ccccc2)[C@@H](O)[C@H](OCc2ccccc2)[C@H]1NC(=O)OCC(Cl)(Cl)Cl,chiral_gine,crossattn,1,C6B0C94E,thioglycoside,2020
1522,31-013-CAS-20236289,val,1,0.9866629242897034,0.4899999999999999,1,1,COC(=O)[C@]1(OC[C@H]2O[C@@H](Sc3ccc(C)cc3)[C@H](OC(=O)c3ccccc3)[C@@H](OC(=O)c3ccccc3)[C@H]2OCc2ccccc2)O[C@@H]([C@H](OC(C)=O)[C@@H](COC(C)=O)OC(C)=O)[C@H](NC(C)=O)[C@@H](OC(C)=O)[C@H]1F,C=CCO[C@H]1O[C@H](COCc2ccccc2)[C@@H](OCc2ccccc2)[C@H](OCc2ccccc2)[C@@H]1O[C@@H]1O[C@H](COCc2ccccc2)[C@@H](O)[C@H](OCc2ccccc2)[C@H]1NC(=O)OCC(Cl)(Cl)Cl,chiral_gine,crossattn,1,C6B0C94E,thioglycoside,2019
1539,31-357-CAS-6725732,val,1,0.9664681553840637,0.4899999999999999,1,1,CC(=O)O[C@H]1[C@H](O[C@@H]2O[C@H](COCc3ccccc3)[C@@H](OC(=O)CCl)[C@H](OC(C)=O)[C@H]2N2C(=O)c3c(Cl)c(Cl)c(Cl)c(Cl)c3C2=O)[C@@H](COCc2ccccc2)O[C@@H](Sc2ccccc2)[C@@H]1N1C(=O)c2c(Cl)c(Cl)c(Cl)c(Cl)c2C1=O,CC(=O)O[C@H]1[C@H](O[C@@H]2O[C@H](COCc3ccccc3)[C@@H](O)[C@H](OC(C)=O)[C@H]2N2C(=O)c3c(Cl)c(Cl)c(Cl)c(Cl)c3C2=O)[C@@H](COCc2ccccc2)O[C@@H](Sc2ccccc2)[C@@H]1N1C(=O)c2c(Cl)c(Cl)c(Cl)c(Cl)c2C1=O,chiral_gine,crossattn,1,9DE2F98F,thioglycoside,2005
1540,31-357-CAS-10990353,val,1,0.9661586880683899,0.4899999999999999,1,1,CC(=O)O[C@H]1[C@H](O[C@@H]2O[C@H](COCc3ccccc3)[C@@H](O[C@@H]3O[C@H](COCc4ccccc4)[C@@H](O[C@@H]4O[C@H](COCc5ccccc5)[C@@H](OC(=O)CCl)[C@H](OC(C)=O)[C@H]4N4C(=O)c5c(Cl)c(Cl)c(Cl)c(Cl)c5C4=O)[C@H](OC(C)=O)[C@H]3N3C(=O)c4c(Cl)c(Cl)c(Cl)c(Cl)c4C3=O)[C@H](OC(C)=O)[C@H]2N2C(=O)c3c(Cl)c(Cl)c(Cl)c(Cl)c3C2=O)[C@@H](COCc2ccccc2)O[C@@H](Sc2ccccc2)[C@@H]1N1C(=O)c2c(Cl)c(Cl)c(Cl)c(Cl)c2C1=O,CC(=O)O[C@H]1[C@H](O[C@@H]2O[C@H](COCc3ccccc3)[C@@H](O)[C@H](OC(C)=O)[C@H]2N2C(=O)c3c(Cl)c(Cl)c(Cl)c(Cl)c3C2=O)[C@@H](COCc2ccccc2)O[C@@H](Sc2ccccc2)[C@@H]1N1C(=O)c2c(Cl)c(Cl)c(Cl)c(Cl)c2C1=O,chiral_gine,crossattn,1,EE08E191,thioglycoside,2005
1546,31-013-CAS-16486922,val,1,0.9540001153945923,0.4899999999999999,1,1,COC(=O)[C@@]1(OC[C@H]2O[C@@H](Sc3ccc(C)cc3)[C@H](OC(=O)c3ccccc3)[C@@H](OCc3ccccc3)[C@@H]2OCc2ccccc2)C[C@@H]2OC(=O)N(C(C)=O)[C@H]2[C@H]([C@H](OC(C)=O)[C@@H](COC(C)=O)OC(C)=O)O1,[N-]=[N+]=NCCCCCO[C@@H]1O[C@H](COCc2ccccc2)[C@@H](O)[C@H](OCc2ccccc2)[C@H]1NC(=O)OCC(Cl)(Cl)Cl,chiral_gine,crossattn,1,1511777B,thioglycoside,2016
16,31-010-CAS-22198130,test,1,0.960344135761261,0.4899999999999999,1,1,CC(=O)O[C@@H]1[C@@H](OC(C)=O)[C@H](OC(=N)C(Cl)(Cl)Cl)O[C@@H]2CO[C@@H](c3ccccc3)O[C@@H]12,Cc1ccc(S[C@@H]2O[C@H](CO[Si](c3ccccc3)(c3ccccc3)C(C)(C)C)[C@@H](O)[C@H](OCc3ccc4ccccc4c3)[C@H]2N=[N+]=[N-])cc1,chiral_gine,crossattn,1,7A7B8711,trichloroacetimidate,2020
25,31-010-CAS-5525801,test,1,0.9557998776435852,0.4899999999999999,1,1,CC(=O)OC[C@H]1O[C@H](OC(=N)C(Cl)(Cl)Cl)[C@H](NC(=O)OCC(Cl)(Cl)Cl)[C@@H](OC(C)=O)[C@@H]1OC(C)=O,COc1cc(Cl)c(C(OC[C@H]2O[C@H](OCc3ccccc3)[C@H](NC(C)=O)[C@@H](O[C@H](C)C(=O)N[C@@H](C)C(=O)OCCS(=O)(=O)c3ccccc3)[C@@H]2O)c2ccc(Cl)cc2Cl)c(Cl)c1,chiral_gine,crossattn,1,8A92BAB2,trichloroacetimidate,2014
26,31-614-CAS-31203171,test,0,0.9112095832824707,0.4899999999999999,1,0,CC(=O)OC[C@H]1O[C@H](OC(=N)C(Cl)(Cl)Cl)[C@@H](OC(C)=O)[C@@H](OC(C)=O)[C@@H]1OC(C)=O,C=CCO[C@@H]1[C@H](OCc2ccc3ccccc3c2)[C@H](OCc2ccc3ccccc3c2)[C@@H](OCc2ccc3ccccc3c2)[C@H](OCc2ccc3ccccc3c2)[C@H]1O[C@H]1O[C@H](COCc2ccc3ccccc3c2)[C@@H](O)[C@H](OCc2ccc3ccccc3c2)[C@H]1N=[N+]=[N-],chiral_gine,crossattn,1,13037F0F,trichloroacetimidate,2021
36,31-010-CAS-4980852,test,1,0.9877138137817383,0.4899999999999999,1,1,CC(=O)OC[C@H]1O[C@H](OC(=N)C(Cl)(Cl)Cl)[C@H](NC(=O)C(Cl)(Cl)Cl)[C@@H](OC(C)=O)[C@@H]1OC(C)=O,C=CCOC[C@H]1O[C@@H](OCc2ccccc2)[C@H](N=[N+]=[N-])[C@@H](OCc2ccccc2)[C@@H]1O,chiral_gine,crossattn,1,83728CAB,trichloroacetimidate,1994
54,31-010-CAS-19796375,test,1,0.9606219530105591,0.4899999999999999,1,1,CC(=O)OC[C@H]1O[C@H](OC(=N)C(Cl)(Cl)Cl)[C@H](OC(C)=O)[C@@H](OC(C)=O)[C@H]1OC(C)=O,CCS[C@@H]1O[C@H](CO[Si](c2ccccc2)(c2ccccc2)C(C)(C)C)[C@@H](O)[C@H](O)[C@H]1N1C(=O)c2ccccc2C1=O,chiral_gine,crossattn,1,E7848288,trichloroacetimidate,2019
74,31-010-CAS-8524792,test,0,0.0030557969585061073,0.4899999999999999,0,1,CC(=O)O[C@H]1[C@H](OCc2ccccc2)[C@H](OC(=N)C(Cl)(Cl)Cl)O[C@@H](C)[C@H]1OC(C)=O,CC(=O)OC[C@H]1O[C@@H](O[Si](C)(C)C(C)(C)C(C)C)[C@H](N=[N+]=[N-])[C@@H](O[C@@H]2O[C@H](COC(C)=O)[C@@H]3OC(C)(C)O[C@@H]3[C@H]2O)[C@@H]1O,chiral_gine,crossattn,1,5A65F176,trichloroacetimidate,2002
78,31-010-CAS-1161485,test,0,0.011286988854408264,0.4899999999999999,0,1,CC(=O)O[C@@H]1[C@@H](OC(=N)C(Cl)(Cl)Cl)O[C@H](COCc2ccccc2)[C@@H](OCc2ccccc2)[C@@H]1OCc1ccccc1,C=CCO[C@@H]1[C@H](OCc2ccccc2)[C@H](OCc2ccccc2)[C@@H](OCc2ccccc2)[C@H](OCc2ccccc2)[C@H]1O[C@H]1O[C@H](COCc2ccccc2)[C@@H](O)[C@H](OCc2ccccc2)[C@H]1N=[N+]=[N-],chiral_gine,crossattn,1,4D85A9C5,trichloroacetimidate,2005
114,31-010-CAS-6728808,test,0,0.9809868931770325,0.4899999999999999,1,0,N=C(OC1O[C@H](COC(=O)c2ccccc2)[C@@H](OC(=O)c2ccccc2)[C@H](OC(=O)c2ccccc2)[C@@H]1OC(=O)c1ccccc1)C(Cl)(Cl)Cl,CC(=O)CCC(=O)O[C@H]1[C@H](O)[C@@H](COC(=O)Cc2ccccc2[N+](=O)[O-])O[C@@H](O[C@H]2CC[C@]3(C)[C@H]4CC=C5[C@@H]6CC(C)(C)CC[C@]6(C(=O)OCc6ccccc6)CC[C@@]5(C)[C@]4(C)CC[C@H]3C2(C)C)[C@@H]1NC(=O)OCC(Cl)(Cl)Cl,chiral_gine,crossattn,1,08D10A6E,trichloroacetimidate,2014
127,31-010-CAS-3431516,test,1,0.9526516199111938,0.4899999999999999,1,1,CC(=O)O[C@H]1[C@@H](OC(C)=O)[C@@H](COCc2ccccc2)O[C@H](OC(=N)C(Cl)(Cl)Cl)[C@@H]1OC(C)=O,CC(=O)N[C@H]1[C@H](Oc2ccc([N+](=O)[O-])cc2)O[C@H](COCc2ccccc2)[C@@H](O)[C@@H]1O[C@@H]1O[C@@H](C)[C@@H](OCc2ccccc2)[C@@H](OCc2ccccc2)[C@@H]1OCc1ccccc1,chiral_gine,crossattn,1,467F1188,trichloroacetimidate,2002
138,31-010-CAS-12729167,test,1,0.29355183243751526,0.4899999999999999,0,0,COC(=O)[C@H]1OC(OC(=N)C(Cl)(Cl)Cl)[C@H](OC(=O)CCC(C)=O)[C@@H](OCc2ccccc2)[C@@H]1OCc1ccccc1,CC(=O)OC[C@H]1O[C@@H](O[Si](C)(C)C(C)(C)C(C)C)[C@H](N=[N+]=[N-])[C@@H](OCc2ccccc2)[C@@H]1O,chiral_gine,crossattn,1,AC634BA0,trichloroacetimidate,2014
142,31-010-CAS-11617057,test,1,0.9681898355484009,0.4899999999999999,1,1,CC(=O)O[C@H]1[C@@H](OC(C)=O)[C@@H](CN=[N+]=[N-])O[C@H](OC(=N)C(Cl)(Cl)Cl)[C@@H]1OC(C)=O,CCCCCCCCO[C@H]1O[C@H](COCc2ccccc2)[C@@H](OCc2ccccc2)[C@H](OCc2ccccc2)[C@@H]1O[C@@H]1O[C@H](COCc2ccccc2)[C@@H](O)[C@H](OCc2ccccc2)[C@H]1N1C(=O)c2ccccc2C1=O,chiral_gine,crossattn,1,8255CB89,trichloroacetimidate,2003
143,31-010-CAS-3803419,test,0,0.7148929238319397,0.4899999999999999,1,0,CC(=O)O[C@H]1[C@H](OCc2ccccc2)[C@H](N=[N+]=[N-])[C@@H](OC(=N)C(Cl)(Cl)Cl)O[C@@H]1COCc1ccccc1,C=CCO[C@H]1O[C@H](COCc2ccccc2)[C@@H](O)[C@H](OCc2ccccc2)[C@@H]1N=[N+]=[N-],chiral_gine,crossattn,1,EE5C3B15,trichloroacetimidate,2008
146,31-010-CAS-13055419,test,1,0.9749509692192078,0.4899999999999999,1,1,CC(=O)O[C@@H]1[C@@H](NC(=O)OCC(Cl)(Cl)Cl)[C@@H](OC(=N)C(Cl)(Cl)Cl)O[C@@H]2CO[C@@H](c3ccccc3)O[C@@H]12,CCOC(=O)[C@@H](C)O[C@H]1[C@H](O)[C@@H](COCc2ccccc2)O[C@H](OCc2ccccc2)[C@@H]1NC(=O)OCC(Cl)(Cl)Cl,chiral_gine,crossattn,1,A1FA3D09,trichloroacetimidate,2014
148,31-010-CAS-884798,test,1,0.9375404715538025,0.4899999999999999,1,1,CC(=O)OC[C@H]1O[C@H](OC(=N)C(Cl)(Cl)Cl)[C@H](OC(C)=O)[C@@H](OCc2ccc3ccccc3c2)[C@H]1OC(C)=O,CC(C)(C)C(=O)OC[C@H]1O[C@@H](Sc2ccccc2)[C@H](N2C(=O)c3ccccc3C2=O)[C@@H](O)[C@@H]1O,chiral_gine,crossattn,1,1D96C1E5,trichloroacetimidate,2003
157,31-010-CAS-23202756,test,1,0.9822701811790466,0.4899999999999999,1,1,CC(=O)OC[C@H]1O[C@H](OC(=N)C(Cl)(Cl)Cl)[C@H](OC(C)=O)[C@@H](OC(C)=O)[C@H]1OC(C)=O,CC(=O)CCC(=O)O[C@@H]1[C@@H](NC(C)=O)[C@H](OCCCCCCCl)O[C@H](COC(=O)c2ccccc2)[C@H]1O[C@@H]1O[C@H](COC(=O)C(C)(C)C)[C@H](OC(C)=O)[C@H](O[C@@H]2O[C@H](COC(=O)c3ccccc3)[C@@H](O)[C@H](OC(C)=O)[C@H]2NC(C)=O)[C@H]1OC(C)=O,chiral_gine,crossattn,1,A9B40C6A,trichloroacetimidate,2019
161,31-010-CAS-8171704,test,1,0.9736526012420654,0.4899999999999999,1,1,CC(=O)OC[C@H]1O[C@H](OC(=N)C(Cl)(Cl)Cl)[C@H](OC(C)=O)[C@@H](OC(C)=O)[C@H]1OC(C)=O,CC(=O)O[C@H]1[C@H](O)[C@@H](COCc2ccccc2)O[C@@H](OCCCBr)[C@@H]1N1C(=O)c2ccccc2C1=O,chiral_gine,crossattn,1,B2B06453,trichloroacetimidate,2008
170,31-010-CAS-16546348,test,1,0.9675695300102234,0.4899999999999999,1,1,CC(=O)O[C@H]1[C@@H](OC(C)=O)[C@@H](CN=[N+]=[N-])O[C@H](OC(=N)C(Cl)(Cl)Cl)[C@@H]1OC(C)=O,CC(=O)N[C@H]1[C@H](OCc2ccccc2)O[C@H](CO[Si](C)(C)C(C)(C)C)[C@@H](O)[C@@H]1O,chiral_gine,crossattn,1,C41CC71A,trichloroacetimidate,2011
171,31-010-CAS-23204857,test,1,0.9692797064781189,0.4899999999999999,1,1,CC(=O)OC[C@H]1O[C@H](OC(=N)C(Cl)(Cl)Cl)[C@H](OC(C)=O)[C@@H](OC(C)=O)[C@H]1OC(C)=O,CC(=O)CCC(=O)O[C@@H]1[C@@H](NC(C)=O)[C@H](OCCCCCCCl)O[C@H](COC(=O)c2ccccc2)[C@H]1O[C@@H]1O[C@H](COC(=O)C(C)(C)C)[C@H](OC(C)=O)[C@H](O[C@@H]2O[C@H](COC(=O)CCl)[C@@H](O)[C@H](OC(C)=O)[C@H]2NC(C)=O)[C@H]1OC(C)=O,chiral_gine,crossattn,1,2F36D2BC,trichloroacetimidate,2019
183,31-010-CAS-4294380,test,0,0.001977220643311739,0.4899999999999999,0,1,CC(=O)OC[C@H]1O[C@H](OC(=N)C(Cl)(Cl)Cl)[C@@H](OCc2ccccc2)[C@@H](OCc2ccccc2)[C@@H]1OCc1ccccc1,CC1(C)O[C@@H]2[C@H](OCc3ccccc3)[C@@H](OCc3ccccc3)[C@H](OCc3ccccc3)[C@@H](O[C@H]3O[C@H](COCc4ccccc4)[C@@H](O)[C@H](OCc4ccccc4)[C@H]3N=[N+]=[N-])[C@@H]2O1,chiral_gine,crossattn,1,9B15D7AA,trichloroacetimidate,2004
186,31-010-CAS-11796742,test,0,0.0007221646956168115,0.4899999999999999,0,1,COC(=O)[C@@H]1OC(OC(=N)C(Cl)(Cl)Cl)[C@H](OC(=O)c2ccccc2)[C@@H](OCc2ccccc2)[C@@H]1OCc1ccccc1,COC(=O)[C@@H]1O[C@@H](O[C@H]2[C@H](OCc3ccccc3)[C@@H](NC(C)=O)[C@@H](OC(C)C)O[C@@H]2COC(=O)c2ccccc2)[C@H](OC(=O)C(C)(C)C)[C@@H](OCc2ccccc2)[C@@H]1O[C@H]1O[C@H](COCc2ccccc2)[C@@H](O[C@@H]2O[C@@H](C(=O)OC)[C@@H](O[C@H]3O[C@H](COC(=O)c4ccccc4)[C@@H](O)[C@H](OCc4ccccc4)[C@H]3N=[N+]=[N-])[C@H](OCc3ccccc3)[C@H]2OCc2ccccc2)[C@H](OCc2ccccc2)[C@H]1N=[N+]=[N-],chiral_gine,crossattn,1,11E063A0,trichloroacetimidate,2005
195,31-614-CAS-36199892,test,1,0.9717368483543396,0.4899999999999999,1,1,CC(=O)OC[C@H]1O[C@@H](OC(=N)C(Cl)(Cl)Cl)[C@H](OC(C)=O)[C@@H](OC(C)=O)[C@@H]1OC(C)=O,CC(=O)N[C@H]1[C@H](Oc2ccc([N+](=O)[O-])cc2)O[C@H](CO[Si](c2ccccc2)(c2ccccc2)C(C)(C)C)[C@@H](O)[C@@H]1O,chiral_gine,crossattn,1,233C91D0,trichloroacetimidate,2023
203,31-010-CAS-16546344,test,1,0.9275383949279785,0.4899999999999999,1,1,CC(=O)OC[C@@H]1O[C@@H](OC(=N)C(Cl)(Cl)Cl)[C@H](OC(C)=O)[C@@H](OC(C)=O)[C@H]1OC(C)=O,CC(=O)N[C@H]1[C@H](OCc2ccccc2)O[C@H](CO[Si](C)(C)C(C)(C)C)[C@@H](O)[C@@H]1O,chiral_gine,crossattn,1,6AB91AB7,trichloroacetimidate,2011
219,31-010-CAS-3920193,test,0,0.0016711606876924634,0.4899999999999999,0,1,CC(C)(C)[Si](OC[C@H]1OC(OC(=N)C(Cl)(Cl)Cl)[C@@H](OCc2ccccc2)[C@@H](OCc2ccccc2)[C@@H]1OCc1ccccc1)(c1ccccc1)c1ccccc1,CC1(C)[C@H]2CC[C@]1(C)[C@]1(C2)O[C@@H]2[C@H](OCc3ccccc3)[C@@H](OCc3ccccc3)[C@H](OCc3ccccc3)[C@@H](O[C@H]3O[C@H](COCc4ccccc4)[C@@H](O)[C@H](OCc4ccccc4)[C@H]3N=[N+]=[N-])[C@@H]2O1,chiral_gine,crossattn,1,0DFF613A,trichloroacetimidate,2001
220,31-010-CAS-20767187,test,0,0.001022198237478733,0.4899999999999999,0,1,CC(C)(C)[Si](OC[C@H]1OC(OC(=N)C(Cl)(Cl)Cl)[C@@H](OCc2ccccc2)[C@@H](OCc2ccccc2)[C@@H]1OCc1ccccc1)(c1ccccc1)c1ccccc1,CC1(C)[C@H]2CC[C@]1(C)[C@]1(C2)O[C@@H]2[C@H](OCc3ccccc3)[C@@H](OCc3ccccc3)[C@H](OCc3ccccc3)[C@@H](O[C@H]3O[C@H](COCc4ccccc4)[C@@H](O)[C@H](OCc4ccccc4)[C@H]3N=[N+]=[N-])[C@@H]2O1,chiral_gine,crossattn,1,0DFF613A,trichloroacetimidate,2001
221,31-010-CAS-17642154,test,0,0.0054434216581285,0.4899999999999999,0,1,CC(C)(C)[Si](OC[C@H]1OC(OC(=N)C(Cl)(Cl)Cl)[C@@H](OCc2ccccc2)[C@@H](OCc2ccccc2)[C@@H]1OCc1ccccc1)(c1ccccc1)c1ccccc1,CC1(C)[C@H]2CC[C@]1(C)[C@]1(C2)O[C@@H]2[C@H](OCc3ccccc3)[C@@H](OCc3ccccc3)[C@H](OCc3ccccc3)[C@@H](O[C@H]3O[C@H](COCc4ccccc4)[C@@H](O)[C@H](OCc4ccccc4)[C@H]3N=[N+]=[N-])[C@@H]2O1,chiral_gine,crossattn,1,0DFF613A,trichloroacetimidate,2001
234,31-013-CAS-5827715,test,1,0.9609451293945312,0.4899999999999999,1,1,CC(=O)OC[C@H]1OC(OC(=N)C(Cl)(Cl)Cl)[C@H](OC(C)=O)[C@@H](OC(C)=O)[C@H]1OC(C)=O,CC(C)(C)[Si](C)(C)O[C@@H]1O[C@H](CO[Si](c2ccccc2)(c2ccccc2)C(C)(C)C)[C@@H](O)[C@H](O)[C@H]1NC(=O)OCC(Cl)(Cl)Cl,chiral_gine,crossattn,1,EE822294,trichloroacetimidate,2000
241,31-010-CAS-14863653,test,1,0.941380500793457,0.4899999999999999,1,1,COC(=O)[C@H]1OC(OC(=N)C(Cl)(Cl)Cl)[C@H](OC(=O)C(C)(C)CCOC(C)=O)[C@@H](OCc2ccccc2)[C@@H]1OCc1ccccc1,CC(=O)OC[C@H]1O[C@@H](O[Si](C)(C)C(C)(C)C(C)C)[C@H](N=[N+]=[N-])[C@@H](OCc2ccccc2)[C@@H]1O,chiral_gine,crossattn,1,01F37FAA,trichloroacetimidate,2014
243,31-010-CAS-13659910,test,1,0.967983603477478,0.4899999999999999,1,1,CC(=O)O[C@@H]1[C@H](OC(=O)CCl)[C@@H](OC(C)=O)[C@@H](OC(=N)C(Cl)(Cl)Cl)O[C@@H]1CO[Si](c1ccccc1)(c1ccccc1)C(C)(C)C,CC(=O)N[C@H]1[C@H](OCCCCCCCl)O[C@H](COCc2ccccc2)[C@@H](O)[C@@H]1OC(=O)CCl,chiral_gine,crossattn,1,612989F8,trichloroacetimidate,2012
250,31-010-CAS-1767038,test,0,0.001058908412232995,0.4899999999999999,0,1,CC(=O)O[C@H]1[C@H](OC(=N)C(Cl)(Cl)Cl)O[C@@H](COCc2ccccc2)[C@@H](OC(=O)OCC2c3ccccc3-c3ccccc32)[C@@H]1OCc1ccccc1,C=CCO[C@@H]1O[C@H](CO[Si](c2ccccc2)(c2ccccc2)C(C)(C)C)[C@@H](O)[C@H](OC(=O)CCC(C)=O)[C@H]1N=[N+]=[N-],chiral_gine,crossattn,1,79E1209F,trichloroacetimidate,2003
265,31-010-CAS-7479832,test,1,0.9727128148078918,0.4899999999999999,1,1,CC(=O)OC[C@H]1OC(OC(=N)C(Cl)(Cl)Cl)[C@H](OC(C)=O)[C@@H](OC(C)=O)[C@H]1OC(C)=O,CC(=O)O[C@H]1[C@H](OC(C)=O)[C@H](O[C@H]2[C@H](O)[C@@H](COC(=O)c3ccccc3)O[C@@H](Sc3ccccc3)[C@@H]2N2C(=O)c3ccccc3C2=O)O[C@@H](C)[C@H]1OC(C)=O,chiral_gine,crossattn,1,968A2BEE,trichloroacetimidate,2002
272,31-010-CAS-9842150,test,1,0.9748289585113525,0.4899999999999999,1,1,COc1ccc(COC[C@H]2O[C@@H](OC(=N)C(Cl)(Cl)Cl)[C@H](N3C(=O)c4ccccc4C3=O)[C@@H](OC(C)=O)[C@@H]2OC(=O)CCl)cc1,COc1ccc(COC[C@H]2O[C@@H](Sc3ccccc3)[C@H](N3C(=O)c4ccccc4C3=O)[C@@H](OC(C)=O)[C@@H]2O)cc1,chiral_gine,crossattn,1,52651845,trichloroacetimidate,2002
284,31-010-CAS-4637552,test,1,0.9619229435920715,0.4899999999999999,1,1,COC(=O)[C@H]1O[C@H](OC(=N)C(Cl)(Cl)Cl)[C@H](OC(=O)c2ccccc2)[C@@H](OC(=O)c2ccccc2)[C@@H]1OC(=O)CCC(C)=O,C=CCCCO[C@H]1O[C@H](COCc2ccccc2)[C@@H](O)[C@H](OCc2ccccc2)[C@H]1N(C(C)=O)C(C)=O,chiral_gine,crossattn,1,DC429936,trichloroacetimidate,2006
296,31-010-CAS-11281477,test,1,0.9648709297180176,0.4899999999999999,1,1,CC(=O)OC[C@H]1O[C@@H](OC(=N)C(Cl)(Cl)Cl)[C@H](NC(=O)C(F)(F)F)[C@@H](OC(C)=O)[C@@H]1OC(C)=O,CC(=O)N[C@H]1[C@@H](OC(C)=O)O[C@H](COC(C)=O)[C@@H](O)[C@@H]1OC(C)=O,chiral_gine,crossattn,1,9E568705,trichloroacetimidate,2006
298,31-010-CAS-6624950,test,1,0.9763551354408264,0.4899999999999999,1,1,CC(=O)OC[C@H]1O[C@H](OC(=N)C(Cl)(Cl)Cl)[C@H](OC(C)=O)[C@@H](OC(C)=O)[C@H]1F,CC(C)(C)C(=O)OC[C@H]1O[C@@H](Sc2ccccc2)[C@H](N2C(=O)c3ccccc3C2=O)[C@@H](O)[C@@H]1O,chiral_gine,crossattn,1,FEC14569,trichloroacetimidate,2003
310,31-010-CAS-7407036,test,0,0.0065128132700920105,0.4899999999999999,0,1,CC(C)(C)[Si](OC[C@H]1O[C@H](OC(=N)C(Cl)(Cl)Cl)[C@H](OCc2ccccc2)[C@@H](OCc2ccccc2)[C@H]1OCc1ccccc1)(c1ccccc1)c1ccccc1,CC1(C)[C@H]2CC[C@]1(C)[C@]1(C2)O[C@@H]2[C@H](OCc3ccccc3)[C@@H](OCc3ccccc3)[C@H](OCc3ccccc3)[C@@H](O[C@H]3O[C@H](COCc4ccccc4)[C@@H](O)[C@H](OCc4ccccc4)[C@H]3N=[N+]=[N-])[C@@H]2O1,chiral_gine,crossattn,1,2214E99C,trichloroacetimidate,2005
317,31-010-CAS-17830886,test,1,0.37474575638771057,0.4899999999999999,0,0,CC(=O)OC[C@H]1O[C@H](OC(=N)C(Cl)(Cl)Cl)[C@H](OC(C)=O)[C@@H](OC(C)=O)[C@H]1OC(C)=O,COc1ccc(O[C@H]2O[C@H](COCc3ccccc3)[C@@H](O)[C@H](O[C@H]3O[C@H](COCc4ccccc4)[C@H](OCc4ccccc4)[C@H](OCc4ccccc4)[C@H]3OCc3ccccc3)[C@H]2N=[N+]=[N-])cc1,chiral_gine,crossattn,1,4B9B8199,trichloroacetimidate,2017
334,31-010-CAS-21359677,test,1,0.9732682704925537,0.4899999999999999,1,1,COC(=O)[C@H]1OC(OC(=N)C(Cl)(Cl)Cl)[C@H](OC(=O)c2ccccc2)[C@@H](OCc2ccccc2)[C@@H]1O[C@H]1O[C@H](COC(=O)c2ccccc2)[C@@H](OCc2ccccc2)[C@H](OCc2ccccc2)[C@H]1N=[N+]=[N-],COc1ccc(COC[C@H]2O[C@@H](O[Si](c3ccccc3)(c3ccccc3)C(C)(C)C)[C@H](N=[N+]=[N-])[C@@H](OCc3ccc(OC)cc3)[C@@H]2O)cc1,chiral_gine,crossattn,1,3F147B84,trichloroacetimidate,2015
335,31-010-CAS-1287355,test,1,0.9732682704925537,0.4899999999999999,1,1,COC(=O)[C@H]1OC(OC(=N)C(Cl)(Cl)Cl)[C@H](OC(=O)c2ccccc2)[C@@H](OCc2ccccc2)[C@@H]1O[C@H]1O[C@H](COC(=O)c2ccccc2)[C@@H](OCc2ccccc2)[C@H](OCc2ccccc2)[C@H]1N=[N+]=[N-],COc1ccc(COC[C@H]2O[C@@H](O[Si](c3ccccc3)(c3ccccc3)C(C)(C)C)[C@H](N=[N+]=[N-])[C@@H](OCc3ccc(OC)cc3)[C@@H]2O)cc1,chiral_gine,crossattn,1,3F147B84,trichloroacetimidate,2003
360,31-010-CAS-21359666,test,1,0.9757413864135742,0.4899999999999999,1,1,COC(=O)[C@H]1OC(OC(=N)C(Cl)(Cl)Cl)[C@H](OC(=O)c2ccccc2)[C@@H](OCc2ccccc2)[C@@H]1O[C@H]1O[C@H](COCc2ccc(OC)cc2)[C@@H](OCc2ccccc2)[C@H](OCc2ccccc2)[C@H]1NC=C1C(=O)N(C)C(=O)N(C)C1=O,COc1ccc(CO[C@H]2[C@H](O)[C@@H](COc3ccc(OC)cc3)O[C@@H](O[Si](c3ccccc3)(c3ccccc3)C(C)(C)C)[C@@H]2N=[N+]=[N-])cc1,chiral_gine,crossattn,1,4879FCCC,trichloroacetimidate,2015
361,31-010-CAS-1619273,test,1,0.9757413864135742,0.4899999999999999,1,1,COC(=O)[C@H]1OC(OC(=N)C(Cl)(Cl)Cl)[C@H](OC(=O)c2ccccc2)[C@@H](OCc2ccccc2)[C@@H]1O[C@H]1O[C@H](COCc2ccc(OC)cc2)[C@@H](OCc2ccccc2)[C@H](OCc2ccccc2)[C@H]1NC=C1C(=O)N(C)C(=O)N(C)C1=O,COc1ccc(CO[C@H]2[C@H](O)[C@@H](COc3ccc(OC)cc3)O[C@@H](O[Si](c3ccccc3)(c3ccccc3)C(C)(C)C)[C@@H]2N=[N+]=[N-])cc1,chiral_gine,crossattn,1,4879FCCC,trichloroacetimidate,2003
364,31-010-CAS-21359670,test,1,0.9722968935966492,0.4899999999999999,1,1,COC(=O)[C@H]1OC(OC(=N)C(Cl)(Cl)Cl)[C@H](OC(=O)c2ccccc2)[C@@H](OCc2ccccc2)[C@@H]1O[C@H]1O[C@H](COCc2ccc(OC)cc2)[C@@H](OCc2ccccc2)[C@H](OCc2ccccc2)[C@H]1NC=C1C(=O)N(C)C(=O)N(C)C1=O,COc1ccc(OC[C@H]2O[C@@H](O[Si](c3ccccc3)(c3ccccc3)C(C)(C)C)[C@H](N=[N+]=[N-])[C@@H](OC(=O)c3ccccc3)[C@@H]2O)cc1,chiral_gine,crossattn,1,C0DB5028,trichloroacetimidate,2015
365,31-010-CAS-10139664,test,1,0.9722968935966492,0.4899999999999999,1,1,COC(=O)[C@H]1OC(OC(=N)C(Cl)(Cl)Cl)[C@H](OC(=O)c2ccccc2)[C@@H](OCc2ccccc2)[C@@H]1O[C@H]1O[C@H](COCc2ccc(OC)cc2)[C@@H](OCc2ccccc2)[C@H](OCc2ccccc2)[C@H]1NC=C1C(=O)N(C)C(=O)N(C)C1=O,COc1ccc(OC[C@H]2O[C@@H](O[Si](c3ccccc3)(c3ccccc3)C(C)(C)C)[C@H](N=[N+]=[N-])[C@@H](OC(=O)c3ccccc3)[C@@H]2O)cc1,chiral_gine,crossattn,1,C0DB5028,trichloroacetimidate,2003
383,31-010-CAS-5251218,test,0,0.0018772081239148974,0.4899999999999999,0,1,C=CCO[C@@H]1[C@@H](OC(=N)C(Cl)(Cl)Cl)O[C@H](CO[C@H]2O[C@H](COCc3ccc(OC)cc3)[C@@H](OCc3ccc(OC)cc3)[C@H](OCc3ccc(OC)cc3)[C@@H]2O[C@H]2O[C@H](CO[Si](C)(C)C(C)(C)C)[C@@H](OCc3ccc(OC)cc3)[C@H](OCc3ccc(OC)cc3)[C@@H]2OCc2ccc(OC)cc2)[C@@H](OCc2ccc(OC)cc2)[C@@H]1OCc1ccc(OC)cc1,CCCCCCCCCCCCCCCCCC(=O)OC[C@@H](COP(=O)(OCCC#N)O[C@@H]1[C@H](OCc2ccc(OC)cc2)[C@H](OCc2ccc(OC)cc2)[C@@H](OCc2ccc(OC)cc2)[C@H](OCc2ccc(OC)cc2)[C@H]1O[C@H]1O[C@H](COCc2ccc(OC)cc2)[C@@H](O)[C@H](OCc2ccc(OC)cc2)[C@H]1N=[N+]=[N-])OC(=O)CCCCCCCCCCCCCCCCC,chiral_gine,crossattn,1,4CDC171E,trichloroacetimidate,2011
384,31-010-CAS-5898048,test,1,0.043546464294195175,0.4899999999999999,0,0,CC(=O)OC[C@@H]1OC(OC(=N)C(Cl)(Cl)Cl)[C@H](OC(=O)c2ccccc2)[C@@H](OCc2ccccc2)[C@@H]1O[C@H]1O[C@H](CO[Si](c2ccccc2)(c2ccccc2)C(C)(C)C)[C@@H](OCc2ccc3ccccc3c2)[C@H](OCc2ccc(Br)cc2)[C@H]1N=[N+]=[N-],CC(C)(C)[Si](OC[C@H]1O[C@H](O[C@H]2[C@H](OCc3ccccc3)[C@@H](OC(=O)c3ccccc3)[C@H]3OC[C@@H]2O3)[C@H](N=[N+]=[N-])[C@@H](OC(=O)c2ccccc2)[C@@H]1O)(c1ccccc1)c1ccccc1,chiral_gine,crossattn,1,2D854319,trichloroacetimidate,2011
391,31-010-CAS-17658048,test,0,0.02706952951848507,0.4899999999999999,0,1,CC(C)(C)[Si](O[C@@H]1[C@H](OCc2ccccc2)[C@@H](OC(=N)C(Cl)(Cl)Cl)O[C@H](CO[C@@H]2O[C@@H]3CO[C@@H](c4ccccc4)O[C@H]3[C@H](OCc3ccccc3)[C@H]2N2C(=O)c3ccccc3C2=O)[C@H]1OCc1ccccc1)(c1ccccc1)c1ccccc1,CC(C)[C@@H]1CC[C@@H](C)C[C@H]1OC(=O)O[C@H]1[C@H](O[C@H]2O[C@H](COCc3ccccc3)[C@@H](O)[C@H](OCc3ccccc3)[C@H]2N=[N+]=[N-])[C@H]2OC3(CCCCC3)O[C@@H]2[C@H]2OC3(CCCCC3)O[C@@H]12,chiral_gine,crossattn,1,C7F19712,trichloroacetimidate,2000
392,31-010-CAS-12999057,test,0,0.027668949216604233,0.4899999999999999,0,1,CC(C)(C)[Si](O[C@@H]1[C@H](OCc2ccccc2)[C@@H](OC(=N)C(Cl)(Cl)Cl)O[C@H](CO[C@@H]2O[C@@H]3CO[C@@H](c4ccccc4)O[C@H]3[C@H](OCc3ccccc3)[C@H]2N2C(=O)c3ccccc3C2=O)[C@H]1OCc1ccccc1)(c1ccccc1)c1ccccc1,CC(C)[C@@H]1CC[C@@H](C)C[C@H]1OC(=O)O[C@H]1[C@H](O[C@H]2O[C@H](COCc3ccccc3)[C@@H](O)[C@H](OCc3ccccc3)[C@H]2N=[N+]=[N-])[C@H]2OC3(CCCCC3)O[C@@H]2[C@H]2OC3(CCCCC3)O[C@@H]12,chiral_gine,crossattn,1,C7F19712,trichloroacetimidate,2000
400,31-010-CAS-15131203,test,1,0.9804292917251587,0.4899999999999999,1,1,CC(=O)OC[C@H]1O[C@H](O[C@H]2[C@H](OCc3ccccc3)[C@@H](OC(=O)c3ccccc3)[C@H](OC(=N)C(Cl)(Cl)Cl)O[C@@H]2COC(=O)CCl)[C@H](N=[N+]=[N-])[C@@H](OCc2ccccc2)[C@@H]1OC(=O)OCC1c2ccccc2-c2ccccc21,COc1ccc(O[C@@H]2O[C@H](COC(=O)CCl)[C@@H](O[C@H]3O[C@H](COC(C)=O)[C@@H](O[C@@H]4O[C@H](COC(=O)CCl)[C@@H](O[C@H]5O[C@H](COC(C)=O)[C@@H](O)[C@H](OCc6ccccc6)[C@H]5N=[N+]=[N-])[C@H](OCc5ccccc5)[C@H]4OC(=O)c4ccccc4)[C@H](OCc4ccccc4)[C@H]3N=[N+]=[N-])[C@H](OCc3ccccc3)[C@H]2OC(=O)c2ccccc2)cc1,chiral_gine,crossattn,1,FAB0D2C9,trichloroacetimidate,2012
406,31-010-CAS-18971959,test,1,0.977967381477356,0.4899999999999999,1,1,N=C(O[C@H]1O[C@H](COC(=O)c2ccccc2)[C@H](OC(=O)c2ccccc2)[C@H](O[C@H]2O[C@H](COCc3ccccc3)[C@H](OCc3ccccc3)[C@H](OCc3ccccc3)[C@H]2OCc2ccccc2)[C@H]1OC(=O)c1ccccc1)C(Cl)(Cl)Cl,COc1ccc(S[C@@H]2O[C@H](COCc3ccccc3)[C@@H](O)[C@H](O)[C@H]2N2C(=O)c3ccccc3C2=O)cc1,chiral_gine,crossattn,1,EFDDC478,trichloroacetimidate,2018
418,31-010-CAS-7849619,test,1,0.9783478379249573,0.4899999999999999,1,1,COC(=O)[C@@]1(O[C@H]2[C@@H](O[C@@H]3O[C@H](COC(=O)c4ccccc4)[C@H](OC(C)=O)[C@H](OC(C)=O)[C@H]3NC(C)=O)[C@@H](COC(=O)c3ccccc3)OC(OC(=N)C(Cl)(Cl)Cl)[C@@H]2OC(=O)c2ccccc2)C[C@H](OC(C)=O)[C@@H](NC(C)=O)[C@H]([C@H](OC(C)=O)[C@@H](COC(C)=O)OC(C)=O)O1,CC(=O)N[C@H]1[C@H](O[C@@H]2[C@H](O[C@@H]3O[C@H](COCc4ccccc4)[C@@H](O)[C@H](OCc4ccccc4)[C@H]3NC(C)=O)[C@@H](OCc3ccccc3)[C@H](O[C@H]3[C@H](OCc4ccccc4)[C@@H](OCc4ccccc4)[C@H](OCC[Si](C)(C)C)O[C@@H]3COCc3ccccc3)O[C@@H]2COCc2ccccc2)O[C@H](COC(C)=O)[C@H](OC(C)=O)[C@@H]1O[C@@H]1O[C@H](COCc2ccccc2)[C@H](OCc2ccccc2)[C@H](OCc2ccccc2)[C@H]1OC(=O)c1ccccc1,chiral_gine,crossattn,1,BC15A87F,trichloroacetimidate,2001
428,31-010-CAS-21359659,test,1,0.9733394384384155,0.4899999999999999,1,1,COC(=O)[C@H]1OC(OC(=N)C(Cl)(Cl)Cl)[C@H](OCc2ccccc2)[C@@H](OCc2ccccc2)[C@@H]1O[C@H]1O[C@H](COC(=O)c2ccccc2)[C@@H](OCc2ccccc2)[C@H](OCc2ccccc2)[C@H]1N=[N+]=[N-],COc1ccc(COC[C@H]2O[C@@H](O[Si](c3ccccc3)(c3ccccc3)C(C)(C)C)[C@H](N=[N+]=[N-])[C@@H](OCc3ccc(OC)cc3)[C@@H]2O)cc1,chiral_gine,crossattn,1,3BBED5B0,trichloroacetimidate,2015
429,31-010-CAS-12041024,test,1,0.9733394384384155,0.4899999999999999,1,1,COC(=O)[C@H]1OC(OC(=N)C(Cl)(Cl)Cl)[C@H](OCc2ccccc2)[C@@H](OCc2ccccc2)[C@@H]1O[C@H]1O[C@H](COC(=O)c2ccccc2)[C@@H](OCc2ccccc2)[C@H](OCc2ccccc2)[C@H]1N=[N+]=[N-],COc1ccc(COC[C@H]2O[C@@H](O[Si](c3ccccc3)(c3ccccc3)C(C)(C)C)[C@H](N=[N+]=[N-])[C@@H](OCc3ccc(OC)cc3)[C@@H]2O)cc1,chiral_gine,crossattn,1,3BBED5B0,trichloroacetimidate,2003
431,31-010-CAS-21359681,test,1,0.9728524684906006,0.4899999999999999,1,1,COC(=O)[C@H]1OC(OC(=N)C(Cl)(Cl)Cl)[C@H](OC(=O)c2ccccc2)[C@@H](OCc2ccccc2)[C@@H]1O[C@H]1O[C@H](COCc2ccc(OC)cc2)[C@@H](OCc2ccccc2)[C@H](OCc2ccccc2)[C@H]1N=[N+]=[N-],COc1ccc(COC[C@H]2O[C@@H](O[Si](c3ccccc3)(c3ccccc3)C(C)(C)C)[C@H](N=[N+]=[N-])[C@@H](OC(=O)c3ccccc3)[C@@H]2O)cc1,chiral_gine,crossattn,1,C9335FED,trichloroacetimidate,2015
432,31-010-CAS-9811894,test,1,0.9728524684906006,0.4899999999999999,1,1,COC(=O)[C@H]1OC(OC(=N)C(Cl)(Cl)Cl)[C@H](OC(=O)c2ccccc2)[C@@H](OCc2ccccc2)[C@@H]1O[C@H]1O[C@H](COCc2ccc(OC)cc2)[C@@H](OCc2ccccc2)[C@H](OCc2ccccc2)[C@H]1N=[N+]=[N-],COc1ccc(COC[C@H]2O[C@@H](O[Si](c3ccccc3)(c3ccccc3)C(C)(C)C)[C@H](N=[N+]=[N-])[C@@H](OC(=O)c3ccccc3)[C@@H]2O)cc1,chiral_gine,crossattn,1,C9335FED,trichloroacetimidate,2003
441,31-010-CAS-8693853,test,1,0.004976519383490086,0.4899999999999999,0,0,N=C(OC1O[C@H](COCc2ccccc2)[C@H](O[C@H]2O[C@H](COCc3ccccc3)[C@H](OCc3ccccc3)[C@H](OCc3ccccc3)[C@H]2OCc2ccccc2)[C@H](OCc2ccccc2)[C@H]1OC(=O)c1ccccc1)C(Cl)(Cl)Cl,[N-]=[N+]=N[C@H]1[C@@H]2OC[C@@H](O2)[C@@H](O)[C@@H]1OCc1ccccc1,chiral_gine,crossattn,1,6F93B8F2,trichloroacetimidate,2011
448,31-010-CAS-13639242,test,0,0.028686784207820892,0.4899999999999999,0,1,COC(=O)[C@@H]1O[C@@H](OC(=N)C(Cl)(Cl)Cl)[C@H](OC(C)=O)[C@@H](OCc2ccccc2)[C@@H]1O[C@H]1O[C@@H]2CO[C@@H](c3ccccc3)O[C@H]2[C@H](OCc2ccccc2)[C@H]1N=[N+]=[N-],C=CCO[C@@H]1O[C@@H](C(=O)OC)[C@@H](O[C@H]2O[C@H](COCc3ccccc3)[C@@H](O)[C@H](OCc3ccccc3)[C@H]2N=[N+]=[N-])[C@H](OCc2ccccc2)[C@H]1OC(C)=O,chiral_gine,crossattn,1,1A28178F,trichloroacetimidate,2001
471,31-010-CAS-6859118,test,0,0.0031216847710311413,0.4899999999999999,0,1,COc1ccc(CO[C@@H]2[C@@H](OC(=N)C(Cl)(Cl)Cl)O[C@H](CO[C@H]3O[C@H](COCc4ccccc4)[C@@H](OCc4ccccc4)[C@H](OCc4ccccc4)[C@@H]3O[C@H]3O[C@H](CO[Si](C)(C)C(C)(C)C)[C@@H](OCc4ccccc4)[C@H](OCc4ccccc4)[C@@H]3OCc3ccccc3)[C@@H](OCc3ccccc3)[C@@H]2OCc2ccccc2)cc1,CCCCCC/C=C\CCCCCCCC(=O)O[C@@H]1[C@H](OCc2ccccc2)[C@@H](OCc2ccccc2)[C@H](OCc2ccccc2)[C@@H](O[C@H]2O[C@H](COCc3ccccc3)[C@@H](O)[C@H](OCc3ccccc3)[C@H]2N=[N+]=[N-])[C@@H]1OP(=O)(OCCC#N)OC[C@@H](COCCCCCCCCCCCCCCCCCC)OC(=O)OCc1ccccc1,chiral_gine,crossattn,1,48B0E328,trichloroacetimidate,2008
475,31-010-CAS-6246955,test,0,0.011264385655522346,0.4899999999999999,0,1,CC(C)[Si](F)(O[Si](O[C@H]1[C@H](O[C@H]2O[C@H](COCc3ccccc3)[C@H](OCc3ccccc3)[C@H](OCc3ccccc3)[C@H]2OCc2ccccc2)[C@H](OC(=O)c2ccccc2)[C@@H](OC(=N)C(Cl)(Cl)Cl)O[C@@H]1CO[C@H]1O[C@H](COC(=O)c2ccccc2)[C@@H](OC(=O)c2ccccc2)[C@H](OC(=O)c2ccccc2)[C@@H]1OC(=O)c1ccccc1)(C(C)C)C(C)C)C(C)C,CCCCCCCCS[C@H]1O[C@H](COCc2ccccc2)[C@@H](O)[C@H](OCc2ccccc2)[C@H]1N=[N+]=[N-],chiral_gine,crossattn,1,0A01DBF8,trichloroacetimidate,2011
483,31-010-CAS-5827902,test,0,0.021020883694291115,0.4899999999999999,0,1,CC(C)[Si](OC[C@H]1O[C@H](O[C@@H]2[C@@H](OC[C@H]3O[C@H](OC(=N)C(Cl)(Cl)Cl)[C@@H](OCc4ccccc4)[C@@H](OCc4ccccc4)[C@@H]3OCc3ccccc3)O[C@H](COCc3ccccc3)[C@@H](OCc3ccccc3)[C@@H]2OCc2ccccc2)[C@@H](O[C@H]2O[C@H](COCc3ccccc3)[C@@H](OCc3ccccc3)[C@H](OCc3ccccc3)[C@@H]2OCc2ccccc2)[C@@H](OCc2ccccc2)[C@@H]1OCc1ccccc1)(C(C)C)C(C)C,CC1(C)O[C@@H]2[C@H](OCc3ccccc3)[C@@H](OCc3ccccc3)[C@H](OCc3ccccc3)[C@@H](O[C@H]3O[C@H](COCc4ccccc4)[C@@H](O)[C@H](OCc4ccccc4)[C@H]3N=[N+]=[N-])[C@@H]2O1,chiral_gine,crossattn,1,FF9ECEDA,trichloroacetimidate,2004
484,31-010-CAS-13993703,test,0,0.04194949194788933,0.4899999999999999,0,1,CC(C)[Si](OC[C@H]1O[C@H](O[C@@H]2[C@@H](OC[C@H]3O[C@H](OC(=N)C(Cl)(Cl)Cl)[C@@H](OCc4ccccc4)[C@@H](OCc4ccccc4)[C@@H]3OCc3ccccc3)O[C@H](COCc3ccccc3)[C@@H](OCc3ccccc3)[C@@H]2OCc2ccccc2)[C@@H](O[C@H]2O[C@H](COCc3ccccc3)[C@@H](OCc3ccccc3)[C@H](OCc3ccccc3)[C@@H]2OCc2ccccc2)[C@@H](OCc2ccccc2)[C@@H]1OCc1ccccc1)(C(C)C)C(C)C,CC1(C)O[C@@H]2[C@H](OCc3ccccc3)[C@@H](OCc3ccccc3)[C@H](OCc3ccccc3)[C@@H](O[C@H]3O[C@H](COCc4ccccc4)[C@@H](O)[C@H](OCc4ccccc4)[C@H]3N=[N+]=[N-])[C@@H]2O1,chiral_gine,crossattn,1,FF9ECEDA,trichloroacetimidate,2002
504,31-010-CAS-10204303,test,1,0.9737827777862549,0.4899999999999999,1,1,CC(=O)OC[C@H]1O[C@H](OC[C@H]2O[C@@H](O[C@H]3[C@H](OC(C)=O)[C@@H](N4C(=O)c5ccccc5C4=O)[C@H](OC(=N)C(Cl)(Cl)Cl)O[C@@H]3COC(C)=O)[C@@H](OC(C)=O)[C@@H](O[C@H]3O[C@H](COC(C)=O)[C@@H](OC(C)=O)[C@H](OC(C)=O)[C@@H]3O[C@@H]3O[C@H](COC(C)=O)[C@@H](OC(C)=O)[C@H](OC(C)=O)[C@H]3N3C(=O)c4ccccc4C3=O)[C@@H]2OC(C)=O)[C@@H](OC(C)=O)[C@@H](OC(C)=O)[C@@H]1OC(C)=O,COc1ccc(CO[C@H]2[C@H](O)[C@@H](CO[C@@H]3O[C@@H](C)[C@@H](OC(C)=O)[C@@H](OC(C)=O)[C@@H]3OCc3ccccc3)O[C@@H](OCc3ccccc3)[C@@H]2N2C(=O)c3ccccc3C2=O)cc1,chiral_gine,crossattn,1,8E82682F,trichloroacetimidate,2007
511,31-010-CAS-1044733,test,1,0.9812756776809692,0.4899999999999999,1,1,CCOC(=O)[C@@H](C)O[C@H]1[C@H](O[C@@H]2O[C@@H]3CO[C@@H](c4ccccc4)O[C@H]3[C@H](OCc3ccccc3)[C@H]2NC(=O)OCC(Cl)(Cl)Cl)[C@@H](COCc2ccccc2)OC(OC(=N)C(Cl)(Cl)Cl)[C@@H]1NC(=O)OCC(Cl)(Cl)Cl,C=CCO[C@H]1O[C@H](COCc2ccccc2)[C@@H](O[C@@H]2O[C@H](COCc3ccccc3)[C@@H](O)[C@H](OCc3ccccc3)[C@H]2NC(=O)OCC(Cl)(Cl)Cl)[C@H](O[C@H](C)C(=O)OCC)[C@H]1NC(=O)OCC(Cl)(Cl)Cl,chiral_gine,crossattn,1,7D9BB153,trichloroacetimidate,2006
515,31-010-CAS-878517,test,1,0.9712122678756714,0.4899999999999999,1,1,CC(C)(C)[Si](C)(C)O[C@@H]1[C@H](OCc2ccccc2)[C@H](O[C@H]2[C@H](OCc3ccccc3)[C@@H](N=[N+]=[N-])[C@@H](OC(=N)C(Cl)(Cl)Cl)O[C@@H]2COCc2ccccc2)O[C@@H]2CO[C@@H](c3ccccc3)O[C@@H]12,C=CCCCO[C@@H]1O[C@H](COCc2ccccc2)[C@@H](O)[C@H](OCc2ccccc2)[C@H]1N=[N+]=[N-],chiral_gine,crossattn,1,ABD03402,trichloroacetimidate,2003
530,31-010-CAS-10263463,test,1,0.9669348001480103,0.4899999999999999,1,1,CC(=O)OC[C@H]1O[C@H](O[C@H]2[C@H](OCc3ccccc3)[C@@H](OC(=O)c3ccccc3)C(OC(=N)C(Cl)(Cl)Cl)O[C@@H]2COC(=O)CCl)[C@H](N=[N+]=[N-])[C@@H](OCc2ccccc2)[C@@H]1OC(=O)OCC1c2ccccc2-c2ccccc21,COc1ccc(O[C@@H]2O[C@H](COC(=O)CCl)[C@@H](O[C@H]3O[C@H](COC(C)=O)[C@@H](O[C@@H]4O[C@H](COC(=O)CCl)[C@@H](O[C@H]5O[C@H](COC(C)=O)[C@@H](O)[C@H](OCc6ccccc6)[C@H]5N=[N+]=[N-])[C@H](OCc5ccccc5)[C@H]4OC(=O)c4ccccc4)[C@H](OCc4ccccc4)[C@H]3N=[N+]=[N-])[C@H](OCc3ccccc3)[C@H]2OC(=O)c2ccccc2)cc1,chiral_gine,crossattn,1,31D01B64,trichloroacetimidate,2013
533,31-010-CAS-15475722,test,0,0.00013450733968056738,0.4899999999999999,0,1,COC(=O)[C@@H]1OC(OC(=N)C(Cl)(Cl)Cl)[C@H](OC(=O)C(C)(C)C)[C@@H](OCc2ccccc2)[C@@H]1O[C@H]1O[C@@H]2CO[C@@H](c3ccccc3)O[C@H]2[C@H](OCc2ccccc2)[C@H]1N=[N+]=[N-],CC(C)O[C@H]1O[C@H](COC(=O)c2ccccc2)[C@@H](O)[C@H](OCc2ccccc2)[C@H]1N=[N+]=[N-],chiral_gine,crossattn,1,0549A48A,trichloroacetimidate,2012
539,31-010-CAS-15140208,test,1,0.9662321209907532,0.4899999999999999,1,1,CC(=O)OC[C@H]1O[C@H](O[C@H]2[C@H](OCc3ccccc3)[C@@H](OC(=O)c3ccccc3)C(OC(=N)C(Cl)(Cl)Cl)O[C@@H]2COC(=O)CCl)[C@H](N=[N+]=[N-])[C@@H](OCc2ccccc2)[C@@H]1OC(=O)OCC1c2ccccc2-c2ccccc21,COc1ccc(O[C@@H]2O[C@H](COC(=O)CCl)[C@@H](O[C@H]3O[C@H](COC(C)=O)[C@@H](O)[C@H](OCc4ccccc4)[C@H]3N=[N+]=[N-])[C@H](OCc3ccccc3)[C@H]2OC(=O)c2ccccc2)cc1,chiral_gine,crossattn,1,72E833F7,trichloroacetimidate,2013
540,31-010-CAS-14143291,test,1,0.9669208526611328,0.4899999999999999,1,1,CC(=O)OC[C@H]1O[C@H](O[C@H]2[C@H](OCc3ccccc3)[C@@H](OC(=O)c3ccccc3)C(OC(=N)C(Cl)(Cl)Cl)O[C@@H]2COC(=O)CCl)[C@H](N=[N+]=[N-])[C@@H](OCc2ccccc2)[C@@H]1OC(=O)OCC1c2ccccc2-c2ccccc21,COc1ccc(O[C@@H]2O[C@@H](COC(=O)CCl)[C@@H](O[C@H]3O[C@H](COC(C)=O)[C@@H](O[C@@H]4O[C@@H](COC(=O)CCl)[C@@H](O[C@H]5O[C@H](COC(C)=O)[C@@H](O)[C@H](OCc6ccccc6)[C@H]5N=[N+]=[N-])[C@H](OCc5ccccc5)[C@H]4OC(=O)c4ccccc4)[C@H](OCc4ccccc4)[C@H]3N=[N+]=[N-])[C@H](OCc3ccccc3)[C@H]2OC(=O)c2ccccc2)cc1,chiral_gine,crossattn,1,D0431E64,trichloroacetimidate,2013
544,31-010-CAS-14482114,test,0,0.0021812061313539743,0.4899999999999999,0,1,CC(=O)OC[C@H]1O[C@H](O[C@H]2[C@H](OCc3ccccc3)[C@@H](OC(=O)c3ccccc3)C(OC(=N)C(Cl)(Cl)Cl)O[C@H]2COC(=O)CCl)[C@H](N=[N+]=[N-])[C@@H](OCc2ccccc2)[C@@H]1OC(=O)OCC1c2ccccc2-c2ccccc21,COc1ccc(O[C@@H]2O[C@H](COC(=O)CCl)[C@@H](O[C@H]3O[C@H](COC(C)=O)[C@@H](O[C@@H]4O[C@@H](COC(=O)CCl)[C@@H](O[C@H]5O[C@H](COC(C)=O)[C@@H](O)[C@H](OCc6ccccc6)[C@H]5N=[N+]=[N-])[C@H](OCc5ccccc5)[C@H]4OC(=O)c4ccccc4)[C@H](OCc4ccccc4)[C@H]3N=[N+]=[N-])[C@H](OCc3ccccc3)[C@H]2OC(=O)c2ccccc2)cc1,chiral_gine,crossattn,1,39687087,trichloroacetimidate,2013
545,31-010-CAS-16396095,test,1,0.9748446941375732,0.4899999999999999,1,1,CC(=O)O[C@H]1[C@H](OCc2ccccc2)[C@@H](N2C(=O)c3ccccc3C2=O)[C@H](O[C@H]2[C@H](OCc3ccccc3)[C@@H](N3C(=O)c4ccccc4C3=O)[C@H](OC(=N)C(Cl)(Cl)Cl)O[C@@H]2COCc2ccccc2)O[C@@H]1COCc1ccccc1,[N-]=[N+]=NCCO[C@@H]1O[C@H](COCc2ccccc2)[C@@H](O[C@@H]2O[C@H](COCc3ccccc3)[C@@H](O[C@@H]3O[C@H](COCc4ccccc4)[C@@H](O)[C@H](OCc4ccccc4)[C@H]3N3C(=O)c4ccccc4C3=O)[C@H](OCc3ccccc3)[C@H]2N2C(=O)c3ccccc3C2=O)[C@H](OCc2ccccc2)[C@H]1N1C(=O)c2ccccc2C1=O,chiral_gine,crossattn,1,F3221014,trichloroacetimidate,2015
559,31-010-CAS-12809730,test,0,0.0016312407096847892,0.4899999999999999,0,1,CC(=O)OC[C@@H]1OC(OC(=N)C(Cl)(Cl)Cl)[C@H](OC(=O)c2ccccc2)[C@@H](OCc2ccccc2)[C@@H]1O[C@H]1O[C@H](COC(=O)c2ccccc2)[C@@H](OCc2ccc3ccccc3c2)[C@H](OCc2ccccc2)[C@H]1N=[N+]=[N-],CO[C@H]1O[C@H](COC(=O)c2ccccc2)[C@@H](O)[C@H](OCc2ccccc2)[C@H]1N=[N+]=[N-],chiral_gine,crossattn,1,2CDD3BDF,trichloroacetimidate,2004
565,31-010-CAS-5089795,test,0,0.006060028448700905,0.4899999999999999,0,1,O=C(OC[C@H]1OC(OC(=Nc2ccccc2)C(F)(F)F)[C@H](OCc2ccccc2)[C@@H](OCc2ccccc2)[C@@H]1OCc1ccccc1)c1ccccc1,CO[C@H]1O[C@H](COCc2ccccc2)[C@H](O)[C@H](OC(C)=O)[C@H]1N=[N+]=[N-],chiral_gine,crossattn,1,DF6C8006,trifluoroacetimidate,2006
568,31-010-CAS-6229676,test,0,0.0006235576584003866,0.4899999999999999,0,1,CC(=O)O[C@@H]1[C@@H](O[C@@H]2C(OC(=Nc3ccccc3)C(F)(F)F)O[C@H](C)[C@@H](N=[N+]=[N-])[C@@H]2OCc2ccccc2)O[C@H](C)[C@@H](N=[N+]=[N-])[C@@H]1OCc1ccccc1,CCS[C@H]1O[C@H](C)[C@@H](N=[N+]=[N-])[C@H](OCc2ccccc2)[C@@H]1O[C@H]1O[C@H](C)[C@@H](N=[N+]=[N-])[C@H](OCc2ccccc2)[C@@H]1O,chiral_gine,crossattn,1,EF7200E0,trifluoroacetimidate,2013
588,31-010-CAS-8250667,test,1,0.9561282992362976,0.4899999999999999,1,1,COC(=O)O[C@H]1C(OC(=Nc2ccccc2)C(F)(F)F)O[C@H](COCc2ccccc2)[C@H](OCc2ccccc2)[C@@H]1OCc1ccccc1,C=CCOC(=O)O[C@H]1[C@H](O)[C@@H](COCc2ccccc2)O[C@@H](O[Si](C)(C)C(C)(C)C)[C@@H]1NC(=O)OCC(Cl)(Cl)Cl,chiral_gine,crossattn,1,6307930D,trifluoroacetimidate,2004
594,31-013-CAS-5629637,test,0,0.03185579553246498,0.4899999999999999,0,1,C[C@@H]1O[C@H](OC(=Nc2ccccc2)C(F)(F)F)[C@@H](OCc2ccccc2)[C@H](OCc2ccccc2)[C@@H]1OCc1ccccc1,CC(C)(C)[Si](O[C@@H]1O[C@H](COCc2ccccc2)[C@@H](O)[C@H](OC(=O)OCc2ccccc2)[C@H]1NC(=O)OCC(Cl)(Cl)Cl)(c1ccccc1)c1ccccc1,chiral_gine,crossattn,1,C689E07A,trifluoroacetimidate,2007
613,31-013-CAS-12466161,test,1,0.9802137017250061,0.4899999999999999,1,1,[N-]=[N+]=Nc1ccc(CO[C@H]2[C@@H]3O[C@H](c4ccccc4)OC[C@H]3OC(OC(=Nc3ccccc3)C(F)(F)F)[C@H]2OCc2ccccc2)cc1Cl,C=CCO[C@H]1O[C@H](COCc2ccccc2)[C@@H](O)[C@H](OCc2ccccc2)[C@H]1NC(=O)OCC(Cl)(Cl)Cl,chiral_gine,crossattn,1,9CC2B1EC,trifluoroacetimidate,2009
615,31-010-CAS-22654654,test,0,0.0009802441345527768,0.4899999999999999,0,1,CC(C)[Si](O[C@@H]1[C@H](OC(=Nc2ccccc2)C(F)(F)F)O[C@@H](C)[C@@H](OC(=O)c2ccccc2)[C@H]1OC(=O)c1ccccc1)(C(C)C)C(C)C,CC(=O)OC[C@H]1O[C@@H](O[C@H]2[C@H](O)[C@@H](CO[Si](c3ccccc3)(c3ccccc3)C(C)(C)C)O[C@@H](O[C@@H]3[C@@H](OC(=O)c4ccccc4)[C@H](C)O[C@@H](Oc4ccc(OCCCl)cc4)[C@@H]3OC(=O)c3ccccc3)[C@@H]2NC(=O)C(F)(F)F)[C@H](OC(C)=O)[C@@H](OC(C)=O)[C@H]1OC(C)=O,chiral_gine,crossattn,1,CA1431E2,trifluoroacetimidate,2020
620,31-010-CAS-21471849,test,1,0.9718272686004639,0.4899999999999999,1,1,C=CCO[C@H]1[C@H]2O[C@@H](c3ccccc3)OC[C@H]2OC(OC(=Nc2ccccc2)C(F)(F)F)[C@@H]1OC(=O)c1ccccc1,[N-]=[N+]=NCCCO[C@@H]1O[C@H](COC(=O)c2ccccc2)[C@@H](O[C@@H]2O[C@H](COC(=O)c3ccccc3)[C@H](O)[C@H](O[C@@H]3O[C@H](COCc4ccccc4)[C@@H](O)[C@H](OCc4ccccc4)[C@H]3N3C(=O)c4ccccc4C3=O)[C@H]2OC(=O)c2ccccc2)[C@H](OC(=O)c2ccccc2)[C@H]1OC(=O)c1ccccc1,chiral_gine,crossattn,1,47B92A91,trifluoroacetimidate,2019
623,31-614-CAS-40997648,test,1,0.9761252999305725,0.4899999999999999,1,1,CC(=O)O[C@@H]1[C@@H](OC[C@H]2O[C@@H](O[C@H]3[C@H](OCc4ccccc4)[C@@H](N4C(=O)c5ccccc5C4=O)[C@H](OC(=Nc4ccccc4)C(F)(F)F)O[C@@H]3COCc3ccccc3)[C@@H](OCc3ccccc3)[C@@H](O[C@H]3O[C@H](COCc4ccccc4)[C@@H](OCc4ccccc4)[C@H](OCc4ccccc4)[C@@H]3OC(C)=O)[C@@H]2OCc2ccccc2)O[C@H](COCc2ccccc2)[C@@H](OCc2ccccc2)[C@@H]1OCc1ccccc1,COc1ccc(O[C@@H]2O[C@H](COCc3ccccc3)[C@@H](O)[C@H](OCc3ccccc3)[C@H]2N2C(=O)c3ccccc3C2=O)cc1,chiral_gine,crossattn,1,3A6F3850,trifluoroacetimidate,2024
630,31-010-CAS-11999440,test,1,0.9677395224571228,0.4899999999999999,1,1,COC(=O)[C@@]1(O[C@H]2[C@@H](OCc3ccccc3)[C@@H](COCc3ccccc3)OC(OC(=Nc3ccccc3)C(F)(F)F)[C@@H]2OC(C)=O)C[C@H](OC(C)=O)[C@@H](NC(=O)OCC(Cl)(Cl)Cl)[C@H]([C@H](OC(C)=O)[C@@H](COC(C)=O)OC(C)=O)O1,C=CCOC(=O)NCCCCCCO[C@@H]1O[C@H](COCc2ccccc2)[C@@H](O[C@@H]2O[C@H](COCc3ccccc3)[C@H](OCc3ccccc3)[C@H](O[C@@H]3O[C@H](COCc4ccccc4)[C@@H](O)[C@H](OC(=O)CCC(C)=O)[C@H]3NC(=O)C(Cl)(Cl)Cl)[C@H]2OC(=O)c2ccccc2)[C@H](OC(=O)c2ccccc2)[C@H]1OC(=O)c1ccccc1,chiral_gine,crossattn,1,E62B8CC1,trifluoroacetimidate,2007
641,31-010-CAS-21471846,test,1,0.9691624641418457,0.4899999999999999,1,1,COC(=O)[C@@]1(O[C@H]2[C@@H](OC(=O)c3ccccc3)[C@@H](COC(=O)c3ccccc3)OC(OC(=Nc3ccccc3)C(F)(F)F)[C@@H]2OC(=O)c2ccccc2)C[C@H](OC(C)=O)[C@@H](NC(C)=O)[C@H]([C@H](OC(C)=O)[C@@H](COC(C)=O)OC(C)=O)O1,[N-]=[N+]=NCCCO[C@@H]1O[C@H](COC(=O)c2ccccc2)[C@@H](O[C@@H]2O[C@H](COC(=O)c3ccccc3)[C@H](O)[C@H](O[C@@H]3O[C@H](COCc4ccccc4)[C@@H](O)[C@H](OCc4ccccc4)[C@H]3N3C(=O)c4ccccc4C3=O)[C@H]2OC(=O)c2ccccc2)[C@H](OC(=O)c2ccccc2)[C@H]1OC(=O)c1ccccc1,chiral_gine,crossattn,1,414A6982,trifluoroacetimidate,2019
648,31-614-CAS-35275413,test,1,0.9923267960548401,0.4899999999999999,1,1,[N-]=[N+]=Nc1ccc(CO[C@@H]2[C@H](OCc3ccccc3)[C@H](O[C@H]3[C@H](OCc4ccccc4)[C@@H](NC(=O)OCC(Cl)(Cl)Cl)C(OC(=Nc4ccccc4)C(F)(F)F)O[C@@H]3COCc3ccccc3)O[C@@H]3CO[C@@H](c4ccccc4)O[C@@H]23)cc1Cl,C=CCOC(=O)[C@H](CC(=O)N[C@@H]1O[C@H](COCc2ccccc2)[C@@H](O)[C@H](OCc2ccccc2)[C@H]1NC(=O)OCC(Cl)(Cl)Cl)NC(=O)OCc1ccccc1,chiral_gine,crossattn,1,1FC10DA4,trifluoroacetimidate,2021
655,31-013-CAS-14145593,test,0,0.001037841779179871,0.4899999999999999,0,1,CCS[C@H]1O[C@H](C)[C@@H](N=[N+]=[N-])[C@H](OCc2ccccc2)[C@@H]1O[C@H]1O[C@H](C)[C@@H](N=[N+]=[N-])[C@H](OCc2ccccc2)[C@@H]1OC(C)=O,CO[C@H]1O[C@H](C)[C@@H](N=[N+]=[N-])[C@H](OCc2ccccc2)[C@@H]1O,chiral_gine,crossattn,1,5F5B7B84,thioglycoside,1989
656,31-013-CAS-22581512,test,0,0.009303180500864983,0.4899999999999999,0,1,CCS[C@H]1O[C@H](C)[C@@H](N=[N+]=[N-])[C@H](OCc2ccccc2)[C@@H]1OC(=O)c1ccccc1,C[C@H]1O[C@H](OCC[Si](C)(C)C)[C@@H](O)[C@@H](OCc2ccccc2)[C@@H]1N=[N+]=[N-],chiral_gine,crossattn,1,64EA3C26,thioglycoside,2019
657,31-013-CAS-9001704,test,0,0.07665594667196274,0.4899999999999999,0,1,CCS[C@H]1O[C@H](CI)[C@@H](OC)[C@H](OCc2ccccc2)[C@H]1N=[N+]=[N-],CO[C@H]1O[C@H](CI)[C@@H](O)[C@H](OCc2ccccc2)[C@H]1N=[N+]=[N-],chiral_gine,crossattn,1,A27828AE,thioglycoside,2012
661,31-013-CAS-20074834,test,0,0.004051866475492716,0.4899999999999999,0,1,CC(=O)O[C@H]1[C@@H](OCc2ccccc2)[C@H](N=[N+]=[N-])[C@@H](C)O[C@@H]1Sc1ccc(C)cc1,CO[C@H]1O[C@H](C)[C@@H](N=[N+]=[N-])[C@H](OCc2ccccc2)[C@@H]1O[C@H]1O[C@H](C)[C@@H](N=[N+]=[N-])[C@H](OCc2ccccc2)[C@@H]1O[C@H]1O[C@H](C)[C@@H](N=[N+]=[N-])[C@H](OCc2ccccc2)[C@@H]1O[C@H]1O[C@H](C)[C@@H](N=[N+]=[N-])[C@H](OCc2ccccc2)[C@@H]1O,chiral_gine,crossattn,1,8224EFB7,thioglycoside,2018
662,31-013-CAS-17381412,test,0,0.003187759779393673,0.4899999999999999,0,1,CC(=O)O[C@H]1[C@@H](OCc2ccccc2)[C@H](N=[N+]=[N-])[C@@H](C)O[C@@H]1Sc1ccc(C)cc1,CO[C@H]1O[C@H](C)[C@@H](N=[N+]=[N-])[C@H](OCc2ccccc2)[C@@H]1O[C@H]1O[C@H](C)[C@@H](N=[N+]=[N-])[C@H](OCc2ccccc2)[C@@H]1O[C@H]1O[C@H](C)[C@@H](N=[N+]=[N-])[C@H](OCc2ccccc2)[C@@H]1O[C@H]1O[C@H](C)[C@@H](N=[N+]=[N-])[C@H](OCc2ccccc2)[C@@H]1O,chiral_gine,crossattn,1,8224EFB7,thioglycoside,2017
679,31-013-CAS-20074845,test,0,0.0028445199131965637,0.4899999999999999,0,1,CCS[C@H]1O[C@H](C)[C@@H](N=[N+]=[N-])[C@H](OCc2ccccc2)[C@@H]1O[C@H]1O[C@H](C)[C@@H](N=[N+]=[N-])[C@H](OC(=O)c2ccccc2)[C@@H]1OC(=O)c1ccccc1,COC(=O)CCCCCO[C@H]1O[C@H](C)[C@@H](N=[N+]=[N-])[C@H](OCc2ccccc2)[C@@H]1O,chiral_gine,crossattn,1,F9DE3B56,thioglycoside,2018
680,31-013-CAS-17381425,test,0,0.00536548625677824,0.4899999999999999,0,1,CCS[C@H]1O[C@H](C)[C@@H](N=[N+]=[N-])[C@H](OCc2ccccc2)[C@@H]1O[C@H]1O[C@H](C)[C@@H](N=[N+]=[N-])[C@H](OC(=O)c2ccccc2)[C@@H]1OC(=O)c1ccccc1,COC(=O)CCCCCO[C@H]1O[C@H](C)[C@@H](N=[N+]=[N-])[C@H](OCc2ccccc2)[C@@H]1O,chiral_gine,crossattn,1,F9DE3B56,thioglycoside,2017
682,31-013-CAS-4038549,test,0,0.00257346429862082,0.4899999999999999,0,1,CCSC1O[C@H]2COC(C)(C)O[C@H]2[C@H](OCc2ccccc2)[C@H]1OC(=O)c1ccccc1,[N-]=[N+]=N[C@H]1[C@@H]2OC[C@@H](O2)[C@@H](O)[C@@H]1OCc1ccccc1,chiral_gine,crossattn,1,60A7C97F,thioglycoside,2010
683,31-013-CAS-22198141,test,0,0.010441494174301624,0.4899999999999999,0,1,CC(=O)O[C@@H]1[C@@H](OCc2ccccc2)[C@@H]2O[C@H](c3ccccc3)OC[C@@H]2O[C@H]1Sc1ccc(C)cc1,CO[C@H]1O[C@H](COC(C)=O)[C@@H](O)[C@H](OCc2ccccc2)[C@H]1N=[N+]=[N-],chiral_gine,crossattn,1,FEEF1A73,thioglycoside,2020
688,31-013-CAS-308870,test,0,0.8044806122779846,0.4899999999999999,1,0,COc1ccc(S[C@H]2O[C@@H]3CO[C@@H](c4ccccc4)O[C@H]3[C@H](OCc3ccccc3)[C@@H]2N=[N+]=[N-])cc1,CC(C)(C)[Si](C)(C)O[C@@H]1O[C@H](COCc2ccccc2)[C@@H](O)[C@H](OCc2ccccc2)[C@H]1N=[N+]=[N-],chiral_gine,crossattn,1,094C5AFE,thioglycoside,2005
692,31-013-CAS-7066819,test,0,0.10612791031599045,0.4899999999999999,0,1,C[C@H]1O[C@@H](Sc2ccccc2)[C@H](OCc2ccccc2)[C@@H](OCc2ccccc2)[C@H]1N=[N+]=[N-],COC(=O)[C@H]1O[C@H](Sc2ccccc2)[C@@H](N=[N+]=[N-])[C@@H](OCc2ccccc2)[C@@H]1O,chiral_gine,crossattn,1,4355CBFE,thioglycoside,2007
697,31-013-CAS-15171815,test,0,0.0015247296541929245,0.4899999999999999,0,1,CCS[C@H]1O[C@H](C)[C@@H](N=[N+]=[N-])[C@H](OCc2ccccc2)[C@@H]1O[C@H]1O[C@H](C)[C@@H](N=[N+]=[N-])[C@H](OCc2ccccc2)[C@@H]1O[C@H]1O[C@H](C)[C@@H](N=[N+]=[N-])[C@H](OCc2ccccc2)[C@@H]1O[C@H]1O[C@H](C)[C@@H](N=[N+]=[N-])[C@H](OCc2ccccc2)[C@@H]1OC(C)=O,COC(=O)CCCCCO[C@H]1O[C@H](C)[C@@H](N=[N+]=[N-])[C@H](OCc2ccccc2)[C@@H]1O[C@H]1O[C@H](C)[C@@H](N=[N+]=[N-])[C@H](OCc2ccccc2)[C@@H]1O,chiral_gine,crossattn,1,94455C24,thioglycoside,2005
700,31-013-CAS-14695973,test,0,0.0017143427394330502,0.4899999999999999,0,1,CCS[C@H]1O[C@H](C)[C@@H](N=[N+]=[N-])[C@H](OCc2ccccc2)[C@@H]1O[C@H]1O[C@H](C)[C@@H](N=[N+]=[N-])[C@H](OCc2ccccc2)[C@@H]1OC(=O)c1ccccc1,COC(=O)CCCCCO[C@H]1O[C@H](C)[C@@H](N=[N+]=[N-])[C@H](OCc2ccccc2)[C@@H]1O[C@H]1O[C@H](C)[C@@H](N=[N+]=[N-])[C@H](OCc2ccccc2)[C@@H]1O[C@H]1O[C@H](C)[C@@H](N=[N+]=[N-])[C@H](OCc2ccccc2)[C@@H]1O,chiral_gine,crossattn,1,F3F8239C,thioglycoside,2014
719,31-013-CAS-18792530,test,0,0.0019331226358190179,0.4899999999999999,0,1,CCSC1O[C@H]2CO[C@@H](c3ccccc3)O[C@H]2[C@H](OCc2ccccc2)[C@H]1OC(C)=O,CC(=O)OC[C@H]1OC(OCc2ccccc2)[C@H](N=[N+]=[N-])[C@@H](OCc2ccccc2)[C@@H]1O,chiral_gine,crossattn,1,690CE6C6,thioglycoside,2014
720,31-013-CAS-13505033,test,0,0.0034224765840917826,0.4899999999999999,0,1,CCSC1O[C@H]2CO[C@@H](c3ccccc3)O[C@H]2[C@H](OCc2ccccc2)[C@H]1OC(C)=O,CC(=O)OC[C@H]1OC(OCc2ccccc2)[C@H](N=[N+]=[N-])[C@@H](OCc2ccccc2)[C@@H]1O,chiral_gine,crossattn,1,690CE6C6,thioglycoside,2013
721,31-013-CAS-13132878,test,0,0.002773889573290944,0.4899999999999999,0,1,CCSC1O[C@H]2CO[C@@H](c3ccccc3)O[C@H]2[C@H](OCc2ccccc2)[C@H]1OC(C)=O,CC(=O)OC[C@H]1OC(OCc2ccccc2)[C@H](N=[N+]=[N-])[C@@H](OCc2ccccc2)[C@@H]1O,chiral_gine,crossattn,1,690CE6C6,thioglycoside,2012
722,31-013-CAS-21359610,test,0,0.0008801915100775659,0.4899999999999999,0,1,COc1ccc(COC[C@@H]2O[C@H](Sc3ccc(C)cc3)[C@H](OC(=O)c3ccccc3)[C@@H](OCc3ccccc3)[C@@H]2OC(=O)CCC(C)=O)cc1,CO[C@H]1O[C@H](COC(=O)c2ccccc2)[C@@H](O)[C@H](OCc2ccccc2)[C@H]1N=[N+]=[N-],chiral_gine,crossattn,1,40DBBC3D,thioglycoside,2015
723,31-013-CAS-7463166,test,0,0.0008801915100775659,0.4899999999999999,0,1,COc1ccc(COC[C@@H]2O[C@H](Sc3ccc(C)cc3)[C@H](OC(=O)c3ccccc3)[C@@H](OCc3ccccc3)[C@@H]2OC(=O)CCC(C)=O)cc1,CO[C@H]1O[C@H](COC(=O)c2ccccc2)[C@@H](O)[C@H](OCc2ccccc2)[C@H]1N=[N+]=[N-],chiral_gine,crossattn,1,40DBBC3D,thioglycoside,2003
739,31-013-CAS-10316632,test,0,0.0015905458712950349,0.4899999999999999,0,1,CCSC1O[C@@H](COC(C)=O)[C@@H](OC(C)=O)[C@H](OC)[C@H]1OC(C)=O,C#CCCCO[C@@H]1O[C@H](CO[Si](c2ccccc2)(c2ccccc2)C(C)(C)C)[C@@H](O)[C@H](OCc2ccccc2)[C@H]1N=[N+]=[N-],chiral_gine,crossattn,1,08B68F55,thioglycoside,2010
807,31-013-CAS-1407934,test,0,0.8886414170265198,0.4899999999999999,1,0,CCS[C@@H]1O[C@H]2CO[C@@H](c3ccccc3)O[C@H]2[C@H](OCc2ccccc2)[C@H]1OC(=O)CCC(C)=O,CC(=O)CCC(=O)OC[C@H]1O[C@@H](O[Si](C)(C)C(C)(C)C(C)C)[C@H](N=[N+]=[N-])[C@@H](OCc2ccccc2)[C@@H]1O,chiral_gine,crossattn,1,6D8F7045,thioglycoside,2013
831,31-013-CAS-1278764,test,0,0.001542957266792655,0.4899999999999999,0,1,COC(=O)[C@@H]1O[C@@H](Sc2ccccc2)[C@H](OC(=O)c2ccccc2)[C@@H](OCc2ccccc2)[C@@H]1O[C@H]1O[C@H](COCc2ccccc2)[C@@H](O[C@@H]2O[C@@H](C(=O)OC)[C@@H](O[C@H]3O[C@H](COCc4ccccc4)[C@@H](OC(=O)C(Cl)(Cl)Cl)[C@H](OCc4ccccc4)[C@H]3N=[N+]=[N-])[C@H](OCc3ccccc3)[C@H]2OC(=O)c2ccccc2)[C@H](OCc2ccccc2)[C@H]1N=[N+]=[N-],COC(=O)[C@@H]1O[C@@H](OC[C@@H](COCc2ccccc2)OCc2ccccc2)[C@H](OC(=O)c2ccccc2)[C@@H](OCc2ccccc2)[C@@H]1O[C@H]1O[C@H](COCc2ccccc2)[C@@H](O[C@@H]2O[C@@H](C(=O)OC)[C@@H](O[C@H]3O[C@H](COCc4ccccc4)[C@@H](O)[C@H](OCc4ccccc4)[C@H]3N=[N+]=[N-])[C@H](OCc3ccccc3)[C@H]2OC(=O)c2ccccc2)[C@H](OCc2ccccc2)[C@H]1N=[N+]=[N-],chiral_gine,crossattn,1,F9CF2785,thioglycoside,2014
833,31-013-CAS-20818633,test,0,0.0019907355308532715,0.4899999999999999,0,1,COC(=O)[C@@H]1O[C@@H](Sc2ccccc2)[C@H](OC(=O)c2ccccc2)[C@@H](OCc2ccccc2)[C@@H]1O[C@H]1O[C@H](COCc2ccccc2)[C@@H](OCc2ccc(OC)cc2)[C@H](OCc2ccccc2)[C@H]1N=[N+]=[N-],[N-]=[N+]=N[C@H]1[C@@H](O[C@H]2[C@H](OCc3ccccc3)[C@H]3OC(=O)[C@@H]2O[C@@H]3Sc2ccccc2)O[C@H](COCc2ccccc2)[C@@H](O)[C@@H]1OCc1ccccc1,chiral_gine,crossattn,1,FE4691B9,thioglycoside,2019
837,31-614-CAS-38307143,test,1,0.9524576663970947,0.4899999999999999,1,1,CCS[C@@H]1O[C@H](COC(C)=O)[C@H](OC(C)=O)[C@H](OC(C)=O)[C@H]1OC(C)=O,CC(=O)N[C@H]1[C@H](OCCCNC(=O)C(F)(F)F)O[C@H](COCc2ccccc2)[C@@H](O)[C@@H]1OC(C)=O,chiral_gine,crossattn,1,4FC156AC,thioglycoside,2023
841,31-013-CAS-12570626,test,1,0.026970505714416504,0.4899999999999999,0,0,CC(=O)CCC(=O)O[C@H]1[C@H](OCc2ccccc2)[C@@H](OC(=O)c2ccccc2)[C@H](Sc2ccc(C)cc2)O[C@@H]1CO[Si](c1ccccc1)(c1ccccc1)C(C)(C)C,CC(=O)OC[C@H]1O[C@@H](Sc2ccc(C)cc2)[C@H](N=[N+]=[N-])[C@@H](OCc2ccccc2)[C@@H]1O,chiral_gine,crossattn,1,54D23B07,thioglycoside,2007
842,31-013-CAS-3447636,test,1,0.6823469400405884,0.4899999999999999,1,1,CC(=O)CCC(=O)O[C@H]1[C@H](OCc2ccccc2)[C@@H](OC(=O)c2ccccc2)[C@H](Sc2ccc(C)cc2)O[C@@H]1CO[Si](c1ccccc1)(c1ccccc1)C(C)(C)C,CC(=O)OC[C@H]1O[C@@H](Sc2ccc(C)cc2)[C@H](N=[N+]=[N-])[C@@H](OCc2ccccc2)[C@@H]1O,chiral_gine,crossattn,1,54D23B07,thioglycoside,2007
843,31-013-CAS-1313681,test,1,0.423744797706604,0.4899999999999999,0,0,CC(=O)CCC(=O)O[C@H]1[C@H](OCc2ccccc2)[C@@H](OC(=O)c2ccccc2)[C@H](Sc2ccc(C)cc2)O[C@@H]1CO[Si](c1ccccc1)(c1ccccc1)C(C)(C)C,CC(=O)OC[C@H]1O[C@@H](Sc2ccc(C)cc2)[C@H](N=[N+]=[N-])[C@@H](OCc2ccccc2)[C@@H]1O,chiral_gine,crossattn,1,54D23B07,thioglycoside,2007
850,31-013-CAS-19733120,test,0,0.0010000888723880053,0.4899999999999999,0,1,CC(=O)CCC(=O)OC[C@@H]1O[C@@H](Sc2ccc(C)cc2)[C@H](OC(=O)c2ccccc2)[C@@H](OCc2ccccc2)[C@@H]1O[C@H]1O[C@H](COC(C)=O)[C@@H](OCc2ccccc2)[C@H](OCc2ccccc2)[C@H]1N=[N+]=[N-],CC(=O)CCC(=O)OC[C@@H]1O[C@@H](Sc2ccc(C)cc2)[C@H](OC(=O)c2ccccc2)[C@@H](OCc2ccccc2)[C@@H]1O[C@H]1O[C@H](COC(C)=O)[C@@H](O)[C@H](OCc2ccccc2)[C@H]1N=[N+]=[N-],chiral_gine,crossattn,1,686C716B,thioglycoside,2018
851,31-013-CAS-11213156,test,1,0.4669787883758545,0.4899999999999999,0,0,CC(=O)OC[C@H]1O[C@@H](Sc2ccccc2)[C@H](NC(=O)C(F)(F)F)[C@@H](OC(C)=O)[C@@H]1OC(C)=O,CC(=O)O[C@H]1[C@H](O)[C@H]2CO[C@H](O2)[C@@H]1N=[N+]=[N-],chiral_gine,crossattn,1,8236133C,thioglycoside,2008
855,31-049-CAS-11119860,test,1,0.6490696668624878,0.4899999999999999,1,1,COc1ccc(CO[C@H]2[C@@H]3O[C@H](c4ccccc4)OC[C@H]3O[C@H](S(=O)c3ccccc3)[C@H]2OCc2ccccc2)cc1,CC(C)(C)[Si](C)(C)O[C@H]1O[C@H](COCc2ccccc2)[C@@H](O[C@@H]2O[C@H](COCc3ccccc3)[C@@H](O)[C@H](OCc3ccccc3)[C@H]2NS(=O)(=O)c2ccccc2)[C@H](OCc2ccccc2)[C@H]1NS(=O)(=O)c1ccccc1,chiral_gine,crossattn,1,23CC2E1C,thioglycoside,2008
864,31-614-CAS-25201498,test,1,0.8702446818351746,0.4899999999999999,1,1,COc1ccc(CO[C@H]2[C@@H]3O[C@H](c4ccccc4)OC[C@H]3O[C@H](S(=O)c3ccccc3)[C@H]2OCc2ccccc2)cc1,CC(C)(C)[Si](C)(C)O[C@H]1O[C@H](COCc2ccccc2)[C@@H](O[C@@H]2O[C@H](COCc3ccccc3)[C@@H](O)[C@H](OCc3ccccc3)[C@H]2NS(=O)(=O)c2ccccc2)[C@H](OCc2ccccc2)[C@H]1NS(=O)(=O)c1ccccc1,chiral_gine,crossattn,1,23CC2E1C,thioglycoside,2008
865,31-614-CAS-27090868,test,1,0.8702448010444641,0.4899999999999999,1,1,COc1ccc(CO[C@H]2[C@@H]3O[C@H](c4ccccc4)OC[C@H]3O[C@H](S(=O)c3ccccc3)[C@H]2OCc2ccccc2)cc1,CC(C)(C)[Si](C)(C)O[C@H]1O[C@H](COCc2ccccc2)[C@@H](O[C@@H]2O[C@H](COCc3ccccc3)[C@@H](O)[C@H](OCc3ccccc3)[C@H]2NS(=O)(=O)c2ccccc2)[C@H](OCc2ccccc2)[C@H]1NS(=O)(=O)c1ccccc1,chiral_gine,crossattn,1,23CC2E1C,thioglycoside,2003
884,31-013-CAS-9389396,test,1,0.9414687752723694,0.4899999999999999,1,1,CCCCCCCCCCCCS[C@@H]1O[C@H](COC(C)=O)[C@@H](OC(C)=O)[C@H](OC(C)=O)[C@H]1NC(=O)OCC(Cl)(Cl)Cl,[N-]=[N+]=N[C@H]1[C@@H]2OC[C@@H](O2)[C@@H](O)[C@@H]1OCc1ccccc1,chiral_gine,crossattn,1,D1BFDAF8,thioglycoside,2010
885,31-013-CAS-3991023,test,1,0.436840295791626,0.4899999999999999,0,0,CCCCCCCCCCCCS[C@@H]1O[C@H](COC(C)=O)[C@@H](OC(C)=O)[C@H](OC(C)=O)[C@H]1NC(=O)OCC(Cl)(Cl)Cl,[N-]=[N+]=N[C@H]1[C@@H]2OC[C@@H](O2)[C@@H](O)[C@@H]1OCc1ccccc1,chiral_gine,crossattn,1,D1BFDAF8,thioglycoside,2010
890,31-614-CAS-29244011,test,1,0.9490321278572083,0.4899999999999999,1,1,COc1ccc(CO[C@H]2[C@@H]3O[C@H](c4ccccc4)OC[C@H]3O[C@H](S(=O)c3ccccc3)[C@H]2OCc2ccccc2)cc1,C[C@@H]1O[C@@H](OC[C@H]2O[C@H](O[Si](C)(C)C(C)(C)C)[C@H](NS(=O)(=O)c3ccccc3)[C@@H](OCc3ccccc3)[C@@H]2O[C@@H]2O[C@H](COCc3ccccc3)[C@@H](O)[C@H](OCc3ccccc3)[C@H]2NS(=O)(=O)c2ccccc2)[C@@H](OCc2ccccc2)[C@H](OCc2ccccc2)[C@@H]1OCc1ccccc1,chiral_gine,crossattn,1,39EF0472,thioglycoside,2009
891,31-614-CAS-26064585,test,1,0.9076169729232788,0.4899999999999999,1,1,COc1ccc(CO[C@H]2[C@@H]3O[C@H](c4ccccc4)OC[C@H]3O[C@H](S(=O)c3ccccc3)[C@H]2OCc2ccccc2)cc1,C[C@@H]1O[C@@H](OC[C@H]2O[C@H](O[Si](C)(C)C(C)(C)C)[C@H](NS(=O)(=O)c3ccccc3)[C@@H](OCc3ccccc3)[C@@H]2O[C@@H]2O[C@H](COCc3ccccc3)[C@@H](O)[C@H](OCc3ccccc3)[C@H]2NS(=O)(=O)c2ccccc2)[C@@H](OCc2ccccc2)[C@H](OCc2ccccc2)[C@@H]1OCc1ccccc1,chiral_gine,crossattn,1,39EF0472,thioglycoside,2006
896,31-013-CAS-8933724,test,0,0.00405848165974021,0.4899999999999999,0,1,CCS[C@H]1O[C@H](CO[C@H]2O[C@H](COCc3ccccc3)[C@@H](OCc3ccccc3)[C@H](OCc3ccccc3)[C@@H]2O[C@H]2O[C@H](CO[Si](C)(C)C(C)(C)C)[C@H]3O[C@](C)(OC)[C@@](C)(OC)O[C@@H]3[C@@H]2O[C@H]2O[C@H](COCc3ccccc3)[C@@H](OCc3ccccc3)[C@H](OCc3ccccc3)[C@@H]2OCc2ccccc2)[C@@H](OCc2ccccc2)[C@H](OCc2ccccc2)[C@@H]1OC(=O)CCl,C=CCO[C@@H]1[C@H](OCc2ccccc2)[C@H](OCc2ccccc2)[C@@H](OCc2ccccc2)[C@H](OCc2ccccc2)[C@H]1O[C@H]1O[C@H](COCc2ccccc2)[C@@H](O)[C@H](OCc2ccccc2)[C@H]1N=[N+]=[N-],chiral_gine,crossattn,1,5EB65168,thioglycoside,2000
901,31-614-CAS-27463098,test,0,0.0024135285057127476,0.4899999999999999,0,1,Cc1ccc(S[C@@H]2O[C@H](COC(=O)OCC3c4ccccc4-c4ccccc43)[C@@H](OCc3ccccc3)[C@H](OCc3ccccc3)[C@H]2OCc2ccccc2)cc1,CC(C)(C)[Si](Oc1ccc(O[C@H]2O[C@H](COCc3ccccc3)[C@H](O)[C@H](O[C@@H]3O[C@H](COC(=O)OCC4c5ccccc5-c5ccccc54)[C@@H](OC(=O)c4ccccc4)[C@H](OC(=O)c4ccccc4)[C@H]3OC(=O)c3ccccc3)[C@H]2N=[N+]=[N-])cc1)(c1ccccc1)c1ccccc1,chiral_gine,crossattn,1,4C635F98,thioglycoside,2018
904,31-013-CAS-17702336,test,1,0.9643911719322205,0.4899999999999999,1,1,CC(=O)O[C@@H]1[C@H](O[C@H]2O[C@@H]3CO[C@H](c4ccccc4)O[C@@H]3[C@H](OCc3ccccc3)[C@H]2OCc2ccccc2)[C@@H](OC(=O)c2ccccc2)[C@H](Sc2ccc(C)cc2)O[C@@H]1COC(=O)c1ccccc1,COC(=O)CO[C@H]1O[C@H](COCc2ccccc2)[C@@H](O)[C@H](OCc2ccccc2)[C@H]1NC(C)=O,chiral_gine,crossattn,1,3463E3BD,thioglycoside,2016
905,31-013-CAS-21762107,test,1,0.9777411222457886,0.4899999999999999,1,1,CC(=O)O[C@@H]1[C@H](O[C@H]2O[C@@H]3CO[C@H](c4ccccc4)O[C@@H]3[C@H](OCc3ccccc3)[C@H]2OCc2ccccc2)[C@@H](OC(=O)c2ccccc2)[C@H](Sc2ccc(C)cc2)O[C@@H]1COC(=O)c1ccccc1,COC(=O)CO[C@H]1O[C@H](COCc2ccccc2)[C@@H](O)[C@H](OCc2ccccc2)[C@H]1NC(C)=O,chiral_gine,crossattn,1,3463E3BD,thioglycoside,2020
906,31-013-CAS-21945116,test,1,0.9742193222045898,0.4899999999999999,1,1,CC(=O)O[C@@H]1[C@H](O[C@H]2O[C@@H]3CO[C@H](c4ccccc4)O[C@@H]3[C@H](OCc3ccccc3)[C@H]2OCc2ccccc2)[C@@H](OC(=O)c2ccccc2)[C@H](Sc2ccc(C)cc2)O[C@@H]1COC(=O)c1ccccc1,COC(=O)CO[C@H]1O[C@H](COCc2ccccc2)[C@@H](O)[C@H](OCc2ccccc2)[C@H]1NC(C)=O,chiral_gine,crossattn,1,3463E3BD,thioglycoside,2019
908,31-013-CAS-12760013,test,0,0.009270391426980495,0.4899999999999999,0,1,C=CCOC[C@H]1O[C@@H](SCC)[C@H](OCc2ccccc2)[C@@H](OCc2ccccc2)[C@H]1OCc1ccccc1,CC1(C)[C@H]2CC[C@]1(C)[C@]1(C2)O[C@@H]2[C@H](OCc3ccccc3)[C@@H](OCc3ccccc3)[C@H](OCc3ccccc3)[C@@H](O[C@H]3O[C@H](COCc4ccccc4)[C@@H](O)[C@H](OCc4ccccc4)[C@H]3N=[N+]=[N-])[C@@H]2O1,chiral_gine,crossattn,1,93108C8E,thioglycoside,2002
921,31-013-CAS-7584459,test,1,0.9503485560417175,0.4899999999999999,1,1,Cc1ccc(S[C@@H]2O[C@H](COCc3ccccc3)[C@@H](O[C@H]3O[C@H](CO[Si](c4ccccc4)(c4ccccc4)C(C)(C)C)[C@@H](OCc4ccc5ccccc5c4)[C@H](OCc4ccc(Br)cc4)[C@H]3N=[N+]=[N-])[C@H](OCc3ccccc3)[C@H]2OC(=O)c2ccccc2)cc1,CC(=O)CCC(=O)O[C@H]1[C@H](O)[C@@H](CO[Si](c2ccccc2)(c2ccccc2)C(C)(C)C)O[C@H](O[C@H]2[C@H](OCc3ccccc3)[C@@H](OC(=O)CCC(C)=O)[C@H]3OC[C@@H]2O3)[C@@H]1N=[N+]=[N-],chiral_gine,crossattn,1,1156517A,thioglycoside,2014
922,31-013-CAS-1058357,test,1,0.9294959306716919,0.4899999999999999,1,1,Cc1ccc(S[C@@H]2O[C@H](COCc3ccccc3)[C@@H](O[C@H]3O[C@H](CO[Si](c4ccccc4)(c4ccccc4)C(C)(C)C)[C@@H](OCc4ccc5ccccc5c4)[C@H](OCc4ccc(Br)cc4)[C@H]3N=[N+]=[N-])[C@H](OCc3ccccc3)[C@H]2OC(=O)c2ccccc2)cc1,CC(=O)CCC(=O)O[C@H]1[C@H](O)[C@@H](CO[Si](c2ccccc2)(c2ccccc2)C(C)(C)C)O[C@H](O[C@H]2[C@H](OCc3ccccc3)[C@@H](OC(=O)CCC(C)=O)[C@H]3OC[C@@H]2O3)[C@@H]1N=[N+]=[N-],chiral_gine,crossattn,1,1156517A,thioglycoside,2013
925,31-013-CAS-19796368,test,1,0.9706865549087524,0.4899999999999999,1,1,O=C(O[C@H]1[C@H]2O[C@@H](c3ccccc3)OC[C@H]2O[C@@H](Sc2ccccc2)[C@@H]1OC(=O)c1ccccc1)c1ccccc1,CC(=O)N[C@H]1[C@@H](OCc2ccccc2)O[C@H](CO[Si](c2ccccc2)(c2ccccc2)C(C)(C)C)[C@@H](O)[C@@H]1O,chiral_gine,crossattn,1,6A949415,thioglycoside,2019
926,31-013-CAS-5703022,test,1,0.984818696975708,0.4899999999999999,1,1,O=C(O[C@H]1[C@H]2O[C@@H](c3ccccc3)OC[C@H]2O[C@@H](Sc2ccccc2)[C@@H]1OC(=O)c1ccccc1)c1ccccc1,CC(=O)N[C@H]1[C@@H](OCc2ccccc2)O[C@H](CO[Si](c2ccccc2)(c2ccccc2)C(C)(C)C)[C@@H](O)[C@@H]1O,chiral_gine,crossattn,1,6A949415,thioglycoside,2015
935,31-013-CAS-9419983,test,0,0.004536691587418318,0.4899999999999999,0,1,CCS[C@H]1O[C@@H](C)[C@H](OCc2ccccc2)[C@@H](OCc2ccccc2)[C@H]1OCc1ccccc1,COC(C)=N[C@H]1[C@H](OC)O[C@H](COCc2ccccc2)[C@@H](O)[C@@H]1O[C@@H]1O[C@H](COC(C)=O)[C@H](OC(C)=O)[C@H](OC(C)=O)[C@H]1OC(C)=O,chiral_gine,crossattn,1,D19312DB,thioglycoside,2005
937,31-013-CAS-11635380,test,0,0.0009068478248082101,0.4899999999999999,0,1,CCS[C@H]1O[C@@H](C)[C@@H](OCc2ccccc2)[C@@H](OCc2ccccc2)[C@@H]1OCc1ccccc1,CO[C@@H]1O[C@H](COCc2ccccc2)[C@@H](O)[C@H](O[C@@H]2O[C@H](COC(C)=O)[C@@H](OC(C)=O)[C@H](OC(C)=O)[C@H]2OC(C)=O)[C@H]1N(C(C)=O)C(C)=O,chiral_gine,crossattn,1,3F982A55,thioglycoside,2006
942,31-013-CAS-13870844,test,0,0.000615513592492789,0.4899999999999999,0,1,CC(C)(C)OC(=O)[C@@H]1O[C@@H](Sc2ccccc2)[C@H](OC(=O)c2ccccc2)[C@@H](OCc2ccccc2)[C@@H]1OCc1ccccc1,CO[C@H]1O[C@H](COCc2ccccc2)[C@@H](O)[C@H](OCc2ccccc2)[C@H]1NC(=O)OCc1ccccc1,chiral_gine,crossattn,1,B06D75C5,thioglycoside,2008
943,31-013-CAS-4635858,test,0,0.003499257378280163,0.4899999999999999,0,1,CCS[C@H]1O[C@H](CO[Si](C)(C)C(C)(C)C)[C@@H](OCc2ccccc2)[C@H](OCc2ccccc2)[C@@H]1OC(=O)c1ccccc1,CC1(C)[C@H]2CC[C@]1(C)[C@]1(C2)O[C@@H]2[C@H](OCc3ccccc3)[C@@H](OCc3ccccc3)[C@H](OCc3ccccc3)[C@@H](O[C@H]3O[C@H](COCc4ccccc4)[C@@H](O)[C@H](OCc4ccccc4)[C@H]3N=[N+]=[N-])[C@@H]2O1,chiral_gine,crossattn,1,0E686E86,thioglycoside,2002
944,31-614-CAS-34709650,test,0,0.9232001304626465,0.4899999999999999,1,0,CC(=O)O[C@@H]1[C@H]2O[C@@H](c3ccccc3)OC[C@H]2O[C@H](Sc2ccc(C)cc2)[C@H]1O[Si](C)(C)C(C)(C)C,CC(C)(C)[Si](C)(C)O[C@@H]1O[C@H](COCc2ccccc2)[C@@H](O)[C@H](OCc2ccccc2)[C@H]1NC(=O)C(Cl)(Cl)Cl,chiral_gine,crossattn,1,6E6F4A60,thioglycoside,2022
946,31-013-CAS-6806986,test,1,0.9585978984832764,0.4899999999999999,1,1,CS[C@@H]1O[C@H](COC(=O)c2ccccc2)[C@@H](OC(=O)c2ccccc2)[C@H](OC(=O)c2ccccc2)[C@H]1OC(=O)c1ccccc1,COc1ccc(OC[C@H]2O[C@H](OC)[C@H](NC(=O)OCc3ccccc3)[C@@H](OCc3ccccc3)[C@@H]2O)cc1,chiral_gine,crossattn,1,937F63CA,thioglycoside,2007
963,31-614-CAS-26047459,test,1,0.9420832395553589,0.4899999999999999,1,1,CCS[C@@H]1O[C@H](CO[Si](C(C)C)(C(C)C)C(C)C)[C@@H]2OC(=O)O[C@@H]2[C@H]1OC(C)=O,CC(=O)O[C@@H]1[C@H](O[C@@H]2O[C@H](CO[Si](C(C)C)(C(C)C)C(C)C)[C@@H](O[C@@H]3O[C@@H](C)[C@@H](OCc4ccccc4)[C@@H](OCc4ccccc4)[C@@H]3OCc3ccccc3)[C@H](O[C@@H]3O[C@H](CO[Si](C(C)C)(C(C)C)C(C)C)[C@@H]4OC(=O)O[C@@H]4[C@H]3O[Si](C)(C)C(C)(C)C)[C@H]2NS(=O)(=O)c2ccccc2)[C@@H](OC(C)=O)[C@H](O[C@H]2[C@H](OCc3ccccc3)C=CO[C@@H]2COCc2ccccc2)O[C@@H]1CO[C@@H]1O[C@H](CO[Si](C(C)C)(C(C)C)C(C)C)[C@@H](O)[C@H](O[C@@H]2O[C@@H](C)[C@@H](OC(=O)c3ccccc3)[C@@H](OCc3ccccc3)[C@@H]2OCc2ccccc2)[C@H]1NS(=O)(=O)c1ccccc1,chiral_gine,crossattn,1,D22FC3BB,thioglycoside,2001
1008,31-013-CAS-5259694,test,1,0.9704082608222961,0.4899999999999999,1,1,CC(=O)O[C@@H]1[C@H]2OC(=O)[C@@H](O[C@H]1Sc1ccccc1)[C@H]2OC(C)=O,COc1ccc(O[C@@H]2O[C@H](COCc3ccccc3)[C@@H](O)[C@@H]3OC(=O)N[C@@H]23)cc1,chiral_gine,crossattn,1,501E2643,thioglycoside,2011
1009,31-013-CAS-3120111,test,1,0.9058400392532349,0.4899999999999999,1,1,CC(=O)O[C@@H]1[C@H]2OC(=O)[C@@H](O[C@H]1Sc1ccccc1)[C@H]2OC(C)=O,COc1ccc(O[C@@H]2O[C@H](COCc3ccccc3)[C@@H](O)[C@@H]3OC(=O)N[C@@H]23)cc1,chiral_gine,crossattn,1,501E2643,thioglycoside,2011
1012,31-013-CAS-21905508,test,1,0.9750560522079468,0.4899999999999999,1,1,CCS[C@@H]1O[C@@H]2CO[C@@H](c3ccccc3)O[C@H]2[C@H](OCc2ccccc2)[C@H]1OC(C)=O,CC(=O)N[C@H]1[C@@H](OCCN=[N+]=[N-])O[C@H](COCc2ccc3ccccc3c2)[C@@H](O)[C@@H]1OCc1ccccc1,chiral_gine,crossattn,1,435A3C77,thioglycoside,2020
1014,31-013-CAS-18496614,test,1,0.5714183449745178,0.4899999999999999,1,1,C=CCOC(=O)O[C@@H]1[C@@H](OCc2ccccc2)[C@@H]2O[C@H](c3ccccc3)OC[C@H]2O[C@H]1SCC,CC(=O)O[C@H]1[C@H](O)[C@@H](COCc2ccccc2)O[C@@H](O[Si](C)(C)C(C)(C)C(C)C)[C@@H]1NC(=O)OCC(Cl)(Cl)Cl,chiral_gine,crossattn,1,F40FAF7A,thioglycoside,2018
1024,31-013-CAS-12877153,test,0,0.0122081208974123,0.4899999999999999,0,1,C[C@@H]1O[C@@H](Sc2ccccc2)[C@@H]2OC(=O)O[C@@H]2[C@H]1OC(=O)c1ccccc1,CO[C@H]1O[C@H](COCc2ccccc2)[C@@H](O)[C@@H]2OC(=O)N(C(C)=O)[C@@H]12,chiral_gine,crossattn,1,9A4447E7,thioglycoside,2005
1025,31-013-CAS-7511274,test,0,0.2792121469974518,0.4899999999999999,0,1,C[C@@H]1O[C@@H](Sc2ccccc2)[C@@H]2OC(=O)O[C@@H]2[C@H]1OC(=O)c1ccccc1,CO[C@H]1O[C@H](COCc2ccccc2)[C@@H](O)[C@@H]2OC(=O)N(C(C)=O)[C@@H]12,chiral_gine,crossattn,1,9A4447E7,thioglycoside,2004
1026,31-013-CAS-854940,test,0,0.004185790196061134,0.4899999999999999,0,1,C[C@@H]1O[C@@H](Sc2ccccc2)[C@@H]2OC(=O)O[C@@H]2[C@H]1OC(=O)c1ccccc1,CO[C@H]1O[C@H](COCc2ccccc2)[C@@H](O)[C@@H]2OC(=O)N(C(C)=O)[C@@H]12,chiral_gine,crossattn,1,9A4447E7,thioglycoside,2003
1027,31-013-CAS-8833991,test,0,0.002902593230828643,0.4899999999999999,0,1,CCS[C@H]1O[C@@H](C)[C@@H](OC(=O)c2ccccc2)[C@@H](OC(=O)c2ccccc2)[C@@H]1O[Si](C(C)C)(C(C)C)C(C)C,CC(C)(C)[Si](OC[C@H]1O[C@@H](Oc2ccc(OCCCl)cc2)[C@H](NC(=O)C(F)(F)F)[C@@H](OC(=O)CCl)[C@@H]1O)(c1ccccc1)c1ccccc1,chiral_gine,crossattn,1,59D3F506,thioglycoside,2015
1029,31-013-CAS-2439768,test,1,0.9766973257064819,0.4899999999999999,1,1,COc1ccc(CO[C@@H]2[C@H](OCc3ccccc3)[C@@H](Sc3ccccc3)O[C@@H]3CO[C@@H](c4ccccc4)O[C@@H]23)cc1,CC(C)(C)[Si](O[C@@H]1O[C@H](COCc2ccccc2)[C@@H](O)[C@H](OCc2ccccc2)[C@H]1NC(=O)C(Cl)(Cl)Cl)(c1ccccc1)c1ccccc1,chiral_gine,crossattn,1,D0CB8C27,thioglycoside,2012
1032,31-013-CAS-3532904,test,1,0.958189070224762,0.4899999999999999,1,1,CCS[C@@H]1O[C@@H]2CO[C@@H](c3ccccc3)O[C@H]2[C@H](OCc2ccccc2)[C@H]1OC(C)=O,[N-]=[N+]=N[C@H]1[C@H](OCCCCCN(Cc2ccccc2)C(=O)OCc2ccccc2)O[C@H](COCc2ccccc2)[C@@H](O)[C@@H]1OCc1ccc2ccccc2c1,chiral_gine,crossattn,1,A86E00A0,thioglycoside,2009
1033,31-013-CAS-15039708,test,1,0.9680237174034119,0.4899999999999999,1,1,CCS[C@@H]1O[C@@H]2CO[C@@H](c3ccccc3)O[C@H]2[C@H](OCc2ccccc2)[C@H]1OC(C)=O,[N-]=[N+]=N[C@H]1[C@H](OCCCCCN(Cc2ccccc2)C(=O)OCc2ccccc2)O[C@H](COCc2ccccc2)[C@@H](O)[C@@H]1OCc1ccc2ccccc2c1,chiral_gine,crossattn,1,A86E00A0,thioglycoside,2008
1042,31-013-CAS-2224404,test,1,0.9550809860229492,0.4899999999999999,1,1,CCS[C@@H]1O[C@@H]2CO[C@@H](c3cccc4ccccc34)O[C@H]2[C@H](OCc2ccccc2)[C@H]1OC(=O)c1ccccc1,COc1ccc(OC[C@H]2O[C@H](OC)[C@H](NC(=O)OCc3ccccc3)[C@@H](OCc3ccccc3)[C@@H]2O)cc1,chiral_gine,crossattn,1,F1AF0F7E,thioglycoside,2007
1043,31-013-CAS-19733121,test,0,0.0008023064001463354,0.4899999999999999,0,1,CC(=O)CCC(=O)OC[C@@H]1O[C@@H](Sc2ccc(C)cc2)[C@H](OC(=O)c2ccccc2)[C@@H](OCc2ccccc2)[C@@H]1O[C@H]1O[C@H](COC(C)=O)[C@@H](OCc2ccccc2)[C@H](OCc2ccccc2)[C@H]1N=[N+]=[N-],CC(=O)CCC(=O)OC[C@@H]1O[C@@H](OCCCN(Cc2ccccc2)C(=O)OCc2ccccc2)[C@H](OC(=O)c2ccccc2)[C@@H](OCc2ccccc2)[C@@H]1O[C@H]1O[C@H](COC(C)=O)[C@@H](O)[C@H](OCc2ccccc2)[C@H]1N=[N+]=[N-],chiral_gine,crossattn,1,2BD16688,thioglycoside,2018
1061,31-013-CAS-16587031,test,0,5.037119080952834e-06,0.4899999999999999,0,1,CCS[C@H]1O[C@H](COCc2ccccc2)[C@@H](OCc2ccccc2)[C@H](OCc2ccccc2)[C@H]1OCc1ccccc1,C=CCO[C@H]1O[C@H](CO[Si](c2ccccc2)(c2ccccc2)C(C)(C)C)[C@@H](O[C@@H]2O[C@H](COCc3ccccc3)[C@H](O)[C@H](OCc3ccccc3)[C@H]2NC(=O)C(Cl)(Cl)Cl)[C@H](OCc2ccccc2)[C@@H]1OC(=O)CCC(C)=O,chiral_gine,crossattn,1,9127779E,thioglycoside,2013
1085,31-614-CAS-36914120,test,0,0.006260274443775415,0.4899999999999999,0,1,COC(=O)[C@@H]1OC(Sc2ccc(C)cc2)[C@H](OC(=O)c2ccccc2)[C@@H](OCc2ccccc2)[C@@H]1OCC#C[Si](C(C)C)(C(C)C)C(C)C,CC(=O)CCC(=O)OC[C@H]1O[C@H](OCCN=[N+]=[N-])[C@H](NC(=O)OCC(Cl)(Cl)Cl)[C@@H](OCc2ccccc2)[C@@H]1O,chiral_gine,crossattn,1,5FED11FF,thioglycoside,2022
1091,31-013-CAS-16946845,test,1,0.9708759188652039,0.4899999999999999,1,1,CC(=O)O[C@H]1[C@H](OCc2ccccc2)[C@@H](N2C(=O)c3ccccc3C2=O)[C@H](Sc2ccccc2)O[C@@H]1COCc1ccccc1,CO[C@H]1O[C@H](COCc2ccccc2)[C@@H](O)[C@H](OCc2ccccc2)[C@@H]1N=[N+]=[N-],chiral_gine,crossattn,1,46C65098,thioglycoside,2016
1103,31-614-CAS-35394448,test,1,0.8293226957321167,0.4899999999999999,1,1,Cc1ccc(S[C@@H]2O[C@H](COC(=O)CCl)[C@@H](O[C@H]3O[C@H](CO[Si](c4ccccc4)(c4ccccc4)C(C)(C)C)[C@@H](OCc4ccccc4)[C@H](OCc4ccc5ccccc5c4)[C@H]3N=[N+]=[N-])[C@H](OCc3ccccc3)[C@H]2OC(=O)c2ccccc2)cc1,CC(C)(C)[Si](OC[C@H]1O[C@H](O[C@H]2[C@H](OCc3ccccc3)[C@@H](OC(=O)c3ccccc3)[C@H](OCCCNC(=O)OCc3ccccc3)O[C@@H]2COC(=O)CCl)[C@H](N=[N+]=[N-])[C@@H](OCc2ccc3ccccc3c2)[C@@H]1O)(c1ccccc1)c1ccccc1,chiral_gine,crossattn,1,D82524EC,thioglycoside,2022
1104,31-614-CAS-34336268,test,0,0.012090061791241169,0.4899999999999999,0,1,CC(=O)OC[C@@H]1O[C@@H](Sc2ccc(C)cc2)[C@H](OC(=O)c2ccccc2)[C@@H](OCc2ccccc2)[C@@H]1OCc1ccccc1,CC(=O)OC[C@@H]1O[C@@H](OCCCCCN(Cc2ccccc2)C(=O)OCc2ccccc2)[C@H](OC(=O)c2ccccc2)[C@@H](OCc2ccccc2)[C@@H]1O[C@H]1O[C@H](CO[Si](c2ccccc2)(c2ccccc2)C(C)(C)C)[C@@H](O)[C@H](OCc2ccc(Br)cc2)[C@H]1N=[N+]=[N-],chiral_gine,crossattn,1,486A16B4,thioglycoside,2022
1105,31-614-CAS-32458097,test,0,0.030098972842097282,0.4899999999999999,0,1,CC(=O)OC[C@@H]1O[C@@H](Sc2ccc(C)cc2)[C@H](OC(=O)c2ccccc2)[C@@H](OCc2ccccc2)[C@@H]1OCc1ccccc1,CC(=O)OC[C@@H]1O[C@@H](OCCCCCN(Cc2ccccc2)C(=O)OCc2ccccc2)[C@H](OC(=O)c2ccccc2)[C@@H](OCc2ccccc2)[C@@H]1O[C@H]1O[C@H](CO[Si](c2ccccc2)(c2ccccc2)C(C)(C)C)[C@@H](O)[C@H](OCc2ccc(Br)cc2)[C@H]1N=[N+]=[N-],chiral_gine,crossattn,1,486A16B4,thioglycoside,2022
1106,31-614-CAS-37588004,test,0,0.22005659341812134,0.4899999999999999,0,1,CC(=O)OC[C@@H]1O[C@@H](Sc2ccc(C)cc2)[C@H](OC(=O)c2ccccc2)[C@@H](OCc2ccccc2)[C@@H]1OCc1ccccc1,CC(=O)OC[C@@H]1O[C@@H](OCCCCCN(Cc2ccccc2)C(=O)OCc2ccccc2)[C@H](OC(=O)c2ccccc2)[C@@H](OCc2ccccc2)[C@@H]1O[C@H]1O[C@H](CO[Si](c2ccccc2)(c2ccccc2)C(C)(C)C)[C@@H](O)[C@H](OCc2ccc(Br)cc2)[C@H]1N=[N+]=[N-],chiral_gine,crossattn,1,486A16B4,thioglycoside,2020
1117,31-013-CAS-16968435,test,1,0.9743616580963135,0.4899999999999999,1,1,CC(=O)OC[C@H]1O[C@@H](Sc2ccc(C)cc2)[C@H](NC(=O)OCC(Cl)(Cl)Cl)[C@@H](OC(C)=O)[C@@H]1OC(C)=O,CC(=O)N[C@H]1[C@@H](OCc2ccccc2)O[C@H](COC(C)=O)[C@@H](O)[C@@H]1O[C@H](C)C(=O)N[C@@H](C)C(=O)OCC[Si](C)(C)C,chiral_gine,crossattn,1,77E086E5,thioglycoside,2017
1124,31-013-CAS-14738874,test,0,0.0011389441788196564,0.4899999999999999,0,1,c1ccc(CO[C@@H]2[C@@H](OCc3ccccc3)[C@H](Sc3ccccc3)O[C@@H]3CO[C@@H](c4ccccc4)O[C@@H]23)cc1,CO[C@@H]1O[C@H](CO[Si](C)(C)C(C)(C)C(C)C)[C@@H](O)[C@@H]2OC(=O)N(C(C)=O)[C@@H]12,chiral_gine,crossattn,1,F8F2EB5F,thioglycoside,2005
1127,31-013-CAS-11726967,test,0,0.004893920850008726,0.4899999999999999,0,1,CCS[C@H]1O[C@H](C)[C@@H](NC(=O)[C@H]2CCO[C@@H](c3ccccc3)O2)[C@H](OCc2ccccc2)[C@@H]1OC(C)=O,COC(=O)CCCCCO[C@H]1O[C@H](C)[C@@H](NC(=O)[C@H]2CCO[C@@H](c3ccccc3)O2)[C@H](OCc2ccccc2)[C@@H]1O[C@H]1O[C@H](C)[C@@H](NC(=O)[C@H]2CCO[C@@H](c3ccccc3)O2)[C@H](OCc2ccccc2)[C@@H]1O,chiral_gine,crossattn,1,CA0003A6,thioglycoside,2003
1141,31-013-CAS-17791367,test,0,0.0011010424932464957,0.4899999999999999,0,1,CC(=O)N1C(=O)O[C@H]2[C@@H](O[Si](C)(C)C(C)(C)C)[C@@H](COCc3ccccc3)O[C@H](Sc3ccc(C)cc3)[C@@H]21,C=CCO[C@H]1O[C@H](COCc2ccccc2)[C@H](O)[C@@H]2OC(=O)N(C(C)=O)[C@@H]12,chiral_gine,crossattn,1,3437F853,thioglycoside,2017
1150,31-013-CAS-741372,test,1,0.9790794849395752,0.4899999999999999,1,1,CC(=O)O[C@H]1[C@@H](OC(C)=O)[C@@H](CO[Si](c2ccccc2)(c2ccccc2)C(C)(C)C)O[C@@H](Sc2ccccc2)[C@@H]1OC(C)=O,C[Si](C)(C)CCO[C@@H]1O[C@H](COCc2ccccc2)[C@@H](O)[C@H](O)[C@H]1N1C(=O)c2ccccc2C1=O,chiral_gine,crossattn,1,C8774149,thioglycoside,2005
1160,31-013-CAS-17453665,test,1,0.9460253119468689,0.4899999999999999,1,1,CCS[C@@H]1O[C@H](COC(C)=O)[C@@H](OC(C)=O)[C@H](OC(C)=O)[C@H]1N1C(=O)c2ccccc2C1=O,CO[C@@H]1O[C@H](COC(=O)c2ccccc2)[C@@H](O)[C@H](O[C@H](C)C(=O)OCc2ccccc2)[C@H]1N1C(=O)c2ccccc2C1=O,chiral_gine,crossattn,1,B4E715CA,thioglycoside,2017
1165,31-013-CAS-11784711,test,1,0.8927643299102783,0.4899999999999999,1,1,CC(=O)CCC(=O)OC[C@H]1O[C@@H](Sc2ccc(C)cc2)[C@H](OC(=O)c2ccccc2)[C@@H](OCc2ccccc2)[C@@H]1O[C@H]1O[C@H](COS(=O)(=O)OCC(Cl)(Cl)Cl)[C@@H](O[Si](C)(C)C(C)(C)C)[C@H](OCc2ccccc2)[C@H]1N=[N+]=[N-],CC(=O)CCC(=O)OC[C@H]1O[C@@H](OCCCN(Cc2ccccc2)C(=O)OCc2ccccc2)[C@H](OC(=O)c2ccccc2)[C@@H](OCc2ccccc2)[C@@H]1O[C@H]1O[C@H](COC(C)=O)[C@@H](O)[C@H](OCc2ccccc2)[C@H]1N=[N+]=[N-],chiral_gine,crossattn,1,1A0B88FE,thioglycoside,2011
1175,31-013-CAS-21359611,test,0,0.0013521724613383412,0.4899999999999999,0,1,COc1ccc(OC[C@@H]2O[C@H](Sc3ccc(C)cc3)[C@H](OC(=O)c3ccccc3)[C@@H](OCc3ccccc3)[C@@H]2OC(=O)CCC(C)=O)cc1,CO[C@H]1O[C@H](COC(=O)c2ccccc2)[C@@H](O)[C@H](OCc2ccccc2)[C@H]1NC=C1C(=O)N(C)C(=O)N(C)C1=O,chiral_gine,crossattn,1,CABFCA72,thioglycoside,2015
1176,31-013-CAS-9488276,test,0,0.0013521724613383412,0.4899999999999999,0,1,COc1ccc(OC[C@@H]2O[C@H](Sc3ccc(C)cc3)[C@H](OC(=O)c3ccccc3)[C@@H](OCc3ccccc3)[C@@H]2OC(=O)CCC(C)=O)cc1,CO[C@H]1O[C@H](COC(=O)c2ccccc2)[C@@H](O)[C@H](OCc2ccccc2)[C@H]1NC=C1C(=O)N(C)C(=O)N(C)C1=O,chiral_gine,crossattn,1,CABFCA72,thioglycoside,2003
1182,31-013-CAS-12326620,test,0,0.009712365455925465,0.4899999999999999,0,1,CCS[C@@H]1O[C@@H](C)[C@H](OCc2ccccc2)[C@@H](OCc2ccccc2)[C@H]1OCc1ccccc1,CCS[C@@H]1O[C@H](COC(=O)c2ccccc2)[C@H](O)[C@H](OC(C)=O)[C@H]1N1C(=O)c2ccccc2C1=O,chiral_gine,crossattn,1,ACFE8C37,thioglycoside,2013
1185,31-013-CAS-23539710,test,0,0.007150909397751093,0.4899999999999999,0,1,C[C@H]1O[C@@H](Sc2ccccc2)[C@H](N=[N+]=[N-])[C@@H](OCc2ccccc2)[C@H]1N1C(=O)c2ccccc2C1=O,CC(=O)O[C@H]1[C@@H](O)[C@@H](CO[Si](c2ccccc2)(c2ccccc2)C(C)(C)C)O[C@@H](Sc2ccccc2)[C@@H]1N=[N+]=[N-],chiral_gine,crossattn,1,9C2CCE32,thioglycoside,2021
1187,31-013-CAS-14640673,test,0,0.978588342666626,0.4899999999999999,1,0,c1ccc(COC[C@H]2O[C@H](Sc3ccccc3)[C@@H](OCc3ccccc3)[C@@H](OCc3ccccc3)[C@@H]2OCc2ccccc2)cc1,COc1ccc(O[C@@H]2O[C@H](COCc3ccccc3)[C@@H](O)[C@H](OCc3ccccc3)[C@H]2N2C(=O)c3ccccc3C2=O)cc1,chiral_gine,crossattn,1,CAEC5942,thioglycoside,2008
1196,31-013-CAS-1342962,test,1,0.9694874882698059,0.4899999999999999,1,1,CCS[C@@H]1O[C@H](COC(C)=O)[C@@H](OC(C)=O)[C@H](OC(C)=O)[C@H]1N1C(=O)c2ccccc2C1=O,C[Si](C)(C)CCO[C@@H]1O[C@H](COCc2ccccc2)[C@@H](O)[C@H](O)[C@H]1N1C(=O)c2ccccc2C1=O,chiral_gine,crossattn,1,35AF2F45,thioglycoside,1996
1210,31-013-CAS-3582973,test,0,0.0006872984813526273,0.4899999999999999,0,1,CC(=O)O[C@H]1[C@H](OCc2ccccc2)[C@H](N2C(=O)c3ccccc3C2=O)[C@@H](Sc2ccccc2)O[C@@H]1CN=[N+]=[N-],CO[C@H]1O[C@H](CN=[N+]=[N-])[C@@H](O[C@H]2O[C@H](CN=[N+]=[N-])[C@@H](O)[C@H](OCc3ccccc3)[C@@H]2N2C(=O)c3ccccc3C2=O)[C@H](OCc2ccccc2)[C@@H]1N1C(=O)c2ccccc2C1=O,chiral_gine,crossattn,1,5EE5CCBC,thioglycoside,2015
1226,31-013-CAS-4366967,test,1,0.9723091721534729,0.4899999999999999,1,1,CCS[C@@H]1O[C@H](COCc2ccccc2)[C@H](OCc2ccccc2)[C@H](OCc2ccccc2)[C@H]1OC(C)=O,C=CCO[C@H]1[C@H](O)[C@@H](COCc2ccccc2)O[C@@H](OCCCCCCCC)[C@@H]1N1C(=O)c2ccccc2C1=O,chiral_gine,crossattn,1,56143074,thioglycoside,2002
1229,31-013-CAS-16946849,test,1,0.9730699062347412,0.4899999999999999,1,1,CC(=O)O[C@H]1[C@H](OCc2ccccc2)[C@@H](N2C(=O)c3ccccc3C2=O)[C@H](Sc2ccccc2)O[C@@H]1COCc1ccccc1,CO[C@H]1O[C@H](COCc2ccccc2)[C@@H](O[C@@H]2O[C@H](COCc3ccccc3)[C@@H](O)[C@H](OCc3ccccc3)[C@H]2N2C(=O)c3ccccc3C2=O)[C@H](OCc2ccccc2)[C@@H]1N=[N+]=[N-],chiral_gine,crossattn,1,4604204C,thioglycoside,2016
1241,31-013-CAS-2182975,test,1,0.9783042669296265,0.4899999999999999,1,1,CCS[C@@H]1O[C@H](COC(=O)CCC(C)=O)[C@H](OCc2ccccc2)[C@H](OC(=O)OCC2c3ccccc3-c3ccccc32)[C@H]1OC(=O)C(C)(C)C,O=C(OCc1ccccc1)N(CCCCCO[C@@H]1O[C@H](COCc2ccccc2)[C@@H](O)[C@H](OCc2ccccc2)[C@H]1NC(=O)C(Cl)(Cl)Cl)Cc1ccccc1,chiral_gine,crossattn,1,E02148C1,thioglycoside,2012
1247,31-013-CAS-13251956,test,1,0.9744097590446472,0.4899999999999999,1,1,CCS[C@@H]1O[C@H](COCc2ccccc2)[C@H](OCc2ccccc2)[C@H](OCc2ccccc2)[C@H]1OC(=O)c1ccccc1,O=C1c2ccccc2C(=O)N1[C@@H]1[C@@H](OCc2ccccc2)[C@H](O)[C@@H](COCc2ccccc2)O[C@H]1Sc1ccccc1,chiral_gine,crossattn,1,CDF75B47,thioglycoside,2014
1248,31-013-CAS-3002515,test,0,0.0006585917435586452,0.4899999999999999,0,1,CC(=O)O[C@H]1[C@H](OCc2ccccc2)[C@H](N2C(=O)c3ccccc3C2=O)[C@@H](Sc2ccccc2)O[C@@H]1CN=[N+]=[N-],CO[C@H]1O[C@H](CN=[N+]=[N-])[C@@H](O[C@H]2O[C@H](CN=[N+]=[N-])[C@@H](O[C@H]3O[C@H](CN=[N+]=[N-])[C@@H](O[C@H]4O[C@H](CN=[N+]=[N-])[C@@H](O)[C@H](OCc5ccccc5)[C@@H]4N4C(=O)c5ccccc5C4=O)[C@H](OCc4ccccc4)[C@@H]3N3C(=O)c4ccccc4C3=O)[C@H](OCc3ccccc3)[C@@H]2N2C(=O)c3ccccc3C2=O)[C@H](OCc2ccccc2)[C@@H]1N1C(=O)c2ccccc2C1=O,chiral_gine,crossattn,1,BBF9E0C1,thioglycoside,2015
1261,31-614-CAS-37587999,test,0,0.13294775784015656,0.4899999999999999,0,1,CC(=O)OC[C@@H]1O[C@@H](O[C@H]2[C@H](OCc3ccc(Br)cc3)[C@@H](N=[N+]=[N-])[C@@H](O[C@H]3[C@H](OCc4ccccc4)[C@@H](OC(=O)c4ccccc4)[C@H](Sc4ccc(C)cc4)O[C@@H]3COC(C)=O)O[C@@H]2CO[Si](c2ccccc2)(c2ccccc2)C(C)(C)C)[C@H](OC(=O)c2ccccc2)[C@@H](OCc2ccccc2)[C@@H]1O[C@H]1O[C@H](CO[Si](c2ccccc2)(c2ccccc2)C(C)(C)C)[C@@H](OCc2ccc3ccccc3c2)[C@H](OCc2ccc(Br)cc2)[C@H]1N=[N+]=[N-],CC(=O)OC[C@@H]1O[C@@H](OCCCCCN(Cc2ccccc2)C(=O)OCc2ccccc2)[C@H](OC(=O)c2ccccc2)[C@@H](OCc2ccccc2)[C@@H]1O[C@H]1O[C@H](CO[Si](c2ccccc2)(c2ccccc2)C(C)(C)C)[C@@H](O)[C@H](OCc2ccc(Br)cc2)[C@H]1N=[N+]=[N-],chiral_gine,crossattn,1,1B589936,thioglycoside,2020
1264,31-013-CAS-806847,test,1,0.9319314956665039,0.4899999999999999,1,1,CC(=O)OC[C@H]1O[C@@H](Sc2ccccc2)[C@H](N2C(=O)c3ccccc3C2=O)[C@@H](OC(C)=O)[C@@H]1OC(C)=O,COc1ccc(O[C@@H]2O[C@H](COCc3ccccc3)[C@@H](O)[C@H](OCc3ccccc3)[C@H]2N2C(=O)c3ccccc3C2=O)cc1,chiral_gine,crossattn,1,F9667BCE,thioglycoside,2002
1268,31-013-CAS-1585686,test,1,0.9750075340270996,0.4899999999999999,1,1,CCS[C@@H]1O[C@@H]2CO[C@@H](c3ccccc3)O[C@H]2[C@H](OCc2ccc(OC)cc2)[C@H]1OC(C)=O,O=C1c2ccccc2C(=O)N1[C@H]1[C@H](OCc2ccccc2)O[C@H](COCc2ccccc2)[C@@H](O)[C@@H]1OCc1ccccc1,chiral_gine,crossattn,1,3329E808,thioglycoside,2007
1269,31-013-CAS-7643019,test,1,0.9718236923217773,0.4899999999999999,1,1,CCS[C@@H]1O[C@@H]2CO[C@@H](c3ccccc3)O[C@H]2[C@H](OCc2ccc(OC)cc2)[C@H]1OC(C)=O,O=C1c2ccccc2C(=O)N1[C@H]1[C@H](OCc2ccccc2)O[C@H](COCc2ccccc2)[C@@H](O)[C@@H]1OCc1ccccc1,chiral_gine,crossattn,1,3329E808,thioglycoside,2005
1280,31-614-CAS-34954204,test,0,0.963803231716156,0.4899999999999999,1,0,CC(C)(C)[Si](C)(C)O[C@@H]1[C@@H](NC(=O)C(Cl)(Cl)Cl)[C@H](Sc2ccccc2)O[C@@H]2CO[C@H](c3ccccc3)O[C@H]12,COc1ccc(O[C@@H]2O[C@H](C(=O)OCc3ccccc3)[C@@H](O)[C@H](OC(=O)c3ccccc3)[C@H]2NC(=O)c2ccccc2)cc1,chiral_gine,crossattn,1,F158EC5F,thioglycoside,2021
1288,31-013-CAS-14512141,test,1,0.9691413044929504,0.4899999999999999,1,1,COc1ccc(CO[C@H]2[C@@H](O[Si](c3ccccc3)(c3ccccc3)C(C)(C)C)[C@@H]3OC4(CCCCC4)OC[C@H]3O[C@@H]2SC)cc1,COc1ccc(O[C@@H]2O[C@H](COCc3ccccc3)[C@@H](O)[C@H](OCc3ccccc3)[C@H]2N2C(=O)c3ccccc3C2=O)cc1,chiral_gine,crossattn,1,EEC5558A,thioglycoside,2001
1293,31-614-CAS-34956360,test,1,0.9871250987052917,0.4899999999999999,1,1,Cc1ccc(S[C@@H]2O[C@@H]3CO[C@H](c4ccccc4)O[C@@H]3[C@H](OC(=O)c3ccccc3)[C@H]2OC(=O)c2ccccc2)cc1,CC(C)(C)[Si](OC[C@H]1O[C@@H](OCCCN=[N+]=[N-])[C@H](N2C(=O)c3ccccc3C2=O)[C@@H](O)[C@@H]1O)(c1ccccc1)c1ccccc1,chiral_gine,crossattn,1,F4C374C7,thioglycoside,2021
1294,31-614-CAS-40218495,test,1,0.9603282809257507,0.4899999999999999,1,1,CCS[C@@H]1O[C@H](COCc2ccccc2)[C@H](OC(=O)c2ccccc2)[C@H](OC(=O)c2ccccc2)[C@H]1OC(=O)c1ccccc1,CC(=O)CCC(=O)O[C@H]1[C@H](O)[C@@H](COCc2ccccc2)O[C@@H](O[C@H]2[C@@H](OCc3ccccc3)[C@@H](COCc3ccccc3)O[C@@H](OCCCCCN(Cc3ccccc3)C(=O)OCc3ccccc3)[C@@H]2OC(=O)c2ccccc2)[C@@H]1NC(=O)C(Cl)(Cl)Cl,chiral_gine,crossattn,1,3893AE8A,thioglycoside,2021
1299,31-013-CAS-21608786,test,0,0.010588956996798515,0.4899999999999999,0,1,Cc1ccc(S[C@H]2O[C@H](CO[Si](C)(C)C(C)(C)C)[C@@H](OCc3ccccc3)[C@H](OCc3ccccc3)[C@H]2N=[N+]=[N-])cc1,Cc1ccc(S[C@@H]2O[C@H](COCc3ccccc3)[C@@H](O)[C@H](OCc3ccccc3)[C@H]2N2C(=O)c3ccccc3C2=O)cc1,chiral_gine,crossattn,1,7972AE53,thioglycoside,2020
1301,31-013-CAS-7147519,test,0,0.09719675034284592,0.4899999999999999,0,1,CCS[C@@H]1O[C@@H](C(=O)OC)[C@@H](O[C@H]2O[C@H](CO[Si](c3ccccc3)(c3ccccc3)C(C)(C)C)[C@@H](O[C@@H]3O[C@@H](C(=O)OC)[C@@H](OCc4ccccc4)[C@H](OCc4ccccc4)[C@H]3OC(=O)c3ccccc3)[C@H](OCc3ccccc3)[C@H]2NC(=O)OCC2c3ccccc3-c3ccccc32)[C@H](OCc2ccccc2)[C@H]1OC(=O)c1ccccc1,C#CCCCO[C@H]1O[C@H](CO[Si](c2ccccc2)(c2ccccc2)C(C)(C)C)[C@@H](O[C@@H]2O[C@@H](C(=O)OC)[C@@H](O[C@H]3O[C@H](CO[Si](c4ccccc4)(c4ccccc4)C(C)(C)C)[C@@H](O)[C@H](OCc4ccccc4)[C@H]3N=[N+]=[N-])[C@H](OCc3ccccc3)[C@H]2OCc2ccccc2)[C@H](OCc2ccccc2)[C@H]1NC(=O)OCC1c2ccccc2-c2ccccc21,chiral_gine,crossattn,1,7985D380,thioglycoside,2014
1319,31-614-CAS-44041084,test,1,0.9736965298652649,0.4899999999999999,1,1,CCS[C@@H]1O[C@H](COCc2ccccc2)[C@H](OCc2ccccc2)[C@H](OCc2ccccc2)[C@H]1OC(=O)c1ccccc1,COc1ccc(O[C@@H]2O[C@H](COC(=O)c3ccccc3)[C@H](OCc3ccccc3)[C@H](O[C@@H]3O[C@H](COC(=O)c4ccccc4)[C@@H](O)[C@H](OCc4ccccc4)[C@H]3N3C(=O)c4ccccc4C3=O)[C@H]2OC(=O)c2ccccc2)cc1,chiral_gine,crossattn,1,2DD6F31C,thioglycoside,2023
1320,31-013-CAS-12262753,test,1,0.9624692797660828,0.4899999999999999,1,1,CCS[C@@H]1O[C@H](C)[C@H](OC(C)=O)[C@H](OC(C)=O)[C@H]1OC(C)=O,CCCCCCCCO[C@H]1O[C@H](COCc2ccccc2)[C@@H](OCc2ccccc2)[C@H](OCc2ccccc2)[C@@H]1O[C@@H]1O[C@H](COCc2ccccc2)[C@@H](O)[C@H](OCc2ccccc2)[C@H]1N1C(=O)c2ccccc2C1=O,chiral_gine,crossattn,1,B4B3E66F,thioglycoside,2003
1331,31-614-CAS-39834134,test,0,0.4820660352706909,0.4899999999999999,0,1,Cc1ccc(S[C@@H]2O[C@H]3CO[Si](C(C)(C)C)(C(C)(C)C)O[C@H]3[C@H](OCc3ccccc3)[C@H]2OC(=O)c2ccccc2)cc1,COc1ccc(O[C@@H]2O[C@H](COCc3ccccc3)[C@@H](O)[C@H](OCc3ccccc3)[C@H]2N2C(=O)c3ccccc3C2=O)cc1,chiral_gine,crossattn,1,CAA7992E,thioglycoside,2023
1340,31-614-CAS-23946125,test,0,0.03759868070483208,0.4899999999999999,0,1,CC(=O)O[C@H]1[C@@H](OCc2ccccc2)[C@H](N=[N+]=[N-])[C@@H](Sc2ccccc2)O[C@H]1C,C[C@@H]1O[C@@H](O[C@H]2[C@@H](OCc3ccccc3)[C@H](N=[N+]=[N-])[C@H](O[C@@H]3[C@@H](NC(=O)C(Cl)(Cl)Cl)[C@H](OCCCNC(=O)OCc4ccccc4)O[C@H](C)[C@H]3NC(=O)C[C@H](C)OCc3ccccc3)O[C@H]2C)[C@@H](N=[N+]=[N-])[C@H](OCc2ccccc2)[C@@H]1O,chiral_gine,crossattn,1,0B6F65C1,thioglycoside,2021
1345,31-013-CAS-1583370,test,0,0.04527285322546959,0.4899999999999999,0,1,CCS[C@H]1O[C@@H](C)[C@@H](OCc2ccccc2)[C@@H](OCc2ccccc2)[C@@H]1OCc1ccccc1,CCS[C@@H]1O[C@H](COCc2ccccc2)[C@@H](O)[C@H](OC(=O)OCC2c3ccccc3-c3ccccc32)[C@H]1N1C(=O)c2ccccc2C1=O,chiral_gine,crossattn,1,A3B9EE7F,thioglycoside,2000
1360,31-013-CAS-4188841,test,1,0.9887063503265381,0.4899999999999999,1,1,Cc1ccc(S[C@@H]2O[C@H](COCc3ccccc3)[C@@H](OCc3ccccc3)[C@H](OCc3ccccc3)[C@H]2N2C(=O)c3ccccc3C2=O)cc1,[N-]=[N+]=N[C@@H]1O[C@H](COCc2ccccc2)[C@@H](O)[C@H](OCc2ccccc2)[C@H]1N1C(=O)c2ccccc2C1=O,chiral_gine,crossattn,1,0FCC794B,thioglycoside,2008
1361,31-013-CAS-1880759,test,1,0.9887063503265381,0.4899999999999999,1,1,Cc1ccc(S[C@@H]2O[C@H](COCc3ccccc3)[C@@H](OCc3ccccc3)[C@H](OCc3ccccc3)[C@H]2N2C(=O)c3ccccc3C2=O)cc1,[N-]=[N+]=N[C@@H]1O[C@H](COCc2ccccc2)[C@@H](O)[C@H](OCc2ccccc2)[C@H]1N1C(=O)c2ccccc2C1=O,chiral_gine,crossattn,1,0FCC794B,thioglycoside,2009
1363,31-013-CAS-1686035,test,1,0.9816265106201172,0.4899999999999999,1,1,CCS[C@@H]1O[C@H](COCc2ccccc2)[C@@H](OCc2ccccc2)[C@H](OCc2ccccc2)[C@H]1OC(=O)CCC(C)=O,C[Si](C)(C)CCO[C@@H]1O[C@H](COCc2ccccc2)[C@@H](O[C@@H]2O[C@H](COCc3ccccc3)[C@@H](O)[C@H](OCc3ccccc3)[C@H]2N2C(=O)c3ccccc3C2=O)[C@H](OCc2ccccc2)[C@H]1N1C(=O)c2ccccc2C1=O,chiral_gine,crossattn,1,9BE7446D,thioglycoside,2004
1371,31-013-CAS-13595742,test,0,0.017231065779924393,0.4899999999999999,0,1,CC(=O)N1C(=O)O[C@H]2[C@@H](O[Si](C)(C)C(C)(C)C)[C@@H](CO[Si](C)(C)C(C)(C)C)O[C@@H](Sc3ccc(C)cc3)[C@@H]21,CC(=O)N1C(=O)O[C@H]2[C@@H](O[C@H]3O[C@H](COCc4ccccc4)[C@H](O)[C@@H]4OC(=O)N(C(C)=O)[C@@H]34)[C@@H](COCc3ccccc3)O[C@H](Sc3ccc(C)cc3)[C@@H]21,chiral_gine,crossattn,1,A85D9CA4,thioglycoside,2010
1372,31-013-CAS-2565194,test,1,0.9575358629226685,0.4899999999999999,1,1,CC(=O)CCC(=O)O[C@@H]1[C@@H](OCc2ccc3ccccc3c2)[C@@H]2O[C@H](c3ccccc3)OC[C@H]2O[C@H]1Sc1ccc(C)cc1,CC(C)(C)[Si](C)(C)O[C@@H]1O[C@H](COCc2ccccc2)[C@@H](O)[C@H](OCc2ccccc2)[C@H]1N1C(=O)c2ccccc2C1=O,chiral_gine,crossattn,1,5510C724,thioglycoside,2009
1387,31-013-CAS-12685556,test,1,0.9649815559387207,0.4899999999999999,1,1,CCS[C@@H]1O[C@H](COC(C)=O)[C@@H](OC(C)=O)[C@H](OC(C)=O)[C@H]1NC(=O)OCC(Cl)(Cl)Cl,C[Si](C)(C)CCO[C@@H]1O[C@H](COCc2ccccc2)[C@@H](O)[C@H](O)[C@H]1N1C(=O)c2ccccc2C1=O,chiral_gine,crossattn,1,8F3E1E44,thioglycoside,1996
1388,31-013-CAS-16806675,test,1,0.9632824063301086,0.4899999999999999,1,1,CCS[C@@H]1O[C@H](COC(C)=O)[C@@H](OC(C)=O)[C@H](OC(C)=O)[C@H]1NC(=O)OCC(Cl)(Cl)Cl,C[Si](C)(C)CCO[C@@H]1O[C@H](COCc2ccccc2)[C@@H](O)[C@H](O)[C@H]1N1C(=O)c2ccccc2C1=O,chiral_gine,crossattn,1,8F3E1E44,thioglycoside,2013
1389,31-013-CAS-6076988,test,1,0.9793620109558105,0.4899999999999999,1,1,CCS[C@@H]1O[C@H](COC(C)=O)[C@@H](OC(C)=O)[C@H](OC(C)=O)[C@H]1NC(=O)OCC(Cl)(Cl)Cl,C[Si](C)(C)CCO[C@@H]1O[C@H](COCc2ccccc2)[C@@H](O)[C@H](O)[C@H]1N1C(=O)c2ccccc2C1=O,chiral_gine,crossattn,1,8F3E1E44,thioglycoside,2001
1413,31-013-CAS-15393474,test,1,0.9865095019340515,0.4899999999999999,1,1,CC(=O)OC[C@H]1O[C@@H](Sc2ccc(C)cc2)[C@H](N2C(=O)c3ccccc3C2=O)[C@@H](OC(C)=O)[C@@H]1OC(C)=O,CC(=O)O[C@H]1[C@H](O)[C@@H](COCc2ccccc2)O[C@@H](Sc2ccc(C)cc2)[C@@H]1N1C(=O)c2ccccc2C1=O,chiral_gine,crossattn,1,A3453389,thioglycoside,2015
1414,31-013-CAS-3282710,test,1,0.9815956950187683,0.4899999999999999,1,1,COc1ccc(CO[C@H]2[C@@H](O[Si](c3ccccc3)(c3ccccc3)C(C)(C)C)[C@@H]3OC4(CCCCC4)OC[C@H]3O[C@@H]2SC)cc1,C=CCO[C@@H]1O[C@H](COCc2ccccc2)[C@@H](O[C@@H]2O[C@H](COCc3ccccc3)[C@@H](O)[C@H](OCc3ccccc3)[C@H]2N2C(=O)c3ccccc3C2=O)[C@H](OCc2ccccc2)[C@H]1N1C(=O)c2ccccc2C1=O,chiral_gine,crossattn,1,EFAC4828,thioglycoside,2003
1415,31-013-CAS-4022684,test,1,0.9751071333885193,0.4899999999999999,1,1,CC(=O)OC[C@H]1O[C@@H](O[C@H]2[C@H](OC(C)=O)[C@@H](N3C(=O)c4ccccc4C3=O)[C@H](O[C@H]3[C@H](OC(C)=O)[C@@H](N4C(=O)c5ccccc5C4=O)[C@H](Sc4ccccc4)O[C@@H]3COCc3ccccc3)O[C@@H]2COCc2ccccc2)[C@H](N2C(=O)c3ccccc3C2=O)[C@@H](OC(C)=O)[C@@H]1OC(C)=O,CC(=O)O[C@H]1[C@H](O)[C@@H](COCc2ccccc2)O[C@@H](Sc2ccccc2)[C@@H]1N1C(=O)c2ccccc2C1=O,chiral_gine,crossattn,1,96953215,thioglycoside,2004
1416,31-013-CAS-7726616,test,1,0.9709305763244629,0.4899999999999999,1,1,CCS[C@@H]1O[C@H](COCc2ccccc2)[C@@H](OC(C)=O)[C@H](OC(C)=O)[C@H]1N1C(=O)c2ccccc2C1=O,COc1ccc(COC[C@H]2O[C@@H](N=[N+]=[N-])[C@H](N3C(=O)c4ccccc4C3=O)[C@@H](O)[C@@H]2O)cc1,chiral_gine,crossattn,1,39AA0DEA,thioglycoside,2002
1418,31-013-CAS-16820825,test,1,0.961219072341919,0.4899999999999999,1,1,CC(=O)O[C@H]1[C@H](OCc2ccccc2)[C@@H](N2C(=O)c3ccccc3C2=O)[C@H](O[C@H]2[C@H](OCc3ccccc3)[C@@H](N3C(=O)c4ccccc4C3=O)[C@H](O[C@H]3[C@H](OCc4ccccc4)[C@@H](N4C(=O)c5ccccc5C4=O)[C@H](Sc4ccccc4)O[C@@H]3COCc3ccccc3)O[C@@H]2COCc2ccccc2)O[C@@H]1COCc1ccccc1,O=C1c2ccccc2C(=O)N1[C@@H]1[C@@H](OCc2ccccc2)[C@H](O)[C@@H](COCc2ccccc2)O[C@H]1Sc1ccccc1,chiral_gine,crossattn,1,3C8CA085,thioglycoside,2008
1422,31-013-CAS-21944308,test,1,0.9708531498908997,0.4899999999999999,1,1,COc1ccc(COC[C@H]2O[C@@H](O[C@H]3[C@H](OCc4ccccc4)[C@@H](N4C(=O)c5ccccc5C4=O)[C@H](Sc4ccccc4)O[C@@H]3COCc3ccccc3)[C@@H](OCc3ccccc3)[C@@H](OCc3ccc(OC)cc3)[C@@H]2OCc2ccccc2)cc1,C[C@@H]1O[C@@H](OC[C@H]2O[C@@H](OCc3ccccc3)[C@H](N3C(=O)c4ccccc4C3=O)[C@@H](OCc3ccccc3)[C@@H]2O)[C@@H](OCc2ccccc2)[C@H](OCc2ccccc2)[C@@H]1OCc1ccccc1,chiral_gine,crossattn,1,71689F89,thioglycoside,2020
1426,31-614-CAS-28293923,test,1,0.9587954878807068,0.4899999999999999,1,1,COc1ccc(CO[C@H]2[C@@H](OC(=O)CCl)[C@@H](CN3C(=O)c4ccccc4C3=O)O[C@@H](Sc3ccccc3)[C@@H]2N2C(=O)c3ccccc3C2=O)cc1,COc1ccc(CO[C@H]2[C@@H](O)[C@@H](CN3C(=O)c4ccccc4C3=O)O[C@@H](O[C@@H]3[C@H](OCc4ccc(OC)cc4)[C@@H](N4C(=O)c5ccccc5C4=O)[C@H](O[C@@H]4[C@H](OCc5ccc(OC)cc5)[C@@H](N5C(=O)c6ccccc6C5=O)[C@H](OC)O[C@@H]4CN4C(=O)c5ccccc5C4=O)O[C@@H]3CN3C(=O)c4ccccc4C3=O)[C@@H]2N2C(=O)c3ccccc3C2=O)cc1,chiral_gine,crossattn,1,5BC93DCE,thioglycoside,2017
1430,31-013-CAS-8917480,test,1,0.9699090719223022,0.4899999999999999,1,1,COc1ccc(CO[C@H]2[C@@H](O[Si](c3ccccc3)(c3ccccc3)C(C)(C)C)[C@@H]3OC4(CCCCC4)OC[C@H]3O[C@@H]2SC)cc1,O=C1c2ccccc2C(=O)N1[C@H]1[C@H](O[C@H]2[C@H](OCc3ccccc3)[C@@H](N3C(=O)c4ccccc4C3=O)[C@H](OCc3ccccc3)O[C@@H]2COCc2ccccc2)O[C@H](COCc2ccccc2)[C@@H](O)[C@@H]1OCc1ccccc1,chiral_gine,crossattn,1,7278E9DE,thioglycoside,2005
1439,31-013-CAS-7488283,test,1,0.9611209630966187,0.4899999999999999,1,1,CCS[C@@H]1O[C@@H]2CO[C@@H](c3ccccc3)O[C@H]2[C@H](OCc2ccccc2)[C@H]1N1C(=O)c2ccccc2C1=O,[N-]=[N+]=N[C@@H]1O[C@H](COCc2ccccc2)[C@@H](O)[C@H](OCc2ccccc2)[C@H]1N1C(=O)c2ccccc2C1=O,chiral_gine,crossattn,1,30AB0D9D,thioglycoside,2011
1445,31-013-CAS-12921527,test,1,0.8898432850837708,0.4899999999999999,1,1,Cc1ccc(S[C@@H]2O[C@H](COCc3ccccc3)[C@H](OCc3ccccc3)[C@H](OCc3ccccc3)[C@H]2OC(=O)c2ccccc2)cc1,Cc1ccc(S[C@@H]2O[C@H](COCc3ccccc3)[C@H](O)[C@@H]3OC(=O)N(Cc4ccccc4)[C@H]32)cc1,chiral_gine,crossattn,1,5804042D,thioglycoside,2010
1453,31-614-CAS-24299301,test,0,0.256754606962204,0.4899999999999999,0,1,Cc1ccc(S[C@H]2O[C@H](COC(=S)Oc3ccccc3)[C@H](N3C(=O)c4ccccc4C3=O)[C@H](OC(=O)c3ccccc3)[C@H]2N=[N+]=[N-])cc1,CC(=O)OC[C@@H](OC(=O)c1ccccc1)[C@@H]1O[C@@H](O[C@H]2[C@@H](O)[C@H]3CO[C@H](O3)[C@@H]2N=[N+]=[N-])[C@H](OC(=O)c2ccccc2)[C@H]1OC(=O)c1ccccc1,chiral_gine,crossattn,1,3E8054AF,thioglycoside,2021
1454,31-013-CAS-20404994,test,1,0.9638458490371704,0.4899999999999999,1,1,CCS[C@@H]1O[C@H](COC(C)=O)[C@H](OC(C)=O)[C@H](OC(C)=O)[C@H]1NC(=O)OCC(Cl)(Cl)Cl,CC(=O)O[C@H]1[C@H](O)[C@@H](COCc2ccccc2)O[C@@H](OCCOCCOCCN=[N+]=[N-])[C@@H]1N1C(=O)c2ccccc2C1=O,chiral_gine,crossattn,1,5C9213DC,thioglycoside,2019
1456,31-013-CAS-1120171,test,1,0.9681873917579651,0.4899999999999999,1,1,COC(=O)[C@@]1(O[C@H]2[C@@H](OC(=O)c3ccccc3)[C@@H](COC(=O)c3ccccc3)O[C@@H](SC)[C@@H]2OC(=O)c2ccccc2)C[C@H](OC(C)=O)[C@@H](NC(C)=O)[C@H]([C@H](OC(C)=O)[C@@H](COC(C)=O)OC(C)=O)O1,C[Si](C)(C)CCO[C@@H]1O[C@H](COCc2ccccc2)[C@@H](O[C@@H]2O[C@H](COCc3ccccc3)[C@H](OCc3ccccc3)[C@H](O[C@@H]3O[C@H](COCc4ccccc4)[C@@H](O)[C@H](OCc4ccccc4)[C@H]3NC(=O)c3ccccc3)[C@H]2OCc2ccccc2)[C@H](OCc2ccccc2)[C@H]1OCc1ccccc1,chiral_gine,crossattn,1,AABA18FE,thioglycoside,2002
1457,31-013-CAS-7286890,test,0,0.727158784866333,0.4899999999999999,1,0,C[C@@H]1O[C@H](Sc2ccc(Cl)cc2)[C@@H](OCc2ccccc2)[C@H](OCc2ccccc2)[C@@H]1OCc1ccccc1,CC(=O)OC[C@H]1O[C@@H](O[C@H]2[C@H](O)[C@@H](COCc3ccccc3)O[C@@H](Sc3ccc(Cl)cc3)[C@@H]2N2C(=O)c3ccccc3C2=O)[C@H](OC(C)=O)[C@@H](OC(C)=O)[C@H]1OC(C)=O,chiral_gine,crossattn,1,7C2BD439,thioglycoside,2010
1459,31-013-CAS-15100866,test,1,0.966996967792511,0.4899999999999999,1,1,CS[C@@H]1O[C@H](COC(C)=O)[C@H](OC(C)=O)[C@H](N=[N+]=[N-])[C@H]1OC(C)=O,CC(=O)OC[C@H]1O[C@@H](OCCBr)[C@H](N2C(=O)c3c(Cl)c(Cl)c(Cl)c(Cl)c3C2=O)[C@@H](O)[C@@H]1O,chiral_gine,crossattn,1,367604D3,thioglycoside,2006
1460,31-614-CAS-24965173,test,1,0.9827013611793518,0.4899999999999999,1,1,COc1ccc(CO[C@H]2[C@@H]3O[C@H](c4ccccc4)OC[C@H]3O[C@H](S(=O)(=O)c3ccccc3)[C@H]2OCc2ccccc2)cc1,CC(C)(C)[Si](OC[C@H]1O[C@@H](OCc2ccccc2)[C@H](N2C(=O)c3ccccc3C2=O)[C@@H](OCc2ccccc2)[C@@H]1O[C@@H]1O[C@H](COCc2ccccc2)[C@@H](O)[C@H](OCc2ccccc2)[C@H]1N1C(=O)c2ccccc2C1=O)(c1ccccc1)c1ccccc1,chiral_gine,crossattn,1,72A26897,thioglycoside,2009
1464,31-013-CAS-4102089,test,1,0.9763660430908203,0.4899999999999999,1,1,CC(=O)OC[C@H]1O[C@@H](Sc2ccc(C)cc2)[C@H](N2C(=O)c3ccccc3C2=O)[C@@H](OC(C)=O)[C@@H]1OC(C)=O,O=C1c2ccccc2C(=O)N1[C@@H]1[C@@H](OCc2ccccc2)[C@H](O)[C@@H](COCc2ccccc2)O[C@H]1Sc1ccc(F)cc1,chiral_gine,crossattn,1,4EBBF4CF,thioglycoside,2015
1466,31-301-CAS-14089757,test,1,0.9716737270355225,0.4899999999999999,1,1,C[Si](C)(C)CCOC(=O)[C@H]1O[C@@H](S(=O)c2ccccc2)[C@H](OC(=O)c2ccccc2)[C@@H](OCc2ccccc2)[C@H]1OCc1ccccc1,C[C@H]1O[C@@H](Sc2ccccc2)[C@H](N2C(=O)c3c(Cl)c(Cl)c(Cl)c(Cl)c3C2=O)[C@@H](O)[C@@H]1O,chiral_gine,crossattn,1,0E97B466,thioglycoside,2009
1467,31-301-CAS-2081601,test,1,0.9716736078262329,0.4899999999999999,1,1,C[Si](C)(C)CCOC(=O)[C@H]1O[C@@H](S(=O)c2ccccc2)[C@H](OC(=O)c2ccccc2)[C@@H](OCc2ccccc2)[C@H]1OCc1ccccc1,C[C@H]1O[C@@H](Sc2ccccc2)[C@H](N2C(=O)c3c(Cl)c(Cl)c(Cl)c(Cl)c3C2=O)[C@@H](O)[C@@H]1O,chiral_gine,crossattn,1,0E97B466,thioglycoside,2006
1474,31-013-CAS-3406433,test,1,0.9721449017524719,0.4899999999999999,1,1,C=CCOC[C@H]1O[C@@H](O[C@H]2[C@H](OCc3ccccc3)[C@@H](N3C(=O)c4ccccc4C3=O)[C@H](SCC)O[C@@H]2COCc2ccccc2)[C@@H](OCc2ccccc2)[C@@H](OCC=C)[C@@H]1OCc1ccccc1,[N-]=[N+]=N[C@@H]1O[C@H](COCc2ccccc2)[C@@H](O)[C@H](OCc2ccccc2)[C@H]1N1C(=O)c2ccccc2C1=O,chiral_gine,crossattn,1,BFF3F025,thioglycoside,2012
1475,31-013-CAS-23731804,test,1,0.8670088648796082,0.4899999999999999,1,1,CC(=O)O[C@H]1[C@H](O[C@@H]2O[C@H](COCc3ccccc3)[C@@H](O[C@@H]3O[C@H](COCc4ccccc4)[C@@H](OCc4ccccc4)[C@H](OCc4ccccc4)[C@H]3N=[N+]=[N-])[C@H](OC(C)=O)[C@H]2N2C(=O)c3ccccc3C2=O)[C@@H](COCc2ccccc2)O[C@@H](Sc2ccc(F)cc2)[C@@H]1N1C(=O)c2ccccc2C1=O,CC(=O)O[C@H]1[C@H](O)[C@@H](COCc2ccccc2)O[C@@H](Sc2ccc(F)cc2)[C@@H]1N1C(=O)c2ccccc2C1=O,chiral_gine,crossattn,1,1BB96AC9,thioglycoside,2017
1482,31-013-CAS-4942088,test,1,0.9780398011207581,0.4899999999999999,1,1,CC(=O)OC[C@H]1O[C@@H](OC[C@H]2O[C@@H](O[C@H]3[C@H](OC(C)=O)[C@@H](N4C(=O)c5ccccc5C4=O)[C@H](Sc4ccccc4)O[C@@H]3COCc3ccccc3)[C@H](N3C(=O)c4ccccc4C3=O)[C@@H](OC(=O)c3ccccc3)[C@@H]2OC(=O)c2ccccc2)[C@H](N2C(=O)c3ccccc3C2=O)[C@@H](OC(C)=O)[C@@H]1OC(C)=O,CC(=O)O[C@H]1[C@H](O)[C@@H](COCc2ccccc2)O[C@@H](Sc2ccccc2)[C@@H]1N1C(=O)c2ccccc2C1=O,chiral_gine,crossattn,1,797412DE,thioglycoside,2004
1494,31-013-CAS-5792629,test,0,0.038450464606285095,0.4899999999999999,0,1,CC(=O)CCC(=O)O[C@H]1[C@H](OCc2ccc(Br)cc2)[C@@H](N(C(C)=O)C(C)=O)[C@@H](O[C@H]2[C@H](OCc3ccccc3)[C@@H](OC(=O)c3ccccc3)[C@H](Sc3ccc(C)cc3)O[C@H]2COC(C)=O)O[C@@H]1CO[Si](c1ccccc1)(c1ccccc1)C(C)(C)C,CO[C@H]1O[C@H](COCc2ccc3ccccc3c2)[C@@H](O[C@@H]2O[C@@H](COC(C)=O)[C@@H](O[C@H]3O[C@H](CO[Si](c4ccccc4)(c4ccccc4)C(C)(C)C)[C@@H](O)[C@H](OCc4ccc(Br)cc4)[C@H]3N=[N+]=[N-])[C@H](OCc3ccccc3)[C@H]2OC(=O)c2ccccc2)[C@H](OC(=O)c2ccccc2)[C@H]1NC(=O)OCc1ccccc1,chiral_gine,crossattn,1,3BAFF8AF,thioglycoside,2011
1496,31-013-CAS-15382044,test,1,0.9470617771148682,0.4899999999999999,1,1,CC(=O)OC[C@H]1O[C@@H](Sc2ccc(C)cc2)[C@H](N2C(=O)c3ccccc3C2=O)[C@@H](OC(C)=O)[C@@H]1OC(C)=O,Cc1ccc(S[C@@H]2O[C@H](COC(=O)c3ccccc3)[C@@H](O)[C@H](OC(=O)c3ccccc3)[C@H]2NC(=O)OCC(Cl)(Cl)Cl)cc1,chiral_gine,crossattn,1,6F974D59,thioglycoside,2007
1500,31-013-CAS-11809252,test,0,0.9335173964500427,0.4899999999999999,1,0,CC(=O)OC[C@H]1O[C@@H](Sc2ccccc2)[C@H]2[C@@H](OC(=O)N2Cc2ccccc2)[C@@H]1OC(C)=O,COc1ccc(O[C@@H]2O[C@H](COCc3ccccc3)[C@@H](O)[C@H](OCc3ccccc3)[C@H]2N2C(=O)c3ccccc3C2=O)cc1,chiral_gine,crossattn,1,90E0D817,thioglycoside,2011
1505,31-013-CAS-2166542,test,1,0.9462833404541016,0.4899999999999999,1,1,COc1ccc(CO[C@H]2[C@@H](O[Si](c3ccccc3)(c3ccccc3)C(C)(C)C)[C@@H]3OC4(CCCCC4)OC[C@H]3O[C@@H]2SC)cc1,[N-]=[N+]=N[C@@H]1O[C@H](COCc2ccccc2)[C@@H](O[C@@H]2O[C@H](COCc3ccccc3)[C@@H](O)[C@H](OCc3ccccc3)[C@H]2N2C(=O)c3ccccc3C2=O)[C@H](OCc2ccccc2)[C@H]1N1C(=O)c2ccccc2C1=O,chiral_gine,crossattn,1,6ED97B6E,thioglycoside,2000
1511,31-013-CAS-19117152,test,1,0.9418575167655945,0.4899999999999999,1,1,COc1ccc([C@@H]2OC[C@H]3O[C@@H](Sc4ccc(C)cc4)[C@H](OC(=O)CCC(C)=O)[C@@H](OCc4ccccc4)[C@@H]3O2)cc1,CC(=O)OC[C@H]1O[C@@H](O[C@H]2[C@H](OC(C)=O)[C@@H](N3C(=O)c4ccccc4C3=O)[C@H](N=[N+]=[N-])O[C@@H]2COC(C)=O)[C@H](N2C(=O)c3ccccc3C2=O)[C@@H](OC(C)=O)[C@@H]1O,chiral_gine,crossattn,1,DB47001E,thioglycoside,2018
1518,31-013-CAS-7065488,test,1,0.9416162967681885,0.4899999999999999,1,1,CC(=O)OC[C@H]1O[C@@H](Sc2ccccc2)[C@H](N2C(=O)c3c(Cl)c(Cl)c(Cl)c(Cl)c3C2=O)[C@@H](OC(C)=O)[C@@H]1OC(C)=O,CC(=O)O[C@H]1[C@H](O)[C@@H](COCc2ccccc2)O[C@@H](Sc2ccccc2)[C@@H]1N1C(=O)c2c(Cl)c(Cl)c(Cl)c(Cl)c2C1=O,chiral_gine,crossattn,1,B15ADB9E,thioglycoside,2005
1520,31-614-CAS-30618647,test,1,0.9737690091133118,0.4899999999999999,1,1,CC(C)(C)[Si](C)(C)O[C@H]1[C@H](OCc2ccccc2)[C@@H](N2C(=O)c3c(Cl)c(Cl)c(Cl)c(Cl)c3C2=O)[C@H](S(=O)c2ccccc2)O[C@@H]1COCc1ccccc1,O=C1c2c(Cl)c(Cl)c(Cl)c(Cl)c2C(=O)N1[C@@H]1[C@@H](O)[C@H](O)[C@@H](COCc2ccccc2)O[C@H]1Sc1ccccc1,chiral_gine,crossattn,1,099A7843,thioglycoside,2007
1526,31-013-CAS-11179214,test,1,0.9651966691017151,0.4899999999999999,1,1,CC(=O)OC[C@H]1O[C@@H](O[C@H]2[C@H](OC(C)=O)[C@@H](N3C(=O)c4ccccc4C3=O)[C@H](Sc3cc(C(C)(C)C)ccc3C)O[C@@H]2COCc2ccccc2)[C@H](NC(=O)OCc2ccccc2)[C@@H](OC(C)=O)[C@@H]1OC(C)=O,CC(=O)O[C@H]1[C@H](O)[C@@H](COC(=O)c2ccccc2)O[C@@H](O[C@H]2[C@H](OC(C)=O)[C@@H](N3C(=O)c4ccccc4C3=O)[C@H](OCc3ccccc3)O[C@@H]2CO[Si](c2ccccc2)(c2ccccc2)C(C)(C)C)[C@@H]1N1C(=O)c2ccccc2C1=O,chiral_gine,crossattn,1,BDF2A6AC,thioglycoside,2013
1528,31-013-CAS-8627156,test,1,0.9767717719078064,0.4899999999999999,1,1,CC(=O)O[C@H]1[C@@H](O[C@H]2O[C@H](COCc3ccccc3)[C@@H](OC(=O)CCl)[C@@H]3OC(=O)N(Cc4ccccc4)[C@@H]23)[C@@H](COCc2ccccc2)O[C@@H](Sc2ccccc2)[C@@H]1OC(C)=O,COc1ccc(O[C@@H]2O[C@H](COCc3ccccc3)[C@@H](O)[C@H](OCc3ccccc3)[C@H]2N2C(=O)c3ccccc3C2=O)cc1,chiral_gine,crossattn,1,8C21BEC8,thioglycoside,2008
1529,31-013-CAS-26474,test,1,0.9767717719078064,0.4899999999999999,1,1,CC(=O)O[C@H]1[C@@H](O[C@H]2O[C@H](COCc3ccccc3)[C@@H](OC(=O)CCl)[C@@H]3OC(=O)N(Cc4ccccc4)[C@@H]23)[C@@H](COCc2ccccc2)O[C@@H](Sc2ccccc2)[C@@H]1OC(C)=O,COc1ccc(O[C@@H]2O[C@H](COCc3ccccc3)[C@@H](O)[C@H](OCc3ccccc3)[C@H]2N2C(=O)c3ccccc3C2=O)cc1,chiral_gine,crossattn,1,8C21BEC8,thioglycoside,2007
1532,31-614-CAS-41884159,test,0,0.0006154184811748564,0.4899999999999999,0,1,COC(=O)[C@@H]1O[C@@H](Sc2ccccc2)[C@H](OC(=O)CCC(C)=O)[C@@H](OCc2ccccc2)[C@@H]1O[C@H]1O[C@H](CO[Si](c2ccccc2)(c2ccccc2)C(C)(C)C)[C@@H](OC(=O)c2ccccc2)[C@H](OCc2ccccc2)[C@H]1N=[N+]=[N-],COC(=O)[C@@H]1O[C@@H](OCCCCCN(Cc2ccccc2)C(=O)OCc2ccc(CCC(F)(F)C(F)(F)C(F)(F)C(F)(F)C(F)(F)C(F)(F)C(F)(F)C(F)(F)F)cc2)[C@H](OC(=O)c2ccccc2)[C@@H](OCc2ccccc2)[C@@H]1O[C@H]1O[C@H](COCc2ccc3ccccc3c2)[C@@H](O)[C@H](OCc2ccccc2)[C@H]1NC(=O)C(F)(F)F,chiral_gine,crossattn,1,4B157F1D,thioglycoside,2023
1533,31-614-CAS-37959480,test,0,0.0006154184811748564,0.4899999999999999,0,1,COC(=O)[C@@H]1O[C@@H](Sc2ccccc2)[C@H](OC(=O)CCC(C)=O)[C@@H](OCc2ccccc2)[C@@H]1O[C@H]1O[C@H](CO[Si](c2ccccc2)(c2ccccc2)C(C)(C)C)[C@@H](OC(=O)c2ccccc2)[C@H](OCc2ccccc2)[C@H]1N=[N+]=[N-],COC(=O)[C@@H]1O[C@@H](OCCCCCN(Cc2ccccc2)C(=O)OCc2ccc(CCC(F)(F)C(F)(F)C(F)(F)C(F)(F)C(F)(F)C(F)(F)C(F)(F)C(F)(F)F)cc2)[C@H](OC(=O)c2ccccc2)[C@@H](OCc2ccccc2)[C@@H]1O[C@H]1O[C@H](COCc2ccc3ccccc3c2)[C@@H](O)[C@H](OCc2ccccc2)[C@H]1NC(=O)C(F)(F)F,chiral_gine,crossattn,1,4B157F1D,thioglycoside,2022
1541,31-614-CAS-45240845,test,0,0.12158237397670746,0.4899999999999999,0,1,C[C@@H]1O[C@@H](O[C@H]2[C@H](OCc3ccccc3)[C@@H]([C@@H](COCc3ccccc3)OCc3ccccc3)O[C@@H](Sc3ccccc3)[C@H]2OCc2ccc3ccccc3c2)[C@H](OCc2ccccc2)C[C@H]1OCc1ccccc1,C[C@@H]1O[C@@H](O[C@@H]2[C@@H](NC(=O)C(Cl)(Cl)Cl)[C@H](OCCCNC(=O)OCc3ccccc3)O[C@H](C)[C@H]2NC(=O)C[C@@H]2C[C@H](C)O[C@H](c3ccccc3)O2)[C@@H](N=[N+]=[N-])[C@H](OCc2ccccc2)[C@@H]1O,chiral_gine,crossattn,1,3C5BA861,thioglycoside,2024
1542,31-013-CAS-21774311,test,0,0.004336275160312653,0.4899999999999999,0,1,CC(=O)OC[C@H]1O[C@@H](Sc2ccc(C)cc2)[C@H](N=[N+]=[N-])[C@@H](OCc2ccccc2)[C@@H]1OCc1ccccc1,COC(=O)[C@H]1O[C@@H](O[C@H]2[C@H](NC(=O)OCC(Cl)(Cl)Cl)[C@@H](OC[C@H]3O[C@@H](OCCCN(Cc4ccccc4)C(=O)OCc4ccccc4)[C@H](NC(=O)OCC(Cl)(Cl)Cl)[C@@H](OC(C)=O)[C@@H]3O[C@H]3O[C@H]([C@H](COC(C)=O)OC(C)=O)[C@@H](OCc4ccccc4)[C@H](OCc4ccccc4)[C@@H]3OCc3ccccc3)O[C@@H](C)[C@H]2N(C)C(=O)OCc2ccccc2)[C@@H](N=[N+]=[N-])[C@@H](N=[N+]=[N-])[C@@H]1O,chiral_gine,crossattn,1,5DE23D10,thioglycoside,2020
1543,31-614-CAS-41884456,test,0,0.00015853822696954012,0.4899999999999999,0,1,COC(=O)[C@@H]1O[C@@H](Sc2ccccc2)[C@H](OC(=O)CCC(C)=O)[C@@H](OCc2ccccc2)[C@@H]1O[C@H]1O[C@H](CO[Si](c2ccccc2)(c2ccccc2)C(C)(C)C)[C@@H](OC(=O)c2ccccc2)[C@H](OCc2ccccc2)[C@H]1N=[N+]=[N-],COC(=O)[C@@H]1O[C@@H](OCCCCCN(Cc2ccccc2)C(=O)OCc2ccc(CCC(F)(F)C(F)(F)C(F)(F)C(F)(F)C(F)(F)C(F)(F)F)cc2)[C@H](OC(=O)OCC2c3ccccc3-c3ccccc32)[C@@H](OCc2ccccc2)[C@@H]1O[C@H]1O[C@H](COCc2ccc3ccccc3c2)[C@@H](O)[C@H](OCc2ccccc2)[C@H]1NC(=O)C(F)(F)F,chiral_gine,crossattn,1,C27CA146,thioglycoside,2023
1544,31-614-CAS-37959617,test,0,0.00015853838704060763,0.4899999999999999,0,1,COC(=O)[C@@H]1O[C@@H](Sc2ccccc2)[C@H](OC(=O)CCC(C)=O)[C@@H](OCc2ccccc2)[C@@H]1O[C@H]1O[C@H](CO[Si](c2ccccc2)(c2ccccc2)C(C)(C)C)[C@@H](OC(=O)c2ccccc2)[C@H](OCc2ccccc2)[C@H]1N=[N+]=[N-],COC(=O)[C@@H]1O[C@@H](OCCCCCN(Cc2ccccc2)C(=O)OCc2ccc(CCC(F)(F)C(F)(F)C(F)(F)C(F)(F)C(F)(F)C(F)(F)F)cc2)[C@H](OC(=O)OCC2c3ccccc3-c3ccccc32)[C@@H](OCc2ccccc2)[C@@H]1O[C@H]1O[C@H](COCc2ccc3ccccc3c2)[C@@H](O)[C@H](OCc2ccccc2)[C@H]1NC(=O)C(F)(F)F,chiral_gine,crossattn,1,C27CA146,thioglycoside,2022
1548,31-013-CAS-4019424,test,1,0.9330876469612122,0.4899999999999999,1,1,COC(=O)[C@@]1(O[C@H]2[C@H]3O[C@@H](c4ccccc4)OC[C@H]3O[C@@H](Sc3ccc(C)cc3)[C@@H]2OC(=O)c2ccccc2)C[C@H](OC(C)=O)[C@@H](NC(=O)C(Cl)(Cl)Cl)[C@H]([C@H](OC(C)=O)[C@@H](COC(C)=O)OC(C)=O)O1,Cc1ccc(S[C@@H]2O[C@H](COCc3ccccc3)[C@@H](O)[C@H](O)[C@H]2N2C(=O)c3ccccc3C2=O)cc1,chiral_gine,crossattn,1,8E6843C8,thioglycoside,2008
1550,31-614-CAS-24501387,test,1,0.9798014163970947,0.4899999999999999,1,1,COC(=O)[C@@]1(O[C@H]2[C@@H](OC(=O)c3ccccc3)[C@@H](COC(=O)c3ccccc3)O[C@@H](Sc3ccc(C)cc3)[C@@H]2OC(=O)c2ccccc2)C[C@@H]2OC(=O)N(C(C)=O)[C@H]2[C@H]([C@H](OC(C)=O)[C@@H](COC(C)=O)OC(C)=O)O1,COc1ccc(O[C@H]2O[C@H](CO[C@@H]3O[C@H](COCc4ccccc4)[C@@H](O)[C@H](OCc4ccccc4)[C@H]3NC(=O)OCC(Cl)(Cl)Cl)[C@@H](OCc3ccccc3)[C@H](OCc3ccccc3)[C@@H]2O[C@@H]2O[C@H](COCc3ccccc3)[C@@H](O[C@@H]3O[C@H](COCc4ccccc4)[C@H](OCc4ccccc4)[C@H](OCc4ccccc4)[C@H]3OC(C)=O)[C@H](OCc3ccccc3)[C@H]2NC(=O)OCC(Cl)(Cl)Cl)cc1,chiral_gine,crossattn,1,B5270AC8,thioglycoside,2020
1551,31-614-CAS-29170155,test,1,0.1257055550813675,0.4899999999999999,0,0,C[C@H]1O[C@@H](S(=O)c2ccccc2)[C@H](N2C(=O)c3c(Cl)c(Cl)c(Cl)c(Cl)c3C2=O)[C@@H](O)[C@@H]1O[C@@H]1O[C@H](C(=O)OCC[Si](C)(C)C)[C@H](OCc2ccccc2)[C@H](OCc2ccccc2)[C@H]1OC(=O)c1ccccc1,COc1ccc(COC[C@H]2O[C@@H](O[C@H]3[C@H](OCC[Si](C)(C)C)O[C@H](C(=O)Oc4ccccc4)[C@@](C)(O)[C@@H]3OC(=O)Oc3ccccc3)[C@H](N3C(=O)c4c(Cl)c(Cl)c(Cl)c(Cl)c4C3=O)[C@@H](OC(C)=O)[C@@H]2O)cc1,chiral_gine,crossattn,1,51DC62B0,thioglycoside,2006
1552,31-614-CAS-27856064,test,1,0.1257055401802063,0.4899999999999999,0,0,C[C@H]1O[C@@H](S(=O)c2ccccc2)[C@H](N2C(=O)c3c(Cl)c(Cl)c(Cl)c(Cl)c3C2=O)[C@@H](O)[C@@H]1O[C@@H]1O[C@H](C(=O)OCC[Si](C)(C)C)[C@H](OCc2ccccc2)[C@H](OCc2ccccc2)[C@H]1OC(=O)c1ccccc1,COc1ccc(COC[C@H]2O[C@@H](O[C@H]3[C@H](OCC[Si](C)(C)C)O[C@H](C(=O)Oc4ccccc4)[C@@](C)(O)[C@@H]3OC(=O)Oc3ccccc3)[C@H](N3C(=O)c4c(Cl)c(Cl)c(Cl)c(Cl)c4C3=O)[C@@H](OC(C)=O)[C@@H]2O)cc1,chiral_gine,crossattn,1,51DC62B0,thioglycoside,2009
1553,31-013-CAS-7313950,test,1,0.9732806086540222,0.4899999999999999,1,1,CC(=O)OC[C@H]1O[C@@H](Sc2ccccc2)[C@H](OC(C)=O)[C@@H](OC(C)=O)[C@H]1OC(C)=O,C[C@@H]1O[C@@H](O[C@H]2[C@H](O)[C@@H](COCc3ccccc3)O[C@@H](NC(=O)c3ccccc3)[C@@H]2N2C(=O)c3ccccc3C2=O)[C@@H](OCc2ccccc2)[C@H](OCc2ccccc2)[C@@H]1OCc1ccccc1,chiral_gine,crossattn,1,5B9E6D78,thioglycoside,1999
1558,31-013-CAS-21471842,test,1,0.9735759496688843,0.4899999999999999,1,1,COC(=O)[C@@]1(O[C@H]2[C@H]3O[C@@H](c4ccccc4)OC[C@H]3O[C@@H](Sc3ccc(C)cc3)[C@@H]2OC(=O)c2ccccc2)C[C@@H]2OC(=O)N(C(C)=O)[C@H]2[C@H]([C@H](OC(C)=O)[C@@H](COC(C)=O)OC(C)=O)O1,CC(=O)O[C@H]1[C@H](O[C@@H]2[C@H](O[C@@H]3O[C@H](COCc4ccccc4)[C@@H](O)[C@H](OCc4ccccc4)[C@H]3N3C(=O)c4ccccc4C3=O)[C@@H](OC(=O)c3ccccc3)[C@H](OCCCN=[N+]=[N-])O[C@@H]2COC(=O)c2ccccc2)O[C@H](COCc2ccccc2)[C@@H](OCc2ccccc2)[C@@H]1OCc1ccccc1,chiral_gine,crossattn,1,0C2EA194,thioglycoside,2019
