ID,Reaction_ID,Label,Product_Config,model_name,feature_set,split_name,y_proba,y_pred,threshold
16,31-010-CAS-22198130,1,b,logistic_regression,structure_condition,split_pair_group,0.9899541139602661,1,0.615
25,31-010-CAS-5525801,1,b,logistic_regression,structure_condition,split_pair_group,0.999661922454834,1,0.615
26,31-614-CAS-31203171,0,a,logistic_regression,structure_condition,split_pair_group,0.9538261294364929,1,0.615
36,31-010-CAS-4980852,1,b,logistic_regression,structure_condition,split_pair_group,0.9922681450843811,1,0.615
54,31-010-CAS-19796375,1,b,logistic_regression,structure_condition,split_pair_group,0.9966070652008057,1,0.615
74,31-010-CAS-8524792,0,a,logistic_regression,structure_condition,split_pair_group,0.147989884018898,0,0.615
78,31-010-CAS-1161485,0,a,logistic_regression,structure_condition,split_pair_group,0.20608395338058472,0,0.615
114,31-010-CAS-6728808,0,a,logistic_regression,structure_condition,split_pair_group,0.8617969155311584,1,0.615
127,31-010-CAS-3431516,1,b,logistic_regression,structure_condition,split_pair_group,0.9706741571426392,1,0.615
138,31-010-CAS-12729167,1,b,logistic_regression,structure_condition,split_pair_group,0.14076465368270874,0,0.615
142,31-010-CAS-11617057,1,b,logistic_regression,structure_condition,split_pair_group,0.9208472371101379,1,0.615
143,31-010-CAS-3803419,0,a,logistic_regression,structure_condition,split_pair_group,0.06208605691790581,0,0.615
146,31-010-CAS-13055419,1,b,logistic_regression,structure_condition,split_pair_group,0.9999226331710815,1,0.615
148,31-010-CAS-884798,1,b,logistic_regression,structure_condition,split_pair_group,0.9954909682273865,1,0.615
157,31-010-CAS-23202756,1,b,logistic_regression,structure_condition,split_pair_group,0.9790018796920776,1,0.615
161,31-010-CAS-8171704,1,b,logistic_regression,structure_condition,split_pair_group,0.9822540879249573,1,0.615
170,31-010-CAS-16546348,1,b,logistic_regression,structure_condition,split_pair_group,0.9743703007698059,1,0.615
171,31-010-CAS-23204857,1,b,logistic_regression,structure_condition,split_pair_group,0.9792101979255676,1,0.615
183,31-010-CAS-4294380,0,a,logistic_regression,structure_condition,split_pair_group,0.26120132207870483,0,0.615
186,31-010-CAS-11796742,0,a,logistic_regression,structure_condition,split_pair_group,0.0025815609842538834,0,0.615
195,31-614-CAS-36199892,1,b,logistic_regression,structure_condition,split_pair_group,0.9931157231330872,1,0.615
203,31-010-CAS-16546344,1,b,logistic_regression,structure_condition,split_pair_group,0.9912392497062683,1,0.615
219,31-010-CAS-3920193,0,a,logistic_regression,structure_condition,split_pair_group,0.00044175394577905536,0,0.615
220,31-010-CAS-20767187,0,a,logistic_regression,structure_condition,split_pair_group,0.0009391767089255154,0,0.615
221,31-010-CAS-17642154,0,a,logistic_regression,structure_condition,split_pair_group,0.002245761686936021,0,0.615
234,31-013-CAS-5827715,1,b,logistic_regression,structure_condition,split_pair_group,0.9911221265792847,1,0.615
241,31-010-CAS-14863653,1,b,logistic_regression,structure_condition,split_pair_group,0.8611837029457092,1,0.615
243,31-010-CAS-13659910,1,b,logistic_regression,structure_condition,split_pair_group,0.9979154467582703,1,0.615
250,31-010-CAS-1767038,0,a,logistic_regression,structure_condition,split_pair_group,0.1002860888838768,0,0.615
265,31-010-CAS-7479832,1,b,logistic_regression,structure_condition,split_pair_group,0.9695060849189758,1,0.615
272,31-010-CAS-9842150,1,b,logistic_regression,structure_condition,split_pair_group,0.9999816417694092,1,0.615
284,31-010-CAS-4637552,1,b,logistic_regression,structure_condition,split_pair_group,0.9976404905319214,1,0.615
296,31-010-CAS-11281477,1,b,logistic_regression,structure_condition,split_pair_group,0.9745760560035706,1,0.615
298,31-010-CAS-6624950,1,b,logistic_regression,structure_condition,split_pair_group,0.9962623715400696,1,0.615
310,31-010-CAS-7407036,0,a,logistic_regression,structure_condition,split_pair_group,0.002252696081995964,0,0.615
317,31-010-CAS-17830886,1,b,logistic_regression,structure_condition,split_pair_group,0.7108869552612305,1,0.615
334,31-010-CAS-21359677,1,b,logistic_regression,structure_condition,split_pair_group,0.9435425996780396,1,0.615
335,31-010-CAS-1287355,1,b,logistic_regression,structure_condition,split_pair_group,0.9435425996780396,1,0.615
360,31-010-CAS-21359666,1,b,logistic_regression,structure_condition,split_pair_group,0.9989699125289917,1,0.615
361,31-010-CAS-1619273,1,b,logistic_regression,structure_condition,split_pair_group,0.9989699125289917,1,0.615
364,31-010-CAS-21359670,1,b,logistic_regression,structure_condition,split_pair_group,0.9991462230682373,1,0.615
365,31-010-CAS-10139664,1,b,logistic_regression,structure_condition,split_pair_group,0.9991462230682373,1,0.615
383,31-010-CAS-5251218,0,a,logistic_regression,structure_condition,split_pair_group,0.005524497013539076,0,0.615
384,31-010-CAS-5898048,1,b,logistic_regression,structure_condition,split_pair_group,0.8673445582389832,1,0.615
391,31-010-CAS-17658048,0,a,logistic_regression,structure_condition,split_pair_group,0.8350738883018494,1,0.615
392,31-010-CAS-12999057,0,a,logistic_regression,structure_condition,split_pair_group,0.9487457871437073,1,0.615
400,31-010-CAS-15131203,1,b,logistic_regression,structure_condition,split_pair_group,0.29559603333473206,0,0.615
406,31-010-CAS-18971959,1,b,logistic_regression,structure_condition,split_pair_group,0.986261785030365,1,0.615
418,31-010-CAS-7849619,1,b,logistic_regression,structure_condition,split_pair_group,0.9970423579216003,1,0.615
428,31-010-CAS-21359659,1,b,logistic_regression,structure_condition,split_pair_group,0.915938675403595,1,0.615
429,31-010-CAS-12041024,1,b,logistic_regression,structure_condition,split_pair_group,0.915938675403595,1,0.615
431,31-010-CAS-21359681,1,b,logistic_regression,structure_condition,split_pair_group,0.9976173043251038,1,0.615
432,31-010-CAS-9811894,1,b,logistic_regression,structure_condition,split_pair_group,0.9976173043251038,1,0.615
441,31-010-CAS-8693853,1,b,logistic_regression,structure_condition,split_pair_group,0.22341850399971008,0,0.615
448,31-010-CAS-13639242,0,a,logistic_regression,structure_condition,split_pair_group,0.13055895268917084,0,0.615
471,31-010-CAS-6859118,0,a,logistic_regression,structure_condition,split_pair_group,0.0010481945937499404,0,0.615
475,31-010-CAS-6246955,0,a,logistic_regression,structure_condition,split_pair_group,0.8142293691635132,1,0.615
483,31-010-CAS-5827902,0,a,logistic_regression,structure_condition,split_pair_group,0.001586940255947411,0,0.615
484,31-010-CAS-13993703,0,a,logistic_regression,structure_condition,split_pair_group,0.0015507746720686555,0,0.615
504,31-010-CAS-10204303,1,b,logistic_regression,structure_condition,split_pair_group,0.99989914894104,1,0.615
511,31-010-CAS-1044733,1,b,logistic_regression,structure_condition,split_pair_group,0.9946897029876709,1,0.615
515,31-010-CAS-878517,1,b,logistic_regression,structure_condition,split_pair_group,0.7602691054344177,1,0.615
530,31-010-CAS-10263463,1,b,logistic_regression,structure_condition,split_pair_group,0.2572212815284729,0,0.615
533,31-010-CAS-15475722,0,a,logistic_regression,structure_condition,split_pair_group,0.0047323270700871944,0,0.615
539,31-010-CAS-15140208,1,b,logistic_regression,structure_condition,split_pair_group,0.28342652320861816,0,0.615
540,31-010-CAS-14143291,1,b,logistic_regression,structure_condition,split_pair_group,0.2572212815284729,0,0.615
544,31-010-CAS-14482114,0,a,logistic_regression,structure_condition,split_pair_group,0.2572212815284729,0,0.615
545,31-010-CAS-16396095,1,b,logistic_regression,structure_condition,split_pair_group,0.9987733960151672,1,0.615
559,31-010-CAS-12809730,0,a,logistic_regression,structure_condition,split_pair_group,0.5268436670303345,0,0.615
565,31-010-CAS-5089795,0,a,logistic_regression,structure_condition,split_pair_group,0.05120113119482994,0,0.615
568,31-010-CAS-6229676,0,a,logistic_regression,structure_condition,split_pair_group,0.0013242276618257165,0,0.615
588,31-010-CAS-8250667,1,b,logistic_regression,structure_condition,split_pair_group,0.6396591067314148,1,0.615
594,31-013-CAS-5629637,0,a,logistic_regression,structure_condition,split_pair_group,0.41015493869781494,0,0.615
613,31-013-CAS-12466161,1,b,logistic_regression,structure_condition,split_pair_group,0.983486533164978,1,0.615
615,31-010-CAS-22654654,0,a,logistic_regression,structure_condition,split_pair_group,0.034425679594278336,0,0.615
620,31-010-CAS-21471849,1,b,logistic_regression,structure_condition,split_pair_group,0.997657299041748,1,0.615
623,31-614-CAS-40997648,1,b,logistic_regression,structure_condition,split_pair_group,0.9495413303375244,1,0.615
630,31-010-CAS-11999440,1,b,logistic_regression,structure_condition,split_pair_group,0.9962195754051208,1,0.615
641,31-010-CAS-21471846,1,b,logistic_regression,structure_condition,split_pair_group,0.9999136924743652,1,0.615
648,31-614-CAS-35275413,1,b,logistic_regression,structure_condition,split_pair_group,0.9979392886161804,1,0.615
655,31-013-CAS-14145593,0,a,logistic_regression,structure_condition,split_pair_group,0.00917240884155035,0,0.615
656,31-013-CAS-22581512,0,a,logistic_regression,structure_condition,split_pair_group,0.05911323055624962,0,0.615
657,31-013-CAS-9001704,0,a,logistic_regression,structure_condition,split_pair_group,0.002850309247151017,0,0.615
661,31-013-CAS-20074834,0,a,logistic_regression,structure_condition,split_pair_group,0.0022808024659752846,0,0.615
662,31-013-CAS-17381412,0,a,logistic_regression,structure_condition,split_pair_group,0.001248153974302113,0,0.615
679,31-013-CAS-20074845,0,a,logistic_regression,structure_condition,split_pair_group,0.003158311825245619,0,0.615
680,31-013-CAS-17381425,0,a,logistic_regression,structure_condition,split_pair_group,0.0017290537944063544,0,0.615
682,31-013-CAS-4038549,0,a,logistic_regression,structure_condition,split_pair_group,0.14056938886642456,0,0.615
683,31-013-CAS-22198141,0,a,logistic_regression,structure_condition,split_pair_group,0.11247566342353821,0,0.615
688,31-013-CAS-308870,0,a,logistic_regression,structure_condition,split_pair_group,0.0856660008430481,0,0.615
692,31-013-CAS-7066819,0,a,logistic_regression,structure_condition,split_pair_group,0.0006413017981685698,0,0.615
697,31-013-CAS-15171815,0,a,logistic_regression,structure_condition,split_pair_group,0.00042863033013418317,0,0.615
700,31-013-CAS-14695973,0,a,logistic_regression,structure_condition,split_pair_group,0.0035005880054086447,0,0.615
719,31-013-CAS-18792530,0,a,logistic_regression,structure_condition,split_pair_group,0.5127373337745667,0,0.615
720,31-013-CAS-13505033,0,a,logistic_regression,structure_condition,split_pair_group,0.6984317302703857,1,0.615
721,31-013-CAS-13132878,0,a,logistic_regression,structure_condition,split_pair_group,0.7193201780319214,1,0.615
722,31-013-CAS-21359610,0,a,logistic_regression,structure_condition,split_pair_group,0.12161532789468765,0,0.615
723,31-013-CAS-7463166,0,a,logistic_regression,structure_condition,split_pair_group,0.12161532789468765,0,0.615
739,31-013-CAS-10316632,0,a,logistic_regression,structure_condition,split_pair_group,0.6062363982200623,0,0.615
807,31-013-CAS-1407934,0,a,logistic_regression,structure_condition,split_pair_group,0.7207160592079163,1,0.615
831,31-013-CAS-1278764,0,a,logistic_regression,structure_condition,split_pair_group,0.01031800452619791,0,0.615
833,31-013-CAS-20818633,0,a,logistic_regression,structure_condition,split_pair_group,0.5357239842414856,0,0.615
837,31-614-CAS-38307143,1,b,logistic_regression,structure_condition,split_pair_group,0.9932668209075928,1,0.615
841,31-013-CAS-12570626,1,b,logistic_regression,structure_condition,split_pair_group,0.03992187976837158,0,0.615
842,31-013-CAS-3447636,1,b,logistic_regression,structure_condition,split_pair_group,0.043699320405721664,0,0.615
843,31-013-CAS-1313681,1,b,logistic_regression,structure_condition,split_pair_group,0.11033112555742264,0,0.615
850,31-013-CAS-19733120,0,a,logistic_regression,structure_condition,split_pair_group,0.07693499326705933,0,0.615
851,31-013-CAS-11213156,1,b,logistic_regression,structure_condition,split_pair_group,0.9711855053901672,1,0.615
855,31-049-CAS-11119860,1,b,logistic_regression,structure_condition,split_pair_group,0.989397406578064,1,0.615
864,31-614-CAS-25201498,1,b,logistic_regression,structure_condition,split_pair_group,0.9903400540351868,1,0.615
865,31-614-CAS-27090868,1,b,logistic_regression,structure_condition,split_pair_group,0.9903400540351868,1,0.615
884,31-013-CAS-9389396,1,b,logistic_regression,structure_condition,split_pair_group,0.9362033009529114,1,0.615
885,31-013-CAS-3991023,1,b,logistic_regression,structure_condition,split_pair_group,0.9642537236213684,1,0.615
890,31-614-CAS-29244011,1,b,logistic_regression,structure_condition,split_pair_group,0.9838061332702637,1,0.615
891,31-614-CAS-26064585,1,b,logistic_regression,structure_condition,split_pair_group,0.9882723689079285,1,0.615
896,31-013-CAS-8933724,0,a,logistic_regression,structure_condition,split_pair_group,0.4902076721191406,0,0.615
901,31-614-CAS-27463098,0,a,logistic_regression,structure_condition,split_pair_group,0.0025185476988554,0,0.615
904,31-013-CAS-17702336,1,b,logistic_regression,structure_condition,split_pair_group,0.8999375700950623,1,0.615
905,31-013-CAS-21762107,1,b,logistic_regression,structure_condition,split_pair_group,0.8737590909004211,1,0.615
906,31-013-CAS-21945116,1,b,logistic_regression,structure_condition,split_pair_group,0.9195060729980469,1,0.615
908,31-013-CAS-12760013,0,a,logistic_regression,structure_condition,split_pair_group,0.0024919346906244755,0,0.615
921,31-013-CAS-7584459,1,b,logistic_regression,structure_condition,split_pair_group,0.8372440934181213,1,0.615
922,31-013-CAS-1058357,1,b,logistic_regression,structure_condition,split_pair_group,0.7966495752334595,1,0.615
925,31-013-CAS-19796368,1,b,logistic_regression,structure_condition,split_pair_group,0.9980472326278687,1,0.615
926,31-013-CAS-5703022,1,b,logistic_regression,structure_condition,split_pair_group,0.993569016456604,1,0.615
935,31-013-CAS-9419983,0,a,logistic_regression,structure_condition,split_pair_group,1.3382223187363707e-05,0,0.615
937,31-013-CAS-11635380,0,a,logistic_regression,structure_condition,split_pair_group,0.00024328180006705225,0,0.615
942,31-013-CAS-13870844,0,a,logistic_regression,structure_condition,split_pair_group,0.11019209772348404,0,0.615
943,31-013-CAS-4635858,0,a,logistic_regression,structure_condition,split_pair_group,0.014285317622125149,0,0.615
944,31-614-CAS-34709650,0,a,logistic_regression,structure_condition,split_pair_group,0.7416531443595886,1,0.615
946,31-013-CAS-6806986,1,b,logistic_regression,structure_condition,split_pair_group,0.9901257753372192,1,0.615
963,31-614-CAS-26047459,1,b,logistic_regression,structure_condition,split_pair_group,0.2262677550315857,0,0.615
1008,31-013-CAS-5259694,1,b,logistic_regression,structure_condition,split_pair_group,0.8846268057823181,1,0.615
1009,31-013-CAS-3120111,1,b,logistic_regression,structure_condition,split_pair_group,0.8694531321525574,1,0.615
1012,31-013-CAS-21905508,1,b,logistic_regression,structure_condition,split_pair_group,0.9899987578392029,1,0.615
1014,31-013-CAS-18496614,1,b,logistic_regression,structure_condition,split_pair_group,0.9944989085197449,1,0.615
1024,31-013-CAS-12877153,0,a,logistic_regression,structure_condition,split_pair_group,0.0009699160000309348,0,0.615
1025,31-013-CAS-7511274,0,a,logistic_regression,structure_condition,split_pair_group,0.0008208315121009946,0,0.615
1026,31-013-CAS-854940,0,a,logistic_regression,structure_condition,split_pair_group,0.0007565994164906442,0,0.615
1027,31-013-CAS-8833991,0,a,logistic_regression,structure_condition,split_pair_group,0.008433671668171883,0,0.615
1029,31-013-CAS-2439768,1,b,logistic_regression,structure_condition,split_pair_group,0.773755669593811,1,0.615
1032,31-013-CAS-3532904,1,b,logistic_regression,structure_condition,split_pair_group,0.9431573152542114,1,0.615
1033,31-013-CAS-15039708,1,b,logistic_regression,structure_condition,split_pair_group,0.9007019996643066,1,0.615
1042,31-013-CAS-2224404,1,b,logistic_regression,structure_condition,split_pair_group,0.16950416564941406,0,0.615
1043,31-013-CAS-19733121,0,a,logistic_regression,structure_condition,split_pair_group,0.08130329847335815,0,0.615
1061,31-013-CAS-16587031,0,a,logistic_regression,structure_condition,split_pair_group,0.016772840172052383,0,0.615
1085,31-614-CAS-36914120,0,a,logistic_regression,structure_condition,split_pair_group,0.1353214681148529,0,0.615
1091,31-013-CAS-16946845,1,b,logistic_regression,structure_condition,split_pair_group,0.6539154648780823,1,0.615
1103,31-614-CAS-35394448,1,b,logistic_regression,structure_condition,split_pair_group,0.5562021732330322,0,0.615
1104,31-614-CAS-34336268,0,a,logistic_regression,structure_condition,split_pair_group,0.08678551018238068,0,0.615
1105,31-614-CAS-32458097,0,a,logistic_regression,structure_condition,split_pair_group,0.07841252535581589,0,0.615
1106,31-614-CAS-37588004,0,a,logistic_regression,structure_condition,split_pair_group,0.11323575675487518,0,0.615
1117,31-013-CAS-16968435,1,b,logistic_regression,structure_condition,split_pair_group,0.9872315526008606,1,0.615
1124,31-013-CAS-14738874,0,a,logistic_regression,structure_condition,split_pair_group,0.013685209676623344,0,0.615
1127,31-013-CAS-11726967,0,a,logistic_regression,structure_condition,split_pair_group,0.007840918377041817,0,0.615
1141,31-013-CAS-17791367,0,a,logistic_regression,structure_condition,split_pair_group,0.008114435710012913,0,0.615
1150,31-013-CAS-741372,1,b,logistic_regression,structure_condition,split_pair_group,0.9944228529930115,1,0.615
1160,31-013-CAS-17453665,1,b,logistic_regression,structure_condition,split_pair_group,0.9666342735290527,1,0.615
1165,31-013-CAS-11784711,1,b,logistic_regression,structure_condition,split_pair_group,0.10688270628452301,0,0.615
1175,31-013-CAS-21359611,0,a,logistic_regression,structure_condition,split_pair_group,0.009169349446892738,0,0.615
1176,31-013-CAS-9488276,0,a,logistic_regression,structure_condition,split_pair_group,0.009169349446892738,0,0.615
1182,31-013-CAS-12326620,0,a,logistic_regression,structure_condition,split_pair_group,0.001815762254409492,0,0.615
1185,31-013-CAS-23539710,0,a,logistic_regression,structure_condition,split_pair_group,0.004476817324757576,0,0.615
1187,31-013-CAS-14640673,0,a,logistic_regression,structure_condition,split_pair_group,0.21927598118782043,0,0.615
1196,31-013-CAS-1342962,1,b,logistic_regression,structure_condition,split_pair_group,0.9999257326126099,1,0.615
1210,31-013-CAS-3582973,0,a,logistic_regression,structure_condition,split_pair_group,0.15943752229213715,0,0.615
1226,31-013-CAS-4366967,1,b,logistic_regression,structure_condition,split_pair_group,0.8997800350189209,1,0.615
1229,31-013-CAS-16946849,1,b,logistic_regression,structure_condition,split_pair_group,0.9704739451408386,1,0.615
1241,31-013-CAS-2182975,1,b,logistic_regression,structure_condition,split_pair_group,0.6631325483322144,1,0.615
1247,31-013-CAS-13251956,1,b,logistic_regression,structure_condition,split_pair_group,0.9873140454292297,1,0.615
1248,31-013-CAS-3002515,0,a,logistic_regression,structure_condition,split_pair_group,0.15943752229213715,0,0.615
1261,31-614-CAS-37587999,0,a,logistic_regression,structure_condition,split_pair_group,0.09106258302927017,0,0.615
1264,31-013-CAS-806847,1,b,logistic_regression,structure_condition,split_pair_group,0.9971020817756653,1,0.615
1268,31-013-CAS-1585686,1,b,logistic_regression,structure_condition,split_pair_group,0.9996863603591919,1,0.615
1269,31-013-CAS-7643019,1,b,logistic_regression,structure_condition,split_pair_group,0.99932861328125,1,0.615
1280,31-614-CAS-34954204,0,a,logistic_regression,structure_condition,split_pair_group,0.9311586618423462,1,0.615
1288,31-013-CAS-14512141,1,b,logistic_regression,structure_condition,split_pair_group,0.9183915853500366,1,0.615
1293,31-614-CAS-34956360,1,b,logistic_regression,structure_condition,split_pair_group,0.999607503414154,1,0.615
1294,31-614-CAS-40218495,1,b,logistic_regression,structure_condition,split_pair_group,0.9774028658866882,1,0.615
1299,31-013-CAS-21608786,0,a,logistic_regression,structure_condition,split_pair_group,0.11269376426935196,0,0.615
1301,31-013-CAS-7147519,0,a,logistic_regression,structure_condition,split_pair_group,0.016803238540887833,0,0.615
1319,31-614-CAS-44041084,1,b,logistic_regression,structure_condition,split_pair_group,0.87877357006073,1,0.615
1320,31-013-CAS-12262753,1,b,logistic_regression,structure_condition,split_pair_group,0.6674301028251648,1,0.615
1331,31-614-CAS-39834134,0,a,logistic_regression,structure_condition,split_pair_group,0.35556164383888245,0,0.615
1340,31-614-CAS-23946125,0,a,logistic_regression,structure_condition,split_pair_group,0.0028834491968154907,0,0.615
1345,31-013-CAS-1583370,0,a,logistic_regression,structure_condition,split_pair_group,0.03508733585476875,0,0.615
1360,31-013-CAS-4188841,1,b,logistic_regression,structure_condition,split_pair_group,0.9993005990982056,1,0.615
1361,31-013-CAS-1880759,1,b,logistic_regression,structure_condition,split_pair_group,0.9993005990982056,1,0.615
1363,31-013-CAS-1686035,1,b,logistic_regression,structure_condition,split_pair_group,0.8914557099342346,1,0.615
1371,31-013-CAS-13595742,0,a,logistic_regression,structure_condition,split_pair_group,0.0003510501701384783,0,0.615
1372,31-013-CAS-2565194,1,b,logistic_regression,structure_condition,split_pair_group,0.993232011795044,1,0.615
1387,31-013-CAS-12685556,1,b,logistic_regression,structure_condition,split_pair_group,0.9998503923416138,1,0.615
1388,31-013-CAS-16806675,1,b,logistic_regression,structure_condition,split_pair_group,0.9998875856399536,1,0.615
1389,31-013-CAS-6076988,1,b,logistic_regression,structure_condition,split_pair_group,0.9998440742492676,1,0.615
1413,31-013-CAS-15393474,1,b,logistic_regression,structure_condition,split_pair_group,0.9900720119476318,1,0.615
1414,31-013-CAS-3282710,1,b,logistic_regression,structure_condition,split_pair_group,0.907647430896759,1,0.615
1415,31-013-CAS-4022684,1,b,logistic_regression,structure_condition,split_pair_group,0.9972212314605713,1,0.615
1416,31-013-CAS-7726616,1,b,logistic_regression,structure_condition,split_pair_group,0.9999942779541016,1,0.615
1418,31-013-CAS-16820825,1,b,logistic_regression,structure_condition,split_pair_group,0.9997549653053284,1,0.615
1422,31-013-CAS-21944308,1,b,logistic_regression,structure_condition,split_pair_group,0.9978654980659485,1,0.615
1426,31-614-CAS-28293923,1,b,logistic_regression,structure_condition,split_pair_group,0.9998408555984497,1,0.615
1430,31-013-CAS-8917480,1,b,logistic_regression,structure_condition,split_pair_group,0.9714690446853638,1,0.615
1439,31-013-CAS-7488283,1,b,logistic_regression,structure_condition,split_pair_group,0.9998844861984253,1,0.615
1445,31-013-CAS-12921527,1,b,logistic_regression,structure_condition,split_pair_group,0.7368531227111816,1,0.615
1453,31-614-CAS-24299301,0,a,logistic_regression,structure_condition,split_pair_group,0.24239516258239746,0,0.615
1454,31-013-CAS-20404994,1,b,logistic_regression,structure_condition,split_pair_group,0.9962847232818604,1,0.615
1456,31-013-CAS-1120171,1,b,logistic_regression,structure_condition,split_pair_group,0.9968695044517517,1,0.615
1457,31-013-CAS-7286890,0,a,logistic_regression,structure_condition,split_pair_group,0.001015062560327351,0,0.615
1459,31-013-CAS-15100866,1,b,logistic_regression,structure_condition,split_pair_group,0.9990829229354858,1,0.615
1460,31-614-CAS-24965173,1,b,logistic_regression,structure_condition,split_pair_group,0.9918174147605896,1,0.615
1464,31-013-CAS-4102089,1,b,logistic_regression,structure_condition,split_pair_group,0.9991776347160339,1,0.615
1466,31-301-CAS-14089757,1,b,logistic_regression,structure_condition,split_pair_group,0.7767115831375122,1,0.615
1467,31-301-CAS-2081601,1,b,logistic_regression,structure_condition,split_pair_group,0.7767115831375122,1,0.615
1474,31-013-CAS-3406433,1,b,logistic_regression,structure_condition,split_pair_group,0.999433696269989,1,0.615
1475,31-013-CAS-23731804,1,b,logistic_regression,structure_condition,split_pair_group,0.9945356845855713,1,0.615
1482,31-013-CAS-4942088,1,b,logistic_regression,structure_condition,split_pair_group,0.993351399898529,1,0.615
1494,31-013-CAS-5792629,0,a,logistic_regression,structure_condition,split_pair_group,0.0941566526889801,0,0.615
1496,31-013-CAS-15382044,1,b,logistic_regression,structure_condition,split_pair_group,0.9866597652435303,1,0.615
1500,31-013-CAS-11809252,0,a,logistic_regression,structure_condition,split_pair_group,0.1509857177734375,0,0.615
1505,31-013-CAS-2166542,1,b,logistic_regression,structure_condition,split_pair_group,0.9869171380996704,1,0.615
1511,31-013-CAS-19117152,1,b,logistic_regression,structure_condition,split_pair_group,0.9381041526794434,1,0.615
1518,31-013-CAS-7065488,1,b,logistic_regression,structure_condition,split_pair_group,0.9977726340293884,1,0.615
1520,31-614-CAS-30618647,1,b,logistic_regression,structure_condition,split_pair_group,0.9980260133743286,1,0.615
1526,31-013-CAS-11179214,1,b,logistic_regression,structure_condition,split_pair_group,0.9497092366218567,1,0.615
1528,31-013-CAS-8627156,1,b,logistic_regression,structure_condition,split_pair_group,0.9857317805290222,1,0.615
1529,31-013-CAS-26474,1,b,logistic_regression,structure_condition,split_pair_group,0.9857317805290222,1,0.615
1532,31-614-CAS-41884159,0,a,logistic_regression,structure_condition,split_pair_group,0.032365597784519196,0,0.615
1533,31-614-CAS-37959480,0,a,logistic_regression,structure_condition,split_pair_group,0.032365597784519196,0,0.615
1541,31-614-CAS-45240845,0,a,logistic_regression,structure_condition,split_pair_group,0.04734719917178154,0,0.615
1542,31-013-CAS-21774311,0,a,logistic_regression,structure_condition,split_pair_group,0.10485531389713287,0,0.615
1543,31-614-CAS-41884456,0,a,logistic_regression,structure_condition,split_pair_group,0.10835918039083481,0,0.615
1544,31-614-CAS-37959617,0,a,logistic_regression,structure_condition,split_pair_group,0.10835918039083481,0,0.615
1548,31-013-CAS-4019424,1,b,logistic_regression,structure_condition,split_pair_group,0.9999958276748657,1,0.615
1550,31-614-CAS-24501387,1,b,logistic_regression,structure_condition,split_pair_group,0.999748170375824,1,0.615
1551,31-614-CAS-29170155,1,b,logistic_regression,structure_condition,split_pair_group,0.9842616319656372,1,0.615
1552,31-614-CAS-27856064,1,b,logistic_regression,structure_condition,split_pair_group,0.9842616319656372,1,0.615
1553,31-013-CAS-7313950,1,b,logistic_regression,structure_condition,split_pair_group,0.9941832423210144,1,0.615
1558,31-013-CAS-21471842,1,b,logistic_regression,structure_condition,split_pair_group,0.9988885521888733,1,0.615
16,31-010-CAS-22198130,1,b,random_forest,structure_condition,split_pair_group,0.733622556801257,1,0.4649999999999999
25,31-010-CAS-5525801,1,b,random_forest,structure_condition,split_pair_group,0.9662195778846988,1,0.4649999999999999
26,31-614-CAS-31203171,0,a,random_forest,structure_condition,split_pair_group,0.7614771307871138,1,0.4649999999999999
36,31-010-CAS-4980852,1,b,random_forest,structure_condition,split_pair_group,0.7152286938619414,1,0.4649999999999999
54,31-010-CAS-19796375,1,b,random_forest,structure_condition,split_pair_group,0.9600650328920839,1,0.4649999999999999
74,31-010-CAS-8524792,0,a,random_forest,structure_condition,split_pair_group,0.3612602067616571,0,0.4649999999999999
78,31-010-CAS-1161485,0,a,random_forest,structure_condition,split_pair_group,0.1351294399636276,0,0.4649999999999999
114,31-010-CAS-6728808,0,a,random_forest,structure_condition,split_pair_group,0.7541098681529498,1,0.4649999999999999
127,31-010-CAS-3431516,1,b,random_forest,structure_condition,split_pair_group,0.8994615498709673,1,0.4649999999999999
138,31-010-CAS-12729167,1,b,random_forest,structure_condition,split_pair_group,0.3932462494527469,0,0.4649999999999999
142,31-010-CAS-11617057,1,b,random_forest,structure_condition,split_pair_group,0.9021766271869431,1,0.4649999999999999
143,31-010-CAS-3803419,0,a,random_forest,structure_condition,split_pair_group,0.1811066458849702,0,0.4649999999999999
146,31-010-CAS-13055419,1,b,random_forest,structure_condition,split_pair_group,0.9548798638445264,1,0.4649999999999999
148,31-010-CAS-884798,1,b,random_forest,structure_condition,split_pair_group,0.893025349962169,1,0.4649999999999999
157,31-010-CAS-23202756,1,b,random_forest,structure_condition,split_pair_group,0.9552945629132883,1,0.4649999999999999
161,31-010-CAS-8171704,1,b,random_forest,structure_condition,split_pair_group,0.9695416345840401,1,0.4649999999999999
170,31-010-CAS-16546348,1,b,random_forest,structure_condition,split_pair_group,0.8506294826824323,1,0.4649999999999999
171,31-010-CAS-23204857,1,b,random_forest,structure_condition,split_pair_group,0.9309177826247441,1,0.4649999999999999
183,31-010-CAS-4294380,0,a,random_forest,structure_condition,split_pair_group,0.1412865277758809,0,0.4649999999999999
186,31-010-CAS-11796742,0,a,random_forest,structure_condition,split_pair_group,0.18132863447734754,0,0.4649999999999999
195,31-614-CAS-36199892,1,b,random_forest,structure_condition,split_pair_group,0.9236277144509042,1,0.4649999999999999
203,31-010-CAS-16546344,1,b,random_forest,structure_condition,split_pair_group,0.9649564866321718,1,0.4649999999999999
219,31-010-CAS-3920193,0,a,random_forest,structure_condition,split_pair_group,0.039905116927768526,0,0.4649999999999999
220,31-010-CAS-20767187,0,a,random_forest,structure_condition,split_pair_group,0.03738083719730635,0,0.4649999999999999
221,31-010-CAS-17642154,0,a,random_forest,structure_condition,split_pair_group,0.047043846096496825,0,0.4649999999999999
234,31-013-CAS-5827715,1,b,random_forest,structure_condition,split_pair_group,0.9203940225266158,1,0.4649999999999999
241,31-010-CAS-14863653,1,b,random_forest,structure_condition,split_pair_group,0.4908012968650499,1,0.4649999999999999
243,31-010-CAS-13659910,1,b,random_forest,structure_condition,split_pair_group,0.9099284942962046,1,0.4649999999999999
250,31-010-CAS-1767038,0,a,random_forest,structure_condition,split_pair_group,0.31319867719200384,0,0.4649999999999999
265,31-010-CAS-7479832,1,b,random_forest,structure_condition,split_pair_group,0.9288904703163382,1,0.4649999999999999
272,31-010-CAS-9842150,1,b,random_forest,structure_condition,split_pair_group,0.9702722178953932,1,0.4649999999999999
284,31-010-CAS-4637552,1,b,random_forest,structure_condition,split_pair_group,0.846879094221178,1,0.4649999999999999
296,31-010-CAS-11281477,1,b,random_forest,structure_condition,split_pair_group,0.9144818544037382,1,0.4649999999999999
298,31-010-CAS-6624950,1,b,random_forest,structure_condition,split_pair_group,0.9406801741628172,1,0.4649999999999999
310,31-010-CAS-7407036,0,a,random_forest,structure_condition,split_pair_group,0.047194159803855364,0,0.4649999999999999
317,31-010-CAS-17830886,1,b,random_forest,structure_condition,split_pair_group,0.7801294987186743,1,0.4649999999999999
334,31-010-CAS-21359677,1,b,random_forest,structure_condition,split_pair_group,0.8750300479552959,1,0.4649999999999999
335,31-010-CAS-1287355,1,b,random_forest,structure_condition,split_pair_group,0.8750300479552959,1,0.4649999999999999
360,31-010-CAS-21359666,1,b,random_forest,structure_condition,split_pair_group,0.9864444883077432,1,0.4649999999999999
361,31-010-CAS-1619273,1,b,random_forest,structure_condition,split_pair_group,0.9864444883077432,1,0.4649999999999999
364,31-010-CAS-21359670,1,b,random_forest,structure_condition,split_pair_group,0.9854374464299628,1,0.4649999999999999
365,31-010-CAS-10139664,1,b,random_forest,structure_condition,split_pair_group,0.9854374464299628,1,0.4649999999999999
383,31-010-CAS-5251218,0,a,random_forest,structure_condition,split_pair_group,0.22800930323116078,0,0.4649999999999999
384,31-010-CAS-5898048,1,b,random_forest,structure_condition,split_pair_group,0.35002922637515094,0,0.4649999999999999
391,31-010-CAS-17658048,0,a,random_forest,structure_condition,split_pair_group,0.57797594849848,1,0.4649999999999999
392,31-010-CAS-12999057,0,a,random_forest,structure_condition,split_pair_group,0.6007864092797321,1,0.4649999999999999
400,31-010-CAS-15131203,1,b,random_forest,structure_condition,split_pair_group,0.35451060974138626,0,0.4649999999999999
406,31-010-CAS-18971959,1,b,random_forest,structure_condition,split_pair_group,0.8384011965849283,1,0.4649999999999999
418,31-010-CAS-7849619,1,b,random_forest,structure_condition,split_pair_group,0.9685625403457067,1,0.4649999999999999
428,31-010-CAS-21359659,1,b,random_forest,structure_condition,split_pair_group,0.8892761828331261,1,0.4649999999999999
429,31-010-CAS-12041024,1,b,random_forest,structure_condition,split_pair_group,0.8892761828331261,1,0.4649999999999999
431,31-010-CAS-21359681,1,b,random_forest,structure_condition,split_pair_group,0.9423501906415798,1,0.4649999999999999
432,31-010-CAS-9811894,1,b,random_forest,structure_condition,split_pair_group,0.9423501906415798,1,0.4649999999999999
441,31-010-CAS-8693853,1,b,random_forest,structure_condition,split_pair_group,0.2653070810755019,0,0.4649999999999999
448,31-010-CAS-13639242,0,a,random_forest,structure_condition,split_pair_group,0.15286330000033654,0,0.4649999999999999
471,31-010-CAS-6859118,0,a,random_forest,structure_condition,split_pair_group,0.156459529918706,0,0.4649999999999999
475,31-010-CAS-6246955,0,a,random_forest,structure_condition,split_pair_group,0.34550851570086183,0,0.4649999999999999
483,31-010-CAS-5827902,0,a,random_forest,structure_condition,split_pair_group,0.03435343920560609,0,0.4649999999999999
484,31-010-CAS-13993703,0,a,random_forest,structure_condition,split_pair_group,0.03435343920560609,0,0.4649999999999999
504,31-010-CAS-10204303,1,b,random_forest,structure_condition,split_pair_group,0.9567257171683068,1,0.4649999999999999
511,31-010-CAS-1044733,1,b,random_forest,structure_condition,split_pair_group,0.9541964908455335,1,0.4649999999999999
515,31-010-CAS-878517,1,b,random_forest,structure_condition,split_pair_group,0.4578554500227062,0,0.4649999999999999
530,31-010-CAS-10263463,1,b,random_forest,structure_condition,split_pair_group,0.3651993352436033,0,0.4649999999999999
533,31-010-CAS-15475722,0,a,random_forest,structure_condition,split_pair_group,0.09854758084416797,0,0.4649999999999999
539,31-010-CAS-15140208,1,b,random_forest,structure_condition,split_pair_group,0.3571121666580625,0,0.4649999999999999
540,31-010-CAS-14143291,1,b,random_forest,structure_condition,split_pair_group,0.3651993352436033,0,0.4649999999999999
544,31-010-CAS-14482114,0,a,random_forest,structure_condition,split_pair_group,0.3651993352436033,0,0.4649999999999999
545,31-010-CAS-16396095,1,b,random_forest,structure_condition,split_pair_group,0.9728846404130581,1,0.4649999999999999
559,31-010-CAS-12809730,0,a,random_forest,structure_condition,split_pair_group,0.10100239953491538,0,0.4649999999999999
565,31-010-CAS-5089795,0,a,random_forest,structure_condition,split_pair_group,0.13060906473366057,0,0.4649999999999999
568,31-010-CAS-6229676,0,a,random_forest,structure_condition,split_pair_group,0.05124527842593356,0,0.4649999999999999
588,31-010-CAS-8250667,1,b,random_forest,structure_condition,split_pair_group,0.6460224874808054,1,0.4649999999999999
594,31-013-CAS-5629637,0,a,random_forest,structure_condition,split_pair_group,0.259196947857809,0,0.4649999999999999
613,31-013-CAS-12466161,1,b,random_forest,structure_condition,split_pair_group,0.8858441241923788,1,0.4649999999999999
615,31-010-CAS-22654654,0,a,random_forest,structure_condition,split_pair_group,0.10646271963637487,0,0.4649999999999999
620,31-010-CAS-21471849,1,b,random_forest,structure_condition,split_pair_group,0.867110930755534,1,0.4649999999999999
623,31-614-CAS-40997648,1,b,random_forest,structure_condition,split_pair_group,0.9505985581083847,1,0.4649999999999999
630,31-010-CAS-11999440,1,b,random_forest,structure_condition,split_pair_group,0.8642618340547014,1,0.4649999999999999
641,31-010-CAS-21471846,1,b,random_forest,structure_condition,split_pair_group,0.9776581645561686,1,0.4649999999999999
648,31-614-CAS-35275413,1,b,random_forest,structure_condition,split_pair_group,0.8775920014697376,1,0.4649999999999999
655,31-013-CAS-14145593,0,a,random_forest,structure_condition,split_pair_group,0.026613603643300576,0,0.4649999999999999
656,31-013-CAS-22581512,0,a,random_forest,structure_condition,split_pair_group,0.07875370689170265,0,0.4649999999999999
657,31-013-CAS-9001704,0,a,random_forest,structure_condition,split_pair_group,0.10276620817917213,0,0.4649999999999999
661,31-013-CAS-20074834,0,a,random_forest,structure_condition,split_pair_group,0.008725155924459325,0,0.4649999999999999
662,31-013-CAS-17381412,0,a,random_forest,structure_condition,split_pair_group,0.00915972936633488,0,0.4649999999999999
679,31-013-CAS-20074845,0,a,random_forest,structure_condition,split_pair_group,0.03376889980625078,0,0.4649999999999999
680,31-013-CAS-17381425,0,a,random_forest,structure_condition,split_pair_group,0.03482216826910876,0,0.4649999999999999
682,31-013-CAS-4038549,0,a,random_forest,structure_condition,split_pair_group,0.33008961636678796,0,0.4649999999999999
683,31-013-CAS-22198141,0,a,random_forest,structure_condition,split_pair_group,0.28894149810113456,0,0.4649999999999999
688,31-013-CAS-308870,0,a,random_forest,structure_condition,split_pair_group,0.5272437263724302,1,0.4649999999999999
692,31-013-CAS-7066819,0,a,random_forest,structure_condition,split_pair_group,0.07160488153720368,0,0.4649999999999999
697,31-013-CAS-15171815,0,a,random_forest,structure_condition,split_pair_group,0.007338205963975444,0,0.4649999999999999
700,31-013-CAS-14695973,0,a,random_forest,structure_condition,split_pair_group,0.023310637940126448,0,0.4649999999999999
719,31-013-CAS-18792530,0,a,random_forest,structure_condition,split_pair_group,0.3862913767059419,0,0.4649999999999999
720,31-013-CAS-13505033,0,a,random_forest,structure_condition,split_pair_group,0.405350405594795,0,0.4649999999999999
721,31-013-CAS-13132878,0,a,random_forest,structure_condition,split_pair_group,0.402609696278673,0,0.4649999999999999
722,31-013-CAS-21359610,0,a,random_forest,structure_condition,split_pair_group,0.13205102576056948,0,0.4649999999999999
723,31-013-CAS-7463166,0,a,random_forest,structure_condition,split_pair_group,0.13205102576056948,0,0.4649999999999999
739,31-013-CAS-10316632,0,a,random_forest,structure_condition,split_pair_group,0.6077954229071681,1,0.4649999999999999
807,31-013-CAS-1407934,0,a,random_forest,structure_condition,split_pair_group,0.5478274402755176,1,0.4649999999999999
831,31-013-CAS-1278764,0,a,random_forest,structure_condition,split_pair_group,0.05248047516002657,0,0.4649999999999999
833,31-013-CAS-20818633,0,a,random_forest,structure_condition,split_pair_group,0.23414859488309797,0,0.4649999999999999
837,31-614-CAS-38307143,1,b,random_forest,structure_condition,split_pair_group,0.9119964858958777,1,0.4649999999999999
841,31-013-CAS-12570626,1,b,random_forest,structure_condition,split_pair_group,0.09569933107574967,0,0.4649999999999999
842,31-013-CAS-3447636,1,b,random_forest,structure_condition,split_pair_group,0.09357860768343601,0,0.4649999999999999
843,31-013-CAS-1313681,1,b,random_forest,structure_condition,split_pair_group,0.0939038292159586,0,0.4649999999999999
850,31-013-CAS-19733120,0,a,random_forest,structure_condition,split_pair_group,0.204592165924076,0,0.4649999999999999
851,31-013-CAS-11213156,1,b,random_forest,structure_condition,split_pair_group,0.609682570759392,1,0.4649999999999999
855,31-049-CAS-11119860,1,b,random_forest,structure_condition,split_pair_group,0.8266754479646622,1,0.4649999999999999
864,31-614-CAS-25201498,1,b,random_forest,structure_condition,split_pair_group,0.8273213722732502,1,0.4649999999999999
865,31-614-CAS-27090868,1,b,random_forest,structure_condition,split_pair_group,0.8273213722732502,1,0.4649999999999999
884,31-013-CAS-9389396,1,b,random_forest,structure_condition,split_pair_group,0.5323708536483179,1,0.4649999999999999
885,31-013-CAS-3991023,1,b,random_forest,structure_condition,split_pair_group,0.5377308993127687,1,0.4649999999999999
890,31-614-CAS-29244011,1,b,random_forest,structure_condition,split_pair_group,0.8028982774308281,1,0.4649999999999999
891,31-614-CAS-26064585,1,b,random_forest,structure_condition,split_pair_group,0.8110968055458009,1,0.4649999999999999
896,31-013-CAS-8933724,0,a,random_forest,structure_condition,split_pair_group,0.22161037455192095,0,0.4649999999999999
901,31-614-CAS-27463098,0,a,random_forest,structure_condition,split_pair_group,0.26953881245339883,0,0.4649999999999999
904,31-013-CAS-17702336,1,b,random_forest,structure_condition,split_pair_group,0.7662908522846693,1,0.4649999999999999
905,31-013-CAS-21762107,1,b,random_forest,structure_condition,split_pair_group,0.7647145818575783,1,0.4649999999999999
906,31-013-CAS-21945116,1,b,random_forest,structure_condition,split_pair_group,0.7670976036112271,1,0.4649999999999999
908,31-013-CAS-12760013,0,a,random_forest,structure_condition,split_pair_group,0.12519348483714923,0,0.4649999999999999
921,31-013-CAS-7584459,1,b,random_forest,structure_condition,split_pair_group,0.3957471547064987,0,0.4649999999999999
922,31-013-CAS-1058357,1,b,random_forest,structure_condition,split_pair_group,0.39590314026436074,0,0.4649999999999999
925,31-013-CAS-19796368,1,b,random_forest,structure_condition,split_pair_group,0.8365870530955101,1,0.4649999999999999
926,31-013-CAS-5703022,1,b,random_forest,structure_condition,split_pair_group,0.8364480569505622,1,0.4649999999999999
935,31-013-CAS-9419983,0,a,random_forest,structure_condition,split_pair_group,0.03007005912639307,0,0.4649999999999999
937,31-013-CAS-11635380,0,a,random_forest,structure_condition,split_pair_group,0.0372070674348685,0,0.4649999999999999
942,31-013-CAS-13870844,0,a,random_forest,structure_condition,split_pair_group,0.29518347358461056,0,0.4649999999999999
943,31-013-CAS-4635858,0,a,random_forest,structure_condition,split_pair_group,0.21703591080698256,0,0.4649999999999999
944,31-614-CAS-34709650,0,a,random_forest,structure_condition,split_pair_group,0.7906584371651784,1,0.4649999999999999
946,31-013-CAS-6806986,1,b,random_forest,structure_condition,split_pair_group,0.8142337518171512,1,0.4649999999999999
963,31-614-CAS-26047459,1,b,random_forest,structure_condition,split_pair_group,0.7249855329921163,1,0.4649999999999999
1008,31-013-CAS-5259694,1,b,random_forest,structure_condition,split_pair_group,0.778685112884902,1,0.4649999999999999
1009,31-013-CAS-3120111,1,b,random_forest,structure_condition,split_pair_group,0.7817268082787276,1,0.4649999999999999
1012,31-013-CAS-21905508,1,b,random_forest,structure_condition,split_pair_group,0.7628808795923034,1,0.4649999999999999
1014,31-013-CAS-18496614,1,b,random_forest,structure_condition,split_pair_group,0.7377959923149778,1,0.4649999999999999
1024,31-013-CAS-12877153,0,a,random_forest,structure_condition,split_pair_group,0.32756006011730016,0,0.4649999999999999
1025,31-013-CAS-7511274,0,a,random_forest,structure_condition,split_pair_group,0.3249547326781644,0,0.4649999999999999
1026,31-013-CAS-854940,0,a,random_forest,structure_condition,split_pair_group,0.3322887475193904,0,0.4649999999999999
1027,31-013-CAS-8833991,0,a,random_forest,structure_condition,split_pair_group,0.12488568924102089,0,0.4649999999999999
1029,31-013-CAS-2439768,1,b,random_forest,structure_condition,split_pair_group,0.6810488295182818,1,0.4649999999999999
1032,31-013-CAS-3532904,1,b,random_forest,structure_condition,split_pair_group,0.6082936396507995,1,0.4649999999999999
1033,31-013-CAS-15039708,1,b,random_forest,structure_condition,split_pair_group,0.6033021640668313,1,0.4649999999999999
1042,31-013-CAS-2224404,1,b,random_forest,structure_condition,split_pair_group,0.32339084535689133,0,0.4649999999999999
1043,31-013-CAS-19733121,0,a,random_forest,structure_condition,split_pair_group,0.14615560349437884,0,0.4649999999999999
1061,31-013-CAS-16587031,0,a,random_forest,structure_condition,split_pair_group,0.4844531534589184,1,0.4649999999999999
1085,31-614-CAS-36914120,0,a,random_forest,structure_condition,split_pair_group,0.3336025670066134,0,0.4649999999999999
1091,31-013-CAS-16946845,1,b,random_forest,structure_condition,split_pair_group,0.5995156374461205,1,0.4649999999999999
1103,31-614-CAS-35394448,1,b,random_forest,structure_condition,split_pair_group,0.2995759422870368,0,0.4649999999999999
1104,31-614-CAS-34336268,0,a,random_forest,structure_condition,split_pair_group,0.26029057467246025,0,0.4649999999999999
1105,31-614-CAS-32458097,0,a,random_forest,structure_condition,split_pair_group,0.2591953558560177,0,0.4649999999999999
1106,31-614-CAS-37588004,0,a,random_forest,structure_condition,split_pair_group,0.2645052764329887,0,0.4649999999999999
1117,31-013-CAS-16968435,1,b,random_forest,structure_condition,split_pair_group,0.8647178468726336,1,0.4649999999999999
1124,31-013-CAS-14738874,0,a,random_forest,structure_condition,split_pair_group,0.10075025731472408,0,0.4649999999999999
1127,31-013-CAS-11726967,0,a,random_forest,structure_condition,split_pair_group,0.017468633261829018,0,0.4649999999999999
1141,31-013-CAS-17791367,0,a,random_forest,structure_condition,split_pair_group,0.06102413382089613,0,0.4649999999999999
1150,31-013-CAS-741372,1,b,random_forest,structure_condition,split_pair_group,0.9518560820952238,1,0.4649999999999999
1160,31-013-CAS-17453665,1,b,random_forest,structure_condition,split_pair_group,0.8974241094310609,1,0.4649999999999999
1165,31-013-CAS-11784711,1,b,random_forest,structure_condition,split_pair_group,0.22616662542268468,0,0.4649999999999999
1175,31-013-CAS-21359611,0,a,random_forest,structure_condition,split_pair_group,0.12774014904425607,0,0.4649999999999999
1176,31-013-CAS-9488276,0,a,random_forest,structure_condition,split_pair_group,0.12774014904425607,0,0.4649999999999999
1182,31-013-CAS-12326620,0,a,random_forest,structure_condition,split_pair_group,0.15786887502381639,0,0.4649999999999999
1185,31-013-CAS-23539710,0,a,random_forest,structure_condition,split_pair_group,0.17675107676985102,0,0.4649999999999999
1187,31-013-CAS-14640673,0,a,random_forest,structure_condition,split_pair_group,0.555928056990952,1,0.4649999999999999
1196,31-013-CAS-1342962,1,b,random_forest,structure_condition,split_pair_group,0.9882935588395744,1,0.4649999999999999
1210,31-013-CAS-3582973,0,a,random_forest,structure_condition,split_pair_group,0.5436433142472947,1,0.4649999999999999
1226,31-013-CAS-4366967,1,b,random_forest,structure_condition,split_pair_group,0.9377251624963819,1,0.4649999999999999
1229,31-013-CAS-16946849,1,b,random_forest,structure_condition,split_pair_group,0.807959667644964,1,0.4649999999999999
1241,31-013-CAS-2182975,1,b,random_forest,structure_condition,split_pair_group,0.663485716651325,1,0.4649999999999999
1247,31-013-CAS-13251956,1,b,random_forest,structure_condition,split_pair_group,0.8711330768311079,1,0.4649999999999999
1248,31-013-CAS-3002515,0,a,random_forest,structure_condition,split_pair_group,0.5436433142472947,1,0.4649999999999999
1261,31-614-CAS-37587999,0,a,random_forest,structure_condition,split_pair_group,0.07108598074372671,0,0.4649999999999999
1264,31-013-CAS-806847,1,b,random_forest,structure_condition,split_pair_group,0.9169392207620861,1,0.4649999999999999
1268,31-013-CAS-1585686,1,b,random_forest,structure_condition,split_pair_group,0.9519316068461717,1,0.4649999999999999
1269,31-013-CAS-7643019,1,b,random_forest,structure_condition,split_pair_group,0.9647703301116201,1,0.4649999999999999
1280,31-614-CAS-34954204,0,a,random_forest,structure_condition,split_pair_group,0.6657940483211505,1,0.4649999999999999
1288,31-013-CAS-14512141,1,b,random_forest,structure_condition,split_pair_group,0.8619356859953261,1,0.4649999999999999
1293,31-614-CAS-34956360,1,b,random_forest,structure_condition,split_pair_group,0.8749852195111193,1,0.4649999999999999
1294,31-614-CAS-40218495,1,b,random_forest,structure_condition,split_pair_group,0.7059451968068468,1,0.4649999999999999
1299,31-013-CAS-21608786,0,a,random_forest,structure_condition,split_pair_group,0.4966108119691571,1,0.4649999999999999
1301,31-013-CAS-7147519,0,a,random_forest,structure_condition,split_pair_group,0.41128649801001116,0,0.4649999999999999
1319,31-614-CAS-44041084,1,b,random_forest,structure_condition,split_pair_group,0.7315678555359669,1,0.4649999999999999
1320,31-013-CAS-12262753,1,b,random_forest,structure_condition,split_pair_group,0.7234392224961338,1,0.4649999999999999
1331,31-614-CAS-39834134,0,a,random_forest,structure_condition,split_pair_group,0.683792184095941,1,0.4649999999999999
1340,31-614-CAS-23946125,0,a,random_forest,structure_condition,split_pair_group,0.13577817671478717,0,0.4649999999999999
1345,31-013-CAS-1583370,0,a,random_forest,structure_condition,split_pair_group,0.16109779833132132,0,0.4649999999999999
1360,31-013-CAS-4188841,1,b,random_forest,structure_condition,split_pair_group,0.898475202925714,1,0.4649999999999999
1361,31-013-CAS-1880759,1,b,random_forest,structure_condition,split_pair_group,0.898475202925714,1,0.4649999999999999
1363,31-013-CAS-1686035,1,b,random_forest,structure_condition,split_pair_group,0.8890392920427889,1,0.4649999999999999
1371,31-013-CAS-13595742,0,a,random_forest,structure_condition,split_pair_group,0.20713638368147422,0,0.4649999999999999
1372,31-013-CAS-2565194,1,b,random_forest,structure_condition,split_pair_group,0.8823697673647949,1,0.4649999999999999
1387,31-013-CAS-12685556,1,b,random_forest,structure_condition,split_pair_group,0.970286432715601,1,0.4649999999999999
1388,31-013-CAS-16806675,1,b,random_forest,structure_condition,split_pair_group,0.9636183881419345,1,0.4649999999999999
1389,31-013-CAS-6076988,1,b,random_forest,structure_condition,split_pair_group,0.9694611453592791,1,0.4649999999999999
1413,31-013-CAS-15393474,1,b,random_forest,structure_condition,split_pair_group,0.9389106538279274,1,0.4649999999999999
1414,31-013-CAS-3282710,1,b,random_forest,structure_condition,split_pair_group,0.9268253313553546,1,0.4649999999999999
1415,31-013-CAS-4022684,1,b,random_forest,structure_condition,split_pair_group,0.9675458642284765,1,0.4649999999999999
1416,31-013-CAS-7726616,1,b,random_forest,structure_condition,split_pair_group,0.9496995156751238,1,0.4649999999999999
1418,31-013-CAS-16820825,1,b,random_forest,structure_condition,split_pair_group,0.9854197317031382,1,0.4649999999999999
1422,31-013-CAS-21944308,1,b,random_forest,structure_condition,split_pair_group,0.908650687681363,1,0.4649999999999999
1426,31-614-CAS-28293923,1,b,random_forest,structure_condition,split_pair_group,0.9557739950030459,1,0.4649999999999999
1430,31-013-CAS-8917480,1,b,random_forest,structure_condition,split_pair_group,0.9403319950320529,1,0.4649999999999999
1439,31-013-CAS-7488283,1,b,random_forest,structure_condition,split_pair_group,0.9570510553922162,1,0.4649999999999999
1445,31-013-CAS-12921527,1,b,random_forest,structure_condition,split_pair_group,0.4683655077155239,1,0.4649999999999999
1453,31-614-CAS-24299301,0,a,random_forest,structure_condition,split_pair_group,0.4288104761581145,0,0.4649999999999999
1454,31-013-CAS-20404994,1,b,random_forest,structure_condition,split_pair_group,0.9181316701787481,1,0.4649999999999999
1456,31-013-CAS-1120171,1,b,random_forest,structure_condition,split_pair_group,0.9970950454203107,1,0.4649999999999999
1457,31-013-CAS-7286890,0,a,random_forest,structure_condition,split_pair_group,0.20620345191843958,0,0.4649999999999999
1459,31-013-CAS-15100866,1,b,random_forest,structure_condition,split_pair_group,0.74389425916901,1,0.4649999999999999
1460,31-614-CAS-24965173,1,b,random_forest,structure_condition,split_pair_group,0.9302181011886114,1,0.4649999999999999
1464,31-013-CAS-4102089,1,b,random_forest,structure_condition,split_pair_group,0.9398406462255472,1,0.4649999999999999
1466,31-301-CAS-14089757,1,b,random_forest,structure_condition,split_pair_group,0.6358693932091687,1,0.4649999999999999
1467,31-301-CAS-2081601,1,b,random_forest,structure_condition,split_pair_group,0.6358693932091687,1,0.4649999999999999
1474,31-013-CAS-3406433,1,b,random_forest,structure_condition,split_pair_group,0.9362915957606708,1,0.4649999999999999
1475,31-013-CAS-23731804,1,b,random_forest,structure_condition,split_pair_group,0.7724274609931255,1,0.4649999999999999
1482,31-013-CAS-4942088,1,b,random_forest,structure_condition,split_pair_group,0.9599973636302556,1,0.4649999999999999
1494,31-013-CAS-5792629,0,a,random_forest,structure_condition,split_pair_group,0.33984676975423594,0,0.4649999999999999
1496,31-013-CAS-15382044,1,b,random_forest,structure_condition,split_pair_group,0.8500579445120184,1,0.4649999999999999
1500,31-013-CAS-11809252,0,a,random_forest,structure_condition,split_pair_group,0.6976819283133289,1,0.4649999999999999
1505,31-013-CAS-2166542,1,b,random_forest,structure_condition,split_pair_group,0.8734606635250892,1,0.4649999999999999
1511,31-013-CAS-19117152,1,b,random_forest,structure_condition,split_pair_group,0.7160982176886037,1,0.4649999999999999
1518,31-013-CAS-7065488,1,b,random_forest,structure_condition,split_pair_group,0.9402031886920992,1,0.4649999999999999
1520,31-614-CAS-30618647,1,b,random_forest,structure_condition,split_pair_group,0.8458874974699951,1,0.4649999999999999
1526,31-013-CAS-11179214,1,b,random_forest,structure_condition,split_pair_group,0.6912765033210987,1,0.4649999999999999
1528,31-013-CAS-8627156,1,b,random_forest,structure_condition,split_pair_group,0.8286126096502215,1,0.4649999999999999
1529,31-013-CAS-26474,1,b,random_forest,structure_condition,split_pair_group,0.8286126096502215,1,0.4649999999999999
1532,31-614-CAS-41884159,0,a,random_forest,structure_condition,split_pair_group,0.07477412898502543,0,0.4649999999999999
1533,31-614-CAS-37959480,0,a,random_forest,structure_condition,split_pair_group,0.07477412898502543,0,0.4649999999999999
1541,31-614-CAS-45240845,0,a,random_forest,structure_condition,split_pair_group,0.31912965318205644,0,0.4649999999999999
1542,31-013-CAS-21774311,0,a,random_forest,structure_condition,split_pair_group,0.33004763840862705,0,0.4649999999999999
1543,31-614-CAS-41884456,0,a,random_forest,structure_condition,split_pair_group,0.09004038310106739,0,0.4649999999999999
1544,31-614-CAS-37959617,0,a,random_forest,structure_condition,split_pair_group,0.09004038310106739,0,0.4649999999999999
1548,31-013-CAS-4019424,1,b,random_forest,structure_condition,split_pair_group,0.9439347802363042,1,0.4649999999999999
1550,31-614-CAS-24501387,1,b,random_forest,structure_condition,split_pair_group,0.9347046245771831,1,0.4649999999999999
1551,31-614-CAS-29170155,1,b,random_forest,structure_condition,split_pair_group,0.6621275968281902,1,0.4649999999999999
1552,31-614-CAS-27856064,1,b,random_forest,structure_condition,split_pair_group,0.6621275968281902,1,0.4649999999999999
1553,31-013-CAS-7313950,1,b,random_forest,structure_condition,split_pair_group,0.9068694355598101,1,0.4649999999999999
1558,31-013-CAS-21471842,1,b,random_forest,structure_condition,split_pair_group,0.8996984024524233,1,0.4649999999999999
16,31-010-CAS-22198130,1,b,xgboost,structure_condition,split_pair_group,0.8593487739562988,1,0.615
25,31-010-CAS-5525801,1,b,xgboost,structure_condition,split_pair_group,0.9932278990745544,1,0.615
26,31-614-CAS-31203171,0,a,xgboost,structure_condition,split_pair_group,0.7248861193656921,1,0.615
36,31-010-CAS-4980852,1,b,xgboost,structure_condition,split_pair_group,0.8459414839744568,1,0.615
54,31-010-CAS-19796375,1,b,xgboost,structure_condition,split_pair_group,0.9760040044784546,1,0.615
74,31-010-CAS-8524792,0,a,xgboost,structure_condition,split_pair_group,0.24127420783042908,0,0.615
78,31-010-CAS-1161485,0,a,xgboost,structure_condition,split_pair_group,0.0903572365641594,0,0.615
114,31-010-CAS-6728808,0,a,xgboost,structure_condition,split_pair_group,0.9161983132362366,1,0.615
127,31-010-CAS-3431516,1,b,xgboost,structure_condition,split_pair_group,0.9032883644104004,1,0.615
138,31-010-CAS-12729167,1,b,xgboost,structure_condition,split_pair_group,0.30248671770095825,0,0.615
142,31-010-CAS-11617057,1,b,xgboost,structure_condition,split_pair_group,0.9680429100990295,1,0.615
143,31-010-CAS-3803419,0,a,xgboost,structure_condition,split_pair_group,0.10285340994596481,0,0.615
146,31-010-CAS-13055419,1,b,xgboost,structure_condition,split_pair_group,0.9934965372085571,1,0.615
148,31-010-CAS-884798,1,b,xgboost,structure_condition,split_pair_group,0.9718363881111145,1,0.615
157,31-010-CAS-23202756,1,b,xgboost,structure_condition,split_pair_group,0.9803550243377686,1,0.615
161,31-010-CAS-8171704,1,b,xgboost,structure_condition,split_pair_group,0.9817684888839722,1,0.615
170,31-010-CAS-16546348,1,b,xgboost,structure_condition,split_pair_group,0.9956061244010925,1,0.615
171,31-010-CAS-23204857,1,b,xgboost,structure_condition,split_pair_group,0.9760085344314575,1,0.615
183,31-010-CAS-4294380,0,a,xgboost,structure_condition,split_pair_group,0.08420071750879288,0,0.615
186,31-010-CAS-11796742,0,a,xgboost,structure_condition,split_pair_group,0.03509863093495369,0,0.615
195,31-614-CAS-36199892,1,b,xgboost,structure_condition,split_pair_group,0.9878161549568176,1,0.615
203,31-010-CAS-16546344,1,b,xgboost,structure_condition,split_pair_group,0.995151162147522,1,0.615
219,31-010-CAS-3920193,0,a,xgboost,structure_condition,split_pair_group,0.014715182594954967,0,0.615
220,31-010-CAS-20767187,0,a,xgboost,structure_condition,split_pair_group,0.021633800119161606,0,0.615
221,31-010-CAS-17642154,0,a,xgboost,structure_condition,split_pair_group,0.034490782767534256,0,0.615
234,31-013-CAS-5827715,1,b,xgboost,structure_condition,split_pair_group,0.9875937104225159,1,0.615
241,31-010-CAS-14863653,1,b,xgboost,structure_condition,split_pair_group,0.2808378040790558,0,0.615
243,31-010-CAS-13659910,1,b,xgboost,structure_condition,split_pair_group,0.9938754439353943,1,0.615
250,31-010-CAS-1767038,0,a,xgboost,structure_condition,split_pair_group,0.23635074496269226,0,0.615
265,31-010-CAS-7479832,1,b,xgboost,structure_condition,split_pair_group,0.901587188243866,1,0.615
272,31-010-CAS-9842150,1,b,xgboost,structure_condition,split_pair_group,0.9954277276992798,1,0.615
284,31-010-CAS-4637552,1,b,xgboost,structure_condition,split_pair_group,0.9721603393554688,1,0.615
296,31-010-CAS-11281477,1,b,xgboost,structure_condition,split_pair_group,0.8844048380851746,1,0.615
298,31-010-CAS-6624950,1,b,xgboost,structure_condition,split_pair_group,0.9651287794113159,1,0.615
310,31-010-CAS-7407036,0,a,xgboost,structure_condition,split_pair_group,0.03136136010289192,0,0.615
317,31-010-CAS-17830886,1,b,xgboost,structure_condition,split_pair_group,0.880500078201294,1,0.615
334,31-010-CAS-21359677,1,b,xgboost,structure_condition,split_pair_group,0.9180718660354614,1,0.615
335,31-010-CAS-1287355,1,b,xgboost,structure_condition,split_pair_group,0.9180718660354614,1,0.615
360,31-010-CAS-21359666,1,b,xgboost,structure_condition,split_pair_group,0.9851550459861755,1,0.615
361,31-010-CAS-1619273,1,b,xgboost,structure_condition,split_pair_group,0.9851550459861755,1,0.615
364,31-010-CAS-21359670,1,b,xgboost,structure_condition,split_pair_group,0.9876769781112671,1,0.615
365,31-010-CAS-10139664,1,b,xgboost,structure_condition,split_pair_group,0.9876769781112671,1,0.615
383,31-010-CAS-5251218,0,a,xgboost,structure_condition,split_pair_group,0.11210436373949051,0,0.615
384,31-010-CAS-5898048,1,b,xgboost,structure_condition,split_pair_group,0.20766232907772064,0,0.615
391,31-010-CAS-17658048,0,a,xgboost,structure_condition,split_pair_group,0.5247085094451904,0,0.615
392,31-010-CAS-12999057,0,a,xgboost,structure_condition,split_pair_group,0.6455011963844299,1,0.615
400,31-010-CAS-15131203,1,b,xgboost,structure_condition,split_pair_group,0.3232394754886627,0,0.615
406,31-010-CAS-18971959,1,b,xgboost,structure_condition,split_pair_group,0.9553043842315674,1,0.615
418,31-010-CAS-7849619,1,b,xgboost,structure_condition,split_pair_group,0.9889523386955261,1,0.615
428,31-010-CAS-21359659,1,b,xgboost,structure_condition,split_pair_group,0.9176182150840759,1,0.615
429,31-010-CAS-12041024,1,b,xgboost,structure_condition,split_pair_group,0.9176182150840759,1,0.615
431,31-010-CAS-21359681,1,b,xgboost,structure_condition,split_pair_group,0.9694496393203735,1,0.615
432,31-010-CAS-9811894,1,b,xgboost,structure_condition,split_pair_group,0.9694496393203735,1,0.615
441,31-010-CAS-8693853,1,b,xgboost,structure_condition,split_pair_group,0.18418410420417786,0,0.615
448,31-010-CAS-13639242,0,a,xgboost,structure_condition,split_pair_group,0.10813058167695999,0,0.615
471,31-010-CAS-6859118,0,a,xgboost,structure_condition,split_pair_group,0.030672242864966393,0,0.615
475,31-010-CAS-6246955,0,a,xgboost,structure_condition,split_pair_group,0.14671732485294342,0,0.615
483,31-010-CAS-5827902,0,a,xgboost,structure_condition,split_pair_group,0.010387132875621319,0,0.615
484,31-010-CAS-13993703,0,a,xgboost,structure_condition,split_pair_group,0.013231473043560982,0,0.615
504,31-010-CAS-10204303,1,b,xgboost,structure_condition,split_pair_group,0.9905146360397339,1,0.615
511,31-010-CAS-1044733,1,b,xgboost,structure_condition,split_pair_group,0.9592086672782898,1,0.615
515,31-010-CAS-878517,1,b,xgboost,structure_condition,split_pair_group,0.7416638731956482,1,0.615
530,31-010-CAS-10263463,1,b,xgboost,structure_condition,split_pair_group,0.3005852997303009,0,0.615
533,31-010-CAS-15475722,0,a,xgboost,structure_condition,split_pair_group,0.03082958236336708,0,0.615
539,31-010-CAS-15140208,1,b,xgboost,structure_condition,split_pair_group,0.30587857961654663,0,0.615
540,31-010-CAS-14143291,1,b,xgboost,structure_condition,split_pair_group,0.3005852997303009,0,0.615
544,31-010-CAS-14482114,0,a,xgboost,structure_condition,split_pair_group,0.3005852997303009,0,0.615
545,31-010-CAS-16396095,1,b,xgboost,structure_condition,split_pair_group,0.9894278645515442,1,0.615
559,31-010-CAS-12809730,0,a,xgboost,structure_condition,split_pair_group,0.055142614990472794,0,0.615
565,31-010-CAS-5089795,0,a,xgboost,structure_condition,split_pair_group,0.06036761775612831,0,0.615
568,31-010-CAS-6229676,0,a,xgboost,structure_condition,split_pair_group,0.01561717689037323,0,0.615
588,31-010-CAS-8250667,1,b,xgboost,structure_condition,split_pair_group,0.5482786297798157,0,0.615
594,31-013-CAS-5629637,0,a,xgboost,structure_condition,split_pair_group,0.05540412291884422,0,0.615
613,31-013-CAS-12466161,1,b,xgboost,structure_condition,split_pair_group,0.9601624608039856,1,0.615
615,31-010-CAS-22654654,0,a,xgboost,structure_condition,split_pair_group,0.022531479597091675,0,0.615
620,31-010-CAS-21471849,1,b,xgboost,structure_condition,split_pair_group,0.9448288083076477,1,0.615
623,31-614-CAS-40997648,1,b,xgboost,structure_condition,split_pair_group,0.9389393329620361,1,0.615
630,31-010-CAS-11999440,1,b,xgboost,structure_condition,split_pair_group,0.9353314638137817,1,0.615
641,31-010-CAS-21471846,1,b,xgboost,structure_condition,split_pair_group,0.9848207831382751,1,0.615
648,31-614-CAS-35275413,1,b,xgboost,structure_condition,split_pair_group,0.9298992156982422,1,0.615
655,31-013-CAS-14145593,0,a,xgboost,structure_condition,split_pair_group,0.013719531707465649,0,0.615
656,31-013-CAS-22581512,0,a,xgboost,structure_condition,split_pair_group,0.03336935490369797,0,0.615
657,31-013-CAS-9001704,0,a,xgboost,structure_condition,split_pair_group,0.022393053397536278,0,0.615
661,31-013-CAS-20074834,0,a,xgboost,structure_condition,split_pair_group,0.01367498654872179,0,0.615
662,31-013-CAS-17381412,0,a,xgboost,structure_condition,split_pair_group,0.010655456222593784,0,0.615
679,31-013-CAS-20074845,0,a,xgboost,structure_condition,split_pair_group,0.020905062556266785,0,0.615
680,31-013-CAS-17381425,0,a,xgboost,structure_condition,split_pair_group,0.01529249083250761,0,0.615
682,31-013-CAS-4038549,0,a,xgboost,structure_condition,split_pair_group,0.4330447316169739,0,0.615
683,31-013-CAS-22198141,0,a,xgboost,structure_condition,split_pair_group,0.0792662501335144,0,0.615
688,31-013-CAS-308870,0,a,xgboost,structure_condition,split_pair_group,0.48981231451034546,0,0.615
692,31-013-CAS-7066819,0,a,xgboost,structure_condition,split_pair_group,0.0034011381212621927,0,0.615
697,31-013-CAS-15171815,0,a,xgboost,structure_condition,split_pair_group,0.006519793067127466,0,0.615
700,31-013-CAS-14695973,0,a,xgboost,structure_condition,split_pair_group,0.012518592178821564,0,0.615
719,31-013-CAS-18792530,0,a,xgboost,structure_condition,split_pair_group,0.2653331756591797,0,0.615
720,31-013-CAS-13505033,0,a,xgboost,structure_condition,split_pair_group,0.40474042296409607,0,0.615
721,31-013-CAS-13132878,0,a,xgboost,structure_condition,split_pair_group,0.3741980791091919,0,0.615
722,31-013-CAS-21359610,0,a,xgboost,structure_condition,split_pair_group,0.08977717906236649,0,0.615
723,31-013-CAS-7463166,0,a,xgboost,structure_condition,split_pair_group,0.08977717906236649,0,0.615
739,31-013-CAS-10316632,0,a,xgboost,structure_condition,split_pair_group,0.7384634017944336,1,0.615
807,31-013-CAS-1407934,0,a,xgboost,structure_condition,split_pair_group,0.6644638776779175,1,0.615
831,31-013-CAS-1278764,0,a,xgboost,structure_condition,split_pair_group,0.06311053782701492,0,0.615
833,31-013-CAS-20818633,0,a,xgboost,structure_condition,split_pair_group,0.21771545708179474,0,0.615
837,31-614-CAS-38307143,1,b,xgboost,structure_condition,split_pair_group,0.9834174513816833,1,0.615
841,31-013-CAS-12570626,1,b,xgboost,structure_condition,split_pair_group,0.09241341054439545,0,0.615
842,31-013-CAS-3447636,1,b,xgboost,structure_condition,split_pair_group,0.09881298243999481,0,0.615
843,31-013-CAS-1313681,1,b,xgboost,structure_condition,split_pair_group,0.11398468166589737,0,0.615
850,31-013-CAS-19733120,0,a,xgboost,structure_condition,split_pair_group,0.09032576531171799,0,0.615
851,31-013-CAS-11213156,1,b,xgboost,structure_condition,split_pair_group,0.5499259233474731,0,0.615
855,31-049-CAS-11119860,1,b,xgboost,structure_condition,split_pair_group,0.9634836316108704,1,0.615
864,31-614-CAS-25201498,1,b,xgboost,structure_condition,split_pair_group,0.9634836316108704,1,0.615
865,31-614-CAS-27090868,1,b,xgboost,structure_condition,split_pair_group,0.9634836316108704,1,0.615
884,31-013-CAS-9389396,1,b,xgboost,structure_condition,split_pair_group,0.5320414304733276,0,0.615
885,31-013-CAS-3991023,1,b,xgboost,structure_condition,split_pair_group,0.5416386723518372,0,0.615
890,31-614-CAS-29244011,1,b,xgboost,structure_condition,split_pair_group,0.9469471573829651,1,0.615
891,31-614-CAS-26064585,1,b,xgboost,structure_condition,split_pair_group,0.9594966769218445,1,0.615
896,31-013-CAS-8933724,0,a,xgboost,structure_condition,split_pair_group,0.32419803738594055,0,0.615
901,31-614-CAS-27463098,0,a,xgboost,structure_condition,split_pair_group,0.03922954574227333,0,0.615
904,31-013-CAS-17702336,1,b,xgboost,structure_condition,split_pair_group,0.895471453666687,1,0.615
905,31-013-CAS-21762107,1,b,xgboost,structure_condition,split_pair_group,0.8967336416244507,1,0.615
906,31-013-CAS-21945116,1,b,xgboost,structure_condition,split_pair_group,0.8983011841773987,1,0.615
908,31-013-CAS-12760013,0,a,xgboost,structure_condition,split_pair_group,0.025011848658323288,0,0.615
921,31-013-CAS-7584459,1,b,xgboost,structure_condition,split_pair_group,0.4965860843658447,0,0.615
922,31-013-CAS-1058357,1,b,xgboost,structure_condition,split_pair_group,0.4840007424354553,0,0.615
925,31-013-CAS-19796368,1,b,xgboost,structure_condition,split_pair_group,0.9760144352912903,1,0.615
926,31-013-CAS-5703022,1,b,xgboost,structure_condition,split_pair_group,0.9684309363365173,1,0.615
935,31-013-CAS-9419983,0,a,xgboost,structure_condition,split_pair_group,0.0009548995294608176,0,0.615
937,31-013-CAS-11635380,0,a,xgboost,structure_condition,split_pair_group,0.001315961591899395,0,0.615
942,31-013-CAS-13870844,0,a,xgboost,structure_condition,split_pair_group,0.1171761006116867,0,0.615
943,31-013-CAS-4635858,0,a,xgboost,structure_condition,split_pair_group,0.26266929507255554,0,0.615
944,31-614-CAS-34709650,0,a,xgboost,structure_condition,split_pair_group,0.8264697194099426,1,0.615
946,31-013-CAS-6806986,1,b,xgboost,structure_condition,split_pair_group,0.8539383411407471,1,0.615
963,31-614-CAS-26047459,1,b,xgboost,structure_condition,split_pair_group,0.8574591875076294,1,0.615
1008,31-013-CAS-5259694,1,b,xgboost,structure_condition,split_pair_group,0.7799212336540222,1,0.615
1009,31-013-CAS-3120111,1,b,xgboost,structure_condition,split_pair_group,0.7937799692153931,1,0.615
1012,31-013-CAS-21905508,1,b,xgboost,structure_condition,split_pair_group,0.9581280946731567,1,0.615
1014,31-013-CAS-18496614,1,b,xgboost,structure_condition,split_pair_group,0.9443390369415283,1,0.615
1024,31-013-CAS-12877153,0,a,xgboost,structure_condition,split_pair_group,0.018722284585237503,0,0.615
1025,31-013-CAS-7511274,0,a,xgboost,structure_condition,split_pair_group,0.019122153520584106,0,0.615
1026,31-013-CAS-854940,0,a,xgboost,structure_condition,split_pair_group,0.024928150698542595,0,0.615
1027,31-013-CAS-8833991,0,a,xgboost,structure_condition,split_pair_group,0.033286307007074356,0,0.615
1029,31-013-CAS-2439768,1,b,xgboost,structure_condition,split_pair_group,0.8259415030479431,1,0.615
1032,31-013-CAS-3532904,1,b,xgboost,structure_condition,split_pair_group,0.8333976864814758,1,0.615
1033,31-013-CAS-15039708,1,b,xgboost,structure_condition,split_pair_group,0.8109421730041504,1,0.615
1042,31-013-CAS-2224404,1,b,xgboost,structure_condition,split_pair_group,0.26267895102500916,0,0.615
1043,31-013-CAS-19733121,0,a,xgboost,structure_condition,split_pair_group,0.08061814308166504,0,0.615
1061,31-013-CAS-16587031,0,a,xgboost,structure_condition,split_pair_group,0.05634823068976402,0,0.615
1085,31-614-CAS-36914120,0,a,xgboost,structure_condition,split_pair_group,0.2615332305431366,0,0.615
1091,31-013-CAS-16946845,1,b,xgboost,structure_condition,split_pair_group,0.32603681087493896,0,0.615
1103,31-614-CAS-35394448,1,b,xgboost,structure_condition,split_pair_group,0.33523029088974,0,0.615
1104,31-614-CAS-34336268,0,a,xgboost,structure_condition,split_pair_group,0.1590237021446228,0,0.615
1105,31-614-CAS-32458097,0,a,xgboost,structure_condition,split_pair_group,0.1590237021446228,0,0.615
1106,31-614-CAS-37588004,0,a,xgboost,structure_condition,split_pair_group,0.17445194721221924,0,0.615
1117,31-013-CAS-16968435,1,b,xgboost,structure_condition,split_pair_group,0.934122622013092,1,0.615
1124,31-013-CAS-14738874,0,a,xgboost,structure_condition,split_pair_group,0.05021898075938225,0,0.615
1127,31-013-CAS-11726967,0,a,xgboost,structure_condition,split_pair_group,0.028551919385790825,0,0.615
1141,31-013-CAS-17791367,0,a,xgboost,structure_condition,split_pair_group,0.06116771697998047,0,0.615
1150,31-013-CAS-741372,1,b,xgboost,structure_condition,split_pair_group,0.98902428150177,1,0.615
1160,31-013-CAS-17453665,1,b,xgboost,structure_condition,split_pair_group,0.8946132659912109,1,0.615
1165,31-013-CAS-11784711,1,b,xgboost,structure_condition,split_pair_group,0.11867804080247879,0,0.615
1175,31-013-CAS-21359611,0,a,xgboost,structure_condition,split_pair_group,0.08163491636514664,0,0.615
1176,31-013-CAS-9488276,0,a,xgboost,structure_condition,split_pair_group,0.08163491636514664,0,0.615
1182,31-013-CAS-12326620,0,a,xgboost,structure_condition,split_pair_group,0.016118165105581284,0,0.615
1185,31-013-CAS-23539710,0,a,xgboost,structure_condition,split_pair_group,0.028437377884984016,0,0.615
1187,31-013-CAS-14640673,0,a,xgboost,structure_condition,split_pair_group,0.17272447049617767,0,0.615
1196,31-013-CAS-1342962,1,b,xgboost,structure_condition,split_pair_group,0.9965001344680786,1,0.615
1210,31-013-CAS-3582973,0,a,xgboost,structure_condition,split_pair_group,0.49123793840408325,0,0.615
1226,31-013-CAS-4366967,1,b,xgboost,structure_condition,split_pair_group,0.9611055254936218,1,0.615
1229,31-013-CAS-16946849,1,b,xgboost,structure_condition,split_pair_group,0.8790618777275085,1,0.615
1241,31-013-CAS-2182975,1,b,xgboost,structure_condition,split_pair_group,0.9284536242485046,1,0.615
1247,31-013-CAS-13251956,1,b,xgboost,structure_condition,split_pair_group,0.9792976379394531,1,0.615
1248,31-013-CAS-3002515,0,a,xgboost,structure_condition,split_pair_group,0.49123793840408325,0,0.615
1261,31-614-CAS-37587999,0,a,xgboost,structure_condition,split_pair_group,0.10011283308267593,0,0.615
1264,31-013-CAS-806847,1,b,xgboost,structure_condition,split_pair_group,0.9835253953933716,1,0.615
1268,31-013-CAS-1585686,1,b,xgboost,structure_condition,split_pair_group,0.9956550598144531,1,0.615
1269,31-013-CAS-7643019,1,b,xgboost,structure_condition,split_pair_group,0.9950450658798218,1,0.615
1280,31-614-CAS-34954204,0,a,xgboost,structure_condition,split_pair_group,0.7439186573028564,1,0.615
1288,31-013-CAS-14512141,1,b,xgboost,structure_condition,split_pair_group,0.9385439157485962,1,0.615
1293,31-614-CAS-34956360,1,b,xgboost,structure_condition,split_pair_group,0.9842111468315125,1,0.615
1294,31-614-CAS-40218495,1,b,xgboost,structure_condition,split_pair_group,0.9364497065544128,1,0.615
1299,31-013-CAS-21608786,0,a,xgboost,structure_condition,split_pair_group,0.23412278294563293,0,0.615
1301,31-013-CAS-7147519,0,a,xgboost,structure_condition,split_pair_group,0.09136541187763214,0,0.615
1319,31-614-CAS-44041084,1,b,xgboost,structure_condition,split_pair_group,0.8244338035583496,1,0.615
1320,31-013-CAS-12262753,1,b,xgboost,structure_condition,split_pair_group,0.6311026215553284,1,0.615
1331,31-614-CAS-39834134,0,a,xgboost,structure_condition,split_pair_group,0.8792360424995422,1,0.615
1340,31-614-CAS-23946125,0,a,xgboost,structure_condition,split_pair_group,0.07375071197748184,0,0.615
1345,31-013-CAS-1583370,0,a,xgboost,structure_condition,split_pair_group,0.022047078236937523,0,0.615
1360,31-013-CAS-4188841,1,b,xgboost,structure_condition,split_pair_group,0.9836349487304688,1,0.615
1361,31-013-CAS-1880759,1,b,xgboost,structure_condition,split_pair_group,0.9836349487304688,1,0.615
1363,31-013-CAS-1686035,1,b,xgboost,structure_condition,split_pair_group,0.9644525051116943,1,0.615
1371,31-013-CAS-13595742,0,a,xgboost,structure_condition,split_pair_group,0.07815159857273102,0,0.615
1372,31-013-CAS-2565194,1,b,xgboost,structure_condition,split_pair_group,0.9847843647003174,1,0.615
1387,31-013-CAS-12685556,1,b,xgboost,structure_condition,split_pair_group,0.9940329194068909,1,0.615
1388,31-013-CAS-16806675,1,b,xgboost,structure_condition,split_pair_group,0.9935223460197449,1,0.615
1389,31-013-CAS-6076988,1,b,xgboost,structure_condition,split_pair_group,0.9940329194068909,1,0.615
1413,31-013-CAS-15393474,1,b,xgboost,structure_condition,split_pair_group,0.9778629541397095,1,0.615
1414,31-013-CAS-3282710,1,b,xgboost,structure_condition,split_pair_group,0.9407954216003418,1,0.615
1415,31-013-CAS-4022684,1,b,xgboost,structure_condition,split_pair_group,0.9789107441902161,1,0.615
1416,31-013-CAS-7726616,1,b,xgboost,structure_condition,split_pair_group,0.9974942207336426,1,0.615
1418,31-013-CAS-16820825,1,b,xgboost,structure_condition,split_pair_group,0.9922383427619934,1,0.615
1422,31-013-CAS-21944308,1,b,xgboost,structure_condition,split_pair_group,0.9795334339141846,1,0.615
1426,31-614-CAS-28293923,1,b,xgboost,structure_condition,split_pair_group,0.9589036703109741,1,0.615
1430,31-013-CAS-8917480,1,b,xgboost,structure_condition,split_pair_group,0.9558271765708923,1,0.615
1439,31-013-CAS-7488283,1,b,xgboost,structure_condition,split_pair_group,0.9935517311096191,1,0.615
1445,31-013-CAS-12921527,1,b,xgboost,structure_condition,split_pair_group,0.5798064470291138,0,0.615
1453,31-614-CAS-24299301,0,a,xgboost,structure_condition,split_pair_group,0.5631569027900696,0,0.615
1454,31-013-CAS-20404994,1,b,xgboost,structure_condition,split_pair_group,0.9774072170257568,1,0.615
1456,31-013-CAS-1120171,1,b,xgboost,structure_condition,split_pair_group,0.9890696406364441,1,0.615
1457,31-013-CAS-7286890,0,a,xgboost,structure_condition,split_pair_group,0.011746769770979881,0,0.615
1459,31-013-CAS-15100866,1,b,xgboost,structure_condition,split_pair_group,0.9224279522895813,1,0.615
1460,31-614-CAS-24965173,1,b,xgboost,structure_condition,split_pair_group,0.9876381158828735,1,0.615
1464,31-013-CAS-4102089,1,b,xgboost,structure_condition,split_pair_group,0.9852573275566101,1,0.615
1466,31-301-CAS-14089757,1,b,xgboost,structure_condition,split_pair_group,0.8138474225997925,1,0.615
1467,31-301-CAS-2081601,1,b,xgboost,structure_condition,split_pair_group,0.8138474225997925,1,0.615
1474,31-013-CAS-3406433,1,b,xgboost,structure_condition,split_pair_group,0.9789695739746094,1,0.615
1475,31-013-CAS-23731804,1,b,xgboost,structure_condition,split_pair_group,0.9206774234771729,1,0.615
1482,31-013-CAS-4942088,1,b,xgboost,structure_condition,split_pair_group,0.9762269854545593,1,0.615
1494,31-013-CAS-5792629,0,a,xgboost,structure_condition,split_pair_group,0.16718241572380066,0,0.615
1496,31-013-CAS-15382044,1,b,xgboost,structure_condition,split_pair_group,0.9165622591972351,1,0.615
1500,31-013-CAS-11809252,0,a,xgboost,structure_condition,split_pair_group,0.7783079147338867,1,0.615
1505,31-013-CAS-2166542,1,b,xgboost,structure_condition,split_pair_group,0.9726240038871765,1,0.615
1511,31-013-CAS-19117152,1,b,xgboost,structure_condition,split_pair_group,0.8892390131950378,1,0.615
1518,31-013-CAS-7065488,1,b,xgboost,structure_condition,split_pair_group,0.9836826920509338,1,0.615
1520,31-614-CAS-30618647,1,b,xgboost,structure_condition,split_pair_group,0.9781241416931152,1,0.615
1526,31-013-CAS-11179214,1,b,xgboost,structure_condition,split_pair_group,0.7644144892692566,1,0.615
1528,31-013-CAS-8627156,1,b,xgboost,structure_condition,split_pair_group,0.9450586438179016,1,0.615
1529,31-013-CAS-26474,1,b,xgboost,structure_condition,split_pair_group,0.9450586438179016,1,0.615
1532,31-614-CAS-41884159,0,a,xgboost,structure_condition,split_pair_group,0.1103435754776001,0,0.615
1533,31-614-CAS-37959480,0,a,xgboost,structure_condition,split_pair_group,0.1103435754776001,0,0.615
1541,31-614-CAS-45240845,0,a,xgboost,structure_condition,split_pair_group,0.24851296842098236,0,0.615
1542,31-013-CAS-21774311,0,a,xgboost,structure_condition,split_pair_group,0.38178107142448425,0,0.615
1543,31-614-CAS-41884456,0,a,xgboost,structure_condition,split_pair_group,0.10944339632987976,0,0.615
1544,31-614-CAS-37959617,0,a,xgboost,structure_condition,split_pair_group,0.10944339632987976,0,0.615
1548,31-013-CAS-4019424,1,b,xgboost,structure_condition,split_pair_group,0.9946956038475037,1,0.615
1550,31-614-CAS-24501387,1,b,xgboost,structure_condition,split_pair_group,0.9921118021011353,1,0.615
1551,31-614-CAS-29170155,1,b,xgboost,structure_condition,split_pair_group,0.45489275455474854,0,0.615
1552,31-614-CAS-27856064,1,b,xgboost,structure_condition,split_pair_group,0.45489275455474854,0,0.615
1553,31-013-CAS-7313950,1,b,xgboost,structure_condition,split_pair_group,0.9745491147041321,1,0.615
1558,31-013-CAS-21471842,1,b,xgboost,structure_condition,split_pair_group,0.9575732350349426,1,0.615
16,31-010-CAS-22198130,1,b,logistic_regression,condition_only,split_pair_group,0.6054298281669617,1,0.48499999999999993
25,31-010-CAS-5525801,1,b,logistic_regression,condition_only,split_pair_group,0.908190906047821,1,0.48499999999999993
26,31-614-CAS-31203171,0,a,logistic_regression,condition_only,split_pair_group,0.2864977717399597,0,0.48499999999999993
36,31-010-CAS-4980852,1,b,logistic_regression,condition_only,split_pair_group,0.42257043719291687,0,0.48499999999999993
54,31-010-CAS-19796375,1,b,logistic_regression,condition_only,split_pair_group,0.502814531326294,1,0.48499999999999993
74,31-010-CAS-8524792,0,a,logistic_regression,condition_only,split_pair_group,0.5501964092254639,1,0.48499999999999993
78,31-010-CAS-1161485,0,a,logistic_regression,condition_only,split_pair_group,0.5647560954093933,1,0.48499999999999993
114,31-010-CAS-6728808,0,a,logistic_regression,condition_only,split_pair_group,0.5134586691856384,1,0.48499999999999993
127,31-010-CAS-3431516,1,b,logistic_regression,condition_only,split_pair_group,0.5501964092254639,1,0.48499999999999993
138,31-010-CAS-12729167,1,b,logistic_regression,condition_only,split_pair_group,0.6229367256164551,1,0.48499999999999993
142,31-010-CAS-11617057,1,b,logistic_regression,condition_only,split_pair_group,0.5053905248641968,1,0.48499999999999993
143,31-010-CAS-3803419,0,a,logistic_regression,condition_only,split_pair_group,0.4207683205604553,0,0.48499999999999993
146,31-010-CAS-13055419,1,b,logistic_regression,condition_only,split_pair_group,0.5452878475189209,1,0.48499999999999993
148,31-010-CAS-884798,1,b,logistic_regression,condition_only,split_pair_group,0.6394150853157043,1,0.48499999999999993
157,31-010-CAS-23202756,1,b,logistic_regression,condition_only,split_pair_group,0.9120473861694336,1,0.48499999999999993
161,31-010-CAS-8171704,1,b,logistic_regression,condition_only,split_pair_group,0.5057504773139954,1,0.48499999999999993
170,31-010-CAS-16546348,1,b,logistic_regression,condition_only,split_pair_group,0.920506477355957,1,0.48499999999999993
171,31-010-CAS-23204857,1,b,logistic_regression,condition_only,split_pair_group,0.8999154567718506,1,0.48499999999999993
183,31-010-CAS-4294380,0,a,logistic_regression,condition_only,split_pair_group,0.32750117778778076,0,0.48499999999999993
186,31-010-CAS-11796742,0,a,logistic_regression,condition_only,split_pair_group,0.35145995020866394,0,0.48499999999999993
195,31-614-CAS-36199892,1,b,logistic_regression,condition_only,split_pair_group,0.8253811597824097,1,0.48499999999999993
203,31-010-CAS-16546344,1,b,logistic_regression,condition_only,split_pair_group,0.7206236720085144,1,0.48499999999999993
219,31-010-CAS-3920193,0,a,logistic_regression,condition_only,split_pair_group,0.06971947103738785,0,0.48499999999999993
220,31-010-CAS-20767187,0,a,logistic_regression,condition_only,split_pair_group,0.17471544444561005,0,0.48499999999999993
221,31-010-CAS-17642154,0,a,logistic_regression,condition_only,split_pair_group,0.3555469810962677,0,0.48499999999999993
234,31-013-CAS-5827715,1,b,logistic_regression,condition_only,split_pair_group,0.6452835202217102,1,0.48499999999999993
241,31-010-CAS-14863653,1,b,logistic_regression,condition_only,split_pair_group,0.5701079964637756,1,0.48499999999999993
243,31-010-CAS-13659910,1,b,logistic_regression,condition_only,split_pair_group,0.9393512606620789,1,0.48499999999999993
250,31-010-CAS-1767038,0,a,logistic_regression,condition_only,split_pair_group,0.4348192512989044,0,0.48499999999999993
265,31-010-CAS-7479832,1,b,logistic_regression,condition_only,split_pair_group,0.535953938961029,1,0.48499999999999993
272,31-010-CAS-9842150,1,b,logistic_regression,condition_only,split_pair_group,0.5057504773139954,1,0.48499999999999993
284,31-010-CAS-4637552,1,b,logistic_regression,condition_only,split_pair_group,0.7387979626655579,1,0.48499999999999993
296,31-010-CAS-11281477,1,b,logistic_regression,condition_only,split_pair_group,0.5094104409217834,1,0.48499999999999993
298,31-010-CAS-6624950,1,b,logistic_regression,condition_only,split_pair_group,0.5599170923233032,1,0.48499999999999993
310,31-010-CAS-7407036,0,a,logistic_regression,condition_only,split_pair_group,0.3732494115829468,0,0.48499999999999993
317,31-010-CAS-17830886,1,b,logistic_regression,condition_only,split_pair_group,0.5094104409217834,1,0.48499999999999993
334,31-010-CAS-21359677,1,b,logistic_regression,condition_only,split_pair_group,0.66323322057724,1,0.48499999999999993
335,31-010-CAS-1287355,1,b,logistic_regression,condition_only,split_pair_group,0.66323322057724,1,0.48499999999999993
360,31-010-CAS-21359666,1,b,logistic_regression,condition_only,split_pair_group,0.66323322057724,1,0.48499999999999993
361,31-010-CAS-1619273,1,b,logistic_regression,condition_only,split_pair_group,0.66323322057724,1,0.48499999999999993
364,31-010-CAS-21359670,1,b,logistic_regression,condition_only,split_pair_group,0.66323322057724,1,0.48499999999999993
365,31-010-CAS-10139664,1,b,logistic_regression,condition_only,split_pair_group,0.66323322057724,1,0.48499999999999993
383,31-010-CAS-5251218,0,a,logistic_regression,condition_only,split_pair_group,0.0885811299085617,0,0.48499999999999993
384,31-010-CAS-5898048,1,b,logistic_regression,condition_only,split_pair_group,0.5006189942359924,1,0.48499999999999993
391,31-010-CAS-17658048,0,a,logistic_regression,condition_only,split_pair_group,0.20532339811325073,0,0.48499999999999993
392,31-010-CAS-12999057,0,a,logistic_regression,condition_only,split_pair_group,0.4836367070674896,0,0.48499999999999993
400,31-010-CAS-15131203,1,b,logistic_regression,condition_only,split_pair_group,0.18620295822620392,0,0.48499999999999993
406,31-010-CAS-18971959,1,b,logistic_regression,condition_only,split_pair_group,0.5721892714500427,1,0.48499999999999993
418,31-010-CAS-7849619,1,b,logistic_regression,condition_only,split_pair_group,0.6739721894264221,1,0.48499999999999993
428,31-010-CAS-21359659,1,b,logistic_regression,condition_only,split_pair_group,0.66323322057724,1,0.48499999999999993
429,31-010-CAS-12041024,1,b,logistic_regression,condition_only,split_pair_group,0.66323322057724,1,0.48499999999999993
431,31-010-CAS-21359681,1,b,logistic_regression,condition_only,split_pair_group,0.66323322057724,1,0.48499999999999993
432,31-010-CAS-9811894,1,b,logistic_regression,condition_only,split_pair_group,0.66323322057724,1,0.48499999999999993
441,31-010-CAS-8693853,1,b,logistic_regression,condition_only,split_pair_group,0.4713120460510254,0,0.48499999999999993
448,31-010-CAS-13639242,0,a,logistic_regression,condition_only,split_pair_group,0.6739721894264221,1,0.48499999999999993
471,31-010-CAS-6859118,0,a,logistic_regression,condition_only,split_pair_group,0.40473175048828125,0,0.48499999999999993
475,31-010-CAS-6246955,0,a,logistic_regression,condition_only,split_pair_group,0.12592491507530212,0,0.48499999999999993
483,31-010-CAS-5827902,0,a,logistic_regression,condition_only,split_pair_group,0.28442150354385376,0,0.48499999999999993
484,31-010-CAS-13993703,0,a,logistic_regression,condition_only,split_pair_group,0.27745863795280457,0,0.48499999999999993
504,31-010-CAS-10204303,1,b,logistic_regression,condition_only,split_pair_group,0.6266660094261169,1,0.48499999999999993
511,31-010-CAS-1044733,1,b,logistic_regression,condition_only,split_pair_group,0.3403438627719879,0,0.48499999999999993
515,31-010-CAS-878517,1,b,logistic_regression,condition_only,split_pair_group,0.8912992477416992,1,0.48499999999999993
530,31-010-CAS-10263463,1,b,logistic_regression,condition_only,split_pair_group,0.1796734631061554,0,0.48499999999999993
533,31-010-CAS-15475722,0,a,logistic_regression,condition_only,split_pair_group,0.5094104409217834,1,0.48499999999999993
539,31-010-CAS-15140208,1,b,logistic_regression,condition_only,split_pair_group,0.1796734631061554,0,0.48499999999999993
540,31-010-CAS-14143291,1,b,logistic_regression,condition_only,split_pair_group,0.1796734631061554,0,0.48499999999999993
544,31-010-CAS-14482114,0,a,logistic_regression,condition_only,split_pair_group,0.1796734631061554,0,0.48499999999999993
545,31-010-CAS-16396095,1,b,logistic_regression,condition_only,split_pair_group,0.5094104409217834,1,0.48499999999999993
559,31-010-CAS-12809730,0,a,logistic_regression,condition_only,split_pair_group,0.6870796084403992,1,0.48499999999999993
565,31-010-CAS-5089795,0,a,logistic_regression,condition_only,split_pair_group,0.22403226792812347,0,0.48499999999999993
568,31-010-CAS-6229676,0,a,logistic_regression,condition_only,split_pair_group,0.09784597903490067,0,0.48499999999999993
588,31-010-CAS-8250667,1,b,logistic_regression,condition_only,split_pair_group,0.6761917471885681,1,0.48499999999999993
594,31-013-CAS-5629637,0,a,logistic_regression,condition_only,split_pair_group,0.7146337032318115,1,0.48499999999999993
613,31-013-CAS-12466161,1,b,logistic_regression,condition_only,split_pair_group,0.3850223124027252,0,0.48499999999999993
615,31-010-CAS-22654654,0,a,logistic_regression,condition_only,split_pair_group,0.3336019217967987,0,0.48499999999999993
620,31-010-CAS-21471849,1,b,logistic_regression,condition_only,split_pair_group,0.5706523656845093,1,0.48499999999999993
623,31-614-CAS-40997648,1,b,logistic_regression,condition_only,split_pair_group,0.5585058927536011,1,0.48499999999999993
630,31-010-CAS-11999440,1,b,logistic_regression,condition_only,split_pair_group,0.5124974250793457,1,0.48499999999999993
641,31-010-CAS-21471846,1,b,logistic_regression,condition_only,split_pair_group,0.5647560954093933,1,0.48499999999999993
648,31-614-CAS-35275413,1,b,logistic_regression,condition_only,split_pair_group,0.43296900391578674,0,0.48499999999999993
655,31-013-CAS-14145593,0,a,logistic_regression,condition_only,split_pair_group,0.6568537354469299,1,0.48499999999999993
656,31-013-CAS-22581512,0,a,logistic_regression,condition_only,split_pair_group,0.5215209722518921,1,0.48499999999999993
657,31-013-CAS-9001704,0,a,logistic_regression,condition_only,split_pair_group,0.29732370376586914,0,0.48499999999999993
661,31-013-CAS-20074834,0,a,logistic_regression,condition_only,split_pair_group,0.5203222632408142,1,0.48499999999999993
662,31-013-CAS-17381412,0,a,logistic_regression,condition_only,split_pair_group,0.4843041002750397,0,0.48499999999999993
679,31-013-CAS-20074845,0,a,logistic_regression,condition_only,split_pair_group,0.5203222632408142,1,0.48499999999999993
680,31-013-CAS-17381425,0,a,logistic_regression,condition_only,split_pair_group,0.4843041002750397,0,0.48499999999999993
682,31-013-CAS-4038549,0,a,logistic_regression,condition_only,split_pair_group,0.5943316221237183,1,0.48499999999999993
683,31-013-CAS-22198141,0,a,logistic_regression,condition_only,split_pair_group,0.559525728225708,1,0.48499999999999993
688,31-013-CAS-308870,0,a,logistic_regression,condition_only,split_pair_group,0.5210250020027161,1,0.48499999999999993
692,31-013-CAS-7066819,0,a,logistic_regression,condition_only,split_pair_group,0.44035768508911133,0,0.48499999999999993
697,31-013-CAS-15171815,0,a,logistic_regression,condition_only,split_pair_group,0.20908638834953308,0,0.48499999999999993
700,31-013-CAS-14695973,0,a,logistic_regression,condition_only,split_pair_group,0.535453200340271,1,0.48499999999999993
719,31-013-CAS-18792530,0,a,logistic_regression,condition_only,split_pair_group,0.13581021130084991,0,0.48499999999999993
720,31-013-CAS-13505033,0,a,logistic_regression,condition_only,split_pair_group,0.5057504773139954,1,0.48499999999999993
721,31-013-CAS-13132878,0,a,logistic_regression,condition_only,split_pair_group,0.31405001878738403,0,0.48499999999999993
722,31-013-CAS-21359610,0,a,logistic_regression,condition_only,split_pair_group,0.39455342292785645,0,0.48499999999999993
723,31-013-CAS-7463166,0,a,logistic_regression,condition_only,split_pair_group,0.39455342292785645,0,0.48499999999999993
739,31-013-CAS-10316632,0,a,logistic_regression,condition_only,split_pair_group,0.5943316221237183,1,0.48499999999999993
807,31-013-CAS-1407934,0,a,logistic_regression,condition_only,split_pair_group,0.4348192512989044,0,0.48499999999999993
831,31-013-CAS-1278764,0,a,logistic_regression,condition_only,split_pair_group,0.32435253262519836,0,0.48499999999999993
833,31-013-CAS-20818633,0,a,logistic_regression,condition_only,split_pair_group,0.31405001878738403,0,0.48499999999999993
837,31-614-CAS-38307143,1,b,logistic_regression,condition_only,split_pair_group,0.2116725593805313,0,0.48499999999999993
841,31-013-CAS-12570626,1,b,logistic_regression,condition_only,split_pair_group,0.413030743598938,0,0.48499999999999993
842,31-013-CAS-3447636,1,b,logistic_regression,condition_only,split_pair_group,0.45594522356987,0,0.48499999999999993
843,31-013-CAS-1313681,1,b,logistic_regression,condition_only,split_pair_group,0.5335332751274109,1,0.48499999999999993
850,31-013-CAS-19733120,0,a,logistic_regression,condition_only,split_pair_group,0.34954512119293213,0,0.48499999999999993
851,31-013-CAS-11213156,1,b,logistic_regression,condition_only,split_pair_group,0.48362693190574646,0,0.48499999999999993
855,31-049-CAS-11119860,1,b,logistic_regression,condition_only,split_pair_group,0.7475950717926025,1,0.48499999999999993
864,31-614-CAS-25201498,1,b,logistic_regression,condition_only,split_pair_group,0.7963368892669678,1,0.48499999999999993
865,31-614-CAS-27090868,1,b,logistic_regression,condition_only,split_pair_group,0.7963368892669678,1,0.48499999999999993
884,31-013-CAS-9389396,1,b,logistic_regression,condition_only,split_pair_group,0.5293828845024109,1,0.48499999999999993
885,31-013-CAS-3991023,1,b,logistic_regression,condition_only,split_pair_group,0.5965943932533264,1,0.48499999999999993
890,31-614-CAS-29244011,1,b,logistic_regression,condition_only,split_pair_group,0.5335332751274109,1,0.48499999999999993
891,31-614-CAS-26064585,1,b,logistic_regression,condition_only,split_pair_group,0.5825782418251038,1,0.48499999999999993
896,31-013-CAS-8933724,0,a,logistic_regression,condition_only,split_pair_group,0.4836367070674896,0,0.48499999999999993
901,31-614-CAS-27463098,0,a,logistic_regression,condition_only,split_pair_group,0.2864235043525696,0,0.48499999999999993
904,31-013-CAS-17702336,1,b,logistic_regression,condition_only,split_pair_group,0.675808846950531,1,0.48499999999999993
905,31-013-CAS-21762107,1,b,logistic_regression,condition_only,split_pair_group,0.5332716703414917,1,0.48499999999999993
906,31-013-CAS-21945116,1,b,logistic_regression,condition_only,split_pair_group,0.30602994561195374,0,0.48499999999999993
908,31-013-CAS-12760013,0,a,logistic_regression,condition_only,split_pair_group,0.28046298027038574,0,0.48499999999999993
921,31-013-CAS-7584459,1,b,logistic_regression,condition_only,split_pair_group,0.6083143949508667,1,0.48499999999999993
922,31-013-CAS-1058357,1,b,logistic_regression,condition_only,split_pair_group,0.45594522356987,0,0.48499999999999993
925,31-013-CAS-19796368,1,b,logistic_regression,condition_only,split_pair_group,0.8373838067054749,1,0.48499999999999993
926,31-013-CAS-5703022,1,b,logistic_regression,condition_only,split_pair_group,0.3176299035549164,0,0.48499999999999993
935,31-013-CAS-9419983,0,a,logistic_regression,condition_only,split_pair_group,0.212118461728096,0,0.48499999999999993
937,31-013-CAS-11635380,0,a,logistic_regression,condition_only,split_pair_group,0.212118461728096,0,0.48499999999999993
942,31-013-CAS-13870844,0,a,logistic_regression,condition_only,split_pair_group,0.4713120460510254,0,0.48499999999999993
943,31-013-CAS-4635858,0,a,logistic_regression,condition_only,split_pair_group,0.16980096697807312,0,0.48499999999999993
944,31-614-CAS-34709650,0,a,logistic_regression,condition_only,split_pair_group,0.582854151725769,1,0.48499999999999993
946,31-013-CAS-6806986,1,b,logistic_regression,condition_only,split_pair_group,0.5488770008087158,1,0.48499999999999993
963,31-614-CAS-26047459,1,b,logistic_regression,condition_only,split_pair_group,0.4644654393196106,0,0.48499999999999993
1008,31-013-CAS-5259694,1,b,logistic_regression,condition_only,split_pair_group,0.5376914739608765,1,0.48499999999999993
1009,31-013-CAS-3120111,1,b,logistic_regression,condition_only,split_pair_group,0.5023184418678284,1,0.48499999999999993
1012,31-013-CAS-21905508,1,b,logistic_regression,condition_only,split_pair_group,0.4843041002750397,0,0.48499999999999993
1014,31-013-CAS-18496614,1,b,logistic_regression,condition_only,split_pair_group,0.5738480091094971,1,0.48499999999999993
1024,31-013-CAS-12877153,0,a,logistic_regression,condition_only,split_pair_group,0.4782125651836395,0,0.48499999999999993
1025,31-013-CAS-7511274,0,a,logistic_regression,condition_only,split_pair_group,0.6138424277305603,1,0.48499999999999993
1026,31-013-CAS-854940,0,a,logistic_regression,condition_only,split_pair_group,0.7727773189544678,1,0.48499999999999993
1027,31-013-CAS-8833991,0,a,logistic_regression,condition_only,split_pair_group,0.4879051446914673,1,0.48499999999999993
1029,31-013-CAS-2439768,1,b,logistic_regression,condition_only,split_pair_group,0.411869615316391,0,0.48499999999999993
1032,31-013-CAS-3532904,1,b,logistic_regression,condition_only,split_pair_group,0.5357223749160767,1,0.48499999999999993
1033,31-013-CAS-15039708,1,b,logistic_regression,condition_only,split_pair_group,0.49974876642227173,1,0.48499999999999993
1042,31-013-CAS-2224404,1,b,logistic_regression,condition_only,split_pair_group,0.4701405167579651,0,0.48499999999999993
1043,31-013-CAS-19733121,0,a,logistic_regression,condition_only,split_pair_group,0.34954512119293213,0,0.48499999999999993
1061,31-013-CAS-16587031,0,a,logistic_regression,condition_only,split_pair_group,0.22827859222888947,0,0.48499999999999993
1085,31-614-CAS-36914120,0,a,logistic_regression,condition_only,split_pair_group,0.35475465655326843,0,0.48499999999999993
1091,31-013-CAS-16946845,1,b,logistic_regression,condition_only,split_pair_group,0.5155273079872131,1,0.48499999999999993
1103,31-614-CAS-35394448,1,b,logistic_regression,condition_only,split_pair_group,0.708418071269989,1,0.48499999999999993
1104,31-614-CAS-34336268,0,a,logistic_regression,condition_only,split_pair_group,0.5754088759422302,1,0.48499999999999993
1105,31-614-CAS-32458097,0,a,logistic_regression,condition_only,split_pair_group,0.500388503074646,1,0.48499999999999993
1106,31-614-CAS-37588004,0,a,logistic_regression,condition_only,split_pair_group,0.5943316221237183,1,0.48499999999999993
1117,31-013-CAS-16968435,1,b,logistic_regression,condition_only,split_pair_group,0.653688907623291,1,0.48499999999999993
1124,31-013-CAS-14738874,0,a,logistic_regression,condition_only,split_pair_group,0.4782125651836395,0,0.48499999999999993
1127,31-013-CAS-11726967,0,a,logistic_regression,condition_only,split_pair_group,0.45558449625968933,0,0.48499999999999993
1141,31-013-CAS-17791367,0,a,logistic_regression,condition_only,split_pair_group,0.3808397948741913,0,0.48499999999999993
1150,31-013-CAS-741372,1,b,logistic_regression,condition_only,split_pair_group,0.4706202447414398,0,0.48499999999999993
1160,31-013-CAS-17453665,1,b,logistic_regression,condition_only,split_pair_group,0.5855552554130554,1,0.48499999999999993
1165,31-013-CAS-11784711,1,b,logistic_regression,condition_only,split_pair_group,0.30519264936447144,0,0.48499999999999993
1175,31-013-CAS-21359611,0,a,logistic_regression,condition_only,split_pair_group,0.42205601930618286,0,0.48499999999999993
1176,31-013-CAS-9488276,0,a,logistic_regression,condition_only,split_pair_group,0.42205601930618286,0,0.48499999999999993
1182,31-013-CAS-12326620,0,a,logistic_regression,condition_only,split_pair_group,0.5713325142860413,1,0.48499999999999993
1185,31-013-CAS-23539710,0,a,logistic_regression,condition_only,split_pair_group,0.3946959972381592,0,0.48499999999999993
1187,31-013-CAS-14640673,0,a,logistic_regression,condition_only,split_pair_group,0.4547789990901947,0,0.48499999999999993
1196,31-013-CAS-1342962,1,b,logistic_regression,condition_only,split_pair_group,0.6731191277503967,1,0.48499999999999993
1210,31-013-CAS-3582973,0,a,logistic_regression,condition_only,split_pair_group,0.45094552636146545,0,0.48499999999999993
1226,31-013-CAS-4366967,1,b,logistic_regression,condition_only,split_pair_group,0.688176691532135,1,0.48499999999999993
1229,31-013-CAS-16946849,1,b,logistic_regression,condition_only,split_pair_group,0.5442480444908142,1,0.48499999999999993
1241,31-013-CAS-2182975,1,b,logistic_regression,condition_only,split_pair_group,0.6669096350669861,1,0.48499999999999993
1247,31-013-CAS-13251956,1,b,logistic_regression,condition_only,split_pair_group,0.4843041002750397,0,0.48499999999999993
1248,31-013-CAS-3002515,0,a,logistic_regression,condition_only,split_pair_group,0.45094552636146545,0,0.48499999999999993
1261,31-614-CAS-37587999,0,a,logistic_regression,condition_only,split_pair_group,0.5943316221237183,1,0.48499999999999993
1264,31-013-CAS-806847,1,b,logistic_regression,condition_only,split_pair_group,0.747458815574646,1,0.48499999999999993
1268,31-013-CAS-1585686,1,b,logistic_regression,condition_only,split_pair_group,0.6415431499481201,1,0.48499999999999993
1269,31-013-CAS-7643019,1,b,logistic_regression,condition_only,split_pair_group,0.4697531759738922,0,0.48499999999999993
1280,31-614-CAS-34954204,0,a,logistic_regression,condition_only,split_pair_group,0.653688907623291,1,0.48499999999999993
1288,31-013-CAS-14512141,1,b,logistic_regression,condition_only,split_pair_group,0.6149564385414124,1,0.48499999999999993
1293,31-614-CAS-34956360,1,b,logistic_regression,condition_only,split_pair_group,0.6203787326812744,1,0.48499999999999993
1294,31-614-CAS-40218495,1,b,logistic_regression,condition_only,split_pair_group,0.5616355538368225,1,0.48499999999999993
1299,31-013-CAS-21608786,0,a,logistic_regression,condition_only,split_pair_group,0.23015637695789337,0,0.48499999999999993
1301,31-013-CAS-7147519,0,a,logistic_regression,condition_only,split_pair_group,0.408267617225647,0,0.48499999999999993
1319,31-614-CAS-44041084,1,b,logistic_regression,condition_only,split_pair_group,0.4843041002750397,0,0.48499999999999993
1320,31-013-CAS-12262753,1,b,logistic_regression,condition_only,split_pair_group,0.19451913237571716,0,0.48499999999999993
1331,31-614-CAS-39834134,0,a,logistic_regression,condition_only,split_pair_group,0.22577816247940063,0,0.48499999999999993
1340,31-614-CAS-23946125,0,a,logistic_regression,condition_only,split_pair_group,0.5943316221237183,1,0.48499999999999993
1345,31-013-CAS-1583370,0,a,logistic_regression,condition_only,split_pair_group,0.42257043719291687,0,0.48499999999999993
1360,31-013-CAS-4188841,1,b,logistic_regression,condition_only,split_pair_group,0.5273699760437012,1,0.48499999999999993
1361,31-013-CAS-1880759,1,b,logistic_regression,condition_only,split_pair_group,0.5273699760437012,1,0.48499999999999993
1363,31-013-CAS-1686035,1,b,logistic_regression,condition_only,split_pair_group,0.4697531759738922,0,0.48499999999999993
1371,31-013-CAS-13595742,0,a,logistic_regression,condition_only,split_pair_group,0.5295678377151489,1,0.48499999999999993
1372,31-013-CAS-2565194,1,b,logistic_regression,condition_only,split_pair_group,0.47823232412338257,0,0.48499999999999993
1387,31-013-CAS-12685556,1,b,logistic_regression,condition_only,split_pair_group,0.6731191277503967,1,0.48499999999999993
1388,31-013-CAS-16806675,1,b,logistic_regression,condition_only,split_pair_group,0.7367115616798401,1,0.48499999999999993
1389,31-013-CAS-6076988,1,b,logistic_regression,condition_only,split_pair_group,0.6445661187171936,1,0.48499999999999993
1413,31-013-CAS-15393474,1,b,logistic_regression,condition_only,split_pair_group,0.7249634861946106,1,0.48499999999999993
1414,31-013-CAS-3282710,1,b,logistic_regression,condition_only,split_pair_group,0.5158584117889404,1,0.48499999999999993
1415,31-013-CAS-4022684,1,b,logistic_regression,condition_only,split_pair_group,0.411869615316391,0,0.48499999999999993
1416,31-013-CAS-7726616,1,b,logistic_regression,condition_only,split_pair_group,0.6731191277503967,1,0.48499999999999993
1418,31-013-CAS-16820825,1,b,logistic_regression,condition_only,split_pair_group,0.6955739855766296,1,0.48499999999999993
1422,31-013-CAS-21944308,1,b,logistic_regression,condition_only,split_pair_group,0.7639601826667786,1,0.48499999999999993
1426,31-614-CAS-28293923,1,b,logistic_regression,condition_only,split_pair_group,0.18157070875167847,0,0.48499999999999993
1430,31-013-CAS-8917480,1,b,logistic_regression,condition_only,split_pair_group,0.45893537998199463,0,0.48499999999999993
1439,31-013-CAS-7488283,1,b,logistic_regression,condition_only,split_pair_group,0.6767147779464722,1,0.48499999999999993
1445,31-013-CAS-12921527,1,b,logistic_regression,condition_only,split_pair_group,0.403918594121933,0,0.48499999999999993
1453,31-614-CAS-24299301,0,a,logistic_regression,condition_only,split_pair_group,0.30544793605804443,0,0.48499999999999993
1454,31-013-CAS-20404994,1,b,logistic_regression,condition_only,split_pair_group,0.5098880529403687,1,0.48499999999999993
1456,31-013-CAS-1120171,1,b,logistic_regression,condition_only,split_pair_group,0.49413594603538513,1,0.48499999999999993
1457,31-013-CAS-7286890,0,a,logistic_regression,condition_only,split_pair_group,0.6691889762878418,1,0.48499999999999993
1459,31-013-CAS-15100866,1,b,logistic_regression,condition_only,split_pair_group,0.6871049404144287,1,0.48499999999999993
1460,31-614-CAS-24965173,1,b,logistic_regression,condition_only,split_pair_group,0.5635290145874023,1,0.48499999999999993
1464,31-013-CAS-4102089,1,b,logistic_regression,condition_only,split_pair_group,0.7249634861946106,1,0.48499999999999993
1466,31-301-CAS-14089757,1,b,logistic_regression,condition_only,split_pair_group,0.5805056095123291,1,0.48499999999999993
1467,31-301-CAS-2081601,1,b,logistic_regression,condition_only,split_pair_group,0.5805056095123291,1,0.48499999999999993
1474,31-013-CAS-3406433,1,b,logistic_regression,condition_only,split_pair_group,0.7024193406105042,1,0.48499999999999993
1475,31-013-CAS-23731804,1,b,logistic_regression,condition_only,split_pair_group,0.37939319014549255,0,0.48499999999999993
1482,31-013-CAS-4942088,1,b,logistic_regression,condition_only,split_pair_group,0.411869615316391,0,0.48499999999999993
1494,31-013-CAS-5792629,0,a,logistic_regression,condition_only,split_pair_group,0.6342588663101196,1,0.48499999999999993
1496,31-013-CAS-15382044,1,b,logistic_regression,condition_only,split_pair_group,0.46450772881507874,0,0.48499999999999993
1500,31-013-CAS-11809252,0,a,logistic_regression,condition_only,split_pair_group,0.16394178569316864,0,0.48499999999999993
1505,31-013-CAS-2166542,1,b,logistic_regression,condition_only,split_pair_group,0.6739721894264221,1,0.48499999999999993
1511,31-013-CAS-19117152,1,b,logistic_regression,condition_only,split_pair_group,0.7093150019645691,1,0.48499999999999993
1518,31-013-CAS-7065488,1,b,logistic_regression,condition_only,split_pair_group,0.6187975406646729,1,0.48499999999999993
1520,31-614-CAS-30618647,1,b,logistic_regression,condition_only,split_pair_group,0.5805056095123291,1,0.48499999999999993
1526,31-013-CAS-11179214,1,b,logistic_regression,condition_only,split_pair_group,0.15188153088092804,0,0.48499999999999993
1528,31-013-CAS-8627156,1,b,logistic_regression,condition_only,split_pair_group,0.5038089156150818,1,0.48499999999999993
1529,31-013-CAS-26474,1,b,logistic_regression,condition_only,split_pair_group,0.5038089156150818,1,0.48499999999999993
1532,31-614-CAS-41884159,0,a,logistic_regression,condition_only,split_pair_group,0.5047807097434998,1,0.48499999999999993
1533,31-614-CAS-37959480,0,a,logistic_regression,condition_only,split_pair_group,0.5047807097434998,1,0.48499999999999993
1541,31-614-CAS-45240845,0,a,logistic_regression,condition_only,split_pair_group,0.5873622894287109,1,0.48499999999999993
1542,31-013-CAS-21774311,0,a,logistic_regression,condition_only,split_pair_group,0.2572610378265381,0,0.48499999999999993
1543,31-614-CAS-41884456,0,a,logistic_regression,condition_only,split_pair_group,0.49639031291007996,1,0.48499999999999993
1544,31-614-CAS-37959617,0,a,logistic_regression,condition_only,split_pair_group,0.49639031291007996,1,0.48499999999999993
1548,31-013-CAS-4019424,1,b,logistic_regression,condition_only,split_pair_group,0.4955503046512604,1,0.48499999999999993
1550,31-614-CAS-24501387,1,b,logistic_regression,condition_only,split_pair_group,0.5203222632408142,1,0.48499999999999993
1551,31-614-CAS-29170155,1,b,logistic_regression,condition_only,split_pair_group,0.5805056095123291,1,0.48499999999999993
1552,31-614-CAS-27856064,1,b,logistic_regression,condition_only,split_pair_group,0.5805056095123291,1,0.48499999999999993
1553,31-013-CAS-7313950,1,b,logistic_regression,condition_only,split_pair_group,0.48096105456352234,0,0.48499999999999993
1558,31-013-CAS-21471842,1,b,logistic_regression,condition_only,split_pair_group,0.5849825143814087,1,0.48499999999999993
16,31-010-CAS-22198130,1,b,random_forest,condition_only,split_pair_group,0.571687757109527,1,0.48999999999999994
25,31-010-CAS-5525801,1,b,random_forest,condition_only,split_pair_group,0.84049054248064,1,0.48999999999999994
26,31-614-CAS-31203171,0,a,random_forest,condition_only,split_pair_group,0.43296008204092773,0,0.48999999999999994
36,31-010-CAS-4980852,1,b,random_forest,condition_only,split_pair_group,0.6003836198018684,1,0.48999999999999994
54,31-010-CAS-19796375,1,b,random_forest,condition_only,split_pair_group,0.5302214699564538,1,0.48999999999999994
74,31-010-CAS-8524792,0,a,random_forest,condition_only,split_pair_group,0.4896445870201986,0,0.48999999999999994
78,31-010-CAS-1161485,0,a,random_forest,condition_only,split_pair_group,0.5201967905970379,1,0.48999999999999994
114,31-010-CAS-6728808,0,a,random_forest,condition_only,split_pair_group,0.4726001504782356,0,0.48999999999999994
127,31-010-CAS-3431516,1,b,random_forest,condition_only,split_pair_group,0.4896445870201986,0,0.48999999999999994
138,31-010-CAS-12729167,1,b,random_forest,condition_only,split_pair_group,0.6664751888680979,1,0.48999999999999994
142,31-010-CAS-11617057,1,b,random_forest,condition_only,split_pair_group,0.5145100971191485,1,0.48999999999999994
143,31-010-CAS-3803419,0,a,random_forest,condition_only,split_pair_group,0.43392387359800294,0,0.48999999999999994
146,31-010-CAS-13055419,1,b,random_forest,condition_only,split_pair_group,0.5766551571276451,1,0.48999999999999994
148,31-010-CAS-884798,1,b,random_forest,condition_only,split_pair_group,0.6165667378748793,1,0.48999999999999994
157,31-010-CAS-23202756,1,b,random_forest,condition_only,split_pair_group,0.8803075399404179,1,0.48999999999999994
161,31-010-CAS-8171704,1,b,random_forest,condition_only,split_pair_group,0.4970492855236201,1,0.48999999999999994
170,31-010-CAS-16546348,1,b,random_forest,condition_only,split_pair_group,0.8641032393917621,1,0.48999999999999994
171,31-010-CAS-23204857,1,b,random_forest,condition_only,split_pair_group,0.8297379516120933,1,0.48999999999999994
183,31-010-CAS-4294380,0,a,random_forest,condition_only,split_pair_group,0.3759490417555389,0,0.48999999999999994
186,31-010-CAS-11796742,0,a,random_forest,condition_only,split_pair_group,0.4610675130899879,0,0.48999999999999994
195,31-614-CAS-36199892,1,b,random_forest,condition_only,split_pair_group,0.6333709984552043,1,0.48999999999999994
203,31-010-CAS-16546344,1,b,random_forest,condition_only,split_pair_group,0.5824316269432898,1,0.48999999999999994
219,31-010-CAS-3920193,0,a,random_forest,condition_only,split_pair_group,0.2082512961348343,0,0.48999999999999994
220,31-010-CAS-20767187,0,a,random_forest,condition_only,split_pair_group,0.28459920153665386,0,0.48999999999999994
221,31-010-CAS-17642154,0,a,random_forest,condition_only,split_pair_group,0.5478365353885801,1,0.48999999999999994
234,31-013-CAS-5827715,1,b,random_forest,condition_only,split_pair_group,0.661741814301739,1,0.48999999999999994
241,31-010-CAS-14863653,1,b,random_forest,condition_only,split_pair_group,0.5725573425766707,1,0.48999999999999994
243,31-010-CAS-13659910,1,b,random_forest,condition_only,split_pair_group,0.8394721559594712,1,0.48999999999999994
250,31-010-CAS-1767038,0,a,random_forest,condition_only,split_pair_group,0.5164681954662911,1,0.48999999999999994
265,31-010-CAS-7479832,1,b,random_forest,condition_only,split_pair_group,0.6157647114950474,1,0.48999999999999994
272,31-010-CAS-9842150,1,b,random_forest,condition_only,split_pair_group,0.4970492855236201,1,0.48999999999999994
284,31-010-CAS-4637552,1,b,random_forest,condition_only,split_pair_group,0.8055840921452837,1,0.48999999999999994
296,31-010-CAS-11281477,1,b,random_forest,condition_only,split_pair_group,0.374371263177896,0,0.48999999999999994
298,31-010-CAS-6624950,1,b,random_forest,condition_only,split_pair_group,0.6512390905931524,1,0.48999999999999994
310,31-010-CAS-7407036,0,a,random_forest,condition_only,split_pair_group,0.4395216116249755,0,0.48999999999999994
317,31-010-CAS-17830886,1,b,random_forest,condition_only,split_pair_group,0.374371263177896,0,0.48999999999999994
334,31-010-CAS-21359677,1,b,random_forest,condition_only,split_pair_group,0.8124894422375212,1,0.48999999999999994
335,31-010-CAS-1287355,1,b,random_forest,condition_only,split_pair_group,0.8124894422375212,1,0.48999999999999994
360,31-010-CAS-21359666,1,b,random_forest,condition_only,split_pair_group,0.8124894422375212,1,0.48999999999999994
361,31-010-CAS-1619273,1,b,random_forest,condition_only,split_pair_group,0.8124894422375212,1,0.48999999999999994
364,31-010-CAS-21359670,1,b,random_forest,condition_only,split_pair_group,0.8124894422375212,1,0.48999999999999994
365,31-010-CAS-10139664,1,b,random_forest,condition_only,split_pair_group,0.8124894422375212,1,0.48999999999999994
383,31-010-CAS-5251218,0,a,random_forest,condition_only,split_pair_group,0.3356940234996326,0,0.48999999999999994
384,31-010-CAS-5898048,1,b,random_forest,condition_only,split_pair_group,0.5001966939080645,1,0.48999999999999994
391,31-010-CAS-17658048,0,a,random_forest,condition_only,split_pair_group,0.3891046457194374,0,0.48999999999999994
392,31-010-CAS-12999057,0,a,random_forest,condition_only,split_pair_group,0.6212356222449241,1,0.48999999999999994
400,31-010-CAS-15131203,1,b,random_forest,condition_only,split_pair_group,0.3151510177045209,0,0.48999999999999994
406,31-010-CAS-18971959,1,b,random_forest,condition_only,split_pair_group,0.5749007975551158,1,0.48999999999999994
418,31-010-CAS-7849619,1,b,random_forest,condition_only,split_pair_group,0.6951104080214561,1,0.48999999999999994
428,31-010-CAS-21359659,1,b,random_forest,condition_only,split_pair_group,0.8124894422375212,1,0.48999999999999994
429,31-010-CAS-12041024,1,b,random_forest,condition_only,split_pair_group,0.8124894422375212,1,0.48999999999999994
431,31-010-CAS-21359681,1,b,random_forest,condition_only,split_pair_group,0.8124894422375212,1,0.48999999999999994
432,31-010-CAS-9811894,1,b,random_forest,condition_only,split_pair_group,0.8124894422375212,1,0.48999999999999994
441,31-010-CAS-8693853,1,b,random_forest,condition_only,split_pair_group,0.4196750086086229,0,0.48999999999999994
448,31-010-CAS-13639242,0,a,random_forest,condition_only,split_pair_group,0.6951104080214561,1,0.48999999999999994
471,31-010-CAS-6859118,0,a,random_forest,condition_only,split_pair_group,0.5424198763671939,1,0.48999999999999994
475,31-010-CAS-6246955,0,a,random_forest,condition_only,split_pair_group,0.2749413816002369,0,0.48999999999999994
483,31-010-CAS-5827902,0,a,random_forest,condition_only,split_pair_group,0.35693678154935465,0,0.48999999999999994
484,31-010-CAS-13993703,0,a,random_forest,condition_only,split_pair_group,0.3651819983401639,0,0.48999999999999994
504,31-010-CAS-10204303,1,b,random_forest,condition_only,split_pair_group,0.6529074216922794,1,0.48999999999999994
511,31-010-CAS-1044733,1,b,random_forest,condition_only,split_pair_group,0.41514355723119384,0,0.48999999999999994
515,31-010-CAS-878517,1,b,random_forest,condition_only,split_pair_group,0.7351973188025225,1,0.48999999999999994
530,31-010-CAS-10263463,1,b,random_forest,condition_only,split_pair_group,0.3387758223967414,0,0.48999999999999994
533,31-010-CAS-15475722,0,a,random_forest,condition_only,split_pair_group,0.374371263177896,0,0.48999999999999994
539,31-010-CAS-15140208,1,b,random_forest,condition_only,split_pair_group,0.3387758223967414,0,0.48999999999999994
540,31-010-CAS-14143291,1,b,random_forest,condition_only,split_pair_group,0.3387758223967414,0,0.48999999999999994
544,31-010-CAS-14482114,0,a,random_forest,condition_only,split_pair_group,0.3387758223967414,0,0.48999999999999994
545,31-010-CAS-16396095,1,b,random_forest,condition_only,split_pair_group,0.374371263177896,0,0.48999999999999994
559,31-010-CAS-12809730,0,a,random_forest,condition_only,split_pair_group,0.4914559349995154,1,0.48999999999999994
565,31-010-CAS-5089795,0,a,random_forest,condition_only,split_pair_group,0.1975034125872696,0,0.48999999999999994
568,31-010-CAS-6229676,0,a,random_forest,condition_only,split_pair_group,0.2912432386986938,0,0.48999999999999994
588,31-010-CAS-8250667,1,b,random_forest,condition_only,split_pair_group,0.5673115907499777,1,0.48999999999999994
594,31-013-CAS-5629637,0,a,random_forest,condition_only,split_pair_group,0.6093729828985109,1,0.48999999999999994
613,31-013-CAS-12466161,1,b,random_forest,condition_only,split_pair_group,0.37385605438851865,0,0.48999999999999994
615,31-010-CAS-22654654,0,a,random_forest,condition_only,split_pair_group,0.31850446854628645,0,0.48999999999999994
620,31-010-CAS-21471849,1,b,random_forest,condition_only,split_pair_group,0.5417650963780593,1,0.48999999999999994
623,31-614-CAS-40997648,1,b,random_forest,condition_only,split_pair_group,0.5022322029519066,1,0.48999999999999994
630,31-010-CAS-11999440,1,b,random_forest,condition_only,split_pair_group,0.4616144388134386,0,0.48999999999999994
641,31-010-CAS-21471846,1,b,random_forest,condition_only,split_pair_group,0.5201967905970379,1,0.48999999999999994
648,31-614-CAS-35275413,1,b,random_forest,condition_only,split_pair_group,0.7097194675362432,1,0.48999999999999994
655,31-013-CAS-14145593,0,a,random_forest,condition_only,split_pair_group,0.6232841980573024,1,0.48999999999999994
656,31-013-CAS-22581512,0,a,random_forest,condition_only,split_pair_group,0.4377214922029707,0,0.48999999999999994
657,31-013-CAS-9001704,0,a,random_forest,condition_only,split_pair_group,0.35203100551182,0,0.48999999999999994
661,31-013-CAS-20074834,0,a,random_forest,condition_only,split_pair_group,0.4695962478253762,0,0.48999999999999994
662,31-013-CAS-17381412,0,a,random_forest,condition_only,split_pair_group,0.5408633437518391,1,0.48999999999999994
679,31-013-CAS-20074845,0,a,random_forest,condition_only,split_pair_group,0.4695962478253762,0,0.48999999999999994
680,31-013-CAS-17381425,0,a,random_forest,condition_only,split_pair_group,0.5408633437518391,1,0.48999999999999994
682,31-013-CAS-4038549,0,a,random_forest,condition_only,split_pair_group,0.49017295499417457,1,0.48999999999999994
683,31-013-CAS-22198141,0,a,random_forest,condition_only,split_pair_group,0.5257919314050725,1,0.48999999999999994
688,31-013-CAS-308870,0,a,random_forest,condition_only,split_pair_group,0.5303243318339574,1,0.48999999999999994
692,31-013-CAS-7066819,0,a,random_forest,condition_only,split_pair_group,0.5211417500210972,1,0.48999999999999994
697,31-013-CAS-15171815,0,a,random_forest,condition_only,split_pair_group,0.15045183916339533,0,0.48999999999999994
700,31-013-CAS-14695973,0,a,random_forest,condition_only,split_pair_group,0.48468192890597883,0,0.48999999999999994
719,31-013-CAS-18792530,0,a,random_forest,condition_only,split_pair_group,0.3418581470329879,0,0.48999999999999994
720,31-013-CAS-13505033,0,a,random_forest,condition_only,split_pair_group,0.4970492855236201,1,0.48999999999999994
721,31-013-CAS-13132878,0,a,random_forest,condition_only,split_pair_group,0.36738550642312434,0,0.48999999999999994
722,31-013-CAS-21359610,0,a,random_forest,condition_only,split_pair_group,0.18798378590803494,0,0.48999999999999994
723,31-013-CAS-7463166,0,a,random_forest,condition_only,split_pair_group,0.18798378590803494,0,0.48999999999999994
739,31-013-CAS-10316632,0,a,random_forest,condition_only,split_pair_group,0.49017295499417457,1,0.48999999999999994
807,31-013-CAS-1407934,0,a,random_forest,condition_only,split_pair_group,0.5164681954662911,1,0.48999999999999994
831,31-013-CAS-1278764,0,a,random_forest,condition_only,split_pair_group,0.2409009602306249,0,0.48999999999999994
833,31-013-CAS-20818633,0,a,random_forest,condition_only,split_pair_group,0.36738550642312434,0,0.48999999999999994
837,31-614-CAS-38307143,1,b,random_forest,condition_only,split_pair_group,0.49116051430417834,1,0.48999999999999994
841,31-013-CAS-12570626,1,b,random_forest,condition_only,split_pair_group,0.32588497086871854,0,0.48999999999999994
842,31-013-CAS-3447636,1,b,random_forest,condition_only,split_pair_group,0.5177845738595844,1,0.48999999999999994
843,31-013-CAS-1313681,1,b,random_forest,condition_only,split_pair_group,0.5634948324211476,1,0.48999999999999994
850,31-013-CAS-19733120,0,a,random_forest,condition_only,split_pair_group,0.2679858756139199,0,0.48999999999999994
851,31-013-CAS-11213156,1,b,random_forest,condition_only,split_pair_group,0.47991489924873926,0,0.48999999999999994
855,31-049-CAS-11119860,1,b,random_forest,condition_only,split_pair_group,0.7223850075341326,1,0.48999999999999994
864,31-614-CAS-25201498,1,b,random_forest,condition_only,split_pair_group,0.6809299151767583,1,0.48999999999999994
865,31-614-CAS-27090868,1,b,random_forest,condition_only,split_pair_group,0.6809299151767583,1,0.48999999999999994
884,31-013-CAS-9389396,1,b,random_forest,condition_only,split_pair_group,0.49632013875530456,1,0.48999999999999994
885,31-013-CAS-3991023,1,b,random_forest,condition_only,split_pair_group,0.5040512424779108,1,0.48999999999999994
890,31-614-CAS-29244011,1,b,random_forest,condition_only,split_pair_group,0.5634948324211476,1,0.48999999999999994
891,31-614-CAS-26064585,1,b,random_forest,condition_only,split_pair_group,0.62286166857944,1,0.48999999999999994
896,31-013-CAS-8933724,0,a,random_forest,condition_only,split_pair_group,0.6212356222449241,1,0.48999999999999994
901,31-614-CAS-27463098,0,a,random_forest,condition_only,split_pair_group,0.3718470369876006,0,0.48999999999999994
904,31-013-CAS-17702336,1,b,random_forest,condition_only,split_pair_group,0.6393867885986696,1,0.48999999999999994
905,31-013-CAS-21762107,1,b,random_forest,condition_only,split_pair_group,0.4957521885457651,1,0.48999999999999994
906,31-013-CAS-21945116,1,b,random_forest,condition_only,split_pair_group,0.4526734027052966,0,0.48999999999999994
908,31-013-CAS-12760013,0,a,random_forest,condition_only,split_pair_group,0.3390552751150514,0,0.48999999999999994
921,31-013-CAS-7584459,1,b,random_forest,condition_only,split_pair_group,0.4910685842909308,1,0.48999999999999994
922,31-013-CAS-1058357,1,b,random_forest,condition_only,split_pair_group,0.5177845738595844,1,0.48999999999999994
925,31-013-CAS-19796368,1,b,random_forest,condition_only,split_pair_group,0.815820715116888,1,0.48999999999999994
926,31-013-CAS-5703022,1,b,random_forest,condition_only,split_pair_group,0.4244612691507311,0,0.48999999999999994
935,31-013-CAS-9419983,0,a,random_forest,condition_only,split_pair_group,0.23498181559832962,0,0.48999999999999994
937,31-013-CAS-11635380,0,a,random_forest,condition_only,split_pair_group,0.23498181559832962,0,0.48999999999999994
942,31-013-CAS-13870844,0,a,random_forest,condition_only,split_pair_group,0.4196750086086229,0,0.48999999999999994
943,31-013-CAS-4635858,0,a,random_forest,condition_only,split_pair_group,0.27867135989602004,0,0.48999999999999994
944,31-614-CAS-34709650,0,a,random_forest,condition_only,split_pair_group,0.5560542015292556,1,0.48999999999999994
946,31-013-CAS-6806986,1,b,random_forest,condition_only,split_pair_group,0.707485759785315,1,0.48999999999999994
963,31-614-CAS-26047459,1,b,random_forest,condition_only,split_pair_group,0.5674159941553033,1,0.48999999999999994
1008,31-013-CAS-5259694,1,b,random_forest,condition_only,split_pair_group,0.5678700436047552,1,0.48999999999999994
1009,31-013-CAS-3120111,1,b,random_forest,condition_only,split_pair_group,0.6009198069993212,1,0.48999999999999994
1012,31-013-CAS-21905508,1,b,random_forest,condition_only,split_pair_group,0.5408633437518391,1,0.48999999999999994
1014,31-013-CAS-18496614,1,b,random_forest,condition_only,split_pair_group,0.5250917506748124,1,0.48999999999999994
1024,31-013-CAS-12877153,0,a,random_forest,condition_only,split_pair_group,0.26397537156487,0,0.48999999999999994
1025,31-013-CAS-7511274,0,a,random_forest,condition_only,split_pair_group,0.5937923884351047,1,0.48999999999999994
1026,31-013-CAS-854940,0,a,random_forest,condition_only,split_pair_group,0.5405157463837327,1,0.48999999999999994
1027,31-013-CAS-8833991,0,a,random_forest,condition_only,split_pair_group,0.4286940839075879,0,0.48999999999999994
1029,31-013-CAS-2439768,1,b,random_forest,condition_only,split_pair_group,0.6884963202305889,1,0.48999999999999994
1032,31-013-CAS-3532904,1,b,random_forest,condition_only,split_pair_group,0.5807982076739083,1,0.48999999999999994
1033,31-013-CAS-15039708,1,b,random_forest,condition_only,split_pair_group,0.6405203645181021,1,0.48999999999999994
1042,31-013-CAS-2224404,1,b,random_forest,condition_only,split_pair_group,0.47730476759582746,0,0.48999999999999994
1043,31-013-CAS-19733121,0,a,random_forest,condition_only,split_pair_group,0.2679858756139199,0,0.48999999999999994
1061,31-013-CAS-16587031,0,a,random_forest,condition_only,split_pair_group,0.27604018887313797,0,0.48999999999999994
1085,31-614-CAS-36914120,0,a,random_forest,condition_only,split_pair_group,0.3577107997236137,0,0.48999999999999994
1091,31-013-CAS-16946845,1,b,random_forest,condition_only,split_pair_group,0.5370393741685201,1,0.48999999999999994
1103,31-614-CAS-35394448,1,b,random_forest,condition_only,split_pair_group,0.6750475371178024,1,0.48999999999999994
1104,31-614-CAS-34336268,0,a,random_forest,condition_only,split_pair_group,0.39044779578838307,0,0.48999999999999994
1105,31-614-CAS-32458097,0,a,random_forest,condition_only,split_pair_group,0.5554200880664194,1,0.48999999999999994
1106,31-614-CAS-37588004,0,a,random_forest,condition_only,split_pair_group,0.49017295499417457,1,0.48999999999999994
1117,31-013-CAS-16968435,1,b,random_forest,condition_only,split_pair_group,0.6661592703332443,1,0.48999999999999994
1124,31-013-CAS-14738874,0,a,random_forest,condition_only,split_pair_group,0.26397537156487,0,0.48999999999999994
1127,31-013-CAS-11726967,0,a,random_forest,condition_only,split_pair_group,0.22732410841797018,0,0.48999999999999994
1141,31-013-CAS-17791367,0,a,random_forest,condition_only,split_pair_group,0.17741487743926834,0,0.48999999999999994
1150,31-013-CAS-741372,1,b,random_forest,condition_only,split_pair_group,0.5204309287142741,1,0.48999999999999994
1160,31-013-CAS-17453665,1,b,random_forest,condition_only,split_pair_group,0.6001713761192078,1,0.48999999999999994
1165,31-013-CAS-11784711,1,b,random_forest,condition_only,split_pair_group,0.43959744481351076,0,0.48999999999999994
1175,31-013-CAS-21359611,0,a,random_forest,condition_only,split_pair_group,0.33794777571749424,0,0.48999999999999994
1176,31-013-CAS-9488276,0,a,random_forest,condition_only,split_pair_group,0.33794777571749424,0,0.48999999999999994
1182,31-013-CAS-12326620,0,a,random_forest,condition_only,split_pair_group,0.6343707846371062,1,0.48999999999999994
1185,31-013-CAS-23539710,0,a,random_forest,condition_only,split_pair_group,0.37035362622338003,0,0.48999999999999994
1187,31-013-CAS-14640673,0,a,random_forest,condition_only,split_pair_group,0.5258613192206076,1,0.48999999999999994
1196,31-013-CAS-1342962,1,b,random_forest,condition_only,split_pair_group,0.7699227230199717,1,0.48999999999999994
1210,31-013-CAS-3582973,0,a,random_forest,condition_only,split_pair_group,0.3465370749353977,0,0.48999999999999994
1226,31-013-CAS-4366967,1,b,random_forest,condition_only,split_pair_group,0.660566777487634,1,0.48999999999999994
1229,31-013-CAS-16946849,1,b,random_forest,condition_only,split_pair_group,0.6688925086641493,1,0.48999999999999994
1241,31-013-CAS-2182975,1,b,random_forest,condition_only,split_pair_group,0.7387863644988911,1,0.48999999999999994
1247,31-013-CAS-13251956,1,b,random_forest,condition_only,split_pair_group,0.5408633437518391,1,0.48999999999999994
1248,31-013-CAS-3002515,0,a,random_forest,condition_only,split_pair_group,0.3465370749353977,0,0.48999999999999994
1261,31-614-CAS-37587999,0,a,random_forest,condition_only,split_pair_group,0.49017295499417457,1,0.48999999999999994
1264,31-013-CAS-806847,1,b,random_forest,condition_only,split_pair_group,0.7304071372213506,1,0.48999999999999994
1268,31-013-CAS-1585686,1,b,random_forest,condition_only,split_pair_group,0.6457029878677355,1,0.48999999999999994
1269,31-013-CAS-7643019,1,b,random_forest,condition_only,split_pair_group,0.47961295366894885,0,0.48999999999999994
1280,31-614-CAS-34954204,0,a,random_forest,condition_only,split_pair_group,0.6661592703332443,1,0.48999999999999994
1288,31-013-CAS-14512141,1,b,random_forest,condition_only,split_pair_group,0.762111247710811,1,0.48999999999999994
1293,31-614-CAS-34956360,1,b,random_forest,condition_only,split_pair_group,0.7178950988646554,1,0.48999999999999994
1294,31-614-CAS-40218495,1,b,random_forest,condition_only,split_pair_group,0.582255482795396,1,0.48999999999999994
1299,31-013-CAS-21608786,0,a,random_forest,condition_only,split_pair_group,0.21172071020861347,0,0.48999999999999994
1301,31-013-CAS-7147519,0,a,random_forest,condition_only,split_pair_group,0.3579055803170158,0,0.48999999999999994
1319,31-614-CAS-44041084,1,b,random_forest,condition_only,split_pair_group,0.5408633437518391,1,0.48999999999999994
1320,31-013-CAS-12262753,1,b,random_forest,condition_only,split_pair_group,0.341490679571284,0,0.48999999999999994
1331,31-614-CAS-39834134,0,a,random_forest,condition_only,split_pair_group,0.21848117195221572,0,0.48999999999999994
1340,31-614-CAS-23946125,0,a,random_forest,condition_only,split_pair_group,0.49017295499417457,1,0.48999999999999994
1345,31-013-CAS-1583370,0,a,random_forest,condition_only,split_pair_group,0.6003836198018684,1,0.48999999999999994
1360,31-013-CAS-4188841,1,b,random_forest,condition_only,split_pair_group,0.623672958929302,1,0.48999999999999994
1361,31-013-CAS-1880759,1,b,random_forest,condition_only,split_pair_group,0.623672958929302,1,0.48999999999999994
1363,31-013-CAS-1686035,1,b,random_forest,condition_only,split_pair_group,0.47961295366894885,0,0.48999999999999994
1371,31-013-CAS-13595742,0,a,random_forest,condition_only,split_pair_group,0.31060719752213245,0,0.48999999999999994
1372,31-013-CAS-2565194,1,b,random_forest,condition_only,split_pair_group,0.5527794608780447,1,0.48999999999999994
1387,31-013-CAS-12685556,1,b,random_forest,condition_only,split_pair_group,0.7699227230199717,1,0.48999999999999994
1388,31-013-CAS-16806675,1,b,random_forest,condition_only,split_pair_group,0.7767711230400522,1,0.48999999999999994
1389,31-013-CAS-6076988,1,b,random_forest,condition_only,split_pair_group,0.7217754176044063,1,0.48999999999999994
1413,31-013-CAS-15393474,1,b,random_forest,condition_only,split_pair_group,0.7315618337568827,1,0.48999999999999994
1414,31-013-CAS-3282710,1,b,random_forest,condition_only,split_pair_group,0.6055487504134947,1,0.48999999999999994
1415,31-013-CAS-4022684,1,b,random_forest,condition_only,split_pair_group,0.6884963202305889,1,0.48999999999999994
1416,31-013-CAS-7726616,1,b,random_forest,condition_only,split_pair_group,0.7699227230199717,1,0.48999999999999994
1418,31-013-CAS-16820825,1,b,random_forest,condition_only,split_pair_group,0.5542851852209758,1,0.48999999999999994
1422,31-013-CAS-21944308,1,b,random_forest,condition_only,split_pair_group,0.6285888073783047,1,0.48999999999999994
1426,31-614-CAS-28293923,1,b,random_forest,condition_only,split_pair_group,0.3577279444635874,0,0.48999999999999994
1430,31-013-CAS-8917480,1,b,random_forest,condition_only,split_pair_group,0.5008962199584124,1,0.48999999999999994
1439,31-013-CAS-7488283,1,b,random_forest,condition_only,split_pair_group,0.5371070563556007,1,0.48999999999999994
1445,31-013-CAS-12921527,1,b,random_forest,condition_only,split_pair_group,0.46773049400176925,0,0.48999999999999994
1453,31-614-CAS-24299301,0,a,random_forest,condition_only,split_pair_group,0.5945387643537076,1,0.48999999999999994
1454,31-013-CAS-20404994,1,b,random_forest,condition_only,split_pair_group,0.4522027931347995,0,0.48999999999999994
1456,31-013-CAS-1120171,1,b,random_forest,condition_only,split_pair_group,0.6471712687101072,1,0.48999999999999994
1457,31-013-CAS-7286890,0,a,random_forest,condition_only,split_pair_group,0.6676657654913309,1,0.48999999999999994
1459,31-013-CAS-15100866,1,b,random_forest,condition_only,split_pair_group,0.6597813503771227,1,0.48999999999999994
1460,31-614-CAS-24965173,1,b,random_forest,condition_only,split_pair_group,0.5894154577925281,1,0.48999999999999994
1464,31-013-CAS-4102089,1,b,random_forest,condition_only,split_pair_group,0.7315618337568827,1,0.48999999999999994
1466,31-301-CAS-14089757,1,b,random_forest,condition_only,split_pair_group,0.5749491835583244,1,0.48999999999999994
1467,31-301-CAS-2081601,1,b,random_forest,condition_only,split_pair_group,0.5749491835583244,1,0.48999999999999994
1474,31-013-CAS-3406433,1,b,random_forest,condition_only,split_pair_group,0.6518837955740664,1,0.48999999999999994
1475,31-013-CAS-23731804,1,b,random_forest,condition_only,split_pair_group,0.49153097534816076,1,0.48999999999999994
1482,31-013-CAS-4942088,1,b,random_forest,condition_only,split_pair_group,0.6884963202305889,1,0.48999999999999994
1494,31-013-CAS-5792629,0,a,random_forest,condition_only,split_pair_group,0.6476837048614748,1,0.48999999999999994
1496,31-013-CAS-15382044,1,b,random_forest,condition_only,split_pair_group,0.51126540104639,1,0.48999999999999994
1500,31-013-CAS-11809252,0,a,random_forest,condition_only,split_pair_group,0.3664525694329449,0,0.48999999999999994
1505,31-013-CAS-2166542,1,b,random_forest,condition_only,split_pair_group,0.6951104080214561,1,0.48999999999999994
1511,31-013-CAS-19117152,1,b,random_forest,condition_only,split_pair_group,0.6306887932484426,1,0.48999999999999994
1518,31-013-CAS-7065488,1,b,random_forest,condition_only,split_pair_group,0.7648768508877211,1,0.48999999999999994
1520,31-614-CAS-30618647,1,b,random_forest,condition_only,split_pair_group,0.5749491835583244,1,0.48999999999999994
1526,31-013-CAS-11179214,1,b,random_forest,condition_only,split_pair_group,0.33184495610110554,0,0.48999999999999994
1528,31-013-CAS-8627156,1,b,random_forest,condition_only,split_pair_group,0.5059756284815771,1,0.48999999999999994
1529,31-013-CAS-26474,1,b,random_forest,condition_only,split_pair_group,0.5059756284815771,1,0.48999999999999994
1532,31-614-CAS-41884159,0,a,random_forest,condition_only,split_pair_group,0.43591977757423594,0,0.48999999999999994
1533,31-614-CAS-37959480,0,a,random_forest,condition_only,split_pair_group,0.43591977757423594,0,0.48999999999999994
1541,31-614-CAS-45240845,0,a,random_forest,condition_only,split_pair_group,0.6120405049211709,1,0.48999999999999994
1542,31-013-CAS-21774311,0,a,random_forest,condition_only,split_pair_group,0.2524726218630835,0,0.48999999999999994
1543,31-614-CAS-41884456,0,a,random_forest,condition_only,split_pair_group,0.4480266513865092,0,0.48999999999999994
1544,31-614-CAS-37959617,0,a,random_forest,condition_only,split_pair_group,0.4480266513865092,0,0.48999999999999994
1548,31-013-CAS-4019424,1,b,random_forest,condition_only,split_pair_group,0.6598145093020168,1,0.48999999999999994
1550,31-614-CAS-24501387,1,b,random_forest,condition_only,split_pair_group,0.4695962478253762,0,0.48999999999999994
1551,31-614-CAS-29170155,1,b,random_forest,condition_only,split_pair_group,0.5749491835583244,1,0.48999999999999994
1552,31-614-CAS-27856064,1,b,random_forest,condition_only,split_pair_group,0.5749491835583244,1,0.48999999999999994
1553,31-013-CAS-7313950,1,b,random_forest,condition_only,split_pair_group,0.4821636875731274,0,0.48999999999999994
1558,31-013-CAS-21471842,1,b,random_forest,condition_only,split_pair_group,0.6281124436675514,1,0.48999999999999994
16,31-010-CAS-22198130,1,b,xgboost,condition_only,split_pair_group,0.49053695797920227,0,0.5149999999999999
25,31-010-CAS-5525801,1,b,xgboost,condition_only,split_pair_group,0.9136481881141663,1,0.5149999999999999
26,31-614-CAS-31203171,0,a,xgboost,condition_only,split_pair_group,0.4215392470359802,0,0.5149999999999999
36,31-010-CAS-4980852,1,b,xgboost,condition_only,split_pair_group,0.6593213081359863,1,0.5149999999999999
54,31-010-CAS-19796375,1,b,xgboost,condition_only,split_pair_group,0.670138955116272,1,0.5149999999999999
74,31-010-CAS-8524792,0,a,xgboost,condition_only,split_pair_group,0.42087796330451965,0,0.5149999999999999
78,31-010-CAS-1161485,0,a,xgboost,condition_only,split_pair_group,0.5288572311401367,1,0.5149999999999999
114,31-010-CAS-6728808,0,a,xgboost,condition_only,split_pair_group,0.5450975894927979,1,0.5149999999999999
127,31-010-CAS-3431516,1,b,xgboost,condition_only,split_pair_group,0.42087796330451965,0,0.5149999999999999
138,31-010-CAS-12729167,1,b,xgboost,condition_only,split_pair_group,0.7026806473731995,1,0.5149999999999999
142,31-010-CAS-11617057,1,b,xgboost,condition_only,split_pair_group,0.5084030032157898,0,0.5149999999999999
143,31-010-CAS-3803419,0,a,xgboost,condition_only,split_pair_group,0.3573566973209381,0,0.5149999999999999
146,31-010-CAS-13055419,1,b,xgboost,condition_only,split_pair_group,0.6533144116401672,1,0.5149999999999999
148,31-010-CAS-884798,1,b,xgboost,condition_only,split_pair_group,0.6040534377098083,1,0.5149999999999999
157,31-010-CAS-23202756,1,b,xgboost,condition_only,split_pair_group,0.9681030511856079,1,0.5149999999999999
161,31-010-CAS-8171704,1,b,xgboost,condition_only,split_pair_group,0.5364577174186707,1,0.5149999999999999
170,31-010-CAS-16546348,1,b,xgboost,condition_only,split_pair_group,0.9549533128738403,1,0.5149999999999999
171,31-010-CAS-23204857,1,b,xgboost,condition_only,split_pair_group,0.9262195229530334,1,0.5149999999999999
183,31-010-CAS-4294380,0,a,xgboost,condition_only,split_pair_group,0.25529247522354126,0,0.5149999999999999
186,31-010-CAS-11796742,0,a,xgboost,condition_only,split_pair_group,0.3185523450374603,0,0.5149999999999999
195,31-614-CAS-36199892,1,b,xgboost,condition_only,split_pair_group,0.7539352774620056,1,0.5149999999999999
203,31-010-CAS-16546344,1,b,xgboost,condition_only,split_pair_group,0.6658750176429749,1,0.5149999999999999
219,31-010-CAS-3920193,0,a,xgboost,condition_only,split_pair_group,0.07055060565471649,0,0.5149999999999999
220,31-010-CAS-20767187,0,a,xgboost,condition_only,split_pair_group,0.17218996584415436,0,0.5149999999999999
221,31-010-CAS-17642154,0,a,xgboost,condition_only,split_pair_group,0.46130022406578064,0,0.5149999999999999
234,31-013-CAS-5827715,1,b,xgboost,condition_only,split_pair_group,0.7756235599517822,1,0.5149999999999999
241,31-010-CAS-14863653,1,b,xgboost,condition_only,split_pair_group,0.4154419004917145,0,0.5149999999999999
243,31-010-CAS-13659910,1,b,xgboost,condition_only,split_pair_group,0.9468755125999451,1,0.5149999999999999
250,31-010-CAS-1767038,0,a,xgboost,condition_only,split_pair_group,0.42365992069244385,0,0.5149999999999999
265,31-010-CAS-7479832,1,b,xgboost,condition_only,split_pair_group,0.7095292210578918,1,0.5149999999999999
272,31-010-CAS-9842150,1,b,xgboost,condition_only,split_pair_group,0.5364577174186707,1,0.5149999999999999
284,31-010-CAS-4637552,1,b,xgboost,condition_only,split_pair_group,0.8476879596710205,1,0.5149999999999999
296,31-010-CAS-11281477,1,b,xgboost,condition_only,split_pair_group,0.37766537070274353,0,0.5149999999999999
298,31-010-CAS-6624950,1,b,xgboost,condition_only,split_pair_group,0.6199725270271301,1,0.5149999999999999
310,31-010-CAS-7407036,0,a,xgboost,condition_only,split_pair_group,0.4261239171028137,0,0.5149999999999999
317,31-010-CAS-17830886,1,b,xgboost,condition_only,split_pair_group,0.37766537070274353,0,0.5149999999999999
334,31-010-CAS-21359677,1,b,xgboost,condition_only,split_pair_group,0.7879377007484436,1,0.5149999999999999
335,31-010-CAS-1287355,1,b,xgboost,condition_only,split_pair_group,0.7879377007484436,1,0.5149999999999999
360,31-010-CAS-21359666,1,b,xgboost,condition_only,split_pair_group,0.7879377007484436,1,0.5149999999999999
361,31-010-CAS-1619273,1,b,xgboost,condition_only,split_pair_group,0.7879377007484436,1,0.5149999999999999
364,31-010-CAS-21359670,1,b,xgboost,condition_only,split_pair_group,0.7879377007484436,1,0.5149999999999999
365,31-010-CAS-10139664,1,b,xgboost,condition_only,split_pair_group,0.7879377007484436,1,0.5149999999999999
383,31-010-CAS-5251218,0,a,xgboost,condition_only,split_pair_group,0.19898012280464172,0,0.5149999999999999
384,31-010-CAS-5898048,1,b,xgboost,condition_only,split_pair_group,0.5262861251831055,1,0.5149999999999999
391,31-010-CAS-17658048,0,a,xgboost,condition_only,split_pair_group,0.48429256677627563,0,0.5149999999999999
392,31-010-CAS-12999057,0,a,xgboost,condition_only,split_pair_group,0.7020333409309387,1,0.5149999999999999
400,31-010-CAS-15131203,1,b,xgboost,condition_only,split_pair_group,0.3005368113517761,0,0.5149999999999999
406,31-010-CAS-18971959,1,b,xgboost,condition_only,split_pair_group,0.5415072441101074,1,0.5149999999999999
418,31-010-CAS-7849619,1,b,xgboost,condition_only,split_pair_group,0.7961071133613586,1,0.5149999999999999
428,31-010-CAS-21359659,1,b,xgboost,condition_only,split_pair_group,0.7879377007484436,1,0.5149999999999999
429,31-010-CAS-12041024,1,b,xgboost,condition_only,split_pair_group,0.7879377007484436,1,0.5149999999999999
431,31-010-CAS-21359681,1,b,xgboost,condition_only,split_pair_group,0.7879377007484436,1,0.5149999999999999
432,31-010-CAS-9811894,1,b,xgboost,condition_only,split_pair_group,0.7879377007484436,1,0.5149999999999999
441,31-010-CAS-8693853,1,b,xgboost,condition_only,split_pair_group,0.48153358697891235,0,0.5149999999999999
448,31-010-CAS-13639242,0,a,xgboost,condition_only,split_pair_group,0.7961071133613586,1,0.5149999999999999
471,31-010-CAS-6859118,0,a,xgboost,condition_only,split_pair_group,0.6391162276268005,1,0.5149999999999999
475,31-010-CAS-6246955,0,a,xgboost,condition_only,split_pair_group,0.17567937076091766,0,0.5149999999999999
483,31-010-CAS-5827902,0,a,xgboost,condition_only,split_pair_group,0.19109201431274414,0,0.5149999999999999
484,31-010-CAS-13993703,0,a,xgboost,condition_only,split_pair_group,0.19692522287368774,0,0.5149999999999999
504,31-010-CAS-10204303,1,b,xgboost,condition_only,split_pair_group,0.8459053039550781,1,0.5149999999999999
511,31-010-CAS-1044733,1,b,xgboost,condition_only,split_pair_group,0.46605512499809265,0,0.5149999999999999
515,31-010-CAS-878517,1,b,xgboost,condition_only,split_pair_group,0.8770768642425537,1,0.5149999999999999
530,31-010-CAS-10263463,1,b,xgboost,condition_only,split_pair_group,0.32957223057746887,0,0.5149999999999999
533,31-010-CAS-15475722,0,a,xgboost,condition_only,split_pair_group,0.37766537070274353,0,0.5149999999999999
539,31-010-CAS-15140208,1,b,xgboost,condition_only,split_pair_group,0.32957223057746887,0,0.5149999999999999
540,31-010-CAS-14143291,1,b,xgboost,condition_only,split_pair_group,0.32957223057746887,0,0.5149999999999999
544,31-010-CAS-14482114,0,a,xgboost,condition_only,split_pair_group,0.32957223057746887,0,0.5149999999999999
545,31-010-CAS-16396095,1,b,xgboost,condition_only,split_pair_group,0.37766537070274353,0,0.5149999999999999
559,31-010-CAS-12809730,0,a,xgboost,condition_only,split_pair_group,0.538482666015625,1,0.5149999999999999
565,31-010-CAS-5089795,0,a,xgboost,condition_only,split_pair_group,0.2004598081111908,0,0.5149999999999999
568,31-010-CAS-6229676,0,a,xgboost,condition_only,split_pair_group,0.17007043957710266,0,0.5149999999999999
588,31-010-CAS-8250667,1,b,xgboost,condition_only,split_pair_group,0.45174410939216614,0,0.5149999999999999
594,31-013-CAS-5629637,0,a,xgboost,condition_only,split_pair_group,0.48201459646224976,0,0.5149999999999999
613,31-013-CAS-12466161,1,b,xgboost,condition_only,split_pair_group,0.18389587104320526,0,0.5149999999999999
615,31-010-CAS-22654654,0,a,xgboost,condition_only,split_pair_group,0.18391525745391846,0,0.5149999999999999
620,31-010-CAS-21471849,1,b,xgboost,condition_only,split_pair_group,0.5285571813583374,1,0.5149999999999999
623,31-614-CAS-40997648,1,b,xgboost,condition_only,split_pair_group,0.42881259322166443,0,0.5149999999999999
630,31-010-CAS-11999440,1,b,xgboost,condition_only,split_pair_group,0.45023801922798157,0,0.5149999999999999
641,31-010-CAS-21471846,1,b,xgboost,condition_only,split_pair_group,0.5288572311401367,1,0.5149999999999999
648,31-614-CAS-35275413,1,b,xgboost,condition_only,split_pair_group,0.786264955997467,1,0.5149999999999999
655,31-013-CAS-14145593,0,a,xgboost,condition_only,split_pair_group,0.6542362570762634,1,0.5149999999999999
656,31-013-CAS-22581512,0,a,xgboost,condition_only,split_pair_group,0.4021610915660858,0,0.5149999999999999
657,31-013-CAS-9001704,0,a,xgboost,condition_only,split_pair_group,0.2973439693450928,0,0.5149999999999999
661,31-013-CAS-20074834,0,a,xgboost,condition_only,split_pair_group,0.4403105080127716,0,0.5149999999999999
662,31-013-CAS-17381412,0,a,xgboost,condition_only,split_pair_group,0.5817939043045044,1,0.5149999999999999
679,31-013-CAS-20074845,0,a,xgboost,condition_only,split_pair_group,0.4403105080127716,0,0.5149999999999999
680,31-013-CAS-17381425,0,a,xgboost,condition_only,split_pair_group,0.5817939043045044,1,0.5149999999999999
682,31-013-CAS-4038549,0,a,xgboost,condition_only,split_pair_group,0.5660642385482788,1,0.5149999999999999
683,31-013-CAS-22198141,0,a,xgboost,condition_only,split_pair_group,0.6621338725090027,1,0.5149999999999999
688,31-013-CAS-308870,0,a,xgboost,condition_only,split_pair_group,0.5324010848999023,1,0.5149999999999999
692,31-013-CAS-7066819,0,a,xgboost,condition_only,split_pair_group,0.4247933328151703,0,0.5149999999999999
697,31-013-CAS-15171815,0,a,xgboost,condition_only,split_pair_group,0.06367193907499313,0,0.5149999999999999
700,31-013-CAS-14695973,0,a,xgboost,condition_only,split_pair_group,0.27391427755355835,0,0.5149999999999999
719,31-013-CAS-18792530,0,a,xgboost,condition_only,split_pair_group,0.2559327781200409,0,0.5149999999999999
720,31-013-CAS-13505033,0,a,xgboost,condition_only,split_pair_group,0.5364577174186707,1,0.5149999999999999
721,31-013-CAS-13132878,0,a,xgboost,condition_only,split_pair_group,0.39394062757492065,0,0.5149999999999999
722,31-013-CAS-21359610,0,a,xgboost,condition_only,split_pair_group,0.198306605219841,0,0.5149999999999999
723,31-013-CAS-7463166,0,a,xgboost,condition_only,split_pair_group,0.198306605219841,0,0.5149999999999999
739,31-013-CAS-10316632,0,a,xgboost,condition_only,split_pair_group,0.5660642385482788,1,0.5149999999999999
807,31-013-CAS-1407934,0,a,xgboost,condition_only,split_pair_group,0.42365992069244385,0,0.5149999999999999
831,31-013-CAS-1278764,0,a,xgboost,condition_only,split_pair_group,0.19773325324058533,0,0.5149999999999999
833,31-013-CAS-20818633,0,a,xgboost,condition_only,split_pair_group,0.39394062757492065,0,0.5149999999999999
837,31-614-CAS-38307143,1,b,xgboost,condition_only,split_pair_group,0.42345038056373596,0,0.5149999999999999
841,31-013-CAS-12570626,1,b,xgboost,condition_only,split_pair_group,0.27807334065437317,0,0.5149999999999999
842,31-013-CAS-3447636,1,b,xgboost,condition_only,split_pair_group,0.4951065480709076,0,0.5149999999999999
843,31-013-CAS-1313681,1,b,xgboost,condition_only,split_pair_group,0.5906651020050049,1,0.5149999999999999
850,31-013-CAS-19733120,0,a,xgboost,condition_only,split_pair_group,0.14878468215465546,0,0.5149999999999999
851,31-013-CAS-11213156,1,b,xgboost,condition_only,split_pair_group,0.41770535707473755,0,0.5149999999999999
855,31-049-CAS-11119860,1,b,xgboost,condition_only,split_pair_group,0.8070724010467529,1,0.5149999999999999
864,31-614-CAS-25201498,1,b,xgboost,condition_only,split_pair_group,0.7421850562095642,1,0.5149999999999999
865,31-614-CAS-27090868,1,b,xgboost,condition_only,split_pair_group,0.7421850562095642,1,0.5149999999999999
884,31-013-CAS-9389396,1,b,xgboost,condition_only,split_pair_group,0.5104672908782959,0,0.5149999999999999
885,31-013-CAS-3991023,1,b,xgboost,condition_only,split_pair_group,0.40948963165283203,0,0.5149999999999999
890,31-614-CAS-29244011,1,b,xgboost,condition_only,split_pair_group,0.5906651020050049,1,0.5149999999999999
891,31-614-CAS-26064585,1,b,xgboost,condition_only,split_pair_group,0.6087455153465271,1,0.5149999999999999
896,31-013-CAS-8933724,0,a,xgboost,condition_only,split_pair_group,0.7020333409309387,1,0.5149999999999999
901,31-614-CAS-27463098,0,a,xgboost,condition_only,split_pair_group,0.31963402032852173,0,0.5149999999999999
904,31-013-CAS-17702336,1,b,xgboost,condition_only,split_pair_group,0.6574300527572632,1,0.5149999999999999
905,31-013-CAS-21762107,1,b,xgboost,condition_only,split_pair_group,0.4959137439727783,0,0.5149999999999999
906,31-013-CAS-21945116,1,b,xgboost,condition_only,split_pair_group,0.4108172357082367,0,0.5149999999999999
908,31-013-CAS-12760013,0,a,xgboost,condition_only,split_pair_group,0.14491572976112366,0,0.5149999999999999
921,31-013-CAS-7584459,1,b,xgboost,condition_only,split_pair_group,0.4860663414001465,0,0.5149999999999999
922,31-013-CAS-1058357,1,b,xgboost,condition_only,split_pair_group,0.4951065480709076,0,0.5149999999999999
925,31-013-CAS-19796368,1,b,xgboost,condition_only,split_pair_group,0.8200227618217468,1,0.5149999999999999
926,31-013-CAS-5703022,1,b,xgboost,condition_only,split_pair_group,0.3573566973209381,0,0.5149999999999999
935,31-013-CAS-9419983,0,a,xgboost,condition_only,split_pair_group,0.22277235984802246,0,0.5149999999999999
937,31-013-CAS-11635380,0,a,xgboost,condition_only,split_pair_group,0.22277235984802246,0,0.5149999999999999
942,31-013-CAS-13870844,0,a,xgboost,condition_only,split_pair_group,0.48153358697891235,0,0.5149999999999999
943,31-013-CAS-4635858,0,a,xgboost,condition_only,split_pair_group,0.17245367169380188,0,0.5149999999999999
944,31-614-CAS-34709650,0,a,xgboost,condition_only,split_pair_group,0.4276370108127594,0,0.5149999999999999
946,31-013-CAS-6806986,1,b,xgboost,condition_only,split_pair_group,0.6456583738327026,1,0.5149999999999999
963,31-614-CAS-26047459,1,b,xgboost,condition_only,split_pair_group,0.5719614624977112,1,0.5149999999999999
1008,31-013-CAS-5259694,1,b,xgboost,condition_only,split_pair_group,0.4480011463165283,0,0.5149999999999999
1009,31-013-CAS-3120111,1,b,xgboost,condition_only,split_pair_group,0.5689663290977478,1,0.5149999999999999
1012,31-013-CAS-21905508,1,b,xgboost,condition_only,split_pair_group,0.5817939043045044,1,0.5149999999999999
1014,31-013-CAS-18496614,1,b,xgboost,condition_only,split_pair_group,0.47425299882888794,0,0.5149999999999999
1024,31-013-CAS-12877153,0,a,xgboost,condition_only,split_pair_group,0.23721155524253845,0,0.5149999999999999
1025,31-013-CAS-7511274,0,a,xgboost,condition_only,split_pair_group,0.6180859208106995,1,0.5149999999999999
1026,31-013-CAS-854940,0,a,xgboost,condition_only,split_pair_group,0.5035692453384399,0,0.5149999999999999
1027,31-013-CAS-8833991,0,a,xgboost,condition_only,split_pair_group,0.4071117341518402,0,0.5149999999999999
1029,31-013-CAS-2439768,1,b,xgboost,condition_only,split_pair_group,0.6687831282615662,1,0.5149999999999999
1032,31-013-CAS-3532904,1,b,xgboost,condition_only,split_pair_group,0.6176038384437561,1,0.5149999999999999
1033,31-013-CAS-15039708,1,b,xgboost,condition_only,split_pair_group,0.5838025212287903,1,0.5149999999999999
1042,31-013-CAS-2224404,1,b,xgboost,condition_only,split_pair_group,0.5094122886657715,0,0.5149999999999999
1043,31-013-CAS-19733121,0,a,xgboost,condition_only,split_pair_group,0.14878468215465546,0,0.5149999999999999
1061,31-013-CAS-16587031,0,a,xgboost,condition_only,split_pair_group,0.11533571034669876,0,0.5149999999999999
1085,31-614-CAS-36914120,0,a,xgboost,condition_only,split_pair_group,0.28906476497650146,0,0.5149999999999999
1091,31-013-CAS-16946845,1,b,xgboost,condition_only,split_pair_group,0.46217095851898193,0,0.5149999999999999
1103,31-614-CAS-35394448,1,b,xgboost,condition_only,split_pair_group,0.7435125112533569,1,0.5149999999999999
1104,31-614-CAS-34336268,0,a,xgboost,condition_only,split_pair_group,0.37025806307792664,0,0.5149999999999999
1105,31-614-CAS-32458097,0,a,xgboost,condition_only,split_pair_group,0.4139815866947174,0,0.5149999999999999
1106,31-614-CAS-37588004,0,a,xgboost,condition_only,split_pair_group,0.5660642385482788,1,0.5149999999999999
1117,31-013-CAS-16968435,1,b,xgboost,condition_only,split_pair_group,0.8227358460426331,1,0.5149999999999999
1124,31-013-CAS-14738874,0,a,xgboost,condition_only,split_pair_group,0.23721155524253845,0,0.5149999999999999
1127,31-013-CAS-11726967,0,a,xgboost,condition_only,split_pair_group,0.1434825360774994,0,0.5149999999999999
1141,31-013-CAS-17791367,0,a,xgboost,condition_only,split_pair_group,0.13789954781532288,0,0.5149999999999999
1150,31-013-CAS-741372,1,b,xgboost,condition_only,split_pair_group,0.5612419247627258,1,0.5149999999999999
1160,31-013-CAS-17453665,1,b,xgboost,condition_only,split_pair_group,0.5765177011489868,1,0.5149999999999999
1165,31-013-CAS-11784711,1,b,xgboost,condition_only,split_pair_group,0.3931952714920044,0,0.5149999999999999
1175,31-013-CAS-21359611,0,a,xgboost,condition_only,split_pair_group,0.3134673833847046,0,0.5149999999999999
1176,31-013-CAS-9488276,0,a,xgboost,condition_only,split_pair_group,0.3134673833847046,0,0.5149999999999999
1182,31-013-CAS-12326620,0,a,xgboost,condition_only,split_pair_group,0.7540991902351379,1,0.5149999999999999
1185,31-013-CAS-23539710,0,a,xgboost,condition_only,split_pair_group,0.4971374571323395,0,0.5149999999999999
1187,31-013-CAS-14640673,0,a,xgboost,condition_only,split_pair_group,0.46765655279159546,0,0.5149999999999999
1196,31-013-CAS-1342962,1,b,xgboost,condition_only,split_pair_group,0.7058837413787842,1,0.5149999999999999
1210,31-013-CAS-3582973,0,a,xgboost,condition_only,split_pair_group,0.25892430543899536,0,0.5149999999999999
1226,31-013-CAS-4366967,1,b,xgboost,condition_only,split_pair_group,0.7659105658531189,1,0.5149999999999999
1229,31-013-CAS-16946849,1,b,xgboost,condition_only,split_pair_group,0.6339572072029114,1,0.5149999999999999
1241,31-013-CAS-2182975,1,b,xgboost,condition_only,split_pair_group,0.8786401748657227,1,0.5149999999999999
1247,31-013-CAS-13251956,1,b,xgboost,condition_only,split_pair_group,0.5817939043045044,1,0.5149999999999999
1248,31-013-CAS-3002515,0,a,xgboost,condition_only,split_pair_group,0.25892430543899536,0,0.5149999999999999
1261,31-614-CAS-37587999,0,a,xgboost,condition_only,split_pair_group,0.5660642385482788,1,0.5149999999999999
1264,31-013-CAS-806847,1,b,xgboost,condition_only,split_pair_group,0.8092560172080994,1,0.5149999999999999
1268,31-013-CAS-1585686,1,b,xgboost,condition_only,split_pair_group,0.6356368064880371,1,0.5149999999999999
1269,31-013-CAS-7643019,1,b,xgboost,condition_only,split_pair_group,0.47118276357650757,0,0.5149999999999999
1280,31-614-CAS-34954204,0,a,xgboost,condition_only,split_pair_group,0.8227358460426331,1,0.5149999999999999
1288,31-013-CAS-14512141,1,b,xgboost,condition_only,split_pair_group,0.6377471089363098,1,0.5149999999999999
1293,31-614-CAS-34956360,1,b,xgboost,condition_only,split_pair_group,0.8561642169952393,1,0.5149999999999999
1294,31-614-CAS-40218495,1,b,xgboost,condition_only,split_pair_group,0.4945715367794037,0,0.5149999999999999
1299,31-013-CAS-21608786,0,a,xgboost,condition_only,split_pair_group,0.04777516424655914,0,0.5149999999999999
1301,31-013-CAS-7147519,0,a,xgboost,condition_only,split_pair_group,0.20656196773052216,0,0.5149999999999999
1319,31-614-CAS-44041084,1,b,xgboost,condition_only,split_pair_group,0.5817939043045044,1,0.5149999999999999
1320,31-013-CAS-12262753,1,b,xgboost,condition_only,split_pair_group,0.15717747807502747,0,0.5149999999999999
1331,31-614-CAS-39834134,0,a,xgboost,condition_only,split_pair_group,0.24665632843971252,0,0.5149999999999999
1340,31-614-CAS-23946125,0,a,xgboost,condition_only,split_pair_group,0.5660642385482788,1,0.5149999999999999
1345,31-013-CAS-1583370,0,a,xgboost,condition_only,split_pair_group,0.6593213081359863,1,0.5149999999999999
1360,31-013-CAS-4188841,1,b,xgboost,condition_only,split_pair_group,0.7228696346282959,1,0.5149999999999999
1361,31-013-CAS-1880759,1,b,xgboost,condition_only,split_pair_group,0.7228696346282959,1,0.5149999999999999
1363,31-013-CAS-1686035,1,b,xgboost,condition_only,split_pair_group,0.47118276357650757,0,0.5149999999999999
1371,31-013-CAS-13595742,0,a,xgboost,condition_only,split_pair_group,0.2643060088157654,0,0.5149999999999999
1372,31-013-CAS-2565194,1,b,xgboost,condition_only,split_pair_group,0.6858628988265991,1,0.5149999999999999
1387,31-013-CAS-12685556,1,b,xgboost,condition_only,split_pair_group,0.7058837413787842,1,0.5149999999999999
1388,31-013-CAS-16806675,1,b,xgboost,condition_only,split_pair_group,0.8610272407531738,1,0.5149999999999999
1389,31-013-CAS-6076988,1,b,xgboost,condition_only,split_pair_group,0.6636796593666077,1,0.5149999999999999
1413,31-013-CAS-15393474,1,b,xgboost,condition_only,split_pair_group,0.8824477195739746,1,0.5149999999999999
1414,31-013-CAS-3282710,1,b,xgboost,condition_only,split_pair_group,0.567853569984436,1,0.5149999999999999
1415,31-013-CAS-4022684,1,b,xgboost,condition_only,split_pair_group,0.6687831282615662,1,0.5149999999999999
1416,31-013-CAS-7726616,1,b,xgboost,condition_only,split_pair_group,0.7058837413787842,1,0.5149999999999999
1418,31-013-CAS-16820825,1,b,xgboost,condition_only,split_pair_group,0.6515839695930481,1,0.5149999999999999
1422,31-013-CAS-21944308,1,b,xgboost,condition_only,split_pair_group,0.7624500393867493,1,0.5149999999999999
1426,31-614-CAS-28293923,1,b,xgboost,condition_only,split_pair_group,0.13860197365283966,0,0.5149999999999999
1430,31-013-CAS-8917480,1,b,xgboost,condition_only,split_pair_group,0.22180822491645813,0,0.5149999999999999
1439,31-013-CAS-7488283,1,b,xgboost,condition_only,split_pair_group,0.5888963341712952,1,0.5149999999999999
1445,31-013-CAS-12921527,1,b,xgboost,condition_only,split_pair_group,0.3807031214237213,0,0.5149999999999999
1453,31-614-CAS-24299301,0,a,xgboost,condition_only,split_pair_group,0.45861196517944336,0,0.5149999999999999
1454,31-013-CAS-20404994,1,b,xgboost,condition_only,split_pair_group,0.4765815734863281,0,0.5149999999999999
1456,31-013-CAS-1120171,1,b,xgboost,condition_only,split_pair_group,0.7825444936752319,1,0.5149999999999999
1457,31-013-CAS-7286890,0,a,xgboost,condition_only,split_pair_group,0.7908907532691956,1,0.5149999999999999
1459,31-013-CAS-15100866,1,b,xgboost,condition_only,split_pair_group,0.7474544048309326,1,0.5149999999999999
1460,31-614-CAS-24965173,1,b,xgboost,condition_only,split_pair_group,0.5830890536308289,1,0.5149999999999999
1464,31-013-CAS-4102089,1,b,xgboost,condition_only,split_pair_group,0.8824477195739746,1,0.5149999999999999
1466,31-301-CAS-14089757,1,b,xgboost,condition_only,split_pair_group,0.45811301469802856,0,0.5149999999999999
1467,31-301-CAS-2081601,1,b,xgboost,condition_only,split_pair_group,0.45811301469802856,0,0.5149999999999999
1474,31-013-CAS-3406433,1,b,xgboost,condition_only,split_pair_group,0.758632242679596,1,0.5149999999999999
1475,31-013-CAS-23731804,1,b,xgboost,condition_only,split_pair_group,0.5776625275611877,1,0.5149999999999999
1482,31-013-CAS-4942088,1,b,xgboost,condition_only,split_pair_group,0.6687831282615662,1,0.5149999999999999
1494,31-013-CAS-5792629,0,a,xgboost,condition_only,split_pair_group,0.6773521900177002,1,0.5149999999999999
1496,31-013-CAS-15382044,1,b,xgboost,condition_only,split_pair_group,0.4883265793323517,0,0.5149999999999999
1500,31-013-CAS-11809252,0,a,xgboost,condition_only,split_pair_group,0.133329376578331,0,0.5149999999999999
1505,31-013-CAS-2166542,1,b,xgboost,condition_only,split_pair_group,0.7961071133613586,1,0.5149999999999999
1511,31-013-CAS-19117152,1,b,xgboost,condition_only,split_pair_group,0.7792746424674988,1,0.5149999999999999
1518,31-013-CAS-7065488,1,b,xgboost,condition_only,split_pair_group,0.7734789252281189,1,0.5149999999999999
1520,31-614-CAS-30618647,1,b,xgboost,condition_only,split_pair_group,0.45811301469802856,0,0.5149999999999999
1526,31-013-CAS-11179214,1,b,xgboost,condition_only,split_pair_group,0.240096315741539,0,0.5149999999999999
1528,31-013-CAS-8627156,1,b,xgboost,condition_only,split_pair_group,0.6635178923606873,1,0.5149999999999999
1529,31-013-CAS-26474,1,b,xgboost,condition_only,split_pair_group,0.6635178923606873,1,0.5149999999999999
1532,31-614-CAS-41884159,0,a,xgboost,condition_only,split_pair_group,0.45758292078971863,0,0.5149999999999999
1533,31-614-CAS-37959480,0,a,xgboost,condition_only,split_pair_group,0.45758292078971863,0,0.5149999999999999
1541,31-614-CAS-45240845,0,a,xgboost,condition_only,split_pair_group,0.5246530175209045,1,0.5149999999999999
1542,31-013-CAS-21774311,0,a,xgboost,condition_only,split_pair_group,0.22194485366344452,0,0.5149999999999999
1543,31-614-CAS-41884456,0,a,xgboost,condition_only,split_pair_group,0.43469685316085815,0,0.5149999999999999
1544,31-614-CAS-37959617,0,a,xgboost,condition_only,split_pair_group,0.43469685316085815,0,0.5149999999999999
1548,31-013-CAS-4019424,1,b,xgboost,condition_only,split_pair_group,0.7595142126083374,1,0.5149999999999999
1550,31-614-CAS-24501387,1,b,xgboost,condition_only,split_pair_group,0.4403105080127716,0,0.5149999999999999
1551,31-614-CAS-29170155,1,b,xgboost,condition_only,split_pair_group,0.45811301469802856,0,0.5149999999999999
1552,31-614-CAS-27856064,1,b,xgboost,condition_only,split_pair_group,0.45811301469802856,0,0.5149999999999999
1553,31-013-CAS-7313950,1,b,xgboost,condition_only,split_pair_group,0.570451021194458,1,0.5149999999999999
1558,31-013-CAS-21471842,1,b,xgboost,condition_only,split_pair_group,0.5452208518981934,1,0.5149999999999999
