id,reaction_id,split,label,prob_beta,threshold,prediction,correct,donor_smiles,acceptor_smiles,encoder_type,model_type,seed,Pair_Key,Donor_Type,Year
3,31-010-CAS-14023399,val,1,0.9734556674957275,0.5299999999999999,1,1,CC(=O)OC[C@H]1OC(OC(=N)C(Cl)(Cl)Cl)[C@H](NC(=O)OCC(Cl)(Cl)Cl)[C@@H](OC(C)=O)[C@@H]1OC(C)=O,CC(=O)N[C@H]1[C@H](OC(C)=O)O[C@H](COC(C)=O)[C@@H](O)[C@@H]1OC(C)=O,chiral_gine,crossattn_tri,2,BDDA7994,trichloroacetimidate,2013
6,31-010-CAS-8578743,val,1,0.9734434485435486,0.5299999999999999,1,1,CC(=O)OC[C@H]1O[C@@H](OC(=N)C(Cl)(Cl)Cl)[C@H](N2C(=O)c3ccccc3C2=O)[C@@H](OC(C)=O)[C@@H]1OC(C)=O,[2H]C(OCc1ccc(OC)cc1)[C@H]1O[C@@H](OCC=C)[C@H](N2C(=O)c3ccccc3C2=O)[C@@H](OC(C)=O)[C@@H]1O,chiral_gine,crossattn_tri,2,92FF7D32,trichloroacetimidate,2002
8,31-010-CAS-14961642,val,1,0.9686972498893738,0.5299999999999999,1,1,CC(=O)OC[C@H]1O[C@@H](OC(=N)C(Cl)(Cl)Cl)[C@H](N2C(=O)c3ccccc3C2=O)[C@@H](OC(C)=O)[C@@H]1OC(C)=O,C=CCO[C@@H]1O[C@H]([C@H](C)OCc2ccc(OC)cc2)[C@@H](O)[C@H](OC(C)=O)[C@H]1N1C(=O)c2ccccc2C1=O,chiral_gine,crossattn_tri,2,2C33B3CD,trichloroacetimidate,2002
28,31-010-CAS-8144216,val,1,0.9747392535209656,0.5299999999999999,1,1,CC(=O)O[C@@H]1[C@H](OC(=O)CCl)[C@@H](OC(C)=O)[C@@H](OC(=N)C(Cl)(Cl)Cl)O[C@@H]1COC(=O)C(C)(C)C,CC(=O)N[C@H]1[C@H](OCCCCCCCl)O[C@H](COCc2ccccc2)[C@@H](O)[C@@H]1OC(=O)OCC(Cl)(Cl)Cl,chiral_gine,crossattn_tri,2,B4CFAA20,trichloroacetimidate,2015
37,31-010-CAS-4938490,val,1,0.9810081720352173,0.5299999999999999,1,1,CC(=O)O[C@H]1[C@@H](OC(C)=O)[C@@H](COCc2ccccc2)O[C@H](OC(=N)C(Cl)(Cl)Cl)[C@@H]1OC(C)=O,CC(=O)N[C@H]1[C@H](O[Si](c2ccccc2)(c2ccccc2)C(C)(C)C)O[C@H](COCc2ccccc2)[C@@H](O)[C@@H]1O[C@@H]1O[C@@H](C)[C@@H](OC(C)=O)[C@@H](OC(C)=O)[C@@H]1OCc1ccccc1,chiral_gine,crossattn_tri,2,BD2F6F43,trichloroacetimidate,2010
42,31-010-CAS-4764767,val,1,0.9684447050094604,0.5299999999999999,1,1,CC(=O)O[C@H]1[C@H]2O[C@@H](c3ccccc3)OC[C@H]2O[C@H](OC(=N)C(Cl)(Cl)Cl)[C@@H]1OC(C)=O,[N-]=[N+]=NCCOCCO[C@@H]1O[C@H](COCc2ccccc2)[C@@H](O)[C@H](O)[C@H]1N1C(=O)c2ccccc2C1=O,chiral_gine,crossattn_tri,2,95A19C58,trichloroacetimidate,1999
52,31-010-CAS-10183422,val,1,0.9738348126411438,0.5299999999999999,1,1,CC(=O)OC[C@H]1OC(OC(=N)C(Cl)(Cl)Cl)[C@H](NC(=O)OCC(Cl)(Cl)Cl)[C@@H](OC(C)=O)[C@H]1OC(C)=O,C[Si](C)(C)CCO[C@@H]1O[C@H](COCc2ccccc2)[C@@H](O)[C@H](OC(=O)CCl)[C@H]1NC(=O)OCC(Cl)(Cl)Cl,chiral_gine,crossattn_tri,2,593F4E64,trichloroacetimidate,2012
55,31-010-CAS-5571602,val,1,0.9468891024589539,0.5299999999999999,1,1,CC(=O)OC[C@H]1O[C@H](OC(=N)C(Cl)(Cl)Cl)[C@H](NC(=O)OCC(Cl)(Cl)Cl)[C@@H](OC(C)=O)[C@@H]1OC(C)=O,C/C=C/[C@H]1O[C@H](COCc2ccccc2)[C@@H](O)[C@H](O[C@H](C)C(=O)N[C@@H](C)C(=O)OC)[C@H]1NC(C)=O,chiral_gine,crossattn_tri,2,9846A5D3,trichloroacetimidate,2015
58,31-010-CAS-6476424,val,1,0.9723328351974487,0.5299999999999999,1,1,CC(=O)OC[C@H]1O[C@H](OC(=N)C(Cl)(Cl)Cl)[C@H](OC(C)=O)[C@@H](OC(C)=O)[C@@H]1OC(C)=O,CO[C@@H]1O[C@H](COCc2ccccc2)[C@@H](O)[C@H](OC(=O)CCl)[C@H]1NC(C)=O,chiral_gine,crossattn_tri,2,4BB1D2B7,trichloroacetimidate,2009
75,31-010-CAS-1428434,val,1,0.9716637134552002,0.5299999999999999,1,1,CC(=O)OC[C@H]1O[C@H](OC(=N)C(Cl)(Cl)Cl)[C@H](OC(C)=O)[C@@H](OC(C)=O)[C@@H]1OC(C)=O,CO[C@@H]1O[C@H](COCc2ccccc2)[C@@H](O)[C@H](O[C@@H]2O[C@H](COC(C)=O)[C@@H](OC(C)=O)[C@H](OC(C)=O)[C@H]2OC(C)=O)[C@H]1NC(C)=O,chiral_gine,crossattn_tri,2,F3715A1B,trichloroacetimidate,2009
78,31-010-CAS-1161485,val,0,0.004913946148008108,0.5299999999999999,0,1,CC(=O)O[C@@H]1[C@@H](OC(=N)C(Cl)(Cl)Cl)O[C@H](COCc2ccccc2)[C@@H](OCc2ccccc2)[C@@H]1OCc1ccccc1,C=CCO[C@@H]1[C@H](OCc2ccccc2)[C@H](OCc2ccccc2)[C@@H](OCc2ccccc2)[C@H](OCc2ccccc2)[C@H]1O[C@H]1O[C@H](COCc2ccccc2)[C@@H](O)[C@H](OCc2ccccc2)[C@H]1N=[N+]=[N-],chiral_gine,crossattn_tri,2,4D85A9C5,trichloroacetimidate,2005
96,31-010-CAS-7424216,val,1,0.9543794393539429,0.5299999999999999,1,1,CC(=O)OC[C@H]1O[C@@H](OC(=N)C(Cl)(Cl)Cl)[C@H](N2C(=O)COCC2=O)[C@@H](OC(C)=O)[C@@H]1OC(C)=O,CC(C)C(C)(C)[Si](C)(C)O[C@@H]1O[C@H](COCc2ccccc2)[C@@H](O)[C@H](OCc2ccccc2)[C@H]1N=[N+]=[N-],chiral_gine,crossattn_tri,2,9B3C1F1C,trichloroacetimidate,2005
111,31-010-CAS-6138226,val,1,0.9702739119529724,0.5299999999999999,1,1,CC(=O)OC[C@H]1O[C@@H](OC(=N)C(Cl)(Cl)Cl)[C@H](OC(C)=O)[C@@H](OC(C)=O)[C@H]1OC(C)=O,CC(C)(C)[Si](OC[C@H]1O[C@@H](OCCOCCOCCN=[N+]=[N-])[C@H](N2C(=O)c3ccccc3C2=O)[C@@H](O)[C@@H]1O)(c1ccccc1)c1ccccc1,chiral_gine,crossattn_tri,2,B9789815,trichloroacetimidate,2011
118,31-010-CAS-914,val,1,0.979176938533783,0.5299999999999999,1,1,CC(=O)OC[C@H]1O[C@H](OC(=N)C(Cl)(Cl)Cl)[C@H](OC(C)=O)[C@@H](OC(C)=O)[C@H]1OC(C)=O,C=CCO[C@@H]1O[C@H](COCc2ccccc2)[C@@H](O)[C@H](O[C@@H]2O[C@@H](C)[C@@H](OCc3ccccc3)[C@@H](OCc3ccccc3)[C@@H]2OCc2ccccc2)[C@H]1NC(C)=O,chiral_gine,crossattn_tri,2,9BB704B3,trichloroacetimidate,2010
132,31-010-CAS-10269107,val,0,0.4029601216316223,0.5299999999999999,0,1,N=C(O[C@@H]1O[C@H](COCc2ccccc2)[C@@H](OCc2ccccc2)[C@H](OCc2ccccc2)[C@@H]1OCc1ccccc1)C(Cl)(Cl)Cl,[N-]=[N+]=N[C@@H]1[C@@H](OCc2ccccc2)[C@H](O)[C@@H](COCc2ccccc2)O[C@@H]1Sc1ccccc1,chiral_gine,crossattn_tri,2,80CBCAA6,trichloroacetimidate,1999
142,31-010-CAS-11617057,val,1,0.948516845703125,0.5299999999999999,1,1,CC(=O)O[C@H]1[C@@H](OC(C)=O)[C@@H](CN=[N+]=[N-])O[C@H](OC(=N)C(Cl)(Cl)Cl)[C@@H]1OC(C)=O,CCCCCCCCO[C@H]1O[C@H](COCc2ccccc2)[C@@H](OCc2ccccc2)[C@H](OCc2ccccc2)[C@@H]1O[C@@H]1O[C@H](COCc2ccccc2)[C@@H](O)[C@H](OCc2ccccc2)[C@H]1N1C(=O)c2ccccc2C1=O,chiral_gine,crossattn_tri,2,8255CB89,trichloroacetimidate,2003
149,31-010-CAS-8220760,val,1,0.9572281837463379,0.5299999999999999,1,1,CC(=O)OC[C@H]1O[C@H](OC(=N)C(Cl)(Cl)Cl)[C@H](OC(C)=O)[C@@H](OC(C)=O)[C@H]1OC(C)=O,COc1ccc(COC[C@H]2O[C@@H](O[C@H]3CC[C@@]4(C)[C@@H](CC[C@@H]5[C@@H]4CC[C@]4(C)[C@@H]6[C@H](C[C@@H]54)O[C@]4(CC[C@@H](C)CO4)[C@H]6C)C3)[C@H](N3C(=O)c4ccccc4C3=O)[C@@H](OC(C)=O)[C@@H]2O)cc1,chiral_gine,crossattn_tri,2,55DA028E,trichloroacetimidate,2004
150,31-010-CAS-12546258,val,1,0.00889181811362505,0.5299999999999999,0,0,COC(=O)[C@H]1O[C@H](OC(=N)C(Cl)(Cl)Cl)[C@H](OCc2ccccc2)[C@@H](OCc2ccccc2)[C@@H]1OCc1ccccc1,COC(=O)[C@H]1O[C@@H]2OC(C)(C)O[C@@H]2[C@@H](OCc2ccccc2)[C@@H]1O[C@H]1O[C@H](COCc2ccccc2)[C@@H](O)[C@H](OCc2ccccc2)[C@H]1N=[N+]=[N-],chiral_gine,crossattn_tri,2,F6AFF47A,trichloroacetimidate,2003
178,31-010-CAS-16546345,val,1,0.8991800546646118,0.5299999999999999,1,1,CC(=O)O[C@H]1[C@@H](OC(C)=O)[C@@H](CF)O[C@H](OC(=N)C(Cl)(Cl)Cl)[C@@H]1OC(C)=O,CC(=O)N[C@H]1[C@H](OCc2ccccc2)O[C@H](CO[Si](C)(C)C(C)(C)C)[C@@H](O)[C@@H]1O,chiral_gine,crossattn_tri,2,401FA323,trichloroacetimidate,2011
180,31-010-CAS-7801504,val,1,0.96442711353302,0.5299999999999999,1,1,CC(=O)CCC(=O)O[C@H]1[C@H](OCc2ccccc2)[C@@H](N2C(=O)c3ccccc3C2=O)[C@H](OC(=N)C(Cl)(Cl)Cl)O[C@@H]1COCc1ccccc1,[N-]=[N+]=NCCCCCO[C@@H]1O[C@H](COCc2ccccc2)[C@@H](O[C@@H]2O[C@H](COCc3ccccc3)[C@@H](O)[C@H](OCc3ccccc3)[C@H]2N2C(=O)c3ccccc3C2=O)[C@H](OCc2ccccc2)[C@H]1N1C(=O)c2ccccc2C1=O,chiral_gine,crossattn_tri,2,27BFB696,trichloroacetimidate,2015
188,31-010-CAS-6786085,val,1,0.9722983241081238,0.5299999999999999,1,1,CC(=O)OC[C@H]1O[C@@H](OC(=N)C(Cl)(Cl)Cl)[C@H](OC(C)=O)[C@@H](OC(C)=O)[C@H]1OC(C)=O,CC(=O)N[C@@H]1[C@@H](O)[C@H](O)[C@@H](CO[Si](C)(C)C(C)(C)C)O[C@H]1SCC#N,chiral_gine,crossattn_tri,2,645867B4,trichloroacetimidate,2009
206,31-010-CAS-14206798,val,1,0.9760161638259888,0.5299999999999999,1,1,CC(=O)OC[C@H]1O[C@H](OC(=N)C(Cl)(Cl)Cl)[C@H](OC(C)=O)[C@@H](OC(=O)CCl)[C@H]1OC(C)=O,CC(=O)N[C@H]1[C@H](OCCCCCCN=[N+]=[N-])O[C@H](COCc2ccccc2)[C@@H](O)[C@@H]1OC(=O)CCl,chiral_gine,crossattn_tri,2,46021DFE,trichloroacetimidate,2010
207,31-010-CAS-14600737,val,1,0.9690685272216797,0.5299999999999999,1,1,CC(=O)OC[C@H]1O[C@@H](OC(=N)C(Cl)(Cl)Cl)[C@H](OC(C)=O)[C@@H](OC(C)=O)[C@H]1OC(C)=O,CC(C)(C)C(=O)OC[C@H]1O[C@@H](OCc2ccc3ccccc3c2)[C@H](N2C(=O)c3ccccc3C2=O)[C@@H](O)[C@@H]1O,chiral_gine,crossattn_tri,2,76FBB21E,trichloroacetimidate,2004
210,31-010-CAS-3933972,val,1,0.9593873620033264,0.5299999999999999,1,1,CC(=O)OC[C@H]1O[C@@H](OC(=N)C(Cl)(Cl)Cl)[C@H](OC(C)=O)[C@@H](OC(C)=O)[C@H]1OC(C)=O,CC(=O)N[C@H]1[C@H](OCc2ccc3ccccc3c2)O[C@H](COC(=O)C(C)(C)C)[C@@H](O)[C@@H]1O,chiral_gine,crossattn_tri,2,8FBF2EA1,trichloroacetimidate,2004
213,31-010-CAS-11980647,val,1,0.9067730903625488,0.5299999999999999,1,1,CC(=O)OC[C@H]1O[C@H](OC(=N)C(Cl)(Cl)Cl)[C@H](NC(=O)OCc2ccccc2)[C@@H](OC(C)=O)[C@@H]1OC(C)=O,CC(=O)O[C@H]1[C@H](O)[C@@H](COCc2ccccc2)O[C@@H](Sc2cc(C(C)(C)C)ccc2C)[C@@H]1N1C(=O)c2ccccc2C1=O,chiral_gine,crossattn_tri,2,CBD9EF43,trichloroacetimidate,2013
214,31-010-CAS-978790,val,0,0.012852913700044155,0.5299999999999999,0,1,COC(=O)[C@@H]1O[C@@H](OC(=N)C(Cl)(Cl)Cl)[C@H](OC(C)=O)[C@@H](OC(=O)C(C)(C)C)[C@@H]1OC(=O)CCC(C)=O,CO[C@H]1O[C@H](COC(C)=O)[C@@H](O)[C@H](OCc2ccccc2)[C@H]1N=[N+]=[N-],chiral_gine,crossattn_tri,2,5521320E,trichloroacetimidate,2005
216,31-010-CAS-16121126,val,1,0.8049771189689636,0.5299999999999999,1,1,CC(=O)O[C@H]1[C@H]2O[C@H](c3ccccc3)OC[C@H]2O[C@H](OC(=N)C(Cl)(Cl)Cl)[C@@H]1OC(C)=O,[N-]=[N+]=N[C@H]1[C@H](OCCCCCCCl)O[C@H](COCc2ccccc2)[C@@H](O)[C@@H]1OCc1ccccc1,chiral_gine,crossattn_tri,2,BAC6E0B2,trichloroacetimidate,2016
218,31-010-CAS-518399,val,1,0.9750749468803406,0.5299999999999999,1,1,CC(=O)OC[C@H]1O[C@H](OC(=N)C(Cl)(Cl)Cl)[C@H](OC(C)=O)[C@@H](OC(=O)CCl)[C@H]1OC(C)=O,C=CCO[C@@H]1O[C@H](COCc2ccccc2)[C@@H](O)[C@H](OC(=O)OCC(Cl)(Cl)Cl)[C@H]1NC(C)=O,chiral_gine,crossattn_tri,2,954AB255,trichloroacetimidate,2011
223,31-010-CAS-634162,val,0,0.9680714011192322,0.5299999999999999,1,0,COC(=O)[C@@H]1OC(OC(=N)C(Cl)(Cl)Cl)[C@H](OC(=O)CCC(C)=O)[C@@H](OCc2ccccc2)[C@@H]1OCc1ccccc1,CC(C)(C)[Si](C)(C)O[C@@H]1O[C@H](COCc2ccccc2)[C@@H](O)[C@H](OCc2ccccc2)[C@H]1N=[N+]=[N-],chiral_gine,crossattn_tri,2,C3788132,trichloroacetimidate,2004
235,31-010-CAS-12076484,val,1,0.9758910536766052,0.5299999999999999,1,1,CC(=O)OC[C@H]1O[C@H](OC(=N)C(Cl)(Cl)Cl)[C@H](OC(C)=O)[C@@H](OC(=O)CCl)[C@H]1OC(C)=O,CC(=O)N[C@H]1[C@H](OCCCCCCCl)O[C@H](COCc2ccccc2)[C@@H](O)[C@@H]1OC(=O)CCl,chiral_gine,crossattn_tri,2,E1427953,trichloroacetimidate,2010
237,31-010-CAS-2949517,val,1,0.9717026352882385,0.5299999999999999,1,1,CC(=O)OC[C@H]1O[C@H](OC(=N)C(Cl)(Cl)Cl)[C@H](OC(C)=O)[C@@H](OC(C)=O)[C@H]1OC(C)=O,C=CCO[C@@H]1O[C@H](COCc2ccccc2)[C@@H](O[C@@H]2O[C@H](COC(C)=O)[C@H](OC(C)=O)[C@H](O[C@@H]3O[C@H](COCc4ccccc4)[C@@H](O)[C@H](OC(=O)CCl)[C@H]3NC(=O)C(Cl)(Cl)Cl)[C@H]2OC(C)=O)[C@H](OC(=O)OCC(Cl)(Cl)Cl)[C@H]1NC(C)=O,chiral_gine,crossattn_tri,2,50DEC6C5,trichloroacetimidate,2011
249,31-010-CAS-5024363,val,1,0.96513432264328,0.5299999999999999,1,1,COC(=O)[C@H]1OC(OC(=N)C(Cl)(Cl)Cl)[C@H](OCc2ccccc2)[C@@H](OCc2ccccc2)[C@@H]1O[C@H]1O[C@H](COC(=O)c2ccccc2)[C@@H](OCc2ccccc2)[C@H](OCc2ccccc2)[C@H]1N=[N+]=[N-],COc1ccc(COC[C@H]2O[C@@H](O[Si](c3ccccc3)(c3ccccc3)C(C)(C)C)[C@H](N=[N+]=[N-])[C@@H](OC(=O)c3ccccc3)[C@@H]2O)cc1,chiral_gine,crossattn_tri,2,82CD739A,trichloroacetimidate,2003
265,31-010-CAS-7479832,val,1,0.9627993702888489,0.5299999999999999,1,1,CC(=O)OC[C@H]1OC(OC(=N)C(Cl)(Cl)Cl)[C@H](OC(C)=O)[C@@H](OC(C)=O)[C@H]1OC(C)=O,CC(=O)O[C@H]1[C@H](OC(C)=O)[C@H](O[C@H]2[C@H](O)[C@@H](COC(=O)c3ccccc3)O[C@@H](Sc3ccccc3)[C@@H]2N2C(=O)c3ccccc3C2=O)O[C@@H](C)[C@H]1OC(C)=O,chiral_gine,crossattn_tri,2,968A2BEE,trichloroacetimidate,2002
292,31-010-CAS-2359359,val,1,0.9752873182296753,0.5299999999999999,1,1,CC1=C(C)C(=O)N([C@H]2[C@H](OC(=N)C(Cl)(Cl)Cl)O[C@H](COCc3ccccc3)[C@@H](OC(=O)COc3ccccc3)[C@@H]2OCc2ccccc2)C1=O,CC1=C(C)C(=O)N([C@H]2[C@H](OCc3ccccc3)O[C@H](COCc3ccccc3)[C@@H](O)[C@@H]2OCc2ccccc2)C1=O,chiral_gine,crossattn_tri,2,57B2585C,trichloroacetimidate,2001
297,31-010-CAS-13300982,val,1,0.592132031917572,0.5299999999999999,1,1,CC(=O)OC[C@H]1O[C@H](OC(=N)C(Cl)(Cl)Cl)[C@H](OC(C)=O)[C@@H](F)[C@H]1OC(C)=O,CC(=O)O[C@H]1[C@H](O)[C@@H](COCc2ccc3ccccc3c2)O[C@@H](Sc2ccccc2)[C@@H]1N1C(=O)c2ccccc2C1=O,chiral_gine,crossattn_tri,2,5EFC2C89,trichloroacetimidate,2003
304,31-010-CAS-3748810,val,0,0.9388275146484375,0.5299999999999999,1,0,C[C@H]1OC(OC(=N)C(Cl)(Cl)Cl)[C@H](N=[N+]=[N-])[C@@H](OC(=O)c2ccccc2)[C@H]1N1C(=O)c2ccccc2C1=O,CC(C)(C)[Si](OC[C@H]1O[C@H](Sc2ccccc2)[C@H](N=[N+]=[N-])[C@@H](OCc2ccccc2)[C@H]1O)(c1ccccc1)c1ccccc1,chiral_gine,crossattn_tri,2,6B641981,trichloroacetimidate,2010
306,31-010-CAS-5447774,val,1,0.9509263038635254,0.5299999999999999,1,1,CC(=O)O[C@@H]1C[C@@H](OC(=O)c2ccccc2)[C@@H](OC(=N)C(Cl)(Cl)Cl)O[C@@H]1COC(=O)c1ccccc1,O=C1c2ccccc2C(=O)N1[C@@H]1[C@@H](O)[C@H](O)[C@@H](COCc2ccccc2)O[C@H]1Sc1ccccc1,chiral_gine,crossattn_tri,2,644AFAB9,trichloroacetimidate,2005
317,31-010-CAS-17830886,val,1,0.5108006000518799,0.5299999999999999,0,0,CC(=O)OC[C@H]1O[C@H](OC(=N)C(Cl)(Cl)Cl)[C@H](OC(C)=O)[C@@H](OC(C)=O)[C@H]1OC(C)=O,COc1ccc(O[C@H]2O[C@H](COCc3ccccc3)[C@@H](O)[C@H](O[C@H]3O[C@H](COCc4ccccc4)[C@H](OCc4ccccc4)[C@H](OCc4ccccc4)[C@H]3OCc3ccccc3)[C@H]2N=[N+]=[N-])cc1,chiral_gine,crossattn_tri,2,4B9B8199,trichloroacetimidate,2017
326,31-010-CAS-12229862,val,1,0.9697127938270569,0.5299999999999999,1,1,CC(=O)OC[C@H]1O[C@H](OC(=N)C(Cl)(Cl)Cl)[C@H](NC(=O)OCc2ccccc2)[C@@H](OC(C)=O)[C@@H]1OC(C)=O,CC(=O)O[C@H]1[C@H](O)[C@@H](COCc2ccccc2)O[C@@H](O[C@H]2[C@H](O)[C@H]3N=C(C)S[C@H]3O[C@@H]2COCc2ccccc2)[C@@H]1NC(=O)OCc1ccccc1,chiral_gine,crossattn_tri,2,C5BBCCAF,trichloroacetimidate,2012
329,31-010-CAS-12672266,val,1,0.9859209656715393,0.5299999999999999,1,1,CC(=O)OC[C@H]1O[C@H](O[C@H]2[C@H](OCc3ccccc3)[C@@H](OC(=O)c3ccccc3)[C@H](OC(=N)C(Cl)(Cl)Cl)O[C@@H]2COC(=O)CCl)[C@H](N=[N+]=[N-])[C@@H](OCc2ccccc2)[C@@H]1OC(=O)OCC1c2ccccc2-c2ccccc21,COc1ccc(O[C@@H]2O[C@H](COC(=O)CCl)[C@@H](O[C@H]3O[C@H](COC(C)=O)[C@@H](O[C@@H]4O[C@H](COC(=O)CCl)[C@@H](O[C@H]5O[C@H](COC(C)=O)[C@@H](O[C@@H]6O[C@H](COC(=O)CCl)[C@@H](O[C@H]7O[C@H](COC(C)=O)[C@@H](O)[C@H](OCc8ccccc8)[C@H]7N=[N+]=[N-])[C@H](OCc7ccccc7)[C@H]6OC(=O)c6ccccc6)[C@H](OCc6ccccc6)[C@H]5N=[N+]=[N-])[C@H](OCc5ccccc5)[C@H]4OC(=O)c4ccccc4)[C@H](OCc4ccccc4)[C@H]3N=[N+]=[N-])[C@H](OCc3ccccc3)[C@H]2OC(=O)c2ccccc2)cc1,chiral_gine,crossattn_tri,2,2F83D925,trichloroacetimidate,2012
333,31-010-CAS-680407,val,1,0.9721348285675049,0.5299999999999999,1,1,COC(=O)[C@H]1OC(OC(=N)C(Cl)(Cl)Cl)[C@H](OC(=O)c2ccccc2)[C@@H](OCc2ccccc2)[C@@H]1O[C@H]1O[C@H](COC(=O)c2ccccc2)[C@@H](OCc2ccccc2)[C@H](OCc2ccccc2)[C@H]1N=[N+]=[N-],COc1ccc(OC[C@H]2O[C@@H](O[Si](c3ccccc3)(c3ccccc3)C(C)(C)C)[C@H](N=[N+]=[N-])[C@@H](OC(=O)c3ccccc3)[C@@H]2O)cc1,chiral_gine,crossattn_tri,2,F796E10D,trichloroacetimidate,2003
337,31-010-CAS-5547122,val,1,0.9705151319503784,0.5299999999999999,1,1,COC(=O)[C@H]1OC(OC(=N)C(Cl)(Cl)Cl)[C@H](OC(=O)c2ccccc2)[C@@H](OCc2ccccc2)[C@@H]1O[C@H]1O[C@H](COC(=O)c2ccccc2)[C@@H](OCc2ccccc2)[C@H](OCc2ccccc2)[C@H]1N=[N+]=[N-],COc1ccc(CO[C@H]2[C@H](O)[C@@H](COc3ccc(OC)cc3)O[C@@H](O[Si](c3ccccc3)(c3ccccc3)C(C)(C)C)[C@@H]2N=[N+]=[N-])cc1,chiral_gine,crossattn_tri,2,7F344DE9,trichloroacetimidate,2003
351,31-010-CAS-1116469,val,1,0.9719095826148987,0.5299999999999999,1,1,COC(=O)[C@H]1OC(OC(=N)C(Cl)(Cl)Cl)[C@H](OCc2ccccc2)[C@@H](OCc2ccccc2)[C@@H]1O[C@H]1O[C@H](COCc2ccc(OC)cc2)[C@@H](OCc2ccccc2)[C@H](OCc2ccccc2)[C@H]1NC=C1C(=O)N(C)C(=O)N(C)C1=O,COc1ccc(CO[C@H]2[C@H](O)[C@@H](COc3ccc(OC)cc3)O[C@@H](O[Si](c3ccccc3)(c3ccccc3)C(C)(C)C)[C@@H]2N=[N+]=[N-])cc1,chiral_gine,crossattn_tri,2,A163C97F,trichloroacetimidate,2003
355,31-010-CAS-9641920,val,1,0.968693196773529,0.5299999999999999,1,1,COC(=O)[C@H]1OC(OC(=N)C(Cl)(Cl)Cl)[C@H](OCc2ccccc2)[C@@H](OCc2ccccc2)[C@@H]1O[C@H]1O[C@H](COCc2ccc(OC)cc2)[C@@H](OCc2ccccc2)[C@H](OCc2ccccc2)[C@H]1NC=C1C(=O)N(C)C(=O)N(C)C1=O,COc1ccc(OC[C@H]2O[C@@H](O[Si](c3ccccc3)(c3ccccc3)C(C)(C)C)[C@H](N=[N+]=[N-])[C@@H](OC(=O)c3ccccc3)[C@@H]2O)cc1,chiral_gine,crossattn_tri,2,29C1659B,trichloroacetimidate,2003
367,31-010-CAS-5651856,val,1,0.9673048853874207,0.5299999999999999,1,1,COC(=O)[C@H]1OC(OC(=N)C(Cl)(Cl)Cl)[C@H](OCc2ccccc2)[C@@H](OCc2ccccc2)[C@@H]1O[C@H]1O[C@H](COC(=O)c2ccccc2)[C@@H](OCc2ccccc2)[C@H](OCc2ccccc2)[C@H]1NC=C1C(=O)N(C)C(=O)N(C)C1=O,COc1ccc(OC[C@H]2O[C@@H](O[Si](c3ccccc3)(c3ccccc3)C(C)(C)C)[C@H](N=[N+]=[N-])[C@@H](OC(=O)c3ccccc3)[C@@H]2O)cc1,chiral_gine,crossattn_tri,2,1B9E2AB6,trichloroacetimidate,2003
383,31-010-CAS-5251218,val,0,0.0022738371044397354,0.5299999999999999,0,1,C=CCO[C@@H]1[C@@H](OC(=N)C(Cl)(Cl)Cl)O[C@H](CO[C@H]2O[C@H](COCc3ccc(OC)cc3)[C@@H](OCc3ccc(OC)cc3)[C@H](OCc3ccc(OC)cc3)[C@@H]2O[C@H]2O[C@H](CO[Si](C)(C)C(C)(C)C)[C@@H](OCc3ccc(OC)cc3)[C@H](OCc3ccc(OC)cc3)[C@@H]2OCc2ccc(OC)cc2)[C@@H](OCc2ccc(OC)cc2)[C@@H]1OCc1ccc(OC)cc1,CCCCCCCCCCCCCCCCCC(=O)OC[C@@H](COP(=O)(OCCC#N)O[C@@H]1[C@H](OCc2ccc(OC)cc2)[C@H](OCc2ccc(OC)cc2)[C@@H](OCc2ccc(OC)cc2)[C@H](OCc2ccc(OC)cc2)[C@H]1O[C@H]1O[C@H](COCc2ccc(OC)cc2)[C@@H](O)[C@H](OCc2ccc(OC)cc2)[C@H]1N=[N+]=[N-])OC(=O)CCCCCCCCCCCCCCCCC,chiral_gine,crossattn_tri,2,4CDC171E,trichloroacetimidate,2011
389,31-010-CAS-4250253,val,1,0.9789568781852722,0.5299999999999999,1,1,COC(=O)[C@@]1(O[C@H]2[C@@H](OC(C)=O)[C@@H](COC(C)=O)OC(OC(=N)C(Cl)(Cl)Cl)[C@@H]2OC(C)=O)C[C@H](OC(C)=O)[C@@H](NC(C)=O)[C@H]([C@H](OC(C)=O)[C@@H](COC(C)=O)OC(C)=O)O1,[N-]=[N+]=NCCO[C@@H]1O[C@H](COC(=O)c2ccccc2)[C@@H](O[C@@H]2O[C@H](COC(=O)c3ccccc3)[C@H](OC(=O)c3ccccc3)[C@H](O[C@@H]3O[C@H](COCc4ccccc4)[C@@H](O)[C@H](OCc4ccccc4)[C@H]3NC(=O)C(Cl)(Cl)Cl)[C@H]2OC(=O)c2ccccc2)[C@H](OC(=O)c2ccccc2)[C@H]1OC(=O)c1ccccc1,chiral_gine,crossattn_tri,2,77810A38,trichloroacetimidate,2001
393,31-010-CAS-7845848,val,1,0.9625799655914307,0.5299999999999999,1,1,COC(=O)[C@@]1(O[C@H]2[C@@H](OC(=O)c3ccccc3)[C@@H](COC(=O)c3ccccc3)O[C@@H](OC(=N)C(Cl)(Cl)Cl)[C@@H]2OC(=O)c2ccccc2)C[C@H](OC(C)=O)[C@@H](NC(=O)COC(C)=O)[C@H]([C@H](OC(C)=O)[C@@H](COC(C)=O)OC(C)=O)O1,CCCCCCCCCCCC(=O)N[C@H]1[C@H](O[C@H]2[C@@H](OCc3ccccc3)[C@@H](COCc3ccccc3)O[C@@H](O[C@H]3[C@H](OCc4ccccc4)[C@@H](OCc4ccccc4)[C@H](OCC[Si](C)(C)C)O[C@@H]3COCc3ccccc3)[C@@H]2OCc2ccccc2)O[C@H](COCc2ccccc2)[C@@H](O)[C@@H]1OCc1ccccc1,chiral_gine,crossattn_tri,2,AA733DD4,trichloroacetimidate,2002
395,31-010-CAS-16587037,val,0,0.006149199791252613,0.5299999999999999,0,1,CC(=O)CCC(=O)O[C@@H]1[C@@H](OC(=N)C(Cl)(Cl)Cl)O[C@H](CO[C@H]2O[C@H](COCc3ccccc3)[C@@H](OCc3ccccc3)[C@H](OCc3ccccc3)[C@@H]2O[C@H]2O[C@H](CO[Si](C(C)C)(C(C)C)C(C)C)[C@@H](OCc3ccccc3)[C@H](OCc3ccccc3)[C@@H]2OCc2ccccc2)[C@@H](O[C@@H]2O[C@H](COCc3ccccc3)[C@H](O[C@H]3O[C@H](COCc4ccccc4)[C@@H](OCc4ccccc4)[C@H](OCc4ccccc4)[C@H]3OCc3ccccc3)[C@H](OCc3ccccc3)[C@H]2NC(C)=O)[C@@H]1OCc1ccccc1,C=CCO[C@@H]1[C@H](OCc2ccccc2)[C@H](OCc2ccccc2)[C@@H](OCc2ccccc2)[C@H](OCc2ccccc2)[C@H]1O[C@H]1O[C@H](COCc2ccccc2)[C@@H](O)[C@H](OCc2ccccc2)[C@H]1N=[N+]=[N-],chiral_gine,crossattn_tri,2,11D9B36B,trichloroacetimidate,2013
397,31-010-CAS-11660554,val,0,0.005570804700255394,0.5299999999999999,0,1,CC(=O)OC[C@H]1O[C@H](O[C@H]2[C@H](OCc3ccccc3)[C@@H](OC(=O)c3ccccc3)[C@@H](OC(=N)C(Cl)(Cl)Cl)O[C@H]2COC(=O)CCl)[C@H](N=[N+]=[N-])[C@@H](OCc2ccccc2)[C@@H]1OC(=O)OCC1c2ccccc2-c2ccccc21,COc1ccc(O[C@@H]2O[C@@H](COC(=O)CCl)[C@@H](O[C@H]3O[C@H](COC(C)=O)[C@@H](O)[C@H](OCc4ccccc4)[C@H]3N=[N+]=[N-])[C@H](OCc3ccccc3)[C@H]2OC(=O)c2ccccc2)cc1,chiral_gine,crossattn_tri,2,87926A7B,trichloroacetimidate,2012
410,31-010-CAS-3385661,val,0,0.0015809204196557403,0.5299999999999999,0,1,COC(=O)[C@@H]1O[C@H](OC(=N)C(Cl)(Cl)Cl)[C@H](OC(C)=O)[C@@H](OCc2ccccc2)[C@@H]1O[C@H]1O[C@H](COC(C)=O)[C@@H](O[Si](C)(C)C(C)(C)C)[C@H](OC(C)=O)[C@H]1N=[N+]=[N-],C=CCCCO[C@@H]1O[C@H](C(=O)OC)[C@@H](O[C@H]2O[C@H](COC(C)=O)[C@@H](O)[C@H](OCc3ccccc3)[C@H]2N=[N+]=[N-])[C@H](OCc2ccccc2)[C@H]1OC(=O)CCC(C)=O,chiral_gine,crossattn_tri,2,48972DA0,trichloroacetimidate,2002
425,31-010-CAS-790434,val,1,0.9696105718612671,0.5299999999999999,1,1,COC(=O)[C@H]1OC(OC(=N)C(Cl)(Cl)Cl)[C@H](OCc2ccccc2)[C@@H](OCc2ccccc2)[C@@H]1O[C@H]1O[C@H](COCc2ccc(OC)cc2)[C@@H](OCc2ccccc2)[C@H](OCc2ccccc2)[C@H]1N=[N+]=[N-],COc1ccc(COC[C@H]2O[C@@H](O[Si](c3ccccc3)(c3ccccc3)C(C)(C)C)[C@H](N=[N+]=[N-])[C@@H](OC(=O)c3ccccc3)[C@@H]2O)cc1,chiral_gine,crossattn_tri,2,CD99F1D9,trichloroacetimidate,2003
429,31-010-CAS-12041024,val,1,0.9688177108764648,0.5299999999999999,1,1,COC(=O)[C@H]1OC(OC(=N)C(Cl)(Cl)Cl)[C@H](OCc2ccccc2)[C@@H](OCc2ccccc2)[C@@H]1O[C@H]1O[C@H](COC(=O)c2ccccc2)[C@@H](OCc2ccccc2)[C@H](OCc2ccccc2)[C@H]1N=[N+]=[N-],COc1ccc(COC[C@H]2O[C@@H](O[Si](c3ccccc3)(c3ccccc3)C(C)(C)C)[C@H](N=[N+]=[N-])[C@@H](OCc3ccc(OC)cc3)[C@@H]2O)cc1,chiral_gine,crossattn_tri,2,3BBED5B0,trichloroacetimidate,2003
436,31-010-CAS-14174102,val,1,0.970583975315094,0.5299999999999999,1,1,COC(=O)[C@H]1OC(OC(=N)C(Cl)(Cl)Cl)[C@H](OCc2ccccc2)[C@@H](OCc2ccccc2)[C@@H]1O[C@H]1O[C@H](COC(=O)c2ccccc2)[C@@H](OCc2ccccc2)[C@H](OCc2ccccc2)[C@H]1N=[N+]=[N-],COc1ccc(CO[C@H]2[C@H](O)[C@@H](COc3ccc(OC)cc3)O[C@@H](O[Si](c3ccccc3)(c3ccccc3)C(C)(C)C)[C@@H]2N=[N+]=[N-])cc1,chiral_gine,crossattn_tri,2,0EBC6C6F,trichloroacetimidate,2003
442,31-010-CAS-3951292,val,0,0.002882870612666011,0.5299999999999999,0,1,CC(=O)CCC(=O)OC[C@@H]1OC(OC(=N)C(Cl)(Cl)Cl)[C@H](OC(=O)c2ccccc2)[C@@H](OCc2ccccc2)[C@@H]1O[C@H]1O[C@H](COC(=O)c2ccccc2)[C@@H](OCc2ccc3ccccc3c2)[C@H](OCc2ccccc2)[C@H]1N=[N+]=[N-],CO[C@H]1O[C@H](COC(=O)c2ccccc2)[C@@H](O[C@@H]2O[C@@H](COC(=O)CCC(C)=O)[C@@H](O[C@H]3O[C@H](COC(=O)c4ccccc4)[C@@H](O[C@@H]4O[C@@H](COC(=O)CCC(C)=O)[C@@H](O[C@H]5O[C@H](COC(=O)c6ccccc6)[C@@H](O)[C@H](OCc6ccccc6)[C@H]5N=[N+]=[N-])[C@H](OCc5ccccc5)[C@H]4OC(=O)c4ccccc4)[C@H](OCc4ccccc4)[C@H]3N=[N+]=[N-])[C@H](OCc3ccccc3)[C@H]2OC(=O)c2ccccc2)[C@H](OCc2ccccc2)[C@H]1N=[N+]=[N-],chiral_gine,crossattn_tri,2,E884CA66,trichloroacetimidate,2012
451,31-010-CAS-4674303,val,0,0.003040308365598321,0.5299999999999999,0,1,CC(=O)OC[C@H]1O[C@H](O[C@@H]2[C@@H](OC[C@H]3O[C@H](OC(=N)C(Cl)(Cl)Cl)[C@@H](OCc4ccccc4)[C@@H](OCc4ccccc4)[C@@H]3OCc3ccccc3)O[C@H](COCc3ccccc3)[C@@H](OCc3ccccc3)[C@@H]2OCc2ccccc2)[C@@H](O[C@H]2O[C@H](COCc3ccccc3)[C@@H](OCc3ccccc3)[C@H](OCc3ccccc3)[C@@H]2OCc2ccccc2)[C@@H](OCc2ccccc2)[C@@H]1OC(C)=O,COc1ccc(CO[C@@H]2[C@H](OCc3ccccc3)[C@H](OCc3ccccc3)[C@@H](OCc3ccccc3)[C@H](OCc3ccccc3)[C@H]2O[C@H]2O[C@H](COCc3ccccc3)[C@@H](O)[C@H](OCc3ccccc3)[C@H]2N=[N+]=[N-])cc1,chiral_gine,crossattn_tri,2,AB8C1078,trichloroacetimidate,2005
458,31-010-CAS-1782285,val,1,0.962815523147583,0.5299999999999999,1,1,COC(=O)[C@H]1OC(OC(=N)C(Cl)(Cl)Cl)[C@H](OCc2ccccc2)[C@@H](OCc2ccccc2)[C@@H]1O[C@H]1O[C@H](COC(=O)c2ccccc2)[C@@H](OCc2ccccc2)[C@H](OCc2ccccc2)[C@H]1N=[N+]=[N-],COc1ccc(OC[C@H]2O[C@@H](O[Si](c3ccccc3)(c3ccccc3)C(C)(C)C)[C@@H]3NC(=O)O[C@H]3[C@@H]2O)cc1,chiral_gine,crossattn_tri,2,5F957D49,trichloroacetimidate,2003
462,31-010-CAS-6763521,val,0,0.005402649752795696,0.5299999999999999,0,1,COC(=O)[C@@H]1OC(OC(=N)C(Cl)(Cl)Cl)[C@H](OC(=O)C(C)(C)C)[C@@H](OCc2ccccc2)[C@@H]1O[C@H]1O[C@@H]2CO[C@@H](c3ccccc3)O[C@H]2[C@H](OCc2ccccc2)[C@H]1N=[N+]=[N-],COC(=O)[C@@H]1O[C@@H](OC(C)C)[C@H](OC(=O)C(C)(C)C)[C@@H](OCc2ccccc2)[C@@H]1O[C@H]1O[C@H](COC(=O)c2ccccc2)[C@@H](O[C@@H]2O[C@@H](C(=O)OC)[C@@H](O[C@H]3O[C@H](COC(=O)c4ccccc4)[C@@H](O)[C@H](OCc4ccccc4)[C@H]3N=[N+]=[N-])[C@H](OCc3ccccc3)[C@H]2OC(=O)C(C)(C)C)[C@H](OCc2ccccc2)[C@H]1N=[N+]=[N-],chiral_gine,crossattn_tri,2,04524DD8,trichloroacetimidate,2001
466,31-010-CAS-8542794,val,0,0.0010011080885306,0.5299999999999999,0,1,COC(=O)[C@@H]1O[C@@H](OC(=N)C(Cl)(Cl)Cl)[C@H](OC(C)=O)[C@@H](OCc2ccccc2)[C@@H]1O[C@H]1O[C@H](COC(C)=O)[C@@H](OCc2ccccc2)[C@H](OCc2ccccc2)[C@H]1N=[N+]=[N-],C=CCO[C@@H]1O[C@@H](C(=O)OC)[C@@H](O[C@H]2O[C@H](COC(C)=O)[C@@H](O)[C@H](OCc3ccccc3)[C@H]2N=[N+]=[N-])[C@H](OCc2ccccc2)[C@H]1OC(C)=O,chiral_gine,crossattn_tri,2,3C87F8A5,trichloroacetimidate,2001
467,31-010-CAS-2634829,val,0,0.0007351817330345511,0.5299999999999999,0,1,COC(=O)[C@@H]1OC(OC(=N)C(Cl)(Cl)Cl)[C@H](OC(C)=O)[C@@H](OCc2ccccc2)[C@@H]1O[C@H]1O[C@@H]2CO[C@@H](c3ccccc3)O[C@H]2[C@H](OCc2ccccc2)[C@H]1NC(C)=O,COC(=O)[C@@H]1O[C@@H](OC(C)C)[C@H](OC(=O)C(C)(C)C)[C@@H](OCc2ccccc2)[C@@H]1O[C@H]1O[C@H](COCc2ccccc2)[C@@H](O)[C@H](OCc2ccccc2)[C@H]1N=[N+]=[N-],chiral_gine,crossattn_tri,2,B162EA32,trichloroacetimidate,2002
469,31-010-CAS-10298862,val,1,0.6423824429512024,0.5299999999999999,1,1,CC(=O)CCC(=O)O[C@H]1[C@@H](OC(=N)C(Cl)(Cl)Cl)O[C@H](C(=O)OCc2ccccc2)[C@@H](O[C@H]2O[C@H](COC(C)=O)[C@@H](OCc3ccccc3)[C@H](OCc3ccccc3)[C@H]2N=[N+]=[N-])[C@@H]1OCc1ccccc1,CC(=O)O[C@H]1[C@H](O)[C@H]2CO[C@H](O2)[C@@H]1N=[N+]=[N-],chiral_gine,crossattn_tri,2,E1DCA80B,trichloroacetimidate,2011
472,31-010-CAS-8875655,val,0,0.10290361940860748,0.5299999999999999,0,1,COC(=O)[C@@H]1OC(OC(=N)C(Cl)(Cl)Cl)[C@H](OC(C)=O)[C@@H](OCc2ccccc2)[C@@H]1O[C@H]1O[C@H](COC(C)=O)[C@@H](OCc2ccc(OC)cc2)[C@H](OCc2ccccc2)[C@H]1N=[N+]=[N-],COC(=O)[C@@H]1O[C@@H](OC(C)=O)[C@H](OC(C)=O)[C@@H](OCc2ccccc2)[C@@H]1O[C@H]1O[C@H](COC(C)=O)[C@@H](O)[C@H](OCc2ccccc2)[C@H]1N=[N+]=[N-],chiral_gine,crossattn_tri,2,8050EDCB,trichloroacetimidate,2006
476,31-010-CAS-1169851,val,1,0.0023106622975319624,0.5299999999999999,0,0,N=C(OC1O[C@H](COC(=O)c2ccccc2)[C@@H](O[C@@H]2O[C@H](COC(=O)c3ccccc3)[C@H](OC(=O)c3ccccc3)[C@H](OC(=O)c3ccccc3)[C@H]2OC(=O)c2ccccc2)[C@H](OC(=O)c2ccccc2)[C@H]1OC(=O)c1ccccc1)C(Cl)(Cl)Cl,CC(=O)CCC(=O)O[C@H]1[C@H](O)[C@@H](COC(=O)Cc2ccccc2[N+](=O)[O-])O[C@@H](O[C@H]2CC[C@]3(C)[C@H]4CC=C5[C@@H]6CC(C)(C)CC[C@]6(C(=O)OCc6ccccc6)CC[C@@]5(C)[C@]4(C)CC[C@H]3C2(C)C)[C@@H]1NC(=O)OCC(Cl)(Cl)Cl,chiral_gine,crossattn_tri,2,DF33FE3F,trichloroacetimidate,2014
487,31-010-CAS-16634881,val,1,0.975911557674408,0.5299999999999999,1,1,CCOC(=O)[C@@H](C)O[C@@H]1[C@@H](NC(=O)OCC(Cl)(Cl)Cl)[C@H](O[C@H]2[C@H](OCc3ccccc3)[C@@H](NC(=O)OCC(Cl)(Cl)Cl)C(OC(=N)C(Cl)(Cl)Cl)O[C@@H]2COCc2ccccc2)O[C@@H]2CO[C@@H](c3ccccc3)O[C@@H]12,C=CCO[C@H]1O[C@H](COCc2ccccc2)[C@@H](O[C@@H]2O[C@H](COCc3ccccc3)[C@@H](O)[C@H](O[C@H](C)C(=O)OCC)[C@H]2NC(=O)OCC(Cl)(Cl)Cl)[C@H](OCc2ccccc2)[C@H]1NC(=O)OCC(Cl)(Cl)Cl,chiral_gine,crossattn_tri,2,009E4DEB,trichloroacetimidate,2013
500,31-010-CAS-7245483,val,0,0.42949050664901733,0.5299999999999999,0,1,C=CCO[C@H]1[C@H](OCc2ccccc2)[C@@H](OC(C)=O)[C@H](O[C@H]2[C@H](OCc3ccccc3)[C@@H](N(C(C)=O)C(C)=O)[C@@H](O[C@H]3[C@H](OCc4ccccc4)[C@@H](OC(C)=O)C(OC(=N)C(Cl)(Cl)Cl)O[C@H]3C(=O)OC)O[C@@H]2COCc2ccccc2)O[C@H]1C(=O)OC,CC(C)(C)[Si](C)(C)O[C@@H]1O[C@H](COCc2ccccc2)[C@@H](O)[C@H](OCc2ccccc2)[C@H]1N=[N+]=[N-],chiral_gine,crossattn_tri,2,0347E534,trichloroacetimidate,2004
504,31-010-CAS-10204303,val,1,0.9702033400535583,0.5299999999999999,1,1,CC(=O)OC[C@H]1O[C@H](OC[C@H]2O[C@@H](O[C@H]3[C@H](OC(C)=O)[C@@H](N4C(=O)c5ccccc5C4=O)[C@H](OC(=N)C(Cl)(Cl)Cl)O[C@@H]3COC(C)=O)[C@@H](OC(C)=O)[C@@H](O[C@H]3O[C@H](COC(C)=O)[C@@H](OC(C)=O)[C@H](OC(C)=O)[C@@H]3O[C@@H]3O[C@H](COC(C)=O)[C@@H](OC(C)=O)[C@H](OC(C)=O)[C@H]3N3C(=O)c4ccccc4C3=O)[C@@H]2OC(C)=O)[C@@H](OC(C)=O)[C@@H](OC(C)=O)[C@@H]1OC(C)=O,COc1ccc(CO[C@H]2[C@H](O)[C@@H](CO[C@@H]3O[C@@H](C)[C@@H](OC(C)=O)[C@@H](OC(C)=O)[C@@H]3OCc3ccccc3)O[C@@H](OCc3ccccc3)[C@@H]2N2C(=O)c3ccccc3C2=O)cc1,chiral_gine,crossattn_tri,2,8E82682F,trichloroacetimidate,2007
507,31-010-CAS-166934,val,1,0.9677230715751648,0.5299999999999999,1,1,CC1=C(C)C(=O)N([C@H]2[C@H](OC(=N)C(Cl)(Cl)Cl)O[C@H](COCc3ccccc3)[C@@H](O[C@@H]3O[C@@H]4CO[C@@H](c5ccccc5)O[C@H]4[C@H](OC(=O)c4ccccc4)[C@@H]3OC(=O)c3ccccc3)[C@@H]2OCc2ccccc2)C1=O,CC1=C(C)C(=O)N([C@@H]2[C@@H](OCc3ccccc3)[C@H](O)[C@@H](COCc3ccccc3)O[C@H]2N=[N+]=[N-])C1=O,chiral_gine,crossattn_tri,2,1238D440,trichloroacetimidate,2000
517,31-010-CAS-11403430,val,0,0.3714672029018402,0.5299999999999999,0,1,COC(=O)[C@@H]1OC(OC(=N)C(Cl)(Cl)Cl)[C@H](OC(=O)c2ccccc2)[C@@H](OCc2ccccc2)[C@@H]1O[C@H]1O[C@@H]2CO[C@@H](c3ccccc3)O[C@H]2[C@H](OCc2ccccc2)[C@H]1N=[N+]=[N-],COC(=O)[C@@H]1O[C@@H](OC(C)C)[C@H](OC(=O)c2ccccc2)[C@@H](OCc2ccccc2)[C@@H]1O[C@H]1O[C@H](COCc2ccc(OC)cc2)[C@@H](O)[C@H](OCc2ccccc2)[C@H]1N=[N+]=[N-],chiral_gine,crossattn_tri,2,38E1BAF5,trichloroacetimidate,2003
518,31-010-CAS-14831299,val,0,0.03451654687523842,0.5299999999999999,0,1,CC(=O)O[C@@H]1[C@@H](O[C@@H]2[C@@H](O[C@@H]3[C@@H](OC[C@H]4O[C@H](OC(=N)C(Cl)(Cl)Cl)[C@@H](OC(=O)c5ccccc5)[C@@H](OCc5ccccc5)[C@@H]4OCc4ccccc4)O[C@H](COCc4ccccc4)[C@@H](OCc4ccccc4)[C@@H]3OCc3ccccc3)O[C@H](CO[Si](C(C)C)(C(C)C)C(C)C)[C@@H](OCc3ccccc3)[C@@H]2OCc2ccccc2)O[C@H](COCc2ccccc2)[C@@H](OCc2ccccc2)[C@@H]1OCc1ccccc1,C=CCO[C@@H]1[C@H](OCc2ccccc2)[C@H](OCc2ccccc2)[C@@H](OCc2ccccc2)[C@H](OCc2ccccc2)[C@H]1O[C@H]1O[C@H](COCc2ccccc2)[C@@H](O)[C@H](OCc2ccccc2)[C@H]1N=[N+]=[N-],chiral_gine,crossattn_tri,2,D72D036A,trichloroacetimidate,2004
525,31-010-CAS-1357773,val,0,0.0032973880879580975,0.5299999999999999,0,1,CC(=O)OC[C@H]1O[C@H](O[C@H]2[C@H](OCc3ccccc3)[C@@H](OC(=O)c3ccccc3)C(OC(=N)C(Cl)(Cl)Cl)O[C@H]2COC(=O)CCl)[C@H](N=[N+]=[N-])[C@@H](OCc2ccccc2)[C@@H]1OCc1ccccc1,COc1ccc(O[C@@H]2O[C@H](COC(=O)CCl)[C@@H](O[C@H]3O[C@H](COC(C)=O)[C@@H](O[C@@H]4O[C@@H](COC(=O)CCl)[C@@H](O[C@H]5O[C@H](COC(C)=O)[C@@H](O[C@@H]6O[C@H](COC(=O)CCl)[C@@H](O[C@H]7O[C@H](COC(C)=O)[C@@H](O)[C@H](OCc8ccccc8)[C@H]7N=[N+]=[N-])[C@H](OCc7ccccc7)[C@H]6OC(=O)c6ccccc6)[C@H](OCc6ccccc6)[C@H]5N=[N+]=[N-])[C@H](OCc5ccccc5)[C@H]4OC(=O)c4ccccc4)[C@H](OCc4ccccc4)[C@H]3N=[N+]=[N-])[C@H](OCc3ccccc3)[C@H]2OC(=O)c2ccccc2)cc1,chiral_gine,crossattn_tri,2,828C3686,trichloroacetimidate,2013
529,31-010-CAS-13010376,val,0,0.00400502048432827,0.5299999999999999,0,1,CC(=O)OC[C@H]1O[C@H](O[C@H]2[C@H](OCc3ccccc3)[C@@H](OC(=O)c3ccccc3)C(OC(=N)C(Cl)(Cl)Cl)O[C@H]2COC(=O)CCl)[C@H](N=[N+]=[N-])[C@@H](OCc2ccccc2)[C@@H]1OC(=O)OCC1c2ccccc2-c2ccccc21,COc1ccc(O[C@@H]2O[C@@H](COC(=O)CCl)[C@@H](O[C@H]3O[C@H](COC(C)=O)[C@@H](O)[C@H](OCc4ccccc4)[C@H]3N=[N+]=[N-])[C@H](OCc3ccccc3)[C@H]2OC(=O)c2ccccc2)cc1,chiral_gine,crossattn_tri,2,0AD190A1,trichloroacetimidate,2013
537,31-010-CAS-10214693,val,0,0.004004625603556633,0.5299999999999999,0,1,CC(=O)OC[C@H]1O[C@H](O[C@H]2[C@H](OCc3ccccc3)[C@@H](OC(=O)c3ccccc3)C(OC(=N)C(Cl)(Cl)Cl)O[C@H]2COC(=O)CCl)[C@H](N=[N+]=[N-])[C@@H](OCc2ccccc2)[C@@H]1OC(=O)OCC1c2ccccc2-c2ccccc21,COc1ccc(O[C@@H]2O[C@H](COC(=O)CCl)[C@@H](O[C@H]3O[C@H](COC(C)=O)[C@@H](O)[C@H](OCc4ccccc4)[C@H]3N=[N+]=[N-])[C@H](OCc3ccccc3)[C@H]2OC(=O)c2ccccc2)cc1,chiral_gine,crossattn_tri,2,5C5797F3,trichloroacetimidate,2013
539,31-010-CAS-15140208,val,1,0.9801914691925049,0.5299999999999999,1,1,CC(=O)OC[C@H]1O[C@H](O[C@H]2[C@H](OCc3ccccc3)[C@@H](OC(=O)c3ccccc3)C(OC(=N)C(Cl)(Cl)Cl)O[C@@H]2COC(=O)CCl)[C@H](N=[N+]=[N-])[C@@H](OCc2ccccc2)[C@@H]1OC(=O)OCC1c2ccccc2-c2ccccc21,COc1ccc(O[C@@H]2O[C@H](COC(=O)CCl)[C@@H](O[C@H]3O[C@H](COC(C)=O)[C@@H](O)[C@H](OCc4ccccc4)[C@H]3N=[N+]=[N-])[C@H](OCc3ccccc3)[C@H]2OC(=O)c2ccccc2)cc1,chiral_gine,crossattn_tri,2,72E833F7,trichloroacetimidate,2013
541,31-010-CAS-7244022,val,0,0.7135874032974243,0.5299999999999999,1,0,COC(=O)[C@@H]1OC(OC(=N)C(Cl)(Cl)Cl)[C@H](OC(=O)C(C)(C)C)[C@@H](OCc2ccccc2)[C@@H]1O[C@H]1O[C@@H]2CO[C@@H](c3ccccc3)O[C@H]2[C@H](OCc2ccccc2)[C@H]1N=[N+]=[N-],CC(=O)N[C@H]1[C@@H](OC(C)C)O[C@H](COC(=O)c2ccccc2)[C@@H](O)[C@@H]1OCc1ccccc1,chiral_gine,crossattn_tri,2,B0247010,trichloroacetimidate,2005
547,31-010-CAS-7632976,val,1,0.9774695038795471,0.5299999999999999,1,1,COC(=O)[C@@]1(O[C@H]2[C@@H](OC(C)=O)[C@@H](COC(C)=O)O[C@@H](OC(=N)C(Cl)(Cl)Cl)[C@@H]2OC(C)=O)C[C@H](OC(C)=O)[C@@H](N(C(C)=O)C(C)=O)[C@H]([C@H](OC(C)=O)[C@@H](COC(C)=O)OC(C)=O)O1,CC(=O)O[C@H]1[C@H](OCc2ccccc2)[C@H](O[C@H]2[C@H](O)[C@@H](COCc3ccccc3)O[C@@H](Sc3ccccc3)[C@@H]2NC(=O)OCC(Cl)(Cl)Cl)O[C@@H](C)[C@H]1OC(C)=O,chiral_gine,crossattn_tri,2,E3F21C5C,trichloroacetimidate,2009
552,31-010-CAS-8134904,val,0,0.003363858675584197,0.5299999999999999,0,1,CC(=O)OC[C@H]1O[C@H](O[C@H]2[C@H](OCc3ccccc3)[C@@H](OC(=O)c3ccccc3)C(OC(=N)C(Cl)(Cl)Cl)O[C@H]2COC(=O)CCl)[C@H](N=[N+]=[N-])[C@@H](OCc2ccccc2)[C@@H]1OCc1ccccc1,COc1ccc(O[C@@H]2O[C@@H](COC(=O)CCl)[C@@H](O[C@H]3O[C@H](COC(C)=O)[C@@H](O[C@@H]4O[C@@H](COC(=O)CCl)[C@@H](O[C@H]5O[C@H](COC(C)=O)[C@@H](O)[C@H](OCc6ccccc6)[C@H]5N=[N+]=[N-])[C@H](OCc5ccccc5)[C@H]4OC(=O)c4ccccc4)[C@H](OCc4ccccc4)[C@H]3N=[N+]=[N-])[C@H](OCc3ccccc3)[C@H]2OC(=O)c2ccccc2)cc1,chiral_gine,crossattn_tri,2,85F27C11,trichloroacetimidate,2013
557,31-010-CAS-4898944,val,1,0.9798083901405334,0.5299999999999999,1,1,COC(=O)[C@@]1(O[C@H]2[C@@H](OC(=O)c3ccccc3)[C@@H](COC(=O)c3ccccc3)O[C@@H](OC(=N)C(Cl)(Cl)Cl)[C@@H]2OC(=O)c2ccccc2)C[C@H](OC(C)=O)[C@@H](NC(C)=O)[C@H]([C@H](OC(C)=O)[C@@H](COC(C)=O)OC(C)=O)O1,COc1ccc(CO[C@H]2[C@H](O)[C@@H](COCc3ccccc3)O[C@@H](OC[C@H]3O[C@H](O[C@H]4[C@@H](OCc5ccccc5)[C@@H](COCc5ccccc5)O[C@@H](O[C@H]5[C@H](OCc6ccccc6)[C@@H](OCc6ccccc6)[C@H](OCC[Si](C)(C)C)O[C@@H]5COCc5ccccc5)[C@@H]4OCc4ccccc4)[C@H](NC(C)=O)[C@H]4OC(C)(C)O[C@H]43)[C@@H]2NC(C)=O)cc1,chiral_gine,crossattn_tri,2,349C4159,trichloroacetimidate,2005
561,31-010-CAS-2299030,val,0,0.3279045522212982,0.5299999999999999,0,1,CC(=O)O[C@@H]1C(OC(=Nc2ccccc2)C(F)(F)F)O[C@H](C)[C@@H](N=[N+]=[N-])[C@@H]1OCc1ccccc1,CCS[C@H]1O[C@H](C)[C@@H](N=[N+]=[N-])[C@H](OCc2ccccc2)[C@@H]1O,chiral_gine,crossattn_tri,2,96C170F9,trifluoroacetimidate,2013
565,31-010-CAS-5089795,val,0,0.0038641144055873156,0.5299999999999999,0,1,O=C(OC[C@H]1OC(OC(=Nc2ccccc2)C(F)(F)F)[C@H](OCc2ccccc2)[C@@H](OCc2ccccc2)[C@@H]1OCc1ccccc1)c1ccccc1,CO[C@H]1O[C@H](COCc2ccccc2)[C@H](O)[C@H](OC(C)=O)[C@H]1N=[N+]=[N-],chiral_gine,crossattn_tri,2,DF6C8006,trifluoroacetimidate,2006
567,31-013-CAS-13390852,val,0,0.08447641879320145,0.5299999999999999,0,1,CC(=O)OC[C@H]1O[C@@H](OC(=Nc2ccccc2)C(F)(F)F)[C@H](N=[N+]=[N-])[C@@H](OCc2ccccc2)[C@H]1OCc1ccccc1,CC(=O)OC[C@H]1O[C@@H](O[Si](C)(C)C(C)(C)C(C)C)[C@H](N=[N+]=[N-])[C@@H](OCc2ccccc2)[C@H]1O,chiral_gine,crossattn_tri,2,F7BD2978,trifluoroacetimidate,2015
579,31-010-CAS-4236424,val,0,0.07241089642047882,0.5299999999999999,0,1,O=C(OCC1c2ccccc2-c2ccccc21)OC[C@H]1O[C@H](OC(=Nc2ccccc2)C(F)(F)F)[C@H](OCc2ccccc2)[C@@H](OCc2ccccc2)[C@@H]1OCc1ccccc1,COC(=O)[C@H]1O[C@@H](Sc2ccccc2)[C@@H](N=[N+]=[N-])[C@@H](OCc2ccccc2)[C@@H]1O,chiral_gine,crossattn_tri,2,C716DAC3,trifluoroacetimidate,2010
608,31-013-CAS-9679278,val,1,0.9843721985816956,0.5299999999999999,1,1,O=C(N[C@H]1C(OC(=Nc2ccccc2)C(F)(F)F)O[C@H](COCc2ccccc2)[C@@H](O[C@@H]2O[C@@H]3CO[C@@H](c4ccccc4)O[C@H]3[C@H](OCc3ccc4ccccc4c3)[C@@H]2OCc2ccccc2)[C@@H]1OCc1ccccc1)OCC(Cl)(Cl)Cl,O=C(N[C@H]1[C@H](OCc2ccccc2)O[C@H](COCc2ccccc2)[C@@H](O)[C@@H]1OCc1ccccc1)OCC(Cl)(Cl)Cl,chiral_gine,crossattn_tri,2,A8E8D47B,trifluoroacetimidate,2013
610,31-010-CAS-16753631,val,1,0.8389184474945068,0.5299999999999999,1,1,O=C(N[C@H]1C(OC(=Nc2ccccc2)C(F)(F)F)O[C@H](COCc2ccccc2)[C@@H](OC(=O)OCC2c3ccccc3-c3ccccc32)[C@@H]1OCc1ccccc1)OCC(Cl)(Cl)Cl,C=CCO[C@H]1O[C@H](COCc2ccccc2)[C@@H](O)[C@H](O[C@H](C)C(=O)OCC)[C@H]1NC(=O)OCC(Cl)(Cl)Cl,chiral_gine,crossattn_tri,2,6FF22CD0,trifluoroacetimidate,2014
617,31-010-CAS-16604921,val,1,0.976129412651062,0.5299999999999999,1,1,CCOC(=O)[C@@H](C)O[C@H]1[C@H](O[C@@H]2O[C@H](COCc3ccccc3)[C@@H](OC(=O)OCC3c4ccccc4-c4ccccc43)[C@H](OCc3ccccc3)[C@H]2NC(=O)OCC(Cl)(Cl)Cl)[C@@H](COCc2ccccc2)OC(OC(=Nc2ccccc2)C(F)(F)F)[C@@H]1NC(=O)OCC(Cl)(Cl)Cl,C=CCO[C@H]1O[C@H](COCc2ccccc2)[C@@H](O[C@@H]2O[C@H](COCc3ccccc3)[C@@H](O)[C@H](OCc3ccccc3)[C@H]2NC(=O)OCC(Cl)(Cl)Cl)[C@H](O[C@H](C)C(=O)OCC)[C@H]1NC(=O)OCC(Cl)(Cl)Cl,chiral_gine,crossattn_tri,2,113F4A1D,trifluoroacetimidate,2017
631,31-010-CAS-5298712,val,1,0.9789676070213318,0.5299999999999999,1,1,COC(=O)[C@@]1(O[C@H]2[C@@H](OC(C)=O)[C@@H](COC(C)=O)O[C@@H](OC(=Nc3ccccc3)C(F)(F)F)[C@@H]2OC(=O)c2ccccc2)C[C@H](OC(C)=O)[C@@H](NC(=O)OCC(Cl)(Cl)Cl)[C@H]([C@H](OC(C)=O)[C@@H](COC(C)=O)OC(C)=O)O1,C=CCOC(=O)NCCCCCCO[C@@H]1O[C@H](COCc2ccccc2)[C@@H](O[C@@H]2O[C@H](COCc3ccccc3)[C@H](OCc3ccccc3)[C@H](O[C@@H]3O[C@H](COCc4ccccc4)[C@@H](O)[C@H](OC(=O)CCC(C)=O)[C@H]3NC(=O)C(Cl)(Cl)Cl)[C@H]2OC(=O)c2ccccc2)[C@H](OC(=O)c2ccccc2)[C@H]1OC(=O)c1ccccc1,chiral_gine,crossattn_tri,2,A92D031B,trifluoroacetimidate,2007
652,31-013-CAS-13511159,val,0,0.005199199542403221,0.5299999999999999,0,1,CC(=O)O[C@H]1[C@H](OCc2ccccc2)[C@@H](N=[N+]=[N-])[C@H](Sc2ccccc2)O[C@@H]1CN1C(=O)c2ccccc2C1=O,CO[C@H]1O[C@H](CN=[N+]=[N-])[C@@H](O)[C@H](OCc2ccccc2)[C@H]1N=[N+]=[N-],chiral_gine,crossattn_tri,2,73EF430C,thioglycoside,2011
674,31-013-CAS-5148511,val,0,0.8052765727043152,0.5299999999999999,1,0,CCS[C@@H]1O[C@H](COC(=O)c2ccccc2)[C@@H](OCc2ccccc2)[C@H](OCc2ccccc2)[C@H]1OCc1ccccc1,CO[C@H]1O[C@H](COCc2ccccc2)[C@H](O)[C@H](OC(C)=O)[C@H]1N=[N+]=[N-],chiral_gine,crossattn_tri,2,676A1740,thioglycoside,2006
685,31-013-CAS-6042780,val,0,0.004012171644717455,0.5299999999999999,0,1,CCS[C@H]1O[C@H](C)[C@@H](N=[N+]=[N-])[C@H](OCc2ccccc2)[C@@H]1O[C@H]1O[C@H](C)[C@@H](N=[N+]=[N-])[C@H](OCc2ccccc2)[C@@H]1O[C@H]1O[C@H](C)[C@@H](N=[N+]=[N-])[C@H](OCc2ccccc2)[C@@H]1O[C@H]1O[C@H](C)[C@@H](N=[N+]=[N-])[C@H](OCc2ccccc2)[C@@H]1OC,COC(=O)CCCCCO[C@H]1O[C@H](C)[C@@H](N=[N+]=[N-])[C@H](OCc2ccccc2)[C@@H]1O[C@H]1O[C@H](C)[C@@H](N=[N+]=[N-])[C@H](OCc2ccccc2)[C@@H]1O,chiral_gine,crossattn_tri,2,1FC274FC,thioglycoside,2005
687,31-013-CAS-16760997,val,1,0.5466838479042053,0.5299999999999999,1,1,CCS[C@@H]1O[C@@H]2CO[C@@H](c3ccccc3)O[C@H]2[C@H](OCc2ccccc2)[C@H]1OC(=O)c1ccccc1,CO[C@H]1O[C@H](COCc2ccccc2)[C@@H](O)[C@H](OCc2ccccc2)[C@H]1N=[N+]=[N-],chiral_gine,crossattn_tri,2,C4656B38,thioglycoside,2017
688,31-013-CAS-308870,val,0,0.016430703923106194,0.5299999999999999,0,1,COc1ccc(S[C@H]2O[C@@H]3CO[C@@H](c4ccccc4)O[C@H]3[C@H](OCc3ccccc3)[C@@H]2N=[N+]=[N-])cc1,CC(C)(C)[Si](C)(C)O[C@@H]1O[C@H](COCc2ccccc2)[C@@H](O)[C@H](OCc2ccccc2)[C@H]1N=[N+]=[N-],chiral_gine,crossattn_tri,2,094C5AFE,thioglycoside,2005
725,31-013-CAS-10003094,val,1,0.7999021410942078,0.5299999999999999,1,1,Cc1ccc(S[C@@H]2O[C@H](CO[Si](c3ccccc3)(c3ccccc3)C(C)(C)C)[C@@H](OC(=O)c3ccccc3)[C@H](OC(=O)c3ccccc3)[C@H]2OC(=O)c2ccccc2)cc1,CO[C@H]1O[C@H](COCc2ccccc2)[C@@H](O)[C@H](OCc2ccccc2)[C@H]1N=[N+]=[N-],chiral_gine,crossattn_tri,2,FFB699CC,thioglycoside,2014
730,31-013-CAS-14593441,val,1,0.9798679351806641,0.5299999999999999,1,1,COc1ccc(CO[C@@H]2[C@H](OCc3ccccc3)[C@@H](Sc3ccccc3)O[C@@H]3CO[C@@H](c4ccccc4)O[C@@H]23)cc1,C=CCCCO[C@@H]1O[C@H](COCc2ccccc2)[C@@H](O)[C@H](OCc2ccccc2)[C@H]1N=[N+]=[N-],chiral_gine,crossattn_tri,2,1A9EA91F,thioglycoside,2003
736,31-013-CAS-11935268,val,0,0.01441639568656683,0.5299999999999999,0,1,CC(C)(C)OC(=O)[C@@H]1O[C@@H](Sc2ccccc2)[C@H](OC(=O)c2ccccc2)[C@@H](OCc2ccccc2)[C@@H]1OCc1ccccc1,COc1ccc(OC[C@H]2O[C@H](O[C@H]3[C@H](OCc4ccccc4)[C@@H](OC(=O)c4ccccc4)[C@H](OC)O[C@H]3C(=O)OC(C)(C)C)[C@H](N=[N+]=[N-])[C@@H](OCc3ccccc3)[C@@H]2O)cc1,chiral_gine,crossattn_tri,2,904D40F4,thioglycoside,2008
754,31-013-CAS-12781994,val,0,0.0003595547459553927,0.5299999999999999,0,1,CCSC1O[C@H]2COC(C)(C)O[C@H]2[C@H](OCc2ccccc2)[C@H]1OC(=O)c1ccccc1,C#CCCCO[C@H]1O[C@H](COC(C)=O)[C@@H](O)[C@H](OCc2ccccc2)[C@H]1N=[N+]=[N-],chiral_gine,crossattn_tri,2,67287CA0,thioglycoside,2014
759,31-013-CAS-15304342,val,0,0.0066416566260159016,0.5299999999999999,0,1,CCSC1O[C@H]2CO[C@@H](c3ccccc3)O[C@H]2[C@H](OCc2ccccc2)[C@H]1OC(C)=O,CC(=O)OC[C@H]1O[C@@H](O[Si](C)(C)C(C)(C)C(C)C)[C@H](N=[N+]=[N-])[C@@H](OCc2ccccc2)[C@@H]1O,chiral_gine,crossattn_tri,2,C17E17A8,thioglycoside,2012
768,31-013-CAS-21359760,val,0,0.0038630664348602295,0.5299999999999999,0,1,COC(=O)[C@H]1O[C@@H](O[C@H]2[C@H](OCc3ccc(OC)cc3)[C@@H](N=[N+]=[N-])[C@@H](O[C@H]3[C@H](OCc4ccccc4)[C@@H](OC(=O)c4ccccc4)[C@@H](Sc4ccc(C)cc4)O[C@H]3C(=O)OC)O[C@@H]2COC(=O)c2ccccc2)[C@H](OCc2ccccc2)[C@@H](OCc2ccccc2)[C@@H]1O[C@H]1O[C@H](COC(=O)c2ccccc2)[C@@H](OCc2ccccc2)[C@H](OCc2ccccc2)[C@H]1N=[N+]=[N-],CO[C@H]1O[C@H](COC(=O)c2ccccc2)[C@@H](O)[C@H](OCc2ccccc2)[C@H]1N=[N+]=[N-],chiral_gine,crossattn_tri,2,042705AC,thioglycoside,2015
769,31-013-CAS-14625814,val,0,0.0038630664348602295,0.5299999999999999,0,1,COC(=O)[C@H]1O[C@@H](O[C@H]2[C@H](OCc3ccc(OC)cc3)[C@@H](N=[N+]=[N-])[C@@H](O[C@H]3[C@H](OCc4ccccc4)[C@@H](OC(=O)c4ccccc4)[C@@H](Sc4ccc(C)cc4)O[C@H]3C(=O)OC)O[C@@H]2COC(=O)c2ccccc2)[C@H](OCc2ccccc2)[C@@H](OCc2ccccc2)[C@@H]1O[C@H]1O[C@H](COC(=O)c2ccccc2)[C@@H](OCc2ccccc2)[C@H](OCc2ccccc2)[C@H]1N=[N+]=[N-],CO[C@H]1O[C@H](COC(=O)c2ccccc2)[C@@H](O)[C@H](OCc2ccccc2)[C@H]1N=[N+]=[N-],chiral_gine,crossattn_tri,2,042705AC,thioglycoside,2003
785,31-013-CAS-19403890,val,1,0.9813328385353088,0.5299999999999999,1,1,CCS[C@@H]1O[C@H](COCc2ccc3ccccc3c2)[C@@H](OCc2ccccc2)[C@H](OCc2ccccc2)[C@H]1OC(=O)CCC(C)=O,CC(=O)O[C@@H]1[C@H](O)[C@H](C)O[C@H](O[Si](C)(C)C(C)(C)C(C)C)[C@H]1N=[N+]=[N-],chiral_gine,crossattn_tri,2,86B6FCA7,thioglycoside,2017
788,31-013-CAS-13972345,val,1,0.9826902151107788,0.5299999999999999,1,1,CCS[C@@H]1O[C@H](COCc2ccccc2)[C@@H](OCc2ccc(OC)cc2)[C@H](OCc2ccccc2)[C@H]1OC(=O)CCC(C)=O,C=CCO[C@@H]1O[C@H](CO[Si](c2ccccc2)(c2ccccc2)C(C)(C)C)[C@@H](O)[C@H](OC(=O)CCC(C)=O)[C@H]1N=[N+]=[N-],chiral_gine,crossattn_tri,2,6435F46B,thioglycoside,2005
789,31-013-CAS-11788920,val,0,0.002074616262689233,0.5299999999999999,0,1,COC(=O)[C@@H]1O[C@@H](Sc2ccccc2)[C@H](OC(=O)c2ccccc2)[C@@H](OCc2ccccc2)[C@@H]1O[C@H]1O[C@H](COCc2ccccc2)[C@@H](OC(=O)C(Cl)(Cl)Cl)[C@H](OCc2ccccc2)[C@H]1N=[N+]=[N-],COC(=O)[C@@H]1O[C@@H](OC)[C@H](OC(=O)c2ccccc2)[C@@H](OCc2ccccc2)[C@@H]1O[C@H]1O[C@H](COCc2ccccc2)[C@@H](O)[C@H](OCc2ccccc2)[C@H]1N=[N+]=[N-],chiral_gine,crossattn_tri,2,745FD294,thioglycoside,2013
806,31-013-CAS-14430869,val,1,0.9718636274337769,0.5299999999999999,1,1,CC(=O)CCC(=O)O[C@@H]1[C@@H](OCc2ccccc2)[C@@H]2O[C@H](c3ccccc3)OC[C@H]2O[C@H]1Sc1ccc(C)cc1,COc1ccc(COC[C@H]2O[C@@H](O[Si](C)(C)C(C)(C)C)[C@H](N=[N+]=[N-])[C@@H](OCc3ccc(OC)cc3)[C@@H]2O)cc1,chiral_gine,crossattn_tri,2,397B98AE,thioglycoside,2016
810,31-013-CAS-4651113,val,1,0.9766474962234497,0.5299999999999999,1,1,CCS[C@@H]1O[C@@H]2CO[C@@H](c3ccccc3)O[C@H]2[C@H](OCc2ccccc2)[C@H]1OC(=O)CCC(C)=O,CC(=O)CCC(=O)OC[C@H]1O[C@@H](O[Si](C)(C)C(C)(C)C(C)C)[C@H](N=[N+]=[N-])[C@@H](OCc2ccccc2)[C@@H]1O,chiral_gine,crossattn_tri,2,BF9F6B4D,thioglycoside,2012
825,31-013-CAS-11969359,val,0,0.2594277262687683,0.5299999999999999,0,1,COC(=O)[C@@H]1O[C@@H](Sc2ccccc2)[C@H](OC(=O)c2ccccc2)[C@@H](OCc2ccccc2)[C@@H]1OC(=O)OCC1c2ccccc2-c2ccccc21,CO[C@H]1O[C@H](COC(=O)c2ccccc2)[C@@H](O)[C@H](OCc2ccccc2)[C@H]1N=[N+]=[N-],chiral_gine,crossattn_tri,2,2B43404C,thioglycoside,2014
826,31-301-CAS-9443004,val,0,0.001058572088368237,0.5299999999999999,0,1,C[C@@H]1O[C@H](S(=O)c2ccccc2)[C@@H](OCc2ccccc2)[C@H](OCc2ccccc2)[C@@H]1OCc1ccccc1,CC(=O)OC[C@H]1O[C@@H](O[C@H]2[C@H](O)[C@@H](COC(=O)C(C)(C)C)O[C@H](Sc3ccccc3)[C@@H]2N=[N+]=[N-])[C@H](OC(C)=O)[C@@H](OC(C)=O)[C@H]1OC(C)=O,chiral_gine,crossattn_tri,2,6F5C7A6E,thioglycoside,2004
856,31-013-CAS-12951668,val,1,0.9777820110321045,0.5299999999999999,1,1,COc1ccc([C@@H]2OC[C@H]3O[C@@H](Sc4ccccc4)[C@H](OC(=O)c4ccccc4)[C@@H](OCc4ccccc4)[C@@H]3O2)cc1,Cc1ccc(S[C@@H]2O[C@H](CO[Si](c3ccccc3)(c3ccccc3)C(C)(C)C)[C@@H](O)[C@H](OCOCC[Si](C)(C)C)[C@H]2N=[N+]=[N-])cc1,chiral_gine,crossattn_tri,2,32BB6D8D,thioglycoside,2014
860,31-013-CAS-8306668,val,0,0.059724360704422,0.5299999999999999,0,1,C[C@@H]1O[C@@H](Sc2ccccc2)[C@H](O[Si](C)(C)C(C)(C)C)[C@H](O[Si](C)(C)C(C)(C)C)[C@H]1O[Si](C)(C)C(C)(C)C,CC(=O)N[C@H]1[C@H](OCc2ccccc2)O[C@H](COCc2ccccc2)[C@@H](O)[C@@H]1OC(C)=O,chiral_gine,crossattn_tri,2,8D65873E,thioglycoside,2008
873,31-013-CAS-4306041,val,1,0.9747536182403564,0.5299999999999999,1,1,CCS[C@@H]1O[C@H](CO[C@H]2O[C@H](COCc3ccccc3)[C@@H](OCc3ccccc3)[C@H](OCc3ccccc3)[C@@H]2O[Si](C)(C)C(C)(C)C)[C@@H](OCc2ccc(OC)cc2)[C@H](O[C@H]2O[C@H](COCc3ccccc3)[C@@H](OCc3ccccc3)[C@H](OCc3ccccc3)[C@@H]2O[Si](C)(C)C(C)(C)C)[C@H]1OC(=O)c1ccccc1,O=S(=O)(N[C@H]1[C@H](O[C@H]2[C@H](OCc3ccccc3)C=CO[C@@H]2COCc2ccccc2)O[C@H](COCc2ccccc2)[C@@H](O)[C@@H]1OCc1ccccc1)c1ccccc1,chiral_gine,crossattn_tri,2,EF98D40B,thioglycoside,2001
886,31-013-CAS-17081671,val,0,0.005666822195053101,0.5299999999999999,0,1,COc1ccc(CO[C@H]2[C@H](OCc3ccccc3)[C@@H](OC(=O)CCC(C)=O)[C@H](Sc3ccc(C)cc3)O[C@H]2CO[Si](c2ccccc2)(c2ccccc2)C(C)(C)C)cc1,CC(=O)CCC(=O)OC[C@H]1O[C@H](O[C@H]2[C@H](OCc3ccccc3)[C@@H](OC(=O)c3ccccc3)[C@H](Sc3ccc(C)cc3)O[C@H]2CO[Si](c2ccccc2)(c2ccccc2)C(C)(C)C)[C@H](N=[N+]=[N-])[C@@H](OCc2ccccc2)[C@@H]1O,chiral_gine,crossattn_tri,2,854AC4B6,thioglycoside,2016
896,31-013-CAS-8933724,val,0,0.06448478996753693,0.5299999999999999,0,1,CCS[C@H]1O[C@H](CO[C@H]2O[C@H](COCc3ccccc3)[C@@H](OCc3ccccc3)[C@H](OCc3ccccc3)[C@@H]2O[C@H]2O[C@H](CO[Si](C)(C)C(C)(C)C)[C@H]3O[C@](C)(OC)[C@@](C)(OC)O[C@@H]3[C@@H]2O[C@H]2O[C@H](COCc3ccccc3)[C@@H](OCc3ccccc3)[C@H](OCc3ccccc3)[C@@H]2OCc2ccccc2)[C@@H](OCc2ccccc2)[C@H](OCc2ccccc2)[C@@H]1OC(=O)CCl,C=CCO[C@@H]1[C@H](OCc2ccccc2)[C@H](OCc2ccccc2)[C@@H](OCc2ccccc2)[C@H](OCc2ccccc2)[C@H]1O[C@H]1O[C@H](COCc2ccccc2)[C@@H](O)[C@H](OCc2ccccc2)[C@H]1N=[N+]=[N-],chiral_gine,crossattn_tri,2,5EB65168,thioglycoside,2000
921,31-013-CAS-7584459,val,1,0.9633567333221436,0.5299999999999999,1,1,Cc1ccc(S[C@@H]2O[C@H](COCc3ccccc3)[C@@H](O[C@H]3O[C@H](CO[Si](c4ccccc4)(c4ccccc4)C(C)(C)C)[C@@H](OCc4ccc5ccccc5c4)[C@H](OCc4ccc(Br)cc4)[C@H]3N=[N+]=[N-])[C@H](OCc3ccccc3)[C@H]2OC(=O)c2ccccc2)cc1,CC(=O)CCC(=O)O[C@H]1[C@H](O)[C@@H](CO[Si](c2ccccc2)(c2ccccc2)C(C)(C)C)O[C@H](O[C@H]2[C@H](OCc3ccccc3)[C@@H](OC(=O)CCC(C)=O)[C@H]3OC[C@@H]2O3)[C@@H]1N=[N+]=[N-],chiral_gine,crossattn_tri,2,1156517A,thioglycoside,2014
924,31-013-CAS-6767602,val,1,0.9372972846031189,0.5299999999999999,1,1,COC(=O)[C@H]1O[C@@H](Sc2ccccc2)[C@H](OC(=O)c2ccccc2)[C@@H](OC(=O)c2ccccc2)[C@@H]1OC(=O)CCC(C)=O,C=CCCCO[C@H]1O[C@H](COCc2ccccc2)[C@@H](O)[C@H](OCc2ccccc2)[C@H]1N(C(C)=O)C(C)=O,chiral_gine,crossattn_tri,2,EA90B719,thioglycoside,2006
927,31-013-CAS-12459743,val,1,0.8615079522132874,0.5299999999999999,1,1,Cc1ccc(S[C@@H]2O[C@H](COCc3ccccc3)[C@@H](O[Si](C)(C)C(C)(C)C)[C@H](O[Si](C)(C)C(C)(C)C)[C@H]2O[Si](C)(C)C(C)(C)C)cc1,CO[C@H]1O[C@H](COCc2ccccc2)[C@@H](O)[C@@H](O)[C@H]1N1C(=O)C(C)=C(C)C1=O,chiral_gine,crossattn_tri,2,4B59F1B7,thioglycoside,2013
928,31-013-CAS-11609556,val,1,0.8594293594360352,0.5299999999999999,1,1,Cc1ccc(S[C@@H]2O[C@H](COCc3ccccc3)[C@@H](O[Si](C)(C)C(C)(C)C)[C@H](O[Si](C)(C)C(C)(C)C)[C@H]2O[Si](C)(C)C(C)(C)C)cc1,CO[C@@H]1O[C@H](COCc2ccccc2)[C@@H](O)[C@@H](O)[C@H]1N1C(=O)C(C)=C(C)C1=O,chiral_gine,crossattn_tri,2,97EFDE28,thioglycoside,2013
937,31-013-CAS-11635380,val,0,0.0024283851962536573,0.5299999999999999,0,1,CCS[C@H]1O[C@@H](C)[C@@H](OCc2ccccc2)[C@@H](OCc2ccccc2)[C@@H]1OCc1ccccc1,CO[C@@H]1O[C@H](COCc2ccccc2)[C@@H](O)[C@H](O[C@@H]2O[C@H](COC(C)=O)[C@@H](OC(C)=O)[C@H](OC(C)=O)[C@H]2OC(C)=O)[C@H]1N(C(C)=O)C(C)=O,chiral_gine,crossattn_tri,2,3F982A55,thioglycoside,2006
940,31-013-CAS-9459343,val,1,0.981046199798584,0.5299999999999999,1,1,CCS[C@@H]1O[C@H](COC(=O)c2ccccc2)[C@H](OC(=O)c2ccccc2)[C@H](O[C@@H]2O[C@H](C(=O)OC)[C@@H](OC(=O)c3ccccc3)[C@H](OC(C)=O)[C@H]2OC(=O)c2ccccc2)[C@H]1OC(=O)c1ccccc1,CC(=O)N[C@H]1[C@H](OCCN=[N+]=[N-])O[C@H](COCc2ccccc2)[C@@H](O)[C@@H]1OCc1ccccc1,chiral_gine,crossattn_tri,2,EFDB764B,thioglycoside,2012
945,31-013-CAS-16004431,val,1,0.9821664690971375,0.5299999999999999,1,1,CCS[C@@H]1O[C@@H]2CO[C@@H](c3ccccc3)O[C@H]2[C@H](OC(=O)c2ccccc2)[C@H]1OC(=O)c1ccccc1,[N-]=[N+]=N[C@H]1[C@H](OCCOCCN(Cc2ccccc2)C(=O)OCc2ccccc2)O[C@H](COC(=O)c2ccccc2)[C@@H](O)[C@@H]1OCc1ccccc1,chiral_gine,crossattn_tri,2,73AD8F05,thioglycoside,2015
946,31-013-CAS-6806986,val,1,0.9802600741386414,0.5299999999999999,1,1,CS[C@@H]1O[C@H](COC(=O)c2ccccc2)[C@@H](OC(=O)c2ccccc2)[C@H](OC(=O)c2ccccc2)[C@H]1OC(=O)c1ccccc1,COc1ccc(OC[C@H]2O[C@H](OC)[C@H](NC(=O)OCc3ccccc3)[C@@H](OCc3ccccc3)[C@@H]2O)cc1,chiral_gine,crossattn_tri,2,937F63CA,thioglycoside,2007
954,31-013-CAS-9988480,val,0,0.005703835282474756,0.5299999999999999,0,1,CCSC1O[C@H]2CO[C@@H](c3ccccc3)O[C@H]2[C@H](OCc2ccccc2)[C@H]1OC(C)=O,CC(=O)OC[C@H]1O[C@H](OCCCCCN(Cc2ccccc2)C(=O)OCc2ccccc2)[C@H](N=[N+]=[N-])[C@@H](OCc2ccccc2)[C@@H]1O,chiral_gine,crossattn_tri,2,89540FF0,thioglycoside,2009
955,31-013-CAS-15150591,val,1,0.9789361953735352,0.5299999999999999,1,1,CCS[C@@H]1O[C@@H]2CO[C@@H](c3ccccc3)O[C@H]2[C@H](OCc2ccccc2)[C@H]1OC(C)=O,CC(=O)OC[C@H]1O[C@H](OCCCCCN(Cc2ccccc2)C(=O)OCc2ccccc2)[C@H](N=[N+]=[N-])[C@@H](OCc2ccccc2)[C@@H]1O,chiral_gine,crossattn_tri,2,8F28F550,thioglycoside,2012
959,31-013-CAS-452353,val,0,0.0003504919004626572,0.5299999999999999,0,1,CC(C)(C)OC(=O)[C@@H]1O[C@@H](Sc2ccccc2)[C@H](OC(=O)c2ccccc2)[C@@H](OCc2ccccc2)[C@@H]1OCc1ccccc1,COc1ccc(OC[C@H]2O[C@H](OC)[C@H](NC(=O)OCc3ccccc3)[C@@H](OCc3ccccc3)[C@@H]2O)cc1,chiral_gine,crossattn_tri,2,78381D2B,thioglycoside,2008
968,31-013-CAS-13925780,val,1,0.9794345498085022,0.5299999999999999,1,1,CCS[C@@H]1O[C@@H]2CO[C@@H](c3ccccc3)O[C@H]2[C@H](OCc2ccccc2)[C@H]1OC(C)=O,CC(=O)CCC(=O)OC[C@H]1O[C@H](OCCCCCN(Cc2ccccc2)C(=O)OCc2ccccc2)[C@H](N=[N+]=[N-])[C@@H](OCc2ccccc2)[C@@H]1O,chiral_gine,crossattn_tri,2,E880E4A1,thioglycoside,2010
969,31-013-CAS-5440454,val,1,0.9794345498085022,0.5299999999999999,1,1,CCS[C@@H]1O[C@@H]2CO[C@@H](c3ccccc3)O[C@H]2[C@H](OCc2ccccc2)[C@H]1OC(C)=O,CC(=O)CCC(=O)OC[C@H]1O[C@H](OCCCCCN(Cc2ccccc2)C(=O)OCc2ccccc2)[C@H](N=[N+]=[N-])[C@@H](OCc2ccccc2)[C@@H]1O,chiral_gine,crossattn_tri,2,E880E4A1,thioglycoside,2009
1015,31-013-CAS-9533892,val,0,0.12516042590141296,0.5299999999999999,0,1,COC(=O)[C@H]1O[C@@H](Sc2ccccc2)[C@H](OCc2ccccc2)[C@@H](OCc2ccccc2)[C@@H]1OCc1ccccc1,COc1ccc(O[C@@H]2O[C@H](COCc3ccccc3)[C@@H](O)[C@@H]3OC(=O)N[C@@H]23)cc1,chiral_gine,crossattn_tri,2,200819E1,thioglycoside,2011
1021,31-013-CAS-15248480,val,0,0.004457058385014534,0.5299999999999999,0,1,CCS[C@H]1O[C@@H](C)[C@@H](OCc2ccc(OC)cc2)[C@@H](OCc2ccc(OC)cc2)[C@@H]1OCc1ccc(OC)cc1,CC(=O)N[C@@H]1[C@@H](O[C@@H]2O[C@H](COC(C)=O)[C@H](OC(C)=O)[C@H](OC(C)=O)[C@H]2OC(C)=O)[C@H](O)[C@@H](COC(C)=O)O[C@H]1SCC#N,chiral_gine,crossattn_tri,2,304F578F,thioglycoside,2014
1039,31-013-CAS-17261532,val,0,0.0035487301647663116,0.5299999999999999,0,1,Cc1ccc(S[C@H]2O[C@@H](C)[C@@H](OCc3ccccc3)[C@@H](OCc3ccccc3)[C@@H]2OCc2ccccc2)cc1,CC(=O)OC[C@H]1O[C@@H](O[C@H]2[C@H](O)[C@@H](COCc3ccccc3)O[C@@H](OCCCN=[N+]=[N-])[C@@H]2NC(=O)OCC(Cl)(Cl)Cl)[C@H](OC(C)=O)[C@@H](OC(C)=O)[C@H]1OC(C)=O,chiral_gine,crossattn_tri,2,FE8CB5DD,thioglycoside,2017
1044,31-013-CAS-1611774,val,0,0.34235692024230957,0.5299999999999999,0,1,C[C@@H]1O[C@@H](Sc2ccccc2)[C@@H](OCc2ccccc2)[C@H](OCc2ccccc2)[C@@H]1OCc1ccccc1,CO[C@@H]1O[C@H](CO[Si](C)(C)C(C)(C)C(C)C)[C@@H](O)[C@@H]2OC(=O)N(C(C)=O)[C@@H]12,chiral_gine,crossattn_tri,2,BA5F85E3,thioglycoside,2005
1046,31-013-CAS-6494035,val,1,0.9768386483192444,0.5299999999999999,1,1,CC(=O)CCC(=O)O[C@H]1[C@@H](OC(C)=O)[C@@H](CO[Si](c2ccccc2)(c2ccccc2)C(C)(C)C)O[C@@H](Sc2ccc(C)cc2)[C@@H]1OC(C)=O,COC(=O)CCCCCO[C@@H]1O[C@H](COCc2ccccc2)[C@@H](O)[C@H](OCc2ccccc2)[C@H]1NC(=O)C(Cl)(Cl)Cl,chiral_gine,crossattn_tri,2,9A08487B,thioglycoside,2013
1051,31-013-CAS-5482709,val,1,0.9687787890434265,0.5299999999999999,1,1,Cc1ccc(S[C@@H]2O[C@H](COCc3ccccc3)[C@H](OCc3ccccc3)[C@H](OCc3ccccc3)[C@H]2OC(=O)c2ccccc2)cc1,CC(=O)CCC(=O)O[C@H]1[C@H](O)[C@@H](COCc2ccccc2)O[C@@H](Sc2ccc(C)cc2)[C@@H]1NC(=O)OCC(Cl)(Cl)Cl,chiral_gine,crossattn_tri,2,DAE71FAA,thioglycoside,2011
1072,31-013-CAS-4879719,val,0,0.0045920019038021564,0.5299999999999999,0,1,CCSC1O[C@@H](C)[C@@H](OCc2ccccc2)[C@@H](OCc2ccccc2)[C@@H]1OCc1ccccc1,CC(=O)N[C@@H]1[C@@H](O[C@@H]2O[C@H](COCc3ccccc3)[C@H](OC(C)=O)[C@H](OC(C)=O)[C@H]2OC(C)=O)[C@H](O)[C@@H](COCc2ccccc2)O[C@H]1N=[N+]=[N-],chiral_gine,crossattn_tri,2,4D607EFA,thioglycoside,2000
1077,31-013-CAS-13815318,val,0,0.9808289408683777,0.5299999999999999,1,0,C=CCO[C@H]1[C@H]2O[C@H](c3ccccc3)OC[C@H]2O[C@@H](SC(C)C)[C@@H]1OC(=O)c1ccccc1,COc1ccc(O[C@@H]2O[C@H](COC(=O)c3ccccc3)[C@@H](O)[C@H](OC(=O)c3ccccc3)[C@H]2NC(=O)C(Cl)(Cl)Cl)cc1,chiral_gine,crossattn_tri,2,CDDD8215,thioglycoside,2003
1078,31-013-CAS-4033104,val,1,0.9769443869590759,0.5299999999999999,1,1,CCS[C@@H]1O[C@@H]2COC(c3ccccc3)O[C@@H]2[C@H](O[Si](C)(C)C(C)(C)C)[C@H]1OC(=O)C(C)(C)C,COc1ccc(CO[C@@H]2O[C@H](COCc3ccccc3)[C@@H](O)[C@H](OCc3ccccc3)[C@H]2NC(=O)C(Cl)(Cl)Cl)cc1,chiral_gine,crossattn_tri,2,C818690C,thioglycoside,2012
1090,31-013-CAS-2504738,val,1,0.9572080969810486,0.5299999999999999,1,1,CCS[C@@H]1O[C@@H]2CO[C@H](c3ccccc3)O[C@@H]2[C@H](OC(=O)CCl)[C@H]1OCc1ccccc1,CC(=O)N[C@H]1[C@H](OCCNC(=O)C(F)(F)F)O[C@H](COCc2ccccc2)[C@@H](O)[C@@H]1OCc1ccccc1,chiral_gine,crossattn_tri,2,CD617A64,thioglycoside,2005
1091,31-013-CAS-16946845,val,1,0.5812286138534546,0.5299999999999999,1,1,CC(=O)O[C@H]1[C@H](OCc2ccccc2)[C@@H](N2C(=O)c3ccccc3C2=O)[C@H](Sc2ccccc2)O[C@@H]1COCc1ccccc1,CO[C@H]1O[C@H](COCc2ccccc2)[C@@H](O)[C@H](OCc2ccccc2)[C@@H]1N=[N+]=[N-],chiral_gine,crossattn_tri,2,46C65098,thioglycoside,2016
1109,31-013-CAS-10851823,val,1,0.9781482219696045,0.5299999999999999,1,1,CCS[C@@H]1O[C@@H]2CO[C@H](c3ccccc3)O[C@@H]2[C@H](OC(C)=O)[C@H]1OC(C)=O,CC(=O)N[C@H]1[C@H](OCCCNC(=O)OCc2ccccc2)O[C@H](COCc2ccccc2)[C@@H](O)[C@@H]1O[C@@H]1O[C@@H](C)[C@@H](OCc2ccccc2)[C@@H](OCc2ccccc2)[C@@H]1OCc1ccccc1,chiral_gine,crossattn_tri,2,98B28871,thioglycoside,2013
1112,31-013-CAS-15189017,val,0,0.16152623295783997,0.5299999999999999,0,1,CCS[C@@H]1O[C@@H]2CO[C@@H](c3ccccc3)O[C@H]2[C@H](OCc2ccccc2)[C@H]1OCc1ccccc1,CC(=O)O[C@H]1[C@H](O[C@H]2[C@@H](O)[C@@H](COCc3ccccc3)O[C@@H](O[C@@H]3[C@H](OCc4ccccc4)[C@@H](OCCCNC(=O)OCc4ccccc4)O[C@H](COCc4ccccc4)[C@H]3OCc3ccccc3)[C@@H]2NC(=O)OCC(Cl)(Cl)Cl)O[C@H](COCc2ccccc2)[C@@H](OCc2ccccc2)[C@@H]1OCc1ccccc1,chiral_gine,crossattn_tri,2,6F1ABBB4,thioglycoside,2012
1113,31-013-CAS-2282258,val,0,0.003310140687972307,0.5299999999999999,0,1,CCS[C@@H]1O[C@@H]2CO[C@@H](c3ccccc3)O[C@H]2[C@H](OCc2ccccc2)[C@H]1OCc1ccccc1,CC(=O)O[C@H]1[C@H](O[C@H]2[C@@H](O)[C@@H](COCc3ccccc3)O[C@@H](O[C@@H]3[C@H](OCc4ccccc4)[C@@H](OCCCNC(=O)OCc4ccccc4)O[C@H](COCc4ccccc4)[C@H]3OCc3ccccc3)[C@@H]2NC(=O)OCC(Cl)(Cl)Cl)O[C@H](COCc2ccccc2)[C@@H](OCc2ccccc2)[C@@H]1OCc1ccccc1,chiral_gine,crossattn_tri,2,6F1ABBB4,thioglycoside,2011
1114,31-013-CAS-9860387,val,0,0.0014367076801136136,0.5299999999999999,0,1,CCS[C@H]1O[C@H](CO[C@H]2O[C@H](COCc3ccccc3)[C@@H](OCc3ccccc3)[C@H](OCc3ccccc3)[C@@H]2OC(=O)c2ccccc2)[C@@H](OCc2ccccc2)[C@H](OCc2ccccc2)[C@@H]1OCc1ccccc1,CC1(C)O[C@@H]2[C@@H](O[C@H]3O[C@H](COP(=O)(CCNC(=O)OCc4ccccc4)OCc4ccccc4)[C@@H](O)[C@H](OCc4ccccc4)[C@H]3N=[N+]=[N-])[C@H](OP(=O)(OCc3ccccc3)OCc3ccccc3)[C@@H]3O[C@@]4(C[C@H]5CC[C@]4(C)C5(C)C)O[C@@H]3[C@H]2O1,chiral_gine,crossattn_tri,2,B9D01E74,thioglycoside,2005
1119,31-013-CAS-15008621,val,0,0.0009254615288227797,0.5299999999999999,0,1,C[C@@H]1O[C@@H](Sc2ccccc2)[C@H](OCc2cccc3ccccc23)[C@H](OCc2ccccc2)[C@H]1OCc1ccccc1,CO[C@@H]1O[C@H](CO[Si](C)(C)C(C)(C)C(C)C)[C@@H](O)[C@@H]2OC(=O)N(C(C)=O)[C@@H]12,chiral_gine,crossattn_tri,2,4A4DD004,thioglycoside,2005
1130,31-614-CAS-40361044,val,1,0.9725000858306885,0.5299999999999999,1,1,CCS[C@@H]1O[C@H](COCc2ccccc2)[C@@H](O)[C@H](O)[C@H]1N1C(=O)c2ccccc2C1=O,CCS[C@@H]1O[C@H](COCc2ccccc2)[C@@H](O)[C@H](O)[C@H]1N1C(=O)c2ccccc2C1=O,chiral_gine,crossattn_tri,2,FD537AA7,thioglycoside,2017
1131,31-013-CAS-16946847,val,1,0.9209808707237244,0.5299999999999999,1,1,CC(=O)O[C@H]1[C@H](OCc2ccccc2)[C@@H](N2C(=O)c3ccccc3C2=O)[C@H](Sc2ccccc2)O[C@@H]1COCc1ccccc1,[N-]=[N+]=N[C@@H]1[C@@H](OCc2ccccc2)O[C@H](COCc2ccccc2)[C@@H](O)[C@@H]1OCc1ccccc1,chiral_gine,crossattn_tri,2,A526534D,thioglycoside,2016
1134,31-614-CAS-32798123,val,1,0.9788287281990051,0.5299999999999999,1,1,CC(=O)O[C@H]1[C@@H](OC(C)=O)[C@@H](CO[Si](c2ccccc2)(c2ccccc2)C(C)(C)C)O[C@@H](Sc2ccc(C)cc2)[C@@H]1OC(C)=O,CC(C)(C)[Si](OC[C@H]1O[C@@H](OCCCN=[N+]=[N-])[C@H](N2C(=O)c3ccccc3C2=O)[C@@H](O)[C@@H]1O)(c1ccccc1)c1ccccc1,chiral_gine,crossattn_tri,2,EA2D5DA9,thioglycoside,2016
1135,31-013-CAS-10173116,val,1,0.9494386911392212,0.5299999999999999,1,1,CCS[C@@H]1O[C@H](COCc2ccccc2)C[C@H](OC(C)=O)[C@H]1NC(=O)OCC(Cl)(Cl)Cl,CC(=O)N[C@H]1[C@@H](OCc2ccccc2)O[C@H](COCc2ccccc2)[C@@H](O)[C@@H]1O[C@H](C)C(=O)OCCS(=O)(=O)c1ccccc1,chiral_gine,crossattn_tri,2,9EC9CDF2,thioglycoside,2006
1141,31-013-CAS-17791367,val,0,0.0017506559379398823,0.5299999999999999,0,1,CC(=O)N1C(=O)O[C@H]2[C@@H](O[Si](C)(C)C(C)(C)C)[C@@H](COCc3ccccc3)O[C@H](Sc3ccc(C)cc3)[C@@H]21,C=CCO[C@H]1O[C@H](COCc2ccccc2)[C@H](O)[C@@H]2OC(=O)N(C(C)=O)[C@@H]12,chiral_gine,crossattn_tri,2,3437F853,thioglycoside,2017
1151,31-013-CAS-6664730,val,0,0.017988303676247597,0.5299999999999999,0,1,CCS[C@H]1O[C@@H](C)[C@@H](OCc2ccccc2)[C@@H](OCc2ccccc2)[C@@H]1OCc1ccccc1,CC(=O)N[C@H]1[C@H](OCCCCCCCl)O[C@H](COCc2ccccc2)[C@@H](O[C@@H]2O[C@H](CO[Si](c3ccccc3)(c3ccccc3)C(C)(C)C)[C@H](OC(C)=O)[C@H](O[C@@H]3O[C@H](COCc4ccccc4)[C@@H](O)[C@H](OC(C)=O)[C@H]3NC(=O)C(Cl)(Cl)Cl)[C@H]2OC(C)=O)[C@@H]1OC(=O)CCl,chiral_gine,crossattn_tri,2,B31F7E69,thioglycoside,2012
1161,31-301-CAS-8365944,val,1,0.9811040163040161,0.5299999999999999,1,1,O=S(c1ccccc1)[C@H]1O[C@@H]2CO[C@@H](c3ccccc3)O[C@H]2[C@H](OCc2ccccc2)[C@@H]1OCc1ccccc1,CO[C@@H]1O[C@H](COCc2ccccc2)[C@@H](O)[C@H](OCc2ccccc2)[C@H]1N1C(=O)c2ccccc2C1=O,chiral_gine,crossattn_tri,2,FDFC5AA3,thioglycoside,2001
1167,31-013-CAS-11663642,val,1,0.9483330249786377,0.5299999999999999,1,1,CC(=O)OC[C@H]1OC(Sc2ccccc2)[C@H](N2C(=O)c3ccccc3C2=O)[C@@H](OC(C)=O)[C@H]1OC(C)=O,CO[C@@H]1O[C@H](COC(C)=O)[C@@H](O)[C@H](OCc2ccccc2)[C@H]1N1C(=O)c2ccccc2C1=O,chiral_gine,crossattn_tri,2,94BCBAC4,thioglycoside,1999
1168,31-013-CAS-3171404,val,0,0.00014941052359063178,0.5299999999999999,0,1,CC(=O)N1C(=O)O[C@H]2[C@@H](O[Si](C)(C)C(C)(C)C)[C@@H](COCc3ccccc3)O[C@H](Sc3ccc(C)cc3)[C@@H]21,CO[C@H]1O[C@H](COCc2ccccc2)[C@H](O[C@H]2O[C@H](COCc3ccccc3)[C@H](O)[C@@H]3OC(=O)N(C(C)=O)[C@@H]23)[C@@H]2OC(=O)N(C(C)=O)[C@@H]12,chiral_gine,crossattn_tri,2,7F2DEC95,thioglycoside,2011
1182,31-013-CAS-12326620,val,0,0.013201095163822174,0.5299999999999999,0,1,CCS[C@@H]1O[C@@H](C)[C@H](OCc2ccccc2)[C@@H](OCc2ccccc2)[C@H]1OCc1ccccc1,CCS[C@@H]1O[C@H](COC(=O)c2ccccc2)[C@H](O)[C@H](OC(C)=O)[C@H]1N1C(=O)c2ccccc2C1=O,chiral_gine,crossattn_tri,2,ACFE8C37,thioglycoside,2013
1183,31-013-CAS-21359612,val,0,0.0045544663444161415,0.5299999999999999,0,1,COc1ccc(COC[C@@H]2O[C@H](Sc3ccc(C)cc3)[C@H](OC(=O)c3ccccc3)[C@@H](OCc3ccccc3)[C@@H]2OC(=O)CCC(C)=O)cc1,CO[C@H]1O[C@H](COC(=O)c2ccccc2)[C@@H](O)[C@H](OCc2ccccc2)[C@H]1NC=C1C(=O)N(C)C(=O)N(C)C1=O,chiral_gine,crossattn_tri,2,EAF0C745,thioglycoside,2015
1204,31-013-CAS-16396089,val,1,0.9703341722488403,0.5299999999999999,1,1,CCS[C@@H]1O[C@H](COCc2ccccc2)[C@@H](OC(C)=O)[C@H](OCc2ccccc2)[C@H]1N1C(=O)c2ccccc2C1=O,COc1ccc(O[C@@H]2O[C@H](COCc3ccccc3)[C@@H](O)[C@H](OCc3ccccc3)[C@H]2N2C(=O)c3ccccc3C2=O)cc1,chiral_gine,crossattn_tri,2,D27B1F10,thioglycoside,2015
1214,31-013-CAS-4617113,val,1,0.9712150692939758,0.5299999999999999,1,1,CCS[C@@H]1O[C@H](COCc2ccccc2)[C@@H](OCc2ccccc2)[C@H](OCc2ccccc2)[C@H]1N1C(=O)c2ccccc2C1=O,C=CCO[C@H]1[C@H](O)[C@@H](COCc2ccccc2)O[C@H](OCc2ccccc2)[C@@H]1NC(C)=O,chiral_gine,crossattn_tri,2,A216E3F9,thioglycoside,1998
1219,31-013-CAS-17791371,val,0,0.0007562421960756183,0.5299999999999999,0,1,CC(=O)N1C(=O)O[C@H]2[C@@H](O[Si](C)(C)C(C)(C)C)[C@@H](COCc3ccccc3)O[C@H](Sc3ccc(C)cc3)[C@@H]21,C=CCO[C@H]1O[C@H](COCc2ccccc2)[C@H](O[C@H]2O[C@H](COCc3ccccc3)[C@H](O[C@H]3O[C@H](COCc4ccccc4)[C@H](O)[C@@H]4OC(=O)N(C(C)=O)[C@@H]34)[C@@H]3OC(=O)N(C(C)=O)[C@@H]23)[C@@H]2OC(=O)N(C(C)=O)[C@@H]12,chiral_gine,crossattn_tri,2,9241E6A1,thioglycoside,2017
1228,31-013-CAS-13431087,val,1,0.9728788733482361,0.5299999999999999,1,1,COC(=O)[C@@]1(O[C@H]2[C@@H](OC(=O)c3ccccc3)[C@@H](COC(=O)c3ccccc3)O[C@@H](SC)[C@@H]2OC(=O)c2ccccc2)C[C@H](OC(C)=O)[C@@H](NC(C)=O)[C@H]([C@H](OC(C)=O)[C@@H](COC(C)=O)OC(C)=O)O1,CC(=O)N[C@H]1[C@H](O[C@H]2[C@@H](OCc3ccccc3)[C@@H](COCc3ccccc3)O[C@@H](OCC[Si](C)(C)C)[C@@H]2OCc2ccccc2)O[C@H](COCc2ccccc2)[C@@H](O)[C@@H]1O[C@@H]1O[C@@H](C)[C@@H](OCc2ccccc2)[C@@H](OCc2ccccc2)[C@@H]1OCc1ccccc1,chiral_gine,crossattn_tri,2,B8B37612,thioglycoside,1992
1232,31-013-CAS-18353674,val,1,0.9607805609703064,0.5299999999999999,1,1,Cc1ccc(S[C@@H]2O[C@@H]3CO[C@H](c4ccccc4)O[C@@H]3[C@H](OCc3ccccc3)[C@H]2OC(=O)c2ccccc2)cc1,Cc1ccc(S[C@@H]2O[C@H](COCc3ccccc3)[C@@H](O)[C@H](O)[C@H]2N2C(=O)c3ccccc3C2=O)cc1,chiral_gine,crossattn_tri,2,DE1BE662,thioglycoside,2017
1244,31-013-CAS-6341435,val,0,0.011117991991341114,0.5299999999999999,0,1,CCS[C@H]1O[C@@H](C)[C@@H](OC(C)=O)[C@@H](O[C@H]2O[C@H](COC(C)=O)[C@@H](OCc3ccccc3)[C@H](OCc3ccccc3)[C@H]2OCc2ccccc2)[C@@H]1OCc1ccccc1,CCS[C@@H]1O[C@H](COCc2ccccc2)[C@@H](O)[C@H](OC(C)=O)[C@H]1N1C(=O)c2ccccc2C1=O,chiral_gine,crossattn_tri,2,036887C7,thioglycoside,2015
1265,31-013-CAS-16946852,val,1,0.9745137095451355,0.5299999999999999,1,1,CC(=O)O[C@H]1[C@H](OCc2ccccc2)[C@@H](N2C(=O)c3ccccc3C2=O)[C@H](Sc2ccccc2)O[C@@H]1COCc1ccccc1,CO[C@H]1O[C@H](COCc2ccccc2)[C@@H](O[C@@H]2O[C@H](COCc3ccccc3)[C@@H](O[C@@H]3O[C@H](COCc4ccccc4)[C@@H](O)[C@H](OCc4ccccc4)[C@H]3N3C(=O)c4ccccc4C3=O)[C@H](OCc3ccccc3)[C@H]2N2C(=O)c3ccccc3C2=O)[C@H](OCc2ccccc2)[C@@H]1N=[N+]=[N-],chiral_gine,crossattn_tri,2,984C352B,thioglycoside,2016
1269,31-013-CAS-7643019,val,1,0.975129246711731,0.5299999999999999,1,1,CCS[C@@H]1O[C@@H]2CO[C@@H](c3ccccc3)O[C@H]2[C@H](OCc2ccc(OC)cc2)[C@H]1OC(C)=O,O=C1c2ccccc2C(=O)N1[C@H]1[C@H](OCc2ccccc2)O[C@H](COCc2ccccc2)[C@@H](O)[C@@H]1OCc1ccccc1,chiral_gine,crossattn_tri,2,3329E808,thioglycoside,2005
1270,31-013-CAS-9351524,val,1,0.9775252938270569,0.5299999999999999,1,1,C=CCO[C@@H]1[C@H](OCc2ccccc2)[C@@H](Sc2ccccc2)O[C@@H]2CO[C@@H](c3ccccc3)O[C@@H]12,COc1ccc(O[C@@H]2O[C@H](COCc3ccccc3)[C@@H](O)[C@H](OCc3ccccc3)[C@H]2N2C(=O)c3ccccc3C2=O)cc1,chiral_gine,crossattn_tri,2,2E041BF6,thioglycoside,2005
1272,31-013-CAS-18353673,val,1,0.9799380898475647,0.5299999999999999,1,1,C=CCO[C@H]1[C@H]2O[C@@H](c3ccccc3)OC[C@H]2O[C@@H](Sc2ccc(C)cc2)[C@@H]1OC(=O)CCC(C)=O,Cc1ccc(S[C@@H]2O[C@H](COCc3ccccc3)[C@@H](O)[C@H](O)[C@H]2N2C(=O)c3ccccc3C2=O)cc1,chiral_gine,crossattn_tri,2,7A99A105,thioglycoside,2017
1274,31-013-CAS-15212321,val,1,0.9686965346336365,0.5299999999999999,1,1,CCS[C@@H]1O[C@H](COC(C)=O)[C@@H](OC(C)=O)[C@H](OC(C)=O)[C@H]1N1C(=O)c2ccccc2C1=O,O=C(OC[C@H]1O[C@@H](OCc2ccccc2)[C@H](N2C(=O)c3ccccc3C2=O)[C@@H](OC(=O)c2ccccc2)[C@@H]1O)c1ccccc1,chiral_gine,crossattn_tri,2,A72094E1,thioglycoside,1991
1279,31-013-CAS-16396098,val,1,0.969913899898529,0.5299999999999999,1,1,CCS[C@@H]1O[C@H](COCc2ccccc2)[C@@H](OC(=O)CCl)[C@H](OCc2ccccc2)[C@H]1N1C(=O)c2ccccc2C1=O,COc1ccc(O[C@@H]2O[C@H](COCc3ccccc3)[C@@H](O)[C@H](OCc3ccccc3)[C@H]2N2C(=O)c3ccccc3C2=O)cc1,chiral_gine,crossattn_tri,2,571B7ACB,thioglycoside,2015
1286,31-013-CAS-2832294,val,1,0.9739230871200562,0.5299999999999999,1,1,CCS[C@@H]1O[C@@H]2CO[C@H](c3ccccc3)O[C@@H]2[C@H](OC(C)=O)[C@H]1OC(C)=O,COc1ccc(O[C@@H]2O[C@H](COCc3ccccc3)[C@@H](O[C@@H]3O[C@H](COCc4ccccc4)[C@H](OC(C)=O)[C@H](O[C@@H]4O[C@H](COCc5ccccc5)[C@@H](O)[C@H](O)[C@H]4N4C(=O)c5ccccc5C4=O)[C@H]3OCc3ccccc3)[C@H](OCc3ccccc3)[C@H]2OCc2ccccc2)cc1,chiral_gine,crossattn_tri,2,BA37B41F,thioglycoside,2008
1288,31-013-CAS-14512141,val,1,0.9858496189117432,0.5299999999999999,1,1,COc1ccc(CO[C@H]2[C@@H](O[Si](c3ccccc3)(c3ccccc3)C(C)(C)C)[C@@H]3OC4(CCCCC4)OC[C@H]3O[C@@H]2SC)cc1,COc1ccc(O[C@@H]2O[C@H](COCc3ccccc3)[C@@H](O)[C@H](OCc3ccccc3)[C@H]2N2C(=O)c3ccccc3C2=O)cc1,chiral_gine,crossattn_tri,2,EEC5558A,thioglycoside,2001
1300,31-301-CAS-3348443,val,1,0.9923755526542664,0.5299999999999999,1,1,O=S(c1ccccc1)[C@H]1O[C@@H]2CO[C@@H](c3ccccc3)O[C@H]2[C@H](OCc2ccc3ccccc3c2)[C@@H]1OCc1ccccc1,CC(C)(C)[Si](C)(C)O[C@@H]1O[C@H](COCc2ccccc2)[C@@H](O)[C@H](OCc2ccccc2)[C@H]1N1C(=O)c2ccccc2C1=O,chiral_gine,crossattn_tri,2,4E6F33E6,thioglycoside,2010
1307,31-013-CAS-8874229,val,1,0.9704429507255554,0.5299999999999999,1,1,CCS[C@@H]1O[C@H](COCc2ccccc2)[C@H](OCc2ccccc2)[C@H](OCc2ccccc2)[C@H]1OC(C)=O,CCCCCCCCO[C@H]1O[C@H](COCc2ccccc2)[C@@H](OCc2ccccc2)[C@H](OCc2ccccc2)[C@@H]1O[C@@H]1O[C@H](COCc2ccccc2)[C@@H](O)[C@H](OCc2ccccc2)[C@H]1N1C(=O)c2ccccc2C1=O,chiral_gine,crossattn_tri,2,D3DC4425,thioglycoside,2003
1317,31-013-CAS-17221620,val,1,0.9602258801460266,0.5299999999999999,1,1,COc1ccc(CO[C@H]2[C@@H](OC(=O)CCl)[C@@H](CN3C(=O)c4ccccc4C3=O)O[C@@H](Sc3ccccc3)[C@@H]2N2C(=O)c3ccccc3C2=O)cc1,COc1ccc(CO[C@H]2[C@@H](O)[C@@H](CN3C(=O)c4ccccc4C3=O)O[C@@H](OC)[C@@H]2N2C(=O)c3ccccc3C2=O)cc1,chiral_gine,crossattn_tri,2,2DDD79A0,thioglycoside,2017
1321,31-013-CAS-5127134,val,1,0.973818838596344,0.5299999999999999,1,1,COC(=O)[C@H]1O[C@@H](Sc2ccccc2)[C@H](OC(=O)c2ccccc2)[C@@H](OCc2ccccc2)[C@@H]1O[C@H]1O[C@H](COCc2ccc3ccccc3c2)[C@@H](OC(=O)CCl)[C@H](OCc2ccccc2)[C@H]1NC(=O)OCC(Cl)(Cl)Cl,COC(=O)[C@H]1O[C@@H](OCCCCCCNC(=O)OCc2ccccc2)[C@H](OC(=O)c2ccccc2)[C@@H](OCc2ccccc2)[C@@H]1O[C@H]1O[C@H](COCc2ccc3ccccc3c2)[C@@H](O)[C@H](OCc2ccccc2)[C@H]1NC(=O)OCC(Cl)(Cl)Cl,chiral_gine,crossattn_tri,2,09E4D3F8,thioglycoside,2012
1332,31-614-CAS-28172097,val,1,0.9743338227272034,0.5299999999999999,1,1,O=C1c2ccccc2C(=O)N1[C@@H]1[C@@H](OCc2ccccc2)[C@@H]2O[C@H](c3ccccc3)OC[C@H]2O[C@H]1S(=O)c1ccccc1,O=C1c2ccccc2C(=O)N1[C@@H]1[C@@H](O)[C@H](O)[C@@H](COCc2ccccc2)O[C@H]1Sc1ccccc1,chiral_gine,crossattn_tri,2,B7435BA0,thioglycoside,2011
1339,31-013-CAS-10274383,val,1,0.9279359579086304,0.5299999999999999,1,1,CC(C)(C)[Si](C)(C)OC[C@H]1O[C@@H](Sc2ccccc2)[C@H](N2C(=O)c3ccccc3C2=O)[C@@H](OC(=O)c2ccccc2)[C@@H]1OC(=O)c1ccccc1,COc1ccc(CO[C@@H]2O[C@H](CO[Si](C)(C)C(C)(C)C)[C@@H](O)[C@H](OC(C)=O)[C@H]2N2C(=O)c3ccccc3C2=O)cc1,chiral_gine,crossattn_tri,2,2A8FC82A,thioglycoside,2006
1345,31-013-CAS-1583370,val,0,0.08330328017473221,0.5299999999999999,0,1,CCS[C@H]1O[C@@H](C)[C@@H](OCc2ccccc2)[C@@H](OCc2ccccc2)[C@@H]1OCc1ccccc1,CCS[C@@H]1O[C@H](COCc2ccccc2)[C@@H](O)[C@H](OC(=O)OCC2c3ccccc3-c3ccccc32)[C@H]1N1C(=O)c2ccccc2C1=O,chiral_gine,crossattn_tri,2,A3B9EE7F,thioglycoside,2000
1364,31-013-CAS-12139860,val,1,0.9754102230072021,0.5299999999999999,1,1,CCS[C@@H]1O[C@H](COCc2ccccc2)[C@H](OC(C)=O)[C@H](OC(C)=O)[C@H]1OC(C)=O,CC(C)(C)[Si](OC[C@H]1O[C@@H](OCCCNC(=O)OCc2ccccc2)[C@H](N2C(=O)c3ccccc3C2=O)[C@@H](O)[C@@H]1O)(c1ccccc1)c1ccccc1,chiral_gine,crossattn_tri,2,FE2DD1FE,thioglycoside,2011
1367,31-013-CAS-15346520,val,0,0.9656769633293152,0.5299999999999999,1,0,CC(=O)OC[C@H]1O[C@@H](Sc2ccccc2)[C@@H]2NC(=O)O[C@H]2[C@@H]1OC(C)=O,CO[C@@H]1O[C@H](COCc2ccccc2)[C@@H](O)[C@H](OCc2ccccc2)[C@H]1N1C(=O)c2ccccc2C1=O,chiral_gine,crossattn_tri,2,BD4F90D4,thioglycoside,2001
1388,31-013-CAS-16806675,val,1,0.962588906288147,0.5299999999999999,1,1,CCS[C@@H]1O[C@H](COC(C)=O)[C@@H](OC(C)=O)[C@H](OC(C)=O)[C@H]1NC(=O)OCC(Cl)(Cl)Cl,C[Si](C)(C)CCO[C@@H]1O[C@H](COCc2ccccc2)[C@@H](O)[C@H](O)[C@H]1N1C(=O)c2ccccc2C1=O,chiral_gine,crossattn_tri,2,8F3E1E44,thioglycoside,2013
1401,31-013-CAS-7025003,val,1,0.9592891931533813,0.5299999999999999,1,1,CC(=O)OC[C@H]1O[C@@H](Sc2ccccc2)[C@H](N2C(=O)c3ccccc3C2=O)[C@@H](OC(C)=O)[C@@H]1OC(C)=O,O=C1c2ccccc2C(=O)N1[C@@H]1[C@@H](OCc2ccccc2)[C@H](O)[C@@H](COCc2ccccc2)O[C@H]1F,chiral_gine,crossattn_tri,2,70EC1330,thioglycoside,1994
1404,31-013-CAS-13253389,val,1,0.9591892957687378,0.5299999999999999,1,1,CC(=O)OC[C@H]1O[C@@H](Sc2ccc(C)cc2)[C@H](N2C(=O)c3ccccc3C2=O)[C@@H](OC(C)=O)[C@@H]1OC(C)=O,Cc1ccc(S[C@@H]2O[C@H](COC(=O)c3ccccc3)[C@@H](O)[C@H](OC(=O)c3ccccc3)[C@H]2N2C(=O)c3ccccc3C2=O)cc1,chiral_gine,crossattn_tri,2,DADC3F45,thioglycoside,2007
1413,31-013-CAS-15393474,val,1,0.9751303791999817,0.5299999999999999,1,1,CC(=O)OC[C@H]1O[C@@H](Sc2ccc(C)cc2)[C@H](N2C(=O)c3ccccc3C2=O)[C@@H](OC(C)=O)[C@@H]1OC(C)=O,CC(=O)O[C@H]1[C@H](O)[C@@H](COCc2ccccc2)O[C@@H](Sc2ccc(C)cc2)[C@@H]1N1C(=O)c2ccccc2C1=O,chiral_gine,crossattn_tri,2,A3453389,thioglycoside,2015
1419,31-013-CAS-13114298,val,1,0.9705663919448853,0.5299999999999999,1,1,CC(=O)O[C@H]1[C@H](OCc2ccccc2)[C@@H](N2C(=O)c3ccccc3C2=O)[C@H](O[C@H]2[C@H](OCc3ccccc3)[C@@H](N3C(=O)c4ccccc4C3=O)[C@H](O[C@H]3[C@H](OCc4ccccc4)[C@@H](N4C(=O)c5ccccc5C4=O)[C@H](Sc4ccccc4)O[C@@H]3COCc3ccccc3)O[C@@H]2COCc2ccccc2)O[C@@H]1COCc1ccccc1,O=C1c2ccccc2C(=O)N1[C@@H]1[C@@H](OCc2ccccc2)[C@H](O)[C@@H](COCc2ccccc2)O[C@H]1F,chiral_gine,crossattn_tri,2,55739CEE,thioglycoside,1995
1420,31-013-CAS-9397693,val,1,0.9639983773231506,0.5299999999999999,1,1,CC(=O)O[C@H]1[C@H](OCc2ccccc2)[C@@H](N2C(=O)c3ccccc3C2=O)[C@H](O[C@H]2[C@H](OCc3ccccc3)[C@@H](N3C(=O)c4ccccc4C3=O)[C@H](O[C@H]3[C@H](OCc4ccccc4)[C@@H](N4C(=O)c5ccccc5C4=O)[C@H](Sc4ccccc4)O[C@@H]3COCc3ccccc3)O[C@@H]2COCc2ccccc2)O[C@@H]1COCc1ccccc1,O=C1c2ccccc2C(=O)N1[C@@H]1[C@@H](OCc2ccccc2)[C@H](O)[C@@H](COCc2ccccc2)O[C@H]1F,chiral_gine,crossattn_tri,2,55739CEE,thioglycoside,1994
1424,31-614-CAS-27466391,val,1,0.9693992137908936,0.5299999999999999,1,1,O=C1c2ccccc2C(=O)N1[C@@H]1[C@@H](O)[C@H](O[C@@H]2O[C@@H]3CO[C@@H](c4ccccc4)O[C@H]3[C@H](OCc3ccccc3)[C@H]2N2C(=O)c3ccccc3C2=O)[C@@H](COCc2ccccc2)O[C@H]1S(=O)c1ccccc1,O=C1c2ccccc2C(=O)N1[C@@H]1[C@@H](O)[C@H](O[C@@H]2O[C@H](COCc3ccccc3)[C@@H](O)[C@H](OCc3ccccc3)[C@H]2N2C(=O)c3ccccc3C2=O)[C@@H](COCc2ccccc2)O[C@H]1Sc1ccccc1,chiral_gine,crossattn_tri,2,4DFB70F9,thioglycoside,2011
1442,31-013-CAS-13946827,val,0,0.00016015119035728276,0.5299999999999999,0,1,CC(=O)OC[C@H]1O[C@@H](Sc2ccc(C)cc2)[C@H]2[C@@H](OC(=O)N2C(C)=O)[C@@H]1OC(C)=O,CO[C@@H]1O[C@H](COCc2ccccc2)[C@@H](O)[C@H](OCc2ccccc2)[C@H]1N1C(=O)c2ccccc2C1=O,chiral_gine,crossattn_tri,2,E3D25800,thioglycoside,2005
1443,31-013-CAS-9587188,val,1,0.9760706424713135,0.5299999999999999,1,1,CC(=O)OC[C@H]1O[C@@H](Sc2ccc(C)cc2)[C@H](N2C(=O)c3ccccc3C2=O)[C@@H](OC(C)=O)[C@@H]1OC(C)=O,O=C1c2ccccc2C(=O)N1[C@@H]1[C@@H](OCc2ccccc2)[C@H](O)[C@@H](COCc2ccccc2)O[C@H]1Sc1ccc([N+](=O)[O-])cc1,chiral_gine,crossattn_tri,2,75CD16E2,thioglycoside,2006
1467,31-301-CAS-2081601,val,1,0.9383102655410767,0.5299999999999999,1,1,C[Si](C)(C)CCOC(=O)[C@H]1O[C@@H](S(=O)c2ccccc2)[C@H](OC(=O)c2ccccc2)[C@@H](OCc2ccccc2)[C@H]1OCc1ccccc1,C[C@H]1O[C@@H](Sc2ccccc2)[C@H](N2C(=O)c3c(Cl)c(Cl)c(Cl)c(Cl)c3C2=O)[C@@H](O)[C@@H]1O,chiral_gine,crossattn_tri,2,0E97B466,thioglycoside,2006
1472,31-013-CAS-6699934,val,1,0.9660802483558655,0.5299999999999999,1,1,CCS[C@@H]1O[C@H](COCc2ccccc2)[C@H](OC(C)=O)[C@H](OC(C)=O)[C@H]1OC(C)=O,C=CCCCO[C@@H]1O[C@H](COCc2ccccc2)[C@@H](O)[C@H](O)[C@H]1N1C(=O)c2c(Cl)c(Cl)c(Cl)c(Cl)c2C1=O,chiral_gine,crossattn_tri,2,83330A1B,thioglycoside,2001
1476,31-013-CAS-667641,val,1,0.9701588153839111,0.5299999999999999,1,1,CC(=O)OC[C@H]1O[C@@H](Sc2ccccc2)[C@H](N2C(=O)c3cc(Cl)c(Cl)cc3C2=O)[C@@H](OC(C)=O)[C@@H]1OC(C)=O,CC(=O)O[C@H]1[C@H](O)[C@@H](COCc2ccccc2)O[C@@H](Sc2ccccc2)[C@@H]1N1C(=O)c2cc(Cl)c(Cl)cc2C1=O,chiral_gine,crossattn_tri,2,ECD57BC1,thioglycoside,2005
1478,31-013-CAS-5019079,val,1,0.9628022313117981,0.5299999999999999,1,1,COC(=O)[C@@]1(O[C@H]2[C@@H](OC(=O)c3ccccc3)[C@@H](COC(=O)c3ccccc3)O[C@@H](SC)[C@@H]2OC(=O)c2ccccc2)C[C@H](OC(C)=O)[C@@H](NC(C)=O)[C@H]([C@H](OC(C)=O)[C@@H](COC(C)=O)OC(C)=O)O1,CCCCCCCCCCCCCCCC(=O)N[C@H]1[C@H](O[C@H]2[C@@H](OCc3ccccc3)[C@@H](COCc3ccccc3)O[C@@H](O[C@H]3[C@H](OCc4ccccc4)[C@@H](OCc4ccccc4)[C@H](OCC[Si](C)(C)C)O[C@@H]3COCc3ccccc3)[C@@H]2OCc2ccccc2)O[C@H](COCc2ccccc2)[C@@H](O)[C@@H]1OCc1ccccc1,chiral_gine,crossattn_tri,2,B7D0E7F9,thioglycoside,2002
1486,31-013-CAS-14570516,val,1,0.9698590636253357,0.5299999999999999,1,1,CS[C@@H]1O[C@H](COC(C)=O)[C@H](OC(C)=O)[C@H](OC(C)=O)[C@H]1OC(C)=O,[N-]=[N+]=N[C@@H]1O[C@H](COCc2ccccc2)[C@@H](O[C@@H]2O[C@H](COCc3ccccc3)[C@@H](O)[C@H](OCc3ccccc3)[C@H]2N2C(=O)c3ccccc3C2=O)[C@H](OCc2ccccc2)[C@H]1N1C(=O)c2ccccc2C1=O,chiral_gine,crossattn_tri,2,9DCC365F,thioglycoside,2014
1487,31-013-CAS-12428615,val,1,0.9488613605499268,0.5299999999999999,1,1,CS[C@@H]1O[C@H](COC(C)=O)[C@H](OC(C)=O)[C@H](OC(C)=O)[C@H]1OC(C)=O,[N-]=[N+]=N[C@@H]1O[C@H](COCc2ccccc2)[C@@H](O[C@@H]2O[C@H](COCc3ccccc3)[C@@H](O)[C@H](OCc3ccccc3)[C@H]2N2C(=O)c3ccccc3C2=O)[C@H](OCc2ccccc2)[C@H]1N1C(=O)c2ccccc2C1=O,chiral_gine,crossattn_tri,2,9DCC365F,thioglycoside,1999
1488,31-049-CAS-11753173,val,1,0.9440173506736755,0.5299999999999999,1,1,COc1ccc(CO[C@H]2[C@@H]3O[C@H](c4ccccc4)OC[C@H]3O[C@H](S(=O)c3ccccc3)[C@H]2OCc2ccccc2)cc1,[N-]=[N+]=N[C@@H]1O[C@H](COCc2ccccc2)[C@@H](O[C@@H]2O[C@H](COCc3ccccc3)[C@@H](O)[C@H](OCc3ccccc3)[C@H]2N2C(=O)c3ccccc3C2=O)[C@H](OCc2ccccc2)[C@H]1N1C(=O)c2ccccc2C1=O,chiral_gine,crossattn_tri,2,5A8D5351,thioglycoside,2011
1489,31-013-CAS-12313595,val,1,0.9674959778785706,0.5299999999999999,1,1,Cc1ccc(S[C@@H]2O[C@H](COCc3ccccc3)[C@@H](O[C@@H]3O[C@H](COCc4ccccc4)[C@@H](O[Si](C)(C)C(C)(C)C)[C@H](OCc4ccccc4)[C@H]3N3C(=O)c4ccccc4C3=O)[C@H](O)[C@H]2N2C(=O)c3ccccc3C2=O)cc1,Cc1ccc(S[C@@H]2O[C@H](COCc3ccccc3)[C@@H](O[C@@H]3O[C@H](COCc4ccccc4)[C@@H](O)[C@H](OCc4ccccc4)[C@H]3N3C(=O)c4ccccc4C3=O)[C@H](OC(=O)CCl)[C@H]2N2C(=O)c3ccccc3C2=O)cc1,chiral_gine,crossattn_tri,2,940CEF45,thioglycoside,2011
1500,31-013-CAS-11809252,val,0,0.5274509787559509,0.5299999999999999,0,1,CC(=O)OC[C@H]1O[C@@H](Sc2ccccc2)[C@H]2[C@@H](OC(=O)N2Cc2ccccc2)[C@@H]1OC(C)=O,COc1ccc(O[C@@H]2O[C@H](COCc3ccccc3)[C@@H](O)[C@H](OCc3ccccc3)[C@H]2N2C(=O)c3ccccc3C2=O)cc1,chiral_gine,crossattn_tri,2,90E0D817,thioglycoside,2011
1535,31-614-CAS-31005281,val,0,0.980498731136322,0.5299999999999999,1,0,CC(=O)OC[C@H]1O[C@@H](O[C@H]2[C@H](OC(C)=O)[C@@H](N3C(=O)c4ccccc4C3=O)[C@H](S(=O)c3cc(C(C)(C)C)ccc3C)O[C@@H]2COCc2ccccc2)[C@H](NC(=O)OCc2ccccc2)[C@@H](OC(C)=O)[C@@H]1OC(C)=O,COc1ccc(C(=O)OC[C@H]2O[C@@H](O[C@H]3[C@H](OC(C)=O)[C@@H](N4C(=O)c5ccccc5C4=O)[C@H](OCc4ccccc4)O[C@@H]3CO[Si](c3ccccc3)(c3ccccc3)C(C)(C)C)[C@H](N3C(=O)c4ccccc4C3=O)[C@@H](OC(C)=O)[C@@H]2O)cc1,chiral_gine,crossattn_tri,2,8EC4900F,thioglycoside,2013
1560,31-013-CAS-7871468,val,1,0.9692010879516602,0.5299999999999999,1,1,COC(=O)[C@@]1(O[C@H]2[C@H]3O[C@@H](c4ccccc4)OC[C@H]3O[C@@H](Sc3ccccc3)[C@@H]2OC(=O)c2ccccc2)C[C@@H]2OC(=O)N[C@H]2[C@H]([C@H](OC(=O)CCl)[C@@H](COC(=O)CCl)OC(=O)CCl)O1,CC(C)(C)[Si](C)(C)O[C@H]1[C@H](OCc2ccccc2)[C@@H](OC(=O)c2ccccc2)[C@H](O[C@@H]2[C@H](O[C@@H]3O[C@H](COCc4ccccc4)[C@@H](O)[C@H](OCc4ccccc4)[C@H]3N3C(=O)c4ccccc4C3=O)[C@@H](OC(=O)c3ccccc3)[C@H](OCCN=[N+]=[N-])O[C@@H]2COCc2ccccc2)O[C@@H]1COCc1ccccc1,chiral_gine,crossattn_tri,2,156F08F1,thioglycoside,2015
2,31-010-CAS-19309609,test,1,0.9814055562019348,0.5299999999999999,1,1,CC(=O)OC[C@H]1O[C@H](OC(=N)C(Cl)(Cl)Cl)[C@H](OC(C)=O)[C@@H](OC(C)=O)[C@H]1OC(C)=O,CC(C)C(C)(C)[Si](C)(C)O[C@@H]1O[C@H](COCc2ccccc2)[C@@H](O)[C@H](OCc2ccccc2)[C@H]1N=[N+]=[N-],chiral_gine,crossattn_tri,2,13DBE984,trichloroacetimidate,2018
16,31-010-CAS-22198130,test,1,0.970705509185791,0.5299999999999999,1,1,CC(=O)O[C@@H]1[C@@H](OC(C)=O)[C@H](OC(=N)C(Cl)(Cl)Cl)O[C@@H]2CO[C@@H](c3ccccc3)O[C@@H]12,Cc1ccc(S[C@@H]2O[C@H](CO[Si](c3ccccc3)(c3ccccc3)C(C)(C)C)[C@@H](O)[C@H](OCc3ccc4ccccc4c3)[C@H]2N=[N+]=[N-])cc1,chiral_gine,crossattn_tri,2,7A7B8711,trichloroacetimidate,2020
26,31-614-CAS-31203171,test,0,0.694247305393219,0.5299999999999999,1,0,CC(=O)OC[C@H]1O[C@H](OC(=N)C(Cl)(Cl)Cl)[C@@H](OC(C)=O)[C@@H](OC(C)=O)[C@@H]1OC(C)=O,C=CCO[C@@H]1[C@H](OCc2ccc3ccccc3c2)[C@H](OCc2ccc3ccccc3c2)[C@@H](OCc2ccc3ccccc3c2)[C@H](OCc2ccc3ccccc3c2)[C@H]1O[C@H]1O[C@H](COCc2ccc3ccccc3c2)[C@@H](O)[C@H](OCc2ccc3ccccc3c2)[C@H]1N=[N+]=[N-],chiral_gine,crossattn_tri,2,13037F0F,trichloroacetimidate,2021
29,31-010-CAS-19796349,test,1,0.971608579158783,0.5299999999999999,1,1,CC(=O)OC[C@H]1O[C@H](OC(=N)C(Cl)(Cl)Cl)[C@H](OC(C)=O)[C@@H](OC(C)=O)[C@H]1OC(C)=O,CC(C)(C)[Si](OC[C@H]1O[C@@H](Sc2ccccc2)[C@H](N2C(=O)c3ccccc3C2=O)[C@@H](O)[C@@H]1O)(c1ccccc1)c1ccccc1,chiral_gine,crossattn_tri,2,5210ADD8,trichloroacetimidate,2019
50,31-614-CAS-24990873,test,0,0.008531550876796246,0.5299999999999999,0,1,CC(=O)OC[C@H]1O[C@H](OC(=N)C(Cl)(Cl)Cl)[C@@H](OC(=O)c2ccccc2)[C@@H](OC(=O)c2ccccc2)[C@@H]1OC(C)=O,CO[C@H]1O[C@H](COC(=O)c2ccccc2)[C@@H](O)[C@H](OC(=O)c2ccccc2)[C@H]1NC(C)=O,chiral_gine,crossattn_tri,2,C32D5B13,trichloroacetimidate,2021
54,31-010-CAS-19796375,test,1,0.9664362668991089,0.5299999999999999,1,1,CC(=O)OC[C@H]1O[C@H](OC(=N)C(Cl)(Cl)Cl)[C@H](OC(C)=O)[C@@H](OC(C)=O)[C@H]1OC(C)=O,CCS[C@@H]1O[C@H](CO[Si](c2ccccc2)(c2ccccc2)C(C)(C)C)[C@@H](O)[C@H](O)[C@H]1N1C(=O)c2ccccc2C1=O,chiral_gine,crossattn_tri,2,E7848288,trichloroacetimidate,2019
60,31-614-CAS-40997622,test,1,0.9725695848464966,0.5299999999999999,1,1,CC(=O)OC[C@H]1OC(OC(=N)C(Cl)(Cl)Cl)[C@H](OC(C)=O)[C@@H](OCc2ccc3ccccc3c2)[C@@H]1OC(C)=O,COc1ccc(O[C@@H]2O[C@H](COCc3ccccc3)[C@@H](O)[C@H](OCc3ccccc3)[C@H]2N2C(=O)c3ccccc3C2=O)cc1,chiral_gine,crossattn_tri,2,B45DC0EE,trichloroacetimidate,2024
61,31-614-CAS-36756610,test,1,0.9725695848464966,0.5299999999999999,1,1,CC(=O)OC[C@H]1OC(OC(=N)C(Cl)(Cl)Cl)[C@H](OC(C)=O)[C@@H](OCc2ccc3ccccc3c2)[C@@H]1OC(C)=O,COc1ccc(O[C@@H]2O[C@H](COCc3ccccc3)[C@@H](O)[C@H](OCc3ccccc3)[C@H]2N2C(=O)c3ccccc3C2=O)cc1,chiral_gine,crossattn_tri,2,B45DC0EE,trichloroacetimidate,2023
62,31-614-CAS-34529820,test,1,0.9725695848464966,0.5299999999999999,1,1,CC(=O)OC[C@H]1OC(OC(=N)C(Cl)(Cl)Cl)[C@H](OC(C)=O)[C@@H](OCc2ccc3ccccc3c2)[C@@H]1OC(C)=O,COc1ccc(O[C@@H]2O[C@H](COCc3ccccc3)[C@@H](O)[C@H](OCc3ccccc3)[C@H]2N2C(=O)c3ccccc3C2=O)cc1,chiral_gine,crossattn_tri,2,B45DC0EE,trichloroacetimidate,2022
81,31-010-CAS-19796376,test,1,0.9620139598846436,0.5299999999999999,1,1,CC(=O)OC[C@H]1O[C@H](OC(=N)C(Cl)(Cl)Cl)[C@H](OC(C)=O)[C@@H](OC(C)=O)[C@H]1OC(C)=O,C=CCO[C@@H]1O[C@H](CO[Si](c2ccccc2)(c2ccccc2)C(C)(C)C)[C@@H](O)[C@H](O)[C@H]1N1C(=O)c2ccccc2C1=O,chiral_gine,crossattn_tri,2,CAB2D6EE,trichloroacetimidate,2019
98,31-010-CAS-19796378,test,1,0.9626390337944031,0.5299999999999999,1,1,CC(=O)OC[C@H]1O[C@H](OC(=N)C(Cl)(Cl)Cl)[C@H](OC(C)=O)[C@@H](OC(C)=O)[C@H]1OC(C)=O,CC(C)(C)[Si](OC[C@H]1O[C@@H](OCc2ccccc2)[C@H](N2C(=O)c3ccccc3C2=O)[C@@H](O)[C@@H]1O)(c1ccccc1)c1ccccc1,chiral_gine,crossattn_tri,2,202CBFD7,trichloroacetimidate,2019
105,31-614-CAS-45260375,test,1,0.9202589988708496,0.5299999999999999,1,1,CC(=O)OC[C@H]1OC(OC(=N)C(Cl)(Cl)Cl)[C@H](OC(C)=O)[C@@H](OC(C)=O)[C@@H]1OC(C)=O,[N-]=[N+]=N[C@H]1[C@H](OCc2ccccc2)O[C@H](COCc2ccccc2)[C@@H](O)[C@@H]1OCc1ccccc1,chiral_gine,crossattn_tri,2,C67393D0,trichloroacetimidate,2025
115,31-010-CAS-20490526,test,1,0.9831468462944031,0.5299999999999999,1,1,CC(=O)O[C@@H]1[C@H](OC(=O)CCl)[C@@H](OC(C)=O)[C@@H](OC(=N)C(Cl)(Cl)Cl)O[C@@H]1COC(=O)C(C)(C)C,CCCCCO[C@@H]1O[C@H](COC(=O)c2ccccc2)[C@@H](O)[C@H](OC(=O)CCl)[C@H]1NC(C)=O,chiral_gine,crossattn_tri,2,2193CCE0,trichloroacetimidate,2019
124,31-614-CAS-42085603,test,1,0.8366588950157166,0.5299999999999999,1,1,CC(=O)OC[C@H]1O[C@H](OC(=N)C(Cl)(Cl)Cl)[C@H](OC(C)=O)[C@@H](OC(C)=O)[C@H]1OC(C)=O,[N-]=[N+]=N[C@@H]1[C@@H](OCc2ccccc2)[C@H](O)[C@@H](COCc2ccccc2)O[C@H]1SC1CCCCC1,chiral_gine,crossattn_tri,2,F2BC707F,trichloroacetimidate,2023
128,31-010-CAS-19010376,test,0,0.9768908023834229,0.5299999999999999,1,0,CC(=O)O[C@H]1[C@@H](NC(=O)OCC(Cl)(Cl)Cl)[C@@H](C)OC(OC(=N)C(Cl)(Cl)Cl)[C@@H]1N=[N+]=[N-],COc1ccc(O[C@@H]2O[C@H](COCc3ccccc3)[C@H](O)[C@H](O[C@@H]3O[C@@H]([C@@H](COCc4ccccc4)OCc4ccccc4)[C@H](OCc4ccccc4)[C@H]3OCc3ccccc3)[C@H]2N=[N+]=[N-])cc1,chiral_gine,crossattn_tri,2,0504DA92,trichloroacetimidate,2018
130,31-614-CAS-31540785,test,1,0.3253261148929596,0.5299999999999999,0,0,N=C(O[C@H]1O[C@@H]2CO[C@@H](c3ccc4ccccc4c3)O[C@H]2[C@H](OCc2ccccc2)[C@@H]1OCc1ccccc1)C(Cl)(Cl)Cl,O=C1c2ccccc2C(=O)N1[C@H]1[C@H](OCc2ccccc2)O[C@H](COCc2ccccc2)[C@@H](O)[C@@H]1OCc1ccccc1,chiral_gine,crossattn_tri,2,9189441C,trichloroacetimidate,2021
134,31-614-CAS-24415800,test,0,0.9728094935417175,0.5299999999999999,1,0,N=C(O[C@H]1O[C@@H]2CO[C@@H](c3ccc4ccccc4c3)O[C@H]2[C@H](OCc2ccccc2)[C@H]1OCc1ccccc1)C(Cl)(Cl)Cl,O=C1c2ccccc2C(=O)N1[C@H]1[C@H](OCc2ccccc2)O[C@H](COCc2ccccc2)[C@@H](O)[C@@H]1OCc1ccccc1,chiral_gine,crossattn_tri,2,934B1B24,trichloroacetimidate,2021
140,31-010-CAS-20254379,test,1,0.9483692049980164,0.5299999999999999,1,1,CC(=O)OC[C@H]1O[C@H](OC(=N)C(Cl)(Cl)Cl)[C@H](NC(=O)OCC(Cl)(Cl)Cl)[C@@H](OC(C)=O)[C@@H]1OC(C)=O,CC(=O)N[C@H]1[C@@H](OCc2ccccc2)O[C@H](COCc2ccccc2)[C@@H](O)[C@@H]1O[C@H](C)C(=O)N[C@@H](C)C(=O)OCCS(=O)(=O)c1ccccc1,chiral_gine,crossattn_tri,2,6FC1F800,trichloroacetimidate,2018
152,31-010-CAS-23201394,test,1,0.975501537322998,0.5299999999999999,1,1,CC(=O)OC[C@H]1O[C@H](OC(=N)C(Cl)(Cl)Cl)[C@H](OC(C)=O)[C@@H](OC(C)=O)[C@H]1OC(C)=O,CC(=O)CCC(=O)O[C@@H]1[C@@H](NC(C)=O)[C@H](OCCCCCCCl)O[C@H](COC(=O)c2ccccc2)[C@H]1O[C@@H]1O[C@H](COC(=O)C(C)(C)C)[C@H](OC(C)=O)[C@H](O[C@@H]2O[C@H](COC(=O)c3ccccc3)[C@@H](O)[C@H](OC(C)=O)[C@H]2NC(=O)CCl)[C@H]1OC(C)=O,chiral_gine,crossattn_tri,2,9ADB930A,trichloroacetimidate,2019
154,31-614-CAS-38095642,test,1,0.9744217991828918,0.5299999999999999,1,1,N=C(O[C@H]1O[C@H](COC(=O)c2ccccc2)[C@H](OC(=O)c2ccccc2)[C@H](OC(=O)c2ccccc2)[C@H]1OC(=O)c1ccccc1)C(Cl)(Cl)Cl,CCS[C@@H]1O[C@H](COCc2ccccc2)[C@@H](O)[C@H](OCc2ccccc2)[C@H]1N1C(=O)c2ccccc2C1=O,chiral_gine,crossattn_tri,2,2E7F284C,trichloroacetimidate,2023
157,31-010-CAS-23202756,test,1,0.9699033498764038,0.5299999999999999,1,1,CC(=O)OC[C@H]1O[C@H](OC(=N)C(Cl)(Cl)Cl)[C@H](OC(C)=O)[C@@H](OC(C)=O)[C@H]1OC(C)=O,CC(=O)CCC(=O)O[C@@H]1[C@@H](NC(C)=O)[C@H](OCCCCCCCl)O[C@H](COC(=O)c2ccccc2)[C@H]1O[C@@H]1O[C@H](COC(=O)C(C)(C)C)[C@H](OC(C)=O)[C@H](O[C@@H]2O[C@H](COC(=O)c3ccccc3)[C@@H](O)[C@H](OC(C)=O)[C@H]2NC(C)=O)[C@H]1OC(C)=O,chiral_gine,crossattn_tri,2,A9B40C6A,trichloroacetimidate,2019
167,31-614-CAS-46131118,test,1,0.9757055640220642,0.5299999999999999,1,1,CC(=O)OC[C@H]1OC(OC(=N)C(Cl)(Cl)Cl)[C@H](OC(C)=O)[C@@H](OC(C)=O)[C@H]1OC(C)=O,CO[C@@H]1O[C@H](COCc2ccccc2)[C@@H](O)[C@H](OCc2ccccc2)[C@H]1N1C(=O)c2ccccc2C1=O,chiral_gine,crossattn_tri,2,BFAE71AF,trichloroacetimidate,2024
171,31-010-CAS-23204857,test,1,0.9702820181846619,0.5299999999999999,1,1,CC(=O)OC[C@H]1O[C@H](OC(=N)C(Cl)(Cl)Cl)[C@H](OC(C)=O)[C@@H](OC(C)=O)[C@H]1OC(C)=O,CC(=O)CCC(=O)O[C@@H]1[C@@H](NC(C)=O)[C@H](OCCCCCCCl)O[C@H](COC(=O)c2ccccc2)[C@H]1O[C@@H]1O[C@H](COC(=O)C(C)(C)C)[C@H](OC(C)=O)[C@H](O[C@@H]2O[C@H](COC(=O)CCl)[C@@H](O)[C@H](OC(C)=O)[C@H]2NC(C)=O)[C@H]1OC(C)=O,chiral_gine,crossattn_tri,2,2F36D2BC,trichloroacetimidate,2019
172,31-010-CAS-23202499,test,1,0.9768353700637817,0.5299999999999999,1,1,CC(=O)OC[C@H]1O[C@H](OC(=N)C(Cl)(Cl)Cl)[C@H](OC(C)=O)[C@@H](OC(C)=O)[C@H]1OC(C)=O,CC(=O)CCC(=O)O[C@@H]1[C@@H](NC(C)=O)[C@H](OCCCCCCCl)O[C@H](COC(=O)c2ccccc2)[C@H]1O[C@@H]1O[C@H](COC(=O)C(C)(C)C)[C@H](OC(C)=O)[C@H](O[C@@H]2O[C@H](COC(=O)CCl)[C@@H](O)[C@H](OC(C)=O)[C@H]2NC(=O)CCl)[C@H]1OC(C)=O,chiral_gine,crossattn_tri,2,2CD288C2,trichloroacetimidate,2019
179,31-010-CAS-20996842,test,1,0.9711568355560303,0.5299999999999999,1,1,CC(=O)OC[C@H]1OC(OC(=N)C(Cl)(Cl)Cl)[C@H](OC(C)=O)[C@@H](OC(C)=O)[C@@H]1OC(C)=O,CCCC(=O)N[C@H]1C(OCc2ccccc2)O[C@H](COCc2ccccc2)[C@@H](O)[C@@H]1OCc1ccccc1,chiral_gine,crossattn_tri,2,7DE3A745,trichloroacetimidate,2019
194,31-614-CAS-37304630,test,1,0.9792988300323486,0.5299999999999999,1,1,N=C(O[C@H]1O[C@H](COC(=O)c2ccccc2)[C@H](OC(=O)c2ccccc2)[C@H](OC(=O)c2ccccc2)[C@H]1OC(=O)c1ccccc1)C(Cl)(Cl)Cl,CC(=O)O[C@H]1[C@H](O)[C@@H](COCc2ccccc2)O[C@@H](OCCCCCN=[N+]=[N-])[C@@H]1NC(=O)C(F)(F)F,chiral_gine,crossattn_tri,2,5E2397D7,trichloroacetimidate,2023
195,31-614-CAS-36199892,test,1,0.9652888178825378,0.5299999999999999,1,1,CC(=O)OC[C@H]1O[C@@H](OC(=N)C(Cl)(Cl)Cl)[C@H](OC(C)=O)[C@@H](OC(C)=O)[C@@H]1OC(C)=O,CC(=O)N[C@H]1[C@H](Oc2ccc([N+](=O)[O-])cc2)O[C@H](CO[Si](c2ccccc2)(c2ccccc2)C(C)(C)C)[C@@H](O)[C@@H]1O,chiral_gine,crossattn_tri,2,233C91D0,trichloroacetimidate,2023
227,31-010-CAS-22039672,test,1,0.9683950543403625,0.5299999999999999,1,1,CC(=O)OC[C@H]1O[C@H](OC(=N)C(Cl)(Cl)Cl)[C@H](NC(=O)OCC(Cl)(Cl)Cl)[C@@H](OC(C)=O)[C@@H]1OC(C)=O,CC(=O)N[C@H]1[C@H](OCc2ccccc2)O[C@H](C)[C@@H](O)[C@@H]1OC(=O)c1ccccc1,chiral_gine,crossattn_tri,2,90E5881E,trichloroacetimidate,2020
277,31-010-CAS-23636152,test,1,0.07195038348436356,0.5299999999999999,0,0,CC(=O)OC[C@H]1OC(OC(=N)C(Cl)(Cl)Cl)[C@H](OC(C)=O)[C@@H](OCc2ccc3ccccc3c2)[C@H]1OC(C)=O,[N-]=[N+]=NCCCCCO[C@@H]1O[C@H](COCc2ccccc2)[C@@H](O)[C@H](OCc2ccccc2)[C@H]1N=[N+]=[N-],chiral_gine,crossattn_tri,2,364F5128,trichloroacetimidate,2021
279,31-010-CAS-23200638,test,1,0.9793553948402405,0.5299999999999999,1,1,CC(=O)O[C@@H]1[C@H](OC(=O)CCl)[C@@H](OC(C)=O)[C@@H](OC(=N)C(Cl)(Cl)Cl)O[C@@H]1COC(=O)C(C)(C)C,CC(=O)CCC(=O)O[C@H]1[C@H](O)[C@@H](COC(=O)c2ccccc2)O[C@@H](OCCCCCCCl)[C@@H]1NC(C)=O,chiral_gine,crossattn_tri,2,40FAC7A9,trichloroacetimidate,2019
285,31-010-CAS-19796356,test,1,0.9732798933982849,0.5299999999999999,1,1,CC(=O)OC[C@H]1O[C@H](OC(=N)C(Cl)(Cl)Cl)[C@H](OC(C)=O)[C@@H](OC(C)=O)[C@H]1OC(C)=O,CCS[C@@H]1O[C@H](COCc2ccccc2)[C@@H](O)[C@H](O)[C@H]1N1C(=O)c2ccccc2C1=O,chiral_gine,crossattn_tri,2,AFFA3055,trichloroacetimidate,2019
287,31-010-CAS-19796366,test,1,0.9921857714653015,0.5299999999999999,1,1,CC(=O)OC[C@H]1O[C@H](OC(=N)C(Cl)(Cl)Cl)[C@H](OC(C)=O)[C@@H](OC(C)=O)[C@H]1OC(C)=O,C=CCO[C@@H]1O[C@H](CO[Si](c2ccccc2)(c2ccccc2)C(C)(C)C)[C@@H](O)[C@H](O)[C@H]1NC(C)=O,chiral_gine,crossattn_tri,2,22D19DD0,trichloroacetimidate,2019
288,31-010-CAS-19796367,test,1,0.9886282086372375,0.5299999999999999,1,1,CC(=O)OC[C@H]1O[C@H](OC(=N)C(Cl)(Cl)Cl)[C@H](OC(C)=O)[C@@H](OC(C)=O)[C@H]1OC(C)=O,CC(=O)N[C@@H]1[C@@H](O)[C@H](O)[C@@H](CO[Si](c2ccccc2)(c2ccccc2)C(C)(C)C)O[C@H]1N=[N+]=[N-],chiral_gine,crossattn_tri,2,A43F3DD7,trichloroacetimidate,2019
290,31-010-CAS-19796358,test,1,0.9734566807746887,0.5299999999999999,1,1,CC(=O)O[C@H]1[C@@H](OC(C)=O)[C@@H](COCc2ccccc2)O[C@H](OC(=N)C(Cl)(Cl)Cl)[C@@H]1OC(C)=O,O=C1c2ccccc2C(=O)N1[C@@H]1[C@@H](O)[C@H](O)[C@@H](COCc2ccccc2)O[C@H]1Sc1ccccc1,chiral_gine,crossattn_tri,2,3D937930,trichloroacetimidate,2019
314,31-010-CAS-22193745,test,1,0.6485965847969055,0.5299999999999999,1,1,C[C@@H]1O[C@@H](OC(=N)C(Cl)(Cl)Cl)[C@H](OCc2ccc3ccccc3c2)[C@H](OC(=O)c2ccccn2)[C@H]1OCc1ccccc1,CCS[C@@H]1O[C@H](COCc2ccccc2)[C@@H](O)[C@H](OC(C)=O)[C@H]1N1C(=O)c2ccccc2C1=O,chiral_gine,crossattn_tri,2,B9A5A650,trichloroacetimidate,2020
385,31-614-CAS-34295243,test,0,0.9270245432853699,0.5299999999999999,1,0,CC(=O)N[C@@H]1[C@H](O[C@H]2[C@H](OCc3ccccc3)[C@@H](OCc3ccccc3)[C@@H](OC(=N)C(Cl)(Cl)Cl)O[C@@H]2COCc2ccccc2)O[C@@H]2CO[C@@H](c3ccccc3)O[C@H]2[C@@H]1OCc1ccccc1,CC(=O)N[C@@H]1[C@H](O[C@H]2[C@H](OCc3ccccc3)[C@@H](OCc3ccccc3)[C@H](OCCCN(Cc3ccccc3)C(=O)OCc3ccccc3)O[C@@H]2COCc2ccccc2)O[C@H](COCc2ccccc2)[C@@H](O)[C@@H]1OCc1ccccc1,chiral_gine,crossattn_tri,2,0F47BE61,trichloroacetimidate,2021
404,31-010-CAS-22593839,test,1,0.6401659846305847,0.5299999999999999,1,1,CC(=O)OC[C@H]1O[C@H](O[C@H]2[C@H](OCc3ccccc3)[C@@H](OC(=O)c3ccccc3)[C@H](OC(=N)C(Cl)(Cl)Cl)O[C@@H]2COC(=O)CCl)[C@H](N=[N+]=[N-])[C@@H](OCc2ccccc2)[C@@H]1OC(=O)OCC1c2ccccc2-c2ccccc21,COc1ccc(O[C@@H]2O[C@H](COC(=O)CCl)[C@@H](O[C@H]3O[C@H](COC(C)=O)[C@@H](O)[C@H](OCc4ccccc4)[C@H]3N=[N+]=[N-])[C@H](OCc3ccccc3)[C@H]2OC(=O)c2ccccc2)cc1,chiral_gine,crossattn_tri,2,69613088,trichloroacetimidate,2020
406,31-010-CAS-18971959,test,1,0.9707539081573486,0.5299999999999999,1,1,N=C(O[C@H]1O[C@H](COC(=O)c2ccccc2)[C@H](OC(=O)c2ccccc2)[C@H](O[C@H]2O[C@H](COCc3ccccc3)[C@H](OCc3ccccc3)[C@H](OCc3ccccc3)[C@H]2OCc2ccccc2)[C@H]1OC(=O)c1ccccc1)C(Cl)(Cl)Cl,COc1ccc(S[C@@H]2O[C@H](COCc3ccccc3)[C@@H](O)[C@H](O)[C@H]2N2C(=O)c3ccccc3C2=O)cc1,chiral_gine,crossattn_tri,2,EFDDC478,trichloroacetimidate,2018
447,31-614-CAS-31540777,test,1,0.04068353772163391,0.5299999999999999,0,0,COc1ccc(CO[C@@H]2[C@H](OCc3ccccc3)[C@@H](OC(=N)C(Cl)(Cl)Cl)O[C@@H]3CO[C@@H](c4ccc5ccccc5c4)O[C@@H]23)cc1,[N-]=[N+]=N[C@@H]1O[C@H](COCc2ccccc2)[C@@H](O[C@@H]2O[C@H](COCc3ccccc3)[C@@H](O)[C@H](OCc3ccccc3)[C@H]2N2C(=O)c3ccccc3C2=O)[C@H](OCc2ccccc2)[C@H]1N1C(=O)c2ccccc2C1=O,chiral_gine,crossattn_tri,2,B46D325C,trichloroacetimidate,2021
465,31-010-CAS-21706630,test,1,0.9304315447807312,0.5299999999999999,1,1,COC(=O)[C@@]1(O[C@H]2[C@@H](OC(=O)c3ccccc3)[C@@H](COC(=O)c3ccccc3)OC(OC(=N)C(Cl)(Cl)Cl)[C@@H]2OC(=O)c2ccccc2)C[C@H](OC(=O)c2cc([N+](=O)[O-])ccn2)[C@@H](NC(=O)OCC(Cl)(Cl)Cl)[C@H]([C@H](OC(C)=O)[C@@H](COC(C)=O)OC(C)=O)O1,COc1ccc(O[C@H]2O[C@H](COCc3ccccc3)[C@@H](O)[C@H](OCc3ccccc3)[C@H]2N=[N+]=[N-])cc1,chiral_gine,crossattn_tri,2,8F015767,trichloroacetimidate,2020
468,31-010-CAS-20773553,test,0,0.023593459278345108,0.5299999999999999,0,1,C[C@@H]1O[C@@H](OC(=N)C(Cl)(Cl)Cl)[C@@H]2OC(C)(C)O[C@@H]2[C@H]1O[C@@H]1OC[C@@H](OCc2ccccc2)[C@H](OCc2ccccc2)[C@H]1OCc1ccccc1,CC(C)[Si](O[C@@H]1O[C@H](COCc2ccccc2)[C@H](N=[N+]=[N-])[C@H](OCc2ccccc2)[C@H]1O)(C(C)C)C(C)C,chiral_gine,crossattn_tri,2,AB82E8AC,trichloroacetimidate,2018
480,31-614-CAS-44041067,test,1,0.9627583622932434,0.5299999999999999,1,1,N=C(OC1O[C@H](COC(=O)c2ccccc2)[C@H](OCc2ccccc2)[C@H](O[C@@H]2O[C@H](COC(=O)c3ccccc3)[C@@H](OCc3ccccc3)[C@H](O[C@@H]3O[C@H](COCc4ccccc4)[C@H](OCc4ccccc4)[C@H](OCc4ccccc4)[C@H]3OC(=O)c3ccccc3)[C@H]2N2C(=O)c3ccccc3C2=O)[C@H]1OC(=O)c1ccccc1)C(Cl)(Cl)Cl,O=C(OC[C@H]1O[C@@H](O[C@H]2[C@@H](OCc3ccccc3)[C@@H](COC(=O)c3ccccc3)O[C@@H](O[C@H]3[C@H](OCc4ccccc4)[C@@H](OCc4ccccc4)[C@H](OCc4ccccc4)O[C@@H]3COCc3ccccc3)[C@@H]2OC(=O)c2ccccc2)[C@H](N2C(=O)c3ccccc3C2=O)[C@@H](OCc2ccccc2)[C@@H]1O)c1ccccc1,chiral_gine,crossattn_tri,2,4432EAA7,trichloroacetimidate,2023
485,31-010-CAS-19226917,test,0,0.0064316242933273315,0.5299999999999999,0,1,COc1ccc(C(=O)O[C@@H]2[C@H](OCc3ccc4ccccc4c3)[C@@H](OCc3ccc4ccccc4c3)[C@@H](OC[C@H]3O[C@H](O[C@@H]4[C@H](OC(C)=O)[C@@H](OC(=N)C(Cl)(Cl)Cl)O[C@H](CO[Si](c5ccccc5)(c5ccccc5)C(C)(C)C)[C@H]4OCc4ccccc4)[C@H](OCc4ccccc4)[C@@H](OCc4ccccc4)[C@H]3OCc3ccccc3)O[C@@H]2COCc2ccc3ccccc3c2)cc1,C=CCO[C@@H]1[C@H](OCc2ccccc2)[C@H](OCc2ccccc2)[C@@H](OCc2ccccc2)[C@H](OCc2ccccc2)[C@H]1O[C@H]1O[C@H](COCc2ccccc2)[C@@H](O)[C@H](OCc2ccccc2)[C@H]1N=[N+]=[N-],chiral_gine,crossattn_tri,2,5000469C,trichloroacetimidate,2018
486,31-614-CAS-44041075,test,1,0.9708952903747559,0.5299999999999999,1,1,N=C(OC1O[C@H](COC(=O)c2ccccc2)[C@H](OCc2ccccc2)[C@H](O[C@@H]2O[C@H](COC(=O)c3ccccc3)[C@@H](O[C@@H]3O[C@H](COCc4ccccc4)[C@H](OCc4ccccc4)[C@H](OCc4ccccc4)[C@H]3OC(=O)c3ccccc3)[C@H](OCc3ccccc3)[C@H]2N2C(=O)c3ccccc3C2=O)[C@H]1OC(=O)c1ccccc1)C(Cl)(Cl)Cl,O=C(OC[C@H]1O[C@@H](O[C@H]2[C@@H](OCc3ccccc3)[C@@H](COC(=O)c3ccccc3)O[C@@H](O[C@H]3[C@H](OCc4ccccc4)[C@@H](OCc4ccccc4)[C@H](OCc4ccccc4)O[C@@H]3COCc3ccccc3)[C@@H]2OC(=O)c2ccccc2)[C@H](N2C(=O)c3ccccc3C2=O)[C@@H](OCc2ccccc2)[C@@H]1O)c1ccccc1,chiral_gine,crossattn_tri,2,E6C712D0,trichloroacetimidate,2023
573,31-010-CAS-22954860,test,0,0.8838108777999878,0.5299999999999999,1,0,COc1ccc(CO[C@H]2[C@H](OCc3ccccc3)[C@@H](N=[N+]=[N-])C(OC(=Nc3ccccc3)C(F)(F)F)O[C@@H]2COCc2ccccc2)cc1,[N-]=[N+]=N[C@H]1[C@@H](OCCCCCC(=O)OCc2ccccc2)O[C@H](COCc2ccccc2)[C@@H](O[C@H]2O[C@H](COCc3ccccc3)[C@@H](O)[C@H](OCc3ccccc3)[C@H]2N=[N+]=[N-])[C@@H]1OCc1ccccc1,chiral_gine,crossattn_tri,2,442B190C,trifluoroacetimidate,2020
575,31-010-CAS-22956845,test,0,0.8645632266998291,0.5299999999999999,1,0,COc1ccc(CO[C@H]2[C@H](OCc3ccccc3)[C@@H](N=[N+]=[N-])C(OC(=Nc3ccccc3)C(F)(F)F)O[C@@H]2COCc2ccccc2)cc1,[N-]=[N+]=N[C@H]1[C@@H](OCCCCCC(=O)OCc2ccccc2)O[C@H](COCc2ccccc2)[C@@H](O[C@H]2O[C@H](COCc3ccccc3)[C@@H](O[C@H]3O[C@H](COCc4ccccc4)[C@@H](O)[C@H](OCc4ccccc4)[C@H]3N=[N+]=[N-])[C@H](OCc3ccccc3)[C@H]2N=[N+]=[N-])[C@@H]1OCc1ccccc1,chiral_gine,crossattn_tri,2,89F706BA,trifluoroacetimidate,2020
578,31-614-CAS-41430052,test,1,0.9075725674629211,0.5299999999999999,1,1,O=C(O[C@H]1C(OC(=Nc2ccccc2)C(F)(F)F)O[C@@H]2CO[C@@H](c3ccccc3)O[C@H]2[C@@H]1OCc1ccccc1)c1ccccc1,COc1ccc(O[C@@H]2O[C@H](CO[Si](c3ccccc3)(c3ccccc3)C(C)(C)C)[C@@H](O)[C@H](OCc3ccc(Br)cc3)[C@H]2N=[N+]=[N-])cc1,chiral_gine,crossattn_tri,2,1E5E187C,trifluoroacetimidate,2023
580,31-614-CAS-41495780,test,0,0.9161362648010254,0.5299999999999999,1,0,C[C@@H]1OC(OC(=Nc2ccccc2)C(F)(F)F)[C@H](N=[N+]=[N-])[C@H](OCc2ccccc2)[C@H]1OCc1ccccc1,[N-]=[N+]=N[C@H]1[C@@H](OCCCNC(=O)OCc2ccccc2)O[C@H](C(=O)OCc2ccccc2)[C@H](O)[C@@H]1OCc1ccc2ccccc2c1,chiral_gine,crossattn_tri,2,F60E9B4C,trifluoroacetimidate,2023
581,31-010-CAS-22593840,test,1,0.9566897749900818,0.5299999999999999,1,1,CC(=O)OC[C@H]1O[C@H](O[C@H]2[C@H](OCc3ccccc3)[C@@H](OC(=O)c3ccccc3)[C@H](OC(=Nc3ccccc3)C(F)(F)F)O[C@@H]2COC(=O)CCl)[C@H](N=[N+]=[N-])[C@@H](OCc2ccccc2)[C@@H]1OC(=O)OCC1c2ccccc2-c2ccccc21,COc1ccc(O[C@@H]2O[C@H](COC(=O)CCl)[C@@H](O[C@H]3O[C@H](COC(C)=O)[C@@H](O)[C@H](OCc4ccccc4)[C@H]3N=[N+]=[N-])[C@H](OCc3ccccc3)[C@H]2OC(=O)c2ccccc2)cc1,chiral_gine,crossattn_tri,2,D840E034,trifluoroacetimidate,2020
586,31-010-CAS-19655310,test,1,0.9754400849342346,0.5299999999999999,1,1,O=C(O[C@H]1C(OC(=Nc2ccccc2)C(F)(F)F)O[C@@H]2CO[C@@H](c3ccccc3)O[C@H]2[C@@H]1OCc1ccccc1)c1ccccc1,C=CCO[C@H]1O[C@H](CO[Si](c2ccccc2)(c2ccccc2)C(C)(C)C)[C@@H](O)[C@H](OCc2ccccc2)[C@H]1NC(C)=O,chiral_gine,crossattn_tri,2,D449B9B6,trifluoroacetimidate,2018
587,31-614-CAS-41495813,test,0,0.3485907316207886,0.5299999999999999,0,1,C[C@@H]1OC(OC(=Nc2ccccc2)C(F)(F)F)[C@H](N=[N+]=[N-])[C@H](OCc2ccccc2)[C@H]1OCc1ccccc1,C[C@@H]1O[C@@H](O[C@@H]2[C@@H](N=[N+]=[N-])[C@@H](O[C@H]3[C@@H](O)[C@@H](C(=O)OCc4ccccc4)O[C@H](OCCCNC(=O)OCc4ccccc4)[C@@H]3N=[N+]=[N-])O[C@@H]3CO[C@@H](c4ccccc4)O[C@@H]23)[C@@H](N=[N+]=[N-])[C@H](OCc2ccc3ccccc3c2)[C@H]1OCc1ccccc1,chiral_gine,crossattn_tri,2,54D3100A,trifluoroacetimidate,2023
595,31-010-CAS-19947216,test,1,0.9125905632972717,0.5299999999999999,1,1,CC(=O)CCC(=O)O[C@H]1C(OC(=Nc2ccccc2)C(F)(F)F)O[C@@H]2COC(c3ccccc3)O[C@H]2[C@@H]1OC(C)=O,C=CCO[C@@H]1O[C@H](COCc2ccccc2)[C@@H](O)[C@H](OC(C)=O)[C@H]1NC(=O)C(Cl)(Cl)Cl,chiral_gine,crossattn_tri,2,F581FF49,trifluoroacetimidate,2018
598,31-010-CAS-19353800,test,0,0.05177629366517067,0.5299999999999999,0,1,CC(C)[Si](O[C@@H]1[C@H](OC(=Nc2ccccc2)C(F)(F)F)O[C@@H](C)[C@@H](OC(=O)c2ccccc2)[C@H]1OC(=O)c1ccccc1)(C(C)C)C(C)C,CC(C)(C)[Si](OC[C@H]1O[C@@H](Oc2ccc(OCCCl)cc2)[C@H](NC(=O)C(F)(F)F)[C@@H](OC(=O)c2ccccc2)[C@@H]1O)(c1ccccc1)c1ccccc1,chiral_gine,crossattn_tri,2,F7FA1120,trifluoroacetimidate,2018
599,31-614-CAS-24250583,test,1,0.9570380449295044,0.5299999999999999,1,1,CC(=O)OC[C@H]1OC(OC(=Nc2ccccc2)C(F)(F)F)[C@H](NC(=O)OCC(Cl)(Cl)Cl)[C@@H](OC(C)=O)[C@H]1OC(C)=O,CC(C)C(C)(C)[Si](C)(C)O[C@@H]1O[C@H](COCc2ccccc2)[C@@H](O)[C@H](OCc2ccc3ccccc3c2)[C@H]1N=[N+]=[N-],chiral_gine,crossattn_tri,2,416C855C,trifluoroacetimidate,2020
600,31-010-CAS-22375200,test,1,0.9843819737434387,0.5299999999999999,1,1,CC(=O)CCC(=O)O[C@H]1C(OC(=Nc2ccccc2)C(F)(F)F)O[C@H](COCc2ccccc2)[C@H](OCc2ccccc2)[C@@H]1OCc1ccccc1,CCS[C@@H]1O[C@H](COCc2ccccc2)[C@@H](O)[C@H](OC(=O)CCC(C)=O)[C@H]1NC(=O)C(Cl)(Cl)Cl,chiral_gine,crossattn_tri,2,71EE6AE6,trifluoroacetimidate,2020
604,31-614-CAS-36324798,test,0,0.22889533638954163,0.5299999999999999,0,1,COC(=O)[C@]1(C)OC[C@H]2O[C@H](OC[C@H]3OC(OC(=Nc4ccccc4)C(F)(F)F)[C@H](N=[N+]=[N-])[C@@H](OCc4ccccc4)[C@H]3OCc3ccccc3)[C@H](N=[N+]=[N-])[C@@H](OCc3ccccc3)[C@H]2O1,COC(=O)[C@H]1O[C@H](O[C@@H]2[C@@H](N=[N+]=[N-])[C@@H](OCCCCCN(Cc3ccccc3)C(=O)OCc3ccccc3)O[C@H](C)[C@H]2OCc2ccccc2)[C@H](N=[N+]=[N-])[C@@H](OCc2ccccc2)[C@H]1O,chiral_gine,crossattn_tri,2,729BF20B,trifluoroacetimidate,2022
607,31-010-CAS-19353817,test,0,0.01586391031742096,0.5299999999999999,0,1,CC(C)[Si](O[C@@H]1[C@H](OC(=Nc2ccccc2)C(F)(F)F)O[C@@H](C)[C@@H](OC(=O)c2ccccc2)[C@H]1OC(=O)c1ccccc1)(C(C)C)C(C)C,CC(=O)O[C@@H]1[C@@H](OC(C)=O)[C@H](C)O[C@@H](O[C@H]2[C@@H](OC(C)=O)[C@@H](CO[Si](c3ccccc3)(c3ccccc3)C(C)(C)C)O[C@@H](O[C@H]3[C@H](O)[C@@H](CO[Si](c4ccccc4)(c4ccccc4)C(C)(C)C)O[C@@H](Oc4ccc(OCCCl)cc4)[C@@H]3NC(=O)C(F)(F)F)[C@@H]2OC(C)=O)[C@@H]1OC(C)=O,chiral_gine,crossattn_tri,2,EE0E99DD,trifluoroacetimidate,2018
612,31-010-CAS-19353803,test,0,0.014281478710472584,0.5299999999999999,0,1,CC(C)[Si](O[C@@H]1[C@H](OC(=Nc2ccccc2)C(F)(F)F)O[C@@H](C)[C@@H](OC(=O)c2ccccc2)[C@H]1OC(=O)c1ccccc1)(C(C)C)C(C)C,CC(=O)OC[C@H]1O[C@@H](O[C@H]2[C@H](O)[C@@H](CO[Si](c3ccccc3)(c3ccccc3)C(C)(C)C)O[C@@H](Oc3ccc(OCCCl)cc3)[C@@H]2NC(=O)C(F)(F)F)[C@H](OC(C)=O)[C@@H](OC(C)=O)[C@H]1OC(C)=O,chiral_gine,crossattn_tri,2,ABA5B8D2,trifluoroacetimidate,2018
615,31-010-CAS-22654654,test,0,0.012664025649428368,0.5299999999999999,0,1,CC(C)[Si](O[C@@H]1[C@H](OC(=Nc2ccccc2)C(F)(F)F)O[C@@H](C)[C@@H](OC(=O)c2ccccc2)[C@H]1OC(=O)c1ccccc1)(C(C)C)C(C)C,CC(=O)OC[C@H]1O[C@@H](O[C@H]2[C@H](O)[C@@H](CO[Si](c3ccccc3)(c3ccccc3)C(C)(C)C)O[C@@H](O[C@@H]3[C@@H](OC(=O)c4ccccc4)[C@H](C)O[C@@H](Oc4ccc(OCCCl)cc4)[C@@H]3OC(=O)c3ccccc3)[C@@H]2NC(=O)C(F)(F)F)[C@H](OC(C)=O)[C@@H](OC(C)=O)[C@H]1OC(C)=O,chiral_gine,crossattn_tri,2,CA1431E2,trifluoroacetimidate,2020
618,31-614-CAS-38242450,test,1,0.07000688463449478,0.5299999999999999,0,0,CC(=O)CCC(=O)O[C@@H]1C(OC(=Nc2ccccc2)C(F)(F)F)O[C@@H](C)[C@H](OCc2ccccc2)[C@H]1OCc1ccc2ccccc2c1,CC(=O)N[C@H]1[C@@H](OCCCN(Cc2ccccc2)C(=O)OCc2ccccc2)O[C@H](COC(=O)c2ccccc2)[C@@H](O)[C@@H]1OCc1ccccc1,chiral_gine,crossattn_tri,2,7FE2FDA5,trifluoroacetimidate,2022
619,31-614-CAS-35275420,test,1,0.9592114090919495,0.5299999999999999,1,1,COC(=O)[C@@]1(OC[C@H]2OC(OC(=Nc3ccccc3)C(F)(F)F)[C@H](OC(=O)c3ccccc3)[C@@H](OC(=O)c3ccccc3)[C@H]2OC(C)=O)C[C@H](OC(C)=O)[C@@H](N=[N+]=[N-])[C@H]([C@H](OC(C)=O)[C@@H](COC(C)=O)OC(C)=O)O1,C=CCO[C@H]1O[C@H](COC(C)=O)[C@@H](OC(C)=O)[C@H](OC(=O)c2ccccc2)[C@@H]1O[C@@H]1O[C@H](COCc2ccccc2)[C@@H](O)[C@H](OCc2ccccc2)[C@H]1NC(=O)OCC(Cl)(Cl)Cl,chiral_gine,crossattn_tri,2,EEEB08EE,trifluoroacetimidate,2021
620,31-010-CAS-21471849,test,1,0.8729413747787476,0.5299999999999999,1,1,C=CCO[C@H]1[C@H]2O[C@@H](c3ccccc3)OC[C@H]2OC(OC(=Nc2ccccc2)C(F)(F)F)[C@@H]1OC(=O)c1ccccc1,[N-]=[N+]=NCCCO[C@@H]1O[C@H](COC(=O)c2ccccc2)[C@@H](O[C@@H]2O[C@H](COC(=O)c3ccccc3)[C@H](O)[C@H](O[C@@H]3O[C@H](COCc4ccccc4)[C@@H](O)[C@H](OCc4ccccc4)[C@H]3N3C(=O)c4ccccc4C3=O)[C@H]2OC(=O)c2ccccc2)[C@H](OC(=O)c2ccccc2)[C@H]1OC(=O)c1ccccc1,chiral_gine,crossattn_tri,2,47B92A91,trifluoroacetimidate,2019
622,31-614-CAS-24250566,test,1,0.9768733978271484,0.5299999999999999,1,1,CC(=O)OC[C@H]1OC(OC(=Nc2ccccc2)C(F)(F)F)[C@H](N2C(=O)c3ccccc3C2=O)[C@@H](OC(C)=O)[C@H]1OC(C)=O,CC(C)C(C)(C)[Si](C)(C)O[C@@H]1O[C@H](COCc2ccccc2)[C@@H](O)[C@H](OCc2ccc3ccccc3c2)[C@H]1N1C(=O)c2ccccc2C1=O,chiral_gine,crossattn_tri,2,CF9E160C,trifluoroacetimidate,2020
623,31-614-CAS-40997648,test,1,0.9838318824768066,0.5299999999999999,1,1,CC(=O)O[C@@H]1[C@@H](OC[C@H]2O[C@@H](O[C@H]3[C@H](OCc4ccccc4)[C@@H](N4C(=O)c5ccccc5C4=O)[C@H](OC(=Nc4ccccc4)C(F)(F)F)O[C@@H]3COCc3ccccc3)[C@@H](OCc3ccccc3)[C@@H](O[C@H]3O[C@H](COCc4ccccc4)[C@@H](OCc4ccccc4)[C@H](OCc4ccccc4)[C@@H]3OC(C)=O)[C@@H]2OCc2ccccc2)O[C@H](COCc2ccccc2)[C@@H](OCc2ccccc2)[C@@H]1OCc1ccccc1,COc1ccc(O[C@@H]2O[C@H](COCc3ccccc3)[C@@H](O)[C@H](OCc3ccccc3)[C@H]2N2C(=O)c3ccccc3C2=O)cc1,chiral_gine,crossattn_tri,2,3A6F3850,trifluoroacetimidate,2024
629,31-010-CAS-23517749,test,1,0.9757979512214661,0.5299999999999999,1,1,COc1ccc(CO[C@@H]2[C@H](OCc3ccccc3)[C@H](O[C@H]3[C@H](OCc4ccccc4)[C@@H](N4C(=O)c5ccccc5C4=O)C(OC(=Nc4ccccc4)C(F)(F)F)O[C@@H]3COCc3ccccc3)O[C@@H]3CO[C@@H](c4ccccc4)O[C@@H]23)cc1,[N-]=[N+]=N[C@@H]1O[C@H](COCc2ccccc2)[C@@H](O)[C@H](OCc2ccccc2)[C@H]1N1C(=O)c2ccccc2C1=O,chiral_gine,crossattn_tri,2,9B7E27EC,trifluoroacetimidate,2020
632,31-013-CAS-18528259,test,1,0.9599699378013611,0.5299999999999999,1,1,[N-]=[N+]=N[C@H]1[C@H](OCc2ccccc2)[C@@H](C(=O)OCc2ccccc2)OC(OC(=Nc2ccccc2)C(F)(F)F)[C@@H]1NC(=O)C(Cl)(Cl)Cl,CC(=O)N[C@H]1[C@@H](OCCCN(Cc2ccccc2)C(=O)OCc2ccccc2)O[C@H](C)[C@@H](OCc2ccccc2)[C@@H]1O[C@@H]1O[C@@H](C)[C@@H](O)[C@@H](OCc2ccc3ccccc3c2)[C@@H]1NC(=O)OCC(Cl)(Cl)Cl,chiral_gine,crossattn_tri,2,579A0B68,trifluoroacetimidate,2018
633,31-013-CAS-21512690,test,1,0.982282817363739,0.5299999999999999,1,1,[N-]=[N+]=N[C@H]1[C@H](OCc2ccccc2)[C@@H](C(=O)OCc2ccccc2)OC(OC(=Nc2ccccc2)C(F)(F)F)[C@@H]1NC(=O)C(Cl)(Cl)Cl,CC(=O)N[C@H]1[C@@H](OCCCN(Cc2ccccc2)C(=O)OCc2ccccc2)O[C@H](C)[C@@H](OCc2ccccc2)[C@@H]1O[C@@H]1O[C@@H](C)[C@@H](O)[C@@H](OCc2cccc3ccccc23)[C@@H]1NC(=O)OCC(Cl)(Cl)Cl,chiral_gine,crossattn_tri,2,D4B8E240,trifluoroacetimidate,2019
634,31-013-CAS-19693636,test,1,0.9822829365730286,0.5299999999999999,1,1,[N-]=[N+]=N[C@H]1[C@H](OCc2ccccc2)[C@@H](C(=O)OCc2ccccc2)OC(OC(=Nc2ccccc2)C(F)(F)F)[C@@H]1NC(=O)C(Cl)(Cl)Cl,CC(=O)N[C@H]1[C@@H](OCCCN(Cc2ccccc2)C(=O)OCc2ccccc2)O[C@H](C)[C@@H](OCc2ccccc2)[C@@H]1O[C@@H]1O[C@@H](C)[C@@H](O)[C@@H](OCc2cccc3ccccc23)[C@@H]1NC(=O)OCC(Cl)(Cl)Cl,chiral_gine,crossattn_tri,2,D4B8E240,trifluoroacetimidate,2018
635,31-010-CAS-23513245,test,1,0.935317873954773,0.5299999999999999,1,1,COc1ccc(CO[C@@H]2[C@H](OCc3ccccc3)[C@H](O[C@H]3[C@H](OCc4ccccc4)[C@@H](N4C(=O)c5ccccc5C4=O)C(OC(=Nc4ccccc4)C(F)(F)F)O[C@@H]3COCc3ccccc3)O[C@@H]3CO[C@@H](c4ccccc4)O[C@@H]23)cc1,C[C@@H]1O[C@@H](OC[C@H]2O[C@@H](N=[N+]=[N-])[C@H](N3C(=O)c4ccccc4C3=O)[C@@H](OCc3ccccc3)[C@@H]2O)[C@@H](OCc2ccccc2)[C@H](OCc2ccccc2)[C@@H]1OCc1ccccc1,chiral_gine,crossattn_tri,2,05FEE3DB,trifluoroacetimidate,2020
637,31-614-CAS-42575636,test,1,0.973326563835144,0.5299999999999999,1,1,COC(=O)[C@@]1(O[C@H]2[C@@H](OC(C)=O)[C@@H](COC(C)=O)O[C@@H](OC(=Nc3ccccc3)C(F)(F)F)[C@@H]2OC(C)=O)C[C@@H]2OC(=O)N(C(C)=O)[C@H]2[C@H]([C@H](OC(C)=O)[C@@H](COC(C)=O)OC(C)=O)O1,CC(=O)O[C@H]1[C@H](OCc2ccc3ccccc3c2)[C@H](O[C@H]2[C@H](O)[C@@H](COCc3ccc4ccccc4c3)O[C@@H](Sc3ccccc3)[C@@H]2NC(=O)OCC(Cl)(Cl)Cl)O[C@@H](C)[C@H]1OC(C)=O,chiral_gine,crossattn_tri,2,A123788D,trifluoroacetimidate,2024
638,31-010-CAS-20875067,test,1,0.9648256301879883,0.5299999999999999,1,1,COC(=O)[C@@]1(O[C@H]2[C@@H](OC(=O)c3ccccc3)[C@@H](COC(=O)c3ccccc3)OC(OC(=Nc3ccccc3)C(F)(F)F)[C@@H]2OC(=O)c2ccccc2)C[C@H](OC(C)=O)[C@@H](NC(C)=O)[C@H]([C@H](OC(C)=O)[C@@H](COC(C)=O)OC(C)=O)O1,CC(=O)O[C@H]1[C@H](O[C@@H]2[C@H](O[C@@H]3O[C@H](COCc4ccccc4)[C@@H](O)[C@H](OCc4ccccc4)[C@H]3N3C(=O)c4ccccc4C3=O)[C@@H](OC(=O)c3ccccc3)[C@H](OCCCN=[N+]=[N-])O[C@@H]2COC(=O)c2ccccc2)O[C@H](COCc2ccccc2)[C@@H](O[C@@H]2O[C@H](COCc3ccccc3)[C@H](OCc3ccccc3)[C@H](OCc3ccccc3)[C@H]2OCc2ccccc2)[C@@H]1OCc1ccccc1,chiral_gine,crossattn_tri,2,54BD3C44,trifluoroacetimidate,2019
639,31-010-CAS-21471841,test,1,0.9676043391227722,0.5299999999999999,1,1,COC(=O)[C@@]1(O[C@H]2[C@@H](OC(=O)c3ccccc3)[C@@H](COC(=O)c3ccccc3)OC(OC(=Nc3ccccc3)C(F)(F)F)[C@@H]2OC(=O)c2ccccc2)C[C@H](OC(C)=O)[C@@H](NC(C)=O)[C@H]([C@H](OC(C)=O)[C@@H](COC(C)=O)OC(C)=O)O1,CC(=O)O[C@H]1[C@H](O[C@@H]2[C@H](O[C@@H]3O[C@H](COCc4ccccc4)[C@@H](O)[C@H](OCc4ccccc4)[C@H]3N3C(=O)c4ccccc4C3=O)[C@@H](OC(=O)c3ccccc3)[C@H](OCCCN=[N+]=[N-])O[C@@H]2COC(=O)c2ccccc2)O[C@H](COCc2ccccc2)[C@@H](OCc2ccccc2)[C@@H]1OCc1ccccc1,chiral_gine,crossattn_tri,2,FE023EE1,trifluoroacetimidate,2019
640,31-010-CAS-20875061,test,1,0.9650002121925354,0.5299999999999999,1,1,COC(=O)[C@@]1(O[C@H]2[C@@H](OC(=O)c3ccccc3)[C@@H](COC(=O)c3ccccc3)OC(OC(=Nc3ccccc3)C(F)(F)F)[C@@H]2OC(=O)c2ccccc2)C[C@H](OC(C)=O)[C@@H](NC(C)=O)[C@H]([C@H](OC(C)=O)[C@@H](COC(C)=O)OC(C)=O)O1,CC(=O)O[C@H]1[C@H](O[C@@H]2[C@H](O[C@@H]3O[C@H](COCc4ccccc4)[C@@H](O)[C@H](OCc4ccccc4)[C@H]3N3C(=O)c4ccccc4C3=O)[C@@H](OC(=O)c3ccccc3)[C@H](OCCCN=[N+]=[N-])O[C@@H]2COC(=O)c2ccccc2)O[C@H](COCc2ccccc2)[C@@H](OCc2ccccc2)[C@@H]1OCc1ccccc1,chiral_gine,crossattn_tri,2,FE023EE1,trifluoroacetimidate,2019
641,31-010-CAS-21471846,test,1,0.9690698981285095,0.5299999999999999,1,1,COC(=O)[C@@]1(O[C@H]2[C@@H](OC(=O)c3ccccc3)[C@@H](COC(=O)c3ccccc3)OC(OC(=Nc3ccccc3)C(F)(F)F)[C@@H]2OC(=O)c2ccccc2)C[C@H](OC(C)=O)[C@@H](NC(C)=O)[C@H]([C@H](OC(C)=O)[C@@H](COC(C)=O)OC(C)=O)O1,[N-]=[N+]=NCCCO[C@@H]1O[C@H](COC(=O)c2ccccc2)[C@@H](O[C@@H]2O[C@H](COC(=O)c3ccccc3)[C@H](O)[C@H](O[C@@H]3O[C@H](COCc4ccccc4)[C@@H](O)[C@H](OCc4ccccc4)[C@H]3N3C(=O)c4ccccc4C3=O)[C@H]2OC(=O)c2ccccc2)[C@H](OC(=O)c2ccccc2)[C@H]1OC(=O)c1ccccc1,chiral_gine,crossattn_tri,2,414A6982,trifluoroacetimidate,2019
642,31-010-CAS-20875071,test,1,0.9652064442634583,0.5299999999999999,1,1,COC(=O)[C@@]1(O[C@H]2[C@@H](OC(=O)c3ccccc3)[C@@H](COC(=O)c3ccccc3)OC(OC(=Nc3ccccc3)C(F)(F)F)[C@@H]2OC(=O)c2ccccc2)C[C@H](OC(C)=O)[C@@H](NC(C)=O)[C@H]([C@H](OC(C)=O)[C@@H](COC(C)=O)OC(C)=O)O1,CC(=O)O[C@H]1[C@H](O[C@@H]2[C@H](O[C@@H]3O[C@H](COCc4ccccc4)[C@@H](O)[C@H](OCc4ccccc4)[C@H]3N3C(=O)c4ccccc4C3=O)[C@@H](OC(=O)c3ccccc3)[C@H](O[C@H]3[C@H](OC(=O)c4ccccc4)[C@@H](OC(=O)c4ccccc4)[C@H](OCCCN=[N+]=[N-])O[C@@H]3COC(=O)c3ccccc3)O[C@@H]2COC(=O)c2ccccc2)O[C@H](COCc2ccccc2)[C@@H](OCc2ccccc2)[C@@H]1OCc1ccccc1,chiral_gine,crossattn_tri,2,4DA91E3A,trifluoroacetimidate,2019
646,31-614-CAS-42575632,test,1,0.9775044322013855,0.5299999999999999,1,1,COC(=O)[C@@]1(O[C@H]2[C@@H](OC(C)=O)[C@@H](COC(C)=O)O[C@@H](OC(=Nc3ccccc3)C(F)(F)F)[C@@H]2OC(C)=O)C[C@@H]2OC(=O)N(C(C)=O)[C@H]2[C@H]([C@H](OC(C)=O)[C@@H](COC(C)=O)OC(C)=O)O1,CC(=O)O[C@H]1[C@H](OCc2ccc3ccccc3c2)[C@H](O[C@H]2[C@H](O)[C@@H](COCc3ccc4ccccc4c3)O[C@@H](O[Si](c3ccccc3)(c3ccccc3)C(C)(C)C)[C@@H]2NC(=O)OCC(Cl)(Cl)Cl)O[C@@H](C)[C@H]1OC(C)=O,chiral_gine,crossattn_tri,2,97035561,trifluoroacetimidate,2024
647,31-614-CAS-42575643,test,1,0.967766284942627,0.5299999999999999,1,1,COC(=O)[C@@]1(O[C@H]2[C@@H](OC(C)=O)[C@@H](COC(C)=O)O[C@@H](OC(=Nc3ccccc3)C(F)(F)F)[C@@H]2OC(C)=O)C[C@@H]2OC(=O)N(C(C)=O)[C@H]2[C@H]([C@H](OC(C)=O)[C@@H](COC(C)=O)OC(C)=O)O1,CC(=O)O[C@H]1[C@H](OCc2ccc3ccccc3c2)[C@H](O[C@H]2[C@H](O)[C@@H](COCc3ccc4ccccc4c3)O[C@@H](Sc3c(C)cccc3C)[C@@H]2NC(=O)OCC(Cl)(Cl)Cl)O[C@@H](C)[C@H]1OC(C)=O,chiral_gine,crossattn_tri,2,4767D299,trifluoroacetimidate,2024
648,31-614-CAS-35275413,test,1,0.9925130605697632,0.5299999999999999,1,1,[N-]=[N+]=Nc1ccc(CO[C@@H]2[C@H](OCc3ccccc3)[C@H](O[C@H]3[C@H](OCc4ccccc4)[C@@H](NC(=O)OCC(Cl)(Cl)Cl)C(OC(=Nc4ccccc4)C(F)(F)F)O[C@@H]3COCc3ccccc3)O[C@@H]3CO[C@@H](c4ccccc4)O[C@@H]23)cc1Cl,C=CCOC(=O)[C@H](CC(=O)N[C@@H]1O[C@H](COCc2ccccc2)[C@@H](O)[C@H](OCc2ccccc2)[C@H]1NC(=O)OCC(Cl)(Cl)Cl)NC(=O)OCc1ccccc1,chiral_gine,crossattn_tri,2,1FC10DA4,trifluoroacetimidate,2021
649,31-010-CAS-19429741,test,1,0.9652349352836609,0.5299999999999999,1,1,[N-]=[N+]=Nc1ccc(CO[C@@H]2[C@H](OCc3ccccc3)[C@H](O[C@H]3[C@H](OCc4ccccc4)[C@@H](NC(=O)OCC(Cl)(Cl)Cl)C(OC(=Nc4ccccc4)C(F)(F)F)O[C@@H]3COCc3ccccc3)O[C@H](COC(=O)OCC3c4ccccc4-c4ccccc43)[C@H]2O[C@@H]2O[C@H](COCc3ccccc3)[C@@H](OCc3ccccc3)[C@H](OCc3ccccc3)[C@H]2NC(=O)OCC(Cl)(Cl)Cl)cc1Cl,C=CCOC(=O)[C@H](CC(=O)N[C@@H]1O[C@H](COCc2ccccc2)[C@@H](O)[C@H](OCc2ccccc2)[C@H]1NC(=O)OCC(Cl)(Cl)Cl)NC(=O)OCc1ccccc1,chiral_gine,crossattn_tri,2,A68382B8,trifluoroacetimidate,2018
650,31-013-CAS-20074828,test,0,0.004780289717018604,0.5299999999999999,0,1,CC(=O)O[C@H]1[C@@H](OCc2ccccc2)[C@H](N=[N+]=[N-])[C@@H](C)O[C@@H]1Sc1ccc(C)cc1,CO[C@H]1O[C@H](C)[C@@H](N=[N+]=[N-])[C@H](OCc2ccccc2)[C@@H]1O,chiral_gine,crossattn_tri,2,1C4D82BB,thioglycoside,2018
653,31-013-CAS-20074830,test,0,0.0023692981339991093,0.5299999999999999,0,1,CC(=O)O[C@H]1[C@@H](OCc2ccccc2)[C@H](N=[N+]=[N-])[C@@H](C)O[C@@H]1Sc1ccc(C)cc1,CO[C@H]1O[C@H](C)[C@@H](N=[N+]=[N-])[C@H](OCc2ccccc2)[C@@H]1O[C@H]1O[C@H](C)[C@@H](N=[N+]=[N-])[C@H](OCc2ccccc2)[C@@H]1O,chiral_gine,crossattn_tri,2,5BD2A96F,thioglycoside,2018
656,31-013-CAS-22581512,test,0,0.023173976689577103,0.5299999999999999,0,1,CCS[C@H]1O[C@H](C)[C@@H](N=[N+]=[N-])[C@H](OCc2ccccc2)[C@@H]1OC(=O)c1ccccc1,C[C@H]1O[C@H](OCC[Si](C)(C)C)[C@@H](O)[C@@H](OCc2ccccc2)[C@@H]1N=[N+]=[N-],chiral_gine,crossattn_tri,2,64EA3C26,thioglycoside,2019
658,31-013-CAS-20074832,test,0,0.002450911095365882,0.5299999999999999,0,1,CC(=O)O[C@H]1[C@@H](OCc2ccccc2)[C@H](N=[N+]=[N-])[C@@H](C)O[C@@H]1Sc1ccc(C)cc1,CO[C@H]1O[C@H](C)[C@@H](N=[N+]=[N-])[C@H](OCc2ccccc2)[C@@H]1O[C@H]1O[C@H](C)[C@@H](N=[N+]=[N-])[C@H](OCc2ccccc2)[C@@H]1O[C@H]1O[C@H](C)[C@@H](N=[N+]=[N-])[C@H](OCc2ccccc2)[C@@H]1O,chiral_gine,crossattn_tri,2,286053B7,thioglycoside,2018
661,31-013-CAS-20074834,test,0,0.002494166372343898,0.5299999999999999,0,1,CC(=O)O[C@H]1[C@@H](OCc2ccccc2)[C@H](N=[N+]=[N-])[C@@H](C)O[C@@H]1Sc1ccc(C)cc1,CO[C@H]1O[C@H](C)[C@@H](N=[N+]=[N-])[C@H](OCc2ccccc2)[C@@H]1O[C@H]1O[C@H](C)[C@@H](N=[N+]=[N-])[C@H](OCc2ccccc2)[C@@H]1O[C@H]1O[C@H](C)[C@@H](N=[N+]=[N-])[C@H](OCc2ccccc2)[C@@H]1O[C@H]1O[C@H](C)[C@@H](N=[N+]=[N-])[C@H](OCc2ccccc2)[C@@H]1O,chiral_gine,crossattn_tri,2,8224EFB7,thioglycoside,2018
664,31-013-CAS-22581514,test,0,0.011422274634242058,0.5299999999999999,0,1,CCS[C@H]1O[C@H](C)[C@@H](N=[N+]=[N-])[C@H](OCc2ccccc2)[C@@H]1OC(=O)c1ccccc1,C[C@H]1O[C@H](O[C@@H]2[C@@H](OCC[Si](C)(C)C)O[C@H](C)[C@@H](N=[N+]=[N-])[C@@H]2OCc2ccccc2)[C@@H](O)[C@@H](OCc2ccccc2)[C@@H]1N=[N+]=[N-],chiral_gine,crossattn_tri,2,DD406F44,thioglycoside,2019
665,31-013-CAS-20074836,test,0,0.0025209528394043446,0.5299999999999999,0,1,CC(=O)O[C@H]1[C@@H](OCc2ccccc2)[C@H](N=[N+]=[N-])[C@@H](C)O[C@@H]1Sc1ccc(C)cc1,CO[C@H]1O[C@H](C)[C@@H](N=[N+]=[N-])[C@H](OCc2ccccc2)[C@@H]1O[C@H]1O[C@H](C)[C@@H](N=[N+]=[N-])[C@H](OCc2ccccc2)[C@@H]1O[C@H]1O[C@H](C)[C@@H](N=[N+]=[N-])[C@H](OCc2ccccc2)[C@@H]1O[C@H]1O[C@H](C)[C@@H](N=[N+]=[N-])[C@H](OCc2ccccc2)[C@@H]1O[C@H]1O[C@H](C)[C@@H](N=[N+]=[N-])[C@H](OCc2ccccc2)[C@@H]1O,chiral_gine,crossattn_tri,2,E0252420,thioglycoside,2018
668,31-006-CAS-18977533,test,0,0.01477324403822422,0.5299999999999999,0,1,Cc1ccc(S[C@@H]2O[C@H]3COC(C)(C)O[C@H]3[C@H](OCc3ccccc3)[C@H]2OC(=O)c2ccccc2)cc1,CO[C@H]1O[C@H](COC(=O)c2ccccc2)[C@@H](O)[C@H](OCc2ccccc2)[C@H]1N=[N+]=[N-],chiral_gine,crossattn_tri,2,5BD4ABD4,thioglycoside,2018
676,31-013-CAS-20094021,test,1,0.9626933932304382,0.5299999999999999,1,1,COC(=O)[C@H]1O[C@@H](SC)[C@H](OC(=O)c2ccccc2)[C@@H](OC(=O)c2ccccc2)[C@@H]1OC(=O)c1ccccc1,CO[C@H]1O[C@H](COC(=O)c2ccccc2)[C@@H](O)[C@H](OCc2ccccc2)[C@H]1N=[N+]=[N-],chiral_gine,crossattn_tri,2,8F7BB063,thioglycoside,2018
679,31-013-CAS-20074845,test,0,0.00716240843757987,0.5299999999999999,0,1,CCS[C@H]1O[C@H](C)[C@@H](N=[N+]=[N-])[C@H](OCc2ccccc2)[C@@H]1O[C@H]1O[C@H](C)[C@@H](N=[N+]=[N-])[C@H](OC(=O)c2ccccc2)[C@@H]1OC(=O)c1ccccc1,COC(=O)CCCCCO[C@H]1O[C@H](C)[C@@H](N=[N+]=[N-])[C@H](OCc2ccccc2)[C@@H]1O,chiral_gine,crossattn_tri,2,F9DE3B56,thioglycoside,2018
681,31-614-CAS-34701874,test,1,0.008510176092386246,0.5299999999999999,0,0,CC(=O)OC[C@H]1O[C@@H](Sc2ccccc2)[C@H](OC(C)=O)[C@@H](OC(C)=O)[C@H]1OC(C)=O,CO[C@@H]1O[C@H](CF)[C@@H](O)[C@H](OCc2ccccc2)[C@H]1N=[N+]=[N-],chiral_gine,crossattn_tri,2,53B048CA,thioglycoside,2021
683,31-013-CAS-22198141,test,0,0.010927160270512104,0.5299999999999999,0,1,CC(=O)O[C@@H]1[C@@H](OCc2ccccc2)[C@@H]2O[C@H](c3ccccc3)OC[C@@H]2O[C@H]1Sc1ccc(C)cc1,CO[C@H]1O[C@H](COC(C)=O)[C@@H](O)[C@H](OCc2ccccc2)[C@H]1N=[N+]=[N-],chiral_gine,crossattn_tri,2,FEEF1A73,thioglycoside,2020
686,31-614-CAS-39834147,test,0,0.2597900927066803,0.5299999999999999,0,1,Cc1ccc(S[C@H]2O[C@@H]3CO[Si](C(C)(C)C)(C(C)(C)C)O[C@H]3[C@H](OCc3ccccc3)[C@H]2N=[N+]=[N-])cc1,CC(=O)O[C@H]1[C@H](O)[C@@H](COCc2ccccc2)O[C@@H](O[Si](C)(C)C(C)(C)C)[C@@H]1N=[N+]=[N-],chiral_gine,crossattn_tri,2,CA0D72B8,thioglycoside,2023
689,31-614-CAS-34701878,test,1,0.23219653964042664,0.5299999999999999,0,0,CC(=O)O[C@@H]1[C@@H](OC(C)=O)[C@H](Sc2ccccc2)O[C@H](CF)[C@H]1OC(C)=O,CO[C@@H]1O[C@H](COCc2ccccc2)[C@@H](O)[C@H](OCc2ccccc2)[C@H]1N=[N+]=[N-],chiral_gine,crossattn_tri,2,B7201C10,thioglycoside,2021
690,31-614-CAS-42125040,test,1,0.971543550491333,0.5299999999999999,1,1,Cc1ccc(S[C@H]2O[C@@H]3CO[C@@H](c4ccccc4)O[C@H]3[C@H](OCc3ccccc3)[C@@H]2OCc2ccccc2)cc1,[N-]=[N+]=N[C@H]1[C@H](OCc2ccccc2)O[C@H](COCc2ccccc2)[C@@H](O)[C@@H]1OCc1ccccc1,chiral_gine,crossattn_tri,2,73F06BE9,thioglycoside,2024
691,31-614-CAS-35145137,test,1,0.5693379044532776,0.5299999999999999,1,1,Cc1ccc(S[C@H]2O[C@@H]3CO[C@@H](c4ccccc4)O[C@H]3[C@H](OCc3ccccc3)[C@@H]2OCc2ccccc2)cc1,[N-]=[N+]=N[C@H]1[C@H](OCc2ccccc2)O[C@H](COCc2ccccc2)[C@@H](O)[C@@H]1OCc1ccccc1,chiral_gine,crossattn_tri,2,73F06BE9,thioglycoside,2022
694,31-013-CAS-22198140,test,0,0.01708638109266758,0.5299999999999999,0,1,Cc1ccc(S[C@@H]2O[C@H]3CO[C@@H](c4ccccc4)O[C@H]3[C@H](OCc3ccccc3)[C@H]2OC(=O)c2ccccc2)cc1,CO[C@H]1O[C@H](COC(C)=O)[C@@H](O)[C@H](OCc2ccccc2)[C@H]1N=[N+]=[N-],chiral_gine,crossattn_tri,2,DB0A03B3,thioglycoside,2020
695,31-614-CAS-39834137,test,0,0.030500272288918495,0.5299999999999999,0,1,Cc1ccc(S[C@@H]2O[C@H]3CO[Si](C(C)(C)C)(C(C)(C)C)O[C@H]3[C@H](OCc3ccccc3)[C@H]2OC(=O)c2ccccc2)cc1,[N-]=[N+]=N[C@H]1[C@@H]2OC[C@@H](O2)[C@@H](O)[C@@H]1OCc1ccccc1,chiral_gine,crossattn_tri,2,953A244E,thioglycoside,2023
699,31-013-CAS-23633955,test,0,0.2899010479450226,0.5299999999999999,0,1,Cc1ccc(S[C@@H]2O[C@H](COCc3ccccc3)[C@@H](OCc3ccccc3)[C@H](OCc3ccccc3)[C@@H]2OCc2ccccc2)cc1,Cc1ccc(S[C@H]2O[C@H](COCc3ccccc3)[C@@H](O)[C@H](OCc3ccccc3)[C@H]2N=[N+]=[N-])cc1,chiral_gine,crossattn_tri,2,803F8B3D,thioglycoside,2021
702,31-614-CAS-34701885,test,0,0.012053409591317177,0.5299999999999999,0,1,CC(=O)OC[C@H]1O[C@@H](Sc2ccccc2)[C@H](OC(C)=O)[C@@H](F)[C@H]1OC(C)=O,CO[C@@H]1O[C@H](COCc2ccccc2)[C@@H](O)[C@H](OCc2ccccc2)[C@H]1N=[N+]=[N-],chiral_gine,crossattn_tri,2,A1A58616,thioglycoside,2021
704,31-614-CAS-34701877,test,1,0.008149643428623676,0.5299999999999999,0,0,CC(=O)OC[C@H]1O[C@@H](Sc2ccccc2)[C@H](OC(C)=O)[C@@H](OC(C)=O)[C@H]1OC(C)=O,CO[C@@H]1O[C@H](COCc2ccccc2)[C@@H](O)[C@H](F)[C@H]1N=[N+]=[N-],chiral_gine,crossattn_tri,2,65F17DE0,thioglycoside,2021
708,31-614-CAS-39834133,test,0,0.014273424632847309,0.5299999999999999,0,1,Cc1ccc(S[C@@H]2O[C@H]3CO[Si](C(C)(C)C)(C(C)(C)C)O[C@H]3[C@H](OCc3ccccc3)[C@H]2OC(=O)c2ccccc2)cc1,CO[C@H]1O[C@H](COCc2ccccc2)[C@@H](O)[C@H](OCc2ccccc2)[C@H]1N=[N+]=[N-],chiral_gine,crossattn_tri,2,75DBCE6F,thioglycoside,2023
712,31-614-CAS-34973175,test,1,0.9868658185005188,0.5299999999999999,1,1,COc1ccc(CO[C@@H]2[C@H](OCc3ccccc3)[C@@H](Sc3ccccc3)O[C@@H]3CO[C@@H](c4ccccc4)O[C@@H]23)cc1,[N-]=[N+]=N[C@H]1[C@H](OCc2ccccc2)O[C@H](COCc2ccccc2)[C@@H](O)[C@@H]1OCc1ccccc1,chiral_gine,crossattn_tri,2,2ACF3A2F,thioglycoside,2022
714,31-614-CAS-45260380,test,1,0.7373046278953552,0.5299999999999999,1,1,COc1ccc(CO[C@@H]2[C@H](OCc3ccccc3)[C@@H](Sc3ccc(C)cc3)O[C@@H]3CO[C@@H](c4ccccc4)O[C@@H]23)cc1,[N-]=[N+]=N[C@H]1[C@H](OCc2ccccc2)O[C@H](COCc2ccccc2)[C@@H](O)[C@@H]1OCc1ccccc1,chiral_gine,crossattn_tri,2,AEFE0015,thioglycoside,2025
716,31-614-CAS-44061152,test,0,0.13973060250282288,0.5299999999999999,0,1,CC(=O)O[C@@H]1[C@@H](N=[N+]=[N-])[C@H](Sc2ccccc2)O[C@@H]2CO[C@H](c3ccccc3)O[C@H]12,COc1ccc(O[C@H]2O[C@H](C)[C@@H](OCc3ccccc3)[C@H](O[C@H]3O[C@H](COCc4ccccc4)[C@H](O)[C@H](OCc4ccccc4)[C@H]3N=[N+]=[N-])[C@H]2N=[N+]=[N-])cc1,chiral_gine,crossattn_tri,2,2B2E2384,thioglycoside,2023
717,31-013-CAS-22936260,test,0,0.00530310207977891,0.5299999999999999,0,1,CCSC1O[C@H]2CO[C@@H](c3ccccc3)O[C@H]2[C@H](OCc2ccccc2)[C@H]1OC(=O)CCC(C)=O,CO[C@H]1O[C@H](COC(C)=O)[C@@H](O)[C@H](OCc2ccccc2)[C@H]1N=[N+]=[N-],chiral_gine,crossattn_tri,2,F40FD3E1,thioglycoside,2020
718,31-614-CAS-34701884,test,1,0.006011474411934614,0.5299999999999999,0,0,CC(=O)OC[C@H]1O[C@@H](Sc2ccccc2)[C@H](OC(C)=O)[C@@H](OC(C)=O)[C@@H]1F,CO[C@@H]1O[C@H](COCc2ccccc2)[C@@H](O)[C@H](OCc2ccccc2)[C@H]1N=[N+]=[N-],chiral_gine,crossattn_tri,2,6CE6ADA6,thioglycoside,2021
724,31-614-CAS-40529879,test,1,0.02483534626662731,0.5299999999999999,0,0,Cc1ccc(S[C@@H]2O[C@H](CO[Si](c3ccccc3)(c3ccccc3)C(C)(C)C)[C@@H](OC(=O)c3ccccc3)[C@H](OC(=O)c3ccccc3)[C@H]2OC(=O)c2ccccc2)cc1,CO[C@H]1O[C@H](COCc2ccccc2)[C@@H](O)[C@H](OCc2ccccc2)[C@H]1N=[N+]=[N-],chiral_gine,crossattn_tri,2,FFB699CC,thioglycoside,2022
733,31-013-CAS-22064058,test,1,0.00018729583825916052,0.5299999999999999,0,0,COc1ccc(CO[C@@H]2[C@H](N=[N+]=[N-])[C@@H](Sc3ccc(C)cc3)O[C@@H]3CO[C@@H](c4ccccc4)O[C@@H]23)cc1,COc1ccc(O[C@H]2O[C@H](COCc3ccccc3)[C@H](O)[C@H](OC(C)=O)[C@H]2N=[N+]=[N-])cc1,chiral_gine,crossattn_tri,2,48F42EC3,thioglycoside,2020
743,31-013-CAS-20281572,test,0,0.8577880859375,0.5299999999999999,1,0,CCS[C@@H]1O[C@@H]2CO[C@@H](c3ccccc3)O[C@H]2[C@H](OCc2ccc(OC)cc2)[C@H]1OCc1ccccc1,COc1ccc(O[C@H]2O[C@H](COCc3ccccc3)[C@H](O)[C@H](OC(C)=O)[C@H]2N=[N+]=[N-])cc1,chiral_gine,crossattn_tri,2,A7A21014,thioglycoside,2019
745,31-013-CAS-20281580,test,0,0.021826472133398056,0.5299999999999999,0,1,CCS[C@H]1O[C@@H]2CO[C@@H](c3ccccc3)O[C@H]2[C@H](OCc2ccc(OC)cc2)[C@@H]1OCc1ccccc1,COc1ccc(O[C@H]2O[C@H](COCc3ccccc3)[C@H](O)[C@H](OC(C)=O)[C@H]2N=[N+]=[N-])cc1,chiral_gine,crossattn_tri,2,5CAEC358,thioglycoside,2019
762,31-013-CAS-22941545,test,1,0.026263872161507607,0.5299999999999999,0,0,CCSC1O[C@@H]2CO[C@@H](c3ccccc3)O[C@H]2[C@H](OCc2ccccc2)[C@H]1OC(C)=O,CC(=O)OC[C@H]1O[C@@H](O[Si](C)(C)C(C)(C)C(C)C)[C@H](N=[N+]=[N-])[C@@H](OCc2ccccc2)[C@@H]1O,chiral_gine,crossattn_tri,2,94A048B7,thioglycoside,2020
786,31-614-CAS-44137212,test,0,0.12203097343444824,0.5299999999999999,0,1,C[C@@H]1O[C@H](Sc2ccccc2)[C@@H](N=[N+]=[N-])[C@H](OCc2ccccc2)[C@@H]1OCc1ccccc1,Cc1ccc(S[C@@H]2O[C@H](C(=O)OCc3ccccc3)[C@H](O)[C@H](OCc3ccc4ccccc4c3)[C@H]2N=[N+]=[N-])cc1,chiral_gine,crossattn_tri,2,9FB908DD,thioglycoside,2023
802,31-013-CAS-22938507,test,1,0.04719732329249382,0.5299999999999999,0,0,CCSC1O[C@@H]2CO[C@@H](c3ccccc3)O[C@H]2[C@H](OCc2ccccc2)[C@H]1OC(C)=O,CC(=O)CCC(=O)OC[C@H]1O[C@@H](O[Si](C)(C)C(C)(C)C(C)C)[C@H](N=[N+]=[N-])[C@@H](OCc2ccccc2)[C@@H]1O,chiral_gine,crossattn_tri,2,1F5BDF4F,thioglycoside,2020
804,31-614-CAS-39834130,test,0,0.008967315778136253,0.5299999999999999,0,1,Cc1ccc(S[C@@H]2O[C@H]3CO[Si](C(C)(C)C)(C(C)(C)C)O[C@H]3[C@H](OCc3ccccc3)[C@H]2OC(=O)c2ccccc2)cc1,COc1ccc(O[C@@H]2O[C@H](COC(=O)c3ccccc3)[C@@H](O)[C@H](OC(=O)c3ccccc3)[C@H]2N=[N+]=[N-])cc1,chiral_gine,crossattn_tri,2,16FD6DC8,thioglycoside,2023
819,31-013-CAS-21905507,test,1,0.9104389548301697,0.5299999999999999,1,1,CCS[C@@H]1O[C@@H]2CO[C@@H](c3ccccc3)O[C@H]2[C@H](OCc2ccccc2)[C@H]1OC(C)=O,[N-]=[N+]=NCCO[C@H]1O[C@H](COCc2ccc3ccccc3c2)[C@@H](O)[C@H](OCc2ccccc2)[C@H]1N=[N+]=[N-],chiral_gine,crossattn_tri,2,D482E209,thioglycoside,2020
823,31-013-CAS-20421021,test,1,0.8712286949157715,0.5299999999999999,1,1,CC(=O)CCC(=O)O[C@@H]1[C@@H](OCc2ccc3ccccc3c2)[C@@H](OCc2ccccc2)[C@@H](COCc2ccccc2)O[C@H]1Sc1ccc(C)cc1,CC(C)C(C)(C)[Si](C)(C)O[C@@H]1O[C@H](COCc2ccccc2)[C@@H](O)[C@H](OCc2ccccc2)[C@H]1N=[N+]=[N-],chiral_gine,crossattn_tri,2,269ABEDB,thioglycoside,2019
830,31-013-CAS-21905513,test,1,0.9144287109375,0.5299999999999999,1,1,CCS[C@@H]1O[C@@H]2CO[C@@H](c3ccccc3)O[C@H]2[C@H](OCc2ccccc2)[C@H]1OC(C)=O,COc1ccc(COC[C@H]2O[C@H](OCCN=[N+]=[N-])[C@H](N=[N+]=[N-])[C@@H](OCc3ccc4ccccc4c3)[C@@H]2O)cc1,chiral_gine,crossattn_tri,2,722AD130,thioglycoside,2020
833,31-013-CAS-20818633,test,0,0.012955756857991219,0.5299999999999999,0,1,COC(=O)[C@@H]1O[C@@H](Sc2ccccc2)[C@H](OC(=O)c2ccccc2)[C@@H](OCc2ccccc2)[C@@H]1O[C@H]1O[C@H](COCc2ccccc2)[C@@H](OCc2ccc(OC)cc2)[C@H](OCc2ccccc2)[C@H]1N=[N+]=[N-],[N-]=[N+]=N[C@H]1[C@@H](O[C@H]2[C@H](OCc3ccccc3)[C@H]3OC(=O)[C@@H]2O[C@@H]3Sc2ccccc2)O[C@H](COCc2ccccc2)[C@@H](O)[C@@H]1OCc1ccccc1,chiral_gine,crossattn_tri,2,FE4691B9,thioglycoside,2019
834,31-013-CAS-20818644,test,0,0.016289057210087776,0.5299999999999999,0,1,COC(=O)[C@@H]1O[C@@H](Sc2ccccc2)[C@H](OC(=O)c2ccccc2)[C@@H](OCc2ccccc2)[C@@H]1O[C@H]1O[C@H](COCc2ccccc2)[C@@H](OCc2ccccc2)[C@H](OCc2ccccc2)[C@H]1N=[N+]=[N-],[N-]=[N+]=N[C@H]1[C@@H](O[C@H]2[C@H](OCc3ccccc3)[C@H]3OC(=O)[C@@H]2O[C@H]3Sc2ccccc2)O[C@H](COCc2ccccc2)[C@@H](O)[C@@H]1OCc1ccccc1,chiral_gine,crossattn_tri,2,A8D8D028,thioglycoside,2019
837,31-614-CAS-38307143,test,1,0.9621119499206543,0.5299999999999999,1,1,CCS[C@@H]1O[C@H](COC(C)=O)[C@H](OC(C)=O)[C@H](OC(C)=O)[C@H]1OC(C)=O,CC(=O)N[C@H]1[C@H](OCCCNC(=O)C(F)(F)F)O[C@H](COCc2ccccc2)[C@@H](O)[C@@H]1OC(C)=O,chiral_gine,crossattn_tri,2,4FC156AC,thioglycoside,2023
844,31-013-CAS-20818648,test,0,0.01376787293702364,0.5299999999999999,0,1,COC(=O)[C@@H]1O[C@@H](Sc2ccccc2)[C@H](OC(=O)c2ccccc2)[C@@H](OCc2ccccc2)[C@@H]1O[C@H]1O[C@H](COCc2ccccc2)[C@@H](O[C@@H]2O[C@@H](C(=O)OC)[C@@H](O[C@H]3O[C@H](COCc4ccccc4)[C@@H](OCc4ccccc4)[C@H](OCc4ccccc4)[C@H]3N=[N+]=[N-])[C@H](OCc3ccccc3)[C@H]2OC(=O)c2ccccc2)[C@H](OCc2ccccc2)[C@H]1N=[N+]=[N-],[N-]=[N+]=N[C@H]1[C@@H](O[C@H]2[C@H](OCc3ccccc3)[C@H]3OC(=O)[C@@H]2O[C@H]3Sc2ccccc2)O[C@H](COCc2ccccc2)[C@@H](O)[C@@H]1OCc1ccccc1,chiral_gine,crossattn_tri,2,CD7D2A52,thioglycoside,2019
846,31-614-CAS-39928734,test,1,0.938977062702179,0.5299999999999999,1,1,CC(=O)CCC(=O)O[C@@H]1[C@@H](OCc2ccccc2)[C@@H]2O[C@H](c3ccccc3)OC[C@H]2O[C@H]1Sc1ccc(C)cc1,CC(C)C(C)(C)[Si](C)(C)O[C@@H]1O[C@H](COCc2ccc3ccccc3c2)[C@@H](O)[C@H](OCc2ccc3ccccc3c2)[C@H]1N=[N+]=[N-],chiral_gine,crossattn_tri,2,E3A3F264,thioglycoside,2024
847,31-614-CAS-39928848,test,1,0.938977062702179,0.5299999999999999,1,1,CC(=O)CCC(=O)O[C@@H]1[C@@H](OCc2ccccc2)[C@@H]2O[C@H](c3ccccc3)OC[C@H]2O[C@H]1Sc1ccc(C)cc1,CC(C)C(C)(C)[Si](C)(C)O[C@@H]1O[C@H](COCc2ccc3ccccc3c2)[C@@H](O)[C@H](OCc2ccc3ccccc3c2)[C@H]1N=[N+]=[N-],chiral_gine,crossattn_tri,2,E3A3F264,thioglycoside,2024
850,31-013-CAS-19733120,test,0,0.0025896599981933832,0.5299999999999999,0,1,CC(=O)CCC(=O)OC[C@@H]1O[C@@H](Sc2ccc(C)cc2)[C@H](OC(=O)c2ccccc2)[C@@H](OCc2ccccc2)[C@@H]1O[C@H]1O[C@H](COC(C)=O)[C@@H](OCc2ccccc2)[C@H](OCc2ccccc2)[C@H]1N=[N+]=[N-],CC(=O)CCC(=O)OC[C@@H]1O[C@@H](Sc2ccc(C)cc2)[C@H](OC(=O)c2ccccc2)[C@@H](OCc2ccccc2)[C@@H]1O[C@H]1O[C@H](COC(C)=O)[C@@H](O)[C@H](OCc2ccccc2)[C@H]1N=[N+]=[N-],chiral_gine,crossattn_tri,2,686C716B,thioglycoside,2018
852,31-013-CAS-22593843,test,1,0.4946189820766449,0.5299999999999999,0,0,COC(=O)[C@H]1O[C@@H](Sc2ccc(C)cc2)[C@H](OC(=O)c2ccccc2)[C@@H](OCc2ccccc2)[C@@H]1O[C@H]1O[C@H](COC(C)=O)[C@@H](OC(=O)OCC2c3ccccc3-c3ccccc32)[C@H](OCc2ccccc2)[C@H]1N=[N+]=[N-],COC(=O)[C@H]1O[C@@H](Oc2ccc(OC)cc2)[C@H](OC(=O)c2ccccc2)[C@@H](OCc2ccccc2)[C@@H]1O[C@H]1O[C@H](COC(C)=O)[C@@H](O)[C@H](OCc2ccccc2)[C@H]1N=[N+]=[N-],chiral_gine,crossattn_tri,2,C85BB20B,thioglycoside,2020
866,31-013-CAS-18987292,test,0,0.010600843466818333,0.5299999999999999,0,1,CCS[C@H]1O[C@H]2CO[C@@H](c3ccccc3)O[C@H]2[C@H](OCc2ccccc2)[C@H]1OCc1ccccc1,CO[C@H]1O[C@H](COCc2ccccc2)[C@@H](O)[C@H](OCc2ccccc2)[C@H]1NC(C)=O,chiral_gine,crossattn_tri,2,669E0553,thioglycoside,2018
871,31-013-CAS-19733122,test,0,0.0020501583348959684,0.5299999999999999,0,1,CC(=O)CCC(=O)OC[C@@H]1O[C@@H](Sc2ccc(C)cc2)[C@H](OC(=O)c2ccccc2)[C@@H](OCc2ccccc2)[C@@H]1O[C@H]1O[C@H](COC(C)=O)[C@@H](O[Si](C)(C)C(C)(C)C)[C@H](OCc2ccccc2)[C@H]1N=[N+]=[N-],CC(=O)CCC(=O)OC[C@@H]1O[C@@H](Sc2ccc(C)cc2)[C@H](OC(=O)c2ccccc2)[C@@H](OCc2ccccc2)[C@@H]1O[C@H]1O[C@H](COC(C)=O)[C@@H](O)[C@H](OCc2ccccc2)[C@H]1N=[N+]=[N-],chiral_gine,crossattn_tri,2,61B01763,thioglycoside,2018
879,31-013-CAS-18987290,test,0,0.013455433771014214,0.5299999999999999,0,1,CCS[C@H]1O[C@H]2CO[C@@H](c3ccc(OC)cc3)O[C@H]2[C@H](OCc2ccccc2)[C@H]1OCc1ccccc1,CO[C@H]1O[C@H](COCc2ccccc2)[C@@H](O)[C@H](OCc2ccccc2)[C@H]1NC(C)=O,chiral_gine,crossattn_tri,2,2B7D1ED8,thioglycoside,2018
880,31-013-CAS-19796365,test,1,0.9651219248771667,0.5299999999999999,1,1,CC(=O)OC[C@H]1O[C@@H](Sc2ccccc2)[C@H](OC(C)=O)[C@@H](OC(C)=O)[C@H]1OC(C)=O,CC(=O)N[C@@H]1[C@@H](O)[C@H](O)[C@@H](CO[Si](c2ccccc2)(c2ccccc2)C(C)(C)C)O[C@H]1N=[N+]=[N-],chiral_gine,crossattn_tri,2,12EC523D,thioglycoside,2019
881,31-614-CAS-39832550,test,0,0.4432922303676605,0.5299999999999999,0,1,[N-]=[N+]=N[C@@H]1[C@@H](OCc2ccccc2)[C@H]2O[C@@H](c3ccccc3)OC[C@H]2O[C@H]1Sc1ccccc1,CC(C)(C)[Si](OC[C@H]1O[C@H](OCCCNC(=O)OCc2ccccc2)[C@H](N=[N+]=[N-])[C@@H](OCc2ccccc2)[C@H]1O)(c1ccccc1)c1ccccc1,chiral_gine,crossattn_tri,2,F42C3FD2,thioglycoside,2023
888,31-614-CAS-39832557,test,0,0.004517467226833105,0.5299999999999999,0,1,C[C@H]1O[C@@H](Sc2ccccc2)[C@H](N=[N+]=[N-])[C@@H](OCc2ccc3ccccc3c2)[C@H]1OCc1ccccc1,[N-]=[N+]=N[C@H]1[C@@H](OCCCNC(=O)OCc2ccccc2)O[C@H](C(=O)OCc2ccccc2)[C@H](O[C@H]2O[C@H](C(=O)OCc3ccccc3)[C@H](O)[C@H](OCc3ccccc3)[C@H]2N=[N+]=[N-])[C@@H]1OCc1ccccc1,chiral_gine,crossattn_tri,2,A5704765,thioglycoside,2023
889,31-013-CAS-22593841,test,1,0.9407086968421936,0.5299999999999999,1,1,CC(=O)OC[C@H]1O[C@H](O[C@H]2[C@H](OCc3ccccc3)[C@@H](OC(=O)c3ccccc3)[C@H](Sc3ccc(C)cc3)O[C@@H]2COC(=O)CCl)[C@H](N=[N+]=[N-])[C@@H](OCc2ccccc2)[C@@H]1OC(=O)OCC1c2ccccc2-c2ccccc21,COc1ccc(O[C@@H]2O[C@H](COC(=O)CCl)[C@@H](O[C@H]3O[C@H](COC(C)=O)[C@@H](O)[C@H](OCc4ccccc4)[C@H]3N=[N+]=[N-])[C@H](OCc3ccccc3)[C@H]2OC(=O)c2ccccc2)cc1,chiral_gine,crossattn_tri,2,E7956211,thioglycoside,2020
895,31-013-CAS-18987289,test,0,0.009456967003643513,0.5299999999999999,0,1,CCS[C@H]1O[C@H]2CO[C@@H](c3ccc4ccccc4c3)O[C@H]2[C@H](OCc2ccccc2)[C@H]1OCc1ccccc1,CO[C@H]1O[C@H](COCc2ccccc2)[C@@H](O)[C@H](OCc2ccccc2)[C@H]1NC(C)=O,chiral_gine,crossattn_tri,2,935F6C50,thioglycoside,2018
899,31-013-CAS-23877545,test,1,0.0016047721728682518,0.5299999999999999,0,0,CC(=O)OC[C@@H]1O[C@@H](Sc2ccc(C)cc2)[C@H](OC(=O)c2ccccc2)[C@@H](OCc2ccccc2)[C@@H]1O[C@H]1O[C@H](CO[Si](c2ccccc2)(c2ccccc2)C(C)(C)C)[C@@H](OCc2ccc3ccccc3c2)[C@H](OCc2ccc(Br)cc2)[C@H]1N=[N+]=[N-],CC(=O)OC[C@H]1O[C@@H](OC(C)=O)[C@H](OC(=O)c2ccccc2)[C@@H](OCc2ccccc2)[C@@H]1O[C@H]1O[C@H](CO[Si](c2ccccc2)(c2ccccc2)C(C)(C)C)[C@@H](O)[C@H](OCc2ccc(Br)cc2)[C@H]1N=[N+]=[N-],chiral_gine,crossattn_tri,2,3F88E138,thioglycoside,2019
900,31-614-CAS-35398222,test,0,0.06739719212055206,0.5299999999999999,0,1,CC(=O)OC[C@@H]1OC(Sc2ccc(C)cc2)[C@H](OC(=O)c2ccccc2)[C@@H](OCc2ccccc2)[C@@H]1O[C@H]1O[C@H](CO[Si](c2ccccc2)(c2ccccc2)C(C)(C)C)[C@@H](OCc2ccc3ccccc3c2)[C@H](OCc2ccc(Br)cc2)[C@H]1N=[N+]=[N-],CC(=O)OC[C@H]1O[C@@H](OC(C)=O)[C@H](OC(=O)c2ccccc2)[C@@H](OCc2ccccc2)[C@@H]1O[C@H]1O[C@H](CO[Si](c2ccccc2)(c2ccccc2)C(C)(C)C)[C@@H](O)[C@H](OCc2ccc(Br)cc2)[C@H]1N=[N+]=[N-],chiral_gine,crossattn_tri,2,7153922E,thioglycoside,2022
901,31-614-CAS-27463098,test,0,0.13656413555145264,0.5299999999999999,0,1,Cc1ccc(S[C@@H]2O[C@H](COC(=O)OCC3c4ccccc4-c4ccccc43)[C@@H](OCc3ccccc3)[C@H](OCc3ccccc3)[C@H]2OCc2ccccc2)cc1,CC(C)(C)[Si](Oc1ccc(O[C@H]2O[C@H](COCc3ccccc3)[C@H](O)[C@H](O[C@@H]3O[C@H](COC(=O)OCC4c5ccccc5-c5ccccc54)[C@@H](OC(=O)c4ccccc4)[C@H](OC(=O)c4ccccc4)[C@H]3OC(=O)c3ccccc3)[C@H]2N=[N+]=[N-])cc1)(c1ccccc1)c1ccccc1,chiral_gine,crossattn_tri,2,4C635F98,thioglycoside,2018
903,31-006-CAS-21886620,test,0,0.00040055764839053154,0.5299999999999999,0,1,O=C(O[C@@H]1[C@@H](OCc2ccccc2)[C@@H]2O[C@H](c3ccccc3)OC[C@@H]2O[C@H]1Sc1ccccc1)c1ccccc1,[N-]=[N+]=N[C@H]1[C@@H](OCCCCCN(Cc2ccccc2)C(=O)OCc2ccccc2)O[C@H](COC(=O)c2ccccc2)[C@@H](O)[C@@H]1OCc1ccccc1,chiral_gine,crossattn_tri,2,5B3737B8,thioglycoside,2020
905,31-013-CAS-21762107,test,1,0.778411328792572,0.5299999999999999,1,1,CC(=O)O[C@@H]1[C@H](O[C@H]2O[C@@H]3CO[C@H](c4ccccc4)O[C@@H]3[C@H](OCc3ccccc3)[C@H]2OCc2ccccc2)[C@@H](OC(=O)c2ccccc2)[C@H](Sc2ccc(C)cc2)O[C@@H]1COC(=O)c1ccccc1,COC(=O)CO[C@H]1O[C@H](COCc2ccccc2)[C@@H](O)[C@H](OCc2ccccc2)[C@H]1NC(C)=O,chiral_gine,crossattn_tri,2,3463E3BD,thioglycoside,2020
906,31-013-CAS-21945116,test,1,0.9481458067893982,0.5299999999999999,1,1,CC(=O)O[C@@H]1[C@H](O[C@H]2O[C@@H]3CO[C@H](c4ccccc4)O[C@@H]3[C@H](OCc3ccccc3)[C@H]2OCc2ccccc2)[C@@H](OC(=O)c2ccccc2)[C@H](Sc2ccc(C)cc2)O[C@@H]1COC(=O)c1ccccc1,COC(=O)CO[C@H]1O[C@H](COCc2ccccc2)[C@@H](O)[C@H](OCc2ccccc2)[C@H]1NC(C)=O,chiral_gine,crossattn_tri,2,3463E3BD,thioglycoside,2019
911,31-013-CAS-20074838,test,0,0.006829677615314722,0.5299999999999999,0,1,Cc1ccc(S[C@H]2O[C@H](C)[C@@H](OCCCCCN(Cc3ccccc3)C(=O)OCc3ccccc3)[C@H](OC(=O)c3ccccc3)[C@@H]2OC(=O)c2ccccc2)cc1,CO[C@H]1O[C@H](C)[C@@H](N=[N+]=[N-])[C@H](OCc2ccccc2)[C@@H]1O[C@H]1O[C@H](C)[C@@H](N=[N+]=[N-])[C@H](OCc2ccccc2)[C@@H]1O[C@H]1O[C@H](C)[C@@H](N=[N+]=[N-])[C@H](OCc2ccccc2)[C@@H]1O[C@H]1O[C@H](C)[C@@H](N=[N+]=[N-])[C@H](OCc2ccccc2)[C@@H]1O[C@H]1O[C@H](C)[C@@H](N=[N+]=[N-])[C@H](OCc2ccccc2)[C@@H]1O[C@H]1O[C@H](C)[C@@H](N=[N+]=[N-])[C@H](OCc2ccccc2)[C@@H]1O,chiral_gine,crossattn_tri,2,C8A48EB6,thioglycoside,2018
914,31-013-CAS-23879287,test,1,0.0016730711795389652,0.5299999999999999,0,0,CC(=O)OC[C@@H]1O[C@@H](Sc2ccc(C)cc2)[C@H](OC(=O)c2ccccc2)[C@@H](OCc2ccccc2)[C@@H]1O[C@H]1O[C@H](CO[Si](c2ccccc2)(c2ccccc2)C(C)(C)C)[C@@H](OCc2ccc3ccccc3c2)[C@H](OCc2ccc(Br)cc2)[C@H]1N=[N+]=[N-],CC(C)(C)[Si](OC[C@H]1O[C@H](O[C@H]2[C@H](OCc3ccccc3)[C@@H](OC(=O)c3ccccc3)[C@H]3OC[C@@H]2O3)[C@H](N=[N+]=[N-])[C@@H](OCc2ccc(Br)cc2)[C@@H]1O)(c1ccccc1)c1ccccc1,chiral_gine,crossattn_tri,2,446D8617,thioglycoside,2019
915,31-614-CAS-34336263,test,0,0.0026745267678052187,0.5299999999999999,0,1,CC(=O)OC[C@@H]1O[C@@H](Sc2ccc(C)cc2)[C@H](OC(=O)c2ccccc2)[C@@H](OCc2ccccc2)[C@@H]1O[C@H]1O[C@H](CO[Si](c2ccccc2)(c2ccccc2)C(C)(C)C)[C@@H](OCc2ccc3ccccc3c2)[C@H](OCc2ccc(Br)cc2)[C@H]1N=[N+]=[N-],CC(C)(C)[Si](OC[C@H]1O[C@H](O[C@H]2[C@H](OCc3ccccc3)[C@@H](OC(=O)c3ccccc3)[C@H]3OC[C@@H]2O3)[C@H](N=[N+]=[N-])[C@@H](OCc2ccc(Br)cc2)[C@@H]1O)(c1ccccc1)c1ccccc1,chiral_gine,crossattn_tri,2,446D8617,thioglycoside,2022
916,31-614-CAS-32458039,test,0,0.0026745242066681385,0.5299999999999999,0,1,CC(=O)OC[C@@H]1O[C@@H](Sc2ccc(C)cc2)[C@H](OC(=O)c2ccccc2)[C@@H](OCc2ccccc2)[C@@H]1O[C@H]1O[C@H](CO[Si](c2ccccc2)(c2ccccc2)C(C)(C)C)[C@@H](OCc2ccc3ccccc3c2)[C@H](OCc2ccc(Br)cc2)[C@H]1N=[N+]=[N-],CC(C)(C)[Si](OC[C@H]1O[C@H](O[C@H]2[C@H](OCc3ccccc3)[C@@H](OC(=O)c3ccccc3)[C@H]3OC[C@@H]2O3)[C@H](N=[N+]=[N-])[C@@H](OCc2ccc(Br)cc2)[C@@H]1O)(c1ccccc1)c1ccccc1,chiral_gine,crossattn_tri,2,446D8617,thioglycoside,2022
917,31-614-CAS-37588026,test,0,0.002438429044559598,0.5299999999999999,0,1,CC(=O)OC[C@@H]1O[C@@H](Sc2ccc(C)cc2)[C@H](OC(=O)c2ccccc2)[C@@H](OCc2ccccc2)[C@@H]1O[C@H]1O[C@H](CO[Si](c2ccccc2)(c2ccccc2)C(C)(C)C)[C@@H](OCc2ccc3ccccc3c2)[C@H](OCc2ccc(Br)cc2)[C@H]1N=[N+]=[N-],CC(C)(C)[Si](OC[C@H]1O[C@H](O[C@H]2[C@H](OCc3ccccc3)[C@@H](OC(=O)c3ccccc3)[C@H]3OC[C@@H]2O3)[C@H](N=[N+]=[N-])[C@@H](OCc2ccc(Br)cc2)[C@@H]1O)(c1ccccc1)c1ccccc1,chiral_gine,crossattn_tri,2,446D8617,thioglycoside,2020
920,31-013-CAS-18334609,test,0,0.766376256942749,0.5299999999999999,1,0,CC(=O)CCC(=O)OC[C@H]1O[C@@H](Sc2ccc(C)cc2)[C@H](OCc2ccccc2)[C@@H](OCc2ccccc2)[C@@H]1OCc1ccccc1,CC(C)(C)[Si](Oc1ccc(O[C@H]2O[C@H](COCc3ccccc3)[C@H](O)[C@H](O[C@@H]3O[C@H](COC(=O)OCC4c5ccccc5-c5ccccc54)[C@@H](OC(=O)c4ccccc4)[C@H](OC(=O)c4ccccc4)[C@H]3OC(=O)c3ccccc3)[C@H]2N=[N+]=[N-])cc1)(c1ccccc1)c1ccccc1,chiral_gine,crossattn_tri,2,E9BAD59C,thioglycoside,2018
925,31-013-CAS-19796368,test,1,0.9184723496437073,0.5299999999999999,1,1,O=C(O[C@H]1[C@H]2O[C@@H](c3ccccc3)OC[C@H]2O[C@@H](Sc2ccccc2)[C@@H]1OC(=O)c1ccccc1)c1ccccc1,CC(=O)N[C@H]1[C@@H](OCc2ccccc2)O[C@H](CO[Si](c2ccccc2)(c2ccccc2)C(C)(C)C)[C@@H](O)[C@@H]1O,chiral_gine,crossattn_tri,2,6A949415,thioglycoside,2019
929,31-614-CAS-44130786,test,1,0.9539564251899719,0.5299999999999999,1,1,CCS[C@@H]1O[C@@H]2CO[C@@H](c3ccccc3)O[C@H]2[C@H](OCc2ccccc2)[C@H]1OC(C)=O,COC(=O)[C@]12CCC(C)(C)C[C@H]1C1=CC[C@@H]3[C@@]4(C)CC[C@H](O[C@@H]5O[C@H](COCc6ccc(OC)cc6)[C@@H](O)[C@H](OCc6ccccc6)[C@H]5N=[N+]=[N-])C(C)(C)[C@@H]4CC[C@@]3(C)[C@]1(C)CC2,chiral_gine,crossattn_tri,2,EA356C5D,thioglycoside,2025
944,31-614-CAS-34709650,test,0,0.7293369174003601,0.5299999999999999,1,0,CC(=O)O[C@@H]1[C@H]2O[C@@H](c3ccccc3)OC[C@H]2O[C@H](Sc2ccc(C)cc2)[C@H]1O[Si](C)(C)C(C)(C)C,CC(C)(C)[Si](C)(C)O[C@@H]1O[C@H](COCc2ccccc2)[C@@H](O)[C@H](OCc2ccccc2)[C@H]1NC(=O)C(Cl)(Cl)Cl,chiral_gine,crossattn_tri,2,6E6F4A60,thioglycoside,2022
948,31-013-CAS-21762108,test,1,0.03805192932486534,0.5299999999999999,0,0,CC(=O)O[C@@H]1[C@H](O[C@H]2O[C@@H]3CO[C@H](c4ccccc4)O[C@@H]3[C@H](OCc3ccccc3)[C@H]2OCc2ccccc2)[C@@H](OC(=O)c2ccccc2)[C@H](Sc2ccc(C)cc2)O[C@@H]1COC(=O)c1ccccc1,COC(=O)CO[C@H]1O[C@H](COCc2ccccc2)[C@@H](O)[C@H](OCc2ccccc2)[C@H]1N(C(C)=O)C(C)=O,chiral_gine,crossattn_tri,2,117FF06F,thioglycoside,2020
949,31-013-CAS-19796364,test,1,0.7543432712554932,0.5299999999999999,1,1,CC(C)(C)[Si](OC[C@H]1O[C@@H](Sc2ccccc2)[C@H](OC(=O)c2ccccc2)[C@@H](OC(=O)c2ccccc2)[C@H]1OC(=O)c1ccccc1)(c1ccccc1)c1ccccc1,CC(=O)N[C@@H]1[C@@H](O)[C@H](O)[C@@H](CO[Si](c2ccccc2)(c2ccccc2)C(C)(C)C)O[C@H]1N=[N+]=[N-],chiral_gine,crossattn_tri,2,A47FC6F4,thioglycoside,2019
964,31-013-CAS-22252750,test,1,0.03495935723185539,0.5299999999999999,0,0,CC(=O)CCC(=O)O[C@H]1[C@@H](OC(=O)CCC(C)=O)[C@@H](COC(=O)c2ccccc2)O[C@@H](Sc2ccc(C)cc2)[C@@H]1OC(=O)c1ccccc1,COC(=O)CO[C@@H]1O[C@H](COCc2ccccc2)[C@@H](O)[C@H](OC(=O)c2ccccc2)[C@H]1NC(=O)OCC(Cl)(Cl)Cl,chiral_gine,crossattn_tri,2,85FE41BD,thioglycoside,2018
981,31-013-CAS-19796362,test,1,0.9256578683853149,0.5299999999999999,1,1,O=C(O[C@H]1[C@@H](OC(=O)c2ccccc2)[C@@H](COCc2ccccc2)O[C@@H](Sc2ccccc2)[C@@H]1OC(=O)c1ccccc1)c1ccccc1,CC(=O)N[C@@H]1[C@@H](O)[C@H](O)[C@@H](CO[Si](c2ccccc2)(c2ccccc2)C(C)(C)C)O[C@H]1N=[N+]=[N-],chiral_gine,crossattn_tri,2,E336F954,thioglycoside,2019
985,31-013-CAS-21186032,test,0,0.0031133389566093683,0.5299999999999999,0,1,CCSC1O[C@H]2CO[C@@H](c3ccccc3)O[C@H]2[C@H](OCc2ccccc2)[C@H]1OC(=O)CCC(C)=O,CC(=O)CCC(=O)OC[C@H]1O[C@H](OCCCCCN(Cc2ccccc2)C(=O)OCc2ccccc2)[C@H](N=[N+]=[N-])[C@@H](OCc2ccccc2)[C@@H]1O,chiral_gine,crossattn_tri,2,31D62020,thioglycoside,2019
986,31-614-CAS-40218507,test,1,0.9707919955253601,0.5299999999999999,1,1,CCS[C@@H]1O[C@H](COC(=O)c2ccccc2)[C@H](OC(=O)c2ccccc2)[C@H](OC(=O)c2ccccc2)[C@H]1OC(=O)c1ccccc1,CC(C)(C)[Si](C)(C)O[C@@H]1O[C@H](COCc2ccccc2)[C@@H](O)[C@H](OCc2ccccc2)[C@H]1NC(=O)C(Cl)(Cl)Cl,chiral_gine,crossattn_tri,2,26EBA69C,thioglycoside,2021
997,31-614-CAS-39684276,test,0,0.03558056056499481,0.5299999999999999,0,1,Cc1ccc(S[C@H]2O[C@@H](C)[C@@H](OCc3ccccc3)[C@@H](OCc3ccccc3)[C@@H]2OCc2ccccc2)cc1,CC(=O)N[C@H]1[C@H](O[C@H]2[C@@H](OCc3ccccc3)[C@@H](COCc3ccccc3)O[C@@H](O[C@H]3[C@H](OCc4ccccc4)[C@@H](OCc4ccccc4)[C@H](OCCCN=[N+]=[N-])O[C@@H]3COCc3ccccc3)[C@@H]2OCc2ccccc2)O[C@H](COCc2ccccc2)[C@@H](O)[C@@H]1O[C@@H]1O[C@H](COCc2ccccc2)[C@H](OCc2ccccc2)[C@H](O[C@H]2O[C@H](COCc3ccccc3)[C@H](OCc3ccccc3)[C@H](OCc3ccccc3)[C@H]2OCc2ccccc2)[C@H]1O,chiral_gine,crossattn_tri,2,0BF6B993,thioglycoside,2023
1002,31-614-CAS-47697112,test,1,0.7280541658401489,0.5299999999999999,1,1,CC(=O)O[C@@H]1[C@@H](OCc2ccccc2)[C@H](OCc2ccccc2)[C@@H](COCc2ccccc2)O[C@H]1Sc1ccc(C)cc1,CO[C@H]1O[C@H](CO)[C@@H](O)[C@H](OCc2ccccc2)[C@H]1NC(=O)OCc1ccccc1,chiral_gine,crossattn_tri,2,A9FC93E7,thioglycoside,2025
1005,31-013-CAS-19796363,test,1,0.9479198455810547,0.5299999999999999,1,1,O=C(OC[C@H]1O[C@@H](Sc2ccccc2)[C@H](OC(=O)c2ccccc2)[C@@H](OC(=O)c2ccccc2)[C@H]1OC(=O)c1ccccc1)c1ccccc1,CC(=O)N[C@@H]1[C@@H](O)[C@H](O)[C@@H](CO[Si](c2ccccc2)(c2ccccc2)C(C)(C)C)O[C@H]1N=[N+]=[N-],chiral_gine,crossattn_tri,2,60DEF892,thioglycoside,2019
1010,31-013-CAS-22252748,test,1,0.05789792537689209,0.5299999999999999,0,0,Cc1ccc(S[C@@H]2O[C@H](COC(=O)c3ccccc3)[C@@H]3OC(C)(C)O[C@@H]3[C@H]2OC(=O)c2ccccc2)cc1,COC(=O)CO[C@@H]1O[C@H](COCc2ccccc2)[C@@H](O)[C@H](OC(=O)c2ccccc2)[C@H]1NC(=O)OCC(Cl)(Cl)Cl,chiral_gine,crossattn_tri,2,9786B750,thioglycoside,2018
1012,31-013-CAS-21905508,test,1,0.9869784116744995,0.5299999999999999,1,1,CCS[C@@H]1O[C@@H]2CO[C@@H](c3ccccc3)O[C@H]2[C@H](OCc2ccccc2)[C@H]1OC(C)=O,CC(=O)N[C@H]1[C@@H](OCCN=[N+]=[N-])O[C@H](COCc2ccc3ccccc3c2)[C@@H](O)[C@@H]1OCc1ccccc1,chiral_gine,crossattn_tri,2,435A3C77,thioglycoside,2020
1014,31-013-CAS-18496614,test,1,0.9807085394859314,0.5299999999999999,1,1,C=CCOC(=O)O[C@@H]1[C@@H](OCc2ccccc2)[C@@H]2O[C@H](c3ccccc3)OC[C@H]2O[C@H]1SCC,CC(=O)O[C@H]1[C@H](O)[C@@H](COCc2ccccc2)O[C@@H](O[Si](C)(C)C(C)(C)C(C)C)[C@@H]1NC(=O)OCC(Cl)(Cl)Cl,chiral_gine,crossattn_tri,2,F40FAF7A,thioglycoside,2018
1016,31-013-CAS-20281584,test,1,0.024448292329907417,0.5299999999999999,0,0,CCS[C@H]1O[C@@H]2CO[C@@H](c3ccccc3)O[C@H]2[C@H](OCc2ccc(OC)cc2)[C@@H]1OCc1ccccc1,COc1ccc(O[C@H]2O[C@H](COCc3ccccc3)[C@@H](O)[C@H](OC(C)=O)[C@H]2NC(=O)OCC(Cl)(Cl)Cl)cc1,chiral_gine,crossattn_tri,2,62A9D1BD,thioglycoside,2019
1018,31-013-CAS-22252755,test,1,0.977538526058197,0.5299999999999999,1,1,Cc1ccc(S[C@@H]2O[C@@H]3CO[C@@H](c4ccccc4)O[C@@H]3[C@H](OC(=O)c3ccccc3)[C@H]2OC(=O)c2ccccc2)cc1,CC(C)(C)[Si](C)(C)O[C@@H]1O[C@H](COCc2ccccc2)[C@@H](O)[C@H](OC(=O)c2ccccc2)[C@H]1NC(=O)OCC(Cl)(Cl)Cl,chiral_gine,crossattn_tri,2,1CAF8526,thioglycoside,2018
1020,31-013-CAS-21812642,test,0,0.004457058385014534,0.5299999999999999,0,1,CCS[C@H]1O[C@@H](C)[C@@H](OCc2ccc(OC)cc2)[C@@H](OCc2ccc(OC)cc2)[C@@H]1OCc1ccc(OC)cc1,CC(=O)N[C@@H]1[C@@H](O[C@@H]2O[C@H](COC(C)=O)[C@H](OC(C)=O)[C@H](OC(C)=O)[C@H]2OC(C)=O)[C@H](O)[C@@H](COC(C)=O)O[C@H]1SCC#N,chiral_gine,crossattn_tri,2,304F578F,thioglycoside,2019
1023,31-614-CAS-36914093,test,0,0.0471692830324173,0.5299999999999999,0,1,COC(=O)[C@@H]1OC(Sc2ccc(C)cc2)[C@H](OC(=O)c2ccccc2)[C@@H](OCc2ccccc2)[C@@H]1OCC#C[Si](C(C)C)(C(C)C)C(C)C,CC(=O)CCC(=O)OC[C@H]1O[C@H](OCCN=[N+]=[N-])[C@H](NC(C)=O)[C@@H](OCc2ccccc2)[C@@H]1O,chiral_gine,crossattn_tri,2,15129847,thioglycoside,2022
1028,31-013-CAS-20281590,test,1,0.002718528965488076,0.5299999999999999,0,0,C#CCO[C@H]1[C@@H](OCc2ccc(OC)cc2)[C@@H]2O[C@H](c3ccccc3)OC[C@H]2O[C@@H]1Sc1ccc(C)cc1,COc1ccc(O[C@H]2O[C@H](COCc3ccccc3)[C@@H](O)[C@H](OC(C)=O)[C@H]2NC(=O)OCC(Cl)(Cl)Cl)cc1,chiral_gine,crossattn_tri,2,6D2F2645,thioglycoside,2019
1030,31-013-CAS-21762119,test,1,0.9798682332038879,0.5299999999999999,1,1,CC(=O)OC[C@H]1O[C@@H](Sc2ccc(C)cc2)[C@H](OC(=O)OCC2c3ccccc3-c3ccccc32)[C@@H](O[Si](C)(C)C(C)(C)C)[C@H]1OC(C)=O,COC(=O)CO[C@H]1O[C@H](COCc2ccccc2)[C@@H](O)[C@H](OCc2ccccc2)[C@H]1NC(C)=O,chiral_gine,crossattn_tri,2,B7B3E79B,thioglycoside,2020
1043,31-013-CAS-19733121,test,0,0.0026436373591423035,0.5299999999999999,0,1,CC(=O)CCC(=O)OC[C@@H]1O[C@@H](Sc2ccc(C)cc2)[C@H](OC(=O)c2ccccc2)[C@@H](OCc2ccccc2)[C@@H]1O[C@H]1O[C@H](COC(C)=O)[C@@H](OCc2ccccc2)[C@H](OCc2ccccc2)[C@H]1N=[N+]=[N-],CC(=O)CCC(=O)OC[C@@H]1O[C@@H](OCCCN(Cc2ccccc2)C(=O)OCc2ccccc2)[C@H](OC(=O)c2ccccc2)[C@@H](OCc2ccccc2)[C@@H]1O[C@H]1O[C@H](COC(C)=O)[C@@H](O)[C@H](OCc2ccccc2)[C@H]1N=[N+]=[N-],chiral_gine,crossattn_tri,2,2BD16688,thioglycoside,2018
1056,31-013-CAS-21022801,test,1,0.9235421419143677,0.5299999999999999,1,1,C=CCO[C@H]1[C@@H]2O[C@@](C)(C(=O)OCc3ccccc3)OC[C@H]2OC(SCC)[C@@H]1OC(=O)CCC(C)=O,CC(=O)O[C@H]1[C@H](O)[C@@H](COCc2ccccc2)O[C@@H](O[Si](C)(C)C(C)(C)C(C)C)[C@@H]1NC(=O)C(Cl)(Cl)Cl,chiral_gine,crossattn_tri,2,2F468842,thioglycoside,2018
1062,31-614-CAS-36685375,test,0,0.12729795277118683,0.5299999999999999,0,1,CCS[C@H]1O[C@@H](C)[C@@H](OCc2ccccc2)[C@@H](OCc2ccccc2)[C@@H]1OCc1ccccc1,CCS[C@@H]1O[C@H](COC(=O)c2ccccc2)[C@@H](O[C@@H]2O[C@H](COCc3ccccc3)[C@H](OCc3ccccc3)[C@H](O[C@@H]3O[C@H](COCc4ccccc4)[C@@H](O)[C@H](O[C@@H]4O[C@H](COCc5ccccc5)[C@H](OCc5ccccc5)[C@H](OCc5ccccc5)[C@H]4O)[C@H]3NC(C)=O)[C@H]2OCc2ccccc2)[C@H](OC(=O)c2ccccc2)[C@H]1OC(=O)c1ccccc1,chiral_gine,crossattn_tri,2,05F8A284,thioglycoside,2022
1064,31-013-CAS-21762125,test,0,0.9620316624641418,0.5299999999999999,1,0,Cc1ccc(S[C@@H]2O[C@@H]3CO[C@H](c4ccccc4)O[C@@H]3[C@H](O[Si](C)(C)C(C)(C)C)[C@H]2OC(=O)OCC2c3ccccc3-c3ccccc32)cc1,COC(=O)CO[C@H]1O[C@H](COCc2ccccc2)[C@@H](O)[C@H](OCc2ccccc2)[C@H]1NC(C)=O,chiral_gine,crossattn_tri,2,7D40B5EE,thioglycoside,2020
1066,31-013-CAS-19733123,test,0,0.002525878604501486,0.5299999999999999,0,1,CC(=O)CCC(=O)OC[C@@H]1O[C@@H](Sc2ccc(C)cc2)[C@H](OC(=O)c2ccccc2)[C@@H](OCc2ccccc2)[C@@H]1O[C@H]1O[C@H](COC(C)=O)[C@@H](O[C@@H]2O[C@@H](COC(=O)CCC(C)=O)[C@@H](O[C@H]3O[C@H](COC(C)=O)[C@@H](OCc4ccccc4)[C@H](OCc4ccccc4)[C@H]3N=[N+]=[N-])[C@H](OCc3ccccc3)[C@H]2OC(=O)c2ccccc2)[C@H](OCc2ccccc2)[C@H]1N=[N+]=[N-],CC(=O)CCC(=O)OC[C@@H]1O[C@@H](OCCCN(Cc2ccccc2)C(=O)OCc2ccccc2)[C@H](OC(=O)c2ccccc2)[C@@H](OCc2ccccc2)[C@@H]1O[C@H]1O[C@H](COC(C)=O)[C@@H](O)[C@H](OCc2ccccc2)[C@H]1N=[N+]=[N-],chiral_gine,crossattn_tri,2,4E935F00,thioglycoside,2018
1067,31-013-CAS-21812652,test,0,0.0025751804932951927,0.5299999999999999,0,1,CCS[C@H]1O[C@@H](C)[C@@H](OCc2ccc(OC)cc2)[C@@H](OCc2ccc(OC)cc2)[C@@H]1OCc1ccc(OC)cc1,CC(=O)N[C@@H]1[C@@H](O[C@@H]2O[C@H](COC(C)=O)[C@H](OC(C)=O)[C@H](OC(C)=O)[C@H]2O)[C@H](O)[C@@H](COC(C)=O)O[C@H]1SCC#N,chiral_gine,crossattn_tri,2,CA34BEEE,thioglycoside,2019
1070,31-614-CAS-39596676,test,0,0.0027295255567878485,0.5299999999999999,0,1,CCS[C@H]1O[C@@H](C)[C@@H](OCc2ccccc2)[C@@H](OCc2ccccc2)[C@@H]1OCc1ccccc1,CC(=O)N[C@H]1[C@H](OCCCCCCCCCCl)O[C@H](COCc2ccccc2)[C@@H](O)[C@@H]1O[C@@H]1O[C@H](COC(C)=O)[C@H](OC(C)=O)[C@H](OC(=O)CCl)[C@H]1OC(C)=O,chiral_gine,crossattn_tri,2,F2E255E7,thioglycoside,2023
1079,31-013-CAS-21762120,test,1,0.9528346061706543,0.5299999999999999,1,1,CC(=O)OC[C@H]1O[C@@H](Sc2ccc(C)cc2)[C@H](OC(=O)OCC2c3ccccc3-c3ccccc32)[C@@H](O[Si](C)(C)C(C)(C)C)[C@H]1OC(C)=O,COC(=O)CO[C@H]1O[C@H](COCc2ccccc2)[C@@H](O)[C@H](OCc2ccccc2)[C@H]1N(C(C)=O)C(C)=O,chiral_gine,crossattn_tri,2,3E5169C0,thioglycoside,2020
1081,31-013-CAS-22664054,test,0,0.29289066791534424,0.5299999999999999,0,1,Cc1ccc(S[C@@H]2O[C@@H]3CO[C@@H](c4ccccc4)O[C@H]3[C@H](OCc3ccccc3)[C@H]2OCc2ccccc2)cc1,O=C(N[C@H]1[C@H](O[C@H]2[C@H](OCc3ccccc3)[C@@H](COCc3ccccc3)O[C@H](COCc3ccc4ccccc4c3)[C@H]2OCc2ccccc2)O[C@H](COCc2ccccc2)[C@H](O)[C@@H]1O[C@@H]1O[C@H](COCc2ccccc2)[C@@H](OCc2ccccc2)[C@H](OCc2ccccc2)[C@H]1OCc1ccccc1)OCC(Cl)(Cl)Cl,chiral_gine,crossattn_tri,2,6C9CE41A,thioglycoside,2020
1082,31-614-CAS-44833731,test,0,0.003403634764254093,0.5299999999999999,0,1,CCS[C@H]1O[C@@H](C)[C@@H](OCc2ccccc2)[C@@H](OCc2ccccc2)[C@@H]1OCc1ccccc1,CCS[C@@H]1O[C@H](COCc2ccccc2)[C@@H](O)[C@H](O)[C@H]1N1C(=O)c2ccccc2C1=O,chiral_gine,crossattn_tri,2,4CC8F772,thioglycoside,2024
1083,31-013-CAS-19191565,test,1,0.028052207082509995,0.5299999999999999,0,0,CC(=O)CCC(=O)O[C@H]1[C@H](OC(=O)c2ccccc2)[C@@H](OCc2ccccc2)[C@H](C)O[C@@H]1Sc1ccccc1,O=C(NCCCO[C@@H]1O[C@H](COCc2ccccc2)[C@@H](O)[C@H](OCc2ccccc2)[C@H]1NC(=O)C(Cl)(Cl)Cl)OCc1ccccc1,chiral_gine,crossattn_tri,2,CAE27AE2,thioglycoside,2018
1085,31-614-CAS-36914120,test,0,0.0670812651515007,0.5299999999999999,0,1,COC(=O)[C@@H]1OC(Sc2ccc(C)cc2)[C@H](OC(=O)c2ccccc2)[C@@H](OCc2ccccc2)[C@@H]1OCC#C[Si](C(C)C)(C(C)C)C(C)C,CC(=O)CCC(=O)OC[C@H]1O[C@H](OCCN=[N+]=[N-])[C@H](NC(=O)OCC(Cl)(Cl)Cl)[C@@H](OCc2ccccc2)[C@@H]1O,chiral_gine,crossattn_tri,2,5FED11FF,thioglycoside,2022
1092,31-614-CAS-39834143,test,0,0.04372493177652359,0.5299999999999999,0,1,Cc1ccc(S[C@@H]2O[C@@H]3CO[Si](C(C)(C)C)(C(C)(C)C)O[C@@H]3[C@H](OCc3ccccc3)[C@H]2N2C(=O)c3ccccc3C2=O)cc1,CO[C@H]1O[C@H](COCc2ccccc2)[C@@H](O)[C@H](OCc2ccccc2)[C@H]1N=[N+]=[N-],chiral_gine,crossattn_tri,2,963BAEC1,thioglycoside,2023
1102,31-013-CAS-22664010,test,0,0.28136083483695984,0.5299999999999999,0,1,Cc1ccc(S[C@@H]2O[C@@H]3CO[C@@H](c4ccccc4)O[C@H]3[C@H](OCc3ccccc3)[C@H]2OCc2ccccc2)cc1,CC(=O)O[C@H]1[C@H](O[C@H]2[C@@H](O)[C@@H](COCc3ccccc3)O[C@@H](O[C@H]3[C@H](OCc4ccccc4)[C@@H](COCc4ccccc4)O[C@H](COCc4ccc5ccccc5c4)[C@H]3OCc3ccccc3)[C@@H]2NC(=O)OCC(Cl)(Cl)Cl)O[C@H](COCc2ccccc2)[C@@H](OCc2ccccc2)[C@@H]1OCc1ccccc1,chiral_gine,crossattn_tri,2,3838AEFA,thioglycoside,2020
1103,31-614-CAS-35394448,test,1,0.9106082916259766,0.5299999999999999,1,1,Cc1ccc(S[C@@H]2O[C@H](COC(=O)CCl)[C@@H](O[C@H]3O[C@H](CO[Si](c4ccccc4)(c4ccccc4)C(C)(C)C)[C@@H](OCc4ccccc4)[C@H](OCc4ccc5ccccc5c4)[C@H]3N=[N+]=[N-])[C@H](OCc3ccccc3)[C@H]2OC(=O)c2ccccc2)cc1,CC(C)(C)[Si](OC[C@H]1O[C@H](O[C@H]2[C@H](OCc3ccccc3)[C@@H](OC(=O)c3ccccc3)[C@H](OCCCNC(=O)OCc3ccccc3)O[C@@H]2COC(=O)CCl)[C@H](N=[N+]=[N-])[C@@H](OCc2ccc3ccccc3c2)[C@@H]1O)(c1ccccc1)c1ccccc1,chiral_gine,crossattn_tri,2,D82524EC,thioglycoside,2022
1104,31-614-CAS-34336268,test,0,0.005020518787205219,0.5299999999999999,0,1,CC(=O)OC[C@@H]1O[C@@H](Sc2ccc(C)cc2)[C@H](OC(=O)c2ccccc2)[C@@H](OCc2ccccc2)[C@@H]1OCc1ccccc1,CC(=O)OC[C@@H]1O[C@@H](OCCCCCN(Cc2ccccc2)C(=O)OCc2ccccc2)[C@H](OC(=O)c2ccccc2)[C@@H](OCc2ccccc2)[C@@H]1O[C@H]1O[C@H](CO[Si](c2ccccc2)(c2ccccc2)C(C)(C)C)[C@@H](O)[C@H](OCc2ccc(Br)cc2)[C@H]1N=[N+]=[N-],chiral_gine,crossattn_tri,2,486A16B4,thioglycoside,2022
1105,31-614-CAS-32458097,test,0,0.00352521357126534,0.5299999999999999,0,1,CC(=O)OC[C@@H]1O[C@@H](Sc2ccc(C)cc2)[C@H](OC(=O)c2ccccc2)[C@@H](OCc2ccccc2)[C@@H]1OCc1ccccc1,CC(=O)OC[C@@H]1O[C@@H](OCCCCCN(Cc2ccccc2)C(=O)OCc2ccccc2)[C@H](OC(=O)c2ccccc2)[C@@H](OCc2ccccc2)[C@@H]1O[C@H]1O[C@H](CO[Si](c2ccccc2)(c2ccccc2)C(C)(C)C)[C@@H](O)[C@H](OCc2ccc(Br)cc2)[C@H]1N=[N+]=[N-],chiral_gine,crossattn_tri,2,486A16B4,thioglycoside,2022
1106,31-614-CAS-37588004,test,0,0.002915808232501149,0.5299999999999999,0,1,CC(=O)OC[C@@H]1O[C@@H](Sc2ccc(C)cc2)[C@H](OC(=O)c2ccccc2)[C@@H](OCc2ccccc2)[C@@H]1OCc1ccccc1,CC(=O)OC[C@@H]1O[C@@H](OCCCCCN(Cc2ccccc2)C(=O)OCc2ccccc2)[C@H](OC(=O)c2ccccc2)[C@@H](OCc2ccccc2)[C@@H]1O[C@H]1O[C@H](CO[Si](c2ccccc2)(c2ccccc2)C(C)(C)C)[C@@H](O)[C@H](OCc2ccc(Br)cc2)[C@H]1N=[N+]=[N-],chiral_gine,crossattn_tri,2,486A16B4,thioglycoside,2020
1108,31-013-CAS-21555454,test,1,0.6604259014129639,0.5299999999999999,1,1,CCS[C@H]1O[C@H](COCc2ccccc2)[C@@H](OCc2ccccc2)[C@H](OCc2ccccc2)[C@@H]1OCc1ccc2ccccc2c1,CCCCO[C@@H]1O[C@H](COCc2ccccc2)[C@@H](O)[C@H](OCc2ccccc2)[C@H]1N1C(=O)c2ccccc2C1=O,chiral_gine,crossattn_tri,2,9446EAEB,thioglycoside,2019
1138,31-614-CAS-41700171,test,0,0.9647650718688965,0.5299999999999999,1,0,CC(=O)CCC(=O)O[C@@H]1[C@@H](N=[N+]=[N-])[C@H](Sc2ccccc2)O[C@H](C)[C@@H]1NC(=O)COc1ccccc1,C#CCO[C@@H]1O[C@@H]2CO[C@@](C)(C(=O)OC)O[C@@H]2[C@H](O[C@H]2O[C@@H]3CO[Si](C(C)(C)C)(C(C)(C)C)O[C@@H]([C@H]3O)[C@H]2N=[N+]=[N-])[C@H]1OC(=O)c1ccccc1,chiral_gine,crossattn_tri,2,F593F272,thioglycoside,2023
1146,31-614-CAS-39596688,test,0,0.017296981066465378,0.5299999999999999,0,1,CCS[C@H]1O[C@@H](C)[C@@H](OCc2ccccc2)[C@@H](OCc2ccccc2)[C@@H]1OCc1ccccc1,CC(=O)N[C@H]1[C@H](OCCCCCCCCCCl)O[C@H](COCc2ccccc2)[C@@H](OC(=O)OCC2c3ccccc3-c3ccccc32)[C@@H]1O[C@@H]1O[C@H](COC(C)=O)[C@H](OC(C)=O)[C@H](O[C@@H]2O[C@H](COCc3ccccc3)[C@@H](O)[C@H](OC(C)=O)[C@H]2NC(C)=O)[C@H]1OC(C)=O,chiral_gine,crossattn_tri,2,A9453A6C,thioglycoside,2023
1177,31-013-CAS-21013701,test,1,0.7374559640884399,0.5299999999999999,1,1,O=C(O[C@@H]1[C@@H](OCc2ccccc2)[C@@H]2O[C@H](c3ccccc3)OC[C@H]2O[C@H]1Sc1ccccc1)c1ccccc1,C=CCO[C@@H]1[C@H](O)[C@H](C)O[C@@H](O[C@@H]2[C@@H](NC(=O)C(Cl)(Cl)Cl)[C@H](OCCCNC(=O)OCc3ccccc3)O[C@H](C)[C@@H]2OCc2ccccc2)[C@H]1N=[N+]=[N-],chiral_gine,crossattn_tri,2,9C7FEB77,thioglycoside,2020
1179,31-013-CAS-21013700,test,1,0.9841682314872742,0.5299999999999999,1,1,O=C(O[C@@H]1[C@@H](OCc2ccccc2)[C@@H]2O[C@H](c3ccccc3)OC[C@H]2O[C@H]1Sc1ccccc1)c1ccccc1,CC(=O)O[C@@H]1[C@H](O)[C@H](C)O[C@@H](O[C@@H]2[C@@H](NC(=O)C(Cl)(Cl)Cl)[C@H](OCCCNC(=O)OCc3ccccc3)O[C@H](C)[C@@H]2OCc2ccccc2)[C@H]1N=[N+]=[N-],chiral_gine,crossattn_tri,2,A4384FAF,thioglycoside,2020
1181,31-013-CAS-19796379,test,1,0.9732477068901062,0.5299999999999999,1,1,CC(=O)OC[C@H]1O[C@@H](Sc2ccccc2)[C@H](OC(C)=O)[C@@H](OC(C)=O)[C@H]1OC(C)=O,COc1ccc(O[C@@H]2O[C@H](CO[Si](c3ccccc3)(c3ccccc3)C(C)(C)C)[C@@H](O)[C@H](O)[C@H]2N2C(=O)c3ccccc3C2=O)cc1,chiral_gine,crossattn_tri,2,14329F80,thioglycoside,2019
1185,31-013-CAS-23539710,test,0,0.007564472500234842,0.5299999999999999,0,1,C[C@H]1O[C@@H](Sc2ccccc2)[C@H](N=[N+]=[N-])[C@@H](OCc2ccccc2)[C@H]1N1C(=O)c2ccccc2C1=O,CC(=O)O[C@H]1[C@@H](O)[C@@H](CO[Si](c2ccccc2)(c2ccccc2)C(C)(C)C)O[C@@H](Sc2ccccc2)[C@@H]1N=[N+]=[N-],chiral_gine,crossattn_tri,2,9C2CCE32,thioglycoside,2021
1191,31-614-CAS-24371495,test,1,0.9730653762817383,0.5299999999999999,1,1,CCS[C@@H]1O[C@H](COCc2ccccc2)[C@@H](OC(C)=O)[C@H](OCc2ccccc2)[C@H]1N1C(=O)c2ccccc2C1=O,O=C1c2ccccc2C(=O)N1[C@H]1[C@H](OCc2ccccc2)O[C@H](COCc2ccccc2)[C@@H](O)[C@@H]1OCc1ccccc1,chiral_gine,crossattn_tri,2,B29D2F16,thioglycoside,2020
1198,31-013-CAS-21555453,test,1,0.5864292979240417,0.5299999999999999,1,1,CCS[C@H]1O[C@@H]2COC3(CCCCC3)O[C@H]2[C@H](O[Si](C(C)C)(C(C)C)C(C)C)[C@@H]1OCc1ccc2ccccc2c1,CCCCO[C@@H]1O[C@H](COCc2ccccc2)[C@@H](O)[C@H](OCc2ccccc2)[C@H]1N1C(=O)c2ccccc2C1=O,chiral_gine,crossattn_tri,2,ECCF719E,thioglycoside,2019
1209,31-614-CAS-43414513,test,1,0.960013747215271,0.5299999999999999,1,1,CC(=O)OC[C@H]1O[C@@H](Sc2ccccc2)[C@H](OC(C)=O)[C@@H](N=[N+]=[N-])[C@H]1OC(C)=O,CO[C@@H]1O[C@H](COCc2ccccc2)[C@@H](O)[C@H](OCc2ccccc2)[C@H]1N1C(=O)c2ccccc2C1=O,chiral_gine,crossattn_tri,2,07B27AE9,thioglycoside,2024
1211,31-614-CAS-44431802,test,1,0.9947142004966736,0.5299999999999999,1,1,Cc1ccc(C(C)(C)C)cc1S[C@H]1O[C@@H]2CO[C@@H](c3ccccc3)O[C@H]2[C@H](OCc2ccccc2)[C@@H]1OCc1ccccc1,O=C1c2ccccc2C(=O)N1[C@H]1[C@H](OCc2ccccc2)O[C@H](COCc2ccccc2)[C@@H](O)[C@@H]1OCc1ccccc1,chiral_gine,crossattn_tri,2,5EC070A7,thioglycoside,2024
1212,31-614-CAS-36594426,test,1,0.9947142004966736,0.5299999999999999,1,1,Cc1ccc(C(C)(C)C)cc1S[C@H]1O[C@@H]2CO[C@@H](c3ccccc3)O[C@H]2[C@H](OCc2ccccc2)[C@@H]1OCc1ccccc1,O=C1c2ccccc2C(=O)N1[C@H]1[C@H](OCc2ccccc2)O[C@H](COCc2ccccc2)[C@@H](O)[C@@H]1OCc1ccccc1,chiral_gine,crossattn_tri,2,5EC070A7,thioglycoside,2023
1213,31-614-CAS-24503700,test,1,0.9671118259429932,0.5299999999999999,1,1,Cc1ccc(C(C)(C)C)cc1S[C@H]1O[C@@H]2CO[C@@H](c3ccccc3)O[C@H]2[C@H](OCc2ccccc2)[C@@H]1OCc1ccccc1,O=C1c2ccccc2C(=O)N1[C@H]1[C@H](OCc2ccccc2)O[C@H](COCc2ccccc2)[C@@H](O)[C@@H]1OCc1ccccc1,chiral_gine,crossattn_tri,2,5EC070A7,thioglycoside,2021
1215,31-614-CAS-35071256,test,0,1.526605228718836e-05,0.5299999999999999,0,1,CC(=O)N1C(=O)O[C@H]2[C@@H](O[Si](C)(C)C(C)(C)C)[C@@H](COCc3ccccc3)O[C@H](Sc3ccc(C)cc3)[C@@H]21,CO[C@H]1O[C@H](COCc2ccccc2)[C@H](O[C@H]2O[C@H](COCc3ccccc3)[C@H](O[C@H]3O[C@H](COCc4ccccc4)[C@H](O[C@H]4O[C@H](COCc5ccccc5)[C@H](O)[C@@H]5OC(=O)N(C(C)=O)[C@@H]45)[C@@H]4OC(=O)N(C(C)=O)[C@@H]34)[C@@H]3OC(=O)N(C(C)=O)[C@@H]23)[C@@H]2OC(=O)N(C(C)=O)[C@@H]12,chiral_gine,crossattn_tri,2,A2100865,thioglycoside,2018
1216,31-013-CAS-20519347,test,1,0.7388634085655212,0.5299999999999999,1,1,O=C(O[C@@H]1[C@@H](OCc2ccccc2)[C@@H](OCc2ccccc2)[C@@H](COCc2ccccc2)O[C@H]1Sc1nc2ccccc2o1)c1ccccc1,CCS[C@@H]1O[C@H](COCc2ccccc2)[C@@H](O)[C@H](OCc2ccccc2)[C@H]1N1C(=O)c2ccccc2C1=O,chiral_gine,crossattn_tri,2,3BD02166,thioglycoside,2019
1217,31-013-CAS-22357476,test,0,0.003891619620844722,0.5299999999999999,0,1,Cc1ccc(S[C@@H]2O[C@@H](C)[C@H](OCc3ccccc3)[C@@H](OCc3ccccc3)[C@H]2OC(=O)OCC2c3ccccc3-c3ccccc32)cc1,O=C(OCc1ccccc1)N(CCCCCO[C@@H]1O[C@H](COCc2ccccc2)[C@H](O)[C@H](OCc2ccc3ccccc3c2)[C@H]1NC(=O)C(Cl)(Cl)Cl)Cc1ccccc1,chiral_gine,crossattn_tri,2,00D8B89D,thioglycoside,2018
1221,31-614-CAS-35071257,test,0,1.5092357898538467e-05,0.5299999999999999,0,1,CC(=O)N1C(=O)O[C@H]2[C@@H](O[Si](C)(C)C(C)(C)C)[C@@H](COCc3ccccc3)O[C@H](Sc3ccc(C)cc3)[C@@H]21,CO[C@H]1O[C@H](COCc2ccccc2)[C@H](O[C@H]2O[C@H](COCc3ccccc3)[C@H](O[C@H]3O[C@H](COCc4ccccc4)[C@H](O[C@H]4O[C@H](COCc5ccccc5)[C@H](O[C@H]5O[C@H](COCc6ccccc6)[C@H](O)[C@@H]6OC(=O)N(C(C)=O)[C@@H]56)[C@@H]5OC(=O)N(C(C)=O)[C@@H]45)[C@@H]4OC(=O)N(C(C)=O)[C@@H]34)[C@@H]3OC(=O)N(C(C)=O)[C@@H]23)[C@@H]2OC(=O)N(C(C)=O)[C@@H]12,chiral_gine,crossattn_tri,2,EFDF69E1,thioglycoside,2018
1224,31-614-CAS-32458042,test,0,0.003074861131608486,0.5299999999999999,0,1,CC(=O)OC[C@@H]1O[C@@H](Sc2ccc(C)cc2)[C@H](OC(=O)c2ccccc2)[C@@H](OCc2ccccc2)[C@@H]1O[C@H]1O[C@H](CO[Si](c2ccccc2)(c2ccccc2)C(C)(C)C)[C@@H](OCc2ccc3ccccc3c2)[C@H](OCc2ccc(Br)cc2)[C@H]1N=[N+]=[N-],CC(=O)OC[C@@H]1O[C@@H](OCCCCCN(Cc2ccccc2)C(=O)OCc2ccccc2)[C@H](OC(=O)c2ccccc2)[C@@H](OCc2ccccc2)[C@@H]1O[C@H]1O[C@H](CO[Si](c2ccccc2)(c2ccccc2)C(C)(C)C)[C@@H](O)[C@H](OCc2ccc(Br)cc2)[C@H]1N=[N+]=[N-],chiral_gine,crossattn_tri,2,4E5213A4,thioglycoside,2022
1225,31-614-CAS-37587985,test,0,0.002628154354169965,0.5299999999999999,0,1,CC(=O)OC[C@@H]1O[C@@H](Sc2ccc(C)cc2)[C@H](OC(=O)c2ccccc2)[C@@H](OCc2ccccc2)[C@@H]1O[C@H]1O[C@H](CO[Si](c2ccccc2)(c2ccccc2)C(C)(C)C)[C@@H](OCc2ccc3ccccc3c2)[C@H](OCc2ccc(Br)cc2)[C@H]1N=[N+]=[N-],CC(=O)OC[C@@H]1O[C@@H](OCCCCCN(Cc2ccccc2)C(=O)OCc2ccccc2)[C@H](OC(=O)c2ccccc2)[C@@H](OCc2ccccc2)[C@@H]1O[C@H]1O[C@H](CO[Si](c2ccccc2)(c2ccccc2)C(C)(C)C)[C@@H](O)[C@H](OCc2ccc(Br)cc2)[C@H]1N=[N+]=[N-],chiral_gine,crossattn_tri,2,4E5213A4,thioglycoside,2020
1235,31-013-CAS-22660146,test,1,0.9701530933380127,0.5299999999999999,1,1,CC(=O)O[C@H]1[C@@H]2O[C@H](c3ccccc3)OC[C@H]2O[C@@H](Sc2ccc(C)cc2)[C@@H]1N1C(=O)c2ccccc2C1=O,CC(=O)O[C@H]1[C@H](O)[C@@H](COCc2ccccc2)O[C@@H](O[Si](C)(C)C(C)(C)C)[C@@H]1N=[N+]=[N-],chiral_gine,crossattn_tri,2,34107AE1,thioglycoside,2020
1236,31-013-CAS-20623534,test,1,0.9748329520225525,0.5299999999999999,1,1,CC(=O)O[C@H]1[C@@H]2O[C@H](c3ccccc3)OC[C@H]2O[C@@H](Sc2ccc(C)cc2)[C@@H]1N1C(=O)c2ccccc2C1=O,CC(=O)O[C@H]1[C@H](O)[C@@H](COCc2ccccc2)O[C@@H](O[Si](C)(C)C(C)(C)C)[C@@H]1N=[N+]=[N-],chiral_gine,crossattn_tri,2,34107AE1,thioglycoside,2018
1239,31-614-CAS-34954209,test,1,0.8373878598213196,0.5299999999999999,1,1,CC(=O)O[C@@H]1[C@@H](NC(=O)C(Cl)(Cl)Cl)[C@H](Sc2ccccc2)O[C@@H]2CO[C@H](c3ccccc3)O[C@H]12,COc1ccc(O[C@@H]2O[C@H](C(=O)OCc3ccccc3)[C@@H](O)[C@H](OC(=O)c3ccccc3)[C@H]2NC(=O)c2ccccc2)cc1,chiral_gine,crossattn_tri,2,08371E45,thioglycoside,2021
1242,31-614-CAS-38021969,test,1,0.8970373272895813,0.5299999999999999,1,1,O=C(CCl)O[C@@H]1[C@H](OCc2ccccc2)[C@@H](N2C(=O)c3ccccc3C2=O)[C@H](Sc2ccccc2)O[C@@H]1CN1C(=O)c2ccccc2C1=O,CO[C@@H]1O[C@H](CN2C(=O)c3ccccc3C2=O)[C@H](O)[C@H](OCc2ccccc2)[C@H]1N1C(=O)c2ccccc2C1=O,chiral_gine,crossattn_tri,2,C618AD3C,thioglycoside,2022
1249,31-614-CAS-39596687,test,0,0.011626017279922962,0.5299999999999999,0,1,CCS[C@H]1O[C@@H](C)[C@@H](OCc2ccccc2)[C@@H](OCc2ccccc2)[C@@H]1OCc1ccccc1,CC(=O)N[C@H]1[C@H](OCCCCCCCCCCl)O[C@H](COCc2ccccc2)[C@@H](O)[C@@H]1O[C@@H]1O[C@H](COC(C)=O)[C@H](OC(C)=O)[C@H](O[C@@H]2O[C@@H]3CO[C@@H](c4ccccc4)O[C@H]3[C@H](OC(=O)CCl)[C@H]2NC(=O)C(Cl)(Cl)Cl)[C@H]1OC(C)=O,chiral_gine,crossattn_tri,2,ABCD59B3,thioglycoside,2023
1256,31-013-CAS-23538269,test,0,0.15948088467121124,0.5299999999999999,0,1,C[C@H]1O[C@@H](Sc2ccccc2)[C@H](N=[N+]=[N-])[C@@H](OCc2ccccc2)[C@H]1N1C(=O)c2ccccc2C1=O,CC(C)(C)[Si](OC[C@H]1O[C@@H](Sc2ccccc2)[C@H](N=[N+]=[N-])[C@@H](OCc2ccc3ccccc3c2)[C@H]1O)(c1ccccc1)c1ccccc1,chiral_gine,crossattn_tri,2,FB3ACCCC,thioglycoside,2021
1257,31-614-CAS-31204242,test,1,0.9724761247634888,0.5299999999999999,1,1,CCS[C@@H]1O[C@H](COCc2ccccc2)[C@H](OCc2ccccc2)[C@H](OC(=O)c2ccccc2)[C@H]1OC(=O)c1ccccc1,CC(=O)CCC(=O)OC[C@H]1O[C@@H](OCCCCCN(Cc2ccccc2)C(=O)OCc2ccccc2)[C@H](NC(=O)C(Cl)(Cl)Cl)[C@@H](OCc2ccccc2)[C@@H]1O,chiral_gine,crossattn_tri,2,7F93967C,thioglycoside,2020
1259,31-013-CAS-21013682,test,1,0.8945198059082031,0.5299999999999999,1,1,O=C(O[C@@H]1[C@@H](OCc2ccccc2)[C@@H]2O[C@H](c3ccccc3)OC[C@H]2O[C@H]1Sc1ccccc1)c1ccccc1,C[C@@H]1O[C@@H](O[C@@H]2[C@@H](NC(=O)C(Cl)(Cl)Cl)[C@H](OCCCNC(=O)OCc3ccccc3)O[C@H](C)[C@@H]2OCc2ccccc2)[C@@H](N=[N+]=[N-])[C@H](OCc2ccc3ccccc3c2)[C@@H]1O,chiral_gine,crossattn_tri,2,7563860B,thioglycoside,2020
1260,31-013-CAS-22548615,test,0,0.9877919554710388,0.5299999999999999,1,0,c1ccc(CO[C@@H]2[C@H](OCc3ccccc3)[C@@H](Sc3ccccc3)O[C@@H]3CO[C@@H](c4ccccc4)O[C@@H]23)cc1,C=CCO[C@H]1[C@H](O)[C@@H](COCc2ccccc2)O[C@@H](Oc2ccc(OC)cc2)[C@@H]1N1C(=O)c2ccccc2C1=O,chiral_gine,crossattn_tri,2,F909FCCE,thioglycoside,2020
1261,31-614-CAS-37587999,test,0,0.9258167743682861,0.5299999999999999,1,0,CC(=O)OC[C@@H]1O[C@@H](O[C@H]2[C@H](OCc3ccc(Br)cc3)[C@@H](N=[N+]=[N-])[C@@H](O[C@H]3[C@H](OCc4ccccc4)[C@@H](OC(=O)c4ccccc4)[C@H](Sc4ccc(C)cc4)O[C@@H]3COC(C)=O)O[C@@H]2CO[Si](c2ccccc2)(c2ccccc2)C(C)(C)C)[C@H](OC(=O)c2ccccc2)[C@@H](OCc2ccccc2)[C@@H]1O[C@H]1O[C@H](CO[Si](c2ccccc2)(c2ccccc2)C(C)(C)C)[C@@H](OCc2ccc3ccccc3c2)[C@H](OCc2ccc(Br)cc2)[C@H]1N=[N+]=[N-],CC(=O)OC[C@@H]1O[C@@H](OCCCCCN(Cc2ccccc2)C(=O)OCc2ccccc2)[C@H](OC(=O)c2ccccc2)[C@@H](OCc2ccccc2)[C@@H]1O[C@H]1O[C@H](CO[Si](c2ccccc2)(c2ccccc2)C(C)(C)C)[C@@H](O)[C@H](OCc2ccc(Br)cc2)[C@H]1N=[N+]=[N-],chiral_gine,crossattn_tri,2,1B589936,thioglycoside,2020
1262,31-614-CAS-34336262,test,0,0.0032368216197937727,0.5299999999999999,0,1,CC(=O)OC[C@@H]1O[C@@H](Sc2ccc(C)cc2)[C@H](OC(=O)c2ccccc2)[C@@H](OCc2ccccc2)[C@@H]1O[C@H]1O[C@H](CO[Si](c2ccccc2)(c2ccccc2)C(C)(C)C)[C@@H](O[C@@H]2O[C@@H](COC(C)=O)[C@@H](O[C@H]3O[C@H](CO[Si](c4ccccc4)(c4ccccc4)C(C)(C)C)[C@@H](OCc4ccc5ccccc5c4)[C@H](OCc4ccc(Br)cc4)[C@H]3N=[N+]=[N-])[C@H](OCc3ccccc3)[C@H]2OC(=O)c2ccccc2)[C@H](OCc2ccc(Br)cc2)[C@H]1N=[N+]=[N-],CC(=O)OC[C@@H]1O[C@@H](OCCCCCN(Cc2ccccc2)C(=O)OCc2ccccc2)[C@H](OC(=O)c2ccccc2)[C@@H](OCc2ccccc2)[C@@H]1O[C@H]1O[C@H](CO[Si](c2ccccc2)(c2ccccc2)C(C)(C)C)[C@@H](O)[C@H](OCc2ccc(Br)cc2)[C@H]1N=[N+]=[N-],chiral_gine,crossattn_tri,2,FBED2D4C,thioglycoside,2022
1263,31-614-CAS-32458057,test,0,0.0032368216197937727,0.5299999999999999,0,1,CC(=O)OC[C@@H]1O[C@@H](Sc2ccc(C)cc2)[C@H](OC(=O)c2ccccc2)[C@@H](OCc2ccccc2)[C@@H]1O[C@H]1O[C@H](CO[Si](c2ccccc2)(c2ccccc2)C(C)(C)C)[C@@H](O[C@@H]2O[C@@H](COC(C)=O)[C@@H](O[C@H]3O[C@H](CO[Si](c4ccccc4)(c4ccccc4)C(C)(C)C)[C@@H](OCc4ccc5ccccc5c4)[C@H](OCc4ccc(Br)cc4)[C@H]3N=[N+]=[N-])[C@H](OCc3ccccc3)[C@H]2OC(=O)c2ccccc2)[C@H](OCc2ccc(Br)cc2)[C@H]1N=[N+]=[N-],CC(=O)OC[C@@H]1O[C@@H](OCCCCCN(Cc2ccccc2)C(=O)OCc2ccccc2)[C@H](OC(=O)c2ccccc2)[C@@H](OCc2ccccc2)[C@@H]1O[C@H]1O[C@H](CO[Si](c2ccccc2)(c2ccccc2)C(C)(C)C)[C@@H](O)[C@H](OCc2ccc(Br)cc2)[C@H]1N=[N+]=[N-],chiral_gine,crossattn_tri,2,FBED2D4C,thioglycoside,2022
1275,31-614-CAS-39984457,test,1,0.9732633233070374,0.5299999999999999,1,1,CCS[C@@H]1O[C@H](COC(C)=O)[C@@H](OC(C)=O)[C@H](OC(C)=O)[C@H]1OC(C)=O,COc1ccc(O[C@@H]2O[C@@H](C)[C@@H](OCc3ccccc3)[C@@H](O[C@H]3O[C@@H]4CO[C@@H](c5ccccc5)O[C@H]4[C@H](O[C@@H]4O[C@@H](C)[C@@H](OCc5ccccc5)[C@@H](O[C@@H]5O[C@H](COCc6ccccc6)[C@@H](O)[C@H](O)[C@H]5N5C(=O)c6ccccc6C5=O)[C@@H]4OCc4ccccc4)[C@H]3OCc3ccccc3)[C@@H]2OCc2ccccc2)cc1,chiral_gine,crossattn_tri,2,D8F15907,thioglycoside,2023
1280,31-614-CAS-34954204,test,0,0.8564720749855042,0.5299999999999999,1,0,CC(C)(C)[Si](C)(C)O[C@@H]1[C@@H](NC(=O)C(Cl)(Cl)Cl)[C@H](Sc2ccccc2)O[C@@H]2CO[C@H](c3ccccc3)O[C@H]12,COc1ccc(O[C@@H]2O[C@H](C(=O)OCc3ccccc3)[C@@H](O)[C@H](OC(=O)c3ccccc3)[C@H]2NC(=O)c2ccccc2)cc1,chiral_gine,crossattn_tri,2,F158EC5F,thioglycoside,2021
1284,31-013-CAS-21774290,test,0,0.02096029743552208,0.5299999999999999,0,1,CC(=O)OC[C@H](OC(C)=O)[C@H]1O[C@H](Sc2ccc(C)cc2)[C@@H](OCc2ccccc2)[C@@H](OCc2ccccc2)[C@@H]1OCc1ccccc1,CC(=O)O[C@H]1[C@H](O)[C@@H](CO[Si](c2ccccc2)(c2ccccc2)C(C)(C)C)O[C@@H](OCCCN(Cc2ccccc2)C(=O)OCc2ccccc2)[C@@H]1NC(=O)OCC(Cl)(Cl)Cl,chiral_gine,crossattn_tri,2,078087DB,thioglycoside,2020
1292,31-013-CAS-23514743,test,1,0.9701950550079346,0.5299999999999999,1,1,COc1ccc(CO[C@@H]2[C@H](OCc3ccccc3)[C@@H](Sc3ccccc3)O[C@@H]3CO[C@@H](c4ccccc4)O[C@@H]23)cc1,CC(C)C(C)(C)[Si](C)(C)O[C@@H]1O[C@H](COCc2ccccc2)[C@@H](O)[C@H](OCc2ccccc2)[C@H]1N1C(=O)c2ccccc2C1=O,chiral_gine,crossattn_tri,2,65EFE487,thioglycoside,2020
1293,31-614-CAS-34956360,test,1,0.9710123538970947,0.5299999999999999,1,1,Cc1ccc(S[C@@H]2O[C@@H]3CO[C@H](c4ccccc4)O[C@@H]3[C@H](OC(=O)c3ccccc3)[C@H]2OC(=O)c2ccccc2)cc1,CC(C)(C)[Si](OC[C@H]1O[C@@H](OCCCN=[N+]=[N-])[C@H](N2C(=O)c3ccccc3C2=O)[C@@H](O)[C@@H]1O)(c1ccccc1)c1ccccc1,chiral_gine,crossattn_tri,2,F4C374C7,thioglycoside,2021
1294,31-614-CAS-40218495,test,1,0.9722755551338196,0.5299999999999999,1,1,CCS[C@@H]1O[C@H](COCc2ccccc2)[C@H](OC(=O)c2ccccc2)[C@H](OC(=O)c2ccccc2)[C@H]1OC(=O)c1ccccc1,CC(=O)CCC(=O)O[C@H]1[C@H](O)[C@@H](COCc2ccccc2)O[C@@H](O[C@H]2[C@@H](OCc3ccccc3)[C@@H](COCc3ccccc3)O[C@@H](OCCCCCN(Cc3ccccc3)C(=O)OCc3ccccc3)[C@@H]2OC(=O)c2ccccc2)[C@@H]1NC(=O)C(Cl)(Cl)Cl,chiral_gine,crossattn_tri,2,3893AE8A,thioglycoside,2021
1295,31-013-CAS-21608787,test,0,0.24639789760112762,0.5299999999999999,0,1,Cc1ccc(S[C@H]2O[C@H](COC(=O)c3ccccc3)[C@@H](OCc3ccccc3)[C@H](OCc3ccccc3)[C@H]2N=[N+]=[N-])cc1,Cc1ccc(S[C@@H]2O[C@H](COCc3ccccc3)[C@@H](O)[C@H](OCc3ccccc3)[C@H]2N2C(=O)c3ccccc3C2=O)cc1,chiral_gine,crossattn_tri,2,BD336E5B,thioglycoside,2020
1296,31-614-CAS-38186264,test,1,0.9662761092185974,0.5299999999999999,1,1,C=CCO[C@@H]1[C@@H](OC(=O)CCC(C)=O)[C@H](SCC)O[C@@H]2CO[C@@H](c3ccccc3)O[C@@H]12,O=C1c2ccccc2C(=O)N1[C@H]1[C@H](OCc2ccccc2)O[C@H](COCc2ccccc2)[C@@H](O)[C@@H]1OCc1ccccc1,chiral_gine,crossattn_tri,2,99E4244B,thioglycoside,2023
1299,31-013-CAS-21608786,test,0,0.11281096190214157,0.5299999999999999,0,1,Cc1ccc(S[C@H]2O[C@H](CO[Si](C)(C)C(C)(C)C)[C@@H](OCc3ccccc3)[C@H](OCc3ccccc3)[C@H]2N=[N+]=[N-])cc1,Cc1ccc(S[C@@H]2O[C@H](COCc3ccccc3)[C@@H](O)[C@H](OCc3ccccc3)[C@H]2N2C(=O)c3ccccc3C2=O)cc1,chiral_gine,crossattn_tri,2,7972AE53,thioglycoside,2020
1319,31-614-CAS-44041084,test,1,0.9730009436607361,0.5299999999999999,1,1,CCS[C@@H]1O[C@H](COCc2ccccc2)[C@H](OCc2ccccc2)[C@H](OCc2ccccc2)[C@H]1OC(=O)c1ccccc1,COc1ccc(O[C@@H]2O[C@H](COC(=O)c3ccccc3)[C@H](OCc3ccccc3)[C@H](O[C@@H]3O[C@H](COC(=O)c4ccccc4)[C@@H](O)[C@H](OCc4ccccc4)[C@H]3N3C(=O)c4ccccc4C3=O)[C@H]2OC(=O)c2ccccc2)cc1,chiral_gine,crossattn_tri,2,2DD6F31C,thioglycoside,2023
1323,31-614-CAS-38021984,test,1,0.9677650928497314,0.5299999999999999,1,1,O=C(CCl)O[C@@H]1[C@H](OCc2ccccc2)[C@@H](N2C(=O)c3ccccc3C2=O)[C@H](Sc2ccccc2)O[C@@H]1CN1C(=O)c2ccccc2C1=O,CO[C@@H]1O[C@H](CN2C(=O)c3ccccc3C2=O)[C@H](O[C@@H]2O[C@H](CN3C(=O)c4ccccc4C3=O)[C@H](O)[C@H](OCc3ccccc3)[C@H]2N2C(=O)c3ccccc3C2=O)[C@H](OCc2ccccc2)[C@H]1N1C(=O)c2ccccc2C1=O,chiral_gine,crossattn_tri,2,9C993009,thioglycoside,2022
1324,31-013-CAS-20164630,test,1,0.9721562266349792,0.5299999999999999,1,1,CCS[C@@H]1O[C@@H]2CO[C@@H](c3ccccc3)O[C@H]2[C@H](OCc2ccccc2)[C@H]1N1C(=O)c2ccccc2C1=O,[N-]=[N+]=NCCCCO[C@@H]1O[C@H](COCc2ccccc2)[C@@H](O)[C@H](OCc2ccccc2)[C@H]1N1C(=O)c2ccccc2C1=O,chiral_gine,crossattn_tri,2,9A640B64,thioglycoside,2019
1328,31-614-CAS-23946122,test,0,0.009848085232079029,0.5299999999999999,0,1,C[C@@H]1O[C@H](Sc2ccccc2)[C@@H](N=[N+]=[N-])[C@H](OCc2ccccc2)[C@@H]1OC(=O)c1ccccc1,C[C@@H]1O[C@@H](O[C@@H]2[C@@H](NC(=O)C(Cl)(Cl)Cl)[C@H](OCCCNC(=O)OCc3ccccc3)O[C@H](C)[C@H]2NC(=O)C[C@H](C)OCc2ccccc2)[C@@H](N=[N+]=[N-])[C@H](OCc2ccccc2)[C@@H]1O,chiral_gine,crossattn_tri,2,B4258493,thioglycoside,2021
1329,31-013-CAS-23242169,test,1,0.97539222240448,0.5299999999999999,1,1,COc1ccc(CO[C@@H]2[C@@H](OC(=O)CCC(C)=O)[C@H](Sc3ccc(C)cc3)O[C@@H]3CO[C@@H](c4ccccc4)O[C@@H]23)cc1,O=C1c2ccccc2C(=O)N1[C@H]1[C@H](OCc2ccccc2)O[C@H](COCc2ccccc2)[C@@H](O)[C@@H]1OCc1ccccc1,chiral_gine,crossattn_tri,2,AAF14C88,thioglycoside,2020
1330,31-013-CAS-20236304,test,1,0.9854689240455627,0.5299999999999999,1,1,COc1ccc(CO[C@@H]2[C@@H](OC(=O)CCC(C)=O)[C@H](Sc3ccc(C)cc3)O[C@@H]3CO[C@@H](c4ccccc4)O[C@@H]23)cc1,O=C1c2ccccc2C(=O)N1[C@H]1[C@H](OCc2ccccc2)O[C@H](COCc2ccccc2)[C@@H](O)[C@@H]1OCc1ccccc1,chiral_gine,crossattn_tri,2,AAF14C88,thioglycoside,2019
1331,31-614-CAS-39834134,test,0,0.06512406468391418,0.5299999999999999,0,1,Cc1ccc(S[C@@H]2O[C@H]3CO[Si](C(C)(C)C)(C(C)(C)C)O[C@H]3[C@H](OCc3ccccc3)[C@H]2OC(=O)c2ccccc2)cc1,COc1ccc(O[C@@H]2O[C@H](COCc3ccccc3)[C@@H](O)[C@H](OCc3ccccc3)[C@H]2N2C(=O)c3ccccc3C2=O)cc1,chiral_gine,crossattn_tri,2,CAA7992E,thioglycoside,2023
1334,31-614-CAS-38021979,test,1,0.9618064165115356,0.5299999999999999,1,1,O=C(CCl)O[C@@H]1[C@H](OCc2ccccc2)[C@@H](N2C(=O)c3ccccc3C2=O)[C@H](Sc2ccccc2)O[C@@H]1CN1C(=O)c2ccccc2C1=O,CO[C@@H]1O[C@H](CN2C(=O)c3ccccc3C2=O)[C@H](O[C@@H]2O[C@H](CN3C(=O)c4ccccc4C3=O)[C@H](O[C@@H]3O[C@H](CN4C(=O)c5ccccc5C4=O)[C@H](O)[C@H](OCc4ccccc4)[C@H]3N3C(=O)c4ccccc4C3=O)[C@H](OCc3ccccc3)[C@H]2N2C(=O)c3ccccc3C2=O)[C@H](OCc2ccccc2)[C@H]1N1C(=O)c2ccccc2C1=O,chiral_gine,crossattn_tri,2,BF0E2F5A,thioglycoside,2022
1336,31-013-CAS-20623539,test,1,0.9702891707420349,0.5299999999999999,1,1,CC(=O)OC[C@H]1O[C@@H](Sc2ccc(C)cc2)[C@H](N2C(=O)c3ccccc3C2=O)[C@@H](OC(C)=O)[C@@H]1OC(C)=O,CC(=O)O[C@@H]1[C@@H](N=[N+]=[N-])[C@H](O[Si](C)(C)C(C)(C)C)O[C@H](COCc2ccccc2)[C@H]1O[C@@H]1O[C@H](COCc2ccccc2)[C@@H](O)[C@H](OC(C)=O)[C@H]1N1C(=O)c2ccccc2C1=O,chiral_gine,crossattn_tri,2,D3ECC4C6,thioglycoside,2018
1340,31-614-CAS-23946125,test,0,0.005038140341639519,0.5299999999999999,0,1,CC(=O)O[C@H]1[C@@H](OCc2ccccc2)[C@H](N=[N+]=[N-])[C@@H](Sc2ccccc2)O[C@H]1C,C[C@@H]1O[C@@H](O[C@H]2[C@@H](OCc3ccccc3)[C@H](N=[N+]=[N-])[C@H](O[C@@H]3[C@@H](NC(=O)C(Cl)(Cl)Cl)[C@H](OCCCNC(=O)OCc4ccccc4)O[C@H](C)[C@H]3NC(=O)C[C@H](C)OCc3ccccc3)O[C@H]2C)[C@@H](N=[N+]=[N-])[C@H](OCc2ccccc2)[C@@H]1O,chiral_gine,crossattn_tri,2,0B6F65C1,thioglycoside,2021
1341,31-013-CAS-23435466,test,1,0.9665558934211731,0.5299999999999999,1,1,[N-]=[N+]=N[C@H]1[C@H](OCc2ccccc2)[C@@H](N2C(=O)c3ccccc3C2=O)[C@H](Sc2ccccc2)O[C@@H]1COCc1ccccc1,O=C1c2ccccc2C(=O)N1[C@H]1[C@H](OCc2ccccc2)O[C@H](COCc2ccccc2)[C@@H](O)[C@@H]1OCc1ccccc1,chiral_gine,crossattn_tri,2,90263E1C,thioglycoside,2021
1342,31-614-CAS-44041095,test,1,0.9785004258155823,0.5299999999999999,1,1,CCS[C@@H]1O[C@H](COC(=O)c2ccccc2)[C@H](OCc2ccccc2)[C@H](OC(=O)CCC(C)=O)[C@H]1OC(=O)c1ccccc1,O=C(OC[C@H]1O[C@@H](O[C@H]2[C@@H](OCc3ccccc3)[C@@H](COC(=O)c3ccccc3)O[C@@H](O[C@H]3[C@H](OCc4ccccc4)[C@@H](OCc4ccccc4)[C@H](OCc4ccccc4)O[C@@H]3COCc3ccccc3)[C@@H]2OC(=O)c2ccccc2)[C@H](N2C(=O)c3ccccc3C2=O)[C@@H](OCc2ccccc2)[C@@H]1O)c1ccccc1,chiral_gine,crossattn_tri,2,EC9C6924,thioglycoside,2023
1343,31-013-CAS-22452828,test,1,0.8532492518424988,0.5299999999999999,1,1,COC(=O)[C@@H]1O[C@@H](Sc2ccc(C)cc2)[C@H](OC(=O)OCC2c3ccccc3-c3ccccc32)[C@@H](OC(C)=O)[C@@H]1O[C@H]1O[C@H](CO[Si](c2ccccc2)(c2ccccc2)C(C)(C)C)[C@@H](OC(C)=O)[C@H](OC(C)=O)[C@H]1N=[N+]=[N-],C=CCO[C@@H]1O[C@@H](C(=O)OC)[C@@H](O[C@H]2O[C@H](COCc3ccc4ccccc4c3)[C@@H](O)[C@H](OC(C)=O)[C@H]2NC(=O)C(F)(F)F)[C@H](OC(C)=O)[C@H]1OC(=O)OCC(Cl)(Cl)Cl,chiral_gine,crossattn_tri,2,202525F9,thioglycoside,2020
1344,31-013-CAS-20825259,test,1,0.8532492518424988,0.5299999999999999,1,1,COC(=O)[C@@H]1O[C@@H](Sc2ccc(C)cc2)[C@H](OC(=O)OCC2c3ccccc3-c3ccccc32)[C@@H](OC(C)=O)[C@@H]1O[C@H]1O[C@H](CO[Si](c2ccccc2)(c2ccccc2)C(C)(C)C)[C@@H](OC(C)=O)[C@H](OC(C)=O)[C@H]1N=[N+]=[N-],C=CCO[C@@H]1O[C@@H](C(=O)OC)[C@@H](O[C@H]2O[C@H](COCc3ccc4ccccc4c3)[C@@H](O)[C@H](OC(C)=O)[C@H]2NC(=O)C(F)(F)F)[C@H](OC(C)=O)[C@H]1OC(=O)OCC(Cl)(Cl)Cl,chiral_gine,crossattn_tri,2,202525F9,thioglycoside,2019
1347,31-614-CAS-38021989,test,1,0.9663142561912537,0.5299999999999999,1,1,O=C(CCl)O[C@@H]1[C@H](OCc2ccccc2)[C@@H](N2C(=O)c3ccccc3C2=O)[C@H](Sc2ccccc2)O[C@@H]1CN1C(=O)c2ccccc2C1=O,CO[C@@H]1O[C@H](CN2C(=O)c3ccccc3C2=O)[C@H](O[C@@H]2O[C@H](CN3C(=O)c4ccccc4C3=O)[C@H](O[C@@H]3O[C@H](CN4C(=O)c5ccccc5C4=O)[C@H](O[C@@H]4O[C@H](CN5C(=O)c6ccccc6C5=O)[C@H](O)[C@H](OCc5ccccc5)[C@H]4N4C(=O)c5ccccc5C4=O)[C@H](OCc4ccccc4)[C@H]3N3C(=O)c4ccccc4C3=O)[C@H](OCc3ccccc3)[C@H]2N2C(=O)c3ccccc3C2=O)[C@H](OCc2ccccc2)[C@H]1N1C(=O)c2ccccc2C1=O,chiral_gine,crossattn_tri,2,FC963207,thioglycoside,2022
1349,31-614-CAS-40276979,test,1,0.9650701880455017,0.5299999999999999,1,1,CC(=O)OC[C@H]1O[C@@H](Sc2ccccc2)[C@H](OC(C)=O)[C@@H](OC(C)=O)[C@H]1OC(C)=O,O=C1c2ccccc2C(=O)N1[C@H]1[C@H](O[C@H]2[C@H](OCc3ccccc3)[C@@H](N3C(=O)c4ccccc4C3=O)[C@H](OCc3ccccc3)O[C@@H]2COCc2ccccc2)O[C@H](COCc2ccccc2)[C@@H](O)[C@@H]1OCc1ccccc1,chiral_gine,crossattn_tri,2,5B69DCA2,thioglycoside,2023
1355,31-614-CAS-38021995,test,1,0.966313362121582,0.5299999999999999,1,1,O=C(CCl)O[C@@H]1[C@H](OCc2ccccc2)[C@@H](N2C(=O)c3ccccc3C2=O)[C@H](Sc2ccccc2)O[C@@H]1CN1C(=O)c2ccccc2C1=O,CO[C@@H]1O[C@H](CN2C(=O)c3ccccc3C2=O)[C@H](O[C@@H]2O[C@H](CN3C(=O)c4ccccc4C3=O)[C@H](O[C@@H]3O[C@H](CN4C(=O)c5ccccc5C4=O)[C@H](O[C@@H]4O[C@H](CN5C(=O)c6ccccc6C5=O)[C@H](O[C@@H]5O[C@H](CN6C(=O)c7ccccc7C6=O)[C@H](O)[C@H](OCc6ccccc6)[C@H]5N5C(=O)c6ccccc6C5=O)[C@H](OCc5ccccc5)[C@H]4N4C(=O)c5ccccc5C4=O)[C@H](OCc4ccccc4)[C@H]3N3C(=O)c4ccccc4C3=O)[C@H](OCc3ccccc3)[C@H]2N2C(=O)c3ccccc3C2=O)[C@H](OCc2ccccc2)[C@H]1N1C(=O)c2ccccc2C1=O,chiral_gine,crossattn_tri,2,53C5545B,thioglycoside,2022
1359,31-013-CAS-22357494,test,0,0.052057232707738876,0.5299999999999999,0,1,CC(=O)N[C@H]1[C@@H](O[C@@H]2[C@H](OCc3ccccc3)[C@@H](OCc3ccccc3)[C@H](C)O[C@H]2Sc2ccc(C)cc2)O[C@H](COCc2ccccc2)[C@@H](OCc2ccccc2)[C@@H]1OCc1ccccc1,O=C(OCc1ccccc1)N(CCCCCO[C@@H]1O[C@H](COCc2ccccc2)[C@H](O)[C@H](OCc2ccc3ccccc3c2)[C@H]1NC(=O)C(Cl)(Cl)Cl)Cc1ccccc1,chiral_gine,crossattn_tri,2,0E3B052A,thioglycoside,2018
1377,31-013-CAS-20623543,test,1,0.9704397320747375,0.5299999999999999,1,1,CC(=O)OC[C@H]1O[C@@H](Sc2ccc(C)cc2)[C@H](N2C(=O)c3ccccc3C2=O)[C@@H](OC(C)=O)[C@@H]1OC(C)=O,CC(=O)O[C@@H]1[C@@H](N=[N+]=[N-])[C@H](O[Si](C)(C)C(C)(C)C)O[C@H](COCc2ccccc2)[C@H]1O[C@@H]1O[C@H](COCc2ccccc2)[C@@H](O[C@@H]2O[C@H](COCc3ccccc3)[C@@H](O)[C@H](OC(C)=O)[C@H]2N2C(=O)c3ccccc3C2=O)[C@H](OC(C)=O)[C@H]1N1C(=O)c2ccccc2C1=O,chiral_gine,crossattn_tri,2,6355F27B,thioglycoside,2018
1379,31-013-CAS-22660148,test,1,0.975923478603363,0.5299999999999999,1,1,CC(=O)O[C@H]1[C@@H]2O[C@H](c3ccccc3)OC[C@H]2O[C@@H](Sc2ccc(C)cc2)[C@@H]1N1C(=O)c2ccccc2C1=O,CC(=O)O[C@@H]1[C@@H](N=[N+]=[N-])[C@H](O[Si](C)(C)C(C)(C)C)O[C@H](COCc2ccccc2)[C@H]1O[C@@H]1O[C@H](COCc2ccccc2)[C@@H](O)[C@H](OC(C)=O)[C@H]1N1C(=O)c2ccccc2C1=O,chiral_gine,crossattn_tri,2,DF7DCE50,thioglycoside,2020
1380,31-013-CAS-20623541,test,1,0.9722774028778076,0.5299999999999999,1,1,CC(=O)O[C@H]1[C@@H]2O[C@H](c3ccccc3)OC[C@H]2O[C@@H](Sc2ccc(C)cc2)[C@@H]1N1C(=O)c2ccccc2C1=O,CC(=O)O[C@@H]1[C@@H](N=[N+]=[N-])[C@H](O[Si](C)(C)C(C)(C)C)O[C@H](COCc2ccccc2)[C@H]1O[C@@H]1O[C@H](COCc2ccccc2)[C@@H](O)[C@H](OC(C)=O)[C@H]1N1C(=O)c2ccccc2C1=O,chiral_gine,crossattn_tri,2,DF7DCE50,thioglycoside,2018
1384,31-614-CAS-24371505,test,1,0.9862701296806335,0.5299999999999999,1,1,COc1ccc(CO[C@H]2[C@@H]3O[C@H](c4ccccc4)OC[C@H]3O[C@H](S(=O)c3ccccc3)[C@H]2OCc2ccccc2)cc1,O=C1c2ccccc2C(=O)N1[C@H]1[C@H](O[C@H]2[C@H](OCc3ccccc3)[C@@H](N3C(=O)c4ccccc4C3=O)[C@H](OCc3ccccc3)O[C@@H]2COCc2ccccc2)O[C@H](COCc2ccccc2)[C@@H](O)[C@@H]1OCc1ccccc1,chiral_gine,crossattn_tri,2,48892AB7,thioglycoside,2020
1385,31-013-CAS-20519350,test,1,0.9526055455207825,0.5299999999999999,1,1,O=C(O[C@@H]1[C@@H](OCc2ccccc2)[C@@H](OCc2ccccc2)[C@@H](COCc2ccccc2)O[C@H]1Sc1nc2ccccc2o1)c1ccccc1,O=C(O[C@H]1[C@H](O[C@H]2[C@H](OCc3ccccc3)[C@@H](OCc3ccccc3)[C@H](OCc3ccccc3)O[C@@H]2COCc2ccccc2)O[C@H](COC(=O)c2ccccn2)[C@H](OCc2ccccc2)[C@@H]1O[C@@H]1O[C@H](COCc2ccccc2)[C@@H](O)[C@H](OCc2ccccc2)[C@H]1N1C(=O)c2ccccc2C1=O)c1ccccc1,chiral_gine,crossattn_tri,2,FF63E109,thioglycoside,2019
1393,31-614-CAS-37681427,test,1,0.9836154580116272,0.5299999999999999,1,1,CC(=O)OC[C@H]1O[C@@H](Sc2ccc(F)cc2)[C@H](N2C(=O)c3ccccc3C2=O)[C@@H](OC(C)=O)[C@@H]1OC(C)=O,CC(=O)O[C@H]1[C@H](O)[C@@H](COCc2ccccc2)O[C@@H](Sc2ccc(F)cc2)[C@@H]1N1C(=O)c2ccccc2C1=O,chiral_gine,crossattn_tri,2,B06E86F9,thioglycoside,2019
1395,31-013-CAS-20281589,test,1,0.005886981729418039,0.5299999999999999,0,0,CCS[C@H]1O[C@@H]2CO[C@@H](c3ccccc3)O[C@H]2[C@H](OCc2ccc(OC)cc2)[C@@H]1OCc1ccccc1,COc1ccc(O[C@@H]2O[C@H](CO[C@H]3O[C@H](COCc4ccccc4)[C@H](OC(C)=O)[C@H](O[C@@H]4O[C@H](COC(=O)c5ccccc5)[C@H](O)[C@H](OC(C)=O)[C@H]4N4C(=O)c5ccccc5C4=O)[C@H]3OCc3ccccc3)[C@H](OCc3ccccc3)[C@H](OCc3ccccc3)[C@H]2OCc2ccccc2)cc1,chiral_gine,crossattn_tri,2,D5BAECD0,thioglycoside,2019
1397,31-614-CAS-39654500,test,1,0.9600973725318909,0.5299999999999999,1,1,Cc1ccc(S[C@@H]2O[C@H](CO[Si](c3ccccc3)(c3ccccc3)C(C)(C)C)[C@@H](O[C@H]3O[C@H](COC(=O)OCC4c5ccccc5-c5ccccc54)[C@@H](O[Si](C)(C)C(C)(C)C)[C@H](OCc4ccccc4)[C@H]3N=[N+]=[N-])[C@H](OCc3ccccc3)[C@H]2OC(=O)OCC2c3ccccc3-c3ccccc32)cc1,C=CCO[C@@H]1O[C@@H](CO[Si](c2ccccc2)(c2ccccc2)C(C)(C)C)[C@@H](O[C@H]2O[C@H](COCc3ccc4ccccc4c3)[C@@H](O)[C@H](OCc3ccccc3)[C@H]2NC(=O)C(F)(F)F)[C@H](OCc2ccccc2)[C@H]1OC(=O)CCC(C)=O,chiral_gine,crossattn_tri,2,52A86E6F,thioglycoside,2023
1398,31-614-CAS-24186973,test,0,0.5332444310188293,0.5299999999999999,1,0,CC(=O)OC[C@H]1O[C@@H](Sc2ccc(C)cc2)[C@H](OCc2ccccc2)[C@@H](OCc2ccccc2)[C@@H]1OCc1ccccc1,COc1ccc(O[C@@H]2O[C@@H]3CO[C@@H](c4ccccc4)O[C@H]3[C@H](O[C@@H]3O[C@H](COCc4ccccc4)[C@H](O)[C@H](OCc4ccccc4)[C@H]3N=[N+]=[N-])[C@H]2N2C(=O)c3ccccc3C2=O)cc1,chiral_gine,crossattn_tri,2,4311A2FD,thioglycoside,2021
1405,31-614-CAS-40218511,test,1,0.9742931127548218,0.5299999999999999,1,1,CCS[C@@H]1O[C@H](CO[C@]2(C(=O)OC)C[C@H](OC(C)=O)[C@@H](NC(C)=O)[C@H]([C@H](OC(C)=O)[C@@H](COC(C)=O)OC(C)=O)O2)[C@H](OCc2ccccc2)[C@H](OC(=O)c2ccccc2)[C@H]1OC(=O)c1ccccc1,CC(C)(C)[Si](C)(C)O[C@@H]1O[C@H](COCc2ccccc2)[C@@H](O)[C@H](OCc2ccccc2)[C@H]1NC(=O)C(Cl)(Cl)Cl,chiral_gine,crossattn_tri,2,2E96FF29,thioglycoside,2021
1409,31-013-CAS-19117128,test,1,0.9753623604774475,0.5299999999999999,1,1,CCS[C@@H]1O[C@H](COC(C)=O)[C@@H](OCc2ccc(OC)cc2)[C@H](OC(C)=O)[C@H]1N1C(=O)c2ccccc2C1=O,CC(=O)OC[C@H]1O[C@@H](N=[N+]=[N-])[C@H](N2C(=O)c3ccccc3C2=O)[C@@H](OC(C)=O)[C@@H]1O,chiral_gine,crossattn_tri,2,A0F987B4,thioglycoside,2018
1411,31-013-CAS-22452791,test,0,0.9175690412521362,0.5299999999999999,1,0,COC(=O)[C@@H]1O[C@@H](Sc2ccccc2)[C@H](OC(=O)CCC(C)=O)[C@@H](OCc2ccccc2)[C@@H]1O[C@H]1O[C@H](CO[Si](c2ccccc2)(c2ccccc2)C(C)(C)C)[C@@H](OC(=O)c2ccccc2)[C@H](OCc2ccccc2)[C@H]1N=[N+]=[N-],COC(=O)[C@@H]1O[C@@H](OCC(=O)OC(C)(C)C)[C@H](OC(=O)OCC2c3ccccc3-c3ccccc32)[C@@H](OCc2ccccc2)[C@@H]1O[C@H]1O[C@H](COCc2ccc3ccccc3c2)[C@@H](O)[C@H](OCc2ccccc2)[C@H]1NC(=O)C(F)(F)F,chiral_gine,crossattn_tri,2,5E9F7ED7,thioglycoside,2020
1412,31-013-CAS-20825224,test,0,0.9175690412521362,0.5299999999999999,1,0,COC(=O)[C@@H]1O[C@@H](Sc2ccccc2)[C@H](OC(=O)CCC(C)=O)[C@@H](OCc2ccccc2)[C@@H]1O[C@H]1O[C@H](CO[Si](c2ccccc2)(c2ccccc2)C(C)(C)C)[C@@H](OC(=O)c2ccccc2)[C@H](OCc2ccccc2)[C@H]1N=[N+]=[N-],COC(=O)[C@@H]1O[C@@H](OCC(=O)OC(C)(C)C)[C@H](OC(=O)OCC2c3ccccc3-c3ccccc32)[C@@H](OCc2ccccc2)[C@@H]1O[C@H]1O[C@H](COCc2ccc3ccccc3c2)[C@@H](O)[C@H](OCc2ccccc2)[C@H]1NC(=O)C(F)(F)F,chiral_gine,crossattn_tri,2,5E9F7ED7,thioglycoside,2019
1422,31-013-CAS-21944308,test,1,0.9723061323165894,0.5299999999999999,1,1,COc1ccc(COC[C@H]2O[C@@H](O[C@H]3[C@H](OCc4ccccc4)[C@@H](N4C(=O)c5ccccc5C4=O)[C@H](Sc4ccccc4)O[C@@H]3COCc3ccccc3)[C@@H](OCc3ccccc3)[C@@H](OCc3ccc(OC)cc3)[C@@H]2OCc2ccccc2)cc1,C[C@@H]1O[C@@H](OC[C@H]2O[C@@H](OCc3ccccc3)[C@H](N3C(=O)c4ccccc4C3=O)[C@@H](OCc3ccccc3)[C@@H]2O)[C@@H](OCc2ccccc2)[C@H](OCc2ccccc2)[C@@H]1OCc1ccccc1,chiral_gine,crossattn_tri,2,71689F89,thioglycoside,2020
1453,31-614-CAS-24299301,test,0,0.8844538927078247,0.5299999999999999,1,0,Cc1ccc(S[C@H]2O[C@H](COC(=S)Oc3ccccc3)[C@H](N3C(=O)c4ccccc4C3=O)[C@H](OC(=O)c3ccccc3)[C@H]2N=[N+]=[N-])cc1,CC(=O)OC[C@@H](OC(=O)c1ccccc1)[C@@H]1O[C@@H](O[C@H]2[C@@H](O)[C@H]3CO[C@H](O3)[C@@H]2N=[N+]=[N-])[C@H](OC(=O)c2ccccc2)[C@H]1OC(=O)c1ccccc1,chiral_gine,crossattn_tri,2,3E8054AF,thioglycoside,2021
1454,31-013-CAS-20404994,test,1,0.9415154457092285,0.5299999999999999,1,1,CCS[C@@H]1O[C@H](COC(C)=O)[C@H](OC(C)=O)[C@H](OC(C)=O)[C@H]1NC(=O)OCC(Cl)(Cl)Cl,CC(=O)O[C@H]1[C@H](O)[C@@H](COCc2ccccc2)O[C@@H](OCCOCCOCCN=[N+]=[N-])[C@@H]1N1C(=O)c2ccccc2C1=O,chiral_gine,crossattn_tri,2,5C9213DC,thioglycoside,2019
1458,31-013-CAS-20150689,test,1,0.9807218313217163,0.5299999999999999,1,1,CCS[C@@H]1O[C@@H]2CO[C@@H](c3ccccc3)O[C@H]2[C@H](O[C@@H]2O[C@@H](C)[C@H](OCc3ccccc3)[C@@H](OCc3ccccc3)[C@@H]2N=[N+]=[N-])[C@H]1N1C(=O)c2ccccc2C1=O,COc1ccc(O[C@H]2O[C@H](CO[C@H]3O[C@H](COCc4ccccc4)[C@H](O)[C@H](O[C@@H]4O[C@@H](C)[C@@H](OCc5ccccc5)[C@@H](OCc5ccccc5)[C@@H]4N=[N+]=[N-])[C@H]3N=[N+]=[N-])[C@@H](OCc3ccccc3)[C@H](OCc3ccccc3)[C@H]2OCc2ccccc2)cc1,chiral_gine,crossattn_tri,2,7ACA3A45,thioglycoside,2019
1461,31-013-CAS-20839029,test,0,0.00419600261375308,0.5299999999999999,0,1,Cc1ccc(S[C@H]2O[C@@H](C)[C@H]3OC(C)(C)O[C@H]3[C@@H]2OCc2ccccc2)cc1,CC(=O)OC[C@H]1O[C@@H](O[C@H]2[C@H](O)[C@@H](COCc3ccccc3)O[C@@H](OCCN=[N+]=[N-])[C@@H]2N2C(=O)c3ccccc3C2=O)[C@H](N2C(=O)c3ccccc3C2=O)[C@@H](OC(C)=O)[C@@H]1OC(C)=O,chiral_gine,crossattn_tri,2,B3372373,thioglycoside,2019
1492,31-614-CAS-36830124,test,1,0.9549598693847656,0.5299999999999999,1,1,O=C(CCl)O[C@@H]1[C@@H](OC(=O)c2ccccc2)[C@@H]2O[C@H](c3ccccc3)OC[C@H]2O[C@H]1Sc1ccccc1,CC(=O)OC[C@H]1O[C@@H](O[C@H]2[C@H](O)[C@@H](COCc3ccccc3)O[C@H](OCCNC(=O)OCc3ccccc3)[C@@H]2N=[N+]=[N-])[C@H](N2C(=O)c3ccccc3C2=O)[C@@H](OC(C)=O)[C@@H]1OC(C)=O,chiral_gine,crossattn_tri,2,BE175036,thioglycoside,2022
1493,31-614-CAS-36830119,test,1,0.9538651704788208,0.5299999999999999,1,1,O=C(CCl)O[C@@H]1[C@@H](OC(=O)c2ccccc2)[C@@H]2O[C@H](c3ccccc3)OC[C@H]2O[C@H]1Sc1ccccc1,CC(=O)OC[C@H]1O[C@@H](O[C@H]2[C@H](O)[C@@H](COC(=O)c3ccccc3)O[C@H](OCCNC(=O)OCc3ccccc3)[C@@H]2N=[N+]=[N-])[C@H](N2C(=O)c3ccccc3C2=O)[C@@H](OC(C)=O)[C@@H]1OC(C)=O,chiral_gine,crossattn_tri,2,A26C784B,thioglycoside,2022
1498,31-614-CAS-36745363,test,1,0.968897819519043,0.5299999999999999,1,1,COc1ccc(CO[C@@H]2[C@H](OCc3ccccc3)[C@H](O[C@H]3[C@H](OCc4ccccc4)[C@@H](N4C(=O)c5ccccc5C4=O)[C@H](Sc4ccc([N+](=O)[O-])cc4)O[C@@H]3COCc3ccccc3)O[C@@H]3CO[C@@H](c4ccccc4)O[C@@H]23)cc1,[N-]=[N+]=N[C@@H]1O[C@H](COCc2ccccc2)[C@@H](O)[C@H](OCc2ccccc2)[C@H]1N1C(=O)c2ccccc2C1=O,chiral_gine,crossattn_tri,2,F4DC6564,thioglycoside,2022
1506,31-013-CAS-19117130,test,1,0.9818503260612488,0.5299999999999999,1,1,COc1ccc(COC[C@H]2O[C@@H](Sc3ccc(C)cc3)[C@H](OC(=O)CCl)[C@@H](OCc3ccccc3)[C@@H]2OC(C)=O)cc1,CC(=O)OC[C@H]1O[C@@H](O[C@H]2[C@H](OC(C)=O)[C@@H](N3C(=O)c4ccccc4C3=O)[C@H](N=[N+]=[N-])O[C@@H]2COC(C)=O)[C@H](N2C(=O)c3ccccc3C2=O)[C@@H](OC(C)=O)[C@@H]1O,chiral_gine,crossattn_tri,2,88FB0A80,thioglycoside,2018
1511,31-013-CAS-19117152,test,1,0.9458183646202087,0.5299999999999999,1,1,COc1ccc([C@@H]2OC[C@H]3O[C@@H](Sc4ccc(C)cc4)[C@H](OC(=O)CCC(C)=O)[C@@H](OCc4ccccc4)[C@@H]3O2)cc1,CC(=O)OC[C@H]1O[C@@H](O[C@H]2[C@H](OC(C)=O)[C@@H](N3C(=O)c4ccccc4C3=O)[C@H](N=[N+]=[N-])O[C@@H]2COC(C)=O)[C@H](N2C(=O)c3ccccc3C2=O)[C@@H](OC(C)=O)[C@@H]1O,chiral_gine,crossattn_tri,2,DB47001E,thioglycoside,2018
1514,31-013-CAS-19117153,test,1,0.9560102820396423,0.5299999999999999,1,1,COc1ccc([C@@H]2OC[C@H]3O[C@@H](Sc4ccc(C)cc4)[C@H](OC(=O)CCl)[C@@H](OCc4ccccc4)[C@@H]3O2)cc1,CC(=O)OC[C@H]1O[C@@H](O[C@H]2[C@H](OC(C)=O)[C@@H](N3C(=O)c4ccccc4C3=O)[C@H](N=[N+]=[N-])O[C@@H]2COC(C)=O)[C@H](N2C(=O)c3ccccc3C2=O)[C@@H](OC(C)=O)[C@@H]1O,chiral_gine,crossattn_tri,2,6E3D79FC,thioglycoside,2018
1521,31-013-CAS-23242756,test,1,0.9784033298492432,0.5299999999999999,1,1,COC(=O)[C@]1(OC[C@H]2O[C@@H](Sc3ccc(C)cc3)[C@H](OC(=O)c3ccccc3)[C@@H](OC(=O)c3ccccc3)[C@H]2OCc2ccccc2)O[C@@H]([C@H](OC(C)=O)[C@@H](COC(C)=O)OC(C)=O)[C@H](NC(C)=O)[C@@H](OC(C)=O)[C@H]1F,C=CCO[C@H]1O[C@H](COCc2ccccc2)[C@@H](OCc2ccccc2)[C@H](OCc2ccccc2)[C@@H]1O[C@@H]1O[C@H](COCc2ccccc2)[C@@H](O)[C@H](OCc2ccccc2)[C@H]1NC(=O)OCC(Cl)(Cl)Cl,chiral_gine,crossattn_tri,2,C6B0C94E,thioglycoside,2020
1522,31-013-CAS-20236289,test,1,0.9839140176773071,0.5299999999999999,1,1,COC(=O)[C@]1(OC[C@H]2O[C@@H](Sc3ccc(C)cc3)[C@H](OC(=O)c3ccccc3)[C@@H](OC(=O)c3ccccc3)[C@H]2OCc2ccccc2)O[C@@H]([C@H](OC(C)=O)[C@@H](COC(C)=O)OC(C)=O)[C@H](NC(C)=O)[C@@H](OC(C)=O)[C@H]1F,C=CCO[C@H]1O[C@H](COCc2ccccc2)[C@@H](OCc2ccccc2)[C@H](OCc2ccccc2)[C@@H]1O[C@@H]1O[C@H](COCc2ccccc2)[C@@H](O)[C@H](OCc2ccccc2)[C@H]1NC(=O)OCC(Cl)(Cl)Cl,chiral_gine,crossattn_tri,2,C6B0C94E,thioglycoside,2019
1530,31-614-CAS-41884465,test,0,0.9741782546043396,0.5299999999999999,1,0,COC(=O)[C@@H]1O[C@@H](Sc2ccccc2)[C@H](OC(=O)CCC(C)=O)[C@@H](OCc2ccccc2)[C@@H]1O[C@H]1O[C@H](CO[Si](c2ccccc2)(c2ccccc2)C(C)(C)C)[C@@H](OC(=O)c2ccccc2)[C@H](OCc2ccccc2)[C@H]1N=[N+]=[N-],COC(=O)[C@@H]1O[C@@H](OCCCCCN(Cc2ccccc2)C(=O)OCc2ccc(CCC(F)(F)C(F)(F)C(F)(F)C(F)(F)C(F)(F)C(F)(F)F)cc2)[C@H](OC(=O)c2ccccc2)[C@@H](OCc2ccccc2)[C@@H]1O[C@H]1O[C@H](COCc2ccc3ccccc3c2)[C@@H](O)[C@H](OCc2ccccc2)[C@H]1NC(=O)C(F)(F)F,chiral_gine,crossattn_tri,2,18600AB0,thioglycoside,2023
1531,31-614-CAS-37959633,test,0,0.9741782546043396,0.5299999999999999,1,0,COC(=O)[C@@H]1O[C@@H](Sc2ccccc2)[C@H](OC(=O)CCC(C)=O)[C@@H](OCc2ccccc2)[C@@H]1O[C@H]1O[C@H](CO[Si](c2ccccc2)(c2ccccc2)C(C)(C)C)[C@@H](OC(=O)c2ccccc2)[C@H](OCc2ccccc2)[C@H]1N=[N+]=[N-],COC(=O)[C@@H]1O[C@@H](OCCCCCN(Cc2ccccc2)C(=O)OCc2ccc(CCC(F)(F)C(F)(F)C(F)(F)C(F)(F)C(F)(F)C(F)(F)F)cc2)[C@H](OC(=O)c2ccccc2)[C@@H](OCc2ccccc2)[C@@H]1O[C@H]1O[C@H](COCc2ccc3ccccc3c2)[C@@H](O)[C@H](OCc2ccccc2)[C@H]1NC(=O)C(F)(F)F,chiral_gine,crossattn_tri,2,18600AB0,thioglycoside,2022
1532,31-614-CAS-41884159,test,0,0.9741681814193726,0.5299999999999999,1,0,COC(=O)[C@@H]1O[C@@H](Sc2ccccc2)[C@H](OC(=O)CCC(C)=O)[C@@H](OCc2ccccc2)[C@@H]1O[C@H]1O[C@H](CO[Si](c2ccccc2)(c2ccccc2)C(C)(C)C)[C@@H](OC(=O)c2ccccc2)[C@H](OCc2ccccc2)[C@H]1N=[N+]=[N-],COC(=O)[C@@H]1O[C@@H](OCCCCCN(Cc2ccccc2)C(=O)OCc2ccc(CCC(F)(F)C(F)(F)C(F)(F)C(F)(F)C(F)(F)C(F)(F)C(F)(F)C(F)(F)F)cc2)[C@H](OC(=O)c2ccccc2)[C@@H](OCc2ccccc2)[C@@H]1O[C@H]1O[C@H](COCc2ccc3ccccc3c2)[C@@H](O)[C@H](OCc2ccccc2)[C@H]1NC(=O)C(F)(F)F,chiral_gine,crossattn_tri,2,4B157F1D,thioglycoside,2023
1533,31-614-CAS-37959480,test,0,0.9741681814193726,0.5299999999999999,1,0,COC(=O)[C@@H]1O[C@@H](Sc2ccccc2)[C@H](OC(=O)CCC(C)=O)[C@@H](OCc2ccccc2)[C@@H]1O[C@H]1O[C@H](CO[Si](c2ccccc2)(c2ccccc2)C(C)(C)C)[C@@H](OC(=O)c2ccccc2)[C@H](OCc2ccccc2)[C@H]1N=[N+]=[N-],COC(=O)[C@@H]1O[C@@H](OCCCCCN(Cc2ccccc2)C(=O)OCc2ccc(CCC(F)(F)C(F)(F)C(F)(F)C(F)(F)C(F)(F)C(F)(F)C(F)(F)C(F)(F)F)cc2)[C@H](OC(=O)c2ccccc2)[C@@H](OCc2ccccc2)[C@@H]1O[C@H]1O[C@H](COCc2ccc3ccccc3c2)[C@@H](O)[C@H](OCc2ccccc2)[C@H]1NC(=O)C(F)(F)F,chiral_gine,crossattn_tri,2,4B157F1D,thioglycoside,2022
1537,31-013-CAS-18776248,test,1,0.9819952249526978,0.5299999999999999,1,1,COC(=O)[C@@]1(O[C@H]2[C@@H](OC(C)=O)[C@@H](COCc3ccccc3)O[C@@H](Sc3ccccc3)[C@@H]2OC(C)=O)C[C@@H]2OC(=O)N(C(C)=O)[C@H]2[C@H]([C@H](OC(C)=O)[C@@H](COC(C)=O)OC(C)=O)O1,C[C@@H]1O[C@@H](O[C@H]2[C@H](O)[C@@H](COCc3ccccc3)O[C@@H](O[Si](c3ccccc3)(c3ccccc3)C(C)(C)C)[C@@H]2NC(=O)OCC(Cl)(Cl)Cl)[C@@H](OCc2ccccc2)[C@H](OCc2ccccc2)[C@@H]1OCc1ccccc1,chiral_gine,crossattn_tri,2,7B094289,thioglycoside,2018
1541,31-614-CAS-45240845,test,0,0.2684836983680725,0.5299999999999999,0,1,C[C@@H]1O[C@@H](O[C@H]2[C@H](OCc3ccccc3)[C@@H]([C@@H](COCc3ccccc3)OCc3ccccc3)O[C@@H](Sc3ccccc3)[C@H]2OCc2ccc3ccccc3c2)[C@H](OCc2ccccc2)C[C@H]1OCc1ccccc1,C[C@@H]1O[C@@H](O[C@@H]2[C@@H](NC(=O)C(Cl)(Cl)Cl)[C@H](OCCCNC(=O)OCc3ccccc3)O[C@H](C)[C@H]2NC(=O)C[C@@H]2C[C@H](C)O[C@H](c3ccccc3)O2)[C@@H](N=[N+]=[N-])[C@H](OCc2ccccc2)[C@@H]1O,chiral_gine,crossattn_tri,2,3C5BA861,thioglycoside,2024
1542,31-013-CAS-21774311,test,0,0.015746669843792915,0.5299999999999999,0,1,CC(=O)OC[C@H]1O[C@@H](Sc2ccc(C)cc2)[C@H](N=[N+]=[N-])[C@@H](OCc2ccccc2)[C@@H]1OCc1ccccc1,COC(=O)[C@H]1O[C@@H](O[C@H]2[C@H](NC(=O)OCC(Cl)(Cl)Cl)[C@@H](OC[C@H]3O[C@@H](OCCCN(Cc4ccccc4)C(=O)OCc4ccccc4)[C@H](NC(=O)OCC(Cl)(Cl)Cl)[C@@H](OC(C)=O)[C@@H]3O[C@H]3O[C@H]([C@H](COC(C)=O)OC(C)=O)[C@@H](OCc4ccccc4)[C@H](OCc4ccccc4)[C@@H]3OCc3ccccc3)O[C@@H](C)[C@H]2N(C)C(=O)OCc2ccccc2)[C@@H](N=[N+]=[N-])[C@@H](N=[N+]=[N-])[C@@H]1O,chiral_gine,crossattn_tri,2,5DE23D10,thioglycoside,2020
1543,31-614-CAS-41884456,test,0,0.9682947993278503,0.5299999999999999,1,0,COC(=O)[C@@H]1O[C@@H](Sc2ccccc2)[C@H](OC(=O)CCC(C)=O)[C@@H](OCc2ccccc2)[C@@H]1O[C@H]1O[C@H](CO[Si](c2ccccc2)(c2ccccc2)C(C)(C)C)[C@@H](OC(=O)c2ccccc2)[C@H](OCc2ccccc2)[C@H]1N=[N+]=[N-],COC(=O)[C@@H]1O[C@@H](OCCCCCN(Cc2ccccc2)C(=O)OCc2ccc(CCC(F)(F)C(F)(F)C(F)(F)C(F)(F)C(F)(F)C(F)(F)F)cc2)[C@H](OC(=O)OCC2c3ccccc3-c3ccccc32)[C@@H](OCc2ccccc2)[C@@H]1O[C@H]1O[C@H](COCc2ccc3ccccc3c2)[C@@H](O)[C@H](OCc2ccccc2)[C@H]1NC(=O)C(F)(F)F,chiral_gine,crossattn_tri,2,C27CA146,thioglycoside,2023
1544,31-614-CAS-37959617,test,0,0.9682947993278503,0.5299999999999999,1,0,COC(=O)[C@@H]1O[C@@H](Sc2ccccc2)[C@H](OC(=O)CCC(C)=O)[C@@H](OCc2ccccc2)[C@@H]1O[C@H]1O[C@H](CO[Si](c2ccccc2)(c2ccccc2)C(C)(C)C)[C@@H](OC(=O)c2ccccc2)[C@H](OCc2ccccc2)[C@H]1N=[N+]=[N-],COC(=O)[C@@H]1O[C@@H](OCCCCCN(Cc2ccccc2)C(=O)OCc2ccc(CCC(F)(F)C(F)(F)C(F)(F)C(F)(F)C(F)(F)C(F)(F)F)cc2)[C@H](OC(=O)OCC2c3ccccc3-c3ccccc32)[C@@H](OCc2ccccc2)[C@@H]1O[C@H]1O[C@H](COCc2ccc3ccccc3c2)[C@@H](O)[C@H](OCc2ccccc2)[C@H]1NC(=O)C(F)(F)F,chiral_gine,crossattn_tri,2,C27CA146,thioglycoside,2022
1549,31-614-CAS-24501395,test,1,0.8808919191360474,0.5299999999999999,1,1,COC(=O)[C@@]1(O[C@H]2[C@@H](OC(=O)c3ccccc3)[C@@H](COC(=O)c3ccccc3)O[C@@H](Sc3ccc(C)cc3)[C@@H]2OC(=O)c2ccccc2)C[C@@H]2OC(=O)N(C(C)=O)[C@H]2[C@H]([C@H](OC(C)=O)[C@@H](COC(C)=O)OC(C)=O)O1,COc1ccc(O[C@H]2O[C@H](CO[C@@H]3O[C@H](COCc4ccccc4)[C@@H](O[C@@H]4O[C@H](COCc5ccccc5)[C@H](OCc5ccccc5)[C@H](OCc5ccccc5)[C@H]4OC(C)=O)[C@H](OCc4ccccc4)[C@H]3NC(=O)OCC(Cl)(Cl)Cl)[C@@H](OCc3ccccc3)[C@H](OCc3ccccc3)[C@@H]2O[C@@H]2O[C@H](COCc3ccccc3)[C@@H](O)[C@H](OCc3ccccc3)[C@H]2NC(=O)OCC(Cl)(Cl)Cl)cc1,chiral_gine,crossattn_tri,2,1BDDAC5D,thioglycoside,2020
1550,31-614-CAS-24501387,test,1,0.9649813771247864,0.5299999999999999,1,1,COC(=O)[C@@]1(O[C@H]2[C@@H](OC(=O)c3ccccc3)[C@@H](COC(=O)c3ccccc3)O[C@@H](Sc3ccc(C)cc3)[C@@H]2OC(=O)c2ccccc2)C[C@@H]2OC(=O)N(C(C)=O)[C@H]2[C@H]([C@H](OC(C)=O)[C@@H](COC(C)=O)OC(C)=O)O1,COc1ccc(O[C@H]2O[C@H](CO[C@@H]3O[C@H](COCc4ccccc4)[C@@H](O)[C@H](OCc4ccccc4)[C@H]3NC(=O)OCC(Cl)(Cl)Cl)[C@@H](OCc3ccccc3)[C@H](OCc3ccccc3)[C@@H]2O[C@@H]2O[C@H](COCc3ccccc3)[C@@H](O[C@@H]3O[C@H](COCc4ccccc4)[C@H](OCc4ccccc4)[C@H](OCc4ccccc4)[C@H]3OC(C)=O)[C@H](OCc3ccccc3)[C@H]2NC(=O)OCC(Cl)(Cl)Cl)cc1,chiral_gine,crossattn_tri,2,B5270AC8,thioglycoside,2020
1558,31-013-CAS-21471842,test,1,0.9661405682563782,0.5299999999999999,1,1,COC(=O)[C@@]1(O[C@H]2[C@H]3O[C@@H](c4ccccc4)OC[C@H]3O[C@@H](Sc3ccc(C)cc3)[C@@H]2OC(=O)c2ccccc2)C[C@@H]2OC(=O)N(C(C)=O)[C@H]2[C@H]([C@H](OC(C)=O)[C@@H](COC(C)=O)OC(C)=O)O1,CC(=O)O[C@H]1[C@H](O[C@@H]2[C@H](O[C@@H]3O[C@H](COCc4ccccc4)[C@@H](O)[C@H](OCc4ccccc4)[C@H]3N3C(=O)c4ccccc4C3=O)[C@@H](OC(=O)c3ccccc3)[C@H](OCCCN=[N+]=[N-])O[C@@H]2COC(=O)c2ccccc2)O[C@H](COCc2ccccc2)[C@@H](OCc2ccccc2)[C@@H]1OCc1ccccc1,chiral_gine,crossattn_tri,2,0C2EA194,thioglycoside,2019
1559,31-013-CAS-18800708,test,1,0.9697862267494202,0.5299999999999999,1,1,COC(=O)[C@@]1(O[C@H]2[C@H]3O[C@@H](c4ccccc4)OC[C@H]3O[C@@H](Sc3ccc(C)cc3)[C@@H]2OC(=O)c2ccccc2)C[C@@H]2OC(=O)N(C(C)=O)[C@H]2[C@H]([C@H](OC(C)=O)[C@@H](COC(C)=O)OC(C)=O)O1,CC(C)(C)[Si](C)(C)OC[C@H]1O[C@@H](O[C@H]2[C@H](OCc3ccccc3)[C@@H](OC(=O)c3ccccc3)[C@H](O[C@@H]3[C@@H](OCc4ccccc4)[C@H](OCCN=[N+]=[N-])O[C@H](COCc4ccccc4)[C@H]3OCc3ccccc3)O[C@@H]2COCc2ccccc2)[C@H](OC(=O)c2ccccc2)[C@@H](O[C@@H]2O[C@H](COCc3ccccc3)[C@@H](O)[C@H](OCc3ccccc3)[C@H]2N2C(=O)c3ccccc3C2=O)[C@H]1OCc1ccccc1,chiral_gine,crossattn_tri,2,6114A413,thioglycoside,2018
