ID,Reaction_ID,Label,Product_Config,Donor_Type,model_name,feature_set,split_name,y_proba,y_pred,threshold
16,31-010-CAS-22198130,1,b,trichloroacetimidate,logistic_regression,structure_condition,split_pair_group,0.9899601531287633,1,0.615
25,31-010-CAS-5525801,1,b,trichloroacetimidate,logistic_regression,structure_condition,split_pair_group,0.9996638796051439,1,0.615
26,31-614-CAS-31203171,0,a,trichloroacetimidate,logistic_regression,structure_condition,split_pair_group,0.953658542095052,1,0.615
36,31-010-CAS-4980852,1,b,trichloroacetimidate,logistic_regression,structure_condition,split_pair_group,0.9923008699293565,1,0.615
54,31-010-CAS-19796375,1,b,trichloroacetimidate,logistic_regression,structure_condition,split_pair_group,0.9966001362371266,1,0.615
74,31-010-CAS-8524792,0,a,trichloroacetimidate,logistic_regression,structure_condition,split_pair_group,0.14756873512379498,0,0.615
78,31-010-CAS-1161485,0,a,trichloroacetimidate,logistic_regression,structure_condition,split_pair_group,0.20564060599023196,0,0.615
114,31-010-CAS-6728808,0,a,trichloroacetimidate,logistic_regression,structure_condition,split_pair_group,0.8615218774728963,1,0.615
127,31-010-CAS-3431516,1,b,trichloroacetimidate,logistic_regression,structure_condition,split_pair_group,0.9706370271610545,1,0.615
138,31-010-CAS-12729167,1,b,trichloroacetimidate,logistic_regression,structure_condition,split_pair_group,0.1407971750509396,0,0.615
142,31-010-CAS-11617057,1,b,trichloroacetimidate,logistic_regression,structure_condition,split_pair_group,0.9208955995163732,1,0.615
143,31-010-CAS-3803419,0,a,trichloroacetimidate,logistic_regression,structure_condition,split_pair_group,0.062359807647600914,0,0.615
146,31-010-CAS-13055419,1,b,trichloroacetimidate,logistic_regression,structure_condition,split_pair_group,0.9999231434583239,1,0.615
148,31-010-CAS-884798,1,b,trichloroacetimidate,logistic_regression,structure_condition,split_pair_group,0.9954861428569102,1,0.615
157,31-010-CAS-23202756,1,b,trichloroacetimidate,logistic_regression,structure_condition,split_pair_group,0.9789130049577042,1,0.615
161,31-010-CAS-8171704,1,b,trichloroacetimidate,logistic_regression,structure_condition,split_pair_group,0.9822248069422398,1,0.615
170,31-010-CAS-16546348,1,b,trichloroacetimidate,logistic_regression,structure_condition,split_pair_group,0.974369995500975,1,0.615
171,31-010-CAS-23204857,1,b,trichloroacetimidate,logistic_regression,structure_condition,split_pair_group,0.9790956015342117,1,0.615
183,31-010-CAS-4294380,0,a,trichloroacetimidate,logistic_regression,structure_condition,split_pair_group,0.2604439239511374,0,0.615
186,31-010-CAS-11796742,0,a,trichloroacetimidate,logistic_regression,structure_condition,split_pair_group,0.002577963731231881,0,0.615
195,31-614-CAS-36199892,1,b,trichloroacetimidate,logistic_regression,structure_condition,split_pair_group,0.9930885167903895,1,0.615
203,31-010-CAS-16546344,1,b,trichloroacetimidate,logistic_regression,structure_condition,split_pair_group,0.9912281756450015,1,0.615
219,31-010-CAS-3920193,0,a,trichloroacetimidate,logistic_regression,structure_condition,split_pair_group,0.00044620632226070547,0,0.615
220,31-010-CAS-20767187,0,a,trichloroacetimidate,logistic_regression,structure_condition,split_pair_group,0.0009485945171514007,0,0.615
221,31-010-CAS-17642154,0,a,trichloroacetimidate,logistic_regression,structure_condition,split_pair_group,0.0022676408768710224,0,0.615
234,31-013-CAS-5827715,1,b,trichloroacetimidate,logistic_regression,structure_condition,split_pair_group,0.9911025858206942,1,0.615
241,31-010-CAS-14863653,1,b,trichloroacetimidate,logistic_regression,structure_condition,split_pair_group,0.8611422371368365,1,0.615
243,31-010-CAS-13659910,1,b,trichloroacetimidate,logistic_regression,structure_condition,split_pair_group,0.9979428272537245,1,0.615
250,31-010-CAS-1767038,0,a,trichloroacetimidate,logistic_regression,structure_condition,split_pair_group,0.10028987532414889,0,0.615
265,31-010-CAS-7479832,1,b,trichloroacetimidate,logistic_regression,structure_condition,split_pair_group,0.9694593613945072,1,0.615
272,31-010-CAS-9842150,1,b,trichloroacetimidate,logistic_regression,structure_condition,split_pair_group,0.9999818462381027,1,0.615
284,31-010-CAS-4637552,1,b,trichloroacetimidate,logistic_regression,structure_condition,split_pair_group,0.9976416707403992,1,0.615
296,31-010-CAS-11281477,1,b,trichloroacetimidate,logistic_regression,structure_condition,split_pair_group,0.974536954670629,1,0.615
298,31-010-CAS-6624950,1,b,trichloroacetimidate,logistic_regression,structure_condition,split_pair_group,0.9962465828980183,1,0.615
310,31-010-CAS-7407036,0,a,trichloroacetimidate,logistic_regression,structure_condition,split_pair_group,0.00227394087513541,0,0.615
317,31-010-CAS-17830886,1,b,trichloroacetimidate,logistic_regression,structure_condition,split_pair_group,0.7107792348986205,1,0.615
334,31-010-CAS-21359677,1,b,trichloroacetimidate,logistic_regression,structure_condition,split_pair_group,0.9435288493645481,1,0.615
335,31-010-CAS-1287355,1,b,trichloroacetimidate,logistic_regression,structure_condition,split_pair_group,0.9435288493645481,1,0.615
360,31-010-CAS-21359666,1,b,trichloroacetimidate,logistic_regression,structure_condition,split_pair_group,0.998972643904432,1,0.615
361,31-010-CAS-1619273,1,b,trichloroacetimidate,logistic_regression,structure_condition,split_pair_group,0.998972643904432,1,0.615
364,31-010-CAS-21359670,1,b,trichloroacetimidate,logistic_regression,structure_condition,split_pair_group,0.9991504214908443,1,0.615
365,31-010-CAS-10139664,1,b,trichloroacetimidate,logistic_regression,structure_condition,split_pair_group,0.9991504214908443,1,0.615
383,31-010-CAS-5251218,0,a,trichloroacetimidate,logistic_regression,structure_condition,split_pair_group,0.005554211659068579,0,0.615
384,31-010-CAS-5898048,1,b,trichloroacetimidate,logistic_regression,structure_condition,split_pair_group,0.8691607664397272,1,0.615
391,31-010-CAS-17658048,0,a,trichloroacetimidate,logistic_regression,structure_condition,split_pair_group,0.8357391831889389,1,0.615
392,31-010-CAS-12999057,0,a,trichloroacetimidate,logistic_regression,structure_condition,split_pair_group,0.9490440612569385,1,0.615
400,31-010-CAS-15131203,1,b,trichloroacetimidate,logistic_regression,structure_condition,split_pair_group,0.29560846423058784,0,0.615
406,31-010-CAS-18971959,1,b,trichloroacetimidate,logistic_regression,structure_condition,split_pair_group,0.9862968954684801,1,0.615
418,31-010-CAS-7849619,1,b,trichloroacetimidate,logistic_regression,structure_condition,split_pair_group,0.9970653712011559,1,0.615
428,31-010-CAS-21359659,1,b,trichloroacetimidate,logistic_regression,structure_condition,split_pair_group,0.9158668184121642,1,0.615
429,31-010-CAS-12041024,1,b,trichloroacetimidate,logistic_regression,structure_condition,split_pair_group,0.9158668184121642,1,0.615
431,31-010-CAS-21359681,1,b,trichloroacetimidate,logistic_regression,structure_condition,split_pair_group,0.9976224566736942,1,0.615
432,31-010-CAS-9811894,1,b,trichloroacetimidate,logistic_regression,structure_condition,split_pair_group,0.9976224566736942,1,0.615
441,31-010-CAS-8693853,1,b,trichloroacetimidate,logistic_regression,structure_condition,split_pair_group,0.22434053644614502,0,0.615
448,31-010-CAS-13639242,0,a,trichloroacetimidate,logistic_regression,structure_condition,split_pair_group,0.1309085951651487,0,0.615
471,31-010-CAS-6859118,0,a,trichloroacetimidate,logistic_regression,structure_condition,split_pair_group,0.0010579993940217911,0,0.615
475,31-010-CAS-6246955,0,a,trichloroacetimidate,logistic_regression,structure_condition,split_pair_group,0.8144490204912103,1,0.615
483,31-010-CAS-5827902,0,a,trichloroacetimidate,logistic_regression,structure_condition,split_pair_group,0.0015896850959373262,0,0.615
484,31-010-CAS-13993703,0,a,trichloroacetimidate,logistic_regression,structure_condition,split_pair_group,0.0015535366373535863,0,0.615
504,31-010-CAS-10204303,1,b,trichloroacetimidate,logistic_regression,structure_condition,split_pair_group,0.9999002396219913,1,0.615
511,31-010-CAS-1044733,1,b,trichloroacetimidate,logistic_regression,structure_condition,split_pair_group,0.9947317650862891,1,0.615
515,31-010-CAS-878517,1,b,trichloroacetimidate,logistic_regression,structure_condition,split_pair_group,0.7618540450893988,1,0.615
530,31-010-CAS-10263463,1,b,trichloroacetimidate,logistic_regression,structure_condition,split_pair_group,0.2571992553989794,0,0.615
533,31-010-CAS-15475722,0,a,trichloroacetimidate,logistic_regression,structure_condition,split_pair_group,0.004742878985281165,0,0.615
539,31-010-CAS-15140208,1,b,trichloroacetimidate,logistic_regression,structure_condition,split_pair_group,0.28353368487731545,0,0.615
540,31-010-CAS-14143291,1,b,trichloroacetimidate,logistic_regression,structure_condition,split_pair_group,0.2571992553989794,0,0.615
544,31-010-CAS-14482114,0,a,trichloroacetimidate,logistic_regression,structure_condition,split_pair_group,0.2571992553989794,0,0.615
545,31-010-CAS-16396095,1,b,trichloroacetimidate,logistic_regression,structure_condition,split_pair_group,0.9987829944786908,1,0.615
559,31-010-CAS-12809730,0,a,trichloroacetimidate,logistic_regression,structure_condition,split_pair_group,0.527067391263561,0,0.615
565,31-010-CAS-5089795,0,a,trifluoroacetimidate,logistic_regression,structure_condition,split_pair_group,0.05119866416125228,0,0.615
568,31-010-CAS-6229676,0,a,trifluoroacetimidate,logistic_regression,structure_condition,split_pair_group,0.0013294058700001438,0,0.615
588,31-010-CAS-8250667,1,b,trifluoroacetimidate,logistic_regression,structure_condition,split_pair_group,0.6390781057669218,1,0.615
594,31-013-CAS-5629637,0,a,trifluoroacetimidate,logistic_regression,structure_condition,split_pair_group,0.4099595188709683,0,0.615
613,31-013-CAS-12466161,1,b,trifluoroacetimidate,logistic_regression,structure_condition,split_pair_group,0.9833995498405378,1,0.615
615,31-010-CAS-22654654,0,a,trifluoroacetimidate,logistic_regression,structure_condition,split_pair_group,0.03449635073387269,0,0.615
620,31-010-CAS-21471849,1,b,trifluoroacetimidate,logistic_regression,structure_condition,split_pair_group,0.9976668209148533,1,0.615
623,31-614-CAS-40997648,1,b,trifluoroacetimidate,logistic_regression,structure_condition,split_pair_group,0.9498403972632916,1,0.615
630,31-010-CAS-11999440,1,b,trifluoroacetimidate,logistic_regression,structure_condition,split_pair_group,0.9961894400771828,1,0.615
641,31-010-CAS-21471846,1,b,trifluoroacetimidate,logistic_regression,structure_condition,split_pair_group,0.9999140188420916,1,0.615
648,31-614-CAS-35275413,1,b,trifluoroacetimidate,logistic_regression,structure_condition,split_pair_group,0.9979322395058763,1,0.615
655,31-013-CAS-14145593,0,a,thioglycoside,logistic_regression,structure_condition,split_pair_group,0.00912732911268132,0,0.615
656,31-013-CAS-22581512,0,a,thioglycoside,logistic_regression,structure_condition,split_pair_group,0.05915721540077579,0,0.615
657,31-013-CAS-9001704,0,a,thioglycoside,logistic_regression,structure_condition,split_pair_group,0.002856193371515205,0,0.615
661,31-013-CAS-20074834,0,a,thioglycoside,logistic_regression,structure_condition,split_pair_group,0.0022908096777279566,0,0.615
662,31-013-CAS-17381412,0,a,thioglycoside,logistic_regression,structure_condition,split_pair_group,0.0012549511091446768,0,0.615
679,31-013-CAS-20074845,0,a,thioglycoside,logistic_regression,structure_condition,split_pair_group,0.0031369498239593387,0,0.615
680,31-013-CAS-17381425,0,a,thioglycoside,logistic_regression,structure_condition,split_pair_group,0.0017191427798590984,0,0.615
682,31-013-CAS-4038549,0,a,thioglycoside,logistic_regression,structure_condition,split_pair_group,0.14109854030232785,0,0.615
683,31-013-CAS-22198141,0,a,thioglycoside,logistic_regression,structure_condition,split_pair_group,0.11247404308052172,0,0.615
688,31-013-CAS-308870,0,a,thioglycoside,logistic_regression,structure_condition,split_pair_group,0.08541609245033391,0,0.615
692,31-013-CAS-7066819,0,a,thioglycoside,logistic_regression,structure_condition,split_pair_group,0.0006425638816263565,0,0.615
697,31-013-CAS-15171815,0,a,thioglycoside,logistic_regression,structure_condition,split_pair_group,0.0004250600544739541,0,0.615
700,31-013-CAS-14695973,0,a,thioglycoside,logistic_regression,structure_condition,split_pair_group,0.0034773182603060754,0,0.615
719,31-013-CAS-18792530,0,a,thioglycoside,logistic_regression,structure_condition,split_pair_group,0.5124675431834722,0,0.615
720,31-013-CAS-13505033,0,a,thioglycoside,logistic_regression,structure_condition,split_pair_group,0.6981169659169754,1,0.615
721,31-013-CAS-13132878,0,a,thioglycoside,logistic_regression,structure_condition,split_pair_group,0.7190927805855699,1,0.615
722,31-013-CAS-21359610,0,a,thioglycoside,logistic_regression,structure_condition,split_pair_group,0.12199669842118632,0,0.615
723,31-013-CAS-7463166,0,a,thioglycoside,logistic_regression,structure_condition,split_pair_group,0.12199669842118632,0,0.615
739,31-013-CAS-10316632,0,a,thioglycoside,logistic_regression,structure_condition,split_pair_group,0.6062289575573812,0,0.615
807,31-013-CAS-1407934,0,a,thioglycoside,logistic_regression,structure_condition,split_pair_group,0.7205177774380496,1,0.615
831,31-013-CAS-1278764,0,a,thioglycoside,logistic_regression,structure_condition,split_pair_group,0.010199121925798423,0,0.615
833,31-013-CAS-20818633,0,a,thioglycoside,logistic_regression,structure_condition,split_pair_group,0.5352255097599136,0,0.615
837,31-614-CAS-38307143,1,b,thioglycoside,logistic_regression,structure_condition,split_pair_group,0.9932576975654505,1,0.615
841,31-013-CAS-12570626,1,b,thioglycoside,logistic_regression,structure_condition,split_pair_group,0.03988203916420739,0,0.615
842,31-013-CAS-3447636,1,b,thioglycoside,logistic_regression,structure_condition,split_pair_group,0.04359905371879601,0,0.615
843,31-013-CAS-1313681,1,b,thioglycoside,logistic_regression,structure_condition,split_pair_group,0.11018900608487803,0,0.615
850,31-013-CAS-19733120,0,a,thioglycoside,logistic_regression,structure_condition,split_pair_group,0.07686694753066636,0,0.615
851,31-013-CAS-11213156,1,b,thioglycoside,logistic_regression,structure_condition,split_pair_group,0.9708733185130002,1,0.615
855,31-049-CAS-11119860,1,b,thioglycoside,logistic_regression,structure_condition,split_pair_group,0.989334859185924,1,0.615
864,31-614-CAS-25201498,1,b,thioglycoside,logistic_regression,structure_condition,split_pair_group,0.990279444892979,1,0.615
865,31-614-CAS-27090868,1,b,thioglycoside,logistic_regression,structure_condition,split_pair_group,0.990279444892979,1,0.615
884,31-013-CAS-9389396,1,b,thioglycoside,logistic_regression,structure_condition,split_pair_group,0.9345855355291839,1,0.615
885,31-013-CAS-3991023,1,b,thioglycoside,logistic_regression,structure_condition,split_pair_group,0.9633135310828432,1,0.615
890,31-614-CAS-29244011,1,b,thioglycoside,logistic_regression,structure_condition,split_pair_group,0.9837467265009797,1,0.615
891,31-614-CAS-26064585,1,b,thioglycoside,logistic_regression,structure_condition,split_pair_group,0.9882292218229076,1,0.615
896,31-013-CAS-8933724,0,a,thioglycoside,logistic_regression,structure_condition,split_pair_group,0.4893231805016728,0,0.615
901,31-614-CAS-27463098,0,a,thioglycoside,logistic_regression,structure_condition,split_pair_group,0.0025286302448366306,0,0.615
904,31-013-CAS-17702336,1,b,thioglycoside,logistic_regression,structure_condition,split_pair_group,0.8994521715612079,1,0.615
905,31-013-CAS-21762107,1,b,thioglycoside,logistic_regression,structure_condition,split_pair_group,0.873115199370675,1,0.615
906,31-013-CAS-21945116,1,b,thioglycoside,logistic_regression,structure_condition,split_pair_group,0.9190779839527896,1,0.615
908,31-013-CAS-12760013,0,a,thioglycoside,logistic_regression,structure_condition,split_pair_group,0.0024941256914714142,0,0.615
921,31-013-CAS-7584459,1,b,thioglycoside,logistic_regression,structure_condition,split_pair_group,0.8369247814924744,1,0.615
922,31-013-CAS-1058357,1,b,thioglycoside,logistic_regression,structure_condition,split_pair_group,0.7962015042705376,1,0.615
925,31-013-CAS-19796368,1,b,thioglycoside,logistic_regression,structure_condition,split_pair_group,0.9980520588216883,1,0.615
926,31-013-CAS-5703022,1,b,thioglycoside,logistic_regression,structure_condition,split_pair_group,0.9935938509395428,1,0.615
935,31-013-CAS-9419983,0,a,thioglycoside,logistic_regression,structure_condition,split_pair_group,1.3410427191061012e-05,0,0.615
937,31-013-CAS-11635380,0,a,thioglycoside,logistic_regression,structure_condition,split_pair_group,0.0002440594575629442,0,0.615
942,31-013-CAS-13870844,0,a,thioglycoside,logistic_regression,structure_condition,split_pair_group,0.11009850928484442,0,0.615
943,31-013-CAS-4635858,0,a,thioglycoside,logistic_regression,structure_condition,split_pair_group,0.014288405195951656,0,0.615
944,31-614-CAS-34709650,0,a,thioglycoside,logistic_regression,structure_condition,split_pair_group,0.7407237519337307,1,0.615
946,31-013-CAS-6806986,1,b,thioglycoside,logistic_regression,structure_condition,split_pair_group,0.9900850187375683,1,0.615
963,31-614-CAS-26047459,1,b,thioglycoside,logistic_regression,structure_condition,split_pair_group,0.22692160952663776,0,0.615
1008,31-013-CAS-5259694,1,b,thioglycoside,logistic_regression,structure_condition,split_pair_group,0.8839175362440527,1,0.615
1009,31-013-CAS-3120111,1,b,thioglycoside,logistic_regression,structure_condition,split_pair_group,0.8686865535896644,1,0.615
1012,31-013-CAS-21905508,1,b,thioglycoside,logistic_regression,structure_condition,split_pair_group,0.989976418036917,1,0.615
1014,31-013-CAS-18496614,1,b,thioglycoside,logistic_regression,structure_condition,split_pair_group,0.9944741991565942,1,0.615
1024,31-013-CAS-12877153,0,a,thioglycoside,logistic_regression,structure_condition,split_pair_group,0.0009682408337940708,0,0.615
1025,31-013-CAS-7511274,0,a,thioglycoside,logistic_regression,structure_condition,split_pair_group,0.0008207320904332305,0,0.615
1026,31-013-CAS-854940,0,a,thioglycoside,logistic_regression,structure_condition,split_pair_group,0.0007552589187799522,0,0.615
1027,31-013-CAS-8833991,0,a,thioglycoside,logistic_regression,structure_condition,split_pair_group,0.008405963684346013,0,0.615
1029,31-013-CAS-2439768,1,b,thioglycoside,logistic_regression,structure_condition,split_pair_group,0.7735325964498793,1,0.615
1032,31-013-CAS-3532904,1,b,thioglycoside,logistic_regression,structure_condition,split_pair_group,0.9431103484525264,1,0.615
1033,31-013-CAS-15039708,1,b,thioglycoside,logistic_regression,structure_condition,split_pair_group,0.9007175970249097,1,0.615
1042,31-013-CAS-2224404,1,b,thioglycoside,logistic_regression,structure_condition,split_pair_group,0.1694329832438598,0,0.615
1043,31-013-CAS-19733121,0,a,thioglycoside,logistic_regression,structure_condition,split_pair_group,0.08130905769959848,0,0.615
1061,31-013-CAS-16587031,0,a,thioglycoside,logistic_regression,structure_condition,split_pair_group,0.016772607354666146,0,0.615
1085,31-614-CAS-36914120,0,a,thioglycoside,logistic_regression,structure_condition,split_pair_group,0.13565799591993852,0,0.615
1091,31-013-CAS-16946845,1,b,thioglycoside,logistic_regression,structure_condition,split_pair_group,0.6533682543465127,1,0.615
1103,31-614-CAS-35394448,1,b,thioglycoside,logistic_regression,structure_condition,split_pair_group,0.5548135590656104,0,0.615
1104,31-614-CAS-34336268,0,a,thioglycoside,logistic_regression,structure_condition,split_pair_group,0.08701270474656098,0,0.615
1105,31-614-CAS-32458097,0,a,thioglycoside,logistic_regression,structure_condition,split_pair_group,0.07864871563668882,0,0.615
1106,31-614-CAS-37588004,0,a,thioglycoside,logistic_regression,structure_condition,split_pair_group,0.11352154208873592,0,0.615
1117,31-013-CAS-16968435,1,b,thioglycoside,logistic_regression,structure_condition,split_pair_group,0.9869842422050278,1,0.615
1124,31-013-CAS-14738874,0,a,thioglycoside,logistic_regression,structure_condition,split_pair_group,0.013712255638711802,0,0.615
1127,31-013-CAS-11726967,0,a,thioglycoside,logistic_regression,structure_condition,split_pair_group,0.007842204175630155,0,0.615
1141,31-013-CAS-17791367,0,a,thioglycoside,logistic_regression,structure_condition,split_pair_group,0.008121654889960497,0,0.615
1150,31-013-CAS-741372,1,b,thioglycoside,logistic_regression,structure_condition,split_pair_group,0.9944123972070887,1,0.615
1160,31-013-CAS-17453665,1,b,thioglycoside,logistic_regression,structure_condition,split_pair_group,0.9665044745871109,1,0.615
1165,31-013-CAS-11784711,1,b,thioglycoside,logistic_regression,structure_condition,split_pair_group,0.10657780474340173,0,0.615
1175,31-013-CAS-21359611,0,a,thioglycoside,logistic_regression,structure_condition,split_pair_group,0.00918943646284295,0,0.615
1176,31-013-CAS-9488276,0,a,thioglycoside,logistic_regression,structure_condition,split_pair_group,0.00918943646284295,0,0.615
1182,31-013-CAS-12326620,0,a,thioglycoside,logistic_regression,structure_condition,split_pair_group,0.0018102654621185857,0,0.615
1185,31-013-CAS-23539710,0,a,thioglycoside,logistic_regression,structure_condition,split_pair_group,0.004487268180795618,0,0.615
1187,31-013-CAS-14640673,0,a,thioglycoside,logistic_regression,structure_condition,split_pair_group,0.21927170391502387,0,0.615
1196,31-013-CAS-1342962,1,b,thioglycoside,logistic_regression,structure_condition,split_pair_group,0.9999256694850902,1,0.615
1210,31-013-CAS-3582973,0,a,thioglycoside,logistic_regression,structure_condition,split_pair_group,0.159535047639252,0,0.615
1226,31-013-CAS-4366967,1,b,thioglycoside,logistic_regression,structure_condition,split_pair_group,0.8997468989709255,1,0.615
1229,31-013-CAS-16946849,1,b,thioglycoside,logistic_regression,structure_condition,split_pair_group,0.9703577472049781,1,0.615
1241,31-013-CAS-2182975,1,b,thioglycoside,logistic_regression,structure_condition,split_pair_group,0.6624316826030955,1,0.615
1247,31-013-CAS-13251956,1,b,thioglycoside,logistic_regression,structure_condition,split_pair_group,0.9873236854013506,1,0.615
1248,31-013-CAS-3002515,0,a,thioglycoside,logistic_regression,structure_condition,split_pair_group,0.159535047639252,0,0.615
1261,31-614-CAS-37587999,0,a,thioglycoside,logistic_regression,structure_condition,split_pair_group,0.09106675407882622,0,0.615
1264,31-013-CAS-806847,1,b,thioglycoside,logistic_regression,structure_condition,split_pair_group,0.9970992046322791,1,0.615
1268,31-013-CAS-1585686,1,b,thioglycoside,logistic_regression,structure_condition,split_pair_group,0.9996862073516941,1,0.615
1269,31-013-CAS-7643019,1,b,thioglycoside,logistic_regression,structure_condition,split_pair_group,0.9993279121722345,1,0.615
1280,31-614-CAS-34954204,0,a,thioglycoside,logistic_regression,structure_condition,split_pair_group,0.9305359694523618,1,0.615
1288,31-013-CAS-14512141,1,b,thioglycoside,logistic_regression,structure_condition,split_pair_group,0.9176860527572414,1,0.615
1293,31-614-CAS-34956360,1,b,thioglycoside,logistic_regression,structure_condition,split_pair_group,0.999608644850213,1,0.615
1294,31-614-CAS-40218495,1,b,thioglycoside,logistic_regression,structure_condition,split_pair_group,0.9775032733094905,1,0.615
1299,31-013-CAS-21608786,0,a,thioglycoside,logistic_regression,structure_condition,split_pair_group,0.11288331959107409,0,0.615
1301,31-013-CAS-7147519,0,a,thioglycoside,logistic_regression,structure_condition,split_pair_group,0.01671861507130475,0,0.615
1319,31-614-CAS-44041084,1,b,thioglycoside,logistic_regression,structure_condition,split_pair_group,0.8788432219834148,1,0.615
1320,31-013-CAS-12262753,1,b,thioglycoside,logistic_regression,structure_condition,split_pair_group,0.6669345875795897,1,0.615
1331,31-614-CAS-39834134,0,a,thioglycoside,logistic_regression,structure_condition,split_pair_group,0.3552881550232438,0,0.615
1340,31-614-CAS-23946125,0,a,thioglycoside,logistic_regression,structure_condition,split_pair_group,0.0028725845485804854,0,0.615
1345,31-013-CAS-1583370,0,a,thioglycoside,logistic_regression,structure_condition,split_pair_group,0.03500312974415492,0,0.615
1360,31-013-CAS-4188841,1,b,thioglycoside,logistic_regression,structure_condition,split_pair_group,0.9993012034298758,1,0.615
1361,31-013-CAS-1880759,1,b,thioglycoside,logistic_regression,structure_condition,split_pair_group,0.9993012034298758,1,0.615
1363,31-013-CAS-1686035,1,b,thioglycoside,logistic_regression,structure_condition,split_pair_group,0.8915543833862163,1,0.615
1371,31-013-CAS-13595742,0,a,thioglycoside,logistic_regression,structure_condition,split_pair_group,0.00035193716426743145,0,0.615
1372,31-013-CAS-2565194,1,b,thioglycoside,logistic_regression,structure_condition,split_pair_group,0.993226084968078,1,0.615
1387,31-013-CAS-12685556,1,b,thioglycoside,logistic_regression,structure_condition,split_pair_group,0.9998476456723926,1,0.615
1388,31-013-CAS-16806675,1,b,thioglycoside,logistic_regression,structure_condition,split_pair_group,0.9998853797088427,1,0.615
1389,31-013-CAS-6076988,1,b,thioglycoside,logistic_regression,structure_condition,split_pair_group,0.9998410316980112,1,0.615
1413,31-013-CAS-15393474,1,b,thioglycoside,logistic_regression,structure_condition,split_pair_group,0.9900614081556671,1,0.615
1414,31-013-CAS-3282710,1,b,thioglycoside,logistic_regression,structure_condition,split_pair_group,0.9069059958846469,1,0.615
1415,31-013-CAS-4022684,1,b,thioglycoside,logistic_regression,structure_condition,split_pair_group,0.9972074959283763,1,0.615
1416,31-013-CAS-7726616,1,b,thioglycoside,logistic_regression,structure_condition,split_pair_group,0.9999942677787873,1,0.615
1418,31-013-CAS-16820825,1,b,thioglycoside,logistic_regression,structure_condition,split_pair_group,0.9997534600762497,1,0.615
1422,31-013-CAS-21944308,1,b,thioglycoside,logistic_regression,structure_condition,split_pair_group,0.9978635005344896,1,0.615
1426,31-614-CAS-28293923,1,b,thioglycoside,logistic_regression,structure_condition,split_pair_group,0.9998403819309728,1,0.615
1430,31-013-CAS-8917480,1,b,thioglycoside,logistic_regression,structure_condition,split_pair_group,0.9712055303604425,1,0.615
1439,31-013-CAS-7488283,1,b,thioglycoside,logistic_regression,structure_condition,split_pair_group,0.9998842354058889,1,0.615
1445,31-013-CAS-12921527,1,b,thioglycoside,logistic_regression,structure_condition,split_pair_group,0.7371178233290282,1,0.615
1453,31-614-CAS-24299301,0,a,thioglycoside,logistic_regression,structure_condition,split_pair_group,0.24172921322452284,0,0.615
1454,31-013-CAS-20404994,1,b,thioglycoside,logistic_regression,structure_condition,split_pair_group,0.9961973128736906,1,0.615
1456,31-013-CAS-1120171,1,b,thioglycoside,logistic_regression,structure_condition,split_pair_group,0.9968495838859486,1,0.615
1457,31-013-CAS-7286890,0,a,thioglycoside,logistic_regression,structure_condition,split_pair_group,0.0010073899940283497,0,0.615
1459,31-013-CAS-15100866,1,b,thioglycoside,logistic_regression,structure_condition,split_pair_group,0.9990671040583554,1,0.615
1460,31-614-CAS-24965173,1,b,thioglycoside,logistic_regression,structure_condition,split_pair_group,0.9915664814133618,1,0.615
1464,31-013-CAS-4102089,1,b,thioglycoside,logistic_regression,structure_condition,split_pair_group,0.9991766310803133,1,0.615
1466,31-301-CAS-14089757,1,b,thioglycoside,logistic_regression,structure_condition,split_pair_group,0.7740055102995235,1,0.615
1467,31-301-CAS-2081601,1,b,thioglycoside,logistic_regression,structure_condition,split_pair_group,0.7740055102995235,1,0.615
1474,31-013-CAS-3406433,1,b,thioglycoside,logistic_regression,structure_condition,split_pair_group,0.9994309175389731,1,0.615
1475,31-013-CAS-23731804,1,b,thioglycoside,logistic_regression,structure_condition,split_pair_group,0.9944729180728176,1,0.615
1482,31-013-CAS-4942088,1,b,thioglycoside,logistic_regression,structure_condition,split_pair_group,0.9933166057646908,1,0.615
1494,31-013-CAS-5792629,0,a,thioglycoside,logistic_regression,structure_condition,split_pair_group,0.0944048177672129,0,0.615
1496,31-013-CAS-15382044,1,b,thioglycoside,logistic_regression,structure_condition,split_pair_group,0.9866443968200488,1,0.615
1500,31-013-CAS-11809252,0,a,thioglycoside,logistic_regression,structure_condition,split_pair_group,0.15006052061749864,0,0.615
1505,31-013-CAS-2166542,1,b,thioglycoside,logistic_regression,structure_condition,split_pair_group,0.9867920881307204,1,0.615
1511,31-013-CAS-19117152,1,b,thioglycoside,logistic_regression,structure_condition,split_pair_group,0.9379938179968188,1,0.615
1518,31-013-CAS-7065488,1,b,thioglycoside,logistic_regression,structure_condition,split_pair_group,0.9977597195926392,1,0.615
1520,31-614-CAS-30618647,1,b,thioglycoside,logistic_regression,structure_condition,split_pair_group,0.9979960283931344,1,0.615
1526,31-013-CAS-11179214,1,b,thioglycoside,logistic_regression,structure_condition,split_pair_group,0.9496484464318423,1,0.615
1528,31-013-CAS-8627156,1,b,thioglycoside,logistic_regression,structure_condition,split_pair_group,0.9857118679231968,1,0.615
1529,31-013-CAS-26474,1,b,thioglycoside,logistic_regression,structure_condition,split_pair_group,0.9857118679231968,1,0.615
1532,31-614-CAS-41884159,0,a,thioglycoside,logistic_regression,structure_condition,split_pair_group,0.032421385907213045,0,0.615
1533,31-614-CAS-37959480,0,a,thioglycoside,logistic_regression,structure_condition,split_pair_group,0.032421385907213045,0,0.615
1541,31-614-CAS-45240845,0,a,thioglycoside,logistic_regression,structure_condition,split_pair_group,0.04700201593667249,0,0.615
1542,31-013-CAS-21774311,0,a,thioglycoside,logistic_regression,structure_condition,split_pair_group,0.10537708615268629,0,0.615
1543,31-614-CAS-41884456,0,a,thioglycoside,logistic_regression,structure_condition,split_pair_group,0.1082943567721306,0,0.615
1544,31-614-CAS-37959617,0,a,thioglycoside,logistic_regression,structure_condition,split_pair_group,0.1082943567721306,0,0.615
1548,31-013-CAS-4019424,1,b,thioglycoside,logistic_regression,structure_condition,split_pair_group,0.9999957942981538,1,0.615
1550,31-614-CAS-24501387,1,b,thioglycoside,logistic_regression,structure_condition,split_pair_group,0.9997488262755567,1,0.615
1551,31-614-CAS-29170155,1,b,thioglycoside,logistic_regression,structure_condition,split_pair_group,0.9839347082686491,1,0.615
1552,31-614-CAS-27856064,1,b,thioglycoside,logistic_regression,structure_condition,split_pair_group,0.9839347082686491,1,0.615
1553,31-013-CAS-7313950,1,b,thioglycoside,logistic_regression,structure_condition,split_pair_group,0.9941996972216857,1,0.615
1558,31-013-CAS-21471842,1,b,thioglycoside,logistic_regression,structure_condition,split_pair_group,0.9988953182859257,1,0.615
16,31-010-CAS-22198130,1,b,trichloroacetimidate,random_forest,structure_condition,split_pair_group,0.7384628683270695,1,0.43999999999999995
25,31-010-CAS-5525801,1,b,trichloroacetimidate,random_forest,structure_condition,split_pair_group,0.9571805514588329,1,0.43999999999999995
26,31-614-CAS-31203171,0,a,trichloroacetimidate,random_forest,structure_condition,split_pair_group,0.7555480800976291,1,0.43999999999999995
36,31-010-CAS-4980852,1,b,trichloroacetimidate,random_forest,structure_condition,split_pair_group,0.7302609064571458,1,0.43999999999999995
54,31-010-CAS-19796375,1,b,trichloroacetimidate,random_forest,structure_condition,split_pair_group,0.962110656886786,1,0.43999999999999995
74,31-010-CAS-8524792,0,a,trichloroacetimidate,random_forest,structure_condition,split_pair_group,0.3827602814510432,0,0.43999999999999995
78,31-010-CAS-1161485,0,a,trichloroacetimidate,random_forest,structure_condition,split_pair_group,0.14056933281568973,0,0.43999999999999995
114,31-010-CAS-6728808,0,a,trichloroacetimidate,random_forest,structure_condition,split_pair_group,0.760644350579333,1,0.43999999999999995
127,31-010-CAS-3431516,1,b,trichloroacetimidate,random_forest,structure_condition,split_pair_group,0.9197834097663354,1,0.43999999999999995
138,31-010-CAS-12729167,1,b,trichloroacetimidate,random_forest,structure_condition,split_pair_group,0.3913882503378229,0,0.43999999999999995
142,31-010-CAS-11617057,1,b,trichloroacetimidate,random_forest,structure_condition,split_pair_group,0.8918421197173448,1,0.43999999999999995
143,31-010-CAS-3803419,0,a,trichloroacetimidate,random_forest,structure_condition,split_pair_group,0.16978240026589386,0,0.43999999999999995
146,31-010-CAS-13055419,1,b,trichloroacetimidate,random_forest,structure_condition,split_pair_group,0.9413462091191851,1,0.43999999999999995
148,31-010-CAS-884798,1,b,trichloroacetimidate,random_forest,structure_condition,split_pair_group,0.90320312673023,1,0.43999999999999995
157,31-010-CAS-23202756,1,b,trichloroacetimidate,random_forest,structure_condition,split_pair_group,0.9447251214820463,1,0.43999999999999995
161,31-010-CAS-8171704,1,b,trichloroacetimidate,random_forest,structure_condition,split_pair_group,0.9743361894447018,1,0.43999999999999995
170,31-010-CAS-16546348,1,b,trichloroacetimidate,random_forest,structure_condition,split_pair_group,0.8385370362347341,1,0.43999999999999995
171,31-010-CAS-23204857,1,b,trichloroacetimidate,random_forest,structure_condition,split_pair_group,0.9298254867664889,1,0.43999999999999995
183,31-010-CAS-4294380,0,a,trichloroacetimidate,random_forest,structure_condition,split_pair_group,0.13340099951380816,0,0.43999999999999995
186,31-010-CAS-11796742,0,a,trichloroacetimidate,random_forest,structure_condition,split_pair_group,0.1837447679605703,0,0.43999999999999995
195,31-614-CAS-36199892,1,b,trichloroacetimidate,random_forest,structure_condition,split_pair_group,0.9391724187832525,1,0.43999999999999995
203,31-010-CAS-16546344,1,b,trichloroacetimidate,random_forest,structure_condition,split_pair_group,0.9668807220464951,1,0.43999999999999995
219,31-010-CAS-3920193,0,a,trichloroacetimidate,random_forest,structure_condition,split_pair_group,0.03250947541891936,0,0.43999999999999995
220,31-010-CAS-20767187,0,a,trichloroacetimidate,random_forest,structure_condition,split_pair_group,0.03083922258997625,0,0.43999999999999995
221,31-010-CAS-17642154,0,a,trichloroacetimidate,random_forest,structure_condition,split_pair_group,0.036251341582874026,0,0.43999999999999995
234,31-013-CAS-5827715,1,b,trichloroacetimidate,random_forest,structure_condition,split_pair_group,0.9170303825285405,1,0.43999999999999995
241,31-010-CAS-14863653,1,b,trichloroacetimidate,random_forest,structure_condition,split_pair_group,0.5099788866698863,1,0.43999999999999995
243,31-010-CAS-13659910,1,b,trichloroacetimidate,random_forest,structure_condition,split_pair_group,0.9217170043280043,1,0.43999999999999995
250,31-010-CAS-1767038,0,a,trichloroacetimidate,random_forest,structure_condition,split_pair_group,0.34209347369286824,0,0.43999999999999995
265,31-010-CAS-7479832,1,b,trichloroacetimidate,random_forest,structure_condition,split_pair_group,0.9417637951478564,1,0.43999999999999995
272,31-010-CAS-9842150,1,b,trichloroacetimidate,random_forest,structure_condition,split_pair_group,0.9710962214084554,1,0.43999999999999995
284,31-010-CAS-4637552,1,b,trichloroacetimidate,random_forest,structure_condition,split_pair_group,0.8380664516676243,1,0.43999999999999995
296,31-010-CAS-11281477,1,b,trichloroacetimidate,random_forest,structure_condition,split_pair_group,0.921150586475185,1,0.43999999999999995
298,31-010-CAS-6624950,1,b,trichloroacetimidate,random_forest,structure_condition,split_pair_group,0.9481970633931847,1,0.43999999999999995
310,31-010-CAS-7407036,0,a,trichloroacetimidate,random_forest,structure_condition,split_pair_group,0.037929679408313405,0,0.43999999999999995
317,31-010-CAS-17830886,1,b,trichloroacetimidate,random_forest,structure_condition,split_pair_group,0.8141532995993042,1,0.43999999999999995
334,31-010-CAS-21359677,1,b,trichloroacetimidate,random_forest,structure_condition,split_pair_group,0.8738287688729326,1,0.43999999999999995
335,31-010-CAS-1287355,1,b,trichloroacetimidate,random_forest,structure_condition,split_pair_group,0.8738287688729326,1,0.43999999999999995
360,31-010-CAS-21359666,1,b,trichloroacetimidate,random_forest,structure_condition,split_pair_group,0.9798278988993775,1,0.43999999999999995
361,31-010-CAS-1619273,1,b,trichloroacetimidate,random_forest,structure_condition,split_pair_group,0.9798278988993775,1,0.43999999999999995
364,31-010-CAS-21359670,1,b,trichloroacetimidate,random_forest,structure_condition,split_pair_group,0.9765392179830802,1,0.43999999999999995
365,31-010-CAS-10139664,1,b,trichloroacetimidate,random_forest,structure_condition,split_pair_group,0.9765392179830802,1,0.43999999999999995
383,31-010-CAS-5251218,0,a,trichloroacetimidate,random_forest,structure_condition,split_pair_group,0.22873291750706629,0,0.43999999999999995
384,31-010-CAS-5898048,1,b,trichloroacetimidate,random_forest,structure_condition,split_pair_group,0.3512828970292036,0,0.43999999999999995
391,31-010-CAS-17658048,0,a,trichloroacetimidate,random_forest,structure_condition,split_pair_group,0.5787156854853137,1,0.43999999999999995
392,31-010-CAS-12999057,0,a,trichloroacetimidate,random_forest,structure_condition,split_pair_group,0.5931376381448621,1,0.43999999999999995
400,31-010-CAS-15131203,1,b,trichloroacetimidate,random_forest,structure_condition,split_pair_group,0.347771230670028,0,0.43999999999999995
406,31-010-CAS-18971959,1,b,trichloroacetimidate,random_forest,structure_condition,split_pair_group,0.8422795994867261,1,0.43999999999999995
418,31-010-CAS-7849619,1,b,trichloroacetimidate,random_forest,structure_condition,split_pair_group,0.9483647859437404,1,0.43999999999999995
428,31-010-CAS-21359659,1,b,trichloroacetimidate,random_forest,structure_condition,split_pair_group,0.8924990140687877,1,0.43999999999999995
429,31-010-CAS-12041024,1,b,trichloroacetimidate,random_forest,structure_condition,split_pair_group,0.8924990140687877,1,0.43999999999999995
431,31-010-CAS-21359681,1,b,trichloroacetimidate,random_forest,structure_condition,split_pair_group,0.9321331211758664,1,0.43999999999999995
432,31-010-CAS-9811894,1,b,trichloroacetimidate,random_forest,structure_condition,split_pair_group,0.9321331211758664,1,0.43999999999999995
441,31-010-CAS-8693853,1,b,trichloroacetimidate,random_forest,structure_condition,split_pair_group,0.270463035164217,0,0.43999999999999995
448,31-010-CAS-13639242,0,a,trichloroacetimidate,random_forest,structure_condition,split_pair_group,0.14788763978353578,0,0.43999999999999995
471,31-010-CAS-6859118,0,a,trichloroacetimidate,random_forest,structure_condition,split_pair_group,0.1547473447319854,0,0.43999999999999995
475,31-010-CAS-6246955,0,a,trichloroacetimidate,random_forest,structure_condition,split_pair_group,0.32653283575134545,0,0.43999999999999995
483,31-010-CAS-5827902,0,a,trichloroacetimidate,random_forest,structure_condition,split_pair_group,0.022426946252431457,0,0.43999999999999995
484,31-010-CAS-13993703,0,a,trichloroacetimidate,random_forest,structure_condition,split_pair_group,0.023276888978662844,0,0.43999999999999995
504,31-010-CAS-10204303,1,b,trichloroacetimidate,random_forest,structure_condition,split_pair_group,0.9543362180452247,1,0.43999999999999995
511,31-010-CAS-1044733,1,b,trichloroacetimidate,random_forest,structure_condition,split_pair_group,0.9548531423466526,1,0.43999999999999995
515,31-010-CAS-878517,1,b,trichloroacetimidate,random_forest,structure_condition,split_pair_group,0.4506171021807273,1,0.43999999999999995
530,31-010-CAS-10263463,1,b,trichloroacetimidate,random_forest,structure_condition,split_pair_group,0.36595827830646843,0,0.43999999999999995
533,31-010-CAS-15475722,0,a,trichloroacetimidate,random_forest,structure_condition,split_pair_group,0.10609154494133403,0,0.43999999999999995
539,31-010-CAS-15140208,1,b,trichloroacetimidate,random_forest,structure_condition,split_pair_group,0.34775666770095426,0,0.43999999999999995
540,31-010-CAS-14143291,1,b,trichloroacetimidate,random_forest,structure_condition,split_pair_group,0.36595827830646843,0,0.43999999999999995
544,31-010-CAS-14482114,0,a,trichloroacetimidate,random_forest,structure_condition,split_pair_group,0.36595827830646843,0,0.43999999999999995
545,31-010-CAS-16396095,1,b,trichloroacetimidate,random_forest,structure_condition,split_pair_group,0.9758776549156678,1,0.43999999999999995
559,31-010-CAS-12809730,0,a,trichloroacetimidate,random_forest,structure_condition,split_pair_group,0.09337259426425042,0,0.43999999999999995
565,31-010-CAS-5089795,0,a,trifluoroacetimidate,random_forest,structure_condition,split_pair_group,0.11779372880076723,0,0.43999999999999995
568,31-010-CAS-6229676,0,a,trifluoroacetimidate,random_forest,structure_condition,split_pair_group,0.048135748641736725,0,0.43999999999999995
588,31-010-CAS-8250667,1,b,trifluoroacetimidate,random_forest,structure_condition,split_pair_group,0.6119829021333568,1,0.43999999999999995
594,31-013-CAS-5629637,0,a,trifluoroacetimidate,random_forest,structure_condition,split_pair_group,0.27164146300293573,0,0.43999999999999995
613,31-013-CAS-12466161,1,b,trifluoroacetimidate,random_forest,structure_condition,split_pair_group,0.9005711706271448,1,0.43999999999999995
615,31-010-CAS-22654654,0,a,trifluoroacetimidate,random_forest,structure_condition,split_pair_group,0.10157670324692546,0,0.43999999999999995
620,31-010-CAS-21471849,1,b,trifluoroacetimidate,random_forest,structure_condition,split_pair_group,0.8643766526689478,1,0.43999999999999995
623,31-614-CAS-40997648,1,b,trifluoroacetimidate,random_forest,structure_condition,split_pair_group,0.9490821637531857,1,0.43999999999999995
630,31-010-CAS-11999440,1,b,trifluoroacetimidate,random_forest,structure_condition,split_pair_group,0.8493496965404118,1,0.43999999999999995
641,31-010-CAS-21471846,1,b,trifluoroacetimidate,random_forest,structure_condition,split_pair_group,0.9662381414756658,1,0.43999999999999995
648,31-614-CAS-35275413,1,b,trifluoroacetimidate,random_forest,structure_condition,split_pair_group,0.8776642597080089,1,0.43999999999999995
655,31-013-CAS-14145593,0,a,thioglycoside,random_forest,structure_condition,split_pair_group,0.021379302427561635,0,0.43999999999999995
656,31-013-CAS-22581512,0,a,thioglycoside,random_forest,structure_condition,split_pair_group,0.07402248290846322,0,0.43999999999999995
657,31-013-CAS-9001704,0,a,thioglycoside,random_forest,structure_condition,split_pair_group,0.12577652997118632,0,0.43999999999999995
661,31-013-CAS-20074834,0,a,thioglycoside,random_forest,structure_condition,split_pair_group,0.010322162428007847,0,0.43999999999999995
662,31-013-CAS-17381412,0,a,thioglycoside,random_forest,structure_condition,split_pair_group,0.009674229730920228,0,0.43999999999999995
679,31-013-CAS-20074845,0,a,thioglycoside,random_forest,structure_condition,split_pair_group,0.027387606471334796,0,0.43999999999999995
680,31-013-CAS-17381425,0,a,thioglycoside,random_forest,structure_condition,split_pair_group,0.026406816372975393,0,0.43999999999999995
682,31-013-CAS-4038549,0,a,thioglycoside,random_forest,structure_condition,split_pair_group,0.3365888651416357,0,0.43999999999999995
683,31-013-CAS-22198141,0,a,thioglycoside,random_forest,structure_condition,split_pair_group,0.30569062432067845,0,0.43999999999999995
688,31-013-CAS-308870,0,a,thioglycoside,random_forest,structure_condition,split_pair_group,0.5188047655185339,1,0.43999999999999995
692,31-013-CAS-7066819,0,a,thioglycoside,random_forest,structure_condition,split_pair_group,0.06594617908451933,0,0.43999999999999995
697,31-013-CAS-15171815,0,a,thioglycoside,random_forest,structure_condition,split_pair_group,0.006805304221343696,0,0.43999999999999995
700,31-013-CAS-14695973,0,a,thioglycoside,random_forest,structure_condition,split_pair_group,0.020294318505832083,0,0.43999999999999995
719,31-013-CAS-18792530,0,a,thioglycoside,random_forest,structure_condition,split_pair_group,0.38674387918522257,0,0.43999999999999995
720,31-013-CAS-13505033,0,a,thioglycoside,random_forest,structure_condition,split_pair_group,0.4017535861234397,0,0.43999999999999995
721,31-013-CAS-13132878,0,a,thioglycoside,random_forest,structure_condition,split_pair_group,0.4106848153442941,0,0.43999999999999995
722,31-013-CAS-21359610,0,a,thioglycoside,random_forest,structure_condition,split_pair_group,0.12610529215033772,0,0.43999999999999995
723,31-013-CAS-7463166,0,a,thioglycoside,random_forest,structure_condition,split_pair_group,0.12610529215033772,0,0.43999999999999995
739,31-013-CAS-10316632,0,a,thioglycoside,random_forest,structure_condition,split_pair_group,0.6244574991652733,1,0.43999999999999995
807,31-013-CAS-1407934,0,a,thioglycoside,random_forest,structure_condition,split_pair_group,0.5256885320640291,1,0.43999999999999995
831,31-013-CAS-1278764,0,a,thioglycoside,random_forest,structure_condition,split_pair_group,0.04907217781795969,0,0.43999999999999995
833,31-013-CAS-20818633,0,a,thioglycoside,random_forest,structure_condition,split_pair_group,0.23595105715181114,0,0.43999999999999995
837,31-614-CAS-38307143,1,b,thioglycoside,random_forest,structure_condition,split_pair_group,0.901989527046841,1,0.43999999999999995
841,31-013-CAS-12570626,1,b,thioglycoside,random_forest,structure_condition,split_pair_group,0.10147414730005601,0,0.43999999999999995
842,31-013-CAS-3447636,1,b,thioglycoside,random_forest,structure_condition,split_pair_group,0.10348735303701746,0,0.43999999999999995
843,31-013-CAS-1313681,1,b,thioglycoside,random_forest,structure_condition,split_pair_group,0.10233459392566417,0,0.43999999999999995
850,31-013-CAS-19733120,0,a,thioglycoside,random_forest,structure_condition,split_pair_group,0.20518348192447008,0,0.43999999999999995
851,31-013-CAS-11213156,1,b,thioglycoside,random_forest,structure_condition,split_pair_group,0.6356059901934772,1,0.43999999999999995
855,31-049-CAS-11119860,1,b,thioglycoside,random_forest,structure_condition,split_pair_group,0.8443084167060386,1,0.43999999999999995
864,31-614-CAS-25201498,1,b,thioglycoside,random_forest,structure_condition,split_pair_group,0.8447298461021823,1,0.43999999999999995
865,31-614-CAS-27090868,1,b,thioglycoside,random_forest,structure_condition,split_pair_group,0.8447298461021823,1,0.43999999999999995
884,31-013-CAS-9389396,1,b,thioglycoside,random_forest,structure_condition,split_pair_group,0.5707590478113654,1,0.43999999999999995
885,31-013-CAS-3991023,1,b,thioglycoside,random_forest,structure_condition,split_pair_group,0.571879025410901,1,0.43999999999999995
890,31-614-CAS-29244011,1,b,thioglycoside,random_forest,structure_condition,split_pair_group,0.8017571762078729,1,0.43999999999999995
891,31-614-CAS-26064585,1,b,thioglycoside,random_forest,structure_condition,split_pair_group,0.8100992334120692,1,0.43999999999999995
896,31-013-CAS-8933724,0,a,thioglycoside,random_forest,structure_condition,split_pair_group,0.23873589274093565,0,0.43999999999999995
901,31-614-CAS-27463098,0,a,thioglycoside,random_forest,structure_condition,split_pair_group,0.25684684519929035,0,0.43999999999999995
904,31-013-CAS-17702336,1,b,thioglycoside,random_forest,structure_condition,split_pair_group,0.7679566741303702,1,0.43999999999999995
905,31-013-CAS-21762107,1,b,thioglycoside,random_forest,structure_condition,split_pair_group,0.767737110900406,1,0.43999999999999995
906,31-013-CAS-21945116,1,b,thioglycoside,random_forest,structure_condition,split_pair_group,0.7683883372684552,1,0.43999999999999995
908,31-013-CAS-12760013,0,a,thioglycoside,random_forest,structure_condition,split_pair_group,0.11662567179893223,0,0.43999999999999995
921,31-013-CAS-7584459,1,b,thioglycoside,random_forest,structure_condition,split_pair_group,0.3991036093091597,0,0.43999999999999995
922,31-013-CAS-1058357,1,b,thioglycoside,random_forest,structure_condition,split_pair_group,0.39909159798508437,0,0.43999999999999995
925,31-013-CAS-19796368,1,b,thioglycoside,random_forest,structure_condition,split_pair_group,0.8272287976941336,1,0.43999999999999995
926,31-013-CAS-5703022,1,b,thioglycoside,random_forest,structure_condition,split_pair_group,0.8128694692117862,1,0.43999999999999995
935,31-013-CAS-9419983,0,a,thioglycoside,random_forest,structure_condition,split_pair_group,0.026310937358526684,0,0.43999999999999995
937,31-013-CAS-11635380,0,a,thioglycoside,random_forest,structure_condition,split_pair_group,0.040448701028584735,0,0.43999999999999995
942,31-013-CAS-13870844,0,a,thioglycoside,random_forest,structure_condition,split_pair_group,0.3014824365069605,0,0.43999999999999995
943,31-013-CAS-4635858,0,a,thioglycoside,random_forest,structure_condition,split_pair_group,0.20962487542787264,0,0.43999999999999995
944,31-614-CAS-34709650,0,a,thioglycoside,random_forest,structure_condition,split_pair_group,0.7602573991402886,1,0.43999999999999995
946,31-013-CAS-6806986,1,b,thioglycoside,random_forest,structure_condition,split_pair_group,0.8405722505162839,1,0.43999999999999995
963,31-614-CAS-26047459,1,b,thioglycoside,random_forest,structure_condition,split_pair_group,0.7103369283483665,1,0.43999999999999995
1008,31-013-CAS-5259694,1,b,thioglycoside,random_forest,structure_condition,split_pair_group,0.801990774640989,1,0.43999999999999995
1009,31-013-CAS-3120111,1,b,thioglycoside,random_forest,structure_condition,split_pair_group,0.8009405417200368,1,0.43999999999999995
1012,31-013-CAS-21905508,1,b,thioglycoside,random_forest,structure_condition,split_pair_group,0.7315150717546053,1,0.43999999999999995
1014,31-013-CAS-18496614,1,b,thioglycoside,random_forest,structure_condition,split_pair_group,0.726786594432101,1,0.43999999999999995
1024,31-013-CAS-12877153,0,a,thioglycoside,random_forest,structure_condition,split_pair_group,0.3278557239554582,0,0.43999999999999995
1025,31-013-CAS-7511274,0,a,thioglycoside,random_forest,structure_condition,split_pair_group,0.3263498508897623,0,0.43999999999999995
1026,31-013-CAS-854940,0,a,thioglycoside,random_forest,structure_condition,split_pair_group,0.335954073986073,0,0.43999999999999995
1027,31-013-CAS-8833991,0,a,thioglycoside,random_forest,structure_condition,split_pair_group,0.12067385628561626,0,0.43999999999999995
1029,31-013-CAS-2439768,1,b,thioglycoside,random_forest,structure_condition,split_pair_group,0.6880878830675179,1,0.43999999999999995
1032,31-013-CAS-3532904,1,b,thioglycoside,random_forest,structure_condition,split_pair_group,0.5745997647661705,1,0.43999999999999995
1033,31-013-CAS-15039708,1,b,thioglycoside,random_forest,structure_condition,split_pair_group,0.573717236168319,1,0.43999999999999995
1042,31-013-CAS-2224404,1,b,thioglycoside,random_forest,structure_condition,split_pair_group,0.3253982921083089,0,0.43999999999999995
1043,31-013-CAS-19733121,0,a,thioglycoside,random_forest,structure_condition,split_pair_group,0.14791829079739888,0,0.43999999999999995
1061,31-013-CAS-16587031,0,a,thioglycoside,random_forest,structure_condition,split_pair_group,0.5129814518007391,1,0.43999999999999995
1085,31-614-CAS-36914120,0,a,thioglycoside,random_forest,structure_condition,split_pair_group,0.3448698109254127,0,0.43999999999999995
1091,31-013-CAS-16946845,1,b,thioglycoside,random_forest,structure_condition,split_pair_group,0.5464276146275978,1,0.43999999999999995
1103,31-614-CAS-35394448,1,b,thioglycoside,random_forest,structure_condition,split_pair_group,0.30422800871855377,0,0.43999999999999995
1104,31-614-CAS-34336268,0,a,thioglycoside,random_forest,structure_condition,split_pair_group,0.2869572117853159,0,0.43999999999999995
1105,31-614-CAS-32458097,0,a,thioglycoside,random_forest,structure_condition,split_pair_group,0.2867547233282705,0,0.43999999999999995
1106,31-614-CAS-37588004,0,a,thioglycoside,random_forest,structure_condition,split_pair_group,0.2760923710955332,0,0.43999999999999995
1117,31-013-CAS-16968435,1,b,thioglycoside,random_forest,structure_condition,split_pair_group,0.8700134189703778,1,0.43999999999999995
1124,31-013-CAS-14738874,0,a,thioglycoside,random_forest,structure_condition,split_pair_group,0.08490279105651502,0,0.43999999999999995
1127,31-013-CAS-11726967,0,a,thioglycoside,random_forest,structure_condition,split_pair_group,0.015306577843163813,0,0.43999999999999995
1141,31-013-CAS-17791367,0,a,thioglycoside,random_forest,structure_condition,split_pair_group,0.0626653489815986,0,0.43999999999999995
1150,31-013-CAS-741372,1,b,thioglycoside,random_forest,structure_condition,split_pair_group,0.945078632796918,1,0.43999999999999995
1160,31-013-CAS-17453665,1,b,thioglycoside,random_forest,structure_condition,split_pair_group,0.9002828230961503,1,0.43999999999999995
1165,31-013-CAS-11784711,1,b,thioglycoside,random_forest,structure_condition,split_pair_group,0.23010199392498984,0,0.43999999999999995
1175,31-013-CAS-21359611,0,a,thioglycoside,random_forest,structure_condition,split_pair_group,0.11642484001740792,0,0.43999999999999995
1176,31-013-CAS-9488276,0,a,thioglycoside,random_forest,structure_condition,split_pair_group,0.11642484001740792,0,0.43999999999999995
1182,31-013-CAS-12326620,0,a,thioglycoside,random_forest,structure_condition,split_pair_group,0.2045648001166513,0,0.43999999999999995
1185,31-013-CAS-23539710,0,a,thioglycoside,random_forest,structure_condition,split_pair_group,0.161591799131697,0,0.43999999999999995
1187,31-013-CAS-14640673,0,a,thioglycoside,random_forest,structure_condition,split_pair_group,0.5855159922588111,1,0.43999999999999995
1196,31-013-CAS-1342962,1,b,thioglycoside,random_forest,structure_condition,split_pair_group,0.9847484996657406,1,0.43999999999999995
1210,31-013-CAS-3582973,0,a,thioglycoside,random_forest,structure_condition,split_pair_group,0.5472275886449293,1,0.43999999999999995
1226,31-013-CAS-4366967,1,b,thioglycoside,random_forest,structure_condition,split_pair_group,0.9254852207538441,1,0.43999999999999995
1229,31-013-CAS-16946849,1,b,thioglycoside,random_forest,structure_condition,split_pair_group,0.8214899400554426,1,0.43999999999999995
1241,31-013-CAS-2182975,1,b,thioglycoside,random_forest,structure_condition,split_pair_group,0.6485878095876872,1,0.43999999999999995
1247,31-013-CAS-13251956,1,b,thioglycoside,random_forest,structure_condition,split_pair_group,0.8654975396135315,1,0.43999999999999995
1248,31-013-CAS-3002515,0,a,thioglycoside,random_forest,structure_condition,split_pair_group,0.5472275886449293,1,0.43999999999999995
1261,31-614-CAS-37587999,0,a,thioglycoside,random_forest,structure_condition,split_pair_group,0.06756370319037786,0,0.43999999999999995
1264,31-013-CAS-806847,1,b,thioglycoside,random_forest,structure_condition,split_pair_group,0.9203929440801234,1,0.43999999999999995
1268,31-013-CAS-1585686,1,b,thioglycoside,random_forest,structure_condition,split_pair_group,0.9572412697688266,1,0.43999999999999995
1269,31-013-CAS-7643019,1,b,thioglycoside,random_forest,structure_condition,split_pair_group,0.960263516976183,1,0.43999999999999995
1280,31-614-CAS-34954204,0,a,thioglycoside,random_forest,structure_condition,split_pair_group,0.6666912307690125,1,0.43999999999999995
1288,31-013-CAS-14512141,1,b,thioglycoside,random_forest,structure_condition,split_pair_group,0.8679400124494531,1,0.43999999999999995
1293,31-614-CAS-34956360,1,b,thioglycoside,random_forest,structure_condition,split_pair_group,0.8701054969548901,1,0.43999999999999995
1294,31-614-CAS-40218495,1,b,thioglycoside,random_forest,structure_condition,split_pair_group,0.714232370991398,1,0.43999999999999995
1299,31-013-CAS-21608786,0,a,thioglycoside,random_forest,structure_condition,split_pair_group,0.4900552614991254,1,0.43999999999999995
1301,31-013-CAS-7147519,0,a,thioglycoside,random_forest,structure_condition,split_pair_group,0.3882982271646185,0,0.43999999999999995
1319,31-614-CAS-44041084,1,b,thioglycoside,random_forest,structure_condition,split_pair_group,0.7451899792093176,1,0.43999999999999995
1320,31-013-CAS-12262753,1,b,thioglycoside,random_forest,structure_condition,split_pair_group,0.7498692828368836,1,0.43999999999999995
1331,31-614-CAS-39834134,0,a,thioglycoside,random_forest,structure_condition,split_pair_group,0.6614755998168291,1,0.43999999999999995
1340,31-614-CAS-23946125,0,a,thioglycoside,random_forest,structure_condition,split_pair_group,0.1412967430502403,0,0.43999999999999995
1345,31-013-CAS-1583370,0,a,thioglycoside,random_forest,structure_condition,split_pair_group,0.20135505432928036,0,0.43999999999999995
1360,31-013-CAS-4188841,1,b,thioglycoside,random_forest,structure_condition,split_pair_group,0.9273806482910565,1,0.43999999999999995
1361,31-013-CAS-1880759,1,b,thioglycoside,random_forest,structure_condition,split_pair_group,0.9273806482910565,1,0.43999999999999995
1363,31-013-CAS-1686035,1,b,thioglycoside,random_forest,structure_condition,split_pair_group,0.888291321366447,1,0.43999999999999995
1371,31-013-CAS-13595742,0,a,thioglycoside,random_forest,structure_condition,split_pair_group,0.21940812113805475,0,0.43999999999999995
1372,31-013-CAS-2565194,1,b,thioglycoside,random_forest,structure_condition,split_pair_group,0.8804101302073233,1,0.43999999999999995
1387,31-013-CAS-12685556,1,b,thioglycoside,random_forest,structure_condition,split_pair_group,0.9737468056264597,1,0.43999999999999995
1388,31-013-CAS-16806675,1,b,thioglycoside,random_forest,structure_condition,split_pair_group,0.9641862034067519,1,0.43999999999999995
1389,31-013-CAS-6076988,1,b,thioglycoside,random_forest,structure_condition,split_pair_group,0.9737468056264597,1,0.43999999999999995
1413,31-013-CAS-15393474,1,b,thioglycoside,random_forest,structure_condition,split_pair_group,0.9526312075078471,1,0.43999999999999995
1414,31-013-CAS-3282710,1,b,thioglycoside,random_forest,structure_condition,split_pair_group,0.9206627766293838,1,0.43999999999999995
1415,31-013-CAS-4022684,1,b,thioglycoside,random_forest,structure_condition,split_pair_group,0.9538523510016548,1,0.43999999999999995
1416,31-013-CAS-7726616,1,b,thioglycoside,random_forest,structure_condition,split_pair_group,0.947729941242876,1,0.43999999999999995
1418,31-013-CAS-16820825,1,b,thioglycoside,random_forest,structure_condition,split_pair_group,0.9838125356977782,1,0.43999999999999995
1422,31-013-CAS-21944308,1,b,thioglycoside,random_forest,structure_condition,split_pair_group,0.9098990849173989,1,0.43999999999999995
1426,31-614-CAS-28293923,1,b,thioglycoside,random_forest,structure_condition,split_pair_group,0.954388523453331,1,0.43999999999999995
1430,31-013-CAS-8917480,1,b,thioglycoside,random_forest,structure_condition,split_pair_group,0.937175444182667,1,0.43999999999999995
1439,31-013-CAS-7488283,1,b,thioglycoside,random_forest,structure_condition,split_pair_group,0.9526842562957387,1,0.43999999999999995
1445,31-013-CAS-12921527,1,b,thioglycoside,random_forest,structure_condition,split_pair_group,0.44696462038162943,1,0.43999999999999995
1453,31-614-CAS-24299301,0,a,thioglycoside,random_forest,structure_condition,split_pair_group,0.41532975360316676,0,0.43999999999999995
1454,31-013-CAS-20404994,1,b,thioglycoside,random_forest,structure_condition,split_pair_group,0.9198275252068003,1,0.43999999999999995
1456,31-013-CAS-1120171,1,b,thioglycoside,random_forest,structure_condition,split_pair_group,0.9920946431603785,1,0.43999999999999995
1457,31-013-CAS-7286890,0,a,thioglycoside,random_forest,structure_condition,split_pair_group,0.19173855933907988,0,0.43999999999999995
1459,31-013-CAS-15100866,1,b,thioglycoside,random_forest,structure_condition,split_pair_group,0.7879249774358108,1,0.43999999999999995
1460,31-614-CAS-24965173,1,b,thioglycoside,random_forest,structure_condition,split_pair_group,0.9378704762153173,1,0.43999999999999995
1464,31-013-CAS-4102089,1,b,thioglycoside,random_forest,structure_condition,split_pair_group,0.9333051023397357,1,0.43999999999999995
1466,31-301-CAS-14089757,1,b,thioglycoside,random_forest,structure_condition,split_pair_group,0.6432946636553379,1,0.43999999999999995
1467,31-301-CAS-2081601,1,b,thioglycoside,random_forest,structure_condition,split_pair_group,0.6432946636553379,1,0.43999999999999995
1474,31-013-CAS-3406433,1,b,thioglycoside,random_forest,structure_condition,split_pair_group,0.938094684607754,1,0.43999999999999995
1475,31-013-CAS-23731804,1,b,thioglycoside,random_forest,structure_condition,split_pair_group,0.7593601814854162,1,0.43999999999999995
1482,31-013-CAS-4942088,1,b,thioglycoside,random_forest,structure_condition,split_pair_group,0.9603178317284166,1,0.43999999999999995
1494,31-013-CAS-5792629,0,a,thioglycoside,random_forest,structure_condition,split_pair_group,0.34129793905098077,0,0.43999999999999995
1496,31-013-CAS-15382044,1,b,thioglycoside,random_forest,structure_condition,split_pair_group,0.8652677597519118,1,0.43999999999999995
1500,31-013-CAS-11809252,0,a,thioglycoside,random_forest,structure_condition,split_pair_group,0.7179836989170125,1,0.43999999999999995
1505,31-013-CAS-2166542,1,b,thioglycoside,random_forest,structure_condition,split_pair_group,0.8799845046200515,1,0.43999999999999995
1511,31-013-CAS-19117152,1,b,thioglycoside,random_forest,structure_condition,split_pair_group,0.7252722571959501,1,0.43999999999999995
1518,31-013-CAS-7065488,1,b,thioglycoside,random_forest,structure_condition,split_pair_group,0.9454722140418721,1,0.43999999999999995
1520,31-614-CAS-30618647,1,b,thioglycoside,random_forest,structure_condition,split_pair_group,0.8377526838084323,1,0.43999999999999995
1526,31-013-CAS-11179214,1,b,thioglycoside,random_forest,structure_condition,split_pair_group,0.6861154163428623,1,0.43999999999999995
1528,31-013-CAS-8627156,1,b,thioglycoside,random_forest,structure_condition,split_pair_group,0.8242749329734673,1,0.43999999999999995
1529,31-013-CAS-26474,1,b,thioglycoside,random_forest,structure_condition,split_pair_group,0.8242749329734673,1,0.43999999999999995
1532,31-614-CAS-41884159,0,a,thioglycoside,random_forest,structure_condition,split_pair_group,0.07722144117543293,0,0.43999999999999995
1533,31-614-CAS-37959480,0,a,thioglycoside,random_forest,structure_condition,split_pair_group,0.07722144117543293,0,0.43999999999999995
1541,31-614-CAS-45240845,0,a,thioglycoside,random_forest,structure_condition,split_pair_group,0.3039565466993928,0,0.43999999999999995
1542,31-013-CAS-21774311,0,a,thioglycoside,random_forest,structure_condition,split_pair_group,0.35662179372158315,0,0.43999999999999995
1543,31-614-CAS-41884456,0,a,thioglycoside,random_forest,structure_condition,split_pair_group,0.10515259399556724,0,0.43999999999999995
1544,31-614-CAS-37959617,0,a,thioglycoside,random_forest,structure_condition,split_pair_group,0.10515259399556724,0,0.43999999999999995
1548,31-013-CAS-4019424,1,b,thioglycoside,random_forest,structure_condition,split_pair_group,0.9418279998710782,1,0.43999999999999995
1550,31-614-CAS-24501387,1,b,thioglycoside,random_forest,structure_condition,split_pair_group,0.9225039089874304,1,0.43999999999999995
1551,31-614-CAS-29170155,1,b,thioglycoside,random_forest,structure_condition,split_pair_group,0.6511516457422778,1,0.43999999999999995
1552,31-614-CAS-27856064,1,b,thioglycoside,random_forest,structure_condition,split_pair_group,0.6511516457422778,1,0.43999999999999995
1553,31-013-CAS-7313950,1,b,thioglycoside,random_forest,structure_condition,split_pair_group,0.916886200437505,1,0.43999999999999995
1558,31-013-CAS-21471842,1,b,thioglycoside,random_forest,structure_condition,split_pair_group,0.889472961465415,1,0.43999999999999995
16,31-010-CAS-22198130,1,b,trichloroacetimidate,xgboost,structure_condition,split_pair_group,0.8448443412780762,1,0.565
25,31-010-CAS-5525801,1,b,trichloroacetimidate,xgboost,structure_condition,split_pair_group,0.9944370985031128,1,0.565
26,31-614-CAS-31203171,0,a,trichloroacetimidate,xgboost,structure_condition,split_pair_group,0.7276740670204163,1,0.565
36,31-010-CAS-4980852,1,b,trichloroacetimidate,xgboost,structure_condition,split_pair_group,0.8612229824066162,1,0.565
54,31-010-CAS-19796375,1,b,trichloroacetimidate,xgboost,structure_condition,split_pair_group,0.9829755425453186,1,0.565
74,31-010-CAS-8524792,0,a,trichloroacetimidate,xgboost,structure_condition,split_pair_group,0.22158992290496826,0,0.565
78,31-010-CAS-1161485,0,a,trichloroacetimidate,xgboost,structure_condition,split_pair_group,0.09810546040534973,0,0.565
114,31-010-CAS-6728808,0,a,trichloroacetimidate,xgboost,structure_condition,split_pair_group,0.9240370392799377,1,0.565
127,31-010-CAS-3431516,1,b,trichloroacetimidate,xgboost,structure_condition,split_pair_group,0.9083935022354126,1,0.565
138,31-010-CAS-12729167,1,b,trichloroacetimidate,xgboost,structure_condition,split_pair_group,0.29763516783714294,0,0.565
142,31-010-CAS-11617057,1,b,trichloroacetimidate,xgboost,structure_condition,split_pair_group,0.9755349159240723,1,0.565
143,31-010-CAS-3803419,0,a,trichloroacetimidate,xgboost,structure_condition,split_pair_group,0.11704909056425095,0,0.565
146,31-010-CAS-13055419,1,b,trichloroacetimidate,xgboost,structure_condition,split_pair_group,0.9941713213920593,1,0.565
148,31-010-CAS-884798,1,b,trichloroacetimidate,xgboost,structure_condition,split_pair_group,0.9737207293510437,1,0.565
157,31-010-CAS-23202756,1,b,trichloroacetimidate,xgboost,structure_condition,split_pair_group,0.9802995920181274,1,0.565
161,31-010-CAS-8171704,1,b,trichloroacetimidate,xgboost,structure_condition,split_pair_group,0.9835478663444519,1,0.565
170,31-010-CAS-16546348,1,b,trichloroacetimidate,xgboost,structure_condition,split_pair_group,0.9951199293136597,1,0.565
171,31-010-CAS-23204857,1,b,trichloroacetimidate,xgboost,structure_condition,split_pair_group,0.9765639305114746,1,0.565
183,31-010-CAS-4294380,0,a,trichloroacetimidate,xgboost,structure_condition,split_pair_group,0.09282165765762329,0,0.565
186,31-010-CAS-11796742,0,a,trichloroacetimidate,xgboost,structure_condition,split_pair_group,0.037651415914297104,0,0.565
195,31-614-CAS-36199892,1,b,trichloroacetimidate,xgboost,structure_condition,split_pair_group,0.9877124428749084,1,0.565
203,31-010-CAS-16546344,1,b,trichloroacetimidate,xgboost,structure_condition,split_pair_group,0.9958254098892212,1,0.565
219,31-010-CAS-3920193,0,a,trichloroacetimidate,xgboost,structure_condition,split_pair_group,0.015132227912545204,0,0.565
220,31-010-CAS-20767187,0,a,trichloroacetimidate,xgboost,structure_condition,split_pair_group,0.021280691027641296,0,0.565
221,31-010-CAS-17642154,0,a,trichloroacetimidate,xgboost,structure_condition,split_pair_group,0.03188496455550194,0,0.565
234,31-013-CAS-5827715,1,b,trichloroacetimidate,xgboost,structure_condition,split_pair_group,0.9891366958618164,1,0.565
241,31-010-CAS-14863653,1,b,trichloroacetimidate,xgboost,structure_condition,split_pair_group,0.23297736048698425,0,0.565
243,31-010-CAS-13659910,1,b,trichloroacetimidate,xgboost,structure_condition,split_pair_group,0.9949835538864136,1,0.565
250,31-010-CAS-1767038,0,a,trichloroacetimidate,xgboost,structure_condition,split_pair_group,0.2672775983810425,0,0.565
265,31-010-CAS-7479832,1,b,trichloroacetimidate,xgboost,structure_condition,split_pair_group,0.9063170552253723,1,0.565
272,31-010-CAS-9842150,1,b,trichloroacetimidate,xgboost,structure_condition,split_pair_group,0.9968972206115723,1,0.565
284,31-010-CAS-4637552,1,b,trichloroacetimidate,xgboost,structure_condition,split_pair_group,0.9718044400215149,1,0.565
296,31-010-CAS-11281477,1,b,trichloroacetimidate,xgboost,structure_condition,split_pair_group,0.8801971673965454,1,0.565
298,31-010-CAS-6624950,1,b,trichloroacetimidate,xgboost,structure_condition,split_pair_group,0.9640041589736938,1,0.565
310,31-010-CAS-7407036,0,a,trichloroacetimidate,xgboost,structure_condition,split_pair_group,0.02876942791044712,0,0.565
317,31-010-CAS-17830886,1,b,trichloroacetimidate,xgboost,structure_condition,split_pair_group,0.8742997646331787,1,0.565
334,31-010-CAS-21359677,1,b,trichloroacetimidate,xgboost,structure_condition,split_pair_group,0.9104423522949219,1,0.565
335,31-010-CAS-1287355,1,b,trichloroacetimidate,xgboost,structure_condition,split_pair_group,0.9104423522949219,1,0.565
360,31-010-CAS-21359666,1,b,trichloroacetimidate,xgboost,structure_condition,split_pair_group,0.9860694408416748,1,0.565
361,31-010-CAS-1619273,1,b,trichloroacetimidate,xgboost,structure_condition,split_pair_group,0.9860694408416748,1,0.565
364,31-010-CAS-21359670,1,b,trichloroacetimidate,xgboost,structure_condition,split_pair_group,0.9878566265106201,1,0.565
365,31-010-CAS-10139664,1,b,trichloroacetimidate,xgboost,structure_condition,split_pair_group,0.9878566265106201,1,0.565
383,31-010-CAS-5251218,0,a,trichloroacetimidate,xgboost,structure_condition,split_pair_group,0.09407135844230652,0,0.565
384,31-010-CAS-5898048,1,b,trichloroacetimidate,xgboost,structure_condition,split_pair_group,0.18557004630565643,0,0.565
391,31-010-CAS-17658048,0,a,trichloroacetimidate,xgboost,structure_condition,split_pair_group,0.41585224866867065,0,0.565
392,31-010-CAS-12999057,0,a,trichloroacetimidate,xgboost,structure_condition,split_pair_group,0.5584363341331482,0,0.565
400,31-010-CAS-15131203,1,b,trichloroacetimidate,xgboost,structure_condition,split_pair_group,0.3245334029197693,0,0.565
406,31-010-CAS-18971959,1,b,trichloroacetimidate,xgboost,structure_condition,split_pair_group,0.9541643261909485,1,0.565
418,31-010-CAS-7849619,1,b,trichloroacetimidate,xgboost,structure_condition,split_pair_group,0.9892914891242981,1,0.565
428,31-010-CAS-21359659,1,b,trichloroacetimidate,xgboost,structure_condition,split_pair_group,0.9104423522949219,1,0.565
429,31-010-CAS-12041024,1,b,trichloroacetimidate,xgboost,structure_condition,split_pair_group,0.9104423522949219,1,0.565
431,31-010-CAS-21359681,1,b,trichloroacetimidate,xgboost,structure_condition,split_pair_group,0.9650374054908752,1,0.565
432,31-010-CAS-9811894,1,b,trichloroacetimidate,xgboost,structure_condition,split_pair_group,0.9650374054908752,1,0.565
441,31-010-CAS-8693853,1,b,trichloroacetimidate,xgboost,structure_condition,split_pair_group,0.1936463862657547,0,0.565
448,31-010-CAS-13639242,0,a,trichloroacetimidate,xgboost,structure_condition,split_pair_group,0.12121859192848206,0,0.565
471,31-010-CAS-6859118,0,a,trichloroacetimidate,xgboost,structure_condition,split_pair_group,0.025785641744732857,0,0.565
475,31-010-CAS-6246955,0,a,trichloroacetimidate,xgboost,structure_condition,split_pair_group,0.14515666663646698,0,0.565
483,31-010-CAS-5827902,0,a,trichloroacetimidate,xgboost,structure_condition,split_pair_group,0.012634950689971447,0,0.565
484,31-010-CAS-13993703,0,a,trichloroacetimidate,xgboost,structure_condition,split_pair_group,0.015458784066140652,0,0.565
504,31-010-CAS-10204303,1,b,trichloroacetimidate,xgboost,structure_condition,split_pair_group,0.989843487739563,1,0.565
511,31-010-CAS-1044733,1,b,trichloroacetimidate,xgboost,structure_condition,split_pair_group,0.9587905406951904,1,0.565
515,31-010-CAS-878517,1,b,trichloroacetimidate,xgboost,structure_condition,split_pair_group,0.7233914732933044,1,0.565
530,31-010-CAS-10263463,1,b,trichloroacetimidate,xgboost,structure_condition,split_pair_group,0.31916147470474243,0,0.565
533,31-010-CAS-15475722,0,a,trichloroacetimidate,xgboost,structure_condition,split_pair_group,0.026905743405222893,0,0.565
539,31-010-CAS-15140208,1,b,trichloroacetimidate,xgboost,structure_condition,split_pair_group,0.3210725486278534,0,0.565
540,31-010-CAS-14143291,1,b,trichloroacetimidate,xgboost,structure_condition,split_pair_group,0.31916147470474243,0,0.565
544,31-010-CAS-14482114,0,a,trichloroacetimidate,xgboost,structure_condition,split_pair_group,0.31916147470474243,0,0.565
545,31-010-CAS-16396095,1,b,trichloroacetimidate,xgboost,structure_condition,split_pair_group,0.989231526851654,1,0.565
559,31-010-CAS-12809730,0,a,trichloroacetimidate,xgboost,structure_condition,split_pair_group,0.051799699664115906,0,0.565
565,31-010-CAS-5089795,0,a,trifluoroacetimidate,xgboost,structure_condition,split_pair_group,0.06561379879713058,0,0.565
568,31-010-CAS-6229676,0,a,trifluoroacetimidate,xgboost,structure_condition,split_pair_group,0.013158710673451424,0,0.565
588,31-010-CAS-8250667,1,b,trifluoroacetimidate,xgboost,structure_condition,split_pair_group,0.546676516532898,0,0.565
594,31-013-CAS-5629637,0,a,trifluoroacetimidate,xgboost,structure_condition,split_pair_group,0.06360645592212677,0,0.565
613,31-013-CAS-12466161,1,b,trifluoroacetimidate,xgboost,structure_condition,split_pair_group,0.9672743082046509,1,0.565
615,31-010-CAS-22654654,0,a,trifluoroacetimidate,xgboost,structure_condition,split_pair_group,0.02541625127196312,0,0.565
620,31-010-CAS-21471849,1,b,trifluoroacetimidate,xgboost,structure_condition,split_pair_group,0.9388255476951599,1,0.565
623,31-614-CAS-40997648,1,b,trifluoroacetimidate,xgboost,structure_condition,split_pair_group,0.9376939535140991,1,0.565
630,31-010-CAS-11999440,1,b,trifluoroacetimidate,xgboost,structure_condition,split_pair_group,0.9398684501647949,1,0.565
641,31-010-CAS-21471846,1,b,trifluoroacetimidate,xgboost,structure_condition,split_pair_group,0.983627200126648,1,0.565
648,31-614-CAS-35275413,1,b,trifluoroacetimidate,xgboost,structure_condition,split_pair_group,0.9421140551567078,1,0.565
655,31-013-CAS-14145593,0,a,thioglycoside,xgboost,structure_condition,split_pair_group,0.010263185016810894,0,0.565
656,31-013-CAS-22581512,0,a,thioglycoside,xgboost,structure_condition,split_pair_group,0.02952639013528824,0,0.565
657,31-013-CAS-9001704,0,a,thioglycoside,xgboost,structure_condition,split_pair_group,0.01974094845354557,0,0.565
661,31-013-CAS-20074834,0,a,thioglycoside,xgboost,structure_condition,split_pair_group,0.011327443644404411,0,0.565
662,31-013-CAS-17381412,0,a,thioglycoside,xgboost,structure_condition,split_pair_group,0.008837663568556309,0,0.565
679,31-013-CAS-20074845,0,a,thioglycoside,xgboost,structure_condition,split_pair_group,0.01753527671098709,0,0.565
680,31-013-CAS-17381425,0,a,thioglycoside,xgboost,structure_condition,split_pair_group,0.013509837910532951,0,0.565
682,31-013-CAS-4038549,0,a,thioglycoside,xgboost,structure_condition,split_pair_group,0.4466952383518219,0,0.565
683,31-013-CAS-22198141,0,a,thioglycoside,xgboost,structure_condition,split_pair_group,0.08273482322692871,0,0.565
688,31-013-CAS-308870,0,a,thioglycoside,xgboost,structure_condition,split_pair_group,0.5648266077041626,0,0.565
692,31-013-CAS-7066819,0,a,thioglycoside,xgboost,structure_condition,split_pair_group,0.0031398257706314325,0,0.565
697,31-013-CAS-15171815,0,a,thioglycoside,xgboost,structure_condition,split_pair_group,0.006377164740115404,0,0.565
700,31-013-CAS-14695973,0,a,thioglycoside,xgboost,structure_condition,split_pair_group,0.011099092662334442,0,0.565
719,31-013-CAS-18792530,0,a,thioglycoside,xgboost,structure_condition,split_pair_group,0.2633920907974243,0,0.565
720,31-013-CAS-13505033,0,a,thioglycoside,xgboost,structure_condition,split_pair_group,0.39528682827949524,0,0.565
721,31-013-CAS-13132878,0,a,thioglycoside,xgboost,structure_condition,split_pair_group,0.3575165569782257,0,0.565
722,31-013-CAS-21359610,0,a,thioglycoside,xgboost,structure_condition,split_pair_group,0.08629389852285385,0,0.565
723,31-013-CAS-7463166,0,a,thioglycoside,xgboost,structure_condition,split_pair_group,0.08629389852285385,0,0.565
739,31-013-CAS-10316632,0,a,thioglycoside,xgboost,structure_condition,split_pair_group,0.7409515976905823,1,0.565
807,31-013-CAS-1407934,0,a,thioglycoside,xgboost,structure_condition,split_pair_group,0.6538305878639221,1,0.565
831,31-013-CAS-1278764,0,a,thioglycoside,xgboost,structure_condition,split_pair_group,0.06175977736711502,0,0.565
833,31-013-CAS-20818633,0,a,thioglycoside,xgboost,structure_condition,split_pair_group,0.20053042471408844,0,0.565
837,31-614-CAS-38307143,1,b,thioglycoside,xgboost,structure_condition,split_pair_group,0.9825138449668884,1,0.565
841,31-013-CAS-12570626,1,b,thioglycoside,xgboost,structure_condition,split_pair_group,0.08424551039934158,0,0.565
842,31-013-CAS-3447636,1,b,thioglycoside,xgboost,structure_condition,split_pair_group,0.08116357773542404,0,0.565
843,31-013-CAS-1313681,1,b,thioglycoside,xgboost,structure_condition,split_pair_group,0.10141002386808395,0,0.565
850,31-013-CAS-19733120,0,a,thioglycoside,xgboost,structure_condition,split_pair_group,0.11017686128616333,0,0.565
851,31-013-CAS-11213156,1,b,thioglycoside,xgboost,structure_condition,split_pair_group,0.6333519816398621,1,0.565
855,31-049-CAS-11119860,1,b,thioglycoside,xgboost,structure_condition,split_pair_group,0.9673073291778564,1,0.565
864,31-614-CAS-25201498,1,b,thioglycoside,xgboost,structure_condition,split_pair_group,0.9673073291778564,1,0.565
865,31-614-CAS-27090868,1,b,thioglycoside,xgboost,structure_condition,split_pair_group,0.9673073291778564,1,0.565
884,31-013-CAS-9389396,1,b,thioglycoside,xgboost,structure_condition,split_pair_group,0.5242317914962769,0,0.565
885,31-013-CAS-3991023,1,b,thioglycoside,xgboost,structure_condition,split_pair_group,0.541408121585846,0,0.565
890,31-614-CAS-29244011,1,b,thioglycoside,xgboost,structure_condition,split_pair_group,0.9489038586616516,1,0.565
891,31-614-CAS-26064585,1,b,thioglycoside,xgboost,structure_condition,split_pair_group,0.9589961767196655,1,0.565
896,31-013-CAS-8933724,0,a,thioglycoside,xgboost,structure_condition,split_pair_group,0.3384614884853363,0,0.565
901,31-614-CAS-27463098,0,a,thioglycoside,xgboost,structure_condition,split_pair_group,0.047120776027441025,0,0.565
904,31-013-CAS-17702336,1,b,thioglycoside,xgboost,structure_condition,split_pair_group,0.9068914651870728,1,0.565
905,31-013-CAS-21762107,1,b,thioglycoside,xgboost,structure_condition,split_pair_group,0.9091690182685852,1,0.565
906,31-013-CAS-21945116,1,b,thioglycoside,xgboost,structure_condition,split_pair_group,0.9093828797340393,1,0.565
908,31-013-CAS-12760013,0,a,thioglycoside,xgboost,structure_condition,split_pair_group,0.026636695489287376,0,0.565
921,31-013-CAS-7584459,1,b,thioglycoside,xgboost,structure_condition,split_pair_group,0.4845721125602722,0,0.565
922,31-013-CAS-1058357,1,b,thioglycoside,xgboost,structure_condition,split_pair_group,0.4820187985897064,0,0.565
925,31-013-CAS-19796368,1,b,thioglycoside,xgboost,structure_condition,split_pair_group,0.9805087447166443,1,0.565
926,31-013-CAS-5703022,1,b,thioglycoside,xgboost,structure_condition,split_pair_group,0.9761532545089722,1,0.565
935,31-013-CAS-9419983,0,a,thioglycoside,xgboost,structure_condition,split_pair_group,0.0008620876469649374,0,0.565
937,31-013-CAS-11635380,0,a,thioglycoside,xgboost,structure_condition,split_pair_group,0.0011510601034387946,0,0.565
942,31-013-CAS-13870844,0,a,thioglycoside,xgboost,structure_condition,split_pair_group,0.10972236096858978,0,0.565
943,31-013-CAS-4635858,0,a,thioglycoside,xgboost,structure_condition,split_pair_group,0.2658764123916626,0,0.565
944,31-614-CAS-34709650,0,a,thioglycoside,xgboost,structure_condition,split_pair_group,0.7585859894752502,1,0.565
946,31-013-CAS-6806986,1,b,thioglycoside,xgboost,structure_condition,split_pair_group,0.8631534576416016,1,0.565
963,31-614-CAS-26047459,1,b,thioglycoside,xgboost,structure_condition,split_pair_group,0.8675614595413208,1,0.565
1008,31-013-CAS-5259694,1,b,thioglycoside,xgboost,structure_condition,split_pair_group,0.8072784543037415,1,0.565
1009,31-013-CAS-3120111,1,b,thioglycoside,xgboost,structure_condition,split_pair_group,0.8162512183189392,1,0.565
1012,31-013-CAS-21905508,1,b,thioglycoside,xgboost,structure_condition,split_pair_group,0.9579036831855774,1,0.565
1014,31-013-CAS-18496614,1,b,thioglycoside,xgboost,structure_condition,split_pair_group,0.9306095838546753,1,0.565
1024,31-013-CAS-12877153,0,a,thioglycoside,xgboost,structure_condition,split_pair_group,0.019653184339404106,0,0.565
1025,31-013-CAS-7511274,0,a,thioglycoside,xgboost,structure_condition,split_pair_group,0.01903894543647766,0,0.565
1026,31-013-CAS-854940,0,a,thioglycoside,xgboost,structure_condition,split_pair_group,0.02603260986506939,0,0.565
1027,31-013-CAS-8833991,0,a,thioglycoside,xgboost,structure_condition,split_pair_group,0.03256626054644585,0,0.565
1029,31-013-CAS-2439768,1,b,thioglycoside,xgboost,structure_condition,split_pair_group,0.8170849084854126,1,0.565
1032,31-013-CAS-3532904,1,b,thioglycoside,xgboost,structure_condition,split_pair_group,0.7576683163642883,1,0.565
1033,31-013-CAS-15039708,1,b,thioglycoside,xgboost,structure_condition,split_pair_group,0.7370514869689941,1,0.565
1042,31-013-CAS-2224404,1,b,thioglycoside,xgboost,structure_condition,split_pair_group,0.2697184681892395,0,0.565
1043,31-013-CAS-19733121,0,a,thioglycoside,xgboost,structure_condition,split_pair_group,0.10989788919687271,0,0.565
1061,31-013-CAS-16587031,0,a,thioglycoside,xgboost,structure_condition,split_pair_group,0.07220061868429184,0,0.565
1085,31-614-CAS-36914120,0,a,thioglycoside,xgboost,structure_condition,split_pair_group,0.23810282349586487,0,0.565
1091,31-013-CAS-16946845,1,b,thioglycoside,xgboost,structure_condition,split_pair_group,0.3528836965560913,0,0.565
1103,31-614-CAS-35394448,1,b,thioglycoside,xgboost,structure_condition,split_pair_group,0.35685691237449646,0,0.565
1104,31-614-CAS-34336268,0,a,thioglycoside,xgboost,structure_condition,split_pair_group,0.16358423233032227,0,0.565
1105,31-614-CAS-32458097,0,a,thioglycoside,xgboost,structure_condition,split_pair_group,0.1622559130191803,0,0.565
1106,31-614-CAS-37588004,0,a,thioglycoside,xgboost,structure_condition,split_pair_group,0.1834627240896225,0,0.565
1117,31-013-CAS-16968435,1,b,thioglycoside,xgboost,structure_condition,split_pair_group,0.9329153895378113,1,0.565
1124,31-013-CAS-14738874,0,a,thioglycoside,xgboost,structure_condition,split_pair_group,0.04929664358496666,0,0.565
1127,31-013-CAS-11726967,0,a,thioglycoside,xgboost,structure_condition,split_pair_group,0.023913264274597168,0,0.565
1141,31-013-CAS-17791367,0,a,thioglycoside,xgboost,structure_condition,split_pair_group,0.060814570635557175,0,0.565
1150,31-013-CAS-741372,1,b,thioglycoside,xgboost,structure_condition,split_pair_group,0.9904968738555908,1,0.565
1160,31-013-CAS-17453665,1,b,thioglycoside,xgboost,structure_condition,split_pair_group,0.9103308916091919,1,0.565
1165,31-013-CAS-11784711,1,b,thioglycoside,xgboost,structure_condition,split_pair_group,0.11751656979322433,0,0.565
1175,31-013-CAS-21359611,0,a,thioglycoside,xgboost,structure_condition,split_pair_group,0.08200710266828537,0,0.565
1176,31-013-CAS-9488276,0,a,thioglycoside,xgboost,structure_condition,split_pair_group,0.08200710266828537,0,0.565
1182,31-013-CAS-12326620,0,a,thioglycoside,xgboost,structure_condition,split_pair_group,0.02118767984211445,0,0.565
1185,31-013-CAS-23539710,0,a,thioglycoside,xgboost,structure_condition,split_pair_group,0.030513502657413483,0,0.565
1187,31-013-CAS-14640673,0,a,thioglycoside,xgboost,structure_condition,split_pair_group,0.18045730888843536,0,0.565
1196,31-013-CAS-1342962,1,b,thioglycoside,xgboost,structure_condition,split_pair_group,0.9971216320991516,1,0.565
1210,31-013-CAS-3582973,0,a,thioglycoside,xgboost,structure_condition,split_pair_group,0.4689370095729828,0,0.565
1226,31-013-CAS-4366967,1,b,thioglycoside,xgboost,structure_condition,split_pair_group,0.9639256000518799,1,0.565
1229,31-013-CAS-16946849,1,b,thioglycoside,xgboost,structure_condition,split_pair_group,0.9062507748603821,1,0.565
1241,31-013-CAS-2182975,1,b,thioglycoside,xgboost,structure_condition,split_pair_group,0.940330982208252,1,0.565
1247,31-013-CAS-13251956,1,b,thioglycoside,xgboost,structure_condition,split_pair_group,0.9784513711929321,1,0.565
1248,31-013-CAS-3002515,0,a,thioglycoside,xgboost,structure_condition,split_pair_group,0.4689370095729828,0,0.565
1261,31-614-CAS-37587999,0,a,thioglycoside,xgboost,structure_condition,split_pair_group,0.10778095573186874,0,0.565
1264,31-013-CAS-806847,1,b,thioglycoside,xgboost,structure_condition,split_pair_group,0.9824486374855042,1,0.565
1268,31-013-CAS-1585686,1,b,thioglycoside,xgboost,structure_condition,split_pair_group,0.9958105087280273,1,0.565
1269,31-013-CAS-7643019,1,b,thioglycoside,xgboost,structure_condition,split_pair_group,0.9952968955039978,1,0.565
1280,31-614-CAS-34954204,0,a,thioglycoside,xgboost,structure_condition,split_pair_group,0.7444294095039368,1,0.565
1288,31-013-CAS-14512141,1,b,thioglycoside,xgboost,structure_condition,split_pair_group,0.9429547786712646,1,0.565
1293,31-614-CAS-34956360,1,b,thioglycoside,xgboost,structure_condition,split_pair_group,0.9867426156997681,1,0.565
1294,31-614-CAS-40218495,1,b,thioglycoside,xgboost,structure_condition,split_pair_group,0.9376985430717468,1,0.565
1299,31-013-CAS-21608786,0,a,thioglycoside,xgboost,structure_condition,split_pair_group,0.24038511514663696,0,0.565
1301,31-013-CAS-7147519,0,a,thioglycoside,xgboost,structure_condition,split_pair_group,0.08897862583398819,0,0.565
1319,31-614-CAS-44041084,1,b,thioglycoside,xgboost,structure_condition,split_pair_group,0.839090883731842,1,0.565
1320,31-013-CAS-12262753,1,b,thioglycoside,xgboost,structure_condition,split_pair_group,0.6468907594680786,1,0.565
1331,31-614-CAS-39834134,0,a,thioglycoside,xgboost,structure_condition,split_pair_group,0.8600611090660095,1,0.565
1340,31-614-CAS-23946125,0,a,thioglycoside,xgboost,structure_condition,split_pair_group,0.09102091193199158,0,0.565
1345,31-013-CAS-1583370,0,a,thioglycoside,xgboost,structure_condition,split_pair_group,0.02484532818198204,0,0.565
1360,31-013-CAS-4188841,1,b,thioglycoside,xgboost,structure_condition,split_pair_group,0.9825370907783508,1,0.565
1361,31-013-CAS-1880759,1,b,thioglycoside,xgboost,structure_condition,split_pair_group,0.9825370907783508,1,0.565
1363,31-013-CAS-1686035,1,b,thioglycoside,xgboost,structure_condition,split_pair_group,0.9658740162849426,1,0.565
1371,31-013-CAS-13595742,0,a,thioglycoside,xgboost,structure_condition,split_pair_group,0.09504079073667526,0,0.565
1372,31-013-CAS-2565194,1,b,thioglycoside,xgboost,structure_condition,split_pair_group,0.9859682321548462,1,0.565
1387,31-013-CAS-12685556,1,b,thioglycoside,xgboost,structure_condition,split_pair_group,0.9945003986358643,1,0.565
1388,31-013-CAS-16806675,1,b,thioglycoside,xgboost,structure_condition,split_pair_group,0.9948900938034058,1,0.565
1389,31-013-CAS-6076988,1,b,thioglycoside,xgboost,structure_condition,split_pair_group,0.9945003986358643,1,0.565
1413,31-013-CAS-15393474,1,b,thioglycoside,xgboost,structure_condition,split_pair_group,0.9815670251846313,1,0.565
1414,31-013-CAS-3282710,1,b,thioglycoside,xgboost,structure_condition,split_pair_group,0.9495782256126404,1,0.565
1415,31-013-CAS-4022684,1,b,thioglycoside,xgboost,structure_condition,split_pair_group,0.9800312519073486,1,0.565
1416,31-013-CAS-7726616,1,b,thioglycoside,xgboost,structure_condition,split_pair_group,0.99813312292099,1,0.565
1418,31-013-CAS-16820825,1,b,thioglycoside,xgboost,structure_condition,split_pair_group,0.9919018149375916,1,0.565
1422,31-013-CAS-21944308,1,b,thioglycoside,xgboost,structure_condition,split_pair_group,0.982349693775177,1,0.565
1426,31-614-CAS-28293923,1,b,thioglycoside,xgboost,structure_condition,split_pair_group,0.96872878074646,1,0.565
1430,31-013-CAS-8917480,1,b,thioglycoside,xgboost,structure_condition,split_pair_group,0.9639000296592712,1,0.565
1439,31-013-CAS-7488283,1,b,thioglycoside,xgboost,structure_condition,split_pair_group,0.9936708211898804,1,0.565
1445,31-013-CAS-12921527,1,b,thioglycoside,xgboost,structure_condition,split_pair_group,0.5494939684867859,0,0.565
1453,31-614-CAS-24299301,0,a,thioglycoside,xgboost,structure_condition,split_pair_group,0.5868737697601318,1,0.565
1454,31-013-CAS-20404994,1,b,thioglycoside,xgboost,structure_condition,split_pair_group,0.9792433381080627,1,0.565
1456,31-013-CAS-1120171,1,b,thioglycoside,xgboost,structure_condition,split_pair_group,0.9898136258125305,1,0.565
1457,31-013-CAS-7286890,0,a,thioglycoside,xgboost,structure_condition,split_pair_group,0.019201504066586494,0,0.565
1459,31-013-CAS-15100866,1,b,thioglycoside,xgboost,structure_condition,split_pair_group,0.9247719049453735,1,0.565
1460,31-614-CAS-24965173,1,b,thioglycoside,xgboost,structure_condition,split_pair_group,0.9885058403015137,1,0.565
1464,31-013-CAS-4102089,1,b,thioglycoside,xgboost,structure_condition,split_pair_group,0.9868517518043518,1,0.565
1466,31-301-CAS-14089757,1,b,thioglycoside,xgboost,structure_condition,split_pair_group,0.7877334952354431,1,0.565
1467,31-301-CAS-2081601,1,b,thioglycoside,xgboost,structure_condition,split_pair_group,0.7877334952354431,1,0.565
1474,31-013-CAS-3406433,1,b,thioglycoside,xgboost,structure_condition,split_pair_group,0.9822414517402649,1,0.565
1475,31-013-CAS-23731804,1,b,thioglycoside,xgboost,structure_condition,split_pair_group,0.9225596785545349,1,0.565
1482,31-013-CAS-4942088,1,b,thioglycoside,xgboost,structure_condition,split_pair_group,0.9772998094558716,1,0.565
1494,31-013-CAS-5792629,0,a,thioglycoside,xgboost,structure_condition,split_pair_group,0.192479208111763,0,0.565
1496,31-013-CAS-15382044,1,b,thioglycoside,xgboost,structure_condition,split_pair_group,0.8941428065299988,1,0.565
1500,31-013-CAS-11809252,0,a,thioglycoside,xgboost,structure_condition,split_pair_group,0.7310752868652344,1,0.565
1505,31-013-CAS-2166542,1,b,thioglycoside,xgboost,structure_condition,split_pair_group,0.972976803779602,1,0.565
1511,31-013-CAS-19117152,1,b,thioglycoside,xgboost,structure_condition,split_pair_group,0.8693856000900269,1,0.565
1518,31-013-CAS-7065488,1,b,thioglycoside,xgboost,structure_condition,split_pair_group,0.9861193895339966,1,0.565
1520,31-614-CAS-30618647,1,b,thioglycoside,xgboost,structure_condition,split_pair_group,0.9704728126525879,1,0.565
1526,31-013-CAS-11179214,1,b,thioglycoside,xgboost,structure_condition,split_pair_group,0.7514376044273376,1,0.565
1528,31-013-CAS-8627156,1,b,thioglycoside,xgboost,structure_condition,split_pair_group,0.9491228461265564,1,0.565
1529,31-013-CAS-26474,1,b,thioglycoside,xgboost,structure_condition,split_pair_group,0.9491228461265564,1,0.565
1532,31-614-CAS-41884159,0,a,thioglycoside,xgboost,structure_condition,split_pair_group,0.12386421859264374,0,0.565
1533,31-614-CAS-37959480,0,a,thioglycoside,xgboost,structure_condition,split_pair_group,0.12386421859264374,0,0.565
1541,31-614-CAS-45240845,0,a,thioglycoside,xgboost,structure_condition,split_pair_group,0.26444482803344727,0,0.565
1542,31-013-CAS-21774311,0,a,thioglycoside,xgboost,structure_condition,split_pair_group,0.3861982226371765,0,0.565
1543,31-614-CAS-41884456,0,a,thioglycoside,xgboost,structure_condition,split_pair_group,0.1163748949766159,0,0.565
1544,31-614-CAS-37959617,0,a,thioglycoside,xgboost,structure_condition,split_pair_group,0.1163748949766159,0,0.565
1548,31-013-CAS-4019424,1,b,thioglycoside,xgboost,structure_condition,split_pair_group,0.9945806860923767,1,0.565
1550,31-614-CAS-24501387,1,b,thioglycoside,xgboost,structure_condition,split_pair_group,0.9923658967018127,1,0.565
1551,31-614-CAS-29170155,1,b,thioglycoside,xgboost,structure_condition,split_pair_group,0.4835878014564514,0,0.565
1552,31-614-CAS-27856064,1,b,thioglycoside,xgboost,structure_condition,split_pair_group,0.4835878014564514,0,0.565
1553,31-013-CAS-7313950,1,b,thioglycoside,xgboost,structure_condition,split_pair_group,0.9783124923706055,1,0.565
1558,31-013-CAS-21471842,1,b,thioglycoside,xgboost,structure_condition,split_pair_group,0.9680440425872803,1,0.565
16,31-010-CAS-22198130,1,b,trichloroacetimidate,logistic_regression,structure_only,split_pair_group,0.9884161332563023,1,0.61
25,31-010-CAS-5525801,1,b,trichloroacetimidate,logistic_regression,structure_only,split_pair_group,0.9991281443915688,1,0.61
26,31-614-CAS-31203171,0,a,trichloroacetimidate,logistic_regression,structure_only,split_pair_group,0.9581275570183622,1,0.61
36,31-010-CAS-4980852,1,b,trichloroacetimidate,logistic_regression,structure_only,split_pair_group,0.9919778116788059,1,0.61
54,31-010-CAS-19796375,1,b,trichloroacetimidate,logistic_regression,structure_only,split_pair_group,0.9967818324289249,1,0.61
74,31-010-CAS-8524792,0,a,trichloroacetimidate,logistic_regression,structure_only,split_pair_group,0.1339548278498594,0,0.61
78,31-010-CAS-1161485,0,a,trichloroacetimidate,logistic_regression,structure_only,split_pair_group,0.1280791836526926,0,0.61
114,31-010-CAS-6728808,0,a,trichloroacetimidate,logistic_regression,structure_only,split_pair_group,0.8807608632516786,1,0.61
127,31-010-CAS-3431516,1,b,trichloroacetimidate,logistic_regression,structure_only,split_pair_group,0.9752809457083971,1,0.61
138,31-010-CAS-12729167,1,b,trichloroacetimidate,logistic_regression,structure_only,split_pair_group,0.13909914078811367,0,0.61
142,31-010-CAS-11617057,1,b,trichloroacetimidate,logistic_regression,structure_only,split_pair_group,0.9529288465542114,1,0.61
143,31-010-CAS-3803419,0,a,trichloroacetimidate,logistic_regression,structure_only,split_pair_group,0.16147875256357877,0,0.61
146,31-010-CAS-13055419,1,b,trichloroacetimidate,logistic_regression,structure_only,split_pair_group,0.9999203411004759,1,0.61
148,31-010-CAS-884798,1,b,trichloroacetimidate,logistic_regression,structure_only,split_pair_group,0.9872728950738034,1,0.61
157,31-010-CAS-23202756,1,b,trichloroacetimidate,logistic_regression,structure_only,split_pair_group,0.9575689415750376,1,0.61
161,31-010-CAS-8171704,1,b,trichloroacetimidate,logistic_regression,structure_only,split_pair_group,0.983507143172437,1,0.61
170,31-010-CAS-16546348,1,b,trichloroacetimidate,logistic_regression,structure_only,split_pair_group,0.8865808917864217,1,0.61
171,31-010-CAS-23204857,1,b,trichloroacetimidate,logistic_regression,structure_only,split_pair_group,0.9551488013921137,1,0.61
183,31-010-CAS-4294380,0,a,trichloroacetimidate,logistic_regression,structure_only,split_pair_group,0.32746015315232935,0,0.61
186,31-010-CAS-11796742,0,a,trichloroacetimidate,logistic_regression,structure_only,split_pair_group,0.003386053985406358,0,0.61
195,31-614-CAS-36199892,1,b,trichloroacetimidate,logistic_regression,structure_only,split_pair_group,0.9834930284014679,1,0.61
203,31-010-CAS-16546344,1,b,trichloroacetimidate,logistic_regression,structure_only,split_pair_group,0.9905296698090942,1,0.61
219,31-010-CAS-3920193,0,a,trichloroacetimidate,logistic_regression,structure_only,split_pair_group,0.004744596118027823,0,0.61
220,31-010-CAS-20767187,0,a,trichloroacetimidate,logistic_regression,structure_only,split_pair_group,0.004744596118027823,0,0.61
221,31-010-CAS-17642154,0,a,trichloroacetimidate,logistic_regression,structure_only,split_pair_group,0.004744596118027823,0,0.61
234,31-013-CAS-5827715,1,b,trichloroacetimidate,logistic_regression,structure_only,split_pair_group,0.9906634313059947,1,0.61
241,31-010-CAS-14863653,1,b,trichloroacetimidate,logistic_regression,structure_only,split_pair_group,0.7767199544873515,1,0.61
243,31-010-CAS-13659910,1,b,trichloroacetimidate,logistic_regression,structure_only,split_pair_group,0.9952612431499677,1,0.61
250,31-010-CAS-1767038,0,a,trichloroacetimidate,logistic_regression,structure_only,split_pair_group,0.13678912918700545,0,0.61
265,31-010-CAS-7479832,1,b,trichloroacetimidate,logistic_regression,structure_only,split_pair_group,0.9520573901169967,1,0.61
272,31-010-CAS-9842150,1,b,trichloroacetimidate,logistic_regression,structure_only,split_pair_group,0.9999820886927173,1,0.61
284,31-010-CAS-4637552,1,b,trichloroacetimidate,logistic_regression,structure_only,split_pair_group,0.9984676873342576,1,0.61
296,31-010-CAS-11281477,1,b,trichloroacetimidate,logistic_regression,structure_only,split_pair_group,0.9896846289910234,1,0.61
298,31-010-CAS-6624950,1,b,trichloroacetimidate,logistic_regression,structure_only,split_pair_group,0.9957580164834059,1,0.61
310,31-010-CAS-7407036,0,a,trichloroacetimidate,logistic_regression,structure_only,split_pair_group,0.004744596118027823,0,0.61
317,31-010-CAS-17830886,1,b,trichloroacetimidate,logistic_regression,structure_only,split_pair_group,0.6834873281918558,1,0.61
334,31-010-CAS-21359677,1,b,trichloroacetimidate,logistic_regression,structure_only,split_pair_group,0.9555375133213269,1,0.61
335,31-010-CAS-1287355,1,b,trichloroacetimidate,logistic_regression,structure_only,split_pair_group,0.9555375133213269,1,0.61
360,31-010-CAS-21359666,1,b,trichloroacetimidate,logistic_regression,structure_only,split_pair_group,0.99913567092755,1,0.61
361,31-010-CAS-1619273,1,b,trichloroacetimidate,logistic_regression,structure_only,split_pair_group,0.99913567092755,1,0.61
364,31-010-CAS-21359670,1,b,trichloroacetimidate,logistic_regression,structure_only,split_pair_group,0.9994615056523087,1,0.61
365,31-010-CAS-10139664,1,b,trichloroacetimidate,logistic_regression,structure_only,split_pair_group,0.9994615056523087,1,0.61
383,31-010-CAS-5251218,0,a,trichloroacetimidate,logistic_regression,structure_only,split_pair_group,0.012629940079587417,0,0.61
384,31-010-CAS-5898048,1,b,trichloroacetimidate,logistic_regression,structure_only,split_pair_group,0.9089470771883399,1,0.61
391,31-010-CAS-17658048,0,a,trichloroacetimidate,logistic_regression,structure_only,split_pair_group,0.9309965137280527,1,0.61
392,31-010-CAS-12999057,0,a,trichloroacetimidate,logistic_regression,structure_only,split_pair_group,0.9309965137280527,1,0.61
400,31-010-CAS-15131203,1,b,trichloroacetimidate,logistic_regression,structure_only,split_pair_group,0.2979039133443435,0,0.61
406,31-010-CAS-18971959,1,b,trichloroacetimidate,logistic_regression,structure_only,split_pair_group,0.9740831624037554,1,0.61
418,31-010-CAS-7849619,1,b,trichloroacetimidate,logistic_regression,structure_only,split_pair_group,0.9961598261693467,1,0.61
428,31-010-CAS-21359659,1,b,trichloroacetimidate,logistic_regression,structure_only,split_pair_group,0.9220174310859587,1,0.61
429,31-010-CAS-12041024,1,b,trichloroacetimidate,logistic_regression,structure_only,split_pair_group,0.9220174310859587,1,0.61
431,31-010-CAS-21359681,1,b,trichloroacetimidate,logistic_regression,structure_only,split_pair_group,0.9984808804096659,1,0.61
432,31-010-CAS-9811894,1,b,trichloroacetimidate,logistic_regression,structure_only,split_pair_group,0.9984808804096659,1,0.61
441,31-010-CAS-8693853,1,b,trichloroacetimidate,logistic_regression,structure_only,split_pair_group,0.24859136313687527,0,0.61
448,31-010-CAS-13639242,0,a,trichloroacetimidate,logistic_regression,structure_only,split_pair_group,0.05674646362202348,0,0.61
471,31-010-CAS-6859118,0,a,trichloroacetimidate,logistic_regression,structure_only,split_pair_group,0.0009654324651075844,0,0.61
475,31-010-CAS-6246955,0,a,trichloroacetimidate,logistic_regression,structure_only,split_pair_group,0.8157764453798596,1,0.61
483,31-010-CAS-5827902,0,a,trichloroacetimidate,logistic_regression,structure_only,split_pair_group,0.0024323917037089456,0,0.61
484,31-010-CAS-13993703,0,a,trichloroacetimidate,logistic_regression,structure_only,split_pair_group,0.0024323917037089456,0,0.61
504,31-010-CAS-10204303,1,b,trichloroacetimidate,logistic_regression,structure_only,split_pair_group,0.9997683284101626,1,0.61
511,31-010-CAS-1044733,1,b,trichloroacetimidate,logistic_regression,structure_only,split_pair_group,0.9961278466694498,1,0.61
515,31-010-CAS-878517,1,b,trichloroacetimidate,logistic_regression,structure_only,split_pair_group,0.6006635146398029,0,0.61
530,31-010-CAS-10263463,1,b,trichloroacetimidate,logistic_regression,structure_only,split_pair_group,0.2979039133443435,0,0.61
533,31-010-CAS-15475722,0,a,trichloroacetimidate,logistic_regression,structure_only,split_pair_group,0.004776019055440175,0,0.61
539,31-010-CAS-15140208,1,b,trichloroacetimidate,logistic_regression,structure_only,split_pair_group,0.38378012104645204,0,0.61
540,31-010-CAS-14143291,1,b,trichloroacetimidate,logistic_regression,structure_only,split_pair_group,0.2979039133443435,0,0.61
544,31-010-CAS-14482114,0,a,trichloroacetimidate,logistic_regression,structure_only,split_pair_group,0.2979039133443435,0,0.61
545,31-010-CAS-16396095,1,b,trichloroacetimidate,logistic_regression,structure_only,split_pair_group,0.9990020781872546,1,0.61
559,31-010-CAS-12809730,0,a,trichloroacetimidate,logistic_regression,structure_only,split_pair_group,0.41101152169617067,0,0.61
565,31-010-CAS-5089795,0,a,trifluoroacetimidate,logistic_regression,structure_only,split_pair_group,0.07243570443452635,0,0.61
568,31-010-CAS-6229676,0,a,trifluoroacetimidate,logistic_regression,structure_only,split_pair_group,0.007522104393997029,0,0.61
588,31-010-CAS-8250667,1,b,trifluoroacetimidate,logistic_regression,structure_only,split_pair_group,0.6716392068003754,1,0.61
594,31-013-CAS-5629637,0,a,trifluoroacetimidate,logistic_regression,structure_only,split_pair_group,0.3333603643947996,0,0.61
613,31-013-CAS-12466161,1,b,trifluoroacetimidate,logistic_regression,structure_only,split_pair_group,0.9806219036072685,1,0.61
615,31-010-CAS-22654654,0,a,trifluoroacetimidate,logistic_regression,structure_only,split_pair_group,0.030036415904407265,0,0.61
620,31-010-CAS-21471849,1,b,trifluoroacetimidate,logistic_regression,structure_only,split_pair_group,0.9965814664296953,1,0.61
623,31-614-CAS-40997648,1,b,trifluoroacetimidate,logistic_regression,structure_only,split_pair_group,0.9421901537023532,1,0.61
630,31-010-CAS-11999440,1,b,trifluoroacetimidate,logistic_regression,structure_only,split_pair_group,0.9973647821373691,1,0.61
641,31-010-CAS-21471846,1,b,trifluoroacetimidate,logistic_regression,structure_only,split_pair_group,0.9999264994120759,1,0.61
648,31-614-CAS-35275413,1,b,trifluoroacetimidate,logistic_regression,structure_only,split_pair_group,0.9976434289550673,1,0.61
655,31-013-CAS-14145593,0,a,thioglycoside,logistic_regression,structure_only,split_pair_group,0.002471206242859604,0,0.61
656,31-013-CAS-22581512,0,a,thioglycoside,logistic_regression,structure_only,split_pair_group,0.04393900693884345,0,0.61
657,31-013-CAS-9001704,0,a,thioglycoside,logistic_regression,structure_only,split_pair_group,0.0036475313690003176,0,0.61
661,31-013-CAS-20074834,0,a,thioglycoside,logistic_regression,structure_only,split_pair_group,0.0013346165990142792,0,0.61
662,31-013-CAS-17381412,0,a,thioglycoside,logistic_regression,structure_only,split_pair_group,0.0013346165990142792,0,0.61
679,31-013-CAS-20074845,0,a,thioglycoside,logistic_regression,structure_only,split_pair_group,0.0022585633981781297,0,0.61
680,31-013-CAS-17381425,0,a,thioglycoside,logistic_regression,structure_only,split_pair_group,0.0022585633981781297,0,0.61
682,31-013-CAS-4038549,0,a,thioglycoside,logistic_regression,structure_only,split_pair_group,0.0850114844364543,0,0.61
683,31-013-CAS-22198141,0,a,thioglycoside,logistic_regression,structure_only,split_pair_group,0.06913551207621342,0,0.61
688,31-013-CAS-308870,0,a,thioglycoside,logistic_regression,structure_only,split_pair_group,0.0966803021742939,0,0.61
692,31-013-CAS-7066819,0,a,thioglycoside,logistic_regression,structure_only,split_pair_group,0.000335324778422099,0,0.61
697,31-013-CAS-15171815,0,a,thioglycoside,logistic_regression,structure_only,split_pair_group,0.0012363880239331462,0,0.61
700,31-013-CAS-14695973,0,a,thioglycoside,logistic_regression,structure_only,split_pair_group,0.001476185679766212,0,0.61
719,31-013-CAS-18792530,0,a,thioglycoside,logistic_regression,structure_only,split_pair_group,0.6162966419680411,1,0.61
720,31-013-CAS-13505033,0,a,thioglycoside,logistic_regression,structure_only,split_pair_group,0.6162966419680411,1,0.61
721,31-013-CAS-13132878,0,a,thioglycoside,logistic_regression,structure_only,split_pair_group,0.6162966419680411,1,0.61
722,31-013-CAS-21359610,0,a,thioglycoside,logistic_regression,structure_only,split_pair_group,0.1637984477339183,0,0.61
723,31-013-CAS-7463166,0,a,thioglycoside,logistic_regression,structure_only,split_pair_group,0.1637984477339183,0,0.61
739,31-013-CAS-10316632,0,a,thioglycoside,logistic_regression,structure_only,split_pair_group,0.6136666987386514,1,0.61
807,31-013-CAS-1407934,0,a,thioglycoside,logistic_regression,structure_only,split_pair_group,0.6272771446022971,1,0.61
831,31-013-CAS-1278764,0,a,thioglycoside,logistic_regression,structure_only,split_pair_group,0.016340030424937767,0,0.61
833,31-013-CAS-20818633,0,a,thioglycoside,logistic_regression,structure_only,split_pair_group,0.37694754621424137,0,0.61
837,31-614-CAS-38307143,1,b,thioglycoside,logistic_regression,structure_only,split_pair_group,0.9941621683555,1,0.61
841,31-013-CAS-12570626,1,b,thioglycoside,logistic_regression,structure_only,split_pair_group,0.07889479131648337,0,0.61
842,31-013-CAS-3447636,1,b,thioglycoside,logistic_regression,structure_only,split_pair_group,0.07889479131648337,0,0.61
843,31-013-CAS-1313681,1,b,thioglycoside,logistic_regression,structure_only,split_pair_group,0.07889479131648337,0,0.61
850,31-013-CAS-19733120,0,a,thioglycoside,logistic_regression,structure_only,split_pair_group,0.08671317174591353,0,0.61
851,31-013-CAS-11213156,1,b,thioglycoside,logistic_regression,structure_only,split_pair_group,0.9409437802066543,1,0.61
855,31-049-CAS-11119860,1,b,thioglycoside,logistic_regression,structure_only,split_pair_group,0.9848307013530507,1,0.61
864,31-614-CAS-25201498,1,b,thioglycoside,logistic_regression,structure_only,split_pair_group,0.9848307013530507,1,0.61
865,31-614-CAS-27090868,1,b,thioglycoside,logistic_regression,structure_only,split_pair_group,0.9848307013530507,1,0.61
884,31-013-CAS-9389396,1,b,thioglycoside,logistic_regression,structure_only,split_pair_group,0.9408812380334729,1,0.61
885,31-013-CAS-3991023,1,b,thioglycoside,logistic_regression,structure_only,split_pair_group,0.9408812380334729,1,0.61
890,31-614-CAS-29244011,1,b,thioglycoside,logistic_regression,structure_only,split_pair_group,0.9933569800766993,1,0.61
891,31-614-CAS-26064585,1,b,thioglycoside,logistic_regression,structure_only,split_pair_group,0.9933569800766993,1,0.61
896,31-013-CAS-8933724,0,a,thioglycoside,logistic_regression,structure_only,split_pair_group,0.22080427657823018,0,0.61
901,31-614-CAS-27463098,0,a,thioglycoside,logistic_regression,structure_only,split_pair_group,0.004786577215161205,0,0.61
904,31-013-CAS-17702336,1,b,thioglycoside,logistic_regression,structure_only,split_pair_group,0.888640321896161,1,0.61
905,31-013-CAS-21762107,1,b,thioglycoside,logistic_regression,structure_only,split_pair_group,0.888640321896161,1,0.61
906,31-013-CAS-21945116,1,b,thioglycoside,logistic_regression,structure_only,split_pair_group,0.888640321896161,1,0.61
908,31-013-CAS-12760013,0,a,thioglycoside,logistic_regression,structure_only,split_pair_group,0.0024520304851434406,0,0.61
921,31-013-CAS-7584459,1,b,thioglycoside,logistic_regression,structure_only,split_pair_group,0.8461874819754097,1,0.61
922,31-013-CAS-1058357,1,b,thioglycoside,logistic_regression,structure_only,split_pair_group,0.8461874819754097,1,0.61
925,31-013-CAS-19796368,1,b,thioglycoside,logistic_regression,structure_only,split_pair_group,0.9969438513329356,1,0.61
926,31-013-CAS-5703022,1,b,thioglycoside,logistic_regression,structure_only,split_pair_group,0.9969438513329356,1,0.61
935,31-013-CAS-9419983,0,a,thioglycoside,logistic_regression,structure_only,split_pair_group,1.8473329026410898e-05,0,0.61
937,31-013-CAS-11635380,0,a,thioglycoside,logistic_regression,structure_only,split_pair_group,0.0003743493729319528,0,0.61
942,31-013-CAS-13870844,0,a,thioglycoside,logistic_regression,structure_only,split_pair_group,0.14801435861185297,0,0.61
943,31-013-CAS-4635858,0,a,thioglycoside,logistic_regression,structure_only,split_pair_group,0.031086461546402322,0,0.61
944,31-614-CAS-34709650,0,a,thioglycoside,logistic_regression,structure_only,split_pair_group,0.6925153485220911,1,0.61
946,31-013-CAS-6806986,1,b,thioglycoside,logistic_regression,structure_only,split_pair_group,0.9830616369100516,1,0.61
963,31-614-CAS-26047459,1,b,thioglycoside,logistic_regression,structure_only,split_pair_group,0.14979406666083683,0,0.61
1008,31-013-CAS-5259694,1,b,thioglycoside,logistic_regression,structure_only,split_pair_group,0.8998072867076629,1,0.61
1009,31-013-CAS-3120111,1,b,thioglycoside,logistic_regression,structure_only,split_pair_group,0.8998072867076629,1,0.61
1012,31-013-CAS-21905508,1,b,thioglycoside,logistic_regression,structure_only,split_pair_group,0.9950762666398654,1,0.61
1014,31-013-CAS-18496614,1,b,thioglycoside,logistic_regression,structure_only,split_pair_group,0.9873473563484727,1,0.61
1024,31-013-CAS-12877153,0,a,thioglycoside,logistic_regression,structure_only,split_pair_group,0.00037269247898431287,0,0.61
1025,31-013-CAS-7511274,0,a,thioglycoside,logistic_regression,structure_only,split_pair_group,0.00037269247898431287,0,0.61
1026,31-013-CAS-854940,0,a,thioglycoside,logistic_regression,structure_only,split_pair_group,0.00037269247898431287,0,0.61
1027,31-013-CAS-8833991,0,a,thioglycoside,logistic_regression,structure_only,split_pair_group,0.004433420099608888,0,0.61
1029,31-013-CAS-2439768,1,b,thioglycoside,logistic_regression,structure_only,split_pair_group,0.8515395400764626,1,0.61
1032,31-013-CAS-3532904,1,b,thioglycoside,logistic_regression,structure_only,split_pair_group,0.8917513655866424,1,0.61
1033,31-013-CAS-15039708,1,b,thioglycoside,logistic_regression,structure_only,split_pair_group,0.8917513655866424,1,0.61
1042,31-013-CAS-2224404,1,b,thioglycoside,logistic_regression,structure_only,split_pair_group,0.14155476092245411,0,0.61
1043,31-013-CAS-19733121,0,a,thioglycoside,logistic_regression,structure_only,split_pair_group,0.07885917989458914,0,0.61
1061,31-013-CAS-16587031,0,a,thioglycoside,logistic_regression,structure_only,split_pair_group,0.024309718327303314,0,0.61
1085,31-614-CAS-36914120,0,a,thioglycoside,logistic_regression,structure_only,split_pair_group,0.15637847518510706,0,0.61
1091,31-013-CAS-16946845,1,b,thioglycoside,logistic_regression,structure_only,split_pair_group,0.7239340658035351,1,0.61
1103,31-614-CAS-35394448,1,b,thioglycoside,logistic_regression,structure_only,split_pair_group,0.4855819232769269,0,0.61
1104,31-614-CAS-34336268,0,a,thioglycoside,logistic_regression,structure_only,split_pair_group,0.08736801744619252,0,0.61
1105,31-614-CAS-32458097,0,a,thioglycoside,logistic_regression,structure_only,split_pair_group,0.08736801744619252,0,0.61
1106,31-614-CAS-37588004,0,a,thioglycoside,logistic_regression,structure_only,split_pair_group,0.08736801744619252,0,0.61
1117,31-013-CAS-16968435,1,b,thioglycoside,logistic_regression,structure_only,split_pair_group,0.9806427535451254,1,0.61
1124,31-013-CAS-14738874,0,a,thioglycoside,logistic_regression,structure_only,split_pair_group,0.00909037227440393,0,0.61
1127,31-013-CAS-11726967,0,a,thioglycoside,logistic_regression,structure_only,split_pair_group,0.009606774643727172,0,0.61
1141,31-013-CAS-17791367,0,a,thioglycoside,logistic_regression,structure_only,split_pair_group,0.007081938046103697,0,0.61
1150,31-013-CAS-741372,1,b,thioglycoside,logistic_regression,structure_only,split_pair_group,0.9964684980024288,1,0.61
1160,31-013-CAS-17453665,1,b,thioglycoside,logistic_regression,structure_only,split_pair_group,0.9146110544549086,1,0.61
1165,31-013-CAS-11784711,1,b,thioglycoside,logistic_regression,structure_only,split_pair_group,0.11653950762124414,0,0.61
1175,31-013-CAS-21359611,0,a,thioglycoside,logistic_regression,structure_only,split_pair_group,0.010048174991629213,0,0.61
1176,31-013-CAS-9488276,0,a,thioglycoside,logistic_regression,structure_only,split_pair_group,0.010048174991629213,0,0.61
1182,31-013-CAS-12326620,0,a,thioglycoside,logistic_regression,structure_only,split_pair_group,0.0007142936173365513,0,0.61
1185,31-013-CAS-23539710,0,a,thioglycoside,logistic_regression,structure_only,split_pair_group,0.003093751545893232,0,0.61
1187,31-013-CAS-14640673,0,a,thioglycoside,logistic_regression,structure_only,split_pair_group,0.1543528890445075,0,0.61
1196,31-013-CAS-1342962,1,b,thioglycoside,logistic_regression,structure_only,split_pair_group,0.9997393141958358,1,0.61
1210,31-013-CAS-3582973,0,a,thioglycoside,logistic_regression,structure_only,split_pair_group,0.15927621334264835,0,0.61
1226,31-013-CAS-4366967,1,b,thioglycoside,logistic_regression,structure_only,split_pair_group,0.8890695568398141,1,0.61
1229,31-013-CAS-16946849,1,b,thioglycoside,logistic_regression,structure_only,split_pair_group,0.9666560261541834,1,0.61
1241,31-013-CAS-2182975,1,b,thioglycoside,logistic_regression,structure_only,split_pair_group,0.6481716145800119,1,0.61
1247,31-013-CAS-13251956,1,b,thioglycoside,logistic_regression,structure_only,split_pair_group,0.9837439395354196,1,0.61
1248,31-013-CAS-3002515,0,a,thioglycoside,logistic_regression,structure_only,split_pair_group,0.15927621334264835,0,0.61
1261,31-614-CAS-37587999,0,a,thioglycoside,logistic_regression,structure_only,split_pair_group,0.07938560484755992,0,0.61
1264,31-013-CAS-806847,1,b,thioglycoside,logistic_regression,structure_only,split_pair_group,0.9955662205974176,1,0.61
1268,31-013-CAS-1585686,1,b,thioglycoside,logistic_regression,structure_only,split_pair_group,0.9996029957540739,1,0.61
1269,31-013-CAS-7643019,1,b,thioglycoside,logistic_regression,structure_only,split_pair_group,0.9996029957540739,1,0.61
1280,31-614-CAS-34954204,0,a,thioglycoside,logistic_regression,structure_only,split_pair_group,0.8728632902873339,1,0.61
1288,31-013-CAS-14512141,1,b,thioglycoside,logistic_regression,structure_only,split_pair_group,0.9380037506211661,1,0.61
1293,31-614-CAS-34956360,1,b,thioglycoside,logistic_regression,structure_only,split_pair_group,0.9992165331170505,1,0.61
1294,31-614-CAS-40218495,1,b,thioglycoside,logistic_regression,structure_only,split_pair_group,0.9556872259745901,1,0.61
1299,31-013-CAS-21608786,0,a,thioglycoside,logistic_regression,structure_only,split_pair_group,0.20869895139158345,0,0.61
1301,31-013-CAS-7147519,0,a,thioglycoside,logistic_regression,structure_only,split_pair_group,0.023966529050176533,0,0.61
1319,31-614-CAS-44041084,1,b,thioglycoside,logistic_regression,structure_only,split_pair_group,0.8279589559003434,1,0.61
1320,31-013-CAS-12262753,1,b,thioglycoside,logistic_regression,structure_only,split_pair_group,0.7375671780648448,1,0.61
1331,31-614-CAS-39834134,0,a,thioglycoside,logistic_regression,structure_only,split_pair_group,0.3713604001655593,0,0.61
1340,31-614-CAS-23946125,0,a,thioglycoside,logistic_regression,structure_only,split_pair_group,0.0015246278828201865,0,0.61
1345,31-013-CAS-1583370,0,a,thioglycoside,logistic_regression,structure_only,split_pair_group,0.02002823156250558,0,0.61
1360,31-013-CAS-4188841,1,b,thioglycoside,logistic_regression,structure_only,split_pair_group,0.9994872006762561,1,0.61
1361,31-013-CAS-1880759,1,b,thioglycoside,logistic_regression,structure_only,split_pair_group,0.9994872006762561,1,0.61
1363,31-013-CAS-1686035,1,b,thioglycoside,logistic_regression,structure_only,split_pair_group,0.8972977087137987,1,0.61
1371,31-013-CAS-13595742,0,a,thioglycoside,logistic_regression,structure_only,split_pair_group,0.0004066124005371712,0,0.61
1372,31-013-CAS-2565194,1,b,thioglycoside,logistic_regression,structure_only,split_pair_group,0.9957502464604493,1,0.61
1387,31-013-CAS-12685556,1,b,thioglycoside,logistic_regression,structure_only,split_pair_group,0.9996061893805627,1,0.61
1388,31-013-CAS-16806675,1,b,thioglycoside,logistic_regression,structure_only,split_pair_group,0.9996061893805627,1,0.61
1389,31-013-CAS-6076988,1,b,thioglycoside,logistic_regression,structure_only,split_pair_group,0.9996061893805627,1,0.61
1413,31-013-CAS-15393474,1,b,thioglycoside,logistic_regression,structure_only,split_pair_group,0.971426643455618,1,0.61
1414,31-013-CAS-3282710,1,b,thioglycoside,logistic_regression,structure_only,split_pair_group,0.860487332841812,1,0.61
1415,31-013-CAS-4022684,1,b,thioglycoside,logistic_regression,structure_only,split_pair_group,0.995705229729944,1,0.61
1416,31-013-CAS-7726616,1,b,thioglycoside,logistic_regression,structure_only,split_pair_group,0.9999843632986355,1,0.61
1418,31-013-CAS-16820825,1,b,thioglycoside,logistic_regression,structure_only,split_pair_group,0.9995012235969523,1,0.61
1422,31-013-CAS-21944308,1,b,thioglycoside,logistic_regression,structure_only,split_pair_group,0.998085715390912,1,0.61
1426,31-614-CAS-28293923,1,b,thioglycoside,logistic_regression,structure_only,split_pair_group,0.9999499889928971,1,0.61
1430,31-013-CAS-8917480,1,b,thioglycoside,logistic_regression,structure_only,split_pair_group,0.9694492222370871,1,0.61
1439,31-013-CAS-7488283,1,b,thioglycoside,logistic_regression,structure_only,split_pair_group,0.9997964478301993,1,0.61
1445,31-013-CAS-12921527,1,b,thioglycoside,logistic_regression,structure_only,split_pair_group,0.6491159691472588,1,0.61
1453,31-614-CAS-24299301,0,a,thioglycoside,logistic_regression,structure_only,split_pair_group,0.07452686864836504,0,0.61
1454,31-013-CAS-20404994,1,b,thioglycoside,logistic_regression,structure_only,split_pair_group,0.9946792055620624,1,0.61
1456,31-013-CAS-1120171,1,b,thioglycoside,logistic_regression,structure_only,split_pair_group,0.9975751032644127,1,0.61
1457,31-013-CAS-7286890,0,a,thioglycoside,logistic_regression,structure_only,split_pair_group,0.0005619216227242755,0,0.61
1459,31-013-CAS-15100866,1,b,thioglycoside,logistic_regression,structure_only,split_pair_group,0.9980420694070933,1,0.61
1460,31-614-CAS-24965173,1,b,thioglycoside,logistic_regression,structure_only,split_pair_group,0.9924740556852146,1,0.61
1464,31-013-CAS-4102089,1,b,thioglycoside,logistic_regression,structure_only,split_pair_group,0.9974699153152595,1,0.61
1466,31-301-CAS-14089757,1,b,thioglycoside,logistic_regression,structure_only,split_pair_group,0.7441496553571041,1,0.61
1467,31-301-CAS-2081601,1,b,thioglycoside,logistic_regression,structure_only,split_pair_group,0.7441496553571041,1,0.61
1474,31-013-CAS-3406433,1,b,thioglycoside,logistic_regression,structure_only,split_pair_group,0.9980805112414414,1,0.61
1475,31-013-CAS-23731804,1,b,thioglycoside,logistic_regression,structure_only,split_pair_group,0.9744641851535122,1,0.61
1482,31-013-CAS-4942088,1,b,thioglycoside,logistic_regression,structure_only,split_pair_group,0.9899664746353855,1,0.61
1494,31-013-CAS-5792629,0,a,thioglycoside,logistic_regression,structure_only,split_pair_group,0.0464886574417622,0,0.61
1496,31-013-CAS-15382044,1,b,thioglycoside,logistic_regression,structure_only,split_pair_group,0.9943576820083582,1,0.61
1500,31-013-CAS-11809252,0,a,thioglycoside,logistic_regression,structure_only,split_pair_group,0.5609067082570401,0,0.61
1505,31-013-CAS-2166542,1,b,thioglycoside,logistic_regression,structure_only,split_pair_group,0.9734072159583184,1,0.61
1511,31-013-CAS-19117152,1,b,thioglycoside,logistic_regression,structure_only,split_pair_group,0.9037844775527216,1,0.61
1518,31-013-CAS-7065488,1,b,thioglycoside,logistic_regression,structure_only,split_pair_group,0.9932640720923558,1,0.61
1520,31-614-CAS-30618647,1,b,thioglycoside,logistic_regression,structure_only,split_pair_group,0.9989198736887354,1,0.61
1526,31-013-CAS-11179214,1,b,thioglycoside,logistic_regression,structure_only,split_pair_group,0.992672564899976,1,0.61
1528,31-013-CAS-8627156,1,b,thioglycoside,logistic_regression,structure_only,split_pair_group,0.9904772161266341,1,0.61
1529,31-013-CAS-26474,1,b,thioglycoside,logistic_regression,structure_only,split_pair_group,0.9904772161266341,1,0.61
1532,31-614-CAS-41884159,0,a,thioglycoside,logistic_regression,structure_only,split_pair_group,0.03204637288363157,0,0.61
1533,31-614-CAS-37959480,0,a,thioglycoside,logistic_regression,structure_only,split_pair_group,0.03204637288363157,0,0.61
1541,31-614-CAS-45240845,0,a,thioglycoside,logistic_regression,structure_only,split_pair_group,0.0521877115760776,0,0.61
1542,31-013-CAS-21774311,0,a,thioglycoside,logistic_regression,structure_only,split_pair_group,0.06402101548370892,0,0.61
1543,31-614-CAS-41884456,0,a,thioglycoside,logistic_regression,structure_only,split_pair_group,0.07501240269194276,0,0.61
1544,31-614-CAS-37959617,0,a,thioglycoside,logistic_regression,structure_only,split_pair_group,0.07501240269194276,0,0.61
1548,31-013-CAS-4019424,1,b,thioglycoside,logistic_regression,structure_only,split_pair_group,0.9999945683276431,1,0.61
1550,31-614-CAS-24501387,1,b,thioglycoside,logistic_regression,structure_only,split_pair_group,0.999410156692838,1,0.61
1551,31-614-CAS-29170155,1,b,thioglycoside,logistic_regression,structure_only,split_pair_group,0.9906314324685874,1,0.61
1552,31-614-CAS-27856064,1,b,thioglycoside,logistic_regression,structure_only,split_pair_group,0.9906314324685874,1,0.61
1553,31-013-CAS-7313950,1,b,thioglycoside,logistic_regression,structure_only,split_pair_group,0.9921053519235882,1,0.61
1558,31-013-CAS-21471842,1,b,thioglycoside,logistic_regression,structure_only,split_pair_group,0.9987193389527242,1,0.61
16,31-010-CAS-22198130,1,b,trichloroacetimidate,random_forest,structure_only,split_pair_group,0.7331944719241719,1,0.4599999999999999
25,31-010-CAS-5525801,1,b,trichloroacetimidate,random_forest,structure_only,split_pair_group,0.9741441175041669,1,0.4599999999999999
26,31-614-CAS-31203171,0,a,trichloroacetimidate,random_forest,structure_only,split_pair_group,0.7593729084233389,1,0.4599999999999999
36,31-010-CAS-4980852,1,b,trichloroacetimidate,random_forest,structure_only,split_pair_group,0.7274594743054229,1,0.4599999999999999
54,31-010-CAS-19796375,1,b,trichloroacetimidate,random_forest,structure_only,split_pair_group,0.9748051282758587,1,0.4599999999999999
74,31-010-CAS-8524792,0,a,trichloroacetimidate,random_forest,structure_only,split_pair_group,0.3789074460155318,0,0.4599999999999999
78,31-010-CAS-1161485,0,a,trichloroacetimidate,random_forest,structure_only,split_pair_group,0.12615253261442813,0,0.4599999999999999
114,31-010-CAS-6728808,0,a,trichloroacetimidate,random_forest,structure_only,split_pair_group,0.755499358255409,1,0.4599999999999999
127,31-010-CAS-3431516,1,b,trichloroacetimidate,random_forest,structure_only,split_pair_group,0.9184945926978918,1,0.4599999999999999
138,31-010-CAS-12729167,1,b,trichloroacetimidate,random_forest,structure_only,split_pair_group,0.39916793542103984,0,0.4599999999999999
142,31-010-CAS-11617057,1,b,trichloroacetimidate,random_forest,structure_only,split_pair_group,0.8975021422360249,1,0.4599999999999999
143,31-010-CAS-3803419,0,a,trichloroacetimidate,random_forest,structure_only,split_pair_group,0.1717688985255388,0,0.4599999999999999
146,31-010-CAS-13055419,1,b,trichloroacetimidate,random_forest,structure_only,split_pair_group,0.9555674933037042,1,0.4599999999999999
148,31-010-CAS-884798,1,b,trichloroacetimidate,random_forest,structure_only,split_pair_group,0.9060865868748509,1,0.4599999999999999
157,31-010-CAS-23202756,1,b,trichloroacetimidate,random_forest,structure_only,split_pair_group,0.9565648998866091,1,0.4599999999999999
161,31-010-CAS-8171704,1,b,trichloroacetimidate,random_forest,structure_only,split_pair_group,0.9731784547176058,1,0.4599999999999999
170,31-010-CAS-16546348,1,b,trichloroacetimidate,random_forest,structure_only,split_pair_group,0.8177166549067576,1,0.4599999999999999
171,31-010-CAS-23204857,1,b,trichloroacetimidate,random_forest,structure_only,split_pair_group,0.9408903853466376,1,0.4599999999999999
183,31-010-CAS-4294380,0,a,trichloroacetimidate,random_forest,structure_only,split_pair_group,0.13693670156008558,0,0.4599999999999999
186,31-010-CAS-11796742,0,a,trichloroacetimidate,random_forest,structure_only,split_pair_group,0.20105249091279087,0,0.4599999999999999
195,31-614-CAS-36199892,1,b,trichloroacetimidate,random_forest,structure_only,split_pair_group,0.9376660300911953,1,0.4599999999999999
203,31-010-CAS-16546344,1,b,trichloroacetimidate,random_forest,structure_only,split_pair_group,0.966056887017963,1,0.4599999999999999
219,31-010-CAS-3920193,0,a,trichloroacetimidate,random_forest,structure_only,split_pair_group,0.03496372586661726,0,0.4599999999999999
220,31-010-CAS-20767187,0,a,trichloroacetimidate,random_forest,structure_only,split_pair_group,0.03496372586661726,0,0.4599999999999999
221,31-010-CAS-17642154,0,a,trichloroacetimidate,random_forest,structure_only,split_pair_group,0.03496372586661726,0,0.4599999999999999
234,31-013-CAS-5827715,1,b,trichloroacetimidate,random_forest,structure_only,split_pair_group,0.9215106444203265,1,0.4599999999999999
241,31-010-CAS-14863653,1,b,trichloroacetimidate,random_forest,structure_only,split_pair_group,0.5318361035691799,1,0.4599999999999999
243,31-010-CAS-13659910,1,b,trichloroacetimidate,random_forest,structure_only,split_pair_group,0.9299007695618756,1,0.4599999999999999
250,31-010-CAS-1767038,0,a,trichloroacetimidate,random_forest,structure_only,split_pair_group,0.3176514015483649,0,0.4599999999999999
265,31-010-CAS-7479832,1,b,trichloroacetimidate,random_forest,structure_only,split_pair_group,0.9465204985878382,1,0.4599999999999999
272,31-010-CAS-9842150,1,b,trichloroacetimidate,random_forest,structure_only,split_pair_group,0.9750160227870158,1,0.4599999999999999
284,31-010-CAS-4637552,1,b,trichloroacetimidate,random_forest,structure_only,split_pair_group,0.8447680556513117,1,0.4599999999999999
296,31-010-CAS-11281477,1,b,trichloroacetimidate,random_forest,structure_only,split_pair_group,0.9237548337208767,1,0.4599999999999999
298,31-010-CAS-6624950,1,b,trichloroacetimidate,random_forest,structure_only,split_pair_group,0.9506831723805974,1,0.4599999999999999
310,31-010-CAS-7407036,0,a,trichloroacetimidate,random_forest,structure_only,split_pair_group,0.03496372586661726,0,0.4599999999999999
317,31-010-CAS-17830886,1,b,trichloroacetimidate,random_forest,structure_only,split_pair_group,0.800474220636453,1,0.4599999999999999
334,31-010-CAS-21359677,1,b,trichloroacetimidate,random_forest,structure_only,split_pair_group,0.8779391260537786,1,0.4599999999999999
335,31-010-CAS-1287355,1,b,trichloroacetimidate,random_forest,structure_only,split_pair_group,0.8779391260537786,1,0.4599999999999999
360,31-010-CAS-21359666,1,b,trichloroacetimidate,random_forest,structure_only,split_pair_group,0.979671305809379,1,0.4599999999999999
361,31-010-CAS-1619273,1,b,trichloroacetimidate,random_forest,structure_only,split_pair_group,0.979671305809379,1,0.4599999999999999
364,31-010-CAS-21359670,1,b,trichloroacetimidate,random_forest,structure_only,split_pair_group,0.9808363237490778,1,0.4599999999999999
365,31-010-CAS-10139664,1,b,trichloroacetimidate,random_forest,structure_only,split_pair_group,0.9808363237490778,1,0.4599999999999999
383,31-010-CAS-5251218,0,a,trichloroacetimidate,random_forest,structure_only,split_pair_group,0.2258497549679429,0,0.4599999999999999
384,31-010-CAS-5898048,1,b,trichloroacetimidate,random_forest,structure_only,split_pair_group,0.3517235365716104,0,0.4599999999999999
391,31-010-CAS-17658048,0,a,trichloroacetimidate,random_forest,structure_only,split_pair_group,0.6135657455118674,1,0.4599999999999999
392,31-010-CAS-12999057,0,a,trichloroacetimidate,random_forest,structure_only,split_pair_group,0.6135657455118674,1,0.4599999999999999
400,31-010-CAS-15131203,1,b,trichloroacetimidate,random_forest,structure_only,split_pair_group,0.36096118303203295,0,0.4599999999999999
406,31-010-CAS-18971959,1,b,trichloroacetimidate,random_forest,structure_only,split_pair_group,0.842454707198881,1,0.4599999999999999
418,31-010-CAS-7849619,1,b,trichloroacetimidate,random_forest,structure_only,split_pair_group,0.9540838603400708,1,0.4599999999999999
428,31-010-CAS-21359659,1,b,trichloroacetimidate,random_forest,structure_only,split_pair_group,0.888592448703476,1,0.4599999999999999
429,31-010-CAS-12041024,1,b,trichloroacetimidate,random_forest,structure_only,split_pair_group,0.888592448703476,1,0.4599999999999999
431,31-010-CAS-21359681,1,b,trichloroacetimidate,random_forest,structure_only,split_pair_group,0.9290838160129986,1,0.4599999999999999
432,31-010-CAS-9811894,1,b,trichloroacetimidate,random_forest,structure_only,split_pair_group,0.9290838160129986,1,0.4599999999999999
441,31-010-CAS-8693853,1,b,trichloroacetimidate,random_forest,structure_only,split_pair_group,0.24099281973479364,0,0.4599999999999999
448,31-010-CAS-13639242,0,a,trichloroacetimidate,random_forest,structure_only,split_pair_group,0.13639157364074903,0,0.4599999999999999
471,31-010-CAS-6859118,0,a,trichloroacetimidate,random_forest,structure_only,split_pair_group,0.15147585680698422,0,0.4599999999999999
475,31-010-CAS-6246955,0,a,trichloroacetimidate,random_forest,structure_only,split_pair_group,0.3147779974727918,0,0.4599999999999999
483,31-010-CAS-5827902,0,a,trichloroacetimidate,random_forest,structure_only,split_pair_group,0.03894195239399324,0,0.4599999999999999
484,31-010-CAS-13993703,0,a,trichloroacetimidate,random_forest,structure_only,split_pair_group,0.03894195239399324,0,0.4599999999999999
504,31-010-CAS-10204303,1,b,trichloroacetimidate,random_forest,structure_only,split_pair_group,0.9657179005822443,1,0.4599999999999999
511,31-010-CAS-1044733,1,b,trichloroacetimidate,random_forest,structure_only,split_pair_group,0.9509257633557389,1,0.4599999999999999
515,31-010-CAS-878517,1,b,trichloroacetimidate,random_forest,structure_only,split_pair_group,0.4405994778548155,0,0.4599999999999999
530,31-010-CAS-10263463,1,b,trichloroacetimidate,random_forest,structure_only,split_pair_group,0.36096118303203295,0,0.4599999999999999
533,31-010-CAS-15475722,0,a,trichloroacetimidate,random_forest,structure_only,split_pair_group,0.10648578919811741,0,0.4599999999999999
539,31-010-CAS-15140208,1,b,trichloroacetimidate,random_forest,structure_only,split_pair_group,0.3907954977099575,0,0.4599999999999999
540,31-010-CAS-14143291,1,b,trichloroacetimidate,random_forest,structure_only,split_pair_group,0.36096118303203295,0,0.4599999999999999
544,31-010-CAS-14482114,0,a,trichloroacetimidate,random_forest,structure_only,split_pair_group,0.36096118303203295,0,0.4599999999999999
545,31-010-CAS-16396095,1,b,trichloroacetimidate,random_forest,structure_only,split_pair_group,0.9775183689871813,1,0.4599999999999999
559,31-010-CAS-12809730,0,a,trichloroacetimidate,random_forest,structure_only,split_pair_group,0.09164626717828946,0,0.4599999999999999
565,31-010-CAS-5089795,0,a,trifluoroacetimidate,random_forest,structure_only,split_pair_group,0.11819427867078867,0,0.4599999999999999
568,31-010-CAS-6229676,0,a,trifluoroacetimidate,random_forest,structure_only,split_pair_group,0.03889922734790317,0,0.4599999999999999
588,31-010-CAS-8250667,1,b,trifluoroacetimidate,random_forest,structure_only,split_pair_group,0.6226614610350935,1,0.4599999999999999
594,31-013-CAS-5629637,0,a,trifluoroacetimidate,random_forest,structure_only,split_pair_group,0.2553499562500608,0,0.4599999999999999
613,31-013-CAS-12466161,1,b,trifluoroacetimidate,random_forest,structure_only,split_pair_group,0.8819244038011166,1,0.4599999999999999
615,31-010-CAS-22654654,0,a,trifluoroacetimidate,random_forest,structure_only,split_pair_group,0.10669650861090091,0,0.4599999999999999
620,31-010-CAS-21471849,1,b,trifluoroacetimidate,random_forest,structure_only,split_pair_group,0.8467069523792287,1,0.4599999999999999
623,31-614-CAS-40997648,1,b,trifluoroacetimidate,random_forest,structure_only,split_pair_group,0.9620323284362149,1,0.4599999999999999
630,31-010-CAS-11999440,1,b,trifluoroacetimidate,random_forest,structure_only,split_pair_group,0.8560338869519148,1,0.4599999999999999
641,31-010-CAS-21471846,1,b,trifluoroacetimidate,random_forest,structure_only,split_pair_group,0.9847553149017991,1,0.4599999999999999
648,31-614-CAS-35275413,1,b,trifluoroacetimidate,random_forest,structure_only,split_pair_group,0.8638539416759833,1,0.4599999999999999
655,31-013-CAS-14145593,0,a,thioglycoside,random_forest,structure_only,split_pair_group,0.01685089020474436,0,0.4599999999999999
656,31-013-CAS-22581512,0,a,thioglycoside,random_forest,structure_only,split_pair_group,0.05127205606929426,0,0.4599999999999999
657,31-013-CAS-9001704,0,a,thioglycoside,random_forest,structure_only,split_pair_group,0.09364857224503685,0,0.4599999999999999
661,31-013-CAS-20074834,0,a,thioglycoside,random_forest,structure_only,split_pair_group,0.006842260002621427,0,0.4599999999999999
662,31-013-CAS-17381412,0,a,thioglycoside,random_forest,structure_only,split_pair_group,0.006842260002621427,0,0.4599999999999999
679,31-013-CAS-20074845,0,a,thioglycoside,random_forest,structure_only,split_pair_group,0.02902882655502457,0,0.4599999999999999
680,31-013-CAS-17381425,0,a,thioglycoside,random_forest,structure_only,split_pair_group,0.02902882655502457,0,0.4599999999999999
682,31-013-CAS-4038549,0,a,thioglycoside,random_forest,structure_only,split_pair_group,0.3145354239902941,0,0.4599999999999999
683,31-013-CAS-22198141,0,a,thioglycoside,random_forest,structure_only,split_pair_group,0.2915976292166482,0,0.4599999999999999
688,31-013-CAS-308870,0,a,thioglycoside,random_forest,structure_only,split_pair_group,0.5272756583093383,1,0.4599999999999999
692,31-013-CAS-7066819,0,a,thioglycoside,random_forest,structure_only,split_pair_group,0.04364505700641417,0,0.4599999999999999
697,31-013-CAS-15171815,0,a,thioglycoside,random_forest,structure_only,split_pair_group,0.00513113670295621,0,0.4599999999999999
700,31-013-CAS-14695973,0,a,thioglycoside,random_forest,structure_only,split_pair_group,0.021970200360716428,0,0.4599999999999999
719,31-013-CAS-18792530,0,a,thioglycoside,random_forest,structure_only,split_pair_group,0.39837012170836955,0,0.4599999999999999
720,31-013-CAS-13505033,0,a,thioglycoside,random_forest,structure_only,split_pair_group,0.39837012170836955,0,0.4599999999999999
721,31-013-CAS-13132878,0,a,thioglycoside,random_forest,structure_only,split_pair_group,0.39837012170836955,0,0.4599999999999999
722,31-013-CAS-21359610,0,a,thioglycoside,random_forest,structure_only,split_pair_group,0.12429453393355734,0,0.4599999999999999
723,31-013-CAS-7463166,0,a,thioglycoside,random_forest,structure_only,split_pair_group,0.12429453393355734,0,0.4599999999999999
739,31-013-CAS-10316632,0,a,thioglycoside,random_forest,structure_only,split_pair_group,0.5939588503283889,1,0.4599999999999999
807,31-013-CAS-1407934,0,a,thioglycoside,random_forest,structure_only,split_pair_group,0.5311456876201539,1,0.4599999999999999
831,31-013-CAS-1278764,0,a,thioglycoside,random_forest,structure_only,split_pair_group,0.048511256538771044,0,0.4599999999999999
833,31-013-CAS-20818633,0,a,thioglycoside,random_forest,structure_only,split_pair_group,0.23144050012581355,0,0.4599999999999999
837,31-614-CAS-38307143,1,b,thioglycoside,random_forest,structure_only,split_pair_group,0.8999924219549299,1,0.4599999999999999
841,31-013-CAS-12570626,1,b,thioglycoside,random_forest,structure_only,split_pair_group,0.11093111334246082,0,0.4599999999999999
842,31-013-CAS-3447636,1,b,thioglycoside,random_forest,structure_only,split_pair_group,0.11093111334246082,0,0.4599999999999999
843,31-013-CAS-1313681,1,b,thioglycoside,random_forest,structure_only,split_pair_group,0.11093111334246082,0,0.4599999999999999
850,31-013-CAS-19733120,0,a,thioglycoside,random_forest,structure_only,split_pair_group,0.21872851850729372,0,0.4599999999999999
851,31-013-CAS-11213156,1,b,thioglycoside,random_forest,structure_only,split_pair_group,0.6280290895038737,1,0.4599999999999999
855,31-049-CAS-11119860,1,b,thioglycoside,random_forest,structure_only,split_pair_group,0.8352387795305919,1,0.4599999999999999
864,31-614-CAS-25201498,1,b,thioglycoside,random_forest,structure_only,split_pair_group,0.8352387795305919,1,0.4599999999999999
865,31-614-CAS-27090868,1,b,thioglycoside,random_forest,structure_only,split_pair_group,0.8352387795305919,1,0.4599999999999999
884,31-013-CAS-9389396,1,b,thioglycoside,random_forest,structure_only,split_pair_group,0.557481300172926,1,0.4599999999999999
885,31-013-CAS-3991023,1,b,thioglycoside,random_forest,structure_only,split_pair_group,0.557481300172926,1,0.4599999999999999
890,31-614-CAS-29244011,1,b,thioglycoside,random_forest,structure_only,split_pair_group,0.8057535628372059,1,0.4599999999999999
891,31-614-CAS-26064585,1,b,thioglycoside,random_forest,structure_only,split_pair_group,0.8057535628372059,1,0.4599999999999999
896,31-013-CAS-8933724,0,a,thioglycoside,random_forest,structure_only,split_pair_group,0.21708748081534243,0,0.4599999999999999
901,31-614-CAS-27463098,0,a,thioglycoside,random_forest,structure_only,split_pair_group,0.2713822176469209,0,0.4599999999999999
904,31-013-CAS-17702336,1,b,thioglycoside,random_forest,structure_only,split_pair_group,0.7670997207270656,1,0.4599999999999999
905,31-013-CAS-21762107,1,b,thioglycoside,random_forest,structure_only,split_pair_group,0.7670997207270656,1,0.4599999999999999
906,31-013-CAS-21945116,1,b,thioglycoside,random_forest,structure_only,split_pair_group,0.7670997207270656,1,0.4599999999999999
908,31-013-CAS-12760013,0,a,thioglycoside,random_forest,structure_only,split_pair_group,0.1134371354716596,0,0.4599999999999999
921,31-013-CAS-7584459,1,b,thioglycoside,random_forest,structure_only,split_pair_group,0.43514300852521304,0,0.4599999999999999
922,31-013-CAS-1058357,1,b,thioglycoside,random_forest,structure_only,split_pair_group,0.43514300852521304,0,0.4599999999999999
925,31-013-CAS-19796368,1,b,thioglycoside,random_forest,structure_only,split_pair_group,0.8441424590462786,1,0.4599999999999999
926,31-013-CAS-5703022,1,b,thioglycoside,random_forest,structure_only,split_pair_group,0.8441424590462786,1,0.4599999999999999
935,31-013-CAS-9419983,0,a,thioglycoside,random_forest,structure_only,split_pair_group,0.025515083856423256,0,0.4599999999999999
937,31-013-CAS-11635380,0,a,thioglycoside,random_forest,structure_only,split_pair_group,0.03478637879937377,0,0.4599999999999999
942,31-013-CAS-13870844,0,a,thioglycoside,random_forest,structure_only,split_pair_group,0.31007206857576747,0,0.4599999999999999
943,31-013-CAS-4635858,0,a,thioglycoside,random_forest,structure_only,split_pair_group,0.21423793599746943,0,0.4599999999999999
944,31-614-CAS-34709650,0,a,thioglycoside,random_forest,structure_only,split_pair_group,0.7981987353597416,1,0.4599999999999999
946,31-013-CAS-6806986,1,b,thioglycoside,random_forest,structure_only,split_pair_group,0.8009606551323006,1,0.4599999999999999
963,31-614-CAS-26047459,1,b,thioglycoside,random_forest,structure_only,split_pair_group,0.7036711979032912,1,0.4599999999999999
1008,31-013-CAS-5259694,1,b,thioglycoside,random_forest,structure_only,split_pair_group,0.8016935107853921,1,0.4599999999999999
1009,31-013-CAS-3120111,1,b,thioglycoside,random_forest,structure_only,split_pair_group,0.8016935107853921,1,0.4599999999999999
1012,31-013-CAS-21905508,1,b,thioglycoside,random_forest,structure_only,split_pair_group,0.7480245752360385,1,0.4599999999999999
1014,31-013-CAS-18496614,1,b,thioglycoside,random_forest,structure_only,split_pair_group,0.7329432059943111,1,0.4599999999999999
1024,31-013-CAS-12877153,0,a,thioglycoside,random_forest,structure_only,split_pair_group,0.29289882096466235,0,0.4599999999999999
1025,31-013-CAS-7511274,0,a,thioglycoside,random_forest,structure_only,split_pair_group,0.29289882096466235,0,0.4599999999999999
1026,31-013-CAS-854940,0,a,thioglycoside,random_forest,structure_only,split_pair_group,0.29289882096466235,0,0.4599999999999999
1027,31-013-CAS-8833991,0,a,thioglycoside,random_forest,structure_only,split_pair_group,0.1271241769145418,0,0.4599999999999999
1029,31-013-CAS-2439768,1,b,thioglycoside,random_forest,structure_only,split_pair_group,0.6820383201139387,1,0.4599999999999999
1032,31-013-CAS-3532904,1,b,thioglycoside,random_forest,structure_only,split_pair_group,0.5994962315446521,1,0.4599999999999999
1033,31-013-CAS-15039708,1,b,thioglycoside,random_forest,structure_only,split_pair_group,0.5994962315446521,1,0.4599999999999999
1042,31-013-CAS-2224404,1,b,thioglycoside,random_forest,structure_only,split_pair_group,0.3312069533138313,0,0.4599999999999999
1043,31-013-CAS-19733121,0,a,thioglycoside,random_forest,structure_only,split_pair_group,0.14363704308947597,0,0.4599999999999999
1061,31-013-CAS-16587031,0,a,thioglycoside,random_forest,structure_only,split_pair_group,0.517230409676989,1,0.4599999999999999
1085,31-614-CAS-36914120,0,a,thioglycoside,random_forest,structure_only,split_pair_group,0.3437164253722707,0,0.4599999999999999
1091,31-013-CAS-16946845,1,b,thioglycoside,random_forest,structure_only,split_pair_group,0.5850262519142202,1,0.4599999999999999
1103,31-614-CAS-35394448,1,b,thioglycoside,random_forest,structure_only,split_pair_group,0.26810070218470167,0,0.4599999999999999
1104,31-614-CAS-34336268,0,a,thioglycoside,random_forest,structure_only,split_pair_group,0.2612029857779223,0,0.4599999999999999
1105,31-614-CAS-32458097,0,a,thioglycoside,random_forest,structure_only,split_pair_group,0.2612029857779223,0,0.4599999999999999
1106,31-614-CAS-37588004,0,a,thioglycoside,random_forest,structure_only,split_pair_group,0.2612029857779223,0,0.4599999999999999
1117,31-013-CAS-16968435,1,b,thioglycoside,random_forest,structure_only,split_pair_group,0.8648846098535404,1,0.4599999999999999
1124,31-013-CAS-14738874,0,a,thioglycoside,random_forest,structure_only,split_pair_group,0.09500990008023512,0,0.4599999999999999
1127,31-013-CAS-11726967,0,a,thioglycoside,random_forest,structure_only,split_pair_group,0.019313887206274614,0,0.4599999999999999
1141,31-013-CAS-17791367,0,a,thioglycoside,random_forest,structure_only,split_pair_group,0.06252066574320447,0,0.4599999999999999
1150,31-013-CAS-741372,1,b,thioglycoside,random_forest,structure_only,split_pair_group,0.9436277651429513,1,0.4599999999999999
1160,31-013-CAS-17453665,1,b,thioglycoside,random_forest,structure_only,split_pair_group,0.8955435954183415,1,0.4599999999999999
1165,31-013-CAS-11784711,1,b,thioglycoside,random_forest,structure_only,split_pair_group,0.24650738992863447,0,0.4599999999999999
1175,31-013-CAS-21359611,0,a,thioglycoside,random_forest,structure_only,split_pair_group,0.1306970912586855,0,0.4599999999999999
1176,31-013-CAS-9488276,0,a,thioglycoside,random_forest,structure_only,split_pair_group,0.1306970912586855,0,0.4599999999999999
1182,31-013-CAS-12326620,0,a,thioglycoside,random_forest,structure_only,split_pair_group,0.19814279935726137,0,0.4599999999999999
1185,31-013-CAS-23539710,0,a,thioglycoside,random_forest,structure_only,split_pair_group,0.1599622727293668,0,0.4599999999999999
1187,31-013-CAS-14640673,0,a,thioglycoside,random_forest,structure_only,split_pair_group,0.5419396152801542,1,0.4599999999999999
1196,31-013-CAS-1342962,1,b,thioglycoside,random_forest,structure_only,split_pair_group,0.9855489156844813,1,0.4599999999999999
1210,31-013-CAS-3582973,0,a,thioglycoside,random_forest,structure_only,split_pair_group,0.5634782734494428,1,0.4599999999999999
1226,31-013-CAS-4366967,1,b,thioglycoside,random_forest,structure_only,split_pair_group,0.9345029465167461,1,0.4599999999999999
1229,31-013-CAS-16946849,1,b,thioglycoside,random_forest,structure_only,split_pair_group,0.840501704696179,1,0.4599999999999999
1241,31-013-CAS-2182975,1,b,thioglycoside,random_forest,structure_only,split_pair_group,0.666072126232121,1,0.4599999999999999
1247,31-013-CAS-13251956,1,b,thioglycoside,random_forest,structure_only,split_pair_group,0.8693107002560662,1,0.4599999999999999
1248,31-013-CAS-3002515,0,a,thioglycoside,random_forest,structure_only,split_pair_group,0.5634782734494428,1,0.4599999999999999
1261,31-614-CAS-37587999,0,a,thioglycoside,random_forest,structure_only,split_pair_group,0.05459550800959442,0,0.4599999999999999
1264,31-013-CAS-806847,1,b,thioglycoside,random_forest,structure_only,split_pair_group,0.9214966035095864,1,0.4599999999999999
1268,31-013-CAS-1585686,1,b,thioglycoside,random_forest,structure_only,split_pair_group,0.9725225313381742,1,0.4599999999999999
1269,31-013-CAS-7643019,1,b,thioglycoside,random_forest,structure_only,split_pair_group,0.9725225313381742,1,0.4599999999999999
1280,31-614-CAS-34954204,0,a,thioglycoside,random_forest,structure_only,split_pair_group,0.6649317282407863,1,0.4599999999999999
1288,31-013-CAS-14512141,1,b,thioglycoside,random_forest,structure_only,split_pair_group,0.8672613269996272,1,0.4599999999999999
1293,31-614-CAS-34956360,1,b,thioglycoside,random_forest,structure_only,split_pair_group,0.8865142301015724,1,0.4599999999999999
1294,31-614-CAS-40218495,1,b,thioglycoside,random_forest,structure_only,split_pair_group,0.7426780731385724,1,0.4599999999999999
1299,31-013-CAS-21608786,0,a,thioglycoside,random_forest,structure_only,split_pair_group,0.5240821339608634,1,0.4599999999999999
1301,31-013-CAS-7147519,0,a,thioglycoside,random_forest,structure_only,split_pair_group,0.3778738444727855,0,0.4599999999999999
1319,31-614-CAS-44041084,1,b,thioglycoside,random_forest,structure_only,split_pair_group,0.7516358596784234,1,0.4599999999999999
1320,31-013-CAS-12262753,1,b,thioglycoside,random_forest,structure_only,split_pair_group,0.735808123444337,1,0.4599999999999999
1331,31-614-CAS-39834134,0,a,thioglycoside,random_forest,structure_only,split_pair_group,0.6739107561584011,1,0.4599999999999999
1340,31-614-CAS-23946125,0,a,thioglycoside,random_forest,structure_only,split_pair_group,0.14639904349955155,0,0.4599999999999999
1345,31-013-CAS-1583370,0,a,thioglycoside,random_forest,structure_only,split_pair_group,0.1620229937637778,0,0.4599999999999999
1360,31-013-CAS-4188841,1,b,thioglycoside,random_forest,structure_only,split_pair_group,0.9153385127051702,1,0.4599999999999999
1361,31-013-CAS-1880759,1,b,thioglycoside,random_forest,structure_only,split_pair_group,0.9153385127051702,1,0.4599999999999999
1363,31-013-CAS-1686035,1,b,thioglycoside,random_forest,structure_only,split_pair_group,0.8834178479978388,1,0.4599999999999999
1371,31-013-CAS-13595742,0,a,thioglycoside,random_forest,structure_only,split_pair_group,0.21093514522880016,0,0.4599999999999999
1372,31-013-CAS-2565194,1,b,thioglycoside,random_forest,structure_only,split_pair_group,0.8797984545346096,1,0.4599999999999999
1387,31-013-CAS-12685556,1,b,thioglycoside,random_forest,structure_only,split_pair_group,0.9727127776270497,1,0.4599999999999999
1388,31-013-CAS-16806675,1,b,thioglycoside,random_forest,structure_only,split_pair_group,0.9727127776270497,1,0.4599999999999999
1389,31-013-CAS-6076988,1,b,thioglycoside,random_forest,structure_only,split_pair_group,0.9727127776270497,1,0.4599999999999999
1413,31-013-CAS-15393474,1,b,thioglycoside,random_forest,structure_only,split_pair_group,0.9563481562178003,1,0.4599999999999999
1414,31-013-CAS-3282710,1,b,thioglycoside,random_forest,structure_only,split_pair_group,0.9152631452919997,1,0.4599999999999999
1415,31-013-CAS-4022684,1,b,thioglycoside,random_forest,structure_only,split_pair_group,0.9688011368213567,1,0.4599999999999999
1416,31-013-CAS-7726616,1,b,thioglycoside,random_forest,structure_only,split_pair_group,0.944444443773786,1,0.4599999999999999
1418,31-013-CAS-16820825,1,b,thioglycoside,random_forest,structure_only,split_pair_group,0.9807344188238759,1,0.4599999999999999
1422,31-013-CAS-21944308,1,b,thioglycoside,random_forest,structure_only,split_pair_group,0.9181232922832284,1,0.4599999999999999
1426,31-614-CAS-28293923,1,b,thioglycoside,random_forest,structure_only,split_pair_group,0.961162137456883,1,0.4599999999999999
1430,31-013-CAS-8917480,1,b,thioglycoside,random_forest,structure_only,split_pair_group,0.9299067589732055,1,0.4599999999999999
1439,31-013-CAS-7488283,1,b,thioglycoside,random_forest,structure_only,split_pair_group,0.966584133475908,1,0.4599999999999999
1445,31-013-CAS-12921527,1,b,thioglycoside,random_forest,structure_only,split_pair_group,0.45067904730665437,0,0.4599999999999999
1453,31-614-CAS-24299301,0,a,thioglycoside,random_forest,structure_only,split_pair_group,0.4321046728793042,0,0.4599999999999999
1454,31-013-CAS-20404994,1,b,thioglycoside,random_forest,structure_only,split_pair_group,0.9317723325600579,1,0.4599999999999999
1456,31-013-CAS-1120171,1,b,thioglycoside,random_forest,structure_only,split_pair_group,0.9889357731404997,1,0.4599999999999999
1457,31-013-CAS-7286890,0,a,thioglycoside,random_forest,structure_only,split_pair_group,0.16728178546987713,0,0.4599999999999999
1459,31-013-CAS-15100866,1,b,thioglycoside,random_forest,structure_only,split_pair_group,0.7609822980683201,1,0.4599999999999999
1460,31-614-CAS-24965173,1,b,thioglycoside,random_forest,structure_only,split_pair_group,0.9450108244087213,1,0.4599999999999999
1464,31-013-CAS-4102089,1,b,thioglycoside,random_forest,structure_only,split_pair_group,0.9476901551618334,1,0.4599999999999999
1466,31-301-CAS-14089757,1,b,thioglycoside,random_forest,structure_only,split_pair_group,0.638770860739637,1,0.4599999999999999
1467,31-301-CAS-2081601,1,b,thioglycoside,random_forest,structure_only,split_pair_group,0.638770860739637,1,0.4599999999999999
1474,31-013-CAS-3406433,1,b,thioglycoside,random_forest,structure_only,split_pair_group,0.942111311246565,1,0.4599999999999999
1475,31-013-CAS-23731804,1,b,thioglycoside,random_forest,structure_only,split_pair_group,0.7578125847294941,1,0.4599999999999999
1482,31-013-CAS-4942088,1,b,thioglycoside,random_forest,structure_only,split_pair_group,0.9644753686066787,1,0.4599999999999999
1494,31-013-CAS-5792629,0,a,thioglycoside,random_forest,structure_only,split_pair_group,0.32555669697353584,0,0.4599999999999999
1496,31-013-CAS-15382044,1,b,thioglycoside,random_forest,structure_only,split_pair_group,0.870389589484332,1,0.4599999999999999
1500,31-013-CAS-11809252,0,a,thioglycoside,random_forest,structure_only,split_pair_group,0.6877687232711697,1,0.4599999999999999
1505,31-013-CAS-2166542,1,b,thioglycoside,random_forest,structure_only,split_pair_group,0.8902557766689023,1,0.4599999999999999
1511,31-013-CAS-19117152,1,b,thioglycoside,random_forest,structure_only,split_pair_group,0.7129819818505746,1,0.4599999999999999
1518,31-013-CAS-7065488,1,b,thioglycoside,random_forest,structure_only,split_pair_group,0.920803041989804,1,0.4599999999999999
1520,31-614-CAS-30618647,1,b,thioglycoside,random_forest,structure_only,split_pair_group,0.8425812429253196,1,0.4599999999999999
1526,31-013-CAS-11179214,1,b,thioglycoside,random_forest,structure_only,split_pair_group,0.6945865705150264,1,0.4599999999999999
1528,31-013-CAS-8627156,1,b,thioglycoside,random_forest,structure_only,split_pair_group,0.790556511703753,1,0.4599999999999999
1529,31-013-CAS-26474,1,b,thioglycoside,random_forest,structure_only,split_pair_group,0.790556511703753,1,0.4599999999999999
1532,31-614-CAS-41884159,0,a,thioglycoside,random_forest,structure_only,split_pair_group,0.06723690090570783,0,0.4599999999999999
1533,31-614-CAS-37959480,0,a,thioglycoside,random_forest,structure_only,split_pair_group,0.06723690090570783,0,0.4599999999999999
1541,31-614-CAS-45240845,0,a,thioglycoside,random_forest,structure_only,split_pair_group,0.33969531391971713,0,0.4599999999999999
1542,31-013-CAS-21774311,0,a,thioglycoside,random_forest,structure_only,split_pair_group,0.3366670168465577,0,0.4599999999999999
1543,31-614-CAS-41884456,0,a,thioglycoside,random_forest,structure_only,split_pair_group,0.07827297240609303,0,0.4599999999999999
1544,31-614-CAS-37959617,0,a,thioglycoside,random_forest,structure_only,split_pair_group,0.07827297240609303,0,0.4599999999999999
1548,31-013-CAS-4019424,1,b,thioglycoside,random_forest,structure_only,split_pair_group,0.9553131469758313,1,0.4599999999999999
1550,31-614-CAS-24501387,1,b,thioglycoside,random_forest,structure_only,split_pair_group,0.9461551873765668,1,0.4599999999999999
1551,31-614-CAS-29170155,1,b,thioglycoside,random_forest,structure_only,split_pair_group,0.6362900796995695,1,0.4599999999999999
1552,31-614-CAS-27856064,1,b,thioglycoside,random_forest,structure_only,split_pair_group,0.6362900796995695,1,0.4599999999999999
1553,31-013-CAS-7313950,1,b,thioglycoside,random_forest,structure_only,split_pair_group,0.9194283940997443,1,0.4599999999999999
1558,31-013-CAS-21471842,1,b,thioglycoside,random_forest,structure_only,split_pair_group,0.9033042871125394,1,0.4599999999999999
16,31-010-CAS-22198130,1,b,trichloroacetimidate,xgboost,structure_only,split_pair_group,0.8629869818687439,1,0.6
25,31-010-CAS-5525801,1,b,trichloroacetimidate,xgboost,structure_only,split_pair_group,0.9934091567993164,1,0.6
26,31-614-CAS-31203171,0,a,trichloroacetimidate,xgboost,structure_only,split_pair_group,0.8094918727874756,1,0.6
36,31-010-CAS-4980852,1,b,trichloroacetimidate,xgboost,structure_only,split_pair_group,0.8341923952102661,1,0.6
54,31-010-CAS-19796375,1,b,trichloroacetimidate,xgboost,structure_only,split_pair_group,0.9926186203956604,1,0.6
74,31-010-CAS-8524792,0,a,trichloroacetimidate,xgboost,structure_only,split_pair_group,0.15955489873886108,0,0.6
78,31-010-CAS-1161485,0,a,trichloroacetimidate,xgboost,structure_only,split_pair_group,0.10324306786060333,0,0.6
114,31-010-CAS-6728808,0,a,trichloroacetimidate,xgboost,structure_only,split_pair_group,0.9415143132209778,1,0.6
127,31-010-CAS-3431516,1,b,trichloroacetimidate,xgboost,structure_only,split_pair_group,0.9334595799446106,1,0.6
138,31-010-CAS-12729167,1,b,trichloroacetimidate,xgboost,structure_only,split_pair_group,0.29414504766464233,0,0.6
142,31-010-CAS-11617057,1,b,trichloroacetimidate,xgboost,structure_only,split_pair_group,0.9744866490364075,1,0.6
143,31-010-CAS-3803419,0,a,trichloroacetimidate,xgboost,structure_only,split_pair_group,0.1499115526676178,0,0.6
146,31-010-CAS-13055419,1,b,trichloroacetimidate,xgboost,structure_only,split_pair_group,0.9948474168777466,1,0.6
148,31-010-CAS-884798,1,b,trichloroacetimidate,xgboost,structure_only,split_pair_group,0.9722760319709778,1,0.6
157,31-010-CAS-23202756,1,b,trichloroacetimidate,xgboost,structure_only,split_pair_group,0.9700642228126526,1,0.6
161,31-010-CAS-8171704,1,b,trichloroacetimidate,xgboost,structure_only,split_pair_group,0.9792475700378418,1,0.6
170,31-010-CAS-16546348,1,b,trichloroacetimidate,xgboost,structure_only,split_pair_group,0.993999719619751,1,0.6
171,31-010-CAS-23204857,1,b,trichloroacetimidate,xgboost,structure_only,split_pair_group,0.9659159183502197,1,0.6
183,31-010-CAS-4294380,0,a,trichloroacetimidate,xgboost,structure_only,split_pair_group,0.12390045821666718,0,0.6
186,31-010-CAS-11796742,0,a,trichloroacetimidate,xgboost,structure_only,split_pair_group,0.0483468733727932,0,0.6
195,31-614-CAS-36199892,1,b,trichloroacetimidate,xgboost,structure_only,split_pair_group,0.9869911074638367,1,0.6
203,31-010-CAS-16546344,1,b,trichloroacetimidate,xgboost,structure_only,split_pair_group,0.9972332119941711,1,0.6
219,31-010-CAS-3920193,0,a,trichloroacetimidate,xgboost,structure_only,split_pair_group,0.03854897618293762,0,0.6
220,31-010-CAS-20767187,0,a,trichloroacetimidate,xgboost,structure_only,split_pair_group,0.03854897618293762,0,0.6
221,31-010-CAS-17642154,0,a,trichloroacetimidate,xgboost,structure_only,split_pair_group,0.03854897618293762,0,0.6
234,31-013-CAS-5827715,1,b,trichloroacetimidate,xgboost,structure_only,split_pair_group,0.9879251718521118,1,0.6
241,31-010-CAS-14863653,1,b,trichloroacetimidate,xgboost,structure_only,split_pair_group,0.2986040711402893,0,0.6
243,31-010-CAS-13659910,1,b,trichloroacetimidate,xgboost,structure_only,split_pair_group,0.9924967288970947,1,0.6
250,31-010-CAS-1767038,0,a,trichloroacetimidate,xgboost,structure_only,split_pair_group,0.25679895281791687,0,0.6
265,31-010-CAS-7479832,1,b,trichloroacetimidate,xgboost,structure_only,split_pair_group,0.9327372312545776,1,0.6
272,31-010-CAS-9842150,1,b,trichloroacetimidate,xgboost,structure_only,split_pair_group,0.9966350197792053,1,0.6
284,31-010-CAS-4637552,1,b,trichloroacetimidate,xgboost,structure_only,split_pair_group,0.9724593162536621,1,0.6
296,31-010-CAS-11281477,1,b,trichloroacetimidate,xgboost,structure_only,split_pair_group,0.9380263090133667,1,0.6
298,31-010-CAS-6624950,1,b,trichloroacetimidate,xgboost,structure_only,split_pair_group,0.9787646532058716,1,0.6
310,31-010-CAS-7407036,0,a,trichloroacetimidate,xgboost,structure_only,split_pair_group,0.03854897618293762,0,0.6
317,31-010-CAS-17830886,1,b,trichloroacetimidate,xgboost,structure_only,split_pair_group,0.8735224604606628,1,0.6
334,31-010-CAS-21359677,1,b,trichloroacetimidate,xgboost,structure_only,split_pair_group,0.887567937374115,1,0.6
335,31-010-CAS-1287355,1,b,trichloroacetimidate,xgboost,structure_only,split_pair_group,0.887567937374115,1,0.6
360,31-010-CAS-21359666,1,b,trichloroacetimidate,xgboost,structure_only,split_pair_group,0.9887758493423462,1,0.6
361,31-010-CAS-1619273,1,b,trichloroacetimidate,xgboost,structure_only,split_pair_group,0.9887758493423462,1,0.6
364,31-010-CAS-21359670,1,b,trichloroacetimidate,xgboost,structure_only,split_pair_group,0.989722728729248,1,0.6
365,31-010-CAS-10139664,1,b,trichloroacetimidate,xgboost,structure_only,split_pair_group,0.989722728729248,1,0.6
383,31-010-CAS-5251218,0,a,trichloroacetimidate,xgboost,structure_only,split_pair_group,0.0975625216960907,0,0.6
384,31-010-CAS-5898048,1,b,trichloroacetimidate,xgboost,structure_only,split_pair_group,0.28720858693122864,0,0.6
391,31-010-CAS-17658048,0,a,trichloroacetimidate,xgboost,structure_only,split_pair_group,0.5156727433204651,0,0.6
392,31-010-CAS-12999057,0,a,trichloroacetimidate,xgboost,structure_only,split_pair_group,0.5156727433204651,0,0.6
400,31-010-CAS-15131203,1,b,trichloroacetimidate,xgboost,structure_only,split_pair_group,0.3468362092971802,0,0.6
406,31-010-CAS-18971959,1,b,trichloroacetimidate,xgboost,structure_only,split_pair_group,0.9722601175308228,1,0.6
418,31-010-CAS-7849619,1,b,trichloroacetimidate,xgboost,structure_only,split_pair_group,0.9861976504325867,1,0.6
428,31-010-CAS-21359659,1,b,trichloroacetimidate,xgboost,structure_only,split_pair_group,0.8869796991348267,1,0.6
429,31-010-CAS-12041024,1,b,trichloroacetimidate,xgboost,structure_only,split_pair_group,0.8869796991348267,1,0.6
431,31-010-CAS-21359681,1,b,trichloroacetimidate,xgboost,structure_only,split_pair_group,0.9649617075920105,1,0.6
432,31-010-CAS-9811894,1,b,trichloroacetimidate,xgboost,structure_only,split_pair_group,0.9649617075920105,1,0.6
441,31-010-CAS-8693853,1,b,trichloroacetimidate,xgboost,structure_only,split_pair_group,0.1838075965642929,0,0.6
448,31-010-CAS-13639242,0,a,trichloroacetimidate,xgboost,structure_only,split_pair_group,0.07128169387578964,0,0.6
471,31-010-CAS-6859118,0,a,trichloroacetimidate,xgboost,structure_only,split_pair_group,0.02527686581015587,0,0.6
475,31-010-CAS-6246955,0,a,trichloroacetimidate,xgboost,structure_only,split_pair_group,0.1864781528711319,0,0.6
483,31-010-CAS-5827902,0,a,trichloroacetimidate,xgboost,structure_only,split_pair_group,0.01895647495985031,0,0.6
484,31-010-CAS-13993703,0,a,trichloroacetimidate,xgboost,structure_only,split_pair_group,0.01895647495985031,0,0.6
504,31-010-CAS-10204303,1,b,trichloroacetimidate,xgboost,structure_only,split_pair_group,0.9846279621124268,1,0.6
511,31-010-CAS-1044733,1,b,trichloroacetimidate,xgboost,structure_only,split_pair_group,0.971788763999939,1,0.6
515,31-010-CAS-878517,1,b,trichloroacetimidate,xgboost,structure_only,split_pair_group,0.5455358624458313,0,0.6
530,31-010-CAS-10263463,1,b,trichloroacetimidate,xgboost,structure_only,split_pair_group,0.3468362092971802,0,0.6
533,31-010-CAS-15475722,0,a,trichloroacetimidate,xgboost,structure_only,split_pair_group,0.03705289214849472,0,0.6
539,31-010-CAS-15140208,1,b,trichloroacetimidate,xgboost,structure_only,split_pair_group,0.39831438660621643,0,0.6
540,31-010-CAS-14143291,1,b,trichloroacetimidate,xgboost,structure_only,split_pair_group,0.3468362092971802,0,0.6
544,31-010-CAS-14482114,0,a,trichloroacetimidate,xgboost,structure_only,split_pair_group,0.3468362092971802,0,0.6
545,31-010-CAS-16396095,1,b,trichloroacetimidate,xgboost,structure_only,split_pair_group,0.9924024343490601,1,0.6
559,31-010-CAS-12809730,0,a,trichloroacetimidate,xgboost,structure_only,split_pair_group,0.046932511031627655,0,0.6
565,31-010-CAS-5089795,0,a,trifluoroacetimidate,xgboost,structure_only,split_pair_group,0.07800920307636261,0,0.6
568,31-010-CAS-6229676,0,a,trifluoroacetimidate,xgboost,structure_only,split_pair_group,0.013691479340195656,0,0.6
588,31-010-CAS-8250667,1,b,trifluoroacetimidate,xgboost,structure_only,split_pair_group,0.6092725396156311,1,0.6
594,31-013-CAS-5629637,0,a,trifluoroacetimidate,xgboost,structure_only,split_pair_group,0.04708157479763031,0,0.6
613,31-013-CAS-12466161,1,b,trifluoroacetimidate,xgboost,structure_only,split_pair_group,0.9751619100570679,1,0.6
615,31-010-CAS-22654654,0,a,trifluoroacetimidate,xgboost,structure_only,split_pair_group,0.022106753662228584,0,0.6
620,31-010-CAS-21471849,1,b,trifluoroacetimidate,xgboost,structure_only,split_pair_group,0.9480279088020325,1,0.6
623,31-614-CAS-40997648,1,b,trifluoroacetimidate,xgboost,structure_only,split_pair_group,0.9571810364723206,1,0.6
630,31-010-CAS-11999440,1,b,trifluoroacetimidate,xgboost,structure_only,split_pair_group,0.949616014957428,1,0.6
641,31-010-CAS-21471846,1,b,trifluoroacetimidate,xgboost,structure_only,split_pair_group,0.9898878931999207,1,0.6
648,31-614-CAS-35275413,1,b,trifluoroacetimidate,xgboost,structure_only,split_pair_group,0.9461206793785095,1,0.6
655,31-013-CAS-14145593,0,a,thioglycoside,xgboost,structure_only,split_pair_group,0.006672014947980642,0,0.6
656,31-013-CAS-22581512,0,a,thioglycoside,xgboost,structure_only,split_pair_group,0.03409269079566002,0,0.6
657,31-013-CAS-9001704,0,a,thioglycoside,xgboost,structure_only,split_pair_group,0.02936929278075695,0,0.6
661,31-013-CAS-20074834,0,a,thioglycoside,xgboost,structure_only,split_pair_group,0.008266963995993137,0,0.6
662,31-013-CAS-17381412,0,a,thioglycoside,xgboost,structure_only,split_pair_group,0.008266963995993137,0,0.6
679,31-013-CAS-20074845,0,a,thioglycoside,xgboost,structure_only,split_pair_group,0.014092854224145412,0,0.6
680,31-013-CAS-17381425,0,a,thioglycoside,xgboost,structure_only,split_pair_group,0.014092854224145412,0,0.6
682,31-013-CAS-4038549,0,a,thioglycoside,xgboost,structure_only,split_pair_group,0.3665296137332916,0,0.6
683,31-013-CAS-22198141,0,a,thioglycoside,xgboost,structure_only,split_pair_group,0.07515638321638107,0,0.6
688,31-013-CAS-308870,0,a,thioglycoside,xgboost,structure_only,split_pair_group,0.4667055606842041,0,0.6
692,31-013-CAS-7066819,0,a,thioglycoside,xgboost,structure_only,split_pair_group,0.0032150093466043472,0,0.6
697,31-013-CAS-15171815,0,a,thioglycoside,xgboost,structure_only,split_pair_group,0.00845155119895935,0,0.6
700,31-013-CAS-14695973,0,a,thioglycoside,xgboost,structure_only,split_pair_group,0.012226143851876259,0,0.6
719,31-013-CAS-18792530,0,a,thioglycoside,xgboost,structure_only,split_pair_group,0.345861554145813,0,0.6
720,31-013-CAS-13505033,0,a,thioglycoside,xgboost,structure_only,split_pair_group,0.345861554145813,0,0.6
721,31-013-CAS-13132878,0,a,thioglycoside,xgboost,structure_only,split_pair_group,0.345861554145813,0,0.6
722,31-013-CAS-21359610,0,a,thioglycoside,xgboost,structure_only,split_pair_group,0.09774194657802582,0,0.6
723,31-013-CAS-7463166,0,a,thioglycoside,xgboost,structure_only,split_pair_group,0.09774194657802582,0,0.6
739,31-013-CAS-10316632,0,a,thioglycoside,xgboost,structure_only,split_pair_group,0.6713079810142517,1,0.6
807,31-013-CAS-1407934,0,a,thioglycoside,xgboost,structure_only,split_pair_group,0.6446675062179565,1,0.6
831,31-013-CAS-1278764,0,a,thioglycoside,xgboost,structure_only,split_pair_group,0.10031893849372864,0,0.6
833,31-013-CAS-20818633,0,a,thioglycoside,xgboost,structure_only,split_pair_group,0.3023499548435211,0,0.6
837,31-614-CAS-38307143,1,b,thioglycoside,xgboost,structure_only,split_pair_group,0.9832443594932556,1,0.6
841,31-013-CAS-12570626,1,b,thioglycoside,xgboost,structure_only,split_pair_group,0.09479574114084244,0,0.6
842,31-013-CAS-3447636,1,b,thioglycoside,xgboost,structure_only,split_pair_group,0.09479574114084244,0,0.6
843,31-013-CAS-1313681,1,b,thioglycoside,xgboost,structure_only,split_pair_group,0.09479574114084244,0,0.6
850,31-013-CAS-19733120,0,a,thioglycoside,xgboost,structure_only,split_pair_group,0.13542059063911438,0,0.6
851,31-013-CAS-11213156,1,b,thioglycoside,xgboost,structure_only,split_pair_group,0.6754363179206848,1,0.6
855,31-049-CAS-11119860,1,b,thioglycoside,xgboost,structure_only,split_pair_group,0.9522298574447632,1,0.6
864,31-614-CAS-25201498,1,b,thioglycoside,xgboost,structure_only,split_pair_group,0.9522298574447632,1,0.6
865,31-614-CAS-27090868,1,b,thioglycoside,xgboost,structure_only,split_pair_group,0.9522298574447632,1,0.6
884,31-013-CAS-9389396,1,b,thioglycoside,xgboost,structure_only,split_pair_group,0.5225394368171692,0,0.6
885,31-013-CAS-3991023,1,b,thioglycoside,xgboost,structure_only,split_pair_group,0.5225394368171692,0,0.6
890,31-614-CAS-29244011,1,b,thioglycoside,xgboost,structure_only,split_pair_group,0.9554675817489624,1,0.6
891,31-614-CAS-26064585,1,b,thioglycoside,xgboost,structure_only,split_pair_group,0.9554675817489624,1,0.6
896,31-013-CAS-8933724,0,a,thioglycoside,xgboost,structure_only,split_pair_group,0.20784476399421692,0,0.6
901,31-614-CAS-27463098,0,a,thioglycoside,xgboost,structure_only,split_pair_group,0.03968614339828491,0,0.6
904,31-013-CAS-17702336,1,b,thioglycoside,xgboost,structure_only,split_pair_group,0.8839373588562012,1,0.6
905,31-013-CAS-21762107,1,b,thioglycoside,xgboost,structure_only,split_pair_group,0.8839373588562012,1,0.6
906,31-013-CAS-21945116,1,b,thioglycoside,xgboost,structure_only,split_pair_group,0.8839373588562012,1,0.6
908,31-013-CAS-12760013,0,a,thioglycoside,xgboost,structure_only,split_pair_group,0.022412974387407303,0,0.6
921,31-013-CAS-7584459,1,b,thioglycoside,xgboost,structure_only,split_pair_group,0.520514726638794,0,0.6
922,31-013-CAS-1058357,1,b,thioglycoside,xgboost,structure_only,split_pair_group,0.520514726638794,0,0.6
925,31-013-CAS-19796368,1,b,thioglycoside,xgboost,structure_only,split_pair_group,0.9823212623596191,1,0.6
926,31-013-CAS-5703022,1,b,thioglycoside,xgboost,structure_only,split_pair_group,0.9823212623596191,1,0.6
935,31-013-CAS-9419983,0,a,thioglycoside,xgboost,structure_only,split_pair_group,0.0013354168040677905,0,0.6
937,31-013-CAS-11635380,0,a,thioglycoside,xgboost,structure_only,split_pair_group,0.001564392470754683,0,0.6
942,31-013-CAS-13870844,0,a,thioglycoside,xgboost,structure_only,split_pair_group,0.11729372292757034,0,0.6
943,31-013-CAS-4635858,0,a,thioglycoside,xgboost,structure_only,split_pair_group,0.24290725588798523,0,0.6
944,31-614-CAS-34709650,0,a,thioglycoside,xgboost,structure_only,split_pair_group,0.7667568922042847,1,0.6
946,31-013-CAS-6806986,1,b,thioglycoside,xgboost,structure_only,split_pair_group,0.8274427652359009,1,0.6
963,31-614-CAS-26047459,1,b,thioglycoside,xgboost,structure_only,split_pair_group,0.8331152200698853,1,0.6
1008,31-013-CAS-5259694,1,b,thioglycoside,xgboost,structure_only,split_pair_group,0.7105596661567688,1,0.6
1009,31-013-CAS-3120111,1,b,thioglycoside,xgboost,structure_only,split_pair_group,0.7105596661567688,1,0.6
1012,31-013-CAS-21905508,1,b,thioglycoside,xgboost,structure_only,split_pair_group,0.9657109975814819,1,0.6
1014,31-013-CAS-18496614,1,b,thioglycoside,xgboost,structure_only,split_pair_group,0.9207376837730408,1,0.6
1024,31-013-CAS-12877153,0,a,thioglycoside,xgboost,structure_only,split_pair_group,0.01230786181986332,0,0.6
1025,31-013-CAS-7511274,0,a,thioglycoside,xgboost,structure_only,split_pair_group,0.01230786181986332,0,0.6
1026,31-013-CAS-854940,0,a,thioglycoside,xgboost,structure_only,split_pair_group,0.01230786181986332,0,0.6
1027,31-013-CAS-8833991,0,a,thioglycoside,xgboost,structure_only,split_pair_group,0.026461509987711906,0,0.6
1029,31-013-CAS-2439768,1,b,thioglycoside,xgboost,structure_only,split_pair_group,0.7856012582778931,1,0.6
1032,31-013-CAS-3532904,1,b,thioglycoside,xgboost,structure_only,split_pair_group,0.7715185880661011,1,0.6
1033,31-013-CAS-15039708,1,b,thioglycoside,xgboost,structure_only,split_pair_group,0.7715185880661011,1,0.6
1042,31-013-CAS-2224404,1,b,thioglycoside,xgboost,structure_only,split_pair_group,0.2824677526950836,0,0.6
1043,31-013-CAS-19733121,0,a,thioglycoside,xgboost,structure_only,split_pair_group,0.12313912808895111,0,0.6
1061,31-013-CAS-16587031,0,a,thioglycoside,xgboost,structure_only,split_pair_group,0.10843638330698013,0,0.6
1085,31-614-CAS-36914120,0,a,thioglycoside,xgboost,structure_only,split_pair_group,0.32572638988494873,0,0.6
1091,31-013-CAS-16946845,1,b,thioglycoside,xgboost,structure_only,split_pair_group,0.4274139702320099,0,0.6
1103,31-614-CAS-35394448,1,b,thioglycoside,xgboost,structure_only,split_pair_group,0.24635270237922668,0,0.6
1104,31-614-CAS-34336268,0,a,thioglycoside,xgboost,structure_only,split_pair_group,0.17175914347171783,0,0.6
1105,31-614-CAS-32458097,0,a,thioglycoside,xgboost,structure_only,split_pair_group,0.17175914347171783,0,0.6
1106,31-614-CAS-37588004,0,a,thioglycoside,xgboost,structure_only,split_pair_group,0.17175914347171783,0,0.6
1117,31-013-CAS-16968435,1,b,thioglycoside,xgboost,structure_only,split_pair_group,0.8952728509902954,1,0.6
1124,31-013-CAS-14738874,0,a,thioglycoside,xgboost,structure_only,split_pair_group,0.05705561861395836,0,0.6
1127,31-013-CAS-11726967,0,a,thioglycoside,xgboost,structure_only,split_pair_group,0.03777395933866501,0,0.6
1141,31-013-CAS-17791367,0,a,thioglycoside,xgboost,structure_only,split_pair_group,0.06507463753223419,0,0.6
1150,31-013-CAS-741372,1,b,thioglycoside,xgboost,structure_only,split_pair_group,0.9880875945091248,1,0.6
1160,31-013-CAS-17453665,1,b,thioglycoside,xgboost,structure_only,split_pair_group,0.8770187497138977,1,0.6
1165,31-013-CAS-11784711,1,b,thioglycoside,xgboost,structure_only,split_pair_group,0.11960909515619278,0,0.6
1175,31-013-CAS-21359611,0,a,thioglycoside,xgboost,structure_only,split_pair_group,0.07706877589225769,0,0.6
1176,31-013-CAS-9488276,0,a,thioglycoside,xgboost,structure_only,split_pair_group,0.07706877589225769,0,0.6
1182,31-013-CAS-12326620,0,a,thioglycoside,xgboost,structure_only,split_pair_group,0.00696263462305069,0,0.6
1185,31-013-CAS-23539710,0,a,thioglycoside,xgboost,structure_only,split_pair_group,0.02830412983894348,0,0.6
1187,31-013-CAS-14640673,0,a,thioglycoside,xgboost,structure_only,split_pair_group,0.16530534625053406,0,0.6
1196,31-013-CAS-1342962,1,b,thioglycoside,xgboost,structure_only,split_pair_group,0.9961017370223999,1,0.6
1210,31-013-CAS-3582973,0,a,thioglycoside,xgboost,structure_only,split_pair_group,0.560371994972229,0,0.6
1226,31-013-CAS-4366967,1,b,thioglycoside,xgboost,structure_only,split_pair_group,0.956965446472168,1,0.6
1229,31-013-CAS-16946849,1,b,thioglycoside,xgboost,structure_only,split_pair_group,0.843799889087677,1,0.6
1241,31-013-CAS-2182975,1,b,thioglycoside,xgboost,structure_only,split_pair_group,0.9343987703323364,1,0.6
1247,31-013-CAS-13251956,1,b,thioglycoside,xgboost,structure_only,split_pair_group,0.9804918766021729,1,0.6
1248,31-013-CAS-3002515,0,a,thioglycoside,xgboost,structure_only,split_pair_group,0.560371994972229,0,0.6
1261,31-614-CAS-37587999,0,a,thioglycoside,xgboost,structure_only,split_pair_group,0.09366904199123383,0,0.6
1264,31-013-CAS-806847,1,b,thioglycoside,xgboost,structure_only,split_pair_group,0.97454833984375,1,0.6
1268,31-013-CAS-1585686,1,b,thioglycoside,xgboost,structure_only,split_pair_group,0.9956531524658203,1,0.6
1269,31-013-CAS-7643019,1,b,thioglycoside,xgboost,structure_only,split_pair_group,0.9956531524658203,1,0.6
1280,31-614-CAS-34954204,0,a,thioglycoside,xgboost,structure_only,split_pair_group,0.6853592395782471,1,0.6
1288,31-013-CAS-14512141,1,b,thioglycoside,xgboost,structure_only,split_pair_group,0.9330281615257263,1,0.6
1293,31-614-CAS-34956360,1,b,thioglycoside,xgboost,structure_only,split_pair_group,0.9787712693214417,1,0.6
1294,31-614-CAS-40218495,1,b,thioglycoside,xgboost,structure_only,split_pair_group,0.9353070259094238,1,0.6
1299,31-013-CAS-21608786,0,a,thioglycoside,xgboost,structure_only,split_pair_group,0.4264637231826782,0,0.6
1301,31-013-CAS-7147519,0,a,thioglycoside,xgboost,structure_only,split_pair_group,0.1715703159570694,0,0.6
1319,31-614-CAS-44041084,1,b,thioglycoside,xgboost,structure_only,split_pair_group,0.8548603653907776,1,0.6
1320,31-013-CAS-12262753,1,b,thioglycoside,xgboost,structure_only,split_pair_group,0.6737721562385559,1,0.6
1331,31-614-CAS-39834134,0,a,thioglycoside,xgboost,structure_only,split_pair_group,0.8548324108123779,1,0.6
1340,31-614-CAS-23946125,0,a,thioglycoside,xgboost,structure_only,split_pair_group,0.0616755411028862,0,0.6
1345,31-013-CAS-1583370,0,a,thioglycoside,xgboost,structure_only,split_pair_group,0.011798050254583359,0,0.6
1360,31-013-CAS-4188841,1,b,thioglycoside,xgboost,structure_only,split_pair_group,0.9796137809753418,1,0.6
1361,31-013-CAS-1880759,1,b,thioglycoside,xgboost,structure_only,split_pair_group,0.9796137809753418,1,0.6
1363,31-013-CAS-1686035,1,b,thioglycoside,xgboost,structure_only,split_pair_group,0.9635956287384033,1,0.6
1371,31-013-CAS-13595742,0,a,thioglycoside,xgboost,structure_only,split_pair_group,0.0720626562833786,0,0.6
1372,31-013-CAS-2565194,1,b,thioglycoside,xgboost,structure_only,split_pair_group,0.9835098385810852,1,0.6
1387,31-013-CAS-12685556,1,b,thioglycoside,xgboost,structure_only,split_pair_group,0.99210125207901,1,0.6
1388,31-013-CAS-16806675,1,b,thioglycoside,xgboost,structure_only,split_pair_group,0.99210125207901,1,0.6
1389,31-013-CAS-6076988,1,b,thioglycoside,xgboost,structure_only,split_pair_group,0.99210125207901,1,0.6
1413,31-013-CAS-15393474,1,b,thioglycoside,xgboost,structure_only,split_pair_group,0.9572468996047974,1,0.6
1414,31-013-CAS-3282710,1,b,thioglycoside,xgboost,structure_only,split_pair_group,0.9549427032470703,1,0.6
1415,31-013-CAS-4022684,1,b,thioglycoside,xgboost,structure_only,split_pair_group,0.9760643243789673,1,0.6
1416,31-013-CAS-7726616,1,b,thioglycoside,xgboost,structure_only,split_pair_group,0.9966349005699158,1,0.6
1418,31-013-CAS-16820825,1,b,thioglycoside,xgboost,structure_only,split_pair_group,0.9889287352561951,1,0.6
1422,31-013-CAS-21944308,1,b,thioglycoside,xgboost,structure_only,split_pair_group,0.9797565340995789,1,0.6
1426,31-614-CAS-28293923,1,b,thioglycoside,xgboost,structure_only,split_pair_group,0.9816848635673523,1,0.6
1430,31-013-CAS-8917480,1,b,thioglycoside,xgboost,structure_only,split_pair_group,0.9684166312217712,1,0.6
1439,31-013-CAS-7488283,1,b,thioglycoside,xgboost,structure_only,split_pair_group,0.9948246479034424,1,0.6
1445,31-013-CAS-12921527,1,b,thioglycoside,xgboost,structure_only,split_pair_group,0.5912173390388489,0,0.6
1453,31-614-CAS-24299301,0,a,thioglycoside,xgboost,structure_only,split_pair_group,0.4643525183200836,0,0.6
1454,31-013-CAS-20404994,1,b,thioglycoside,xgboost,structure_only,split_pair_group,0.9763734340667725,1,0.6
1456,31-013-CAS-1120171,1,b,thioglycoside,xgboost,structure_only,split_pair_group,0.991243839263916,1,0.6
1457,31-013-CAS-7286890,0,a,thioglycoside,xgboost,structure_only,split_pair_group,0.00757586769759655,0,0.6
1459,31-013-CAS-15100866,1,b,thioglycoside,xgboost,structure_only,split_pair_group,0.9109755158424377,1,0.6
1460,31-614-CAS-24965173,1,b,thioglycoside,xgboost,structure_only,split_pair_group,0.9869447350502014,1,0.6
1464,31-013-CAS-4102089,1,b,thioglycoside,xgboost,structure_only,split_pair_group,0.9719623923301697,1,0.6
1466,31-301-CAS-14089757,1,b,thioglycoside,xgboost,structure_only,split_pair_group,0.7973032593727112,1,0.6
1467,31-301-CAS-2081601,1,b,thioglycoside,xgboost,structure_only,split_pair_group,0.7973032593727112,1,0.6
1474,31-013-CAS-3406433,1,b,thioglycoside,xgboost,structure_only,split_pair_group,0.9813480377197266,1,0.6
1475,31-013-CAS-23731804,1,b,thioglycoside,xgboost,structure_only,split_pair_group,0.898563802242279,1,0.6
1482,31-013-CAS-4942088,1,b,thioglycoside,xgboost,structure_only,split_pair_group,0.9722477197647095,1,0.6
1494,31-013-CAS-5792629,0,a,thioglycoside,xgboost,structure_only,split_pair_group,0.13061025738716125,0,0.6
1496,31-013-CAS-15382044,1,b,thioglycoside,xgboost,structure_only,split_pair_group,0.9072579741477966,1,0.6
1500,31-013-CAS-11809252,0,a,thioglycoside,xgboost,structure_only,split_pair_group,0.7650684118270874,1,0.6
1505,31-013-CAS-2166542,1,b,thioglycoside,xgboost,structure_only,split_pair_group,0.9602696895599365,1,0.6
1511,31-013-CAS-19117152,1,b,thioglycoside,xgboost,structure_only,split_pair_group,0.8478078246116638,1,0.6
1518,31-013-CAS-7065488,1,b,thioglycoside,xgboost,structure_only,split_pair_group,0.9756372570991516,1,0.6
1520,31-614-CAS-30618647,1,b,thioglycoside,xgboost,structure_only,split_pair_group,0.9870713353157043,1,0.6
1526,31-013-CAS-11179214,1,b,thioglycoside,xgboost,structure_only,split_pair_group,0.8128697872161865,1,0.6
1528,31-013-CAS-8627156,1,b,thioglycoside,xgboost,structure_only,split_pair_group,0.9282783269882202,1,0.6
1529,31-013-CAS-26474,1,b,thioglycoside,xgboost,structure_only,split_pair_group,0.9282783269882202,1,0.6
1532,31-614-CAS-41884159,0,a,thioglycoside,xgboost,structure_only,split_pair_group,0.1071341335773468,0,0.6
1533,31-614-CAS-37959480,0,a,thioglycoside,xgboost,structure_only,split_pair_group,0.1071341335773468,0,0.6
1541,31-614-CAS-45240845,0,a,thioglycoside,xgboost,structure_only,split_pair_group,0.2498626857995987,0,0.6
1542,31-013-CAS-21774311,0,a,thioglycoside,xgboost,structure_only,split_pair_group,0.3715585172176361,0,0.6
1543,31-614-CAS-41884456,0,a,thioglycoside,xgboost,structure_only,split_pair_group,0.1199353039264679,0,0.6
1544,31-614-CAS-37959617,0,a,thioglycoside,xgboost,structure_only,split_pair_group,0.1199353039264679,0,0.6
1548,31-013-CAS-4019424,1,b,thioglycoside,xgboost,structure_only,split_pair_group,0.9932888150215149,1,0.6
1550,31-614-CAS-24501387,1,b,thioglycoside,xgboost,structure_only,split_pair_group,0.9909794330596924,1,0.6
1551,31-614-CAS-29170155,1,b,thioglycoside,xgboost,structure_only,split_pair_group,0.5239038467407227,0,0.6
1552,31-614-CAS-27856064,1,b,thioglycoside,xgboost,structure_only,split_pair_group,0.5239038467407227,0,0.6
1553,31-013-CAS-7313950,1,b,thioglycoside,xgboost,structure_only,split_pair_group,0.9763990044593811,1,0.6
1558,31-013-CAS-21471842,1,b,thioglycoside,xgboost,structure_only,split_pair_group,0.9374650716781616,1,0.6
16,31-010-CAS-22198130,1,b,trichloroacetimidate,logistic_regression,condition_only,split_pair_group,0.6229446980864547,1,0.4699999999999999
25,31-010-CAS-5525801,1,b,trichloroacetimidate,logistic_regression,condition_only,split_pair_group,0.9109346303375155,1,0.4699999999999999
26,31-614-CAS-31203171,0,a,trichloroacetimidate,logistic_regression,condition_only,split_pair_group,0.3243672344208682,0,0.4699999999999999
36,31-010-CAS-4980852,1,b,trichloroacetimidate,logistic_regression,condition_only,split_pair_group,0.4482031202083701,0,0.4699999999999999
54,31-010-CAS-19796375,1,b,trichloroacetimidate,logistic_regression,condition_only,split_pair_group,0.5417790488635654,1,0.4699999999999999
74,31-010-CAS-8524792,0,a,trichloroacetimidate,logistic_regression,condition_only,split_pair_group,0.5701322348990109,1,0.4699999999999999
78,31-010-CAS-1161485,0,a,trichloroacetimidate,logistic_regression,condition_only,split_pair_group,0.5808069257462846,1,0.4699999999999999
114,31-010-CAS-6728808,0,a,trichloroacetimidate,logistic_regression,condition_only,split_pair_group,0.5431689135680197,1,0.4699999999999999
127,31-010-CAS-3431516,1,b,trichloroacetimidate,logistic_regression,condition_only,split_pair_group,0.5701322348990109,1,0.4699999999999999
138,31-010-CAS-12729167,1,b,trichloroacetimidate,logistic_regression,condition_only,split_pair_group,0.7222286351330517,1,0.4699999999999999
142,31-010-CAS-11617057,1,b,trichloroacetimidate,logistic_regression,condition_only,split_pair_group,0.5666526631717421,1,0.4699999999999999
143,31-010-CAS-3803419,0,a,trichloroacetimidate,logistic_regression,condition_only,split_pair_group,0.48598284573768297,1,0.4699999999999999
146,31-010-CAS-13055419,1,b,trichloroacetimidate,logistic_regression,condition_only,split_pair_group,0.5713028762277742,1,0.4699999999999999
148,31-010-CAS-884798,1,b,trichloroacetimidate,logistic_regression,condition_only,split_pair_group,0.6551132392045397,1,0.4699999999999999
157,31-010-CAS-23202756,1,b,trichloroacetimidate,logistic_regression,condition_only,split_pair_group,0.911136731802201,1,0.4699999999999999
161,31-010-CAS-8171704,1,b,trichloroacetimidate,logistic_regression,condition_only,split_pair_group,0.5294306244452122,1,0.4699999999999999
170,31-010-CAS-16546348,1,b,trichloroacetimidate,logistic_regression,condition_only,split_pair_group,0.9236895292915817,1,0.4699999999999999
171,31-010-CAS-23204857,1,b,trichloroacetimidate,logistic_regression,condition_only,split_pair_group,0.9022093532467923,1,0.4699999999999999
183,31-010-CAS-4294380,0,a,trichloroacetimidate,logistic_regression,condition_only,split_pair_group,0.33468538619474403,0,0.4699999999999999
186,31-010-CAS-11796742,0,a,trichloroacetimidate,logistic_regression,condition_only,split_pair_group,0.40811960241889333,0,0.4699999999999999
195,31-614-CAS-36199892,1,b,trichloroacetimidate,logistic_regression,condition_only,split_pair_group,0.8271023592192868,1,0.4699999999999999
203,31-010-CAS-16546344,1,b,trichloroacetimidate,logistic_regression,condition_only,split_pair_group,0.7392984842485797,1,0.4699999999999999
219,31-010-CAS-3920193,0,a,trichloroacetimidate,logistic_regression,condition_only,split_pair_group,0.08476396247641335,0,0.4699999999999999
220,31-010-CAS-20767187,0,a,trichloroacetimidate,logistic_regression,condition_only,split_pair_group,0.20500469931955434,0,0.4699999999999999
221,31-010-CAS-17642154,0,a,trichloroacetimidate,logistic_regression,condition_only,split_pair_group,0.34416756178721336,0,0.4699999999999999
234,31-013-CAS-5827715,1,b,trichloroacetimidate,logistic_regression,condition_only,split_pair_group,0.6682002477656226,1,0.4699999999999999
241,31-010-CAS-14863653,1,b,trichloroacetimidate,logistic_regression,condition_only,split_pair_group,0.6232130558712627,1,0.4699999999999999
243,31-010-CAS-13659910,1,b,trichloroacetimidate,logistic_regression,condition_only,split_pair_group,0.9385198773365304,1,0.4699999999999999
250,31-010-CAS-1767038,0,a,trichloroacetimidate,logistic_regression,condition_only,split_pair_group,0.5018871766011634,1,0.4699999999999999
265,31-010-CAS-7479832,1,b,trichloroacetimidate,logistic_regression,condition_only,split_pair_group,0.5421051410042267,1,0.4699999999999999
272,31-010-CAS-9842150,1,b,trichloroacetimidate,logistic_regression,condition_only,split_pair_group,0.5294306244452122,1,0.4699999999999999
284,31-010-CAS-4637552,1,b,trichloroacetimidate,logistic_regression,condition_only,split_pair_group,0.7419542537248268,1,0.4699999999999999
296,31-010-CAS-11281477,1,b,trichloroacetimidate,logistic_regression,condition_only,split_pair_group,0.5451333887808933,1,0.4699999999999999
298,31-010-CAS-6624950,1,b,trichloroacetimidate,logistic_regression,condition_only,split_pair_group,0.5915411745854766,1,0.4699999999999999
310,31-010-CAS-7407036,0,a,trichloroacetimidate,logistic_regression,condition_only,split_pair_group,0.37673147869248685,0,0.4699999999999999
317,31-010-CAS-17830886,1,b,trichloroacetimidate,logistic_regression,condition_only,split_pair_group,0.5451333887808933,1,0.4699999999999999
334,31-010-CAS-21359677,1,b,trichloroacetimidate,logistic_regression,condition_only,split_pair_group,0.7056634977843661,1,0.4699999999999999
335,31-010-CAS-1287355,1,b,trichloroacetimidate,logistic_regression,condition_only,split_pair_group,0.7056634977843661,1,0.4699999999999999
360,31-010-CAS-21359666,1,b,trichloroacetimidate,logistic_regression,condition_only,split_pair_group,0.7056634977843661,1,0.4699999999999999
361,31-010-CAS-1619273,1,b,trichloroacetimidate,logistic_regression,condition_only,split_pair_group,0.7056634977843661,1,0.4699999999999999
364,31-010-CAS-21359670,1,b,trichloroacetimidate,logistic_regression,condition_only,split_pair_group,0.7056634977843661,1,0.4699999999999999
365,31-010-CAS-10139664,1,b,trichloroacetimidate,logistic_regression,condition_only,split_pair_group,0.7056634977843661,1,0.4699999999999999
383,31-010-CAS-5251218,0,a,trichloroacetimidate,logistic_regression,condition_only,split_pair_group,0.1122184936808979,0,0.4699999999999999
384,31-010-CAS-5898048,1,b,trichloroacetimidate,logistic_regression,condition_only,split_pair_group,0.5631796002328485,1,0.4699999999999999
391,31-010-CAS-17658048,0,a,trichloroacetimidate,logistic_regression,condition_only,split_pair_group,0.20968637290181052,0,0.4699999999999999
392,31-010-CAS-12999057,0,a,trichloroacetimidate,logistic_regression,condition_only,split_pair_group,0.5096163075222937,1,0.4699999999999999
400,31-010-CAS-15131203,1,b,trichloroacetimidate,logistic_regression,condition_only,split_pair_group,0.19432202993812778,0,0.4699999999999999
406,31-010-CAS-18971959,1,b,trichloroacetimidate,logistic_regression,condition_only,split_pair_group,0.6330472643844491,1,0.4699999999999999
418,31-010-CAS-7849619,1,b,trichloroacetimidate,logistic_regression,condition_only,split_pair_group,0.6934024794403133,1,0.4699999999999999
428,31-010-CAS-21359659,1,b,trichloroacetimidate,logistic_regression,condition_only,split_pair_group,0.7056634977843661,1,0.4699999999999999
429,31-010-CAS-12041024,1,b,trichloroacetimidate,logistic_regression,condition_only,split_pair_group,0.7056634977843661,1,0.4699999999999999
431,31-010-CAS-21359681,1,b,trichloroacetimidate,logistic_regression,condition_only,split_pair_group,0.7056634977843661,1,0.4699999999999999
432,31-010-CAS-9811894,1,b,trichloroacetimidate,logistic_regression,condition_only,split_pair_group,0.7056634977843661,1,0.4699999999999999
441,31-010-CAS-8693853,1,b,trichloroacetimidate,logistic_regression,condition_only,split_pair_group,0.5417020411846445,1,0.4699999999999999
448,31-010-CAS-13639242,0,a,trichloroacetimidate,logistic_regression,condition_only,split_pair_group,0.6934024794403133,1,0.4699999999999999
471,31-010-CAS-6859118,0,a,trichloroacetimidate,logistic_regression,condition_only,split_pair_group,0.5091665981019184,1,0.4699999999999999
475,31-010-CAS-6246955,0,a,trichloroacetimidate,logistic_regression,condition_only,split_pair_group,0.1446845993267042,0,0.4699999999999999
483,31-010-CAS-5827902,0,a,trichloroacetimidate,logistic_regression,condition_only,split_pair_group,0.3020726362146872,0,0.4699999999999999
484,31-010-CAS-13993703,0,a,trichloroacetimidate,logistic_regression,condition_only,split_pair_group,0.29672010213243866,0,0.4699999999999999
504,31-010-CAS-10204303,1,b,trichloroacetimidate,logistic_regression,condition_only,split_pair_group,0.649721014720963,1,0.4699999999999999
511,31-010-CAS-1044733,1,b,trichloroacetimidate,logistic_regression,condition_only,split_pair_group,0.41186542304740736,0,0.4699999999999999
515,31-010-CAS-878517,1,b,trichloroacetimidate,logistic_regression,condition_only,split_pair_group,0.890625655663637,1,0.4699999999999999
530,31-010-CAS-10263463,1,b,trichloroacetimidate,logistic_regression,condition_only,split_pair_group,0.19746983246409397,0,0.4699999999999999
533,31-010-CAS-15475722,0,a,trichloroacetimidate,logistic_regression,condition_only,split_pair_group,0.5451333887808933,1,0.4699999999999999
539,31-010-CAS-15140208,1,b,trichloroacetimidate,logistic_regression,condition_only,split_pair_group,0.19746983246409397,0,0.4699999999999999
540,31-010-CAS-14143291,1,b,trichloroacetimidate,logistic_regression,condition_only,split_pair_group,0.19746983246409397,0,0.4699999999999999
544,31-010-CAS-14482114,0,a,trichloroacetimidate,logistic_regression,condition_only,split_pair_group,0.19746983246409397,0,0.4699999999999999
545,31-010-CAS-16396095,1,b,trichloroacetimidate,logistic_regression,condition_only,split_pair_group,0.5451333887808933,1,0.4699999999999999
559,31-010-CAS-12809730,0,a,trichloroacetimidate,logistic_regression,condition_only,split_pair_group,0.7202665315567244,1,0.4699999999999999
565,31-010-CAS-5089795,0,a,trifluoroacetimidate,logistic_regression,condition_only,split_pair_group,0.25468243331102414,0,0.4699999999999999
568,31-010-CAS-6229676,0,a,trifluoroacetimidate,logistic_regression,condition_only,split_pair_group,0.10620679468241823,0,0.4699999999999999
588,31-010-CAS-8250667,1,b,trifluoroacetimidate,logistic_regression,condition_only,split_pair_group,0.6602277411634861,1,0.4699999999999999
594,31-013-CAS-5629637,0,a,trifluoroacetimidate,logistic_regression,condition_only,split_pair_group,0.734308583609127,1,0.4699999999999999
613,31-013-CAS-12466161,1,b,trifluoroacetimidate,logistic_regression,condition_only,split_pair_group,0.43779970043736893,0,0.4699999999999999
615,31-010-CAS-22654654,0,a,trifluoroacetimidate,logistic_regression,condition_only,split_pair_group,0.37119639993180686,0,0.4699999999999999
620,31-010-CAS-21471849,1,b,trifluoroacetimidate,logistic_regression,condition_only,split_pair_group,0.5621368979909238,1,0.4699999999999999
623,31-614-CAS-40997648,1,b,trifluoroacetimidate,logistic_regression,condition_only,split_pair_group,0.5537541702258105,1,0.4699999999999999
630,31-010-CAS-11999440,1,b,trifluoroacetimidate,logistic_regression,condition_only,split_pair_group,0.5518603463221246,1,0.4699999999999999
641,31-010-CAS-21471846,1,b,trifluoroacetimidate,logistic_regression,condition_only,split_pair_group,0.5561544672405888,1,0.4699999999999999
648,31-614-CAS-35275413,1,b,trifluoroacetimidate,logistic_regression,condition_only,split_pair_group,0.47879301816787717,1,0.4699999999999999
655,31-013-CAS-14145593,0,a,thioglycoside,logistic_regression,condition_only,split_pair_group,0.6575974039081541,1,0.4699999999999999
656,31-013-CAS-22581512,0,a,thioglycoside,logistic_regression,condition_only,split_pair_group,0.43490758826433157,0,0.4699999999999999
657,31-013-CAS-9001704,0,a,thioglycoside,logistic_regression,condition_only,split_pair_group,0.299566079207126,0,0.4699999999999999
661,31-013-CAS-20074834,0,a,thioglycoside,logistic_regression,condition_only,split_pair_group,0.42608941515038967,0,0.4699999999999999
662,31-013-CAS-17381412,0,a,thioglycoside,logistic_regression,condition_only,split_pair_group,0.480637385109724,1,0.4699999999999999
679,31-013-CAS-20074845,0,a,thioglycoside,logistic_regression,condition_only,split_pair_group,0.42608941515038967,0,0.4699999999999999
680,31-013-CAS-17381425,0,a,thioglycoside,logistic_regression,condition_only,split_pair_group,0.480637385109724,1,0.4699999999999999
682,31-013-CAS-4038549,0,a,thioglycoside,logistic_regression,condition_only,split_pair_group,0.5927458618100784,1,0.4699999999999999
683,31-013-CAS-22198141,0,a,thioglycoside,logistic_regression,condition_only,split_pair_group,0.46939294026128536,0,0.4699999999999999
688,31-013-CAS-308870,0,a,thioglycoside,logistic_regression,condition_only,split_pair_group,0.4833723769902415,1,0.4699999999999999
692,31-013-CAS-7066819,0,a,thioglycoside,logistic_regression,condition_only,split_pair_group,0.4262260170752962,0,0.4699999999999999
697,31-013-CAS-15171815,0,a,thioglycoside,logistic_regression,condition_only,split_pair_group,0.18554489996235024,0,0.4699999999999999
700,31-013-CAS-14695973,0,a,thioglycoside,logistic_regression,condition_only,split_pair_group,0.5261367230111978,1,0.4699999999999999
719,31-013-CAS-18792530,0,a,thioglycoside,logistic_regression,condition_only,split_pair_group,0.1293784677925898,0,0.4699999999999999
720,31-013-CAS-13505033,0,a,thioglycoside,logistic_regression,condition_only,split_pair_group,0.41556459799036966,0,0.4699999999999999
721,31-013-CAS-13132878,0,a,thioglycoside,logistic_regression,condition_only,split_pair_group,0.304235476605969,0,0.4699999999999999
722,31-013-CAS-21359610,0,a,thioglycoside,logistic_regression,condition_only,split_pair_group,0.3615701416889236,0,0.4699999999999999
723,31-013-CAS-7463166,0,a,thioglycoside,logistic_regression,condition_only,split_pair_group,0.3615701416889236,0,0.4699999999999999
739,31-013-CAS-10316632,0,a,thioglycoside,logistic_regression,condition_only,split_pair_group,0.5927458618100784,1,0.4699999999999999
807,31-013-CAS-1407934,0,a,thioglycoside,logistic_regression,condition_only,split_pair_group,0.38904740312078784,0,0.4699999999999999
831,31-013-CAS-1278764,0,a,thioglycoside,logistic_regression,condition_only,split_pair_group,0.2915361645613403,0,0.4699999999999999
833,31-013-CAS-20818633,0,a,thioglycoside,logistic_regression,condition_only,split_pair_group,0.304235476605969,0,0.4699999999999999
837,31-614-CAS-38307143,1,b,thioglycoside,logistic_regression,condition_only,split_pair_group,0.1854316790853153,0,0.4699999999999999
841,31-013-CAS-12570626,1,b,thioglycoside,logistic_regression,condition_only,split_pair_group,0.41117923313719634,0,0.4699999999999999
842,31-013-CAS-3447636,1,b,thioglycoside,logistic_regression,condition_only,split_pair_group,0.40858096225645363,0,0.4699999999999999
843,31-013-CAS-1313681,1,b,thioglycoside,logistic_regression,condition_only,split_pair_group,0.5273084743361157,1,0.4699999999999999
850,31-013-CAS-19733120,0,a,thioglycoside,logistic_regression,condition_only,split_pair_group,0.3193481346263822,0,0.4699999999999999
851,31-013-CAS-11213156,1,b,thioglycoside,logistic_regression,condition_only,split_pair_group,0.490348350861748,1,0.4699999999999999
855,31-049-CAS-11119860,1,b,thioglycoside,logistic_regression,condition_only,split_pair_group,0.7524696011858489,1,0.4699999999999999
864,31-614-CAS-25201498,1,b,thioglycoside,logistic_regression,condition_only,split_pair_group,0.7813125195533456,1,0.4699999999999999
865,31-614-CAS-27090868,1,b,thioglycoside,logistic_regression,condition_only,split_pair_group,0.7813125195533456,1,0.4699999999999999
884,31-013-CAS-9389396,1,b,thioglycoside,logistic_regression,condition_only,split_pair_group,0.4766216995197557,1,0.4699999999999999
885,31-013-CAS-3991023,1,b,thioglycoside,logistic_regression,condition_only,split_pair_group,0.49749755102504073,1,0.4699999999999999
890,31-614-CAS-29244011,1,b,thioglycoside,logistic_regression,condition_only,split_pair_group,0.5273084743361157,1,0.4699999999999999
891,31-614-CAS-26064585,1,b,thioglycoside,logistic_regression,condition_only,split_pair_group,0.5426739468850793,1,0.4699999999999999
896,31-013-CAS-8933724,0,a,thioglycoside,logistic_regression,condition_only,split_pair_group,0.3964217681970232,0,0.4699999999999999
901,31-614-CAS-27463098,0,a,thioglycoside,logistic_regression,condition_only,split_pair_group,0.28940454673125154,0,0.4699999999999999
904,31-013-CAS-17702336,1,b,thioglycoside,logistic_regression,condition_only,split_pair_group,0.6670261741848752,1,0.4699999999999999
905,31-013-CAS-21762107,1,b,thioglycoside,logistic_regression,condition_only,split_pair_group,0.4795064378516061,1,0.4699999999999999
906,31-013-CAS-21945116,1,b,thioglycoside,logistic_regression,condition_only,split_pair_group,0.26251161042657734,0,0.4699999999999999
908,31-013-CAS-12760013,0,a,thioglycoside,logistic_regression,condition_only,split_pair_group,0.23421603616386574,0,0.4699999999999999
921,31-013-CAS-7584459,1,b,thioglycoside,logistic_regression,condition_only,split_pair_group,0.6031271606109355,1,0.4699999999999999
922,31-013-CAS-1058357,1,b,thioglycoside,logistic_regression,condition_only,split_pair_group,0.40858096225645363,0,0.4699999999999999
925,31-013-CAS-19796368,1,b,thioglycoside,logistic_regression,condition_only,split_pair_group,0.825824174216882,1,0.4699999999999999
926,31-013-CAS-5703022,1,b,thioglycoside,logistic_regression,condition_only,split_pair_group,0.28025786966193866,0,0.4699999999999999
935,31-013-CAS-9419983,0,a,thioglycoside,logistic_regression,condition_only,split_pair_group,0.19735753772245082,0,0.4699999999999999
937,31-013-CAS-11635380,0,a,thioglycoside,logistic_regression,condition_only,split_pair_group,0.19735753772245082,0,0.4699999999999999
942,31-013-CAS-13870844,0,a,thioglycoside,logistic_regression,condition_only,split_pair_group,0.42759498764329484,0,0.4699999999999999
943,31-013-CAS-4635858,0,a,thioglycoside,logistic_regression,condition_only,split_pair_group,0.1370881519342863,0,0.4699999999999999
944,31-614-CAS-34709650,0,a,thioglycoside,logistic_regression,condition_only,split_pair_group,0.570172018232006,1,0.4699999999999999
946,31-013-CAS-6806986,1,b,thioglycoside,logistic_regression,condition_only,split_pair_group,0.5467399038656352,1,0.4699999999999999
963,31-614-CAS-26047459,1,b,thioglycoside,logistic_regression,condition_only,split_pair_group,0.46879085422191424,0,0.4699999999999999
1008,31-013-CAS-5259694,1,b,thioglycoside,logistic_regression,condition_only,split_pair_group,0.5282814748582061,1,0.4699999999999999
1009,31-013-CAS-3120111,1,b,thioglycoside,logistic_regression,condition_only,split_pair_group,0.4988299236903169,1,0.4699999999999999
1012,31-013-CAS-21905508,1,b,thioglycoside,logistic_regression,condition_only,split_pair_group,0.480637385109724,1,0.4699999999999999
1014,31-013-CAS-18496614,1,b,thioglycoside,logistic_regression,condition_only,split_pair_group,0.48016099363891207,1,0.4699999999999999
1024,31-013-CAS-12877153,0,a,thioglycoside,logistic_regression,condition_only,split_pair_group,0.45891072824253176,0,0.4699999999999999
1025,31-013-CAS-7511274,0,a,thioglycoside,logistic_regression,condition_only,split_pair_group,0.5989159330232803,1,0.4699999999999999
1026,31-013-CAS-854940,0,a,thioglycoside,logistic_regression,condition_only,split_pair_group,0.685420089527823,1,0.4699999999999999
1027,31-013-CAS-8833991,0,a,thioglycoside,logistic_regression,condition_only,split_pair_group,0.4842733314958883,1,0.4699999999999999
1029,31-013-CAS-2439768,1,b,thioglycoside,logistic_regression,condition_only,split_pair_group,0.3703771632925595,0,0.4699999999999999
1032,31-013-CAS-3532904,1,b,thioglycoside,logistic_regression,condition_only,split_pair_group,0.44530473931194187,0,0.4699999999999999
1033,31-013-CAS-15039708,1,b,thioglycoside,logistic_regression,condition_only,split_pair_group,0.5001687878358776,1,0.4699999999999999
1042,31-013-CAS-2224404,1,b,thioglycoside,logistic_regression,condition_only,split_pair_group,0.4561336586788132,0,0.4699999999999999
1043,31-013-CAS-19733121,0,a,thioglycoside,logistic_regression,condition_only,split_pair_group,0.3193481346263822,0,0.4699999999999999
1061,31-013-CAS-16587031,0,a,thioglycoside,logistic_regression,condition_only,split_pair_group,0.1522790573450373,0,0.4699999999999999
1085,31-614-CAS-36914120,0,a,thioglycoside,logistic_regression,condition_only,split_pair_group,0.35308728515307924,0,0.4699999999999999
1091,31-013-CAS-16946845,1,b,thioglycoside,logistic_regression,condition_only,split_pair_group,0.5199463143954188,1,0.4699999999999999
1103,31-614-CAS-35394448,1,b,thioglycoside,logistic_regression,condition_only,split_pair_group,0.6910370164590799,1,0.4699999999999999
1104,31-614-CAS-34336268,0,a,thioglycoside,logistic_regression,condition_only,split_pair_group,0.5619074886893358,1,0.4699999999999999
1105,31-614-CAS-32458097,0,a,thioglycoside,logistic_regression,condition_only,split_pair_group,0.5172774981117976,1,0.4699999999999999
1106,31-614-CAS-37588004,0,a,thioglycoside,logistic_regression,condition_only,split_pair_group,0.5927458618100784,1,0.4699999999999999
1117,31-013-CAS-16968435,1,b,thioglycoside,logistic_regression,condition_only,split_pair_group,0.5611488937535557,1,0.4699999999999999
1124,31-013-CAS-14738874,0,a,thioglycoside,logistic_regression,condition_only,split_pair_group,0.45891072824253176,0,0.4699999999999999
1127,31-013-CAS-11726967,0,a,thioglycoside,logistic_regression,condition_only,split_pair_group,0.45937259609781145,0,0.4699999999999999
1141,31-013-CAS-17791367,0,a,thioglycoside,logistic_regression,condition_only,split_pair_group,0.36849349112859264,0,0.4699999999999999
1150,31-013-CAS-741372,1,b,thioglycoside,logistic_regression,condition_only,split_pair_group,0.419180452081623,0,0.4699999999999999
1160,31-013-CAS-17453665,1,b,thioglycoside,logistic_regression,condition_only,split_pair_group,0.49228599926315275,1,0.4699999999999999
1165,31-013-CAS-11784711,1,b,thioglycoside,logistic_regression,condition_only,split_pair_group,0.29943444011408044,0,0.4699999999999999
1175,31-013-CAS-21359611,0,a,thioglycoside,logistic_regression,condition_only,split_pair_group,0.4313831240376056,0,0.4699999999999999
1176,31-013-CAS-9488276,0,a,thioglycoside,logistic_regression,condition_only,split_pair_group,0.4313831240376056,0,0.4699999999999999
1182,31-013-CAS-12326620,0,a,thioglycoside,logistic_regression,condition_only,split_pair_group,0.4814978906320909,1,0.4699999999999999
1185,31-013-CAS-23539710,0,a,thioglycoside,logistic_regression,condition_only,split_pair_group,0.38185852722619545,0,0.4699999999999999
1187,31-013-CAS-14640673,0,a,thioglycoside,logistic_regression,condition_only,split_pair_group,0.4368190349663275,0,0.4699999999999999
1196,31-013-CAS-1342962,1,b,thioglycoside,logistic_regression,condition_only,split_pair_group,0.6674397781224577,1,0.4699999999999999
1210,31-013-CAS-3582973,0,a,thioglycoside,logistic_regression,condition_only,split_pair_group,0.44714166714005615,0,0.4699999999999999
1226,31-013-CAS-4366967,1,b,thioglycoside,logistic_regression,condition_only,split_pair_group,0.6699355094543166,1,0.4699999999999999
1229,31-013-CAS-16946849,1,b,thioglycoside,logistic_regression,condition_only,split_pair_group,0.5412080916164812,1,0.4699999999999999
1241,31-013-CAS-2182975,1,b,thioglycoside,logistic_regression,condition_only,split_pair_group,0.6661523242283104,1,0.4699999999999999
1247,31-013-CAS-13251956,1,b,thioglycoside,logistic_regression,condition_only,split_pair_group,0.480637385109724,1,0.4699999999999999
1248,31-013-CAS-3002515,0,a,thioglycoside,logistic_regression,condition_only,split_pair_group,0.44714166714005615,0,0.4699999999999999
1261,31-614-CAS-37587999,0,a,thioglycoside,logistic_regression,condition_only,split_pair_group,0.5927458618100784,1,0.4699999999999999
1264,31-013-CAS-806847,1,b,thioglycoside,logistic_regression,condition_only,split_pair_group,0.7452703643981018,1,0.4699999999999999
1268,31-013-CAS-1585686,1,b,thioglycoside,logistic_regression,condition_only,split_pair_group,0.6405018522345107,1,0.4699999999999999
1269,31-013-CAS-7643019,1,b,thioglycoside,logistic_regression,condition_only,split_pair_group,0.4698683047547042,0,0.4699999999999999
1280,31-614-CAS-34954204,0,a,thioglycoside,logistic_regression,condition_only,split_pair_group,0.5611488937535557,1,0.4699999999999999
1288,31-013-CAS-14512141,1,b,thioglycoside,logistic_regression,condition_only,split_pair_group,0.5708199944567606,1,0.4699999999999999
1293,31-614-CAS-34956360,1,b,thioglycoside,logistic_regression,condition_only,split_pair_group,0.614474778392805,1,0.4699999999999999
1294,31-614-CAS-40218495,1,b,thioglycoside,logistic_regression,condition_only,split_pair_group,0.5509032671424774,1,0.4699999999999999
1299,31-013-CAS-21608786,0,a,thioglycoside,logistic_regression,condition_only,split_pair_group,0.19386120502457896,0,0.4699999999999999
1301,31-013-CAS-7147519,0,a,thioglycoside,logistic_regression,condition_only,split_pair_group,0.40011738808917763,0,0.4699999999999999
1319,31-614-CAS-44041084,1,b,thioglycoside,logistic_regression,condition_only,split_pair_group,0.480637385109724,1,0.4699999999999999
1320,31-013-CAS-12262753,1,b,thioglycoside,logistic_regression,condition_only,split_pair_group,0.181730366658706,0,0.4699999999999999
1331,31-614-CAS-39834134,0,a,thioglycoside,logistic_regression,condition_only,split_pair_group,0.2075221479271529,0,0.4699999999999999
1340,31-614-CAS-23946125,0,a,thioglycoside,logistic_regression,condition_only,split_pair_group,0.5927458618100784,1,0.4699999999999999
1345,31-013-CAS-1583370,0,a,thioglycoside,logistic_regression,condition_only,split_pair_group,0.3392136535263106,0,0.4699999999999999
1360,31-013-CAS-4188841,1,b,thioglycoside,logistic_regression,condition_only,split_pair_group,0.5303242344386054,1,0.4699999999999999
1361,31-013-CAS-1880759,1,b,thioglycoside,logistic_regression,condition_only,split_pair_group,0.5303242344386054,1,0.4699999999999999
1363,31-013-CAS-1686035,1,b,thioglycoside,logistic_regression,condition_only,split_pair_group,0.4698683047547042,0,0.4699999999999999
1371,31-013-CAS-13595742,0,a,thioglycoside,logistic_regression,condition_only,split_pair_group,0.4955415128468829,1,0.4699999999999999
1372,31-013-CAS-2565194,1,b,thioglycoside,logistic_regression,condition_only,split_pair_group,0.4761443798262307,1,0.4699999999999999
1387,31-013-CAS-12685556,1,b,thioglycoside,logistic_regression,condition_only,split_pair_group,0.6674397781224577,1,0.4699999999999999
1388,31-013-CAS-16806675,1,b,thioglycoside,logistic_regression,condition_only,split_pair_group,0.7396365733350414,1,0.4699999999999999
1389,31-013-CAS-6076988,1,b,thioglycoside,logistic_regression,condition_only,split_pair_group,0.6366040841234205,1,0.4699999999999999
1413,31-013-CAS-15393474,1,b,thioglycoside,logistic_regression,condition_only,split_pair_group,0.7203635809185164,1,0.4699999999999999
1414,31-013-CAS-3282710,1,b,thioglycoside,logistic_regression,condition_only,split_pair_group,0.5103159260562641,1,0.4699999999999999
1415,31-013-CAS-4022684,1,b,thioglycoside,logistic_regression,condition_only,split_pair_group,0.3703771632925595,0,0.4699999999999999
1416,31-013-CAS-7726616,1,b,thioglycoside,logistic_regression,condition_only,split_pair_group,0.6674397781224577,1,0.4699999999999999
1418,31-013-CAS-16820825,1,b,thioglycoside,logistic_regression,condition_only,split_pair_group,0.6913319729608596,1,0.4699999999999999
1422,31-013-CAS-21944308,1,b,thioglycoside,logistic_regression,condition_only,split_pair_group,0.7469755965180261,1,0.4699999999999999
1426,31-614-CAS-28293923,1,b,thioglycoside,logistic_regression,condition_only,split_pair_group,0.1581212152527149,0,0.4699999999999999
1430,31-013-CAS-8917480,1,b,thioglycoside,logistic_regression,condition_only,split_pair_group,0.4189167237152343,0,0.4699999999999999
1439,31-013-CAS-7488283,1,b,thioglycoside,logistic_regression,condition_only,split_pair_group,0.6596214922472746,1,0.4699999999999999
1445,31-013-CAS-12921527,1,b,thioglycoside,logistic_regression,condition_only,split_pair_group,0.39026911748464643,0,0.4699999999999999
1453,31-614-CAS-24299301,0,a,thioglycoside,logistic_regression,condition_only,split_pair_group,0.3039066855501532,0,0.4699999999999999
1454,31-013-CAS-20404994,1,b,thioglycoside,logistic_regression,condition_only,split_pair_group,0.4622201385738833,0,0.4699999999999999
1456,31-013-CAS-1120171,1,b,thioglycoside,logistic_regression,condition_only,split_pair_group,0.4362483350688733,0,0.4699999999999999
1457,31-013-CAS-7286890,0,a,thioglycoside,logistic_regression,condition_only,split_pair_group,0.6649602464789683,1,0.4699999999999999
1459,31-013-CAS-15100866,1,b,thioglycoside,logistic_regression,condition_only,split_pair_group,0.6817480137081389,1,0.4699999999999999
1460,31-614-CAS-24965173,1,b,thioglycoside,logistic_regression,condition_only,split_pair_group,0.5183124318469058,1,0.4699999999999999
1464,31-013-CAS-4102089,1,b,thioglycoside,logistic_regression,condition_only,split_pair_group,0.7203635809185164,1,0.4699999999999999
1466,31-301-CAS-14089757,1,b,thioglycoside,logistic_regression,condition_only,split_pair_group,0.5496249472247583,1,0.4699999999999999
1467,31-301-CAS-2081601,1,b,thioglycoside,logistic_regression,condition_only,split_pair_group,0.5496249472247583,1,0.4699999999999999
1474,31-013-CAS-3406433,1,b,thioglycoside,logistic_regression,condition_only,split_pair_group,0.6863168654422228,1,0.4699999999999999
1475,31-013-CAS-23731804,1,b,thioglycoside,logistic_regression,condition_only,split_pair_group,0.3470437896088268,0,0.4699999999999999
1482,31-013-CAS-4942088,1,b,thioglycoside,logistic_regression,condition_only,split_pair_group,0.3703771632925595,0,0.4699999999999999
1494,31-013-CAS-5792629,0,a,thioglycoside,logistic_regression,condition_only,split_pair_group,0.6248341996630566,1,0.4699999999999999
1496,31-013-CAS-15382044,1,b,thioglycoside,logistic_regression,condition_only,split_pair_group,0.41476131690061646,0,0.4699999999999999
1500,31-013-CAS-11809252,0,a,thioglycoside,logistic_regression,condition_only,split_pair_group,0.12431130232821831,0,0.4699999999999999
1505,31-013-CAS-2166542,1,b,thioglycoside,logistic_regression,condition_only,split_pair_group,0.5883643557214588,1,0.4699999999999999
1511,31-013-CAS-19117152,1,b,thioglycoside,logistic_regression,condition_only,split_pair_group,0.6242300813499946,1,0.4699999999999999
1518,31-013-CAS-7065488,1,b,thioglycoside,logistic_regression,condition_only,split_pair_group,0.6174509247824893,1,0.4699999999999999
1520,31-614-CAS-30618647,1,b,thioglycoside,logistic_regression,condition_only,split_pair_group,0.5496249472247583,1,0.4699999999999999
1526,31-013-CAS-11179214,1,b,thioglycoside,logistic_regression,condition_only,split_pair_group,0.1426140257014634,0,0.4699999999999999
1528,31-013-CAS-8627156,1,b,thioglycoside,logistic_regression,condition_only,split_pair_group,0.4577475582050373,0,0.4699999999999999
1529,31-013-CAS-26474,1,b,thioglycoside,logistic_regression,condition_only,split_pair_group,0.4577475582050373,0,0.4699999999999999
1532,31-614-CAS-41884159,0,a,thioglycoside,logistic_regression,condition_only,split_pair_group,0.4996030528985273,1,0.4699999999999999
1533,31-614-CAS-37959480,0,a,thioglycoside,logistic_regression,condition_only,split_pair_group,0.4996030528985273,1,0.4699999999999999
1541,31-614-CAS-45240845,0,a,thioglycoside,logistic_regression,condition_only,split_pair_group,0.4859965033399846,1,0.4699999999999999
1542,31-013-CAS-21774311,0,a,thioglycoside,logistic_regression,condition_only,split_pair_group,0.22873459239726016,0,0.4699999999999999
1543,31-614-CAS-41884456,0,a,thioglycoside,logistic_regression,condition_only,split_pair_group,0.4933917008027116,1,0.4699999999999999
1544,31-614-CAS-37959617,0,a,thioglycoside,logistic_regression,condition_only,split_pair_group,0.4933917008027116,1,0.4699999999999999
1548,31-013-CAS-4019424,1,b,thioglycoside,logistic_regression,condition_only,split_pair_group,0.48136651929738256,1,0.4699999999999999
1550,31-614-CAS-24501387,1,b,thioglycoside,logistic_regression,condition_only,split_pair_group,0.42608941515038967,0,0.4699999999999999
1551,31-614-CAS-29170155,1,b,thioglycoside,logistic_regression,condition_only,split_pair_group,0.5496249472247583,1,0.4699999999999999
1552,31-614-CAS-27856064,1,b,thioglycoside,logistic_regression,condition_only,split_pair_group,0.5496249472247583,1,0.4699999999999999
1553,31-013-CAS-7313950,1,b,thioglycoside,logistic_regression,condition_only,split_pair_group,0.4757765142770579,1,0.4699999999999999
1558,31-013-CAS-21471842,1,b,thioglycoside,logistic_regression,condition_only,split_pair_group,0.5762514358282477,1,0.4699999999999999
16,31-010-CAS-22198130,1,b,trichloroacetimidate,random_forest,condition_only,split_pair_group,0.5241245871205081,1,0.5149999999999999
25,31-010-CAS-5525801,1,b,trichloroacetimidate,random_forest,condition_only,split_pair_group,0.8041256882064826,1,0.5149999999999999
26,31-614-CAS-31203171,0,a,trichloroacetimidate,random_forest,condition_only,split_pair_group,0.4820485376724769,0,0.5149999999999999
36,31-010-CAS-4980852,1,b,trichloroacetimidate,random_forest,condition_only,split_pair_group,0.618965374525696,1,0.5149999999999999
54,31-010-CAS-19796375,1,b,trichloroacetimidate,random_forest,condition_only,split_pair_group,0.5458559536106607,1,0.5149999999999999
74,31-010-CAS-8524792,0,a,trichloroacetimidate,random_forest,condition_only,split_pair_group,0.495572404619838,0,0.5149999999999999
78,31-010-CAS-1161485,0,a,trichloroacetimidate,random_forest,condition_only,split_pair_group,0.5288984846356297,1,0.5149999999999999
114,31-010-CAS-6728808,0,a,trichloroacetimidate,random_forest,condition_only,split_pair_group,0.5398015902914016,1,0.5149999999999999
127,31-010-CAS-3431516,1,b,trichloroacetimidate,random_forest,condition_only,split_pair_group,0.495572404619838,0,0.5149999999999999
138,31-010-CAS-12729167,1,b,trichloroacetimidate,random_forest,condition_only,split_pair_group,0.6156025568180401,1,0.5149999999999999
142,31-010-CAS-11617057,1,b,trichloroacetimidate,random_forest,condition_only,split_pair_group,0.4644260846742542,0,0.5149999999999999
143,31-010-CAS-3803419,0,a,trichloroacetimidate,random_forest,condition_only,split_pair_group,0.4622802348312182,0,0.5149999999999999
146,31-010-CAS-13055419,1,b,trichloroacetimidate,random_forest,condition_only,split_pair_group,0.5618829733295521,1,0.5149999999999999
148,31-010-CAS-884798,1,b,trichloroacetimidate,random_forest,condition_only,split_pair_group,0.5756496795007071,1,0.5149999999999999
157,31-010-CAS-23202756,1,b,trichloroacetimidate,random_forest,condition_only,split_pair_group,0.8397473705824271,1,0.5149999999999999
161,31-010-CAS-8171704,1,b,trichloroacetimidate,random_forest,condition_only,split_pair_group,0.4899112703515935,0,0.5149999999999999
170,31-010-CAS-16546348,1,b,trichloroacetimidate,random_forest,condition_only,split_pair_group,0.8197416976758447,1,0.5149999999999999
171,31-010-CAS-23204857,1,b,trichloroacetimidate,random_forest,condition_only,split_pair_group,0.8042806154484399,1,0.5149999999999999
183,31-010-CAS-4294380,0,a,trichloroacetimidate,random_forest,condition_only,split_pair_group,0.395521658779812,0,0.5149999999999999
186,31-010-CAS-11796742,0,a,trichloroacetimidate,random_forest,condition_only,split_pair_group,0.45055194677158833,0,0.5149999999999999
195,31-614-CAS-36199892,1,b,trichloroacetimidate,random_forest,condition_only,split_pair_group,0.6145063542903202,1,0.5149999999999999
203,31-010-CAS-16546344,1,b,trichloroacetimidate,random_forest,condition_only,split_pair_group,0.603358324573169,1,0.5149999999999999
219,31-010-CAS-3920193,0,a,trichloroacetimidate,random_forest,condition_only,split_pair_group,0.2759707820349189,0,0.5149999999999999
220,31-010-CAS-20767187,0,a,trichloroacetimidate,random_forest,condition_only,split_pair_group,0.3330788373450435,0,0.5149999999999999
221,31-010-CAS-17642154,0,a,trichloroacetimidate,random_forest,condition_only,split_pair_group,0.5431721766445208,1,0.5149999999999999
234,31-013-CAS-5827715,1,b,trichloroacetimidate,random_forest,condition_only,split_pair_group,0.707621506559627,1,0.5149999999999999
241,31-010-CAS-14863653,1,b,trichloroacetimidate,random_forest,condition_only,split_pair_group,0.5454478009942977,1,0.5149999999999999
243,31-010-CAS-13659910,1,b,trichloroacetimidate,random_forest,condition_only,split_pair_group,0.8242635030865889,1,0.5149999999999999
250,31-010-CAS-1767038,0,a,trichloroacetimidate,random_forest,condition_only,split_pair_group,0.46978573752661834,0,0.5149999999999999
265,31-010-CAS-7479832,1,b,trichloroacetimidate,random_forest,condition_only,split_pair_group,0.6649413598947862,1,0.5149999999999999
272,31-010-CAS-9842150,1,b,trichloroacetimidate,random_forest,condition_only,split_pair_group,0.4899112703515935,0,0.5149999999999999
284,31-010-CAS-4637552,1,b,trichloroacetimidate,random_forest,condition_only,split_pair_group,0.8097656271165726,1,0.5149999999999999
296,31-010-CAS-11281477,1,b,trichloroacetimidate,random_forest,condition_only,split_pair_group,0.44141037564522645,0,0.5149999999999999
298,31-010-CAS-6624950,1,b,trichloroacetimidate,random_forest,condition_only,split_pair_group,0.6306568389353624,1,0.5149999999999999
310,31-010-CAS-7407036,0,a,trichloroacetimidate,random_forest,condition_only,split_pair_group,0.5102838685405666,0,0.5149999999999999
317,31-010-CAS-17830886,1,b,trichloroacetimidate,random_forest,condition_only,split_pair_group,0.44141037564522645,0,0.5149999999999999
334,31-010-CAS-21359677,1,b,trichloroacetimidate,random_forest,condition_only,split_pair_group,0.8196508953217311,1,0.5149999999999999
335,31-010-CAS-1287355,1,b,trichloroacetimidate,random_forest,condition_only,split_pair_group,0.8196508953217311,1,0.5149999999999999
360,31-010-CAS-21359666,1,b,trichloroacetimidate,random_forest,condition_only,split_pair_group,0.8196508953217311,1,0.5149999999999999
361,31-010-CAS-1619273,1,b,trichloroacetimidate,random_forest,condition_only,split_pair_group,0.8196508953217311,1,0.5149999999999999
364,31-010-CAS-21359670,1,b,trichloroacetimidate,random_forest,condition_only,split_pair_group,0.8196508953217311,1,0.5149999999999999
365,31-010-CAS-10139664,1,b,trichloroacetimidate,random_forest,condition_only,split_pair_group,0.8196508953217311,1,0.5149999999999999
383,31-010-CAS-5251218,0,a,trichloroacetimidate,random_forest,condition_only,split_pair_group,0.35621527863733005,0,0.5149999999999999
384,31-010-CAS-5898048,1,b,trichloroacetimidate,random_forest,condition_only,split_pair_group,0.4700745744308183,0,0.5149999999999999
391,31-010-CAS-17658048,0,a,trichloroacetimidate,random_forest,condition_only,split_pair_group,0.408417313974546,0,0.5149999999999999
392,31-010-CAS-12999057,0,a,trichloroacetimidate,random_forest,condition_only,split_pair_group,0.6563549979830967,1,0.5149999999999999
400,31-010-CAS-15131203,1,b,trichloroacetimidate,random_forest,condition_only,split_pair_group,0.3497368057414906,0,0.5149999999999999
406,31-010-CAS-18971959,1,b,trichloroacetimidate,random_forest,condition_only,split_pair_group,0.5384132972049229,1,0.5149999999999999
418,31-010-CAS-7849619,1,b,trichloroacetimidate,random_forest,condition_only,split_pair_group,0.7278464499113447,1,0.5149999999999999
428,31-010-CAS-21359659,1,b,trichloroacetimidate,random_forest,condition_only,split_pair_group,0.8196508953217311,1,0.5149999999999999
429,31-010-CAS-12041024,1,b,trichloroacetimidate,random_forest,condition_only,split_pair_group,0.8196508953217311,1,0.5149999999999999
431,31-010-CAS-21359681,1,b,trichloroacetimidate,random_forest,condition_only,split_pair_group,0.8196508953217311,1,0.5149999999999999
432,31-010-CAS-9811894,1,b,trichloroacetimidate,random_forest,condition_only,split_pair_group,0.8196508953217311,1,0.5149999999999999
441,31-010-CAS-8693853,1,b,trichloroacetimidate,random_forest,condition_only,split_pair_group,0.49294982141331634,0,0.5149999999999999
448,31-010-CAS-13639242,0,a,trichloroacetimidate,random_forest,condition_only,split_pair_group,0.7278464499113447,1,0.5149999999999999
471,31-010-CAS-6859118,0,a,trichloroacetimidate,random_forest,condition_only,split_pair_group,0.49826897523184244,0,0.5149999999999999
475,31-010-CAS-6246955,0,a,trichloroacetimidate,random_forest,condition_only,split_pair_group,0.28085239271912626,0,0.5149999999999999
483,31-010-CAS-5827902,0,a,trichloroacetimidate,random_forest,condition_only,split_pair_group,0.39077303351461323,0,0.5149999999999999
484,31-010-CAS-13993703,0,a,trichloroacetimidate,random_forest,condition_only,split_pair_group,0.40596338562933343,0,0.5149999999999999
504,31-010-CAS-10204303,1,b,trichloroacetimidate,random_forest,condition_only,split_pair_group,0.6182616509772825,1,0.5149999999999999
511,31-010-CAS-1044733,1,b,trichloroacetimidate,random_forest,condition_only,split_pair_group,0.5263507764938717,1,0.5149999999999999
515,31-010-CAS-878517,1,b,trichloroacetimidate,random_forest,condition_only,split_pair_group,0.8227311478892112,1,0.5149999999999999
530,31-010-CAS-10263463,1,b,trichloroacetimidate,random_forest,condition_only,split_pair_group,0.36028298804472936,0,0.5149999999999999
533,31-010-CAS-15475722,0,a,trichloroacetimidate,random_forest,condition_only,split_pair_group,0.44141037564522645,0,0.5149999999999999
539,31-010-CAS-15140208,1,b,trichloroacetimidate,random_forest,condition_only,split_pair_group,0.36028298804472936,0,0.5149999999999999
540,31-010-CAS-14143291,1,b,trichloroacetimidate,random_forest,condition_only,split_pair_group,0.36028298804472936,0,0.5149999999999999
544,31-010-CAS-14482114,0,a,trichloroacetimidate,random_forest,condition_only,split_pair_group,0.36028298804472936,0,0.5149999999999999
545,31-010-CAS-16396095,1,b,trichloroacetimidate,random_forest,condition_only,split_pair_group,0.44141037564522645,0,0.5149999999999999
559,31-010-CAS-12809730,0,a,trichloroacetimidate,random_forest,condition_only,split_pair_group,0.6222547478477523,1,0.5149999999999999
565,31-010-CAS-5089795,0,a,trifluoroacetimidate,random_forest,condition_only,split_pair_group,0.18638515828158433,0,0.5149999999999999
568,31-010-CAS-6229676,0,a,trifluoroacetimidate,random_forest,condition_only,split_pair_group,0.26197000726503006,0,0.5149999999999999
588,31-010-CAS-8250667,1,b,trifluoroacetimidate,random_forest,condition_only,split_pair_group,0.548270155844336,1,0.5149999999999999
594,31-013-CAS-5629637,0,a,trifluoroacetimidate,random_forest,condition_only,split_pair_group,0.6062788486239,1,0.5149999999999999
613,31-013-CAS-12466161,1,b,trifluoroacetimidate,random_forest,condition_only,split_pair_group,0.40980865036454667,0,0.5149999999999999
615,31-010-CAS-22654654,0,a,trifluoroacetimidate,random_forest,condition_only,split_pair_group,0.290183225985307,0,0.5149999999999999
620,31-010-CAS-21471849,1,b,trifluoroacetimidate,random_forest,condition_only,split_pair_group,0.4892164853098878,0,0.5149999999999999
623,31-614-CAS-40997648,1,b,trifluoroacetimidate,random_forest,condition_only,split_pair_group,0.5018389866648988,0,0.5149999999999999
630,31-010-CAS-11999440,1,b,trifluoroacetimidate,random_forest,condition_only,split_pair_group,0.5345671935653561,1,0.5149999999999999
641,31-010-CAS-21471846,1,b,trifluoroacetimidate,random_forest,condition_only,split_pair_group,0.4634067787949807,0,0.5149999999999999
648,31-614-CAS-35275413,1,b,trifluoroacetimidate,random_forest,condition_only,split_pair_group,0.69201546714601,1,0.5149999999999999
655,31-013-CAS-14145593,0,a,thioglycoside,random_forest,condition_only,split_pair_group,0.5847682323134716,1,0.5149999999999999
656,31-013-CAS-22581512,0,a,thioglycoside,random_forest,condition_only,split_pair_group,0.4312147672747624,0,0.5149999999999999
657,31-013-CAS-9001704,0,a,thioglycoside,random_forest,condition_only,split_pair_group,0.34455534239600405,0,0.5149999999999999
661,31-013-CAS-20074834,0,a,thioglycoside,random_forest,condition_only,split_pair_group,0.3843040473827274,0,0.5149999999999999
662,31-013-CAS-17381412,0,a,thioglycoside,random_forest,condition_only,split_pair_group,0.5334594244546818,1,0.5149999999999999
679,31-013-CAS-20074845,0,a,thioglycoside,random_forest,condition_only,split_pair_group,0.3843040473827274,0,0.5149999999999999
680,31-013-CAS-17381425,0,a,thioglycoside,random_forest,condition_only,split_pair_group,0.5334594244546818,1,0.5149999999999999
682,31-013-CAS-4038549,0,a,thioglycoside,random_forest,condition_only,split_pair_group,0.46687355392626206,0,0.5149999999999999
683,31-013-CAS-22198141,0,a,thioglycoside,random_forest,condition_only,split_pair_group,0.5667720169567239,1,0.5149999999999999
688,31-013-CAS-308870,0,a,thioglycoside,random_forest,condition_only,split_pair_group,0.5486974655491725,1,0.5149999999999999
692,31-013-CAS-7066819,0,a,thioglycoside,random_forest,condition_only,split_pair_group,0.5099661333042848,0,0.5149999999999999
697,31-013-CAS-15171815,0,a,thioglycoside,random_forest,condition_only,split_pair_group,0.14004395361144492,0,0.5149999999999999
700,31-013-CAS-14695973,0,a,thioglycoside,random_forest,condition_only,split_pair_group,0.5226439804380507,1,0.5149999999999999
719,31-013-CAS-18792530,0,a,thioglycoside,random_forest,condition_only,split_pair_group,0.3276924580846,0,0.5149999999999999
720,31-013-CAS-13505033,0,a,thioglycoside,random_forest,condition_only,split_pair_group,0.5443389023331344,1,0.5149999999999999
721,31-013-CAS-13132878,0,a,thioglycoside,random_forest,condition_only,split_pair_group,0.3497593922912183,0,0.5149999999999999
722,31-013-CAS-21359610,0,a,thioglycoside,random_forest,condition_only,split_pair_group,0.17315888408238717,0,0.5149999999999999
723,31-013-CAS-7463166,0,a,thioglycoside,random_forest,condition_only,split_pair_group,0.17315888408238717,0,0.5149999999999999
739,31-013-CAS-10316632,0,a,thioglycoside,random_forest,condition_only,split_pair_group,0.46687355392626206,0,0.5149999999999999
807,31-013-CAS-1407934,0,a,thioglycoside,random_forest,condition_only,split_pair_group,0.6218822944092924,1,0.5149999999999999
831,31-013-CAS-1278764,0,a,thioglycoside,random_forest,condition_only,split_pair_group,0.2114821860525538,0,0.5149999999999999
833,31-013-CAS-20818633,0,a,thioglycoside,random_forest,condition_only,split_pair_group,0.3497593922912183,0,0.5149999999999999
837,31-614-CAS-38307143,1,b,thioglycoside,random_forest,condition_only,split_pair_group,0.4509377554261804,0,0.5149999999999999
841,31-013-CAS-12570626,1,b,thioglycoside,random_forest,condition_only,split_pair_group,0.3400141074636947,0,0.5149999999999999
842,31-013-CAS-3447636,1,b,thioglycoside,random_forest,condition_only,split_pair_group,0.4998644669938531,0,0.5149999999999999
843,31-013-CAS-1313681,1,b,thioglycoside,random_forest,condition_only,split_pair_group,0.5638127212300721,1,0.5149999999999999
850,31-013-CAS-19733120,0,a,thioglycoside,random_forest,condition_only,split_pair_group,0.26908208610467665,0,0.5149999999999999
851,31-013-CAS-11213156,1,b,thioglycoside,random_forest,condition_only,split_pair_group,0.4686065944339805,0,0.5149999999999999
855,31-049-CAS-11119860,1,b,thioglycoside,random_forest,condition_only,split_pair_group,0.7123259637509776,1,0.5149999999999999
864,31-614-CAS-25201498,1,b,thioglycoside,random_forest,condition_only,split_pair_group,0.6710880804647875,1,0.5149999999999999
865,31-614-CAS-27090868,1,b,thioglycoside,random_forest,condition_only,split_pair_group,0.6710880804647875,1,0.5149999999999999
884,31-013-CAS-9389396,1,b,thioglycoside,random_forest,condition_only,split_pair_group,0.6137393881561756,1,0.5149999999999999
885,31-013-CAS-3991023,1,b,thioglycoside,random_forest,condition_only,split_pair_group,0.5379642271113851,1,0.5149999999999999
890,31-614-CAS-29244011,1,b,thioglycoside,random_forest,condition_only,split_pair_group,0.5638127212300721,1,0.5149999999999999
891,31-614-CAS-26064585,1,b,thioglycoside,random_forest,condition_only,split_pair_group,0.5733797135877751,1,0.5149999999999999
896,31-013-CAS-8933724,0,a,thioglycoside,random_forest,condition_only,split_pair_group,0.5907886546458948,1,0.5149999999999999
901,31-614-CAS-27463098,0,a,thioglycoside,random_forest,condition_only,split_pair_group,0.38238518238168395,0,0.5149999999999999
904,31-013-CAS-17702336,1,b,thioglycoside,random_forest,condition_only,split_pair_group,0.6802802393970893,1,0.5149999999999999
905,31-013-CAS-21762107,1,b,thioglycoside,random_forest,condition_only,split_pair_group,0.6094676912735736,1,0.5149999999999999
906,31-013-CAS-21945116,1,b,thioglycoside,random_forest,condition_only,split_pair_group,0.5478073937289047,1,0.5149999999999999
908,31-013-CAS-12760013,0,a,thioglycoside,random_forest,condition_only,split_pair_group,0.35291159275148415,0,0.5149999999999999
921,31-013-CAS-7584459,1,b,thioglycoside,random_forest,condition_only,split_pair_group,0.4736947106482533,0,0.5149999999999999
922,31-013-CAS-1058357,1,b,thioglycoside,random_forest,condition_only,split_pair_group,0.4998644669938531,0,0.5149999999999999
925,31-013-CAS-19796368,1,b,thioglycoside,random_forest,condition_only,split_pair_group,0.7797936476648881,1,0.5149999999999999
926,31-013-CAS-5703022,1,b,thioglycoside,random_forest,condition_only,split_pair_group,0.5517287729744815,1,0.5149999999999999
935,31-013-CAS-9419983,0,a,thioglycoside,random_forest,condition_only,split_pair_group,0.21348918278126386,0,0.5149999999999999
937,31-013-CAS-11635380,0,a,thioglycoside,random_forest,condition_only,split_pair_group,0.21348918278126386,0,0.5149999999999999
942,31-013-CAS-13870844,0,a,thioglycoside,random_forest,condition_only,split_pair_group,0.3826623155848725,0,0.5149999999999999
943,31-013-CAS-4635858,0,a,thioglycoside,random_forest,condition_only,split_pair_group,0.29081771297996584,0,0.5149999999999999
944,31-614-CAS-34709650,0,a,thioglycoside,random_forest,condition_only,split_pair_group,0.5272428863812256,1,0.5149999999999999
946,31-013-CAS-6806986,1,b,thioglycoside,random_forest,condition_only,split_pair_group,0.6919027582002553,1,0.5149999999999999
963,31-614-CAS-26047459,1,b,thioglycoside,random_forest,condition_only,split_pair_group,0.564992441717107,1,0.5149999999999999
1008,31-013-CAS-5259694,1,b,thioglycoside,random_forest,condition_only,split_pair_group,0.5792013710442567,1,0.5149999999999999
1009,31-013-CAS-3120111,1,b,thioglycoside,random_forest,condition_only,split_pair_group,0.5815448496238469,1,0.5149999999999999
1012,31-013-CAS-21905508,1,b,thioglycoside,random_forest,condition_only,split_pair_group,0.5334594244546818,1,0.5149999999999999
1014,31-013-CAS-18496614,1,b,thioglycoside,random_forest,condition_only,split_pair_group,0.5616543087303413,1,0.5149999999999999
1024,31-013-CAS-12877153,0,a,thioglycoside,random_forest,condition_only,split_pair_group,0.23675808703480952,0,0.5149999999999999
1025,31-013-CAS-7511274,0,a,thioglycoside,random_forest,condition_only,split_pair_group,0.5610372232155088,1,0.5149999999999999
1026,31-013-CAS-854940,0,a,thioglycoside,random_forest,condition_only,split_pair_group,0.44387312208410995,0,0.5149999999999999
1027,31-013-CAS-8833991,0,a,thioglycoside,random_forest,condition_only,split_pair_group,0.4298858996489574,0,0.5149999999999999
1029,31-013-CAS-2439768,1,b,thioglycoside,random_forest,condition_only,split_pair_group,0.7026283575756842,1,0.5149999999999999
1032,31-013-CAS-3532904,1,b,thioglycoside,random_forest,condition_only,split_pair_group,0.5654441369510853,1,0.5149999999999999
1033,31-013-CAS-15039708,1,b,thioglycoside,random_forest,condition_only,split_pair_group,0.6114482464028796,1,0.5149999999999999
1042,31-013-CAS-2224404,1,b,thioglycoside,random_forest,condition_only,split_pair_group,0.46612100200905976,0,0.5149999999999999
1043,31-013-CAS-19733121,0,a,thioglycoside,random_forest,condition_only,split_pair_group,0.26908208610467665,0,0.5149999999999999
1061,31-013-CAS-16587031,0,a,thioglycoside,random_forest,condition_only,split_pair_group,0.29244916875208216,0,0.5149999999999999
1085,31-614-CAS-36914120,0,a,thioglycoside,random_forest,condition_only,split_pair_group,0.3926014583911934,0,0.5149999999999999
1091,31-013-CAS-16946845,1,b,thioglycoside,random_forest,condition_only,split_pair_group,0.5915877362137358,1,0.5149999999999999
1103,31-614-CAS-35394448,1,b,thioglycoside,random_forest,condition_only,split_pair_group,0.6523456564811089,1,0.5149999999999999
1104,31-614-CAS-34336268,0,a,thioglycoside,random_forest,condition_only,split_pair_group,0.38202217126703947,0,0.5149999999999999
1105,31-614-CAS-32458097,0,a,thioglycoside,random_forest,condition_only,split_pair_group,0.500322925082925,0,0.5149999999999999
1106,31-614-CAS-37588004,0,a,thioglycoside,random_forest,condition_only,split_pair_group,0.46687355392626206,0,0.5149999999999999
1117,31-013-CAS-16968435,1,b,thioglycoside,random_forest,condition_only,split_pair_group,0.6902735509923048,1,0.5149999999999999
1124,31-013-CAS-14738874,0,a,thioglycoside,random_forest,condition_only,split_pair_group,0.23675808703480952,0,0.5149999999999999
1127,31-013-CAS-11726967,0,a,thioglycoside,random_forest,condition_only,split_pair_group,0.2200883664344471,0,0.5149999999999999
1141,31-013-CAS-17791367,0,a,thioglycoside,random_forest,condition_only,split_pair_group,0.1717550679292693,0,0.5149999999999999
1150,31-013-CAS-741372,1,b,thioglycoside,random_forest,condition_only,split_pair_group,0.5014234488045658,0,0.5149999999999999
1160,31-013-CAS-17453665,1,b,thioglycoside,random_forest,condition_only,split_pair_group,0.6008262665461578,1,0.5149999999999999
1165,31-013-CAS-11784711,1,b,thioglycoside,random_forest,condition_only,split_pair_group,0.45665735280572745,0,0.5149999999999999
1175,31-013-CAS-21359611,0,a,thioglycoside,random_forest,condition_only,split_pair_group,0.29951202906146,0,0.5149999999999999
1176,31-013-CAS-9488276,0,a,thioglycoside,random_forest,condition_only,split_pair_group,0.29951202906146,0,0.5149999999999999
1182,31-013-CAS-12326620,0,a,thioglycoside,random_forest,condition_only,split_pair_group,0.604652636472413,1,0.5149999999999999
1185,31-013-CAS-23539710,0,a,thioglycoside,random_forest,condition_only,split_pair_group,0.34895140172318856,0,0.5149999999999999
1187,31-013-CAS-14640673,0,a,thioglycoside,random_forest,condition_only,split_pair_group,0.5202244825103112,1,0.5149999999999999
1196,31-013-CAS-1342962,1,b,thioglycoside,random_forest,condition_only,split_pair_group,0.7329287965370465,1,0.5149999999999999
1210,31-013-CAS-3582973,0,a,thioglycoside,random_forest,condition_only,split_pair_group,0.36513119322199705,0,0.5149999999999999
1226,31-013-CAS-4366967,1,b,thioglycoside,random_forest,condition_only,split_pair_group,0.5978514077316865,1,0.5149999999999999
1229,31-013-CAS-16946849,1,b,thioglycoside,random_forest,condition_only,split_pair_group,0.7394851926050598,1,0.5149999999999999
1241,31-013-CAS-2182975,1,b,thioglycoside,random_forest,condition_only,split_pair_group,0.7385683801850347,1,0.5149999999999999
1247,31-013-CAS-13251956,1,b,thioglycoside,random_forest,condition_only,split_pair_group,0.5334594244546818,1,0.5149999999999999
1248,31-013-CAS-3002515,0,a,thioglycoside,random_forest,condition_only,split_pair_group,0.36513119322199705,0,0.5149999999999999
1261,31-614-CAS-37587999,0,a,thioglycoside,random_forest,condition_only,split_pair_group,0.46687355392626206,0,0.5149999999999999
1264,31-013-CAS-806847,1,b,thioglycoside,random_forest,condition_only,split_pair_group,0.6940540136404368,1,0.5149999999999999
1268,31-013-CAS-1585686,1,b,thioglycoside,random_forest,condition_only,split_pair_group,0.6229669441400527,1,0.5149999999999999
1269,31-013-CAS-7643019,1,b,thioglycoside,random_forest,condition_only,split_pair_group,0.47763084195249356,0,0.5149999999999999
1280,31-614-CAS-34954204,0,a,thioglycoside,random_forest,condition_only,split_pair_group,0.6902735509923048,1,0.5149999999999999
1288,31-013-CAS-14512141,1,b,thioglycoside,random_forest,condition_only,split_pair_group,0.6962484056342333,1,0.5149999999999999
1293,31-614-CAS-34956360,1,b,thioglycoside,random_forest,condition_only,split_pair_group,0.7258012447199278,1,0.5149999999999999
1294,31-614-CAS-40218495,1,b,thioglycoside,random_forest,condition_only,split_pair_group,0.6722144605687851,1,0.5149999999999999
1299,31-013-CAS-21608786,0,a,thioglycoside,random_forest,condition_only,split_pair_group,0.22740997346849545,0,0.5149999999999999
1301,31-013-CAS-7147519,0,a,thioglycoside,random_forest,condition_only,split_pair_group,0.38013787572660274,0,0.5149999999999999
1319,31-614-CAS-44041084,1,b,thioglycoside,random_forest,condition_only,split_pair_group,0.5334594244546818,1,0.5149999999999999
1320,31-013-CAS-12262753,1,b,thioglycoside,random_forest,condition_only,split_pair_group,0.4180022168613652,0,0.5149999999999999
1331,31-614-CAS-39834134,0,a,thioglycoside,random_forest,condition_only,split_pair_group,0.16551496345083716,0,0.5149999999999999
1340,31-614-CAS-23946125,0,a,thioglycoside,random_forest,condition_only,split_pair_group,0.46687355392626206,0,0.5149999999999999
1345,31-013-CAS-1583370,0,a,thioglycoside,random_forest,condition_only,split_pair_group,0.5131082722835881,0,0.5149999999999999
1360,31-013-CAS-4188841,1,b,thioglycoside,random_forest,condition_only,split_pair_group,0.614054921160565,1,0.5149999999999999
1361,31-013-CAS-1880759,1,b,thioglycoside,random_forest,condition_only,split_pair_group,0.614054921160565,1,0.5149999999999999
1363,31-013-CAS-1686035,1,b,thioglycoside,random_forest,condition_only,split_pair_group,0.47763084195249356,0,0.5149999999999999
1371,31-013-CAS-13595742,0,a,thioglycoside,random_forest,condition_only,split_pair_group,0.27311264605373264,0,0.5149999999999999
1372,31-013-CAS-2565194,1,b,thioglycoside,random_forest,condition_only,split_pair_group,0.5428614905495924,1,0.5149999999999999
1387,31-013-CAS-12685556,1,b,thioglycoside,random_forest,condition_only,split_pair_group,0.7329287965370465,1,0.5149999999999999
1388,31-013-CAS-16806675,1,b,thioglycoside,random_forest,condition_only,split_pair_group,0.768873620537398,1,0.5149999999999999
1389,31-013-CAS-6076988,1,b,thioglycoside,random_forest,condition_only,split_pair_group,0.6958812288499021,1,0.5149999999999999
1413,31-013-CAS-15393474,1,b,thioglycoside,random_forest,condition_only,split_pair_group,0.7280812800165852,1,0.5149999999999999
1414,31-013-CAS-3282710,1,b,thioglycoside,random_forest,condition_only,split_pair_group,0.630640306996252,1,0.5149999999999999
1415,31-013-CAS-4022684,1,b,thioglycoside,random_forest,condition_only,split_pair_group,0.7026283575756842,1,0.5149999999999999
1416,31-013-CAS-7726616,1,b,thioglycoside,random_forest,condition_only,split_pair_group,0.7329287965370465,1,0.5149999999999999
1418,31-013-CAS-16820825,1,b,thioglycoside,random_forest,condition_only,split_pair_group,0.5344143796197403,1,0.5149999999999999
1422,31-013-CAS-21944308,1,b,thioglycoside,random_forest,condition_only,split_pair_group,0.5956765397424485,1,0.5149999999999999
1426,31-614-CAS-28293923,1,b,thioglycoside,random_forest,condition_only,split_pair_group,0.4371818813275926,0,0.5149999999999999
1430,31-013-CAS-8917480,1,b,thioglycoside,random_forest,condition_only,split_pair_group,0.48737752125492373,0,0.5149999999999999
1439,31-013-CAS-7488283,1,b,thioglycoside,random_forest,condition_only,split_pair_group,0.4948735390951516,0,0.5149999999999999
1445,31-013-CAS-12921527,1,b,thioglycoside,random_forest,condition_only,split_pair_group,0.4046841497847936,0,0.5149999999999999
1453,31-614-CAS-24299301,0,a,thioglycoside,random_forest,condition_only,split_pair_group,0.5893113120036466,1,0.5149999999999999
1454,31-013-CAS-20404994,1,b,thioglycoside,random_forest,condition_only,split_pair_group,0.6108659795877439,1,0.5149999999999999
1456,31-013-CAS-1120171,1,b,thioglycoside,random_forest,condition_only,split_pair_group,0.7293975267929851,1,0.5149999999999999
1457,31-013-CAS-7286890,0,a,thioglycoside,random_forest,condition_only,split_pair_group,0.7055120161084099,1,0.5149999999999999
1459,31-013-CAS-15100866,1,b,thioglycoside,random_forest,condition_only,split_pair_group,0.6882931705950033,1,0.5149999999999999
1460,31-614-CAS-24965173,1,b,thioglycoside,random_forest,condition_only,split_pair_group,0.5693602867286673,1,0.5149999999999999
1464,31-013-CAS-4102089,1,b,thioglycoside,random_forest,condition_only,split_pair_group,0.7280812800165852,1,0.5149999999999999
1466,31-301-CAS-14089757,1,b,thioglycoside,random_forest,condition_only,split_pair_group,0.5917781990987923,1,0.5149999999999999
1467,31-301-CAS-2081601,1,b,thioglycoside,random_forest,condition_only,split_pair_group,0.5917781990987923,1,0.5149999999999999
1474,31-013-CAS-3406433,1,b,thioglycoside,random_forest,condition_only,split_pair_group,0.5672192729052602,1,0.5149999999999999
1475,31-013-CAS-23731804,1,b,thioglycoside,random_forest,condition_only,split_pair_group,0.45880135834398206,0,0.5149999999999999
1482,31-013-CAS-4942088,1,b,thioglycoside,random_forest,condition_only,split_pair_group,0.7026283575756842,1,0.5149999999999999
1494,31-013-CAS-5792629,0,a,thioglycoside,random_forest,condition_only,split_pair_group,0.6917574337461773,1,0.5149999999999999
1496,31-013-CAS-15382044,1,b,thioglycoside,random_forest,condition_only,split_pair_group,0.5090614272243592,0,0.5149999999999999
1500,31-013-CAS-11809252,0,a,thioglycoside,random_forest,condition_only,split_pair_group,0.3699920695570363,0,0.5149999999999999
1505,31-013-CAS-2166542,1,b,thioglycoside,random_forest,condition_only,split_pair_group,0.6021493342180454,1,0.5149999999999999
1511,31-013-CAS-19117152,1,b,thioglycoside,random_forest,condition_only,split_pair_group,0.5132063185848784,0,0.5149999999999999
1518,31-013-CAS-7065488,1,b,thioglycoside,random_forest,condition_only,split_pair_group,0.7730471618117188,1,0.5149999999999999
1520,31-614-CAS-30618647,1,b,thioglycoside,random_forest,condition_only,split_pair_group,0.5917781990987923,1,0.5149999999999999
1526,31-013-CAS-11179214,1,b,thioglycoside,random_forest,condition_only,split_pair_group,0.33701979341555605,0,0.5149999999999999
1528,31-013-CAS-8627156,1,b,thioglycoside,random_forest,condition_only,split_pair_group,0.6049455796558313,1,0.5149999999999999
1529,31-013-CAS-26474,1,b,thioglycoside,random_forest,condition_only,split_pair_group,0.6049455796558313,1,0.5149999999999999
1532,31-614-CAS-41884159,0,a,thioglycoside,random_forest,condition_only,split_pair_group,0.4209629957315309,0,0.5149999999999999
1533,31-614-CAS-37959480,0,a,thioglycoside,random_forest,condition_only,split_pair_group,0.4209629957315309,0,0.5149999999999999
1541,31-614-CAS-45240845,0,a,thioglycoside,random_forest,condition_only,split_pair_group,0.6011655508042922,1,0.5149999999999999
1542,31-013-CAS-21774311,0,a,thioglycoside,random_forest,condition_only,split_pair_group,0.21550264293004023,0,0.5149999999999999
1543,31-614-CAS-41884456,0,a,thioglycoside,random_forest,condition_only,split_pair_group,0.4027335411110869,0,0.5149999999999999
1544,31-614-CAS-37959617,0,a,thioglycoside,random_forest,condition_only,split_pair_group,0.4027335411110869,0,0.5149999999999999
1548,31-013-CAS-4019424,1,b,thioglycoside,random_forest,condition_only,split_pair_group,0.6223955004245387,1,0.5149999999999999
1550,31-614-CAS-24501387,1,b,thioglycoside,random_forest,condition_only,split_pair_group,0.3843040473827274,0,0.5149999999999999
1551,31-614-CAS-29170155,1,b,thioglycoside,random_forest,condition_only,split_pair_group,0.5917781990987923,1,0.5149999999999999
1552,31-614-CAS-27856064,1,b,thioglycoside,random_forest,condition_only,split_pair_group,0.5917781990987923,1,0.5149999999999999
1553,31-013-CAS-7313950,1,b,thioglycoside,random_forest,condition_only,split_pair_group,0.5620620851148671,1,0.5149999999999999
1558,31-013-CAS-21471842,1,b,thioglycoside,random_forest,condition_only,split_pair_group,0.69280411293612,1,0.5149999999999999
16,31-010-CAS-22198130,1,b,trichloroacetimidate,xgboost,condition_only,split_pair_group,0.47969523072242737,0,0.5399999999999999
25,31-010-CAS-5525801,1,b,trichloroacetimidate,xgboost,condition_only,split_pair_group,0.9021188020706177,1,0.5399999999999999
26,31-614-CAS-31203171,0,a,trichloroacetimidate,xgboost,condition_only,split_pair_group,0.4974854588508606,0,0.5399999999999999
36,31-010-CAS-4980852,1,b,trichloroacetimidate,xgboost,condition_only,split_pair_group,0.6283758878707886,1,0.5399999999999999
54,31-010-CAS-19796375,1,b,trichloroacetimidate,xgboost,condition_only,split_pair_group,0.736720621585846,1,0.5399999999999999
74,31-010-CAS-8524792,0,a,trichloroacetimidate,xgboost,condition_only,split_pair_group,0.42670750617980957,0,0.5399999999999999
78,31-010-CAS-1161485,0,a,trichloroacetimidate,xgboost,condition_only,split_pair_group,0.5340616106987,0,0.5399999999999999
114,31-010-CAS-6728808,0,a,trichloroacetimidate,xgboost,condition_only,split_pair_group,0.5577890872955322,1,0.5399999999999999
127,31-010-CAS-3431516,1,b,trichloroacetimidate,xgboost,condition_only,split_pair_group,0.42670750617980957,0,0.5399999999999999
138,31-010-CAS-12729167,1,b,trichloroacetimidate,xgboost,condition_only,split_pair_group,0.6931183934211731,1,0.5399999999999999
142,31-010-CAS-11617057,1,b,trichloroacetimidate,xgboost,condition_only,split_pair_group,0.4245851933956146,0,0.5399999999999999
143,31-010-CAS-3803419,0,a,trichloroacetimidate,xgboost,condition_only,split_pair_group,0.3497048020362854,0,0.5399999999999999
146,31-010-CAS-13055419,1,b,trichloroacetimidate,xgboost,condition_only,split_pair_group,0.6041033267974854,1,0.5399999999999999
148,31-010-CAS-884798,1,b,trichloroacetimidate,xgboost,condition_only,split_pair_group,0.6406219005584717,1,0.5399999999999999
157,31-010-CAS-23202756,1,b,trichloroacetimidate,xgboost,condition_only,split_pair_group,0.9611935615539551,1,0.5399999999999999
161,31-010-CAS-8171704,1,b,trichloroacetimidate,xgboost,condition_only,split_pair_group,0.5215768218040466,0,0.5399999999999999
170,31-010-CAS-16546348,1,b,trichloroacetimidate,xgboost,condition_only,split_pair_group,0.9513636231422424,1,0.5399999999999999
171,31-010-CAS-23204857,1,b,trichloroacetimidate,xgboost,condition_only,split_pair_group,0.9093863368034363,1,0.5399999999999999
183,31-010-CAS-4294380,0,a,trichloroacetimidate,xgboost,condition_only,split_pair_group,0.2406357377767563,0,0.5399999999999999
186,31-010-CAS-11796742,0,a,trichloroacetimidate,xgboost,condition_only,split_pair_group,0.2814292311668396,0,0.5399999999999999
195,31-614-CAS-36199892,1,b,trichloroacetimidate,xgboost,condition_only,split_pair_group,0.7578003406524658,1,0.5399999999999999
203,31-010-CAS-16546344,1,b,trichloroacetimidate,xgboost,condition_only,split_pair_group,0.711028516292572,1,0.5399999999999999
219,31-010-CAS-3920193,0,a,trichloroacetimidate,xgboost,condition_only,split_pair_group,0.06919330358505249,0,0.5399999999999999
220,31-010-CAS-20767187,0,a,trichloroacetimidate,xgboost,condition_only,split_pair_group,0.14427374303340912,0,0.5399999999999999
221,31-010-CAS-17642154,0,a,trichloroacetimidate,xgboost,condition_only,split_pair_group,0.5535369515419006,1,0.5399999999999999
234,31-013-CAS-5827715,1,b,trichloroacetimidate,xgboost,condition_only,split_pair_group,0.7992578744888306,1,0.5399999999999999
241,31-010-CAS-14863653,1,b,trichloroacetimidate,xgboost,condition_only,split_pair_group,0.42915162444114685,0,0.5399999999999999
243,31-010-CAS-13659910,1,b,trichloroacetimidate,xgboost,condition_only,split_pair_group,0.960666835308075,1,0.5399999999999999
250,31-010-CAS-1767038,0,a,trichloroacetimidate,xgboost,condition_only,split_pair_group,0.44060322642326355,0,0.5399999999999999
265,31-010-CAS-7479832,1,b,trichloroacetimidate,xgboost,condition_only,split_pair_group,0.7367162704467773,1,0.5399999999999999
272,31-010-CAS-9842150,1,b,trichloroacetimidate,xgboost,condition_only,split_pair_group,0.5215768218040466,0,0.5399999999999999
284,31-010-CAS-4637552,1,b,trichloroacetimidate,xgboost,condition_only,split_pair_group,0.8675501346588135,1,0.5399999999999999
296,31-010-CAS-11281477,1,b,trichloroacetimidate,xgboost,condition_only,split_pair_group,0.3569483458995819,0,0.5399999999999999
298,31-010-CAS-6624950,1,b,trichloroacetimidate,xgboost,condition_only,split_pair_group,0.5999804735183716,1,0.5399999999999999
310,31-010-CAS-7407036,0,a,trichloroacetimidate,xgboost,condition_only,split_pair_group,0.5342470407485962,0,0.5399999999999999
317,31-010-CAS-17830886,1,b,trichloroacetimidate,xgboost,condition_only,split_pair_group,0.3569483458995819,0,0.5399999999999999
334,31-010-CAS-21359677,1,b,trichloroacetimidate,xgboost,condition_only,split_pair_group,0.8081741333007812,1,0.5399999999999999
335,31-010-CAS-1287355,1,b,trichloroacetimidate,xgboost,condition_only,split_pair_group,0.8081741333007812,1,0.5399999999999999
360,31-010-CAS-21359666,1,b,trichloroacetimidate,xgboost,condition_only,split_pair_group,0.8081741333007812,1,0.5399999999999999
361,31-010-CAS-1619273,1,b,trichloroacetimidate,xgboost,condition_only,split_pair_group,0.8081741333007812,1,0.5399999999999999
364,31-010-CAS-21359670,1,b,trichloroacetimidate,xgboost,condition_only,split_pair_group,0.8081741333007812,1,0.5399999999999999
365,31-010-CAS-10139664,1,b,trichloroacetimidate,xgboost,condition_only,split_pair_group,0.8081741333007812,1,0.5399999999999999
383,31-010-CAS-5251218,0,a,trichloroacetimidate,xgboost,condition_only,split_pair_group,0.16903138160705566,0,0.5399999999999999
384,31-010-CAS-5898048,1,b,trichloroacetimidate,xgboost,condition_only,split_pair_group,0.4903410077095032,0,0.5399999999999999
391,31-010-CAS-17658048,0,a,trichloroacetimidate,xgboost,condition_only,split_pair_group,0.4614206850528717,0,0.5399999999999999
392,31-010-CAS-12999057,0,a,trichloroacetimidate,xgboost,condition_only,split_pair_group,0.7159098386764526,1,0.5399999999999999
400,31-010-CAS-15131203,1,b,trichloroacetimidate,xgboost,condition_only,split_pair_group,0.30032116174697876,0,0.5399999999999999
406,31-010-CAS-18971959,1,b,trichloroacetimidate,xgboost,condition_only,split_pair_group,0.5612724423408508,1,0.5399999999999999
418,31-010-CAS-7849619,1,b,trichloroacetimidate,xgboost,condition_only,split_pair_group,0.8022938370704651,1,0.5399999999999999
428,31-010-CAS-21359659,1,b,trichloroacetimidate,xgboost,condition_only,split_pair_group,0.8081741333007812,1,0.5399999999999999
429,31-010-CAS-12041024,1,b,trichloroacetimidate,xgboost,condition_only,split_pair_group,0.8081741333007812,1,0.5399999999999999
431,31-010-CAS-21359681,1,b,trichloroacetimidate,xgboost,condition_only,split_pair_group,0.8081741333007812,1,0.5399999999999999
432,31-010-CAS-9811894,1,b,trichloroacetimidate,xgboost,condition_only,split_pair_group,0.8081741333007812,1,0.5399999999999999
441,31-010-CAS-8693853,1,b,trichloroacetimidate,xgboost,condition_only,split_pair_group,0.47210589051246643,0,0.5399999999999999
448,31-010-CAS-13639242,0,a,trichloroacetimidate,xgboost,condition_only,split_pair_group,0.8022938370704651,1,0.5399999999999999
471,31-010-CAS-6859118,0,a,trichloroacetimidate,xgboost,condition_only,split_pair_group,0.6763320565223694,1,0.5399999999999999
475,31-010-CAS-6246955,0,a,trichloroacetimidate,xgboost,condition_only,split_pair_group,0.14635242521762848,0,0.5399999999999999
483,31-010-CAS-5827902,0,a,trichloroacetimidate,xgboost,condition_only,split_pair_group,0.17311818897724152,0,0.5399999999999999
484,31-010-CAS-13993703,0,a,trichloroacetimidate,xgboost,condition_only,split_pair_group,0.19009065628051758,0,0.5399999999999999
504,31-010-CAS-10204303,1,b,trichloroacetimidate,xgboost,condition_only,split_pair_group,0.8209790587425232,1,0.5399999999999999
511,31-010-CAS-1044733,1,b,trichloroacetimidate,xgboost,condition_only,split_pair_group,0.5432020425796509,1,0.5399999999999999
515,31-010-CAS-878517,1,b,trichloroacetimidate,xgboost,condition_only,split_pair_group,0.929543137550354,1,0.5399999999999999
530,31-010-CAS-10263463,1,b,trichloroacetimidate,xgboost,condition_only,split_pair_group,0.32743433117866516,0,0.5399999999999999
533,31-010-CAS-15475722,0,a,trichloroacetimidate,xgboost,condition_only,split_pair_group,0.3569483458995819,0,0.5399999999999999
539,31-010-CAS-15140208,1,b,trichloroacetimidate,xgboost,condition_only,split_pair_group,0.32743433117866516,0,0.5399999999999999
540,31-010-CAS-14143291,1,b,trichloroacetimidate,xgboost,condition_only,split_pair_group,0.32743433117866516,0,0.5399999999999999
544,31-010-CAS-14482114,0,a,trichloroacetimidate,xgboost,condition_only,split_pair_group,0.32743433117866516,0,0.5399999999999999
545,31-010-CAS-16396095,1,b,trichloroacetimidate,xgboost,condition_only,split_pair_group,0.3569483458995819,0,0.5399999999999999
559,31-010-CAS-12809730,0,a,trichloroacetimidate,xgboost,condition_only,split_pair_group,0.6694854497909546,1,0.5399999999999999
565,31-010-CAS-5089795,0,a,trifluoroacetimidate,xgboost,condition_only,split_pair_group,0.1747858077287674,0,0.5399999999999999
568,31-010-CAS-6229676,0,a,trifluoroacetimidate,xgboost,condition_only,split_pair_group,0.16316403448581696,0,0.5399999999999999
588,31-010-CAS-8250667,1,b,trifluoroacetimidate,xgboost,condition_only,split_pair_group,0.44064879417419434,0,0.5399999999999999
594,31-013-CAS-5629637,0,a,trifluoroacetimidate,xgboost,condition_only,split_pair_group,0.49759724736213684,0,0.5399999999999999
613,31-013-CAS-12466161,1,b,trifluoroacetimidate,xgboost,condition_only,split_pair_group,0.2516879439353943,0,0.5399999999999999
615,31-010-CAS-22654654,0,a,trifluoroacetimidate,xgboost,condition_only,split_pair_group,0.17412346601486206,0,0.5399999999999999
620,31-010-CAS-21471849,1,b,trifluoroacetimidate,xgboost,condition_only,split_pair_group,0.4912109076976776,0,0.5399999999999999
623,31-614-CAS-40997648,1,b,trifluoroacetimidate,xgboost,condition_only,split_pair_group,0.407443642616272,0,0.5399999999999999
630,31-010-CAS-11999440,1,b,trifluoroacetimidate,xgboost,condition_only,split_pair_group,0.38327324390411377,0,0.5399999999999999
641,31-010-CAS-21471846,1,b,trifluoroacetimidate,xgboost,condition_only,split_pair_group,0.4873638451099396,0,0.5399999999999999
648,31-614-CAS-35275413,1,b,trifluoroacetimidate,xgboost,condition_only,split_pair_group,0.8609167337417603,1,0.5399999999999999
655,31-013-CAS-14145593,0,a,thioglycoside,xgboost,condition_only,split_pair_group,0.6320686936378479,1,0.5399999999999999
656,31-013-CAS-22581512,0,a,thioglycoside,xgboost,condition_only,split_pair_group,0.2727575898170471,0,0.5399999999999999
657,31-013-CAS-9001704,0,a,thioglycoside,xgboost,condition_only,split_pair_group,0.31707602739334106,0,0.5399999999999999
661,31-013-CAS-20074834,0,a,thioglycoside,xgboost,condition_only,split_pair_group,0.45071056485176086,0,0.5399999999999999
662,31-013-CAS-17381412,0,a,thioglycoside,xgboost,condition_only,split_pair_group,0.5854820013046265,1,0.5399999999999999
679,31-013-CAS-20074845,0,a,thioglycoside,xgboost,condition_only,split_pair_group,0.45071056485176086,0,0.5399999999999999
680,31-013-CAS-17381425,0,a,thioglycoside,xgboost,condition_only,split_pair_group,0.5854820013046265,1,0.5399999999999999
682,31-013-CAS-4038549,0,a,thioglycoside,xgboost,condition_only,split_pair_group,0.5703063607215881,1,0.5399999999999999
683,31-013-CAS-22198141,0,a,thioglycoside,xgboost,condition_only,split_pair_group,0.5842804312705994,1,0.5399999999999999
688,31-013-CAS-308870,0,a,thioglycoside,xgboost,condition_only,split_pair_group,0.537476122379303,0,0.5399999999999999
692,31-013-CAS-7066819,0,a,thioglycoside,xgboost,condition_only,split_pair_group,0.4129898250102997,0,0.5399999999999999
697,31-013-CAS-15171815,0,a,thioglycoside,xgboost,condition_only,split_pair_group,0.055896107107400894,0,0.5399999999999999
700,31-013-CAS-14695973,0,a,thioglycoside,xgboost,condition_only,split_pair_group,0.33155250549316406,0,0.5399999999999999
719,31-013-CAS-18792530,0,a,thioglycoside,xgboost,condition_only,split_pair_group,0.2601422071456909,0,0.5399999999999999
720,31-013-CAS-13505033,0,a,thioglycoside,xgboost,condition_only,split_pair_group,0.48095083236694336,0,0.5399999999999999
721,31-013-CAS-13132878,0,a,thioglycoside,xgboost,condition_only,split_pair_group,0.35145488381385803,0,0.5399999999999999
722,31-013-CAS-21359610,0,a,thioglycoside,xgboost,condition_only,split_pair_group,0.19287744164466858,0,0.5399999999999999
723,31-013-CAS-7463166,0,a,thioglycoside,xgboost,condition_only,split_pair_group,0.19287744164466858,0,0.5399999999999999
739,31-013-CAS-10316632,0,a,thioglycoside,xgboost,condition_only,split_pair_group,0.5703063607215881,1,0.5399999999999999
807,31-013-CAS-1407934,0,a,thioglycoside,xgboost,condition_only,split_pair_group,0.4450148344039917,0,0.5399999999999999
831,31-013-CAS-1278764,0,a,thioglycoside,xgboost,condition_only,split_pair_group,0.1833365112543106,0,0.5399999999999999
833,31-013-CAS-20818633,0,a,thioglycoside,xgboost,condition_only,split_pair_group,0.35145488381385803,0,0.5399999999999999
837,31-614-CAS-38307143,1,b,thioglycoside,xgboost,condition_only,split_pair_group,0.4191739559173584,0,0.5399999999999999
841,31-013-CAS-12570626,1,b,thioglycoside,xgboost,condition_only,split_pair_group,0.29554229974746704,0,0.5399999999999999
842,31-013-CAS-3447636,1,b,thioglycoside,xgboost,condition_only,split_pair_group,0.48942384123802185,0,0.5399999999999999
843,31-013-CAS-1313681,1,b,thioglycoside,xgboost,condition_only,split_pair_group,0.6329114437103271,1,0.5399999999999999
850,31-013-CAS-19733120,0,a,thioglycoside,xgboost,condition_only,split_pair_group,0.1277611404657364,0,0.5399999999999999
851,31-013-CAS-11213156,1,b,thioglycoside,xgboost,condition_only,split_pair_group,0.4000389277935028,0,0.5399999999999999
855,31-049-CAS-11119860,1,b,thioglycoside,xgboost,condition_only,split_pair_group,0.787534773349762,1,0.5399999999999999
864,31-614-CAS-25201498,1,b,thioglycoside,xgboost,condition_only,split_pair_group,0.7232164740562439,1,0.5399999999999999
865,31-614-CAS-27090868,1,b,thioglycoside,xgboost,condition_only,split_pair_group,0.7232164740562439,1,0.5399999999999999
884,31-013-CAS-9389396,1,b,thioglycoside,xgboost,condition_only,split_pair_group,0.5014718770980835,0,0.5399999999999999
885,31-013-CAS-3991023,1,b,thioglycoside,xgboost,condition_only,split_pair_group,0.450880765914917,0,0.5399999999999999
890,31-614-CAS-29244011,1,b,thioglycoside,xgboost,condition_only,split_pair_group,0.6329114437103271,1,0.5399999999999999
891,31-614-CAS-26064585,1,b,thioglycoside,xgboost,condition_only,split_pair_group,0.5696931481361389,1,0.5399999999999999
896,31-013-CAS-8933724,0,a,thioglycoside,xgboost,condition_only,split_pair_group,0.57233065366745,1,0.5399999999999999
901,31-614-CAS-27463098,0,a,thioglycoside,xgboost,condition_only,split_pair_group,0.3048984706401825,0,0.5399999999999999
904,31-013-CAS-17702336,1,b,thioglycoside,xgboost,condition_only,split_pair_group,0.6849899888038635,1,0.5399999999999999
905,31-013-CAS-21762107,1,b,thioglycoside,xgboost,condition_only,split_pair_group,0.48816508054733276,0,0.5399999999999999
906,31-013-CAS-21945116,1,b,thioglycoside,xgboost,condition_only,split_pair_group,0.43444129824638367,0,0.5399999999999999
908,31-013-CAS-12760013,0,a,thioglycoside,xgboost,condition_only,split_pair_group,0.14372913539409637,0,0.5399999999999999
921,31-013-CAS-7584459,1,b,thioglycoside,xgboost,condition_only,split_pair_group,0.4904596507549286,0,0.5399999999999999
922,31-013-CAS-1058357,1,b,thioglycoside,xgboost,condition_only,split_pair_group,0.48942384123802185,0,0.5399999999999999
925,31-013-CAS-19796368,1,b,thioglycoside,xgboost,condition_only,split_pair_group,0.7853308916091919,1,0.5399999999999999
926,31-013-CAS-5703022,1,b,thioglycoside,xgboost,condition_only,split_pair_group,0.3254523277282715,0,0.5399999999999999
935,31-013-CAS-9419983,0,a,thioglycoside,xgboost,condition_only,split_pair_group,0.22580161690711975,0,0.5399999999999999
937,31-013-CAS-11635380,0,a,thioglycoside,xgboost,condition_only,split_pair_group,0.22580161690711975,0,0.5399999999999999
942,31-013-CAS-13870844,0,a,thioglycoside,xgboost,condition_only,split_pair_group,0.4371802806854248,0,0.5399999999999999
943,31-013-CAS-4635858,0,a,thioglycoside,xgboost,condition_only,split_pair_group,0.18196403980255127,0,0.5399999999999999
944,31-614-CAS-34709650,0,a,thioglycoside,xgboost,condition_only,split_pair_group,0.4209917187690735,0,0.5399999999999999
946,31-013-CAS-6806986,1,b,thioglycoside,xgboost,condition_only,split_pair_group,0.6332536935806274,1,0.5399999999999999
963,31-614-CAS-26047459,1,b,thioglycoside,xgboost,condition_only,split_pair_group,0.5308535695075989,0,0.5399999999999999
1008,31-013-CAS-5259694,1,b,thioglycoside,xgboost,condition_only,split_pair_group,0.5023431181907654,0,0.5399999999999999
1009,31-013-CAS-3120111,1,b,thioglycoside,xgboost,condition_only,split_pair_group,0.5863292217254639,1,0.5399999999999999
1012,31-013-CAS-21905508,1,b,thioglycoside,xgboost,condition_only,split_pair_group,0.5854820013046265,1,0.5399999999999999
1014,31-013-CAS-18496614,1,b,thioglycoside,xgboost,condition_only,split_pair_group,0.5096885561943054,0,0.5399999999999999
1024,31-013-CAS-12877153,0,a,thioglycoside,xgboost,condition_only,split_pair_group,0.2428734451532364,0,0.5399999999999999
1025,31-013-CAS-7511274,0,a,thioglycoside,xgboost,condition_only,split_pair_group,0.5822117924690247,1,0.5399999999999999
1026,31-013-CAS-854940,0,a,thioglycoside,xgboost,condition_only,split_pair_group,0.41524168848991394,0,0.5399999999999999
1027,31-013-CAS-8833991,0,a,thioglycoside,xgboost,condition_only,split_pair_group,0.43162646889686584,0,0.5399999999999999
1029,31-013-CAS-2439768,1,b,thioglycoside,xgboost,condition_only,split_pair_group,0.6596132516860962,1,0.5399999999999999
1032,31-013-CAS-3532904,1,b,thioglycoside,xgboost,condition_only,split_pair_group,0.5469928979873657,1,0.5399999999999999
1033,31-013-CAS-15039708,1,b,thioglycoside,xgboost,condition_only,split_pair_group,0.5712100863456726,1,0.5399999999999999
1042,31-013-CAS-2224404,1,b,thioglycoside,xgboost,condition_only,split_pair_group,0.4800061285495758,0,0.5399999999999999
1043,31-013-CAS-19733121,0,a,thioglycoside,xgboost,condition_only,split_pair_group,0.1277611404657364,0,0.5399999999999999
1061,31-013-CAS-16587031,0,a,thioglycoside,xgboost,condition_only,split_pair_group,0.13942459225654602,0,0.5399999999999999
1085,31-614-CAS-36914120,0,a,thioglycoside,xgboost,condition_only,split_pair_group,0.3002695143222809,0,0.5399999999999999
1091,31-013-CAS-16946845,1,b,thioglycoside,xgboost,condition_only,split_pair_group,0.49798575043678284,0,0.5399999999999999
1103,31-614-CAS-35394448,1,b,thioglycoside,xgboost,condition_only,split_pair_group,0.7382982969284058,1,0.5399999999999999
1104,31-614-CAS-34336268,0,a,thioglycoside,xgboost,condition_only,split_pair_group,0.3627643585205078,0,0.5399999999999999
1105,31-614-CAS-32458097,0,a,thioglycoside,xgboost,condition_only,split_pair_group,0.44345998764038086,0,0.5399999999999999
1106,31-614-CAS-37588004,0,a,thioglycoside,xgboost,condition_only,split_pair_group,0.5703063607215881,1,0.5399999999999999
1117,31-013-CAS-16968435,1,b,thioglycoside,xgboost,condition_only,split_pair_group,0.7941827178001404,1,0.5399999999999999
1124,31-013-CAS-14738874,0,a,thioglycoside,xgboost,condition_only,split_pair_group,0.2428734451532364,0,0.5399999999999999
1127,31-013-CAS-11726967,0,a,thioglycoside,xgboost,condition_only,split_pair_group,0.12814795970916748,0,0.5399999999999999
1141,31-013-CAS-17791367,0,a,thioglycoside,xgboost,condition_only,split_pair_group,0.12319215387105942,0,0.5399999999999999
1150,31-013-CAS-741372,1,b,thioglycoside,xgboost,condition_only,split_pair_group,0.5557301640510559,1,0.5399999999999999
1160,31-013-CAS-17453665,1,b,thioglycoside,xgboost,condition_only,split_pair_group,0.604888379573822,1,0.5399999999999999
1165,31-013-CAS-11784711,1,b,thioglycoside,xgboost,condition_only,split_pair_group,0.3775230050086975,0,0.5399999999999999
1175,31-013-CAS-21359611,0,a,thioglycoside,xgboost,condition_only,split_pair_group,0.3221805989742279,0,0.5399999999999999
1176,31-013-CAS-9488276,0,a,thioglycoside,xgboost,condition_only,split_pair_group,0.3221805989742279,0,0.5399999999999999
1182,31-013-CAS-12326620,0,a,thioglycoside,xgboost,condition_only,split_pair_group,0.6850600838661194,1,0.5399999999999999
1185,31-013-CAS-23539710,0,a,thioglycoside,xgboost,condition_only,split_pair_group,0.46874698996543884,0,0.5399999999999999
1187,31-013-CAS-14640673,0,a,thioglycoside,xgboost,condition_only,split_pair_group,0.484418660402298,0,0.5399999999999999
1196,31-013-CAS-1342962,1,b,thioglycoside,xgboost,condition_only,split_pair_group,0.6799719929695129,1,0.5399999999999999
1210,31-013-CAS-3582973,0,a,thioglycoside,xgboost,condition_only,split_pair_group,0.2653835117816925,0,0.5399999999999999
1226,31-013-CAS-4366967,1,b,thioglycoside,xgboost,condition_only,split_pair_group,0.7099777460098267,1,0.5399999999999999
1229,31-013-CAS-16946849,1,b,thioglycoside,xgboost,condition_only,split_pair_group,0.6950838565826416,1,0.5399999999999999
1241,31-013-CAS-2182975,1,b,thioglycoside,xgboost,condition_only,split_pair_group,0.8736934661865234,1,0.5399999999999999
1247,31-013-CAS-13251956,1,b,thioglycoside,xgboost,condition_only,split_pair_group,0.5854820013046265,1,0.5399999999999999
1248,31-013-CAS-3002515,0,a,thioglycoside,xgboost,condition_only,split_pair_group,0.2653835117816925,0,0.5399999999999999
1261,31-614-CAS-37587999,0,a,thioglycoside,xgboost,condition_only,split_pair_group,0.5703063607215881,1,0.5399999999999999
1264,31-013-CAS-806847,1,b,thioglycoside,xgboost,condition_only,split_pair_group,0.7771405577659607,1,0.5399999999999999
1268,31-013-CAS-1585686,1,b,thioglycoside,xgboost,condition_only,split_pair_group,0.6498143672943115,1,0.5399999999999999
1269,31-013-CAS-7643019,1,b,thioglycoside,xgboost,condition_only,split_pair_group,0.4609888195991516,0,0.5399999999999999
1280,31-614-CAS-34954204,0,a,thioglycoside,xgboost,condition_only,split_pair_group,0.7941827178001404,1,0.5399999999999999
1288,31-013-CAS-14512141,1,b,thioglycoside,xgboost,condition_only,split_pair_group,0.5861383080482483,1,0.5399999999999999
1293,31-614-CAS-34956360,1,b,thioglycoside,xgboost,condition_only,split_pair_group,0.8820110559463501,1,0.5399999999999999
1294,31-614-CAS-40218495,1,b,thioglycoside,xgboost,condition_only,split_pair_group,0.5821042060852051,1,0.5399999999999999
1299,31-013-CAS-21608786,0,a,thioglycoside,xgboost,condition_only,split_pair_group,0.045954134315252304,0,0.5399999999999999
1301,31-013-CAS-7147519,0,a,thioglycoside,xgboost,condition_only,split_pair_group,0.22547630965709686,0,0.5399999999999999
1319,31-614-CAS-44041084,1,b,thioglycoside,xgboost,condition_only,split_pair_group,0.5854820013046265,1,0.5399999999999999
1320,31-013-CAS-12262753,1,b,thioglycoside,xgboost,condition_only,split_pair_group,0.1738416850566864,0,0.5399999999999999
1331,31-614-CAS-39834134,0,a,thioglycoside,xgboost,condition_only,split_pair_group,0.2258194237947464,0,0.5399999999999999
1340,31-614-CAS-23946125,0,a,thioglycoside,xgboost,condition_only,split_pair_group,0.5703063607215881,1,0.5399999999999999
1345,31-013-CAS-1583370,0,a,thioglycoside,xgboost,condition_only,split_pair_group,0.4715242087841034,0,0.5399999999999999
1360,31-013-CAS-4188841,1,b,thioglycoside,xgboost,condition_only,split_pair_group,0.7129857540130615,1,0.5399999999999999
1361,31-013-CAS-1880759,1,b,thioglycoside,xgboost,condition_only,split_pair_group,0.7129857540130615,1,0.5399999999999999
1363,31-013-CAS-1686035,1,b,thioglycoside,xgboost,condition_only,split_pair_group,0.4609888195991516,0,0.5399999999999999
1371,31-013-CAS-13595742,0,a,thioglycoside,xgboost,condition_only,split_pair_group,0.24119822680950165,0,0.5399999999999999
1372,31-013-CAS-2565194,1,b,thioglycoside,xgboost,condition_only,split_pair_group,0.6630164980888367,1,0.5399999999999999
1387,31-013-CAS-12685556,1,b,thioglycoside,xgboost,condition_only,split_pair_group,0.6799719929695129,1,0.5399999999999999
1388,31-013-CAS-16806675,1,b,thioglycoside,xgboost,condition_only,split_pair_group,0.8408077955245972,1,0.5399999999999999
1389,31-013-CAS-6076988,1,b,thioglycoside,xgboost,condition_only,split_pair_group,0.6392501592636108,1,0.5399999999999999
1413,31-013-CAS-15393474,1,b,thioglycoside,xgboost,condition_only,split_pair_group,0.8947768211364746,1,0.5399999999999999
1414,31-013-CAS-3282710,1,b,thioglycoside,xgboost,condition_only,split_pair_group,0.5643919110298157,1,0.5399999999999999
1415,31-013-CAS-4022684,1,b,thioglycoside,xgboost,condition_only,split_pair_group,0.6596132516860962,1,0.5399999999999999
1416,31-013-CAS-7726616,1,b,thioglycoside,xgboost,condition_only,split_pair_group,0.6799719929695129,1,0.5399999999999999
1418,31-013-CAS-16820825,1,b,thioglycoside,xgboost,condition_only,split_pair_group,0.6213333606719971,1,0.5399999999999999
1422,31-013-CAS-21944308,1,b,thioglycoside,xgboost,condition_only,split_pair_group,0.6943848729133606,1,0.5399999999999999
1426,31-614-CAS-28293923,1,b,thioglycoside,xgboost,condition_only,split_pair_group,0.16414187848567963,0,0.5399999999999999
1430,31-013-CAS-8917480,1,b,thioglycoside,xgboost,condition_only,split_pair_group,0.22696439921855927,0,0.5399999999999999
1439,31-013-CAS-7488283,1,b,thioglycoside,xgboost,condition_only,split_pair_group,0.5261592268943787,0,0.5399999999999999
1445,31-013-CAS-12921527,1,b,thioglycoside,xgboost,condition_only,split_pair_group,0.3952467441558838,0,0.5399999999999999
1453,31-614-CAS-24299301,0,a,thioglycoside,xgboost,condition_only,split_pair_group,0.5062006115913391,0,0.5399999999999999
1454,31-013-CAS-20404994,1,b,thioglycoside,xgboost,condition_only,split_pair_group,0.49938705563545227,0,0.5399999999999999
1456,31-013-CAS-1120171,1,b,thioglycoside,xgboost,condition_only,split_pair_group,0.7941065430641174,1,0.5399999999999999
1457,31-013-CAS-7286890,0,a,thioglycoside,xgboost,condition_only,split_pair_group,0.8140050172805786,1,0.5399999999999999
1459,31-013-CAS-15100866,1,b,thioglycoside,xgboost,condition_only,split_pair_group,0.7851652503013611,1,0.5399999999999999
1460,31-614-CAS-24965173,1,b,thioglycoside,xgboost,condition_only,split_pair_group,0.5497727394104004,1,0.5399999999999999
1464,31-013-CAS-4102089,1,b,thioglycoside,xgboost,condition_only,split_pair_group,0.8947768211364746,1,0.5399999999999999
1466,31-301-CAS-14089757,1,b,thioglycoside,xgboost,condition_only,split_pair_group,0.47155115008354187,0,0.5399999999999999
1467,31-301-CAS-2081601,1,b,thioglycoside,xgboost,condition_only,split_pair_group,0.47155115008354187,0,0.5399999999999999
1474,31-013-CAS-3406433,1,b,thioglycoside,xgboost,condition_only,split_pair_group,0.6790251135826111,1,0.5399999999999999
1475,31-013-CAS-23731804,1,b,thioglycoside,xgboost,condition_only,split_pair_group,0.5248528718948364,0,0.5399999999999999
1482,31-013-CAS-4942088,1,b,thioglycoside,xgboost,condition_only,split_pair_group,0.6596132516860962,1,0.5399999999999999
1494,31-013-CAS-5792629,0,a,thioglycoside,xgboost,condition_only,split_pair_group,0.780648410320282,1,0.5399999999999999
1496,31-013-CAS-15382044,1,b,thioglycoside,xgboost,condition_only,split_pair_group,0.4896484315395355,0,0.5399999999999999
1500,31-013-CAS-11809252,0,a,thioglycoside,xgboost,condition_only,split_pair_group,0.11030471324920654,0,0.5399999999999999
1505,31-013-CAS-2166542,1,b,thioglycoside,xgboost,condition_only,split_pair_group,0.6706382036209106,1,0.5399999999999999
1511,31-013-CAS-19117152,1,b,thioglycoside,xgboost,condition_only,split_pair_group,0.6814767718315125,1,0.5399999999999999
1518,31-013-CAS-7065488,1,b,thioglycoside,xgboost,condition_only,split_pair_group,0.7813801169395447,1,0.5399999999999999
1520,31-614-CAS-30618647,1,b,thioglycoside,xgboost,condition_only,split_pair_group,0.47155115008354187,0,0.5399999999999999
1526,31-013-CAS-11179214,1,b,thioglycoside,xgboost,condition_only,split_pair_group,0.21826666593551636,0,0.5399999999999999
1528,31-013-CAS-8627156,1,b,thioglycoside,xgboost,condition_only,split_pair_group,0.6131060123443604,1,0.5399999999999999
1529,31-013-CAS-26474,1,b,thioglycoside,xgboost,condition_only,split_pair_group,0.6131060123443604,1,0.5399999999999999
1532,31-614-CAS-41884159,0,a,thioglycoside,xgboost,condition_only,split_pair_group,0.45402124524116516,0,0.5399999999999999
1533,31-614-CAS-37959480,0,a,thioglycoside,xgboost,condition_only,split_pair_group,0.45402124524116516,0,0.5399999999999999
1541,31-614-CAS-45240845,0,a,thioglycoside,xgboost,condition_only,split_pair_group,0.4609546661376953,0,0.5399999999999999
1542,31-013-CAS-21774311,0,a,thioglycoside,xgboost,condition_only,split_pair_group,0.20321092009544373,0,0.5399999999999999
1543,31-614-CAS-41884456,0,a,thioglycoside,xgboost,condition_only,split_pair_group,0.42502889037132263,0,0.5399999999999999
1544,31-614-CAS-37959617,0,a,thioglycoside,xgboost,condition_only,split_pair_group,0.42502889037132263,0,0.5399999999999999
1548,31-013-CAS-4019424,1,b,thioglycoside,xgboost,condition_only,split_pair_group,0.7455306649208069,1,0.5399999999999999
1550,31-614-CAS-24501387,1,b,thioglycoside,xgboost,condition_only,split_pair_group,0.45071056485176086,0,0.5399999999999999
1551,31-614-CAS-29170155,1,b,thioglycoside,xgboost,condition_only,split_pair_group,0.47155115008354187,0,0.5399999999999999
1552,31-614-CAS-27856064,1,b,thioglycoside,xgboost,condition_only,split_pair_group,0.47155115008354187,0,0.5399999999999999
1553,31-013-CAS-7313950,1,b,thioglycoside,xgboost,condition_only,split_pair_group,0.6188598871231079,1,0.5399999999999999
1558,31-013-CAS-21471842,1,b,thioglycoside,xgboost,condition_only,split_pair_group,0.6211574077606201,1,0.5399999999999999
