ID,Reaction_ID,Label,Product_Config,Donor_Type,model_name,feature_set,split_name,y_proba,y_pred,threshold
14,31-010-CAS-7636404,1,b,trichloroacetimidate,logistic_regression,structure_condition,split_random_stratified,0.9998243183030497,1,0.575
22,31-010-CAS-6541067,1,b,trichloroacetimidate,logistic_regression,structure_condition,split_random_stratified,0.9992668326227069,1,0.575
23,31-010-CAS-12435719,1,b,trichloroacetimidate,logistic_regression,structure_condition,split_random_stratified,0.9934590576208189,1,0.575
26,31-614-CAS-31203171,0,a,trichloroacetimidate,logistic_regression,structure_condition,split_random_stratified,0.9947416759768031,1,0.575
35,31-010-CAS-16059825,0,a,trichloroacetimidate,logistic_regression,structure_condition,split_random_stratified,0.04560505451686495,0,0.575
37,31-010-CAS-4938490,1,b,trichloroacetimidate,logistic_regression,structure_condition,split_random_stratified,0.989080061432765,1,0.575
40,31-010-CAS-2030010,1,b,trichloroacetimidate,logistic_regression,structure_condition,split_random_stratified,0.9821778842201433,1,0.575
50,31-614-CAS-24990873,0,a,trichloroacetimidate,logistic_regression,structure_condition,split_random_stratified,0.3850375232964349,0,0.575
65,31-010-CAS-6929657,0,a,trichloroacetimidate,logistic_regression,structure_condition,split_random_stratified,0.04753149273583407,0,0.575
75,31-010-CAS-1428434,1,b,trichloroacetimidate,logistic_regression,structure_condition,split_random_stratified,0.9270813916710232,1,0.575
88,31-010-CAS-13632893,1,b,trichloroacetimidate,logistic_regression,structure_condition,split_random_stratified,0.9959560616784253,1,0.575
103,31-010-CAS-5152732,0,a,trichloroacetimidate,logistic_regression,structure_condition,split_random_stratified,0.061533375794144876,0,0.575
120,31-010-CAS-8132868,1,b,trichloroacetimidate,logistic_regression,structure_condition,split_random_stratified,0.9873634097970087,1,0.575
126,31-010-CAS-16569614,1,b,trichloroacetimidate,logistic_regression,structure_condition,split_random_stratified,0.4105270202458867,0,0.575
139,31-010-CAS-10336392,1,b,trichloroacetimidate,logistic_regression,structure_condition,split_random_stratified,0.9948961029367395,1,0.575
147,31-010-CAS-16717556,1,b,trichloroacetimidate,logistic_regression,structure_condition,split_random_stratified,0.9883267365616947,1,0.575
157,31-010-CAS-23202756,1,b,trichloroacetimidate,logistic_regression,structure_condition,split_random_stratified,0.9614158364279005,1,0.575
160,31-010-CAS-8349698,1,b,trichloroacetimidate,logistic_regression,structure_condition,split_random_stratified,0.9985392430971511,1,0.575
173,31-010-CAS-11639207,1,b,trichloroacetimidate,logistic_regression,structure_condition,split_random_stratified,0.9084077693203919,1,0.575
177,31-010-CAS-2453120,1,b,trichloroacetimidate,logistic_regression,structure_condition,split_random_stratified,0.9898573660888473,1,0.575
179,31-010-CAS-20996842,1,b,trichloroacetimidate,logistic_regression,structure_condition,split_random_stratified,0.9920082599195384,1,0.575
180,31-010-CAS-7801504,1,b,trichloroacetimidate,logistic_regression,structure_condition,split_random_stratified,0.9986597769134445,1,0.575
184,31-010-CAS-12105858,1,b,trichloroacetimidate,logistic_regression,structure_condition,split_random_stratified,0.8734632104011776,1,0.575
199,31-010-CAS-8475811,1,b,trichloroacetimidate,logistic_regression,structure_condition,split_random_stratified,0.7540579640374718,1,0.575
202,31-010-CAS-10742937,1,b,trichloroacetimidate,logistic_regression,structure_condition,split_random_stratified,0.9999968060350519,1,0.575
204,31-010-CAS-16546346,1,b,trichloroacetimidate,logistic_regression,structure_condition,split_random_stratified,0.5190775107210941,0,0.575
206,31-010-CAS-14206798,1,b,trichloroacetimidate,logistic_regression,structure_condition,split_random_stratified,0.9997412130633614,1,0.575
211,31-010-CAS-16419863,0,a,trichloroacetimidate,logistic_regression,structure_condition,split_random_stratified,0.04420759487742075,0,0.575
212,31-010-CAS-5837683,1,b,trichloroacetimidate,logistic_regression,structure_condition,split_random_stratified,0.9851538600805765,1,0.575
213,31-010-CAS-11980647,1,b,trichloroacetimidate,logistic_regression,structure_condition,split_random_stratified,0.9505506847369858,1,0.575
214,31-010-CAS-978790,0,a,trichloroacetimidate,logistic_regression,structure_condition,split_random_stratified,0.1872538757343904,0,0.575
219,31-010-CAS-3920193,0,a,trichloroacetimidate,logistic_regression,structure_condition,split_random_stratified,0.0007147718593168382,0,0.575
224,31-010-CAS-11159083,1,b,trichloroacetimidate,logistic_regression,structure_condition,split_random_stratified,0.9981818065289344,1,0.575
229,31-010-CAS-11253839,1,b,trichloroacetimidate,logistic_regression,structure_condition,split_random_stratified,0.9972661762957725,1,0.575
232,31-010-CAS-11268512,0,a,trichloroacetimidate,logistic_regression,structure_condition,split_random_stratified,0.009201580433012606,0,0.575
238,31-010-CAS-2752672,1,b,trichloroacetimidate,logistic_regression,structure_condition,split_random_stratified,0.9966579154593709,1,0.575
241,31-010-CAS-14863653,1,b,trichloroacetimidate,logistic_regression,structure_condition,split_random_stratified,0.7989721092480335,1,0.575
243,31-010-CAS-13659910,1,b,trichloroacetimidate,logistic_regression,structure_condition,split_random_stratified,0.9977287426166187,1,0.575
250,31-010-CAS-1767038,0,a,trichloroacetimidate,logistic_regression,structure_condition,split_random_stratified,0.4178676418534762,0,0.575
254,31-010-CAS-12015352,1,b,trichloroacetimidate,logistic_regression,structure_condition,split_random_stratified,0.5365942372495033,0,0.575
260,31-010-CAS-18605825,1,b,trichloroacetimidate,logistic_regression,structure_condition,split_random_stratified,0.9926025590928343,1,0.575
266,31-010-CAS-3244651,1,b,trichloroacetimidate,logistic_regression,structure_condition,split_random_stratified,0.9963621966230151,1,0.575
268,31-010-CAS-4044654,1,b,trichloroacetimidate,logistic_regression,structure_condition,split_random_stratified,0.9928556674666753,1,0.575
283,31-010-CAS-8507735,1,b,trichloroacetimidate,logistic_regression,structure_condition,split_random_stratified,0.9999506538110554,1,0.575
286,31-010-CAS-8307308,1,b,trichloroacetimidate,logistic_regression,structure_condition,split_random_stratified,0.7229413170122863,1,0.575
290,31-010-CAS-19796358,1,b,trichloroacetimidate,logistic_regression,structure_condition,split_random_stratified,0.9980411009209955,1,0.575
299,31-010-CAS-13182905,0,a,trichloroacetimidate,logistic_regression,structure_condition,split_random_stratified,0.3309748921911407,0,0.575
321,31-010-CAS-11535237,1,b,trichloroacetimidate,logistic_regression,structure_condition,split_random_stratified,0.3565217955259261,0,0.575
324,31-010-CAS-16630393,1,b,trichloroacetimidate,logistic_regression,structure_condition,split_random_stratified,0.6804256161716661,1,0.575
329,31-010-CAS-12672266,1,b,trichloroacetimidate,logistic_regression,structure_condition,split_random_stratified,0.40917826315909434,0,0.575
334,31-010-CAS-21359677,1,b,trichloroacetimidate,logistic_regression,structure_condition,split_random_stratified,0.9769095153371492,1,0.575
363,31-010-CAS-3241716,1,b,trichloroacetimidate,logistic_regression,structure_condition,split_random_stratified,0.9978372789707638,1,0.575
368,31-010-CAS-21359655,1,b,trichloroacetimidate,logistic_regression,structure_condition,split_random_stratified,0.9986175191050445,1,0.575
373,31-010-CAS-14406507,1,b,trichloroacetimidate,logistic_regression,structure_condition,split_random_stratified,0.997634512882953,1,0.575
379,31-010-CAS-5890484,1,b,trichloroacetimidate,logistic_regression,structure_condition,split_random_stratified,0.9984226068404034,1,0.575
394,31-010-CAS-2020028,0,a,trichloroacetimidate,logistic_regression,structure_condition,split_random_stratified,0.40917826315909434,0,0.575
400,31-010-CAS-15131203,1,b,trichloroacetimidate,logistic_regression,structure_condition,split_random_stratified,0.40917826315909434,0,0.575
401,31-010-CAS-8102873,0,a,trichloroacetimidate,logistic_regression,structure_condition,split_random_stratified,0.02500377296424323,0,0.575
414,31-010-CAS-5438768,0,a,trichloroacetimidate,logistic_regression,structure_condition,split_random_stratified,0.10775662852470612,0,0.575
416,31-010-CAS-8748980,0,a,trichloroacetimidate,logistic_regression,structure_condition,split_random_stratified,0.40917826315909434,0,0.575
419,31-010-CAS-16582633,1,b,trichloroacetimidate,logistic_regression,structure_condition,split_random_stratified,0.10178590572532238,0,0.575
422,31-010-CAS-21359658,1,b,trichloroacetimidate,logistic_regression,structure_condition,split_random_stratified,0.9835995095384618,1,0.575
427,31-010-CAS-2953436,1,b,trichloroacetimidate,logistic_regression,structure_condition,split_random_stratified,0.9755866182615527,1,0.575
430,31-010-CAS-1018725,1,b,trichloroacetimidate,logistic_regression,structure_condition,split_random_stratified,0.993440748884682,1,0.575
431,31-010-CAS-21359681,1,b,trichloroacetimidate,logistic_regression,structure_condition,split_random_stratified,0.995800440089109,1,0.575
450,31-010-CAS-5494498,0,a,trichloroacetimidate,logistic_regression,structure_condition,split_random_stratified,0.015474311261936479,0,0.575
452,31-010-CAS-12552790,1,b,trichloroacetimidate,logistic_regression,structure_condition,split_random_stratified,0.9999213618775916,1,0.575
459,31-010-CAS-11303200,1,b,trichloroacetimidate,logistic_regression,structure_condition,split_random_stratified,0.9962109849209472,1,0.575
463,31-010-CAS-2797002,0,a,trichloroacetimidate,logistic_regression,structure_condition,split_random_stratified,0.05506695403036676,0,0.575
467,31-010-CAS-2634829,0,a,trichloroacetimidate,logistic_regression,structure_condition,split_random_stratified,0.010053683176179185,0,0.575
477,31-010-CAS-10902642,1,b,trichloroacetimidate,logistic_regression,structure_condition,split_random_stratified,0.9990056056051915,1,0.575
480,31-614-CAS-44041067,1,b,trichloroacetimidate,logistic_regression,structure_condition,split_random_stratified,0.9832654210799339,1,0.575
481,31-010-CAS-2015247,1,b,trichloroacetimidate,logistic_regression,structure_condition,split_random_stratified,0.9964317124921132,1,0.575
482,31-010-CAS-7110317,0,a,trichloroacetimidate,logistic_regression,structure_condition,split_random_stratified,0.002164810886795128,0,0.575
494,31-010-CAS-14792858,1,b,trichloroacetimidate,logistic_regression,structure_condition,split_random_stratified,0.9999136755597988,1,0.575
518,31-010-CAS-14831299,0,a,trichloroacetimidate,logistic_regression,structure_condition,split_random_stratified,0.006002803631055552,0,0.575
527,31-010-CAS-10545007,0,a,trichloroacetimidate,logistic_regression,structure_condition,split_random_stratified,0.3325473415433121,0,0.575
531,31-010-CAS-13346541,0,a,trichloroacetimidate,logistic_regression,structure_condition,split_random_stratified,0.014655881279599759,0,0.575
535,31-010-CAS-1415329,1,b,trichloroacetimidate,logistic_regression,structure_condition,split_random_stratified,0.4973620191109453,0,0.575
536,31-010-CAS-3485314,1,b,trichloroacetimidate,logistic_regression,structure_condition,split_random_stratified,0.24529014090147472,0,0.575
540,31-010-CAS-14143291,1,b,trichloroacetimidate,logistic_regression,structure_condition,split_random_stratified,0.3325473415433121,0,0.575
542,31-010-CAS-11210902,0,a,trichloroacetimidate,logistic_regression,structure_condition,split_random_stratified,0.003657785675909015,0,0.575
552,31-010-CAS-8134904,0,a,trichloroacetimidate,logistic_regression,structure_condition,split_random_stratified,0.4973620191109453,0,0.575
555,31-010-CAS-14658592,1,b,trichloroacetimidate,logistic_regression,structure_condition,split_random_stratified,0.97286552286777,1,0.575
565,31-010-CAS-5089795,0,a,trifluoroacetimidate,logistic_regression,structure_condition,split_random_stratified,0.025862814946976374,0,0.575
572,31-013-CAS-6013588,0,a,trifluoroacetimidate,logistic_regression,structure_condition,split_random_stratified,0.1352550587173096,0,0.575
573,31-010-CAS-22954860,0,a,trifluoroacetimidate,logistic_regression,structure_condition,split_random_stratified,0.07044164842482521,0,0.575
587,31-614-CAS-41495813,0,a,trifluoroacetimidate,logistic_regression,structure_condition,split_random_stratified,0.0028593555989310567,0,0.575
590,31-010-CAS-8696313,1,b,trifluoroacetimidate,logistic_regression,structure_condition,split_random_stratified,0.9593056556404581,1,0.575
600,31-010-CAS-22375200,1,b,trifluoroacetimidate,logistic_regression,structure_condition,split_random_stratified,0.7267188713728974,1,0.575
607,31-010-CAS-19353817,0,a,trifluoroacetimidate,logistic_regression,structure_condition,split_random_stratified,0.012023942155870451,0,0.575
619,31-614-CAS-35275420,1,b,trifluoroacetimidate,logistic_regression,structure_condition,split_random_stratified,0.985816743035239,1,0.575
629,31-010-CAS-23517749,1,b,trifluoroacetimidate,logistic_regression,structure_condition,split_random_stratified,0.9999934919178226,1,0.575
632,31-013-CAS-18528259,1,b,trifluoroacetimidate,logistic_regression,structure_condition,split_random_stratified,0.9998331089415369,1,0.575
638,31-010-CAS-20875067,1,b,trifluoroacetimidate,logistic_regression,structure_condition,split_random_stratified,0.9962346440410688,1,0.575
646,31-614-CAS-42575632,1,b,trifluoroacetimidate,logistic_regression,structure_condition,split_random_stratified,0.9999088243533332,1,0.575
648,31-614-CAS-35275413,1,b,trifluoroacetimidate,logistic_regression,structure_condition,split_random_stratified,0.9995678301182357,1,0.575
650,31-013-CAS-20074828,0,a,thioglycoside,logistic_regression,structure_condition,split_random_stratified,0.0030602139886456094,0,0.575
654,31-013-CAS-17381408,0,a,thioglycoside,logistic_regression,structure_condition,split_random_stratified,0.0016387379232757568,0,0.575
672,31-013-CAS-5609840,0,a,thioglycoside,logistic_regression,structure_condition,split_random_stratified,0.003565340123953424,0,0.575
688,31-013-CAS-308870,0,a,thioglycoside,logistic_regression,structure_condition,split_random_stratified,0.015713403247133037,0,0.575
690,31-614-CAS-42125040,1,b,thioglycoside,logistic_regression,structure_condition,split_random_stratified,0.3087502647790567,0,0.575
693,31-013-CAS-15220844,0,a,thioglycoside,logistic_regression,structure_condition,split_random_stratified,0.12594485863051064,0,0.575
698,31-013-CAS-17243080,1,b,thioglycoside,logistic_regression,structure_condition,split_random_stratified,0.9974275786330115,1,0.575
704,31-614-CAS-34701877,1,b,thioglycoside,logistic_regression,structure_condition,split_random_stratified,0.9115043568616423,1,0.575
705,31-013-CAS-4509020,0,a,thioglycoside,logistic_regression,structure_condition,split_random_stratified,6.784648107966273e-05,0,0.575
717,31-013-CAS-22936260,0,a,thioglycoside,logistic_regression,structure_condition,split_random_stratified,0.21177314219743984,0,0.575
718,31-614-CAS-34701884,1,b,thioglycoside,logistic_regression,structure_condition,split_random_stratified,0.8251703799735693,1,0.575
720,31-013-CAS-13505033,0,a,thioglycoside,logistic_regression,structure_condition,split_random_stratified,0.24818241766351856,0,0.575
722,31-013-CAS-21359610,0,a,thioglycoside,logistic_regression,structure_condition,split_random_stratified,0.13396150704999044,0,0.575
726,31-013-CAS-14123962,0,a,thioglycoside,logistic_regression,structure_condition,split_random_stratified,0.020200785828947687,0,0.575
746,31-013-CAS-3859968,0,a,thioglycoside,logistic_regression,structure_condition,split_random_stratified,0.566293722980567,0,0.575
758,31-013-CAS-15920353,0,a,thioglycoside,logistic_regression,structure_condition,split_random_stratified,0.06483625227049492,0,0.575
763,31-013-CAS-6495154,1,b,thioglycoside,logistic_regression,structure_condition,split_random_stratified,0.390125895844265,0,0.575
765,31-013-CAS-11369982,1,b,thioglycoside,logistic_regression,structure_condition,split_random_stratified,0.390125895844265,0,0.575
771,31-013-CAS-21359741,0,a,thioglycoside,logistic_regression,structure_condition,split_random_stratified,0.023048578703933398,0,0.575
784,31-013-CAS-17243071,1,b,thioglycoside,logistic_regression,structure_condition,split_random_stratified,0.9989845167091862,1,0.575
786,31-614-CAS-44137212,0,a,thioglycoside,logistic_regression,structure_condition,split_random_stratified,0.00066889438291226,0,0.575
787,31-013-CAS-10475617,1,b,thioglycoside,logistic_regression,structure_condition,split_random_stratified,0.9130954761038178,1,0.575
788,31-013-CAS-13972345,1,b,thioglycoside,logistic_regression,structure_condition,split_random_stratified,0.935240545095736,1,0.575
798,31-013-CAS-1891598,0,a,thioglycoside,logistic_regression,structure_condition,split_random_stratified,0.36751251797632817,0,0.575
802,31-013-CAS-22938507,1,b,thioglycoside,logistic_regression,structure_condition,split_random_stratified,0.4258113771960518,0,0.575
803,31-013-CAS-23876375,0,a,thioglycoside,logistic_regression,structure_condition,split_random_stratified,0.9946483985219416,1,0.575
808,31-013-CAS-9812928,0,a,thioglycoside,logistic_regression,structure_condition,split_random_stratified,0.4825843976385522,0,0.575
811,31-013-CAS-12273664,1,b,thioglycoside,logistic_regression,structure_condition,split_random_stratified,0.4825843976385522,0,0.575
818,31-013-CAS-8835573,0,a,thioglycoside,logistic_regression,structure_condition,split_random_stratified,0.2921986427057121,0,0.575
830,31-013-CAS-21905513,1,b,thioglycoside,logistic_regression,structure_condition,split_random_stratified,0.9907221437369413,1,0.575
850,31-013-CAS-19733120,0,a,thioglycoside,logistic_regression,structure_condition,split_random_stratified,0.3973733059235167,0,0.575
851,31-013-CAS-11213156,1,b,thioglycoside,logistic_regression,structure_condition,split_random_stratified,0.9863978277130453,1,0.575
853,31-013-CAS-8454219,1,b,thioglycoside,logistic_regression,structure_condition,split_random_stratified,0.9291637000147827,1,0.575
896,31-013-CAS-8933724,0,a,thioglycoside,logistic_regression,structure_condition,split_random_stratified,0.625050734004045,1,0.575
899,31-013-CAS-23877545,1,b,thioglycoside,logistic_regression,structure_condition,split_random_stratified,0.07444654109709929,0,0.575
927,31-013-CAS-12459743,1,b,thioglycoside,logistic_regression,structure_condition,split_random_stratified,0.844864532126338,1,0.575
931,31-614-CAS-30873545,0,a,thioglycoside,logistic_regression,structure_condition,split_random_stratified,0.16548235683454987,0,0.575
936,31-013-CAS-9549076,1,b,thioglycoside,logistic_regression,structure_condition,split_random_stratified,0.9989561374537365,1,0.575
938,31-013-CAS-9933290,0,a,thioglycoside,logistic_regression,structure_condition,split_random_stratified,0.006325404565112816,0,0.575
949,31-013-CAS-19796364,1,b,thioglycoside,logistic_regression,structure_condition,split_random_stratified,0.9972927296238541,1,0.575
950,31-013-CAS-13137320,1,b,thioglycoside,logistic_regression,structure_condition,split_random_stratified,0.9987520087001779,1,0.575
956,31-013-CAS-9655089,1,b,thioglycoside,logistic_regression,structure_condition,split_random_stratified,0.14490048294770957,0,0.575
967,31-013-CAS-3859987,1,b,thioglycoside,logistic_regression,structure_condition,split_random_stratified,0.11830738992103211,0,0.575
973,31-013-CAS-1712789,1,b,thioglycoside,logistic_regression,structure_condition,split_random_stratified,0.21383563498232516,0,0.575
974,31-013-CAS-11796224,1,b,thioglycoside,logistic_regression,structure_condition,split_random_stratified,0.21383563498232516,0,0.575
979,31-013-CAS-5063674,1,b,thioglycoside,logistic_regression,structure_condition,split_random_stratified,0.9389941791845852,1,0.575
987,31-013-CAS-6023114,1,b,thioglycoside,logistic_regression,structure_condition,split_random_stratified,0.17721302360469476,0,0.575
997,31-614-CAS-39684276,0,a,thioglycoside,logistic_regression,structure_condition,split_random_stratified,0.00040285791704285366,0,0.575
1002,31-614-CAS-47697112,1,b,thioglycoside,logistic_regression,structure_condition,split_random_stratified,0.03344353205002942,0,0.575
1003,31-614-CAS-27094234,0,a,thioglycoside,logistic_regression,structure_condition,split_random_stratified,0.24578726868951803,0,0.575
1004,31-301-CAS-4805695,1,b,thioglycoside,logistic_regression,structure_condition,split_random_stratified,0.7880209606738044,1,0.575
1007,31-013-CAS-9787141,1,b,thioglycoside,logistic_regression,structure_condition,split_random_stratified,0.999717481656307,1,0.575
1010,31-013-CAS-22252748,1,b,thioglycoside,logistic_regression,structure_condition,split_random_stratified,0.9897047295098848,1,0.575
1013,31-013-CAS-7197673,0,a,thioglycoside,logistic_regression,structure_condition,split_random_stratified,0.9472274964962528,1,0.575
1016,31-013-CAS-20281584,1,b,thioglycoside,logistic_regression,structure_condition,split_random_stratified,0.3102393216191004,0,0.575
1027,31-013-CAS-8833991,0,a,thioglycoside,logistic_regression,structure_condition,split_random_stratified,0.02034541938968874,0,0.575
1032,31-013-CAS-3532904,1,b,thioglycoside,logistic_regression,structure_condition,split_random_stratified,0.9332244391113053,1,0.575
1036,31-013-CAS-113679,1,b,thioglycoside,logistic_regression,structure_condition,split_random_stratified,0.8393746884797346,1,0.575
1043,31-013-CAS-19733121,0,a,thioglycoside,logistic_regression,structure_condition,split_random_stratified,0.2646075289010088,0,0.575
1045,31-013-CAS-7954210,0,a,thioglycoside,logistic_regression,structure_condition,split_random_stratified,0.23445770034563934,0,0.575
1047,31-013-CAS-12680725,1,b,thioglycoside,logistic_regression,structure_condition,split_random_stratified,0.018302193116524736,0,0.575
1049,31-013-CAS-7571329,1,b,thioglycoside,logistic_regression,structure_condition,split_random_stratified,0.9575412712693603,1,0.575
1051,31-013-CAS-5482709,1,b,thioglycoside,logistic_regression,structure_condition,split_random_stratified,0.9754733928005397,1,0.575
1055,31-013-CAS-11908517,1,b,thioglycoside,logistic_regression,structure_condition,split_random_stratified,0.8814446365988553,1,0.575
1063,31-301-CAS-8308590,1,b,thioglycoside,logistic_regression,structure_condition,split_random_stratified,0.5624217338703559,0,0.575
1071,31-013-CAS-6440966,1,b,thioglycoside,logistic_regression,structure_condition,split_random_stratified,0.991812009080417,1,0.575
1081,31-013-CAS-22664054,0,a,thioglycoside,logistic_regression,structure_condition,split_random_stratified,0.32671265107834446,0,0.575
1086,31-013-CAS-6864875,0,a,thioglycoside,logistic_regression,structure_condition,split_random_stratified,0.0902689969368018,0,0.575
1096,31-013-CAS-8679459,0,a,thioglycoside,logistic_regression,structure_condition,split_random_stratified,0.055989455001621724,0,0.575
1097,31-013-CAS-1889585,0,a,thioglycoside,logistic_regression,structure_condition,split_random_stratified,0.01895515367930533,0,0.575
1105,31-614-CAS-32458097,0,a,thioglycoside,logistic_regression,structure_condition,split_random_stratified,0.07061600883672917,0,0.575
1109,31-013-CAS-10851823,1,b,thioglycoside,logistic_regression,structure_condition,split_random_stratified,0.9968120935174277,1,0.575
1115,31-013-CAS-14147258,1,b,thioglycoside,logistic_regression,structure_condition,split_random_stratified,0.9990007150566578,1,0.575
1130,31-614-CAS-40361044,1,b,thioglycoside,logistic_regression,structure_condition,split_random_stratified,0.9993741682060974,1,0.575
1135,31-013-CAS-10173116,1,b,thioglycoside,logistic_regression,structure_condition,split_random_stratified,0.9838472465946356,1,0.575
1137,31-013-CAS-9961430,0,a,thioglycoside,logistic_regression,structure_condition,split_random_stratified,0.026724633946017644,0,0.575
1141,31-013-CAS-17791367,0,a,thioglycoside,logistic_regression,structure_condition,split_random_stratified,0.0028565041833373567,0,0.575
1152,31-013-CAS-6871905,0,a,thioglycoside,logistic_regression,structure_condition,split_random_stratified,0.9939067130328524,1,0.575
1153,31-013-CAS-8455590,0,a,thioglycoside,logistic_regression,structure_condition,split_random_stratified,0.4417835746141747,0,0.575
1157,31-006-CAS-16647345,1,b,thioglycoside,logistic_regression,structure_condition,split_random_stratified,0.5336549767459473,0,0.575
1162,31-013-CAS-9669067,1,b,thioglycoside,logistic_regression,structure_condition,split_random_stratified,0.1860393172970508,0,0.575
1163,31-013-CAS-11323810,0,a,thioglycoside,logistic_regression,structure_condition,split_random_stratified,0.013180867493840237,0,0.575
1166,31-013-CAS-553402,1,b,thioglycoside,logistic_regression,structure_condition,split_random_stratified,0.6932760166713791,1,0.575
1172,31-013-CAS-10549598,0,a,thioglycoside,logistic_regression,structure_condition,split_random_stratified,0.0018625531443899424,0,0.575
1179,31-013-CAS-21013700,1,b,thioglycoside,logistic_regression,structure_condition,split_random_stratified,0.9964224293422526,1,0.575
1180,31-013-CAS-992775,1,b,thioglycoside,logistic_regression,structure_condition,split_random_stratified,0.9718672784858761,1,0.575
1181,31-013-CAS-19796379,1,b,thioglycoside,logistic_regression,structure_condition,split_random_stratified,0.9976348777547228,1,0.575
1182,31-013-CAS-12326620,0,a,thioglycoside,logistic_regression,structure_condition,split_random_stratified,0.0011908369765157936,0,0.575
1187,31-013-CAS-14640673,0,a,thioglycoside,logistic_regression,structure_condition,split_random_stratified,0.32721074932007344,0,0.575
1189,31-013-CAS-7955565,1,b,thioglycoside,logistic_regression,structure_condition,split_random_stratified,0.9986899636473546,1,0.575
1192,31-013-CAS-4659620,1,b,thioglycoside,logistic_regression,structure_condition,split_random_stratified,0.9979760128508711,1,0.575
1213,31-614-CAS-24503700,1,b,thioglycoside,logistic_regression,structure_condition,split_random_stratified,0.9178239559218333,1,0.575
1234,31-013-CAS-17024986,0,a,thioglycoside,logistic_regression,structure_condition,split_random_stratified,0.8258453029161803,1,0.575
1239,31-614-CAS-34954209,1,b,thioglycoside,logistic_regression,structure_condition,split_random_stratified,0.731411361257218,1,0.575
1243,31-013-CAS-12548374,1,b,thioglycoside,logistic_regression,structure_condition,split_random_stratified,0.8865110106885351,1,0.575
1272,31-013-CAS-18353673,1,b,thioglycoside,logistic_regression,structure_condition,split_random_stratified,0.9941310186711242,1,0.575
1277,31-013-CAS-11595421,1,b,thioglycoside,logistic_regression,structure_condition,split_random_stratified,0.9968021857068071,1,0.575
1278,31-013-CAS-16173156,0,a,thioglycoside,logistic_regression,structure_condition,split_random_stratified,0.23491473372395832,0,0.575
1280,31-614-CAS-34954204,0,a,thioglycoside,logistic_regression,structure_condition,split_random_stratified,0.6864938648659844,1,0.575
1297,31-013-CAS-10911479,1,b,thioglycoside,logistic_regression,structure_condition,split_random_stratified,0.9661262234565303,1,0.575
1311,31-013-CAS-12967646,1,b,thioglycoside,logistic_regression,structure_condition,split_random_stratified,0.9947280087504581,1,0.575
1332,31-614-CAS-28172097,1,b,thioglycoside,logistic_regression,structure_condition,split_random_stratified,0.999470966765217,1,0.575
1339,31-013-CAS-10274383,1,b,thioglycoside,logistic_regression,structure_condition,split_random_stratified,0.9980282376397522,1,0.575
1344,31-013-CAS-20825259,1,b,thioglycoside,logistic_regression,structure_condition,split_random_stratified,0.8911205594704696,1,0.575
1358,31-013-CAS-3114823,0,a,thioglycoside,logistic_regression,structure_condition,split_random_stratified,0.01646931438450567,0,0.575
1359,31-013-CAS-22357494,0,a,thioglycoside,logistic_regression,structure_condition,split_random_stratified,0.4993525558386615,0,0.575
1366,31-013-CAS-1252855,0,a,thioglycoside,logistic_regression,structure_condition,split_random_stratified,0.2753146289623874,0,0.575
1377,31-013-CAS-20623543,1,b,thioglycoside,logistic_regression,structure_condition,split_random_stratified,0.983124490935418,1,0.575
1385,31-013-CAS-20519350,1,b,thioglycoside,logistic_regression,structure_condition,split_random_stratified,0.9443659386483151,1,0.575
1396,31-614-CAS-29322574,1,b,thioglycoside,logistic_regression,structure_condition,split_random_stratified,0.999870948167772,1,0.575
1404,31-013-CAS-13253389,1,b,thioglycoside,logistic_regression,structure_condition,split_random_stratified,0.9496817764373205,1,0.575
1406,31-013-CAS-9638871,1,b,thioglycoside,logistic_regression,structure_condition,split_random_stratified,0.9994106920671354,1,0.575
1414,31-013-CAS-3282710,1,b,thioglycoside,logistic_regression,structure_condition,split_random_stratified,0.9647344389090754,1,0.575
1427,31-013-CAS-14626746,0,a,thioglycoside,logistic_regression,structure_condition,split_random_stratified,0.06035925770918843,0,0.575
1432,31-013-CAS-11006436,1,b,thioglycoside,logistic_regression,structure_condition,split_random_stratified,0.9930511669333295,1,0.575
1442,31-013-CAS-13946827,0,a,thioglycoside,logistic_regression,structure_condition,split_random_stratified,0.6166230022465324,1,0.575
1444,31-013-CAS-9511600,1,b,thioglycoside,logistic_regression,structure_condition,split_random_stratified,0.9996616963716608,1,0.575
1449,31-013-CAS-15499890,1,b,thioglycoside,logistic_regression,structure_condition,split_random_stratified,0.9732834007362116,1,0.575
1468,31-013-CAS-6531232,0,a,thioglycoside,logistic_regression,structure_condition,split_random_stratified,0.13665784897767227,0,0.575
1471,31-013-CAS-1922953,1,b,thioglycoside,logistic_regression,structure_condition,split_random_stratified,0.9965453805383825,1,0.575
1476,31-013-CAS-667641,1,b,thioglycoside,logistic_regression,structure_condition,split_random_stratified,0.999722707179892,1,0.575
1479,31-013-CAS-14176615,1,b,thioglycoside,logistic_regression,structure_condition,split_random_stratified,0.999185731515315,1,0.575
1483,31-013-CAS-8624016,1,b,thioglycoside,logistic_regression,structure_condition,split_random_stratified,0.9949476603327266,1,0.575
1492,31-614-CAS-36830124,1,b,thioglycoside,logistic_regression,structure_condition,split_random_stratified,0.9967525347637568,1,0.575
1493,31-614-CAS-36830119,1,b,thioglycoside,logistic_regression,structure_condition,split_random_stratified,0.9846038690079257,1,0.575
1494,31-013-CAS-5792629,0,a,thioglycoside,logistic_regression,structure_condition,split_random_stratified,0.5181308990365964,0,0.575
1495,31-013-CAS-7451088,1,b,thioglycoside,logistic_regression,structure_condition,split_random_stratified,0.9970681735434169,1,0.575
1498,31-614-CAS-36745363,1,b,thioglycoside,logistic_regression,structure_condition,split_random_stratified,0.9999504353973502,1,0.575
1509,31-013-CAS-7376345,0,a,thioglycoside,logistic_regression,structure_condition,split_random_stratified,0.28379177684420703,0,0.575
1510,31-013-CAS-7371728,1,b,thioglycoside,logistic_regression,structure_condition,split_random_stratified,0.9998994522274832,1,0.575
1513,31-013-CAS-14230652,1,b,thioglycoside,logistic_regression,structure_condition,split_random_stratified,0.9277319444877746,1,0.575
1524,31-013-CAS-15942087,1,b,thioglycoside,logistic_regression,structure_condition,split_random_stratified,0.9991474692657746,1,0.575
1532,31-614-CAS-41884159,0,a,thioglycoside,logistic_regression,structure_condition,split_random_stratified,0.019515214778196798,0,0.575
1538,31-614-CAS-30686019,1,b,thioglycoside,logistic_regression,structure_condition,split_random_stratified,0.9943929367908179,1,0.575
1542,31-013-CAS-21774311,0,a,thioglycoside,logistic_regression,structure_condition,split_random_stratified,0.034953094716965984,0,0.575
1544,31-614-CAS-37959617,0,a,thioglycoside,logistic_regression,structure_condition,split_random_stratified,0.02554797361061895,0,0.575
1545,31-013-CAS-16486920,1,b,thioglycoside,logistic_regression,structure_condition,split_random_stratified,0.9991719178108937,1,0.575
1557,31-013-CAS-7574988,1,b,thioglycoside,logistic_regression,structure_condition,split_random_stratified,0.999455588138848,1,0.575
14,31-010-CAS-7636404,1,b,trichloroacetimidate,random_forest,structure_condition,split_random_stratified,0.9468247491089773,1,0.5149999999999999
22,31-010-CAS-6541067,1,b,trichloroacetimidate,random_forest,structure_condition,split_random_stratified,0.9066082080884897,1,0.5149999999999999
23,31-010-CAS-12435719,1,b,trichloroacetimidate,random_forest,structure_condition,split_random_stratified,0.9129156198080496,1,0.5149999999999999
26,31-614-CAS-31203171,0,a,trichloroacetimidate,random_forest,structure_condition,split_random_stratified,0.743733788146063,1,0.5149999999999999
35,31-010-CAS-16059825,0,a,trichloroacetimidate,random_forest,structure_condition,split_random_stratified,0.38549738118890575,0,0.5149999999999999
37,31-010-CAS-4938490,1,b,trichloroacetimidate,random_forest,structure_condition,split_random_stratified,0.8687467285533861,1,0.5149999999999999
40,31-010-CAS-2030010,1,b,trichloroacetimidate,random_forest,structure_condition,split_random_stratified,0.8069733636172752,1,0.5149999999999999
50,31-614-CAS-24990873,0,a,trichloroacetimidate,random_forest,structure_condition,split_random_stratified,0.611966277334028,1,0.5149999999999999
65,31-010-CAS-6929657,0,a,trichloroacetimidate,random_forest,structure_condition,split_random_stratified,0.3108121977890859,0,0.5149999999999999
75,31-010-CAS-1428434,1,b,trichloroacetimidate,random_forest,structure_condition,split_random_stratified,0.9128923182662754,1,0.5149999999999999
88,31-010-CAS-13632893,1,b,trichloroacetimidate,random_forest,structure_condition,split_random_stratified,0.9545250581213547,1,0.5149999999999999
103,31-010-CAS-5152732,0,a,trichloroacetimidate,random_forest,structure_condition,split_random_stratified,0.24595077015391528,0,0.5149999999999999
120,31-010-CAS-8132868,1,b,trichloroacetimidate,random_forest,structure_condition,split_random_stratified,0.9775467160600175,1,0.5149999999999999
126,31-010-CAS-16569614,1,b,trichloroacetimidate,random_forest,structure_condition,split_random_stratified,0.7834086693563955,1,0.5149999999999999
139,31-010-CAS-10336392,1,b,trichloroacetimidate,random_forest,structure_condition,split_random_stratified,0.9738769794313403,1,0.5149999999999999
147,31-010-CAS-16717556,1,b,trichloroacetimidate,random_forest,structure_condition,split_random_stratified,0.9679591878127796,1,0.5149999999999999
157,31-010-CAS-23202756,1,b,trichloroacetimidate,random_forest,structure_condition,split_random_stratified,0.8716134156239551,1,0.5149999999999999
160,31-010-CAS-8349698,1,b,trichloroacetimidate,random_forest,structure_condition,split_random_stratified,0.9847610961924343,1,0.5149999999999999
173,31-010-CAS-11639207,1,b,trichloroacetimidate,random_forest,structure_condition,split_random_stratified,0.5957016874686354,1,0.5149999999999999
177,31-010-CAS-2453120,1,b,trichloroacetimidate,random_forest,structure_condition,split_random_stratified,0.9546031633950698,1,0.5149999999999999
179,31-010-CAS-20996842,1,b,trichloroacetimidate,random_forest,structure_condition,split_random_stratified,0.9638149286821793,1,0.5149999999999999
180,31-010-CAS-7801504,1,b,trichloroacetimidate,random_forest,structure_condition,split_random_stratified,0.9478106420764899,1,0.5149999999999999
184,31-010-CAS-12105858,1,b,trichloroacetimidate,random_forest,structure_condition,split_random_stratified,0.8383465303940286,1,0.5149999999999999
199,31-010-CAS-8475811,1,b,trichloroacetimidate,random_forest,structure_condition,split_random_stratified,0.4879653303161338,0,0.5149999999999999
202,31-010-CAS-10742937,1,b,trichloroacetimidate,random_forest,structure_condition,split_random_stratified,0.8848554665149294,1,0.5149999999999999
204,31-010-CAS-16546346,1,b,trichloroacetimidate,random_forest,structure_condition,split_random_stratified,0.5717110328254474,1,0.5149999999999999
206,31-010-CAS-14206798,1,b,trichloroacetimidate,random_forest,structure_condition,split_random_stratified,0.9650524814500534,1,0.5149999999999999
211,31-010-CAS-16419863,0,a,trichloroacetimidate,random_forest,structure_condition,split_random_stratified,0.21025923720575215,0,0.5149999999999999
212,31-010-CAS-5837683,1,b,trichloroacetimidate,random_forest,structure_condition,split_random_stratified,0.8431892100377101,1,0.5149999999999999
213,31-010-CAS-11980647,1,b,trichloroacetimidate,random_forest,structure_condition,split_random_stratified,0.8517684315321857,1,0.5149999999999999
214,31-010-CAS-978790,0,a,trichloroacetimidate,random_forest,structure_condition,split_random_stratified,0.27804568258277707,0,0.5149999999999999
219,31-010-CAS-3920193,0,a,trichloroacetimidate,random_forest,structure_condition,split_random_stratified,0.020143245046383863,0,0.5149999999999999
224,31-010-CAS-11159083,1,b,trichloroacetimidate,random_forest,structure_condition,split_random_stratified,0.895590546153838,1,0.5149999999999999
229,31-010-CAS-11253839,1,b,trichloroacetimidate,random_forest,structure_condition,split_random_stratified,0.9298610057217294,1,0.5149999999999999
232,31-010-CAS-11268512,0,a,trichloroacetimidate,random_forest,structure_condition,split_random_stratified,0.1561460199810754,0,0.5149999999999999
238,31-010-CAS-2752672,1,b,trichloroacetimidate,random_forest,structure_condition,split_random_stratified,0.9869555621579972,1,0.5149999999999999
241,31-010-CAS-14863653,1,b,trichloroacetimidate,random_forest,structure_condition,split_random_stratified,0.48509466529278267,0,0.5149999999999999
243,31-010-CAS-13659910,1,b,trichloroacetimidate,random_forest,structure_condition,split_random_stratified,0.8955688197786674,1,0.5149999999999999
250,31-010-CAS-1767038,0,a,trichloroacetimidate,random_forest,structure_condition,split_random_stratified,0.4810019602342705,0,0.5149999999999999
254,31-010-CAS-12015352,1,b,trichloroacetimidate,random_forest,structure_condition,split_random_stratified,0.8541289330952014,1,0.5149999999999999
260,31-010-CAS-18605825,1,b,trichloroacetimidate,random_forest,structure_condition,split_random_stratified,0.8992739036837901,1,0.5149999999999999
266,31-010-CAS-3244651,1,b,trichloroacetimidate,random_forest,structure_condition,split_random_stratified,0.9550956883445364,1,0.5149999999999999
268,31-010-CAS-4044654,1,b,trichloroacetimidate,random_forest,structure_condition,split_random_stratified,0.9435434436766849,1,0.5149999999999999
283,31-010-CAS-8507735,1,b,trichloroacetimidate,random_forest,structure_condition,split_random_stratified,0.9820501432016688,1,0.5149999999999999
286,31-010-CAS-8307308,1,b,trichloroacetimidate,random_forest,structure_condition,split_random_stratified,0.6006011424405379,1,0.5149999999999999
290,31-010-CAS-19796358,1,b,trichloroacetimidate,random_forest,structure_condition,split_random_stratified,0.978889077004887,1,0.5149999999999999
299,31-010-CAS-13182905,0,a,trichloroacetimidate,random_forest,structure_condition,split_random_stratified,0.36692449717495135,0,0.5149999999999999
321,31-010-CAS-11535237,1,b,trichloroacetimidate,random_forest,structure_condition,split_random_stratified,0.8751194871336222,1,0.5149999999999999
324,31-010-CAS-16630393,1,b,trichloroacetimidate,random_forest,structure_condition,split_random_stratified,0.8880131185542083,1,0.5149999999999999
329,31-010-CAS-12672266,1,b,trichloroacetimidate,random_forest,structure_condition,split_random_stratified,0.36708612774780186,0,0.5149999999999999
334,31-010-CAS-21359677,1,b,trichloroacetimidate,random_forest,structure_condition,split_random_stratified,0.9304107356697153,1,0.5149999999999999
363,31-010-CAS-3241716,1,b,trichloroacetimidate,random_forest,structure_condition,split_random_stratified,0.973335449315831,1,0.5149999999999999
368,31-010-CAS-21359655,1,b,trichloroacetimidate,random_forest,structure_condition,split_random_stratified,0.9834154793879922,1,0.5149999999999999
373,31-010-CAS-14406507,1,b,trichloroacetimidate,random_forest,structure_condition,split_random_stratified,0.9884886911928419,1,0.5149999999999999
379,31-010-CAS-5890484,1,b,trichloroacetimidate,random_forest,structure_condition,split_random_stratified,0.9791692701019732,1,0.5149999999999999
394,31-010-CAS-2020028,0,a,trichloroacetimidate,random_forest,structure_condition,split_random_stratified,0.36708612774780186,0,0.5149999999999999
400,31-010-CAS-15131203,1,b,trichloroacetimidate,random_forest,structure_condition,split_random_stratified,0.36708612774780186,0,0.5149999999999999
401,31-010-CAS-8102873,0,a,trichloroacetimidate,random_forest,structure_condition,split_random_stratified,0.3101982311753199,0,0.5149999999999999
414,31-010-CAS-5438768,0,a,trichloroacetimidate,random_forest,structure_condition,split_random_stratified,0.08838420856552956,0,0.5149999999999999
416,31-010-CAS-8748980,0,a,trichloroacetimidate,random_forest,structure_condition,split_random_stratified,0.36708612774780186,0,0.5149999999999999
419,31-010-CAS-16582633,1,b,trichloroacetimidate,random_forest,structure_condition,split_random_stratified,0.28818415115530355,0,0.5149999999999999
422,31-010-CAS-21359658,1,b,trichloroacetimidate,random_forest,structure_condition,split_random_stratified,0.9631385897285518,1,0.5149999999999999
427,31-010-CAS-2953436,1,b,trichloroacetimidate,random_forest,structure_condition,split_random_stratified,0.9725009063485538,1,0.5149999999999999
430,31-010-CAS-1018725,1,b,trichloroacetimidate,random_forest,structure_condition,split_random_stratified,0.9231537350155656,1,0.5149999999999999
431,31-010-CAS-21359681,1,b,trichloroacetimidate,random_forest,structure_condition,split_random_stratified,0.9322426558330195,1,0.5149999999999999
450,31-010-CAS-5494498,0,a,trichloroacetimidate,random_forest,structure_condition,split_random_stratified,0.109521803594099,0,0.5149999999999999
452,31-010-CAS-12552790,1,b,trichloroacetimidate,random_forest,structure_condition,split_random_stratified,0.9601594741828742,1,0.5149999999999999
459,31-010-CAS-11303200,1,b,trichloroacetimidate,random_forest,structure_condition,split_random_stratified,0.9414716756544429,1,0.5149999999999999
463,31-010-CAS-2797002,0,a,trichloroacetimidate,random_forest,structure_condition,split_random_stratified,0.10194082865951073,0,0.5149999999999999
467,31-010-CAS-2634829,0,a,trichloroacetimidate,random_forest,structure_condition,split_random_stratified,0.3251707952868801,0,0.5149999999999999
477,31-010-CAS-10902642,1,b,trichloroacetimidate,random_forest,structure_condition,split_random_stratified,0.8907577795267881,1,0.5149999999999999
480,31-614-CAS-44041067,1,b,trichloroacetimidate,random_forest,structure_condition,split_random_stratified,0.8359803552638662,1,0.5149999999999999
481,31-010-CAS-2015247,1,b,trichloroacetimidate,random_forest,structure_condition,split_random_stratified,0.9072648377063895,1,0.5149999999999999
482,31-010-CAS-7110317,0,a,trichloroacetimidate,random_forest,structure_condition,split_random_stratified,0.2422955365601938,0,0.5149999999999999
494,31-010-CAS-14792858,1,b,trichloroacetimidate,random_forest,structure_condition,split_random_stratified,0.9518254206483573,1,0.5149999999999999
518,31-010-CAS-14831299,0,a,trichloroacetimidate,random_forest,structure_condition,split_random_stratified,0.02668796015002022,0,0.5149999999999999
527,31-010-CAS-10545007,0,a,trichloroacetimidate,random_forest,structure_condition,split_random_stratified,0.34318004730742935,0,0.5149999999999999
531,31-010-CAS-13346541,0,a,trichloroacetimidate,random_forest,structure_condition,split_random_stratified,0.2554950929110199,0,0.5149999999999999
535,31-010-CAS-1415329,1,b,trichloroacetimidate,random_forest,structure_condition,split_random_stratified,0.5547262169391921,1,0.5149999999999999
536,31-010-CAS-3485314,1,b,trichloroacetimidate,random_forest,structure_condition,split_random_stratified,0.32502691317645815,0,0.5149999999999999
540,31-010-CAS-14143291,1,b,trichloroacetimidate,random_forest,structure_condition,split_random_stratified,0.34318004730742935,0,0.5149999999999999
542,31-010-CAS-11210902,0,a,trichloroacetimidate,random_forest,structure_condition,split_random_stratified,0.18762477564697513,0,0.5149999999999999
552,31-010-CAS-8134904,0,a,trichloroacetimidate,random_forest,structure_condition,split_random_stratified,0.5547262169391921,1,0.5149999999999999
555,31-010-CAS-14658592,1,b,trichloroacetimidate,random_forest,structure_condition,split_random_stratified,0.8845784052197759,1,0.5149999999999999
565,31-010-CAS-5089795,0,a,trifluoroacetimidate,random_forest,structure_condition,split_random_stratified,0.09932316687803988,0,0.5149999999999999
572,31-013-CAS-6013588,0,a,trifluoroacetimidate,random_forest,structure_condition,split_random_stratified,0.22043363831715762,0,0.5149999999999999
573,31-010-CAS-22954860,0,a,trifluoroacetimidate,random_forest,structure_condition,split_random_stratified,0.1844226223625691,0,0.5149999999999999
587,31-614-CAS-41495813,0,a,trifluoroacetimidate,random_forest,structure_condition,split_random_stratified,0.13337088541229533,0,0.5149999999999999
590,31-010-CAS-8696313,1,b,trifluoroacetimidate,random_forest,structure_condition,split_random_stratified,0.9010853075210882,1,0.5149999999999999
600,31-010-CAS-22375200,1,b,trifluoroacetimidate,random_forest,structure_condition,split_random_stratified,0.6412660674652616,1,0.5149999999999999
607,31-010-CAS-19353817,0,a,trifluoroacetimidate,random_forest,structure_condition,split_random_stratified,0.1601002767781825,0,0.5149999999999999
619,31-614-CAS-35275420,1,b,trifluoroacetimidate,random_forest,structure_condition,split_random_stratified,0.7966052875759634,1,0.5149999999999999
629,31-010-CAS-23517749,1,b,trifluoroacetimidate,random_forest,structure_condition,split_random_stratified,0.9545729495785534,1,0.5149999999999999
632,31-013-CAS-18528259,1,b,trifluoroacetimidate,random_forest,structure_condition,split_random_stratified,0.682710827832609,1,0.5149999999999999
638,31-010-CAS-20875067,1,b,trifluoroacetimidate,random_forest,structure_condition,split_random_stratified,0.9806957999487743,1,0.5149999999999999
646,31-614-CAS-42575632,1,b,trifluoroacetimidate,random_forest,structure_condition,split_random_stratified,0.9395734120782451,1,0.5149999999999999
648,31-614-CAS-35275413,1,b,trifluoroacetimidate,random_forest,structure_condition,split_random_stratified,0.898101996558244,1,0.5149999999999999
650,31-013-CAS-20074828,0,a,thioglycoside,random_forest,structure_condition,split_random_stratified,0.011596673479416026,0,0.5149999999999999
654,31-013-CAS-17381408,0,a,thioglycoside,random_forest,structure_condition,split_random_stratified,0.008825687908725007,0,0.5149999999999999
672,31-013-CAS-5609840,0,a,thioglycoside,random_forest,structure_condition,split_random_stratified,0.03138631580719621,0,0.5149999999999999
688,31-013-CAS-308870,0,a,thioglycoside,random_forest,structure_condition,split_random_stratified,0.4937128287336436,0,0.5149999999999999
690,31-614-CAS-42125040,1,b,thioglycoside,random_forest,structure_condition,split_random_stratified,0.6799604014065108,1,0.5149999999999999
693,31-013-CAS-15220844,0,a,thioglycoside,random_forest,structure_condition,split_random_stratified,0.4028986757077623,0,0.5149999999999999
698,31-013-CAS-17243080,1,b,thioglycoside,random_forest,structure_condition,split_random_stratified,0.7429824936663869,1,0.5149999999999999
704,31-614-CAS-34701877,1,b,thioglycoside,random_forest,structure_condition,split_random_stratified,0.6292992913357305,1,0.5149999999999999
705,31-013-CAS-4509020,0,a,thioglycoside,random_forest,structure_condition,split_random_stratified,0.030844771721252908,0,0.5149999999999999
717,31-013-CAS-22936260,0,a,thioglycoside,random_forest,structure_condition,split_random_stratified,0.2859338739140723,0,0.5149999999999999
718,31-614-CAS-34701884,1,b,thioglycoside,random_forest,structure_condition,split_random_stratified,0.48957829249601154,0,0.5149999999999999
720,31-013-CAS-13505033,0,a,thioglycoside,random_forest,structure_condition,split_random_stratified,0.3202870114056073,0,0.5149999999999999
722,31-013-CAS-21359610,0,a,thioglycoside,random_forest,structure_condition,split_random_stratified,0.1396018409070539,0,0.5149999999999999
726,31-013-CAS-14123962,0,a,thioglycoside,random_forest,structure_condition,split_random_stratified,0.01903199915518351,0,0.5149999999999999
746,31-013-CAS-3859968,0,a,thioglycoside,random_forest,structure_condition,split_random_stratified,0.6953222536565898,1,0.5149999999999999
758,31-013-CAS-15920353,0,a,thioglycoside,random_forest,structure_condition,split_random_stratified,0.04989950410419687,0,0.5149999999999999
763,31-013-CAS-6495154,1,b,thioglycoside,random_forest,structure_condition,split_random_stratified,0.32984036587566573,0,0.5149999999999999
765,31-013-CAS-11369982,1,b,thioglycoside,random_forest,structure_condition,split_random_stratified,0.32984036587566573,0,0.5149999999999999
771,31-013-CAS-21359741,0,a,thioglycoside,random_forest,structure_condition,split_random_stratified,0.023239036693646162,0,0.5149999999999999
784,31-013-CAS-17243071,1,b,thioglycoside,random_forest,structure_condition,split_random_stratified,0.7829494758876235,1,0.5149999999999999
786,31-614-CAS-44137212,0,a,thioglycoside,random_forest,structure_condition,split_random_stratified,0.11696733035809165,0,0.5149999999999999
787,31-013-CAS-10475617,1,b,thioglycoside,random_forest,structure_condition,split_random_stratified,0.4088668639056735,0,0.5149999999999999
788,31-013-CAS-13972345,1,b,thioglycoside,random_forest,structure_condition,split_random_stratified,0.7191740808546864,1,0.5149999999999999
798,31-013-CAS-1891598,0,a,thioglycoside,random_forest,structure_condition,split_random_stratified,0.42153109805467315,0,0.5149999999999999
802,31-013-CAS-22938507,1,b,thioglycoside,random_forest,structure_condition,split_random_stratified,0.4250600748078764,0,0.5149999999999999
803,31-013-CAS-23876375,0,a,thioglycoside,random_forest,structure_condition,split_random_stratified,0.9096625533114743,1,0.5149999999999999
808,31-013-CAS-9812928,0,a,thioglycoside,random_forest,structure_condition,split_random_stratified,0.4176087846929208,0,0.5149999999999999
811,31-013-CAS-12273664,1,b,thioglycoside,random_forest,structure_condition,split_random_stratified,0.4176087846929208,0,0.5149999999999999
818,31-013-CAS-8835573,0,a,thioglycoside,random_forest,structure_condition,split_random_stratified,0.4243820192647164,0,0.5149999999999999
830,31-013-CAS-21905513,1,b,thioglycoside,random_forest,structure_condition,split_random_stratified,0.8062962837286423,1,0.5149999999999999
850,31-013-CAS-19733120,0,a,thioglycoside,random_forest,structure_condition,split_random_stratified,0.2907392833797706,0,0.5149999999999999
851,31-013-CAS-11213156,1,b,thioglycoside,random_forest,structure_condition,split_random_stratified,0.6403094300216403,1,0.5149999999999999
853,31-013-CAS-8454219,1,b,thioglycoside,random_forest,structure_condition,split_random_stratified,0.6875056497046629,1,0.5149999999999999
896,31-013-CAS-8933724,0,a,thioglycoside,random_forest,structure_condition,split_random_stratified,0.22100363820287722,0,0.5149999999999999
899,31-013-CAS-23877545,1,b,thioglycoside,random_forest,structure_condition,split_random_stratified,0.18557553604758265,0,0.5149999999999999
927,31-013-CAS-12459743,1,b,thioglycoside,random_forest,structure_condition,split_random_stratified,0.6302508619711467,1,0.5149999999999999
931,31-614-CAS-30873545,0,a,thioglycoside,random_forest,structure_condition,split_random_stratified,0.24210588959984633,0,0.5149999999999999
936,31-013-CAS-9549076,1,b,thioglycoside,random_forest,structure_condition,split_random_stratified,0.9420600362305269,1,0.5149999999999999
938,31-013-CAS-9933290,0,a,thioglycoside,random_forest,structure_condition,split_random_stratified,0.0537713623127325,0,0.5149999999999999
949,31-013-CAS-19796364,1,b,thioglycoside,random_forest,structure_condition,split_random_stratified,0.8300390064337582,1,0.5149999999999999
950,31-013-CAS-13137320,1,b,thioglycoside,random_forest,structure_condition,split_random_stratified,0.8262565486016068,1,0.5149999999999999
956,31-013-CAS-9655089,1,b,thioglycoside,random_forest,structure_condition,split_random_stratified,0.3002623755993091,0,0.5149999999999999
967,31-013-CAS-3859987,1,b,thioglycoside,random_forest,structure_condition,split_random_stratified,0.2401598879575847,0,0.5149999999999999
973,31-013-CAS-1712789,1,b,thioglycoside,random_forest,structure_condition,split_random_stratified,0.20945254202362865,0,0.5149999999999999
974,31-013-CAS-11796224,1,b,thioglycoside,random_forest,structure_condition,split_random_stratified,0.20945254202362865,0,0.5149999999999999
979,31-013-CAS-5063674,1,b,thioglycoside,random_forest,structure_condition,split_random_stratified,0.8258720453124377,1,0.5149999999999999
987,31-013-CAS-6023114,1,b,thioglycoside,random_forest,structure_condition,split_random_stratified,0.24196805597392307,0,0.5149999999999999
997,31-614-CAS-39684276,0,a,thioglycoside,random_forest,structure_condition,split_random_stratified,0.11949518147620578,0,0.5149999999999999
1002,31-614-CAS-47697112,1,b,thioglycoside,random_forest,structure_condition,split_random_stratified,0.5386220411546315,1,0.5149999999999999
1003,31-614-CAS-27094234,0,a,thioglycoside,random_forest,structure_condition,split_random_stratified,0.36488248626105696,0,0.5149999999999999
1004,31-301-CAS-4805695,1,b,thioglycoside,random_forest,structure_condition,split_random_stratified,0.8236743863453776,1,0.5149999999999999
1007,31-013-CAS-9787141,1,b,thioglycoside,random_forest,structure_condition,split_random_stratified,0.8894930702873827,1,0.5149999999999999
1010,31-013-CAS-22252748,1,b,thioglycoside,random_forest,structure_condition,split_random_stratified,0.8685211698179173,1,0.5149999999999999
1013,31-013-CAS-7197673,0,a,thioglycoside,random_forest,structure_condition,split_random_stratified,0.5819746157678929,1,0.5149999999999999
1016,31-013-CAS-20281584,1,b,thioglycoside,random_forest,structure_condition,split_random_stratified,0.3604752698235466,0,0.5149999999999999
1027,31-013-CAS-8833991,0,a,thioglycoside,random_forest,structure_condition,split_random_stratified,0.12828696334554057,0,0.5149999999999999
1032,31-013-CAS-3532904,1,b,thioglycoside,random_forest,structure_condition,split_random_stratified,0.6931622033471613,1,0.5149999999999999
1036,31-013-CAS-113679,1,b,thioglycoside,random_forest,structure_condition,split_random_stratified,0.7752788971693505,1,0.5149999999999999
1043,31-013-CAS-19733121,0,a,thioglycoside,random_forest,structure_condition,split_random_stratified,0.19195666970554917,0,0.5149999999999999
1045,31-013-CAS-7954210,0,a,thioglycoside,random_forest,structure_condition,split_random_stratified,0.426384418522091,0,0.5149999999999999
1047,31-013-CAS-12680725,1,b,thioglycoside,random_forest,structure_condition,split_random_stratified,0.41200503817166245,0,0.5149999999999999
1049,31-013-CAS-7571329,1,b,thioglycoside,random_forest,structure_condition,split_random_stratified,0.7927783709905336,1,0.5149999999999999
1051,31-013-CAS-5482709,1,b,thioglycoside,random_forest,structure_condition,split_random_stratified,0.7522401059530334,1,0.5149999999999999
1055,31-013-CAS-11908517,1,b,thioglycoside,random_forest,structure_condition,split_random_stratified,0.6907447087758025,1,0.5149999999999999
1063,31-301-CAS-8308590,1,b,thioglycoside,random_forest,structure_condition,split_random_stratified,0.6572536670058681,1,0.5149999999999999
1071,31-013-CAS-6440966,1,b,thioglycoside,random_forest,structure_condition,split_random_stratified,0.8054993709452383,1,0.5149999999999999
1081,31-013-CAS-22664054,0,a,thioglycoside,random_forest,structure_condition,split_random_stratified,0.4822582201054664,0,0.5149999999999999
1086,31-013-CAS-6864875,0,a,thioglycoside,random_forest,structure_condition,split_random_stratified,0.29155321060499195,0,0.5149999999999999
1096,31-013-CAS-8679459,0,a,thioglycoside,random_forest,structure_condition,split_random_stratified,0.07053715529183438,0,0.5149999999999999
1097,31-013-CAS-1889585,0,a,thioglycoside,random_forest,structure_condition,split_random_stratified,0.05095072087842651,0,0.5149999999999999
1105,31-614-CAS-32458097,0,a,thioglycoside,random_forest,structure_condition,split_random_stratified,0.16007691051916573,0,0.5149999999999999
1109,31-013-CAS-10851823,1,b,thioglycoside,random_forest,structure_condition,split_random_stratified,0.8573606233755197,1,0.5149999999999999
1115,31-013-CAS-14147258,1,b,thioglycoside,random_forest,structure_condition,split_random_stratified,0.9613694076627429,1,0.5149999999999999
1130,31-614-CAS-40361044,1,b,thioglycoside,random_forest,structure_condition,split_random_stratified,0.8819898377339099,1,0.5149999999999999
1135,31-013-CAS-10173116,1,b,thioglycoside,random_forest,structure_condition,split_random_stratified,0.8508306834326848,1,0.5149999999999999
1137,31-013-CAS-9961430,0,a,thioglycoside,random_forest,structure_condition,split_random_stratified,0.07615212523923265,0,0.5149999999999999
1141,31-013-CAS-17791367,0,a,thioglycoside,random_forest,structure_condition,split_random_stratified,0.08264716249258021,0,0.5149999999999999
1152,31-013-CAS-6871905,0,a,thioglycoside,random_forest,structure_condition,split_random_stratified,0.5721604660963057,1,0.5149999999999999
1153,31-013-CAS-8455590,0,a,thioglycoside,random_forest,structure_condition,split_random_stratified,0.5543718958031859,1,0.5149999999999999
1157,31-006-CAS-16647345,1,b,thioglycoside,random_forest,structure_condition,split_random_stratified,0.5833138870275987,1,0.5149999999999999
1162,31-013-CAS-9669067,1,b,thioglycoside,random_forest,structure_condition,split_random_stratified,0.26564308987063456,0,0.5149999999999999
1163,31-013-CAS-11323810,0,a,thioglycoside,random_forest,structure_condition,split_random_stratified,0.20610910237716168,0,0.5149999999999999
1166,31-013-CAS-553402,1,b,thioglycoside,random_forest,structure_condition,split_random_stratified,0.3240224217729892,0,0.5149999999999999
1172,31-013-CAS-10549598,0,a,thioglycoside,random_forest,structure_condition,split_random_stratified,0.08951599758008587,0,0.5149999999999999
1179,31-013-CAS-21013700,1,b,thioglycoside,random_forest,structure_condition,split_random_stratified,0.5821123679353096,1,0.5149999999999999
1180,31-013-CAS-992775,1,b,thioglycoside,random_forest,structure_condition,split_random_stratified,0.8851360151918519,1,0.5149999999999999
1181,31-013-CAS-19796379,1,b,thioglycoside,random_forest,structure_condition,split_random_stratified,0.903183219258142,1,0.5149999999999999
1182,31-013-CAS-12326620,0,a,thioglycoside,random_forest,structure_condition,split_random_stratified,0.14501127811969247,0,0.5149999999999999
1187,31-013-CAS-14640673,0,a,thioglycoside,random_forest,structure_condition,split_random_stratified,0.5344607645442834,1,0.5149999999999999
1189,31-013-CAS-7955565,1,b,thioglycoside,random_forest,structure_condition,split_random_stratified,0.9952995607272248,1,0.5149999999999999
1192,31-013-CAS-4659620,1,b,thioglycoside,random_forest,structure_condition,split_random_stratified,0.9847566333921995,1,0.5149999999999999
1213,31-614-CAS-24503700,1,b,thioglycoside,random_forest,structure_condition,split_random_stratified,0.8422732253414409,1,0.5149999999999999
1234,31-013-CAS-17024986,0,a,thioglycoside,random_forest,structure_condition,split_random_stratified,0.7986699767633263,1,0.5149999999999999
1239,31-614-CAS-34954209,1,b,thioglycoside,random_forest,structure_condition,split_random_stratified,0.7060864541358199,1,0.5149999999999999
1243,31-013-CAS-12548374,1,b,thioglycoside,random_forest,structure_condition,split_random_stratified,0.8043734805988397,1,0.5149999999999999
1272,31-013-CAS-18353673,1,b,thioglycoside,random_forest,structure_condition,split_random_stratified,0.8826866385701523,1,0.5149999999999999
1277,31-013-CAS-11595421,1,b,thioglycoside,random_forest,structure_condition,split_random_stratified,0.9043249710434125,1,0.5149999999999999
1278,31-013-CAS-16173156,0,a,thioglycoside,random_forest,structure_condition,split_random_stratified,0.21292496846741482,0,0.5149999999999999
1280,31-614-CAS-34954204,0,a,thioglycoside,random_forest,structure_condition,split_random_stratified,0.6117626498604761,1,0.5149999999999999
1297,31-013-CAS-10911479,1,b,thioglycoside,random_forest,structure_condition,split_random_stratified,0.8967612978772479,1,0.5149999999999999
1311,31-013-CAS-12967646,1,b,thioglycoside,random_forest,structure_condition,split_random_stratified,0.8929751295240403,1,0.5149999999999999
1332,31-614-CAS-28172097,1,b,thioglycoside,random_forest,structure_condition,split_random_stratified,0.9208424888198008,1,0.5149999999999999
1339,31-013-CAS-10274383,1,b,thioglycoside,random_forest,structure_condition,split_random_stratified,0.8913949444018135,1,0.5149999999999999
1344,31-013-CAS-20825259,1,b,thioglycoside,random_forest,structure_condition,split_random_stratified,0.693429617703548,1,0.5149999999999999
1358,31-013-CAS-3114823,0,a,thioglycoside,random_forest,structure_condition,split_random_stratified,0.3574623452969556,0,0.5149999999999999
1359,31-013-CAS-22357494,0,a,thioglycoside,random_forest,structure_condition,split_random_stratified,0.45542560664687537,0,0.5149999999999999
1366,31-013-CAS-1252855,0,a,thioglycoside,random_forest,structure_condition,split_random_stratified,0.6616798593662094,1,0.5149999999999999
1377,31-013-CAS-20623543,1,b,thioglycoside,random_forest,structure_condition,split_random_stratified,0.8942296015852504,1,0.5149999999999999
1385,31-013-CAS-20519350,1,b,thioglycoside,random_forest,structure_condition,split_random_stratified,0.7440140529764402,1,0.5149999999999999
1396,31-614-CAS-29322574,1,b,thioglycoside,random_forest,structure_condition,split_random_stratified,0.9265718861694241,1,0.5149999999999999
1404,31-013-CAS-13253389,1,b,thioglycoside,random_forest,structure_condition,split_random_stratified,0.9305514972510633,1,0.5149999999999999
1406,31-013-CAS-9638871,1,b,thioglycoside,random_forest,structure_condition,split_random_stratified,0.9965496556300724,1,0.5149999999999999
1414,31-013-CAS-3282710,1,b,thioglycoside,random_forest,structure_condition,split_random_stratified,0.9538273144815806,1,0.5149999999999999
1427,31-013-CAS-14626746,0,a,thioglycoside,random_forest,structure_condition,split_random_stratified,0.26202473121307246,0,0.5149999999999999
1432,31-013-CAS-11006436,1,b,thioglycoside,random_forest,structure_condition,split_random_stratified,0.8470449679839908,1,0.5149999999999999
1442,31-013-CAS-13946827,0,a,thioglycoside,random_forest,structure_condition,split_random_stratified,0.6771902871707617,1,0.5149999999999999
1444,31-013-CAS-9511600,1,b,thioglycoside,random_forest,structure_condition,split_random_stratified,0.7052001987529131,1,0.5149999999999999
1449,31-013-CAS-15499890,1,b,thioglycoside,random_forest,structure_condition,split_random_stratified,0.8332265217630376,1,0.5149999999999999
1468,31-013-CAS-6531232,0,a,thioglycoside,random_forest,structure_condition,split_random_stratified,0.4977370180566133,0,0.5149999999999999
1471,31-013-CAS-1922953,1,b,thioglycoside,random_forest,structure_condition,split_random_stratified,0.8892635953634658,1,0.5149999999999999
1476,31-013-CAS-667641,1,b,thioglycoside,random_forest,structure_condition,split_random_stratified,0.9815774469406612,1,0.5149999999999999
1479,31-013-CAS-14176615,1,b,thioglycoside,random_forest,structure_condition,split_random_stratified,0.9942170800776523,1,0.5149999999999999
1483,31-013-CAS-8624016,1,b,thioglycoside,random_forest,structure_condition,split_random_stratified,0.9675266264575836,1,0.5149999999999999
1492,31-614-CAS-36830124,1,b,thioglycoside,random_forest,structure_condition,split_random_stratified,0.7870132102207359,1,0.5149999999999999
1493,31-614-CAS-36830119,1,b,thioglycoside,random_forest,structure_condition,split_random_stratified,0.7609325667018352,1,0.5149999999999999
1494,31-013-CAS-5792629,0,a,thioglycoside,random_forest,structure_condition,split_random_stratified,0.3856060177245211,0,0.5149999999999999
1495,31-013-CAS-7451088,1,b,thioglycoside,random_forest,structure_condition,split_random_stratified,0.9242156788856096,1,0.5149999999999999
1498,31-614-CAS-36745363,1,b,thioglycoside,random_forest,structure_condition,split_random_stratified,0.9446975045679463,1,0.5149999999999999
1509,31-013-CAS-7376345,0,a,thioglycoside,random_forest,structure_condition,split_random_stratified,0.5130031154501726,0,0.5149999999999999
1510,31-013-CAS-7371728,1,b,thioglycoside,random_forest,structure_condition,split_random_stratified,0.8409353703960827,1,0.5149999999999999
1513,31-013-CAS-14230652,1,b,thioglycoside,random_forest,structure_condition,split_random_stratified,0.8419997205825475,1,0.5149999999999999
1524,31-013-CAS-15942087,1,b,thioglycoside,random_forest,structure_condition,split_random_stratified,0.9056962688452108,1,0.5149999999999999
1532,31-614-CAS-41884159,0,a,thioglycoside,random_forest,structure_condition,split_random_stratified,0.05111114734769687,0,0.5149999999999999
1538,31-614-CAS-30686019,1,b,thioglycoside,random_forest,structure_condition,split_random_stratified,0.8735257050927623,1,0.5149999999999999
1542,31-013-CAS-21774311,0,a,thioglycoside,random_forest,structure_condition,split_random_stratified,0.35648533272249255,0,0.5149999999999999
1544,31-614-CAS-37959617,0,a,thioglycoside,random_forest,structure_condition,split_random_stratified,0.05155804744546972,0,0.5149999999999999
1545,31-013-CAS-16486920,1,b,thioglycoside,random_forest,structure_condition,split_random_stratified,0.8753346674176006,1,0.5149999999999999
1557,31-013-CAS-7574988,1,b,thioglycoside,random_forest,structure_condition,split_random_stratified,0.9605573603995365,1,0.5149999999999999
14,31-010-CAS-7636404,1,b,trichloroacetimidate,xgboost,structure_condition,split_random_stratified,0.9854603409767151,1,0.49499999999999994
22,31-010-CAS-6541067,1,b,trichloroacetimidate,xgboost,structure_condition,split_random_stratified,0.9845964312553406,1,0.49499999999999994
23,31-010-CAS-12435719,1,b,trichloroacetimidate,xgboost,structure_condition,split_random_stratified,0.9598425030708313,1,0.49499999999999994
26,31-614-CAS-31203171,0,a,trichloroacetimidate,xgboost,structure_condition,split_random_stratified,0.8547880053520203,1,0.49499999999999994
35,31-010-CAS-16059825,0,a,trichloroacetimidate,xgboost,structure_condition,split_random_stratified,0.15757977962493896,0,0.49499999999999994
37,31-010-CAS-4938490,1,b,trichloroacetimidate,xgboost,structure_condition,split_random_stratified,0.8847489953041077,1,0.49499999999999994
40,31-010-CAS-2030010,1,b,trichloroacetimidate,xgboost,structure_condition,split_random_stratified,0.9624753594398499,1,0.49499999999999994
50,31-614-CAS-24990873,0,a,trichloroacetimidate,xgboost,structure_condition,split_random_stratified,0.45543038845062256,0,0.49499999999999994
65,31-010-CAS-6929657,0,a,trichloroacetimidate,xgboost,structure_condition,split_random_stratified,0.17317724227905273,0,0.49499999999999994
75,31-010-CAS-1428434,1,b,trichloroacetimidate,xgboost,structure_condition,split_random_stratified,0.8631002902984619,1,0.49499999999999994
88,31-010-CAS-13632893,1,b,trichloroacetimidate,xgboost,structure_condition,split_random_stratified,0.9803304076194763,1,0.49499999999999994
103,31-010-CAS-5152732,0,a,trichloroacetimidate,xgboost,structure_condition,split_random_stratified,0.12341002374887466,0,0.49499999999999994
120,31-010-CAS-8132868,1,b,trichloroacetimidate,xgboost,structure_condition,split_random_stratified,0.9912500381469727,1,0.49499999999999994
126,31-010-CAS-16569614,1,b,trichloroacetimidate,xgboost,structure_condition,split_random_stratified,0.521165668964386,1,0.49499999999999994
139,31-010-CAS-10336392,1,b,trichloroacetimidate,xgboost,structure_condition,split_random_stratified,0.9867128133773804,1,0.49499999999999994
147,31-010-CAS-16717556,1,b,trichloroacetimidate,xgboost,structure_condition,split_random_stratified,0.983331561088562,1,0.49499999999999994
157,31-010-CAS-23202756,1,b,trichloroacetimidate,xgboost,structure_condition,split_random_stratified,0.9831216931343079,1,0.49499999999999994
160,31-010-CAS-8349698,1,b,trichloroacetimidate,xgboost,structure_condition,split_random_stratified,0.9910675883293152,1,0.49499999999999994
173,31-010-CAS-11639207,1,b,trichloroacetimidate,xgboost,structure_condition,split_random_stratified,0.6535009741783142,1,0.49499999999999994
177,31-010-CAS-2453120,1,b,trichloroacetimidate,xgboost,structure_condition,split_random_stratified,0.9784366488456726,1,0.49499999999999994
179,31-010-CAS-20996842,1,b,trichloroacetimidate,xgboost,structure_condition,split_random_stratified,0.9879491329193115,1,0.49499999999999994
180,31-010-CAS-7801504,1,b,trichloroacetimidate,xgboost,structure_condition,split_random_stratified,0.9785798788070679,1,0.49499999999999994
184,31-010-CAS-12105858,1,b,trichloroacetimidate,xgboost,structure_condition,split_random_stratified,0.8792715668678284,1,0.49499999999999994
199,31-010-CAS-8475811,1,b,trichloroacetimidate,xgboost,structure_condition,split_random_stratified,0.2389896959066391,0,0.49499999999999994
202,31-010-CAS-10742937,1,b,trichloroacetimidate,xgboost,structure_condition,split_random_stratified,0.9923895001411438,1,0.49499999999999994
204,31-010-CAS-16546346,1,b,trichloroacetimidate,xgboost,structure_condition,split_random_stratified,0.6142866611480713,1,0.49499999999999994
206,31-010-CAS-14206798,1,b,trichloroacetimidate,xgboost,structure_condition,split_random_stratified,0.9970433115959167,1,0.49499999999999994
211,31-010-CAS-16419863,0,a,trichloroacetimidate,xgboost,structure_condition,split_random_stratified,0.019124163314700127,0,0.49499999999999994
212,31-010-CAS-5837683,1,b,trichloroacetimidate,xgboost,structure_condition,split_random_stratified,0.9837268590927124,1,0.49499999999999994
213,31-010-CAS-11980647,1,b,trichloroacetimidate,xgboost,structure_condition,split_random_stratified,0.9598843455314636,1,0.49499999999999994
214,31-010-CAS-978790,0,a,trichloroacetimidate,xgboost,structure_condition,split_random_stratified,0.21343502402305603,0,0.49499999999999994
219,31-010-CAS-3920193,0,a,trichloroacetimidate,xgboost,structure_condition,split_random_stratified,0.006928824353963137,0,0.49499999999999994
224,31-010-CAS-11159083,1,b,trichloroacetimidate,xgboost,structure_condition,split_random_stratified,0.9569450616836548,1,0.49499999999999994
229,31-010-CAS-11253839,1,b,trichloroacetimidate,xgboost,structure_condition,split_random_stratified,0.9903340935707092,1,0.49499999999999994
232,31-010-CAS-11268512,0,a,trichloroacetimidate,xgboost,structure_condition,split_random_stratified,0.060291700065135956,0,0.49499999999999994
238,31-010-CAS-2752672,1,b,trichloroacetimidate,xgboost,structure_condition,split_random_stratified,0.9886338710784912,1,0.49499999999999994
241,31-010-CAS-14863653,1,b,trichloroacetimidate,xgboost,structure_condition,split_random_stratified,0.244827538728714,0,0.49499999999999994
243,31-010-CAS-13659910,1,b,trichloroacetimidate,xgboost,structure_condition,split_random_stratified,0.9885363578796387,1,0.49499999999999994
250,31-010-CAS-1767038,0,a,trichloroacetimidate,xgboost,structure_condition,split_random_stratified,0.564152181148529,1,0.49499999999999994
254,31-010-CAS-12015352,1,b,trichloroacetimidate,xgboost,structure_condition,split_random_stratified,0.8750628232955933,1,0.49499999999999994
260,31-010-CAS-18605825,1,b,trichloroacetimidate,xgboost,structure_condition,split_random_stratified,0.9604877233505249,1,0.49499999999999994
266,31-010-CAS-3244651,1,b,trichloroacetimidate,xgboost,structure_condition,split_random_stratified,0.9777530431747437,1,0.49499999999999994
268,31-010-CAS-4044654,1,b,trichloroacetimidate,xgboost,structure_condition,split_random_stratified,0.9736237525939941,1,0.49499999999999994
283,31-010-CAS-8507735,1,b,trichloroacetimidate,xgboost,structure_condition,split_random_stratified,0.9907326698303223,1,0.49499999999999994
286,31-010-CAS-8307308,1,b,trichloroacetimidate,xgboost,structure_condition,split_random_stratified,0.5198060274124146,1,0.49499999999999994
290,31-010-CAS-19796358,1,b,trichloroacetimidate,xgboost,structure_condition,split_random_stratified,0.9906339645385742,1,0.49499999999999994
299,31-010-CAS-13182905,0,a,trichloroacetimidate,xgboost,structure_condition,split_random_stratified,0.2996170222759247,0,0.49499999999999994
321,31-010-CAS-11535237,1,b,trichloroacetimidate,xgboost,structure_condition,split_random_stratified,0.8407127261161804,1,0.49499999999999994
324,31-010-CAS-16630393,1,b,trichloroacetimidate,xgboost,structure_condition,split_random_stratified,0.9105207920074463,1,0.49499999999999994
329,31-010-CAS-12672266,1,b,trichloroacetimidate,xgboost,structure_condition,split_random_stratified,0.37099283933639526,0,0.49499999999999994
334,31-010-CAS-21359677,1,b,trichloroacetimidate,xgboost,structure_condition,split_random_stratified,0.928627610206604,1,0.49499999999999994
363,31-010-CAS-3241716,1,b,trichloroacetimidate,xgboost,structure_condition,split_random_stratified,0.9873136878013611,1,0.49499999999999994
368,31-010-CAS-21359655,1,b,trichloroacetimidate,xgboost,structure_condition,split_random_stratified,0.9884529709815979,1,0.49499999999999994
373,31-010-CAS-14406507,1,b,trichloroacetimidate,xgboost,structure_condition,split_random_stratified,0.9797995686531067,1,0.49499999999999994
379,31-010-CAS-5890484,1,b,trichloroacetimidate,xgboost,structure_condition,split_random_stratified,0.9849302768707275,1,0.49499999999999994
394,31-010-CAS-2020028,0,a,trichloroacetimidate,xgboost,structure_condition,split_random_stratified,0.37099283933639526,0,0.49499999999999994
400,31-010-CAS-15131203,1,b,trichloroacetimidate,xgboost,structure_condition,split_random_stratified,0.37099283933639526,0,0.49499999999999994
401,31-010-CAS-8102873,0,a,trichloroacetimidate,xgboost,structure_condition,split_random_stratified,0.11742474883794785,0,0.49499999999999994
414,31-010-CAS-5438768,0,a,trichloroacetimidate,xgboost,structure_condition,split_random_stratified,0.04503270238637924,0,0.49499999999999994
416,31-010-CAS-8748980,0,a,trichloroacetimidate,xgboost,structure_condition,split_random_stratified,0.37099283933639526,0,0.49499999999999994
419,31-010-CAS-16582633,1,b,trichloroacetimidate,xgboost,structure_condition,split_random_stratified,0.2594209611415863,0,0.49499999999999994
422,31-010-CAS-21359658,1,b,trichloroacetimidate,xgboost,structure_condition,split_random_stratified,0.9673078656196594,1,0.49499999999999994
427,31-010-CAS-2953436,1,b,trichloroacetimidate,xgboost,structure_condition,split_random_stratified,0.9538894891738892,1,0.49499999999999994
430,31-010-CAS-1018725,1,b,trichloroacetimidate,xgboost,structure_condition,split_random_stratified,0.956639289855957,1,0.49499999999999994
431,31-010-CAS-21359681,1,b,trichloroacetimidate,xgboost,structure_condition,split_random_stratified,0.9595296382904053,1,0.49499999999999994
450,31-010-CAS-5494498,0,a,trichloroacetimidate,xgboost,structure_condition,split_random_stratified,0.04698260501027107,0,0.49499999999999994
452,31-010-CAS-12552790,1,b,trichloroacetimidate,xgboost,structure_condition,split_random_stratified,0.9819257259368896,1,0.49499999999999994
459,31-010-CAS-11303200,1,b,trichloroacetimidate,xgboost,structure_condition,split_random_stratified,0.9818418025970459,1,0.49499999999999994
463,31-010-CAS-2797002,0,a,trichloroacetimidate,xgboost,structure_condition,split_random_stratified,0.07113011926412582,0,0.49499999999999994
467,31-010-CAS-2634829,0,a,trichloroacetimidate,xgboost,structure_condition,split_random_stratified,0.12626758217811584,0,0.49499999999999994
477,31-010-CAS-10902642,1,b,trichloroacetimidate,xgboost,structure_condition,split_random_stratified,0.9630510210990906,1,0.49499999999999994
480,31-614-CAS-44041067,1,b,trichloroacetimidate,xgboost,structure_condition,split_random_stratified,0.8766120076179504,1,0.49499999999999994
481,31-010-CAS-2015247,1,b,trichloroacetimidate,xgboost,structure_condition,split_random_stratified,0.9603173136711121,1,0.49499999999999994
482,31-010-CAS-7110317,0,a,trichloroacetimidate,xgboost,structure_condition,split_random_stratified,0.0464133620262146,0,0.49499999999999994
494,31-010-CAS-14792858,1,b,trichloroacetimidate,xgboost,structure_condition,split_random_stratified,0.9895901083946228,1,0.49499999999999994
518,31-010-CAS-14831299,0,a,trichloroacetimidate,xgboost,structure_condition,split_random_stratified,0.040459077805280685,0,0.49499999999999994
527,31-010-CAS-10545007,0,a,trichloroacetimidate,xgboost,structure_condition,split_random_stratified,0.3309163749217987,0,0.49499999999999994
531,31-010-CAS-13346541,0,a,trichloroacetimidate,xgboost,structure_condition,split_random_stratified,0.07222365587949753,0,0.49499999999999994
535,31-010-CAS-1415329,1,b,trichloroacetimidate,xgboost,structure_condition,split_random_stratified,0.482761025428772,0,0.49499999999999994
536,31-010-CAS-3485314,1,b,trichloroacetimidate,xgboost,structure_condition,split_random_stratified,0.2830323278903961,0,0.49499999999999994
540,31-010-CAS-14143291,1,b,trichloroacetimidate,xgboost,structure_condition,split_random_stratified,0.3309163749217987,0,0.49499999999999994
542,31-010-CAS-11210902,0,a,trichloroacetimidate,xgboost,structure_condition,split_random_stratified,0.09631435573101044,0,0.49499999999999994
552,31-010-CAS-8134904,0,a,trichloroacetimidate,xgboost,structure_condition,split_random_stratified,0.482761025428772,0,0.49499999999999994
555,31-010-CAS-14658592,1,b,trichloroacetimidate,xgboost,structure_condition,split_random_stratified,0.9397138953208923,1,0.49499999999999994
565,31-010-CAS-5089795,0,a,trifluoroacetimidate,xgboost,structure_condition,split_random_stratified,0.07836967706680298,0,0.49499999999999994
572,31-013-CAS-6013588,0,a,trifluoroacetimidate,xgboost,structure_condition,split_random_stratified,0.19592371582984924,0,0.49499999999999994
573,31-010-CAS-22954860,0,a,trifluoroacetimidate,xgboost,structure_condition,split_random_stratified,0.10397308319807053,0,0.49499999999999994
587,31-614-CAS-41495813,0,a,trifluoroacetimidate,xgboost,structure_condition,split_random_stratified,0.00650134589523077,0,0.49499999999999994
590,31-010-CAS-8696313,1,b,trifluoroacetimidate,xgboost,structure_condition,split_random_stratified,0.9123319983482361,1,0.49499999999999994
600,31-010-CAS-22375200,1,b,trifluoroacetimidate,xgboost,structure_condition,split_random_stratified,0.6089838743209839,1,0.49499999999999994
607,31-010-CAS-19353817,0,a,trifluoroacetimidate,xgboost,structure_condition,split_random_stratified,0.03883514553308487,0,0.49499999999999994
619,31-614-CAS-35275420,1,b,trifluoroacetimidate,xgboost,structure_condition,split_random_stratified,0.9013676643371582,1,0.49499999999999994
629,31-010-CAS-23517749,1,b,trifluoroacetimidate,xgboost,structure_condition,split_random_stratified,0.9906286597251892,1,0.49499999999999994
632,31-013-CAS-18528259,1,b,trifluoroacetimidate,xgboost,structure_condition,split_random_stratified,0.9774585366249084,1,0.49499999999999994
638,31-010-CAS-20875067,1,b,trifluoroacetimidate,xgboost,structure_condition,split_random_stratified,0.9674234390258789,1,0.49499999999999994
646,31-614-CAS-42575632,1,b,trifluoroacetimidate,xgboost,structure_condition,split_random_stratified,0.9722033739089966,1,0.49499999999999994
648,31-614-CAS-35275413,1,b,trifluoroacetimidate,xgboost,structure_condition,split_random_stratified,0.9421936273574829,1,0.49499999999999994
650,31-013-CAS-20074828,0,a,thioglycoside,xgboost,structure_condition,split_random_stratified,0.012121293693780899,0,0.49499999999999994
654,31-013-CAS-17381408,0,a,thioglycoside,xgboost,structure_condition,split_random_stratified,0.011299511417746544,0,0.49499999999999994
672,31-013-CAS-5609840,0,a,thioglycoside,xgboost,structure_condition,split_random_stratified,0.014255689457058907,0,0.49499999999999994
688,31-013-CAS-308870,0,a,thioglycoside,xgboost,structure_condition,split_random_stratified,0.18771567940711975,0,0.49499999999999994
690,31-614-CAS-42125040,1,b,thioglycoside,xgboost,structure_condition,split_random_stratified,0.3311392366886139,0,0.49499999999999994
693,31-013-CAS-15220844,0,a,thioglycoside,xgboost,structure_condition,split_random_stratified,0.35123196244239807,0,0.49499999999999994
698,31-013-CAS-17243080,1,b,thioglycoside,xgboost,structure_condition,split_random_stratified,0.930111825466156,1,0.49499999999999994
704,31-614-CAS-34701877,1,b,thioglycoside,xgboost,structure_condition,split_random_stratified,0.7975520491600037,1,0.49499999999999994
705,31-013-CAS-4509020,0,a,thioglycoside,xgboost,structure_condition,split_random_stratified,0.004993385169655085,0,0.49499999999999994
717,31-013-CAS-22936260,0,a,thioglycoside,xgboost,structure_condition,split_random_stratified,0.1560160219669342,0,0.49499999999999994
718,31-614-CAS-34701884,1,b,thioglycoside,xgboost,structure_condition,split_random_stratified,0.5588862895965576,1,0.49499999999999994
720,31-013-CAS-13505033,0,a,thioglycoside,xgboost,structure_condition,split_random_stratified,0.22865670919418335,0,0.49499999999999994
722,31-013-CAS-21359610,0,a,thioglycoside,xgboost,structure_condition,split_random_stratified,0.07003118097782135,0,0.49499999999999994
726,31-013-CAS-14123962,0,a,thioglycoside,xgboost,structure_condition,split_random_stratified,0.027378017082810402,0,0.49499999999999994
746,31-013-CAS-3859968,0,a,thioglycoside,xgboost,structure_condition,split_random_stratified,0.4158886969089508,0,0.49499999999999994
758,31-013-CAS-15920353,0,a,thioglycoside,xgboost,structure_condition,split_random_stratified,0.0355416014790535,0,0.49499999999999994
763,31-013-CAS-6495154,1,b,thioglycoside,xgboost,structure_condition,split_random_stratified,0.3582896292209625,0,0.49499999999999994
765,31-013-CAS-11369982,1,b,thioglycoside,xgboost,structure_condition,split_random_stratified,0.3582896292209625,0,0.49499999999999994
771,31-013-CAS-21359741,0,a,thioglycoside,xgboost,structure_condition,split_random_stratified,0.03598872944712639,0,0.49499999999999994
784,31-013-CAS-17243071,1,b,thioglycoside,xgboost,structure_condition,split_random_stratified,0.9555609822273254,1,0.49499999999999994
786,31-614-CAS-44137212,0,a,thioglycoside,xgboost,structure_condition,split_random_stratified,0.010497542098164558,0,0.49499999999999994
787,31-013-CAS-10475617,1,b,thioglycoside,xgboost,structure_condition,split_random_stratified,0.4934313893318176,0,0.49499999999999994
788,31-013-CAS-13972345,1,b,thioglycoside,xgboost,structure_condition,split_random_stratified,0.8533973097801208,1,0.49499999999999994
798,31-013-CAS-1891598,0,a,thioglycoside,xgboost,structure_condition,split_random_stratified,0.37343811988830566,0,0.49499999999999994
802,31-013-CAS-22938507,1,b,thioglycoside,xgboost,structure_condition,split_random_stratified,0.39451006054878235,0,0.49499999999999994
803,31-013-CAS-23876375,0,a,thioglycoside,xgboost,structure_condition,split_random_stratified,0.9825348258018494,1,0.49499999999999994
808,31-013-CAS-9812928,0,a,thioglycoside,xgboost,structure_condition,split_random_stratified,0.42146310210227966,0,0.49499999999999994
811,31-013-CAS-12273664,1,b,thioglycoside,xgboost,structure_condition,split_random_stratified,0.42146310210227966,0,0.49499999999999994
818,31-013-CAS-8835573,0,a,thioglycoside,xgboost,structure_condition,split_random_stratified,0.45557379722595215,0,0.49499999999999994
830,31-013-CAS-21905513,1,b,thioglycoside,xgboost,structure_condition,split_random_stratified,0.9361698627471924,1,0.49499999999999994
850,31-013-CAS-19733120,0,a,thioglycoside,xgboost,structure_condition,split_random_stratified,0.19838793575763702,0,0.49499999999999994
851,31-013-CAS-11213156,1,b,thioglycoside,xgboost,structure_condition,split_random_stratified,0.7831132411956787,1,0.49499999999999994
853,31-013-CAS-8454219,1,b,thioglycoside,xgboost,structure_condition,split_random_stratified,0.9195918440818787,1,0.49499999999999994
896,31-013-CAS-8933724,0,a,thioglycoside,xgboost,structure_condition,split_random_stratified,0.25545617938041687,0,0.49499999999999994
899,31-013-CAS-23877545,1,b,thioglycoside,xgboost,structure_condition,split_random_stratified,0.15727165341377258,0,0.49499999999999994
927,31-013-CAS-12459743,1,b,thioglycoside,xgboost,structure_condition,split_random_stratified,0.39608070254325867,0,0.49499999999999994
931,31-614-CAS-30873545,0,a,thioglycoside,xgboost,structure_condition,split_random_stratified,0.2640332281589508,0,0.49499999999999994
936,31-013-CAS-9549076,1,b,thioglycoside,xgboost,structure_condition,split_random_stratified,0.9968773126602173,1,0.49499999999999994
938,31-013-CAS-9933290,0,a,thioglycoside,xgboost,structure_condition,split_random_stratified,0.006283390335738659,0,0.49499999999999994
949,31-013-CAS-19796364,1,b,thioglycoside,xgboost,structure_condition,split_random_stratified,0.9593527317047119,1,0.49499999999999994
950,31-013-CAS-13137320,1,b,thioglycoside,xgboost,structure_condition,split_random_stratified,0.9649792313575745,1,0.49499999999999994
956,31-013-CAS-9655089,1,b,thioglycoside,xgboost,structure_condition,split_random_stratified,0.19498257339000702,0,0.49499999999999994
967,31-013-CAS-3859987,1,b,thioglycoside,xgboost,structure_condition,split_random_stratified,0.19926340878009796,0,0.49499999999999994
973,31-013-CAS-1712789,1,b,thioglycoside,xgboost,structure_condition,split_random_stratified,0.1957872360944748,0,0.49499999999999994
974,31-013-CAS-11796224,1,b,thioglycoside,xgboost,structure_condition,split_random_stratified,0.1957872360944748,0,0.49499999999999994
979,31-013-CAS-5063674,1,b,thioglycoside,xgboost,structure_condition,split_random_stratified,0.8118696808815002,1,0.49499999999999994
987,31-013-CAS-6023114,1,b,thioglycoside,xgboost,structure_condition,split_random_stratified,0.1937803328037262,0,0.49499999999999994
997,31-614-CAS-39684276,0,a,thioglycoside,xgboost,structure_condition,split_random_stratified,0.0030278407502919436,0,0.49499999999999994
1002,31-614-CAS-47697112,1,b,thioglycoside,xgboost,structure_condition,split_random_stratified,0.2682814300060272,0,0.49499999999999994
1003,31-614-CAS-27094234,0,a,thioglycoside,xgboost,structure_condition,split_random_stratified,0.21345162391662598,0,0.49499999999999994
1004,31-301-CAS-4805695,1,b,thioglycoside,xgboost,structure_condition,split_random_stratified,0.8581045866012573,1,0.49499999999999994
1007,31-013-CAS-9787141,1,b,thioglycoside,xgboost,structure_condition,split_random_stratified,0.9949878454208374,1,0.49499999999999994
1010,31-013-CAS-22252748,1,b,thioglycoside,xgboost,structure_condition,split_random_stratified,0.9632173776626587,1,0.49499999999999994
1013,31-013-CAS-7197673,0,a,thioglycoside,xgboost,structure_condition,split_random_stratified,0.6010894775390625,1,0.49499999999999994
1016,31-013-CAS-20281584,1,b,thioglycoside,xgboost,structure_condition,split_random_stratified,0.44170743227005005,0,0.49499999999999994
1027,31-013-CAS-8833991,0,a,thioglycoside,xgboost,structure_condition,split_random_stratified,0.04134529456496239,0,0.49499999999999994
1032,31-013-CAS-3532904,1,b,thioglycoside,xgboost,structure_condition,split_random_stratified,0.8066588044166565,1,0.49499999999999994
1036,31-013-CAS-113679,1,b,thioglycoside,xgboost,structure_condition,split_random_stratified,0.8816536068916321,1,0.49499999999999994
1043,31-013-CAS-19733121,0,a,thioglycoside,xgboost,structure_condition,split_random_stratified,0.1623944491147995,0,0.49499999999999994
1045,31-013-CAS-7954210,0,a,thioglycoside,xgboost,structure_condition,split_random_stratified,0.28233158588409424,0,0.49499999999999994
1047,31-013-CAS-12680725,1,b,thioglycoside,xgboost,structure_condition,split_random_stratified,0.24423541128635406,0,0.49499999999999994
1049,31-013-CAS-7571329,1,b,thioglycoside,xgboost,structure_condition,split_random_stratified,0.8731501698493958,1,0.49499999999999994
1051,31-013-CAS-5482709,1,b,thioglycoside,xgboost,structure_condition,split_random_stratified,0.8877184391021729,1,0.49499999999999994
1055,31-013-CAS-11908517,1,b,thioglycoside,xgboost,structure_condition,split_random_stratified,0.8374136090278625,1,0.49499999999999994
1063,31-301-CAS-8308590,1,b,thioglycoside,xgboost,structure_condition,split_random_stratified,0.5591435432434082,1,0.49499999999999994
1071,31-013-CAS-6440966,1,b,thioglycoside,xgboost,structure_condition,split_random_stratified,0.983942985534668,1,0.49499999999999994
1081,31-013-CAS-22664054,0,a,thioglycoside,xgboost,structure_condition,split_random_stratified,0.26941344141960144,0,0.49499999999999994
1086,31-013-CAS-6864875,0,a,thioglycoside,xgboost,structure_condition,split_random_stratified,0.1054200679063797,0,0.49499999999999994
1096,31-013-CAS-8679459,0,a,thioglycoside,xgboost,structure_condition,split_random_stratified,0.046062156558036804,0,0.49499999999999994
1097,31-013-CAS-1889585,0,a,thioglycoside,xgboost,structure_condition,split_random_stratified,0.024425258859992027,0,0.49499999999999994
1105,31-614-CAS-32458097,0,a,thioglycoside,xgboost,structure_condition,split_random_stratified,0.1551002562046051,0,0.49499999999999994
1109,31-013-CAS-10851823,1,b,thioglycoside,xgboost,structure_condition,split_random_stratified,0.9874148964881897,1,0.49499999999999994
1115,31-013-CAS-14147258,1,b,thioglycoside,xgboost,structure_condition,split_random_stratified,0.9946820139884949,1,0.49499999999999994
1130,31-614-CAS-40361044,1,b,thioglycoside,xgboost,structure_condition,split_random_stratified,0.9855281710624695,1,0.49499999999999994
1135,31-013-CAS-10173116,1,b,thioglycoside,xgboost,structure_condition,split_random_stratified,0.9632083773612976,1,0.49499999999999994
1137,31-013-CAS-9961430,0,a,thioglycoside,xgboost,structure_condition,split_random_stratified,0.013069610111415386,0,0.49499999999999994
1141,31-013-CAS-17791367,0,a,thioglycoside,xgboost,structure_condition,split_random_stratified,0.02302101068198681,0,0.49499999999999994
1152,31-013-CAS-6871905,0,a,thioglycoside,xgboost,structure_condition,split_random_stratified,0.7341277003288269,1,0.49499999999999994
1153,31-013-CAS-8455590,0,a,thioglycoside,xgboost,structure_condition,split_random_stratified,0.20906269550323486,0,0.49499999999999994
1157,31-006-CAS-16647345,1,b,thioglycoside,xgboost,structure_condition,split_random_stratified,0.2349267452955246,0,0.49499999999999994
1162,31-013-CAS-9669067,1,b,thioglycoside,xgboost,structure_condition,split_random_stratified,0.17218154668807983,0,0.49499999999999994
1163,31-013-CAS-11323810,0,a,thioglycoside,xgboost,structure_condition,split_random_stratified,0.03305191546678543,0,0.49499999999999994
1166,31-013-CAS-553402,1,b,thioglycoside,xgboost,structure_condition,split_random_stratified,0.23726555705070496,0,0.49499999999999994
1172,31-013-CAS-10549598,0,a,thioglycoside,xgboost,structure_condition,split_random_stratified,0.030284510925412178,0,0.49499999999999994
1179,31-013-CAS-21013700,1,b,thioglycoside,xgboost,structure_condition,split_random_stratified,0.8474444150924683,1,0.49499999999999994
1180,31-013-CAS-992775,1,b,thioglycoside,xgboost,structure_condition,split_random_stratified,0.940400242805481,1,0.49499999999999994
1181,31-013-CAS-19796379,1,b,thioglycoside,xgboost,structure_condition,split_random_stratified,0.9799971580505371,1,0.49499999999999994
1182,31-013-CAS-12326620,0,a,thioglycoside,xgboost,structure_condition,split_random_stratified,0.01792762614786625,0,0.49499999999999994
1187,31-013-CAS-14640673,0,a,thioglycoside,xgboost,structure_condition,split_random_stratified,0.14689144492149353,0,0.49499999999999994
1189,31-013-CAS-7955565,1,b,thioglycoside,xgboost,structure_condition,split_random_stratified,0.9911679029464722,1,0.49499999999999994
1192,31-013-CAS-4659620,1,b,thioglycoside,xgboost,structure_condition,split_random_stratified,0.9907022714614868,1,0.49499999999999994
1213,31-614-CAS-24503700,1,b,thioglycoside,xgboost,structure_condition,split_random_stratified,0.810422420501709,1,0.49499999999999994
1234,31-013-CAS-17024986,0,a,thioglycoside,xgboost,structure_condition,split_random_stratified,0.8503463268280029,1,0.49499999999999994
1239,31-614-CAS-34954209,1,b,thioglycoside,xgboost,structure_condition,split_random_stratified,0.7843614220619202,1,0.49499999999999994
1243,31-013-CAS-12548374,1,b,thioglycoside,xgboost,structure_condition,split_random_stratified,0.9324833154678345,1,0.49499999999999994
1272,31-013-CAS-18353673,1,b,thioglycoside,xgboost,structure_condition,split_random_stratified,0.9884486794471741,1,0.49499999999999994
1277,31-013-CAS-11595421,1,b,thioglycoside,xgboost,structure_condition,split_random_stratified,0.9905091524124146,1,0.49499999999999994
1278,31-013-CAS-16173156,0,a,thioglycoside,xgboost,structure_condition,split_random_stratified,0.05050930008292198,0,0.49499999999999994
1280,31-614-CAS-34954204,0,a,thioglycoside,xgboost,structure_condition,split_random_stratified,0.5739442110061646,1,0.49499999999999994
1297,31-013-CAS-10911479,1,b,thioglycoside,xgboost,structure_condition,split_random_stratified,0.967356264591217,1,0.49499999999999994
1311,31-013-CAS-12967646,1,b,thioglycoside,xgboost,structure_condition,split_random_stratified,0.9696432948112488,1,0.49499999999999994
1332,31-614-CAS-28172097,1,b,thioglycoside,xgboost,structure_condition,split_random_stratified,0.9928399324417114,1,0.49499999999999994
1339,31-013-CAS-10274383,1,b,thioglycoside,xgboost,structure_condition,split_random_stratified,0.9574649333953857,1,0.49499999999999994
1344,31-013-CAS-20825259,1,b,thioglycoside,xgboost,structure_condition,split_random_stratified,0.8007237911224365,1,0.49499999999999994
1358,31-013-CAS-3114823,0,a,thioglycoside,xgboost,structure_condition,split_random_stratified,0.11534002423286438,0,0.49499999999999994
1359,31-013-CAS-22357494,0,a,thioglycoside,xgboost,structure_condition,split_random_stratified,0.35147008299827576,0,0.49499999999999994
1366,31-013-CAS-1252855,0,a,thioglycoside,xgboost,structure_condition,split_random_stratified,0.725789487361908,1,0.49499999999999994
1377,31-013-CAS-20623543,1,b,thioglycoside,xgboost,structure_condition,split_random_stratified,0.952480673789978,1,0.49499999999999994
1385,31-013-CAS-20519350,1,b,thioglycoside,xgboost,structure_condition,split_random_stratified,0.9132444858551025,1,0.49499999999999994
1396,31-614-CAS-29322574,1,b,thioglycoside,xgboost,structure_condition,split_random_stratified,0.9894397854804993,1,0.49499999999999994
1404,31-013-CAS-13253389,1,b,thioglycoside,xgboost,structure_condition,split_random_stratified,0.9371926188468933,1,0.49499999999999994
1406,31-013-CAS-9638871,1,b,thioglycoside,xgboost,structure_condition,split_random_stratified,0.9940404295921326,1,0.49499999999999994
1414,31-013-CAS-3282710,1,b,thioglycoside,xgboost,structure_condition,split_random_stratified,0.9253156185150146,1,0.49499999999999994
1427,31-013-CAS-14626746,0,a,thioglycoside,xgboost,structure_condition,split_random_stratified,0.05582486093044281,0,0.49499999999999994
1432,31-013-CAS-11006436,1,b,thioglycoside,xgboost,structure_condition,split_random_stratified,0.9383000731468201,1,0.49499999999999994
1442,31-013-CAS-13946827,0,a,thioglycoside,xgboost,structure_condition,split_random_stratified,0.7072845697402954,1,0.49499999999999994
1444,31-013-CAS-9511600,1,b,thioglycoside,xgboost,structure_condition,split_random_stratified,0.9479222893714905,1,0.49499999999999994
1449,31-013-CAS-15499890,1,b,thioglycoside,xgboost,structure_condition,split_random_stratified,0.9507126212120056,1,0.49499999999999994
1468,31-013-CAS-6531232,0,a,thioglycoside,xgboost,structure_condition,split_random_stratified,0.48575106263160706,0,0.49499999999999994
1471,31-013-CAS-1922953,1,b,thioglycoside,xgboost,structure_condition,split_random_stratified,0.9802750945091248,1,0.49499999999999994
1476,31-013-CAS-667641,1,b,thioglycoside,xgboost,structure_condition,split_random_stratified,0.9969063401222229,1,0.49499999999999994
1479,31-013-CAS-14176615,1,b,thioglycoside,xgboost,structure_condition,split_random_stratified,0.9939771890640259,1,0.49499999999999994
1483,31-013-CAS-8624016,1,b,thioglycoside,xgboost,structure_condition,split_random_stratified,0.9831233620643616,1,0.49499999999999994
1492,31-614-CAS-36830124,1,b,thioglycoside,xgboost,structure_condition,split_random_stratified,0.8868349194526672,1,0.49499999999999994
1493,31-614-CAS-36830119,1,b,thioglycoside,xgboost,structure_condition,split_random_stratified,0.7794788479804993,1,0.49499999999999994
1494,31-013-CAS-5792629,0,a,thioglycoside,xgboost,structure_condition,split_random_stratified,0.2804383933544159,0,0.49499999999999994
1495,31-013-CAS-7451088,1,b,thioglycoside,xgboost,structure_condition,split_random_stratified,0.9583761692047119,1,0.49499999999999994
1498,31-614-CAS-36745363,1,b,thioglycoside,xgboost,structure_condition,split_random_stratified,0.978091299533844,1,0.49499999999999994
1509,31-013-CAS-7376345,0,a,thioglycoside,xgboost,structure_condition,split_random_stratified,0.4936983287334442,0,0.49499999999999994
1510,31-013-CAS-7371728,1,b,thioglycoside,xgboost,structure_condition,split_random_stratified,0.9903851747512817,1,0.49499999999999994
1513,31-013-CAS-14230652,1,b,thioglycoside,xgboost,structure_condition,split_random_stratified,0.8153412342071533,1,0.49499999999999994
1524,31-013-CAS-15942087,1,b,thioglycoside,xgboost,structure_condition,split_random_stratified,0.9882590770721436,1,0.49499999999999994
1532,31-614-CAS-41884159,0,a,thioglycoside,xgboost,structure_condition,split_random_stratified,0.062182292342185974,0,0.49499999999999994
1538,31-614-CAS-30686019,1,b,thioglycoside,xgboost,structure_condition,split_random_stratified,0.9311479926109314,1,0.49499999999999994
1542,31-013-CAS-21774311,0,a,thioglycoside,xgboost,structure_condition,split_random_stratified,0.35002243518829346,0,0.49499999999999994
1544,31-614-CAS-37959617,0,a,thioglycoside,xgboost,structure_condition,split_random_stratified,0.06160157546401024,0,0.49499999999999994
1545,31-013-CAS-16486920,1,b,thioglycoside,xgboost,structure_condition,split_random_stratified,0.9729017615318298,1,0.49499999999999994
1557,31-013-CAS-7574988,1,b,thioglycoside,xgboost,structure_condition,split_random_stratified,0.997920572757721,1,0.49499999999999994
14,31-010-CAS-7636404,1,b,trichloroacetimidate,logistic_regression,structure_only,split_random_stratified,0.9997525150132318,1,0.69
22,31-010-CAS-6541067,1,b,trichloroacetimidate,logistic_regression,structure_only,split_random_stratified,0.9983350510799862,1,0.69
23,31-010-CAS-12435719,1,b,trichloroacetimidate,logistic_regression,structure_only,split_random_stratified,0.9905412778094378,1,0.69
26,31-614-CAS-31203171,0,a,trichloroacetimidate,logistic_regression,structure_only,split_random_stratified,0.9923748758739523,1,0.69
35,31-010-CAS-16059825,0,a,trichloroacetimidate,logistic_regression,structure_only,split_random_stratified,0.2592451492823355,0,0.69
37,31-010-CAS-4938490,1,b,trichloroacetimidate,logistic_regression,structure_only,split_random_stratified,0.991559979497671,1,0.69
40,31-010-CAS-2030010,1,b,trichloroacetimidate,logistic_regression,structure_only,split_random_stratified,0.9333416557745281,1,0.69
50,31-614-CAS-24990873,0,a,trichloroacetimidate,logistic_regression,structure_only,split_random_stratified,0.46876783259010657,0,0.69
65,31-010-CAS-6929657,0,a,trichloroacetimidate,logistic_regression,structure_only,split_random_stratified,0.07404699728677365,0,0.69
75,31-010-CAS-1428434,1,b,trichloroacetimidate,logistic_regression,structure_only,split_random_stratified,0.7712049137448299,1,0.69
88,31-010-CAS-13632893,1,b,trichloroacetimidate,logistic_regression,structure_only,split_random_stratified,0.9959515966028472,1,0.69
103,31-010-CAS-5152732,0,a,trichloroacetimidate,logistic_regression,structure_only,split_random_stratified,0.1098367293417082,0,0.69
120,31-010-CAS-8132868,1,b,trichloroacetimidate,logistic_regression,structure_only,split_random_stratified,0.9820519921482731,1,0.69
126,31-010-CAS-16569614,1,b,trichloroacetimidate,logistic_regression,structure_only,split_random_stratified,0.6388544683298222,0,0.69
139,31-010-CAS-10336392,1,b,trichloroacetimidate,logistic_regression,structure_only,split_random_stratified,0.9946173854218154,1,0.69
147,31-010-CAS-16717556,1,b,trichloroacetimidate,logistic_regression,structure_only,split_random_stratified,0.9846284151985614,1,0.69
157,31-010-CAS-23202756,1,b,trichloroacetimidate,logistic_regression,structure_only,split_random_stratified,0.962082181266729,1,0.69
160,31-010-CAS-8349698,1,b,trichloroacetimidate,logistic_regression,structure_only,split_random_stratified,0.9988970452838827,1,0.69
173,31-010-CAS-11639207,1,b,trichloroacetimidate,logistic_regression,structure_only,split_random_stratified,0.6134679179784644,0,0.69
177,31-010-CAS-2453120,1,b,trichloroacetimidate,logistic_regression,structure_only,split_random_stratified,0.9920724262827426,1,0.69
179,31-010-CAS-20996842,1,b,trichloroacetimidate,logistic_regression,structure_only,split_random_stratified,0.9966974052814179,1,0.69
180,31-010-CAS-7801504,1,b,trichloroacetimidate,logistic_regression,structure_only,split_random_stratified,0.9988984175441821,1,0.69
184,31-010-CAS-12105858,1,b,trichloroacetimidate,logistic_regression,structure_only,split_random_stratified,0.7905732918592793,1,0.69
199,31-010-CAS-8475811,1,b,trichloroacetimidate,logistic_regression,structure_only,split_random_stratified,0.804057920742472,1,0.69
202,31-010-CAS-10742937,1,b,trichloroacetimidate,logistic_regression,structure_only,split_random_stratified,0.9999736645608719,1,0.69
204,31-010-CAS-16546346,1,b,trichloroacetimidate,logistic_regression,structure_only,split_random_stratified,0.7865032663394184,1,0.69
206,31-010-CAS-14206798,1,b,trichloroacetimidate,logistic_regression,structure_only,split_random_stratified,0.9994928849543548,1,0.69
211,31-010-CAS-16419863,0,a,trichloroacetimidate,logistic_regression,structure_only,split_random_stratified,0.08715741003483894,0,0.69
212,31-010-CAS-5837683,1,b,trichloroacetimidate,logistic_regression,structure_only,split_random_stratified,0.9969631697106451,1,0.69
213,31-010-CAS-11980647,1,b,trichloroacetimidate,logistic_regression,structure_only,split_random_stratified,0.9180630056756738,1,0.69
214,31-010-CAS-978790,0,a,trichloroacetimidate,logistic_regression,structure_only,split_random_stratified,0.15880076682721067,0,0.69
219,31-010-CAS-3920193,0,a,trichloroacetimidate,logistic_regression,structure_only,split_random_stratified,0.006668592293379199,0,0.69
224,31-010-CAS-11159083,1,b,trichloroacetimidate,logistic_regression,structure_only,split_random_stratified,0.9977839244774288,1,0.69
229,31-010-CAS-11253839,1,b,trichloroacetimidate,logistic_regression,structure_only,split_random_stratified,0.9838467393573486,1,0.69
232,31-010-CAS-11268512,0,a,trichloroacetimidate,logistic_regression,structure_only,split_random_stratified,0.018165141389029783,0,0.69
238,31-010-CAS-2752672,1,b,trichloroacetimidate,logistic_regression,structure_only,split_random_stratified,0.9990722911158016,1,0.69
241,31-010-CAS-14863653,1,b,trichloroacetimidate,logistic_regression,structure_only,split_random_stratified,0.7864491231553613,1,0.69
243,31-010-CAS-13659910,1,b,trichloroacetimidate,logistic_regression,structure_only,split_random_stratified,0.9947740746249774,1,0.69
250,31-010-CAS-1767038,0,a,trichloroacetimidate,logistic_regression,structure_only,split_random_stratified,0.5557739959805971,0,0.69
254,31-010-CAS-12015352,1,b,trichloroacetimidate,logistic_regression,structure_only,split_random_stratified,0.5172928418336896,0,0.69
260,31-010-CAS-18605825,1,b,trichloroacetimidate,logistic_regression,structure_only,split_random_stratified,0.9893422803860541,1,0.69
266,31-010-CAS-3244651,1,b,trichloroacetimidate,logistic_regression,structure_only,split_random_stratified,0.9972418966573688,1,0.69
268,31-010-CAS-4044654,1,b,trichloroacetimidate,logistic_regression,structure_only,split_random_stratified,0.9821791882686252,1,0.69
283,31-010-CAS-8507735,1,b,trichloroacetimidate,logistic_regression,structure_only,split_random_stratified,0.9999723340324701,1,0.69
286,31-010-CAS-8307308,1,b,trichloroacetimidate,logistic_regression,structure_only,split_random_stratified,0.3678153344955739,0,0.69
290,31-010-CAS-19796358,1,b,trichloroacetimidate,logistic_regression,structure_only,split_random_stratified,0.9980083659584876,1,0.69
299,31-010-CAS-13182905,0,a,trichloroacetimidate,logistic_regression,structure_only,split_random_stratified,0.48207486576149633,0,0.69
321,31-010-CAS-11535237,1,b,trichloroacetimidate,logistic_regression,structure_only,split_random_stratified,0.44935104937652287,0,0.69
324,31-010-CAS-16630393,1,b,trichloroacetimidate,logistic_regression,structure_only,split_random_stratified,0.831144238416533,1,0.69
329,31-010-CAS-12672266,1,b,trichloroacetimidate,logistic_regression,structure_only,split_random_stratified,0.3845731865699056,0,0.69
334,31-010-CAS-21359677,1,b,trichloroacetimidate,logistic_regression,structure_only,split_random_stratified,0.9742547504771384,1,0.69
363,31-010-CAS-3241716,1,b,trichloroacetimidate,logistic_regression,structure_only,split_random_stratified,0.9973425965263243,1,0.69
368,31-010-CAS-21359655,1,b,trichloroacetimidate,logistic_regression,structure_only,split_random_stratified,0.9979663272376729,1,0.69
373,31-010-CAS-14406507,1,b,trichloroacetimidate,logistic_regression,structure_only,split_random_stratified,0.998498594916556,1,0.69
379,31-010-CAS-5890484,1,b,trichloroacetimidate,logistic_regression,structure_only,split_random_stratified,0.9988561701991324,1,0.69
394,31-010-CAS-2020028,0,a,trichloroacetimidate,logistic_regression,structure_only,split_random_stratified,0.3845731865699056,0,0.69
400,31-010-CAS-15131203,1,b,trichloroacetimidate,logistic_regression,structure_only,split_random_stratified,0.3845731865699056,0,0.69
401,31-010-CAS-8102873,0,a,trichloroacetimidate,logistic_regression,structure_only,split_random_stratified,0.04049820488456582,0,0.69
414,31-010-CAS-5438768,0,a,trichloroacetimidate,logistic_regression,structure_only,split_random_stratified,0.14350342524868423,0,0.69
416,31-010-CAS-8748980,0,a,trichloroacetimidate,logistic_regression,structure_only,split_random_stratified,0.3845731865699056,0,0.69
419,31-010-CAS-16582633,1,b,trichloroacetimidate,logistic_regression,structure_only,split_random_stratified,0.11911790954843252,0,0.69
422,31-010-CAS-21359658,1,b,trichloroacetimidate,logistic_regression,structure_only,split_random_stratified,0.9884594596225793,1,0.69
427,31-010-CAS-2953436,1,b,trichloroacetimidate,logistic_regression,structure_only,split_random_stratified,0.9849008750365582,1,0.69
430,31-010-CAS-1018725,1,b,trichloroacetimidate,logistic_regression,structure_only,split_random_stratified,0.9948883537747842,1,0.69
431,31-010-CAS-21359681,1,b,trichloroacetimidate,logistic_regression,structure_only,split_random_stratified,0.9960858697353395,1,0.69
450,31-010-CAS-5494498,0,a,trichloroacetimidate,logistic_regression,structure_only,split_random_stratified,0.03510969461681428,0,0.69
452,31-010-CAS-12552790,1,b,trichloroacetimidate,logistic_regression,structure_only,split_random_stratified,0.9998001531260633,1,0.69
459,31-010-CAS-11303200,1,b,trichloroacetimidate,logistic_regression,structure_only,split_random_stratified,0.9898266298434721,1,0.69
463,31-010-CAS-2797002,0,a,trichloroacetimidate,logistic_regression,structure_only,split_random_stratified,0.0112574041020277,0,0.69
467,31-010-CAS-2634829,0,a,trichloroacetimidate,logistic_regression,structure_only,split_random_stratified,0.020110357726545097,0,0.69
477,31-010-CAS-10902642,1,b,trichloroacetimidate,logistic_regression,structure_only,split_random_stratified,0.99896129127387,1,0.69
480,31-614-CAS-44041067,1,b,trichloroacetimidate,logistic_regression,structure_only,split_random_stratified,0.9880815270675917,1,0.69
481,31-010-CAS-2015247,1,b,trichloroacetimidate,logistic_regression,structure_only,split_random_stratified,0.9744984389197293,1,0.69
482,31-010-CAS-7110317,0,a,trichloroacetimidate,logistic_regression,structure_only,split_random_stratified,0.004054526487953943,0,0.69
494,31-010-CAS-14792858,1,b,trichloroacetimidate,logistic_regression,structure_only,split_random_stratified,0.9998178094536159,1,0.69
518,31-010-CAS-14831299,0,a,trichloroacetimidate,logistic_regression,structure_only,split_random_stratified,0.0030349311625355938,0,0.69
527,31-010-CAS-10545007,0,a,trichloroacetimidate,logistic_regression,structure_only,split_random_stratified,0.3845731865699056,0,0.69
531,31-010-CAS-13346541,0,a,trichloroacetimidate,logistic_regression,structure_only,split_random_stratified,0.03166285464543862,0,0.69
535,31-010-CAS-1415329,1,b,trichloroacetimidate,logistic_regression,structure_only,split_random_stratified,0.5014541518466137,0,0.69
536,31-010-CAS-3485314,1,b,trichloroacetimidate,logistic_regression,structure_only,split_random_stratified,0.35811370940301374,0,0.69
540,31-010-CAS-14143291,1,b,trichloroacetimidate,logistic_regression,structure_only,split_random_stratified,0.3845731865699056,0,0.69
542,31-010-CAS-11210902,0,a,trichloroacetimidate,logistic_regression,structure_only,split_random_stratified,0.008269762082067035,0,0.69
552,31-010-CAS-8134904,0,a,trichloroacetimidate,logistic_regression,structure_only,split_random_stratified,0.5014541518466137,0,0.69
555,31-010-CAS-14658592,1,b,trichloroacetimidate,logistic_regression,structure_only,split_random_stratified,0.9837486921278455,1,0.69
565,31-010-CAS-5089795,0,a,trifluoroacetimidate,logistic_regression,structure_only,split_random_stratified,0.050695207577751804,0,0.69
572,31-013-CAS-6013588,0,a,trifluoroacetimidate,logistic_regression,structure_only,split_random_stratified,0.2801455053985556,0,0.69
573,31-010-CAS-22954860,0,a,trifluoroacetimidate,logistic_regression,structure_only,split_random_stratified,0.04770335975539372,0,0.69
587,31-614-CAS-41495813,0,a,trifluoroacetimidate,logistic_regression,structure_only,split_random_stratified,0.002708695911247747,0,0.69
590,31-010-CAS-8696313,1,b,trifluoroacetimidate,logistic_regression,structure_only,split_random_stratified,0.9410219913699706,1,0.69
600,31-010-CAS-22375200,1,b,trifluoroacetimidate,logistic_regression,structure_only,split_random_stratified,0.6958965563461063,1,0.69
607,31-010-CAS-19353817,0,a,trifluoroacetimidate,logistic_regression,structure_only,split_random_stratified,0.010141182318939417,0,0.69
619,31-614-CAS-35275420,1,b,trifluoroacetimidate,logistic_regression,structure_only,split_random_stratified,0.9783403870678815,1,0.69
629,31-010-CAS-23517749,1,b,trifluoroacetimidate,logistic_regression,structure_only,split_random_stratified,0.999993764038643,1,0.69
632,31-013-CAS-18528259,1,b,trifluoroacetimidate,logistic_regression,structure_only,split_random_stratified,0.9998837379040615,1,0.69
638,31-010-CAS-20875067,1,b,trifluoroacetimidate,logistic_regression,structure_only,split_random_stratified,0.9957231938581668,1,0.69
646,31-614-CAS-42575632,1,b,trifluoroacetimidate,logistic_regression,structure_only,split_random_stratified,0.9999378637394306,1,0.69
648,31-614-CAS-35275413,1,b,trifluoroacetimidate,logistic_regression,structure_only,split_random_stratified,0.9995332346452529,1,0.69
650,31-013-CAS-20074828,0,a,thioglycoside,logistic_regression,structure_only,split_random_stratified,0.005699905989378848,0,0.69
654,31-013-CAS-17381408,0,a,thioglycoside,logistic_regression,structure_only,split_random_stratified,0.002357105150915572,0,0.69
672,31-013-CAS-5609840,0,a,thioglycoside,logistic_regression,structure_only,split_random_stratified,0.0011703651514290527,0,0.69
688,31-013-CAS-308870,0,a,thioglycoside,logistic_regression,structure_only,split_random_stratified,0.012994833735119999,0,0.69
690,31-614-CAS-42125040,1,b,thioglycoside,logistic_regression,structure_only,split_random_stratified,0.18020759804650407,0,0.69
693,31-013-CAS-15220844,0,a,thioglycoside,logistic_regression,structure_only,split_random_stratified,0.33101151948895335,0,0.69
698,31-013-CAS-17243080,1,b,thioglycoside,logistic_regression,structure_only,split_random_stratified,0.9924172466147962,1,0.69
704,31-614-CAS-34701877,1,b,thioglycoside,logistic_regression,structure_only,split_random_stratified,0.9624145073272662,1,0.69
705,31-013-CAS-4509020,0,a,thioglycoside,logistic_regression,structure_only,split_random_stratified,0.00013417489503412378,0,0.69
717,31-013-CAS-22936260,0,a,thioglycoside,logistic_regression,structure_only,split_random_stratified,0.22166386493552376,0,0.69
718,31-614-CAS-34701884,1,b,thioglycoside,logistic_regression,structure_only,split_random_stratified,0.9297683872052572,1,0.69
720,31-013-CAS-13505033,0,a,thioglycoside,logistic_regression,structure_only,split_random_stratified,0.29612778386376903,0,0.69
722,31-013-CAS-21359610,0,a,thioglycoside,logistic_regression,structure_only,split_random_stratified,0.13988528210915313,0,0.69
726,31-013-CAS-14123962,0,a,thioglycoside,logistic_regression,structure_only,split_random_stratified,0.00429472036585748,0,0.69
746,31-013-CAS-3859968,0,a,thioglycoside,logistic_regression,structure_only,split_random_stratified,0.351575736602395,0,0.69
758,31-013-CAS-15920353,0,a,thioglycoside,logistic_regression,structure_only,split_random_stratified,0.07924322526855218,0,0.69
763,31-013-CAS-6495154,1,b,thioglycoside,logistic_regression,structure_only,split_random_stratified,0.40454938966139925,0,0.69
765,31-013-CAS-11369982,1,b,thioglycoside,logistic_regression,structure_only,split_random_stratified,0.40454938966139925,0,0.69
771,31-013-CAS-21359741,0,a,thioglycoside,logistic_regression,structure_only,split_random_stratified,0.023086363960441086,0,0.69
784,31-013-CAS-17243071,1,b,thioglycoside,logistic_regression,structure_only,split_random_stratified,0.9971488438180255,1,0.69
786,31-614-CAS-44137212,0,a,thioglycoside,logistic_regression,structure_only,split_random_stratified,0.0017616920559155318,0,0.69
787,31-013-CAS-10475617,1,b,thioglycoside,logistic_regression,structure_only,split_random_stratified,0.8983063814888049,1,0.69
788,31-013-CAS-13972345,1,b,thioglycoside,logistic_regression,structure_only,split_random_stratified,0.9673796411440098,1,0.69
798,31-013-CAS-1891598,0,a,thioglycoside,logistic_regression,structure_only,split_random_stratified,0.38111301941073067,0,0.69
802,31-013-CAS-22938507,1,b,thioglycoside,logistic_regression,structure_only,split_random_stratified,0.38111301941073067,0,0.69
803,31-013-CAS-23876375,0,a,thioglycoside,logistic_regression,structure_only,split_random_stratified,0.9950936543179458,1,0.69
808,31-013-CAS-9812928,0,a,thioglycoside,logistic_regression,structure_only,split_random_stratified,0.4695024752536066,0,0.69
811,31-013-CAS-12273664,1,b,thioglycoside,logistic_regression,structure_only,split_random_stratified,0.4695024752536066,0,0.69
818,31-013-CAS-8835573,0,a,thioglycoside,logistic_regression,structure_only,split_random_stratified,0.1523429566966294,0,0.69
830,31-013-CAS-21905513,1,b,thioglycoside,logistic_regression,structure_only,split_random_stratified,0.992513772676106,1,0.69
850,31-013-CAS-19733120,0,a,thioglycoside,logistic_regression,structure_only,split_random_stratified,0.19075334339168187,0,0.69
851,31-013-CAS-11213156,1,b,thioglycoside,logistic_regression,structure_only,split_random_stratified,0.9242202066204734,1,0.69
853,31-013-CAS-8454219,1,b,thioglycoside,logistic_regression,structure_only,split_random_stratified,0.8395435994223882,1,0.69
896,31-013-CAS-8933724,0,a,thioglycoside,logistic_regression,structure_only,split_random_stratified,0.31847014445400973,0,0.69
899,31-013-CAS-23877545,1,b,thioglycoside,logistic_regression,structure_only,split_random_stratified,0.06610447334936156,0,0.69
927,31-013-CAS-12459743,1,b,thioglycoside,logistic_regression,structure_only,split_random_stratified,0.8601229349909092,1,0.69
931,31-614-CAS-30873545,0,a,thioglycoside,logistic_regression,structure_only,split_random_stratified,0.21852576805452112,0,0.69
936,31-013-CAS-9549076,1,b,thioglycoside,logistic_regression,structure_only,split_random_stratified,0.9994351228951228,1,0.69
938,31-013-CAS-9933290,0,a,thioglycoside,logistic_regression,structure_only,split_random_stratified,0.008778346545814403,0,0.69
949,31-013-CAS-19796364,1,b,thioglycoside,logistic_regression,structure_only,split_random_stratified,0.9983914539714893,1,0.69
950,31-013-CAS-13137320,1,b,thioglycoside,logistic_regression,structure_only,split_random_stratified,0.9983914539714893,1,0.69
956,31-013-CAS-9655089,1,b,thioglycoside,logistic_regression,structure_only,split_random_stratified,0.15004889086169543,0,0.69
967,31-013-CAS-3859987,1,b,thioglycoside,logistic_regression,structure_only,split_random_stratified,0.11952517363574629,0,0.69
973,31-013-CAS-1712789,1,b,thioglycoside,logistic_regression,structure_only,split_random_stratified,0.20237233365818857,0,0.69
974,31-013-CAS-11796224,1,b,thioglycoside,logistic_regression,structure_only,split_random_stratified,0.20237233365818857,0,0.69
979,31-013-CAS-5063674,1,b,thioglycoside,logistic_regression,structure_only,split_random_stratified,0.9446022590713282,1,0.69
987,31-013-CAS-6023114,1,b,thioglycoside,logistic_regression,structure_only,split_random_stratified,0.16324907420197168,0,0.69
997,31-614-CAS-39684276,0,a,thioglycoside,logistic_regression,structure_only,split_random_stratified,0.0007187344412028092,0,0.69
1002,31-614-CAS-47697112,1,b,thioglycoside,logistic_regression,structure_only,split_random_stratified,0.07059042678590277,0,0.69
1003,31-614-CAS-27094234,0,a,thioglycoside,logistic_regression,structure_only,split_random_stratified,0.12052309259466669,0,0.69
1004,31-301-CAS-4805695,1,b,thioglycoside,logistic_regression,structure_only,split_random_stratified,0.9365182255245436,1,0.69
1007,31-013-CAS-9787141,1,b,thioglycoside,logistic_regression,structure_only,split_random_stratified,0.9994449551974981,1,0.69
1010,31-013-CAS-22252748,1,b,thioglycoside,logistic_regression,structure_only,split_random_stratified,0.9792536436608801,1,0.69
1013,31-013-CAS-7197673,0,a,thioglycoside,logistic_regression,structure_only,split_random_stratified,0.974563525202135,1,0.69
1016,31-013-CAS-20281584,1,b,thioglycoside,logistic_regression,structure_only,split_random_stratified,0.4070254350312174,0,0.69
1027,31-013-CAS-8833991,0,a,thioglycoside,logistic_regression,structure_only,split_random_stratified,0.012401041293943278,0,0.69
1032,31-013-CAS-3532904,1,b,thioglycoside,logistic_regression,structure_only,split_random_stratified,0.9325837153018883,1,0.69
1036,31-013-CAS-113679,1,b,thioglycoside,logistic_regression,structure_only,split_random_stratified,0.9506762411267792,1,0.69
1043,31-013-CAS-19733121,0,a,thioglycoside,logistic_regression,structure_only,split_random_stratified,0.10151216091977033,0,0.69
1045,31-013-CAS-7954210,0,a,thioglycoside,logistic_regression,structure_only,split_random_stratified,0.23186929931370528,0,0.69
1047,31-013-CAS-12680725,1,b,thioglycoside,logistic_regression,structure_only,split_random_stratified,0.016036917247299023,0,0.69
1049,31-013-CAS-7571329,1,b,thioglycoside,logistic_regression,structure_only,split_random_stratified,0.9408330501787191,1,0.69
1051,31-013-CAS-5482709,1,b,thioglycoside,logistic_regression,structure_only,split_random_stratified,0.9624409519078121,1,0.69
1055,31-013-CAS-11908517,1,b,thioglycoside,logistic_regression,structure_only,split_random_stratified,0.7751313011977314,1,0.69
1063,31-301-CAS-8308590,1,b,thioglycoside,logistic_regression,structure_only,split_random_stratified,0.6612007468608728,0,0.69
1071,31-013-CAS-6440966,1,b,thioglycoside,logistic_regression,structure_only,split_random_stratified,0.981686451292252,1,0.69
1081,31-013-CAS-22664054,0,a,thioglycoside,logistic_regression,structure_only,split_random_stratified,0.7006385053029228,1,0.69
1086,31-013-CAS-6864875,0,a,thioglycoside,logistic_regression,structure_only,split_random_stratified,0.06504149200869572,0,0.69
1096,31-013-CAS-8679459,0,a,thioglycoside,logistic_regression,structure_only,split_random_stratified,0.010624348096528733,0,0.69
1097,31-013-CAS-1889585,0,a,thioglycoside,logistic_regression,structure_only,split_random_stratified,0.010624348096528733,0,0.69
1105,31-614-CAS-32458097,0,a,thioglycoside,logistic_regression,structure_only,split_random_stratified,0.10193467873147893,0,0.69
1109,31-013-CAS-10851823,1,b,thioglycoside,logistic_regression,structure_only,split_random_stratified,0.9973224589813023,1,0.69
1115,31-013-CAS-14147258,1,b,thioglycoside,logistic_regression,structure_only,split_random_stratified,0.9988912469534684,1,0.69
1130,31-614-CAS-40361044,1,b,thioglycoside,logistic_regression,structure_only,split_random_stratified,0.9990630524741975,1,0.69
1135,31-013-CAS-10173116,1,b,thioglycoside,logistic_regression,structure_only,split_random_stratified,0.9939753810861294,1,0.69
1137,31-013-CAS-9961430,0,a,thioglycoside,logistic_regression,structure_only,split_random_stratified,0.02012231322756407,0,0.69
1141,31-013-CAS-17791367,0,a,thioglycoside,logistic_regression,structure_only,split_random_stratified,0.003146850213766093,0,0.69
1152,31-013-CAS-6871905,0,a,thioglycoside,logistic_regression,structure_only,split_random_stratified,0.9955205588160944,1,0.69
1153,31-013-CAS-8455590,0,a,thioglycoside,logistic_regression,structure_only,split_random_stratified,0.7233463299620975,1,0.69
1157,31-006-CAS-16647345,1,b,thioglycoside,logistic_regression,structure_only,split_random_stratified,0.5022439217557434,0,0.69
1162,31-013-CAS-9669067,1,b,thioglycoside,logistic_regression,structure_only,split_random_stratified,0.08365564634107707,0,0.69
1163,31-013-CAS-11323810,0,a,thioglycoside,logistic_regression,structure_only,split_random_stratified,0.007694458391774436,0,0.69
1166,31-013-CAS-553402,1,b,thioglycoside,logistic_regression,structure_only,split_random_stratified,0.5450121139134211,0,0.69
1172,31-013-CAS-10549598,0,a,thioglycoside,logistic_regression,structure_only,split_random_stratified,0.0022178352504344527,0,0.69
1179,31-013-CAS-21013700,1,b,thioglycoside,logistic_regression,structure_only,split_random_stratified,0.994745983594601,1,0.69
1180,31-013-CAS-992775,1,b,thioglycoside,logistic_regression,structure_only,split_random_stratified,0.8964071877572743,1,0.69
1181,31-013-CAS-19796379,1,b,thioglycoside,logistic_regression,structure_only,split_random_stratified,0.998075380613856,1,0.69
1182,31-013-CAS-12326620,0,a,thioglycoside,logistic_regression,structure_only,split_random_stratified,0.000851922067363812,0,0.69
1187,31-013-CAS-14640673,0,a,thioglycoside,logistic_regression,structure_only,split_random_stratified,0.3391548560243453,0,0.69
1189,31-013-CAS-7955565,1,b,thioglycoside,logistic_regression,structure_only,split_random_stratified,0.9988409541604463,1,0.69
1192,31-013-CAS-4659620,1,b,thioglycoside,logistic_regression,structure_only,split_random_stratified,0.9966399588299661,1,0.69
1213,31-614-CAS-24503700,1,b,thioglycoside,logistic_regression,structure_only,split_random_stratified,0.8751404001626132,1,0.69
1234,31-013-CAS-17024986,0,a,thioglycoside,logistic_regression,structure_only,split_random_stratified,0.8360365190230606,1,0.69
1239,31-614-CAS-34954209,1,b,thioglycoside,logistic_regression,structure_only,split_random_stratified,0.6387916154289767,0,0.69
1243,31-013-CAS-12548374,1,b,thioglycoside,logistic_regression,structure_only,split_random_stratified,0.9197785425754378,1,0.69
1272,31-013-CAS-18353673,1,b,thioglycoside,logistic_regression,structure_only,split_random_stratified,0.9924931615704368,1,0.69
1277,31-013-CAS-11595421,1,b,thioglycoside,logistic_regression,structure_only,split_random_stratified,0.9967774439850211,1,0.69
1278,31-013-CAS-16173156,0,a,thioglycoside,logistic_regression,structure_only,split_random_stratified,0.18789479591576905,0,0.69
1280,31-614-CAS-34954204,0,a,thioglycoside,logistic_regression,structure_only,split_random_stratified,0.5316536068866928,0,0.69
1297,31-013-CAS-10911479,1,b,thioglycoside,logistic_regression,structure_only,split_random_stratified,0.9665512121367452,1,0.69
1311,31-013-CAS-12967646,1,b,thioglycoside,logistic_regression,structure_only,split_random_stratified,0.9835544938654254,1,0.69
1332,31-614-CAS-28172097,1,b,thioglycoside,logistic_regression,structure_only,split_random_stratified,0.9992480979165176,1,0.69
1339,31-013-CAS-10274383,1,b,thioglycoside,logistic_regression,structure_only,split_random_stratified,0.9984036000748523,1,0.69
1344,31-013-CAS-20825259,1,b,thioglycoside,logistic_regression,structure_only,split_random_stratified,0.8636318553732467,1,0.69
1358,31-013-CAS-3114823,0,a,thioglycoside,logistic_regression,structure_only,split_random_stratified,0.010898976175997601,0,0.69
1359,31-013-CAS-22357494,0,a,thioglycoside,logistic_regression,structure_only,split_random_stratified,0.5323797376173888,0,0.69
1366,31-013-CAS-1252855,0,a,thioglycoside,logistic_regression,structure_only,split_random_stratified,0.18621854370141877,0,0.69
1377,31-013-CAS-20623543,1,b,thioglycoside,logistic_regression,structure_only,split_random_stratified,0.9758051265659703,1,0.69
1385,31-013-CAS-20519350,1,b,thioglycoside,logistic_regression,structure_only,split_random_stratified,0.965884172235359,1,0.69
1396,31-614-CAS-29322574,1,b,thioglycoside,logistic_regression,structure_only,split_random_stratified,0.9999094492035071,1,0.69
1404,31-013-CAS-13253389,1,b,thioglycoside,logistic_regression,structure_only,split_random_stratified,0.958559783971969,1,0.69
1406,31-013-CAS-9638871,1,b,thioglycoside,logistic_regression,structure_only,split_random_stratified,0.9996320064307731,1,0.69
1414,31-013-CAS-3282710,1,b,thioglycoside,logistic_regression,structure_only,split_random_stratified,0.9558354075890187,1,0.69
1427,31-013-CAS-14626746,0,a,thioglycoside,logistic_regression,structure_only,split_random_stratified,0.03769931800521577,0,0.69
1432,31-013-CAS-11006436,1,b,thioglycoside,logistic_regression,structure_only,split_random_stratified,0.9798796953551193,1,0.69
1442,31-013-CAS-13946827,0,a,thioglycoside,logistic_regression,structure_only,split_random_stratified,0.40390589053590076,0,0.69
1444,31-013-CAS-9511600,1,b,thioglycoside,logistic_regression,structure_only,split_random_stratified,0.9993688372062605,1,0.69
1449,31-013-CAS-15499890,1,b,thioglycoside,logistic_regression,structure_only,split_random_stratified,0.9861307241323775,1,0.69
1468,31-013-CAS-6531232,0,a,thioglycoside,logistic_regression,structure_only,split_random_stratified,0.14784709864791376,0,0.69
1471,31-013-CAS-1922953,1,b,thioglycoside,logistic_regression,structure_only,split_random_stratified,0.9981729219909764,1,0.69
1476,31-013-CAS-667641,1,b,thioglycoside,logistic_regression,structure_only,split_random_stratified,0.9973469797700774,1,0.69
1479,31-013-CAS-14176615,1,b,thioglycoside,logistic_regression,structure_only,split_random_stratified,0.9994358928357585,1,0.69
1483,31-013-CAS-8624016,1,b,thioglycoside,logistic_regression,structure_only,split_random_stratified,0.9882610960735065,1,0.69
1492,31-614-CAS-36830124,1,b,thioglycoside,logistic_regression,structure_only,split_random_stratified,0.9973445363832174,1,0.69
1493,31-614-CAS-36830119,1,b,thioglycoside,logistic_regression,structure_only,split_random_stratified,0.9872971867548967,1,0.69
1494,31-013-CAS-5792629,0,a,thioglycoside,logistic_regression,structure_only,split_random_stratified,0.4087290907806943,0,0.69
1495,31-013-CAS-7451088,1,b,thioglycoside,logistic_regression,structure_only,split_random_stratified,0.9969802307184493,1,0.69
1498,31-614-CAS-36745363,1,b,thioglycoside,logistic_regression,structure_only,split_random_stratified,0.9999939049872768,1,0.69
1509,31-013-CAS-7376345,0,a,thioglycoside,logistic_regression,structure_only,split_random_stratified,0.257697400117515,0,0.69
1510,31-013-CAS-7371728,1,b,thioglycoside,logistic_regression,structure_only,split_random_stratified,0.9996318808386245,1,0.69
1513,31-013-CAS-14230652,1,b,thioglycoside,logistic_regression,structure_only,split_random_stratified,0.97133165457077,1,0.69
1524,31-013-CAS-15942087,1,b,thioglycoside,logistic_regression,structure_only,split_random_stratified,0.9988207731938163,1,0.69
1532,31-614-CAS-41884159,0,a,thioglycoside,logistic_regression,structure_only,split_random_stratified,0.026712919488053818,0,0.69
1538,31-614-CAS-30686019,1,b,thioglycoside,logistic_regression,structure_only,split_random_stratified,0.9980706499499106,1,0.69
1542,31-013-CAS-21774311,0,a,thioglycoside,logistic_regression,structure_only,split_random_stratified,0.01652649403635452,0,0.69
1544,31-614-CAS-37959617,0,a,thioglycoside,logistic_regression,structure_only,split_random_stratified,0.028388150503036284,0,0.69
1545,31-013-CAS-16486920,1,b,thioglycoside,logistic_regression,structure_only,split_random_stratified,0.9996862562386173,1,0.69
1557,31-013-CAS-7574988,1,b,thioglycoside,logistic_regression,structure_only,split_random_stratified,0.9991090295935104,1,0.69
14,31-010-CAS-7636404,1,b,trichloroacetimidate,random_forest,structure_only,split_random_stratified,0.9439541000346541,1,0.575
22,31-010-CAS-6541067,1,b,trichloroacetimidate,random_forest,structure_only,split_random_stratified,0.9125372977170466,1,0.575
23,31-010-CAS-12435719,1,b,trichloroacetimidate,random_forest,structure_only,split_random_stratified,0.9170201337840445,1,0.575
26,31-614-CAS-31203171,0,a,trichloroacetimidate,random_forest,structure_only,split_random_stratified,0.7509672507231784,1,0.575
35,31-010-CAS-16059825,0,a,trichloroacetimidate,random_forest,structure_only,split_random_stratified,0.37564168118172203,0,0.575
37,31-010-CAS-4938490,1,b,trichloroacetimidate,random_forest,structure_only,split_random_stratified,0.8813497966402171,1,0.575
40,31-010-CAS-2030010,1,b,trichloroacetimidate,random_forest,structure_only,split_random_stratified,0.8100334096142382,1,0.575
50,31-614-CAS-24990873,0,a,trichloroacetimidate,random_forest,structure_only,split_random_stratified,0.613168356123558,1,0.575
65,31-010-CAS-6929657,0,a,trichloroacetimidate,random_forest,structure_only,split_random_stratified,0.29368176398903256,0,0.575
75,31-010-CAS-1428434,1,b,trichloroacetimidate,random_forest,structure_only,split_random_stratified,0.9110347075838393,1,0.575
88,31-010-CAS-13632893,1,b,trichloroacetimidate,random_forest,structure_only,split_random_stratified,0.9547687095358668,1,0.575
103,31-010-CAS-5152732,0,a,trichloroacetimidate,random_forest,structure_only,split_random_stratified,0.24844807126730387,0,0.575
120,31-010-CAS-8132868,1,b,trichloroacetimidate,random_forest,structure_only,split_random_stratified,0.9843928821121739,1,0.575
126,31-010-CAS-16569614,1,b,trichloroacetimidate,random_forest,structure_only,split_random_stratified,0.7943787109919109,1,0.575
139,31-010-CAS-10336392,1,b,trichloroacetimidate,random_forest,structure_only,split_random_stratified,0.9754914097743752,1,0.575
147,31-010-CAS-16717556,1,b,trichloroacetimidate,random_forest,structure_only,split_random_stratified,0.9725373814163157,1,0.575
157,31-010-CAS-23202756,1,b,trichloroacetimidate,random_forest,structure_only,split_random_stratified,0.8735030915266283,1,0.575
160,31-010-CAS-8349698,1,b,trichloroacetimidate,random_forest,structure_only,split_random_stratified,0.9922309263121355,1,0.575
173,31-010-CAS-11639207,1,b,trichloroacetimidate,random_forest,structure_only,split_random_stratified,0.5853019287563739,1,0.575
177,31-010-CAS-2453120,1,b,trichloroacetimidate,random_forest,structure_only,split_random_stratified,0.9730797290262229,1,0.575
179,31-010-CAS-20996842,1,b,trichloroacetimidate,random_forest,structure_only,split_random_stratified,0.9818297521644151,1,0.575
180,31-010-CAS-7801504,1,b,trichloroacetimidate,random_forest,structure_only,split_random_stratified,0.9633528101969572,1,0.575
184,31-010-CAS-12105858,1,b,trichloroacetimidate,random_forest,structure_only,split_random_stratified,0.8348772521349772,1,0.575
199,31-010-CAS-8475811,1,b,trichloroacetimidate,random_forest,structure_only,split_random_stratified,0.497670857131581,0,0.575
202,31-010-CAS-10742937,1,b,trichloroacetimidate,random_forest,structure_only,split_random_stratified,0.9074957243760853,1,0.575
204,31-010-CAS-16546346,1,b,trichloroacetimidate,random_forest,structure_only,split_random_stratified,0.6154770939681425,1,0.575
206,31-010-CAS-14206798,1,b,trichloroacetimidate,random_forest,structure_only,split_random_stratified,0.9676387180092542,1,0.575
211,31-010-CAS-16419863,0,a,trichloroacetimidate,random_forest,structure_only,split_random_stratified,0.22223145894041635,0,0.575
212,31-010-CAS-5837683,1,b,trichloroacetimidate,random_forest,structure_only,split_random_stratified,0.8500080099178873,1,0.575
213,31-010-CAS-11980647,1,b,trichloroacetimidate,random_forest,structure_only,split_random_stratified,0.8496371858652926,1,0.575
214,31-010-CAS-978790,0,a,trichloroacetimidate,random_forest,structure_only,split_random_stratified,0.2526181374752956,0,0.575
219,31-010-CAS-3920193,0,a,trichloroacetimidate,random_forest,structure_only,split_random_stratified,0.016324971345182553,0,0.575
224,31-010-CAS-11159083,1,b,trichloroacetimidate,random_forest,structure_only,split_random_stratified,0.9135172068888634,1,0.575
229,31-010-CAS-11253839,1,b,trichloroacetimidate,random_forest,structure_only,split_random_stratified,0.9303829568304157,1,0.575
232,31-010-CAS-11268512,0,a,trichloroacetimidate,random_forest,structure_only,split_random_stratified,0.13146170523393355,0,0.575
238,31-010-CAS-2752672,1,b,trichloroacetimidate,random_forest,structure_only,split_random_stratified,0.9940219450173842,1,0.575
241,31-010-CAS-14863653,1,b,trichloroacetimidate,random_forest,structure_only,split_random_stratified,0.5016810085355065,0,0.575
243,31-010-CAS-13659910,1,b,trichloroacetimidate,random_forest,structure_only,split_random_stratified,0.8957332651855935,1,0.575
250,31-010-CAS-1767038,0,a,trichloroacetimidate,random_forest,structure_only,split_random_stratified,0.44825002248343554,0,0.575
254,31-010-CAS-12015352,1,b,trichloroacetimidate,random_forest,structure_only,split_random_stratified,0.8578476193970029,1,0.575
260,31-010-CAS-18605825,1,b,trichloroacetimidate,random_forest,structure_only,split_random_stratified,0.8909033312518788,1,0.575
266,31-010-CAS-3244651,1,b,trichloroacetimidate,random_forest,structure_only,split_random_stratified,0.9471687682831326,1,0.575
268,31-010-CAS-4044654,1,b,trichloroacetimidate,random_forest,structure_only,split_random_stratified,0.9542499398144613,1,0.575
283,31-010-CAS-8507735,1,b,trichloroacetimidate,random_forest,structure_only,split_random_stratified,0.9838681042816323,1,0.575
286,31-010-CAS-8307308,1,b,trichloroacetimidate,random_forest,structure_only,split_random_stratified,0.5956266410535123,1,0.575
290,31-010-CAS-19796358,1,b,trichloroacetimidate,random_forest,structure_only,split_random_stratified,0.9790083206806601,1,0.575
299,31-010-CAS-13182905,0,a,trichloroacetimidate,random_forest,structure_only,split_random_stratified,0.3499997720177025,0,0.575
321,31-010-CAS-11535237,1,b,trichloroacetimidate,random_forest,structure_only,split_random_stratified,0.8983857017216822,1,0.575
324,31-010-CAS-16630393,1,b,trichloroacetimidate,random_forest,structure_only,split_random_stratified,0.8922981729098888,1,0.575
329,31-010-CAS-12672266,1,b,trichloroacetimidate,random_forest,structure_only,split_random_stratified,0.36110384812216734,0,0.575
334,31-010-CAS-21359677,1,b,trichloroacetimidate,random_forest,structure_only,split_random_stratified,0.9224564438940752,1,0.575
363,31-010-CAS-3241716,1,b,trichloroacetimidate,random_forest,structure_only,split_random_stratified,0.977636353782359,1,0.575
368,31-010-CAS-21359655,1,b,trichloroacetimidate,random_forest,structure_only,split_random_stratified,0.982284889372264,1,0.575
373,31-010-CAS-14406507,1,b,trichloroacetimidate,random_forest,structure_only,split_random_stratified,0.9852882401720848,1,0.575
379,31-010-CAS-5890484,1,b,trichloroacetimidate,random_forest,structure_only,split_random_stratified,0.983385580046666,1,0.575
394,31-010-CAS-2020028,0,a,trichloroacetimidate,random_forest,structure_only,split_random_stratified,0.36110384812216734,0,0.575
400,31-010-CAS-15131203,1,b,trichloroacetimidate,random_forest,structure_only,split_random_stratified,0.36110384812216734,0,0.575
401,31-010-CAS-8102873,0,a,trichloroacetimidate,random_forest,structure_only,split_random_stratified,0.3568687463851855,0,0.575
414,31-010-CAS-5438768,0,a,trichloroacetimidate,random_forest,structure_only,split_random_stratified,0.10199056659822747,0,0.575
416,31-010-CAS-8748980,0,a,trichloroacetimidate,random_forest,structure_only,split_random_stratified,0.36110384812216734,0,0.575
419,31-010-CAS-16582633,1,b,trichloroacetimidate,random_forest,structure_only,split_random_stratified,0.2888443022900519,0,0.575
422,31-010-CAS-21359658,1,b,trichloroacetimidate,random_forest,structure_only,split_random_stratified,0.9593748908397737,1,0.575
427,31-010-CAS-2953436,1,b,trichloroacetimidate,random_forest,structure_only,split_random_stratified,0.9641017444606461,1,0.575
430,31-010-CAS-1018725,1,b,trichloroacetimidate,random_forest,structure_only,split_random_stratified,0.9219133117457159,1,0.575
431,31-010-CAS-21359681,1,b,trichloroacetimidate,random_forest,structure_only,split_random_stratified,0.9254871116123212,1,0.575
450,31-010-CAS-5494498,0,a,trichloroacetimidate,random_forest,structure_only,split_random_stratified,0.09068066458445782,0,0.575
452,31-010-CAS-12552790,1,b,trichloroacetimidate,random_forest,structure_only,split_random_stratified,0.9533638971870143,1,0.575
459,31-010-CAS-11303200,1,b,trichloroacetimidate,random_forest,structure_only,split_random_stratified,0.9158919169256808,1,0.575
463,31-010-CAS-2797002,0,a,trichloroacetimidate,random_forest,structure_only,split_random_stratified,0.11427393262334005,0,0.575
467,31-010-CAS-2634829,0,a,trichloroacetimidate,random_forest,structure_only,split_random_stratified,0.2837846068528077,0,0.575
477,31-010-CAS-10902642,1,b,trichloroacetimidate,random_forest,structure_only,split_random_stratified,0.920499358520838,1,0.575
480,31-614-CAS-44041067,1,b,trichloroacetimidate,random_forest,structure_only,split_random_stratified,0.8391112336557023,1,0.575
481,31-010-CAS-2015247,1,b,trichloroacetimidate,random_forest,structure_only,split_random_stratified,0.8915849458151118,1,0.575
482,31-010-CAS-7110317,0,a,trichloroacetimidate,random_forest,structure_only,split_random_stratified,0.19248887652342633,0,0.575
494,31-010-CAS-14792858,1,b,trichloroacetimidate,random_forest,structure_only,split_random_stratified,0.9542108760936346,1,0.575
518,31-010-CAS-14831299,0,a,trichloroacetimidate,random_forest,structure_only,split_random_stratified,0.009347487462163314,0,0.575
527,31-010-CAS-10545007,0,a,trichloroacetimidate,random_forest,structure_only,split_random_stratified,0.36110384812216734,0,0.575
531,31-010-CAS-13346541,0,a,trichloroacetimidate,random_forest,structure_only,split_random_stratified,0.2854838413950053,0,0.575
535,31-010-CAS-1415329,1,b,trichloroacetimidate,random_forest,structure_only,split_random_stratified,0.5666840083769092,0,0.575
536,31-010-CAS-3485314,1,b,trichloroacetimidate,random_forest,structure_only,split_random_stratified,0.3621526469488176,0,0.575
540,31-010-CAS-14143291,1,b,trichloroacetimidate,random_forest,structure_only,split_random_stratified,0.36110384812216734,0,0.575
542,31-010-CAS-11210902,0,a,trichloroacetimidate,random_forest,structure_only,split_random_stratified,0.17217090857745368,0,0.575
552,31-010-CAS-8134904,0,a,trichloroacetimidate,random_forest,structure_only,split_random_stratified,0.5666840083769092,0,0.575
555,31-010-CAS-14658592,1,b,trichloroacetimidate,random_forest,structure_only,split_random_stratified,0.9090291193663808,1,0.575
565,31-010-CAS-5089795,0,a,trifluoroacetimidate,random_forest,structure_only,split_random_stratified,0.10499120904591684,0,0.575
572,31-013-CAS-6013588,0,a,trifluoroacetimidate,random_forest,structure_only,split_random_stratified,0.1864209504526623,0,0.575
573,31-010-CAS-22954860,0,a,trifluoroacetimidate,random_forest,structure_only,split_random_stratified,0.14944055732704595,0,0.575
587,31-614-CAS-41495813,0,a,trifluoroacetimidate,random_forest,structure_only,split_random_stratified,0.17705222921707,0,0.575
590,31-010-CAS-8696313,1,b,trifluoroacetimidate,random_forest,structure_only,split_random_stratified,0.9068568105667644,1,0.575
600,31-010-CAS-22375200,1,b,trifluoroacetimidate,random_forest,structure_only,split_random_stratified,0.630873225450823,1,0.575
607,31-010-CAS-19353817,0,a,trifluoroacetimidate,random_forest,structure_only,split_random_stratified,0.20351728849540401,0,0.575
619,31-614-CAS-35275420,1,b,trifluoroacetimidate,random_forest,structure_only,split_random_stratified,0.8066423796465446,1,0.575
629,31-010-CAS-23517749,1,b,trifluoroacetimidate,random_forest,structure_only,split_random_stratified,0.964739652433169,1,0.575
632,31-013-CAS-18528259,1,b,trifluoroacetimidate,random_forest,structure_only,split_random_stratified,0.6882002912179492,1,0.575
638,31-010-CAS-20875067,1,b,trifluoroacetimidate,random_forest,structure_only,split_random_stratified,0.9884653497068084,1,0.575
646,31-614-CAS-42575632,1,b,trifluoroacetimidate,random_forest,structure_only,split_random_stratified,0.934349326093545,1,0.575
648,31-614-CAS-35275413,1,b,trifluoroacetimidate,random_forest,structure_only,split_random_stratified,0.8748567824679596,1,0.575
650,31-013-CAS-20074828,0,a,thioglycoside,random_forest,structure_only,split_random_stratified,0.020584800577033414,0,0.575
654,31-013-CAS-17381408,0,a,thioglycoside,random_forest,structure_only,split_random_stratified,0.008377869795133205,0,0.575
672,31-013-CAS-5609840,0,a,thioglycoside,random_forest,structure_only,split_random_stratified,0.026692311106111106,0,0.575
688,31-013-CAS-308870,0,a,thioglycoside,random_forest,structure_only,split_random_stratified,0.5117680867443659,0,0.575
690,31-614-CAS-42125040,1,b,thioglycoside,random_forest,structure_only,split_random_stratified,0.6195739660037267,1,0.575
693,31-013-CAS-15220844,0,a,thioglycoside,random_forest,structure_only,split_random_stratified,0.3899827042770524,0,0.575
698,31-013-CAS-17243080,1,b,thioglycoside,random_forest,structure_only,split_random_stratified,0.7329840439291136,1,0.575
704,31-614-CAS-34701877,1,b,thioglycoside,random_forest,structure_only,split_random_stratified,0.6596574287971941,1,0.575
705,31-013-CAS-4509020,0,a,thioglycoside,random_forest,structure_only,split_random_stratified,0.032113846270573815,0,0.575
717,31-013-CAS-22936260,0,a,thioglycoside,random_forest,structure_only,split_random_stratified,0.28847421492095676,0,0.575
718,31-614-CAS-34701884,1,b,thioglycoside,random_forest,structure_only,split_random_stratified,0.5122093818622451,0,0.575
720,31-013-CAS-13505033,0,a,thioglycoside,random_forest,structure_only,split_random_stratified,0.29651381978049424,0,0.575
722,31-013-CAS-21359610,0,a,thioglycoside,random_forest,structure_only,split_random_stratified,0.1452741281009442,0,0.575
726,31-013-CAS-14123962,0,a,thioglycoside,random_forest,structure_only,split_random_stratified,0.014814252770609973,0,0.575
746,31-013-CAS-3859968,0,a,thioglycoside,random_forest,structure_only,split_random_stratified,0.6589433378026868,1,0.575
758,31-013-CAS-15920353,0,a,thioglycoside,random_forest,structure_only,split_random_stratified,0.06735053575016908,0,0.575
763,31-013-CAS-6495154,1,b,thioglycoside,random_forest,structure_only,split_random_stratified,0.32950882011463445,0,0.575
765,31-013-CAS-11369982,1,b,thioglycoside,random_forest,structure_only,split_random_stratified,0.32950882011463445,0,0.575
771,31-013-CAS-21359741,0,a,thioglycoside,random_forest,structure_only,split_random_stratified,0.025974628643610467,0,0.575
784,31-013-CAS-17243071,1,b,thioglycoside,random_forest,structure_only,split_random_stratified,0.7753866092182058,1,0.575
786,31-614-CAS-44137212,0,a,thioglycoside,random_forest,structure_only,split_random_stratified,0.13525745448223858,0,0.575
787,31-013-CAS-10475617,1,b,thioglycoside,random_forest,structure_only,split_random_stratified,0.38996846393523826,0,0.575
788,31-013-CAS-13972345,1,b,thioglycoside,random_forest,structure_only,split_random_stratified,0.7134726824506106,1,0.575
798,31-013-CAS-1891598,0,a,thioglycoside,random_forest,structure_only,split_random_stratified,0.4211669915572807,0,0.575
802,31-013-CAS-22938507,1,b,thioglycoside,random_forest,structure_only,split_random_stratified,0.4211669915572807,0,0.575
803,31-013-CAS-23876375,0,a,thioglycoside,random_forest,structure_only,split_random_stratified,0.9140963896185443,1,0.575
808,31-013-CAS-9812928,0,a,thioglycoside,random_forest,structure_only,split_random_stratified,0.3997589839903933,0,0.575
811,31-013-CAS-12273664,1,b,thioglycoside,random_forest,structure_only,split_random_stratified,0.3997589839903933,0,0.575
818,31-013-CAS-8835573,0,a,thioglycoside,random_forest,structure_only,split_random_stratified,0.41761280877170875,0,0.575
830,31-013-CAS-21905513,1,b,thioglycoside,random_forest,structure_only,split_random_stratified,0.8103530214121801,1,0.575
850,31-013-CAS-19733120,0,a,thioglycoside,random_forest,structure_only,split_random_stratified,0.28618989233032,0,0.575
851,31-013-CAS-11213156,1,b,thioglycoside,random_forest,structure_only,split_random_stratified,0.635939070342637,1,0.575
853,31-013-CAS-8454219,1,b,thioglycoside,random_forest,structure_only,split_random_stratified,0.7090793971435172,1,0.575
896,31-013-CAS-8933724,0,a,thioglycoside,random_forest,structure_only,split_random_stratified,0.16411543758419403,0,0.575
899,31-013-CAS-23877545,1,b,thioglycoside,random_forest,structure_only,split_random_stratified,0.17900707985641365,0,0.575
927,31-013-CAS-12459743,1,b,thioglycoside,random_forest,structure_only,split_random_stratified,0.6228501631470228,1,0.575
931,31-614-CAS-30873545,0,a,thioglycoside,random_forest,structure_only,split_random_stratified,0.2081443743614826,0,0.575
936,31-013-CAS-9549076,1,b,thioglycoside,random_forest,structure_only,split_random_stratified,0.9235838625582261,1,0.575
938,31-013-CAS-9933290,0,a,thioglycoside,random_forest,structure_only,split_random_stratified,0.03747393647193326,0,0.575
949,31-013-CAS-19796364,1,b,thioglycoside,random_forest,structure_only,split_random_stratified,0.8100155105198807,1,0.575
950,31-013-CAS-13137320,1,b,thioglycoside,random_forest,structure_only,split_random_stratified,0.8100155105198807,1,0.575
956,31-013-CAS-9655089,1,b,thioglycoside,random_forest,structure_only,split_random_stratified,0.27974689936897296,0,0.575
967,31-013-CAS-3859987,1,b,thioglycoside,random_forest,structure_only,split_random_stratified,0.22806266154294894,0,0.575
973,31-013-CAS-1712789,1,b,thioglycoside,random_forest,structure_only,split_random_stratified,0.20578920197913264,0,0.575
974,31-013-CAS-11796224,1,b,thioglycoside,random_forest,structure_only,split_random_stratified,0.20578920197913264,0,0.575
979,31-013-CAS-5063674,1,b,thioglycoside,random_forest,structure_only,split_random_stratified,0.8023287268774065,1,0.575
987,31-013-CAS-6023114,1,b,thioglycoside,random_forest,structure_only,split_random_stratified,0.24222567145870472,0,0.575
997,31-614-CAS-39684276,0,a,thioglycoside,random_forest,structure_only,split_random_stratified,0.12341252312430451,0,0.575
1002,31-614-CAS-47697112,1,b,thioglycoside,random_forest,structure_only,split_random_stratified,0.518320443947431,0,0.575
1003,31-614-CAS-27094234,0,a,thioglycoside,random_forest,structure_only,split_random_stratified,0.3298279055079613,0,0.575
1004,31-301-CAS-4805695,1,b,thioglycoside,random_forest,structure_only,split_random_stratified,0.8522372422048651,1,0.575
1007,31-013-CAS-9787141,1,b,thioglycoside,random_forest,structure_only,split_random_stratified,0.8928596337537029,1,0.575
1010,31-013-CAS-22252748,1,b,thioglycoside,random_forest,structure_only,split_random_stratified,0.8351124880071483,1,0.575
1013,31-013-CAS-7197673,0,a,thioglycoside,random_forest,structure_only,split_random_stratified,0.5976078471262479,1,0.575
1016,31-013-CAS-20281584,1,b,thioglycoside,random_forest,structure_only,split_random_stratified,0.3524441112372031,0,0.575
1027,31-013-CAS-8833991,0,a,thioglycoside,random_forest,structure_only,split_random_stratified,0.1229393885882281,0,0.575
1032,31-013-CAS-3532904,1,b,thioglycoside,random_forest,structure_only,split_random_stratified,0.7134658092138311,1,0.575
1036,31-013-CAS-113679,1,b,thioglycoside,random_forest,structure_only,split_random_stratified,0.7711039339195738,1,0.575
1043,31-013-CAS-19733121,0,a,thioglycoside,random_forest,structure_only,split_random_stratified,0.1588769873936618,0,0.575
1045,31-013-CAS-7954210,0,a,thioglycoside,random_forest,structure_only,split_random_stratified,0.4319006387561155,0,0.575
1047,31-013-CAS-12680725,1,b,thioglycoside,random_forest,structure_only,split_random_stratified,0.42804751881489184,0,0.575
1049,31-013-CAS-7571329,1,b,thioglycoside,random_forest,structure_only,split_random_stratified,0.8040626323164625,1,0.575
1051,31-013-CAS-5482709,1,b,thioglycoside,random_forest,structure_only,split_random_stratified,0.7675506941114827,1,0.575
1055,31-013-CAS-11908517,1,b,thioglycoside,random_forest,structure_only,split_random_stratified,0.7200657910859007,1,0.575
1063,31-301-CAS-8308590,1,b,thioglycoside,random_forest,structure_only,split_random_stratified,0.6401911452399739,1,0.575
1071,31-013-CAS-6440966,1,b,thioglycoside,random_forest,structure_only,split_random_stratified,0.8011182701835403,1,0.575
1081,31-013-CAS-22664054,0,a,thioglycoside,random_forest,structure_only,split_random_stratified,0.4891296857971075,0,0.575
1086,31-013-CAS-6864875,0,a,thioglycoside,random_forest,structure_only,split_random_stratified,0.27770572323513004,0,0.575
1096,31-013-CAS-8679459,0,a,thioglycoside,random_forest,structure_only,split_random_stratified,0.05206751110804457,0,0.575
1097,31-013-CAS-1889585,0,a,thioglycoside,random_forest,structure_only,split_random_stratified,0.05206751110804457,0,0.575
1105,31-614-CAS-32458097,0,a,thioglycoside,random_forest,structure_only,split_random_stratified,0.13328454245892044,0,0.575
1109,31-013-CAS-10851823,1,b,thioglycoside,random_forest,structure_only,split_random_stratified,0.8756027193424015,1,0.575
1115,31-013-CAS-14147258,1,b,thioglycoside,random_forest,structure_only,split_random_stratified,0.9699051997786855,1,0.575
1130,31-614-CAS-40361044,1,b,thioglycoside,random_forest,structure_only,split_random_stratified,0.8946294571136002,1,0.575
1135,31-013-CAS-10173116,1,b,thioglycoside,random_forest,structure_only,split_random_stratified,0.8809491567967901,1,0.575
1137,31-013-CAS-9961430,0,a,thioglycoside,random_forest,structure_only,split_random_stratified,0.08886939612659503,0,0.575
1141,31-013-CAS-17791367,0,a,thioglycoside,random_forest,structure_only,split_random_stratified,0.07858996184531694,0,0.575
1152,31-013-CAS-6871905,0,a,thioglycoside,random_forest,structure_only,split_random_stratified,0.5812271227521416,1,0.575
1153,31-013-CAS-8455590,0,a,thioglycoside,random_forest,structure_only,split_random_stratified,0.5882659586251354,1,0.575
1157,31-006-CAS-16647345,1,b,thioglycoside,random_forest,structure_only,split_random_stratified,0.5896847201075989,1,0.575
1162,31-013-CAS-9669067,1,b,thioglycoside,random_forest,structure_only,split_random_stratified,0.25711175087910854,0,0.575
1163,31-013-CAS-11323810,0,a,thioglycoside,random_forest,structure_only,split_random_stratified,0.22152873592404865,0,0.575
1166,31-013-CAS-553402,1,b,thioglycoside,random_forest,structure_only,split_random_stratified,0.3276318946917346,0,0.575
1172,31-013-CAS-10549598,0,a,thioglycoside,random_forest,structure_only,split_random_stratified,0.06679838973572007,0,0.575
1179,31-013-CAS-21013700,1,b,thioglycoside,random_forest,structure_only,split_random_stratified,0.5338547217101021,0,0.575
1180,31-013-CAS-992775,1,b,thioglycoside,random_forest,structure_only,split_random_stratified,0.8911183421686332,1,0.575
1181,31-013-CAS-19796379,1,b,thioglycoside,random_forest,structure_only,split_random_stratified,0.9051624605984055,1,0.575
1182,31-013-CAS-12326620,0,a,thioglycoside,random_forest,structure_only,split_random_stratified,0.14208441788845633,0,0.575
1187,31-013-CAS-14640673,0,a,thioglycoside,random_forest,structure_only,split_random_stratified,0.5328666472181441,0,0.575
1189,31-013-CAS-7955565,1,b,thioglycoside,random_forest,structure_only,split_random_stratified,0.994854586264572,1,0.575
1192,31-013-CAS-4659620,1,b,thioglycoside,random_forest,structure_only,split_random_stratified,0.9873489405643516,1,0.575
1213,31-614-CAS-24503700,1,b,thioglycoside,random_forest,structure_only,split_random_stratified,0.838363161359428,1,0.575
1234,31-013-CAS-17024986,0,a,thioglycoside,random_forest,structure_only,split_random_stratified,0.8087784926689221,1,0.575
1239,31-614-CAS-34954209,1,b,thioglycoside,random_forest,structure_only,split_random_stratified,0.6584214483079547,1,0.575
1243,31-013-CAS-12548374,1,b,thioglycoside,random_forest,structure_only,split_random_stratified,0.8197584066029048,1,0.575
1272,31-013-CAS-18353673,1,b,thioglycoside,random_forest,structure_only,split_random_stratified,0.8825659161653594,1,0.575
1277,31-013-CAS-11595421,1,b,thioglycoside,random_forest,structure_only,split_random_stratified,0.9061431428459107,1,0.575
1278,31-013-CAS-16173156,0,a,thioglycoside,random_forest,structure_only,split_random_stratified,0.21307031766003212,0,0.575
1280,31-614-CAS-34954204,0,a,thioglycoside,random_forest,structure_only,split_random_stratified,0.5765701012711738,1,0.575
1297,31-013-CAS-10911479,1,b,thioglycoside,random_forest,structure_only,split_random_stratified,0.888221819373537,1,0.575
1311,31-013-CAS-12967646,1,b,thioglycoside,random_forest,structure_only,split_random_stratified,0.9036590987845851,1,0.575
1332,31-614-CAS-28172097,1,b,thioglycoside,random_forest,structure_only,split_random_stratified,0.92549008009909,1,0.575
1339,31-013-CAS-10274383,1,b,thioglycoside,random_forest,structure_only,split_random_stratified,0.8583809929537782,1,0.575
1344,31-013-CAS-20825259,1,b,thioglycoside,random_forest,structure_only,split_random_stratified,0.6993030325646463,1,0.575
1358,31-013-CAS-3114823,0,a,thioglycoside,random_forest,structure_only,split_random_stratified,0.38188301145651415,0,0.575
1359,31-013-CAS-22357494,0,a,thioglycoside,random_forest,structure_only,split_random_stratified,0.45741186221204627,0,0.575
1366,31-013-CAS-1252855,0,a,thioglycoside,random_forest,structure_only,split_random_stratified,0.648483429494554,1,0.575
1377,31-013-CAS-20623543,1,b,thioglycoside,random_forest,structure_only,split_random_stratified,0.8950450883877203,1,0.575
1385,31-013-CAS-20519350,1,b,thioglycoside,random_forest,structure_only,split_random_stratified,0.7506351963438092,1,0.575
1396,31-614-CAS-29322574,1,b,thioglycoside,random_forest,structure_only,split_random_stratified,0.9412347011818476,1,0.575
1404,31-013-CAS-13253389,1,b,thioglycoside,random_forest,structure_only,split_random_stratified,0.9406947503692163,1,0.575
1406,31-013-CAS-9638871,1,b,thioglycoside,random_forest,structure_only,split_random_stratified,0.9964859401697443,1,0.575
1414,31-013-CAS-3282710,1,b,thioglycoside,random_forest,structure_only,split_random_stratified,0.9463015886665418,1,0.575
1427,31-013-CAS-14626746,0,a,thioglycoside,random_forest,structure_only,split_random_stratified,0.21373202348418366,0,0.575
1432,31-013-CAS-11006436,1,b,thioglycoside,random_forest,structure_only,split_random_stratified,0.8472088943949668,1,0.575
1442,31-013-CAS-13946827,0,a,thioglycoside,random_forest,structure_only,split_random_stratified,0.668579440396756,1,0.575
1444,31-013-CAS-9511600,1,b,thioglycoside,random_forest,structure_only,split_random_stratified,0.7249395206581052,1,0.575
1449,31-013-CAS-15499890,1,b,thioglycoside,random_forest,structure_only,split_random_stratified,0.8595312890936674,1,0.575
1468,31-013-CAS-6531232,0,a,thioglycoside,random_forest,structure_only,split_random_stratified,0.5040639592681622,0,0.575
1471,31-013-CAS-1922953,1,b,thioglycoside,random_forest,structure_only,split_random_stratified,0.9006665018195599,1,0.575
1476,31-013-CAS-667641,1,b,thioglycoside,random_forest,structure_only,split_random_stratified,0.9687756137074185,1,0.575
1479,31-013-CAS-14176615,1,b,thioglycoside,random_forest,structure_only,split_random_stratified,0.9937218986557028,1,0.575
1483,31-013-CAS-8624016,1,b,thioglycoside,random_forest,structure_only,split_random_stratified,0.9613186720279743,1,0.575
1492,31-614-CAS-36830124,1,b,thioglycoside,random_forest,structure_only,split_random_stratified,0.7693518221723826,1,0.575
1493,31-614-CAS-36830119,1,b,thioglycoside,random_forest,structure_only,split_random_stratified,0.7399340564166607,1,0.575
1494,31-013-CAS-5792629,0,a,thioglycoside,random_forest,structure_only,split_random_stratified,0.3728521206774237,0,0.575
1495,31-013-CAS-7451088,1,b,thioglycoside,random_forest,structure_only,split_random_stratified,0.9279644899198352,1,0.575
1498,31-614-CAS-36745363,1,b,thioglycoside,random_forest,structure_only,split_random_stratified,0.9592045401317477,1,0.575
1509,31-013-CAS-7376345,0,a,thioglycoside,random_forest,structure_only,split_random_stratified,0.5228325858123417,0,0.575
1510,31-013-CAS-7371728,1,b,thioglycoside,random_forest,structure_only,split_random_stratified,0.8170030863532372,1,0.575
1513,31-013-CAS-14230652,1,b,thioglycoside,random_forest,structure_only,split_random_stratified,0.8690178597082712,1,0.575
1524,31-013-CAS-15942087,1,b,thioglycoside,random_forest,structure_only,split_random_stratified,0.900933440509476,1,0.575
1532,31-614-CAS-41884159,0,a,thioglycoside,random_forest,structure_only,split_random_stratified,0.05493558775399144,0,0.575
1538,31-614-CAS-30686019,1,b,thioglycoside,random_forest,structure_only,split_random_stratified,0.8557256683742325,1,0.575
1542,31-013-CAS-21774311,0,a,thioglycoside,random_forest,structure_only,split_random_stratified,0.35016760322129586,0,0.575
1544,31-614-CAS-37959617,0,a,thioglycoside,random_forest,structure_only,split_random_stratified,0.05405741943088043,0,0.575
1545,31-013-CAS-16486920,1,b,thioglycoside,random_forest,structure_only,split_random_stratified,0.8797365869789534,1,0.575
1557,31-013-CAS-7574988,1,b,thioglycoside,random_forest,structure_only,split_random_stratified,0.9628231298367634,1,0.575
14,31-010-CAS-7636404,1,b,trichloroacetimidate,xgboost,structure_only,split_random_stratified,0.984401524066925,1,0.5299999999999999
22,31-010-CAS-6541067,1,b,trichloroacetimidate,xgboost,structure_only,split_random_stratified,0.97212153673172,1,0.5299999999999999
23,31-010-CAS-12435719,1,b,trichloroacetimidate,xgboost,structure_only,split_random_stratified,0.9447970986366272,1,0.5299999999999999
26,31-614-CAS-31203171,0,a,trichloroacetimidate,xgboost,structure_only,split_random_stratified,0.880329430103302,1,0.5299999999999999
35,31-010-CAS-16059825,0,a,trichloroacetimidate,xgboost,structure_only,split_random_stratified,0.27842867374420166,0,0.5299999999999999
37,31-010-CAS-4938490,1,b,trichloroacetimidate,xgboost,structure_only,split_random_stratified,0.9021028280258179,1,0.5299999999999999
40,31-010-CAS-2030010,1,b,trichloroacetimidate,xgboost,structure_only,split_random_stratified,0.9037246704101562,1,0.5299999999999999
50,31-614-CAS-24990873,0,a,trichloroacetimidate,xgboost,structure_only,split_random_stratified,0.6201745867729187,1,0.5299999999999999
65,31-010-CAS-6929657,0,a,trichloroacetimidate,xgboost,structure_only,split_random_stratified,0.1875120997428894,0,0.5299999999999999
75,31-010-CAS-1428434,1,b,trichloroacetimidate,xgboost,structure_only,split_random_stratified,0.7907323241233826,1,0.5299999999999999
88,31-010-CAS-13632893,1,b,trichloroacetimidate,xgboost,structure_only,split_random_stratified,0.978050708770752,1,0.5299999999999999
103,31-010-CAS-5152732,0,a,trichloroacetimidate,xgboost,structure_only,split_random_stratified,0.16339297592639923,0,0.5299999999999999
120,31-010-CAS-8132868,1,b,trichloroacetimidate,xgboost,structure_only,split_random_stratified,0.9928402900695801,1,0.5299999999999999
126,31-010-CAS-16569614,1,b,trichloroacetimidate,xgboost,structure_only,split_random_stratified,0.6151973009109497,1,0.5299999999999999
139,31-010-CAS-10336392,1,b,trichloroacetimidate,xgboost,structure_only,split_random_stratified,0.9838359355926514,1,0.5299999999999999
147,31-010-CAS-16717556,1,b,trichloroacetimidate,xgboost,structure_only,split_random_stratified,0.98189377784729,1,0.5299999999999999
157,31-010-CAS-23202756,1,b,trichloroacetimidate,xgboost,structure_only,split_random_stratified,0.9854029417037964,1,0.5299999999999999
160,31-010-CAS-8349698,1,b,trichloroacetimidate,xgboost,structure_only,split_random_stratified,0.991844117641449,1,0.5299999999999999
173,31-010-CAS-11639207,1,b,trichloroacetimidate,xgboost,structure_only,split_random_stratified,0.285661906003952,0,0.5299999999999999
177,31-010-CAS-2453120,1,b,trichloroacetimidate,xgboost,structure_only,split_random_stratified,0.9840536713600159,1,0.5299999999999999
179,31-010-CAS-20996842,1,b,trichloroacetimidate,xgboost,structure_only,split_random_stratified,0.993521511554718,1,0.5299999999999999
180,31-010-CAS-7801504,1,b,trichloroacetimidate,xgboost,structure_only,split_random_stratified,0.9798812866210938,1,0.5299999999999999
184,31-010-CAS-12105858,1,b,trichloroacetimidate,xgboost,structure_only,split_random_stratified,0.828090250492096,1,0.5299999999999999
199,31-010-CAS-8475811,1,b,trichloroacetimidate,xgboost,structure_only,split_random_stratified,0.23809091746807098,0,0.5299999999999999
202,31-010-CAS-10742937,1,b,trichloroacetimidate,xgboost,structure_only,split_random_stratified,0.9841895699501038,1,0.5299999999999999
204,31-010-CAS-16546346,1,b,trichloroacetimidate,xgboost,structure_only,split_random_stratified,0.5674744248390198,1,0.5299999999999999
206,31-010-CAS-14206798,1,b,trichloroacetimidate,xgboost,structure_only,split_random_stratified,0.9968166947364807,1,0.5299999999999999
211,31-010-CAS-16419863,0,a,trichloroacetimidate,xgboost,structure_only,split_random_stratified,0.022712934762239456,0,0.5299999999999999
212,31-010-CAS-5837683,1,b,trichloroacetimidate,xgboost,structure_only,split_random_stratified,0.9884994626045227,1,0.5299999999999999
213,31-010-CAS-11980647,1,b,trichloroacetimidate,xgboost,structure_only,split_random_stratified,0.9437549114227295,1,0.5299999999999999
214,31-010-CAS-978790,0,a,trichloroacetimidate,xgboost,structure_only,split_random_stratified,0.16111770272254944,0,0.5299999999999999
219,31-010-CAS-3920193,0,a,trichloroacetimidate,xgboost,structure_only,split_random_stratified,0.01768355816602707,0,0.5299999999999999
224,31-010-CAS-11159083,1,b,trichloroacetimidate,xgboost,structure_only,split_random_stratified,0.9495071768760681,1,0.5299999999999999
229,31-010-CAS-11253839,1,b,trichloroacetimidate,xgboost,structure_only,split_random_stratified,0.9776775240898132,1,0.5299999999999999
232,31-010-CAS-11268512,0,a,trichloroacetimidate,xgboost,structure_only,split_random_stratified,0.06015820428729057,0,0.5299999999999999
238,31-010-CAS-2752672,1,b,trichloroacetimidate,xgboost,structure_only,split_random_stratified,0.9948124885559082,1,0.5299999999999999
241,31-010-CAS-14863653,1,b,trichloroacetimidate,xgboost,structure_only,split_random_stratified,0.26454076170921326,0,0.5299999999999999
243,31-010-CAS-13659910,1,b,trichloroacetimidate,xgboost,structure_only,split_random_stratified,0.9868032336235046,1,0.5299999999999999
250,31-010-CAS-1767038,0,a,trichloroacetimidate,xgboost,structure_only,split_random_stratified,0.5187547206878662,0,0.5299999999999999
254,31-010-CAS-12015352,1,b,trichloroacetimidate,xgboost,structure_only,split_random_stratified,0.8215481638908386,1,0.5299999999999999
260,31-010-CAS-18605825,1,b,trichloroacetimidate,xgboost,structure_only,split_random_stratified,0.9519820809364319,1,0.5299999999999999
266,31-010-CAS-3244651,1,b,trichloroacetimidate,xgboost,structure_only,split_random_stratified,0.9826555252075195,1,0.5299999999999999
268,31-010-CAS-4044654,1,b,trichloroacetimidate,xgboost,structure_only,split_random_stratified,0.9654566049575806,1,0.5299999999999999
283,31-010-CAS-8507735,1,b,trichloroacetimidate,xgboost,structure_only,split_random_stratified,0.9926326870918274,1,0.5299999999999999
286,31-010-CAS-8307308,1,b,trichloroacetimidate,xgboost,structure_only,split_random_stratified,0.1968642771244049,0,0.5299999999999999
290,31-010-CAS-19796358,1,b,trichloroacetimidate,xgboost,structure_only,split_random_stratified,0.9915350675582886,1,0.5299999999999999
299,31-010-CAS-13182905,0,a,trichloroacetimidate,xgboost,structure_only,split_random_stratified,0.3551603853702545,0,0.5299999999999999
321,31-010-CAS-11535237,1,b,trichloroacetimidate,xgboost,structure_only,split_random_stratified,0.8702081441879272,1,0.5299999999999999
324,31-010-CAS-16630393,1,b,trichloroacetimidate,xgboost,structure_only,split_random_stratified,0.9287413358688354,1,0.5299999999999999
329,31-010-CAS-12672266,1,b,trichloroacetimidate,xgboost,structure_only,split_random_stratified,0.38793081045150757,0,0.5299999999999999
334,31-010-CAS-21359677,1,b,trichloroacetimidate,xgboost,structure_only,split_random_stratified,0.9105831384658813,1,0.5299999999999999
363,31-010-CAS-3241716,1,b,trichloroacetimidate,xgboost,structure_only,split_random_stratified,0.9870042204856873,1,0.5299999999999999
368,31-010-CAS-21359655,1,b,trichloroacetimidate,xgboost,structure_only,split_random_stratified,0.9886642098426819,1,0.5299999999999999
373,31-010-CAS-14406507,1,b,trichloroacetimidate,xgboost,structure_only,split_random_stratified,0.9862863421440125,1,0.5299999999999999
379,31-010-CAS-5890484,1,b,trichloroacetimidate,xgboost,structure_only,split_random_stratified,0.9895213842391968,1,0.5299999999999999
394,31-010-CAS-2020028,0,a,trichloroacetimidate,xgboost,structure_only,split_random_stratified,0.38793081045150757,0,0.5299999999999999
400,31-010-CAS-15131203,1,b,trichloroacetimidate,xgboost,structure_only,split_random_stratified,0.38793081045150757,0,0.5299999999999999
401,31-010-CAS-8102873,0,a,trichloroacetimidate,xgboost,structure_only,split_random_stratified,0.124744713306427,0,0.5299999999999999
414,31-010-CAS-5438768,0,a,trichloroacetimidate,xgboost,structure_only,split_random_stratified,0.06216669827699661,0,0.5299999999999999
416,31-010-CAS-8748980,0,a,trichloroacetimidate,xgboost,structure_only,split_random_stratified,0.38793081045150757,0,0.5299999999999999
419,31-010-CAS-16582633,1,b,trichloroacetimidate,xgboost,structure_only,split_random_stratified,0.2145441621541977,0,0.5299999999999999
422,31-010-CAS-21359658,1,b,trichloroacetimidate,xgboost,structure_only,split_random_stratified,0.974750816822052,1,0.5299999999999999
427,31-010-CAS-2953436,1,b,trichloroacetimidate,xgboost,structure_only,split_random_stratified,0.964674711227417,1,0.5299999999999999
430,31-010-CAS-1018725,1,b,trichloroacetimidate,xgboost,structure_only,split_random_stratified,0.9521220922470093,1,0.5299999999999999
431,31-010-CAS-21359681,1,b,trichloroacetimidate,xgboost,structure_only,split_random_stratified,0.957207441329956,1,0.5299999999999999
450,31-010-CAS-5494498,0,a,trichloroacetimidate,xgboost,structure_only,split_random_stratified,0.057983554899692535,0,0.5299999999999999
452,31-010-CAS-12552790,1,b,trichloroacetimidate,xgboost,structure_only,split_random_stratified,0.9830642342567444,1,0.5299999999999999
459,31-010-CAS-11303200,1,b,trichloroacetimidate,xgboost,structure_only,split_random_stratified,0.9712387919425964,1,0.5299999999999999
463,31-010-CAS-2797002,0,a,trichloroacetimidate,xgboost,structure_only,split_random_stratified,0.03920537978410721,0,0.5299999999999999
467,31-010-CAS-2634829,0,a,trichloroacetimidate,xgboost,structure_only,split_random_stratified,0.12130161374807358,0,0.5299999999999999
477,31-010-CAS-10902642,1,b,trichloroacetimidate,xgboost,structure_only,split_random_stratified,0.953734278678894,1,0.5299999999999999
480,31-614-CAS-44041067,1,b,trichloroacetimidate,xgboost,structure_only,split_random_stratified,0.8818175792694092,1,0.5299999999999999
481,31-010-CAS-2015247,1,b,trichloroacetimidate,xgboost,structure_only,split_random_stratified,0.868104100227356,1,0.5299999999999999
482,31-010-CAS-7110317,0,a,trichloroacetimidate,xgboost,structure_only,split_random_stratified,0.04914902523159981,0,0.5299999999999999
494,31-010-CAS-14792858,1,b,trichloroacetimidate,xgboost,structure_only,split_random_stratified,0.985207200050354,1,0.5299999999999999
518,31-010-CAS-14831299,0,a,trichloroacetimidate,xgboost,structure_only,split_random_stratified,0.02559235319495201,0,0.5299999999999999
527,31-010-CAS-10545007,0,a,trichloroacetimidate,xgboost,structure_only,split_random_stratified,0.38793081045150757,0,0.5299999999999999
531,31-010-CAS-13346541,0,a,trichloroacetimidate,xgboost,structure_only,split_random_stratified,0.10156892985105515,0,0.5299999999999999
535,31-010-CAS-1415329,1,b,trichloroacetimidate,xgboost,structure_only,split_random_stratified,0.49472495913505554,0,0.5299999999999999
536,31-010-CAS-3485314,1,b,trichloroacetimidate,xgboost,structure_only,split_random_stratified,0.37507742643356323,0,0.5299999999999999
540,31-010-CAS-14143291,1,b,trichloroacetimidate,xgboost,structure_only,split_random_stratified,0.38793081045150757,0,0.5299999999999999
542,31-010-CAS-11210902,0,a,trichloroacetimidate,xgboost,structure_only,split_random_stratified,0.10157839208841324,0,0.5299999999999999
552,31-010-CAS-8134904,0,a,trichloroacetimidate,xgboost,structure_only,split_random_stratified,0.49472495913505554,0,0.5299999999999999
555,31-010-CAS-14658592,1,b,trichloroacetimidate,xgboost,structure_only,split_random_stratified,0.9709998965263367,1,0.5299999999999999
565,31-010-CAS-5089795,0,a,trifluoroacetimidate,xgboost,structure_only,split_random_stratified,0.08487357199192047,0,0.5299999999999999
572,31-013-CAS-6013588,0,a,trifluoroacetimidate,xgboost,structure_only,split_random_stratified,0.2538905739784241,0,0.5299999999999999
573,31-010-CAS-22954860,0,a,trifluoroacetimidate,xgboost,structure_only,split_random_stratified,0.08632689714431763,0,0.5299999999999999
587,31-614-CAS-41495813,0,a,trifluoroacetimidate,xgboost,structure_only,split_random_stratified,0.009795279242098331,0,0.5299999999999999
590,31-010-CAS-8696313,1,b,trifluoroacetimidate,xgboost,structure_only,split_random_stratified,0.9145985245704651,1,0.5299999999999999
600,31-010-CAS-22375200,1,b,trifluoroacetimidate,xgboost,structure_only,split_random_stratified,0.5861663818359375,1,0.5299999999999999
607,31-010-CAS-19353817,0,a,trifluoroacetimidate,xgboost,structure_only,split_random_stratified,0.024694709107279778,0,0.5299999999999999
619,31-614-CAS-35275420,1,b,trifluoroacetimidate,xgboost,structure_only,split_random_stratified,0.8929648399353027,1,0.5299999999999999
629,31-010-CAS-23517749,1,b,trifluoroacetimidate,xgboost,structure_only,split_random_stratified,0.9884021878242493,1,0.5299999999999999
632,31-013-CAS-18528259,1,b,trifluoroacetimidate,xgboost,structure_only,split_random_stratified,0.9744734168052673,1,0.5299999999999999
638,31-010-CAS-20875067,1,b,trifluoroacetimidate,xgboost,structure_only,split_random_stratified,0.9661862850189209,1,0.5299999999999999
646,31-614-CAS-42575632,1,b,trifluoroacetimidate,xgboost,structure_only,split_random_stratified,0.9841248989105225,1,0.5299999999999999
648,31-614-CAS-35275413,1,b,trifluoroacetimidate,xgboost,structure_only,split_random_stratified,0.9293014407157898,1,0.5299999999999999
650,31-013-CAS-20074828,0,a,thioglycoside,xgboost,structure_only,split_random_stratified,0.011455371044576168,0,0.5299999999999999
654,31-013-CAS-17381408,0,a,thioglycoside,xgboost,structure_only,split_random_stratified,0.011168505996465683,0,0.5299999999999999
672,31-013-CAS-5609840,0,a,thioglycoside,xgboost,structure_only,split_random_stratified,0.007592341862618923,0,0.5299999999999999
688,31-013-CAS-308870,0,a,thioglycoside,xgboost,structure_only,split_random_stratified,0.17504408955574036,0,0.5299999999999999
690,31-614-CAS-42125040,1,b,thioglycoside,xgboost,structure_only,split_random_stratified,0.27087244391441345,0,0.5299999999999999
693,31-013-CAS-15220844,0,a,thioglycoside,xgboost,structure_only,split_random_stratified,0.4140738546848297,0,0.5299999999999999
698,31-013-CAS-17243080,1,b,thioglycoside,xgboost,structure_only,split_random_stratified,0.9283944368362427,1,0.5299999999999999
704,31-614-CAS-34701877,1,b,thioglycoside,xgboost,structure_only,split_random_stratified,0.8681448101997375,1,0.5299999999999999
705,31-013-CAS-4509020,0,a,thioglycoside,xgboost,structure_only,split_random_stratified,0.004012953024357557,0,0.5299999999999999
717,31-013-CAS-22936260,0,a,thioglycoside,xgboost,structure_only,split_random_stratified,0.1663123369216919,0,0.5299999999999999
718,31-614-CAS-34701884,1,b,thioglycoside,xgboost,structure_only,split_random_stratified,0.7079880833625793,1,0.5299999999999999
720,31-013-CAS-13505033,0,a,thioglycoside,xgboost,structure_only,split_random_stratified,0.21607430279254913,0,0.5299999999999999
722,31-013-CAS-21359610,0,a,thioglycoside,xgboost,structure_only,split_random_stratified,0.08335278183221817,0,0.5299999999999999
726,31-013-CAS-14123962,0,a,thioglycoside,xgboost,structure_only,split_random_stratified,0.015910817310214043,0,0.5299999999999999
746,31-013-CAS-3859968,0,a,thioglycoside,xgboost,structure_only,split_random_stratified,0.26245999336242676,0,0.5299999999999999
758,31-013-CAS-15920353,0,a,thioglycoside,xgboost,structure_only,split_random_stratified,0.04466317594051361,0,0.5299999999999999
763,31-013-CAS-6495154,1,b,thioglycoside,xgboost,structure_only,split_random_stratified,0.36378762125968933,0,0.5299999999999999
765,31-013-CAS-11369982,1,b,thioglycoside,xgboost,structure_only,split_random_stratified,0.36378762125968933,0,0.5299999999999999
771,31-013-CAS-21359741,0,a,thioglycoside,xgboost,structure_only,split_random_stratified,0.04055336117744446,0,0.5299999999999999
784,31-013-CAS-17243071,1,b,thioglycoside,xgboost,structure_only,split_random_stratified,0.9592624306678772,1,0.5299999999999999
786,31-614-CAS-44137212,0,a,thioglycoside,xgboost,structure_only,split_random_stratified,0.02355244569480419,0,0.5299999999999999
787,31-013-CAS-10475617,1,b,thioglycoside,xgboost,structure_only,split_random_stratified,0.48829811811447144,0,0.5299999999999999
788,31-013-CAS-13972345,1,b,thioglycoside,xgboost,structure_only,split_random_stratified,0.8781242966651917,1,0.5299999999999999
798,31-013-CAS-1891598,0,a,thioglycoside,xgboost,structure_only,split_random_stratified,0.37544432282447815,0,0.5299999999999999
802,31-013-CAS-22938507,1,b,thioglycoside,xgboost,structure_only,split_random_stratified,0.37544432282447815,0,0.5299999999999999
803,31-013-CAS-23876375,0,a,thioglycoside,xgboost,structure_only,split_random_stratified,0.9822284579277039,1,0.5299999999999999
808,31-013-CAS-9812928,0,a,thioglycoside,xgboost,structure_only,split_random_stratified,0.4399908185005188,0,0.5299999999999999
811,31-013-CAS-12273664,1,b,thioglycoside,xgboost,structure_only,split_random_stratified,0.4399908185005188,0,0.5299999999999999
818,31-013-CAS-8835573,0,a,thioglycoside,xgboost,structure_only,split_random_stratified,0.4096752107143402,0,0.5299999999999999
830,31-013-CAS-21905513,1,b,thioglycoside,xgboost,structure_only,split_random_stratified,0.9501789212226868,1,0.5299999999999999
850,31-013-CAS-19733120,0,a,thioglycoside,xgboost,structure_only,split_random_stratified,0.16571371257305145,0,0.5299999999999999
851,31-013-CAS-11213156,1,b,thioglycoside,xgboost,structure_only,split_random_stratified,0.6745716333389282,1,0.5299999999999999
853,31-013-CAS-8454219,1,b,thioglycoside,xgboost,structure_only,split_random_stratified,0.886978030204773,1,0.5299999999999999
896,31-013-CAS-8933724,0,a,thioglycoside,xgboost,structure_only,split_random_stratified,0.20011265575885773,0,0.5299999999999999
899,31-013-CAS-23877545,1,b,thioglycoside,xgboost,structure_only,split_random_stratified,0.12319167703390121,0,0.5299999999999999
927,31-013-CAS-12459743,1,b,thioglycoside,xgboost,structure_only,split_random_stratified,0.36535120010375977,0,0.5299999999999999
931,31-614-CAS-30873545,0,a,thioglycoside,xgboost,structure_only,split_random_stratified,0.20854131877422333,0,0.5299999999999999
936,31-013-CAS-9549076,1,b,thioglycoside,xgboost,structure_only,split_random_stratified,0.9979179501533508,1,0.5299999999999999
938,31-013-CAS-9933290,0,a,thioglycoside,xgboost,structure_only,split_random_stratified,0.007293136324733496,0,0.5299999999999999
949,31-013-CAS-19796364,1,b,thioglycoside,xgboost,structure_only,split_random_stratified,0.964544951915741,1,0.5299999999999999
950,31-013-CAS-13137320,1,b,thioglycoside,xgboost,structure_only,split_random_stratified,0.964544951915741,1,0.5299999999999999
956,31-013-CAS-9655089,1,b,thioglycoside,xgboost,structure_only,split_random_stratified,0.17848464846611023,0,0.5299999999999999
967,31-013-CAS-3859987,1,b,thioglycoside,xgboost,structure_only,split_random_stratified,0.1761847585439682,0,0.5299999999999999
973,31-013-CAS-1712789,1,b,thioglycoside,xgboost,structure_only,split_random_stratified,0.1815635710954666,0,0.5299999999999999
974,31-013-CAS-11796224,1,b,thioglycoside,xgboost,structure_only,split_random_stratified,0.1815635710954666,0,0.5299999999999999
979,31-013-CAS-5063674,1,b,thioglycoside,xgboost,structure_only,split_random_stratified,0.8017517328262329,1,0.5299999999999999
987,31-013-CAS-6023114,1,b,thioglycoside,xgboost,structure_only,split_random_stratified,0.17467434704303741,0,0.5299999999999999
997,31-614-CAS-39684276,0,a,thioglycoside,xgboost,structure_only,split_random_stratified,0.0033562674652785063,0,0.5299999999999999
1002,31-614-CAS-47697112,1,b,thioglycoside,xgboost,structure_only,split_random_stratified,0.3796374201774597,0,0.5299999999999999
1003,31-614-CAS-27094234,0,a,thioglycoside,xgboost,structure_only,split_random_stratified,0.17069843411445618,0,0.5299999999999999
1004,31-301-CAS-4805695,1,b,thioglycoside,xgboost,structure_only,split_random_stratified,0.9271039366722107,1,0.5299999999999999
1007,31-013-CAS-9787141,1,b,thioglycoside,xgboost,structure_only,split_random_stratified,0.9948175549507141,1,0.5299999999999999
1010,31-013-CAS-22252748,1,b,thioglycoside,xgboost,structure_only,split_random_stratified,0.9609177112579346,1,0.5299999999999999
1013,31-013-CAS-7197673,0,a,thioglycoside,xgboost,structure_only,split_random_stratified,0.7095637917518616,1,0.5299999999999999
1016,31-013-CAS-20281584,1,b,thioglycoside,xgboost,structure_only,split_random_stratified,0.4247961640357971,0,0.5299999999999999
1027,31-013-CAS-8833991,0,a,thioglycoside,xgboost,structure_only,split_random_stratified,0.029542215168476105,0,0.5299999999999999
1032,31-013-CAS-3532904,1,b,thioglycoside,xgboost,structure_only,split_random_stratified,0.8286912441253662,1,0.5299999999999999
1036,31-013-CAS-113679,1,b,thioglycoside,xgboost,structure_only,split_random_stratified,0.9064587950706482,1,0.5299999999999999
1043,31-013-CAS-19733121,0,a,thioglycoside,xgboost,structure_only,split_random_stratified,0.10156629234552383,0,0.5299999999999999
1045,31-013-CAS-7954210,0,a,thioglycoside,xgboost,structure_only,split_random_stratified,0.23105421662330627,0,0.5299999999999999
1047,31-013-CAS-12680725,1,b,thioglycoside,xgboost,structure_only,split_random_stratified,0.13063712418079376,0,0.5299999999999999
1049,31-013-CAS-7571329,1,b,thioglycoside,xgboost,structure_only,split_random_stratified,0.8704298138618469,1,0.5299999999999999
1051,31-013-CAS-5482709,1,b,thioglycoside,xgboost,structure_only,split_random_stratified,0.8844645023345947,1,0.5299999999999999
1055,31-013-CAS-11908517,1,b,thioglycoside,xgboost,structure_only,split_random_stratified,0.8185693025588989,1,0.5299999999999999
1063,31-301-CAS-8308590,1,b,thioglycoside,xgboost,structure_only,split_random_stratified,0.5965064167976379,1,0.5299999999999999
1071,31-013-CAS-6440966,1,b,thioglycoside,xgboost,structure_only,split_random_stratified,0.9864729642868042,1,0.5299999999999999
1081,31-013-CAS-22664054,0,a,thioglycoside,xgboost,structure_only,split_random_stratified,0.5185011625289917,0,0.5299999999999999
1086,31-013-CAS-6864875,0,a,thioglycoside,xgboost,structure_only,split_random_stratified,0.07185269892215729,0,0.5299999999999999
1096,31-013-CAS-8679459,0,a,thioglycoside,xgboost,structure_only,split_random_stratified,0.018816519528627396,0,0.5299999999999999
1097,31-013-CAS-1889585,0,a,thioglycoside,xgboost,structure_only,split_random_stratified,0.018816519528627396,0,0.5299999999999999
1105,31-614-CAS-32458097,0,a,thioglycoside,xgboost,structure_only,split_random_stratified,0.1874479353427887,0,0.5299999999999999
1109,31-013-CAS-10851823,1,b,thioglycoside,xgboost,structure_only,split_random_stratified,0.9935497641563416,1,0.5299999999999999
1115,31-013-CAS-14147258,1,b,thioglycoside,xgboost,structure_only,split_random_stratified,0.996354341506958,1,0.5299999999999999
1130,31-614-CAS-40361044,1,b,thioglycoside,xgboost,structure_only,split_random_stratified,0.985739529132843,1,0.5299999999999999
1135,31-013-CAS-10173116,1,b,thioglycoside,xgboost,structure_only,split_random_stratified,0.9717053771018982,1,0.5299999999999999
1137,31-013-CAS-9961430,0,a,thioglycoside,xgboost,structure_only,split_random_stratified,0.01065080240368843,0,0.5299999999999999
1141,31-013-CAS-17791367,0,a,thioglycoside,xgboost,structure_only,split_random_stratified,0.03799886256456375,0,0.5299999999999999
1152,31-013-CAS-6871905,0,a,thioglycoside,xgboost,structure_only,split_random_stratified,0.6860860586166382,1,0.5299999999999999
1153,31-013-CAS-8455590,0,a,thioglycoside,xgboost,structure_only,split_random_stratified,0.3218700587749481,0,0.5299999999999999
1157,31-006-CAS-16647345,1,b,thioglycoside,xgboost,structure_only,split_random_stratified,0.3452093005180359,0,0.5299999999999999
1162,31-013-CAS-9669067,1,b,thioglycoside,xgboost,structure_only,split_random_stratified,0.13850951194763184,0,0.5299999999999999
1163,31-013-CAS-11323810,0,a,thioglycoside,xgboost,structure_only,split_random_stratified,0.0312870517373085,0,0.5299999999999999
1166,31-013-CAS-553402,1,b,thioglycoside,xgboost,structure_only,split_random_stratified,0.20852023363113403,0,0.5299999999999999
1172,31-013-CAS-10549598,0,a,thioglycoside,xgboost,structure_only,split_random_stratified,0.031224755570292473,0,0.5299999999999999
1179,31-013-CAS-21013700,1,b,thioglycoside,xgboost,structure_only,split_random_stratified,0.8592440485954285,1,0.5299999999999999
1180,31-013-CAS-992775,1,b,thioglycoside,xgboost,structure_only,split_random_stratified,0.9213793277740479,1,0.5299999999999999
1181,31-013-CAS-19796379,1,b,thioglycoside,xgboost,structure_only,split_random_stratified,0.9850133061408997,1,0.5299999999999999
1182,31-013-CAS-12326620,0,a,thioglycoside,xgboost,structure_only,split_random_stratified,0.00936418492347002,0,0.5299999999999999
1187,31-013-CAS-14640673,0,a,thioglycoside,xgboost,structure_only,split_random_stratified,0.15512482821941376,0,0.5299999999999999
1189,31-013-CAS-7955565,1,b,thioglycoside,xgboost,structure_only,split_random_stratified,0.992052435874939,1,0.5299999999999999
1192,31-013-CAS-4659620,1,b,thioglycoside,xgboost,structure_only,split_random_stratified,0.9855954647064209,1,0.5299999999999999
1213,31-614-CAS-24503700,1,b,thioglycoside,xgboost,structure_only,split_random_stratified,0.7453433871269226,1,0.5299999999999999
1234,31-013-CAS-17024986,0,a,thioglycoside,xgboost,structure_only,split_random_stratified,0.8515105247497559,1,0.5299999999999999
1239,31-614-CAS-34954209,1,b,thioglycoside,xgboost,structure_only,split_random_stratified,0.7092484831809998,1,0.5299999999999999
1243,31-013-CAS-12548374,1,b,thioglycoside,xgboost,structure_only,split_random_stratified,0.9426546096801758,1,0.5299999999999999
1272,31-013-CAS-18353673,1,b,thioglycoside,xgboost,structure_only,split_random_stratified,0.9906995892524719,1,0.5299999999999999
1277,31-013-CAS-11595421,1,b,thioglycoside,xgboost,structure_only,split_random_stratified,0.9906656742095947,1,0.5299999999999999
1278,31-013-CAS-16173156,0,a,thioglycoside,xgboost,structure_only,split_random_stratified,0.060012590140104294,0,0.5299999999999999
1280,31-614-CAS-34954204,0,a,thioglycoside,xgboost,structure_only,split_random_stratified,0.4880554974079132,0,0.5299999999999999
1297,31-013-CAS-10911479,1,b,thioglycoside,xgboost,structure_only,split_random_stratified,0.9678856730461121,1,0.5299999999999999
1311,31-013-CAS-12967646,1,b,thioglycoside,xgboost,structure_only,split_random_stratified,0.9480530023574829,1,0.5299999999999999
1332,31-614-CAS-28172097,1,b,thioglycoside,xgboost,structure_only,split_random_stratified,0.9948551654815674,1,0.5299999999999999
1339,31-013-CAS-10274383,1,b,thioglycoside,xgboost,structure_only,split_random_stratified,0.9601837396621704,1,0.5299999999999999
1344,31-013-CAS-20825259,1,b,thioglycoside,xgboost,structure_only,split_random_stratified,0.7594239711761475,1,0.5299999999999999
1358,31-013-CAS-3114823,0,a,thioglycoside,xgboost,structure_only,split_random_stratified,0.0669933557510376,0,0.5299999999999999
1359,31-013-CAS-22357494,0,a,thioglycoside,xgboost,structure_only,split_random_stratified,0.4699864685535431,0,0.5299999999999999
1366,31-013-CAS-1252855,0,a,thioglycoside,xgboost,structure_only,split_random_stratified,0.5684382915496826,1,0.5299999999999999
1377,31-013-CAS-20623543,1,b,thioglycoside,xgboost,structure_only,split_random_stratified,0.9520426988601685,1,0.5299999999999999
1385,31-013-CAS-20519350,1,b,thioglycoside,xgboost,structure_only,split_random_stratified,0.9188143610954285,1,0.5299999999999999
1396,31-614-CAS-29322574,1,b,thioglycoside,xgboost,structure_only,split_random_stratified,0.9902166128158569,1,0.5299999999999999
1404,31-013-CAS-13253389,1,b,thioglycoside,xgboost,structure_only,split_random_stratified,0.9178577661514282,1,0.5299999999999999
1406,31-013-CAS-9638871,1,b,thioglycoside,xgboost,structure_only,split_random_stratified,0.996179461479187,1,0.5299999999999999
1414,31-013-CAS-3282710,1,b,thioglycoside,xgboost,structure_only,split_random_stratified,0.9510570764541626,1,0.5299999999999999
1427,31-013-CAS-14626746,0,a,thioglycoside,xgboost,structure_only,split_random_stratified,0.04977784678339958,0,0.5299999999999999
1432,31-013-CAS-11006436,1,b,thioglycoside,xgboost,structure_only,split_random_stratified,0.9006246328353882,1,0.5299999999999999
1442,31-013-CAS-13946827,0,a,thioglycoside,xgboost,structure_only,split_random_stratified,0.5681732296943665,1,0.5299999999999999
1444,31-013-CAS-9511600,1,b,thioglycoside,xgboost,structure_only,split_random_stratified,0.9306909441947937,1,0.5299999999999999
1449,31-013-CAS-15499890,1,b,thioglycoside,xgboost,structure_only,split_random_stratified,0.9454848170280457,1,0.5299999999999999
1468,31-013-CAS-6531232,0,a,thioglycoside,xgboost,structure_only,split_random_stratified,0.258552610874176,0,0.5299999999999999
1471,31-013-CAS-1922953,1,b,thioglycoside,xgboost,structure_only,split_random_stratified,0.9864700436592102,1,0.5299999999999999
1476,31-013-CAS-667641,1,b,thioglycoside,xgboost,structure_only,split_random_stratified,0.9914155602455139,1,0.5299999999999999
1479,31-013-CAS-14176615,1,b,thioglycoside,xgboost,structure_only,split_random_stratified,0.9960485100746155,1,0.5299999999999999
1483,31-013-CAS-8624016,1,b,thioglycoside,xgboost,structure_only,split_random_stratified,0.9773911237716675,1,0.5299999999999999
1492,31-614-CAS-36830124,1,b,thioglycoside,xgboost,structure_only,split_random_stratified,0.9257846474647522,1,0.5299999999999999
1493,31-614-CAS-36830119,1,b,thioglycoside,xgboost,structure_only,split_random_stratified,0.8442111015319824,1,0.5299999999999999
1494,31-013-CAS-5792629,0,a,thioglycoside,xgboost,structure_only,split_random_stratified,0.24906325340270996,0,0.5299999999999999
1495,31-013-CAS-7451088,1,b,thioglycoside,xgboost,structure_only,split_random_stratified,0.9642664194107056,1,0.5299999999999999
1498,31-614-CAS-36745363,1,b,thioglycoside,xgboost,structure_only,split_random_stratified,0.9960771203041077,1,0.5299999999999999
1509,31-013-CAS-7376345,0,a,thioglycoside,xgboost,structure_only,split_random_stratified,0.4475172162055969,0,0.5299999999999999
1510,31-013-CAS-7371728,1,b,thioglycoside,xgboost,structure_only,split_random_stratified,0.9905693531036377,1,0.5299999999999999
1513,31-013-CAS-14230652,1,b,thioglycoside,xgboost,structure_only,split_random_stratified,0.9458387494087219,1,0.5299999999999999
1524,31-013-CAS-15942087,1,b,thioglycoside,xgboost,structure_only,split_random_stratified,0.9840085506439209,1,0.5299999999999999
1532,31-614-CAS-41884159,0,a,thioglycoside,xgboost,structure_only,split_random_stratified,0.05828821659088135,0,0.5299999999999999
1538,31-614-CAS-30686019,1,b,thioglycoside,xgboost,structure_only,split_random_stratified,0.9389016032218933,1,0.5299999999999999
1542,31-013-CAS-21774311,0,a,thioglycoside,xgboost,structure_only,split_random_stratified,0.39122211933135986,0,0.5299999999999999
1544,31-614-CAS-37959617,0,a,thioglycoside,xgboost,structure_only,split_random_stratified,0.061283551156520844,0,0.5299999999999999
1545,31-013-CAS-16486920,1,b,thioglycoside,xgboost,structure_only,split_random_stratified,0.9763177633285522,1,0.5299999999999999
1557,31-013-CAS-7574988,1,b,thioglycoside,xgboost,structure_only,split_random_stratified,0.9983275532722473,1,0.5299999999999999
14,31-010-CAS-7636404,1,b,trichloroacetimidate,logistic_regression,condition_only,split_random_stratified,0.7349596972998705,1,0.4549999999999999
22,31-010-CAS-6541067,1,b,trichloroacetimidate,logistic_regression,condition_only,split_random_stratified,0.7024929409461955,1,0.4549999999999999
23,31-010-CAS-12435719,1,b,trichloroacetimidate,logistic_regression,condition_only,split_random_stratified,0.6322365555522592,1,0.4549999999999999
26,31-614-CAS-31203171,0,a,trichloroacetimidate,logistic_regression,condition_only,split_random_stratified,0.2830749527498756,0,0.4549999999999999
35,31-010-CAS-16059825,0,a,trichloroacetimidate,logistic_regression,condition_only,split_random_stratified,0.20182576511170253,0,0.4549999999999999
37,31-010-CAS-4938490,1,b,trichloroacetimidate,logistic_regression,condition_only,split_random_stratified,0.5620078394987654,1,0.4549999999999999
40,31-010-CAS-2030010,1,b,trichloroacetimidate,logistic_regression,condition_only,split_random_stratified,0.9798374186110828,1,0.4549999999999999
50,31-614-CAS-24990873,0,a,trichloroacetimidate,logistic_regression,condition_only,split_random_stratified,0.5910733599584496,1,0.4549999999999999
65,31-010-CAS-6929657,0,a,trichloroacetimidate,logistic_regression,condition_only,split_random_stratified,0.5998139101590007,1,0.4549999999999999
75,31-010-CAS-1428434,1,b,trichloroacetimidate,logistic_regression,condition_only,split_random_stratified,0.9077327350253992,1,0.4549999999999999
88,31-010-CAS-13632893,1,b,trichloroacetimidate,logistic_regression,condition_only,split_random_stratified,0.4910299966247215,1,0.4549999999999999
103,31-010-CAS-5152732,0,a,trichloroacetimidate,logistic_regression,condition_only,split_random_stratified,0.3160893231143791,0,0.4549999999999999
120,31-010-CAS-8132868,1,b,trichloroacetimidate,logistic_regression,condition_only,split_random_stratified,0.9275194923232135,1,0.4549999999999999
126,31-010-CAS-16569614,1,b,trichloroacetimidate,logistic_regression,condition_only,split_random_stratified,0.584488074845591,1,0.4549999999999999
139,31-010-CAS-10336392,1,b,trichloroacetimidate,logistic_regression,condition_only,split_random_stratified,0.5732195147538238,1,0.4549999999999999
147,31-010-CAS-16717556,1,b,trichloroacetimidate,logistic_regression,condition_only,split_random_stratified,0.45027130431258633,0,0.4549999999999999
157,31-010-CAS-23202756,1,b,trichloroacetimidate,logistic_regression,condition_only,split_random_stratified,0.9095259218765522,1,0.4549999999999999
160,31-010-CAS-8349698,1,b,trichloroacetimidate,logistic_regression,condition_only,split_random_stratified,0.509240789292995,1,0.4549999999999999
173,31-010-CAS-11639207,1,b,trichloroacetimidate,logistic_regression,condition_only,split_random_stratified,0.9577461071146545,1,0.4549999999999999
177,31-010-CAS-2453120,1,b,trichloroacetimidate,logistic_regression,condition_only,split_random_stratified,0.5544574578865396,1,0.4549999999999999
179,31-010-CAS-20996842,1,b,trichloroacetimidate,logistic_regression,condition_only,split_random_stratified,0.292047078024117,0,0.4549999999999999
180,31-010-CAS-7801504,1,b,trichloroacetimidate,logistic_regression,condition_only,split_random_stratified,0.5044796419315133,1,0.4549999999999999
184,31-010-CAS-12105858,1,b,trichloroacetimidate,logistic_regression,condition_only,split_random_stratified,0.7024929409461955,1,0.4549999999999999
199,31-010-CAS-8475811,1,b,trichloroacetimidate,logistic_regression,condition_only,split_random_stratified,0.5891910428350564,1,0.4549999999999999
202,31-010-CAS-10742937,1,b,trichloroacetimidate,logistic_regression,condition_only,split_random_stratified,0.9453424055386551,1,0.4549999999999999
204,31-010-CAS-16546346,1,b,trichloroacetimidate,logistic_regression,condition_only,split_random_stratified,0.7460474341276805,1,0.4549999999999999
206,31-010-CAS-14206798,1,b,trichloroacetimidate,logistic_regression,condition_only,split_random_stratified,0.880139477742119,1,0.4549999999999999
211,31-010-CAS-16419863,0,a,trichloroacetimidate,logistic_regression,condition_only,split_random_stratified,0.2879441490437688,0,0.4549999999999999
212,31-010-CAS-5837683,1,b,trichloroacetimidate,logistic_regression,condition_only,split_random_stratified,0.2526190778861823,0,0.4549999999999999
213,31-010-CAS-11980647,1,b,trichloroacetimidate,logistic_regression,condition_only,split_random_stratified,0.7208081027645824,1,0.4549999999999999
214,31-010-CAS-978790,0,a,trichloroacetimidate,logistic_regression,condition_only,split_random_stratified,0.5268387581059337,1,0.4549999999999999
219,31-010-CAS-3920193,0,a,trichloroacetimidate,logistic_regression,condition_only,split_random_stratified,0.050987793320514285,0,0.4549999999999999
224,31-010-CAS-11159083,1,b,trichloroacetimidate,logistic_regression,condition_only,split_random_stratified,0.6217975367019629,1,0.4549999999999999
229,31-010-CAS-11253839,1,b,trichloroacetimidate,logistic_regression,condition_only,split_random_stratified,0.9453424055386551,1,0.4549999999999999
232,31-010-CAS-11268512,0,a,trichloroacetimidate,logistic_regression,condition_only,split_random_stratified,0.38024848491061164,0,0.4549999999999999
238,31-010-CAS-2752672,1,b,trichloroacetimidate,logistic_regression,condition_only,split_random_stratified,0.5806893911197581,1,0.4549999999999999
241,31-010-CAS-14863653,1,b,trichloroacetimidate,logistic_regression,condition_only,split_random_stratified,0.5891910428350564,1,0.4549999999999999
243,31-010-CAS-13659910,1,b,trichloroacetimidate,logistic_regression,condition_only,split_random_stratified,0.9240930673615839,1,0.4549999999999999
250,31-010-CAS-1767038,0,a,trichloroacetimidate,logistic_regression,condition_only,split_random_stratified,0.5375398880792012,1,0.4549999999999999
254,31-010-CAS-12015352,1,b,trichloroacetimidate,logistic_regression,condition_only,split_random_stratified,0.8912373211715353,1,0.4549999999999999
260,31-010-CAS-18605825,1,b,trichloroacetimidate,logistic_regression,condition_only,split_random_stratified,0.8956378060250537,1,0.4549999999999999
266,31-010-CAS-3244651,1,b,trichloroacetimidate,logistic_regression,condition_only,split_random_stratified,0.5555320776454804,1,0.4549999999999999
268,31-010-CAS-4044654,1,b,trichloroacetimidate,logistic_regression,condition_only,split_random_stratified,0.7034087563496214,1,0.4549999999999999
283,31-010-CAS-8507735,1,b,trichloroacetimidate,logistic_regression,condition_only,split_random_stratified,0.5888775561457739,1,0.4549999999999999
286,31-010-CAS-8307308,1,b,trichloroacetimidate,logistic_regression,condition_only,split_random_stratified,0.9485726022619563,1,0.4549999999999999
290,31-010-CAS-19796358,1,b,trichloroacetimidate,logistic_regression,condition_only,split_random_stratified,0.7036792835792011,1,0.4549999999999999
299,31-010-CAS-13182905,0,a,trichloroacetimidate,logistic_regression,condition_only,split_random_stratified,0.5602544452025293,1,0.4549999999999999
321,31-010-CAS-11535237,1,b,trichloroacetimidate,logistic_regression,condition_only,split_random_stratified,0.7031988111243915,1,0.4549999999999999
324,31-010-CAS-16630393,1,b,trichloroacetimidate,logistic_regression,condition_only,split_random_stratified,0.7036792835792011,1,0.4549999999999999
329,31-010-CAS-12672266,1,b,trichloroacetimidate,logistic_regression,condition_only,split_random_stratified,0.15909442296790993,0,0.4549999999999999
334,31-010-CAS-21359677,1,b,trichloroacetimidate,logistic_regression,condition_only,split_random_stratified,0.6737815217897221,1,0.4549999999999999
363,31-010-CAS-3241716,1,b,trichloroacetimidate,logistic_regression,condition_only,split_random_stratified,0.6737815217897221,1,0.4549999999999999
368,31-010-CAS-21359655,1,b,trichloroacetimidate,logistic_regression,condition_only,split_random_stratified,0.6737815217897221,1,0.4549999999999999
373,31-010-CAS-14406507,1,b,trichloroacetimidate,logistic_regression,condition_only,split_random_stratified,0.6737815217897221,1,0.4549999999999999
379,31-010-CAS-5890484,1,b,trichloroacetimidate,logistic_regression,condition_only,split_random_stratified,0.6737815217897221,1,0.4549999999999999
394,31-010-CAS-2020028,0,a,trichloroacetimidate,logistic_regression,condition_only,split_random_stratified,0.15909442296790993,0,0.4549999999999999
400,31-010-CAS-15131203,1,b,trichloroacetimidate,logistic_regression,condition_only,split_random_stratified,0.15909442296790993,0,0.4549999999999999
401,31-010-CAS-8102873,0,a,trichloroacetimidate,logistic_regression,condition_only,split_random_stratified,0.16146944290380125,0,0.4549999999999999
414,31-010-CAS-5438768,0,a,trichloroacetimidate,logistic_regression,condition_only,split_random_stratified,0.63888898472296,1,0.4549999999999999
416,31-010-CAS-8748980,0,a,trichloroacetimidate,logistic_regression,condition_only,split_random_stratified,0.15909442296790993,0,0.4549999999999999
419,31-010-CAS-16582633,1,b,trichloroacetimidate,logistic_regression,condition_only,split_random_stratified,0.5735026534950107,1,0.4549999999999999
422,31-010-CAS-21359658,1,b,trichloroacetimidate,logistic_regression,condition_only,split_random_stratified,0.6737815217897221,1,0.4549999999999999
427,31-010-CAS-2953436,1,b,trichloroacetimidate,logistic_regression,condition_only,split_random_stratified,0.6737815217897221,1,0.4549999999999999
430,31-010-CAS-1018725,1,b,trichloroacetimidate,logistic_regression,condition_only,split_random_stratified,0.6737815217897221,1,0.4549999999999999
431,31-010-CAS-21359681,1,b,trichloroacetimidate,logistic_regression,condition_only,split_random_stratified,0.6737815217897221,1,0.4549999999999999
450,31-010-CAS-5494498,0,a,trichloroacetimidate,logistic_regression,condition_only,split_random_stratified,0.33943888748264617,0,0.4549999999999999
452,31-010-CAS-12552790,1,b,trichloroacetimidate,logistic_regression,condition_only,split_random_stratified,0.7024929409461955,1,0.4549999999999999
459,31-010-CAS-11303200,1,b,trichloroacetimidate,logistic_regression,condition_only,split_random_stratified,0.7024929409461955,1,0.4549999999999999
463,31-010-CAS-2797002,0,a,trichloroacetimidate,logistic_regression,condition_only,split_random_stratified,0.8867292112725671,1,0.4549999999999999
467,31-010-CAS-2634829,0,a,trichloroacetimidate,logistic_regression,condition_only,split_random_stratified,0.553006911371217,1,0.4549999999999999
477,31-010-CAS-10902642,1,b,trichloroacetimidate,logistic_regression,condition_only,split_random_stratified,0.3837781800658468,0,0.4549999999999999
480,31-614-CAS-44041067,1,b,trichloroacetimidate,logistic_regression,condition_only,split_random_stratified,0.509240789292995,1,0.4549999999999999
481,31-010-CAS-2015247,1,b,trichloroacetimidate,logistic_regression,condition_only,split_random_stratified,0.9521291463807463,1,0.4549999999999999
482,31-010-CAS-7110317,0,a,trichloroacetimidate,logistic_regression,condition_only,split_random_stratified,0.5614882166367758,1,0.4549999999999999
494,31-010-CAS-14792858,1,b,trichloroacetimidate,logistic_regression,condition_only,split_random_stratified,0.6941741812065548,1,0.4549999999999999
518,31-010-CAS-14831299,0,a,trichloroacetimidate,logistic_regression,condition_only,split_random_stratified,0.7157599352106305,1,0.4549999999999999
527,31-010-CAS-10545007,0,a,trichloroacetimidate,logistic_regression,condition_only,split_random_stratified,0.17336511182362752,0,0.4549999999999999
531,31-010-CAS-13346541,0,a,trichloroacetimidate,logistic_regression,condition_only,split_random_stratified,0.5535931077523892,1,0.4549999999999999
535,31-010-CAS-1415329,1,b,trichloroacetimidate,logistic_regression,condition_only,split_random_stratified,0.17336511182362752,0,0.4549999999999999
536,31-010-CAS-3485314,1,b,trichloroacetimidate,logistic_regression,condition_only,split_random_stratified,0.17336511182362752,0,0.4549999999999999
540,31-010-CAS-14143291,1,b,trichloroacetimidate,logistic_regression,condition_only,split_random_stratified,0.17336511182362752,0,0.4549999999999999
542,31-010-CAS-11210902,0,a,trichloroacetimidate,logistic_regression,condition_only,split_random_stratified,0.5422775465690018,1,0.4549999999999999
552,31-010-CAS-8134904,0,a,trichloroacetimidate,logistic_regression,condition_only,split_random_stratified,0.17336511182362752,0,0.4549999999999999
555,31-010-CAS-14658592,1,b,trichloroacetimidate,logistic_regression,condition_only,split_random_stratified,0.6238095808411503,1,0.4549999999999999
565,31-010-CAS-5089795,0,a,trifluoroacetimidate,logistic_regression,condition_only,split_random_stratified,0.2512490959415297,0,0.4549999999999999
572,31-013-CAS-6013588,0,a,trifluoroacetimidate,logistic_regression,condition_only,split_random_stratified,0.5576191449297776,1,0.4549999999999999
573,31-010-CAS-22954860,0,a,trifluoroacetimidate,logistic_regression,condition_only,split_random_stratified,0.7611203513087039,1,0.4549999999999999
587,31-614-CAS-41495813,0,a,trifluoroacetimidate,logistic_regression,condition_only,split_random_stratified,0.46497492676288,1,0.4549999999999999
590,31-010-CAS-8696313,1,b,trifluoroacetimidate,logistic_regression,condition_only,split_random_stratified,0.6983747497255116,1,0.4549999999999999
600,31-010-CAS-22375200,1,b,trifluoroacetimidate,logistic_regression,condition_only,split_random_stratified,0.541564385370089,1,0.4549999999999999
607,31-010-CAS-19353817,0,a,trifluoroacetimidate,logistic_regression,condition_only,split_random_stratified,0.43002356116027163,0,0.4549999999999999
619,31-614-CAS-35275420,1,b,trifluoroacetimidate,logistic_regression,condition_only,split_random_stratified,0.45845618063762306,1,0.4549999999999999
629,31-010-CAS-23517749,1,b,trifluoroacetimidate,logistic_regression,condition_only,split_random_stratified,0.8081604393731994,1,0.4549999999999999
632,31-013-CAS-18528259,1,b,trifluoroacetimidate,logistic_regression,condition_only,split_random_stratified,0.48240660842460686,1,0.4549999999999999
638,31-010-CAS-20875067,1,b,trifluoroacetimidate,logistic_regression,condition_only,split_random_stratified,0.4571300821538613,1,0.4549999999999999
646,31-614-CAS-42575632,1,b,trifluoroacetimidate,logistic_regression,condition_only,split_random_stratified,0.493820696409581,1,0.4549999999999999
648,31-614-CAS-35275413,1,b,trifluoroacetimidate,logistic_regression,condition_only,split_random_stratified,0.5996082623010051,1,0.4549999999999999
650,31-013-CAS-20074828,0,a,thioglycoside,logistic_regression,condition_only,split_random_stratified,0.4174705801926282,0,0.4549999999999999
654,31-013-CAS-17381408,0,a,thioglycoside,logistic_regression,condition_only,split_random_stratified,0.468332300564781,1,0.4549999999999999
672,31-013-CAS-5609840,0,a,thioglycoside,logistic_regression,condition_only,split_random_stratified,0.7471613163223495,1,0.4549999999999999
688,31-013-CAS-308870,0,a,thioglycoside,logistic_regression,condition_only,split_random_stratified,0.5243783301375606,1,0.4549999999999999
690,31-614-CAS-42125040,1,b,thioglycoside,logistic_regression,condition_only,split_random_stratified,0.5635627107733737,1,0.4549999999999999
693,31-013-CAS-15220844,0,a,thioglycoside,logistic_regression,condition_only,split_random_stratified,0.0779900193177009,0,0.4549999999999999
698,31-013-CAS-17243080,1,b,thioglycoside,logistic_regression,condition_only,split_random_stratified,0.46181055941117716,1,0.4549999999999999
704,31-614-CAS-34701877,1,b,thioglycoside,logistic_regression,condition_only,split_random_stratified,0.3154534784467324,0,0.4549999999999999
705,31-013-CAS-4509020,0,a,thioglycoside,logistic_regression,condition_only,split_random_stratified,0.22475284455686514,0,0.4549999999999999
717,31-013-CAS-22936260,0,a,thioglycoside,logistic_regression,condition_only,split_random_stratified,0.4064043476412735,0,0.4549999999999999
718,31-614-CAS-34701884,1,b,thioglycoside,logistic_regression,condition_only,split_random_stratified,0.3154534784467324,0,0.4549999999999999
720,31-013-CAS-13505033,0,a,thioglycoside,logistic_regression,condition_only,split_random_stratified,0.4064043476412735,0,0.4549999999999999
722,31-013-CAS-21359610,0,a,thioglycoside,logistic_regression,condition_only,split_random_stratified,0.27010256724904036,0,0.4549999999999999
726,31-013-CAS-14123962,0,a,thioglycoside,logistic_regression,condition_only,split_random_stratified,0.7348169732423804,1,0.4549999999999999
746,31-013-CAS-3859968,0,a,thioglycoside,logistic_regression,condition_only,split_random_stratified,0.5185399855766251,1,0.4549999999999999
758,31-013-CAS-15920353,0,a,thioglycoside,logistic_regression,condition_only,split_random_stratified,0.3729351902384789,0,0.4549999999999999
763,31-013-CAS-6495154,1,b,thioglycoside,logistic_regression,condition_only,split_random_stratified,0.4569754801687419,1,0.4549999999999999
765,31-013-CAS-11369982,1,b,thioglycoside,logistic_regression,condition_only,split_random_stratified,0.4569754801687419,1,0.4549999999999999
771,31-013-CAS-21359741,0,a,thioglycoside,logistic_regression,condition_only,split_random_stratified,0.27010256724904036,0,0.4549999999999999
784,31-013-CAS-17243071,1,b,thioglycoside,logistic_regression,condition_only,split_random_stratified,0.44369407008184664,0,0.4549999999999999
786,31-614-CAS-44137212,0,a,thioglycoside,logistic_regression,condition_only,split_random_stratified,0.1937305359798711,0,0.4549999999999999
787,31-013-CAS-10475617,1,b,thioglycoside,logistic_regression,condition_only,split_random_stratified,0.49897673193820885,1,0.4549999999999999
788,31-013-CAS-13972345,1,b,thioglycoside,logistic_regression,condition_only,split_random_stratified,0.22774183916155935,0,0.4549999999999999
798,31-013-CAS-1891598,0,a,thioglycoside,logistic_regression,condition_only,split_random_stratified,0.4569754801687419,1,0.4549999999999999
802,31-013-CAS-22938507,1,b,thioglycoside,logistic_regression,condition_only,split_random_stratified,0.451148416152956,0,0.4549999999999999
803,31-013-CAS-23876375,0,a,thioglycoside,logistic_regression,condition_only,split_random_stratified,0.5281687644994045,1,0.4549999999999999
808,31-013-CAS-9812928,0,a,thioglycoside,logistic_regression,condition_only,split_random_stratified,0.4569754801687419,1,0.4549999999999999
811,31-013-CAS-12273664,1,b,thioglycoside,logistic_regression,condition_only,split_random_stratified,0.4569754801687419,1,0.4549999999999999
818,31-013-CAS-8835573,0,a,thioglycoside,logistic_regression,condition_only,split_random_stratified,0.5819441445283015,1,0.4549999999999999
830,31-013-CAS-21905513,1,b,thioglycoside,logistic_regression,condition_only,split_random_stratified,0.3993008416442785,0,0.4549999999999999
850,31-013-CAS-19733120,0,a,thioglycoside,logistic_regression,condition_only,split_random_stratified,0.32242125819626605,0,0.4549999999999999
851,31-013-CAS-11213156,1,b,thioglycoside,logistic_regression,condition_only,split_random_stratified,0.536136221033665,1,0.4549999999999999
853,31-013-CAS-8454219,1,b,thioglycoside,logistic_regression,condition_only,split_random_stratified,0.5635627107733737,1,0.4549999999999999
896,31-013-CAS-8933724,0,a,thioglycoside,logistic_regression,condition_only,split_random_stratified,0.3640021025588271,0,0.4549999999999999
899,31-013-CAS-23877545,1,b,thioglycoside,logistic_regression,condition_only,split_random_stratified,0.5930150523140818,1,0.4549999999999999
927,31-013-CAS-12459743,1,b,thioglycoside,logistic_regression,condition_only,split_random_stratified,0.5819441445283015,1,0.4549999999999999
931,31-614-CAS-30873545,0,a,thioglycoside,logistic_regression,condition_only,split_random_stratified,0.5930150523140818,1,0.4549999999999999
936,31-013-CAS-9549076,1,b,thioglycoside,logistic_regression,condition_only,split_random_stratified,0.4361106833291287,0,0.4549999999999999
938,31-013-CAS-9933290,0,a,thioglycoside,logistic_regression,condition_only,split_random_stratified,0.2758449235815836,0,0.4549999999999999
949,31-013-CAS-19796364,1,b,thioglycoside,logistic_regression,condition_only,split_random_stratified,0.8112595976513223,1,0.4549999999999999
950,31-013-CAS-13137320,1,b,thioglycoside,logistic_regression,condition_only,split_random_stratified,0.6582360664045849,1,0.4549999999999999
956,31-013-CAS-9655089,1,b,thioglycoside,logistic_regression,condition_only,split_random_stratified,0.4569754801687419,1,0.4549999999999999
967,31-013-CAS-3859987,1,b,thioglycoside,logistic_regression,condition_only,split_random_stratified,0.4569754801687419,1,0.4549999999999999
973,31-013-CAS-1712789,1,b,thioglycoside,logistic_regression,condition_only,split_random_stratified,0.4569754801687419,1,0.4549999999999999
974,31-013-CAS-11796224,1,b,thioglycoside,logistic_regression,condition_only,split_random_stratified,0.4569754801687419,1,0.4549999999999999
979,31-013-CAS-5063674,1,b,thioglycoside,logistic_regression,condition_only,split_random_stratified,0.4664370704779071,1,0.4549999999999999
987,31-013-CAS-6023114,1,b,thioglycoside,logistic_regression,condition_only,split_random_stratified,0.4569754801687419,1,0.4549999999999999
997,31-614-CAS-39684276,0,a,thioglycoside,logistic_regression,condition_only,split_random_stratified,0.41043848525468507,0,0.4549999999999999
1002,31-614-CAS-47697112,1,b,thioglycoside,logistic_regression,condition_only,split_random_stratified,0.4668405449618588,1,0.4549999999999999
1003,31-614-CAS-27094234,0,a,thioglycoside,logistic_regression,condition_only,split_random_stratified,0.47791011376704995,1,0.4549999999999999
1004,31-301-CAS-4805695,1,b,thioglycoside,logistic_regression,condition_only,split_random_stratified,0.473378399083448,1,0.4549999999999999
1007,31-013-CAS-9787141,1,b,thioglycoside,logistic_regression,condition_only,split_random_stratified,0.7831632624881748,1,0.4549999999999999
1010,31-013-CAS-22252748,1,b,thioglycoside,logistic_regression,condition_only,split_random_stratified,0.4663699064695702,1,0.4549999999999999
1013,31-013-CAS-7197673,0,a,thioglycoside,logistic_regression,condition_only,split_random_stratified,0.4326014253466702,0,0.4549999999999999
1016,31-013-CAS-20281584,1,b,thioglycoside,logistic_regression,condition_only,split_random_stratified,0.4314760244255861,0,0.4549999999999999
1027,31-013-CAS-8833991,0,a,thioglycoside,logistic_regression,condition_only,split_random_stratified,0.4737984188473291,1,0.4549999999999999
1032,31-013-CAS-3532904,1,b,thioglycoside,logistic_regression,condition_only,split_random_stratified,0.451148416152956,0,0.4549999999999999
1036,31-013-CAS-113679,1,b,thioglycoside,logistic_regression,condition_only,split_random_stratified,0.35538696627559824,0,0.4549999999999999
1043,31-013-CAS-19733121,0,a,thioglycoside,logistic_regression,condition_only,split_random_stratified,0.32242125819626605,0,0.4549999999999999
1045,31-013-CAS-7954210,0,a,thioglycoside,logistic_regression,condition_only,split_random_stratified,0.3038597119813154,0,0.4549999999999999
1047,31-013-CAS-12680725,1,b,thioglycoside,logistic_regression,condition_only,split_random_stratified,0.5862504893069238,1,0.4549999999999999
1049,31-013-CAS-7571329,1,b,thioglycoside,logistic_regression,condition_only,split_random_stratified,0.7090146265512476,1,0.4549999999999999
1051,31-013-CAS-5482709,1,b,thioglycoside,logistic_regression,condition_only,split_random_stratified,0.7090146265512476,1,0.4549999999999999
1055,31-013-CAS-11908517,1,b,thioglycoside,logistic_regression,condition_only,split_random_stratified,0.2342173490148925,0,0.4549999999999999
1063,31-301-CAS-8308590,1,b,thioglycoside,logistic_regression,condition_only,split_random_stratified,0.5336680262057535,1,0.4549999999999999
1071,31-013-CAS-6440966,1,b,thioglycoside,logistic_regression,condition_only,split_random_stratified,0.6912749164140959,1,0.4549999999999999
1081,31-013-CAS-22664054,0,a,thioglycoside,logistic_regression,condition_only,split_random_stratified,0.11861426874223847,0,0.4549999999999999
1086,31-013-CAS-6864875,0,a,thioglycoside,logistic_regression,condition_only,split_random_stratified,0.4326014253466702,0,0.4549999999999999
1096,31-013-CAS-8679459,0,a,thioglycoside,logistic_regression,condition_only,split_random_stratified,0.740454969561049,1,0.4549999999999999
1097,31-013-CAS-1889585,0,a,thioglycoside,logistic_regression,condition_only,split_random_stratified,0.28849738508781203,0,0.4549999999999999
1105,31-614-CAS-32458097,0,a,thioglycoside,logistic_regression,condition_only,split_random_stratified,0.39993353783530794,0,0.4549999999999999
1109,31-013-CAS-10851823,1,b,thioglycoside,logistic_regression,condition_only,split_random_stratified,0.42173602923583314,0,0.4549999999999999
1115,31-013-CAS-14147258,1,b,thioglycoside,logistic_regression,condition_only,split_random_stratified,0.41043848525468507,0,0.4549999999999999
1130,31-614-CAS-40361044,1,b,thioglycoside,logistic_regression,condition_only,split_random_stratified,0.6408899162076058,1,0.4549999999999999
1135,31-013-CAS-10173116,1,b,thioglycoside,logistic_regression,condition_only,split_random_stratified,0.30815253335014187,0,0.4549999999999999
1137,31-013-CAS-9961430,0,a,thioglycoside,logistic_regression,condition_only,split_random_stratified,0.3883951209069897,0,0.4549999999999999
1141,31-013-CAS-17791367,0,a,thioglycoside,logistic_regression,condition_only,split_random_stratified,0.452736986903024,0,0.4549999999999999
1152,31-013-CAS-6871905,0,a,thioglycoside,logistic_regression,condition_only,split_random_stratified,0.4807045100494861,1,0.4549999999999999
1153,31-013-CAS-8455590,0,a,thioglycoside,logistic_regression,condition_only,split_random_stratified,0.17408770396469347,0,0.4549999999999999
1157,31-006-CAS-16647345,1,b,thioglycoside,logistic_regression,condition_only,split_random_stratified,0.31050675271992645,0,0.4549999999999999
1162,31-013-CAS-9669067,1,b,thioglycoside,logistic_regression,condition_only,split_random_stratified,0.3075581368793446,0,0.4549999999999999
1163,31-013-CAS-11323810,0,a,thioglycoside,logistic_regression,condition_only,split_random_stratified,0.19849362189572137,0,0.4549999999999999
1166,31-013-CAS-553402,1,b,thioglycoside,logistic_regression,condition_only,split_random_stratified,0.3075581368793446,0,0.4549999999999999
1172,31-013-CAS-10549598,0,a,thioglycoside,logistic_regression,condition_only,split_random_stratified,0.3561927613480252,0,0.4549999999999999
1179,31-013-CAS-21013700,1,b,thioglycoside,logistic_regression,condition_only,split_random_stratified,0.5255286851122061,1,0.4549999999999999
1180,31-013-CAS-992775,1,b,thioglycoside,logistic_regression,condition_only,split_random_stratified,0.5838594958159881,1,0.4549999999999999
1181,31-013-CAS-19796379,1,b,thioglycoside,logistic_regression,condition_only,split_random_stratified,0.4569754801687419,1,0.4549999999999999
1182,31-013-CAS-12326620,0,a,thioglycoside,logistic_regression,condition_only,split_random_stratified,0.5058372324884034,1,0.4549999999999999
1187,31-013-CAS-14640673,0,a,thioglycoside,logistic_regression,condition_only,split_random_stratified,0.3449684312799451,0,0.4549999999999999
1189,31-013-CAS-7955565,1,b,thioglycoside,logistic_regression,condition_only,split_random_stratified,0.468332300564781,1,0.4549999999999999
1192,31-013-CAS-4659620,1,b,thioglycoside,logistic_regression,condition_only,split_random_stratified,0.7557750513008488,1,0.4549999999999999
1213,31-614-CAS-24503700,1,b,thioglycoside,logistic_regression,condition_only,split_random_stratified,0.5306812444991665,1,0.4549999999999999
1234,31-013-CAS-17024986,0,a,thioglycoside,logistic_regression,condition_only,split_random_stratified,0.4459214677698746,0,0.4549999999999999
1239,31-614-CAS-34954209,1,b,thioglycoside,logistic_regression,condition_only,split_random_stratified,0.6145007688074458,1,0.4549999999999999
1243,31-013-CAS-12548374,1,b,thioglycoside,logistic_regression,condition_only,split_random_stratified,0.3993008416442785,0,0.4549999999999999
1272,31-013-CAS-18353673,1,b,thioglycoside,logistic_regression,condition_only,split_random_stratified,0.4348706064999507,0,0.4549999999999999
1277,31-013-CAS-11595421,1,b,thioglycoside,logistic_regression,condition_only,split_random_stratified,0.1674953131103765,0,0.4549999999999999
1278,31-013-CAS-16173156,0,a,thioglycoside,logistic_regression,condition_only,split_random_stratified,0.22379840580297952,0,0.4549999999999999
1280,31-614-CAS-34954204,0,a,thioglycoside,logistic_regression,condition_only,split_random_stratified,0.6145007688074458,1,0.4549999999999999
1297,31-013-CAS-10911479,1,b,thioglycoside,logistic_regression,condition_only,split_random_stratified,0.468332300564781,1,0.4549999999999999
1311,31-013-CAS-12967646,1,b,thioglycoside,logistic_regression,condition_only,split_random_stratified,0.7050818719683591,1,0.4549999999999999
1332,31-614-CAS-28172097,1,b,thioglycoside,logistic_regression,condition_only,split_random_stratified,0.5701025969645981,1,0.4549999999999999
1339,31-013-CAS-10274383,1,b,thioglycoside,logistic_regression,condition_only,split_random_stratified,0.6295335802630699,1,0.4549999999999999
1344,31-013-CAS-20825259,1,b,thioglycoside,logistic_regression,condition_only,split_random_stratified,0.33788373126091287,0,0.4549999999999999
1358,31-013-CAS-3114823,0,a,thioglycoside,logistic_regression,condition_only,split_random_stratified,0.485095876264744,1,0.4549999999999999
1359,31-013-CAS-22357494,0,a,thioglycoside,logistic_regression,condition_only,split_random_stratified,0.5819441445283015,1,0.4549999999999999
1366,31-013-CAS-1252855,0,a,thioglycoside,logistic_regression,condition_only,split_random_stratified,0.4961374311171204,1,0.4549999999999999
1377,31-013-CAS-20623543,1,b,thioglycoside,logistic_regression,condition_only,split_random_stratified,0.468332300564781,1,0.4549999999999999
1385,31-013-CAS-20519350,1,b,thioglycoside,logistic_regression,condition_only,split_random_stratified,0.5123868460194921,1,0.4549999999999999
1396,31-614-CAS-29322574,1,b,thioglycoside,logistic_regression,condition_only,split_random_stratified,0.4476688986423298,0,0.4549999999999999
1404,31-013-CAS-13253389,1,b,thioglycoside,logistic_regression,condition_only,split_random_stratified,0.3883951209069897,0,0.4549999999999999
1406,31-013-CAS-9638871,1,b,thioglycoside,logistic_regression,condition_only,split_random_stratified,0.428400811693319,0,0.4549999999999999
1414,31-013-CAS-3282710,1,b,thioglycoside,logistic_regression,condition_only,split_random_stratified,0.5789368997608156,1,0.4549999999999999
1427,31-013-CAS-14626746,0,a,thioglycoside,logistic_regression,condition_only,split_random_stratified,0.260972566652183,0,0.4549999999999999
1432,31-013-CAS-11006436,1,b,thioglycoside,logistic_regression,condition_only,split_random_stratified,0.6792545079160099,1,0.4549999999999999
1442,31-013-CAS-13946827,0,a,thioglycoside,logistic_regression,condition_only,split_random_stratified,0.4632962455468188,1,0.4549999999999999
1444,31-013-CAS-9511600,1,b,thioglycoside,logistic_regression,condition_only,split_random_stratified,0.5279480786936026,1,0.4549999999999999
1449,31-013-CAS-15499890,1,b,thioglycoside,logistic_regression,condition_only,split_random_stratified,0.4798572914865587,1,0.4549999999999999
1468,31-013-CAS-6531232,0,a,thioglycoside,logistic_regression,condition_only,split_random_stratified,0.46497060360000986,1,0.4549999999999999
1471,31-013-CAS-1922953,1,b,thioglycoside,logistic_regression,condition_only,split_random_stratified,0.5930150523140818,1,0.4549999999999999
1476,31-013-CAS-667641,1,b,thioglycoside,logistic_regression,condition_only,split_random_stratified,0.706244849955996,1,0.4549999999999999
1479,31-013-CAS-14176615,1,b,thioglycoside,logistic_regression,condition_only,split_random_stratified,0.428400811693319,0,0.4549999999999999
1483,31-013-CAS-8624016,1,b,thioglycoside,logistic_regression,condition_only,split_random_stratified,0.4909402388056927,1,0.4549999999999999
1492,31-614-CAS-36830124,1,b,thioglycoside,logistic_regression,condition_only,split_random_stratified,0.3686168154387196,0,0.4549999999999999
1493,31-614-CAS-36830119,1,b,thioglycoside,logistic_regression,condition_only,split_random_stratified,0.3686168154387196,0,0.4549999999999999
1494,31-013-CAS-5792629,0,a,thioglycoside,logistic_regression,condition_only,split_random_stratified,0.6724083926583491,1,0.4549999999999999
1495,31-013-CAS-7451088,1,b,thioglycoside,logistic_regression,condition_only,split_random_stratified,0.3075581368793446,0,0.4549999999999999
1498,31-614-CAS-36745363,1,b,thioglycoside,logistic_regression,condition_only,split_random_stratified,0.13784822555569176,0,0.4549999999999999
1509,31-013-CAS-7376345,0,a,thioglycoside,logistic_regression,condition_only,split_random_stratified,0.3928868201455115,0,0.4549999999999999
1510,31-013-CAS-7371728,1,b,thioglycoside,logistic_regression,condition_only,split_random_stratified,0.6792545079160099,1,0.4549999999999999
1513,31-013-CAS-14230652,1,b,thioglycoside,logistic_regression,condition_only,split_random_stratified,0.18878919652842868,0,0.4549999999999999
1524,31-013-CAS-15942087,1,b,thioglycoside,logistic_regression,condition_only,split_random_stratified,0.7253434617133525,1,0.4549999999999999
1532,31-614-CAS-41884159,0,a,thioglycoside,logistic_regression,condition_only,split_random_stratified,0.48941339434507036,1,0.4549999999999999
1538,31-614-CAS-30686019,1,b,thioglycoside,logistic_regression,condition_only,split_random_stratified,0.7205167696295596,1,0.4549999999999999
1542,31-013-CAS-21774311,0,a,thioglycoside,logistic_regression,condition_only,split_random_stratified,0.1896577733043872,0,0.4549999999999999
1544,31-614-CAS-37959617,0,a,thioglycoside,logistic_regression,condition_only,split_random_stratified,0.4828471456024325,1,0.4549999999999999
1545,31-013-CAS-16486920,1,b,thioglycoside,logistic_regression,condition_only,split_random_stratified,0.4775426650720555,1,0.4549999999999999
1557,31-013-CAS-7574988,1,b,thioglycoside,logistic_regression,condition_only,split_random_stratified,0.6341683299428199,1,0.4549999999999999
14,31-010-CAS-7636404,1,b,trichloroacetimidate,random_forest,condition_only,split_random_stratified,0.6504571288165548,1,0.48499999999999993
22,31-010-CAS-6541067,1,b,trichloroacetimidate,random_forest,condition_only,split_random_stratified,0.6760918291438163,1,0.48499999999999993
23,31-010-CAS-12435719,1,b,trichloroacetimidate,random_forest,condition_only,split_random_stratified,0.5953548745552737,1,0.48499999999999993
26,31-614-CAS-31203171,0,a,trichloroacetimidate,random_forest,condition_only,split_random_stratified,0.45225824809101944,0,0.48499999999999993
35,31-010-CAS-16059825,0,a,trichloroacetimidate,random_forest,condition_only,split_random_stratified,0.32092454088862127,0,0.48499999999999993
37,31-010-CAS-4938490,1,b,trichloroacetimidate,random_forest,condition_only,split_random_stratified,0.5926380434848587,1,0.48499999999999993
40,31-010-CAS-2030010,1,b,trichloroacetimidate,random_forest,condition_only,split_random_stratified,0.9177209923348942,1,0.48499999999999993
50,31-614-CAS-24990873,0,a,trichloroacetimidate,random_forest,condition_only,split_random_stratified,0.49979888999488215,1,0.48499999999999993
65,31-010-CAS-6929657,0,a,trichloroacetimidate,random_forest,condition_only,split_random_stratified,0.5625929052619593,1,0.48499999999999993
75,31-010-CAS-1428434,1,b,trichloroacetimidate,random_forest,condition_only,split_random_stratified,0.8066558204568843,1,0.48499999999999993
88,31-010-CAS-13632893,1,b,trichloroacetimidate,random_forest,condition_only,split_random_stratified,0.6320355783221886,1,0.48499999999999993
103,31-010-CAS-5152732,0,a,trichloroacetimidate,random_forest,condition_only,split_random_stratified,0.40588733846230923,0,0.48499999999999993
120,31-010-CAS-8132868,1,b,trichloroacetimidate,random_forest,condition_only,split_random_stratified,0.7622319917751967,1,0.48499999999999993
126,31-010-CAS-16569614,1,b,trichloroacetimidate,random_forest,condition_only,split_random_stratified,0.5303289304820004,1,0.48499999999999993
139,31-010-CAS-10336392,1,b,trichloroacetimidate,random_forest,condition_only,split_random_stratified,0.49790272795080426,1,0.48499999999999993
147,31-010-CAS-16717556,1,b,trichloroacetimidate,random_forest,condition_only,split_random_stratified,0.5494008920961329,1,0.48499999999999993
157,31-010-CAS-23202756,1,b,trichloroacetimidate,random_forest,condition_only,split_random_stratified,0.8108558602320209,1,0.48499999999999993
160,31-010-CAS-8349698,1,b,trichloroacetimidate,random_forest,condition_only,split_random_stratified,0.4866884656904736,1,0.48499999999999993
173,31-010-CAS-11639207,1,b,trichloroacetimidate,random_forest,condition_only,split_random_stratified,0.8604132915604545,1,0.48499999999999993
177,31-010-CAS-2453120,1,b,trichloroacetimidate,random_forest,condition_only,split_random_stratified,0.5382501889177772,1,0.48499999999999993
179,31-010-CAS-20996842,1,b,trichloroacetimidate,random_forest,condition_only,split_random_stratified,0.3910037105817464,0,0.48499999999999993
180,31-010-CAS-7801504,1,b,trichloroacetimidate,random_forest,condition_only,split_random_stratified,0.5102613966772719,1,0.48499999999999993
184,31-010-CAS-12105858,1,b,trichloroacetimidate,random_forest,condition_only,split_random_stratified,0.6760918291438163,1,0.48499999999999993
199,31-010-CAS-8475811,1,b,trichloroacetimidate,random_forest,condition_only,split_random_stratified,0.5013692625347028,1,0.48499999999999993
202,31-010-CAS-10742937,1,b,trichloroacetimidate,random_forest,condition_only,split_random_stratified,0.860796034049038,1,0.48499999999999993
204,31-010-CAS-16546346,1,b,trichloroacetimidate,random_forest,condition_only,split_random_stratified,0.5199762418674467,1,0.48499999999999993
206,31-010-CAS-14206798,1,b,trichloroacetimidate,random_forest,condition_only,split_random_stratified,0.8645198869748395,1,0.48499999999999993
211,31-010-CAS-16419863,0,a,trichloroacetimidate,random_forest,condition_only,split_random_stratified,0.38321621035097164,0,0.48499999999999993
212,31-010-CAS-5837683,1,b,trichloroacetimidate,random_forest,condition_only,split_random_stratified,0.3633978938888453,0,0.48499999999999993
213,31-010-CAS-11980647,1,b,trichloroacetimidate,random_forest,condition_only,split_random_stratified,0.4598565855746568,0,0.48499999999999993
214,31-010-CAS-978790,0,a,trichloroacetimidate,random_forest,condition_only,split_random_stratified,0.5841818441074283,1,0.48499999999999993
219,31-010-CAS-3920193,0,a,trichloroacetimidate,random_forest,condition_only,split_random_stratified,0.24938525216708773,0,0.48499999999999993
224,31-010-CAS-11159083,1,b,trichloroacetimidate,random_forest,condition_only,split_random_stratified,0.5900434525314157,1,0.48499999999999993
229,31-010-CAS-11253839,1,b,trichloroacetimidate,random_forest,condition_only,split_random_stratified,0.860796034049038,1,0.48499999999999993
232,31-010-CAS-11268512,0,a,trichloroacetimidate,random_forest,condition_only,split_random_stratified,0.5019049362660503,1,0.48499999999999993
238,31-010-CAS-2752672,1,b,trichloroacetimidate,random_forest,condition_only,split_random_stratified,0.5884416022446138,1,0.48499999999999993
241,31-010-CAS-14863653,1,b,trichloroacetimidate,random_forest,condition_only,split_random_stratified,0.5013692625347028,1,0.48499999999999993
243,31-010-CAS-13659910,1,b,trichloroacetimidate,random_forest,condition_only,split_random_stratified,0.8336412734454735,1,0.48499999999999993
250,31-010-CAS-1767038,0,a,trichloroacetimidate,random_forest,condition_only,split_random_stratified,0.46604473625383624,0,0.48499999999999993
254,31-010-CAS-12015352,1,b,trichloroacetimidate,random_forest,condition_only,split_random_stratified,0.820422045364435,1,0.48499999999999993
260,31-010-CAS-18605825,1,b,trichloroacetimidate,random_forest,condition_only,split_random_stratified,0.8216692643612465,1,0.48499999999999993
266,31-010-CAS-3244651,1,b,trichloroacetimidate,random_forest,condition_only,split_random_stratified,0.5354960680295956,1,0.48499999999999993
268,31-010-CAS-4044654,1,b,trichloroacetimidate,random_forest,condition_only,split_random_stratified,0.5583419768346081,1,0.48499999999999993
283,31-010-CAS-8507735,1,b,trichloroacetimidate,random_forest,condition_only,split_random_stratified,0.5260486363103983,1,0.48499999999999993
286,31-010-CAS-8307308,1,b,trichloroacetimidate,random_forest,condition_only,split_random_stratified,0.8256767859373252,1,0.48499999999999993
290,31-010-CAS-19796358,1,b,trichloroacetimidate,random_forest,condition_only,split_random_stratified,0.7239709651108326,1,0.48499999999999993
299,31-010-CAS-13182905,0,a,trichloroacetimidate,random_forest,condition_only,split_random_stratified,0.604451996285989,1,0.48499999999999993
321,31-010-CAS-11535237,1,b,trichloroacetimidate,random_forest,condition_only,split_random_stratified,0.5950361445521696,1,0.48499999999999993
324,31-010-CAS-16630393,1,b,trichloroacetimidate,random_forest,condition_only,split_random_stratified,0.7239709651108326,1,0.48499999999999993
329,31-010-CAS-12672266,1,b,trichloroacetimidate,random_forest,condition_only,split_random_stratified,0.35083534005442246,0,0.48499999999999993
334,31-010-CAS-21359677,1,b,trichloroacetimidate,random_forest,condition_only,split_random_stratified,0.8117979564732731,1,0.48499999999999993
363,31-010-CAS-3241716,1,b,trichloroacetimidate,random_forest,condition_only,split_random_stratified,0.8117979564732731,1,0.48499999999999993
368,31-010-CAS-21359655,1,b,trichloroacetimidate,random_forest,condition_only,split_random_stratified,0.8117979564732731,1,0.48499999999999993
373,31-010-CAS-14406507,1,b,trichloroacetimidate,random_forest,condition_only,split_random_stratified,0.8117979564732731,1,0.48499999999999993
379,31-010-CAS-5890484,1,b,trichloroacetimidate,random_forest,condition_only,split_random_stratified,0.8117979564732731,1,0.48499999999999993
394,31-010-CAS-2020028,0,a,trichloroacetimidate,random_forest,condition_only,split_random_stratified,0.35083534005442246,0,0.48499999999999993
400,31-010-CAS-15131203,1,b,trichloroacetimidate,random_forest,condition_only,split_random_stratified,0.35083534005442246,0,0.48499999999999993
401,31-010-CAS-8102873,0,a,trichloroacetimidate,random_forest,condition_only,split_random_stratified,0.3095886098325602,0,0.48499999999999993
414,31-010-CAS-5438768,0,a,trichloroacetimidate,random_forest,condition_only,split_random_stratified,0.5597731482454652,1,0.48499999999999993
416,31-010-CAS-8748980,0,a,trichloroacetimidate,random_forest,condition_only,split_random_stratified,0.35083534005442246,0,0.48499999999999993
419,31-010-CAS-16582633,1,b,trichloroacetimidate,random_forest,condition_only,split_random_stratified,0.6071750778621935,1,0.48499999999999993
422,31-010-CAS-21359658,1,b,trichloroacetimidate,random_forest,condition_only,split_random_stratified,0.8117979564732731,1,0.48499999999999993
427,31-010-CAS-2953436,1,b,trichloroacetimidate,random_forest,condition_only,split_random_stratified,0.8117979564732731,1,0.48499999999999993
430,31-010-CAS-1018725,1,b,trichloroacetimidate,random_forest,condition_only,split_random_stratified,0.8117979564732731,1,0.48499999999999993
431,31-010-CAS-21359681,1,b,trichloroacetimidate,random_forest,condition_only,split_random_stratified,0.8117979564732731,1,0.48499999999999993
450,31-010-CAS-5494498,0,a,trichloroacetimidate,random_forest,condition_only,split_random_stratified,0.27759100390671404,0,0.48499999999999993
452,31-010-CAS-12552790,1,b,trichloroacetimidate,random_forest,condition_only,split_random_stratified,0.6760918291438163,1,0.48499999999999993
459,31-010-CAS-11303200,1,b,trichloroacetimidate,random_forest,condition_only,split_random_stratified,0.6760918291438163,1,0.48499999999999993
463,31-010-CAS-2797002,0,a,trichloroacetimidate,random_forest,condition_only,split_random_stratified,0.7960447004572399,1,0.48499999999999993
467,31-010-CAS-2634829,0,a,trichloroacetimidate,random_forest,condition_only,split_random_stratified,0.5503424087941816,1,0.48499999999999993
477,31-010-CAS-10902642,1,b,trichloroacetimidate,random_forest,condition_only,split_random_stratified,0.5330255467733184,1,0.48499999999999993
480,31-614-CAS-44041067,1,b,trichloroacetimidate,random_forest,condition_only,split_random_stratified,0.4866884656904736,1,0.48499999999999993
481,31-010-CAS-2015247,1,b,trichloroacetimidate,random_forest,condition_only,split_random_stratified,0.860796034049038,1,0.48499999999999993
482,31-010-CAS-7110317,0,a,trichloroacetimidate,random_forest,condition_only,split_random_stratified,0.5941611493737836,1,0.48499999999999993
494,31-010-CAS-14792858,1,b,trichloroacetimidate,random_forest,condition_only,split_random_stratified,0.6483399309788288,1,0.48499999999999993
518,31-010-CAS-14831299,0,a,trichloroacetimidate,random_forest,condition_only,split_random_stratified,0.7648192586086783,1,0.48499999999999993
527,31-010-CAS-10545007,0,a,trichloroacetimidate,random_forest,condition_only,split_random_stratified,0.36301474470613737,0,0.48499999999999993
531,31-010-CAS-13346541,0,a,trichloroacetimidate,random_forest,condition_only,split_random_stratified,0.6088776929066708,1,0.48499999999999993
535,31-010-CAS-1415329,1,b,trichloroacetimidate,random_forest,condition_only,split_random_stratified,0.36301474470613737,0,0.48499999999999993
536,31-010-CAS-3485314,1,b,trichloroacetimidate,random_forest,condition_only,split_random_stratified,0.36301474470613737,0,0.48499999999999993
540,31-010-CAS-14143291,1,b,trichloroacetimidate,random_forest,condition_only,split_random_stratified,0.36301474470613737,0,0.48499999999999993
542,31-010-CAS-11210902,0,a,trichloroacetimidate,random_forest,condition_only,split_random_stratified,0.4281420737467919,0,0.48499999999999993
552,31-010-CAS-8134904,0,a,trichloroacetimidate,random_forest,condition_only,split_random_stratified,0.36301474470613737,0,0.48499999999999993
555,31-010-CAS-14658592,1,b,trichloroacetimidate,random_forest,condition_only,split_random_stratified,0.7106533414757578,1,0.48499999999999993
565,31-010-CAS-5089795,0,a,trifluoroacetimidate,random_forest,condition_only,split_random_stratified,0.1379093975151397,0,0.48499999999999993
572,31-013-CAS-6013588,0,a,trifluoroacetimidate,random_forest,condition_only,split_random_stratified,0.4763477003741099,0,0.48499999999999993
573,31-010-CAS-22954860,0,a,trifluoroacetimidate,random_forest,condition_only,split_random_stratified,0.5144391800571018,1,0.48499999999999993
587,31-614-CAS-41495813,0,a,trifluoroacetimidate,random_forest,condition_only,split_random_stratified,0.5381579943091087,1,0.48499999999999993
590,31-010-CAS-8696313,1,b,trifluoroacetimidate,random_forest,condition_only,split_random_stratified,0.6354589063102303,1,0.48499999999999993
600,31-010-CAS-22375200,1,b,trifluoroacetimidate,random_forest,condition_only,split_random_stratified,0.5584029874233529,1,0.48499999999999993
607,31-010-CAS-19353817,0,a,trifluoroacetimidate,random_forest,condition_only,split_random_stratified,0.4413935597283696,0,0.48499999999999993
619,31-614-CAS-35275420,1,b,trifluoroacetimidate,random_forest,condition_only,split_random_stratified,0.512453993185132,1,0.48499999999999993
629,31-010-CAS-23517749,1,b,trifluoroacetimidate,random_forest,condition_only,split_random_stratified,0.6747426390915714,1,0.48499999999999993
632,31-013-CAS-18528259,1,b,trifluoroacetimidate,random_forest,condition_only,split_random_stratified,0.68298682939869,1,0.48499999999999993
638,31-010-CAS-20875067,1,b,trifluoroacetimidate,random_forest,condition_only,split_random_stratified,0.6792451629707404,1,0.48499999999999993
646,31-614-CAS-42575632,1,b,trifluoroacetimidate,random_forest,condition_only,split_random_stratified,0.5497222870612161,1,0.48499999999999993
648,31-614-CAS-35275413,1,b,trifluoroacetimidate,random_forest,condition_only,split_random_stratified,0.6730857019244171,1,0.48499999999999993
650,31-013-CAS-20074828,0,a,thioglycoside,random_forest,condition_only,split_random_stratified,0.38776093644008136,0,0.48499999999999993
654,31-013-CAS-17381408,0,a,thioglycoside,random_forest,condition_only,split_random_stratified,0.48562254904610264,1,0.48499999999999993
672,31-013-CAS-5609840,0,a,thioglycoside,random_forest,condition_only,split_random_stratified,0.5992901516386834,1,0.48499999999999993
688,31-013-CAS-308870,0,a,thioglycoside,random_forest,condition_only,split_random_stratified,0.4742999252779787,0,0.48499999999999993
690,31-614-CAS-42125040,1,b,thioglycoside,random_forest,condition_only,split_random_stratified,0.6397022415032758,1,0.48499999999999993
693,31-013-CAS-15220844,0,a,thioglycoside,random_forest,condition_only,split_random_stratified,0.23094176898226118,0,0.48499999999999993
698,31-013-CAS-17243080,1,b,thioglycoside,random_forest,condition_only,split_random_stratified,0.6847140148656404,1,0.48499999999999993
704,31-614-CAS-34701877,1,b,thioglycoside,random_forest,condition_only,split_random_stratified,0.32764979492549834,0,0.48499999999999993
705,31-013-CAS-4509020,0,a,thioglycoside,random_forest,condition_only,split_random_stratified,0.22106091813076495,0,0.48499999999999993
717,31-013-CAS-22936260,0,a,thioglycoside,random_forest,condition_only,split_random_stratified,0.5495324099193243,1,0.48499999999999993
718,31-614-CAS-34701884,1,b,thioglycoside,random_forest,condition_only,split_random_stratified,0.32764979492549834,0,0.48499999999999993
720,31-013-CAS-13505033,0,a,thioglycoside,random_forest,condition_only,split_random_stratified,0.5495324099193243,1,0.48499999999999993
722,31-013-CAS-21359610,0,a,thioglycoside,random_forest,condition_only,split_random_stratified,0.14477555742935372,0,0.48499999999999993
726,31-013-CAS-14123962,0,a,thioglycoside,random_forest,condition_only,split_random_stratified,0.6954259010725395,1,0.48499999999999993
746,31-013-CAS-3859968,0,a,thioglycoside,random_forest,condition_only,split_random_stratified,0.4641186045306237,0,0.48499999999999993
758,31-013-CAS-15920353,0,a,thioglycoside,random_forest,condition_only,split_random_stratified,0.19486246588525874,0,0.48499999999999993
763,31-013-CAS-6495154,1,b,thioglycoside,random_forest,condition_only,split_random_stratified,0.4166049569821649,0,0.48499999999999993
765,31-013-CAS-11369982,1,b,thioglycoside,random_forest,condition_only,split_random_stratified,0.4166049569821649,0,0.48499999999999993
771,31-013-CAS-21359741,0,a,thioglycoside,random_forest,condition_only,split_random_stratified,0.14477555742935372,0,0.48499999999999993
784,31-013-CAS-17243071,1,b,thioglycoside,random_forest,condition_only,split_random_stratified,0.6831536591047844,1,0.48499999999999993
786,31-614-CAS-44137212,0,a,thioglycoside,random_forest,condition_only,split_random_stratified,0.3057067625160669,0,0.48499999999999993
787,31-013-CAS-10475617,1,b,thioglycoside,random_forest,condition_only,split_random_stratified,0.6185873164494602,1,0.48499999999999993
788,31-013-CAS-13972345,1,b,thioglycoside,random_forest,condition_only,split_random_stratified,0.5457031622721069,1,0.48499999999999993
798,31-013-CAS-1891598,0,a,thioglycoside,random_forest,condition_only,split_random_stratified,0.4166049569821649,0,0.48499999999999993
802,31-013-CAS-22938507,1,b,thioglycoside,random_forest,condition_only,split_random_stratified,0.521871970441476,1,0.48499999999999993
803,31-013-CAS-23876375,0,a,thioglycoside,random_forest,condition_only,split_random_stratified,0.5668198510684669,1,0.48499999999999993
808,31-013-CAS-9812928,0,a,thioglycoside,random_forest,condition_only,split_random_stratified,0.4166049569821649,0,0.48499999999999993
811,31-013-CAS-12273664,1,b,thioglycoside,random_forest,condition_only,split_random_stratified,0.4166049569821649,0,0.48499999999999993
818,31-013-CAS-8835573,0,a,thioglycoside,random_forest,condition_only,split_random_stratified,0.46619533325341045,0,0.48499999999999993
830,31-013-CAS-21905513,1,b,thioglycoside,random_forest,condition_only,split_random_stratified,0.4908715183221357,1,0.48499999999999993
850,31-013-CAS-19733120,0,a,thioglycoside,random_forest,condition_only,split_random_stratified,0.3607482569339872,0,0.48499999999999993
851,31-013-CAS-11213156,1,b,thioglycoside,random_forest,condition_only,split_random_stratified,0.47623290045159156,0,0.48499999999999993
853,31-013-CAS-8454219,1,b,thioglycoside,random_forest,condition_only,split_random_stratified,0.6397022415032758,1,0.48499999999999993
896,31-013-CAS-8933724,0,a,thioglycoside,random_forest,condition_only,split_random_stratified,0.5584524766352988,1,0.48499999999999993
899,31-013-CAS-23877545,1,b,thioglycoside,random_forest,condition_only,split_random_stratified,0.5219384132284933,1,0.48499999999999993
927,31-013-CAS-12459743,1,b,thioglycoside,random_forest,condition_only,split_random_stratified,0.46619533325341045,0,0.48499999999999993
931,31-614-CAS-30873545,0,a,thioglycoside,random_forest,condition_only,split_random_stratified,0.5219384132284933,1,0.48499999999999993
936,31-013-CAS-9549076,1,b,thioglycoside,random_forest,condition_only,split_random_stratified,0.4037564213939028,0,0.48499999999999993
938,31-013-CAS-9933290,0,a,thioglycoside,random_forest,condition_only,split_random_stratified,0.4536659181309215,0,0.48499999999999993
949,31-013-CAS-19796364,1,b,thioglycoside,random_forest,condition_only,split_random_stratified,0.789378422011194,1,0.48499999999999993
950,31-013-CAS-13137320,1,b,thioglycoside,random_forest,condition_only,split_random_stratified,0.6934013772945723,1,0.48499999999999993
956,31-013-CAS-9655089,1,b,thioglycoside,random_forest,condition_only,split_random_stratified,0.4166049569821649,0,0.48499999999999993
967,31-013-CAS-3859987,1,b,thioglycoside,random_forest,condition_only,split_random_stratified,0.4166049569821649,0,0.48499999999999993
973,31-013-CAS-1712789,1,b,thioglycoside,random_forest,condition_only,split_random_stratified,0.4166049569821649,0,0.48499999999999993
974,31-013-CAS-11796224,1,b,thioglycoside,random_forest,condition_only,split_random_stratified,0.4166049569821649,0,0.48499999999999993
979,31-013-CAS-5063674,1,b,thioglycoside,random_forest,condition_only,split_random_stratified,0.48235056291797074,0,0.48499999999999993
987,31-013-CAS-6023114,1,b,thioglycoside,random_forest,condition_only,split_random_stratified,0.4166049569821649,0,0.48499999999999993
997,31-614-CAS-39684276,0,a,thioglycoside,random_forest,condition_only,split_random_stratified,0.6005363774288935,1,0.48499999999999993
1002,31-614-CAS-47697112,1,b,thioglycoside,random_forest,condition_only,split_random_stratified,0.5734033834798571,1,0.48499999999999993
1003,31-614-CAS-27094234,0,a,thioglycoside,random_forest,condition_only,split_random_stratified,0.45100086602608247,0,0.48499999999999993
1004,31-301-CAS-4805695,1,b,thioglycoside,random_forest,condition_only,split_random_stratified,0.5171294025104883,1,0.48499999999999993
1007,31-013-CAS-9787141,1,b,thioglycoside,random_forest,condition_only,split_random_stratified,0.698683236700441,1,0.48499999999999993
1010,31-013-CAS-22252748,1,b,thioglycoside,random_forest,condition_only,split_random_stratified,0.6594664648723285,1,0.48499999999999993
1013,31-013-CAS-7197673,0,a,thioglycoside,random_forest,condition_only,split_random_stratified,0.43851937587339707,0,0.48499999999999993
1016,31-013-CAS-20281584,1,b,thioglycoside,random_forest,condition_only,split_random_stratified,0.3208470645858459,0,0.48499999999999993
1027,31-013-CAS-8833991,0,a,thioglycoside,random_forest,condition_only,split_random_stratified,0.42871354211792173,0,0.48499999999999993
1032,31-013-CAS-3532904,1,b,thioglycoside,random_forest,condition_only,split_random_stratified,0.521871970441476,1,0.48499999999999993
1036,31-013-CAS-113679,1,b,thioglycoside,random_forest,condition_only,split_random_stratified,0.3076398416268988,0,0.48499999999999993
1043,31-013-CAS-19733121,0,a,thioglycoside,random_forest,condition_only,split_random_stratified,0.3607482569339872,0,0.48499999999999993
1045,31-013-CAS-7954210,0,a,thioglycoside,random_forest,condition_only,split_random_stratified,0.43502063678373903,0,0.48499999999999993
1047,31-013-CAS-12680725,1,b,thioglycoside,random_forest,condition_only,split_random_stratified,0.7413659984121466,1,0.48499999999999993
1049,31-013-CAS-7571329,1,b,thioglycoside,random_forest,condition_only,split_random_stratified,0.6843868145189674,1,0.48499999999999993
1051,31-013-CAS-5482709,1,b,thioglycoside,random_forest,condition_only,split_random_stratified,0.6843868145189674,1,0.48499999999999993
1055,31-013-CAS-11908517,1,b,thioglycoside,random_forest,condition_only,split_random_stratified,0.6039413353795147,1,0.48499999999999993
1063,31-301-CAS-8308590,1,b,thioglycoside,random_forest,condition_only,split_random_stratified,0.6117686728211467,1,0.48499999999999993
1071,31-013-CAS-6440966,1,b,thioglycoside,random_forest,condition_only,split_random_stratified,0.7300798831581875,1,0.48499999999999993
1081,31-013-CAS-22664054,0,a,thioglycoside,random_forest,condition_only,split_random_stratified,0.3665342770074058,0,0.48499999999999993
1086,31-013-CAS-6864875,0,a,thioglycoside,random_forest,condition_only,split_random_stratified,0.43851937587339707,0,0.48499999999999993
1096,31-013-CAS-8679459,0,a,thioglycoside,random_forest,condition_only,split_random_stratified,0.5715547306618337,1,0.48499999999999993
1097,31-013-CAS-1889585,0,a,thioglycoside,random_forest,condition_only,split_random_stratified,0.4285742975385959,0,0.48499999999999993
1105,31-614-CAS-32458097,0,a,thioglycoside,random_forest,condition_only,split_random_stratified,0.4847956823566925,0,0.48499999999999993
1109,31-013-CAS-10851823,1,b,thioglycoside,random_forest,condition_only,split_random_stratified,0.5868303404217144,1,0.48499999999999993
1115,31-013-CAS-14147258,1,b,thioglycoside,random_forest,condition_only,split_random_stratified,0.6005363774288935,1,0.48499999999999993
1130,31-614-CAS-40361044,1,b,thioglycoside,random_forest,condition_only,split_random_stratified,0.6483579668991314,1,0.48499999999999993
1135,31-013-CAS-10173116,1,b,thioglycoside,random_forest,condition_only,split_random_stratified,0.4019991083238338,0,0.48499999999999993
1137,31-013-CAS-9961430,0,a,thioglycoside,random_forest,condition_only,split_random_stratified,0.3787166200418682,0,0.48499999999999993
1141,31-013-CAS-17791367,0,a,thioglycoside,random_forest,condition_only,split_random_stratified,0.16343213183963184,0,0.48499999999999993
1152,31-013-CAS-6871905,0,a,thioglycoside,random_forest,condition_only,split_random_stratified,0.5882045044602295,1,0.48499999999999993
1153,31-013-CAS-8455590,0,a,thioglycoside,random_forest,condition_only,split_random_stratified,0.26665821501768333,0,0.48499999999999993
1157,31-006-CAS-16647345,1,b,thioglycoside,random_forest,condition_only,split_random_stratified,0.482134659956653,0,0.48499999999999993
1162,31-013-CAS-9669067,1,b,thioglycoside,random_forest,condition_only,split_random_stratified,0.4711588924549612,0,0.48499999999999993
1163,31-013-CAS-11323810,0,a,thioglycoside,random_forest,condition_only,split_random_stratified,0.3393274132970983,0,0.48499999999999993
1166,31-013-CAS-553402,1,b,thioglycoside,random_forest,condition_only,split_random_stratified,0.4711588924549612,0,0.48499999999999993
1172,31-013-CAS-10549598,0,a,thioglycoside,random_forest,condition_only,split_random_stratified,0.41330306414851864,0,0.48499999999999993
1179,31-013-CAS-21013700,1,b,thioglycoside,random_forest,condition_only,split_random_stratified,0.5380460570076724,1,0.48499999999999993
1180,31-013-CAS-992775,1,b,thioglycoside,random_forest,condition_only,split_random_stratified,0.7525427437120199,1,0.48499999999999993
1181,31-013-CAS-19796379,1,b,thioglycoside,random_forest,condition_only,split_random_stratified,0.4166049569821649,0,0.48499999999999993
1182,31-013-CAS-12326620,0,a,thioglycoside,random_forest,condition_only,split_random_stratified,0.5998448325481878,1,0.48499999999999993
1187,31-013-CAS-14640673,0,a,thioglycoside,random_forest,condition_only,split_random_stratified,0.46446935035934417,0,0.48499999999999993
1189,31-013-CAS-7955565,1,b,thioglycoside,random_forest,condition_only,split_random_stratified,0.48562254904610264,1,0.48499999999999993
1192,31-013-CAS-4659620,1,b,thioglycoside,random_forest,condition_only,split_random_stratified,0.7172556181829925,1,0.48499999999999993
1213,31-614-CAS-24503700,1,b,thioglycoside,random_forest,condition_only,split_random_stratified,0.46814242324778965,0,0.48499999999999993
1234,31-013-CAS-17024986,0,a,thioglycoside,random_forest,condition_only,split_random_stratified,0.20497696497880424,0,0.48499999999999993
1239,31-614-CAS-34954209,1,b,thioglycoside,random_forest,condition_only,split_random_stratified,0.7457954813758885,1,0.48499999999999993
1243,31-013-CAS-12548374,1,b,thioglycoside,random_forest,condition_only,split_random_stratified,0.4908715183221357,1,0.48499999999999993
1272,31-013-CAS-18353673,1,b,thioglycoside,random_forest,condition_only,split_random_stratified,0.6084071303818015,1,0.48499999999999993
1277,31-013-CAS-11595421,1,b,thioglycoside,random_forest,condition_only,split_random_stratified,0.4902793425687709,1,0.48499999999999993
1278,31-013-CAS-16173156,0,a,thioglycoside,random_forest,condition_only,split_random_stratified,0.3559137306704234,0,0.48499999999999993
1280,31-614-CAS-34954204,0,a,thioglycoside,random_forest,condition_only,split_random_stratified,0.7457954813758885,1,0.48499999999999993
1297,31-013-CAS-10911479,1,b,thioglycoside,random_forest,condition_only,split_random_stratified,0.48562254904610264,1,0.48499999999999993
1311,31-013-CAS-12967646,1,b,thioglycoside,random_forest,condition_only,split_random_stratified,0.5399616515039608,1,0.48499999999999993
1332,31-614-CAS-28172097,1,b,thioglycoside,random_forest,condition_only,split_random_stratified,0.6583436268415978,1,0.48499999999999993
1339,31-013-CAS-10274383,1,b,thioglycoside,random_forest,condition_only,split_random_stratified,0.7177245495673724,1,0.48499999999999993
1344,31-013-CAS-20825259,1,b,thioglycoside,random_forest,condition_only,split_random_stratified,0.48114869674401006,0,0.48499999999999993
1358,31-013-CAS-3114823,0,a,thioglycoside,random_forest,condition_only,split_random_stratified,0.3667303825670935,0,0.48499999999999993
1359,31-013-CAS-22357494,0,a,thioglycoside,random_forest,condition_only,split_random_stratified,0.46619533325341045,0,0.48499999999999993
1366,31-013-CAS-1252855,0,a,thioglycoside,random_forest,condition_only,split_random_stratified,0.5337713264382238,1,0.48499999999999993
1377,31-013-CAS-20623543,1,b,thioglycoside,random_forest,condition_only,split_random_stratified,0.48562254904610264,1,0.48499999999999993
1385,31-013-CAS-20519350,1,b,thioglycoside,random_forest,condition_only,split_random_stratified,0.417178851858988,0,0.48499999999999993
1396,31-614-CAS-29322574,1,b,thioglycoside,random_forest,condition_only,split_random_stratified,0.49300492092525616,1,0.48499999999999993
1404,31-013-CAS-13253389,1,b,thioglycoside,random_forest,condition_only,split_random_stratified,0.3787166200418682,0,0.48499999999999993
1406,31-013-CAS-9638871,1,b,thioglycoside,random_forest,condition_only,split_random_stratified,0.6949126037752079,1,0.48499999999999993
1414,31-013-CAS-3282710,1,b,thioglycoside,random_forest,condition_only,split_random_stratified,0.617112060253726,1,0.48499999999999993
1427,31-013-CAS-14626746,0,a,thioglycoside,random_forest,condition_only,split_random_stratified,0.4887034181737826,1,0.48499999999999993
1432,31-013-CAS-11006436,1,b,thioglycoside,random_forest,condition_only,split_random_stratified,0.77691801034652,1,0.48499999999999993
1442,31-013-CAS-13946827,0,a,thioglycoside,random_forest,condition_only,split_random_stratified,0.5711124026566116,1,0.48499999999999993
1444,31-013-CAS-9511600,1,b,thioglycoside,random_forest,condition_only,split_random_stratified,0.632249484951615,1,0.48499999999999993
1449,31-013-CAS-15499890,1,b,thioglycoside,random_forest,condition_only,split_random_stratified,0.4713345253107144,0,0.48499999999999993
1468,31-013-CAS-6531232,0,a,thioglycoside,random_forest,condition_only,split_random_stratified,0.5848708753440282,1,0.48499999999999993
1471,31-013-CAS-1922953,1,b,thioglycoside,random_forest,condition_only,split_random_stratified,0.5219384132284933,1,0.48499999999999993
1476,31-013-CAS-667641,1,b,thioglycoside,random_forest,condition_only,split_random_stratified,0.8282646244960964,1,0.48499999999999993
1479,31-013-CAS-14176615,1,b,thioglycoside,random_forest,condition_only,split_random_stratified,0.6949126037752079,1,0.48499999999999993
1483,31-013-CAS-8624016,1,b,thioglycoside,random_forest,condition_only,split_random_stratified,0.7480111579151719,1,0.48499999999999993
1492,31-614-CAS-36830124,1,b,thioglycoside,random_forest,condition_only,split_random_stratified,0.33620456514964164,0,0.48499999999999993
1493,31-614-CAS-36830119,1,b,thioglycoside,random_forest,condition_only,split_random_stratified,0.33620456514964164,0,0.48499999999999993
1494,31-013-CAS-5792629,0,a,thioglycoside,random_forest,condition_only,split_random_stratified,0.6795445730917153,1,0.48499999999999993
1495,31-013-CAS-7451088,1,b,thioglycoside,random_forest,condition_only,split_random_stratified,0.4711588924549612,0,0.48499999999999993
1498,31-614-CAS-36745363,1,b,thioglycoside,random_forest,condition_only,split_random_stratified,0.19382504706346784,0,0.48499999999999993
1509,31-013-CAS-7376345,0,a,thioglycoside,random_forest,condition_only,split_random_stratified,0.4277344359863841,0,0.48499999999999993
1510,31-013-CAS-7371728,1,b,thioglycoside,random_forest,condition_only,split_random_stratified,0.77691801034652,1,0.48499999999999993
1513,31-013-CAS-14230652,1,b,thioglycoside,random_forest,condition_only,split_random_stratified,0.33634718148575526,0,0.48499999999999993
1524,31-013-CAS-15942087,1,b,thioglycoside,random_forest,condition_only,split_random_stratified,0.7085688119315514,1,0.48499999999999993
1532,31-614-CAS-41884159,0,a,thioglycoside,random_forest,condition_only,split_random_stratified,0.31435279686797996,0,0.48499999999999993
1538,31-614-CAS-30686019,1,b,thioglycoside,random_forest,condition_only,split_random_stratified,0.7932025714944486,1,0.48499999999999993
1542,31-013-CAS-21774311,0,a,thioglycoside,random_forest,condition_only,split_random_stratified,0.31751336178581774,0,0.48499999999999993
1544,31-614-CAS-37959617,0,a,thioglycoside,random_forest,condition_only,split_random_stratified,0.3019289508734446,0,0.48499999999999993
1545,31-013-CAS-16486920,1,b,thioglycoside,random_forest,condition_only,split_random_stratified,0.49956924212781645,1,0.48499999999999993
1557,31-013-CAS-7574988,1,b,thioglycoside,random_forest,condition_only,split_random_stratified,0.7076540006391752,1,0.48499999999999993
14,31-010-CAS-7636404,1,b,trichloroacetimidate,xgboost,condition_only,split_random_stratified,0.6714354157447815,1,0.5299999999999999
22,31-010-CAS-6541067,1,b,trichloroacetimidate,xgboost,condition_only,split_random_stratified,0.7377408742904663,1,0.5299999999999999
23,31-010-CAS-12435719,1,b,trichloroacetimidate,xgboost,condition_only,split_random_stratified,0.7101569175720215,1,0.5299999999999999
26,31-614-CAS-31203171,0,a,trichloroacetimidate,xgboost,condition_only,split_random_stratified,0.4523695409297943,0,0.5299999999999999
35,31-010-CAS-16059825,0,a,trichloroacetimidate,xgboost,condition_only,split_random_stratified,0.20731322467327118,0,0.5299999999999999
37,31-010-CAS-4938490,1,b,trichloroacetimidate,xgboost,condition_only,split_random_stratified,0.6012772917747498,1,0.5299999999999999
40,31-010-CAS-2030010,1,b,trichloroacetimidate,xgboost,condition_only,split_random_stratified,0.9814462065696716,1,0.5299999999999999
50,31-614-CAS-24990873,0,a,trichloroacetimidate,xgboost,condition_only,split_random_stratified,0.32753726840019226,0,0.5299999999999999
65,31-010-CAS-6929657,0,a,trichloroacetimidate,xgboost,condition_only,split_random_stratified,0.5614696145057678,1,0.5299999999999999
75,31-010-CAS-1428434,1,b,trichloroacetimidate,xgboost,condition_only,split_random_stratified,0.9124206900596619,1,0.5299999999999999
88,31-010-CAS-13632893,1,b,trichloroacetimidate,xgboost,condition_only,split_random_stratified,0.7292907238006592,1,0.5299999999999999
103,31-010-CAS-5152732,0,a,trichloroacetimidate,xgboost,condition_only,split_random_stratified,0.3072170317173004,0,0.5299999999999999
120,31-010-CAS-8132868,1,b,trichloroacetimidate,xgboost,condition_only,split_random_stratified,0.9223123788833618,1,0.5299999999999999
126,31-010-CAS-16569614,1,b,trichloroacetimidate,xgboost,condition_only,split_random_stratified,0.5377388000488281,1,0.5299999999999999
139,31-010-CAS-10336392,1,b,trichloroacetimidate,xgboost,condition_only,split_random_stratified,0.4271067976951599,0,0.5299999999999999
147,31-010-CAS-16717556,1,b,trichloroacetimidate,xgboost,condition_only,split_random_stratified,0.5305770635604858,1,0.5299999999999999
157,31-010-CAS-23202756,1,b,trichloroacetimidate,xgboost,condition_only,split_random_stratified,0.9508585333824158,1,0.5299999999999999
160,31-010-CAS-8349698,1,b,trichloroacetimidate,xgboost,condition_only,split_random_stratified,0.4348691701889038,0,0.5299999999999999
173,31-010-CAS-11639207,1,b,trichloroacetimidate,xgboost,condition_only,split_random_stratified,0.91045081615448,1,0.5299999999999999
177,31-010-CAS-2453120,1,b,trichloroacetimidate,xgboost,condition_only,split_random_stratified,0.709255039691925,1,0.5299999999999999
179,31-010-CAS-20996842,1,b,trichloroacetimidate,xgboost,condition_only,split_random_stratified,0.2356048971414566,0,0.5299999999999999
180,31-010-CAS-7801504,1,b,trichloroacetimidate,xgboost,condition_only,split_random_stratified,0.5085338950157166,0,0.5299999999999999
184,31-010-CAS-12105858,1,b,trichloroacetimidate,xgboost,condition_only,split_random_stratified,0.7377408742904663,1,0.5299999999999999
199,31-010-CAS-8475811,1,b,trichloroacetimidate,xgboost,condition_only,split_random_stratified,0.47503888607025146,0,0.5299999999999999
202,31-010-CAS-10742937,1,b,trichloroacetimidate,xgboost,condition_only,split_random_stratified,0.9651003479957581,1,0.5299999999999999
204,31-010-CAS-16546346,1,b,trichloroacetimidate,xgboost,condition_only,split_random_stratified,0.6912866830825806,1,0.5299999999999999
206,31-010-CAS-14206798,1,b,trichloroacetimidate,xgboost,condition_only,split_random_stratified,0.9469828605651855,1,0.5299999999999999
211,31-010-CAS-16419863,0,a,trichloroacetimidate,xgboost,condition_only,split_random_stratified,0.2753411531448364,0,0.5299999999999999
212,31-010-CAS-5837683,1,b,trichloroacetimidate,xgboost,condition_only,split_random_stratified,0.35273388028144836,0,0.5299999999999999
213,31-010-CAS-11980647,1,b,trichloroacetimidate,xgboost,condition_only,split_random_stratified,0.5039527416229248,0,0.5299999999999999
214,31-010-CAS-978790,0,a,trichloroacetimidate,xgboost,condition_only,split_random_stratified,0.6548023223876953,1,0.5299999999999999
219,31-010-CAS-3920193,0,a,trichloroacetimidate,xgboost,condition_only,split_random_stratified,0.04277263581752777,0,0.5299999999999999
224,31-010-CAS-11159083,1,b,trichloroacetimidate,xgboost,condition_only,split_random_stratified,0.7048198580741882,1,0.5299999999999999
229,31-010-CAS-11253839,1,b,trichloroacetimidate,xgboost,condition_only,split_random_stratified,0.9651003479957581,1,0.5299999999999999
232,31-010-CAS-11268512,0,a,trichloroacetimidate,xgboost,condition_only,split_random_stratified,0.748943030834198,1,0.5299999999999999
238,31-010-CAS-2752672,1,b,trichloroacetimidate,xgboost,condition_only,split_random_stratified,0.7277190089225769,1,0.5299999999999999
241,31-010-CAS-14863653,1,b,trichloroacetimidate,xgboost,condition_only,split_random_stratified,0.47503888607025146,0,0.5299999999999999
243,31-010-CAS-13659910,1,b,trichloroacetimidate,xgboost,condition_only,split_random_stratified,0.968117356300354,1,0.5299999999999999
250,31-010-CAS-1767038,0,a,trichloroacetimidate,xgboost,condition_only,split_random_stratified,0.5170044898986816,0,0.5299999999999999
254,31-010-CAS-12015352,1,b,trichloroacetimidate,xgboost,condition_only,split_random_stratified,0.9421820640563965,1,0.5299999999999999
260,31-010-CAS-18605825,1,b,trichloroacetimidate,xgboost,condition_only,split_random_stratified,0.9518435597419739,1,0.5299999999999999
266,31-010-CAS-3244651,1,b,trichloroacetimidate,xgboost,condition_only,split_random_stratified,0.6755160093307495,1,0.5299999999999999
268,31-010-CAS-4044654,1,b,trichloroacetimidate,xgboost,condition_only,split_random_stratified,0.4295070171356201,0,0.5299999999999999
283,31-010-CAS-8507735,1,b,trichloroacetimidate,xgboost,condition_only,split_random_stratified,0.6152333617210388,1,0.5299999999999999
286,31-010-CAS-8307308,1,b,trichloroacetimidate,xgboost,condition_only,split_random_stratified,0.9751685857772827,1,0.5299999999999999
290,31-010-CAS-19796358,1,b,trichloroacetimidate,xgboost,condition_only,split_random_stratified,0.8589835166931152,1,0.5299999999999999
299,31-010-CAS-13182905,0,a,trichloroacetimidate,xgboost,condition_only,split_random_stratified,0.45795753598213196,0,0.5299999999999999
321,31-010-CAS-11535237,1,b,trichloroacetimidate,xgboost,condition_only,split_random_stratified,0.5377388000488281,1,0.5299999999999999
324,31-010-CAS-16630393,1,b,trichloroacetimidate,xgboost,condition_only,split_random_stratified,0.8589835166931152,1,0.5299999999999999
329,31-010-CAS-12672266,1,b,trichloroacetimidate,xgboost,condition_only,split_random_stratified,0.35580378770828247,0,0.5299999999999999
334,31-010-CAS-21359677,1,b,trichloroacetimidate,xgboost,condition_only,split_random_stratified,0.8143397569656372,1,0.5299999999999999
363,31-010-CAS-3241716,1,b,trichloroacetimidate,xgboost,condition_only,split_random_stratified,0.8143397569656372,1,0.5299999999999999
368,31-010-CAS-21359655,1,b,trichloroacetimidate,xgboost,condition_only,split_random_stratified,0.8143397569656372,1,0.5299999999999999
373,31-010-CAS-14406507,1,b,trichloroacetimidate,xgboost,condition_only,split_random_stratified,0.8143397569656372,1,0.5299999999999999
379,31-010-CAS-5890484,1,b,trichloroacetimidate,xgboost,condition_only,split_random_stratified,0.8143397569656372,1,0.5299999999999999
394,31-010-CAS-2020028,0,a,trichloroacetimidate,xgboost,condition_only,split_random_stratified,0.35580378770828247,0,0.5299999999999999
400,31-010-CAS-15131203,1,b,trichloroacetimidate,xgboost,condition_only,split_random_stratified,0.35580378770828247,0,0.5299999999999999
401,31-010-CAS-8102873,0,a,trichloroacetimidate,xgboost,condition_only,split_random_stratified,0.09630497545003891,0,0.5299999999999999
414,31-010-CAS-5438768,0,a,trichloroacetimidate,xgboost,condition_only,split_random_stratified,0.35442066192626953,0,0.5299999999999999
416,31-010-CAS-8748980,0,a,trichloroacetimidate,xgboost,condition_only,split_random_stratified,0.35580378770828247,0,0.5299999999999999
419,31-010-CAS-16582633,1,b,trichloroacetimidate,xgboost,condition_only,split_random_stratified,0.5815818309783936,1,0.5299999999999999
422,31-010-CAS-21359658,1,b,trichloroacetimidate,xgboost,condition_only,split_random_stratified,0.8143397569656372,1,0.5299999999999999
427,31-010-CAS-2953436,1,b,trichloroacetimidate,xgboost,condition_only,split_random_stratified,0.8143397569656372,1,0.5299999999999999
430,31-010-CAS-1018725,1,b,trichloroacetimidate,xgboost,condition_only,split_random_stratified,0.8143397569656372,1,0.5299999999999999
431,31-010-CAS-21359681,1,b,trichloroacetimidate,xgboost,condition_only,split_random_stratified,0.8143397569656372,1,0.5299999999999999
450,31-010-CAS-5494498,0,a,trichloroacetimidate,xgboost,condition_only,split_random_stratified,0.1716555804014206,0,0.5299999999999999
452,31-010-CAS-12552790,1,b,trichloroacetimidate,xgboost,condition_only,split_random_stratified,0.7377408742904663,1,0.5299999999999999
459,31-010-CAS-11303200,1,b,trichloroacetimidate,xgboost,condition_only,split_random_stratified,0.7377408742904663,1,0.5299999999999999
463,31-010-CAS-2797002,0,a,trichloroacetimidate,xgboost,condition_only,split_random_stratified,0.9450970888137817,1,0.5299999999999999
467,31-010-CAS-2634829,0,a,trichloroacetimidate,xgboost,condition_only,split_random_stratified,0.38494569063186646,0,0.5299999999999999
477,31-010-CAS-10902642,1,b,trichloroacetimidate,xgboost,condition_only,split_random_stratified,0.3406147360801697,0,0.5299999999999999
480,31-614-CAS-44041067,1,b,trichloroacetimidate,xgboost,condition_only,split_random_stratified,0.4348691701889038,0,0.5299999999999999
481,31-010-CAS-2015247,1,b,trichloroacetimidate,xgboost,condition_only,split_random_stratified,0.9651003479957581,1,0.5299999999999999
482,31-010-CAS-7110317,0,a,trichloroacetimidate,xgboost,condition_only,split_random_stratified,0.7581652998924255,1,0.5299999999999999
494,31-010-CAS-14792858,1,b,trichloroacetimidate,xgboost,condition_only,split_random_stratified,0.879603385925293,1,0.5299999999999999
518,31-010-CAS-14831299,0,a,trichloroacetimidate,xgboost,condition_only,split_random_stratified,0.7955183982849121,1,0.5299999999999999
527,31-010-CAS-10545007,0,a,trichloroacetimidate,xgboost,condition_only,split_random_stratified,0.34902292490005493,0,0.5299999999999999
531,31-010-CAS-13346541,0,a,trichloroacetimidate,xgboost,condition_only,split_random_stratified,0.48631516098976135,0,0.5299999999999999
535,31-010-CAS-1415329,1,b,trichloroacetimidate,xgboost,condition_only,split_random_stratified,0.34902292490005493,0,0.5299999999999999
536,31-010-CAS-3485314,1,b,trichloroacetimidate,xgboost,condition_only,split_random_stratified,0.34902292490005493,0,0.5299999999999999
540,31-010-CAS-14143291,1,b,trichloroacetimidate,xgboost,condition_only,split_random_stratified,0.34902292490005493,0,0.5299999999999999
542,31-010-CAS-11210902,0,a,trichloroacetimidate,xgboost,condition_only,split_random_stratified,0.4130929410457611,0,0.5299999999999999
552,31-010-CAS-8134904,0,a,trichloroacetimidate,xgboost,condition_only,split_random_stratified,0.34902292490005493,0,0.5299999999999999
555,31-010-CAS-14658592,1,b,trichloroacetimidate,xgboost,condition_only,split_random_stratified,0.834351658821106,1,0.5299999999999999
565,31-010-CAS-5089795,0,a,trifluoroacetimidate,xgboost,condition_only,split_random_stratified,0.15211078524589539,0,0.5299999999999999
572,31-013-CAS-6013588,0,a,trifluoroacetimidate,xgboost,condition_only,split_random_stratified,0.370894193649292,0,0.5299999999999999
573,31-010-CAS-22954860,0,a,trifluoroacetimidate,xgboost,condition_only,split_random_stratified,0.6185032725334167,1,0.5299999999999999
587,31-614-CAS-41495813,0,a,trifluoroacetimidate,xgboost,condition_only,split_random_stratified,0.49234896898269653,0,0.5299999999999999
590,31-010-CAS-8696313,1,b,trifluoroacetimidate,xgboost,condition_only,split_random_stratified,0.6511307954788208,1,0.5299999999999999
600,31-010-CAS-22375200,1,b,trifluoroacetimidate,xgboost,condition_only,split_random_stratified,0.5002151131629944,0,0.5299999999999999
607,31-010-CAS-19353817,0,a,trifluoroacetimidate,xgboost,condition_only,split_random_stratified,0.3132406175136566,0,0.5299999999999999
619,31-614-CAS-35275420,1,b,trifluoroacetimidate,xgboost,condition_only,split_random_stratified,0.540061354637146,1,0.5299999999999999
629,31-010-CAS-23517749,1,b,trifluoroacetimidate,xgboost,condition_only,split_random_stratified,0.874071478843689,1,0.5299999999999999
632,31-013-CAS-18528259,1,b,trifluoroacetimidate,xgboost,condition_only,split_random_stratified,0.6737170815467834,1,0.5299999999999999
638,31-010-CAS-20875067,1,b,trifluoroacetimidate,xgboost,condition_only,split_random_stratified,0.5993397831916809,1,0.5299999999999999
646,31-614-CAS-42575632,1,b,trifluoroacetimidate,xgboost,condition_only,split_random_stratified,0.5079872012138367,0,0.5299999999999999
648,31-614-CAS-35275413,1,b,trifluoroacetimidate,xgboost,condition_only,split_random_stratified,0.9083169102668762,1,0.5299999999999999
650,31-013-CAS-20074828,0,a,thioglycoside,xgboost,condition_only,split_random_stratified,0.45951560139656067,0,0.5299999999999999
654,31-013-CAS-17381408,0,a,thioglycoside,xgboost,condition_only,split_random_stratified,0.5360357761383057,1,0.5299999999999999
672,31-013-CAS-5609840,0,a,thioglycoside,xgboost,condition_only,split_random_stratified,0.7642200589179993,1,0.5299999999999999
688,31-013-CAS-308870,0,a,thioglycoside,xgboost,condition_only,split_random_stratified,0.33858540654182434,0,0.5299999999999999
690,31-614-CAS-42125040,1,b,thioglycoside,xgboost,condition_only,split_random_stratified,0.5981017351150513,1,0.5299999999999999
693,31-013-CAS-15220844,0,a,thioglycoside,xgboost,condition_only,split_random_stratified,0.12575280666351318,0,0.5299999999999999
698,31-013-CAS-17243080,1,b,thioglycoside,xgboost,condition_only,split_random_stratified,0.6506737470626831,1,0.5299999999999999
704,31-614-CAS-34701877,1,b,thioglycoside,xgboost,condition_only,split_random_stratified,0.2739984095096588,0,0.5299999999999999
705,31-013-CAS-4509020,0,a,thioglycoside,xgboost,condition_only,split_random_stratified,0.06563068181276321,0,0.5299999999999999
717,31-013-CAS-22936260,0,a,thioglycoside,xgboost,condition_only,split_random_stratified,0.4350140392780304,0,0.5299999999999999
718,31-614-CAS-34701884,1,b,thioglycoside,xgboost,condition_only,split_random_stratified,0.2739984095096588,0,0.5299999999999999
720,31-013-CAS-13505033,0,a,thioglycoside,xgboost,condition_only,split_random_stratified,0.4350140392780304,0,0.5299999999999999
722,31-013-CAS-21359610,0,a,thioglycoside,xgboost,condition_only,split_random_stratified,0.15556350350379944,0,0.5299999999999999
726,31-013-CAS-14123962,0,a,thioglycoside,xgboost,condition_only,split_random_stratified,0.7514238357543945,1,0.5299999999999999
746,31-013-CAS-3859968,0,a,thioglycoside,xgboost,condition_only,split_random_stratified,0.5756150484085083,1,0.5299999999999999
758,31-013-CAS-15920353,0,a,thioglycoside,xgboost,condition_only,split_random_stratified,0.14988353848457336,0,0.5299999999999999
763,31-013-CAS-6495154,1,b,thioglycoside,xgboost,condition_only,split_random_stratified,0.4129779636859894,0,0.5299999999999999
765,31-013-CAS-11369982,1,b,thioglycoside,xgboost,condition_only,split_random_stratified,0.4129779636859894,0,0.5299999999999999
771,31-013-CAS-21359741,0,a,thioglycoside,xgboost,condition_only,split_random_stratified,0.15556350350379944,0,0.5299999999999999
784,31-013-CAS-17243071,1,b,thioglycoside,xgboost,condition_only,split_random_stratified,0.6368154287338257,1,0.5299999999999999
786,31-614-CAS-44137212,0,a,thioglycoside,xgboost,condition_only,split_random_stratified,0.1683204472064972,0,0.5299999999999999
787,31-013-CAS-10475617,1,b,thioglycoside,xgboost,condition_only,split_random_stratified,0.6234250664710999,1,0.5299999999999999
788,31-013-CAS-13972345,1,b,thioglycoside,xgboost,condition_only,split_random_stratified,0.3340919017791748,0,0.5299999999999999
798,31-013-CAS-1891598,0,a,thioglycoside,xgboost,condition_only,split_random_stratified,0.4129779636859894,0,0.5299999999999999
802,31-013-CAS-22938507,1,b,thioglycoside,xgboost,condition_only,split_random_stratified,0.5196094512939453,0,0.5299999999999999
803,31-013-CAS-23876375,0,a,thioglycoside,xgboost,condition_only,split_random_stratified,0.556463360786438,1,0.5299999999999999
808,31-013-CAS-9812928,0,a,thioglycoside,xgboost,condition_only,split_random_stratified,0.4129779636859894,0,0.5299999999999999
811,31-013-CAS-12273664,1,b,thioglycoside,xgboost,condition_only,split_random_stratified,0.4129779636859894,0,0.5299999999999999
818,31-013-CAS-8835573,0,a,thioglycoside,xgboost,condition_only,split_random_stratified,0.6261658072471619,1,0.5299999999999999
830,31-013-CAS-21905513,1,b,thioglycoside,xgboost,condition_only,split_random_stratified,0.48552781343460083,0,0.5299999999999999
850,31-013-CAS-19733120,0,a,thioglycoside,xgboost,condition_only,split_random_stratified,0.1430816501379013,0,0.5299999999999999
851,31-013-CAS-11213156,1,b,thioglycoside,xgboost,condition_only,split_random_stratified,0.3677806258201599,0,0.5299999999999999
853,31-013-CAS-8454219,1,b,thioglycoside,xgboost,condition_only,split_random_stratified,0.5981017351150513,1,0.5299999999999999
896,31-013-CAS-8933724,0,a,thioglycoside,xgboost,condition_only,split_random_stratified,0.49293625354766846,0,0.5299999999999999
899,31-013-CAS-23877545,1,b,thioglycoside,xgboost,condition_only,split_random_stratified,0.5276614427566528,0,0.5299999999999999
927,31-013-CAS-12459743,1,b,thioglycoside,xgboost,condition_only,split_random_stratified,0.6261658072471619,1,0.5299999999999999
931,31-614-CAS-30873545,0,a,thioglycoside,xgboost,condition_only,split_random_stratified,0.5276614427566528,0,0.5299999999999999
936,31-013-CAS-9549076,1,b,thioglycoside,xgboost,condition_only,split_random_stratified,0.5052570700645447,0,0.5299999999999999
938,31-013-CAS-9933290,0,a,thioglycoside,xgboost,condition_only,split_random_stratified,0.3765963912010193,0,0.5299999999999999
949,31-013-CAS-19796364,1,b,thioglycoside,xgboost,condition_only,split_random_stratified,0.759170651435852,1,0.5299999999999999
950,31-013-CAS-13137320,1,b,thioglycoside,xgboost,condition_only,split_random_stratified,0.8173694014549255,1,0.5299999999999999
956,31-013-CAS-9655089,1,b,thioglycoside,xgboost,condition_only,split_random_stratified,0.4129779636859894,0,0.5299999999999999
967,31-013-CAS-3859987,1,b,thioglycoside,xgboost,condition_only,split_random_stratified,0.4129779636859894,0,0.5299999999999999
973,31-013-CAS-1712789,1,b,thioglycoside,xgboost,condition_only,split_random_stratified,0.4129779636859894,0,0.5299999999999999
974,31-013-CAS-11796224,1,b,thioglycoside,xgboost,condition_only,split_random_stratified,0.4129779636859894,0,0.5299999999999999
979,31-013-CAS-5063674,1,b,thioglycoside,xgboost,condition_only,split_random_stratified,0.5342205762863159,1,0.5299999999999999
987,31-013-CAS-6023114,1,b,thioglycoside,xgboost,condition_only,split_random_stratified,0.4129779636859894,0,0.5299999999999999
997,31-614-CAS-39684276,0,a,thioglycoside,xgboost,condition_only,split_random_stratified,0.6112115383148193,1,0.5299999999999999
1002,31-614-CAS-47697112,1,b,thioglycoside,xgboost,condition_only,split_random_stratified,0.5689043998718262,1,0.5299999999999999
1003,31-614-CAS-27094234,0,a,thioglycoside,xgboost,condition_only,split_random_stratified,0.23458033800125122,0,0.5299999999999999
1004,31-301-CAS-4805695,1,b,thioglycoside,xgboost,condition_only,split_random_stratified,0.4307650327682495,0,0.5299999999999999
1007,31-013-CAS-9787141,1,b,thioglycoside,xgboost,condition_only,split_random_stratified,0.8042322993278503,1,0.5299999999999999
1010,31-013-CAS-22252748,1,b,thioglycoside,xgboost,condition_only,split_random_stratified,0.6098670363426208,1,0.5299999999999999
1013,31-013-CAS-7197673,0,a,thioglycoside,xgboost,condition_only,split_random_stratified,0.41458645462989807,0,0.5299999999999999
1016,31-013-CAS-20281584,1,b,thioglycoside,xgboost,condition_only,split_random_stratified,0.34995532035827637,0,0.5299999999999999
1027,31-013-CAS-8833991,0,a,thioglycoside,xgboost,condition_only,split_random_stratified,0.43943193554878235,0,0.5299999999999999
1032,31-013-CAS-3532904,1,b,thioglycoside,xgboost,condition_only,split_random_stratified,0.5196094512939453,0,0.5299999999999999
1036,31-013-CAS-113679,1,b,thioglycoside,xgboost,condition_only,split_random_stratified,0.266634076833725,0,0.5299999999999999
1043,31-013-CAS-19733121,0,a,thioglycoside,xgboost,condition_only,split_random_stratified,0.1430816501379013,0,0.5299999999999999
1045,31-013-CAS-7954210,0,a,thioglycoside,xgboost,condition_only,split_random_stratified,0.4041965901851654,0,0.5299999999999999
1047,31-013-CAS-12680725,1,b,thioglycoside,xgboost,condition_only,split_random_stratified,0.7684645056724548,1,0.5299999999999999
1049,31-013-CAS-7571329,1,b,thioglycoside,xgboost,condition_only,split_random_stratified,0.5247011780738831,0,0.5299999999999999
1051,31-013-CAS-5482709,1,b,thioglycoside,xgboost,condition_only,split_random_stratified,0.5247011780738831,0,0.5299999999999999
1055,31-013-CAS-11908517,1,b,thioglycoside,xgboost,condition_only,split_random_stratified,0.5595522522926331,1,0.5299999999999999
1063,31-301-CAS-8308590,1,b,thioglycoside,xgboost,condition_only,split_random_stratified,0.5547980666160583,1,0.5299999999999999
1071,31-013-CAS-6440966,1,b,thioglycoside,xgboost,condition_only,split_random_stratified,0.8544331789016724,1,0.5299999999999999
1081,31-013-CAS-22664054,0,a,thioglycoside,xgboost,condition_only,split_random_stratified,0.2832986116409302,0,0.5299999999999999
1086,31-013-CAS-6864875,0,a,thioglycoside,xgboost,condition_only,split_random_stratified,0.41458645462989807,0,0.5299999999999999
1096,31-013-CAS-8679459,0,a,thioglycoside,xgboost,condition_only,split_random_stratified,0.6160058379173279,1,0.5299999999999999
1097,31-013-CAS-1889585,0,a,thioglycoside,xgboost,condition_only,split_random_stratified,0.3610747754573822,0,0.5299999999999999
1105,31-614-CAS-32458097,0,a,thioglycoside,xgboost,condition_only,split_random_stratified,0.3268793523311615,0,0.5299999999999999
1109,31-013-CAS-10851823,1,b,thioglycoside,xgboost,condition_only,split_random_stratified,0.5960748791694641,1,0.5299999999999999
1115,31-013-CAS-14147258,1,b,thioglycoside,xgboost,condition_only,split_random_stratified,0.6112115383148193,1,0.5299999999999999
1130,31-614-CAS-40361044,1,b,thioglycoside,xgboost,condition_only,split_random_stratified,0.6674560308456421,1,0.5299999999999999
1135,31-013-CAS-10173116,1,b,thioglycoside,xgboost,condition_only,split_random_stratified,0.4041965901851654,0,0.5299999999999999
1137,31-013-CAS-9961430,0,a,thioglycoside,xgboost,condition_only,split_random_stratified,0.33884403109550476,0,0.5299999999999999
1141,31-013-CAS-17791367,0,a,thioglycoside,xgboost,condition_only,split_random_stratified,0.16568072140216827,0,0.5299999999999999
1152,31-013-CAS-6871905,0,a,thioglycoside,xgboost,condition_only,split_random_stratified,0.47132885456085205,0,0.5299999999999999
1153,31-013-CAS-8455590,0,a,thioglycoside,xgboost,condition_only,split_random_stratified,0.17747734487056732,0,0.5299999999999999
1157,31-006-CAS-16647345,1,b,thioglycoside,xgboost,condition_only,split_random_stratified,0.2529760003089905,0,0.5299999999999999
1162,31-013-CAS-9669067,1,b,thioglycoside,xgboost,condition_only,split_random_stratified,0.3984873294830322,0,0.5299999999999999
1163,31-013-CAS-11323810,0,a,thioglycoside,xgboost,condition_only,split_random_stratified,0.19405557215213776,0,0.5299999999999999
1166,31-013-CAS-553402,1,b,thioglycoside,xgboost,condition_only,split_random_stratified,0.3984873294830322,0,0.5299999999999999
1172,31-013-CAS-10549598,0,a,thioglycoside,xgboost,condition_only,split_random_stratified,0.26136475801467896,0,0.5299999999999999
1179,31-013-CAS-21013700,1,b,thioglycoside,xgboost,condition_only,split_random_stratified,0.5677743554115295,1,0.5299999999999999
1180,31-013-CAS-992775,1,b,thioglycoside,xgboost,condition_only,split_random_stratified,0.6488800048828125,1,0.5299999999999999
1181,31-013-CAS-19796379,1,b,thioglycoside,xgboost,condition_only,split_random_stratified,0.4129779636859894,0,0.5299999999999999
1182,31-013-CAS-12326620,0,a,thioglycoside,xgboost,condition_only,split_random_stratified,0.7065967917442322,1,0.5299999999999999
1187,31-013-CAS-14640673,0,a,thioglycoside,xgboost,condition_only,split_random_stratified,0.4313966929912567,0,0.5299999999999999
1189,31-013-CAS-7955565,1,b,thioglycoside,xgboost,condition_only,split_random_stratified,0.5360357761383057,1,0.5299999999999999
1192,31-013-CAS-4659620,1,b,thioglycoside,xgboost,condition_only,split_random_stratified,0.8869054317474365,1,0.5299999999999999
1213,31-614-CAS-24503700,1,b,thioglycoside,xgboost,condition_only,split_random_stratified,0.3535282611846924,0,0.5299999999999999
1234,31-013-CAS-17024986,0,a,thioglycoside,xgboost,condition_only,split_random_stratified,0.1354655921459198,0,0.5299999999999999
1239,31-614-CAS-34954209,1,b,thioglycoside,xgboost,condition_only,split_random_stratified,0.9002358317375183,1,0.5299999999999999
1243,31-013-CAS-12548374,1,b,thioglycoside,xgboost,condition_only,split_random_stratified,0.48552781343460083,0,0.5299999999999999
1272,31-013-CAS-18353673,1,b,thioglycoside,xgboost,condition_only,split_random_stratified,0.6400350332260132,1,0.5299999999999999
1277,31-013-CAS-11595421,1,b,thioglycoside,xgboost,condition_only,split_random_stratified,0.39580392837524414,0,0.5299999999999999
1278,31-013-CAS-16173156,0,a,thioglycoside,xgboost,condition_only,split_random_stratified,0.27596279978752136,0,0.5299999999999999
1280,31-614-CAS-34954204,0,a,thioglycoside,xgboost,condition_only,split_random_stratified,0.9002358317375183,1,0.5299999999999999
1297,31-013-CAS-10911479,1,b,thioglycoside,xgboost,condition_only,split_random_stratified,0.5360357761383057,1,0.5299999999999999
1311,31-013-CAS-12967646,1,b,thioglycoside,xgboost,condition_only,split_random_stratified,0.8185935616493225,1,0.5299999999999999
1332,31-614-CAS-28172097,1,b,thioglycoside,xgboost,condition_only,split_random_stratified,0.7179318070411682,1,0.5299999999999999
1339,31-013-CAS-10274383,1,b,thioglycoside,xgboost,condition_only,split_random_stratified,0.7126767039299011,1,0.5299999999999999
1344,31-013-CAS-20825259,1,b,thioglycoside,xgboost,condition_only,split_random_stratified,0.3754364550113678,0,0.5299999999999999
1358,31-013-CAS-3114823,0,a,thioglycoside,xgboost,condition_only,split_random_stratified,0.2643376588821411,0,0.5299999999999999
1359,31-013-CAS-22357494,0,a,thioglycoside,xgboost,condition_only,split_random_stratified,0.6261658072471619,1,0.5299999999999999
1366,31-013-CAS-1252855,0,a,thioglycoside,xgboost,condition_only,split_random_stratified,0.6632393598556519,1,0.5299999999999999
1377,31-013-CAS-20623543,1,b,thioglycoside,xgboost,condition_only,split_random_stratified,0.5360357761383057,1,0.5299999999999999
1385,31-013-CAS-20519350,1,b,thioglycoside,xgboost,condition_only,split_random_stratified,0.6094528436660767,1,0.5299999999999999
1396,31-614-CAS-29322574,1,b,thioglycoside,xgboost,condition_only,split_random_stratified,0.529357373714447,0,0.5299999999999999
1404,31-013-CAS-13253389,1,b,thioglycoside,xgboost,condition_only,split_random_stratified,0.33884403109550476,0,0.5299999999999999
1406,31-013-CAS-9638871,1,b,thioglycoside,xgboost,condition_only,split_random_stratified,0.7922483086585999,1,0.5299999999999999
1414,31-013-CAS-3282710,1,b,thioglycoside,xgboost,condition_only,split_random_stratified,0.6244259476661682,1,0.5299999999999999
1427,31-013-CAS-14626746,0,a,thioglycoside,xgboost,condition_only,split_random_stratified,0.5964831709861755,1,0.5299999999999999
1432,31-013-CAS-11006436,1,b,thioglycoside,xgboost,condition_only,split_random_stratified,0.7131009101867676,1,0.5299999999999999
1442,31-013-CAS-13946827,0,a,thioglycoside,xgboost,condition_only,split_random_stratified,0.6927645206451416,1,0.5299999999999999
1444,31-013-CAS-9511600,1,b,thioglycoside,xgboost,condition_only,split_random_stratified,0.6143549680709839,1,0.5299999999999999
1449,31-013-CAS-15499890,1,b,thioglycoside,xgboost,condition_only,split_random_stratified,0.5572254061698914,1,0.5299999999999999
1468,31-013-CAS-6531232,0,a,thioglycoside,xgboost,condition_only,split_random_stratified,0.7433936595916748,1,0.5299999999999999
1471,31-013-CAS-1922953,1,b,thioglycoside,xgboost,condition_only,split_random_stratified,0.5276614427566528,0,0.5299999999999999
1476,31-013-CAS-667641,1,b,thioglycoside,xgboost,condition_only,split_random_stratified,0.8323096036911011,1,0.5299999999999999
1479,31-013-CAS-14176615,1,b,thioglycoside,xgboost,condition_only,split_random_stratified,0.7922483086585999,1,0.5299999999999999
1483,31-013-CAS-8624016,1,b,thioglycoside,xgboost,condition_only,split_random_stratified,0.6971465349197388,1,0.5299999999999999
1492,31-614-CAS-36830124,1,b,thioglycoside,xgboost,condition_only,split_random_stratified,0.33312907814979553,0,0.5299999999999999
1493,31-614-CAS-36830119,1,b,thioglycoside,xgboost,condition_only,split_random_stratified,0.33312907814979553,0,0.5299999999999999
1494,31-013-CAS-5792629,0,a,thioglycoside,xgboost,condition_only,split_random_stratified,0.7779433727264404,1,0.5299999999999999
1495,31-013-CAS-7451088,1,b,thioglycoside,xgboost,condition_only,split_random_stratified,0.3984873294830322,0,0.5299999999999999
1498,31-614-CAS-36745363,1,b,thioglycoside,xgboost,condition_only,split_random_stratified,0.13129819929599762,0,0.5299999999999999
1509,31-013-CAS-7376345,0,a,thioglycoside,xgboost,condition_only,split_random_stratified,0.49315837025642395,0,0.5299999999999999
1510,31-013-CAS-7371728,1,b,thioglycoside,xgboost,condition_only,split_random_stratified,0.7131009101867676,1,0.5299999999999999
1513,31-013-CAS-14230652,1,b,thioglycoside,xgboost,condition_only,split_random_stratified,0.13057313859462738,0,0.5299999999999999
1524,31-013-CAS-15942087,1,b,thioglycoside,xgboost,condition_only,split_random_stratified,0.776211142539978,1,0.5299999999999999
1532,31-614-CAS-41884159,0,a,thioglycoside,xgboost,condition_only,split_random_stratified,0.38517841696739197,0,0.5299999999999999
1538,31-614-CAS-30686019,1,b,thioglycoside,xgboost,condition_only,split_random_stratified,0.4997105598449707,0,0.5299999999999999
1542,31-013-CAS-21774311,0,a,thioglycoside,xgboost,condition_only,split_random_stratified,0.16133742034435272,0,0.5299999999999999
1544,31-614-CAS-37959617,0,a,thioglycoside,xgboost,condition_only,split_random_stratified,0.3694858253002167,0,0.5299999999999999
1545,31-013-CAS-16486920,1,b,thioglycoside,xgboost,condition_only,split_random_stratified,0.5126017332077026,0,0.5299999999999999
1557,31-013-CAS-7574988,1,b,thioglycoside,xgboost,condition_only,split_random_stratified,0.7194368839263916,1,0.5299999999999999
