Source_Negative_Row,Source_Sequence_ID,Original_Acceptor_SMILES,Repaired_Acceptor_SMILES,Raw_RDKit_Parse_OK,Repaired_RDKit_Parse_OK,Modified,Repair_Count,Removed_Bracket_Positions_1Based,Repaired_Canonical_SMILES
2,1,N(=[N+]=[N-])[C@@H]1[C@@H](OCC2=CC=CC=C2)[C@H](OC(=O)C)[C@@H](COCC3=CC=CC=C3)O[C@H]1O[Si](C(C)(C)C)(C)C,N(=[N+]=[N-])[C@@H]1[C@@H](OCC2=CC=CC=C2)[C@H](OC(=O)C)[C@@H](COCC3=CC=CC=C3)O[C@H]1O[Si](C(C)(C)C)(C)C,True,True,False,0,,CC(=O)O[C@H]1[C@H](OCc2ccccc2)[C@@H](N=[N+]=[N-])[C@H](O[Si](C)(C)C(C)(C)C)O[C@@H]1COCc1ccccc1
3,2,O([Si](C(C(C)C)(C)C)(C)C)[C@H]1[C@H](N=[N+]=[N-])[C@@H](OCC2=CC=CC=C2)[C@H](OC(=O)C)[C@@H](COCC3=CC=CC=C3)O1,O([Si](C(C(C)C)(C)C)(C)C)[C@H]1[C@H](N=[N+]=[N-])[C@@H](OCC2=CC=CC=C2)[C@H](OC(=O)C)[C@@H](COCC3=CC=CC=C3)O1,True,True,False,0,,CC(=O)O[C@H]1[C@H](OCc2ccccc2)[C@@H](N=[N+]=[N-])[C@H](O[Si](C)(C)C(C)(C)C(C)C)O[C@@H]1COCc1ccccc1
4,3,N(C(C)=O)[C@@H]1[C@@H](OC(C)=O)[C@H](OC(=O)C)[C@@H](COC(C)=O)O[C@H]1OC(C)=O,N(C(C)=O)[C@@H]1[C@@H](OC(C)=O)[C@H](OC(=O)C)[C@@H](COC(C)=O)O[C@H]1OC(C)=O,True,True,False,0,,CC(=O)N[C@H]1[C@H](OC(C)=O)O[C@H](COC(C)=O)[C@@H](OC(C)=O)[C@@H]1OC(C)=O
5,4,N(C(OCC(Cl)(Cl)Cl)=O)[C@@H]1[C@@H](O[C@@H](C(OCC2=CC=CC=C2)=O)C)[C@H](OC(=O)C)[C@@H](COCC3=CC=CC=C3)O[C@@H]1OCC=C,N(C(OCC(Cl)(Cl)Cl)=O)[C@@H]1[C@@H](O[C@@H](C(OCC2=CC=CC=C2)=O)C)[C@H](OC(=O)C)[C@@H](COCC3=CC=CC=C3)O[C@@H]1OCC=C,True,True,False,0,,C=CCO[C@H]1O[C@H](COCc2ccccc2)[C@@H](OC(C)=O)[C@H](O[C@H](C)C(=O)OCc2ccccc2)[C@H]1NC(=O)OCC(Cl)(Cl)Cl
6,5,N(C(OCC(Cl)(Cl)Cl)=O)[C@@H]1[C@@H](OCC2=CC=CC=C2)[C@H](OC(=O)C)[C@@H](CO[Si](C(C)(C)C)(C)C)O[C@H]1OCC3=CC=C(OCCCCCCCC/C=C\CCCCCCCC)C=C3,N(C(OCC(Cl)(Cl)Cl)=O)[C@@H]1[C@@H](OCC2=CC=CC=C2)[C@H](OC(=O)C)[C@@H](CO[Si](C(C)(C)C)(C)C)O[C@H]1OCC3=CC=C(OCCCCCCCC/C=C\CCCCCCCC)C=C3,True,True,False,0,,CCCCCCCC/C=C\CCCCCCCCOc1ccc(CO[C@@H]2O[C@H](CO[Si](C)(C)C(C)(C)C)[C@@H](OC(C)=O)[C@H](OCc3ccccc3)[C@H]2NC(=O)OCC(Cl)(Cl)Cl)cc1
7,6,O([Si](C(C)(C)C)(C)C)[C@H]1[C@H](N=[N+]=[N-])[C@@H](OCC2=CC=CC=C2)[C@H](OC(=O)C)[C@@H](COC(C)=O)O1,O([Si](C(C)(C)C)(C)C)[C@H]1[C@H](N=[N+]=[N-])[C@@H](OCC2=CC=CC=C2)[C@H](OC(=O)C)[C@@H](COC(C)=O)O1,True,True,False,0,,CC(=O)OC[C@H]1O[C@@H](O[Si](C)(C)C(C)(C)C)[C@H](N=[N+]=[N-])[C@@H](OCc2ccccc2)[C@@H]1OC(C)=O
8,7,N(=[N+]=[N-])[C@@H]1[C@@H](OCC2=CC=CC=C2)[C@H](OC(=O)C)[C@@H](COC(=O)C3=CC=CC=C3)O[C@H]1O[Si](C(C)(C)C)(C)C,N(=[N+]=[N-])[C@@H]1[C@@H](OCC2=CC=CC=C2)[C@H](OC(=O)C)[C@@H](COC(=O)C3=CC=CC=C3)O[C@H]1O[Si](C(C)(C)C)(C)C,True,True,False,0,,CC(=O)O[C@H]1[C@H](OCc2ccccc2)[C@@H](N=[N+]=[N-])[C@H](O[Si](C)(C)C(C)(C)C)O[C@@H]1COC(=O)c1ccccc1
9,8,S([C@H]1[C@]2([C@]([C@H](OC(=O)C)[C@@H](COC3=CC=C(OC)C=C3)O1)(OC(=O)N2)[H])[H])C4=CC=C(C)C=C4,S([C@H]1[C@]2([C@]([C@H](OC(=O)C)[C@@H](COC3=CC=C(OC)C=C3)O1)(OC(=O)N2)[H])[H])C4=CC=C(C)C=C4,True,True,False,0,,COc1ccc(OC[C@H]2O[C@@H](Sc3ccc(C)cc3)[C@@H]3NC(=O)O[C@H]3[C@@H]2OC(C)=O)cc1
10,9,S([C@H]1[C@]2([C@]([C@H](OC(=O)C)[C@@H](COC3=CC=C(OC)C=C3)O1)(OC(=O)N2)[H])[H])C4=CC=C(C)C=C4,S([C@H]1[C@]2([C@]([C@H](OC(=O)C)[C@@H](COC3=CC=C(OC)C=C3)O1)(OC(=O)N2)[H])[H])C4=CC=C(C)C=C4,True,True,False,0,,COc1ccc(OC[C@H]2O[C@@H](Sc3ccc(C)cc3)[C@@H]3NC(=O)O[C@H]3[C@@H]2OC(C)=O)cc1
11,10,O([C@@H]1[C@@H](OC(C)=O)[C@H](O[C@H]2[C@H](OC(OCC(Cl)(Cl)Cl)=O)[C@@H](NC(C)=O)[C@H](OCC=C)O[C@@H]2COCC3=CC=CC=C3)O[C@H](COC(C)=O)[C@@H]1OC(C)=O)[C@H]4[C@H](NC(C(Cl)(Cl)Cl)=O)[C@@H](OC(CCl)=O)[C@H](OC(=O)C)[C@@H](COCC5=CC=CC=C5)O4,O([C@@H]1[C@@H](OC(C)=O)[C@H](O[C@H]2[C@H](OC(OCC(Cl)(Cl)Cl)=O)[C@@H](NC(C)=O)[C@H](OCC=C)O[C@@H]2COCC3=CC=CC=C3)O[C@H](COC(C)=O)[C@@H]1OC(C)=O)[C@H]4[C@H](NC(C(Cl)(Cl)Cl)=O)[C@@H](OC(CCl)=O)[C@H](OC(=O)C)[C@@H](COCC5=CC=CC=C5)O4,True,True,False,0,,C=CCO[C@@H]1O[C@H](COCc2ccccc2)[C@@H](O[C@@H]2O[C@H](COC(C)=O)[C@H](OC(C)=O)[C@H](O[C@@H]3O[C@H](COCc4ccccc4)[C@@H](OC(C)=O)[C@H](OC(=O)CCl)[C@H]3NC(=O)C(Cl)(Cl)Cl)[C@H]2OC(C)=O)[C@H](OC(=O)OCC(Cl)(Cl)Cl)[C@H]1NC(C)=O
12,11,O([Si](C(C(C)C)(C)C)(C)C)[C@H]1[C@@H]([C@@H](OCC2=CC=CC=C2)[C@H](OC(=O)C)[C@@H](COCC3=CC=CC=C3)O1)N4C(=O)C(C)=C(C)C4=O,O([Si](C(C(C)C)(C)C)(C)C)[C@H]1[C@@H]([C@@H](OCC2=CC=CC=C2)[C@H](OC(=O)C)[C@@H](COCC3=CC=CC=C3)O1)N4C(=O)C(C)=C(C)C4=O,True,True,False,0,,CC(=O)O[C@H]1[C@H](OCc2ccccc2)[C@@H](N2C(=O)C(C)=C(C)C2=O)[C@H](O[Si](C)(C)C(C)(C)C(C)C)O[C@@H]1COCc1ccccc1
13,12,O([C@H]1[C@@H]([C@@H](OC(C)=O)[C@H](OC(=O)C)[C@@H](COC(C)=O)O1)N2C(=O)C=3C(C2=O)=CC=CC3)C4=CC=C(OC)C=C4,O([C@H]1[C@@H]([C@@H](OC(C)=O)[C@H](OC(=O)C)[C@@H](COC(C)=O)O1)N2C(=O)C=3C(C2=O)=CC=CC3)C4=CC=C(OC)C=C4,True,True,False,0,,COc1ccc(O[C@@H]2O[C@H](COC(C)=O)[C@@H](OC(C)=O)[C@H](OC(C)=O)[C@H]2N2C(=O)c3ccccc3C2=O)cc1
14,13,O([C@@H]1[C@@H](OCC2=CC3=C(C=C2)C=CC=C3)[C@H](OCC4=CC5=C(C=C4)C=CC=C5)[C@@H](OCC6=CC7=C(C=C6)C=CC=C7)[C@@H](OCC8=CC9=C(C=C8)C=CC=C9)[C@H]1OCC=C)[C@@H]%10[C@H](N=[N+]=[N-])[C@@H](OCC%11=CC%12=C(C=C%11)C=CC=C%12)[C@H](OC(=O)C)[C@@H](COCC%13=CC%14=C(C=C%13)C=CC=C%14)O%10,O([C@@H]1[C@@H](OCC2=CC3=C(C=C2)C=CC=C3)[C@H](OCC4=CC5=C(C=C4)C=CC=C5)[C@@H](OCC6=CC7=C(C=C6)C=CC=C7)[C@@H](OCC8=CC9=C(C=C8)C=CC=C9)[C@H]1OCC=C)[C@@H]%10[C@H](N=[N+]=[N-])[C@@H](OCC%11=CC%12=C(C=C%11)C=CC=C%12)[C@H](OC(=O)C)[C@@H](COCC%13=CC%14=C(C=C%13)C=CC=C%14)O%10,True,True,False,0,,C=CCO[C@@H]1[C@H](OCc2ccc3ccccc3c2)[C@H](OCc2ccc3ccccc3c2)[C@@H](OCc2ccc3ccccc3c2)[C@H](OCc2ccc3ccccc3c2)[C@H]1O[C@H]1O[C@H](COCc2ccc3ccccc3c2)[C@@H](OC(C)=O)[C@H](OCc2ccc3ccccc3c2)[C@H]1N=[N+]=[N-]
15,14,O([C@H]1[C@@H]([C@@H](OCC2=CC=CC=C2)[C@H](OC(=O)C)[C@@H](COCC3=CC=CC=C3)O1)N4C(=O)C=5C(C4=O)=CC=CC5)[C@H]6[C@@H](OCC7=CC=CC=C7)[C@H](OCC8=CC=CC=C8)[C@@H](COCC9=CC=CC=C9)O[C@@H]6OCCCCCCCC,O([C@H]1[C@@H]([C@@H](OCC2=CC=CC=C2)[C@H](OC(=O)C)[C@@H](COCC3=CC=CC=C3)O1)N4C(=O)C=5C(C4=O)=CC=CC5)[C@H]6[C@@H](OCC7=CC=CC=C7)[C@H](OCC8=CC=CC=C8)[C@@H](COCC9=CC=CC=C9)O[C@@H]6OCCCCCCCC,True,True,False,0,,CCCCCCCCO[C@H]1O[C@H](COCc2ccccc2)[C@@H](OCc2ccccc2)[C@H](OCc2ccccc2)[C@@H]1O[C@@H]1O[C@H](COCc2ccccc2)[C@@H](OC(C)=O)[C@H](OCc2ccccc2)[C@H]1N1C(=O)c2ccccc2C1=O
16,15,N(C(C)=O)[C@@H]1[C@@H](OC(OCC(Cl)(Cl)Cl)=O)[C@H](OC(=O)C)[C@@H](COCC2=CC=CC=C2)O[C@H]1OCCCCCCCl,N(C(C)=O)[C@@H]1[C@@H](OC(OCC(Cl)(Cl)Cl)=O)[C@H](OC(=O)C)[C@@H](COCC2=CC=CC=C2)O[C@H]1OCCCCCCCl,True,True,False,0,,CC(=O)N[C@H]1[C@H](OCCCCCCCl)O[C@H](COCc2ccccc2)[C@@H](OC(C)=O)[C@@H]1OC(=O)OCC(Cl)(Cl)Cl
17,16,N(C(C(Cl)(Cl)Cl)=O)[C@@H]1[C@H](OC(C)=O)[C@H](OC(=O)C)[C@@H](COCC2=CC=CC=C2)O[C@@H]1OCC3=CC4=C(C=C3)C=CC=C4,N(C(C(Cl)(Cl)Cl)=O)[C@@H]1[C@H](OC(C)=O)[C@H](OC(=O)C)[C@@H](COCC2=CC=CC=C2)O[C@@H]1OCC3=CC4=C(C=C3)C=CC=C4,True,True,False,0,,CC(=O)O[C@H]1[C@@H](NC(=O)C(Cl)(Cl)Cl)[C@@H](OCc2ccc3ccccc3c2)O[C@H](COCc2ccccc2)[C@H]1OC(C)=O
18,17,O([C@@H]1[C@@H](OCC2=CC=CC=C2)[C@H](O[C@H]3[C@H](OCC4=CC=CC=C4)[C@@H](OCC5=CC=CC=C5)[C@H](OCC[Si](C)(C)C)O[C@@H]3COCC6=CC=CC=C6)O[C@H](COCC7=CC=CC=C7)[C@@H]1OCC8=CC=CC=C8)[C@H]9[C@H](NC(C)=O)[C@@H](OCC%10=CC=CC=C%10)[C@H](OC(=O)C)[C@@H](COCC%11=CC=CC=C%11)O9,O([C@@H]1[C@@H](OCC2=CC=CC=C2)[C@H](O[C@H]3[C@H](OCC4=CC=CC=C4)[C@@H](OCC5=CC=CC=C5)[C@H](OCC[Si](C)(C)C)O[C@@H]3COCC6=CC=CC=C6)O[C@H](COCC7=CC=CC=C7)[C@@H]1OCC8=CC=CC=C8)[C@H]9[C@H](NC(C)=O)[C@@H](OCC%10=CC=CC=C%10)[C@H](OC(=O)C)[C@@H](COCC%11=CC=CC=C%11)O9,True,True,False,0,,CC(=O)N[C@H]1[C@H](O[C@H]2[C@@H](OCc3ccccc3)[C@@H](COCc3ccccc3)O[C@@H](O[C@H]3[C@H](OCc4ccccc4)[C@@H](OCc4ccccc4)[C@H](OCC[Si](C)(C)C)O[C@@H]3COCc3ccccc3)[C@@H]2OCc2ccccc2)O[C@H](COCc2ccccc2)[C@@H](OC(C)=O)[C@@H]1OCc1ccccc1
19,18,[Si](OC[C@@H]1[C@@H](O[C@H]2[C@@H]([C@@H](OC(C)=O)[C@H](OC(=O)C)[C@@H](COCC3=CC=CC=C3)O2)N4C(=O)C=5C(C4=O)=CC=CC5)[C@H](OCC6=CC=CC=C6)[C@@H](OC(=O)C7=CC=CC=C7)[C@H](OCCCC8=CC=CC=C8)O1)(C(C)(C)C)(C9=CC=CC=C9)C%10=CC=CC=C%10,[Si](OC[C@@H]1[C@@H](O[C@H]2[C@@H]([C@@H](OC(C)=O)[C@H](OC(=O)C)[C@@H](COCC3=CC=CC=C3)O2)N4C(=O)C=5C(C4=O)=CC=CC5)[C@H](OCC6=CC=CC=C6)[C@@H](OC(=O)C7=CC=CC=C7)[C@H](OCCCC8=CC=CC=C8)O1)(C(C)(C)C)(C9=CC=CC=C9)C%10=CC=CC=C%10,True,True,False,0,,CC(=O)O[C@H]1[C@H](OC(C)=O)[C@@H](COCc2ccccc2)O[C@@H](O[C@H]2[C@H](OCc3ccccc3)[C@@H](OC(=O)c3ccccc3)[C@H](OCCCc3ccccc3)O[C@@H]2CO[Si](c2ccccc2)(c2ccccc2)C(C)(C)C)[C@@H]1N1C(=O)c2ccccc2C1=O
20,19,N(=[N+]=[N-])[C@H]1[C@@H](OCC2=CC=CC=C2)[C@H](OC(=O)C)[C@@H](COC(C)=O)O[C@@H]1OCC=C,N(=[N+]=[N-])[C@H]1[C@@H](OCC2=CC=CC=C2)[C@H](OC(=O)C)[C@@H](COC(C)=O)O[C@@H]1OCC=C,True,True,False,0,,C=CCO[C@H]1O[C@H](COC(C)=O)[C@@H](OC(C)=O)[C@H](OCc2ccccc2)[C@@H]1N=[N+]=[N-]
21,20,N(=[N+]=[N-])[C@@H]1[C@@H](OCC2=CC=CC=C2)[C@H](OC(=O)C)[C@@H](COCC=C)O[C@H]1OCC3=CC=CC=C3,N(=[N+]=[N-])[C@@H]1[C@@H](OCC2=CC=CC=C2)[C@H](OC(=O)C)[C@@H](COCC=C)O[C@H]1OCC3=CC=CC=C3,True,True,False,0,,C=CCOC[C@H]1O[C@@H](OCc2ccccc2)[C@H](N=[N+]=[N-])[C@@H](OCc2ccccc2)[C@@H]1OC(C)=O
22,21,[Si](O[C@H]1[C@H](NC(C)=O)[C@@H](O[C@H]2[C@@H](OCC3=CC=CC=C3)[C@H](OC(C)=O)[C@H](OC(C)=O)[C@H](C)O2)[C@H](OC(=O)C)[C@@H](COCC4=CC=CC=C4)O1)(C(C)(C)C)(C5=CC=CC=C5)C6=CC=CC=C6,[Si](O[C@H]1[C@H](NC(C)=O)[C@@H](O[C@H]2[C@@H](OCC3=CC=CC=C3)[C@H](OC(C)=O)[C@H](OC(C)=O)[C@H](C)O2)[C@H](OC(=O)C)[C@@H](COCC4=CC=CC=C4)O1)(C(C)(C)C)(C5=CC=CC=C5)C6=CC=CC=C6,True,True,False,0,,CC(=O)N[C@H]1[C@H](O[Si](c2ccccc2)(c2ccccc2)C(C)(C)C)O[C@H](COCc2ccccc2)[C@@H](OC(C)=O)[C@@H]1O[C@@H]1O[C@@H](C)[C@@H](OC(C)=O)[C@@H](OC(C)=O)[C@@H]1OCc1ccccc1
23,22,N(C(OCC(Cl)(Cl)Cl)=O)[C@@H]1[C@@H](OC(OCC2=CC=CC=C2)=O)[C@H](OC(=O)C)[C@@H](COCC3=CC=CC=C3)O[C@@H]1OCC=C,N(C(OCC(Cl)(Cl)Cl)=O)[C@@H]1[C@@H](OC(OCC2=CC=CC=C2)=O)[C@H](OC(=O)C)[C@@H](COCC3=CC=CC=C3)O[C@@H]1OCC=C,True,True,False,0,,C=CCO[C@H]1O[C@H](COCc2ccccc2)[C@@H](OC(C)=O)[C@H](OC(=O)OCc2ccccc2)[C@H]1NC(=O)OCC(Cl)(Cl)Cl
24,23,N(C(OCC(Cl)(Cl)Cl)=O)[C@@H]1[C@@H](OC(OCC2=CC=CC=C2)=O)[C@H](OC(=O)C)[C@@H](COCC3=CC=CC=C3)O[C@@H]1OCC=C,N(C(OCC(Cl)(Cl)Cl)=O)[C@@H]1[C@@H](OC(OCC2=CC=CC=C2)=O)[C@H](OC(=O)C)[C@@H](COCC3=CC=CC=C3)O[C@@H]1OCC=C,True,True,False,0,,C=CCO[C@H]1O[C@H](COCc2ccccc2)[C@@H](OC(C)=O)[C@H](OC(=O)OCc2ccccc2)[C@H]1NC(=O)OCC(Cl)(Cl)Cl
25,24,N(C(OCC(Cl)(Cl)Cl)=O)[C@@H]1[C@@H](OC(OCC2=CC=CC=C2)=O)[C@H](OC(=O)C)[C@@H](COCC3=CC=CC=C3)O[C@@H]1OCC=C,N(C(OCC(Cl)(Cl)Cl)=O)[C@@H]1[C@@H](OC(OCC2=CC=CC=C2)=O)[C@H](OC(=O)C)[C@@H](COCC3=CC=CC=C3)O[C@@H]1OCC=C,True,True,False,0,,C=CCO[C@H]1O[C@H](COCc2ccccc2)[C@@H](OC(C)=O)[C@H](OC(=O)OCc2ccccc2)[C@H]1NC(=O)OCC(Cl)(Cl)Cl
26,25,S([C@H]1[C@]2([C@]([C@H](OC(=O)C)[C@@H](COCC3=CC=CC=C3)O1)(OC(=O)N2)[H])[H])C4=CC=CC=C4,S([C@H]1[C@]2([C@]([C@H](OC(=O)C)[C@@H](COCC3=CC=CC=C3)O1)(OC(=O)N2)[H])[H])C4=CC=CC=C4,True,True,False,0,,CC(=O)O[C@H]1[C@@H]2OC(=O)N[C@H]2[C@H](Sc2ccccc2)O[C@@H]1COCc1ccccc1
27,26,O([C@H]1[C@@H]([C@@H](OCC2=CC=CC=C2)[C@H](OC(=O)C)[C@@H](COCC3=CC=CC=C3)O1)N4C(=O)C=5C(C4=O)=CC=CC5)C6=CC=C(OC)C=C6,O([C@H]1[C@@H]([C@@H](OCC2=CC=CC=C2)[C@H](OC(=O)C)[C@@H](COCC3=CC=CC=C3)O1)N4C(=O)C=5C(C4=O)=CC=CC5)C6=CC=C(OC)C=C6,True,True,False,0,,COc1ccc(O[C@@H]2O[C@H](COCc3ccccc3)[C@@H](OC(C)=O)[C@H](OCc3ccccc3)[C@H]2N2C(=O)c3ccccc3C2=O)cc1
28,27,N(=[N+]=[N-])[C@@H]1[C@@H](OCC2=CC=CC=C2)[C@H](OC(=O)C)[C@@H](COCC3=CC=CC=C3)O[C@H]1O[Si](C(C)(C)C)(C)C,N(=[N+]=[N-])[C@@H]1[C@@H](OCC2=CC=CC=C2)[C@H](OC(=O)C)[C@@H](COCC3=CC=CC=C3)O[C@H]1O[Si](C(C)(C)C)(C)C,True,True,False,0,,CC(=O)O[C@H]1[C@H](OCc2ccccc2)[C@@H](N=[N+]=[N-])[C@H](O[Si](C)(C)C(C)(C)C)O[C@@H]1COCc1ccccc1
29,28,N(=[N+]=[N-])[C@@H]1[C@@H](OCC2=CC=CC=C2)[C@H](OC(=O)C)[C@@H](COC(C)=O)O[C@H]1OCCCC=C,N(=[N+]=[N-])[C@@H]1[C@@H](OCC2=CC=CC=C2)[C@H](OC(=O)C)[C@@H](COC(C)=O)O[C@H]1OCCCC=C,True,True,False,0,,C=CCCCO[C@@H]1O[C@H](COC(C)=O)[C@@H](OC(C)=O)[C@H](OCc2ccccc2)[C@H]1N=[N+]=[N-]
30,29,N(C(OCC(Cl)(Cl)Cl)=O)[C@@H]1[C@@H](OC(CCl)=O)[C@H](OC(=O)C)[C@@H](COCC2=CC=CC=C2)O[C@H]1OCC[Si](C)(C)C,N(C(OCC(Cl)(Cl)Cl)=O)[C@@H]1[C@@H](OC(CCl)=O)[C@H](OC(=O)C)[C@@H](COCC2=CC=CC=C2)O[C@H]1OCC[Si](C)(C)C,True,True,False,0,,CC(=O)O[C@H]1[C@H](OC(=O)CCl)[C@@H](NC(=O)OCC(Cl)(Cl)Cl)[C@H](OCC[Si](C)(C)C)O[C@@H]1COCc1ccccc1
31,30,N(C(OCC(Cl)(Cl)Cl)=O)[C@@H]1[C@@H](OC(CCl)=O)[C@H](OC(=O)C)[C@@H](COCC2=CC=CC=C2)O[C@H]1OCC[Si](C)(C)C,N(C(OCC(Cl)(Cl)Cl)=O)[C@@H]1[C@@H](OC(CCl)=O)[C@H](OC(=O)C)[C@@H](COCC2=CC=CC=C2)O[C@H]1OCC[Si](C)(C)C,True,True,False,0,,CC(=O)O[C@H]1[C@H](OC(=O)CCl)[C@@H](NC(=O)OCC(Cl)(Cl)Cl)[C@H](OCC[Si](C)(C)C)O[C@@H]1COCc1ccccc1
32,31,N(C(C)=O)[C@@H]1[C@@H](OCC2=CC=CC=C2)[C@H](OC(=O)C)[C@@H](COCC3=CC=CC=C3)O[C@@H]1OCC4=CC=CC=C4,N(C(C)=O)[C@@H]1[C@@H](OCC2=CC=CC=C2)[C@H](OC(=O)C)[C@@H](COCC3=CC=CC=C3)O[C@@H]1OCC4=CC=CC=C4,True,True,False,0,,CC(=O)N[C@H]1[C@@H](OCc2ccccc2)O[C@H](COCc2ccccc2)[C@@H](OC(C)=O)[C@@H]1OCc1ccccc1
33,32,O([C@H]1[C@]2([C@@]([C@H](OCC3=CC=CC=C3)[C@@H](OCC4=CC=CC=C4)[C@@H]1OCC5=CC=CC=C5)(OC(C)(C)O2)[H])[H])[C@@H]6[C@H](N=[N+]=[N-])[C@@H](OCC7=CC=CC=C7)[C@H](OC(=O)C)[C@@H](COCC8=CC=CC=C8)O6,O([C@H]1[C@]2([C@@]([C@H](OCC3=CC=CC=C3)[C@@H](OCC4=CC=CC=C4)[C@@H]1OCC5=CC=CC=C5)(OC(C)(C)O2)[H])[H])[C@@H]6[C@H](N=[N+]=[N-])[C@@H](OCC7=CC=CC=C7)[C@H](OC(=O)C)[C@@H](COCC8=CC=CC=C8)O6,True,True,False,0,,CC(=O)O[C@H]1[C@H](OCc2ccccc2)[C@@H](N=[N+]=[N-])[C@@H](O[C@@H]2[C@@H](OCc3ccccc3)[C@H](OCc3ccccc3)[C@@H](OCc3ccccc3)[C@H]3OC(C)(C)O[C@@H]23)O[C@@H]1COCc1ccccc1
34,33,N(C(OCC=C)=O)[C@@H]1[C@@H](O[C@@H](C(OCC)=O)C)[C@H](OC(=O)C)[C@@H](COCC2=CC=CC=C2)O[C@@H]1OCC=C,N(C(OCC=C)=O)[C@@H]1[C@@H](O[C@@H](C(OCC)=O)C)[C@H](OC(=O)C)[C@@H](COCC2=CC=CC=C2)O[C@@H]1OCC=C,True,True,False,0,,C=CCOC(=O)N[C@H]1[C@@H](OCC=C)O[C@H](COCc2ccccc2)[C@@H](OC(C)=O)[C@@H]1O[C@H](C)C(=O)OCC
35,34,O([C@H]1[C@@H]([C@@H](OCC2=CC=CC=C2)[C@H](OC(=O)C)[C@@H](COCC3=CC=CC=C3)O1)N4C(=O)C=5C(C4=O)=CC=CC5)C6=CC=C(OC)C=C6,O([C@H]1[C@@H]([C@@H](OCC2=CC=CC=C2)[C@H](OC(=O)C)[C@@H](COCC3=CC=CC=C3)O1)N4C(=O)C=5C(C4=O)=CC=CC5)C6=CC=C(OC)C=C6,True,True,False,0,,COc1ccc(O[C@@H]2O[C@H](COCc3ccccc3)[C@@H](OC(C)=O)[C@H](OCc3ccccc3)[C@H]2N2C(=O)c3ccccc3C2=O)cc1
36,35,O([C@H]1[C@@H]([C@@H](OCC2=CC=CC=C2)[C@H](OC(=O)C)[C@@H](COCC3=CC=CC=C3)O1)N4C(=O)C=5C(C4=O)=CC=CC5)C6=CC=C(OC)C=C6,O([C@H]1[C@@H]([C@@H](OCC2=CC=CC=C2)[C@H](OC(=O)C)[C@@H](COCC3=CC=CC=C3)O1)N4C(=O)C=5C(C4=O)=CC=CC5)C6=CC=C(OC)C=C6,True,True,False,0,,COc1ccc(O[C@@H]2O[C@H](COCc3ccccc3)[C@@H](OC(C)=O)[C@H](OCc3ccccc3)[C@H]2N2C(=O)c3ccccc3C2=O)cc1
37,36,O([C@H]1[C@@H]([C@@H](OCC2=CC=CC=C2)[C@H](OC(=O)C)[C@@H](COCC3=CC=CC=C3)O1)N4C(=O)C=5C(C4=O)=CC=CC5)C6=CC=C(OC)C=C6,O([C@H]1[C@@H]([C@@H](OCC2=CC=CC=C2)[C@H](OC(=O)C)[C@@H](COCC3=CC=CC=C3)O1)N4C(=O)C=5C(C4=O)=CC=CC5)C6=CC=C(OC)C=C6,True,True,False,0,,COc1ccc(O[C@@H]2O[C@H](COCc3ccccc3)[C@@H](OC(C)=O)[C@H](OCc3ccccc3)[C@H]2N2C(=O)c3ccccc3C2=O)cc1
38,37,O([C@H]1[C@H](OCC2=CC=CC=C2)[C@@H](OC(CCC(C)=O)=O)[C@H](OCCCC=C)O[C@@H]1C(OC)=O)[C@@H]3[C@H](N=[N+]=[N-])[C@@H](OCC4=CC=CC=C4)[C@H](OC(=O)C)[C@@H](COC(C)=O)O3,O([C@H]1[C@H](OCC2=CC=CC=C2)[C@@H](OC(CCC(C)=O)=O)[C@H](OCCCC=C)O[C@@H]1C(OC)=O)[C@@H]3[C@H](N=[N+]=[N-])[C@@H](OCC4=CC=CC=C4)[C@H](OC(=O)C)[C@@H](COC(C)=O)O3,True,True,False,0,,C=CCCCO[C@@H]1O[C@H](C(=O)OC)[C@@H](O[C@H]2O[C@H](COC(C)=O)[C@@H](OC(C)=O)[C@H](OCc3ccccc3)[C@H]2N=[N+]=[N-])[C@H](OCc2ccccc2)[C@H]1OC(=O)CCC(C)=O
39,38,O([C@H]1[C@H](OCC2=CC=CC=C2)[C@@H](OC(CCC(C)=O)=O)[C@H](OCCCC=C)O[C@@H]1C(OC)=O)[C@@H]3[C@H](N=[N+]=[N-])[C@@H](OCC4=CC=CC=C4)[C@H](OC(=O)C)[C@@H](COC(C)=O)O3,O([C@H]1[C@H](OCC2=CC=CC=C2)[C@@H](OC(CCC(C)=O)=O)[C@H](OCCCC=C)O[C@@H]1C(OC)=O)[C@@H]3[C@H](N=[N+]=[N-])[C@@H](OCC4=CC=CC=C4)[C@H](OC(=O)C)[C@@H](COC(C)=O)O3,True,True,False,0,,C=CCCCO[C@@H]1O[C@H](C(=O)OC)[C@@H](O[C@H]2O[C@H](COC(C)=O)[C@@H](OC(C)=O)[C@H](OCc3ccccc3)[C@H]2N=[N+]=[N-])[C@H](OCc2ccccc2)[C@H]1OC(=O)CCC(C)=O
40,39,N(C(OCC1=CC=CC=C1)=O)[C@@H]2[C@@H](OC(C)=O)[C@H](OC(=O)C)[C@@H](COC(C)=O)O[C@@H]2OC,N(C(OCC1=CC=CC=C1)=O)[C@@H]2[C@@H](OC(C)=O)[C@H](OC(=O)C)[C@@H](COC(C)=O)O[C@@H]2OC,True,True,False,0,,CO[C@H]1O[C@H](COC(C)=O)[C@@H](OC(C)=O)[C@H](OC(C)=O)[C@H]1NC(=O)OCc1ccccc1
41,40,C[C@@]12[C@]3(O[C@@]4([C@](O3)([C@H](OCC5=CC=CC=C5)[C@@H](OCC6=CC=CC=C6)[C@H](OCC7=CC=CC=C7)[C@H]4O[C@@H]8[C@H](N=[N+]=[N-])[C@@H](OCC9=CC=CC=C9)[C@H](OC(=O)C)[C@@H](COCC%10=CC=CC=C%10)O8)[H])[H])C[C@@](C1(C)C)(CC2)[H],C[C@@]12[C@]3(O[C@@]4([C@](O3)([C@H](OCC5=CC=CC=C5)[C@@H](OCC6=CC=CC=C6)[C@H](OCC7=CC=CC=C7)[C@H]4O[C@@H]8[C@H](N=[N+]=[N-])[C@@H](OCC9=CC=CC=C9)[C@H](OC(=O)C)[C@@H](COCC%10=CC=CC=C%10)O8)[H])[H])C[C@@](C1(C)C)(CC2)[H],True,True,False,0,,CC(=O)O[C@H]1[C@H](OCc2ccccc2)[C@@H](N=[N+]=[N-])[C@@H](O[C@@H]2[C@@H](OCc3ccccc3)[C@H](OCc3ccccc3)[C@@H](OCc3ccccc3)[C@H]3O[C@]4(C[C@@H]5CC[C@@]4(C)C5(C)C)O[C@@H]23)O[C@@H]1COCc1ccccc1
42,41,O([C@H]1[C@@H]([C@@H](OC(C)=O)[C@H](OC(=O)C)[C@@H](COCC2=CC=CC=C2)O1)N3C(=O)C=4C(C3=O)=CC=CC4)C5=CC=C(OC)C=C5,O([C@H]1[C@@H]([C@@H](OC(C)=O)[C@H](OC(=O)C)[C@@H](COCC2=CC=CC=C2)O1)N3C(=O)C=4C(C3=O)=CC=CC4)C5=CC=C(OC)C=C5,True,True,False,0,,COc1ccc(O[C@@H]2O[C@H](COCc3ccccc3)[C@@H](OC(C)=O)[C@H](OC(C)=O)[C@H]2N2C(=O)c3ccccc3C2=O)cc1
43,42,O([C@H]1[C@@H]([C@@H](OC(C)=O)[C@H](OC(=O)C)[C@@H](COCC2=CC=CC=C2)O1)N3C(=O)C=4C(C3=O)=CC=CC4)C5=CC=C(OC)C=C5,O([C@H]1[C@@H]([C@@H](OC(C)=O)[C@H](OC(=O)C)[C@@H](COCC2=CC=CC=C2)O1)N3C(=O)C=4C(C3=O)=CC=CC4)C5=CC=C(OC)C=C5,True,True,False,0,,COc1ccc(O[C@@H]2O[C@H](COCc3ccccc3)[C@@H](OC(C)=O)[C@H](OC(C)=O)[C@H]2N2C(=O)c3ccccc3C2=O)cc1
44,43,N(=[N+]=[N-])[C@@H]1[C@@H](OCC2=CC=CC=C2)[C@H](OC(=O)C)[C@@H](COCC3=CC=CC=C3)O[C@@H]1OCC=C,N(=[N+]=[N-])[C@@H]1[C@@H](OCC2=CC=CC=C2)[C@H](OC(=O)C)[C@@H](COCC3=CC=CC=C3)O[C@@H]1OCC=C,True,True,False,0,,C=CCO[C@H]1O[C@H](COCc2ccccc2)[C@@H](OC(C)=O)[C@H](OCc2ccccc2)[C@H]1N=[N+]=[N-]
45,44,N(=[N+]=[N-])[C@@H]1[C@@H](OCC2=CC=CC=C2)[C@H](OC(=O)C)[C@@H](COCC3=CC=C(OC)C=C3)O[C@H]1O[Si](C(C)(C)C)(C)C,N(=[N+]=[N-])[C@@H]1[C@@H](OCC2=CC=CC=C2)[C@H](OC(=O)C)[C@@H](COCC3=CC=C(OC)C=C3)O[C@H]1O[Si](C(C)(C)C)(C)C,True,True,False,0,,COc1ccc(COC[C@H]2O[C@@H](O[Si](C)(C)C(C)(C)C)[C@H](N=[N+]=[N-])[C@@H](OCc3ccccc3)[C@@H]2OC(C)=O)cc1
46,45,N(C(OCC(Cl)(Cl)Cl)=O)[C@@H]1[C@@H](OC(OCC=C)=O)[C@H](OC(=O)C)[C@@H](COCC2=CC=CC=C2)O[C@@H]1OCC=C,N(C(OCC(Cl)(Cl)Cl)=O)[C@@H]1[C@@H](OC(OCC=C)=O)[C@H](OC(=O)C)[C@@H](COCC2=CC=CC=C2)O[C@@H]1OCC=C,True,True,False,0,,C=CCOC(=O)O[C@@H]1[C@@H](NC(=O)OCC(Cl)(Cl)Cl)[C@@H](OCC=C)O[C@H](COCc2ccccc2)[C@H]1OC(C)=O
47,46,O([C@@H]1[C@@H](OCC2=CC=CC=C2)[C@H](OCC3=CC=CC=C3)[C@@H](OCC4=CC=CC=C4)[C@@H](OCC5=CC=CC=C5)[C@H]1OCC=C)[C@@H]6[C@H](N=[N+]=[N-])[C@@H](OCC7=CC=CC=C7)[C@H](OC(=O)C)[C@@H](COCC8=CC=CC=C8)O6,O([C@@H]1[C@@H](OCC2=CC=CC=C2)[C@H](OCC3=CC=CC=C3)[C@@H](OCC4=CC=CC=C4)[C@@H](OCC5=CC=CC=C5)[C@H]1OCC=C)[C@@H]6[C@H](N=[N+]=[N-])[C@@H](OCC7=CC=CC=C7)[C@H](OC(=O)C)[C@@H](COCC8=CC=CC=C8)O6,True,True,False,0,,C=CCO[C@@H]1[C@H](OCc2ccccc2)[C@H](OCc2ccccc2)[C@@H](OCc2ccccc2)[C@H](OCc2ccccc2)[C@H]1O[C@H]1O[C@H](COCc2ccccc2)[C@@H](OC(C)=O)[C@H](OCc2ccccc2)[C@H]1N=[N+]=[N-]
48,47,O([C@@H]1[C@H](OCC2=CC=CC=C2)[C@@H](OCC3=CC=CC=C3)[C@H](OCC4=CC=CC=C4)[C@@H](OCC5=CC=CC=C5)[C@H]1OCC=C)[C@@H]6[C@H](N=[N+]=[N-])[C@@H](OCC7=CC=CC=C7)[C@H](OC(=O)C)[C@@H](COCC8=CC=CC=C8)O6,O([C@@H]1[C@H](OCC2=CC=CC=C2)[C@@H](OCC3=CC=CC=C3)[C@H](OCC4=CC=CC=C4)[C@@H](OCC5=CC=CC=C5)[C@H]1OCC=C)[C@@H]6[C@H](N=[N+]=[N-])[C@@H](OCC7=CC=CC=C7)[C@H](OC(=O)C)[C@@H](COCC8=CC=CC=C8)O6,True,True,False,0,,C=CCO[C@@H]1[C@H](OCc2ccccc2)[C@@H](OCc2ccccc2)[C@H](OCc2ccccc2)[C@@H](OCc2ccccc2)[C@H]1O[C@H]1O[C@H](COCc2ccccc2)[C@@H](OC(C)=O)[C@H](OCc2ccccc2)[C@H]1N=[N+]=[N-]
49,48,S([C@H]1[C@H](N=[N+]=[N-])[C@@H](OCC2=CC=CC=C2)[C@H](OC(=O)C)[C@@H](COCC3=CC=CC=C3)O1)C4=CC=CC=C4,S([C@H]1[C@H](N=[N+]=[N-])[C@@H](OCC2=CC=CC=C2)[C@H](OC(=O)C)[C@@H](COCC3=CC=CC=C3)O1)C4=CC=CC=C4,True,True,False,0,,CC(=O)O[C@H]1[C@H](OCc2ccccc2)[C@@H](N=[N+]=[N-])[C@H](Sc2ccccc2)O[C@@H]1COCc1ccccc1
50,49,N(=[N+]=[N-])[C@@H]1[C@@H](OCC2=CC=CC=C2)[C@H](OC(=O)C)[C@@H](COCC3=CC=CC=C3)O[C@H]1O[Si](C(C)(C)C)(C)C,N(=[N+]=[N-])[C@@H]1[C@@H](OCC2=CC=CC=C2)[C@H](OC(=O)C)[C@@H](COCC3=CC=CC=C3)O[C@H]1O[Si](C(C)(C)C)(C)C,True,True,False,0,,CC(=O)O[C@H]1[C@H](OCc2ccccc2)[C@@H](N=[N+]=[N-])[C@H](O[Si](C)(C)C(C)(C)C)O[C@@H]1COCc1ccccc1
51,50,S([C@H]1[C@]2([C@]([C@H](OC(=O)C)[C@@H](COCC3=CC=CC=C3)O1)(OC(=O)N2)[H])[H])C4=CC=CC=C4,S([C@H]1[C@]2([C@]([C@H](OC(=O)C)[C@@H](COCC3=CC=CC=C3)O1)(OC(=O)N2)[H])[H])C4=CC=CC=C4,True,True,False,0,,CC(=O)O[C@H]1[C@@H]2OC(=O)N[C@H]2[C@H](Sc2ccccc2)O[C@@H]1COCc1ccccc1
52,51,O(C)[C@H]1[C@@H]([C@@H](O)[C@H](OC(=O)C)[C@@H](COCC2=CC=CC=C2)O1)N3C(=O)C(C)=C(C)C3=O,O(C)[C@H]1[C@@H]([C@@H](O)[C@H](OC(=O)C)[C@@H](COCC2=CC=CC=C2)O1)N3C(=O)C(C)=C(C)C3=O,True,True,False,0,,CO[C@@H]1O[C@H](COCc2ccccc2)[C@@H](OC(C)=O)[C@H](O)[C@H]1N1C(=O)C(C)=C(C)C1=O
53,52,N(C(OCC(Cl)(Cl)Cl)=O)[C@@H]1[C@@H](O[C@@H](C(OCC)=O)C)[C@H](OC(=O)C)[C@@H](COCC2=CC=CC=C2)O[C@@H]1OCC=C,N(C(OCC(Cl)(Cl)Cl)=O)[C@@H]1[C@@H](O[C@@H](C(OCC)=O)C)[C@H](OC(=O)C)[C@@H](COCC2=CC=CC=C2)O[C@@H]1OCC=C,True,True,False,0,,C=CCO[C@H]1O[C@H](COCc2ccccc2)[C@@H](OC(C)=O)[C@H](O[C@H](C)C(=O)OCC)[C@H]1NC(=O)OCC(Cl)(Cl)Cl
54,53,O([C@H]1[C@H](OCC2=CC=CC=C2)[C@H](N=[N+]=[N-])[C@H](O[C@H]3[C@H](OC(CCC(C)=O)=O)[C@@H](NC(OCC(Cl)(Cl)Cl)=O)[C@H](OCCCCCN(CC4=CC=CC=C4)C(OCC5=CC=CC=C5)=O)O[C@@H]3COCC6=CC=CC=C6)O[C@@H]1COCC7=CC=CC=C7)[C@@H]8[C@H](N=[N+]=[N-])[C@@H](OCC9=CC%10=C(C=C9)C=CC=C%10)[C@H](OC(=O)C)[C@@H](COCC%11=CC=CC=C%11)O8,O([C@H]1[C@H](OCC2=CC=CC=C2)[C@H](N=[N+]=[N-])[C@H](O[C@H]3[C@H](OC(CCC(C)=O)=O)[C@@H](NC(OCC(Cl)(Cl)Cl)=O)[C@H](OCCCCCN(CC4=CC=CC=C4)C(OCC5=CC=CC=C5)=O)O[C@@H]3COCC6=CC=CC=C6)O[C@@H]1COCC7=CC=CC=C7)[C@@H]8[C@H](N=[N+]=[N-])[C@@H](OCC9=CC%10=C(C=C9)C=CC=C%10)[C@H](OC(=O)C)[C@@H](COCC%11=CC=CC=C%11)O8,True,True,False,0,,CC(=O)CCC(=O)O[C@@H]1[C@@H](NC(=O)OCC(Cl)(Cl)Cl)[C@H](OCCCCCN(Cc2ccccc2)C(=O)OCc2ccccc2)O[C@H](COCc2ccccc2)[C@H]1O[C@@H]1O[C@H](COCc2ccccc2)[C@@H](O[C@H]2O[C@H](COCc3ccccc3)[C@@H](OC(C)=O)[C@H](OCc3ccc4ccccc4c3)[C@H]2N=[N+]=[N-])[C@H](OCc2ccccc2)[C@@H]1N=[N+]=[N-]
55,54,O([C@H]1[C@@H](OCC2=CC=CC=C2)[C@H](OCC3=CC=CC=C3)[C@@H](COCC4=CC=CC=C4)O[C@@H]1OCC5=CC=CC=C5)[C@H]6[C@H](N=[N+]=[N-])[C@@H](OCC7=CC=CC=C7)[C@H](OC(=O)C)[C@@H](COCC8=CC=CC=C8)O6,O([C@H]1[C@@H](OCC2=CC=CC=C2)[C@H](OCC3=CC=CC=C3)[C@@H](COCC4=CC=CC=C4)O[C@@H]1OCC5=CC=CC=C5)[C@H]6[C@H](N=[N+]=[N-])[C@@H](OCC7=CC=CC=C7)[C@H](OC(=O)C)[C@@H](COCC8=CC=CC=C8)O6,True,True,False,0,,CC(=O)O[C@H]1[C@H](OCc2ccccc2)[C@@H](N=[N+]=[N-])[C@H](O[C@@H]2[C@@H](OCc3ccccc3)O[C@H](COCc3ccccc3)[C@@H](OCc3ccccc3)[C@@H]2OCc2ccccc2)O[C@@H]1COCc1ccccc1
56,55,[Si](O[C@H]1[C@]2([C@]([C@H](OC(=O)C)[C@@H](CO[Si](C(C)(C)C)(C3=CC=CC=C3)C4=CC=CC=C4)O1)(OC(=O)N2)[H])[H])(C(C)(C)C)(C5=CC=CC=C5)C6=CC=CC=C6,[Si](O[C@H]1[C@]2([C@]([C@H](OC(=O)C)[C@@H](CO[Si](C(C)(C)C)(C3=CC=CC=C3)C4=CC=CC=C4)O1)(OC(=O)N2)[H])[H])(C(C)(C)C)(C5=CC=CC=C5)C6=CC=CC=C6,True,True,False,0,,CC(=O)O[C@H]1[C@@H]2OC(=O)N[C@H]2[C@H](O[Si](c2ccccc2)(c2ccccc2)C(C)(C)C)O[C@@H]1CO[Si](c1ccccc1)(c1ccccc1)C(C)(C)C
57,56,C[C@@]12[C@@]3([C@@](O[C@@]4([C@H]3C)CC[C@@H](C)CO4)(C[C@]1([C@]5([C@](CC2)([C@]6(C)C(=CC5)C[C@@H](O[C@H]7[C@H](NC(OCC(Cl)(Cl)Cl)=O)[C@@H](OC(=O)C8=CC=CC=C8)[C@H](OC(=O)C)[C@@H](COC(=O)C9=CC=CC=C9)O7)CC6)[H])[H])[H])[H])[H],C[C@@]12[C@@]3([C@@](O[C@@]4([C@H]3C)CC[C@@H](C)CO4)(C[C@]1([C@]5([C@](CC2)([C@]6(C)C(=CC5)C[C@@H](O[C@H]7[C@H](NC(OCC(Cl)(Cl)Cl)=O)[C@@H](OC(=O)C8=CC=CC=C8)[C@H](OC(=O)C)[C@@H](COC(=O)C9=CC=CC=C9)O7)CC6)[H])[H])[H])[H])[H],True,True,False,0,,CC(=O)O[C@H]1[C@H](OC(=O)c2ccccc2)[C@@H](NC(=O)OCC(Cl)(Cl)Cl)[C@H](O[C@H]2CC[C@@]3(C)C(=CC[C@H]4[C@@H]5C[C@@H]6O[C@]7(CC[C@@H](C)CO7)[C@@H](C)[C@@H]6[C@@]5(C)CC[C@@H]43)C2)O[C@@H]1COC(=O)c1ccccc1
58,57,O([Si](C(C(C)C)(C)C)(C)C)[C@H]1[C@H](N=[N+]=[N-])[C@@H](OCC2=CC=CC=C2)[C@H](OC(=O)C)[C@@H](COCC3=CC=CC=C3)O1,O([Si](C(C(C)C)(C)C)(C)C)[C@H]1[C@H](N=[N+]=[N-])[C@@H](OCC2=CC=CC=C2)[C@H](OC(=O)C)[C@@H](COCC3=CC=CC=C3)O1,True,True,False,0,,CC(=O)O[C@H]1[C@H](OCc2ccccc2)[C@@H](N=[N+]=[N-])[C@H](O[Si](C)(C)C(C)(C)C(C)C)O[C@@H]1COCc1ccccc1
59,58,N(C(C(Cl)(Cl)Cl)=O)[C@@H]1[C@H](OC(C)=O)[C@H](OC(=O)C)[C@@H](COCC2=CC=CC=C2)O[C@@H]1OCC3=CC4=C(C=C3)C=CC=C4,N(C(C(Cl)(Cl)Cl)=O)[C@@H]1[C@H](OC(C)=O)[C@H](OC(=O)C)[C@@H](COCC2=CC=CC=C2)O[C@@H]1OCC3=CC4=C(C=C3)C=CC=C4,True,True,False,0,,CC(=O)O[C@H]1[C@@H](NC(=O)C(Cl)(Cl)Cl)[C@@H](OCc2ccc3ccccc3c2)O[C@H](COCc2ccccc2)[C@H]1OC(C)=O
60,59,N(=[N+]=[N-])[C@@H]1[C@@H](OCC2=CC=CC=C2)[C@H](OC(=O)C)[C@@H](COCC3=CC=CC=C3)O[C@H]1OCC4=CC=CC=C4,N(=[N+]=[N-])[C@@H]1[C@@H](OCC2=CC=CC=C2)[C@H](OC(=O)C)[C@@H](COCC3=CC=CC=C3)O[C@H]1OCC4=CC=CC=C4,True,True,False,0,,CC(=O)O[C@H]1[C@H](OCc2ccccc2)[C@@H](N=[N+]=[N-])[C@H](OCc2ccccc2)O[C@@H]1COCc1ccccc1
61,60,N(C(C)=O)[C@@H]1[C@@H](O[C@@H](C(N[C@H](C(OCC[Si](C)(C)C)=O)C)=O)C)[C@H](OC(=O)C)[C@@H](COC(C)=O)O[C@@H]1OCC2=CC=CC=C2,N(C(C)=O)[C@@H]1[C@@H](O[C@@H](C(N[C@H](C(OCC[Si](C)(C)C)=O)C)=O)C)[C@H](OC(=O)C)[C@@H](COC(C)=O)O[C@@H]1OCC2=CC=CC=C2,True,True,False,0,,CC(=O)N[C@H]1[C@@H](OCc2ccccc2)O[C@H](COC(C)=O)[C@@H](OC(C)=O)[C@@H]1O[C@H](C)C(=O)N[C@@H](C)C(=O)OCC[Si](C)(C)C
62,61,C(OCC1=CC=CC=C1)(=O)[C@]23[C@](C=4[C@@](C)(CC2)[C@@]5(C)[C@](CC4)([C@]6(C)[C@@](CC5)(C(C)(C)[C@@H](O[C@H]7[C@H](NC(OCC(Cl)(Cl)Cl)=O)[C@@H](OC(CCC(C)=O)=O)[C@H](OC(=O)C)[C@@H](COC(CC8=C(N(=O)=O)C=CC=C8)=O)O7)CC6)[H])[H])(CC(C)(C)CC3)[H],C(OCC1=CC=CC=C1)(=O)[C@]23[C@](C=4[C@@](C)(CC2)[C@@]5(C)[C@](CC4)([C@]6(C)[C@@](CC5)(C(C)(C)[C@@H](O[C@H]7[C@H](NC(OCC(Cl)(Cl)Cl)=O)[C@@H](OC(CCC(C)=O)=O)[C@H](OC(=O)C)[C@@H](COC(CC8=C(N(=O)=O)C=CC=C8)=O)O7)CC6)[H])[H])(CC(C)(C)CC3)[H],True,True,False,0,,CC(=O)CCC(=O)O[C@@H]1[C@@H](NC(=O)OCC(Cl)(Cl)Cl)[C@H](O[C@H]2CC[C@]3(C)[C@H]4CC=C5[C@@H]6CC(C)(C)CC[C@]6(C(=O)OCc6ccccc6)CC[C@@]5(C)[C@]4(C)CC[C@H]3C2(C)C)O[C@H](COC(=O)Cc2ccccc2[N+](=O)[O-])[C@H]1OC(C)=O
63,62,N(C(C)=O)[C@@H]1[C@@H](OC(CCl)=O)[C@H](OC(=O)C)[C@@H](COC(=O)C2=CC=CC=C2)O[C@H]1OCCCCC,N(C(C)=O)[C@@H]1[C@@H](OC(CCl)=O)[C@H](OC(=O)C)[C@@H](COC(=O)C2=CC=CC=C2)O[C@H]1OCCCCC,True,True,False,0,,CCCCCO[C@@H]1O[C@H](COC(=O)c2ccccc2)[C@@H](OC(C)=O)[C@H](OC(=O)CCl)[C@H]1NC(C)=O
64,63,N(C(C(Cl)(Cl)Cl)=O)[C@@H]1[C@@H](OCC2=CC=CC=C2)[C@H](OC(=O)C)[C@@H](COCC3=CC=CC=C3)O[C@H]1OCCCC=C,N(C(C(Cl)(Cl)Cl)=O)[C@@H]1[C@@H](OCC2=CC=CC=C2)[C@H](OC(=O)C)[C@@H](COCC3=CC=CC=C3)O[C@H]1OCCCC=C,True,True,False,0,,C=CCCCO[C@@H]1O[C@H](COCc2ccccc2)[C@@H](OC(C)=O)[C@H](OCc2ccccc2)[C@H]1NC(=O)C(Cl)(Cl)Cl
65,64,N(=CC1=CC=C(C(F)(F)F)C=C1)[C@@H]2[C@@H](OC(C)=O)[C@H](OC(=O)C)[C@@H](COC(C)=O)O[C@H]2OC(C)=O,N(=CC1=CC=C(C(F)(F)F)C=C1)[C@@H]2[C@@H](OC(C)=O)[C@H](OC(=O)C)[C@@H](COC(C)=O)O[C@H]2OC(C)=O,True,True,False,0,,CC(=O)OC[C@H]1O[C@@H](OC(C)=O)[C@H](N=Cc2ccc(C(F)(F)F)cc2)[C@@H](OC(C)=O)[C@@H]1OC(C)=O
66,65,N(C(C)=O)[C@@H]1[C@@H](OCC2=CC=CC=C2)[C@H](OC(=O)C)[C@@H](COCC3=CC=CC=C3)O[C@H]1OCCCCCCNC(OCC4=CC=CC=C4)=O,N(C(C)=O)[C@@H]1[C@@H](OCC2=CC=CC=C2)[C@H](OC(=O)C)[C@@H](COCC3=CC=CC=C3)O[C@H]1OCCCCCCNC(OCC4=CC=CC=C4)=O,True,True,False,0,,CC(=O)N[C@H]1[C@H](OCCCCCCNC(=O)OCc2ccccc2)O[C@H](COCc2ccccc2)[C@@H](OC(C)=O)[C@@H]1OCc1ccccc1
67,66,N(=[N+]=[N-])[C@@H]1[C@@H](OCC2=CC=CC=C2)[C@H](OC(=O)C)[C@@H](COC(CCC(C)=O)=O)O[C@@H]1OCCCCCN(CC3=CC=CC=C3)C(OCC4=CC=CC=C4)=O,N(=[N+]=[N-])[C@@H]1[C@@H](OCC2=CC=CC=C2)[C@H](OC(=O)C)[C@@H](COC(CCC(C)=O)=O)O[C@@H]1OCCCCCN(CC3=CC=CC=C3)C(OCC4=CC=CC=C4)=O,True,True,False,0,,CC(=O)CCC(=O)OC[C@H]1O[C@H](OCCCCCN(Cc2ccccc2)C(=O)OCc2ccccc2)[C@H](N=[N+]=[N-])[C@@H](OCc2ccccc2)[C@@H]1OC(C)=O
68,67,S([C@H]1[C@H](N=[N+]=[N-])[C@@H](OCC2=CC=CC=C2)[C@H](OC(=O)C)[C@@H](COCC3=CC=CC=C3)O1)C4CCCCC4,S([C@H]1[C@H](N=[N+]=[N-])[C@@H](OCC2=CC=CC=C2)[C@H](OC(=O)C)[C@@H](COCC3=CC=CC=C3)O1)C4CCCCC4,True,True,False,0,,CC(=O)O[C@H]1[C@H](OCc2ccccc2)[C@@H](N=[N+]=[N-])[C@H](SC2CCCCC2)O[C@@H]1COCc1ccccc1
69,68,[Si](O[C@H]1[C@H](NC(OCC(Cl)(Cl)Cl)=O)[C@@H](O[C@H]2[C@@H](OCC3=CC=CC=C3)[C@H](OCC4=CC=CC=C4)[C@H](OCC5=CC=CC=C5)[C@H](C)O2)[C@H](OC(=O)C)[C@@H](COCC6=CC=CC=C6)O1)(C(C)(C)C)(C7=CC=CC=C7)C8=CC=CC=C8,[Si](O[C@H]1[C@H](NC(OCC(Cl)(Cl)Cl)=O)[C@@H](O[C@H]2[C@@H](OCC3=CC=CC=C3)[C@H](OCC4=CC=CC=C4)[C@H](OCC5=CC=CC=C5)[C@H](C)O2)[C@H](OC(=O)C)[C@@H](COCC6=CC=CC=C6)O1)(C(C)(C)C)(C7=CC=CC=C7)C8=CC=CC=C8,True,True,False,0,,CC(=O)O[C@H]1[C@H](O[C@@H]2O[C@@H](C)[C@@H](OCc3ccccc3)[C@@H](OCc3ccccc3)[C@@H]2OCc2ccccc2)[C@@H](NC(=O)OCC(Cl)(Cl)Cl)[C@H](O[Si](c2ccccc2)(c2ccccc2)C(C)(C)C)O[C@@H]1COCc1ccccc1
70,69,S([C@@H]1[C@H](N=[N+]=[N-])[C@@H](OCC2=CC=CC=C2)[C@H](OC(=O)C)[C@@H](COCC3=CC=CC=C3)O1)C4=CC=CC=C4,S([C@@H]1[C@H](N=[N+]=[N-])[C@@H](OCC2=CC=CC=C2)[C@H](OC(=O)C)[C@@H](COCC3=CC=CC=C3)O1)C4=CC=CC=C4,True,True,False,0,,CC(=O)O[C@H]1[C@H](OCc2ccccc2)[C@@H](N=[N+]=[N-])[C@@H](Sc2ccccc2)O[C@@H]1COCc1ccccc1
71,70,[Si](OCCCCCCCCCO[C@H]1[C@@H]([C@@H](OCC2=CC=C(OC)C=C2)[C@H](OC(=O)C)[C@@H](COC(OCC=C)=O)O1)N3C(=O)C=4C(C3=O)=CC=CC4)(C(C)(C)C)(C5=CC=CC=C5)C6=CC=CC=C6,[Si](OCCCCCCCCCO[C@H]1[C@@H]([C@@H](OCC2=CC=C(OC)C=C2)[C@H](OC(=O)C)[C@@H](COC(OCC=C)=O)O1)N3C(=O)C=4C(C3=O)=CC=CC4)(C(C)(C)C)(C5=CC=CC=C5)C6=CC=CC=C6,True,True,False,0,,C=CCOC(=O)OC[C@H]1O[C@@H](OCCCCCCCCCO[Si](c2ccccc2)(c2ccccc2)C(C)(C)C)[C@H](N2C(=O)c3ccccc3C2=O)[C@@H](OCc2ccc(OC)cc2)[C@@H]1OC(C)=O
72,71,O(CC1=CC=CC=C1)[C@@H]2[C@H]([C@H](N=[N+]=[N-])O[C@H](COCC3=CC=CC=C3)[C@H]2O[C@H]4[C@@H]([C@@H](OCC5=CC=CC=C5)[C@H](OC(=O)C)[C@@H](COCC6=CC=CC=C6)O4)N7C(=O)C=8C(C7=O)=CC=CC8)N9C(=O)C=%10C(C9=O)=CC=CC%10,O(CC1=CC=CC=C1)[C@@H]2[C@H]([C@H](N=[N+]=[N-])O[C@H](COCC3=CC=CC=C3)[C@H]2O[C@H]4[C@@H]([C@@H](OCC5=CC=CC=C5)[C@H](OC(=O)C)[C@@H](COCC6=CC=CC=C6)O4)N7C(=O)C=8C(C7=O)=CC=CC8)N9C(=O)C=%10C(C9=O)=CC=CC%10,True,True,False,0,,CC(=O)O[C@H]1[C@H](OCc2ccccc2)[C@@H](N2C(=O)c3ccccc3C2=O)[C@H](O[C@H]2[C@H](OCc3ccccc3)[C@@H](N3C(=O)c4ccccc4C3=O)[C@H](N=[N+]=[N-])O[C@@H]2COCc2ccccc2)O[C@@H]1COCc1ccccc1
73,72,O([Si](C(C(C)C)(C)C)(C)C)[C@H]1[C@H](N=[N+]=[N-])[C@@H](OCC2=CC=CC=C2)[C@H](OC(=O)C)[C@@H](COC(C)=O)O1,O([Si](C(C(C)C)(C)C)(C)C)[C@H]1[C@H](N=[N+]=[N-])[C@@H](OCC2=CC=CC=C2)[C@H](OC(=O)C)[C@@H](COC(C)=O)O1,True,True,False,0,,CC(=O)OC[C@H]1O[C@@H](O[Si](C)(C)C(C)(C)C(C)C)[C@H](N=[N+]=[N-])[C@@H](OCc2ccccc2)[C@@H]1OC(C)=O
74,73,O([C@H]1[C@@H]([C@@H](OCC2=CC=CC=C2)[C@H](OC(=O)C)[C@@H](COCC3=CC=CC=C3)O1)N4C(=O)C=5C(C4=O)=CC=CC5)[C@H]6[C@@H](OCC7=CC=CC=C7)[C@H](OCC8=CC=CC=C8)[C@@H](COCC9=CC=CC=C9)O[C@@H]6OCCCCCCCC,O([C@H]1[C@@H]([C@@H](OCC2=CC=CC=C2)[C@H](OC(=O)C)[C@@H](COCC3=CC=CC=C3)O1)N4C(=O)C=5C(C4=O)=CC=CC5)[C@H]6[C@@H](OCC7=CC=CC=C7)[C@H](OCC8=CC=CC=C8)[C@@H](COCC9=CC=CC=C9)O[C@@H]6OCCCCCCCC,True,True,False,0,,CCCCCCCCO[C@H]1O[C@H](COCc2ccccc2)[C@@H](OCc2ccccc2)[C@H](OCc2ccccc2)[C@@H]1O[C@@H]1O[C@H](COCc2ccccc2)[C@@H](OC(C)=O)[C@H](OCc2ccccc2)[C@H]1N1C(=O)c2ccccc2C1=O
75,74,N(=[N+]=[N-])[C@H]1[C@@H](OCC2=CC=CC=C2)[C@H](OC(=O)C)[C@@H](COCC3=CC=CC=C3)O[C@@H]1OCC=C,N(=[N+]=[N-])[C@H]1[C@@H](OCC2=CC=CC=C2)[C@H](OC(=O)C)[C@@H](COCC3=CC=CC=C3)O[C@@H]1OCC=C,True,True,False,0,,C=CCO[C@H]1O[C@H](COCc2ccccc2)[C@@H](OC(C)=O)[C@H](OCc2ccccc2)[C@@H]1N=[N+]=[N-]
76,75,N(=[N+]=[N-])[C@@H]1[C@@H](OCC2=CC=CC=C2)[C@H](OC(=O)C)[C@@H](COC(C)=O)O[C@@H]1OCC=C,N(=[N+]=[N-])[C@@H]1[C@@H](OCC2=CC=CC=C2)[C@H](OC(=O)C)[C@@H](COC(C)=O)O[C@@H]1OCC=C,True,True,False,0,,C=CCO[C@H]1O[C@H](COC(C)=O)[C@@H](OC(C)=O)[C@H](OCc2ccccc2)[C@H]1N=[N+]=[N-]
77,76,N(=[N+]=[N-])[C@@H]1[C@@H](OCC2=CC=CC=C2)[C@H](OC(=O)C)[C@@H](COCC3=CC=CC=C3)O[C@H]1OCCCCCNC(OCC4=CC=CC=C4)=O,N(=[N+]=[N-])[C@@H]1[C@@H](OCC2=CC=CC=C2)[C@H](OC(=O)C)[C@@H](COCC3=CC=CC=C3)O[C@H]1OCCCCCNC(OCC4=CC=CC=C4)=O,True,True,False,0,,CC(=O)O[C@H]1[C@H](OCc2ccccc2)[C@@H](N=[N+]=[N-])[C@H](OCCCCCNC(=O)OCc2ccccc2)O[C@@H]1COCc1ccccc1
78,77,C[C@@]12[C@@]3([C@](C[C@]1([C@]4([C@](CC2)([C@]5(C)[C@@](CC4)(C[C@@H](O[C@H]6[C@@H]([C@@H](OC(C)=O)[C@H](OC(=O)C)[C@@H](COCC7=CC=C(OC)C=C7)O6)N8C(=O)C=9C(C8=O)=CC=CC9)CC5)[H])[H])[H])[H])(O[C@@]%10([C@H]3C)CC[C@@H](C)CO%10)[H])[H],C[C@@]12[C@@]3([C@](C[C@]1([C@]4([C@](CC2)([C@]5(C)[C@@](CC4)(C[C@@H](O[C@H]6[C@@H]([C@@H](OC(C)=O)[C@H](OC(=O)C)[C@@H](COCC7=CC=C(OC)C=C7)O6)N8C(=O)C=9C(C8=O)=CC=CC9)CC5)[H])[H])[H])[H])(O[C@@]%10([C@H]3C)CC[C@@H](C)CO%10)[H])[H],True,True,False,0,,COc1ccc(COC[C@H]2O[C@@H](O[C@H]3CC[C@@]4(C)[C@@H](CC[C@@H]5[C@@H]4CC[C@]4(C)[C@@H]6[C@H](C[C@@H]54)O[C@]4(CC[C@@H](C)CO4)[C@H]6C)C3)[C@H](N3C(=O)c4ccccc4C3=O)[C@@H](OC(C)=O)[C@@H]2OC(C)=O)cc1
79,78,O([C@H]1[C@H](OCC2=CC=CC=C2)[C@@]3([C@](O[C@@H]1C(OC)=O)(OC(C)(C)O3)[H])[H])[C@@H]4[C@H](N=[N+]=[N-])[C@@H](OCC5=CC=CC=C5)[C@H](OC(=O)C)[C@@H](COCC6=CC=CC=C6)O4,O([C@H]1[C@H](OCC2=CC=CC=C2)[C@@]3([C@](O[C@@H]1C(OC)=O)(OC(C)(C)O3)[H])[H])[C@@H]4[C@H](N=[N+]=[N-])[C@@H](OCC5=CC=CC=C5)[C@H](OC(=O)C)[C@@H](COCC6=CC=CC=C6)O4,True,True,False,0,,COC(=O)[C@H]1O[C@@H]2OC(C)(C)O[C@@H]2[C@@H](OCc2ccccc2)[C@@H]1O[C@H]1O[C@H](COCc2ccccc2)[C@@H](OC(C)=O)[C@H](OCc2ccccc2)[C@H]1N=[N+]=[N-]
80,79,N(C(OCC1=CC=CC=C1)=O)[C@@H]2[C@@H](OC(C)=O)[C@H](OC(=O)C)[C@@H](COC(C)=O)O[C@@H]2OC,N(C(OCC1=CC=CC=C1)=O)[C@@H]2[C@@H](OC(C)=O)[C@H](OC(=O)C)[C@@H](COC(C)=O)O[C@@H]2OC,True,True,False,0,,CO[C@H]1O[C@H](COC(C)=O)[C@@H](OC(C)=O)[C@H](OC(C)=O)[C@H]1NC(=O)OCc1ccccc1
81,80,O([C@@H]1[C@@H](OC(C)=O)[C@H](O[C@H]2[C@H](OC(CCC(C)=O)=O)[C@@H](NC(C)=O)[C@H](OCCCCCCCl)O[C@@H]2COC(=O)C3=CC=CC=C3)O[C@H](COC(C(C)(C)C)=O)[C@@H]1OC(C)=O)[C@H]4[C@H](NC(CCl)=O)[C@@H](OC(C)=O)[C@H](OC(=O)C)[C@@H](COC(=O)C5=CC=CC=C5)O4,O([C@@H]1[C@@H](OC(C)=O)[C@H](O[C@H]2[C@H](OC(CCC(C)=O)=O)[C@@H](NC(C)=O)[C@H](OCCCCCCCl)O[C@@H]2COC(=O)C3=CC=CC=C3)O[C@H](COC(C(C)(C)C)=O)[C@@H]1OC(C)=O)[C@H]4[C@H](NC(CCl)=O)[C@@H](OC(C)=O)[C@H](OC(=O)C)[C@@H](COC(=O)C5=CC=CC=C5)O4,True,True,False,0,,CC(=O)CCC(=O)O[C@@H]1[C@@H](NC(C)=O)[C@H](OCCCCCCCl)O[C@H](COC(=O)c2ccccc2)[C@H]1O[C@@H]1O[C@H](COC(=O)C(C)(C)C)[C@H](OC(C)=O)[C@H](O[C@@H]2O[C@H](COC(=O)c3ccccc3)[C@@H](OC(C)=O)[C@H](OC(C)=O)[C@H]2NC(=O)CCl)[C@H]1OC(C)=O
82,81,O([C@@H]1[C@@H](OC(C)=O)[C@H](O[C@H]2[C@H](OC(CCC(C)=O)=O)[C@@H](NC(C)=O)[C@H](OCCCCCCCl)O[C@@H]2COC(=O)C3=CC=CC=C3)O[C@H](COC(C(C)(C)C)=O)[C@@H]1OC(C)=O)[C@H]4[C@H](NC(C)=O)[C@@H](OC(C)=O)[C@H](OC(=O)C)[C@@H](COC(=O)C5=CC=CC=C5)O4,O([C@@H]1[C@@H](OC(C)=O)[C@H](O[C@H]2[C@H](OC(CCC(C)=O)=O)[C@@H](NC(C)=O)[C@H](OCCCCCCCl)O[C@@H]2COC(=O)C3=CC=CC=C3)O[C@H](COC(C(C)(C)C)=O)[C@@H]1OC(C)=O)[C@H]4[C@H](NC(C)=O)[C@@H](OC(C)=O)[C@H](OC(=O)C)[C@@H](COC(=O)C5=CC=CC=C5)O4,True,True,False,0,,CC(=O)CCC(=O)O[C@@H]1[C@@H](NC(C)=O)[C@H](OCCCCCCCl)O[C@H](COC(=O)c2ccccc2)[C@H]1O[C@@H]1O[C@H](COC(=O)C(C)(C)C)[C@H](OC(C)=O)[C@H](O[C@@H]2O[C@H](COC(=O)c3ccccc3)[C@@H](OC(C)=O)[C@H](OC(C)=O)[C@H]2NC(C)=O)[C@H]1OC(C)=O
83,82,O([C@@H]1[C@@H](OCC2=CC=CC=C2)[C@H](OCC3=CC=CC=C3)[C@@H](OCC4=CC=CC=C4)[C@@H](OC(C)=O)[C@H]1OC(C)=O)[C@@H]5[C@H](N=CC6=C(C(F)(F)F)C=CC=C6)[C@@H](OC(C)=O)[C@H](OC(=O)C)[C@@H](COC(C)=O)O5,O([C@@H]1[C@@H](OCC2=CC=CC=C2)[C@H](OCC3=CC=CC=C3)[C@@H](OCC4=CC=CC=C4)[C@@H](OC(C)=O)[C@H]1OC(C)=O)[C@@H]5[C@H](N=CC6=C(C(F)(F)F)C=CC=C6)[C@@H](OC(C)=O)[C@H](OC(=O)C)[C@@H](COC(C)=O)O5,True,True,False,0,,CC(=O)OC[C@H]1O[C@H](O[C@@H]2[C@@H](OCc3ccccc3)[C@H](OCc3ccccc3)[C@@H](OCc3ccccc3)[C@@H](OC(C)=O)[C@H]2OC(C)=O)[C@H](N=Cc2ccccc2C(F)(F)F)[C@@H](OC(C)=O)[C@@H]1OC(C)=O
84,83,O([C@H]1[C@H](OC(CCC(C)=O)=O)[C@@H](NC(OCC(Cl)(Cl)Cl)=O)[C@H](O[Si](C(C(C)C)(C)C)(C)C)O[C@@H]1COCC2=CC=CC=C2)[C@H]3[C@@H](N=[N+]=[N-])[C@@H](OCC4=CC=CC=C4)[C@H](OC(=O)C)[C@@H](COCC5=CC=CC=C5)O3,O([C@H]1[C@H](OC(CCC(C)=O)=O)[C@@H](NC(OCC(Cl)(Cl)Cl)=O)[C@H](O[Si](C(C(C)C)(C)C)(C)C)O[C@@H]1COCC2=CC=CC=C2)[C@H]3[C@@H](N=[N+]=[N-])[C@@H](OCC4=CC=CC=C4)[C@H](OC(=O)C)[C@@H](COCC5=CC=CC=C5)O3,True,True,False,0,,CC(=O)CCC(=O)O[C@@H]1[C@@H](NC(=O)OCC(Cl)(Cl)Cl)[C@H](O[Si](C)(C)C(C)(C)C(C)C)O[C@H](COCc2ccccc2)[C@H]1O[C@@H]1O[C@H](COCc2ccccc2)[C@@H](OC(C)=O)[C@H](OCc2ccccc2)[C@@H]1N=[N+]=[N-]
85,84,O(CC1=CC=CC=C1)[C@H]2[C@H](NC(C)=O)[C@@H](O)[C@H](OC(=O)C)[C@@H](CO[Si](C(C)(C)C)(C)C)O2,O(CC1=CC=CC=C1)[C@H]2[C@H](NC(C)=O)[C@@H](O)[C@H](OC(=O)C)[C@@H](CO[Si](C(C)(C)C)(C)C)O2,True,True,False,0,,CC(=O)N[C@H]1[C@H](OCc2ccccc2)O[C@H](CO[Si](C)(C)C(C)(C)C)[C@@H](OC(C)=O)[C@@H]1O
86,85,O([C@@H]1[C@@H](OC(C)=O)[C@H](O[C@H]2[C@H](OC(CCC(C)=O)=O)[C@@H](NC(C)=O)[C@H](OCCCCCCCl)O[C@@H]2COC(=O)C3=CC=CC=C3)O[C@H](COC(C(C)(C)C)=O)[C@@H]1OC(C)=O)[C@H]4[C@H](NC(C)=O)[C@@H](OC(C)=O)[C@H](OC(=O)C)[C@@H](COC(CCl)=O)O4,O([C@@H]1[C@@H](OC(C)=O)[C@H](O[C@H]2[C@H](OC(CCC(C)=O)=O)[C@@H](NC(C)=O)[C@H](OCCCCCCCl)O[C@@H]2COC(=O)C3=CC=CC=C3)O[C@H](COC(C(C)(C)C)=O)[C@@H]1OC(C)=O)[C@H]4[C@H](NC(C)=O)[C@@H](OC(C)=O)[C@H](OC(=O)C)[C@@H](COC(CCl)=O)O4,True,True,False,0,,CC(=O)CCC(=O)O[C@@H]1[C@@H](NC(C)=O)[C@H](OCCCCCCCl)O[C@H](COC(=O)c2ccccc2)[C@H]1O[C@@H]1O[C@H](COC(=O)C(C)(C)C)[C@H](OC(C)=O)[C@H](O[C@@H]2O[C@H](COC(=O)CCl)[C@@H](OC(C)=O)[C@H](OC(C)=O)[C@H]2NC(C)=O)[C@H]1OC(C)=O
87,86,O([C@@H]1[C@@H](OC(C)=O)[C@H](O[C@H]2[C@H](OC(CCC(C)=O)=O)[C@@H](NC(C)=O)[C@H](OCCCCCCCl)O[C@@H]2COC(=O)C3=CC=CC=C3)O[C@H](COC(C(C)(C)C)=O)[C@@H]1OC(C)=O)[C@H]4[C@H](NC(CCl)=O)[C@@H](OC(C)=O)[C@H](OC(=O)C)[C@@H](COC(CCl)=O)O4,O([C@@H]1[C@@H](OC(C)=O)[C@H](O[C@H]2[C@H](OC(CCC(C)=O)=O)[C@@H](NC(C)=O)[C@H](OCCCCCCCl)O[C@@H]2COC(=O)C3=CC=CC=C3)O[C@H](COC(C(C)(C)C)=O)[C@@H]1OC(C)=O)[C@H]4[C@H](NC(CCl)=O)[C@@H](OC(C)=O)[C@H](OC(=O)C)[C@@H](COC(CCl)=O)O4,True,True,False,0,,CC(=O)CCC(=O)O[C@@H]1[C@@H](NC(C)=O)[C@H](OCCCCCCCl)O[C@H](COC(=O)c2ccccc2)[C@H]1O[C@@H]1O[C@H](COC(=O)C(C)(C)C)[C@H](OC(C)=O)[C@H](O[C@@H]2O[C@H](COC(=O)CCl)[C@@H](OC(C)=O)[C@H](OC(C)=O)[C@H]2NC(=O)CCl)[C@H]1OC(C)=O
88,87,N(C(C)=O)[C@@H]1[C@@H](OC(C)=O)[C@H](OC(=O)C)[C@@H](COC(C)=O)O[C@@H]1OC(C)=O,N(C(C)=O)[C@@H]1[C@@H](OC(C)=O)[C@H](OC(=O)C)[C@@H](COC(C)=O)O[C@@H]1OC(C)=O,True,True,False,0,,CC(=O)N[C@H]1[C@@H](OC(C)=O)O[C@H](COC(C)=O)[C@@H](OC(C)=O)[C@@H]1OC(C)=O
89,88,N(C(C)=O)[C@@H]1[C@@H](OC(C)=O)[C@H](OC(=O)C)[C@@H](COCC2=CC=CC=C2)OC1OC(C)=O,N(C(C)=O)[C@@H]1[C@@H](OC(C)=O)[C@H](OC(=O)C)[C@@H](COCC2=CC=CC=C2)OC1OC(C)=O,True,True,False,0,,CC(=O)N[C@H]1C(OC(C)=O)O[C@H](COCc2ccccc2)[C@@H](OC(C)=O)[C@@H]1OC(C)=O
90,89,O(CC1=CC=CC=C1)[C@H]2[C@H](NC(C)=O)[C@@H](O)[C@H](OC(=O)C)[C@@H](CO[Si](C(C)(C)C)(C)C)O2,O(CC1=CC=CC=C1)[C@H]2[C@H](NC(C)=O)[C@@H](O)[C@H](OC(=O)C)[C@@H](CO[Si](C(C)(C)C)(C)C)O2,True,True,False,0,,CC(=O)N[C@H]1[C@H](OCc2ccccc2)O[C@H](CO[Si](C)(C)C(C)(C)C)[C@@H](OC(C)=O)[C@@H]1O
91,90,N(C(CCC)=O)[C@@H]1[C@@H](OCC2=CC=CC=C2)[C@H](OC(=O)C)[C@@H](COCC3=CC=CC=C3)OC1OCC4=CC=CC=C4,N(C(CCC)=O)[C@@H]1[C@@H](OCC2=CC=CC=C2)[C@H](OC(=O)C)[C@@H](COCC3=CC=CC=C3)OC1OCC4=CC=CC=C4,True,True,False,0,,CCCC(=O)N[C@H]1C(OCc2ccccc2)O[C@H](COCc2ccccc2)[C@@H](OC(C)=O)[C@@H]1OCc1ccccc1
92,91,O(CC1=CC=CC=C1)[C@@H]2[C@H]([C@H](OCCCCCN=[N+]=[N-])O[C@H](COCC3=CC=CC=C3)[C@H]2O[C@H]4[C@@H]([C@@H](OCC5=CC=CC=C5)[C@H](OC(=O)C)[C@@H](COCC6=CC=CC=C6)O4)N7C(=O)C=8C(C7=O)=CC=CC8)N9C(=O)C=%10C(C9=O)=CC=CC%10,O(CC1=CC=CC=C1)[C@@H]2[C@H]([C@H](OCCCCCN=[N+]=[N-])O[C@H](COCC3=CC=CC=C3)[C@H]2O[C@H]4[C@@H]([C@@H](OCC5=CC=CC=C5)[C@H](OC(=O)C)[C@@H](COCC6=CC=CC=C6)O4)N7C(=O)C=8C(C7=O)=CC=CC8)N9C(=O)C=%10C(C9=O)=CC=CC%10,True,True,False,0,,CC(=O)O[C@H]1[C@H](OCc2ccccc2)[C@@H](N2C(=O)c3ccccc3C2=O)[C@H](O[C@H]2[C@H](OCc3ccccc3)[C@@H](N3C(=O)c4ccccc4C3=O)[C@H](OCCCCCN=[N+]=[N-])O[C@@H]2COCc2ccccc2)O[C@@H]1COCc1ccccc1
93,92,O([C@H]1[C@]2([C@@]([C@H](OCC3=CC=CC=C3)[C@@H](OCC4=CC=CC=C4)[C@@H]1OCC5=CC=CC=C5)(OC(C)(C)O2)[H])[H])[C@@H]6[C@H](N=[N+]=[N-])[C@@H](OCC7=CC=CC=C7)[C@H](OC(=O)C)[C@@H](COCC8=CC=CC=C8)O6,O([C@H]1[C@]2([C@@]([C@H](OCC3=CC=CC=C3)[C@@H](OCC4=CC=CC=C4)[C@@H]1OCC5=CC=CC=C5)(OC(C)(C)O2)[H])[H])[C@@H]6[C@H](N=[N+]=[N-])[C@@H](OCC7=CC=CC=C7)[C@H](OC(=O)C)[C@@H](COCC8=CC=CC=C8)O6,True,True,False,0,,CC(=O)O[C@H]1[C@H](OCc2ccccc2)[C@@H](N=[N+]=[N-])[C@@H](O[C@@H]2[C@@H](OCc3ccccc3)[C@H](OCc3ccccc3)[C@@H](OCc3ccccc3)[C@H]3OC(C)(C)O[C@@H]23)O[C@@H]1COCc1ccccc1
94,93,C(OC(N[C@H]1[C@H](NC(C)=O)[C@@H](OC(=O)C2=CC=CC=C2)[C@H](OC(=O)C)[C@@H](COC(=O)C3=CC=CC=C3)O1)=O)C4C=5C(C=6C4=CC=CC6)=CC=CC5,C(OC(N[C@H]1[C@H](NC(C)=O)[C@@H](OC(=O)C2=CC=CC=C2)[C@H](OC(=O)C)[C@@H](COC(=O)C3=CC=CC=C3)O1)=O)C4C=5C(C=6C4=CC=CC6)=CC=CC5,True,True,False,0,,CC(=O)N[C@@H]1[C@@H](OC(=O)c2ccccc2)[C@H](OC(C)=O)[C@@H](COC(=O)c2ccccc2)O[C@H]1NC(=O)OCC1c2ccccc2-c2ccccc21
95,94,C[C@@]12[C@]3(O[C@@]4([C@](O3)([C@H](OCC5=CC=CC=C5)[C@@H](OCC6=CC=CC=C6)[C@H](OCC7=CC=CC=C7)[C@H]4O[C@@H]8[C@H](N=[N+]=[N-])[C@@H](OCC9=CC=CC=C9)[C@H](OC(=O)C)[C@@H](CO[Si](C(C)(C)C)(C)C)O8)[H])[H])C[C@@](C1(C)C)(CC2)[H],C[C@@]12[C@]3(O[C@@]4([C@](O3)([C@H](OCC5=CC=CC=C5)[C@@H](OCC6=CC=CC=C6)[C@H](OCC7=CC=CC=C7)[C@H]4O[C@@H]8[C@H](N=[N+]=[N-])[C@@H](OCC9=CC=CC=C9)[C@H](OC(=O)C)[C@@H](CO[Si](C(C)(C)C)(C)C)O8)[H])[H])C[C@@](C1(C)C)(CC2)[H],True,True,False,0,,CC(=O)O[C@H]1[C@H](OCc2ccccc2)[C@@H](N=[N+]=[N-])[C@@H](O[C@@H]2[C@@H](OCc3ccccc3)[C@H](OCc3ccccc3)[C@@H](OCc3ccccc3)[C@H]3O[C@]4(C[C@@H]5CC[C@@]4(C)C5(C)C)O[C@@H]23)O[C@@H]1CO[Si](C)(C)C(C)(C)C
96,95,O([C@H]1[C@H](OCC2=CC=CC=C2)[C@@H](OC(C(C)(C)C)=O)[C@H](O[C@H]3[C@H](OCC4=CC=CC=C4)[C@@H](NC(C)=O)[C@@H](OC(C)C)O[C@@H]3COC(=O)C5=CC=CC=C5)O[C@H]1C(OC)=O)[C@@H]6[C@H](N=[N+]=[N-])[C@@H](OCC7=CC=CC=C7)[C@H](O[C@H]8[C@H](OCC9=CC=CC=C9)[C@@H](OCC%10=CC=CC=C%10)[C@H](O[C@@H]%11[C@H](N=[N+]=[N-])[C@@H](OCC%12=CC=CC=C%12)[C@H](OC(=O)C)[C@@H](COC(=O)C%13=CC=CC=C%13)O%11)[C@H](C(OC)=O)O8)[C@@H](COCC%14=CC=CC=C%14)O6,O([C@H]1[C@H](OCC2=CC=CC=C2)[C@@H](OC(C(C)(C)C)=O)[C@H](O[C@H]3[C@H](OCC4=CC=CC=C4)[C@@H](NC(C)=O)[C@@H](OC(C)C)O[C@@H]3COC(=O)C5=CC=CC=C5)O[C@H]1C(OC)=O)[C@@H]6[C@H](N=[N+]=[N-])[C@@H](OCC7=CC=CC=C7)[C@H](O[C@H]8[C@H](OCC9=CC=CC=C9)[C@@H](OCC%10=CC=CC=C%10)[C@H](O[C@@H]%11[C@H](N=[N+]=[N-])[C@@H](OCC%12=CC=CC=C%12)[C@H](OC(=O)C)[C@@H](COC(=O)C%13=CC=CC=C%13)O%11)[C@H](C(OC)=O)O8)[C@@H](COCC%14=CC=CC=C%14)O6,True,True,False,0,,COC(=O)[C@@H]1O[C@@H](O[C@H]2[C@H](OCc3ccccc3)[C@@H](N=[N+]=[N-])[C@@H](O[C@H]3[C@H](OCc4ccccc4)[C@@H](OC(=O)C(C)(C)C)[C@H](O[C@H]4[C@H](OCc5ccccc5)[C@@H](NC(C)=O)[C@@H](OC(C)C)O[C@@H]4COC(=O)c4ccccc4)O[C@H]3C(=O)OC)O[C@@H]2COCc2ccccc2)[C@H](OCc2ccccc2)[C@@H](OCc2ccccc2)[C@@H]1O[C@H]1O[C@H](COC(=O)c2ccccc2)[C@@H](OC(C)=O)[C@H](OCc2ccccc2)[C@H]1N=[N+]=[N-]
97,96,N(C(COC(C)=O)=O)[C@@H]1[C@@H](O[C@@H](C(N[C@H](C(OCC[Si](C)(C)C)=O)C)=O)C)[C@H](OC(=O)C)[C@@H](COC(C)=O)O[C@@H]1OCC2=CC=CC=C2,N(C(COC(C)=O)=O)[C@@H]1[C@@H](O[C@@H](C(N[C@H](C(OCC[Si](C)(C)C)=O)C)=O)C)[C@H](OC(=O)C)[C@@H](COC(C)=O)O[C@@H]1OCC2=CC=CC=C2,True,True,False,0,,CC(=O)OCC(=O)N[C@H]1[C@@H](OCc2ccccc2)O[C@H](COC(C)=O)[C@@H](OC(C)=O)[C@@H]1O[C@H](C)C(=O)N[C@@H](C)C(=O)OCC[Si](C)(C)C
98,97,N(C(C)=O)[C@@H]1[C@@H](OC(CCl)=O)[C@H](OC(=O)C)[C@@H](COCC2=CC=CC=C2)O[C@H]1OCC=C,N(C(C)=O)[C@@H]1[C@@H](OC(CCl)=O)[C@H](OC(=O)C)[C@@H](COCC2=CC=CC=C2)O[C@H]1OCC=C,True,True,False,0,,C=CCO[C@@H]1O[C@H](COCc2ccccc2)[C@@H](OC(C)=O)[C@H](OC(=O)CCl)[C@H]1NC(C)=O
99,98,C[C@@]12[C@]3(O[C@@]4([C@](O3)([C@H](OCC5=CC=CC=C5)[C@@H](OCC6=CC=CC=C6)[C@H](OCC7=CC=CC=C7)[C@H]4O[C@@H]8[C@H](N=[N+]=[N-])[C@@H](OCC9=CC=CC=C9)[C@H](OC(=O)C)[C@@H](COCC%10=CC=C(O)C=C%10)O8)[H])[H])C[C@@](C1(C)C)(CC2)[H],C[C@@]12[C@]3(O[C@@]4([C@](O3)([C@H](OCC5=CC=CC=C5)[C@@H](OCC6=CC=CC=C6)[C@H](OCC7=CC=CC=C7)[C@H]4O[C@@H]8[C@H](N=[N+]=[N-])[C@@H](OCC9=CC=CC=C9)[C@H](OC(=O)C)[C@@H](COCC%10=CC=C(O)C=C%10)O8)[H])[H])C[C@@](C1(C)C)(CC2)[H],True,True,False,0,,CC(=O)O[C@H]1[C@H](OCc2ccccc2)[C@@H](N=[N+]=[N-])[C@@H](O[C@@H]2[C@@H](OCc3ccccc3)[C@H](OCc3ccccc3)[C@@H](OCc3ccccc3)[C@H]3O[C@]4(C[C@@H]5CC[C@@]4(C)C5(C)C)O[C@@H]23)O[C@@H]1COCc1ccc(O)cc1
100,99,N(C(C)=O)[C@@H]1[C@@H](OC(C)=O)[C@H](OC(=O)C)[C@@H](COC(=O)C2=CC=CC=C2)O[C@H]1OCC=C,N(C(C)=O)[C@@H]1[C@@H](OC(C)=O)[C@H](OC(=O)C)[C@@H](COC(=O)C2=CC=CC=C2)O[C@H]1OCC=C,True,True,False,0,,C=CCO[C@@H]1O[C@H](COC(=O)c2ccccc2)[C@@H](OC(C)=O)[C@H](OC(C)=O)[C@H]1NC(C)=O
101,100,O([Si](C(C(C)C)(C)C)(C)C)[C@H]1[C@H](N=[N+]=[N-])[C@@H](OCC2=CC=CC=C2)[C@H](OC(=O)C)[C@@H](COC(C)=O)O1,O([Si](C(C(C)C)(C)C)(C)C)[C@H]1[C@H](N=[N+]=[N-])[C@@H](OCC2=CC=CC=C2)[C@H](OC(=O)C)[C@@H](COC(C)=O)O1,True,True,False,0,,CC(=O)OC[C@H]1O[C@@H](O[Si](C)(C)C(C)(C)C(C)C)[C@H](N=[N+]=[N-])[C@@H](OCc2ccccc2)[C@@H]1OC(C)=O
102,101,N(C(C)=O)[C@@H]1[C@@H](OC(C)=O)[C@H](OC(=O)C)[C@@H](COCC2=CC=C(OC)C=C2)O[C@H]1N=[N+]=[N-],N(C(C)=O)[C@@H]1[C@@H](OC(C)=O)[C@H](OC(=O)C)[C@@H](COCC2=CC=C(OC)C=C2)O[C@H]1N=[N+]=[N-],True,True,False,0,,COc1ccc(COC[C@H]2O[C@@H](N=[N+]=[N-])[C@H](NC(C)=O)[C@@H](OC(C)=O)[C@@H]2OC(C)=O)cc1
103,102,O(CC1=CC=CC=C1)[C@H]2[C@H](NC(C)=O)[C@@H](O)[C@H](OC(=O)C)[C@@H](CO[Si](C(C)(C)C)(C)C)O2,O(CC1=CC=CC=C1)[C@H]2[C@H](NC(C)=O)[C@@H](O)[C@H](OC(=O)C)[C@@H](CO[Si](C(C)(C)C)(C)C)O2,True,True,False,0,,CC(=O)N[C@H]1[C@H](OCc2ccccc2)O[C@H](CO[Si](C)(C)C(C)(C)C)[C@@H](OC(C)=O)[C@@H]1O
104,103,O(CC1=CC=CC=C1)[C@H]2[C@H](NC(C)=O)[C@@H](O)[C@H](OC(=O)C)[C@@H](CO[Si](C(C)(C)C)(C)C)O2,O(CC1=CC=CC=C1)[C@H]2[C@H](NC(C)=O)[C@@H](O)[C@H](OC(=O)C)[C@@H](CO[Si](C(C)(C)C)(C)C)O2,True,True,False,0,,CC(=O)N[C@H]1[C@H](OCc2ccccc2)O[C@H](CO[Si](C)(C)C(C)(C)C)[C@@H](OC(C)=O)[C@@H]1O
105,104,O([Si](C(C(C)C)(C)C)(C)C)[C@H]1[C@H](N=[N+]=[N-])[C@@H](OCC2=CC=CC=C2)[C@H](OC(=O)C)[C@@H](COC(C)=O)O1,O([Si](C(C(C)C)(C)C)(C)C)[C@H]1[C@H](N=[N+]=[N-])[C@@H](OCC2=CC=CC=C2)[C@H](OC(=O)C)[C@@H](COC(C)=O)O1,True,True,False,0,,CC(=O)OC[C@H]1O[C@@H](O[Si](C)(C)C(C)(C)C(C)C)[C@H](N=[N+]=[N-])[C@@H](OCc2ccccc2)[C@@H]1OC(C)=O
106,105,N(C(C)=O)[C@@H]1[C@@H](OC(CCl)=O)[C@H](OC(=O)C)[C@@H](COCC2=CC=CC=C2)O[C@H]1OCCCCCCN=[N+]=[N-],N(C(C)=O)[C@@H]1[C@@H](OC(CCl)=O)[C@H](OC(=O)C)[C@@H](COCC2=CC=CC=C2)O[C@H]1OCCCCCCN=[N+]=[N-],True,True,False,0,,CC(=O)N[C@H]1[C@H](OCCCCCCN=[N+]=[N-])O[C@H](COCc2ccccc2)[C@@H](OC(C)=O)[C@@H]1OC(=O)CCl
107,106,O([Si](C(C(C)C)(C)C)(C)C)[C@H]1[C@H](N=[N+]=[N-])[C@@H](OCC2=CC=CC=C2)[C@H](OC(=O)C)[C@@H](COC(C)=O)O1,O([Si](C(C(C)C)(C)C)(C)C)[C@H]1[C@H](N=[N+]=[N-])[C@@H](OCC2=CC=CC=C2)[C@H](OC(=O)C)[C@@H](COC(C)=O)O1,True,True,False,0,,CC(=O)OC[C@H]1O[C@@H](O[Si](C)(C)C(C)(C)C(C)C)[C@H](N=[N+]=[N-])[C@@H](OCc2ccccc2)[C@@H]1OC(C)=O
108,107,O(CC1=CC2=C(C=C1)C=CC=C2)[C@H]3[C@H](NC(C)=O)[C@@H](O)[C@H](OC(=O)C)[C@@H](COC(C(C)(C)C)=O)O3,O(CC1=CC2=C(C=C1)C=CC=C2)[C@H]3[C@H](NC(C)=O)[C@@H](O)[C@H](OC(=O)C)[C@@H](COC(C(C)(C)C)=O)O3,True,True,False,0,,CC(=O)N[C@H]1[C@H](OCc2ccc3ccccc3c2)O[C@H](COC(=O)C(C)(C)C)[C@@H](OC(C)=O)[C@@H]1O
109,108,S([C@H]1[C@@H]([C@@H](OC(C)=O)[C@H](OC(=O)C)[C@@H](COCC2=CC=CC=C2)O1)N3C(=O)C=4C(C3=O)=CC=CC4)C5=CC(C(C)(C)C)=CC=C5C,S([C@H]1[C@@H]([C@@H](OC(C)=O)[C@H](OC(=O)C)[C@@H](COCC2=CC=CC=C2)O1)N3C(=O)C=4C(C3=O)=CC=CC4)C5=CC(C(C)(C)C)=CC=C5C,True,True,False,0,,CC(=O)O[C@H]1[C@H](OC(C)=O)[C@@H](COCc2ccccc2)O[C@@H](Sc2cc(C(C)(C)C)ccc2C)[C@@H]1N1C(=O)c2ccccc2C1=O
110,109,N(=[N+]=[N-])[C@H]1[C@@H](OCC2=CC=CC=C2)[C@H](OC(=O)C)[C@@H](COC(C)=O)O[C@H]1OCC=C,N(=[N+]=[N-])[C@H]1[C@@H](OCC2=CC=CC=C2)[C@H](OC(=O)C)[C@@H](COC(C)=O)O[C@H]1OCC=C,True,True,False,0,,C=CCO[C@@H]1O[C@H](COC(C)=O)[C@@H](OC(C)=O)[C@H](OCc2ccccc2)[C@@H]1N=[N+]=[N-]
111,110,N(=[N+]=[N-])[C@@H]1[C@@H](OCC2=CC=CC=C2)[C@H](OC(=O)C)[C@@H](COCC3=CC=CC=C3)O[C@H]1OCCCCCCCl,N(=[N+]=[N-])[C@@H]1[C@@H](OCC2=CC=CC=C2)[C@H](OC(=O)C)[C@@H](COCC3=CC=CC=C3)O[C@H]1OCCCCCCCl,True,True,False,0,,CC(=O)O[C@H]1[C@H](OCc2ccccc2)[C@@H](N=[N+]=[N-])[C@H](OCCCCCCCl)O[C@@H]1COCc1ccccc1
112,111,N(C(C)=O)[C@@H]1[C@@H](OC(OCC(Cl)(Cl)Cl)=O)[C@H](OC(=O)C)[C@@H](COCC2=CC=CC=C2)O[C@H]1OCC=C,N(C(C)=O)[C@@H]1[C@@H](OC(OCC(Cl)(Cl)Cl)=O)[C@H](OC(=O)C)[C@@H](COCC2=CC=CC=C2)O[C@H]1OCC=C,True,True,False,0,,C=CCO[C@@H]1O[C@H](COCc2ccccc2)[C@@H](OC(C)=O)[C@H](OC(=O)OCC(Cl)(Cl)Cl)[C@H]1NC(C)=O
113,112,C[C@@]12[C@]3(O[C@@]4([C@](O3)([C@H](OCC5=CC=CC=C5)[C@@H](OCC6=CC=CC=C6)[C@H](OCC7=CC=CC=C7)[C@H]4O[C@@H]8[C@H](N=[N+]=[N-])[C@@H](OCC9=CC=CC=C9)[C@H](OC(=O)C)[C@@H](COCC%10=CC=CC=C%10)O8)[H])[H])C[C@@](C1(C)C)(CC2)[H],C[C@@]12[C@]3(O[C@@]4([C@](O3)([C@H](OCC5=CC=CC=C5)[C@@H](OCC6=CC=CC=C6)[C@H](OCC7=CC=CC=C7)[C@H]4O[C@@H]8[C@H](N=[N+]=[N-])[C@@H](OCC9=CC=CC=C9)[C@H](OC(=O)C)[C@@H](COCC%10=CC=CC=C%10)O8)[H])[H])C[C@@](C1(C)C)(CC2)[H],True,True,False,0,,CC(=O)O[C@H]1[C@H](OCc2ccccc2)[C@@H](N=[N+]=[N-])[C@@H](O[C@@H]2[C@@H](OCc3ccccc3)[C@H](OCc3ccccc3)[C@@H](OCc3ccccc3)[C@H]3O[C@]4(C[C@@H]5CC[C@@]4(C)C5(C)C)O[C@@H]23)O[C@@H]1COCc1ccccc1
114,113,C[C@@]12[C@]3(O[C@@]4([C@](O3)([C@H](OCC5=CC=CC=C5)[C@@H](OCC6=CC=CC=C6)[C@H](OCC7=CC=CC=C7)[C@H]4O[C@@H]8[C@H](N=[N+]=[N-])[C@@H](OCC9=CC=CC=C9)[C@H](OC(=O)C)[C@@H](COCC%10=CC=CC=C%10)O8)[H])[H])C[C@@](C1(C)C)(CC2)[H],C[C@@]12[C@]3(O[C@@]4([C@](O3)([C@H](OCC5=CC=CC=C5)[C@@H](OCC6=CC=CC=C6)[C@H](OCC7=CC=CC=C7)[C@H]4O[C@@H]8[C@H](N=[N+]=[N-])[C@@H](OCC9=CC=CC=C9)[C@H](OC(=O)C)[C@@H](COCC%10=CC=CC=C%10)O8)[H])[H])C[C@@](C1(C)C)(CC2)[H],True,True,False,0,,CC(=O)O[C@H]1[C@H](OCc2ccccc2)[C@@H](N=[N+]=[N-])[C@@H](O[C@@H]2[C@@H](OCc3ccccc3)[C@H](OCc3ccccc3)[C@@H](OCc3ccccc3)[C@H]3O[C@]4(C[C@@H]5CC[C@@]4(C)C5(C)C)O[C@@H]23)O[C@@H]1COCc1ccccc1
115,114,C[C@@]12[C@]3(O[C@@]4([C@](O3)([C@H](OCC5=CC=CC=C5)[C@@H](OCC6=CC=CC=C6)[C@H](OCC7=CC=CC=C7)[C@H]4O[C@@H]8[C@H](N=[N+]=[N-])[C@@H](OCC9=CC=CC=C9)[C@H](OC(=O)C)[C@@H](COCC%10=CC=CC=C%10)O8)[H])[H])C[C@@](C1(C)C)(CC2)[H],C[C@@]12[C@]3(O[C@@]4([C@](O3)([C@H](OCC5=CC=CC=C5)[C@@H](OCC6=CC=CC=C6)[C@H](OCC7=CC=CC=C7)[C@H]4O[C@@H]8[C@H](N=[N+]=[N-])[C@@H](OCC9=CC=CC=C9)[C@H](OC(=O)C)[C@@H](COCC%10=CC=CC=C%10)O8)[H])[H])C[C@@](C1(C)C)(CC2)[H],True,True,False,0,,CC(=O)O[C@H]1[C@H](OCc2ccccc2)[C@@H](N=[N+]=[N-])[C@@H](O[C@@H]2[C@@H](OCc3ccccc3)[C@H](OCc3ccccc3)[C@@H](OCc3ccccc3)[C@H]3O[C@]4(C[C@@H]5CC[C@@]4(C)C5(C)C)O[C@@H]23)O[C@@H]1COCc1ccccc1
116,115,N(=[N+]=[N-])[C@@H]1[C@@H](OCC2=CC=CC=C2)[C@H](OC(=O)C)[C@@H](COCC3=CC=CC=C3)O[C@H]1O[Si](C(C)(C)C)(C)C,N(=[N+]=[N-])[C@@H]1[C@@H](OCC2=CC=CC=C2)[C@H](OC(=O)C)[C@@H](COCC3=CC=CC=C3)O[C@H]1O[Si](C(C)(C)C)(C)C,True,True,False,0,,CC(=O)O[C@H]1[C@H](OCc2ccccc2)[C@@H](N=[N+]=[N-])[C@H](O[Si](C)(C)C(C)(C)C)O[C@@H]1COCc1ccccc1
117,116,N(C(C)=O)[C@@H]1[C@@H](OC(C)=O)[C@H](OC(=O)C)[C@@H](COC(C)=O)O[C@@H]1OC(C)=O,N(C(C)=O)[C@@H]1[C@@H](OC(C)=O)[C@H](OC(=O)C)[C@@H](COC(C)=O)O[C@@H]1OC(C)=O,True,True,False,0,,CC(=O)N[C@H]1[C@@H](OC(C)=O)O[C@H](COC(C)=O)[C@@H](OC(C)=O)[C@@H]1OC(C)=O
118,117,N(C(C)=O)[C@@H]1[C@@H](OC(=O)C2=CC=CC=C2)[C@H](OC(=O)C)[C@@H](C)O[C@H]1OCC3=CC=CC=C3,N(C(C)=O)[C@@H]1[C@@H](OC(=O)C2=CC=CC=C2)[C@H](OC(=O)C)[C@@H](C)O[C@H]1OCC3=CC=CC=C3,True,True,False,0,,CC(=O)N[C@H]1[C@H](OCc2ccccc2)O[C@H](C)[C@@H](OC(C)=O)[C@@H]1OC(=O)c1ccccc1
119,118,O(CC1=CC=CC=C1)[C@@H]2[C@H]([C@H](OC3=CC=C(OC)C=C3)O[C@H](COCC4=CC=CC=C4)[C@H]2O[C@H]5[C@@H]([C@@H](OCC6=CC=CC=C6)[C@H](OC(=O)C)[C@@H](COCC7=CC=CC=C7)O5)N8C(=O)C=9C(C8=O)=CC=CC9)N%10C(=O)C=%11C(C%10=O)=CC=CC%11,O(CC1=CC=CC=C1)[C@@H]2[C@H]([C@H](OC3=CC=C(OC)C=C3)O[C@H](COCC4=CC=CC=C4)[C@H]2O[C@H]5[C@@H]([C@@H](OCC6=CC=CC=C6)[C@H](OC(=O)C)[C@@H](COCC7=CC=CC=C7)O5)N8C(=O)C=9C(C8=O)=CC=CC9)N%10C(=O)C=%11C(C%10=O)=CC=CC%11,True,True,False,0,,COc1ccc(O[C@@H]2O[C@H](COCc3ccccc3)[C@@H](O[C@@H]3O[C@H](COCc4ccccc4)[C@@H](OC(C)=O)[C@H](OCc4ccccc4)[C@H]3N3C(=O)c4ccccc4C3=O)[C@H](OCc3ccccc3)[C@H]2N2C(=O)c3ccccc3C2=O)cc1
120,119,N(C(C)=O)[C@@H]1[C@@H](OC(CCl)=O)[C@H](OC(=O)C)[C@@H](COCC2=CC=CC=C2)O[C@H]1OCCCCCCCl,N(C(C)=O)[C@@H]1[C@@H](OC(CCl)=O)[C@H](OC(=O)C)[C@@H](COCC2=CC=CC=C2)O[C@H]1OCCCCCCCl,True,True,False,0,,CC(=O)N[C@H]1[C@H](OCCCCCCCl)O[C@H](COCc2ccccc2)[C@@H](OC(C)=O)[C@@H]1OC(=O)CCl
121,120,O([C@@H]1[C@@H](OC(C)=O)[C@H](O[C@H]2[C@H](OC(OCC(Cl)(Cl)Cl)=O)[C@@H](NC(C)=O)[C@H](OCC=C)O[C@@H]2COCC3=CC=CC=C3)O[C@H](COC(C)=O)[C@@H]1OC(C)=O)[C@H]4[C@H](NC(C(Cl)(Cl)Cl)=O)[C@@H](OC(CCl)=O)[C@H](OC(=O)C)[C@@H](COCC5=CC=CC=C5)O4,O([C@@H]1[C@@H](OC(C)=O)[C@H](O[C@H]2[C@H](OC(OCC(Cl)(Cl)Cl)=O)[C@@H](NC(C)=O)[C@H](OCC=C)O[C@@H]2COCC3=CC=CC=C3)O[C@H](COC(C)=O)[C@@H]1OC(C)=O)[C@H]4[C@H](NC(C(Cl)(Cl)Cl)=O)[C@@H](OC(CCl)=O)[C@H](OC(=O)C)[C@@H](COCC5=CC=CC=C5)O4,True,True,False,0,,C=CCO[C@@H]1O[C@H](COCc2ccccc2)[C@@H](O[C@@H]2O[C@H](COC(C)=O)[C@H](OC(C)=O)[C@H](O[C@@H]3O[C@H](COCc4ccccc4)[C@@H](OC(C)=O)[C@H](OC(=O)CCl)[C@H]3NC(=O)C(Cl)(Cl)Cl)[C@H]2OC(C)=O)[C@H](OC(=O)OCC(Cl)(Cl)Cl)[C@H]1NC(C)=O
122,121,N(C(C)=O)[C@@H]1[C@@H](O[C@@H](C(OCCS(=O)(=O)C2=CC=CC=C2)=O)C)[C@H](OC(=O)C)[C@@H](COCC3=CC=CC=C3)O[C@@H]1OCC4=CC=CC=C4,N(C(C)=O)[C@@H]1[C@@H](O[C@@H](C(OCCS(=O)(=O)C2=CC=CC=C2)=O)C)[C@H](OC(=O)C)[C@@H](COCC3=CC=CC=C3)O[C@@H]1OCC4=CC=CC=C4,True,True,False,0,,CC(=O)N[C@H]1[C@@H](OCc2ccccc2)O[C@H](COCc2ccccc2)[C@@H](OC(C)=O)[C@@H]1O[C@H](C)C(=O)OCCS(=O)(=O)c1ccccc1
123,122,O([C@H]1[C@@H]([C@@H](OCC2=CC=CC=C2)[C@H](OC(=O)C)[C@@H](COCC3=CC=CC=C3)O1)N4C(=O)C=5C(C4=O)=CC=CC5)C6=CC=C(OC)C=C6,O([C@H]1[C@@H]([C@@H](OCC2=CC=CC=C2)[C@H](OC(=O)C)[C@@H](COCC3=CC=CC=C3)O1)N4C(=O)C=5C(C4=O)=CC=CC5)C6=CC=C(OC)C=C6,True,True,False,0,,COc1ccc(O[C@@H]2O[C@H](COCc3ccccc3)[C@@H](OC(C)=O)[C@H](OCc3ccccc3)[C@H]2N2C(=O)c3ccccc3C2=O)cc1
124,123,O([Si](C(C(C)C)(C)C)(C)C)[C@H]1[C@H](N=[N+]=[N-])[C@@H](OCC2=CC=CC=C2)[C@H](OC(=O)C)[C@@H](COC(C)=O)O1,O([Si](C(C(C)C)(C)C)(C)C)[C@H]1[C@H](N=[N+]=[N-])[C@@H](OCC2=CC=CC=C2)[C@H](OC(=O)C)[C@@H](COC(C)=O)O1,True,True,False,0,,CC(=O)OC[C@H]1O[C@@H](O[Si](C)(C)C(C)(C)C(C)C)[C@H](N=[N+]=[N-])[C@@H](OCc2ccccc2)[C@@H]1OC(C)=O
125,124,O([C@H]1[C@H](OCC2=CC=CC=C2)[C@@]3([C@](O[C@@H]1C(OC)=O)(OC(C)(C)O3)[H])[H])[C@@H]4[C@H](N=[N+]=[N-])[C@@H](OCC5=CC=CC=C5)[C@H](OC(=O)C)[C@@H](COCC6=CC=CC=C6)O4,O([C@H]1[C@H](OCC2=CC=CC=C2)[C@@]3([C@](O[C@@H]1C(OC)=O)(OC(C)(C)O3)[H])[H])[C@@H]4[C@H](N=[N+]=[N-])[C@@H](OCC5=CC=CC=C5)[C@H](OC(=O)C)[C@@H](COCC6=CC=CC=C6)O4,True,True,False,0,,COC(=O)[C@H]1O[C@@H]2OC(C)(C)O[C@@H]2[C@@H](OCc2ccccc2)[C@@H]1O[C@H]1O[C@H](COCc2ccccc2)[C@@H](OC(C)=O)[C@H](OCc2ccccc2)[C@H]1N=[N+]=[N-]
126,125,N(C(C)=O)[C@@H]1[C@@H](OC(CCl)=O)[C@H](OC(=O)C)[C@@H](COCC2=CC=CC=C2)O[C@H]1OCCCCCCCl,N(C(C)=O)[C@@H]1[C@@H](OC(CCl)=O)[C@H](OC(=O)C)[C@@H](COCC2=CC=CC=C2)O[C@H]1OCCCCCCCl,True,True,False,0,,CC(=O)N[C@H]1[C@H](OCCCCCCCl)O[C@H](COCc2ccccc2)[C@@H](OC(C)=O)[C@@H]1OC(=O)CCl
127,126,O([Si](C(C)(C)C)(C)C)[C@H]1[C@@H]([C@@H](OCC2=CC=CC=C2)[C@H](OC(=O)C)[C@@H](COCC3=CC=CC=C3)O1)N4C(=O)C(C)=C(C)C4=O,O([Si](C(C)(C)C)(C)C)[C@H]1[C@@H]([C@@H](OCC2=CC=CC=C2)[C@H](OC(=O)C)[C@@H](COCC3=CC=CC=C3)O1)N4C(=O)C(C)=C(C)C4=O,True,True,False,0,,CC(=O)O[C@H]1[C@H](OCc2ccccc2)[C@@H](N2C(=O)C(C)=C(C)C2=O)[C@H](O[Si](C)(C)C(C)(C)C)O[C@@H]1COCc1ccccc1
128,127,O([Si](C(C)(C)C)(C)C)[C@H]1[C@@H]([C@@H](OCC2=CC=CC=C2)[C@H](OC(=O)C)[C@@H](COCC3=CC=CC=C3)O1)N4C(=O)C(C)=C(C)C4=O,O([Si](C(C)(C)C)(C)C)[C@H]1[C@@H]([C@@H](OCC2=CC=CC=C2)[C@H](OC(=O)C)[C@@H](COCC3=CC=CC=C3)O1)N4C(=O)C(C)=C(C)C4=O,True,True,False,0,,CC(=O)O[C@H]1[C@H](OCc2ccccc2)[C@@H](N2C(=O)C(C)=C(C)C2=O)[C@H](O[Si](C)(C)C(C)(C)C)O[C@@H]1COCc1ccccc1
129,128,C(OCC1=CC=CC=C1)(=O)[C@]23[C@](C=4[C@@](C)(CC2)[C@@]5(C)[C@](CC4)([C@]6(C)[C@@](CC5)(C(C)(C)[C@@H](O[C@H]7[C@H](NC(OCC(Cl)(Cl)Cl)=O)[C@@H](OC(CCC(C)=O)=O)[C@H](OC(=O)C)[C@@H](COC(CC8=C(N(=O)=O)C=CC=C8)=O)O7)CC6)[H])[H])(CC(C)(C)CC3)[H],C(OCC1=CC=CC=C1)(=O)[C@]23[C@](C=4[C@@](C)(CC2)[C@@]5(C)[C@](CC4)([C@]6(C)[C@@](CC5)(C(C)(C)[C@@H](O[C@H]7[C@H](NC(OCC(Cl)(Cl)Cl)=O)[C@@H](OC(CCC(C)=O)=O)[C@H](OC(=O)C)[C@@H](COC(CC8=C(N(=O)=O)C=CC=C8)=O)O7)CC6)[H])[H])(CC(C)(C)CC3)[H],True,True,False,0,,CC(=O)CCC(=O)O[C@@H]1[C@@H](NC(=O)OCC(Cl)(Cl)Cl)[C@H](O[C@H]2CC[C@]3(C)[C@H]4CC=C5[C@@H]6CC(C)(C)CC[C@]6(C(=O)OCc6ccccc6)CC[C@@]5(C)[C@]4(C)CC[C@H]3C2(C)C)O[C@H](COC(=O)Cc2ccccc2[N+](=O)[O-])[C@H]1OC(C)=O
130,129,[Si](O[C@H]1[C@H](N=[N+]=[N-])[C@@H](OCC2=CC=C(OC)C=C2)[C@H](OC(=O)C)[C@@H](COCC3=CC=C(OC)C=C3)O1)(C(C)(C)C)(C4=CC=CC=C4)C5=CC=CC=C5,[Si](O[C@H]1[C@H](N=[N+]=[N-])[C@@H](OCC2=CC=C(OC)C=C2)[C@H](OC(=O)C)[C@@H](COCC3=CC=C(OC)C=C3)O1)(C(C)(C)C)(C4=CC=CC=C4)C5=CC=CC=C5,True,True,False,0,,COc1ccc(COC[C@H]2O[C@@H](O[Si](c3ccccc3)(c3ccccc3)C(C)(C)C)[C@H](N=[N+]=[N-])[C@@H](OCc3ccc(OC)cc3)[C@@H]2OC(C)=O)cc1
131,130,O([C@@H]1[C@H](OCC2=CC=CC=C2)[C@@H](OCC3=CC=CC=C3)[C@H](OCC4=CC=CC=C4)[C@@H](OCC5=CC=CC=C5)[C@H]1OCC=C)[C@@H]6[C@H](N=[N+]=[N-])[C@@H](OCC7=CC=CC=C7)[C@H](OC(=O)C)[C@@H](COCC8=CC=CC=C8)O6,O([C@@H]1[C@H](OCC2=CC=CC=C2)[C@@H](OCC3=CC=CC=C3)[C@H](OCC4=CC=CC=C4)[C@@H](OCC5=CC=CC=C5)[C@H]1OCC=C)[C@@H]6[C@H](N=[N+]=[N-])[C@@H](OCC7=CC=CC=C7)[C@H](OC(=O)C)[C@@H](COCC8=CC=CC=C8)O6,True,True,False,0,,C=CCO[C@@H]1[C@H](OCc2ccccc2)[C@@H](OCc2ccccc2)[C@H](OCc2ccccc2)[C@@H](OCc2ccccc2)[C@H]1O[C@H]1O[C@H](COCc2ccccc2)[C@@H](OC(C)=O)[C@H](OCc2ccccc2)[C@H]1N=[N+]=[N-]
132,131,[Si](O[C@H]1[C@H](N=[N+]=[N-])[C@@H](OC(=O)C2=CC=CC=C2)[C@H](OC(=O)C)[C@@H](COCC3=CC=C(OC)C=C3)O1)(C(C)(C)C)(C4=CC=CC=C4)C5=CC=CC=C5,[Si](O[C@H]1[C@H](N=[N+]=[N-])[C@@H](OC(=O)C2=CC=CC=C2)[C@H](OC(=O)C)[C@@H](COCC3=CC=C(OC)C=C3)O1)(C(C)(C)C)(C4=CC=CC=C4)C5=CC=CC=C5,True,True,False,0,,COc1ccc(COC[C@H]2O[C@@H](O[Si](c3ccccc3)(c3ccccc3)C(C)(C)C)[C@H](N=[N+]=[N-])[C@@H](OC(=O)c3ccccc3)[C@@H]2OC(C)=O)cc1
133,132,N(C(C)=O)[C@@H]1[C@@H](OCC=C)[C@H](OC(=O)C)[C@@H](COCC2=CC=CC=C2)O[C@H]1N=[N+]=[N-],N(C(C)=O)[C@@H]1[C@@H](OCC=C)[C@H](OC(=O)C)[C@@H](COCC2=CC=CC=C2)O[C@H]1N=[N+]=[N-],True,True,False,0,,C=CCO[C@@H]1[C@@H](NC(C)=O)[C@H](N=[N+]=[N-])O[C@H](COCc2ccccc2)[C@H]1OC(C)=O
134,133,N(C(OCC1=CC=CC=C1)=O)[C@@H]2[C@@H](OCC3=CC=CC=C3)[C@H](OC(=O)C)[C@@H](COCC4=CC=CC=C4)O[C@H]2O[Si](C(C)(C)C)(C)C,N(C(OCC1=CC=CC=C1)=O)[C@@H]2[C@@H](OCC3=CC=CC=C3)[C@H](OC(=O)C)[C@@H](COCC4=CC=CC=C4)O[C@H]2O[Si](C(C)(C)C)(C)C,True,True,False,0,,CC(=O)O[C@H]1[C@H](OCc2ccccc2)[C@@H](NC(=O)OCc2ccccc2)[C@H](O[Si](C)(C)C(C)(C)C)O[C@@H]1COCc1ccccc1
135,134,O(CC1=CC2=C(C=C1)C=CC=C2)[C@H]3[C@H](NC(OCC(Cl)(Cl)Cl)=O)[C@@H](O)[C@H](OC(=O)C)[C@@H](COC(C(C)(C)C)=O)O3,O(CC1=CC2=C(C=C1)C=CC=C2)[C@H]3[C@H](NC(OCC(Cl)(Cl)Cl)=O)[C@@H](O)[C@H](OC(=O)C)[C@@H](COC(C(C)(C)C)=O)O3,True,True,False,0,,CC(=O)O[C@H]1[C@H](O)[C@@H](NC(=O)OCC(Cl)(Cl)Cl)[C@H](OCc2ccc3ccccc3c2)O[C@@H]1COC(=O)C(C)(C)C
136,135,N(C(C)=O)[C@@H]1[C@@H](OC(CCl)=O)[C@H](OC(=O)C)[C@@H](COCC2=CC=CC=C2)O[C@H]1OCCCCCCCl,N(C(C)=O)[C@@H]1[C@@H](OC(CCl)=O)[C@H](OC(=O)C)[C@@H](COCC2=CC=CC=C2)O[C@H]1OCCCCCCCl,True,True,False,0,,CC(=O)N[C@H]1[C@H](OCCCCCCCl)O[C@H](COCc2ccccc2)[C@@H](OC(C)=O)[C@@H]1OC(=O)CCl
137,136,O(C)[C@H]1[C@@H]([C@@H](O)[C@H](OC(=O)C)[C@@H](COC(=O)C2=CC=CC=C2)O1)N3C(=O)C(C)=C(C)C3=O,O(C)[C@H]1[C@@H]([C@@H](O)[C@H](OC(=O)C)[C@@H](COC(=O)C2=CC=CC=C2)O1)N3C(=O)C(C)=C(C)C3=O,True,True,False,0,,CO[C@@H]1O[C@H](COC(=O)c2ccccc2)[C@@H](OC(C)=O)[C@H](O)[C@H]1N1C(=O)C(C)=C(C)C1=O
138,137,O([C@H]1[C@]2([C@@]([C@H](OCC3=CC=CC=C3)[C@@H](OCC4=CC=CC=C4)[C@@H]1OCC5=CC=CC=C5)(OC(C)(C)O2)[H])[H])[C@H]6[C@H](N=[N+]=[N-])[C@@H](OCC7=CC=CC=C7)[C@H](OC(=O)C)[C@@H](COCC8=CC=CC=C8)O6,O([C@H]1[C@]2([C@@]([C@H](OCC3=CC=CC=C3)[C@@H](OCC4=CC=CC=C4)[C@@H]1OCC5=CC=CC=C5)(OC(C)(C)O2)[H])[H])[C@H]6[C@H](N=[N+]=[N-])[C@@H](OCC7=CC=CC=C7)[C@H](OC(=O)C)[C@@H](COCC8=CC=CC=C8)O6,True,True,False,0,,CC(=O)O[C@H]1[C@H](OCc2ccccc2)[C@@H](N=[N+]=[N-])[C@H](O[C@@H]2[C@@H](OCc3ccccc3)[C@H](OCc3ccccc3)[C@@H](OCc3ccccc3)[C@H]3OC(C)(C)O[C@@H]23)O[C@@H]1COCc1ccccc1
139,138,S([C@H]1[C@@H]([C@@H](OCC2=CC=CC=C2)[C@H](OC(=O)C)[C@@H](COCC3=CC=CC=C3)O1)N4C(=O)C=5C(C4=O)=CC=CC5)C6=CC=C(Cl)C=C6,S([C@H]1[C@@H]([C@@H](OCC2=CC=CC=C2)[C@H](OC(=O)C)[C@@H](COCC3=CC=CC=C3)O1)N4C(=O)C=5C(C4=O)=CC=CC5)C6=CC=C(Cl)C=C6,True,True,False,0,,CC(=O)O[C@H]1[C@H](OCc2ccccc2)[C@@H](N2C(=O)c3ccccc3C2=O)[C@H](Sc2ccc(Cl)cc2)O[C@@H]1COCc1ccccc1
140,139,N(C(C)=O)[C@@H]1[C@@H](OC(CCl)=O)[C@H](OC(=O)C)[C@@H](COCC2=CC=CC=C2)O[C@H]1OCCCCCCCl,N(C(C)=O)[C@@H]1[C@@H](OC(CCl)=O)[C@H](OC(=O)C)[C@@H](COCC2=CC=CC=C2)O[C@H]1OCCCCCCCl,True,True,False,0,,CC(=O)N[C@H]1[C@H](OCCCCCCCl)O[C@H](COCc2ccccc2)[C@@H](OC(C)=O)[C@@H]1OC(=O)CCl
141,140,N(=[N+]=[N-])[C@@H]1[C@@H](OCC2=CC=CC=C2)[C@H](OC(=O)C)[C@@H](COCC3=CC=CC=C3)O[C@H]1OCCCCCCC=C,N(=[N+]=[N-])[C@@H]1[C@@H](OCC2=CC=CC=C2)[C@H](OC(=O)C)[C@@H](COCC3=CC=CC=C3)O[C@H]1OCCCCCCC=C,True,True,False,0,,C=CCCCCCCO[C@@H]1O[C@H](COCc2ccccc2)[C@@H](OC(C)=O)[C@H](OCc2ccccc2)[C@H]1N=[N+]=[N-]
142,141,S([C@H]1[C@@H]([C@@H](OC(C)=O)[C@H](OC(=O)C)[C@@H](COCC2=CC=C(OC)C=C2)O1)N3C(=O)C=4C(C3=O)=CC=CC4)C5=CC=CC=C5,S([C@H]1[C@@H]([C@@H](OC(C)=O)[C@H](OC(=O)C)[C@@H](COCC2=CC=C(OC)C=C2)O1)N3C(=O)C=4C(C3=O)=CC=CC4)C5=CC=CC=C5,True,True,False,0,,COc1ccc(COC[C@H]2O[C@@H](Sc3ccccc3)[C@H](N3C(=O)c4ccccc4C3=O)[C@@H](OC(C)=O)[C@@H]2OC(C)=O)cc1
143,142,N(C(C)=O)[C@@H]1[C@@H](OC(C)=O)[C@H](OC(=O)C)[C@@H](COC(C)=O)O[C@@H]1OC(C)=O,N(C(C)=O)[C@@H]1[C@@H](OC(C)=O)[C@H](OC(=O)C)[C@@H](COC(C)=O)O[C@@H]1OC(C)=O,True,True,False,0,,CC(=O)N[C@H]1[C@@H](OC(C)=O)O[C@H](COC(C)=O)[C@@H](OC(C)=O)[C@@H]1OC(C)=O
144,143,N(=[N+]=[N-])[C@@H]1[C@@H](OCC2=CC=CC=C2)[C@H](OC(=O)C)[C@@H](COCC3=CC=CC=C3)O[C@H]1OCCCCCN=[N+]=[N-],N(=[N+]=[N-])[C@@H]1[C@@H](OCC2=CC=CC=C2)[C@H](OC(=O)C)[C@@H](COCC3=CC=CC=C3)O[C@H]1OCCCCCN=[N+]=[N-],True,True,False,0,,CC(=O)O[C@H]1[C@H](OCc2ccccc2)[C@@H](N=[N+]=[N-])[C@H](OCCCCCN=[N+]=[N-])O[C@@H]1COCc1ccccc1
145,144,N(C(C)=O)[C@@H]1[C@@H](OC(CCC(C)=O)=O)[C@H](OC(=O)C)[C@@H](COC(=O)C2=CC=CC=C2)O[C@H]1OCCCCCCCl,N(C(C)=O)[C@@H]1[C@@H](OC(CCC(C)=O)=O)[C@H](OC(=O)C)[C@@H](COC(=O)C2=CC=CC=C2)O[C@H]1OCCCCCCCl,True,True,False,0,,CC(=O)CCC(=O)O[C@@H]1[C@@H](NC(C)=O)[C@H](OCCCCCCCl)O[C@H](COC(=O)c2ccccc2)[C@H]1OC(C)=O
146,145,O([C@H]1[C@H](OCC2=CC=CC=C2)[C@@H](NC(C(Cl)(Cl)Cl)=O)[C@H](O[Si](C(C)(C)C)(C)C)O[C@@H]1COCC3=CC=CC=C3)[C@H]4[C@H](NC(C(Cl)(Cl)Cl)=O)[C@@H](OCC5=CC=CC=C5)[C@H](OC(=O)C)[C@@H](COCC6=CC=CC=C6)O4,O([C@H]1[C@H](OCC2=CC=CC=C2)[C@@H](NC(C(Cl)(Cl)Cl)=O)[C@H](O[Si](C(C)(C)C)(C)C)O[C@@H]1COCC3=CC=CC=C3)[C@H]4[C@H](NC(C(Cl)(Cl)Cl)=O)[C@@H](OCC5=CC=CC=C5)[C@H](OC(=O)C)[C@@H](COCC6=CC=CC=C6)O4,True,True,False,0,,CC(=O)O[C@H]1[C@H](OCc2ccccc2)[C@@H](NC(=O)C(Cl)(Cl)Cl)[C@H](O[C@H]2[C@H](OCc3ccccc3)[C@@H](NC(=O)C(Cl)(Cl)Cl)[C@H](O[Si](C)(C)C(C)(C)C)O[C@@H]2COCc2ccccc2)O[C@@H]1COCc1ccccc1
147,146,O([C@H]1[C@H](OC(C)=O)[C@@H](NC(OCC2=CC=CC=C2)=O)[C@H](O[C@H]3[C@H](OC(C)=O)[C@@H](NC(OCC4=CC=CC=C4)=O)[C@H](O)O[C@@H]3COCC5=CC=CC=C5)O[C@@H]1COCC6=CC=CC=C6)[C@H]7[C@H](NC(OCC8=CC=CC=C8)=O)[C@@H](OC(C)=O)[C@H](OC(=O)C)[C@@H](COCC9=CC=CC=C9)O7,O([C@H]1[C@H](OC(C)=O)[C@@H](NC(OCC2=CC=CC=C2)=O)[C@H](O[C@H]3[C@H](OC(C)=O)[C@@H](NC(OCC4=CC=CC=C4)=O)[C@H](O)O[C@@H]3COCC5=CC=CC=C5)O[C@@H]1COCC6=CC=CC=C6)[C@H]7[C@H](NC(OCC8=CC=CC=C8)=O)[C@@H](OC(C)=O)[C@H](OC(=O)C)[C@@H](COCC9=CC=CC=C9)O7,True,True,False,0,,CC(=O)O[C@@H]1[C@@H](NC(=O)OCc2ccccc2)[C@H](O)O[C@H](COCc2ccccc2)[C@H]1O[C@@H]1O[C@H](COCc2ccccc2)[C@@H](O[C@@H]2O[C@H](COCc3ccccc3)[C@@H](OC(C)=O)[C@H](OC(C)=O)[C@H]2NC(=O)OCc2ccccc2)[C@H](OC(C)=O)[C@H]1NC(=O)OCc1ccccc1
148,147,N(C(C)=O)(C(C)=O)[C@@H]1[C@@H](OCC2=CC=CC=C2)[C@H](OC(=O)C)[C@@H](COCC3=CC=CC=C3)O[C@@H]1OCCCC=C,N(C(C)=O)(C(C)=O)[C@@H]1[C@@H](OCC2=CC=CC=C2)[C@H](OC(=O)C)[C@@H](COCC3=CC=CC=C3)O[C@@H]1OCCCC=C,True,True,False,0,,C=CCCCO[C@H]1O[C@H](COCc2ccccc2)[C@@H](OC(C)=O)[C@H](OCc2ccccc2)[C@H]1N(C(C)=O)C(C)=O
149,148,O([C@H]1[C@@H]([C@@H](OCC2=CC=CC=C2)[C@H](OC(=O)C)[C@@H](COCC3=CC=CC=C3)O1)N4C(=O)C=5C(C4=O)=CC=CC5)C6=CC=C(OC)C=C6,O([C@H]1[C@@H]([C@@H](OCC2=CC=CC=C2)[C@H](OC(=O)C)[C@@H](COCC3=CC=CC=C3)O1)N4C(=O)C=5C(C4=O)=CC=CC5)C6=CC=C(OC)C=C6,True,True,False,0,,COc1ccc(O[C@@H]2O[C@H](COCc3ccccc3)[C@@H](OC(C)=O)[C@H](OCc3ccccc3)[C@H]2N2C(=O)c3ccccc3C2=O)cc1
150,149,S([C@H]1[C@@H]([C@@H](OCC2=CC=CC=C2)[C@H](OC(=O)C)[C@@H](COCC3=CC=CC=C3)O1)N4C(=O)C=5C(C4=O)=CC=CC5)C6=CC=CC=C6,S([C@H]1[C@@H]([C@@H](OCC2=CC=CC=C2)[C@H](OC(=O)C)[C@@H](COCC3=CC=CC=C3)O1)N4C(=O)C=5C(C4=O)=CC=CC5)C6=CC=CC=C6,True,True,False,0,,CC(=O)O[C@H]1[C@H](OCc2ccccc2)[C@@H](N2C(=O)c3ccccc3C2=O)[C@H](Sc2ccccc2)O[C@@H]1COCc1ccccc1
151,150,O([C@H]1[C@H](OCC2=CC=CC=C2)[C@H](N=[N+]=[N-])[C@@H](OCC=C)O[C@@H]1COCC3=CC=CC=C3)[C@@H]4[C@@H](N=[N+]=[N-])[C@@H](OCC5=CC=CC=C5)[C@H](OC(=O)C)[C@@H](COCC6=CC=CC=C6)O4,O([C@H]1[C@H](OCC2=CC=CC=C2)[C@H](N=[N+]=[N-])[C@@H](OCC=C)O[C@@H]1COCC3=CC=CC=C3)[C@@H]4[C@@H](N=[N+]=[N-])[C@@H](OCC5=CC=CC=C5)[C@H](OC(=O)C)[C@@H](COCC6=CC=CC=C6)O4,True,True,False,0,,C=CCO[C@H]1O[C@H](COCc2ccccc2)[C@@H](O[C@H]2O[C@H](COCc3ccccc3)[C@@H](OC(C)=O)[C@H](OCc3ccccc3)[C@@H]2N=[N+]=[N-])[C@H](OCc2ccccc2)[C@@H]1N=[N+]=[N-]
152,151,N(=[N+]=[N-])[C@@H]1[C@@H](OCC2=CC=CC=C2)[C@H](OC(=O)C)[C@@H](COCC3=CC=CC=C3)O[C@H]1OCC4=CC=CC=C4,N(=[N+]=[N-])[C@@H]1[C@@H](OCC2=CC=CC=C2)[C@H](OC(=O)C)[C@@H](COCC3=CC=CC=C3)O[C@H]1OCC4=CC=CC=C4,True,True,False,0,,CC(=O)O[C@H]1[C@H](OCc2ccccc2)[C@@H](N=[N+]=[N-])[C@H](OCc2ccccc2)O[C@@H]1COCc1ccccc1
153,152,N(C(C)=O)[C@@H]1[C@@H](OC(C)=O)[C@H](OC(=O)C)[C@@H](COC(C)=O)O[C@@H]1OC(C)=O,N(C(C)=O)[C@@H]1[C@@H](OC(C)=O)[C@H](OC(=O)C)[C@@H](COC(C)=O)O[C@@H]1OC(C)=O,True,True,False,0,,CC(=O)N[C@H]1[C@@H](OC(C)=O)O[C@H](COC(C)=O)[C@@H](OC(C)=O)[C@@H]1OC(C)=O
154,153,S([C@H]1[C@@H]([C@@H](OC(C)=O)[C@H](OC(=O)C)[C@@H](COCC2=CC3=C(C=C2)C=CC=C3)O1)N4C(=O)C=5C(C4=O)=CC=CC5)C6=CC=CC=C6,S([C@H]1[C@@H]([C@@H](OC(C)=O)[C@H](OC(=O)C)[C@@H](COCC2=CC3=C(C=C2)C=CC=C3)O1)N4C(=O)C=5C(C4=O)=CC=CC5)C6=CC=CC=C6,True,True,False,0,,CC(=O)O[C@H]1[C@H](OC(C)=O)[C@@H](COCc2ccc3ccccc3c2)O[C@@H](Sc2ccccc2)[C@@H]1N1C(=O)c2ccccc2C1=O
155,154,S([C@H]1[C@H](N=[N+]=[N-])[C@@H](OCC2=CC=CC=C2)[C@H](OC(=O)C)[C@@H](COCC3=CC=CC=C3)O1)C4=CC=CC=C4,S([C@H]1[C@H](N=[N+]=[N-])[C@@H](OCC2=CC=CC=C2)[C@H](OC(=O)C)[C@@H](COCC3=CC=CC=C3)O1)C4=CC=CC=C4,True,True,False,0,,CC(=O)O[C@H]1[C@H](OCc2ccccc2)[C@@H](N=[N+]=[N-])[C@H](Sc2ccccc2)O[C@@H]1COCc1ccccc1
156,155,N(C(OCC1=CC=CC=C1)=O)[C@@H]2[C@@H](OCC3=CC=CC=C3)[C@H](OC(=O)C)[C@@H](COCC4=CC=CC=C4)O[C@@H]2OC,N(C(OCC1=CC=CC=C1)=O)[C@@H]2[C@@H](OCC3=CC=CC=C3)[C@H](OC(=O)C)[C@@H](COCC4=CC=CC=C4)O[C@@H]2OC,True,True,False,0,,CO[C@H]1O[C@H](COCc2ccccc2)[C@@H](OC(C)=O)[C@H](OCc2ccccc2)[C@H]1NC(=O)OCc1ccccc1
157,156,N(C(C)=O)[C@@H]1[C@@H](OCC2=CC=CC=C2)[C@H](OC(=O)C)[C@@H](COCC3=CC=CC=C3)O[C@@H]1OC(C)C,N(C(C)=O)[C@@H]1[C@@H](OCC2=CC=CC=C2)[C@H](OC(=O)C)[C@@H](COCC3=CC=CC=C3)O[C@@H]1OC(C)C,True,True,False,0,,CC(=O)N[C@H]1[C@@H](OC(C)C)O[C@H](COCc2ccccc2)[C@@H](OC(C)=O)[C@@H]1OCc1ccccc1
158,157,N(C(OCC(Cl)(Cl)Cl)=O)[C@@H]1[C@@H](OCC2=CC=CC=C2)[C@H](OC(=O)C)[C@@H](COCC3=CC=CC=C3)O[C@@H]1OCC=C,N(C(OCC(Cl)(Cl)Cl)=O)[C@@H]1[C@@H](OCC2=CC=CC=C2)[C@H](OC(=O)C)[C@@H](COCC3=CC=CC=C3)O[C@@H]1OCC=C,True,True,False,0,,C=CCO[C@H]1O[C@H](COCc2ccccc2)[C@@H](OC(C)=O)[C@H](OCc2ccccc2)[C@H]1NC(=O)OCC(Cl)(Cl)Cl
159,158,N(C(C)=O)[C@@H]1[C@@H](OCC2=CC=CC=C2)[C@H](OC(=O)C)[C@@H](COCC3=CC=CC=C3)O[C@H]1OCCCCCCCC,N(C(C)=O)[C@@H]1[C@@H](OCC2=CC=CC=C2)[C@H](OC(=O)C)[C@@H](COCC3=CC=CC=C3)O[C@H]1OCCCCCCCC,True,True,False,0,,CCCCCCCCO[C@@H]1O[C@H](COCc2ccccc2)[C@@H](OC(C)=O)[C@H](OCc2ccccc2)[C@H]1NC(C)=O
160,159,C[C@@]12[C@]3(O[C@@]4([C@](O3)([C@H](OCC5=CC=CC=C5)[C@@H](OCC6=CC=CC=C6)[C@H](OCC7=CC=CC=C7)[C@H]4O[C@@H]8[C@H](N=[N+]=[N-])[C@@H](OCC9=CC=CC=C9)[C@H](OC(=O)C)[C@@H](COCC%10=CC=CC=C%10)O8)[H])[H])C[C@@](C1(C)C)(CC2)[H],C[C@@]12[C@]3(O[C@@]4([C@](O3)([C@H](OCC5=CC=CC=C5)[C@@H](OCC6=CC=CC=C6)[C@H](OCC7=CC=CC=C7)[C@H]4O[C@@H]8[C@H](N=[N+]=[N-])[C@@H](OCC9=CC=CC=C9)[C@H](OC(=O)C)[C@@H](COCC%10=CC=CC=C%10)O8)[H])[H])C[C@@](C1(C)C)(CC2)[H],True,True,False,0,,CC(=O)O[C@H]1[C@H](OCc2ccccc2)[C@@H](N=[N+]=[N-])[C@@H](O[C@@H]2[C@@H](OCc3ccccc3)[C@H](OCc3ccccc3)[C@@H](OCc3ccccc3)[C@H]3O[C@]4(C[C@@H]5CC[C@@]4(C)C5(C)C)O[C@@H]23)O[C@@H]1COCc1ccccc1
161,160,N(C(C)=O)[C@@H]1[C@@H](OC(C)=O)[C@H](OC(=O)C)[C@@H](COC(C)=O)O[C@@H]1OC(C)=O,N(C(C)=O)[C@@H]1[C@@H](OC(C)=O)[C@H](OC(=O)C)[C@@H](COC(C)=O)O[C@@H]1OC(C)=O,True,True,False,0,,CC(=O)N[C@H]1[C@@H](OC(C)=O)O[C@H](COC(C)=O)[C@@H](OC(C)=O)[C@@H]1OC(C)=O
162,161,N(C(C)=O)[C@@H]1[C@@H](OC(C)=O)[C@H](OC(=O)C)[C@@H](COC(C)=O)O[C@@H]1OC(C)=O,N(C(C)=O)[C@@H]1[C@@H](OC(C)=O)[C@H](OC(=O)C)[C@@H](COC(C)=O)O[C@@H]1OC(C)=O,True,True,False,0,,CC(=O)N[C@H]1[C@@H](OC(C)=O)O[C@H](COC(C)=O)[C@@H](OC(C)=O)[C@@H]1OC(C)=O
163,162,N(C(C)=O)[C@@H]1[C@@H](OC(C)=O)[C@H](OC(=O)C)[C@@H](COC(C)=O)O[C@@H]1OC(C)=O,N(C(C)=O)[C@@H]1[C@@H](OC(C)=O)[C@H](OC(=O)C)[C@@H](COC(C)=O)O[C@@H]1OC(C)=O,True,True,False,0,,CC(=O)N[C@H]1[C@@H](OC(C)=O)O[C@H](COC(C)=O)[C@@H](OC(C)=O)[C@@H]1OC(C)=O
164,163,N(C(OCC(Cl)(Cl)Cl)=O)[C@@H]1[C@@H](OC(OCC2=CC=CC=C2)=O)[C@H](OC(=O)C)[C@@H](COCC3=CC=CC=C3)O[C@@H]1OCC=C,N(C(OCC(Cl)(Cl)Cl)=O)[C@@H]1[C@@H](OC(OCC2=CC=CC=C2)=O)[C@H](OC(=O)C)[C@@H](COCC3=CC=CC=C3)O[C@@H]1OCC=C,True,True,False,0,,C=CCO[C@H]1O[C@H](COCc2ccccc2)[C@@H](OC(C)=O)[C@H](OC(=O)OCc2ccccc2)[C@H]1NC(=O)OCC(Cl)(Cl)Cl
165,164,O([C@@H]1[C@@H](COCC2=CC=CC=C2)O[C@]3([C@@]([C@H]1O)(OC(C)=N3)[H])[H])[C@H]4[C@H](NC(OCC5=CC=CC=C5)=O)[C@@H](OC(C)=O)[C@H](OC(=O)C)[C@@H](COCC6=CC=CC=C6)O4,O([C@@H]1[C@@H](COCC2=CC=CC=C2)O[C@]3([C@@]([C@H]1O)(OC(C)=N3)[H])[H])[C@H]4[C@H](NC(OCC5=CC=CC=C5)=O)[C@@H](OC(C)=O)[C@H](OC(=O)C)[C@@H](COCC6=CC=CC=C6)O4,True,True,False,0,,CC(=O)O[C@@H]1[C@@H](NC(=O)OCc2ccccc2)[C@H](O[C@H]2[C@H](O)[C@H]3OC(C)=N[C@H]3O[C@@H]2COCc2ccccc2)O[C@H](COCc2ccccc2)[C@H]1OC(C)=O
166,165,C[C@@]12[C@]3(O[C@@]4([C@](O3)([C@H](OCC5=CC=CC=C5)[C@@H](OCC6=CC=CC=C6)[C@H](OCC7=CC=CC=C7)[C@H]4O[C@@H]8[C@H](N=[N+]=[N-])[C@@H](OCC9=CC=CC=C9)[C@H](OC(=O)C)[C@@H](COCC%10=CC=CC=C%10)O8)[H])[H])C[C@@](C1(C)C)(CC2)[H],C[C@@]12[C@]3(O[C@@]4([C@](O3)([C@H](OCC5=CC=CC=C5)[C@@H](OCC6=CC=CC=C6)[C@H](OCC7=CC=CC=C7)[C@H]4O[C@@H]8[C@H](N=[N+]=[N-])[C@@H](OCC9=CC=CC=C9)[C@H](OC(=O)C)[C@@H](COCC%10=CC=CC=C%10)O8)[H])[H])C[C@@](C1(C)C)(CC2)[H],True,True,False,0,,CC(=O)O[C@H]1[C@H](OCc2ccccc2)[C@@H](N=[N+]=[N-])[C@@H](O[C@@H]2[C@@H](OCc3ccccc3)[C@H](OCc3ccccc3)[C@@H](OCc3ccccc3)[C@H]3O[C@]4(C[C@@H]5CC[C@@]4(C)C5(C)C)O[C@@H]23)O[C@@H]1COCc1ccccc1
167,166,C(OCC1=CC=CC=C1)[C@H]2[C@]3([C@@]([C@@H](O)[C@@H]2O[C@H]4[C@H](N)[C@H](OC(C)=O)[C@H](OC(=O)C)[C@@H](COCC5=CC=CC=C5)O4)(N=C(N(C)C)O3)[H])[H],C(OCC1=CC=CC=C1)[C@H]2[C@]3([C@@]([C@@H](O)[C@@H]2O[C@H]4[C@H](N)[C@H](OC(C)=O)[C@H](OC(=O)C)[C@@H](COCC5=CC=CC=C5)O4)(N=C(N(C)C)O3)[H])[H],True,True,False,0,,CC(=O)O[C@H]1[C@@H](N)[C@H](O[C@H]2[C@H](O)[C@H]3N=C(N(C)C)O[C@H]3[C@@H]2COCc2ccccc2)O[C@H](COCc2ccccc2)[C@H]1OC(C)=O
168,167,O(CC1=C(N(=O)=O)C=CC(OCCCOC2=CC=CC=C2)=C1)[C@H]3[C@H](O[C@H]4[C@H](NC(OCC5=CC=CC=C5)=O)[C@@H](OC(C)=O)[C@H](OC(=O)C)[C@@H](COCC6=CC=CC=C6)O4)[C@@H](COCC7=CC=CC=C7)O[C@]8([C@@]3(OC(NC)=N8)[H])[H],O(CC1=C(N(=O)=O)C=CC(OCCCOC2=CC=CC=C2)=C1)[C@H]3[C@H](O[C@H]4[C@H](NC(OCC5=CC=CC=C5)=O)[C@@H](OC(C)=O)[C@H](OC(=O)C)[C@@H](COCC6=CC=CC=C6)O4)[C@@H](COCC7=CC=CC=C7)O[C@]8([C@@]3(OC(NC)=N8)[H])[H],True,True,False,0,,CNC1=N[C@H]2O[C@H](COCc3ccccc3)[C@@H](O[C@@H]3O[C@H](COCc4ccccc4)[C@@H](OC(C)=O)[C@H](OC(C)=O)[C@H]3NC(=O)OCc3ccccc3)[C@H](OCc3cc(OCCCOc4ccccc4)ccc3[N+](=O)[O-])[C@H]2O1
169,168,O([C@H]1[C@H](OCC2=CC=CC=C2)[C@@]3([C@]([C@@H]1COCC4=CC=CC=C4)(OC(N(C)C)=N3)[H])[H])[C@H]5[C@H](NC(OCC6=CC=CC=C6)=O)[C@@H](OC(C)=O)[C@H](OC(=O)C)[C@@H](COCC7=CC=CC=C7)O5,O([C@H]1[C@H](OCC2=CC=CC=C2)[C@@]3([C@]([C@@H]1COCC4=CC=CC=C4)(OC(N(C)C)=N3)[H])[H])[C@H]5[C@H](NC(OCC6=CC=CC=C6)=O)[C@@H](OC(C)=O)[C@H](OC(=O)C)[C@@H](COCC7=CC=CC=C7)O5,True,True,False,0,,CC(=O)O[C@@H]1[C@@H](NC(=O)OCc2ccccc2)[C@H](O[C@@H]2[C@@H](COCc3ccccc3)[C@@H]3OC(N(C)C)=N[C@@H]3[C@H]2OCc2ccccc2)O[C@H](COCc2ccccc2)[C@H]1OC(C)=O
170,169,O([C@@H]1[C@@H](COCC2=CC=CC=C2)O[C@]3([C@@]([C@H]1O)(N=C(C)S3)[H])[H])[C@H]4[C@H](NC(OCC5=CC=CC=C5)=O)[C@@H](OC(C)=O)[C@H](OC(=O)C)[C@@H](COCC6=CC=CC=C6)O4,O([C@@H]1[C@@H](COCC2=CC=CC=C2)O[C@]3([C@@]([C@H]1O)(N=C(C)S3)[H])[H])[C@H]4[C@H](NC(OCC5=CC=CC=C5)=O)[C@@H](OC(C)=O)[C@H](OC(=O)C)[C@@H](COCC6=CC=CC=C6)O4,True,True,False,0,,CC(=O)O[C@@H]1[C@@H](NC(=O)OCc2ccccc2)[C@H](O[C@H]2[C@H](O)[C@H]3N=C(C)S[C@H]3O[C@@H]2COCc2ccccc2)O[C@H](COCc2ccccc2)[C@H]1OC(C)=O
171,170,O([C@@H]1[C@@H](COCC2=CC=CC=C2)O[C@]3([C@@]([C@H]1O)(N=C(N(C)C)O3)[H])[H])[C@H]4[C@H](NC(OCC5=CC=CC=C5)=O)[C@@H](OC(C)=O)[C@H](OC(=O)C)[C@@H](COCC6=CC=CC=C6)O4,O([C@@H]1[C@@H](COCC2=CC=CC=C2)O[C@]3([C@@]([C@H]1O)(N=C(N(C)C)O3)[H])[H])[C@H]4[C@H](NC(OCC5=CC=CC=C5)=O)[C@@H](OC(C)=O)[C@H](OC(=O)C)[C@@H](COCC6=CC=CC=C6)O4,True,True,False,0,,CC(=O)O[C@@H]1[C@@H](NC(=O)OCc2ccccc2)[C@H](O[C@H]2[C@H](O)[C@H]3N=C(N(C)C)O[C@H]3O[C@@H]2COCc2ccccc2)O[C@H](COCc2ccccc2)[C@H]1OC(C)=O
172,171,C(OCC1=CC=CC=C1)[C@H]2[C@]3([C@@]([C@@H](O)[C@@H]2O[C@H]4[C@H](NC(OCC5=CC=CC=C5)=O)[C@H](OC(C)=O)[C@H](OC(=O)C)[C@@H](COCC6=CC=CC=C6)O4)(N=C(N(C)C)O3)[H])[H],C(OCC1=CC=CC=C1)[C@H]2[C@]3([C@@]([C@@H](O)[C@@H]2O[C@H]4[C@H](NC(OCC5=CC=CC=C5)=O)[C@H](OC(C)=O)[C@H](OC(=O)C)[C@@H](COCC6=CC=CC=C6)O4)(N=C(N(C)C)O3)[H])[H],True,True,False,0,,CC(=O)O[C@H]1[C@@H](NC(=O)OCc2ccccc2)[C@H](O[C@H]2[C@H](O)[C@H]3N=C(N(C)C)O[C@H]3[C@@H]2COCc2ccccc2)O[C@H](COCc2ccccc2)[C@H]1OC(C)=O
173,172,O([C@H]1[C@H](OCC2=CC=CC=C2)[C@@H](OC(=O)C3=CC=CC=C3)[C@H](O[C@H]4[C@H](OCC5=CC=CC=C5)[C@@H](N=[N+]=[N-])[C@@H](O[C@H]6[C@H](OCC7=CC=CC=C7)[C@@H](OC(=O)C8=CC=CC=C8)[C@H](OC9=CC=C(OC)C=C9)O[C@@H]6COC(CCl)=O)O[C@@H]4COC(C)=O)O[C@@H]1COC(CCl)=O)[C@@H]%10[C@H](N=[N+]=[N-])[C@@H](OCC%11=CC=CC=C%11)[C@H](O[C@H]%12[C@H](OC(=O)C%13=CC=CC=C%13)[C@@H](OCC%14=CC=CC=C%14)[C@H](O[C@@H]%15[C@H](N=[N+]=[N-])[C@@H](OCC%16=CC=CC=C%16)[C@H](OC(=O)C)[C@@H](COC(C)=O)O%15)[C@@H](COC(CCl)=O)O%12)[C@@H](COC(C)=O)O%10,O([C@H]1[C@H](OCC2=CC=CC=C2)[C@@H](OC(=O)C3=CC=CC=C3)[C@H](O[C@H]4[C@H](OCC5=CC=CC=C5)[C@@H](N=[N+]=[N-])[C@@H](O[C@H]6[C@H](OCC7=CC=CC=C7)[C@@H](OC(=O)C8=CC=CC=C8)[C@H](OC9=CC=C(OC)C=C9)O[C@@H]6COC(CCl)=O)O[C@@H]4COC(C)=O)O[C@@H]1COC(CCl)=O)[C@@H]%10[C@H](N=[N+]=[N-])[C@@H](OCC%11=CC=CC=C%11)[C@H](O[C@H]%12[C@H](OC(=O)C%13=CC=CC=C%13)[C@@H](OCC%14=CC=CC=C%14)[C@H](O[C@@H]%15[C@H](N=[N+]=[N-])[C@@H](OCC%16=CC=CC=C%16)[C@H](OC(=O)C)[C@@H](COC(C)=O)O%15)[C@@H](COC(CCl)=O)O%12)[C@@H](COC(C)=O)O%10,True,True,False,0,,COc1ccc(O[C@@H]2O[C@H](COC(=O)CCl)[C@@H](O[C@H]3O[C@H](COC(C)=O)[C@@H](O[C@@H]4O[C@H](COC(=O)CCl)[C@@H](O[C@H]5O[C@H](COC(C)=O)[C@@H](O[C@@H]6O[C@H](COC(=O)CCl)[C@@H](O[C@H]7O[C@H](COC(C)=O)[C@@H](OC(C)=O)[C@H](OCc8ccccc8)[C@H]7N=[N+]=[N-])[C@H](OCc7ccccc7)[C@H]6OC(=O)c6ccccc6)[C@H](OCc6ccccc6)[C@H]5N=[N+]=[N-])[C@H](OCc5ccccc5)[C@H]4OC(=O)c4ccccc4)[C@H](OCc4ccccc4)[C@H]3N=[N+]=[N-])[C@H](OCc3ccccc3)[C@H]2OC(=O)c2ccccc2)cc1
174,173,O([C@@H]1[C@@H](OCC2=CC=CC=C2)[C@H](OCC3=CC=CC=C3)[C@@H](OCC4=CC=CC=C4)[C@@H](OCC5=CC=CC=C5)[C@H]1OCC=C)[C@@H]6[C@H](N=[N+]=[N-])[C@@H](OCC7=CC=CC=C7)[C@H](OC(=O)C)[C@@H](COCC8=CC=CC=C8)O6,O([C@@H]1[C@@H](OCC2=CC=CC=C2)[C@H](OCC3=CC=CC=C3)[C@@H](OCC4=CC=CC=C4)[C@@H](OCC5=CC=CC=C5)[C@H]1OCC=C)[C@@H]6[C@H](N=[N+]=[N-])[C@@H](OCC7=CC=CC=C7)[C@H](OC(=O)C)[C@@H](COCC8=CC=CC=C8)O6,True,True,False,0,,C=CCO[C@@H]1[C@H](OCc2ccccc2)[C@H](OCc2ccccc2)[C@@H](OCc2ccccc2)[C@H](OCc2ccccc2)[C@H]1O[C@H]1O[C@H](COCc2ccccc2)[C@@H](OC(C)=O)[C@H](OCc2ccccc2)[C@H]1N=[N+]=[N-]
175,174,O([C@@H]1[C@@H](OCC2=CC=CC=C2)[C@H](OCC3=CC=CC=C3)[C@@H](OCC4=CC=CC=C4)[C@@H](OCC5=CC=CC=C5)[C@H]1OCC=C)[C@@H]6[C@H](N=[N+]=[N-])[C@@H](OCC7=CC=CC=C7)[C@H](OC(=O)C)[C@@H](COCC8=CC=CC=C8)O6,O([C@@H]1[C@@H](OCC2=CC=CC=C2)[C@H](OCC3=CC=CC=C3)[C@@H](OCC4=CC=CC=C4)[C@@H](OCC5=CC=CC=C5)[C@H]1OCC=C)[C@@H]6[C@H](N=[N+]=[N-])[C@@H](OCC7=CC=CC=C7)[C@H](OC(=O)C)[C@@H](COCC8=CC=CC=C8)O6,True,True,False,0,,C=CCO[C@@H]1[C@H](OCc2ccccc2)[C@H](OCc2ccccc2)[C@@H](OCc2ccccc2)[C@H](OCc2ccccc2)[C@H]1O[C@H]1O[C@H](COCc2ccccc2)[C@@H](OC(C)=O)[C@H](OCc2ccccc2)[C@H]1N=[N+]=[N-]
176,175,[Si](O[C@H]1[C@H](N=[N+]=[N-])[C@@H](OC(=O)C2=CC=CC=C2)[C@H](OC(=O)C)[C@@H](COC3=CC=C(OC)C=C3)O1)(C(C)(C)C)(C4=CC=CC=C4)C5=CC=CC=C5,[Si](O[C@H]1[C@H](N=[N+]=[N-])[C@@H](OC(=O)C2=CC=CC=C2)[C@H](OC(=O)C)[C@@H](COC3=CC=C(OC)C=C3)O1)(C(C)(C)C)(C4=CC=CC=C4)C5=CC=CC=C5,True,True,False,0,,COc1ccc(OC[C@H]2O[C@@H](O[Si](c3ccccc3)(c3ccccc3)C(C)(C)C)[C@H](N=[N+]=[N-])[C@@H](OC(=O)c3ccccc3)[C@@H]2OC(C)=O)cc1
177,176,[Si](O[C@H]1[C@H](N=[N+]=[N-])[C@@H](OC(=O)C2=CC=CC=C2)[C@H](OC(=O)C)[C@@H](COC3=CC=C(OC)C=C3)O1)(C(C)(C)C)(C4=CC=CC=C4)C5=CC=CC=C5,[Si](O[C@H]1[C@H](N=[N+]=[N-])[C@@H](OC(=O)C2=CC=CC=C2)[C@H](OC(=O)C)[C@@H](COC3=CC=C(OC)C=C3)O1)(C(C)(C)C)(C4=CC=CC=C4)C5=CC=CC=C5,True,True,False,0,,COc1ccc(OC[C@H]2O[C@@H](O[Si](c3ccccc3)(c3ccccc3)C(C)(C)C)[C@H](N=[N+]=[N-])[C@@H](OC(=O)c3ccccc3)[C@@H]2OC(C)=O)cc1
178,177,[Si](O[C@H]1[C@H](N=[N+]=[N-])[C@@H](OCC2=CC=C(OC)C=C2)[C@H](OC(=O)C)[C@@H](COCC3=CC=C(OC)C=C3)O1)(C(C)(C)C)(C4=CC=CC=C4)C5=CC=CC=C5,[Si](O[C@H]1[C@H](N=[N+]=[N-])[C@@H](OCC2=CC=C(OC)C=C2)[C@H](OC(=O)C)[C@@H](COCC3=CC=C(OC)C=C3)O1)(C(C)(C)C)(C4=CC=CC=C4)C5=CC=CC=C5,True,True,False,0,,COc1ccc(COC[C@H]2O[C@@H](O[Si](c3ccccc3)(c3ccccc3)C(C)(C)C)[C@H](N=[N+]=[N-])[C@@H](OCc3ccc(OC)cc3)[C@@H]2OC(C)=O)cc1
179,178,[Si](O[C@H]1[C@H](N=[N+]=[N-])[C@@H](OCC2=CC=C(OC)C=C2)[C@H](OC(=O)C)[C@@H](COCC3=CC=C(OC)C=C3)O1)(C(C)(C)C)(C4=CC=CC=C4)C5=CC=CC=C5,[Si](O[C@H]1[C@H](N=[N+]=[N-])[C@@H](OCC2=CC=C(OC)C=C2)[C@H](OC(=O)C)[C@@H](COCC3=CC=C(OC)C=C3)O1)(C(C)(C)C)(C4=CC=CC=C4)C5=CC=CC=C5,True,True,False,0,,COc1ccc(COC[C@H]2O[C@@H](O[Si](c3ccccc3)(c3ccccc3)C(C)(C)C)[C@H](N=[N+]=[N-])[C@@H](OCc3ccc(OC)cc3)[C@@H]2OC(C)=O)cc1
180,179,[Si](O[C@H]1[C@H](N=[N+]=[N-])[C@@H](OCC2=CC=C(OC)C=C2)[C@H](OC(=O)C)[C@@H](COC3=CC=C(OC)C=C3)O1)(C(C)(C)C)(C4=CC=CC=C4)C5=CC=CC=C5,[Si](O[C@H]1[C@H](N=[N+]=[N-])[C@@H](OCC2=CC=C(OC)C=C2)[C@H](OC(=O)C)[C@@H](COC3=CC=C(OC)C=C3)O1)(C(C)(C)C)(C4=CC=CC=C4)C5=CC=CC=C5,True,True,False,0,,COc1ccc(CO[C@@H]2[C@@H](N=[N+]=[N-])[C@H](O[Si](c3ccccc3)(c3ccccc3)C(C)(C)C)O[C@H](COc3ccc(OC)cc3)[C@H]2OC(C)=O)cc1
181,180,[Si](O[C@H]1[C@H](N=[N+]=[N-])[C@@H](OCC2=CC=C(OC)C=C2)[C@H](OC(=O)C)[C@@H](COC3=CC=C(OC)C=C3)O1)(C(C)(C)C)(C4=CC=CC=C4)C5=CC=CC=C5,[Si](O[C@H]1[C@H](N=[N+]=[N-])[C@@H](OCC2=CC=C(OC)C=C2)[C@H](OC(=O)C)[C@@H](COC3=CC=C(OC)C=C3)O1)(C(C)(C)C)(C4=CC=CC=C4)C5=CC=CC=C5,True,True,False,0,,COc1ccc(CO[C@@H]2[C@@H](N=[N+]=[N-])[C@H](O[Si](c3ccccc3)(c3ccccc3)C(C)(C)C)O[C@H](COc3ccc(OC)cc3)[C@H]2OC(C)=O)cc1
182,181,O([C@H]1[C@H](OCC2=CC=CC=C2)[C@@H](OC(=O)C3=CC=CC=C3)[C@@H](SC4=CC=C(C)C=C4)O[C@H]1C(OC)=O)[C@@H]5[C@H](N=[N+]=[N-])[C@@H](OCC6=CC=C(OC)C=C6)[C@H](OC(=O)C)[C@@H](COCC7=CC=C(OC)C=C7)O5,O([C@H]1[C@H](OCC2=CC=CC=C2)[C@@H](OC(=O)C3=CC=CC=C3)[C@@H](SC4=CC=C(C)C=C4)O[C@H]1C(OC)=O)[C@@H]5[C@H](N=[N+]=[N-])[C@@H](OCC6=CC=C(OC)C=C6)[C@H](OC(=O)C)[C@@H](COCC7=CC=C(OC)C=C7)O5,True,True,False,0,,COC(=O)[C@@H]1O[C@H](Sc2ccc(C)cc2)[C@H](OC(=O)c2ccccc2)[C@@H](OCc2ccccc2)[C@@H]1O[C@H]1O[C@H](COCc2ccc(OC)cc2)[C@@H](OC(C)=O)[C@H](OCc2ccc(OC)cc2)[C@H]1N=[N+]=[N-]
183,182,O([C@H]1[C@H](OCC2=CC=CC=C2)[C@@H](OC(=O)C3=CC=CC=C3)[C@@H](SC4=CC=C(C)C=C4)O[C@H]1C(OC)=O)[C@@H]5[C@H](N=[N+]=[N-])[C@@H](OCC6=CC=C(OC)C=C6)[C@H](OC(=O)C)[C@@H](COCC7=CC=C(OC)C=C7)O5,O([C@H]1[C@H](OCC2=CC=CC=C2)[C@@H](OC(=O)C3=CC=CC=C3)[C@@H](SC4=CC=C(C)C=C4)O[C@H]1C(OC)=O)[C@@H]5[C@H](N=[N+]=[N-])[C@@H](OCC6=CC=C(OC)C=C6)[C@H](OC(=O)C)[C@@H](COCC7=CC=C(OC)C=C7)O5,True,True,False,0,,COC(=O)[C@@H]1O[C@H](Sc2ccc(C)cc2)[C@H](OC(=O)c2ccccc2)[C@@H](OCc2ccccc2)[C@@H]1O[C@H]1O[C@H](COCc2ccc(OC)cc2)[C@@H](OC(C)=O)[C@H](OCc2ccc(OC)cc2)[C@H]1N=[N+]=[N-]
184,183,O([C@H]1[C@H](OCC2=CC=CC=C2)[C@@H](OC(=O)C3=CC=CC=C3)[C@@H](SC4=CC=C(C)C=C4)O[C@H]1C(OC)=O)[C@@H]5[C@H](N=[N+]=[N-])[C@@H](OCC6=CC=C(OC)C=C6)[C@H](OC(=O)C)[C@@H](COCC7=CC=C(OC)C=C7)O5,O([C@H]1[C@H](OCC2=CC=CC=C2)[C@@H](OC(=O)C3=CC=CC=C3)[C@@H](SC4=CC=C(C)C=C4)O[C@H]1C(OC)=O)[C@@H]5[C@H](N=[N+]=[N-])[C@@H](OCC6=CC=C(OC)C=C6)[C@H](OC(=O)C)[C@@H](COCC7=CC=C(OC)C=C7)O5,True,True,False,0,,COC(=O)[C@@H]1O[C@H](Sc2ccc(C)cc2)[C@H](OC(=O)c2ccccc2)[C@@H](OCc2ccccc2)[C@@H]1O[C@H]1O[C@H](COCc2ccc(OC)cc2)[C@@H](OC(C)=O)[C@H](OCc2ccc(OC)cc2)[C@H]1N=[N+]=[N-]
185,184,O([C@H]1[C@H](OCC2=CC=CC=C2)[C@@H](OC(=O)C3=CC=CC=C3)[C@@H](SC4=CC=C(C)C=C4)O[C@H]1C(OC)=O)[C@@H]5[C@H](N=[N+]=[N-])[C@@H](OCC6=CC=C(OC)C=C6)[C@H](OC(=O)C)[C@@H](COCC7=CC=C(OC)C=C7)O5,O([C@H]1[C@H](OCC2=CC=CC=C2)[C@@H](OC(=O)C3=CC=CC=C3)[C@@H](SC4=CC=C(C)C=C4)O[C@H]1C(OC)=O)[C@@H]5[C@H](N=[N+]=[N-])[C@@H](OCC6=CC=C(OC)C=C6)[C@H](OC(=O)C)[C@@H](COCC7=CC=C(OC)C=C7)O5,True,True,False,0,,COC(=O)[C@@H]1O[C@H](Sc2ccc(C)cc2)[C@H](OC(=O)c2ccccc2)[C@@H](OCc2ccccc2)[C@@H]1O[C@H]1O[C@H](COCc2ccc(OC)cc2)[C@@H](OC(C)=O)[C@H](OCc2ccc(OC)cc2)[C@H]1N=[N+]=[N-]
186,185,S([C@H]1[C@]2([C@]([C@H](OC(=O)C)[C@@H](COC3=CC=C(OC)C=C3)O1)(OC(=O)N2)[H])[H])C4=CC=C(C)C=C4,S([C@H]1[C@]2([C@]([C@H](OC(=O)C)[C@@H](COC3=CC=C(OC)C=C3)O1)(OC(=O)N2)[H])[H])C4=CC=C(C)C=C4,True,True,False,0,,COc1ccc(OC[C@H]2O[C@@H](Sc3ccc(C)cc3)[C@@H]3NC(=O)O[C@H]3[C@@H]2OC(C)=O)cc1
187,186,S([C@H]1[C@]2([C@]([C@H](OC(=O)C)[C@@H](COC3=CC=C(OC)C=C3)O1)(OC(=O)N2)[H])[H])C4=CC=C(C)C=C4,S([C@H]1[C@]2([C@]([C@H](OC(=O)C)[C@@H](COC3=CC=C(OC)C=C3)O1)(OC(=O)N2)[H])[H])C4=CC=C(C)C=C4,True,True,False,0,,COc1ccc(OC[C@H]2O[C@@H](Sc3ccc(C)cc3)[C@@H]3NC(=O)O[C@H]3[C@@H]2OC(C)=O)cc1
188,187,O([C@H]1[C@H](OCC2=CC=CC=C2)[C@@H](OC(=O)C3=CC=CC=C3)[C@@H](SC4=CC=C(C)C=C4)O[C@H]1C(OC)=O)[C@@H]5[C@]6([C@]([C@H](OC(=O)C)[C@@H](COC7=CC=C(OC)C=C7)O5)(OC(=O)N6)[H])[H],O([C@H]1[C@H](OCC2=CC=CC=C2)[C@@H](OC(=O)C3=CC=CC=C3)[C@@H](SC4=CC=C(C)C=C4)O[C@H]1C(OC)=O)[C@@H]5[C@]6([C@]([C@H](OC(=O)C)[C@@H](COC7=CC=C(OC)C=C7)O5)(OC(=O)N6)[H])[H],True,True,False,0,,COC(=O)[C@@H]1O[C@H](Sc2ccc(C)cc2)[C@H](OC(=O)c2ccccc2)[C@@H](OCc2ccccc2)[C@@H]1O[C@H]1O[C@H](COc2ccc(OC)cc2)[C@@H](OC(C)=O)[C@@H]2OC(=O)N[C@@H]12
189,188,O([C@H]1[C@H](OCC2=CC=CC=C2)[C@@H](OC(=O)C3=CC=CC=C3)[C@@H](SC4=CC=C(C)C=C4)O[C@H]1C(OC)=O)[C@@H]5[C@]6([C@]([C@H](OC(=O)C)[C@@H](COC7=CC=C(OC)C=C7)O5)(OC(=O)N6)[H])[H],O([C@H]1[C@H](OCC2=CC=CC=C2)[C@@H](OC(=O)C3=CC=CC=C3)[C@@H](SC4=CC=C(C)C=C4)O[C@H]1C(OC)=O)[C@@H]5[C@]6([C@]([C@H](OC(=O)C)[C@@H](COC7=CC=C(OC)C=C7)O5)(OC(=O)N6)[H])[H],True,True,False,0,,COC(=O)[C@@H]1O[C@H](Sc2ccc(C)cc2)[C@H](OC(=O)c2ccccc2)[C@@H](OCc2ccccc2)[C@@H]1O[C@H]1O[C@H](COc2ccc(OC)cc2)[C@@H](OC(C)=O)[C@@H]2OC(=O)N[C@@H]12
190,189,O([C@H]1[C@H](OCC2=CC=CC=C2)[C@@H](OC(=O)C3=CC=CC=C3)[C@@H](SC4=CC=C(C)C=C4)O[C@H]1C(OC)=O)[C@@H]5[C@]6([C@]([C@H](OC(=O)C)[C@@H](COC7=CC=C(OC)C=C7)O5)(OC(=O)N6)[H])[H],O([C@H]1[C@H](OCC2=CC=CC=C2)[C@@H](OC(=O)C3=CC=CC=C3)[C@@H](SC4=CC=C(C)C=C4)O[C@H]1C(OC)=O)[C@@H]5[C@]6([C@]([C@H](OC(=O)C)[C@@H](COC7=CC=C(OC)C=C7)O5)(OC(=O)N6)[H])[H],True,True,False,0,,COC(=O)[C@@H]1O[C@H](Sc2ccc(C)cc2)[C@H](OC(=O)c2ccccc2)[C@@H](OCc2ccccc2)[C@@H]1O[C@H]1O[C@H](COc2ccc(OC)cc2)[C@@H](OC(C)=O)[C@@H]2OC(=O)N[C@@H]12
191,190,O([C@H]1[C@H](OCC2=CC=CC=C2)[C@@H](OC(=O)C3=CC=CC=C3)[C@@H](SC4=CC=C(C)C=C4)O[C@H]1C(OC)=O)[C@@H]5[C@]6([C@]([C@H](OC(=O)C)[C@@H](COC7=CC=C(OC)C=C7)O5)(OC(=O)N6)[H])[H],O([C@H]1[C@H](OCC2=CC=CC=C2)[C@@H](OC(=O)C3=CC=CC=C3)[C@@H](SC4=CC=C(C)C=C4)O[C@H]1C(OC)=O)[C@@H]5[C@]6([C@]([C@H](OC(=O)C)[C@@H](COC7=CC=C(OC)C=C7)O5)(OC(=O)N6)[H])[H],True,True,False,0,,COC(=O)[C@@H]1O[C@H](Sc2ccc(C)cc2)[C@H](OC(=O)c2ccccc2)[C@@H](OCc2ccccc2)[C@@H]1O[C@H]1O[C@H](COc2ccc(OC)cc2)[C@@H](OC(C)=O)[C@@H]2OC(=O)N[C@@H]12
192,191,[Si](O[C@H]1[C@H](N=[N+]=[N-])[C@@H](OCC2=CC=C(OC)C=C2)[C@H](OC(=O)C)[C@@H](COCC3=CC=C(OC)C=C3)O1)(C(C)(C)C)(C4=CC=CC=C4)C5=CC=CC=C5,[Si](O[C@H]1[C@H](N=[N+]=[N-])[C@@H](OCC2=CC=C(OC)C=C2)[C@H](OC(=O)C)[C@@H](COCC3=CC=C(OC)C=C3)O1)(C(C)(C)C)(C4=CC=CC=C4)C5=CC=CC=C5,True,True,False,0,,COc1ccc(COC[C@H]2O[C@@H](O[Si](c3ccccc3)(c3ccccc3)C(C)(C)C)[C@H](N=[N+]=[N-])[C@@H](OCc3ccc(OC)cc3)[C@@H]2OC(C)=O)cc1
193,192,[Si](O[C@H]1[C@H](N=[N+]=[N-])[C@@H](OCC2=CC=C(OC)C=C2)[C@H](OC(=O)C)[C@@H](COCC3=CC=C(OC)C=C3)O1)(C(C)(C)C)(C4=CC=CC=C4)C5=CC=CC=C5,[Si](O[C@H]1[C@H](N=[N+]=[N-])[C@@H](OCC2=CC=C(OC)C=C2)[C@H](OC(=O)C)[C@@H](COCC3=CC=C(OC)C=C3)O1)(C(C)(C)C)(C4=CC=CC=C4)C5=CC=CC=C5,True,True,False,0,,COc1ccc(COC[C@H]2O[C@@H](O[Si](c3ccccc3)(c3ccccc3)C(C)(C)C)[C@H](N=[N+]=[N-])[C@@H](OCc3ccc(OC)cc3)[C@@H]2OC(C)=O)cc1
194,193,[Si](O[C@H]1[C@H](N=[N+]=[N-])[C@@H](OCC2=CC=C(OC)C=C2)[C@H](OC(=O)C)[C@@H](COC3=CC=C(OC)C=C3)O1)(C(C)(C)C)(C4=CC=CC=C4)C5=CC=CC=C5,[Si](O[C@H]1[C@H](N=[N+]=[N-])[C@@H](OCC2=CC=C(OC)C=C2)[C@H](OC(=O)C)[C@@H](COC3=CC=C(OC)C=C3)O1)(C(C)(C)C)(C4=CC=CC=C4)C5=CC=CC=C5,True,True,False,0,,COc1ccc(CO[C@@H]2[C@@H](N=[N+]=[N-])[C@H](O[Si](c3ccccc3)(c3ccccc3)C(C)(C)C)O[C@H](COc3ccc(OC)cc3)[C@H]2OC(C)=O)cc1
195,194,[Si](O[C@H]1[C@H](N=[N+]=[N-])[C@@H](OCC2=CC=C(OC)C=C2)[C@H](OC(=O)C)[C@@H](COC3=CC=C(OC)C=C3)O1)(C(C)(C)C)(C4=CC=CC=C4)C5=CC=CC=C5,[Si](O[C@H]1[C@H](N=[N+]=[N-])[C@@H](OCC2=CC=C(OC)C=C2)[C@H](OC(=O)C)[C@@H](COC3=CC=C(OC)C=C3)O1)(C(C)(C)C)(C4=CC=CC=C4)C5=CC=CC=C5,True,True,False,0,,COc1ccc(CO[C@@H]2[C@@H](N=[N+]=[N-])[C@H](O[Si](c3ccccc3)(c3ccccc3)C(C)(C)C)O[C@H](COc3ccc(OC)cc3)[C@H]2OC(C)=O)cc1
196,195,[Si](O[C@H]1[C@H](N=[N+]=[N-])[C@@H](OC(=O)C2=CC=CC=C2)[C@H](OC(=O)C)[C@@H](COCC3=CC=C(OC)C=C3)O1)(C(C)(C)C)(C4=CC=CC=C4)C5=CC=CC=C5,[Si](O[C@H]1[C@H](N=[N+]=[N-])[C@@H](OC(=O)C2=CC=CC=C2)[C@H](OC(=O)C)[C@@H](COCC3=CC=C(OC)C=C3)O1)(C(C)(C)C)(C4=CC=CC=C4)C5=CC=CC=C5,True,True,False,0,,COc1ccc(COC[C@H]2O[C@@H](O[Si](c3ccccc3)(c3ccccc3)C(C)(C)C)[C@H](N=[N+]=[N-])[C@@H](OC(=O)c3ccccc3)[C@@H]2OC(C)=O)cc1
197,196,[Si](O[C@H]1[C@H](N=[N+]=[N-])[C@@H](OC(=O)C2=CC=CC=C2)[C@H](OC(=O)C)[C@@H](COCC3=CC=C(OC)C=C3)O1)(C(C)(C)C)(C4=CC=CC=C4)C5=CC=CC=C5,[Si](O[C@H]1[C@H](N=[N+]=[N-])[C@@H](OC(=O)C2=CC=CC=C2)[C@H](OC(=O)C)[C@@H](COCC3=CC=C(OC)C=C3)O1)(C(C)(C)C)(C4=CC=CC=C4)C5=CC=CC=C5,True,True,False,0,,COc1ccc(COC[C@H]2O[C@@H](O[Si](c3ccccc3)(c3ccccc3)C(C)(C)C)[C@H](N=[N+]=[N-])[C@@H](OC(=O)c3ccccc3)[C@@H]2OC(C)=O)cc1
198,197,[Si](O[C@H]1[C@H](N=[N+]=[N-])[C@@H](OC(=O)C2=CC=CC=C2)[C@H](OC(=O)C)[C@@H](COC3=CC=C(OC)C=C3)O1)(C(C)(C)C)(C4=CC=CC=C4)C5=CC=CC=C5,[Si](O[C@H]1[C@H](N=[N+]=[N-])[C@@H](OC(=O)C2=CC=CC=C2)[C@H](OC(=O)C)[C@@H](COC3=CC=C(OC)C=C3)O1)(C(C)(C)C)(C4=CC=CC=C4)C5=CC=CC=C5,True,True,False,0,,COc1ccc(OC[C@H]2O[C@@H](O[Si](c3ccccc3)(c3ccccc3)C(C)(C)C)[C@H](N=[N+]=[N-])[C@@H](OC(=O)c3ccccc3)[C@@H]2OC(C)=O)cc1
199,198,[Si](O[C@H]1[C@H](N=[N+]=[N-])[C@@H](OC(=O)C2=CC=CC=C2)[C@H](OC(=O)C)[C@@H](COC3=CC=C(OC)C=C3)O1)(C(C)(C)C)(C4=CC=CC=C4)C5=CC=CC=C5,[Si](O[C@H]1[C@H](N=[N+]=[N-])[C@@H](OC(=O)C2=CC=CC=C2)[C@H](OC(=O)C)[C@@H](COC3=CC=C(OC)C=C3)O1)(C(C)(C)C)(C4=CC=CC=C4)C5=CC=CC=C5,True,True,False,0,,COc1ccc(OC[C@H]2O[C@@H](O[Si](c3ccccc3)(c3ccccc3)C(C)(C)C)[C@H](N=[N+]=[N-])[C@@H](OC(=O)c3ccccc3)[C@@H]2OC(C)=O)cc1
200,199,[Si](O[C@H]1[C@H](N=[N+]=[N-])[C@@H](OCC2=CC=C(OC)C=C2)[C@H](OC(=O)C)[C@@H](COCC3=CC=C(OC)C=C3)O1)(C(C)(C)C)(C4=CC=CC=C4)C5=CC=CC=C5,[Si](O[C@H]1[C@H](N=[N+]=[N-])[C@@H](OCC2=CC=C(OC)C=C2)[C@H](OC(=O)C)[C@@H](COCC3=CC=C(OC)C=C3)O1)(C(C)(C)C)(C4=CC=CC=C4)C5=CC=CC=C5,True,True,False,0,,COc1ccc(COC[C@H]2O[C@@H](O[Si](c3ccccc3)(c3ccccc3)C(C)(C)C)[C@H](N=[N+]=[N-])[C@@H](OCc3ccc(OC)cc3)[C@@H]2OC(C)=O)cc1
201,200,[Si](O[C@H]1[C@H](N=[N+]=[N-])[C@@H](OCC2=CC=C(OC)C=C2)[C@H](OC(=O)C)[C@@H](COCC3=CC=C(OC)C=C3)O1)(C(C)(C)C)(C4=CC=CC=C4)C5=CC=CC=C5,[Si](O[C@H]1[C@H](N=[N+]=[N-])[C@@H](OCC2=CC=C(OC)C=C2)[C@H](OC(=O)C)[C@@H](COCC3=CC=C(OC)C=C3)O1)(C(C)(C)C)(C4=CC=CC=C4)C5=CC=CC=C5,True,True,False,0,,COc1ccc(COC[C@H]2O[C@@H](O[Si](c3ccccc3)(c3ccccc3)C(C)(C)C)[C@H](N=[N+]=[N-])[C@@H](OCc3ccc(OC)cc3)[C@@H]2OC(C)=O)cc1
202,201,[Si](O[C@H]1[C@H](N=[N+]=[N-])[C@@H](OC(=O)C2=CC=CC=C2)[C@H](OC(=O)C)[C@@H](COCC3=CC=C(OC)C=C3)O1)(C(C)(C)C)(C4=CC=CC=C4)C5=CC=CC=C5,[Si](O[C@H]1[C@H](N=[N+]=[N-])[C@@H](OC(=O)C2=CC=CC=C2)[C@H](OC(=O)C)[C@@H](COCC3=CC=C(OC)C=C3)O1)(C(C)(C)C)(C4=CC=CC=C4)C5=CC=CC=C5,True,True,False,0,,COc1ccc(COC[C@H]2O[C@@H](O[Si](c3ccccc3)(c3ccccc3)C(C)(C)C)[C@H](N=[N+]=[N-])[C@@H](OC(=O)c3ccccc3)[C@@H]2OC(C)=O)cc1
203,202,[Si](O[C@H]1[C@H](N=[N+]=[N-])[C@@H](OC(=O)C2=CC=CC=C2)[C@H](OC(=O)C)[C@@H](COCC3=CC=C(OC)C=C3)O1)(C(C)(C)C)(C4=CC=CC=C4)C5=CC=CC=C5,[Si](O[C@H]1[C@H](N=[N+]=[N-])[C@@H](OC(=O)C2=CC=CC=C2)[C@H](OC(=O)C)[C@@H](COCC3=CC=C(OC)C=C3)O1)(C(C)(C)C)(C4=CC=CC=C4)C5=CC=CC=C5,True,True,False,0,,COc1ccc(COC[C@H]2O[C@@H](O[Si](c3ccccc3)(c3ccccc3)C(C)(C)C)[C@H](N=[N+]=[N-])[C@@H](OC(=O)c3ccccc3)[C@@H]2OC(C)=O)cc1
204,203,[Si](O[C@H]1[C@H](N=[N+]=[N-])[C@@H](OCC2=CC=C(OC)C=C2)[C@H](OC(=O)C)[C@@H](COC3=CC=C(OC)C=C3)O1)(C(C)(C)C)(C4=CC=CC=C4)C5=CC=CC=C5,[Si](O[C@H]1[C@H](N=[N+]=[N-])[C@@H](OCC2=CC=C(OC)C=C2)[C@H](OC(=O)C)[C@@H](COC3=CC=C(OC)C=C3)O1)(C(C)(C)C)(C4=CC=CC=C4)C5=CC=CC=C5,True,True,False,0,,COc1ccc(CO[C@@H]2[C@@H](N=[N+]=[N-])[C@H](O[Si](c3ccccc3)(c3ccccc3)C(C)(C)C)O[C@H](COc3ccc(OC)cc3)[C@H]2OC(C)=O)cc1
205,204,[Si](O[C@H]1[C@H](N=[N+]=[N-])[C@@H](OCC2=CC=C(OC)C=C2)[C@H](OC(=O)C)[C@@H](COC3=CC=C(OC)C=C3)O1)(C(C)(C)C)(C4=CC=CC=C4)C5=CC=CC=C5,[Si](O[C@H]1[C@H](N=[N+]=[N-])[C@@H](OCC2=CC=C(OC)C=C2)[C@H](OC(=O)C)[C@@H](COC3=CC=C(OC)C=C3)O1)(C(C)(C)C)(C4=CC=CC=C4)C5=CC=CC=C5,True,True,False,0,,COc1ccc(CO[C@@H]2[C@@H](N=[N+]=[N-])[C@H](O[Si](c3ccccc3)(c3ccccc3)C(C)(C)C)O[C@H](COc3ccc(OC)cc3)[C@H]2OC(C)=O)cc1
206,205,[Si](O[C@H]1[C@H](N=[N+]=[N-])[C@@H](OCC2=CC=C(OC)C=C2)[C@H](OC(=O)C)[C@@H](COCC3=CC=C(OC)C=C3)O1)(C(C)(C)C)(C4=CC=CC=C4)C5=CC=CC=C5,[Si](O[C@H]1[C@H](N=[N+]=[N-])[C@@H](OCC2=CC=C(OC)C=C2)[C@H](OC(=O)C)[C@@H](COCC3=CC=C(OC)C=C3)O1)(C(C)(C)C)(C4=CC=CC=C4)C5=CC=CC=C5,True,True,False,0,,COc1ccc(COC[C@H]2O[C@@H](O[Si](c3ccccc3)(c3ccccc3)C(C)(C)C)[C@H](N=[N+]=[N-])[C@@H](OCc3ccc(OC)cc3)[C@@H]2OC(C)=O)cc1
207,206,[Si](O[C@H]1[C@H](N=[N+]=[N-])[C@@H](OCC2=CC=C(OC)C=C2)[C@H](OC(=O)C)[C@@H](COCC3=CC=C(OC)C=C3)O1)(C(C)(C)C)(C4=CC=CC=C4)C5=CC=CC=C5,[Si](O[C@H]1[C@H](N=[N+]=[N-])[C@@H](OCC2=CC=C(OC)C=C2)[C@H](OC(=O)C)[C@@H](COCC3=CC=C(OC)C=C3)O1)(C(C)(C)C)(C4=CC=CC=C4)C5=CC=CC=C5,True,True,False,0,,COc1ccc(COC[C@H]2O[C@@H](O[Si](c3ccccc3)(c3ccccc3)C(C)(C)C)[C@H](N=[N+]=[N-])[C@@H](OCc3ccc(OC)cc3)[C@@H]2OC(C)=O)cc1
208,207,[Si](O[C@H]1[C@H](N=[N+]=[N-])[C@@H](OC(=O)C2=CC=CC=C2)[C@H](OC(=O)C)[C@@H](COC3=CC=C(OC)C=C3)O1)(C(C)(C)C)(C4=CC=CC=C4)C5=CC=CC=C5,[Si](O[C@H]1[C@H](N=[N+]=[N-])[C@@H](OC(=O)C2=CC=CC=C2)[C@H](OC(=O)C)[C@@H](COC3=CC=C(OC)C=C3)O1)(C(C)(C)C)(C4=CC=CC=C4)C5=CC=CC=C5,True,True,False,0,,COc1ccc(OC[C@H]2O[C@@H](O[Si](c3ccccc3)(c3ccccc3)C(C)(C)C)[C@H](N=[N+]=[N-])[C@@H](OC(=O)c3ccccc3)[C@@H]2OC(C)=O)cc1
209,208,[Si](O[C@H]1[C@H](N=[N+]=[N-])[C@@H](OC(=O)C2=CC=CC=C2)[C@H](OC(=O)C)[C@@H](COC3=CC=C(OC)C=C3)O1)(C(C)(C)C)(C4=CC=CC=C4)C5=CC=CC=C5,[Si](O[C@H]1[C@H](N=[N+]=[N-])[C@@H](OC(=O)C2=CC=CC=C2)[C@H](OC(=O)C)[C@@H](COC3=CC=C(OC)C=C3)O1)(C(C)(C)C)(C4=CC=CC=C4)C5=CC=CC=C5,True,True,False,0,,COc1ccc(OC[C@H]2O[C@@H](O[Si](c3ccccc3)(c3ccccc3)C(C)(C)C)[C@H](N=[N+]=[N-])[C@@H](OC(=O)c3ccccc3)[C@@H]2OC(C)=O)cc1
210,209,[Si](O[C@H]1[C@H](N=[N+]=[N-])[C@@H](OC(=O)C2=CC=CC=C2)[C@H](OC(=O)C)[C@@H](COC3=CC=C(OC)C=C3)O1)(C(C)(C)C)(C4=CC=CC=C4)C5=CC=CC=C5,[Si](O[C@H]1[C@H](N=[N+]=[N-])[C@@H](OC(=O)C2=CC=CC=C2)[C@H](OC(=O)C)[C@@H](COC3=CC=C(OC)C=C3)O1)(C(C)(C)C)(C4=CC=CC=C4)C5=CC=CC=C5,True,True,False,0,,COc1ccc(OC[C@H]2O[C@@H](O[Si](c3ccccc3)(c3ccccc3)C(C)(C)C)[C@H](N=[N+]=[N-])[C@@H](OC(=O)c3ccccc3)[C@@H]2OC(C)=O)cc1
211,210,[Si](O[C@H]1[C@H](N=[N+]=[N-])[C@@H](OC(=O)C2=CC=CC=C2)[C@H](OC(=O)C)[C@@H](COC3=CC=C(OC)C=C3)O1)(C(C)(C)C)(C4=CC=CC=C4)C5=CC=CC=C5,[Si](O[C@H]1[C@H](N=[N+]=[N-])[C@@H](OC(=O)C2=CC=CC=C2)[C@H](OC(=O)C)[C@@H](COC3=CC=C(OC)C=C3)O1)(C(C)(C)C)(C4=CC=CC=C4)C5=CC=CC=C5,True,True,False,0,,COc1ccc(OC[C@H]2O[C@@H](O[Si](c3ccccc3)(c3ccccc3)C(C)(C)C)[C@H](N=[N+]=[N-])[C@@H](OC(=O)c3ccccc3)[C@@H]2OC(C)=O)cc1
212,211,[Si](O[C@H]1[C@H](N=[N+]=[N-])[C@@H](OC(=O)C2=CC=CC=C2)[C@H](OC(=O)C)[C@@H](COCC3=CC=C(OC)C=C3)O1)(C(C)(C)C)(C4=CC=CC=C4)C5=CC=CC=C5,[Si](O[C@H]1[C@H](N=[N+]=[N-])[C@@H](OC(=O)C2=CC=CC=C2)[C@H](OC(=O)C)[C@@H](COCC3=CC=C(OC)C=C3)O1)(C(C)(C)C)(C4=CC=CC=C4)C5=CC=CC=C5,True,True,False,0,,COc1ccc(COC[C@H]2O[C@@H](O[Si](c3ccccc3)(c3ccccc3)C(C)(C)C)[C@H](N=[N+]=[N-])[C@@H](OC(=O)c3ccccc3)[C@@H]2OC(C)=O)cc1
213,212,[Si](O[C@H]1[C@H](N=[N+]=[N-])[C@@H](OC(=O)C2=CC=CC=C2)[C@H](OC(=O)C)[C@@H](COCC3=CC=C(OC)C=C3)O1)(C(C)(C)C)(C4=CC=CC=C4)C5=CC=CC=C5,[Si](O[C@H]1[C@H](N=[N+]=[N-])[C@@H](OC(=O)C2=CC=CC=C2)[C@H](OC(=O)C)[C@@H](COCC3=CC=C(OC)C=C3)O1)(C(C)(C)C)(C4=CC=CC=C4)C5=CC=CC=C5,True,True,False,0,,COc1ccc(COC[C@H]2O[C@@H](O[Si](c3ccccc3)(c3ccccc3)C(C)(C)C)[C@H](N=[N+]=[N-])[C@@H](OC(=O)c3ccccc3)[C@@H]2OC(C)=O)cc1
214,213,[Si](O[C@H]1[C@H](N=[N+]=[N-])[C@@H](OCC2=CC=C(OC)C=C2)[C@H](OC(=O)C)[C@@H](COC3=CC=C(OC)C=C3)O1)(C(C)(C)C)(C4=CC=CC=C4)C5=CC=CC=C5,[Si](O[C@H]1[C@H](N=[N+]=[N-])[C@@H](OCC2=CC=C(OC)C=C2)[C@H](OC(=O)C)[C@@H](COC3=CC=C(OC)C=C3)O1)(C(C)(C)C)(C4=CC=CC=C4)C5=CC=CC=C5,True,True,False,0,,COc1ccc(CO[C@@H]2[C@@H](N=[N+]=[N-])[C@H](O[Si](c3ccccc3)(c3ccccc3)C(C)(C)C)O[C@H](COc3ccc(OC)cc3)[C@H]2OC(C)=O)cc1
215,214,[Si](O[C@H]1[C@H](N=[N+]=[N-])[C@@H](OCC2=CC=C(OC)C=C2)[C@H](OC(=O)C)[C@@H](COC3=CC=C(OC)C=C3)O1)(C(C)(C)C)(C4=CC=CC=C4)C5=CC=CC=C5,[Si](O[C@H]1[C@H](N=[N+]=[N-])[C@@H](OCC2=CC=C(OC)C=C2)[C@H](OC(=O)C)[C@@H](COC3=CC=C(OC)C=C3)O1)(C(C)(C)C)(C4=CC=CC=C4)C5=CC=CC=C5,True,True,False,0,,COc1ccc(CO[C@@H]2[C@@H](N=[N+]=[N-])[C@H](O[Si](c3ccccc3)(c3ccccc3)C(C)(C)C)O[C@H](COc3ccc(OC)cc3)[C@H]2OC(C)=O)cc1
216,215,[Si](O[C@H]1[C@H](N=[N+]=[N-])[C@@H](OC(=O)C2=CC=CC=C2)[C@H](OC(=O)C)[C@@H](COC3=CC=C(OC)C=C3)O1)(C(C)(C)C)(C4=CC=CC=C4)C5=CC=CC=C5,[Si](O[C@H]1[C@H](N=[N+]=[N-])[C@@H](OC(=O)C2=CC=CC=C2)[C@H](OC(=O)C)[C@@H](COC3=CC=C(OC)C=C3)O1)(C(C)(C)C)(C4=CC=CC=C4)C5=CC=CC=C5,True,True,False,0,,COc1ccc(OC[C@H]2O[C@@H](O[Si](c3ccccc3)(c3ccccc3)C(C)(C)C)[C@H](N=[N+]=[N-])[C@@H](OC(=O)c3ccccc3)[C@@H]2OC(C)=O)cc1
217,216,[Si](O[C@H]1[C@H](N=[N+]=[N-])[C@@H](OC(=O)C2=CC=CC=C2)[C@H](OC(=O)C)[C@@H](COC3=CC=C(OC)C=C3)O1)(C(C)(C)C)(C4=CC=CC=C4)C5=CC=CC=C5,[Si](O[C@H]1[C@H](N=[N+]=[N-])[C@@H](OC(=O)C2=CC=CC=C2)[C@H](OC(=O)C)[C@@H](COC3=CC=C(OC)C=C3)O1)(C(C)(C)C)(C4=CC=CC=C4)C5=CC=CC=C5,True,True,False,0,,COc1ccc(OC[C@H]2O[C@@H](O[Si](c3ccccc3)(c3ccccc3)C(C)(C)C)[C@H](N=[N+]=[N-])[C@@H](OC(=O)c3ccccc3)[C@@H]2OC(C)=O)cc1
218,217,[Si](O[C@H]1[C@H](N=[N+]=[N-])[C@@H](OCC2=CC=C(OC)C=C2)[C@H](OC(=O)C)[C@@H](COCC3=CC=C(OC)C=C3)O1)(C(C)(C)C)(C4=CC=CC=C4)C5=CC=CC=C5,[Si](O[C@H]1[C@H](N=[N+]=[N-])[C@@H](OCC2=CC=C(OC)C=C2)[C@H](OC(=O)C)[C@@H](COCC3=CC=C(OC)C=C3)O1)(C(C)(C)C)(C4=CC=CC=C4)C5=CC=CC=C5,True,True,False,0,,COc1ccc(COC[C@H]2O[C@@H](O[Si](c3ccccc3)(c3ccccc3)C(C)(C)C)[C@H](N=[N+]=[N-])[C@@H](OCc3ccc(OC)cc3)[C@@H]2OC(C)=O)cc1
219,218,[Si](O[C@H]1[C@H](N=[N+]=[N-])[C@@H](OCC2=CC=C(OC)C=C2)[C@H](OC(=O)C)[C@@H](COCC3=CC=C(OC)C=C3)O1)(C(C)(C)C)(C4=CC=CC=C4)C5=CC=CC=C5,[Si](O[C@H]1[C@H](N=[N+]=[N-])[C@@H](OCC2=CC=C(OC)C=C2)[C@H](OC(=O)C)[C@@H](COCC3=CC=C(OC)C=C3)O1)(C(C)(C)C)(C4=CC=CC=C4)C5=CC=CC=C5,True,True,False,0,,COc1ccc(COC[C@H]2O[C@@H](O[Si](c3ccccc3)(c3ccccc3)C(C)(C)C)[C@H](N=[N+]=[N-])[C@@H](OCc3ccc(OC)cc3)[C@@H]2OC(C)=O)cc1
220,219,[Si](O[C@H]1[C@H](N=[N+]=[N-])[C@@H](OC(=O)C2=CC=CC=C2)[C@H](OC(=O)C)[C@@H](COCC3=CC=C(OC)C=C3)O1)(C(C)(C)C)(C4=CC=CC=C4)C5=CC=CC=C5,[Si](O[C@H]1[C@H](N=[N+]=[N-])[C@@H](OC(=O)C2=CC=CC=C2)[C@H](OC(=O)C)[C@@H](COCC3=CC=C(OC)C=C3)O1)(C(C)(C)C)(C4=CC=CC=C4)C5=CC=CC=C5,True,True,False,0,,COc1ccc(COC[C@H]2O[C@@H](O[Si](c3ccccc3)(c3ccccc3)C(C)(C)C)[C@H](N=[N+]=[N-])[C@@H](OC(=O)c3ccccc3)[C@@H]2OC(C)=O)cc1
221,220,[Si](O[C@H]1[C@H](N=[N+]=[N-])[C@@H](OC(=O)C2=CC=CC=C2)[C@H](OC(=O)C)[C@@H](COCC3=CC=C(OC)C=C3)O1)(C(C)(C)C)(C4=CC=CC=C4)C5=CC=CC=C5,[Si](O[C@H]1[C@H](N=[N+]=[N-])[C@@H](OC(=O)C2=CC=CC=C2)[C@H](OC(=O)C)[C@@H](COCC3=CC=C(OC)C=C3)O1)(C(C)(C)C)(C4=CC=CC=C4)C5=CC=CC=C5,True,True,False,0,,COc1ccc(COC[C@H]2O[C@@H](O[Si](c3ccccc3)(c3ccccc3)C(C)(C)C)[C@H](N=[N+]=[N-])[C@@H](OC(=O)c3ccccc3)[C@@H]2OC(C)=O)cc1
222,221,[Si](O[C@H]1[C@H](N=[N+]=[N-])[C@@H](OCC2=CC=C(OC)C=C2)[C@H](OC(=O)C)[C@@H](COC3=CC=C(OC)C=C3)O1)(C(C)(C)C)(C4=CC=CC=C4)C5=CC=CC=C5,[Si](O[C@H]1[C@H](N=[N+]=[N-])[C@@H](OCC2=CC=C(OC)C=C2)[C@H](OC(=O)C)[C@@H](COC3=CC=C(OC)C=C3)O1)(C(C)(C)C)(C4=CC=CC=C4)C5=CC=CC=C5,True,True,False,0,,COc1ccc(CO[C@@H]2[C@@H](N=[N+]=[N-])[C@H](O[Si](c3ccccc3)(c3ccccc3)C(C)(C)C)O[C@H](COc3ccc(OC)cc3)[C@H]2OC(C)=O)cc1
223,222,[Si](O[C@H]1[C@H](N=[N+]=[N-])[C@@H](OCC2=CC=C(OC)C=C2)[C@H](OC(=O)C)[C@@H](COC3=CC=C(OC)C=C3)O1)(C(C)(C)C)(C4=CC=CC=C4)C5=CC=CC=C5,[Si](O[C@H]1[C@H](N=[N+]=[N-])[C@@H](OCC2=CC=C(OC)C=C2)[C@H](OC(=O)C)[C@@H](COC3=CC=C(OC)C=C3)O1)(C(C)(C)C)(C4=CC=CC=C4)C5=CC=CC=C5,True,True,False,0,,COc1ccc(CO[C@@H]2[C@@H](N=[N+]=[N-])[C@H](O[Si](c3ccccc3)(c3ccccc3)C(C)(C)C)O[C@H](COc3ccc(OC)cc3)[C@H]2OC(C)=O)cc1
224,223,O([C@H]1[C@@H]([C@@H](OCC2=CC=CC=C2)[C@H](OC(=O)C)[C@@H](COCC3=CC=CC=C3)O1)N4C(=O)C=5C(C4=O)=CC=CC5)C6=CC=C(OC)C=C6,O([C@H]1[C@@H]([C@@H](OCC2=CC=CC=C2)[C@H](OC(=O)C)[C@@H](COCC3=CC=CC=C3)O1)N4C(=O)C=5C(C4=O)=CC=CC5)C6=CC=C(OC)C=C6,True,True,False,0,,COc1ccc(O[C@@H]2O[C@H](COCc3ccccc3)[C@@H](OC(C)=O)[C@H](OCc3ccccc3)[C@H]2N2C(=O)c3ccccc3C2=O)cc1
225,224,O([C@H]1[C@@H](OCC2=CC=CC=C2)[C@H](OCC3=CC=CC=C3)[C@@H](COCC4=CC=CC=C4)O[C@@H]1OCC5=CC=CC=C5)[C@H]6[C@H](N=[N+]=[N-])[C@@H](OCC7=CC=CC=C7)[C@H](OC(=O)C)[C@@H](COCC8=CC=CC=C8)O6,O([C@H]1[C@@H](OCC2=CC=CC=C2)[C@H](OCC3=CC=CC=C3)[C@@H](COCC4=CC=CC=C4)O[C@@H]1OCC5=CC=CC=C5)[C@H]6[C@H](N=[N+]=[N-])[C@@H](OCC7=CC=CC=C7)[C@H](OC(=O)C)[C@@H](COCC8=CC=CC=C8)O6,True,True,False,0,,CC(=O)O[C@H]1[C@H](OCc2ccccc2)[C@@H](N=[N+]=[N-])[C@H](O[C@@H]2[C@@H](OCc3ccccc3)O[C@H](COCc3ccccc3)[C@@H](OCc3ccccc3)[C@@H]2OCc2ccccc2)O[C@@H]1COCc1ccccc1
226,225,O([C@H]1[C@H](OP(OC[C@H](COC(CCCCCCCCCCCCCCCCC)=O)OC(CCCCCCCCCCCCCCCCC)=O)(OCCC#N)=O)[C@H](OCC2=CC=C(OC)C=C2)[C@H](OCC3=CC=C(OC)C=C3)[C@@H](OCC4=CC=C(OC)C=C4)[C@@H]1OCC5=CC=C(OC)C=C5)[C@@H]6[C@H](N=[N+]=[N-])[C@@H](OCC7=CC=C(OC)C=C7)[C@H](OC(=O)C)[C@@H](COCC8=CC=C(OC)C=C8)O6,O([C@H]1[C@H](OP(OC[C@H](COC(CCCCCCCCCCCCCCCCC)=O)OC(CCCCCCCCCCCCCCCCC)=O)(OCCC#N)=O)[C@H](OCC2=CC=C(OC)C=C2)[C@H](OCC3=CC=C(OC)C=C3)[C@@H](OCC4=CC=C(OC)C=C4)[C@@H]1OCC5=CC=C(OC)C=C5)[C@@H]6[C@H](N=[N+]=[N-])[C@@H](OCC7=CC=C(OC)C=C7)[C@H](OC(=O)C)[C@@H](COCC8=CC=C(OC)C=C8)O6,True,True,False,0,,CCCCCCCCCCCCCCCCCC(=O)OC[C@@H](COP(=O)(OCCC#N)O[C@@H]1[C@H](OCc2ccc(OC)cc2)[C@H](OCc2ccc(OC)cc2)[C@@H](OCc2ccc(OC)cc2)[C@H](OCc2ccc(OC)cc2)[C@H]1O[C@H]1O[C@H](COCc2ccc(OC)cc2)[C@@H](OC(C)=O)[C@H](OCc2ccc(OC)cc2)[C@H]1N=[N+]=[N-])OC(=O)CCCCCCCCCCCCCCCCC
227,226,O([C@H]1[C@H](OCC2=CC=CC=C2)[C@@H](OCC3=CC=CC=C3)[C@H](OCCCN(CC4=CC=CC=C4)C(OCC5=CC=CC=C5)=O)O[C@@H]1COCC6=CC=CC=C6)[C@H]7[C@@H](NC(C)=O)[C@@H](OCC8=CC=CC=C8)[C@H](OC(=O)C)[C@@H](COCC9=CC=CC=C9)O7,O([C@H]1[C@H](OCC2=CC=CC=C2)[C@@H](OCC3=CC=CC=C3)[C@H](OCCCN(CC4=CC=CC=C4)C(OCC5=CC=CC=C5)=O)O[C@@H]1COCC6=CC=CC=C6)[C@H]7[C@@H](NC(C)=O)[C@@H](OCC8=CC=CC=C8)[C@H](OC(=O)C)[C@@H](COCC9=CC=CC=C9)O7,True,True,False,0,,CC(=O)N[C@@H]1[C@H](O[C@H]2[C@H](OCc3ccccc3)[C@@H](OCc3ccccc3)[C@H](OCCCN(Cc3ccccc3)C(=O)OCc3ccccc3)O[C@@H]2COCc2ccccc2)O[C@H](COCc2ccccc2)[C@@H](OC(C)=O)[C@@H]1OCc1ccccc1
228,227,O([C@@H]1[C@@H](OCC2=CC=CC=C2)[C@H](OCC3=CC=CC=C3)[C@@H](OCC4=CC=CC=C4)[C@@H](OCC5=CC=CC=C5)[C@H]1OCC=C)[C@@H]6[C@H](N=[N+]=[N-])[C@@H](OCC7=CC=CC=C7)[C@H](OC(=O)C)[C@@H](COCC8=CC=CC=C8)O6,O([C@@H]1[C@@H](OCC2=CC=CC=C2)[C@H](OCC3=CC=CC=C3)[C@@H](OCC4=CC=CC=C4)[C@@H](OCC5=CC=CC=C5)[C@H]1OCC=C)[C@@H]6[C@H](N=[N+]=[N-])[C@@H](OCC7=CC=CC=C7)[C@H](OC(=O)C)[C@@H](COCC8=CC=CC=C8)O6,True,True,False,0,,C=CCO[C@@H]1[C@H](OCc2ccccc2)[C@H](OCc2ccccc2)[C@@H](OCc2ccccc2)[C@H](OCc2ccccc2)[C@H]1O[C@H]1O[C@H](COCc2ccccc2)[C@@H](OC(C)=O)[C@H](OCc2ccccc2)[C@H]1N=[N+]=[N-]
229,228,O([C@H]1[C@H](OP(OC[C@H](COC(CCCCCCCCCCCCCCCCC)=O)OC(CCCCCCCCCCCCCCCCC)=O)(OCCC#N)=O)[C@H](OCC2=CC=C(OC)C=C2)[C@H](OCC3=CC=C(OC)C=C3)[C@@H](OCC4=CC=C(OC)C=C4)[C@@H]1OCC5=CC=C(OC)C=C5)[C@@H]6[C@H](N=[N+]=[N-])[C@@H](OCC7=CC=C(OC)C=C7)[C@H](OC(=O)C)[C@@H](COCC8=CC=C(OC)C=C8)O6,O([C@H]1[C@H](OP(OC[C@H](COC(CCCCCCCCCCCCCCCCC)=O)OC(CCCCCCCCCCCCCCCCC)=O)(OCCC#N)=O)[C@H](OCC2=CC=C(OC)C=C2)[C@H](OCC3=CC=C(OC)C=C3)[C@@H](OCC4=CC=C(OC)C=C4)[C@@H]1OCC5=CC=C(OC)C=C5)[C@@H]6[C@H](N=[N+]=[N-])[C@@H](OCC7=CC=C(OC)C=C7)[C@H](OC(=O)C)[C@@H](COCC8=CC=C(OC)C=C8)O6,True,True,False,0,,CCCCCCCCCCCCCCCCCC(=O)OC[C@@H](COP(=O)(OCCC#N)O[C@@H]1[C@H](OCc2ccc(OC)cc2)[C@H](OCc2ccc(OC)cc2)[C@@H](OCc2ccc(OC)cc2)[C@H](OCc2ccc(OC)cc2)[C@H]1O[C@H]1O[C@H](COCc2ccc(OC)cc2)[C@@H](OC(C)=O)[C@H](OCc2ccc(OC)cc2)[C@H]1N=[N+]=[N-])OC(=O)CCCCCCCCCCCCCCCCC
230,229,O([C@@H]1[C@@H](OCC2=CC=CC=C2)[C@H](OCC3=CC=CC=C3)[C@@H](OCC4=CC=CC=C4)[C@@H](OCC5=CC=CC=C5)[C@H]1OCC=C)[C@@H]6[C@H](N=[N+]=[N-])[C@@H](OCC7=CC=CC=C7)[C@H](OC(=O)C)[C@@H](COCC8=CC=CC=C8)O6,O([C@@H]1[C@@H](OCC2=CC=CC=C2)[C@H](OCC3=CC=CC=C3)[C@@H](OCC4=CC=CC=C4)[C@@H](OCC5=CC=CC=C5)[C@H]1OCC=C)[C@@H]6[C@H](N=[N+]=[N-])[C@@H](OCC7=CC=CC=C7)[C@H](OC(=O)C)[C@@H](COCC8=CC=CC=C8)O6,True,True,False,0,,C=CCO[C@@H]1[C@H](OCc2ccccc2)[C@H](OCc2ccccc2)[C@@H](OCc2ccccc2)[C@H](OCc2ccccc2)[C@H]1O[C@H]1O[C@H](COCc2ccccc2)[C@@H](OC(C)=O)[C@H](OCc2ccccc2)[C@H]1N=[N+]=[N-]
231,230,O([C@@H]1[C@@H](OC(=O)C2=CC=CC=C2)[C@H](O[C@H]3[C@H](OC(=O)C4=CC=CC=C4)[C@@H](OC(=O)C5=CC=CC=C5)[C@H](OCCN=[N+]=[N-])O[C@@H]3COC(=O)C6=CC=CC=C6)O[C@H](COC(=O)C7=CC=CC=C7)[C@@H]1OC(=O)C8=CC=CC=C8)[C@H]9[C@H](NC(C(Cl)(Cl)Cl)=O)[C@@H](OCC%10=CC=CC=C%10)[C@H](OC(=O)C)[C@@H](COCC%11=CC=CC=C%11)O9,O([C@@H]1[C@@H](OC(=O)C2=CC=CC=C2)[C@H](O[C@H]3[C@H](OC(=O)C4=CC=CC=C4)[C@@H](OC(=O)C5=CC=CC=C5)[C@H](OCCN=[N+]=[N-])O[C@@H]3COC(=O)C6=CC=CC=C6)O[C@H](COC(=O)C7=CC=CC=C7)[C@@H]1OC(=O)C8=CC=CC=C8)[C@H]9[C@H](NC(C(Cl)(Cl)Cl)=O)[C@@H](OCC%10=CC=CC=C%10)[C@H](OC(=O)C)[C@@H](COCC%11=CC=CC=C%11)O9,True,True,False,0,,CC(=O)O[C@H]1[C@H](OCc2ccccc2)[C@@H](NC(=O)C(Cl)(Cl)Cl)[C@H](O[C@H]2[C@@H](OC(=O)c3ccccc3)[C@@H](COC(=O)c3ccccc3)O[C@@H](O[C@H]3[C@H](OC(=O)c4ccccc4)[C@@H](OC(=O)c4ccccc4)[C@H](OCCN=[N+]=[N-])O[C@@H]3COC(=O)c3ccccc3)[C@@H]2OC(=O)c2ccccc2)O[C@@H]1COCc1ccccc1
232,231,O([C@@H]1[C@@H](OCC2=CC=CC=C2)[C@H](O[C@H]3[C@H](OCC4=CC=CC=C4)[C@@H](OCC5=CC=CC=C5)[C@H](OCC[Si](C)(C)C)O[C@@H]3COCC6=CC=CC=C6)O[C@H](COCC7=CC=CC=C7)[C@@H]1OCC8=CC=CC=C8)[C@H]9[C@H](NC(C)=O)[C@@H](OCC%10=CC=C(OC)C=C%10)[C@H](OC(=O)C)[C@@H](COC%11=CC=C(OC)C=C%11)O9,O([C@@H]1[C@@H](OCC2=CC=CC=C2)[C@H](O[C@H]3[C@H](OCC4=CC=CC=C4)[C@@H](OCC5=CC=CC=C5)[C@H](OCC[Si](C)(C)C)O[C@@H]3COCC6=CC=CC=C6)O[C@H](COCC7=CC=CC=C7)[C@@H]1OCC8=CC=CC=C8)[C@H]9[C@H](NC(C)=O)[C@@H](OCC%10=CC=C(OC)C=C%10)[C@H](OC(=O)C)[C@@H](COC%11=CC=C(OC)C=C%11)O9,True,True,False,0,,COc1ccc(CO[C@@H]2[C@@H](NC(C)=O)[C@H](O[C@H]3[C@@H](OCc4ccccc4)[C@@H](COCc4ccccc4)O[C@@H](O[C@H]4[C@H](OCc5ccccc5)[C@@H](OCc5ccccc5)[C@H](OCC[Si](C)(C)C)O[C@@H]4COCc4ccccc4)[C@@H]3OCc3ccccc3)O[C@H](COc3ccc(OC)cc3)[C@H]2OC(C)=O)cc1
233,232,O([C@@H]1[C@@]2([C@@]([C@@]3([C@]([C@H]1OC(O[C@H]4[C@H]([C@H](C)C)CC[C@@H](C)C4)=O)(OC5(O3)CCCCC5)[H])[H])(OC6(O2)CCCCC6)[H])[H])[C@@H]7[C@H](N=[N+]=[N-])[C@@H](OCC8=CC=CC=C8)[C@H](OC(=O)C)[C@@H](COCC9=CC=CC=C9)O7,O([C@@H]1[C@@]2([C@@]([C@@]3([C@]([C@H]1OC(O[C@H]4[C@H]([C@H](C)C)CC[C@@H](C)C4)=O)(OC5(O3)CCCCC5)[H])[H])(OC6(O2)CCCCC6)[H])[H])[C@@H]7[C@H](N=[N+]=[N-])[C@@H](OCC8=CC=CC=C8)[C@H](OC(=O)C)[C@@H](COCC9=CC=CC=C9)O7,True,True,False,0,,CC(=O)O[C@H]1[C@H](OCc2ccccc2)[C@@H](N=[N+]=[N-])[C@@H](O[C@H]2[C@H](OC(=O)O[C@@H]3C[C@H](C)CC[C@H]3C(C)C)[C@@H]3OC4(CCCCC4)O[C@@H]3[C@H]3OC4(CCCCC4)O[C@H]23)O[C@@H]1COCc1ccccc1
234,233,O([C@@H]1[C@@]2([C@@]([C@@]3([C@]([C@H]1OC(O[C@H]4[C@H]([C@H](C)C)CC[C@@H](C)C4)=O)(OC5(O3)CCCCC5)[H])[H])(OC6(O2)CCCCC6)[H])[H])[C@@H]7[C@H](N=[N+]=[N-])[C@@H](OCC8=CC=CC=C8)[C@H](OC(=O)C)[C@@H](COCC9=CC=CC=C9)O7,O([C@@H]1[C@@]2([C@@]([C@@]3([C@]([C@H]1OC(O[C@H]4[C@H]([C@H](C)C)CC[C@@H](C)C4)=O)(OC5(O3)CCCCC5)[H])[H])(OC6(O2)CCCCC6)[H])[H])[C@@H]7[C@H](N=[N+]=[N-])[C@@H](OCC8=CC=CC=C8)[C@H](OC(=O)C)[C@@H](COCC9=CC=CC=C9)O7,True,True,False,0,,CC(=O)O[C@H]1[C@H](OCc2ccccc2)[C@@H](N=[N+]=[N-])[C@@H](O[C@H]2[C@H](OC(=O)O[C@@H]3C[C@H](C)CC[C@H]3C(C)C)[C@@H]3OC4(CCCCC4)O[C@@H]3[C@H]3OC4(CCCCC4)O[C@H]23)O[C@@H]1COCc1ccccc1
235,234,O([C@@H]1[C@@H](OCC2=CC=CC=C2)[C@H](O[C@H]3[C@H](OCC4=CC=CC=C4)[C@@H](OCC5=CC=CC=C5)[C@H](OCC[Si](C)(C)C)O[C@@H]3COCC6=CC=CC=C6)O[C@H](COCC7=CC=CC=C7)[C@@H]1OCC8=CC=CC=C8)[C@H]9[C@H](NC(CCCCCCCCCCC)=O)[C@@H](OCC%10=CC=CC=C%10)[C@H](OC(=O)C)[C@@H](COCC%11=CC=CC=C%11)O9,O([C@@H]1[C@@H](OCC2=CC=CC=C2)[C@H](O[C@H]3[C@H](OCC4=CC=CC=C4)[C@@H](OCC5=CC=CC=C5)[C@H](OCC[Si](C)(C)C)O[C@@H]3COCC6=CC=CC=C6)O[C@H](COCC7=CC=CC=C7)[C@@H]1OCC8=CC=CC=C8)[C@H]9[C@H](NC(CCCCCCCCCCC)=O)[C@@H](OCC%10=CC=CC=C%10)[C@H](OC(=O)C)[C@@H](COCC%11=CC=CC=C%11)O9,True,True,False,0,,CCCCCCCCCCCC(=O)N[C@H]1[C@H](O[C@H]2[C@@H](OCc3ccccc3)[C@@H](COCc3ccccc3)O[C@@H](O[C@H]3[C@H](OCc4ccccc4)[C@@H](OCc4ccccc4)[C@H](OCC[Si](C)(C)C)O[C@@H]3COCc3ccccc3)[C@@H]2OCc2ccccc2)O[C@H](COCc2ccccc2)[C@@H](OC(C)=O)[C@@H]1OCc1ccccc1
236,235,O([C@H]1[C@H](OCC2=CC=CC=C2)[C@@H](OC(=O)C3=CC=CC=C3)[C@H](O[C@H]4[C@H](OCC5=CC=CC=C5)[C@@H](N=[N+]=[N-])[C@@H](O[C@H]6[C@H](OCC7=CC=CC=C7)[C@@H](OC(=O)C8=CC=CC=C8)[C@H](OC9=CC=C(OC)C=C9)O[C@H]6COC(CCl)=O)O[C@@H]4COC(C)=O)O[C@H]1COC(CCl)=O)[C@@H]%10[C@H](N=[N+]=[N-])[C@@H](OCC%11=CC=CC=C%11)[C@H](O[C@H]%12[C@H](OC(=O)C%13=CC=CC=C%13)[C@@H](OCC%14=CC=CC=C%14)[C@H](O[C@@H]%15[C@H](N=[N+]=[N-])[C@@H](OCC%16=CC=CC=C%16)[C@H](OC(=O)C)[C@@H](COC(C)=O)O%15)[C@H](COC(CCl)=O)O%12)[C@@H](COC(C)=O)O%10,O([C@H]1[C@H](OCC2=CC=CC=C2)[C@@H](OC(=O)C3=CC=CC=C3)[C@H](O[C@H]4[C@H](OCC5=CC=CC=C5)[C@@H](N=[N+]=[N-])[C@@H](O[C@H]6[C@H](OCC7=CC=CC=C7)[C@@H](OC(=O)C8=CC=CC=C8)[C@H](OC9=CC=C(OC)C=C9)O[C@H]6COC(CCl)=O)O[C@@H]4COC(C)=O)O[C@H]1COC(CCl)=O)[C@@H]%10[C@H](N=[N+]=[N-])[C@@H](OCC%11=CC=CC=C%11)[C@H](O[C@H]%12[C@H](OC(=O)C%13=CC=CC=C%13)[C@@H](OCC%14=CC=CC=C%14)[C@H](O[C@@H]%15[C@H](N=[N+]=[N-])[C@@H](OCC%16=CC=CC=C%16)[C@H](OC(=O)C)[C@@H](COC(C)=O)O%15)[C@H](COC(CCl)=O)O%12)[C@@H](COC(C)=O)O%10,True,True,False,0,,COc1ccc(O[C@@H]2O[C@@H](COC(=O)CCl)[C@@H](O[C@H]3O[C@H](COC(C)=O)[C@@H](O[C@@H]4O[C@@H](COC(=O)CCl)[C@@H](O[C@H]5O[C@H](COC(C)=O)[C@@H](O[C@@H]6O[C@@H](COC(=O)CCl)[C@@H](O[C@H]7O[C@H](COC(C)=O)[C@@H](OC(C)=O)[C@H](OCc8ccccc8)[C@H]7N=[N+]=[N-])[C@H](OCc7ccccc7)[C@H]6OC(=O)c6ccccc6)[C@H](OCc6ccccc6)[C@H]5N=[N+]=[N-])[C@H](OCc5ccccc5)[C@H]4OC(=O)c4ccccc4)[C@H](OCc4ccccc4)[C@H]3N=[N+]=[N-])[C@H](OCc3ccccc3)[C@H]2OC(=O)c2ccccc2)cc1
237,236,O([C@@H]1[C@@H](OCC2=CC=CC=C2)[C@H](OCC3=CC=CC=C3)[C@@H](OCC4=CC=CC=C4)[C@@H](OCC5=CC=CC=C5)[C@H]1OCC=C)[C@@H]6[C@H](N=[N+]=[N-])[C@@H](OCC7=CC=CC=C7)[C@H](OC(=O)C)[C@@H](COCC8=CC=CC=C8)O6,O([C@@H]1[C@@H](OCC2=CC=CC=C2)[C@H](OCC3=CC=CC=C3)[C@@H](OCC4=CC=CC=C4)[C@@H](OCC5=CC=CC=C5)[C@H]1OCC=C)[C@@H]6[C@H](N=[N+]=[N-])[C@@H](OCC7=CC=CC=C7)[C@H](OC(=O)C)[C@@H](COCC8=CC=CC=C8)O6,True,True,False,0,,C=CCO[C@@H]1[C@H](OCc2ccccc2)[C@H](OCc2ccccc2)[C@@H](OCc2ccccc2)[C@H](OCc2ccccc2)[C@H]1O[C@H]1O[C@H](COCc2ccccc2)[C@@H](OC(C)=O)[C@H](OCc2ccccc2)[C@H]1N=[N+]=[N-]
238,237,O([C@@H]1[C@@H](OCC2=CC=CC=C2)[C@H](OCC3=CC=CC=C3)[C@@H](OCC4=CC=CC=C4)[C@@H](OCC5=CC=CC=C5)[C@H]1OCC=C)[C@@H]6[C@H](N=[N+]=[N-])[C@@H](OCC7=CC=CC=C7)[C@H](OC(=O)C)[C@@H](COCC8=CC=CC=C8)O6,O([C@@H]1[C@@H](OCC2=CC=CC=C2)[C@H](OCC3=CC=CC=C3)[C@@H](OCC4=CC=CC=C4)[C@@H](OCC5=CC=CC=C5)[C@H]1OCC=C)[C@@H]6[C@H](N=[N+]=[N-])[C@@H](OCC7=CC=CC=C7)[C@H](OC(=O)C)[C@@H](COCC8=CC=CC=C8)O6,True,True,False,0,,C=CCO[C@@H]1[C@H](OCc2ccccc2)[C@H](OCc2ccccc2)[C@@H](OCc2ccccc2)[C@H](OCc2ccccc2)[C@H]1O[C@H]1O[C@H](COCc2ccccc2)[C@@H](OC(C)=O)[C@H](OCc2ccccc2)[C@H]1N=[N+]=[N-]
239,238,O([C@H]1[C@H](OCC2=CC=CC=C2)[C@@H](OC(=O)C3=CC=CC=C3)[C@H](OC4=CC=C(OC)C=C4)O[C@H]1COC(CCl)=O)[C@@H]5[C@H](N=[N+]=[N-])[C@@H](OCC6=CC=CC=C6)[C@H](OC(=O)C)[C@@H](COC(C)=O)O5,O([C@H]1[C@H](OCC2=CC=CC=C2)[C@@H](OC(=O)C3=CC=CC=C3)[C@H](OC4=CC=C(OC)C=C4)O[C@H]1COC(CCl)=O)[C@@H]5[C@H](N=[N+]=[N-])[C@@H](OCC6=CC=CC=C6)[C@H](OC(=O)C)[C@@H](COC(C)=O)O5,True,True,False,0,,COc1ccc(O[C@@H]2O[C@@H](COC(=O)CCl)[C@@H](O[C@H]3O[C@H](COC(C)=O)[C@@H](OC(C)=O)[C@H](OCc4ccccc4)[C@H]3N=[N+]=[N-])[C@H](OCc3ccccc3)[C@H]2OC(=O)c2ccccc2)cc1
240,239,O([C@@H]1[C@@H](OCC2=CC=CC=C2)[C@H](OCC3=CC=CC=C3)[C@@H](OCC4=CC=CC=C4)[C@@H](OCC5=CC=CC=C5)[C@H]1OCC=C)[C@@H]6[C@H](N=[N+]=[N-])[C@@H](OCC7=CC=CC=C7)[C@H](OC(=O)C)[C@@H](COCC8=CC=CC=C8)O6,O([C@@H]1[C@@H](OCC2=CC=CC=C2)[C@H](OCC3=CC=CC=C3)[C@@H](OCC4=CC=CC=C4)[C@@H](OCC5=CC=CC=C5)[C@H]1OCC=C)[C@@H]6[C@H](N=[N+]=[N-])[C@@H](OCC7=CC=CC=C7)[C@H](OC(=O)C)[C@@H](COCC8=CC=CC=C8)O6,True,True,False,0,,C=CCO[C@@H]1[C@H](OCc2ccccc2)[C@H](OCc2ccccc2)[C@@H](OCc2ccccc2)[C@H](OCc2ccccc2)[C@H]1O[C@H]1O[C@H](COCc2ccccc2)[C@@H](OC(C)=O)[C@H](OCc2ccccc2)[C@H]1N=[N+]=[N-]
241,240,O([C@@H]1[C@@H](OCC2=CC=CC=C2)[C@H](OCC3=CC=CC=C3)[C@@H](OCC4=CC=CC=C4)[C@@H](OCC5=CC=CC=C5)[C@H]1OCC=C)[C@@H]6[C@H](N=[N+]=[N-])[C@@H](OCC7=CC=CC=C7)[C@H](OC(=O)C)[C@@H](COCC8=CC=CC=C8)O6,O([C@@H]1[C@@H](OCC2=CC=CC=C2)[C@H](OCC3=CC=CC=C3)[C@@H](OCC4=CC=CC=C4)[C@@H](OCC5=CC=CC=C5)[C@H]1OCC=C)[C@@H]6[C@H](N=[N+]=[N-])[C@@H](OCC7=CC=CC=C7)[C@H](OC(=O)C)[C@@H](COCC8=CC=CC=C8)O6,True,True,False,0,,C=CCO[C@@H]1[C@H](OCc2ccccc2)[C@H](OCc2ccccc2)[C@@H](OCc2ccccc2)[C@H](OCc2ccccc2)[C@H]1O[C@H]1O[C@H](COCc2ccccc2)[C@@H](OC(C)=O)[C@H](OCc2ccccc2)[C@H]1N=[N+]=[N-]
242,241,O([C@H]1[C@H](OCC2=CC=CC=C2)[C@@H](OC(=O)C3=CC=CC=C3)[C@H](O[C@H]4[C@H](OCC5=CC=CC=C5)[C@@H](N=[N+]=[N-])[C@@H](O[C@H]6[C@H](OCC7=CC=CC=C7)[C@@H](OC(=O)C8=CC=CC=C8)[C@H](OC9=CC=C(OC)C=C9)O[C@@H]6COC(CCl)=O)O[C@@H]4COC(C)=O)O[C@@H]1COC(CCl)=O)[C@@H]%10[C@H](N=[N+]=[N-])[C@@H](OCC%11=CC=CC=C%11)[C@H](OC(=O)C)[C@@H](COC(C)=O)O%10,O([C@H]1[C@H](OCC2=CC=CC=C2)[C@@H](OC(=O)C3=CC=CC=C3)[C@H](O[C@H]4[C@H](OCC5=CC=CC=C5)[C@@H](N=[N+]=[N-])[C@@H](O[C@H]6[C@H](OCC7=CC=CC=C7)[C@@H](OC(=O)C8=CC=CC=C8)[C@H](OC9=CC=C(OC)C=C9)O[C@@H]6COC(CCl)=O)O[C@@H]4COC(C)=O)O[C@@H]1COC(CCl)=O)[C@@H]%10[C@H](N=[N+]=[N-])[C@@H](OCC%11=CC=CC=C%11)[C@H](OC(=O)C)[C@@H](COC(C)=O)O%10,True,True,False,0,,COc1ccc(O[C@@H]2O[C@H](COC(=O)CCl)[C@@H](O[C@H]3O[C@H](COC(C)=O)[C@@H](O[C@@H]4O[C@H](COC(=O)CCl)[C@@H](O[C@H]5O[C@H](COC(C)=O)[C@@H](OC(C)=O)[C@H](OCc6ccccc6)[C@H]5N=[N+]=[N-])[C@H](OCc5ccccc5)[C@H]4OC(=O)c4ccccc4)[C@H](OCc4ccccc4)[C@H]3N=[N+]=[N-])[C@H](OCc3ccccc3)[C@H]2OC(=O)c2ccccc2)cc1
243,242,N(=[N+]=[N-])[C@@H]1[C@@H](OCC2=CC=CC=C2)[C@H](OC(=O)C)[C@@H](COCC3=CC=CC=C3)O[C@@H]1SCCCCCCCC,N(=[N+]=[N-])[C@@H]1[C@@H](OCC2=CC=CC=C2)[C@H](OC(=O)C)[C@@H](COCC3=CC=CC=C3)O[C@@H]1SCCCCCCCC,True,True,False,0,,CCCCCCCCS[C@H]1O[C@H](COCc2ccccc2)[C@@H](OC(C)=O)[C@H](OCc2ccccc2)[C@H]1N=[N+]=[N-]
244,243,O([C@H]1[C@H](OCC2=CC=CC=C2)[C@@H](OC(CCl)=O)[C@H](OCCCC=C)O[C@@H]1C(OC)=O)[C@@H]3[C@H](N=[N+]=[N-])[C@@H](OCC4=CC=CC=C4)[C@H](OC(=O)C)[C@@H](COC(C)=O)O3,O([C@H]1[C@H](OCC2=CC=CC=C2)[C@@H](OC(CCl)=O)[C@H](OCCCC=C)O[C@@H]1C(OC)=O)[C@@H]3[C@H](N=[N+]=[N-])[C@@H](OCC4=CC=CC=C4)[C@H](OC(=O)C)[C@@H](COC(C)=O)O3,True,True,False,0,,C=CCCCO[C@@H]1O[C@H](C(=O)OC)[C@@H](O[C@H]2O[C@H](COC(C)=O)[C@@H](OC(C)=O)[C@H](OCc3ccccc3)[C@H]2N=[N+]=[N-])[C@H](OCc2ccccc2)[C@H]1OC(=O)CCl
245,244,O([C@H]1[C@H](OCC2=CC=CC=C2)[C@@H](OC(CCl)=O)[C@H](OCCCC=C)O[C@@H]1C(OC)=O)[C@@H]3[C@H](N=[N+]=[N-])[C@@H](OCC4=CC=CC=C4)[C@H](OC(=O)C)[C@@H](COC(C)=O)O3,O([C@H]1[C@H](OCC2=CC=CC=C2)[C@@H](OC(CCl)=O)[C@H](OCCCC=C)O[C@@H]1C(OC)=O)[C@@H]3[C@H](N=[N+]=[N-])[C@@H](OCC4=CC=CC=C4)[C@H](OC(=O)C)[C@@H](COC(C)=O)O3,True,True,False,0,,C=CCCCO[C@@H]1O[C@H](C(=O)OC)[C@@H](O[C@H]2O[C@H](COC(C)=O)[C@@H](OC(C)=O)[C@H](OCc3ccccc3)[C@H]2N=[N+]=[N-])[C@H](OCc2ccccc2)[C@H]1OC(=O)CCl
246,245,O([C@H]1[C@H](OCC2=CC=CC=C2)[C@@H](OC(=O)C3=CC=CC=C3)[C@H](OC4=CC=C(OC)C=C4)O[C@@H]1COC(CCl)=O)[C@@H]5[C@H](N=[N+]=[N-])[C@@H](OCC6=CC=CC=C6)[C@H](OC(=O)C)[C@@H](COC(C)=O)O5,O([C@H]1[C@H](OCC2=CC=CC=C2)[C@@H](OC(=O)C3=CC=CC=C3)[C@H](OC4=CC=C(OC)C=C4)O[C@@H]1COC(CCl)=O)[C@@H]5[C@H](N=[N+]=[N-])[C@@H](OCC6=CC=CC=C6)[C@H](OC(=O)C)[C@@H](COC(C)=O)O5,True,True,False,0,,COc1ccc(O[C@@H]2O[C@H](COC(=O)CCl)[C@@H](O[C@H]3O[C@H](COC(C)=O)[C@@H](OC(C)=O)[C@H](OCc4ccccc4)[C@H]3N=[N+]=[N-])[C@H](OCc3ccccc3)[C@H]2OC(=O)c2ccccc2)cc1
247,246,O([C@H]1[C@H](OCC2=CC=CC=C2)[C@@H](OC(=O)C3=CC=CC=C3)[C@H](OC4=CC=C(OC)C=C4)O[C@@H]1COC(CCl)=O)[C@@H]5[C@H](N=[N+]=[N-])[C@@H](OCC6=CC=CC=C6)[C@H](OC(=O)C)[C@@H](COC(C)=O)O5,O([C@H]1[C@H](OCC2=CC=CC=C2)[C@@H](OC(=O)C3=CC=CC=C3)[C@H](OC4=CC=C(OC)C=C4)O[C@@H]1COC(CCl)=O)[C@@H]5[C@H](N=[N+]=[N-])[C@@H](OCC6=CC=CC=C6)[C@H](OC(=O)C)[C@@H](COC(C)=O)O5,True,True,False,0,,COc1ccc(O[C@@H]2O[C@H](COC(=O)CCl)[C@@H](O[C@H]3O[C@H](COC(C)=O)[C@@H](OC(C)=O)[C@H](OCc4ccccc4)[C@H]3N=[N+]=[N-])[C@H](OCc3ccccc3)[C@H]2OC(=O)c2ccccc2)cc1
248,247,O([C@H]1[C@H](OCC2=CC=CC=C2)[C@@H](OC(CCC(C)=O)=O)[C@H](OCCCC=C)O[C@@H]1C(OC)=O)[C@@H]3[C@H](N=[N+]=[N-])[C@@H](OCC4=CC=CC=C4)[C@H](OC(=O)C)[C@@H](COC(C)=O)O3,O([C@H]1[C@H](OCC2=CC=CC=C2)[C@@H](OC(CCC(C)=O)=O)[C@H](OCCCC=C)O[C@@H]1C(OC)=O)[C@@H]3[C@H](N=[N+]=[N-])[C@@H](OCC4=CC=CC=C4)[C@H](OC(=O)C)[C@@H](COC(C)=O)O3,True,True,False,0,,C=CCCCO[C@@H]1O[C@H](C(=O)OC)[C@@H](O[C@H]2O[C@H](COC(C)=O)[C@@H](OC(C)=O)[C@H](OCc3ccccc3)[C@H]2N=[N+]=[N-])[C@H](OCc2ccccc2)[C@H]1OC(=O)CCC(C)=O
249,248,O([C@H]1[C@H](OCC2=CC=CC=C2)[C@@H](OC(CCC(C)=O)=O)[C@H](OCCCC=C)O[C@@H]1C(OC)=O)[C@@H]3[C@H](N=[N+]=[N-])[C@@H](OCC4=CC=CC=C4)[C@H](OC(=O)C)[C@@H](COC(C)=O)O3,O([C@H]1[C@H](OCC2=CC=CC=C2)[C@@H](OC(CCC(C)=O)=O)[C@H](OCCCC=C)O[C@@H]1C(OC)=O)[C@@H]3[C@H](N=[N+]=[N-])[C@@H](OCC4=CC=CC=C4)[C@H](OC(=O)C)[C@@H](COC(C)=O)O3,True,True,False,0,,C=CCCCO[C@@H]1O[C@H](C(=O)OC)[C@@H](O[C@H]2O[C@H](COC(C)=O)[C@@H](OC(C)=O)[C@H](OCc3ccccc3)[C@H]2N=[N+]=[N-])[C@H](OCc2ccccc2)[C@H]1OC(=O)CCC(C)=O
250,249,O([C@H]1[C@H](OCC2=CC=C(OC)C=C2)[C@H](OCC3=CC=CC=C3)[C@H](OCC4=CC=CC=C4)[C@@H](OCC5=CC=CC=C5)[C@@H]1OCC6=CC=CC=C6)[C@@H]7[C@H](N=[N+]=[N-])[C@@H](OCC8=CC=CC=C8)[C@H](OC(=O)C)[C@@H](COCC9=CC=CC=C9)O7,O([C@H]1[C@H](OCC2=CC=C(OC)C=C2)[C@H](OCC3=CC=CC=C3)[C@H](OCC4=CC=CC=C4)[C@@H](OCC5=CC=CC=C5)[C@@H]1OCC6=CC=CC=C6)[C@@H]7[C@H](N=[N+]=[N-])[C@@H](OCC8=CC=CC=C8)[C@H](OC(=O)C)[C@@H](COCC9=CC=CC=C9)O7,True,True,False,0,,COc1ccc(CO[C@@H]2[C@H](OCc3ccccc3)[C@H](OCc3ccccc3)[C@@H](OCc3ccccc3)[C@H](OCc3ccccc3)[C@H]2O[C@H]2O[C@H](COCc3ccccc3)[C@@H](OC(C)=O)[C@H](OCc3ccccc3)[C@H]2N=[N+]=[N-])cc1
251,250,O([C@@H]1[C@@H](OCC2=CC=CC=C2)[C@H](OCC3=CC=CC=C3)[C@@H](OCC4=CC=CC=C4)[C@@H](OCC5=CC=CC=C5)[C@H]1OCC=C)[C@@H]6[C@H](N=[N+]=[N-])[C@@H](OCC7=CC=CC=C7)[C@H](OC(=O)C)[C@@H](COCC8=CC=CC=C8)O6,O([C@@H]1[C@@H](OCC2=CC=CC=C2)[C@H](OCC3=CC=CC=C3)[C@@H](OCC4=CC=CC=C4)[C@@H](OCC5=CC=CC=C5)[C@H]1OCC=C)[C@@H]6[C@H](N=[N+]=[N-])[C@@H](OCC7=CC=CC=C7)[C@H](OC(=O)C)[C@@H](COCC8=CC=CC=C8)O6,True,True,False,0,,C=CCO[C@@H]1[C@H](OCc2ccccc2)[C@H](OCc2ccccc2)[C@@H](OCc2ccccc2)[C@H](OCc2ccccc2)[C@H]1O[C@H]1O[C@H](COCc2ccccc2)[C@@H](OC(C)=O)[C@H](OCc2ccccc2)[C@H]1N=[N+]=[N-]
252,251,O([C@H]1[C@H](OCC2=CC=CC=C2)[C@@H](OC(CCC(C)=O)=O)[C@H](OCCCC=C)O[C@@H]1C(OC)=O)[C@@H]3[C@H](N=[N+]=[N-])[C@@H](OCC4=CC=CC=C4)[C@H](OC(=O)C)[C@@H](COC(C)=O)O3,O([C@H]1[C@H](OCC2=CC=CC=C2)[C@@H](OC(CCC(C)=O)=O)[C@H](OCCCC=C)O[C@@H]1C(OC)=O)[C@@H]3[C@H](N=[N+]=[N-])[C@@H](OCC4=CC=CC=C4)[C@H](OC(=O)C)[C@@H](COC(C)=O)O3,True,True,False,0,,C=CCCCO[C@@H]1O[C@H](C(=O)OC)[C@@H](O[C@H]2O[C@H](COC(C)=O)[C@@H](OC(C)=O)[C@H](OCc3ccccc3)[C@H]2N=[N+]=[N-])[C@H](OCc2ccccc2)[C@H]1OC(=O)CCC(C)=O
253,252,O([C@@H]1[C@@H](OCC2=CC=CC=C2)[C@H](OCC3=CC=CC=C3)[C@@H](OCC4=CC=CC=C4)[C@@H](OCC5=CC=CC=C5)[C@H]1OCC=C)[C@@H]6[C@H](N=[N+]=[N-])[C@@H](OCC7=CC=CC=C7)[C@H](OC(=O)C)[C@@H](COCC8=CC=CC=C8)O6,O([C@@H]1[C@@H](OCC2=CC=CC=C2)[C@H](OCC3=CC=CC=C3)[C@@H](OCC4=CC=CC=C4)[C@@H](OCC5=CC=CC=C5)[C@H]1OCC=C)[C@@H]6[C@H](N=[N+]=[N-])[C@@H](OCC7=CC=CC=C7)[C@H](OC(=O)C)[C@@H](COCC8=CC=CC=C8)O6,True,True,False,0,,C=CCO[C@@H]1[C@H](OCc2ccccc2)[C@H](OCc2ccccc2)[C@@H](OCc2ccccc2)[C@H](OCc2ccccc2)[C@H]1O[C@H]1O[C@H](COCc2ccccc2)[C@@H](OC(C)=O)[C@H](OCc2ccccc2)[C@H]1N=[N+]=[N-]
254,253,O([C@H]1[C@H](OCC2=CC=CC=C2)[C@@H](OC(=O)C3=CC=CC=C3)[C@H](O[C@H]4[C@H](OCC5=CC=CC=C5)[C@@H](N=[N+]=[N-])[C@@H](O[C@H]6[C@H](OCC7=CC=CC=C7)[C@@H](OC(=O)C8=CC=CC=C8)[C@H](OC9=CC=C(OC)C=C9)O[C@H]6COC(CCl)=O)O[C@@H]4COC(C)=O)O[C@H]1COC(CCl)=O)[C@@H]%10[C@H](N=[N+]=[N-])[C@@H](OCC%11=CC=CC=C%11)[C@H](OC(=O)C)[C@@H](COC(C)=O)O%10,O([C@H]1[C@H](OCC2=CC=CC=C2)[C@@H](OC(=O)C3=CC=CC=C3)[C@H](O[C@H]4[C@H](OCC5=CC=CC=C5)[C@@H](N=[N+]=[N-])[C@@H](O[C@H]6[C@H](OCC7=CC=CC=C7)[C@@H](OC(=O)C8=CC=CC=C8)[C@H](OC9=CC=C(OC)C=C9)O[C@H]6COC(CCl)=O)O[C@@H]4COC(C)=O)O[C@H]1COC(CCl)=O)[C@@H]%10[C@H](N=[N+]=[N-])[C@@H](OCC%11=CC=CC=C%11)[C@H](OC(=O)C)[C@@H](COC(C)=O)O%10,True,True,False,0,,COc1ccc(O[C@@H]2O[C@@H](COC(=O)CCl)[C@@H](O[C@H]3O[C@H](COC(C)=O)[C@@H](O[C@@H]4O[C@@H](COC(=O)CCl)[C@@H](O[C@H]5O[C@H](COC(C)=O)[C@@H](OC(C)=O)[C@H](OCc6ccccc6)[C@H]5N=[N+]=[N-])[C@H](OCc5ccccc5)[C@H]4OC(=O)c4ccccc4)[C@H](OCc4ccccc4)[C@H]3N=[N+]=[N-])[C@H](OCc3ccccc3)[C@H]2OC(=O)c2ccccc2)cc1
255,254,O([C@@H]1[C@@H](OCC2=CC=CC=C2)[C@H](O[C@H]3[C@H](OCC4=CC=CC=C4)[C@@H](OCC5=CC=CC=C5)[C@H](OCC[Si](C)(C)C)O[C@@H]3COCC6=CC=CC=C6)O[C@H](COCC7=CC=CC=C7)[C@@H]1OCC8=CC=CC=C8)[C@H]9[C@H](NC(C)=O)[C@@H](OCC%10=CC=CC=C%10)[C@H](OC(=O)C)[C@@H](COC%11=CC=C(OC)C=C%11)O9,O([C@@H]1[C@@H](OCC2=CC=CC=C2)[C@H](O[C@H]3[C@H](OCC4=CC=CC=C4)[C@@H](OCC5=CC=CC=C5)[C@H](OCC[Si](C)(C)C)O[C@@H]3COCC6=CC=CC=C6)O[C@H](COCC7=CC=CC=C7)[C@@H]1OCC8=CC=CC=C8)[C@H]9[C@H](NC(C)=O)[C@@H](OCC%10=CC=CC=C%10)[C@H](OC(=O)C)[C@@H](COC%11=CC=C(OC)C=C%11)O9,True,True,False,0,,COc1ccc(OC[C@H]2O[C@@H](O[C@H]3[C@@H](OCc4ccccc4)[C@@H](COCc4ccccc4)O[C@@H](O[C@H]4[C@H](OCc5ccccc5)[C@@H](OCc5ccccc5)[C@H](OCC[Si](C)(C)C)O[C@@H]4COCc4ccccc4)[C@@H]3OCc3ccccc3)[C@H](NC(C)=O)[C@@H](OCc3ccccc3)[C@@H]2OC(C)=O)cc1
256,255,O([C@H]1[C@@H](O[C@H]2[C@H](NC(C)=O)[C@@H](O[C@H]3[C@H](OC(=O)C4=CC=CC=C4)[C@@H](OCC5=CC=CC=C5)[C@@H](OCC6=CC=CC=C6)[C@@H](COCC7=CC=CC=C7)O3)[C@@H](OC(C)=O)[C@@H](COC(C)=O)O2)[C@@H](COCC8=CC=CC=C8)O[C@@H](O[C@H]9[C@H](OCC%10=CC=CC=C%10)[C@@H](OCC%11=CC=CC=C%11)[C@H](OCC[Si](C)(C)C)O[C@@H]9COCC%12=CC=CC=C%12)[C@@H]1OCC%13=CC=CC=C%13)[C@H]%14[C@H](NC(C)=O)[C@@H](OCC%15=CC=CC=C%15)[C@H](OC(=O)C)[C@@H](COCC%16=CC=CC=C%16)O%14,O([C@H]1[C@@H](O[C@H]2[C@H](NC(C)=O)[C@@H](O[C@H]3[C@H](OC(=O)C4=CC=CC=C4)[C@@H](OCC5=CC=CC=C5)[C@@H](OCC6=CC=CC=C6)[C@@H](COCC7=CC=CC=C7)O3)[C@@H](OC(C)=O)[C@@H](COC(C)=O)O2)[C@@H](COCC8=CC=CC=C8)O[C@@H](O[C@H]9[C@H](OCC%10=CC=CC=C%10)[C@@H](OCC%11=CC=CC=C%11)[C@H](OCC[Si](C)(C)C)O[C@@H]9COCC%12=CC=CC=C%12)[C@@H]1OCC%13=CC=CC=C%13)[C@H]%14[C@H](NC(C)=O)[C@@H](OCC%15=CC=CC=C%15)[C@H](OC(=O)C)[C@@H](COCC%16=CC=CC=C%16)O%14,True,True,False,0,,CC(=O)N[C@H]1[C@H](O[C@@H]2[C@H](O[C@@H]3O[C@H](COCc4ccccc4)[C@@H](OC(C)=O)[C@H](OCc4ccccc4)[C@H]3NC(C)=O)[C@@H](OCc3ccccc3)[C@H](O[C@H]3[C@H](OCc4ccccc4)[C@@H](OCc4ccccc4)[C@H](OCC[Si](C)(C)C)O[C@@H]3COCc3ccccc3)O[C@@H]2COCc2ccccc2)O[C@H](COC(C)=O)[C@H](OC(C)=O)[C@@H]1O[C@@H]1O[C@H](COCc2ccccc2)[C@H](OCc2ccccc2)[C@H](OCc2ccccc2)[C@H]1OC(=O)c1ccccc1
257,256,N(=[N+]=[N-])[C@@H]1[C@@H](OCC2=CC=CC=C2)[C@H](OC(=O)C)[C@@H](COCC3=CC=CC=C3)O[C@H]1OCCCCCCC=C,N(=[N+]=[N-])[C@@H]1[C@@H](OCC2=CC=CC=C2)[C@H](OC(=O)C)[C@@H](COCC3=CC=CC=C3)O[C@H]1OCCCCCCC=C,True,True,False,0,,C=CCCCCCCO[C@@H]1O[C@H](COCc2ccccc2)[C@@H](OC(C)=O)[C@H](OCc2ccccc2)[C@H]1N=[N+]=[N-]
258,257,[Si](O[C@H]1[C@H](N=[N+]=[N-])[C@@H](OCC2=CC=C(OC)C=C2)[C@H](OC(=O)C)[C@@H](COCC3=CC=C(OC)C=C3)O1)(C(C)(C)C)(C4=CC=CC=C4)C5=CC=CC=C5,[Si](O[C@H]1[C@H](N=[N+]=[N-])[C@@H](OCC2=CC=C(OC)C=C2)[C@H](OC(=O)C)[C@@H](COCC3=CC=C(OC)C=C3)O1)(C(C)(C)C)(C4=CC=CC=C4)C5=CC=CC=C5,True,True,False,0,,COc1ccc(COC[C@H]2O[C@@H](O[Si](c3ccccc3)(c3ccccc3)C(C)(C)C)[C@H](N=[N+]=[N-])[C@@H](OCc3ccc(OC)cc3)[C@@H]2OC(C)=O)cc1
259,258,[Si](O[C@H]1[C@H](N=[N+]=[N-])[C@@H](OCC2=CC=C(OC)C=C2)[C@H](OC(=O)C)[C@@H](COCC3=CC=C(OC)C=C3)O1)(C(C)(C)C)(C4=CC=CC=C4)C5=CC=CC=C5,[Si](O[C@H]1[C@H](N=[N+]=[N-])[C@@H](OCC2=CC=C(OC)C=C2)[C@H](OC(=O)C)[C@@H](COCC3=CC=C(OC)C=C3)O1)(C(C)(C)C)(C4=CC=CC=C4)C5=CC=CC=C5,True,True,False,0,,COc1ccc(COC[C@H]2O[C@@H](O[Si](c3ccccc3)(c3ccccc3)C(C)(C)C)[C@H](N=[N+]=[N-])[C@@H](OCc3ccc(OC)cc3)[C@@H]2OC(C)=O)cc1
260,259,[Si](O[C@H]1[C@H](N=[N+]=[N-])[C@@H](OCC2=CC=C(OC)C=C2)[C@H](OC(=O)C)[C@@H](COC3=CC=C(OC)C=C3)O1)(C(C)(C)C)(C4=CC=CC=C4)C5=CC=CC=C5,[Si](O[C@H]1[C@H](N=[N+]=[N-])[C@@H](OCC2=CC=C(OC)C=C2)[C@H](OC(=O)C)[C@@H](COC3=CC=C(OC)C=C3)O1)(C(C)(C)C)(C4=CC=CC=C4)C5=CC=CC=C5,True,True,False,0,,COc1ccc(CO[C@@H]2[C@@H](N=[N+]=[N-])[C@H](O[Si](c3ccccc3)(c3ccccc3)C(C)(C)C)O[C@H](COc3ccc(OC)cc3)[C@H]2OC(C)=O)cc1
261,260,[Si](O[C@H]1[C@H](N=[N+]=[N-])[C@@H](OCC2=CC=C(OC)C=C2)[C@H](OC(=O)C)[C@@H](COC3=CC=C(OC)C=C3)O1)(C(C)(C)C)(C4=CC=CC=C4)C5=CC=CC=C5,[Si](O[C@H]1[C@H](N=[N+]=[N-])[C@@H](OCC2=CC=C(OC)C=C2)[C@H](OC(=O)C)[C@@H](COC3=CC=C(OC)C=C3)O1)(C(C)(C)C)(C4=CC=CC=C4)C5=CC=CC=C5,True,True,False,0,,COc1ccc(CO[C@@H]2[C@@H](N=[N+]=[N-])[C@H](O[Si](c3ccccc3)(c3ccccc3)C(C)(C)C)O[C@H](COc3ccc(OC)cc3)[C@H]2OC(C)=O)cc1
262,261,[Si](O[C@H]1[C@H](N=[N+]=[N-])[C@@H](OC(=O)C2=CC=CC=C2)[C@H](OC(=O)C)[C@@H](COCC3=CC=C(OC)C=C3)O1)(C(C)(C)C)(C4=CC=CC=C4)C5=CC=CC=C5,[Si](O[C@H]1[C@H](N=[N+]=[N-])[C@@H](OC(=O)C2=CC=CC=C2)[C@H](OC(=O)C)[C@@H](COCC3=CC=C(OC)C=C3)O1)(C(C)(C)C)(C4=CC=CC=C4)C5=CC=CC=C5,True,True,False,0,,COc1ccc(COC[C@H]2O[C@@H](O[Si](c3ccccc3)(c3ccccc3)C(C)(C)C)[C@H](N=[N+]=[N-])[C@@H](OC(=O)c3ccccc3)[C@@H]2OC(C)=O)cc1
263,262,[Si](O[C@H]1[C@H](N=[N+]=[N-])[C@@H](OC(=O)C2=CC=CC=C2)[C@H](OC(=O)C)[C@@H](COCC3=CC=C(OC)C=C3)O1)(C(C)(C)C)(C4=CC=CC=C4)C5=CC=CC=C5,[Si](O[C@H]1[C@H](N=[N+]=[N-])[C@@H](OC(=O)C2=CC=CC=C2)[C@H](OC(=O)C)[C@@H](COCC3=CC=C(OC)C=C3)O1)(C(C)(C)C)(C4=CC=CC=C4)C5=CC=CC=C5,True,True,False,0,,COc1ccc(COC[C@H]2O[C@@H](O[Si](c3ccccc3)(c3ccccc3)C(C)(C)C)[C@H](N=[N+]=[N-])[C@@H](OC(=O)c3ccccc3)[C@@H]2OC(C)=O)cc1
264,263,[Si](O[C@H]1[C@H](N=[N+]=[N-])[C@@H](OC(=O)C2=CC=CC=C2)[C@H](OC(=O)C)[C@@H](COC3=CC=C(OC)C=C3)O1)(C(C)(C)C)(C4=CC=CC=C4)C5=CC=CC=C5,[Si](O[C@H]1[C@H](N=[N+]=[N-])[C@@H](OC(=O)C2=CC=CC=C2)[C@H](OC(=O)C)[C@@H](COC3=CC=C(OC)C=C3)O1)(C(C)(C)C)(C4=CC=CC=C4)C5=CC=CC=C5,True,True,False,0,,COc1ccc(OC[C@H]2O[C@@H](O[Si](c3ccccc3)(c3ccccc3)C(C)(C)C)[C@H](N=[N+]=[N-])[C@@H](OC(=O)c3ccccc3)[C@@H]2OC(C)=O)cc1
265,264,[Si](O[C@H]1[C@H](N=[N+]=[N-])[C@@H](OC(=O)C2=CC=CC=C2)[C@H](OC(=O)C)[C@@H](COC3=CC=C(OC)C=C3)O1)(C(C)(C)C)(C4=CC=CC=C4)C5=CC=CC=C5,[Si](O[C@H]1[C@H](N=[N+]=[N-])[C@@H](OC(=O)C2=CC=CC=C2)[C@H](OC(=O)C)[C@@H](COC3=CC=C(OC)C=C3)O1)(C(C)(C)C)(C4=CC=CC=C4)C5=CC=CC=C5,True,True,False,0,,COc1ccc(OC[C@H]2O[C@@H](O[Si](c3ccccc3)(c3ccccc3)C(C)(C)C)[C@H](N=[N+]=[N-])[C@@H](OC(=O)c3ccccc3)[C@@H]2OC(C)=O)cc1
266,265,[Si](O[C@H]1[C@H](N=[N+]=[N-])[C@@H](OCC2=CC=C(OC)C=C2)[C@H](OC(=O)C)[C@@H](COCC3=CC=C(OC)C=C3)O1)(C(C)(C)C)(C4=CC=CC=C4)C5=CC=CC=C5,[Si](O[C@H]1[C@H](N=[N+]=[N-])[C@@H](OCC2=CC=C(OC)C=C2)[C@H](OC(=O)C)[C@@H](COCC3=CC=C(OC)C=C3)O1)(C(C)(C)C)(C4=CC=CC=C4)C5=CC=CC=C5,True,True,False,0,,COc1ccc(COC[C@H]2O[C@@H](O[Si](c3ccccc3)(c3ccccc3)C(C)(C)C)[C@H](N=[N+]=[N-])[C@@H](OCc3ccc(OC)cc3)[C@@H]2OC(C)=O)cc1
267,266,[Si](O[C@H]1[C@H](N=[N+]=[N-])[C@@H](OCC2=CC=C(OC)C=C2)[C@H](OC(=O)C)[C@@H](COCC3=CC=C(OC)C=C3)O1)(C(C)(C)C)(C4=CC=CC=C4)C5=CC=CC=C5,[Si](O[C@H]1[C@H](N=[N+]=[N-])[C@@H](OCC2=CC=C(OC)C=C2)[C@H](OC(=O)C)[C@@H](COCC3=CC=C(OC)C=C3)O1)(C(C)(C)C)(C4=CC=CC=C4)C5=CC=CC=C5,True,True,False,0,,COc1ccc(COC[C@H]2O[C@@H](O[Si](c3ccccc3)(c3ccccc3)C(C)(C)C)[C@H](N=[N+]=[N-])[C@@H](OCc3ccc(OC)cc3)[C@@H]2OC(C)=O)cc1
268,267,[Si](O[C@H]1[C@H](N=[N+]=[N-])[C@@H](OCC2=CC=C(OC)C=C2)[C@H](OC(=O)C)[C@@H](COCC3=CC=C(OC)C=C3)O1)(C(C)(C)C)(C4=CC=CC=C4)C5=CC=CC=C5,[Si](O[C@H]1[C@H](N=[N+]=[N-])[C@@H](OCC2=CC=C(OC)C=C2)[C@H](OC(=O)C)[C@@H](COCC3=CC=C(OC)C=C3)O1)(C(C)(C)C)(C4=CC=CC=C4)C5=CC=CC=C5,True,True,False,0,,COc1ccc(COC[C@H]2O[C@@H](O[Si](c3ccccc3)(c3ccccc3)C(C)(C)C)[C@H](N=[N+]=[N-])[C@@H](OCc3ccc(OC)cc3)[C@@H]2OC(C)=O)cc1
269,268,[Si](O[C@H]1[C@H](N=[N+]=[N-])[C@@H](OC(=O)C2=CC=CC=C2)[C@H](OC(=O)C)[C@@H](COCC3=CC=C(OC)C=C3)O1)(C(C)(C)C)(C4=CC=CC=C4)C5=CC=CC=C5,[Si](O[C@H]1[C@H](N=[N+]=[N-])[C@@H](OC(=O)C2=CC=CC=C2)[C@H](OC(=O)C)[C@@H](COCC3=CC=C(OC)C=C3)O1)(C(C)(C)C)(C4=CC=CC=C4)C5=CC=CC=C5,True,True,False,0,,COc1ccc(COC[C@H]2O[C@@H](O[Si](c3ccccc3)(c3ccccc3)C(C)(C)C)[C@H](N=[N+]=[N-])[C@@H](OC(=O)c3ccccc3)[C@@H]2OC(C)=O)cc1
270,269,[Si](O[C@H]1[C@H](N=[N+]=[N-])[C@@H](OC(=O)C2=CC=CC=C2)[C@H](OC(=O)C)[C@@H](COCC3=CC=C(OC)C=C3)O1)(C(C)(C)C)(C4=CC=CC=C4)C5=CC=CC=C5,[Si](O[C@H]1[C@H](N=[N+]=[N-])[C@@H](OC(=O)C2=CC=CC=C2)[C@H](OC(=O)C)[C@@H](COCC3=CC=C(OC)C=C3)O1)(C(C)(C)C)(C4=CC=CC=C4)C5=CC=CC=C5,True,True,False,0,,COc1ccc(COC[C@H]2O[C@@H](O[Si](c3ccccc3)(c3ccccc3)C(C)(C)C)[C@H](N=[N+]=[N-])[C@@H](OC(=O)c3ccccc3)[C@@H]2OC(C)=O)cc1
271,270,[Si](O[C@H]1[C@H](N=[N+]=[N-])[C@@H](OC(=O)C2=CC=CC=C2)[C@H](OC(=O)C)[C@@H](COC3=CC=C(OC)C=C3)O1)(C(C)(C)C)(C4=CC=CC=C4)C5=CC=CC=C5,[Si](O[C@H]1[C@H](N=[N+]=[N-])[C@@H](OC(=O)C2=CC=CC=C2)[C@H](OC(=O)C)[C@@H](COC3=CC=C(OC)C=C3)O1)(C(C)(C)C)(C4=CC=CC=C4)C5=CC=CC=C5,True,True,False,0,,COc1ccc(OC[C@H]2O[C@@H](O[Si](c3ccccc3)(c3ccccc3)C(C)(C)C)[C@H](N=[N+]=[N-])[C@@H](OC(=O)c3ccccc3)[C@@H]2OC(C)=O)cc1
272,271,[Si](O[C@H]1[C@H](N=[N+]=[N-])[C@@H](OC(=O)C2=CC=CC=C2)[C@H](OC(=O)C)[C@@H](COC3=CC=C(OC)C=C3)O1)(C(C)(C)C)(C4=CC=CC=C4)C5=CC=CC=C5,[Si](O[C@H]1[C@H](N=[N+]=[N-])[C@@H](OC(=O)C2=CC=CC=C2)[C@H](OC(=O)C)[C@@H](COC3=CC=C(OC)C=C3)O1)(C(C)(C)C)(C4=CC=CC=C4)C5=CC=CC=C5,True,True,False,0,,COc1ccc(OC[C@H]2O[C@@H](O[Si](c3ccccc3)(c3ccccc3)C(C)(C)C)[C@H](N=[N+]=[N-])[C@@H](OC(=O)c3ccccc3)[C@@H]2OC(C)=O)cc1
273,272,[Si](O[C@H]1[C@H](N=[N+]=[N-])[C@@H](OCC2=CC=C(OC)C=C2)[C@H](OC(=O)C)[C@@H](COC3=CC=C(OC)C=C3)O1)(C(C)(C)C)(C4=CC=CC=C4)C5=CC=CC=C5,[Si](O[C@H]1[C@H](N=[N+]=[N-])[C@@H](OCC2=CC=C(OC)C=C2)[C@H](OC(=O)C)[C@@H](COC3=CC=C(OC)C=C3)O1)(C(C)(C)C)(C4=CC=CC=C4)C5=CC=CC=C5,True,True,False,0,,COc1ccc(CO[C@@H]2[C@@H](N=[N+]=[N-])[C@H](O[Si](c3ccccc3)(c3ccccc3)C(C)(C)C)O[C@H](COc3ccc(OC)cc3)[C@H]2OC(C)=O)cc1
274,273,[Si](O[C@H]1[C@H](N=[N+]=[N-])[C@@H](OCC2=CC=C(OC)C=C2)[C@H](OC(=O)C)[C@@H](COC3=CC=C(OC)C=C3)O1)(C(C)(C)C)(C4=CC=CC=C4)C5=CC=CC=C5,[Si](O[C@H]1[C@H](N=[N+]=[N-])[C@@H](OCC2=CC=C(OC)C=C2)[C@H](OC(=O)C)[C@@H](COC3=CC=C(OC)C=C3)O1)(C(C)(C)C)(C4=CC=CC=C4)C5=CC=CC=C5,True,True,False,0,,COc1ccc(CO[C@@H]2[C@@H](N=[N+]=[N-])[C@H](O[Si](c3ccccc3)(c3ccccc3)C(C)(C)C)O[C@H](COc3ccc(OC)cc3)[C@H]2OC(C)=O)cc1
275,274,[Si](O[C@H]1[C@H](N=[N+]=[N-])[C@@H](OCC2=CC=C(OC)C=C2)[C@H](OC(=O)C)[C@@H](COC3=CC=C(OC)C=C3)O1)(C(C)(C)C)(C4=CC=CC=C4)C5=CC=CC=C5,[Si](O[C@H]1[C@H](N=[N+]=[N-])[C@@H](OCC2=CC=C(OC)C=C2)[C@H](OC(=O)C)[C@@H](COC3=CC=C(OC)C=C3)O1)(C(C)(C)C)(C4=CC=CC=C4)C5=CC=CC=C5,True,True,False,0,,COc1ccc(CO[C@@H]2[C@@H](N=[N+]=[N-])[C@H](O[Si](c3ccccc3)(c3ccccc3)C(C)(C)C)O[C@H](COc3ccc(OC)cc3)[C@H]2OC(C)=O)cc1
276,275,[Si](O[C@H]1[C@H](N=[N+]=[N-])[C@@H](OCC2=CC=C(OC)C=C2)[C@H](OC(=O)C)[C@@H](COC3=CC=C(OC)C=C3)O1)(C(C)(C)C)(C4=CC=CC=C4)C5=CC=CC=C5,[Si](O[C@H]1[C@H](N=[N+]=[N-])[C@@H](OCC2=CC=C(OC)C=C2)[C@H](OC(=O)C)[C@@H](COC3=CC=C(OC)C=C3)O1)(C(C)(C)C)(C4=CC=CC=C4)C5=CC=CC=C5,True,True,False,0,,COc1ccc(CO[C@@H]2[C@@H](N=[N+]=[N-])[C@H](O[Si](c3ccccc3)(c3ccccc3)C(C)(C)C)O[C@H](COc3ccc(OC)cc3)[C@H]2OC(C)=O)cc1
277,276,[Si](O[C@H]1[C@H](N=[N+]=[N-])[C@@H](OC(=O)C2=CC=CC=C2)[C@H](OC(=O)C)[C@@H](COC3=CC=C(OC)C=C3)O1)(C(C)(C)C)(C4=CC=CC=C4)C5=CC=CC=C5,[Si](O[C@H]1[C@H](N=[N+]=[N-])[C@@H](OC(=O)C2=CC=CC=C2)[C@H](OC(=O)C)[C@@H](COC3=CC=C(OC)C=C3)O1)(C(C)(C)C)(C4=CC=CC=C4)C5=CC=CC=C5,True,True,False,0,,COc1ccc(OC[C@H]2O[C@@H](O[Si](c3ccccc3)(c3ccccc3)C(C)(C)C)[C@H](N=[N+]=[N-])[C@@H](OC(=O)c3ccccc3)[C@@H]2OC(C)=O)cc1
278,277,[Si](O[C@H]1[C@H](N=[N+]=[N-])[C@@H](OC(=O)C2=CC=CC=C2)[C@H](OC(=O)C)[C@@H](COC3=CC=C(OC)C=C3)O1)(C(C)(C)C)(C4=CC=CC=C4)C5=CC=CC=C5,[Si](O[C@H]1[C@H](N=[N+]=[N-])[C@@H](OC(=O)C2=CC=CC=C2)[C@H](OC(=O)C)[C@@H](COC3=CC=C(OC)C=C3)O1)(C(C)(C)C)(C4=CC=CC=C4)C5=CC=CC=C5,True,True,False,0,,COc1ccc(OC[C@H]2O[C@@H](O[Si](c3ccccc3)(c3ccccc3)C(C)(C)C)[C@H](N=[N+]=[N-])[C@@H](OC(=O)c3ccccc3)[C@@H]2OC(C)=O)cc1
279,278,O([C@H]1[C@H](OCC2=CC=CC=C2)[C@@H](OC(=O)C3=CC=CC=C3)[C@H](O[C@H]4[C@H](OCC5=CC=CC=C5)[C@@H](N=[N+]=[N-])[C@@H](OC)O[C@@H]4COC(=O)C6=CC=CC=C6)O[C@H]1COC(CCC(C)=O)=O)[C@@H]7[C@H](N=[N+]=[N-])[C@@H](OCC8=CC=CC=C8)[C@H](O[C@H]9[C@H](OC(=O)C%10=CC=CC=C%10)[C@@H](OCC%11=CC=CC=C%11)[C@H](O[C@@H]%12[C@H](N=[N+]=[N-])[C@@H](OCC%13=CC=CC=C%13)[C@H](OC(=O)C)[C@@H](COC(=O)C%14=CC=CC=C%14)O%12)[C@H](COC(CCC(C)=O)=O)O9)[C@@H](COC(=O)C%15=CC=CC=C%15)O7,O([C@H]1[C@H](OCC2=CC=CC=C2)[C@@H](OC(=O)C3=CC=CC=C3)[C@H](O[C@H]4[C@H](OCC5=CC=CC=C5)[C@@H](N=[N+]=[N-])[C@@H](OC)O[C@@H]4COC(=O)C6=CC=CC=C6)O[C@H]1COC(CCC(C)=O)=O)[C@@H]7[C@H](N=[N+]=[N-])[C@@H](OCC8=CC=CC=C8)[C@H](O[C@H]9[C@H](OC(=O)C%10=CC=CC=C%10)[C@@H](OCC%11=CC=CC=C%11)[C@H](O[C@@H]%12[C@H](N=[N+]=[N-])[C@@H](OCC%13=CC=CC=C%13)[C@H](OC(=O)C)[C@@H](COC(=O)C%14=CC=CC=C%14)O%12)[C@H](COC(CCC(C)=O)=O)O9)[C@@H](COC(=O)C%15=CC=CC=C%15)O7,True,True,False,0,,CO[C@H]1O[C@H](COC(=O)c2ccccc2)[C@@H](O[C@@H]2O[C@@H](COC(=O)CCC(C)=O)[C@@H](O[C@H]3O[C@H](COC(=O)c4ccccc4)[C@@H](O[C@@H]4O[C@@H](COC(=O)CCC(C)=O)[C@@H](O[C@H]5O[C@H](COC(=O)c6ccccc6)[C@@H](OC(C)=O)[C@H](OCc6ccccc6)[C@H]5N=[N+]=[N-])[C@H](OCc5ccccc5)[C@H]4OC(=O)c4ccccc4)[C@H](OCc4ccccc4)[C@H]3N=[N+]=[N-])[C@H](OCc3ccccc3)[C@H]2OC(=O)c2ccccc2)[C@H](OCc2ccccc2)[C@H]1N=[N+]=[N-]
280,279,O([C@H]1[C@H](OCC2=CC=CC=C2)[C@@H](OCC3=CC=CC=C3)[C@H](O[C@H]4[C@H](OCC5=CC=CC=C5)[C@@H](N=[N+]=[N-])[C@@H](O[C@H]6[C@H](OCC7=CC=CC=C7)[C@@H](OC(C(C)(C)C)=O)[C@H](OC(C)C)O[C@H]6C(OC)=O)O[C@@H]4COCC8=CC=CC=C8)O[C@H]1C(OC)=O)[C@@H]9[C@H](NC(C)=O)[C@@H](OCC%10=CC=CC=C%10)[C@H](OC(=O)C)[C@@H](COC(=O)C%11=CC=CC=C%11)O9,O([C@H]1[C@H](OCC2=CC=CC=C2)[C@@H](OCC3=CC=CC=C3)[C@H](O[C@H]4[C@H](OCC5=CC=CC=C5)[C@@H](N=[N+]=[N-])[C@@H](O[C@H]6[C@H](OCC7=CC=CC=C7)[C@@H](OC(C(C)(C)C)=O)[C@H](OC(C)C)O[C@H]6C(OC)=O)O[C@@H]4COCC8=CC=CC=C8)O[C@H]1C(OC)=O)[C@@H]9[C@H](NC(C)=O)[C@@H](OCC%10=CC=CC=C%10)[C@H](OC(=O)C)[C@@H](COC(=O)C%11=CC=CC=C%11)O9,True,True,False,0,,COC(=O)[C@@H]1O[C@@H](OC(C)C)[C@H](OC(=O)C(C)(C)C)[C@@H](OCc2ccccc2)[C@@H]1O[C@H]1O[C@H](COCc2ccccc2)[C@@H](O[C@@H]2O[C@@H](C(=O)OC)[C@@H](O[C@H]3O[C@H](COC(=O)c4ccccc4)[C@@H](OC(C)=O)[C@H](OCc4ccccc4)[C@H]3NC(C)=O)[C@H](OCc3ccccc3)[C@H]2OCc2ccccc2)[C@H](OCc2ccccc2)[C@H]1N=[N+]=[N-]
281,280,O([C@H]1[C@H](OCC2=CC=CC=C2)[C@@H](OC(C)=O)[C@H](OCC=C)O[C@H]1C(OC)=O)[C@@H]3[C@H](N=[N+]=[N-])[C@@H](OCC4=CC=CC=C4)[C@H](OC(=O)C)[C@@H](COC(C)=O)O3,O([C@H]1[C@H](OCC2=CC=CC=C2)[C@@H](OC(C)=O)[C@H](OCC=C)O[C@H]1C(OC)=O)[C@@H]3[C@H](N=[N+]=[N-])[C@@H](OCC4=CC=CC=C4)[C@H](OC(=O)C)[C@@H](COC(C)=O)O3,True,True,False,0,,C=CCO[C@@H]1O[C@@H](C(=O)OC)[C@@H](O[C@H]2O[C@H](COC(C)=O)[C@@H](OC(C)=O)[C@H](OCc3ccccc3)[C@H]2N=[N+]=[N-])[C@H](OCc2ccccc2)[C@H]1OC(C)=O
282,281,O(CC1=CC=CC=C1)[C@@H]2[C@H]([C@H](N=[N+]=[N-])O[C@H](COCC3=CC=CC=C3)[C@H]2O[C@H]4[C@@H]([C@@H](OCC5=CC=CC=C5)[C@H](OC(=O)C)[C@@H](COCC6=CC=CC=C6)O4)N7C(=O)C=8C(C7=O)=CC=CC8)N9C(=O)C=%10C(C9=O)=CC=CC%10,O(CC1=CC=CC=C1)[C@@H]2[C@H]([C@H](N=[N+]=[N-])O[C@H](COCC3=CC=CC=C3)[C@H]2O[C@H]4[C@@H]([C@@H](OCC5=CC=CC=C5)[C@H](OC(=O)C)[C@@H](COCC6=CC=CC=C6)O4)N7C(=O)C=8C(C7=O)=CC=CC8)N9C(=O)C=%10C(C9=O)=CC=CC%10,True,True,False,0,,CC(=O)O[C@H]1[C@H](OCc2ccccc2)[C@@H](N2C(=O)c3ccccc3C2=O)[C@H](O[C@H]2[C@H](OCc3ccccc3)[C@@H](N3C(=O)c4ccccc4C3=O)[C@H](N=[N+]=[N-])O[C@@H]2COCc2ccccc2)O[C@@H]1COCc1ccccc1
283,282,O([C@H]1[C@H](OCC2=CC=CC=C2)[C@@H](OC(C)=O)[C@H](OCC=C)O[C@H]1C(OC)=O)[C@@H]3[C@H](N=[N+]=[N-])[C@@H](OCC4=CC=CC=C4)[C@H](OC(=O)C)[C@@H](COCC5=CC=CC=C5)O3,O([C@H]1[C@H](OCC2=CC=CC=C2)[C@@H](OC(C)=O)[C@H](OCC=C)O[C@H]1C(OC)=O)[C@@H]3[C@H](N=[N+]=[N-])[C@@H](OCC4=CC=CC=C4)[C@H](OC(=O)C)[C@@H](COCC5=CC=CC=C5)O3,True,True,False,0,,C=CCO[C@@H]1O[C@@H](C(=O)OC)[C@@H](O[C@H]2O[C@H](COCc3ccccc3)[C@@H](OC(C)=O)[C@H](OCc3ccccc3)[C@H]2N=[N+]=[N-])[C@H](OCc2ccccc2)[C@H]1OC(C)=O
284,283,O(C[C@@H]1[C@H](OC(C)=O)[C@H](OC(=O)C2=CC=CC=C2)[C@@H](OC(=O)C3=CC=CC=C3)[C@H](O[C@H]4[C@H](OCC5=CC=CC=C5)[C@@H](NC(C)=O)[C@H](OC[C@@H]6[C@H](OC(C)=O)[C@H](O[C@H]7[C@H](NC(C)=O)[C@@H](OCC8=CC=CC=C8)[C@H](OC(=O)C)[C@@H](COCC9=CC=CC=C9)O7)[C@@H](OC(=O)C%10=CC=CC=C%10)[C@H](OCC[Si](C)(C)C)O6)O[C@@H]4COCC%11=CC=CC=C%11)O1)[C@@]%12(C(OC)=O)O[C@@]([C@@H]([C@@H](COC(C)=O)OC(C)=O)OC(C)=O)([C@H](NC(C)=O)[C@@H](OC(C)=O)C%12)[H],O(C[C@@H]1[C@H](OC(C)=O)[C@H](OC(=O)C2=CC=CC=C2)[C@@H](OC(=O)C3=CC=CC=C3)[C@H](O[C@H]4[C@H](OCC5=CC=CC=C5)[C@@H](NC(C)=O)[C@H](OC[C@@H]6[C@H](OC(C)=O)[C@H](O[C@H]7[C@H](NC(C)=O)[C@@H](OCC8=CC=CC=C8)[C@H](OC(=O)C)[C@@H](COCC9=CC=CC=C9)O7)[C@@H](OC(=O)C%10=CC=CC=C%10)[C@H](OCC[Si](C)(C)C)O6)O[C@@H]4COCC%11=CC=CC=C%11)O1)[C@@]%12(C(OC)=O)O[C@@]([C@@H]([C@@H](COC(C)=O)OC(C)=O)OC(C)=O)([C@H](NC(C)=O)[C@@H](OC(C)=O)C%12)[H],True,True,False,0,,COC(=O)[C@@]1(OC[C@H]2O[C@@H](O[C@H]3[C@H](OCc4ccccc4)[C@@H](NC(C)=O)[C@H](OC[C@H]4O[C@@H](OCC[Si](C)(C)C)[C@H](OC(=O)c5ccccc5)[C@@H](O[C@@H]5O[C@H](COCc6ccccc6)[C@@H](OC(C)=O)[C@H](OCc6ccccc6)[C@H]5NC(C)=O)[C@H]4OC(C)=O)O[C@@H]3COCc3ccccc3)[C@H](OC(=O)c3ccccc3)[C@@H](OC(=O)c3ccccc3)[C@H]2OC(C)=O)C[C@H](OC(C)=O)[C@@H](NC(C)=O)[C@H]([C@H](OC(C)=O)[C@@H](COC(C)=O)OC(C)=O)O1
285,284,O([C@H]1[C@H](OCC2=CC=CC=C2)[C@@H](OC(C)=O)[C@@H](OC(C)=O)O[C@H]1C(OC)=O)[C@@H]3[C@H](N=[N+]=[N-])[C@@H](OCC4=CC=CC=C4)[C@H](OC(=O)C)[C@@H](COC(C)=O)O3,O([C@H]1[C@H](OCC2=CC=CC=C2)[C@@H](OC(C)=O)[C@@H](OC(C)=O)O[C@H]1C(OC)=O)[C@@H]3[C@H](N=[N+]=[N-])[C@@H](OCC4=CC=CC=C4)[C@H](OC(=O)C)[C@@H](COC(C)=O)O3,True,True,False,0,,COC(=O)[C@@H]1O[C@H](OC(C)=O)[C@H](OC(C)=O)[C@@H](OCc2ccccc2)[C@@H]1O[C@H]1O[C@H](COC(C)=O)[C@@H](OC(C)=O)[C@H](OCc2ccccc2)[C@H]1N=[N+]=[N-]
286,285,O([C@H]1[C@H](OCC2=CC=C(OC)C=C2)[C@H](OCC3=CC=CC=C3)[C@H](OCC4=CC=CC=C4)[C@@H](OCC5=CC=CC=C5)[C@@H]1OCC6=CC=CC=C6)[C@@H]7[C@H](N=[N+]=[N-])[C@@H](OCC8=CC=CC=C8)[C@H](OC(=O)C)[C@@H](COCC9=CC=CC=C9)O7,O([C@H]1[C@H](OCC2=CC=C(OC)C=C2)[C@H](OCC3=CC=CC=C3)[C@H](OCC4=CC=CC=C4)[C@@H](OCC5=CC=CC=C5)[C@@H]1OCC6=CC=CC=C6)[C@@H]7[C@H](N=[N+]=[N-])[C@@H](OCC8=CC=CC=C8)[C@H](OC(=O)C)[C@@H](COCC9=CC=CC=C9)O7,True,True,False,0,,COc1ccc(CO[C@@H]2[C@H](OCc3ccccc3)[C@H](OCc3ccccc3)[C@@H](OCc3ccccc3)[C@H](OCc3ccccc3)[C@H]2O[C@H]2O[C@H](COCc3ccccc3)[C@@H](OC(C)=O)[C@H](OCc3ccccc3)[C@H]2N=[N+]=[N-])cc1
287,286,O([C@@H]1[C@@H](OCC2=CC=CC=C2)[C@H](O[C@H]3[C@H](OCC4=CC=CC=C4)[C@@H](OCC5=CC=CC=C5)[C@H](OCC[Si](C)(C)C)O[C@@H]3COCC6=CC=CC=C6)O[C@H](COCC7=CC=CC=C7)[C@@H]1OCC8=CC=CC=C8)[C@H]9[C@H](NC(C)=O)[C@@H](OCC%10=CC=C(OC)C=C%10)[C@H](OC(=O)C)[C@@H](COC(CCC(C)=O)=O)O9,O([C@@H]1[C@@H](OCC2=CC=CC=C2)[C@H](O[C@H]3[C@H](OCC4=CC=CC=C4)[C@@H](OCC5=CC=CC=C5)[C@H](OCC[Si](C)(C)C)O[C@@H]3COCC6=CC=CC=C6)O[C@H](COCC7=CC=CC=C7)[C@@H]1OCC8=CC=CC=C8)[C@H]9[C@H](NC(C)=O)[C@@H](OCC%10=CC=C(OC)C=C%10)[C@H](OC(=O)C)[C@@H](COC(CCC(C)=O)=O)O9,True,True,False,0,,COc1ccc(CO[C@@H]2[C@@H](NC(C)=O)[C@H](O[C@H]3[C@@H](OCc4ccccc4)[C@@H](COCc4ccccc4)O[C@@H](O[C@H]4[C@H](OCc5ccccc5)[C@@H](OCc5ccccc5)[C@H](OCC[Si](C)(C)C)O[C@@H]4COCc4ccccc4)[C@@H]3OCc3ccccc3)O[C@H](COC(=O)CCC(C)=O)[C@H]2OC(C)=O)cc1
288,287,O([C@H]1[C@H](OCC2=CC=CC=C2)[C@@H](OC(C(C)(C)C)=O)[C@H](O[C@H]3[C@H](OCC4=CC=CC=C4)[C@@H](NC(C)=O)[C@@H](OC(C)C)O[C@@H]3COC(=O)C5=CC=CC=C5)O[C@H]1C(OC)=O)[C@@H]6[C@H](N=[N+]=[N-])[C@@H](OCC7=CC=CC=C7)[C@H](OC(=O)C)[C@@H](COCC8=CC=CC=C8)O6,O([C@H]1[C@H](OCC2=CC=CC=C2)[C@@H](OC(C(C)(C)C)=O)[C@H](O[C@H]3[C@H](OCC4=CC=CC=C4)[C@@H](NC(C)=O)[C@@H](OC(C)C)O[C@@H]3COC(=O)C5=CC=CC=C5)O[C@H]1C(OC)=O)[C@@H]6[C@H](N=[N+]=[N-])[C@@H](OCC7=CC=CC=C7)[C@H](OC(=O)C)[C@@H](COCC8=CC=CC=C8)O6,True,True,False,0,,COC(=O)[C@@H]1O[C@@H](O[C@H]2[C@H](OCc3ccccc3)[C@@H](NC(C)=O)[C@@H](OC(C)C)O[C@@H]2COC(=O)c2ccccc2)[C@H](OC(=O)C(C)(C)C)[C@@H](OCc2ccccc2)[C@@H]1O[C@H]1O[C@H](COCc2ccccc2)[C@@H](OC(C)=O)[C@H](OCc2ccccc2)[C@H]1N=[N+]=[N-]
289,288,N(=[N+]=[N-])[C@@H]1[C@@H](OCC2=CC=CC=C2)[C@H](OC(=O)C)[C@@H](COC(C)=O)O[C@H]1OCCCC=C,N(=[N+]=[N-])[C@@H]1[C@@H](OCC2=CC=CC=C2)[C@H](OC(=O)C)[C@@H](COC(C)=O)O[C@H]1OCCCC=C,True,True,False,0,,C=CCCCO[C@@H]1O[C@H](COC(C)=O)[C@@H](OC(C)=O)[C@H](OCc2ccccc2)[C@H]1N=[N+]=[N-]
290,289,O([C@H]1[C@H](OCC2=CC=CC=C2)[C@@H](N=[N+]=[N-])[C@@H](O[C@H]3[C@H](OCC4=CC=CC=C4)[C@@H](OC(C(C)(C)C)=O)[C@H](OC(C)C)O[C@H]3C(OC)=O)O[C@@H]1COC(=O)C5=CC=CC=C5)[C@H]6[C@H](OC(C(C)(C)C)=O)[C@@H](OCC7=CC=CC=C7)[C@H](O[C@@H]8[C@H](N=[N+]=[N-])[C@@H](OCC9=CC=CC=C9)[C@H](OC(=O)C)[C@@H](COC(=O)C%10=CC=CC=C%10)O8)[C@H](C(OC)=O)O6,O([C@H]1[C@H](OCC2=CC=CC=C2)[C@@H](N=[N+]=[N-])[C@@H](O[C@H]3[C@H](OCC4=CC=CC=C4)[C@@H](OC(C(C)(C)C)=O)[C@H](OC(C)C)O[C@H]3C(OC)=O)O[C@@H]1COC(=O)C5=CC=CC=C5)[C@H]6[C@H](OC(C(C)(C)C)=O)[C@@H](OCC7=CC=CC=C7)[C@H](O[C@@H]8[C@H](N=[N+]=[N-])[C@@H](OCC9=CC=CC=C9)[C@H](OC(=O)C)[C@@H](COC(=O)C%10=CC=CC=C%10)O8)[C@H](C(OC)=O)O6,True,True,False,0,,COC(=O)[C@@H]1O[C@@H](OC(C)C)[C@H](OC(=O)C(C)(C)C)[C@@H](OCc2ccccc2)[C@@H]1O[C@H]1O[C@H](COC(=O)c2ccccc2)[C@@H](O[C@@H]2O[C@@H](C(=O)OC)[C@@H](O[C@H]3O[C@H](COC(=O)c4ccccc4)[C@@H](OC(C)=O)[C@H](OCc4ccccc4)[C@H]3N=[N+]=[N-])[C@H](OCc3ccccc3)[C@H]2OC(=O)C(C)(C)C)[C@H](OCc2ccccc2)[C@H]1N=[N+]=[N-]
291,290,O([C@@H]1[C@H](OCC2=CC=CC=C2)[C@@H](OCC3=CC=CC=C3)[C@H](OCC4=CC=CC=C4)[C@@H](OCC5=CC=CC=C5)[C@H]1OCC=C)[C@@H]6[C@H](N=[N+]=[N-])[C@@H](OCC7=CC=CC=C7)[C@H](OC(=O)C)[C@@H](COCC8=CC=CC=C8)O6,O([C@@H]1[C@H](OCC2=CC=CC=C2)[C@@H](OCC3=CC=CC=C3)[C@H](OCC4=CC=CC=C4)[C@@H](OCC5=CC=CC=C5)[C@H]1OCC=C)[C@@H]6[C@H](N=[N+]=[N-])[C@@H](OCC7=CC=CC=C7)[C@H](OC(=O)C)[C@@H](COCC8=CC=CC=C8)O6,True,True,False,0,,C=CCO[C@@H]1[C@H](OCc2ccccc2)[C@@H](OCc2ccccc2)[C@H](OCc2ccccc2)[C@@H](OCc2ccccc2)[C@H]1O[C@H]1O[C@H](COCc2ccccc2)[C@@H](OC(C)=O)[C@H](OCc2ccccc2)[C@H]1N=[N+]=[N-]
292,291,[Si](O[C@H]1[C@]2([C@]([C@H](OC(=O)C)[C@@H](COC3=CC=C(OC)C=C3)O1)(OC(=O)N2)[H])[H])(C(C)(C)C)(C4=CC=CC=C4)C5=CC=CC=C5,[Si](O[C@H]1[C@]2([C@]([C@H](OC(=O)C)[C@@H](COC3=CC=C(OC)C=C3)O1)(OC(=O)N2)[H])[H])(C(C)(C)C)(C4=CC=CC=C4)C5=CC=CC=C5,True,True,False,0,,COc1ccc(OC[C@H]2O[C@@H](O[Si](c3ccccc3)(c3ccccc3)C(C)(C)C)[C@@H]3NC(=O)O[C@H]3[C@@H]2OC(C)=O)cc1
293,292,O([C@H]1[C@H](O[C@@H](C(OCC2=CC=CC=C2)=O)C)[C@@H](NC(OCC(Cl)(Cl)Cl)=O)[C@@H](OCC=C)O[C@@H]1COCC3=CC=CC=C3)[C@H]4[C@H](NC(OCC(Cl)(Cl)Cl)=O)[C@@H](OCC5=CC=CC=C5)[C@H](OC(=O)C)[C@@H](COCC6=CC=CC=C6)O4,O([C@H]1[C@H](O[C@@H](C(OCC2=CC=CC=C2)=O)C)[C@@H](NC(OCC(Cl)(Cl)Cl)=O)[C@@H](OCC=C)O[C@@H]1COCC3=CC=CC=C3)[C@H]4[C@H](NC(OCC(Cl)(Cl)Cl)=O)[C@@H](OCC5=CC=CC=C5)[C@H](OC(=O)C)[C@@H](COCC6=CC=CC=C6)O4,True,True,False,0,,C=CCO[C@H]1O[C@H](COCc2ccccc2)[C@@H](O[C@@H]2O[C@H](COCc3ccccc3)[C@@H](OC(C)=O)[C@H](OCc3ccccc3)[C@H]2NC(=O)OCC(Cl)(Cl)Cl)[C@H](O[C@H](C)C(=O)OCc2ccccc2)[C@H]1NC(=O)OCC(Cl)(Cl)Cl
294,293,O([C@@H]1[C@@H](OCC2=CC=CC=C2)[C@H](OCC3=CC=CC=C3)[C@@H](OCC4=CC=CC=C4)[C@@H](OCC=C)[C@H]1OCC5=CC=C(OC)C=C5)[C@@H]6[C@H](N=[N+]=[N-])[C@@H](OCC7=CC=CC=C7)[C@H](OC(=O)C)[C@@H](COCC8=CC=CC=C8)O6,O([C@@H]1[C@@H](OCC2=CC=CC=C2)[C@H](OCC3=CC=CC=C3)[C@@H](OCC4=CC=CC=C4)[C@@H](OCC=C)[C@H]1OCC5=CC=C(OC)C=C5)[C@@H]6[C@H](N=[N+]=[N-])[C@@H](OCC7=CC=CC=C7)[C@H](OC(=O)C)[C@@H](COCC8=CC=CC=C8)O6,True,True,False,0,,C=CCO[C@@H]1[C@H](OCc2ccccc2)[C@@H](OCc2ccccc2)[C@H](OCc2ccccc2)[C@@H](O[C@H]2O[C@H](COCc3ccccc3)[C@@H](OC(C)=O)[C@H](OCc3ccccc3)[C@H]2N=[N+]=[N-])[C@@H]1OCc1ccc(OC)cc1
295,294,O(CC1=CC=CC=C1)[C@@H]2[C@H]([C@H](O[C@H]3[C@H](OCC4=CC=CC=C4)[C@H]([C@H](OCC5=CC=CC=C5)O[C@@H]3COCC6=CC=CC=C6)N7C(=O)C(C)=C(C)C7=O)O[C@H](COCC8=CC=CC=C8)[C@H]2O[C@H]9[C@@H]([C@@H](OCC%10=CC=CC=C%10)[C@H](O[C@H]%11[C@@H]([C@@H](OCC%12=CC=CC=C%12)[C@H](OC(=O)C)[C@@H](COCC%13=CC=CC=C%13)O%11)N%14C(=O)C(C)=C(C)C%14=O)[C@@H](COCC%15=CC=CC=C%15)O9)N%16C(=O)C(C)=C(C)C%16=O)N%17C(=O)C(C)=C(C)C%17=O,O(CC1=CC=CC=C1)[C@@H]2[C@H]([C@H](O[C@H]3[C@H](OCC4=CC=CC=C4)[C@H]([C@H](OCC5=CC=CC=C5)O[C@@H]3COCC6=CC=CC=C6)N7C(=O)C(C)=C(C)C7=O)O[C@H](COCC8=CC=CC=C8)[C@H]2O[C@H]9[C@@H]([C@@H](OCC%10=CC=CC=C%10)[C@H](O[C@H]%11[C@@H]([C@@H](OCC%12=CC=CC=C%12)[C@H](OC(=O)C)[C@@H](COCC%13=CC=CC=C%13)O%11)N%14C(=O)C(C)=C(C)C%14=O)[C@@H](COCC%15=CC=CC=C%15)O9)N%16C(=O)C(C)=C(C)C%16=O)N%17C(=O)C(C)=C(C)C%17=O,True,True,False,0,,CC(=O)O[C@H]1[C@H](OCc2ccccc2)[C@@H](N2C(=O)C(C)=C(C)C2=O)[C@H](O[C@H]2[C@H](OCc3ccccc3)[C@@H](N3C(=O)C(C)=C(C)C3=O)[C@H](O[C@H]3[C@H](OCc4ccccc4)[C@@H](N4C(=O)C(C)=C(C)C4=O)[C@H](O[C@H]4[C@H](OCc5ccccc5)[C@@H](N5C(=O)C(C)=C(C)C5=O)[C@H](OCc5ccccc5)O[C@@H]4COCc4ccccc4)O[C@@H]3COCc3ccccc3)O[C@@H]2COCc2ccccc2)O[C@@H]1COCc1ccccc1
296,295,O([C@H]1[C@H](OCC2=CC=CC=C2)[C@@H](N=[N+]=[N-])[C@@H](O[C@H]3[C@H](OCC4=CC=CC=C4)[C@@H](OC(C(C)(C)C)=O)[C@H](OC(C)C)O[C@H]3C(OC)=O)O[C@@H]1COC(=O)C5=CC=CC=C5)[C@H]6[C@H](OC(C(C)(C)C)=O)[C@@H](OCC7=CC=CC=C7)[C@H](O[C@@H]8[C@H](N=[N+]=[N-])[C@@H](OCC9=CC=CC=C9)[C@H](OC(=O)C)[C@@H](COC(=O)C%10=CC=CC=C%10)O8)[C@H](C(OC)=O)O6,O([C@H]1[C@H](OCC2=CC=CC=C2)[C@@H](N=[N+]=[N-])[C@@H](O[C@H]3[C@H](OCC4=CC=CC=C4)[C@@H](OC(C(C)(C)C)=O)[C@H](OC(C)C)O[C@H]3C(OC)=O)O[C@@H]1COC(=O)C5=CC=CC=C5)[C@H]6[C@H](OC(C(C)(C)C)=O)[C@@H](OCC7=CC=CC=C7)[C@H](O[C@@H]8[C@H](N=[N+]=[N-])[C@@H](OCC9=CC=CC=C9)[C@H](OC(=O)C)[C@@H](COC(=O)C%10=CC=CC=C%10)O8)[C@H](C(OC)=O)O6,True,True,False,0,,COC(=O)[C@@H]1O[C@@H](OC(C)C)[C@H](OC(=O)C(C)(C)C)[C@@H](OCc2ccccc2)[C@@H]1O[C@H]1O[C@H](COC(=O)c2ccccc2)[C@@H](O[C@@H]2O[C@@H](C(=O)OC)[C@@H](O[C@H]3O[C@H](COC(=O)c4ccccc4)[C@@H](OC(C)=O)[C@H](OCc4ccccc4)[C@H]3N=[N+]=[N-])[C@H](OCc3ccccc3)[C@H]2OC(=O)C(C)(C)C)[C@H](OCc2ccccc2)[C@H]1N=[N+]=[N-]
297,296,O([C@H]1[C@H](OCC2=CC=CC=C2)[C@@H](OC(C(C)(C)C)=O)[C@H](O[C@H]3[C@H](OCC4=CC=CC=C4)[C@@H](N=[N+]=[N-])[C@@H](O[C@H]5[C@H](OCC6=CC=CC=C6)[C@@H](OC(C(C)(C)C)=O)[C@H](OCCNC(OCC7=CC=CC=C7)=O)O[C@H]5C(OC)=O)O[C@@H]3COC(C)=O)O[C@H]1C(OC)=O)[C@@H]8[C@H](N=[N+]=[N-])[C@@H](OCC9=CC=CC=C9)[C@H](OC(=O)C)[C@@H](COC(C)=O)O8,O([C@H]1[C@H](OCC2=CC=CC=C2)[C@@H](OC(C(C)(C)C)=O)[C@H](O[C@H]3[C@H](OCC4=CC=CC=C4)[C@@H](N=[N+]=[N-])[C@@H](O[C@H]5[C@H](OCC6=CC=CC=C6)[C@@H](OC(C(C)(C)C)=O)[C@H](OCCNC(OCC7=CC=CC=C7)=O)O[C@H]5C(OC)=O)O[C@@H]3COC(C)=O)O[C@H]1C(OC)=O)[C@@H]8[C@H](N=[N+]=[N-])[C@@H](OCC9=CC=CC=C9)[C@H](OC(=O)C)[C@@H](COC(C)=O)O8,True,True,False,0,,COC(=O)[C@@H]1O[C@@H](OCCNC(=O)OCc2ccccc2)[C@H](OC(=O)C(C)(C)C)[C@@H](OCc2ccccc2)[C@@H]1O[C@H]1O[C@H](COC(C)=O)[C@@H](O[C@@H]2O[C@@H](C(=O)OC)[C@@H](O[C@H]3O[C@H](COC(C)=O)[C@@H](OC(C)=O)[C@H](OCc4ccccc4)[C@H]3N=[N+]=[N-])[C@H](OCc3ccccc3)[C@H]2OC(=O)C(C)(C)C)[C@H](OCc2ccccc2)[C@H]1N=[N+]=[N-]
298,297,O([C@@H]1[C@H](N=[N+]=[N-])[C@@H](OCC2=CC=CC=C2)[C@H](OC(=O)C)[C@@H](COCC3=CC=CC=C3)O1)C4=CC=C(OC)C=C4,O([C@@H]1[C@H](N=[N+]=[N-])[C@@H](OCC2=CC=CC=C2)[C@H](OC(=O)C)[C@@H](COCC3=CC=CC=C3)O1)C4=CC=C(OC)C=C4,True,True,False,0,,COc1ccc(O[C@H]2O[C@H](COCc3ccccc3)[C@@H](OC(C)=O)[C@H](OCc3ccccc3)[C@H]2N=[N+]=[N-])cc1
299,298,O([C@H]1[C@H](OCC2=CC=CC=C2)[C@@H](OC(C)=O)[C@H](OCC=C)O[C@H]1C(OC)=O)[C@@H]3[C@H](N=[N+]=[N-])[C@@H](OCC4=CC=CC=C4)[C@H](OC(=O)C)[C@@H](COC(C)=O)O3,O([C@H]1[C@H](OCC2=CC=CC=C2)[C@@H](OC(C)=O)[C@H](OCC=C)O[C@H]1C(OC)=O)[C@@H]3[C@H](N=[N+]=[N-])[C@@H](OCC4=CC=CC=C4)[C@H](OC(=O)C)[C@@H](COC(C)=O)O3,True,True,False,0,,C=CCO[C@@H]1O[C@@H](C(=O)OC)[C@@H](O[C@H]2O[C@H](COC(C)=O)[C@@H](OC(C)=O)[C@H](OCc3ccccc3)[C@H]2N=[N+]=[N-])[C@H](OCc2ccccc2)[C@H]1OC(C)=O
300,299,O([C@H]1[C@H](OCC2=CC=CC=C2)[C@@H](OC(C(C)(C)C)=O)[C@H](OC(C)C)O[C@H]1C(OC)=O)[C@@H]3[C@H](N=[N+]=[N-])[C@@H](OCC4=CC=CC=C4)[C@H](OC(=O)C)[C@@H](COCC5=CC=CC=C5)O3,O([C@H]1[C@H](OCC2=CC=CC=C2)[C@@H](OC(C(C)(C)C)=O)[C@H](OC(C)C)O[C@H]1C(OC)=O)[C@@H]3[C@H](N=[N+]=[N-])[C@@H](OCC4=CC=CC=C4)[C@H](OC(=O)C)[C@@H](COCC5=CC=CC=C5)O3,True,True,False,0,,COC(=O)[C@@H]1O[C@@H](OC(C)C)[C@H](OC(=O)C(C)(C)C)[C@@H](OCc2ccccc2)[C@@H]1O[C@H]1O[C@H](COCc2ccccc2)[C@@H](OC(C)=O)[C@H](OCc2ccccc2)[C@H]1N=[N+]=[N-]
301,300,[Si](O[C@H]1[C@H](OC(=O)C)[C@@H](OCC2=CC=CC=C2)[C@@H](N=[N+]=[N-])[C@@H](COCC3=CC=CC=C3)O1)(C(C)C)(C(C)C)C(C)C,[Si](O[C@H]1[C@H](OC(=O)C)[C@@H](OCC2=CC=CC=C2)[C@@H](N=[N+]=[N-])[C@@H](COCC3=CC=CC=C3)O1)(C(C)C)(C(C)C)C(C)C,True,True,False,0,,CC(=O)O[C@H]1[C@H](O[Si](C(C)C)(C(C)C)C(C)C)O[C@H](COCc2ccccc2)[C@H](N=[N+]=[N-])[C@@H]1OCc1ccccc1
302,301,O([C@H]1[C@H](OCC2=CC=CC=C2)[C@@H](OC(C(C)(C)C)=O)[C@H](OCCNC(OCC3=CC=CC=C3)=O)O[C@H]1C(OC)=O)[C@@H]4[C@H](N=[N+]=[N-])[C@@H](OCC5=CC=CC=C5)[C@H](OC(=O)C)[C@@H](COC(C)=O)O4,O([C@H]1[C@H](OCC2=CC=CC=C2)[C@@H](OC(C(C)(C)C)=O)[C@H](OCCNC(OCC3=CC=CC=C3)=O)O[C@H]1C(OC)=O)[C@@H]4[C@H](N=[N+]=[N-])[C@@H](OCC5=CC=CC=C5)[C@H](OC(=O)C)[C@@H](COC(C)=O)O4,True,True,False,0,,COC(=O)[C@@H]1O[C@@H](OCCNC(=O)OCc2ccccc2)[C@H](OC(=O)C(C)(C)C)[C@@H](OCc2ccccc2)[C@@H]1O[C@H]1O[C@H](COC(C)=O)[C@@H](OC(C)=O)[C@H](OCc2ccccc2)[C@H]1N=[N+]=[N-]
303,302,O([C@H]1[C@H](OP(OC[C@H](OC(OCC2=CC=CC=C2)=O)COCCCCCCCCCCCCCCCCCC)(OCCC#N)=O)[C@H](OC(CCCCCCC/C=C\CCCCCC)=O)[C@H](OCC3=CC=CC=C3)[C@@H](OCC4=CC=CC=C4)[C@@H]1OCC5=CC=CC=C5)[C@@H]6[C@H](N=[N+]=[N-])[C@@H](OCC7=CC=CC=C7)[C@H](OC(=O)C)[C@@H](COCC8=CC=CC=C8)O6,O([C@H]1[C@H](OP(OC[C@H](OC(OCC2=CC=CC=C2)=O)COCCCCCCCCCCCCCCCCCC)(OCCC#N)=O)[C@H](OC(CCCCCCC/C=C\CCCCCC)=O)[C@H](OCC3=CC=CC=C3)[C@@H](OCC4=CC=CC=C4)[C@@H]1OCC5=CC=CC=C5)[C@@H]6[C@H](N=[N+]=[N-])[C@@H](OCC7=CC=CC=C7)[C@H](OC(=O)C)[C@@H](COCC8=CC=CC=C8)O6,True,True,False,0,,CCCCCC/C=C\CCCCCCCC(=O)O[C@@H]1[C@H](OCc2ccccc2)[C@@H](OCc2ccccc2)[C@H](OCc2ccccc2)[C@@H](O[C@H]2O[C@H](COCc3ccccc3)[C@@H](OC(C)=O)[C@H](OCc3ccccc3)[C@H]2N=[N+]=[N-])[C@@H]1OP(=O)(OCCC#N)OC[C@@H](COCCCCCCCCCCCCCCCCCC)OC(=O)OCc1ccccc1
304,303,O([C@H]1[C@H](OCC2=CC=CC=C2)[C@@H](OC(C)=O)[C@H](OC(C)=O)O[C@H]1C(OC)=O)[C@@H]3[C@H](N=[N+]=[N-])[C@@H](OCC4=CC=CC=C4)[C@H](OC(=O)C)[C@@H](COC(C)=O)O3,O([C@H]1[C@H](OCC2=CC=CC=C2)[C@@H](OC(C)=O)[C@H](OC(C)=O)O[C@H]1C(OC)=O)[C@@H]3[C@H](N=[N+]=[N-])[C@@H](OCC4=CC=CC=C4)[C@H](OC(=O)C)[C@@H](COC(C)=O)O3,True,True,False,0,,COC(=O)[C@@H]1O[C@@H](OC(C)=O)[C@H](OC(C)=O)[C@@H](OCc2ccccc2)[C@@H]1O[C@H]1O[C@H](COC(C)=O)[C@@H](OC(C)=O)[C@H](OCc2ccccc2)[C@H]1N=[N+]=[N-]
305,304,N(=[N+]=[N-])[C@@H]1[C@@H](OCC2=CC=CC=C2)[C@H](OC(=O)C)[C@@H](COCC3=CC=CC=C3)O[C@@H]1SCCCCCCCC,N(=[N+]=[N-])[C@@H]1[C@@H](OCC2=CC=CC=C2)[C@H](OC(=O)C)[C@@H](COCC3=CC=CC=C3)O[C@@H]1SCCCCCCCC,True,True,False,0,,CCCCCCCCS[C@H]1O[C@H](COCc2ccccc2)[C@@H](OC(C)=O)[C@H](OCc2ccccc2)[C@H]1N=[N+]=[N-]
306,305,C(OCC1=CC=CC=C1)(=O)[C@]23[C@](C=4[C@@](C)(CC2)[C@@]5(C)[C@](CC4)([C@]6(C)[C@@](CC5)(C(C)(C)[C@@H](O[C@H]7[C@H](NC(OCC(Cl)(Cl)Cl)=O)[C@@H](OC(CCC(C)=O)=O)[C@H](OC(=O)C)[C@@H](COC(CC8=C(N(=O)=O)C=CC=C8)=O)O7)CC6)[H])[H])(CC(C)(C)CC3)[H],C(OCC1=CC=CC=C1)(=O)[C@]23[C@](C=4[C@@](C)(CC2)[C@@]5(C)[C@](CC4)([C@]6(C)[C@@](CC5)(C(C)(C)[C@@H](O[C@H]7[C@H](NC(OCC(Cl)(Cl)Cl)=O)[C@@H](OC(CCC(C)=O)=O)[C@H](OC(=O)C)[C@@H](COC(CC8=C(N(=O)=O)C=CC=C8)=O)O7)CC6)[H])[H])(CC(C)(C)CC3)[H],True,True,False,0,,CC(=O)CCC(=O)O[C@@H]1[C@@H](NC(=O)OCC(Cl)(Cl)Cl)[C@H](O[C@H]2CC[C@]3(C)[C@H]4CC=C5[C@@H]6CC(C)(C)CC[C@]6(C(=O)OCc6ccccc6)CC[C@@]5(C)[C@]4(C)CC[C@H]3C2(C)C)O[C@H](COC(=O)Cc2ccccc2[N+](=O)[O-])[C@H]1OC(C)=O
307,306,O(CC1=CC=CC=C1)[C@@H]2[C@H]([C@H](OCC3=CC=CC=C3)O[C@H](COCC4=CC=CC=C4)[C@H]2O[C@H]5[C@@H]([C@@H](OCC6=CC=CC=C6)[C@H](OC(=O)C)[C@@H](COCC7=CC=CC=C7)O5)N8C(=O)C(C)=C(C)C8=O)N9C(=O)C(C)=C(C)C9=O,O(CC1=CC=CC=C1)[C@@H]2[C@H]([C@H](OCC3=CC=CC=C3)O[C@H](COCC4=CC=CC=C4)[C@H]2O[C@H]5[C@@H]([C@@H](OCC6=CC=CC=C6)[C@H](OC(=O)C)[C@@H](COCC7=CC=CC=C7)O5)N8C(=O)C(C)=C(C)C8=O)N9C(=O)C(C)=C(C)C9=O,True,True,False,0,,CC(=O)O[C@H]1[C@H](OCc2ccccc2)[C@@H](N2C(=O)C(C)=C(C)C2=O)[C@H](O[C@H]2[C@H](OCc3ccccc3)[C@@H](N3C(=O)C(C)=C(C)C3=O)[C@H](OCc3ccccc3)O[C@@H]2COCc2ccccc2)O[C@@H]1COCc1ccccc1
308,307,O(CC1=CC=CC=C1)[C@@H]2[C@H]([C@H](OC3=CC=C(OC)C=C3)O[C@H](COCC4=CC=CC=C4)[C@H]2O[C@H]5[C@@H]([C@@H](OCC6=CC=CC=C6)[C@H](OC(=O)C)[C@@H](COCC7=CC=CC=C7)O5)N8C(=O)C=9C(C8=O)=CC=CC9)N%10C(=O)C=%11C(C%10=O)=CC=CC%11,O(CC1=CC=CC=C1)[C@@H]2[C@H]([C@H](OC3=CC=C(OC)C=C3)O[C@H](COCC4=CC=CC=C4)[C@H]2O[C@H]5[C@@H]([C@@H](OCC6=CC=CC=C6)[C@H](OC(=O)C)[C@@H](COCC7=CC=CC=C7)O5)N8C(=O)C=9C(C8=O)=CC=CC9)N%10C(=O)C=%11C(C%10=O)=CC=CC%11,True,True,False,0,,COc1ccc(O[C@@H]2O[C@H](COCc3ccccc3)[C@@H](O[C@@H]3O[C@H](COCc4ccccc4)[C@@H](OC(C)=O)[C@H](OCc4ccccc4)[C@H]3N3C(=O)c4ccccc4C3=O)[C@H](OCc3ccccc3)[C@H]2N2C(=O)c3ccccc3C2=O)cc1
309,308,O([C@H]1[C@H](OCC2=CC=CC=C2)[C@@H](NC(C)=O)[C@@H](O[C@H]3[C@H](OCC4=CC=CC=C4)[C@@H](OCC5=CC=CC=C5)[C@H](O[C@H]6[C@H](OCC7=CC=CC=C7)[C@@H](N=[N+]=[N-])[C@@H](O[C@H]8[C@H](OCC9=CC=CC=C9)[C@@H](OC(C(C)(C)C)=O)[C@H](OC(C)C)O[C@H]8C(OC)=O)O[C@@H]6COCC%10=CC=CC=C%10)O[C@H]3C(OC)=O)O[C@@H]1COC(=O)C%11=CC=CC=C%11)[C@H]%12[C@H](OC(C(C)(C)C)=O)[C@@H](OCC%13=CC=CC=C%13)[C@H](O[C@@H]%14[C@H](N=[N+]=[N-])[C@@H](OCC%15=CC=CC=C%15)[C@H](OC(=O)C)[C@@H](COCC%16=CC=CC=C%16)O%14)[C@H](C(OC)=O)O%12,O([C@H]1[C@H](OCC2=CC=CC=C2)[C@@H](NC(C)=O)[C@@H](O[C@H]3[C@H](OCC4=CC=CC=C4)[C@@H](OCC5=CC=CC=C5)[C@H](O[C@H]6[C@H](OCC7=CC=CC=C7)[C@@H](N=[N+]=[N-])[C@@H](O[C@H]8[C@H](OCC9=CC=CC=C9)[C@@H](OC(C(C)(C)C)=O)[C@H](OC(C)C)O[C@H]8C(OC)=O)O[C@@H]6COCC%10=CC=CC=C%10)O[C@H]3C(OC)=O)O[C@@H]1COC(=O)C%11=CC=CC=C%11)[C@H]%12[C@H](OC(C(C)(C)C)=O)[C@@H](OCC%13=CC=CC=C%13)[C@H](O[C@@H]%14[C@H](N=[N+]=[N-])[C@@H](OCC%15=CC=CC=C%15)[C@H](OC(=O)C)[C@@H](COCC%16=CC=CC=C%16)O%14)[C@H](C(OC)=O)O%12,True,True,False,0,,COC(=O)[C@@H]1O[C@@H](OC(C)C)[C@H](OC(=O)C(C)(C)C)[C@@H](OCc2ccccc2)[C@@H]1O[C@H]1O[C@H](COCc2ccccc2)[C@@H](O[C@@H]2O[C@@H](C(=O)OC)[C@@H](O[C@H]3O[C@H](COC(=O)c4ccccc4)[C@@H](O[C@@H]4O[C@@H](C(=O)OC)[C@@H](O[C@H]5O[C@H](COCc6ccccc6)[C@@H](OC(C)=O)[C@H](OCc6ccccc6)[C@H]5N=[N+]=[N-])[C@H](OCc5ccccc5)[C@H]4OC(=O)C(C)(C)C)[C@H](OCc4ccccc4)[C@H]3NC(C)=O)[C@H](OCc3ccccc3)[C@H]2OCc2ccccc2)[C@H](OCc2ccccc2)[C@H]1N=[N+]=[N-]
310,309,O([C@H]1[C@@H]([C@@H](OCC2=CC=CC=C2)[C@H](OC(=O)C)[C@@H](COC(=O)C3=CC=CC=C3)O1)N4C(=O)C=5C(C4=O)=CC=CC5)[C@@H]6[C@@H](OC(=O)C7=CC=CC=C7)[C@H](O[C@H]8[C@H](OCC9=CC=CC=C9)[C@@H](OCC%10=CC=CC=C%10)[C@H](OCC%11=CC=CC=C%11)O[C@@H]8COCC%12=CC=CC=C%12)O[C@H](COC(=O)C%13=CC=CC=C%13)[C@@H]6OCC%14=CC=CC=C%14,O([C@H]1[C@@H]([C@@H](OCC2=CC=CC=C2)[C@H](OC(=O)C)[C@@H](COC(=O)C3=CC=CC=C3)O1)N4C(=O)C=5C(C4=O)=CC=CC5)[C@@H]6[C@@H](OC(=O)C7=CC=CC=C7)[C@H](O[C@H]8[C@H](OCC9=CC=CC=C9)[C@@H](OCC%10=CC=CC=C%10)[C@H](OCC%11=CC=CC=C%11)O[C@@H]8COCC%12=CC=CC=C%12)O[C@H](COC(=O)C%13=CC=CC=C%13)[C@@H]6OCC%14=CC=CC=C%14,True,True,False,0,,CC(=O)O[C@H]1[C@H](OCc2ccccc2)[C@@H](N2C(=O)c3ccccc3C2=O)[C@H](O[C@H]2[C@@H](OCc3ccccc3)[C@@H](COC(=O)c3ccccc3)O[C@@H](O[C@H]3[C@H](OCc4ccccc4)[C@@H](OCc4ccccc4)[C@H](OCc4ccccc4)O[C@@H]3COCc3ccccc3)[C@@H]2OC(=O)c2ccccc2)O[C@@H]1COC(=O)c1ccccc1
311,310,O([C@H]1[C@H](OCC2=CC=CC=C2)[C@@H](OC(C(C)(C)C)=O)[C@H](OC(C)C)O[C@H]1C(OC)=O)[C@@H]3[C@H](N=[N+]=[N-])[C@@H](OCC4=CC=CC=C4)[C@H](OC(=O)C)[C@@H](COC(C)=O)O3,O([C@H]1[C@H](OCC2=CC=CC=C2)[C@@H](OC(C(C)(C)C)=O)[C@H](OC(C)C)O[C@H]1C(OC)=O)[C@@H]3[C@H](N=[N+]=[N-])[C@@H](OCC4=CC=CC=C4)[C@H](OC(=O)C)[C@@H](COC(C)=O)O3,True,True,False,0,,COC(=O)[C@@H]1O[C@@H](OC(C)C)[C@H](OC(=O)C(C)(C)C)[C@@H](OCc2ccccc2)[C@@H]1O[C@H]1O[C@H](COC(C)=O)[C@@H](OC(C)=O)[C@H](OCc2ccccc2)[C@H]1N=[N+]=[N-]
312,311,O([C@H]1[C@]2([C@@]([C@H](OCC3=CC=CC=C3)[C@@H](OCC4=CC=CC=C4)[C@@H]1OCC5=CC=CC=C5)(OC(C)(C)O2)[H])[H])[C@@H]6[C@H](N=[N+]=[N-])[C@@H](OCC7=CC=CC=C7)[C@H](OC(=O)C)[C@@H](COCC8=CC=CC=C8)O6,O([C@H]1[C@]2([C@@]([C@H](OCC3=CC=CC=C3)[C@@H](OCC4=CC=CC=C4)[C@@H]1OCC5=CC=CC=C5)(OC(C)(C)O2)[H])[H])[C@@H]6[C@H](N=[N+]=[N-])[C@@H](OCC7=CC=CC=C7)[C@H](OC(=O)C)[C@@H](COCC8=CC=CC=C8)O6,True,True,False,0,,CC(=O)O[C@H]1[C@H](OCc2ccccc2)[C@@H](N=[N+]=[N-])[C@@H](O[C@@H]2[C@@H](OCc3ccccc3)[C@H](OCc3ccccc3)[C@@H](OCc3ccccc3)[C@H]3OC(C)(C)O[C@@H]23)O[C@@H]1COCc1ccccc1
313,312,O([C@H]1[C@]2([C@@]([C@H](OCC3=CC=CC=C3)[C@@H](OCC4=CC=CC=C4)[C@@H]1OCC5=CC=CC=C5)(OC(C)(C)O2)[H])[H])[C@@H]6[C@H](N=[N+]=[N-])[C@@H](OCC7=CC=CC=C7)[C@H](OC(=O)C)[C@@H](COCC8=CC=CC=C8)O6,O([C@H]1[C@]2([C@@]([C@H](OCC3=CC=CC=C3)[C@@H](OCC4=CC=CC=C4)[C@@H]1OCC5=CC=CC=C5)(OC(C)(C)O2)[H])[H])[C@@H]6[C@H](N=[N+]=[N-])[C@@H](OCC7=CC=CC=C7)[C@H](OC(=O)C)[C@@H](COCC8=CC=CC=C8)O6,True,True,False,0,,CC(=O)O[C@H]1[C@H](OCc2ccccc2)[C@@H](N=[N+]=[N-])[C@@H](O[C@@H]2[C@@H](OCc3ccccc3)[C@H](OCc3ccccc3)[C@@H](OCc3ccccc3)[C@H]3OC(C)(C)O[C@@H]23)O[C@@H]1COCc1ccccc1
314,313,O([C@@H]1[C@@H](OCC2=CC=CC=C2)[C@H](OCC3=CC=CC=C3)[C@@H](OCC4=CC=CC=C4)[C@@H](OCC5=CC=CC=C5)[C@H]1OCC=C)[C@@H]6[C@H](N=[N+]=[N-])[C@@H](OCC7=CC=CC=C7)[C@H](OC(=O)C)[C@@H](COCC8=CC=CC=C8)O6,O([C@@H]1[C@@H](OCC2=CC=CC=C2)[C@H](OCC3=CC=CC=C3)[C@@H](OCC4=CC=CC=C4)[C@@H](OCC5=CC=CC=C5)[C@H]1OCC=C)[C@@H]6[C@H](N=[N+]=[N-])[C@@H](OCC7=CC=CC=C7)[C@H](OC(=O)C)[C@@H](COCC8=CC=CC=C8)O6,True,True,False,0,,C=CCO[C@@H]1[C@H](OCc2ccccc2)[C@H](OCc2ccccc2)[C@@H](OCc2ccccc2)[C@H](OCc2ccccc2)[C@H]1O[C@H]1O[C@H](COCc2ccccc2)[C@@H](OC(C)=O)[C@H](OCc2ccccc2)[C@H]1N=[N+]=[N-]
315,314,O([C@H]1[C@@H]([C@@H](OCC2=CC=CC=C2)[C@H](OC(=O)C)[C@@H](COC(=O)C3=CC=CC=C3)O1)N4C(=O)C=5C(C4=O)=CC=CC5)[C@@H]6[C@@H](OC(=O)C7=CC=CC=C7)[C@H](O[C@H]8[C@H](OCC9=CC=CC=C9)[C@@H](OCC%10=CC=CC=C%10)[C@H](OCC%11=CC=CC=C%11)O[C@@H]8COCC%12=CC=CC=C%12)O[C@H](COC(=O)C%13=CC=CC=C%13)[C@@H]6OCC%14=CC=CC=C%14,O([C@H]1[C@@H]([C@@H](OCC2=CC=CC=C2)[C@H](OC(=O)C)[C@@H](COC(=O)C3=CC=CC=C3)O1)N4C(=O)C=5C(C4=O)=CC=CC5)[C@@H]6[C@@H](OC(=O)C7=CC=CC=C7)[C@H](O[C@H]8[C@H](OCC9=CC=CC=C9)[C@@H](OCC%10=CC=CC=C%10)[C@H](OCC%11=CC=CC=C%11)O[C@@H]8COCC%12=CC=CC=C%12)O[C@H](COC(=O)C%13=CC=CC=C%13)[C@@H]6OCC%14=CC=CC=C%14,True,True,False,0,,CC(=O)O[C@H]1[C@H](OCc2ccccc2)[C@@H](N2C(=O)c3ccccc3C2=O)[C@H](O[C@H]2[C@@H](OCc3ccccc3)[C@@H](COC(=O)c3ccccc3)O[C@@H](O[C@H]3[C@H](OCc4ccccc4)[C@@H](OCc4ccccc4)[C@H](OCc4ccccc4)O[C@@H]3COCc3ccccc3)[C@@H]2OC(=O)c2ccccc2)O[C@@H]1COC(=O)c1ccccc1
316,315,O([C@H]1[C@H](OCC2=CC=CC=C2)[C@@H](NC(OCC(Cl)(Cl)Cl)=O)[C@@H](OCC=C)O[C@@H]1COCC3=CC=CC=C3)[C@H]4[C@H](NC(OCC(Cl)(Cl)Cl)=O)[C@@H](O[C@@H](C(OCC)=O)C)[C@H](OC(=O)C)[C@@H](COCC5=CC=CC=C5)O4,O([C@H]1[C@H](OCC2=CC=CC=C2)[C@@H](NC(OCC(Cl)(Cl)Cl)=O)[C@@H](OCC=C)O[C@@H]1COCC3=CC=CC=C3)[C@H]4[C@H](NC(OCC(Cl)(Cl)Cl)=O)[C@@H](O[C@@H](C(OCC)=O)C)[C@H](OC(=O)C)[C@@H](COCC5=CC=CC=C5)O4,True,True,False,0,,C=CCO[C@H]1O[C@H](COCc2ccccc2)[C@@H](O[C@@H]2O[C@H](COCc3ccccc3)[C@@H](OC(C)=O)[C@H](O[C@H](C)C(=O)OCC)[C@H]2NC(=O)OCC(Cl)(Cl)Cl)[C@H](OCc2ccccc2)[C@H]1NC(=O)OCC(Cl)(Cl)Cl
317,316,O(CC1=CC=CC=C1)[C@@H]2[C@H]([C@H](O[Si](C(C)(C)C)(C)C)O[C@H](COCC3=CC=CC=C3)[C@H]2O[C@H]4[C@H](N=[N+]=[N-])[C@@H](OCC5=CC=CC=C5)[C@H](OC(=O)C)[C@@H](COCC6=CC=CC=C6)O4)N7C(=O)C=8C(C7=O)=CC=CC8,O(CC1=CC=CC=C1)[C@@H]2[C@H]([C@H](O[Si](C(C)(C)C)(C)C)O[C@H](COCC3=CC=CC=C3)[C@H]2O[C@H]4[C@H](N=[N+]=[N-])[C@@H](OCC5=CC=CC=C5)[C@H](OC(=O)C)[C@@H](COCC6=CC=CC=C6)O4)N7C(=O)C=8C(C7=O)=CC=CC8,True,True,False,0,,CC(=O)O[C@H]1[C@H](OCc2ccccc2)[C@@H](N=[N+]=[N-])[C@H](O[C@H]2[C@H](OCc3ccccc3)[C@@H](N3C(=O)c4ccccc4C3=O)[C@H](O[Si](C)(C)C(C)(C)C)O[C@@H]2COCc2ccccc2)O[C@@H]1COCc1ccccc1
318,317,O([C@@H]1[C@@H](OCC2=CC=CC=C2)[C@H](O[C@H]3[C@H](OCC4=CC=CC=C4)[C@@H](OCC5=CC=CC=C5)[C@H](OCC[Si](C)(C)C)O[C@@H]3COCC6=CC=CC=C6)O[C@H](COCC7=CC=CC=C7)[C@@H]1OCC8=CC=CC=C8)[C@H]9[C@H](NC(C)=O)[C@@H](OCC%10=CC=CC=C%10)[C@H](OC(=O)C)[C@@H](COC%11=CC=C(OC)C=C%11)O9,O([C@@H]1[C@@H](OCC2=CC=CC=C2)[C@H](O[C@H]3[C@H](OCC4=CC=CC=C4)[C@@H](OCC5=CC=CC=C5)[C@H](OCC[Si](C)(C)C)O[C@@H]3COCC6=CC=CC=C6)O[C@H](COCC7=CC=CC=C7)[C@@H]1OCC8=CC=CC=C8)[C@H]9[C@H](NC(C)=O)[C@@H](OCC%10=CC=CC=C%10)[C@H](OC(=O)C)[C@@H](COC%11=CC=C(OC)C=C%11)O9,True,True,False,0,,COc1ccc(OC[C@H]2O[C@@H](O[C@H]3[C@@H](OCc4ccccc4)[C@@H](COCc4ccccc4)O[C@@H](O[C@H]4[C@H](OCc5ccccc5)[C@@H](OCc5ccccc5)[C@H](OCC[Si](C)(C)C)O[C@@H]4COCc4ccccc4)[C@@H]3OCc3ccccc3)[C@H](NC(C)=O)[C@@H](OCc3ccccc3)[C@@H]2OC(C)=O)cc1
319,318,[Si](O[C@H]1[C@H](N=[N+]=[N-])[C@@H](OCC2=CC=CC=C2)[C@H](OC(=O)C)[C@@H](COCC3=CC=CC=C3)O1)(C(C)(C)C)(C4=CC=CC=C4)C5=CC=CC=C5,[Si](O[C@H]1[C@H](N=[N+]=[N-])[C@@H](OCC2=CC=CC=C2)[C@H](OC(=O)C)[C@@H](COCC3=CC=CC=C3)O1)(C(C)(C)C)(C4=CC=CC=C4)C5=CC=CC=C5,True,True,False,0,,CC(=O)O[C@H]1[C@H](OCc2ccccc2)[C@@H](N=[N+]=[N-])[C@H](O[Si](c2ccccc2)(c2ccccc2)C(C)(C)C)O[C@@H]1COCc1ccccc1
320,319,O([C@@H]1[C@H](N=[N+]=[N-])[C@@H](OCC2=CC=CC=C2)[C@H](OC(=O)C)[C@@H](COCC3=CC=CC=C3)O1)[C@H]4[C@H](OCC=C)CCCC4,O([C@@H]1[C@H](N=[N+]=[N-])[C@@H](OCC2=CC=CC=C2)[C@H](OC(=O)C)[C@@H](COCC3=CC=CC=C3)O1)[C@H]4[C@H](OCC=C)CCCC4,True,True,False,0,,C=CCO[C@@H]1CCCC[C@H]1O[C@H]1O[C@H](COCc2ccccc2)[C@@H](OC(C)=O)[C@H](OCc2ccccc2)[C@H]1N=[N+]=[N-]
321,320,C[C@@]12[C@]3(O[C@]4([C@@](O3)([C@H](O[C@@H]5[C@H](N=[N+]=[N-])[C@@H](OCC6=CC=CC=C6)[C@H](OC(=O)C)[C@@H](COCC7=CC=CC=C7)O5)[C@@H](O)[C@]8([C@]4(O[Si](C(C)C)(C(C)C)O[Si](C(C)C)(C(C)C)O8)[H])[H])[H])[H])C[C@@](C1(C)C)(CC2)[H],C[C@@]12[C@]3(O[C@]4([C@@](O3)([C@H](O[C@@H]5[C@H](N=[N+]=[N-])[C@@H](OCC6=CC=CC=C6)[C@H](OC(=O)C)[C@@H](COCC7=CC=CC=C7)O5)[C@@H](O)[C@]8([C@]4(O[Si](C(C)C)(C(C)C)O[Si](C(C)C)(C(C)C)O8)[H])[H])[H])[H])C[C@@](C1(C)C)(CC2)[H],True,True,False,0,,CC(=O)O[C@H]1[C@H](OCc2ccccc2)[C@@H](N=[N+]=[N-])[C@@H](O[C@@H]2[C@@H](O)[C@@H]3O[Si](C(C)C)(C(C)C)O[Si](C(C)C)(C(C)C)O[C@H]3[C@H]3O[C@@]4(C[C@@H]5CC[C@@]4(C)C5(C)C)O[C@H]32)O[C@@H]1COCc1ccccc1
322,321,O([C@H]1[C@H](OCC2=CC=C(OC)C=C2)[C@H](OCC3=CC=CC=C3)[C@H](OCC4=CC=CC=C4)[C@@H](OCC5=CC=CC=C5)[C@@H]1OCC6=CC=CC=C6)[C@@H]7[C@H](N=[N+]=[N-])[C@@H](OCC8=CC=CC=C8)[C@H](OC(=O)C)[C@@H](COCC9=CC=CC=C9)O7,O([C@H]1[C@H](OCC2=CC=C(OC)C=C2)[C@H](OCC3=CC=CC=C3)[C@H](OCC4=CC=CC=C4)[C@@H](OCC5=CC=CC=C5)[C@@H]1OCC6=CC=CC=C6)[C@@H]7[C@H](N=[N+]=[N-])[C@@H](OCC8=CC=CC=C8)[C@H](OC(=O)C)[C@@H](COCC9=CC=CC=C9)O7,True,True,False,0,,COc1ccc(CO[C@@H]2[C@H](OCc3ccccc3)[C@H](OCc3ccccc3)[C@@H](OCc3ccccc3)[C@H](OCc3ccccc3)[C@H]2O[C@H]2O[C@H](COCc3ccccc3)[C@@H](OC(C)=O)[C@H](OCc3ccccc3)[C@H]2N=[N+]=[N-])cc1
323,322,O([C@@H]1[C@@H](OC(=O)C2=CC=CC=C2)[C@H](OCC[Si](C)(C)C)O[C@H](CO[C@H]3[C@H](NC(OCC(Cl)(Cl)Cl)=O)[C@@H](OCC4=CC=CC=C4)[C@H](OC(=O)C)[C@@H](COCC5=CC=CC=C5)O3)[C@@H]1OC(C)=O)[C@H]6[C@H](NC(OCC(Cl)(Cl)Cl)=O)[C@@H](OCC7=CC=CC=C7)[C@H](OC(CCC(C)=O)=O)[C@@H](COCC8=CC=CC=C8)O6,O([C@@H]1[C@@H](OC(=O)C2=CC=CC=C2)[C@H](OCC[Si](C)(C)C)O[C@H](CO[C@H]3[C@H](NC(OCC(Cl)(Cl)Cl)=O)[C@@H](OCC4=CC=CC=C4)[C@H](OC(=O)C)[C@@H](COCC5=CC=CC=C5)O3)[C@@H]1OC(C)=O)[C@H]6[C@H](NC(OCC(Cl)(Cl)Cl)=O)[C@@H](OCC7=CC=CC=C7)[C@H](OC(CCC(C)=O)=O)[C@@H](COCC8=CC=CC=C8)O6,True,True,False,0,,CC(=O)CCC(=O)O[C@H]1[C@H](OCc2ccccc2)[C@@H](NC(=O)OCC(Cl)(Cl)Cl)[C@H](O[C@H]2[C@@H](OC(C)=O)[C@@H](CO[C@@H]3O[C@H](COCc4ccccc4)[C@@H](OC(C)=O)[C@H](OCc4ccccc4)[C@H]3NC(=O)OCC(Cl)(Cl)Cl)O[C@@H](OCC[Si](C)(C)C)[C@@H]2OC(=O)c2ccccc2)O[C@@H]1COCc1ccccc1
324,323,O([C@@H]1[C@@H](OCC2=CC=CC=C2)[C@H](OCC3=CC=CC=C3)[C@@H](OCC4=CC=CC=C4)[C@@H](OCC5=CC=CC=C5)[C@H]1OCC=C)[C@@H]6[C@H](N=[N+]=[N-])[C@@H](OCC7=CC=CC=C7)[C@H](OC(=O)C)[C@@H](COCC8=CC=CC=C8)O6,O([C@@H]1[C@@H](OCC2=CC=CC=C2)[C@H](OCC3=CC=CC=C3)[C@@H](OCC4=CC=CC=C4)[C@@H](OCC5=CC=CC=C5)[C@H]1OCC=C)[C@@H]6[C@H](N=[N+]=[N-])[C@@H](OCC7=CC=CC=C7)[C@H](OC(=O)C)[C@@H](COCC8=CC=CC=C8)O6,True,True,False,0,,C=CCO[C@@H]1[C@H](OCc2ccccc2)[C@H](OCc2ccccc2)[C@@H](OCc2ccccc2)[C@H](OCc2ccccc2)[C@H]1O[C@H]1O[C@H](COCc2ccccc2)[C@@H](OC(C)=O)[C@H](OCc2ccccc2)[C@H]1N=[N+]=[N-]
325,324,O([C@@H]1[C@@H](OCC2=CC=CC=C2)[C@H](OCC3=CC=CC=C3)[C@@H](OCC4=CC=CC=C4)[C@@H](OCC5=CC=CC=C5)[C@H]1OCC=C)[C@@H]6[C@H](N=[N+]=[N-])[C@@H](OCC7=CC=CC=C7)[C@H](OC(=O)C)[C@@H](COCC8=CC=CC=C8)O6,O([C@@H]1[C@@H](OCC2=CC=CC=C2)[C@H](OCC3=CC=CC=C3)[C@@H](OCC4=CC=CC=C4)[C@@H](OCC5=CC=CC=C5)[C@H]1OCC=C)[C@@H]6[C@H](N=[N+]=[N-])[C@@H](OCC7=CC=CC=C7)[C@H](OC(=O)C)[C@@H](COCC8=CC=CC=C8)O6,True,True,False,0,,C=CCO[C@@H]1[C@H](OCc2ccccc2)[C@H](OCc2ccccc2)[C@@H](OCc2ccccc2)[C@H](OCc2ccccc2)[C@H]1O[C@H]1O[C@H](COCc2ccccc2)[C@@H](OC(C)=O)[C@H](OCc2ccccc2)[C@H]1N=[N+]=[N-]
326,325,O([C@@H]1[C@H](N=[N+]=[N-])[C@@H](OCC2=CC=CC=C2)[C@H](OC(=O)C)[C@@H](COCC3=CC=CC=C3)O1)[C@H]4[C@H](OCC=C)CCCC4,O([C@@H]1[C@H](N=[N+]=[N-])[C@@H](OCC2=CC=CC=C2)[C@H](OC(=O)C)[C@@H](COCC3=CC=CC=C3)O1)[C@H]4[C@H](OCC=C)CCCC4,True,True,False,0,,C=CCO[C@@H]1CCCC[C@H]1O[C@H]1O[C@H](COCc2ccccc2)[C@@H](OC(C)=O)[C@H](OCc2ccccc2)[C@H]1N=[N+]=[N-]
327,326,N(=[N+]=[N-])[C@@H]1[C@@H](OCC2=CC=CC=C2)[C@H](OC(=O)C)[C@@H](COCC3=CC=CC=C3)O[C@H]1O[Si](C(C)(C)C)(C)C,N(=[N+]=[N-])[C@@H]1[C@@H](OCC2=CC=CC=C2)[C@H](OC(=O)C)[C@@H](COCC3=CC=CC=C3)O[C@H]1O[Si](C(C)(C)C)(C)C,True,True,False,0,,CC(=O)O[C@H]1[C@H](OCc2ccccc2)[C@@H](N=[N+]=[N-])[C@H](O[Si](C)(C)C(C)(C)C)O[C@@H]1COCc1ccccc1
328,327,O([C@@H]1[C@@H](OCC2=CC=CC=C2)[C@H](O[C@H]3[C@H](OCC4=CC=CC=C4)[C@@H](OCC5=CC=CC=C5)[C@H](OCC[Si](C)(C)C)O[C@@H]3COCC6=CC=CC=C6)O[C@H](COCC7=CC=CC=C7)[C@@H]1OCC8=CC=CC=C8)[C@H]9[C@H](NC(C)=O)[C@@H](OCC%10=CC=CC=C%10)[C@H](OC(=O)C)[C@@H](COC%11=CC=C(OC)C=C%11)O9,O([C@@H]1[C@@H](OCC2=CC=CC=C2)[C@H](O[C@H]3[C@H](OCC4=CC=CC=C4)[C@@H](OCC5=CC=CC=C5)[C@H](OCC[Si](C)(C)C)O[C@@H]3COCC6=CC=CC=C6)O[C@H](COCC7=CC=CC=C7)[C@@H]1OCC8=CC=CC=C8)[C@H]9[C@H](NC(C)=O)[C@@H](OCC%10=CC=CC=C%10)[C@H](OC(=O)C)[C@@H](COC%11=CC=C(OC)C=C%11)O9,True,True,False,0,,COc1ccc(OC[C@H]2O[C@@H](O[C@H]3[C@@H](OCc4ccccc4)[C@@H](COCc4ccccc4)O[C@@H](O[C@H]4[C@H](OCc5ccccc5)[C@@H](OCc5ccccc5)[C@H](OCC[Si](C)(C)C)O[C@@H]4COCc4ccccc4)[C@@H]3OCc3ccccc3)[C@H](NC(C)=O)[C@@H](OCc3ccccc3)[C@@H]2OC(C)=O)cc1
329,328,O(C(C)=O)[C@@H]1[C@H]([C@H](OCC=C)O[C@H](COCC2=CC=C(OC)C=C2)[C@H]1O[C@H]3[C@@H]([C@@H](OC(C)=O)[C@H](OC(=O)C)[C@@H](COCC4=CC=C(OC)C=C4)O3)N5C(=O)C=6C(C5=O)=CC=CC6)N7C(=O)C=8C(C7=O)=CC=CC8,O(C(C)=O)[C@@H]1[C@H]([C@H](OCC=C)O[C@H](COCC2=CC=C(OC)C=C2)[C@H]1O[C@H]3[C@@H]([C@@H](OC(C)=O)[C@H](OC(=O)C)[C@@H](COCC4=CC=C(OC)C=C4)O3)N5C(=O)C=6C(C5=O)=CC=CC6)N7C(=O)C=8C(C7=O)=CC=CC8,True,True,False,0,,C=CCO[C@@H]1O[C@H](COCc2ccc(OC)cc2)[C@@H](O[C@@H]2O[C@H](COCc3ccc(OC)cc3)[C@@H](OC(C)=O)[C@H](OC(C)=O)[C@H]2N2C(=O)c3ccccc3C2=O)[C@H](OC(C)=O)[C@H]1N1C(=O)c2ccccc2C1=O
330,329,O([C@H]1[C@@H](OC(C)=O)[C@H](OC2=CC=C(OC)C=C2)O[C@@H](C)[C@@H]1OC(C)=O)[C@H]3[C@H](NC(C)=O)[C@@H](OC(C)=O)[C@H](OC(=O)C)[C@@H](COC(=O)C4=CC=CC=C4)O3,O([C@H]1[C@@H](OC(C)=O)[C@H](OC2=CC=C(OC)C=C2)O[C@@H](C)[C@@H]1OC(C)=O)[C@H]3[C@H](NC(C)=O)[C@@H](OC(C)=O)[C@H](OC(=O)C)[C@@H](COC(=O)C4=CC=CC=C4)O3,True,True,False,0,,COc1ccc(O[C@@H]2O[C@@H](C)[C@H](OC(C)=O)[C@@H](O[C@@H]3O[C@H](COC(=O)c4ccccc4)[C@@H](OC(C)=O)[C@H](OC(C)=O)[C@H]3NC(C)=O)[C@H]2OC(C)=O)cc1
331,330,O([C@H]1[C@@H](OC(C)=O)[C@H](OC2=CC=C(OC)C=C2)O[C@@H](C)[C@@H]1OC(C)=O)[C@H]3[C@H](NC(C)=O)[C@@H](OC(C)=O)[C@H](OC(=O)C)[C@@H](COC(=O)C4=CC=CC=C4)O3,O([C@H]1[C@@H](OC(C)=O)[C@H](OC2=CC=C(OC)C=C2)O[C@@H](C)[C@@H]1OC(C)=O)[C@H]3[C@H](NC(C)=O)[C@@H](OC(C)=O)[C@H](OC(=O)C)[C@@H](COC(=O)C4=CC=CC=C4)O3,True,True,False,0,,COc1ccc(O[C@@H]2O[C@@H](C)[C@H](OC(C)=O)[C@@H](O[C@@H]3O[C@H](COC(=O)c4ccccc4)[C@@H](OC(C)=O)[C@H](OC(C)=O)[C@H]3NC(C)=O)[C@H]2OC(C)=O)cc1
332,331,O([C@H]1[C@H](OCC2=CC=CC=C2)[C@@H](OC(=O)C3=CC=CC=C3)[C@H](O[C@H]4[C@H](OCC5=CC=CC=C5)[C@@H](N=[N+]=[N-])[C@@H](O[C@H]6[C@H](OCC7=CC=CC=C7)[C@@H](OC(=O)C8=CC=CC=C8)[C@H](OC(C)C)O[C@H]6C(OC)=O)O[C@@H]4COCC9=CC=C(OC)C=C9)O[C@H]1C(OC)=O)[C@@H]%10[C@H](N=[N+]=[N-])[C@@H](OCC%11=CC=CC=C%11)[C@H](OC(=O)C)[C@@H](COCC%12=CC=C(OC)C=C%12)O%10,O([C@H]1[C@H](OCC2=CC=CC=C2)[C@@H](OC(=O)C3=CC=CC=C3)[C@H](O[C@H]4[C@H](OCC5=CC=CC=C5)[C@@H](N=[N+]=[N-])[C@@H](O[C@H]6[C@H](OCC7=CC=CC=C7)[C@@H](OC(=O)C8=CC=CC=C8)[C@H](OC(C)C)O[C@H]6C(OC)=O)O[C@@H]4COCC9=CC=C(OC)C=C9)O[C@H]1C(OC)=O)[C@@H]%10[C@H](N=[N+]=[N-])[C@@H](OCC%11=CC=CC=C%11)[C@H](OC(=O)C)[C@@H](COCC%12=CC=C(OC)C=C%12)O%10,True,True,False,0,,COC(=O)[C@@H]1O[C@@H](OC(C)C)[C@H](OC(=O)c2ccccc2)[C@@H](OCc2ccccc2)[C@@H]1O[C@H]1O[C@H](COCc2ccc(OC)cc2)[C@@H](O[C@@H]2O[C@@H](C(=O)OC)[C@@H](O[C@H]3O[C@H](COCc4ccc(OC)cc4)[C@@H](OC(C)=O)[C@H](OCc4ccccc4)[C@H]3N=[N+]=[N-])[C@H](OCc3ccccc3)[C@H]2OC(=O)c2ccccc2)[C@H](OCc2ccccc2)[C@H]1N=[N+]=[N-]
333,332,O([C@H]1[C@H](OCC2=CC=CC=C2)[C@@H](OC(C(C)(C)C)=O)[C@H](OC(C)C)O[C@H]1C(OC)=O)[C@@H]3[C@H](N=[N+]=[N-])[C@@H](OCC4=CC=CC=C4)[C@H](OC(=O)C)[C@@H](COC(=O)C5=CC=CC=C5)O3,O([C@H]1[C@H](OCC2=CC=CC=C2)[C@@H](OC(C(C)(C)C)=O)[C@H](OC(C)C)O[C@H]1C(OC)=O)[C@@H]3[C@H](N=[N+]=[N-])[C@@H](OCC4=CC=CC=C4)[C@H](OC(=O)C)[C@@H](COC(=O)C5=CC=CC=C5)O3,True,True,False,0,,COC(=O)[C@@H]1O[C@@H](OC(C)C)[C@H](OC(=O)C(C)(C)C)[C@@H](OCc2ccccc2)[C@@H]1O[C@H]1O[C@H](COC(=O)c2ccccc2)[C@@H](OC(C)=O)[C@H](OCc2ccccc2)[C@H]1N=[N+]=[N-]
334,333,O([C@H]1[C@H](O[C@@H](C(OCC)=O)C)[C@@H](NC(OCC(Cl)(Cl)Cl)=O)[C@@H](OCC=C)O[C@@H]1COCC2=CC=CC=C2)[C@H]3[C@H](NC(OCC(Cl)(Cl)Cl)=O)[C@@H](OCC4=CC=CC=C4)[C@H](OC(=O)C)[C@@H](COCC5=CC=CC=C5)O3,O([C@H]1[C@H](O[C@@H](C(OCC)=O)C)[C@@H](NC(OCC(Cl)(Cl)Cl)=O)[C@@H](OCC=C)O[C@@H]1COCC2=CC=CC=C2)[C@H]3[C@H](NC(OCC(Cl)(Cl)Cl)=O)[C@@H](OCC4=CC=CC=C4)[C@H](OC(=O)C)[C@@H](COCC5=CC=CC=C5)O3,True,True,False,0,,C=CCO[C@H]1O[C@H](COCc2ccccc2)[C@@H](O[C@@H]2O[C@H](COCc3ccccc3)[C@@H](OC(C)=O)[C@H](OCc3ccccc3)[C@H]2NC(=O)OCC(Cl)(Cl)Cl)[C@H](O[C@H](C)C(=O)OCC)[C@H]1NC(=O)OCC(Cl)(Cl)Cl
335,334,O([C@H]1[C@H](O[C@@H](C(OCC)=O)C)[C@@H](NC(OCC(Cl)(Cl)Cl)=O)[C@@H](OCC=C)O[C@@H]1COCC2=CC=CC=C2)[C@H]3[C@H](NC(OCC(Cl)(Cl)Cl)=O)[C@@H](OCC4=CC=CC=C4)[C@H](OC(=O)C)[C@@H](COCC5=CC=CC=C5)O3,O([C@H]1[C@H](O[C@@H](C(OCC)=O)C)[C@@H](NC(OCC(Cl)(Cl)Cl)=O)[C@@H](OCC=C)O[C@@H]1COCC2=CC=CC=C2)[C@H]3[C@H](NC(OCC(Cl)(Cl)Cl)=O)[C@@H](OCC4=CC=CC=C4)[C@H](OC(=O)C)[C@@H](COCC5=CC=CC=C5)O3,True,True,False,0,,C=CCO[C@H]1O[C@H](COCc2ccccc2)[C@@H](O[C@@H]2O[C@H](COCc3ccccc3)[C@@H](OC(C)=O)[C@H](OCc3ccccc3)[C@H]2NC(=O)OCC(Cl)(Cl)Cl)[C@H](O[C@H](C)C(=O)OCC)[C@H]1NC(=O)OCC(Cl)(Cl)Cl
336,335,O([C@@H]1[C@@H](OCC2=CC=CC=C2)[C@H](O[C@H]3[C@H](OCC4=CC=CC=C4)[C@@H](OCC5=CC=CC=C5)[C@H](OCC[Si](C)(C)C)O[C@@H]3COCC6=CC=CC=C6)O[C@H](COCC7=CC=CC=C7)[C@@H]1OCC8=CC=CC=C8)[C@H]9[C@H](NC(C)=O)[C@@H](OCC%10=CC=C(OC)C=C%10)[C@H](OC(=O)C)[C@@H](COCC%11=CC=CC=C%11)O9,O([C@@H]1[C@@H](OCC2=CC=CC=C2)[C@H](O[C@H]3[C@H](OCC4=CC=CC=C4)[C@@H](OCC5=CC=CC=C5)[C@H](OCC[Si](C)(C)C)O[C@@H]3COCC6=CC=CC=C6)O[C@H](COCC7=CC=CC=C7)[C@@H]1OCC8=CC=CC=C8)[C@H]9[C@H](NC(C)=O)[C@@H](OCC%10=CC=C(OC)C=C%10)[C@H](OC(=O)C)[C@@H](COCC%11=CC=CC=C%11)O9,True,True,False,0,,COc1ccc(CO[C@@H]2[C@@H](NC(C)=O)[C@H](O[C@H]3[C@@H](OCc4ccccc4)[C@@H](COCc4ccccc4)O[C@@H](O[C@H]4[C@H](OCc5ccccc5)[C@@H](OCc5ccccc5)[C@H](OCC[Si](C)(C)C)O[C@@H]4COCc4ccccc4)[C@@H]3OCc3ccccc3)O[C@H](COCc3ccccc3)[C@H]2OC(C)=O)cc1
337,336,O([C@@H]1[C@@H](OCC2=CC=CC=C2)[C@H](O[C@H]3[C@H](OCC4=CC=CC=C4)[C@@H](OC(=O)C5=CC=CC=C5)[C@H](OCC6=CC=CC=C6)O[C@@H]3COCC7=CC=CC=C7)O[C@H](COCC8=CC=CC=C8)[C@@H]1OCC9=CC=CC=C9)[C@H]%10[C@H](NC(OCC(Cl)(Cl)Cl)=O)[C@@H](O[C@H]%11[C@@H](OCC%12=CC=CC=C%12)[C@H](OC(C)=O)[C@H](OC(C)=O)[C@H](C)O%11)[C@H](OC(=O)C)[C@@H](COCC%13=CC=CC=C%13)O%10,O([C@@H]1[C@@H](OCC2=CC=CC=C2)[C@H](O[C@H]3[C@H](OCC4=CC=CC=C4)[C@@H](OC(=O)C5=CC=CC=C5)[C@H](OCC6=CC=CC=C6)O[C@@H]3COCC7=CC=CC=C7)O[C@H](COCC8=CC=CC=C8)[C@@H]1OCC9=CC=CC=C9)[C@H]%10[C@H](NC(OCC(Cl)(Cl)Cl)=O)[C@@H](O[C@H]%11[C@@H](OCC%12=CC=CC=C%12)[C@H](OC(C)=O)[C@H](OC(C)=O)[C@H](C)O%11)[C@H](OC(=O)C)[C@@H](COCC%13=CC=CC=C%13)O%10,True,True,False,0,,CC(=O)O[C@H]1[C@H](OCc2ccccc2)[C@H](O[C@@H]2[C@@H](NC(=O)OCC(Cl)(Cl)Cl)[C@H](O[C@H]3[C@@H](OCc4ccccc4)[C@@H](COCc4ccccc4)O[C@@H](O[C@H]4[C@H](OCc5ccccc5)[C@@H](OC(=O)c5ccccc5)[C@H](OCc5ccccc5)O[C@@H]4COCc4ccccc4)[C@@H]3OCc3ccccc3)O[C@H](COCc3ccccc3)[C@H]2OC(C)=O)O[C@@H](C)[C@H]1OC(C)=O
338,337,O([C@@H]1[C@@H](OCC2=CC=CC=C2)[C@H](O[C@H]3[C@H](OCC4=CC=CC=C4)[C@@H](OC(=O)C5=CC=CC=C5)[C@H](OCC6=CC=CC=C6)O[C@@H]3COCC7=CC=CC=C7)O[C@H](COCC8=CC=CC=C8)[C@@H]1OCC9=CC=CC=C9)[C@H]%10[C@H](NC(OCC(Cl)(Cl)Cl)=O)[C@@H](O[C@H]%11[C@@H](OCC%12=CC=CC=C%12)[C@H](OC(C)=O)[C@H](OC(C)=O)[C@H](C)O%11)[C@H](OC(=O)C)[C@@H](COCC%13=CC=CC=C%13)O%10,O([C@@H]1[C@@H](OCC2=CC=CC=C2)[C@H](O[C@H]3[C@H](OCC4=CC=CC=C4)[C@@H](OC(=O)C5=CC=CC=C5)[C@H](OCC6=CC=CC=C6)O[C@@H]3COCC7=CC=CC=C7)O[C@H](COCC8=CC=CC=C8)[C@@H]1OCC9=CC=CC=C9)[C@H]%10[C@H](NC(OCC(Cl)(Cl)Cl)=O)[C@@H](O[C@H]%11[C@@H](OCC%12=CC=CC=C%12)[C@H](OC(C)=O)[C@H](OC(C)=O)[C@H](C)O%11)[C@H](OC(=O)C)[C@@H](COCC%13=CC=CC=C%13)O%10,True,True,False,0,,CC(=O)O[C@H]1[C@H](OCc2ccccc2)[C@H](O[C@@H]2[C@@H](NC(=O)OCC(Cl)(Cl)Cl)[C@H](O[C@H]3[C@@H](OCc4ccccc4)[C@@H](COCc4ccccc4)O[C@@H](O[C@H]4[C@H](OCc5ccccc5)[C@@H](OC(=O)c5ccccc5)[C@H](OCc5ccccc5)O[C@@H]4COCc4ccccc4)[C@@H]3OCc3ccccc3)O[C@H](COCc3ccccc3)[C@H]2OC(C)=O)O[C@@H](C)[C@H]1OC(C)=O
339,338,N(=[N+]=[N-])[C@@H]1[C@@H](OCC2=CC=CC=C2)[C@H](OC(=O)C)[C@@H](COCC3=CC=CC=C3)O[C@H]1OCCCC=C,N(=[N+]=[N-])[C@@H]1[C@@H](OCC2=CC=CC=C2)[C@H](OC(=O)C)[C@@H](COCC3=CC=CC=C3)O[C@H]1OCCCC=C,True,True,False,0,,C=CCCCO[C@@H]1O[C@H](COCc2ccccc2)[C@@H](OC(C)=O)[C@H](OCc2ccccc2)[C@H]1N=[N+]=[N-]
340,339,O([C@H]1[C@H](OC(=O)C2=CC=CC=C2)[C@@H](N=[N+]=[N-])[C@@H](O[C@H]3[C@H](OCC4=CC=CC=C4)[C@@H](OC(=O)C5=CC=CC=C5)[C@@]6(O[C@]3(CO6)[H])[H])O[C@@H]1CO[Si](C(C)(C)C)(C7=CC=CC=C7)C8=CC=CC=C8)[C@H]9[C@H](OC(=O)C%10=CC=CC=C%10)[C@@H](OCC%11=CC=CC=C%11)[C@H](O[C@@H]%12[C@H](N=[N+]=[N-])[C@@H](OCC%13=CC=C(Br)C=C%13)[C@H](OC(=O)C)[C@@H](CO[Si](C(C)(C)C)(C%14=CC=CC=C%14)C%15=CC=CC=C%15)O%12)[C@H](COC(C)=O)O9,O([C@H]1[C@H](OC(=O)C2=CC=CC=C2)[C@@H](N=[N+]=[N-])[C@@H](O[C@H]3[C@H](OCC4=CC=CC=C4)[C@@H](OC(=O)C5=CC=CC=C5)[C@@]6(O[C@]3(CO6)[H])[H])O[C@@H]1CO[Si](C(C)(C)C)(C7=CC=CC=C7)C8=CC=CC=C8)[C@H]9[C@H](OC(=O)C%10=CC=CC=C%10)[C@@H](OCC%11=CC=CC=C%11)[C@H](O[C@@H]%12[C@H](N=[N+]=[N-])[C@@H](OCC%13=CC=C(Br)C=C%13)[C@H](OC(=O)C)[C@@H](CO[Si](C(C)(C)C)(C%14=CC=CC=C%14)C%15=CC=CC=C%15)O%12)[C@H](COC(C)=O)O9,True,True,False,0,,CC(=O)OC[C@@H]1O[C@@H](O[C@H]2[C@H](OC(=O)c3ccccc3)[C@@H](N=[N+]=[N-])[C@@H](O[C@H]3[C@H](OCc4ccccc4)[C@@H](OC(=O)c4ccccc4)[C@H]4OC[C@@H]3O4)O[C@@H]2CO[Si](c2ccccc2)(c2ccccc2)C(C)(C)C)[C@H](OC(=O)c2ccccc2)[C@@H](OCc2ccccc2)[C@@H]1O[C@H]1O[C@H](CO[Si](c2ccccc2)(c2ccccc2)C(C)(C)C)[C@@H](OC(C)=O)[C@H](OCc2ccc(Br)cc2)[C@H]1N=[N+]=[N-]
341,340,O([C@H]1[C@H](OCC2=CC=CC=C2)[C@@H](OC(=O)C3=CC=CC=C3)[C@H](OC(C)C)O[C@H]1C(OC)=O)[C@@H]4[C@H](N=[N+]=[N-])[C@@H](OCC5=CC=CC=C5)[C@H](OC(=O)C)[C@@H](COCC6=CC=C(OC)C=C6)O4,O([C@H]1[C@H](OCC2=CC=CC=C2)[C@@H](OC(=O)C3=CC=CC=C3)[C@H](OC(C)C)O[C@H]1C(OC)=O)[C@@H]4[C@H](N=[N+]=[N-])[C@@H](OCC5=CC=CC=C5)[C@H](OC(=O)C)[C@@H](COCC6=CC=C(OC)C=C6)O4,True,True,False,0,,COC(=O)[C@@H]1O[C@@H](OC(C)C)[C@H](OC(=O)c2ccccc2)[C@@H](OCc2ccccc2)[C@@H]1O[C@H]1O[C@H](COCc2ccc(OC)cc2)[C@@H](OC(C)=O)[C@H](OCc2ccccc2)[C@H]1N=[N+]=[N-]
342,341,O([C@@H]1[C@@H](OCC2=CC=CC=C2)[C@H](OCC3=CC=CC=C3)[C@@H](OCC4=CC=CC=C4)[C@@H](OCC5=CC=CC=C5)[C@H]1OCC=C)[C@@H]6[C@H](N=[N+]=[N-])[C@@H](OCC7=CC=CC=C7)[C@H](OC(=O)C)[C@@H](COCC8=CC=CC=C8)O6,O([C@@H]1[C@@H](OCC2=CC=CC=C2)[C@H](OCC3=CC=CC=C3)[C@@H](OCC4=CC=CC=C4)[C@@H](OCC5=CC=CC=C5)[C@H]1OCC=C)[C@@H]6[C@H](N=[N+]=[N-])[C@@H](OCC7=CC=CC=C7)[C@H](OC(=O)C)[C@@H](COCC8=CC=CC=C8)O6,True,True,False,0,,C=CCO[C@@H]1[C@H](OCc2ccccc2)[C@H](OCc2ccccc2)[C@@H](OCc2ccccc2)[C@H](OCc2ccccc2)[C@H]1O[C@H]1O[C@H](COCc2ccccc2)[C@@H](OC(C)=O)[C@H](OCc2ccccc2)[C@H]1N=[N+]=[N-]
343,342,O([C@H]1[C@H](OCC2=CC=CC=C2)[C@@H](OC(=O)C3=CC=CC=C3)[C@H](O[C@H]4[C@H](OCC5=CC=CC=C5)[C@@H](N=[N+]=[N-])[C@@H](O[C@H]6[C@H](OCC7=CC=CC=C7)[C@@H](OC(=O)C8=CC=CC=C8)[C@H](OC9=CC=C(OC)C=C9)O[C@@H]6COC(CCl)=O)O[C@@H]4COC(C)=O)O[C@@H]1COC(CCl)=O)[C@@H]%10[C@H](N=[N+]=[N-])[C@@H](OCC%11=CC=CC=C%11)[C@H](O[C@H]%12[C@H](OC(=O)C%13=CC=CC=C%13)[C@@H](OCC%14=CC=CC=C%14)[C@H](O[C@@H]%15[C@H](N=[N+]=[N-])[C@@H](OCC%16=CC=CC=C%16)[C@H](OC(=O)C)[C@@H](COC(C)=O)O%15)[C@@H](COC(CCl)=O)O%12)[C@@H](COC(C)=O)O%10,O([C@H]1[C@H](OCC2=CC=CC=C2)[C@@H](OC(=O)C3=CC=CC=C3)[C@H](O[C@H]4[C@H](OCC5=CC=CC=C5)[C@@H](N=[N+]=[N-])[C@@H](O[C@H]6[C@H](OCC7=CC=CC=C7)[C@@H](OC(=O)C8=CC=CC=C8)[C@H](OC9=CC=C(OC)C=C9)O[C@@H]6COC(CCl)=O)O[C@@H]4COC(C)=O)O[C@@H]1COC(CCl)=O)[C@@H]%10[C@H](N=[N+]=[N-])[C@@H](OCC%11=CC=CC=C%11)[C@H](O[C@H]%12[C@H](OC(=O)C%13=CC=CC=C%13)[C@@H](OCC%14=CC=CC=C%14)[C@H](O[C@@H]%15[C@H](N=[N+]=[N-])[C@@H](OCC%16=CC=CC=C%16)[C@H](OC(=O)C)[C@@H](COC(C)=O)O%15)[C@@H](COC(CCl)=O)O%12)[C@@H](COC(C)=O)O%10,True,True,False,0,,COc1ccc(O[C@@H]2O[C@H](COC(=O)CCl)[C@@H](O[C@H]3O[C@H](COC(C)=O)[C@@H](O[C@@H]4O[C@H](COC(=O)CCl)[C@@H](O[C@H]5O[C@H](COC(C)=O)[C@@H](O[C@@H]6O[C@H](COC(=O)CCl)[C@@H](O[C@H]7O[C@H](COC(C)=O)[C@@H](OC(C)=O)[C@H](OCc8ccccc8)[C@H]7N=[N+]=[N-])[C@H](OCc7ccccc7)[C@H]6OC(=O)c6ccccc6)[C@H](OCc6ccccc6)[C@H]5N=[N+]=[N-])[C@H](OCc5ccccc5)[C@H]4OC(=O)c4ccccc4)[C@H](OCc4ccccc4)[C@H]3N=[N+]=[N-])[C@H](OCc3ccccc3)[C@H]2OC(=O)c2ccccc2)cc1
344,343,O([C@H]1[C@H](OCC2=CC=CC=C2)[C@@H](OC(=O)C3=CC=CC=C3)[C@H](O[C@H]4[C@H](OCC5=CC=CC=C5)[C@@H](N=[N+]=[N-])[C@@H](O[C@H]6[C@H](OCC7=CC=CC=C7)[C@@H](OC(=O)C8=CC=CC=C8)[C@H](OC9=CC=C(OC)C=C9)O[C@H]6COC(CCl)=O)O[C@@H]4COC(C)=O)O[C@H]1COC(CCl)=O)[C@@H]%10[C@H](N=[N+]=[N-])[C@@H](OCC%11=CC=CC=C%11)[C@H](O[C@H]%12[C@H](OC(=O)C%13=CC=CC=C%13)[C@@H](OCC%14=CC=CC=C%14)[C@H](O[C@@H]%15[C@H](N=[N+]=[N-])[C@@H](OCC%16=CC=CC=C%16)[C@H](OC(=O)C)[C@@H](COC(C)=O)O%15)[C@@H](COC(CCl)=O)O%12)[C@@H](COC(C)=O)O%10,O([C@H]1[C@H](OCC2=CC=CC=C2)[C@@H](OC(=O)C3=CC=CC=C3)[C@H](O[C@H]4[C@H](OCC5=CC=CC=C5)[C@@H](N=[N+]=[N-])[C@@H](O[C@H]6[C@H](OCC7=CC=CC=C7)[C@@H](OC(=O)C8=CC=CC=C8)[C@H](OC9=CC=C(OC)C=C9)O[C@H]6COC(CCl)=O)O[C@@H]4COC(C)=O)O[C@H]1COC(CCl)=O)[C@@H]%10[C@H](N=[N+]=[N-])[C@@H](OCC%11=CC=CC=C%11)[C@H](O[C@H]%12[C@H](OC(=O)C%13=CC=CC=C%13)[C@@H](OCC%14=CC=CC=C%14)[C@H](O[C@@H]%15[C@H](N=[N+]=[N-])[C@@H](OCC%16=CC=CC=C%16)[C@H](OC(=O)C)[C@@H](COC(C)=O)O%15)[C@@H](COC(CCl)=O)O%12)[C@@H](COC(C)=O)O%10,True,True,False,0,,COc1ccc(O[C@@H]2O[C@@H](COC(=O)CCl)[C@@H](O[C@H]3O[C@H](COC(C)=O)[C@@H](O[C@@H]4O[C@@H](COC(=O)CCl)[C@@H](O[C@H]5O[C@H](COC(C)=O)[C@@H](O[C@@H]6O[C@H](COC(=O)CCl)[C@@H](O[C@H]7O[C@H](COC(C)=O)[C@@H](OC(C)=O)[C@H](OCc8ccccc8)[C@H]7N=[N+]=[N-])[C@H](OCc7ccccc7)[C@H]6OC(=O)c6ccccc6)[C@H](OCc6ccccc6)[C@H]5N=[N+]=[N-])[C@H](OCc5ccccc5)[C@H]4OC(=O)c4ccccc4)[C@H](OCc4ccccc4)[C@H]3N=[N+]=[N-])[C@H](OCc3ccccc3)[C@H]2OC(=O)c2ccccc2)cc1
345,344,O([C@H]1[C@@H]([C@@H](OCC2=CC=CC=C2)[C@H](OC(=O)C)[C@@H](COCC3=CC=CC=C3)O1)N4C(=O)C=5C(C4=O)=CC=CC5)C6=CC=C(OC)C=C6,O([C@H]1[C@@H]([C@@H](OCC2=CC=CC=C2)[C@H](OC(=O)C)[C@@H](COCC3=CC=CC=C3)O1)N4C(=O)C=5C(C4=O)=CC=CC5)C6=CC=C(OC)C=C6,True,True,False,0,,COc1ccc(O[C@@H]2O[C@H](COCc3ccccc3)[C@@H](OC(C)=O)[C@H](OCc3ccccc3)[C@H]2N2C(=O)c3ccccc3C2=O)cc1
346,345,O([C@H]1[C@@H]([C@@H](OCC2=CC=CC=C2)[C@H](OC(=O)C)[C@@H](COCC3=CC=CC=C3)O1)N4C(=O)C=5C(C4=O)=CC=CC5)C6=CC=C(OC)C=C6,O([C@H]1[C@@H]([C@@H](OCC2=CC=CC=C2)[C@H](OC(=O)C)[C@@H](COCC3=CC=CC=C3)O1)N4C(=O)C=5C(C4=O)=CC=CC5)C6=CC=C(OC)C=C6,True,True,False,0,,COc1ccc(O[C@@H]2O[C@H](COCc3ccccc3)[C@@H](OC(C)=O)[C@H](OCc3ccccc3)[C@H]2N2C(=O)c3ccccc3C2=O)cc1
347,346,O([C@H]1[C@H](OCC2=CC=CC=C2)[C@@H](OC(=O)C3=CC=CC=C3)[C@H](O[C@H]4[C@H](OCC5=CC=CC=C5)[C@@H](N=[N+]=[N-])[C@@H](O[C@H]6[C@H](OCC7=CC=CC=C7)[C@@H](OC(=O)C8=CC=CC=C8)[C@H](OC9=CC=C(OC)C=C9)O[C@@H]6COC(CCl)=O)O[C@@H]4COC(C)=O)O[C@H]1COC(CCl)=O)[C@@H]%10[C@H](N=[N+]=[N-])[C@@H](OCC%11=CC=CC=C%11)[C@H](O[C@H]%12[C@H](OC(=O)C%13=CC=CC=C%13)[C@@H](OCC%14=CC=CC=C%14)[C@H](O[C@@H]%15[C@H](N=[N+]=[N-])[C@@H](OCC%16=CC=CC=C%16)[C@H](OC(=O)C)[C@@H](COC(C)=O)O%15)[C@H](COC(CCl)=O)O%12)[C@@H](COC(C)=O)O%10,O([C@H]1[C@H](OCC2=CC=CC=C2)[C@@H](OC(=O)C3=CC=CC=C3)[C@H](O[C@H]4[C@H](OCC5=CC=CC=C5)[C@@H](N=[N+]=[N-])[C@@H](O[C@H]6[C@H](OCC7=CC=CC=C7)[C@@H](OC(=O)C8=CC=CC=C8)[C@H](OC9=CC=C(OC)C=C9)O[C@@H]6COC(CCl)=O)O[C@@H]4COC(C)=O)O[C@H]1COC(CCl)=O)[C@@H]%10[C@H](N=[N+]=[N-])[C@@H](OCC%11=CC=CC=C%11)[C@H](O[C@H]%12[C@H](OC(=O)C%13=CC=CC=C%13)[C@@H](OCC%14=CC=CC=C%14)[C@H](O[C@@H]%15[C@H](N=[N+]=[N-])[C@@H](OCC%16=CC=CC=C%16)[C@H](OC(=O)C)[C@@H](COC(C)=O)O%15)[C@H](COC(CCl)=O)O%12)[C@@H](COC(C)=O)O%10,True,True,False,0,,COc1ccc(O[C@@H]2O[C@H](COC(=O)CCl)[C@@H](O[C@H]3O[C@H](COC(C)=O)[C@@H](O[C@@H]4O[C@@H](COC(=O)CCl)[C@@H](O[C@H]5O[C@H](COC(C)=O)[C@@H](O[C@@H]6O[C@@H](COC(=O)CCl)[C@@H](O[C@H]7O[C@H](COC(C)=O)[C@@H](OC(C)=O)[C@H](OCc8ccccc8)[C@H]7N=[N+]=[N-])[C@H](OCc7ccccc7)[C@H]6OC(=O)c6ccccc6)[C@H](OCc6ccccc6)[C@H]5N=[N+]=[N-])[C@H](OCc5ccccc5)[C@H]4OC(=O)c4ccccc4)[C@H](OCc4ccccc4)[C@H]3N=[N+]=[N-])[C@H](OCc3ccccc3)[C@H]2OC(=O)c2ccccc2)cc1
348,347,O([C@@H]1[C@@H](OCC2=CC=CC=C2)[C@H](O[C@H]3[C@H](OCC4=CC=CC=C4)[C@@H](OCC5=CC=CC=C5)[C@H](OC6=CC=C(OC)C=C6)O[C@@H]3COCC7=CC=CC=C7)O[C@H](COCC8=CC=CC=C8)[C@@H]1OC(C)=O)[C@H]9[C@@H]([C@@H](O)[C@H](OC(=O)C)[C@@H](COCC%10=CC=CC=C%10)O9)N%11C(=O)C=%12C(C%11=O)=CC=CC%12,O([C@@H]1[C@@H](OCC2=CC=CC=C2)[C@H](O[C@H]3[C@H](OCC4=CC=CC=C4)[C@@H](OCC5=CC=CC=C5)[C@H](OC6=CC=C(OC)C=C6)O[C@@H]3COCC7=CC=CC=C7)O[C@H](COCC8=CC=CC=C8)[C@@H]1OC(C)=O)[C@H]9[C@@H]([C@@H](O)[C@H](OC(=O)C)[C@@H](COCC%10=CC=CC=C%10)O9)N%11C(=O)C=%12C(C%11=O)=CC=CC%12,True,True,False,0,,COc1ccc(O[C@@H]2O[C@H](COCc3ccccc3)[C@@H](O[C@@H]3O[C@H](COCc4ccccc4)[C@H](OC(C)=O)[C@H](O[C@@H]4O[C@H](COCc5ccccc5)[C@@H](OC(C)=O)[C@H](O)[C@H]4N4C(=O)c5ccccc5C4=O)[C@H]3OCc3ccccc3)[C@H](OCc3ccccc3)[C@H]2OCc2ccccc2)cc1
349,348,O([C@H]1[C@H](OCC2=CC=CC=C2)[C@@H](OC(=O)C3=CC=CC=C3)[C@H](O[C@H]4[C@H](OCC5=CC=CC=C5)[C@@H](N=[N+]=[N-])[C@@H](O[C@H]6[C@H](OCC7=CC=CC=C7)[C@@H](OC(=O)C8=CC=CC=C8)[C@H](OC9=CC=C(OC)C=C9)O[C@@H]6COC(CCl)=O)O[C@@H]4COC(C)=O)O[C@H]1COC(CCl)=O)[C@@H]%10[C@H](N=[N+]=[N-])[C@@H](OCC%11=CC=CC=C%11)[C@H](O[C@H]%12[C@H](OC(=O)C%13=CC=CC=C%13)[C@@H](OCC%14=CC=CC=C%14)[C@H](O[C@@H]%15[C@H](N=[N+]=[N-])[C@@H](OCC%16=CC=CC=C%16)[C@H](OC(=O)C)[C@@H](COC(C)=O)O%15)[C@@H](COC(CCl)=O)O%12)[C@@H](COC(C)=O)O%10,O([C@H]1[C@H](OCC2=CC=CC=C2)[C@@H](OC(=O)C3=CC=CC=C3)[C@H](O[C@H]4[C@H](OCC5=CC=CC=C5)[C@@H](N=[N+]=[N-])[C@@H](O[C@H]6[C@H](OCC7=CC=CC=C7)[C@@H](OC(=O)C8=CC=CC=C8)[C@H](OC9=CC=C(OC)C=C9)O[C@@H]6COC(CCl)=O)O[C@@H]4COC(C)=O)O[C@H]1COC(CCl)=O)[C@@H]%10[C@H](N=[N+]=[N-])[C@@H](OCC%11=CC=CC=C%11)[C@H](O[C@H]%12[C@H](OC(=O)C%13=CC=CC=C%13)[C@@H](OCC%14=CC=CC=C%14)[C@H](O[C@@H]%15[C@H](N=[N+]=[N-])[C@@H](OCC%16=CC=CC=C%16)[C@H](OC(=O)C)[C@@H](COC(C)=O)O%15)[C@@H](COC(CCl)=O)O%12)[C@@H](COC(C)=O)O%10,True,True,False,0,,COc1ccc(O[C@@H]2O[C@H](COC(=O)CCl)[C@@H](O[C@H]3O[C@H](COC(C)=O)[C@@H](O[C@@H]4O[C@@H](COC(=O)CCl)[C@@H](O[C@H]5O[C@H](COC(C)=O)[C@@H](O[C@@H]6O[C@H](COC(=O)CCl)[C@@H](O[C@H]7O[C@H](COC(C)=O)[C@@H](OC(C)=O)[C@H](OCc8ccccc8)[C@H]7N=[N+]=[N-])[C@H](OCc7ccccc7)[C@H]6OC(=O)c6ccccc6)[C@H](OCc6ccccc6)[C@H]5N=[N+]=[N-])[C@H](OCc5ccccc5)[C@H]4OC(=O)c4ccccc4)[C@H](OCc4ccccc4)[C@H]3N=[N+]=[N-])[C@H](OCc3ccccc3)[C@H]2OC(=O)c2ccccc2)cc1
350,349,O([C@H]1[C@H](OCC2=CC=CC=C2)[C@@H](OC(=O)C3=CC=CC=C3)[C@H](O[C@H]4[C@H](OCC5=CC=CC=C5)[C@@H](N=[N+]=[N-])[C@@H](O[C@H]6[C@H](OCC7=CC=CC=C7)[C@@H](OC(=O)C8=CC=CC=C8)[C@H](OC9=CC=C(OC)C=C9)O[C@H]6COC(CCl)=O)O[C@@H]4COC(C)=O)O[C@H]1COC(CCl)=O)[C@@H]%10[C@H](N=[N+]=[N-])[C@@H](OCC%11=CC=CC=C%11)[C@H](O[C@H]%12[C@H](OC(=O)C%13=CC=CC=C%13)[C@@H](OCC%14=CC=CC=C%14)[C@H](O[C@@H]%15[C@H](N=[N+]=[N-])[C@@H](OCC%16=CC=CC=C%16)[C@H](OC(=O)C)[C@@H](COC(C)=O)O%15)[C@H](COC(CCl)=O)O%12)[C@@H](COC(C)=O)O%10,O([C@H]1[C@H](OCC2=CC=CC=C2)[C@@H](OC(=O)C3=CC=CC=C3)[C@H](O[C@H]4[C@H](OCC5=CC=CC=C5)[C@@H](N=[N+]=[N-])[C@@H](O[C@H]6[C@H](OCC7=CC=CC=C7)[C@@H](OC(=O)C8=CC=CC=C8)[C@H](OC9=CC=C(OC)C=C9)O[C@H]6COC(CCl)=O)O[C@@H]4COC(C)=O)O[C@H]1COC(CCl)=O)[C@@H]%10[C@H](N=[N+]=[N-])[C@@H](OCC%11=CC=CC=C%11)[C@H](O[C@H]%12[C@H](OC(=O)C%13=CC=CC=C%13)[C@@H](OCC%14=CC=CC=C%14)[C@H](O[C@@H]%15[C@H](N=[N+]=[N-])[C@@H](OCC%16=CC=CC=C%16)[C@H](OC(=O)C)[C@@H](COC(C)=O)O%15)[C@H](COC(CCl)=O)O%12)[C@@H](COC(C)=O)O%10,True,True,False,0,,COc1ccc(O[C@@H]2O[C@@H](COC(=O)CCl)[C@@H](O[C@H]3O[C@H](COC(C)=O)[C@@H](O[C@@H]4O[C@@H](COC(=O)CCl)[C@@H](O[C@H]5O[C@H](COC(C)=O)[C@@H](O[C@@H]6O[C@@H](COC(=O)CCl)[C@@H](O[C@H]7O[C@H](COC(C)=O)[C@@H](OC(C)=O)[C@H](OCc8ccccc8)[C@H]7N=[N+]=[N-])[C@H](OCc7ccccc7)[C@H]6OC(=O)c6ccccc6)[C@H](OCc6ccccc6)[C@H]5N=[N+]=[N-])[C@H](OCc5ccccc5)[C@H]4OC(=O)c4ccccc4)[C@H](OCc4ccccc4)[C@H]3N=[N+]=[N-])[C@H](OCc3ccccc3)[C@H]2OC(=O)c2ccccc2)cc1
351,350,O([C@H]1[C@H](OCC2=CC=CC=C2)[C@@H](OC(=O)C3=CC=CC=C3)[C@H](O[C@H]4[C@H](OCC5=CC=CC=C5)[C@@H](N=[N+]=[N-])[C@@H](O[C@H]6[C@H](OCC7=CC=CC=C7)[C@@H](OC(=O)C8=CC=CC=C8)[C@H](OC9=CC=C(OC)C=C9)O[C@H]6COC(CCl)=O)O[C@@H]4COC(C)=O)O[C@H]1COC(CCl)=O)[C@@H]%10[C@H](N=[N+]=[N-])[C@@H](OCC%11=CC=CC=C%11)[C@H](O[C@H]%12[C@H](OC(=O)C%13=CC=CC=C%13)[C@@H](OCC%14=CC=CC=C%14)[C@H](O[C@@H]%15[C@H](N=[N+]=[N-])[C@@H](OCC%16=CC=CC=C%16)[C@H](OC(=O)C)[C@@H](COC(C)=O)O%15)[C@H](COC(CCl)=O)O%12)[C@@H](COC(C)=O)O%10,O([C@H]1[C@H](OCC2=CC=CC=C2)[C@@H](OC(=O)C3=CC=CC=C3)[C@H](O[C@H]4[C@H](OCC5=CC=CC=C5)[C@@H](N=[N+]=[N-])[C@@H](O[C@H]6[C@H](OCC7=CC=CC=C7)[C@@H](OC(=O)C8=CC=CC=C8)[C@H](OC9=CC=C(OC)C=C9)O[C@H]6COC(CCl)=O)O[C@@H]4COC(C)=O)O[C@H]1COC(CCl)=O)[C@@H]%10[C@H](N=[N+]=[N-])[C@@H](OCC%11=CC=CC=C%11)[C@H](O[C@H]%12[C@H](OC(=O)C%13=CC=CC=C%13)[C@@H](OCC%14=CC=CC=C%14)[C@H](O[C@@H]%15[C@H](N=[N+]=[N-])[C@@H](OCC%16=CC=CC=C%16)[C@H](OC(=O)C)[C@@H](COC(C)=O)O%15)[C@H](COC(CCl)=O)O%12)[C@@H](COC(C)=O)O%10,True,True,False,0,,COc1ccc(O[C@@H]2O[C@@H](COC(=O)CCl)[C@@H](O[C@H]3O[C@H](COC(C)=O)[C@@H](O[C@@H]4O[C@@H](COC(=O)CCl)[C@@H](O[C@H]5O[C@H](COC(C)=O)[C@@H](O[C@@H]6O[C@@H](COC(=O)CCl)[C@@H](O[C@H]7O[C@H](COC(C)=O)[C@@H](OC(C)=O)[C@H](OCc8ccccc8)[C@H]7N=[N+]=[N-])[C@H](OCc7ccccc7)[C@H]6OC(=O)c6ccccc6)[C@H](OCc6ccccc6)[C@H]5N=[N+]=[N-])[C@H](OCc5ccccc5)[C@H]4OC(=O)c4ccccc4)[C@H](OCc4ccccc4)[C@H]3N=[N+]=[N-])[C@H](OCc3ccccc3)[C@H]2OC(=O)c2ccccc2)cc1
352,351,O(CC1=CC=CC=C1)[C@H]2[C@@H](OCC3=CC=CC=C3)[C@H](OCC4=CC=CC=C4)[C@@H](CO[C@H]5[C@H](NC(C(Cl)(Cl)Cl)=O)[C@@H](OCC6=CC=CC=C6)[C@H](OC(=O)C)[C@@H](COCC7=CC=CC=C7)O5)O[C@@H]2OC[C@@H]8[C@@H](OCC9=CC=CC=C9)[C@H](OCC%10=CC=CC=C%10)[C@H](OCC%11=CC=CC=C%11)[C@H](OCCCCCCCC)O8,O(CC1=CC=CC=C1)[C@H]2[C@@H](OCC3=CC=CC=C3)[C@H](OCC4=CC=CC=C4)[C@@H](CO[C@H]5[C@H](NC(C(Cl)(Cl)Cl)=O)[C@@H](OCC6=CC=CC=C6)[C@H](OC(=O)C)[C@@H](COCC7=CC=CC=C7)O5)O[C@@H]2OC[C@@H]8[C@@H](OCC9=CC=CC=C9)[C@H](OCC%10=CC=CC=C%10)[C@H](OCC%11=CC=CC=C%11)[C@H](OCCCCCCCC)O8,True,True,False,0,,CCCCCCCCO[C@@H]1O[C@H](CO[C@H]2O[C@H](CO[C@@H]3O[C@H](COCc4ccccc4)[C@@H](OC(C)=O)[C@H](OCc4ccccc4)[C@H]3NC(=O)C(Cl)(Cl)Cl)[C@@H](OCc3ccccc3)[C@H](OCc3ccccc3)[C@@H]2OCc2ccccc2)[C@@H](OCc2ccccc2)[C@H](OCc2ccccc2)[C@@H]1OCc1ccccc1
353,352,O([C@H]1[C@H](OCC2=CC=CC=C2)[C@@H](OC(=O)C3=CC=CC=C3)[C@H](OC4=CC=C(OC)C=C4)O[C@H]1COC(CCl)=O)[C@@H]5[C@H](N=[N+]=[N-])[C@@H](OCC6=CC=CC=C6)[C@H](OC(=O)C)[C@@H](COC(C)=O)O5,O([C@H]1[C@H](OCC2=CC=CC=C2)[C@@H](OC(=O)C3=CC=CC=C3)[C@H](OC4=CC=C(OC)C=C4)O[C@H]1COC(CCl)=O)[C@@H]5[C@H](N=[N+]=[N-])[C@@H](OCC6=CC=CC=C6)[C@H](OC(=O)C)[C@@H](COC(C)=O)O5,True,True,False,0,,COc1ccc(O[C@@H]2O[C@@H](COC(=O)CCl)[C@@H](O[C@H]3O[C@H](COC(C)=O)[C@@H](OC(C)=O)[C@H](OCc4ccccc4)[C@H]3N=[N+]=[N-])[C@H](OCc3ccccc3)[C@H]2OC(=O)c2ccccc2)cc1
354,353,O([C@H]1[C@H](OCC2=CC=CC=C2)[C@@H](OC(=O)C3=CC=CC=C3)[C@H](O[C@H]4[C@H](OCC5=CC=CC=C5)[C@@H](N=[N+]=[N-])[C@@H](O[C@H]6[C@H](OCC7=CC=CC=C7)[C@@H](OC(=O)C8=CC=CC=C8)[C@H](OC9=CC=C(OC)C=C9)O[C@@H]6COC(CCl)=O)O[C@@H]4COC(C)=O)O[C@@H]1COC(CCl)=O)[C@@H]%10[C@H](N=[N+]=[N-])[C@@H](OCC%11=CC=CC=C%11)[C@H](OC(=O)C)[C@@H](COC(C)=O)O%10,O([C@H]1[C@H](OCC2=CC=CC=C2)[C@@H](OC(=O)C3=CC=CC=C3)[C@H](O[C@H]4[C@H](OCC5=CC=CC=C5)[C@@H](N=[N+]=[N-])[C@@H](O[C@H]6[C@H](OCC7=CC=CC=C7)[C@@H](OC(=O)C8=CC=CC=C8)[C@H](OC9=CC=C(OC)C=C9)O[C@@H]6COC(CCl)=O)O[C@@H]4COC(C)=O)O[C@@H]1COC(CCl)=O)[C@@H]%10[C@H](N=[N+]=[N-])[C@@H](OCC%11=CC=CC=C%11)[C@H](OC(=O)C)[C@@H](COC(C)=O)O%10,True,True,False,0,,COc1ccc(O[C@@H]2O[C@H](COC(=O)CCl)[C@@H](O[C@H]3O[C@H](COC(C)=O)[C@@H](O[C@@H]4O[C@H](COC(=O)CCl)[C@@H](O[C@H]5O[C@H](COC(C)=O)[C@@H](OC(C)=O)[C@H](OCc6ccccc6)[C@H]5N=[N+]=[N-])[C@H](OCc5ccccc5)[C@H]4OC(=O)c4ccccc4)[C@H](OCc4ccccc4)[C@H]3N=[N+]=[N-])[C@H](OCc3ccccc3)[C@H]2OC(=O)c2ccccc2)cc1
355,354,O([C@@H]1[C@@H](OCC2=CC=CC=C2)[C@H](OCC3=CC=CC=C3)[C@@H](OCC4=CC=CC=C4)[C@@H](OCC5=CC=CC=C5)[C@H]1OCC=C)[C@@H]6[C@H](N=[N+]=[N-])[C@@H](OCC7=CC=CC=C7)[C@H](OC(=O)C)[C@@H](COCC8=CC=CC=C8)O6,O([C@@H]1[C@@H](OCC2=CC=CC=C2)[C@H](OCC3=CC=CC=C3)[C@@H](OCC4=CC=CC=C4)[C@@H](OCC5=CC=CC=C5)[C@H]1OCC=C)[C@@H]6[C@H](N=[N+]=[N-])[C@@H](OCC7=CC=CC=C7)[C@H](OC(=O)C)[C@@H](COCC8=CC=CC=C8)O6,True,True,False,0,,C=CCO[C@@H]1[C@H](OCc2ccccc2)[C@H](OCc2ccccc2)[C@@H](OCc2ccccc2)[C@H](OCc2ccccc2)[C@H]1O[C@H]1O[C@H](COCc2ccccc2)[C@@H](OC(C)=O)[C@H](OCc2ccccc2)[C@H]1N=[N+]=[N-]
356,355,O([C@H]1[C@H](OCC2=CC=CC=C2)[C@@H](OC(C(C)(C)C)=O)C(OC(CCC(N)=O)=O)O[C@H]1C(OC)=O)[C@@H]3[C@H](N=[N+]=[N-])[C@@H](OCC4=CC=CC=C4)[C@H](OC(=O)C)[C@@H](COC(=O)C5=CC=CC=C5)O3,O([C@H]1[C@H](OCC2=CC=CC=C2)[C@@H](OC(C(C)(C)C)=O)C(OC(CCC(N)=O)=O)O[C@H]1C(OC)=O)[C@@H]3[C@H](N=[N+]=[N-])[C@@H](OCC4=CC=CC=C4)[C@H](OC(=O)C)[C@@H](COC(=O)C5=CC=CC=C5)O3,True,True,False,0,,COC(=O)[C@@H]1OC(OC(=O)CCC(N)=O)[C@H](OC(=O)C(C)(C)C)[C@@H](OCc2ccccc2)[C@@H]1O[C@H]1O[C@H](COC(=O)c2ccccc2)[C@@H](OC(C)=O)[C@H](OCc2ccccc2)[C@H]1N=[N+]=[N-]
357,356,O([C@H]1[C@H](OCC2=CC=CC=C2)[C@@H](OC(=O)C3=CC=CC=C3)[C@H](O[C@H]4[C@H](OCC5=CC=CC=C5)[C@@H](N=[N+]=[N-])[C@@H](O[C@H]6[C@H](OCC7=CC=CC=C7)[C@@H](OC(=O)C8=CC=CC=C8)[C@H](OC9=CC=C(OC)C=C9)O[C@@H]6COC(CCl)=O)O[C@@H]4COC(C)=O)O[C@@H]1COC(CCl)=O)[C@@H]%10[C@H](N=[N+]=[N-])[C@@H](OCC%11=CC=CC=C%11)[C@H](O[C@H]%12[C@H](OC(=O)C%13=CC=CC=C%13)[C@@H](OCC%14=CC=CC=C%14)[C@H](O[C@@H]%15[C@H](N=[N+]=[N-])[C@@H](OCC%16=CC=CC=C%16)[C@H](OC(=O)C)[C@@H](COC(C)=O)O%15)[C@@H](COC(CCl)=O)O%12)[C@@H](COC(C)=O)O%10,O([C@H]1[C@H](OCC2=CC=CC=C2)[C@@H](OC(=O)C3=CC=CC=C3)[C@H](O[C@H]4[C@H](OCC5=CC=CC=C5)[C@@H](N=[N+]=[N-])[C@@H](O[C@H]6[C@H](OCC7=CC=CC=C7)[C@@H](OC(=O)C8=CC=CC=C8)[C@H](OC9=CC=C(OC)C=C9)O[C@@H]6COC(CCl)=O)O[C@@H]4COC(C)=O)O[C@@H]1COC(CCl)=O)[C@@H]%10[C@H](N=[N+]=[N-])[C@@H](OCC%11=CC=CC=C%11)[C@H](O[C@H]%12[C@H](OC(=O)C%13=CC=CC=C%13)[C@@H](OCC%14=CC=CC=C%14)[C@H](O[C@@H]%15[C@H](N=[N+]=[N-])[C@@H](OCC%16=CC=CC=C%16)[C@H](OC(=O)C)[C@@H](COC(C)=O)O%15)[C@@H](COC(CCl)=O)O%12)[C@@H](COC(C)=O)O%10,True,True,False,0,,COc1ccc(O[C@@H]2O[C@H](COC(=O)CCl)[C@@H](O[C@H]3O[C@H](COC(C)=O)[C@@H](O[C@@H]4O[C@H](COC(=O)CCl)[C@@H](O[C@H]5O[C@H](COC(C)=O)[C@@H](O[C@@H]6O[C@H](COC(=O)CCl)[C@@H](O[C@H]7O[C@H](COC(C)=O)[C@@H](OC(C)=O)[C@H](OCc8ccccc8)[C@H]7N=[N+]=[N-])[C@H](OCc7ccccc7)[C@H]6OC(=O)c6ccccc6)[C@H](OCc6ccccc6)[C@H]5N=[N+]=[N-])[C@H](OCc5ccccc5)[C@H]4OC(=O)c4ccccc4)[C@H](OCc4ccccc4)[C@H]3N=[N+]=[N-])[C@H](OCc3ccccc3)[C@H]2OC(=O)c2ccccc2)cc1
358,357,O([C@H]1[C@H](OCC2=CC=CC=C2)[C@@H](OC(=O)C3=CC=CC=C3)[C@H](OC4=CC=C(OC)C=C4)O[C@H]1COC(CCl)=O)[C@@H]5[C@H](N=[N+]=[N-])[C@@H](OCC6=CC=CC=C6)[C@H](OC(=O)C)[C@@H](COC(C)=O)O5,O([C@H]1[C@H](OCC2=CC=CC=C2)[C@@H](OC(=O)C3=CC=CC=C3)[C@H](OC4=CC=C(OC)C=C4)O[C@H]1COC(CCl)=O)[C@@H]5[C@H](N=[N+]=[N-])[C@@H](OCC6=CC=CC=C6)[C@H](OC(=O)C)[C@@H](COC(C)=O)O5,True,True,False,0,,COc1ccc(O[C@@H]2O[C@@H](COC(=O)CCl)[C@@H](O[C@H]3O[C@H](COC(C)=O)[C@@H](OC(C)=O)[C@H](OCc4ccccc4)[C@H]3N=[N+]=[N-])[C@H](OCc3ccccc3)[C@H]2OC(=O)c2ccccc2)cc1
359,358,O([C@H]1[C@H](OCC2=CC=CC=C2)[C@@H](OC(=O)C3=CC=CC=C3)[C@H](OC4=CC=C(OC)C=C4)O[C@@H]1COC(CCl)=O)[C@@H]5[C@H](N=[N+]=[N-])[C@@H](OCC6=CC=CC=C6)[C@H](OC(=O)C)[C@@H](COC(C)=O)O5,O([C@H]1[C@H](OCC2=CC=CC=C2)[C@@H](OC(=O)C3=CC=CC=C3)[C@H](OC4=CC=C(OC)C=C4)O[C@@H]1COC(CCl)=O)[C@@H]5[C@H](N=[N+]=[N-])[C@@H](OCC6=CC=CC=C6)[C@H](OC(=O)C)[C@@H](COC(C)=O)O5,True,True,False,0,,COc1ccc(O[C@@H]2O[C@H](COC(=O)CCl)[C@@H](O[C@H]3O[C@H](COC(C)=O)[C@@H](OC(C)=O)[C@H](OCc4ccccc4)[C@H]3N=[N+]=[N-])[C@H](OCc3ccccc3)[C@H]2OC(=O)c2ccccc2)cc1
360,359,O([C@H]1[C@H](OCC2=CC=CC=C2)[C@@H](OC(=O)C3=CC=CC=C3)[C@H](O[C@H]4[C@H](OCC5=CC=CC=C5)[C@@H](N=[N+]=[N-])[C@@H](O[C@H]6[C@H](OCC7=CC=CC=C7)[C@@H](OC(=O)C8=CC=CC=C8)[C@H](OC9=CC=C(OC)C=C9)O[C@H]6COC(CCl)=O)O[C@@H]4COC(C)=O)O[C@@H]1COC(CCl)=O)[C@@H]%10[C@H](N=[N+]=[N-])[C@@H](OCC%11=CC=CC=C%11)[C@H](O[C@H]%12[C@H](OC(=O)C%13=CC=CC=C%13)[C@@H](OCC%14=CC=CC=C%14)[C@H](O[C@@H]%15[C@H](N=[N+]=[N-])[C@@H](OCC%16=CC=CC=C%16)[C@H](OC(=O)C)[C@@H](COC(C)=O)O%15)[C@H](COC(CCl)=O)O%12)[C@@H](COC(C)=O)O%10,O([C@H]1[C@H](OCC2=CC=CC=C2)[C@@H](OC(=O)C3=CC=CC=C3)[C@H](O[C@H]4[C@H](OCC5=CC=CC=C5)[C@@H](N=[N+]=[N-])[C@@H](O[C@H]6[C@H](OCC7=CC=CC=C7)[C@@H](OC(=O)C8=CC=CC=C8)[C@H](OC9=CC=C(OC)C=C9)O[C@H]6COC(CCl)=O)O[C@@H]4COC(C)=O)O[C@@H]1COC(CCl)=O)[C@@H]%10[C@H](N=[N+]=[N-])[C@@H](OCC%11=CC=CC=C%11)[C@H](O[C@H]%12[C@H](OC(=O)C%13=CC=CC=C%13)[C@@H](OCC%14=CC=CC=C%14)[C@H](O[C@@H]%15[C@H](N=[N+]=[N-])[C@@H](OCC%16=CC=CC=C%16)[C@H](OC(=O)C)[C@@H](COC(C)=O)O%15)[C@H](COC(CCl)=O)O%12)[C@@H](COC(C)=O)O%10,True,True,False,0,,COc1ccc(O[C@@H]2O[C@@H](COC(=O)CCl)[C@@H](O[C@H]3O[C@H](COC(C)=O)[C@@H](O[C@@H]4O[C@H](COC(=O)CCl)[C@@H](O[C@H]5O[C@H](COC(C)=O)[C@@H](O[C@@H]6O[C@@H](COC(=O)CCl)[C@@H](O[C@H]7O[C@H](COC(C)=O)[C@@H](OC(C)=O)[C@H](OCc8ccccc8)[C@H]7N=[N+]=[N-])[C@H](OCc7ccccc7)[C@H]6OC(=O)c6ccccc6)[C@H](OCc6ccccc6)[C@H]5N=[N+]=[N-])[C@H](OCc5ccccc5)[C@H]4OC(=O)c4ccccc4)[C@H](OCc4ccccc4)[C@H]3N=[N+]=[N-])[C@H](OCc3ccccc3)[C@H]2OC(=O)c2ccccc2)cc1
361,360,O([C@H]1[C@H](OCC2=CC=CC=C2)[C@@H](OC(=O)C3=CC=CC=C3)[C@H](OC4=CC=C(OC)C=C4)O[C@@H]1COC(CCl)=O)[C@@H]5[C@H](N=[N+]=[N-])[C@@H](OCC6=CC=CC=C6)[C@H](OC(=O)C)[C@@H](COC(C)=O)O5,O([C@H]1[C@H](OCC2=CC=CC=C2)[C@@H](OC(=O)C3=CC=CC=C3)[C@H](OC4=CC=C(OC)C=C4)O[C@@H]1COC(CCl)=O)[C@@H]5[C@H](N=[N+]=[N-])[C@@H](OCC6=CC=CC=C6)[C@H](OC(=O)C)[C@@H](COC(C)=O)O5,True,True,False,0,,COc1ccc(O[C@@H]2O[C@H](COC(=O)CCl)[C@@H](O[C@H]3O[C@H](COC(C)=O)[C@@H](OC(C)=O)[C@H](OCc4ccccc4)[C@H]3N=[N+]=[N-])[C@H](OCc3ccccc3)[C@H]2OC(=O)c2ccccc2)cc1
362,361,O([C@H]1[C@H](OCC2=CC=CC=C2)[C@@H](OC(=O)C3=CC=CC=C3)[C@H](O[C@H]4[C@H](OCC5=CC=CC=C5)[C@@H](N=[N+]=[N-])[C@@H](O[C@H]6[C@H](OCC7=CC=CC=C7)[C@@H](OC(=O)C8=CC=CC=C8)[C@H](OC9=CC=C(OC)C=C9)O[C@H]6COC(CCl)=O)O[C@@H]4COC(C)=O)O[C@H]1COC(CCl)=O)[C@@H]%10[C@H](N=[N+]=[N-])[C@@H](OCC%11=CC=CC=C%11)[C@H](OC(=O)C)[C@@H](COC(C)=O)O%10,O([C@H]1[C@H](OCC2=CC=CC=C2)[C@@H](OC(=O)C3=CC=CC=C3)[C@H](O[C@H]4[C@H](OCC5=CC=CC=C5)[C@@H](N=[N+]=[N-])[C@@H](O[C@H]6[C@H](OCC7=CC=CC=C7)[C@@H](OC(=O)C8=CC=CC=C8)[C@H](OC9=CC=C(OC)C=C9)O[C@H]6COC(CCl)=O)O[C@@H]4COC(C)=O)O[C@H]1COC(CCl)=O)[C@@H]%10[C@H](N=[N+]=[N-])[C@@H](OCC%11=CC=CC=C%11)[C@H](OC(=O)C)[C@@H](COC(C)=O)O%10,True,True,False,0,,COc1ccc(O[C@@H]2O[C@@H](COC(=O)CCl)[C@@H](O[C@H]3O[C@H](COC(C)=O)[C@@H](O[C@@H]4O[C@@H](COC(=O)CCl)[C@@H](O[C@H]5O[C@H](COC(C)=O)[C@@H](OC(C)=O)[C@H](OCc6ccccc6)[C@H]5N=[N+]=[N-])[C@H](OCc5ccccc5)[C@H]4OC(=O)c4ccccc4)[C@H](OCc4ccccc4)[C@H]3N=[N+]=[N-])[C@H](OCc3ccccc3)[C@H]2OC(=O)c2ccccc2)cc1
363,362,N(C(C)=O)[C@@H]1[C@@H](OCC2=CC=CC=C2)[C@H](OC(=O)C)[C@@H](COC(=O)C3=CC=CC=C3)O[C@@H]1OC(C)C,N(C(C)=O)[C@@H]1[C@@H](OCC2=CC=CC=C2)[C@H](OC(=O)C)[C@@H](COC(=O)C3=CC=CC=C3)O[C@@H]1OC(C)C,True,True,False,0,,CC(=O)N[C@H]1[C@@H](OC(C)C)O[C@H](COC(=O)c2ccccc2)[C@@H](OC(C)=O)[C@@H]1OCc1ccccc1
364,363,N(C(C)=O)[C@@H]1[C@@H](OCC2=CC=CC=C2)[C@H](OC(=O)C)[C@@H](COC(=O)C3=CC=CC=C3)O[C@@H]1OC(C)C,N(C(C)=O)[C@@H]1[C@@H](OCC2=CC=CC=C2)[C@H](OC(=O)C)[C@@H](COC(=O)C3=CC=CC=C3)O[C@@H]1OC(C)C,True,True,False,0,,CC(=O)N[C@H]1[C@@H](OC(C)C)O[C@H](COC(=O)c2ccccc2)[C@@H](OC(C)=O)[C@@H]1OCc1ccccc1
365,364,O([C@H]1[C@H](OCC2=CC=CC=C2)[C@@H](OC(=O)C3=CC=CC=C3)[C@H](O[C@H]4[C@H](OCC5=CC=CC=C5)[C@@H](N=[N+]=[N-])[C@@H](O[C@H]6[C@H](OCC7=CC=CC=C7)[C@@H](OC(=O)C8=CC=CC=C8)[C@H](OC9=CC=C(OC)C=C9)O[C@H]6COC(CCl)=O)O[C@@H]4COC(C)=O)O[C@H]1COC(CCl)=O)[C@@H]%10[C@H](N=[N+]=[N-])[C@@H](OCC%11=CC=CC=C%11)[C@H](OC(=O)C)[C@@H](COC(C)=O)O%10,O([C@H]1[C@H](OCC2=CC=CC=C2)[C@@H](OC(=O)C3=CC=CC=C3)[C@H](O[C@H]4[C@H](OCC5=CC=CC=C5)[C@@H](N=[N+]=[N-])[C@@H](O[C@H]6[C@H](OCC7=CC=CC=C7)[C@@H](OC(=O)C8=CC=CC=C8)[C@H](OC9=CC=C(OC)C=C9)O[C@H]6COC(CCl)=O)O[C@@H]4COC(C)=O)O[C@H]1COC(CCl)=O)[C@@H]%10[C@H](N=[N+]=[N-])[C@@H](OCC%11=CC=CC=C%11)[C@H](OC(=O)C)[C@@H](COC(C)=O)O%10,True,True,False,0,,COc1ccc(O[C@@H]2O[C@@H](COC(=O)CCl)[C@@H](O[C@H]3O[C@H](COC(C)=O)[C@@H](O[C@@H]4O[C@@H](COC(=O)CCl)[C@@H](O[C@H]5O[C@H](COC(C)=O)[C@@H](OC(C)=O)[C@H](OCc6ccccc6)[C@H]5N=[N+]=[N-])[C@H](OCc5ccccc5)[C@H]4OC(=O)c4ccccc4)[C@H](OCc4ccccc4)[C@H]3N=[N+]=[N-])[C@H](OCc3ccccc3)[C@H]2OC(=O)c2ccccc2)cc1
366,365,O([C@H]1[C@H](OCC2=CC=CC=C2)[C@@H](OC(=O)C3=CC=CC=C3)[C@H](O[C@H]4[C@H](OCC5=CC=CC=C5)[C@@H](N=[N+]=[N-])[C@@H](O[C@H]6[C@H](OCC7=CC=CC=C7)[C@@H](OC(=O)C8=CC=CC=C8)[C@H](OC9=CC=C(OC)C=C9)O[C@@H]6COC(CCl)=O)O[C@@H]4COC(C)=O)O[C@H]1COC(CCl)=O)[C@@H]%10[C@H](N=[N+]=[N-])[C@@H](OCC%11=CC=CC=C%11)[C@H](OC(=O)C)[C@@H](COC(C)=O)O%10,O([C@H]1[C@H](OCC2=CC=CC=C2)[C@@H](OC(=O)C3=CC=CC=C3)[C@H](O[C@H]4[C@H](OCC5=CC=CC=C5)[C@@H](N=[N+]=[N-])[C@@H](O[C@H]6[C@H](OCC7=CC=CC=C7)[C@@H](OC(=O)C8=CC=CC=C8)[C@H](OC9=CC=C(OC)C=C9)O[C@@H]6COC(CCl)=O)O[C@@H]4COC(C)=O)O[C@H]1COC(CCl)=O)[C@@H]%10[C@H](N=[N+]=[N-])[C@@H](OCC%11=CC=CC=C%11)[C@H](OC(=O)C)[C@@H](COC(C)=O)O%10,True,True,False,0,,COc1ccc(O[C@@H]2O[C@H](COC(=O)CCl)[C@@H](O[C@H]3O[C@H](COC(C)=O)[C@@H](O[C@@H]4O[C@@H](COC(=O)CCl)[C@@H](O[C@H]5O[C@H](COC(C)=O)[C@@H](OC(C)=O)[C@H](OCc6ccccc6)[C@H]5N=[N+]=[N-])[C@H](OCc5ccccc5)[C@H]4OC(=O)c4ccccc4)[C@H](OCc4ccccc4)[C@H]3N=[N+]=[N-])[C@H](OCc3ccccc3)[C@H]2OC(=O)c2ccccc2)cc1
367,366,O(CC1=CC=CC=C1)[C@@H]2[C@H]([C@H](O[C@H]3[C@H](OCC4=CC=CC=C4)[C@H]([C@H](OCCN=[N+]=[N-])O[C@@H]3COCC5=CC=CC=C5)N6C(=O)C=7C(C6=O)=CC=CC7)O[C@H](COCC8=CC=CC=C8)[C@H]2O[C@H]9[C@@H]([C@@H](OCC%10=CC=CC=C%10)[C@H](OC(=O)C)[C@@H](COCC%11=CC=CC=C%11)O9)N%12C(=O)C=%13C(C%12=O)=CC=CC%13)N%14C(=O)C=%15C(C%14=O)=CC=CC%15,O(CC1=CC=CC=C1)[C@@H]2[C@H]([C@H](O[C@H]3[C@H](OCC4=CC=CC=C4)[C@H]([C@H](OCCN=[N+]=[N-])O[C@@H]3COCC5=CC=CC=C5)N6C(=O)C=7C(C6=O)=CC=CC7)O[C@H](COCC8=CC=CC=C8)[C@H]2O[C@H]9[C@@H]([C@@H](OCC%10=CC=CC=C%10)[C@H](OC(=O)C)[C@@H](COCC%11=CC=CC=C%11)O9)N%12C(=O)C=%13C(C%12=O)=CC=CC%13)N%14C(=O)C=%15C(C%14=O)=CC=CC%15,True,True,False,0,,CC(=O)O[C@H]1[C@H](OCc2ccccc2)[C@@H](N2C(=O)c3ccccc3C2=O)[C@H](O[C@H]2[C@H](OCc3ccccc3)[C@@H](N3C(=O)c4ccccc4C3=O)[C@H](O[C@H]3[C@H](OCc4ccccc4)[C@@H](N4C(=O)c5ccccc5C4=O)[C@H](OCCN=[N+]=[N-])O[C@@H]3COCc3ccccc3)O[C@@H]2COCc2ccccc2)O[C@@H]1COCc1ccccc1
368,367,O([C@H]1[C@H](OP(OC[C@H](COC(CCCCCCC/C=C\CCCCCCCC)=O)OC(CCCCCCC/C=C\CCCCCCCC)=O)(OCCC#N)=O)[C@H](OCC2=CC=C(OC)C=C2)[C@H](OCC3=CC=C(OC)C=C3)[C@@H](OCC4=CC=C(OC)C=C4)[C@@H]1OCC5=CC=C(OC)C=C5)[C@@H]6[C@H](N=[N+]=[N-])[C@@H](OCC7=CC=C(OC)C=C7)[C@H](OC(=O)C)[C@@H](COCC8=CC=C(OC)C=C8)O6,O([C@H]1[C@H](OP(OC[C@H](COC(CCCCCCC/C=C\CCCCCCCC)=O)OC(CCCCCCC/C=C\CCCCCCCC)=O)(OCCC#N)=O)[C@H](OCC2=CC=C(OC)C=C2)[C@H](OCC3=CC=C(OC)C=C3)[C@@H](OCC4=CC=C(OC)C=C4)[C@@H]1OCC5=CC=C(OC)C=C5)[C@@H]6[C@H](N=[N+]=[N-])[C@@H](OCC7=CC=C(OC)C=C7)[C@H](OC(=O)C)[C@@H](COCC8=CC=C(OC)C=C8)O6,True,True,False,0,,CCCCCCCC/C=C\CCCCCCCC(=O)OC[C@@H](COP(=O)(OCCC#N)O[C@@H]1[C@H](OCc2ccc(OC)cc2)[C@H](OCc2ccc(OC)cc2)[C@@H](OCc2ccc(OC)cc2)[C@H](OCc2ccc(OC)cc2)[C@H]1O[C@H]1O[C@H](COCc2ccc(OC)cc2)[C@@H](OC(C)=O)[C@H](OCc2ccc(OC)cc2)[C@H]1N=[N+]=[N-])OC(=O)CCCCCCC/C=C\CCCCCCCC
369,368,O([C@H]1[C@H](OCC2=CC=CC=C2)[C@@H](OC(=O)C3=CC=CC=C3)[C@H](O[C@H]4[C@H](OCC5=CC=CC=C5)[C@@H](N=[N+]=[N-])[C@@H](O[C@H]6[C@H](OCC7=CC=CC=C7)[C@@H](OC(=O)C8=CC=CC=C8)[C@H](OC9=CC=C(OC)C=C9)O[C@H]6COC(CCl)=O)O[C@@H]4COC(C)=O)O[C@@H]1COC(CCl)=O)[C@@H]%10[C@H](N=[N+]=[N-])[C@@H](OCC%11=CC=CC=C%11)[C@H](OC(=O)C)[C@@H](COC(C)=O)O%10,O([C@H]1[C@H](OCC2=CC=CC=C2)[C@@H](OC(=O)C3=CC=CC=C3)[C@H](O[C@H]4[C@H](OCC5=CC=CC=C5)[C@@H](N=[N+]=[N-])[C@@H](O[C@H]6[C@H](OCC7=CC=CC=C7)[C@@H](OC(=O)C8=CC=CC=C8)[C@H](OC9=CC=C(OC)C=C9)O[C@H]6COC(CCl)=O)O[C@@H]4COC(C)=O)O[C@@H]1COC(CCl)=O)[C@@H]%10[C@H](N=[N+]=[N-])[C@@H](OCC%11=CC=CC=C%11)[C@H](OC(=O)C)[C@@H](COC(C)=O)O%10,True,True,False,0,,COc1ccc(O[C@@H]2O[C@@H](COC(=O)CCl)[C@@H](O[C@H]3O[C@H](COC(C)=O)[C@@H](O[C@@H]4O[C@H](COC(=O)CCl)[C@@H](O[C@H]5O[C@H](COC(C)=O)[C@@H](OC(C)=O)[C@H](OCc6ccccc6)[C@H]5N=[N+]=[N-])[C@H](OCc5ccccc5)[C@H]4OC(=O)c4ccccc4)[C@H](OCc4ccccc4)[C@H]3N=[N+]=[N-])[C@H](OCc3ccccc3)[C@H]2OC(=O)c2ccccc2)cc1
370,369,O(CC1=CC=CC=C1)[C@@H]2[C@H]([C@H](O[C@H]3[C@H](OCC4=CC=CC=C4)[C@H]([C@H](OCCN=[N+]=[N-])O[C@@H]3COCC5=CC=CC=C5)N6C(=O)C=7C(C6=O)=CC=CC7)O[C@H](COCC8=CC=CC=C8)[C@H]2O[C@H]9[C@@H]([C@@H](OCC%10=CC=CC=C%10)[C@H](OC(=O)C)[C@@H](COCC%11=CC=CC=C%11)O9)N%12C(=O)C=%13C(C%12=O)=CC=CC%13)N%14C(=O)C=%15C(C%14=O)=CC=CC%15,O(CC1=CC=CC=C1)[C@@H]2[C@H]([C@H](O[C@H]3[C@H](OCC4=CC=CC=C4)[C@H]([C@H](OCCN=[N+]=[N-])O[C@@H]3COCC5=CC=CC=C5)N6C(=O)C=7C(C6=O)=CC=CC7)O[C@H](COCC8=CC=CC=C8)[C@H]2O[C@H]9[C@@H]([C@@H](OCC%10=CC=CC=C%10)[C@H](OC(=O)C)[C@@H](COCC%11=CC=CC=C%11)O9)N%12C(=O)C=%13C(C%12=O)=CC=CC%13)N%14C(=O)C=%15C(C%14=O)=CC=CC%15,True,True,False,0,,CC(=O)O[C@H]1[C@H](OCc2ccccc2)[C@@H](N2C(=O)c3ccccc3C2=O)[C@H](O[C@H]2[C@H](OCc3ccccc3)[C@@H](N3C(=O)c4ccccc4C3=O)[C@H](O[C@H]3[C@H](OCc4ccccc4)[C@@H](N4C(=O)c5ccccc5C4=O)[C@H](OCCN=[N+]=[N-])O[C@@H]3COCc3ccccc3)O[C@@H]2COCc2ccccc2)O[C@@H]1COCc1ccccc1
371,370,O([C@H]1[C@H](OCC2=CC=CC=C2)[C@@H](OC(=O)C3=CC=CC=C3)[C@H](O[C@H]4[C@H](OCC5=CC=CC=C5)[C@@H](N=[N+]=[N-])[C@@H](OC)O[C@@H]4COC(=O)C6=CC=CC=C6)O[C@H]1C(OC)=O)[C@@H]7[C@H](N=[N+]=[N-])[C@@H](OC(=O)C8=CC=CC=C8)[C@H](OC(=O)C)[C@@H](COCC9=CC=C(OC)C=C9)O7,O([C@H]1[C@H](OCC2=CC=CC=C2)[C@@H](OC(=O)C3=CC=CC=C3)[C@H](O[C@H]4[C@H](OCC5=CC=CC=C5)[C@@H](N=[N+]=[N-])[C@@H](OC)O[C@@H]4COC(=O)C6=CC=CC=C6)O[C@H]1C(OC)=O)[C@@H]7[C@H](N=[N+]=[N-])[C@@H](OC(=O)C8=CC=CC=C8)[C@H](OC(=O)C)[C@@H](COCC9=CC=C(OC)C=C9)O7,True,True,False,0,,COC(=O)[C@@H]1O[C@@H](O[C@H]2[C@H](OCc3ccccc3)[C@@H](N=[N+]=[N-])[C@@H](OC)O[C@@H]2COC(=O)c2ccccc2)[C@H](OC(=O)c2ccccc2)[C@@H](OCc2ccccc2)[C@@H]1O[C@H]1O[C@H](COCc2ccc(OC)cc2)[C@@H](OC(C)=O)[C@H](OC(=O)c2ccccc2)[C@H]1N=[N+]=[N-]
372,371,O([C@H]1[C@H](OCC2=CC=CC=C2)[C@@H](OC(=O)C3=CC=CC=C3)[C@H](O[C@H]4[C@H](OCC5=CC=CC=C5)[C@@H](N=[N+]=[N-])[C@@H](O[C@H]6[C@H](OCC7=CC=CC=C7)[C@@H](OC(=O)C8=CC=CC=C8)[C@H](OC9=CC=C(OC)C=C9)O[C@H]6COC(CCl)=O)O[C@@H]4COC(C)=O)O[C@H]1COC(CCl)=O)[C@@H]%10[C@H](N=[N+]=[N-])[C@@H](OCC%11=CC=CC=C%11)[C@H](OC(=O)C)[C@@H](COC(C)=O)O%10,O([C@H]1[C@H](OCC2=CC=CC=C2)[C@@H](OC(=O)C3=CC=CC=C3)[C@H](O[C@H]4[C@H](OCC5=CC=CC=C5)[C@@H](N=[N+]=[N-])[C@@H](O[C@H]6[C@H](OCC7=CC=CC=C7)[C@@H](OC(=O)C8=CC=CC=C8)[C@H](OC9=CC=C(OC)C=C9)O[C@H]6COC(CCl)=O)O[C@@H]4COC(C)=O)O[C@H]1COC(CCl)=O)[C@@H]%10[C@H](N=[N+]=[N-])[C@@H](OCC%11=CC=CC=C%11)[C@H](OC(=O)C)[C@@H](COC(C)=O)O%10,True,True,False,0,,COc1ccc(O[C@@H]2O[C@@H](COC(=O)CCl)[C@@H](O[C@H]3O[C@H](COC(C)=O)[C@@H](O[C@@H]4O[C@@H](COC(=O)CCl)[C@@H](O[C@H]5O[C@H](COC(C)=O)[C@@H](OC(C)=O)[C@H](OCc6ccccc6)[C@H]5N=[N+]=[N-])[C@H](OCc5ccccc5)[C@H]4OC(=O)c4ccccc4)[C@H](OCc4ccccc4)[C@H]3N=[N+]=[N-])[C@H](OCc3ccccc3)[C@H]2OC(=O)c2ccccc2)cc1
373,372,O([C@H]1[C@H](OC(OCC2=CC=CC=C2)=O)[C@@H](NC(OCC(Cl)(Cl)Cl)=O)[C@@H](OCC=C)O[C@@H]1COCC3=CC=CC=C3)[C@H]4[C@H](N=[N+]=[N-])[C@@H](OCC5=CC=CC=C5)[C@H](OC(=O)C)[C@@H](COCC6=CC=CC=C6)O4,O([C@H]1[C@H](OC(OCC2=CC=CC=C2)=O)[C@@H](NC(OCC(Cl)(Cl)Cl)=O)[C@@H](OCC=C)O[C@@H]1COCC3=CC=CC=C3)[C@H]4[C@H](N=[N+]=[N-])[C@@H](OCC5=CC=CC=C5)[C@H](OC(=O)C)[C@@H](COCC6=CC=CC=C6)O4,True,True,False,0,,C=CCO[C@H]1O[C@H](COCc2ccccc2)[C@@H](O[C@@H]2O[C@H](COCc3ccccc3)[C@@H](OC(C)=O)[C@H](OCc3ccccc3)[C@H]2N=[N+]=[N-])[C@H](OC(=O)OCc2ccccc2)[C@H]1NC(=O)OCC(Cl)(Cl)Cl
374,373,O([C@@H]1[C@@]2([C@@]([C@@]3([C@]([C@H]1O[Si](C(C)(C)C)(C)C)(OC4(O3)CCCCC4)[H])[H])(OC5(O2)CCCCC5)[H])[H])[C@@H]6[C@H](N=[N+]=[N-])[C@@H](OCOCC[Si](C)(C)C)[C@H](OC(=O)C)[C@@H](CO[Si](CC)(CC)CC)O6,O([C@@H]1[C@@]2([C@@]([C@@]3([C@]([C@H]1O[Si](C(C)(C)C)(C)C)(OC4(O3)CCCCC4)[H])[H])(OC5(O2)CCCCC5)[H])[H])[C@@H]6[C@H](N=[N+]=[N-])[C@@H](OCOCC[Si](C)(C)C)[C@H](OC(=O)C)[C@@H](CO[Si](CC)(CC)CC)O6,True,True,False,0,,CC[Si](CC)(CC)OC[C@H]1O[C@H](O[C@@H]2[C@H]3OC4(CCCCC4)O[C@@H]3[C@H]3OC4(CCCCC4)O[C@H]3[C@H]2O[Si](C)(C)C(C)(C)C)[C@H](N=[N+]=[N-])[C@@H](OCOCC[Si](C)(C)C)[C@@H]1OC(C)=O
375,374,O([C@H]1[C@@H](OCC2=CC=CC=C2)[C@H](OCC3=CC=CC=C3)[C@@H](COCC4=CC=CC=C4)O[C@@H]1OC[C@@H]5[C@@H](OCC6=CC=CC=C6)[C@H](OCC7=CC=CC=C7)[C@H](OCC8=CC=CC=C8)[C@H](OCCCCCCCC)O5)[C@H]9[C@H](NC(C(Cl)(Cl)Cl)=O)[C@@H](OCC%10=CC=CC=C%10)[C@H](OC(=O)C)[C@@H](COCC%11=CC=CC=C%11)O9,O([C@H]1[C@@H](OCC2=CC=CC=C2)[C@H](OCC3=CC=CC=C3)[C@@H](COCC4=CC=CC=C4)O[C@@H]1OC[C@@H]5[C@@H](OCC6=CC=CC=C6)[C@H](OCC7=CC=CC=C7)[C@H](OCC8=CC=CC=C8)[C@H](OCCCCCCCC)O5)[C@H]9[C@H](NC(C(Cl)(Cl)Cl)=O)[C@@H](OCC%10=CC=CC=C%10)[C@H](OC(=O)C)[C@@H](COCC%11=CC=CC=C%11)O9,True,True,False,0,,CCCCCCCCO[C@@H]1O[C@H](CO[C@H]2O[C@H](COCc3ccccc3)[C@@H](OCc3ccccc3)[C@H](OCc3ccccc3)[C@@H]2O[C@@H]2O[C@H](COCc3ccccc3)[C@@H](OC(C)=O)[C@H](OCc3ccccc3)[C@H]2NC(=O)C(Cl)(Cl)Cl)[C@@H](OCc2ccccc2)[C@H](OCc2ccccc2)[C@@H]1OCc1ccccc1
376,375,O([C@H]1[C@H](OCC2=CC=CC=C2)[C@@H](OC(=O)C3=CC=CC=C3)[C@H](O[C@H]4[C@H](OCC5=CC=CC=C5)[C@@H](N=[N+]=[N-])[C@@H](O[C@H]6[C@H](OCC7=CC=CC=C7)[C@@H](OC(=O)C8=CC=CC=C8)[C@H](OC9=CC=C(OC)C=C9)O[C@@H]6COC(CCl)=O)O[C@@H]4COC(C)=O)O[C@H]1COC(CCl)=O)[C@@H]%10[C@H](N=[N+]=[N-])[C@@H](OCC%11=CC=CC=C%11)[C@H](OC(=O)C)[C@@H](COC(C)=O)O%10,O([C@H]1[C@H](OCC2=CC=CC=C2)[C@@H](OC(=O)C3=CC=CC=C3)[C@H](O[C@H]4[C@H](OCC5=CC=CC=C5)[C@@H](N=[N+]=[N-])[C@@H](O[C@H]6[C@H](OCC7=CC=CC=C7)[C@@H](OC(=O)C8=CC=CC=C8)[C@H](OC9=CC=C(OC)C=C9)O[C@@H]6COC(CCl)=O)O[C@@H]4COC(C)=O)O[C@H]1COC(CCl)=O)[C@@H]%10[C@H](N=[N+]=[N-])[C@@H](OCC%11=CC=CC=C%11)[C@H](OC(=O)C)[C@@H](COC(C)=O)O%10,True,True,False,0,,COc1ccc(O[C@@H]2O[C@H](COC(=O)CCl)[C@@H](O[C@H]3O[C@H](COC(C)=O)[C@@H](O[C@@H]4O[C@@H](COC(=O)CCl)[C@@H](O[C@H]5O[C@H](COC(C)=O)[C@@H](OC(C)=O)[C@H](OCc6ccccc6)[C@H]5N=[N+]=[N-])[C@H](OCc5ccccc5)[C@H]4OC(=O)c4ccccc4)[C@H](OCc4ccccc4)[C@H]3N=[N+]=[N-])[C@H](OCc3ccccc3)[C@H]2OC(=O)c2ccccc2)cc1
377,376,O([C@@H]1[C@@H](OCC2=CC=CC=C2)[C@H](O[C@H]3[C@H](OCC4=CC=CC=C4)[C@@H](OCC5=CC=CC=C5)[C@H](OCC[Si](C)(C)C)O[C@@H]3COCC6=CC=CC=C6)O[C@H](COCC7=CC=CC=C7)[C@@H]1OCC8=CC=CC=C8)[C@@H]9[C@H](NC(C)=O)[C@@]%10([C@]([C@@H](CO[C@H]%11[C@H](NC(C)=O)[C@@H](OCC%12=CC=C(OC)C=C%12)[C@H](OC(=O)C)[C@@H](COCC%13=CC=CC=C%13)O%11)O9)(OC(C)(C)O%10)[H])[H],O([C@@H]1[C@@H](OCC2=CC=CC=C2)[C@H](O[C@H]3[C@H](OCC4=CC=CC=C4)[C@@H](OCC5=CC=CC=C5)[C@H](OCC[Si](C)(C)C)O[C@@H]3COCC6=CC=CC=C6)O[C@H](COCC7=CC=CC=C7)[C@@H]1OCC8=CC=CC=C8)[C@@H]9[C@H](NC(C)=O)[C@@]%10([C@]([C@@H](CO[C@H]%11[C@H](NC(C)=O)[C@@H](OCC%12=CC=C(OC)C=C%12)[C@H](OC(=O)C)[C@@H](COCC%13=CC=CC=C%13)O%11)O9)(OC(C)(C)O%10)[H])[H],True,True,False,0,,COc1ccc(CO[C@@H]2[C@@H](NC(C)=O)[C@H](OC[C@H]3O[C@H](O[C@H]4[C@@H](OCc5ccccc5)[C@@H](COCc5ccccc5)O[C@@H](O[C@H]5[C@H](OCc6ccccc6)[C@@H](OCc6ccccc6)[C@H](OCC[Si](C)(C)C)O[C@@H]5COCc5ccccc5)[C@@H]4OCc4ccccc4)[C@H](NC(C)=O)[C@H]4OC(C)(C)O[C@H]43)O[C@H](COCc3ccccc3)[C@H]2OC(C)=O)cc1
378,377,O([C@H]1[C@H](OCC2=CC=CC=C2)[C@@H](OC(=O)C3=CC=CC=C3)[C@H](O[C@H]4[C@H](OCC5=CC=CC=C5)[C@@H](N=[N+]=[N-])[C@@H](O[C@H]6[C@H](OCC7=CC=CC=C7)[C@@H](OC(=O)C8=CC=CC=C8)[C@H](OC9=CC=C(OC)C=C9)O[C@@H]6COC(CCl)=O)O[C@@H]4COC(C)=O)O[C@@H]1COC(CCl)=O)[C@@H]%10[C@H](N=[N+]=[N-])[C@@H](OCC%11=CC=CC=C%11)[C@H](OC(=O)C)[C@@H](COC(C)=O)O%10,O([C@H]1[C@H](OCC2=CC=CC=C2)[C@@H](OC(=O)C3=CC=CC=C3)[C@H](O[C@H]4[C@H](OCC5=CC=CC=C5)[C@@H](N=[N+]=[N-])[C@@H](O[C@H]6[C@H](OCC7=CC=CC=C7)[C@@H](OC(=O)C8=CC=CC=C8)[C@H](OC9=CC=C(OC)C=C9)O[C@@H]6COC(CCl)=O)O[C@@H]4COC(C)=O)O[C@@H]1COC(CCl)=O)[C@@H]%10[C@H](N=[N+]=[N-])[C@@H](OCC%11=CC=CC=C%11)[C@H](OC(=O)C)[C@@H](COC(C)=O)O%10,True,True,False,0,,COc1ccc(O[C@@H]2O[C@H](COC(=O)CCl)[C@@H](O[C@H]3O[C@H](COC(C)=O)[C@@H](O[C@@H]4O[C@H](COC(=O)CCl)[C@@H](O[C@H]5O[C@H](COC(C)=O)[C@@H](OC(C)=O)[C@H](OCc6ccccc6)[C@H]5N=[N+]=[N-])[C@H](OCc5ccccc5)[C@H]4OC(=O)c4ccccc4)[C@H](OCc4ccccc4)[C@H]3N=[N+]=[N-])[C@H](OCc3ccccc3)[C@H]2OC(=O)c2ccccc2)cc1
379,378,O([C@H]1[C@H](OCC2=CC=CC=C2)[C@@H](N=[N+]=[N-])[C@@H](OCCCCCC(OCC3=CC=CC=C3)=O)O[C@@H]1COCC4=CC=CC=C4)[C@@H]5[C@H](N=[N+]=[N-])[C@@H](OCC6=CC=CC=C6)[C@H](OC(=O)C)[C@@H]](COCC7=CC=CC=C7)O5,O([C@H]1[C@H](OCC2=CC=CC=C2)[C@@H](N=[N+]=[N-])[C@@H](OCCCCCC(OCC3=CC=CC=C3)=O)O[C@@H]1COCC4=CC=CC=C4)[C@@H]5[C@H](N=[N+]=[N-])[C@@H](OCC6=CC=CC=C6)[C@H](OC(=O)C)[C@@H](COCC7=CC=CC=C7)O5,False,True,True,1,169,CC(=O)O[C@H]1[C@H](OCc2ccccc2)[C@@H](N=[N+]=[N-])[C@@H](O[C@H]2[C@H](OCc3ccccc3)[C@@H](N=[N+]=[N-])[C@@H](OCCCCCC(=O)OCc3ccccc3)O[C@@H]2COCc2ccccc2)O[C@@H]1COCc1ccccc1
380,379,O([C@H]1[C@H](OCC2=CC=CC=C2)[C@@H](N=[N+]=[N-])[C@@H](O[C@H]3[C@H](OCC4=CC=CC=C4)[C@@H](N=[N+]=[N-])[C@@H](OCCCCCC(OCC5=CC=CC=C5)=O)O[C@@H]3COCC6=CC=CC=C6)O[C@@H]1COCC7=CC=CC=C7)[C@@H]8[C@H](N=[N+]=[N-])[C@@H](OCC9=CC=CC=C9)[C@H](OC(=O)C)[C@@H]](COCC%10=CC=CC=C%10)O8,O([C@H]1[C@H](OCC2=CC=CC=C2)[C@@H](N=[N+]=[N-])[C@@H](O[C@H]3[C@H](OCC4=CC=CC=C4)[C@@H](N=[N+]=[N-])[C@@H](OCCCCCC(OCC5=CC=CC=C5)=O)O[C@@H]3COCC6=CC=CC=C6)O[C@@H]1COCC7=CC=CC=C7)[C@@H]8[C@H](N=[N+]=[N-])[C@@H](OCC9=CC=CC=C9)[C@H](OC(=O)C)[C@@H](COCC%10=CC=CC=C%10)O8,False,True,True,1,245,CC(=O)O[C@H]1[C@H](OCc2ccccc2)[C@@H](N=[N+]=[N-])[C@@H](O[C@H]2[C@H](OCc3ccccc3)[C@@H](N=[N+]=[N-])[C@@H](O[C@H]3[C@H](OCc4ccccc4)[C@@H](N=[N+]=[N-])[C@@H](OCCCCCC(=O)OCc4ccccc4)O[C@@H]3COCc3ccccc3)O[C@@H]2COCc2ccccc2)O[C@@H]1COCc1ccccc1
381,380,S([C@H]1[C@@H](N=[N+]=[N-])[C@@H](OCC2=CC=CC=C2)[C@H](OC(=O)C)[C@@H]](C(OC)=O)O1)C3=CC=CC=C3,S([C@H]1[C@@H](N=[N+]=[N-])[C@@H](OCC2=CC=CC=C2)[C@H](OC(=O)C)[C@@H](C(OC)=O)O1)C3=CC=CC=C3,False,True,True,1,69,COC(=O)[C@H]1O[C@@H](Sc2ccccc2)[C@@H](N=[N+]=[N-])[C@@H](OCc2ccccc2)[C@@H]1OC(C)=O
382,381,O([C@H]1[C@H](OCC2=CC=CC=C2)[C@@H](OC(=O)C3=CC=CC=C3)[C@H](OC4=CC=C(OC)C=C4)O[C@@H]1COC(CCl)=O)[C@@H]5[C@H](N=[N+]=[N-])[C@@H](OCC6=CC=CC=C6)[C@H](OC(=O)C)[C@@H]](COC(C)=O)O5,O([C@H]1[C@H](OCC2=CC=CC=C2)[C@@H](OC(=O)C3=CC=CC=C3)[C@H](OC4=CC=C(OC)C=C4)O[C@@H]1COC(CCl)=O)[C@@H]5[C@H](N=[N+]=[N-])[C@@H](OCC6=CC=CC=C6)[C@H](OC(=O)C)[C@@H](COC(C)=O)O5,False,True,True,1,162,COc1ccc(O[C@@H]2O[C@H](COC(=O)CCl)[C@@H](O[C@H]3O[C@H](COC(C)=O)[C@@H](OC(C)=O)[C@H](OCc4ccccc4)[C@H]3N=[N+]=[N-])[C@H](OCc3ccccc3)[C@H]2OC(=O)c2ccccc2)cc1
383,382,S([C@H]1[C@@H](N=[N+]=[N-])[C@@H](N=[N+]=[N-])[C@H](OC(=O)C)[C@@H]](C(OC)=O)O1)C2=CC=CC=C2,S([C@H]1[C@@H](N=[N+]=[N-])[C@@H](N=[N+]=[N-])[C@H](OC(=O)C)[C@@H](C(OC)=O)O1)C2=CC=CC=C2,False,True,True,1,67,COC(=O)[C@H]1O[C@@H](Sc2ccccc2)[C@@H](N=[N+]=[N-])[C@@H](N=[N+]=[N-])[C@@H]1OC(C)=O
384,383,N(C(OCC(Cl)(Cl)Cl)=O)[C@@H]1[C@@H](OCC2=CC=CC=C2)[C@H](OC(=O)C)[C@@H]](COCC3=CC=CC=C3)O[C@@H]1OCC=C,N(C(OCC(Cl)(Cl)Cl)=O)[C@@H]1[C@@H](OCC2=CC=CC=C2)[C@H](OC(=O)C)[C@@H](COCC3=CC=CC=C3)O[C@@H]1OCC=C,False,True,True,1,70,C=CCO[C@H]1O[C@H](COCc2ccccc2)[C@@H](OC(C)=O)[C@H](OCc2ccccc2)[C@H]1NC(=O)OCC(Cl)(Cl)Cl
385,384,N(C(OCC(Cl)(Cl)Cl)=O)[C@@H]1[C@@H](OCC2=CC=CC=C2)[C@H](OC(=O)C)[C@@H]](COCC3=CC=CC=C3)O[C@@H]1OCC=C,N(C(OCC(Cl)(Cl)Cl)=O)[C@@H]1[C@@H](OCC2=CC=CC=C2)[C@H](OC(=O)C)[C@@H](COCC3=CC=CC=C3)O[C@@H]1OCC=C,False,True,True,1,70,C=CCO[C@H]1O[C@H](COCc2ccccc2)[C@@H](OC(C)=O)[C@H](OCc2ccccc2)[C@H]1NC(=O)OCC(Cl)(Cl)Cl
386,385,N(C(OCC(Cl)(Cl)Cl)=O)[C@@H]1[C@@H](OCC2=CC=CC=C2)[C@H](OC(=O)C)[C@@H]](COCC3=CC=CC=C3)O[C@@H]1OCC=C,N(C(OCC(Cl)(Cl)Cl)=O)[C@@H]1[C@@H](OCC2=CC=CC=C2)[C@H](OC(=O)C)[C@@H](COCC3=CC=CC=C3)O[C@@H]1OCC=C,False,True,True,1,70,C=CCO[C@H]1O[C@H](COCc2ccccc2)[C@@H](OC(C)=O)[C@H](OCc2ccccc2)[C@H]1NC(=O)OCC(Cl)(Cl)Cl
387,386,N(C(OCC(Cl)(Cl)Cl)=O)[C@@H]1[C@@H](OCC2=CC=CC=C2)[C@H](OC(=O)C)[C@@H]](COCC3=CC=CC=C3)O[C@@H]1OCC=C,N(C(OCC(Cl)(Cl)Cl)=O)[C@@H]1[C@@H](OCC2=CC=CC=C2)[C@H](OC(=O)C)[C@@H](COCC3=CC=CC=C3)O[C@@H]1OCC=C,False,True,True,1,70,C=CCO[C@H]1O[C@H](COCc2ccccc2)[C@@H](OC(C)=O)[C@H](OCc2ccccc2)[C@H]1NC(=O)OCC(Cl)(Cl)Cl
388,387,N(C(OCC(Cl)(Cl)Cl)=O)[C@@H]1[C@@H](OCC2=CC=CC=C2)[C@H](OC(=O)C)[C@@H]](COCC3=CC=CC=C3)O[C@@H]1OCC=C,N(C(OCC(Cl)(Cl)Cl)=O)[C@@H]1[C@@H](OCC2=CC=CC=C2)[C@H](OC(=O)C)[C@@H](COCC3=CC=CC=C3)O[C@@H]1OCC=C,False,True,True,1,70,C=CCO[C@H]1O[C@H](COCc2ccccc2)[C@@H](OC(C)=O)[C@H](OCc2ccccc2)[C@H]1NC(=O)OCC(Cl)(Cl)Cl
389,388,[Si](O[C@H]1[C@H](NC(OCC(Cl)(Cl)Cl)=O)[C@@H](OC(OCC2=CC=CC=C2)=O)[C@H](OC(=O)C)[C@@H]](COCC3=CC=CC=C3)O1)(C(C)(C)C)(C4=CC=CC=C4)C5=CC=CC=C5,[Si](O[C@H]1[C@H](NC(OCC(Cl)(Cl)Cl)=O)[C@@H](OC(OCC2=CC=CC=C2)=O)[C@H](OC(=O)C)[C@@H](COCC3=CC=CC=C3)O1)(C(C)(C)C)(C4=CC=CC=C4)C5=CC=CC=C5,False,True,True,1,86,CC(=O)O[C@H]1[C@H](OC(=O)OCc2ccccc2)[C@@H](NC(=O)OCC(Cl)(Cl)Cl)[C@H](O[Si](c2ccccc2)(c2ccccc2)C(C)(C)C)O[C@@H]1COCc1ccccc1
390,389,N(C(C(Cl)(Cl)Cl)=O)[C@@H]1[C@@H](OC(C)=O)[C@H](OC(=O)C)[C@@H]](COCC2=CC=CC=C2)O[C@H]1OCC=C,N(C(C(Cl)(Cl)Cl)=O)[C@@H]1[C@@H](OC(C)=O)[C@H](OC(=O)C)[C@@H](COCC2=CC=CC=C2)O[C@H]1OCC=C,False,True,True,1,62,C=CCO[C@@H]1O[C@H](COCc2ccccc2)[C@@H](OC(C)=O)[C@H](OC(C)=O)[C@H]1NC(=O)C(Cl)(Cl)Cl
391,390,O([Si](C(C(C)C)(C)C)(C)C)[C@H]1[C@H](N=[N+]=[N-])[C@@H](OCC2=CC3=C(C=C2)C=CC=C3)[C@H](OC(=O)C)[C@@H]](COCC4=CC=CC=C4)O1,O([Si](C(C(C)C)(C)C)(C)C)[C@H]1[C@H](N=[N+]=[N-])[C@@H](OCC2=CC3=C(C=C2)C=CC=C3)[C@H](OC(=O)C)[C@@H](COCC4=CC=CC=C4)O1,False,True,True,1,101,CC(=O)O[C@H]1[C@H](OCc2ccc3ccccc3c2)[C@@H](N=[N+]=[N-])[C@H](O[Si](C)(C)C(C)(C)C(C)C)O[C@@H]1COCc1ccccc1
392,391,N(C(C(Cl)(Cl)Cl)=O)[C@@H]1[C@@H](OC(CCC(C)=O)=O)[C@H](OC(=O)C)[C@@H]](COCC2=CC=CC=C2)O[C@H]1SCC,N(C(C(Cl)(Cl)Cl)=O)[C@@H]1[C@@H](OC(CCC(C)=O)=O)[C@H](OC(=O)C)[C@@H](COCC2=CC=CC=C2)O[C@H]1SCC,False,True,True,1,69,CCS[C@@H]1O[C@H](COCc2ccccc2)[C@@H](OC(C)=O)[C@H](OC(=O)CCC(C)=O)[C@H]1NC(=O)C(Cl)(Cl)Cl
393,392,[Si](O[C@H]1[C@H](NC(C(Cl)(Cl)Cl)=O)[C@@H](OCC2=CC=CC=C2)[C@H](OC(=O)C)[C@@H]](COCC3=CC=CC=C3)O1)(C(C)(C)C)(C4=CC=CC=C4)C5=CC=CC=C5,[Si](O[C@H]1[C@H](NC(C(Cl)(Cl)Cl)=O)[C@@H](OCC2=CC=CC=C2)[C@H](OC(=O)C)[C@@H](COCC3=CC=CC=C3)O1)(C(C)(C)C)(C4=CC=CC=C4)C5=CC=CC=C5,False,True,True,1,78,CC(=O)O[C@H]1[C@H](OCc2ccccc2)[C@@H](NC(=O)C(Cl)(Cl)Cl)[C@H](O[Si](c2ccccc2)(c2ccccc2)C(C)(C)C)O[C@@H]1COCc1ccccc1
394,393,O([C@H]1[C@H](OC(OCC2=CC=CC=C2)=O)[C@@H](NC(OCC(Cl)(Cl)Cl)=O)[C@@H](OCC=C)O[C@@H]1COCC3=CC=CC=C3)[C@H]4[C@H](N=[N+]=[N-])[C@@H](OCC5=CC=CC=C5)[C@H](OC(=O)C)[C@@H]](COCC6=CC=CC=C6)O4,O([C@H]1[C@H](OC(OCC2=CC=CC=C2)=O)[C@@H](NC(OCC(Cl)(Cl)Cl)=O)[C@@H](OCC=C)O[C@@H]1COCC3=CC=CC=C3)[C@H]4[C@H](N=[N+]=[N-])[C@@H](OCC5=CC=CC=C5)[C@H](OC(=O)C)[C@@H](COCC6=CC=CC=C6)O4,False,True,True,1,163,C=CCO[C@H]1O[C@H](COCc2ccccc2)[C@@H](O[C@@H]2O[C@H](COCc3ccccc3)[C@@H](OC(C)=O)[C@H](OCc3ccccc3)[C@H]2N=[N+]=[N-])[C@H](OC(=O)OCc2ccccc2)[C@H]1NC(=O)OCC(Cl)(Cl)Cl
395,394,[Si](O[C@H]1[C@H](NC(C(F)(F)F)=O)[C@@H](OC(C)=O)[C@H](O[C@H]2[C@H](NC(C(F)(F)F)=O)[C@@H](OC(C)=O)[C@H](OC(=O)C)[C@@H]](COCC3=CC=CC=C3)O2)[C@@H](COC(C)=O)O1)(C(C)(C)C)(C4=CC=CC=C4)C5=CC=CC=C5,[Si](O[C@H]1[C@H](NC(C(F)(F)F)=O)[C@@H](OC(C)=O)[C@H](O[C@H]2[C@H](NC(C(F)(F)F)=O)[C@@H](OC(C)=O)[C@H](OC(=O)C)[C@@H](COCC3=CC=CC=C3)O2)[C@@H](COC(C)=O)O1)(C(C)(C)C)(C4=CC=CC=C4)C5=CC=CC=C5,False,True,True,1,118,CC(=O)OC[C@H]1O[C@@H](O[Si](c2ccccc2)(c2ccccc2)C(C)(C)C)[C@H](NC(=O)C(F)(F)F)[C@@H](OC(C)=O)[C@@H]1O[C@@H]1O[C@H](COCc2ccccc2)[C@@H](OC(C)=O)[C@H](OC(C)=O)[C@H]1NC(=O)C(F)(F)F
396,395,O([C@H]1[C@H](OCC2=CC=CC=C2)[C@@H](NC(OCC(Cl)(Cl)Cl)=O)[C@@H](OCC=C)O[C@@H]1COCC3=CC=CC=C3)[C@H]4[C@H](NC(OCC(Cl)(Cl)Cl)=O)[C@@H](O[C@@H](C(OCC)=O)C)[C@H](OC(=O)C)[C@@H]](COCC5=CC=CC=C5)O4,O([C@H]1[C@H](OCC2=CC=CC=C2)[C@@H](NC(OCC(Cl)(Cl)Cl)=O)[C@@H](OCC=C)O[C@@H]1COCC3=CC=CC=C3)[C@H]4[C@H](NC(OCC(Cl)(Cl)Cl)=O)[C@@H](O[C@@H](C(OCC)=O)C)[C@H](OC(=O)C)[C@@H](COCC5=CC=CC=C5)O4,False,True,True,1,170,C=CCO[C@H]1O[C@H](COCc2ccccc2)[C@@H](O[C@@H]2O[C@H](COCc3ccccc3)[C@@H](OC(C)=O)[C@H](O[C@H](C)C(=O)OCC)[C@H]2NC(=O)OCC(Cl)(Cl)Cl)[C@H](OCc2ccccc2)[C@H]1NC(=O)OCC(Cl)(Cl)Cl
397,396,[Si](O[C@H]1[C@H](NC(C(Cl)(Cl)Cl)=O)[C@@H](O[C@H]2[C@H](OCC3=CC=CC=C3)[C@@H](OCC=C)[C@@H](OCC4=CC=CC=C4)[C@@H](COCC5=CC=CC=C5)O2)[C@H](OC(=O)C)[C@@H]](COCC6=CC=CC=C6)O1)(C(C)(C)C)(C7=CC=CC=C7)C8=CC=CC=C8,[Si](O[C@H]1[C@H](NC(C(Cl)(Cl)Cl)=O)[C@@H](O[C@H]2[C@H](OCC3=CC=CC=C3)[C@@H](OCC=C)[C@@H](OCC4=CC=CC=C4)[C@@H](COCC5=CC=CC=C5)O2)[C@H](OC(=O)C)[C@@H](COCC6=CC=CC=C6)O1)(C(C)(C)C)(C7=CC=CC=C7)C8=CC=CC=C8,False,True,True,1,150,C=CCO[C@H]1[C@@H](OCc2ccccc2)[C@@H](COCc2ccccc2)O[C@@H](O[C@@H]2[C@@H](NC(=O)C(Cl)(Cl)Cl)[C@H](O[Si](c3ccccc3)(c3ccccc3)C(C)(C)C)O[C@H](COCc3ccccc3)[C@H]2OC(C)=O)[C@@H]1OCc1ccccc1
398,397,[Si](O[C@H]1[C@H](NC(C(F)(F)F)=O)[C@@H](OC(C)=O)[C@H](O[C@H]2[C@H](NC(C(F)(F)F)=O)[C@@H](OC(C)=O)[C@H](OC(=O)C)[C@@H]](COCC3=CC=CC=C3)O2)[C@@H](COC(C)=O)O1)(C(C)(C)C)(C4=CC=CC=C4)C5=CC=CC=C5,[Si](O[C@H]1[C@H](NC(C(F)(F)F)=O)[C@@H](OC(C)=O)[C@H](O[C@H]2[C@H](NC(C(F)(F)F)=O)[C@@H](OC(C)=O)[C@H](OC(=O)C)[C@@H](COCC3=CC=CC=C3)O2)[C@@H](COC(C)=O)O1)(C(C)(C)C)(C4=CC=CC=C4)C5=CC=CC=C5,False,True,True,1,118,CC(=O)OC[C@H]1O[C@@H](O[Si](c2ccccc2)(c2ccccc2)C(C)(C)C)[C@H](NC(=O)C(F)(F)F)[C@@H](OC(C)=O)[C@@H]1O[C@@H]1O[C@H](COCc2ccccc2)[C@@H](OC(C)=O)[C@H](OC(C)=O)[C@H]1NC(=O)C(F)(F)F
399,398,N(C(OCC(Cl)(Cl)Cl)=O)[C@@H]1[C@@H](OCC2=CC=CC=C2)[C@H](OC(=O)C)[C@@H]](COCC3=CC=CC=C3)O[C@H]1OCC4=CC=CC=C4,N(C(OCC(Cl)(Cl)Cl)=O)[C@@H]1[C@@H](OCC2=CC=CC=C2)[C@H](OC(=O)C)[C@@H](COCC3=CC=CC=C3)O[C@H]1OCC4=CC=CC=C4,False,True,True,1,70,CC(=O)O[C@H]1[C@H](OCc2ccccc2)[C@@H](NC(=O)OCC(Cl)(Cl)Cl)[C@H](OCc2ccccc2)O[C@@H]1COCc1ccccc1
400,399,N(C(OCC(Cl)(Cl)Cl)=O)[C@@H]1[C@@H](OCC2=CC=CC=C2)[C@H](OC(=O)C)[C@@H]](COCC3=CC=CC=C3)O[C@H]1OCC4=CC=CC=C4,N(C(OCC(Cl)(Cl)Cl)=O)[C@@H]1[C@@H](OCC2=CC=CC=C2)[C@H](OC(=O)C)[C@@H](COCC3=CC=CC=C3)O[C@H]1OCC4=CC=CC=C4,False,True,True,1,70,CC(=O)O[C@H]1[C@H](OCc2ccccc2)[C@@H](NC(=O)OCC(Cl)(Cl)Cl)[C@H](OCc2ccccc2)O[C@@H]1COCc1ccccc1
401,400,N(C(OCC(Cl)(Cl)Cl)=O)[C@@H]1[C@@H](O[C@@H](C(OCC)=O)C)[C@H](OC(=O)C)[C@@H]](COCC2=CC=CC=C2)O[C@@H]1OCC=C,N(C(OCC(Cl)(Cl)Cl)=O)[C@@H]1[C@@H](O[C@@H](C(OCC)=O)C)[C@H](OC(=O)C)[C@@H](COCC2=CC=CC=C2)O[C@@H]1OCC=C,False,True,True,1,75,C=CCO[C@H]1O[C@H](COCc2ccccc2)[C@@H](OC(C)=O)[C@H](O[C@H](C)C(=O)OCC)[C@H]1NC(=O)OCC(Cl)(Cl)Cl
402,401,[Si](O[C@H]1[C@H](NC(C(F)(F)F)=O)[C@@H](OC(C)=O)[C@H](O[C@H]2[C@H](NC(C(F)(F)F)=O)[C@@H](OC(C)=O)[C@H](O[C@H]3[C@H](NC(C(F)(F)F)=O)[C@@H](OC(C)=O)[C@H](O[C@H]4[C@H](NC(C(F)(F)F)=O)[C@@H](OC(C)=O)[C@H](OC(=O)C)[C@@H]](COCC5=CC=CC=C5)O4)[C@@H](COC(C)=O)O3)[C@@H](COCC6=CC=CC=C6)O2)[C@@H](COC(C)=O)O1)(C(C)(C)C)(C7=CC=CC=C7)C8=CC=CC=C8,[Si](O[C@H]1[C@H](NC(C(F)(F)F)=O)[C@@H](OC(C)=O)[C@H](O[C@H]2[C@H](NC(C(F)(F)F)=O)[C@@H](OC(C)=O)[C@H](O[C@H]3[C@H](NC(C(F)(F)F)=O)[C@@H](OC(C)=O)[C@H](O[C@H]4[C@H](NC(C(F)(F)F)=O)[C@@H](OC(C)=O)[C@H](OC(=O)C)[C@@H](COCC5=CC=CC=C5)O4)[C@@H](COC(C)=O)O3)[C@@H](COCC6=CC=CC=C6)O2)[C@@H](COC(C)=O)O1)(C(C)(C)C)(C7=CC=CC=C7)C8=CC=CC=C8,False,True,True,1,216,CC(=O)OC[C@H]1O[C@@H](O[C@H]2[C@H](OC(C)=O)[C@@H](NC(=O)C(F)(F)F)[C@H](O[C@H]3[C@H](OC(C)=O)[C@@H](NC(=O)C(F)(F)F)[C@H](O[Si](c4ccccc4)(c4ccccc4)C(C)(C)C)O[C@@H]3COC(C)=O)O[C@@H]2COCc2ccccc2)[C@H](NC(=O)C(F)(F)F)[C@@H](OC(C)=O)[C@@H]1O[C@@H]1O[C@H](COCc2ccccc2)[C@@H](OC(C)=O)[C@H](OC(C)=O)[C@H]1NC(=O)C(F)(F)F
403,402,N(C(OCC(Cl)(Cl)Cl)=O)[C@@H]1[C@@H](OCC2=CC=CC=C2)[C@H](OC(=O)C)[C@@H]](COCC3=CC=CC=C3)O[C@@H]1OCC=C,N(C(OCC(Cl)(Cl)Cl)=O)[C@@H]1[C@@H](OCC2=CC=CC=C2)[C@H](OC(=O)C)[C@@H](COCC3=CC=CC=C3)O[C@@H]1OCC=C,False,True,True,1,70,C=CCO[C@H]1O[C@H](COCc2ccccc2)[C@@H](OC(C)=O)[C@H](OCc2ccccc2)[C@H]1NC(=O)OCC(Cl)(Cl)Cl
404,403,N(C(OCC(Cl)(Cl)Cl)=O)[C@@H]1[C@@H](OCC2=CC=CC=C2)[C@H](OC(=O)C)[C@@H]](COC(CCC(C)=O)=O)O[C@H]1OCC3=CC=CC=C3,N(C(OCC(Cl)(Cl)Cl)=O)[C@@H]1[C@@H](OCC2=CC=CC=C2)[C@H](OC(=O)C)[C@@H](COC(CCC(C)=O)=O)O[C@H]1OCC3=CC=CC=C3,False,True,True,1,70,CC(=O)CCC(=O)OC[C@H]1O[C@@H](OCc2ccccc2)[C@H](NC(=O)OCC(Cl)(Cl)Cl)[C@@H](OCc2ccccc2)[C@@H]1OC(C)=O
405,404,O([C@H]1[C@H](O[C@@H](C(OCC)=O)C)[C@@H](NC(OCC(Cl)(Cl)Cl)=O)[C@@H](OCC=C)O[C@@H]1COCC2=CC=CC=C2)[C@H]3[C@H](NC(OCC(Cl)(Cl)Cl)=O)[C@@H](OCC4=CC=CC=C4)[C@H](OC(=O)C)[C@@H]](COCC5=CC=CC=C5)O3,O([C@H]1[C@H](O[C@@H](C(OCC)=O)C)[C@@H](NC(OCC(Cl)(Cl)Cl)=O)[C@@H](OCC=C)O[C@@H]1COCC2=CC=CC=C2)[C@H]3[C@H](NC(OCC(Cl)(Cl)Cl)=O)[C@@H](OCC4=CC=CC=C4)[C@H](OC(=O)C)[C@@H](COCC5=CC=CC=C5)O3,False,True,True,1,170,C=CCO[C@H]1O[C@H](COCc2ccccc2)[C@@H](O[C@@H]2O[C@H](COCc3ccccc3)[C@@H](OC(C)=O)[C@H](OCc3ccccc3)[C@H]2NC(=O)OCC(Cl)(Cl)Cl)[C@H](O[C@H](C)C(=O)OCC)[C@H]1NC(=O)OCC(Cl)(Cl)Cl
406,405,N(C(C)=O)[C@@H]1[C@@H](OCC2=CC=CC=C2)[C@H](OC(=O)C)[C@@H]](COC(=O)C3=CC=CC=C3)O[C@@H]1OCCCN(CC4=CC=CC=C4)C(OCC5=CC=CC=C5)=O,N(C(C)=O)[C@@H]1[C@@H](OCC2=CC=CC=C2)[C@H](OC(=O)C)[C@@H](COC(=O)C3=CC=CC=C3)O[C@@H]1OCCCN(CC4=CC=CC=C4)C(OCC5=CC=CC=C5)=O,False,True,True,1,58,CC(=O)N[C@H]1[C@@H](OCCCN(Cc2ccccc2)C(=O)OCc2ccccc2)O[C@H](COC(=O)c2ccccc2)[C@@H](OC(C)=O)[C@@H]1OCc1ccccc1
407,406,[Si](O[C@H]1[C@H](NC(C(F)(F)F)=O)[C@@H](OC(C)=O)[C@H](O[C@H]2[C@H](NC(C(F)(F)F)=O)[C@@H](OC(C)=O)[C@H](O[C@H]3[C@H](NC(C(F)(F)F)=O)[C@@H](OC(C)=O)[C@H](OC(=O)C)[C@@H]](COCC4=CC=CC=C4)O3)[C@@H](COC(C)=O)O2)[C@@H](COC(C)=O)O1)(C(C)(C)C)(C5=CC=CC=C5)C6=CC=CC=C6,[Si](O[C@H]1[C@H](NC(C(F)(F)F)=O)[C@@H](OC(C)=O)[C@H](O[C@H]2[C@H](NC(C(F)(F)F)=O)[C@@H](OC(C)=O)[C@H](O[C@H]3[C@H](NC(C(F)(F)F)=O)[C@@H](OC(C)=O)[C@H](OC(=O)C)[C@@H](COCC4=CC=CC=C4)O3)[C@@H](COC(C)=O)O2)[C@@H](COC(C)=O)O1)(C(C)(C)C)(C5=CC=CC=C5)C6=CC=CC=C6,False,True,True,1,167,CC(=O)OC[C@H]1O[C@@H](O[C@H]2[C@H](OC(C)=O)[C@@H](NC(=O)C(F)(F)F)[C@H](O[Si](c3ccccc3)(c3ccccc3)C(C)(C)C)O[C@@H]2COC(C)=O)[C@H](NC(=O)C(F)(F)F)[C@@H](OC(C)=O)[C@@H]1O[C@@H]1O[C@H](COCc2ccccc2)[C@@H](OC(C)=O)[C@H](OC(C)=O)[C@H]1NC(=O)C(F)(F)F
408,407,O([C@H]1[C@@H](OC(=O)C2=CC=CC=C2)[C@H](OC(C)=O)[C@@H](COC(C)=O)O[C@@H]1OCC=C)[C@H]3[C@H](NC(OCC(Cl)(Cl)Cl)=O)[C@@H](OCC4=CC=CC=C4)[C@H](OC(=O)C)[C@@H]](COCC5=CC=CC=C5)O3,O([C@H]1[C@@H](OC(=O)C2=CC=CC=C2)[C@H](OC(C)=O)[C@@H](COC(C)=O)O[C@@H]1OCC=C)[C@H]3[C@H](NC(OCC(Cl)(Cl)Cl)=O)[C@@H](OCC4=CC=CC=C4)[C@H](OC(=O)C)[C@@H](COCC5=CC=CC=C5)O3,False,True,True,1,151,C=CCO[C@H]1O[C@H](COC(C)=O)[C@@H](OC(C)=O)[C@H](OC(=O)c2ccccc2)[C@@H]1O[C@@H]1O[C@H](COCc2ccccc2)[C@@H](OC(C)=O)[C@H](OCc2ccccc2)[C@H]1NC(=O)OCC(Cl)(Cl)Cl
409,408,O([C@H]1[C@@H]([C@@H](OCC2=CC=CC=C2)[C@H](OC(=O)C)[C@@H]](COCC3=CC=CC=C3)O1)N4C(=O)C=5C(C4=O)=CC=CC5)[C@@H]6[C@@H](OC(=O)C7=CC=CC=C7)[C@H](O[C@H]8[C@H](OC(=O)C9=CC=CC=C9)[C@@H](OC(=O)C%10=CC=CC=C%10)[C@H](OCCCN=[N+]=[N-])O[C@@H]8COC(=O)C%11=CC=CC=C%11)O[C@H](COC(=O)C%12=CC=CC=C%12)[C@@H]6O,O([C@H]1[C@@H]([C@@H](OCC2=CC=CC=C2)[C@H](OC(=O)C)[C@@H](COCC3=CC=CC=C3)O1)N4C(=O)C=5C(C4=O)=CC=CC5)[C@@H]6[C@@H](OC(=O)C7=CC=CC=C7)[C@H](O[C@H]8[C@H](OC(=O)C9=CC=CC=C9)[C@@H](OC(=O)C%10=CC=CC=C%10)[C@H](OCCCN=[N+]=[N-])O[C@@H]8COC(=O)C%11=CC=CC=C%11)O[C@H](COC(=O)C%12=CC=CC=C%12)[C@@H]6O,False,True,True,1,57,CC(=O)O[C@H]1[C@H](OCc2ccccc2)[C@@H](N2C(=O)c3ccccc3C2=O)[C@H](O[C@H]2[C@@H](O)[C@@H](COC(=O)c3ccccc3)O[C@@H](O[C@H]3[C@H](OC(=O)c4ccccc4)[C@@H](OC(=O)c4ccccc4)[C@H](OCCCN=[N+]=[N-])O[C@@H]3COC(=O)c3ccccc3)[C@@H]2OC(=O)c2ccccc2)O[C@@H]1COCc1ccccc1
410,409,O([Si](C(C(C)C)(C)C)(C)C)[C@H]1[C@@H]([C@@H](OCC2=CC3=C(C=C2)C=CC=C3)[C@H](OC(=O)C)[C@@H]](COCC4=CC=CC=C4)O1)N5C(=O)C=6C(C5=O)=CC=CC6,O([Si](C(C(C)C)(C)C)(C)C)[C@H]1[C@@H]([C@@H](OCC2=CC3=C(C=C2)C=CC=C3)[C@H](OC(=O)C)[C@@H](COCC4=CC=CC=C4)O1)N5C(=O)C=6C(C5=O)=CC=CC6,False,True,True,1,90,CC(=O)O[C@H]1[C@H](OCc2ccc3ccccc3c2)[C@@H](N2C(=O)c3ccccc3C2=O)[C@H](O[Si](C)(C)C(C)(C)C(C)C)O[C@@H]1COCc1ccccc1
411,410,O([C@H]1[C@@H]([C@@H](OCC2=CC=CC=C2)[C@H](OC(=O)C)[C@@H]](COCC3=CC=CC=C3)O1)N4C(=O)C=5C(C4=O)=CC=CC5)C6=CC=C(OC)C=C6,O([C@H]1[C@@H]([C@@H](OCC2=CC=CC=C2)[C@H](OC(=O)C)[C@@H](COCC3=CC=CC=C3)O1)N4C(=O)C=5C(C4=O)=CC=CC5)C6=CC=C(OC)C=C6,False,True,True,1,57,COc1ccc(O[C@@H]2O[C@H](COCc3ccccc3)[C@@H](OC(C)=O)[C@H](OCc3ccccc3)[C@H]2N2C(=O)c3ccccc3C2=O)cc1
412,411,N(C(OCC(Cl)(Cl)Cl)=O)[C@@H]1[C@@H](OCC2=CC=CC=C2)[C@H](OC(=O)C)[C@@H]](COCC3=CC=CC=C3)O[C@H]1OCC4=CC=C(COC(CCC(O)=O)=O)C=C4,N(C(OCC(Cl)(Cl)Cl)=O)[C@@H]1[C@@H](OCC2=CC=CC=C2)[C@H](OC(=O)C)[C@@H](COCC3=CC=CC=C3)O[C@H]1OCC4=CC=C(COC(CCC(O)=O)=O)C=C4,False,True,True,1,70,CC(=O)O[C@H]1[C@H](OCc2ccccc2)[C@@H](NC(=O)OCC(Cl)(Cl)Cl)[C@H](OCc2ccc(COC(=O)CCC(=O)O)cc2)O[C@@H]1COCc1ccccc1
413,412,O([C@@H]1[C@@H](OC(=O)C2=CC=CC=C2)[C@H](O[C@H]3[C@H](OC(=O)C4=CC=CC=C4)[C@@H](OC(=O)C5=CC=CC=C5)[C@H](OCCCCCCNC(OCC=C)=O)O[C@@H]3COCC6=CC=CC=C6)O[C@H](COCC7=CC=CC=C7)[C@@H]1OCC8=CC=CC=C8)[C@H]9[C@H](NC(C(Cl)(Cl)Cl)=O)[C@@H](OC(CCC(C)=O)=O)[C@H](OC(=O)C)[C@@H]](COCC%10=CC=CC=C%10)O9,O([C@@H]1[C@@H](OC(=O)C2=CC=CC=C2)[C@H](O[C@H]3[C@H](OC(=O)C4=CC=CC=C4)[C@@H](OC(=O)C5=CC=CC=C5)[C@H](OCCCCCCNC(OCC=C)=O)O[C@@H]3COCC6=CC=CC=C6)O[C@H](COCC7=CC=CC=C7)[C@@H]1OCC8=CC=CC=C8)[C@H]9[C@H](NC(C(Cl)(Cl)Cl)=O)[C@@H](OC(CCC(C)=O)=O)[C@H](OC(=O)C)[C@@H](COCC%10=CC=CC=C%10)O9,False,True,True,1,260,C=CCOC(=O)NCCCCCCO[C@@H]1O[C@H](COCc2ccccc2)[C@@H](O[C@@H]2O[C@H](COCc3ccccc3)[C@H](OCc3ccccc3)[C@H](O[C@@H]3O[C@H](COCc4ccccc4)[C@@H](OC(C)=O)[C@H](OC(=O)CCC(C)=O)[C@H]3NC(=O)C(Cl)(Cl)Cl)[C@H]2OC(=O)c2ccccc2)[C@H](OC(=O)c2ccccc2)[C@H]1OC(=O)c1ccccc1
414,413,O([C@@H]1[C@@H](OC(=O)C2=CC=CC=C2)[C@H](O[C@H]3[C@H](OC(=O)C4=CC=CC=C4)[C@@H](OC(=O)C5=CC=CC=C5)[C@H](OCCCCCCNC(OCC=C)=O)O[C@@H]3COCC6=CC=CC=C6)O[C@H](COCC7=CC=CC=C7)[C@@H]1OCC8=CC=CC=C8)[C@H]9[C@H](NC(C(Cl)(Cl)Cl)=O)[C@@H](OC(CCC(C)=O)=O)[C@H](OC(=O)C)[C@@H]](COCC%10=CC=CC=C%10)O9,O([C@@H]1[C@@H](OC(=O)C2=CC=CC=C2)[C@H](O[C@H]3[C@H](OC(=O)C4=CC=CC=C4)[C@@H](OC(=O)C5=CC=CC=C5)[C@H](OCCCCCCNC(OCC=C)=O)O[C@@H]3COCC6=CC=CC=C6)O[C@H](COCC7=CC=CC=C7)[C@@H]1OCC8=CC=CC=C8)[C@H]9[C@H](NC(C(Cl)(Cl)Cl)=O)[C@@H](OC(CCC(C)=O)=O)[C@H](OC(=O)C)[C@@H](COCC%10=CC=CC=C%10)O9,False,True,True,1,260,C=CCOC(=O)NCCCCCCO[C@@H]1O[C@H](COCc2ccccc2)[C@@H](O[C@@H]2O[C@H](COCc3ccccc3)[C@H](OCc3ccccc3)[C@H](O[C@@H]3O[C@H](COCc4ccccc4)[C@@H](OC(C)=O)[C@H](OC(=O)CCC(C)=O)[C@H]3NC(=O)C(Cl)(Cl)Cl)[C@H]2OC(=O)c2ccccc2)[C@H](OC(=O)c2ccccc2)[C@H]1OC(=O)c1ccccc1
415,414,O([C@@H]1[C@@H](OC(=O)C2=CC=CC=C2)[C@H](O[C@H]3[C@H](OC(=O)C4=CC=CC=C4)[C@@H](OC(=O)C5=CC=CC=C5)[C@H](OCCCCCCNC(OCC=C)=O)O[C@@H]3COCC6=CC=CC=C6)O[C@H](COCC7=CC=CC=C7)[C@@H]1OCC8=CC=CC=C8)[C@H]9[C@H](NC(C(Cl)(Cl)Cl)=O)[C@@H](OC(CCC(C)=O)=O)[C@H](OC(=O)C)[C@@H]](COCC%10=CC=CC=C%10)O9,O([C@@H]1[C@@H](OC(=O)C2=CC=CC=C2)[C@H](O[C@H]3[C@H](OC(=O)C4=CC=CC=C4)[C@@H](OC(=O)C5=CC=CC=C5)[C@H](OCCCCCCNC(OCC=C)=O)O[C@@H]3COCC6=CC=CC=C6)O[C@H](COCC7=CC=CC=C7)[C@@H]1OCC8=CC=CC=C8)[C@H]9[C@H](NC(C(Cl)(Cl)Cl)=O)[C@@H](OC(CCC(C)=O)=O)[C@H](OC(=O)C)[C@@H](COCC%10=CC=CC=C%10)O9,False,True,True,1,260,C=CCOC(=O)NCCCCCCO[C@@H]1O[C@H](COCc2ccccc2)[C@@H](O[C@@H]2O[C@H](COCc3ccccc3)[C@H](OCc3ccccc3)[C@H](O[C@@H]3O[C@H](COCc4ccccc4)[C@@H](OC(C)=O)[C@H](OC(=O)CCC(C)=O)[C@H]3NC(=O)C(Cl)(Cl)Cl)[C@H]2OC(=O)c2ccccc2)[C@H](OC(=O)c2ccccc2)[C@H]1OC(=O)c1ccccc1
416,415,O([C@H]1[C@@H]([C@@H](OCC2=CC=CC=C2)[C@H](OC(=O)C)[C@@H]](COCC3=CC=CC=C3)O1)N4C(=O)C=5C(C4=O)=CC=CC5)[C@H]6[C@@H](O[C@H]7[C@H](OC(C)=O)[C@@H](OCC8=CC=CC=C8)[C@H](O[C@H]9[C@H](OCC%10=CC=CC=C%10)[C@@H](OCC%11=CC=CC=C%11)[C@@H](OCC%12=CC=CC=C%12)[C@@H](COCC%13=CC=CC=C%13)O9)[C@@H](COCC%14=CC=CC=C%14)O7)[C@@H](COC(=O)C%15=CC=CC=C%15)O[C@@H](OCCCN=[N+]=[N-])[C@@H]6OC(=O)C%16=CC=CC=C%16,O([C@H]1[C@@H]([C@@H](OCC2=CC=CC=C2)[C@H](OC(=O)C)[C@@H](COCC3=CC=CC=C3)O1)N4C(=O)C=5C(C4=O)=CC=CC5)[C@H]6[C@@H](O[C@H]7[C@H](OC(C)=O)[C@@H](OCC8=CC=CC=C8)[C@H](O[C@H]9[C@H](OCC%10=CC=CC=C%10)[C@@H](OCC%11=CC=CC=C%11)[C@@H](OCC%12=CC=CC=C%12)[C@@H](COCC%13=CC=CC=C%13)O9)[C@@H](COCC%14=CC=CC=C%14)O7)[C@@H](COC(=O)C%15=CC=CC=C%15)O[C@@H](OCCCN=[N+]=[N-])[C@@H]6OC(=O)C%16=CC=CC=C%16,False,True,True,1,57,CC(=O)O[C@H]1[C@H](O[C@@H]2[C@H](O[C@@H]3O[C@H](COCc4ccccc4)[C@@H](OC(C)=O)[C@H](OCc4ccccc4)[C@H]3N3C(=O)c4ccccc4C3=O)[C@@H](OC(=O)c3ccccc3)[C@H](OCCCN=[N+]=[N-])O[C@@H]2COC(=O)c2ccccc2)O[C@H](COCc2ccccc2)[C@@H](O[C@@H]2O[C@H](COCc3ccccc3)[C@H](OCc3ccccc3)[C@H](OCc3ccccc3)[C@H]2OCc2ccccc2)[C@@H]1OCc1ccccc1
417,416,O([C@H]1[C@@H]([C@@H](OCC2=CC=CC=C2)[C@H](OC(=O)C)[C@@H]](COCC3=CC=CC=C3)O1)N4C(=O)C=5C(C4=O)=CC=CC5)[C@H]6[C@@H](O[C@H]7[C@H](OC(C)=O)[C@@H](OCC8=CC=CC=C8)[C@H](OCC9=CC=CC=C9)[C@@H](COCC%10=CC=CC=C%10)O7)[C@@H](COC(=O)C%11=CC=CC=C%11)O[C@@H](OCCCN=[N+]=[N-])[C@@H]6OC(=O)C%12=CC=CC=C%12,O([C@H]1[C@@H]([C@@H](OCC2=CC=CC=C2)[C@H](OC(=O)C)[C@@H](COCC3=CC=CC=C3)O1)N4C(=O)C=5C(C4=O)=CC=CC5)[C@H]6[C@@H](O[C@H]7[C@H](OC(C)=O)[C@@H](OCC8=CC=CC=C8)[C@H](OCC9=CC=CC=C9)[C@@H](COCC%10=CC=CC=C%10)O7)[C@@H](COC(=O)C%11=CC=CC=C%11)O[C@@H](OCCCN=[N+]=[N-])[C@@H]6OC(=O)C%12=CC=CC=C%12,False,True,True,1,57,CC(=O)O[C@H]1[C@H](O[C@@H]2[C@H](O[C@@H]3O[C@H](COCc4ccccc4)[C@@H](OC(C)=O)[C@H](OCc4ccccc4)[C@H]3N3C(=O)c4ccccc4C3=O)[C@@H](OC(=O)c3ccccc3)[C@H](OCCCN=[N+]=[N-])O[C@@H]2COC(=O)c2ccccc2)O[C@H](COCc2ccccc2)[C@@H](OCc2ccccc2)[C@@H]1OCc1ccccc1
418,417,O([C@H]1[C@@H]([C@@H](OCC2=CC=CC=C2)[C@H](OC(=O)C)[C@@H]](COCC3=CC=CC=C3)O1)N4C(=O)C=5C(C4=O)=CC=CC5)[C@H]6[C@@H](O[C@H]7[C@H](OC(C)=O)[C@@H](OCC8=CC=CC=C8)[C@H](OCC9=CC=CC=C9)[C@@H](COCC%10=CC=CC=C%10)O7)[C@@H](COC(=O)C%11=CC=CC=C%11)O[C@@H](OCCCN=[N+]=[N-])[C@@H]6OC(=O)C%12=CC=CC=C%12,O([C@H]1[C@@H]([C@@H](OCC2=CC=CC=C2)[C@H](OC(=O)C)[C@@H](COCC3=CC=CC=C3)O1)N4C(=O)C=5C(C4=O)=CC=CC5)[C@H]6[C@@H](O[C@H]7[C@H](OC(C)=O)[C@@H](OCC8=CC=CC=C8)[C@H](OCC9=CC=CC=C9)[C@@H](COCC%10=CC=CC=C%10)O7)[C@@H](COC(=O)C%11=CC=CC=C%11)O[C@@H](OCCCN=[N+]=[N-])[C@@H]6OC(=O)C%12=CC=CC=C%12,False,True,True,1,57,CC(=O)O[C@H]1[C@H](O[C@@H]2[C@H](O[C@@H]3O[C@H](COCc4ccccc4)[C@@H](OC(C)=O)[C@H](OCc4ccccc4)[C@H]3N3C(=O)c4ccccc4C3=O)[C@@H](OC(=O)c3ccccc3)[C@H](OCCCN=[N+]=[N-])O[C@@H]2COC(=O)c2ccccc2)O[C@H](COCc2ccccc2)[C@@H](OCc2ccccc2)[C@@H]1OCc1ccccc1
419,418,O([C@H]1[C@@H]([C@@H](OCC2=CC=CC=C2)[C@H](OC(=O)C)[C@@H]](COCC3=CC=CC=C3)O1)N4C(=O)C=5C(C4=O)=CC=CC5)[C@@H]6[C@@H](OC(=O)C7=CC=CC=C7)[C@H](O[C@H]8[C@H](OC(=O)C9=CC=CC=C9)[C@@H](OC(=O)C%10=CC=CC=C%10)[C@H](OCCCN=[N+]=[N-])O[C@@H]8COC(=O)C%11=CC=CC=C%11)O[C@H](COC(=O)C%12=CC=CC=C%12)[C@@H]6O,O([C@H]1[C@@H]([C@@H](OCC2=CC=CC=C2)[C@H](OC(=O)C)[C@@H](COCC3=CC=CC=C3)O1)N4C(=O)C=5C(C4=O)=CC=CC5)[C@@H]6[C@@H](OC(=O)C7=CC=CC=C7)[C@H](O[C@H]8[C@H](OC(=O)C9=CC=CC=C9)[C@@H](OC(=O)C%10=CC=CC=C%10)[C@H](OCCCN=[N+]=[N-])O[C@@H]8COC(=O)C%11=CC=CC=C%11)O[C@H](COC(=O)C%12=CC=CC=C%12)[C@@H]6O,False,True,True,1,57,CC(=O)O[C@H]1[C@H](OCc2ccccc2)[C@@H](N2C(=O)c3ccccc3C2=O)[C@H](O[C@H]2[C@@H](O)[C@@H](COC(=O)c3ccccc3)O[C@@H](O[C@H]3[C@H](OC(=O)c4ccccc4)[C@@H](OC(=O)c4ccccc4)[C@H](OCCCN=[N+]=[N-])O[C@@H]3COC(=O)c3ccccc3)[C@@H]2OC(=O)c2ccccc2)O[C@@H]1COCc1ccccc1
420,419,O([C@H]1[C@@H](O[C@H]2[C@H](OC(C)=O)[C@@H](OCC3=CC=CC=C3)[C@H](OCC4=CC=CC=C4)[C@@H](COCC5=CC=CC=C5)O2)[C@@H](COC(=O)C6=CC=CC=C6)O[C@@H](O[C@H]7[C@H](OC(=O)C8=CC=CC=C8)[C@@H](OC(=O)C9=CC=CC=C9)[C@H](OCCCN=[N+]=[N-])O[C@@H]7COC(=O)C%10=CC=CC=C%10)[C@@H]1OC(=O)C%11=CC=CC=C%11)[C@H]%12[C@@H]([C@@H](OCC%13=CC=CC=C%13)[C@H](OC(=O)C)[C@@H]](COCC%14=CC=CC=C%14)O%12)N%15C(=O)C=%16C(C%15=O)=CC=CC%16,O([C@H]1[C@@H](O[C@H]2[C@H](OC(C)=O)[C@@H](OCC3=CC=CC=C3)[C@H](OCC4=CC=CC=C4)[C@@H](COCC5=CC=CC=C5)O2)[C@@H](COC(=O)C6=CC=CC=C6)O[C@@H](O[C@H]7[C@H](OC(=O)C8=CC=CC=C8)[C@@H](OC(=O)C9=CC=CC=C9)[C@H](OCCCN=[N+]=[N-])O[C@@H]7COC(=O)C%10=CC=CC=C%10)[C@@H]1OC(=O)C%11=CC=CC=C%11)[C@H]%12[C@@H]([C@@H](OCC%13=CC=CC=C%13)[C@H](OC(=O)C)[C@@H](COCC%14=CC=CC=C%14)O%12)N%15C(=O)C=%16C(C%15=O)=CC=CC%16,False,True,True,1,335,CC(=O)O[C@H]1[C@H](O[C@@H]2[C@H](O[C@@H]3O[C@H](COCc4ccccc4)[C@@H](OC(C)=O)[C@H](OCc4ccccc4)[C@H]3N3C(=O)c4ccccc4C3=O)[C@@H](OC(=O)c3ccccc3)[C@H](O[C@H]3[C@H](OC(=O)c4ccccc4)[C@@H](OC(=O)c4ccccc4)[C@H](OCCCN=[N+]=[N-])O[C@@H]3COC(=O)c3ccccc3)O[C@@H]2COC(=O)c2ccccc2)O[C@H](COCc2ccccc2)[C@@H](OCc2ccccc2)[C@@H]1OCc1ccccc1
421,420,O(CC1=CC=CC=C1)[C@@H]2[C@H]([C@H](N=[N+]=[N-])O[C@H](COC3=CC=C(OC)C=C3)[C@H]2O[C@H]4[C@@H]([C@@H](OCC5=CC=CC=C5)[C@H](OC(=O)C)[C@@H]](COCC6=CC=CC=C6)O4)N7C(=O)C=8C(C7=O)=CC=CC8)N9C(=O)C=%10C(C9=O)=CC=CC%10,O(CC1=CC=CC=C1)[C@@H]2[C@H]([C@H](N=[N+]=[N-])O[C@H](COC3=CC=C(OC)C=C3)[C@H]2O[C@H]4[C@@H]([C@@H](OCC5=CC=CC=C5)[C@H](OC(=O)C)[C@@H](COCC6=CC=CC=C6)O4)N7C(=O)C=8C(C7=O)=CC=CC8)N9C(=O)C=%10C(C9=O)=CC=CC%10,False,True,True,1,133,COc1ccc(OC[C@H]2O[C@@H](N=[N+]=[N-])[C@H](N3C(=O)c4ccccc4C3=O)[C@@H](OCc3ccccc3)[C@@H]2O[C@@H]2O[C@H](COCc3ccccc3)[C@@H](OC(C)=O)[C@H](OCc3ccccc3)[C@H]2N2C(=O)c3ccccc3C2=O)cc1
422,421,O([C@H]1[C@@H]([C@@H](OCC2=CC=CC=C2)[C@H](OC(=O)C)[C@@H]](CO[Si](C(C)(C)C)(C3=CC=CC=C3)C4=CC=CC=C4)O1)N5C(=O)C=6C(C5=O)=CC=CC6)[C@@H]7[C@@H](OCC8=CC=CC=C8)[C@H](O[C@H]9[C@H](OCC%10=CC=CC=C%10)[C@@H](OCC%11=CC=CC=C%11)[C@H](OCCCN=[N+]=[N-])O[C@@H]9COCC%12=CC=CC=C%12)O[C@H](COCC%13=CC=CC=C%13)[C@@H]7OC(C)=O,O([C@H]1[C@@H]([C@@H](OCC2=CC=CC=C2)[C@H](OC(=O)C)[C@@H](CO[Si](C(C)(C)C)(C3=CC=CC=C3)C4=CC=CC=C4)O1)N5C(=O)C=6C(C5=O)=CC=CC6)[C@@H]7[C@@H](OCC8=CC=CC=C8)[C@H](O[C@H]9[C@H](OCC%10=CC=CC=C%10)[C@@H](OCC%11=CC=CC=C%11)[C@H](OCCCN=[N+]=[N-])O[C@@H]9COCC%12=CC=CC=C%12)O[C@H](COCC%13=CC=CC=C%13)[C@@H]7OC(C)=O,False,True,True,1,57,CC(=O)O[C@@H]1[C@H](O[C@@H]2O[C@H](CO[Si](c3ccccc3)(c3ccccc3)C(C)(C)C)[C@@H](OC(C)=O)[C@H](OCc3ccccc3)[C@H]2N2C(=O)c3ccccc3C2=O)[C@@H](OCc2ccccc2)[C@H](O[C@H]2[C@H](OCc3ccccc3)[C@@H](OCc3ccccc3)[C@H](OCCCN=[N+]=[N-])O[C@@H]2COCc2ccccc2)O[C@@H]1COCc1ccccc1
423,422,[Si](O[C@H]1[C@H](NC(OCC(Cl)(Cl)Cl)=O)[C@@H](O[C@H]2[C@@H](OCC3=CC4=C(C=C3)C=CC=C4)[C@H](OC(C)=O)[C@H](OC(C)=O)[C@H](C)O2)[C@H](OC(=O)C)[C@@H]](COCC5=CC6=C(C=C5)C=CC=C6)O1)(C(C)(C)C)(C7=CC=CC=C7)C8=CC=CC=C8,[Si](O[C@H]1[C@H](NC(OCC(Cl)(Cl)Cl)=O)[C@@H](O[C@H]2[C@@H](OCC3=CC4=C(C=C3)C=CC=C4)[C@H](OC(C)=O)[C@H](OC(C)=O)[C@H](C)O2)[C@H](OC(=O)C)[C@@H](COCC5=CC6=C(C=C5)C=CC=C6)O1)(C(C)(C)C)(C7=CC=CC=C7)C8=CC=CC=C8,False,True,True,1,143,CC(=O)O[C@H]1[C@H](OCc2ccc3ccccc3c2)[C@H](O[C@@H]2[C@@H](NC(=O)OCC(Cl)(Cl)Cl)[C@H](O[Si](c3ccccc3)(c3ccccc3)C(C)(C)C)O[C@H](COCc3ccc4ccccc4c3)[C@H]2OC(C)=O)O[C@@H](C)[C@H]1OC(C)=O
424,423,N(=[N+]=[N-])[C@@H]1[C@@H](OCC2=CC=CC=C2)[C@H](OC(=O)C)[C@@H]](COCC3=CC=CC=C3)O[C@H]1O[Si](C(C)(C)C)(C)C,N(=[N+]=[N-])[C@@H]1[C@@H](OCC2=CC=CC=C2)[C@H](OC(=O)C)[C@@H](COCC3=CC=CC=C3)O[C@H]1O[Si](C(C)(C)C)(C)C,False,True,True,1,62,CC(=O)O[C@H]1[C@H](OCc2ccccc2)[C@@H](N=[N+]=[N-])[C@H](O[Si](C)(C)C(C)(C)C)O[C@@H]1COCc1ccccc1
425,424,N(=[N+]=[N-])[C@@H]1[C@@H](OCC2=CC=CC=C2)[C@H](OC(=O)C)[C@@H]](COCC3=CC=CC=C3)O[C@H]1O[Si](C(C)(C)C)(C)C,N(=[N+]=[N-])[C@@H]1[C@@H](OCC2=CC=CC=C2)[C@H](OC(=O)C)[C@@H](COCC3=CC=CC=C3)O[C@H]1O[Si](C(C)(C)C)(C)C,False,True,True,1,62,CC(=O)O[C@H]1[C@H](OCc2ccccc2)[C@@H](N=[N+]=[N-])[C@H](O[Si](C)(C)C(C)(C)C)O[C@@H]1COCc1ccccc1
426,425,N(=[N+]=[N-])[C@@H]1[C@@H](OCC2=CC=CC=C2)[C@H](OC(=O)C)[C@@H]](COCC3=CC=CC=C3)O[C@H]1OCC4=CC=CC=C4,N(=[N+]=[N-])[C@@H]1[C@@H](OCC2=CC=CC=C2)[C@H](OC(=O)C)[C@@H](COCC3=CC=CC=C3)O[C@H]1OCC4=CC=CC=C4,False,True,True,1,62,CC(=O)O[C@H]1[C@H](OCc2ccccc2)[C@@H](N=[N+]=[N-])[C@H](OCc2ccccc2)O[C@@H]1COCc1ccccc1
427,426,N(=[N+]=[N-])[C@@H]1[C@@H](OCC2=CC=CC=C2)[C@H](OC(=O)C)[C@@H]](COCC3=CC=CC=C3)O[C@H]1OCC4=CC=CC=C4,N(=[N+]=[N-])[C@@H]1[C@@H](OCC2=CC=CC=C2)[C@H](OC(=O)C)[C@@H](COCC3=CC=CC=C3)O[C@H]1OCC4=CC=CC=C4,False,True,True,1,62,CC(=O)O[C@H]1[C@H](OCc2ccccc2)[C@@H](N=[N+]=[N-])[C@H](OCc2ccccc2)O[C@@H]1COCc1ccccc1
428,427,S([C@@H]1[C@@H](N=[N+]=[N-])[C@@H](OCC2=CC=CC=C2)[C@H](OC(=O)C)[C@@H]](C(OC)=O)O1)C3=CC=CC=C3,S([C@@H]1[C@@H](N=[N+]=[N-])[C@@H](OCC2=CC=CC=C2)[C@H](OC(=O)C)[C@@H](C(OC)=O)O1)C3=CC=CC=C3,False,True,True,1,70,COC(=O)[C@H]1O[C@H](Sc2ccccc2)[C@@H](N=[N+]=[N-])[C@@H](OCc2ccccc2)[C@@H]1OC(C)=O
429,428,S([C@@H]1[C@H](N=[N+]=[N-])[C@@H](OCC2=CC=CC=C2)[C@H](OC(=O)C)[C@@H]](COCC3=CC=CC=C3)O1)C4=CC=C(C)C=C4,S([C@@H]1[C@H](N=[N+]=[N-])[C@@H](OCC2=CC=CC=C2)[C@H](OC(=O)C)[C@@H](COCC3=CC=CC=C3)O1)C4=CC=C(C)C=C4,False,True,True,1,69,CC(=O)O[C@H]1[C@H](OCc2ccccc2)[C@@H](N=[N+]=[N-])[C@@H](Sc2ccc(C)cc2)O[C@@H]1COCc1ccccc1
430,429,N(=[N+]=[N-])[C@@H]1[C@@H](OCC2=CC=CC=C2)[C@H](OC(=O)C)[C@@H]](COCC3=CC=CC=C3)O[C@H]1OCCCC=C,N(=[N+]=[N-])[C@@H]1[C@@H](OCC2=CC=CC=C2)[C@H](OC(=O)C)[C@@H](COCC3=CC=CC=C3)O[C@H]1OCCCC=C,False,True,True,1,62,C=CCCCO[C@@H]1O[C@H](COCc2ccccc2)[C@@H](OC(C)=O)[C@H](OCc2ccccc2)[C@H]1N=[N+]=[N-]
431,430,N(=[N+]=[N-])[C@@H]1[C@@H](OCC2=CC=CC=C2)[C@H](OC(=O)C)[C@@H]](COCC3=CC=CC=C3)O[C@H]1OCCCC=C,N(=[N+]=[N-])[C@@H]1[C@@H](OCC2=CC=CC=C2)[C@H](OC(=O)C)[C@@H](COCC3=CC=CC=C3)O[C@H]1OCCCC=C,False,True,True,1,62,C=CCCCO[C@@H]1O[C@H](COCc2ccccc2)[C@@H](OC(C)=O)[C@H](OCc2ccccc2)[C@H]1N=[N+]=[N-]
432,431,O(C)[C@H]1[C@H](N=[N+]=[N-])[C@@H](F)[C@H](OC(=O)C)[C@@H]](COCC2=CC=CC=C2)O1,O(C)[C@H]1[C@H](N=[N+]=[N-])[C@@H](F)[C@H](OC(=O)C)[C@@H](COCC2=CC=CC=C2)O1,False,True,True,1,58,CO[C@@H]1O[C@H](COCc2ccccc2)[C@@H](OC(C)=O)[C@H](F)[C@H]1N=[N+]=[N-]
433,432,N(=[N+]=[N-])[C@@H]1[C@@H](OCC2=CC=CC=C2)[C@H](OC(=O)C)[C@@H]](COCC3=CC=CC=C3)O[C@H]1OCC4=CC=CC=C4,N(=[N+]=[N-])[C@@H]1[C@@H](OCC2=CC=CC=C2)[C@H](OC(=O)C)[C@@H](COCC3=CC=CC=C3)O[C@H]1OCC4=CC=CC=C4,False,True,True,1,62,CC(=O)O[C@H]1[C@H](OCc2ccccc2)[C@@H](N=[N+]=[N-])[C@H](OCc2ccccc2)O[C@@H]1COCc1ccccc1
434,433,N(=[N+]=[N-])[C@@H]1[C@@H](OCC2=CC=CC=C2)[C@H](OC(=O)C)[C@@H]](COCC3=CC=CC=C3)O[C@H]1OCC4=CC=CC=C4,N(=[N+]=[N-])[C@@H]1[C@@H](OCC2=CC=CC=C2)[C@H](OC(=O)C)[C@@H](COCC3=CC=CC=C3)O[C@H]1OCC4=CC=CC=C4,False,True,True,1,62,CC(=O)O[C@H]1[C@H](OCc2ccccc2)[C@@H](N=[N+]=[N-])[C@H](OCc2ccccc2)O[C@@H]1COCc1ccccc1
435,434,N(=[N+]=[N-])[C@@H]1[C@@H](OCC2=CC=CC=C2)[C@H](OC(=O)C)[C@@H]](COCC3=CC=CC=C3)O[C@H]1OCC4=CC=CC=C4,N(=[N+]=[N-])[C@@H]1[C@@H](OCC2=CC=CC=C2)[C@H](OC(=O)C)[C@@H](COCC3=CC=CC=C3)O[C@H]1OCC4=CC=CC=C4,False,True,True,1,62,CC(=O)O[C@H]1[C@H](OCc2ccccc2)[C@@H](N=[N+]=[N-])[C@H](OCc2ccccc2)O[C@@H]1COCc1ccccc1
436,435,N(=[N+]=[N-])[C@@H]1[C@@H](OCC2=CC=CC=C2)[C@H](OC(=O)C)[C@@H]](COCC3=CC=CC=C3)O[C@H]1OCCCC=C,N(=[N+]=[N-])[C@@H]1[C@@H](OCC2=CC=CC=C2)[C@H](OC(=O)C)[C@@H](COCC3=CC=CC=C3)O[C@H]1OCCCC=C,False,True,True,1,62,C=CCCCO[C@@H]1O[C@H](COCc2ccccc2)[C@@H](OC(C)=O)[C@H](OCc2ccccc2)[C@H]1N=[N+]=[N-]
437,436,N(=[N+]=[N-])[C@@H]1[C@@H](OCC2=CC=CC=C2)[C@H](OC(=O)C)[C@@H]](COC(C)=O)OC1OCC3=CC=CC=C3,N(=[N+]=[N-])[C@@H]1[C@@H](OCC2=CC=CC=C2)[C@H](OC(=O)C)[C@@H](COC(C)=O)OC1OCC3=CC=CC=C3,False,True,True,1,62,CC(=O)OC[C@H]1OC(OCc2ccccc2)[C@H](N=[N+]=[N-])[C@@H](OCc2ccccc2)[C@@H]1OC(C)=O
438,437,N(=[N+]=[N-])[C@@H]1[C@@H](OCC2=CC=CC=C2)[C@H](OC(=O)C)[C@@H]](COC(C)=O)OC1OCC3=CC=CC=C3,N(=[N+]=[N-])[C@@H]1[C@@H](OCC2=CC=CC=C2)[C@H](OC(=O)C)[C@@H](COC(C)=O)OC1OCC3=CC=CC=C3,False,True,True,1,62,CC(=O)OC[C@H]1OC(OCc2ccccc2)[C@H](N=[N+]=[N-])[C@@H](OCc2ccccc2)[C@@H]1OC(C)=O
439,438,N(=[N+]=[N-])[C@@H]1[C@@H](OCC2=CC=CC=C2)[C@H](OC(=O)C)[C@@H]](COC(C)=O)OC1OCC3=CC=CC=C3,N(=[N+]=[N-])[C@@H]1[C@@H](OCC2=CC=CC=C2)[C@H](OC(=O)C)[C@@H](COC(C)=O)OC1OCC3=CC=CC=C3,False,True,True,1,62,CC(=O)OC[C@H]1OC(OCc2ccccc2)[C@H](N=[N+]=[N-])[C@@H](OCc2ccccc2)[C@@H]1OC(C)=O
440,439,N(=[N+]=[N-])[C@@H]1[C@@H](OCC2=CC=CC=C2)[C@H](OC(=O)C)[C@@H]](COCC3=CC=CC=C3)O[C@H]1OCCCC=C,N(=[N+]=[N-])[C@@H]1[C@@H](OCC2=CC=CC=C2)[C@H](OC(=O)C)[C@@H](COCC3=CC=CC=C3)O[C@H]1OCCCC=C,False,True,True,1,62,C=CCCCO[C@@H]1O[C@H](COCc2ccccc2)[C@@H](OC(C)=O)[C@H](OCc2ccccc2)[C@H]1N=[N+]=[N-]
441,440,N(=[N+]=[N-])[C@@H]1[C@@H](OCC2=CC=CC=C2)[C@H](OC(=O)C)[C@@H]](COCC3=CC=CC=C3)O[C@H]1OCCCC=C,N(=[N+]=[N-])[C@@H]1[C@@H](OCC2=CC=CC=C2)[C@H](OC(=O)C)[C@@H](COCC3=CC=CC=C3)O[C@H]1OCCCC=C,False,True,True,1,62,C=CCCCO[C@@H]1O[C@H](COCc2ccccc2)[C@@H](OC(C)=O)[C@H](OCc2ccccc2)[C@H]1N=[N+]=[N-]
442,441,N(=[N+]=[N-])[C@@H]1[C@@H](OCC2=CC=CC=C2)[C@H](OC(=O)C)[C@@H]](COCC3=CC=CC=C3)O[C@H]1OCCCC=C,N(=[N+]=[N-])[C@@H]1[C@@H](OCC2=CC=CC=C2)[C@H](OC(=O)C)[C@@H](COCC3=CC=CC=C3)O[C@H]1OCCCC=C,False,True,True,1,62,C=CCCCO[C@@H]1O[C@H](COCc2ccccc2)[C@@H](OC(C)=O)[C@H](OCc2ccccc2)[C@H]1N=[N+]=[N-]
443,442,N(=[N+]=[N-])[C@@H]1[C@@H](OCC2=CC=CC=C2)[C@H](OC(=O)C)[C@@H]](COCC3=CC=CC=C3)O[C@H]1OCCCC=C,N(=[N+]=[N-])[C@@H]1[C@@H](OCC2=CC=CC=C2)[C@H](OC(=O)C)[C@@H](COCC3=CC=CC=C3)O[C@H]1OCCCC=C,False,True,True,1,62,C=CCCCO[C@@H]1O[C@H](COCc2ccccc2)[C@@H](OC(C)=O)[C@H](OCc2ccccc2)[C@H]1N=[N+]=[N-]
444,443,N(=[N+]=[N-])[C@@H]1[C@@H](OCC2=CC=CC=C2)[C@H](OC(=O)C)[C@@H]](COCC3=CC=CC=C3)O[C@H]1OCCCC=C,N(=[N+]=[N-])[C@@H]1[C@@H](OCC2=CC=CC=C2)[C@H](OC(=O)C)[C@@H](COCC3=CC=CC=C3)O[C@H]1OCCCC=C,False,True,True,1,62,C=CCCCO[C@@H]1O[C@H](COCc2ccccc2)[C@@H](OC(C)=O)[C@H](OCc2ccccc2)[C@H]1N=[N+]=[N-]
445,444,N(=[N+]=[N-])[C@@H]1[C@@H](OCC2=CC=CC=C2)[C@H](OC(=O)C)[C@@H]](COCC3=CC=CC=C3)O[C@H]1OCCCC=C,N(=[N+]=[N-])[C@@H]1[C@@H](OCC2=CC=CC=C2)[C@H](OC(=O)C)[C@@H](COCC3=CC=CC=C3)O[C@H]1OCCCC=C,False,True,True,1,62,C=CCCCO[C@@H]1O[C@H](COCc2ccccc2)[C@@H](OC(C)=O)[C@H](OCc2ccccc2)[C@H]1N=[N+]=[N-]
446,445,O([C@H]1[C@H](OCC2=CC=CC=C2)[C@@H](OC(=O)C3=CC=CC=C3)[C@H](OC)O[C@H]1C(OC(C)(C)C)=O)[C@@H]4[C@H](N=[N+]=[N-])[C@@H](OCC5=CC=CC=C5)[C@H](OC(=O)C)[C@@H]](COC6=CC=C(OC)C=C6)O4,O([C@H]1[C@H](OCC2=CC=CC=C2)[C@@H](OC(=O)C3=CC=CC=C3)[C@H](OC)O[C@H]1C(OC(C)(C)C)=O)[C@@H]4[C@H](N=[N+]=[N-])[C@@H](OCC5=CC=CC=C5)[C@H](OC(=O)C)[C@@H](COC6=CC=C(OC)C=C6)O4,False,True,True,1,151,COc1ccc(OC[C@H]2O[C@H](O[C@H]3[C@H](OCc4ccccc4)[C@@H](OC(=O)c4ccccc4)[C@H](OC)O[C@H]3C(=O)OC(C)(C)C)[C@H](N=[N+]=[N-])[C@@H](OCc3ccccc3)[C@@H]2OC(C)=O)cc1
447,446,N(=[N+]=[N-])[C@@H]1[C@@H](OCC2=CC=CC=C2)[C@H](OC(=O)C)[C@@H]](COCC3=CC=CC=C3)O[C@H]1O[Si](C(C)(C)C)(C)C,N(=[N+]=[N-])[C@@H]1[C@@H](OCC2=CC=CC=C2)[C@H](OC(=O)C)[C@@H](COCC3=CC=CC=C3)O[C@H]1O[Si](C(C)(C)C)(C)C,False,True,True,1,62,CC(=O)O[C@H]1[C@H](OCc2ccccc2)[C@@H](N=[N+]=[N-])[C@H](O[Si](C)(C)C(C)(C)C)O[C@@H]1COCc1ccccc1
448,447,S([C@@H]1[C@H](N=[N+]=[N-])[C@@H](OCC2=CC=CC=C2)[C@H](OC(=O)C)[C@@H]](COCC3=CC=CC=C3)O1)C4=CC=C(C)C=C4,S([C@@H]1[C@H](N=[N+]=[N-])[C@@H](OCC2=CC=CC=C2)[C@H](OC(=O)C)[C@@H](COCC3=CC=CC=C3)O1)C4=CC=C(C)C=C4,False,True,True,1,69,CC(=O)O[C@H]1[C@H](OCc2ccccc2)[C@@H](N=[N+]=[N-])[C@@H](Sc2ccc(C)cc2)O[C@@H]1COCc1ccccc1
449,448,[Si](O[C@H]1[C@H](N=[N+]=[N-])[C@@H](OCC2=CC=CC=C2)[C@H](OC(=O)C)[C@@H]](COCC3=CC=CC=C3)O1)(C(C)(C)C)(C4=CC=CC=C4)C5=CC=CC=C5,[Si](O[C@H]1[C@H](N=[N+]=[N-])[C@@H](OCC2=CC=CC=C2)[C@H](OC(=O)C)[C@@H](COCC3=CC=CC=C3)O1)(C(C)(C)C)(C4=CC=CC=C4)C5=CC=CC=C5,False,True,True,1,72,CC(=O)O[C@H]1[C@H](OCc2ccccc2)[C@@H](N=[N+]=[N-])[C@H](O[Si](c2ccccc2)(c2ccccc2)C(C)(C)C)O[C@@H]1COCc1ccccc1
450,449,O([C@H]1[C@H](OCC2=CC=CC=C2)[C@@H](OC(=O)C3=CC=CC=C3)[C@H](OC)O[C@H]1C(OC)=O)[C@@H]4[C@H](N=[N+]=[N-])[C@@H](OCC5=CC=CC=C5)[C@H](OC(=O)C)[C@@H]](COC(C)=O)O4,O([C@H]1[C@H](OCC2=CC=CC=C2)[C@@H](OC(=O)C3=CC=CC=C3)[C@H](OC)O[C@H]1C(OC)=O)[C@@H]4[C@H](N=[N+]=[N-])[C@@H](OCC5=CC=CC=C5)[C@H](OC(=O)C)[C@@H](COC(C)=O)O4,False,True,True,1,144,COC(=O)[C@@H]1O[C@@H](OC)[C@H](OC(=O)c2ccccc2)[C@@H](OCc2ccccc2)[C@@H]1O[C@H]1O[C@H](COC(C)=O)[C@@H](OC(C)=O)[C@H](OCc2ccccc2)[C@H]1N=[N+]=[N-]
451,450,N(=[N+]=[N-])[C@@H]1[C@@H](OCC2=CC=CC=C2)[C@H](OC(=O)C)[C@@H]](COCC3=CC=CC=C3)O[C@H]1OCC4=CC=CC=C4,N(=[N+]=[N-])[C@@H]1[C@@H](OCC2=CC=CC=C2)[C@H](OC(=O)C)[C@@H](COCC3=CC=CC=C3)O[C@H]1OCC4=CC=CC=C4,False,True,True,1,62,CC(=O)O[C@H]1[C@H](OCc2ccccc2)[C@@H](N=[N+]=[N-])[C@H](OCc2ccccc2)O[C@@H]1COCc1ccccc1
452,451,N(=[N+]=[N-])[C@@H]1[C@@H](OCC2=CC=CC=C2)[C@H](OC(=O)C)[C@@H]](COCC3=CC=CC=C3)O[C@H]1O[Si](C(C)(C)C)(C)C,N(=[N+]=[N-])[C@@H]1[C@@H](OCC2=CC=CC=C2)[C@H](OC(=O)C)[C@@H](COCC3=CC=CC=C3)O[C@H]1O[Si](C(C)(C)C)(C)C,False,True,True,1,62,CC(=O)O[C@H]1[C@H](OCc2ccccc2)[C@@H](N=[N+]=[N-])[C@H](O[Si](C)(C)C(C)(C)C)O[C@@H]1COCc1ccccc1
453,452,N(=[N+]=[N-])[C@@H]1[C@@H](OCC2=CC=CC=C2)[C@H](OC(=O)C)[C@@H]](COC(C)=O)O[C@@H]1OCCCC#C,N(=[N+]=[N-])[C@@H]1[C@@H](OCC2=CC=CC=C2)[C@H](OC(=O)C)[C@@H](COC(C)=O)O[C@@H]1OCCCC#C,False,True,True,1,62,C#CCCCO[C@H]1O[C@H](COC(C)=O)[C@@H](OC(C)=O)[C@H](OCc2ccccc2)[C@H]1N=[N+]=[N-]
454,453,O([C@H]1[C@H](OCC2=CC=CC=C2)[C@@H](OC(=O)C3=CC=CC=C3)[C@H](O[C@H]4[C@H](OCC5=CC=CC=C5)[C@@H](N=[N+]=[N-])[C@@H](O[C@H]6[C@H](OCC7=CC=CC=C7)[C@@H](OC(=O)C8=CC=CC=C8)[C@H](OC)O[C@H]6C(OC)=O)O[C@@H]4COC(C)=O)O[C@H]1C(OC)=O)[C@@H]9[C@H](N=[N+]=[N-])[C@@H](OCC%10=CC=CC=C%10)[C@H](OC(=O)C)[C@@H]](COCC%11=CC=CC=C%11)O9,O([C@H]1[C@H](OCC2=CC=CC=C2)[C@@H](OC(=O)C3=CC=CC=C3)[C@H](O[C@H]4[C@H](OCC5=CC=CC=C5)[C@@H](N=[N+]=[N-])[C@@H](O[C@H]6[C@H](OCC7=CC=CC=C7)[C@@H](OC(=O)C8=CC=CC=C8)[C@H](OC)O[C@H]6C(OC)=O)O[C@@H]4COC(C)=O)O[C@H]1C(OC)=O)[C@@H]9[C@H](N=[N+]=[N-])[C@@H](OCC%10=CC=CC=C%10)[C@H](OC(=O)C)[C@@H](COCC%11=CC=CC=C%11)O9,False,True,True,1,291,COC(=O)[C@@H]1O[C@@H](OC)[C@H](OC(=O)c2ccccc2)[C@@H](OCc2ccccc2)[C@@H]1O[C@H]1O[C@H](COC(C)=O)[C@@H](O[C@@H]2O[C@@H](C(=O)OC)[C@@H](O[C@H]3O[C@H](COCc4ccccc4)[C@@H](OC(C)=O)[C@H](OCc4ccccc4)[C@H]3N=[N+]=[N-])[C@H](OCc3ccccc3)[C@H]2OC(=O)c2ccccc2)[C@H](OCc2ccccc2)[C@H]1N=[N+]=[N-]
455,454,O([Si](C(C(C)C)(C)C)(C)C)[C@H]1[C@H](N=[N+]=[N-])[C@@H](OCC2=CC=CC=C2)[C@H](OC(=O)C)[C@@H]](COC(C)=O)O1,O([Si](C(C(C)C)(C)C)(C)C)[C@H]1[C@H](N=[N+]=[N-])[C@@H](OCC2=CC=CC=C2)[C@H](OC(=O)C)[C@@H](COC(C)=O)O1,False,True,True,1,91,CC(=O)OC[C@H]1O[C@@H](O[Si](C)(C)C(C)(C)C(C)C)[C@H](N=[N+]=[N-])[C@@H](OCc2ccccc2)[C@@H]1OC(C)=O
456,455,O([Si](C(C(C)C)(C)C)(C)C)[C@H]1[C@H](N=[N+]=[N-])[C@@H](OCC2=CC=CC=C2)[C@H](OC(=O)C)[C@@H]](COC(C)=O)O1,O([Si](C(C(C)C)(C)C)(C)C)[C@H]1[C@H](N=[N+]=[N-])[C@@H](OCC2=CC=CC=C2)[C@H](OC(=O)C)[C@@H](COC(C)=O)O1,False,True,True,1,91,CC(=O)OC[C@H]1O[C@@H](O[Si](C)(C)C(C)(C)C(C)C)[C@H](N=[N+]=[N-])[C@@H](OCc2ccccc2)[C@@H]1OC(C)=O
457,456,O([Si](C(C(C)C)(C)C)(C)C)[C@H]1[C@H](N=[N+]=[N-])[C@@H](OCC2=CC=CC=C2)[C@H](OC(=O)C)[C@@H]](COC(C)=O)O1,O([Si](C(C(C)C)(C)C)(C)C)[C@H]1[C@H](N=[N+]=[N-])[C@@H](OCC2=CC=CC=C2)[C@H](OC(=O)C)[C@@H](COC(C)=O)O1,False,True,True,1,91,CC(=O)OC[C@H]1O[C@@H](O[Si](C)(C)C(C)(C)C(C)C)[C@H](N=[N+]=[N-])[C@@H](OCc2ccccc2)[C@@H]1OC(C)=O
458,457,O([Si](C(C(C)C)(C)C)(C)C)[C@H]1[C@H](N=[N+]=[N-])[C@@H](OCC2=CC=CC=C2)[C@H](OC(=O)C)[C@@H]](COC(C)=O)O1,O([Si](C(C(C)C)(C)C)(C)C)[C@H]1[C@H](N=[N+]=[N-])[C@@H](OCC2=CC=CC=C2)[C@H](OC(=O)C)[C@@H](COC(C)=O)O1,False,True,True,1,91,CC(=O)OC[C@H]1O[C@@H](O[Si](C)(C)C(C)(C)C(C)C)[C@H](N=[N+]=[N-])[C@@H](OCc2ccccc2)[C@@H]1OC(C)=O
459,458,O([Si](C(C(C)C)(C)C)(C)C)[C@H]1[C@H](N=[N+]=[N-])[C@@H](OCC2=CC=CC=C2)[C@H](OC(=O)C)[C@@H]](COC(C)=O)O1,O([Si](C(C(C)C)(C)C)(C)C)[C@H]1[C@H](N=[N+]=[N-])[C@@H](OCC2=CC=CC=C2)[C@H](OC(=O)C)[C@@H](COC(C)=O)O1,False,True,True,1,91,CC(=O)OC[C@H]1O[C@@H](O[Si](C)(C)C(C)(C)C(C)C)[C@H](N=[N+]=[N-])[C@@H](OCc2ccccc2)[C@@H]1OC(C)=O
460,459,O([Si](C(C(C)C)(C)C)(C)C)[C@H]1[C@H](N=[N+]=[N-])[C@@H](OCC2=CC=CC=C2)[C@H](OC(=O)C)[C@@H]](COC(C)=O)O1,O([Si](C(C(C)C)(C)C)(C)C)[C@H]1[C@H](N=[N+]=[N-])[C@@H](OCC2=CC=CC=C2)[C@H](OC(=O)C)[C@@H](COC(C)=O)O1,False,True,True,1,91,CC(=O)OC[C@H]1O[C@@H](O[Si](C)(C)C(C)(C)C(C)C)[C@H](N=[N+]=[N-])[C@@H](OCc2ccccc2)[C@@H]1OC(C)=O
461,460,O([Si](C(C(C)C)(C)C)(C)C)[C@H]1[C@H](N=[N+]=[N-])[C@@H](OCC2=CC=CC=C2)[C@H](OC(=O)C)[C@@H]](COC(C)=O)O1,O([Si](C(C(C)C)(C)C)(C)C)[C@H]1[C@H](N=[N+]=[N-])[C@@H](OCC2=CC=CC=C2)[C@H](OC(=O)C)[C@@H](COC(C)=O)O1,False,True,True,1,91,CC(=O)OC[C@H]1O[C@@H](O[Si](C)(C)C(C)(C)C(C)C)[C@H](N=[N+]=[N-])[C@@H](OCc2ccccc2)[C@@H]1OC(C)=O
462,461,O([C@H]1[C@H](OCC2=CC=CC=C2)[C@@H](OC(=O)C3=CC=CC=C3)[C@H](O[C@H]4[C@H](OCC5=CC=CC=C5)[C@@H](N=[N+]=[N-])[C@@H](O[C@H]6[C@H](OCC7=CC=CC=C7)[C@@H](OC(=O)C8=CC=CC=C8)[C@H](OC)O[C@H]6C(OC)=O)O[C@@H]4COC(C)=O)O[C@H]1C(OC)=O)[C@@H]9[C@H](N=[N+]=[N-])[C@@H](OCC%10=CC=CC=C%10)[C@H](OC(=O)C)[C@@H]](COCC%11=CC=CC=C%11)O9,O([C@H]1[C@H](OCC2=CC=CC=C2)[C@@H](OC(=O)C3=CC=CC=C3)[C@H](O[C@H]4[C@H](OCC5=CC=CC=C5)[C@@H](N=[N+]=[N-])[C@@H](O[C@H]6[C@H](OCC7=CC=CC=C7)[C@@H](OC(=O)C8=CC=CC=C8)[C@H](OC)O[C@H]6C(OC)=O)O[C@@H]4COC(C)=O)O[C@H]1C(OC)=O)[C@@H]9[C@H](N=[N+]=[N-])[C@@H](OCC%10=CC=CC=C%10)[C@H](OC(=O)C)[C@@H](COCC%11=CC=CC=C%11)O9,False,True,True,1,291,COC(=O)[C@@H]1O[C@@H](OC)[C@H](OC(=O)c2ccccc2)[C@@H](OCc2ccccc2)[C@@H]1O[C@H]1O[C@H](COC(C)=O)[C@@H](O[C@@H]2O[C@@H](C(=O)OC)[C@@H](O[C@H]3O[C@H](COCc4ccccc4)[C@@H](OC(C)=O)[C@H](OCc4ccccc4)[C@H]3N=[N+]=[N-])[C@H](OCc3ccccc3)[C@H]2OC(=O)c2ccccc2)[C@H](OCc2ccccc2)[C@H]1N=[N+]=[N-]
463,462,O([C@H]1[C@H](OCC2=CC=CC=C2)[C@@H](OC(=O)C3=CC=CC=C3)[C@H](O[C@H]4[C@H](OCC5=CC=CC=C5)[C@@H](N=[N+]=[N-])[C@@H](O[C@H]6[C@H](OCC7=CC=CC=C7)[C@@H](OC(=O)C8=CC=CC=C8)[C@H](OC)O[C@H]6C(OC)=O)O[C@@H]4COC(C)=O)O[C@H]1C(OC)=O)[C@@H]9[C@H](N=[N+]=[N-])[C@@H](OCC%10=CC=CC=C%10)[C@H](O[C@H]%11[C@H](OC(=O)C%12=CC=CC=C%12)[C@@H](OCC%13=CC=CC=C%13)[C@H](O[C@@H]%14[C@H](N=[N+]=[N-])[C@@H](OCC%15=CC=CC=C%15)[C@H](OC(=O)C)[C@@H]](COCC%16=CC=CC=C%16)O%14)[C@H](C(OC)=O)O%11)[C@@H](COCC%17=CC=CC=C%17)O9,O([C@H]1[C@H](OCC2=CC=CC=C2)[C@@H](OC(=O)C3=CC=CC=C3)[C@H](O[C@H]4[C@H](OCC5=CC=CC=C5)[C@@H](N=[N+]=[N-])[C@@H](O[C@H]6[C@H](OCC7=CC=CC=C7)[C@@H](OC(=O)C8=CC=CC=C8)[C@H](OC)O[C@H]6C(OC)=O)O[C@@H]4COC(C)=O)O[C@H]1C(OC)=O)[C@@H]9[C@H](N=[N+]=[N-])[C@@H](OCC%10=CC=CC=C%10)[C@H](O[C@H]%11[C@H](OC(=O)C%12=CC=CC=C%12)[C@@H](OCC%13=CC=CC=C%13)[C@H](O[C@@H]%14[C@H](N=[N+]=[N-])[C@@H](OCC%15=CC=CC=C%15)[C@H](OC(=O)C)[C@@H](COCC%16=CC=CC=C%16)O%14)[C@H](C(OC)=O)O%11)[C@@H](COCC%17=CC=CC=C%17)O9,False,True,True,1,418,COC(=O)[C@@H]1O[C@@H](OC)[C@H](OC(=O)c2ccccc2)[C@@H](OCc2ccccc2)[C@@H]1O[C@H]1O[C@H](COC(C)=O)[C@@H](O[C@@H]2O[C@@H](C(=O)OC)[C@@H](O[C@H]3O[C@H](COCc4ccccc4)[C@@H](O[C@@H]4O[C@@H](C(=O)OC)[C@@H](O[C@H]5O[C@H](COCc6ccccc6)[C@@H](OC(C)=O)[C@H](OCc6ccccc6)[C@H]5N=[N+]=[N-])[C@H](OCc5ccccc5)[C@H]4OC(=O)c4ccccc4)[C@H](OCc4ccccc4)[C@H]3N=[N+]=[N-])[C@H](OCc3ccccc3)[C@H]2OC(=O)c2ccccc2)[C@H](OCc2ccccc2)[C@H]1N=[N+]=[N-]
464,463,O([C@H]1[C@H](OCC2=CC=CC=C2)[C@@H](OC(=O)C3=CC=CC=C3)[C@H](O[C@H]4[C@H](OCC5=CC=CC=C5)[C@@H](N=[N+]=[N-])[C@@H](O[C@H]6[C@H](OCC7=CC=CC=C7)[C@@H](OC(=O)C8=CC=CC=C8)[C@H](OC[C@H](OCC9=CC=CC=C9)COCC%10=CC=CC=C%10)O[C@H]6C(OC)=O)O[C@@H]4COCC%11=CC=CC=C%11)O[C@H]1C(OC)=O)[C@@H]%12[C@H](N=[N+]=[N-])[C@@H](OCC%13=CC=CC=C%13)[C@H](OC(=O)C)[C@@H]](COCC%14=CC=CC=C%14)O%12,O([C@H]1[C@H](OCC2=CC=CC=C2)[C@@H](OC(=O)C3=CC=CC=C3)[C@H](O[C@H]4[C@H](OCC5=CC=CC=C5)[C@@H](N=[N+]=[N-])[C@@H](O[C@H]6[C@H](OCC7=CC=CC=C7)[C@@H](OC(=O)C8=CC=CC=C8)[C@H](OC[C@H](OCC9=CC=CC=C9)COCC%10=CC=CC=C%10)O[C@H]6C(OC)=O)O[C@@H]4COCC%11=CC=CC=C%11)O[C@H]1C(OC)=O)[C@@H]%12[C@H](N=[N+]=[N-])[C@@H](OCC%13=CC=CC=C%13)[C@H](OC(=O)C)[C@@H](COCC%14=CC=CC=C%14)O%12,False,True,True,1,341,COC(=O)[C@@H]1O[C@@H](OC[C@@H](COCc2ccccc2)OCc2ccccc2)[C@H](OC(=O)c2ccccc2)[C@@H](OCc2ccccc2)[C@@H]1O[C@H]1O[C@H](COCc2ccccc2)[C@@H](O[C@@H]2O[C@@H](C(=O)OC)[C@@H](O[C@H]3O[C@H](COCc4ccccc4)[C@@H](OC(C)=O)[C@H](OCc4ccccc4)[C@H]3N=[N+]=[N-])[C@H](OCc3ccccc3)[C@H]2OC(=O)c2ccccc2)[C@H](OCc2ccccc2)[C@H]1N=[N+]=[N-]
465,464,O([C@H]1[C@H](OCC2=CC=CC=C2)[C@@H](OC(=O)C3=CC=CC=C3)[C@H](O[C@H]4[C@H](OCC5=CC=CC=C5)[C@@H](N=[N+]=[N-])[C@@H](O[C@H]6[C@H](OCC7=CC=CC=C7)[C@@H](OC(=O)C8=CC=CC=C8)[C@H](OC[C@H](OCC9=CC=CC=C9)COCC%10=CC=CC=C%10)O[C@H]6C(OC)=O)O[C@@H]4COCC%11=CC=CC=C%11)O[C@H]1C(OC)=O)[C@@H]%12[C@H](N=[N+]=[N-])[C@@H](OCC%13=CC=CC=C%13)[C@H](OC(=O)C)[C@@H]](COCC%14=CC=CC=C%14)O%12,O([C@H]1[C@H](OCC2=CC=CC=C2)[C@@H](OC(=O)C3=CC=CC=C3)[C@H](O[C@H]4[C@H](OCC5=CC=CC=C5)[C@@H](N=[N+]=[N-])[C@@H](O[C@H]6[C@H](OCC7=CC=CC=C7)[C@@H](OC(=O)C8=CC=CC=C8)[C@H](OC[C@H](OCC9=CC=CC=C9)COCC%10=CC=CC=C%10)O[C@H]6C(OC)=O)O[C@@H]4COCC%11=CC=CC=C%11)O[C@H]1C(OC)=O)[C@@H]%12[C@H](N=[N+]=[N-])[C@@H](OCC%13=CC=CC=C%13)[C@H](OC(=O)C)[C@@H](COCC%14=CC=CC=C%14)O%12,False,True,True,1,341,COC(=O)[C@@H]1O[C@@H](OC[C@@H](COCc2ccccc2)OCc2ccccc2)[C@H](OC(=O)c2ccccc2)[C@@H](OCc2ccccc2)[C@@H]1O[C@H]1O[C@H](COCc2ccccc2)[C@@H](O[C@@H]2O[C@@H](C(=O)OC)[C@@H](O[C@H]3O[C@H](COCc4ccccc4)[C@@H](OC(C)=O)[C@H](OCc4ccccc4)[C@H]3N=[N+]=[N-])[C@H](OCc3ccccc3)[C@H]2OC(=O)c2ccccc2)[C@H](OCc2ccccc2)[C@H]1N=[N+]=[N-]
466,465,N(=[N+]=[N-])[C@H]1[C@H](SC2=CC=C(C)C=C2)O[C@H](C(OCC3=CC=CC=C3)=O)[C@H](OC(=O)C)[C@@H]]1OCC4=CC5=C(C=C4)C=CC=C5,N(=[N+]=[N-])[C@H]1[C@H](SC2=CC=C(C)C=C2)O[C@H](C(OCC3=CC=CC=C3)=O)[C@H](OC(=O)C)[C@@H]1OCC4=CC5=C(C=C4)C=CC=C5,False,True,True,1,88,CC(=O)O[C@@H]1[C@H](OCc2ccc3ccccc3c2)[C@@H](N=[N+]=[N-])[C@H](Sc2ccc(C)cc2)O[C@@H]1C(=O)OCc1ccccc1
467,466,O([Si](C(C(C)C)(C)C)(C)C)[C@H]1[C@H](N=[N+]=[N-])[C@@H](OCC2=CC=CC=C2)[C@H](OC(=O)C)[C@@H]](COC(C)=O)O1,O([Si](C(C(C)C)(C)C)(C)C)[C@H]1[C@H](N=[N+]=[N-])[C@@H](OCC2=CC=CC=C2)[C@H](OC(=O)C)[C@@H](COC(C)=O)O1,False,True,True,1,91,CC(=O)OC[C@H]1O[C@@H](O[Si](C)(C)C(C)(C)C(C)C)[C@H](N=[N+]=[N-])[C@@H](OCc2ccccc2)[C@@H]1OC(C)=O
468,467,O([C@H]1[C@H](OCC2=CC=CC=C2)[C@@H](OC(=O)C3=CC=CC=C3)[C@H](OC)O[C@H]1C(OC)=O)[C@@H]4[C@H](N=[N+]=[N-])[C@@H](OCC5=CC=CC=C5)[C@H](OC(=O)C)[C@@H]](COCC6=CC=CC=C6)O4,O([C@H]1[C@H](OCC2=CC=CC=C2)[C@@H](OC(=O)C3=CC=CC=C3)[C@H](OC)O[C@H]1C(OC)=O)[C@@H]4[C@H](N=[N+]=[N-])[C@@H](OCC5=CC=CC=C5)[C@H](OC(=O)C)[C@@H](COCC6=CC=CC=C6)O4,False,True,True,1,144,COC(=O)[C@@H]1O[C@@H](OC)[C@H](OC(=O)c2ccccc2)[C@@H](OCc2ccccc2)[C@@H]1O[C@H]1O[C@H](COCc2ccccc2)[C@@H](OC(C)=O)[C@H](OCc2ccccc2)[C@H]1N=[N+]=[N-]
469,468,O([C@H]1[C@H](OCC2=CC=CC=C2)[C@@H](OC(=O)C3=CC=CC=C3)[C@H](OC)O[C@H]1C(OC)=O)[C@@H]4[C@H](N=[N+]=[N-])[C@@H](OCC5=CC=CC=C5)[C@H](OC(=O)C)[C@@H]](COCC6=CC=CC=C6)O4,O([C@H]1[C@H](OCC2=CC=CC=C2)[C@@H](OC(=O)C3=CC=CC=C3)[C@H](OC)O[C@H]1C(OC)=O)[C@@H]4[C@H](N=[N+]=[N-])[C@@H](OCC5=CC=CC=C5)[C@H](OC(=O)C)[C@@H](COCC6=CC=CC=C6)O4,False,True,True,1,144,COC(=O)[C@@H]1O[C@@H](OC)[C@H](OC(=O)c2ccccc2)[C@@H](OCc2ccccc2)[C@@H]1O[C@H]1O[C@H](COCc2ccccc2)[C@@H](OC(C)=O)[C@H](OCc2ccccc2)[C@H]1N=[N+]=[N-]
470,469,O([Si](C(C(C)C)(C)C)(C)C)[C@H]1[C@H](N=[N+]=[N-])[C@@H](OCC2=CC=CC=C2)[C@H](OC(=O)C)[C@@H]](COC(C)=O)O1,O([Si](C(C(C)C)(C)C)(C)C)[C@H]1[C@H](N=[N+]=[N-])[C@@H](OCC2=CC=CC=C2)[C@H](OC(=O)C)[C@@H](COC(C)=O)O1,False,True,True,1,91,CC(=O)OC[C@H]1O[C@@H](O[Si](C)(C)C(C)(C)C(C)C)[C@H](N=[N+]=[N-])[C@@H](OCc2ccccc2)[C@@H]1OC(C)=O
471,470,O([Si](C(C(C)C)(C)C)(C)C)[C@H]1[C@H](N=[N+]=[N-])[C@@H](OCC2=CC=CC=C2)[C@H](OC(=O)C)[C@@H]](COC(C)=O)O1,O([Si](C(C(C)C)(C)C)(C)C)[C@H]1[C@H](N=[N+]=[N-])[C@@H](OCC2=CC=CC=C2)[C@H](OC(=O)C)[C@@H](COC(C)=O)O1,False,True,True,1,91,CC(=O)OC[C@H]1O[C@@H](O[Si](C)(C)C(C)(C)C(C)C)[C@H](N=[N+]=[N-])[C@@H](OCc2ccccc2)[C@@H]1OC(C)=O
472,471,O([Si](C(C(C)C)(C)C)(C)C)[C@H]1[C@H](N=[N+]=[N-])[C@@H](OCC2=CC=CC=C2)[C@H](OC(=O)C)[C@@H]](COC(C)=O)O1,O([Si](C(C(C)C)(C)C)(C)C)[C@H]1[C@H](N=[N+]=[N-])[C@@H](OCC2=CC=CC=C2)[C@H](OC(=O)C)[C@@H](COC(C)=O)O1,False,True,True,1,91,CC(=O)OC[C@H]1O[C@@H](O[Si](C)(C)C(C)(C)C(C)C)[C@H](N=[N+]=[N-])[C@@H](OCc2ccccc2)[C@@H]1OC(C)=O
473,472,O([Si](C(C(C)C)(C)C)(C)C)[C@H]1[C@H](N=[N+]=[N-])[C@@H](OCC2=CC=CC=C2)[C@H](OC(=O)C)[C@@H]](COC(C)=O)O1,O([Si](C(C(C)C)(C)C)(C)C)[C@H]1[C@H](N=[N+]=[N-])[C@@H](OCC2=CC=CC=C2)[C@H](OC(=O)C)[C@@H](COC(C)=O)O1,False,True,True,1,91,CC(=O)OC[C@H]1O[C@@H](O[Si](C)(C)C(C)(C)C(C)C)[C@H](N=[N+]=[N-])[C@@H](OCc2ccccc2)[C@@H]1OC(C)=O
474,473,O([Si](C(C(C)C)(C)C)(C)C)[C@H]1[C@H](N=[N+]=[N-])[C@@H](OCC2=CC=CC=C2)[C@H](OC(=O)C)[C@@H]](COC(C)=O)O1,O([Si](C(C(C)C)(C)C)(C)C)[C@H]1[C@H](N=[N+]=[N-])[C@@H](OCC2=CC=CC=C2)[C@H](OC(=O)C)[C@@H](COC(C)=O)O1,False,True,True,1,91,CC(=O)OC[C@H]1O[C@@H](O[Si](C)(C)C(C)(C)C(C)C)[C@H](N=[N+]=[N-])[C@@H](OCc2ccccc2)[C@@H]1OC(C)=O
475,474,N(C(C)=O)[C@@H]1[C@@H](OC(C)=O)[C@H](OC(=O)C)[C@@H]](CO[Si](C(C)(C)C)(C)C)O[C@H]1OC(C)=O,N(C(C)=O)[C@@H]1[C@@H](OC(C)=O)[C@H](OC(=O)C)[C@@H](CO[Si](C(C)(C)C)(C)C)O[C@H]1OC(C)=O,False,True,True,1,52,CC(=O)N[C@H]1[C@H](OC(C)=O)O[C@H](CO[Si](C)(C)C(C)(C)C)[C@@H](OC(C)=O)[C@@H]1OC(C)=O
476,475,N(=[N+]=[N-])[C@@H]1[C@@H](OC(=O)C2=CC=CC=C2)[C@H](OC(=O)C)[C@@H]](COC(=O)C3=CC=CC=C3)O[C@H]1OC4=CC=C(OC)C=C4,N(=[N+]=[N-])[C@@H]1[C@@H](OC(=O)C2=CC=CC=C2)[C@H](OC(=O)C)[C@@H](COC(=O)C3=CC=CC=C3)O[C@H]1OC4=CC=C(OC)C=C4,False,True,True,1,66,COc1ccc(O[C@@H]2O[C@H](COC(=O)c3ccccc3)[C@@H](OC(C)=O)[C@H](OC(=O)c3ccccc3)[C@H]2N=[N+]=[N-])cc1
477,476,N(=[N+]=[N-])[C@@H]1[C@@H](OCC2=CC=C(OC)C=C2)[C@H](OC(=O)C)[C@@H]](COCC3=CC=C(OC)C=C3)O[C@H]1O[Si](C(C)(C)C)(C)C,N(=[N+]=[N-])[C@@H]1[C@@H](OCC2=CC=C(OC)C=C2)[C@H](OC(=O)C)[C@@H](COCC3=CC=C(OC)C=C3)O[C@H]1O[Si](C(C)(C)C)(C)C,False,True,True,1,66,COc1ccc(COC[C@H]2O[C@@H](O[Si](C)(C)C(C)(C)C)[C@H](N=[N+]=[N-])[C@@H](OCc3ccc(OC)cc3)[C@@H]2OC(C)=O)cc1
478,477,N(=[N+]=[N-])[C@@H]1[C@@H](OCC2=CC=C(OC)C=C2)[C@H](OC(=O)C)[C@@H]](COCC3=CC=C(OC)C=C3)O[C@H]1O[Si](C(C)(C)C)(C)C,N(=[N+]=[N-])[C@@H]1[C@@H](OCC2=CC=C(OC)C=C2)[C@H](OC(=O)C)[C@@H](COCC3=CC=C(OC)C=C3)O[C@H]1O[Si](C(C)(C)C)(C)C,False,True,True,1,66,COc1ccc(COC[C@H]2O[C@@H](O[Si](C)(C)C(C)(C)C)[C@H](N=[N+]=[N-])[C@@H](OCc3ccc(OC)cc3)[C@@H]2OC(C)=O)cc1
479,478,N(=[N+]=[N-])[C@@H]1[C@@H](OCC2=CC=CC=C2)[C@H](OC(=O)C)[C@@H]](COCC3=CC=CC=C3)O[C@H]1OCCCC=C,N(=[N+]=[N-])[C@@H]1[C@@H](OCC2=CC=CC=C2)[C@H](OC(=O)C)[C@@H](COCC3=CC=CC=C3)O[C@H]1OCCCC=C,False,True,True,1,62,C=CCCCO[C@@H]1O[C@H](COCc2ccccc2)[C@@H](OC(C)=O)[C@H](OCc2ccccc2)[C@H]1N=[N+]=[N-]
480,479,N(=[N+]=[N-])[C@@H]1[C@@H](OCC2=CC=CC=C2)[C@H](OC(=O)C)[C@@H]](COCC3=CC=CC=C3)O[C@H]1OCCCC=C,N(=[N+]=[N-])[C@@H]1[C@@H](OCC2=CC=CC=C2)[C@H](OC(=O)C)[C@@H](COCC3=CC=CC=C3)O[C@H]1OCCCC=C,False,True,True,1,62,C=CCCCO[C@@H]1O[C@H](COCc2ccccc2)[C@@H](OC(C)=O)[C@H](OCc2ccccc2)[C@H]1N=[N+]=[N-]
481,480,O([C@H]1[C@H](OCC2=CC=CC=C2)[C@@H](OC(=O)C3=CC=CC=C3)[C@H](O[C@H]4[C@H](OCC5=CC=CC=C5)[C@@H](N=[N+]=[N-])[C@@H](O[C@H]6[C@H](OCC7=CC=CC=C7)[C@@H](OC(=O)C8=CC=CC=C8)[C@H](OC)O[C@H]6C(OC)=O)O[C@@H]4COCC9=CC=CC=C9)O[C@H]1C(OC)=O)[C@@H]%10[C@H](N=[N+]=[N-])[C@@H](OCC%11=CC=CC=C%11)[C@H](OC(=O)C)[C@@H]](COCC%12=CC=CC=C%12)O%10,O([C@H]1[C@H](OCC2=CC=CC=C2)[C@@H](OC(=O)C3=CC=CC=C3)[C@H](O[C@H]4[C@H](OCC5=CC=CC=C5)[C@@H](N=[N+]=[N-])[C@@H](O[C@H]6[C@H](OCC7=CC=CC=C7)[C@@H](OC(=O)C8=CC=CC=C8)[C@H](OC)O[C@H]6C(OC)=O)O[C@@H]4COCC9=CC=CC=C9)O[C@H]1C(OC)=O)[C@@H]%10[C@H](N=[N+]=[N-])[C@@H](OCC%11=CC=CC=C%11)[C@H](OC(=O)C)[C@@H](COCC%12=CC=CC=C%12)O%10,False,True,True,1,299,COC(=O)[C@@H]1O[C@@H](OC)[C@H](OC(=O)c2ccccc2)[C@@H](OCc2ccccc2)[C@@H]1O[C@H]1O[C@H](COCc2ccccc2)[C@@H](O[C@@H]2O[C@@H](C(=O)OC)[C@@H](O[C@H]3O[C@H](COCc4ccccc4)[C@@H](OC(C)=O)[C@H](OCc4ccccc4)[C@H]3N=[N+]=[N-])[C@H](OCc3ccccc3)[C@H]2OC(=O)c2ccccc2)[C@H](OCc2ccccc2)[C@H]1N=[N+]=[N-]
482,481,N(=[N+]=[N-])[C@@H]1[C@@H](OCC2=CC=CC=C2)[C@H](OC(=O)C)[C@@H]](COCC3=CC4=C(C=C3)C=CC=C4)O[C@@H]1OCCN=[N+]=[N-],N(=[N+]=[N-])[C@@H]1[C@@H](OCC2=CC=CC=C2)[C@H](OC(=O)C)[C@@H](COCC3=CC4=C(C=C3)C=CC=C4)O[C@@H]1OCCN=[N+]=[N-],False,True,True,1,62,CC(=O)O[C@H]1[C@H](OCc2ccccc2)[C@@H](N=[N+]=[N-])[C@@H](OCCN=[N+]=[N-])O[C@@H]1COCc1ccc2ccccc2c1
483,482,O([C@H]1[C@H](OCC2=CC=CC=C2)[C@@H](OC(=O)C3=CC=CC=C3)[C@H](OC)O[C@H]1C(OC)=O)[C@@H]4[C@H](N=[N+]=[N-])[C@@H](OCC5=CC=CC=C5)[C@H](OC(=O)C)[C@@H]](COC(=O)C6=CC=CC=C6)O4,O([C@H]1[C@H](OCC2=CC=CC=C2)[C@@H](OC(=O)C3=CC=CC=C3)[C@H](OC)O[C@H]1C(OC)=O)[C@@H]4[C@H](N=[N+]=[N-])[C@@H](OCC5=CC=CC=C5)[C@H](OC(=O)C)[C@@H](COC(=O)C6=CC=CC=C6)O4,False,True,True,1,144,COC(=O)[C@@H]1O[C@@H](OC)[C@H](OC(=O)c2ccccc2)[C@@H](OCc2ccccc2)[C@@H]1O[C@H]1O[C@H](COC(=O)c2ccccc2)[C@@H](OC(C)=O)[C@H](OCc2ccccc2)[C@H]1N=[N+]=[N-]
484,483,O([C@H]1[C@H](OCC2=CC=CC=C2)[C@@H](OC(=O)C3=CC=CC=C3)[C@H](O[C@H]4[C@H](OCC5=CC=CC=C5)[C@@H](N=[N+]=[N-])[C@@H](O[C@H]6[C@H](OCC7=CC=CC=C7)[C@@H](OC(=O)C8=CC=CC=C8)[C@H](OC)O[C@H]6C(OC)=O)O[C@@H]4COCC9=CC=CC=C9)O[C@H]1C(OC)=O)[C@@H]%10[C@H](N=[N+]=[N-])[C@@H](OCC%11=CC=CC=C%11)[C@H](O[C@H]%12[C@H](OC(=O)C%13=CC=CC=C%13)[C@@H](OCC%14=CC=CC=C%14)[C@H](O[C@@H]%15[C@H](N=[N+]=[N-])[C@@H](OCC%16=CC=CC=C%16)[C@H](OC(=O)C)[C@@H]](COCC%17=CC=CC=C%17)O%15)[C@H](C(OC)=O)O%12)[C@@H](COCC%18=CC=CC=C%18)O%10,O([C@H]1[C@H](OCC2=CC=CC=C2)[C@@H](OC(=O)C3=CC=CC=C3)[C@H](O[C@H]4[C@H](OCC5=CC=CC=C5)[C@@H](N=[N+]=[N-])[C@@H](O[C@H]6[C@H](OCC7=CC=CC=C7)[C@@H](OC(=O)C8=CC=CC=C8)[C@H](OC)O[C@H]6C(OC)=O)O[C@@H]4COCC9=CC=CC=C9)O[C@H]1C(OC)=O)[C@@H]%10[C@H](N=[N+]=[N-])[C@@H](OCC%11=CC=CC=C%11)[C@H](O[C@H]%12[C@H](OC(=O)C%13=CC=CC=C%13)[C@@H](OCC%14=CC=CC=C%14)[C@H](O[C@@H]%15[C@H](N=[N+]=[N-])[C@@H](OCC%16=CC=CC=C%16)[C@H](OC(=O)C)[C@@H](COCC%17=CC=CC=C%17)O%15)[C@H](C(OC)=O)O%12)[C@@H](COCC%18=CC=CC=C%18)O%10,False,True,True,1,426,COC(=O)[C@@H]1O[C@@H](OC)[C@H](OC(=O)c2ccccc2)[C@@H](OCc2ccccc2)[C@@H]1O[C@H]1O[C@H](COCc2ccccc2)[C@@H](O[C@@H]2O[C@@H](C(=O)OC)[C@@H](O[C@H]3O[C@H](COCc4ccccc4)[C@@H](O[C@@H]4O[C@@H](C(=O)OC)[C@@H](O[C@H]5O[C@H](COCc6ccccc6)[C@@H](OC(C)=O)[C@H](OCc6ccccc6)[C@H]5N=[N+]=[N-])[C@H](OCc5ccccc5)[C@H]4OC(=O)c4ccccc4)[C@H](OCc4ccccc4)[C@H]3N=[N+]=[N-])[C@H](OCc3ccccc3)[C@H]2OC(=O)c2ccccc2)[C@H](OCc2ccccc2)[C@H]1N=[N+]=[N-]
485,484,S([C@@H]1[C@H](N=[N+]=[N-])[C@@H](OCC2=CC=C(OC)C=C2)[C@H](OC(=O)C)[C@@H]](COC(C(C)(C)C)=O)O1)C3=CC=CC=C3,S([C@@H]1[C@H](N=[N+]=[N-])[C@@H](OCC2=CC=C(OC)C=C2)[C@H](OC(=O)C)[C@@H](COC(C(C)(C)C)=O)O1)C3=CC=CC=C3,False,True,True,1,73,COc1ccc(CO[C@@H]2[C@@H](N=[N+]=[N-])[C@@H](Sc3ccccc3)O[C@H](COC(=O)C(C)(C)C)[C@H]2OC(C)=O)cc1
486,485,O([Si](C(C(C)C)(C)C)(C)C)[C@H]1[C@H](N=[N+]=[N-])[C@@H](OCC2=CC=CC=C2)[C@H](OC(=O)C)[C@@H]](COCC3=CC=CC=C3)O1,O([Si](C(C(C)C)(C)C)(C)C)[C@H]1[C@H](N=[N+]=[N-])[C@@H](OCC2=CC=CC=C2)[C@H](OC(=O)C)[C@@H](COCC3=CC=CC=C3)O1,False,True,True,1,91,CC(=O)O[C@H]1[C@H](OCc2ccccc2)[C@@H](N=[N+]=[N-])[C@H](O[Si](C)(C)C(C)(C)C(C)C)O[C@@H]1COCc1ccccc1
487,486,O([C@H]1[C@H](OCC2=CC=CC=C2)[C@@H](OC(=O)C3=CC=CC=C3)[C@H](OCC)O[C@@H]1COC(CCC(C)=O)=O)[C@@H]4[C@H](N=[N+]=[N-])[C@@H](OCC5=CC=CC=C5)[C@H](OC(=O)C)[C@@H]](COC(C)=O)O4,O([C@H]1[C@H](OCC2=CC=CC=C2)[C@@H](OC(=O)C3=CC=CC=C3)[C@H](OCC)O[C@@H]1COC(CCC(C)=O)=O)[C@@H]4[C@H](N=[N+]=[N-])[C@@H](OCC5=CC=CC=C5)[C@H](OC(=O)C)[C@@H](COC(C)=O)O4,False,True,True,1,154,CCO[C@@H]1O[C@H](COC(=O)CCC(C)=O)[C@@H](O[C@H]2O[C@H](COC(C)=O)[C@@H](OC(C)=O)[C@H](OCc3ccccc3)[C@H]2N=[N+]=[N-])[C@H](OCc2ccccc2)[C@H]1OC(=O)c1ccccc1
488,487,S([C@H]1[C@H](N=[N+]=[N-])[C@@H](OCC2=CC=CC=C2)[C@H](OC(=O)C)[C@@H]](COC(C)=O)O1)C3=CC=C(C)C=C3,S([C@H]1[C@H](N=[N+]=[N-])[C@@H](OCC2=CC=CC=C2)[C@H](OC(=O)C)[C@@H](COC(C)=O)O1)C3=CC=C(C)C=C3,False,True,True,1,68,CC(=O)OC[C@H]1O[C@@H](Sc2ccc(C)cc2)[C@H](N=[N+]=[N-])[C@@H](OCc2ccccc2)[C@@H]1OC(C)=O
489,488,O([C@H]1[C@H](OCC2=CC=CC=C2)[C@@H](OC(=O)C3=CC=CC=C3)[C@H](O[C@H]4[C@H](OCC5=CC=CC=C5)[C@@H](N=[N+]=[N-])[C@@H](O[C@H]6[C@H](OCC7=CC=CC=C7)[C@@H](OC(=O)C8=CC=CC=C8)[C@H](OC[C@H](OCC9=CC=CC=C9)COCC%10=CC=CC=C%10)O[C@H]6C(OC)=O)O[C@@H]4COCC%11=CC=CC=C%11)O[C@H]1C(OC)=O)[C@@H]%12[C@H](N=[N+]=[N-])[C@@H](OCC%13=CC=CC=C%13)[C@H](OC(=O)C)[C@@H]](COCC%14=CC=CC=C%14)O%12,O([C@H]1[C@H](OCC2=CC=CC=C2)[C@@H](OC(=O)C3=CC=CC=C3)[C@H](O[C@H]4[C@H](OCC5=CC=CC=C5)[C@@H](N=[N+]=[N-])[C@@H](O[C@H]6[C@H](OCC7=CC=CC=C7)[C@@H](OC(=O)C8=CC=CC=C8)[C@H](OC[C@H](OCC9=CC=CC=C9)COCC%10=CC=CC=C%10)O[C@H]6C(OC)=O)O[C@@H]4COCC%11=CC=CC=C%11)O[C@H]1C(OC)=O)[C@@H]%12[C@H](N=[N+]=[N-])[C@@H](OCC%13=CC=CC=C%13)[C@H](OC(=O)C)[C@@H](COCC%14=CC=CC=C%14)O%12,False,True,True,1,341,COC(=O)[C@@H]1O[C@@H](OC[C@@H](COCc2ccccc2)OCc2ccccc2)[C@H](OC(=O)c2ccccc2)[C@@H](OCc2ccccc2)[C@@H]1O[C@H]1O[C@H](COCc2ccccc2)[C@@H](O[C@@H]2O[C@@H](C(=O)OC)[C@@H](O[C@H]3O[C@H](COCc4ccccc4)[C@@H](OC(C)=O)[C@H](OCc4ccccc4)[C@H]3N=[N+]=[N-])[C@H](OCc3ccccc3)[C@H]2OC(=O)c2ccccc2)[C@H](OCc2ccccc2)[C@H]1N=[N+]=[N-]
490,489,O([C@H]1[C@H](OCC2=CC=CC=C2)[C@@H](OC(=O)C3=CC=CC=C3)[C@H](O[C@H]4[C@H](OCC5=CC=CC=C5)[C@@H](N=[N+]=[N-])[C@@H](O[C@H]6[C@H](OCC7=CC=CC=C7)[C@@H](OC(=O)C8=CC=CC=C8)[C@H](OC[C@H](OCC9=CC=CC=C9)COCC%10=CC=CC=C%10)O[C@H]6C(OC)=O)O[C@@H]4COCC%11=CC=CC=C%11)O[C@H]1C(OC)=O)[C@@H]%12[C@H](N=[N+]=[N-])[C@@H](OCC%13=CC=CC=C%13)[C@H](OC(=O)C)[C@@H]](COCC%14=CC=CC=C%14)O%12,O([C@H]1[C@H](OCC2=CC=CC=C2)[C@@H](OC(=O)C3=CC=CC=C3)[C@H](O[C@H]4[C@H](OCC5=CC=CC=C5)[C@@H](N=[N+]=[N-])[C@@H](O[C@H]6[C@H](OCC7=CC=CC=C7)[C@@H](OC(=O)C8=CC=CC=C8)[C@H](OC[C@H](OCC9=CC=CC=C9)COCC%10=CC=CC=C%10)O[C@H]6C(OC)=O)O[C@@H]4COCC%11=CC=CC=C%11)O[C@H]1C(OC)=O)[C@@H]%12[C@H](N=[N+]=[N-])[C@@H](OCC%13=CC=CC=C%13)[C@H](OC(=O)C)[C@@H](COCC%14=CC=CC=C%14)O%12,False,True,True,1,341,COC(=O)[C@@H]1O[C@@H](OC[C@@H](COCc2ccccc2)OCc2ccccc2)[C@H](OC(=O)c2ccccc2)[C@@H](OCc2ccccc2)[C@@H]1O[C@H]1O[C@H](COCc2ccccc2)[C@@H](O[C@@H]2O[C@@H](C(=O)OC)[C@@H](O[C@H]3O[C@H](COCc4ccccc4)[C@@H](OC(C)=O)[C@H](OCc4ccccc4)[C@H]3N=[N+]=[N-])[C@H](OCc3ccccc3)[C@H]2OC(=O)c2ccccc2)[C@H](OCc2ccccc2)[C@H]1N=[N+]=[N-]
491,490,O([C@H]1[C@H](OCC2=CC=CC=C2)[C@@]3([C@@H](SC4=CC=CC=C4)O[C@]1(C(=O)O3)[H])[H])[C@@H]5[C@H](N=[N+]=[N-])[C@@H](OCC6=CC=CC=C6)[C@H](OC(=O)C)[C@@H]](COCC7=CC=CC=C7)O5,O([C@H]1[C@H](OCC2=CC=CC=C2)[C@@]3([C@@H](SC4=CC=CC=C4)O[C@]1(C(=O)O3)[H])[H])[C@@H]5[C@H](N=[N+]=[N-])[C@@H](OCC6=CC=CC=C6)[C@H](OC(=O)C)[C@@H](COCC7=CC=CC=C7)O5,False,True,True,1,145,CC(=O)O[C@H]1[C@H](OCc2ccccc2)[C@@H](N=[N+]=[N-])[C@@H](O[C@H]2[C@H](OCc3ccccc3)[C@H]3OC(=O)[C@@H]2O[C@@H]3Sc2ccccc2)O[C@@H]1COCc1ccccc1
492,491,O([C@H]1[C@H](OCC2=CC=CC=C2)[C@@]3([C@H](SC4=CC=CC=C4)O[C@]1(C(=O)O3)[H])[H])[C@@H]5[C@H](N=[N+]=[N-])[C@@H](OCC6=CC=CC=C6)[C@H](OC(=O)C)[C@@H]](COCC7=CC=CC=C7)O5,O([C@H]1[C@H](OCC2=CC=CC=C2)[C@@]3([C@H](SC4=CC=CC=C4)O[C@]1(C(=O)O3)[H])[H])[C@@H]5[C@H](N=[N+]=[N-])[C@@H](OCC6=CC=CC=C6)[C@H](OC(=O)C)[C@@H](COCC7=CC=CC=C7)O5,False,True,True,1,144,CC(=O)O[C@H]1[C@H](OCc2ccccc2)[C@@H](N=[N+]=[N-])[C@@H](O[C@H]2[C@H](OCc3ccccc3)[C@H]3OC(=O)[C@@H]2O[C@H]3Sc2ccccc2)O[C@@H]1COCc1ccccc1
493,492,N(C(C)=O)[C@@H]1[C@@H](OCC2=CC=CC=C2)[C@H](OC(=O)C)[C@@H]](COCC3=CC=CC=C3)O[C@@H]1OCC4=CC=CC=C4,N(C(C)=O)[C@@H]1[C@@H](OCC2=CC=CC=C2)[C@H](OC(=O)C)[C@@H](COCC3=CC=CC=C3)O[C@@H]1OCC4=CC=CC=C4,False,True,True,1,58,CC(=O)N[C@H]1[C@@H](OCc2ccccc2)O[C@H](COCc2ccccc2)[C@@H](OC(C)=O)[C@@H]1OCc1ccccc1
494,493,N(C(C)=O)[C@@H]1[C@@H](OCC2=CC=CC=C2)[C@H](OC(=O)C)[C@@H]](COCC3=CC=CC=C3)O[C@@H]1OCC4=CC=CC=C4,N(C(C)=O)[C@@H]1[C@@H](OCC2=CC=CC=C2)[C@H](OC(=O)C)[C@@H](COCC3=CC=CC=C3)O[C@@H]1OCC4=CC=CC=C4,False,True,True,1,58,CC(=O)N[C@H]1[C@@H](OCc2ccccc2)O[C@H](COCc2ccccc2)[C@@H](OC(C)=O)[C@@H]1OCc1ccccc1
495,494,N(C(C)=O)[C@@H]1[C@@H](OC(C)=O)[C@H](OC(=O)C)[C@@H]](COCC2=CC=CC=C2)O[C@H]1OCCCNC(C(F)(F)F)=O,N(C(C)=O)[C@@H]1[C@@H](OC(C)=O)[C@H](OC(=O)C)[C@@H](COCC2=CC=CC=C2)O[C@H]1OCCCNC(C(F)(F)F)=O,False,True,True,1,52,CC(=O)N[C@H]1[C@H](OCCCNC(=O)C(F)(F)F)O[C@H](COCc2ccccc2)[C@@H](OC(C)=O)[C@@H]1OC(C)=O
496,495,S([C@H]1[C@H](N=[N+]=[N-])[C@@H](OCC2=CC=CC=C2)[C@H](OC(=O)C)[C@@H]](COC(C)=O)O1)C3=CC=C(C)C=C3,S([C@H]1[C@H](N=[N+]=[N-])[C@@H](OCC2=CC=CC=C2)[C@H](OC(=O)C)[C@@H](COC(C)=O)O1)C3=CC=C(C)C=C3,False,True,True,1,68,CC(=O)OC[C@H]1O[C@@H](Sc2ccc(C)cc2)[C@H](N=[N+]=[N-])[C@@H](OCc2ccccc2)[C@@H]1OC(C)=O
497,496,S([C@H]1[C@H](N=[N+]=[N-])[C@@H](OCC2=CC=CC=C2)[C@H](OC(=O)C)[C@@H]](COC(C)=O)O1)C3=CC=C(C)C=C3,S([C@H]1[C@H](N=[N+]=[N-])[C@@H](OCC2=CC=CC=C2)[C@H](OC(=O)C)[C@@H](COC(C)=O)O1)C3=CC=C(C)C=C3,False,True,True,1,68,CC(=O)OC[C@H]1O[C@@H](Sc2ccc(C)cc2)[C@H](N=[N+]=[N-])[C@@H](OCc2ccccc2)[C@@H]1OC(C)=O
498,497,S([C@H]1[C@H](N=[N+]=[N-])[C@@H](OCC2=CC=CC=C2)[C@H](OC(=O)C)[C@@H]](COC(C)=O)O1)C3=CC=C(C)C=C3,S([C@H]1[C@H](N=[N+]=[N-])[C@@H](OCC2=CC=CC=C2)[C@H](OC(=O)C)[C@@H](COC(C)=O)O1)C3=CC=C(C)C=C3,False,True,True,1,68,CC(=O)OC[C@H]1O[C@@H](Sc2ccc(C)cc2)[C@H](N=[N+]=[N-])[C@@H](OCc2ccccc2)[C@@H]1OC(C)=O
499,498,S([C@H]1[C@H](N=[N+]=[N-])[C@@H](OCC2=CC=CC=C2)[C@H](OC(=O)C)[C@@H]](COC(C)=O)O1)C3=CC=C(C)C=C3,S([C@H]1[C@H](N=[N+]=[N-])[C@@H](OCC2=CC=CC=C2)[C@H](OC(=O)C)[C@@H](COC(C)=O)O1)C3=CC=C(C)C=C3,False,True,True,1,68,CC(=O)OC[C@H]1O[C@@H](Sc2ccc(C)cc2)[C@H](N=[N+]=[N-])[C@@H](OCc2ccccc2)[C@@H]1OC(C)=O
500,499,S([C@H]1[C@H](N=[N+]=[N-])[C@@H](OCC2=CC=CC=C2)[C@H](OC(=O)C)[C@@H]](COC(C)=O)O1)C3=CC=C(C)C=C3,S([C@H]1[C@H](N=[N+]=[N-])[C@@H](OCC2=CC=CC=C2)[C@H](OC(=O)C)[C@@H](COC(C)=O)O1)C3=CC=C(C)C=C3,False,True,True,1,68,CC(=O)OC[C@H]1O[C@@H](Sc2ccc(C)cc2)[C@H](N=[N+]=[N-])[C@@H](OCc2ccccc2)[C@@H]1OC(C)=O
501,500,S([C@H]1[C@H](N=[N+]=[N-])[C@@H](OCC2=CC=CC=C2)[C@H](OC(=O)C)[C@@H]](COC(C)=O)O1)C3=CC=C(C)C=C3,S([C@H]1[C@H](N=[N+]=[N-])[C@@H](OCC2=CC=CC=C2)[C@H](OC(=O)C)[C@@H](COC(C)=O)O1)C3=CC=C(C)C=C3,False,True,True,1,68,CC(=O)OC[C@H]1O[C@@H](Sc2ccc(C)cc2)[C@H](N=[N+]=[N-])[C@@H](OCc2ccccc2)[C@@H]1OC(C)=O
502,501,O([C@H]1[C@H](OCC2=CC=CC=C2)[C@@]3([C@H](SC4=CC=CC=C4)O[C@]1(C(=O)O3)[H])[H])[C@@H]5[C@H](N=[N+]=[N-])[C@@H](OCC6=CC=CC=C6)[C@H](OC(=O)C)[C@@H]](COCC7=CC=CC=C7)O5,O([C@H]1[C@H](OCC2=CC=CC=C2)[C@@]3([C@H](SC4=CC=CC=C4)O[C@]1(C(=O)O3)[H])[H])[C@@H]5[C@H](N=[N+]=[N-])[C@@H](OCC6=CC=CC=C6)[C@H](OC(=O)C)[C@@H](COCC7=CC=CC=C7)O5,False,True,True,1,144,CC(=O)O[C@H]1[C@H](OCc2ccccc2)[C@@H](N=[N+]=[N-])[C@@H](O[C@H]2[C@H](OCc3ccccc3)[C@H]3OC(=O)[C@@H]2O[C@H]3Sc2ccccc2)O[C@@H]1COCc1ccccc1
503,502,O([C@@H]1[C@@H](N=[N+]=[N-])[C@@H](SC2=CC=CC=C2)O[C@H](COC(C(C)(C)C)=O)[C@H]1O)[C@H]3[C@H](OC(=O)C)[C@@H]](OCC4=CC=CC=C4)[C@@H](OCC5=CC=CC=C5)[C@@H](COCC6=CC=CC=C6)O3,O([C@@H]1[C@@H](N=[N+]=[N-])[C@@H](SC2=CC=CC=C2)O[C@H](COC(C(C)(C)C)=O)[C@H]1O)[C@H]3[C@H](OC(=O)C)[C@@H](OCC4=CC=CC=C4)[C@@H](OCC5=CC=CC=C5)[C@@H](COCC6=CC=CC=C6)O3,False,True,True,1,106,CC(=O)O[C@H]1[C@H](O[C@H]2[C@H](O)[C@@H](COC(=O)C(C)(C)C)O[C@H](Sc3ccccc3)[C@@H]2N=[N+]=[N-])O[C@H](COCc2ccccc2)[C@H](OCc2ccccc2)[C@@H]1OCc1ccccc1
504,503,O([C@H]1[C@H](OCC2=CC=CC=C2)[C@@H](OC(=O)C3=CC=CC=C3)[C@H](SC4=CC=C(C)C=C4)O[C@H]1COC(CCC(C)=O)=O)[C@@H]5[C@H](N=[N+]=[N-])[C@@H](OCC6=CC=CC=C6)[C@H](OC(=O)C)[C@@H]](COCC7=CC=CC=C7)O5,O([C@H]1[C@H](OCC2=CC=CC=C2)[C@@H](OC(=O)C3=CC=CC=C3)[C@H](SC4=CC=C(C)C=C4)O[C@H]1COC(CCC(C)=O)=O)[C@@H]5[C@H](N=[N+]=[N-])[C@@H](OCC6=CC=CC=C6)[C@H](OC(=O)C)[C@@H](COCC7=CC=CC=C7)O5,False,True,True,1,165,CC(=O)CCC(=O)OC[C@@H]1O[C@@H](Sc2ccc(C)cc2)[C@H](OC(=O)c2ccccc2)[C@@H](OCc2ccccc2)[C@@H]1O[C@H]1O[C@H](COCc2ccccc2)[C@@H](OC(C)=O)[C@H](OCc2ccccc2)[C@H]1N=[N+]=[N-]
505,504,O([C@H]1[C@H](OCC2=CC=CC=C2)[C@@H](OC(=O)C3=CC=CC=C3)[C@H](SC4=CC=C(C)C=C4)O[C@H]1COC(CCC(C)=O)=O)[C@@H]5[C@H](N=[N+]=[N-])[C@@H](OCC6=CC=CC=C6)[C@H](OC(=O)C)[C@@H]](COC(C)=O)O5,O([C@H]1[C@H](OCC2=CC=CC=C2)[C@@H](OC(=O)C3=CC=CC=C3)[C@H](SC4=CC=C(C)C=C4)O[C@H]1COC(CCC(C)=O)=O)[C@@H]5[C@H](N=[N+]=[N-])[C@@H](OCC6=CC=CC=C6)[C@H](OC(=O)C)[C@@H](COC(C)=O)O5,False,True,True,1,165,CC(=O)CCC(=O)OC[C@@H]1O[C@@H](Sc2ccc(C)cc2)[C@H](OC(=O)c2ccccc2)[C@@H](OCc2ccccc2)[C@@H]1O[C@H]1O[C@H](COC(C)=O)[C@@H](OC(C)=O)[C@H](OCc2ccccc2)[C@H]1N=[N+]=[N-]
506,505,O([C@H]1[C@H](OCC2=CC=CC=C2)[C@@H](OC(=O)C3=CC=CC=C3)[C@H](OC4=CC=C(OC)C=C4)O[C@@H]1C(OC)=O)[C@@H]5[C@H](N=[N+]=[N-])[C@@H](OCC6=CC=CC=C6)[C@H](OC(=O)C)[C@@H]](COC(C)=O)O5,O([C@H]1[C@H](OCC2=CC=CC=C2)[C@@H](OC(=O)C3=CC=CC=C3)[C@H](OC4=CC=C(OC)C=C4)O[C@@H]1C(OC)=O)[C@@H]5[C@H](N=[N+]=[N-])[C@@H](OCC6=CC=CC=C6)[C@H](OC(=O)C)[C@@H](COC(C)=O)O5,False,True,True,1,159,COC(=O)[C@H]1O[C@@H](Oc2ccc(OC)cc2)[C@H](OC(=O)c2ccccc2)[C@@H](OCc2ccccc2)[C@@H]1O[C@H]1O[C@H](COC(C)=O)[C@@H](OC(C)=O)[C@H](OCc2ccccc2)[C@H]1N=[N+]=[N-]
507,506,N(=[N+]=[N-])[C@@H]1[C@@H](OCC2=CC=CC=C2)[C@H](OC(=O)C)[C@@H]](COCC3=CC=C(OC)C=C3)O[C@H]1O[Si](C(C)(C)C)(C)C,N(=[N+]=[N-])[C@@H]1[C@@H](OCC2=CC=CC=C2)[C@H](OC(=O)C)[C@@H](COCC3=CC=C(OC)C=C3)O[C@H]1O[Si](C(C)(C)C)(C)C,False,True,True,1,62,COc1ccc(COC[C@H]2O[C@@H](O[Si](C)(C)C(C)(C)C)[C@H](N=[N+]=[N-])[C@@H](OCc3ccccc3)[C@@H]2OC(C)=O)cc1
508,507,O([C@H]1[C@H](OCC2=CC=CC=C2)[C@@H](NS(=O)(=O)C3=CC=CC=C3)[C@@H](O[Si](C(C)(C)C)(C)C)O[C@@H]1COCC4=CC=CC=C4)[C@H]5[C@H](NS(=O)(=O)C6=CC=CC=C6)[C@@H](OCC7=CC=CC=C7)[C@H](OC(=O)C)[C@@H]](COCC8=CC=CC=C8)O5,O([C@H]1[C@H](OCC2=CC=CC=C2)[C@@H](NS(=O)(=O)C3=CC=CC=C3)[C@@H](O[Si](C(C)(C)C)(C)C)O[C@@H]1COCC4=CC=CC=C4)[C@H]5[C@H](NS(=O)(=O)C6=CC=CC=C6)[C@@H](OCC7=CC=CC=C7)[C@H](OC(=O)C)[C@@H](COCC8=CC=CC=C8)O5,False,True,True,1,183,CC(=O)O[C@H]1[C@H](OCc2ccccc2)[C@@H](NS(=O)(=O)c2ccccc2)[C@H](O[C@H]2[C@H](OCc3ccccc3)[C@@H](NS(=O)(=O)c3ccccc3)[C@@H](O[Si](C)(C)C(C)(C)C)O[C@@H]2COCc2ccccc2)O[C@@H]1COCc1ccccc1
509,508,O([C@@H]1[C@@H](OCC2=CC=CC=C2)[C@H](OCC3=CC=CC=C3)[C@@H](OCC4=CC=CC=C4)[C@@H](OC(CCCCCCCCCCCCCCC)=O)[C@H]1OCC5=CC=C(OC)C=C5)[C@@H]6[C@H](N=[N+]=[N-])[C@@H](OCC7=CC=CC=C7)[C@H](OC(=O)C)[C@@H]](COCC8=CC=CC=C8)O6,O([C@@H]1[C@@H](OCC2=CC=CC=C2)[C@H](OCC3=CC=CC=C3)[C@@H](OCC4=CC=CC=C4)[C@@H](OC(CCCCCCCCCCCCCCC)=O)[C@H]1OCC5=CC=C(OC)C=C5)[C@@H]6[C@H](N=[N+]=[N-])[C@@H](OCC7=CC=CC=C7)[C@H](OC(=O)C)[C@@H](COCC8=CC=CC=C8)O6,False,True,True,1,191,CCCCCCCCCCCCCCCC(=O)O[C@@H]1[C@H](OCc2ccccc2)[C@@H](OCc2ccccc2)[C@H](OCc2ccccc2)[C@@H](O[C@H]2O[C@H](COCc3ccccc3)[C@@H](OC(C)=O)[C@H](OCc3ccccc3)[C@H]2N=[N+]=[N-])[C@@H]1OCc1ccc(OC)cc1
510,509,O([C@H]1[C@H](OCC2=CC=CC=C2)[C@@H](OC(=O)C3=CC=CC=C3)[C@H](SC4=CC=C(C)C=C4)O[C@@H]1COC(CCC(C)=O)=O)[C@@H]5[C@H](N=[N+]=[N-])[C@@H](OCC6=CC=CC=C6)[C@H](OC(=O)C)[C@@H]](COCC7=CC=CC=C7)O5,O([C@H]1[C@H](OCC2=CC=CC=C2)[C@@H](OC(=O)C3=CC=CC=C3)[C@H](SC4=CC=C(C)C=C4)O[C@@H]1COC(CCC(C)=O)=O)[C@@H]5[C@H](N=[N+]=[N-])[C@@H](OCC6=CC=CC=C6)[C@H](OC(=O)C)[C@@H](COCC7=CC=CC=C7)O5,False,True,True,1,166,CC(=O)CCC(=O)OC[C@H]1O[C@@H](Sc2ccc(C)cc2)[C@H](OC(=O)c2ccccc2)[C@@H](OCc2ccccc2)[C@@H]1O[C@H]1O[C@H](COCc2ccccc2)[C@@H](OC(C)=O)[C@H](OCc2ccccc2)[C@H]1N=[N+]=[N-]
511,510,[Si](OC[C@@H]1[C@@H](O[C@@H]2[C@H](N=[N+]=[N-])[C@@H](OCC3=CC=CC=C3)[C@H](OC(=O)C)[C@@H]](COCC4=CC=CC=C4)O2)[C@H](OCC5=CC=CC=C5)[C@@H](OC(=O)C6=CC=CC=C6)[C@H](SC7=CC=C(C)C=C7)O1)(C(C)(C)C)(C8=CC=CC=C8)C9=CC=CC=C9,[Si](OC[C@@H]1[C@@H](O[C@@H]2[C@H](N=[N+]=[N-])[C@@H](OCC3=CC=CC=C3)[C@H](OC(=O)C)[C@@H](COCC4=CC=CC=C4)O2)[C@H](OCC5=CC=CC=C5)[C@@H](OC(=O)C6=CC=CC=C6)[C@H](SC7=CC=C(C)C=C7)O1)(C(C)(C)C)(C8=CC=CC=C8)C9=CC=CC=C9,False,True,True,1,89,CC(=O)O[C@H]1[C@H](OCc2ccccc2)[C@@H](N=[N+]=[N-])[C@@H](O[C@H]2[C@H](OCc3ccccc3)[C@@H](OC(=O)c3ccccc3)[C@H](Sc3ccc(C)cc3)O[C@@H]2CO[Si](c2ccccc2)(c2ccccc2)C(C)(C)C)O[C@@H]1COCc1ccccc1
512,511,[Si](OC[C@@H]1[C@@H](O[C@@H]2[C@H](N=[N+]=[N-])[C@@H](OCC3=CC=CC=C3)[C@H](OC(=O)C)[C@@H]](COCC4=CC=CC=C4)O2)[C@H](OCC5=CC=CC=C5)[C@@H](OC(=O)C6=CC=CC=C6)[C@H](SC7=CC=C(C)C=C7)O1)(C(C)(C)C)(C8=CC=CC=C8)C9=CC=CC=C9,[Si](OC[C@@H]1[C@@H](O[C@@H]2[C@H](N=[N+]=[N-])[C@@H](OCC3=CC=CC=C3)[C@H](OC(=O)C)[C@@H](COCC4=CC=CC=C4)O2)[C@H](OCC5=CC=CC=C5)[C@@H](OC(=O)C6=CC=CC=C6)[C@H](SC7=CC=C(C)C=C7)O1)(C(C)(C)C)(C8=CC=CC=C8)C9=CC=CC=C9,False,True,True,1,89,CC(=O)O[C@H]1[C@H](OCc2ccccc2)[C@@H](N=[N+]=[N-])[C@@H](O[C@H]2[C@H](OCc3ccccc3)[C@@H](OC(=O)c3ccccc3)[C@H](Sc3ccc(C)cc3)O[C@@H]2CO[Si](c2ccccc2)(c2ccccc2)C(C)(C)C)O[C@@H]1COCc1ccccc1
513,512,O([C@H]1[C@H](OCC2=CC=CC=C2)[C@@H](NS(=O)(=O)C3=CC=CC=C3)[C@@H](O[Si](C(C)(C)C)(C)C)O[C@@H]1COCC4=CC=CC=C4)[C@H]5[C@H](NS(=O)(=O)C6=CC=CC=C6)[C@@H](OCC7=CC=CC=C7)[C@H](OC(=O)C)[C@@H]](COCC8=CC=CC=C8)O5,O([C@H]1[C@H](OCC2=CC=CC=C2)[C@@H](NS(=O)(=O)C3=CC=CC=C3)[C@@H](O[Si](C(C)(C)C)(C)C)O[C@@H]1COCC4=CC=CC=C4)[C@H]5[C@H](NS(=O)(=O)C6=CC=CC=C6)[C@@H](OCC7=CC=CC=C7)[C@H](OC(=O)C)[C@@H](COCC8=CC=CC=C8)O5,False,True,True,1,183,CC(=O)O[C@H]1[C@H](OCc2ccccc2)[C@@H](NS(=O)(=O)c2ccccc2)[C@H](O[C@H]2[C@H](OCc3ccccc3)[C@@H](NS(=O)(=O)c3ccccc3)[C@@H](O[Si](C)(C)C(C)(C)C)O[C@@H]2COCc2ccccc2)O[C@@H]1COCc1ccccc1
514,513,O([C@H]1[C@H](OCC2=CC=CC=C2)[C@@H](NS(=O)(=O)C3=CC=CC=C3)[C@@H](O[Si](C(C)(C)C)(C)C)O[C@@H]1COCC4=CC=CC=C4)[C@H]5[C@H](NS(=O)(=O)C6=CC=CC=C6)[C@@H](OCC7=CC=CC=C7)[C@H](OC(=O)C)[C@@H]](COCC8=CC=CC=C8)O5,O([C@H]1[C@H](OCC2=CC=CC=C2)[C@@H](NS(=O)(=O)C3=CC=CC=C3)[C@@H](O[Si](C(C)(C)C)(C)C)O[C@@H]1COCC4=CC=CC=C4)[C@H]5[C@H](NS(=O)(=O)C6=CC=CC=C6)[C@@H](OCC7=CC=CC=C7)[C@H](OC(=O)C)[C@@H](COCC8=CC=CC=C8)O5,False,True,True,1,183,CC(=O)O[C@H]1[C@H](OCc2ccccc2)[C@@H](NS(=O)(=O)c2ccccc2)[C@H](O[C@H]2[C@H](OCc3ccccc3)[C@@H](NS(=O)(=O)c3ccccc3)[C@@H](O[Si](C)(C)C(C)(C)C)O[C@@H]2COCc2ccccc2)O[C@@H]1COCc1ccccc1
515,514,N(C(C)=O)(C(C)=O)[C@@H]1[C@@H](OCC2=CC=CC=C2)[C@H](OC(=O)C)[C@@H]](COCC3=CC=CC=C3)O[C@@H]1OC,N(C(C)=O)(C(C)=O)[C@@H]1[C@@H](OCC2=CC=CC=C2)[C@H](OC(=O)C)[C@@H](COCC3=CC=CC=C3)O[C@@H]1OC,False,True,True,1,66,CO[C@H]1O[C@H](COCc2ccccc2)[C@@H](OC(C)=O)[C@H](OCc2ccccc2)[C@H]1N(C(C)=O)C(C)=O
516,515,O([C@H]1[C@H](OCC2=CC=CC=C2)[C@@H](OC(=O)C3=CC=CC=C3)[C@H](SC4=CC=C(C)C=C4)O[C@H]1COC(CCC(C)=O)=O)[C@@H]5[C@H](N=[N+]=[N-])[C@@H](OCC6=CC=CC=C6)[C@H](OC(=O)C)[C@@H]](COC(C)=O)O5,O([C@H]1[C@H](OCC2=CC=CC=C2)[C@@H](OC(=O)C3=CC=CC=C3)[C@H](SC4=CC=C(C)C=C4)O[C@H]1COC(CCC(C)=O)=O)[C@@H]5[C@H](N=[N+]=[N-])[C@@H](OCC6=CC=CC=C6)[C@H](OC(=O)C)[C@@H](COC(C)=O)O5,False,True,True,1,165,CC(=O)CCC(=O)OC[C@@H]1O[C@@H](Sc2ccc(C)cc2)[C@H](OC(=O)c2ccccc2)[C@@H](OCc2ccccc2)[C@@H]1O[C@H]1O[C@H](COC(C)=O)[C@@H](OC(C)=O)[C@H](OCc2ccccc2)[C@H]1N=[N+]=[N-]
517,516,O([C@H]1[C@H](OCC2=CC=CC=C2)[C@@H](OC(=O)C3=CC=CC=C3)[C@H](SC4=CC=C(C)C=C4)O[C@H]1COC(CCC(C)=O)=O)[C@@H]5[C@H](N=[N+]=[N-])[C@@H](OCC6=CC=CC=C6)[C@H](OC(=O)C)[C@@H]](COC(C)=O)O5,O([C@H]1[C@H](OCC2=CC=CC=C2)[C@@H](OC(=O)C3=CC=CC=C3)[C@H](SC4=CC=C(C)C=C4)O[C@H]1COC(CCC(C)=O)=O)[C@@H]5[C@H](N=[N+]=[N-])[C@@H](OCC6=CC=CC=C6)[C@H](OC(=O)C)[C@@H](COC(C)=O)O5,False,True,True,1,165,CC(=O)CCC(=O)OC[C@@H]1O[C@@H](Sc2ccc(C)cc2)[C@H](OC(=O)c2ccccc2)[C@@H](OCc2ccccc2)[C@@H]1O[C@H]1O[C@H](COC(C)=O)[C@@H](OC(C)=O)[C@H](OCc2ccccc2)[C@H]1N=[N+]=[N-]
518,517,O([C@H]1[C@H](OCC2=CC=CC=C2)[C@@H](OC(=O)C3=CC=CC=C3)[C@H](SC4=CC=C(C)C=C4)O[C@@H]1COC(CCC(C)=O)=O)[C@@H]5[C@H](N=[N+]=[N-])[C@@H](OCC6=CC=CC=C6)[C@H](OC(=O)C)[C@@H]](COC(C)=O)O5,O([C@H]1[C@H](OCC2=CC=CC=C2)[C@@H](OC(=O)C3=CC=CC=C3)[C@H](SC4=CC=C(C)C=C4)O[C@@H]1COC(CCC(C)=O)=O)[C@@H]5[C@H](N=[N+]=[N-])[C@@H](OCC6=CC=CC=C6)[C@H](OC(=O)C)[C@@H](COC(C)=O)O5,False,True,True,1,166,CC(=O)CCC(=O)OC[C@H]1O[C@@H](Sc2ccc(C)cc2)[C@H](OC(=O)c2ccccc2)[C@@H](OCc2ccccc2)[C@@H]1O[C@H]1O[C@H](COC(C)=O)[C@@H](OC(C)=O)[C@H](OCc2ccccc2)[C@H]1N=[N+]=[N-]
519,518,[Si](OC[C@@H]1[C@@H](O[C@@H]2[C@H](N=[N+]=[N-])[C@@H](OCC3=CC=CC=C3)[C@H](OC(=O)C)[C@@H]](COCC4=CC=CC=C4)O2)[C@H](OCC5=CC=CC=C5)[C@@H](OC(=O)C6=CC=CC=C6)[C@H](SC7=CC=C(C)C=C7)O1)(C(C)(C)C)(C8=CC=CC=C8)C9=CC=CC=C9,[Si](OC[C@@H]1[C@@H](O[C@@H]2[C@H](N=[N+]=[N-])[C@@H](OCC3=CC=CC=C3)[C@H](OC(=O)C)[C@@H](COCC4=CC=CC=C4)O2)[C@H](OCC5=CC=CC=C5)[C@@H](OC(=O)C6=CC=CC=C6)[C@H](SC7=CC=C(C)C=C7)O1)(C(C)(C)C)(C8=CC=CC=C8)C9=CC=CC=C9,False,True,True,1,89,CC(=O)O[C@H]1[C@H](OCc2ccccc2)[C@@H](N=[N+]=[N-])[C@@H](O[C@H]2[C@H](OCc3ccccc3)[C@@H](OC(=O)c3ccccc3)[C@H](Sc3ccc(C)cc3)O[C@@H]2CO[Si](c2ccccc2)(c2ccccc2)C(C)(C)C)O[C@@H]1COCc1ccccc1
520,519,[Si](OC[C@@H]1[C@@H](O[C@@H]2[C@H](N=[N+]=[N-])[C@@H](OCC3=CC=CC=C3)[C@H](OC(=O)C)[C@@H]](COCC4=CC=CC=C4)O2)[C@H](OCC5=CC=CC=C5)[C@@H](OC(=O)C6=CC=CC=C6)[C@H](SC7=CC=C(C)C=C7)O1)(C(C)(C)C)(C8=CC=CC=C8)C9=CC=CC=C9,[Si](OC[C@@H]1[C@@H](O[C@@H]2[C@H](N=[N+]=[N-])[C@@H](OCC3=CC=CC=C3)[C@H](OC(=O)C)[C@@H](COCC4=CC=CC=C4)O2)[C@H](OCC5=CC=CC=C5)[C@@H](OC(=O)C6=CC=CC=C6)[C@H](SC7=CC=C(C)C=C7)O1)(C(C)(C)C)(C8=CC=CC=C8)C9=CC=CC=C9,False,True,True,1,89,CC(=O)O[C@H]1[C@H](OCc2ccccc2)[C@@H](N=[N+]=[N-])[C@@H](O[C@H]2[C@H](OCc3ccccc3)[C@@H](OC(=O)c3ccccc3)[C@H](Sc3ccc(C)cc3)O[C@@H]2CO[Si](c2ccccc2)(c2ccccc2)C(C)(C)C)O[C@@H]1COCc1ccccc1
521,520,[Si](OC[C@H]1[C@@H](O[C@@H]2[C@H](N=[N+]=[N-])[C@@H](OCC3=CC=CC=C3)[C@H](OC(=O)C)[C@@H]](COC(CCC(C)=O)=O)O2)[C@H](OCC4=CC=CC=C4)[C@@H](OC(=O)C5=CC=CC=C5)[C@H](SC6=CC=C(C)C=C6)O1)(C(C)(C)C)(C7=CC=CC=C7)C8=CC=CC=C8,[Si](OC[C@H]1[C@@H](O[C@@H]2[C@H](N=[N+]=[N-])[C@@H](OCC3=CC=CC=C3)[C@H](OC(=O)C)[C@@H](COC(CCC(C)=O)=O)O2)[C@H](OCC4=CC=CC=C4)[C@@H](OC(=O)C5=CC=CC=C5)[C@H](SC6=CC=C(C)C=C6)O1)(C(C)(C)C)(C7=CC=CC=C7)C8=CC=CC=C8,False,True,True,1,88,CC(=O)CCC(=O)OC[C@H]1O[C@H](O[C@H]2[C@H](OCc3ccccc3)[C@@H](OC(=O)c3ccccc3)[C@H](Sc3ccc(C)cc3)O[C@H]2CO[Si](c2ccccc2)(c2ccccc2)C(C)(C)C)[C@H](N=[N+]=[N-])[C@@H](OCc2ccccc2)[C@@H]1OC(C)=O
522,521,[Si](OC[C@H]1[C@@H](O[C@@H]2[C@H](N=[N+]=[N-])[C@@H](OCC3=CC=CC=C3)[C@H](OC(=O)C)[C@@H]](COC(CCC(C)=O)=O)O2)[C@H](OCC4=CC=CC=C4)[C@@H](OC(=O)C5=CC=CC=C5)[C@H](SC6=CC=C(C)C=C6)O1)(C(C)(C)C)(C7=CC=CC=C7)C8=CC=CC=C8,[Si](OC[C@H]1[C@@H](O[C@@H]2[C@H](N=[N+]=[N-])[C@@H](OCC3=CC=CC=C3)[C@H](OC(=O)C)[C@@H](COC(CCC(C)=O)=O)O2)[C@H](OCC4=CC=CC=C4)[C@@H](OC(=O)C5=CC=CC=C5)[C@H](SC6=CC=C(C)C=C6)O1)(C(C)(C)C)(C7=CC=CC=C7)C8=CC=CC=C8,False,True,True,1,88,CC(=O)CCC(=O)OC[C@H]1O[C@H](O[C@H]2[C@H](OCc3ccccc3)[C@@H](OC(=O)c3ccccc3)[C@H](Sc3ccc(C)cc3)O[C@H]2CO[Si](c2ccccc2)(c2ccccc2)C(C)(C)C)[C@H](N=[N+]=[N-])[C@@H](OCc2ccccc2)[C@@H]1OC(C)=O
523,522,O([C@H]1[C@H](OCC2=CC=CC=C2)[C@@H](OC(=O)C3=CC=CC=C3)[C@H](OC4=CC=C(OC)C=C4)O[C@@H]1COC(CCl)=O)[C@@H]5[C@H](N=[N+]=[N-])[C@@H](OCC6=CC=CC=C6)[C@H](OC(=O)C)[C@@H]](COC(C)=O)O5,O([C@H]1[C@H](OCC2=CC=CC=C2)[C@@H](OC(=O)C3=CC=CC=C3)[C@H](OC4=CC=C(OC)C=C4)O[C@@H]1COC(CCl)=O)[C@@H]5[C@H](N=[N+]=[N-])[C@@H](OCC6=CC=CC=C6)[C@H](OC(=O)C)[C@@H](COC(C)=O)O5,False,True,True,1,162,COc1ccc(O[C@@H]2O[C@H](COC(=O)CCl)[C@@H](O[C@H]3O[C@H](COC(C)=O)[C@@H](OC(C)=O)[C@H](OCc4ccccc4)[C@H]3N=[N+]=[N-])[C@H](OCc3ccccc3)[C@H]2OC(=O)c2ccccc2)cc1
524,523,O([C@H]1[C@H](OCC2=CC=CC=C2)[C@@H](NS(=O)(=O)C3=CC=CC=C3)[C@@H](O[Si](C(C)(C)C)(C)C)O[C@@H]1CO[C@H]4[C@@H](OCC5=CC=CC=C5)[C@H](OCC6=CC=CC=C6)[C@H](OCC7=CC=CC=C7)[C@H](C)O4)[C@H]8[C@H](NS(=O)(=O)C9=CC=CC=C9)[C@@H](OCC%10=CC=CC=C%10)[C@H](OC(=O)C)[C@@H]](COCC%11=CC=CC=C%11)O8,O([C@H]1[C@H](OCC2=CC=CC=C2)[C@@H](NS(=O)(=O)C3=CC=CC=C3)[C@@H](O[Si](C(C)(C)C)(C)C)O[C@@H]1CO[C@H]4[C@@H](OCC5=CC=CC=C5)[C@H](OCC6=CC=CC=C6)[C@H](OCC7=CC=CC=C7)[C@H](C)O4)[C@H]8[C@H](NS(=O)(=O)C9=CC=CC=C9)[C@@H](OCC%10=CC=CC=C%10)[C@H](OC(=O)C)[C@@H](COCC%11=CC=CC=C%11)O8,False,True,True,1,252,CC(=O)O[C@H]1[C@H](OCc2ccccc2)[C@@H](NS(=O)(=O)c2ccccc2)[C@H](O[C@H]2[C@H](OCc3ccccc3)[C@@H](NS(=O)(=O)c3ccccc3)[C@@H](O[Si](C)(C)C(C)(C)C)O[C@@H]2CO[C@@H]2O[C@@H](C)[C@@H](OCc3ccccc3)[C@@H](OCc3ccccc3)[C@@H]2OCc2ccccc2)O[C@@H]1COCc1ccccc1
525,524,O([C@H]1[C@H](OCC2=CC=CC=C2)[C@@H](NS(=O)(=O)C3=CC=CC=C3)[C@@H](O[Si](C(C)(C)C)(C)C)O[C@@H]1CO[C@H]4[C@@H](OCC5=CC=CC=C5)[C@H](OCC6=CC=CC=C6)[C@H](OCC7=CC=CC=C7)[C@H](C)O4)[C@H]8[C@H](NS(=O)(=O)C9=CC=CC=C9)[C@@H](OCC%10=CC=CC=C%10)[C@H](OC(=O)C)[C@@H]](COCC%11=CC=CC=C%11)O8,O([C@H]1[C@H](OCC2=CC=CC=C2)[C@@H](NS(=O)(=O)C3=CC=CC=C3)[C@@H](O[Si](C(C)(C)C)(C)C)O[C@@H]1CO[C@H]4[C@@H](OCC5=CC=CC=C5)[C@H](OCC6=CC=CC=C6)[C@H](OCC7=CC=CC=C7)[C@H](C)O4)[C@H]8[C@H](NS(=O)(=O)C9=CC=CC=C9)[C@@H](OCC%10=CC=CC=C%10)[C@H](OC(=O)C)[C@@H](COCC%11=CC=CC=C%11)O8,False,True,True,1,252,CC(=O)O[C@H]1[C@H](OCc2ccccc2)[C@@H](NS(=O)(=O)c2ccccc2)[C@H](O[C@H]2[C@H](OCc3ccccc3)[C@@H](NS(=O)(=O)c3ccccc3)[C@@H](O[Si](C)(C)C(C)(C)C)O[C@@H]2CO[C@@H]2O[C@@H](C)[C@@H](OCc3ccccc3)[C@@H](OCc3ccccc3)[C@@H]2OCc2ccccc2)O[C@@H]1COCc1ccccc1
526,525,N(C(OCC(Cl)(Cl)Cl)=O)[C@@H]1[C@@H](OC(CCl)=O)[C@H](OC(=O)C)[C@@H]](COCC2=CC=CC=C2)O[C@H]1OCC[Si](C)(C)C,N(C(OCC(Cl)(Cl)Cl)=O)[C@@H]1[C@@H](OC(CCl)=O)[C@H](OC(=O)C)[C@@H](COCC2=CC=CC=C2)O[C@H]1OCC[Si](C)(C)C,False,True,True,1,66,CC(=O)O[C@H]1[C@H](OC(=O)CCl)[C@@H](NC(=O)OCC(Cl)(Cl)Cl)[C@H](OCC[Si](C)(C)C)O[C@@H]1COCc1ccccc1
527,526,O([C@@H]1[C@@H](OCC2=CC=CC=C2)[C@H](OCC3=CC=CC=C3)[C@@H](OCC4=CC=CC=C4)[C@@H](OCC5=CC=CC=C5)[C@H]1OCC=C)[C@@H]6[C@H](N=[N+]=[N-])[C@@H](OCC7=CC=CC=C7)[C@H](OC(=O)C)[C@@H]](COCC8=CC=CC=C8)O6,O([C@@H]1[C@@H](OCC2=CC=CC=C2)[C@H](OCC3=CC=CC=C3)[C@@H](OCC4=CC=CC=C4)[C@@H](OCC5=CC=CC=C5)[C@H]1OCC=C)[C@@H]6[C@H](N=[N+]=[N-])[C@@H](OCC7=CC=CC=C7)[C@H](OC(=O)C)[C@@H](COCC8=CC=CC=C8)O6,False,True,True,1,171,C=CCO[C@@H]1[C@H](OCc2ccccc2)[C@H](OCc2ccccc2)[C@@H](OCc2ccccc2)[C@H](OCc2ccccc2)[C@H]1O[C@H]1O[C@H](COCc2ccccc2)[C@@H](OC(C)=O)[C@H](OCc2ccccc2)[C@H]1N=[N+]=[N-]
528,527,[Si](OC[C@@H]1[C@@H](O[C@@H]2[C@H](N=[N+]=[N-])[C@@H](OCC3=CC=CC=C3)[C@H](OC(=O)C)[C@@H]](COCC4=CC=CC=C4)O2)[C@H](OCC5=CC=CC=C5)[C@@H](OC(=O)C6=CC=CC=C6)[C@H](SC7=CC=C(C)C=C7)O1)(C(C)(C)C)(C8=CC=CC=C8)C9=CC=CC=C9,[Si](OC[C@@H]1[C@@H](O[C@@H]2[C@H](N=[N+]=[N-])[C@@H](OCC3=CC=CC=C3)[C@H](OC(=O)C)[C@@H](COCC4=CC=CC=C4)O2)[C@H](OCC5=CC=CC=C5)[C@@H](OC(=O)C6=CC=CC=C6)[C@H](SC7=CC=C(C)C=C7)O1)(C(C)(C)C)(C8=CC=CC=C8)C9=CC=CC=C9,False,True,True,1,89,CC(=O)O[C@H]1[C@H](OCc2ccccc2)[C@@H](N=[N+]=[N-])[C@@H](O[C@H]2[C@H](OCc3ccccc3)[C@@H](OC(=O)c3ccccc3)[C@H](Sc3ccc(C)cc3)O[C@@H]2CO[Si](c2ccccc2)(c2ccccc2)C(C)(C)C)O[C@@H]1COCc1ccccc1
529,528,[Si](OC[C@@H]1[C@@H](O[C@@H]2[C@H](N=[N+]=[N-])[C@@H](OCC3=CC=CC=C3)[C@H](OC(=O)C)[C@@H]](COCC4=CC=CC=C4)O2)[C@H](OCC5=CC=CC=C5)[C@@H](OC(=O)C6=CC=CC=C6)[C@H](SC7=CC=C(C)C=C7)O1)(C(C)(C)C)(C8=CC=CC=C8)C9=CC=CC=C9,[Si](OC[C@@H]1[C@@H](O[C@@H]2[C@H](N=[N+]=[N-])[C@@H](OCC3=CC=CC=C3)[C@H](OC(=O)C)[C@@H](COCC4=CC=CC=C4)O2)[C@H](OCC5=CC=CC=C5)[C@@H](OC(=O)C6=CC=CC=C6)[C@H](SC7=CC=C(C)C=C7)O1)(C(C)(C)C)(C8=CC=CC=C8)C9=CC=CC=C9,False,True,True,1,89,CC(=O)O[C@H]1[C@H](OCc2ccccc2)[C@@H](N=[N+]=[N-])[C@@H](O[C@H]2[C@H](OCc3ccccc3)[C@@H](OC(=O)c3ccccc3)[C@H](Sc3ccc(C)cc3)O[C@@H]2CO[Si](c2ccccc2)(c2ccccc2)C(C)(C)C)O[C@@H]1COCc1ccccc1
530,529,N(=[N+]=[N-])[C@@H]1[C@@H](OCC2=CC=CC=C2)[C@H](OC(=O)C)[C@@H]](COC(=O)C3=CC=CC=C3)O[C@@H]1OCCCCCN(CC4=CC=CC=C4)C(OCC5=CC=CC=C5)=O,N(=[N+]=[N-])[C@@H]1[C@@H](OCC2=CC=CC=C2)[C@H](OC(=O)C)[C@@H](COC(=O)C3=CC=CC=C3)O[C@@H]1OCCCCCN(CC4=CC=CC=C4)C(OCC5=CC=CC=C5)=O,False,True,True,1,62,CC(=O)O[C@H]1[C@H](OCc2ccccc2)[C@@H](N=[N+]=[N-])[C@@H](OCCCCCN(Cc2ccccc2)C(=O)OCc2ccccc2)O[C@@H]1COC(=O)c1ccccc1
531,530,N(C(C)=O)[C@@H]1[C@@H](OCC2=CC=CC=C2)[C@H](OC(=O)C)[C@@H]](COCC3=CC=CC=C3)O[C@@H]1OCC(OC)=O,N(C(C)=O)[C@@H]1[C@@H](OCC2=CC=CC=C2)[C@H](OC(=O)C)[C@@H](COCC3=CC=CC=C3)O[C@@H]1OCC(OC)=O,False,True,True,1,58,COC(=O)CO[C@H]1O[C@H](COCc2ccccc2)[C@@H](OC(C)=O)[C@H](OCc2ccccc2)[C@H]1NC(C)=O
532,531,N(C(C)=O)[C@@H]1[C@@H](OCC2=CC=CC=C2)[C@H](OC(=O)C)[C@@H]](COCC3=CC=CC=C3)O[C@@H]1OCC(OC)=O,N(C(C)=O)[C@@H]1[C@@H](OCC2=CC=CC=C2)[C@H](OC(=O)C)[C@@H](COCC3=CC=CC=C3)O[C@@H]1OCC(OC)=O,False,True,True,1,58,COC(=O)CO[C@H]1O[C@H](COCc2ccccc2)[C@@H](OC(C)=O)[C@H](OCc2ccccc2)[C@H]1NC(C)=O
533,532,N(C(C)=O)[C@@H]1[C@@H](OCC2=CC=CC=C2)[C@H](OC(=O)C)[C@@H]](COCC3=CC=CC=C3)O[C@@H]1OCC(OC)=O,N(C(C)=O)[C@@H]1[C@@H](OCC2=CC=CC=C2)[C@H](OC(=O)C)[C@@H](COCC3=CC=CC=C3)O[C@@H]1OCC(OC)=O,False,True,True,1,58,COC(=O)CO[C@H]1O[C@H](COCc2ccccc2)[C@@H](OC(C)=O)[C@H](OCc2ccccc2)[C@H]1NC(C)=O
534,533,C[C@@]12[C@]3(O[C@@]4([C@](O3)([C@H](OCC5=CC=CC=C5)[C@@H](OCC6=CC=CC=C6)[C@H](OCC7=CC=CC=C7)[C@H]4O[C@@H]8[C@H](N=[N+]=[N-])[C@@H](OCC9=CC=CC=C9)[C@H](OC(=O)C)[C@@H]](COCC%10=CC=CC=C%10)O8)[H])[H])C[C@@](C1(C)C)(CC2)[H],C[C@@]12[C@]3(O[C@@]4([C@](O3)([C@H](OCC5=CC=CC=C5)[C@@H](OCC6=CC=CC=C6)[C@H](OCC7=CC=CC=C7)[C@H]4O[C@@H]8[C@H](N=[N+]=[N-])[C@@H](OCC9=CC=CC=C9)[C@H](OC(=O)C)[C@@H](COCC%10=CC=CC=C%10)O8)[H])[H])C[C@@](C1(C)C)(CC2)[H],False,True,True,1,166,CC(=O)O[C@H]1[C@H](OCc2ccccc2)[C@@H](N=[N+]=[N-])[C@@H](O[C@@H]2[C@@H](OCc3ccccc3)[C@H](OCc3ccccc3)[C@@H](OCc3ccccc3)[C@H]3O[C@]4(C[C@@H]5CC[C@@]4(C)C5(C)C)O[C@@H]23)O[C@@H]1COCc1ccccc1
535,534,C[C@@]12[C@]3(O[C@@]4([C@](O3)([C@H](OCC5=CC=CC=C5)[C@@H](OCC6=CC=CC=C6)[C@H](OCC7=CC=CC=C7)[C@H]4O[C@@H]8[C@H](N=[N+]=[N-])[C@@H](OCC9=CC=CC=C9)[C@H](OC(=O)C)[C@@H]](COCC%10=CC=CC=C%10)O8)[H])[H])C[C@@](C1(C)C)(CC2)[H],C[C@@]12[C@]3(O[C@@]4([C@](O3)([C@H](OCC5=CC=CC=C5)[C@@H](OCC6=CC=CC=C6)[C@H](OCC7=CC=CC=C7)[C@H]4O[C@@H]8[C@H](N=[N+]=[N-])[C@@H](OCC9=CC=CC=C9)[C@H](OC(=O)C)[C@@H](COCC%10=CC=CC=C%10)O8)[H])[H])C[C@@](C1(C)C)(CC2)[H],False,True,True,1,166,CC(=O)O[C@H]1[C@H](OCc2ccccc2)[C@@H](N=[N+]=[N-])[C@@H](O[C@@H]2[C@@H](OCc3ccccc3)[C@H](OCc3ccccc3)[C@@H](OCc3ccccc3)[C@H]3O[C@]4(C[C@@H]5CC[C@@]4(C)C5(C)C)O[C@@H]23)O[C@@H]1COCc1ccccc1
536,535,S([C@H]1[C@H](NC(OCC(Cl)(Cl)Cl)=O)[C@@H](O)[C@H](OC(=O)C)[C@@H]](COCC2=CC=CC=C2)O1)C3=CC=CC=C3,S([C@H]1[C@H](NC(OCC(Cl)(Cl)Cl)=O)[C@@H](O)[C@H](OC(=O)C)[C@@H](COCC2=CC=CC=C2)O1)C3=CC=CC=C3,False,True,True,1,64,CC(=O)O[C@H]1[C@H](O)[C@@H](NC(=O)OCC(Cl)(Cl)Cl)[C@H](Sc2ccccc2)O[C@@H]1COCc1ccccc1
537,536,N(=[N+]=[N-])[C@@H]1[C@@H](OCC2=CC=CC=C2)[C@H](OC(=O)C)[C@@H]](COC(CCC(C)=O)=O)O[C@@H]1OCCCCCN(CC3=CC=CC=C3)C(OCC4=CC=CC=C4)=O,N(=[N+]=[N-])[C@@H]1[C@@H](OCC2=CC=CC=C2)[C@H](OC(=O)C)[C@@H](COC(CCC(C)=O)=O)O[C@@H]1OCCCCCN(CC3=CC=CC=C3)C(OCC4=CC=CC=C4)=O,False,True,True,1,62,CC(=O)CCC(=O)OC[C@H]1O[C@H](OCCCCCN(Cc2ccccc2)C(=O)OCc2ccccc2)[C@H](N=[N+]=[N-])[C@@H](OCc2ccccc2)[C@@H]1OC(C)=O
538,537,N(C(C)=O)(C(C)=O)[C@@H]1[C@@H](OCC2=CC=CC=C2)[C@H](OC(=O)C)[C@@H]](COCC3=CC=CC=C3)O[C@@H]1OCCCC=C,N(C(C)=O)(C(C)=O)[C@@H]1[C@@H](OCC2=CC=CC=C2)[C@H](OC(=O)C)[C@@H](COCC3=CC=CC=C3)O[C@@H]1OCCCC=C,False,True,True,1,66,C=CCCCO[C@H]1O[C@H](COCc2ccccc2)[C@@H](OC(C)=O)[C@H](OCc2ccccc2)[C@H]1N(C(C)=O)C(C)=O
539,538,N(C(C)=O)(C(C)=O)[C@@H]1[C@@H](OCC2=CC=CC=C2)[C@H](OC(=O)C)[C@@H]](COCC3=CC=CC=C3)O[C@@H]1OCCCC=C,N(C(C)=O)(C(C)=O)[C@@H]1[C@@H](OCC2=CC=CC=C2)[C@H](OC(=O)C)[C@@H](COCC3=CC=CC=C3)O[C@@H]1OCCCC=C,False,True,True,1,66,C=CCCCO[C@H]1O[C@H](COCc2ccccc2)[C@@H](OC(C)=O)[C@H](OCc2ccccc2)[C@H]1N(C(C)=O)C(C)=O
540,539,O(C)[C@@H]1[C@@H]([C@H](O)[C@H](OC(=O)C)[C@@H]](COCC2=CC=CC=C2)O1)N3C(=O)C(C)=C(C)C3=O,O(C)[C@@H]1[C@@H]([C@H](O)[C@H](OC(=O)C)[C@@H](COCC2=CC=CC=C2)O1)N3C(=O)C(C)=C(C)C3=O,False,True,True,1,47,CO[C@H]1O[C@H](COCc2ccccc2)[C@@H](OC(C)=O)[C@@H](O)[C@H]1N1C(=O)C(C)=C(C)C1=O
541,540,O(C)[C@H]1[C@@H]([C@H](O)[C@H](OC(=O)C)[C@@H]](COCC2=CC=CC=C2)O1)N3C(=O)C(C)=C(C)C3=O,O(C)[C@H]1[C@@H]([C@H](O)[C@H](OC(=O)C)[C@@H](COCC2=CC=CC=C2)O1)N3C(=O)C(C)=C(C)C3=O,False,True,True,1,46,CO[C@@H]1O[C@H](COCc2ccccc2)[C@@H](OC(C)=O)[C@@H](O)[C@H]1N1C(=O)C(C)=C(C)C1=O
542,541,C(OC)(=O)[C@]12[C@](C=3[C@@](C)(CC1)[C@@]4(C)[C@](CC3)([C@]5(C)[C@@](CC4)(C(C)(C)[C@@H](O[C@H]6[C@H](N=[N+]=[N-])[C@@H](OCC7=CC=CC=C7)[C@H](OC(=O)C)[C@@H]](COCC8=CC=C(OC)C=C8)O6)CC5)[H])[H])(CC(C)(C)CC2)[H],C(OC)(=O)[C@]12[C@](C=3[C@@](C)(CC1)[C@@]4(C)[C@](CC3)([C@]5(C)[C@@](CC4)(C(C)(C)[C@@H](O[C@H]6[C@H](N=[N+]=[N-])[C@@H](OCC7=CC=CC=C7)[C@H](OC(=O)C)[C@@H](COCC8=CC=C(OC)C=C8)O6)CC5)[H])[H])(CC(C)(C)CC2)[H],False,True,True,1,155,COC(=O)[C@]12CCC(C)(C)C[C@H]1C1=CC[C@@H]3[C@@]4(C)CC[C@H](O[C@@H]5O[C@H](COCc6ccc(OC)cc6)[C@@H](OC(C)=O)[C@H](OCc6ccccc6)[C@H]5N=[N+]=[N-])C(C)(C)[C@@H]4CC[C@@]3(C)[C@]1(C)CC2
543,542,C[C@@]12[C@]3(O[C@@]4([C@](O3)([C@H](OCC5=CC=CC=C5)[C@@H](OCC6=CC=CC=C6)[C@H](OCC7=CC=CC=C7)[C@H]4O[C@@H]8[C@H](N=[N+]=[N-])[C@@H](OCC9=CC=CC=C9)[C@H](OC(=O)C)[C@@H]](COCC%10=CC=CC=C%10)O8)[H])[H])C[C@@](C1(C)C)(CC2)[H],C[C@@]12[C@]3(O[C@@]4([C@](O3)([C@H](OCC5=CC=CC=C5)[C@@H](OCC6=CC=CC=C6)[C@H](OCC7=CC=CC=C7)[C@H]4O[C@@H]8[C@H](N=[N+]=[N-])[C@@H](OCC9=CC=CC=C9)[C@H](OC(=O)C)[C@@H](COCC%10=CC=CC=C%10)O8)[H])[H])C[C@@](C1(C)C)(CC2)[H],False,True,True,1,166,CC(=O)O[C@H]1[C@H](OCc2ccccc2)[C@@H](N=[N+]=[N-])[C@@H](O[C@@H]2[C@@H](OCc3ccccc3)[C@H](OCc3ccccc3)[C@@H](OCc3ccccc3)[C@H]3O[C@]4(C[C@@H]5CC[C@@]4(C)C5(C)C)O[C@@H]23)O[C@@H]1COCc1ccccc1
544,543,O([C@H]1[C@@H](OC(=O)C2=CC=CC=C2)[C@@H](COC(=O)C3=CC=CC=C3)O[C@@H](OC)[C@@H]1OC(=O)C4=CC=CC=C4)[C@H]5[C@H](NC(OCC(Cl)(Cl)Cl)=O)[C@@H](OC(C)=O)[C@H](OC(=O)C)[C@@H]](COCC6=CC=CC=C6)O5,O([C@H]1[C@@H](OC(=O)C2=CC=CC=C2)[C@@H](COC(=O)C3=CC=CC=C3)O[C@@H](OC)[C@@H]1OC(=O)C4=CC=CC=C4)[C@H]5[C@H](NC(OCC(Cl)(Cl)Cl)=O)[C@@H](OC(C)=O)[C@H](OC(=O)C)[C@@H](COCC6=CC=CC=C6)O5,False,True,True,1,163,CO[C@@H]1O[C@H](COC(=O)c2ccccc2)[C@H](OC(=O)c2ccccc2)[C@H](O[C@@H]2O[C@H](COCc3ccccc3)[C@@H](OC(C)=O)[C@H](OC(C)=O)[C@H]2NC(=O)OCC(Cl)(Cl)Cl)[C@H]1OC(=O)c1ccccc1
545,544,O([C@H]1[C@@H](OC(=O)C2=CC=CC=C2)[C@@H](COC(=O)C3=CC=CC=C3)O[C@@H](OC)[C@@H]1OC(=O)C4=CC=CC=C4)[C@H]5[C@H](NC(OCC(Cl)(Cl)Cl)=O)[C@@H](OC(C)=O)[C@H](OC(=O)C)[C@@H]](COCC6=CC=CC=C6)O5,O([C@H]1[C@@H](OC(=O)C2=CC=CC=C2)[C@@H](COC(=O)C3=CC=CC=C3)O[C@@H](OC)[C@@H]1OC(=O)C4=CC=CC=C4)[C@H]5[C@H](NC(OCC(Cl)(Cl)Cl)=O)[C@@H](OC(C)=O)[C@H](OC(=O)C)[C@@H](COCC6=CC=CC=C6)O5,False,True,True,1,163,CO[C@@H]1O[C@H](COC(=O)c2ccccc2)[C@H](OC(=O)c2ccccc2)[C@H](O[C@@H]2O[C@H](COCc3ccccc3)[C@@H](OC(C)=O)[C@H](OC(C)=O)[C@H]2NC(=O)OCC(Cl)(Cl)Cl)[C@H]1OC(=O)c1ccccc1
546,545,N(C(C)=O)[C@@H]1[C@@H](OCC2=CC=CC=C2)[C@H](OC(=O)C)[C@@H]](COCC3=CC=CC=C3)O[C@H]1OCCN=[N+]=[N-],N(C(C)=O)[C@@H]1[C@@H](OCC2=CC=CC=C2)[C@H](OC(=O)C)[C@@H](COCC3=CC=CC=C3)O[C@H]1OCCN=[N+]=[N-],False,True,True,1,58,CC(=O)N[C@H]1[C@H](OCCN=[N+]=[N-])O[C@H](COCc2ccccc2)[C@@H](OC(C)=O)[C@@H]1OCc1ccccc1
547,546,N(C(C)=O)(C(C)=O)[C@@H]1[C@@H](O[C@H]2[C@H](OC(C)=O)[C@@H](OC(C)=O)[C@H](OC(C)=O)[C@@H](COC(C)=O)O2)[C@H](OC(=O)C)[C@@H]](COCC3=CC=CC=C3)O[C@H]1OC,N(C(C)=O)(C(C)=O)[C@@H]1[C@@H](O[C@H]2[C@H](OC(C)=O)[C@@H](OC(C)=O)[C@H](OC(C)=O)[C@@H](COC(C)=O)O2)[C@H](OC(=O)C)[C@@H](COCC3=CC=CC=C3)O[C@H]1OC,False,True,True,1,121,CO[C@@H]1O[C@H](COCc2ccccc2)[C@@H](OC(C)=O)[C@H](O[C@@H]2O[C@H](COC(C)=O)[C@@H](OC(C)=O)[C@H](OC(C)=O)[C@H]2OC(C)=O)[C@H]1N(C(C)=O)C(C)=O
548,547,N(C(C)=O)(C(C)=O)[C@@H]1[C@@H](O[C@H]2[C@H](OC(C)=O)[C@@H](OC(C)=O)[C@@H](OC(C)=O)[C@@H](COC(C)=O)O2)[C@H](OC(=O)C)[C@@H]](COCC3=CC=CC=C3)O[C@H]1OC,N(C(C)=O)(C(C)=O)[C@@H]1[C@@H](O[C@H]2[C@H](OC(C)=O)[C@@H](OC(C)=O)[C@@H](OC(C)=O)[C@@H](COC(C)=O)O2)[C@H](OC(=O)C)[C@@H](COCC3=CC=CC=C3)O[C@H]1OC,False,True,True,1,122,CO[C@@H]1O[C@H](COCc2ccccc2)[C@@H](OC(C)=O)[C@H](O[C@@H]2O[C@H](COC(C)=O)[C@H](OC(C)=O)[C@H](OC(C)=O)[C@H]2OC(C)=O)[C@H]1N(C(C)=O)C(C)=O
549,548,N(C(C)=O)[C@@H]1[C@@H](OCC2=CC=CC=C2)[C@H](OC(=O)C)[C@@H]](COCC3=CC=CC=C3)O[C@H]1OCCN=[N+]=[N-],N(C(C)=O)[C@@H]1[C@@H](OCC2=CC=CC=C2)[C@H](OC(=O)C)[C@@H](COCC3=CC=CC=C3)O[C@H]1OCCN=[N+]=[N-],False,True,True,1,58,CC(=O)N[C@H]1[C@H](OCCN=[N+]=[N-])O[C@H](COCc2ccccc2)[C@@H](OC(C)=O)[C@@H]1OCc1ccccc1
550,549,N(C(OCC1=CC=CC=C1)=O)[C@@H]2[C@@H](OCC3=CC=CC=C3)[C@H](OC(=O)C)[C@@H]](COCC4=CC=CC=C4)O[C@@H]2OC,N(C(OCC1=CC=CC=C1)=O)[C@@H]2[C@@H](OCC3=CC=CC=C3)[C@H](OC(=O)C)[C@@H](COCC4=CC=CC=C4)O[C@@H]2OC,False,True,True,1,70,CO[C@H]1O[C@H](COCc2ccccc2)[C@@H](OC(C)=O)[C@H](OCc2ccccc2)[C@H]1NC(=O)OCc1ccccc1
551,550,C[C@@]12[C@]3(O[C@@]4([C@](O3)([C@H](OCC5=CC=CC=C5)[C@@H](OCC6=CC=CC=C6)[C@H](OCC7=CC=CC=C7)[C@H]4O[C@@H]8[C@H](N=[N+]=[N-])[C@@H](OCC9=CC=CC=C9)[C@H](OC(=O)C)[C@@H]](COCC%10=CC=CC=C%10)O8)[H])[H])C[C@@](C1(C)C)(CC2)[H],C[C@@]12[C@]3(O[C@@]4([C@](O3)([C@H](OCC5=CC=CC=C5)[C@@H](OCC6=CC=CC=C6)[C@H](OCC7=CC=CC=C7)[C@H]4O[C@@H]8[C@H](N=[N+]=[N-])[C@@H](OCC9=CC=CC=C9)[C@H](OC(=O)C)[C@@H](COCC%10=CC=CC=C%10)O8)[H])[H])C[C@@](C1(C)C)(CC2)[H],False,True,True,1,166,CC(=O)O[C@H]1[C@H](OCc2ccccc2)[C@@H](N=[N+]=[N-])[C@@H](O[C@@H]2[C@@H](OCc3ccccc3)[C@H](OCc3ccccc3)[C@@H](OCc3ccccc3)[C@H]3O[C@]4(C[C@@H]5CC[C@@]4(C)C5(C)C)O[C@@H]23)O[C@@H]1COCc1ccccc1
552,551,N(=[N+]=[N-])[C@@H]1[C@@H](OCC2=CC=CC=C2)[C@H](OC(=O)C)[C@@H]](COC(=O)C3=CC=CC=C3)O[C@H]1OCCOCCN(CC4=CC=CC=C4)C(OCC5=CC=CC=C5)=O,N(=[N+]=[N-])[C@@H]1[C@@H](OCC2=CC=CC=C2)[C@H](OC(=O)C)[C@@H](COC(=O)C3=CC=CC=C3)O[C@H]1OCCOCCN(CC4=CC=CC=C4)C(OCC5=CC=CC=C5)=O,False,True,True,1,62,CC(=O)O[C@H]1[C@H](OCc2ccccc2)[C@@H](N=[N+]=[N-])[C@H](OCCOCCN(Cc2ccccc2)C(=O)OCc2ccccc2)O[C@@H]1COC(=O)c1ccccc1
553,552,N(C(OCC1=CC=CC=C1)=O)[C@@H]2[C@@H](OCC3=CC=CC=C3)[C@H](OC(=O)C)[C@@H]](COC4=CC=C(OC)C=C4)O[C@@H]2OC,N(C(OCC1=CC=CC=C1)=O)[C@@H]2[C@@H](OCC3=CC=CC=C3)[C@H](OC(=O)C)[C@@H](COC4=CC=C(OC)C=C4)O[C@@H]2OC,False,True,True,1,70,COc1ccc(OC[C@H]2O[C@H](OC)[C@H](NC(=O)OCc3ccccc3)[C@@H](OCc3ccccc3)[C@@H]2OC(C)=O)cc1
554,553,N(C(OCC1=CC=CC=C1)=O)[C@@H]2[C@@H](OCC3=CC=CC=C3)[C@H](OC(=O)C)[C@@H]](COC4=CC=C(OC)C=C4)O[C@@H]2OC,N(C(OCC1=CC=CC=C1)=O)[C@@H]2[C@@H](OCC3=CC=CC=C3)[C@H](OC(=O)C)[C@@H](COC4=CC=C(OC)C=C4)O[C@@H]2OC,False,True,True,1,70,COc1ccc(OC[C@H]2O[C@H](OC)[C@H](NC(=O)OCc3ccccc3)[C@@H](OCc3ccccc3)[C@@H]2OC(C)=O)cc1
555,554,N(C(C)=O)(C(C)=O)[C@@H]1[C@@H](OCC2=CC=CC=C2)[C@H](OC(=O)C)[C@@H]](COCC3=CC=CC=C3)O[C@@H]1OCC(OC)=O,N(C(C)=O)(C(C)=O)[C@@H]1[C@@H](OCC2=CC=CC=C2)[C@H](OC(=O)C)[C@@H](COCC3=CC=CC=C3)O[C@@H]1OCC(OC)=O,False,True,True,1,66,COC(=O)CO[C@H]1O[C@H](COCc2ccccc2)[C@@H](OC(C)=O)[C@H](OCc2ccccc2)[C@H]1N(C(C)=O)C(C)=O
556,555,N(=[N+]=[N-])[C@@H]1[C@@H](OCC2=CC=CC=C2)[C@H](OC(=O)C)[C@@H]](COC(C)=O)O[C@@H]1OCCCCCN(CC3=CC=CC=C3)C(OCC4=CC=CC=C4)=O,N(=[N+]=[N-])[C@@H]1[C@@H](OCC2=CC=CC=C2)[C@H](OC(=O)C)[C@@H](COC(C)=O)O[C@@H]1OCCCCCN(CC3=CC=CC=C3)C(OCC4=CC=CC=C4)=O,False,True,True,1,62,CC(=O)OC[C@H]1O[C@H](OCCCCCN(Cc2ccccc2)C(=O)OCc2ccccc2)[C@H](N=[N+]=[N-])[C@@H](OCc2ccccc2)[C@@H]1OC(C)=O
557,556,N(=[N+]=[N-])[C@@H]1[C@@H](OCC2=CC=CC=C2)[C@H](OC(=O)C)[C@@H]](COC(C)=O)O[C@@H]1OCCCCCN(CC3=CC=CC=C3)C(OCC4=CC=CC=C4)=O,N(=[N+]=[N-])[C@@H]1[C@@H](OCC2=CC=CC=C2)[C@H](OC(=O)C)[C@@H](COC(C)=O)O[C@@H]1OCCCCCN(CC3=CC=CC=C3)C(OCC4=CC=CC=C4)=O,False,True,True,1,62,CC(=O)OC[C@H]1O[C@H](OCCCCCN(Cc2ccccc2)C(=O)OCc2ccccc2)[C@H](N=[N+]=[N-])[C@@H](OCc2ccccc2)[C@@H]1OC(C)=O
558,557,N(=[N+]=[N-])[C@@H]1[C@@H](OCC2=CC=CC=C2)[C@H](OC(=O)C)[C@@H]](COC(C)=O)O[C@@H]1OCCCCCN(CC3=CC=CC=C3)C(OCC4=CC=CC=C4)=O,N(=[N+]=[N-])[C@@H]1[C@@H](OCC2=CC=CC=C2)[C@H](OC(=O)C)[C@@H](COC(C)=O)O[C@@H]1OCCCCCN(CC3=CC=CC=C3)C(OCC4=CC=CC=C4)=O,False,True,True,1,62,CC(=O)OC[C@H]1O[C@H](OCCCCCN(Cc2ccccc2)C(=O)OCc2ccccc2)[C@H](N=[N+]=[N-])[C@@H](OCc2ccccc2)[C@@H]1OC(C)=O
559,558,N(=[N+]=[N-])[C@@H]1[C@@H](OCC2=CC=CC=C2)[C@H](OC(=O)C)[C@@H]](COC(C)=O)O[C@@H]1OCCCCCN(CC3=CC=CC=C3)C(OCC4=CC=CC=C4)=O,N(=[N+]=[N-])[C@@H]1[C@@H](OCC2=CC=CC=C2)[C@H](OC(=O)C)[C@@H](COC(C)=O)O[C@@H]1OCCCCCN(CC3=CC=CC=C3)C(OCC4=CC=CC=C4)=O,False,True,True,1,62,CC(=O)OC[C@H]1O[C@H](OCCCCCN(Cc2ccccc2)C(=O)OCc2ccccc2)[C@H](N=[N+]=[N-])[C@@H](OCc2ccccc2)[C@@H]1OC(C)=O
560,559,N(=[N+]=[N-])[C@@H]1[C@@H](OCC2=CC=CC=C2)[C@H](OC(=O)C)[C@@H]](COC(C)=O)O[C@@H]1OCCCCCN(CC3=CC=CC=C3)C(OCC4=CC=CC=C4)=O,N(=[N+]=[N-])[C@@H]1[C@@H](OCC2=CC=CC=C2)[C@H](OC(=O)C)[C@@H](COC(C)=O)O[C@@H]1OCCCCCN(CC3=CC=CC=C3)C(OCC4=CC=CC=C4)=O,False,True,True,1,62,CC(=O)OC[C@H]1O[C@H](OCCCCCN(Cc2ccccc2)C(=O)OCc2ccccc2)[C@H](N=[N+]=[N-])[C@@H](OCc2ccccc2)[C@@H]1OC(C)=O
561,560,N(=[N+]=[N-])[C@@H]1[C@@H](OCC2=CC=CC=C2)[C@H](OC(=O)C)[C@@H]](COC(C)=O)O[C@@H]1OCCCCCN(CC3=CC=CC=C3)C(OCC4=CC=CC=C4)=O,N(=[N+]=[N-])[C@@H]1[C@@H](OCC2=CC=CC=C2)[C@H](OC(=O)C)[C@@H](COC(C)=O)O[C@@H]1OCCCCCN(CC3=CC=CC=C3)C(OCC4=CC=CC=C4)=O,False,True,True,1,62,CC(=O)OC[C@H]1O[C@H](OCCCCCN(Cc2ccccc2)C(=O)OCc2ccccc2)[C@H](N=[N+]=[N-])[C@@H](OCc2ccccc2)[C@@H]1OC(C)=O
562,561,N(C(C)=O)[C@@H]1[C@@H](OCC2=CC=CC=C2)[C@H](OC(=O)C)[C@@H]](COC3=CC=C(OC)C=C3)O[C@H]1OCCN=[N+]=[N-],N(C(C)=O)[C@@H]1[C@@H](OCC2=CC=CC=C2)[C@H](OC(=O)C)[C@@H](COC3=CC=C(OC)C=C3)O[C@H]1OCCN=[N+]=[N-],False,True,True,1,58,COc1ccc(OC[C@H]2O[C@@H](OCCN=[N+]=[N-])[C@H](NC(C)=O)[C@@H](OCc3ccccc3)[C@@H]2OC(C)=O)cc1
563,562,N(C(OCC1=CC=CC=C1)=O)[C@@H]2[C@@H](OCC3=CC=CC=C3)[C@H](OC(=O)C)[C@@H]](COC4=CC=C(OC)C=C4)O[C@@H]2OC,N(C(OCC1=CC=CC=C1)=O)[C@@H]2[C@@H](OCC3=CC=CC=C3)[C@H](OC(=O)C)[C@@H](COC4=CC=C(OC)C=C4)O[C@@H]2OC,False,True,True,1,70,COc1ccc(OC[C@H]2O[C@H](OC)[C@H](NC(=O)OCc3ccccc3)[C@@H](OCc3ccccc3)[C@@H]2OC(C)=O)cc1
564,563,N(C(OCC1=CC=CC=C1)=O)[C@@H]2[C@@H](OCC3=CC=CC=C3)[C@H](OC(=O)C)[C@@H]](COC4=CC=C(OC)C=C4)O[C@@H]2OC,N(C(OCC1=CC=CC=C1)=O)[C@@H]2[C@@H](OCC3=CC=CC=C3)[C@H](OC(=O)C)[C@@H](COC4=CC=C(OC)C=C4)O[C@@H]2OC,False,True,True,1,70,COc1ccc(OC[C@H]2O[C@H](OC)[C@H](NC(=O)OCc3ccccc3)[C@@H](OCc3ccccc3)[C@@H]2OC(C)=O)cc1
565,564,O([C@@H]1[C@@H](OCC2=CC=CC=C2)[C@H](O[C@H]3[C@H](OCC4=CC=CC=C4)[C@@H](OCC5=CC=CC=C5)[C@H](OCCCN=[N+]=[N-])O[C@@H]3COCC6=CC=CC=C6)O[C@H](COCC7=CC=CC=C7)[C@@H]1OCC8=CC=CC=C8)[C@H]9[C@H](NC(C)=O)[C@@H](OC(C)=O)[C@H](OC(=O)C)[C@@H]](COCC%10=CC=CC=C%10)O9,O([C@@H]1[C@@H](OCC2=CC=CC=C2)[C@H](O[C@H]3[C@H](OCC4=CC=CC=C4)[C@@H](OCC5=CC=CC=C5)[C@H](OCCCN=[N+]=[N-])O[C@@H]3COCC6=CC=CC=C6)O[C@H](COCC7=CC=CC=C7)[C@@H]1OCC8=CC=CC=C8)[C@H]9[C@H](NC(C)=O)[C@@H](OC(C)=O)[C@H](OC(=O)C)[C@@H](COCC%10=CC=CC=C%10)O9,False,True,True,1,228,CC(=O)N[C@H]1[C@H](O[C@H]2[C@@H](OCc3ccccc3)[C@@H](COCc3ccccc3)O[C@@H](O[C@H]3[C@H](OCc4ccccc4)[C@@H](OCc4ccccc4)[C@H](OCCCN=[N+]=[N-])O[C@@H]3COCc3ccccc3)[C@@H]2OCc2ccccc2)O[C@H](COCc2ccccc2)[C@@H](OC(C)=O)[C@@H]1OC(C)=O
566,565,N(C(C)=O)[C@@H]1[C@@H](OC(=O)C2=CC=CC=C2)[C@H](OC(=O)C)[C@@H]](COC(=O)C3=CC=CC=C3)O[C@H]1OCC4=CC5=C(C=C4)C=CC=C5,N(C(C)=O)[C@@H]1[C@@H](OC(=O)C2=CC=CC=C2)[C@H](OC(=O)C)[C@@H](COC(=O)C3=CC=CC=C3)O[C@H]1OCC4=CC5=C(C=C4)C=CC=C5,False,True,True,1,62,CC(=O)N[C@H]1[C@H](OCc2ccc3ccccc3c2)O[C@H](COC(=O)c2ccccc2)[C@@H](OC(C)=O)[C@@H]1OC(=O)c1ccccc1
567,566,O([C@H]1[C@H](O[C@H]2[C@@H](OCC3=CC=CC=C3)[C@H](OCC4=CC=CC=C4)[C@H](OCC5=CC=CC=C5)[C@H](C)O2)[C@@H](CO[Si](C(C)C)(C(C)C)C(C)C)O[C@@H](O[C@@H]6[C@@H](OC(C)=O)[C@H](O[C@H]7[C@H](OCC8=CC=CC=C8)C=CO[C@@H]7COCC9=CC=CC=C9)O[C@H](CO[C@H]%10[C@H](NS(=O)(=O)C%11=CC=CC=C%11)[C@@H](O[C@H]%12[C@@H](OCC%13=CC=CC=C%13)[C@H](OCC%14=CC=CC=C%14)[C@H](OC(=O)C%15=CC=CC=C%15)[C@H](C)O%12)[C@H](OC(=O)C)[C@@H]](CO[Si](C(C)C)(C(C)C)C(C)C)O%10)[C@@H]6OC(C)=O)[C@@H]1NS(=O)(=O)C%16=CC=CC=C%16)[C@H]%17[C@H](O[Si](C(C)(C)C)(C)C)[C@@]%18([C@]([C@@H](CO[Si](C(C)C)(C(C)C)C(C)C)O%17)(OC(=O)O%18)[H])[H],O([C@H]1[C@H](O[C@H]2[C@@H](OCC3=CC=CC=C3)[C@H](OCC4=CC=CC=C4)[C@H](OCC5=CC=CC=C5)[C@H](C)O2)[C@@H](CO[Si](C(C)C)(C(C)C)C(C)C)O[C@@H](O[C@@H]6[C@@H](OC(C)=O)[C@H](O[C@H]7[C@H](OCC8=CC=CC=C8)C=CO[C@@H]7COCC9=CC=CC=C9)O[C@H](CO[C@H]%10[C@H](NS(=O)(=O)C%11=CC=CC=C%11)[C@@H](O[C@H]%12[C@@H](OCC%13=CC=CC=C%13)[C@H](OCC%14=CC=CC=C%14)[C@H](OC(=O)C%15=CC=CC=C%15)[C@H](C)O%12)[C@H](OC(=O)C)[C@@H](CO[Si](C(C)C)(C(C)C)C(C)C)O%10)[C@@H]6OC(C)=O)[C@@H]1NS(=O)(=O)C%16=CC=CC=C%16)[C@H]%17[C@H](O[Si](C(C)(C)C)(C)C)[C@@]%18([C@]([C@@H](CO[Si](C(C)C)(C(C)C)C(C)C)O%17)(OC(=O)O%18)[H])[H],False,True,True,1,392,CC(=O)O[C@@H]1[C@H](O[C@@H]2O[C@H](CO[Si](C(C)C)(C(C)C)C(C)C)[C@@H](O[C@@H]3O[C@@H](C)[C@@H](OCc4ccccc4)[C@@H](OCc4ccccc4)[C@@H]3OCc3ccccc3)[C@H](O[C@@H]3O[C@H](CO[Si](C(C)C)(C(C)C)C(C)C)[C@@H]4OC(=O)O[C@@H]4[C@H]3O[Si](C)(C)C(C)(C)C)[C@H]2NS(=O)(=O)c2ccccc2)[C@@H](OC(C)=O)[C@H](O[C@H]2[C@H](OCc3ccccc3)C=CO[C@@H]2COCc2ccccc2)O[C@@H]1CO[C@@H]1O[C@H](CO[Si](C(C)C)(C(C)C)C(C)C)[C@@H](OC(C)=O)[C@H](O[C@@H]2O[C@@H](C)[C@@H](OC(=O)c3ccccc3)[C@@H](OCc3ccccc3)[C@@H]2OCc2ccccc2)[C@H]1NS(=O)(=O)c1ccccc1
568,567,N(C(OCC(Cl)(Cl)Cl)=O)[C@@H]1[C@@H](OC(=O)C2=CC=CC=C2)[C@H](OC(=O)C)[C@@H]](COCC3=CC=CC=C3)O[C@H]1OCC(OC)=O,N(C(OCC(Cl)(Cl)Cl)=O)[C@@H]1[C@@H](OC(=O)C2=CC=CC=C2)[C@H](OC(=O)C)[C@@H](COCC3=CC=CC=C3)O[C@H]1OCC(OC)=O,False,True,True,1,74,COC(=O)CO[C@@H]1O[C@H](COCc2ccccc2)[C@@H](OC(C)=O)[C@H](OC(=O)c2ccccc2)[C@H]1NC(=O)OCC(Cl)(Cl)Cl
569,568,N(=[N+]=[N-])[C@@H]1[C@@H](OCC2=CC=CC=C2)[C@H](OC(=O)C)[C@@H]](COC(CCC(C)=O)=O)O[C@@H]1OCCCCCN(CC3=CC=CC=C3)C(OCC4=CC=CC=C4)=O,N(=[N+]=[N-])[C@@H]1[C@@H](OCC2=CC=CC=C2)[C@H](OC(=O)C)[C@@H](COC(CCC(C)=O)=O)O[C@@H]1OCCCCCN(CC3=CC=CC=C3)C(OCC4=CC=CC=C4)=O,False,True,True,1,62,CC(=O)CCC(=O)OC[C@H]1O[C@H](OCCCCCN(Cc2ccccc2)C(=O)OCc2ccccc2)[C@H](N=[N+]=[N-])[C@@H](OCc2ccccc2)[C@@H]1OC(C)=O
570,569,N(=[N+]=[N-])[C@@H]1[C@@H](OCC2=CC=CC=C2)[C@H](OC(=O)C)[C@@H]](COC(CCC(C)=O)=O)O[C@@H]1OCCCCCN(CC3=CC=CC=C3)C(OCC4=CC=CC=C4)=O,N(=[N+]=[N-])[C@@H]1[C@@H](OCC2=CC=CC=C2)[C@H](OC(=O)C)[C@@H](COC(CCC(C)=O)=O)O[C@@H]1OCCCCCN(CC3=CC=CC=C3)C(OCC4=CC=CC=C4)=O,False,True,True,1,62,CC(=O)CCC(=O)OC[C@H]1O[C@H](OCCCCCN(Cc2ccccc2)C(=O)OCc2ccccc2)[C@H](N=[N+]=[N-])[C@@H](OCc2ccccc2)[C@@H]1OC(C)=O
571,570,N(=[N+]=[N-])[C@@H]1[C@@H](OCC2=CC=CC=C2)[C@H](OC(=O)C)[C@@H]](COC(CCC(C)=O)=O)O[C@@H]1OCCCCCN(CC3=CC=CC=C3)C(OCC4=CC=CC=C4)=O,N(=[N+]=[N-])[C@@H]1[C@@H](OCC2=CC=CC=C2)[C@H](OC(=O)C)[C@@H](COC(CCC(C)=O)=O)O[C@@H]1OCCCCCN(CC3=CC=CC=C3)C(OCC4=CC=CC=C4)=O,False,True,True,1,62,CC(=O)CCC(=O)OC[C@H]1O[C@H](OCCCCCN(Cc2ccccc2)C(=O)OCc2ccccc2)[C@H](N=[N+]=[N-])[C@@H](OCc2ccccc2)[C@@H]1OC(C)=O
572,571,N(=[N+]=[N-])[C@@H]1[C@@H](OCC2=CC=CC=C2)[C@H](OC(=O)C)[C@@H]](COC(CCC(C)=O)=O)O[C@@H]1OCCCCCN(CC3=CC=CC=C3)C(OCC4=CC=CC=C4)=O,N(=[N+]=[N-])[C@@H]1[C@@H](OCC2=CC=CC=C2)[C@H](OC(=O)C)[C@@H](COC(CCC(C)=O)=O)O[C@@H]1OCCCCCN(CC3=CC=CC=C3)C(OCC4=CC=CC=C4)=O,False,True,True,1,62,CC(=O)CCC(=O)OC[C@H]1O[C@H](OCCCCCN(Cc2ccccc2)C(=O)OCc2ccccc2)[C@H](N=[N+]=[N-])[C@@H](OCc2ccccc2)[C@@H]1OC(C)=O
573,572,N(=[N+]=[N-])[C@@H]1[C@@H](OCC2=CC=CC=C2)[C@H](OC(=O)C)[C@@H]](COC(CCC(C)=O)=O)O[C@@H]1OCCCCCN(CC3=CC=CC=C3)C(OCC4=CC=CC=C4)=O,N(=[N+]=[N-])[C@@H]1[C@@H](OCC2=CC=CC=C2)[C@H](OC(=O)C)[C@@H](COC(CCC(C)=O)=O)O[C@@H]1OCCCCCN(CC3=CC=CC=C3)C(OCC4=CC=CC=C4)=O,False,True,True,1,62,CC(=O)CCC(=O)OC[C@H]1O[C@H](OCCCCCN(Cc2ccccc2)C(=O)OCc2ccccc2)[C@H](N=[N+]=[N-])[C@@H](OCc2ccccc2)[C@@H]1OC(C)=O
574,573,N(=[N+]=[N-])[C@@H]1[C@@H](OCC2=CC=CC=C2)[C@H](OC(=O)C)[C@@H]](COC(CCC(C)=O)=O)O[C@@H]1OCCCCCN(CC3=CC=CC=C3)C(OCC4=CC=CC=C4)=O,N(=[N+]=[N-])[C@@H]1[C@@H](OCC2=CC=CC=C2)[C@H](OC(=O)C)[C@@H](COC(CCC(C)=O)=O)O[C@@H]1OCCCCCN(CC3=CC=CC=C3)C(OCC4=CC=CC=C4)=O,False,True,True,1,62,CC(=O)CCC(=O)OC[C@H]1O[C@H](OCCCCCN(Cc2ccccc2)C(=O)OCc2ccccc2)[C@H](N=[N+]=[N-])[C@@H](OCc2ccccc2)[C@@H]1OC(C)=O
575,574,N(=[N+]=[N-])[C@@H]1[C@@H](OCC2=CC=CC=C2)[C@H](OC(=O)C)[C@@H]](COC(C)=O)O[C@@H]1OCCCCCN(CC3=CC=CC=C3)C(OCC4=CC=CC=C4)=O,N(=[N+]=[N-])[C@@H]1[C@@H](OCC2=CC=CC=C2)[C@H](OC(=O)C)[C@@H](COC(C)=O)O[C@@H]1OCCCCCN(CC3=CC=CC=C3)C(OCC4=CC=CC=C4)=O,False,True,True,1,62,CC(=O)OC[C@H]1O[C@H](OCCCCCN(Cc2ccccc2)C(=O)OCc2ccccc2)[C@H](N=[N+]=[N-])[C@@H](OCc2ccccc2)[C@@H]1OC(C)=O
576,575,N(=[N+]=[N-])[C@@H]1[C@@H](OCC2=CC=CC=C2)[C@H](OC(=O)C)[C@@H]](COC(C)=O)O[C@@H]1OCCCCCN(CC3=CC=CC=C3)C(OCC4=CC=CC=C4)=O,N(=[N+]=[N-])[C@@H]1[C@@H](OCC2=CC=CC=C2)[C@H](OC(=O)C)[C@@H](COC(C)=O)O[C@@H]1OCCCCCN(CC3=CC=CC=C3)C(OCC4=CC=CC=C4)=O,False,True,True,1,62,CC(=O)OC[C@H]1O[C@H](OCCCCCN(Cc2ccccc2)C(=O)OCc2ccccc2)[C@H](N=[N+]=[N-])[C@@H](OCc2ccccc2)[C@@H]1OC(C)=O
577,576,N(=[N+]=[N-])[C@@H]1[C@@H](OCC2=CC=CC=C2)[C@H](OC(=O)C)[C@@H]](COC(C)=O)O[C@@H]1OCCCCCN(CC3=CC=CC=C3)C(OCC4=CC=CC=C4)=O,N(=[N+]=[N-])[C@@H]1[C@@H](OCC2=CC=CC=C2)[C@H](OC(=O)C)[C@@H](COC(C)=O)O[C@@H]1OCCCCCN(CC3=CC=CC=C3)C(OCC4=CC=CC=C4)=O,False,True,True,1,62,CC(=O)OC[C@H]1O[C@H](OCCCCCN(Cc2ccccc2)C(=O)OCc2ccccc2)[C@H](N=[N+]=[N-])[C@@H](OCc2ccccc2)[C@@H]1OC(C)=O
578,577,N(=[N+]=[N-])[C@@H]1[C@@H](OCC2=CC=CC=C2)[C@H](OC(=O)C)[C@@H]](COC(C)=O)O[C@@H]1OCCCCCN(CC3=CC=CC=C3)C(OCC4=CC=CC=C4)=O,N(=[N+]=[N-])[C@@H]1[C@@H](OCC2=CC=CC=C2)[C@H](OC(=O)C)[C@@H](COC(C)=O)O[C@@H]1OCCCCCN(CC3=CC=CC=C3)C(OCC4=CC=CC=C4)=O,False,True,True,1,62,CC(=O)OC[C@H]1O[C@H](OCCCCCN(Cc2ccccc2)C(=O)OCc2ccccc2)[C@H](N=[N+]=[N-])[C@@H](OCc2ccccc2)[C@@H]1OC(C)=O
579,578,N(=[N+]=[N-])[C@@H]1[C@@H](OCC2=CC=CC=C2)[C@H](OC(=O)C)[C@@H]](COC(C)=O)O[C@@H]1OCCCCCN(CC3=CC=CC=C3)C(OCC4=CC=CC=C4)=O,N(=[N+]=[N-])[C@@H]1[C@@H](OCC2=CC=CC=C2)[C@H](OC(=O)C)[C@@H](COC(C)=O)O[C@@H]1OCCCCCN(CC3=CC=CC=C3)C(OCC4=CC=CC=C4)=O,False,True,True,1,62,CC(=O)OC[C@H]1O[C@H](OCCCCCN(Cc2ccccc2)C(=O)OCc2ccccc2)[C@H](N=[N+]=[N-])[C@@H](OCc2ccccc2)[C@@H]1OC(C)=O
580,579,N(=[N+]=[N-])[C@@H]1[C@@H](OCC2=CC=CC=C2)[C@H](OC(=O)C)[C@@H]](COC(CCC(C)=O)=O)O[C@@H]1OCCCCCN(CC3=CC=CC=C3)C(OCC4=CC=CC=C4)=O,N(=[N+]=[N-])[C@@H]1[C@@H](OCC2=CC=CC=C2)[C@H](OC(=O)C)[C@@H](COC(CCC(C)=O)=O)O[C@@H]1OCCCCCN(CC3=CC=CC=C3)C(OCC4=CC=CC=C4)=O,False,True,True,1,62,CC(=O)CCC(=O)OC[C@H]1O[C@H](OCCCCCN(Cc2ccccc2)C(=O)OCc2ccccc2)[C@H](N=[N+]=[N-])[C@@H](OCc2ccccc2)[C@@H]1OC(C)=O
581,580,N(=[N+]=[N-])[C@@H]1[C@@H](OCC2=CC=CC=C2)[C@H](OC(=O)C)[C@@H]](COC(CCC(C)=O)=O)O[C@@H]1OCCCCCN(CC3=CC=CC=C3)C(OCC4=CC=CC=C4)=O,N(=[N+]=[N-])[C@@H]1[C@@H](OCC2=CC=CC=C2)[C@H](OC(=O)C)[C@@H](COC(CCC(C)=O)=O)O[C@@H]1OCCCCCN(CC3=CC=CC=C3)C(OCC4=CC=CC=C4)=O,False,True,True,1,62,CC(=O)CCC(=O)OC[C@H]1O[C@H](OCCCCCN(Cc2ccccc2)C(=O)OCc2ccccc2)[C@H](N=[N+]=[N-])[C@@H](OCc2ccccc2)[C@@H]1OC(C)=O
582,581,N(=[N+]=[N-])[C@@H]1[C@@H](OCC2=CC=CC=C2)[C@H](OC(=O)C)[C@@H]](COC(CCC(C)=O)=O)O[C@H]1OCCOCCN(CC3=CC=CC=C3)C(OCC4=CC=CC=C4)=O,N(=[N+]=[N-])[C@@H]1[C@@H](OCC2=CC=CC=C2)[C@H](OC(=O)C)[C@@H](COC(CCC(C)=O)=O)O[C@H]1OCCOCCN(CC3=CC=CC=C3)C(OCC4=CC=CC=C4)=O,False,True,True,1,62,CC(=O)CCC(=O)OC[C@H]1O[C@@H](OCCOCCN(Cc2ccccc2)C(=O)OCc2ccccc2)[C@H](N=[N+]=[N-])[C@@H](OCc2ccccc2)[C@@H]1OC(C)=O
583,582,N(=[N+]=[N-])[C@@H]1[C@@H](OCC2=CC=CC=C2)[C@H](OC(=O)C)[C@@H]](COC(CCC(C)=O)=O)O[C@@H]1OCCCCCN(CC3=CC=CC=C3)C(OCC4=CC=CC=C4)=O,N(=[N+]=[N-])[C@@H]1[C@@H](OCC2=CC=CC=C2)[C@H](OC(=O)C)[C@@H](COC(CCC(C)=O)=O)O[C@@H]1OCCCCCN(CC3=CC=CC=C3)C(OCC4=CC=CC=C4)=O,False,True,True,1,62,CC(=O)CCC(=O)OC[C@H]1O[C@H](OCCCCCN(Cc2ccccc2)C(=O)OCc2ccccc2)[C@H](N=[N+]=[N-])[C@@H](OCc2ccccc2)[C@@H]1OC(C)=O
584,583,N(=[N+]=[N-])[C@@H]1[C@@H](OCC2=CC=CC=C2)[C@H](OC(=O)C)[C@@H]](COC(CCC(C)=O)=O)O[C@@H]1OCCCCCN(CC3=CC=CC=C3)C(OCC4=CC=CC=C4)=O,N(=[N+]=[N-])[C@@H]1[C@@H](OCC2=CC=CC=C2)[C@H](OC(=O)C)[C@@H](COC(CCC(C)=O)=O)O[C@@H]1OCCCCCN(CC3=CC=CC=C3)C(OCC4=CC=CC=C4)=O,False,True,True,1,62,CC(=O)CCC(=O)OC[C@H]1O[C@H](OCCCCCN(Cc2ccccc2)C(=O)OCc2ccccc2)[C@H](N=[N+]=[N-])[C@@H](OCc2ccccc2)[C@@H]1OC(C)=O
585,584,N(=[N+]=[N-])[C@@H]1[C@@H](OCC2=CC=CC=C2)[C@H](OC(=O)C)[C@@H]](COC(CCC(C)=O)=O)O[C@@H]1OCCCCCN(CC3=CC=CC=C3)C(OCC4=CC=CC=C4)=O,N(=[N+]=[N-])[C@@H]1[C@@H](OCC2=CC=CC=C2)[C@H](OC(=O)C)[C@@H](COC(CCC(C)=O)=O)O[C@@H]1OCCCCCN(CC3=CC=CC=C3)C(OCC4=CC=CC=C4)=O,False,True,True,1,62,CC(=O)CCC(=O)OC[C@H]1O[C@H](OCCCCCN(Cc2ccccc2)C(=O)OCc2ccccc2)[C@H](N=[N+]=[N-])[C@@H](OCc2ccccc2)[C@@H]1OC(C)=O
586,585,N(=[N+]=[N-])[C@@H]1[C@@H](OCC2=CC=CC=C2)[C@H](OC(=O)C)[C@@H]](COC(CCC(C)=O)=O)O[C@@H]1OCCCCCN(CC3=CC=CC=C3)C(OCC4=CC=CC=C4)=O,N(=[N+]=[N-])[C@@H]1[C@@H](OCC2=CC=CC=C2)[C@H](OC(=O)C)[C@@H](COC(CCC(C)=O)=O)O[C@@H]1OCCCCCN(CC3=CC=CC=C3)C(OCC4=CC=CC=C4)=O,False,True,True,1,62,CC(=O)CCC(=O)OC[C@H]1O[C@H](OCCCCCN(Cc2ccccc2)C(=O)OCc2ccccc2)[C@H](N=[N+]=[N-])[C@@H](OCc2ccccc2)[C@@H]1OC(C)=O
587,586,O([C@H]1[C@H](OP(OC[C@H](OC(OCC2=CC=CC=C2)=O)COCCCCCCCCCCCCCCCCCC)(OCCC#N)=O)[C@H](OC(CCCCCCCCCCCCCCC)=O)[C@H](OCC3=CC=CC=C3)[C@@H](OCC4=CC=CC=C4)[C@@H]1OCC5=CC=CC=C5)[C@@H]6[C@H](N=[N+]=[N-])[C@@H](OCC7=CC=CC=C7)[C@H](OC(=O)C)[C@@H]](COCC8=CC=CC=C8)O6,O([C@H]1[C@H](OP(OC[C@H](OC(OCC2=CC=CC=C2)=O)COCCCCCCCCCCCCCCCCCC)(OCCC#N)=O)[C@H](OC(CCCCCCCCCCCCCCC)=O)[C@H](OCC3=CC=CC=C3)[C@@H](OCC4=CC=CC=C4)[C@@H]1OCC5=CC=CC=C5)[C@@H]6[C@H](N=[N+]=[N-])[C@@H](OCC7=CC=CC=C7)[C@H](OC(=O)C)[C@@H](COCC8=CC=CC=C8)O6,False,True,True,1,234,CCCCCCCCCCCCCCCCCCOC[C@H](COP(=O)(OCCC#N)O[C@@H]1[C@H](OC(=O)CCCCCCCCCCCCCCC)[C@H](OCc2ccccc2)[C@@H](OCc2ccccc2)[C@H](OCc2ccccc2)[C@H]1O[C@H]1O[C@H](COCc2ccccc2)[C@@H](OC(C)=O)[C@H](OCc2ccccc2)[C@H]1N=[N+]=[N-])OC(=O)OCc1ccccc1
588,587,N(=[N+]=[N-])[C@@H]1[C@@H](OCC2=CC=CC=C2)[C@H](OC(=O)C)[C@@H]](COC(CCC(C)=O)=O)O[C@@H]1OCCCCCN(CC3=CC=CC=C3)C(OCC4=CC=CC=C4)=O,N(=[N+]=[N-])[C@@H]1[C@@H](OCC2=CC=CC=C2)[C@H](OC(=O)C)[C@@H](COC(CCC(C)=O)=O)O[C@@H]1OCCCCCN(CC3=CC=CC=C3)C(OCC4=CC=CC=C4)=O,False,True,True,1,62,CC(=O)CCC(=O)OC[C@H]1O[C@H](OCCCCCN(Cc2ccccc2)C(=O)OCc2ccccc2)[C@H](N=[N+]=[N-])[C@@H](OCc2ccccc2)[C@@H]1OC(C)=O
589,588,N(C(OCC1=CC=CC=C1)=O)[C@@H]2[C@@H](OCC3=CC=CC=C3)[C@H](OC(=O)C)[C@@H]](COC(=O)C4=CC=CC=C4)O[C@@H]2OC,N(C(OCC1=CC=CC=C1)=O)[C@@H]2[C@@H](OCC3=CC=CC=C3)[C@H](OC(=O)C)[C@@H](COC(=O)C4=CC=CC=C4)O[C@@H]2OC,False,True,True,1,70,CO[C@H]1O[C@H](COC(=O)c2ccccc2)[C@@H](OC(C)=O)[C@H](OCc2ccccc2)[C@H]1NC(=O)OCc1ccccc1
590,589,O([C@H]1[C@H](OCC2=CC=CC=C2)[C@@H](OC(=O)C3=CC=CC=C3)[C@H](OCCCCCN(CC4=CC=CC=C4)C(OCC5=CC=C(COC(=O)C6=CC=CC=C6)C=C5)=O)O[C@H]1C(OC)=O)[C@@H]7[C@H](N=[N+]=[N-])[C@@H](OCC8=CC=CC=C8)[C@H](OC(=O)C)[C@@H]](COC(=O)C9=CC=CC=C9)O7,O([C@H]1[C@H](OCC2=CC=CC=C2)[C@@H](OC(=O)C3=CC=CC=C3)[C@H](OCCCCCN(CC4=CC=CC=C4)C(OCC5=CC=C(COC(=O)C6=CC=CC=C6)C=C5)=O)O[C@H]1C(OC)=O)[C@@H]7[C@H](N=[N+]=[N-])[C@@H](OCC8=CC=CC=C8)[C@H](OC(=O)C)[C@@H](COC(=O)C9=CC=CC=C9)O7,False,True,True,1,201,COC(=O)[C@@H]1O[C@@H](OCCCCCN(Cc2ccccc2)C(=O)OCc2ccc(COC(=O)c3ccccc3)cc2)[C@H](OC(=O)c2ccccc2)[C@@H](OCc2ccccc2)[C@@H]1O[C@H]1O[C@H](COC(=O)c2ccccc2)[C@@H](OC(C)=O)[C@H](OCc2ccccc2)[C@H]1N=[N+]=[N-]
591,590,O([C@@H]1[C@@H](OCC2=CC=CC=C2)[C@H](O[C@H]3[C@H](OCC4=CC=CC=C4)[C@@H](OCC5=CC=CC=C5)[C@H](OCCCN=[N+]=[N-])O[C@@H]3COCC6=CC=CC=C6)O[C@H](COCC7=CC=CC=C7)[C@@H]1OCC8=CC=CC=C8)[C@H]9[C@H](NC(C)=O)[C@@H](O[C@H]%10[C@H](OC(=O)C)[C@@H]](O[C@@H]%11[C@H](OCC%12=CC=CC=C%12)[C@@H](OCC%13=CC=CC=C%13)[C@@H](OCC%14=CC=CC=C%14)[C@@H](COCC%15=CC=CC=C%15)O%11)[C@@H](OCC%16=CC=CC=C%16)[C@@H](COCC%17=CC=CC=C%17)O%10)[C@H](OC(=O)C)[C@@H]](COCC%18=CC=CC=C%18)O9,O([C@@H]1[C@@H](OCC2=CC=CC=C2)[C@H](O[C@H]3[C@H](OCC4=CC=CC=C4)[C@@H](OCC5=CC=CC=C5)[C@H](OCCCN=[N+]=[N-])O[C@@H]3COCC6=CC=CC=C6)O[C@H](COCC7=CC=CC=C7)[C@@H]1OCC8=CC=CC=C8)[C@H]9[C@H](NC(C)=O)[C@@H](O[C@H]%10[C@H](OC(=O)C)[C@@H](O[C@@H]%11[C@H](OCC%12=CC=CC=C%12)[C@@H](OCC%13=CC=CC=C%13)[C@@H](OCC%14=CC=CC=C%14)[C@@H](COCC%15=CC=CC=C%15)O%11)[C@@H](OCC%16=CC=CC=C%16)[C@@H](COCC%17=CC=CC=C%17)O%10)[C@H](OC(=O)C)[C@@H](COCC%18=CC=CC=C%18)O9,False,True,True,2,229;422,CC(=O)N[C@H]1[C@H](O[C@H]2[C@@H](OCc3ccccc3)[C@@H](COCc3ccccc3)O[C@@H](O[C@H]3[C@H](OCc4ccccc4)[C@@H](OCc4ccccc4)[C@H](OCCCN=[N+]=[N-])O[C@@H]3COCc3ccccc3)[C@@H]2OCc2ccccc2)O[C@H](COCc2ccccc2)[C@@H](OC(C)=O)[C@@H]1O[C@@H]1O[C@H](COCc2ccccc2)[C@H](OCc2ccccc2)[C@H](O[C@H]2O[C@H](COCc3ccccc3)[C@H](OCc3ccccc3)[C@H](OCc3ccccc3)[C@H]2OCc2ccccc2)[C@H]1OC(C)=O
592,591,O([C@H]1[C@]2([C@]([C@H](OC(=O)C)[C@@H]](COCC3=CC=CC=C3)O1)(OC(=O)N2)[H])[H])C4=CC=C(OC)C=C4,O([C@H]1[C@]2([C@]([C@H](OC(=O)C)[C@@H](COCC3=CC=CC=C3)O1)(OC(=O)N2)[H])[H])C4=CC=C(OC)C=C4,False,True,True,1,40,COc1ccc(O[C@@H]2O[C@H](COCc3ccccc3)[C@@H](OC(C)=O)[C@@H]3OC(=O)N[C@@H]23)cc1
593,592,N(=[N+]=[N-])[C@@H]1[C@@H](OCC2=CC3=C(C=C2)C=CC=C3)[C@H](OC(=O)C)[C@@H]](COCC4=CC=CC=C4)O[C@@H]1OCCCCCN(CC5=CC=CC=C5)C(OCC6=CC=CC=C6)=O,N(=[N+]=[N-])[C@@H]1[C@@H](OCC2=CC3=C(C=C2)C=CC=C3)[C@H](OC(=O)C)[C@@H](COCC4=CC=CC=C4)O[C@@H]1OCCCCCN(CC5=CC=CC=C5)C(OCC6=CC=CC=C6)=O,False,True,True,1,72,CC(=O)O[C@H]1[C@H](OCc2ccc3ccccc3c2)[C@@H](N=[N+]=[N-])[C@@H](OCCCCCN(Cc2ccccc2)C(=O)OCc2ccccc2)O[C@@H]1COCc1ccccc1
594,593,N(=[N+]=[N-])[C@@H]1[C@@H](OCC2=CC3=C(C=C2)C=CC=C3)[C@H](OC(=O)C)[C@@H]](COCC4=CC=CC=C4)O[C@@H]1OCCCCCN(CC5=CC=CC=C5)C(OCC6=CC=CC=C6)=O,N(=[N+]=[N-])[C@@H]1[C@@H](OCC2=CC3=C(C=C2)C=CC=C3)[C@H](OC(=O)C)[C@@H](COCC4=CC=CC=C4)O[C@@H]1OCCCCCN(CC5=CC=CC=C5)C(OCC6=CC=CC=C6)=O,False,True,True,1,72,CC(=O)O[C@H]1[C@H](OCc2ccc3ccccc3c2)[C@@H](N=[N+]=[N-])[C@@H](OCCCCCN(Cc2ccccc2)C(=O)OCc2ccccc2)O[C@@H]1COCc1ccccc1
595,594,N(C(OCC1=CC=CC=C1)=O)[C@@H]2[C@@H](OCC3=CC=CC=C3)[C@H](OC(=O)C)[C@@H]](CO)O[C@@H]2OC,N(C(OCC1=CC=CC=C1)=O)[C@@H]2[C@@H](OCC3=CC=CC=C3)[C@H](OC(=O)C)[C@@H](CO)O[C@@H]2OC,False,True,True,1,70,CO[C@H]1O[C@H](CO)[C@@H](OC(C)=O)[C@H](OCc2ccccc2)[C@H]1NC(=O)OCc1ccccc1
596,595,N(C(OCC1=CC=CC=C1)=O)(C)[C@@H]2[C@@H](OCC3=CC=CC=C3)[C@H](OC(=O)C)[C@@H]](COC(=O)C4=CC=CC=C4)O[C@@H]2OC,N(C(OCC1=CC=CC=C1)=O)(C)[C@@H]2[C@@H](OCC3=CC=CC=C3)[C@H](OC(=O)C)[C@@H](COC(=O)C4=CC=CC=C4)O[C@@H]2OC,False,True,True,1,73,CO[C@H]1O[C@H](COC(=O)c2ccccc2)[C@@H](OC(C)=O)[C@H](OCc2ccccc2)[C@H]1N(C)C(=O)OCc1ccccc1
597,596,N(C(OCC(Cl)(Cl)Cl)=O)[C@@H]1[C@@H](OC(CCl)=O)[C@H](OC(=O)C)[C@@H]](COCC2=CC=CC=C2)O[C@H]1OCC[Si](C)(C)C,N(C(OCC(Cl)(Cl)Cl)=O)[C@@H]1[C@@H](OC(CCl)=O)[C@H](OC(=O)C)[C@@H](COCC2=CC=CC=C2)O[C@H]1OCC[Si](C)(C)C,False,True,True,1,66,CC(=O)O[C@H]1[C@H](OC(=O)CCl)[C@@H](NC(=O)OCC(Cl)(Cl)Cl)[C@H](OCC[Si](C)(C)C)O[C@@H]1COCc1ccccc1
598,597,N(C(C)=O)[C@@H]1[C@@H](OCC2=CC=CC=C2)[C@H](OC(=O)C)[C@@H]](COCC3=CC=CC=C3)O[C@H]1OCCN=[N+]=[N-],N(C(C)=O)[C@@H]1[C@@H](OCC2=CC=CC=C2)[C@H](OC(=O)C)[C@@H](COCC3=CC=CC=C3)O[C@H]1OCCN=[N+]=[N-],False,True,True,1,58,CC(=O)N[C@H]1[C@H](OCCN=[N+]=[N-])O[C@H](COCc2ccccc2)[C@@H](OC(C)=O)[C@@H]1OCc1ccccc1
599,598,O([C@H]1[C@]2([C@]([C@H](OC(=O)C)[C@@H]](COCC3=CC=CC=C3)O1)(OC(=O)N2)[H])[H])C4=CC=C(OC)C=C4,O([C@H]1[C@]2([C@]([C@H](OC(=O)C)[C@@H](COCC3=CC=CC=C3)O1)(OC(=O)N2)[H])[H])C4=CC=C(OC)C=C4,False,True,True,1,40,COc1ccc(O[C@@H]2O[C@H](COCc3ccccc3)[C@@H](OC(C)=O)[C@@H]3OC(=O)N[C@@H]23)cc1
600,599,O([C@H]1[C@]2([C@]([C@H](OC(=O)C)[C@@H]](COCC3=CC=CC=C3)O1)(OC(=O)N2)[H])[H])C4=CC=C(OC)C=C4,O([C@H]1[C@]2([C@]([C@H](OC(=O)C)[C@@H](COCC3=CC=CC=C3)O1)(OC(=O)N2)[H])[H])C4=CC=C(OC)C=C4,False,True,True,1,40,COc1ccc(O[C@@H]2O[C@H](COCc3ccccc3)[C@@H](OC(C)=O)[C@@H]3OC(=O)N[C@@H]23)cc1
601,600,N(C(OCC(Cl)(Cl)Cl)=O)[C@@H]1[C@@H](OC(=O)C2=CC=CC=C2)[C@H](OC(=O)C)[C@@H]](COCC3=CC=CC=C3)O[C@H]1OCC(OC)=O,N(C(OCC(Cl)(Cl)Cl)=O)[C@@H]1[C@@H](OC(=O)C2=CC=CC=C2)[C@H](OC(=O)C)[C@@H](COCC3=CC=CC=C3)O[C@H]1OCC(OC)=O,False,True,True,1,74,COC(=O)CO[C@@H]1O[C@H](COCc2ccccc2)[C@@H](OC(C)=O)[C@H](OC(=O)c2ccccc2)[C@H]1NC(=O)OCC(Cl)(Cl)Cl
602,601,N(C(C)=O)[C@@H]1[C@@H](OCC2=CC=CC=C2)[C@H](OC(=O)C)[C@@H]](COCC3=CC4=C(C=C3)C=CC=C4)O[C@@H]1OCCN=[N+]=[N-],N(C(C)=O)[C@@H]1[C@@H](OCC2=CC=CC=C2)[C@H](OC(=O)C)[C@@H](COCC3=CC4=C(C=C3)C=CC=C4)O[C@@H]1OCCN=[N+]=[N-],False,True,True,1,58,CC(=O)N[C@H]1[C@@H](OCCN=[N+]=[N-])O[C@H](COCc2ccc3ccccc3c2)[C@@H](OC(C)=O)[C@@H]1OCc1ccccc1
603,602,N(C(OCC1=CC=CC=C1)=O)[C@@H]2[C@@H](OCC3=CC=CC=C3)[C@H](OC(=O)C)[C@@H]](COC4=CC=C(OC)C=C4)O[C@@H]2OC,N(C(OCC1=CC=CC=C1)=O)[C@@H]2[C@@H](OCC3=CC=CC=C3)[C@H](OC(=O)C)[C@@H](COC4=CC=C(OC)C=C4)O[C@@H]2OC,False,True,True,1,70,COc1ccc(OC[C@H]2O[C@H](OC)[C@H](NC(=O)OCc3ccccc3)[C@@H](OCc3ccccc3)[C@@H]2OC(C)=O)cc1
604,603,O([Si](C(C(C)C)(C)C)(C)C)[C@H]1[C@H](NC(OCC(Cl)(Cl)Cl)=O)[C@@H](OC(C)=O)[C@H](OC(=O)C)[C@@H]](COCC2=CC=CC=C2)O1,O([Si](C(C(C)C)(C)C)(C)C)[C@H]1[C@H](NC(OCC(Cl)(Cl)Cl)=O)[C@@H](OC(C)=O)[C@H](OC(=O)C)[C@@H](COCC2=CC=CC=C2)O1,False,True,True,1,93,CC(=O)O[C@@H]1[C@@H](NC(=O)OCC(Cl)(Cl)Cl)[C@H](O[Si](C)(C)C(C)(C)C(C)C)O[C@H](COCc2ccccc2)[C@H]1OC(C)=O
605,604,O([C@H]1[C@]2([C@]([C@H](OC(=O)C)[C@@H]](COCC3=CC=CC=C3)O1)(OC(=O)N2)[H])[H])C4=CC=C(OC)C=C4,O([C@H]1[C@]2([C@]([C@H](OC(=O)C)[C@@H](COCC3=CC=CC=C3)O1)(OC(=O)N2)[H])[H])C4=CC=C(OC)C=C4,False,True,True,1,40,COc1ccc(O[C@@H]2O[C@H](COCc3ccccc3)[C@@H](OC(C)=O)[C@@H]3OC(=O)N[C@@H]23)cc1
606,605,N(C(OCC(Cl)(Cl)Cl)=O)[C@@H]1[C@@H](OC(=O)C2=CC=CC=C2)[C@H](OC(=O)C)[C@@H]](CO[Si](C(C)(C)C)(C)C)O[C@H]1OCC(OC)=O,N(C(OCC(Cl)(Cl)Cl)=O)[C@@H]1[C@@H](OC(=O)C2=CC=CC=C2)[C@H](OC(=O)C)[C@@H](CO[Si](C(C)(C)C)(C)C)O[C@H]1OCC(OC)=O,False,True,True,1,74,COC(=O)CO[C@@H]1O[C@H](CO[Si](C)(C)C(C)(C)C)[C@@H](OC(C)=O)[C@H](OC(=O)c2ccccc2)[C@H]1NC(=O)OCC(Cl)(Cl)Cl
607,606,N(C(C)=O)[C@@H]1[C@@H](OCC2=CC=CC=C2)[C@H](OC(=O)C)[C@@H]](COC(CCC(C)=O)=O)O[C@@H]1OCCN=[N+]=[N-],N(C(C)=O)[C@@H]1[C@@H](OCC2=CC=CC=C2)[C@H](OC(=O)C)[C@@H](COC(CCC(C)=O)=O)O[C@@H]1OCCN=[N+]=[N-],False,True,True,1,58,CC(=O)CCC(=O)OC[C@H]1O[C@H](OCCN=[N+]=[N-])[C@H](NC(C)=O)[C@@H](OCc2ccccc2)[C@@H]1OC(C)=O
608,607,C(C)(=O)N1[C@@]2([C@]([C@H](OC(=O)C)[C@@H]](COCC3=CC=CC=C3)O[C@@H]2OC)(OC1=O)[H])[H],C(C)(=O)N1[C@@]2([C@]([C@H](OC(=O)C)[C@@H](COCC3=CC=CC=C3)O[C@@H]2OC)(OC1=O)[H])[H],False,True,True,1,43,CO[C@H]1O[C@H](COCc2ccccc2)[C@@H](OC(C)=O)[C@@H]2OC(=O)N(C(C)=O)[C@@H]12
609,608,C(C)(=O)N1[C@@]2([C@]([C@H](OC(=O)C)[C@@H]](COCC3=CC=CC=C3)O[C@@H]2OC)(OC1=O)[H])[H],C(C)(=O)N1[C@@]2([C@]([C@H](OC(=O)C)[C@@H](COCC3=CC=CC=C3)O[C@@H]2OC)(OC1=O)[H])[H],False,True,True,1,43,CO[C@H]1O[C@H](COCc2ccccc2)[C@@H](OC(C)=O)[C@@H]2OC(=O)N(C(C)=O)[C@@H]12
610,609,C(C)(=O)N1[C@@]2([C@]([C@H](OC(=O)C)[C@@H]](COCC3=CC=CC=C3)O[C@@H]2OC)(OC1=O)[H])[H],C(C)(=O)N1[C@@]2([C@]([C@H](OC(=O)C)[C@@H](COCC3=CC=CC=C3)O[C@@H]2OC)(OC1=O)[H])[H],False,True,True,1,43,CO[C@H]1O[C@H](COCc2ccccc2)[C@@H](OC(C)=O)[C@@H]2OC(=O)N(C(C)=O)[C@@H]12
611,610,[Si](O[C@H]1[C@H](NC(C(Cl)(Cl)Cl)=O)[C@@H](OCC2=CC=CC=C2)[C@H](OC(=O)C)[C@@H]](COCC3=CC=CC=C3)O1)(C(C)(C)C)(C4=CC=CC=C4)C5=CC=CC=C5,[Si](O[C@H]1[C@H](NC(C(Cl)(Cl)Cl)=O)[C@@H](OCC2=CC=CC=C2)[C@H](OC(=O)C)[C@@H](COCC3=CC=CC=C3)O1)(C(C)(C)C)(C4=CC=CC=C4)C5=CC=CC=C5,False,True,True,1,78,CC(=O)O[C@H]1[C@H](OCc2ccccc2)[C@@H](NC(=O)C(Cl)(Cl)Cl)[C@H](O[Si](c2ccccc2)(c2ccccc2)C(C)(C)C)O[C@@H]1COCc1ccccc1
612,611,N(C(C)=O)[C@@H]1[C@@H](OCC2=CC=CC=C2)[C@H](OC(=O)C)[C@@H]](COCC3=CC=CC=C3)O[C@@H]1OCC(OC)=O,N(C(C)=O)[C@@H]1[C@@H](OCC2=CC=CC=C2)[C@H](OC(=O)C)[C@@H](COCC3=CC=CC=C3)O[C@@H]1OCC(OC)=O,False,True,True,1,58,COC(=O)CO[C@H]1O[C@H](COCc2ccccc2)[C@@H](OC(C)=O)[C@H](OCc2ccccc2)[C@H]1NC(C)=O
613,612,N(C(C)=O)[C@@H]1[C@@H](OCC2=CC=CC=C2)[C@H](OC(=O)C)[C@@H]](COCC3=CC=CC=C3)O[C@H]1OCCCNC(C(F)(F)F)=O,N(C(C)=O)[C@@H]1[C@@H](OCC2=CC=CC=C2)[C@H](OC(=O)C)[C@@H](COCC3=CC=CC=C3)O[C@H]1OCCCNC(C(F)(F)F)=O,False,True,True,1,58,CC(=O)N[C@H]1[C@H](OCCCNC(=O)C(F)(F)F)O[C@H](COCc2ccccc2)[C@@H](OC(C)=O)[C@@H]1OCc1ccccc1
614,613,N(=[N+]=[N-])[C@@H]1[C@@H](OCC2=CC3=C(C=C2)C=CC=C3)[C@H](OC(=O)C)[C@@H]](COCC4=CC=CC=C4)O[C@H]1OCCCCCN(CC5=CC=CC=C5)C(OCC6=CC=CC=C6)=O,N(=[N+]=[N-])[C@@H]1[C@@H](OCC2=CC3=C(C=C2)C=CC=C3)[C@H](OC(=O)C)[C@@H](COCC4=CC=CC=C4)O[C@H]1OCCCCCN(CC5=CC=CC=C5)C(OCC6=CC=CC=C6)=O,False,True,True,1,72,CC(=O)O[C@H]1[C@H](OCc2ccc3ccccc3c2)[C@@H](N=[N+]=[N-])[C@H](OCCCCCN(Cc2ccccc2)C(=O)OCc2ccccc2)O[C@@H]1COCc1ccccc1
615,614,N(=[N+]=[N-])[C@@H]1[C@@H](OCC2=CC3=C(C=C2)C=CC=C3)[C@H](OC(=O)C)[C@@H]](COCC4=CC=CC=C4)O[C@H]1OCCCCCN(CC5=CC=CC=C5)C(OCC6=CC=CC=C6)=O,N(=[N+]=[N-])[C@@H]1[C@@H](OCC2=CC3=C(C=C2)C=CC=C3)[C@H](OC(=O)C)[C@@H](COCC4=CC=CC=C4)O[C@H]1OCCCCCN(CC5=CC=CC=C5)C(OCC6=CC=CC=C6)=O,False,True,True,1,72,CC(=O)O[C@H]1[C@H](OCc2ccc3ccccc3c2)[C@@H](N=[N+]=[N-])[C@H](OCCCCCN(Cc2ccccc2)C(=O)OCc2ccccc2)O[C@@H]1COCc1ccccc1
616,615,N(C(C(Cl)(Cl)Cl)=O)[C@@H]1[C@@H](OCC2=CC=CC=C2)[C@H](OC(=O)C)[C@@H]](COCC3=CC=CC=C3)O[C@@H]1OCCOCCOCCSCC4=CC=CC=C4,N(C(C(Cl)(Cl)Cl)=O)[C@@H]1[C@@H](OCC2=CC=CC=C2)[C@H](OC(=O)C)[C@@H](COCC3=CC=CC=C3)O[C@@H]1OCCOCCOCCSCC4=CC=CC=C4,False,True,True,1,68,CC(=O)O[C@H]1[C@H](OCc2ccccc2)[C@@H](NC(=O)C(Cl)(Cl)Cl)[C@@H](OCCOCCOCCSCc2ccccc2)O[C@@H]1COCc1ccccc1
617,616,N(C(C)=O)[C@@H]1[C@@H](OCC2=CC=CC=C2)[C@H](OC(=O)C)[C@@H]](COCC3=CC=CC=C3)O[C@H]1OCCCNC(OCC4=CC=CC=C4)=O,N(C(C)=O)[C@@H]1[C@@H](OCC2=CC=CC=C2)[C@H](OC(=O)C)[C@@H](COCC3=CC=CC=C3)O[C@H]1OCCCNC(OCC4=CC=CC=C4)=O,False,True,True,1,58,CC(=O)N[C@H]1[C@H](OCCCNC(=O)OCc2ccccc2)O[C@H](COCc2ccccc2)[C@@H](OC(C)=O)[C@@H]1OCc1ccccc1
618,617,N(C(OCC1=CC=CC=C1)=O)[C@@H]2[C@@H](OCC3=CC=CC=C3)[C@H](OC(=O)C)[C@@H]](COC4=CC=C(OC)C=C4)O[C@@H]2OC,N(C(OCC1=CC=CC=C1)=O)[C@@H]2[C@@H](OCC3=CC=CC=C3)[C@H](OC(=O)C)[C@@H](COC4=CC=C(OC)C=C4)O[C@@H]2OC,False,True,True,1,70,COc1ccc(OC[C@H]2O[C@H](OC)[C@H](NC(=O)OCc3ccccc3)[C@@H](OCc3ccccc3)[C@@H]2OC(C)=O)cc1
619,618,N(C(OCC1=CC=CC=C1)=O)[C@@H]2[C@@H](OCC3=CC=CC=C3)[C@H](OC(=O)C)[C@@H]](COC4=CC=C(OC)C=C4)O[C@@H]2OC,N(C(OCC1=CC=CC=C1)=O)[C@@H]2[C@@H](OCC3=CC=CC=C3)[C@H](OC(=O)C)[C@@H](COC4=CC=C(OC)C=C4)O[C@@H]2OC,False,True,True,1,70,COc1ccc(OC[C@H]2O[C@H](OC)[C@H](NC(=O)OCc3ccccc3)[C@@H](OCc3ccccc3)[C@@H]2OC(C)=O)cc1
620,619,N(C(OCC1=CC=CC=C1)=O)[C@@H]2[C@@H](OCC3=CC=CC=C3)[C@H](OC(=O)C)[C@@H]](COC4=CC=C(OC)C=C4)O[C@@H]2OC,N(C(OCC1=CC=CC=C1)=O)[C@@H]2[C@@H](OCC3=CC=CC=C3)[C@H](OC(=O)C)[C@@H](COC4=CC=C(OC)C=C4)O[C@@H]2OC,False,True,True,1,70,COc1ccc(OC[C@H]2O[C@H](OC)[C@H](NC(=O)OCc3ccccc3)[C@@H](OCc3ccccc3)[C@@H]2OC(C)=O)cc1
621,620,O([C@H]1[C@H](OCC2=CC=CC=C2)[C@@H](OC(=O)C3=CC=CC=C3)[C@H](OCCCN(CC4=CC=CC=C4)C(OCC5=CC=CC=C5)=O)O[C@H]1COC(CCC(C)=O)=O)[C@@H]6[C@H](N=[N+]=[N-])[C@@H](OCC7=CC=CC=C7)[C@H](OC(=O)C)[C@@H]](COC(C)=O)O6,O([C@H]1[C@H](OCC2=CC=CC=C2)[C@@H](OC(=O)C3=CC=CC=C3)[C@H](OCCCN(CC4=CC=CC=C4)C(OCC5=CC=CC=C5)=O)O[C@H]1COC(CCC(C)=O)=O)[C@@H]6[C@H](N=[N+]=[N-])[C@@H](OCC7=CC=CC=C7)[C@H](OC(=O)C)[C@@H](COC(C)=O)O6,False,True,True,1,187,CC(=O)CCC(=O)OC[C@@H]1O[C@@H](OCCCN(Cc2ccccc2)C(=O)OCc2ccccc2)[C@H](OC(=O)c2ccccc2)[C@@H](OCc2ccccc2)[C@@H]1O[C@H]1O[C@H](COC(C)=O)[C@@H](OC(C)=O)[C@H](OCc2ccccc2)[C@H]1N=[N+]=[N-]
622,621,C(C)(=O)N1[C@@]2([C@]([C@H](OC(=O)C)[C@@H]](CO[Si](C(C(C)C)(C)C)(C)C)O[C@H]2OC)(OC1=O)[H])[H],C(C)(=O)N1[C@@]2([C@]([C@H](OC(=O)C)[C@@H](CO[Si](C(C(C)C)(C)C)(C)C)O[C@H]2OC)(OC1=O)[H])[H],False,True,True,1,43,CO[C@@H]1O[C@H](CO[Si](C)(C)C(C)(C)C(C)C)[C@@H](OC(C)=O)[C@@H]2OC(=O)N(C(C)=O)[C@@H]12
623,622,N(C(OCC1=CC=CC=C1)=O)[C@@H]2[C@@H](OCC3=CC=CC=C3)[C@H](OC(=O)C)[C@@H]](COCC4=CC=CC=C4)O[C@@H]2OC,N(C(OCC1=CC=CC=C1)=O)[C@@H]2[C@@H](OCC3=CC=CC=C3)[C@H](OC(=O)C)[C@@H](COCC4=CC=CC=C4)O[C@@H]2OC,False,True,True,1,70,CO[C@H]1O[C@H](COCc2ccccc2)[C@@H](OC(C)=O)[C@H](OCc2ccccc2)[C@H]1NC(=O)OCc1ccccc1
624,623,N(C(C(Cl)(Cl)Cl)=O)[C@@H]1[C@@H](OCC2=CC=CC=C2)[C@H](OC(=O)C)[C@@H]](COCC3=CC=CC=C3)O[C@H]1OCCCCCC(OC)=O,N(C(C(Cl)(Cl)Cl)=O)[C@@H]1[C@@H](OCC2=CC=CC=C2)[C@H](OC(=O)C)[C@@H](COCC3=CC=CC=C3)O[C@H]1OCCCCCC(OC)=O,False,True,True,1,68,COC(=O)CCCCCO[C@@H]1O[C@H](COCc2ccccc2)[C@@H](OC(C)=O)[C@H](OCc2ccccc2)[C@H]1NC(=O)C(Cl)(Cl)Cl
625,624,O([C@H]1[C@]2([C@]([C@H](OC(=O)C)[C@@H]](COCC3=CC=CC=C3)O1)(OC(=O)N2)[H])[H])C4=CC=C(OC)C=C4,O([C@H]1[C@]2([C@]([C@H](OC(=O)C)[C@@H](COCC3=CC=CC=C3)O1)(OC(=O)N2)[H])[H])C4=CC=C(OC)C=C4,False,True,True,1,40,COc1ccc(O[C@@H]2O[C@H](COCc3ccccc3)[C@@H](OC(C)=O)[C@@H]3OC(=O)N[C@@H]23)cc1
626,625,O([C@H]1[C@]2([C@]([C@H](OC(=O)C)[C@@H]](COCC3=CC=CC=C3)O1)(OC(=O)N2)[H])[H])C4=CC=C(OC)C=C4,O([C@H]1[C@]2([C@]([C@H](OC(=O)C)[C@@H](COCC3=CC=CC=C3)O1)(OC(=O)N2)[H])[H])C4=CC=C(OC)C=C4,False,True,True,1,40,COc1ccc(O[C@@H]2O[C@H](COCc3ccccc3)[C@@H](OC(C)=O)[C@@H]3OC(=O)N[C@@H]23)cc1
627,626,N(C(C)=O)[C@@H]1[C@@H](OCC2=CC=CC=C2)[C@H](OC(=O)C)[C@@H]](COCC3=CC=CC=C3)O[C@H]1OCCNC(C(F)(F)F)=O,N(C(C)=O)[C@@H]1[C@@H](OCC2=CC=CC=C2)[C@H](OC(=O)C)[C@@H](COCC3=CC=CC=C3)O[C@H]1OCCNC(C(F)(F)F)=O,False,True,True,1,58,CC(=O)N[C@H]1[C@H](OCCNC(=O)C(F)(F)F)O[C@H](COCc2ccccc2)[C@@H](OC(C)=O)[C@@H]1OCc1ccccc1
628,627,O([C@@H]1[C@@H](OCC2=CC=CC=C2)[C@H](O[C@H]3[C@H](OC(=O)C4=CC=CC=C4)[C@@H](OC(=O)C5=CC=CC=C5)[C@H](SCC)O[C@@H]3COC(=O)C6=CC=CC=C6)O[C@H](COCC7=CC=CC=C7)[C@@H]1OCC8=CC=CC=C8)[C@H]9[C@H](NC(C)=O)[C@@H](O[C@H]%10[C@H](OC(=O)C)[C@@H]](OCC%11=CC=CC=C%11)[C@@H](OCC%12=CC=CC=C%12)[C@@H](COCC%13=CC=CC=C%13)O%10)[C@H](OC(=O)C)[C@@H]](COCC%14=CC=CC=C%14)O9,O([C@@H]1[C@@H](OCC2=CC=CC=C2)[C@H](O[C@H]3[C@H](OC(=O)C4=CC=CC=C4)[C@@H](OC(=O)C5=CC=CC=C5)[C@H](SCC)O[C@@H]3COC(=O)C6=CC=CC=C6)O[C@H](COCC7=CC=CC=C7)[C@@H]1OCC8=CC=CC=C8)[C@H]9[C@H](NC(C)=O)[C@@H](O[C@H]%10[C@H](OC(=O)C)[C@@H](OCC%11=CC=CC=C%11)[C@@H](OCC%12=CC=CC=C%12)[C@@H](COCC%13=CC=CC=C%13)O%10)[C@H](OC(=O)C)[C@@H](COCC%14=CC=CC=C%14)O9,False,True,True,2,229;325,CCS[C@@H]1O[C@H](COC(=O)c2ccccc2)[C@@H](O[C@@H]2O[C@H](COCc3ccccc3)[C@H](OCc3ccccc3)[C@H](O[C@@H]3O[C@H](COCc4ccccc4)[C@@H](OC(C)=O)[C@H](O[C@@H]4O[C@H](COCc5ccccc5)[C@H](OCc5ccccc5)[C@H](OCc5ccccc5)[C@H]4OC(C)=O)[C@H]3NC(C)=O)[C@H]2OCc2ccccc2)[C@H](OC(=O)c2ccccc2)[C@H]1OC(=O)c1ccccc1
629,628,N(CC1=CC=CC=C1)(C(C)=O)[C@@H]2[C@@H](OCC3=CC=CC=C3)[C@H](OC(=O)C)[C@@H]](COCC4=CC=CC=C4)O[C@@H]2OC,N(CC1=CC=CC=C1)(C(C)=O)[C@@H]2[C@@H](OCC3=CC=CC=C3)[C@H](OC(=O)C)[C@@H](COCC4=CC=CC=C4)O[C@@H]2OC,False,True,True,1,72,CO[C@H]1O[C@H](COCc2ccccc2)[C@@H](OC(C)=O)[C@H](OCc2ccccc2)[C@H]1N(Cc1ccccc1)C(C)=O
630,629,N(C(C)=O)[C@@H]1[C@@H](OCC2=CC=CC=C2)[C@H](OC(=O)C)[C@@H]](COCC3=CC=CC=C3)O[C@@H]1OCC(OC)=O,N(C(C)=O)[C@@H]1[C@@H](OCC2=CC=CC=C2)[C@H](OC(=O)C)[C@@H](COCC3=CC=CC=C3)O[C@@H]1OCC(OC)=O,False,True,True,1,58,COC(=O)CO[C@H]1O[C@H](COCc2ccccc2)[C@@H](OC(C)=O)[C@H](OCc2ccccc2)[C@H]1NC(C)=O
631,630,O([C@H]1[C@H](OCC2=CC=CC=C2)[C@@H](OC(=O)C3=CC=CC=C3)[C@H](OCCCN(CC4=CC=CC=C4)C(OCC5=CC=CC=C5)=O)O[C@H]1COC(CCC(C)=O)=O)[C@@H]6[C@H](N=[N+]=[N-])[C@@H](OCC7=CC=CC=C7)[C@H](OC(=O)C)[C@@H]](COC(C)=O)O6,O([C@H]1[C@H](OCC2=CC=CC=C2)[C@@H](OC(=O)C3=CC=CC=C3)[C@H](OCCCN(CC4=CC=CC=C4)C(OCC5=CC=CC=C5)=O)O[C@H]1COC(CCC(C)=O)=O)[C@@H]6[C@H](N=[N+]=[N-])[C@@H](OCC7=CC=CC=C7)[C@H](OC(=O)C)[C@@H](COC(C)=O)O6,False,True,True,1,187,CC(=O)CCC(=O)OC[C@@H]1O[C@@H](OCCCN(Cc2ccccc2)C(=O)OCc2ccccc2)[C@H](OC(=O)c2ccccc2)[C@@H](OCc2ccccc2)[C@@H]1O[C@H]1O[C@H](COC(C)=O)[C@@H](OC(C)=O)[C@H](OCc2ccccc2)[C@H]1N=[N+]=[N-]
632,631,O([C@@H]1[C@@H](NC(C)=O)[C@H](SCC#N)O[C@H](COC(C)=O)[C@H]1O)[C@H]2[C@H](OC(=O)C)[C@@H]](OC(C)=O)[C@@H](OC(C)=O)[C@@H](COC(C)=O)O2,O([C@@H]1[C@@H](NC(C)=O)[C@H](SCC#N)O[C@H](COC(C)=O)[C@H]1O)[C@H]2[C@H](OC(=O)C)[C@@H](OC(C)=O)[C@@H](OC(C)=O)[C@@H](COC(C)=O)O2,False,True,True,1,87,CC(=O)N[C@@H]1[C@@H](O[C@@H]2O[C@H](COC(C)=O)[C@H](OC(C)=O)[C@H](OC(C)=O)[C@H]2OC(C)=O)[C@H](O)[C@@H](COC(C)=O)O[C@H]1SCC#N
633,632,O([C@@H]1[C@@H](NC(C)=O)[C@H](SCC#N)O[C@H](COC(C)=O)[C@H]1O)[C@H]2[C@H](OC(=O)C)[C@@H]](OC(C)=O)[C@@H](OC(C)=O)[C@@H](COC(C)=O)O2,O([C@@H]1[C@@H](NC(C)=O)[C@H](SCC#N)O[C@H](COC(C)=O)[C@H]1O)[C@H]2[C@H](OC(=O)C)[C@@H](OC(C)=O)[C@@H](OC(C)=O)[C@@H](COC(C)=O)O2,False,True,True,1,87,CC(=O)N[C@@H]1[C@@H](O[C@@H]2O[C@H](COC(C)=O)[C@H](OC(C)=O)[C@H](OC(C)=O)[C@H]2OC(C)=O)[C@H](O)[C@@H](COC(C)=O)O[C@H]1SCC#N
634,633,N(C(OCC1=CC=CC=C1)=O)[C@@H]2[C@@H](OCC3=CC=CC=C3)[C@H](OC(=O)C)[C@@H]](COC(C)=O)O[C@@H]2OC,N(C(OCC1=CC=CC=C1)=O)[C@@H]2[C@@H](OCC3=CC=CC=C3)[C@H](OC(=O)C)[C@@H](COC(C)=O)O[C@@H]2OC,False,True,True,1,70,CO[C@H]1O[C@H](COC(C)=O)[C@@H](OC(C)=O)[C@H](OCc2ccccc2)[C@H]1NC(=O)OCc1ccccc1
635,634,N(C(C(Cl)(Cl)Cl)=O)[C@@H]1[C@@H](OCC2=CC=CC=C2)[C@H](OC(=O)C)[C@@H]](COCC3=CC=CC=C3)O[C@H]1OCC4=CC=C(OC)C=C4,N(C(C(Cl)(Cl)Cl)=O)[C@@H]1[C@@H](OCC2=CC=CC=C2)[C@H](OC(=O)C)[C@@H](COCC3=CC=CC=C3)O[C@H]1OCC4=CC=C(OC)C=C4,False,True,True,1,68,COc1ccc(CO[C@@H]2O[C@H](COCc3ccccc3)[C@@H](OC(C)=O)[C@H](OCc3ccccc3)[C@H]2NC(=O)C(Cl)(Cl)Cl)cc1
636,635,C(C)(=O)N1[C@@]2([C@]([C@H](OC(=O)C)[C@@H]](COCC3=CC=CC=C3)O[C@@H]2OC)(OC1=O)[H])[H],C(C)(=O)N1[C@@]2([C@]([C@H](OC(=O)C)[C@@H](COCC3=CC=CC=C3)O[C@@H]2OC)(OC1=O)[H])[H],False,True,True,1,43,CO[C@H]1O[C@H](COCc2ccccc2)[C@@H](OC(C)=O)[C@@H]2OC(=O)N(C(C)=O)[C@@H]12
637,636,C(C)(=O)N1[C@@]2([C@]([C@H](OC(=O)C)[C@@H]](COCC3=CC=CC=C3)O[C@@H]2OC)(OC1=O)[H])[H],C(C)(=O)N1[C@@]2([C@]([C@H](OC(=O)C)[C@@H](COCC3=CC=CC=C3)O[C@@H]2OC)(OC1=O)[H])[H],False,True,True,1,43,CO[C@H]1O[C@H](COCc2ccccc2)[C@@H](OC(C)=O)[C@@H]2OC(=O)N(C(C)=O)[C@@H]12
638,637,C(C)(=O)N1[C@@]2([C@]([C@H](OC(=O)C)[C@@H]](COCC3=CC=CC=C3)O[C@@H]2OC)(OC1=O)[H])[H],C(C)(=O)N1[C@@]2([C@]([C@H](OC(=O)C)[C@@H](COCC3=CC=CC=C3)O[C@@H]2OC)(OC1=O)[H])[H],False,True,True,1,43,CO[C@H]1O[C@H](COCc2ccccc2)[C@@H](OC(C)=O)[C@@H]2OC(=O)N(C(C)=O)[C@@H]12
639,638,C(C)(=O)N1[C@@]2([C@]([C@H](OC(=O)C)[C@@H]](COCC3=CC=CC=C3)O[C@@H]2OC)(OC1=O)[H])[H],C(C)(=O)N1[C@@]2([C@]([C@H](OC(=O)C)[C@@H](COCC3=CC=CC=C3)O[C@@H]2OC)(OC1=O)[H])[H],False,True,True,1,43,CO[C@H]1O[C@H](COCc2ccccc2)[C@@H](OC(C)=O)[C@@H]2OC(=O)N(C(C)=O)[C@@H]12
640,639,O([C@H]1[C@H](NC(C(Cl)(Cl)Cl)=O)[C@@H](OC(=O)C2=CC=CC=C2)[C@H](OC(=O)C)[C@@H]](COC(=O)C3=CC=CC=C3)O1)C4=CC=C(OC)C=C4,O([C@H]1[C@H](NC(C(Cl)(Cl)Cl)=O)[C@@H](OC(=O)C2=CC=CC=C2)[C@H](OC(=O)C)[C@@H](COC(=O)C3=CC=CC=C3)O1)C4=CC=C(OC)C=C4,False,True,True,1,78,COc1ccc(O[C@@H]2O[C@H](COC(=O)c3ccccc3)[C@@H](OC(C)=O)[C@H](OC(=O)c3ccccc3)[C@H]2NC(=O)C(Cl)(Cl)Cl)cc1
641,640,N(C(C(Cl)(Cl)Cl)=O)[C@@H]1[C@@H](OCC2=CC=CC=C2)[C@H](OC(=O)C)[C@@H]](COCC3=CC=CC=C3)O[C@H]1OCC4=CC=C(OC)C=C4,N(C(C(Cl)(Cl)Cl)=O)[C@@H]1[C@@H](OCC2=CC=CC=C2)[C@H](OC(=O)C)[C@@H](COCC3=CC=CC=C3)O[C@H]1OCC4=CC=C(OC)C=C4,False,True,True,1,68,COc1ccc(CO[C@@H]2O[C@H](COCc3ccccc3)[C@@H](OC(C)=O)[C@H](OCc3ccccc3)[C@H]2NC(=O)C(Cl)(Cl)Cl)cc1
642,641,N(C(C)=O)(C(C)=O)[C@@H]1[C@@H](OCC2=CC=CC=C2)[C@H](OC(=O)C)[C@@H]](COCC3=CC=CC=C3)O[C@@H]1OCC(OC)=O,N(C(C)=O)(C(C)=O)[C@@H]1[C@@H](OCC2=CC=CC=C2)[C@H](OC(=O)C)[C@@H](COCC3=CC=CC=C3)O[C@@H]1OCC(OC)=O,False,True,True,1,66,COC(=O)CO[C@H]1O[C@H](COCc2ccccc2)[C@@H](OC(C)=O)[C@H](OCc2ccccc2)[C@H]1N(C(C)=O)C(C)=O
643,642,N(C(C(Cl)(Cl)Cl)=O)[C@@H]1[C@@H](OCC2=CC=CC=C2)[C@H](OC(=O)C)[C@@H]](COCC3=CC=CC=C3)O[C@H]1OCCCNC(OCC4=CC=CC=C4)=O,N(C(C(Cl)(Cl)Cl)=O)[C@@H]1[C@@H](OCC2=CC=CC=C2)[C@H](OC(=O)C)[C@@H](COCC3=CC=CC=C3)O[C@H]1OCCCNC(OCC4=CC=CC=C4)=O,False,True,True,1,68,CC(=O)O[C@H]1[C@H](OCc2ccccc2)[C@@H](NC(=O)C(Cl)(Cl)Cl)[C@H](OCCCNC(=O)OCc2ccccc2)O[C@@H]1COCc1ccccc1
644,643,N(C(OCC(Cl)(Cl)Cl)=O)[C@@H]1[C@@H](OCC2=CC=CC=C2)[C@H](OC(=O)C)[C@@H]](COC(CCC(C)=O)=O)O[C@@H]1OCCN=[N+]=[N-],N(C(OCC(Cl)(Cl)Cl)=O)[C@@H]1[C@@H](OCC2=CC=CC=C2)[C@H](OC(=O)C)[C@@H](COC(CCC(C)=O)=O)O[C@@H]1OCCN=[N+]=[N-],False,True,True,1,70,CC(=O)CCC(=O)OC[C@H]1O[C@H](OCCN=[N+]=[N-])[C@H](NC(=O)OCC(Cl)(Cl)Cl)[C@@H](OCc2ccccc2)[C@@H]1OC(C)=O
645,644,N(C(OCC1=CC=CC=C1)=O)[C@@H]2[C@@H](OCC3=CC=CC=C3)[C@H](OC(=O)C)[C@@H]](COC(CCl)=O)O[C@@H]2OC,N(C(OCC1=CC=CC=C1)=O)[C@@H]2[C@@H](OCC3=CC=CC=C3)[C@H](OC(=O)C)[C@@H](COC(CCl)=O)O[C@@H]2OC,False,True,True,1,70,CO[C@H]1O[C@H](COC(=O)CCl)[C@@H](OC(C)=O)[C@H](OCc2ccccc2)[C@H]1NC(=O)OCc1ccccc1
646,645,O([C@H]1[C@H](OCC2=CC=CC=C2)[C@@H](OC(=O)C3=CC=CC=C3)[C@H](OCCCN(CC4=CC=CC=C4)C(OCC5=CC=CC=C5)=O)O[C@H]1COC(CCC(C)=O)=O)[C@@H]6[C@H](N=[N+]=[N-])[C@@H](OCC7=CC=CC=C7)[C@H](OC(=O)C)[C@@H]](COC(C)=O)O6,O([C@H]1[C@H](OCC2=CC=CC=C2)[C@@H](OC(=O)C3=CC=CC=C3)[C@H](OCCCN(CC4=CC=CC=C4)C(OCC5=CC=CC=C5)=O)O[C@H]1COC(CCC(C)=O)=O)[C@@H]6[C@H](N=[N+]=[N-])[C@@H](OCC7=CC=CC=C7)[C@H](OC(=O)C)[C@@H](COC(C)=O)O6,False,True,True,1,187,CC(=O)CCC(=O)OC[C@@H]1O[C@@H](OCCCN(Cc2ccccc2)C(=O)OCc2ccccc2)[C@H](OC(=O)c2ccccc2)[C@@H](OCc2ccccc2)[C@@H]1O[C@H]1O[C@H](COC(C)=O)[C@@H](OC(C)=O)[C@H](OCc2ccccc2)[C@H]1N=[N+]=[N-]
647,646,C(C)(=O)N1[C@@]2([C@]([C@H](OC(=O)C)[C@@H]](CO[Si](C(C(C)C)(C)C)(C)C)O[C@H]2OC)(OC1=O)[H])[H],C(C)(=O)N1[C@@]2([C@]([C@H](OC(=O)C)[C@@H](CO[Si](C(C(C)C)(C)C)(C)C)O[C@H]2OC)(OC1=O)[H])[H],False,True,True,1,43,CO[C@@H]1O[C@H](CO[Si](C)(C)C(C)(C)C(C)C)[C@@H](OC(C)=O)[C@@H]2OC(=O)N(C(C)=O)[C@@H]12
648,647,N(C(C)=O)[C@@H]1[C@@H](OCC2=CC=CC=C2)[C@H](OC(=O)C)[C@@H]](COCC3=CC=CC=C3)O[C@H]1OCCNC(C(F)(F)F)=O,N(C(C)=O)[C@@H]1[C@@H](OCC2=CC=CC=C2)[C@H](OC(=O)C)[C@@H](COCC3=CC=CC=C3)O[C@H]1OCCNC(C(F)(F)F)=O,False,True,True,1,58,CC(=O)N[C@H]1[C@H](OCCNC(=O)C(F)(F)F)O[C@H](COCc2ccccc2)[C@@H](OC(C)=O)[C@@H]1OCc1ccccc1
649,648,O(CC1=CC=CC=C1)[C@H]2[C@H](O[C@@H]3[C@]4([C@]([C@H](OC(=O)C)[C@@H]](COC5=CC=C(OC)C=C5)O3)(OC(=O)N4)[H])[H])[C@H](C(OC)=O)O[C@@H](O[C@H]6[C@H](OCC7=CC=CC=C7)[C@@H](N=[N+]=[N-])[C@@H](OC)O[C@@H]6COC(=O)C8=CC=CC=C8)[C@@H]2OC(=O)C9=CC=CC=C9,O(CC1=CC=CC=C1)[C@H]2[C@H](O[C@@H]3[C@]4([C@]([C@H](OC(=O)C)[C@@H](COC5=CC=C(OC)C=C5)O3)(OC(=O)N4)[H])[H])[C@H](C(OC)=O)O[C@@H](O[C@H]6[C@H](OCC7=CC=CC=C7)[C@@H](N=[N+]=[N-])[C@@H](OC)O[C@@H]6COC(=O)C8=CC=CC=C8)[C@@H]2OC(=O)C9=CC=CC=C9,False,True,True,1,67,COC(=O)[C@@H]1O[C@@H](O[C@H]2[C@H](OCc3ccccc3)[C@@H](N=[N+]=[N-])[C@@H](OC)O[C@@H]2COC(=O)c2ccccc2)[C@H](OC(=O)c2ccccc2)[C@@H](OCc2ccccc2)[C@@H]1O[C@H]1O[C@H](COc2ccc(OC)cc2)[C@@H](OC(C)=O)[C@@H]2OC(=O)N[C@@H]12
650,649,O(CC1=CC=CC=C1)[C@H]2[C@H](O[C@@H]3[C@]4([C@]([C@H](OC(=O)C)[C@@H]](COC5=CC=C(OC)C=C5)O3)(OC(=O)N4)[H])[H])[C@H](C(OC)=O)O[C@@H](O[C@H]6[C@H](OCC7=CC=CC=C7)[C@@H](N=[N+]=[N-])[C@@H](OC)O[C@@H]6COC(=O)C8=CC=CC=C8)[C@@H]2OC(=O)C9=CC=CC=C9,O(CC1=CC=CC=C1)[C@H]2[C@H](O[C@@H]3[C@]4([C@]([C@H](OC(=O)C)[C@@H](COC5=CC=C(OC)C=C5)O3)(OC(=O)N4)[H])[H])[C@H](C(OC)=O)O[C@@H](O[C@H]6[C@H](OCC7=CC=CC=C7)[C@@H](N=[N+]=[N-])[C@@H](OC)O[C@@H]6COC(=O)C8=CC=CC=C8)[C@@H]2OC(=O)C9=CC=CC=C9,False,True,True,1,67,COC(=O)[C@@H]1O[C@@H](O[C@H]2[C@H](OCc3ccccc3)[C@@H](N=[N+]=[N-])[C@@H](OC)O[C@@H]2COC(=O)c2ccccc2)[C@H](OC(=O)c2ccccc2)[C@@H](OCc2ccccc2)[C@@H]1O[C@H]1O[C@H](COc2ccc(OC)cc2)[C@@H](OC(C)=O)[C@@H]2OC(=O)N[C@@H]12
651,650,C(C)(=O)N1[C@@]2([C@]([C@H](OC(=O)C)[C@@H]](COCC3=CC=CC=C3)O[C@@H]2OC)(OC1=O)[H])[H],C(C)(=O)N1[C@@]2([C@]([C@H](OC(=O)C)[C@@H](COCC3=CC=CC=C3)O[C@@H]2OC)(OC1=O)[H])[H],False,True,True,1,43,CO[C@H]1O[C@H](COCc2ccccc2)[C@@H](OC(C)=O)[C@@H]2OC(=O)N(C(C)=O)[C@@H]12
652,651,C(C)(=O)N1[C@@]2([C@]([C@H](OC(=O)C)[C@@H]](COCC3=CC=CC=C3)O[C@@H]2OC)(OC1=O)[H])[H],C(C)(=O)N1[C@@]2([C@]([C@H](OC(=O)C)[C@@H](COCC3=CC=CC=C3)O[C@@H]2OC)(OC1=O)[H])[H],False,True,True,1,43,CO[C@H]1O[C@H](COCc2ccccc2)[C@@H](OC(C)=O)[C@@H]2OC(=O)N(C(C)=O)[C@@H]12
653,652,C(C)(=O)N1[C@@]2([C@]([C@H](OC(=O)C)[C@@H]](COCC3=CC=CC=C3)O[C@@H]2OC)(OC1=O)[H])[H],C(C)(=O)N1[C@@]2([C@]([C@H](OC(=O)C)[C@@H](COCC3=CC=CC=C3)O[C@@H]2OC)(OC1=O)[H])[H],False,True,True,1,43,CO[C@H]1O[C@H](COCc2ccccc2)[C@@H](OC(C)=O)[C@@H]2OC(=O)N(C(C)=O)[C@@H]12
654,653,C(C)(=O)N1[C@@]2([C@]([C@H](OC(=O)C)[C@@H]](COCC3=CC=CC=C3)O[C@@H]2OC)(OC1=O)[H])[H],C(C)(=O)N1[C@@]2([C@]([C@H](OC(=O)C)[C@@H](COCC3=CC=CC=C3)O[C@@H]2OC)(OC1=O)[H])[H],False,True,True,1,43,CO[C@H]1O[C@H](COCc2ccccc2)[C@@H](OC(C)=O)[C@@H]2OC(=O)N(C(C)=O)[C@@H]12
655,654,C(C)(=O)N1[C@@]2([C@]([C@H](OC(=O)C)[C@@H]](COCC3=CC=CC=C3)O[C@@H]2OC)(OC1=O)[H])[H],C(C)(=O)N1[C@@]2([C@]([C@H](OC(=O)C)[C@@H](COCC3=CC=CC=C3)O[C@@H]2OC)(OC1=O)[H])[H],False,True,True,1,43,CO[C@H]1O[C@H](COCc2ccccc2)[C@@H](OC(C)=O)[C@@H]2OC(=O)N(C(C)=O)[C@@H]12
656,655,C(C)(=O)N1[C@@]2([C@]([C@H](OC(=O)C)[C@@H]](COCC3=CC=CC=C3)O[C@@H]2OC)(OC1=O)[H])[H],C(C)(=O)N1[C@@]2([C@]([C@H](OC(=O)C)[C@@H](COCC3=CC=CC=C3)O[C@@H]2OC)(OC1=O)[H])[H],False,True,True,1,43,CO[C@H]1O[C@H](COCc2ccccc2)[C@@H](OC(C)=O)[C@@H]2OC(=O)N(C(C)=O)[C@@H]12
657,656,C(C)(=O)N1[C@@]2([C@]([C@H](OC(=O)C)[C@@H]](COCC3=CC=CC=C3)O[C@@H]2OC)(OC1=O)[H])[H],C(C)(=O)N1[C@@]2([C@]([C@H](OC(=O)C)[C@@H](COCC3=CC=CC=C3)O[C@@H]2OC)(OC1=O)[H])[H],False,True,True,1,43,CO[C@H]1O[C@H](COCc2ccccc2)[C@@H](OC(C)=O)[C@@H]2OC(=O)N(C(C)=O)[C@@H]12
658,657,O([C@H]1[C@H](OCC2=CC=CC=C2)[C@@H](OC(=O)C3=CC=CC=C3)[C@H](OCCCN(CC4=CC=CC=C4)C(OCC5=CC=CC=C5)=O)O[C@H]1COC(CCC(C)=O)=O)[C@@H]6[C@H](N=[N+]=[N-])[C@@H](OCC7=CC=CC=C7)[C@H](OC(=O)C)[C@@H]](COC(C)=O)O6,O([C@H]1[C@H](OCC2=CC=CC=C2)[C@@H](OC(=O)C3=CC=CC=C3)[C@H](OCCCN(CC4=CC=CC=C4)C(OCC5=CC=CC=C5)=O)O[C@H]1COC(CCC(C)=O)=O)[C@@H]6[C@H](N=[N+]=[N-])[C@@H](OCC7=CC=CC=C7)[C@H](OC(=O)C)[C@@H](COC(C)=O)O6,False,True,True,1,187,CC(=O)CCC(=O)OC[C@@H]1O[C@@H](OCCCN(Cc2ccccc2)C(=O)OCc2ccccc2)[C@H](OC(=O)c2ccccc2)[C@@H](OCc2ccccc2)[C@@H]1O[C@H]1O[C@H](COC(C)=O)[C@@H](OC(C)=O)[C@H](OCc2ccccc2)[C@H]1N=[N+]=[N-]
659,658,N(C(C)=C1C(=O)CC(C)(C)CC1=O)[C@@H]2[C@@H](OC(C)=O)[C@H](OC(=O)C)[C@@H]](COCC3=CC=CC=C3)OC2,N(C(C)=C1C(=O)CC(C)(C)CC1=O)[C@@H]2[C@@H](OC(C)=O)[C@H](OC(=O)C)[C@@H](COCC3=CC=CC=C3)OC2,False,True,True,1,71,CC(=O)O[C@H]1[C@H](OC(C)=O)[C@@H](COCc2ccccc2)OC[C@@H]1NC(C)=C1C(=O)CC(C)(C)CC1=O
660,659,C[C@]12[C@]3(O[C@@]4([C@](O3)([C@@]5([C@@]([C@@H](O[C@@H]6[C@H](N=[N+]=[N-])[C@@H](OCC7=CC=CC=C7)[C@H](OC(=O)C)[C@@H]](COP(OCC8=CC=CC=C8)(CCNC(OCC9=CC=CC=C9)=O)=O)O6)[C@@H]4OP(OCC%10=CC=CC=C%10)(OCC%11=CC=CC=C%11)=O)(OC(C)(C)O5)[H])[H])[H])[H])C[C@](C1(C)C)(CC2)[H],C[C@]12[C@]3(O[C@@]4([C@](O3)([C@@]5([C@@]([C@@H](O[C@@H]6[C@H](N=[N+]=[N-])[C@@H](OCC7=CC=CC=C7)[C@H](OC(=O)C)[C@@H](COP(OCC8=CC=CC=C8)(CCNC(OCC9=CC=CC=C9)=O)=O)O6)[C@@H]4OP(OCC%10=CC=CC=C%10)(OCC%11=CC=CC=C%11)=O)(OC(C)(C)O5)[H])[H])[H])[H])C[C@](C1(C)C)(CC2)[H],False,True,True,1,118,CC(=O)O[C@H]1[C@H](OCc2ccccc2)[C@@H](N=[N+]=[N-])[C@@H](O[C@@H]2[C@H]3OC(C)(C)O[C@@H]3[C@H]3O[C@]4(C[C@H]5CC[C@]4(C)C5(C)C)O[C@H]3[C@H]2OP(=O)(OCc2ccccc2)OCc2ccccc2)O[C@@H]1COP(=O)(CCNC(=O)OCc1ccccc1)OCc1ccccc1
661,660,N(C(C)=O)[C@@H]1[C@@H](O[C@@H](C(N[C@H](C(OCC[Si](C)(C)C)=O)C)=O)C)[C@H](OC(=O)C)[C@@H]](COC(C)=O)O[C@@H]1OCC2=CC=CC=C2,N(C(C)=O)[C@@H]1[C@@H](O[C@@H](C(N[C@H](C(OCC[Si](C)(C)C)=O)C)=O)C)[C@H](OC(=O)C)[C@@H](COC(C)=O)O[C@@H]1OCC2=CC=CC=C2,False,True,True,1,88,CC(=O)N[C@H]1[C@@H](OCc2ccccc2)O[C@H](COC(C)=O)[C@@H](OC(C)=O)[C@@H]1O[C@H](C)C(=O)N[C@@H](C)C(=O)OCC[Si](C)(C)C
662,661,C(C)(=O)N1[C@@]2([C@]([C@H](OC(=O)C)[C@@H]](CO[Si](C(C(C)C)(C)C)(C)C)O[C@H]2OC)(OC1=O)[H])[H],C(C)(=O)N1[C@@]2([C@]([C@H](OC(=O)C)[C@@H](CO[Si](C(C(C)C)(C)C)(C)C)O[C@H]2OC)(OC1=O)[H])[H],False,True,True,1,43,CO[C@@H]1O[C@H](CO[Si](C)(C)C(C)(C)C(C)C)[C@@H](OC(C)=O)[C@@H]2OC(=O)N(C(C)=O)[C@@H]12
663,662,C(C)(=O)N1[C@@]2([C@]([C@H](OC(=O)C)[C@@H]](CO[Si](C(C(C)C)(C)C)(C)C)O[C@H]2OC)(OC1=O)[H])[H],C(C)(=O)N1[C@@]2([C@]([C@H](OC(=O)C)[C@@H](CO[Si](C(C(C)C)(C)C)(C)C)O[C@H]2OC)(OC1=O)[H])[H],False,True,True,1,43,CO[C@@H]1O[C@H](CO[Si](C)(C)C(C)(C)C(C)C)[C@@H](OC(C)=O)[C@@H]2OC(=O)N(C(C)=O)[C@@H]12
664,663,C(C)(=O)N1[C@@]2([C@]([C@H](OC(=O)C)[C@@H]](CO[Si](C(C(C)C)(C)C)(C)C)O[C@H]2OC)(OC1=O)[H])[H],C(C)(=O)N1[C@@]2([C@]([C@H](OC(=O)C)[C@@H](CO[Si](C(C(C)C)(C)C)(C)C)O[C@H]2OC)(OC1=O)[H])[H],False,True,True,1,43,CO[C@@H]1O[C@H](CO[Si](C)(C)C(C)(C)C(C)C)[C@@H](OC(C)=O)[C@@H]2OC(=O)N(C(C)=O)[C@@H]12
665,664,N(=[N+]=[N-])[C@H]1[C@@H](OCC2=CC=CC=C2)[C@H](OC(=O)C)[C@@H]](COCC3=CC=CC=C3)O[C@@H]1OCC4=CC=CC=C4,N(=[N+]=[N-])[C@H]1[C@@H](OCC2=CC=CC=C2)[C@H](OC(=O)C)[C@@H](COCC3=CC=CC=C3)O[C@@H]1OCC4=CC=CC=C4,False,True,True,1,61,CC(=O)O[C@H]1[C@H](OCc2ccccc2)[C@H](N=[N+]=[N-])[C@@H](OCc2ccccc2)O[C@@H]1COCc1ccccc1
666,665,N(C(C)=O)[C@@H]1[C@@H](O[C@@H](C(OCCS(=O)(=O)C2=CC=CC=C2)=O)C)[C@H](OC(=O)C)[C@@H]](COCC3=CC=CC=C3)O[C@@H]1OCC4=CC=CC=C4,N(C(C)=O)[C@@H]1[C@@H](O[C@@H](C(OCCS(=O)(=O)C2=CC=CC=C2)=O)C)[C@H](OC(=O)C)[C@@H](COCC3=CC=CC=C3)O[C@@H]1OCC4=CC=CC=C4,False,True,True,1,83,CC(=O)N[C@H]1[C@@H](OCc2ccccc2)O[C@H](COCc2ccccc2)[C@@H](OC(C)=O)[C@@H]1O[C@H](C)C(=O)OCCS(=O)(=O)c1ccccc1
667,666,O([C@H]1[C@H](O[C@H]2[C@@H](OCC3=CC=CC=C3)[C@H](OCC4=CC=CC=C4)[C@H](OCC5=CC=CC=C5)[C@H](C)O2)[C@@H](NC(C)=O)[C@H](OCCCCCCCl)O[C@@H]1COCC6=CC=CC=C6)[C@H]7[C@H](OC(C)=O)[C@@H](O[C@H]8[C@H](NC(C(Cl)(Cl)Cl)=O)[C@@H](O[C@H]9[C@H](OC(C)=O)[C@@H](OC(C)=O)[C@@H](OC(C)=O)[C@@H](COC(C)=O)O9)[C@H](OC(=O)C)[C@@H]](COCC%10=CC=CC=C%10)O8)[C@@H](OC(C)=O)[C@@H](COC(C(C)(C)C)=O)O7,O([C@H]1[C@H](O[C@H]2[C@@H](OCC3=CC=CC=C3)[C@H](OCC4=CC=CC=C4)[C@H](OCC5=CC=CC=C5)[C@H](C)O2)[C@@H](NC(C)=O)[C@H](OCCCCCCCl)O[C@@H]1COCC6=CC=CC=C6)[C@H]7[C@H](OC(C)=O)[C@@H](O[C@H]8[C@H](NC(C(Cl)(Cl)Cl)=O)[C@@H](O[C@H]9[C@H](OC(C)=O)[C@@H](OC(C)=O)[C@@H](OC(C)=O)[C@@H](COC(C)=O)O9)[C@H](OC(=O)C)[C@@H](COCC%10=CC=CC=C%10)O8)[C@@H](OC(C)=O)[C@@H](COC(C(C)(C)C)=O)O7,False,True,True,1,303,CC(=O)N[C@H]1[C@H](OCCCCCCCl)O[C@H](COCc2ccccc2)[C@@H](O[C@@H]2O[C@H](COC(=O)C(C)(C)C)[C@H](OC(C)=O)[C@H](O[C@@H]3O[C@H](COCc4ccccc4)[C@@H](OC(C)=O)[C@H](O[C@@H]4O[C@H](COC(C)=O)[C@H](OC(C)=O)[C@H](OC(C)=O)[C@H]4OC(C)=O)[C@H]3NC(=O)C(Cl)(Cl)Cl)[C@H]2OC(C)=O)[C@@H]1O[C@@H]1O[C@@H](C)[C@@H](OCc2ccccc2)[C@@H](OCc2ccccc2)[C@@H]1OCc1ccccc1
668,667,N(C(C(Cl)(Cl)Cl)=O)[C@@H]1[C@@H](OC(CCC(C)=O)=O)[C@H](OC(=O)C)[C@@H]](COCC2=CC=CC=C2)O[C@H]1OCCCC=C,N(C(C(Cl)(Cl)Cl)=O)[C@@H]1[C@@H](OC(CCC(C)=O)=O)[C@H](OC(=O)C)[C@@H](COCC2=CC=CC=C2)O[C@H]1OCCCC=C,False,True,True,1,69,C=CCCCO[C@@H]1O[C@H](COCc2ccccc2)[C@@H](OC(C)=O)[C@H](OC(=O)CCC(C)=O)[C@H]1NC(=O)C(Cl)(Cl)Cl
669,668,O([C@@H]1[C@@H](OC(C)=O)[C@H](O[C@H]2[C@H](OC(OCC3C=4C(C=5C3=CC=CC5)=CC=CC4)=O)[C@@H](COCC6=CC=CC=C6)O[C@@H](OCCCCCCCCCCl)[C@@H]2NC(C)=O)O[C@H](COC(C)=O)[C@@H]1OC(C)=O)[C@H]7[C@H](NC(C)=O)[C@@H](OC(C)=O)[C@H](OC(=O)C)[C@@H]](COCC8=CC=CC=C8)O7,O([C@@H]1[C@@H](OC(C)=O)[C@H](O[C@H]2[C@H](OC(OCC3C=4C(C=5C3=CC=CC5)=CC=CC4)=O)[C@@H](COCC6=CC=CC=C6)O[C@@H](OCCCCCCCCCCl)[C@@H]2NC(C)=O)O[C@H](COC(C)=O)[C@@H]1OC(C)=O)[C@H]7[C@H](NC(C)=O)[C@@H](OC(C)=O)[C@H](OC(=O)C)[C@@H](COCC8=CC=CC=C8)O7,False,True,True,1,224,CC(=O)N[C@H]1[C@H](O[C@H]2[C@@H](OC(C)=O)[C@@H](COC(C)=O)O[C@@H](O[C@@H]3[C@@H](NC(C)=O)[C@H](OCCCCCCCCCCl)O[C@H](COCc4ccccc4)[C@H]3OC(=O)OCC3c4ccccc4-c4ccccc43)[C@@H]2OC(C)=O)O[C@H](COCc2ccccc2)[C@@H](OC(C)=O)[C@@H]1OC(C)=O
670,669,[Si](OC[C@@H]1[C@H](OC(C)=O)[C@H](O[C@H]2[C@H](NC(C(Cl)(Cl)Cl)=O)[C@@H](OC(C)=O)[C@H](OC(=O)C)[C@@H]](COCC3=CC=CC=C3)O2)[C@@H](OC(C)=O)[C@H](O[C@H]4[C@H](OC(CCl)=O)[C@@H](NC(C)=O)[C@H](OCCCCCCCl)O[C@@H]4COCC5=CC=CC=C5)O1)(C(C)(C)C)(C6=CC=CC=C6)C7=CC=CC=C7,[Si](OC[C@@H]1[C@H](OC(C)=O)[C@H](O[C@H]2[C@H](NC(C(Cl)(Cl)Cl)=O)[C@@H](OC(C)=O)[C@H](OC(=O)C)[C@@H](COCC3=CC=CC=C3)O2)[C@@H](OC(C)=O)[C@H](O[C@H]4[C@H](OC(CCl)=O)[C@@H](NC(C)=O)[C@H](OCCCCCCCl)O[C@@H]4COCC5=CC=CC=C5)O1)(C(C)(C)C)(C6=CC=CC=C6)C7=CC=CC=C7,False,True,True,1,101,CC(=O)N[C@H]1[C@H](OCCCCCCCl)O[C@H](COCc2ccccc2)[C@@H](O[C@@H]2O[C@H](CO[Si](c3ccccc3)(c3ccccc3)C(C)(C)C)[C@H](OC(C)=O)[C@H](O[C@@H]3O[C@H](COCc4ccccc4)[C@@H](OC(C)=O)[C@H](OC(C)=O)[C@H]3NC(=O)C(Cl)(Cl)Cl)[C@H]2OC(C)=O)[C@@H]1OC(=O)CCl
671,670,O([C@H]1[C@@H]([C@@H](OCC2=CC=CC=C2)[C@H](OC(=O)C)[C@@H]](COCC3=CC=CC=C3)O1)N4C(=O)C=5C(C4=O)=CC=CC5)C6=CC=C(OC)C=C6,O([C@H]1[C@@H]([C@@H](OCC2=CC=CC=C2)[C@H](OC(=O)C)[C@@H](COCC3=CC=CC=C3)O1)N4C(=O)C=5C(C4=O)=CC=CC5)C6=CC=C(OC)C=C6,False,True,True,1,57,COc1ccc(O[C@@H]2O[C@H](COCc3ccccc3)[C@@H](OC(C)=O)[C@H](OCc3ccccc3)[C@H]2N2C(=O)c3ccccc3C2=O)cc1
672,671,O([C@H]1[C@@H]([C@@H](OCC2=CC=CC=C2)[C@H](OC(=O)C)[C@@H]](COCC3=CC=CC=C3)O1)N4C(=O)C=5C(C4=O)=CC=CC5)C6=CC=C(OC)C=C6,O([C@H]1[C@@H]([C@@H](OCC2=CC=CC=C2)[C@H](OC(=O)C)[C@@H](COCC3=CC=CC=C3)O1)N4C(=O)C=5C(C4=O)=CC=CC5)C6=CC=C(OC)C=C6,False,True,True,1,57,COc1ccc(O[C@@H]2O[C@H](COCc3ccccc3)[C@@H](OC(C)=O)[C@H](OCc3ccccc3)[C@H]2N2C(=O)c3ccccc3C2=O)cc1
673,672,O([C@H]1[C@H](OCC2=CC=CC=C2)[C@@H](OC(=O)C3=CC=CC=C3)[C@H](OCCCN(CC4=CC=CC=C4)C(OCC5=CC=CC=C5)=O)O[C@@H]1COC(CCC(C)=O)=O)[C@@H]6[C@H](N=[N+]=[N-])[C@@H](OCC7=CC=CC=C7)[C@H](OC(=O)C)[C@@H]](COS(OCC(Cl)(Cl)Cl)(=O)=O)O6,O([C@H]1[C@H](OCC2=CC=CC=C2)[C@@H](OC(=O)C3=CC=CC=C3)[C@H](OCCCN(CC4=CC=CC=C4)C(OCC5=CC=CC=C5)=O)O[C@@H]1COC(CCC(C)=O)=O)[C@@H]6[C@H](N=[N+]=[N-])[C@@H](OCC7=CC=CC=C7)[C@H](OC(=O)C)[C@@H](COS(OCC(Cl)(Cl)Cl)(=O)=O)O6,False,True,True,1,188,CC(=O)CCC(=O)OC[C@H]1O[C@@H](OCCCN(Cc2ccccc2)C(=O)OCc2ccccc2)[C@H](OC(=O)c2ccccc2)[C@@H](OCc2ccccc2)[C@@H]1O[C@H]1O[C@H](COS(=O)(=O)OCC(Cl)(Cl)Cl)[C@@H](OC(C)=O)[C@H](OCc2ccccc2)[C@H]1N=[N+]=[N-]
674,673,O([C@H]1[C@H](OCC2=CC=CC=C2)[C@@H](OC(=O)C3=CC=CC=C3)[C@H](OCCCN(CC4=CC=CC=C4)C(OCC5=CC=CC=C5)=O)O[C@H]1COC(CCC(C)=O)=O)[C@@H]6[C@H](N=[N+]=[N-])[C@@H](OCC7=CC=CC=C7)[C@H](OC(=O)C)[C@@H]](COC(C)=O)O6,O([C@H]1[C@H](OCC2=CC=CC=C2)[C@@H](OC(=O)C3=CC=CC=C3)[C@H](OCCCN(CC4=CC=CC=C4)C(OCC5=CC=CC=C5)=O)O[C@H]1COC(CCC(C)=O)=O)[C@@H]6[C@H](N=[N+]=[N-])[C@@H](OCC7=CC=CC=C7)[C@H](OC(=O)C)[C@@H](COC(C)=O)O6,False,True,True,1,187,CC(=O)CCC(=O)OC[C@@H]1O[C@@H](OCCCN(Cc2ccccc2)C(=O)OCc2ccccc2)[C@H](OC(=O)c2ccccc2)[C@@H](OCc2ccccc2)[C@@H]1O[C@H]1O[C@H](COC(C)=O)[C@@H](OC(C)=O)[C@H](OCc2ccccc2)[C@H]1N=[N+]=[N-]
675,674,O([C@H]1[C@H](OCC2=CC=CC=C2)[C@@H](OC(=O)C3=CC=CC=C3)[C@H](OCCCN(CC4=CC=CC=C4)C(OCC5=CC=CC=C5)=O)O[C@@H]1COC(CCC(C)=O)=O)[C@@H]6[C@H](N=[N+]=[N-])[C@@H](OCC7=CC=CC=C7)[C@H](OC(=O)C)[C@@H]](COC(C)=O)O6,O([C@H]1[C@H](OCC2=CC=CC=C2)[C@@H](OC(=O)C3=CC=CC=C3)[C@H](OCCCN(CC4=CC=CC=C4)C(OCC5=CC=CC=C5)=O)O[C@@H]1COC(CCC(C)=O)=O)[C@@H]6[C@H](N=[N+]=[N-])[C@@H](OCC7=CC=CC=C7)[C@H](OC(=O)C)[C@@H](COC(C)=O)O6,False,True,True,1,188,CC(=O)CCC(=O)OC[C@H]1O[C@@H](OCCCN(Cc2ccccc2)C(=O)OCc2ccccc2)[C@H](OC(=O)c2ccccc2)[C@@H](OCc2ccccc2)[C@@H]1O[C@H]1O[C@H](COC(C)=O)[C@@H](OC(C)=O)[C@H](OCc2ccccc2)[C@H]1N=[N+]=[N-]
676,675,O([C@H]1[C@H](OCC2=CC=CC=C2)[C@@H](OC(=O)C3=CC=CC=C3)[C@H](O[C@H]4[C@H](OCC5=CC=CC=C5)[C@@H](N=[N+]=[N-])[C@@H](O[C@H]6[C@H](OCC7=CC=CC=C7)[C@@H](OC(=O)C8=CC=CC=C8)[C@H](OCCCN(CC9=CC=CC=C9)C(OCC%10=CC=CC=C%10)=O)O[C@@H]6COC(CCC(C)=O)=O)O[C@@H]4COC(C)=O)O[C@@H]1COC(CCC(C)=O)=O)[C@@H]%11[C@H](N=[N+]=[N-])[C@@H](OCC%12=CC=CC=C%12)[C@H](OC(=O)C)[C@@H]](COS(OCC(Cl)(Cl)Cl)(=O)=O)O%11,O([C@H]1[C@H](OCC2=CC=CC=C2)[C@@H](OC(=O)C3=CC=CC=C3)[C@H](O[C@H]4[C@H](OCC5=CC=CC=C5)[C@@H](N=[N+]=[N-])[C@@H](O[C@H]6[C@H](OCC7=CC=CC=C7)[C@@H](OC(=O)C8=CC=CC=C8)[C@H](OCCCN(CC9=CC=CC=C9)C(OCC%10=CC=CC=C%10)=O)O[C@@H]6COC(CCC(C)=O)=O)O[C@@H]4COC(C)=O)O[C@@H]1COC(CCC(C)=O)=O)[C@@H]%11[C@H](N=[N+]=[N-])[C@@H](OCC%12=CC=CC=C%12)[C@H](OC(=O)C)[C@@H](COS(OCC(Cl)(Cl)Cl)(=O)=O)O%11,False,True,True,1,350,CC(=O)CCC(=O)OC[C@H]1O[C@@H](OCCCN(Cc2ccccc2)C(=O)OCc2ccccc2)[C@H](OC(=O)c2ccccc2)[C@@H](OCc2ccccc2)[C@@H]1O[C@H]1O[C@H](COC(C)=O)[C@@H](O[C@@H]2O[C@H](COC(=O)CCC(C)=O)[C@@H](O[C@H]3O[C@H](COS(=O)(=O)OCC(Cl)(Cl)Cl)[C@@H](OC(C)=O)[C@H](OCc4ccccc4)[C@H]3N=[N+]=[N-])[C@H](OCc3ccccc3)[C@H]2OC(=O)c2ccccc2)[C@H](OCc2ccccc2)[C@H]1N=[N+]=[N-]
677,676,N(C(C)=O)[C@@H]1[C@@H](O[C@@H](C(OCCS(=O)(=O)C2=CC=CC=C2)=O)C)[C@H](OC(=O)C)[C@@H]](COCC3=CC=CC=C3)O[C@@H]1OCC4=CC=CC=C4,N(C(C)=O)[C@@H]1[C@@H](O[C@@H](C(OCCS(=O)(=O)C2=CC=CC=C2)=O)C)[C@H](OC(=O)C)[C@@H](COCC3=CC=CC=C3)O[C@@H]1OCC4=CC=CC=C4,False,True,True,1,83,CC(=O)N[C@H]1[C@@H](OCc2ccccc2)O[C@H](COCc2ccccc2)[C@@H](OC(C)=O)[C@@H]1O[C@H](C)C(=O)OCCS(=O)(=O)c1ccccc1
678,677,N(C(C)=O)[C@@H]1[C@@H](O[C@@H](C(OCCS(=O)(=O)C2=CC=CC=C2)=O)C)[C@H](OC(=O)C)[C@@H]](COC(=O)C3=CC=CC=C3)O[C@@H]1OCC4=CC=CC=C4,N(C(C)=O)[C@@H]1[C@@H](O[C@@H](C(OCCS(=O)(=O)C2=CC=CC=C2)=O)C)[C@H](OC(=O)C)[C@@H](COC(=O)C3=CC=CC=C3)O[C@@H]1OCC4=CC=CC=C4,False,True,True,1,83,CC(=O)N[C@H]1[C@@H](OCc2ccccc2)O[C@H](COC(=O)c2ccccc2)[C@@H](OC(C)=O)[C@@H]1O[C@H](C)C(=O)OCCS(=O)(=O)c1ccccc1
679,678,O([C@H]1[C@H](OCC2=CC=CC=C2)[C@@H](N=[N+]=[N-])[C@@H](OC)O[C@@H]1CN=[N+]=[N-])[C@@H]3[C@H](N=[N+]=[N-])[C@@H](OCC4=CC=CC=C4)[C@H](OC(=O)C)[C@@H]](CN5C(=O)C=6C(C5=O)=CC=CC6)O3,O([C@H]1[C@H](OCC2=CC=CC=C2)[C@@H](N=[N+]=[N-])[C@@H](OC)O[C@@H]1CN=[N+]=[N-])[C@@H]3[C@H](N=[N+]=[N-])[C@@H](OCC4=CC=CC=C4)[C@H](OC(=O)C)[C@@H](CN5C(=O)C=6C(C5=O)=CC=CC6)O3,False,True,True,1,145,CO[C@H]1O[C@H](CN=[N+]=[N-])[C@@H](O[C@H]2O[C@H](CN3C(=O)c4ccccc4C3=O)[C@@H](OC(C)=O)[C@H](OCc3ccccc3)[C@H]2N=[N+]=[N-])[C@H](OCc2ccccc2)[C@H]1N=[N+]=[N-]
680,679,O([C@H]1[C@@H]([C@@H](O)[C@H](OC(=O)C)[C@@H]](COCC2=CC=CC=C2)O1)N3C(=O)C=4C(C3=O)=CC=CC4)[C@H]5[C@H](OCC6=CC=CC=C6)[C@H](OCC[Si](C)(C)C)O[C@@H](C)[C@H]5OC(C)=O,O([C@H]1[C@@H]([C@@H](O)[C@H](OC(=O)C)[C@@H](COCC2=CC=CC=C2)O1)N3C(=O)C=4C(C3=O)=CC=CC4)[C@H]5[C@H](OCC6=CC=CC=C6)[C@H](OCC[Si](C)(C)C)O[C@@H](C)[C@H]5OC(C)=O,False,True,True,1,45,CC(=O)O[C@H]1[C@@H](O[C@@H]2O[C@H](COCc3ccccc3)[C@@H](OC(C)=O)[C@H](O)[C@H]2N2C(=O)c3ccccc3C2=O)[C@H](OCc2ccccc2)[C@H](OCC[Si](C)(C)C)O[C@H]1C
681,680,N(C=C1C(=O)N(C)C(=O)N(C)C1=O)[C@@H]2[C@@H](OCC3=CC=CC=C3)[C@H](OC(=O)C)[C@@H]](COC(=O)C4=CC=CC=C4)O[C@@H]2OC,N(C=C1C(=O)N(C)C(=O)N(C)C1=O)[C@@H]2[C@@H](OCC3=CC=CC=C3)[C@H](OC(=O)C)[C@@H](COC(=O)C4=CC=CC=C4)O[C@@H]2OC,False,True,True,1,78,CO[C@H]1O[C@H](COC(=O)c2ccccc2)[C@@H](OC(C)=O)[C@H](OCc2ccccc2)[C@H]1NC=C1C(=O)N(C)C(=O)N(C)C1=O
682,681,N(C=C1C(=O)N(C)C(=O)N(C)C1=O)[C@@H]2[C@@H](OCC3=CC=CC=C3)[C@H](OC(=O)C)[C@@H]](COC(=O)C4=CC=CC=C4)O[C@@H]2OC,N(C=C1C(=O)N(C)C(=O)N(C)C1=O)[C@@H]2[C@@H](OCC3=CC=CC=C3)[C@H](OC(=O)C)[C@@H](COC(=O)C4=CC=CC=C4)O[C@@H]2OC,False,True,True,1,78,CO[C@H]1O[C@H](COC(=O)c2ccccc2)[C@@H](OC(C)=O)[C@H](OCc2ccccc2)[C@H]1NC=C1C(=O)N(C)C(=O)N(C)C1=O
683,682,N(C=C1C(=O)N(C)C(=O)N(C)C1=O)[C@@H]2[C@@H](OCC3=CC=CC=C3)[C@H](OC(=O)C)[C@@H]](COC(=O)C4=CC=CC=C4)O[C@@H]2OC,N(C=C1C(=O)N(C)C(=O)N(C)C1=O)[C@@H]2[C@@H](OCC3=CC=CC=C3)[C@H](OC(=O)C)[C@@H](COC(=O)C4=CC=CC=C4)O[C@@H]2OC,False,True,True,1,78,CO[C@H]1O[C@H](COC(=O)c2ccccc2)[C@@H](OC(C)=O)[C@H](OCc2ccccc2)[C@H]1NC=C1C(=O)N(C)C(=O)N(C)C1=O
684,683,N(C=C1C(=O)N(C)C(=O)N(C)C1=O)[C@@H]2[C@@H](OCC3=CC=CC=C3)[C@H](OC(=O)C)[C@@H]](COC(=O)C4=CC=CC=C4)O[C@@H]2OC,N(C=C1C(=O)N(C)C(=O)N(C)C1=O)[C@@H]2[C@@H](OCC3=CC=CC=C3)[C@H](OC(=O)C)[C@@H](COC(=O)C4=CC=CC=C4)O[C@@H]2OC,False,True,True,1,78,CO[C@H]1O[C@H](COC(=O)c2ccccc2)[C@@H](OC(C)=O)[C@H](OCc2ccccc2)[C@H]1NC=C1C(=O)N(C)C(=O)N(C)C1=O
685,684,N(C(C)=O)[C@@H]1[C@@H](OC(CCl)=O)[C@H](OC(=O)C)[C@@H]](COCC2=CC=CC=C2)O[C@H]1OCC[Si](C)(C)C,N(C(C)=O)[C@@H]1[C@@H](OC(CCl)=O)[C@H](OC(=O)C)[C@@H](COCC2=CC=CC=C2)O[C@H]1OCC[Si](C)(C)C,False,True,True,1,54,CC(=O)N[C@H]1[C@H](OCC[Si](C)(C)C)O[C@H](COCc2ccccc2)[C@@H](OC(C)=O)[C@@H]1OC(=O)CCl
686,685,O([C@H]1[C@@H]([C@@H](OCC2=CC=CC=C2)[C@H](OC(=O)C)[C@@H]](COCC3=CC=CC=C3)O1)N4C(=O)C=5C(C4=O)=CC=CC5)C6=CC=C(OC)C=C6,O([C@H]1[C@@H]([C@@H](OCC2=CC=CC=C2)[C@H](OC(=O)C)[C@@H](COCC3=CC=CC=C3)O1)N4C(=O)C=5C(C4=O)=CC=CC5)C6=CC=C(OC)C=C6,False,True,True,1,57,COc1ccc(O[C@@H]2O[C@H](COCc3ccccc3)[C@@H](OC(C)=O)[C@H](OCc3ccccc3)[C@H]2N2C(=O)c3ccccc3C2=O)cc1
687,686,O([C@H]1[C@H](OCC2=CC=CC=C2)[C@@H](N=[N+]=[N-])[C@@H](O[C@H]3[C@H](OCC4=CC=CC=C4)[C@@H](N=[N+]=[N-])[C@@H](OC)O[C@@H]3CN=[N+]=[N-])O[C@@H]1CN5C(=O)C=6C(C5=O)=CC=CC6)[C@@H]7[C@H](N=[N+]=[N-])[C@@H](OCC8=CC=CC=C8)[C@H](OC(=O)C)[C@@H]](CN9C(=O)C=%10C(C9=O)=CC=CC%10)O7,O([C@H]1[C@H](OCC2=CC=CC=C2)[C@@H](N=[N+]=[N-])[C@@H](O[C@H]3[C@H](OCC4=CC=CC=C4)[C@@H](N=[N+]=[N-])[C@@H](OC)O[C@@H]3CN=[N+]=[N-])O[C@@H]1CN5C(=O)C=6C(C5=O)=CC=CC6)[C@@H]7[C@H](N=[N+]=[N-])[C@@H](OCC8=CC=CC=C8)[C@H](OC(=O)C)[C@@H](CN9C(=O)C=%10C(C9=O)=CC=CC%10)O7,False,True,True,1,232,CO[C@H]1O[C@H](CN=[N+]=[N-])[C@@H](O[C@H]2O[C@H](CN3C(=O)c4ccccc4C3=O)[C@@H](O[C@H]3O[C@H](CN4C(=O)c5ccccc5C4=O)[C@@H](OC(C)=O)[C@H](OCc4ccccc4)[C@H]3N=[N+]=[N-])[C@H](OCc3ccccc3)[C@H]2N=[N+]=[N-])[C@H](OCc2ccccc2)[C@H]1N=[N+]=[N-]
688,687,O([C@H]1[C@H](OCC2=CC=CC=C2)[C@@H](N=[N+]=[N-])[C@@H](O[C@H]3[C@H](OCC4=CC=CC=C4)[C@@H](N=[N+]=[N-])[C@@H](OC)O[C@@H]3CN=[N+]=[N-])O[C@@H]1CN5C(=O)C=6C(C5=O)=CC=CC6)[C@@H]7[C@H](N=[N+]=[N-])[C@@H](OCC8=CC=CC=C8)[C@H](OC(=O)C)[C@@H]](CN9C(=O)C=%10C(C9=O)=CC=CC%10)O7,O([C@H]1[C@H](OCC2=CC=CC=C2)[C@@H](N=[N+]=[N-])[C@@H](O[C@H]3[C@H](OCC4=CC=CC=C4)[C@@H](N=[N+]=[N-])[C@@H](OC)O[C@@H]3CN=[N+]=[N-])O[C@@H]1CN5C(=O)C=6C(C5=O)=CC=CC6)[C@@H]7[C@H](N=[N+]=[N-])[C@@H](OCC8=CC=CC=C8)[C@H](OC(=O)C)[C@@H](CN9C(=O)C=%10C(C9=O)=CC=CC%10)O7,False,True,True,1,232,CO[C@H]1O[C@H](CN=[N+]=[N-])[C@@H](O[C@H]2O[C@H](CN3C(=O)c4ccccc4C3=O)[C@@H](O[C@H]3O[C@H](CN4C(=O)c5ccccc5C4=O)[C@@H](OC(C)=O)[C@H](OCc4ccccc4)[C@H]3N=[N+]=[N-])[C@H](OCc3ccccc3)[C@H]2N=[N+]=[N-])[C@H](OCc2ccccc2)[C@H]1N=[N+]=[N-]
689,688,O([C@H]1[C@@H]([C@@H](OCC2=CC=CC=C2)[C@H](OC(=O)C)[C@@H]](COCC3=CC=CC=C3)O1)N4C(=O)C=5C(C4=O)=CC=CC5)C6=CC=C(OC)C=C6,O([C@H]1[C@@H]([C@@H](OCC2=CC=CC=C2)[C@H](OC(=O)C)[C@@H](COCC3=CC=CC=C3)O1)N4C(=O)C=5C(C4=O)=CC=CC5)C6=CC=C(OC)C=C6,False,True,True,1,57,COc1ccc(O[C@@H]2O[C@H](COCc3ccccc3)[C@@H](OC(C)=O)[C@H](OCc3ccccc3)[C@H]2N2C(=O)c3ccccc3C2=O)cc1
690,689,O([C@@H]1[C@H]([C@@H](OCC2=CC=CC=C2)[C@H](OC(=O)C)[C@@H]](CN=[N+]=[N-])O1)N3C(=O)C=4C(C3=O)=CC=CC4)[C@H]5[C@H](OCC6=CC=CC=C6)[C@@H]([C@@H](OC)O[C@@H]5CN=[N+]=[N-])N7C(=O)C=8C(C7=O)=CC=CC8,O([C@@H]1[C@H]([C@@H](OCC2=CC=CC=C2)[C@H](OC(=O)C)[C@@H](CN=[N+]=[N-])O1)N3C(=O)C=4C(C3=O)=CC=CC4)[C@H]5[C@H](OCC6=CC=CC=C6)[C@@H]([C@@H](OC)O[C@@H]5CN=[N+]=[N-])N7C(=O)C=8C(C7=O)=CC=CC8,False,True,True,1,57,CO[C@H]1O[C@H](CN=[N+]=[N-])[C@@H](O[C@H]2O[C@H](CN=[N+]=[N-])[C@@H](OC(C)=O)[C@H](OCc3ccccc3)[C@@H]2N2C(=O)c3ccccc3C2=O)[C@H](OCc2ccccc2)[C@@H]1N1C(=O)c2ccccc2C1=O
691,690,N(C(C)=O)[C@@H]1[C@@H](OCC=C)[C@H](OC(=O)C)[C@@H]](COCC2=CC=CC=C2)O[C@@H]1OCC3=CC=CC=C3,N(C(C)=O)[C@@H]1[C@@H](OCC=C)[C@H](OC(=O)C)[C@@H](COCC2=CC=CC=C2)O[C@@H]1OCC3=CC=CC=C3,False,True,True,1,50,C=CCO[C@@H]1[C@@H](NC(C)=O)[C@@H](OCc2ccccc2)O[C@H](COCc2ccccc2)[C@H]1OC(C)=O
692,691,O([C@@H]1[C@@H](OCC2=CC=CC=C2)[C@H](O[C@H]3[C@H](OCC4=CC=CC=C4)[C@@H](OCC5=CC=CC=C5)[C@H](OCC[Si](C)(C)C)O[C@@H]3COCC6=CC=CC=C6)O[C@H](COCC7=CC=CC=C7)[C@@H]1OCC8=CC=CC=C8)[C@H]9[C@@H](NC(C)=O)[C@@H](OCC%10=CC=CC=C%10)[C@H](OC(=O)C)[C@@H]](COCC%11=CC=CC=C%11)O9,O([C@@H]1[C@@H](OCC2=CC=CC=C2)[C@H](O[C@H]3[C@H](OCC4=CC=CC=C4)[C@@H](OCC5=CC=CC=C5)[C@H](OCC[Si](C)(C)C)O[C@@H]3COCC6=CC=CC=C6)O[C@H](COCC7=CC=CC=C7)[C@@H]1OCC8=CC=CC=C8)[C@H]9[C@@H](NC(C)=O)[C@@H](OCC%10=CC=CC=C%10)[C@H](OC(=O)C)[C@@H](COCC%11=CC=CC=C%11)O9,False,True,True,1,238,CC(=O)N[C@@H]1[C@H](O[C@H]2[C@@H](OCc3ccccc3)[C@@H](COCc3ccccc3)O[C@@H](O[C@H]3[C@H](OCc4ccccc4)[C@@H](OCc4ccccc4)[C@H](OCC[Si](C)(C)C)O[C@@H]3COCc3ccccc3)[C@@H]2OCc2ccccc2)O[C@H](COCc2ccccc2)[C@@H](OC(C)=O)[C@@H]1OCc1ccccc1
693,692,O([C@H]1[C@@H](OCC2=CC=CC=C2)[C@@H](COCC3=CC=CC=C3)O[C@@H](OCC[Si](C)(C)C)[C@@H]1OCC4=CC=CC=C4)[C@H]5[C@H](NC(C)=O)[C@@H](O[C@H]6[C@@H](OCC7=CC=CC=C7)[C@H](OCC8=CC=CC=C8)[C@H](OCC9=CC=CC=C9)[C@H](C)O6)[C@H](OC(=O)C)[C@@H]](COCC%10=CC=CC=C%10)O5,O([C@H]1[C@@H](OCC2=CC=CC=C2)[C@@H](COCC3=CC=CC=C3)O[C@@H](OCC[Si](C)(C)C)[C@@H]1OCC4=CC=CC=C4)[C@H]5[C@H](NC(C)=O)[C@@H](O[C@H]6[C@@H](OCC7=CC=CC=C7)[C@H](OCC8=CC=CC=C8)[C@H](OCC9=CC=CC=C9)[C@H](C)O6)[C@H](OC(=O)C)[C@@H](COCC%10=CC=CC=C%10)O5,False,True,True,1,222,CC(=O)N[C@H]1[C@H](O[C@H]2[C@@H](OCc3ccccc3)[C@@H](COCc3ccccc3)O[C@@H](OCC[Si](C)(C)C)[C@@H]2OCc2ccccc2)O[C@H](COCc2ccccc2)[C@@H](OC(C)=O)[C@@H]1O[C@@H]1O[C@@H](C)[C@@H](OCc2ccccc2)[C@@H](OCc2ccccc2)[C@@H]1OCc1ccccc1
694,693,O([C@H]1[C@@H]([C@@H](OCC2=CC=CC=C2)[C@H](OC(=O)C)[C@@H]](COCC3=CC=CC=C3)O1)N4C(=O)C=5C(C4=O)=CC=CC5)[C@H]6[C@H](OCC7=CC=CC=C7)[C@H](N=[N+]=[N-])[C@@H](OC)O[C@@H]6COCC8=CC=CC=C8,O([C@H]1[C@@H]([C@@H](OCC2=CC=CC=C2)[C@H](OC(=O)C)[C@@H](COCC3=CC=CC=C3)O1)N4C(=O)C=5C(C4=O)=CC=CC5)[C@H]6[C@H](OCC7=CC=CC=C7)[C@H](N=[N+]=[N-])[C@@H](OC)O[C@@H]6COCC8=CC=CC=C8,False,True,True,1,57,CO[C@H]1O[C@H](COCc2ccccc2)[C@@H](O[C@@H]2O[C@H](COCc3ccccc3)[C@@H](OC(C)=O)[C@H](OCc3ccccc3)[C@H]2N2C(=O)c3ccccc3C2=O)[C@H](OCc2ccccc2)[C@@H]1N=[N+]=[N-]
695,694,O(CC1=CC=CC=C1)[C@@H]2[C@@H]([C@@H](O[C@H]3[C@H](OCC4=CC=CC=C4)[C@@H]([C@@H](OC)O[C@@H]3CN=[N+]=[N-])N5C(=O)C=6C(C5=O)=CC=CC6)O[C@H](CN=[N+]=[N-])[C@H]2O[C@@H]7[C@H]([C@@H](OCC8=CC=CC=C8)[C@H](OC(=O)C)[C@@H]](CN=[N+]=[N-])O7)N9C(=O)C=%10C(C9=O)=CC=CC%10)N%11C(=O)C=%12C(C%11=O)=CC=CC%12,O(CC1=CC=CC=C1)[C@@H]2[C@@H]([C@@H](O[C@H]3[C@H](OCC4=CC=CC=C4)[C@@H]([C@@H](OC)O[C@@H]3CN=[N+]=[N-])N5C(=O)C=6C(C5=O)=CC=CC6)O[C@H](CN=[N+]=[N-])[C@H]2O[C@@H]7[C@H]([C@@H](OCC8=CC=CC=C8)[C@H](OC(=O)C)[C@@H](CN=[N+]=[N-])O7)N9C(=O)C=%10C(C9=O)=CC=CC%10)N%11C(=O)C=%12C(C%11=O)=CC=CC%12,False,True,True,1,208,CO[C@H]1O[C@H](CN=[N+]=[N-])[C@@H](O[C@H]2O[C@H](CN=[N+]=[N-])[C@@H](O[C@H]3O[C@H](CN=[N+]=[N-])[C@@H](OC(C)=O)[C@H](OCc4ccccc4)[C@@H]3N3C(=O)c4ccccc4C3=O)[C@H](OCc3ccccc3)[C@@H]2N2C(=O)c3ccccc3C2=O)[C@H](OCc2ccccc2)[C@@H]1N1C(=O)c2ccccc2C1=O
696,695,O([C@H]1[C@@H]([C@@H](OC(C)=O)[C@H](OC(=O)C)[C@@H]](COC(=O)C2=CC=CC=C2)O1)N3C(=O)C=4C(C3=O)=CC=CC4)C5=CC=C(OC)C=C5,O([C@H]1[C@@H]([C@@H](OC(C)=O)[C@H](OC(=O)C)[C@@H](COC(=O)C2=CC=CC=C2)O1)N3C(=O)C=4C(C3=O)=CC=CC4)C5=CC=C(OC)C=C5,False,True,True,1,51,COc1ccc(O[C@@H]2O[C@H](COC(=O)c3ccccc3)[C@@H](OC(C)=O)[C@H](OC(C)=O)[C@H]2N2C(=O)c3ccccc3C2=O)cc1
697,696,N(C(C(Cl)(Cl)Cl)=O)[C@@H]1[C@@H](OCC2=CC=CC=C2)[C@H](OC(=O)C)[C@@H]](COCC3=CC=CC=C3)O[C@H]1OCCCCCN(CC4=CC=CC=C4)C(OCC5=CC=CC=C5)=O,N(C(C(Cl)(Cl)Cl)=O)[C@@H]1[C@@H](OCC2=CC=CC=C2)[C@H](OC(=O)C)[C@@H](COCC3=CC=CC=C3)O[C@H]1OCCCCCN(CC4=CC=CC=C4)C(OCC5=CC=CC=C5)=O,False,True,True,1,68,CC(=O)O[C@H]1[C@H](OCc2ccccc2)[C@@H](NC(=O)C(Cl)(Cl)Cl)[C@H](OCCCCCN(Cc2ccccc2)C(=O)OCc2ccccc2)O[C@@H]1COCc1ccccc1
698,697,S([C@H]1[C@@H]([C@@H](OCC2=CC=CC=C2)[C@H](OC(=O)C)[C@@H]](COCC3=CC=CC=C3)O1)N4C(=O)C=5C(C4=O)=CC=CC5)C6=CC=C(C)C=C6,S([C@H]1[C@@H]([C@@H](OCC2=CC=CC=C2)[C@H](OC(=O)C)[C@@H](COCC3=CC=CC=C3)O1)N4C(=O)C=5C(C4=O)=CC=CC5)C6=CC=C(C)C=C6,False,True,True,1,57,CC(=O)O[C@H]1[C@H](OCc2ccccc2)[C@@H](N2C(=O)c3ccccc3C2=O)[C@H](Sc2ccc(C)cc2)O[C@@H]1COCc1ccccc1
699,698,S([C@H]1[C@@H]([C@@H](OCC2=CC=CC=C2)[C@H](OC(=O)C)[C@@H]](COCC3=CC=CC=C3)O1)N4C(=O)C=5C(C4=O)=CC=CC5)C6=CC=CC=C6,S([C@H]1[C@@H]([C@@H](OCC2=CC=CC=C2)[C@H](OC(=O)C)[C@@H](COCC3=CC=CC=C3)O1)N4C(=O)C=5C(C4=O)=CC=CC5)C6=CC=CC=C6,False,True,True,1,57,CC(=O)O[C@H]1[C@H](OCc2ccccc2)[C@@H](N2C(=O)c3ccccc3C2=O)[C@H](Sc2ccccc2)O[C@@H]1COCc1ccccc1
700,699,O(CC1=CC=CC=C1)[C@@H]2[C@@H]([C@@H](O[C@H]3[C@H](OCC4=CC=CC=C4)[C@@H]([C@@H](O[C@H]5[C@H](OCC6=CC=CC=C6)[C@@H]([C@@H](OC)O[C@@H]5CN=[N+]=[N-])N7C(=O)C=8C(C7=O)=CC=CC8)O[C@@H]3CN=[N+]=[N-])N9C(=O)C=%10C(C9=O)=CC=CC%10)O[C@H](CN=[N+]=[N-])[C@H]2O[C@@H]%11[C@H]([C@@H](OCC%12=CC=CC=C%12)[C@H](OC(=O)C)[C@@H]](CN=[N+]=[N-])O%11)N%13C(=O)C=%14C(C%13=O)=CC=CC%14)N%15C(=O)C=%16C(C%15=O)=CC=CC%16,O(CC1=CC=CC=C1)[C@@H]2[C@@H]([C@@H](O[C@H]3[C@H](OCC4=CC=CC=C4)[C@@H]([C@@H](O[C@H]5[C@H](OCC6=CC=CC=C6)[C@@H]([C@@H](OC)O[C@@H]5CN=[N+]=[N-])N7C(=O)C=8C(C7=O)=CC=CC8)O[C@@H]3CN=[N+]=[N-])N9C(=O)C=%10C(C9=O)=CC=CC%10)O[C@H](CN=[N+]=[N-])[C@H]2O[C@@H]%11[C@H]([C@@H](OCC%12=CC=CC=C%12)[C@H](OC(=O)C)[C@@H](CN=[N+]=[N-])O%11)N%13C(=O)C=%14C(C%13=O)=CC=CC%14)N%15C(=O)C=%16C(C%15=O)=CC=CC%16,False,True,True,1,305,CO[C@H]1O[C@H](CN=[N+]=[N-])[C@@H](O[C@H]2O[C@H](CN=[N+]=[N-])[C@@H](O[C@H]3O[C@H](CN=[N+]=[N-])[C@@H](O[C@H]4O[C@H](CN=[N+]=[N-])[C@@H](OC(C)=O)[C@H](OCc5ccccc5)[C@@H]4N4C(=O)c5ccccc5C4=O)[C@H](OCc4ccccc4)[C@@H]3N3C(=O)c4ccccc4C3=O)[C@H](OCc3ccccc3)[C@@H]2N2C(=O)c3ccccc3C2=O)[C@H](OCc2ccccc2)[C@@H]1N1C(=O)c2ccccc2C1=O
701,700,O([C@H]1[C@@H]([C@@H](OC(C)=O)[C@H](OC(=O)C)[C@@H]](COCC2=CC=CC=C2)O1)N3C(=O)C=4C(C3=O)=CC=CC4)[C@H]5[C@H](OC(C)=O)[C@H]([C@H](OC)O[C@@H]5COCC6=CC=CC=C6)N7C(=O)C=8C(C7=O)=CC=CC8,O([C@H]1[C@@H]([C@@H](OC(C)=O)[C@H](OC(=O)C)[C@@H](COCC2=CC=CC=C2)O1)N3C(=O)C=4C(C3=O)=CC=CC4)[C@H]5[C@H](OC(C)=O)[C@H]([C@H](OC)O[C@@H]5COCC6=CC=CC=C6)N7C(=O)C=8C(C7=O)=CC=CC8,False,True,True,1,51,CO[C@@H]1O[C@H](COCc2ccccc2)[C@@H](O[C@@H]2O[C@H](COCc3ccccc3)[C@@H](OC(C)=O)[C@H](OC(C)=O)[C@H]2N2C(=O)c3ccccc3C2=O)[C@H](OC(C)=O)[C@H]1N1C(=O)c2ccccc2C1=O
702,701,O([C@@H]1[C@@H](OCC2=CC=CC=C2)[C@H](O[C@H]3[C@H](OCC4=CC=CC=C4)[C@@H](OCC5=CC=CC=C5)[C@H](OCC[Si](C)(C)C)O[C@@H]3COCC6=CC=CC=C6)O[C@H](COCC7=CC=CC=C7)[C@@H]1OCC8=CC=CC=C8)[C@H]9[C@H](NC(C)=O)[C@@H](O[C@H]%10[C@@H](OCC%11=CC=CC=C%11)[C@H](OCC%12=CC=CC=C%12)[C@H](OCC%13=CC=CC=C%13)[C@H](C)O%10)[C@H](OC(=O)C)[C@@H]](COC%14=CC=C(OC)C=C%14)O9,O([C@@H]1[C@@H](OCC2=CC=CC=C2)[C@H](O[C@H]3[C@H](OCC4=CC=CC=C4)[C@@H](OCC5=CC=CC=C5)[C@H](OCC[Si](C)(C)C)O[C@@H]3COCC6=CC=CC=C6)O[C@H](COCC7=CC=CC=C7)[C@@H]1OCC8=CC=CC=C8)[C@H]9[C@H](NC(C)=O)[C@@H](O[C@H]%10[C@@H](OCC%11=CC=CC=C%11)[C@H](OCC%12=CC=CC=C%12)[C@H](OCC%13=CC=CC=C%13)[C@H](C)O%10)[C@H](OC(=O)C)[C@@H](COC%14=CC=C(OC)C=C%14)O9,False,True,True,1,314,COc1ccc(OC[C@H]2O[C@@H](O[C@H]3[C@@H](OCc4ccccc4)[C@@H](COCc4ccccc4)O[C@@H](O[C@H]4[C@H](OCc5ccccc5)[C@@H](OCc5ccccc5)[C@H](OCC[Si](C)(C)C)O[C@@H]4COCc4ccccc4)[C@@H]3OCc3ccccc3)[C@H](NC(C)=O)[C@@H](O[C@@H]3O[C@@H](C)[C@@H](OCc4ccccc4)[C@@H](OCc4ccccc4)[C@@H]3OCc3ccccc3)[C@@H]2OC(C)=O)cc1
703,702,N(C(C(Cl)(Cl)Cl)=O)[C@@H]1[C@@H](OCC2=CC=CC=C2)[C@H](OC(=O)C)[C@@H]](COC(CCC(C)=O)=O)O[C@H]1OCCCCCN(CC3=CC=CC=C3)C(OCC4=CC=CC=C4)=O,N(C(C(Cl)(Cl)Cl)=O)[C@@H]1[C@@H](OCC2=CC=CC=C2)[C@H](OC(=O)C)[C@@H](COC(CCC(C)=O)=O)O[C@H]1OCCCCCN(CC3=CC=CC=C3)C(OCC4=CC=CC=C4)=O,False,True,True,1,68,CC(=O)CCC(=O)OC[C@H]1O[C@@H](OCCCCCN(Cc2ccccc2)C(=O)OCc2ccccc2)[C@H](NC(=O)C(Cl)(Cl)Cl)[C@@H](OCc2ccccc2)[C@@H]1OC(C)=O
704,703,O([C@H]1[C@@H]([C@@H](OCC=C)[C@H](OC(=O)C)[C@@H]](COCC2=CC=CC=C2)O1)N3C(=O)C=4C(C3=O)=CC=CC4)C5=CC=C(OC)C=C5,O([C@H]1[C@@H]([C@@H](OCC=C)[C@H](OC(=O)C)[C@@H](COCC2=CC=CC=C2)O1)N3C(=O)C=4C(C3=O)=CC=CC4)C5=CC=C(OC)C=C5,False,True,True,1,49,C=CCO[C@H]1[C@H](OC(C)=O)[C@@H](COCc2ccccc2)O[C@@H](Oc2ccc(OC)cc2)[C@@H]1N1C(=O)c2ccccc2C1=O
705,704,O([C@H]1[C@@H]([C@@H](OCC2=CC=CC=C2)[C@H](OC(=O)C)[C@@H]](COCC3=CC=CC=C3)O1)N4C(=O)C=5C(C4=O)=CC=CC5)C6=CC=C(OC)C=C6,O([C@H]1[C@@H]([C@@H](OCC2=CC=CC=C2)[C@H](OC(=O)C)[C@@H](COCC3=CC=CC=C3)O1)N4C(=O)C=5C(C4=O)=CC=CC5)C6=CC=C(OC)C=C6,False,True,True,1,57,COc1ccc(O[C@@H]2O[C@H](COCc3ccccc3)[C@@H](OC(C)=O)[C@H](OCc3ccccc3)[C@H]2N2C(=O)c3ccccc3C2=O)cc1
706,705,O(CC1=CC=CC=C1)[C@@H]2[C@H]([C@H](O[C@H]3[C@H](OCC4=CC=CC=C4)[C@H](N=[N+]=[N-])[C@@H](OC)O[C@@H]3COCC5=CC=CC=C5)O[C@H](COCC6=CC=CC=C6)[C@H]2O[C@H]7[C@@H]([C@@H](OCC8=CC=CC=C8)[C@H](OC(=O)C)[C@@H]](COCC9=CC=CC=C9)O7)N%10C(=O)C=%11C(C%10=O)=CC=CC%11)N%12C(=O)C=%13C(C%12=O)=CC=CC%13,O(CC1=CC=CC=C1)[C@@H]2[C@H]([C@H](O[C@H]3[C@H](OCC4=CC=CC=C4)[C@H](N=[N+]=[N-])[C@@H](OC)O[C@@H]3COCC5=CC=CC=C5)O[C@H](COCC6=CC=CC=C6)[C@H]2O[C@H]7[C@@H]([C@@H](OCC8=CC=CC=C8)[C@H](OC(=O)C)[C@@H](COCC9=CC=CC=C9)O7)N%10C(=O)C=%11C(C%10=O)=CC=CC%11)N%12C(=O)C=%13C(C%12=O)=CC=CC%13,False,True,True,1,196,CO[C@H]1O[C@H](COCc2ccccc2)[C@@H](O[C@@H]2O[C@H](COCc3ccccc3)[C@@H](O[C@@H]3O[C@H](COCc4ccccc4)[C@@H](OC(C)=O)[C@H](OCc4ccccc4)[C@H]3N3C(=O)c4ccccc4C3=O)[C@H](OCc3ccccc3)[C@H]2N2C(=O)c3ccccc3C2=O)[C@H](OCc2ccccc2)[C@@H]1N=[N+]=[N-]
707,706,O([C@H]1[C@@H]([C@@H](OCC2=CC=CC=C2)[C@H](OC(=O)C)[C@@H]](COCC3=CC=CC=C3)O1)N4C(=O)C=5C(C4=O)=CC=CC5)C6=CC=C(OC)C=C6,O([C@H]1[C@@H]([C@@H](OCC2=CC=CC=C2)[C@H](OC(=O)C)[C@@H](COCC3=CC=CC=C3)O1)N4C(=O)C=5C(C4=O)=CC=CC5)C6=CC=C(OC)C=C6,False,True,True,1,57,COc1ccc(O[C@@H]2O[C@H](COCc3ccccc3)[C@@H](OC(C)=O)[C@H](OCc3ccccc3)[C@H]2N2C(=O)c3ccccc3C2=O)cc1
708,707,O([C@@H]1[C@@H](OCC2=CC=CC=C2)[C@H](O[C@H]3[C@H](OCC4=CC=CC=C4)[C@@H](OCC5=CC=CC=C5)[C@H](OCC[Si](C)(C)C)O[C@@H]3COCC6=CC=CC=C6)O[C@H](COCC7=CC=CC=C7)[C@@H]1OCC8=CC=CC=C8)[C@H]9[C@H](NC(C)=O)[C@@H](OCC%10=CC=C(OC)C=C%10)[C@H](OC(=O)C)[C@@H]](COCC%11=CC=CC=C%11)O9,O([C@@H]1[C@@H](OCC2=CC=CC=C2)[C@H](O[C@H]3[C@H](OCC4=CC=CC=C4)[C@@H](OCC5=CC=CC=C5)[C@H](OCC[Si](C)(C)C)O[C@@H]3COCC6=CC=CC=C6)O[C@H](COCC7=CC=CC=C7)[C@@H]1OCC8=CC=CC=C8)[C@H]9[C@H](NC(C)=O)[C@@H](OCC%10=CC=C(OC)C=C%10)[C@H](OC(=O)C)[C@@H](COCC%11=CC=CC=C%11)O9,False,True,True,1,241,COc1ccc(CO[C@@H]2[C@@H](NC(C)=O)[C@H](O[C@H]3[C@@H](OCc4ccccc4)[C@@H](COCc4ccccc4)O[C@@H](O[C@H]4[C@H](OCc5ccccc5)[C@@H](OCc5ccccc5)[C@H](OCC[Si](C)(C)C)O[C@@H]4COCc4ccccc4)[C@@H]3OCc3ccccc3)O[C@H](COCc3ccccc3)[C@H]2OC(C)=O)cc1
709,708,O([C@H]1[C@@H]([C@@H](OCC2=CC=CC=C2)[C@H](OC(=O)C)[C@@H]](COCC3=CC=CC=C3)O1)N4C(=O)C=5C(C4=O)=CC=CC5)C6=CC=C(OC)C=C6,O([C@H]1[C@@H]([C@@H](OCC2=CC=CC=C2)[C@H](OC(=O)C)[C@@H](COCC3=CC=CC=C3)O1)N4C(=O)C=5C(C4=O)=CC=CC5)C6=CC=C(OC)C=C6,False,True,True,1,57,COc1ccc(O[C@@H]2O[C@H](COCc3ccccc3)[C@@H](OC(C)=O)[C@H](OCc3ccccc3)[C@H]2N2C(=O)c3ccccc3C2=O)cc1
710,709,N(C(C)=O)[C@@H]1[C@@H](OCC2=CC=C(OC)C=C2)[C@H](OC(=O)C)[C@@H]](COCC3=CC=CC=C3)O[C@H]1OCC(CCCCCCCCCCCCCC)CCCCCCCCCCCCCC,N(C(C)=O)[C@@H]1[C@@H](OCC2=CC=C(OC)C=C2)[C@H](OC(=O)C)[C@@H](COCC3=CC=CC=C3)O[C@H]1OCC(CCCCCCCCCCCCCC)CCCCCCCCCCCCCC,False,True,True,1,62,CCCCCCCCCCCCCCC(CCCCCCCCCCCCCC)CO[C@@H]1O[C@H](COCc2ccccc2)[C@@H](OC(C)=O)[C@H](OCc2ccc(OC)cc2)[C@H]1NC(C)=O
711,710,O([C@H]1[C@]2([C@](O[C@H](O[C@H]3[C@H](OCC4=CC=CC=C4)[C@H](OC5=CC=C(OC)C=C5)O[C@@H](C)[C@H]3OCC6=CC=CC=C6)[C@@H]1OCC7=CC=CC=C7)(CO[C@H](O2)C8=CC=CC=C8)[H])[H])[C@H]9[C@@H](OCC%10=CC=CC=C%10)[C@H](O[C@H]%11[C@@H]([C@@H](O)[C@H](OC(=O)C)[C@@H]](COCC%12=CC=CC=C%12)O%11)N%13C(=O)C=%14C(C%13=O)=CC=CC%14)[C@H](OCC%15=CC=CC=C%15)[C@H](C)O9,O([C@H]1[C@]2([C@](O[C@H](O[C@H]3[C@H](OCC4=CC=CC=C4)[C@H](OC5=CC=C(OC)C=C5)O[C@@H](C)[C@H]3OCC6=CC=CC=C6)[C@@H]1OCC7=CC=CC=C7)(CO[C@H](O2)C8=CC=CC=C8)[H])[H])[C@H]9[C@@H](OCC%10=CC=CC=C%10)[C@H](O[C@H]%11[C@@H]([C@@H](O)[C@H](OC(=O)C)[C@@H](COCC%12=CC=CC=C%12)O%11)N%13C(=O)C=%14C(C%13=O)=CC=CC%14)[C@H](OCC%15=CC=CC=C%15)[C@H](C)O9,False,True,True,1,242,COc1ccc(O[C@@H]2O[C@@H](C)[C@@H](OCc3ccccc3)[C@@H](O[C@H]3O[C@@H]4CO[C@@H](c5ccccc5)O[C@H]4[C@H](O[C@@H]4O[C@@H](C)[C@@H](OCc5ccccc5)[C@@H](O[C@@H]5O[C@H](COCc6ccccc6)[C@@H](OC(C)=O)[C@H](O)[C@H]5N5C(=O)c6ccccc6C5=O)[C@@H]4OCc4ccccc4)[C@H]3OCc3ccccc3)[C@@H]2OCc2ccccc2)cc1
712,711,S([C@H]1[C@@H]([C@@H](OCC2=CC=CC=C2)[C@H](OC(=O)C)[C@@H]](COCC3=CC=CC=C3)O1)N4C(=O)C=5C(C4=O)=CC=CC5)C6=CC=C(C)C=C6,S([C@H]1[C@@H]([C@@H](OCC2=CC=CC=C2)[C@H](OC(=O)C)[C@@H](COCC3=CC=CC=C3)O1)N4C(=O)C=5C(C4=O)=CC=CC5)C6=CC=C(C)C=C6,False,True,True,1,57,CC(=O)O[C@H]1[C@H](OCc2ccccc2)[C@@H](N2C(=O)c3ccccc3C2=O)[C@H](Sc2ccc(C)cc2)O[C@@H]1COCc1ccccc1
713,712,O([C@@H]1[C@H](OCC2=CC=CC=C2)[C@@H](OCC3=CC=CC=C3)[C@@H](O[C@@H]4[C@@H](NC(C(Cl)(Cl)Cl)=O)[C@H](OCCOCCOCCN=[N+]=[N-])O[C@H](CBr)[C@H]4OCC5=CC=CC=C5)O[C@@H]1C(OCC6=CC=CC=C6)=O)[C@H]7[C@H](NC(C(Cl)(Cl)Cl)=O)[C@@H](O[C@@H]8O[C@H](COC(C)=O)[C@H](OC(C)=O)[C@H](OC(C)=O)[C@H]8O)[C@H](OC(=O)C)[C@@H]](COCC9=CC=CC=C9)O7,O([C@@H]1[C@H](OCC2=CC=CC=C2)[C@@H](OCC3=CC=CC=C3)[C@@H](O[C@@H]4[C@@H](NC(C(Cl)(Cl)Cl)=O)[C@H](OCCOCCOCCN=[N+]=[N-])O[C@H](CBr)[C@H]4OCC5=CC=CC=C5)O[C@@H]1C(OCC6=CC=CC=C6)=O)[C@H]7[C@H](NC(C(Cl)(Cl)Cl)=O)[C@@H](O[C@@H]8O[C@H](COC(C)=O)[C@H](OC(C)=O)[C@H](OC(C)=O)[C@H]8O)[C@H](OC(=O)C)[C@@H](COCC9=CC=CC=C9)O7,False,True,True,1,293,CC(=O)OC[C@H]1O[C@@H](O[C@@H]2[C@@H](NC(=O)C(Cl)(Cl)Cl)[C@H](O[C@@H]3[C@H](OCc4ccccc4)[C@@H](OCc4ccccc4)[C@@H](O[C@@H]4[C@@H](NC(=O)C(Cl)(Cl)Cl)[C@H](OCCOCCOCCN=[N+]=[N-])O[C@H](CBr)[C@H]4OCc4ccccc4)O[C@@H]3C(=O)OCc3ccccc3)O[C@H](COCc3ccccc3)[C@H]2OC(C)=O)[C@H](O)[C@@H](OC(C)=O)[C@H]1OC(C)=O
714,713,O([C@H]1[C@@H]([C@@H](OCC2=CC=CC=C2)[C@H](OC(=O)C)[C@@H]](COCC3=CC=CC=C3)O1)N4C(=O)C=5C(C4=O)=CC=CC5)C6=CC=C(OC)C=C6,O([C@H]1[C@@H]([C@@H](OCC2=CC=CC=C2)[C@H](OC(=O)C)[C@@H](COCC3=CC=CC=C3)O1)N4C(=O)C=5C(C4=O)=CC=CC5)C6=CC=C(OC)C=C6,False,True,True,1,57,COc1ccc(O[C@@H]2O[C@H](COCc3ccccc3)[C@@H](OC(C)=O)[C@H](OCc3ccccc3)[C@H]2N2C(=O)c3ccccc3C2=O)cc1
715,714,O([C@H]1[C@@H]([C@@H](OC(C)=O)[C@H](OC(=O)C)[C@@H]](COC(=O)C2=CC=CC=C2)O1)N3C(=O)C=4C(C3=O)=CC=CC4)C5=CC=C(OC)C=C5,O([C@H]1[C@@H]([C@@H](OC(C)=O)[C@H](OC(=O)C)[C@@H](COC(=O)C2=CC=CC=C2)O1)N3C(=O)C=4C(C3=O)=CC=CC4)C5=CC=C(OC)C=C5,False,True,True,1,51,COc1ccc(O[C@@H]2O[C@H](COC(=O)c3ccccc3)[C@@H](OC(C)=O)[C@H](OC(C)=O)[C@H]2N2C(=O)c3ccccc3C2=O)cc1
716,715,O([C@H]1[C@@H]([C@@H](OCC2=CC=CC=C2)[C@H](OC(=O)C)[C@@H]](COCC3=CC=CC=C3)O1)N4C(=O)C=5C(C4=O)=CC=CC5)[C@H]6[C@H](OCC7=CC=CC=C7)[C@H](N=[N+]=[N-])[C@@H](OCC8=CC=CC=C8)O[C@@H]6COCC9=CC=CC=C9,O([C@H]1[C@@H]([C@@H](OCC2=CC=CC=C2)[C@H](OC(=O)C)[C@@H](COCC3=CC=CC=C3)O1)N4C(=O)C=5C(C4=O)=CC=CC5)[C@H]6[C@H](OCC7=CC=CC=C7)[C@H](N=[N+]=[N-])[C@@H](OCC8=CC=CC=C8)O[C@@H]6COCC9=CC=CC=C9,False,True,True,1,57,CC(=O)O[C@H]1[C@H](OCc2ccccc2)[C@@H](N2C(=O)c3ccccc3C2=O)[C@H](O[C@H]2[C@H](OCc3ccccc3)[C@H](N=[N+]=[N-])[C@@H](OCc3ccccc3)O[C@@H]2COCc2ccccc2)O[C@@H]1COCc1ccccc1
717,716,N(C(C(Cl)(Cl)Cl)=O)[C@@H]1[C@@H](OCC2=CC=CC=C2)[C@H](OC(=O)C)[C@@H]](COCC3=CC=CC=C3)O[C@H]1OCCCCCN(CC4=CC=CC=C4)C(OCC5=CC=CC=C5)=O,N(C(C(Cl)(Cl)Cl)=O)[C@@H]1[C@@H](OCC2=CC=CC=C2)[C@H](OC(=O)C)[C@@H](COCC3=CC=CC=C3)O[C@H]1OCCCCCN(CC4=CC=CC=C4)C(OCC5=CC=CC=C5)=O,False,True,True,1,68,CC(=O)O[C@H]1[C@H](OCc2ccccc2)[C@@H](NC(=O)C(Cl)(Cl)Cl)[C@H](OCCCCCN(Cc2ccccc2)C(=O)OCc2ccccc2)O[C@@H]1COCc1ccccc1
718,717,O([C@H]1[C@@H]([C@@H](OCC2=CC=CC=C2)[C@H](OC(=O)C)[C@@H]](COCC3=CC=CC=C3)O1)N4C(=O)C=5C(C4=O)=CC=CC5)[C@H]6[C@@H](OCC7=CC=CC=C7)[C@H](OCC8=CC=CC=C8)[C@@H](COCC9=CC=CC=C9)O[C@@H]6OCC=C,O([C@H]1[C@@H]([C@@H](OCC2=CC=CC=C2)[C@H](OC(=O)C)[C@@H](COCC3=CC=CC=C3)O1)N4C(=O)C=5C(C4=O)=CC=CC5)[C@H]6[C@@H](OCC7=CC=CC=C7)[C@H](OCC8=CC=CC=C8)[C@@H](COCC9=CC=CC=C9)O[C@@H]6OCC=C,False,True,True,1,57,C=CCO[C@H]1O[C@H](COCc2ccccc2)[C@@H](OCc2ccccc2)[C@H](OCc2ccccc2)[C@@H]1O[C@@H]1O[C@H](COCc2ccccc2)[C@@H](OC(C)=O)[C@H](OCc2ccccc2)[C@H]1N1C(=O)c2ccccc2C1=O
719,718,O([C@@H]1[C@@H](OCC2=CC=CC=C2)[C@H](O[C@H]3[C@H](OCC4=CC=CC=C4)[C@@H](OCC5=CC=CC=C5)[C@H](OC6=CC=C(OC)C=C6)O[C@@H]3COCC7=CC=CC=C7)O[C@H](COCC8=CC=CC=C8)[C@@H]1OC(C)=O)[C@H]9[C@@H]([C@@H](O)[C@H](OC(=O)C)[C@@H]](COCC%10=CC=CC=C%10)O9)N%11C(=O)C=%12C(C%11=O)=CC=CC%12,O([C@@H]1[C@@H](OCC2=CC=CC=C2)[C@H](O[C@H]3[C@H](OCC4=CC=CC=C4)[C@@H](OCC5=CC=CC=C5)[C@H](OC6=CC=C(OC)C=C6)O[C@@H]3COCC7=CC=CC=C7)O[C@H](COCC8=CC=CC=C8)[C@@H]1OC(C)=O)[C@H]9[C@@H]([C@@H](O)[C@H](OC(=O)C)[C@@H](COCC%10=CC=CC=C%10)O9)N%11C(=O)C=%12C(C%11=O)=CC=CC%12,False,True,True,1,210,COc1ccc(O[C@@H]2O[C@H](COCc3ccccc3)[C@@H](O[C@@H]3O[C@H](COCc4ccccc4)[C@H](OC(C)=O)[C@H](O[C@@H]4O[C@H](COCc5ccccc5)[C@@H](OC(C)=O)[C@H](O)[C@H]4N4C(=O)c5ccccc5C4=O)[C@H]3OCc3ccccc3)[C@H](OCc3ccccc3)[C@H]2OCc2ccccc2)cc1
720,719,O([C@H]1[C@@H]([C@@H](OCC2=CC=CC=C2)[C@H](OC(=O)C)[C@@H]](COCC3=CC=CC=C3)O1)N4C(=O)C=5C(C4=O)=CC=CC5)C6=CC=C(OC)C=C6,O([C@H]1[C@@H]([C@@H](OCC2=CC=CC=C2)[C@H](OC(=O)C)[C@@H](COCC3=CC=CC=C3)O1)N4C(=O)C=5C(C4=O)=CC=CC5)C6=CC=C(OC)C=C6,False,True,True,1,57,COc1ccc(O[C@@H]2O[C@H](COCc3ccccc3)[C@@H](OC(C)=O)[C@H](OCc3ccccc3)[C@H]2N2C(=O)c3ccccc3C2=O)cc1
721,720,O([C@H]1[C@@H]([C@@H](OCC2=CC=CC=C2)[C@H](OC(=O)C)[C@@H]](COCC3=CC=CC=C3)O1)N4C(=O)C=5C(C4=O)=CC=CC5)C6=CC=C(OC)C=C6,O([C@H]1[C@@H]([C@@H](OCC2=CC=CC=C2)[C@H](OC(=O)C)[C@@H](COCC3=CC=CC=C3)O1)N4C(=O)C=5C(C4=O)=CC=CC5)C6=CC=C(OC)C=C6,False,True,True,1,57,COc1ccc(O[C@@H]2O[C@H](COCc3ccccc3)[C@@H](OC(C)=O)[C@H](OCc3ccccc3)[C@H]2N2C(=O)c3ccccc3C2=O)cc1
722,721,O([C@H]1[C@@H]([C@@H](OCC2=CC=CC=C2)[C@H](OC(=O)C)[C@@H]](COCC3=CC=CC=C3)O1)N4C(=O)C=5C(C4=O)=CC=CC5)C6=CC=C(OC)C=C6,O([C@H]1[C@@H]([C@@H](OCC2=CC=CC=C2)[C@H](OC(=O)C)[C@@H](COCC3=CC=CC=C3)O1)N4C(=O)C=5C(C4=O)=CC=CC5)C6=CC=C(OC)C=C6,False,True,True,1,57,COc1ccc(O[C@@H]2O[C@H](COCc3ccccc3)[C@@H](OC(C)=O)[C@H](OCc3ccccc3)[C@H]2N2C(=O)c3ccccc3C2=O)cc1
723,722,O([Si](C(C(C)C)(C)C)(C)C)[C@H]1[C@@H]([C@@H](OCC2=CC=CC=C2)[C@H](OC(=O)C)[C@@H]](COCC3=CC=CC=C3)O1)N4C(=O)C=5C(C4=O)=CC=CC5,O([Si](C(C(C)C)(C)C)(C)C)[C@H]1[C@@H]([C@@H](OCC2=CC=CC=C2)[C@H](OC(=O)C)[C@@H](COCC3=CC=CC=C3)O1)N4C(=O)C=5C(C4=O)=CC=CC5,False,True,True,1,80,CC(=O)O[C@H]1[C@H](OCc2ccccc2)[C@@H](N2C(=O)c3ccccc3C2=O)[C@H](O[Si](C)(C)C(C)(C)C(C)C)O[C@@H]1COCc1ccccc1
724,723,O([C@@H]1[C@@H](OC(=O)C2=CC=CC=C2)[C@H](OCCCCCN(CC3=CC=CC=C3)C(OCC4=CC=CC=C4)=O)O[C@H](COCC5=CC=CC=C5)[C@@H]1OCC6=CC=CC=C6)[C@H]7[C@H](NC(C(Cl)(Cl)Cl)=O)[C@@H](OC(CCC(C)=O)=O)[C@H](OC(=O)C)[C@@H]](COCC8=CC=CC=C8)O7,O([C@@H]1[C@@H](OC(=O)C2=CC=CC=C2)[C@H](OCCCCCN(CC3=CC=CC=C3)C(OCC4=CC=CC=C4)=O)O[C@H](COCC5=CC=CC=C5)[C@@H]1OCC6=CC=CC=C6)[C@H]7[C@H](NC(C(Cl)(Cl)Cl)=O)[C@@H](OC(CCC(C)=O)=O)[C@H](OC(=O)C)[C@@H](COCC8=CC=CC=C8)O7,False,True,True,1,196,CC(=O)CCC(=O)O[C@@H]1[C@@H](NC(=O)C(Cl)(Cl)Cl)[C@H](O[C@H]2[C@@H](OCc3ccccc3)[C@@H](COCc3ccccc3)O[C@@H](OCCCCCN(Cc3ccccc3)C(=O)OCc3ccccc3)[C@@H]2OC(=O)c2ccccc2)O[C@H](COCc2ccccc2)[C@H]1OC(C)=O
725,724,S([C@H]1[C@@H]([C@@H](OCC2=CC=CC=C2)[C@H](OC(=O)C)[C@@H]](COCC3=CC=CC=C3)O1)N4C(=O)C=5C(C4=O)=CC=CC5)C6=CC=C(C)C=C6,S([C@H]1[C@@H]([C@@H](OCC2=CC=CC=C2)[C@H](OC(=O)C)[C@@H](COCC3=CC=CC=C3)O1)N4C(=O)C=5C(C4=O)=CC=CC5)C6=CC=C(C)C=C6,False,True,True,1,57,CC(=O)O[C@H]1[C@H](OCc2ccccc2)[C@@H](N2C(=O)c3ccccc3C2=O)[C@H](Sc2ccc(C)cc2)O[C@@H]1COCc1ccccc1
726,725,O([C@H]1[C@@H]([C@@H](OCC2=CC=CC=C2)[C@H](OC(=O)C)[C@@H]](COCC3=CC=CC=C3)O1)N4C(=O)C=5C(C4=O)=CC=CC5)C6=CC=CC=C6,O([C@H]1[C@@H]([C@@H](OCC2=CC=CC=C2)[C@H](OC(=O)C)[C@@H](COCC3=CC=CC=C3)O1)N4C(=O)C=5C(C4=O)=CC=CC5)C6=CC=CC=C6,False,True,True,1,57,CC(=O)O[C@H]1[C@H](OCc2ccccc2)[C@@H](N2C(=O)c3ccccc3C2=O)[C@H](Oc2ccccc2)O[C@@H]1COCc1ccccc1
727,726,S([C@H]1[C@@H]([C@@H](OCC2=CC=CC=C2)[C@H](OC(=O)C)[C@@H]](COCC3=CC=CC=C3)O1)N4C(=O)C=5C(C4=O)=CC=CC5)C6=CC=C(C)C=C6,S([C@H]1[C@@H]([C@@H](OCC2=CC=CC=C2)[C@H](OC(=O)C)[C@@H](COCC3=CC=CC=C3)O1)N4C(=O)C=5C(C4=O)=CC=CC5)C6=CC=C(C)C=C6,False,True,True,1,57,CC(=O)O[C@H]1[C@H](OCc2ccccc2)[C@@H](N2C(=O)c3ccccc3C2=O)[C@H](Sc2ccc(C)cc2)O[C@@H]1COCc1ccccc1
728,727,O([Si](C(C)(C)C)(C)C)[C@H]1[C@@H]([C@@H](OCC2=CC=CC=C2)[C@H](OC(=O)C)[C@@H]](COCC3=CC=CC=C3)O1)N4C(=O)C=5C(C4=O)=CC=CC5,O([Si](C(C)(C)C)(C)C)[C@H]1[C@@H]([C@@H](OCC2=CC=CC=C2)[C@H](OC(=O)C)[C@@H](COCC3=CC=CC=C3)O1)N4C(=O)C=5C(C4=O)=CC=CC5,False,True,True,1,76,CC(=O)O[C@H]1[C@H](OCc2ccccc2)[C@@H](N2C(=O)c3ccccc3C2=O)[C@H](O[Si](C)(C)C(C)(C)C)O[C@@H]1COCc1ccccc1
729,728,O([C@H]1[C@H](OCC2=CC=CC=C2)[C@@H](NC(OCC3C=4C(C=5C3=CC=CC5)=CC=CC4)=O)[C@@H](OCCCC#C)O[C@@H]1CO[Si](C(C)(C)C)(C6=CC=CC=C6)C7=CC=CC=C7)[C@H]8[C@H](OCC9=CC=CC=C9)[C@@H](OCC%10=CC=CC=C%10)[C@H](O[C@@H]%11[C@H](N=[N+]=[N-])[C@@H](OCC%12=CC=CC=C%12)[C@H](OC(=O)C)[C@@H]](CO[Si](C(C)(C)C)(C%13=CC=CC=C%13)C%14=CC=CC=C%14)O%11)[C@H](C(OC)=O)O8,O([C@H]1[C@H](OCC2=CC=CC=C2)[C@@H](NC(OCC3C=4C(C=5C3=CC=CC5)=CC=CC4)=O)[C@@H](OCCCC#C)O[C@@H]1CO[Si](C(C)(C)C)(C6=CC=CC=C6)C7=CC=CC=C7)[C@H]8[C@H](OCC9=CC=CC=C9)[C@@H](OCC%10=CC=CC=C%10)[C@H](O[C@@H]%11[C@H](N=[N+]=[N-])[C@@H](OCC%12=CC=CC=C%12)[C@H](OC(=O)C)[C@@H](CO[Si](C(C)(C)C)(C%13=CC=CC=C%13)C%14=CC=CC=C%14)O%11)[C@H](C(OC)=O)O8,False,True,True,1,266,C#CCCCO[C@H]1O[C@H](CO[Si](c2ccccc2)(c2ccccc2)C(C)(C)C)[C@@H](O[C@@H]2O[C@@H](C(=O)OC)[C@@H](O[C@H]3O[C@H](CO[Si](c4ccccc4)(c4ccccc4)C(C)(C)C)[C@@H](OC(C)=O)[C@H](OCc4ccccc4)[C@H]3N=[N+]=[N-])[C@H](OCc3ccccc3)[C@H]2OCc2ccccc2)[C@H](OCc2ccccc2)[C@H]1NC(=O)OCC1c2ccccc2-c2ccccc21
730,729,N(C=C1C(=O)N(C)C(=O)N(C)C1=O)[C@@H]2[C@@H](OCC3=CC=CC=C3)[C@H](OC(=O)C)[C@@H]](COC(=O)C4=CC=CC=C4)O[C@@H]2OC,N(C=C1C(=O)N(C)C(=O)N(C)C1=O)[C@@H]2[C@@H](OCC3=CC=CC=C3)[C@H](OC(=O)C)[C@@H](COC(=O)C4=CC=CC=C4)O[C@@H]2OC,False,True,True,1,78,CO[C@H]1O[C@H](COC(=O)c2ccccc2)[C@@H](OC(C)=O)[C@H](OCc2ccccc2)[C@H]1NC=C1C(=O)N(C)C(=O)N(C)C1=O
731,730,N(C=C1C(=O)N(C)C(=O)N(C)C1=O)[C@@H]2[C@@H](OCC3=CC=CC=C3)[C@H](OC(=O)C)[C@@H]](COC(=O)C4=CC=CC=C4)O[C@@H]2OC,N(C=C1C(=O)N(C)C(=O)N(C)C1=O)[C@@H]2[C@@H](OCC3=CC=CC=C3)[C@H](OC(=O)C)[C@@H](COC(=O)C4=CC=CC=C4)O[C@@H]2OC,False,True,True,1,78,CO[C@H]1O[C@H](COC(=O)c2ccccc2)[C@@H](OC(C)=O)[C@H](OCc2ccccc2)[C@H]1NC=C1C(=O)N(C)C(=O)N(C)C1=O
732,731,O(C[C@@H]1[C@@H](OC(C)=O)[C@H](OC(C)=O)[C@@H](OC(C)=O)[C@@H](OC)O1)[C@H]2[C@@H]([C@@H](OC(C)=O)[C@H](OC(=O)C)[C@@H]](COC(=O)C3=CC=CC=C3)O2)N4C(=O)C=5C(C4=O)=CC=CC5,O(C[C@@H]1[C@@H](OC(C)=O)[C@H](OC(C)=O)[C@@H](OC(C)=O)[C@@H](OC)O1)[C@H]2[C@@H]([C@@H](OC(C)=O)[C@H](OC(=O)C)[C@@H](COC(=O)C3=CC=CC=C3)O2)N4C(=O)C=5C(C4=O)=CC=CC5,False,True,True,1,116,CO[C@H]1O[C@H](CO[C@@H]2O[C@H](COC(=O)c3ccccc3)[C@@H](OC(C)=O)[C@H](OC(C)=O)[C@H]2N2C(=O)c3ccccc3C2=O)[C@@H](OC(C)=O)[C@H](OC(C)=O)[C@H]1OC(C)=O
733,732,O([C@H]1[C@@H]([C@@H](OCC2=CC=CC=C2)[C@H](OC(=O)C)[C@@H]](COCC3=CC=CC=C3)O1)N4C(=O)C=5C(C4=O)=CC=CC5)[C@H]6[C@@H](OCC7=CC=CC=C7)[C@H](OCC8=CC=CC=C8)[C@@H](COCC9=CC=CC=C9)O[C@@H]6OCCCCCCCC,O([C@H]1[C@@H]([C@@H](OCC2=CC=CC=C2)[C@H](OC(=O)C)[C@@H](COCC3=CC=CC=C3)O1)N4C(=O)C=5C(C4=O)=CC=CC5)[C@H]6[C@@H](OCC7=CC=CC=C7)[C@H](OCC8=CC=CC=C8)[C@@H](COCC9=CC=CC=C9)O[C@@H]6OCCCCCCCC,False,True,True,1,57,CCCCCCCCO[C@H]1O[C@H](COCc2ccccc2)[C@@H](OCc2ccccc2)[C@H](OCc2ccccc2)[C@@H]1O[C@@H]1O[C@H](COCc2ccccc2)[C@@H](OC(C)=O)[C@H](OCc2ccccc2)[C@H]1N1C(=O)c2ccccc2C1=O
734,733,S([C@H]1[C@@H]([C@@H](OC(C)=O)[C@H](OC(=O)C)[C@@H]](COCC2=CC=CC=C2)O1)N3C(=O)C=4C(C3=O)=CC=CC4)C5=CC=CC=C5,S([C@H]1[C@@H]([C@@H](OC(C)=O)[C@H](OC(=O)C)[C@@H](COCC2=CC=CC=C2)O1)N3C(=O)C=4C(C3=O)=CC=CC4)C5=CC=CC=C5,False,True,True,1,51,CC(=O)O[C@H]1[C@H](OC(C)=O)[C@@H](COCc2ccccc2)O[C@@H](Sc2ccccc2)[C@@H]1N1C(=O)c2ccccc2C1=O
735,734,S([C@H]1[C@@H]([C@@H](OC(C)=O)[C@H](OC(=O)C)[C@@H]](COCC2=CC=CC=C2)O1)N3C(=O)C=4C(C3=O)=CC=CC4)C5=CC=CC=C5,S([C@H]1[C@@H]([C@@H](OC(C)=O)[C@H](OC(=O)C)[C@@H](COCC2=CC=CC=C2)O1)N3C(=O)C=4C(C3=O)=CC=CC4)C5=CC=CC=C5,False,True,True,1,51,CC(=O)O[C@H]1[C@H](OC(C)=O)[C@@H](COCc2ccccc2)O[C@@H](Sc2ccccc2)[C@@H]1N1C(=O)c2ccccc2C1=O
736,735,O([C@H]1[C@H](OCC2=CC=CC=C2)[C@@H](OCC3=CC=CC=C3)[C@H](OCC[Si](C)(C)C)O[C@@H]1COCC4=CC=CC=C4)[C@H]5[C@H](OCC6=CC=CC=C6)[C@@H](OCC7=CC=CC=C7)[C@@H](OC(C)=O)[C@@H](CO[C@H]8[C@H](NC(C)=O)[C@@H](OCC9=CC=CC=C9)[C@H](OC(=O)C)[C@@H]](COCC%10=CC=CC=C%10)O8)O5,O([C@H]1[C@H](OCC2=CC=CC=C2)[C@@H](OCC3=CC=CC=C3)[C@H](OCC[Si](C)(C)C)O[C@@H]1COCC4=CC=CC=C4)[C@H]5[C@H](OCC6=CC=CC=C6)[C@@H](OCC7=CC=CC=C7)[C@@H](OC(C)=O)[C@@H](CO[C@H]8[C@H](NC(C)=O)[C@@H](OCC9=CC=CC=C9)[C@H](OC(=O)C)[C@@H](COCC%10=CC=CC=C%10)O8)O5,False,True,True,1,226,CC(=O)N[C@H]1[C@H](OC[C@H]2O[C@@H](O[C@H]3[C@H](OCc4ccccc4)[C@@H](OCc4ccccc4)[C@H](OCC[Si](C)(C)C)O[C@@H]3COCc3ccccc3)[C@H](OCc3ccccc3)[C@@H](OCc3ccccc3)[C@H]2OC(C)=O)O[C@H](COCc2ccccc2)[C@@H](OC(C)=O)[C@@H]1OCc1ccccc1
737,736,O(CC1=CC=CC=C1)[C@@H]2[C@H]([C@H](O[C@H]3[C@H](OCC4=CC=CC=C4)[C@H](N=[N+]=[N-])[C@@H](OCC5=CC=CC=C5)O[C@@H]3COCC6=CC=CC=C6)O[C@H](COCC7=CC=CC=C7)[C@H]2O[C@H]8[C@@H]([C@@H](OCC9=CC=CC=C9)[C@H](OC(=O)C)[C@@H]](COCC%10=CC=CC=C%10)O8)N%11C(=O)C=%12C(C%11=O)=CC=CC%12)N%13C(=O)C=%14C(C%13=O)=CC=CC%14,O(CC1=CC=CC=C1)[C@@H]2[C@H]([C@H](O[C@H]3[C@H](OCC4=CC=CC=C4)[C@H](N=[N+]=[N-])[C@@H](OCC5=CC=CC=C5)O[C@@H]3COCC6=CC=CC=C6)O[C@H](COCC7=CC=CC=C7)[C@H]2O[C@H]8[C@@H]([C@@H](OCC9=CC=CC=C9)[C@H](OC(=O)C)[C@@H](COCC%10=CC=CC=C%10)O8)N%11C(=O)C=%12C(C%11=O)=CC=CC%12)N%13C(=O)C=%14C(C%13=O)=CC=CC%14,False,True,True,1,207,CC(=O)O[C@H]1[C@H](OCc2ccccc2)[C@@H](N2C(=O)c3ccccc3C2=O)[C@H](O[C@H]2[C@H](OCc3ccccc3)[C@@H](N3C(=O)c4ccccc4C3=O)[C@H](O[C@H]3[C@H](OCc4ccccc4)[C@H](N=[N+]=[N-])[C@@H](OCc4ccccc4)O[C@@H]3COCc3ccccc3)O[C@@H]2COCc2ccccc2)O[C@@H]1COCc1ccccc1
738,737,O([C@H]1[C@@H]([C@@H](OCC2=CC=CC=C2)[C@H](OC(=O)C)[C@@H]](COC(=O)C3=CC=CC=C3)O1)N4C(=O)C=5C(C4=O)=CC=CC5)[C@@H]6[C@@H](OC(=O)C7=CC=CC=C7)[C@H](OC8=CC=C(OC)C=C8)O[C@H](COC(=O)C9=CC=CC=C9)[C@@H]6OCC%10=CC=CC=C%10,O([C@H]1[C@@H]([C@@H](OCC2=CC=CC=C2)[C@H](OC(=O)C)[C@@H](COC(=O)C3=CC=CC=C3)O1)N4C(=O)C=5C(C4=O)=CC=CC5)[C@@H]6[C@@H](OC(=O)C7=CC=CC=C7)[C@H](OC8=CC=C(OC)C=C8)O[C@H](COC(=O)C9=CC=CC=C9)[C@@H]6OCC%10=CC=CC=C%10,False,True,True,1,57,COc1ccc(O[C@@H]2O[C@H](COC(=O)c3ccccc3)[C@H](OCc3ccccc3)[C@H](O[C@@H]3O[C@H](COC(=O)c4ccccc4)[C@@H](OC(C)=O)[C@H](OCc4ccccc4)[C@H]3N3C(=O)c4ccccc4C3=O)[C@H]2OC(=O)c2ccccc2)cc1
739,738,O([C@H]1[C@@H]([C@@H](OCC2=CC=CC=C2)[C@H](OC(=O)C)[C@@H]](COCC3=CC=CC=C3)O1)N4C(=O)C=5C(C4=O)=CC=CC5)[C@H]6[C@@H](OCC7=CC=CC=C7)[C@H](OCC8=CC=CC=C8)[C@@H](COCC9=CC=CC=C9)O[C@@H]6OCCCCCCCC,O([C@H]1[C@@H]([C@@H](OCC2=CC=CC=C2)[C@H](OC(=O)C)[C@@H](COCC3=CC=CC=C3)O1)N4C(=O)C=5C(C4=O)=CC=CC5)[C@H]6[C@@H](OCC7=CC=CC=C7)[C@H](OCC8=CC=CC=C8)[C@@H](COCC9=CC=CC=C9)O[C@@H]6OCCCCCCCC,False,True,True,1,57,CCCCCCCCO[C@H]1O[C@H](COCc2ccccc2)[C@@H](OCc2ccccc2)[C@H](OCc2ccccc2)[C@@H]1O[C@@H]1O[C@H](COCc2ccccc2)[C@@H](OC(C)=O)[C@H](OCc2ccccc2)[C@H]1N1C(=O)c2ccccc2C1=O
740,739,O([C@H]1[C@H](OCC2=CC=CC=C2)[C@@H](OC(=O)C3=CC=CC=C3)[C@H](OCCCCCCNC(OCC4=CC=CC=C4)=O)O[C@@H]1C(OC)=O)[C@@H]5[C@H](NC(OCC(Cl)(Cl)Cl)=O)[C@@H](OCC6=CC=CC=C6)[C@H](OC(=O)C)[C@@H]](COCC7=CC8=C(C=C7)C=CC=C8)O5,O([C@H]1[C@H](OCC2=CC=CC=C2)[C@@H](OC(=O)C3=CC=CC=C3)[C@H](OCCCCCCNC(OCC4=CC=CC=C4)=O)O[C@@H]1C(OC)=O)[C@@H]5[C@H](NC(OCC(Cl)(Cl)Cl)=O)[C@@H](OCC6=CC=CC=C6)[C@H](OC(=O)C)[C@@H](COCC7=CC8=C(C=C7)C=CC=C8)O5,False,True,True,1,177,COC(=O)[C@H]1O[C@@H](OCCCCCCNC(=O)OCc2ccccc2)[C@H](OC(=O)c2ccccc2)[C@@H](OCc2ccccc2)[C@@H]1O[C@H]1O[C@H](COCc2ccc3ccccc3c2)[C@@H](OC(C)=O)[C@H](OCc2ccccc2)[C@H]1NC(=O)OCC(Cl)(Cl)Cl
741,740,O([C@H]1[C@@H]([C@@H](OCC2=CC=CC=C2)[C@H](OC(=O)C)[C@@H]](COCC3=CC=CC=C3)O1)N4C(=O)C=5C(C4=O)=CC=CC5)C6=CC=C(OC)C=C6,O([C@H]1[C@@H]([C@@H](OCC2=CC=CC=C2)[C@H](OC(=O)C)[C@@H](COCC3=CC=CC=C3)O1)N4C(=O)C=5C(C4=O)=CC=CC5)C6=CC=C(OC)C=C6,False,True,True,1,57,COc1ccc(O[C@@H]2O[C@H](COCc3ccccc3)[C@@H](OC(C)=O)[C@H](OCc3ccccc3)[C@H]2N2C(=O)c3ccccc3C2=O)cc1
742,741,O([C@H]1[C@@H]([C@@H](OCC2=CC=CC=C2)[C@H](OC(=O)C)[C@@H]](COCC3=CC=CC=C3)O1)N4C(=O)C=5C(C4=O)=CC=CC5)C6=CC=C(OC)C=C6,O([C@H]1[C@@H]([C@@H](OCC2=CC=CC=C2)[C@H](OC(=O)C)[C@@H](COCC3=CC=CC=C3)O1)N4C(=O)C=5C(C4=O)=CC=CC5)C6=CC=C(OC)C=C6,False,True,True,1,57,COc1ccc(O[C@@H]2O[C@H](COCc3ccccc3)[C@@H](OC(C)=O)[C@H](OCc3ccccc3)[C@H]2N2C(=O)c3ccccc3C2=O)cc1
743,742,O([C@H]1[C@@H]([C@@H](OC(C)=O)[C@H](OC(=O)C)[C@@H]](COCC2=CC=CC=C2)O1)N3C(=O)C=4C(C3=O)=CC=CC4)[C@H]5[C@H](OC(C)=O)[C@@H](N=[N+]=[N-])[C@H](O[Si](C(C)(C)C)(C)C)O[C@@H]5COCC6=CC=CC=C6,O([C@H]1[C@@H]([C@@H](OC(C)=O)[C@H](OC(=O)C)[C@@H](COCC2=CC=CC=C2)O1)N3C(=O)C=4C(C3=O)=CC=CC4)[C@H]5[C@H](OC(C)=O)[C@@H](N=[N+]=[N-])[C@H](O[Si](C(C)(C)C)(C)C)O[C@@H]5COCC6=CC=CC=C6,False,True,True,1,51,CC(=O)O[C@@H]1[C@@H](N=[N+]=[N-])[C@H](O[Si](C)(C)C(C)(C)C)O[C@H](COCc2ccccc2)[C@H]1O[C@@H]1O[C@H](COCc2ccccc2)[C@@H](OC(C)=O)[C@H](OC(C)=O)[C@H]1N1C(=O)c2ccccc2C1=O
744,743,O(CC1=CC=C(OC)C=C1)[C@H]2[C@@H]([C@@H](OC(C)=O)[C@H](OC(=O)C)[C@@H]](CO[Si](C(C)(C)C)(C)C)O2)N3C(=O)C=4C(C3=O)=CC=CC4,O(CC1=CC=C(OC)C=C1)[C@H]2[C@@H]([C@@H](OC(C)=O)[C@H](OC(=O)C)[C@@H](CO[Si](C(C)(C)C)(C)C)O2)N3C(=O)C=4C(C3=O)=CC=CC4,False,True,True,1,68,COc1ccc(CO[C@@H]2O[C@H](CO[Si](C)(C)C(C)(C)C)[C@@H](OC(C)=O)[C@H](OC(C)=O)[C@H]2N2C(=O)c3ccccc3C2=O)cc1
745,744,O([C@H]1[C@@H]([C@@H](OCC2=CC=CC=C2)[C@H](OC(=O)C)[C@@H]](COC(=O)C3=CC=CC=C3)O1)N4C(=O)C=5C(C4=O)=CC=CC5)[C@@H]6[C@@H](OC(=O)C7=CC=CC=C7)[C@H](O[C@H]8[C@H](OCC9=CC=CC=C9)[C@@H](OCC%10=CC=CC=C%10)[C@H](OCC%11=CC=CC=C%11)O[C@@H]8COCC%12=CC=CC=C%12)O[C@H](COC(=O)C%13=CC=CC=C%13)[C@@H]6OCC%14=CC=CC=C%14,O([C@H]1[C@@H]([C@@H](OCC2=CC=CC=C2)[C@H](OC(=O)C)[C@@H](COC(=O)C3=CC=CC=C3)O1)N4C(=O)C=5C(C4=O)=CC=CC5)[C@@H]6[C@@H](OC(=O)C7=CC=CC=C7)[C@H](O[C@H]8[C@H](OCC9=CC=CC=C9)[C@@H](OCC%10=CC=CC=C%10)[C@H](OCC%11=CC=CC=C%11)O[C@@H]8COCC%12=CC=CC=C%12)O[C@H](COC(=O)C%13=CC=CC=C%13)[C@@H]6OCC%14=CC=CC=C%14,False,True,True,1,57,CC(=O)O[C@H]1[C@H](OCc2ccccc2)[C@@H](N2C(=O)c3ccccc3C2=O)[C@H](O[C@H]2[C@@H](OCc3ccccc3)[C@@H](COC(=O)c3ccccc3)O[C@@H](O[C@H]3[C@H](OCc4ccccc4)[C@@H](OCc4ccccc4)[C@H](OCc4ccccc4)O[C@@H]3COCc3ccccc3)[C@@H]2OC(=O)c2ccccc2)O[C@@H]1COC(=O)c1ccccc1
746,745,O([C@H]1[C@H](OC(C)=O)[C@@H](OC(OCC(Cl)(Cl)Cl)=O)[C@H](OCC=C)O[C@H]1C(OC)=O)[C@@H]2[C@H](NC(C(F)(F)F)=O)[C@@H](OC(C)=O)[C@H](OC(=O)C)[C@@H]](COCC3=CC4=C(C=C3)C=CC=C4)O2,O([C@H]1[C@H](OC(C)=O)[C@@H](OC(OCC(Cl)(Cl)Cl)=O)[C@H](OCC=C)O[C@H]1C(OC)=O)[C@@H]2[C@H](NC(C(F)(F)F)=O)[C@@H](OC(C)=O)[C@H](OC(=O)C)[C@@H](COCC3=CC4=C(C=C3)C=CC=C4)O2,False,True,True,1,140,C=CCO[C@@H]1O[C@@H](C(=O)OC)[C@@H](O[C@H]2O[C@H](COCc3ccc4ccccc4c3)[C@@H](OC(C)=O)[C@H](OC(C)=O)[C@H]2NC(=O)C(F)(F)F)[C@H](OC(C)=O)[C@H]1OC(=O)OCC(Cl)(Cl)Cl
747,746,O([C@H]1[C@H](OC(C)=O)[C@@H](OC(OCC(Cl)(Cl)Cl)=O)[C@H](OCC=C)O[C@H]1C(OC)=O)[C@@H]2[C@H](NC(C(F)(F)F)=O)[C@@H](OC(C)=O)[C@H](OC(=O)C)[C@@H]](COCC3=CC4=C(C=C3)C=CC=C4)O2,O([C@H]1[C@H](OC(C)=O)[C@@H](OC(OCC(Cl)(Cl)Cl)=O)[C@H](OCC=C)O[C@H]1C(OC)=O)[C@@H]2[C@H](NC(C(F)(F)F)=O)[C@@H](OC(C)=O)[C@H](OC(=O)C)[C@@H](COCC3=CC4=C(C=C3)C=CC=C4)O2,False,True,True,1,140,C=CCO[C@@H]1O[C@@H](C(=O)OC)[C@@H](O[C@H]2O[C@H](COCc3ccc4ccccc4c3)[C@@H](OC(C)=O)[C@H](OC(C)=O)[C@H]2NC(=O)C(F)(F)F)[C@H](OC(C)=O)[C@H]1OC(=O)OCC(Cl)(Cl)Cl
748,747,O([C@H]1[C@H](OCC2=CC3=C(C=C2)C=CC=C3)[C@@H](N=[N+]=[N-])[C@H](OCCCCCN(CC4=CC=CC=C4)C(OCC5=CC=CC=C5)=O)O[C@@H]1COCC6=CC=CC=C6)[C@H]7[C@@H](N=[N+]=[N-])[C@@H](OCC8=CC=CC=C8)[C@H](OC(=O)C)[C@@H]](COCC9=CC=CC=C9)O7,O([C@H]1[C@H](OCC2=CC3=C(C=C2)C=CC=C3)[C@@H](N=[N+]=[N-])[C@H](OCCCCCN(CC4=CC=CC=C4)C(OCC5=CC=CC=C5)=O)O[C@@H]1COCC6=CC=CC=C6)[C@H]7[C@@H](N=[N+]=[N-])[C@@H](OCC8=CC=CC=C8)[C@H](OC(=O)C)[C@@H](COCC9=CC=CC=C9)O7,False,True,True,1,193,CC(=O)O[C@H]1[C@H](OCc2ccccc2)[C@H](N=[N+]=[N-])[C@H](O[C@H]2[C@H](OCc3ccc4ccccc4c3)[C@@H](N=[N+]=[N-])[C@H](OCCCCCN(Cc3ccccc3)C(=O)OCc3ccccc3)O[C@@H]2COCc2ccccc2)O[C@@H]1COCc1ccccc1
749,748,O(CC1=CC=CC=C1)[C@@H]2[C@H]([C@H](OCC3=CC=CC=C3)O[C@H](COCC4=CC=CC=C4)[C@H]2O[C@H]5[C@@H]([C@@H](OCC6=CC=CC=C6)[C@H](OC(=O)C)[C@@H]](COCC7=CC=CC=C7)O5)N8C(=O)C=9C(C8=O)=CC=CC9)N%10C(=O)C=%11C(C%10=O)=CC=CC%11,O(CC1=CC=CC=C1)[C@@H]2[C@H]([C@H](OCC3=CC=CC=C3)O[C@H](COCC4=CC=CC=C4)[C@H]2O[C@H]5[C@@H]([C@@H](OCC6=CC=CC=C6)[C@H](OC(=O)C)[C@@H](COCC7=CC=CC=C7)O5)N8C(=O)C=9C(C8=O)=CC=CC9)N%10C(=O)C=%11C(C%10=O)=CC=CC%11,False,True,True,1,132,CC(=O)O[C@H]1[C@H](OCc2ccccc2)[C@@H](N2C(=O)c3ccccc3C2=O)[C@H](O[C@H]2[C@H](OCc3ccccc3)[C@@H](N3C(=O)c4ccccc4C3=O)[C@H](OCc3ccccc3)O[C@@H]2COCc2ccccc2)O[C@@H]1COCc1ccccc1
750,749,O(CC1=CC=CC=C1)[C@@H]2[C@H]([C@H](OCC3=CC=CC=C3)O[C@H](COCC4=CC=CC=C4)[C@H]2O[C@H]5[C@@H]([C@@H](OCC6=CC=CC=C6)[C@H](OC(=O)C)[C@@H]](COCC7=CC=CC=C7)O5)N8C(=O)C=9C(C8=O)=CC=CC9)N%10C(=O)C=%11C(C%10=O)=CC=CC%11,O(CC1=CC=CC=C1)[C@@H]2[C@H]([C@H](OCC3=CC=CC=C3)O[C@H](COCC4=CC=CC=C4)[C@H]2O[C@H]5[C@@H]([C@@H](OCC6=CC=CC=C6)[C@H](OC(=O)C)[C@@H](COCC7=CC=CC=C7)O5)N8C(=O)C=9C(C8=O)=CC=CC9)N%10C(=O)C=%11C(C%10=O)=CC=CC%11,False,True,True,1,132,CC(=O)O[C@H]1[C@H](OCc2ccccc2)[C@@H](N2C(=O)c3ccccc3C2=O)[C@H](O[C@H]2[C@H](OCc3ccccc3)[C@@H](N3C(=O)c4ccccc4C3=O)[C@H](OCc3ccccc3)O[C@@H]2COCc2ccccc2)O[C@@H]1COCc1ccccc1
751,750,O(CC1=CC=CC=C1)[C@@H]2[C@H]([C@H](OCC3=CC=CC=C3)O[C@H](COCC4=CC=CC=C4)[C@H]2O[C@H]5[C@@H]([C@@H](OCC6=CC=CC=C6)[C@H](OC(=O)C)[C@@H]](COCC7=CC=CC=C7)O5)N8C(=O)C=9C(C8=O)=CC=CC9)N%10C(=O)C=%11C(C%10=O)=CC=CC%11,O(CC1=CC=CC=C1)[C@@H]2[C@H]([C@H](OCC3=CC=CC=C3)O[C@H](COCC4=CC=CC=C4)[C@H]2O[C@H]5[C@@H]([C@@H](OCC6=CC=CC=C6)[C@H](OC(=O)C)[C@@H](COCC7=CC=CC=C7)O5)N8C(=O)C=9C(C8=O)=CC=CC9)N%10C(=O)C=%11C(C%10=O)=CC=CC%11,False,True,True,1,132,CC(=O)O[C@H]1[C@H](OCc2ccccc2)[C@@H](N2C(=O)c3ccccc3C2=O)[C@H](O[C@H]2[C@H](OCc3ccccc3)[C@@H](N3C(=O)c4ccccc4C3=O)[C@H](OCc3ccccc3)O[C@@H]2COCc2ccccc2)O[C@@H]1COCc1ccccc1
752,751,O([C@H]1[C@H](OCC2=CC=CC=C2)[C@@H](NC(OCC(Cl)(Cl)Cl)=O)[C@@H](O[C@H]3[C@H](OCC4=CC=CC=C4)[C@@H](OC(=O)C5=CC=CC=C5)[C@H](OCCCCCCNC(OCC6=CC=CC=C6)=O)O[C@@H]3C(OC)=O)O[C@@H]1COCC7=CC8=C(C=C7)C=CC=C8)[C@H]9[C@H](OC(=O)C%10=CC=CC=C%10)[C@@H](OCC%11=CC=CC=C%11)[C@H](O[C@@H]%12[C@H](NC(OCC(Cl)(Cl)Cl)=O)[C@@H](OCC%13=CC=CC=C%13)[C@H](OC(=O)C)[C@@H]](COCC%14=CC%15=C(C=C%14)C=CC=C%15)O%12)[C@@H](C(OC)=O)O9,O([C@H]1[C@H](OCC2=CC=CC=C2)[C@@H](NC(OCC(Cl)(Cl)Cl)=O)[C@@H](O[C@H]3[C@H](OCC4=CC=CC=C4)[C@@H](OC(=O)C5=CC=CC=C5)[C@H](OCCCCCCNC(OCC6=CC=CC=C6)=O)O[C@@H]3C(OC)=O)O[C@@H]1COCC7=CC8=C(C=C7)C=CC=C8)[C@H]9[C@H](OC(=O)C%10=CC=CC=C%10)[C@@H](OCC%11=CC=CC=C%11)[C@H](O[C@@H]%12[C@H](NC(OCC(Cl)(Cl)Cl)=O)[C@@H](OCC%13=CC=CC=C%13)[C@H](OC(=O)C)[C@@H](COCC%14=CC%15=C(C=C%14)C=CC=C%15)O%12)[C@@H](C(OC)=O)O9,False,True,True,1,343,COC(=O)[C@H]1O[C@@H](OCCCCCCNC(=O)OCc2ccccc2)[C@H](OC(=O)c2ccccc2)[C@@H](OCc2ccccc2)[C@@H]1O[C@H]1O[C@H](COCc2ccc3ccccc3c2)[C@@H](O[C@@H]2O[C@H](C(=O)OC)[C@@H](O[C@H]3O[C@H](COCc4ccc5ccccc5c4)[C@@H](OC(C)=O)[C@H](OCc4ccccc4)[C@H]3NC(=O)OCC(Cl)(Cl)Cl)[C@H](OCc3ccccc3)[C@H]2OC(=O)c2ccccc2)[C@H](OCc2ccccc2)[C@H]1NC(=O)OCC(Cl)(Cl)Cl
753,752,O([C@H]1[C@@H]([C@@H](OCC2=CC=CC=C2)[C@H](OC(=O)C)[C@@H]](COCC3=CC=CC=C3)O1)N4C(=O)C=5C(C4=O)=CC=CC5)C6=CC=C(OC)C=C6,O([C@H]1[C@@H]([C@@H](OCC2=CC=CC=C2)[C@H](OC(=O)C)[C@@H](COCC3=CC=CC=C3)O1)N4C(=O)C=5C(C4=O)=CC=CC5)C6=CC=C(OC)C=C6,False,True,True,1,57,COc1ccc(O[C@@H]2O[C@H](COCc3ccccc3)[C@@H](OC(C)=O)[C@H](OCc3ccccc3)[C@H]2N2C(=O)c3ccccc3C2=O)cc1
754,753,O([C@H]1[C@@H]([C@@H](OCC2=CC=CC=C2)[C@H](OC(=O)C)[C@@H]](COCC3=CC=CC=C3)O1)N4C(=O)C=5C(C4=O)=CC=CC5)C6=CC=C(OC)C=C6,O([C@H]1[C@@H]([C@@H](OCC2=CC=CC=C2)[C@H](OC(=O)C)[C@@H](COCC3=CC=CC=C3)O1)N4C(=O)C=5C(C4=O)=CC=CC5)C6=CC=C(OC)C=C6,False,True,True,1,57,COc1ccc(O[C@@H]2O[C@H](COCc3ccccc3)[C@@H](OC(C)=O)[C@H](OCc3ccccc3)[C@H]2N2C(=O)c3ccccc3C2=O)cc1
755,754,S([C@H]1[C@@H]([C@@H](OCC2=CC=CC=C2)[C@H](OC(=O)C)[C@@H]](COCC3=CC=CC=C3)O1)N4C(=O)C=5C(C4=O)=CC=CC5)C6=CC=C(C)C=C6,S([C@H]1[C@@H]([C@@H](OCC2=CC=CC=C2)[C@H](OC(=O)C)[C@@H](COCC3=CC=CC=C3)O1)N4C(=O)C=5C(C4=O)=CC=CC5)C6=CC=C(C)C=C6,False,True,True,1,57,CC(=O)O[C@H]1[C@H](OCc2ccccc2)[C@@H](N2C(=O)c3ccccc3C2=O)[C@H](Sc2ccc(C)cc2)O[C@@H]1COCc1ccccc1
756,755,O(CC1=CC=CC=C1)[C@@H]2[C@H]([C@H](OCC[Si](C)(C)C)O[C@H](COCC3=CC=CC=C3)[C@H]2O[C@H]4[C@@H]([C@@H](OCC5=CC=CC=C5)[C@H](OC(=O)C)[C@@H]](COCC6=CC=CC=C6)O4)N7C(=O)C=8C(C7=O)=CC=CC8)N9C(=O)C=%10C(C9=O)=CC=CC%10,O(CC1=CC=CC=C1)[C@@H]2[C@H]([C@H](OCC[Si](C)(C)C)O[C@H](COCC3=CC=CC=C3)[C@H]2O[C@H]4[C@@H]([C@@H](OCC5=CC=CC=C5)[C@H](OC(=O)C)[C@@H](COCC6=CC=CC=C6)O4)N7C(=O)C=8C(C7=O)=CC=CC8)N9C(=O)C=%10C(C9=O)=CC=CC%10,False,True,True,1,133,CC(=O)O[C@H]1[C@H](OCc2ccccc2)[C@@H](N2C(=O)c3ccccc3C2=O)[C@H](O[C@H]2[C@H](OCc3ccccc3)[C@@H](N3C(=O)c4ccccc4C3=O)[C@H](OCC[Si](C)(C)C)O[C@@H]2COCc2ccccc2)O[C@@H]1COCc1ccccc1
757,756,O([C@H]1[C@@H]([C@@H](OCC2=CC=CC=C2)[C@H](OC(=O)C)[C@@H]](COCC3=CC=CC=C3)O1)N4C(=O)C=5C(C4=O)=CC=CC5)[C@H]6[C@@H](OCC7=CC=CC=C7)[C@H](OCC8=CC=CC=C8)[C@@H](COCC9=CC=CC=C9)O[C@@H]6OCCCCCCCC,O([C@H]1[C@@H]([C@@H](OCC2=CC=CC=C2)[C@H](OC(=O)C)[C@@H](COCC3=CC=CC=C3)O1)N4C(=O)C=5C(C4=O)=CC=CC5)[C@H]6[C@@H](OCC7=CC=CC=C7)[C@H](OCC8=CC=CC=C8)[C@@H](COCC9=CC=CC=C9)O[C@@H]6OCCCCCCCC,False,True,True,1,57,CCCCCCCCO[C@H]1O[C@H](COCc2ccccc2)[C@@H](OCc2ccccc2)[C@H](OCc2ccccc2)[C@@H]1O[C@@H]1O[C@H](COCc2ccccc2)[C@@H](OC(C)=O)[C@H](OCc2ccccc2)[C@H]1N1C(=O)c2ccccc2C1=O
758,757,O([Si](C(C)(C)C)(C)C)[C@H]1[C@@H]([C@@H](OCC2=CC=CC=C2)[C@H](OC(=O)C)[C@@H]](COCC3=CC=CC=C3)O1)N4C(=O)C=5C(C4=O)=CC=CC5,O([Si](C(C)(C)C)(C)C)[C@H]1[C@@H]([C@@H](OCC2=CC=CC=C2)[C@H](OC(=O)C)[C@@H](COCC3=CC=CC=C3)O1)N4C(=O)C=5C(C4=O)=CC=CC5,False,True,True,1,76,CC(=O)O[C@H]1[C@H](OCc2ccccc2)[C@@H](N2C(=O)c3ccccc3C2=O)[C@H](O[Si](C)(C)C(C)(C)C)O[C@@H]1COCc1ccccc1
759,758,O([C@H]1[C@@H]([C@@H](OCC=C)[C@H](OC(=O)C)[C@@H]](COCC2=CC=CC=C2)O1)N3C(=O)C=4C(C3=O)=CC=CC4)[C@H]5[C@@H](OCC6=CC=CC=C6)[C@@H](COCC7=CC=CC=C7)O[C@H](OCCCCCN=[N+]=[N-])[C@@H]5OCC8=CC=CC=C8,O([C@H]1[C@@H]([C@@H](OCC=C)[C@H](OC(=O)C)[C@@H](COCC2=CC=CC=C2)O1)N3C(=O)C=4C(C3=O)=CC=CC4)[C@H]5[C@@H](OCC6=CC=CC=C6)[C@@H](COCC7=CC=CC=C7)O[C@H](OCCCCCN=[N+]=[N-])[C@@H]5OCC8=CC=CC=C8,False,True,True,1,49,C=CCO[C@H]1[C@H](OC(C)=O)[C@@H](COCc2ccccc2)O[C@@H](O[C@H]2[C@@H](OCc3ccccc3)[C@@H](COCc3ccccc3)O[C@H](OCCCCCN=[N+]=[N-])[C@@H]2OCc2ccccc2)[C@@H]1N1C(=O)c2ccccc2C1=O
760,759,O([C@H]1[C@@H]([C@@H](OC(CCl)=O)[C@H](OC(=O)C)[C@@H]](COCC2=CC=CC=C2)O1)N3C(=O)C=4C(C3=O)=CC=CC4)C5=CC=C(OC)C=C5,O([C@H]1[C@@H]([C@@H](OC(CCl)=O)[C@H](OC(=O)C)[C@@H](COCC2=CC=CC=C2)O1)N3C(=O)C=4C(C3=O)=CC=CC4)C5=CC=C(OC)C=C5,False,True,True,1,53,COc1ccc(O[C@@H]2O[C@H](COCc3ccccc3)[C@@H](OC(C)=O)[C@H](OC(=O)CCl)[C@H]2N2C(=O)c3ccccc3C2=O)cc1
761,760,O(C(C)=O)[C@@H]1[C@H]([C@H](O[C@H]2[C@H](OC(C)=O)[C@@H](N=[N+]=[N-])[C@H](O[Si](C(C)(C)C)(C)C)O[C@@H]2COCC3=CC=CC=C3)O[C@H](COCC4=CC=CC=C4)[C@H]1O[C@H]5[C@@H]([C@@H](OC(C)=O)[C@H](OC(=O)C)[C@@H]](COCC6=CC=CC=C6)O5)N7C(=O)C=8C(C7=O)=CC=CC8)N9C(=O)C=%10C(C9=O)=CC=CC%10,O(C(C)=O)[C@@H]1[C@H]([C@H](O[C@H]2[C@H](OC(C)=O)[C@@H](N=[N+]=[N-])[C@H](O[Si](C(C)(C)C)(C)C)O[C@@H]2COCC3=CC=CC=C3)O[C@H](COCC4=CC=CC=C4)[C@H]1O[C@H]5[C@@H]([C@@H](OC(C)=O)[C@H](OC(=O)C)[C@@H](COCC6=CC=CC=C6)O5)N7C(=O)C=8C(C7=O)=CC=CC8)N9C(=O)C=%10C(C9=O)=CC=CC%10,False,True,True,1,195,CC(=O)O[C@@H]1[C@@H](N=[N+]=[N-])[C@H](O[Si](C)(C)C(C)(C)C)O[C@H](COCc2ccccc2)[C@H]1O[C@@H]1O[C@H](COCc2ccccc2)[C@@H](O[C@@H]2O[C@H](COCc3ccccc3)[C@@H](OC(C)=O)[C@H](OC(C)=O)[C@H]2N2C(=O)c3ccccc3C2=O)[C@H](OC(C)=O)[C@H]1N1C(=O)c2ccccc2C1=O
762,761,O(CC1=CC=CC=C1)[C@@H]2[C@H]([C@H](OC3=CC=C(OC)C=C3)O[C@H](COCC4=CC=CC=C4)[C@H]2O[C@H]5[C@@H]([C@@H](OCC6=CC=CC=C6)[C@H](OC(=O)C)[C@@H]](COCC7=CC=CC=C7)O5)N8C(=O)C=9C(C8=O)=CC=CC9)N%10C(=O)C=%11C(C%10=O)=CC=CC%11,O(CC1=CC=CC=C1)[C@@H]2[C@H]([C@H](OC3=CC=C(OC)C=C3)O[C@H](COCC4=CC=CC=C4)[C@H]2O[C@H]5[C@@H]([C@@H](OCC6=CC=CC=C6)[C@H](OC(=O)C)[C@@H](COCC7=CC=CC=C7)O5)N8C(=O)C=9C(C8=O)=CC=CC9)N%10C(=O)C=%11C(C%10=O)=CC=CC%11,False,True,True,1,135,COc1ccc(O[C@@H]2O[C@H](COCc3ccccc3)[C@@H](O[C@@H]3O[C@H](COCc4ccccc4)[C@@H](OC(C)=O)[C@H](OCc4ccccc4)[C@H]3N3C(=O)c4ccccc4C3=O)[C@H](OCc3ccccc3)[C@H]2N2C(=O)c3ccccc3C2=O)cc1
763,762,O([C@H]1[C@@H]([C@@H](OC(C)=O)[C@H](OC(=O)C)[C@@H]](COCC2=CC=CC=C2)O1)N3C(=O)C=4C(C3=O)=CC=CC4)[C@H]5[C@H](OC(C)=O)[C@@H](N=[N+]=[N-])[C@H](O[Si](C(C)(C)C)(C)C)O[C@@H]5COCC6=CC=CC=C6,O([C@H]1[C@@H]([C@@H](OC(C)=O)[C@H](OC(=O)C)[C@@H](COCC2=CC=CC=C2)O1)N3C(=O)C=4C(C3=O)=CC=CC4)[C@H]5[C@H](OC(C)=O)[C@@H](N=[N+]=[N-])[C@H](O[Si](C(C)(C)C)(C)C)O[C@@H]5COCC6=CC=CC=C6,False,True,True,1,51,CC(=O)O[C@@H]1[C@@H](N=[N+]=[N-])[C@H](O[Si](C)(C)C(C)(C)C)O[C@H](COCc2ccccc2)[C@H]1O[C@@H]1O[C@H](COCc2ccccc2)[C@@H](OC(C)=O)[C@H](OC(C)=O)[C@H]1N1C(=O)c2ccccc2C1=O
764,763,O([C@H]1[C@@H]([C@@H](OC(C)=O)[C@H](OC(=O)C)[C@@H]](COCC2=CC=CC=C2)O1)N3C(=O)C=4C(C3=O)=CC=CC4)[C@H]5[C@H](OC(C)=O)[C@@H](N=[N+]=[N-])[C@H](O[Si](C(C)(C)C)(C)C)O[C@@H]5COCC6=CC=CC=C6,O([C@H]1[C@@H]([C@@H](OC(C)=O)[C@H](OC(=O)C)[C@@H](COCC2=CC=CC=C2)O1)N3C(=O)C=4C(C3=O)=CC=CC4)[C@H]5[C@H](OC(C)=O)[C@@H](N=[N+]=[N-])[C@H](O[Si](C(C)(C)C)(C)C)O[C@@H]5COCC6=CC=CC=C6,False,True,True,1,51,CC(=O)O[C@@H]1[C@@H](N=[N+]=[N-])[C@H](O[Si](C)(C)C(C)(C)C)O[C@H](COCc2ccccc2)[C@H]1O[C@@H]1O[C@H](COCc2ccccc2)[C@@H](OC(C)=O)[C@H](OC(C)=O)[C@H]1N1C(=O)c2ccccc2C1=O
765,764,O(CC1=CC=CC=C1)[C@@H]2[C@H]([C@H](OCC3=CC=CC=C3)O[C@H](COCC4=CC=CC=C4)[C@H]2O[C@H]5[C@@H]([C@@H](OCC6=CC=CC=C6)[C@H](OC(=O)C)[C@@H]](COCC7=CC=CC=C7)O5)N8C(=O)C=9C(C8=O)=CC=CC9)N%10C(=O)C=%11C(C%10=O)=CC=CC%11,O(CC1=CC=CC=C1)[C@@H]2[C@H]([C@H](OCC3=CC=CC=C3)O[C@H](COCC4=CC=CC=C4)[C@H]2O[C@H]5[C@@H]([C@@H](OCC6=CC=CC=C6)[C@H](OC(=O)C)[C@@H](COCC7=CC=CC=C7)O5)N8C(=O)C=9C(C8=O)=CC=CC9)N%10C(=O)C=%11C(C%10=O)=CC=CC%11,False,True,True,1,132,CC(=O)O[C@H]1[C@H](OCc2ccccc2)[C@@H](N2C(=O)c3ccccc3C2=O)[C@H](O[C@H]2[C@H](OCc3ccccc3)[C@@H](N3C(=O)c4ccccc4C3=O)[C@H](OCc3ccccc3)O[C@@H]2COCc2ccccc2)O[C@@H]1COCc1ccccc1
766,765,O(CC1=CC=CC=C1)[C@@H]2[C@H]([C@H](OCC3=CC=CC=C3)O[C@H](COCC4=CC=CC=C4)[C@H]2O[C@H]5[C@@H]([C@@H](OCC6=CC=CC=C6)[C@H](OC(=O)C)[C@@H]](COCC7=CC=CC=C7)O5)N8C(=O)C=9C(C8=O)=CC=CC9)N%10C(=O)C=%11C(C%10=O)=CC=CC%11,O(CC1=CC=CC=C1)[C@@H]2[C@H]([C@H](OCC3=CC=CC=C3)O[C@H](COCC4=CC=CC=C4)[C@H]2O[C@H]5[C@@H]([C@@H](OCC6=CC=CC=C6)[C@H](OC(=O)C)[C@@H](COCC7=CC=CC=C7)O5)N8C(=O)C=9C(C8=O)=CC=CC9)N%10C(=O)C=%11C(C%10=O)=CC=CC%11,False,True,True,1,132,CC(=O)O[C@H]1[C@H](OCc2ccccc2)[C@@H](N2C(=O)c3ccccc3C2=O)[C@H](O[C@H]2[C@H](OCc3ccccc3)[C@@H](N3C(=O)c4ccccc4C3=O)[C@H](OCc3ccccc3)O[C@@H]2COCc2ccccc2)O[C@@H]1COCc1ccccc1
767,766,O(CC1=CC=CC=C1)[C@@H]2[C@H]([C@H](OCC3=CC=CC=C3)O[C@H](COCC4=CC=CC=C4)[C@H]2O[C@H]5[C@@H]([C@@H](OCC6=CC=CC=C6)[C@H](OC(=O)C)[C@@H]](COCC7=CC=CC=C7)O5)N8C(=O)C=9C(C8=O)=CC=CC9)N%10C(=O)C=%11C(C%10=O)=CC=CC%11,O(CC1=CC=CC=C1)[C@@H]2[C@H]([C@H](OCC3=CC=CC=C3)O[C@H](COCC4=CC=CC=C4)[C@H]2O[C@H]5[C@@H]([C@@H](OCC6=CC=CC=C6)[C@H](OC(=O)C)[C@@H](COCC7=CC=CC=C7)O5)N8C(=O)C=9C(C8=O)=CC=CC9)N%10C(=O)C=%11C(C%10=O)=CC=CC%11,False,True,True,1,132,CC(=O)O[C@H]1[C@H](OCc2ccccc2)[C@@H](N2C(=O)c3ccccc3C2=O)[C@H](O[C@H]2[C@H](OCc3ccccc3)[C@@H](N3C(=O)c4ccccc4C3=O)[C@H](OCc3ccccc3)O[C@@H]2COCc2ccccc2)O[C@@H]1COCc1ccccc1
768,767,O(CC1=CC=CC=C1)[C@@H]2[C@H]([C@H](OCC3=CC=CC=C3)O[C@H](COCC4=CC=CC=C4)[C@H]2O[C@H]5[C@@H]([C@@H](OCC6=CC=CC=C6)[C@H](OC(=O)C)[C@@H]](COCC7=CC=CC=C7)O5)N8C(=O)C=9C(C8=O)=CC=CC9)N%10C(=O)C=%11C(C%10=O)=CC=CC%11,O(CC1=CC=CC=C1)[C@@H]2[C@H]([C@H](OCC3=CC=CC=C3)O[C@H](COCC4=CC=CC=C4)[C@H]2O[C@H]5[C@@H]([C@@H](OCC6=CC=CC=C6)[C@H](OC(=O)C)[C@@H](COCC7=CC=CC=C7)O5)N8C(=O)C=9C(C8=O)=CC=CC9)N%10C(=O)C=%11C(C%10=O)=CC=CC%11,False,True,True,1,132,CC(=O)O[C@H]1[C@H](OCc2ccccc2)[C@@H](N2C(=O)c3ccccc3C2=O)[C@H](O[C@H]2[C@H](OCc3ccccc3)[C@@H](N3C(=O)c4ccccc4C3=O)[C@H](OCc3ccccc3)O[C@@H]2COCc2ccccc2)O[C@@H]1COCc1ccccc1
769,768,O([C@H]1[C@@H]([C@@H](OCC2=CC=CC=C2)[C@H](OC(=O)C)[C@@H]](COCC3=CC=CC=C3)O1)N4C(=O)C=5C(C4=O)=CC=CC5)[C@@H]6[C@@H](OC(=O)C7=CC=CC=C7)[C@H](O[C@H]8[C@H](OCC9=CC=CC=C9)[C@@H](OCC%10=CC=CC=C%10)[C@H](OCC%11=CC=CC=C%11)O[C@@H]8COCC%12=CC=CC=C%12)O[C@H](COC(=O)C%13=CC=CC=N%13)[C@@H]6OCC%14=CC=CC=C%14,O([C@H]1[C@@H]([C@@H](OCC2=CC=CC=C2)[C@H](OC(=O)C)[C@@H](COCC3=CC=CC=C3)O1)N4C(=O)C=5C(C4=O)=CC=CC5)[C@@H]6[C@@H](OC(=O)C7=CC=CC=C7)[C@H](O[C@H]8[C@H](OCC9=CC=CC=C9)[C@@H](OCC%10=CC=CC=C%10)[C@H](OCC%11=CC=CC=C%11)O[C@@H]8COCC%12=CC=CC=C%12)O[C@H](COC(=O)C%13=CC=CC=N%13)[C@@H]6OCC%14=CC=CC=C%14,False,True,True,1,57,CC(=O)O[C@H]1[C@H](OCc2ccccc2)[C@@H](N2C(=O)c3ccccc3C2=O)[C@H](O[C@H]2[C@@H](OCc3ccccc3)[C@@H](COC(=O)c3ccccn3)O[C@@H](O[C@H]3[C@H](OCc4ccccc4)[C@@H](OCc4ccccc4)[C@H](OCc4ccccc4)O[C@@H]3COCc3ccccc3)[C@@H]2OC(=O)c2ccccc2)O[C@@H]1COCc1ccccc1
770,769,S([C@H]1[C@@H]([C@@H](OC(C)=O)[C@H](OC(=O)C)[C@@H]](COCC2=CC=CC=C2)O1)N3C(=O)C=4C(C3=O)=CC=CC4)C5=CC=CC=C5,S([C@H]1[C@@H]([C@@H](OC(C)=O)[C@H](OC(=O)C)[C@@H](COCC2=CC=CC=C2)O1)N3C(=O)C=4C(C3=O)=CC=CC4)C5=CC=CC=C5,False,True,True,1,51,CC(=O)O[C@H]1[C@H](OC(C)=O)[C@@H](COCc2ccccc2)O[C@@H](Sc2ccccc2)[C@@H]1N1C(=O)c2ccccc2C1=O
771,770,[Si](OC[C@H]1[C@@H](OC(C)=O)[C@@H](O[C@H]2[C@@H](N=[N+]=[N-])[C@@H](OCC3=CC=CC=C3)[C@H](OC(=O)C)[C@@H]](CO[Si](C(C)(C)C)(C)C)O2)[C@H](N=[N+]=[N-])[C@@H](OC)O1)(C(C)(C)C)(C4=CC=CC=C4)C5=CC=CC=C5,[Si](OC[C@H]1[C@@H](OC(C)=O)[C@@H](O[C@H]2[C@@H](N=[N+]=[N-])[C@@H](OCC3=CC=CC=C3)[C@H](OC(=O)C)[C@@H](CO[Si](C(C)(C)C)(C)C)O2)[C@H](N=[N+]=[N-])[C@@H](OC)O1)(C(C)(C)C)(C4=CC=CC=C4)C5=CC=CC=C5,False,True,True,1,103,CO[C@H]1O[C@@H](CO[Si](c2ccccc2)(c2ccccc2)C(C)(C)C)[C@@H](OC(C)=O)[C@@H](O[C@@H]2O[C@H](CO[Si](C)(C)C(C)(C)C)[C@@H](OC(C)=O)[C@H](OCc3ccccc3)[C@@H]2N=[N+]=[N-])[C@@H]1N=[N+]=[N-]
772,771,O([C@@H]1[C@@H](OCC2=CC=CC=C2)[C@H](O[C@H]3[C@H](OCC4=CC=CC=C4)[C@@H](OCC5=CC=CC=C5)[C@H](OCC[Si](C)(C)C)O[C@@H]3COCC6=CC=CC=C6)O[C@H](COCC7=CC=CC=C7)[C@@H]1OCC8=CC=CC=C8)[C@H]9[C@H](NC(C)=O)[C@@H](O[C@H]%10[C@@H](OCC%11=CC=CC=C%11)[C@H](OCC%12=CC=CC=C%12)[C@H](OCC%13=CC=CC=C%13)[C@H](C)O%10)[C@H](OC(=O)C)[C@@H]](COC%14=CC=C(OC)C=C%14)O9,O([C@@H]1[C@@H](OCC2=CC=CC=C2)[C@H](O[C@H]3[C@H](OCC4=CC=CC=C4)[C@@H](OCC5=CC=CC=C5)[C@H](OCC[Si](C)(C)C)O[C@@H]3COCC6=CC=CC=C6)O[C@H](COCC7=CC=CC=C7)[C@@H]1OCC8=CC=CC=C8)[C@H]9[C@H](NC(C)=O)[C@@H](O[C@H]%10[C@@H](OCC%11=CC=CC=C%11)[C@H](OCC%12=CC=CC=C%12)[C@H](OCC%13=CC=CC=C%13)[C@H](C)O%10)[C@H](OC(=O)C)[C@@H](COC%14=CC=C(OC)C=C%14)O9,False,True,True,1,314,COc1ccc(OC[C@H]2O[C@@H](O[C@H]3[C@@H](OCc4ccccc4)[C@@H](COCc4ccccc4)O[C@@H](O[C@H]4[C@H](OCc5ccccc5)[C@@H](OCc5ccccc5)[C@H](OCC[Si](C)(C)C)O[C@@H]4COCc4ccccc4)[C@@H]3OCc3ccccc3)[C@H](NC(C)=O)[C@@H](O[C@@H]3O[C@@H](C)[C@@H](OCc4ccccc4)[C@@H](OCc4ccccc4)[C@@H]3OCc3ccccc3)[C@@H]2OC(C)=O)cc1
773,772,S([C@H]1[C@@H]([C@@H](OC(C)=O)[C@H](OC(=O)C)[C@@H]](COCC2=CC=CC=C2)O1)N3C(=O)C=4C(C3=O)=CC=CC4)C5=CC=C(F)C=C5,S([C@H]1[C@@H]([C@@H](OC(C)=O)[C@H](OC(=O)C)[C@@H](COCC2=CC=CC=C2)O1)N3C(=O)C=4C(C3=O)=CC=CC4)C5=CC=C(F)C=C5,False,True,True,1,51,CC(=O)O[C@H]1[C@H](OC(C)=O)[C@@H](COCc2ccccc2)O[C@@H](Sc2ccc(F)cc2)[C@@H]1N1C(=O)c2ccccc2C1=O
774,773,O([C@@H]1[C@@H](OC(=O)C2=CC=CC=C2)[C@H](O[C@H]3[C@H](OC(=O)C4=CC=CC=C4)[C@@H](OC(=O)C5=CC=CC=C5)[C@H](OCCN=[N+]=[N-])O[C@@H]3COC(=O)C6=CC=CC=C6)O[C@H](COC(=O)C7=CC=CC=C7)[C@@H]1OC(=O)C8=CC=CC=C8)[C@H]9[C@H](NC(C(Cl)(Cl)Cl)=O)[C@@H](O[C@H]%10[C@@H](OCC%11=CC=CC=C%11)[C@H](OC(=O)C%12=CC=CC=C%12)[C@H](OC(=O)C%13=CC=CC=C%13)[C@H](C)O%10)[C@H](OC(=O)C)[C@@H]](COCC%14=CC=CC=C%14)O9,O([C@@H]1[C@@H](OC(=O)C2=CC=CC=C2)[C@H](O[C@H]3[C@H](OC(=O)C4=CC=CC=C4)[C@@H](OC(=O)C5=CC=CC=C5)[C@H](OCCN=[N+]=[N-])O[C@@H]3COC(=O)C6=CC=CC=C6)O[C@H](COC(=O)C7=CC=CC=C7)[C@@H]1OC(=O)C8=CC=CC=C8)[C@H]9[C@H](NC(C(Cl)(Cl)Cl)=O)[C@@H](O[C@H]%10[C@@H](OCC%11=CC=CC=C%11)[C@H](OC(=O)C%12=CC=CC=C%12)[C@H](OC(=O)C%13=CC=CC=C%13)[C@H](C)O%10)[C@H](OC(=O)C)[C@@H](COCC%14=CC=CC=C%14)O9,False,True,True,1,356,CC(=O)O[C@H]1[C@H](O[C@@H]2O[C@@H](C)[C@@H](OC(=O)c3ccccc3)[C@@H](OC(=O)c3ccccc3)[C@@H]2OCc2ccccc2)[C@@H](NC(=O)C(Cl)(Cl)Cl)[C@H](O[C@H]2[C@@H](OC(=O)c3ccccc3)[C@@H](COC(=O)c3ccccc3)O[C@@H](O[C@H]3[C@H](OC(=O)c4ccccc4)[C@@H](OC(=O)c4ccccc4)[C@H](OCCN=[N+]=[N-])O[C@@H]3COC(=O)c3ccccc3)[C@@H]2OC(=O)c2ccccc2)O[C@@H]1COCc1ccccc1
775,774,[Si](OC[C@H]1[C@@H](O[C@@H]2[C@H](NC(C(F)(F)F)=O)[C@@H](OCC3=CC=CC=C3)[C@H](OC(=O)C)[C@@H]](COCC4=CC5=C(C=C4)C=CC=C5)O2)[C@H](OCC6=CC=CC=C6)[C@@H](OC(CCC(C)=O)=O)[C@H](OCC=C)O1)(C(C)(C)C)(C7=CC=CC=C7)C8=CC=CC=C8,[Si](OC[C@H]1[C@@H](O[C@@H]2[C@H](NC(C(F)(F)F)=O)[C@@H](OCC3=CC=CC=C3)[C@H](OC(=O)C)[C@@H](COCC4=CC5=C(C=C4)C=CC=C5)O2)[C@H](OCC6=CC=CC=C6)[C@@H](OC(CCC(C)=O)=O)[C@H](OCC=C)O1)(C(C)(C)C)(C7=CC=CC=C7)C8=CC=CC=C8,False,True,True,1,91,C=CCO[C@@H]1O[C@@H](CO[Si](c2ccccc2)(c2ccccc2)C(C)(C)C)[C@@H](O[C@H]2O[C@H](COCc3ccc4ccccc4c3)[C@@H](OC(C)=O)[C@H](OCc3ccccc3)[C@H]2NC(=O)C(F)(F)F)[C@H](OCc2ccccc2)[C@H]1OC(=O)CCC(C)=O
776,775,O([C@@H]1[C@H]([C@H](SCC)O[C@H](COCC2=CC=CC=C2)[C@H]1O)N3C(=O)C=4C(C3=O)=CC=CC4)[C@H]5[C@H](OC(=O)C)[C@@H]](OCC6=CC=CC=C6)[C@@H](OCC7=CC=CC=C7)[C@@H](COCC8=CC=CC=C8)O5,O([C@@H]1[C@H]([C@H](SCC)O[C@H](COCC2=CC=CC=C2)[C@H]1O)N3C(=O)C=4C(C3=O)=CC=CC4)[C@H]5[C@H](OC(=O)C)[C@@H](OCC6=CC=CC=C6)[C@@H](OCC7=CC=CC=C7)[C@@H](COCC8=CC=CC=C8)O5,False,True,True,1,107,CCS[C@@H]1O[C@H](COCc2ccccc2)[C@@H](O)[C@H](O[C@@H]2O[C@H](COCc3ccccc3)[C@H](OCc3ccccc3)[C@H](OCc3ccccc3)[C@H]2OC(C)=O)[C@H]1N1C(=O)c2ccccc2C1=O
777,776,O([C@@H]1[C@@H](OCC2=CC=CC=C2)[C@H](O[C@H]3[C@H](OCC4=CC=CC=C4)[C@@H](OCC5=CC=CC=C5)[C@H](OCC[Si](C)(C)C)O[C@@H]3COCC6=CC=CC=C6)O[C@H](COCC7=CC=CC=C7)[C@@H]1OCC8=CC=CC=C8)[C@H]9[C@H](NC(CCC)=O)[C@@H](OCC%10=CC=CC=C%10)[C@H](OC(=O)C)[C@@H]](COCC%11=CC=CC=C%11)O9,O([C@@H]1[C@@H](OCC2=CC=CC=C2)[C@H](O[C@H]3[C@H](OCC4=CC=CC=C4)[C@@H](OCC5=CC=CC=C5)[C@H](OCC[Si](C)(C)C)O[C@@H]3COCC6=CC=CC=C6)O[C@H](COCC7=CC=CC=C7)[C@@H]1OCC8=CC=CC=C8)[C@H]9[C@H](NC(CCC)=O)[C@@H](OCC%10=CC=CC=C%10)[C@H](OC(=O)C)[C@@H](COCC%11=CC=CC=C%11)O9,False,True,True,1,239,CCCC(=O)N[C@H]1[C@H](O[C@H]2[C@@H](OCc3ccccc3)[C@@H](COCc3ccccc3)O[C@@H](O[C@H]3[C@H](OCc4ccccc4)[C@@H](OCc4ccccc4)[C@H](OCC[Si](C)(C)C)O[C@@H]3COCc3ccccc3)[C@@H]2OCc2ccccc2)O[C@H](COCc2ccccc2)[C@@H](OC(C)=O)[C@@H]1OCc1ccccc1
778,777,O([C@H]1[C@H](OCC2=CC=CC=C2)[C@@H](OC(OCC3C=4C(C=5C3=CC=CC5)=CC=CC4)=O)[C@H](OCC(OC(C)(C)C)=O)O[C@H]1C(OC)=O)[C@@H]6[C@H](NC(C(F)(F)F)=O)[C@@H](OCC7=CC=CC=C7)[C@H](OC(=O)C)[C@@H]](COCC8=CC9=C(C=C8)C=CC=C9)O6,O([C@H]1[C@H](OCC2=CC=CC=C2)[C@@H](OC(OCC3C=4C(C=5C3=CC=CC5)=CC=CC4)=O)[C@H](OCC(OC(C)(C)C)=O)O[C@H]1C(OC)=O)[C@@H]6[C@H](NC(C(F)(F)F)=O)[C@@H](OCC7=CC=CC=C7)[C@H](OC(=O)C)[C@@H](COCC8=CC9=C(C=C8)C=CC=C9)O6,False,True,True,1,179,COC(=O)[C@@H]1O[C@@H](OCC(=O)OC(C)(C)C)[C@H](OC(=O)OCC2c3ccccc3-c3ccccc32)[C@@H](OCc2ccccc2)[C@@H]1O[C@H]1O[C@H](COCc2ccc3ccccc3c2)[C@@H](OC(C)=O)[C@H](OCc2ccccc2)[C@H]1NC(=O)C(F)(F)F
779,778,O([C@H]1[C@H](OCC2=CC=CC=C2)[C@@H](OC(OCC3C=4C(C=5C3=CC=CC5)=CC=CC4)=O)[C@H](OCC(OC(C)(C)C)=O)O[C@H]1C(OC)=O)[C@@H]6[C@H](NC(C(F)(F)F)=O)[C@@H](OCC7=CC=CC=C7)[C@H](OC(=O)C)[C@@H]](COCC8=CC9=C(C=C8)C=CC=C9)O6,O([C@H]1[C@H](OCC2=CC=CC=C2)[C@@H](OC(OCC3C=4C(C=5C3=CC=CC5)=CC=CC4)=O)[C@H](OCC(OC(C)(C)C)=O)O[C@H]1C(OC)=O)[C@@H]6[C@H](NC(C(F)(F)F)=O)[C@@H](OCC7=CC=CC=C7)[C@H](OC(=O)C)[C@@H](COCC8=CC9=C(C=C8)C=CC=C9)O6,False,True,True,1,179,COC(=O)[C@@H]1O[C@@H](OCC(=O)OC(C)(C)C)[C@H](OC(=O)OCC2c3ccccc3-c3ccccc32)[C@@H](OCc2ccccc2)[C@@H]1O[C@H]1O[C@H](COCc2ccc3ccccc3c2)[C@@H](OC(C)=O)[C@H](OCc2ccccc2)[C@H]1NC(=O)C(F)(F)F
780,779,S([C@H]1[C@@H]([C@@H](OC(C)=O)[C@H](OC(=O)C)[C@@H]](COCC2=CC=CC=C2)O1)N3C(=O)C=4C(C3=O)=CC=CC4)C5=CC=C(C)C=C5,S([C@H]1[C@@H]([C@@H](OC(C)=O)[C@H](OC(=O)C)[C@@H](COCC2=CC=CC=C2)O1)N3C(=O)C=4C(C3=O)=CC=CC4)C5=CC=C(C)C=C5,False,True,True,1,51,CC(=O)O[C@H]1[C@H](OC(C)=O)[C@@H](COCc2ccccc2)O[C@@H](Sc2ccc(C)cc2)[C@@H]1N1C(=O)c2ccccc2C1=O
781,780,O(CC1=CC=CC=C1)[C@@H]2[C@H]([C@H](OCC=C)O[C@H](COCC3=CC=CC=C3)[C@H]2O[C@H]4[C@@H]([C@@H](OCC5=CC=CC=C5)[C@H](OC(=O)C)[C@@H]](COCC6=CC=CC=C6)O4)N7C(=O)C=8C(C7=O)=CC=CC8)N9C(=O)C=%10C(C9=O)=CC=CC%10,O(CC1=CC=CC=C1)[C@@H]2[C@H]([C@H](OCC=C)O[C@H](COCC3=CC=CC=C3)[C@H]2O[C@H]4[C@@H]([C@@H](OCC5=CC=CC=C5)[C@H](OC(=O)C)[C@@H](COCC6=CC=CC=C6)O4)N7C(=O)C=8C(C7=O)=CC=CC8)N9C(=O)C=%10C(C9=O)=CC=CC%10,False,True,True,1,124,C=CCO[C@@H]1O[C@H](COCc2ccccc2)[C@@H](O[C@@H]2O[C@H](COCc3ccccc3)[C@@H](OC(C)=O)[C@H](OCc3ccccc3)[C@H]2N2C(=O)c3ccccc3C2=O)[C@H](OCc2ccccc2)[C@H]1N1C(=O)c2ccccc2C1=O
782,781,S([C@H]1[C@@H]([C@@H](OC(C)=O)[C@H](OC(=O)C)[C@@H]](COCC2=CC=CC=C2)O1)N3C(=O)C=4C(C3=O)=CC=CC4)C5=CC=CC=C5,S([C@H]1[C@@H]([C@@H](OC(C)=O)[C@H](OC(=O)C)[C@@H](COCC2=CC=CC=C2)O1)N3C(=O)C=4C(C3=O)=CC=CC4)C5=CC=CC=C5,False,True,True,1,51,CC(=O)O[C@H]1[C@H](OC(C)=O)[C@@H](COCc2ccccc2)O[C@@H](Sc2ccccc2)[C@@H]1N1C(=O)c2ccccc2C1=O
783,782,O(CC1=CC=CC=C1)[C@@H]2[C@H]([C@H](O[C@H]3[C@H](OCC4=CC=CC=C4)[C@H]([C@H](O[C@H]5[C@H](OCC6=CC=CC=C6)[C@H]([C@H](F)O[C@@H]5COCC7=CC=CC=C7)N8C(=O)C=9C(C8=O)=CC=CC9)O[C@@H]3COCC%10=CC=CC=C%10)N%11C(=O)C=%12C(C%11=O)=CC=CC%12)O[C@H](COCC%13=CC=CC=C%13)[C@H]2O[C@H]%14[C@@H]([C@@H](OCC%15=CC=CC=C%15)[C@H](OC(=O)C)[C@@H]](COCC%16=CC=CC=C%16)O%14)N%17C(=O)C=%18C(C%17=O)=CC=CC%18)N%19C(=O)C=%20C(C%19=O)=CC=CC%20,O(CC1=CC=CC=C1)[C@@H]2[C@H]([C@H](O[C@H]3[C@H](OCC4=CC=CC=C4)[C@H]([C@H](O[C@H]5[C@H](OCC6=CC=CC=C6)[C@H]([C@H](F)O[C@@H]5COCC7=CC=CC=C7)N8C(=O)C=9C(C8=O)=CC=CC9)O[C@@H]3COCC%10=CC=CC=C%10)N%11C(=O)C=%12C(C%11=O)=CC=CC%12)O[C@H](COCC%13=CC=CC=C%13)[C@H]2O[C@H]%14[C@@H]([C@@H](OCC%15=CC=CC=C%15)[C@H](OC(=O)C)[C@@H](COCC%16=CC=CC=C%16)O%14)N%17C(=O)C=%18C(C%17=O)=CC=CC%18)N%19C(=O)C=%20C(C%19=O)=CC=CC%20,False,True,True,1,316,CC(=O)O[C@H]1[C@H](OCc2ccccc2)[C@@H](N2C(=O)c3ccccc3C2=O)[C@H](O[C@H]2[C@H](OCc3ccccc3)[C@@H](N3C(=O)c4ccccc4C3=O)[C@H](O[C@H]3[C@H](OCc4ccccc4)[C@@H](N4C(=O)c5ccccc5C4=O)[C@H](O[C@H]4[C@H](OCc5ccccc5)[C@@H](N5C(=O)c6ccccc6C5=O)[C@H](F)O[C@@H]4COCc4ccccc4)O[C@@H]3COCc3ccccc3)O[C@@H]2COCc2ccccc2)O[C@@H]1COCc1ccccc1
784,783,S([C@H]1[C@@H]([C@@H](OCC2=CC=CC=C2)[C@H](OC(=O)C)[C@@H]](COCC3=CC=CC=C3)O1)N4C(=O)C=5C(C4=O)=CC=CC5)C6=CC=CC=C6,S([C@H]1[C@@H]([C@@H](OCC2=CC=CC=C2)[C@H](OC(=O)C)[C@@H](COCC3=CC=CC=C3)O1)N4C(=O)C=5C(C4=O)=CC=CC5)C6=CC=CC=C6,False,True,True,1,57,CC(=O)O[C@H]1[C@H](OCc2ccccc2)[C@@H](N2C(=O)c3ccccc3C2=O)[C@H](Sc2ccccc2)O[C@@H]1COCc1ccccc1
785,784,O([C@H]1[C@@H]([C@@H](OCC2=CC=CC=C2)[C@H](OC(=O)C)[C@@H]](COCC3=CC=CC=C3)O1)N4C(=O)C=5C(C4=O)=CC=CC5)[C@@H]6[C@@H](COCC7=CC=CC=C7)O[C@@H](SC8=CC=CC=C8)[C@@H]([C@H]6O)N9C(=O)C=%10C(C9=O)=CC=CC%10,O([C@H]1[C@@H]([C@@H](OCC2=CC=CC=C2)[C@H](OC(=O)C)[C@@H](COCC3=CC=CC=C3)O1)N4C(=O)C=5C(C4=O)=CC=CC5)[C@@H]6[C@@H](COCC7=CC=CC=C7)O[C@@H](SC8=CC=CC=C8)[C@@H]([C@H]6O)N9C(=O)C=%10C(C9=O)=CC=CC%10,False,True,True,1,57,CC(=O)O[C@H]1[C@H](OCc2ccccc2)[C@@H](N2C(=O)c3ccccc3C2=O)[C@H](O[C@H]2[C@H](O)[C@@H](N3C(=O)c4ccccc4C3=O)[C@H](Sc3ccccc3)O[C@@H]2COCc2ccccc2)O[C@@H]1COCc1ccccc1
786,785,S([C@H]1[C@@H]([C@@H](OCC2=CC=CC=C2)[C@H](OC(=O)C)[C@@H]](COCC3=CC=CC=C3)O1)N4C(=O)C=5C(C4=O)=CC=CC5)C6=CC=C(C)C=C6,S([C@H]1[C@@H]([C@@H](OCC2=CC=CC=C2)[C@H](OC(=O)C)[C@@H](COCC3=CC=CC=C3)O1)N4C(=O)C=5C(C4=O)=CC=CC5)C6=CC=C(C)C=C6,False,True,True,1,57,CC(=O)O[C@H]1[C@H](OCc2ccccc2)[C@@H](N2C(=O)c3ccccc3C2=O)[C@H](Sc2ccc(C)cc2)O[C@@H]1COCc1ccccc1
787,786,O([C@H]1[C@@H]([C@@H](OCC2=CC=CC=C2)[C@H](OC(=O)C)[C@@H]](COCC3=CC=CC=C3)O1)N4C(=O)C=5C(C4=O)=CC=CC5)C6=CC=C(OC)C=C6,O([C@H]1[C@@H]([C@@H](OCC2=CC=CC=C2)[C@H](OC(=O)C)[C@@H](COCC3=CC=CC=C3)O1)N4C(=O)C=5C(C4=O)=CC=CC5)C6=CC=C(OC)C=C6,False,True,True,1,57,COc1ccc(O[C@@H]2O[C@H](COCc3ccccc3)[C@@H](OC(C)=O)[C@H](OCc3ccccc3)[C@H]2N2C(=O)c3ccccc3C2=O)cc1
788,787,O(CC1=CC=CC=C1)[C@@H]2[C@H]([C@H](OCC3=CC=CC=C3)O[C@H](COCC4=CC=CC=C4)[C@H]2O[C@H]5[C@@H]([C@@H](OCC6=CC=CC=C6)[C@H](OC(=O)C)[C@@H]](COCC7=CC=CC=C7)O5)N8C(=O)C=9C(C8=O)=CC=CC9)N%10C(=O)C=%11C(C%10=O)=CC=CC%11,O(CC1=CC=CC=C1)[C@@H]2[C@H]([C@H](OCC3=CC=CC=C3)O[C@H](COCC4=CC=CC=C4)[C@H]2O[C@H]5[C@@H]([C@@H](OCC6=CC=CC=C6)[C@H](OC(=O)C)[C@@H](COCC7=CC=CC=C7)O5)N8C(=O)C=9C(C8=O)=CC=CC9)N%10C(=O)C=%11C(C%10=O)=CC=CC%11,False,True,True,1,132,CC(=O)O[C@H]1[C@H](OCc2ccccc2)[C@@H](N2C(=O)c3ccccc3C2=O)[C@H](O[C@H]2[C@H](OCc3ccccc3)[C@@H](N3C(=O)c4ccccc4C3=O)[C@H](OCc3ccccc3)O[C@@H]2COCc2ccccc2)O[C@@H]1COCc1ccccc1
789,788,O([C@@H]1[C@@H](OCC2=CC=CC=C2)[C@H](O[C@H]3[C@H](OCC4=CC=CC=C4)[C@@H](OCC5=CC=CC=C5)[C@H](OCC[Si](C)(C)C)O[C@@H]3COCC6=CC=CC=C6)O[C@H](COCC7=CC=CC=C7)[C@@H]1OCC8=CC=CC=C8)[C@H]9[C@H](NC(OCC%10=CC=CC=C%10)=O)[C@@H](OCC%11=CC=CC=C%11)[C@H](OC(=O)C)[C@@H]](COCC%12=CC=CC=C%12)O9,O([C@@H]1[C@@H](OCC2=CC=CC=C2)[C@H](O[C@H]3[C@H](OCC4=CC=CC=C4)[C@@H](OCC5=CC=CC=C5)[C@H](OCC[Si](C)(C)C)O[C@@H]3COCC6=CC=CC=C6)O[C@H](COCC7=CC=CC=C7)[C@@H]1OCC8=CC=CC=C8)[C@H]9[C@H](NC(OCC%10=CC=CC=C%10)=O)[C@@H](OCC%11=CC=CC=C%11)[C@H](OC(=O)C)[C@@H](COCC%12=CC=CC=C%12)O9,False,True,True,1,253,CC(=O)O[C@H]1[C@H](OCc2ccccc2)[C@@H](NC(=O)OCc2ccccc2)[C@H](O[C@H]2[C@@H](OCc3ccccc3)[C@@H](COCc3ccccc3)O[C@@H](O[C@H]3[C@H](OCc4ccccc4)[C@@H](OCc4ccccc4)[C@H](OCC[Si](C)(C)C)O[C@@H]3COCc3ccccc3)[C@@H]2OCc2ccccc2)O[C@@H]1COCc1ccccc1
790,789,O(CC1=CC=CC=C1)[C@@H]2[C@H]([C@H](OC3=CC=CC=C3)O[C@H](COCC4=CC=CC=C4)[C@H]2O[C@H]5[C@@H]([C@@H](OCC6=CC=CC=C6)[C@H](OC(=O)C)[C@@H]](COCC7=CC=CC=C7)O5)N8C(=O)C=9C(C8=O)=CC=CC9)N%10C(=O)C=%11C(C%10=O)=CC=CC%11,O(CC1=CC=CC=C1)[C@@H]2[C@H]([C@H](OC3=CC=CC=C3)O[C@H](COCC4=CC=CC=C4)[C@H]2O[C@H]5[C@@H]([C@@H](OCC6=CC=CC=C6)[C@H](OC(=O)C)[C@@H](COCC7=CC=CC=C7)O5)N8C(=O)C=9C(C8=O)=CC=CC9)N%10C(=O)C=%11C(C%10=O)=CC=CC%11,False,True,True,1,131,CC(=O)O[C@H]1[C@H](OCc2ccccc2)[C@@H](N2C(=O)c3ccccc3C2=O)[C@H](O[C@H]2[C@H](OCc3ccccc3)[C@@H](N3C(=O)c4ccccc4C3=O)[C@H](Oc3ccccc3)O[C@@H]2COCc2ccccc2)O[C@@H]1COCc1ccccc1
791,790,O(CC1=CC=CC=C1)[C@@H]2[C@H]([C@H](O[C@H]3[C@H](OCC4=CC=CC=C4)[C@H]([C@H](O[C@H]5[C@H](OCC6=CC=CC=C6)[C@H]([C@H](F)O[C@@H]5COCC7=CC=CC=C7)N8C(=O)C=9C(C8=O)=CC=CC9)O[C@@H]3COCC%10=CC=CC=C%10)N%11C(=O)C=%12C(C%11=O)=CC=CC%12)O[C@H](COCC%13=CC=CC=C%13)[C@H]2O[C@H]%14[C@@H]([C@@H](OCC%15=CC=CC=C%15)[C@H](OC(=O)C)[C@@H]](COCC%16=CC=CC=C%16)O%14)N%17C(=O)C=%18C(C%17=O)=CC=CC%18)N%19C(=O)C=%20C(C%19=O)=CC=CC%20,O(CC1=CC=CC=C1)[C@@H]2[C@H]([C@H](O[C@H]3[C@H](OCC4=CC=CC=C4)[C@H]([C@H](O[C@H]5[C@H](OCC6=CC=CC=C6)[C@H]([C@H](F)O[C@@H]5COCC7=CC=CC=C7)N8C(=O)C=9C(C8=O)=CC=CC9)O[C@@H]3COCC%10=CC=CC=C%10)N%11C(=O)C=%12C(C%11=O)=CC=CC%12)O[C@H](COCC%13=CC=CC=C%13)[C@H]2O[C@H]%14[C@@H]([C@@H](OCC%15=CC=CC=C%15)[C@H](OC(=O)C)[C@@H](COCC%16=CC=CC=C%16)O%14)N%17C(=O)C=%18C(C%17=O)=CC=CC%18)N%19C(=O)C=%20C(C%19=O)=CC=CC%20,False,True,True,1,316,CC(=O)O[C@H]1[C@H](OCc2ccccc2)[C@@H](N2C(=O)c3ccccc3C2=O)[C@H](O[C@H]2[C@H](OCc3ccccc3)[C@@H](N3C(=O)c4ccccc4C3=O)[C@H](O[C@H]3[C@H](OCc4ccccc4)[C@@H](N4C(=O)c5ccccc5C4=O)[C@H](O[C@H]4[C@H](OCc5ccccc5)[C@@H](N5C(=O)c6ccccc6C5=O)[C@H](F)O[C@@H]4COCc4ccccc4)O[C@@H]3COCc3ccccc3)O[C@@H]2COCc2ccccc2)O[C@@H]1COCc1ccccc1
792,791,N(C(C)=O)[C@@H]1[C@@H](O[C@@H](C(N[C@H](C(OCC[Si](C)(C)C)=O)C)=O)C)[C@H](OC(=O)C)[C@@H]](COC(C)=O)O[C@@H]1OCC2=CC=CC=C2,N(C(C)=O)[C@@H]1[C@@H](O[C@@H](C(N[C@H](C(OCC[Si](C)(C)C)=O)C)=O)C)[C@H](OC(=O)C)[C@@H](COC(C)=O)O[C@@H]1OCC2=CC=CC=C2,False,True,True,1,88,CC(=O)N[C@H]1[C@@H](OCc2ccccc2)O[C@H](COC(C)=O)[C@@H](OC(C)=O)[C@@H]1O[C@H](C)C(=O)N[C@@H](C)C(=O)OCC[Si](C)(C)C
793,792,O([C@H]1[C@@H]([C@@H](OCC2=CC=CC=C2)[C@H](OC(=O)C)[C@@H]](COCC3=CC=CC=C3)O1)N4C(=O)C=5C(C4=O)=CC=CC5)[C@H]6[C@@H](OCC7=CC=CC=C7)[C@@H](COCC8=CC=CC=C8)O[C@H](OCCCCCN=[N+]=[N-])[C@@H]6OCC9=CC=CC=C9,O([C@H]1[C@@H]([C@@H](OCC2=CC=CC=C2)[C@H](OC(=O)C)[C@@H](COCC3=CC=CC=C3)O1)N4C(=O)C=5C(C4=O)=CC=CC5)[C@H]6[C@@H](OCC7=CC=CC=C7)[C@@H](COCC8=CC=CC=C8)O[C@H](OCCCCCN=[N+]=[N-])[C@@H]6OCC9=CC=CC=C9,False,True,True,1,57,CC(=O)O[C@H]1[C@H](OCc2ccccc2)[C@@H](N2C(=O)c3ccccc3C2=O)[C@H](O[C@H]2[C@@H](OCc3ccccc3)[C@@H](COCc3ccccc3)O[C@H](OCCCCCN=[N+]=[N-])[C@@H]2OCc2ccccc2)O[C@@H]1COCc1ccccc1
794,793,O([C@H]1[C@@H]([C@@H](OCC=C)[C@H](OC(=O)C)[C@@H]](COCC2=CC=CC=C2)O1)N3C(=O)C=4C(C3=O)=CC=CC4)[C@H]5[C@@H](OCC6=CC=CC=C6)[C@@H](COCC7=CC=CC=C7)O[C@H](OCCCCCN=[N+]=[N-])[C@@H]5OCC8=CC=CC=C8,O([C@H]1[C@@H]([C@@H](OCC=C)[C@H](OC(=O)C)[C@@H](COCC2=CC=CC=C2)O1)N3C(=O)C=4C(C3=O)=CC=CC4)[C@H]5[C@@H](OCC6=CC=CC=C6)[C@@H](COCC7=CC=CC=C7)O[C@H](OCCCCCN=[N+]=[N-])[C@@H]5OCC8=CC=CC=C8,False,True,True,1,49,C=CCO[C@H]1[C@H](OC(C)=O)[C@@H](COCc2ccccc2)O[C@@H](O[C@H]2[C@@H](OCc3ccccc3)[C@@H](COCc3ccccc3)O[C@H](OCCCCCN=[N+]=[N-])[C@@H]2OCc2ccccc2)[C@@H]1N1C(=O)c2ccccc2C1=O
795,794,O(CC1=CC=CC=C1)[C@@H]2[C@H]([C@H](OCCCCCCCC)O[C@H](COCC3=CC=CC=C3)[C@H]2O[C@H]4[C@H](OC(=O)C5=CC=CC=C5)[C@@H](O[C@H]6[C@@H]([C@@H](O)[C@H](OC(=O)C)[C@@H]](COCC7=CC=CC=C7)O6)N8C(=O)C=9C(C8=O)=CC=CC9)[C@@H](OC(C)=O)[C@@H](COC(=O)C%10=CC=CC=C%10)O4)N%11C(=O)C=%12C(C%11=O)=CC=CC%12,O(CC1=CC=CC=C1)[C@@H]2[C@H]([C@H](OCCCCCCCC)O[C@H](COCC3=CC=CC=C3)[C@H]2O[C@H]4[C@H](OC(=O)C5=CC=CC=C5)[C@@H](O[C@H]6[C@@H]([C@@H](O)[C@H](OC(=O)C)[C@@H](COCC7=CC=CC=C7)O6)N8C(=O)C=9C(C8=O)=CC=CC9)[C@@H](OC(C)=O)[C@@H](COC(=O)C%10=CC=CC=C%10)O4)N%11C(=O)C=%12C(C%11=O)=CC=CC%12,False,True,True,1,154,CCCCCCCCO[C@@H]1O[C@H](COCc2ccccc2)[C@@H](O[C@@H]2O[C@H](COC(=O)c3ccccc3)[C@H](OC(C)=O)[C@H](O[C@@H]3O[C@H](COCc4ccccc4)[C@@H](OC(C)=O)[C@H](O)[C@H]3N3C(=O)c4ccccc4C3=O)[C@H]2OC(=O)c2ccccc2)[C@H](OCc2ccccc2)[C@H]1N1C(=O)c2ccccc2C1=O
796,795,S([C@H]1[C@@H]([C@@H](OCC2=CC=CC=C2)[C@H](OC(=O)C)[C@@H]](COCC3=CC=CC=C3)O1)N4C(=O)C=5C(C4=O)=CC=CC5)C6=CC=C(N(=O)=O)C=C6,S([C@H]1[C@@H]([C@@H](OCC2=CC=CC=C2)[C@H](OC(=O)C)[C@@H](COCC3=CC=CC=C3)O1)N4C(=O)C=5C(C4=O)=CC=CC5)C6=CC=C(N(=O)=O)C=C6,False,True,True,1,57,CC(=O)O[C@H]1[C@H](OCc2ccccc2)[C@@H](N2C(=O)c3ccccc3C2=O)[C@H](Sc2ccc([N+](=O)[O-])cc2)O[C@@H]1COCc1ccccc1
797,796,O([C@H]1[C@@H]([C@@H](OCC2=CC=CC=C2)[C@H](OC(=O)C)[C@@H]](COCC3=CC=CC=C3)O1)N4C(=O)C=5C(C4=O)=CC=CC5)[C@H]6[C@H](OCC7=CC=CC=C7)[C@H]([C@H](OC)O[C@@H]6CO[C@H]8[C@@H](OC)[C@H](OCC9=CC=C(OC)C=C9)[C@H](OC(C)=O)[C@H](C)O8)N%10C(=O)C=%11C(C%10=O)=CC=CC%11,O([C@H]1[C@@H]([C@@H](OCC2=CC=CC=C2)[C@H](OC(=O)C)[C@@H](COCC3=CC=CC=C3)O1)N4C(=O)C=5C(C4=O)=CC=CC5)[C@H]6[C@H](OCC7=CC=CC=C7)[C@H]([C@H](OC)O[C@@H]6CO[C@H]8[C@@H](OC)[C@H](OCC9=CC=C(OC)C=C9)[C@H](OC(C)=O)[C@H](C)O8)N%10C(=O)C=%11C(C%10=O)=CC=CC%11,False,True,True,1,57,COc1ccc(CO[C@H]2[C@H](OC)[C@H](OC[C@H]3O[C@@H](OC)[C@H](N4C(=O)c5ccccc5C4=O)[C@@H](OCc4ccccc4)[C@@H]3O[C@@H]3O[C@H](COCc4ccccc4)[C@@H](OC(C)=O)[C@H](OCc4ccccc4)[C@H]3N3C(=O)c4ccccc4C3=O)O[C@@H](C)[C@H]2OC(C)=O)cc1
798,797,O(CC1=CC=CC=C1)[C@@H]2[C@H]([C@H](OCC3=CC=CC=C3)O[C@H](CO[C@H]4[C@@H](OC)[C@H](OCC5=CC=C(OC)C=C5)[C@H](OC(C)=O)[C@H](C)O4)[C@H]2O[C@H]6[C@@H]([C@@H](OCC7=CC=CC=C7)[C@H](OC(=O)C)[C@@H]](COCC8=CC=CC=C8)O6)N9C(=O)C=%10C(C9=O)=CC=CC%10)N%11C(=O)C=%12C(C%11=O)=CC=CC%12,O(CC1=CC=CC=C1)[C@@H]2[C@H]([C@H](OCC3=CC=CC=C3)O[C@H](CO[C@H]4[C@@H](OC)[C@H](OCC5=CC=C(OC)C=C5)[C@H](OC(C)=O)[C@H](C)O4)[C@H]2O[C@H]6[C@@H]([C@@H](OCC7=CC=CC=C7)[C@H](OC(=O)C)[C@@H](COCC8=CC=CC=C8)O6)N9C(=O)C=%10C(C9=O)=CC=CC%10)N%11C(=O)C=%12C(C%11=O)=CC=CC%12,False,True,True,1,184,COc1ccc(CO[C@H]2[C@H](OC)[C@H](OC[C@H]3O[C@@H](OCc4ccccc4)[C@H](N4C(=O)c5ccccc5C4=O)[C@@H](OCc4ccccc4)[C@@H]3O[C@@H]3O[C@H](COCc4ccccc4)[C@@H](OC(C)=O)[C@H](OCc4ccccc4)[C@H]3N3C(=O)c4ccccc4C3=O)O[C@@H](C)[C@H]2OC(C)=O)cc1
799,798,S([C@H]1[C@@H]([C@@H](OC(CCl)=O)[C@H](OC(=O)C)[C@@H]](COCC2=CC=CC=C2)O1)N3C(=O)C=4C(C3=O)=CC=CC4)C5=CC=C(C)C=C5,S([C@H]1[C@@H]([C@@H](OC(CCl)=O)[C@H](OC(=O)C)[C@@H](COCC2=CC=CC=C2)O1)N3C(=O)C=4C(C3=O)=CC=CC4)C5=CC=C(C)C=C5,False,True,True,1,53,CC(=O)O[C@H]1[C@H](OC(=O)CCl)[C@@H](N2C(=O)c3ccccc3C2=O)[C@H](Sc2ccc(C)cc2)O[C@@H]1COCc1ccccc1
800,799,S([C@H]1[C@@H]([C@@H](OC(CCl)=O)[C@H](OC(=O)C)[C@@H]](COCC2=CC=CC=C2)O1)N3C(=O)C=4C(C3=O)=CC=CC4)C5=CC=C(C)C=C5,S([C@H]1[C@@H]([C@@H](OC(CCl)=O)[C@H](OC(=O)C)[C@@H](COCC2=CC=CC=C2)O1)N3C(=O)C=4C(C3=O)=CC=CC4)C5=CC=C(C)C=C5,False,True,True,1,53,CC(=O)O[C@H]1[C@H](OC(=O)CCl)[C@@H](N2C(=O)c3ccccc3C2=O)[C@H](Sc2ccc(C)cc2)O[C@@H]1COCc1ccccc1
801,800,O([C@@H]1[C@@H](OCC2=CC=CC=C2)[C@H](O[C@H]3[C@H](OCC4=CC=CC=C4)[C@@H](OCC5=CC=CC=C5)[C@H](OCC[Si](C)(C)C)O[C@@H]3COCC6=CC=CC=C6)O[C@H](COCC7=CC=CC=C7)[C@@H]1OCC8=CC=CC=C8)[C@H]9[C@H](NC(=O)C%10=CC=CC=C%10)[C@@H](OCC%11=CC=CC=C%11)[C@H](OC(=O)C)[C@@H]](COCC%12=CC=CC=C%12)O9,O([C@@H]1[C@@H](OCC2=CC=CC=C2)[C@H](O[C@H]3[C@H](OCC4=CC=CC=C4)[C@@H](OCC5=CC=CC=C5)[C@H](OCC[Si](C)(C)C)O[C@@H]3COCC6=CC=CC=C6)O[C@H](COCC7=CC=CC=C7)[C@@H]1OCC8=CC=CC=C8)[C@H]9[C@H](NC(=O)C%10=CC=CC=C%10)[C@@H](OCC%11=CC=CC=C%11)[C@H](OC(=O)C)[C@@H](COCC%12=CC=CC=C%12)O9,False,True,True,1,251,CC(=O)O[C@H]1[C@H](OCc2ccccc2)[C@@H](NC(=O)c2ccccc2)[C@H](O[C@H]2[C@@H](OCc3ccccc3)[C@@H](COCc3ccccc3)O[C@@H](O[C@H]3[C@H](OCc4ccccc4)[C@@H](OCc4ccccc4)[C@H](OCC[Si](C)(C)C)O[C@@H]3COCc3ccccc3)[C@@H]2OCc2ccccc2)O[C@@H]1COCc1ccccc1
802,801,O(CC1=CC=CC=C1)[C@@H]2[C@H]([C@H](OCC3=CC=CC=C3)O[C@H](CO[Si](C(C)(C)C)(C4=CC=CC=C4)C5=CC=CC=C5)[C@H]2O[C@H]6[C@@H]([C@@H](OCC7=CC=CC=C7)[C@H](OC(=O)C)[C@@H]](COCC8=CC=CC=C8)O6)N9C(=O)C=%10C(C9=O)=CC=CC%10)N%11C(=O)C=%12C(C%11=O)=CC=CC%12,O(CC1=CC=CC=C1)[C@@H]2[C@H]([C@H](OCC3=CC=CC=C3)O[C@H](CO[Si](C(C)(C)C)(C4=CC=CC=C4)C5=CC=CC=C5)[C@H]2O[C@H]6[C@@H]([C@@H](OCC7=CC=CC=C7)[C@H](OC(=O)C)[C@@H](COCC8=CC=CC=C8)O6)N9C(=O)C=%10C(C9=O)=CC=CC%10)N%11C(=O)C=%12C(C%11=O)=CC=CC%12,False,True,True,1,158,CC(=O)O[C@H]1[C@H](OCc2ccccc2)[C@@H](N2C(=O)c3ccccc3C2=O)[C@H](O[C@H]2[C@H](OCc3ccccc3)[C@@H](N3C(=O)c4ccccc4C3=O)[C@H](OCc3ccccc3)O[C@@H]2CO[Si](c2ccccc2)(c2ccccc2)C(C)(C)C)O[C@@H]1COCc1ccccc1
803,802,S([C@H]1[C@@H]([C@@H](OCC2=CC=CC=C2)[C@H](OC(=O)C)[C@@H]](COCC3=CC=CC=C3)O1)N4C(=O)C=5C(C4=O)=CC=CC5)C6=CC=C(F)C=C6,S([C@H]1[C@@H]([C@@H](OCC2=CC=CC=C2)[C@H](OC(=O)C)[C@@H](COCC3=CC=CC=C3)O1)N4C(=O)C=5C(C4=O)=CC=CC5)C6=CC=C(F)C=C6,False,True,True,1,57,CC(=O)O[C@H]1[C@H](OCc2ccccc2)[C@@H](N2C(=O)c3ccccc3C2=O)[C@H](Sc2ccc(F)cc2)O[C@@H]1COCc1ccccc1
804,803,O([C@@H]1[C@@H](OCC2=CC=CC=C2)[C@H](O[C@H]3[C@H](OCC4=CC=CC=C4)[C@@H](OCC5=CC=CC=C5)[C@H](OCC[Si](C)(C)C)O[C@@H]3COCC6=CC=CC=C6)O[C@H](COCC7=CC=CC=C7)[C@@H]1OCC8=CC=CC=C8)[C@H]9[C@H](NC(CCCCCCC)=O)[C@@H](OCC%10=CC=CC=C%10)[C@H](OC(=O)C)[C@@H]](COCC%11=CC=CC=C%11)O9,O([C@@H]1[C@@H](OCC2=CC=CC=C2)[C@H](O[C@H]3[C@H](OCC4=CC=CC=C4)[C@@H](OCC5=CC=CC=C5)[C@H](OCC[Si](C)(C)C)O[C@@H]3COCC6=CC=CC=C6)O[C@H](COCC7=CC=CC=C7)[C@@H]1OCC8=CC=CC=C8)[C@H]9[C@H](NC(CCCCCCC)=O)[C@@H](OCC%10=CC=CC=C%10)[C@H](OC(=O)C)[C@@H](COCC%11=CC=CC=C%11)O9,False,True,True,1,243,CCCCCCCC(=O)N[C@H]1[C@H](O[C@H]2[C@@H](OCc3ccccc3)[C@@H](COCc3ccccc3)O[C@@H](O[C@H]3[C@H](OCc4ccccc4)[C@@H](OCc4ccccc4)[C@H](OCC[Si](C)(C)C)O[C@@H]3COCc3ccccc3)[C@@H]2OCc2ccccc2)O[C@H](COCc2ccccc2)[C@@H](OC(C)=O)[C@@H]1OCc1ccccc1
805,804,O([C@H]1[C@@H]([C@@H](OCC2=CC=CC=C2)[C@H](OC(=O)C)[C@@H]](COCC3=CC(N(=O)=O)=C(O)C=C3)O1)N4C(=O)C=5C(C4=O)=CC=CC5)C6=CC=C(OC)C=C6,O([C@H]1[C@@H]([C@@H](OCC2=CC=CC=C2)[C@H](OC(=O)C)[C@@H](COCC3=CC(N(=O)=O)=C(O)C=C3)O1)N4C(=O)C=5C(C4=O)=CC=CC5)C6=CC=C(OC)C=C6,False,True,True,1,57,COc1ccc(O[C@@H]2O[C@H](COCc3ccc(O)c([N+](=O)[O-])c3)[C@@H](OC(C)=O)[C@H](OCc3ccccc3)[C@H]2N2C(=O)c3ccccc3C2=O)cc1
806,805,N(C(C)=O)[C@@H]1[C@@H](O[C@@H](C(N[C@H](C(OCC[Si](C)(C)C)=O)C)=O)C)[C@H](OC(=O)C)[C@@H]](COC(C)=O)O[C@@H]1OCC2=CC=CC=C2,N(C(C)=O)[C@@H]1[C@@H](O[C@@H](C(N[C@H](C(OCC[Si](C)(C)C)=O)C)=O)C)[C@H](OC(=O)C)[C@@H](COC(C)=O)O[C@@H]1OCC2=CC=CC=C2,False,True,True,1,88,CC(=O)N[C@H]1[C@@H](OCc2ccccc2)O[C@H](COC(C)=O)[C@@H](OC(C)=O)[C@@H]1O[C@H](C)C(=O)N[C@@H](C)C(=O)OCC[Si](C)(C)C
807,806,O(CC1=CC=CC=C1)[C@@H]2[C@H]([C@H](OCCCCCN=[N+]=[N-])O[C@H](COCC3=CC=CC=C3)[C@H]2O[C@H]4[C@@H]([C@@H](OCC5=CC=CC=C5)[C@H](OC(=O)C)[C@@H]](COCC6=CC=CC=C6)O4)N7C(=O)C=8C(C7=O)=CC=CC8)N9C(=O)C=%10C(C9=O)=CC=CC%10,O(CC1=CC=CC=C1)[C@@H]2[C@H]([C@H](OCCCCCN=[N+]=[N-])O[C@H](COCC3=CC=CC=C3)[C@H]2O[C@H]4[C@@H]([C@@H](OCC5=CC=CC=C5)[C@H](OC(=O)C)[C@@H](COCC6=CC=CC=C6)O4)N7C(=O)C=8C(C7=O)=CC=CC8)N9C(=O)C=%10C(C9=O)=CC=CC%10,False,True,True,1,136,CC(=O)O[C@H]1[C@H](OCc2ccccc2)[C@@H](N2C(=O)c3ccccc3C2=O)[C@H](O[C@H]2[C@H](OCc3ccccc3)[C@@H](N3C(=O)c4ccccc4C3=O)[C@H](OCCCCCN=[N+]=[N-])O[C@@H]2COCc2ccccc2)O[C@@H]1COCc1ccccc1
808,807,S([C@H]1[C@@H]([C@@H](OC(C)=O)[C@H](OC(=O)C)[C@@H]](COCC2=CC=CC=C2)O1)N3C(=O)C=4C(C3=O)=CC=CC4)C5=CC=CC=C5,S([C@H]1[C@@H]([C@@H](OC(C)=O)[C@H](OC(=O)C)[C@@H](COCC2=CC=CC=C2)O1)N3C(=O)C=4C(C3=O)=CC=CC4)C5=CC=CC=C5,False,True,True,1,51,CC(=O)O[C@H]1[C@H](OC(C)=O)[C@@H](COCc2ccccc2)O[C@@H](Sc2ccccc2)[C@@H]1N1C(=O)c2ccccc2C1=O
809,808,S([C@H]1[C@@H]([C@@H](OC(C)=O)[C@H](OC(=O)C)[C@@H]](COCC2=CC=CC=C2)O1)N3C(=O)C=4C(C3=O)=CC=CC4)C5=CC=C(F)C=C5,S([C@H]1[C@@H]([C@@H](OC(C)=O)[C@H](OC(=O)C)[C@@H](COCC2=CC=CC=C2)O1)N3C(=O)C=4C(C3=O)=CC=CC4)C5=CC=C(F)C=C5,False,True,True,1,51,CC(=O)O[C@H]1[C@H](OC(C)=O)[C@@H](COCc2ccccc2)O[C@@H](Sc2ccc(F)cc2)[C@@H]1N1C(=O)c2ccccc2C1=O
810,809,S([C@H]1[C@@H]([C@@H](OC(C)=O)[C@H](OC(=O)C)[C@@H]](COCC2=CC=CC=C2)O1)N3C(=O)C=4C(C3=O)=CC(Cl)=C(Cl)C4)C5=CC=CC=C5,S([C@H]1[C@@H]([C@@H](OC(C)=O)[C@H](OC(=O)C)[C@@H](COCC2=CC=CC=C2)O1)N3C(=O)C=4C(C3=O)=CC(Cl)=C(Cl)C4)C5=CC=CC=C5,False,True,True,1,51,CC(=O)O[C@H]1[C@H](OC(C)=O)[C@@H](COCc2ccccc2)O[C@@H](Sc2ccccc2)[C@@H]1N1C(=O)c2cc(Cl)c(Cl)cc2C1=O
811,810,O(CC1=CC=CC=C1)[C@@H]2[C@H]([C@H](SCC)O[C@H](COCC3=CC=CC=C3)[C@H]2O[C@H]4[C@@H]([C@@H](OCC5=CC=CC=C5)[C@H](OC(=O)C)[C@@H]](COCC6=CC=CC=C6)O4)N7C(=O)C=8C(C7=O)=CC=CC8)N9C(=O)C=%10C(C9=O)=CC=CC%10,O(CC1=CC=CC=C1)[C@@H]2[C@H]([C@H](SCC)O[C@H](COCC3=CC=CC=C3)[C@H]2O[C@H]4[C@@H]([C@@H](OCC5=CC=CC=C5)[C@H](OC(=O)C)[C@@H](COCC6=CC=CC=C6)O4)N7C(=O)C=8C(C7=O)=CC=CC8)N9C(=O)C=%10C(C9=O)=CC=CC%10,False,True,True,1,122,CCS[C@@H]1O[C@H](COCc2ccccc2)[C@@H](O[C@@H]2O[C@H](COCc3ccccc3)[C@@H](OC(C)=O)[C@H](OCc3ccccc3)[C@H]2N2C(=O)c3ccccc3C2=O)[C@H](OCc2ccccc2)[C@H]1N1C(=O)c2ccccc2C1=O
812,811,O([C@@H]1[C@@H](OCC2=CC=CC=C2)[C@H](O[C@H]3[C@H](OCC4=CC=CC=C4)[C@@H](OCC5=CC=CC=C5)[C@H](OCC[Si](C)(C)C)O[C@@H]3COCC6=CC=CC=C6)O[C@H](COCC7=CC=CC=C7)[C@@H]1OCC8=CC=CC=C8)[C@H]9[C@H](NC(CCCCCCCCCCCCCCC)=O)[C@@H](OCC%10=CC=CC=C%10)[C@H](OC(=O)C)[C@@H]](COCC%11=CC=CC=C%11)O9,O([C@@H]1[C@@H](OCC2=CC=CC=C2)[C@H](O[C@H]3[C@H](OCC4=CC=CC=C4)[C@@H](OCC5=CC=CC=C5)[C@H](OCC[Si](C)(C)C)O[C@@H]3COCC6=CC=CC=C6)O[C@H](COCC7=CC=CC=C7)[C@@H]1OCC8=CC=CC=C8)[C@H]9[C@H](NC(CCCCCCCCCCCCCCC)=O)[C@@H](OCC%10=CC=CC=C%10)[C@H](OC(=O)C)[C@@H](COCC%11=CC=CC=C%11)O9,False,True,True,1,251,CCCCCCCCCCCCCCCC(=O)N[C@H]1[C@H](O[C@H]2[C@@H](OCc3ccccc3)[C@@H](COCc3ccccc3)O[C@@H](O[C@H]3[C@H](OCc4ccccc4)[C@@H](OCc4ccccc4)[C@H](OCC[Si](C)(C)C)O[C@@H]3COCc3ccccc3)[C@@H]2OCc2ccccc2)O[C@H](COCc2ccccc2)[C@@H](OC(C)=O)[C@@H]1OCc1ccccc1
813,812,O([C@@H]1[C@@H](OCC2=CC=CC=C2)[C@H](O[C@H]3[C@H](OCC4=CC=CC=C4)[C@@H](OCC5=CC=CC=C5)[C@H](OCC[Si](C)(C)C)O[C@@H]3COCC6=CC=CC=C6)O[C@H](COCC7=CC=CC=C7)[C@@H]1OCC8=CC=CC=C8)[C@H]9[C@H](NC(CCCCCCCCCCC)=O)[C@@H](OCC%10=CC=CC=C%10)[C@H](OC(=O)C)[C@@H]](COCC%11=CC=CC=C%11)O9,O([C@@H]1[C@@H](OCC2=CC=CC=C2)[C@H](O[C@H]3[C@H](OCC4=CC=CC=C4)[C@@H](OCC5=CC=CC=C5)[C@H](OCC[Si](C)(C)C)O[C@@H]3COCC6=CC=CC=C6)O[C@H](COCC7=CC=CC=C7)[C@@H]1OCC8=CC=CC=C8)[C@H]9[C@H](NC(CCCCCCCCCCC)=O)[C@@H](OCC%10=CC=CC=C%10)[C@H](OC(=O)C)[C@@H](COCC%11=CC=CC=C%11)O9,False,True,True,1,247,CCCCCCCCCCCC(=O)N[C@H]1[C@H](O[C@H]2[C@@H](OCc3ccccc3)[C@@H](COCc3ccccc3)O[C@@H](O[C@H]3[C@H](OCc4ccccc4)[C@@H](OCc4ccccc4)[C@H](OCC[Si](C)(C)C)O[C@@H]3COCc3ccccc3)[C@@H]2OCc2ccccc2)O[C@H](COCc2ccccc2)[C@@H](OC(C)=O)[C@@H]1OCc1ccccc1
814,813,S([C@H]1[C@@H]([C@@H](OC(C)=O)[C@H](OC(=O)C)[C@@H]](COCC2=CC=CC=C2)O1)N3C(=O)C=4C(C3=O)=CC=CC4)C5=CC=CC=C5,S([C@H]1[C@@H]([C@@H](OC(C)=O)[C@H](OC(=O)C)[C@@H](COCC2=CC=CC=C2)O1)N3C(=O)C=4C(C3=O)=CC=CC4)C5=CC=CC=C5,False,True,True,1,51,CC(=O)O[C@H]1[C@H](OC(C)=O)[C@@H](COCc2ccccc2)O[C@@H](Sc2ccccc2)[C@@H]1N1C(=O)c2ccccc2C1=O
815,814,S([C@H]1[C@@H]([C@@H](OC(C)=O)[C@H](OC(=O)C)[C@@H]](COCC2=CC=CC=C2)O1)N3C(=O)C=4C(C3=O)=CC=CC4)C5=CC=CC=C5,S([C@H]1[C@@H]([C@@H](OC(C)=O)[C@H](OC(=O)C)[C@@H](COCC2=CC=CC=C2)O1)N3C(=O)C=4C(C3=O)=CC=CC4)C5=CC=CC=C5,False,True,True,1,51,CC(=O)O[C@H]1[C@H](OC(C)=O)[C@@H](COCc2ccccc2)O[C@@H](Sc2ccccc2)[C@@H]1N1C(=O)c2ccccc2C1=O
816,815,S([C@H]1[C@@H]([C@@H](OC(C)=O)[C@H](OC(=O)C)[C@@H]](COCC2=CC=CC=C2)O1)N3C(=O)C=4C(C3=O)=CC=CC4)C5=CC=CC=C5,S([C@H]1[C@@H]([C@@H](OC(C)=O)[C@H](OC(=O)C)[C@@H](COCC2=CC=CC=C2)O1)N3C(=O)C=4C(C3=O)=CC=CC4)C5=CC=CC=C5,False,True,True,1,51,CC(=O)O[C@H]1[C@H](OC(C)=O)[C@@H](COCc2ccccc2)O[C@@H](Sc2ccccc2)[C@@H]1N1C(=O)c2ccccc2C1=O
817,816,S([C@H]1[C@]2([C@]([C@H](OC(=O)C)[C@@H]](COCC3=CC=CC=C3)O1)(OC(=O)N2C(C)=O)[H])[H])C4=CC=C(C)C=C4,S([C@H]1[C@]2([C@]([C@H](OC(=O)C)[C@@H](COCC3=CC=CC=C3)O1)(OC(=O)N2C(C)=O)[H])[H])C4=CC=C(C)C=C4,False,True,True,1,40,CC(=O)O[C@H]1[C@@H]2OC(=O)N(C(C)=O)[C@H]2[C@H](Sc2ccc(C)cc2)O[C@@H]1COCc1ccccc1
818,817,O(CC1=CC=CC=C1)[C@@H]2[C@H]([C@H](N=[N+]=[N-])O[C@H](COCC3=CC=CC=C3)[C@H]2O[C@H]4[C@@H]([C@@H](OCC5=CC=CC=C5)[C@H](OC(=O)C)[C@@H]](COCC6=CC=CC=C6)O4)N7C(=O)C=8C(C7=O)=CC=CC8)N9C(=O)C=%10C(C9=O)=CC=CC%10,O(CC1=CC=CC=C1)[C@@H]2[C@H]([C@H](N=[N+]=[N-])O[C@H](COCC3=CC=CC=C3)[C@H]2O[C@H]4[C@@H]([C@@H](OCC5=CC=CC=C5)[C@H](OC(=O)C)[C@@H](COCC6=CC=CC=C6)O4)N7C(=O)C=8C(C7=O)=CC=CC8)N9C(=O)C=%10C(C9=O)=CC=CC%10,False,True,True,1,130,CC(=O)O[C@H]1[C@H](OCc2ccccc2)[C@@H](N2C(=O)c3ccccc3C2=O)[C@H](O[C@H]2[C@H](OCc3ccccc3)[C@@H](N3C(=O)c4ccccc4C3=O)[C@H](N=[N+]=[N-])O[C@@H]2COCc2ccccc2)O[C@@H]1COCc1ccccc1
819,818,O(CC1=CC=CC=C1)[C@@H]2[C@H]([C@H](N=[N+]=[N-])O[C@H](COCC3=CC=CC=C3)[C@H]2O[C@H]4[C@@H]([C@@H](OCC5=CC=CC=C5)[C@H](OC(=O)C)[C@@H]](COCC6=CC=CC=C6)O4)N7C(=O)C=8C(C7=O)=CC=CC8)N9C(=O)C=%10C(C9=O)=CC=CC%10,O(CC1=CC=CC=C1)[C@@H]2[C@H]([C@H](N=[N+]=[N-])O[C@H](COCC3=CC=CC=C3)[C@H]2O[C@H]4[C@@H]([C@@H](OCC5=CC=CC=C5)[C@H](OC(=O)C)[C@@H](COCC6=CC=CC=C6)O4)N7C(=O)C=8C(C7=O)=CC=CC8)N9C(=O)C=%10C(C9=O)=CC=CC%10,False,True,True,1,130,CC(=O)O[C@H]1[C@H](OCc2ccccc2)[C@@H](N2C(=O)c3ccccc3C2=O)[C@H](O[C@H]2[C@H](OCc3ccccc3)[C@@H](N3C(=O)c4ccccc4C3=O)[C@H](N=[N+]=[N-])O[C@@H]2COCc2ccccc2)O[C@@H]1COCc1ccccc1
820,819,O(CC1=CC=CC=C1)[C@@H]2[C@H]([C@H](N=[N+]=[N-])O[C@H](COCC3=CC=CC=C3)[C@H]2O[C@H]4[C@@H]([C@@H](OCC5=CC=CC=C5)[C@H](OC(=O)C)[C@@H]](COCC6=CC=CC=C6)O4)N7C(=O)C=8C(C7=O)=CC=CC8)N9C(=O)C=%10C(C9=O)=CC=CC%10,O(CC1=CC=CC=C1)[C@@H]2[C@H]([C@H](N=[N+]=[N-])O[C@H](COCC3=CC=CC=C3)[C@H]2O[C@H]4[C@@H]([C@@H](OCC5=CC=CC=C5)[C@H](OC(=O)C)[C@@H](COCC6=CC=CC=C6)O4)N7C(=O)C=8C(C7=O)=CC=CC8)N9C(=O)C=%10C(C9=O)=CC=CC%10,False,True,True,1,130,CC(=O)O[C@H]1[C@H](OCc2ccccc2)[C@@H](N2C(=O)c3ccccc3C2=O)[C@H](O[C@H]2[C@H](OCc3ccccc3)[C@@H](N3C(=O)c4ccccc4C3=O)[C@H](N=[N+]=[N-])O[C@@H]2COCc2ccccc2)O[C@@H]1COCc1ccccc1
821,820,O(C(CCl)=O)[C@@H]1[C@H]([C@H](SC2=CC=C(C)C=C2)O[C@H](COCC3=CC=CC=C3)[C@H]1O[C@H]4[C@@H]([C@@H](OCC5=CC=CC=C5)[C@H](OC(=O)C)[C@@H]](COCC6=CC=CC=C6)O4)N7C(=O)C=8C(C7=O)=CC=CC8)N9C(=O)C=%10C(C9=O)=CC=CC%10,O(C(CCl)=O)[C@@H]1[C@H]([C@H](SC2=CC=C(C)C=C2)O[C@H](COCC3=CC=CC=C3)[C@H]1O[C@H]4[C@@H]([C@@H](OCC5=CC=CC=C5)[C@H](OC(=O)C)[C@@H](COCC6=CC=CC=C6)O4)N7C(=O)C=8C(C7=O)=CC=CC8)N9C(=O)C=%10C(C9=O)=CC=CC%10,False,True,True,1,130,CC(=O)O[C@H]1[C@H](OCc2ccccc2)[C@@H](N2C(=O)c3ccccc3C2=O)[C@H](O[C@H]2[C@H](OC(=O)CCl)[C@@H](N3C(=O)c4ccccc4C3=O)[C@H](Sc3ccc(C)cc3)O[C@@H]2COCc2ccccc2)O[C@@H]1COCc1ccccc1
822,821,C(C(OC(C)=O)CF)[C@H]1[C@@H]([C@@H](OCC2=CC=CC=C2)[C@H](OC(=O)C)[C@@H]](COCC3=CC=CC=C3)O1)N4C(=O)C=5C(C4=O)=CC=CC5,C(C(OC(C)=O)CF)[C@H]1[C@@H]([C@@H](OCC2=CC=CC=C2)[C@H](OC(=O)C)[C@@H](COCC3=CC=CC=C3)O1)N4C(=O)C=5C(C4=O)=CC=CC5,False,True,True,1,70,CC(=O)OC(CF)C[C@@H]1O[C@H](COCc2ccccc2)[C@@H](OC(C)=O)[C@H](OCc2ccccc2)[C@H]1N1C(=O)c2ccccc2C1=O
823,822,O(CC1=CC=CC=C1)[C@@H]2[C@H]([C@H](N=[N+]=[N-])O[C@H](COCC3=CC=CC=C3)[C@H]2O[C@H]4[C@@H]([C@@H](OCC5=CC=CC=C5)[C@H](OC(=O)C)[C@@H]](COCC6=CC=CC=C6)O4)N7C(=O)C=8C(C7=O)=CC=CC8)N9C(=O)C=%10C(C9=O)=CC=CC%10,O(CC1=CC=CC=C1)[C@@H]2[C@H]([C@H](N=[N+]=[N-])O[C@H](COCC3=CC=CC=C3)[C@H]2O[C@H]4[C@@H]([C@@H](OCC5=CC=CC=C5)[C@H](OC(=O)C)[C@@H](COCC6=CC=CC=C6)O4)N7C(=O)C=8C(C7=O)=CC=CC8)N9C(=O)C=%10C(C9=O)=CC=CC%10,False,True,True,1,130,CC(=O)O[C@H]1[C@H](OCc2ccccc2)[C@@H](N2C(=O)c3ccccc3C2=O)[C@H](O[C@H]2[C@H](OCc3ccccc3)[C@@H](N3C(=O)c4ccccc4C3=O)[C@H](N=[N+]=[N-])O[C@@H]2COCc2ccccc2)O[C@@H]1COCc1ccccc1
824,823,C([C@@H](OC(=O)C1=CC=CC=C1)CF)[C@H]2[C@@H]([C@@H](OCC3=CC=CC=C3)[C@H](OC(=O)C)[C@@H]](COCC4=CC=CC=C4)O2)N5C(=O)C=6C(C5=O)=CC=CC6,C([C@@H](OC(=O)C1=CC=CC=C1)CF)[C@H]2[C@@H]([C@@H](OCC3=CC=CC=C3)[C@H](OC(=O)C)[C@@H](COCC4=CC=CC=C4)O2)N5C(=O)C=6C(C5=O)=CC=CC6,False,True,True,1,85,CC(=O)O[C@H]1[C@H](OCc2ccccc2)[C@@H](N2C(=O)c3ccccc3C2=O)[C@H](C[C@H](CF)OC(=O)c2ccccc2)O[C@@H]1COCc1ccccc1
825,824,O([C@H]1[C@@H]([C@@H](OCC2=CC=CC=C2)[C@H](OC(=O)C)[C@@H]](COCC3=CC=CC=C3)O1)N4C(=O)C=5C(C4=O)=CC=CC5)C6=CC=C(OC)C=C6,O([C@H]1[C@@H]([C@@H](OCC2=CC=CC=C2)[C@H](OC(=O)C)[C@@H](COCC3=CC=CC=C3)O1)N4C(=O)C=5C(C4=O)=CC=CC5)C6=CC=C(OC)C=C6,False,True,True,1,57,COc1ccc(O[C@@H]2O[C@H](COCc3ccccc3)[C@@H](OC(C)=O)[C@H](OCc3ccccc3)[C@H]2N2C(=O)c3ccccc3C2=O)cc1
826,825,O([C@H]1[C@@H](OCC2=CC=CC=C2)[C@H](OCC3=CC=CC=C3)[C@@H](COCC4=CC=CC=C4)O[C@@H]1OCC=C)[C@H]5[C@H](NC(OCC(Cl)(Cl)Cl)=O)[C@@H](OCC6=CC=CC=C6)[C@H](OC(=O)C)[C@@H]](COCC7=CC=CC=C7)O5,O([C@H]1[C@@H](OCC2=CC=CC=C2)[C@H](OCC3=CC=CC=C3)[C@@H](COCC4=CC=CC=C4)O[C@@H]1OCC=C)[C@H]5[C@H](NC(OCC(Cl)(Cl)Cl)=O)[C@@H](OCC6=CC=CC=C6)[C@H](OC(=O)C)[C@@H](COCC7=CC=CC=C7)O5,False,True,True,1,159,C=CCO[C@H]1O[C@H](COCc2ccccc2)[C@@H](OCc2ccccc2)[C@H](OCc2ccccc2)[C@@H]1O[C@@H]1O[C@H](COCc2ccccc2)[C@@H](OC(C)=O)[C@H](OCc2ccccc2)[C@H]1NC(=O)OCC(Cl)(Cl)Cl
827,826,O([C@H]1[C@@H](OCC2=CC=CC=C2)[C@H](OCC3=CC=CC=C3)[C@@H](COCC4=CC=CC=C4)O[C@@H]1OCC=C)[C@H]5[C@H](NC(OCC(Cl)(Cl)Cl)=O)[C@@H](OCC6=CC=CC=C6)[C@H](OC(=O)C)[C@@H]](COCC7=CC=CC=C7)O5,O([C@H]1[C@@H](OCC2=CC=CC=C2)[C@H](OCC3=CC=CC=C3)[C@@H](COCC4=CC=CC=C4)O[C@@H]1OCC=C)[C@H]5[C@H](NC(OCC(Cl)(Cl)Cl)=O)[C@@H](OCC6=CC=CC=C6)[C@H](OC(=O)C)[C@@H](COCC7=CC=CC=C7)O5,False,True,True,1,159,C=CCO[C@H]1O[C@H](COCc2ccccc2)[C@@H](OCc2ccccc2)[C@H](OCc2ccccc2)[C@@H]1O[C@@H]1O[C@H](COCc2ccccc2)[C@@H](OC(C)=O)[C@H](OCc2ccccc2)[C@H]1NC(=O)OCC(Cl)(Cl)Cl
828,827,S([C@H]1[C@@H]([C@@H](OC(C)=O)[C@H](OC(=O)C)[C@@H]](COCC2=CC=CC=C2)O1)N3C(=O)C=4C(C3=O)=C(Cl)C(Cl)=C(Cl)C4Cl)C5=CC=CC=C5,S([C@H]1[C@@H]([C@@H](OC(C)=O)[C@H](OC(=O)C)[C@@H](COCC2=CC=CC=C2)O1)N3C(=O)C=4C(C3=O)=C(Cl)C(Cl)=C(Cl)C4Cl)C5=CC=CC=C5,False,True,True,1,51,CC(=O)O[C@H]1[C@H](OC(C)=O)[C@@H](COCc2ccccc2)O[C@@H](Sc2ccccc2)[C@@H]1N1C(=O)c2c(Cl)c(Cl)c(Cl)c(Cl)c2C1=O
829,828,S(=O)([C@H]1[C@@H]([C@@H](OCC2=CC=CC=C2)[C@H](OC(=O)C)[C@@H]](COCC3=CC=CC=C3)O1)N4C(=O)C=5C(C4=O)=C(Cl)C(Cl)=C(Cl)C5Cl)C6=CC=CC=C6,S(=O)([C@H]1[C@@H]([C@@H](OCC2=CC=CC=C2)[C@H](OC(=O)C)[C@@H](COCC3=CC=CC=C3)O1)N4C(=O)C=5C(C4=O)=C(Cl)C(Cl)=C(Cl)C5Cl)C6=CC=CC=C6,False,True,True,1,61,CC(=O)O[C@H]1[C@H](OCc2ccccc2)[C@@H](N2C(=O)c3c(Cl)c(Cl)c(Cl)c(Cl)c3C2=O)[C@H](S(=O)c2ccccc2)O[C@@H]1COCc1ccccc1
830,829,O(CC1=CC=CC=C1)[C@@H]2[C@H]([C@H](N=[N+]=[N-])O[C@H](COCC3=CC=CC=C3)[C@H]2O[C@H]4[C@@H]([C@@H](OCC5=CC=CC=C5)[C@H](OC(=O)C)[C@@H]](COCC6=CC=CC=C6)O4)N7C(=O)C=8C(C7=O)=CC=CC8)N9C(=O)C=%10C(C9=O)=CC=CC%10,O(CC1=CC=CC=C1)[C@@H]2[C@H]([C@H](N=[N+]=[N-])O[C@H](COCC3=CC=CC=C3)[C@H]2O[C@H]4[C@@H]([C@@H](OCC5=CC=CC=C5)[C@H](OC(=O)C)[C@@H](COCC6=CC=CC=C6)O4)N7C(=O)C=8C(C7=O)=CC=CC8)N9C(=O)C=%10C(C9=O)=CC=CC%10,False,True,True,1,130,CC(=O)O[C@H]1[C@H](OCc2ccccc2)[C@@H](N2C(=O)c3ccccc3C2=O)[C@H](O[C@H]2[C@H](OCc3ccccc3)[C@@H](N3C(=O)c4ccccc4C3=O)[C@H](N=[N+]=[N-])O[C@@H]2COCc2ccccc2)O[C@@H]1COCc1ccccc1
831,830,O(C(C)=O)[C@@H]1[C@H]([C@H](N=[N+]=[N-])O[C@H](COC(C)=O)[C@H]1O[C@H]2[C@@H]([C@@H](OC(C)=O)[C@H](OC(=O)C)[C@@H]](COC(C)=O)O2)N3C(=O)C=4C(C3=O)=CC=CC4)N5C(=O)C=6C(C5=O)=CC=CC6,O(C(C)=O)[C@@H]1[C@H]([C@H](N=[N+]=[N-])O[C@H](COC(C)=O)[C@H]1O[C@H]2[C@@H]([C@@H](OC(C)=O)[C@H](OC(=O)C)[C@@H](COC(C)=O)O2)N3C(=O)C=4C(C3=O)=CC=CC4)N5C(=O)C=6C(C5=O)=CC=CC6,False,True,True,1,112,CC(=O)OC[C@H]1O[C@@H](N=[N+]=[N-])[C@H](N2C(=O)c3ccccc3C2=O)[C@@H](OC(C)=O)[C@@H]1O[C@@H]1O[C@H](COC(C)=O)[C@@H](OC(C)=O)[C@H](OC(C)=O)[C@H]1N1C(=O)c2ccccc2C1=O
832,831,O([C@H]1[C@@H]([C@@H](OCC2=CC=CC=C2)[C@H](OC(=O)C)[C@@H]](COCC3=CC=CC=C3)O1)N4C(=O)C=5C(C4=O)=CC=CC5)C6=CC=C(OC)C=C6,O([C@H]1[C@@H]([C@@H](OCC2=CC=CC=C2)[C@H](OC(=O)C)[C@@H](COCC3=CC=CC=C3)O1)N4C(=O)C=5C(C4=O)=CC=CC5)C6=CC=C(OC)C=C6,False,True,True,1,57,COc1ccc(O[C@@H]2O[C@H](COCc3ccccc3)[C@@H](OC(C)=O)[C@H](OCc3ccccc3)[C@H]2N2C(=O)c3ccccc3C2=O)cc1
833,832,O([C@H]1[C@@H]([C@@H](OCC2=CC=CC=C2)[C@H](OC(=O)C)[C@@H]](COCC3=CC=CC=C3)O1)N4C(=O)C=5C(C4=O)=CC=CC5)C6=CC=C(OC)C=C6,O([C@H]1[C@@H]([C@@H](OCC2=CC=CC=C2)[C@H](OC(=O)C)[C@@H](COCC3=CC=CC=C3)O1)N4C(=O)C=5C(C4=O)=CC=CC5)C6=CC=C(OC)C=C6,False,True,True,1,57,COc1ccc(O[C@@H]2O[C@H](COCc3ccccc3)[C@@H](OC(C)=O)[C@H](OCc3ccccc3)[C@H]2N2C(=O)c3ccccc3C2=O)cc1
834,833,O([C@H]1[C@@H]([C@@H](OCC2=CC=CC=C2)[C@H](OC(=O)C)[C@@H]](COCC3=CC=CC=C3)O1)N4C(=O)C=5C(C4=O)=CC=CC5)C6=CC=C(OC)C=C6,O([C@H]1[C@@H]([C@@H](OCC2=CC=CC=C2)[C@H](OC(=O)C)[C@@H](COCC3=CC=CC=C3)O1)N4C(=O)C=5C(C4=O)=CC=CC5)C6=CC=C(OC)C=C6,False,True,True,1,57,COc1ccc(O[C@@H]2O[C@H](COCc3ccccc3)[C@@H](OC(C)=O)[C@H](OCc3ccccc3)[C@H]2N2C(=O)c3ccccc3C2=O)cc1
835,834,N(=[N+]=[N-])[C@H]1[C@@H]([C@@H](O)[C@H](O[C@H]2[C@@H]([C@@H](O)[C@H](OC(=O)C)[C@@H]](COCC3=CC=CC=C3)O2)N4C(=O)C=5C(C4=O)=CC=CC5)[C@@H](COCC6=CC=C(OC)C=C6)O1)N7C(=O)C=8C(C7=O)=CC=CC8,N(=[N+]=[N-])[C@H]1[C@@H]([C@@H](O)[C@H](O[C@H]2[C@@H]([C@@H](O)[C@H](OC(=O)C)[C@@H](COCC3=CC=CC=C3)O2)N4C(=O)C=5C(C4=O)=CC=CC5)[C@@H](COCC6=CC=C(OC)C=C6)O1)N7C(=O)C=8C(C7=O)=CC=CC8,False,True,True,1,85,COc1ccc(COC[C@H]2O[C@@H](N=[N+]=[N-])[C@H](N3C(=O)c4ccccc4C3=O)[C@@H](O)[C@@H]2O[C@@H]2O[C@H](COCc3ccccc3)[C@@H](OC(C)=O)[C@H](O)[C@H]2N2C(=O)c3ccccc3C2=O)cc1
836,835,O(C(C)=O)[C@@H]1[C@H]([C@H](N=[N+]=[N-])O[C@H](COC(C)=O)[C@H]1O[C@H]2[C@@H]([C@@H](OC(C)=O)[C@H](OC(=O)C)[C@@H]](COC(C)=O)O2)N3C(=O)C=4C(C3=O)=CC=CC4)N5C(=O)C=6C(C5=O)=CC=CC6,O(C(C)=O)[C@@H]1[C@H]([C@H](N=[N+]=[N-])O[C@H](COC(C)=O)[C@H]1O[C@H]2[C@@H]([C@@H](OC(C)=O)[C@H](OC(=O)C)[C@@H](COC(C)=O)O2)N3C(=O)C=4C(C3=O)=CC=CC4)N5C(=O)C=6C(C5=O)=CC=CC6,False,True,True,1,112,CC(=O)OC[C@H]1O[C@@H](N=[N+]=[N-])[C@H](N2C(=O)c3ccccc3C2=O)[C@@H](OC(C)=O)[C@@H]1O[C@@H]1O[C@H](COC(C)=O)[C@@H](OC(C)=O)[C@H](OC(C)=O)[C@H]1N1C(=O)c2ccccc2C1=O
837,836,O(CC1=CC=CC=C1)[C@@H]2[C@H]([C@H](N=[N+]=[N-])O[C@H](COCC3=CC=CC=C3)[C@H]2O[C@H]4[C@@H]([C@@H](OCC5=CC=CC=C5)[C@H](OC(=O)C)[C@@H]](COCC6=CC=CC=C6)O4)N7C(=O)C=8C(C7=O)=CC=CC8)N9C(=O)C=%10C(C9=O)=CC=CC%10,O(CC1=CC=CC=C1)[C@@H]2[C@H]([C@H](N=[N+]=[N-])O[C@H](COCC3=CC=CC=C3)[C@H]2O[C@H]4[C@@H]([C@@H](OCC5=CC=CC=C5)[C@H](OC(=O)C)[C@@H](COCC6=CC=CC=C6)O4)N7C(=O)C=8C(C7=O)=CC=CC8)N9C(=O)C=%10C(C9=O)=CC=CC%10,False,True,True,1,130,CC(=O)O[C@H]1[C@H](OCc2ccccc2)[C@@H](N2C(=O)c3ccccc3C2=O)[C@H](O[C@H]2[C@H](OCc3ccccc3)[C@@H](N3C(=O)c4ccccc4C3=O)[C@H](N=[N+]=[N-])O[C@@H]2COCc2ccccc2)O[C@@H]1COCc1ccccc1
838,837,S([C@H]1[C@@H]([C@@H](OCC2=CC=CC=C2)[C@H](OC(=O)C)[C@@H]](COC(=O)C3=C(F)C(F)=C(F)C(F)=C3F)O1)N4C(=O)C=5C(C4=O)=CC=CC5)C6=CC=CC=C6,S([C@H]1[C@@H]([C@@H](OCC2=CC=CC=C2)[C@H](OC(=O)C)[C@@H](COC(=O)C3=C(F)C(F)=C(F)C(F)=C3F)O1)N4C(=O)C=5C(C4=O)=CC=CC5)C6=CC=CC=C6,False,True,True,1,57,CC(=O)O[C@H]1[C@H](OCc2ccccc2)[C@@H](N2C(=O)c3ccccc3C2=O)[C@H](Sc2ccccc2)O[C@@H]1COC(=O)c1c(F)c(F)c(F)c(F)c1F
839,838,O(C(C)=O)[C@@H]1[C@H]([C@H](N=[N+]=[N-])O[C@H](COC(C)=O)[C@H]1O[C@H]2[C@@H]([C@@H](OC(C)=O)[C@H](OC(=O)C)[C@@H]](COC(C)=O)O2)N3C(=O)C=4C(C3=O)=CC=CC4)N5C(=O)C=6C(C5=O)=CC=CC6,O(C(C)=O)[C@@H]1[C@H]([C@H](N=[N+]=[N-])O[C@H](COC(C)=O)[C@H]1O[C@H]2[C@@H]([C@@H](OC(C)=O)[C@H](OC(=O)C)[C@@H](COC(C)=O)O2)N3C(=O)C=4C(C3=O)=CC=CC4)N5C(=O)C=6C(C5=O)=CC=CC6,False,True,True,1,112,CC(=O)OC[C@H]1O[C@@H](N=[N+]=[N-])[C@H](N2C(=O)c3ccccc3C2=O)[C@@H](OC(C)=O)[C@@H]1O[C@@H]1O[C@H](COC(C)=O)[C@@H](OC(C)=O)[C@H](OC(C)=O)[C@H]1N1C(=O)c2ccccc2C1=O
840,839,S([C@H]1[C@@H]([C@@H](OC(C)=O)[C@H](OC(=O)C)[C@@H]](COCC2=CC=CC=C2)O1)N3C(=O)C=4C(C3=O)=C(Cl)C(Cl)=C(Cl)C4Cl)C5=CC=CC=C5,S([C@H]1[C@@H]([C@@H](OC(C)=O)[C@H](OC(=O)C)[C@@H](COCC2=CC=CC=C2)O1)N3C(=O)C=4C(C3=O)=C(Cl)C(Cl)=C(Cl)C4Cl)C5=CC=CC=C5,False,True,True,1,51,CC(=O)O[C@H]1[C@H](OC(C)=O)[C@@H](COCc2ccccc2)O[C@@H](Sc2ccccc2)[C@@H]1N1C(=O)c2c(Cl)c(Cl)c(Cl)c(Cl)c2C1=O
841,840,S([C@H]1[C@@H]([C@@H](OC(C)=O)[C@H](OC(=O)C)[C@@H]](COCC2=CC=CC=C2)O1)N3C(=O)C=4C(C3=O)=CC(Cl)=C(Cl)C4)C5=CC=CC=C5,S([C@H]1[C@@H]([C@@H](OC(C)=O)[C@H](OC(=O)C)[C@@H](COCC2=CC=CC=C2)O1)N3C(=O)C=4C(C3=O)=CC(Cl)=C(Cl)C4)C5=CC=CC=C5,False,True,True,1,51,CC(=O)O[C@H]1[C@H](OC(C)=O)[C@@H](COCc2ccccc2)O[C@@H](Sc2ccccc2)[C@@H]1N1C(=O)c2cc(Cl)c(Cl)cc2C1=O
842,841,S([C@H]1[C@@H]([C@@H](OC(C)=O)[C@H](OC(=O)C)[C@@H]](COCC2=CC=CC=C2)O1)N3C(=O)C=4C(C3=O)=C(Cl)C(Cl)=C(Cl)C4Cl)C5=CC=CC=C5,S([C@H]1[C@@H]([C@@H](OC(C)=O)[C@H](OC(=O)C)[C@@H](COCC2=CC=CC=C2)O1)N3C(=O)C=4C(C3=O)=C(Cl)C(Cl)=C(Cl)C4Cl)C5=CC=CC=C5,False,True,True,1,51,CC(=O)O[C@H]1[C@H](OC(C)=O)[C@@H](COCc2ccccc2)O[C@@H](Sc2ccccc2)[C@@H]1N1C(=O)c2c(Cl)c(Cl)c(Cl)c(Cl)c2C1=O
843,842,O([C@H]1[C@@H](OCC2=CC=CC=C2)[C@H](OCC3=CC=CC=C3)[C@@H](COCC4=CC=CC=C4)O[C@@H]1OCC=C)[C@H]5[C@H](NC(OCC(Cl)(Cl)Cl)=O)[C@@H](OCC6=CC=CC=C6)[C@H](OC(=O)C)[C@@H]](COCC7=CC=CC=C7)O5,O([C@H]1[C@@H](OCC2=CC=CC=C2)[C@H](OCC3=CC=CC=C3)[C@@H](COCC4=CC=CC=C4)O[C@@H]1OCC=C)[C@H]5[C@H](NC(OCC(Cl)(Cl)Cl)=O)[C@@H](OCC6=CC=CC=C6)[C@H](OC(=O)C)[C@@H](COCC7=CC=CC=C7)O5,False,True,True,1,159,C=CCO[C@H]1O[C@H](COCc2ccccc2)[C@@H](OCc2ccccc2)[C@H](OCc2ccccc2)[C@@H]1O[C@@H]1O[C@H](COCc2ccccc2)[C@@H](OC(C)=O)[C@H](OCc2ccccc2)[C@H]1NC(=O)OCC(Cl)(Cl)Cl
844,843,O([C@H]1[C@@H](OCC2=CC=CC=C2)[C@H](OCC3=CC=CC=C3)[C@@H](COCC4=CC=CC=C4)O[C@@H]1OCC=C)[C@H]5[C@H](NC(OCC(Cl)(Cl)Cl)=O)[C@@H](OCC6=CC=CC=C6)[C@H](OC(=O)C)[C@@H]](COCC7=CC=CC=C7)O5,O([C@H]1[C@@H](OCC2=CC=CC=C2)[C@H](OCC3=CC=CC=C3)[C@@H](COCC4=CC=CC=C4)O[C@@H]1OCC=C)[C@H]5[C@H](NC(OCC(Cl)(Cl)Cl)=O)[C@@H](OCC6=CC=CC=C6)[C@H](OC(=O)C)[C@@H](COCC7=CC=CC=C7)O5,False,True,True,1,159,C=CCO[C@H]1O[C@H](COCc2ccccc2)[C@@H](OCc2ccccc2)[C@H](OCc2ccccc2)[C@@H]1O[C@@H]1O[C@H](COCc2ccccc2)[C@@H](OC(C)=O)[C@H](OCc2ccccc2)[C@H]1NC(=O)OCC(Cl)(Cl)Cl
845,844,O([C@H]1[C@@H](OCC2=CC=CC=C2)[C@H](OCC3=CC=CC=C3)[C@@H](CO[C@H]4[C@H](NC(OCC(Cl)(Cl)Cl)=O)[C@@H](OCC5=CC=CC=C5)[C@H](OC(=O)C)[C@@H]](COCC6=CC=CC=C6)O4)O[C@@H]1OC7=CC=C(OC)C=C7)[C@H]8[C@H](NC(OCC(Cl)(Cl)Cl)=O)[C@@H](OCC9=CC=CC=C9)[C@H](O[C@H]%10[C@H](OC(C)=O)[C@@H](OCC%11=CC=CC=C%11)[C@@H](OCC%12=CC=CC=C%12)[C@@H](COCC%13=CC=CC=C%13)O%10)[C@@H](COCC%14=CC=CC=C%14)O8,O([C@H]1[C@@H](OCC2=CC=CC=C2)[C@H](OCC3=CC=CC=C3)[C@@H](CO[C@H]4[C@H](NC(OCC(Cl)(Cl)Cl)=O)[C@@H](OCC5=CC=CC=C5)[C@H](OC(=O)C)[C@@H](COCC6=CC=CC=C6)O4)O[C@@H]1OC7=CC=C(OC)C=C7)[C@H]8[C@H](NC(OCC(Cl)(Cl)Cl)=O)[C@@H](OCC9=CC=CC=C9)[C@H](O[C@H]%10[C@H](OC(C)=O)[C@@H](OCC%11=CC=CC=C%11)[C@@H](OCC%12=CC=CC=C%12)[C@@H](COCC%13=CC=CC=C%13)O%10)[C@@H](COCC%14=CC=CC=C%14)O8,False,True,True,1,132,COc1ccc(O[C@H]2O[C@H](CO[C@@H]3O[C@H](COCc4ccccc4)[C@@H](OC(C)=O)[C@H](OCc4ccccc4)[C@H]3NC(=O)OCC(Cl)(Cl)Cl)[C@@H](OCc3ccccc3)[C@H](OCc3ccccc3)[C@@H]2O[C@@H]2O[C@H](COCc3ccccc3)[C@@H](O[C@@H]3O[C@H](COCc4ccccc4)[C@H](OCc4ccccc4)[C@H](OCc4ccccc4)[C@H]3OC(C)=O)[C@H](OCc3ccccc3)[C@H]2NC(=O)OCC(Cl)(Cl)Cl)cc1
846,845,O([C@H]1[C@@H](OCC2=CC=CC=C2)[C@H](OCC3=CC=CC=C3)[C@@H](CO[C@H]4[C@H](NC(OCC(Cl)(Cl)Cl)=O)[C@@H](OCC5=CC=CC=C5)[C@H](OC(=O)C)[C@@H]](COCC6=CC=CC=C6)O4)O[C@@H]1OC7=CC=C(OC)C=C7)[C@H]8[C@H](NC(OCC(Cl)(Cl)Cl)=O)[C@@H](OCC9=CC=CC=C9)[C@H](O[C@H]%10[C@H](OC(C)=O)[C@@H](OCC%11=CC=CC=C%11)[C@@H](OCC%12=CC=CC=C%12)[C@@H](COCC%13=CC=CC=C%13)O%10)[C@@H](COCC%14=CC=CC=C%14)O8,O([C@H]1[C@@H](OCC2=CC=CC=C2)[C@H](OCC3=CC=CC=C3)[C@@H](CO[C@H]4[C@H](NC(OCC(Cl)(Cl)Cl)=O)[C@@H](OCC5=CC=CC=C5)[C@H](OC(=O)C)[C@@H](COCC6=CC=CC=C6)O4)O[C@@H]1OC7=CC=C(OC)C=C7)[C@H]8[C@H](NC(OCC(Cl)(Cl)Cl)=O)[C@@H](OCC9=CC=CC=C9)[C@H](O[C@H]%10[C@H](OC(C)=O)[C@@H](OCC%11=CC=CC=C%11)[C@@H](OCC%12=CC=CC=C%12)[C@@H](COCC%13=CC=CC=C%13)O%10)[C@@H](COCC%14=CC=CC=C%14)O8,False,True,True,1,132,COc1ccc(O[C@H]2O[C@H](CO[C@@H]3O[C@H](COCc4ccccc4)[C@@H](OC(C)=O)[C@H](OCc4ccccc4)[C@H]3NC(=O)OCC(Cl)(Cl)Cl)[C@@H](OCc3ccccc3)[C@H](OCc3ccccc3)[C@@H]2O[C@@H]2O[C@H](COCc3ccccc3)[C@@H](O[C@@H]3O[C@H](COCc4ccccc4)[C@H](OCc4ccccc4)[C@H](OCc4ccccc4)[C@H]3OC(C)=O)[C@H](OCc3ccccc3)[C@H]2NC(=O)OCC(Cl)(Cl)Cl)cc1
847,846,S([C@H]1[C@@H]([C@@H](OC(C)=O)[C@H](OC(=O)C)[C@@H]](COCC2=CC=CC=C2)O1)N3C(=O)C=4C(C3=O)=C(Cl)C(Cl)=C(Cl)C4Cl)C5=CC=CC=C5,S([C@H]1[C@@H]([C@@H](OC(C)=O)[C@H](OC(=O)C)[C@@H](COCC2=CC=CC=C2)O1)N3C(=O)C=4C(C3=O)=C(Cl)C(Cl)=C(Cl)C4Cl)C5=CC=CC=C5,False,True,True,1,51,CC(=O)O[C@H]1[C@H](OC(C)=O)[C@@H](COCc2ccccc2)O[C@@H](Sc2ccccc2)[C@@H]1N1C(=O)c2c(Cl)c(Cl)c(Cl)c(Cl)c2C1=O
848,847,O([C@H]1[C@@H](OCC2=CC=CC=C2)[C@H](O[C@H]3[C@H](NC(OCC(Cl)(Cl)Cl)=O)[C@@H](OCC4=CC=CC=C4)[C@H](OC(=O)C)[C@@H]](COCC5=CC=CC=C5)O3)[C@@H](COCC6=CC=CC=C6)O[C@@H]1OC7=CC=C(OC)C=C7)[C@H]8[C@H](NC(OCC(Cl)(Cl)Cl)=O)[C@@H](OCC9=CC=CC=C9)[C@H](OC(=O)C)[C@@H]](COCC%10=CC=CC=C%10)O8,O([C@H]1[C@@H](OCC2=CC=CC=C2)[C@H](O[C@H]3[C@H](NC(OCC(Cl)(Cl)Cl)=O)[C@@H](OCC4=CC=CC=C4)[C@H](OC(=O)C)[C@@H](COCC5=CC=CC=C5)O3)[C@@H](COCC6=CC=CC=C6)O[C@@H]1OC7=CC=C(OC)C=C7)[C@H]8[C@H](NC(OCC(Cl)(Cl)Cl)=O)[C@@H](OCC9=CC=CC=C9)[C@H](OC(=O)C)[C@@H](COCC%10=CC=CC=C%10)O8,False,True,True,2,110;250,COc1ccc(O[C@H]2O[C@H](COCc3ccccc3)[C@@H](O[C@@H]3O[C@H](COCc4ccccc4)[C@@H](OC(C)=O)[C@H](OCc4ccccc4)[C@H]3NC(=O)OCC(Cl)(Cl)Cl)[C@H](OCc3ccccc3)[C@@H]2O[C@@H]2O[C@H](COCc3ccccc3)[C@@H](OC(C)=O)[C@H](OCc3ccccc3)[C@H]2NC(=O)OCC(Cl)(Cl)Cl)cc1
849,848,O([C@H]1[C@@H](OCC2=CC=CC=C2)[C@H](O[C@H]3[C@H](NC(OCC(Cl)(Cl)Cl)=O)[C@@H](OCC4=CC=CC=C4)[C@H](OC(=O)C)[C@@H]](COCC5=CC=CC=C5)O3)[C@@H](COCC6=CC=CC=C6)O[C@@H]1OC7=CC=C(OC)C=C7)[C@H]8[C@H](NC(OCC(Cl)(Cl)Cl)=O)[C@@H](OCC9=CC=CC=C9)[C@H](OC(=O)C)[C@@H]](COCC%10=CC=CC=C%10)O8,O([C@H]1[C@@H](OCC2=CC=CC=C2)[C@H](O[C@H]3[C@H](NC(OCC(Cl)(Cl)Cl)=O)[C@@H](OCC4=CC=CC=C4)[C@H](OC(=O)C)[C@@H](COCC5=CC=CC=C5)O3)[C@@H](COCC6=CC=CC=C6)O[C@@H]1OC7=CC=C(OC)C=C7)[C@H]8[C@H](NC(OCC(Cl)(Cl)Cl)=O)[C@@H](OCC9=CC=CC=C9)[C@H](OC(=O)C)[C@@H](COCC%10=CC=CC=C%10)O8,False,True,True,2,110;250,COc1ccc(O[C@H]2O[C@H](COCc3ccccc3)[C@@H](O[C@@H]3O[C@H](COCc4ccccc4)[C@@H](OC(C)=O)[C@H](OCc4ccccc4)[C@H]3NC(=O)OCC(Cl)(Cl)Cl)[C@H](OCc3ccccc3)[C@@H]2O[C@@H]2O[C@H](COCc3ccccc3)[C@@H](OC(C)=O)[C@H](OCc3ccccc3)[C@H]2NC(=O)OCC(Cl)(Cl)Cl)cc1
850,849,O(C(C)=O)[C@@H]1[C@H]([C@H](OCC2=CC=CC=C2)O[C@H](CO[Si](C(C)(C)C)(C3=CC=CC=C3)C4=CC=CC=C4)[C@H]1O[C@H]5[C@@H]([C@@H](OC(C)=O)[C@H](OC(=O)C)[C@@H]](COC(=O)C6=CC=CC=C6)O5)N7C(=O)C=8C(C7=O)=CC=CC8)N9C(=O)C=%10C(C9=O)=CC=CC%10,O(C(C)=O)[C@@H]1[C@H]([C@H](OCC2=CC=CC=C2)O[C@H](CO[Si](C(C)(C)C)(C3=CC=CC=C3)C4=CC=CC=C4)[C@H]1O[C@H]5[C@@H]([C@@H](OC(C)=O)[C@H](OC(=O)C)[C@@H](COC(=O)C6=CC=CC=C6)O5)N7C(=O)C=8C(C7=O)=CC=CC8)N9C(=O)C=%10C(C9=O)=CC=CC%10,False,True,True,1,146,CC(=O)O[C@H]1[C@H](OC(C)=O)[C@@H](COC(=O)c2ccccc2)O[C@@H](O[C@H]2[C@H](OC(C)=O)[C@@H](N3C(=O)c4ccccc4C3=O)[C@H](OCc3ccccc3)O[C@@H]2CO[Si](c2ccccc2)(c2ccccc2)C(C)(C)C)[C@@H]1N1C(=O)c2ccccc2C1=O
851,850,O([C@H]1[C@@H]([C@@H](OCC2=CC=CC=C2)[C@H](OC(=O)C)[C@@H]](COCC3=CC=CC=C3)O1)N4C(=O)C=5C(C4=O)=CC=CC5)C6=CC=C(OC)C=C6,O([C@H]1[C@@H]([C@@H](OCC2=CC=CC=C2)[C@H](OC(=O)C)[C@@H](COCC3=CC=CC=C3)O1)N4C(=O)C=5C(C4=O)=CC=CC5)C6=CC=C(OC)C=C6,False,True,True,1,57,COc1ccc(O[C@@H]2O[C@H](COCc3ccccc3)[C@@H](OC(C)=O)[C@H](OCc3ccccc3)[C@H]2N2C(=O)c3ccccc3C2=O)cc1
852,851,O([C@H]1[C@@H]([C@@H](OCC2=CC=CC=C2)[C@H](OC(=O)C)[C@@H]](COCC3=CC=CC=C3)O1)N4C(=O)C=5C(C4=O)=CC=CC5)C6=CC=C(OC)C=C6,O([C@H]1[C@@H]([C@@H](OCC2=CC=CC=C2)[C@H](OC(=O)C)[C@@H](COCC3=CC=CC=C3)O1)N4C(=O)C=5C(C4=O)=CC=CC5)C6=CC=C(OC)C=C6,False,True,True,1,57,COc1ccc(O[C@@H]2O[C@H](COCc3ccccc3)[C@@H](OC(C)=O)[C@H](OCc3ccccc3)[C@H]2N2C(=O)c3ccccc3C2=O)cc1
853,852,O([C@H]1[C@@H]([C@@H](OCC2=CC=CC=C2)[C@H](OC(=O)C)[C@@H]](COCC3=CC=CC=C3)O1)N4C(=O)C=5C(C4=O)=CC=CC5)C6=CC=C(OC)C=C6,O([C@H]1[C@@H]([C@@H](OCC2=CC=CC=C2)[C@H](OC(=O)C)[C@@H](COCC3=CC=CC=C3)O1)N4C(=O)C=5C(C4=O)=CC=CC5)C6=CC=C(OC)C=C6,False,True,True,1,57,COc1ccc(O[C@@H]2O[C@H](COCc3ccccc3)[C@@H](OC(C)=O)[C@H](OCc3ccccc3)[C@H]2N2C(=O)c3ccccc3C2=O)cc1
854,853,O([C@H]1[C@H](OCC2=CC=CC=C2)[C@@H](OC(=O)C3=CC=CC=C3)[C@H](OCCCCCN(CC4=CC=CC=C4)C(OCC5=CC=C(CCC(C(C(C(C(C(F)(F)F)(F)F)(F)F)(F)F)(F)F)(F)F)C=C5)=O)O[C@H]1C(OC)=O)[C@@H]6[C@H](NC(C(F)(F)F)=O)[C@@H](OCC7=CC=CC=C7)[C@H](OC(=O)C)[C@@H]](COCC8=CC9=C(C=C8)C=CC=C9)O6,O([C@H]1[C@H](OCC2=CC=CC=C2)[C@@H](OC(=O)C3=CC=CC=C3)[C@H](OCCCCCN(CC4=CC=CC=C4)C(OCC5=CC=C(CCC(C(C(C(C(C(F)(F)F)(F)F)(F)F)(F)F)(F)F)(F)F)C=C5)=O)O[C@H]1C(OC)=O)[C@@H]6[C@H](NC(C(F)(F)F)=O)[C@@H](OCC7=CC=CC=C7)[C@H](OC(=O)C)[C@@H](COCC8=CC9=C(C=C8)C=CC=C9)O6,False,True,True,1,231,COC(=O)[C@@H]1O[C@@H](OCCCCCN(Cc2ccccc2)C(=O)OCc2ccc(CCC(F)(F)C(F)(F)C(F)(F)C(F)(F)C(F)(F)C(F)(F)F)cc2)[C@H](OC(=O)c2ccccc2)[C@@H](OCc2ccccc2)[C@@H]1O[C@H]1O[C@H](COCc2ccc3ccccc3c2)[C@@H](OC(C)=O)[C@H](OCc2ccccc2)[C@H]1NC(=O)C(F)(F)F
855,854,O([C@H]1[C@H](OCC2=CC=CC=C2)[C@@H](OC(=O)C3=CC=CC=C3)[C@H](OCCCCCN(CC4=CC=CC=C4)C(OCC5=CC=C(CCC(C(C(C(C(C(F)(F)F)(F)F)(F)F)(F)F)(F)F)(F)F)C=C5)=O)O[C@H]1C(OC)=O)[C@@H]6[C@H](NC(C(F)(F)F)=O)[C@@H](OCC7=CC=CC=C7)[C@H](OC(=O)C)[C@@H]](COCC8=CC9=C(C=C8)C=CC=C9)O6,O([C@H]1[C@H](OCC2=CC=CC=C2)[C@@H](OC(=O)C3=CC=CC=C3)[C@H](OCCCCCN(CC4=CC=CC=C4)C(OCC5=CC=C(CCC(C(C(C(C(C(F)(F)F)(F)F)(F)F)(F)F)(F)F)(F)F)C=C5)=O)O[C@H]1C(OC)=O)[C@@H]6[C@H](NC(C(F)(F)F)=O)[C@@H](OCC7=CC=CC=C7)[C@H](OC(=O)C)[C@@H](COCC8=CC9=C(C=C8)C=CC=C9)O6,False,True,True,1,231,COC(=O)[C@@H]1O[C@@H](OCCCCCN(Cc2ccccc2)C(=O)OCc2ccc(CCC(F)(F)C(F)(F)C(F)(F)C(F)(F)C(F)(F)C(F)(F)F)cc2)[C@H](OC(=O)c2ccccc2)[C@@H](OCc2ccccc2)[C@@H]1O[C@H]1O[C@H](COCc2ccc3ccccc3c2)[C@@H](OC(C)=O)[C@H](OCc2ccccc2)[C@H]1NC(=O)C(F)(F)F
856,855,O([C@H]1[C@H](OCC2=CC=CC=C2)[C@@H](OC(=O)C3=CC=CC=C3)[C@H](OCCCCCN(CC4=CC=CC=C4)C(OCC5=CC=C(CCC(C(C(C(C(C(C(C(F)(F)F)(F)F)(F)F)(F)F)(F)F)(F)F)(F)F)(F)F)C=C5)=O)O[C@H]1C(OC)=O)[C@@H]6[C@H](NC(C(F)(F)F)=O)[C@@H](OCC7=CC=CC=C7)[C@H](OC(=O)C)[C@@H]](COCC8=CC9=C(C=C8)C=CC=C9)O6,O([C@H]1[C@H](OCC2=CC=CC=C2)[C@@H](OC(=O)C3=CC=CC=C3)[C@H](OCCCCCN(CC4=CC=CC=C4)C(OCC5=CC=C(CCC(C(C(C(C(C(C(C(F)(F)F)(F)F)(F)F)(F)F)(F)F)(F)F)(F)F)(F)F)C=C5)=O)O[C@H]1C(OC)=O)[C@@H]6[C@H](NC(C(F)(F)F)=O)[C@@H](OCC7=CC=CC=C7)[C@H](OC(=O)C)[C@@H](COCC8=CC9=C(C=C8)C=CC=C9)O6,False,True,True,1,245,COC(=O)[C@@H]1O[C@@H](OCCCCCN(Cc2ccccc2)C(=O)OCc2ccc(CCC(F)(F)C(F)(F)C(F)(F)C(F)(F)C(F)(F)C(F)(F)C(F)(F)C(F)(F)F)cc2)[C@H](OC(=O)c2ccccc2)[C@@H](OCc2ccccc2)[C@@H]1O[C@H]1O[C@H](COCc2ccc3ccccc3c2)[C@@H](OC(C)=O)[C@H](OCc2ccccc2)[C@H]1NC(=O)C(F)(F)F
857,856,O([C@H]1[C@H](OCC2=CC=CC=C2)[C@@H](OC(=O)C3=CC=CC=C3)[C@H](OCCCCCN(CC4=CC=CC=C4)C(OCC5=CC=C(CCC(C(C(C(C(C(C(C(F)(F)F)(F)F)(F)F)(F)F)(F)F)(F)F)(F)F)(F)F)C=C5)=O)O[C@H]1C(OC)=O)[C@@H]6[C@H](NC(C(F)(F)F)=O)[C@@H](OCC7=CC=CC=C7)[C@H](OC(=O)C)[C@@H]](COCC8=CC9=C(C=C8)C=CC=C9)O6,O([C@H]1[C@H](OCC2=CC=CC=C2)[C@@H](OC(=O)C3=CC=CC=C3)[C@H](OCCCCCN(CC4=CC=CC=C4)C(OCC5=CC=C(CCC(C(C(C(C(C(C(C(F)(F)F)(F)F)(F)F)(F)F)(F)F)(F)F)(F)F)(F)F)C=C5)=O)O[C@H]1C(OC)=O)[C@@H]6[C@H](NC(C(F)(F)F)=O)[C@@H](OCC7=CC=CC=C7)[C@H](OC(=O)C)[C@@H](COCC8=CC9=C(C=C8)C=CC=C9)O6,False,True,True,1,245,COC(=O)[C@@H]1O[C@@H](OCCCCCN(Cc2ccccc2)C(=O)OCc2ccc(CCC(F)(F)C(F)(F)C(F)(F)C(F)(F)C(F)(F)C(F)(F)C(F)(F)C(F)(F)F)cc2)[C@H](OC(=O)c2ccccc2)[C@@H](OCc2ccccc2)[C@@H]1O[C@H]1O[C@H](COCc2ccc3ccccc3c2)[C@@H](OC(C)=O)[C@H](OCc2ccccc2)[C@H]1NC(=O)C(F)(F)F
858,857,O([C@H]1[C@@H]([C@@H](OCC2=CC=CC=C2)[C@H](OC(=O)C)[C@@H]](COCC3=CC=CC=C3)O1)N4C(=O)C=5C(C4=O)=CC=CC5)[C@@H]6[C@@H](OCC7=CC=CC=C7)[C@H](O[C@H]8[C@H](OCC9=CC=CC=C9)[C@@H](OCC%10=CC=CC=C%10)[C@H](OCC[Si](C)(C)C)O[C@@H]8COCC%11=CC=CC=C%11)O[C@H](COCC%12=CC=CC=C%12)[C@@H]6OCC%13=CC=CC=C%13,O([C@H]1[C@@H]([C@@H](OCC2=CC=CC=C2)[C@H](OC(=O)C)[C@@H](COCC3=CC=CC=C3)O1)N4C(=O)C=5C(C4=O)=CC=CC5)[C@@H]6[C@@H](OCC7=CC=CC=C7)[C@H](O[C@H]8[C@H](OCC9=CC=CC=C9)[C@@H](OCC%10=CC=CC=C%10)[C@H](OCC[Si](C)(C)C)O[C@@H]8COCC%11=CC=CC=C%11)O[C@H](COCC%12=CC=CC=C%12)[C@@H]6OCC%13=CC=CC=C%13,False,True,True,1,57,CC(=O)O[C@H]1[C@H](OCc2ccccc2)[C@@H](N2C(=O)c3ccccc3C2=O)[C@H](O[C@H]2[C@@H](OCc3ccccc3)[C@@H](COCc3ccccc3)O[C@@H](O[C@H]3[C@H](OCc4ccccc4)[C@@H](OCc4ccccc4)[C@H](OCC[Si](C)(C)C)O[C@@H]3COCc3ccccc3)[C@@H]2OCc2ccccc2)O[C@@H]1COCc1ccccc1
859,858,O(C(C)=O)[C@@H]1[C@H]([C@H](OCC2=CC=CC=C2)O[C@H](CO[Si](C(C)(C)C)(C3=CC=CC=C3)C4=CC=CC=C4)[C@H]1O[C@H]5[C@@H]([C@@H](OC(C)=O)[C@H](OC(=O)C)[C@@H]](COC(=O)C6=CC=C(OC)C=C6)O5)N7C(=O)C=8C(C7=O)=CC=CC8)N9C(=O)C=%10C(C9=O)=CC=CC%10,O(C(C)=O)[C@@H]1[C@H]([C@H](OCC2=CC=CC=C2)O[C@H](CO[Si](C(C)(C)C)(C3=CC=CC=C3)C4=CC=CC=C4)[C@H]1O[C@H]5[C@@H]([C@@H](OC(C)=O)[C@H](OC(=O)C)[C@@H](COC(=O)C6=CC=C(OC)C=C6)O5)N7C(=O)C=8C(C7=O)=CC=CC8)N9C(=O)C=%10C(C9=O)=CC=CC%10,False,True,True,1,146,COc1ccc(C(=O)OC[C@H]2O[C@@H](O[C@H]3[C@H](OC(C)=O)[C@@H](N4C(=O)c5ccccc5C4=O)[C@H](OCc4ccccc4)O[C@@H]3CO[Si](c3ccccc3)(c3ccccc3)C(C)(C)C)[C@H](N3C(=O)c4ccccc4C3=O)[C@@H](OC(C)=O)[C@@H]2OC(C)=O)cc1
860,859,[Si](O[C@H]1[C@H](NC(OCC(Cl)(Cl)Cl)=O)[C@@H](O[C@H]2[C@@H](OCC3=CC=CC=C3)[C@H](OCC4=CC=CC=C4)[C@H](OCC5=CC=CC=C5)[C@H](C)O2)[C@H](OC(=O)C)[C@@H]](COCC6=CC=CC=C6)O1)(C(C)(C)C)(C7=CC=CC=C7)C8=CC=CC=C8,[Si](O[C@H]1[C@H](NC(OCC(Cl)(Cl)Cl)=O)[C@@H](O[C@H]2[C@@H](OCC3=CC=CC=C3)[C@H](OCC4=CC=CC=C4)[C@H](OCC5=CC=CC=C5)[C@H](C)O2)[C@H](OC(=O)C)[C@@H](COCC6=CC=CC=C6)O1)(C(C)(C)C)(C7=CC=CC=C7)C8=CC=CC=C8,False,True,True,1,145,CC(=O)O[C@H]1[C@H](O[C@@H]2O[C@@H](C)[C@@H](OCc3ccccc3)[C@@H](OCc3ccccc3)[C@@H]2OCc2ccccc2)[C@@H](NC(=O)OCC(Cl)(Cl)Cl)[C@H](O[Si](c2ccccc2)(c2ccccc2)C(C)(C)C)O[C@@H]1COCc1ccccc1
861,860,O([C@H]1[C@@H]([C@@H](OCC2=CC=CC=C2)[C@H](OC(=O)C)[C@@H]](COCC3=CC=CC=C3)O1)N4C(=O)C=5C(C4=O)=C(Cl)C(Cl)=C(Cl)C5Cl)[C@@H]6[C@@H](COCC7=CC=CC=C7)O[C@@H](SC8=CC=CC=C8)[C@@H]([C@H]6O)N9C(=O)C=%10C(C9=O)=C(Cl)C(Cl)=C(Cl)C%10Cl,O([C@H]1[C@@H]([C@@H](OCC2=CC=CC=C2)[C@H](OC(=O)C)[C@@H](COCC3=CC=CC=C3)O1)N4C(=O)C=5C(C4=O)=C(Cl)C(Cl)=C(Cl)C5Cl)[C@@H]6[C@@H](COCC7=CC=CC=C7)O[C@@H](SC8=CC=CC=C8)[C@@H]([C@H]6O)N9C(=O)C=%10C(C9=O)=C(Cl)C(Cl)=C(Cl)C%10Cl,False,True,True,1,57,CC(=O)O[C@H]1[C@H](OCc2ccccc2)[C@@H](N2C(=O)c3c(Cl)c(Cl)c(Cl)c(Cl)c3C2=O)[C@H](O[C@H]2[C@H](O)[C@@H](N3C(=O)c4c(Cl)c(Cl)c(Cl)c(Cl)c4C3=O)[C@H](Sc3ccccc3)O[C@@H]2COCc2ccccc2)O[C@@H]1COCc1ccccc1
862,861,O(C(C)=O)[C@@H]1[C@H]([C@H](SC2=CC=CC=C2)O[C@H](COCC3=CC=CC=C3)[C@H]1O[C@H]4[C@@H]([C@@H](OC(C)=O)[C@H](OC(=O)C)[C@@H]](COCC5=CC=CC=C5)O4)N6C(=O)C=7C(C6=O)=C(Cl)C(Cl)=C(Cl)C7Cl)N8C(=O)C=9C(C8=O)=C(Cl)C(Cl)=C(Cl)C9Cl,O(C(C)=O)[C@@H]1[C@H]([C@H](SC2=CC=CC=C2)O[C@H](COCC3=CC=CC=C3)[C@H]1O[C@H]4[C@@H]([C@@H](OC(C)=O)[C@H](OC(=O)C)[C@@H](COCC5=CC=CC=C5)O4)N6C(=O)C=7C(C6=O)=C(Cl)C(Cl)=C(Cl)C7Cl)N8C(=O)C=9C(C8=O)=C(Cl)C(Cl)=C(Cl)C9Cl,False,True,True,1,119,CC(=O)O[C@H]1[C@H](O[C@@H]2O[C@H](COCc3ccccc3)[C@@H](OC(C)=O)[C@H](OC(C)=O)[C@H]2N2C(=O)c3c(Cl)c(Cl)c(Cl)c(Cl)c3C2=O)[C@@H](COCc2ccccc2)O[C@@H](Sc2ccccc2)[C@@H]1N1C(=O)c2c(Cl)c(Cl)c(Cl)c(Cl)c2C1=O
863,862,O(C(C)=O)[C@@H]1[C@H]([C@H](SC2=CC=CC=C2)O[C@H](COCC3=CC=CC=C3)[C@H]1O[C@H]4[C@@H]([C@@H](OC(C)=O)[C@H](OC(=O)C)[C@@H]](COCC5=CC=CC=C5)O4)N6C(=O)C=7C(C6=O)=C(Cl)C(Cl)=C(Cl)C7Cl)N8C(=O)C=9C(C8=O)=C(Cl)C(Cl)=C(Cl)C9Cl,O(C(C)=O)[C@@H]1[C@H]([C@H](SC2=CC=CC=C2)O[C@H](COCC3=CC=CC=C3)[C@H]1O[C@H]4[C@@H]([C@@H](OC(C)=O)[C@H](OC(=O)C)[C@@H](COCC5=CC=CC=C5)O4)N6C(=O)C=7C(C6=O)=C(Cl)C(Cl)=C(Cl)C7Cl)N8C(=O)C=9C(C8=O)=C(Cl)C(Cl)=C(Cl)C9Cl,False,True,True,1,119,CC(=O)O[C@H]1[C@H](O[C@@H]2O[C@H](COCc3ccccc3)[C@@H](OC(C)=O)[C@H](OC(C)=O)[C@H]2N2C(=O)c3c(Cl)c(Cl)c(Cl)c(Cl)c3C2=O)[C@@H](COCc2ccccc2)O[C@@H](Sc2ccccc2)[C@@H]1N1C(=O)c2c(Cl)c(Cl)c(Cl)c(Cl)c2C1=O
864,863,O([C@H]1[C@H](OC(C)=O)[C@@H](NC(OCC(Cl)(Cl)Cl)=O)[C@H](OCCCN(CC2=CC=CC=C2)C(OCC3=CC=CC=C3)=O)O[C@@H]1CO[C@@H]4[C@@H](NC(OCC(Cl)(Cl)Cl)=O)[C@H](O[C@H]5[C@@H](N=[N+]=[N-])[C@@H](N=[N+]=[N-])[C@H](OC(=O)C)[C@@H]](C(OC)=O)O5)[C@H](N(C(OCC6=CC=CC=C6)=O)C)[C@H](C)O4)[C@@H]7[C@@H](OCC8=CC=CC=C8)[C@@H](OCC9=CC=CC=C9)[C@H](OCC%10=CC=CC=C%10)[C@@]([C@H](COC(C)=O)OC(C)=O)(O7)[H],O([C@H]1[C@H](OC(C)=O)[C@@H](NC(OCC(Cl)(Cl)Cl)=O)[C@H](OCCCN(CC2=CC=CC=C2)C(OCC3=CC=CC=C3)=O)O[C@@H]1CO[C@@H]4[C@@H](NC(OCC(Cl)(Cl)Cl)=O)[C@H](O[C@H]5[C@@H](N=[N+]=[N-])[C@@H](N=[N+]=[N-])[C@H](OC(=O)C)[C@@H](C(OC)=O)O5)[C@H](N(C(OCC6=CC=CC=C6)=O)C)[C@H](C)O4)[C@@H]7[C@@H](OCC8=CC=CC=C8)[C@@H](OCC9=CC=CC=C9)[C@H](OCC%10=CC=CC=C%10)[C@@]([C@H](COC(C)=O)OC(C)=O)(O7)[H],False,True,True,1,209,COC(=O)[C@H]1O[C@@H](O[C@H]2[C@H](NC(=O)OCC(Cl)(Cl)Cl)[C@@H](OC[C@H]3O[C@@H](OCCCN(Cc4ccccc4)C(=O)OCc4ccccc4)[C@H](NC(=O)OCC(Cl)(Cl)Cl)[C@@H](OC(C)=O)[C@@H]3O[C@H]3O[C@H]([C@H](COC(C)=O)OC(C)=O)[C@@H](OCc4ccccc4)[C@H](OCc4ccccc4)[C@@H]3OCc3ccccc3)O[C@@H](C)[C@H]2N(C)C(=O)OCc2ccccc2)[C@@H](N=[N+]=[N-])[C@@H](N=[N+]=[N-])[C@@H]1OC(C)=O
865,864,O([C@H]1[C@H](OCC2=CC=CC=C2)[C@@H](OC(OCC3C=4C(C=5C3=CC=CC5)=CC=CC4)=O)[C@H](OCCCCCN(CC6=CC=CC=C6)C(OCC7=CC=C(CCC(C(C(C(C(C(F)(F)F)(F)F)(F)F)(F)F)(F)F)(F)F)C=C7)=O)O[C@H]1C(OC)=O)[C@@H]8[C@H](NC(C(F)(F)F)=O)[C@@H](OCC9=CC=CC=C9)[C@H](OC(=O)C)[C@@H]](COCC%10=CC%11=C(C=C%10)C=CC=C%11)O8,O([C@H]1[C@H](OCC2=CC=CC=C2)[C@@H](OC(OCC3C=4C(C=5C3=CC=CC5)=CC=CC4)=O)[C@H](OCCCCCN(CC6=CC=CC=C6)C(OCC7=CC=C(CCC(C(C(C(C(C(F)(F)F)(F)F)(F)F)(F)F)(F)F)(F)F)C=C7)=O)O[C@H]1C(OC)=O)[C@@H]8[C@H](NC(C(F)(F)F)=O)[C@@H](OCC9=CC=CC=C9)[C@H](OC(=O)C)[C@@H](COCC%10=CC%11=C(C=C%10)C=CC=C%11)O8,False,True,True,1,249,COC(=O)[C@@H]1O[C@@H](OCCCCCN(Cc2ccccc2)C(=O)OCc2ccc(CCC(F)(F)C(F)(F)C(F)(F)C(F)(F)C(F)(F)C(F)(F)F)cc2)[C@H](OC(=O)OCC2c3ccccc3-c3ccccc32)[C@@H](OCc2ccccc2)[C@@H]1O[C@H]1O[C@H](COCc2ccc3ccccc3c2)[C@@H](OC(C)=O)[C@H](OCc2ccccc2)[C@H]1NC(=O)C(F)(F)F
866,865,O([C@H]1[C@H](OCC2=CC=CC=C2)[C@@H](OC(OCC3C=4C(C=5C3=CC=CC5)=CC=CC4)=O)[C@H](OCCCCCN(CC6=CC=CC=C6)C(OCC7=CC=C(CCC(C(C(C(C(C(F)(F)F)(F)F)(F)F)(F)F)(F)F)(F)F)C=C7)=O)O[C@H]1C(OC)=O)[C@@H]8[C@H](NC(C(F)(F)F)=O)[C@@H](OCC9=CC=CC=C9)[C@H](OC(=O)C)[C@@H]](COCC%10=CC%11=C(C=C%10)C=CC=C%11)O8,O([C@H]1[C@H](OCC2=CC=CC=C2)[C@@H](OC(OCC3C=4C(C=5C3=CC=CC5)=CC=CC4)=O)[C@H](OCCCCCN(CC6=CC=CC=C6)C(OCC7=CC=C(CCC(C(C(C(C(C(F)(F)F)(F)F)(F)F)(F)F)(F)F)(F)F)C=C7)=O)O[C@H]1C(OC)=O)[C@@H]8[C@H](NC(C(F)(F)F)=O)[C@@H](OCC9=CC=CC=C9)[C@H](OC(=O)C)[C@@H](COCC%10=CC%11=C(C=C%10)C=CC=C%11)O8,False,True,True,1,249,COC(=O)[C@@H]1O[C@@H](OCCCCCN(Cc2ccccc2)C(=O)OCc2ccc(CCC(F)(F)C(F)(F)C(F)(F)C(F)(F)C(F)(F)C(F)(F)F)cc2)[C@H](OC(=O)OCC2c3ccccc3-c3ccccc32)[C@@H](OCc2ccccc2)[C@@H]1O[C@H]1O[C@H](COCc2ccc3ccccc3c2)[C@@H](OC(C)=O)[C@H](OCc2ccccc2)[C@H]1NC(=O)C(F)(F)F
867,866,N(C(OCC(Cl)(Cl)Cl)=O)[C@@H]1[C@@H](OCC2=CC=CC=C2)[C@H](OC(=O)C)[C@@H]](COCC3=CC=CC=C3)O[C@H]1OCCCCCN=[N+]=[N-],N(C(OCC(Cl)(Cl)Cl)=O)[C@@H]1[C@@H](OCC2=CC=CC=C2)[C@H](OC(=O)C)[C@@H](COCC3=CC=CC=C3)O[C@H]1OCCCCCN=[N+]=[N-],False,True,True,1,70,CC(=O)O[C@H]1[C@H](OCc2ccccc2)[C@@H](NC(=O)OCC(Cl)(Cl)Cl)[C@H](OCCCCCN=[N+]=[N-])O[C@@H]1COCc1ccccc1
868,867,N(C(OCC(Cl)(Cl)Cl)=O)[C@@H]1[C@@H](OCC2=CC=CC=C2)[C@H](OC(=O)C)[C@@H]](COCC3=CC=CC=C3)O[C@H]1OCCCCCN=[N+]=[N-],N(C(OCC(Cl)(Cl)Cl)=O)[C@@H]1[C@@H](OCC2=CC=CC=C2)[C@H](OC(=O)C)[C@@H](COCC3=CC=CC=C3)O[C@H]1OCCCCCN=[N+]=[N-],False,True,True,1,70,CC(=O)O[C@H]1[C@H](OCc2ccccc2)[C@@H](NC(=O)OCC(Cl)(Cl)Cl)[C@H](OCCCCCN=[N+]=[N-])O[C@@H]1COCc1ccccc1
869,868,O([C@H]1[C@@H](OCC2=CC=CC=C2)[C@H](OCC3=CC=CC=C3)[C@@H](CO[C@H]4[C@H](NC(OCC(Cl)(Cl)Cl)=O)[C@@H](OCC5=CC=CC=C5)[C@H](O[C@H]6[C@H](OC(C)=O)[C@@H](OCC7=CC=CC=C7)[C@@H](OCC8=CC=CC=C8)[C@@H](COCC9=CC=CC=C9)O6)[C@@H](COCC%10=CC=CC=C%10)O4)O[C@@H]1OC%11=CC=C(OC)C=C%11)[C@H]%12[C@H](NC(OCC(Cl)(Cl)Cl)=O)[C@@H](OCC%13=CC=CC=C%13)[C@H](OC(=O)C)[C@@H]](COCC%14=CC=CC=C%14)O%12,O([C@H]1[C@@H](OCC2=CC=CC=C2)[C@H](OCC3=CC=CC=C3)[C@@H](CO[C@H]4[C@H](NC(OCC(Cl)(Cl)Cl)=O)[C@@H](OCC5=CC=CC=C5)[C@H](O[C@H]6[C@H](OC(C)=O)[C@@H](OCC7=CC=CC=C7)[C@@H](OCC8=CC=CC=C8)[C@@H](COCC9=CC=CC=C9)O6)[C@@H](COCC%10=CC=CC=C%10)O4)O[C@@H]1OC%11=CC=C(OC)C=C%11)[C@H]%12[C@H](NC(OCC(Cl)(Cl)Cl)=O)[C@@H](OCC%13=CC=CC=C%13)[C@H](OC(=O)C)[C@@H](COCC%14=CC=CC=C%14)O%12,False,True,True,1,343,COc1ccc(O[C@H]2O[C@H](CO[C@@H]3O[C@H](COCc4ccccc4)[C@@H](O[C@@H]4O[C@H](COCc5ccccc5)[C@H](OCc5ccccc5)[C@H](OCc5ccccc5)[C@H]4OC(C)=O)[C@H](OCc4ccccc4)[C@H]3NC(=O)OCC(Cl)(Cl)Cl)[C@@H](OCc3ccccc3)[C@H](OCc3ccccc3)[C@@H]2O[C@@H]2O[C@H](COCc3ccccc3)[C@@H](OC(C)=O)[C@H](OCc3ccccc3)[C@H]2NC(=O)OCC(Cl)(Cl)Cl)cc1
870,869,O([C@H]1[C@@H](OCC2=CC=CC=C2)[C@H](OCC3=CC=CC=C3)[C@@H](CO[C@H]4[C@H](NC(OCC(Cl)(Cl)Cl)=O)[C@@H](OCC5=CC=CC=C5)[C@H](OC(=O)C)[C@@H]](COCC6=CC=CC=C6)O4)O[C@@H]1OC7=CC=C(OC)C=C7)[C@H]8[C@H](NC(OCC(Cl)(Cl)Cl)=O)[C@@H](OCC9=CC=CC=C9)[C@H](O[C@H]%10[C@H](OC(C)=O)[C@@H](OCC%11=CC=CC=C%11)[C@@H](OCC%12=CC=CC=C%12)[C@@H](COCC%13=CC=CC=C%13)O%10)[C@@H](COCC%14=CC=CC=C%14)O8,O([C@H]1[C@@H](OCC2=CC=CC=C2)[C@H](OCC3=CC=CC=C3)[C@@H](CO[C@H]4[C@H](NC(OCC(Cl)(Cl)Cl)=O)[C@@H](OCC5=CC=CC=C5)[C@H](OC(=O)C)[C@@H](COCC6=CC=CC=C6)O4)O[C@@H]1OC7=CC=C(OC)C=C7)[C@H]8[C@H](NC(OCC(Cl)(Cl)Cl)=O)[C@@H](OCC9=CC=CC=C9)[C@H](O[C@H]%10[C@H](OC(C)=O)[C@@H](OCC%11=CC=CC=C%11)[C@@H](OCC%12=CC=CC=C%12)[C@@H](COCC%13=CC=CC=C%13)O%10)[C@@H](COCC%14=CC=CC=C%14)O8,False,True,True,1,132,COc1ccc(O[C@H]2O[C@H](CO[C@@H]3O[C@H](COCc4ccccc4)[C@@H](OC(C)=O)[C@H](OCc4ccccc4)[C@H]3NC(=O)OCC(Cl)(Cl)Cl)[C@@H](OCc3ccccc3)[C@H](OCc3ccccc3)[C@@H]2O[C@@H]2O[C@H](COCc3ccccc3)[C@@H](O[C@@H]3O[C@H](COCc4ccccc4)[C@H](OCc4ccccc4)[C@H](OCc4ccccc4)[C@H]3OC(C)=O)[C@H](OCc3ccccc3)[C@H]2NC(=O)OCC(Cl)(Cl)Cl)cc1
871,870,O([C@H]1[C@@H]([C@@H](OC(C)=O)[C@H](OC(=O)C)[C@@H]](COCC2=CC=C(OC)C=C2)O1)N3C(=O)C=4C(C3=O)=C(Cl)C(Cl)=C(Cl)C4Cl)[C@@H]5[C@@H](OC(OC6=CC=CC=C6)=O)[C@](C)(O)[C@@H](C(OC7=CC=CC=C7)=O)O[C@H]5OCC[Si](C)(C)C,O([C@H]1[C@@H]([C@@H](OC(C)=O)[C@H](OC(=O)C)[C@@H](COCC2=CC=C(OC)C=C2)O1)N3C(=O)C=4C(C3=O)=C(Cl)C(Cl)=C(Cl)C4Cl)[C@@H]5[C@@H](OC(OC6=CC=CC=C6)=O)[C@](C)(O)[C@@H](C(OC7=CC=CC=C7)=O)O[C@H]5OCC[Si](C)(C)C,False,True,True,1,51,COc1ccc(COC[C@H]2O[C@@H](O[C@H]3[C@H](OCC[Si](C)(C)C)O[C@H](C(=O)Oc4ccccc4)[C@@](C)(O)[C@@H]3OC(=O)Oc3ccccc3)[C@H](N3C(=O)c4c(Cl)c(Cl)c(Cl)c(Cl)c4C3=O)[C@@H](OC(C)=O)[C@@H]2OC(C)=O)cc1
872,871,O([C@H]1[C@@H]([C@@H](OC(C)=O)[C@H](OC(=O)C)[C@@H]](COCC2=CC=C(OC)C=C2)O1)N3C(=O)C=4C(C3=O)=C(Cl)C(Cl)=C(Cl)C4Cl)[C@@H]5[C@@H](OC(OC6=CC=CC=C6)=O)[C@](C)(O)[C@@H](C(OC7=CC=CC=C7)=O)O[C@H]5OCC[Si](C)(C)C,O([C@H]1[C@@H]([C@@H](OC(C)=O)[C@H](OC(=O)C)[C@@H](COCC2=CC=C(OC)C=C2)O1)N3C(=O)C=4C(C3=O)=C(Cl)C(Cl)=C(Cl)C4Cl)[C@@H]5[C@@H](OC(OC6=CC=CC=C6)=O)[C@](C)(O)[C@@H](C(OC7=CC=CC=C7)=O)O[C@H]5OCC[Si](C)(C)C,False,True,True,1,51,COc1ccc(COC[C@H]2O[C@@H](O[C@H]3[C@H](OCC[Si](C)(C)C)O[C@H](C(=O)Oc4ccccc4)[C@@](C)(O)[C@@H]3OC(=O)Oc3ccccc3)[C@H](N3C(=O)c4c(Cl)c(Cl)c(Cl)c(Cl)c4C3=O)[C@@H](OC(C)=O)[C@@H]2OC(C)=O)cc1
873,872,O([C@H]1[C@@H]([C@@H](OCC2=CC=CC=C2)[C@H](OC(=O)C)[C@@H]](COCC3=CC=CC=C3)O1)N4C(=O)C=5C(C4=O)=CC=CC5)C6=CC=C(OC)C=C6,O([C@H]1[C@@H]([C@@H](OCC2=CC=CC=C2)[C@H](OC(=O)C)[C@@H](COCC3=CC=CC=C3)O1)N4C(=O)C=5C(C4=O)=CC=CC5)C6=CC=C(OC)C=C6,False,True,True,1,57,COc1ccc(O[C@@H]2O[C@H](COCc3ccccc3)[C@@H](OC(C)=O)[C@H](OCc3ccccc3)[C@H]2N2C(=O)c3ccccc3C2=O)cc1
874,873,O([C@H]1[C@@H]([C@@H](OCC2=CC=CC=C2)[C@H](OC(=O)C)[C@@H]](COCC3=CC=CC=C3)O1)N4C(=O)C=5C(C4=O)=CC=CC5)[C@H]6[C@@H](O[C@H]7[C@H](OC(C)=O)[C@@H](OCC8=CC=CC=C8)[C@H](OCC9=CC=CC=C9)[C@@H](COCC%10=CC=CC=C%10)O7)[C@@H](COC(=O)C%11=CC=CC=C%11)O[C@@H](OCCCN=[N+]=[N-])[C@@H]6OC(=O)C%12=CC=CC=C%12,O([C@H]1[C@@H]([C@@H](OCC2=CC=CC=C2)[C@H](OC(=O)C)[C@@H](COCC3=CC=CC=C3)O1)N4C(=O)C=5C(C4=O)=CC=CC5)[C@H]6[C@@H](O[C@H]7[C@H](OC(C)=O)[C@@H](OCC8=CC=CC=C8)[C@H](OCC9=CC=CC=C9)[C@@H](COCC%10=CC=CC=C%10)O7)[C@@H](COC(=O)C%11=CC=CC=C%11)O[C@@H](OCCCN=[N+]=[N-])[C@@H]6OC(=O)C%12=CC=CC=C%12,False,True,True,1,57,CC(=O)O[C@H]1[C@H](O[C@@H]2[C@H](O[C@@H]3O[C@H](COCc4ccccc4)[C@@H](OC(C)=O)[C@H](OCc4ccccc4)[C@H]3N3C(=O)c4ccccc4C3=O)[C@@H](OC(=O)c3ccccc3)[C@H](OCCCN=[N+]=[N-])O[C@@H]2COC(=O)c2ccccc2)O[C@H](COCc2ccccc2)[C@@H](OCc2ccccc2)[C@@H]1OCc1ccccc1
875,874,O([C@H]1[C@@H]([C@@H](OCC2=CC=CC=C2)[C@H](OC(=O)C)[C@@H]](COCC3=CC=CC=C3)O1)N4C(=O)C=5C(C4=O)=CC=CC5)[C@@H]6[C@@H](OC(=O)C7=CC=CC=C7)[C@H](O[C@H]8[C@H](OCC9=CC=CC=C9)[C@@H](OC(=O)C%10=CC=CC=C%10)[C@H](O[C@H]%11[C@H](OCC%12=CC=CC=C%12)[C@@H](COCC%13=CC=CC=C%13)O[C@@H](OCCN=[N+]=[N-])[C@@H]%11OCC%14=CC=CC=C%14)O[C@@H]8COCC%15=CC=CC=C%15)O[C@H](CO[Si](C(C)(C)C)(C)C)[C@@H]6OCC%16=CC=CC=C%16,O([C@H]1[C@@H]([C@@H](OCC2=CC=CC=C2)[C@H](OC(=O)C)[C@@H](COCC3=CC=CC=C3)O1)N4C(=O)C=5C(C4=O)=CC=CC5)[C@@H]6[C@@H](OC(=O)C7=CC=CC=C7)[C@H](O[C@H]8[C@H](OCC9=CC=CC=C9)[C@@H](OC(=O)C%10=CC=CC=C%10)[C@H](O[C@H]%11[C@H](OCC%12=CC=CC=C%12)[C@@H](COCC%13=CC=CC=C%13)O[C@@H](OCCN=[N+]=[N-])[C@@H]%11OCC%14=CC=CC=C%14)O[C@@H]8COCC%15=CC=CC=C%15)O[C@H](CO[Si](C(C)(C)C)(C)C)[C@@H]6OCC%16=CC=CC=C%16,False,True,True,1,57,CC(=O)O[C@H]1[C@H](OCc2ccccc2)[C@@H](N2C(=O)c3ccccc3C2=O)[C@H](O[C@H]2[C@@H](OCc3ccccc3)[C@@H](CO[Si](C)(C)C(C)(C)C)O[C@@H](O[C@H]3[C@H](OCc4ccccc4)[C@@H](OC(=O)c4ccccc4)[C@H](O[C@@H]4[C@@H](OCc5ccccc5)[C@H](OCCN=[N+]=[N-])O[C@H](COCc5ccccc5)[C@H]4OCc4ccccc4)O[C@@H]3COCc3ccccc3)[C@@H]2OC(=O)c2ccccc2)O[C@@H]1COCc1ccccc1
876,875,O([C@H]1[C@@H]([C@@H](OCC2=CC=CC=C2)[C@H](OC(=O)C)[C@@H]](COCC3=CC=CC=C3)O1)N4C(=O)C=5C(C4=O)=CC=CC5)[C@H]6[C@@H](O[C@H]7[C@H](OC(=O)C8=CC=CC=C8)[C@@H](OCC9=CC=CC=C9)[C@H](O[Si](C(C)(C)C)(C)C)[C@@H](COCC%10=CC=CC=C%10)O7)[C@@H](COCC%11=CC=CC=C%11)O[C@@H](OCCN=[N+]=[N-])[C@@H]6OC(=O)C%12=CC=CC=C%12,O([C@H]1[C@@H]([C@@H](OCC2=CC=CC=C2)[C@H](OC(=O)C)[C@@H](COCC3=CC=CC=C3)O1)N4C(=O)C=5C(C4=O)=CC=CC5)[C@H]6[C@@H](O[C@H]7[C@H](OC(=O)C8=CC=CC=C8)[C@@H](OCC9=CC=CC=C9)[C@H](O[Si](C(C)(C)C)(C)C)[C@@H](COCC%10=CC=CC=C%10)O7)[C@@H](COCC%11=CC=CC=C%11)O[C@@H](OCCN=[N+]=[N-])[C@@H]6OC(=O)C%12=CC=CC=C%12,False,True,True,1,57,CC(=O)O[C@H]1[C@H](OCc2ccccc2)[C@@H](N2C(=O)c3ccccc3C2=O)[C@H](O[C@H]2[C@@H](O[C@@H]3O[C@H](COCc4ccccc4)[C@@H](O[Si](C)(C)C(C)(C)C)[C@H](OCc4ccccc4)[C@H]3OC(=O)c3ccccc3)[C@@H](COCc3ccccc3)O[C@@H](OCCN=[N+]=[N-])[C@@H]2OC(=O)c2ccccc2)O[C@@H]1COCc1ccccc1
877,876,O([C@H]1[C@@H]([C@@H](O)[C@H](OC(=O)C)[C@@H]](CN2C(=O)N(C(=O)C3=CC=CC=C3)C(=O)C(C)=C2)O1)N4C(=O)C=5C(C4=O)=CC=CC5)[C@@H]6[C@@H](CN7C(=O)N(C(=O)C8=CC=CC=C8)C(=O)C(C)=C7)O[C@@H](F)[C@@H]([C@H]6O)N9C(=O)C=%10C(C9=O)=CC=CC%10,O([C@H]1[C@@H]([C@@H](O)[C@H](OC(=O)C)[C@@H](CN2C(=O)N(C(=O)C3=CC=CC=C3)C(=O)C(C)=C2)O1)N4C(=O)C=5C(C4=O)=CC=CC5)[C@@H]6[C@@H](CN7C(=O)N(C(=O)C8=CC=CC=C8)C(=O)C(C)=C7)O[C@@H](F)[C@@H]([C@H]6O)N9C(=O)C=%10C(C9=O)=CC=CC%10,False,True,True,1,45,CC(=O)O[C@H]1[C@H](O)[C@@H](N2C(=O)c3ccccc3C2=O)[C@H](O[C@H]2[C@H](O)[C@@H](N3C(=O)c4ccccc4C3=O)[C@H](F)O[C@@H]2Cn2cc(C)c(=O)n(C(=O)c3ccccc3)c2=O)O[C@@H]1Cn1cc(C)c(=O)n(C(=O)c2ccccc2)c1=O
